15	20083741	20083983	37463
15	20084060	20084290	53344
15	20086385	20086627	23010
15	20087477	20087718	60262
15	20090202	20090346	8676
15	20092964	20093085	16601
15	20169885	20170246	83233
15	20170270	20170391	26666
15	20178006	20178127	25477
15	20178387	20178508	33214
15	20217932	20218053	35949
15	20278993	20279384	138136
15	20315921	20316042	23857
15	20316678	20316888	59803
15	20317576	20317697	19456
15	20327303	20327422	97133
15	20328098	20328220	101928
15	20359830	20359971	63447
15	20362642	20363158	300837
15	20363337	20363458	66470
15	20364243	20364469	80316
15	20365384	20365484	48374
15	20365903	20366079	49935
15	20370385	20370486	15236
15	20433869	20434130	71711
15	20444654	20444852	76737
15	20445948	20446095	24543
15	20448087	20448211	22155
15	20450132	20450459	91225
15	20453917	20454097	29363
15	20456629	20456786	54346
15	20457168	20457383	68968
15	20462537	20462704	25393
15	20467084	20467184	22478
15	20487542	20487643	5595
15	20488739	20488950	49077
15	20489316	20489495	44506
15	20490497	20490598	67581
15	20495253	20495466	133762
15	20496591	20496691	17091
15	20535838	20535960	86331
15	20536637	20536759	60029
15	20588525	20588766	20510
15	20613905	20614005	6264
15	20635426	20635527	21686
15	20636295	20636536	69165
15	20641052	20641293	92750
15	20642494	20642735	89986
15	20643835	20644115	117447
15	20644156	20644397	91375
15	20644713	20644954	114055
15	20645689	20645931	140256
15	20648561	20648819	82699
15	20649454	20649696	139964
15	20651084	20651325	98842
15	20657595	20657836	116269
15	20658558	20658799	66435
15	20658822	20659298	168623
15	20659738	20659965	133861
15	20662534	20662775	188360
15	20662788	20663266	302519
15	20663471	20663713	154164
15	20666398	20666639	90368
15	20667550	20667707	41297
15	20668017	20668254	136482
15	20669289	20669389	45396
15	20671447	20671623	78311
15	20682123	20682244	64783
15	20688591	20688772	64319
15	20710618	20710739	41894
15	20721603	20721704	9397
15	20723881	20724108	62345
15	20724244	20724345	37757
15	20725690	20725863	49613
15	20733077	20733178	38532
15	20737959	20738401	314116
15	20738767	20738888	53144
15	20739389	20741038	1328542
15	20741571	20741812	125521
15	20742061	20742183	37367
15	20743461	20743703	164144
15	20743717	20743838	67880
15	20743877	20743999	79908
15	20744993	20745235	127622
15	20746765	20747132	159819
15	20767760	20767881	114320
15	20769481	20769707	149780
15	20770227	20770327	62822
15	20770391	20770632	200961
15	20771384	20771505	60505
15	20771701	20771822	135791
15	20771855	20771976	109464
15	20771988	20772229	146908
15	20773169	20773303	85890
15	20773313	20773513	113369
15	20773666	20773787	50339
15	20774087	20774438	90410
15	20774637	20774765	66559
15	20775741	20775905	66962
15	20776078	20776228	80406
15	20776593	20776714	22803
15	20776955	20777171	66562
15	20777229	20777590	204437
15	20777596	20777838	136722
15	20777850	20778092	111842
15	20810831	20810983	46599
15	20811252	20811361	899
15	20812244	20812344	1105
15	20812444	20812551	710
15	20812740	20812841	2237
15	20813203	20813459	6632
15	20813715	20813942	22151
15	20832063	20832184	42254
15	20832303	20832424	38634
15	20832840	20833942	214572
15	20862975	20863076	10011
15	20867276	20867397	22706
15	20874782	20874974	42594
15	20876441	20876641	29995
15	21008990	21009141	14667
15	21038111	21038211	50168
15	21040704	21040945	75985
15	21042513	21042754	70025
15	21051124	21051365	104987
15	21052334	21052456	72750
15	21053795	21053936	61079
15	21057878	21057999	19488
15	21059359	21059481	47375
15	21061912	21062153	39261
15	21063430	21063556	40002
15	21066336	21066577	97532
15	21066639	21066881	94109
15	21071159	21071650	226631
15	21119387	21119487	26786
15	21122018	21122126	34477
15	21127113	21127247	25670
15	21128490	21128591	6973
15	21129057	21129264	8265
15	21131905	21132006	1413
15	21132048	21132149	2681
15	21134192	21134292	9522
15	21134511	21134707	13167
15	21136551	21136651	23769
15	21137106	21137229	13868
15	21137490	21137651	20398
15	21138009	21138354	48518
15	21139829	21139971	73444
15	21140110	21140211	9893
15	21140763	21140896	8558
15	21224655	21224776	25484
15	21236562	21236804	80346
15	21286182	21286573	127685
15	21321237	21321338	6924
15	21322498	21322658	28634
15	21323294	21323755	117539
15	21324192	21324469	38820
15	21324606	21324761	6211
15	21325192	21325293	3435
15	21325322	21325478	4919
15	21334710	21334832	91644
15	21366435	21366576	64029
15	21369249	21369765	208220
15	21369944	21370065	50415
15	21370943	21371076	60652
15	21902933	21903054	66217
15	21937942	21938063	7343
15	22013121	22013242	22347
15	22015773	22015894	7550
15	22049261	22049361	50012
15	22051856	22052097	77072
15	22053663	22053904	70218
15	22062278	22062519	37852
15	22063488	22063610	66252
15	22064949	22065090	62536
15	22069032	22069153	14989
15	22070513	22070635	55514
15	22073068	22073309	39617
15	22074587	22074709	38388
15	22077496	22077737	107362
15	22077799	22078041	99370
15	22082319	22082810	134288
15	22140236	22140357	30155
15	22148666	22148787	19827
15	22151026	22151149	58529
15	22297446	22297568	24657
15	22297686	22297808	21608
15	22298168	22298290	22157
15	22318954	22319614	45942
15	22332480	22333000	116133
15	22344917	22345278	83487
15	22368565	22369527	159753
15	22382463	22383433	149160
15	22413533	22414386	192710
15	22440294	22440846	48980
15	22448371	22448688	110424
15	22448746	22448846	36515
15	22466022	22466390	122572
15	22466409	22466533	50145
15	22472881	22473253	126758
15	22473269	22473390	36191
15	22482800	22483161	111935
15	22483199	22483320	27656
15	22489929	22490050	9780
15	22566800	22566920	18348
15	22566971	22567092	33801
15	22691010	22691131	81127
15	22705282	22705528	111695
15	22705540	22705782	102189
15	22705788	22706149	165924
15	22706208	22706424	87923
15	22706664	22706785	117171
15	22707150	22707300	109728
15	22707474	22707637	86883
15	22708613	22708741	63004
15	22708940	22709277	119014
15	22709568	22709731	42235
15	22709885	22710085	78899
15	22710095	22710229	77899
15	22711169	22711410	76069
15	22711422	22711543	18237
15	22711587	22711687	20187
15	22711893	22712014	54297
15	22712771	22713007	178062
15	22713072	22713172	59470
15	22713691	22713917	162719
15	22715519	22715640	13681
15	22736226	22736593	190081
15	22738123	22738365	159542
15	22739358	22739480	51772
15	22739519	22739640	92713
15	22739654	22739896	174132
15	22741175	22741297	93496
15	22741546	22741787	133211
15	22742325	22743704	1305336
15	22743981	22744083	28722
15	22744205	22744326	55601
15	22744693	22745135	292453
15	22782195	22782345	16158
15	22833476	22833717	3757
15	22835851	22836002	10525
15	22836053	22836206	11880
15	22840200	22840351	12845
15	22841017	22841138	8284
15	22841964	22842235	5904
15	22845697	22845938	34012
15	22846816	22846967	23103
15	22848223	22848344	9963
15	22848816	22849177	32307
15	22850886	22851127	21238
15	22853670	22853911	17542
15	22854979	22855340	28442
15	22861714	22861955	10850
15	22862877	22863148	15979
15	22864156	22864397	21125
15	22866696	22866817	17254
15	22866834	22867075	25267
15	22867425	22867666	26576
15	22868782	22869023	12269
15	22869897	22870018	21542
15	22872387	22872547	21085
15	22873163	22873284	9545
15	22921548	22921716	12544
15	22925689	22926080	31846
15	22928076	22928227	18291
15	22928368	22928520	11025
15	22929653	22929924	23390
15	22933517	22933668	17348
15	22933690	22933931	17168
15	22935850	22935974	16941
15	22939129	22939280	15937
15	22940662	22940906	18578
15	22944979	22945220	4615
15	22946902	22947143	20922
15	22954141	22954412	17567
15	22955055	22955326	14033
15	22956038	22956634	71012
15	22958142	22958383	25867
15	22960749	22960900	8626
15	22962231	22962352	26762
15	22962430	22962558	9290
15	22963693	22963934	54919
15	22969141	22969382	21545
15	22980073	22980194	10087
15	22989977	22990248	17458
15	22991085	22991236	13201
15	22992938	22993172	14869
15	22997741	22997892	11034
15	22998409	22998530	8311
15	22999246	22999637	18798
15	23000048	23000289	49393
15	23002836	23003077	14930
15	23003160	23003261	3772
15	23006100	23006897	55439
15	23012237	23012478	26230
15	23014421	23014542	3161
15	23019766	23019887	8546
15	23021115	23021386	16542
15	23034206	23034320	1280
15	23043578	23043679	3074
15	23044188	23044289	5446
15	23044354	23044454	8257
15	23044689	23044789	15580
15	23044832	23044932	8084
15	23047169	23047270	4912
15	23048117	23048218	7204
15	23048783	23049384	45334
15	23052523	23052794	20819
15	23060798	23060919	7512
15	23062204	23062355	8666
15	23086224	23086441	706
15	23098342	23098463	28105
15	23105271	23105392	11833
15	23105952	23106071	55311
15	23107175	23107276	18132
15	23108751	23108939	48606
15	23114062	23114163	14581
15	23114189	23114292	22782
15	23128394	23128515	18847
15	23130457	23130644	40108
15	23131798	23132047	41385
15	23138912	23139118	48693
15	23140290	23140430	15338
15	23142428	23142549	19568
15	23145814	23145934	40257
15	23155341	23155462	11085
15	23157832	23158196	84215
15	23194798	23194919	24111
15	23196227	23196348	60044
15	23198471	23198712	46151
15	23200198	23200416	22382
15	23200613	23200790	34090
15	23201488	23201684	58707
15	23205024	23205168	61647
15	23255302	23255423	56222
15	23256996	23257237	78880
15	23257855	23257976	28397
15	23258049	23258170	64074
15	23258300	23258422	78098
15	23259213	23259334	33359
15	23259345	23259586	56994
15	23259612	23259733	68822
15	23259745	23259986	136297
15	23260792	23260913	45656
15	23260936	23261136	79435
15	23261289	23261410	51837
15	23261709	23262568	327638
15	23263231	23263395	58771
15	23263568	23263718	49429
15	23264083	23264204	42971
15	23264503	23265065	142674
15	23265099	23265338	65041
15	23265345	23265588	87158
15	23285292	23285600	71336
15	23286534	23286754	72775
15	23287902	23288163	30979
15	23293216	23293316	38976
15	23293321	23293562	154311
15	23293581	23293748	70487
15	23295540	23295666	56018
15	23295763	23295963	127240
15	23299022	23299121	23357
15	23299627	23299868	89692
15	23299914	23300167	72516
15	23303754	23303995	100708
15	23308514	23308755	27909
15	23309957	23310197	75590
15	23311300	23311577	80834
15	23311618	23311859	69039
15	23312113	23312354	27364
15	23313088	23313330	46482
15	23315973	23316231	76021
15	23316866	23317108	109137
15	23318496	23318737	108781
15	23324998	23325239	144276
15	23325961	23326202	79267
15	23326225	23326701	115176
15	23327141	23327368	135154
15	23329934	23330175	62778
15	23330188	23330667	143386
15	23330872	23331114	135257
15	23333802	23334043	51598
15	23334954	23335111	41179
15	23335421	23335658	85232
15	23336693	23336793	46027
15	23338852	23339028	57897
15	23349563	23349684	73934
15	23356041	23356222	64414
15	23377384	23377519	57636
15	23388398	23388499	77067
15	23390674	23390901	58504
15	23391037	23391138	34454
15	23392484	23392657	31474
15	23399870	23399971	32666
15	23404732	23405174	166598
15	23405541	23405662	51471
15	23406163	23408142	994391
15	23408674	23408915	121543
15	23409164	23409286	59353
15	23410559	23410801	75521
15	23410815	23410936	79501
15	23410975	23411097	36484
15	23412090	23412332	89200
15	23413862	23414013	142590
15	23414089	23414211	43656
15	23435156	23435277	83982
15	23436879	23437105	133880
15	23437625	23437725	48260
15	23437789	23438030	48141
15	23438782	23438903	37725
15	23439110	23439210	79299
15	23439253	23439374	94562
15	23439386	23439627	106533
15	23440567	23440701	75902
15	23440711	23440911	100759
15	23441064	23441227	54934
15	23441485	23441836	186971
15	23442035	23442163	57101
15	23443139	23443303	72830
15	23443476	23443626	4011
15	23443991	23444112	71600
15	23444353	23444569	54552
15	23444627	23444988	93933
15	23444994	23445236	85075
15	23445248	23445490	66881
15	23445507	23445608	16391
15	23445724	23445824	28782
15	23445968	23446068	40131
15	23446725	23446890	7562
15	23448220	23448413	34657
15	23499467	23499588	41275
15	23499707	23499828	38816
15	23500482	23500603	19762
15	23500919	23501160	56287
15	23570537	23570979	295739
15	23571346	23571467	59854
15	23571590	23571692	24950
15	23571968	23573376	431890
15	23573909	23574150	136824
15	23574399	23574521	83862
15	23575799	23576041	188453
15	23576055	23576176	104285
15	23576215	23576337	72522
15	23577330	23577572	110453
15	23579102	23579253	121249
15	23579275	23579397	37658
15	23599955	23600076	81727
15	23601676	23601902	193449
15	23602422	23602522	54206
15	23602586	23602822	159499
15	23603576	23603697	48773
15	23603904	23604004	106739
15	23604047	23604168	84305
15	23604180	23604421	106607
15	23605360	23605494	63108
15	23605504	23605704	105270
15	23605857	23606020	70184
15	23606328	23606644	112977
15	23606843	23606971	62152
15	23607954	23608202	23450
15	23608288	23608438	84457
15	23608809	23608930	49538
15	23609229	23609469	97656
15	23609489	23609790	98377
15	23609824	23610063	67600
15	23610070	23610313	97988
15	23631361	23631461	6763
15	23684651	23685020	83512
15	23685496	23686917	397468
15	23687075	23687316	80397
15	23687564	23687686	42485
15	23688890	23689251	81987
15	23689272	23689393	35593
15	23689571	23689692	24252
15	23690399	23690640	19100
15	23692225	23692346	10819
15	23810910	23813168	278450
15	23820475	23820576	2245
15	23855726	23855827	3094
15	23889088	23892889	367738
15	23931254	23932478	80676
15	24921005	24928594	527724
15	25154453	25154574	10243
15	25200100	25200262	23883
15	25207217	25207368	9817
15	25213040	25213194	17233
15	25219492	25219661	38564
15	25220048	25220148	2717
15	25220459	25220700	30746
15	25221442	25221573	17715
15	25221978	25222219	22857
15	25222842	25223113	24757
15	25223251	25223632	25736
15	25225025	25225266	24075
15	25227086	25227237	3700
15	25230218	25230339	12428
15	25232045	25232166	6362
15	25277543	25277834	34091
15	25287092	25287213	26711
15	25296609	25296730	18257
15	25299342	25299463	18127
15	25301992	25302142	27900
15	25304671	25304792	18493
15	25307465	25307586	19033
15	25310159	25310280	14260
15	25312920	25313041	22198
15	25315564	25315686	23974
15	25318239	25318360	19651
15	25319250	25319371	3448
15	25321060	25321181	12737
15	25322182	25322303	10209
15	25324189	25324310	12052
15	25325273	25325394	21924
15	25326276	25326397	18538
15	25326418	25326539	26617
15	25327672	25328020	91858
15	25328487	25328840	71647
15	25330310	25330431	29915
15	25330516	25330637	22969
15	25331658	25331779	19052
15	25332793	25332914	20184
15	25333935	25334056	17172
15	25335054	25335175	24043
15	25336917	25337038	21375
15	25337107	25337524	82671
15	25339168	25339289	15692
15	25342794	25342915	13473
15	25344632	25344753	8055
15	25346676	25346827	10096
15	25349772	25349893	13782
15	25351617	25351768	14588
15	25415849	25415970	10876
15	25417761	25417882	11167
15	25420053	25420174	17484
15	25421957	25422079	10883
15	25423864	25423985	22597
15	25425623	25425744	16570
15	25427511	25427632	9144
15	25429432	25429553	9233
15	25430757	25430878	16251
15	25432661	25432782	17183
15	25434540	25434661	16796
15	25436542	25436663	21384
15	25438447	25438568	20178
15	25440046	25440167	14942
15	25442701	25442822	21676
15	25444574	25444695	12509
15	25446449	25446570	16994
15	25448353	25448474	18535
15	25449483	25449604	18796
15	25451388	25451509	21444
15	25453208	25453329	16454
15	25455044	25455165	14697
15	25456922	25457043	10806
15	25460667	25460788	15532
15	25463743	25463864	15655
15	25468372	25468493	12138
15	25470329	25470450	14959
15	25472235	25472356	11839
15	25474093	25474214	10623
15	25475964	25476085	13002
15	25477513	25477634	14413
15	25479373	25479494	18095
15	25481211	25481332	19246
15	25483112	25483233	9932
15	25484964	25485085	13908
15	25486872	25486993	11134
15	25488740	25488861	21957
15	25490604	25490725	14758
15	25492471	25492592	14044
15	25494324	25494445	17740
15	25495985	25496106	14738
15	25514906	25515027	11181
15	25523461	25523582	21396
15	25584274	25584465	10860
15	25585182	25585423	22475
15	25599475	25599596	9170
15	25599631	25599872	16588
15	25600999	25601240	14005
15	25601819	25602060	23416
15	25605480	25605721	20647
15	25615674	25616995	113285
15	25620579	25620940	39089
15	25650547	25650678	6398
15	25652187	25652308	10475
15	25653719	25653840	12161
15	25654183	25654304	7787
15	25683635	25683767	415
15	25924176	25924276	4488
15	25924335	25925164	43131
15	25925210	25925481	16432
15	25925917	25926071	25373
15	25926089	25926240	14473
15	25928381	25928652	9125
15	25932761	25933032	23795
15	25936838	25936959	11034
15	25939918	25940309	35216
15	25947003	25947274	36531
15	25953034	25953305	16295
15	25953334	25953457	16827
15	25958803	25959404	140483
15	25961852	25962093	25531
15	25963286	25963557	52913
15	25966748	25967109	44178
15	25968951	25969222	12960
15	25971063	25971283	14265
15	25972268	25972423	8397
15	25981154	25981305	19704
15	26026116	26026387	24927
15	26093592	26093692	3185
15	26107777	26108258	41694
15	26147482	26147723	13476
15	26260465	26260706	15980
15	26788742	26788965	17046
15	26789039	26789140	6231
15	26789400	26789501	6230
15	26789982	26790083	7104
15	26790216	26790317	5494
15	26790407	26790508	4500
15	26790585	26790686	5197
15	26790899	26791000	4040
15	26791088	26791189	5681
15	26791320	26791421	5223
15	26791425	26791767	43174
15	26792557	26792658	3818
15	26792746	26792847	4077
15	26792929	26793291	20515
15	26805989	26806380	67998
15	26812682	26812923	10848
15	26825413	26825654	9865
15	26828458	26828579	7490
15	26866449	26866691	14689
15	26874087	26874187	4447
15	27011083	27011183	5114
15	27017521	27017642	5887
15	27017812	27017933	9089
15	27018014	27018173	181
15	27018770	27018891	1301
15	27061476	27061597	7459
15	27114377	27114498	15106
15	27125932	27126176	16116
15	27128234	27128406	11982
15	27128469	27128714	13546
15	27159929	27160050	10333
15	27182282	27182523	28542
15	27184344	27184599	14341
15	27185017	27185267	24955
15	27188346	27188587	15820
15	27193049	27193410	20943
15	27193433	27193704	22695
15	27216647	27216768	456
15	27222101	27222342	17242
15	27271873	27271994	15930
15	27272697	27272797	16875
15	27567584	27567685	3360
15	27571884	27572245	34102
15	27573932	27574053	19351
15	27574153	27574253	9387
15	27586089	27586210	21077
15	27725353	27725454	9357
15	27725743	27725984	9565
15	27765072	27765313	16261
15	27772555	27772796	37744
15	27773047	27773168	3321
15	27775747	27775868	13752
15	27777705	27778066	70327
15	27890429	27890550	37610
15	28000514	28000635	13798
15	28081728	28081828	3491
15	28090060	28090211	8443
15	28096483	28096634	10369
15	28116290	28116414	6820
15	28116947	28117098	4421
15	28171215	28171456	14176
15	28195621	28195742	4808
15	28196892	28197048	9838
15	28200241	28200392	9797
15	28202656	28202927	17389
15	28211780	28212000	15589
15	28228408	28228679	45391
15	28230150	28230391	6734
15	28231699	28231820	8250
15	28234688	28234839	8632
15	28235666	28235817	6054
15	28259877	28260118	13415
15	28261229	28261350	8164
15	28263471	28263742	20145
15	28267621	28267742	2548
15	28269928	28270079	11411
15	28272959	28273230	20299
15	28277168	28277319	6920
15	28326784	28327030	4765
15	28356434	28356724	41528
15	28356863	28357224	42169
15	28358201	28358442	19663
15	28358680	28358834	7168
15	28359731	28359972	26753
15	28360565	28360697	12200
15	28361756	28362027	19860
15	28362078	28362639	39892
15	28366442	28366593	15889
15	28369160	28369401	14432
15	28370094	28370365	22610
15	28375257	28375498	17485
15	28375603	28375754	10243
15	28377205	28377446	34571
15	28377736	28378007	16647
15	28380609	28380850	13882
15	28386525	28386796	34818
15	28386813	28387054	23152
15	28387340	28387581	46472
15	28387914	28388155	23477
15	28388956	28389421	22142
15	28389763	28390004	19691
15	28391373	28391500	11742
15	28397778	28398019	17227
15	28408184	28408455	18456
15	28412811	28413022	16632
15	28413523	28413764	16034
15	28414594	28414835	29851
15	28419531	28419776	61407
15	28420608	28420849	66042
15	28421508	28421779	55262
15	28421782	28421933	15800
15	28422033	28422304	23336
15	28422548	28422669	6171
15	28423953	28424224	17094
15	28424237	28424388	7152
15	28427537	28427668	7954
15	28431659	28431930	33770
15	28436077	28436216	19343
15	28436246	28436400	9652
15	28437080	28437321	10439
15	28441309	28441550	151882
15	28441569	28441725	46961
15	28443465	28443706	76577
15	28443709	28443950	110786
15	28446589	28446710	22861
15	28447205	28447806	106429
15	28451335	28451576	94501
15	28456098	28456339	63831
15	28457538	28457779	63856
15	28458878	28459128	63283
15	28459168	28459439	65917
15	28459753	28459994	45280
15	28460729	28460977	65781
15	28463604	28463845	52558
15	28465572	28465814	100977
15	28467146	28467387	90553
15	28473338	28473579	93282
15	28474295	28474536	49720
15	28474552	28475028	120511
15	28475458	28475685	100040
15	28478268	28478509	127868
15	28478522	28478995	250912
15	28479201	28479443	193341
15	28482062	28482304	45097
15	28483214	28483373	33545
15	28483681	28483952	101890
15	28490998	28491239	5761
15	28491814	28492085	14879
15	28493668	28493909	12880
15	28499423	28499694	42866
15	28500958	28501473	77624
15	28502185	28502426	53494
15	28505868	28506139	30190
15	28508008	28508369	50057
15	28510754	28510887	13130
15	28510920	28511161	24306
15	28513565	28513806	15196
15	28514336	28514607	15660
15	28515776	28516047	60288
15	28517325	28517566	46674
15	28518030	28518160	39717
15	28519393	28519634	21667
15	28520009	28520161	4829
15	28525202	28525443	18908
15	28537979	28538220	95406
15	28544483	28544724	52817
15	28560816	28560937	16525
15	28566482	28566603	36236
15	28593858	28594300	207935
15	28594667	28594788	50291
15	28595289	28597226	1083442
15	28597759	28598000	123507
15	28598249	28598371	86236
15	28599649	28599891	192755
15	28599905	28600026	127231
15	28600065	28600187	139577
15	28601181	28601423	154232
15	28602953	28603104	93724
15	28603162	28603283	6407
15	28623870	28623991	91708
15	28625591	28625817	197336
15	28626337	28626437	58719
15	28626501	28626737	196462
15	28627493	28627614	28342
15	28627821	28627921	88833
15	28627964	28628085	90645
15	28628097	28628338	127080
15	28629277	28629411	32008
15	28629421	28629621	71841
15	28629774	28629937	97900
15	28630231	28630568	121561
15	28630767	28630895	45285
15	28631874	28632038	67156
15	28632211	28632332	35521
15	28632732	28632853	67428
15	28633152	28633273	40648
15	28633374	28633735	240345
15	28633741	28633983	110153
15	28633995	28634241	126246
15	28634254	28634355	22878
15	28634471	28634571	31874
15	28634715	28634815	45808
15	28650063	28650184	22803
15	28751764	28751885	57614
15	28767685	28767931	118707
15	28767943	28768185	111950
15	28768191	28768552	240491
15	28768653	28768774	40860
15	28769073	28769194	77441
15	28769594	28769715	39334
15	28769889	28770052	71121
15	28771031	28771159	67283
15	28771358	28771695	130763
15	28771988	28772151	103554
15	28772304	28772504	100056
15	28772514	28772648	63232
15	28773587	28773828	123302
15	28773840	28773961	95283
15	28774005	28774105	93898
15	28774311	28774432	33773
15	28775188	28775424	185281
15	28775489	28775589	56376
15	28776108	28776334	74789
15	28777934	28778055	97286
15	28798658	28798780	39288
15	28798820	28798971	135153
15	28800501	28800743	158907
15	28801736	28801858	54619
15	28801897	28802018	94177
15	28802032	28802274	169339
15	28803545	28803667	68502
15	28803916	28804157	114438
15	28804694	28806631	1249987
15	28807132	28807253	52512
15	28807620	28808062	186003
15	28810858	28810958	19727
15	28820174	28820347	38336
15	28821693	28821794	28455
15	28821930	28822157	40494
15	28824343	28824544	103287
15	28835297	28835450	25690
15	28857201	28857382	36934
15	28863733	28863854	71172
15	28874411	28874587	24294
15	28876646	28876746	41160
15	28877782	28878018	140431
15	28878328	28878485	38949
15	28878689	28878931	34342
15	28881618	28881860	176256
15	28882065	28882544	172019
15	28882557	28882798	72621
15	28885364	28885591	111908
15	28886031	28886507	96907
15	28886530	28886771	43195
15	28887493	28887734	133848
15	28893998	28894239	91983
15	28895627	28895869	107337
15	28896504	28896762	79808
15	28899389	28899637	47322
15	28900371	28900612	34461
15	28900618	28900859	22504
15	28900900	28901177	36267
15	28902281	28902522	46495
15	28903719	28903960	38568
15	28908474	28908715	110995
15	28912294	28912609	34068
15	28912654	28912895	20401
15	28913402	28913501	9062
15	28916579	28916680	62920
15	28916684	28916785	62549
15	28916876	28917002	59602
15	28918797	28918963	30248
15	28918982	28919223	153091
15	28924347	28924447	4917
15	28924516	28924777	12042
15	28925918	28926139	68276
15	28927224	28927400	44254
15	28929625	28929726	9118
15	28947066	28947309	88918
15	28947359	28947555	45780
15	28947589	28947891	74263
15	28947910	28948150	44581
15	28948449	28948570	22345
15	28948935	28949085	55399
15	28949259	28949422	41167
15	28950078	28950937	347584
15	28951244	28951365	69706
15	28951517	28951652	65498
15	28951741	28951862	38139
15	28952827	28953068	84190
15	28953080	28953201	54312
15	28953227	28953468	136417
15	28953479	28953600	44862
15	28954391	28954513	77874
15	28954643	28954764	55951
15	28954837	28954958	25517
15	28955571	28955812	120615
15	28957384	28957505	61994
15	28982728	28983076	3372
15	28986255	28986402	67251
15	28989848	28990045	66713
15	28990740	28990917	43535
15	28991119	28991295	18647
15	28992817	28993058	48885
15	28995182	28995303	64203
15	28996612	28996733	21476
15	29034304	29034668	85715
15	29037053	29037174	14951
15	29046576	29046696	41340
15	29049961	29050082	17335
15	29052121	29052221	12942
15	29053393	29053598	36938
15	29060492	29060796	45293
15	29061898	29062084	43444
15	29064035	29064156	21826
15	29078421	29078524	22897
15	29083804	29083904	28253
15	29346051	29347048	106547
15	29363209	29363330	16629
15	29367072	29367223	11438
15	29368214	29368335	20538
15	29385229	29385470	20140
15	29386437	29386558	23838
15	29390674	29390795	11902
15	29393773	29394141	27105
15	29397550	29397791	21297
15	29398764	29399035	20530
15	29400381	29400778	23059
15	29406027	29406268	15500
15	29409209	29409360	19280
15	29410335	29410435	12012
15	29415518	29415879	63048
15	29416865	29416986	1631
15	29418400	29418761	29265
15	29420968	29421089	7192
15	29428515	29428756	23204
15	29429195	29429436	23953
15	29443869	29444110	27764
15	29488572	29488813	13337
15	29525933	29526033	26855
15	29526401	29527089	151704
15	29544571	29544683	2682
15	29560622	29560723	1745
15	29560971	29562034	64897
15	29672671	29672771	8813
15	29673956	29674057	5380
15	29683412	29683513	4917
15	29844315	29844416	5449
15	29862708	29862928	560
15	29992400	29992536	12218
15	29992567	29992790	12281
15	29993005	29993105	10872
15	29993257	29993358	11956
15	29993432	29993604	16724
15	29993754	29993905	15558
15	29996316	29996557	21019
15	29997719	29997960	14042
15	30000700	30001301	38963
15	30002998	30003239	26478
15	30008777	30009052	38314
15	30010176	30010332	13916
15	30010424	30011385	136532
15	30011919	30012280	41840
15	30012525	30012922	29633
15	30018571	30018693	10008
15	30018968	30019209	20261
15	30020120	30020241	5645
15	30024593	30024744	7193
15	30024805	30025046	9756
15	30025286	30025527	19722
15	30026468	30026596	13532
15	30029421	30029662	23822
15	30033525	30033650	4284
15	30034794	30035035	26307
15	30053264	30053535	29321
15	30053766	30054007	20072
15	30054528	30054651	5093
15	30058395	30058786	40755
15	30064256	30064379	10367
15	30065397	30065617	16171
15	30070102	30070223	11637
15	30092815	30092936	8562
15	30112687	30112808	5336
15	30114156	30114277	0
15	30337368	30337519	12087
15	30375218	30375339	79913
15	30376004	30376105	14746
15	30376912	30377093	63346
15	30377760	30377881	32785
15	30377954	30378075	66570
15	30378206	30378327	77450
15	30379118	30379236	36937
15	30379310	30379552	132083
15	30379578	30379699	79154
15	30379711	30380217	131993
15	30380935	30381036	28153
15	30381135	30381269	24843
15	30381421	30381542	61704
15	30381849	30382591	259917
15	30383377	30383541	63185
15	30383714	30383864	44718
15	30384229	30384350	60124
15	30384649	30385211	201975
15	30385245	30385484	59525
15	30385491	30385734	98850
15	30392379	30392479	23482
15	30393164	30393378	56007
15	30394123	30394249	94229
15	30396109	30396211	65336
15	30402496	30402616	41620
15	30406092	30406218	5340
15	30409067	30409211	15634
15	30419865	30419987	32761
15	30423305	30423471	70147
15	30427314	30427435	78069
15	30428100	30428201	34040
15	30429007	30429248	155013
15	30429858	30429979	47392
15	30430052	30430173	69095
15	30430304	30430425	84096
15	30431229	30431330	11128
15	30431410	30431652	131677
15	30431678	30431799	83197
15	30431811	30432317	145246
15	30433037	30433138	39354
15	30433237	30433371	59223
15	30433523	30433644	43486
15	30433951	30434810	312042
15	30435469	30435590	31403
15	30435785	30435935	52873
15	30436300	30436421	45426
15	30436720	30436961	36703
15	30436980	30437279	106995
15	30437314	30437552	98778
15	30437559	30437802	87142
15	30443718	30443819	19274
15	30444490	30444730	35251
15	30445465	30445611	71715
15	30446135	30446313	62294
15	30491461	30491582	31094
15	30502610	30503055	70158
15	30516402	30516523	28946
15	30517090	30517211	16197
15	30653513	30653614	23887
15	30654453	30655055	121006
15	30659611	30659740	17287
15	30663282	30663404	21482
15	30664325	30664567	27108
15	30665143	30665384	76014
15	30669211	30669332	54157
15	30670258	30670358	40677
15	30672484	30672629	17096
15	30675476	30675603	42755
15	30679077	30679197	43260
15	30685454	30685556	51923
15	30687402	30687528	37983
15	30688273	30688487	49795
15	30689172	30689272	22704
15	30695909	30696152	92853
15	30696160	30696399	66369
15	30696433	30696995	154853
15	30697294	30697415	25766
15	30697780	30697930	52036
15	30698104	30698267	37100
15	30698924	30699288	91786
15	30699425	30699786	222318
15	30700102	30700203	63082
15	30700390	30700564	68068
15	30701743	30701918	75459
15	30701930	30702051	61826
15	30702095	30702195	10154
15	30702197	30702319	25779
15	30703300	30703422	88186
15	30703552	30703673	64091
15	30703745	30703866	27579
15	30704470	30704711	101223
15	30706280	30706401	48232
15	30762981	30763593	2800
15	30766558	30766732	82444
15	30769961	30770062	40626
15	30770896	30771017	36950
15	30771220	30771396	21600
15	30772906	30773110	37084
15	30775263	30775384	62432
15	30776683	30776804	26525
15	30799808	30800157	61690
15	30801254	30801426	58250
15	30804849	30804998	59651
15	30805817	30805918	45610
15	30808263	30808364	21432
15	30808673	30808815	64010
15	30809140	30810022	403456
15	30810405	30810600	45987
15	30844243	30844364	61812
15	30845933	30846174	89770
15	30846779	30846900	29413
15	30846972	30847093	50041
15	30847223	30847345	74659
15	30848134	30848252	32043
15	30848326	30848448	54306
15	30848451	30848551	110590
15	30848594	30848715	102411
15	30848727	30848903	123300
15	30849946	30850047	42128
15	30850079	30850254	52735
15	30850432	30850553	31748
15	30850860	30851221	192436
15	30851358	30851722	76637
15	30852378	30852499	20040
15	30852715	30852865	28343
15	30853230	30853351	35835
15	30853650	30854212	223948
15	30854246	30854485	48388
15	30854493	30854736	83924
15	30861376	30861476	26829
15	30862161	30862375	56357
15	30863120	30863246	93335
15	30865117	30865219	31347
15	30871482	30871602	42950
15	30875078	30875204	20895
15	30878053	30878197	31127
15	30880323	30880423	36929
15	30888840	30888962	32479
15	30892279	30892445	112089
15	30896291	30896412	35261
15	30897984	30898225	109312
15	30898832	30898953	41086
15	30899026	30899147	63848
15	30899278	30899399	82580
15	30900190	30900308	33868
15	30900382	30900624	115053
15	30900650	30900771	71724
15	30900783	30901024	79440
15	30902001	30902102	40317
15	30902201	30902335	48445
15	30902487	30902608	59622
15	30902915	30903777	347418
15	30904439	30904603	54321
15	30904776	30904926	84730
15	30905291	30905412	50405
15	30905648	30906273	216774
15	30906307	30906794	167741
15	30918403	30918576	6755
15	30918870	30919207	41686
15	30922879	30923000	11169
15	30925679	30925800	20936
15	30926318	30926679	49626
15	30927243	30927484	27817
15	30927640	30927882	29777
15	30930920	30931041	11408
15	30931908	30932033	13027
15	30936823	30936949	29460
15	30939843	30939944	13149
15	31040775	31040876	8222
15	31042562	31042804	62228
15	31060051	31060159	935
15	31082481	31082582	820
15	31085493	31085613	54453
15	31086489	31086589	52437
15	31086759	31086860	52958
15	31087957	31088058	26464
15	31089513	31089767	66700
15	31089920	31090041	33718
15	31090381	31090622	89543
15	31090817	31090972	59236
15	31091875	31092126	71399
15	31092212	31092362	44323
15	31092727	31092848	40994
15	31093026	31093708	221198
15	31093736	31094074	88170
15	31105258	31105358	21560
15	31107472	31107593	30743
15	31110190	31110311	12172
15	31114834	31114955	16914
15	31119979	31120100	8909
15	31128458	31128579	10172
15	31128914	31129155	46997
15	31174792	31174913	30958
15	31196792	31198143	77627
15	31198632	31198733	6847
15	31200269	31200510	14395
15	31202776	31203044	26518
15	31206026	31206304	13789
15	31210281	31210552	29386
15	31212738	31212866	10442
15	31214346	31214617	38524
15	31217260	31217531	28340
15	31217915	31218186	21721
15	31220716	31220869	10581
15	31221381	31221622	22474
15	31222688	31222929	7473
15	31229239	31229510	12975
15	31232973	31233074	4837
15	31233080	31233181	5166
15	31233500	31233601	7079
15	31233612	31234333	58233
15	31235062	31235276	27536
15	31238878	31238999	8405
15	31239260	31239537	28718
15	31240468	31240709	10103
15	31244144	31244265	5877
15	31245738	31245859	4640
15	31246909	31247124	14529
15	31251048	31251169	12080
15	31251219	31251340	12364
15	31253026	31253286	23499
15	31260106	31260227	12142
15	31266466	31266707	17899
15	31267108	31267229	9695
15	31268966	31269209	24909
15	31282948	31283069	13519
15	31283618	31283739	15448
15	31293987	31295308	178040
15	31318256	31318527	15215
15	31319097	31319338	30344
15	31320455	31320726	21138
15	31321497	31321634	3885
15	31323151	31323392	20437
15	31324836	31325197	33346
15	31327661	31327932	20694
15	31329858	31330099	41767
15	31330186	31330427	31503
15	31332311	31332559	22799
15	31334084	31334456	38841
15	31338360	31338481	2677
15	31339262	31339503	35244
15	31340055	31340176	11226
15	31341523	31341764	13863
15	31342493	31342858	46520
15	31352705	31352857	11389
15	31353619	31353740	10365
15	31354722	31354963	9967
15	31355286	31355527	13261
15	31357198	31357369	8819
15	31358213	31358484	34054
15	31359234	31359447	25127
15	31360037	31360308	34734
15	31362035	31362451	38357
15	31362625	31362746	7664
15	31369054	31369197	8205
15	31369457	31369558	7655
15	31618966	31619147	312
15	31619404	31620006	1455
15	31664176	31664537	13909
15	31664647	31664871	23761
15	31666176	31666277	10617
15	31666691	31666842	11514
15	31666991	31667237	18023
15	31668293	31668425	10295
15	31668799	31668900	8361
15	31669032	31669132	8793
15	31669540	31669641	68610
15	31669706	31669806	34421
15	31669839	31670117	27998
15	31746197	31746348	11812
15	31775487	31776983	65995
15	31779347	31779498	11886
15	31779590	31779831	17971
15	31793846	31794087	17529
15	31795836	31796077	15654
15	31818486	31818727	24199
15	31819326	31819567	19011
15	31822899	31823021	14782
15	31851109	31851400	14547
15	31862159	31862430	24228
15	31947252	31947494	62658
15	31966935	31967042	9285
15	32058687	32058808	32237
15	32058928	32059049	20741
15	32059168	32059289	26222
15	32162887	32162987	1
15	32322763	32322939	1000
15	32323019	32323290	16588
15	32393466	32393617	3462
15	32403981	32404110	11188
15	32404437	32404564	22393
15	32446086	32446207	62798
15	32449771	32450012	23611
15	32450588	32450830	44301
15	32451751	32451873	13444
15	32455417	32455546	1190
15	32460098	32460700	190159
15	32460903	32461105	26228
15	32461193	32461348	25823
15	32461460	32461560	18193
15	32461643	32461743	25168
15	32461878	32462021	15885
15	32462289	32462545	49020
15	32462926	32463027	13133
15	32463238	32463345	10697
15	32463446	32463546	12668
15	32464540	32464649	47173
15	32464709	32464810	29652
15	32605880	32606001	33994
15	32606568	32606689	20877
15	32607138	32607259	24932
15	32620042	32620403	41551
15	32631512	32631657	25746
15	32634799	32634900	14899
15	32676504	32676619	40884
15	32677143	32677289	64399
15	32678024	32678264	123845
15	32678935	32679036	13743
15	32684949	32685192	80268
15	32685199	32685438	109200
15	32685472	32685772	54800
15	32685790	32686031	58724
15	32686330	32686448	27016
15	32686813	32686963	30981
15	32687137	32687279	62691
15	32687937	32688796	375245
15	32689103	32689224	44306
15	32689376	32689511	35194
15	32689610	32689711	38341
15	32690694	32690935	102984
15	32690947	32691068	76888
15	32691094	32691336	124815
15	32691410	32691528	37597
15	32692319	32692440	61139
15	32692571	32692692	46070
15	32692765	32692886	32049
15	32693495	32693736	89651
15	32695310	32695431	57542
15	32699276	32699443	118458
15	32702760	32702882	39470
15	32711937	32712038	9267
15	32713811	32713956	23370
15	32716800	32716927	38825
15	32720403	32720523	42223
15	32726788	32726890	63378
15	32728751	32728877	90645
15	32729622	32729836	54758
15	32730521	32730621	25075
15	32737273	32737516	90752
15	32737524	32737763	65228
15	32737797	32738359	103761
15	32738659	32738780	76505
15	32739145	32739295	52632
15	32739469	32739632	76041
15	32740289	32740653	122393
15	32740790	32741151	186528
15	32741458	32741579	39866
15	32741758	32741932	61895
15	32743113	32743223	36877
15	32743300	32743421	75459
15	32743465	32743565	91988
15	32743567	32743689	47517
15	32743770	32743871	25320
15	32744670	32744792	53813
15	32744922	32745043	44168
15	32745115	32745236	28245
15	32745842	32746083	111191
15	32747652	32747773	55317
15	32781470	32781665	39585
15	32782048	32782930	379880
15	32783255	32783397	30163
15	32783706	32783807	46986
15	32786201	32786302	52080
15	32787122	32787271	57499
15	32790695	32790867	54690
15	32792048	32792313	63689
15	32815313	32815434	22364
15	32816737	32816858	64008
15	32819013	32819216	51360
15	32820732	32820907	29165
15	32821110	32821231	23110
15	32822066	32822167	36624
15	32825395	32825569	83591
15	32828534	32828884	358
15	32828898	32829127	5426
15	32885717	32885838	83623
15	32887407	32887648	69893
15	32888254	32888375	32165
15	32888447	32888568	66401
15	32888698	32888820	77766
15	32889801	32889923	47996
15	32889926	32890026	99845
15	32890069	32890190	80523
15	32890268	32890378	9536
15	32891420	32891521	25706
15	32891553	32891728	59827
15	32891906	32892027	38603
15	32892334	32892695	187565
15	32892832	32893196	110307
15	32893853	32894017	70751
15	32894190	32894340	56338
15	32894705	32894826	44172
15	32895125	32895687	222218
15	32895721	32895960	64388
15	32895968	32896211	90741
15	32908353	32908596	39678
15	32912282	32912403	14957
15	32915679	32915800	21655
15	32916319	32916680	46728
15	32917241	32917482	26116
15	32917638	32917880	31576
15	32920900	32921021	11978
15	32921758	32921999	22676
15	32925123	32925364	19032
15	32926124	32926252	3214
15	32927925	32928166	17065
15	32928380	32930091	116158
15	32930931	32931031	9708
15	32931150	32931251	13380
15	32935725	32936054	32700
15	32971920	32972161	15046
15	32976692	32976933	12562
15	32983876	32984102	33948
15	32988701	32988822	1865
15	33010054	33010155	0
15	33010195	33010739	8169
15	33022867	33026871	376399
15	33066471	33066592	10661
15	33069011	33069137	9747
15	33090958	33091199	23692
15	33096446	33096567	14430
15	33149200	33149321	11933
15	33180311	33180552	13654
15	33191003	33191124	7851
15	33192131	33192372	18012
15	33194055	33194296	8457
15	33200664	33200794	15211
15	33202644	33202765	4739
15	33218357	33218478	13846
15	33256138	33256502	38052
15	33260887	33261744	80916
15	33300184	33300305	5213
15	33315365	33315465	6523
15	33357095	33357336	36758
15	33358677	33360118	147944
15	33380507	33380607	12399
15	33380999	33381175	20975
15	33411449	33411569	11000
15	33443398	33443639	19221
15	33445220	33447141	191804
15	33527928	33528169	12143
15	33528749	33528870	11768
15	33529100	33529221	11078
15	33533705	33533826	5129
15	33534319	33534440	6113
15	33534871	33534992	17033
15	33536410	33536531	9072
15	33537127	33537248	5907
15	33537459	33537700	15481
15	33537897	33538138	11591
15	33538294	33538415	9651
15	33538725	33538846	5579
15	33603201	33603331	2046
15	33713035	33713136	8675
15	33757818	33758028	35540
15	33765490	33765799	23292
15	33795764	33796005	29352
15	33803616	33803717	14496
15	33822402	33822502	3159
15	33822768	33822889	6950
15	33825489	33825610	8548
15	33831485	33831726	13062
15	33832980	33833101	14858
15	33835808	33835929	20632
15	33840306	33840427	6002
15	33842317	33842558	10674
15	33855003	33855244	13571
15	33858818	33859059	33961
15	33872139	33872380	10879
15	33873655	33873896	19661
15	33876582	33876703	5526
15	33878136	33878377	48606
15	33893565	33893806	65010
15	33895263	33895624	38019
15	33905358	33905599	30491
15	33915994	33916235	13234
15	33920602	33920843	49685
15	33922071	33922312	15790
15	33923391	33923512	12598
15	33925108	33925349	18949
15	33926739	33926980	33647
15	33927796	33928037	10626
15	33928542	33928783	35840
15	33936494	33936735	30376
15	33938518	33938759	17609
15	33939581	33939702	13371
15	33941233	33941474	14013
15	33944880	33945121	29219
15	33951902	33952023	13256
15	33952329	33952690	18737
15	33954330	33955171	77939
15	33955716	33955957	16624
15	33961484	33961725	20544
15	33962507	33962776	36718
15	33988374	33988735	17062
15	33990018	33990259	35652
15	33991848	33992089	24736
15	33993108	33993349	25728
15	33999090	33999307	14848
15	34014884	34015125	10360
15	34016200	34016441	31422
15	34018525	34018766	21123
15	34021021	34021262	34057
15	34023603	34023964	50962
15	34028419	34028540	15404
15	34030599	34030840	21476
15	34031993	34032234	33719
15	34034544	34034672	10707
15	34038252	34038373	7574
15	34040266	34040507	19562
15	34040638	34040759	7687
15	34042156	34042277	13929
15	34042304	34042545	19135
15	34047202	34047443	16318
15	34048479	34048600	8841
15	34049615	34049856	39469
15	34060822	34060945	20845
15	34061281	34061402	7388
15	34064058	34064419	31570
15	34065714	34065835	7205
15	34072355	34072596	9489
15	34077841	34078202	43149
15	34080355	34080718	25936
15	34092953	34093074	14220
15	34094054	34094177	9580
15	34094230	34094351	7660
15	34099701	34099822	25317
15	34102643	34102884	21606
15	34103147	34103268	4117
15	34105008	34105249	17425
15	34105602	34105843	20565
15	34109049	34109170	6338
15	34110710	34110951	20368
15	34111921	34112043	17783
15	34112923	34113044	10189
15	34113459	34113580	9535
15	34113702	34113823	10038
15	34115173	34115294	9992
15	34117777	34117900	10244
15	34118400	34118521	21667
15	34118851	34118972	13866
15	34119382	34119503	9245
15	34123106	34123347	22005
15	34127099	34127340	26613
15	34129057	34129207	25091
15	34129774	34131215	144296
15	34132993	34133114	6033
15	34134029	34134270	16222
15	34135670	34135791	12594
15	34137041	34137282	41901
15	34140435	34140676	5941
15	34145205	34145326	19213
15	34145698	34145939	20628
15	34146558	34146679	10373
15	34146918	34147159	18913
15	34149926	34150167	24432
15	34151732	34151973	62138
15	34152766	34152887	10875
15	34153207	34153448	33447
15	34156303	34156424	10520
15	34157318	34157439	14366
15	34157908	34158052	7203
15	34158231	34158332	5984
15	34158750	34158991	31053
15	34159604	34160115	58417
15	34163080	34163241	10670
15	34168099	34168220	8103
15	34295200	34295441	23548
15	34330918	34331258	0
15	34354876	34357296	282364
15	34370697	34370797	4192
15	34376285	34376407	9834
15	34376489	34376730	26443
15	34380232	34380353	2864
15	34382465	34382706	14480
15	34388004	34388275	13256
15	34393771	34394050	15475
15	34394723	34398470	205049
15	34433404	34433554	8848
15	34433669	34433769	6206
15	34433939	34434139	17071
15	34434256	34434445	14471
15	34434494	34434615	19120
15	34437584	34437705	15771
15	34438945	34439066	6778
15	34439384	34439505	6661
15	34439544	34439695	7996
15	34440796	34441011	15876
15	34444919	34445310	41665
15	34446803	34446924	12963
15	34455697	34455938	23070
15	34517297	34517418	8115
15	34517672	34517913	48589
15	34519849	34520090	21859
15	34520588	34520829	25564
15	34521880	34522131	23011
15	34522148	34522319	9080
15	34522820	34523028	16364
15	34524833	34524933	5720
15	34524948	34525049	3344
15	34525892	34525993	14035
15	34526066	34526187	11649
15	34527327	34527568	47182
15	34528186	34528427	38611
15	34528899	34529026	13166
15	34529564	34529805	50890
15	34530396	34530637	15990
15	34531112	34531383	11951
15	34532824	34533065	20120
15	34533424	34533548	14815
15	34534241	34534482	10311
15	34536132	34536283	2946
15	34537423	34537664	14283
15	34537829	34538100	14432
15	34542466	34542587	6858
15	34542789	34542940	6234
15	34543057	34543298	20078
15	34544356	34544597	12757
15	34546458	34546849	21623
15	34547376	34547647	19221
15	34548395	34548516	10813
15	34549764	34550035	15581
15	34550958	34551199	40660
15	34553112	34553233	9403
15	34567506	34567627	4545
15	34610699	34610940	35462
15	34618138	34618238	6951
15	34628564	34628925	28375
15	34634117	34634358	26714
15	34635186	34635307	19099
15	34638167	34638288	10423
15	34640160	34640888	43238
15	34642847	34643088	35543
15	34645853	34646124	28599
15	34646608	34646969	33210
15	34647158	34647399	27861
15	34647669	34649710	129121
15	34649718	34649839	13642
15	34651107	34651208	4473
15	34651294	34651535	15710
15	34651746	34651987	22865
15	34652269	34652420	7788
15	34653515	34653786	29601
15	34654357	34654579	31900
15	34654753	34654874	6151
15	34654918	34655069	10437
15	34655548	34655699	17721
15	34655829	34655950	11584
15	34656152	34656303	13143
15	34656346	34656517	14493
15	34657197	34657439	19023
15	34657679	34657950	20105
15	34659178	34659311	3385
15	34671275	34671468	13978
15	34671746	34671847	4716
15	34672025	34672125	5003
15	34672164	34672329	4885
15	34673002	34673102	13149
15	34673249	34673349	18839
15	34673465	34673566	24750
15	34673591	34673832	113058
15	34673858	34674096	41401
15	34674147	34674490	77369
15	34674531	34674778	80834
15	34674957	34675305	95242
15	34675624	34675745	37008
15	34675879	34676120	58920
15	34676143	34676264	48108
15	34677182	34677556	104595
15	34677590	34677711	52842
15	34677898	34678019	25257
15	34678762	34679003	62685
15	34679069	34679169	42397
15	34679972	34680213	86617
15	34681807	34681928	33145
15	34697121	34697256	80211
15	34698198	34698299	17090
15	34702679	34702799	15142
15	34781814	34781935	3643
15	34782372	34782493	13047
15	34786735	34786856	7341
15	34787215	34787336	3040
15	34812805	34812928	54307
15	34813781	34813913	29720
15	34817296	34817396	3349
15	34817418	34817682	13944
15	34817965	34818066	4274
15	34818244	34818344	4845
15	34818400	34818550	3879
15	34819223	34819323	14254
15	34819470	34819570	15700
15	34819686	34819787	11594
15	34819812	34820053	20015
15	34820079	34820317	18789
15	34820368	34820711	72338
15	34820752	34820999	86654
15	34821178	34821526	102626
15	34821845	34821966	37344
15	34822100	34822341	62919
15	34822364	34822485	49126
15	34823403	34823777	117365
15	34823811	34823932	67483
15	34824119	34824240	35362
15	34824983	34825224	119239
15	34825290	34825390	40934
15	34826193	34826434	78083
15	34828028	34828149	33231
15	34848901	34849021	19002
15	35044644	35045605	92926
15	35046592	35046747	18447
15	35082402	35082804	36365
15	35083254	35083507	22749
15	35084265	35084506	25684
15	35084538	35084809	30650
15	35085426	35085787	50839
15	35086823	35087064	25438
15	35148968	35149329	74822
15	35152233	35152366	14550
15	35155033	35155274	15522
15	35159706	35159827	8899
15	35162916	35163157	32231
15	35165963	35166234	17041
15	35166820	35167091	23353
15	35168110	35168231	8112
15	35174693	35174891	10373
15	35176709	35176950	14145
15	35178643	35178914	20445
15	35182406	35182535	8028
15	35185854	35185984	16474
15	35189077	35189198	3382
15	35189681	35189952	34781
15	35192762	35193123	32955
15	35196500	35196741	34336
15	35198708	35198949	33716
15	35202303	35202544	23255
15	35207188	35207409	17664
15	35210397	35210638	12033
15	35212522	35212645	3075
15	35219226	35219349	6475
15	35222449	35222582	6714
15	35224455	35224696	12180
15	35226742	35226863	8190
15	35230884	35231035	24549
15	35233058	35233210	20196
15	35234185	35234306	8886
15	35235258	35235619	19147
15	35236437	35236678	14149
15	35240403	35240644	11536
15	35245042	35245163	11704
15	35252933	35253054	3251
15	35256401	35256522	7870
15	35261715	35261836	2640
15	35271269	35271470	11763
15	35271754	35271995	20948
15	35273516	35275692	188271
15	35376361	35376812	102116
15	35376968	35377089	24988
15	35377235	35377356	10037
15	35385358	35385479	10401
15	35529337	35529437	8835
15	35529727	35530264	88518
15	35590581	35591017	63688
15	35621942	35622043	6071
15	35664316	35664437	4327
15	35664457	35664565	4399
15	35665704	35665825	6232
15	35674008	35674129	4562
15	35703005	35703126	11200
15	35742823	35743064	15937
15	35746923	35747044	3704
15	35757376	35757476	4368
15	35799019	35799119	10686
15	35811837	35811937	4215
15	35814265	35814506	17325
15	35830450	35830691	28852
15	35834599	35834720	2563
15	35838269	35838390	3947
15	36872050	36872171	12396
15	36887152	36887252	7937
15	36936440	36936561	18907
15	36936889	36936990	10884
15	36937394	36937515	6216
15	36946267	36946388	16823
15	36950019	36950140	10446
15	36983312	36983520	9013
15	36983863	36983985	4341
15	36984290	36984411	10869
15	36989496	36989617	19541
15	37001395	37001516	4811
15	37001988	37002229	25665
15	37019559	37019659	5526
15	37026503	37026624	19188
15	37100468	37100894	24840
15	37100906	37101007	8496
15	37109667	37109988	99334
15	37110465	37110706	17820
15	37183213	37183579	17852
15	37183665	37183831	7956
15	37183870	37183971	7338
15	37184039	37184276	14055
15	37184288	37184696	24400
15	37186915	37187043	23842
15	37187315	37187472	2481
15	37188796	37188952	13885
15	37196579	37196679	3564
15	37242501	37242622	15558
15	37327533	37327634	6237
15	37328966	37329207	21849
15	37329987	37330087	2202
15	37338026	37338126	7359
15	37338138	37338251	5060
15	37374253	37374441	16891
15	37375907	37376148	13226
15	37385735	37385976	22111
15	37386691	37386812	10798
15	37387698	37387849	9439
15	37388439	37388696	7780
15	37390158	37390410	45680
15	37391246	37391452	3859
15	37391600	37391800	15977
15	37392588	37392746	42122
15	37402381	37402502	11190
15	38228473	38228714	13790
15	38228988	38229229	23337
15	38229480	38229631	17862
15	38230333	38230454	3399
15	38233286	38233437	13418
15	38233810	38233961	9682
15	38234362	38234513	13156
15	38235509	38235630	7367
15	38239815	38239936	4837
15	38243214	38243455	13987
15	38258784	38258885	10525
15	38545172	38545276	1601
15	38545341	38545462	9463
15	38590719	38590819	4051
15	38591479	38591780	54554
15	38614374	38614645	34468
15	38616925	38617046	14553
15	38631865	38632136	32737
15	38641582	38641734	9923
15	38643178	38643899	67715
15	38643908	38644009	10454
15	38644097	38644293	13500
15	38644342	38644522	10455
15	38644607	38644758	15853
15	38645214	38645440	13372
15	38645532	38645665	11289
15	38645794	38645894	7842
15	38646042	38646222	14066
15	38746336	38746457	10088
15	38756184	38756425	27078
15	38757415	38757656	19946
15	38762395	38762636	15277
15	38765684	38765805	4178
15	38766319	38766560	15817
15	38773443	38773804	33003
15	38776441	38776870	13311
15	38781752	38781852	7185
15	38782208	38782308	6695
15	38782700	38782941	24520
15	38786534	38787015	30723
15	38790949	38791190	29896
15	38792260	38792392	6124
15	38793294	38793535	11945
15	38794446	38794687	14040
15	38795403	38795644	14589
15	38798019	38798140	9021
15	38799906	38800244	32422
15	38803741	38803982	41033
15	38804949	38805190	12796
15	38808353	38808594	37962
15	38810437	38810678	16654
15	38811476	38811631	12321
15	38818427	38818668	14942
15	38851992	38852233	25365
15	38856750	38856871	673
15	38988753	38988994	35164
15	38990329	38990761	16244
15	38991984	38992085	16109
15	39544281	39547049	173956
15	39874000	39874151	6234
15	39874342	39874973	46953
15	39875764	39875915	4357
15	39876167	39876408	40808
15	39876440	39876681	18499
15	39877656	39877777	17735
15	39879513	39879754	8741
15	39880209	39880450	25741
15	39880692	39880933	25729
15	39881098	39881598	40943
15	39881993	39882234	24090
15	39882707	39882834	11984
15	39883350	39883591	25627
15	39883643	39883884	37220
15	39884759	39885013	19569
15	39885191	39885438	22608
15	39885522	39885913	44680
15	39886287	39886408	14314
15	39886450	39886691	33596
15	39887505	39887626	8410
15	39893042	39893163	4299
15	39894500	39894601	6404
15	39909889	39910490	53222
15	39922249	39922350	5714
15	39996305	39996405	4547
15	40005630	40005833	25571
15	40018747	40018988	11913
15	40030255	40030412	15301
15	40031806	40032047	21356
15	40033992	40034113	5112
15	40056007	40056128	1111
15	40057748	40057989	46592
15	40062598	40062839	30422
15	40063243	40063463	10553
15	40063925	40064108	11903
15	40065328	40065494	10414
15	40066661	40066864	11147
15	40067538	40067645	8190
15	40068541	40068782	14539
15	40068904	40069041	7441
15	40069610	40069724	8888
15	40072226	40072448	17038
15	40074849	40074967	1079
15	40093292	40094493	94340
15	40099151	40099475	23918
15	40212020	40212261	25955
15	40226280	40226553	1929
15	40231670	40231828	6337
15	40235573	40235724	11266
15	40241271	40241512	47214
15	40246007	40246195	11536
15	40247773	40248014	15909
15	40253921	40254162	13210
15	40257844	40258085	26961
15	40259481	40260112	58357
15	40265099	40265225	12502
15	40265750	40265991	21293
15	40268558	40269069	15109
15	40270252	40270373	7638
15	40277986	40278107	23409
15	40280123	40280364	22429
15	40282464	40282588	18684
15	40284341	40284462	7497
15	40284948	40285069	9507
15	40289154	40289276	9464
15	40290897	40291018	6684
15	40293095	40293486	45206
15	40294860	40295011	13346
15	40295333	40295574	43054
15	40299150	40299301	15619
15	40300190	40300431	25518
15	40301751	40301992	27849
15	40303423	40303574	12874
15	40308636	40308907	16785
15	40309254	40309495	30728
15	40311284	40311411	17567
15	40313042	40313283	23072
15	40314701	40314822	10753
15	40318168	40318300	7131
15	40321574	40321695	17543
15	40322547	40322668	10129
15	40324312	40324463	18364
15	40324918	40325039	14741
15	40326434	40326705	24812
15	40327165	40327316	3649
15	40328417	40328774	57596
15	40329141	40329262	4494
15	40329485	40329586	10653
15	40330473	40330605	7190
15	40331021	40331172	8283
15	40331244	40331365	11391
15	40357855	40358270	29409
15	40380250	40380350	5201
15	40381248	40381349	8490
15	40382097	40382198	3471
15	40382549	40382649	19965
15	40383307	40383407	7172
15	40383714	40383815	4321
15	40383947	40384099	11253
15	40396309	40396580	21537
15	40397930	40398321	35246
15	40400448	40400548	16763
15	40453347	40453498	3872
15	40457204	40457445	32397
15	40462231	40462352	17306
15	40462688	40462929	28485
15	40468654	40468895	22174
15	40475878	40476119	14949
15	40477351	40477592	16521
15	40477706	40477857	16853
15	40488709	40488985	15422
15	40491806	40491938	4959
15	40492381	40492622	21508
15	40493065	40493216	10491
15	40494574	40494695	10749
15	40494751	40494905	9581
15	40498340	40498701	42590
15	40500783	40501024	14386
15	40501754	40502025	18142
15	40502299	40502421	2005
15	40504623	40504894	22072
15	40505482	40505723	20793
15	40509631	40509902	19777
15	40510647	40510773	14652
15	40512741	40512982	20510
15	40522386	40522486	3575
15	40532790	40532891	5451
15	40543078	40543221	6670
15	40543751	40543852	7669
15	40544431	40544792	9578
15	40544837	40545099	16218
15	40556937	40557208	7883
15	40558008	40558729	71236
15	40564342	40564973	95485
15	40564982	40565253	34446
15	40565458	40565934	41900
15	40566258	40566529	33891
15	40568060	40568331	28509
15	40568347	40568461	10021
15	40568489	40568589	8351
15	40568679	40568880	11027
15	40569543	40569697	12667
15	40573648	40574787	4113
15	40580896	40581137	23763
15	40581454	40581575	11391
15	40582198	40582319	23899
15	40582734	40582885	9583
15	40582938	40583059	6191
15	40583180	40583888	18290
15	40584026	40584147	9424
15	40584250	40584371	12129
15	40584530	40584654	5304
15	40585085	40585236	14383
15	40585691	40585962	22068
15	40586422	40586663	19000
15	40587077	40587318	22702
15	40587382	40587503	9266
15	40588483	40588604	7904
15	40588648	40588845	8468
15	40588906	40589147	15751
15	40589672	40589823	7475
15	40590057	40590178	10273
15	40590351	40590622	35904
15	40590714	40590955	46393
15	40590960	40591201	32120
15	40591317	40591439	8895
15	40593751	40593851	3880
15	40594104	40594255	5314
15	40594272	40594423	7062
15	40594449	40594570	8372
15	40594588	40594859	22241
15	40595431	40595582	11094
15	40596179	40596300	7164
15	40599740	40599891	9349
15	40616256	40616718	600
15	40623884	40623985	5793
15	40626300	40626401	8289
15	40627298	40627929	31213
15	40627944	40628065	8955
15	40628728	40628879	24615
15	40628896	40629047	10113
15	40629475	40629677	16604
15	40629888	40630129	9648
15	40630240	40630364	9769
15	40630677	40631285	83297
15	40631675	40631830	6318
15	40632069	40632226	8948
15	40632959	40633200	21036
15	40645413	40645513	5995
15	40646498	40646599	15633
15	40648265	40648577	2624
15	40650417	40650678	1034
15	40655779	40656170	28881
15	40656380	40656803	33446
15	40656975	40657216	15182
15	40657260	40657531	15146
15	40657786	40657937	10500
15	40659221	40662558	280843
15	40675019	40675535	55252
15	40678477	40678748	20204
15	40679322	40679443	11640
15	40681697	40681822	3050
15	40682022	40682143	10309
15	40683663	40683784	10630
15	40684095	40684246	12002
15	40685351	40685472	14504
15	40685582	40685853	59721
15	40697979	40698220	65794
15	40699820	40699941	14061
15	40700072	40700223	26998
15	40702790	40703031	17861
15	40703414	40703565	14117
15	40703700	40703941	25665
15	40705146	40705297	8818
15	40707043	40707194	16705
15	40707549	40707700	9478
15	40708267	40708391	12978
15	40708433	40708584	23555
15	40710274	40710515	45276
15	40726033	40726133	8272
15	40733288	40733425	0
15	40750628	40752105	110531
15	40754030	40754541	69708
15	40756018	40756259	17213
15	40756646	40756767	7514
15	40757522	40757644	22018
15	40758083	40758451	27521
15	40758696	40758839	10266
15	40759113	40759353	7906
15	40759512	40759612	26792
15	40759912	40760013	7802
15	40760043	40760143	6990
15	40760198	40760439	14295
15	40763376	40765363	171010
15	40773041	40773162	27300
15	40824449	40824549	8150
15	40845906	40846007	4929
15	40846160	40846367	10030
15	40849341	40849612	15338
15	40854887	40855278	34334
15	40856880	40857031	15196
15	40861478	40862190	89466
15	40863769	40864130	32074
15	40865671	40866512	87603
15	40866549	40866650	17680
15	40895085	40895206	4085
15	40897266	40897387	12989
15	40898559	40898680	7155
15	40901014	40901135	2945
15	40902407	40902528	4192
15	40903642	40903742	1581
15	40907496	40907617	17670
15	40911121	40911272	5575
15	40912816	40917964	317330
15	40920215	40920456	20724
15	40920781	40920902	11308
15	40921428	40921579	10651
15	40933046	40933287	11651
15	40937178	40937299	8823
15	40937790	40938031	14304
15	40939167	40939288	15419
15	40942476	40942597	7159
15	40942700	40942821	5680
15	40943658	40943780	3452
15	40944191	40944313	16390
15	40947079	40947200	5320
15	40949230	40949467	11159
15	40949490	40949681	8797
15	40951479	40951695	9236
15	40954262	40954448	17105
15	40990938	40991059	5767
15	40993209	40993450	11264
15	40998312	40998553	10265
15	41001207	41001328	7628
15	41010958	41011109	30247
15	41020837	41021078	38542
15	41021616	41021887	29339
15	41021960	41022231	27488
15	41023193	41023434	29475
15	41028674	41028825	10424
15	41029270	41029572	25360
15	41029783	41029934	15059
15	41030110	41030261	17694
15	41030675	41030796	5684
15	41032299	41032420	14706
15	41036234	41036357	6696
15	41037154	41037495	24172
15	41043544	41043815	22107
15	41044128	41044399	17168
15	41046766	41047007	12771
15	41056335	41056456	9644
15	41058010	41058131	13915
15	41059334	41059605	32942
15	41060059	41060318	64611
15	41062647	41064646	178090
15	41065888	41066045	18404
15	41066502	41066653	5916
15	41067206	41067327	8445
15	41067681	41067832	9898
15	41068350	41068501	14115
15	41068721	41068842	8699
15	41071373	41071524	20490
15	41071680	41071831	9605
15	41072099	41072220	5399
15	41099444	41099665	24450
15	41099717	41100091	27275
15	41100393	41100634	20054
15	41101226	41101497	27875
15	41101539	41101690	6211
15	41101987	41102461	28047
15	41102837	41102965	9497
15	41104847	41105118	24080
15	41105484	41105635	21993
15	41105898	41106019	8029
15	41106053	41106444	33245
15	41107844	41107986	15525
15	41108114	41108235	5896
15	41108318	41108469	10197
15	41120500	41120891	44706
15	41136620	41137254	46636
15	41145234	41145505	15160
15	41145604	41146137	41046
15	41146179	41146330	9090
15	41146536	41146777	14849
15	41146800	41146921	11044
15	41148023	41148294	18467
15	41148426	41148547	10670
15	41148949	41149190	10755
15	41164965	41165066	8023
15	41165206	41165717	34070
15	41165819	41165970	13000
15	41166075	41166428	903
15	41186950	41187071	17495
15	41188085	41188326	30998
15	41191089	41191210	6148
15	41191285	41193236	155934
15	41194725	41195596	73860
15	41221607	41221968	6374
15	41221998	41222359	6568
15	41222790	41222911	3967
15	41223651	41224012	29745
15	41224337	41224699	45344
15	41226709	41226950	17328
15	41227084	41227325	21623
15	41228355	41229196	67509
15	41229548	41229789	44010
15	41230168	41230429	34427
15	41230571	41230672	10729
15	41230908	41231009	6041
15	41231179	41231280	6568
15	41245592	41246073	12742
15	41246382	41246503	7146
15	41247500	41248011	45736
15	41248109	41248209	11111
15	41248230	41248331	7555
15	41271049	41271241	16069
15	41271320	41271420	12382
15	41271528	41271813	40413
15	41272216	41272317	14495
15	41272343	41272649	24544
15	41275016	41275287	29243
15	41275918	41276159	23227
15	41276321	41276592	15946
15	41277518	41277639	16939
15	41279278	41279401	6618
15	41279941	41280212	64052
15	41289701	41289822	8086
15	41297746	41297897	7669
15	41308228	41308469	19311
15	41313059	41313333	14006
15	41319712	41319983	16826
15	41337036	41337307	12427
15	41339591	41339712	5650
15	41340380	41340501	6537
15	41341430	41341671	17330
15	41342073	41342336	30485
15	41346078	41346229	11275
15	41347382	41347623	16701
15	41348770	41348921	11665
15	41350791	41351027	17786
15	41352033	41352154	4939
15	41361754	41361875	3242
15	41362643	41362764	12309
15	41364030	41364266	13050
15	41365598	41365719	5686
15	41366544	41366785	29508
15	41371849	41372120	31802
15	41373153	41373304	3582
15	41377522	41377793	40926
15	41379698	41379939	20952
15	41384181	41384422	27036
15	41387771	41387892	7461
15	41387920	41388161	10237
15	41388285	41388556	9226
15	41408166	41408478	671
15	41455311	41455655	27760
15	41455954	41456560	47200
15	41476098	41476819	91044
15	41482079	41482410	21775
15	41483590	41483831	48279
15	41487921	41488072	11126
15	41488091	41488245	6219
15	41501650	41501801	4762
15	41507910	41508061	17688
15	41508844	41509049	31989
15	41509232	41509383	7953
15	41512011	41512112	5071
15	41518640	41518773	7473
15	41522629	41522780	10199
15	41523552	41523673	12846
15	41535839	41535960	10216
15	41549086	41549207	13281
15	41554896	41555137	34913
15	41562724	41562845	13465
15	41570904	41571127	13458
15	41571499	41571620	17312
15	41572569	41572723	8870
15	41573671	41573772	14141
15	41573844	41573944	9976
15	41573973	41574073	10022
15	41601938	41602059	4307
15	41605450	41605571	5417
15	41611795	41612036	10665
15	41624084	41624205	11553
15	41624387	41624778	12033
15	41625140	41625261	14769
15	41634556	41634677	15066
15	41641246	41641487	8789
15	41643135	41643376	7847
15	41648174	41648401	10655
15	41650280	41650521	23171
15	41657572	41657813	12462
15	41663682	41663923	23285
15	41667846	41668087	23523
15	41669326	41669567	9629
15	41672276	41672397	13765
15	41679595	41679836	16176
15	41680621	41680742	5984
15	41687028	41687269	18899
15	41688669	41689270	41098
15	41709304	41709564	200
15	41711769	41711869	2136
15	41714827	41714927	11669
15	41715216	41715315	7993
15	41715530	41715708	3557
15	41719813	41719985	3800
15	41726523	41726623	4544
15	41726783	41726956	3549
15	41727406	41727550	11879
15	41730452	41730693	31409
15	41745051	41745292	9352
15	41749820	41750091	41060
15	41756877	41757093	16848
15	41758329	41758460	7782
15	41762401	41762642	23467
15	41763337	41763578	30142
15	41766767	41766918	10574
15	41767705	41767826	6844
15	41767872	41768027	8298
15	41768591	41768742	13471
15	41769302	41769543	28411
15	41769593	41769744	15119
15	41770693	41770844	13779
15	41771257	41771408	12100
15	41772402	41772533	5762
15	41772769	41772950	12353
15	41772958	41773079	10892
15	41773156	41773256	8292
15	41773478	41773678	11884
15	41773912	41774013	2243
15	41774449	41774550	4657
15	41774835	41774935	2469
15	41775136	41775237	3774
15	41775456	41775556	17145
15	41785616	41785737	20210
15	41786116	41786654	2184
15	41793647	41793768	11254
15	41793819	41794060	16714
15	41794175	41794416	8463
15	41794559	41794711	6753
15	41794960	41795081	9014
15	41795141	41795473	22188
15	41795729	41795850	5572
15	41796136	41796890	68266
15	41796930	41797082	6240
15	41797154	41797275	7071
15	41797363	41797514	10511
15	41797542	41797783	14683
15	41797851	41798002	11235
15	41798066	41798217	14397
15	41799239	41799510	25184
15	41799649	41799867	8401
15	41800221	41800462	20601
15	41801186	41801337	8014
15	41803246	41803817	8729
15	41803966	41804207	1023
15	41804290	41804507	6461
15	41804869	41805366	44708
15	41805794	41805945	28970
15	41809693	41810085	29450
15	41810170	41810411	19528
15	41812515	41813386	133598
15	41813891	41814210	20196
15	41814220	41814491	21280
15	41814909	41815180	32255
15	41815406	41815562	7001
15	41815948	41816189	20910
15	41816221	41816492	10713
15	41817146	41817387	12018
15	41819029	41819300	16466
15	41819310	41819551	30890
15	41819590	41819831	66591
15	41819990	41820261	11613
15	41820422	41820544	3493
15	41821655	41821776	10653
15	41821998	41822239	23170
15	41823159	41823430	33034
15	41826871	41827143	28056
15	41827618	41827889	23477
15	41828310	41828431	7543
15	41828651	41828892	18615
15	41829111	41829352	10689
15	41849447	41849568	10402
15	41851411	41851589	98
15	41853265	41853665	37427
15	41853725	41853847	20176
15	41854679	41854950	38808
15	41856333	41856484	14545
15	41857160	41857401	32281
15	41859525	41859766	34329
15	41860336	41860607	25067
15	41860996	41861267	25472
15	41862168	41862548	30244
15	41862758	41862909	23223
15	41863214	41863335	17099
15	41863777	41863898	13349
15	41864580	41864821	23674
15	41865190	41865319	18237
15	41865434	41865705	19601
15	41865793	41866064	26078
15	41870007	41870518	44762
15	41870682	41870783	25272
15	41873199	41873461	3060
15	41952621	41952723	12788
15	41961023	41962224	129883
15	41983741	41983901	15686
15	41988205	41989286	74170
15	41991038	41991159	6269
15	41991248	41991369	9062
15	41999870	42000111	22433
15	42000232	42000473	23766
15	42002856	42003577	39405
15	42005291	42005804	44978
15	42019309	42019670	36186
15	42021333	42021574	25943
15	42026694	42026815	2697
15	42028336	42028937	55472
15	42032071	42032445	74486
15	42034695	42035416	90446
15	42037445	42037545	4541
15	42040798	42041159	50325
15	42041279	42042840	87207
15	42046578	42046819	28712
15	42049950	42050071	6385
15	42052502	42052743	15266
15	42053871	42054112	20286
15	42054262	42054623	21253
15	42057050	42057291	28311
15	42058178	42059499	68814
15	42059611	42059743	7222
15	42059942	42060043	5646
15	42060275	42060727	28291
15	42060735	42060872	12693
15	42061218	42061319	9546
15	42061414	42061515	8621
15	42061909	42062054	13713
15	42062917	42063166	10225
15	42067464	42067597	8073
15	42092005	42092126	9087
15	42103050	42103171	11596
15	42103313	42103464	12945
15	42104118	42104359	25233
15	42104661	42104902	10198
15	42105056	42105327	29015
15	42105475	42105596	16465
15	42105777	42106018	27324
15	42106721	42106962	33336
15	42107378	42107649	19878
15	42107758	42108029	35665
15	42108711	42108862	16263
15	42109019	42109290	20743
15	42109529	42109680	9900
15	42109751	42109992	14383
15	42110153	42110304	6915
15	42110382	42110513	7457
15	42110687	42110808	9401
15	42110966	42111207	33380
15	42111389	42111630	25076
15	42111716	42111880	7253
15	42112981	42113327	33551
15	42113743	42113984	10238
15	42114084	42114355	9041
15	42114370	42114641	14879
15	42114741	42114892	7089
15	42115067	42115458	23059
15	42115590	42116311	58986
15	42116663	42116784	8581
15	42117397	42117644	31278
15	42117846	42118065	20932
15	42118198	42118396	18767
15	42120298	42120419	5298
15	42126893	42127474	40146
15	42127752	42127873	9996
15	42128302	42128453	12559
15	42128471	42128805	25390
15	42128937	42129178	21798
15	42129248	42129369	8492
15	42131054	42131175	9886
15	42132330	42132451	9776
15	42132638	42132909	12648
15	42132916	42133157	18671
15	42133211	42133332	19175
15	42133358	42133509	21517
15	42133650	42133801	12152
15	42133930	42134201	30311
15	42134341	42134492	16361
15	42134709	42134830	14830
15	42135790	42136061	23438
15	42136585	42136856	25380
15	42137034	42137278	14280
15	42137338	42137579	21110
15	42137753	42138024	31215
15	42138101	42138610	25894
15	42138798	42139069	14665
15	42139476	42139747	16254
15	42139801	42140072	15294
15	42140758	42140879	24875
15	42142050	42142171	16368
15	42142389	42142490	12413
15	42143033	42143154	20464
15	42143241	42143362	16951
15	42143462	42143583	10449
15	42143951	42144072	4030
15	42144325	42144566	26397
15	42144761	42145229	33573
15	42145429	42145670	42782
15	42145761	42146002	27411
15	42146204	42146445	31345
15	42146955	42147196	25224
15	42147402	42147643	45860
15	42147723	42147964	16123
15	42148568	42148809	22875
15	42149022	42149263	17820
15	42149382	42149959	73470
15	42150751	42150992	14473
15	42151071	42151192	7498
15	42152748	42152989	23670
15	42153594	42153715	9340
15	42153905	42154146	26017
15	42154287	42154528	15295
15	42154676	42154917	40943
15	42154923	42155164	22401
15	42155837	42156284	29074
15	42157992	42158113	13541
15	42158210	42158451	16808
15	42158495	42158749	13372
15	42159119	42159360	14388
15	42159666	42159907	15252
15	42160220	42160461	15891
15	42160576	42160817	36301
15	42162007	42162248	8700
15	42162374	42162820	42608
15	42163524	42163765	29155
15	42163926	42164167	24946
15	42164457	42164696	26638
15	42165626	42165867	21687
15	42166021	42166262	21700
15	42166461	42166702	18420
15	42167025	42167266	48958
15	42167616	42167857	28046
15	42168275	42168516	17510
15	42168734	42168855	6779
15	42168955	42169196	19030
15	42169252	42169613	38711
15	42170502	42170863	22772
15	42171396	42171757	25232
15	42171875	42172116	41628
15	42172312	42172553	13897
15	42173222	42173453	20458
15	42174117	42174358	370
15	42174457	42174689	2312
15	42174738	42174979	13315
15	42175128	42175489	25080
15	42175493	42175734	15973
15	42177887	42178608	51013
15	42179401	42179708	22339
15	42180083	42180324	11294
15	42182223	42182464	25723
15	42185054	42185295	22862
15	42185466	42185707	23243
15	42187115	42187542	42927
15	42192257	42192357	4460
15	42192534	42192635	8933
15	42192799	42193410	34993
15	42201827	42202098	33148
15	42211342	42211853	31754
15	42235205	42235373	7723
15	42245898	42246169	17248
15	42264447	42264702	19026
15	42275880	42276241	21745
15	42276604	42276845	20094
15	42277998	42278239	13761
15	42279350	42279591	9131
15	42280179	42280420	24896
15	42281560	42281801	18723
15	42282254	42282495	27144
15	42284864	42285225	37540
15	42287504	42287745	26157
15	42289268	42289503	21748
15	42291679	42291852	8905
15	42291982	42292216	15458
15	42292269	42292510	13789
15	42293325	42293446	8454
15	42294732	42294932	22781
15	42297094	42297215	13029
15	42298132	42298373	33562
15	42299873	42300114	19835
15	42302239	42302480	64328
15	42305855	42305976	7508
15	42311589	42311710	12806
15	42313119	42313240	7399
15	42342688	42342929	41276
15	42360874	42361149	22592
15	42362078	42362319	30916
15	42362876	42363117	33116
15	42363266	42363537	39348
15	42363632	42363759	9186
15	42363889	42364160	10687
15	42364410	42364651	15022
15	42371694	42371967	24589
15	42373111	42373382	16594
15	42373623	42373864	23384
15	42373922	42374073	14388
15	42374467	42374597	9491
15	42375312	42375613	19737
15	42375854	42376005	6132
15	42377253	42377374	5887
15	42377617	42377768	10043
15	42378325	42378596	7794
15	42379414	42379685	21739
15	42379770	42379921	10152
15	42386543	42386694	9287
15	42433425	42433546	4603
15	42434140	42434412	27231
15	42434697	42434938	21636
15	42436107	42436378	24619
15	42436593	42436864	9283
15	42437735	42438152	36166
15	42438260	42438501	43783
15	42439281	42439554	18977
15	42439740	42440011	10480
15	42441827	42442098	22328
15	42442259	42442380	4890
15	42442561	42442694	9019
15	42442769	42443010	32124
15	42444857	42444978	3729
15	42445427	42445578	7548
15	42445776	42445897	8532
15	42446202	42446707	68024
15	42447659	42447810	38782
15	42448601	42448842	21013
15	42452855	42453049	36112
15	42453834	42453985	18913
15	42454175	42454416	26327
15	42454483	42454724	42293
15	42455479	42455630	49978
15	42455783	42455936	30768
15	42456468	42456739	20630
15	42457101	42457372	25779
15	42457873	42458024	8316
15	42458302	42458453	9251
15	42458742	42458863	6948
15	42458919	42459160	26764
15	42459542	42459783	23424
15	42461871	42462112	14929
15	42465864	42466076	24352
15	42470354	42470827	22724
15	42476685	42476926	22913
15	42479423	42479574	6003
15	42479913	42480064	8113
15	42481297	42481418	16013
15	42483252	42483403	9078
15	42483664	42483785	17561
15	42484218	42484339	4412
15	42491743	42491889	8530
15	42492041	42492176	9846
15	42500253	42500374	22070
15	42502876	42502977	8726
15	42503225	42503335	7915
15	42503460	42503561	6726
15	42503835	42503986	16533
15	42509954	42510075	6449
15	42510487	42510608	5329
15	42511748	42511869	7676
15	42512235	42512356	8406
15	42518964	42519117	7716
15	42519876	42519997	3398
15	42520900	42521045	16269
15	42523332	42523483	8232
15	42524019	42524120	6168
15	42525395	42525517	6181
15	42528476	42528627	14087
15	42529600	42529841	8796
15	42531837	42531958	3994
15	42536185	42536426	10751
15	42551067	42551217	11694
15	42553086	42553228	15085
15	42553359	42553480	7350
15	42556278	42556411	10716
15	42560135	42560261	5160
15	42564229	42564350	12701
15	42565403	42565644	9159
15	42566632	42566753	8076
15	42568515	42568636	4230
15	42570642	42570798	15181
15	42579831	42580072	17165
15	42584902	42585143	32126
15	42589770	42589891	5809
15	42598685	42598836	11168
15	42600376	42600527	13637
15	42602449	42602690	18535
15	42602846	42603087	26717
15	42606235	42606336	6445
15	42613973	42614228	23891
15	42618437	42618678	22997
15	42619539	42619670	19267
15	42621429	42621695	31896
15	42622760	42622881	9098
15	42630576	42630698	16787
15	42631807	42632168	39069
15	42632837	42632970	20395
15	42635252	42635373	9294
15	42637931	42638052	14740
15	42640266	42640424	9056
15	42641571	42641703	6622
15	42643517	42643640	17996
15	42644218	42644347	7051
15	42644975	42645076	5983
15	42645338	42645439	8369
15	42645633	42645733	11707
15	42646534	42646685	9930
15	42651946	42652337	22637
15	42670872	42670972	5568
15	42671005	42671106	4790
15	42676654	42676775	9031
15	42677858	42678099	21290
15	42678272	42678543	29742
15	42679896	42680137	28098
15	42681058	42681329	29355
15	42682114	42682342	36238
15	42684817	42684938	12024
15	42686435	42686556	11528
15	42688975	42689096	19159
15	42691618	42691889	22459
15	42693802	42694043	26207
15	42694236	42694387	15558
15	42694944	42695215	22213
15	42695865	42696016	19954
15	42696218	42696380	10478
15	42696502	42696623	9633
15	42698071	42698192	6049
15	42700399	42700532	9564
15	42701478	42701599	6254
15	42701922	42702073	10495
15	42702099	42702220	7576
15	42702568	42702719	11255
15	42702763	42702884	7078
15	42703018	42703259	29546
15	42703452	42703573	6972
15	42703866	42704017	21870
15	42704270	42704371	9304
15	42705762	42705863	4574
15	42709468	42709589	6526
15	42709954	42710195	18315
15	42713203	42713354	5913
15	42714089	42714210	4335
15	42714637	42714878	15486
15	42716135	42716286	6665
15	42717006	42717247	15365
15	42720152	42720393	14102
15	42727527	42727768	22243
15	42729410	42729622	21679
15	42730776	42730897	4853
15	42731199	42732040	115116
15	42734260	42734622	46230
15	42736338	42736489	12104
15	42736980	42737221	16101
15	42738760	42738881	8141
15	42740225	42740946	52646
15	42741889	42744200	246776
15	42749087	42749448	22195
15	42758231	42758331	3784
15	42764415	42764516	8206
15	42804011	42804132	8708
15	42805112	42805233	7686
15	42805559	42805680	18130
15	42807342	42807613	16268
15	42820417	42820658	27251
15	42821823	42822064	9379
15	42823582	42823744	12530
15	42823939	42824039	7904
15	42824833	42825006	19185
15	42825075	42825176	13520
15	42834837	42835031	11427
15	42836210	42836361	9204
15	42837246	42837487	16044
15	42839411	42839772	26374
15	42840221	42840492	37061
15	42840529	42840654	12549
15	42841055	42841176	7514
15	42850380	42850501	13619
15	42851510	42851631	19005
15	42853412	42853653	22548
15	42855937	42856065	2926
15	42858788	42859029	20418
15	42867875	42867996	24061
15	42875517	42875638	15263
15	42877655	42877896	34803
15	42926993	42927231	22197
15	42930059	42930180	9755
15	42930193	42930314	10080
15	42930851	42931073	20925
15	42943187	42943308	17016
15	42944692	42944813	19044
15	42953328	42953449	14908
15	42954935	42955165	19443
15	42955415	42955896	78601
15	42956016	42956117	3642
15	42957439	42957540	2343
15	42957964	42958065	8515
15	42961355	42961535	12130
15	42966091	42966192	10165
15	42966613	42966714	7340
15	42967024	42967162	8433
15	42967852	42967953	8261
15	42968069	42968173	14384
15	42973619	42973810	10585
15	42974301	42974773	24474
15	42976313	42986540	681261
15	42986725	42986923	13152
15	42987337	42987521	12037
15	42987940	42988078	9829
15	42994153	42994362	5668
15	43008868	43008969	21014
15	43009124	43009246	22340
15	43009910	43010011	20472
15	43010174	43010377	20271
15	43010622	43010723	7709
15	43010949	43011108	11355
15	43011343	43011824	38248
15	43016616	43016943	18528
15	43017332	43017459	7176
15	43017626	43017897	23409
15	43018265	43018386	9225
15	43018498	43018625	19343
15	43019771	43020012	8117
15	43020100	43020251	6357
15	43020342	43020493	24652
15	43020791	43021048	12448
15	43021181	43021334	16893
15	43021342	43021613	14941
15	43021701	43021852	7428
15	43021977	43022098	6671
15	43022308	43022429	13440
15	43022757	43022998	8244
15	43023044	43023315	18797
15	43023347	43023588	18469
15	43023769	43024040	14851
15	43024477	43024628	12394
15	43025278	43025399	6543
15	43026126	43026255	9572
15	43026332	43026603	20458
15	43027275	43027396	10541
15	43027424	43027582	9421
15	43027671	43027912	10359
15	43028023	43028294	19490
15	43028356	43029032	22777
15	43029194	43029315	13487
15	43036522	43036623	2212
15	43037850	43037951	12171
15	43037982	43038465	82710
15	43044147	43045468	119256
15	43067295	43067931	58166
15	43069183	43069454	11160
15	43075597	43075851	13843
15	43086799	43087113	35729
15	43092421	43092552	5713
15	43092588	43092688	5292
15	43093098	43093699	82939
15	43093790	43094631	68842
15	43099305	43099405	5922
15	43102723	43102994	19690
15	43103870	43103991	4784
15	43109201	43109322	11583
15	43120086	43120240	11072
15	43122084	43122325	11670
15	43132503	43132654	11557
15	43132707	43132849	15569
15	43164761	43165002	16863
15	43170725	43170914	7557
15	43212753	43212853	672
15	43212885	43213039	6001
15	43235100	43235215	7210
15	43235229	43235358	8588
15	43235446	43235546	5920
15	43235585	43235739	6134
15	43236023	43236123	2056
15	43236417	43236518	5026
15	43237212	43237313	3032
15	43237454	43237717	31429
15	43242419	43242571	8268
15	43244409	43244680	12449
15	43250188	43250309	4009
15	43252809	43252930	4280
15	43256095	43256251	5452
15	43258296	43258537	18527
15	43262670	43262821	10739
15	43268868	43269109	19278
15	43270050	43270171	2720
15	43276081	43276202	7270
15	43276995	43277162	16004
15	43280939	43281210	15800
15	43282211	43282332	5506
15	43290353	43290474	11278
15	43294711	43294947	9406
15	43296020	43296141	5200
15	43299258	43299499	32283
15	43307855	43308096	26939
15	43309274	43309395	6939
15	43313461	43313583	8874
15	43314888	43315009	4721
15	43316952	43317223	21083
15	43317541	43317662	17890
15	43318748	43318871	13072
15	43319938	43320059	13808
15	43322082	43322276	11328
15	43324736	43324857	4329
15	43328365	43328487	14424
15	43328697	43328818	8787
15	43329934	43330091	10645
15	43330338	43330459	3770
15	43335381	43335622	29331
15	43339301	43339542	14728
15	43340578	43340699	5255
15	43346897	43347138	28718
15	43348529	43348650	5874
15	43350521	43350642	7416
15	43351245	43351400	3934
15	43351840	43352081	14162
15	43352219	43352340	9040
15	43360013	43360268	14721
15	43362936	43363177	24251
15	43367167	43367297	8155
15	43374819	43374940	7819
15	43378135	43378489	44409
15	43398088	43398239	5079
15	43425991	43426211	225
15	43426445	43426576	5826
15	43427657	43427898	7417
15	43430744	43430876	8598
15	43438640	43438881	23269
15	43440893	43441134	18315
15	43441166	43441407	19149
15	43443944	43444185	58312
15	43446828	43447069	33186
15	43452869	43453002	5233
15	43461771	43461892	9421
15	43470795	43470919	14582
15	43473316	43473557	40330
15	43476439	43476800	38214
15	43476917	43477017	8945
15	43477687	43477815	2366
15	43477986	43478107	10533
15	43478300	43478451	30596
15	43481376	43481497	7931
15	43482209	43482360	13853
15	43482468	43482619	15989
15	43483140	43483261	3048
15	43483562	43483912	18922
15	43484909	43485131	29408
15	43486232	43486333	9308
15	43486544	43486695	13795
15	43486860	43487101	18151
15	43489459	43489700	53909
15	43493957	43494228	35535
15	43495271	43495512	70956
15	43498496	43498857	43539
15	43499336	43499697	21525
15	43500418	43500541	15724
15	43500752	43501023	15226
15	43501409	43501680	18857
15	43502493	43502647	16389
15	43503551	43503792	12360
15	43507283	43507536	37659
15	43508407	43508678	39375
15	43512882	43513033	13976
15	43525344	43525585	17631
15	43525697	43525938	12741
15	43526925	43527166	15434
15	43527609	43528090	36480
15	43530953	43531314	26959
15	43531351	43531474	4768
15	43532997	43533238	48509
15	43544924	43545165	13783
15	43545616	43545887	21135
15	43548673	43548944	36657
15	43552161	43552552	32969
15	43552566	43552928	22955
15	43558981	43559102	5355
15	43568581	43568852	14086
15	43569005	43569246	20597
15	43571243	43571514	22057
15	43571774	43572165	36473
15	43573951	43574342	31349
15	43574705	43574828	5822
15	43576959	43577200	34890
15	43579451	43579922	44272
15	43584084	43584355	15177
15	43584818	43585209	37437
15	43585586	43585857	30734
15	43594382	43594503	17158
15	43620575	43622892	151480
15	43627275	43627396	5269
15	43627837	43628078	41639
15	43628792	43628913	11145
15	43632445	43632566	8826
15	43634962	43635460	49940
15	43637963	43638234	51159
15	43639192	43639313	2837
15	43641068	43641309	8252
15	43643138	43643240	11423
15	43643948	43644144	13722
15	43650355	43650455	3859
15	43653193	43654184	108209
15	43656103	43656590	72693
15	43656631	43656731	8999
15	43658265	43659016	78634
15	43661071	43661342	22359
15	43661771	43662132	20059
15	43663530	43663651	6421
15	43668208	43668479	30929
15	43668640	43668881	16286
15	43669177	43669298	15689
15	43670011	43670132	9915
15	43672230	43672381	11823
15	43675480	43675721	8024
15	43677950	43678191	24087
15	43678344	43678542	13776
15	43687268	43687389	30124
15	43687742	43687896	7306
15	43689402	43689529	11945
15	43690186	43690427	15526
15	43692209	43692450	25591
15	43693859	43694100	25214
15	43695817	43696058	43894
15	43696529	43696800	38161
15	43697344	43697465	7446
15	43699382	43699794	13712
15	43700092	43700333	17407
15	43701073	43701314	20258
15	43701830	43701951	6236
15	43704856	43704977	7134
15	43705303	43705544	23656
15	43706257	43706357	2880
15	43707778	43708019	26611
15	43708397	43708638	36187
15	43712446	43712957	33797
15	43713176	43713417	21017
15	43713977	43714368	38504
15	43714370	43714511	9396
15	43720182	43720409	34284
15	43724332	43724915	81139
15	43730506	43730627	7984
15	43733661	43733812	7003
15	43738565	43738806	10857
15	43739053	43739154	4758
15	43739502	43739693	13257
15	43748031	43749472	151317
15	43762038	43762279	4431
15	43766856	43766977	3841
15	43767676	43767947	13273
15	43769722	43769993	31369
15	43771538	43771779	44796
15	43772014	43772255	39264
15	43773008	43773304	17008
15	43783817	43783968	12356
15	43784185	43784306	16452
15	43784448	43784689	11000
15	43785176	43785351	19969
15	43803124	43803485	10358
15	43804317	43804558	32467
15	43812818	43812939	4356
15	43813118	43813359	20574
15	43813512	43821724	467508
15	43821836	43822084	11922
15	43822223	43822464	25099
15	43822567	43822668	6312
15	43822956	43823174	21712
15	43823251	43823437	20542
15	43823682	43823783	14826
15	43825724	43825910	9829
15	43826371	43826472	7811
15	43826821	43827692	90844
15	43828212	43828462	8792
15	43831658	43831791	12761
15	43850910	43851181	22198
15	43852580	43852821	91702
15	43856270	43856391	12231
15	43857006	43857247	58372
15	43860644	43860765	22106
15	43863570	43863811	64636
15	43863858	43864099	47827
15	43864957	43865084	40265
15	43865173	43865414	33915
15	43865495	43865738	32775
15	43865937	43866298	66005
15	43866369	43866610	41750
15	43868538	43868779	35048
15	43868964	43869205	40511
15	43869250	43869491	43588
15	43869630	43869751	25876
15	43869753	43869994	39840
15	43870050	43870171	21426
15	43870249	43870370	23397
15	43871146	43871343	80044
15	43873139	43873380	41693
15	43873384	43873628	37130
15	43873980	43874221	28831
15	43874248	43874489	36073
15	43874743	43874864	21434
15	43875043	43875164	41104
15	43875544	43875807	68678
15	43876507	43876748	68212
15	43882333	43882433	2635
15	43886369	43886610	47586
15	43887041	43887388	38093
15	43887558	43887679	33056
15	43888043	43888285	63084
15	43888386	43888507	72070
15	43888546	43888787	68839
15	43889533	43889634	23828
15	43890336	43890577	40313
15	43890966	43891207	31776
15	43891291	43891532	42062
15	43891852	43891973	14397
15	43892110	43892351	35415
15	43892381	43892502	14047
15	43892684	43892925	23787
15	43893019	43893260	34129
15	43893550	43893761	20383
15	43895403	43895644	25298
15	43896150	43896391	16796
15	43896542	43896663	20145
15	43896794	43897065	22401
15	43897408	43897649	16346
15	43900051	43900183	39315
15	43900218	43900459	45785
15	43901442	43901563	26642
15	43902451	43902692	41095
15	43903076	43903199	37408
15	43903308	43903549	27905
15	43903654	43903775	11699
15	43904009	43904250	38804
15	43904519	43904760	25576
15	43904925	43905166	44251
15	43905214	43905505	28378
15	43906046	43906544	99042
15	43906581	43906702	26036
15	43907582	43908919	206120
15	43909606	43909727	21141
15	43909740	43910581	80398
15	43910744	43910938	67653
15	43922853	43922974	16713
15	43923667	43923767	1519
15	43924357	43924598	33368
15	43924818	43925180	85494
15	43927298	43927399	4199
15	43927524	43927645	6094
15	43927913	43928034	5358
15	43928206	43928447	21221
15	43931042	43931283	18280
15	43931797	43932038	20459
15	43932482	43932727	31262
15	43939220	43939341	9985
15	43939457	43939698	14300
15	43940065	43940307	40063
15	43940964	43941085	192
15	43941282	43941397	2434
15	43951321	43951422	814
15	43952131	43952372	25179
15	43955821	43955942	15131
15	43956557	43956798	64379
15	43960209	43960330	20752
15	43963135	43963376	67469
15	43963423	43963664	46426
15	43964524	43964645	39522
15	43964738	43964979	40424
15	43965060	43965303	34907
15	43965502	43965863	61966
15	43965934	43966175	39945
15	43968103	43968344	34099
15	43968529	43968770	39370
15	43968815	43969056	45117
15	43969195	43969316	24717
15	43969318	43969559	39279
15	43969615	43969736	20033
15	43969814	43969935	25081
15	43970717	43970914	84934
15	43972974	43973215	73560
15	43973219	43973460	55174
15	43973815	43974056	28658
15	43974083	43974324	40520
15	43974578	43974699	21879
15	43974878	43974999	45799
15	43975379	43975642	70796
15	43976342	43976608	76197
15	43982165	43982265	2401
15	43986201	43986442	46758
15	43986704	43986805	22997
15	43986873	43987220	47322
15	43987390	43987511	30125
15	43987875	43988117	63362
15	43988218	43988339	74093
15	43988378	43988619	68246
15	43990157	43990398	35830
15	43990780	43991021	34019
15	43991105	43991348	51600
15	43991668	43991789	15200
15	43991926	43992167	41245
15	43992197	43992318	13320
15	43992502	43992698	19688
15	43992887	43993078	27536
15	43993368	43993567	17155
15	43994949	43995119	22242
15	43995630	43995871	15014
15	43996022	43996143	19366
15	43996274	43996545	27899
15	43996886	43997075	16381
15	43999529	43999650	43684
15	43999692	43999933	51563
15	44000914	44001035	26028
15	44001923	44002164	33086
15	44002548	44002671	956
15	44002770	44003011	22783
15	44003116	44003237	17853
15	44003471	44003712	47060
15	44003981	44004222	28976
15	44004387	44004628	50234
15	44004676	44004917	26297
15	44005508	44005853	71237
15	44005855	44006006	37093
15	44006043	44006164	37243
15	44007053	44008381	215282
15	44009068	44009189	24284
15	44009202	44010043	79084
15	44010206	44010400	73464
15	44019333	44019454	14697
15	44020824	44021028	30660
15	44021284	44021405	23489
15	44021452	44021644	47875
15	44024682	44024923	21329
15	44027627	44027746	8154
15	44028309	44028550	23853
15	44028998	44029239	35712
15	44036336	44036436	12552
15	44036558	44036802	12922
15	44037170	44037411	36603
15	44038699	44038940	9836
15	44043755	44043956	26819
15	44044979	44045080	9208
15	44045999	44046120	9225
15	44048784	44049025	33645
15	44053612	44053739	7584
15	44055218	44055459	30813
15	44057588	44057825	10685
15	44057996	44058267	23051
15	44058895	44059136	43247
15	44060677	44060805	13735
15	44061658	44061899	41120
15	44062396	44062547	12048
15	44062688	44062809	2704
15	44063293	44063426	5436
15	44063532	44063633	10418
15	44065042	44065142	6731
15	44065304	44065434	12560
15	44065462	44065583	10262
15	44066314	44066585	28796
15	44066633	44066754	12330
15	44066761	44067002	26351
15	44067450	44067601	7327
15	44067704	44067825	16830
15	44067899	44068140	17378
15	44068227	44068379	14693
15	44068663	44068784	13590
15	44068912	44069172	5917
15	44069265	44069386	5609
15	44084192	44084293	23971
15	44084515	44084637	18447
15	44085163	44085291	9294
15	44085730	44086273	103927
15	44087183	44087424	17674
15	44087541	44087782	18403
15	44087818	44087969	9444
15	44088297	44088448	16200
15	44088755	44088996	32323
15	44088999	44089150	16300
15	44089327	44089568	17135
15	44090073	44090224	6541
15	44090570	44090722	10615
15	44091057	44091381	15469
15	44091474	44091726	25777
15	44091782	44091903	15241
15	44092012	44092253	27746
15	44092656	44093009	32019
15	44093266	44093417	31140
15	44093650	44093801	9925
15	44093895	44094016	8579
15	44097231	44097502	36054
15	44097527	44097678	23889
15	44100706	44100827	2746
15	44101911	44102152	24283
15	44105143	44105384	43446
15	44105437	44105565	17362
15	44106671	44106912	12738
15	44107086	44107327	23484
15	44109415	44109656	36001
15	44116636	44116787	16816
15	44119169	44119320	27650
15	44120122	44120603	23695
15	44127242	44127363	5063
15	44128325	44128476	9056
15	44131713	44131939	13594
15	44134572	44134724	4166
15	44134756	44134907	8597
15	44136024	44136295	37251
15	44143242	44143483	27695
15	44149131	44149372	14483
15	44150823	44151064	51547
15	44153496	44153617	11595
15	44158276	44158637	76422
15	44165321	44165442	6437
15	44165782	44165883	7662
15	44165907	44166671	64891
15	44171696	44171915	27116
15	44175862	44176017	10305
15	44176897	44177018	12698
15	44177854	44177975	6585
15	44180357	44180478	10347
15	44180947	44181098	16153
15	44184161	44184282	5898
15	44194325	44194476	11949
15	44197966	44198207	13405
15	44202067	44202188	4875
15	44211406	44211507	3512
15	44211604	44211755	5118
15	44211894	44212045	13528
15	44216363	44216517	14033
15	44225480	44225581	2083
15	44393627	44393727	11370
15	44480841	44480942	2702
15	44486938	44487352	1377
15	44581179	44581570	103203
15	44599260	44599381	5949
15	44599426	44599628	1391
15	44615128	44615249	5005
15	44620842	44620995	6745
15	44624155	44624286	9926
15	44629911	44630152	12776
15	44630383	44630534	6295
15	44671845	44671996	18645
15	44672984	44673208	21349
15	44695047	44695314	43100
15	44705507	44705658	14583
15	44705710	44705811	7259
15	44707027	44707128	10336
15	44707454	44707554	5598
15	44707664	44707765	5719
15	44707790	44707935	6529
15	44719687	44719954	47009
15	44751154	44751425	9270
15	44776369	44776610	8674
15	44778702	44778943	23584
15	44782968	44783209	14954
15	44788555	44788676	2572
15	44789215	44789346	9533
15	44791906	44792027	5852
15	44806765	44806886	18081
15	44806941	44807062	5912
15	44811357	44811549	9751
15	44813495	44813616	13258
15	44816278	44816399	7879
15	44816403	44816504	8633
15	44816615	44816859	12898
15	44816929	44817140	30336
15	44817190	44817303	16051
15	44817310	44817511	28223
15	44817524	44817989	39613
15	44818125	44818225	3856
15	44819104	44819205	7658
15	44819325	44819426	15462
15	44828683	44829119	54857
15	44829272	44829464	8173
15	44829512	44829635	2721
15	44843017	44843168	11421
15	44843519	44843859	23958
15	44846686	44846927	17907
15	44849646	44849887	19578
15	44852422	44852543	7186
15	44853160	44853548	55428
15	44853575	44853928	16816
15	44854109	44854210	9158
15	44854349	44854449	7067
15	44854632	44854751	5985
15	44854762	44854901	9173
15	44854946	44855047	4807
15	44855287	44855528	16796
15	44856669	44856940	18081
15	44858008	44858249	15747
15	44858367	44858518	6704
15	44859584	44859825	23694
15	44861586	44861713	10308
15	44862668	44862909	24339
15	44864828	44865069	45794
15	44865709	44865963	21780
15	44867018	44867289	9340
15	44875932	44876803	76080
15	44877820	44878060	11155
15	44881379	44881650	17406
15	44884519	44884646	4888
15	44887435	44887676	21525
15	44888205	44888596	30127
15	44888940	44889181	26009
15	44890453	44890581	11948
15	44890810	44891051	9047
15	44892638	44892867	10609
15	44898164	44898315	10026
15	44900607	44900842	24346
15	44902989	44903230	12374
15	44905618	44905744	6456
15	44907511	44907782	16588
15	44912373	44912698	23472
15	44913923	44914143	17852
15	44914360	44914601	16616
15	44914899	44915021	7467
15	44918495	44918736	15669
15	44920833	44921074	22482
15	44921387	44921628	35174
15	44925647	44925888	20705
15	44940985	44941256	18236
15	44943671	44944152	34602
15	44944274	44944515	16722
15	44949272	44949513	12310
15	44951237	44951511	26082
15	44952600	44952841	17885
15	44955535	44955896	6597
15	44958109	44958210	3877
15	44958589	44958740	6957
15	44959302	44959402	13012
15	44960539	44960681	9692
15	44961177	44961338	9039
15	44961477	44961612	10275
15	44961684	44961784	6360
15	44961973	44962073	10569
15	44962164	44962286	15593
15	44964212	44964355	36193
15	44964569	44964670	15167
15	44965432	44965576	20455
15	44966337	44966438	2652
15	44967683	44967890	18194
15	44968630	44968730	8802
15	45003716	45003837	9734
15	45007578	45007939	44975
15	45008472	45008593	13897
15	45026199	45026364	12185
15	45028844	45028965	7479
15	45047034	45047635	66104
15	45048552	45048673	5443
15	45050784	45051062	21249
15	45051787	45052127	25123
15	45059368	45059999	57427
15	45075591	45075778	7807
15	45119335	45119456	22582
15	45120587	45120828	106779
15	45123693	45123813	10167
15	45127318	45127559	27973
15	45131647	45131768	14663
15	45139569	45139798	49603
15	45142507	45142628	12445
15	45206945	45207063	10567
15	45220812	45220929	7866
15	45222627	45222748	11057
15	45233819	45233920	7447
15	45248887	45249008	28092
15	45249043	45249194	20155
15	45250519	45250760	22219
15	45253690	45253811	11902
15	45258337	45258458	6163
15	45266047	45266168	4407
15	45270635	45270876	22268
15	45315453	45315574	45024
15	45332561	45332682	12586
15	45335415	45335644	45948
15	45353223	45353464	41015
15	45357406	45357647	31712
15	45360350	45360471	13317
15	45361065	45361282	19747
15	45364454	45364695	68561
15	45365524	45365979	85430
15	45386257	45386528	29950
15	45386703	45386944	21734
15	45387090	45387331	22499
15	45387562	45387833	20753
15	45388016	45388268	37195
15	45389361	45389632	16430
15	45389724	45389995	13834
15	45390140	45390291	7690
15	45391539	45391690	6556
15	45391850	45392100	39358
15	45392185	45392456	16592
15	45392903	45393054	14791
15	45393376	45393497	2970
15	45393967	45394208	24434
15	45396113	45396264	10818
15	45396328	45396573	27394
15	45397782	45398053	12164
15	45398302	45398543	22227
15	45398691	45398849	11664
15	45398977	45399218	15494
15	45399450	45399722	40792
15	45400181	45400452	25348
15	45400939	45401188	23068
15	45401711	45401834	10850
15	45402071	45402192	6655
15	45402612	45402733	8797
15	45402816	45402937	10950
15	45403270	45403512	32712
15	45403561	45403802	5369
15	45403938	45404179	31309
15	45404682	45404953	25052
15	45405136	45405287	9608
15	45405511	45405632	12164
15	45406725	45406996	29770
15	45407551	45407792	17949
15	45407964	45408085	9137
15	45408267	45408508	9028
15	45408669	45408940	19088
15	45409244	45409515	11561
15	45409703	45410314	44950
15	45411252	45411613	44065
15	45412258	45412529	13541
15	45412745	45413016	19186
15	45413230	45413471	19102
15	45414350	45414471	10031
15	45415017	45415251	33400
15	45421657	45421813	15538
15	45424132	45424253	8446
15	45426012	45426163	17327
15	45426273	45426544	15698
15	45427274	45427515	30400
15	45427651	45427892	6090
15	45427941	45428183	29481
15	45428516	45428637	6236
15	45428713	45428834	7705
15	45430075	45430226	11255
15	45431223	45431376	23905
15	45431589	45431830	22592
15	45433059	45433300	21040
15	45433427	45433668	25710
15	45434090	45434361	23088
15	45435353	45435511	8134
15	45436182	45436453	20152
15	45437035	45437305	13858
15	45439621	45439866	29446
15	45440087	45440208	22918
15	45440436	45440662	20910
15	45442773	45442924	15837
15	45443262	45443480	17996
15	45444009	45444280	15413
15	45444474	45444857	54911
15	45445566	45445687	12137
15	45446112	45446233	12273
15	45447912	45448183	20234
15	45452960	45453231	32646
15	45453926	45454178	25628
15	45454374	45454615	28738
15	45455686	45455927	33107
15	45455930	45456171	39974
15	45456886	45457157	21017
15	45457439	45457540	12885
15	45460116	45460357	31722
15	45464019	45464260	34458
15	45464309	45464550	26369
15	45465722	45465933	9701
15	45467398	45467639	23061
15	45470312	45470553	15121
15	45479651	45480149	441
15	45490939	45491300	26702
15	45545362	45545513	28867
15	45545582	45545733	42409
15	45554167	45554318	11779
15	45555199	45555470	19609
15	45556028	45556269	47040
15	45556843	45556976	28171
15	45557264	45557385	13128
15	45557759	45557880	31300
15	45558268	45558392	11937
15	45559564	45560048	67396
15	45560370	45560611	22563
15	45561513	45561754	39715
15	45562372	45562493	4960
15	45564480	45564601	4321
15	45564835	45564992	16003
15	45567531	45567772	41457
15	45654271	45654429	13210
15	45656034	45656275	22991
15	45656965	45657086	9588
15	45658204	45658445	11022
15	45658486	45658757	20852
15	45660241	45660482	21230
15	45661500	45661741	19723
15	45668756	45669027	13843
15	45669381	45669502	10202
15	45670555	45670676	108
15	45694570	45695816	33823
15	45697489	45697730	16671
15	45702527	45702768	17012
15	45706722	45706993	35879
15	45707759	45708000	20479
15	45709410	45709651	24724
15	45710696	45710937	14730
15	45713181	45713444	18745
15	45722921	45723072	12266
15	45723180	45723301	18655
15	45724238	45724359	9945
15	45725088	45725352	22941
15	45776252	45776353	3941
15	45777046	45777159	9465
15	45777252	45777557	25594
15	45778754	45778995	19035
15	45779715	45779840	7134
15	45781018	45781259	14745
15	45782881	45783122	16805
15	45803287	45803528	24163
15	45813168	45813269	5240
15	45814115	45814596	51673
15	45839305	45839405	402
15	45847661	45848301	25376
15	45848622	45848771	5354
15	45848782	45848883	3133
15	45879621	45879742	33896
15	45884270	45884523	7654
15	45895280	45895401	16515
15	45897607	45897728	3395
15	45898501	45898844	33135
15	45900280	45900380	6748
15	45951112	45951365	14347
15	45954116	45954357	33086
15	45962091	45962212	25330
15	45965750	45966021	31478
15	45968252	45968523	16462
15	45974646	45974887	32230
15	45980477	45980628	16897
15	45981174	45981445	16096
15	45983138	45983259	18205
15	47534388	47534592	7861
15	47704579	47704679	4226
15	47873487	47873608	3039
15	48022897	48023018	4450
15	48051986	48052114	21064
15	48052491	48052622	5912
15	48053143	48053264	4790
15	48053324	48053445	8432
15	48053516	48053638	10451
15	48053811	48053962	10349
15	48054335	48054576	19406
15	48055195	48055316	5573
15	48056004	48056275	14930
15	48056315	48056556	11244
15	48056791	48057032	36657
15	48057047	48057288	27963
15	48058014	48058255	32388
15	48058279	48058400	16968
15	48058762	48058884	8404
15	48059170	48059321	6469
15	48060740	48060998	14433
15	48062676	48063997	96619
15	48064049	48064190	9184
15	48064257	48064543	12464
15	48064598	48064698	6192
15	48064765	48064977	9293
15	48065226	48065326	5733
15	48065428	48065567	10307
15	48065885	48066024	10359
15	48066091	48066438	31718
15	48413180	48413421	18350
15	48413992	48414301	40760
15	48426435	48426556	17466
15	48426622	48426745	12359
15	48427039	48427191	8209
15	48428808	48429199	24267
15	48431147	48431388	10469
15	48433269	48433421	9757
15	48433875	48434196	24258
15	48434205	48434566	22795
15	48434804	48434905	6116
15	48434931	48435032	5060
15	48435065	48435306	11202
15	48441163	48441314	8019
15	48441342	48441583	10129
15	48443271	48443392	8377
15	48443627	48443778	7125
15	48444043	48444164	12204
15	48444394	48444515	9586
15	48445948	48446100	12188
15	48450160	48450281	8314
15	48450335	48450456	10159
15	48450921	48451162	21823
15	48451784	48452025	12671
15	48458115	48458236	15097
15	48458260	48458381	8488
15	48459510	48459631	10756
15	48459686	48459787	7430
15	48460810	48461051	23770
15	48470232	48470473	604
15	48493497	48495952	181316
15	48499885	48500366	30679
15	48512775	48513016	27857
15	48513094	48513215	12730
15	48518046	48518146	6168
15	48518659	48518780	7175
15	48519262	48519383	8620
15	48520768	48520889	15390
15	48521334	48521575	30173
15	48522523	48522764	20098
15	48524858	48525099	17723
15	48527016	48527257	25185
15	48529089	48529272	4408
15	48533692	48533813	13547
15	48536904	48537145	23300
15	48539038	48539279	9797
15	48539474	48539715	18105
15	48541701	48541942	42592
15	48543768	48544009	55746
15	48547996	48548117	12720
15	48551331	48551572	23601
15	48559706	48559947	17724
15	48561786	48562027	21132
15	48566740	48566868	10004
15	48577253	48577494	12804
15	48580184	48580425	12442
15	48580536	48580777	14350
15	48583956	48584077	6611
15	48591283	48591524	11137
15	48593484	48593605	5857
15	48594893	48595134	24761
15	48623671	48624032	10940
15	48624432	48624613	671
15	48626598	48626719	11969
15	48628203	48628324	24283
15	48633461	48633625	18548
15	48633685	48633806	8701
15	48634155	48634306	10106
15	48700522	48700623	16297
15	48700664	48700765	10469
15	48700872	48700973	7790
15	48702252	48702411	25134
15	48702448	48702817	44958
15	48703140	48703621	55818
15	48704701	48704972	24937
15	48707723	48707974	33539
15	48712822	48713063	9227
15	48713697	48713938	12205
15	48714085	48714326	15866
15	48717505	48717746	33476
15	48717877	48718118	12995
15	48719745	48719986	10853
15	48720048	48720169	3665
15	48720454	48720725	36161
15	48722812	48723053	46682
15	48725002	48725243	15415
15	48726729	48726970	30295
15	48729064	48729335	15637
15	48729490	48729611	3712
15	48729918	48730159	19779
15	48733829	48734100	12202
15	48736676	48736917	39095
15	48737515	48737756	9312
15	48738839	48739080	14449
15	48740906	48741147	13445
15	48744668	48744939	23930
15	48748775	48749016	10506
15	48752387	48752538	2645
15	48755206	48755477	39874
15	48756086	48756250	18353
15	48757706	48757947	32635
15	48757959	48758080	9451
15	48760065	48760336	20892
15	48760548	48760789	8657
15	48762770	48763011	19366
15	48764689	48764930	31713
15	48766361	48766632	67999
15	48766664	48766905	19356
15	48773793	48774034	11054
15	48775956	48776197	17073
15	48777481	48777721	16655
15	48779260	48779691	35568
15	48780252	48780493	21855
15	48780506	48780747	24328
15	48782038	48782285	22921
15	48784599	48784840	12746
15	48786364	48786485	8576
15	48787267	48787508	16173
15	48787604	48787845	7324
15	48788238	48788479	16181
15	48789404	48789645	20746
15	48791117	48791268	29026
15	48795938	48796179	21918
15	48797161	48797402	25935
15	48800718	48800959	26644
15	48802182	48802423	14683
15	48805684	48805925	12436
15	48807532	48807773	7568
15	48808318	48808589	8461
15	48812813	48813054	24495
15	48818268	48818509	21035
15	48826188	48826459	33112
15	48829785	48830026	10712
15	48888436	48888587	9433
15	48892322	48892443	10583
15	48902882	48903033	11938
15	48905186	48905307	1455
15	48936733	48937004	27400
15	49017929	49018080	20187
15	49030424	49031505	93501
15	49033783	49033911	6153
15	49034099	49034340	22826
15	49036397	49036550	13343
15	49037079	49037200	12888
15	49040602	49040843	25970
15	49044476	49044725	17662
15	49048063	49048784	59009
15	49052276	49052517	30622
15	49054547	49054908	51375
15	49056406	49056592	31299
15	49059201	49059442	19574
15	49059474	49059715	18013
15	49060406	49060535	6912
15	49061143	49061325	12168
15	49064664	49064905	14711
15	49073353	49073566	21403
15	49074320	49074441	8044
15	49076092	49076363	20500
15	49080976	49081217	52607
15	49083382	49083653	22173
15	49085477	49085707	23557
15	49088171	49088401	29095
15	49089455	49089816	41241
15	49089831	49089952	8468
15	49090135	49090258	7392
15	49097451	49097552	6161
15	49097741	49097892	4671
15	49117089	49117190	8783
15	49117682	49117930	13450
15	49118124	49118365	32145
15	49126911	49127259	22255
15	49135554	49135815	15797
15	49143353	49143474	17530
15	49148114	49148355	27508
15	49149857	49150027	12292
15	49159979	49160100	6051
15	49164251	49164372	7955
15	49168735	49168865	3252
15	49170354	49172381	180011
15	49173778	49173879	9569
15	49176383	49176624	10800
15	49182896	49183026	20739
15	49217049	49217170	12506
15	49254618	49255225	57829
15	49280969	49281070	13013
15	49281316	49281512	10759
15	49281585	49281686	5901
15	49282154	49282255	6253
15	49282378	49282479	3885
15	49282789	49282890	5820
15	49283650	49283751	3715
15	49284410	49285133	94681
15	49288552	49288793	21069
15	49291985	49292226	26559
15	49293062	49293304	23434
15	49301372	49301613	13603
15	49303872	49304113	39162
15	49304808	49305049	7877
15	49308706	49308908	19111
15	49309007	49309246	23720
15	49309723	49309844	9184
15	49311560	49311768	23826
15	49319498	49319687	19278
15	49320291	49320412	1151
15	49320613	49320889	27123
15	49325108	49325349	17931
15	49327511	49327872	37595
15	49329755	49329996	19106
15	49338423	49338544	5636
15	49419539	49419640	8640
15	49419643	49419874	17253
15	49419912	49420037	20468
15	49420097	49420338	25318
15	49420866	49420987	8110
15	49421653	49421774	10023
15	49422873	49423024	11084
15	49425890	49426041	12306
15	49426094	49426335	15573
15	49426502	49426743	19704
15	49429324	49429445	7509
15	49429478	49429719	12047
15	49431666	49431907	21917
15	49436401	49436522	15290
15	49437152	49437285	8121
15	49447687	49447808	6126
15	49448031	49448263	16578
15	49462484	49462605	11097
15	49493341	49493462	12471
15	49509327	49509568	23596
15	49528001	49528152	15351
15	49531369	49531610	33741
15	49574171	49574292	4747
15	49575717	49575958	29521
15	49584507	49584748	17984
15	49611780	49612021	14857
15	49620131	49620372	28918
15	49620678	49620958	35760
15	49623920	49624071	9866
15	49626401	49626502	8565
15	49627593	49627714	23632
15	49657672	49658181	68508
15	49659573	49659844	12769
15	49663486	49663607	10073
15	49683004	49683104	7260
15	49714858	49714959	3938
15	49716456	49716817	19543
15	49775338	49775461	55621
15	49776482	49777154	143559
15	49777477	49777751	22973
15	49777773	49777873	6785
15	49788710	49788811	6189
15	49800355	49800596	19507
15	49833818	49834013	22384
15	49860431	49860553	9509
15	49867198	49867319	5823
15	49868928	49869052	3980
15	49869782	49869903	7606
15	49880185	49880306	3862
15	49881963	49882214	19225
15	49903377	49903498	6644
15	49907251	49907402	9642
15	49917285	49917676	40446
15	49918912	49919033	14706
15	49923203	49923304	4848
15	49924335	49924547	16838
15	49926680	49927031	22023
15	49935518	49935831	20880
15	50086887	50087008	12850
15	50087606	50087727	17522
15	50088078	50088199	20810
15	50088204	50088323	16457
15	50152350	50152711	33238
15	50154385	50154626	17047
15	50158490	50158731	15697
15	50168416	50168777	17781
15	50171553	50171674	3537
15	50189322	50189776	18827
15	50190235	50190476	18887
15	50193241	50193482	31411
15	50193950	50194078	5954
15	50209121	50209246	10494
15	50211026	50211157	14035
15	50212403	50212644	30525
15	50215512	50215753	9675
15	50223288	50223529	26528
15	50226175	50226416	8804
15	50254134	50254255	3446
15	50264761	50265002	25115
15	50271790	50272031	11869
15	50273385	50273506	17538
15	50279545	50279786	21789
15	50288823	50288974	19280
15	50294323	50294444	2838
15	50303016	50303137	5560
15	50330934	50331055	16522
15	50336778	50336899	5154
15	50339538	50339682	13126
15	50366291	50366412	13189
15	50399071	50399222	6113
15	50474562	50475163	50782
15	50489650	50489921	25742
15	50494641	50494882	15767
15	50497376	50497617	25183
15	50515137	50515378	24292
15	50518168	50518289	10394
15	50519124	50519395	16883
15	50521099	50521250	14749
15	50526008	50526249	14701
15	50528083	50528324	18626
15	50534367	50535249	80827
15	50535329	50535451	7966
15	50540429	50540550	4345
15	50544610	50544731	14568
15	50544768	50545009	19442
15	50545737	50545889	7901
15	50546247	50546518	15411
15	50546672	50546913	19115
15	50549561	50549802	14707
15	50550591	50550724	7931
15	50555396	50555637	10600
15	50557743	50557864	8118
15	50569882	50570012	7316
15	50570306	50570475	8555
15	50570481	50570582	4585
15	50570646	50570747	8443
15	50570783	50571024	37398
15	50578177	50578418	12974
15	50581651	50581892	23167
15	50592976	50593109	4197
15	50593370	50593611	22593
15	50595101	50595342	23784
15	50596125	50596366	14550
15	50601850	50602005	3333
15	50646482	50646893	1488
15	50647157	50647258	6193
15	50647319	50647553	20806
15	50731261	50731384	4699
15	50733496	50733737	6683
15	50741566	50741692	3456
15	50751126	50751397	8522
15	50754436	50754557	6374
15	50757194	50757435	34461
15	50763789	50764030	21875
15	50768996	50769237	27866
15	50769433	50769706	16353
15	50773625	50774315	39909
15	50776453	50776574	8226
15	50781987	50782112	7837
15	50782409	50782770	13999
15	50784882	50785123	15035
15	50785217	50785318	2156
15	50785545	50785678	9234
15	50786045	50786166	9688
15	50786220	50786491	20076
15	50787981	50788342	21820
15	50789235	50789476	30943
15	50790737	50790978	21901
15	50791071	50791312	28607
15	50792938	50793059	8764
15	50821938	50822179	32794
15	50830873	50831096	12839
15	50833232	50833473	25135
15	50835778	50836019	17355
15	50836759	50837000	15549
15	50838634	50838755	18005
15	50852445	50852670	20275
15	50852956	50853057	11131
15	50853100	50853201	10182
15	50853490	50853591	4921
15	50853818	50854028	18937
15	50862074	50862200	10702
15	50862255	50862376	9400
15	50866452	50866693	18076
15	50866783	50866934	8201
15	50866979	50867370	19428
15	50867892	50868013	12562
15	50868029	50868150	6124
15	50870787	50870908	18050
15	50873026	50873147	3183
15	50875241	50875371	18422
15	50878575	50878696	4553
15	50881759	50881880	7055
15	50884071	50884867	40216
15	50885758	50885999	12888
15	50886596	50886837	8863
15	50888393	50888634	13519
15	50891254	50891525	11419
15	50897020	50897381	21900
15	50899339	50899580	5937
15	50901751	50901931	29103
15	50901959	50902200	25413
15	50903280	50903528	24192
15	50904704	50905065	28195
15	50905894	50906091	18136
15	50906268	50906509	25440
15	50911909	50912060	16569
15	50916308	50916549	23517
15	50920334	50920456	5994
15	50923588	50923709	13589
15	50925006	50925247	9168
15	50926549	50926785	8389
15	50929583	50929824	14187
15	50931561	50931768	11303
15	50935522	50935763	18729
15	50940861	50941102	27743
15	50949935	50950056	10003
15	50955142	50955263	5629
15	50978154	50978254	13237
15	50978637	50978969	35238
15	50999755	50999856	7554
15	50999972	51000093	4237
15	51012095	51012336	32735
15	51014298	51014419	844
15	51017405	51017530	7303
15	51018484	51018605	10105
15	51023137	51023258	9352
15	51024779	51024900	3307
15	51028287	51028409	7507
15	51028827	51028948	6778
15	51031829	51032070	9677
15	51039637	51039878	10949
15	51040293	51040414	8848
15	51040854	51041095	18082
15	51041823	51041953	8946
15	51057636	51057757	170
15	51200966	51201171	2750
15	51204249	51204400	11880
15	51207585	51207826	24239
15	51216103	51216224	19883
15	51217234	51217475	38184
15	51221164	51221405	27420
15	51222963	51223204	9793
15	51226796	51226917	11749
15	51233578	51233819	19732
15	51233826	51233982	15314
15	51240165	51240417	15042
15	51242013	51242145	8730
15	51242185	51242426	19881
15	51250599	51251014	46986
15	51260395	51260636	22208
15	51276159	51276400	21837
15	51285483	51285874	16221
15	51289500	51290101	58794
15	51291212	51291483	16914
15	51293180	51293421	7187
15	51294665	51294973	41762
15	51295093	51295208	6235
15	51295360	51295460	9188
15	51295904	51296005	7023
15	51296861	51296962	4700
15	51297588	51297689	3576
15	51297879	51297979	3265
15	51350057	51350650	35319
15	51386691	51386894	1623
15	51397136	51397407	33192
15	51501845	51501945	4630
15	51502947	51503308	33167
15	51504456	51504817	29106
15	51507226	51507467	13335
15	51507835	51508076	36432
15	51510673	51510914	12971
15	51514507	51514753	41529
15	51519931	51520172	36539
15	51529009	51529250	24699
15	51534915	51535156	22757
15	51633821	51634302	1602
15	51669610	51669731	4820
15	51675550	51675701	24974
15	51675972	51676158	18757
15	51686983	51687224	27095
15	51689657	51689850	16458
15	51692369	51692490	13863
15	51692511	51692752	24461
15	51693743	51693984	41719
15	51696411	51697012	57964
15	51739965	51740187	16629
15	51740210	51740389	13366
15	51740509	51740701	8723
15	51740909	51741009	9263
15	51741164	51741405	20284
15	51742313	51742554	27142
15	51743806	51743927	4111
15	51745701	51745852	10031
15	51747325	51747446	12916
15	51748205	51748586	17316
15	51749472	51749713	20215
15	51750642	51750883	10630
15	51750887	51751008	7962
15	51751775	51751876	5003
15	51755513	51755754	15624
15	51756861	51757092	18094
15	51757721	51757872	8298
15	51758323	51758520	40943
15	51763387	51763628	14311
15	51766483	51766844	18564
15	51768728	51768969	12843
15	51770444	51770565	13046
15	51772119	51772360	19254
15	51772678	51773879	140368
15	51778220	51778581	33577
15	51780112	51780353	15865
15	51780732	51780853	10674
15	51783738	51783979	7620
15	51787211	51787341	4831
15	51790687	51792488	146042
15	51794993	51795240	21208
15	51799269	51799510	19922
15	51806576	51806817	6590
15	51809228	51809379	10782
15	51827769	51828040	20836
15	51828308	51829107	69446
15	51829639	51830000	27845
15	51830348	51830670	38409
15	51834495	51834736	21329
15	51837720	51837991	8220
15	51839394	51839635	5329
15	51855549	51855670	5019
15	51856238	51856509	29121
15	51857269	51857390	4481
15	51860658	51860779	7531
15	51868194	51868388	7123
15	51914637	51914758	32286
15	51973932	51974053	4939
15	51974678	51974799	12829
15	51975248	51975643	25434
15	51980406	51980647	13521
15	51981338	51981575	15227
15	51984323	51984564	23506
15	51988008	51988249	33121
15	51991496	51991647	7703
15	51993221	51993492	10749
15	52005478	52005629	20250
15	52011542	52011783	15913
15	52015763	52015884	10215
15	52016941	52017332	21370
15	52029537	52029914	0
15	52043583	52043683	5882
15	52058580	52058821	18959
15	52060415	52060656	15316
15	52065818	52066089	36345
15	52069080	52069231	17493
15	52073184	52073425	18041
15	52074880	52075035	17243
15	52090344	52090585	18699
15	52098524	52098765	16016
15	52100542	52100693	30820
15	52100705	52100805	15799
15	52100992	52101092	7864
15	52101427	52101528	7001
15	52155023	52155264	23555
15	52161370	52161611	15875
15	52179695	52179966	22998
15	52181236	52181387	11770
15	52185973	52186196	27963
15	52188606	52188733	6585
15	52192302	52192543	12749
15	52194009	52194280	18690
15	52200898	52201156	11693
15	52201273	52201395	7325
15	52201681	52201781	3760
15	52230249	52230467	10691
15	52239446	52239597	11647
15	52241976	52242217	32539
15	52243987	52244228	19897
15	52245241	52245512	10608
15	52246663	52246784	19565
15	52250919	52251040	10964
15	52252047	52252251	24537
15	52252821	52252942	11008
15	52254546	52254700	8128
15	52257902	52258722	83191
15	52263822	52263973	21236
15	52311447	52311573	1659
15	52338011	52338111	7526
15	52338633	52339234	74853
15	52342140	52342381	22299
15	52350790	52351031	15724
15	52353475	52353716	16735
15	52356055	52357332	169495
15	52357343	52357443	5644
15	52357563	52357737	9506
15	52357792	52358324	23309
15	52401956	52402227	5296
15	52404377	52404978	7212
15	52414534	52414635	3674
15	52414868	52415019	6183
15	52416631	52416872	23980
15	52418131	52418252	4578
15	52420355	52420476	8873
15	52425559	52425680	9143
15	52427730	52428001	16183
15	52433281	52433522	11294
15	52439602	52439753	5029
15	52441990	52442161	15974
15	52446083	52446324	30342
15	52471955	52472086	4148
15	52476689	52476930	12699
15	52486023	52486294	22938
15	52487522	52487673	14386
15	52488471	52488712	23964
15	52496991	52497382	40151
15	52497966	52498207	22977
15	52500734	52500855	6250
15	52503852	52504123	25969
15	52505372	52505493	14729
15	52506782	52506903	12090
15	52510678	52510919	18628
15	52511926	52512047	13814
15	52513344	52513465	13734
15	52515709	52515950	16328
15	52517046	52517197	15754
15	52517242	52517363	14855
15	52517621	52517742	19148
15	52521268	52521539	11049
15	52524789	52524910	14985
15	52527822	52527973	11209
15	52529639	52529880	20529
15	52531881	52532122	18702
15	52534176	52534447	26829
15	52536537	52536778	22147
15	52537541	52537672	15003
15	52538134	52538255	5219
15	52539101	52539222	12191
15	52539600	52539841	7740
15	52540877	52540998	7331
15	52543498	52543769	20653
15	52545432	52545703	16555
15	52548815	52548936	9216
15	52553010	52553371	23084
15	52556377	52556503	6199
15	52561940	52562067	11922
15	52563939	52564060	4929
15	52564727	52564968	29064
15	52567715	52567956	25837
15	52569304	52569500	6260
15	52570990	52571261	12838
15	52571667	52571908	14593
15	52574942	52575099	16253
15	52587758	52587879	1081
15	52600874	52601074	8139
15	52604068	52604168	9320
15	52605137	52605237	3673
15	52605391	52605491	7446
15	52605710	52605810	7936
15	52605847	52606088	14288
15	52606298	52606419	4444
15	52609210	52609451	28890
15	52611216	52611577	72476
15	52613509	52613750	17320
15	52615535	52615656	9370
15	52620004	52620213	24767
15	52622501	52622742	42265
15	52628615	52628766	10491
15	52629982	52630103	12770
15	52632370	52632611	19000
15	52635262	52635413	6472
15	52638546	52638668	11123
15	52638740	52638861	11110
15	52640957	52641078	9188
15	52643441	52643688	28366
15	52645767	52645888	6111
15	52646018	52646259	12872
15	52652130	52652288	31222
15	52656741	52656944	6178
15	52659213	52659334	25910
15	52662308	52662669	37084
15	52664229	52664620	24248
15	52667457	52667698	19975
15	52668498	52668769	31446
15	52671812	52671940	10679
15	52671970	52672121	8032
15	52675275	52675396	6730
15	52676317	52676558	41511
15	52679976	52680127	12279
15	52681376	52681617	14246
15	52684075	52684316	16506
15	52688492	52688613	16395
15	52689349	52689710	33889
15	52697474	52697600	11975
15	52699479	52699606	10488
15	52700235	52700356	4611
15	52702480	52702721	21046
15	52708268	52708508	22448
15	52717977	52718218	12381
15	52720559	52720800	22993
15	52725362	52725492	2165
15	52727792	52727913	14358
15	52730188	52730289	3552
15	52797723	52797844	26466
15	52797981	52798102	13671
15	52820928	52821049	170
15	52841007	52841108	6287
15	52841544	52841645	5314
15	52841720	52841843	10894
15	52842070	52842171	6869
15	52843019	52843169	10418
15	52843184	52843519	21575
15	52843548	52843664	4602
15	52843897	52844335	30800
15	52849236	52849477	28905
15	52861005	52861126	737
15	52873818	52874229	21616
15	52874306	52874547	30134
15	52876920	52877161	54354
15	52879252	52879441	16519
15	52885732	52885973	8764
15	52892256	52892476	11670
15	52893261	52893382	4683
15	52897265	52897506	13533
15	52900711	52902632	232734
15	52903268	52903509	16173
15	52903751	52903992	15202
15	52905840	52906084	41566
15	52931332	52931432	15358
15	52970149	52970270	5923
15	53049387	53049488	19943
15	53049565	53050077	54009
15	53080928	53082180	74864
15	53176657	53176778	8602
15	53177819	53178733	63444
15	53230549	53230670	17516
15	53809862	53809983	6327
15	53815375	53815529	9054
15	53889252	53889493	33807
15	53901688	53901809	9342
15	53905847	53905968	4002
15	53907580	53908451	76479
15	53957745	53957986	19393
15	53991923	53992164	14449
15	53994319	53994561	18983
15	53997096	53997487	25854
15	53998046	53998317	13556
15	54003040	54003161	11002
15	54003484	54003725	17139
15	54004907	54005148	14732
15	54006577	54006728	7364
15	54007355	54007596	9662
15	54008781	54008902	8999
15	54014989	54015115	16470
15	54025148	54025389	8918
15	54305090	54308091	188257
15	54435164	54435285	14760
15	54435787	54435908	19553
15	54441509	54441609	5083
15	54527205	54527327	18702
15	54528569	54528690	7613
15	54529689	54529912	24675
15	54542411	54542652	29345
15	54556298	54556659	17839
15	54557502	54557743	9711
15	54586056	54586297	19278
15	54589945	54590186	7111
15	54592368	54592609	20713
15	54614093	54614334	16345
15	54624213	54624334	13774
15	54625948	54626069	14199
15	54630501	54630742	19477
15	54685191	54685432	21900
15	54707161	54707282	5578
15	54709083	54709229	13789
15	54786796	54786989	17815
15	54792263	54792384	21223
15	54792983	54793224	33196
15	54799292	54799413	9871
15	54803928	54804049	5959
15	54817729	54817850	14848
15	54825068	54825309	26885
15	54838910	54839104	13051
15	54841799	54841920	6771
15	54847608	54847729	4352
15	54859950	54860191	18273
15	54914509	54914630	5181
15	54915951	54916192	15659
15	54918987	54919433	33169
15	54919456	54919570	14847
15	54919832	54920113	24364
15	54920670	54920770	10042
15	55474325	55474446	9372
15	55475464	55475615	13045
15	55477530	55477651	9912
15	55483147	55483268	10022
15	55484908	55485041	6326
15	55488956	55489107	10332
15	55497313	55497413	8117
15	55497682	55497923	26208
15	55516027	55516268	13162
15	55520767	55520920	6553
15	55522550	55522701	9424
15	55526934	55527175	12055
15	55611403	55611621	16797
15	55612418	55612660	39727
15	55613418	55613647	14652
15	55619659	55619900	24825
15	55621865	55622106	33885
15	55626013	55626254	28617
15	55631429	55631550	13159
15	55632794	55633035	22613
15	55633906	55634052	21481
15	55642882	55643123	20708
15	55646964	55647205	20811
15	55647435	55647676	15452
15	55647836	55647936	2340
15	55648191	55648291	7398
15	55648417	55648670	23683
15	55651608	55653199	117186
15	55657324	55657517	4669
15	55663955	55664296	15730
15	55665093	55665257	14214
15	55669126	55669367	21752
15	55670444	55670595	18020
15	55677733	55677974	17464
15	55681531	55681652	4413
15	55700507	55700608	524
15	55700925	55701025	12566
15	55710223	55710768	28994
15	55722858	55722987	12862
15	55724685	55724810	12528
15	55727028	55727299	15665
15	55731660	55731789	9156
15	55734877	55735435	88452
15	55742371	55742612	14031
15	55759047	55759475	37538
15	55783266	55783507	62235
15	55789832	55790103	17249
15	55790344	55790585	40183
15	55838181	55839382	97219
15	55841089	55841210	11356
15	55879995	55880158	17955
15	55880934	55881085	5302
15	55911613	55911714	5714
15	55911744	55911953	5533
15	55912125	55912516	28933
15	55912851	55912975	8748
15	55916501	55916742	19892
15	55919144	55919361	23391
15	55920959	55921230	17513
15	55929331	55929572	12104
15	55930689	55930930	19728
15	55931811	55932052	39045
15	55933297	55933418	7804
15	55948496	55948597	6261
15	55964585	55964856	28997
15	55965540	55965901	19437
15	55967677	55967918	22995
15	55969937	55970298	30121
15	55971442	55971683	19225
15	55972209	55972450	10096
15	55972636	55972845	10374
15	55974507	55974741	22686
15	55975935	55976176	12098
15	56032549	56032910	39716
15	56035021	56035142	2984
15	56120919	56121199	34716
15	56121660	56121760	3460
15	56122084	56122207	12829
15	56122686	56122807	15740
15	56125192	56125313	7108
15	56126226	56126353	7587
15	56126363	56126514	7804
15	56129925	56130076	12318
15	56130280	56130401	11924
15	56130693	56130814	15254
15	56132588	56132984	18665
15	56134122	56134371	18098
15	56139138	56139259	10022
15	56140507	56140658	9132
15	56140684	56140805	7905
15	56140982	56141103	6189
15	56142688	56142959	29976
15	56144560	56144772	15857
15	56148300	56148421	4384
15	56152537	56153037	76366
15	56155072	56155313	15441
15	56161766	56161891	6507
15	56164582	56164727	15735
15	56166119	56166241	12549
15	56207472	56209039	143046
15	56216279	56216465	17334
15	56216809	56216930	5009
15	56243531	56243652	8318
15	56243670	56243807	14611
15	56258646	56258767	9465
15	56285669	56286063	17410
15	56297892	56298013	14478
15	56298376	56298553	28850
15	56379636	56379736	8614
15	56381499	56381600	3309
15	56382762	56382900	8578
15	56382984	56383874	65240
15	56383930	56384030	2958
15	56384348	56384448	12540
15	56384876	56384977	5552
15	56384996	56385213	13535
15	56385284	56388858	455147
15	56390245	56390606	45681
15	56393539	56393780	27819
15	56394347	56394468	4640
15	56395688	56395929	12317
15	56434909	56435156	19972
15	56436578	56436699	5456
15	56471423	56471544	22697
15	56484548	56484724	13508
15	56535281	56535522	18377
15	56657570	56657721	17452
15	56657761	56657882	8826
15	56665609	56665730	11435
15	56676128	56676249	6153
15	56680632	56680753	6306
15	56681495	56681616	4175
15	56683407	56683648	16144
15	56686342	56686463	13191
15	56686824	56687065	13119
15	56704445	56704686	5581
15	56719748	56719989	7781
15	56720542	56720663	5138
15	56721283	56721404	4800
15	56723525	56723753	24563
15	56726283	56726644	44491
15	56735614	56735745	8524
15	56735822	56736063	35153
15	56736632	56736881	50155
15	56739028	56739151	5933
15	56748534	56748775	31712
15	56756213	56756455	30032
15	56757077	56757228	8319
15	56923646	56924367	58023
15	56927359	56927480	9574
15	56935111	56935232	9534
15	56945690	56945797	2335
15	56946352	56946473	6507
15	56946520	56946761	12966
15	56946829	56947050	9312
15	56950591	56950712	9378
15	56958541	56958743	25681
15	56958849	56959210	43862
15	56960966	56961207	17700
15	56968819	56969060	23021
15	56969730	56969882	8447
15	56970819	56971060	39532
15	56974442	56974685	17853
15	56981229	56981358	8437
15	56981461	56981689	8186
15	56985233	56985455	13117
15	56993034	56993453	38009
15	56996270	56996511	23216
15	56999232	56999353	8039
15	56999421	56999542	9844
15	57017028	57017128	9561
15	57025646	57026173	7090
15	57212087	57212208	11443
15	57213198	57213319	2828
15	57258509	57258707	9034
15	57355923	57356044	11129
15	57383976	57384099	16966
15	57458570	57458691	7670
15	57484302	57484543	30950
15	57489935	57490056	15021
15	57490333	57490434	4246
15	57511692	57511813	10014
15	57523340	57523465	12372
15	57524437	57524678	31468
15	57524860	57525101	15416
15	57526211	57526332	13908
15	57535647	57535768	14491
15	57543493	57543644	17613
15	57544593	57544714	7048
15	57545441	57545682	25953
15	57554227	57554468	23185
15	57555239	57555510	22896
15	57565218	57565470	15874
15	57574592	57574833	13143
15	57578419	57578520	2137
15	57578571	57578692	7792
15	57578696	57578796	7088
15	57578825	57579026	10902
15	57579042	57579143	4316
15	57579305	57579406	4958
15	57579593	57579693	11591
15	57579719	57579839	13388
15	57579872	57579973	4129
15	57580020	57580179	7927
15	57580197	57580298	6562
15	57580305	57580415	5462
15	57580537	57580742	8749
15	57730127	57731838	112676
15	57732560	57732681	5402
15	57734561	57734686	8643
15	57743637	57743809	12840
15	57744261	57744532	25764
15	57745797	57746068	12925
15	57753832	57754103	20508
15	57808929	57809200	31087
15	57810581	57810705	6137
15	57815641	57815882	29262
15	57816712	57816983	14381
15	57820781	57821052	19304
15	57823841	57823992	17442
15	57835874	57835995	10187
15	57836611	57836852	20412
15	57837752	57837908	18269
15	57838204	57838475	22436
15	57839469	57839740	24810
15	57842519	57842620	3357
15	57842655	57842755	9786
15	57842797	57842898	8523
15	57884121	57884364	0
15	57890514	57890615	6420
15	57896418	57896569	6761
15	57910187	57910428	39654
15	57913790	57913911	6513
15	57917967	57918100	7765
15	57921854	57922086	21989
15	57924573	57924814	95530
15	57925723	57925994	15586
15	57929841	57929992	6955
15	57931599	57931753	13734
15	57953628	57953749	5687
15	57967124	57967276	17888
15	57976586	57976737	5583
15	57998122	57998311	26332
15	57998925	57999339	35761
15	58000872	58001593	102686
15	58004162	58004403	14559
15	58006654	58006925	31735
15	58007072	58007173	5692
15	58007319	58007420	12769
15	58027607	58027848	13718
15	58245597	58245753	8866
15	58246604	58246705	6161
15	58246839	58246940	5029
15	58247339	58247490	13834
15	58252943	58253064	3623
15	58253292	58253533	19271
15	58254170	58254411	37530
15	58256053	58256294	12005
15	58257882	58258035	12036
15	58271925	58272183	27977
15	58272202	58272757	55008
15	58284893	58285026	8624
15	58285055	58285326	11250
15	58287215	58287366	12600
15	58302790	58303031	30122
15	58306004	58306245	15682
15	58306365	58306489	7453
15	58357668	58357897	45646
15	58430755	58430885	11540
15	58442115	58442216	10397
15	58442489	58442701	7769
15	58458813	58459009	47758
15	58465214	58465455	23265
15	58467054	58467295	13664
15	58471314	58471555	16720
15	58476125	58476366	36883
15	58477500	58477601	5137
15	58723613	58723734	10820
15	58724184	58724335	14774
15	58725201	58725301	3927
15	58828371	58828472	3866
15	58830472	58830743	31714
15	58833953	58834194	24966
15	58834640	58834911	17980
15	58837906	58838184	19788
15	58840468	58840829	39552
15	58853053	58853241	26188
15	58855691	58855932	19132
15	58860905	58861036	8621
15	58888623	58888733	9434
15	58889161	58889362	10756
15	58889395	58889622	20042
15	58889625	58889852	29148
15	58891738	58891979	12196
15	58902387	58902726	23883
15	58903160	58903316	14125
15	58903977	58904218	25603
15	58913623	58913864	41038
15	58919877	58920110	30301
15	58925355	58925596	17816
15	58932946	58933187	14757
15	58936069	58936190	7377
15	58938207	58938448	12140
15	58947529	58947629	261
15	58957284	58957406	10633
15	58971280	58971521	11751
15	58974332	58974559	25405
15	58978591	58978832	24348
15	58983266	58983867	67148
15	58984262	58985387	138180
15	59003908	59004009	3599
15	59009729	59009970	20525
15	59009976	59010259	15113
15	59041613	59041813	4280
15	59063440	59064494	74358
15	59080072	59080223	6442
15	59094482	59094603	25215
15	59102386	59102627	20125
15	59113875	59114028	13259
15	59123922	59124163	27346
15	59139461	59139702	19034
15	59143945	59144186	6783
15	59146623	59146864	22587
15	59146884	59147062	23545
15	59147079	59147258	12272
15	59147307	59147407	8210
15	59147412	59147513	6771
15	59147628	59147821	9951
15	59148111	59148306	19683
15	59148526	59148627	6755
15	59171656	59171782	4495
15	59171872	59171972	3549
15	59172005	59172106	3944
15	59172160	59172316	11106
15	59175783	59176013	44886
15	59179124	59179365	22078
15	59179370	59179761	78437
15	59180547	59180788	23141
15	59181569	59181810	35753
15	59182448	59182689	11229
15	59185026	59185297	12654
15	59185459	59185580	14726
15	59185981	59186222	32793
15	59186279	59186402	12903
15	59186585	59186826	14504
15	59189251	59189492	15620
15	59190959	59191080	4869
15	59191574	59192175	25842
15	59193411	59193532	10832
15	59204662	59204835	13544
15	59205675	59205916	12309
15	59209104	59209225	7569
15	59224507	59224658	10875
15	59225562	59225803	17618
15	59225811	59225912	717
15	59322980	59323941	46036
15	59344445	59344659	8884
15	59347811	59348082	22721
15	59350530	59350771	14739
15	59358941	59359302	41621
15	59368102	59368463	27668
15	59373125	59373493	61021
15	59376269	59376510	17774
15	59377799	59378040	22409
15	59381820	59381971	14654
15	59383244	59383365	7409
15	59384655	59384895	16961
15	59386919	59387226	44726
15	59387280	59387418	21735
15	59387814	59387914	5142
15	59388065	59388265	16124
15	59388321	59388488	13924
15	59388501	59388688	20590
15	59397418	59397539	8948
15	59399463	59399704	17154
15	59399721	59399879	9643
15	59406606	59406847	32541
15	59406874	59407115	17429
15	59408825	59409186	34330
15	59409375	59409616	22227
15	59415706	59415836	2687
15	59416929	59417086	4948
15	59428768	59428868	9796
15	59429092	59429249	16026
15	59429555	59429676	5206
15	59430330	59430601	15518
15	59443126	59443277	5097
15	59445738	59446009	23076
15	59450470	59450591	14961
15	59453199	59453470	24279
15	59455277	59455548	14040
15	59463371	59463472	6910
15	59464047	59464272	28370
15	59465908	59466149	25922
15	59466260	59466501	13158
15	59470512	59470783	27415
15	59480304	59480425	8610
15	59487650	59487776	12173
15	59494504	59494625	9624
15	59497550	59497701	6716
15	59499111	59500715	180068
15	59500842	59501083	26270
15	59502694	59502815	10075
15	59506408	59506529	6268
15	59506787	59506938	10648
15	59508835	59509032	1919
15	59510036	59510307	12810
15	59515172	59515443	20676
15	59516803	59517074	13342
15	59519572	59519843	23714
15	59523884	59524005	12092
15	59528766	59528887	6312
15	59548466	59548587	12783
15	59553602	59553723	5497
15	59564455	59564696	36238
15	59571346	59571446	11794
15	59664636	59664767	514
15	59730416	59730516	58
15	59750742	59750899	8338
15	59752087	59752448	15846
15	59784407	59784648	24502
15	59799355	59799596	19366
15	59800993	59801234	14334
15	59806446	59806675	16065
15	59808820	59809061	9024
15	59813393	59813634	22840
15	59813642	59813743	10843
15	59814270	59814371	11918
15	59814433	59814534	16661
15	59814894	59815082	11929
15	59910374	59913024	234372
15	59931172	59931403	16439
15	59934276	59934517	24732
15	59942858	59942982	9423
15	59944379	59944500	6840
15	59955249	59955349	6602
15	59955734	59955835	7634
15	59955957	59956058	8551
15	59956062	59956163	7367
15	59956232	59956353	6619
15	59960258	59960379	4152
15	59961078	59961199	12013
15	59961456	59961577	11887
15	59963326	59963567	23458
15	59964765	59965006	13814
15	59969149	59969268	28350
15	59970076	59970317	18186
15	59970968	59971069	747
15	59971757	59971998	16294
15	59972412	59972533	3195
15	59974538	59974779	14019
15	59981322	59981731	9200
15	60296776	60296877	4770
15	60297110	60298191	49330
15	60639577	60639703	7530
15	60639767	60639918	14448
15	60641213	60641454	30023
15	60643329	60643480	8403
15	60643879	60644030	9254
15	60644537	60644688	5864
15	60646321	60646442	4821
15	60647991	60648217	12251
15	60649328	60649449	13046
15	60653130	60653263	7050
15	60656613	60656734	19493
15	60674499	60674650	14539
15	60678194	60678315	4269
15	60690029	60690150	1332
15	60715218	60715319	9072
15	60715662	60715763	10053
15	60715775	60716016	19138
15	60720575	60720936	29725
15	60724096	60724217	15469
15	60728322	60728443	5892
15	60734528	60734799	24243
15	60740135	60740376	16323
15	60741002	60742083	103307
15	60745741	60746012	20006
15	60747160	60747401	17902
15	60747461	60747702	25587
15	60748808	60749044	20819
15	60758731	60758972	10778
15	60760231	60760570	35217
15	60768252	60768376	15026
15	60770094	60770215	14154
15	60789614	60789855	17467
15	60792081	60792213	13218
15	60793148	60793278	3456
15	60794921	60795076	8923
15	60795678	60795919	17577
15	60797646	60797887	26398
15	60803351	60803862	79473
15	60806764	60807005	30317
15	60823946	60824067	10985
15	60824069	60824169	8709
15	60849028	60849149	18465
15	60850373	60850524	8879
15	60884550	60884651	554
15	60907008	60907279	17571
15	60919427	60919629	23140
15	60970779	60970930	8655
15	61521242	61521516	2393
15	62146645	62146767	15862
15	62147050	62147171	10140
15	62148425	62148666	11617
15	62155621	62155742	12135
15	62156485	62156606	20205
15	62156738	62156859	7845
15	62160073	62160194	5321
15	62160791	62161032	11803
15	62161689	62161880	9869
15	62164149	62164270	5483
15	62165401	62165618	16934
15	62167033	62167162	11133
15	62167921	62168054	12549
15	62169151	62169272	9275
15	62170754	62170995	12930
15	62172773	62172931	20525
15	62173006	62173163	27228
15	62173735	62173856	8192
15	62173925	62174046	6489
15	62174743	62174984	19051
15	62176276	62176517	21331
15	62182354	62182609	15427
15	62199372	62199631	20265
15	62201136	62201377	16017
15	62202366	62202559	5257
15	62203999	62204240	22564
15	62205500	62205624	7213
15	62207785	62208266	24739
15	62209505	62209866	28261
15	62210274	62210515	28987
15	62211416	62211687	23116
15	62212216	62212577	16409
15	62212650	62212891	15659
15	62214127	62214248	7750
15	62214537	62215018	28004
15	62217639	62217760	7039
15	62219280	62219529	14553
15	62221642	62222003	49063
15	62223252	62223493	16148
15	62226408	62226540	16920
15	62228721	62228992	15641
15	62232798	62233039	12727
15	62233932	62234293	20881
15	62237846	62238117	29211
15	62238496	62238619	10177
15	62239328	62239569	13883
15	62241571	62241842	17064
15	62242525	62242646	9214
15	62243122	62243243	10485
15	62243979	62244220	22725
15	62246565	62246791	14538
15	62250797	62250925	11734
15	62251599	62251840	14090
15	62253758	62254119	18463
15	62254532	62254773	10468
15	62254908	62255061	11047
15	62255970	62256211	12344
15	62256857	62257098	9769
15	62258250	62258371	3249
15	62259545	62259666	13612
15	62261453	62261694	20492
15	62264742	62265013	30015
15	62265630	62265751	9356
15	62266430	62266671	13680
15	62269187	62269408	13464
15	62270765	62271006	23470
15	62273457	62273728	14697
15	62274593	62274834	32270
15	62275993	62276234	8253
15	62277005	62277213	19227
15	62283184	62283305	5018
15	62283815	62284011	12193
15	62292732	62292883	10592
15	62299471	62299712	16671
15	62300844	62300970	4300
15	62302613	62302854	28614
15	62304273	62304394	15196
15	62305216	62305337	5116
15	62306100	62306221	3829
15	62312646	62312767	2974
15	62315600	62315729	6624
15	62315950	62316071	6147
15	62320526	62320647	7030
15	62325629	62325751	9444
15	62327142	62327263	8677
15	62333482	62333603	9154
15	62336371	62336492	6579
15	62352462	62352583	9327
15	62359752	62363117	141228
15	62456027	62457224	7264
15	62534742	62534863	12588
15	62534953	62535412	48377
15	62535438	62535780	43271
15	62535805	62536046	29246
15	62536260	62536381	11111
15	62536799	62536899	15695
15	62537111	62537211	17041
15	62537972	62538073	13273
15	62538326	62538903	87726
15	62539208	62539329	38092
15	62539437	62539678	54594
15	62539712	62539812	16193
15	62540545	62540786	42956
15	62540926	62541026	9229
15	62541048	62541149	9601
15	62542518	62542618	20895
15	62542761	62542963	67797
15	62544092	62544193	20978
15	62544348	62544448	23377
15	62544719	62544909	17516
15	62544997	62545097	10134
15	62546317	62546417	19181
15	62546436	62546624	28874
15	62547229	62547329	25122
15	62547516	62547624	28787
15	62547731	62547982	58235
15	62548237	62548338	39868
15	62549817	62549918	22036
15	62550233	62550334	7198
15	62552166	62552267	23375
15	62552304	62552404	33318
15	62552464	62552565	40125
15	62559452	62559552	14417
15	62574388	62574489	8712
15	62588497	62588597	6394
15	62939456	62939697	29697
15	62942240	62942391	19295
15	62944147	62944388	10943
15	62945351	62945556	8195
15	62948092	62948333	18190
15	62949912	62950153	29186
15	62965996	62966117	6964
15	62967406	62967530	17810
15	62978796	62979037	12606
15	62985028	62985150	7137
15	62986491	62986612	11179
15	62989825	62990096	41603
15	62990918	62991076	10615
15	62993267	62993423	17850
15	62994173	62994414	19890
15	62994952	62995073	15405
15	62999247	62999488	20872
15	63000636	63001027	17240
15	63004041	63004312	26183
15	63008472	63008713	10766
15	63009765	63009898	5519
15	63011956	63012089	10322
15	63014497	63014738	11621
15	63017117	63017358	12656
15	63019275	63019398	7192
15	63029029	63029300	21587
15	63030351	63030592	23396
15	63031524	63031765	33005
15	63032747	63033018	35009
15	63040505	63040656	9011
15	63042584	63042705	22540
15	63044443	63044684	23400
15	63045892	63046163	32068
15	63047690	63047931	13435
15	63053828	63054069	23247
15	63054410	63054681	29372
15	63055706	63055947	20600
15	63058509	63058631	4899
15	63063126	63063367	11875
15	63068914	63069155	18769
15	63073298	63073450	15580
15	63075960	63076167	26175
15	63084791	63085032	16386
15	63088287	63088528	28889
15	63089388	63089629	20455
15	63092478	63092749	17953
15	63092758	63093029	19971
15	63097770	63098011	15823
15	63102114	63102241	24744
15	63111676	63111830	6008
15	63112595	63112866	21602
15	63116131	63116265	8657
15	63125644	63125885	11592
15	63127905	63128026	25944
15	63128046	63128317	34219
15	63130996	63131232	28491
15	63132593	63132864	16825
15	63133031	63133166	13788
15	63133220	63133321	9276
15	63133323	63133477	12222
15	63335008	63335152	6161
15	63335895	63336071	1818
15	63336167	63336408	9869
15	63338894	63338995	4308
15	63340355	63341172	20591
15	63341188	63341288	20140
15	63349099	63349370	26927
15	63351699	63351940	15222
15	63353011	63353162	25291
15	63353343	63353494	17638
15	63353858	63354009	8681
15	63354383	63354504	7005
15	63354748	63354869	9820
15	63356212	63356389	23443
15	63358035	63358156	10459
15	63362044	63362165	9409
15	63363268	63363389	9422
15	63363420	63363617	28659
15	63363623	63363781	21236
15	63364010	63364120	9179
15	63414001	63414478	346
15	63414776	63414927	13063
15	63419031	63419272	18892
15	63419538	63419899	11923
15	63421645	63421886	9202
15	63433440	63434041	29034
15	63434128	63434238	5400
15	63446183	63446304	11240
15	63447719	63447960	21698
15	63448571	63448812	22843
15	63449540	63449661	11951
15	63481764	63481986	11661
15	63536923	63537044	7502
15	63541812	63541933	23362
15	63547683	63547834	6112
15	63548687	63548808	8689
15	63551797	63551918	8324
15	63554854	63554975	10359
15	63555680	63555942	30683
15	63556060	63556160	10804
15	63557164	63557264	7351
15	63557842	63557966	10048
15	63558065	63558165	3811
15	63558347	63558470	12431
15	63558623	63558782	13884
15	63559046	63559192	11699
15	63559476	63559576	4556
15	63569813	63569945	23217
15	63570471	63570625	12059
15	63571323	63571564	51131
15	63578730	63578881	15519
15	63579562	63579803	53635
15	63594486	63594727	24908
15	63597775	63598016	18790
15	63615697	63615879	5803
15	63618392	63618579	20734
15	63619298	63619449	23110
15	63620251	63620372	3278
15	63630959	63631200	32065
15	63632444	63632685	14023
15	63632859	63633010	12227
15	63634187	63634308	5199
15	63637595	63637866	51964
15	63638667	63638938	44598
15	63667805	63667926	5061
15	63673815	63673936	4907
15	63796729	63796877	616
15	63796906	63797043	1131
15	63824805	63824935	20866
15	63829168	63829409	19713
15	63845894	63846015	7252
15	63848845	63848966	4986
15	63850284	63850405	9817
15	63852046	63852179	9531
15	63855059	63855217	19368
15	63862553	63862824	16645
15	63866206	63866361	20201
15	63866470	63866621	8904
15	63880441	63880682	10708
15	63880866	63881024	16381
15	63881085	63881236	20739
15	63882821	63883253	52507
15	63883273	63883387	4500
15	63889592	63889956	26028
15	63891322	63891422	4456
15	63892895	63893238	620
15	63893448	63893929	40498
15	63900774	63900875	7673
15	63901042	63901143	3973
15	63901251	63901492	26363
15	63904421	63904783	29555
15	63907921	63908162	17825
15	63908573	63908934	21562
15	63914990	63915111	3103
15	63915885	63916126	12482
15	63916320	63916561	35079
15	63918147	63918388	9847
15	63920823	63921064	14020
15	63922628	63922869	12026
15	63924837	63925078	13989
15	63925986	63926227	11056
15	63926888	63927129	9142
15	63928129	63928370	26643
15	63929651	63929858	13178
15	63930551	63930792	18545
15	63930881	63931002	14105
15	63932316	63932677	32633
15	63933634	63933865	13763
15	63935145	63935366	15432
15	63935554	63935795	12994
15	63937122	63937363	21475
15	63937660	63937901	7356
15	63940240	63940452	21093
15	63941902	63942143	28553
15	63943394	63943635	5758
15	63944555	63944796	38342
15	63946299	63946540	15424
15	63947926	63948167	22238
15	63948240	63948601	12952
15	63950708	63950949	11148
15	63951913	63952154	25272
15	63953136	63953257	9173
15	63953904	63954265	39946
15	63955102	63955472	22263
15	63956609	63956850	11666
15	63958052	63958413	23299
15	63958491	63958732	13496
15	63961695	63961936	16696
15	63964672	63964913	29894
15	63966507	63967348	121312
15	63970002	63970603	50640
15	63972256	63972377	2518
15	63972674	63973035	31345
15	63978524	63978765	20053
15	63981721	63981962	10960
15	63982730	63982858	2743
15	63984566	63984807	16628
15	63986079	63986425	17149
15	63986448	63986795	7646
15	63986911	63987152	18258
15	63988309	63988550	22582
15	63990879	63991240	28995
15	63998943	63999064	3101
15	64004912	64005153	21308
15	64005526	64005887	23261
15	64008465	64008706	24560
15	64010711	64011158	43030
15	64015346	64015587	10831
15	64017420	64017781	31300
15	64019820	64020061	21925
15	64021379	64021620	9625
15	64021650	64021891	16734
15	64025052	64025413	31304
15	64026864	64027105	12405
15	64039103	64039319	19386
15	64039894	64040109	3716
15	64041530	64041771	11034
15	64041796	64042037	14684
15	64045099	64045340	26515
15	64046654	64046895	18123
15	64047414	64047535	5243
15	64048610	64048971	45890
15	64050349	64050590	37442
15	64056281	64056402	3177
15	64066876	64067837	84682
15	64125978	64126079	1837
15	64163104	64163260	14654
15	64200697	64200818	15795
15	64204057	64204208	12462
15	64204290	64204411	6350
15	64214951	64215542	46929
15	64216912	64217087	26863
15	64218064	64218335	24613
15	64221701	64221822	7239
15	64221889	64221989	4016
15	64222538	64222689	10630
15	64231374	64231570	10333
15	64263569	64263810	15717
15	64275721	64275963	38630
15	64332353	64332474	12356
15	64364900	64365078	9786
15	64365117	64365238	12964
15	64367652	64367773	13840
15	64373264	64373385	9862
15	64380722	64381087	24496
15	64385754	64386025	27829
15	64388170	64388411	24252
15	64404736	64404893	14612
15	64410258	64410499	35994
15	64410958	64411079	13010
15	64415662	64415783	17448
15	64418227	64418468	15337
15	64419320	64419471	7167
15	64419906	64420027	7857
15	64422080	64422238	12604
15	64422412	64422533	7125
15	64423867	64424108	13636
15	64426783	64427057	35347
15	64428507	64428628	16444
15	64429034	64429155	4481
15	64429700	64429851	7093
15	64430101	64430217	13099
15	64443950	64444071	1089
15	64444422	64444825	12946
15	64444827	64444951	11750
15	64445399	64445550	4849
15	64445775	64445926	6811
15	64446106	64446361	27526
15	64446495	64446766	14802
15	64448052	64448402	29967
15	64448864	64449135	32370
15	64452261	64452409	18035
15	64454205	64454363	10268
15	64454996	64455237	46309
15	64457910	64458079	11103
15	64458176	64458279	9970
15	64458775	64458876	6914
15	64459020	64459121	5362
15	64459740	64459840	23326
15	64460387	64460526	6968
15	64461205	64461306	3853
15	64462670	64462840	11110
15	64462973	64463073	11059
15	64463092	64463192	6759
15	64463217	64463443	16308
15	64463482	64463583	9065
15	64463705	64463899	8791
15	64464020	64464216	12329
15	64468422	64468522	782
15	64472537	64472663	12915
15	64473467	64473629	22995
15	64480573	64480684	10532
15	64481580	64481701	11484
15	64495271	64495398	18675
15	64496592	64496833	17837
15	64497014	64497165	13797
15	64499689	64499810	9174
15	64506079	64506350	90881
15	64508715	64508956	6117
15	64543654	64543805	11234
15	64551328	64551479	8354
15	64557964	64558064	2615
15	64592456	64592727	69480
15	64658120	64658298	11391
15	64665677	64665918	17097
15	64668901	64669142	10912
15	64673135	64673256	7251
15	64673456	64673607	6688
15	64679987	64680173	19224
15	64686108	64686349	24104
15	64687542	64687783	12806
15	64689789	64690030	11261
15	64692889	64693040	11406
15	64698472	64698713	16795
15	64701768	64702039	12601
15	64706225	64706466	29563
15	64710712	64710953	18234
15	64716140	64716411	14821
15	64717723	64717844	8040
15	64737194	64737317	2938
15	64747138	64747289	4344
15	64752953	64753054	0
15	64791540	64792614	70126
15	64812184	64812284	14023
15	64885170	64885591	25550
15	64889442	64889542	4924
15	64914987	64915261	43559
15	64962527	64962648	12817
15	64966083	64968484	118037
15	64970226	64970737	45751
15	64972350	64972591	25694
15	64972801	64973072	18393
15	64973436	64973594	5057
15	64973849	64974253	17425
15	64974277	64974476	3241
15	64974559	64974817	34046
15	64975165	64975266	9000
15	64975489	64975589	6751
15	64976979	64977079	16931
15	64977143	64977363	13614
15	64977370	64977555	9209
15	64977787	64977919	10884
15	64979772	64979873	3378
15	64980013	64980114	6437
15	64980224	64980379	5465
15	64980613	64980753	6522
15	64980846	64981087	15320
15	64981264	64981385	3993
15	64982539	64982780	35197
15	64983590	64983836	9319
15	64995176	64995297	16410
15	65032063	65032190	5518
15	65032203	65032317	5920
15	65032750	65032851	6267
15	65033037	65033137	4239
15	65033348	65033469	5036
15	65040540	65040811	24752
15	65041122	65041393	14768
15	65041569	65041720	7338
15	65042469	65042620	19565
15	65043707	65043858	12674
15	65054498	65054769	23230
15	65067396	65067528	87
15	65107837	65108198	22481
15	65108465	65108586	14892
15	65108717	65108988	16268
15	65110096	65110337	23384
15	65110408	65110559	9544
15	65111306	65111432	6631
15	65111964	65112235	25250
15	65113142	65113297	7676
15	65113301	65113759	18250
15	65114376	65114862	22892
15	65115908	65116565	18879
15	65134160	65134281	258
15	65140745	65140986	27288
15	65147056	65147297	20300
15	65152053	65152207	18705
15	65153663	65153784	18551
15	65157051	65158132	56658
15	65159347	65159448	6613
15	65204096	65204217	3335
15	65207956	65208109	5814
15	65209527	65209723	20794
15	65214107	65214228	8187
15	65218255	65218379	15021
15	65219057	65219208	11185
15	65223007	65223128	9018
15	65223638	65223873	10637
15	65226293	65226444	16791
15	65234651	65234772	4902
15	65235637	65235788	19131
15	65236835	65236956	6246
15	65239567	65239838	13376
15	65242006	65242247	23265
15	65243138	65243259	3135
15	65255516	65255616	2051
15	65255867	65256098	13610
15	65257609	65257850	10815
15	65261582	65261709	3343
15	65262414	65262570	5848
15	65266891	65267132	11859
15	65268785	65268906	17096
15	65273131	65273402	16167
15	65275814	65275935	3642
15	65295375	65295616	17366
15	65297171	65297292	10709
15	65298428	65298549	2949
15	65308758	65308879	9503
15	65312511	65312632	2160
15	65313781	65314022	21070
15	65315949	65316190	17182
15	65319129	65319393	15252
15	65321725	65321966	0
15	65342329	65342450	11145
15	65343806	65343957	26190
15	65345251	65345522	13774
15	65346045	65346146	6804
15	65346408	65346509	9050
15	65346977	65347113	14046
15	65347153	65347622	29444
15	65350738	65350979	15597
15	65351658	65351779	20160
15	65357521	65357642	8787
15	65360060	65360183	685
15	65369120	65370561	31458
15	65385434	65385570	14120
15	65386812	65386915	3978
15	65391842	65392053	19828
15	65394443	65395023	13013
15	65398433	65398554	12701
15	65409706	65409807	978
15	65410995	65411236	20359
15	65411666	65411817	7547
15	65411981	65412318	14683
15	65421317	65421558	21508
15	65425188	65426210	20977
15	65442778	65442985	15720
15	65443114	65443265	7320
15	65444758	65444884	12783
15	65445869	65445990	5158
15	65447088	65447449	50591
15	65447990	65448231	34265
15	65449164	65449285	10368
15	65450044	65450285	18830
15	65450879	65451120	12397
15	65454901	65455022	4296
15	65456325	65456566	10105
15	65458924	65459165	24865
15	65471183	65471450	14713
15	65472340	65472581	12905
15	65477390	65477513	15877
15	65489021	65491452	251659
15	65494167	65494408	14620
15	65495662	65495818	9711
15	65496581	65496942	26738
15	65497563	65497834	23892
15	65499043	65499434	40809
15	65499994	65500115	17613
15	65501971	65502122	12714
15	65540508	65540609	4734
15	65550992	65551093	11289
15	65551150	65551326	13660
15	65551396	65551497	11422
15	65551654	65551933	18446
15	65553142	65553413	24734
15	65555421	65555692	25371
15	65558851	65559122	22081
15	65563190	65563461	34759
15	65578556	65578797	7311
15	65592428	65592529	4319
15	65619423	65619562	9642
15	65619968	65620069	4826
15	65620340	65620440	10586
15	65620471	65620608	7188
15	65620659	65620927	23646
15	65621144	65621546	65100
15	65621680	65621951	27039
15	65621981	65622252	29815
15	65622591	65622745	14909
15	65622832	65623103	13819
15	65623318	65623589	17671
15	65623692	65624047	22538
15	65624210	65624481	12369
15	65625522	65625793	20269
15	65627013	65627254	45395
15	65627572	65627813	10257
15	65628100	65628341	26259
15	65665997	65666097	3630
15	65667406	65667767	21124
15	65669916	65670136	281
15	65670173	65670274	0
15	65673997	65674415	18044
15	65674424	65674525	5214
15	65674743	65674844	9885
15	65675449	65675550	9961
15	65676310	65676791	54764
15	65677221	65677492	10656
15	65678131	65678407	10118
15	65678879	65679004	3603
15	65680704	65680975	13098
15	65681109	65681350	12772
15	65681534	65681805	23972
15	65682433	65682704	34512
15	65684177	65684329	8304
15	65684378	65684769	13263
15	65685662	65685903	22943
15	65686666	65686906	13108
15	65687392	65687633	35615
15	65688026	65688747	35399
15	65689128	65689369	32830
15	65693062	65693319	11733
15	65694635	65694876	8397
15	65702435	65702706	16805
15	65703321	65703718	34440
15	65715044	65715215	154
15	65721831	65721931	2233
15	65725606	65725706	8855
15	65725769	65725870	3447
15	65737924	65738025	6142
15	65738728	65738902	10778
15	65739161	65739402	9631
15	65743327	65743458	4205
15	65743962	65744062	7264
15	65744254	65744488	11319
15	65746555	65746796	12828
15	65748514	65748755	15084
15	65756089	65756291	12121
15	65758932	65759203	32187
15	65759363	65759604	11865
15	65766525	65766646	7942
15	65771176	65771417	19782
15	65771856	65771957	5587
15	65772527	65772768	8134
15	65772884	65772984	13454
15	65773841	65773963	3238
15	65777406	65777527	6821
15	65779970	65780211	14183
15	65782517	65782647	18414
15	65782713	65782814	6881
15	65790164	65790405	25174
15	65792909	65793150	23325
15	65799545	65799703	11364
15	65804586	65804947	16920
15	65807271	65807372	10356
15	65807950	65808071	11057
15	65822951	65823072	15067
15	65827585	65827685	3818
15	65827926	65828026	7279
15	65843973	65844094	10148
15	65847200	65847321	12010
15	65848973	65849278	30751
15	65850982	65851103	14238
15	65852070	65852171	7687
15	65855045	65855286	44443
15	65856495	65856736	26029
15	65862363	65862604	23245
15	65863817	65864058	37908
15	65864517	65864758	20709
15	65868617	65868738	3678
15	65868808	65868908	8839
15	65870199	65870299	3162
15	65871690	65872051	18952
15	65874263	65874384	21023
15	65877015	65877286	30012
15	65883881	65884122	28827
15	65885716	65885957	31187
15	65886037	65886141	8591
15	65888025	65888176	13295
15	65890608	65890849	13906
15	65891147	65891388	7533
15	65892068	65892309	25663
15	65897457	65897584	8667
15	65899456	65899763	27246
15	65903410	65903511	13541
15	65916402	65918322	214636
15	65930431	65930552	11662
15	65931865	65932106	13576
15	65936746	65936867	8857
15	65937934	65938055	5781
15	65942657	65943345	44120
15	65943991	65944112	7646
15	65944941	65945182	39192
15	65946111	65946472	32724
15	65954135	65954376	11987
15	65956638	65956759	10303
15	65956857	65957098	20442
15	65957499	65957600	6843
15	65957620	65957839	19920
15	65959732	65960093	18642
15	65960240	65960481	21201
15	65962068	65962309	21172
15	65962317	65962558	10051
15	65964115	65964236	6072
15	65968756	65968997	13141
15	65982699	65983901	161304
15	65988645	65988889	35428
15	65989541	65989782	15814
15	65992881	65993011	10019
15	65993338	65993542	16454
15	65994042	65994283	9065
15	65994631	65994865	10464
15	65995157	65995398	21958
15	65998374	65998607	13807
15	66007767	66008002	11581
15	66010103	66010344	18689
15	66015114	66015355	24768
15	66021376	66021617	8144
15	66021822	66022029	13180
15	66023947	66024068	7714
15	66025061	66025182	5172
15	66029982	66030343	23758
15	66031007	66031248	14341
15	66034004	66034147	3440
15	66044655	66044976	27407
15	66048451	66048812	27656
15	66063450	66063601	14581
15	66161852	66162003	14058
15	66169646	66169887	33084
15	66170075	66170316	24792
15	66171987	66172108	4473
15	66179987	66180594	57237
15	66180648	66180748	7132
15	66180993	66181094	4480
15	66181297	66181489	14444
15	66187636	66187785	16351
15	66187879	66188000	7583
15	66188519	66188620	5643
15	66188733	66188834	18787
15	66190230	66190471	18226
15	66191047	66191288	28769
15	66198380	66198510	6869
15	66201371	66201495	4389
15	66202049	66202170	9944
15	66202227	66202348	11182
15	66204419	66204538	17472
15	66206011	66206372	17997
15	66207750	66207991	26885
15	66208428	66208669	13875
15	66208873	66209313	38648
15	66210246	66210487	21216
15	66214621	66214862	20537
15	66215112	66215353	13746
15	66220692	66220933	20914
15	66222018	66222259	24630
15	66223099	66223333	16814
15	66249850	66250091	16009
15	66257230	66257471	24580
15	66262837	66263078	15249
15	66273054	66273295	14295
15	66274567	66274882	6100
15	66284475	66284576	6807
15	66332571	66332670	12189
15	66385870	66385986	7310
15	66386724	66386845	11551
15	66411389	66411593	8759
15	66416166	66416407	21595
15	66420631	66420752	7041
15	66585879	66586083	581
15	66587281	66587517	26879
15	66599104	66599345	38246
15	66600993	66601234	25549
15	66604028	66604265	9501
15	66606354	66606475	13129
15	66607342	66607583	23590
15	66610750	66610991	17626
15	66612868	66613109	29823
15	66614937	66615328	35233
15	66615815	66615936	12428
15	66618134	66618764	46801
15	66621263	66621504	26404
15	66621526	66621767	23675
15	66624134	66624405	17524
15	66625039	66625280	14117
15	66625314	66625675	19601
15	66629286	66629529	32907
15	66633469	66633710	9664
15	66639460	66639731	19547
15	66641338	66641489	16363
15	66641592	66641833	20294
15	66643839	66643960	10365
15	66644414	66644565	16299
15	66645117	66645338	14344
15	66671662	66671903	57346
15	66679664	66679785	19049
15	66727318	66727589	23026
15	66729005	66729276	44945
15	66735595	66735716	9969
15	66736958	66737109	21606
15	66774033	66774274	34118
15	66777277	66777548	31048
15	66779536	66779657	7675
15	66781522	66781643	10417
15	66782017	66782138	16197
15	66782704	66783137	48150
15	66783345	66783467	5080
15	66783479	66783579	7956
15	66783633	66783734	6498
15	66784302	66784403	13028
15	66786634	66786936	28307
15	66787621	66787772	14594
15	66789933	66790084	31924
15	66791656	66792047	40743
15	66792382	66792573	14505
15	66792611	66792732	6059
15	66793243	66793484	10248
15	66793561	66793874	14471
15	66794066	66794454	21016
15	66794925	66795258	19080
15	66795357	66795512	8489
15	66795556	66795901	6807
15	66797065	66797197	15856
15	66797611	66797762	12291
15	66801143	66801264	8089
15	66806282	66806433	8597
15	66807801	66808042	34337
15	66811195	66811436	32883
15	66812901	66813022	7868
15	66813314	66813585	32073
15	66815959	66816110	12252
15	66819613	66819734	14717
15	66820161	66820282	9011
15	66821151	66821305	6972
15	66821810	66821931	19217
15	66824541	66824782	18091
15	66825275	66825396	8720
15	66828217	66828458	23132
15	66829492	66829613	4785
15	66832400	66832558	13954
15	66838881	66839032	10063
15	66840764	66841005	8919
15	66842349	66842470	10259
15	66843978	66844219	13966
15	66844322	66844563	27446
15	66845247	66845638	35909
15	66850019	66850406	36684
15	66853300	66853708	29530
15	66855844	66855973	6228
15	66856201	66856352	7791
15	66856974	66857215	22889
15	66857493	66857764	14227
15	66976308	66976408	9178
15	66977587	66977687	10817
15	66994759	66994860	6271
15	66995444	66996423	13636
15	67001009	67001141	8595
15	67003942	67004093	7180
15	67008736	67008857	11090
15	67009943	67010043	8378
15	67068677	67068777	11900
15	67073302	67073903	55602
15	67074039	67074175	6558
15	67074247	67074348	10037
15	67160261	67160632	21818
15	67336497	67336978	34477
15	67358482	67358715	8253
15	67359146	67359247	14466
15	67430351	67430451	6694
15	67440477	67440577	5108
15	67457178	67457449	30797
15	67457505	67457776	21127
15	67459092	67459213	5501
15	67462855	67462976	4209
15	67473533	67473804	15951
15	67477012	67477253	15908
15	67479653	67479894	17826
15	67482661	67482932	26644
15	67484224	67484324	3365
15	67484463	67484564	4253
15	67485946	67486047	13822
15	67487178	67487279	22431
15	67487459	67487560	18756
15	67495136	67495257	8851
15	67495849	67496000	9888
15	67496372	67496496	12250
15	67500886	67501007	15451
15	67501749	67501900	5368
15	67524132	67524253	9699
15	67528300	67528421	8650
15	67528732	67528853	5007
15	67528941	67529182	15875
15	67546871	67546992	3924
15	67547198	67547319	17447
15	67553549	67553790	19716
15	67555445	67555566	7119
15	67571670	67571860	17822
15	67596676	67596793	8404
15	67599114	67599215	3318
15	67629251	67629470	18146
15	67636343	67636584	18312
15	67649659	67649780	6274
15	67652142	67652263	19989
15	67663805	67663926	5036
15	67664423	67665024	40860
15	67665676	67665964	25157
15	67677224	67677375	14770
15	67681135	67681376	25197
15	67687553	67687944	21708
15	67692396	67692667	23657
15	67709177	67709448	8977
15	67713619	67713951	28303
15	67757428	67757669	32863
15	67767995	67768214	20408
15	67782310	67782431	11573
15	67786586	67786714	8703
15	67792961	67793094	7573
15	67793132	67793233	2709
15	67813513	67813994	21523
15	67818698	67818939	27230
15	67835619	67835860	24331
15	67842334	67842455	25660
15	67855593	67855714	7734
15	67873065	67873186	10689
15	67878186	67878307	16385
15	67879126	67879277	9934
15	67885226	67885347	10251
15	67892022	67892122	14390
15	67892993	67893114	8373
15	67905380	67905480	12059
15	67920188	67920334	4807
15	67923184	67923305	12363
15	67933722	67933843	9966
15	67934766	67934887	9626
15	67938541	67938662	7777
15	67938705	67938826	7197
15	67950860	67950981	17160
15	67951071	67951172	13874
15	67956897	67957018	11887
15	67984792	67984913	11436
15	67985819	67985940	18971
15	67995649	67995770	6898
15	67999535	67999636	4428
15	68013146	68013246	6793
15	68016459	68016559	3122
15	68020207	68020328	11961
15	68040520	68040641	22811
15	68040861	68040982	10436
15	68050770	68050870	6746
15	68060726	68060830	10139
15	68060904	68061005	6782
15	68061909	68062030	10725
15	68064976	68065127	5951
15	68072654	68072755	10275
15	68090958	68091058	4585
15	68098974	68099098	20522
15	68099144	68099265	15101
15	68099389	68099490	7613
15	68112001	68112122	16062
15	68114213	68114574	29084
15	68116277	68116398	12956
15	68117031	68117392	26272
15	68117822	68118162	18070
15	68118181	68120528	110390
15	68121500	68121621	5321
15	68122491	68122646	11278
15	68123100	68123251	15485
15	68124567	68124718	4831
15	68124890	68125041	4754
15	68125501	68125622	10475
15	68126035	68126186	33894
15	68346559	68346736	738
15	68378624	68379105	41782
15	68434264	68434385	11597
15	68434590	68434711	5681
15	68438137	68438258	5336
15	68438849	68439090	20624
15	68445859	68446100	26986
15	68457044	68457165	3674
15	68466028	68466269	20368
15	68467918	68468159	30235
15	68468780	68469021	13090
15	68473499	68473740	28578
15	68475925	68476046	8198
15	68479845	68480238	41132
15	68480274	68480429	5712
15	68483444	68483545	6353
15	68483598	68483796	10613
15	68483858	68483958	5419
15	68486268	68486466	14192
15	68489750	68489991	29430
15	68491797	68492068	28992
15	68497382	68497768	31397
15	68500431	68500792	16470
15	68501884	68502155	14710
15	68503537	68503688	4663
15	68503955	68504226	20866
15	68506314	68506736	28878
15	68510813	68511050	11494
15	68521819	68521940	76
15	68570346	68570447	768
15	68570449	68570644	806
15	68570676	68571059	26657
15	68581921	68583660	148113
15	68594112	68594213	8133
15	68594261	68594361	5795
15	68595023	68595124	12722
15	68595371	68595492	7803
15	68596045	68596286	14565
15	68599672	68599793	10719
15	68599857	68600098	17221
15	68603313	68603434	6519
15	68603563	68603804	21121
15	68605094	68605215	6742
15	68606100	68606221	14007
15	68607965	68608086	6901
15	68609590	68609711	10465
15	68612505	68612746	15616
15	68613737	68613858	5795
15	68617402	68617643	21644
15	68618941	68619182	10674
15	68620395	68620636	21179
15	68623262	68623503	18185
15	68624177	68624418	25089
15	68624624	68624865	27428
15	68627987	68628228	38830
15	68631788	68632029	11200
15	68641141	68641262	7561
15	68642916	68643157	29542
15	68643546	68643787	18822
15	68649441	68649682	19138
15	68650738	68650979	13623
15	68653864	68654104	23364
15	68657029	68657150	13443
15	68661450	68661691	29685
15	68695191	68695432	30452
15	68724303	68724544	381
15	68871550	68871671	0
15	68937477	68937718	25755
15	68987415	68987656	9786
15	69003024	69003265	21739
15	69003841	69004082	18459
15	69006170	69006441	22122
15	69006858	69007012	8195
15	69007510	69007661	4946
15	69011027	69011159	13658
15	69011436	69011587	6695
15	69011670	69011941	14186
15	69018096	69018444	17109
15	69018847	69018948	5472
15	69019491	69019592	12427
15	69019971	69020148	7503
15	69058265	69058411	5266
15	69072164	69072265	2450
15	69072327	69072510	6350
15	69072719	69072840	9080
15	69075191	69075481	38826
15	69076713	69076954	38720
15	69079691	69079932	26268
15	69080062	69080303	25022
15	69083829	69084310	41065
15	69094176	69094277	4028
15	69097394	69097495	4926
15	69112990	69113123	16553
15	69222933	69223084	22239
15	69237928	69238936	43408
15	69307038	69307159	8702
15	69318780	69319051	20353
15	69320478	69320749	17359
15	69323793	69324184	30201
15	69325277	69325648	12332
15	69327649	69327890	22574
15	69328065	69328306	34524
15	69329337	69329578	38642
15	69331141	69331343	15777
15	69334922	69335193	42293
15	69339122	69339243	8501
15	69339693	69339928	12191
15	69340149	69340270	5168
15	69341287	69341408	6358
15	69347605	69347876	11881
15	69348849	69349090	27539
15	69373147	69373589	39536
15	69420550	69421104	1281
15	69452914	69453014	2707
15	69546214	69546315	5390
15	69548132	69548741	60746
15	69553365	69553726	26075
15	69560529	69561660	112512
15	69561911	69562012	8595
15	69562179	69562351	12437
15	69563424	69563616	15664
15	69563773	69563950	9202
15	69564271	69564444	24353
15	69564447	69564559	10141
15	69652383	69652504	15586
15	69672134	69672405	37187
15	69676997	69677238	43707
15	69681934	69682175	31430
15	69683459	69683559	2498
15	69687257	69687399	24222
15	69689793	69689914	18699
15	69692262	69692503	15275
15	69695890	69696220	13716
15	69706748	69706869	2289
15	69708236	69708457	8103
15	69709664	69709905	19302
15	69713976	69714101	20694
15	69714277	69714518	23728
15	69714628	69714784	7761
15	69715461	69715683	16221
15	69717591	69717691	31932
15	69718373	69718531	19574
15	69718614	69718848	42760
15	69721409	69721562	8413
15	69727800	69727921	13870
15	69727929	69728170	26026
15	69728417	69728658	29168
15	69728860	69729098	17367
15	69730544	69730785	17374
15	69732178	69732449	6770
15	69732585	69732856	6124
15	69733081	69733442	20492
15	69737073	69737403	33585
15	69738327	69738448	12568
15	69738601	69738722	5406
15	69739183	69739304	25650
15	69740047	69740198	7787
15	69740481	69740656	14917
15	69745092	69745373	20927
15	69745961	69746082	39631
15	69747416	69747687	21726
15	69747745	69747866	10355
15	70077744	70077853	2368
15	70342368	70342609	13976
15	70343706	70343827	8453
15	70344666	70344907	10242
15	70345518	70345759	16790
15	70346719	70347080	32379
15	70347334	70347692	34824
15	70348613	70348734	16336
15	70349776	70350017	60626
15	70350438	70350679	45234
15	70350956	70351197	7297
15	70351712	70351833	8303
15	70352807	70353166	22715
15	70356739	70356860	9595
15	70358333	70358574	28331
15	70366841	70366968	14886
15	70368404	70368525	7444
15	70371686	70371832	7104
15	70386831	70386975	5822
15	70387887	70388029	8903
15	70388428	70388669	2852
15	70389064	70389348	6503
15	70949369	70949490	8396
15	70952461	70952582	5728
15	70956955	70957196	16055
15	70959050	70961811	284556
15	70963353	70963487	8231
15	70964260	70964381	5874
15	70968819	70968940	9190
15	70969401	70969522	9272
15	70970428	70970555	6699
15	70971919	70972040	4968
15	70975054	70975175	11088
15	70976573	70976814	22170
15	70979840	70979995	16193
15	70980032	70980183	8384
15	70982730	70982881	9112
15	70983608	70983729	8654
15	70987338	70987459	9475
15	70991811	70992052	32588
15	70994173	70994294	6053
15	71055646	71055767	608
15	71124351	71125465	94027
15	71128617	71128858	33659
15	71143968	71144127	23459
15	71146218	71146480	723
15	71165503	71165603	2392
15	71174769	71175010	29344
15	71175052	71175293	14195
15	71184173	71184636	58391
15	71185196	71185317	23745
15	71185889	71186040	25937
15	71188140	71188291	8515
15	71190713	71190814	7991
15	71192812	71192921	5265
15	71193250	71193373	6392
15	71196871	71197112	20426
15	71203842	71203963	13664
15	71211339	71211580	20772
15	71229069	71229190	6327
15	71256076	71256317	54233
15	71272420	71272541	12591
15	71276393	71276634	15976
15	71300655	71301016	22316
15	71302087	71302358	28727
15	71305133	71305262	11982
15	71329473	71329714	8996
15	71341728	71341969	11967
15	71403446	71403807	17629
15	71404432	71404622	25896
15	71433819	71433940	3941
15	71447175	71447296	17508
15	71456994	71457570	49257
15	71457641	71457795	11336
15	71479587	71479931	79245
15	71481148	71481248	10397
15	71507364	71507748	609
15	71534940	71535451	21659
15	71548911	71549064	10592
15	71573944	71574045	12799
15	71633472	71634074	72649
15	71704016	71704213	14443
15	71706302	71706402	10295
15	71839723	71839844	11246
15	71940536	71940637	10845
15	71952819	71953090	24500
15	72020854	72021102	34437
15	72023446	72023567	7516
15	72029997	72030388	40452
15	72037358	72037629	22381
15	72039127	72039398	23345
15	72040725	72040966	53892
15	72050176	72050447	26926
15	72057327	72057568	38028
15	72063353	72063594	37025
15	72069529	72069761	19772
15	72072835	72073316	22497
15	72103021	72103262	30057
15	72103813	72104005	24815
15	72104036	72104585	47846
15	72104642	72104883	31298
15	72105671	72106032	32009
15	72106286	72106527	32190
15	72109830	72110035	19587
15	72118911	72119394	80034
15	72120144	72120415	13247
15	72122429	72122670	24099
15	72139732	72139832	7934
15	72141126	72141367	24259
15	72142321	72142562	22920
15	72143584	72143709	5549
15	72144385	72144656	15946
15	72146692	72146933	16427
15	72152015	72152166	8242
15	72154831	72154962	8044
15	72168017	72168205	16178
15	72170355	72170596	8711
15	72171968	72172239	12316
15	72172666	72172909	32872
15	72175884	72176125	25548
15	72180335	72180467	11528
15	72185263	72185533	26655
15	72186008	72186129	14451
15	72189716	72191427	200766
15	72192006	72192367	45665
15	72193485	72193726	17024
15	72195241	72195462	21256
15	72196233	72196390	12010
15	72197245	72197366	12408
15	72208620	72208921	14396
15	72225969	72226090	11255
15	72227656	72227873	13184
15	72231169	72231290	7133
15	72244042	72244247	24347
15	72252218	72252459	20628
15	72260274	72260515	13218
15	72270451	72270692	19866
15	72283389	72283630	11119
15	72286746	72286987	14915
15	72292145	72292296	14225
15	72300108	72300349	12607
15	72302670	72302798	6195
15	72311346	72311467	5452
15	72313247	72313368	10690
15	72320041	72320162	8888
15	72324790	72324941	11751
15	72338003	72338964	74383
15	72343581	72343710	13787
15	72410130	72410229	3062
15	72431892	72433305	83168
15	72454113	72454213	4998
15	72454260	72454411	5956
15	72454574	72454728	9192
15	72455590	72455831	25189
15	72455874	72456145	19137
15	72457631	72457782	5276
15	72458917	72459068	7993
15	72459322	72459443	28615
15	72460037	72460190	10516
15	72460778	72460929	9877
15	72461217	72461368	9109
15	72462142	72462293	27499
15	72490007	72490142	0
15	72491667	72492107	24689
15	72492754	72493025	21385
15	72494756	72494997	16155
15	72495185	72495285	8082
15	72495294	72495565	21481
15	72498993	72499264	8441
15	72499421	72499662	20264
15	72500915	72501276	31172
15	72501985	72502226	40529
15	72502602	72502873	30299
15	72509734	72509855	7500
15	72511240	72511481	20748
15	72520892	72520992	9098
15	72521838	72521938	8454
15	72523232	72523332	9293
15	72533785	72533908	14238
15	72534192	72534343	10508
15	72534468	72534589	5421
15	72534939	72535060	13042
15	72541559	72541680	6023
15	72542335	72542456	5364
15	72543149	72543308	14627
15	72543510	72543631	3284
15	72545720	72545871	22409
15	72546030	72546151	3802
15	72546767	72546888	6653
15	72548747	72548988	3514
15	72549673	72549794	7787
15	72550364	72550485	15334
15	72551884	72552035	13051
15	72552772	72553043	23588
15	72553852	72554093	25329
15	72556837	72556988	8566
15	72557405	72557526	13189
15	72557722	72557843	10412
15	72558223	72558344	2077
15	72559063	72559184	10802
15	72559755	72559876	9004
15	72577106	72577206	5060
15	72577309	72577707	23798
15	72578171	72578271	7367
15	72578315	72578488	11350
15	72578599	72578700	11138
15	72579548	72579789	28483
15	72580569	72580978	31473
15	72581178	72581299	12837
15	72581432	72581654	2652
15	72581696	72581901	394
15	72581918	72582159	2036
15	72582258	72582651	39902
15	72584504	72584625	6180
15	72597019	72597181	15767
15	72608165	72608286	8302
15	72611944	72612582	13879
15	72636358	72636509	9497
15	72637777	72637901	9417
15	72638559	72638680	5777
15	72638808	72639079	12389
15	72639971	72640122	14614
15	72640370	72640491	14775
15	72641358	72641629	8994
15	72642773	72643044	21917
15	72643463	72643585	9306
15	72645372	72645529	11687
15	72645993	72646114	8720
15	72647871	72647992	5757
15	72648850	72648971	7565
15	72667975	72668366	26233
15	72671826	72671947	12094
15	72690616	72690767	4742
15	72690940	72691301	22535
15	72698590	72698741	26489
15	72698896	72699137	37579
15	72699371	72699618	39836
15	72700011	72700310	28005
15	72701333	72701434	9274
15	72701870	72701970	8860
15	72704256	72704356	6402
15	72766616	72767369	19233
15	72810380	72810501	11735
15	72837081	72837352	31396
15	72847566	72847717	17908
15	72848164	72848285	12940
15	72853765	72853916	14454
15	72855725	72855851	14855
15	72858863	72858984	17187
15	72859421	72859542	9496
15	72862461	72862702	62306
15	72864421	72864542	7988
15	72873020	72873381	35190
15	72874380	72874538	7488
15	72875529	72875711	7058
15	72875717	72875866	3332
15	72879533	72879679	32462
15	72931139	72931260	31979
15	72931428	72931549	30683
15	72931706	72931827	23456
15	72932044	72932285	75299
15	72932364	72932486	42225
15	72933896	72934017	32019
15	72934020	72934141	45645
15	72934210	72934331	37980
15	72934638	72934759	24036
15	72947059	72947180	41710
15	72948791	72949018	55475
15	72949903	72950003	77003
15	72950877	72950999	74407
15	72951792	72951914	51356
15	72952098	72952220	77152
15	72952265	72952386	85080
15	72952395	72952636	114980
15	72953586	72953708	68043
15	72953732	72953930	108559
15	72954082	72954203	54573
15	72954545	72955141	181452
15	72955337	72955578	116961
15	72956753	72956874	23246
15	72957269	72957406	53506
15	72957866	72958739	344395
15	72959013	72959113	30718
15	72968373	72968734	26711
15	72978519	72978640	18698
15	72978831	72978931	7228
15	72987133	72987254	7319
15	72987273	72987394	7197
15	72987482	72987603	12759
15	73001989	73002140	13161
15	73004555	73004676	13519
15	73007622	73007753	3101
15	73009093	73009214	7977
15	73015100	73015221	4170
15	73016811	73017052	17242
15	73020246	73020367	13681
15	73021929	73022050	19081
15	73023600	73023841	36708
15	73023860	73024101	28057
15	73027397	73027548	23787
15	73028085	73028356	21944
15	73029082	73029323	15199
15	73029809	73029938	5534
15	73043665	73043765	6911
15	73043840	73043940	10973
15	73044510	73044646	12193
15	73044656	73045257	69961
15	73047884	73048005	7783
15	73048281	73048381	8264
15	73048568	73048809	29377
15	73050382	73050503	13608
15	73052686	73052927	30092
15	73064093	73064214	11329
15	73067203	73067448	11026
15	73075790	73076042	329
15	73076127	73076424	18874
15	73344965	73345156	765
15	73408858	73409219	17716
15	73414842	73415183	34202
15	73418713	73418954	17205
15	73428222	73428419	11673
15	73468699	73468940	26876
15	73470586	73470827	11489
15	73528616	73528887	23580
15	73536640	73536881	17727
15	73541353	73541594	19699
15	73541871	73542108	21502
15	73545715	73545880	6709
15	73546975	73547216	19078
15	73551097	73551227	11405
15	73552587	73552828	36471
15	73558643	73558764	9907
15	73562311	73562584	12780
15	73562604	73562845	14985
15	73564786	73564913	10850
15	73566127	73566368	25568
15	73566987	73567108	7927
15	73570444	73570565	17108
15	73575227	73575498	43196
15	73580561	73580952	31257
15	73581471	73581592	8623
15	73585688	73585929	28531
15	73590609	73591000	27215
15	73593608	73593849	21314
15	73594934	73595055	18741
15	73595081	73595182	17113
15	73595240	73595341	11612
15	73595652	73595790	4440
15	73613892	73613993	8348
15	73614016	73614191	15286
15	73614631	73614806	12376
15	73614812	73616335	30603
15	73616390	73616631	20985
15	73617204	73617831	65239
15	73621871	73622142	44464
15	73624431	73624672	27373
15	73635696	73636177	37136
15	73659789	73660621	21971
15	73735481	73735725	37429
15	73766156	73766277	7452
15	73832806	73832927	15676
15	73843263	73843504	7886
15	73848626	73848747	6993
15	73852053	73852294	14180
15	73852363	73852796	22038
15	73852851	73852996	4116
15	73853102	73853370	17179
15	73854219	73854340	17393
15	73855526	73855647	10060
15	73858053	73858174	6023
15	73862446	73862807	16833
15	73865948	73866189	24711
15	73879820	73879971	15705
15	73884241	73884512	42602
15	73889339	73889720	35402
15	73925456	73925581	3417
15	73991928	73992079	18910
15	73994583	73994944	45122
15	73995079	73995449	41669
15	73995957	73996348	48605
15	73996483	73996844	50101
15	74000625	74000866	26936
15	74001918	74002069	15953
15	74003432	74003553	15287
15	74003886	74003987	5741
15	74005194	74005345	15554
15	74006000	74006121	4697
15	74006589	74006689	5644
15	74032248	74033003	77401
15	74043272	74043513	39813
15	74166019	74166140	11351
15	74173730	74173857	12526
15	74173975	74174098	7358
15	74176447	74176598	29302
15	74177112	74177242	7065
15	74177332	74177454	5651
15	74178405	74178526	8610
15	74178841	74178963	9752
15	74179897	74180138	7030
15	74180721	74180872	6075
15	74181364	74181485	10808
15	74183739	74183869	6540
15	74219069	74220257	3675
15	74235157	74235313	17451
15	74238675	74238946	18214
15	74239364	74239605	17921
15	74240104	74240255	20947
15	74241736	74242072	29863
15	74244083	74244234	10803
15	74244256	74244383	8405
15	74276223	74276494	16153
15	74276954	74277225	33126
15	74277635	74277876	22029
15	74280920	74281161	20327
15	74281372	74281643	16208
15	74282653	74282808	9293
15	74284376	74284617	1414
15	74287133	74287292	16680
15	74290309	74290827	51378
15	74315127	74315759	19582
15	74317141	74317292	14460
15	74323563	74323664	1807
15	74324833	74325104	13501
15	74325414	74325949	50696
15	74326753	74326998	12787
15	74327502	74328434	107362
15	74335283	74335524	14218
15	74336020	74336141	14736
15	74336504	74337375	50863
15	74355068	74355333	93098
15	74355959	74356200	38710
15	74362853	74362953	38492
15	74363151	74364066	351523
15	74364527	74364664	69807
15	74365059	74365180	25215
15	74366355	74366596	121203
15	74366792	74367388	193457
15	74367726	74367847	60445
15	74367999	74368197	93876
15	74368221	74368343	45239
15	74369291	74369532	126497
15	74369541	74369662	92487
15	74369707	74369829	79342
15	74370013	74370135	48981
15	74370928	74371050	74334
15	74372909	74373136	110565
15	74374747	74374868	41142
15	74387159	74387280	21363
15	74387587	74387708	37838
15	74387777	74387898	46514
15	74387901	74388022	37147
15	74389432	74389554	41977
15	74389633	74389874	75129
15	74390091	74390212	25716
15	74390369	74390490	28372
15	74390658	74390779	33408
15	74392487	74392608	41313
15	74420765	74420965	18514
15	74421305	74421432	7175
15	74422878	74422978	3384
15	74423481	74423722	22252
15	74425046	74429144	222364
15	74467181	74469214	189405
15	74472351	74472622	36741
15	74473079	74473320	11824
15	74473566	74473837	15240
15	74474461	74474862	31475
15	74476112	74476383	38387
15	74477297	74477418	10331
15	74481418	74481656	17024
15	74483120	74483271	7062
15	74483454	74483605	15804
15	74483707	74483858	12013
15	74486050	74486321	29958
15	74487604	74487845	20787
15	74487929	74488044	6947
15	74488267	74488538	16558
15	74489660	74489781	5195
15	74490064	74490185	12515
15	74494486	74494623	6996
15	74494758	74494860	7892
15	74509586	74509947	23842
15	74510778	74511259	38563
15	74513534	74513655	4531
15	74529009	74529130	4820
15	74536269	74536527	121749
15	74554726	74554967	14388
15	74558982	74559138	12016
15	74560619	74560860	27012
15	74563998	74564149	9684
15	74565020	74565291	23406
15	74572217	74572488	16156
15	74572924	74573176	25346
15	74574063	74574214	3904
15	74588040	74588311	20686
15	74589340	74589440	5440
15	74610873	74611024	13177
15	74622461	74622732	15176
15	74622956	74623107	9206
15	74623266	74623650	26842
15	74624951	74625222	11883
15	74625551	74625673	9905
15	74626203	74626324	2647
15	74627263	74627534	24466
15	74628178	74628449	13863
15	74628506	74628867	56629
15	74630257	74630498	26617
15	74630889	74631130	25750
15	74631525	74631676	14060
15	74631859	74632130	21600
15	74635246	74635517	21898
15	74636080	74636351	11592
15	74637256	74637687	23620
15	74640197	74640410	9298
15	74642447	74642568	8960
15	74654319	74654440	11909
15	74659610	74659971	42164
15	74702874	74703385	78867
15	74703575	74703726	10411
15	74703822	74704093	21749
15	74704138	74704409	17857
15	74706835	74707106	41450
15	74707141	74707297	23235
15	74708112	74708353	21123
15	74708864	74709105	30610
15	74709639	74709796	18722
15	74709882	74710033	6900
15	74710172	74710323	10473
15	74710538	74710689	8374
15	74711066	74711337	9527
15	74726027	74726302	38
15	74738348	74738619	26443
15	74740728	74740999	17617
15	74741459	74741730	14804
15	74741900	74742051	5627
15	74742222	74742463	13554
15	74743080	74743231	7408
15	74743727	74743878	12233
15	74744616	74744737	14188
15	74748831	74749072	14423
15	74750965	74751237	16546
15	74753003	74753104	6562
15	74753468	74753568	17896
15	74836167	74836880	78668
15	74865147	74865298	35431
15	74865442	74865610	20577
15	74882131	74882372	33498
15	74883422	74883813	44261
15	74883846	74884207	43096
15	74885436	74885591	10847
15	74887892	74888236	50299
15	74888285	74888481	21032
15	74888642	74888743	8187
15	74889000	74889222	10750
15	74889240	74889340	3538
15	74889721	74889822	10105
15	74890073	74890174	5817
15	74890319	74890510	20716
15	74907776	74908257	141
15	74911462	74911733	28406
15	74912292	74912689	46340
15	74914229	74914572	48745
15	74914776	74914927	7823
15	74917179	74917420	12010
15	74918104	74918345	17727
15	74919648	74920064	36788
15	74920290	74920411	8992
15	74920893	74921044	20708
15	74921266	74921387	8733
15	74922014	74922255	31942
15	74924043	74924144	4442
15	74924589	74924728	9926
15	74924780	74925299	46168
15	74927737	74927978	19023
15	74932732	74933003	38192
15	74933824	74934305	27822
15	74948060	74948421	49309
15	74963774	74964135	31627
15	74967232	74967503	15271
15	75012761	75013152	28513
15	75013289	75013410	14059
15	75013480	75014114	63927
15	75014574	75015448	106038
15	75042043	75042920	99563
15	75043468	75043709	33282
15	75044059	75044210	23688
15	75044405	75044646	48710
15	75045476	75045627	18105
15	75047069	75047460	23891
15	75090554	75090705	17005
15	75090729	75091289	89877
15	75091571	75091842	18619
15	75092738	75092859	9293
15	75092993	75093114	3058
15	75093152	75093273	6100
15	75093306	75093457	8285
15	75093808	75093959	25261
15	75093982	75094253	22366
15	75094319	75094440	11488
15	75094611	75094882	37981
15	75094898	75094999	11621
15	75095109	75095281	7071
15	75095422	75095541	28044
15	75105161	75105402	13864
15	75108453	75108694	23159
15	75108730	75108885	20034
15	75108910	75109061	24333
15	75111047	75111168	4980
15	75111401	75111672	29801
15	75112351	75112472	13043
15	75112890	75113161	14866
15	75113370	75113611	9125
15	75114114	75114265	8912
15	75114925	75115076	6741
15	75115810	75116081	26635
15	75116604	75116875	39690
15	75117730	75118001	29156
15	75118975	75119246	23949
15	75120357	75120478	6391
15	75122461	75122705	12933
15	75123353	75123486	14377
15	75129515	75129636	7808
15	75129681	75129802	9178
15	75130054	75130175	13111
15	75130451	75130572	8377
15	75130584	75130705	5367
15	75130751	75130872	14028
15	75130973	75131094	19259
15	75131309	75131430	6416
15	75131600	75131721	8799
15	75131855	75132096	27057
15	75132554	75132675	7688
15	75132773	75133030	9054
15	75133676	75133917	13732
15	75134354	75134810	34750
15	75135274	75135515	1166
15	75137305	75137610	12983
15	75137711	75137993	16056
15	75140900	75141052	8167
15	75142783	75143054	17693
15	75143606	75143877	29178
15	75144347	75144588	15944
15	75145708	75145837	4707
15	75146319	75146470	22684
15	75146894	75147015	18297
15	75165506	75165627	23272
15	75182331	75182482	25233
15	75182810	75183051	21110
15	75183668	75183939	21036
15	75184921	75185192	27276
15	75185448	75185689	18438
15	75188458	75188691	14247
15	75189334	75189575	20233
15	75189810	75190081	33489
15	75190280	75190381	13989
15	75194892	75195163	8252
15	75196937	75197088	12610
15	75197472	75197593	8377
15	75198601	75198722	17418
15	75198913	75199154	3058
15	75212586	75212799	16977
15	75215988	75216121	8199
15	75219046	75219287	18652
15	75221393	75221634	26785
15	75230244	75230365	738
15	75248263	75249806	58820
15	75304122	75304462	55569
15	75304960	75305201	28921
15	75306871	75306972	11609
15	75308890	75309131	35672
15	75310140	75310381	46463
15	75310651	75310990	33368
15	75311105	75311346	19158
15	75311393	75311510	7245
15	75311567	75311691	6283
15	75311948	75312049	13598
15	75312699	75312799	2889
15	75320605	75320846	15533
15	75335768	75335889	13730
15	75336669	75336910	25481
15	75340856	75341083	28498
15	75341442	75341593	15138
15	75498365	75501217	246773
15	75503032	75503513	28227
15	75541507	75541748	20030
15	75550920	75551041	36208
15	75552652	75552879	70511
15	75553763	75553863	78658
15	75554731	75554853	84418
15	75555646	75555768	40537
15	75555952	75556074	65798
15	75556119	75556240	80908
15	75556249	75556490	95977
15	75557444	75557566	34652
15	75557590	75557788	75815
15	75557940	75558061	60932
15	75558398	75558994	243905
15	75559190	75559431	138819
15	75560606	75560727	45836
15	75561122	75561259	40858
15	75561468	75561589	30910
15	75561723	75562596	234297
15	75569481	75569582	6462
15	75575197	75575318	27830
15	75576929	75577156	51001
15	75578040	75578140	78354
15	75579012	75579134	83333
15	75579927	75580049	50470
15	75580233	75580355	74849
15	75580400	75580521	87297
15	75580530	75580771	90358
15	75581719	75581841	32639
15	75581865	75582063	88143
15	75582215	75582336	58423
15	75582674	75583270	222022
15	75583466	75583707	129709
15	75584882	75585003	40793
15	75585398	75585535	92369
15	75585999	75586915	250397
15	75587109	75587209	36731
15	75593904	75594145	42089
15	75594795	75595056	74154
15	75595312	75595412	5607
15	75614478	75614850	58345
15	75628370	75628491	20093
15	75630347	75630498	21739
15	75630667	75630788	25523
15	75630915	75631066	29967
15	75631234	75631505	67181
15	75631583	75631705	48551
15	75631979	75632385	55704
15	75640131	75640367	23480
15	75641192	75641703	65853
15	75644390	75644756	19664
15	75644901	75645052	7953
15	75645897	75646263	27480
15	75646513	75646664	12253
15	75646711	75646862	13752
15	75646925	75647196	25733
15	75647278	75647399	11998
15	75648158	75648570	35737
15	75648594	75648835	28529
15	75648925	75649046	8021
15	75649097	75649253	8877
15	75650492	75651000	59245
15	75651035	75651159	14607
15	75651355	75651532	14133
15	75651626	75651779	16427
15	75651917	75652158	30802
15	75652225	75652611	31496
15	75652816	75653087	7534
15	75653338	75653579	22936
15	75653613	75653734	7134
15	75653851	75654122	10756
15	75654150	75654301	8575
15	75654647	75654804	11930
15	75654944	75655099	10559
15	75656313	75656554	28637
15	75656796	75657037	13999
15	75658806	75658957	8631
15	75659762	75660033	29148
15	75660355	75660596	12687
15	75660812	75660934	2774
15	75663329	75663645	17848
15	75663971	75664071	8041
15	75664239	75664560	35166
15	75667988	75668229	21615
15	75672955	75673076	10785
15	75673908	75674059	14707
15	75676540	75676811	23296
15	75681956	75682197	41106
15	75684568	75685169	59869
15	75686961	75687232	43204
15	75688536	75688881	25499
15	75692317	75692558	9201
15	75693024	75693295	31262
15	75694130	75694364	16425
15	75699379	75699500	11842
15	75702133	75702374	18514
15	75702429	75702670	10028
15	75703777	75704138	50264
15	75705001	75705420	33756
15	75706507	75706662	7827
15	75714882	75715195	16746
15	75722470	75722741	21883
15	75759564	75759710	10855
15	75760013	75760291	24064
15	75760502	75760700	10226
15	75760818	75760967	13691
15	75760998	75761336	32183
15	75762115	75762356	17272
15	75762974	75763215	30844
15	75765977	75766128	4383
15	75772160	75772281	6600
15	75772974	75773095	118
15	75782534	75782655	9628
15	75797998	75798359	46659
15	75801248	75801378	8798
15	75809590	75809715	7690
15	75815372	75815643	24178
15	75816503	75816654	12021
15	75819409	75819650	16948
15	75871024	75871145	65
15	75890679	75891040	90650
15	75893427	75893578	5868
15	75897438	75897589	10107
15	75899514	75899665	7089
15	75901884	75902005	8478
15	75902221	75902345	4684
15	75909699	75909924	26923
15	75913162	75913433	18275
15	75917055	75917176	15234
15	75931485	75931586	5063
15	75931930	75932610	28469
15	75941397	75942944	113719
15	75949218	75949609	22008
15	75950386	75950487	6053
15	75950601	75950702	7770
15	75950744	75950844	8340
15	75950876	75950977	7041
15	75966881	75966982	4019
15	75967816	75969767	234790
15	75969984	75970255	20861
15	75974565	75974836	126078
15	75974863	75975134	33578
15	75975161	75975402	50542
15	75977043	75977284	83969
15	75977469	75978100	90108
15	75979553	75983184	1142001
15	75985371	75985612	138645
15	76004991	76005112	6478
15	76016478	76016719	13583
15	76017439	76017569	6066
15	76018364	76018522	11936
15	76019309	76019940	42655
15	76030138	76030238	11586
15	76030692	76030792	16127
15	76031345	76031516	24730
15	76032232	76032333	32603
15	76054556	76054656	8835
15	76067944	76068044	30085
15	76069691	76069811	25430
15	76070765	76070865	37179
15	76071466	76071567	18534
15	76071723	76071824	33046
15	76072642	76072743	26147
15	76072951	76073052	35263
15	76073118	76073218	45641
15	76073297	76073478	51453
15	76074419	76074520	25743
15	76074620	76074728	28643
15	76075114	76075355	45494
15	76075359	76075573	43597
15	76075602	76075731	38137
15	76075924	76076165	74697
15	76077324	76077424	18558
15	76077824	76077961	69929
15	76078169	76078410	41306
15	76078418	76079066	162442
15	76079094	76079335	52231
15	76083892	76084133	38702
15	76084800	76085041	78263
15	76114172	76114293	19546
15	76135845	76135946	445
15	76135976	76136197	17444
15	76136694	76136827	39716
15	76146716	76146838	16463
15	76152209	76152333	42786
15	76161195	76161373	19763
15	76165717	76165958	56069
15	76168478	76168629	16954
15	76170270	76170391	13900
15	76171422	76171543	3564
15	76175674	76175795	9770
15	76182708	76182859	30162
15	76183246	76183367	9141
15	76189307	76189428	8525
15	76191733	76191874	8098
15	76192239	76192339	7100
15	76192855	76192975	19209
15	76193234	76193381	7238
15	76196253	76196494	23728
15	76196779	76197020	43451
15	76205526	76205647	3759
15	76206437	76206558	10120
15	76209531	76209772	18777
15	76222186	76222428	30509
15	76224993	76225474	45945
15	76225561	76225661	5210
15	76225788	76225888	4883
15	76235925	76236046	8997
15	76248020	76248141	8606
15	76248251	76248372	7684
15	76254090	76254361	15138
15	76301496	76301647	5529
15	76303505	76303626	12439
15	76426532	76426683	4785
15	76429990	76430261	33474
15	76448870	76449141	53340
15	76452411	76452532	30076
15	76462093	76462244	5112
15	76463281	76463522	30267
15	76467836	76468072	35265
15	76484282	76484523	3262
15	76494512	76494633	17405
15	76496037	76496668	33510
15	76496828	76497075	19310
15	76497248	76497348	7740
15	76508857	76508978	12582
15	76518168	76518289	5327
15	76523606	76523757	11916
15	76551482	76551992	44331
15	76552051	76552225	20033
15	76552955	76553434	100722
15	76553456	76553904	74484
15	76566732	76566853	8627
15	76576070	76576191	3916
15	76577967	76578089	12121
15	76578702	76578832	5395
15	76580175	76580296	12253
15	76584751	76584872	9815
15	76584939	76585060	11134
15	76587883	76588124	30011
15	76603648	76603769	2057
15	76629192	76629313	5285
15	76630092	76630333	85711
15	76630567	76630963	36585
15	76632547	76632938	37467
15	76633407	76633678	24040
15	76633966	76634237	40052
15	76640904	76641145	10493
15	76643542	76643663	8951
15	76646264	76646505	22818
15	76668456	76668697	16967
15	76673641	76674002	24860
15	76696821	76697062	19095
15	76726353	76726714	33108
15	76763493	76763734	13910
15	76797136	76797377	15141
15	76866440	76866681	29706
15	76878960	76879060	4558
15	76914076	76914197	5711
15	76957939	76958140	12961
15	76994031	76994272	23392
15	76995145	76995386	15010
15	76998223	76998357	10062
15	77020885	77021126	18280
15	77025560	77025769	30939
15	77046097	77046338	18757
15	77057236	77057477	52715
15	77057615	77057856	17381
15	77057880	77058001	6050
15	77059222	77059463	26531
15	77063998	77064359	23486
15	77067145	77067506	25301
15	77085540	77085641	7073
15	77087579	77087800	22541
15	77092525	77092766	14167
15	77096802	77097043	14480
15	77134052	77134294	29817
15	77150123	77150244	14405
15	77154694	77154935	19644
15	77176092	77176244	7223
15	77197570	77197811	1383
15	77224106	77224371	22
15	77224663	77224817	9800
15	77227843	77228084	17653
15	77233943	77234064	11566
15	77236064	77236222	15813
15	77239748	77239869	9583
15	77240700	77240941	17281
15	77241335	77241606	12141
15	77241614	77241714	6815
15	77241732	77241912	23177
15	77241918	77242018	15544
15	77242055	77242221	25994
15	77287871	77287993	16813
15	77300351	77300452	4242
15	77308281	77308382	8732
15	77310417	77310658	20117
15	77310773	77310894	6427
15	77317580	77317701	12842
15	77317770	77318011	20016
15	77320162	77320283	12563
15	77320882	77321003	8289
15	77321831	77321952	6909
15	77322821	77322942	11369
15	77323508	77323629	6987
15	77324582	77324823	24366
15	77325186	77325307	21559
15	77327815	77327936	9812
15	77328088	77328329	32803
15	77329330	77329571	29862
15	77338517	77338618	5607
15	77338649	77338749	4988
15	77339027	77339128	5350
15	77339161	77339282	4701
15	77344707	77344828	7710
15	77345073	77345314	22514
15	77346509	77346631	5564
15	77348106	77348227	5575
15	77348350	77348621	9150
15	77363214	77363347	0
15	77406448	77407679	156008
15	77425298	77426139	174442
15	77450812	77451061	38699
15	77471078	77474319	400351
15	77730707	77730808	6436
15	77750732	77750853	9299
15	77756534	77756775	20368
15	77759427	77759662	14095
15	77763208	77763437	17081
15	77764079	77764200	6971
15	77769843	77769994	9019
15	77770593	77770864	6657
15	77771467	77771708	11355
15	77775780	77775943	14521
15	77775990	77776091	9262
15	77776688	77776789	1720
15	77777657	77777757	9562
15	77777776	77777877	6994
15	77905816	77906088	14018
15	77906376	77908273	181449
15	77924593	77924714	155
15	77934208	77934308	8818
15	77938729	77938853	8863
15	77940180	77940289	7190
15	78187097	78187218	56416
15	78188771	78189132	72922
15	78189251	78189732	135877
15	78190581	78190702	46726
15	78190939	78191056	40591
15	78191059	78191180	35291
15	78191504	78191625	24671
15	78193737	78193858	27324
15	78196246	78196367	35297
15	78207426	78207653	43025
15	78207695	78207893	38628
15	78207981	78208085	26110
15	78208168	78208271	31213
15	78208804	78208941	61218
15	78209679	78209779	15616
15	78210628	78210869	103728
15	78211068	78211702	142482
15	78212048	78212169	37441
15	78212321	78212519	65094
15	78212544	78212665	35694
15	78213610	78213851	81616
15	78213860	78213981	61094
15	78214037	78214138	44409
15	78214332	78214455	26709
15	78215248	78215372	52995
15	78217230	78217457	54024
15	78219057	78219157	25159
15	78231933	78232054	33729
15	78233762	78233884	41554
15	78233963	78234083	32273
15	78234701	78234822	22663
15	78269695	78269816	19722
15	78271264	78271385	18244
15	78272281	78272522	54488
15	78273785	78274026	64016
15	78277900	78278021	22138
15	78278852	78279363	253496
15	78280289	78280410	31678
15	78281011	78281132	34022
15	78282431	78282552	24725
15	78287912	78288013	10035
15	78290478	78290719	25085
15	78293900	78294141	15816
15	78295618	78295859	16157
15	78301276	78301517	17480
15	78305110	78305705	44657
15	78308863	78309104	15845
15	78310122	78310363	32425
15	78316448	78316929	54203
15	78317538	78317862	22318
15	78322309	78322550	53891
15	78330843	78330964	7167
15	78337204	78337445	14464
15	78346322	78346572	12339
15	78358318	78358439	8756
15	78369585	78370004	2326
15	78384893	78385134	10911
15	78386437	78386558	9898
15	78390232	78390473	10264
15	78390710	78390951	29726
15	78393209	78393930	39949
15	78395770	78395891	6778
15	78397097	78397275	16326
15	78397461	78397561	13094
15	78397572	78397723	15713
15	78398027	78398298	39888
15	78401529	78401770	25461
15	78403471	78403628	8207
15	78415988	78416139	13071
15	78423470	78423591	4009
15	78441697	78441818	687
15	78447524	78447645	22546
15	78449200	78449321	8401
15	78449870	78449991	8614
15	78452369	78452610	16082
15	78453895	78454136	31849
15	78454521	78454762	32173
15	78455838	78455961	13002
15	78456028	78456149	19727
15	78457314	78457435	8200
15	78458446	78458687	38731
15	78461214	78461365	15963
15	78463199	78463300	7656
15	78463767	78463888	9235
15	78465876	78466237	21263
15	78466675	78466916	22058
15	78470913	78471184	15180
15	78471882	78472132	18384
15	78473036	78473307	15816
15	78474247	78474518	24132
15	78474761	78475146	34655
15	78485786	78486027	14052
15	78486256	78486407	13498
15	78486836	78487078	27672
15	78500302	78500454	5928
15	78526650	78526897	15832
15	78556634	78556755	388
15	78557057	78557247	14756
15	78558548	78558669	9228
15	78562777	78563048	16278
15	78565397	78565551	7970
15	78566529	78566843	23091
15	78567830	78568080	23717
15	78572375	78572497	11244
15	78572573	78572814	14039
15	78573527	78573628	10438
15	78575667	78575878	21005
15	78577580	78577701	10126
15	78578367	78578488	1191
15	78580616	78580737	9142
15	78581946	78582067	6731
15	78582245	78582486	13963
15	78584925	78585163	12192
15	78585499	78585624	9257
15	78587240	78587361	5011
15	78587725	78588082	30040
15	78632755	78632890	22775
15	78633322	78633705	39027
15	78635831	78635964	4013
15	78640232	78640353	9138
15	78730627	78730748	19227
15	78732118	78732239	11914
15	78755225	78755466	25559
15	78757540	78757781	30863
15	78758570	78758841	24247
15	78762817	78762968	13033
15	78764023	78764294	21849
15	78765532	78765773	41742
15	78768494	78768735	17881
15	78770627	78770749	5730
15	78775566	78775837	13622
15	78777061	78777302	76395
15	78777993	78778234	27682
15	78780055	78780176	6671
15	78780478	78780719	34924
15	78780929	78781170	17629
15	78782724	78782878	13731
15	78782910	78783151	20121
15	78786203	78786664	23925
15	78789439	78789680	16795
15	78790365	78790495	11269
15	78790626	78790726	17468
15	78790740	78790912	29956
15	78793647	78793838	8084
15	78805387	78805778	29365
15	78807243	78807495	11441
15	78810900	78811000	9431
15	78819692	78819933	16371
15	78825540	78826022	65202
15	78829592	78829692	9349
15	78834209	78834330	11298
15	78834448	78834599	12277
15	78834754	78835025	41513
15	78836509	78836630	26146
15	78837163	78837314	10265
15	78837919	78838125	25410
15	78838827	78839098	19866
15	78841057	78841328	18689
15	78858052	78858225	283
15	78873038	78873341	30791
15	78878948	78879099	10421
15	78880619	78880775	14247
15	78882137	78882988	92824
15	78885393	78885634	41896
15	78888888	78889129	6595
15	78893559	78894640	128501
15	78909329	78909485	8559
15	78910889	78911307	18963
15	78912935	78913224	406
15	78917296	78917673	23608
15	78921256	78922337	161409
15	78923408	78923537	11260
15	78923590	78923711	9497
15	78927733	78927974	16261
15	78933386	78933507	1031
15	79024220	79024342	31656
15	79024693	79024814	59517
15	79024823	79025064	69060
15	79026134	79026332	65775
15	79027380	79027505	37738
15	79027816	79027937	28282
15	79042294	79042443	36367
15	79045431	79045673	25242
15	79051626	79051961	12197
15	79054704	79054945	40110
15	79055992	79056474	117308
15	79056851	79057092	49345
15	79057938	79059409	533117
15	79059706	79059947	57243
15	79060465	79060657	27269
15	79063472	79063694	66975
15	79063701	79064228	158180
15	79065363	79065604	49323
15	79066454	79066695	71754
15	79066929	79067170	39185
15	79068481	79068722	51295
15	79069075	79069196	13615
15	79069736	79069977	26931
15	79080493	79080764	34214
15	79081984	79082225	47298
15	79082922	79083193	55638
15	79083432	79083583	31776
15	79088871	79089138	25083
15	79090221	79090488	28517
15	79092509	79092899	12824
15	79103451	79103572	0
15	79165260	79165439	11654
15	79170516	79170637	8848
15	79172826	79172947	7848
15	79177245	79177486	26301
15	79178464	79178585	16383
15	79179589	79179710	5725
15	79183282	79183472	22358
15	79183778	79183929	11062
15	79184513	79184665	22201
15	79185863	79185984	10289
15	79186364	79186605	27633
15	79187142	79187263	13231
15	79189305	79189894	61673
15	79189938	79190113	20931
15	79214448	79214569	15029
15	79215246	79215547	26712
15	79217637	79217792	7672
15	79219997	79220148	8487
15	79221733	79221854	22976
15	79223759	79223880	17649
15	79224695	79224816	8584
15	79227310	79227434	10903
15	79227995	79228116	6915
15	79229650	79229775	15621
15	79231406	79231557	7299
15	79237216	79237337	5613
15	79254470	79254591	5550
15	79264180	79264301	20788
15	79265582	79265823	22609
15	79271195	79271544	33116
15	79272940	79273061	6775
15	79277197	79277556	53053
15	79282511	79282632	14022
15	79284023	79284146	6371
15	79288020	79288171	12153
15	79290428	79290560	19795
15	79291022	79291177	27362
15	79292048	79292289	27835
15	79293945	79294140	28854
15	79296059	79296570	46503
15	79298436	79298827	35125
15	79304799	79304976	15644
15	79307648	79307769	8078
15	79310058	79310299	23831
15	79312353	79312474	9257
15	79317584	79317855	21211
15	79319990	79320261	54093
15	79323705	79323861	18264
15	79324440	79324681	51802
15	79327421	79327572	4493
15	79339033	79339394	20879
15	79341822	79341943	10108
15	79350628	79350869	22967
15	79356752	79356910	26080
15	79382521	79382882	52282
15	79502105	79502238	9993
15	79529453	79529574	19843
15	79585626	79590581	367658
15	79603554	79603795	8374
15	79606041	79606402	24681
15	79614256	79614617	35637
15	79748437	79750838	148290
15	79755354	79755715	17512
15	79760506	79760747	16649
15	79761217	79761318	13319
15	79761584	79761731	17539
15	79761986	79762087	4012
15	79762202	79762302	8758
15	79762511	79762612	2671
15	79763705	79763805	6851
15	79763944	79764045	6549
15	79764149	79764249	6556
15	79764300	79764658	39124
15	80137542	80137794	26573
15	80181384	80181745	48534
15	80189150	80189391	4415
15	80191248	80191489	20210
15	80215097	80217195	154115
15	80253399	80253526	11328
15	80259945	80260066	11822
15	80263010	80263491	62225
15	80352087	80352187	226
15	80412642	80412883	14155
15	80414016	80414172	14826
15	80415030	80415152	7313
15	80423487	80423645	12168
15	80429774	80430102	43387
15	80430129	80430448	46802
15	80430453	80430637	44733
15	80445375	80445496	13089
15	80450392	80450522	20348
15	80452037	80452278	23243
15	80452685	80452836	13427
15	80454571	80454706	22151
15	80460351	80460502	14785
15	80460570	80460691	10556
15	80464449	80464600	7360
15	80465269	80465540	26191
15	80467334	80467455	14030
15	80469840	80469961	6003
15	80472425	80472577	13801
15	80473321	80473562	11120
15	80478420	80478571	19208
15	80696677	80696923	22
15	80743156	80743397	23986
15	80750232	80750353	12489
15	80762544	80762785	15987
15	80767306	80767596	28160
15	80800486	80800609	21589
15	80806193	80806344	14595
15	80806612	80806763	9259
15	80843486	80843637	14076
15	80844926	80845167	34017
15	80847381	80847502	3950
15	80855353	80855624	18348
15	80866463	80866584	12688
15	80867268	80867499	37966
15	80869165	80869316	9030
15	80872669	80872940	44208
15	80873511	80873782	13210
15	80883825	80884096	32278
15	80885928	80886049	9993
15	80889506	80889627	5089
15	80890120	80890279	31908
15	80987674	80988377	25253
15	81041822	81042063	40854
15	81046480	81046721	19476
15	81134294	81134461	8436
15	81166206	81166327	6105
15	81171013	81171254	30604
15	81172004	81172245	11172
15	81173177	81173503	34927
15	81176454	81176725	25248
15	81179978	81180129	10285
15	81181028	81181149	16801
15	81181751	81181992	16371
15	81187245	81187516	22137
15	81188184	81188425	24559
15	81198970	81199211	19465
15	81201421	81201662	39589
15	81212416	81212657	28910
15	81213346	81213467	10420
15	81214262	81214533	19770
15	81216913	81217064	9235
15	81217879	81218150	35452
15	81221199	81221557	50226
15	81224138	81224409	14251
15	81225572	81225813	22348
15	81228969	81229240	16648
15	81230076	81230347	22968
15	81234170	81234411	8733
15	81234543	81234694	6786
15	81235213	81235484	26354
15	81239294	81239416	11488
15	81241080	81241321	11996
15	81241376	81241477	7939
15	81241851	81241952	6329
15	81243157	81243258	11561
15	81243474	81243575	18130
15	81243838	81243994	8556
15	81271477	81271868	38297
15	81274255	81274533	41461
15	81281865	81282142	17941
15	81294576	81298130	245103
15	81426643	81426764	10971
15	81427583	81427710	9305
15	81428847	81429099	26096
15	81430372	81430493	14242
15	81435930	81436201	21659
15	81440174	81440295	7314
15	81440655	81440896	15909
15	81475167	81475267	2917
15	81517604	81518076	27349
15	81552103	81552231	4519
15	81557949	81558190	18806
15	81561842	81561999	18612
15	81565366	81565607	24806
15	81571133	81571254	8584
15	81571855	81572126	11584
15	81574887	81575158	14656
15	81577983	81578224	40842
15	81582210	81582311	929
15	81582776	81582897	9359
15	81584806	81585437	52999
15	81587775	81587875	10315
15	81589222	81589463	18544
15	81591668	81592859	84693
15	81593647	81593888	16224
15	81595879	81596001	11941
15	81598196	81598557	35903
15	81598672	81598943	14881
15	81600424	81600545	7377
15	81600921	81601259	33638
15	81605549	81605790	42706
15	81610705	81610856	5077
15	81611587	81611858	21562
15	81614693	81614934	21588
15	81615148	81615314	5839
15	81616329	81616450	17797
15	81624700	81625661	95958
15	81627007	81627368	71451
15	81628909	81629056	4735
15	81630164	81630285	24867
15	81630937	81631178	9646
15	81631698	81631909	14835
15	81633673	81633914	28922
15	81635591	81635712	6356
15	81636200	81636441	14471
15	81637045	81637362	29490
15	81638683	81638804	8677
15	81641732	81641973	20133
15	81643991	81644228	16990
15	81648026	81648147	5058
15	81648740	81648981	17208
15	81650439	81650680	18658
15	81650730	81650851	21385
15	81651637	81651878	6932
15	81654540	81654661	6862
15	81660570	81660693	6064
15	81664883	81665124	24292
15	81666312	81666433	18413
15	82069634	82069873	14398
15	82334122	82334528	30650
15	82334578	82335198	37820
15	82335441	82336975	117530
15	82337762	82338084	6780
15	82338099	82338380	1164
15	82422686	82422927	13220
15	82430969	82431210	29601
15	82443743	82444824	110575
15	82450006	82450247	23405
15	82456138	82456379	14963
15	82507005	82507246	34913
15	82511954	82512195	28350
15	82512373	82512614	32450
15	82517494	82517615	11678
15	82519730	82519971	24240
15	82520478	82520719	21210
15	82521351	82521472	7679
15	82523129	82523339	20351
15	82530603	82530874	62618
15	82532749	82532947	9739
15	82533556	82533797	57640
15	82545012	82545134	9239
15	82551401	82551522	13340
15	82554012	82554133	11031
15	82555185	82555306	24502
15	82563922	82564163	34392
15	82574450	82575413	111523
15	82575547	82575648	7254
15	82590885	82591264	10442
15	82593338	82593504	18711
15	82595241	82595341	7211
15	82596650	82596750	4084
15	82597029	82597212	25663
15	82598070	82598197	9488
15	82599618	82599718	10618
15	82608705	82608850	13861
15	82609447	82609548	5418
15	82609940	82610086	15718
15	82611473	82611643	16791
15	82611969	82612156	40668
15	82613000	82613173	28807
15	82614419	82614722	60347
15	82614895	82615087	18281
15	82618600	82618701	16926
15	82619186	82619554	60320
15	82620087	82620609	240142
15	82621531	82621728	34362
15	82622118	82622292	52472
15	82622372	82622519	27929
15	82623637	82623737	1380
15	82626597	82626755	5785
15	82635073	82635395	171245
15	82635403	82635644	95327
15	82636442	82636706	86719
15	82636899	82637690	193712
15	82638022	82638143	52296
15	82638770	82638892	84188
15	82639026	82639147	72384
15	82639678	82639919	53655
15	82641485	82641624	64353
15	82663999	82664100	10209
15	82664176	82664276	7322
15	82664501	82665102	75697
15	82679531	82679632	22667
15	82690123	82690224	17293
15	82692835	82692956	6259
15	82696766	82696957	81282
15	82711382	82711482	11314
15	82712137	82712237	19709
15	82722265	82722404	51724
15	82723969	82724210	64642
15	82724741	82724862	38257
15	82724996	82725118	58089
15	82725745	82725866	45191
15	82726194	82726844	108254
15	82727037	82727291	91943
15	82728096	82728337	62267
15	82728423	82728664	67553
15	82738764	82739003	124060
15	82751594	82751834	139456
15	82753376	82753617	99523
15	82754591	82756033	470380
15	82756566	82756950	116576
15	82758531	82759061	30973
15	82759584	82759826	82086
15	82761409	82761608	23252
15	82761686	82761842	31865
15	82761985	82762144	121081
15	82764344	82764572	40975
15	82765119	82765480	75403
15	82768983	82769104	21580
15	82769153	82769484	103944
15	82769507	82769749	51807
15	82769938	82770073	44693
15	82772287	82772388	26695
15	82804047	82804186	34511
15	82805754	82805995	81290
15	82806525	82806646	15660
15	82806780	82806902	83628
15	82807529	82807650	58257
15	82807980	82809107	494036
15	82809299	82809553	109005
15	82810359	82810600	85643
15	82810686	82810849	55342
15	82821187	82821308	15956
15	82822685	82822806	21907
15	82823219	82823460	45533
15	82824343	82824584	19618
15	82824773	82824894	9271
15	82828993	82829114	12930
15	82886379	82886518	20642
15	82888473	82888594	1908
15	82890433	82890533	9652
15	82894358	82894479	19797
15	82909361	82909482	16964
15	82910398	82910499	15627
15	82911745	82912048	64169
15	82912221	82912413	47093
15	82913739	82913933	13419
15	82915927	82916028	18938
15	82916513	82916881	59293
15	82917414	82917815	62571
15	82917845	82917966	41021
15	82918858	82919055	36685
15	82919445	82919619	39489
15	82919699	82919846	31279
15	82921097	82921198	22457
15	82923924	82924082	2237
15	82932477	82932719	171033
15	82932726	82932967	113556
15	82933775	82934029	28103
15	82934222	82934825	268960
15	82934866	82935184	204453
15	82935513	82935634	62753
15	82936261	82936383	87544
15	82936517	82936638	83795
15	82937169	82937410	50915
15	82938976	82939115	58047
15	82967485	82967586	28479
15	82969804	82969938	44903
15	82970127	82970369	53771
15	82970392	82970723	101671
15	82970772	82970893	21074
15	82971042	82971239	25118
15	82971749	82971850	2432
15	82974396	82974757	83033
15	82975303	82975531	36359
15	82975653	82975754	4965
15	82976134	82976532	30847
15	82977730	82977889	120868
15	82978032	82978579	97216
15	82980047	82980289	77204
15	82980812	82981343	34526
15	82982924	82983422	144893
15	82983840	82985282	487459
15	82986255	82986496	67601
15	82988038	82988278	145172
15	83000916	83001155	82272
15	83011414	83011601	58171
15	83011687	83011928	72455
15	83012736	83012990	89913
15	83013183	83014187	232716
15	83014514	83014635	59188
15	83015262	83015384	58963
15	83015518	83015639	16371
15	83016170	83016411	51187
15	83017977	83018116	65482
15	83041042	83041643	70664
15	83056065	83056166	22802
15	83066657	83066758	16128
15	83069360	83069481	9053
15	83073291	83073482	77794
15	83087907	83088007	11427
15	83088662	83088762	18762
15	83098790	83098929	49274
15	83100494	83100735	65754
15	83101266	83101387	41969
15	83101521	83101643	56135
15	83102270	83102391	41015
15	83102719	83103369	111458
15	83103562	83103816	82530
15	83104621	83104862	51952
15	83104870	83105189	71131
15	83115295	83115534	128619
15	83128180	83128420	144398
15	83129962	83130203	99961
15	83131177	83132619	474089
15	83133152	83133536	116957
15	83135117	83135647	30762
15	83136170	83136412	82791
15	83137995	83138194	25763
15	83138272	83138428	32397
15	83138571	83138730	119807
15	83140930	83141158	44152
15	83141703	83142064	74021
15	83145222	83145419	27633
15	83145567	83145688	19563
15	83145737	83146068	107898
15	83146091	83146333	50989
15	83146522	83146657	43928
15	83148875	83148976	26629
15	83188623	83188762	33947
15	83190330	83190571	78849
15	83191101	83191222	17945
15	83191356	83191478	77230
15	83192105	83192226	53105
15	83192556	83193451	207531
15	83193643	83193897	104869
15	83194702	83194943	59689
15	83195029	83195192	44528
15	83205530	83205651	16097
15	83207028	83207149	25735
15	83207562	83207803	49114
15	83208686	83208927	17486
15	83209116	83209237	7646
15	83211923	83212204	38939
15	83212215	83212351	2305
15	83212382	83212529	1741
15	83212616	83212991	3377
15	83213132	83213233	7067
15	83213332	83213462	12481
15	83215139	83215290	8539
15	83215848	83215999	8829
15	83218187	83218428	13386
15	83221176	83221417	16163
15	83222187	83222316	9798
15	83222618	83222751	6518
15	83224534	83224925	25169
15	83226471	83226746	17258
15	83240049	83240292	25332
15	83295909	83296291	39854
15	83296888	83297083	3158
15	83297112	83297212	1895
15	83306685	83306806	8199
15	83316552	83316673	174
15	83328265	83328506	24175
15	83328544	83328785	25064
15	83330564	83330685	11355
15	83330900	83331021	12779
15	83331378	83331739	31911
15	83331810	83332051	23806
15	83332280	83332401	13582
15	83332518	83332759	23451
15	83333059	83333300	32330
15	83333519	83333760	19405
15	83333976	83334077	7679
15	83334185	83334387	23645
15	83335470	83335711	16159
15	83345179	83345420	23981
15	83345959	83346200	42121
15	83346367	83346608	15869
15	83346826	83346947	13040
15	83348454	83348576	9979
15	83348892	83349013	12293
15	83349214	83349546	11670
15	83349558	83349799	13649
15	83349835	83349956	5594
15	83350130	83350371	22911
15	83357474	83357595	10519
15	83357885	83358006	8218
15	83358106	83358227	12002
15	83360395	83360546	15063
15	83368385	83368649	41271
15	83378280	83378521	644
15	83379260	83379361	6153
15	83379934	83380114	10781
15	83382440	83382540	1703
15	83384072	83384173	6178
15	83395072	83395214	20739
15	83395244	83395832	59473
15	83424638	83424879	18393
15	83428044	83428405	27881
15	83430820	83431061	17011
15	83433862	83434103	17397
15	83434595	83434836	13450
15	83437585	83437826	26423
15	83438447	83438688	9437
15	83440781	83441022	20000
15	83442176	83442276	6635
15	83444224	83444325	2725
15	83444361	83444461	2213
15	83447470	83447701	9658
15	83448946	83449067	6673
15	83451472	83451833	49599
15	83453275	83453376	11091
15	83455249	83455370	9993
15	83455461	83456182	74701
15	83458107	83458271	11609
15	83459647	83459747	6238
15	83465031	83465248	16555
15	83467295	83467427	6319
15	83470441	83470608	14975
15	83478390	83479142	13574
15	83480768	83480897	9951
15	83481820	83482137	98712
15	83485397	83485638	55818
15	83486349	83486470	26516
15	83486662	83486878	28327
15	83488036	83488277	35600
15	83491829	83492065	25232
15	83495143	83495264	4178
15	83495489	83495610	3633
15	83499298	83499878	39337
15	83501953	83502314	26406
15	83503314	83503414	7578
15	83518195	83518296	4518
15	83518439	83518680	31097
15	83519881	83520002	3694
15	83520827	83521068	25284
15	83523352	83523593	33757
15	83527729	83527970	28991
15	83532903	83533024	18443
15	83543969	83544210	39215
15	83561393	83561634	27518
15	83621223	83621486	0
15	83657736	83657975	7153
15	83658604	83658845	33588
15	83659345	83659446	5857
15	83673517	83673618	9312
15	83673626	83673727	8385
15	83674335	83674486	2630
15	83677161	83677483	18186
15	83678930	83679171	22641
15	83680202	83680360	10168
15	83685848	83685948	13776
15	83686274	83686374	6598
15	83686746	83687017	17192
15	83687410	83687651	23829
15	83689409	83689530	8030
15	83698832	83699103	18030
15	83710457	83710698	12165
15	83718815	83718940	6596
15	83725097	83725338	16850
15	83735488	83735967	1987
15	83776410	83776534	7629
15	83781539	83781662	18622
15	83784584	83784705	14567
15	83788320	83788443	29931
15	83790652	83790773	22609
15	83791448	83791689	16031
15	83793414	83793538	25942
15	83795491	83795612	9205
15	83796048	83796289	53444
15	83805207	83805448	11834
15	83806919	83807040	7934
15	83807347	83807448	2853
15	83807955	83808084	7449
15	83819918	83820159	29317
15	83826124	83826365	75011
15	83826602	83826843	35877
15	83832727	83832848	7449
15	83876073	83876195	5041
15	83924631	83924732	8576
15	83925071	83925172	7177
15	83925872	83925972	5177
15	83926095	83926895	97346
15	83931643	83933594	237471
15	83935554	83935833	36756
15	83936843	83936994	10618
15	83953206	83953390	0
15	84116246	84116367	4275
15	84159558	84159679	3509
15	84190843	84190944	7518
15	84227977	84228098	4798
15	84233860	84234029	12038
15	84237231	84237472	11496
15	84241262	84241503	28783
15	84245292	84245533	11346
15	84255725	84255848	3691
15	84257404	84257533	10692
15	84284817	84285024	20060
15	84286815	84287249	28599
15	84287406	84287507	6078
15	84324486	84324607	5594
15	84373079	84373320	25966
15	84442217	84442458	17150
15	84473363	84473514	6778
15	84488469	84488860	54493
15	84506782	84507023	13715
15	84527493	84527614	16481
15	84539481	84539752	16198
15	84553843	84553974	12758
15	84558808	84559049	22537
15	84560044	84560165	12270
15	84561421	84561657	28889
15	84566562	84566803	24292
15	84568349	84568500	8311
15	84581805	84582166	31517
15	84592599	84592840	16142
15	84611322	84611563	34213
15	84611623	84611864	24748
15	84639191	84639432	34784
15	84651015	84652106	56830
15	84657385	84657605	9132
15	84657975	84658147	10797
15	84659780	84660021	36154
15	84683263	84683504	49886
15	84685071	84685312	12540
15	84690102	84690373	17901
15	84693967	84694245	41767
15	84700044	84700195	22415
15	84705510	84705756	16108
15	84706413	84706584	7393
15	84707268	84707402	8945
15	84708087	84708260	27113
15	84708269	84708369	6426
15	84708436	84708575	8194
15	84722333	84722454	17991
15	84722574	84722695	19468
15	84749890	84750011	11189
15	84752924	84753045	14180
15	84758941	84759062	10051
15	84770728	84770969	60462
15	84771574	84771695	8940
15	84773343	84773614	60017
15	84781653	84781774	10925
15	84784785	84784906	15430
15	84789826	84790037	25816
15	84790217	84790458	28016
15	84795162	84795403	34231
15	84842693	84842932	155092
15	84855557	84855797	283744
15	84857338	84857579	117422
15	84858571	84860013	1821155
15	84860546	84860930	316913
15	84862513	84862702	83831
15	84862809	84863051	71250
15	84863574	84863816	182094
15	84865676	84865798	88465
15	84865975	84866134	171984
15	84868329	84868539	182547
15	84868844	84868944	7697
15	84869005	84869486	387568
15	84872641	84872838	99981
15	84872913	84873106	105497
15	84873157	84873488	132148
15	84873511	84873753	77286
15	84873942	84874077	70019
15	84876296	84876397	50413
15	84904567	84904706	18902
15	84906276	84906517	146943
15	84907048	84907169	95757
15	84907303	84907425	81457
15	84908052	84908173	57231
15	84908500	84909576	384077
15	84909769	84910023	165792
15	84910828	84911069	128739
15	84911156	84911397	141992
15	84917076	84917315	130874
15	84924664	84924766	56122
15	84944428	84944609	81956
15	84945147	84945247	50810
15	84945392	84945513	89696
15	84946139	84946240	48100
15	84946612	84946866	109927
15	84947218	84947339	51214
15	84948438	84948539	19269
15	84948639	84948760	37451
15	84949156	84949290	63670
15	84949479	84949695	71249
15	84949738	84950069	129173
15	84950114	84950235	47675
15	84950389	84950586	69718
15	84958270	84959719	558321
15	84960693	84960934	122721
15	84962477	84962717	138328
15	84975326	84975565	119041
15	85042621	85042860	41611
15	85053099	85053341	87676
15	85053428	85053669	140561
15	85054474	85054728	35027
15	85054921	85056102	680486
15	85056428	85056549	66974
15	85057176	85057298	81755
15	85057432	85057553	99240
15	85058084	85058325	152959
15	85059895	85060034	62973
15	85070044	85070145	35410
15	85070823	85070924	12761
15	85081764	85081885	5793
15	85082926	85083027	6983
15	85085324	85085565	213054
15	85089421	85089542	16559
15	85098127	85098368	80972
15	85112711	85112950	156696
15	85113829	85113931	15097
15	85147120	85147601	35773
15	85149721	85149842	10001
15	85159495	85159646	17999
15	85163770	85166948	282090
15	85175088	85175569	39059
15	85176998	85177608	12120
15	85180546	85180667	6835
15	85186662	85187007	22398
15	85188508	85189249	55279
15	85189375	85189616	12938
15	85191091	85191212	14152
15	85191750	85191871	4611
15	85195926	85196048	1926
15	85196833	85196956	10679
15	85197423	85197544	15930
15	85198366	85198690	19579
15	85200371	85200612	21364
15	85201171	85201393	14157
15	85212765	85212865	4673
15	85212900	85213015	4034
15	85213213	85213334	3328
15	85213923	85214044	10938
15	85223882	85224123	19788
15	85230809	85231050	10843
15	85234699	85234940	11139
15	85259209	85259570	84628
15	85292778	85292878	22709
15	85306018	85306119	17879
15	85307969	85308070	5107
15	85325845	85328156	170761
15	85333903	85334144	30468
15	85341066	85341307	12588
15	85341474	85341745	19882
15	85341751	85342142	19401
15	85342293	85342451	12098
15	85342989	85343260	21963
15	85345045	85345685	89521
15	85346378	85346479	10269
15	85346491	85346591	11028
15	85348786	85348887	12542
15	85349087	85349220	14310
15	85360068	85360884	35835
15	85366518	85366639	28597
15	85370624	85370895	27351
15	85382151	85382389	23961
15	85382856	85384207	83399
15	85399563	85401844	179452
15	85402396	85402667	34621
15	85402919	85403190	18730
15	85403194	85403345	8743
15	85405794	85406185	22262
15	85406765	85406886	5576
15	85407663	85407906	23721
15	85410510	85410631	13164
15	85411303	85411697	30164
15	85411702	85411803	5677
15	85411923	85412024	6230
15	85412130	85412231	6862
15	85412904	85413005	5453
15	85414288	85414389	3956
15	85430978	85431099	11580
15	85431985	85432106	17069
15	85433658	85433779	4089
15	85438111	85438382	40168
15	85438531	85438692	8759
15	85447277	85447518	18647
15	85448760	85448893	23980
15	85451926	85452047	5627
15	85461733	85461854	21326
15	85464168	85464319	7528
15	85467127	85467398	33154
15	85476319	85476560	31563
15	85478219	85478460	32597
15	85478529	85478770	40925
15	85486655	85486776	9502
15	85487754	85487905	10624
15	85487951	85488108	17667
15	85488302	85488453	25429
15	85525210	85525606	0
15	85607567	85607688	14938
15	85610218	85610459	37042
15	85619070	85619223	11999
15	85619929	85620050	20065
15	85626769	85626890	7093
15	85632546	85632667	16829
15	85634222	85634463	20571
15	85641161	85641282	9104
15	85643180	85643331	11736
15	85643346	85643467	12387
15	85652231	85652382	8205
15	85656581	85656702	11709
15	85657064	85657305	17565
15	85658632	85658753	18268
15	85659165	85659402	11910
15	85660849	85661090	48831
15	85663985	85664256	13794
15	85666206	85666477	40536
15	85669400	85669641	12262
15	85679678	85679949	28840
15	85680989	85681144	6532
15	85681651	85681751	6500
15	85734650	85734890	143275
15	85736430	85736671	107704
15	85737645	85739087	738195
15	85739621	85740005	113552
15	85741585	85741774	71809
15	85741881	85742123	66622
15	85742646	85742888	124621
15	85744471	85744670	135200
15	85744748	85744925	41885
15	85745047	85745206	36084
15	85747406	85747622	159469
15	85747921	85748021	7586
15	85748082	85748563	338278
15	85751718	85751915	94277
15	85752062	85752184	16717
15	85752235	85752566	112532
15	85752589	85752831	83932
15	85753020	85753155	72397
15	85755374	85755475	52528
15	85783683	85783822	15195
15	85785389	85785630	184812
15	85786161	85786282	29941
15	85786416	85786538	70998
15	85787165	85787286	49573
15	85787615	85788395	443106
15	85788405	85788645	102948
15	85788838	85789092	57367
15	85790006	85790127	25454
15	85790213	85790376	58526
15	85803867	85803988	34033
15	85804956	85805077	44201
15	85805107	85805227	59506
15	85805913	85806034	21369
15	85806063	85806184	43808
15	85810578	85810698	35301
15	85810871	85811112	42893
15	85813401	85813642	50573
15	85923938	85924039	1763
15	86022646	86022746	4432
15	86028906	86029027	12273
15	86063851	86063972	8041
15	86064611	86064852	36099
15	86076751	86077173	45167
15	86086973	86087214	24809
15	86118339	86118580	19832
15	86122128	86125369	199750
15	86128872	86129113	48260
15	86131858	86131958	10205
15	86163312	86163413	6135
15	86182581	86182702	5769
15	86189017	86189236	23024
15	86198591	86199072	72517
15	86201733	86201854	10306
15	86205590	86205711	16492
15	86207738	86208009	11929
15	86212943	86213071	9855
15	86225354	86225475	9797
15	86227916	86228157	13927
15	86235024	86235145	10697
15	86236383	86236700	27582
15	86251222	86251343	11341
15	86253781	86253902	9037
15	86258965	86259206	21754
15	86260511	86260643	13221
15	86261192	86261433	19269
15	86262250	86262587	31244
15	86265163	86265639	48912
15	86266245	86266606	24285
15	86269617	86269738	10807
15	86270266	86270507	15446
15	86270561	86270712	12791
15	86273689	86273960	9874
15	86278150	86278421	15722
15	86278764	86278885	7631
15	86279281	86279402	13191
15	86283416	86283537	19814
15	86284230	86284741	44819
15	86286678	86287069	28026
15	86287792	86287943	11997
15	86289364	86289465	2782
15	86290774	86290943	23733
15	86290992	86291093	11820
15	86302569	86302670	4024
15	86311225	86313056	184668
15	86313706	86313827	11099
15	86600122	86600425	72095
15	86623178	86623279	10480
15	86685205	86685326	18262
15	86686881	86687134	33413
15	86697605	86697846	30483
15	86702149	86702270	12440
15	86768102	86768223	12455
15	86790884	86791125	17401
15	86800045	86800286	36463
15	86801167	86801288	6994
15	86805825	86806186	71263
15	86807417	86808138	40689
15	86809585	86809706	11429
15	86810202	86810323	4858
15	86813102	86813343	15157
15	86814832	86814953	5531
15	86822860	86823065	25401
15	86838441	86838682	27392
15	86940565	86940806	24677
15	86952804	86952907	6706
15	87063322	87063423	3400
15	87065984	87066234	23643
15	87089177	87089418	28418
15	87097558	87097799	15316
15	87099423	87099544	7289
15	87100243	87100344	7531
15	87217464	87217707	11808
15	87531149	87531390	29422
15	87572002	87572123	6376
15	88121289	88121746	59235
15	88420137	88420378	25657
15	88423458	88423699	32855
15	88428772	88428893	8051
15	88428895	88428995	4408
15	88451706	88451807	10351
15	88472362	88472723	33021
15	88474387	88474509	27543
15	88476177	88476448	22729
15	88483767	88484038	33373
15	88513325	88513425	13481
15	88520560	88520660	8207
15	88521334	88521513	16262
15	88521980	88522081	9964
15	88522153	88522254	12668
15	88522313	88522704	30884
15	88524326	88524701	22792
15	88576060	88576301	31657
15	88663472	88663573	1815
15	88669491	88669614	7269
15	88670363	88670484	17227
15	88671892	88672013	3981
15	88678298	88678659	57262
15	88679079	88679320	17202
15	88679617	88679888	29693
15	88680592	88680833	20259
15	88690538	88690659	3237
15	88726593	88726744	8627
15	88727431	88727552	6309
15	88735370	88735471	8869
15	88744461	88744562	4273
15	88799049	88799406	39662
15	89002787	89003148	31154
15	89007869	89008140	30560
15	89008789	89009030	13722
15	89010343	89010618	16701
15	89010889	89011040	18466
15	89011075	89011314	25226
15	89015815	89015966	2042
15	89018254	89018525	75127
15	89020191	89020312	21941
15	89021093	89021220	6976
15	89055755	89055856	6908
15	89056155	89056396	12385
15	89058472	89058573	2512
15	89059987	89060228	17295
15	89061386	89061576	7691
15	89070802	89071043	11505
15	89073793	89074999	131301
15	89079492	89079613	16418
15	89081752	89081947	19968
15	89151265	89151438	18846
15	89155031	89155190	9681
15	89169379	89170046	56498
15	89172435	89172676	12203
15	89173225	89173673	33835
15	89174308	89174429	5854
15	89182560	89182835	31252
15	89195079	89195551	46398
15	89198552	89198823	18142
15	89279811	89279938	5592
15	89280179	89280524	3105
15	89379411	89379532	12189
15	89381844	89382325	37791
15	89383208	89383449	33543
15	89384913	89385154	14594
15	89386551	89386912	18678
15	89388683	89389129	40065
15	89390439	89390680	38816
15	89391084	89391325	30442
15	89392634	89393102	25509
15	89394963	89395324	41194
15	89398018	89402693	364616
15	89403492	89403733	23781
15	89411446	89411560	5116
15	89414570	89414811	31627
15	89415213	89415334	6222
15	89416062	89416303	7669
15	89417042	89417283	22885
15	89417612	89417794	7789
15	89417937	89418063	4630
15	89418506	89418606	2816
15	89421162	89421523	40026
15	89422167	89422528	20211
15	89424530	89425011	28116
15	89430316	89430587	35917
15	89436204	89436343	10040
15	89442573	89443084	44183
15	89444722	89444993	33135
15	89448908	89449179	15305
15	89449799	89450052	14044
15	89450395	89450636	31341
15	89452967	89453208	21906
15	89455328	89455429	7711
15	89456452	89456573	152
15	89659504	89659775	32046
15	89694874	89695115	26925
15	89698560	89698801	22577
15	89719013	89719254	24040
15	89728639	89728760	9084
15	89731414	89731544	4815
15	89734284	89734405	3674
15	89736446	89736567	32440
15	89738404	89738769	43896
15	89738938	89739039	9440
15	89739232	89739333	4831
15	89740057	89740179	9329
15	89740369	89740469	12148
15	89740553	89740653	8136
15	89742593	89742694	7979
15	89742723	89742824	6962
15	89743086	89743187	6328
15	89743690	89743875	18722
15	89743953	89744054	4564
15	89744342	89744547	32174
15	89744685	89745033	24361
15	89745159	89745260	3871
15	89745331	89745431	3011
15	89753473	89753714	9302
15	89753920	89754050	9329
15	89754901	89755172	21208
15	89758258	89758499	17066
15	89760305	89760572	34193
15	89761738	89761979	21881
15	89762150	89762297	15460
15	89790829	89790980	11303
15	89801879	89802030	7875
15	89803887	89804128	15683
15	89804772	89805013	23946
15	89805019	89805140	8905
15	89806609	89806730	12601
15	89807074	89807315	18897
15	89807734	89807855	3950
15	89811595	89811812	24094
15	89816562	89816713	16345
15	89817389	89817586	11633
15	89819910	89820151	19263
15	89821900	89822021	7154
15	89824344	89824585	18412
15	89824969	89825090	14980
15	89826302	89826543	33010
15	89828266	89828488	27198
15	89833416	89833537	7607
15	89834803	89834955	6740
15	89835863	89836353	33682
15	89836994	89837265	30439
15	89838136	89838359	25386
15	89842992	89843233	24264
15	89843512	89843633	6724
15	89844493	89844734	20855
15	89847059	89847180	8378
15	89848305	89848529	19707
15	89848544	89848695	12278
15	89848791	89848942	7504
15	89849210	89849451	24244
15	89850672	89850933	25890
15	89856107	89856258	11133
15	89857829	89857950	7803
15	89858475	89858630	11354
15	89859597	89859760	12851
15	89859804	89860079	16776
15	89860565	89860806	19094
15	89861754	89861995	11661
15	89862094	89862365	15000
15	89862398	89862639	16398
15	89863938	89864543	32976
15	89864874	89865145	24832
15	89865158	89865279	13541
15	89865901	89866172	14901
15	89866625	89866752	13210
15	89866997	89867148	9905
15	89867276	89867482	7972
15	89868587	89868978	21493
15	89869754	89870025	24611
15	89870097	89870608	49118
15	89871635	89871786	9092
15	89871837	89872351	21195
15	89873288	89873529	24413
15	89876266	89877013	26141
15	89911223	89911362	11651
15	90014885	90015004	3869
15	90015861	90016163	18530
15	90019931	90020082	8069
15	90020223	90020494	17177
15	90020694	90020935	22083
15	90021015	90021256	16248
15	90022514	90022755	27553
15	90023444	90023685	29844
15	90026251	90026492	17603
15	90029462	90029563	7903
15	90030001	90030242	32194
15	90039532	90039803	29746
15	90118808	90119486	28537
15	90125875	90126236	51114
15	90127483	90127817	18274
15	90128929	90129183	18456
15	90135221	90135462	35983
15	90137594	90137835	16823
15	90138611	90138852	16123
15	90142509	90142744	32161
15	90143804	90143926	6361
15	90144514	90144635	13258
15	90144698	90144819	18451
15	90144906	90145267	25499
15	90146013	90146134	5214
15	90149966	90150087	7434
15	90151985	90152219	11088
15	90159589	90159740	18088
15	90161320	90161471	43617
15	90162884	90163125	25254
15	90164581	90164822	13276
15	90166764	90169075	122664
15	90169108	90169349	16493
15	90170120	90170371	29753
15	90170542	90170643	5495
15	90171562	90172073	33394
15	90172158	90172392	15143
15	90172553	90172824	30331
15	90173469	90173740	14030
15	90174712	90174953	30115
15	90176017	90176554	35734
15	90176864	90177135	45249
15	90185383	90185654	46488
15	90188168	90188439	17509
15	90188503	90188744	16490
15	90189030	90189296	34983
15	90190023	90190298	28342
15	90190745	90191004	22738
15	90191423	90192073	8704
15	90192177	90192647	8424
15	90192950	90193275	24561
15	90195816	90196177	20333
15	90208782	90209194	2261
15	90210108	90210469	37573
15	90210693	90211044	43921
15	90212665	90212936	20447
15	90213131	90213522	32588
15	90214692	90214813	11122
15	90216421	90216662	16338
15	90220636	90220757	10338
15	90226562	90227193	66391
15	90229598	90229839	22029
15	90233774	90233895	14646
15	90244917	90245308	19118
15	90246155	90246399	24493
15	90248755	90248906	13214
15	90255234	90255355	13191
15	90258147	90258388	8894
15	90260099	90260220	10564
15	90265276	90265427	35676
15	90270352	90270593	16135
15	90272227	90272348	15862
15	90272865	90273016	8024
15	90274582	90274853	38408
15	90276192	90276463	24106
15	90278691	90278812	5152
15	90280760	90281001	33019
15	90281218	90281489	12342
15	90286481	90286632	10172
15	90293270	90293476	23817
15	90293679	90294479	3776
15	90319549	90320539	33835
15	90321219	90321610	39595
15	90328096	90328197	9580
15	90328258	90328358	6338
15	90328534	90328775	23341
15	90333640	90333791	14129
15	90334132	90334373	40350
15	90335323	90335594	25627
15	90335646	90335808	16214
15	90336220	90336371	17061
15	90340728	90340999	15455
15	90342427	90342578	9818
15	90342602	90342843	24659
15	90344318	90344439	14441
15	90344600	90344871	23658
15	90346411	90347069	83217
15	90347110	90347243	5663
15	90347409	90347904	58660
15	90348257	90348498	56510
15	90348501	90348742	31273
15	90349116	90349867	91570
15	90378689	90378930	23620
15	90380837	90380964	11637
15	90414681	90414802	2238
15	90431717	90431874	8579
15	90432265	90432386	15579
15	90437085	90437206	15995
15	90444939	90445090	7578
15	90446408	90446649	31683
15	90446960	90447231	17620
15	90451456	90451697	31287
15	90453922	90454073	15003
15	90455445	90455951	40589
15	90455960	90456081	0
15	90549980	90550080	6004
15	90610287	90611878	182627
15	90616277	90616518	17024
15	90617283	90617554	10119
15	90622855	90623096	18804
15	90623176	90623276	4046
15	90623541	90623642	14471
15	90627191	90627351	3657
15	90627450	90627601	15464
15	90628002	90628153	18458
15	90628190	90628341	16694
15	90628497	90628629	13381
15	90630298	90630539	40123
15	90630587	90630858	22613
15	90631511	90632018	48274
15	90633672	90633913	26052
15	90634769	90634890	12761
15	90645443	90645684	0
15	90744759	90745045	935
15	90760631	90760872	18359
15	90760968	90761089	6624
15	90763012	90763133	7875
15	90764148	90764389	52805
15	90764534	90764775	8467
15	90764800	90765041	9972
15	90766760	90767001	19453
15	90767023	90767264	16866
15	90768183	90768424	23257
15	90768450	90768691	20378
15	90768854	90769095	36953
15	90770770	90770893	10811
15	90771084	90771927	93453
15	90772396	90772592	19203
15	90772741	90772900	5791
15	90773614	90773786	16294
15	90774118	90774505	20554
15	90774542	90774783	16927
15	90775413	90775569	12863
15	90776856	90776977	8436
15	90777030	90777151	1928
15	90784088	90785313	122405
15	90793779	90794170	29120
15	90794714	90794865	22833
15	90796418	90796659	23538
15	90798900	90799171	16611
15	90799329	90799570	12186
15	90800343	90800561	22401
15	90800850	90800971	8090
15	90801260	90801511	27945
15	90801959	90802200	26595
15	90805237	90805423	17236
15	90805723	90805901	10972
15	90806197	90806377	13939
15	90806986	90807290	28595
15	90807951	90808199	14044
15	90808905	90809146	14865
15	90809510	90809641	6805
15	90814358	90815079	59802
15	90837546	90837667	30563
15	90837862	90838103	56791
15	90838129	90838490	87345
15	90838504	90838745	58926
15	90838776	90839017	66037
15	90897771	90898006	37087
15	90902073	90902199	4006
15	90903203	90904554	82358
15	90905705	90905853	10740
15	90931539	90931660	2047
15	90933994	90934115	11614
15	90969298	90969539	13897
15	90972798	90972919	8273
15	90976927	90977048	6800
15	90982536	90982657	11216
15	90983724	90983857	8597
15	90984705	90984946	11068
15	90986606	90986727	4051
15	90991765	90992006	17257
15	90992741	90992892	7675
15	90995967	90996208	17840
15	90996322	90996563	24618
15	90997600	90997841	19760
15	90999314	90999585	14758
15	91009216	91009337	12048
15	91009463	91009704	23230
15	91010631	91010872	19098
15	91016035	91016276	23138
15	91016897	91017048	7574
15	91017102	91017223	5058
15	91017269	91017390	5126
15	91017669	91017940	21451
15	91019851	91020092	16565
15	91020259	91020500	9727
15	91020887	91021131	19078
15	91025140	91025381	59920
15	91025409	91025530	31414
15	91026583	91026835	26416
15	91027396	91027637	31892
15	91029221	91029374	10883
15	91030102	91030373	10122
15	91030709	91030830	12486
15	91034549	91034790	8039
15	91035738	91035979	10744
15	91037884	91038078	12454
15	91040454	91040582	7237
15	91043192	91043350	12235
15	91043412	91043513	16181
15	91044168	91044327	14177
15	91045398	91045498	15039
15	91073245	91073445	1586
15	91083258	91083379	11014
15	91136776	91137047	24742
15	91141653	91141754	6082
15	91145525	91145646	4874
15	91147556	91147707	20421
15	91150598	91150720	4662
15	91157641	91157762	10416
15	91161096	91161217	9250
15	91162936	91163057	15168
15	91168965	91169236	25682
15	91172433	91172794	11541
15	91181656	91182066	43115
15	91184318	91184441	12545
15	91185116	91185387	28109
15	91185954	91186055	5311
15	91188446	91188547	6043
15	91290610	91290731	13173
15	91292585	91293307	40080
15	91294975	91295216	21677
15	91297983	91298224	11653
15	91303321	91303562	30788
15	91303763	91304514	35708
15	91306170	91306411	17738
15	91308463	91308704	20946
15	91310130	91310263	9166
15	91312350	91312471	11752
15	91312620	91312861	13720
15	91326013	91326168	9783
15	91328079	91328350	25952
15	91333855	91334096	18114
15	91337370	91337599	17806
15	91341372	91341613	17746
15	91346729	91346970	19964
15	91347371	91347612	17740
15	91352306	91352547	27983
15	91354384	91354655	15025
15	91358299	91358540	16120
15	91418937	91419178	15410
15	91419442	91419593	12326
15	91419678	91419799	11343
15	91420068	91420309	23252
15	91420311	91420462	8769
15	91420739	91420860	9511
15	91421326	91421567	45940
15	91421948	91422219	20484
15	91422632	91422784	10738
15	91422861	91423533	47941
15	91423861	91424102	26167
15	91424123	91424280	23360
15	91424480	91425217	48261
15	91425309	91425410	8760
15	91425426	91425592	11781
15	91425784	91425885	9897
15	91425889	91426055	14360
15	91426285	91426548	22713
15	91426592	91426729	6961
15	91428230	91428501	29720
15	91428577	91428848	26041
15	91430147	91430298	15064
15	91430387	91430628	22487
15	91432453	91432926	45007
15	91432979	91433250	18875
15	91433293	91433774	8357
15	91434195	91434436	26049
15	91434693	91434964	15869
15	91435253	91435374	11030
15	91435874	91436115	15020
15	91436285	91436702	32884
15	91436811	91437346	40692
15	91438565	91438836	27011
15	91447311	91447623	58122
15	91448398	91449000	62419
15	91449065	91449362	14828
15	91449542	91449783	28843
15	91449905	91450176	12281
15	91450510	91450751	8548
15	91452494	91452765	23023
15	91453299	91453540	17536
15	91453670	91453941	28365
15	91454012	91454253	16195
15	91454373	91454494	10272
15	91454576	91454817	51753
15	91455179	91455570	45041
15	91455711	91455952	18782
15	91456042	91456283	17640
15	91456418	91456689	33902
15	91456793	91457034	15014
15	91459298	91459539	17802
15	91459802	91459903	9656
15	91461399	91461640	27704
15	91461838	91461995	11269
15	91462819	91463109	41210
15	91474448	91474689	22331
15	91474718	91474839	12644
15	91474842	91475233	24126
15	91475251	91475372	4307
15	91475649	91475780	1117
15	91477270	91477373	10511
15	91477568	91477779	13465
15	91478173	91478351	20483
15	91478518	91478639	1323
15	91478733	91478974	24166
15	91479132	91479253	7018
15	91479451	91479722	25214
15	91482915	91483066	31571
15	91483498	91483739	65244
15	91485629	91485870	20282
15	91486075	91486346	29714
15	91488086	91488327	18581
15	91489812	91490173	48247
15	91490981	91491132	17758
15	91491321	91491562	23669
15	91491802	91492073	12755
15	91492458	91492729	14882
15	91492825	91492976	9798
15	91493374	91493507	12811
15	91493666	91493907	10067
15	91496129	91496582	31952
15	91496636	91496997	22307
15	91499945	91500167	1193
15	91500296	91501014	20017
15	91503087	91503238	12993
15	91503521	91503762	13447
15	91504208	91504329	4458
15	91504802	91505021	13007
15	91509502	91509602	7007
15	91510305	91510456	13088
15	91512268	91512389	7309
15	91512643	91512884	13711
15	91513597	91513754	10106
15	91517356	91517486	18845
15	91517766	91518007	62422
15	91519892	91520013	10761
15	91522334	91522575	12828
15	91523445	91523665	17260
15	91524067	91524308	21965
15	91524692	91524933	24008
15	91524968	91525221	33515
15	91527157	91527428	14384
15	91527837	91528108	45491
15	91537550	91537842	32135
15	91542183	91542304	11280
15	91542817	91543227	46977
15	91543709	91543831	13988
15	91544594	91544715	11603
15	91545224	91545465	18883
15	91546246	91546397	7372
15	91548072	91548193	10693
15	91548225	91548376	8184
15	91548555	91548706	3741
15	91548877	91549028	8450
15	91549184	91549305	5858
15	91549547	91549698	8037
15	91549829	91549980	11400
15	91550166	91550287	3109
15	91550659	91550813	11694
15	91551055	91551206	9004
15	91552992	91553113	10535
15	91556976	91557127	14734
15	91557547	91557698	8640
15	91560162	91560283	11047
15	91561013	91561134	6725
15	91565370	91565491	8792
15	91574829	91574929	9075
15	91574950	91575071	6270
15	91575174	91575400	19663
15	91575585	91575718	24973
15	91576128	91576228	37167
15	91576289	91576389	25231
15	91576452	91576553	17200
15	91577239	91577550	43110
15	91578178	91578279	15022
15	91769477	91769958	87142
15	91795017	91795258	32721
15	91795553	91795794	9984
15	91801596	91801837	32970
15	91803503	91803654	17815
15	91809775	91809932	14602
15	91810767	91810888	20619
15	91811631	91811872	12465
15	91824903	91825144	9056
15	91827199	91827470	30193
15	91832709	91832950	29715
15	91835569	91835810	18787
15	91838219	91838320	5192
15	92397129	92397348	4372
15	92401361	92401460	3819
15	92432382	92432482	3902
15	92454697	92454798	9916
15	92459184	92459698	41583
15	92461774	92461875	2546
15	92515216	92515317	4749
15	92638098	92638219	16089
15	92647459	92647820	56599
15	92663625	92663896	20368
15	92669268	92669509	32212
15	92671528	92671729	36593
15	92690180	92690421	24049
15	92694150	92694271	18843
15	92705934	92706415	40595
15	92706484	92706584	3511
15	92706627	92706727	3877
15	92715000	92715101	8214
15	92937282	92937403	7536
15	92965938	92966038	2795
15	92973248	92973369	12135
15	92977419	92977660	19743
15	92981500	92981891	28518
15	92987831	92988192	51015
15	93007320	93007652	22914
15	93007676	93007777	6688
15	93008006	93008107	10219
15	93008212	93008313	7886
15	93011565	93011666	27662
15	93011705	93011850	27228
15	93011889	93011990	9714
15	93015369	93015775	31368
15	93016121	93016362	29198
15	93043547	93043668	6964
15	93161399	93161500	1858
15	93161958	93162059	47211
15	93162626	93162747	11756
15	93170506	93170606	7414
15	93173388	93173629	38813
15	93198513	93198950	2939
15	93255007	93255713	62097
15	93425833	93426416	1012
15	93429432	93429533	10037
15	93435187	93435287	4036
15	93443504	93443708	12709
15	93444396	93444558	10522
15	93447617	93447717	2281
15	93448137	93448238	8839
15	93467541	93467792	12259
15	93470455	93470576	7353
15	93472229	93472350	8386
15	93480738	93480891	6918
15	93482726	93483027	48725
15	93484997	93485238	22318
15	93486034	93486365	19586
15	93487633	93487755	5866
15	93489011	93489132	6746
15	93489235	93489476	7511
15	93492122	93492363	26138
15	93496573	93496814	27669
15	93498636	93498757	13614
15	93499662	93499903	15892
15	93510497	93510768	19287
15	93514954	93515195	8475
15	93515449	93515690	20573
15	93518083	93518204	11980
15	93521377	93521658	21272
15	93522317	93522558	11566
15	93524031	93524152	7998
15	93524579	93524700	11756
15	93527523	93527764	13460
15	93528694	93528935	35865
15	93534665	93534786	12303
15	93536007	93536278	10346
15	93540134	93540375	17817
15	93540436	93540677	22667
15	93540848	93540948	5945
15	93541384	93541491	8959
15	93541638	93541909	34442
15	93543684	93543925	21889
15	93545280	93545667	18274
15	93547792	93548033	23444
15	93552342	93552583	39495
15	93555563	93555684	8876
15	93557881	93558152	17001
15	93563183	93563565	30847
15	93567587	93567948	31188
15	93567995	93568095	8831
15	93568412	93568550	20887
15	93568585	93568766	21379
15	93569333	93569486	13806
15	93570205	93570343	17663
15	93570838	93570938	4421
15	93571072	93571243	7657
15	93586598	93586721	7532
15	93586748	93586893	5796
15	93586911	93587012	276
15	93587820	93588014	15536
15	93588160	93589001	85875
15	93595178	93595779	90507
15	93609799	93609900	1359
15	93616135	93616322	33005
15	93616916	93617017	19182
15	93632093	93632214	0
15	93829346	93829668	32010
15	93844700	93844821	14991
15	94304120	94304356	18023
15	94364219	94364329	6728
15	94410165	94410273	6757
15	94440131	94440310	9812
15	94442452	94442552	3433
15	94624210	94624531	18130
15	94841455	94841969	28464
15	94857450	94857601	11532
15	94858720	94858876	25720
15	94882468	94882709	13696
15	94883404	94883525	20464
15	94884032	94884228	22020
15	94888314	94888435	9950
15	94899326	94899564	17165
15	94901654	94901895	34009
15	94910805	94911046	20693
15	94913271	94913422	12036
15	94927240	94927363	14325
15	94928641	94928772	21656
15	94942149	94942301	8718
15	94943095	94943246	14567
15	94945067	94945308	10916
15	94945689	94945810	10677
15	94983344	94983585	28364
15	94986077	94986228	9365
15	95001329	95001485	28721
15	95013552	95013681	24143
15	95019912	95020033	3409
15	95022167	95022288	1458
15	96831228	96831709	21026
15	96869498	96869619	8497
15	96873899	96874005	7837
15	96874222	96874576	535
15	96875312	96875792	17307
15	96876199	96876299	12062
15	96876451	96876572	9049
15	96877237	96877868	92023
15	96880555	96880893	12817
15	96880902	96881302	48580
15	96881408	96881509	9833
15	96881602	96882038	34833
15	97326838	97326989	10141
15	97327344	97327499	4529
15	97328165	97328406	31601
15	97328685	97328796	8602
15	97634386	97634592	27294
15	98157614	98157981	17864
15	98158702	98158906	3572
15	98162521	98162622	19533
15	98286648	98286748	2663
15	98417022	98417147	10956
15	98417167	98417528	15766
15	98462756	98462856	5058
15	98504063	98504424	2721
15	98508801	98508922	9462
15	98509077	98509282	32643
15	98511203	98511356	10195
15	98512299	98512660	22251
15	98513072	98513313	14425
15	98513774	98514015	15063
15	98514297	98514486	33183
15	98515256	98515357	7974
15	98515577	98515702	12049
15	98515867	98515968	7551
15	98516001	98516102	8754
15	98516488	98516588	2757
15	98516845	98516945	8059
15	98930973	98931074	2432
15	98931378	98931968	28440
15	98932714	98932855	5244
15	98937984	98938085	3674
15	98938171	98938569	21499
15	98980758	98981603	43875
15	98982858	98982980	11960
15	98984284	98984405	7252
15	98989223	98989357	5827
15	98995026	98995267	43569
15	99023796	99024037	13169
15	99029062	99029213	20156
15	99055365	99055465	13730
15	99063484	99063613	6770
15	99192796	99192997	22622
15	99233609	99233709	9299
15	99250762	99251357	42150
15	99261262	99261362	19720
15	99421592	99421693	6148
15	99434498	99434889	38116
15	99439938	99440179	12214
15	99442656	99442897	34276
15	99451899	99452140	19962
15	99454485	99454726	43167
15	99456210	99456571	29983
15	99459155	99459396	29563
15	99459851	99460122	22760
15	99465307	99465698	34016
15	99467051	99467292	22403
15	99467682	99467953	26165
15	99472746	99472899	20733
15	99473437	99473558	8452
15	99478043	99478292	33681
15	99478535	99478665	23376
15	99482388	99482629	15038
15	99486095	99486336	18012
15	99491718	99491989	21055
15	99500239	99500720	55419
15	99500775	99500948	10277
15	99501210	99501310	4563
15	99501785	99501886	8734
15	99501892	99502071	11097
15	99502493	99502594	9120
15	99502834	99502935	3926
15	99503243	99503430	7608
15	99504125	99504226	15271
15	99504405	99504528	15331
15	99504818	99504919	4913
15	99505692	99505793	7293
15	99506212	99506546	45041
15	99507284	99507385	7883
15	99507435	99507629	14735
15	99509594	99509715	5012
15	99510353	99510474	7369
15	99511695	99511972	33956
15	99512585	99512946	34244
15	99514204	99514445	21583
15	99541315	99541416	4675
15	99548624	99548724	1034
15	99645347	99646261	13976
15	99653736	99653977	31185
15	99666900	99667021	5731
15	99669556	99673277	209228
15	99673470	99673570	5269
15	99673812	99673912	9062
15	99675488	99675589	12891
15	99675707	99675808	8367
15	99678122	99678393	14868
15	99679470	99679831	37374
15	99679863	99679984	9489
15	99696306	99696547	54902
15	99701887	99702128	22488
15	99715216	99715370	8843
15	99740091	99740316	17970
15	99758734	99758975	34993
15	99759056	99759297	17253
15	99761886	99762127	19812
15	99768706	99768947	24075
15	99796125	99796366	14975
15	99798341	99798462	18553
15	99798786	99800318	215035
15	99816739	99816860	13158
15	99827419	99827540	19181
15	99827966	99828207	25612
15	99874079	99874350	38190
15	99892533	99892686	6950
15	99901507	99901748	47183
15	99903239	99903510	17287
15	99926179	99926330	26085
15	100173263	100173411	8747
15	100185746	100185987	21966
15	100211472	100211913	61149
15	100214586	100214827	29017
15	100215572	100215693	14516
15	100230418	100230659	10627
15	100230716	100230905	8106
15	100243517	100243638	18950
15	100246875	100247116	36994
15	100250780	100251021	26403
15	100252525	100253044	40620
15	100256563	100257044	28929
15	100269240	100269991	52787
15	100271329	100271450	4507
15	100271503	100271654	5863
15	100271868	100272243	64514
15	100273580	100273680	133
15	100291814	100292020	11106
15	100330738	100330859	4106
15	100331107	100331348	32497
15	100331675	100332706	265774
15	100332732	100333188	81778
15	100339786	100340515	77284
15	100341160	100341402	38774
15	100344948	100345189	30523
15	100346936	100347186	19693
15	100514565	100514806	37245
15	100516217	100516458	24871
15	100533207	100533445	14364
15	100537528	100537854	31466
15	100588978	100589249	28501
15	100591705	100591976	25107
15	100594029	100594300	31001
15	100603792	100604033	8437
15	100632618	100632719	5025
15	100636469	100636740	18631
15	100649106	100649377	12835
15	100656983	100657254	19724
15	100672163	100672404	22313
15	100673408	100673530	9471
15	100683694	100683794	5076
15	100692770	100693011	21944
15	100695333	100695574	30434
15	100739513	100739638	16164
15	100794301	100794422	7442
15	100801641	100801882	16959
15	100802507	100802658	13210
15	100821368	100821639	49782
15	100871055	100871296	16770
15	100881204	100881624	0
15	100882003	100882124	14832
15	100889500	100890416	81515
15	100942851	100943080	21369
15	100996053	100996294	17607
15	101009544	101009699	8056
15	101013071	101013312	27579
15	101016275	101016396	1325
15	101019596	101019717	8643
15	101020161	101020282	4587
15	101024709	101024933	13362
15	101030957	101031198	11998
15	101041846	101042087	12713
15	101043880	101044016	6371
15	101109401	101110362	60660
15	101112063	101112304	23823
15	101113766	101114456	37550
15	101115141	101115382	17989
15	101120421	101120572	12510
15	101120606	101121087	25423
15	101142732	101142885	20907
15	101152405	101152646	16528
15	101169587	101170308	57973
15	101188476	101188932	24464
15	101189151	101189252	9896
15	101189268	101189369	7030
15	101420024	101420265	789
15	101425462	101425586	10049
15	101427725	101427966	34592
15	101432241	101432341	7404
15	101432658	101432899	22898
15	101433119	101433240	24453
15	101434071	101434342	18527
15	101436128	101436261	16766
15	101438247	101438400	15110
15	101440750	101440991	22572
15	101445688	101445929	12484
15	101447283	101447524	23770
15	101448588	101448709	15432
15	101454880	101455001	5768
15	101456619	101456719	2637
15	101464824	101464945	15594
15	101513969	101514210	1837
15	101523667	101523938	17896
15	101523972	101524093	5280
15	101528753	101529076	37814
15	101529407	101529636	39627
15	101549003	101549278	21994
15	101550597	101551080	57477
15	101552130	101552401	23537
15	101554485	101554643	6450
15	101555477	101555628	16077
15	101561201	101561442	15963
15	101562040	101562172	8935
15	101562573	101562814	17300
15	101564968	101565209	16413
15	101566134	101566375	34779
15	101567404	101567645	19225
15	101567801	101568042	16302
15	101569087	101569478	34871
15	101586150	101586391	25946
15	101588629	101588900	23595
15	101589767	101590038	21604
15	101591859	101592220	45740
15	101593088	101593329	45484
15	101593375	101593635	25421
15	101595108	101595469	26838
15	101597006	101597277	10878
15	101598149	101598390	29884
15	101601313	101601554	33016
15	101602715	101602956	22417
15	101605502	101606463	62353
15	101606804	101606956	22414
15	101608843	101609084	25169
15	101609385	101609485	6576
15	101609817	101609944	6185
15	101715989	101716090	6174
15	101716103	101716388	24724
15	101717105	101717206	3266
15	101717240	101717439	10495
15	101717451	101719228	187740
15	101775233	101775834	43858
15	101791272	101791671	1581
15	101791722	101792111	131
15	101812957	101813081	3671
15	101814601	101814722	7275
15	101814780	101814901	5338
15	101815391	101815632	12752
15	101816691	101816932	20503
15	101817502	101817644	535
15	101821866	101822017	30782
15	101825127	101825278	13969
15	101825907	101826028	13047
15	101826397	101826518	23261
15	101827072	101827225	14670
15	101827792	101827943	8129
15	101832114	101832265	10477
15	101833182	101833423	21834
15	101834626	101834747	5640
15	101835281	101835402	4759
15	101844121	101844222	13553
15	101844274	101844374	9372
15	101844390	101844490	7475
15	101845085	101845186	6331
15	101845450	101845571	9669
15	101847352	101847593	16888
15	101853351	101853765	34729
15	101858454	101858695	13874
15	101862707	101862828	8289
15	101865031	101865272	9895
15	101866511	101866752	19788
15	101871813	101871934	13933
15	101872025	101872266	18550
15	101887842	101888014	16886
15	101905103	101905307	7636
15	101906347	101906588	11739
15	101910512	101910753	18713
15	101922234	101922475	16492
15	101924432	101924698	20114
15	101929629	101929838	12471
15	101933401	101933642	16164
15	101938573	101938814	22251
15	101968079	101968200	10298
15	101970168	101970289	17523
15	101971475	101971768	35673
15	101972128	101972369	29763
15	101983691	101983932	15136
15	101984263	101984363	6575
15	102003212	102003333	22881
15	102004188	102004309	20607
15	102029554	102029883	0
15	102182532	102182884	8166
15	102185266	102185387	6680
15	102186893	102187134	13796
15	102190164	102190405	12541
15	102191876	102191997	7407
15	102192457	102192578	1226
15	102194737	102194978	22910
15	102197060	102197271	17639
15	102197962	102198083	4505
15	102201905	102202029	9119
15	102211677	102211799	9327
15	102211851	102211972	4728
15	102215750	102215991	19177
15	102224237	102224478	12356
15	102226060	102226301	20665
15	102241276	102241397	6576
15	102242393	102242634	32422
15	102244039	102244160	3975
15	102245826	102245977	17262
15	102248933	102249174	20170
15	102252022	102252263	13796
15	102254983	102255224	10500
15	102261305	102261546	21168
15	102263270	102263391	12811
15	102264260	102264621	1702
15	102285953	102286203	8817
15	102287945	102288186	59267
15	102291724	102291966	180328
15	102292628	102295249	304761
15	102295330	102295740	21808
15	102296115	102298742	270314
15	102300161	102300981	91422
15	102301007	102301619	76909
15	102302494	102303364	64429
15	102303401	102304948	185167
15	102311894	102312352	101447
15	102312401	102312502	28625
15	102312545	102312707	31130
15	102312768	102312987	45408
15	102313238	102313338	32126
15	102313738	102313838	23956
15	102313935	102314151	40065
15	102315129	102315229	30890
15	102315483	102315719	63663
15	102316088	102316189	26909
15	102316331	102316491	45243
15	102317714	102317824	26423
15	102317911	102318012	40529
15	102318066	102318166	50435
15	102319287	102319388	54429
15	102319546	102319646	39923
15	102320199	102320319	50401
15	102322118	102322218	11327
15	102345910	102346871	171348
15	102358377	102359338	201868
15	102368881	102369122	53389
15	102388895	102389852	241194
15	102416154	102417115	397161
15	102462322	102463316	118266
15	102467154	102467943	102026
15	102473491	102473592	565
15	102495379	102495500	11222
15	102495801	102495923	6102
15	102495952	102496073	4158
15	102500652	102500889	9478
15	102501551	102501672	580
15	102501774	102501897	522
15	102506247	102506865	87891
15	102510439	102510560	2061
15	102511993	102512115	12032
15	102512257	102512379	10311
15	102512715	102512961	55593
15	102513055	102513719	68584
15	102513741	102513984	28493
15	102514087	102514571	14844
15	102515170	102515492	63223
15	102516099	102516221	10737
15	102516280	102516525	31793
15	102516576	102516817	32302
16	64032	64273	24513
16	64324	64565	34879
16	64624	64746	19397
16	65354	65676	25035
16	66273	66757	146900
16	66860	67103	77619
16	67125	67797	261663
16	67891	68137	56084
16	68473	68859	118459
16	72864	73138	28942
16	73173	73294	19121
16	74203	74446	137774
16	79274	79516	34478
16	79622	79958	74713
16	81755	81901	29101
16	83225	83345	32946
16	97372	97613	10627
16	101540	101661	5745
16	103423	104126	8391
16	105412	105563	18895
16	105738	105892	31879
16	106290	106390	9188
16	106514	106635	10205
16	107023	107174	11830
16	108277	108788	27693
16	108897	109168	28743
16	109205	109357	9065
16	109363	109514	5027
16	109715	109836	9364
16	110154	110305	18303
16	110395	110547	12178
16	111077	111315	2255
16	111369	111503	3865
16	111547	111704	20045
16	111741	112102	49011
16	112463	113195	67712
16	113540	113811	57462
16	113860	113961	19404
16	114263	114504	19194
16	114610	115074	41054
16	128259	128380	0
16	129260	129741	43232
16	133001	133443	46452
16	135316	135827	51590
16	136665	136906	21704
16	138671	138912	45757
16	139684	139925	35629
16	142537	142778	19226
16	143148	143389	22494
16	148099	148340	14439
16	150317	150558	17021
16	160502	160623	10829
16	162576	162817	10100
16	167275	167396	5891
16	169068	169309	16415
16	173463	173584	12581
16	180483	180615	12962
16	188084	188276	19071
16	202864	203027	20813
16	203868	204105	11843
16	204213	204454	9976
16	213076	213239	2530
16	214458	214695	13629
16	214969	215210	11537
16	215981	216102	4504
16	216247	216488	2269
16	216521	216762	9771
16	222897	223018	7692
16	223104	223345	35820
16	223413	223654	31352
16	226701	226822	15420
16	226908	227149	108072
16	227224	227465	84407
16	230471	230592	253
16	230645	230886	3316
16	230921	231162	18360
16	239146	239387	24704
16	239512	239613	4849
16	239927	240168	29696
16	240474	240604	7582
16	242908	243029	12375
16	249027	249268	13791
16	255953	256194	13776
16	258067	258197	7788
16	270605	270756	15115
16	277226	278402	53785
16	278699	279052	18259
16	279209	279439	870
16	284678	284919	3568
16	287203	287324	14263
16	304335	304726	61510
16	309388	309689	48710
16	309912	310183	26994
16	310340	310821	55603
16	311296	311567	33393
16	312036	312277	23459
16	312336	312607	21218
16	313179	313450	17524
16	313645	313796	21162
16	313941	314212	21535
16	314602	314725	34933
16	314764	315035	48232
16	315893	315994	8608
16	316031	316132	6940
16	318708	319069	39709
16	319203	319444	51587
16	319481	319602	22200
16	320469	320846	14273
16	320919	321160	5369
16	321166	321324	6446
16	321337	321488	7247
16	321492	321613	6030
16	322834	322955	2060
16	323454	323575	12961
16	323723	323874	17805
16	324010	324131	9972
16	324148	324299	21091
16	324898	325139	6447
16	325216	325367	11581
16	325388	325509	2918
16	325829	325930	0
16	330666	330800	0
16	330832	330953	33
16	331714	331955	4289
16	331975	332126	8279
16	332243	332394	6835
16	332437	332558	495
16	332593	332834	19342
16	333147	333388	15213
16	334368	335724	149423
16	336261	336764	67446
16	336798	336955	19935
16	336999	337150	7600
16	337451	337736	23067
16	338033	338316	33631
16	339372	339643	22939
16	341180	341307	5233
16	343478	343752	25166
16	347019	347260	23947
16	347685	348286	139879
16	354221	354492	7237
16	359929	360080	9642
16	364491	364732	20784
16	396105	397066	96414
16	417391	417512	4941
16	417637	417792	11914
16	418279	418687	97840
16	419022	419263	15297
16	419562	419683	3837
16	419893	420254	36399
16	421953	422314	33939
16	422517	422788	13043
16	423956	424429	64387
16	424702	424943	25572
16	425043	425314	26381
16	425328	425449	12155
16	426114	426475	39110
16	426496	426857	20233
16	426979	427220	15558
16	427360	427601	19259
16	427638	427879	22113
16	431668	431831	0
16	431893	431994	0
16	436762	437233	32658
16	447197	447323	0
16	447829	447965	5723
16	448179	448279	5925
16	448905	449176	93617
16	449262	449490	26564
16	449591	449749	22660
16	450088	450438	26295
16	450454	450555	13723
16	451942	452063	144
16	454898	455049	34552
16	455472	455675	28161
16	456280	456431	77701
16	457341	457612	29732
16	460153	460424	9056
16	460676	460797	1319
16	460962	461086	5922
16	461318	461589	32451
16	475997	476751	7472
16	511359	511510	7775
16	521250	521401	21827
16	524976	525097	8506
16	532479	532750	10287
16	538804	539045	29055
16	541079	541320	34922
16	546780	546901	3624
16	547235	547356	8400
16	552959	553110	24330
16	555514	555637	4416
16	560578	560849	13566
16	568892	569043	18450
16	569671	569942	19974
16	570078	570319	5053
16	570377	570648	14541
16	570716	570849	7001
16	590189	590371	712
16	593271	593372	12312
16	596780	598311	63716
16	598975	599216	33233
16	599258	599499	2597
16	599605	599848	22962
16	601243	601707	60992
16	601774	601895	10788
16	602010	602251	6178
16	602291	602540	31684
16	602566	602807	6964
16	602830	603051	8612
16	603306	603622	9529
16	604034	604166	2998
16	604436	604537	8138
16	604560	604661	7555
16	613234	614435	64697
16	614629	615350	5738
16	616989	617110	18185
16	617510	619496	166978
16	624057	624778	38850
16	625783	626049	16119
16	626072	626313	9183
16	628320	628561	19660
16	628710	628981	39767
16	629033	629190	8501
16	630131	630282	28939
16	630793	631034	26020
16	631198	631342	7180
16	632068	632338	8097
16	632807	633678	98378
16	637755	637856	7180
16	640282	640443	16797
16	667146	667297	21700
16	668168	668289	9674
16	675379	675530	10944
16	675858	676131	34421
16	677300	677661	26290
16	678741	678854	11721
16	679133	679234	12382
16	679498	680413	68777
16	681217	681458	15296
16	682538	684099	89298
16	684433	684817	52639
16	684854	685095	19514
16	685249	685370	17232
16	685571	685913	2285
16	685958	686311	1189
16	691952	692073	0
16	692110	692264	0
16	697329	697600	32282
16	697772	698450	74321
16	699360	699481	271
16	699559	699920	336
16	699927	700198	20305
16	700216	700459	26011
16	700472	700743	18295
16	700957	701113	28304
16	701141	701292	22537
16	701604	701757	30896
16	701781	702052	21446
16	702409	702560	13428
16	703331	703840	54458
16	704936	705507	47358
16	705516	706050	21618
16	706268	706547	5308
16	706650	706921	14653
16	707034	707275	9119
16	707705	707946	8082
16	708112	708383	29414
16	708437	708708	24827
16	708832	709430	51461
16	710048	710171	14509
16	710601	710724	14059
16	711038	711231	3098
16	711270	711811	35274
16	711823	712094	24097
16	712210	712341	31903
16	712610	713135	71118
16	714907	715293	27987
16	715413	715880	44185
16	715885	716852	102568
16	716855	717006	15440
16	717359	717630	29738
16	718167	718304	689
16	718320	718441	887
16	718467	718588	2380
16	718616	718737	6946
16	719518	719639	5872
16	720057	720208	36281
16	720211	720367	14332
16	720415	720567	5554
16	720632	720783	18930
16	720854	721262	65075
16	721647	722587	40131
16	722612	722883	25286
16	722907	723148	42096
16	723391	723662	16291
16	723896	723997	14046
16	725759	725903	304
16	726061	726539	11475
16	726632	726906	7247
16	726923	727164	45788
16	727266	727398	26288
16	727447	727569	15381
16	727577	727728	33993
16	727735	728096	15911
16	728181	728282	6078
16	730483	730694	3783
16	731129	731370	23696
16	731399	731640	17495
16	731745	731896	6614
16	731986	732546	70636
16	732709	732893	19721
16	732898	733623	67297
16	733671	733792	16895
16	733823	733944	4389
16	733996	734165	301
16	734224	734577	849
16	734696	734937	1723
16	734962	735203	2490
16	735245	735607	33653
16	735639	735793	17804
16	735808	736246	26242
16	736688	737439	82601
16	737499	737770	18304
16	737791	738146	37022
16	739098	739699	119560
16	739909	740150	12225
16	740345	740466	24948
16	742640	742994	33468
16	743643	743744	60455
16	744231	744450	10443
16	744604	744725	11960
16	744942	745968	69583
16	746727	747448	27538
16	765280	765403	0
16	765542	766023	3022
16	766901	767408	57715
16	770538	771499	52498
16	771588	771712	2007
16	771749	771990	3541
16	772047	772168	4993
16	772251	773782	174205
16	773835	773956	15620
16	774064	774215	11271
16	774264	774551	7377
16	774622	775324	63312
16	775345	775635	18906
16	775775	775896	54087
16	775904	776496	62134
16	776756	776877	13599
16	777500	777624	27919
16	777935	778056	301
16	778106	778294	16
16	778306	778621	805
16	778739	779220	11224
16	779250	779491	2067
16	780324	780715	29633
16	780770	781041	35245
16	781512	781753	16676
16	782245	782396	15820
16	783241	783482	27366
16	784136	784407	27046
16	784526	784923	49295
16	786180	786451	20201
16	787136	787377	23621
16	787616	787737	6417
16	787857	787978	6037
16	789629	789750	12363
16	789891	790012	7100
16	790891	791012	316
16	812631	812782	19303
16	813193	813314	7648
16	813605	813726	12690
16	813961	814202	15058
16	814595	814746	5358
16	814850	815326	16131
16	815510	815631	2501
16	815649	815800	2139
16	816049	816267	15740
16	816291	816532	25545
16	816575	817068	64230
16	817329	817480	20105
16	818350	818864	29712
16	818903	819003	8757
16	819314	819650	31239
16	819978	820339	10185
16	820512	820721	596
16	820774	821015	7841
16	822626	823087	64398
16	823092	823333	30034
16	824136	824377	8545
16	824397	824518	1894
16	824779	825331	13193
16	825359	825720	31338
16	828572	828813	33068
16	830015	830856	269487
16	831944	832068	9834
16	832833	832954	2748
16	835922	836403	21498
16	836786	836938	12900
16	837066	837189	10212
16	837294	837766	36963
16	838019	838794	7727
16	838905	839404	19421
16	839509	839750	33152
16	839982	840103	12354
16	840161	840282	16051
16	840311	840432	12609
16	840474	840715	13410
16	841144	841385	35720
16	841838	841959	10482
16	842164	842367	33789
16	842404	842634	18300
16	842703	842824	11383
16	842953	843074	16781
16	843087	843328	29157
16	843608	843849	43641
16	844006	844247	30211
16	845120	845366	38517
16	845638	845879	13655
16	845890	846131	13407
16	846667	847146	47387
16	847661	848026	16307
16	848680	848834	30313
16	848967	849105	19613
16	855375	855976	57172
16	857437	857678	13577
16	863277	863878	29817
16	904497	904738	29487
16	918878	919119	16054
16	919853	920094	38827
16	920684	920925	21128
16	921129	921370	19287
16	929532	929773	26712
16	942978	943099	9806
16	960883	961158	8468
16	984187	984308	4108
16	1004184	1004305	8887
16	1004329	1004691	27106
16	1020745	1021015	7871
16	1031862	1032354	11830
16	1033692	1033970	41310
16	1034681	1035399	30635
16	1036640	1036741	10238
16	1115417	1116509	57473
16	1128814	1131438	347387
16	1143474	1144075	15207
16	1144697	1144938	16416
16	1203704	1204047	200
16	1204229	1204330	4850
16	1244956	1245093	19200
16	1245389	1245618	19328
16	1245913	1246034	18655
16	1248500	1248795	38460
16	1250232	1250593	49652
16	1250700	1250821	10917
16	1251647	1252490	56304
16	1253992	1254473	43684
16	1255068	1255309	14894
16	1256075	1256316	30807
16	1256991	1257183	12045
16	1257231	1257472	22967
16	1257753	1257874	18757
16	1257995	1258236	43983
16	1258980	1259461	22316
16	1259963	1260204	5801
16	1260310	1260551	21247
16	1260555	1260676	15644
16	1260757	1260998	26790
16	1261109	1261350	37459
16	1261422	1261663	21556
16	1261699	1261820	14766
16	1261920	1262171	52023
16	1262458	1262579	20560
16	1263734	1263975	11690
16	1264905	1265146	19807
16	1265187	1265428	16430
16	1265496	1265617	7747
16	1266909	1267030	6532
16	1267858	1268099	23089
16	1268189	1268670	94109
16	1268939	1269169	19038
16	1269946	1271027	58022
16	1271626	1271739	9482
16	1271760	1272388	25289
16	1272573	1272964	38902
16	1273387	1273628	5595
16	1274523	1274674	18025
16	1275168	1275289	22489
16	1278610	1278852	31281
16	1278860	1279101	43699
16	1279142	1279772	50390
16	1279860	1279982	13068
16	1290908	1291030	13872
16	1291118	1291747	106156
16	1291788	1292029	48098
16	1292037	1292278	31254
16	1306261	1306382	18534
16	1306451	1307110	107185
16	1308020	1308261	18196
16	1308263	1308641	55014
16	1311259	1311500	20052
16	1311507	1311748	5818
16	1312124	1312274	14843
16	1312401	1312762	40516
16	1312774	1313015	31161
16	1323638	1323759	5644
16	1326609	1326758	13280
16	1358635	1359115	18181
16	1363973	1364124	9913
16	1364244	1364395	22047
16	1365629	1365750	8854
16	1370138	1370294	10650
16	1370368	1370729	25253
16	1373524	1373933	45343
16	1374671	1374899	17830
16	1375002	1375176	11556
16	1375199	1375422	21651
16	1379686	1379807	9800
16	1380614	1380714	11800
16	1382884	1382985	7743
16	1384124	1384224	6976
16	1384404	1384504	959
16	1384648	1384769	5577
16	1385645	1385813	15249
16	1387179	1387296	3019
16	1388489	1388730	22859
16	1388855	1389006	11337
16	1389058	1389299	6885
16	1389375	1389614	23843
16	1390891	1391012	14996
16	1391071	1391222	24210
16	1391241	1391512	19811
16	1391569	1391702	17230
16	1391753	1391904	16270
16	1391964	1392085	13528
16	1392141	1392294	14551
16	1392518	1392645	15872
16	1392676	1392827	19309
16	1392874	1393027	12554
16	1393169	1393573	69414
16	1393933	1394332	53423
16	1394406	1394710	24791
16	1394763	1395154	38136
16	1395160	1395415	28120
16	1395738	1396092	4808
16	1396145	1396536	18218
16	1396584	1396705	1815
16	1396838	1396966	15543
16	1397243	1397394	6932
16	1397494	1398029	38881
16	1398078	1398319	7412
16	1398340	1398549	11405
16	1399402	1399643	31896
16	1399830	1399981	10878
16	1399995	1400266	15087
16	1400753	1401024	29655
16	1401340	1401609	599
16	1401684	1401815	134
16	1401931	1402052	20
16	1402070	1402191	4433
16	1402212	1402333	11697
16	1403847	1404056	27317
16	1404604	1404704	11046
16	1411709	1411974	21007
16	1411994	1412383	40187
16	1412402	1412553	18316
16	1412556	1412926	20246
16	1412953	1413104	9658
16	1415565	1415666	12603
16	1415708	1415908	17905
16	1416197	1416438	20914
16	1417040	1417401	28587
16	1417636	1417877	8329
16	1419920	1420424	27341
16	1421504	1421625	9932
16	1433487	1433968	51268
16	1435182	1435466	9224
16	1440602	1440723	7179
16	1442873	1442994	11417
16	1444112	1444233	15608
16	1444382	1444505	12511
16	1445635	1445867	21473
16	1447116	1447357	25032
16	1448831	1448952	11557
16	1449321	1449568	36038
16	1451514	1451755	37356
16	1453105	1453376	45442
16	1455841	1456185	25165
16	1458445	1458566	30364
16	1463830	1464071	16782
16	1464592	1464713	148
16	1469901	1470648	58252
16	1470658	1470758	14150
16	1476040	1476431	26190
16	1478398	1478519	13512
16	1479152	1479393	80261
16	1482470	1483432	17049
16	1484350	1484591	11756
16	1484639	1484880	7173
16	1485071	1485192	5464
16	1485907	1486148	38191
16	1486422	1486543	8130
16	1486631	1486872	12292
16	1487765	1488233	16345
16	1488558	1488771	6552
16	1488781	1489196	20870
16	1492347	1492588	33890
16	1492867	1492988	2520
16	1493220	1493341	11964
16	1493480	1493721	4143
16	1493727	1494088	43697
16	1494269	1494370	9476
16	1496613	1496734	5745
16	1496985	1497114	12442
16	1497359	1497600	15728
16	1497624	1497745	1605
16	1498299	1498540	23956
16	1498663	1498784	18585
16	1498879	1499150	15554
16	1499241	1499362	8266
16	1500461	1500702	24719
16	1501579	1501730	8511
16	1502703	1502944	12685
16	1503773	1503924	8356
16	1504377	1504498	5971
16	1505071	1505312	18192
16	1505702	1505823	8521
16	1506099	1506220	11877
16	1507205	1507356	11353
16	1507664	1507785	12885
16	1509086	1509207	9475
16	1510409	1510538	7638
16	1510731	1511002	12930
16	1511377	1511498	5711
16	1511578	1511699	14061
16	1515212	1515363	7112
16	1524783	1525024	0
16	1535868	1536619	92219
16	1537252	1537994	137178
16	1538254	1538525	17141
16	1538769	1538910	8653
16	1544268	1544629	52556
16	1545304	1545665	71105
16	1547009	1547130	18253
16	1547314	1547555	10882
16	1549191	1549344	17904
16	1550039	1550190	3221
16	1550297	1550751	19120
16	1551399	1551520	17114
16	1551627	1551784	16870
16	1552000	1552151	10385
16	1552298	1552419	1224
16	1552552	1552823	8973
16	1552906	1553027	10468
16	1555355	1555626	37930
16	1556193	1556344	19633
16	1556941	1557062	12796
16	1557247	1557398	27608
16	1557538	1557763	126911
16	1559792	1559947	31921
16	1560896	1561167	25486
16	1568136	1568407	11803
16	1569813	1570084	49577
16	1570086	1570357	23744
16	1570584	1570825	28429
16	1573458	1573729	29139
16	1573741	1574012	40466
16	1574473	1574970	57495
16	1575188	1575339	11547
16	1575861	1576102	28386
16	1576587	1576828	19965
16	1584205	1584596	54528
16	1591848	1592119	33827
16	1604723	1605084	17517
16	1607914	1608155	23936
16	1611900	1612171	12530
16	1613959	1614200	11114
16	1616105	1616346	17993
16	1618155	1618396	39525
16	1621350	1621591	17501
16	1630714	1630865	9787
16	1633289	1633410	2708
16	1634198	1634439	9921
16	1636052	1636323	33703
16	1637189	1637315	20363
16	1637918	1638039	6315
16	1639572	1639813	26809
16	1642126	1642367	14974
16	1642407	1642648	14663
16	1652360	1652602	28379
16	1657042	1657313	27337
16	1660106	1660467	23729
16	1660638	1660879	1616
16	1662362	1662826	270
16	1664589	1665046	2464
16	1670513	1670715	16900
16	1675949	1676190	31098
16	1682168	1682409	8385
16	1687805	1687926	5439
16	1691102	1691223	8020
16	1696999	1697100	11301
16	1702478	1702599	7514
16	1702974	1703215	14894
16	1705199	1705320	18105
16	1705834	1707035	96074
16	1709854	1710095	30708
16	1712460	1712701	15979
16	1712737	1712858	11950
16	1715037	1715158	17164
16	1716004	1716245	48630
16	1716390	1716631	17648
16	1717307	1717428	3041
16	1717897	1718258	27822
16	1718962	1719203	21645
16	1720616	1720857	18342
16	1723842	1724083	27520
16	1727092	1727193	4263
16	1727589	1727689	8960
16	1727728	1727828	13640
16	1728274	1728395	103
16	1735362	1735633	31970
16	1741767	1742034	20202
16	1742361	1742482	9421
16	1747775	1747896	18338
16	1748784	1749025	19083
16	1750551	1750651	4246
16	1751239	1751340	5878
16	1756331	1756674	35459
16	1774466	1774737	8406
16	1779082	1779233	16415
16	1779447	1779589	14585
16	1784976	1785077	3464
16	1793255	1793526	33498
16	1796971	1797332	52788
16	1798204	1798357	15396
16	1798540	1798973	85943
16	1808093	1808214	11098
16	1808926	1809047	14039
16	1809896	1810047	16843
16	1810305	1810576	12527
16	1811204	1811325	21726
16	1812295	1812536	26994
16	1812612	1812763	15974
16	1812800	1813041	17104
16	1813599	1813794	8043
16	1814072	1814223	9379
16	1814259	1814500	20010
16	1814945	1815216	20220
16	1815930	1816435	62071
16	1816438	1816823	6350
16	1816847	1816998	4771
16	1817072	1817343	57085
16	1817499	1817770	53073
16	1817796	1817929	29297
16	1817997	1818409	42223
16	1818431	1818884	21994
16	1818893	1818994	806
16	1819584	1819715	10334
16	1820006	1820206	8880
16	1820257	1820358	8224
16	1820587	1820828	4021
16	1820872	1821004	1112
16	1821060	1821182	672
16	1821224	1821458	400
16	1821462	1821562	154
16	1822156	1822547	51529
16	1822564	1822685	13850
16	1822778	1823139	3047
16	1823170	1823531	547
16	1823652	1823893	1661
16	1824215	1824366	16788
16	1824964	1825454	51797
16	1825497	1826273	53442
16	1827059	1827454	31710
16	1827659	1828059	45178
16	1828077	1828348	29767
16	1828403	1828644	23598
16	1830600	1830721	2478
16	1831270	1831541	25406
16	1831631	1831732	9248
16	1832968	1833089	1104
16	1836445	1836976	66397
16	1837603	1837874	31541
16	1837905	1838062	19631
16	1838112	1838233	11789
16	1838521	1838762	27403
16	1840540	1842517	161457
16	1843584	1843705	2959
16	1859172	1859447	19777
16	1859703	1859854	15837
16	1866853	1867005	28016
16	1867129	1867282	12897
16	1869074	1869234	7656
16	1869805	1870076	22827
16	1872271	1872422	13580
16	1872800	1873071	14817
16	1876700	1876830	153
16	1877206	1878916	109999
16	1884247	1884377	8097
16	1887766	1887887	18421
16	1888007	1888137	5132
16	1889226	1889467	28423
16	1891776	1892017	20519
16	1894852	1894974	6475
16	1903001	1903147	9970
16	1903184	1903305	4298
16	1904029	1904270	24518
16	1904925	1905046	10252
16	1907712	1907953	9755
16	1910378	1910499	18089
16	1911930	1912171	33495
16	1915746	1915867	5265
16	1918074	1918195	6838
16	1927268	1927509	38922
16	1961537	1962258	111579
16	1967894	1968451	2269
16	1989067	1989188	2139
16	1990731	1991451	52164
16	1993068	1993189	6339
16	1994774	1994925	10950
16	1995438	1995679	21822
16	1995822	1995943	5495
16	1996585	1996737	18390
16	1996867	1997138	40119
16	1997166	1997407	20907
16	2000791	2001032	35343
16	2002837	2003078	19731
16	2003931	2004172	22840
16	2004569	2004690	12565
16	2009569	2009810	9680
16	2011071	2011342	12714
16	2011416	2011735	9776
16	2011788	2011917	8200
16	2012063	2012697	67147
16	2012702	2013267	63872
16	2014260	2014381	10646
16	2014416	2014657	6036
16	2015126	2015367	2022
16	2016822	2016943	7194
16	2017226	2017467	12031
16	2017712	2017833	5854
16	2018379	2018980	36656
16	2022124	2022245	4362
16	2024021	2024142	9018
16	2024154	2024305	14468
16	2024309	2025285	95038
16	2025301	2025452	12778
16	2025469	2025740	17702
16	2025758	2025999	39644
16	2026024	2026145	17077
16	2026202	2026325	13688
16	2026737	2027008	25391
16	2027018	2027295	16576
16	2027300	2027451	3674
16	2027471	2027831	14959
16	2027919	2028072	20002
16	2028094	2028739	58756
16	2029020	2029604	33356
16	2029781	2029914	7207
16	2029968	2030209	10120
16	2030305	2030576	12630
16	2030625	2030746	11391
16	2030918	2031039	17810
16	2031056	2031207	33122
16	2034195	2034530	1238
16	2034694	2034965	32646
16	2035796	2036067	30790
16	2038617	2038754	21449
16	2040087	2040212	0
16	2040394	2040494	13594
16	2041912	2042273	2849
16	2042586	2042827	1300
16	2042847	2043088	1854
16	2043343	2043639	18025
16	2044105	2044217	11640
16	2044297	2044441	6605
16	2045403	2045520	8127
16	2046171	2046271	8983
16	2046645	2046770	1517
16	2047092	2047193	7113
16	2048168	2048649	42171
16	2048656	2048897	29305
16	2048922	2049163	17698
16	2049455	2050296	39001
16	2050375	2050496	22547
16	2050977	2051218	13182
16	2051521	2051762	25613
16	2051872	2052009	11727
16	2052194	2052435	60404
16	2052498	2052747	22243
16	2052935	2053176	8402
16	2053551	2053792	7440
16	2054273	2054428	10434
16	2055520	2055636	7904
16	2059496	2059807	0
16	2060457	2060579	7575
16	2065796	2065897	10068
16	2066069	2066171	3538
16	2066489	2066589	5905
16	2069033	2069197	15117
16	2069277	2069429	10135
16	2069558	2069670	15250
16	2069893	2070378	2996
16	2070515	2070636	2823
16	2071596	2071799	11004
16	2073696	2073817	17782
16	2074229	2074716	96904
16	2074939	2075040	14399
16	2075227	2075327	15240
16	2076194	2076380	52355
16	2076733	2076872	119
16	2076997	2077248	0
16	2077853	2077953	14152
16	2078044	2078145	11665
16	2078227	2078327	10525
16	2078447	2078611	12783
16	2079561	2079802	22468
16	2083342	2083443	468
16	2086293	2086534	40594
16	2086684	2087037	47851
16	2087508	2087629	12082
16	2087801	2088042	59370
16	2088270	2088370	9662
16	2088408	2088531	2380
16	2089835	2090249	43519
16	2093496	2093767	21215
16	2094564	2094835	65397
16	2096036	2096427	23537
16	2097657	2097898	2723
16	2098211	2098332	21030
16	2098564	2098805	28194
16	2100382	2100503	12160
16	2103333	2103463	16612
16	2104217	2104488	43036
16	2105340	2105581	28862
16	2106129	2106280	7779
16	2106556	2106827	26679
16	2107081	2107202	16438
16	2108689	2108930	17416
16	2110621	2110862	24597
16	2111819	2112060	36064
16	2112488	2112611	11022
16	2112952	2113073	13792
16	2114199	2114470	31549
16	2115426	2115697	12903
16	2120396	2120637	24512
16	2121472	2121627	18793
16	2121738	2121979	7926
16	2122181	2122422	25795
16	2122765	2123036	18110
16	2124144	2124415	32670
16	2125785	2125906	19582
16	2126058	2126181	28694
16	2126447	2126598	11841
16	2127511	2127782	40817
16	2128963	2129472	61333
16	2129548	2129680	17627
16	2130120	2130391	42895
16	2131546	2131817	40368
16	2132379	2132530	22884
16	2133487	2133876	48441
16	2134171	2134772	90667
16	2134928	2135049	19239
16	2135185	2135336	10865
16	2136135	2136406	16682
16	2136651	2136922	28302
16	2137841	2137962	13533
16	2138003	2138154	28154
16	2138185	2138336	12460
16	2138377	2138648	18894
16	2139522	2139622	8197
16	2139625	2141209	51402
16	2141414	2141637	374
16	2141723	2141964	4304
16	2141967	2142238	16435
16	2142471	2142603	26521
16	2142903	2143144	16932
16	2143520	2143761	22904
16	2143791	2144271	12903
16	2147134	2147255	18077
16	2147290	2147531	54693
16	2147663	2148054	142835
16	2149586	2149828	69340
16	2149845	2150087	85489
16	2150117	2150603	183602
16	2151802	2151923	51858
16	2152038	2152279	44278
16	2152326	2152687	111753
16	2152741	2153012	92954
16	2153054	2153921	284614
16	2154449	2154690	38368
16	2155277	2155518	53887
16	2155794	2156065	55839
16	2156077	2156318	56316
16	2156357	2156718	61390
16	2156756	2156997	43647
16	2157837	2158078	69137
16	2158171	2161922	891295
16	2162286	2162527	41422
16	2162725	2162996	64807
16	2163152	2163347	78920
16	2164127	2164968	280953
16	2165321	2165682	126714
16	2165982	2166175	67098
16	2166466	2166707	28977
16	2166822	2167064	10919
16	2167460	2167701	94006
16	2167766	2168487	109957
16	2168640	2168881	95350
16	2169089	2169210	43671
16	2169240	2169481	69789
16	2169789	2169910	35924
16	2173430	2173551	10347
16	2185412	2185808	0
16	2185978	2186130	897
16	2198760	2199001	156
16	2199932	2200062	20536
16	2201499	2201788	27009
16	2201791	2201942	16837
16	2202792	2202913	7142
16	2202926	2203077	10913
16	2203093	2203244	22265
16	2203279	2203432	14662
16	2205003	2205124	3847
16	2213900	2214021	6362
16	2215847	2215968	12154
16	2218032	2218183	6729
16	2220551	2220792	21651
16	2221249	2221370	10633
16	2221528	2221649	13299
16	2222132	2222403	21675
16	2222411	2222652	4338
16	2223140	2223411	14306
16	2223427	2223578	17748
16	2223751	2224105	16411
16	2224231	2224352	5807
16	2225040	2225191	12613
16	2225208	2225681	23666
16	2225773	2226445	57991
16	2226476	2226627	18521
16	2226657	2226758	7754
16	2227120	2227221	10303
16	2227423	2227524	3368
16	2227745	2227846	2443
16	2227891	2228377	10856
16	2228384	2228669	1657
16	2228893	2229378	673
16	2229579	2231629	32655
16	2231782	2231980	25809
16	2233636	2233758	22401
16	2233795	2233952	37333
16	2234732	2234883	22727
16	2234932	2235053	21770
16	2235094	2235215	14979
16	2235267	2235419	32475
16	2236615	2236886	21726
16	2236964	2237085	13979
16	2237157	2237285	16403
16	2237316	2237472	23579
16	2238941	2239346	41832
16	2239407	2239612	1107
16	2240031	2240182	6691
16	2240272	2240393	7396
16	2246330	2246453	362
16	2255799	2255920	4077
16	2255999	2256270	22046
16	2256323	2256444	7815
16	2256457	2256698	14121
16	2256982	2257389	36520
16	2258151	2258392	17294
16	2258411	2258938	55941
16	2259318	2259750	90899
16	2259940	2260062	11558
16	2260083	2260324	16844
16	2260427	2260661	26618
16	2260717	2260868	14172
16	2262252	2262353	7577
16	2263312	2263601	15230
16	2263710	2264071	24708
16	2264129	2264788	886
16	2273571	2273812	2031
16	2278297	2278568	13991
16	2279532	2279686	12912
16	2282117	2282388	50826
16	2282395	2282636	27780
16	2282681	2283217	84363
16	2283422	2283663	2323
16	2283873	2284001	18900
16	2284129	2284400	33861
16	2284561	2284802	11206
16	2284809	2285634	44472
16	2286768	2286971	2209
16	2287021	2287142	644
16	2287199	2287320	904
16	2287332	2287693	9972
16	2287712	2288073	25718
16	2288299	2288450	10952
16	2289911	2290182	20626
16	2293014	2293499	55755
16	2294358	2294599	22554
16	2296772	2297043	21633
16	2301237	2301601	200
16	2303097	2303354	13137
16	2303719	2304074	34757
16	2305535	2305776	14246
16	2312234	2312475	11417
16	2312730	2312853	16070
16	2313039	2313400	29621
16	2314133	2314374	24207
16	2314547	2314668	3045
16	2317773	2317894	1056
16	2318006	2318106	3030
16	2320693	2320794	7104
16	2321723	2321866	3570
16	2325913	2326014	10225
16	2326619	2326860	15043
16	2327543	2327694	9678
16	2327823	2328094	57172
16	2328222	2328493	25006
16	2328886	2329157	27437
16	2330973	2331244	17038
16	2331294	2331565	26770
16	2333151	2333392	14886
16	2334207	2334478	26630
16	2334738	2335009	52651
16	2335423	2335664	28614
16	2336650	2337011	27985
16	2337967	2338358	26874
16	2339368	2339647	30991
16	2342098	2342249	14329
16	2345514	2345785	37362
16	2347313	2347554	30302
16	2347693	2347964	26247
16	2348312	2348583	18037
16	2349317	2349588	32184
16	2349926	2350197	31259
16	2353939	2354180	15500
16	2358386	2358657	22896
16	2367222	2367463	16184
16	2367555	2367826	15564
16	2369530	2369891	20420
16	2373455	2373726	26045
16	2374347	2374588	11259
16	2375961	2376322	13790
16	2376349	2376503	5344
16	2378412	2378653	15725
16	2411738	2411838	4925
16	2415681	2415809	8496
16	2416962	2417125	15380
16	2420338	2420598	21139
16	2423954	2424071	29827
16	2425338	2425456	10937
16	2429517	2429618	7312
16	2436104	2436299	17631
16	2445840	2445939	7628
16	2454156	2454256	8168
16	2456672	2456910	12972
16	2460176	2460450	23001
16	2460621	2460826	56834
16	2472580	2472768	14939
16	2474288	2474388	6129
16	2474617	2474823	46115
16	2474973	2475073	13935
16	2479440	2479563	11
16	2480949	2481070	16787
16	2481086	2481327	26228
16	2482952	2483078	10704
16	2485779	2485900	6450
16	2487075	2487346	26570
16	2488036	2488157	16759
16	2489344	2489468	7162
16	2489727	2489848	5740
16	2493604	2493845	26283
16	2495389	2495660	34685
16	2498766	2499037	23598
16	2499221	2499492	10469
16	2499811	2499932	6739
16	2503169	2503320	7867
16	2503353	2503594	19851
16	2505329	2505600	24169
16	2506512	2507031	40947
16	2510097	2510218	420
16	2510271	2510392	514
16	2510567	2510718	14449
16	2510779	2511260	49521
16	2511713	2511834	11620
16	2512133	2512254	30378
16	2512380	2512537	36491
16	2512621	2512743	8030
16	2513983	2514293	39377
16	2514474	2514715	8661
16	2521685	2523180	98321
16	2523202	2523353	8281
16	2523375	2523526	3679
16	2523729	2524119	111
16	2546060	2547171	127057
16	2547669	2547769	18890
16	2548196	2548437	12833
16	2549328	2549449	8424
16	2549792	2549943	17533
16	2550258	2550501	5094
16	2550760	2551001	15991
16	2551326	2551427	10081
16	2552745	2552846	11219
16	2564082	2564203	14785
16	2569189	2569430	24470
16	2569492	2569852	24728
16	2570439	2570560	431
16	2570722	2571174	41728
16	2577527	2577648	17110
16	2577758	2577999	5590
16	2578013	2578765	51666
16	2578984	2579106	20585
16	2579428	2579579	14789
16	2580251	2581420	117247
16	2581914	2582015	24802
16	2588064	2588185	0
16	2593473	2593728	32137
16	2600463	2600569	79401
16	2607652	2608013	89185
16	2611440	2611562	32514
16	2611719	2611960	74069
16	2613983	2614570	154734
16	2615520	2615746	86930
16	2616344	2616468	99053
16	2627402	2627523	10342
16	2631268	2631390	25536
16	2631594	2631716	15468
16	2633378	2633753	105548
16	2636664	2636905	27337
16	2642778	2643171	20740
16	2645761	2645912	7360
16	2647078	2647319	15053
16	2647588	2647829	19819
16	2647887	2647999	8835
16	2650771	2650871	4662
16	2651366	2653081	183085
16	2653419	2653780	49351
16	2663953	2664074	45120
16	2664874	2664974	9308
16	2666107	2666208	12314
16	2666432	2666807	104707
16	2668469	2668591	17400
16	2668795	2668917	27035
16	2672667	2672788	22115
16	2683727	2683848	96508
16	2684446	2684672	88736
16	2685622	2686209	158612
16	2688232	2688473	73359
16	2688630	2688752	30164
16	2692179	2692540	65745
16	2711366	2712814	72923
16	2730655	2730896	61989
16	2732455	2732831	30111
16	2745926	2746054	45958
16	2747861	2748012	8913
16	2749778	2749929	10443
16	2752265	2752536	22501
16	2757252	2757461	16840
16	2757616	2757716	16724
16	2757732	2757833	10319
16	2758097	2758347	26682
16	2762596	2762837	36765
16	2762896	2763111	25647
16	2763427	2763734	34154
16	2763990	2764465	46596
16	2765678	2765919	2949
16	2766452	2766573	10948
16	2770077	2770198	3113
16	2788486	2788615	4743
16	2788960	2789125	15099
16	2789287	2789570	26973
16	2790135	2790616	32092
16	2794390	2794547	8122
16	2794915	2795133	16696
16	2806305	2806666	27776
16	2807463	2807590	7733
16	2807677	2808004	26809
16	2808407	2808559	10854
16	2808925	2809216	32585
16	2809316	2809437	6572
16	2809554	2809675	4579
16	2810279	2810520	21257
16	2811511	2818316	488379
16	2818472	2819334	75845
16	2820286	2820527	36914
16	2820595	2820728	17244
16	2820802	2820923	17023
16	2820984	2821085	8131
16	2821270	2821658	29788
16	2821981	2822113	20684
16	2825442	2825567	10493
16	2826939	2827157	17971
16	2827188	2827289	11
16	2834602	2834843	17205
16	2834966	2835207	5805
16	2835296	2835666	6023
16	2835759	2836000	16141
16	2836014	2836165	10065
16	2836464	2836585	5943
16	2837389	2837490	14652
16	2848377	2848646	1725
16	2848921	2849162	1403
16	2849247	2849608	21688
16	2854347	2854588	17788
16	2854902	2855143	21532
16	2867251	2867503	556
16	2867763	2868004	5766
16	2868642	2869003	43315
16	2870881	2871152	21329
16	2871305	2871666	40943
16	2880227	2880348	18634
16	2880393	2880514	14465
16	2880654	2880807	17697
16	2881707	2882218	35857
16	2889613	2889974	17995
16	2890148	2890289	9827
16	2890842	2891080	21971
16	2891124	2891365	20506
16	2891676	2891776	8033
16	2892400	2892501	19944
16	2903030	2903391	3095
16	2903823	2904064	25366
16	2905502	2905893	24596
16	2906017	2906288	20297
16	2906774	2906895	7171
16	2908004	2908125	13117
16	2946400	2946791	26065
16	2949008	2949160	14938
16	2949646	2949746	7607
16	2979667	2980028	63126
16	2980344	2980945	41272
16	2983115	2983596	60219
16	2983667	2984028	39228
16	2984580	2984701	12781
16	2986318	2986439	25848
16	2986462	2986943	33135
16	2987072	2987433	30481
16	2988139	2988500	55351
16	2989976	2990124	9921
16	2998647	2998768	13660
16	2998787	2998888	13026
16	3014477	3014628	30475
16	3014796	3015062	3225
16	3016095	3016507	23854
16	3016615	3016839	4435
16	3016895	3017256	1030
16	3017262	3017699	1346
16	3017794	3018035	2023
16	3019637	3019878	5311
16	3021117	3021389	30702
16	3021461	3021972	73437
16	3022604	3022705	4071
16	3022944	3023316	28830
16	3023958	3024199	6760
16	3024210	3024451	6978
16	3024541	3024667	20983
16	3025265	3025866	88338
16	3026577	3027124	57046
16	3029562	3029713	11104
16	3038260	3038361	5506
16	3038556	3038657	9365
16	3039488	3039588	14889
16	3039940	3040041	10359
16	3040055	3040155	12274
16	3040421	3040522	9165
16	3041025	3041125	7201
16	3042770	3042870	8407
16	3042897	3042998	4094
16	3044663	3044763	10855
16	3044772	3044873	7696
16	3044895	3044995	7400
16	3045250	3045351	12288
16	3045370	3045470	3843
16	3045587	3045687	1724
16	3045705	3045806	381
16	3046464	3046564	8795
16	3047019	3047120	18904
16	3048187	3048287	7266
16	3048322	3048423	10958
16	3048459	3048559	6470
16	3048848	3048980	15383
16	3049873	3049973	7763
16	3050052	3050153	10971
16	3050273	3050374	11133
16	3050402	3050502	6354
16	3050714	3050828	10584
16	3051258	3051358	13059
16	3051524	3051624	6445
16	3063299	3064507	104468
16	3065299	3066050	79188
16	3070366	3070810	59543
16	3071189	3071330	1692
16	3071501	3071859	28725
16	3071881	3071982	8214
16	3072047	3072147	3879
16	3072810	3073051	15272
16	3073146	3073562	23262
16	3073833	3073954	1438
16	3074285	3074406	24014
16	3075645	3076016	40381
16	3076024	3076177	19718
16	3076179	3076449	17465
16	3076491	3076612	7786
16	3076639	3076792	12203
16	3076831	3076952	21988
16	3076981	3077102	22287
16	3077134	3077553	40598
16	3077556	3077677	17444
16	3078069	3078528	7692
16	3078644	3078885	65932
16	3079234	3079479	10893
16	3079521	3079766	1998
16	3080401	3080874	41254
16	3080922	3081163	3759
16	3081403	3081504	2455
16	3085196	3086961	69848
16	3096797	3097083	1840
16	3097330	3097601	52954
16	3099926	3100197	25309
16	3100219	3100580	28115
16	3105767	3106008	17767
16	3106970	3107241	29250
16	3107261	3107412	11446
16	3107522	3107670	20332
16	3108136	3108344	15783
16	3108376	3108721	1947
16	3108782	3109143	7116
16	3115600	3115721	7673
16	3115728	3115879	4191
16	3117305	3117692	30576
16	3117936	3118057	10536
16	3118119	3118270	5888
16	3118932	3119413	109212
16	3131575	3132025	35746
16	3139058	3140657	91482
16	3141478	3141629	9326
16	3141735	3141856	9061
16	3141972	3142363	26691
16	3142533	3142938	22587
16	3162283	3162430	7450
16	3163398	3163519	6683
16	3165311	3165582	17179
16	3165784	3165935	11937
16	3166366	3166595	21978
16	3168869	3169026	8556
16	3169193	3170336	93469
16	3187209	3187743	53378
16	3188329	3188600	17762
16	3188691	3188842	10561
16	3188886	3189157	19638
16	3190627	3191378	42665
16	3191721	3191822	4443
16	3194002	3194103	16186
16	3194184	3194325	21630
16	3194450	3194650	21963
16	3194737	3194838	10523
16	3195918	3196086	22501
16	3197258	3197481	14438
16	3197803	3197920	6906
16	3198311	3198412	6346
16	3198936	3199040	8823
16	3199695	3199809	7750
16	3254234	3255195	125470
16	3265709	3266549	144930
16	3273801	3274672	91158
16	3282362	3282603	16552
16	3282815	3282936	6889
16	3283449	3283810	51340
16	3293116	3293717	38781
16	3293784	3294067	9974
16	3294208	3294329	11798
16	3294409	3294650	29746
16	3296474	3296595	6769
16	3297006	3297256	29540
16	3298865	3299016	12938
16	3299394	3299790	42210
16	3304148	3304838	43317
16	3306267	3306628	29964
16	3333740	3334251	38909
16	3335027	3335268	28260
16	3335656	3335777	13141
16	3335964	3336205	26885
16	3338390	3338631	15107
16	3339344	3340575	78456
16	3340928	3341028	4164
16	3348918	3352010	237795
16	3358431	3358836	20205
16	3361752	3361948	8534
16	3362672	3362772	4104
16	3363034	3363185	18034
16	3366902	3367032	6558
16	3367138	3367889	30967
16	3405928	3407295	158939
16	3421810	3421911	3912
16	3432800	3433761	137767
16	3434398	3434999	70918
16	3439950	3440191	32876
16	3440408	3440529	6699
16	3443610	3443851	30909
16	3447133	3447614	47809
16	3451934	3452445	38092
16	3454385	3454773	23157
16	3454887	3455008	5971
16	3458228	3458979	42674
16	3486399	3487548	112426
16	3490748	3490989	6582
16	3493045	3493196	7432
16	3508106	3508206	325
16	3526161	3526402	19352
16	3529414	3529655	28279
16	3532488	3532609	5198
16	3533299	3533660	38901
16	3534655	3534896	25072
16	3534950	3535738	51539
16	3536045	3536146	8254
16	3536847	3536947	5833
16	3543791	3544032	14480
16	3544459	3544940	45509
16	3545306	3545547	12000
16	3551017	3551138	13999
16	3554710	3554841	10933
16	3556311	3556432	6331
16	3558227	3558498	20454
16	3562339	3562490	12473
16	3565488	3565609	14760
16	3569818	3570089	14487
16	3573107	3573348	16508
16	3576386	3576507	5762
16	3580558	3580685	4470
16	3582752	3582913	31094
16	3583076	3583177	11953
16	3586075	3586316	21380
16	3591808	3591929	6350
16	3592171	3592292	4685
16	3592672	3592793	7284
16	3593405	3593526	11929
16	3594226	3594347	10790
16	3598115	3598236	3921
16	3598650	3598771	7545
16	3599122	3599243	6700
16	3599677	3599798	17425
16	3600394	3600515	10976
16	3602176	3602297	15700
16	3604223	3604344	13019
16	3606892	3607013	6809
16	3607574	3607695	12288
16	3611684	3611805	9362
16	3612891	3615166	122981
16	3615271	3615392	4809
16	3627120	3627241	5732
16	3631157	3631257	9630
16	3631384	3631485	19362
16	3632333	3632704	43636
16	3633063	3633544	75914
16	3634759	3634882	8286
16	3638925	3641356	286362
16	3642661	3642902	20690
16	3644399	3644646	14429
16	3645558	3645709	22012
16	3646092	3646453	28679
16	3647356	3647717	33901
16	3647747	3648018	19135
16	3650964	3651205	22225
16	3652078	3652333	14623
16	3656435	3656709	20768
16	3658408	3658997	127668
16	3705296	3705567	49161
16	3705802	3705953	13562
16	3706083	3706204	10650
16	3706575	3706816	26226
16	3706990	3707122	11913
16	3707143	3707384	12930
16	3707707	3707828	9731
16	3707839	3707990	12036
16	3708023	3708241	13973
16	3708768	3708889	4984
16	3711939	3712180	57423
16	3712834	3712985	8141
16	3713342	3713613	20522
16	3714246	3714487	27548
16	3715924	3716161	19712
16	3721696	3721817	16186
16	3722639	3722880	14048
16	3724296	3724537	23251
16	3725300	3725421	7737
16	3726000	3726156	17394
16	3727457	3727698	24929
16	3729664	3729815	8981
16	3735915	3736186	30628
16	3739005	3739156	7789
16	3740755	3741026	16116
16	3741720	3742088	28851
16	3767404	3767525	27
16	3775055	3775156	8799
16	3776544	3776843	19747
16	3776906	3777132	26942
16	3777147	3777247	10330
16	3777482	3777608	3315
16	3777616	3779890	190981
16	3781122	3781513	22239
16	3781724	3782047	51965
16	3785999	3786240	38614
16	3786612	3786853	47518
16	3788525	3788683	9513
16	3789530	3789771	15128
16	3790353	3790594	15534
16	3794867	3794988	7673
16	3795255	3795376	8114
16	3799594	3799715	8532
16	3801675	3801837	9097
16	3807271	3807392	4777
16	3807748	3808109	8131
16	3808792	3809033	20558
16	3811494	3811615	2740
16	3817694	3817935	57507
16	3819143	3819384	19117
16	3820507	3821018	37866
16	3823690	3823961	32113
16	3824510	3824751	19777
16	3827546	3827686	3104
16	3827946	3828217	28287
16	3828638	3828879	19311
16	3830654	3830925	50867
16	3831194	3831317	13355
16	3832624	3832985	34148
16	3841972	3842105	17812
16	3843325	3843686	45221
16	3860570	3860811	17858
16	3900262	3901020	68374
16	3929818	3930313	4244
16	4012827	4012996	5705
16	4013166	4013266	5631
16	4013358	4013543	19463
16	4013779	4013976	12362
16	4015188	4015289	5049
16	4015473	4015574	8280
16	4015766	4016977	109909
16	4024629	4024750	3214
16	4027435	4027676	25582
16	4029075	4029316	27765
16	4033215	4033456	20054
16	4038954	4039107	10855
16	4042134	4042375	33071
16	4043349	4043521	14340
16	4057342	4057583	8511
16	4068080	4068181	11825
16	4162847	4162948	7494
16	4163665	4165496	139844
16	4240796	4240897	8499
16	4242108	4242979	146921
16	4245519	4245797	29166
16	4247736	4247977	13714
16	4253123	4253274	16930
16	4254493	4254645	15548
16	4256691	4258136	256877
16	4291946	4292097	14243
16	4307177	4307322	7605
16	4307478	4307776	11944
16	4307864	4307964	11008
16	4308031	4308272	9626
16	4310047	4310318	10454
16	4310339	4310666	29546
16	4311743	4311984	27903
16	4312282	4312433	19595
16	4312468	4312963	29555
16	4322641	4322867	20739
16	4382246	4382487	23527
16	4383282	4383551	24083
16	4384738	4385454	62945
16	4386704	4387545	47531
16	4387558	4387711	10108
16	4388013	4388113	8332
16	4389360	4389571	47084
16	4390271	4390422	17566
16	4390862	4391013	10555
16	4391315	4391556	22670
16	4393158	4393309	16693
16	4401183	4401310	293
16	4404724	4404825	9207
16	4405100	4405221	8936
16	4405268	4405389	4692
16	4407153	4407274	13740
16	4407885	4408156	20472
16	4408274	4408545	39089
16	4409280	4409671	27453
16	4410260	4410381	11776
16	4410405	4410559	8730
16	4410928	4411265	101900
16	4411324	4411480	23467
16	4411916	4412193	34806
16	4412524	4412795	34173
16	4414224	4414465	4481
16	4414582	4414703	7597
16	4414727	4414968	22801
16	4414971	4415092	12130
16	4415457	4415578	13186
16	4419701	4419801	3454
16	4430868	4433540	187759
16	4437936	4438087	18248
16	4438527	4438648	9890
16	4445253	4445374	3894
16	4455438	4455589	16489
16	4457472	4457713	10716
16	4458125	4458276	16679
16	4462302	4462453	9692
16	4463295	4463416	14472
16	4466428	4466549	1456
16	4475861	4476107	33188
16	4484330	4484571	24987
16	4487383	4487504	5906
16	4491324	4491595	13769
16	4492223	4492464	16228
16	4492970	4493211	42024
16	4494635	4494756	12722
16	4496829	4497070	19265
16	4498670	4498893	10526
16	4500388	4500509	7511
16	4504802	4504928	6081
16	4505496	4505688	7653
16	4506509	4506610	14085
16	4506662	4506785	8271
16	4511719	4511990	50338
16	4513634	4513875	18552
16	4516068	4516458	21990
16	4519165	4519526	25627
16	4524052	4524241	20189
16	4555484	4555628	11299
16	4556803	4557074	25091
16	4557658	4558259	71123
16	4559335	4559943	43839
16	4561255	4561436	7589
16	4562045	4562145	6703
16	4562164	4562264	8641
16	4562367	4562728	17550
16	4562747	4563108	19047
16	4563623	4563894	21130
16	4563997	4564148	13286
16	4606459	4606940	20174
16	4621492	4621733	21359
16	4624688	4624809	2564
16	4624953	4625074	3597
16	4625174	4626637	118252
16	4628933	4629034	4497
16	4630015	4630127	9516
16	4637026	4637127	4308
16	4638167	4638333	15140
16	4641666	4641786	11793
16	4642286	4642387	9112
16	4643220	4643321	16162
16	4644351	4644512	13125
16	4644704	4644805	7996
16	4649274	4649375	5285
16	4650100	4650318	15273
16	4659095	4659196	2442
16	4659624	4659994	4289
16	4660463	4660584	21598
16	4664393	4664858	1683
16	4674944	4675065	6590
16	4700335	4700544	32118
16	4701916	4702067	13880
16	4702630	4702871	13441
16	4707154	4707425	22473
16	4714681	4714802	24971
16	4715066	4715187	12860
16	4718228	4718349	13109
16	4721364	4721485	9151
16	4722400	4722517	18197
16	4723427	4723698	37857
16	4727454	4727583	32287
16	4730004	4730125	11253
16	4731512	4731787	23037
16	4732734	4733005	25947
16	4733156	4733307	23532
16	4733797	4733948	21246
16	4736218	4736339	26608
16	4738787	4738919	4213
16	4739076	4739176	9743
16	4739311	4739411	6967
16	4740891	4740992	3173
16	4743682	4743890	3625
16	4743938	4744608	7951
16	4744948	4745190	39318
16	4746975	4747126	12310
16	4747284	4747435	23792
16	4747959	4748080	14020
16	4748392	4748633	4531
16	4748720	4748991	40765
16	4748993	4749234	16670
16	4750715	4751172	21139
16	4751425	4751579	8524
16	4751955	4752310	19836
16	4755023	4755294	13888
16	4763998	4764239	32144
16	4774700	4774851	6607
16	4776599	4776840	12711
16	4776927	4777198	20137
16	4779914	4780185	21024
16	4786428	4786699	17006
16	4787722	4787993	37504
16	4790075	4790706	34481
16	4792981	4793222	12427
16	4794790	4795061	20026
16	4796293	4796564	21285
16	4796915	4797036	13544
16	4797273	4797664	41490
16	4802356	4803077	77300
16	4810449	4810600	23708
16	4812212	4812363	9434
16	4812514	4812785	25178
16	4815501	4816012	63930
16	4827631	4827731	6336
16	4827777	4828018	19765
16	4828051	4828202	7850
16	4829647	4829798	19387
16	4833419	4833570	19442
16	4833587	4833828	23598
16	4833849	4834120	29038
16	4835798	4835922	9563
16	4835971	4836163	16009
16	4837442	4837683	33544
16	4838238	4838359	3453
16	4845735	4845859	28263
16	4845948	4846232	27777
16	4847390	4847541	14404
16	4847626	4848023	40431
16	4848062	4848195	10262
16	4848557	4848678	17766
16	4849643	4849794	20666
16	4850477	4850598	29215
16	4851233	4851354	7677
16	4851483	4851604	9404
16	4852348	4852469	670
16	4852499	4852669	0
16	4853201	4853343	18670
16	4853383	4853583	15921
16	4854364	4854465	8643
16	4854964	4855064	7100
16	4855212	4855333	11318
16	4861132	4861352	12157
16	4861562	4861833	19086
16	4862016	4862287	17886
16	4863727	4863849	4316
16	4864501	4864658	14008
16	4867587	4867708	17549
16	4871326	4871477	19872
16	4871511	4871632	11647
16	4872842	4872963	5023
16	4873773	4873924	18972
16	4881889	4882280	31985
16	4882722	4882963	25619
16	4895023	4895174	9964
16	4896101	4896252	7594
16	4897186	4897350	1098
16	4902861	4903222	32571
16	4907942	4908093	7549
16	4908555	4908676	5340
16	4908941	4909212	20679
16	4909856	4909979	4461
16	4910612	4911123	28438
16	4918791	4918921	5503
16	4920156	4920397	23474
16	4920454	4920695	14952
16	4920757	4921028	22121
16	4921077	4921348	31200
16	4922848	4923112	34436
16	4924132	4925483	131051
16	4926780	4927171	25103
16	4927339	4927490	17257
16	4930017	4930168	12220
16	4930831	4930932	1626
16	4931138	4931238	7049
16	4931729	4931934	11314
16	4931974	4932107	17557
16	4932203	4932372	37407
16	4933305	4936096	252084
16	4937090	4937241	6780
16	4938039	4938280	35163
16	4938929	4939080	25558
16	4940138	4940379	36375
16	4940706	4940945	25577
16	4941729	4942244	31884
16	4943171	4943412	9264
16	4943499	4943650	12699
16	4944392	4944663	16153
16	4945209	4945454	24052
16	4945504	4945775	19709
16	4947632	4947783	15601
16	4949004	4949131	14224
16	4949153	4949424	11603
16	4950760	4951147	21617
16	4952315	4952586	27761
16	4953812	4954083	24932
16	4960809	4960960	16726
16	4986939	4987065	19079
16	5008302	5008501	4951
16	5009209	5009450	32868
16	5037511	5037752	7541
16	5038094	5038335	10903
16	5040710	5040941	21081
16	5041813	5042054	29645
16	5046283	5046524	18748
16	5046829	5047070	11910
16	5050638	5050759	15927
16	5050829	5050950	12819
16	5053367	5053608	32884
16	5055882	5056101	25526
16	5057298	5057539	10560
16	5058354	5058666	17328
16	5061063	5061304	44628
16	5064794	5065035	15880
16	5074845	5074993	11317
16	5075137	5075238	8445
16	5075431	5075702	26872
16	5077076	5077227	12700
16	5077238	5077390	9486
16	5077779	5077920	31264
16	5077962	5078203	34425
16	5078793	5079064	9226
16	5080376	5080504	6080
16	5081664	5081935	20292
16	5083260	5083741	1281
16	5083811	5083932	3432
16	5094292	5094533	34757
16	5094574	5094847	7246
16	5097860	5097981	5707
16	5105207	5105361	9657
16	5105629	5105793	6343
16	5106000	5106241	19585
16	5108432	5108672	24591
16	5110210	5110481	19794
16	5112349	5112620	10685
16	5115681	5116042	23504
16	5121764	5122070	17085
16	5122899	5123050	16328
16	5123144	5123267	20870
16	5125341	5125582	20954
16	5127429	5127550	8868
16	5127871	5128028	16367
16	5128667	5128938	41553
16	5129022	5129143	27417
16	5129717	5129838	21140
16	5130910	5131067	26784
16	5132495	5132736	108923
16	5133658	5133782	33217
16	5134695	5134936	65903
16	5135621	5135743	71759
16	5139031	5139302	108777
16	5140035	5140619	204292
16	5141784	5141906	40798
16	5143463	5143584	41383
16	5145422	5145543	36843
16	5147631	5147752	5516
16	5289887	5290106	15726
16	5300169	5300269	3372
16	5313150	5313466	140355
16	5517185	5517286	6305
16	5648902	5649139	22032
16	5810678	5810799	5433
16	6366976	6367077	3592
16	6704577	6704677	2686
16	7102024	7102145	9778
16	7382954	7383105	8276
16	7384755	7384856	7006
16	7560258	7560358	9629
16	7568058	7568449	53559
16	7629729	7629970	13134
16	7637214	7637335	11269
16	7645505	7645656	23431
16	7647341	7647462	4791
16	7657252	7657373	17547
16	7680583	7680704	8855
16	7683862	7683963	10664
16	7696793	7696893	13887
16	7703787	7703959	1004
16	7714889	7715010	21692
16	7721488	7721639	12438
16	7726746	7726867	11604
16	7743281	7743402	12964
16	7759034	7759155	14396
16	7760564	7760953	36719
16	7760988	7761114	12209
16	7761359	7761553	13001
16	7761568	7761696	9791
16	7761701	7761802	9449
16	7762051	7762259	21429
16	7762294	7762522	18681
16	7949330	7949443	7075
16	8619709	8620008	5152
16	8622088	8622273	15243
16	8719467	8719708	14358
16	8722505	8723016	24840
16	8728854	8729216	49835
16	8732922	8733043	20271
16	8734953	8735074	16107
16	8735932	8736083	10550
16	8736279	8736432	16766
16	8738346	8738617	24392
16	8739921	8740042	5551
16	8740137	8740593	74426
16	8829570	8829691	13006
16	8839845	8839966	5491
16	8841918	8842039	6574
16	8844216	8844457	27811
16	8851577	8851698	9214
16	8857874	8858025	6903
16	8858579	8858700	11380
16	8860004	8860155	12328
16	8862020	8862141	9773
16	8862604	8862875	28293
16	8866554	8866825	29710
16	8868679	8868950	26058
16	8870152	8870393	11081
16	8873326	8873457	13477
16	8875075	8875346	46060
16	8878068	8878210	13115
16	8878254	8878355	3194
16	8889736	8890487	75763
16	8891408	8891529	10530
16	8891711	8891832	22153
16	8895646	8895777	9401
16	8898600	8898721	14039
16	8900127	8900278	12201
16	8904924	8905045	30180
16	8905471	8905592	8452
16	8906784	8907025	31803
16	8941540	8941692	9794
16	8948368	8948469	7524
16	8948739	8948839	9301
16	8948980	8949221	27902
16	8952116	8952387	21328
16	8952955	8953226	13136
16	8976012	8976253	8601
16	8978025	8978386	31059
16	8978976	8979217	20664
16	8987566	8987666	7619
16	8987845	8987971	16674
16	8988390	8988511	21822
16	8988585	8988736	11692
16	8988796	8989067	16253
16	8989457	8989608	9691
16	8990844	8990966	9277
16	8992194	8992315	8952
16	8992350	8992506	10424
16	8992920	8993071	5501
16	8993416	8993657	18490
16	8994375	8994497	7801
16	8994789	8994940	9724
16	8994983	8995104	9646
16	8995929	8996054	9169
16	8996227	8996349	2902
16	8997040	8997311	15490
16	8998235	8998476	16131
16	8998994	8999235	21124
16	9000239	9000480	8935
16	9002188	9002317	11224
16	9004581	9004702	10508
16	9009094	9009215	16663
16	9009280	9009401	19235
16	9010324	9010445	17129
16	9010826	9011067	13658
16	9012850	9013006	11792
16	9014168	9014319	5000
16	9014961	9015202	20984
16	9017049	9017290	27590
16	9024110	9024264	15759
16	9030369	9030610	15830
16	9057052	9057153	853
16	9185892	9186137	459
16	9186762	9186883	9562
16	9196797	9197158	19781
16	9210465	9210954	38736
16	9210973	9211225	15150
16	9211290	9211400	11853
16	9211718	9211818	5417
16	9212004	9212161	13138
16	9212163	9212461	21792
16	9212731	9212892	22424
16	9856045	9856145	8886
16	9856296	9856397	8389
16	9856536	9856636	5378
16	9856786	9856910	5650
16	9856944	9858865	194529
16	9862615	9862981	20435
16	9892106	9892347	19894
16	9916049	9916291	33975
16	9923270	9923519	39511
16	9927873	9928144	9138
16	9934459	9934669	8987
16	9934755	9934971	19023
16	9943594	9943835	19560
16	9984778	9985019	23508
16	10031806	10032418	53176
16	10033259	10033360	12162
16	10206473	10206740	62202
16	10269352	10269453	5677
16	10273770	10274301	45646
16	10275733	10275911	9959
16	10524443	10525322	45281
16	10527324	10527563	16511
16	10531903	10532140	20458
16	10534208	10534329	8490
16	10551156	10551427	18263
16	10565942	10566063	3563
16	10567302	10567423	6225
16	10567751	10567872	9654
16	10574687	10574838	13987
16	10575658	10576139	31010
16	10576333	10576434	8162
16	10624162	10624471	10738
16	10625581	10626184	50995
16	10626650	10626975	14502
16	10631706	10631977	26467
16	10637410	10637531	14464
16	10641374	10641495	6751
16	10721396	10721667	29085
16	10729546	10729817	17707
16	10769805	10770048	17442
16	10775770	10776041	29475
16	10783083	10783234	4260
16	10783779	10783900	10122
16	10788117	10788748	84589
16	10837668	10837789	9598
16	10837808	10837932	6760
16	10840945	10841186	32561
16	10846409	10846560	23728
16	10849502	10849653	12773
16	10850500	10850651	18008
16	10851685	10851926	15144
16	10855211	10855341	11710
16	10855573	10855726	15875
16	10861786	10861907	7192
16	10862841	10862992	14834
16	10864097	10864218	6282
16	10865469	10865684	14129
16	10867112	10867353	9383
16	10867879	10868000	10006
16	10868759	10869000	12009
16	10911938	10912059	7165
16	10912284	10912537	1211
16	10934306	10934427	27614
16	10935026	10935147	17042
16	10935266	10935386	42554
16	10960106	10960467	22748
16	10971122	10971273	14168
16	10989060	10989331	29161
16	10989512	10989633	7798
16	10992504	10992625	17719
16	10992729	10992880	18133
16	10995301	10995452	8233
16	10995816	10996087	29357
16	10996465	10996706	28929
16	10997548	10997789	20511
16	10998543	10998694	11776
16	11000309	11002151	163520
16	11002813	11003084	14012
16	11003989	11004140	9498
16	11008866	11008966	2493
16	11009375	11009526	9940
16	11010178	11010329	6786
16	11012248	11012399	20565
16	11016004	11016125	7336
16	11016214	11016365	18383
16	11017031	11017182	6857
16	11017714	11017814	8369
16	11022750	11022850	7423
16	11023153	11023253	4946
16	11035537	11036318	85426
16	11038479	11038720	1685
16	11051581	11051822	32204
16	11056257	11056498	39992
16	11062970	11063211	23194
16	11064913	11065154	19640
16	11066352	11066473	30851
16	11066732	11066976	17921
16	11071047	11071288	24244
16	11073151	11073272	6119
16	11076670	11076911	31294
16	11096865	11097226	20371
16	11113994	11114235	7684
16	11118606	11118847	30368
16	11120920	11121621	46368
16	11133550	11133791	13680
16	11136044	11136285	17503
16	11137845	11137966	5861
16	11141112	11141233	7002
16	11145312	11145553	13062
16	11154697	11154938	23415
16	11214426	11214663	42122
16	11217579	11217820	10420
16	11219798	11220166	28206
16	11250363	11250604	13172
16	11250886	11251007	8325
16	11260205	11260446	17772
16	11267951	11268192	54763
16	11272128	11272609	34900
16	11275707	11275808	8421
16	11348289	11348549	15731
16	11348622	11349386	29271
16	11361799	11361920	7689
16	11362677	11363159	138251
16	11367059	11367498	68849
16	11367585	11367707	11135
16	11369686	11369838	18807
16	11369910	11370271	43920
16	11374779	11374930	16016
16	11374974	11375105	11734
16	11410626	11410771	14077
16	11439295	11439675	2709
16	11444467	11444692	34945
16	11466542	11466643	2800
16	11477498	11477640	6432
16	11478072	11478182	8810
16	11478744	11478922	21152
16	11479067	11479273	31058
16	11480967	11481152	41840
16	11483960	11484060	5885
16	11484135	11484320	12979
16	11485522	11485718	19950
16	11485862	11485963	11912
16	11486173	11486358	14915
16	11487247	11487416	13704
16	11490367	11490532	7424
16	11492204	11492366	12046
16	11495121	11495262	15158
16	11495892	11496014	18408
16	11498559	11498722	6420
16	11501055	11501193	9013
16	11505092	11505192	5320
16	11506696	11506809	5911
16	11508197	11508364	21404
16	11511487	11511695	8815
16	11517023	11517123	6547
16	11517720	11517882	7247
16	11517964	11518200	43259
16	11518980	11519289	26554
16	11524891	11525085	16213
16	11529517	11529735	16659
16	11533340	11533441	9512
16	11534579	11534699	14504
16	11534794	11534932	20244
16	11540387	11540508	9540
16	11540563	11540804	9385
16	11541738	11541979	24983
16	11542747	11542988	13872
16	11544449	11544690	15244
16	11550696	11550924	16856
16	11553709	11553950	21998
16	11554278	11554519	18074
16	11554776	11555017	18626
16	11555944	11556185	20247
16	11563020	11563120	6625
16	11563363	11563523	10087
16	11565509	11565673	23738
16	11569475	11569575	3313
16	11570619	11570802	14172
16	11571676	11571861	16874
16	11572385	11572541	10513
16	11578734	11578929	19128
16	11581117	11581242	6127
16	11582564	11582723	12334
16	11585556	11585701	8244
16	11587499	11587652	16916
16	11588430	11588616	5829
16	11594659	11594825	8398
16	11595932	11596036	4906
16	11602571	11602711	17459
16	11608214	11608395	26927
16	11609784	11609919	9909
16	11609997	11610163	8961
16	11612740	11612841	8428
16	11615807	11615968	31106
16	11617233	11617333	1726
16	11642949	11643152	4618
16	11643162	11643263	4905
16	11643265	11643705	22280
16	11647345	11647586	11160
16	11650268	11650596	33679
16	11769798	11773731	384362
16	11777969	11778120	7440
16	11781703	11781832	5395
16	11782108	11782349	14809
16	11785120	11785961	78660
16	11791959	11792200	19257
16	11794298	11794430	9963
16	11797449	11797658	6112
16	11815418	11815539	6193
16	11823503	11823624	20583
16	11823963	11824084	5006
16	11824185	11824306	7650
16	11824444	11824640	15673
16	11827825	11827946	8786
16	11829859	11830100	18815
16	11836298	11836696	526
16	11844568	11844669	9930
16	11845146	11845387	21121
16	11846485	11846726	10602
16	11850040	11850279	44855
16	11852277	11852405	5933
16	11855223	11855377	12121
16	11855711	11855952	9703
16	11856503	11856624	5355
16	11857303	11857544	11491
16	11858867	11859019	11748
16	11859291	11859562	20793
16	11861232	11861473	19939
16	11862142	11862383	13600
16	11862857	11862978	6284
16	11864619	11864860	14051
16	11868022	11868413	31415
16	11868791	11868912	6195
16	11870144	11870275	4461
16	11870286	11870407	6474
16	11870564	11870805	12765
16	11872999	11873240	13652
16	11875209	11875360	8706
16	11876115	11876237	8379
16	11913776	11914142	25429
16	11931111	11931448	8225
16	11931625	11931986	26188
16	11933535	11933957	46960
16	11935463	11935734	23332
16	11935749	11935870	7101
16	11940317	11940469	10066
16	11940474	11940745	6799
16	11941442	11941713	19835
16	11944084	11944325	11988
16	11945225	11945379	26908
16	11966620	11966721	4384
16	11966771	11966889	6253
16	11966896	11967061	4243
16	11969580	11969821	23374
16	11969926	11970047	9896
16	11971229	11971470	17602
16	11976850	11976971	9073
16	11979023	11979144	8310
16	11980276	11980517	17509
16	11980589	11980830	19708
16	11981395	11981636	17183
16	11984896	11985017	12035
16	11988766	11988887	3722
16	11990347	11990708	63438
16	11991646	11991777	9941
16	11991810	11991931	7636
16	12009193	12009874	6154
16	12022949	12023191	176517
16	12024239	12024480	73266
16	12027324	12027591	142848
16	12031460	12031581	35595
16	12059125	12059366	48886
16	12060003	12060244	42913
16	12061384	12061745	19505
16	12070616	12070768	140
16	12093123	12093244	10101
16	12096812	12096963	15344
16	12121117	12121358	16129
16	12136692	12136963	29542
16	12140214	12140335	17832
16	12142171	12142534	78546
16	12145652	12146093	35344
16	12155384	12155519	9464
16	12162890	12163011	8591
16	12172669	12172790	9247
16	12181618	12182085	37340
16	12183616	12183834	5371
16	12220460	12220581	13534
16	12223429	12223670	27307
16	12293437	12293560	3691
16	12296782	12297007	173279
16	12297101	12297582	352080
16	12305874	12305975	11358
16	12371720	12371961	18107
16	12379179	12379280	3958
16	12449956	12450197	24376
16	12492269	12492390	10920
16	12497284	12497405	9975
16	12504149	12504250	11597
16	12564539	12564640	9016
16	12571524	12571765	20788
16	12609356	12609477	2359
16	12618507	12618748	24926
16	12620377	12620498	7766
16	12620992	12621233	17832
16	12662303	12662544	17269
16	12758733	12758982	17581
16	12798452	12798933	37244
16	12874999	12875270	52865
16	12897537	12897658	6677
16	12995798	12996549	18105
16	13002265	13002506	26408
16	13010522	13010728	20502
16	13012841	13012941	2335
16	13297207	13297424	17426
16	13307072	13307193	8393
16	13328852	13329316	44269
16	14013974	14014245	58074
16	14015856	14016097	12871
16	14020394	14020635	33499
16	14021867	14022108	25019
16	14024535	14024776	11860
16	14025956	14026197	20160
16	14028039	14028193	3424
16	14028940	14029661	40622
16	14031607	14031728	5197
16	14038544	14038702	12251
16	14041416	14042257	95685
16	14234419	14234660	12554
16	14242504	14242605	6212
16	14280372	14280473	3639
16	14280710	14280951	16769
16	14284003	14284104	6226
16	14294213	14294715	120330
16	14304071	14304192	6336
16	14306147	14306298	6895
16	14307378	14307499	4697
16	14310942	14311183	13906
16	14312644	14312885	22912
16	14327950	14328191	33189
16	14334036	14334405	26980
16	14334454	14334695	20066
16	14339329	14339570	23384
16	14340290	14341386	61119
16	14342739	14342980	13164
16	14345678	14345919	11148
16	14346169	14346410	12867
16	14351926	14352047	8224
16	14354732	14355333	39671
16	14397773	14397931	15330
16	14403117	14403253	12854
16	14530540	14530661	7466
16	14540720	14540961	13488
16	14564832	14565121	10172
16	14576468	14576709	38134
16	14645853	14645974	1991
16	14647903	14648024	8179
16	14649477	14649598	4858
16	14674704	14674825	4824
16	14675972	14676212	20087
16	14678180	14678301	10343
16	14678565	14678686	6138
16	14680135	14680256	5112
16	14687135	14687256	5464
16	14693727	14693848	8480
16	14697981	14698102	16033
16	14700300	14700421	6329
16	14702095	14702216	9494
16	14702886	14703007	13573
16	14704462	14704703	28133
16	14711415	14711536	9758
16	14720942	14721063	14586
16	14721098	14721219	13869
16	14722007	14722128	8478
16	14723431	14723552	4761
16	14723911	14724032	35276
16	14738123	14738514	25174
16	14742225	14742466	24553
16	14743594	14743863	30699
16	14748843	14749079	13165
16	14755714	14755955	30361
16	14758675	14758946	37861
16	14761466	14761707	24117
16	14761750	14761851	9590
16	14762079	14762180	3413
16	14766413	14766654	60909
16	14784305	14784546	67378
16	14787893	14788175	56482
16	14802739	14802980	127139
16	14809867	14810109	151796
16	14813672	14813793	90973
16	14813873	14814139	160068
16	14816981	14817222	95377
16	14818301	14818526	178328
16	14819669	14820160	40363
16	14823422	14823663	69082
16	14827011	14827293	54534
16	14841861	14842102	118599
16	14848991	14849233	149704
16	14852792	14852913	88506
16	14852993	14853259	162875
16	14856101	14856342	94084
16	14857421	14857646	160897
16	14863735	14863976	99634
16	14896915	14897015	15412
16	14914591	14914832	41921
16	14914858	14915099	45614
16	14916612	14916973	72911
16	14918447	14918568	19403
16	14927669	14927883	6416
16	14932247	14932368	16140
16	14935180	14935301	85991
16	14938519	14938641	66776
16	14940424	14940550	66505
16	14942730	14942852	49428
16	14946277	14946499	49208
16	14947271	14947512	79022
16	14947777	14947898	40256
16	14951064	14951189	20614
16	14951315	14951557	58779
16	14956835	14957077	38541
16	14958391	14958632	36960
16	14958825	14959066	64343
16	14960358	14960600	28846
16	14962387	14962508	19247
16	14965448	14965569	55263
16	14966077	14966198	58252
16	14968880	14969122	89839
16	14969176	14969298	27022
16	14970174	14970415	107460
16	14970462	14970676	106721
16	14972568	14972701	35208
16	14973814	14974055	120051
16	14975350	14975591	119337
16	14976431	14976552	37610
16	14978219	14978349	53869
16	14980607	14980729	32991
16	14982891	14983105	101930
16	14988839	14988961	47241
16	14989315	14989556	103165
16	14989643	14989772	57188
16	14989777	14990019	126335
16	14995356	14995457	16530
16	15001556	15001656	34458
16	15005073	15005174	1319
16	15005423	15005544	0
16	15005705	15005826	0
16	15010864	15010985	38886
16	15011293	15011534	85536
16	15011564	15011685	40664
16	15011893	15012133	83735
16	15012286	15013007	118363
16	15013072	15013312	112530
16	15013709	15013950	13881
16	15014092	15014193	11388
16	15014597	15014790	64180
16	15015136	15015440	147479
16	15015814	15016655	282734
16	15017456	15017643	76444
16	15017833	15018013	46358
16	15018361	15018548	71060
16	15018938	15019038	55029
16	15019540	15019781	83744
16	15019819	15020180	100568
16	15020219	15020460	61354
16	15020472	15020677	59433
16	15021019	15021260	74038
16	15022189	15022439	136807
16	15023094	15023938	283909
16	15023979	15024221	87836
16	15024304	15024666	86868
16	15024713	15024954	63158
16	15025069	15025190	44784
16	15026390	15026632	146808
16	15026635	15026876	101120
16	15026906	15027147	80099
16	15027165	15027407	64431
16	15028946	15029318	217140
16	15035611	15035853	134461
16	15039419	15039540	95911
16	15039620	15039886	158038
16	15042719	15042960	88440
16	15044033	15044258	165235
16	15045401	15045892	49287
16	15069005	15069127	5088
16	15082115	15084025	297074
16	15090143	15090278	19688
16	15091585	15091706	17376
16	15092168	15092289	12443
16	15095611	15095744	19769
16	15097995	15098237	57099
16	15100224	15100465	53397
16	15102608	15102730	21380
16	15103515	15103637	13073
16	15109966	15110088	25716
16	15110939	15111061	19904
16	15111166	15111289	11615
16	15112638	15112879	51824
16	15116524	15116645	15570
16	15120470	15120591	17824
16	15122717	15122889	14990
16	15123739	15123981	46806
16	15125556	15125797	25857
16	15126625	15126896	29296
16	15127044	15127315	13454
16	15128097	15128248	8415
16	15128270	15128421	7865
16	15129296	15129420	6996
16	15129821	15130182	13062
16	15131668	15131768	7658
16	15131856	15132097	25303
16	15132421	15132554	15581
16	15133783	15133934	4791
16	15134890	15135011	6517
16	15135415	15135566	21996
16	15138136	15138287	5762
16	15141289	15141417	13679
16	15141653	15141804	19578
16	15141807	15141966	13040
16	15149726	15149847	0
16	15155560	15155801	21417
16	15157035	15157156	31708
16	15159037	15159272	32508
16	15161996	15162144	16615
16	15163897	15164139	39110
16	15164921	15165162	21358
16	15166750	15166991	43071
16	15168570	15168768	16069
16	15170354	15170520	25510
16	15173842	15173963	20047
16	15177343	15177464	9778
16	15178469	15178590	15979
16	15179471	15179592	10151
16	15179929	15180170	50863
16	15180205	15180326	21471
16	15185138	15185260	19896
16	15186356	15186481	25938
16	15187984	15188179	31530
16	15199824	15200049	170302
16	15200794	15200915	8780
16	15201119	15201360	69348
16	15204221	15204487	133264
16	15204567	15204688	63803
16	15208242	15208484	126374
16	15212725	15212967	117673
16	15219382	15219482	34384
16	15219484	15219725	86616
16	15221185	15221510	81982
16	15221527	15221769	82028
16	15221799	15222282	157865
16	15223479	15223600	57922
16	15223715	15223956	72808
16	15224003	15224364	102592
16	15224448	15224690	58334
16	15224731	15225576	280110
16	15226337	15226438	22910
16	15226532	15226773	68888
16	15227120	15227320	56736
16	15227332	15227573	66029
16	15227610	15227971	74381
16	15228009	15228250	80093
16	15229090	15229286	55449
16	15229424	15229860	112299
16	15229876	15229997	3002
16	15230394	15230635	113124
16	15230700	15231421	105027
16	15231574	15231815	72564
16	15232023	15232144	40914
16	15232174	15232415	81693
16	15232723	15232844	35064
16	15248143	15248539	0
16	15248707	15248859	1094
16	15452790	15452911	31804
16	15457633	15457995	40570
16	15459138	15459363	162978
16	15460442	15460683	85283
16	15463519	15463785	151391
16	15463865	15463986	60849
16	15467514	15467756	148808
16	15474723	15474964	107789
16	15489728	15490089	8601
16	15494617	15494738	8700
16	15501634	15501999	62725
16	15528501	15528626	8773
16	15596155	15596256	7748
16	15598050	15598294	21527
16	15600211	15600381	3431
16	15601785	15601910	19896
16	15601978	15602078	8130
16	15603348	15603560	10156
16	15605525	15605755	11431
16	15609102	15609336	30614
16	15609648	15609875	13659
16	15610880	15611082	7203
16	15612332	15612465	15550
16	15612949	15613082	7011
16	15661815	15661936	10459
16	15675040	15675250	26402
16	15676992	15677113	4160
16	15680564	15680696	10852
16	15680701	15680802	12012
16	15680812	15680913	14362
16	15680998	15681099	5959
16	15681621	15681722	6724
16	15688231	15688331	5318
16	15688513	15688614	5512
16	15688889	15688990	7972
16	15689205	15689305	9044
16	15689914	15690028	6972
16	15690490	15690851	15243
16	15692674	15692915	19811
16	15694226	15694587	7245
16	15694810	15694931	8375
16	15695802	15696073	19107
16	15696347	15696625	7540
16	15697988	15698265	24517
16	15702138	15702385	17314
16	15703359	15703600	37457
16	15704777	15705018	20628
16	15705398	15705639	17586
16	15706372	15706644	23684
16	15709623	15709894	16260
16	15710817	15711088	15676
16	15711092	15711453	14700
16	15714256	15714407	5392
16	15715527	15715798	43852
16	15716764	15717005	14092
16	15718553	15718824	11346
16	15718830	15719071	11014
16	15719201	15719682	57761
16	15724153	15724394	24184
16	15725175	15725416	9362
16	15727464	15727710	19033
16	15728579	15728820	54520
16	15729494	15730215	53480
16	15732897	15733138	29322
16	15737116	15737267	3913
16	15744063	15744211	298
16	15758534	15758736	7627
16	15761077	15761339	11978
16	15771610	15771851	20713
16	15781034	15781419	35778
16	15784969	15785210	12379
16	15788006	15788221	16589
16	15790520	15790784	10782
16	15793571	15793692	26448
16	15797792	15798033	30900
16	15802621	15802742	8424
16	15808700	15808971	24665
16	15809011	15809139	6046
16	15810949	15811220	9924
16	15812099	15812305	25489
16	15813059	15813180	14647
16	15813384	15813625	35741
16	15813967	15814208	36164
16	15814650	15814921	25598
16	15815233	15815504	40234
16	15817960	15818321	18971
16	15818458	15818699	15729
16	15818705	15818859	12728
16	15820656	15820927	36807
16	15826371	15826604	21565
16	15829177	15829448	42694
16	15831240	15831511	19015
16	15832396	15832603	27040
16	15833897	15834096	25344
16	15835271	15835542	24572
16	15835561	15835802	35669
16	15838948	15839104	23428
16	15841385	15841626	22951
16	15841704	15842084	31588
16	15843862	15844211	38434
16	15847186	15847427	26054
16	15850163	15850404	29383
16	15851649	15851890	52202
16	15853357	15853628	23484
16	15854374	15854575	44237
16	15857609	15857760	10388
16	15865376	15865617	24634
16	15869922	15870043	24305
16	15872607	15872728	13238
16	15876196	15876347	6789
16	15878503	15878624	6452
16	15880280	15880401	20664
16	15880450	15880599	26447
16	15892480	15892604	10393
16	15917068	15917309	27469
16	15931755	15932119	68687
16	15961273	15961394	12734
16	15967294	15967535	13918
16	15973611	15973762	6363
16	15977842	15978083	21381
16	15982367	15982488	11566
16	16025522	16026198	65009
16	16043582	16043722	0
16	16101639	16101880	24935
16	16103544	16103815	43185
16	16108312	16108536	27704
16	16110309	16110535	42062
16	16126935	16127056	10637
16	16130273	16130514	18496
16	16138270	16138547	19747
16	16139660	16139901	29647
16	16141928	16142199	46599
16	16146565	16146686	21413
16	16149929	16150191	14643
16	16161964	16162205	38112
16	16165451	16165602	11715
16	16170150	16170271	13555
16	16173150	16173391	33348
16	16177189	16177430	41451
16	16180613	16180884	25866
16	16184232	16184473	25111
16	16192683	16192804	9914
16	16196467	16196588	9708
16	16200541	16200766	9935
16	16205214	16205455	27645
16	16208596	16208957	58248
16	16215810	16216051	15484
16	16218587	16218828	38554
16	16219656	16219778	13837
16	16225597	16225838	14887
16	16228134	16228405	19832
16	16230296	16230537	24155
16	16232166	16232437	16846
16	16234992	16235148	7637
16	16235471	16235572	5993
16	16236705	16236805	4655
16	16243952	16244108	12096
16	16244380	16244651	12407
16	16248416	16249026	51127
16	16251441	16251708	11607
16	16253298	16253450	15095
16	16255206	16255477	12626
16	16256798	16257069	22701
16	16259423	16259814	18153
16	16263455	16263726	20869
16	16267049	16267320	29683
16	16269744	16269865	12303
16	16271244	16271515	34170
16	16272587	16272858	26236
16	16276205	16276476	36267
16	16276572	16276843	26971
16	16278762	16278913	14187
16	16280933	16281084	9182
16	16282638	16282879	5535
16	16283971	16284242	14758
16	16286671	16286792	6523
16	16291841	16292078	24354
16	16295825	16296066	30022
16	16297247	16297488	19375
16	16302529	16302765	19879
16	16306011	16306132	15792
16	16308122	16308363	27698
16	16313353	16313594	36649
16	16313620	16313861	49113
16	16315375	16315736	71625
16	16317212	16317333	23791
16	16326484	16326698	6696
16	16330741	16330862	11912
16	16333669	16333790	78152
16	16337006	16337128	59536
16	16338915	16339041	54193
16	16341226	16341348	49240
16	16344775	16344997	43156
16	16345767	16346008	63367
16	16346273	16346394	40248
16	16349567	16349692	15729
16	16349818	16350060	38055
16	16355324	16355566	21300
16	16356880	16357121	24701
16	16357314	16357555	70773
16	16358846	16359088	57624
16	16360883	16361004	18793
16	16363948	16364069	42091
16	16364576	16364697	57358
16	16367533	16367775	30789
16	16367829	16367951	15305
16	16368827	16369068	108740
16	16369115	16369329	94087
16	16371217	16371350	35628
16	16372461	16372702	120404
16	16373995	16374236	120261
16	16375076	16375197	33123
16	16376863	16376993	71805
16	16379251	16379373	36957
16	16381538	16381753	93981
16	16387493	16387615	32454
16	16387969	16388210	74232
16	16388297	16388426	54876
16	16388431	16388673	99277
16	16394007	16394108	15779
16	16400209	16400309	30925
16	16403729	16403830	655
16	16404078	16404199	0
16	16404360	16404481	0
16	16409515	16409636	45682
16	16409944	16410185	56449
16	16410215	16410336	42092
16	16410544	16410784	77852
16	16410937	16411658	117889
16	16411723	16411963	111667
16	16412360	16412601	11017
16	16412743	16412897	17896
16	16413248	16413441	95986
16	16413787	16414091	120949
16	16414465	16415306	356594
16	16416107	16416294	71185
16	16416484	16416664	45940
16	16417012	16417199	46653
16	16417589	16417689	28238
16	16418191	16418432	83940
16	16418470	16418791	82813
16	16418870	16419111	81985
16	16419123	16419328	68310
16	16419670	16419911	76112
16	16420673	16420923	91428
16	16421579	16422423	302871
16	16422464	16422706	89704
16	16422789	16423151	124045
16	16423198	16423439	56538
16	16423554	16423675	55646
16	16424877	16425119	51880
16	16425122	16425363	81795
16	16425393	16425635	89284
16	16425652	16425894	74906
16	16427433	16427805	157654
16	16434105	16434347	144190
16	16437890	16438011	57134
16	16438091	16438357	145953
16	16441192	16441433	84246
16	16442510	16442735	147015
16	16443878	16444426	57552
16	16449548	16449669	40365
16	16449977	16450218	44762
16	16450248	16450369	35482
16	16450577	16450817	85923
16	16450970	16451691	148351
16	16451756	16451997	118210
16	16452394	16452625	24147
16	16452750	16452929	34798
16	16453277	16453470	91252
16	16453816	16454120	120547
16	16454494	16455335	276760
16	16456137	16456324	74780
16	16456503	16456741	87856
16	16457012	16457199	95580
16	16457557	16459098	563121
16	16459118	16460386	420520
16	16460421	16461305	314785
16	16461398	16461639	50588
16	16462479	16462720	83952
16	16462758	16463119	110984
16	16463172	16463399	95926
16	16463411	16463612	92423
16	16463958	16464199	76177
16	16464294	16464395	21539
16	16464881	16465606	304804
16	16465763	16466005	49985
16	16466088	16466450	69845
16	16466497	16466738	66324
16	16466853	16466974	53753
16	16468170	16468656	185213
16	16468686	16468928	84443
16	16468945	16469271	80782
16	16470734	16471087	119284
16	16471277	16471446	33241
16	16477463	16477705	131378
16	16481244	16481365	67054
16	16481445	16481711	123840
16	16484556	16484797	86464
16	16485874	16486099	173826
16	16487242	16487790	60395
16	16492374	16492495	33568
16	17190006	17190367	45274
16	17196166	17196418	15439
16	17196636	17196737	6431
16	17196843	17196944	5842
16	17197032	17197133	5487
16	17197791	17197972	7990
16	17201370	17201471	7275
16	17201717	17201818	9181
16	17201968	17202069	12610
16	17202501	17202892	18716
16	17211488	17211849	43266
16	17221469	17221740	19856
16	17228279	17228640	35201
16	17232178	17232419	24696
16	17234966	17235237	21719
16	17252634	17252785	11227
16	17292018	17292289	26778
16	17294273	17294544	29989
16	17352768	17353399	57572
16	17359376	17359476	8235
16	17432003	17432414	58362
16	17451826	17451947	13973
16	17564218	17564703	1655
16	18026577	18026698	8409
16	18026817	18027058	23606
16	18141832	18141933	7943
16	18407109	18407230	35377
16	18411815	18412361	63593
16	18413504	18413729	156992
16	18414806	18415047	43473
16	18417898	18418164	142175
16	18418244	18418365	60652
16	18421913	18422155	148054
16	18428532	18428885	106486
16	18430349	18430674	87078
16	18430691	18430933	94125
16	18430963	18431449	143280
16	18432645	18432766	58448
16	18432881	18433122	71254
16	18433169	18433531	140789
16	18433614	18433856	78078
16	18434013	18434738	204604
16	18435420	18435670	88782
16	18436468	18436709	73564
16	18437056	18437256	27012
16	18437268	18437509	38042
16	18437548	18437909	55158
16	18437947	18438188	82543
16	18438691	18438791	31373
16	18439180	18439368	42119
16	18439720	18439896	44484
16	18440086	18440272	73417
16	18441073	18441914	346176
16	18442288	18442593	127218
16	18442938	18443131	95670
16	18443482	18443603	14043
16	18443778	18444019	15202
16	18444416	18444656	42423
16	18444721	18445442	107527
16	18445595	18445835	85841
16	18446043	18446164	45189
16	18446194	18446435	89669
16	18446743	18446864	45746
16	18451968	18452514	59602
16	18453657	18453882	173193
16	18454959	18455200	84768
16	18458034	18458300	156990
16	18458380	18458501	54913
16	18462057	18462299	142676
16	18468623	18468995	81462
16	18470534	18470776	61423
16	18470793	18471035	61785
16	18471065	18471306	80522
16	18471309	18471551	52402
16	18472752	18472873	56731
16	18472988	18473229	62809
16	18473276	18473638	149314
16	18473721	18473963	90229
16	18474004	18474848	294863
16	18475687	18475935	69772
16	18476282	18476442	13947
16	18476494	18476722	17133
16	18476774	18477111	3354
16	18477173	18477414	30219
16	18478254	18478495	121291
16	18478588	18479473	89716
16	18479508	18480775	111252
16	18480796	18482286	334331
16	18482694	18482882	11613
16	18483152	18483391	32783
16	18483570	18483756	75430
16	18484558	18485399	195741
16	18485773	18486078	122587
16	18486423	18486616	62538
16	18486962	18487143	5775
16	18487258	18487499	4484
16	18487896	18488137	25053
16	18488202	18488923	45698
16	18489076	18489316	86267
16	18489524	18489645	41635
16	18489675	18489916	63853
16	18490224	18490345	40525
16	18495377	18495498	0
16	18495659	18495780	0
16	18496031	18496132	569
16	18499537	18499637	33249
16	18505742	18505843	14129
16	18511175	18511417	101553
16	18511423	18511552	56223
16	18511638	18511879	73481
16	18512233	18512355	40314
16	18518095	18518310	99497
16	18520476	18520598	37373
16	18522857	18522987	78250
16	18524652	18524773	35650
16	18525613	18525854	113974
16	18527147	18527388	121730
16	18528501	18528634	33912
16	18530520	18530734	96152
16	18530781	18531022	108624
16	18531898	18532020	30512
16	18532074	18532316	127995
16	18535152	18535273	58336
16	18535781	18535902	57150
16	18538841	18538962	22722
16	18540769	18541011	58509
16	18542303	18542544	81079
16	18542737	18542978	57947
16	18544292	18544534	53005
16	18549801	18550042	70763
16	18550171	18550296	28523
16	18553477	18553598	44558
16	18553863	18554104	79168
16	18554877	18555101	66438
16	18558524	18558646	51161
16	18560833	18560959	67673
16	18562749	18562871	60737
16	18566090	18566211	88681
16	18569007	18569128	21667
16	18573188	18573400	3350
16	18582554	18582675	19600
16	18584149	18584511	64863
16	18586024	18586265	46001
16	18586291	18586532	35609
16	18591473	18591714	28749
16	18593697	18593818	18979
16	18597077	18597313	21122
16	18602406	18602647	28054
16	18603828	18604069	28681
16	18728253	18728476	219
16	18794316	18794437	4902
16	18796011	18796162	4803
16	18799363	18799484	2503
16	18800247	18800488	14888
16	18803147	18803338	5686
16	18804003	18804104	8847
16	18804136	18804237	7622
16	18804511	18804752	13620
16	18805901	18806022	8424
16	18806723	18806964	13223
16	18809155	18809456	16167
16	18809968	18810209	18416
16	18812709	18812830	34814
16	18816175	18816365	16698
16	18817315	18817553	29841
16	18817616	18817791	6599
16	18819949	18820147	16441
16	18820248	18820348	6893
16	18820469	18820587	12462
16	18820667	18820767	38558
16	18820770	18820989	199835
16	18823014	18823479	26838
16	18826428	18826669	11235
16	18826746	18826987	18506
16	18827556	18827917	30774
16	18828581	18828822	17976
16	18830778	18831019	22510
16	18839300	18839542	25266
16	18840541	18841142	31955
16	18841221	18841462	17208
16	18841494	18841735	16624
16	18844193	18844554	32546
16	18845461	18845818	14458
16	18846168	18846529	27472
16	18847234	18847574	13400
16	18847646	18847887	21943
16	18848548	18848789	30628
16	18849323	18849564	10672
16	18849612	18850061	18005
16	18850962	18851323	37102
16	18852820	18853181	60132
16	18853471	18853832	48176
16	18856680	18857041	31324
16	18858730	18858971	16640
16	18859125	18859366	25563
16	18860498	18860739	19178
16	18861238	18861479	20050
16	18861492	18861853	12250
16	18863336	18863577	12620
16	18863590	18863797	12998
16	18864865	18865226	42189
16	18865920	18866281	23746
16	18869446	18869671	64722
16	18870302	18870546	90364
16	18870829	18871071	116907
16	18871922	18872164	85680
16	18874951	18875192	69346
16	18875273	18875508	61981
16	18877898	18878140	72732
16	18879451	18879714	111241
16	18879821	18880063	126632
16	18880404	18880645	86221
16	18881124	18881365	123521
16	18881861	18882102	75281
16	18882105	18882226	35445
16	18882623	18882864	45249
16	18883465	18883709	64679
16	18883759	18884001	67077
16	18887393	18887779	132048
16	18888382	18888573	108273
16	18890747	18891109	114078
16	18893452	18893693	97758
16	18895379	18895500	39326
16	18896386	18896507	40750
16	18896804	18897046	59402
16	18900679	18900920	108010
16	18902152	18902273	26392
16	18903482	18903724	88950
16	18907330	18907571	122989
16	18908074	18908316	60226
16	18911265	18911365	16888
16	18937187	18937600	6924
16	18995357	18995478	51
16	19020404	19020795	25406
16	19027724	19027965	18633
16	19032913	19033154	40776
16	19034384	19034535	16019
16	19041497	19041738	14466
16	19046950	19047191	24749
16	19049161	19049402	36037
16	19051568	19051809	22869
16	19056143	19056384	17603
16	19056650	19056771	8722
16	19058326	19058597	28002
16	19062958	19063192	41310
16	19067790	19068061	17632
16	19070715	19070987	21196
16	19073071	19073192	10823
16	19073961	19074062	11317
16	19078871	19079169	59659
16	19080134	19080235	18642
16	19083217	19083458	21868
16	19085178	19085419	31396
16	19086991	19087232	21666
16	19088570	19088721	6756
16	19089380	19089501	10218
16	19125618	19132949	565558
16	19167169	19167290	8454
16	19167360	19167481	11691
16	19179914	19180035	21292
16	19183874	19183974	4937
16	19183999	19184150	16869
16	19184709	19184945	14026
16	19191635	19191906	18453
16	19194798	19195519	74449
16	19204667	19204768	7635
16	19217495	19217660	7489
16	19222884	19223040	11483
16	19234305	19234546	31849
16	19235961	19236202	21395
16	19261262	19261372	7280
16	19278178	19278513	25703
16	19297156	19297277	11094
16	19309956	19310197	20203
16	19315144	19315265	6116
16	19315340	19315581	10588
16	19318811	19319052	13097
16	19320304	19320425	20496
16	19451303	19452174	56108
16	19455366	19455607	23065
16	19460836	19460963	11579
16	19461427	19461527	10922
16	19468002	19468363	22190
16	19471515	19471666	9224
16	19473805	19473906	397
16	19474584	19474735	6931
16	19475010	19475401	21963
16	19477358	19477599	43874
16	19480953	19481194	22345
16	19483351	19483607	19206
16	19485401	19485642	29498
16	19488739	19488860	16234
16	19490710	19490861	20779
16	19492678	19492799	16463
16	19498243	19498364	19610
16	19498430	19498699	36361
16	19501682	19501923	50145
16	19503419	19503574	10662
16	19505544	19505698	14705
16	19508402	19508523	10724
16	19509173	19509324	9879
16	19514744	19514985	24358
16	19516187	19516428	15567
16	19518993	19519114	3332
16	19522151	19522276	8203
16	19528302	19528543	31866
16	19532974	19533335	8144
16	19537130	19537230	6244
16	19539152	19539391	26857
16	19543680	19543921	33942
16	19547244	19548925	96354
16	19551922	19552163	9977
16	19553146	19553417	11375
16	19553891	19554132	18519
16	19554136	19554377	17704
16	19556078	19556230	5236
16	19556352	19556593	17402
16	19557114	19557235	2009
16	19557703	19557854	12404
16	19559245	19559396	6857
16	19559818	19559939	4370
16	19562494	19562615	5434
16	19566785	19567119	14898
16	19576161	19576282	6192
16	19580678	19580949	23956
16	19584380	19584621	17162
16	19586370	19586491	7006
16	19590350	19590471	11316
16	19592759	19593030	18359
16	19603092	19603213	7006
16	19612924	19613075	8728
16	19619486	19619607	8924
16	19620228	19620379	10256
16	19621629	19621750	7035
16	19627413	19627534	10614
16	19627947	19628262	57132
16	19637471	19637618	8134
16	19639006	19639137	12588
16	19639895	19640086	9304
16	19641054	19641175	11561
16	19644392	19644513	14430
16	19648896	19649018	6932
16	19651288	19651439	7088
16	19653696	19653817	3484
16	19656178	19656299	10083
16	19659093	19659214	35719
16	19661651	19661802	14991
16	19663233	19663474	34948
16	19680400	19680671	14478
16	19693478	19693749	23217
16	19702582	19702853	17587
16	19710775	19711016	10048
16	19711687	19711808	6425
16	19717664	19717765	8655
16	19718176	19718567	43059
16	19721808	19721929	9743
16	19722666	19722787	29930
16	19725398	19726382	103487
16	19729536	19729838	7743
16	19741692	19741843	10015
16	19744933	19745204	27212
16	19746662	19746783	6203
16	19775141	19775262	5495
16	19775334	19775455	5173
16	19800110	19800261	5083
16	19838312	19838469	8106
16	19867778	19867899	18018
16	19868666	19868864	10243
16	19870501	19870602	7879
16	19871151	19871251	7011
16	19871617	19871717	8215
16	19871754	19871903	12777
16	19873075	19873346	22347
16	19883081	19884192	156748
16	20043042	20044003	130412
16	20084753	20084994	20254
16	20322512	20322633	15360
16	20325939	20326060	9480
16	20327228	20327379	11867
16	20328525	20328737	8831
16	20329448	20329809	57626
16	20330894	20331135	67620
16	20331568	20331809	17795
16	20334154	20334311	13393
16	20334656	20334757	7886
16	20335116	20335597	29944
16	20337645	20337766	4846
16	20344538	20344726	10319
16	20346742	20346893	8716
16	20347917	20348068	22044
16	20348572	20348804	12987
16	20352403	20352715	30662
16	20355298	20355539	15430
16	20357400	20357671	11832
16	20359535	20359662	10565
16	20359724	20360565	53901
16	20361080	20361201	13513
16	20361959	20362080	21593
16	20370553	20370904	45111
16	20371843	20371994	12132
16	20373693	20373934	26145
16	20376680	20376921	27805
16	20380761	20381032	27365
16	20384065	20384306	24000
16	20384324	20384454	19479
16	20386094	20386332	15093
16	20387335	20387576	25955
16	20395918	20396189	39026
16	20410370	20410641	29876
16	20422787	20423028	41332
16	20429334	20429605	18833
16	20430532	20430773	12008
16	20432530	20432733	13294
16	20435193	20435434	31125
16	20439088	20439209	10461
16	20440940	20441181	42611
16	20442263	20442414	26574
16	20442531	20442653	15463
16	20448316	20448557	45538
16	20448578	20448699	17847
16	20451060	20451297	35246
16	20451646	20451767	14878
16	20455897	20456018	61716
16	20456029	20456150	53375
16	20471403	20471645	40434
16	20476822	20477064	52468
16	20480816	20481054	28672
16	20482345	20482586	20426
16	20482813	20483054	53262
16	20486662	20486783	15452
16	20486912	20487183	19693
16	20488669	20488791	18477
16	20489887	20490009	13202
16	20491837	20492078	36262
16	20492132	20492253	18997
16	20494318	20494559	61824
16	20497856	20498010	25947
16	20548540	20548722	41200
16	20551914	20552155	56809
16	20554217	20554345	22397
16	20554399	20554640	55224
16	20556468	20556590	16865
16	20557694	20557816	11459
16	20559294	20559565	22072
16	20559694	20559815	15152
16	20563421	20563662	49267
16	20565049	20565290	23172
16	20566576	20566814	28446
16	20570542	20570783	32093
16	20575957	20576199	36985
16	20594382	20594503	54979
16	20594512	20594633	60794
16	20598760	20598882	13842
16	20599231	20599468	25668
16	20601832	20601953	13460
16	20603645	20603746	14466
16	20603887	20604008	21183
16	20605122	20605333	31659
16	20634789	20634910	15964
16	20635335	20635597	67440
16	20636703	20636854	15162
16	20638453	20638694	23039
16	20647997	20648238	12719
16	20648455	20648576	8463
16	20648671	20648792	17637
16	20651773	20651964	24905
16	20673094	20673215	4790
16	20681107	20681348	22545
16	20682801	20683042	28320
16	20693560	20693801	18018
16	20696498	20696739	42273
16	20702293	20702534	34088
16	20745579	20745680	6386
16	20748179	20748644	81537
16	20748972	20749363	26487
16	20750184	20750425	24731
16	20752821	20753071	8603
16	20781344	20781585	14314
16	20787114	20787385	24741
16	20788677	20788918	5812
16	20791950	20792191	22138
16	20792252	20792493	31581
16	20793008	20793129	9870
16	20796246	20796487	18974
16	20797378	20797574	18824
16	20800778	20800899	18851
16	20801898	20802020	10200
16	20802121	20802272	6108
16	20803266	20803507	32123
16	20803516	20803667	19135
16	20807630	20807871	13775
16	20808189	20808405	18598
16	20808996	20810437	141312
16	20810567	20810688	6706
16	20811258	20811379	6166
16	20811612	20811734	12824
16	20812481	20812722	7717
16	20814060	20814274	13516
16	20814735	20814856	11332
16	20814897	20815018	6260
16	20817679	20817800	19290
16	20818223	20818464	16596
16	20824502	20824634	21870
16	20826190	20826431	43826
16	20827394	20827545	5670
16	20833032	20833372	33638
16	20835706	20835947	31871
16	20837091	20837332	19740
16	20838327	20838568	17332
16	20838660	20838781	11480
16	20839746	20839869	11219
16	20843438	20843591	5372
16	20844233	20844504	27281
16	20851037	20851191	34716
16	20851600	20851841	12554
16	20855240	20855361	8577
16	20855937	20856178	13935
16	20856318	20856589	9352
16	20857450	20857721	36445
16	20860700	20860821	3795
16	20866209	20866310	11481
16	20869376	20869539	20941
16	20869554	20869655	10837
16	20869888	20870034	9336
16	20870036	20870137	7836
16	20870322	20870434	5281
16	20870447	20870548	4206
16	20870568	20870792	9058
16	20870863	20870964	6728
16	20870991	20871134	9221
16	20871148	20871744	31833
16	20873403	20873884	62904
16	20911527	20911747	1625
16	20926835	20927076	10592
16	20931428	20931549	9073
16	20935267	20935521	15609
16	20944441	20944839	43239
16	20946587	20946858	17768
16	20947951	20948192	18476
16	20952642	20952913	19015
16	20955750	20956021	23918
16	20959760	20960001	12576
16	20963661	20963932	31146
16	20966045	20966429	19133
16	20970491	20970736	25918
16	20974595	20976757	199856
16	20981091	20981332	36743
16	20986524	20986765	38735
16	20990638	20990879	15689
16	20994018	20994259	10558
16	20996326	20997077	64876
16	20998577	20998818	27666
16	20998971	20999445	30309
16	21008573	21008814	13328
16	21011511	21011872	52058
16	21014416	21014539	6748
16	21030887	21031248	55500
16	21033237	21033477	11007
16	21035908	21036033	11139
16	21038337	21038459	5530
16	21042306	21042667	23512
16	21045286	21045417	9045
16	21047981	21048222	25628
16	21049071	21049312	30120
16	21051128	21051279	10033
16	21053285	21053556	25329
16	21060880	21061013	8914
16	21061193	21061349	9958
16	21062938	21063209	22150
16	21065676	21065917	11757
16	21069370	21069527	19973
16	21071569	21071690	5326
16	21073782	21074023	13700
16	21078520	21078791	20891
16	21080704	21080945	17173
16	21081967	21082193	20014
16	21086703	21086944	18570
16	21092911	21093062	13726
16	21098154	21098395	40124
16	21108626	21108867	28540
16	21109892	21110133	18211
16	21115715	21115956	27196
16	21117781	21118019	31811
16	21122914	21123155	25481
16	21123304	21123429	9015
16	21128470	21128711	11466
16	21131996	21132237	31618
16	21133234	21133475	17089
16	21136442	21136713	17765
16	21138919	21139190	21751
16	21145526	21145797	20883
16	21147618	21147859	30565
16	21151822	21152063	52747
16	21152595	21152716	13222
16	21156463	21156737	54856
16	21157295	21157419	6603
16	21161570	21161691	5925
16	21170552	21170823	21398
16	21172460	21172611	8335
16	21181720	21181961	79748
16	21185278	21185495	26439
16	21190745	21190896	17490
16	21208720	21208991	10722
16	21209067	21209188	13891
16	21210080	21210201	13885
16	21210847	21211251	42940
16	21212663	21212904	18070
16	21212967	21213208	11729
16	21213237	21213358	14243
16	21213397	21213638	16609
16	21214387	21214628	4461
16	21215320	21215561	34891
16	21215585	21215736	14219
16	21216701	21216942	49226
16	21217012	21217133	9730
16	21218083	21218354	21774
16	21220937	21221058	20137
16	21221410	21221531	14656
16	21222580	21222731	6460
16	21222746	21222985	11105
16	21235683	21235952	16371
16	21244989	21245260	21782
16	21260995	21262196	97762
16	21270072	21270193	6948
16	21272525	21272676	24638
16	21273267	21273538	9812
16	21278845	21279086	33229
16	21281070	21281222	4495
16	21286822	21286943	7823
16	21288677	21288948	33953
16	21289393	21289610	26335
16	21327200	21327351	17663
16	21328136	21328497	28188
16	21328908	21329008	3789
16	21349776	21349893	12462
16	21350241	21350359	8614
16	21358422	21358663	32997
16	21360654	21360775	33077
16	21363379	21363538	24195
16	21365503	21365604	7949
16	21387907	21388059	18343
16	21388062	21388186	15452
16	21391450	21391574	17325
16	21393392	21393753	95605
16	21396868	21397272	27382
16	21413595	21416683	552153
16	21417827	21418069	188559
16	21419128	21419369	89908
16	21422205	21422472	195516
16	21422551	21422672	93375
16	21426220	21426462	98293
16	21436238	21436479	130885
16	21458335	21458577	82719
16	21459207	21459451	131662
16	21459734	21459976	213873
16	21460839	21461084	178144
16	21463882	21464123	104203
16	21464202	21464444	88610
16	21465363	21465605	122613
16	21466603	21466866	119898
16	21466973	21467215	165992
16	21467559	21467800	109940
16	21468280	21468524	154808
16	21469021	21469262	62865
16	21469265	21469386	39066
16	21469780	21469993	73566
16	21471057	21471298	115503
16	21471355	21471596	120290
16	21475017	21475378	179134
16	21475966	21476157	139476
16	21478343	21478705	169506
16	21481019	21481273	163280
16	21482962	21483083	107016
16	21483968	21484089	63564
16	21484353	21484627	120164
16	21487905	21488146	141003
16	21489378	21489499	21496
16	21490705	21490948	91604
16	21494909	21495150	182449
16	21495652	21495894	85383
16	21498867	21498968	13591
16	21513207	21513307	5023
16	21517363	21517463	11305
16	21531020	21531686	207977
16	21544216	21544457	84817
16	21547975	21548216	67143
16	21548270	21548391	29481
16	21558695	21558816	8775
16	21559137	21559340	30021
16	21561513	21561844	185235
16	21610925	21611229	654
16	21623956	21624180	21529
16	21629169	21629410	23919
16	21636192	21636463	24431
16	21637078	21637178	10505
16	21652823	21652944	7609
16	21654373	21654494	7094
16	21654832	21654953	7130
16	21655572	21655727	4851
16	21658392	21658873	53672
16	21663824	21663975	13614
16	21666528	21666770	18177
16	21666865	21666966	5415
16	21667021	21667121	3865
16	21689819	21689940	14318
16	21690188	21690431	30423
16	21690457	21690578	8617
16	21693041	21693162	9583
16	21695726	21695909	23618
16	21696465	21696736	23320
16	21698724	21698979	31928
16	21702895	21703018	6857
16	21709086	21709208	6757
16	21712127	21712400	13517
16	21716266	21716404	14662
16	21716457	21716671	25338
16	21721165	21721436	32560
16	21726238	21726509	27216
16	21728146	21728417	21329
16	21730391	21730542	11800
16	21730678	21730886	34606
16	21734201	21734322	16466
16	21737790	21738031	14182
16	21739535	21739776	34024
16	21742143	21742264	15641
16	21747525	21747766	37838
16	21752014	21752255	69697
16	21756158	21756375	75810
16	21758599	21758720	28983
16	21763205	21763436	94473
16	21763636	21763877	181652
16	21764335	21764456	19308
16	21768379	21768620	12181
16	21771764	21771885	30243
16	21806624	21806725	19256
16	21809041	21809244	19003
16	21810941	21811183	45379
16	21811971	21812212	23357
16	21813896	21814062	25813
16	21817439	21817560	19539
16	21820940	21821061	12841
16	21822066	21822187	9371
16	21823069	21823195	3829
16	21823575	21823791	42709
16	21823826	21823947	24754
16	21828749	21828871	28626
16	21829908	21830089	39195
16	21831579	21831794	33647
16	21846029	21849134	616340
16	21850278	21850520	178892
16	21851579	21851820	85422
16	21854657	21854924	171972
16	21855003	21855124	71195
16	21858676	21858918	148853
16	21868518	21868759	122914
16	21890616	21890837	121141
16	21891467	21891711	145712
16	21891994	21892236	213435
16	21893096	21893337	64424
16	21896124	21896365	94197
16	21896444	21896686	61874
16	21897606	21897848	98513
16	21898844	21899107	126150
16	21899214	21899456	177319
16	21899800	21900041	115197
16	21900521	21900765	158553
16	21901262	21901503	73276
16	21901506	21901627	40222
16	21902021	21902236	59347
16	21902869	21903110	85280
16	21903167	21903408	85631
16	21906791	21907177	136842
16	21907765	21907956	138184
16	21910138	21910500	145228
16	21912814	21913068	222608
16	21914757	21914878	54475
16	21915763	21915884	63781
16	21916148	21916422	122853
16	21919698	21919939	142016
16	21921171	21921292	33924
16	21922498	21922741	133838
16	21926398	21926639	175331
16	21927141	21927383	76846
16	21927754	21927855	20372
16	21943995	21944116	27293
16	21964699	21964820	6255
16	21968536	21968657	7762
16	21968691	21968932	17972
16	21969796	21969947	15801
16	21973747	21973868	24784
16	21974022	21974263	22865
16	21976716	21976837	7107
16	21979916	21980037	13948
16	21982832	21982953	17748
16	21983222	21983463	16866
16	21985165	21985316	19675
16	21987464	21987585	5093
16	21991793	21992064	24492
16	21994308	21994523	8345
16	21995513	21996024	75520
16	21999896	22000137	19758
16	22002459	22002560	2794
16	22006520	22006621	3306
16	22007642	22007822	34815
16	22012302	22012403	19047
16	22019622	22019728	7410
16	22075679	22075800	5008
16	22086792	22087033	9254
16	22092016	22092201	6851
16	22094948	22095189	24307
16	22103904	22104025	4997
16	22108161	22108282	13965
16	22108833	22109074	17233
16	22111455	22111871	35541
16	22114761	22114882	9394
16	22120790	22120959	18948
16	22122140	22122381	16526
16	22126609	22126850	11128
16	22128012	22128253	26146
16	22128403	22128524	16723
16	22130164	22130405	26819
16	22130441	22130562	8229
16	22132235	22132476	11725
16	22132775	22133006	22331
16	22134384	22134505	8976
16	22134775	22134876	13285
16	22134919	22135040	19990
16	22137437	22137678	25900
16	22142501	22142622	14654
16	22142856	22143097	21373
16	22144197	22144438	35447
16	22145662	22145783	6079
16	22149635	22149876	27081
16	22151458	22151579	3190
16	22152836	22153077	19434
16	22153976	22154097	7296
16	22155515	22155756	14736
16	22157489	22157730	10578
16	22158866	22158987	3174
16	22159433	22159674	26255
16	22161058	22161301	29933
16	22161970	22162211	39371
16	22163772	22164013	14098
16	22166875	22166996	6578
16	22167136	22167257	3965
16	22176934	22177792	88931
16	22178211	22178332	8286
16	22180733	22180854	6343
16	22182128	22182332	21658
16	22183553	22183674	11002
16	22189430	22189551	5137
16	22192796	22193028	36477
16	22193504	22193625	12095
16	22195472	22195593	14652
16	22198017	22198138	8031
16	22201441	22201714	20926
16	22236992	22237353	20011
16	22255909	22256061	8673
16	22260014	22260165	13416
16	22261902	22262053	13938
16	22262406	22262677	14669
16	22268022	22268263	16751
16	22268518	22268759	14396
16	22268906	22269147	10080
16	22269794	22270035	14127
16	22271725	22271876	14973
16	22274378	22274529	14375
16	22276108	22276229	9855
16	22277626	22277897	22928
16	22277951	22278222	27340
16	22284857	22285128	27840
16	22291486	22291727	16399
16	22295198	22295381	13991
16	22296333	22296433	4755
16	22296955	22297055	2077
16	22314216	22314367	16545
16	22316410	22316561	16966
16	22319446	22319567	14833
16	22320182	22320423	22900
16	22320698	22320849	9643
16	22324903	22325058	18177
16	22325333	22325484	28133
16	22326348	22326589	21015
16	22327873	22328024	12786
16	22328246	22328541	49252
16	22330085	22330283	18780
16	22334120	22334271	17928
16	22335613	22336022	39316
16	22336465	22336616	9469
16	22337039	22337698	102916
16	22339808	22339929	4641
16	22343322	22343563	49770
16	22344931	22345052	13078
16	22345145	22345245	10691
16	22357215	22357316	4050
16	22357331	22357432	2771
16	22357670	22357771	7479
16	22358233	22359194	93905
16	22360530	22360801	22436
16	22360974	22361215	24892
16	22376213	22376345	9678
16	22385540	22385667	9318
16	22391084	22391205	10903
16	22393756	22393906	7600
16	22436280	22436380	9406
16	22441079	22441313	40537
16	22444017	22444225	18310
16	22445918	22446159	41712
16	22446946	22447188	22786
16	22448296	22448813	16417
16	22465983	22466225	67564
16	22466727	22466968	172903
16	22470625	22470868	140069
16	22472074	22472195	59735
16	22473427	22473668	136306
16	22476955	22477229	112250
16	22477493	22477614	59426
16	22478499	22478620	52955
16	22480309	22480563	56500
16	22482879	22483241	184033
16	22485425	22485616	150419
16	22486204	22486584	161040
16	22489955	22490196	127001
16	22490253	22490494	110012
16	22491550	22491763	90588
16	22492157	22492278	72875
16	22492281	22492522	145521
16	22493019	22493263	155306
16	22493743	22493984	116188
16	22494328	22494570	166911
16	22494677	22494940	126049
16	22495938	22496180	123381
16	22497100	22497342	94799
16	22497421	22497662	109137
16	22500460	22500705	170562
16	22501568	22501810	215664
16	22502093	22502337	133779
16	22502967	22503131	78433
16	22509030	22509130	16693
16	22525061	22525302	124699
16	22535083	22535325	98710
16	22536049	22536149	14283
16	22538875	22538996	88006
16	22539075	22539342	205653
16	22542190	22542431	80468
16	22543490	22543732	179851
16	22544876	22547716	723776
16	22558269	22558390	27506
16	22563648	22563881	59182
16	22568136	22568377	71943
16	22572281	22572498	72411
16	22574722	22574843	19980
16	22579333	22579564	84499
16	22579774	22580015	141251
16	22580473	22580594	24492
16	22584519	22584760	8696
16	22587906	22588027	23359
16	22825863	22826438	18613
16	22828412	22828513	2977
16	22926182	22926933	47998
16	22927499	22927679	23564
16	23072820	23072921	7569
16	23073287	23073388	11110
16	23073681	23073781	7129
16	23074185	23074285	5264
16	23074799	23074925	4443
16	23075415	23075516	6087
16	23076851	23076952	6035
16	23077624	23077724	4254
16	23078517	23078618	7288
16	23078751	23078904	9061
16	23079074	23079201	14366
16	23079248	23080991	154823
16	23083320	23083669	25913
16	23085000	23085344	15929
16	23091245	23091516	14130
16	23093697	23093938	15986
16	23096094	23096365	28000
16	23096883	23097004	6613
16	23098403	23098531	3459
16	23099035	23099166	3992
16	23101913	23102154	22315
16	23113590	23113831	17212
16	23116708	23116949	21249
16	23117488	23117639	15082
16	23117702	23117823	8083
16	23119284	23119555	16774
16	23159949	23160601	7464
16	23197539	23197930	18287
16	23200630	23201021	44280
16	23203646	23203887	17669
16	23205482	23205605	2989
16	23208545	23208786	17006
16	23221028	23221179	8312
16	23223292	23223533	15347
16	23223976	23224246	25738
16	23224392	23224513	11707
16	23226009	23226130	9724
16	23226358	23226839	48366
16	23315250	23315491	24642
16	23334836	23334937	8668
16	23359864	23360255	21995
16	23364047	23364438	26861
16	23366563	23366834	23442
16	23379167	23379290	20200
16	23382580	23382821	23406
16	23383059	23383214	16040
16	23386996	23387237	28340
16	23388432	23388583	15430
16	23388617	23388738	10387
16	23389996	23390117	11743
16	23391391	23391512	9793
16	23391660	23392201	32300
16	23400202	23400443	32537
16	23403651	23403892	28331
16	23404489	23404730	13271
16	23406850	23406951	7121
16	23407427	23407530	12478
16	23409347	23409468	5800
16	23410498	23410621	5274
16	23414507	23414607	3361
16	23414963	23415204	13467
16	23417368	23417609	21658
16	23421557	23421708	9011
16	23424705	23424946	22149
16	23428243	23428484	15300
16	23429137	23429237	2845
16	23429963	23430204	7879
16	23436047	23436288	8814
16	23444805	23445046	17864
16	23445936	23446057	10639
16	23453730	23454001	13831
16	23456305	23456546	19719
16	23457086	23457327	24681
16	23464109	23464350	26700
16	23476645	23476745	11372
16	23478193	23478293	14320
16	23478354	23478563	11090
16	23478767	23478868	7276
16	23478901	23479031	8755
16	23480197	23480327	3497
16	23481280	23481521	13256
16	23486152	23486423	14884
16	23489604	23489875	18337
16	23490156	23490277	5471
16	23490995	23491266	10097
16	23491877	23492148	16128
16	23494193	23494344	12181
16	23497266	23497524	26214
16	23497979	23498130	13356
16	23499887	23500040	21242
16	23502967	23503139	13121
16	23504668	23504789	7344
16	23505570	23505721	6474
16	23506995	23507116	8016
16	23521576	23521742	182
16	23535642	23535793	14515
16	23536447	23536752	28490
16	23540766	23541261	39708
16	23543940	23544096	5434
16	23546199	23546691	46629
16	23555808	23556049	9151
16	23563426	23563667	17422
16	23568382	23569126	17419
16	23569234	23569610	9019
16	23570771	23571012	10775
16	23573468	23573619	13723
16	23573936	23574061	8091
16	23578287	23578408	4895
16	23581764	23582003	25614
16	23582006	23582107	8573
16	23582272	23582438	16705
16	23582451	23582618	21806
16	23582893	23583081	9106
16	23583315	23583462	17862
16	23583951	23584051	5208
16	23584924	23585025	12706
16	23585475	23585673	22399
16	23592334	23592435	5203
16	23593589	23593710	5766
16	23596639	23596760	6276
16	23598427	23598698	20078
16	23607406	23607647	4876
16	23614733	23615004	11776
16	23619137	23619378	15525
16	23625307	23625428	10942
16	23632673	23632867	10070
16	23634249	23634490	22268
16	23635311	23635432	3145
16	23637516	23637757	17462
16	23640499	23640620	6955
16	23640924	23641800	89587
16	23646173	23647665	150540
16	23649160	23649283	16480
16	23649329	23649480	13633
16	23652393	23652514	14371
16	23652826	23652947	19604
16	23654248	23654369	6441
16	23669765	23670006	36512
16	23672481	23672612	19320
16	23676906	23677059	11597
16	23678355	23678476	6350
16	23680347	23680447	7266
16	23690132	23690697	36175
16	23691367	23691608	21499
16	23692155	23692426	17261
16	23693370	23693491	7994
16	23695149	23695420	22461
16	23698716	23698987	36525
16	23699966	23700087	16012
16	23700514	23700755	28662
16	23700784	23701025	17938
16	23701131	23701402	32383
16	23701435	23701556	12412
16	23702106	23702377	27273
16	23702392	23702804	52895
16	23703196	23703698	39857
16	23705997	23706268	31943
16	23706328	23706449	10130
16	23706464	23706735	15096
16	23707165	23707316	19486
16	23711791	23712062	38024
16	23712206	23712477	16588
16	23713382	23713904	24559
16	23713922	23714043	8331
16	23716124	23716515	49053
16	23717640	23717762	11916
16	23718037	23718192	9584
16	23718302	23718423	7150
16	23721467	23721588	11187
16	23721762	23721913	13985
16	23722224	23722349	12038
16	23724352	23724713	3078
16	23766342	23766463	1938
16	23766926	23767077	16589
16	23767116	23767267	15803
16	23767297	23767568	20868
16	23767678	23767799	10693
16	23768431	23768702	19277
16	23768786	23768937	21736
16	23847253	23847354	0
16	23847437	23847702	9158
16	23848620	23848771	13733
16	23857111	23857211	6068
16	23987948	23988049	27338
16	23999810	23999931	7661
16	24043447	24043578	5620
16	24046682	24046923	13490
16	24104068	24104309	25769
16	24105429	24105670	24005
16	24124244	24124400	7923
16	24135107	24135348	34679
16	24165970	24166211	17929
16	24183545	24183696	17425
16	24185778	24185929	17214
16	24192058	24192299	29832
16	24196410	24196531	19486
16	24196771	24196898	7621
16	24202359	24202600	21613
16	24225936	24226206	12813
16	24226217	24226318	4050
16	24226515	24226616	6613
16	24226861	24227108	12517
16	24231236	24231477	27123
16	24268059	24268300	27080
16	24358035	24358156	10429
16	24366072	24366343	12948
16	24372627	24373228	33128
16	24373678	24373779	14259
16	24550883	24550983	111
16	24551385	24551486	1151
16	24551909	24552150	20663
16	24557472	24557593	11942
16	24560222	24560361	6937
16	24564794	24564915	9818
16	24566888	24567039	19501
16	24567128	24567249	6080
16	24567577	24567818	10836
16	24569741	24569855	5820
16	24570790	24571031	36368
16	24572923	24573046	4989
16	24573102	24573493	19367
16	24574487	24574638	16646
16	24574696	24574847	10440
16	24574896	24575017	18124
16	24576090	24576211	5869
16	24578423	24578854	48332
16	24579072	24579224	8735
16	24580041	24583973	214426
16	24674112	24674720	31668
16	24675214	24675325	3170
16	24676158	24676346	12042
16	24682241	24682341	6508
16	24741089	24741224	0
16	24741547	24741714	9102
16	24761935	24762238	30329
16	24769609	24769730	10806
16	24788183	24788696	60167
16	24800524	24803165	170058
16	24804760	24805001	19550
16	24805831	24806072	21635
16	24807193	24807321	20903
16	24808789	24808910	11333
16	24809200	24809321	11065
16	24815447	24815688	9181
16	24815947	24816218	26125
16	24816282	24816523	16264
16	24816868	24817075	21336
16	24817504	24817625	8126
16	24817878	24818119	24143
16	24820615	24820856	14484
16	24826425	24826703	25177
16	24828085	24828326	17263
16	24829904	24830031	10526
16	24831449	24831691	19699
16	24833341	24833492	22316
16	24834143	24834384	18535
16	24834699	24835180	46678
16	24835219	24835387	10758
16	24835473	24835636	22294
16	24835772	24836004	23189
16	24836017	24836266	10333
16	24836361	24836594	17102
16	24836633	24836807	11641
16	24836892	24837108	13691
16	24837194	24837543	21487
16	24869880	24870151	31744
16	24873896	24874017	11904
16	24881212	24881336	11791
16	24883449	24883570	17553
16	24886908	24887062	11508
16	24888540	24888694	12168
16	24895320	24895471	6241
16	24902141	24902412	9829
16	24909227	24909482	14289
16	24917940	24918095	8161
16	24918299	24918540	18707
16	24919216	24919487	43383
16	24920158	24920429	42795
16	24921591	24921832	28815
16	24922600	24922871	13279
16	24922888	24922989	2231
16	24930731	24930832	6750
16	24930919	24931097	12568
16	24931162	24931263	14931
16	24931364	24931635	30880
16	24938978	24939079	9546
16	24940907	24941008	2246
16	24942023	24942735	83703
16	24946754	24947019	23929
16	24950675	24950980	20647
16	24953234	24953505	23337
16	24955076	24955197	6830
16	24958793	24958926	10148
16	24960703	24960824	4552
16	24963589	24963710	8160
16	24964216	24964373	9734
16	24965836	24966107	17079
16	24970971	24971092	8832
16	24971204	24971325	8841
16	24975508	24975639	15899
16	24979618	24979769	16689
16	24979946	24980103	6012
16	24981773	24981924	14262
16	24988526	24988650	3489
16	24990245	24990366	17890
16	25026460	25026606	294
16	25043163	25043559	70360
16	25066102	25066342	50171
16	25123024	25123385	99011
16	25137247	25137488	67783
16	25139780	25139903	12853
16	25143372	25143493	9187
16	25143662	25143903	41172
16	25151468	25151589	7301
16	25162844	25162967	8269
16	25172031	25172170	30797
16	25172353	25172593	11161
16	25175857	25176098	23928
16	25180362	25180603	28342
16	25182019	25182140	16101
16	25186245	25186366	6363
16	25189271	25189392	9687
16	25228311	25228822	47829
16	25232689	25232960	23192
16	25235668	25235909	10984
16	25238334	25238575	61248
16	25239727	25239848	3674
16	25248302	25248402	4605
16	25250386	25250487	5177
16	25251116	25252077	102863
16	25255050	25255648	61945
16	25257998	25258729	115861
16	25263141	25263412	20942
16	25264221	25264372	2655
16	25266498	25266739	12548
16	25267977	25268488	55955
16	25703729	25704504	10452
16	25712431	25712531	11240
16	25719796	25719896	11947
16	25944638	25944759	8697
16	26036544	26036645	1972
16	26145208	26145308	10168
16	26146889	26147610	38994
16	26658184	26658285	5684
16	27078093	27080487	149752
16	27215404	27215505	13492
16	27221362	27221993	66193
16	27222440	27222541	5406
16	27224837	27225108	33677
16	27226161	27226382	17408
16	27227196	27227347	18814
16	27230205	27230476	19351
16	27231668	27231819	14194
16	27231847	27232088	23152
16	27236456	27236577	10293
16	27236985	27237226	20456
16	27237947	27238218	31263
16	27244273	27244492	32690
16	27245486	27245607	7453
16	27246438	27246679	10502
16	27268702	27268943	19563
16	27279986	27280109	10840
16	27351498	27351619	17726
16	27352285	27352531	17407
16	27353359	27353630	31313
16	27356114	27356385	37455
16	27357712	27357983	29058
16	27363817	27364058	28372
16	27366297	27366397	6263
16	27367117	27367238	8776
16	27370184	27370335	15702
16	27371036	27371191	7388
16	27372020	27372171	20968
16	27373490	27375201	121383
16	27414466	27414567	4976
16	27441355	27441476	9107
16	27445627	27445780	7515
16	27448757	27449028	19322
16	27454238	27454479	21587
16	27455830	27456071	20229
16	27456486	27456607	16909
16	27457277	27457428	5336
16	27459808	27460649	91211
16	27472625	27472896	33000
16	27473589	27473830	16712
16	27474796	27474947	8652
16	27475631	27476198	75228
16	27476509	27476900	29525
16	27480560	27480921	49474
16	27481361	27481752	40651
16	27483003	27483274	32050
16	27487757	27487878	4156
16	27489759	27489880	9295
16	27492390	27492522	11228
16	27494344	27494465	11456
16	27495481	27495722	27076
16	27497275	27497516	23363
16	27499520	27499761	17435
16	27499824	27499975	12765
16	27500280	27500551	14546
16	27500872	27501113	17871
16	27503626	27503867	18481
16	27503894	27504045	12427
16	27504507	27504628	7478
16	27506035	27506276	10914
16	27506461	27506852	25711
16	27508928	27509169	26967
16	27509911	27510064	12201
16	27512467	27512708	10400
16	27514170	27514367	20646
16	27517207	27517448	24222
16	27518111	27518502	61963
16	27519797	27520038	26467
16	27523024	27523265	18687
16	27539859	27540100	9944
16	27544568	27544719	11848
16	27549055	27549296	25561
16	27549437	27549708	11886
16	27556618	27556859	21002
16	27560979	27561221	25085
16	27561409	27561554	16232
16	27585158	27585309	11720
16	27604152	27604252	574
16	27629722	27629843	9672
16	27639945	27640186	18814
16	27642373	27642494	8671
16	27643872	27643973	2188
16	27659869	27660110	21039
16	27665871	27666112	57740
16	27689002	27689363	17603
16	27692634	27692905	29309
16	27709583	27709854	11017
16	27710826	27710947	2691
16	27712900	27713026	4888
16	27715176	27715329	10014
16	27720012	27720253	11483
16	27732826	27733067	29208
16	27738418	27738613	15866
16	27751320	27752281	47469
16	27760814	27761685	37032
16	27763021	27763262	13722
16	27765441	27765592	21251
16	27772701	27772942	11194
16	27777591	27777832	18803
16	27781109	27781380	23389
16	27782879	27783000	14443
16	27784410	27784540	5997
16	27786214	27786455	19058
16	27788208	27788360	23255
16	27788921	27789130	13507
16	27789154	27789305	8081
16	27789831	27789982	14559
16	27802648	27802799	14191
16	27818780	27818901	1927
16	27835159	27835259	1354
16	27840042	27840313	20749
16	27856235	27856392	11889
16	27895787	27895960	12412
16	27917767	27917867	13886
16	27974439	27974560	9391
16	28073685	28073924	19877
16	28074387	28074775	400
16	28074806	28074907	0
16	28109320	28109421	4064
16	28109450	28109551	2473
16	28109818	28109970	11921
16	28112769	28113019	25870
16	28113125	28113276	14824
16	28115826	28116067	23240
16	28117298	28117569	12667
16	28117639	28117880	19494
16	28118769	28119040	17739
16	28123111	28123352	15920
16	28124176	28124417	19823
16	28128589	28128830	29950
16	28132945	28133096	10324
16	28136938	28137209	19700
16	28143628	28143749	3158
16	28145146	28145267	6428
16	28146527	28146655	11853
16	28157378	28157534	12449
16	28163891	28164162	14379
16	28167380	28167861	62943
16	28177806	28177927	9992
16	28180999	28181270	22564
16	28187196	28187437	15209
16	28188505	28188663	8853
16	28192245	28192366	3238
16	28222626	28222747	11815
16	28328674	28328948	30467
16	28330265	28330536	23113
16	28331360	28332264	3275
16	28332820	28332920	6951
16	28333866	28333967	6372
16	28334030	28334225	13300
16	28334516	28334818	17986
16	28334870	28334971	7853
16	28354167	28354578	108064
16	28355601	28355963	163512
16	28356697	28356818	17852
16	28357026	28357147	32455
16	28360105	28360372	162826
16	28360451	28360572	56592
16	28364158	28364280	77520
16	28364351	28364473	36703
16	28367828	28367949	22671
16	28373962	28374143	58787
16	28374360	28374481	57873
16	28377332	28377432	4246
16	28381495	28381690	7919
16	28381803	28381902	2467
16	28391098	28391220	19724
16	28391256	28391498	37644
16	28391595	28391716	20910
16	28391760	28391881	28538
16	28391911	28392152	64374
16	28394379	28394860	95589
16	28399369	28399613	68255
16	28399802	28400044	61268
16	28401597	28401718	31144
16	28401782	28402023	64706
16	28402110	28402351	81138
16	28403063	28403186	26806
16	28403259	28403503	29245
16	28411134	28411375	147334
16	28411688	28411817	50790
16	28411901	28412023	37018
16	28412121	28412362	78323
16	28412501	28412742	87608
16	28412831	28412952	40070
16	28414827	28414949	50813
16	28425014	28425456	104283
16	28426136	28426498	62579
16	28467735	28468416	153425
16	28469439	28469801	172378
16	28470864	28470985	34385
16	28473945	28474212	163361
16	28474291	28474412	58637
16	28477999	28478314	129875
16	28481665	28481786	27914
16	28488745	28489247	26603
16	28493411	28493532	9401
16	28493614	28493735	6948
16	28493740	28494029	15488
16	28495317	28495449	9426
16	28497618	28497994	25794
16	28498728	28498879	6363
16	28498961	28499082	4804
16	28499886	28500007	13032
16	28500597	28500718	24133
16	28502780	28503117	37353
16	28505969	28506090	4090
16	28506373	28509715	245421
16	28509730	28509851	10620
16	28510949	28511335	24535
16	28513224	28513495	28653
16	28514973	28515124	10819
16	28515133	28515404	15737
16	28518025	28518176	23876
16	28549283	28549554	19625
16	28550081	28550238	8599
16	28592366	28592487	6703
16	28596180	28596331	8153
16	28596943	28597064	12231
16	28600361	28600512	14838
16	28601360	28601809	74932
16	28601878	28602029	18659
16	28602053	28602294	17869
16	28602817	28603088	39270
16	28603339	28603471	20328
16	28603552	28603802	42023
16	28604558	28604679	27937
16	28604704	28604945	55163
16	28606678	28607053	46965
16	28607056	28607297	30238
16	28610399	28610500	22728
16	28612219	28612319	7084
16	28615541	28615662	28787
16	28617132	28617264	22796
16	28617345	28617586	43714
16	28618067	28618188	25876
16	28618213	28618454	67032
16	28619602	28619727	29026
16	28619736	28620432	160555
16	28620669	28620770	17436
16	28621251	28621447	30925
16	28623393	28623494	23371
16	28625213	28625313	6868
16	28625452	28625553	4373
16	28631357	28631478	13395
16	28634423	28634544	2143
16	28649680	28649862	83870
16	28655882	28656003	27786
16	28659363	28659485	23514
16	28659557	28659678	11621
16	28663266	28663387	59040
16	28663466	28663733	152261
16	28666709	28666830	32099
16	28667893	28668255	177145
16	28669278	28669961	136756
16	28711454	28711816	19015
16	28712500	28712942	72542
16	28722996	28723118	46247
16	28724993	28725114	37435
16	28725203	28725444	86178
16	28725583	28725824	82297
16	28725922	28726044	38086
16	28726130	28726259	50245
16	28726570	28726811	148579
16	28734443	28734684	21367
16	28734759	28734882	16631
16	28735592	28735833	81590
16	28735920	28736161	64520
16	28736225	28736346	33199
16	28737899	28738141	62146
16	28738332	28738576	67742
16	28743090	28743571	92354
16	28745799	28746040	60146
16	28746070	28746191	29461
16	28746235	28746356	22429
16	28746453	28746695	33184
16	28746731	28746853	21093
16	28763454	28763575	62736
16	28763792	28763973	73815
16	28769996	28770117	20708
16	28773479	28773794	153364
16	28777391	28777512	57215
16	28777591	28777858	122012
16	28780832	28780953	35248
16	28782018	28782380	164252
16	28783403	28784086	136242
16	28834548	28834909	737
16	28836613	28836764	11616
16	28836911	28837032	20287
16	28837065	28837186	13530
16	28837514	28837755	46268
16	28838123	28838364	11822
16	28840676	28840827	21441
16	28841127	28841398	20288
16	28841872	28842143	18699
16	28842246	28842403	9829
16	28843501	28843742	33740
16	28843761	28843912	11000
16	28844081	28844232	8772
16	28844316	28844854	35205
16	28845337	28845578	16455
16	28845608	28845759	13416
16	28845799	28846040	30345
16	28846322	28846779	71772
16	28846823	28847094	25750
16	28847238	28847855	47444
16	28848023	28848144	9892
16	28848202	28848499	24934
16	28854231	28854502	24913
16	28854995	28855466	81126
16	28855541	28855665	16066
16	28855684	28855925	17003
16	28855949	28856220	16117
16	28856262	28856386	11240
16	28856566	28856837	24158
16	28857178	28857449	39070
16	28857503	28857624	16020
16	28877324	28878401	81156
16	28878611	28878763	11129
16	28880281	28880432	13668
16	28880465	28880736	23266
16	28883081	28883322	20065
16	28883465	28883736	19818
16	28883785	28884146	21865
16	28884479	28884600	15319
16	28884685	28885194	49908
16	28889775	28890171	24539
16	28890337	28890488	7004
16	28890771	28890922	8194
16	28892226	28892350	31537
16	28893719	28893960	23299
16	28895844	28895995	15380
16	28898461	28898612	14195
16	28898713	28899074	33511
16	28900069	28900310	13602
16	28905428	28905579	8293
16	28905815	28905938	13696
16	28906057	28906328	23892
16	28909232	28909503	38149
16	28909511	28909782	37933
16	28911888	28912249	40349
16	28913172	28913414	35715
16	28913454	28913725	38017
16	28913852	28914003	6584
16	28914044	28914285	12688
16	28914288	28914529	24219
16	28914551	28914817	19730
16	28914961	28915091	9804
16	28915422	28915599	15680
16	28915689	28915810	11761
16	28916223	28916375	9271
16	28916654	28916895	14486
16	28916991	28917112	5737
16	28917132	28917253	5470
16	28917307	28917548	4676
16	28919856	28920127	37475
16	28922166	28922317	24160
16	28922361	28922512	13359
16	28925520	28925917	16008
16	28925956	28926113	9679
16	28931034	28931274	16637
16	28935708	28935949	13809
16	28936310	28936504	585
16	28943304	28943455	10291
16	28943618	28943979	15069
16	28944212	28944453	17736
16	28944481	28944872	20247
16	28946755	28946885	23228
16	28947436	28947557	7855
16	28947785	28947936	11353
16	28948334	28948467	9480
16	28948582	28948733	5488
16	28948748	28948869	5477
16	28948911	28949032	5023
16	28949056	28949177	4876
16	28949951	28950102	9722
16	28950177	28950298	9049
16	28962284	28962765	3039
16	28963397	28963548	11838
16	28965793	28966064	11481
16	28967247	28967398	16145
16	28967443	28967684	17248
16	28969988	28970229	19028
16	28970302	28970431	6348
16	28974983	28975224	33483
16	28986092	28986192	2809
16	28986421	28986772	37810
16	28986784	28986905	17352
16	28989175	28989416	34016
16	28990400	28990671	41212
16	28990697	28990822	15011
16	28992712	28992983	17463
16	28993178	28993419	38373
16	28993620	28993886	28827
16	28994119	28994270	29140
16	28994500	28994621	11143
16	28995071	28995312	17410
16	28995481	28996335	37891
16	28996646	28996887	21808
16	28996956	28997251	20127
16	28997405	28997556	9188
16	28997643	28997794	9336
16	28997796	28998067	30746
16	28998075	28998226	15774
16	29000787	29000938	15696
16	29001036	29001187	12285
16	29001202	29001353	6664
16	29049947	29050068	30662
16	29053430	29053552	39877
16	29053623	29053745	76425
16	29057319	29057440	46511
16	29057519	29057786	147729
16	29060744	29060865	39268
16	29061932	29062295	146859
16	29063322	29063796	115580
16	29086263	29086504	29691
16	29087117	29087238	5817
16	29087246	29087445	3610
16	29087967	29088149	26982
16	29089188	29089310	12961
16	29095747	29095868	26499
16	29095903	29096089	43965
16	29096499	29096620	17910
16	29097505	29097624	5474
16	29098628	29098749	11226
16	29102049	29102170	17528
16	29105544	29105710	29269
16	29107395	29107637	22518
16	29108423	29108665	42447
16	29110355	29110562	17021
16	29113262	29113497	38892
16	29115378	29115499	34114
16	29124319	29124476	26852
16	29127426	29127651	26918
16	29141170	29141411	36936
16	29321537	29321637	7272
16	29323670	29323970	18264
16	29332181	29332452	24142
16	29337614	29337855	30835
16	29339848	29339969	33029
16	29342554	29342678	15735
16	29367046	29367322	42224
16	29370559	29370694	18024
16	29372512	29372873	101146
16	29375995	29376399	31871
16	29392782	29392973	95539
16	29393600	29394317	85421
16	29395316	29395679	32039
16	29396823	29397065	184836
16	29398124	29398365	89410
16	29401238	29401479	149958
16	29401558	29401679	80943
16	29405211	29405328	36199
16	29405331	29405453	40618
16	29414942	29415183	110274
16	29415340	29415461	62959
16	29431073	29431173	12703
16	29437178	29437299	37972
16	29437927	29438171	81864
16	29438454	29438697	137775
16	29439552	29439798	100565
16	29442579	29442820	64977
16	29442899	29443092	79897
16	29445538	29445780	95375
16	29446773	29447036	99531
16	29447143	29447385	171692
16	29447729	29447970	76620
16	29448451	29448693	175261
16	29449192	29449433	102930
16	29449436	29449557	51380
16	29450000	29450152	50762
16	29450784	29451028	75927
16	29451078	29451321	92551
16	29453546	29453647	8645
16	29453843	29453943	6052
16	29454693	29455073	175389
16	29455648	29455839	149599
16	29458053	29458415	114866
16	29460832	29460953	29559
16	29464852	29465063	53801
16	29465324	29465445	32482
16	29465460	29465821	57282
16	29466036	29466277	38033
16	29466683	29466804	6181
16	29466854	29467216	5142
16	29468895	29469136	43949
16	29469231	29469352	47165
16	29469369	29469490	60368
16	29470198	29470464	91893
16	29472659	29473141	102797
16	29473153	29473281	29987
16	29474607	29474848	86309
16	29474873	29474994	37497
16	29475449	29475691	50988
16	29475774	29475906	24687
16	29476541	29476658	44043
16	29476698	29477062	102645
16	29477896	29478142	22364
16	29478225	29478559	30329
16	29486350	29486450	33140
16	29486487	29486706	56780
16	29495000	29497223	586208
16	29498367	29498609	158329
16	29499662	29499903	92878
16	29502738	29503005	195307
16	29503084	29503205	88595
16	29506742	29506984	100704
16	29516732	29516974	174591
16	29517131	29517252	83973
16	29538855	29539067	93984
16	29539688	29539788	53962
16	29539803	29539940	91663
16	29540223	29540465	217323
16	29541321	29541566	134439
16	29544345	29544585	128811
16	29544665	29544858	85361
16	29547304	29547546	114964
16	29548539	29548763	97592
16	29548908	29549150	175785
16	29549494	29549735	138479
16	29550216	29550460	117497
16	29550957	29551129	61941
16	29551201	29551322	33790
16	29551765	29551917	37479
16	29552549	29552793	75449
16	29552843	29553086	104500
16	29556455	29556835	152900
16	29557416	29557607	108925
16	29559789	29560151	193037
16	29562509	29562715	102296
16	29564394	29564515	40792
16	29565711	29565832	46780
16	29566096	29566370	82128
16	29569971	29570212	110172
16	29571444	29571568	27239
16	29572778	29573020	94183
16	29576628	29576869	115158
16	29577366	29577608	62663
16	29580570	29580670	11331
16	29606186	29606387	8114
16	29610493	29610593	6755
16	29624391	29624961	137050
16	29630026	29630297	58013
16	29633995	29634236	38919
16	29634290	29634411	14177
16	29644637	29644758	5115
16	29645117	29645285	11939
16	29647468	29647787	131948
16	29674959	29681824	290542
16	29690423	29690584	9030
16	29705921	29706552	42250
16	29708261	29708745	93428
16	29755573	29756294	21799
16	29790553	29790674	13074
16	29790770	29790977	23703
16	29791401	29791762	58151
16	29802054	29802175	2939
16	29808190	29808431	10729
16	29809667	29810110	30205
16	29810279	29810520	21862
16	29810575	29810825	20330
16	29810894	29811112	9610
16	29811180	29811421	10780
16	29814052	29814293	46551
16	29814728	29814969	7036
16	29815291	29815449	6293
16	29816119	29816360	10238
16	29816404	29816525	9312
16	29816546	29816667	10449
16	29817433	29817533	90
16	29817799	29817993	0
16	29817997	29819351	46684
16	29819521	29819642	11880
16	29819855	29820096	19034
16	29820810	29821092	3801
16	29821267	29821710	34396
16	29821734	29821885	18489
16	29821920	29822051	12025
16	29824303	29825294	60295
16	29825568	29826143	54421
16	29826560	29826675	19932
16	29826843	29827018	8987
16	29827786	29828387	26046
16	29828480	29828631	10701
16	29830824	29831095	32510
16	29841811	29842052	22609
16	29842175	29842416	21927
16	29844994	29845441	56873
16	29846980	29847131	17007
16	29847949	29848340	60691
16	29851428	29851819	20728
16	29852857	29853447	60759
16	29855765	29856246	57014
16	29857120	29857361	26359
16	29857420	29857661	18375
16	29858460	29858731	17088
16	29859045	29859320	24909
16	29870340	29870441	11043
16	29870461	29870702	26162
16	29870742	29870863	5170
16	29871863	29871993	9319
16	29872352	29872830	40896
16	29873852	29874216	22015
16	29874267	29874388	770
16	29875609	29875730	10683
16	29876001	29876242	12626
16	29876429	29876550	13769
16	29876682	29876783	8181
16	29882796	29882896	9655
16	29882973	29883094	7541
16	29883464	29883615	6651
16	29883637	29883908	16539
16	29883983	29884104	1929
16	29884505	29884776	37705
16	29884803	29885074	21143
16	29888052	29888293	7171
16	29888568	29888809	20853
16	29889555	29889796	15971
16	29891133	29891404	16063
16	29896837	29897108	14612
16	29898902	29899173	31100
16	29899802	29900073	31797
16	29906529	29906800	42078
16	29906960	29907231	26299
16	29908111	29908472	6016
16	29909088	29909359	19645
16	29910209	29910360	12475
16	29912283	29913251	94661
16	29916163	29916296	15384
16	29917072	29917228	15996
16	29917952	29918053	8924
16	29918129	29918490	24366
16	29922275	29922516	19799
16	29923070	29923221	13466
16	29923264	29923385	8456
16	29934444	29934715	24970
16	29937051	29937412	11338
16	29974395	29974920	39367
16	29979309	29979585	18695
16	29982676	29982917	26338
16	29985698	29985798	10436
16	29985800	29985998	11631
16	29989008	29989279	22554
16	29989354	29989505	15149
16	29989532	29989684	11225
16	29990051	29990202	25302
16	29990251	29990402	15654
16	29990506	29990639	25866
16	29990692	29990843	30240
16	29992845	29993088	25816
16	29993129	29993280	8862
16	29993987	29994258	18028
16	29994306	29994688	19787
16	29994783	29995024	26612
16	29996445	29996956	47693
16	29996959	29997200	19651
16	29997512	29999343	167483
16	29999648	29999801	12926
16	30000868	30001139	3684
16	30002074	30002928	32853
16	30002974	30003098	13072
16	30003157	30003258	7685
16	30003410	30003511	1174
16	30004488	30004729	23982
16	30004737	30004888	9345
16	30004923	30005164	7760
16	30005217	30006197	221619
16	30006379	30006953	79599
16	30007514	30007755	19547
16	30007841	30007962	11735
16	30008093	30008214	9839
16	30012026	30012177	11866
16	30012214	30012371	13227
16	30012480	30012601	13621
16	30012725	30012876	24944
16	30015872	30015973	17228
16	30016531	30016773	9619
16	30016831	30016953	8492
16	30017238	30017841	57873
16	30017896	30018017	24964
16	30018036	30018676	42625
16	30020307	30020436	37395
16	30020498	30020619	13423
16	30020777	30020898	5342
16	30021228	30021599	21421
16	30034639	30034760	9696
16	30034875	30035266	17899
16	30035272	30035423	15214
16	30035446	30035597	11116
16	30035793	30035893	12436
16	30036371	30036825	8919
16	30036923	30037154	20602
16	30037895	30038174	20365
16	30040703	30040854	4633
16	30041331	30041452	16262
16	30041664	30041905	31197
16	30046671	30046802	12664
16	30064767	30064867	7315
16	30066104	30066248	14340
16	30066492	30066648	12447
16	30075049	30075163	10181
16	30077172	30077272	14547
16	30078190	30078408	15188
16	30078499	30078740	22228
16	30078755	30078996	15700
16	30079932	30080053	16602
16	30080097	30080338	26950
16	30080607	30080728	11261
16	30080785	30081026	15255
16	30081129	30081613	45327
16	30081658	30081758	6018
16	30087635	30087807	8585
16	30092514	30092665	9819
16	30093768	30093889	10505
16	30094026	30094178	13575
16	30094650	30095158	42619
16	30095930	30096481	45507
16	30097501	30097772	13859
16	30097803	30098044	13954
16	30098060	30098185	10448
16	30099816	30100577	97547
16	30102069	30102323	11539
16	30102334	30102575	15192
16	30103676	30103777	4869
16	30103832	30103960	9853
16	30103984	30104135	30870
16	30106079	30106228	18520
16	30106354	30106505	17013
16	30106513	30106994	51087
16	30116140	30116381	20533
16	30119498	30119619	6407
16	30119632	30119783	7744
16	30122624	30122895	17205
16	30123436	30124166	33352
16	30124313	30124439	4925
16	30124578	30124849	36310
16	30125756	30125856	9345
16	30127898	30128360	32396
16	30128419	30128660	12638
16	30128926	30129167	18678
16	30129304	30129545	19949
16	30129613	30129884	27073
16	30133114	30133355	20358
16	30134304	30134540	683
16	30196508	30196749	22305
16	30197828	30198321	45883
16	30198330	30198571	24895
16	30198641	30199160	48212
16	30199184	30199601	36557
16	30199638	30199909	14340
16	30200171	30200295	33532
16	30204211	30204405	49649
16	30204666	30204787	33144
16	30204802	30205163	52120
16	30205378	30205619	40795
16	30206025	30206146	33238
16	30206196	30206558	9487
16	30208237	30208478	69658
16	30208573	30208694	79373
16	30208711	30208832	71713
16	30209685	30209806	50883
16	30212002	30212484	103788
16	30212496	30212624	28532
16	30213952	30214193	89736
16	30214218	30214339	37844
16	30214794	30215036	51540
16	30215119	30215251	24962
16	30215890	30216007	45883
16	30216047	30216411	90568
16	30217245	30217491	65120
16	30217574	30217908	30541
16	30225694	30225794	32909
16	30225831	30226050	54000
16	30234349	30237193	442593
16	30237897	30238018	2003
16	30238337	30238579	181298
16	30239632	30239873	84917
16	30242711	30242978	211874
16	30243057	30243178	83812
16	30246714	30246956	98799
16	30256713	30256954	125120
16	30257112	30257233	64361
16	30278889	30279052	78687
16	30279776	30279925	96126
16	30280208	30280450	219721
16	30281306	30281551	134565
16	30284329	30284569	123767
16	30284649	30284842	87254
16	30287289	30287531	117265
16	30288524	30288787	167685
16	30288894	30289136	179750
16	30289480	30289721	152292
16	30290202	30290446	176547
16	30290943	30291115	59954
16	30291187	30291308	41801
16	30291702	30291915	83668
16	30292547	30292785	131208
16	30292838	30293081	112311
16	30295315	30295416	13014
16	30295612	30295712	8414
16	30296462	30296842	182109
16	30297417	30297608	162747
16	30299812	30300174	177431
16	30302523	30302729	98431
16	30304407	30304528	49224
16	30305410	30305531	44463
16	30305795	30306069	86158
16	30309683	30309924	103513
16	30311156	30311280	35829
16	30312485	30312727	88599
16	30316332	30316573	125651
16	30317070	30317312	68973
16	30346205	30346541	8913
16	30346566	30346746	1295
16	30354459	30354678	19064
16	30362295	30362396	5567
16	30364269	30364426	10479
16	30364492	30364618	8405
16	30364633	30365144	51270
16	30365179	30365420	14082
16	30365452	30365693	14460
16	30365872	30366023	16198
16	30368385	30368582	8928
16	30368871	30370180	126873
16	30370466	30370707	14473
16	30370830	30370951	11905
16	30370984	30371225	16152
16	30376152	30376599	31794
16	30376804	30376925	15110
16	30380492	30381579	74365
16	30386118	30386239	5758
16	30387095	30387246	5576
16	30387412	30387563	5809
16	30387704	30387858	13214
16	30387918	30388039	7993
16	30388937	30389058	6755
16	30389107	30389231	9810
16	30389736	30389857	16448
16	30389884	30390035	12225
16	30390270	30390541	22121
16	30390714	30390865	22215
16	30391242	30391364	9093
16	30392385	30392846	36123
16	30393021	30393262	12446
16	30393395	30393516	7733
16	30393549	30393700	16377
16	30393785	30393906	12742
16	30406432	30406899	3427
16	30407093	30407214	2250
16	30408638	30410439	134626
16	30410539	30410640	7102
16	30419365	30419603	34512
16	30422937	30423070	14194
16	30428860	30429701	3080
16	30435492	30435883	34108
16	30440341	30440498	9752
16	30441159	30441311	23088
16	30455038	30455139	6592
16	30455245	30455424	11856
16	30455596	30457225	153743
16	30484127	30484248	8865
16	30485506	30485629	24530
16	30486582	30486733	5825
16	30486806	30486927	9051
16	30490349	30490792	57962
16	30492711	30492952	26835
16	30495092	30495333	13100
16	30495357	30495628	14395
16	30500348	30500760	67830
16	30505487	30505728	6908
16	30505977	30506222	37367
16	30507365	30507636	27825
16	30507700	30507941	29779
16	30510323	30510594	25624
16	30510613	30510830	11273
16	30515479	30515600	15327
16	30516531	30516652	8296
16	30516655	30516806	11171
16	30517955	30518226	15377
16	30521645	30521802	12394
16	30522150	30522301	9728
16	30522352	30522473	16924
16	30525038	30525189	15361
16	30527862	30528103	8331
16	30528259	30528417	9469
16	30528906	30529057	18665
16	30529075	30529226	7813
16	30529931	30530052	14389
16	30531141	30531298	9057
16	30532778	30532996	9710
16	30535793	30537384	223188
16	30537620	30537750	4809
16	30543819	30544485	90878
16	30545457	30546058	33712
16	30566491	30567452	74673
16	30569019	30569177	12956
16	30569284	30569525	13028
16	30581165	30581796	70558
16	30582296	30582454	11174
16	30582731	30582972	11391
16	30583267	30583639	46038
16	30586141	30586258	10681
16	30593841	30594802	170038
16	30596385	30596626	21481
16	30596668	30596942	11135
16	30615304	30616778	151910
16	30620836	30620969	12571
16	30621138	30621379	67642
16	30662203	30662444	19752
16	30662902	30663320	64500
16	30663951	30664449	78636
16	30664616	30664767	3277
16	30665514	30665670	21642
16	30665911	30666545	24366
16	30666615	30666766	7127
16	30666807	30666928	10193
16	30667133	30667284	14774
16	30667311	30667672	26212
16	30670811	30671366	1897
16	30671552	30671793	17979
16	30672457	30672699	31731
16	30673703	30673824	15066
16	30673848	30674209	25464
16	30675463	30675909	20628
16	30676019	30676437	35640
16	30676613	30676734	12419
16	30676931	30677052	9741
16	30677786	30677907	15727
16	30678214	30678335	6358
16	30678578	30678819	17844
16	30678841	30678962	12267
16	30679861	30679982	16497
16	30680075	30680316	7745
16	30680325	30681009	27949
16	30681258	30681650	18239
16	30681857	30682171	32703
16	30682239	30682380	13727
16	30683000	30683206	8049
16	30683759	30683880	2961
16	30684233	30684333	7811
16	30684984	30685103	11541
16	30685200	30685379	5518
16	30685562	30685697	6734
16	30686924	30687351	3840
16	30687659	30687808	15665
16	30688007	30688276	21637
16	30711936	30712232	17428
16	30715345	30715690	30258
16	30718475	30718716	27751
16	30718811	30719082	32424
16	30720793	30721066	31135
16	30721129	30721490	23585
16	30721770	30722041	25378
16	30722060	30722181	10715
16	30722261	30722419	16799
16	30722857	30723098	17712
16	30723105	30723496	43502
16	30723520	30723791	26158
16	30723946	30724187	27968
16	30724462	30724733	25431
16	30724814	30725055	24579
16	30727303	30727574	48260
16	30727585	30727826	25275
16	30731433	30731687	22421
16	30731955	30732346	29519
16	30732442	30732833	47051
16	30733403	30733644	36333
16	30733855	30734096	29294
16	30734235	30734596	33925
16	30734863	30736478	127757
16	30740208	30740599	43513
16	30740670	30740911	26812
16	30744564	30744805	13527
16	30744899	30745140	15945
16	30745150	30745391	15363
16	30745755	30745996	52511
16	30747496	30747737	21038
16	30747842	30747963	10744
16	30748310	30751064	361974
16	30751081	30751367	20412
16	30751385	30751485	3927
16	30753061	30753229	19372
16	30755102	30755264	9542
16	30760033	30760248	42473
16	30760305	30760527	12488
16	30762363	30762667	29683
16	30762835	30762956	27636
16	30764494	30764645	11019
16	30764675	30764916	12375
16	30767456	30767607	18612
16	30767643	30768528	84310
16	30768734	30769005	28427
16	30770316	30770437	19391
16	30770472	30771069	44262
16	30771410	30771510	8448
16	30771538	30771809	23632
16	30771896	30772017	20677
16	30772486	30772700	28158
16	30772865	30773069	35934
16	30773811	30774052	17530
16	30774401	30774642	24419
16	30774688	30774929	26579
16	30775451	30775722	36095
16	30776168	30776842	66404
16	30777392	30777909	19451
16	30778008	30778249	16402
16	30779154	30780353	80247
16	30780461	30780978	42187
16	30783072	30783343	19898
16	30783399	30783521	5884
16	30785225	30785548	15732
16	30786250	30786351	7903
16	30789739	30789884	9943
16	30791409	30791510	11343
16	30791768	30791884	15234
16	30792699	30792844	14706
16	30792957	30795626	277759
16	30795662	30795903	18129
16	30798297	30798538	9272
16	30832441	30832839	25195
16	30833265	30833386	20383
16	30841417	30841785	46400
16	30846247	30846488	25130
16	30846566	30846784	21131
16	30848894	30849405	20146
16	30863280	30863653	5768
16	30865551	30865769	10215
16	30865873	30866051	7503
16	30899097	30899368	21032
16	30900162	30900283	7293
16	30903836	30904107	19055
16	30904123	30904279	11883
16	30904322	30904443	14822
16	30904480	30904631	8341
16	30905146	30905310	20621
16	30907915	30908036	10864
16	30910643	30910914	13319
16	30913371	30913913	19
16	30933859	30934340	48435
16	30934351	30934567	43889
16	30936010	30936131	10211
16	30936966	30937309	12675
16	30938579	30938820	39727
16	30938875	30938996	22133
16	30939053	30939294	24108
16	30939747	30939988	14515
16	30941348	30941949	34497
16	30953397	30953638	33874
16	30953655	30953896	32093
16	30958038	30958279	22592
16	30958340	30958581	9627
16	30960601	30960848	3295
16	30964474	30965195	80449
16	30969163	30969349	1545
16	30970006	30970247	23911
16	30970368	30970519	14256
16	30972541	30972902	23942
16	30974693	30974934	29989
16	30975378	30975654	18914
16	30975847	30976818	122899
16	30976898	30977739	20846
16	30978171	30978412	27381
16	30978774	30978925	6580
16	30980553	30980824	27109
16	30980905	30981056	17357
16	30982649	30983068	32028
16	30990396	30991553	34356
16	30991740	30992011	15323
16	30992017	30992180	9906
16	30992290	30992561	27799
16	30994903	30995377	58064
16	30995442	30995543	4145
16	30995922	30996023	7230
16	30996941	30997182	33931
16	30997296	30997567	26975
16	30997734	30997862	12337
16	30997884	30998035	20613
16	30998090	30998361	20156
16	30999025	30999536	65338
16	31002461	31002875	31934
16	31003848	31003991	545
16	31004039	31004241	2650
16	31004402	31004571	11601
16	31004615	31004856	25436
16	31007949	31008100	11577
16	31008262	31008390	8753
16	31008799	31008920	30237
16	31012194	31012345	24554
16	31012403	31012524	11445
16	31012800	31012951	3513
16	31021605	31021752	2087
16	31044309	31044430	10013
16	31044655	31044896	25194
16	31045080	31045201	4175
16	31045293	31045445	13967
16	31045464	31045705	25581
16	31045745	31045870	9352
16	31046234	31046385	8596
16	31049237	31049365	14429
16	31049381	31049532	17389
16	31049748	31050019	19361
16	31050825	31050982	7449
16	31051022	31051143	10544
16	31051273	31051374	6184
16	31072303	31073654	218445
16	31075095	31075816	59834
16	31075865	31075966	10645
16	31087566	31094827	607496
16	31095059	31095180	26801
16	31095426	31095667	6337
16	31095830	31096611	71275
16	31097243	31097514	26101
16	31097613	31097854	19795
16	31097875	31098266	23666
16	31098787	31099196	35789
16	31100010	31100161	14196
16	31102437	31102678	5900
16	31104623	31104839	19378
16	31105507	31106083	33741
16	31106674	31107024	15551
16	31120520	31120761	11450
16	31120804	31120925	9839
16	31120957	31121114	6391
16	31121360	31121830	31585
16	31121954	31122105	11335
16	31122370	31122595	20001
16	31122604	31122725	15527
16	31123147	31123388	37349
16	31123392	31123633	28140
16	31128983	31129223	4814
16	31131482	31131603	16136
16	31131626	31131867	13849
16	31138321	31138711	40405
16	31139324	31139475	7936
16	31141286	31141527	14154
16	31141543	31141694	11323
16	31141730	31141971	21037
16	31142022	31142314	12263
16	31142486	31142607	11082
16	31142782	31142883	3656
16	31143311	31143672	19674
16	31143711	31143952	26742
16	31143957	31144318	31744
16	31144506	31144749	19143
16	31146422	31146642	13004
16	31146713	31146836	4362
16	31150386	31150777	34172
16	31151524	31152125	52667
16	31152709	31153342	85444
16	31153792	31154365	561
16	31154576	31154847	23065
16	31154852	31155213	34520
16	31157041	31157312	21033
16	31159674	31160035	10695
16	31160353	31160594	8966
16	31160710	31160861	10968
16	31160943	31161094	17012
16	31161246	31161397	7247
16	31177123	31177244	12337
16	31191480	31191601	18496
16	31193669	31194029	37169
16	31195129	31195370	22594
16	31195486	31195727	20940
16	31196167	31196548	99235
16	31198078	31198199	16283
16	31199611	31199751	1929
16	31200434	31200557	22979
16	31200929	31201170	20379
16	31201350	31201803	40497
16	31202021	31202173	11708
16	31202236	31202477	15436
16	31202648	31202858	17170
16	31212822	31213213	19901
16	31213434	31213555	3653
16	31213693	31214054	18916
16	31226013	31226494	3856
16	31228003	31228415	31199
16	31230402	31230523	7384
16	31230573	31230850	30301
16	31232166	31232287	9400
16	31234085	31234326	14843
16	31235492	31236097	7988
16	31271338	31271459	3989
16	31272955	31273185	25044
16	31276646	31276887	21012
16	31277105	31277226	14216
16	31277288	31277529	29924
16	31282218	31282459	14621
16	31283119	31283360	21342
16	31284641	31284882	45775
16	31286823	31287064	29492
16	31287967	31288088	8685
16	31288184	31288425	28955
16	31289237	31289478	9857
16	31308783	31309024	20534
16	31309049	31309290	23956
16	31332505	31332986	57426
16	31335710	31336157	26317
16	31336254	31336390	8585
16	31336533	31337001	61472
16	31338155	31338299	9077
16	31339448	31339569	15061
16	31340525	31340646	13651
16	31341051	31341292	11076
16	31341382	31341503	8149
16	31341564	31341995	39598
16	31342419	31342660	2710
16	31342793	31342914	1468
16	31342931	31343052	2540
16	31366532	31366653	7367
16	31367175	31367329	13839
16	31367936	31368059	13860
16	31368325	31368503	19484
16	31368538	31368695	12851
16	31370964	31371433	23192
16	31371556	31371827	17846
16	31372337	31372578	15445
16	31373102	31373253	24748
16	31373309	31373580	27346
16	31373881	31374122	18764
16	31374174	31374710	52376
16	31382348	31382856	48692
16	31382906	31383147	20514
16	31383613	31384014	40451
16	31384519	31384760	35099
16	31388082	31388420	16835
16	31388453	31388604	13222
16	31390866	31390987	6173
16	31391068	31391195	9087
16	31391253	31391404	9983
16	31391577	31391710	13500
16	31391833	31391955	11026
16	31392208	31392338	10699
16	31393084	31393238	22300
16	31393752	31393853	5907
16	31404605	31404756	12611
16	31405547	31405672	8661
16	31408670	31408793	8592
16	31408890	31409011	5532
16	31409074	31409292	17270
16	31413349	31413620	14330
16	31414742	31415013	18443
16	31418791	31419281	38356
16	31419691	31419842	7542
16	31421659	31421900	24883
16	31422006	31422247	11889
16	31422315	31422853	75785
16	31424102	31424608	65436
16	31425727	31425968	27985
16	31426095	31426366	24718
16	31427509	31427630	8785
16	31427775	31428016	12615
16	31429302	31429721	50976
16	31429782	31429903	9126
16	31434382	31434533	15301
16	31434663	31434790	21492
16	31434839	31434990	12138
16	31435156	31435289	13716
16	31435412	31435534	9605
16	31435751	31435908	17374
16	31437301	31437459	13705
16	31439075	31439196	15284
16	31439326	31439523	5135
16	31439548	31439669	9758
16	31447105	31448543	84740
16	31453956	31454249	1217
16	31470815	31471370	19641
16	31473205	31473360	18114
16	31473393	31474264	114093
16	31475697	31476538	36975
16	31477115	31477356	32716
16	31477383	31478224	80305
16	31483465	31483629	5315
16	31484698	31485346	45604
16	31485455	31485576	10095
16	31485661	31485786	11115
16	31485859	31486100	23240
16	31487268	31487539	26122
16	31487781	31487902	7196
16	31488135	31488376	18850
16	31488582	31488943	25335
16	31488951	31489052	1017
16	31494369	31494640	13075
16	31495938	31496089	18209
16	31496100	31496254	19174
16	31496980	31497251	34249
16	31497452	31497606	11198
16	31498589	31498740	16237
16	31498814	31499090	18996
16	31499305	31499546	11087
16	31499694	31499821	3095
16	31499896	31500137	11275
16	31500163	31500671	105738
16	31501366	31501607	22423
16	31501620	31501866	29192
16	31502113	31502264	12044
16	31503277	31503428	12630
16	31503438	31503709	12948
16	31504242	31504599	26392
16	31504755	31505135	38752
16	31505160	31505281	10400
16	31508159	31508281	8083
16	31510613	31510889	24028
16	31511938	31512089	9243
16	31519020	31519261	40175
16	31519363	31519724	10929
16	31539436	31539557	6741
16	31539769	31540022	14248
16	31579826	31579947	21048
16	31613012	31613853	84074
16	31613863	31613984	17318
16	31614011	31614132	14814
16	31614295	31614536	15980
16	31614670	31614791	9834
16	31621991	31622188	587
16	31714468	31714709	18122
16	31715504	31715745	30015
16	31716645	31716766	4367
16	31717009	31717110	9815
16	31718192	31718292	5152
16	31719289	31719509	36870
16	31724693	31724814	8698
16	31733888	31734129	21385
16	31734565	31734686	5227
16	31764935	31765643	64911
16	31765775	31767040	94876
16	31770637	31770737	7060
16	31885227	31885348	13035
16	31895738	31896001	21775
16	31896438	31896589	10702
16	31897379	31897479	8208
16	31925778	31927819	135080
16	31973370	31973515	26723
16	31975203	31975324	16795
16	31985119	31985260	28338
16	31985533	31985714	10953
16	31987178	31987299	17356
16	31987441	31987682	31656
16	31987797	31987918	26146
16	31993147	31993538	36767
16	31995023	31995144	26304
16	31995323	31995564	40202
16	31997601	31997831	29119
16	31998119	31998360	30008
16	32001680	32001801	16653
16	32005740	32005861	17175
16	32006102	32006223	29053
16	32007001	32007242	76376
16	32013395	32013516	28743
16	32013832	32013953	17094
16	32014052	32014173	16173
16	32014541	32014701	22649
16	32063118	32063218	28438
16	32063299	32063623	87277
16	32070534	32070698	27187
16	32076694	32076816	44126
16	32077055	32077335	42305
16	32077887	32078014	32466
16	32133652	32133752	11645
16	32163434	32163665	61844
16	32163746	32163966	44269
16	32164164	32164312	31144
16	32165135	32165346	75187
16	32168050	32168289	58268
16	32168951	32169144	93740
16	32170449	32170664	68142
16	32172175	32172536	15378
16	32176936	32177153	97768
16	32177855	32178051	50815
16	32178194	32178318	32591
16	32178389	32178520	31360
16	32178999	32179227	91395
16	32181857	32182053	70650
16	32182088	32182273	62034
16	32182380	32182513	34514
16	32182786	32182986	119688
16	32185658	32185854	45289
16	32186847	32186951	15359
16	32187335	32187507	60088
16	32190665	32190766	19248
16	32190810	32190911	17260
16	32191905	32192077	30048
16	32192575	32192685	41083
16	32198309	32198409	18672
16	32264614	32265095	109961
16	32265098	32265220	21332
16	32265688	32265810	34047
16	32266156	32266278	51487
16	32268929	32269050	43908
16	32329309	32329431	53029
16	32369517	32369730	21986
16	32374883	32375033	21339
16	32399544	32399665	10194
16	32402080	32402322	27155
16	32416287	32416505	55041
16	32437149	32437270	10028
16	32438020	32438229	40835
16	32441997	32442131	12550
16	32442947	32443191	32614
16	32447295	32447416	17553
16	32486703	32486826	17436
16	32683039	32683160	34858
16	32685817	32685939	43021
16	32686289	32686411	20895
16	32686871	32686993	17849
16	32686996	32687477	91213
16	32766289	32766410	27167
16	32769859	32769980	56535
16	32771037	32771265	119774
16	32771831	32771952	28016
16	32772067	32772168	19827
16	32772213	32772410	46405
16	32773112	32773328	105270
16	32779595	32779809	100012
16	32781007	32781204	56459
16	32781861	32782101	51962
16	32784802	32784984	25932
16	32785811	32785959	24253
16	32786157	32786376	49598
16	32786417	32786770	86026
16	32797646	32797817	20032
16	32816393	32816493	15104
16	32858987	32859108	33619
16	32859153	32859514	80364
16	32882263	32882414	29347
16	32883261	32883382	6877
16	32888819	32889180	34328
16	32889991	32890352	66816
16	32890462	32890700	17454
16	32890742	32891540	144555
16	32891740	32891963	16833
16	32892003	32892398	52480
16	32892788	32892963	45110
16	32893234	32893475	49430
16	32893795	32894156	45067
16	32894837	32895078	52802
16	32896548	32896669	2473
16	32897571	32898052	30664
16	32914907	32915028	19921
16	32916715	32916836	19316
16	32926620	32926741	30183
16	32926760	32926881	27244
16	32928346	32928467	15566
16	32928609	32928850	36390
16	32928965	32929086	28562
16	32930953	32931194	54535
16	32936707	32936828	6911
16	32938575	32938696	30154
16	32938875	32939116	37574
16	32941144	32941374	31858
16	32941655	32941896	29730
16	32945215	32945336	15233
16	32949634	32949755	25598
16	32950530	32950771	38475
16	32956945	32957068	30362
16	32957383	32957504	17697
16	32957603	32957724	15350
16	32958131	32958252	11374
16	33006341	33006441	24664
16	33006522	33006846	62572
16	33013615	33013736	19187
16	33013783	33013947	26666
16	33019958	33020080	51558
16	33020319	33020599	51869
16	33020620	33020986	73459
16	33021151	33021276	29579
16	33076867	33076967	15328
16	33106352	33106623	64908
16	33106664	33106884	60136
16	33107082	33107230	33762
16	33108058	33108240	30033
16	33110946	33111185	55506
16	33111843	33112040	61833
16	33113237	33113452	108340
16	33119720	33119937	97005
16	33120639	33120835	45697
16	33121096	33121304	56311
16	33121783	33122011	112259
16	33122837	33123033	69213
16	33123068	33123253	91369
16	33123360	33123493	39700
16	33123766	33123966	140403
16	33126638	33126834	42286
16	33127827	33127931	18932
16	33128315	33128471	54136
16	33131725	33131858	27181
16	33132886	33133058	26864
16	33133555	33133665	37726
16	33139290	33139390	22440
16	33205554	33206035	96552
16	33206038	33206160	18271
16	33206620	33206742	23676
16	33207092	33207214	42733
16	33209866	33209987	34221
16	33262089	33262570	99820
16	33262573	33262695	17500
16	33263155	33263277	24143
16	33263627	33263749	44175
16	33266406	33266527	40218
16	33326736	33326858	63077
16	33365479	33365600	9273
16	33366708	33366921	43836
16	33372678	33372859	14308
16	33379942	33380153	32083
16	33402058	33402179	19563
16	33413998	33414149	21425
16	33424703	33424824	9640
16	33490849	33490970	5258
16	33497493	33497612	24311
16	33498929	33499170	75808
16	33500172	33500293	74920
16	33500472	33500719	107133
16	33500747	33500868	47190
16	33503655	33503796	52611
16	33504500	33504621	16299
16	33530653	33530774	9524
16	33534146	33534267	31116
16	33539558	33539679	16350
16	33548123	33548244	23749
16	33585848	33585969	9885
16	33629642	33629763	19894
16	33629794	33630165	63198
16	33646914	33647039	25312
16	33647204	33647570	64380
16	33647591	33647871	53315
16	33648110	33648232	48010
16	33654452	33654573	22159
16	33709345	33709466	11085
16	33709873	33709994	9911
16	33710093	33710214	14711
16	33710529	33710652	26096
16	33716827	33717068	51367
16	33717847	33717968	27560
16	33718209	33718330	24760
16	33722276	33722397	15518
16	33725716	33725957	25058
16	33726238	33726468	30375
16	33728498	33728739	42423
16	33728918	33729039	30162
16	33730786	33730907	18202
16	33736463	33736704	58097
16	33738808	33739049	34225
16	33739191	33739312	16145
16	33740778	33741039	63973
16	33750812	33750933	20135
16	33752620	33752741	19512
16	33777274	33777755	31641
16	33778505	33778649	410
16	33778657	33778781	5754
16	33780244	33780485	64083
16	33781166	33781527	45590
16	33781847	33782088	59099
16	33782359	33782534	44322
16	33782924	33783320	68628
16	33783359	33783582	49146
16	33783782	33784582	182632
16	33784621	33784859	36924
16	33784969	33785330	69466
16	33786141	33786502	50876
16	33791938	33792059	20823
16	33792906	33793057	33493
16	33815815	33816189	84571
16	33816221	33816342	30945
16	33941956	33942078	7944
16	33961587	33961828	17349
16	33965488	33965609	17097
16	34256716	34257317	4608
16	34274525	34274646	9410
16	34277569	34277690	8542
16	34277800	34277923	9951
16	34280747	34280868	3667
16	34281359	34281600	22241
16	34285561	34285802	20792
16	34290429	34290670	24323
16	34292460	34292691	14403
16	34324861	34324982	17474
16	34326293	34326444	20757
16	34339007	34339128	20903
16	34404061	34404550	70219
16	34417147	34417247	4538
16	34510792	34511006	9543
16	34681321	34681802	48086
16	34681905	34682026	9526
16	34682163	34682284	14515
16	35136277	35136494	12818
16	46507831	46507931	5022
16	46508170	46508270	5705
16	46509677	46509906	17177
16	46512240	46512455	19718
16	46513043	46513331	36621
16	46532016	46532163	7222
16	46533847	46534801	66823
16	46540072	46540172	4769
16	46548695	46548795	7525
16	46551815	46551915	10494
16	46552203	46552324	7980
16	46562161	46562282	8041
16	46564969	46565090	6739
16	46584358	46584479	6871
16	46587851	46587972	12690
16	46593790	46594031	14943
16	46597728	46597969	39849
16	46598032	46598273	22436
16	46602520	46602881	28120
16	46615132	46615233	2858
16	46615622	46615983	56518
16	46617377	46617618	23752
16	46617896	46618017	6210
16	46629401	46629642	11860
16	46633687	46633928	9153
16	46637359	46637630	23941
16	46637849	46638090	13548
16	46638130	46638383	22455
16	46642193	46642314	9566
16	46649810	46650081	18518
16	46651482	46651723	12725
16	46652106	46652320	15402
16	46655158	46655281	889
16	46660259	46660907	125288
16	46661074	46661219	8748
16	46692283	46692420	7722
16	46694250	46694593	22543
16	46695550	46695821	12224
16	46696093	46696454	23727
16	46696550	46696747	11834
16	46696863	46697104	15241
16	46698733	46698836	2964
16	46702781	46703086	8202
16	46703187	46703321	2403
16	46705573	46705814	24694
16	46706159	46706400	12168
16	46706826	46707029	7688
16	46708178	46708419	12686
16	46708462	46708583	5074
16	46708658	46708758	4703
16	46710485	46710614	8405
16	46711207	46711328	6959
16	46712840	46713081	30721
16	46713127	46713251	11866
16	46714552	46714793	9772
16	46715229	46715470	11693
16	46715609	46715710	6923
16	46715947	46716098	18214
16	46717407	46717528	19183
16	46719870	46720148	27284
16	46722199	46722306	10065
16	46722982	46723103	1996
16	46723588	46723709	9473
16	46724846	46725087	30767
16	46725098	46725246	29450
16	46726254	46726495	21362
16	46726988	46727109	2949
16	46729438	46729621	17090
16	46729639	46729786	13877
16	46729871	46730022	12281
16	46730574	46730747	2649
16	46731312	46731553	19936
16	46732098	46732331	15727
16	46732617	46732764	21994
16	46735321	46735476	7382
16	46737717	46737835	8506
16	46741584	46741705	7012
16	46743395	46743636	33925
16	46744473	46744744	15149
16	46746483	46746743	12147
16	46754978	46755129	6911
16	46761067	46761338	21165
16	46762926	46763055	34274
16	46763461	46763612	15272
16	46764495	46764620	2640
16	46766108	46766590	40789
16	46771567	46772078	46971
16	46773922	46774073	12144
16	46781535	46782166	65154
16	46836123	46836323	11348
16	46836440	46836541	5757
16	46836598	46836719	5623
16	46836801	46837042	12397
16	46843484	46843725	29539
16	46858284	46858405	6090
16	46864978	46865109	4072
16	46918567	46918928	12404
16	46931513	46931664	22981
16	46934556	46934712	8640
16	46940669	46940940	33079
16	46943545	46943897	40583
16	46950488	46950639	12583
16	46952449	46952720	31590
16	46956119	46956360	27239
16	46958159	46958498	30533
16	46960827	46960959	11146
16	46962802	46962923	7892
16	46963012	46963113	4651
16	46964682	46964783	10320
16	46990416	46990873	27839
16	46990885	46991156	12902
16	46992862	46993098	8564
16	46993137	46993378	13114
16	46998499	46998740	39827
16	47001370	47001611	10132
16	47001974	47002095	8056
16	47005251	47005494	12060
16	47005746	47005897	10770
16	47007383	47007504	9304
16	47115443	47115544	7285
16	47115898	47116096	24575
16	47117120	47117722	51405
16	47120102	47120260	3264
16	47143384	47143632	13201
16	47156510	47156860	14675
16	47162148	47162539	20058
16	47163053	47163324	16174
16	47165816	47165967	12953
16	47177445	47177640	0
16	47189568	47189719	5480
16	47192721	47192919	9586
16	47195640	47195761	9954
16	47196391	47196632	13296
16	47252756	47252877	7509
16	47271836	47271957	10389
16	47292533	47292661	6655
16	47294409	47294650	19291
16	47345115	47345356	24213
16	47347595	47347746	12662
16	47399678	47399829	8016
16	47409757	47409878	13316
16	47462670	47462821	7370
16	47484297	47484397	4319
16	47485282	47485403	3634
16	47486611	47486732	5157
16	47487914	47488116	15055
16	47492988	47493109	8817
16	47494731	47494972	10537
16	47495249	47495397	2337
16	47496962	47497062	11323
16	47497815	47497936	13127
16	47531293	47531414	3450
16	47533584	47533855	49013
16	47536890	47537011	6344
16	47545566	47545693	10056
16	47549410	47549531	6135
16	47581292	47581521	11926
16	47598842	47598942	4067
16	47614146	47614297	8867
16	47621565	47621686	5681
16	47622763	47623034	23995
16	47627378	47627499	12097
16	47628025	47628146	7049
16	47630242	47630482	28951
16	47644722	47644843	10007
16	47674912	47675033	10870
16	47675495	47675616	14441
16	47682394	47682545	5669
16	47683001	47683125	19743
16	47684434	47684555	14549
16	47684695	47684846	12297
16	47694386	47694507	7052
16	47694527	47694768	12282
16	47695609	47695730	8808
16	47697555	47697676	13005
16	47698779	47698900	8264
16	47699793	47699957	25943
16	47703105	47703346	14038
16	47722867	47723138	35400
16	47727232	47727473	12421
16	47730282	47730409	10516
16	47732307	47732511	5715
16	47733087	47733328	38514
16	47940979	47941500	34363
16	48117577	48117728	14945
16	48117780	48118021	24828
16	48119494	48119627	14539
16	48120629	48120750	9862
16	48121795	48122036	10430
16	48122429	48122670	30269
16	48124984	48125135	3982
16	48130583	48130854	14346
16	48132079	48132180	3406
16	48134730	48134971	20059
16	48138014	48138289	26303
16	48139027	48139268	16797
16	48141193	48141346	8359
16	48142334	48142455	3942
16	48145291	48145590	30156
16	48145632	48145873	25663
16	48149276	48149547	29592
16	48151146	48151267	2145
16	48155325	48155426	9677
16	48155567	48155808	12729
16	48158068	48158219	19273
16	48162327	48162688	55429
16	48164661	48164816	10596
16	48167550	48167791	27305
16	48172091	48172332	28059
16	48173009	48173280	17298
16	48174561	48174837	16846
16	48175067	48175308	18535
16	48177796	48178018	12958
16	48180154	48180395	24944
16	48201139	48201290	12482
16	48201367	48201608	24469
16	48204006	48204139	13007
16	48204747	48204898	5019
16	48209097	48209368	15161
16	48210808	48211049	23675
16	48212491	48212612	5994
16	48218292	48218563	20377
16	48220781	48221052	19436
16	48221102	48221348	19523
16	48226378	48226649	23536
16	48227780	48227903	3910
16	48230096	48230247	4611
16	48231868	48231989	23002
16	48231997	48232196	32537
16	48234167	48234408	29567
16	48237113	48237234	8996
16	48239234	48239505	15992
16	48242310	48242431	7271
16	48244773	48245164	34452
16	48247316	48247471	13167
16	48248714	48248985	11507
16	48249060	48249301	21801
16	48249960	48250231	7043
16	48256499	48256752	22233
16	48258115	48258386	11391
16	48261674	48261915	19221
16	48264294	48264535	18565
16	48265721	48265842	5744
16	48278290	48278542	17349
16	48286032	48286286	30747
16	48290465	48290706	13306
16	48292468	48292709	13864
16	48295295	48295536	13923
16	48296644	48296795	17772
16	48303874	48304235	34049
16	48311198	48311439	19281
16	48329879	48330120	27548
16	48333514	48333755	6165
16	48337028	48337269	44399
16	48368076	48368317	11965
16	48381400	48381641	30442
16	48381984	48382225	21511
16	48385481	48385723	19393
16	48394407	48394637	11589
16	48394971	48395148	6030
16	48395237	48397794	201464
16	48399251	48399402	26684
16	48419041	48419224	200
16	48532201	48532322	9616
16	48575749	48575898	10179
16	48576366	48576467	5927
16	48576491	48576697	7751
16	48576752	48577233	44688
16	48579990	48580231	12753
16	48581850	48582091	6371
16	48585283	48585404	3868
16	48587393	48587634	17464
16	48594608	48596409	153346
16	48611446	48611839	30358
16	48643655	48644034	200
16	48657604	48657704	4022
16	48661589	48661701	4163
16	48664016	48664125	3736
16	48670152	48670429	8249
16	48675343	48675443	5883
16	48675545	48675702	2495
16	48675971	48676071	2206
16	48677626	48677762	2398
16	48685232	48685344	1510
16	48686110	48686210	5126
16	49313292	49313533	28625
16	49314772	49315013	22438
16	49315062	49315386	33109
16	49315641	49315742	27
16	49383438	49384039	38851
16	49407804	49408017	11530
16	49411580	49411821	6935
16	49412321	49412562	22540
16	49430280	49430641	20528
16	49432994	49433235	21201
16	49524483	49524716	11687
16	49524821	49525260	18826
16	49554764	49554865	4135
16	49557471	49557712	16045
16	49559218	49559459	24270
16	49559618	49559718	10364
16	49657383	49657483	4075
16	49660061	49660182	9849
16	49669526	49672797	320354
16	49686110	49686210	4357
16	49713110	49713231	21637
16	49761089	49761189	4531
16	49764660	49764901	20627
16	49823336	49823487	10273
16	49856497	49856648	9083
16	50059177	50059298	433
16	50059525	50059646	7111
16	50060281	50060402	4359
16	50063611	50063732	20011
16	50067269	50067422	9830
16	50067978	50068099	7879
16	50069287	50069408	5304
16	50069435	50069625	10840
16	50069782	50069883	11642
16	50069898	50069999	9469
16	50070635	50070736	8876
16	50070823	50070924	16181
16	50070934	50071034	14052
16	50099990	50100231	8232
16	50100242	50100483	564
16	50102673	50102794	29679
16	50104079	50104211	7057
16	50106506	50106635	13551
16	50109430	50109671	14788
16	50112609	50112970	29554
16	50117831	50117952	8693
16	50118002	50118243	17814
16	50118459	50118580	5634
16	50120072	50120313	15344
16	50128598	50128749	6211
16	50134091	50134332	21433
16	50136136	50136377	37424
16	50138789	50139030	18263
16	50186853	50186954	1645
16	50187532	50188218	5222
16	50245174	50245415	22951
16	50248093	50248214	12643
16	50249924	50250165	18821
16	50251399	50251640	23025
16	50256159	50256400	19421
16	50257070	50257311	14477
16	50258509	50258973	53943
16	50258981	50259222	15542
16	50261710	50261951	26808
16	50263029	50263270	18104
16	50263345	50263573	11770
16	50263686	50263890	13194
16	50264241	50264441	17069
16	50264455	50264590	20889
16	50264772	50264873	9322
16	50264933	50265394	33888
16	50265509	50265675	8944
16	50268828	50268929	6189
16	50268943	50269044	4166
16	50322054	50322295	28800
16	50324318	50324589	45219
16	50325576	50325847	25898
16	50326510	50326781	19757
16	50327246	50327458	13153
16	50328541	50328672	12360
16	50332727	50332996	23308
16	50334583	50334824	29204
16	50334937	50335178	41640
16	50338245	50338486	13274
16	50338761	50338912	18772
16	50339364	50339515	16851
16	50339632	50339783	12597
16	50340948	50341069	13361
16	50342188	50342339	21493
16	50342489	50342760	23738
16	50343416	50343567	13919
16	50344336	50344437	6525
16	50344573	50344814	16136
16	50345559	50345710	31736
16	50345903	50346144	19708
16	50346752	50346993	41218
16	50347829	50347983	16823
16	50348138	50348379	14577
16	50348835	50349106	19647
16	50349221	50349462	21867
16	50351011	50351111	9479
16	50352924	50353025	5628
16	50353041	50353209	9514
16	50353719	50353989	17139
16	50354079	50354350	33444
16	50354509	50354750	15740
16	50355859	50355980	5669
16	50357488	50357619	18381
16	50359605	50359846	13760
16	50360185	50360312	8280
16	50362556	50362677	16250
16	50367425	50367666	14368
16	50368592	50368833	7806
16	50373877	50374007	6020
16	50383470	50383571	1917
16	50383884	50384125	16368
16	50388303	50388424	14250
16	50388617	50388888	24415
16	50401983	50402219	18635
16	50402599	50402840	181
16	50582373	50582527	0
16	50582593	50582730	287
16	50583248	50583519	34205
16	50585216	50585316	3891
16	50640576	50641057	27874
16	50642176	50642297	14518
16	50655474	50655629	12299
16	50659352	50659503	8720
16	50664049	50664290	11385
16	50664717	50664838	6289
16	50666104	50666375	13513
16	50667091	50667803	26036
16	50668069	50668170	9769
16	50701888	50701989	5272
16	50702831	50703069	20441
16	50707259	50708010	38957
16	50709651	50709876	16496
16	50711221	50711492	40077
16	50725164	50725264	6289
16	50731129	50731250	5501
16	50733360	50733875	85357
16	50741727	50741881	32364
16	50744415	50746331	174981
16	50750478	50750629	18900
16	50750752	50750903	20127
16	50753786	50753937	12607
16	50756483	50756634	14272
16	50757202	50757323	19170
16	50759380	50759501	4703
16	50763685	50763822	10732
16	50765632	50765753	11678
16	50766119	50766220	4663
16	50776202	50776302	111
16	50783560	50784161	25377
16	50785484	50785845	31865
16	50788220	50788424	20491
16	50809019	50809140	4735
16	50810071	50810198	11886
16	50811672	50811913	15492
16	50813494	50814005	31886
16	50815088	50815359	39371
16	50816185	50816426	10420
16	50818179	50818420	33569
16	50820750	50820922	14305
16	50821668	50821789	14694
16	50825413	50825654	45899
16	50826498	50826626	7302
16	50827394	50827635	22317
16	50828109	50828350	36572
16	50829436	50829536	8430
16	50830205	50830446	19297
16	50830561	50830661	11370
16	50833426	50833526	9201
16	50835423	50835569	10042
16	50835697	50835798	3784
16	51098365	51098486	11898
16	51169896	51170075	14387
16	51170079	51170269	16977
16	51170278	51170433	11520
16	51170524	51170735	7671
16	51170764	51170958	6443
16	51170971	51171482	28755
16	51172557	51176111	352405
16	51180420	51180521	5913
16	51182951	51183052	7929
16	51185031	51185174	11950
16	51679666	51680333	27452
16	51680500	51680721	7276
16	52289353	52289471	4315
16	52470302	52470403	4578
16	52471641	52471742	7940
16	52471949	52472049	9567
16	52472099	52472278	11376
16	52472294	52472539	20768
16	52472547	52472764	12253
16	52472790	52472911	5589
16	52473094	52473891	105646
16	52478166	52478287	6542
16	52479838	52480199	35634
16	52484142	52484503	21185
16	52497791	52498152	32478
16	52502392	52502513	5375
16	52504673	52504774	8019
16	52553304	52553405	7238
16	52580522	52580651	1915
16	52689160	52689281	8726
16	52689890	52690011	18455
16	53189946	53191507	109732
16	53209284	53209384	21276
16	53242194	53242294	8653
16	53242562	53242662	2723
16	53243378	53243739	13745
16	53256490	53256731	14586
16	53257287	53257419	7595
16	53260229	53260470	13260
16	53261280	53261401	12489
16	53261426	53261547	10627
16	53262885	53263077	14375
16	53265312	53265433	11680
16	53265506	53265747	19682
16	53269036	53269231	12009
16	53272195	53272556	34258
16	53276718	53276959	9903
16	53279198	53279439	19345
16	53279453	53279814	20650
16	53281188	53281429	17791
16	53283759	53284000	18171
16	53288312	53288553	11831
16	53289480	53289721	22801
16	53296832	53297073	20842
16	53301182	53301423	11955
16	53301817	53302058	8672
16	53307496	53307737	23042
16	53308108	53308229	7146
16	53319438	53319679	25799
16	53320075	53320316	18022
16	53321836	53321957	10476
16	53325596	53325717	5984
16	53326733	53326974	10023
16	53330847	53331088	18492
16	53332839	53333255	27100
16	53333290	53333585	28472
16	53337594	53338547	99315
16	53340107	53340348	12655
16	53341547	53341908	26199
16	53342560	53342801	11079
16	53348237	53348478	13043
16	53348664	53349025	39555
16	53352066	53352307	16792
16	53355368	53355609	14290
16	53357888	53358849	61528
16	53358887	53358987	7189
16	53358996	53359469	49122
16	53359846	53360001	14106
16	53360046	53360147	9572
16	53360339	53360440	9106
16	53360483	53360678	10629
16	53360935	53361036	9847
16	53361173	53361449	34524
16	53390551	53390652	12179
16	53395928	53396035	39398
16	53396127	53396227	52281
16	53396276	53396398	53874
16	53396591	53396691	19346
16	53397401	53397587	52262
16	53399794	53399915	30079
16	53403368	53403539	35026
16	53404551	53404901	42805
16	53468364	53468768	2591
16	53472871	53473112	9468
16	53476518	53476789	12773
16	53480924	53481045	13812
16	53485557	53485798	34560
16	53487322	53487708	46409
16	53488539	53488780	23214
16	53493324	53493565	22715
16	53495643	53495772	4555
16	53496424	53496577	10134
16	53498055	53498326	12433
16	53499320	53499551	12948
16	53500934	53501091	8076
16	53503781	53504142	40108
16	53504253	53504614	21700
16	53504624	53504865	19115
16	53513040	53513161	3850
16	53513788	53513913	5433
16	53514428	53514699	10363
16	53515573	53515784	25824
16	53523975	53524246	22457
16	53524799	53524960	24154
16	53525458	53525559	9187
16	53525643	53525782	11626
16	53526245	53526441	8181
16	53526543	53526694	6956
16	53528040	53528167	5773
16	53528238	53528359	7229
16	53528411	53528532	11216
16	53528975	53529265	23400
16	53532284	53532525	45584
16	53534089	53534210	12618
16	53634081	53634182	10346
16	53634186	53634314	19131
16	53634394	53634495	6265
16	53634536	53635135	35086
16	53635436	53635582	15316
16	53635737	53635973	4396
16	53635978	53636110	4616
16	53639338	53639579	18179
16	53644859	53644980	16349
16	53652907	53653148	14275
16	53670326	53670447	6611
16	53671565	53671806	27304
16	53672211	53672333	3945
16	53674925	53675046	4822
16	53675170	53675411	14517
16	53679484	53679965	34679
16	53682836	53683071	26533
16	53686431	53686912	36947
16	53690321	53690552	26571
16	53691333	53691574	24014
16	53692289	53692410	4735
16	53692674	53692800	9198
16	53693082	53693182	10004
16	53698730	53698971	12473
16	53705381	53705508	8738
16	53706733	53706974	17361
16	53708919	53709044	6763
16	53720295	53720536	10827
16	53721764	53721887	11281
16	53725945	53726306	39843
16	53729222	53729370	11873
16	53729983	53730255	19248
16	53734531	53734652	3848
16	53738057	53738178	6569
16	53843567	53843668	1745
16	53843999	53844150	14247
16	53859698	53860449	52206
16	53878017	53878258	17819
16	53907676	53907797	11720
16	53913706	53913909	17499
16	53922652	53922923	101303
16	53934532	53934633	6363
16	53938613	53938713	4775
16	53945222	53945463	38677
16	53967858	53968078	15819
16	54018807	54018908	10422
16	54144191	54144292	4253
16	54144840	54144961	11251
16	54144979	54145100	10076
16	54145599	54145870	22142
16	54317234	54317344	4083
16	54317563	54317684	7763
16	54318129	54318250	13511
16	54318387	54319584	97590
16	54319629	54319972	748
16	54964898	54965369	10052
16	54965965	54966121	3956
16	54966341	54966852	80771
16	54966935	54967810	61174
16	54967985	54968355	26623
16	54977364	54977465	2716
16	54993145	54993255	6919
16	54994397	54994530	10628
16	54996321	54996453	6878
16	54996586	54996686	13334
16	54999376	54999528	9332
16	55000836	55001000	22812
16	55005660	55005760	8001
16	55016485	55016739	18515
16	55358964	55359085	18290
16	55360209	55360556	21931
16	55361198	55361327	15581
16	55361440	55361861	48786
16	55362514	55363267	83930
16	55364152	55364273	6483
16	55513346	55513587	6975
16	55515727	55515848	4128
16	55516811	55517057	17697
16	55517906	55518121	31548
16	55519153	55519394	31717
16	55519481	55519722	28371
16	55522420	55522661	9618
16	55523498	55523769	38971
16	55525669	55525910	20148
16	55526986	55527257	28493
16	55530784	55531025	30842
16	55532129	55532400	18702
16	55536654	55536810	9047
16	55539211	55539364	19790
16	55539605	55539706	7738
16	55539721	55539822	5630
16	55543057	55543298	2589
16	55559368	55559609	42517
16	55562276	55562517	21968
16	55563737	55563869	4516
16	55565794	55565915	4753
16	55566703	55566824	8670
16	55568283	55568422	14118
16	55571455	55571576	14137
16	55579626	55579747	8664
16	55583130	55583371	17861
16	55584816	55585057	45199
16	55600620	55601593	53530
16	55608530	55608651	13577
16	55612937	55613208	31968
16	55616796	55617037	13335
16	55690532	55690923	43366
16	55703391	55703662	18549
16	55705758	55706148	33106
16	55718972	55719243	34082
16	55725775	55726016	28857
16	55727912	55728035	8613
16	55729130	55729371	25780
16	55730127	55730259	17027
16	55731721	55731992	28784
16	55732369	55732490	14033
16	55733424	55733576	35106
16	55734041	55734254	15422
16	55735719	55735870	8742
16	55736155	55736306	9917
16	55739094	55739215	3428
16	55762100	55762220	16573
16	55780614	55780735	47161
16	55783447	55783569	37534
16	55794529	55794629	35988
16	55798611	55798816	11353
16	55801235	55801437	28201
16	55803819	55804060	25716
16	55806280	55806434	21073
16	55807308	55807429	26814
16	55810694	55810865	15525
16	55813571	55813692	14855
16	55817459	55817700	31379
16	55819502	55819623	9775
16	55819821	55820062	35535
16	55824401	55824609	91582
16	55827294	55827416	32978
16	55827659	55827900	78223
16	55836931	55837172	77058
16	55837415	55837537	35965
16	55840222	55840430	36230
16	55844351	55844622	46599
16	55844819	55844940	10290
16	55846763	55847004	28706
16	55850763	55850914	17813
16	55853387	55853561	19073
16	55854274	55854401	31641
16	55855235	55855476	35104
16	55857407	55857648	199827
16	55859983	55860254	39914
16	55862661	55862896	80034
16	55866850	55867001	27835
16	55880353	55880604	15157
16	55880624	55880775	8514
16	55883489	55883730	15303
16	55886715	55886986	32021
16	55890261	55890382	17056
16	55893377	55893648	44120
16	55895284	55895438	11955
16	55897250	55897374	17522
16	55899800	55900071	23837
16	55903468	55903709	19659
16	55905484	55905725	19371
16	55907725	55907966	12721
16	55909005	55909156	18311
16	55983697	55983814	7045
16	55989726	55989827	7447
16	56225558	56225658	600
16	56225744	56225876	348
16	56226059	56226326	3660
16	56226415	56226566	11672
16	56226575	56226676	6331
16	56227990	56228224	15162
16	56276024	56276124	12809
16	56279432	56279535	6764
16	56281337	56281438	12909
16	56309792	56310033	45525
16	56362471	56362742	28411
16	56368553	56368824	22094
16	56370586	56370827	27499
16	56374671	56374942	29357
16	56377647	56377888	9454
16	56385284	56385492	21618
16	56388750	56388991	8950
16	56390076	56390283	20713
16	56390507	56390608	4813
16	56390872	56391056	7636
16	56391081	56391191	5491
16	56395565	56395666	9607
16	56395997	56397014	101515
16	56397773	56398044	19292
16	56401306	56401457	14098
16	56403050	56403291	20978
16	56419821	56419944	5535
16	56423040	56423311	27408
16	56435608	56435765	5772
16	56436842	56437083	24014
16	56438765	56439006	38826
16	56439074	56439195	9887
16	56441800	56442071	16358
16	56443266	56443537	12871
16	56448118	56448269	3393
16	56458975	56459276	200
16	56466543	56466694	5481
16	56468178	56468419	20645
16	56468642	56468763	10717
16	56473522	56473673	7782
16	56480508	56480629	11535
16	56481679	56481920	22042
16	56484935	56485176	49682
16	56485450	56485721	32206
16	56487126	56487367	16813
16	56492400	56492533	12968
16	56496434	56496556	9793
16	56500000	56500241	38908
16	56500742	56500893	11152
16	56501019	56501260	32684
16	56501807	56501940	7648
16	56503893	56504014	11602
16	56504369	56504730	12620
16	56508679	56508920	28161
16	56509356	56509507	36382
16	56509915	56510156	13916
16	56518663	56518789	9903
16	56519454	56519695	15618
16	56530869	56531001	8112
16	56531602	56531843	16132
16	56532293	56532534	16973
16	56533603	56533874	31102
16	56534730	56534971	34216
16	56535185	56535456	40941
16	56536147	56536418	14196
16	56536531	56536772	6713
16	56539813	56539964	11171
16	56540022	56540146	7579
16	56543816	56543967	16974
16	56544710	56544861	16803
16	56545012	56545253	11506
16	56548355	56548602	15771
16	56553594	56553835	71779
16	56598964	56599115	16605
16	56601634	56601755	20353
16	56602707	56602858	10741
16	56623426	56623874	33480
16	56624742	56624871	13113
16	56642520	56642641	20797
16	56642845	56642996	18886
16	56643159	56643280	12124
16	56651438	56651538	4859
16	56652496	56652596	11827
16	56659716	56659837	6189
16	56660314	56660897	118008
16	56666566	56666717	11780
16	56667193	56667429	49473
16	56667647	56667798	25168
16	56669693	56669793	8083
16	56670287	56670443	32294
16	56670727	56670890	26350
16	56672603	56672724	13973
16	56673117	56673268	23304
16	56673725	56673876	17791
16	56677589	56677710	14502
16	56677994	56678115	11272
16	56678588	56678709	19540
16	56682112	56682233	11222
16	56682709	56682830	20809
16	56683319	56683440	13433
16	56685788	56685939	9631
16	56686454	56686575	19588
16	56686840	56686991	16459
16	56691893	56692044	26744
16	56692528	56692679	19366
16	56692939	56693090	17672
16	56696110	56696251	12214
16	56696670	56696791	8547
16	56700745	56700896	16608
16	56701195	56701316	18929
16	56701800	56701951	22605
16	56703749	56703870	22468
16	56704359	56704510	18020
16	56704764	56704915	23917
16	56709670	56710175	23490
16	56710932	56711053	10865
16	56716377	56716526	9044
16	56717018	56717169	19290
16	56717816	56718104	26451
16	56782127	56782368	14820
16	56792387	56792628	22926
16	56832357	56832478	10901
16	56839358	56839595	35992
16	56852551	56852672	8100
16	56855399	56855520	9818
16	56857537	56857808	26259
16	56862833	56863074	21703
16	56864397	56864638	32832
16	56865685	56865956	18969
16	56866192	56866313	35918
16	56867101	56867342	16133
16	56867981	56868222	45254
16	56868226	56868377	24136
16	56868606	56868727	8723
16	56870449	56870690	30340
16	56871457	56871698	11226
16	56872801	56873042	42244
16	56873413	56873534	20013
16	56875559	56875800	34261
16	56878401	56878531	51874
16	56878585	56878686	43135
16	56892380	56892538	10694
16	56899077	56899451	29819
16	56900903	56901174	17406
16	56902155	56902306	21397
16	56903627	56903748	9213
16	56903956	56904197	20717
16	56904501	56904658	11009
16	56906227	56906384	11147
16	56906511	56906752	19467
16	56911955	56912106	26838
16	56912940	56913181	26099
16	56913416	56913571	17121
16	56913982	56914223	68064
16	56916297	56916419	17524
16	56917887	56918158	35938
16	56919165	56919286	9326
16	56920266	56920397	14768
16	56920783	56921054	10423
16	56921798	56921953	7435
16	56924135	56924286	29569
16	56925942	56926093	12339
16	56926854	56926976	9364
16	56928433	56928564	15390
16	56933423	56933544	5908
16	56936231	56936472	14036
16	56938249	56938400	18750
16	56947125	56947366	33146
16	56965973	56966349	5481
16	56969124	56969245	22059
16	56969288	56969409	11941
16	56970542	56970783	41704
16	56973058	56973329	27301
16	56973770	56974167	40040
16	56976005	56976159	11796
16	56976968	56977239	11685
16	56977373	56977474	7848
16	56977543	56977707	17680
16	56977731	56977832	6022
16	56994466	56994587	7735
16	56994832	56994953	8079
16	56995174	56995295	2859
16	56995829	56996070	13268
16	56996226	56996347	6901
16	56996857	56997098	10315
16	57003213	57003617	49951
16	57003808	57003929	19830
16	57004918	57005039	4856
16	57005201	57005322	8437
16	57005858	57006009	10845
16	57007181	57007452	20001
16	57008946	57009097	21428
16	57011933	57012204	28007
16	57015042	57015163	6217
16	57015484	57015635	23282
16	57016051	57016172	18506
16	57017189	57017340	8516
16	57017449	57017600	13690
16	57051041	57051142	15765
16	57054560	57054951	43981
16	57056136	57056257	3335
16	57057669	57057790	10277
16	57059200	57060968	129884
16	57061934	57062085	15271
16	57062164	57062315	18967
16	57063635	57063786	6978
16	57063860	57064011	11662
16	57065254	57065405	28886
16	57067457	57067608	12611
16	57068060	57068181	12434
16	57069962	57070113	9611
16	57071060	57071211	14465
16	57073665	57073786	7458
16	57074504	57074655	13244
16	57075380	57075501	25532
16	57075874	57075995	5272
16	57077380	57077531	22614
16	57079320	57079441	4743
16	57080447	57080568	16330
16	57081437	57081558	4388
16	57085400	57085551	11183
16	57088616	57088767	13298
16	57088913	57089034	12846
16	57089326	57089447	12931
16	57091957	57092078	7835
16	57092837	57092988	9518
16	57093350	57093471	5571
16	57095310	57095461	12635
16	57095480	57095631	15631
16	57095713	57095877	15390
16	57096214	57096314	13990
16	57099105	57099226	18858
16	57100424	57100545	2318
16	57101249	57101400	21871
16	57101632	57101753	14538
16	57103728	57103849	10110
16	57104427	57104548	25530
16	57108462	57108613	13397
16	57110711	57110832	4317
16	57111158	57111309	9055
16	57111581	57111732	13836
16	57111832	57111953	6767
16	57112912	57113063	14156
16	57113107	57113228	11038
16	57113408	57113559	9152
16	57114990	57115111	24803
16	57115389	57115540	18827
16	57116319	57116450	13282
16	57127931	57128032	6256
16	57140014	57140115	13725
16	57144619	57144864	19402
16	57147168	57147409	13836
16	57149333	57149484	11740
16	57151382	57151503	13160
16	57153087	57153208	7555
16	57153456	57153577	8937
16	57154992	57155113	7654
16	57155537	57155688	11285
16	57157264	57157415	9767
16	57158171	57158414	25824
16	57159717	57159955	34987
16	57161726	57161847	19402
16	57168621	57168772	14414
16	57171006	57171247	28814
16	57179933	57180297	30845
16	57181425	57181580	7651
16	57181770	57181880	9035
16	57186574	57186675	8863
16	57186873	57186973	5749
16	57188189	57188430	4506
16	57197713	57197834	7309
16	57197853	57198004	7209
16	57200950	57201191	18857
16	57206102	57206343	42904
16	57206645	57206796	7506
16	57207610	57207784	20000
16	57220246	57220346	35122
16	57238534	57238930	24266
16	57241934	57242055	8616
16	57242977	57243109	12448
16	57246825	57247066	18617
16	57247737	57247888	24079
16	57250001	57250135	11423
16	57250760	57251001	32610
16	57254582	57254821	22641
16	57255134	57255375	46437
16	57261244	57261375	11702
16	57264612	57264735	6694
16	57265033	57265274	16473
16	57269026	57269150	7309
16	57272777	57272898	8682
16	57279237	57279358	11474
16	57279961	57280082	12053
16	57282410	57282565	10451
16	57283660	57283781	8820
16	57284309	57284430	6512
16	57286037	57286189	12895
16	57286565	57286665	15501
16	57286896	57286997	11274
16	57290731	57291002	15720
16	57292283	57292550	20168
16	57295744	57296015	27426
16	57318263	57318504	1128
16	57392673	57392824	18420
16	57394289	57394530	50254
16	57397396	57397517	11025
16	57406424	57406575	27291
16	57413484	57413725	24269
16	57415901	57416982	94686
16	57417140	57417241	9851
16	57417356	57417457	11297
16	57447818	57447939	4160
16	57448900	57449171	12010
16	57449663	57449784	8457
16	57463045	57463202	12443
16	57464149	57464270	9055
16	57465003	57465392	27857
16	57466344	57466495	8031
16	57467918	57468159	17542
16	57470544	57470665	5181
16	57473018	57473289	16976
16	57474610	57474881	30007
16	57481392	57481513	1579
16	57484884	57485155	21861
16	57486629	57486900	18040
16	57490365	57490606	35148
16	57490823	57490944	6757
16	57492148	57492272	9332
16	57493403	57493674	22754
16	57493928	57494049	4519
16	57494427	57494646	13053
16	57496618	57496739	10471
16	57496874	57497025	22380
16	57499837	57499958	13803
16	57500051	57500172	16570
16	57503050	57503260	25892
16	57503586	57503707	9809
16	57503805	57504076	29758
16	57504137	57504288	15888
16	57504837	57505078	21551
16	57505846	57505971	6119
16	57506215	57506395	15434
16	57506837	57506938	5146
16	57507196	57507706	48563
16	57507730	57508001	27266
16	57508678	57508919	16102
16	57508982	57509191	15259
16	57509353	57509571	16485
16	57509724	57509879	20637
16	57513325	57513600	50860
16	57546566	57546837	40410
16	57549243	57549366	5894
16	57550138	57550409	33834
16	57551933	57552204	14826
16	57552443	57552714	23334
16	57554942	57555098	10212
16	57559774	57560049	20775
16	57562461	57563157	2019
16	57595976	57596097	3533
16	57596272	57596393	17992
16	57596929	57597200	26996
16	57597674	57597945	32728
16	57598882	57599123	13585
16	57600435	57600706	16954
16	57601321	57601562	25400
16	57601720	57602081	24261
16	57604280	57604508	15428
16	57608684	57609045	60975
16	57609338	57609460	8793
16	57624471	57624692	19367
16	57625498	57625619	9139
16	57684170	57684291	10179
16	57685051	57685544	48672
16	57687029	57687300	35421
16	57687820	57688091	20576
16	57689225	57689496	15862
16	57689694	57689965	22481
16	57690069	57690220	8426
16	57690416	57690539	8721
16	57691192	57691463	32682
16	57693268	57693629	18268
16	57694670	57694798	44403
16	57695561	57695922	39235
16	57697307	57697548	44146
16	57702227	57702348	1574
16	57707162	57707426	8648
16	57710029	57710300	12146
16	57712033	57712274	35931
16	57713004	57713275	26195
16	57713686	57713837	9985
16	57714165	57714287	12622
16	57714381	57714539	25061
16	57717772	57718163	38364
16	57718257	57718408	15763
16	57719485	57719876	57242
16	57722212	57722383	17742
16	57723661	57724022	26562
16	57731723	57732111	19475
16	57732697	57732968	22972
16	57733968	57734231	33985
16	57735823	57736064	17928
16	57738715	57738986	14462
16	57741359	57741600	18577
16	57752171	57752442	54583
16	57755523	57755674	17627
16	57756567	57756808	18177
16	57756826	57757097	18510
16	57758515	57758757	14791
16	57759966	57760207	13983
16	57760734	57760864	8727
16	57761174	57761331	11010
16	57762247	57762518	27512
16	57764761	57765183	40464
16	57771114	57771235	15738
16	57775512	57775783	18866
16	57778213	57778484	34750
16	57784727	57784849	12420
16	57785132	57785253	11541
16	57785503	57785654	16129
16	57785788	57786029	34064
16	57786416	57786537	20752
16	57786643	57787234	59625
16	57787244	57787485	27112
16	57787790	57787941	19085
16	57788784	57788935	17670
16	57788939	57789451	37037
16	57789699	57789850	11072
16	57789879	57790113	30191
16	57790204	57790445	36729
16	57790670	57790911	19539
16	57792694	57792868	18103
16	57793012	57793113	12065
16	57793630	57793758	14886
16	57794109	57794380	21016
16	57794601	57795138	52877
16	57795288	57795506	14435
16	57795965	57796236	22070
16	57798015	57798169	8567
16	57799340	57799581	19018
16	57800776	57800907	5344
16	57803450	57803913	53597
16	57804404	57804645	22793
16	57805018	57805646	42127
16	57806076	57806227	11858
16	57819375	57819578	21196
16	57822486	57822625	27644
16	57828860	57829101	27344
16	57831588	57831688	6605
16	57831855	57832194	9044
16	57849467	57849588	9324
16	57850114	57850827	53697
16	57896632	57896731	3218
16	57908161	57908444	15263
16	57918033	57918394	21083
16	57921747	57921988	17222
16	57931252	57931493	22450
16	57931607	57931864	11243
16	57935206	57935357	11918
16	57935419	57935540	17024
16	57937654	57937925	26856
16	57938557	57938828	14723
16	57945596	57945837	13160
16	57946804	57946925	12709
16	57949104	57949255	9364
16	57949966	57950117	14091
16	57951124	57951395	22911
16	57952929	57953200	43530
16	57954218	57954489	15452
16	57957167	57957294	4572
16	57965580	57965820	32722
16	57973245	57973608	21865
16	57974120	57974241	5420
16	57983111	57983447	25005
16	57984243	57984484	15353
16	57989195	57989316	14497
16	57991201	57991322	8301
16	57992290	57992411	10523
16	57993759	57994000	43193
16	57994348	57994469	13602
16	57994720	57994841	13099
16	57996400	57996551	12991
16	57996669	57996820	13374
16	57996831	57996982	12551
16	57998008	57998129	13271
16	57998358	57998479	15118
16	58000959	58001260	31046
16	58010305	58010576	37494
16	58011679	58011953	22439
16	58018176	58018297	12839
16	58018505	58018746	30430
16	58019079	58019200	1795
16	58019256	58019497	19155
16	58019767	58019888	15322
16	58021223	58021374	10762
16	58029417	58029518	8368
16	58030393	58032427	182255
16	58035375	58035496	5238
16	58036314	58036585	14787
16	58043803	58044044	23220
16	58048142	58048263	7488
16	58051199	58051353	25490
16	58052856	58052977	9009
16	58054035	58054159	14661
16	58060214	58060455	1568
16	58071326	58071569	31679
16	58072082	58072353	55753
16	58073721	58074112	42818
16	58074400	58074641	24275
16	58075466	58075827	31818
16	58076052	58076323	27218
16	58077067	58077308	14757
16	58077352	58077593	13872
16	58078859	58079370	51157
16	58080004	58080105	6570
16	58080493	58080593	6562
16	58080730	58080830	17444
16	58147525	58147626	10281
16	58147870	58148021	7670
16	58148677	58148834	13447
16	58149145	58149386	41806
16	58149935	58150066	5536
16	58150754	58150875	17904
16	58162916	58163037	15280
16	58191965	58192251	44469
16	58197921	58198072	11267
16	58199416	58199657	30359
16	58200476	58200605	11647
16	58201100	58201222	10924
16	58201579	58201709	4075
16	58202494	58202615	18954
16	58208323	58208444	6986
16	58218097	58218248	11967
16	58220648	58220770	10010
16	58230627	58230758	14072
16	58231517	58231650	167
16	58283907	58284029	16558
16	58286572	58286813	12984
16	58287861	58288102	47816
16	58292198	58292469	21430
16	58293736	58293857	6479
16	58296245	58296486	10059
16	58301345	58301500	7331
16	58312342	58312583	18520
16	58313585	58313710	7610
16	58313835	58313936	10130
16	58314093	58314694	62323
16	58318438	58318679	28691
16	58319788	58320149	74430
16	58324830	58325071	11458
16	58327616	58327737	5393
16	58328918	58329019	10464
16	58426447	58426718	15639
16	58436992	58437245	12284
16	58438393	58438643	24307
16	58498291	58498412	237
16	58521650	58521778	2294
16	58528798	58528949	5029
16	58534101	58534222	13887
16	58537660	58537901	17398
16	58537966	58538353	20755
16	58538461	58538582	19129
16	58540072	58540393	28225
16	58540428	58540549	8150
16	58540776	58540929	13296
16	58541678	58541937	27969
16	58542828	58542949	11036
16	58542984	58543135	12951
16	58543169	58543290	8153
16	58544506	58544627	4275
16	58545251	58545522	26492
16	58545878	58546084	32103
16	58546835	58547048	42200
16	58549393	58549514	2643
16	58549674	58550027	3472
16	58550083	58550296	22047
16	58550327	58550598	37054
16	58550620	58550925	29491
16	58551923	58552164	21745
16	58552254	58552495	13475
16	58552599	58552960	19714
16	58554405	58554506	4915
16	58554589	58554690	7014
16	58554809	58554960	12161
16	58555032	58555273	17262
16	58557218	58557459	24864
16	58559051	58559292	54522
16	58559846	58560087	14371
16	58562182	58562303	10644
16	58562344	58562585	18895
16	58564139	58564261	10528
16	58565799	58566040	11971
16	58566096	58566337	14122
16	58568002	58568354	34199
16	58570846	58571134	28875
16	58571758	58571999	21032
16	58572052	58572180	9158
16	58572625	58572866	10799
16	58573616	58573887	36783
16	58575343	58575584	12468
16	58576125	58576249	8059
16	58576280	58576521	20852
16	58577288	58577838	30253
16	58579208	58579449	51551
16	58580192	58580433	14931
16	58580553	58580674	3562
16	58581080	58581210	7107
16	58581406	58581647	22951
16	58582318	58582589	22697
16	58583591	58583832	22217
16	58584984	58585225	16023
16	58585432	58585763	27185
16	58587663	58587784	7156
16	58589116	58589477	7995
16	58589628	58589869	24266
16	58590702	58590943	13913
16	58592326	58592597	17638
16	58593646	58593887	17260
16	58594069	58594310	16657
16	58608467	58608708	9065
16	58608850	58609091	23185
16	58610313	58610546	13695
16	58612541	58612902	26638
16	58614479	58614720	16324
16	58615212	58615453	29284
16	58616687	58616817	10215
16	58616880	58617142	12061
16	58619204	58619445	13627
16	58620399	58620670	20293
16	58621040	58621342	32654
16	58621641	58621792	10467
16	58622693	58622820	5275
16	58633129	58633331	9727
16	58700556	58700656	10849
16	58701209	58701401	10647
16	58703952	58704103	15365
16	58704927	58705168	41704
16	58705952	58706193	16172
16	58709779	58710020	25425
16	58710130	58710281	4514
16	58711187	58711338	16240
16	58712156	58712427	26562
16	58712547	58712818	25472
16	58713684	58714075	31211
16	58741766	58741867	4339
16	58742014	58742255	10691
16	58743274	58743515	28399
16	58749849	58750120	16579
16	58750490	58750761	17459
16	58752090	58752214	7660
16	58752390	58752631	22636
16	58753038	58753189	6311
16	58755996	58756237	11778
16	58757606	58757847	7804
16	58768026	58768147	5746
16	60392375	60393428	318694
16	61687457	61688058	49913
16	61689318	61689679	24352
16	61747682	61747923	26742
16	61760934	61761276	26038
16	61823196	61823437	29268
16	61851328	61851763	33660
16	61854802	61855043	18987
16	61858788	61859119	21528
16	61890961	61891202	15498
16	61935048	61935409	18366
16	62054970	62055361	22141
16	62859855	62859962	7464
16	64294528	64294654	12038
16	64980697	64981149	33997
16	64981158	64981258	7601
16	64981284	64981384	10172
16	64981432	64982053	66427
16	64982401	64982720	24587
16	64984614	64984975	26568
16	65005419	65005660	20832
16	65005749	65006020	24514
16	65006753	65006994	7804
16	65015896	65016257	38708
16	65022032	65022273	28408
16	65025633	65025874	42104
16	65026756	65026997	21106
16	65032400	65032791	30187
16	65038535	65038782	20677
16	65158238	65158348	2215
16	65161339	65161497	4849
16	65199795	65199895	5040
16	65200835	65200936	6087
16	65201286	65201406	6949
16	65203976	65204076	4456
16	65319268	65319389	2962
16	65345262	65345503	20192
16	65358846	65358947	15505
16	65361366	65361712	30906
16	65363992	65364152	6624
16	65368606	65368737	13175
16	65370266	65370418	13418
16	65377189	65377311	12223
16	65377417	65377532	7180
16	65377608	65377708	6841
16	65379572	65379700	6278
16	65381998	65382126	3751
16	65382312	65382422	6319
16	65388113	65388234	9278
16	65390312	65390413	2142
16	65397056	65397177	7679
16	65746052	65746362	15484
16	65746499	65746697	3657
16	65746780	65747028	13675
16	66413194	66413465	20686
16	66420674	66421035	37827
16	66422163	66422404	20329
16	66423225	66423462	18788
16	66424278	66424519	14861
16	66425986	66426342	11928
16	66429911	66430152	17408
16	66431825	66432066	20249
16	66432320	66432474	21620
16	66434615	66434976	36142
16	66436512	66437091	6887
16	66437740	66437840	4447
16	66438101	66438202	3670
16	66438591	66438691	3177
16	66471541	66471642	7330
16	66495266	66495366	2049
16	66503471	66503855	28908
16	66511416	66511657	10664
16	66514477	66514838	41273
16	66526865	66527341	39046
16	66545828	66545979	14707
16	66547612	66547733	5253
16	66550987	66551138	15371
16	66551674	66551795	14439
16	66562872	66562993	5081
16	66565266	66565387	7569
16	66570802	66570953	10342
16	66575757	66575878	5397
16	66581827	66581928	2792
16	66582835	66582956	8817
16	66583784	66584221	17859
16	66586566	66586717	7897
16	66592050	66592291	38786
16	66597011	66597132	16559
16	66599730	66600049	27931
16	66600361	66601085	44036
16	66603629	66603750	8727
16	66603796	66604037	14805
16	66604996	66605117	7250
16	66610964	66611115	6573
16	66612697	66612938	34505
16	66613441	66613832	15556
16	66613886	66614127	39739
16	66620889	66621011	17598
16	66621770	66622041	13517
16	66638699	66638916	0
16	66642168	66642409	9673
16	66643324	66643445	7790
16	66643724	66643965	37001
16	66646464	66646585	14342
16	66646931	66647052	12499
16	66651159	66651280	6298
16	66654603	66654703	3746
16	66654905	66655005	7787
16	66655307	66655408	5773
16	66655627	66655727	3714
16	66655921	66656162	14934
16	66657264	66657415	7343
16	66670274	66670515	16107
16	66730214	66730438	0
16	66754834	66754935	8819
16	66755102	66755203	6842
16	66755340	66755539	14583
16	66755596	66755697	4990
16	66755981	66756082	5988
16	66756143	66756369	12819
16	66756549	66756650	4405
16	66757242	66757363	13384
16	66757491	66757735	13862
16	66759637	66759908	15177
16	66761528	66761769	12162
16	66762033	66762191	13568
16	66762911	66763032	18466
16	66764005	66764136	4960
16	66766188	66766429	13751
16	66768106	66768227	13489
16	66769941	66770182	24427
16	66776331	66776581	15770
16	66783036	66783277	50192
16	66785151	66785272	18518
16	66785378	66785504	1150
16	66788878	66789067	19667
16	66792658	66792758	10331
16	66793035	66793194	12211
16	66801315	66801456	12158
16	66801988	66802089	10036
16	66803838	66804278	61088
16	66806450	66806691	17951
16	66809020	66809147	11022
16	66811050	66811291	7670
16	66812720	66812961	15181
16	66819628	66820094	31706
16	66820096	66820217	12698
16	66822011	66822210	13503
16	66824440	66824681	21701
16	66824745	66824986	19984
16	66830624	66830745	12048
16	66836740	66836841	2809
16	66836902	66837031	3968
16	66839613	66839991	22699
16	66842408	66842529	17173
16	66842873	66842994	6672
16	66844235	66844356	9400
16	66844546	66844697	14779
16	66847382	66847653	26723
16	66847658	66847779	11188
16	66850438	66850589	17121
16	66850838	66850959	9094
16	66851258	66851418	5138
16	66852421	66852550	7977
16	66855343	66855472	3535
16	66857108	66857229	7129
16	66857406	66857527	6301
16	66858711	66858832	5384
16	66860394	66860515	8403
16	66860540	66860693	8027
16	66861849	66862007	15272
16	66864714	66864835	1100
16	66878349	66878470	1025
16	66880910	66881151	14720
16	66884381	66884622	21430
16	66885352	66885473	22542
16	66885536	66885657	18036
16	66886541	66886812	16236
16	66887218	66887513	25903
16	66887631	66887908	18019
16	66887937	66888038	4757
16	66918141	66921856	261883
16	66942252	66942403	10458
16	66943106	66943296	7112
16	66943851	66944006	10970
16	66944072	66944463	32952
16	66945030	66945271	14243
16	66945711	66946358	57380
16	66946383	66946504	10291
16	66946529	66946804	7894
16	66946957	66947228	20384
16	66947303	66947574	14575
16	66948065	66948336	30013
16	66949063	66949321	14283
16	66949915	66950374	48301
16	66951525	66951646	9744
16	66951884	66952005	8042
16	66955575	66955675	5543
16	66955906	66956297	33569
16	66957399	66957640	18662
16	66957694	66957845	11375
16	66958656	66959137	8408
16	66966093	66966214	7921
16	66966644	66966765	12834
16	66967458	66967691	14735
16	66967867	66967993	3034
16	66968074	66968316	2701
16	66969299	66969660	65873
16	66971920	66972161	15659
16	66973039	66973310	21284
16	66974070	66974648	131145
16	66974984	66975135	8563
16	66975357	66975598	11070
16	66975619	66975770	11505
16	66975928	66976199	16152
16	66976498	66976739	16048
16	66977176	66977297	5420
16	66977683	66977954	35295
16	66995190	66995311	12886
16	66997062	66997303	28301
16	66997311	66997582	19704
16	66997650	66997891	29685
16	66998215	66998456	21289
16	66998486	66998640	24713
16	67000106	67000258	8499
16	67000546	67000817	22830
16	67003530	67003681	12105
16	67004997	67005268	15690
16	67006182	67006453	46459
16	67006518	67006669	12526
16	67006703	67006974	11659
16	67022607	67022764	8709
16	67029480	67029751	26065
16	67034523	67034692	24786
16	67034705	67034946	9322
16	67035166	67035407	17773
16	67036963	67037087	12541
16	67037149	67037273	11597
16	67037330	67037487	7100
16	67037905	67038176	45406
16	67038674	67038795	4454
16	67039068	67039339	26845
16	67040236	67040477	13055
16	67040592	67040743	17023
16	67042809	67043080	31490
16	67063277	67063417	2842
16	67063611	67063732	1587
16	67070478	67070719	29641
16	67100521	67100762	19222
16	67116092	67116298	33521
16	67132562	67132697	12098
16	67133553	67133725	12830
16	67134004	67134475	37091
16	67134659	67134760	11895
16	67134802	67134920	7077
16	67144049	67144170	8168
16	67153994	67154115	13134
16	67159812	67159963	9940
16	67165149	67165270	9821
16	67166280	67166881	87840
16	67168028	67168179	32588
16	67168222	67168380	25090
16	67173832	67174073	29776
16	67174394	67174515	8566
16	67178176	67178297	11480
16	67178697	67178818	10171
16	67179239	67179360	11023
16	67179410	67179561	10591
16	67180125	67180276	30788
16	67180899	67181050	13012
16	67181221	67181321	6097
16	67181445	67181558	10100
16	67181708	67181868	18571
16	67182003	67182305	19664
16	67183122	67184575	73218
16	67188525	67188886	12991
16	67188976	67189217	9078
16	67189237	67189598	3337
16	67190366	67190607	14281
16	67195643	67195884	25942
16	67196695	67197776	91715
16	67198523	67198623	441
16	67198654	67198895	366
16	67199415	67199543	6282
16	67199564	67200030	4156
16	67200169	67200320	11590
16	67200431	67200552	6323
16	67200982	67201135	28250
16	67201288	67201559	34862
16	67201587	67201860	40890
16	67202695	67202849	9482
16	67202880	67203031	6067
16	67203125	67203276	12850
16	67203459	67203730	30610
16	67208038	67208399	24972
16	67208500	67209025	52691
16	67210242	67210369	7756
16	67210644	67210915	30548
16	67211870	67212021	3674
16	67212073	67212789	16973
16	67213247	67213518	24952
16	67213638	67213909	22515
16	67213927	67214569	112842
16	67218270	67218521	10283
16	67218529	67219448	39915
16	67220130	67220260	11166
16	67220448	67220570	16707
16	67220573	67221793	85041
16	67222582	67223122	34774
16	67223465	67223616	15355
16	67226121	67226289	8519
16	67226654	67226783	4271
16	67226871	67227112	11219
16	67227305	67227456	20123
16	67228240	67228391	6848
16	67228554	67228915	26465
16	67229671	67229970	36785
16	67231434	67231585	17884
16	67231700	67232088	30742
16	67233007	67233368	22063
16	67233414	67233682	4808
16	67233787	67233938	9802
16	67234028	67234299	14408
16	67234312	67234463	11938
16	67234514	67234755	29178
16	67234770	67234891	11073
16	67235258	67235830	45258
16	67235839	67235991	11292
16	67236041	67236731	55495
16	67236759	67236917	12131
16	67237012	67237136	10457
16	67237179	67237330	11207
16	67237381	67237502	16934
16	67237522	67237793	17468
16	67241440	67241711	53050
16	67241733	67242004	24325
16	67242135	67242755	34945
16	67243899	67244420	21170
16	67244462	67244927	35319
16	67257728	67257830	1716
16	67260839	67260939	6930
16	67261063	67261184	19862
16	67261725	67261990	13447
16	67262226	67262596	32870
16	67262680	67262801	12552
16	67262826	67263067	10990
16	67263363	67263463	4832
16	67263518	67263639	10234
16	67263673	67264169	33150
16	67264191	67264432	18355
16	67264447	67264718	27391
16	67265020	67265750	64483
16	67265898	67266137	44050
16	67267506	67268437	108327
16	67269895	67269995	5243
16	67270275	67270375	3244
16	67270423	67270646	11141
16	67270791	67271333	39837
16	67271363	67271484	8829
16	67271550	67271681	5873
16	67271898	67272049	12089
16	67272066	67272220	14591
16	67272255	67272376	7125
16	67272776	67272897	7978
16	67273212	67273367	6854
16	67281091	67281332	24555
16	67282889	67283130	20916
16	67286414	67286775	31261
16	67288854	67289125	41257
16	67289243	67289394	4228
16	67289623	67289864	15232
16	67290330	67290602	14664
16	67290763	67291034	12464
16	67291201	67291352	12109
16	67291377	67291528	16830
16	67292164	67292405	22205
16	67293458	67293579	5102
16	67293664	67293905	18191
16	67296092	67296213	17460
16	67298188	67298459	22763
16	67298884	67299035	20065
16	67299908	67300209	27302
16	67304631	67305217	61853
16	67305394	67305495	9260
16	67313895	67314539	36271
16	67314570	67314966	49447
16	67314979	67315100	17343
16	67315417	67315568	11396
16	67315592	67315750	14429
16	67315869	67316020	9213
16	67316026	67316297	18229
16	67316353	67316803	32963
16	67318117	67318388	27125
16	67318553	67319493	78174
16	67320160	67320281	17998
16	67320337	67320579	13559
16	67320615	67321111	44208
16	67321737	67321978	11462
16	67322060	67322313	20193
16	67322328	67322569	24528
16	67322617	67322768	7338
16	67323437	67323595	9434
16	67324777	67324899	8687
16	67325167	67325408	12321
16	67325523	67325764	18491
16	67327376	67328120	115099
16	67328418	67328659	29045
16	67328856	67328977	13266
16	67329115	67329356	29678
16	67330050	67330172	15074
16	67331334	67331605	29044
16	67333219	67333567	36315
16	67335608	67335879	22800
16	67336993	67337264	32722
16	67338277	67338518	35183
16	67354428	67354812	35628
16	67360547	67360668	9582
16	67360750	67360884	4721
16	67375802	67376043	15531
16	67380133	67380374	31963
16	67381354	67381505	7244
16	67384087	67384238	13529
16	67397442	67397674	25909
16	67399171	67399292	5980
16	67400898	67401379	44878
16	67404816	67405247	36475
16	67409111	67409352	16936
16	67410581	67410822	25951
16	67412441	67412673	12421
16	67415971	67416212	16132
16	67418731	67419002	53991
16	67423719	67423820	9478
16	67424049	67424290	27775
16	67424307	67424578	14415
16	67424799	67425040	31887
16	67428325	67428838	17355
16	67428863	67429183	48701
16	67429366	67429487	11549
16	67432079	67432237	16697
16	67432433	67432904	31386
16	67433247	67433369	14224
16	67434826	67435067	18617
16	67438323	67438424	5056
16	67440042	67440403	24933
16	67441561	67441724	11003
16	67465141	67465463	238
16	67469515	67469756	13888
16	67469801	67470299	42942
16	67470457	67470938	36803
16	67471260	67471361	6231
16	67472397	67472631	22858
16	67472643	67472794	7554
16	67472810	67473081	14845
16	67473124	67473275	10502
16	67476950	67477101	12263
16	67478368	67478639	19259
16	67487381	67487652	22315
16	67491009	67491513	34732
16	67514773	67515044	58153
16	67516508	67516749	14603
16	67516879	67517030	12137
16	67517115	67517356	15607
16	67563694	67563794	8262
16	67571440	67571541	1196
16	67572326	67572463	2566
16	67572499	67572770	27702
16	67572840	67572991	9928
16	67573551	67573835	35955
16	67573880	67574294	46492
16	67574321	67574664	34786
16	67575255	67577188	209101
16	67577193	67577493	26631
16	67578146	67578387	14600
16	67578514	67578785	23434
16	67578788	67579059	27180
16	67579206	67579477	14493
16	67579513	67579784	29761
16	67579802	67579953	8151
16	67580027	67580148	7879
16	67580256	67580377	12812
16	67580416	67580517	17289
16	67596408	67596508	81
16	67596534	67596635	32
16	67605056	67605177	10463
16	67644674	67645545	45266
16	67645817	67646058	9916
16	67650593	67650834	37832
16	67654538	67654779	36823
16	67655298	67655539	19970
16	67660416	67660657	59771
16	67662242	67662483	29066
16	67663247	67663488	17503
16	67670552	67670793	20541
16	67671531	67671802	13079
16	67671863	67672029	14972
16	67672038	67672166	8919
16	67672430	67672610	7687
16	67672752	67672896	11386
16	67672903	67673004	9260
16	67679006	67679229	17251
16	67679427	67679548	8389
16	67679592	67679713	9418
16	67679890	67680011	8699
16	67680029	67680270	24015
16	67680313	67680434	9080
16	67680590	67680711	11024
16	67680778	67680899	12984
16	67680995	67681116	19060
16	67681184	67681305	12848
16	67681396	67681517	15175
16	67681564	67682415	30618
16	67682561	67682686	6429
16	67682775	67682896	8852
16	67682965	67683086	7321
16	67683124	67683245	4884
16	67683314	67683555	11932
16	67683668	67684122	28794
16	67685032	67685480	41007
16	67685536	67685758	13625
16	67685806	67685927	10763
16	67686032	67686252	40846
16	67686346	67686467	30736
16	67686897	67687275	952
16	67687997	67688861	170774
16	67689890	67690011	7702
16	67690105	67690226	10169
16	67690256	67690617	26134
16	67690682	67690803	10052
16	67691119	67691240	12715
16	67691243	67691607	30809
16	67691649	67691770	11123
16	67691805	67692316	62160
16	67692409	67692560	9425
16	67692579	67692730	7274
16	67692785	67693026	11138
16	67693057	67693359	14923
16	67693386	67693537	5113
16	67693560	67693711	9980
16	67693755	67694442	22076
16	67694922	67695061	8963
16	67695347	67695590	42146
16	67695751	67696592	79201
16	67697022	67697761	50916
16	67697781	67698064	16754
16	67698833	67699104	17265
16	67699919	67700190	12303
16	67700241	67700362	1472
16	67700803	67701044	19340
16	67701129	67702542	134514
16	67702583	67702684	4279
16	67708995	67709986	105096
16	67719279	67719668	28766
16	67756992	67757093	9790
16	67757102	67757203	11732
16	67757325	67757438	18510
16	67757829	67757977	5386
16	67758952	67759053	7565
16	67759312	67759413	4693
16	67759726	67759941	12844
16	67759958	67760155	15119
16	67760244	67760515	14597
16	67761194	67761351	8091
16	67761605	67761846	13595
16	67762232	67762473	22085
16	67763107	67763428	72550
16	67763535	67763776	14652
16	67763803	67763959	13399
16	67765339	67765497	35710
16	67768701	67768972	18581
16	67771865	67771986	3474
16	67778123	67778394	30347
16	67778570	67779149	25814
16	67805871	67806013	10404
16	67837005	67837218	20907
16	67839295	67839452	16735
16	67840195	67840450	24067
16	67841025	67841126	12278
16	67848204	67848304	6661
16	67854714	67854865	5824
16	67854943	67855184	22060
16	67857514	67857635	8220
16	67858432	67858703	19643
16	67858986	67859227	28689
16	67859503	67860239	41408
16	67860281	67860522	19464
16	67860549	67860790	29922
16	67860829	67860985	11972
16	67861093	67861334	16647
16	67861337	67861492	16273
16	67861500	67861955	33361
16	67862080	67862491	17782
16	67862506	67862777	13985
16	67863311	67863432	8527
16	67863648	67864127	55301
16	67864220	67864491	27940
16	67865038	67865309	19765
16	67865435	67865556	8661
16	67865603	67865844	19754
16	67865871	67866022	13531
16	67866083	67866234	14806
16	67866311	67866462	15207
16	67867643	67867772	2448
16	67876448	67878099	144946
16	67880841	67880942	170
16	67881180	67881359	1798
16	67899021	67899142	7664
16	67902217	67902338	13252
16	67902361	67902512	14657
16	67904668	67904826	18058
16	67905001	67905250	19592
16	67907144	67907265	352
16	67909804	67910045	30855
16	67910355	67910512	8427
16	67910734	67910885	8458
16	67911093	67911758	82380
16	67912032	67912188	27483
16	67912213	67912364	13080
16	67912425	67912546	11277
16	67912599	67912752	16425
16	67912828	67913069	17231
16	67913114	67913235	21909
16	67913269	67913420	23304
16	67913462	67914162	54043
16	67914405	67914916	51635
16	67914939	67915477	32619
16	67915508	67915779	27008
16	67915783	67917090	92982
16	67917401	67917672	17633
16	67917833	67918074	26230
16	67918784	67918905	5355
16	67919569	67919810	15928
16	67919838	67920199	31864
16	67941751	67941851	7038
16	67942582	67943714	90480
16	67956188	67956288	9082
16	67961175	67961566	40862
16	67962244	67962345	5371
16	67962351	67962451	4652
16	67962821	67963016	14196
16	67963796	67964274	51672
16	67964279	67964520	11079
16	67964578	67964729	15141
16	67964771	67964922	32576
16	67964991	67965114	12222
16	67965668	67965789	12040
16	67968427	67968584	18031
16	67968624	67968895	18848
16	67969290	67969411	11072
16	67969421	67969662	17706
16	67969814	67970055	30992
16	67970075	67970226	20270
16	67970253	67970404	20672
16	67970563	67970684	3691
16	67973762	67974393	54595
16	67976226	67976500	15789
16	67976530	67976681	6576
16	67976700	67977156	25683
16	67977806	67978047	116364
16	67978727	67978848	11543
16	67978905	67979176	15196
16	67979212	67979483	21065
16	67979629	67979784	16800
16	67979798	67980278	63116
16	67980317	67980558	33307
16	67980772	67981043	40140
16	67981194	67981348	4251
16	67981510	67981751	8937
16	67981921	67982072	13022
16	67983610	67983881	19397
16	67984157	67984428	27288
16	67984494	67984645	11201
16	67984822	67985244	34924
16	67985711	67985952	16976
16	67986026	67986387	29421
16	67988006	67988122	6016
16	67988489	67988730	18823
16	67991610	67991731	16579
16	67991752	67991993	18216
16	67995392	67995663	20108
16	67997323	67997474	15407
16	67997831	67997932	6415
16	68000616	68000717	2208
16	68002276	68002558	400
16	68009604	68010183	97381
16	68010579	68010700	7656
16	68011153	68011274	11561
16	68011522	68011763	16234
16	68011814	68011935	12672
16	68012119	68012584	44550
16	68013483	68013724	36027
16	68013969	68014417	18367
16	68021324	68021942	62044
16	68023202	68023323	11119
16	68023900	68024051	14532
16	68024660	68024931	31385
16	68024961	68025112	19319
16	68025690	68026151	64258
16	68026354	68026595	27924
16	68026802	68027163	39776
16	68055422	68057960	356555
16	68071868	68072109	44350
16	68083369	68083490	12126
16	68087451	68087572	10434
16	68088439	68088560	27056
16	68089672	68089896	4495
16	68090235	68090356	17102
16	68094901	68095052	9386
16	68100161	68100312	20811
16	68100412	68100563	11524
16	68104018	68104139	27156
16	68104805	68105046	17077
16	68107846	68108117	22514
16	68109181	68109452	21488
16	68110487	68110638	15545
16	68112323	68112444	15340
16	68112559	68112950	33220
16	68113111	68113211	6282
16	68119574	68119697	1552
16	68155855	68157056	87963
16	68160310	68160551	32424
16	68191750	68191991	11556
16	68200710	68200951	31533
16	68208225	68208466	20930
16	68215344	68215465	9029
16	68217084	68217325	25082
16	68224633	68225720	113408
16	68248220	68248342	34521
16	68255081	68255202	8475
16	68260192	68260475	31693
16	68260581	68260722	18608
16	68262407	68262508	4999
16	68262542	68262643	6382
16	68263293	68263394	4335
16	68264112	68264494	22422
16	68264685	68264956	32110
16	68265028	68265299	25537
16	68265339	68265610	20362
16	68265644	68266035	23853
16	68266078	68266750	44513
16	68267217	68267338	7899
16	68267606	68267847	31034
16	68267862	68268020	13102
16	68269479	68270064	4054
16	68279271	68279512	66167
16	68283149	68283390	11409
16	68288729	68289000	40985
16	68289172	68289293	11437
16	68289628	68289903	33717
16	68292973	68293604	36328
16	68293738	68293839	5131
16	68294152	68294253	13999
16	68308589	68309190	72905
16	68321590	68321831	59056
16	68324265	68324490	42851
16	68325052	68325293	60432
16	68325451	68325574	26258
16	68328564	68328715	14141
16	68330190	68330461	39738
16	68330500	68330741	46988
16	68331122	68331243	12663
16	68331306	68331434	5866
16	68331745	68331846	7579
16	68332034	68332135	16953
16	68332919	68333020	20173
16	68333230	68333331	8076
16	68335091	68335362	17943
16	68336222	68336463	55187
16	68337880	68338151	43527
16	68344195	68344556	29053
16	68344582	68344853	32186
16	68349868	68349989	18704
16	68355285	68355406	21749
16	68358539	68358780	20000
16	68362959	68363087	13249
16	68371352	68371484	7342
16	68373164	68373525	29289
16	68373629	68373900	29869
16	68379490	68379761	19049
16	68379994	68380235	13665
16	68381094	68381215	5925
16	68381466	68381617	12799
16	68382198	68382349	14133
16	68383796	68384226	65877
16	68386080	68386399	47783
16	68387370	68387491	10148
16	68389584	68389825	57770
16	68390590	68390711	8657
16	68390890	68391161	21892
16	68392229	68392330	9213
16	68392434	68392535	7255
16	68392884	68392985	8301
16	68393439	68393540	10142
16	68394003	68394104	664
16	68394453	68394554	8282
16	68394562	68394677	14316
16	68394793	68394929	7940
16	68395068	68395220	21189
16	68395432	68395703	23560
16	68397339	68397490	14225
16	68397663	68397784	10966
16	68398580	68398851	28876
16	68398866	68399017	15884
16	68404671	68406142	102159
16	68573650	68573771	2323
16	68591842	68592083	48030
16	68592362	68592483	9086
16	68596932	68598736	138963
16	68679090	68679190	1645
16	68679243	68679364	1437
16	68679474	68679715	5943
16	68710269	68710390	8103
16	68711957	68712228	19601
16	68712360	68712601	24857
16	68712615	68712856	24462
16	68713668	68713909	17948
16	68714783	68715054	15866
16	68716176	68716417	16354
16	68718395	68718786	41344
16	68719029	68719300	25494
16	68721405	68721649	12193
16	68725574	68725845	23500
16	68729071	68729342	16944
16	68729631	68729872	15399
16	68732047	68732318	36483
16	68771292	68771424	419
16	68772135	68772376	37722
16	68835533	68835806	18518
16	68842277	68842518	24884
16	68842552	68842793	12957
16	68844020	68844291	18790
16	68845553	68845794	25171
16	68845980	68846221	41631
16	68847159	68847520	31734
16	68849358	68849719	43226
16	68853134	68853375	25528
16	68855894	68856138	23131
16	68857264	68857539	19603
16	68862020	68862261	46722
16	68863507	68863748	21970
16	68867146	68867417	18578
16	68868681	68868782	6824
16	68869384	68869485	6327
16	68877506	68877627	13378
16	68893745	68894466	79793
16	68896844	68896965	2545
16	68900931	68901172	18675
16	68909003	68909244	18600
16	68911980	68912221	33001
16	68914430	68914551	26564
16	68934331	68934470	23874
16	68936197	68936438	13914
16	68941290	68941531	22509
16	68943088	68943329	11197
16	68952933	68953174	26342
16	68961427	68962028	53601
16	68964108	68964229	11014
16	69007879	69008120	25426
16	69056685	69056926	20704
16	69067891	69068338	41339
16	69074146	69074387	32792
16	69100634	69100791	5283
16	69103642	69103835	31546
16	69105738	69105912	21024
16	69109029	69109143	2689
16	69117354	69117595	18212
16	69143255	69143976	53586
16	69147303	69147455	8499
16	69148226	69149249	110318
16	69149668	69149919	12887
16	69150307	69150407	7613
16	69151106	69151267	33429
16	69151330	69151431	20862
16	69151884	69152056	4902
16	69152248	69152375	15044
16	69152378	69152536	9111
16	69152693	69154614	230385
16	69154863	69155134	16822
16	69155288	69155409	7279
16	69165974	69166074	10013
16	69166384	69166484	36
16	69167320	69167561	34530
16	69170573	69170814	32307
16	69171684	69171805	4970
16	69173711	69173832	14976
16	69177065	69177306	36989
16	69184374	69184645	26377
16	69184670	69184821	13828
16	69187473	69187612	7435
16	69188266	69188387	7132
16	69189713	69189954	36966
16	69190943	69191184	13650
16	69194220	69194375	11356
16	69196942	69197093	25156
16	69199215	69199474	14627
16	69199975	69200075	12785
16	69200941	69201098	14965
16	69202660	69202901	13855
16	69221037	69221717	1992
16	69279460	69279731	18372
16	69279845	69279966	8692
16	69293906	69294177	27776
16	69303995	69304236	24846
16	69317927	69318168	31106
16	69333463	69333704	18434
16	69334689	69334840	17516
16	69334844	69334981	8037
16	69335558	69335733	16602
16	69337528	69337649	16267
16	69338253	69338354	9161
16	69339075	69339175	2921
16	69342050	69342151	11481
16	69342841	69342942	5486
16	69345363	69345484	264
16	69349845	69350321	27199
16	69352522	69352643	6446
16	69352716	69352905	12902
16	69353246	69353487	18102
16	69353996	69354237	23411
16	69354570	69354691	6814
16	69354942	69355183	13860
16	69356411	69356652	18297
16	69358040	69358281	17485
16	69362882	69363123	25851
16	69363885	69364486	1959
16	69364688	69365049	19289
16	69366559	69366820	18407
16	69368414	69369261	74137
16	69370390	69370631	8108
16	69373025	69373506	29004
16	69373669	69373820	12933
16	69373860	69374011	15152
16	69374014	69374285	18312
16	69375031	69375272	26502
16	69375374	69375615	27543
16	69377300	69377553	22062
16	69381643	69381884	29315
16	69383339	69383610	14337
16	69385398	69385676	23211
16	69389574	69389675	2871
16	69390758	69390999	26803
16	69391351	69391502	14847
16	69395288	69395409	8462
16	69400634	69401145	47177
16	69402269	69402395	9691
16	69404337	69404578	13652
16	69406153	69406274	5110
16	69418396	69418667	25362
16	69419280	69419401	6308
16	69419433	69419908	999
16	69458552	69458793	29019
16	69480965	69481236	38490
16	69481971	69482108	20033
16	69492959	69493112	14390
16	69496286	69496437	19214
16	69498644	69498744	10041
16	69499976	69500179	37136
16	69599679	69599800	5
16	69599861	69599961	1226
16	69600179	69600300	757
16	69602363	69602484	14327
16	69660247	69660488	19226
16	69679190	69679291	7831
16	69680400	69680500	2003
16	69680878	69681509	51812
16	69687113	69687354	17345
16	69689485	69689726	20866
16	69693564	69693835	21605
16	69703825	69704066	23089
16	69704073	69704224	14027
16	69711062	69711291	12059
16	69718770	69718891	7904
16	69724795	69725036	29026
16	69725611	69728162	157408
16	69729029	69729284	31436
16	69730361	69730462	6797
16	69730567	69730668	5812
16	69730898	69731038	9172
16	69731454	69731684	15126
16	69732029	69732525	52391
16	69732566	69732667	6592
16	69732733	69732833	16418
16	69733157	69733311	7589
16	69733479	69733580	4697
16	69733610	69733711	2376
16	69735238	69735339	8778
16	69736020	69736130	10067
16	69736702	69736802	14367
16	69736804	69736997	18430
16	69737096	69737196	5785
16	69737394	69737494	16813
16	69737541	69737642	23509
16	69738028	69738129	8334
16	69738237	69738546	28609
16	69744850	69745211	27922
16	69746891	69747042	8532
16	69748832	69748990	5676
16	69751939	69752474	24315
16	69760247	69760398	31464
16	69776188	69776549	51571
16	69778726	69778967	21835
16	69782122	69782243	5370
16	69782799	69783040	16921
16	69783057	69783298	16576
16	69783406	69783557	10465
16	69786095	69786328	27117
16	69788411	69788682	16836
16	69788720	69788841	2788
16	69790384	69790505	12642
16	69791293	69791414	34833
16	69820857	69821008	6600
16	69832507	69832778	21211
16	69833016	69833257	14790
16	69873976	69874217	21942
16	69875913	69876034	841
16	69905649	69905890	30775
16	69921925	69922166	25224
16	69942617	69942768	25891
16	69951547	69951818	19166
16	69959268	69959419	12301
16	69963300	69963451	8907
16	69963544	69963644	10984
16	69963975	69964216	14970
16	69965001	69965152	15380
16	69965386	69965507	6827
16	69965657	69965808	19877
16	69966959	69967108	16845
16	69967831	69968060	32092
16	69969060	69969160	11008
16	69969671	69969942	9777
16	69970133	69970404	15575
16	69970929	69971200	16192
16	69971411	69971565	5981
16	69972916	69973037	13751
16	69973218	69973339	15761
16	69973732	69973936	18440
16	69974100	69974200	8988
16	69974758	69974859	8301
16	69975350	69975451	18405
16	69975573	69975673	14093
16	69976139	69976239	8687
16	69985210	69985451	53631
16	69985922	69986043	43733
16	69988145	69988536	64447
16	69992832	69992953	21056
16	69993302	69993543	23916
16	69993632	69993759	20629
16	69994260	69994382	32298
16	69994738	69994864	31320
16	69995432	69996053	94636
16	69996595	69996746	24381
16	69996863	69996984	55836
16	69997434	69997555	21812
16	70010519	70010704	9761
16	70011713	70011836	36016
16	70012093	70012226	33741
16	70013121	70013362	72447
16	70020381	70020502	35309
16	70029910	70030091	65014
16	70030309	70030430	63082
16	70044585	70044826	30797
16	70045726	70045847	6677
16	70047977	70048098	11887
16	70051913	70052034	8705
16	70055668	70055909	39267
16	70057269	70057390	8021
16	70057495	70057617	12539
16	70058469	70058590	19334
16	70064868	70064990	8179
16	70065775	70065897	14091
16	70068047	70068288	39401
16	70070286	70070527	34507
16	70072786	70072908	11480
16	70076225	70076346	11804
16	70076808	70076929	10398
16	70078235	70078356	15317
16	70099607	70099790	3505
16	70134302	70134423	8628
16	70154327	70154690	74398
16	70161108	70161349	48037
16	70162666	70162787	42749
16	70162822	70163067	70182
16	70164262	70164506	54800
16	70164621	70164742	44236
16	70165142	70165383	64468
16	70165811	70165932	46000
16	70166007	70166248	77972
16	70170071	70170312	60138
16	70172742	70172983	69767
16	70176093	70176334	77002
16	70176401	70176642	45745
16	70177365	70177606	62015
16	70178258	70178499	81459
16	70180022	70180143	28406
16	70182345	70182471	32531
16	70187263	70187504	44441
16	70190338	70190819	86150
16	70190893	70191134	22066
16	70191289	70191389	13939
16	70191607	70191708	43543
16	70208122	70208363	25073
16	70208834	70208955	26441
16	70211052	70211443	71451
16	70215740	70215861	19552
16	70216210	70216451	22269
16	70216540	70216667	23700
16	70217168	70217290	31681
16	70217646	70217772	29804
16	70218340	70218961	95746
16	70219503	70219654	18365
16	70219772	70219893	13388
16	70220343	70220464	15978
16	70253774	70253894	43948
16	70254582	70254826	88581
16	70255109	70255350	129542
16	70256203	70256448	99151
16	70260652	70260895	68480
16	70260970	70261209	60859
16	70263596	70263838	44047
16	70264836	70265098	92551
16	70265206	70265448	116928
16	70265793	70266034	75453
16	70266515	70266759	125898
16	70267256	70267497	76342
16	70267500	70267621	33143
16	70268014	70268255	57948
16	70268859	70269103	70598
16	70269162	70269401	77876
16	70274869	70275231	114916
16	70277516	70277735	102386
16	70279409	70279530	33786
16	70280415	70280536	44921
16	70284870	70285834	18992
16	70286401	70286502	9766
16	70286565	70286836	28343
16	70287136	70287294	12357
16	70287568	70287719	17109
16	70287730	70288001	20274
16	70288489	70288647	9512
16	70289593	70289749	13817
16	70291876	70292147	14792
16	70292864	70293105	25084
16	70294937	70295070	12891
16	70296216	70296457	23923
16	70298811	70299052	22185
16	70299381	70299622	36411
16	70301515	70301756	22969
16	70302164	70302292	10831
16	70303472	70303713	22307
16	70304049	70304290	32147
16	70305628	70305899	14269
16	70310340	70310581	16756
16	70310841	70311082	19302
16	70316481	70316714	12662
16	70333164	70333288	14371
16	70346474	70346595	15626
16	70348740	70348891	16496
16	70349818	70350059	17102
16	70351383	70351504	16196
16	70358447	70358600	12755
16	70359412	70359630	16757
16	70363162	70363403	23259
16	70363671	70364032	49547
16	70365584	70365825	28028
16	70366845	70367086	50703
16	70367393	70367514	12318
16	70367555	70367656	7944
16	70380861	70381170	34556
16	70384422	70384573	11428
16	70389321	70389472	8703
16	70389991	70390202	11851
16	70390711	70390812	7542
16	70395275	70395426	18242
16	70398435	70398558	9468
16	70398855	70399096	24201
16	70399914	70400196	26551
16	70400464	70400825	53095
16	70404085	70404326	28108
16	70405249	70405490	40614
16	70405797	70405918	13717
16	70405959	70406060	8522
16	70415557	70415798	33520
16	70416616	70416887	35324
16	70417019	70417170	8455
16	70422208	70422479	21804
16	70428830	70429101	21966
16	70432052	70432443	5117
16	70497043	70497194	14610
16	70497450	70497721	23170
16	70498884	70499113	45280
16	70499946	70500217	26354
16	70500729	70500880	14800
16	70501234	70501385	14327
16	70501737	70501888	19561
16	70502660	70502918	33199
16	70502989	70503260	24720
16	70504181	70504339	12864
16	70504863	70504985	37362
16	70505048	70505289	24696
16	70506384	70506535	7729
16	70506829	70507310	42674
16	70508015	70508256	32182
16	70508392	70508633	24170
16	70508682	70508924	10826
16	70509203	70509444	12578
16	70509459	70509730	21304
16	70512147	70512388	23560
16	70512412	70512563	14151
16	70513073	70513316	30662
16	70513471	70513593	10642
16	70514084	70514185	24005
16	70514828	70515099	16850
16	70515174	70515445	27255
16	70515626	70515778	14457
16	70515975	70516096	15055
16	70516616	70516737	13829
16	70517662	70517933	32893
16	70524202	70524323	13535
16	70530130	70530371	31839
16	70531055	70531326	13833
16	70531777	70532018	22362
16	70534806	70535047	21323
16	70542276	70542451	19817
16	70542654	70542775	6525
16	70543091	70543332	19181
16	70543809	70543934	4363
16	70546117	70546358	15102
16	70548203	70548444	13443
16	70551519	70551705	8393
16	70553531	70553652	9499
16	70557209	70557480	34679
16	70560533	70560654	8819
16	70562757	70563118	42570
16	70563402	70563505	3567
16	70564612	70564853	45518
16	70566331	70566572	14724
16	70569175	70569333	20211
16	70571893	70572014	4362
16	70572173	70572414	20847
16	70572967	70573120	16470
16	70575503	70575774	48313
16	70578327	70578448	14190
16	70582247	70582368	6438
16	70583020	70583121	8115
16	70584516	70584617	10966
16	70588303	70588544	31543
16	70588910	70589151	34221
16	70590008	70590279	35519
16	70590739	70590980	29907
16	70594311	70594552	32465
16	70595488	70595729	21042
16	70597744	70597985	16202
16	70598919	70599190	40297
16	70599227	70599468	48590
16	70601255	70601496	17081
16	70602140	70602411	49698
16	70602933	70603054	5020
16	70603859	70604100	15401
16	70604958	70605112	16527
16	70605524	70605765	20312
16	70605942	70606129	9607
16	70680803	70680924	21296
16	70688386	70688627	43837
16	70690452	70690603	8368
16	70690792	70691063	22547
16	70693467	70693708	33929
16	70693843	70694114	6408
16	70694478	70694578	8700
16	70695067	70695541	24322
16	70696552	70696653	4276
16	70697544	70698385	76622
16	70698432	70698703	26469
16	70698789	70699030	4217
16	70699344	70699465	17420
16	70708168	70708441	73272
16	70710741	70710892	8738
16	70711685	70711812	8355
16	70712082	70712353	18879
16	70713160	70713281	10295
16	70713508	70713629	4155
16	70713673	70713794	8473
16	70713859	70713980	0
16	70714672	70714793	18179
16	70714836	70714957	13228
16	70719609	70719740	523
16	70721760	70722031	18901
16	70726677	70726918	18003
16	70729395	70729546	11412
16	70730979	70731220	18133
16	70732505	70732746	36783
16	70734686	70734787	20974
16	70764647	70764748	3079
16	70765312	70765583	14863
16	70778252	70778523	28514
16	70789066	70789187	13626
16	70789891	70790012	6719
16	70794987	70795228	19614
16	70796414	70796535	15696
16	70796734	70796975	32317
16	70800281	70800522	19969
16	70805982	70806103	3903
16	70808112	70808353	63736
16	70814616	70814865	25635
16	70815717	70815958	9885
16	70816926	70817052	6149
16	70817338	70817467	9530
16	70817978	70818133	13044
16	70818618	70818769	3522
16	70819567	70819808	12077
16	70820041	70820312	26426
16	70834660	70834813	26290
16	70841422	70842023	61396
16	70843676	70843920	39684
16	70852235	70852485	50462
16	70861117	70861358	56710
16	70862099	70862370	26811
16	70863475	70863746	43633
16	70866739	70866980	37068
16	70867747	70868108	90226
16	70869536	70869777	41395
16	70871570	70871811	50266
16	70873930	70874171	26568
16	70883618	70883860	50500
16	70884333	70884574	29451
16	70888983	70889224	12592
16	70891569	70891810	22007
16	70893918	70894159	20619
16	70894576	70894817	34717
16	70895903	70896174	17579
16	70896975	70897096	8666
16	70900030	70900267	28400
16	70902460	70902701	32738
16	70905889	70906130	22692
16	70907077	70907271	11169
16	70908170	70908531	43443
16	70908709	70908832	13623
16	70913173	70913414	21710
16	70913462	70913703	19782
16	70916553	70916808	29142
16	70917803	70918044	11766
16	70923427	70923668	21894
16	70925486	70925847	37546
16	70926226	70926467	18520
16	70928338	70928461	8959
16	70929842	70929993	4549
16	70934854	70935125	13553
16	70937518	70937733	22153
16	70937766	70938007	31892
16	70941213	70941454	23284
16	70942124	70942365	31204
16	70942538	70942779	14571
16	70952101	70952342	27668
16	70954438	70955174	46989
16	70967451	70967590	13691
16	70969814	70970055	83617
16	70972436	70972707	36057
16	70975509	70975750	30594
16	70977662	70977862	6445
16	70986309	70986550	31058
16	70989243	70989484	11596
16	70993515	70993756	12998
16	70995830	70996071	12055
16	70998593	70998834	26556
16	71004361	71004722	22144
16	71007199	71007440	25691
16	71007706	71007947	16003
16	71007988	71008259	18203
16	71008383	71008624	25880
16	71008984	71009213	83833
16	71012759	71013000	11682
16	71015231	71015502	26033
16	71019035	71019276	27868
16	71021780	71022051	29963
16	71022280	71022415	21605
16	71025186	71025309	24668
16	71025921	71026162	31417
16	71052007	71052368	32510
16	71054027	71054268	15252
16	71059236	71059477	17970
16	71061454	71061815	22453
16	71065519	71065880	27529
16	71094361	71094602	15368
16	71096032	71096273	22873
16	71098554	71098795	17079
16	71100663	71100904	11793
16	71101095	71101336	23150
16	71103160	71103415	17562
16	71109807	71109928	9613
16	71113760	71113881	3902
16	71122194	71122437	53766
16	71127657	71127898	15264
16	71149557	71149708	12149
16	71163513	71163754	10860
16	71167108	71167209	4585
16	71171033	71171274	11137
16	71186507	71186743	10841
16	71196412	71196653	35846
16	71209455	71209666	18167
16	71212739	71213010	23311
16	71218709	71218950	28892
16	71220609	71220850	10937
16	71220879	71221057	7086
16	71264526	71264626	15514
16	71316771	71316871	7842
16	71317465	71319866	117054
16	71392681	71392802	9840
16	71406002	71406153	5891
16	71408601	71408752	4654
16	71411518	71411669	30439
16	71416588	71416709	26217
16	71417247	71417368	10101
16	71417809	71417960	20208
16	71418200	71418321	8297
16	71418651	71418802	7591
16	71419454	71419575	9749
16	71423558	71423829	25298
16	71481986	71483795	145291
16	71487108	71487263	8074
16	71487870	71488071	22614
16	71489934	71490035	9179
16	71490628	71490728	3374
16	71509063	71510193	122880
16	71512121	71512254	15948
16	71512693	71512964	19121
16	71515939	71516060	5964
16	71570559	71572489	130859
16	71601995	71602236	18758
16	71602601	71602722	5389
16	71603707	71603858	5808
16	71604114	71604355	15062
16	71604536	71604777	41507
16	71605473	71605594	4578
16	71606036	71606277	29605
16	71606390	71606631	17846
16	71607414	71607535	8579
16	71609785	71610328	81318
16	71660121	71660612	5497
16	71663212	71663462	26168
16	71668039	71668760	35780
16	71672275	71672376	4063
16	71674250	71674971	106355
16	71678670	71678791	11200
16	71678871	71679063	7844
16	71679295	71679396	6050
16	71679538	71679707	6275
16	71679960	71680061	3556
16	71680877	71680977	2584
16	71681015	71681115	4484
16	71681154	71681254	6700
16	71681851	71681965	8129
16	71681974	71682334	25754
16	71682738	71683969	148087
16	71686683	71686934	48526
16	71689118	71689359	31330
16	71690464	71690594	31245
16	71692079	71692320	30870
16	71692515	71692756	43577
16	71697780	71698021	19486
16	71701037	71701278	21346
16	71703164	71703285	5189
16	71706133	71706254	3338
16	71710329	71710570	17718
16	71712648	71712898	21789
16	71713243	71713484	16977
16	71715579	71715850	19927
16	71718327	71718561	15360
16	71718754	71718998	13246
16	71722367	71722493	15191
16	71724395	71724636	15888
16	71732469	71732604	15037
16	71735115	71735216	5737
16	71736446	71736687	12198
16	71748397	71748746	25383
16	71757671	71757770	64
16	71762924	71763203	14416
16	71763445	71763545	5099
16	71763683	71763783	5916
16	71763965	71764159	8041
16	71764383	71764725	23159
16	71764930	71765031	2794
16	71765268	71765369	6752
16	71765586	71765687	5616
16	71765714	71765913	11887
16	71766190	71766384	3540
16	71766632	71766787	9915
16	71766950	71767072	7429
16	71768469	71768620	11344
16	71772803	71773044	31079
16	71773099	71773254	8257
16	71778988	71779229	21273
16	71779295	71779566	32455
16	71780481	71780605	6075
16	71782066	71782337	16935
16	71783750	71783901	7126
16	71784052	71784293	15405
16	71787671	71787822	5208
16	71789840	71790111	11082
16	71792270	71792423	17481
16	71792701	71792834	6442
16	71795351	71795502	13134
16	71798240	71798361	6347
16	71798502	71798653	4510
16	71799378	71799499	4840
16	71800295	71800395	4985
16	71801722	71801843	4392
16	71803373	71803623	13179
16	71805045	71805166	7520
16	71807073	71807314	17586
16	71808329	71808552	5632
16	71823160	71823401	31150
16	71840559	71840660	6705
16	71841664	71841765	7138
16	71842658	71842758	14258
16	71883643	71891232	710257
16	71893893	71894607	79247
16	71895640	71895881	9171
16	71898001	71898155	6269
16	71898757	71898998	52382
16	71901795	71901940	13446
16	71913738	71913889	14265
16	71917094	71917195	4198
16	71928699	71928799	8259
16	71949496	71949647	7867
16	71950333	71950574	22566
16	71950932	71951083	13080
16	71954622	71954743	16594
16	71955236	71955366	10995
16	71956334	71956660	89221
16	71957175	71957296	7301
16	71958606	71958757	10518
16	71961458	71961729	15616
16	71962003	71962103	9728
16	71962320	71962420	8292
16	71962481	71962581	6293
16	71963389	71963630	18611
16	71963899	71964140	19588
16	71967252	71967493	11048
16	71967801	71968042	17365
16	71969219	71969460	17178
16	71971171	71971378	13981
16	71976393	71976994	94312
16	71977881	71978122	45111
16	71981381	71981502	6638
16	71983617	71983978	52217
16	71983991	71984232	29303
16	71985431	71985672	18907
16	71986775	71987012	9373
16	71987980	71988221	18420
16	71997055	71997296	17946
16	72001003	72001244	17052
16	72001734	72001975	19570
16	72003707	72004055	31889
16	72007198	72007439	13665
16	72011091	72011430	32988
16	72012096	72012337	18263
16	72013626	72014089	44818
16	72015924	72016165	21289
16	72017879	72018120	33967
16	72020062	72020423	49215
16	72024142	72024263	2520
16	72027051	72027292	14877
16	72032110	72032346	10456
16	72033548	72033909	36698
16	72042612	72042733	11587
16	72045933	72046174	17550
16	72048320	72048591	20246
16	72050902	72051023	20093
16	72054995	72055233	19651
16	72056251	72056384	11538
16	72057019	72057260	23812
16	72057331	72057572	30414
16	72057979	72058130	41163
16	72088471	72088613	31636
16	72089821	72090193	52855
16	72090358	72090599	35613
16	72091266	72091387	18136
16	72092082	72092323	25344
16	72092471	72092571	5528
16	72092988	72093109	7811
16	72093978	72094819	87677
16	72097074	72097216	19077
16	72107665	72107925	28905
16	72108142	72108294	32099
16	72109019	72109140	26746
16	72110169	72111010	91358
16	72120497	72120738	48212
16	72122840	72123081	19764
16	72124461	72124702	12634
16	72130036	72130397	29457
16	72130663	72130934	6225
16	72131566	72131690	11830
16	72132466	72133004	42291
16	72133049	72133200	16363
16	72133587	72133828	21832
16	72134294	72134535	20443
16	72134947	72135102	35671
16	72135389	72135521	8289
16	72136890	72137161	12120
16	72137472	72137713	18753
16	72137816	72138057	7660
16	72138333	72138574	18410
16	72138916	72139046	8329
16	72139067	72139308	14468
16	72139406	72139533	13560
16	72139868	72140026	20137
16	72141191	72141462	32298
16	72141499	72141740	36270
16	72142052	72142558	128751
16	72142640	72142881	67535
16	72143270	72143421	17782
16	72144794	72145035	26447
16	72146262	72146413	9087
16	72153183	72153304	6508
16	72153687	72154049	74362
16	72156788	72156909	7405
16	72157405	72157558	19139
16	72158598	72158869	23853
16	72159069	72159340	30009
16	72159797	72160068	26448
16	72160308	72160440	15372
16	72162503	72162744	22440
16	72162897	72163168	19903
16	72164062	72164303	16489
16	72164375	72164646	16623
16	72166557	72166948	38690
16	72170274	72170774	76110
16	72173178	72173308	16807
16	72174244	72174515	30640
16	72184466	72184738	18659
16	72188052	72188413	32325
16	72198617	72198858	20785
16	72205040	72205181	22453
16	72205253	72205353	11613
16	72459826	72459927	4360
16	72459930	72460030	4159
16	72460440	72460571	6039
16	72816776	72817290	36131
16	72817309	72817409	3824
16	72817411	72817551	2071
16	72818051	72818152	4360
16	72818251	72818384	5765
16	72818413	72818763	11958
16	72818802	72819145	27990
16	72819230	72819331	19688
16	72819333	72819560	20200
16	72820159	72820783	39942
16	72820909	72821010	8616
16	72821025	72822787	127365
16	72827063	72832674	615059
16	72833885	72834038	6389
16	72845454	72845695	19164
16	72845719	72845990	10634
16	72863650	72863777	10375
16	72868844	72868944	5055
16	72923311	72923412	6321
16	72923594	72923871	41510
16	72942449	72942557	10775
16	72969354	72969455	2241
16	72976740	72976839	4815
16	72976952	72977147	14971
16	72981203	72981303	4955
16	72981360	72981461	6771
16	72982789	72983500	43073
16	72984314	72984915	40763
16	72991267	72994093	399375
16	73018658	73018863	4029
16	73092703	73092804	648
16	73092817	73092944	1939
16	73126811	73127164	42180
16	73127303	73127544	23409
16	73161194	73161555	23334
16	73164857	73165003	21563
16	73177604	73177725	14071
16	74114170	74114483	15446
16	74120547	74121719	41180
16	74330788	74330909	25030
16	74333997	74334118	16871
16	74334934	74335055	10082
16	74335440	74335561	10077
16	74336088	74336209	16653
16	74338155	74338306	7567
16	74339166	74339753	37376
16	74340098	74340199	8854
16	74354663	74354763	6500
16	74366356	74366574	22665
16	74368776	74368897	45484
16	74370427	74370668	73635
16	74371326	74371567	30770
16	74372342	74372529	22996
16	74372593	74372834	36379
16	74375969	74376210	43372
16	74378652	74378856	20898
16	74382764	74382958	47491
16	74383033	74383154	41856
16	74383577	74383818	42650
16	74384218	74384339	20739
16	74384454	74384698	36564
16	74385196	74385317	12942
16	74385894	74386139	43563
16	74386174	74386295	30789
16	74387620	74387861	50210
16	74394461	74394824	107820
16	74411843	74411964	65065
16	74415321	74415635	184099
16	74419228	74419349	124884
16	74419428	74419695	182848
16	74421958	74422059	1257
16	74422656	74422777	24366
16	74423832	74424195	297399
16	74425218	74425988	479134
16	74442861	74442982	29557
16	74443432	74443553	70664
16	74443671	74443822	43292
16	74444362	74444987	216130
16	74445557	74445683	62450
16	74446036	74446158	39260
16	74446661	74446788	44821
16	74446874	74447115	70269
16	74447464	74447585	50328
16	74451895	74452286	116600
16	74454383	74454506	47058
16	74454985	74455226	63139
16	74485900	74486051	13812
16	74487029	74487270	31748
16	74490537	74490663	8027
16	74491710	74491951	32637
16	74493570	74493697	3846
16	74495951	74496103	3801
16	74496305	74496576	20829
16	74497194	74497435	33771
16	74499521	74499762	51589
16	74501608	74501759	13098
16	74502751	74503022	12530
16	74503865	74503986	8165
16	74505036	74505194	18505
16	74506186	74506337	28168
16	74508425	74508546	8228
16	74511241	74511482	26276
16	74514094	74514335	23506
16	74516910	74517032	4426
16	74519633	74519874	16103
16	74524884	74525125	28619
16	74526825	74527066	26282
16	74528632	74528753	4160
16	74530289	74530560	20447
16	74537415	74537656	22694
16	74542718	74542839	10854
16	74565958	74566085	12480
16	74640517	74641077	19917
16	74646446	74646775	13110
16	74647052	74647152	6278
16	74657175	74657276	4976
16	74657776	74658017	23185
16	74660225	74660466	30496
16	74662305	74662576	12395
16	74664645	74664886	16707
16	74666374	74666615	21670
16	74670208	74670485	24518
16	74671689	74671930	30042
16	74678214	74678365	28066
16	74678414	74678655	16736
16	74683003	74683124	9509
16	74685767	74686038	17117
16	74694787	74695388	66634
16	74706327	74706478	14649
16	74706788	74706888	9342
16	74708776	74709047	14322
16	74709186	74709337	17173
16	74709465	74709706	39745
16	74712776	74712897	20101
16	74716495	74716736	25939
16	74719371	74719492	6991
16	74725150	74725392	38365
16	74726185	74726336	10599
16	74729184	74729665	63153
16	74746843	74746944	8584
16	74746988	74747147	23171
16	74747681	74747781	6149
16	74748066	74748187	11406
16	74750172	74750602	16599
16	74752850	74753091	16128
16	74760113	74760239	6694
16	74761061	74761332	21897
16	74773875	74774026	15942
16	74808337	74808698	816
16	74908097	74908352	16379
16	74919470	74919741	24068
16	74920109	74920350	10715
16	74921555	74921676	4299
16	74922035	74922261	14892
16	74923565	74923723	5684
16	74926331	74926482	2478
16	74927522	74927763	29587
16	74937800	74938045	13895
16	74942779	74942900	5044
16	74943325	74943596	11270
16	74943706	74943827	7517
16	74946044	74946297	28676
16	74949708	74949949	22715
16	74949969	74950210	33134
16	74951805	74951926	6406
16	74955801	74956042	15003
16	74957801	74957922	9287
16	74971954	74972225	45634
16	74976618	74976739	7782
16	74982374	74982525	7093
16	74983594	74983715	5051
16	74985337	74985458	14811
16	74990319	74990560	12702
16	74999604	74999755	3919
16	75018795	75019061	10360
16	75033540	75034021	19814
16	75127456	75127577	20165
16	75129450	75129691	6341
16	75138672	75138797	9577
16	75140347	75140468	10111
16	75141674	75141774	11888
16	75141798	75142011	21658
16	75142147	75142247	12435
16	75142438	75142554	6935
16	75142595	75142696	10905
16	75143363	75143464	6720
16	75146185	75146456	19802
16	75146490	75146621	9571
16	75146685	75146836	13960
16	75147345	75148177	76862
16	75148382	75148623	11352
16	75148644	75148915	29146
16	75149015	75149286	14051
16	75149410	75149568	8187
16	75150491	75150642	10159
16	75186747	75186907	20180
16	75200434	75200555	12606
16	75200609	75200850	29370
16	75203090	75204291	83877
16	75238018	75238259	39554
16	75238616	75238857	48562
16	75239199	75239441	27250
16	75239617	75239739	53169
16	75239789	75239910	30873
16	75239978	75240101	18119
16	75240952	75241073	10958
16	75252870	75252991	34955
16	75256656	75256779	23587
16	75256845	75256966	34996
16	75257016	75257138	53076
16	75257314	75257556	29295
16	75257898	75258139	50961
16	75258532	75258803	20433
16	75263363	75263964	80192
16	75267727	75267848	10958
16	75268704	75269935	69248
16	75270716	75270957	20337
16	75271040	75271281	27078
16	75271939	75272040	8688
16	75276316	75277037	138479
16	75277301	75277430	2863
16	75281902	75282023	6075
16	75285313	75285434	69
16	75286088	75286189	4426
16	75298248	75298398	8793
16	75299678	75299779	0
16	75300594	75300695	5004
16	75301784	75301905	24125
16	75327736	75327954	11743
16	75338879	75339120	24441
16	75423421	75423522	5903
16	75428926	75429167	20778
16	75445665	75445906	13335
16	75446391	75446662	43146
16	75448413	75448654	47650
16	75467157	75467278	11659
16	75481369	75481640	10537
16	75485530	75485771	14347
16	75498088	75498189	300
16	75498310	75498551	4248
16	75512501	75513743	125958
16	75534239	75534339	9561
16	75536388	75536488	13156
16	75538529	75538770	36821
16	75538995	75539236	44202
16	75563003	75565556	152570
16	75573857	75574101	17385
16	75575216	75575416	15947
16	75576479	75576600	23080
16	75579200	75579441	39231
16	75579666	75579907	47040
16	75589663	75590169	9679
16	75600340	75600461	1952
16	75600716	75600837	11457
16	75601899	75602140	28995
16	75611160	75611281	17475
16	75611331	75611432	14018
16	75611562	75611678	11905
16	75633388	75633489	21920
16	75634028	75634299	19521
16	75636934	75637085	9723
16	75642080	75642231	12147
16	75642692	75642933	14292
16	75646118	75646784	53573
16	75650983	75651224	19503
16	75652460	75652598	19573
16	75654136	75654257	16547
16	75654491	75654732	16759
16	75661780	75661901	20272
16	75662387	75662658	33730
16	75663224	75663493	17754
16	75664311	75664434	5239
16	75665017	75665168	11023
16	75665279	75665520	12542
16	75665550	75665791	15228
16	75668007	75668250	16723
16	75669519	75669760	17323
16	75669781	75670022	18996
16	75670337	75670458	6648
16	75674043	75674284	33701
16	75675390	75675661	22927
16	75678132	75678373	12773
16	75681415	75681566	32013
16	75681754	75682538	41928
16	75688081	75688352	29896
16	75690045	75690548	29267
16	75728314	75728435	6746
16	75729834	75730075	34883
16	75730769	75730890	23223
16	75733845	75734086	18433
16	76311541	76311662	15620
16	76319140	76319241	5619
16	76337332	76337433	5398
16	76350215	76350484	45337
16	76389190	76389431	41928
16	76461301	76461542	20750
16	76481889	76482130	13008
16	76482634	76482875	26486
16	76483562	76483803	21674
16	76486354	76486715	32223
16	76495806	76496047	18161
16	76501213	76501454	35545
16	76509767	76510008	20204
16	76513254	76513495	21513
16	76523560	76523801	11311
16	76528763	76529006	48403
16	76532406	76532647	23556
16	76555000	76555241	14236
16	76555923	76556164	24046
16	76569380	76569741	40189
16	76572003	76572310	24351
16	76573561	76573802	18738
16	76574582	76574703	7283
16	76587167	76587408	18000
16	76587707	76587828	5949
16	76592362	76592723	29005
16	77225075	77225196	8448
16	77225284	77225548	16628
16	77227299	77227690	14105
16	77228116	77229061	107628
16	77229354	77229625	20014
16	77231953	77232224	26763
16	77233328	77233429	14006
16	77240212	77240453	31437
16	77242075	77242196	3523
16	77242334	77242455	5504
16	77242937	77243076	17857
16	77243290	77243441	11606
16	77244912	77245033	11546
16	77245072	77245193	12507
16	77246000	77246121	6841
16	77246161	77246282	4243
16	77246445	77246566	8185
16	77246729	77246850	1717
16	77316454	77316554	7585
16	77316562	77316662	6120
16	77317020	77317121	5161
16	77317277	77317397	6743
16	77317420	77317521	5277
16	77317547	77317648	5390
16	77317789	77318013	14458
16	77323083	77323354	23956
16	77325147	77325388	19661
16	77326912	77327183	8193
16	77328770	77329041	37077
16	77331127	77331368	20814
16	77334109	77334350	21059
16	77353656	77354047	17040
16	77354916	77355157	13050
16	77356176	77356417	11482
16	77359727	77359968	24347
16	77369575	77369846	14905
16	77375587	77375708	6994
16	77387585	77387826	34645
16	77389754	77390025	21316
16	77393205	77393330	20393
16	77395960	77396201	22754
16	77397679	77397800	7599
16	77398060	77398301	24142
16	77401297	77401658	31261
16	77465168	77465529	15153
16	77468297	77468418	3963
16	77468486	77468607	23
16	77469787	77470009	16219
16	77744188	77744291	1573
16	77756435	77756556	15773
16	77759283	77759524	22547
16	77769652	77769923	29359
16	77775421	77775902	63545
16	77822570	77822822	42685
16	77850761	77851002	19520
16	77859099	77859370	23572
16	77896594	77896835	14035
16	77910257	77910380	10137
16	77913032	77913153	11736
16	77918480	77918721	23120
16	78005697	78005848	7479
16	78011481	78011602	19940
16	78011708	78011827	38245
16	78013066	78013167	4158
16	78013790	78013890	18066
16	78013911	78014011	10149
16	78056459	78056700	22601
16	78061954	78062105	9184
16	78064299	78064780	52241
16	78065941	78066041	12725
16	78133666	78134096	74352
16	78142290	78142411	3621
16	78143642	78143763	7819
16	78148840	78149081	23211
16	78198070	78198196	14948
16	78203717	78203818	13850
16	78312465	78312586	7493
16	78420739	78420860	11169
16	78458708	78458979	28220
16	78466335	78466696	18697
16	78469269	78469371	5378
16	78790714	78790924	13689
16	79241958	79242058	6624
16	79245447	79246067	63810
16	79628342	79628528	20219
16	79628880	79628981	7889
16	79629400	79629501	10733
16	79629927	79630028	3442
16	79630372	79631191	49572
16	79631416	79631516	6628
16	79631637	79631737	3379
16	79631748	79632046	19432
16	79632350	79632451	1539
16	79632630	79634623	49486
16	79703433	79703754	16167
16	80574913	80575034	9889
16	80577149	80577270	4521
16	80581636	80581757	7706
16	80583343	80583584	13994
16	80584372	80584493	4847
16	80637643	80637800	18051
16	80638212	80638483	13487
16	80641979	80642180	7290
16	80646476	80646747	25762
16	80654624	80654865	14259
16	80666873	80667144	25125
16	80718399	80719036	65000
16	80724970	80725070	6986
16	80837997	80838272	16161
16	81009971	81010092	3735
16	81015385	81015506	8433
16	81030897	81031018	11958
16	81045508	81045749	44355
16	81047702	81047823	9576
16	81050899	81051020	12516
16	81051339	81051460	5250
16	81053641	81053912	18878
16	81056161	81056313	13192
16	81056340	81056461	6571
16	81058290	81058441	10000
16	81060121	81060253	7679
16	81061717	81061958	13331
16	81062153	81062274	10779
16	81066165	81066378	14832
16	81069466	81069821	907
16	81074902	81075143	19263
16	81075834	81076105	34370
16	81076709	81078630	207341
16	81078696	81078807	18484
16	81080498	81080638	20553
16	81087626	81087747	21688
16	81094683	81095794	113523
16	81097334	81097575	28910
16	81116365	81116579	19540
16	81118012	81118253	14550
16	81121176	81121297	4741
16	81124184	81124305	9829
16	81129688	81129929	200
16	81134687	81134928	25771
16	81142111	81142352	12355
16	81142782	81142969	12574
16	81145751	81145992	18939
16	81150934	81151175	22167
16	81155133	81155374	14185
16	81157201	81157444	15732
16	81161337	81161698	38143
16	81164035	81164276	14081
16	81167115	81167356	45517
16	81171028	81171149	4231
16	81173093	81173337	33723
16	81174834	81175187	24719
16	81180831	81181153	20497
16	81181732	81181973	9595
16	81183273	81183514	15103
16	81185362	81185567	15498
16	81187542	81188012	34064
16	81190397	81190758	28145
16	81192516	81192695	11439
16	81193204	81193445	18513
16	81194217	81194578	43913
16	81197169	81197390	8091
16	81198190	81198431	11664
16	81199384	81199625	25113
16	81201493	81201734	32203
16	81204316	81204437	11777
16	81204462	81204733	32165
16	81208102	81208573	39426
16	81209161	81209402	13188
16	81211348	81211619	10787
16	81213199	81213440	22908
16	81214694	81214920	31013
16	81219079	81219320	16734
16	81222468	81222664	16642
16	81224203	81224354	10266
16	81228500	81228651	11738
16	81232197	81232708	42601
16	81236073	81236349	24071
16	81241024	81241286	9475
16	81242086	81242216	4329
16	81248585	81248826	20811
16	81249779	81250050	32318
16	81253643	81254004	35457
16	81272484	81272605	6764
16	81278992	81279222	24848
16	81293224	81293465	20809
16	81295693	81295934	23862
16	81298197	81298438	39547
16	81301503	81301746	12627
16	81303681	81304072	36368
16	81314423	81314577	6555
16	81319130	81319251	7828
16	81320864	81321021	6290
16	81323916	81324192	32758
16	81324648	81324749	4414
16	81348680	81348899	8876
16	81385123	81385364	15163
16	81388000	81388370	55992
16	81390347	81390618	32855
16	81391354	81391595	29936
16	81396094	81396226	22342
16	81397352	81397593	22597
16	81398495	81398766	46115
16	81398897	81399138	53899
16	81410814	81410943	40704
16	81410959	81411230	47075
16	81411334	81411435	19191
16	81411553	81411653	6367
16	81412295	81412395	10579
16	81413512	81413729	13415
16	81413819	81413920	15814
16	81478846	81479167	16413
16	81482208	81482308	7683
16	81529029	81529150	8137
16	81636973	81637123	5902
16	81641111	81641354	18022
16	81654444	81654565	14922
16	81655194	81655294	8815
16	81679144	81679244	4390
16	81685767	81686008	17881
16	81691339	81691460	2405
16	81694458	81694579	8499
16	81697852	81697973	3910
16	81703677	81703918	26499
16	81705501	81705742	22238
16	81711813	81712243	46807
16	81725351	81725472	20512
16	81726714	81726835	14138
16	81727006	81727127	12398
16	81730097	81730338	14884
16	81733226	81733467	21407
16	81735213	81735454	12284
16	81736189	81736310	33671
16	81737495	81737736	10658
16	81739035	81739276	14618
16	81740592	81740713	8088
16	81743316	81743437	5423
16	81743855	81743955	4682
16	81744013	81744113	3882
16	81744773	81744874	4099
16	81744897	81744998	4122
16	81745249	81745392	23988
16	81816671	81816792	25694
16	81819539	81819810	27720
16	81887999	81888240	18424
16	81891823	81891974	16641
16	81892683	81892804	10495
16	81902769	81902920	24765
16	81904407	81904558	29342
16	81914475	81914626	22115
16	81916848	81916969	14964
16	81922766	81922888	41720
16	81925014	81925255	44632
16	81927295	81927416	8163
16	81929350	81929591	30139
16	81934179	81934420	19668
16	81938998	81939122	13302
16	81941273	81941394	8592
16	81941957	81942228	24802
16	81944103	81944344	35620
16	81946110	81946381	23118
16	81953057	81953298	39718
16	81954777	81955030	19114
16	81957080	81957209	2324
16	81960643	81960794	9114
16	81962134	81962255	11265
16	81965059	81965300	16287
16	81967993	81968146	9006
16	81969727	81969998	26901
16	81971314	81971555	18896
16	81972341	81972582	28639
16	81973459	81973700	45717
16	81979732	81979883	20788
16	81990240	81990511	18749
16	81991490	81991641	31660
16	82032671	82033872	109368
16	82034368	82034489	12767
16	82068980	82069341	29136
16	82101729	82102000	46886
16	82104518	82104759	52606
16	82124461	82124695	28911
16	82131619	82132100	33213
16	82182280	82182521	42090
16	82182899	82183020	23365
16	82185012	82185133	11052
16	82197677	82197809	3364
16	82203693	82203814	10020
16	82660658	82660779	7470
16	82867523	82867623	6531
16	82875681	82875923	7622
16	82891961	82892082	7302
16	83065597	83065857	22915
16	83158926	83159167	20774
16	83170757	83170857	5197
16	83214469	83214569	4004
16	83235666	83235766	7983
16	83250904	83251145	43181
16	83255741	83255841	9803
16	83347445	83347545	19448
16	83378417	83378658	12066
16	83379038	83379139	6065
16	83434028	83434340	19623
16	83520049	83520290	26459
16	83525435	83525537	5892
16	83541932	83542032	3566
16	83627017	83627118	5940
16	83636007	83636248	18679
16	83704364	83704605	30792
16	83711758	83712119	32089
16	83781662	83781903	29816
16	83813508	83813869	20776
16	83816846	83817087	19800
16	83828570	83828771	15147
16	83828812	83828953	11245
16	83829461	83829561	8457
16	83829580	83829681	7575
16	83841642	83841763	12221
16	83842256	83842422	19169
16	83842846	83843045	23048
16	83845681	83845782	11053
16	83874231	83874590	7291
16	83932680	83933307	1593
16	83940556	83940714	12979
16	83941687	83941928	43502
16	83945746	83946017	22010
16	83948526	83949127	57800
16	83982991	83983142	8958
16	83984723	83984928	27030
16	83991232	83991353	19925
16	83992811	83993052	7938
16	83994118	83994389	14300
16	83994570	83994691	7737
16	83998628	83999622	82092
16	84002244	84002563	0
16	84005676	84005827	2244
16	84012039	84012167	7286
16	84014406	84014563	25912
16	84014592	84014743	34603
16	84024015	84024286	19100
16	84027844	84028085	21959
16	84028162	84028313	10079
16	84030756	84030907	10834
16	84031774	84031932	22067
16	84034306	84034427	10099
16	84035384	84035535	9959
16	84035845	84035996	8031
16	84043374	84043495	9518
16	84046540	84046691	13116
16	84050106	84050347	11088
16	84050667	84050938	13313
16	84056323	84056556	19915
16	84063066	84063187	4958
16	84065431	84065583	10351
16	84066852	84067123	19995
16	84070284	84070525	18810
16	84075516	84075787	28301
16	84087666	84088271	53668
16	84089014	84089135	15382
16	84089523	84089780	15671
16	84092848	84093089	12449
16	84094231	84094449	22919
16	84096858	84097099	7727
16	84099272	84099393	11713
16	84100034	84100275	13902
16	84101228	84101469	19859
16	84101880	84102121	20477
16	84103405	84103676	20400
16	84104165	84104406	19516
16	84108122	84108393	18825
16	84115311	84115552	19562
16	84118512	84118783	15153
16	84120952	84121075	4351
16	84124452	84124573	6410
16	84125273	84125514	17493
16	84126783	84126912	8175
16	84127306	84127436	10229
16	84129187	84129428	36081
16	84132619	84132966	61372
16	84135185	84135426	11125
16	84155881	84155982	6700
16	84157242	84157342	2793
16	84158192	84158343	10413
16	84163143	84163390	29518
16	84163572	84164053	54790
16	84164665	84164936	15879
16	84178986	84179227	10080
16	84182558	84182784	17084
16	84183810	84183961	7441
16	84188171	84188413	34902
16	84189149	84189364	19599
16	84193270	84193450	12282
16	84199320	84199591	20907
16	84203382	84204013	67889
16	84205802	84206043	32602
16	84208240	84208361	13465
16	84209480	84209961	38275
16	84211299	84211457	6226
16	84211839	84211940	4862
16	84212490	84213481	57533
16	84213499	84213982	10014
16	84214569	84214840	25832
16	84214850	84215121	35296
16	84215142	84215293	16735
16	84215296	84215687	29230
16	84215715	84216106	27320
16	84216657	84216778	8635
16	84216803	84216954	6673
16	84217003	84217124	6441
16	84217252	84217403	7890
16	84218404	84218645	20317
16	84224777	84225301	3465
16	84227559	84227956	38617
16	84227994	84228331	24317
16	84228471	84229339	108712
16	84229384	84230034	53030
16	84230191	84230432	27093
16	84230466	84230590	8227
16	84255773	84256644	69162
16	84270268	84271133	103268
16	84328498	84328769	16982
16	84346452	84346800	959
16	84351828	84351979	6941
16	84352955	84353226	37720
16	84357995	84358116	8320
16	84360425	84360576	15422
16	84402209	84402330	1983
16	84432095	84432225	10475
16	84438472	84438911	49973
16	84441964	84442115	17402
16	84444100	84444400	13387
16	84449051	84449207	11571
16	84455949	84456328	22156
16	84456770	84456891	10219
16	84459312	84459433	17350
16	84472682	84472953	37412
16	84472990	84473141	19423
16	84474452	84474574	20770
16	84476069	84476220	7897
16	84479924	84480046	7862
16	84482095	84482336	20762
16	84485460	84485731	12857
16	84486731	84486852	15072
16	84486860	84487011	21349
16	84488385	84488626	21962
16	84492698	84493053	20499
16	84493104	84493205	8416
16	84493993	84494453	77480
16	84495277	84495428	41323
16	84495513	84495784	34335
16	84497157	84497398	23768
16	84513484	84513642	33891
16	84514073	84514344	25585
16	84516135	84516376	46043
16	84520209	84520690	21604
16	84522854	84523075	10210
16	84529279	84529529	17351
16	84531494	84531735	19029
16	84599185	84599286	2254
16	84599728	84599828	4810
16	84600313	84600414	13591
16	84600441	84600571	10050
16	84623668	84623909	20148
16	84651086	84651207	7234
16	84651420	84651541	5544
16	84684443	84684564	18032
16	84690442	84691560	81238
16	84693293	84693564	26103
16	84695130	84695761	62493
16	84695793	84695894	14623
16	84733422	84733766	1344
16	84765679	84765800	9894
16	84767013	84767134	12016
16	84773883	84774004	9916
16	84778217	84779298	161505
16	84792306	84792427	10664
16	84792902	84793143	44769
16	84793463	84793584	20100
16	84793708	84793949	30941
16	84796583	84796704	10241
16	84797659	84797900	10908
16	84801760	84802001	14235
16	84806097	84806338	40581
16	84808737	84808858	11981
16	84812473	84812714	15874
16	84812969	84813069	7695
16	84813087	84813188	7170
16	84813266	84813367	7367
16	84872010	84872581	44963
16	84879329	84879570	35920
16	84882905	84883176	32097
16	84884110	84884322	31496
16	84888293	84888445	12845
16	84900453	84900694	20310
16	84902425	84902546	14938
16	84906019	84906140	11192
16	84906541	84906782	53989
16	84907497	84907650	13582
16	84910988	84911139	16481
16	84914061	84914235	17154
16	84922781	84923022	20662
16	84940129	84940280	9191
16	84942875	84943008	22674
16	85008222	85008322	8963
16	85008629	85008729	10129
16	85009104	85009282	7582
16	85009359	85009512	9327
16	85009568	85009668	8617
16	85009885	85010156	14241
16	85010614	85010885	36360
16	85011479	85011630	5239
16	85012781	85012902	7250
16	85015416	85015654	23176
16	85022302	85022543	17409
16	85023855	85024246	21256
16	85100630	85101021	31251
16	85105355	85105506	8154
16	85106506	85106627	12622
16	85109423	85109544	13854
16	85111013	85111254	23794
16	85111949	85112100	4194
16	85112478	85112629	11726
16	85114823	85115009	8951
16	85116123	85116244	30524
16	85120228	85120349	5026
16	85120633	85120784	10074
16	85121815	85121966	5766
16	85121989	85122090	3535
16	85127059	85127159	6959
16	85132140	85132287	8174
16	85132750	85132991	18097
16	85133704	85133856	7254
16	85135810	85135943	4748
16	85138893	85139047	18925
16	85141214	85141335	4503
16	85141441	85141563	9480
16	85141579	85141730	10400
16	85143797	85144076	48882
16	85145857	85146123	51449
16	85316721	85317100	49146
16	85349143	85349398	18598
16	85646939	85647060	9641
16	85667507	85667748	15095
16	85682106	85682377	56286
16	85687818	85688089	30922
16	85688377	85688618	24279
16	85689276	85689547	15490
16	85689841	85690324	37245
16	85690865	85691226	33882
16	85694700	85695421	47223
16	85696577	85696709	15463
16	85696873	85697264	27808
16	85698586	85698744	9846
16	85699526	85700007	41196
16	85701679	85702115	22795
16	85704561	85704714	14303
16	85705778	85706309	27735
16	85706877	85706978	8631
16	85706985	85707086	9066
16	85708491	85708591	3156
16	85709617	85709780	18467
16	85711729	85712000	18445
16	85712057	85712328	5393
16	85715176	85715297	20099
16	85721001	85721242	12450
16	85722398	85722519	24947
16	85741581	85741702	7305
16	85743720	85743961	4632
16	85768748	85768878	22972
16	85775205	85775326	6027
16	85784522	85784705	0
16	85813242	85813513	20210
16	85813940	85814091	12014
16	85814790	85814911	2713
16	85822556	85822677	7378
16	85832661	85832911	6955
16	85834786	85834907	20554
16	85838505	85838746	15789
16	85839283	85839524	24925
16	85840290	85840531	21704
16	85936587	85936828	17770
16	85942536	85942807	12452
16	85945158	85945279	9840
16	85946698	85946852	8371
16	85948011	85948162	13209
16	85951974	85952455	45659
16	85953651	85953840	17188
16	85954648	85954919	25278
16	86369278	86369488	14753
16	86370901	86371358	37827
16	86544166	86545197	53691
16	86546489	86546730	34624
16	86565607	86566097	42609
16	86574749	86574850	3805
16	86575244	86575485	15643
16	86575697	86575829	7048
16	86580118	86580269	3423
16	86582035	86582193	24190
16	86585604	86585762	24207
16	86585784	86585899	9106
16	86588211	86588367	13067
16	86588721	86588913	1429
16	86599942	86600063	6770
16	86600886	86603335	214920
16	86612307	86615305	273998
16	87147686	87147970	17201
16	87160467	87160625	38000
16	87336623	87336724	10326
16	87339316	87339557	27287
16	87343870	87343971	4628
16	87344755	87344902	21392
16	87348518	87348759	13361
16	87349342	87349463	13301
16	87350624	87350887	51312
16	87364883	87365126	27268
16	87367420	87367931	36677
16	87368835	87369106	143203
16	87369751	87369880	9645
16	87376458	87376579	9252
16	87377136	87377407	24165
16	87380726	87380877	5313
16	87392009	87392110	9433
16	87393845	87393996	6007
16	87417001	87417389	957
16	87426003	87426143	0
16	87432357	87432508	13111
16	87435771	87435897	9134
16	87436494	87436811	35936
16	87436929	87437030	13650
16	87439888	87439989	7177
16	87440003	87440161	7194
16	87441490	87441731	19118
16	87441817	87441918	5224
16	87441947	87442121	8987
16	87442177	87442277	4701
16	87442517	87442617	15337
16	87443229	87443329	5144
16	87443340	87443440	4596
16	87443497	87443597	9187
16	87443661	87443761	10177
16	87443822	87443973	7889
16	87445026	87446850	273129
16	87447932	87448203	55426
16	87448866	87448987	4973
16	87451025	87451386	35362
16	87452418	87452539	3588
16	87453374	87453495	5812
16	87454176	87454332	9834
16	87457340	87457501	16886
16	87466709	87466830	9387
16	87493554	87493795	28073
16	87501050	87501171	15492
16	87525178	87525845	31376
16	87636702	87637144	63835
16	87637766	87638055	48132
16	87638516	87638637	10686
16	87677831	87678672	98629
16	87717688	87717929	19184
16	87723210	87724151	66185
16	87730134	87730359	9986
16	87730417	87730518	8204
16	87731593	87731754	10789
16	87733850	87734701	39667
16	87735207	87735328	13584
16	87738505	87739009	19862
16	87741477	87741718	16694
16	87741892	87742133	31555
16	87742800	87743311	68293
16	87744793	87745064	23947
16	87748050	87748201	18649
16	87753696	87753797	5757
16	87754124	87754475	39822
16	87760329	87760570	24903
16	87764142	87764263	6113
16	87782195	87782466	35772
16	87788757	87788908	17282
16	87789952	87790103	5618
16	87795509	87795660	11780
16	87799341	87799506	7665
16	87866358	87866459	8709
16	87866512	87866663	20138
16	87867987	87868228	19972
16	87870027	87870298	22991
16	87871437	87871558	27914
16	87872280	87872433	7379
16	87873218	87873489	28319
16	87873995	87874116	13876
16	87874617	87874771	11730
16	87885241	87885512	32117
16	87902458	87903059	101528
16	87921655	87921926	59204
16	87925361	87925602	37783
16	87935461	87935612	4162
16	87935969	87936139	13096
16	87938329	87938648	116053
16	87960301	87960572	25798
16	87969864	87970105	23158
16	87985041	87985143	11246
16	88008487	88008608	23085
16	88008610	88008851	38220
16	88012123	88012308	5953
16	88014590	88014747	21974
16	88017644	88017885	24817
16	88037837	88038078	29237
16	88039632	88039903	21591
16	88051972	88052333	19184
16	88061021	88061292	22891
16	88066661	88066902	26403
16	88068903	88069054	42288
16	88071536	88071657	26862
16	88098855	88099056	9663
16	88104965	88105566	39416
16	88105636	88105866	3890
16	88110170	88110291	8420
16	88110522	88110655	4793
16	88123418	88124259	103869
16	88124279	88124848	44459
16	88134260	88134360	10231
16	88493878	88505741	766260
16	88520016	88520116	176
16	88552307	88552461	26923
16	88555348	88555619	29392
16	88574156	88574256	10450
16	88575681	88575831	24715
16	88578423	88578523	16322
16	88580740	88580981	2387
16	88584774	88584911	8968
16	88586629	88586736	8092
16	88587654	88587754	3944
16	88593211	88593334	7345
16	88594421	88594662	18879
16	88598375	88598653	27150
16	88599008	88599389	22815
16	88599488	88601422	7398
16	88620146	88620507	38115
16	88632957	88633135	6248
16	88638004	88638104	9386
16	88643471	88644192	33930
16	88652988	88653109	10696
16	88653924	88654045	11713
16	88664538	88664779	29024
16	88665012	88665133	9088
16	88666126	88666397	16799
16	88675279	88675520	26794
16	88677557	88677954	34830
16	88688579	88688820	28999
16	88689572	88689809	30555
16	88690356	88690480	21764
16	88690960	88691201	11431
16	88691581	88691702	32371
16	88693958	88694229	15251
16	88694276	88694547	11717
16	88695122	88695273	12015
16	88696879	88697000	4278
16	88697456	88697727	21635
16	88697750	88697883	9399
16	88704961	88705112	24581
16	88705341	88705732	53519
16	88706169	88706530	23573
16	88709734	88710007	671
16	88712503	88712624	4128
16	88713113	88713264	33043
16	88713454	88713605	14038
16	88714426	88714547	18921
16	88716656	88717452	32099
16	88718911	88719032	9239
16	88719698	88719826	17062
16	88721036	88721277	18517
16	88721594	88721835	37028
16	88722039	88722160	6542
16	88722461	88722732	27506
16	88723795	88724036	9516
16	88724258	88724499	24604
16	88725031	88725152	9084
16	88729392	88729513	3736
16	88744346	88744447	7228
16	88744825	88745066	25443
16	88747420	88748171	95390
16	88752715	88752836	5556
16	88763947	88764068	29860
16	88764900	88765027	13197
16	88765314	88765555	43848
16	88766018	88766150	7876
16	88767626	88767867	37050
16	88772558	88772743	374
16	88772860	88773022	0
16	88773519	88773640	11060
16	88776293	88776444	25002
16	88776569	88776720	35839
16	88777981	88778132	21027
16	88778448	88778801	34396
16	88778990	88779328	19034
16	88779666	88779907	39763
16	88779999	88780240	35710
16	88780474	88780645	30796
16	88780751	88780904	22529
16	88780918	88781189	17296
16	88781209	88781360	6361
16	88781423	88781674	43362
16	88781711	88781914	16595
16	88781956	88782553	25985
16	88782584	88782705	17169
16	88782708	88783172	44662
16	88783198	88783319	15822
16	88783403	88783644	18360
16	88783898	88784034	7855
16	88785934	88786408	78264
16	88786462	88786703	28374
16	88786745	88786986	14448
16	88786989	88787166	13383
16	88787524	88787885	36010
16	88787918	88788159	13214
16	88788206	88788525	31764
16	88788594	88788835	51517
16	88788922	88789163	6927
16	88789209	88789450	9231
16	88789469	88789804	7292
16	88790207	88790448	27558
16	88791391	88791512	2308
16	88791754	88792108	20812
16	88792656	88792897	38089
16	88792941	88793643	78093
16	88793895	88794136	34026
16	88794275	88794396	7530
16	88798094	88798335	50140
16	88798721	88799197	21630
16	88799652	88799893	25995
16	88799953	88800194	15261
16	88800250	88800555	14975
16	88800733	88800974	10916
16	88801010	88801718	66209
16	88802507	88802865	39811
16	88803046	88803147	1604
16	88803507	88804229	35140
16	88804341	88804513	7376
16	88804634	88804848	19680
16	88804975	88805144	4406
16	88807885	88808024	9282
16	88808431	88808532	17504
16	88808707	88808830	5779
16	88809332	88809933	84471
16	88809952	88810073	20937
16	88815789	88815890	11730
16	88851290	88851391	0
16	88870165	88870477	156
16	88870862	88871357	39113
16	88871795	88872324	33091
16	88872417	88872539	3804
16	88872836	88873107	18111
16	88873413	88873654	19059
16	88873668	88873909	22835
16	88874483	88874724	39522
16	88876025	88876296	16816
16	88876425	88876576	11681
16	88876776	88877017	12524
16	88877948	88878074	1318
16	88878206	88878327	886
16	88880828	88880949	11036
16	88884352	88884593	59891
16	88888906	88889177	37881
16	88891164	88891287	2582
16	88893026	88893297	27221
16	88898366	88898519	4435
16	88901569	88901810	33402
16	88902043	88902314	23366
16	88902550	88902701	12411
16	88903950	88904221	20186
16	88907389	88907512	12368
16	88908280	88908401	29843
16	88909024	88909295	37272
16	88909437	88909575	17752
16	88921794	88921930	3031
16	88922611	88922712	12505
16	88923152	88923345	0
16	88923513	88923634	13478
16	88924991	88925232	28624
16	88925957	88926174	16401
16	88926249	88926400	23425
16	88927281	88927402	6239
16	88928008	88928129	12166
16	88930095	88930243	19588
16	88930594	88930835	6680
16	88931228	88931364	16864
16	88931375	88931602	6581
16	88931943	88932064	8175
16	88932160	88932401	12508
16	88932701	88933076	16733
16	88941237	88941479	25781
16	88942022	88942218	11642
16	88942464	88942564	14027
16	88942567	88942668	9871
16	88943184	88943284	11485
16	88943352	88943713	6699
16	88945621	88945892	79203
16	88947100	88947221	14400
16	88947488	88947589	7991
16	88947610	88947951	12081
16	88949073	88949194	15232
16	88951414	88951687	21028
16	88952338	88952579	24649
16	88958273	88958394	5295
16	88958561	88958952	13383
16	88964461	88964582	7936
16	88967836	88968107	20113
16	89006550	89006791	12704
16	89016615	89017816	532114
16	89043018	89043259	30333
16	89114144	89114244	18345
16	89118868	89119262	9067
16	89160245	89160410	0
16	89167031	89167782	119842
16	89168968	89169209	24356
16	89178425	89178696	21000
16	89180699	89180940	17633
16	89187173	89187331	18324
16	89199455	89199726	11624
16	89211590	89211861	48686
16	89212310	89212467	20601
16	89219533	89219654	9335
16	89220435	89220676	16334
16	89226185	89226306	23190
16	89226558	89227039	36151
16	89234627	89235468	67905
16	89238199	89238320	1504
16	89245751	89246022	27071
16	89246534	89246805	14512
16	89249876	89250147	24637
16	89251539	89251882	26560
16	89253749	89254020	13612
16	89254479	89254720	20527
16	89256596	89256957	36024
16	89257657	89257928	9417
16	89258001	89258312	1082
16	89258551	89258912	1579
16	89259824	89260065	10114
16	89260120	89260346	2470
16	89261235	89261596	38713
16	89262392	89262753	19516
16	89263640	89263881	42205
16	89264515	89264756	10950
16	89264785	89265252	33675
16	89265393	89265634	14106
16	89265776	89266017	22834
16	89266051	89266281	29551
16	89267757	89268072	0
16	89287486	89287607	16749
16	89288484	89288605	20161
16	89289506	89289747	44522
16	89291107	89291228	24498
16	89291939	89292060	23309
16	89293039	89295018	177043
16	89334037	89334137	1833
16	89334177	89334358	8798
16	89334443	89335098	41386
16	89337209	89337330	5906
16	89341142	89341413	21598
16	89341488	89341609	10714
16	89344939	89352073	537252
16	89352369	89352640	24272
16	89353466	89353567	10945
16	89354875	89355126	24349
16	89356983	89357254	17218
16	89357354	89357625	16295
16	89358086	89358187	8680
16	89367174	89367415	9656
16	89371531	89371802	11592
16	89383283	89383524	20552
16	89556631	89556731	0
16	89556860	89556961	0
16	89574795	89575036	0
16	89576857	89577010	6668
16	89579264	89579455	31649
16	89590092	89590714	102712
16	89592685	89592926	28737
16	89595874	89595997	19414
16	89597032	89597273	21845
16	89598271	89598512	18410
16	89598836	89599077	13243
16	89603094	89603365	14472
16	89610966	89611237	16452
16	89613025	89613178	33529
16	89614374	89614531	7561
16	89615324	89615784	28457
16	89616868	89617079	39816
16	89619343	89619584	20612
16	89620163	89620404	13135
16	89620871	89620992	2522
16	89623246	89623517	22276
16	89627358	89627481	2728
16	89627584	89627933	10316
16	89627951	89628192	18764
16	89628709	89628830	6024
16	89629249	89629490	14409
16	89642271	89642512	531
16	89643916	89644157	19220
16	89645206	89645414	18799
16	89649842	89649990	14757
16	89650050	89650201	13794
16	89650411	89650532	10099
16	89651162	89651283	9006
16	89651855	89651976	7196
16	89652082	89652203	5486
16	89653029	89653180	6896
16	89653419	89653540	9790
16	89654998	89655269	30928
16	89656240	89656391	18615
16	89657379	89657721	58993
16	89661711	89662072	33677
16	89662839	89663080	25345
16	89696779	89696932	21051
16	89702260	89702501	20696
16	89702616	89702857	21131
16	89702864	89703135	16056
16	89703217	89703368	10399
16	89703548	89703819	32187
16	89703826	89703977	10967
16	89703986	89704137	19488
16	89704160	89704664	81003
16	89711244	89711344	4080
16	89712287	89712528	28865
16	89712907	89713168	17239
16	89713553	89713794	16099
16	89715710	89715951	21248
16	89717954	89718075	9092
16	89720260	89720381	9424
16	89723931	89724052	514
16	89724165	89724388	1041
16	89724591	89724906	23883
16	89735678	89735919	19603
16	89753100	89753221	30513
16	89755634	89755755	18991
16	89756935	89757063	14080
16	89757810	89757963	17847
16	89758163	89758361	32500
16	89758799	89758950	17847
16	89759646	89759900	30193
16	89760515	89760876	46147
16	89761013	89761219	24692
16	89761302	89761528	19866
16	89761635	89761786	24026
16	89761990	89762219	33129
16	89763188	89763309	10484
16	89763686	89764767	137846
16	89767307	89767668	957
16	89774254	89774375	8595
16	89774825	89774949	16098
16	89775253	89775374	8067
16	89775587	89775858	17093
16	89776098	89776369	20798
16	89776964	89777445	41074
16	89777716	89777837	11550
16	89778272	89778393	9963
16	89778419	89778540	4749
16	89778807	89778958	9622
16	89778977	89779134	8485
16	89782799	89783243	52719
16	89783858	89784440	108618
16	89785390	89785870	44888
16	89787158	89787279	132
16	89788048	89788254	356
16	89788889	89789280	33716
16	89789476	89789627	21416
16	89789651	89790132	31013
16	89793664	89793785	12013
16	89795623	89795744	5617
16	89799700	89799830	3997
16	89799866	89799987	5746
16	89800236	89800507	16319
16	89804172	89804323	30608
16	89804337	89804698	36720
16	89804971	89805126	9650
16	89805244	89805395	8673
16	89805467	89805738	16790
16	89805862	89805983	7548
16	89806392	89806517	13495
16	89807151	89807302	5172
16	89809155	89809396	15670
16	89811331	89811489	13516
16	89812952	89813106	8365
16	89813207	89813328	4905
16	89815029	89815185	10306
16	89816102	89816343	32798
16	89818496	89818647	6446
16	89824938	89825168	18854
16	89828332	89828453	7141
16	89831234	89831505	18051
16	89833505	89833656	7476
16	89836217	89836458	11876
16	89836559	89836680	5443
16	89836945	89837066	13595
16	89838032	89838273	27630
16	89839669	89839802	5692
16	89842125	89842246	8444
16	89845172	89845293	9802
16	89845319	89845440	9728
16	89846259	89846380	7366
16	89849205	89849356	6938
16	89849401	89849522	12207
16	89851225	89851382	7323
16	89857726	89857997	15717
16	89858254	89858525	21232
16	89858825	89858976	7880
16	89862278	89862436	6511
16	89865395	89865666	13072
16	89865938	89866089	5926
16	89869646	89869767	9861
16	89871678	89871810	4111
16	89874626	89874788	7032
16	89877071	89877222	12060
16	89877256	89877527	8280
16	89880883	89881034	10275
16	89882248	89882422	13315
16	89882922	89883043	147
16	89894919	89895212	0
16	89911690	89911811	9979
16	89916567	89917129	13569
16	89920642	89920793	23750
16	89920825	89921096	20047
16	89921989	89922110	19407
16	89922431	89922702	47525
16	89924679	89924950	31123
16	89925516	89925787	60486
16	89927081	89927213	16924
16	89929829	89930070	15780
16	89930174	89930295	18909
16	89934549	89934670	18280
16	89935911	89936152	27776
16	89936417	89936690	21428
16	89936706	89936863	11994
16	89940050	89940291	20541
16	89949718	89949959	29567
16	89950935	89951086	10510
16	89952193	89952384	28009
16	89954031	89954152	4186
16	89958550	89958701	7173
16	89960049	89960320	22364
16	89961434	89961555	6096
16	89962383	89962504	16435
16	89964919	89965070	8021
16	89965165	89965290	9398
16	89967001	89967242	24108
16	89970460	89970623	28265
16	89971082	89971544	55174
16	89972585	89972710	11315
16	89973592	89973743	17039
16	89975311	89975552	28584
16	89976973	89977094	17450
16	89977415	89977686	30253
16	89980508	89981606	115712
16	89985600	89987386	204666
16	89989787	89989928	1231
16	89998941	89999097	9960
16	89999839	89999996	13611
16	90001103	90002222	218890
16	90002296	90002397	5367
16	90015808	90016079	19559
16	90020566	90020837	20207
16	90021534	90021685	19687
16	90023872	90024113	48463
16	90025341	90025644	15223
16	90027269	90027540	15837
16	90028057	90028328	29073
16	90028385	90028543	16768
16	90029749	90029870	7925
16	90030301	90030767	61277
16	90030864	90030993	13058
16	90032258	90032381	10295
16	90032534	90032635	10963
16	90032710	90032811	8805
16	90033058	90033159	12759
16	90036323	90036424	10177
16	90036477	90036892	33133
16	90037766	90038943	69246
16	90039089	90039190	195
16	90044116	90044216	14166
16	90046633	90046756	14899
16	90048134	90048375	12859
16	90050911	90051088	36623
16	90051853	90051978	16694
16	90055045	90055146	11681
16	90055259	90055359	4708
16	90057221	90057462	20791
16	90057636	90057791	14211
16	90059061	90059302	29206
16	90060142	90060301	16850
16	90063144	90063300	19750
16	90065603	90065719	8196
16	90066240	90066341	6334
16	90066345	90066466	10602
16	90066486	90066727	28403
16	90066837	90067198	63526
16	90071318	90071419	7519
16	90072428	90072529	14686
16	90072700	90072941	55293
16	90075140	90075381	14635
16	90075613	90075884	14985
16	90076334	90076465	15801
16	90085672	90085793	0
16	90089069	90089190	882
16	90093995	90094146	11267
16	90095387	90096310	128775
16	90097654	90097925	13479
16	90099077	90099348	24026
16	90102006	90102127	11908
16	90102740	90103011	20558
16	90103602	90103843	14122
16	90104121	90104272	15026
16	90106691	90106932	15505
16	90108849	90108970	5519
16	90109557	90109798	9160
16	90109953	90110434	40663
16	90110842	90111083	12559
16	90113364	90113504	27827
16	90113925	90114025	1083
16	90124591	90124970	56723
16	90125359	90125460	5735
16	90126708	90127069	58112
16	90127832	90127953	16073
16	90128249	90128644	61860
16	90128798	90128919	14853
16	90129976	90130217	18449
16	90133232	90133353	18493
16	90141316	90141437	8298
16	90141699	90141940	27889
16	90142222	90142343	12706
16	90160398	90160519	36032
16	90160687	90161237	47995
16	90161502	90162597	241830
16	90168617	90168827	41735
16	90182672	90182913	40441
16	90195017	90195138	51823
16	90234507	90234923	12590
16	90237170	90237659	76653
16	90237871	90238112	84606
16	90244087	90244329	19556
16	90252369	90252582	20648
16	90260502	90260622	10368
17	5966	6207	22252
17	11196	11389	29140
17	11805	12018	43618
17	13896	14017	19907
17	22306	22427	7432
17	30842	31280	338
17	63469	63570	11928
17	63617	63738	9581
17	65397	65638	19768
17	69404	69537	5044
17	96837	97108	54160
17	131510	131661	13179
17	169154	169395	17932
17	170983	171254	49153
17	177204	177355	16922
17	260099	260447	458
17	262896	263947	77618
17	289762	289863	7152
17	290029	290130	4840
17	292802	292903	14856
17	292938	293299	78519
17	295617	295782	21790
17	296131	296231	4582
17	422331	422572	15593
17	422996	423237	20300
17	424788	425029	15281
17	436047	436168	8205
17	440228	440461	10349
17	455089	455210	5922
17	456569	456720	18186
17	463618	463859	20053
17	465682	466043	24616
17	489495	489616	11707
17	504994	505146	36909
17	526722	526963	20160
17	530363	530604	26815
17	531278	531519	18864
17	534737	534888	10856
17	535940	536040	533
17	556469	556710	20953
17	559014	559255	35346
17	560057	560321	24308
17	563583	563684	9011
17	565030	565151	12885
17	600599	600750	18603
17	602534	602655	10547
17	613751	613872	14211
17	617844	617965	10514
17	635827	636068	0
17	636318	636439	2754
17	641065	641306	23768
17	643731	643852	9760
17	644494	644923	80526
17	644939	645039	16351
17	645982	646083	6561
17	648056	651308	258427
17	655316	655437	0
17	655462	655619	85
17	656092	656544	67625
17	663384	663505	14164
17	673090	673211	11957
17	673249	673407	13223
17	673612	673763	4183
17	674511	674711	13503
17	678965	679206	17053
17	680073	680287	11821
17	681820	682019	15482
17	685389	685955	79835
17	686263	686588	20988
17	691167	691385	26325
17	694740	695341	104427
17	704008	704109	11447
17	704158	704399	18387
17	706832	707103	25806
17	708276	708517	22985
17	722584	722825	13964
17	725555	725707	13515
17	726787	727058	15366
17	729138	729379	14252
17	729636	729757	5835
17	747690	747863	4697
17	800085	800186	8135
17	878456	878557	5154
17	882538	882944	547
17	900320	900681	20826
17	901995	902236	52467
17	902696	902847	62953
17	904198	904349	19466
17	906719	906882	12133
17	906975	907076	2714
17	907629	907730	4147
17	908072	908206	16754
17	908982	909083	11958
17	909102	909266	12598
17	909303	909424	11095
17	910357	910598	19827
17	912909	913034	13362
17	913884	914155	34354
17	915004	915797	71699
17	915918	916047	11626
17	916313	916434	12548
17	925707	925808	1554
17	934837	934981	600
17	951386	951486	3727
17	953234	953475	41653
17	953734	953885	12090
17	959250	959371	5113
17	960198	960352	6392
17	961156	961307	24905
17	961894	962165	29128
17	970278	970519	44232
17	973148	973389	17835
17	975802	976043	38904
17	976829	976950	4825
17	982538	982659	8664
17	986750	986877	10877
17	994876	995117	18189
17	1003864	1003985	11039
17	1012119	1012355	23003
17	1027357	1027486	11389
17	1028458	1028799	25508
17	1082929	1083050	1715
17	1173839	1174755	19566
17	1183217	1183728	34327
17	1198699	1198970	21553
17	1201490	1201611	5766
17	1247843	1248011	5663
17	1248051	1248228	4399
17	1248421	1248572	6813
17	1248705	1248826	9497
17	1257451	1257692	24359
17	1264367	1264604	13955
17	1265151	1265312	11293
17	1268131	1268372	22241
17	1303281	1303508	54386
17	1325772	1325941	8309
17	1326042	1326411	13519
17	1326577	1326995	44637
17	1339870	1340481	66516
17	1359109	1359458	1859
17	1367432	1367583	11495
17	1367834	1367934	11651
17	1368372	1368472	2560
17	1368567	1368862	21729
17	1368879	1369092	26205
17	1370524	1370645	21387
17	1370761	1370882	17769
17	1371107	1371469	25929
17	1371513	1371634	9531
17	1371652	1371803	13561
17	1372805	1372926	5180
17	1373427	1373668	17190
17	1373709	1373830	2195
17	1373887	1374008	5481
17	1374311	1374462	17995
17	1374482	1374640	12295
17	1375108	1375532	41607
17	1377852	1378003	16108
17	1378037	1378188	10541
17	1378217	1378338	9057
17	1380753	1380904	19770
17	1381133	1381284	12012
17	1381342	1381496	8371
17	1381653	1381804	9490
17	1381818	1382089	20387
17	1382699	1382820	10296
17	1382851	1383009	7671
17	1383778	1383929	14921
17	1383938	1384209	33856
17	1385720	1385871	19068
17	1386132	1386373	21577
17	1386840	1387054	9782
17	1387398	1387639	15861
17	1388935	1389056	0
17	1395568	1395803	25088
17	1398737	1398838	8384
17	1399004	1399204	10267
17	1399279	1399468	10546
17	1399593	1399714	12966
17	1399907	1400148	21611
17	1401171	1401442	45740
17	1410264	1410393	8733
17	1411373	1411530	17647
17	1412438	1412679	32513
17	1412913	1413154	22551
17	1416723	1416865	9609
17	1417156	1417283	6132
17	1419710	1419831	1144
17	1421284	1421413	8849
17	1421707	1421808	8870
17	1422351	1422451	2161
17	1422801	1423022	19594
17	1423531	1423732	11452
17	1423774	1423874	7364
17	1424855	1424976	11078
17	1437332	1437573	24064
17	1438409	1438650	38852
17	1438712	1438833	10093
17	1442143	1442264	12749
17	1444835	1444960	13983
17	1445009	1445110	7964
17	1446256	1446377	10447
17	1451574	1451695	16131
17	1456249	1456490	40425
17	1461776	1461897	3529
17	1465783	1465997	119
17	1466027	1466127	33
17	1477670	1477770	7683
17	1478333	1478434	5246
17	1478510	1478610	3093
17	1478827	1479098	45480
17	1479831	1480072	17018
17	1481489	1481640	16137
17	1486442	1486683	23632
17	1488953	1489395	33306
17	1490198	1490298	5656
17	1494047	1494288	13085
17	1494512	1494783	29353
17	1494805	1495046	1102
17	1496465	1496586	5788
17	1516465	1516586	6681
17	1518239	1518360	6239
17	1519808	1520079	12605
17	1530967	1531208	16025
17	1538000	1538961	82259
17	1539954	1540415	35321
17	1542038	1542309	27260
17	1542923	1543046	16878
17	1543118	1543389	29301
17	1543729	1543970	55271
17	1546726	1547300	6
17	1548117	1548239	4818
17	1548411	1548562	17125
17	1548879	1549074	5461
17	1549673	1549944	43735
17	1550180	1550301	6420
17	1551068	1551309	16651
17	1551600	1551836	21343
17	1552038	1552384	2238
17	1552484	1552610	174
17	1552691	1552812	302
17	1552861	1553108	463
17	1553975	1554292	25669
17	1554381	1554622	21869
17	1554656	1555131	41129
17	1556785	1557370	106914
17	1558619	1558860	61074
17	1559621	1559892	27936
17	1559932	1560065	9022
17	1561489	1561730	39081
17	1561757	1562118	26474
17	1562625	1562866	41875
17	1563063	1563334	24035
17	1563647	1564176	34778
17	1564220	1564491	38148
17	1564511	1564752	12040
17	1564873	1565114	14598
17	1565142	1565503	24409
17	1576281	1576552	10919
17	1576634	1576875	17633
17	1576991	1577232	26882
17	1577643	1578034	12944
17	1578156	1578669	55070
17	1578858	1579129	14424
17	1579133	1579404	29140
17	1579431	1579702	25949
17	1579750	1580021	15169
17	1580246	1580530	36444
17	1580772	1581043	8984
17	1581111	1581301	5455
17	1581788	1582235	19245
17	1582254	1583117	79271
17	1583570	1584376	69229
17	1584726	1584997	18005
17	1585071	1585342	12653
17	1585398	1585760	18677
17	1586082	1586261	13164
17	1586789	1587030	20701
17	1587408	1587728	13364
17	1587756	1587881	2842
17	1611048	1611529	21938
17	1612772	1612893	4017
17	1613077	1613198	689
17	1613327	1613568	846
17	1615545	1615738	8857
17	1616947	1617306	29543
17	1619837	1619958	8083
17	1628235	1631965	243092
17	1633636	1633791	14819
17	1634022	1634263	7812
17	1634305	1634576	27338
17	1635580	1635821	18098
17	1635921	1636162	35320
17	1636774	1637525	69057
17	1638787	1639058	33669
17	1639271	1639542	24285
17	1640637	1640998	40797
17	1641050	1641151	13534
17	1641250	1641350	19404
17	1641596	1641697	11710
17	1648229	1648380	16130
17	1648426	1648547	5964
17	1648596	1648717	4295
17	1648951	1649222	15222
17	1650263	1650504	16929
17	1650583	1650824	18899
17	1651811	1652082	13996
17	1655860	1656101	19321
17	1657350	1657861	39104
17	1670185	1670306	19352
17	1673093	1673364	20240
17	1674249	1674520	18672
17	1675116	1675387	12269
17	1678271	1678540	27940
17	1679809	1680050	14222
17	1680399	1680790	55384
17	1683115	1683254	5992
17	1684535	1684776	18764
17	1686239	1686510	18205
17	1686560	1686831	23491
17	1687536	1687807	24939
17	1690064	1690305	24046
17	1690685	1690926	47746
17	1703133	1704334	110863
17	1707903	1708024	11779
17	1715239	1715456	12923
17	1731100	1731341	11080
17	1733342	1733463	2161
17	1746060	1746181	17309
17	1747191	1747312	13808
17	1747834	1747990	18975
17	1756377	1756498	7266
17	1761210	1761331	5040
17	1775712	1775833	23645
17	1778899	1779140	28150
17	1780495	1780618	18159
17	1782229	1782380	13514
17	1782483	1782724	45344
17	1782772	1783043	31089
17	1783759	1784030	27587
17	1787050	1787291	22015
17	1791935	1792176	17489
17	1795117	1795244	7695
17	1798254	1798405	17449
17	1800355	1800479	9189
17	1801041	1801178	5026
17	1802225	1802586	29593
17	1838004	1838105	4869
17	1838465	1838565	8713
17	1838698	1838798	7192
17	1839015	1839212	7656
17	1839256	1839443	10537
17	1839580	1839681	9522
17	1839712	1841172	204625
17	1928091	1928320	940
17	1933425	1933546	14176
17	1936753	1936994	27269
17	1937043	1937164	19271
17	1939203	1939444	34339
17	1939750	1940021	43016
17	1940038	1940309	29545
17	1942991	1943142	20632
17	1943438	1943709	25606
17	1943787	1943909	17116
17	1944374	1944495	3578
17	1944722	1944925	8639
17	1945045	1945169	7009
17	1945312	1945553	1017
17	1945847	1946448	50630
17	1953170	1953327	948
17	1953540	1953699	0
17	1958298	1958490	0
17	1959560	1959681	9532
17	1959942	1963024	85677
17	1964610	1964721	25274
17	1964724	1964970	25906
17	1968346	1968467	12172
17	1968716	1968987	31971
17	1972027	1972268	32556
17	1985025	1985296	19528
17	1988955	1989226	28295
17	1990352	1990473	20325
17	1991052	1991153	10346
17	2030718	2031369	92518
17	2075931	2076172	25468
17	2089919	2090160	30237
17	2091599	2091870	19163
17	2095095	2095196	8612
17	2138985	2139085	5548
17	2139737	2139978	30122
17	2147921	2148042	6570
17	2185895	2186166	30455
17	2186882	2187039	9778
17	2195793	2195944	17563
17	2196155	2196281	12657
17	2200500	2200657	4469
17	2201131	2201372	10051
17	2202147	2203978	193433
17	2206909	2207030	76
17	2210041	2210878	52320
17	2212727	2212827	9636
17	2218817	2219041	42881
17	2221075	2221346	17748
17	2222080	2222233	12458
17	2224508	2224779	22892
17	2224781	2224932	6836
17	2226413	2226654	25317
17	2226906	2227177	19386
17	2227427	2227698	20354
17	2227743	2227894	11458
17	2227931	2228172	22437
17	2228534	2228775	12421
17	2232370	2232521	12352
17	2232581	2232822	16504
17	2233527	2233678	8284
17	2233772	2233929	8439
17	2234200	2234441	25628
17	2235436	2235677	24657
17	2236215	2236456	28733
17	2236809	2237050	18467
17	2237736	2238217	34880
17	2238541	2238740	9115
17	2238793	2239034	32757
17	2239291	2239444	20051
17	2239581	2239732	12856
17	2240949	2241070	3297
17	2246785	2246936	11209
17	2264890	2265131	24432
17	2265332	2265603	32065
17	2266074	2266475	32150
17	2266674	2266945	8699
17	2267263	2267534	9223
17	2267689	2268390	85722
17	2268420	2268691	31847
17	2270510	2270751	11048
17	2274481	2274752	22269
17	2275424	2275575	27296
17	2275588	2275839	5424
17	2276189	2276430	26656
17	2276564	2276835	58984
17	2278706	2279217	44158
17	2279371	2279612	15621
17	2279976	2280127	15134
17	2280243	2280372	4556
17	2281107	2281258	20282
17	2282292	2282631	30321
17	2282708	2282829	6339
17	2283395	2283496	8478
17	2287326	2287476	12181
17	2287554	2287809	18906
17	2287926	2288128	14061
17	2288137	2288238	3447
17	2289780	2289880	2215
17	2289991	2290967	115061
17	2291125	2291366	44760
17	2297327	2297458	5002
17	2297569	2297718	8180
17	2298150	2298816	43245
17	2302325	2302425	2567
17	2303897	2304137	1527
17	2310229	2310590	33527
17	2317665	2317887	31101
17	2318445	2318686	19085
17	2323215	2323936	63569
17	2323960	2324231	22593
17	2341386	2341507	10703
17	2344757	2344878	2389
17	2367451	2367692	24594
17	2371018	2371232	11721
17	2376766	2377007	21170
17	2380958	2381199	20063
17	2405440	2405681	15119
17	2496912	2497012	254
17	2497100	2497200	131
17	2497224	2497324	80
17	2541537	2541658	6204
17	2568646	2568767	8446
17	2569285	2569406	9477
17	2570267	2570508	21604
17	2573419	2573660	26589
17	2575908	2576061	13059
17	2577316	2577592	18919
17	2579788	2579910	7700
17	2583414	2583655	23458
17	2584998	2585351	23712
17	2585480	2585580	16470
17	2585615	2585816	16140
17	2585941	2586042	13455
17	2586088	2586188	10280
17	2587054	2587154	7641
17	2587336	2587511	9348
17	2587597	2587785	16333
17	2587788	2587888	13548
17	2587918	2588018	14232
17	2588600	2588701	8171
17	2588721	2588822	5795
17	2592666	2592856	11218
17	2593097	2593197	7010
17	2593393	2593528	9824
17	2593858	2594099	7136
17	2594878	2595223	34193
17	2595283	2595411	9971
17	2595594	2596047	50635
17	2596052	2596173	14419
17	2597142	2597613	65199
17	2597754	2597875	8032
17	2598091	2598452	21847
17	2598481	2598602	18798
17	2598622	2598863	10874
17	2599381	2599622	25227
17	2599655	2599896	8704
17	2599943	2600304	16007
17	2601175	2601896	69355
17	2603660	2603781	12245
17	2603924	2604165	21052
17	2604375	2605088	67055
17	2605158	2605399	14775
17	2606576	2606817	22833
17	2607628	2607869	30418
17	2614855	2615006	128
17	2651362	2651486	6976
17	2699782	2699903	14351
17	2703765	2703886	5009
17	2808558	2808679	11815
17	2843310	2843410	14266
17	2861009	2861130	8733
17	2865924	2866045	17170
17	2866678	2866799	18887
17	2867134	2867375	16911
17	2868764	2869005	29891
17	2883558	2883679	8154
17	2884454	2884575	8485
17	2888257	2888378	4324
17	2894519	2894760	29730
17	2898574	2898815	43980
17	2901471	2901712	16574
17	2908637	2908758	12943
17	2909166	2909351	13115
17	2911250	2911491	12102
17	2921302	2921543	22255
17	2923708	2923949	24222
17	2929237	2929478	18669
17	2929579	2929820	19072
17	2930179	2930420	29358
17	2934192	2934313	7897
17	2935647	2935774	13027
17	2936669	2936818	13337
17	2937686	2937807	12245
17	2938415	2938516	2468
17	2940095	2940196	9313
17	2940550	2940651	33494
17	2940827	2940985	16309
17	2965917	2966998	302030
17	2995339	2996300	173908
17	3029893	3030969	86034
17	3057161	3058239	75794
17	3100796	3101757	141012
17	3118898	3119859	157820
17	3132224	3132382	10839
17	3143871	3144952	214074
17	3160354	3161400	43255
17	3169013	3169167	42301
17	3181175	3182286	160240
17	3194891	3195904	109218
17	3213586	3215036	196005
17	3300750	3301714	135881
17	3323803	3324884	167689
17	3336108	3337189	137247
17	3341367	3341467	5554
17	3343385	3343656	14543
17	3346455	3346576	7497
17	3349709	3349950	25406
17	3352090	3352453	60802
17	3365733	3365884	7919
17	3365939	3366090	9572
17	3370662	3370903	14985
17	3372536	3372657	1974
17	3379444	3379699	45600
17	3384873	3385114	19778
17	3386778	3386899	8223
17	3392519	3392646	8675
17	3397607	3397763	6305
17	3402132	3402403	19121
17	3416464	3416564	8486
17	3417187	3417318	7349
17	3417865	3417986	6804
17	3419715	3419873	10216
17	3421825	3422186	43974
17	3424238	3424359	1792
17	3427423	3427694	16638
17	3430123	3430244	4573
17	3431278	3431430	5851
17	3432065	3432329	9824
17	3433287	3433528	31740
17	3435879	3436270	31517
17	3438834	3439056	30328
17	3445752	3446023	25325
17	3446693	3446964	18156
17	3447854	3447975	9362
17	3448451	3448575	11516
17	3457933	3458204	34000
17	3470073	3470314	16158
17	3474754	3474995	21054
17	3475358	3475599	26465
17	3476906	3477268	20487
17	3480391	3480512	3925
17	3480853	3481094	12319
17	3483724	3483845	6225
17	3486616	3486737	14712
17	3489019	3489260	16694
17	3491450	3491691	19303
17	3492156	3492292	1826
17	3493041	3493454	39957
17	3493494	3493735	23866
17	3494211	3494692	42456
17	3495321	3495682	40863
17	3513141	3513242	3916
17	3513818	3514299	27063
17	3518609	3518850	28810
17	3524467	3524738	13491
17	3526587	3526828	28729
17	3527282	3527553	15482
17	3533448	3533689	12103
17	3539308	3539549	12975
17	3543469	3543590	7104
17	3550715	3550836	8163
17	3552121	3552242	8976
17	3553458	3553638	6765
17	3558252	3558405	16949
17	3558429	3558700	32577
17	3559769	3559890	7195
17	3559908	3560149	15286
17	3561262	3561503	15913
17	3563059	3563330	14223
17	3563445	3563716	25365
17	3563818	3564089	19807
17	3564333	3564533	10749
17	3566989	3567230	23272
17	3567466	3567587	7947
17	3567852	3568152	19266
17	3568442	3568543	2397
17	3571739	3571860	3723
17	3572425	3572963	43206
17	3575706	3575827	11649
17	3577017	3577216	17703
17	3582829	3583100	22789
17	3585139	3585290	7686
17	3588792	3588893	8915
17	3591291	3591412	15304
17	3591865	3592106	13930
17	3592733	3592974	22967
17	3593312	3593463	13147
17	3593677	3593828	14188
17	3593845	3593996	10548
17	3594224	3594345	7322
17	3594891	3595132	43155
17	3599079	3599441	33892
17	3618097	3618248	6883
17	3619945	3620102	13437
17	3623587	3623708	12368
17	3626570	3626691	3679
17	3626948	3627069	1902
17	3627136	3629994	153749
17	3631146	3631330	17862
17	3631369	3631490	14656
17	3632749	3632870	21546
17	3634376	3634497	5447
17	3635619	3635770	14475
17	3638055	3638296	35931
17	3643074	3643195	9393
17	3646695	3646966	50524
17	3648988	3649259	18982
17	3651159	3651400	14118
17	3653559	3653830	17184
17	3654904	3655178	20515
17	3656532	3656773	29185
17	3657056	3657267	12311
17	3658361	3658602	3083
17	3659096	3659217	7926
17	3660219	3660463	37404
17	3660925	3661196	27778
17	3662650	3662891	9046
17	3663432	3663643	8174
17	3664297	3664485	5685
17	3664634	3664875	18135
17	3665181	3665302	868
17	3667117	3667268	5788
17	3680742	3681013	23224
17	3687613	3687713	3687
17	3704330	3704481	14342
17	3715524	3715702	7377
17	3715942	3716043	4845
17	3716304	3716583	14048
17	3717575	3717816	22953
17	3719335	3719606	19702
17	3721485	3721957	27137
17	3724533	3724656	4553
17	3725213	3725356	14702
17	3728168	3728358	19654
17	3729037	3729158	11994
17	3729323	3729564	33722
17	3732478	3732719	22261
17	3743325	3743566	21509
17	3746351	3746472	6045
17	3749304	3749545	10330
17	3763663	3763764	6571
17	3765317	3765418	5471
17	3765479	3765600	4929
17	3769160	3769315	17832
17	3772723	3772964	15305
17	3773047	3773198	10222
17	3775823	3775944	10823
17	3776638	3776789	8550
17	3779495	3779736	21809
17	3783592	3783743	15173
17	3784870	3784991	5501
17	3785516	3785674	27279
17	3785778	3785899	7222
17	3786251	3786522	24100
17	3786687	3786808	10347
17	3787113	3787264	10875
17	3787606	3787757	9348
17	3788572	3789041	57888
17	3793881	3794083	37569
17	3801079	3801200	13540
17	3801262	3801414	15328
17	3801749	3801870	9906
17	3802181	3802332	9078
17	3802840	3803111	17323
17	3806445	3806686	11689
17	3806823	3806944	8502
17	3807208	3807329	8198
17	3807567	3807718	7810
17	3808126	3808247	5984
17	3808436	3808707	19756
17	3818639	3819210	61225
17	3819329	3819570	29764
17	3822814	3823004	34529
17	3828026	3828147	13952
17	3828642	3828765	12536
17	3831242	3831363	8784
17	3831479	3831631	9871
17	3831894	3832135	34941
17	3832559	3832800	7508
17	3833585	3833781	9473
17	3838437	3838588	19147
17	3839510	3839781	60259
17	3840698	3840940	31187
17	3844221	3844612	44472
17	3844687	3844958	37621
17	3845811	3846082	29131
17	3846599	3846870	30101
17	3847987	3848110	9322
17	3848336	3848457	3340
17	3850645	3851159	30051
17	3853786	3853907	9051
17	3853935	3854086	7205
17	3854494	3854733	11747
17	3854835	3854989	9522
17	3856590	3856741	15976
17	3856934	3857055	16658
17	3867458	3867751	0
17	3907837	3907938	3509
17	3910060	3910283	33827
17	3912151	3912272	7313
17	3912801	3913094	24842
17	3916733	3916945	16553
17	3917371	3917492	6339
17	3917603	3917844	18394
17	3919567	3919808	37522
17	3920603	3921317	50048
17	3922951	3923073	9651
17	3924367	3924638	18383
17	3925911	3926182	13953
17	3928161	3928432	19044
17	3935364	3935605	26487
17	3936057	3936328	19312
17	3937236	3937627	46561
17	3945641	3945912	16066
17	3947471	3947712	23110
17	3952956	3953197	20372
17	3954024	3954385	13416
17	3955226	3955467	18379
17	3957298	3957539	14076
17	3959453	3959694	15507
17	3961217	3961488	14972
17	3962423	3962644	6024
17	3965977	3966248	16740
17	3967617	3968133	50564
17	3969696	3969847	17330
17	3970435	3970556	9172
17	3973916	3974277	28843
17	3975824	3976095	38865
17	3977393	3977664	12848
17	3978370	3978491	10921
17	3978518	3978759	19087
17	3979870	3980296	29551
17	3981105	3981376	10636
17	3984605	3984846	8910
17	3985703	3985824	4731
17	3988909	3989150	27806
17	3989713	3989984	24499
17	3990686	3990838	6323
17	3991958	3992199	19363
17	3993977	3994134	17456
17	3999077	3999318	15368
17	3999857	4000008	4190
17	4005598	4005719	5360
17	4007894	4008135	18866
17	4008923	4009194	12634
17	4012930	4013171	15257
17	4015881	4016122	19154
17	4017557	4017798	22753
17	4020211	4020482	28954
17	4027151	4027392	30415
17	4045826	4046199	2261
17	4046439	4046539	6101
17	4046963	4047354	101923
17	4053133	4053374	18973
17	4057939	4058180	26170
17	4060116	4060387	14670
17	4067219	4067320	6797
17	4067574	4067674	6782
17	4068116	4068254	6993
17	4069726	4069827	7431
17	4070227	4070344	7277
17	4070389	4070538	11754
17	4070549	4070650	4480
17	4070921	4071258	18428
17	4072475	4072596	2759
17	4073960	4074201	17816
17	4075791	4076032	17607
17	4076602	4076753	12898
17	4077156	4077397	20641
17	4080387	4080628	20820
17	4082130	4082371	30039
17	4082942	4083213	24615
17	4084486	4084727	16158
17	4085410	4085681	36707
17	4086618	4086889	18960
17	4087094	4087215	10352
17	4088103	4088351	22215
17	4092664	4092785	15689
17	4098180	4098492	21101
17	4098640	4098791	10796
17	4100618	4100889	28379
17	4109577	4109818	13559
17	4111181	4111422	15506
17	4113029	4113300	20623
17	4120194	4120465	16958
17	4139004	4139245	12829
17	4145495	4145766	20022
17	4166889	4167025	645
17	4167140	4167291	15562
17	4172515	4172616	2334
17	4173236	4173337	5723
17	4173457	4173557	5435
17	4174562	4174865	14457
17	4175042	4175284	8698
17	4175496	4175807	32362
17	4186042	4186232	11016
17	4192492	4192733	17440
17	4199969	4200120	9684
17	4210305	4210428	6200
17	4269538	4269870	887
17	4337210	4337481	47397
17	4342924	4343045	8027
17	4348243	4348514	20853
17	4349267	4349538	25700
17	4350132	4350283	18919
17	4351372	4351643	38269
17	4352454	4352725	10455
17	4356284	4356525	22472
17	4381838	4381959	9279
17	4389510	4389631	9980
17	4389641	4389912	24323
17	4391053	4391204	12324
17	4402333	4402722	186
17	4416483	4416634	18799
17	4428268	4428539	24802
17	4433851	4434122	17974
17	4434289	4434440	15114
17	4435800	4436027	14437
17	4436196	4436467	23729
17	4436481	4436752	37435
17	4437024	4437175	9226
17	4439328	4439479	4409
17	4439488	4439759	7420
17	4440122	4440305	12382
17	4440747	4441234	56059
17	4442161	4442312	13138
17	4442654	4443285	74936
17	4443589	4443830	21993
17	4444717	4444869	17125
17	4445041	4445196	14316
17	4445701	4446093	29474
17	4446122	4446513	62729
17	4447741	4447982	11513
17	4448009	4448656	28238
17	4448829	4449100	25176
17	4449127	4449248	17486
17	4451241	4451362	9254
17	4451370	4451641	28278
17	4451730	4452001	21434
17	4452590	4452747	6624
17	4453319	4453680	28693
17	4455112	4455353	31990
17	4455382	4455623	29689
17	4455682	4455953	14991
17	4457067	4457222	7148
17	4457289	4457410	6513
17	4457440	4457591	8854
17	4458142	4458263	21044
17	4458399	4458640	20559
17	4461259	4462370	78899
17	4462624	4462751	12805
17	4462802	4463073	50315
17	4463595	4463866	19773
17	4487864	4488342	0
17	4495624	4495775	7264
17	4496133	4496524	56287
17	4497093	4497214	16439
17	4498379	4498650	53079
17	4500092	4500333	5047
17	4500421	4500662	17106
17	4510567	4510838	36534
17	4510992	4511092	6886
17	4514045	4514145	1669
17	4520057	4520309	12600
17	4534863	4535104	22743
17	4535116	4535387	26239
17	4535434	4535586	14483
17	4536065	4536336	17183
17	4536374	4536645	18675
17	4536660	4536811	14067
17	4539007	4539278	18663
17	4540330	4540601	23942
17	4541470	4541711	47737
17	4541836	4541989	7832
17	4542054	4542476	47177
17	4542674	4542945	26301
17	4544727	4544998	20609
17	4574718	4574839	12273
17	4574955	4576457	69752
17	4576526	4576767	19066
17	4576880	4577001	6987
17	4577763	4578004	12295
17	4578056	4578297	14085
17	4578310	4579233	83562
17	4579272	4579513	39856
17	4579605	4579846	12869
17	4580016	4580137	3090
17	4585771	4585892	4324
17	4586051	4586292	13035
17	4594114	4594355	18862
17	4594643	4594764	4395
17	4607100	4607461	5725
17	4613966	4614087	24
17	4618261	4618382	10712
17	4619236	4619357	8557
17	4619372	4619523	8818
17	4619683	4619924	7569
17	4620450	4620601	6856
17	4620922	4621073	9989
17	4621099	4621370	4883
17	4621536	4621657	8249
17	4621851	4622002	8156
17	4622525	4622766	14130
17	4623491	4623612	8949
17	4623666	4623787	8536
17	4623816	4623967	7352
17	4624226	4624347	13008
17	4624479	4624579	7560
17	4634735	4634886	15568
17	4634984	4635255	24760
17	4636292	4636533	32065
17	4637862	4637983	10063
17	4638323	4638834	50698
17	4641652	4641803	12416
17	4642024	4642265	25881
17	4642502	4642743	13911
17	4643824	4644454	51350
17	4644842	4645121	20469
17	4645136	4645407	12109
17	4645554	4645825	27905
17	4646552	4646793	21623
17	4647040	4647161	12370
17	4647285	4647403	11744
17	4647467	4647588	11302
17	4647621	4647772	8204
17	4647845	4648116	14095
17	4648131	4648253	9960
17	4648438	4648709	16145
17	4649041	4649295	3218
17	4675154	4675425	32763
17	4684062	4684183	8732
17	4685744	4685985	25387
17	4686119	4686475	45599
17	4688594	4688985	42059
17	4689168	4689657	67119
17	4692268	4692422	18218
17	4692491	4692612	8575
17	4692737	4693008	32722
17	4693021	4693601	19853
17	4699479	4699601	10494
17	4699965	4700116	25447
17	4700677	4700918	21397
17	4700920	4701161	20836
17	4701254	4701495	27166
17	4701524	4701765	21075
17	4711030	4711186	14417
17	4711222	4711463	16301
17	4711488	4711759	21561
17	4712356	4712510	13793
17	4712564	4712685	8927
17	4712725	4712876	6655
17	4712940	4713091	11502
17	4713126	4713367	24988
17	4714050	4714291	47998
17	4717693	4717814	14875
17	4717875	4718026	16088
17	4718734	4718891	30686
17	4719022	4719263	29093
17	4719826	4720097	21645
17	4720139	4720564	31721
17	4721287	4721411	9003
17	4721544	4721695	18048
17	4721779	4721912	6625
17	4722032	4722153	10111
17	4722324	4722565	10392
17	4722649	4722920	15253
17	4725023	4725264	18631
17	4725925	4726169	19469
17	4726650	4726751	3715
17	4736835	4736966	1246
17	4738035	4738156	4917
17	4741001	4741101	10957
17	4747819	4747940	14418
17	4750421	4750542	9947
17	4754247	4754368	11575
17	4758005	4758126	6321
17	4763995	4764116	13730
17	4774318	4774418	1375
17	4778344	4778465	9425
17	4781594	4781694	11571
17	4784256	4784357	6189
17	4784426	4784552	9170
17	4787591	4787832	22129
17	4788190	4788311	26250
17	4788721	4788962	24874
17	4789171	4789292	16082
17	4789392	4789513	11777
17	4789712	4789953	8612
17	4790378	4790499	20189
17	4790843	4791116	12495
17	4792816	4793068	11646
17	4793509	4793610	6668
17	4793778	4794070	25797
17	4794211	4794452	7782
17	4794699	4795060	22288
17	4795425	4795546	3553
17	4795630	4795871	5321
17	4795885	4796126	9706
17	4796256	4796377	13236
17	4796531	4796667	14493
17	4796689	4796930	23706
17	4797214	4797657	32237
17	4797752	4797993	32862
17	4798332	4798573	17991
17	4798595	4798836	25290
17	4798938	4799179	13450
17	4799226	4800158	79075
17	4800479	4800600	14693
17	4800653	4800754	12670
17	4800868	4801165	20170
17	4801987	4802228	13664
17	4802286	4802412	5833
17	4802483	4802939	18226
17	4803029	4803150	28940
17	4803214	4803461	19318
17	4803498	4803859	30043
17	4803881	4803980	16864
17	4804023	4804504	69637
17	4804778	4804930	21555
17	4805153	4805424	23753
17	4805502	4805631	13750
17	4805675	4805826	17753
17	4805835	4806106	20152
17	4806274	4806395	17585
17	4835851	4838326	189832
17	4840962	4841233	19390
17	4841252	4841403	10758
17	4841407	4841558	7615
17	4841587	4841738	8381
17	4841760	4841911	5065
17	4842015	4842550	56940
17	4843096	4843217	6514
17	4843781	4844306	36768
17	4844334	4844462	7974
17	4845547	4845818	11164
17	4845854	4845975	4699
17	4846099	4846250	6627
17	4846464	4846589	13166
17	4846706	4846827	10972
17	4847831	4848397	67133
17	4849026	4849303	36055
17	4849897	4850139	24187
17	4851502	4851743	35685
17	4855075	4855226	8488
17	4856076	4856197	7194
17	4856283	4856434	9291
17	4856510	4856661	12573
17	4856922	4857193	18447
17	4858329	4858602	16115
17	4858649	4858961	23807
17	4859190	4859457	24027
17	4859830	4859986	10207
17	4860063	4860214	12352
17	4860216	4860367	9246
17	4862544	4862645	7686
17	4862714	4862948	24221
17	4862981	4863252	24398
17	4863270	4863421	9704
17	4863509	4863630	16693
17	4863736	4863857	17870
17	4864053	4864174	18034
17	4870965	4871116	11396
17	4871298	4871399	4424
17	4871645	4871745	7777
17	4871991	4872142	24165
17	4872147	4872298	17932
17	4872387	4872658	28917
17	4872713	4872864	44191
17	4872899	4873020	23828
17	4873137	4873408	11059
17	4873581	4873852	18309
17	4875467	4875858	39112
17	4876023	4876296	24706
17	4876447	4876568	3793
17	4876850	4877091	13665
17	4877616	4877857	17140
17	4880268	4880539	18731
17	4881740	4881976	16092
17	4882936	4883939	57656
17	4884435	4884706	31032
17	4884928	4885169	10443
17	4885328	4885511	10570
17	4885968	4886364	38313
17	4889165	4889288	13784
17	4889440	4889584	8730
17	4890200	4890301	3648
17	4890844	4890965	1451
17	4891623	4891894	17916
17	4892035	4892276	10696
17	4892677	4892929	15330
17	4893113	4893264	10039
17	4893437	4893570	12633
17	4897649	4897770	6747
17	4900135	4900424	57452
17	4903144	4903265	9279
17	4903532	4903657	16714
17	4904043	4904164	22311
17	4904485	4904726	13958
17	4905325	4905446	12459
17	4905696	4905967	36085
17	4905990	4906147	59867
17	4906884	4907005	11748
17	4907087	4907238	13073
17	4907269	4907390	8787
17	4907809	4907960	6743
17	4908071	4908342	15787
17	4910173	4910414	24936
17	4910536	4910657	7887
17	4910708	4910859	7906
17	4916926	4917047	12238
17	4918026	4918147	8796
17	4922502	4922947	25634
17	4923241	4923392	29779
17	4923758	4923999	24367
17	4924075	4924196	11049
17	4925304	4926055	94417
17	4926713	4927494	31697
17	4927598	4927809	9153
17	4927937	4928037	9642
17	4936076	4936176	11622
17	4936206	4936477	14340
17	4936496	4937956	122195
17	4994772	4999670	360715
17	5009082	5009838	73994
17	5012162	5012372	25856
17	5012654	5013173	62619
17	5015044	5015165	31230
17	5024267	5024388	33839
17	5024908	5025045	20815
17	5033637	5033758	27328
17	5033876	5033997	37295
17	5035437	5035798	88852
17	5036183	5036304	25443
17	5036728	5036911	38692
17	5037145	5037305	42566
17	5038461	5038612	55259
17	5039041	5039282	53127
17	5039920	5040041	79960
17	5040357	5040508	33778
17	5040934	5041055	44536
17	5041370	5041611	83336
17	5042230	5042999	166374
17	5044695	5044817	10892
17	5045245	5045487	44254
17	5045682	5045807	16908
17	5047950	5048191	43412
17	5048665	5048906	32396
17	5049272	5049513	63957
17	5050368	5050499	13870
17	5051835	5052076	67132
17	5058687	5058928	24041
17	5064804	5064925	16817
17	5066118	5066358	32569
17	5071171	5071443	49827
17	5071994	5072385	90989
17	5073742	5074237	108896
17	5074866	5074987	24078
17	5076064	5076340	70446
17	5076483	5076583	10201
17	5076637	5076781	12956
17	5076886	5076987	14193
17	5077059	5077160	19886
17	5077170	5077271	18530
17	5077452	5077553	8543
17	5077932	5078033	9659
17	5078071	5078270	30530
17	5084129	5087599	442092
17	5114051	5114292	36219
17	5118195	5118316	9639
17	5124460	5124673	19563
17	5126538	5126809	38277
17	5137978	5138099	6336
17	5185737	5185858	0
17	5211931	5212172	13853
17	5217296	5217397	11420
17	5235194	5235465	10050
17	5238437	5238678	24494
17	5239754	5239855	3357
17	5241252	5241493	17312
17	5250031	5250272	11884
17	5253713	5253954	18982
17	5257598	5257839	17682
17	5264465	5264980	60526
17	5266197	5266321	12892
17	5268376	5268594	15081
17	5271652	5271773	8853
17	5276557	5276798	9237
17	5280354	5280625	13419
17	5281438	5281608	14240
17	5283646	5283767	6707
17	5284620	5284861	16097
17	5286376	5286528	4736
17	5287190	5287309	9549
17	5289496	5289617	19048
17	5289965	5290206	16475
17	5290245	5290486	10442
17	5290684	5290805	10633
17	5290866	5291281	38293
17	5292079	5292320	8933
17	5294870	5294992	8648
17	5298194	5298315	7419
17	5302859	5302980	7234
17	5307371	5307612	15181
17	5308318	5308589	42504
17	5312019	5312260	22583
17	5313974	5314125	13638
17	5317270	5317511	7197
17	5319796	5320037	17301
17	5322640	5323001	33898
17	5323370	5323630	18533
17	5324579	5324820	23256
17	5326027	5326178	14247
17	5327041	5327142	8734
17	5328591	5328810	2889
17	5329255	5329412	17734
17	5329526	5329647	38316
17	5331339	5331598	24074
17	5334598	5335023	15606
17	5335815	5335936	10394
17	5336288	5336529	9612
17	5336552	5336793	14083
17	5336976	5337097	8480
17	5338178	5338299	10857
17	5341396	5341637	11821
17	5342152	5342403	488
17	5347497	5347858	59686
17	5352080	5352231	8042
17	5353503	5353744	23895
17	5354069	5354310	31692
17	5356882	5357003	15491
17	5357099	5357340	12731
17	5358470	5358601	17150
17	5359288	5359529	36736
17	5364222	5364463	14914
17	5365629	5365876	11121
17	5366777	5367048	20847
17	5371853	5372214	18292
17	5377828	5377929	8987
17	5377942	5378119	13401
17	5383357	5383478	4596
17	5383683	5383924	14207
17	5384601	5384722	4133
17	5386104	5386225	4471
17	5388442	5388563	8492
17	5389343	5389494	3994
17	5392130	5394135	146024
17	5403075	5403676	29812
17	5403916	5404543	23446
17	5405101	5405222	14159
17	5417818	5417919	14578
17	5418022	5418413	69003
17	5418723	5418874	13180
17	5421015	5421256	21790
17	5424145	5424386	11826
17	5424793	5425135	13257
17	5433289	5433390	21777
17	5433761	5434034	27806
17	5436071	5436342	19293
17	5436602	5436714	4127
17	5437171	5437322	17123
17	5440154	5440275	5044
17	5442698	5442939	11214
17	5445110	5445381	16461
17	5456669	5456910	22144
17	5461609	5463410	213992
17	5485129	5485400	15301
17	5485956	5486197	14798
17	5486960	5487321	35017
17	5983934	5984462	26347
17	5991245	5991486	46307
17	5993581	5993852	33261
17	5998361	5998602	27536
17	6012855	6013126	49430
17	6014021	6014292	32878
17	6021286	6021527	18026
17	6023593	6023991	73513
17	6328687	6329164	175212
17	6329884	6330125	20416
17	6330137	6330408	22682
17	6331610	6331851	22671
17	6337207	6337448	16917
17	6338285	6338436	17050
17	6348396	6348757	25591
17	6349410	6349511	12319
17	6350719	6351110	40888
17	6352588	6352739	7369
17	6353301	6353422	14398
17	6353650	6353771	10760
17	6358629	6358973	32022
17	6360856	6361097	15362
17	6364633	6364904	27355
17	6366975	6367246	20017
17	6367412	6367683	14267
17	6367881	6368152	17451
17	6371451	6371722	24829
17	6373532	6373773	19534
17	6374456	6374697	16100
17	6375940	6376181	49481
17	6377686	6377957	51761
17	6380319	6380560	22263
17	6381204	6381475	27065
17	6381810	6382081	26357
17	6386827	6387082	34430
17	6387482	6387633	19394
17	6406779	6406930	4308
17	6428666	6428793	13697
17	6441263	6441414	6690
17	6442355	6442455	4890
17	6459654	6459775	9
17	6482974	6483219	11870
17	6493089	6493333	16247
17	6493768	6494009	17328
17	6498271	6498392	8992
17	6499419	6499673	18884
17	6502507	6502658	17462
17	6503647	6503798	7412
17	6510176	6510297	12164
17	6510454	6510605	23951
17	6511604	6511845	19177
17	6513245	6513516	36050
17	6515202	6515478	23692
17	6524091	6524332	24504
17	6526158	6526429	17862
17	6526798	6526919	15309
17	6528065	6528191	5697
17	6531387	6532108	79062
17	6538315	6538436	18729
17	6542958	6543573	49042
17	6544323	6544594	12053
17	6545052	6545173	9894
17	6545545	6545666	8271
17	6546243	6546364	11160
17	6547091	6547192	9521
17	6547761	6548002	36415
17	6553288	6553409	14213
17	6553623	6553774	8516
17	6554773	6554894	4407
17	6555179	6556618	95403
17	6560522	6560623	16803
17	6560630	6560731	13536
17	6561011	6561111	11652
17	6561180	6561303	23217
17	6561817	6561918	8532
17	6562032	6562273	65862
17	6563243	6563387	13525
17	6564522	6564732	13493
17	6574699	6574799	3874
17	6589440	6589711	21085
17	6590795	6591036	24227
17	6594027	6594280	21941
17	6596300	6596496	12305
17	6597374	6597526	4108
17	6599001	6599272	13385
17	6604262	6604503	21419
17	6606251	6606492	24435
17	6607164	6607689	46598
17	6609877	6610148	19339
17	6610259	6610530	18001
17	6616540	6616662	12874
17	6659322	6659473	10105
17	6661354	6661595	41914
17	6662958	6663096	6273
17	6663701	6663942	17744
17	6665191	6665291	13492
17	6665425	6665576	18343
17	6673951	6674360	25407
17	6676362	6676603	30097
17	6683127	6684238	101392
17	6690065	6690306	31941
17	6690584	6690802	6250
17	6703328	6703569	19587
17	6704042	6704283	35184
17	6716139	6716382	22158
17	6718402	6718673	27474
17	6719095	6719336	22185
17	6722473	6722714	17081
17	6733479	6733720	18665
17	6797100	6797235	23361
17	6797636	6797881	18012
17	6798005	6798126	6724
17	6798142	6798586	21398
17	6798620	6798861	27409
17	6799585	6800082	64711
17	6801515	6801616	6338
17	6801847	6801951	14300
17	6802125	6802248	14542
17	6802709	6802809	7972
17	6802911	6803079	12734
17	6803186	6803318	7689
17	6899382	6899623	2583
17	6900094	6900365	27703
17	6901777	6901928	5423
17	6901955	6902214	11137
17	6902232	6902385	9941
17	6902583	6902824	30786
17	6903575	6903846	17908
17	6904874	6905145	16918
17	6905703	6905949	22871
17	6908527	6908678	7789
17	6909110	6909372	17948
17	6909714	6909985	21400
17	6913015	6913479	37589
17	6913501	6913772	15230
17	6915454	6915575	8971
17	6915882	6916123	30600
17	6916961	6917083	11729
17	6917428	6920343	198336
17	6920520	6920659	7176
17	6920909	6921045	9125
17	6921205	6921366	9572
17	6926928	6927199	27999
17	6927361	6927633	28765
17	6927657	6928092	39112
17	6928335	6928576	15571
17	6929736	6930457	81330
17	6930728	6930999	22722
17	6939649	6939920	47873
17	6939966	6940237	29337
17	6941388	6942235	85855
17	6943030	6943301	23491
17	6944961	6945237	9414
17	6945277	6946118	26002
17	6946199	6946440	10860
17	6946586	6946947	4404
17	6978335	6978576	17844
17	6978640	6978795	12661
17	6978872	6979246	29724
17	6979266	6979507	14102
17	6979996	6980147	15279
17	6980167	6980318	10129
17	6981222	6981493	36033
17	6982036	6982157	10413
17	7004855	7005096	15904
17	7005399	7005525	6380
17	7010273	7010652	32475
17	7011104	7011257	3824
17	7011767	7011888	3123
17	7011990	7012261	19905
17	7017376	7017569	26406
17	7076913	7077184	17281
17	7077241	7077652	61520
17	7077674	7077795	7660
17	7080123	7080274	8112
17	7080290	7080411	8960
17	7080465	7080706	13876
17	7081409	7081897	38265
17	7093226	7093346	1847
17	7093634	7093734	1714
17	7093819	7093920	6369
17	7093958	7094192	9758
17	7094570	7094691	7511
17	7095145	7095386	14288
17	7096240	7096469	31867
17	7096731	7097069	14566
17	7097115	7097236	7232
17	7097239	7097360	9760
17	7097604	7097845	33790
17	7099474	7099715	23541
17	7099721	7099962	18867
17	7100042	7100403	28078
17	7106108	7106413	44034
17	7106458	7106699	26725
17	7106706	7106947	15636
17	7106951	7107192	16986
17	7107295	7107604	27613
17	7111354	7111595	33626
17	7114947	7115047	3667
17	7117073	7117194	11359
17	7120390	7120511	9409
17	7120701	7120801	0
17	7121518	7121639	8638
17	7121847	7121968	4721
17	7122097	7122218	6408
17	7123144	7123528	2974
17	7123724	7123875	11062
17	7123897	7124018	14020
17	7124025	7124429	19728
17	7124807	7125048	24974
17	7125184	7125678	33784
17	7125963	7126204	21681
17	7126442	7126566	10321
17	7126591	7126723	4367
17	7126914	7127065	18412
17	7127071	7127222	16002
17	7127246	7127398	17758
17	7127422	7127573	14533
17	7127614	7127894	24091
17	7127946	7128067	14576
17	7128074	7128500	39946
17	7128670	7128771	7027
17	7128992	7129104	8908
17	7129136	7129647	26728
17	7129727	7129968	16512
17	7130377	7130618	26419
17	7130637	7131157	32211
17	7131268	7131389	4243
17	7132264	7132791	36983
17	7132860	7133011	9626
17	7133043	7133484	36103
17	7133525	7133796	29254
17	7133990	7134141	6654
17	7137333	7137604	36489
17	7138706	7138807	8177
17	7138841	7139171	20650
17	7139203	7140096	74073
17	7140658	7140809	16388
17	7140872	7141023	9466
17	7142520	7142641	1964
17	7143699	7143818	11468
17	7143857	7143958	7703
17	7144144	7144265	10768
17	7144568	7144839	18964
17	7144867	7145018	10443
17	7145543	7145664	23578
17	7147261	7147361	5823
17	7147412	7147593	8871
17	7147820	7147971	10767
17	7149309	7149466	30818
17	7149509	7149750	36536
17	7150054	7150205	14848
17	7150320	7150561	29940
17	7150567	7150688	5963
17	7154501	7154625	2622
17	7155807	7155928	12760
17	7156057	7156178	18644
17	7156215	7156336	17651
17	7157860	7158205	29929
17	7160115	7160386	26309
17	7161855	7162126	13577
17	7162133	7162255	12184
17	7162825	7163066	18235
17	7163622	7163893	16477
17	7163941	7164062	12104
17	7164070	7164341	39118
17	7165090	7165451	31385
17	7166425	7166546	5840
17	7185208	7185329	9433
17	7186500	7186741	25705
17	7186756	7187470	45234
17	7187495	7187736	15692
17	7187776	7188017	16702
17	7188114	7188268	42266
17	7188396	7188518	18411
17	7189004	7189287	35985
17	7189695	7189966	36103
17	7189969	7190070	9131
17	7190359	7190459	4102
17	7191556	7191686	5031
17	7191738	7191839	3349
17	7192025	7192184	13995
17	7192825	7193066	4657
17	7193247	7193400	13327
17	7193500	7193891	72098
17	7194365	7194516	14149
17	7195270	7195421	12735
17	7196764	7196885	10236
17	7197490	7197829	308
17	7210338	7210459	6041
17	7211793	7211914	21181
17	7212885	7213156	63510
17	7214327	7214451	23095
17	7214613	7214987	119164
17	7215525	7215626	15789
17	7215683	7215784	10472
17	7216025	7216176	8297
17	7216304	7216455	4475
17	7216479	7216630	5561
17	7216652	7216803	7481
17	7216812	7217083	18719
17	7217174	7217325	13097
17	7217347	7217498	18982
17	7217574	7218036	128911
17	7218263	7218384	37795
17	7219057	7219237	7798
17	7219366	7219663	27841
17	7220455	7220726	18225
17	7220770	7220902	11788
17	7221057	7221298	8657
17	7221346	7221501	11071
17	7221570	7221691	8811
17	7221752	7222023	35893
17	7222326	7222567	35747
17	7224038	7224279	20295
17	7224390	7224631	9211
17	7224667	7224788	10947
17	7224841	7225116	23571
17	7225135	7225376	12666
17	7225968	7226474	42378
17	7226751	7226902	24301
17	7226942	7227063	12779
17	7227110	7227351	22249
17	7227356	7227627	33729
17	7227695	7227816	13872
17	7228057	7228328	21157
17	7228478	7228839	12423
17	7228904	7229055	4650
17	7229556	7229677	13907
17	7229746	7229877	19111
17	7229997	7230358	28290
17	7230455	7230576	10503
17	7230739	7231220	33347
17	7232304	7232757	7447
17	7239988	7240139	13680
17	7240568	7240719	17055
17	7245205	7245446	34618
17	7245529	7245816	26604
17	7246638	7246909	31634
17	7246955	7247106	15753
17	7247166	7247287	10912
17	7247326	7247455	6289
17	7247848	7247977	3361
17	7249497	7249648	28276
17	7249698	7249820	31263
17	7250037	7250575	42952
17	7251184	7251335	10792
17	7251401	7251552	10807
17	7251588	7251810	9368
17	7252248	7252519	19355
17	7253227	7253383	23077
17	7253409	7253566	14388
17	7254202	7254353	6104
17	7254602	7254724	8191
17	7256023	7258263	192000
17	7258392	7258753	32612
17	7258871	7258992	6745
17	7259105	7259256	8405
17	7259266	7259417	9729
17	7259451	7259642	10429
17	7259693	7259844	10485
17	7259873	7260098	12909
17	7286205	7286446	28418
17	7286542	7286663	11315
17	7286718	7286959	28105
17	7286984	7287225	29245
17	7287249	7287610	17362
17	7287756	7288117	44370
17	7289865	7289986	5422
17	7290271	7290510	6846
17	7290675	7290796	641
17	7291692	7292053	48474
17	7292093	7292214	8940
17	7292225	7292466	16773
17	7293091	7293250	12323
17	7293474	7293575	7439
17	7293670	7293791	5099
17	7293882	7294153	12031
17	7296039	7296310	33958
17	7296451	7296693	3035
17	7296715	7296866	6099
17	7296910	7297661	33923
17	7297756	7297877	1434
17	7306335	7306728	35702
17	7306901	7307052	17450
17	7307299	7307420	8078
17	7309791	7309892	7371
17	7311330	7312089	21740
17	7315439	7315590	9098
17	7317586	7317857	15407
17	7317923	7318194	29605
17	7318219	7318490	26439
17	7318766	7319437	66800
17	7320199	7321223	36493
17	7322137	7322237	5141
17	7322564	7322664	5826
17	7322710	7322843	9774
17	7323654	7323895	28799
17	7323914	7324035	9634
17	7324110	7324981	77488
17	7326830	7326985	10459
17	7328955	7329196	16419
17	7329249	7329400	15128
17	7329472	7330872	144496
17	7339102	7339446	55603
17	7339477	7340835	51223
17	7342895	7343142	200
17	7344780	7344910	15376
17	7345085	7345208	16001
17	7345890	7346131	20481
17	7346338	7346489	11038
17	7347610	7347710	9700
17	7347730	7347831	4687
17	7348152	7348252	5791
17	7348414	7348535	2541
17	7348537	7348778	6510
17	7349318	7349469	14831
17	7350115	7350271	11503
17	7350352	7350480	8458
17	7350774	7351015	18696
17	7351851	7352122	39709
17	7357606	7357849	24325
17	7358567	7358808	19588
17	7359035	7359306	30925
17	7359850	7360091	30827
17	7362655	7362756	7642
17	7363063	7363164	5268
17	7363253	7363445	24887
17	7363447	7363643	23374
17	7363963	7364240	14956
17	7364247	7364348	6381
17	7364423	7364593	10553
17	7364601	7364702	4825
17	7364763	7364863	3450
17	7364876	7365023	8068
17	7365057	7367230	141881
17	7368986	7370175	90331
17	7370534	7370635	8095
17	7384775	7384896	10972
17	7385272	7386353	269444
17	7388068	7388189	726
17	7393487	7393588	5126
17	7394147	7394248	22324
17	7394950	7395051	16408
17	7397592	7397693	11582
17	7399204	7399445	23322
17	7399475	7399965	39530
17	7400012	7400403	20459
17	7400634	7400875	28949
17	7400957	7401199	31598
17	7401341	7401582	46559
17	7402298	7402539	40356
17	7402553	7402840	27731
17	7403911	7404182	13929
17	7404249	7404493	30454
17	7404563	7404714	23879
17	7404825	7405066	16031
17	7405178	7405451	18880
17	7405777	7406048	22161
17	7406404	7406645	35241
17	7406694	7406819	12395
17	7406856	7407127	27304
17	7411560	7411804	18835
17	7412174	7412565	38343
17	7412809	7412961	11970
17	7414494	7414648	14438
17	7414664	7414935	17459
17	7415110	7415351	29143
17	7415448	7415689	19573
17	7415786	7415919	15428
17	7416016	7416287	23155
17	7416298	7417507	244571
17	7417808	7417909	4043
17	7452428	7452669	7182
17	7452753	7452874	20375
17	7453383	7453534	9233
17	7454051	7454337	24410
17	7456869	7456969	10423
17	7460005	7460276	11129
17	7460360	7460721	23606
17	7461056	7461157	7431
17	7462274	7462665	19918
17	7462918	7463246	21189
17	7463273	7463544	22552
17	7463614	7463855	29376
17	7464004	7464160	23052
17	7464257	7464378	31791
17	7464383	7464484	11314
17	7466379	7467176	55478
17	7467781	7468451	108045
17	7468709	7468950	30202
17	7468996	7469117	8520
17	7470214	7470335	17542
17	7473621	7473862	22663
17	7473979	7474100	9076
17	7474164	7474285	14372
17	7474624	7474865	19821
17	7475083	7475208	3525
17	7476109	7476230	22331
17	7477540	7477661	8182
17	7477808	7478217	36451
17	7478385	7478626	19439
17	7479807	7480045	24792
17	7480081	7480322	19918
17	7480364	7480493	5628
17	7480612	7481582	119183
17	7481610	7481989	39644
17	7482097	7482372	34800
17	7482958	7483669	86415
17	7483692	7483963	18673
17	7484003	7484124	16758
17	7484177	7484418	15758
17	7484641	7484882	21573
17	7487140	7487293	16090
17	7489021	7489142	21569
17	7489178	7489449	32260
17	7489991	7490112	21364
17	7490154	7490599	23051
17	7490655	7491065	17633
17	7491571	7491932	18224
17	7492426	7493027	86268
17	7494441	7494791	28112
17	7494847	7495030	12325
17	7495037	7495277	10943
17	7495500	7495741	19273
17	7495808	7495929	10701
17	7495990	7496231	20076
17	7496279	7496520	20013
17	7496650	7497011	27446
17	7497217	7497338	5785
17	7497489	7497730	17525
17	7497974	7498095	5443
17	7499105	7499346	31351
17	7504663	7504904	17823
17	7506212	7506333	12834
17	7507027	7507268	24894
17	7507301	7507422	6952
17	7508948	7509069	8326
17	7509379	7509500	4529
17	7517748	7517995	200
17	7518069	7518195	152
17	7529697	7529968	14718
17	7530029	7530150	10469
17	7530220	7530372	5860
17	7530411	7530562	9642
17	7530645	7530766	12171
17	7530859	7531201	7076
17	7531360	7531481	4015
17	7533401	7533611	20721
17	7533688	7533839	13572
17	7533971	7534212	22234
17	7534447	7534718	12946
17	7534865	7535106	19638
17	7535113	7535384	19381
17	7536052	7536293	17589
17	7536474	7536706	13869
17	7554827	7554958	13536
17	7556604	7556875	21424
17	7557119	7557273	18695
17	7557321	7557592	21656
17	7557882	7558033	17464
17	7558072	7558173	11591
17	7558513	7558614	14876
17	7558802	7558953	16619
17	7559009	7559250	22460
17	7559286	7559387	6697
17	7560971	7561112	7145
17	7569492	7569593	1307
17	7572876	7573027	10044
17	7573917	7574043	4751
17	7576510	7576707	16396
17	7576798	7576949	20300
17	7576965	7577206	22047
17	7577489	7577618	19249
17	7578167	7578299	11502
17	7578311	7578582	19932
17	7579239	7579630	29725
17	7579653	7579940	3802
17	7580600	7580701	4943
17	7591940	7592421	31724
17	7592529	7592650	14459
17	7592898	7593029	10265
17	7604011	7604162	15475
17	7604760	7604881	8251
17	7604919	7605160	42628
17	7605614	7605885	21786
17	7606021	7606174	8970
17	7606226	7606497	22069
17	7606501	7606862	27039
17	7608856	7609097	39908
17	7611210	7611601	32967
17	7611737	7611858	12279
17	7611943	7612067	9944
17	7612418	7612929	29485
17	7613763	7613864	5165
17	7614045	7614146	16250
17	7614420	7614684	27524
17	7622007	7622128	10495
17	7622984	7623255	20731
17	7626885	7627036	16093
17	7630403	7630644	76235
17	7636395	7636643	19570
17	7637491	7637621	8867
17	7637695	7638086	34470
17	7640359	7640600	12343
17	7641238	7641479	30569
17	7642227	7642348	13750
17	7643002	7643273	23794
17	7643651	7643922	17599
17	7644067	7644338	10147
17	7646201	7646939	48265
17	7649591	7649691	6106
17	7657871	7658167	38173
17	7660330	7660601	29429
17	7661739	7662010	17526
17	7662141	7662502	22459
17	7662712	7662953	23889
17	7663031	7663302	49766
17	7664002	7664273	38205
17	7667097	7667368	11781
17	7667391	7667632	17091
17	7668674	7668915	16116
17	7669596	7669837	9097
17	7671177	7671418	37228
17	7671442	7671595	21044
17	7673526	7673767	13173
17	7673854	7673975	15585
17	7674009	7674280	23379
17	7674565	7674836	11150
17	7678064	7678305	13106
17	7678548	7678670	12686
17	7679283	7679500	13028
17	7680060	7680217	5344
17	7680706	7680977	27332
17	7681385	7681508	8968
17	7681571	7681812	13769
17	7682529	7682770	30412
17	7683387	7683658	18529
17	7683872	7684143	30094
17	7684301	7684509	17709
17	7689429	7689670	14168
17	7689795	7690066	12540
17	7690161	7690402	15466
17	7691095	7691602	40686
17	7695189	7695430	35631
17	7695554	7695675	17306
17	7695922	7696193	22767
17	7696289	7696533	28002
17	7697562	7697686	13992
17	7699754	7699995	31002
17	7700445	7700596	18781
17	7700631	7700902	22935
17	7700921	7701192	17103
17	7701384	7701678	18546
17	7701834	7702075	23029
17	7702369	7702610	17727
17	7704810	7705038	15448
17	7705161	7705385	15319
17	7707557	7707798	19877
17	7708212	7708453	9510
17	7708519	7708760	13228
17	7710401	7710672	23035
17	7710694	7710965	25204
17	7719842	7720090	33541
17	7720549	7720790	20998
17	7720801	7721200	20430
17	7721217	7721458	25074
17	7721582	7721823	18407
17	7721876	7722147	17467
17	7722157	7722428	12599
17	7722505	7722746	9966
17	7724502	7724743	16286
17	7726701	7726972	31573
17	7727104	7727345	43851
17	7727409	7727680	38417
17	7727828	7728069	18537
17	7733592	7733833	19376
17	7733916	7734187	13741
17	7734366	7734903	51551
17	7734914	7735155	53825
17	7735833	7736104	26639
17	7736117	7736268	21220
17	7736312	7736583	23323
17	7736622	7736893	28582
17	7743277	7743378	9761
17	7748218	7748338	18250
17	7748687	7748788	3218
17	7748819	7749060	32434
17	7749177	7749298	11853
17	7749354	7749625	11559
17	7749672	7749823	8200
17	7749826	7750780	41417
17	7750838	7753321	115272
17	7753380	7753505	10853
17	7754320	7754561	19288
17	7754618	7754739	25572
17	7754770	7754891	22450
17	7754918	7755159	18954
17	7755204	7755680	72567
17	7755732	7756003	28176
17	7756229	7757308	50963
17	7757535	7757761	22819
17	7757959	7758127	12373
17	7758376	7758617	15956
17	7758716	7759143	21142
17	7760013	7760171	9376
17	7760265	7760791	25335
17	7761411	7761652	12039
17	7761667	7761818	14073
17	7761911	7762152	21107
17	7762690	7762940	17732
17	7776326	7777042	41413
17	7780330	7780451	14112
17	7788115	7788519	568
17	7792307	7792428	16400
17	7792972	7793104	6094
17	7793875	7794093	6298
17	7794168	7794439	38515
17	7796585	7796969	10208
17	7797036	7797307	16239
17	7797386	7797627	17014
17	7797713	7797949	27881
17	7798110	7798516	56439
17	7798607	7798878	30752
17	7800385	7800626	23518
17	7801203	7801474	66276
17	7801772	7801923	30465
17	7802273	7802544	32733
17	7802609	7802880	18337
17	7803161	7803402	37026
17	7803547	7803788	46847
17	7803841	7804082	32213
17	7804119	7804360	21005
17	7804476	7804747	25272
17	7805865	7806106	27290
17	7806165	7806436	13797
17	7806554	7806831	18350
17	7807104	7807345	17316
17	7807727	7807968	15916
17	7808359	7808510	32484
17	7808890	7809041	6891
17	7809119	7809360	21281
17	7809388	7809629	24942
17	7809821	7810062	24278
17	7810146	7810858	40523
17	7810908	7811030	10863
17	7811153	7811394	27349
17	7811710	7811838	12334
17	7811929	7812200	26402
17	7812437	7812712	11618
17	7813666	7813947	28830
17	7814076	7814347	28517
17	7814721	7815081	24118
17	7815110	7815210	7432
17	7818806	7818927	11984
17	7818934	7819513	27526
17	7826205	7826306	15458
17	7826367	7826518	12171
17	7826726	7826877	13868
17	7826967	7827178	6125
17	7827271	7827392	11705
17	7827401	7827642	36164
17	7827714	7827835	15285
17	7828396	7828517	10002
17	7828931	7829082	16174
17	7829179	7829330	12943
17	7829337	7829458	12476
17	7830610	7830761	12916
17	7830902	7831193	25256
17	7832464	7832804	6430
17	7833836	7834107	7844
17	7834276	7834517	20179
17	7834797	7834918	9338
17	7835006	7835157	10503
17	7836351	7836712	38248
17	7837436	7837557	16732
17	7837762	7837883	4911
17	7838288	7838504	17155
17	7839620	7839861	20086
17	7839925	7840196	22860
17	7840439	7840590	8557
17	7842737	7843128	12981
17	7843335	7843606	12614
17	7846654	7846895	9011
17	7847382	7847623	11050
17	7847723	7847992	30388
17	7848993	7849354	27506
17	7850813	7851084	15077
17	7851174	7851325	12427
17	7851438	7851679	38383
17	7851782	7852023	45448
17	7852347	7852498	8839
17	7852644	7852885	22764
17	7906310	7907105	4820
17	7907110	7907501	34368
17	7909671	7910042	58409
17	7910358	7910479	8566
17	7910703	7910856	5951
17	7911208	7911360	12908
17	7912772	7912923	15467
17	7915413	7915684	7315
17	7915694	7915965	6507
17	7916344	7916615	22932
17	7917120	7917391	19827
17	7917879	7918120	13507
17	7918151	7918392	21881
17	7918611	7918852	17728
17	7919048	7919169	11018
17	7919230	7919351	5953
17	7919504	7919625	13305
17	7919743	7919864	2247
17	7927654	7927775	12461
17	7942395	7942666	19437
17	7942692	7942933	7815
17	7943169	7943320	25444
17	7945596	7945867	14929
17	7946089	7946212	5344
17	7948111	7948352	39271
17	7948477	7948748	30141
17	7948751	7949022	31707
17	7949967	7950088	8136
17	7950188	7950429	23329
17	7950515	7950756	13258
17	7950870	7950992	6863
17	7950996	7951267	25710
17	7951642	7951913	21737
17	7960501	7961044	33798
17	7976027	7976298	22642
17	7976399	7976670	23879
17	7976933	7977085	16816
17	7978822	7979093	25267
17	7979456	7979697	13422
17	7979956	7980077	8640
17	7980258	7980529	19212
17	7981882	7981983	3535
17	7982664	7982905	22727
17	7983063	7984884	132470
17	7989284	7989555	15317
17	7990604	7990806	33334
17	7991369	7991470	7452
17	7999913	8000154	34953
17	8006604	8006845	18864
17	8007421	8007543	6972
17	8011725	8011966	19064
17	8012455	8012696	51335
17	8013215	8013336	4128
17	8013390	8013631	45713
17	8013693	8013894	19412
17	8014641	8014882	15547
17	8015401	8015524	9150
17	8017755	8017984	17733
17	8018194	8018435	25195
17	8018904	8019055	14321
17	8020074	8020315	16518
17	8021113	8021828	39483
17	8022004	8022105	8587
17	8024179	8024279	8776
17	8024442	8024614	3506
17	8024873	8025355	910
17	8025634	8025758	6307
17	8026335	8026456	21077
17	8027320	8027441	17680
17	8043824	8043954	6936
17	8044027	8044156	9103
17	8044310	8044701	21064
17	8045076	8045344	79166
17	8045558	8045845	14862
17	8045908	8046179	28517
17	8046527	8047248	32551
17	8048021	8048403	35528
17	8049214	8049485	15948
17	8049603	8050117	40317
17	8050176	8050330	10490
17	8050512	8050906	44181
17	8050917	8051188	31265
17	8051276	8051431	13431
17	8051446	8051597	10930
17	8051881	8052152	11464
17	8052511	8052662	12842
17	8052729	8053485	65427
17	8053524	8053645	12166
17	8053675	8054066	35204
17	8062366	8062541	5923
17	8062554	8062727	5583
17	8062804	8063308	23784
17	8063597	8063698	15978
17	8063793	8063893	4407
17	8063917	8064231	32623
17	8064755	8064876	9824
17	8064883	8065124	21369
17	8065475	8065815	22082
17	8066135	8066256	60
17	8066481	8066927	24399
17	8076687	8076958	18059
17	8077464	8077615	11775
17	8077794	8077945	5213
17	8079006	8079370	36331
17	8079469	8079620	14696
17	8090485	8090585	3653
17	8091623	8091819	16989
17	8092320	8094226	132942
17	8108124	8108395	28573
17	8108499	8108740	11720
17	8109731	8110256	37440
17	8110438	8110709	18680
17	8110854	8110975	16199
17	8111015	8111168	15149
17	8113424	8113568	14561
17	8125706	8126213	22071
17	8131416	8131687	25122
17	8131732	8132003	27416
17	8132006	8132247	16685
17	8132400	8132811	46831
17	8133186	8133307	4320
17	8133547	8133818	21066
17	8133833	8133984	11099
17	8134539	8134810	26033
17	8134997	8135148	9292
17	8135171	8135562	19123
17	8135614	8135855	11569
17	8136135	8136381	19211
17	8137751	8137992	9550
17	8138034	8138275	20686
17	8138361	8138613	13552
17	8139061	8139697	37252
17	8140643	8140855	18968
17	8141303	8141574	17993
17	8141647	8142008	40482
17	8146263	8146504	10693
17	8151274	8151395	3195
17	8157205	8157671	92513
17	8158335	8158460	6489
17	8158793	8159034	35279
17	8159084	8159238	30560
17	8159533	8159774	21795
17	8159782	8160023	15583
17	8160065	8160336	16738
17	8161069	8161572	40887
17	8166213	8166334	29500
17	8166353	8166624	23623
17	8166832	8166983	11938
17	8167052	8167293	16718
17	8167441	8167712	26378
17	8167732	8167973	22579
17	8168203	8168453	11904
17	8168574	8168815	28298
17	8168824	8168975	17592
17	8169136	8169377	25440
17	8169490	8169731	25171
17	8169992	8170263	17640
17	8170298	8170569	27358
17	8170644	8170795	13696
17	8170804	8171045	14828
17	8171831	8172606	58823
17	8192053	8192451	35446
17	8192532	8193007	39056
17	8193065	8193336	15084
17	8193822	8194018	24449
17	8194105	8194346	19548
17	8194575	8194846	18848
17	8195782	8195933	19924
17	8197666	8198177	35842
17	8215266	8216062	59599
17	8216194	8216585	50827
17	8216754	8216905	18862
17	8218161	8218312	18157
17	8218368	8218609	18995
17	8218690	8218931	14324
17	8219027	8219521	37445
17	8221650	8221801	7891
17	8221842	8221993	8548
17	8221996	8222520	29303
17	8222579	8222730	11055
17	8222777	8222931	11303
17	8224114	8224355	11960
17	8224363	8224464	4241
17	8225293	8225393	8008
17	8243355	8243836	43063
17	8248576	8248847	47157
17	8248956	8249197	30992
17	8272416	8273737	92850
17	8274617	8274862	27314
17	8280824	8281065	15589
17	8283062	8283303	21914
17	8285423	8285664	11504
17	8296065	8296838	36149
17	8339258	8339379	2411
17	8347568	8347692	2839
17	8348984	8349225	16397
17	8350024	8350265	20011
17	8351814	8352027	23096
17	8354033	8354304	11356
17	8358068	8358219	14054
17	8363281	8363522	18211
17	8366593	8366714	19452
17	8370211	8370384	32479
17	8370426	8370675	47695
17	8370800	8370963	20149
17	8371191	8371499	25270
17	8377544	8377645	7163
17	8377734	8377919	7902
17	8377942	8378268	19350
17	8379072	8379313	25226
17	8380128	8380399	22301
17	8381646	8381774	18863
17	8383410	8383952	48359
17	8384592	8384743	11295
17	8387398	8387639	47998
17	8390680	8390951	18452
17	8393612	8393883	33400
17	8395569	8395840	30067
17	8396036	8396394	33794
17	8396975	8397276	15470
17	8398445	8398569	12059
17	8402539	8402810	38555
17	8404094	8404335	22186
17	8407996	8408237	18450
17	8409570	8409841	28465
17	8411812	8412053	25779
17	8413088	8413318	22122
17	8415750	8415991	10277
17	8416800	8417041	36606
17	8417066	8417222	12422
17	8421907	8422148	18323
17	8422172	8422293	10954
17	8424135	8424376	33568
17	8424385	8424626	37274
17	8433910	8434031	2600
17	8438640	8438881	15081
17	8439041	8439282	15378
17	8445390	8445631	33938
17	8448724	8448961	11970
17	8449799	8450040	19635
17	8451617	8451738	6454
17	8451912	8452153	12345
17	8455321	8455472	14404
17	8457243	8457364	3637
17	8464719	8464960	15372
17	8473022	8473143	9967
17	8478488	8478588	5397
17	8479905	8480026	8963
17	8480543	8480666	4770
17	8492351	8492472	4661
17	8508100	8508341	11245
17	8526210	8526574	51246
17	8633425	8633546	10013
17	8638371	8638607	22097
17	8638672	8638939	20376
17	8644739	8645010	25492
17	8646904	8647058	9263
17	8647387	8647512	6446
17	8647794	8647945	12468
17	8656424	8656545	33619
17	8656601	8656842	37605
17	8658819	8658940	46742
17	8659663	8659784	27161
17	8660513	8660874	56465
17	8661533	8661774	35579
17	8700656	8702584	140160
17	8706503	8706788	91608
17	8707293	8707534	34666
17	8722337	8722578	13834
17	8725147	8725268	23232
17	8725877	8725998	12561
17	8726296	8726417	7895
17	8726637	8726878	17476
17	8730428	8730662	22596
17	8731385	8731527	10489
17	8731854	8732335	27377
17	8733004	8733125	10559
17	8736162	8736403	21203
17	8738560	8738801	17474
17	8739837	8739958	13693
17	8740050	8740250	27356
17	8741092	8741213	15659
17	8741865	8741986	5010
17	8742911	8743032	7874
17	8753029	8753270	16077
17	8770800	8771041	20045
17	8783908	8784149	16910
17	8784212	8784344	17181
17	8784926	8785047	15518
17	8785060	8785211	13062
17	8788000	8788121	8442
17	8789501	8789652	9166
17	8789706	8789977	22339
17	8790354	8790595	15620
17	8790797	8791030	11258
17	8791404	8792263	50501
17	8792404	8792555	10139
17	8793215	8793486	24719
17	8794020	8794261	23247
17	8796846	8796997	9107
17	8808011	8808282	33721
17	8808958	8809079	6614
17	8812379	8812501	3194
17	8814668	8814821	32481
17	8925627	8926718	16904
17	8927374	8927474	14400
17	9057840	9057940	7528
17	9066072	9066343	19426
17	9083077	9083318	21113
17	9086168	9086319	22867
17	9086498	9086765	21895
17	9124430	9124581	12088
17	9142939	9143295	24964
17	9153867	9153988	5025
17	9274173	9274274	12159
17	9281858	9281989	16526
17	9390782	9390883	2575
17	9395100	9395251	10120
17	9408308	9408536	22549
17	9448479	9448609	14919
17	9460736	9460857	7787
17	9471646	9471797	26638
17	9479055	9479176	4175
17	9479892	9480107	13013
17	9487577	9487698	9082
17	9489038	9489309	20870
17	9489931	9490184	14326
17	9497452	9497693	23459
17	9501539	9501660	1852
17	9503356	9503558	16719
17	9511424	9511546	9172
17	9515559	9515830	16047
17	9531941	9532182	22537
17	9536156	9536397	14521
17	9538676	9538917	23984
17	9541915	9542038	6643
17	9545031	9545162	14956
17	9546306	9546547	27112
17	9546551	9546698	8941
17	9548868	9549479	7154
17	9559661	9559905	30609
17	9569895	9570136	24327
17	9578192	9578313	24265
17	9580009	9580250	46482
17	9583494	9583735	22463
17	9586086	9586327	45948
17	9590047	9590236	19854
17	9596374	9596615	28514
17	9603466	9603587	11635
17	9604386	9605082	43400
17	9613230	9613471	12074
17	9615245	9615486	15348
17	9631247	9632328	67773
17	9674787	9675028	21521
17	9676040	9676281	12202
17	9680494	9680615	9887
17	9683125	9683368	35081
17	9684733	9684974	19901
17	9694403	9694666	18590
17	9705859	9705980	6460
17	9710744	9710982	19930
17	9712101	9712342	13996
17	9713850	9713971	6341
17	9725059	9725420	34057
17	9729353	9729594	12006
17	9737068	9737221	16379
17	9739678	9739802	15805
17	9745721	9745992	14435
17	9752009	9752109	12238
17	9757375	9757582	11824
17	9757773	9757928	25056
17	9760695	9760936	38905
17	9763187	9763458	38252
17	9764394	9764545	17110
17	9765311	9765432	11868
17	9769125	9769246	12270
17	9774016	9774167	17315
17	9783642	9783883	53004
17	9791208	9791329	20038
17	9792673	9793034	31674
17	9793280	9793401	12657
17	9801028	9801129	7733
17	9801402	9801531	21076
17	9804296	9804427	7663
17	9808065	9808546	45084
17	9813881	9813982	11454
17	9814204	9814304	4711
17	9816700	9816800	7049
17	9818617	9818718	4654
17	9819858	9819959	7259
17	9820535	9820668	10353
17	9821275	9821426	8714
17	9822921	9823042	14370
17	9828733	9828974	30832
17	9829870	9830141	24080
17	9837430	9837581	21299
17	9843418	9843539	10136
17	9846391	9846615	28268
17	9850194	9850315	8483
17	9862454	9862624	22183
17	9872975	9873096	13085
17	9885069	9885220	11654
17	9923032	9923273	18670
17	9939690	9939811	3339
17	9943009	9943110	5106
17	9974089	9974408	16156
17	10097414	10097537	7959
17	10101494	10101735	4078
17	10204213	10204334	5192
17	10204831	10205072	27183
17	10206499	10206620	14318
17	10206641	10206882	25710
17	10209739	10209980	51707
17	10210197	10210438	24782
17	10212531	10212772	20938
17	10212811	10213172	28201
17	10214360	10214601	39476
17	10215189	10215430	30523
17	10215861	10216102	24148
17	10216451	10216692	52010
17	10218947	10219398	71942
17	10222060	10222541	84870
17	10223453	10223574	21587
17	10223619	10223860	26307
17	10224815	10225056	36057
17	10227278	10227639	79534
17	10231129	10231490	46544
17	10233650	10233891	23241
17	10235356	10235597	28812
17	10236328	10236569	5088
17	10243449	10243570	8345
17	10243620	10243741	9716
17	10247090	10247451	59759
17	10248482	10248723	68084
17	10248737	10248978	49377
17	10249934	10250175	20968
17	10253820	10254061	29116
17	10257927	10258168	28561
17	10258199	10258320	15025
17	10258371	10258492	8076
17	10261036	10261157	9344
17	10263211	10263551	31656
17	10265391	10265868	113479
17	10267624	10267865	31217
17	10293724	10293965	31388
17	10295185	10295306	6401
17	10295849	10295973	12577
17	10296111	10296584	135255
17	10297546	10297787	23025
17	10298422	10298783	58579
17	10299587	10299828	29491
17	10299831	10300331	39243
17	10301737	10301978	46195
17	10302022	10302263	16065
17	10302801	10303042	34173
17	10303660	10304290	85114
17	10304314	10304555	33146
17	10304558	10305160	166223
17	10307593	10307954	74428
17	10309304	10309772	39807
17	10309914	10310185	26701
17	10310191	10310312	10858
17	10312356	10312507	12672
17	10312539	10312930	49500
17	10314057	10314298	52440
17	10315640	10316105	103705
17	10317166	10317407	36328
17	10317469	10317622	27569
17	10317690	10317811	11043
17	10318373	10318524	14647
17	10318563	10318714	19003
17	10318779	10318907	13664
17	10318920	10319071	4496
17	10321918	10322373	104440
17	10323318	10323559	11861
17	10346596	10346887	42152
17	10347877	10348028	19688
17	10348102	10348226	16303
17	10348256	10348736	102489
17	10350310	10350551	34428
17	10351107	10351468	49145
17	10351653	10351894	12975
17	10351896	10352392	41395
17	10353746	10353987	55271
17	10354031	10354272	35463
17	10354584	10354825	32559
17	10355211	10355837	86582
17	10356055	10356296	44005
17	10356435	10356676	65017
17	10356907	10357260	124048
17	10357788	10358670	90261
17	10358868	10359109	29573
17	10359113	10359234	15821
17	10359775	10359896	9710
17	10360680	10361071	70471
17	10362531	10362772	52769
17	10363222	10363698	55699
17	10364180	10364421	25685
17	10366172	10366295	10555
17	10366394	10366515	12915
17	10366595	10366746	8261
17	10366822	10366973	10772
17	10367745	10368071	18483
17	10368715	10368956	34779
17	10369540	10369781	37776
17	10369839	10370080	30546
17	10395639	10395928	43454
17	10397657	10397778	10328
17	10397876	10398000	6754
17	10398211	10398691	146679
17	10399247	10399488	44502
17	10399530	10399891	64988
17	10400326	10400806	35761
17	10401021	10401262	29402
17	10401919	10402160	41024
17	10402228	10402469	24687
17	10403884	10404125	33942
17	10404380	10404861	91185
17	10404894	10405015	13899
17	10405034	10405275	22972
17	10406042	10406623	233297
17	10408073	10408886	98495
17	10409066	10409307	26794
17	10409311	10409432	17553
17	10411146	10411297	10692
17	10411623	10412014	47860
17	10412765	10413006	65136
17	10415109	10415569	99379
17	10415672	10415913	30811
17	10415958	10416111	16646
17	10416171	10416292	7035
17	10416913	10417034	10069
17	10417122	10417243	19865
17	10417262	10417503	26548
17	10418137	10418258	3563
17	10419199	10419440	38608
17	10419466	10419707	48362
17	10419736	10419977	41842
17	10424502	10424792	34891
17	10426393	10426514	5077
17	10426615	10426739	16578
17	10426776	10427258	89488
17	10427733	10428004	31796
17	10428046	10428407	63806
17	10428481	10428722	30812
17	10428729	10428970	21403
17	10428980	10429221	25907
17	10429892	10430133	51228
17	10430192	10430433	22521
17	10430976	10431247	24503
17	10431960	10432441	115523
17	10432462	10432583	12989
17	10432604	10432845	40862
17	10432847	10433449	241544
17	10434896	10435257	56397
17	10436548	10437007	49343
17	10438327	10438698	46293
17	10439823	10439944	6381
17	10440493	10440884	44662
17	10440945	10441186	52255
17	10442475	10442939	56915
17	10443192	10443433	34908
17	10443901	10444024	10684
17	10446179	10446300	10725
17	10446383	10446504	10760
17	10447012	10447133	22859
17	10447154	10447490	37313
17	10448619	10448860	41126
17	10450742	10450983	38763
17	10451014	10451257	20316
17	10452662	10452763	4114
17	10531888	10532042	11682
17	10532831	10533102	17282
17	10533115	10533266	12127
17	10533369	10533523	28280
17	10533538	10533809	72646
17	10534869	10535351	63919
17	10535735	10536126	36886
17	10536848	10537089	20975
17	10537295	10537536	25625
17	10538127	10538368	19691
17	10538660	10538901	54334
17	10538989	10539195	24182
17	10541037	10541308	19995
17	10541313	10541794	75840
17	10542173	10542294	16630
17	10542312	10542547	37592
17	10542591	10543177	126154
17	10543259	10543837	105368
17	10543854	10544013	17249
17	10544339	10544705	18891
17	10545500	10545651	11850
17	10545705	10546066	73745
17	10546106	10546347	63915
17	10547621	10548079	21825
17	10548941	10549359	33393
17	10550456	10550607	6803
17	10550620	10550771	6145
17	10551828	10551979	17476
17	10552884	10553012	18516
17	10553613	10553764	5186
17	10554785	10555026	35640
17	10555657	10555925	20440
17	10558158	10558399	45762
17	10584381	10584622	30987
17	10589980	10590221	17408
17	10595173	10595294	8263
17	10596058	10596299	29738
17	10599041	10599162	10284
17	10600506	10600867	24268
17	10608182	10608903	64682
17	10609691	10609932	21991
17	10614124	10614485	44842
17	10614789	10614890	12055
17	10618716	10618916	18015
17	10626560	10626681	8863
17	10628268	10628509	17393
17	10629489	10629610	14645
17	10632271	10632422	10034
17	10633071	10633192	138
17	10705923	10706044	7461
17	10707027	10707280	11372
17	10728514	10729101	56895
17	10957095	10957262	11973
17	11144730	11145435	31808
17	11166636	11166877	24669
17	11282717	11282852	8239
17	11449770	11449871	6746
17	11455179	11455300	12637
17	11459011	11459252	20779
17	11461040	11461631	43364
17	11461717	11461817	2946
17	11462072	11462243	16719
17	11501782	11502263	3246
17	11511392	11511663	31074
17	11513703	11513911	16747
17	11514910	11515153	40585
17	11520712	11520953	11160
17	11522830	11523108	13059
17	11532703	11532937	22732
17	11535840	11536081	10045
17	11539874	11540145	36199
17	11543522	11543763	52696
17	11547920	11548071	17567
17	11550330	11550571	30683
17	11554332	11554693	19308
17	11556017	11556378	16217
17	11568096	11568337	23781
17	11572357	11572598	12901
17	11572657	11573138	39451
17	11583063	11583306	19894
17	11583971	11584242	14638
17	11592806	11593797	75657
17	11597128	11597369	18344
17	11597579	11597820	22482
17	11603002	11603243	26409
17	11604350	11604621	21124
17	11607458	11607819	25220
17	11608300	11608541	37916
17	11622607	11622848	18808
17	11631125	11631249	16281
17	11642154	11642395	15524
17	11645439	11645680	15030
17	11648046	11648437	35114
17	11650856	11651097	28038
17	11656092	11656333	24173
17	11659847	11660003	13153
17	11660784	11661055	26886
17	11666722	11666963	26003
17	11671705	11671976	26591
17	11672421	11672662	33182
17	11684287	11684528	4908
17	11686952	11687075	7272
17	11687555	11687916	35322
17	11696779	11697020	21873
17	11700860	11701131	46606
17	11710978	11711249	28005
17	11713503	11713744	35405
17	11725186	11725427	13808
17	11725684	11725955	16154
17	11726108	11726361	23853
17	11737903	11738264	16025
17	11757291	11757772	41063
17	11772359	11772630	13496
17	11774857	11775128	33504
17	11778232	11778511	27505
17	11783304	11783575	11788
17	11784476	11784747	21470
17	11786833	11787104	18015
17	11790060	11790331	19765
17	11795057	11795298	15161
17	11797600	11797871	15964
17	11805981	11806252	10019
17	11808930	11809171	26012
17	11827073	11827314	43744
17	11833145	11833420	12277
17	11835275	11835546	31520
17	11837171	11837412	22124
17	11840632	11840873	35296
17	11845559	11845830	32167
17	11865107	11865618	36675
17	11872579	11872854	31382
17	11872917	11873018	5592
17	11881246	11882087	79959
17	11886604	11886734	10241
17	11887410	11887531	10215
17	11893761	11893882	6691
17	11894234	11894505	23345
17	11895711	11896192	49333
17	11924100	11924380	0
17	11935548	11935649	10964
17	11958195	11958318	5010
17	11984623	11984879	16545
17	11985191	11985338	7094
17	11998830	11999071	25374
17	12011045	12011286	21769
17	12013656	12013777	10677
17	12016492	12016733	20308
17	12028588	12028709	18756
17	12032408	12032649	22849
17	12043117	12043268	17148
17	12044454	12044964	39143
17	12045002	12045138	21971
17	12045400	12045501	4268
17	12045505	12045631	4580
17	12046627	12046910	18433
17	12487842	12488083	8760
17	12493748	12494123	26136
17	12569441	12569592	21673
17	12608416	12608537	5276
17	12618802	12618923	15502
17	12620609	12620760	10286
17	12626093	12626364	18038
17	12639414	12639685	16788
17	12642431	12642702	15586
17	12647443	12647763	21536
17	12649191	12649432	19839
17	12655685	12656676	78515
17	12659681	12659922	17160
17	12661344	12661585	21150
17	12663904	12664055	16440
17	12666374	12666975	52977
17	12693013	12693113	485
17	12693120	12693241	2210
17	12798215	12798336	11599
17	12799654	12799895	19625
17	12812190	12812311	17770
17	12819151	12819392	13815
17	12823048	12823169	13971
17	12832183	12832424	20148
17	12844345	12844466	9987
17	12846884	12847005	9061
17	12847328	12847569	16046
17	12852391	12852632	24571
17	12852945	12853066	15723
17	12855796	12855917	12237
17	12859119	12859360	19727
17	12859956	12860077	6036
17	12862002	12862388	18980
17	12876566	12876687	5690
17	12877328	12877689	24358
17	12883341	12883582	13609
17	12887795	12888276	25574
17	12890386	12890507	5178
17	12893297	12893538	5916
17	12894305	12894406	6745
17	12894638	12894960	25864
17	12896097	12896372	29113
17	12896954	12897195	18674
17	12897689	12897840	21228
17	12897989	12898389	26408
17	12898983	12899139	6879
17	12899214	12899335	5777
17	12899781	12900052	18858
17	12901715	12901836	13331
17	12903380	12903651	21452
17	12905572	12905693	10235
17	12905705	12905946	22471
17	12906752	12906903	7184
17	12908245	12908486	20733
17	12909014	12909165	19420
17	12909175	12909326	14791
17	12913897	12914018	1944
17	12914918	12915159	21453
17	12916466	12916617	21480
17	12917723	12917844	9391
17	12919025	12919176	3871
17	12920122	12920273	7562
17	12920321	12920472	4191
17	12920960	12921321	2628
17	13399504	13400184	129234
17	13435048	13435149	4522
17	13446836	13446973	5437
17	13503330	13503430	4808
17	13503806	13504484	19366
17	13927900	13928141	59335
17	13928187	13928428	44318
17	13928609	13928850	45481
17	13972852	13973003	19266
17	13977585	13977826	36087
17	13980031	13980400	22889
17	14005375	14005616	42234
17	14063167	14063288	6062
17	14095296	14095734	102317
17	14110057	14110568	45679
17	14139129	14139370	48654
17	14139551	14139792	33085
17	14139838	14140199	58287
17	14204775	14205399	18852
17	14248292	14249313	177961
17	14614204	14614305	6693
17	14623911	14624210	23044
17	14673469	14673590	5564
17	14683125	14683516	24077
17	15133169	15133286	6693
17	15133453	15133603	11741
17	15133745	15133846	12302
17	15133927	15134071	8451
17	15134164	15134435	16577
17	15138498	15138632	4322
17	15142736	15142977	32062
17	15162399	15162520	10501
17	15163944	15164065	2620
17	15207239	15207480	25721
17	15211906	15212177	33850
17	15215565	15215808	15560
17	15217354	15217595	47566
17	15222367	15222488	7920
17	15231289	15231410	13275
17	15234281	15234912	75225
17	15341062	15341543	47852
17	15343477	15343598	26019
17	15406145	15406556	33141
17	15442176	15442277	6145
17	15443689	15443932	42030
17	15449043	15449284	26269
17	15450356	15450477	21781
17	15456985	15457191	46371
17	15458575	15458697	31318
17	15466695	15466816	6935
17	15468791	15469677	343815
17	15477404	15477505	2581
17	15479952	15480053	5769
17	15492160	15492594	72453
17	15495120	15495220	5895
17	15495322	15495422	3705
17	15496608	15496850	79704
17	15498011	15498253	46971
17	15499780	15500022	62865
17	15501785	15502026	24358
17	15508515	15508757	38364
17	15510821	15511062	59335
17	15515951	15516147	31994
17	15516871	15517377	68017
17	15518925	15519161	44356
17	15522272	15522874	136189
17	15526794	15526946	8773
17	15531919	15532522	84717
17	15534919	15535040	12605
17	15535784	15536025	41898
17	15539329	15539593	47048
17	15546021	15546142	30340
17	15554362	15554963	61956
17	15578752	15578993	20901
17	15584161	15584282	13642
17	15586308	15586429	14917
17	15603011	15603112	9517
17	15603600	15603721	34771
17	15604418	15604569	14514
17	15607414	15607514	9596
17	15607527	15607768	30544
17	15609636	15609877	18864
17	15611453	15611574	2208
17	15613120	15613247	13780
17	15619327	15620648	125216
17	15638638	15638760	36645
17	15638890	15639012	35065
17	15640726	15640907	23039
17	15641289	15641411	29215
17	15641584	15641711	25809
17	15642025	15642154	36201
17	15643376	15643549	41090
17	15644344	15644615	39703
17	15645207	15645358	18579
17	15645710	15645810	9416
17	15646222	15646322	26297
17	15646634	15646755	14181
17	15667967	15668328	74531
17	15668350	15668711	60814
17	15668830	15669072	47902
17	15686644	15687010	51172
17	15687313	15687629	46107
17	15687645	15688081	53046
17	15689988	15691070	177811
17	15848548	15848909	57334
17	15877963	15878684	82306
17	15878926	15879026	15622
17	15881297	15881538	20933
17	15884344	15884468	10186
17	15890539	15890692	11067
17	15897020	15897141	1774
17	15902759	15903615	4400
17	15905219	15905349	11925
17	15906034	15906185	8246
17	15907111	15907232	5330
17	15907454	15907605	6841
17	15909773	15909894	5958
17	15928286	15928527	11281
17	15929813	15930054	16374
17	15930640	15930881	19306
17	15930939	15931039	9299
17	15935582	15935823	24724
17	15938017	15938288	46314
17	15942736	15942978	29467
17	15943720	15943841	7715
17	15947704	15947825	17456
17	15950214	15950455	27128
17	15952109	15952350	15388
17	15960818	15961061	22521
17	15961178	15961433	22628
17	15961727	15961968	23378
17	15964630	15965261	62483
17	15965380	15965621	21454
17	15967300	15967586	29924
17	15968137	15968378	32105
17	15968782	15969023	35892
17	15971198	15971511	22923
17	15973437	15973898	57224
17	15974669	15974989	52505
17	15975439	15975560	6576
17	15976691	15976932	27579
17	15978810	15979051	29827
17	15983236	15983388	17763
17	15983711	15983845	11088
17	15983859	15984100	20789
17	15989524	15989795	19218
17	15990451	15990692	33802
17	15995123	15995394	29103
17	16001624	16001865	17184
17	16004516	16005129	95197
17	16011500	16011621	9563
17	16012041	16012282	9124
17	16021150	16021391	26029
17	16022706	16022827	6465
17	16024353	16024594	27036
17	16029386	16029621	13263
17	16040614	16040736	6386
17	16041437	16041558	7278
17	16042312	16042531	17655
17	16046873	16047024	20507
17	16049654	16049895	10924
17	16052706	16052857	13981
17	16054855	16054976	5791
17	16055224	16055345	10309
17	16056619	16056740	5068
17	16062064	16062197	6311
17	16068232	16068503	25632
17	16075091	16075332	25744
17	16089783	16090084	14525
17	16097766	16097949	29575
17	16118683	16118783	93
17	16120531	16120785	28540
17	16137273	16137394	6949
17	16185303	16185424	8642
17	16203155	16203306	17795
17	16216833	16216954	21881
17	16219949	16220070	14689
17	16221004	16221275	21249
17	16229101	16229230	3025
17	16245910	16246011	7193
17	16246041	16246312	33292
17	16247846	16248065	19974
17	16251873	16252024	10020
17	16253232	16253353	2954
17	16256331	16256760	3332
17	16283180	16283452	14077
17	16284207	16284307	9997
17	16285065	16285165	7652
17	16285205	16286079	99169
17	16320931	16321202	18908
17	16322625	16322746	7806
17	16323344	16323615	24032
17	16325846	16326223	25708
17	16326720	16327111	31156
17	16329376	16329617	28233
17	16329992	16330233	33728
17	16330720	16330871	11943
17	16331604	16331725	17261
17	16332092	16332333	31571
17	16335069	16335190	11336
17	16335235	16335626	14185
17	16336798	16337069	32649
17	16338152	16338303	7601
17	16340061	16340213	17780
17	16342380	16342771	29620
17	16342785	16343055	36662
17	16343293	16343444	25411
17	16343471	16343592	10897
17	16344299	16344450	18332
17	16344514	16344635	13971
17	16346872	16347493	71293
17	16350236	16350345	11191
17	16351095	16351490	46934
17	16365484	16365755	37790
17	16395049	16395314	0
17	16455021	16456750	152575
17	16466441	16466562	17030
17	16466954	16467195	16921
17	16469826	16469947	10060
17	16470562	16471073	42162
17	16520341	16520462	13699
17	16525571	16527852	196787
17	16537162	16537283	8825
17	16537855	16538126	27086
17	16550614	16550735	11946
17	16552953	16553074	8376
17	16556998	16557206	12763
17	16586872	16586991	21180
17	16587174	16587539	60162
17	16593645	16594126	72235
17	16596266	16596407	21080
17	16608407	16608777	122961
17	16610758	16610879	25273
17	16611979	16613009	362543
17	16613699	16613820	90563
17	16614939	16615163	112422
17	16623467	16623588	14128
17	16623780	16624022	60118
17	16630826	16631067	50071
17	16635084	16635325	147087
17	16635794	16636035	39402
17	16637939	16639020	184641
17	16640842	16641011	24891
17	16648387	16648487	6942
17	16648888	16649009	18735
17	16649160	16649281	13001
17	16664704	16665065	66073
17	16665555	16665916	44783
17	16667237	16667598	102772
17	16675250	16675371	7076
17	16675897	16676077	39290
17	16676765	16676998	24058
17	16690535	16690656	24727
17	16692148	16692724	184580
17	16699301	16699573	57649
17	16699681	16699802	14708
17	16701514	16701910	97278
17	16703233	16703803	146430
17	16704334	16704456	17487
17	16705537	16705779	57896
17	16715764	16715965	10643
17	16717274	16717374	187
17	16721443	16721564	526
17	16722088	16722188	380
17	16722251	16722476	1408
17	16722547	16722697	954
17	16722780	16722942	654
17	16723205	16723306	589
17	16723332	16723433	149
17	16723963	16724064	173
17	16725284	16725810	22803
17	16734995	16735115	33404
17	16735511	16735748	83441
17	16735808	16736136	137327
17	16744159	16744400	40421
17	16745099	16745766	141151
17	16746141	16746412	65957
17	16746936	16747177	86131
17	16747541	16747666	37549
17	16748665	16749153	135368
17	16753282	16753829	235487
17	16796493	16796614	26105
17	16827261	16827742	37459
17	16828597	16828838	25501
17	16829116	16829477	64296
17	16842850	16843165	20765
17	16843581	16843852	12367
17	16851963	16852354	39566
17	16855707	16855948	19538
17	16875267	16875418	15123
17	16891741	16891862	10376
17	16892175	16892416	7034
17	16893396	16893517	9603
17	16946153	16946324	23729
17	16960922	16961043	7372
17	16978971	16979122	19658
17	16981266	16981417	26153
17	17000027	17000148	14703
17	17029940	17030211	32658
17	17034911	17035032	15441
17	17039409	17039801	40801
17	17041158	17041743	28211
17	17045858	17046129	18019
17	17046860	17046993	26301
17	17049316	17049437	12282
17	17050575	17050726	21360
17	17053411	17053562	21060
17	17057610	17057739	12433
17	17061729	17062330	82364
17	17064490	17064731	28524
17	17067408	17071281	260260
17	17072012	17072493	61104
17	17074984	17075225	15337
17	17075919	17076190	24277
17	17077188	17077429	13534
17	17078545	17078786	14001
17	17079691	17079842	26860
17	17080493	17080764	17470
17	17083268	17083419	10209
17	17083845	17083996	30586
17	17088111	17088232	12775
17	17088467	17088593	8941
17	17088765	17088898	5376
17	17106035	17106426	42833
17	17109145	17109623	3595
17	17116948	17117189	41444
17	17118260	17118414	12370
17	17118443	17118684	8652
17	17119604	17119875	22693
17	17120348	17120506	2456
17	17122306	17122547	49721
17	17124683	17124952	31343
17	17125773	17126014	26464
17	17127225	17127467	10145
17	17129222	17129682	31253
17	17131145	17131506	23850
17	17145339	17145616	23471
17	17150120	17150307	14251
17	17150377	17150498	20335
17	17150742	17150893	17068
17	17152230	17152363	8265
17	17158154	17158275	3853
17	17163550	17163821	32653
17	17165228	17165469	10589
17	17168084	17168325	19193
17	17171183	17171304	16006
17	17174035	17174156	8157
17	17174200	17174332	11596
17	17179262	17179533	21925
17	17183851	17184070	7865
17	17184411	17184532	10167
17	17206793	17207141	2786
17	17209815	17209967	13413
17	17226437	17226588	13827
17	17248045	17248286	28633
17	17250068	17250309	21523
17	17250369	17250470	8191
17	17380298	17380636	24488
17	17394549	17394820	16981
17	17397802	17397984	17317
17	17397989	17398089	4645
17	17398383	17399037	30887
17	17399171	17399532	29233
17	17409072	17409193	24964
17	17409516	17409637	21660
17	17410399	17410559	7627
17	17412066	17412187	10137
17	17412712	17412869	17322
17	17415774	17416015	27829
17	17425530	17425771	14358
17	17480224	17480351	3847
17	17488796	17488915	8193
17	17494831	17494952	10931
17	17577397	17577497	3093
17	17578649	17578877	9086
17	17579485	17579635	16545
17	17627341	17627473	26417
17	17681968	17682391	33118
17	17696253	17701867	485631
17	17705297	17705538	18565
17	17707025	17707392	26255
17	17712420	17712541	11191
17	17712637	17712788	10379
17	17713228	17713349	1045
17	17714010	17714294	35662
17	17714418	17714707	41902
17	17715022	17715143	8607
17	17715267	17715388	6637
17	17715396	17715497	4172
17	17715926	17716175	2944
17	17716672	17716803	1812
17	17716861	17717102	2548
17	17717125	17717270	661
17	17717520	17717761	3284
17	17717873	17718114	10078
17	17718139	17718268	11294
17	17718525	17718653	8345
17	17719136	17719377	8940
17	17719452	17720081	35659
17	17720209	17720480	16559
17	17720549	17720790	18418
17	17720852	17721276	54870
17	17721539	17721750	17555
17	17722286	17723065	46977
17	17723348	17723859	44559
17	17726766	17726967	24001
17	17727732	17727832	4454
17	17740024	17740145	726
17	17747042	17747142	2928
17	17748202	17748303	3831
17	17750741	17750842	14051
17	17750871	17751142	21632
17	17752063	17752214	6769
17	17754145	17754296	14939
17	17764736	17764887	5586
17	17765952	17766223	32618
17	17769550	17769791	17524
17	17770122	17770273	9809
17	17772599	17772840	27074
17	17782877	17783118	9302
17	17785976	17786217	18043
17	17787863	17788134	28229
17	17796898	17797169	18045
17	17801840	17801999	16145
17	17810711	17810862	7938
17	17875540	17875802	24855
17	17880871	17881112	24712
17	17887078	17887319	21553
17	17891207	17891448	14555
17	17896030	17896271	33951
17	17897551	17897792	15472
17	17898246	17898483	23855
17	17900738	17900980	21497
17	17907621	17907862	31671
17	17909470	17909691	22378
17	17910278	17910471	31157
17	17910678	17910799	5294
17	17914573	17915038	35237
17	17919322	17919563	28920
17	17919807	17920048	9837
17	17921780	17922051	21604
17	17924373	17924614	11458
17	17925023	17925181	8232
17	17927916	17928037	15656
17	17929620	17929741	20597
17	17931467	17931738	40478
17	17931889	17932010	7446
17	17942109	17942380	35595
17	17942769	17943226	190
17	17948429	17948550	11202
17	17957403	17957558	16523
17	17959997	17960358	36722
17	17962171	17962293	1878
17	17965072	17965343	13862
17	17968434	17968585	26141
17	17968643	17968744	21310
17	17968766	17968867	18730
17	17968875	17968976	10963
17	17969451	17969551	3515
17	17969711	17969811	2581
17	17970982	17971103	26964
17	17971402	17971502	6531
17	17971557	17971700	15584
17	17991304	17991425	13594
17	17997085	17997326	20265
17	18001537	18001688	23974
17	18002269	18002420	8357
17	18002930	18003051	5646
17	18003621	18003772	16956
17	18003836	18003987	17882
17	18004794	18004915	6973
17	18005211	18005332	9422
17	18007067	18007218	11266
17	18007904	18008025	11132
17	18009682	18009833	19454
17	18010419	18010570	7071
17	18012072	18012173	5577
17	18021895	18025746	218130
17	18027776	18027897	9272
17	18028452	18028573	12396
17	18029624	18029780	6081
17	18030050	18030201	8116
17	18030372	18030493	5569
17	18034009	18034171	33430
17	18034543	18034666	13415
17	18034752	18034873	19141
17	18035732	18035890	7853
17	18036498	18036739	18090
17	18039015	18039148	6671
17	18039698	18040058	19827
17	18040884	18041005	11153
17	18041357	18041570	11726
17	18042066	18042307	8653
17	18042616	18042809	5755
17	18042825	18042946	6530
17	18043753	18044024	25957
17	18044032	18044183	14592
17	18044263	18044514	11363
17	18044904	18045145	19512
17	18045359	18045600	18236
17	18046020	18046171	12030
17	18046845	18046966	17391
17	18047008	18047368	44645
17	18047797	18047918	9358
17	18049152	18049431	28612
17	18051312	18051553	34947
17	18051784	18051905	10048
17	18052049	18052290	29788
17	18052460	18052700	11699
17	18052785	18052906	7832
17	18053678	18053919	31051
17	18053984	18054105	9550
17	18054127	18054248	9710
17	18054362	18054633	27375
17	18054653	18054894	16446
17	18055150	18055275	8878
17	18055400	18055521	9709
17	18057015	18057269	8326
17	18057383	18057534	7334
17	18057940	18058091	8003
17	18058360	18058806	37328
17	18059458	18059660	14863
17	18060232	18060389	21539
17	18060445	18060566	5672
17	18061003	18061244	9747
17	18061773	18062014	21795
17	18062169	18062325	12030
17	18062563	18062684	10872
17	18062895	18063349	73264
17	18064478	18064815	20127
17	18065884	18066005	3521
17	18066505	18066656	18194
17	18067042	18067172	6458
17	18069633	18069874	12798
17	18070819	18071090	31566
17	18074867	18075138	38466
17	18075416	18075740	17798
17	18077043	18077284	21517
17	18082042	18082194	14400
17	18082471	18082572	8125
17	18087194	18087380	1091
17	18087522	18088375	80863
17	18098247	18098368	5053
17	18110055	18110326	23025
17	18111470	18112028	48674
17	18112541	18112642	37734
17	18113162	18113263	6602
17	18128974	18129095	0
17	18133212	18133363	13550
17	18135788	18135909	14113
17	18135929	18136170	19491
17	18137019	18137527	42563
17	18137577	18137774	18968
17	18137928	18138049	15966
17	18138078	18138349	25079
17	18138363	18138636	14310
17	18138726	18138877	11573
17	18139846	18140117	19291
17	18140139	18140263	7044
17	18140759	18141120	23200
17	18141333	18141574	27814
17	18141695	18141966	25108
17	18143828	18144219	61388
17	18144685	18145076	28651
17	18145134	18145375	19047
17	18145444	18145602	13693
17	18145730	18146001	18481
17	18146034	18146155	5460
17	18148028	18148129	3865
17	18148367	18148760	42958
17	18148859	18148984	21652
17	18149048	18149174	16130
17	18149224	18149818	55179
17	18149838	18150416	57544
17	18150473	18150698	6982
17	18150945	18151186	17878
17	18151203	18151357	19191
17	18151798	18152215	19554
17	18152386	18152537	15074
17	18152589	18152740	22941
17	18154120	18154361	12458
17	18154533	18154804	9018
17	18154916	18155181	20357
17	18155235	18155506	23020
17	18155766	18155887	7135
17	18156572	18156813	18663
17	18156824	18157065	26435
17	18157353	18157506	15234
17	18157794	18158185	37316
17	18158445	18158596	7139
17	18159814	18159935	8406
17	18160186	18160343	17821
17	18161725	18161825	616
17	18161897	18162023	550
17	18164401	18164522	14538
17	18165956	18166227	31588
17	18166359	18166754	25017
17	18166979	18168090	58469
17	18168207	18168307	3217
17	18168335	18168435	3444
17	18169005	18169106	3810
17	18175106	18175206	525
17	18178053	18178324	39949
17	18180968	18181689	51724
17	18183789	18184030	9405
17	18185932	18186203	31540
17	18188430	18188658	30522
17	18188686	18188844	21311
17	18193851	18194055	13604
17	18194097	18194368	26649
17	18195911	18196182	38904
17	18197966	18198117	4400
17	18202818	18202969	19298
17	18205157	18205309	21660
17	18205541	18205782	16048
17	18205844	18206085	14272
17	18208416	18208544	5041
17	18210151	18210302	10109
17	18211640	18211761	8437
17	18212164	18212285	3604
17	18217851	18218122	15347
17	18219052	18221483	151376
17	18225886	18226472	64414
17	18230246	18230347	3344
17	18231114	18231215	5200
17	18231246	18231347	6230
17	18232027	18232268	17991
17	18232582	18232712	8578
17	18233805	18234046	33226
17	18236270	18236660	13092
17	18238779	18239050	26493
17	18243341	18243582	17017
17	18244025	18244146	20022
17	18250768	18251009	10654
17	18251532	18252028	31849
17	18256907	18257178	25666
17	18259186	18259307	4997
17	18281198	18281298	15456
17	18284187	18284342	16862
17	18284636	18285100	72977
17	18285768	18286009	29812
17	18286097	18286218	11995
17	18286297	18286702	9232
17	18286792	18286913	2367
17	18291497	18291635	2322
17	18298384	18298505	32813
17	18299879	18299989	20278
17	18301211	18301312	52309
17	18301812	18301933	37249
17	18302632	18302753	34636
17	18304197	18304318	60106
17	18314840	18315504	221958
17	18320835	18320936	12252
17	18324251	18324352	25799
17	18325518	18326078	103454
17	18326626	18326847	50117
17	18327876	18327976	8886
17	18329862	18329963	39856
17	18330215	18330704	110972
17	18331702	18331827	19957
17	18332191	18332432	32366
17	18332956	18333197	13439
17	18333603	18334270	108251
17	18334969	18335210	69741
17	18343228	18343853	168936
17	18344248	18344369	33755
17	18345975	18346096	31628
17	18353552	18353673	107979
17	18370332	18370841	123255
17	18380096	18380247	65459
17	18387173	18387294	71362
17	18389227	18389468	57779
17	18390951	18391081	58974
17	18392241	18392362	63290
17	18394003	18394124	70518
17	18394520	18394702	56491
17	18395219	18395342	33309
17	18395753	18395875	34675
17	18395970	18396212	85244
17	18397456	18397728	45509
17	18400813	18401054	57350
17	18402605	18402706	16019
17	18403582	18403823	55871
17	18404228	18404363	121567
17	18404766	18404866	69778
17	18406388	18406596	78350
17	18414590	18414789	31036
17	18414801	18414932	17004
17	18415597	18415698	18911
17	18415708	18415809	20236
17	18415882	18415983	17655
17	18416090	18416234	20792
17	18416288	18416388	9790
17	18416531	18416805	82738
17	18417887	18418009	38193
17	18418540	18419114	168659
17	18420431	18420853	108794
17	18422151	18422252	12933
17	18422540	18422661	16355
17	18422769	18423011	44451
17	18429607	18430182	199665
17	18431665	18431786	28555
17	18445312	18445550	18831
17	18446305	18446423	27318
17	18446949	18447068	7879
17	18454705	18455069	72829
17	18456396	18456757	54684
17	18457286	18457613	66080
17	18481230	18481351	21942
17	18482906	18483987	181591
17	18485915	18486156	34269
17	18486625	18486865	150156
17	18490965	18491206	65492
17	18497983	18498224	18908
17	18498416	18498537	16152
17	18506881	18507105	116684
17	18508221	18508405	112874
17	18509031	18510061	386695
17	18511185	18511306	35176
17	18513291	18513661	107327
17	18525766	18525907	20323
17	18528347	18528828	101822
17	18539721	18539962	30753
17	18541167	18541296	11789
17	18541616	18541743	15498
17	18541912	18542034	16162
17	18542416	18542597	29993
17	18544314	18544436	32406
17	18544566	18544688	29689
17	18553676	18553795	6139
17	18553852	18553973	9738
17	18565204	18566602	175521
17	18574188	18575518	232899
17	18575688	18576169	12317
17	18576272	18576373	32
17	18579582	18579703	10976
17	18580968	18581089	26797
17	18584047	18584188	17202
17	18584885	18585006	37296
17	18602494	18602594	10866
17	18604653	18604774	13169
17	18609970	18610211	21476
17	18625536	18625657	29406
17	18630833	18631090	44651
17	18634344	18634585	30880
17	18635338	18635459	14690
17	18638180	18638783	91141
17	18647508	18648110	150827
17	18651214	18651450	45913
17	18653003	18653506	104472
17	18654234	18654428	36088
17	18659291	18659532	63041
17	18661596	18661838	48718
17	18667994	18668235	27573
17	18669979	18670221	63701
17	18671796	18672038	45707
17	18673197	18673438	85960
17	18675671	18676042	29638
17	18678385	18678536	7319
17	18681778	18682665	153019
17	18684551	18684672	12735
17	18692645	18692769	28472
17	18694159	18694365	44797
17	18700875	18700996	20549
17	18702069	18702310	26013
17	18707393	18707635	43606
17	18708805	18708926	13603
17	18709943	18710043	21239
17	18738962	18739332	66710
17	18741320	18741441	30424
17	18742537	18743567	386348
17	18744256	18744377	94323
17	18745487	18745711	129200
17	18769054	18769325	19722
17	18770558	18770680	28962
17	18775867	18776018	13754
17	18780975	18781216	47469
17	18785845	18786058	16046
17	18793101	18793222	5676
17	18805702	18805802	9097
17	18811899	18812171	17791
17	18814368	18814609	20131
17	18827211	18827341	16014
17	18831958	18832316	48143
17	18833810	18834051	18265
17	18855509	18855846	57796
17	18856841	18857111	37106
17	18861972	18862099	14874
17	18862408	18862562	30608
17	18862885	18863006	9138
17	18863821	18863975	27950
17	18872355	18872480	18008
17	18872633	18872754	11785
17	18874277	18874548	28955
17	18874595	18875106	103317
17	18880083	18880354	17331
17	18880838	18882189	120576
17	18882802	18883043	18234
17	18891522	18891763	27406
17	18906792	18907393	85592
17	18916511	18916872	26389
17	18918315	18918556	25025
17	18920530	18920771	11411
17	18922668	18922939	22885
17	18922982	18923253	15585
17	18923425	18923576	7011
17	18923599	18923754	5106
17	18925243	18925484	21046
17	18927490	18927731	18812
17	18938149	18938334	85221
17	18939220	18939452	31067
17	18939495	18939595	21761
17	18939607	18939772	31068
17	18945068	18945228	53506
17	18950139	18950260	31802
17	18965224	18965482	42554
17	18967190	18967449	34955
17	18981035	18981277	71955
17	18983291	18983510	93521
17	18983658	18983780	22590
17	18991006	18991201	32182
17	18996524	18996646	47547
17	18996746	18997408	304178
17	18999332	18999573	44441
17	19015690	19015949	27006
17	19030910	19031031	33591
17	19035942	19036102	46411
17	19041399	19041563	29762
17	19041576	19041676	22345
17	19041718	19041950	34655
17	19042836	19043022	90806
17	19059139	19059380	40949
17	19061304	19061963	164029
17	19062063	19062185	23600
17	19067512	19067705	82941
17	19074923	19075045	24283
17	19075193	19075405	76718
17	19077558	19077800	68897
17	19091328	19091586	155780
17	19093299	19093558	20668
17	19107085	19107327	65139
17	19109473	19109692	77793
17	19109840	19109962	21363
17	19117173	19117368	77386
17	19122693	19122815	20691
17	19122915	19123574	165342
17	19125498	19125739	41438
17	19186423	19187037	54624
17	19188896	19189137	17596
17	19213131	19213372	13144
17	19215319	19215470	17738
17	19216353	19216990	87887
17	19231960	19232231	21911
17	19232825	19232976	11612
17	19235152	19235393	21195
17	19237236	19237597	31958
17	19238063	19238218	15047
17	19238358	19238484	6517
17	19238678	19238799	8909
17	19239790	19239891	4594
17	19239924	19240047	5847
17	19240988	19241089	2801
17	19246551	19247196	36609
17	19247791	19247912	718
17	19250342	19250672	21420
17	19251053	19251204	7491
17	19261143	19261274	6518
17	19263575	19263726	1987
17	19265801	19266034	2477
17	19282204	19282455	35599
17	19283056	19283297	27780
17	19283858	19285839	115637
17	19286071	19286312	36740
17	19286346	19286610	37638
17	19286617	19286753	16572
17	19286778	19286879	9953
17	19287717	19288078	20033
17	19288351	19288622	27880
17	19288627	19288778	15450
17	19289599	19289824	11702
17	19290050	19290171	6767
17	19290331	19290525	14338
17	19314390	19314508	30182
17	19314687	19314808	16295
17	19314901	19315022	17731
17	19315769	19316133	22250
17	19316230	19316473	27531
17	19316537	19316778	14759
17	19316820	19317061	9206
17	19317371	19317492	5307
17	19317728	19317849	13311
17	19317874	19317995	9241
17	19318020	19318263	17243
17	19318312	19318555	18223
17	19318564	19318685	10917
17	19318806	19318927	5665
17	19318951	19319552	26788
17	19349247	19349897	63668
17	19349958	19350165	9099
17	19400744	19400859	8032
17	19437198	19437439	6051
17	19445665	19445817	22022
17	19449720	19449841	9834
17	19451250	19451491	24071
17	19452907	19453028	5342
17	19454697	19454818	20179
17	19458512	19458633	32857
17	19458863	19459014	21702
17	19459052	19459232	26048
17	19459250	19459401	17600
17	19460859	19461068	18728
17	19463491	19463619	17366
17	19463707	19463828	16789
17	19470076	19470197	21065
17	19470323	19470594	49163
17	19474776	19474897	10529
17	19476042	19476193	12312
17	19480601	19480876	28501
17	19483546	19483648	7964
17	19489920	19490021	12542
17	19491771	19491919	5699
17	19493069	19493170	6495
17	19527481	19527581	6631
17	19528170	19528270	13101
17	19529153	19529286	17423
17	19533976	19534077	13550
17	19552239	19552480	8431
17	19554850	19555101	11677
17	19555841	19555962	9833
17	19559661	19559902	36054
17	19560995	19561236	19886
17	19564389	19564630	25145
17	19566607	19566848	16963
17	19568249	19568370	14396
17	19575000	19575279	22881
17	19576414	19576565	7801
17	19578816	19578937	11030
17	19581957	19582229	29709
17	19583247	19583368	11300
17	19584635	19584786	9443
17	19584795	19585029	17615
17	19605891	19606012	12052
17	19606381	19606502	5802
17	19607373	19607501	12976
17	19607870	19608036	7085
17	19608721	19608842	13303
17	19609926	19610084	9765
17	19611016	19611167	6797
17	19611566	19611837	17436
17	19611989	19612110	3756
17	19615975	19616096	5561
17	19617060	19617331	28839
17	19617976	19618127	4524
17	19618388	19618540	15204
17	19619685	19619926	11576
17	19641449	19641820	19624
17	19642297	19642418	19351
17	19642788	19643023	20604
17	19643568	19643839	21126
17	19644343	19644584	16405
17	19645299	19645540	7757
17	19645809	19646786	75127
17	19648240	19648481	2030
17	19651536	19651777	28603
17	19677444	19677545	7168
17	19678134	19678310	12156
17	19678389	19678490	7515
17	19678531	19678858	15150
17	19678939	19679137	20613
17	19679427	19679593	17525
17	19679629	19679750	6795
17	19680810	19681081	17687
17	19683742	19683983	18779
17	19684206	19684477	8379
17	19685169	19685410	31617
17	19686962	19687233	14630
17	19689173	19689444	17393
17	19698895	19699048	26733
17	19699380	19699621	30499
17	19700640	19701031	21552
17	19702786	19702907	8969
17	19705041	19705282	10696
17	19707953	19708194	11488
17	19713670	19713805	6554
17	19720026	19720267	29296
17	19728389	19728510	7587
17	19729414	19729565	11274
17	19741793	19741914	12348
17	19744769	19744890	4145
17	19746393	19746545	10079
17	19748592	19748713	9118
17	19750015	19750256	27568
17	19752638	19752759	5487
17	19753020	19753152	9726
17	19768075	19768196	12536
17	19769033	19769154	5986
17	19770631	19770756	139
17	19770779	19770880	7
17	19808936	19809037	7615
17	19809170	19809271	10540
17	19809481	19809602	8665
17	19812480	19812601	6093
17	19813203	19813324	6073
17	19823328	19823449	3940
17	19827711	19827840	8045
17	19835083	19835324	14408
17	19839549	19839790	24501
17	19843003	19843213	15310
17	19844110	19844381	8317
17	19845119	19845240	14432
17	19850707	19850828	8933
17	19861304	19861905	78515
17	19866092	19866363	12724
17	19871689	19871810	11058
17	19880887	19881144	11233
17	19999886	20000157	24829
17	20013656	20013927	20612
17	20013994	20014095	12483
17	20059352	20059589	934
17	20107594	20109275	81485
17	20130708	20130945	6836
17	20135016	20135167	9370
17	20135464	20135735	18997
17	20140122	20140243	4664
17	20149190	20149431	10380
17	20150520	20150642	4803
17	20156797	20156918	7224
17	20160690	20160961	10187
17	20163464	20163617	10983
17	20200210	20200451	14657
17	20209304	20209425	10333
17	20217272	20217393	5975
17	20224560	20225041	90458
17	20227469	20227610	13816
17	20239087	20239457	129753
17	20241445	20241566	30315
17	20242662	20243692	338410
17	20244379	20244498	99020
17	20245617	20245841	119551
17	20254206	20254327	13900
17	20254519	20254761	33995
17	20261155	20261422	54486
17	20265467	20265708	158697
17	20266177	20266363	27705
17	20268334	20269406	144580
17	20270964	20271085	20817
17	20278462	20278562	8415
17	20278963	20279084	24436
17	20279235	20279355	15707
17	20294753	20295114	70419
17	20295605	20295966	50319
17	20297292	20297657	59160
17	20303793	20303913	6513
17	20304435	20304615	40756
17	20305319	20305556	20264
17	20319091	20319212	30896
17	20320696	20323002	293052
17	20327880	20328121	42136
17	20328229	20328350	14354
17	20330036	20330439	102359
17	20331793	20332368	91177
17	20332906	20333028	22975
17	20334115	20334357	97390
17	20344339	20344547	66485
17	20346093	20346194	80645
17	20346572	20346708	30632
17	20347112	20347353	53284
17	20348259	20348360	14696
17	20349910	20350151	20157
17	20353237	20353509	34333
17	20354753	20354995	49926
17	20355090	20355212	14548
17	20355623	20355746	32705
17	20356263	20356445	90548
17	20356841	20356962	58996
17	20358602	20358723	33944
17	20359864	20359994	34430
17	20361475	20361716	88724
17	20363649	20363770	45795
17	20370702	20370823	8058
17	20397351	20397472	52610
17	20404937	20405079	24443
17	20405209	20405310	12834
17	20405377	20405598	37680
17	20405900	20406026	10808
17	20406138	20406276	14663
17	20406390	20406534	19787
17	20406664	20406785	35199
17	20407180	20407805	255137
17	20415823	20416064	63977
17	20416763	20417431	103674
17	20417837	20418078	43973
17	20418602	20418843	60554
17	20419207	20419328	21225
17	20420330	20420816	128044
17	20421069	20421170	37285
17	20423059	20423159	17773
17	20424188	20424409	32971
17	20424956	20425517	65637
17	20426690	20426791	21037
17	20430099	20430200	2870
17	20435568	20435880	69744
17	20448314	20448435	115794
17	20449135	20449256	19685
17	20449756	20449857	41427
17	20451080	20451187	26635
17	20452563	20452684	48719
17	20483007	20483368	56817
17	20483390	20484111	93632
17	20492542	20493743	218683
17	20536333	20536454	22582
17	20602102	20602223	24492
17	20619868	20619989	20657
17	20623840	20623959	13690
17	20625337	20625457	14278
17	20634508	20634629	38667
17	20639043	20639163	18680
17	20640260	20640381	11022
17	20641185	20641304	16762
17	20654672	20654793	8279
17	20744358	20744526	6637
17	20744561	20744889	72671
17	20747031	20747260	24858
17	20747303	20747611	24912
17	20768713	20768834	6520
17	20769757	20770026	13936
17	20796659	20796800	24816
17	20798980	20799401	78483
17	20805348	20805654	56861
17	20805704	20805980	43676
17	20906273	20906424	4187
17	20907468	20907709	22850
17	20908180	20908331	18403
17	20910193	20910314	4383
17	20911124	20911365	16941
17	20914391	20914662	25672
17	20916133	20916258	12942
17	20919017	20919258	14799
17	20921188	20921459	14596
17	20922386	20922508	8716
17	20924416	20924549	12521
17	20931769	20932040	20502
17	20945941	20946394	754
17	20946938	20947073	1880
17	21030233	21030354	7671
17	21075188	21075694	52842
17	21081536	21081665	13187
17	21086863	21087134	46188
17	21087217	21087334	53199
17	21087668	21087789	7628
17	21088011	21088129	6163
17	21091948	21092219	23468
17	21094242	21094483	18953
17	21101593	21102194	72031
17	21114279	21114540	23030
17	21117373	21117703	3854
17	21143846	21143947	7909
17	21144072	21144172	9636
17	21144215	21144315	9182
17	21146501	21146885	54127
17	21147326	21147597	13196
17	21156460	21156586	0
17	21163749	21163849	2472
17	21175965	21176065	6129
17	21188195	21188316	3706
17	21201604	21201845	32250
17	21202152	21202273	21290
17	21203847	21203980	18266
17	21204124	21204365	19829
17	21205361	21205632	25555
17	21206459	21206610	16466
17	21207650	21207921	39236
17	21208310	21208461	32628
17	21215372	21215643	78777
17	21216765	21216886	24447
17	21217409	21217560	15832
17	21217578	21217826	31128
17	21217873	21217974	10469
17	21218233	21218334	9059
17	21280114	21280225	0
17	21318598	21323180	647559
17	21438498	21438859	21168
17	21454230	21454711	44632
17	21454823	21454955	3722
17	21480966	21481287	60105
17	21535942	21536183	80361
17	21544384	21544632	63950
17	21562234	21562355	24305
17	21730674	21731615	116456
17	21821780	21822102	54258
17	21825449	21825595	12168
17	21826076	21826317	20433
17	22023373	22023474	2712
17	22024146	22024319	8658
17	22024352	22024580	15058
17	22024599	22024729	6171
17	23394157	23394493	0
17	25308775	25309016	16913
17	25621350	25621501	15693
17	25628776	25629017	66752
17	25630345	25630706	22950
17	25631761	25631991	31053
17	25633796	25633918	10643
17	25634728	25636331	149455
17	25637077	25637210	8874
17	25638497	25638652	10620
17	25639164	25639435	51984
17	25639535	25639706	13507
17	25640165	25640266	7375
17	25640319	25640457	16133
17	25640472	25640646	16396
17	25749585	25749692	20220
17	25750940	25751041	20433
17	25751553	25751653	18725
17	25752956	25753077	19245
17	25783660	25783964	8451
17	25877542	25877783	32912
17	25885064	25885165	7047
17	25887413	25887534	37171
17	25893482	25893599	14414
17	25904456	25904937	40180
17	25909660	25910141	39076
17	25912623	25912744	24397
17	25915469	25915590	10046
17	25917817	25917938	4426
17	25919356	25919718	37418
17	25924256	25924497	29811
17	25928345	25928466	17369
17	25928890	25929011	7977
17	25930825	25930946	10892
17	25931668	25931789	7889
17	25932408	25932889	36701
17	25934926	25935047	12497
17	25936174	25936408	17721
17	25937037	25937278	18221
17	25938466	25938707	16154
17	25944266	25944507	24790
17	25948896	25949114	20193
17	25950317	25950438	14421
17	25950601	25950701	5985
17	25958219	25958370	23585
17	25965273	25965394	39598
17	25967547	25967818	31978
17	25967942	25968063	11343
17	25969254	25969384	20706
17	25970537	25970658	31718
17	25972296	25972417	35898
17	25972850	25972971	31649
17	25973530	25973653	15765
17	25974038	25974159	16247
17	25974255	25974496	38794
17	25975783	25976054	19115
17	25980551	25980672	12347
17	25981694	25981935	22693
17	25982310	25982431	40533
17	25984312	25984533	31871
17	25985137	25985412	32795
17	25985662	25985931	15415
17	26073142	26073263	49470
17	26076803	26076925	46395
17	26078093	26078214	24314
17	26079831	26079952	38887
17	26080391	26080512	35273
17	26084262	26084389	13343
17	26085882	26086123	23210
17	26087008	26087249	38622
17	26087588	26087829	62149
17	26088152	26088273	37978
17	26089806	26090047	42401
17	26090937	26091208	17763
17	26092530	26092771	19127
17	26093513	26093634	9793
17	26094675	26094916	51013
17	26095968	26096209	12971
17	26096524	26096645	9884
17	26097929	26098053	10034
17	26099284	26099525	18608
17	26100136	26100287	16958
17	26101228	26101499	24740
17	26105675	26105827	7010
17	26105843	26106114	14175
17	26107741	26108252	47495
17	26108995	26109146	12096
17	26109929	26110170	77028
17	26114626	26114897	21424
17	26115774	26116015	17643
17	26116580	26116731	11213
17	26125689	26125845	8492
17	26205952	26206387	16157
17	26206446	26206567	4503
17	26207257	26207408	9449
17	26209536	26209786	24150
17	26209913	26210154	15930
17	26369855	26370377	172272
17	26449572	26449813	27311
17	26459612	26459734	5043
17	26488117	26488358	22210
17	26490550	26490671	11446
17	26495457	26495698	28963
17	26499472	26499713	22891
17	26512179	26512307	7510
17	26518024	26518265	22120
17	26519123	26519252	8933
17	26521573	26521982	40326
17	26522025	26522126	4419
17	26522453	26522726	14790
17	26522730	26523064	24048
17	26523090	26523404	29328
17	26554291	26554532	50483
17	26574441	26574562	12891
17	26574604	26574976	18794
17	26575165	26575315	19258
17	26603293	26603591	20480
17	26603644	26604485	57641
17	26633076	26633197	12728
17	26646207	26646448	24503
17	26652479	26652720	34003
17	26653508	26653899	27112
17	26655133	26655312	21479
17	26655324	26655424	8205
17	26655567	26655813	34977
17	26656189	26656312	13433
17	26657450	26657571	8320
17	26658796	26659067	42159
17	26659148	26659269	15846
17	26666508	26666769	27162
17	26667298	26667539	24445
17	26668216	26668515	17216
17	26669219	26669490	27576
17	26671296	26671687	33584
17	26671763	26671864	13081
17	26671939	26672040	17228
17	26672164	26672264	13286
17	26675025	26675319	21042
17	26676087	26676208	7029
17	26677405	26677646	14017
17	26677743	26677864	5524
17	26678636	26678877	15401
17	26679870	26680111	22501
17	26680241	26680364	9016
17	26680707	26680828	21594
17	26681501	26681622	6870
17	26682800	26682921	8864
17	26684272	26684513	656
17	26684647	26684918	39027
17	26685410	26685531	12349
17	26685914	26686035	9607
17	26686321	26686442	8086
17	26687481	26687632	23233
17	26687748	26687880	14550
17	26688165	26688286	10124
17	26691238	26691719	33311
17	26691775	26692016	16865
17	26692082	26692323	37450
17	26694380	26694512	12515
17	26694696	26695090	66913
17	26695496	26695737	9379
17	26695819	26696090	15734
17	26696258	26696499	19127
17	26696518	26696882	16700
17	26696886	26697252	23835
17	26698987	26699548	5032
17	26708156	26708850	31631
17	26711360	26711601	15093
17	26711842	26711963	10050
17	26711995	26712313	25492
17	26715122	26715583	35911
17	26722863	26723104	12967
17	26723119	26723420	18762
17	26724113	26724213	2885
17	26726639	26726760	9521
17	26727273	26727374	8367
17	26727583	26727804	25798
17	26729236	26729357	7751
17	26731578	26732539	61330
17	26732837	26733198	8070
17	26794791	26795459	97395
17	26800690	26800842	9424
17	26816174	26816415	19164
17	26817324	26817659	29238
17	26817700	26817941	28216
17	26818393	26818664	29105
17	26818687	26818928	34298
17	26820576	26820817	15932
17	26820987	26821138	10342
17	26821318	26821589	31772
17	26822602	26822873	53254
17	26823385	26823656	18919
17	26824050	26824321	14910
17	26850927	26851168	60347
17	26851481	26851995	54542
17	26854259	26854389	15318
17	26856055	26856296	22884
17	26857723	26857874	9046
17	26861301	26861572	18282
17	26861669	26862270	72186
17	26864113	26864474	33600
17	26864482	26864583	9161
17	26874305	26874437	10086
17	26874632	26874877	16438
17	26874976	26875129	33377
17	26875600	26875733	9066
17	26879035	26879156	9716
17	26879344	26879585	1033
17	26880497	26880642	7832
17	26881164	26881555	25693
17	26881852	26882093	24578
17	26883172	26883317	15352
17	26883498	26883619	6811
17	26883766	26884028	19711
17	26885429	26885618	11133
17	26886986	26887257	15209
17	26888392	26888663	13103
17	26890403	26890554	6665
17	26890789	26890940	16107
17	26897860	26898256	37903
17	26898436	26898557	14299
17	26900530	26900651	22221
17	26900701	26900972	17510
17	26901020	26901291	29346
17	26901462	26901613	23146
17	26901642	26901913	25217
17	26901935	26902056	10780
17	26902095	26902366	14384
17	26902403	26902560	9631
17	26904691	26904812	14514
17	26905006	26905127	11415
17	26905211	26905588	23038
17	26905638	26905789	12509
17	26906139	26906280	29205
17	26906291	26906562	24363
17	26906720	26906871	8211
17	26907017	26907148	16989
17	26910476	26910717	14891
17	26910786	26911057	9663
17	26911127	26911544	34627
17	26911660	26911789	19097
17	26912110	26912243	19753
17	26912291	26912442	10205
17	26912490	26912731	9998
17	26912827	26913068	16342
17	26913092	26913213	8193
17	26913418	26913539	18394
17	26918651	26918915	17960
17	26918951	26920141	116031
17	26922302	26922423	13106
17	26923194	26923371	16611
17	26925469	26925710	14851
17	26925847	26925998	10301
17	26937495	26937717	16120
17	26938160	26938271	13191
17	26938404	26938505	8573
17	26938531	26938684	10741
17	26938708	26938859	11122
17	26939020	26939141	13724
17	26939240	26939394	8268
17	26939609	26939730	10423
17	26940038	26940189	18547
17	26940260	26940381	10732
17	26940400	26940761	25490
17	26941050	26941201	9784
17	26942021	26942292	33005
17	26942627	26942868	21329
17	26943073	26943225	30500
17	26943340	26943823	44501
17	26943870	26944027	9072
17	26944231	26944352	4847
17	26945777	26946018	12247
17	26946582	26946803	33468
17	26946837	26947075	18675
17	26947436	26947707	30436
17	26947975	26948216	24291
17	26948375	26948526	7350
17	26950729	26951000	18286
17	26951208	26951449	37036
17	26955248	26955609	33563
17	26958476	26958717	15317
17	26958796	26958947	6550
17	26959040	26959281	41050
17	26959918	26960190	15214
17	26960238	26960479	19510
17	26960516	26960787	12844
17	26960887	26961128	17378
17	26961449	26962680	109426
17	26963964	26964205	17612
17	26964820	26965162	19977
17	26965200	26965471	20335
17	26965479	26965720	17893
17	26966254	26966525	32078
17	26966565	26966686	14997
17	26966829	26967100	17255
17	26967518	26967759	15475
17	26968850	26969121	11034
17	26969231	26969382	11821
17	26969824	26970065	20277
17	26970104	26970375	27830
17	26970591	26970712	8541
17	26970989	26971260	20764
17	26971990	26972115	713
17	26975969	26976330	24562
17	26982251	26982522	20735
17	26988140	26988241	16471
17	26988667	26988938	19611
17	26989182	26989282	9898
17	27000410	27000538	10899
17	27001258	27001499	42392
17	27001531	27001652	14209
17	27001932	27002233	14041
17	27002399	27002520	7929
17	27003100	27003491	22233
17	27004692	27004844	8204
17	27005000	27005271	6503
17	27005516	27005667	12213
17	27005758	27006029	23888
17	27008226	27008456	9266
17	27008887	27009008	12669
17	27009688	27010154	41710
17	27010241	27010482	13216
17	27010615	27010853	11498
17	27011552	27011793	28010
17	27011799	27012040	27225
17	27013303	27013454	7906
17	27013618	27013859	27843
17	27014053	27014525	28150
17	27015021	27015292	25305
17	27016354	27016595	16176
17	27017022	27017293	26790
17	27017858	27018129	15693
17	27020662	27020903	21913
17	27022360	27022587	7294
17	27023769	27024160	19476
17	27024628	27024761	7812
17	27024834	27025105	17108
17	27026763	27026921	11164
17	27027138	27027289	17423
17	27027295	27027566	23044
17	27027901	27028202	22619
17	27028398	27028669	14511
17	27029187	27029288	10193
17	27030523	27031508	86071
17	27031642	27031913	17205
17	27033678	27033799	4891
17	27037876	27038197	29104
17	27038571	27038692	11262
17	27041278	27041378	3188
17	27041422	27041778	20359
17	27041800	27041928	8646
17	27042033	27042154	6841
17	27042162	27042313	7052
17	27042438	27042559	3189
17	27042599	27042750	8309
17	27042777	27042929	9463
17	27042952	27043103	8279
17	27043875	27044026	16139
17	27044196	27044726	6967
17	27045091	27045332	20260
17	27046974	27047095	7562
17	27047257	27047498	16878
17	27047509	27047660	15260
17	27047695	27047936	23436
17	27049544	27049695	15440
17	27049707	27049948	26498
17	27050389	27050540	17190
17	27050562	27050795	27936
17	27050800	27050951	10599
17	27051448	27051959	72909
17	27052301	27052422	20935
17	27052448	27052599	16705
17	27052897	27053138	9374
17	27053738	27053859	16048
17	27055793	27055914	12549
17	27060982	27061223	22054
17	27061780	27062032	14217
17	27062202	27062443	21795
17	27064306	27064547	22259
17	27064632	27065047	72108
17	27065066	27065307	19215
17	27065665	27065786	15006
17	27066039	27066280	33780
17	27067434	27067675	23076
17	27067800	27068041	22859
17	27068053	27068294	23764
17	27068388	27068629	21925
17	27068929	27069050	5454
17	27071080	27071296	1791
17	27074165	27074409	32699
17	27074781	27075726	82736
17	27075917	27076638	71344
17	27076708	27076809	5161
17	27076857	27076974	4786
17	27082974	27083243	10003
17	27083248	27083349	5431
17	27083372	27083473	5776
17	27083676	27083896	10314
17	27084160	27084455	21930
17	27085112	27085212	4853
17	27085245	27086896	180785
17	27093583	27093704	4692
17	27181982	27182373	38518
17	27183224	27183465	47680
17	27183470	27183716	28951
17	27184888	27185039	25098
17	27185133	27185514	35837
17	27185536	27185897	26221
17	27185905	27186320	26033
17	27187422	27187629	16534
17	27188361	27188483	15439
17	27188526	27188661	9772
17	27206322	27206487	7914
17	27206636	27206737	7714
17	27206812	27206938	5458
17	27207162	27207263	3625
17	27207415	27207657	15338
17	27207684	27207925	34952
17	27208036	27208157	16520
17	27208180	27208421	18370
17	27208817	27209058	17571
17	27209074	27209315	34613
17	27209345	27209478	14292
17	27209498	27209769	10021
17	27210036	27210307	14548
17	27211196	27211364	9597
17	27212605	27212726	13183
17	27212858	27212979	18966
17	27215912	27216063	6444
17	27224506	27224627	12397
17	27225449	27225938	45456
17	27227952	27228343	24238
17	27228451	27228692	14774
17	27229538	27230018	1608
17	27232293	27232495	9402
17	27232613	27232713	6571
17	27232764	27232864	3627
17	27232931	27233547	48205
17	27233821	27234062	8683
17	27234587	27234708	8666
17	27235758	27235909	13885
17	27237038	27237435	27127
17	27238071	27238312	35276
17	27239463	27240305	69716
17	27240824	27241095	17850
17	27244288	27244504	17129
17	27246075	27246346	21537
17	27248644	27248885	16766
17	27250882	27251410	89762
17	27253813	27254104	14177
17	27277052	27277362	24917
17	27277884	27278005	14028
17	27278146	27278246	128
17	27278361	27278622	173
17	27281948	27282072	4587
17	27282267	27282367	22619
17	27282928	27283055	13534
17	27283108	27283544	23695
17	27283694	27283815	8544
17	27284040	27284281	20133
17	27284340	27284581	21707
17	27284940	27285181	23498
17	27286019	27286260	30067
17	27286299	27286540	16303
17	27286691	27286932	10449
17	27287484	27287725	16855
17	27287785	27288026	25769
17	27290944	27291192	64738
17	27296751	27296992	40745
17	27306643	27306884	19132
17	27308280	27309115	45652
17	27332778	27332919	418
17	27370234	27370367	12172
17	27371799	27372070	31188
17	27378940	27379061	6444
17	27379923	27380164	36469
17	27380400	27380641	16384
17	27381514	27381755	61877
17	27382008	27382279	20182
17	27382807	27382928	11328
17	27383136	27383377	16066
17	27400832	27402628	137251
17	27406748	27407967	105329
17	27409273	27409514	21369
17	27412582	27412703	5734
17	27413404	27413645	21816
17	27413925	27414166	17917
17	27416926	27417167	13105
17	27417530	27417651	12307
17	27417764	27418005	20698
17	27419296	27419537	22265
17	27419824	27420065	24996
17	27420271	27420512	10383
17	27420931	27421172	25508
17	27421646	27421887	29386
17	27421894	27422135	16295
17	27423734	27423975	17894
17	27424183	27424424	22683
17	27424740	27424981	26288
17	27425061	27425302	14800
17	27425357	27425478	5098
17	27425794	27426035	27830
17	27426594	27426835	24970
17	27430588	27430709	6927
17	27434031	27434272	16144
17	27436816	27437177	5343
17	27437425	27437666	12904
17	27438400	27438641	17980
17	27438689	27438930	25475
17	27441010	27441131	8955
17	27441899	27442140	19729
17	27442352	27442473	8767
17	27442648	27442895	22727
17	27443406	27443527	5621
17	27444667	27444768	7543
17	27445013	27445254	15298
17	27445365	27445486	4202
17	27446281	27446522	16726
17	27447583	27447824	41986
17	27448001	27448242	33349
17	27448531	27448772	16546
17	27448800	27449041	16348
17	27449166	27449287	6606
17	27451554	27451738	17775
17	27452897	27452998	13729
17	27454869	27455562	75429
17	27458380	27458480	3030
17	27467310	27467410	13357
17	27491607	27491707	14250
17	27492933	27494034	55330
17	27530404	27530615	40178
17	27573805	27573956	4076
17	27576130	27576251	4274
17	27577137	27577378	25090
17	27579031	27579272	27442
17	27580607	27580848	17132
17	27581172	27581413	17665
17	27588621	27588982	20331
17	27589298	27589399	8319
17	27589409	27589857	18140
17	27590028	27590129	5784
17	27590288	27590491	5451
17	27590624	27590725	7325
17	27590824	27591071	15200
17	27591122	27591306	7833
17	27591429	27591633	13040
17	27594470	27594591	4871
17	27612970	27614771	168408
17	27620791	27621194	99074
17	27717957	27718058	444
17	27778511	27778752	13425
17	27794137	27794258	6852
17	27802677	27802799	15267
17	27804651	27804775	11689
17	27805255	27805406	5651
17	27807376	27807509	16574
17	27809200	27809321	9982
17	27816667	27816788	9376
17	27818777	27818898	10776
17	27822540	27822781	20410
17	27825316	27825557	24577
17	27829552	27829793	14090
17	27834850	27835211	16812
17	27837824	27838065	19065
17	27844451	27844692	8297
17	27849236	27849597	29881
17	27857379	27857650	14174
17	27861105	27861346	9221
17	27869538	27870142	38493
17	27870147	27870248	9061
17	27870452	27870553	7552
17	27871100	27871352	29514
17	27877906	27878007	4787
17	27878697	27878798	12896
17	27888703	27888804	5225
17	27889510	27890141	51420
17	27893062	27893997	30943
17	27895762	27895891	2398
17	27896008	27896129	9002
17	27896295	27896416	10940
17	27898551	27898792	42323
17	27898823	27899094	18037
17	27899106	27899737	47663
17	27899820	27899952	307
17	27900475	27900576	5732
17	27900819	27900920	5164
17	27901013	27901114	2935
17	27901120	27901221	2703
17	27901293	27901437	6096
17	27901459	27902023	31814
17	27902067	27902188	9073
17	27902245	27902516	13287
17	27902593	27902744	41804
17	27902781	27902932	24188
17	27903031	27903182	16710
17	27903201	27903478	33131
17	27903494	27903735	19403
17	27903826	27904067	16002
17	27904118	27904275	10708
17	27904620	27904771	16379
17	27905291	27905412	9836
17	27905681	27905832	11946
17	27905901	27906052	6110
17	27908315	27908436	6545
17	27908715	27908866	20352
17	27908932	27909173	19408
17	27909677	27909831	12824
17	27909933	27910065	15691
17	27910446	27910668	22590
17	27916309	27916430	0
17	27920524	27920763	394
17	27934676	27935289	92317
17	27935819	27936318	43546
17	27936344	27936465	9513
17	27937682	27937803	11104
17	27938567	27938688	11959
17	27938807	27939078	27028
17	27939086	27939332	15901
17	27939374	27939615	4793
17	27939630	27939871	4849
17	27939881	27940002	9478
17	27940326	27940927	11750
17	27940991	27941330	24493
17	27941399	27941618	11164
17	27941679	27941801	7084
17	27942430	27942531	6574
17	27942691	27942932	4301
17	27942953	27943203	7547
17	27943264	27943385	8382
17	27943641	27943912	23790
17	27943916	27944335	25866
17	27944426	27944697	20688
17	27945065	27945185	2483
17	27945777	27946262	25149
17	27946608	27946849	26148
17	27948219	27948460	10143
17	27949689	27949930	5415
17	27952939	27953377	24881
17	27953535	27953655	6813
17	27953698	27953799	9907
17	27954153	27954343	10459
17	27954653	27954754	5254
17	27956310	27956411	10223
17	27956432	27956533	15347
17	27956538	27956730	15653
17	27956870	27956970	4008
17	27957566	27957667	2720
17	27957731	27959983	250498
17	27962951	27963830	82432
17	27975140	27975381	50015
17	27977623	27977864	20735
17	27982510	27982661	8929
17	27993827	27994068	25224
17	27994133	27994254	20556
17	27998928	27999169	21624
17	28001099	28001299	13036
17	28003809	28003930	6451
17	28004633	28004784	8105
17	28011520	28011761	18175
17	28022447	28022568	5578
17	28029967	28030090	4957
17	28088110	28088351	32328
17	28120872	28120993	3483
17	28248940	28249040	1751
17	28256925	28257046	28643
17	28258611	28258712	3390
17	28268774	28268895	5414
17	28269227	28269348	4672
17	28270563	28270684	6083
17	28295795	28296396	26783
17	28320139	28320380	13064
17	28323292	28323413	7325
17	28326897	28327018	9999
17	28361204	28361433	17039
17	28378124	28378245	10048
17	28380238	28381199	50085
17	28382883	28383004	11847
17	28383066	28383187	11913
17	28384679	28384920	15053
17	28386519	28386760	13816
17	28395599	28396228	62298
17	28396379	28396647	33317
17	28400636	28400737	5405
17	28405196	28405557	26060
17	28407053	28407294	29356
17	28407703	28408064	62021
17	28409863	28410104	7777
17	28414011	28414252	14112
17	28417384	28417745	16046
17	28418850	28419211	26392
17	28419844	28419965	9743
17	28434825	28435066	18685
17	28435149	28435250	5411
17	28443810	28443931	11943
17	28444072	28444215	13021
17	28444284	28444385	9240
17	28445053	28445204	8275
17	28499526	28499647	3680
17	28505031	28505272	14621
17	28506090	28506331	19159
17	28507916	28508044	6875
17	28511589	28512753	42233
17	28524916	28525085	8987
17	28525449	28525570	11701
17	28530152	28530393	9540
17	28534708	28534860	5529
17	28536119	28536270	8439
17	28537447	28537718	14844
17	28538320	28538452	12373
17	28539700	28539941	15695
17	28542589	28542742	6894
17	28543045	28543268	12232
17	28544131	28544372	14501
17	28545124	28545365	49034
17	28545730	28546001	5763
17	28548595	28549166	81955
17	28549776	28549897	12516
17	28575209	28575310	5189
17	28575544	28575645	11611
17	28575959	28576230	15379
17	28593876	28593997	13005
17	28598196	28598467	22536
17	28599521	28599672	17995
17	28599716	28599957	49227
17	28601016	28601257	50117
17	28612390	28612511	16795
17	28613814	28613935	2568
17	28614773	28615014	18909
17	28616381	28616510	6736
17	28618276	28618547	25292
17	28618769	28619119	1489
17	28643645	28643766	7062
17	28643837	28643958	20911
17	28644139	28644290	13027
17	28645818	28645941	4999
17	28651814	28652152	59214
17	28656196	28656584	32976
17	28659001	28659242	30912
17	28660982	28661103	15097
17	28705980	28706794	5081
17	28711949	28712310	40636
17	28747808	28748049	45284
17	28748645	28748886	31440
17	28749655	28750051	40861
17	28750498	28750739	19403
17	28754371	28754612	21659
17	28758780	28758909	16443
17	28765982	28766133	17474
17	28769275	28769516	21519
17	28770783	28771024	16658
17	28772692	28773053	23791
17	28776547	28776788	39955
17	28778675	28778916	38589
17	28782301	28782542	22728
17	28783260	28783381	19054
17	28783450	28783571	13868
17	28788142	28788383	20973
17	28788836	28789107	14586
17	28789376	28789497	11182
17	28791596	28791941	9828
17	28792097	28792197	6908
17	28792202	28792303	5129
17	28792406	28792518	4613
17	28792585	28792701	6817
17	28792755	28792856	4677
17	28793172	28793315	13218
17	28793605	28793705	13296
17	28793987	28794087	4019
17	28794094	28794313	9316
17	28795232	28795333	6586
17	28795486	28795708	17977
17	28804405	28804526	9918
17	28808069	28808340	27309
17	28811214	28811335	8401
17	28811643	28811881	18996
17	28817128	28817249	4506
17	28819672	28819793	5887
17	28837851	28837972	11426
17	28846936	28847087	30791
17	28849182	28849453	29908
17	28849720	28849821	3159
17	28853633	28853734	7031
17	28856713	28856814	4064
17	28857325	28857469	6595
17	28861780	28861880	6712
17	28862385	28862504	7386
17	28868729	28868830	15857
17	28868981	28869152	36857
17	28883452	28883560	19343
17	28883890	28884000	27714
17	28885223	28885324	49255
17	28885815	28885935	26847
17	28886677	28886798	70674
17	28887106	28887227	19933
17	28887623	28887744	22297
17	28888060	28888160	11999
17	28889858	28889979	25076
17	28890190	28890453	12945
17	28896563	28896774	45284
17	28898306	28898433	43863
17	28900616	28900857	28462
17	28900917	28901038	16326
17	28903007	28903267	52535
17	28928297	28928397	10779
17	28935447	28935580	26573
17	28942911	28943011	5388
17	28944749	28944870	33422
17	28951676	28951922	28884
17	28952009	28952437	69121
17	28956635	28956812	44926
17	28957643	28957743	13135
17	28958721	28959023	57138
17	28960080	28960441	101191
17	28961002	28961333	27970
17	28964200	28964350	11192
17	28969022	28969123	4815
17	28975407	28975508	3242
17	28990578	28990815	37287
17	28999026	28999177	54701
17	29035890	29036034	422
17	29036373	29036595	807
17	29058840	29059163	10371
17	29059453	29059574	90026
17	29061876	29062010	22867
17	29062021	29062142	16824
17	29070291	29070412	12587
17	29086482	29086583	8776
17	29093503	29093624	13170
17	29095816	29096086	9566
17	29096875	29097026	5363
17	29103306	29103427	13426
17	29111121	29111512	32769
17	29112927	29113059	18831
17	29119423	29119643	22252
17	29120457	29120700	22154
17	29123145	29123386	28100
17	29124311	29124432	9248
17	29130871	29131142	36624
17	29151483	29151724	3697
17	29159307	29159458	24907
17	29161154	29163076	93414
17	29164214	29164410	19862
17	29167596	29167836	7253
17	29170921	29171104	17988
17	29171802	29171953	11955
17	29182131	29182372	21178
17	29183900	29184171	13687
17	29185138	29185379	20497
17	29187419	29187660	10714
17	29192708	29192829	4598
17	29195329	29195450	7197
17	29196215	29196456	21453
17	29196467	29196708	17926
17	29203358	29203585	10992
17	29204379	29204620	11519
17	29205006	29205127	7999
17	29206411	29206532	8853
17	29214178	29214419	27614
17	29219594	29219835	27398
17	29220228	29221219	64812
17	29221539	29221780	14545
17	29221830	29221951	6389
17	29226134	29226645	48825
17	29227354	29227616	10036
17	29231044	29231557	43399
17	29233109	29233260	22776
17	29249018	29249146	44
17	29249901	29250142	17971
17	29253760	29254001	59653
17	29258885	29259006	11104
17	29261193	29261325	15234
17	29271846	29272117	9560
17	29276285	29276406	8086
17	29280245	29280396	12535
17	29281443	29281594	12881
17	29283249	29283497	20983
17	29284778	29284929	16814
17	29298074	29298473	938
17	29311555	29311826	18205
17	29314891	29315162	22365
17	29324213	29324364	19812
17	29324446	29324567	9032
17	29325613	29326244	48331
17	29326812	29326913	9193
17	29335745	29335845	1093
17	29343906	29344027	11677
17	29348927	29349060	23586
17	29351371	29351471	8903
17	29365541	29365692	61374
17	29369216	29369337	45839
17	29372202	29372323	31098
17	29374121	29374602	118326
17	29421974	29422074	9046
17	29422307	29422436	567
17	29474581	29474682	11801
17	29482951	29483192	20745
17	29485978	29486129	6945
17	29490177	29490418	20055
17	29496899	29497025	8102
17	29508412	29508533	11735
17	29508704	29508825	16213
17	29509483	29509724	25879
17	29527405	29527646	31043
17	29527964	29528235	30123
17	29528404	29528525	3286
17	29533202	29533443	33362
17	29541414	29541655	83908
17	29546013	29546151	6322
17	29548835	29549009	15837
17	29550372	29550643	9758
17	29552069	29552310	9384
17	29553396	29553757	24034
17	29554181	29554332	6887
17	29554491	29554642	49763
17	29555991	29556502	49075
17	29556771	29557042	30238
17	29557217	29557458	31509
17	29557840	29557961	43714
17	29559081	29559268	11992
17	29559687	29559928	23974
17	29560004	29560245	22293
17	29562588	29562829	28337
17	29562926	29563049	11241
17	29575948	29576189	14457
17	29576935	29577036	7937
17	29579925	29580046	3495
17	29585319	29585560	33843
17	29586037	29586158	6585
17	29587338	29587579	35075
17	29588680	29588921	34202
17	29592237	29592367	26285
17	29621651	29621752	8304
17	29621770	29621940	10201
17	29621966	29623407	181833
17	29631232	29632673	360556
17	29645259	29646100	156167
17	29647369	29647507	8856
17	29652812	29653293	28343
17	29654505	29654867	18003
17	29657293	29657534	12610
17	29661831	29662072	11528
17	29663307	29663540	31912
17	29663643	29663972	41421
17	29664371	29664612	21278
17	29664806	29664927	9469
17	29665000	29665219	19391
17	29665711	29665833	9457
17	29667471	29667712	30593
17	29669938	29670209	8000
17	29671236	29671337	17269
17	29672487	29672608	10926
17	29672855	29672975	17299
17	29673089	29673270	32989
17	29675951	29676051	6574
17	29676128	29676323	10106
17	29677147	29677388	26928
17	29679232	29679454	15044
17	29683417	29683658	21567
17	29683921	29684162	14522
17	29684275	29684397	20476
17	29685447	29685688	26040
17	29685918	29686069	13373
17	29687491	29687732	17722
17	29694208	29694329	13135
17	29700980	29701493	51613
17	29701665	29701766	7225
17	29701775	29701885	5789
17	29702039	29702140	6192
17	29702321	29702422	8688
17	29702560	29702661	7142
17	29702770	29702959	20770
17	29704097	29704197	3472
17	29704244	29704345	4214
17	29704389	29704584	13017
17	29704624	29704725	7445
17	29708804	29708993	13665
17	29718861	29719084	188
17	29758783	29758934	6942
17	29761034	29761155	5304
17	29764430	29764530	5436
17	29815225	29815325	0
17	29836042	29836143	9437
17	29844651	29844905	15766
17	29848129	29848400	29658
17	29848878	29849119	19501
17	29849334	29849455	17191
17	29850518	29850669	14142
17	29850901	29851024	4376
17	29852056	29852285	27776
17	29854839	29854960	12225
17	29855341	29855836	59684
17	29857294	29857535	24859
17	29858570	29858811	11335
17	29859046	29859147	12144
17	29859406	29859507	14850
17	29864105	29864253	29180
17	29864392	29864493	8182
17	29864755	29864856	8273
17	29886990	29887127	11615
17	29898151	29898392	16945
17	29899076	29899203	18161
17	29902362	29902723	28498
17	30179091	30179353	24812
17	30179788	30180073	29631
17	30183759	30183910	25521
17	30185746	30185867	8366
17	30186110	30186327	0
17	30190335	30190576	6105
17	30192359	30192480	6249
17	30195006	30195157	5752
17	30200387	30200516	8857
17	30200640	30200791	12363
17	30202191	30202462	23744
17	30205246	30205367	6951
17	30205699	30205820	10400
17	30207561	30207802	18045
17	30211392	30211543	12981
17	30212978	30213099	12147
17	30214232	30214353	6730
17	30216211	30216482	14861
17	30219219	30219370	11869
17	30219698	30219849	5332
17	30221648	30221769	6222
17	30221948	30222069	4061
17	30226615	30226766	3096
17	30228539	30228660	5163
17	30263814	30264074	893
17	30264205	30264576	9762
17	30264851	30264972	95003
17	30267266	30267387	21823
17	30267411	30267532	16547
17	30274608	30274729	12364
17	30293129	30293250	15805
17	30300147	30300268	12089
17	30302465	30302742	11622
17	30303525	30303676	9225
17	30310008	30310133	15960
17	30315306	30315547	15823
17	30320245	30320366	2988
17	30320834	30321054	11689
17	30321540	30321781	14666
17	30322560	30322801	17273
17	30323786	30323909	11182
17	30325667	30326032	13388
17	30327189	30327290	2765
17	30327714	30327814	12758
17	30327910	30328011	9974
17	30330126	30330344	26692
17	30332553	30332654	9252
17	30335051	30335151	4971
17	30344981	30345082	9175
17	30348073	30349904	336205
17	30351704	30351825	32591
17	30354737	30354873	42094
17	30357649	30357770	15654
17	30358375	30358526	31692
17	30361903	30362024	9193
17	30362559	30362680	16370
17	30367574	30367953	51777
17	30368040	30368468	61636
17	30372656	30372869	129620
17	30374728	30375100	62081
17	30376085	30376446	99842
17	30377012	30377343	34366
17	30380224	30380375	11265
17	30415128	30415279	60441
17	30415884	30416005	22672
17	30418795	30418916	36853
17	30421855	30421976	38543
17	30434297	30434417	30068
17	30458173	30458273	3640
17	30469299	30469789	6588
17	30469984	30470105	22384
17	30470222	30470323	9888
17	30470653	30470754	6135
17	30477556	30477707	20521
17	30497986	30498141	8278
17	30500829	30500950	4304
17	30502298	30502419	5449
17	30502946	30503067	16341
17	30503131	30503256	8391
17	30509738	30509894	10906
17	30510149	30510301	9659
17	30519207	30519328	13655
17	30520145	30520298	15713
17	30520944	30521163	38001
17	30525946	30526067	8821
17	30526375	30526616	20966
17	30527963	30528085	8808
17	30529779	30529974	14559
17	30530889	30531010	4871
17	30533867	30534108	20719
17	30535105	30535346	16418
17	30536355	30536476	11473
17	30538074	30538315	24547
17	30549808	30549921	5021
17	30551625	30552034	35290
17	30552174	30552274	6453
17	30552419	30552520	7479
17	30593199	30593329	0
17	30594871	30594992	26781
17	30611635	30611876	19297
17	30615771	30616045	13725
17	30621265	30621506	40591
17	30625075	30625233	15741
17	30632348	30632470	9290
17	30643189	30643340	8780
17	30647931	30648421	40928
17	30651283	30651384	9702
17	30651450	30651550	5758
17	30658768	30659009	15212
17	30660366	30660585	13558
17	30661434	30661675	37250
17	30661764	30661885	15247
17	30662280	30662521	17895
17	30664883	30665005	8925
17	30665177	30665419	6998
17	30666773	30667014	14223
17	30668201	30668322	19143
17	30668999	30669259	25730
17	30677083	30677384	107760
17	30678592	30678693	14947
17	30678746	30678987	28999
17	30685469	30685686	15926
17	30687579	30687820	17671
17	30687857	30688008	8342
17	30688449	30688570	6228
17	30689906	30690027	10991
17	30692306	30692547	21112
17	30693668	30693789	9653
17	30694730	30695091	40951
17	30696242	30696513	27183
17	30696546	30697078	36254
17	30697187	30697448	15971
17	30700394	30700495	4084
17	30704922	30705023	9916
17	30707150	30707251	5997
17	30712080	30712181	2550
17	30714715	30714836	9734
17	30771464	30771683	11444
17	30773922	30774074	7653
17	30781453	30781694	30866
17	30791041	30791162	15989
17	30791506	30791627	17227
17	30795962	30796233	46753
17	30800782	30801010	17284
17	30801720	30801871	8706
17	30804508	30804629	11910
17	30806180	30806451	21340
17	30806825	30806946	8240
17	30807128	30807249	10440
17	30807456	30807697	19756
17	30807796	30807990	12136
17	30814591	30818310	272544
17	30819590	30819796	10990
17	30819833	30819934	7940
17	30819970	30820071	7097
17	30821515	30821616	8088
17	30821703	30821977	25837
17	30921523	30921623	13844
17	30924085	30924186	8862
17	30932060	30932301	53239
17	30965730	30965863	14901
17	30980821	30980975	12225
17	30981445	30981686	14731
17	30986123	30986366	43742
17	31038973	31039229	20053
17	31047972	31048243	23803
17	31065215	31065456	9550
17	31072204	31072325	7883
17	31075897	31076048	14122
17	31082473	31082714	14255
17	31087075	31087196	9334
17	31087243	31087692	28974
17	31091876	31092117	19823
17	31094590	31094831	2923
17	31098099	31098250	7706
17	31099772	31099893	8014
17	31102843	31103084	21860
17	31105453	31105604	24514
17	31107546	31107817	46929
17	31203781	31203902	3641
17	31258490	31258731	12581
17	31260136	31260377	25902
17	31261234	31261385	26046
17	31263286	31263527	26031
17	31266463	31266584	17262
17	31267756	31268027	24137
17	31318882	31319033	8217
17	31319943	31320064	13462
17	31322399	31322760	28213
17	31323818	31324059	25592
17	31324440	31324561	6033
17	31324701	31324822	8387
17	31340549	31340650	9980
17	31340671	31340772	15898
17	31340972	31341094	7811
17	31342931	31343082	17809
17	31344601	31344722	5900
17	31348221	31348342	3983
17	31350834	31351075	22116
17	31352910	31353031	2522
17	31355213	31355454	38403
17	31415823	31416064	13569
17	31438888	31439129	18651
17	31440938	31441039	9841
17	31612379	31612479	11028
17	31618416	31619224	80085
17	32201206	32201487	18407
17	32364605	32364726	10378
17	32475008	32475109	2111
17	32482972	32483573	59721
17	32582345	32582466	8798
17	32583178	32583419	16755
17	32583702	32583856	11361
17	32583912	32584012	4654
17	32597211	32597452	9902
17	32598102	32598343	14646
17	32598677	32598831	15209
17	32598900	32599001	8283
17	32612774	32612925	6564
17	32614079	32614236	18893
17	32614565	32614719	5130
17	32646422	32646663	10847
17	32647225	32647466	21298
17	32647811	32647936	7753
17	32683522	32683643	6612
17	32684429	32684670	15876
17	32685006	32685160	8616
17	32685551	32685651	9553
17	32687400	32687500	8996
17	32687567	32687690	10550
17	32688768	32688925	15460
17	32690051	32690202	15359
17	32904536	32904732	19749
17	32905823	32906334	26784
17	32907989	32908179	16553
17	32953133	32954094	65482
17	32955533	32955774	19747
17	32956005	32956246	21111
17	32956977	32957218	9685
17	32959674	32959945	29763
17	32961750	32962141	35595
17	32963000	32963241	21563
17	32964152	32965263	35216
17	32965626	32965765	23850
17	32965994	32966095	5919
17	32966211	32966312	5145
17	33255040	33255161	13626
17	33255955	33256076	9820
17	33257955	33258080	5683
17	33259331	33259572	20917
17	33266168	33266395	13394
17	33266622	33266743	3742
17	33267537	33267658	7644
17	33269461	33269702	12751
17	33269778	33269935	11671
17	33278959	33279082	5263
17	33281410	33281630	24088
17	33285524	33285765	17522
17	33286576	33286697	6732
17	33288192	33288463	24917
17	33288524	33290206	124814
17	33307554	33307655	7602
17	33309996	33310597	33513
17	33312957	33313198	28023
17	33316432	33316703	10802
17	33317936	33318177	11927
17	33318651	33318892	11749
17	33318924	33319075	10969
17	33319505	33319746	26105
17	33321251	33321492	28261
17	33322997	33323268	14869
17	33323571	33323692	12886
17	33324739	33324860	9525
17	33325215	33325336	37081
17	33325533	33325804	26317
17	33326275	33326516	11396
17	33326746	33326897	5946
17	33328197	33328468	35824
17	33328874	33329145	13735
17	33329638	33329867	10660
17	33329949	33330100	7094
17	33331282	33331535	24375
17	33336113	33336230	7473
17	33336895	33336996	7560
17	33338911	33339197	18504
17	33341679	33341830	7406
17	33343372	33343613	30073
17	33344522	33344643	5111
17	33348323	33348834	35827
17	33353361	33353602	22271
17	33396267	33396367	8416
17	33427952	33428073	15809
17	33428150	33428421	25454
17	33430246	33430367	11459
17	33430426	33430577	9331
17	33433111	33433352	21529
17	33433391	33433512	5948
17	33433952	33434193	18033
17	33434364	33434485	9486
17	33440521	33440707	7949
17	33442249	33442370	19861
17	33443877	33444108	25969
17	33445457	33445698	26758
17	33446069	33446220	10911
17	33446500	33446651	21867
17	33448260	33448361	13709
17	33448695	33448936	10807
17	33454007	33454488	45158
17	33456347	33456738	26643
17	33457255	33457496	15965
17	33457618	33457730	6683
17	33459336	33459521	9921
17	33460133	33460284	24361
17	33460286	33460557	33428
17	33462217	33462488	36472
17	33463119	33463270	22848
17	33463297	33463568	23302
17	33463964	33464235	18720
17	33464549	33464670	2470
17	33464809	33464930	5663
17	33466232	33466353	5400
17	33466825	33467096	21258
17	33468948	33469189	6352
17	33469224	33469345	880
17	33475215	33475486	15279
17	33475948	33476069	10609
17	33477033	33477274	34588
17	33478114	33478265	617
17	33479865	33480016	12823
17	33481555	33481796	28970
17	33482277	33482518	31748
17	33486327	33486598	20810
17	33490948	33491219	20036
17	33495048	33495402	21081
17	33496841	33496962	6415
17	33497055	33497326	27741
17	33498289	33498530	26405
17	33501203	33501444	20676
17	33502958	33503079	7846
17	33504001	33504159	21244
17	33504450	33504691	13991
17	33507485	33507756	18748
17	33510402	33510643	37806
17	33513288	33513646	27642
17	33513903	33514004	35973
17	33518629	33518750	8778
17	33520276	33521448	274011
17	33541605	33542173	66008
17	33543155	33543307	18441
17	33543678	33543777	6640
17	33544223	33544324	6957
17	33544688	33544788	3366
17	33545499	33545619	14414
17	33546137	33546237	4440
17	33547905	33548012	3185
17	33548446	33548546	3055
17	33548988	33549089	11220
17	33550334	33550435	5866
17	33550575	33550676	3595
17	33585674	33586755	63781
17	33587901	33588157	26020
17	33591110	33591981	58931
17	33592077	33592918	72137
17	33679345	33680192	95087
17	33680295	33681122	89399
17	33687204	33687445	19076
17	33689748	33690836	132641
17	33738320	33738956	65701
17	33747255	33747410	6030
17	33748986	33750067	117633
17	33767578	33768419	86002
17	33768522	33769363	145305
17	33770752	33770993	25481
17	33771624	33772709	95474
17	33801932	33802561	92556
17	33805027	33805268	15558
17	33806113	33807215	140252
17	33814701	33814802	24755
17	33825576	33825697	29988
17	33849297	33849409	16271
17	33849677	33849777	14804
17	33875257	33876093	94836
17	33878364	33878485	14961
17	33879748	33880464	34789
17	33881594	33881724	6463
17	33884021	33885082	136483
17	33900662	33900783	21769
17	33901878	33901978	7413
17	33902609	33902710	7588
17	33902759	33903240	51115
17	33904032	33904633	37076
17	33904856	33905097	23859
17	33921006	33921127	4390
17	33925210	33925364	13606
17	33932670	33932911	29519
17	33935072	33935463	35668
17	33951359	33951630	33673
17	33953629	33953871	13256
17	33954342	33954583	35809
17	33954636	33954757	19123
17	33963296	33963537	20443
17	33966575	33966816	26825
17	33968883	33969004	4904
17	33977497	33977858	74647
17	33984592	33984833	34970
17	33997805	33997956	17127
17	33998694	33998965	29345
17	34001146	34001387	20837
17	34009661	34009888	35606
17	34036223	34036344	17587
17	34037234	34037355	5464
17	34044169	34044410	21068
17	34050619	34050740	11639
17	34051004	34051155	10445
17	34052720	34052820	3709
17	34062056	34062431	45574
17	34067368	34067609	45272
17	34067977	34068368	11945
17	34068955	34069137	13646
17	34069522	34069642	15596
17	34070087	34070187	11865
17	34070282	34070383	12777
17	34070465	34070566	9667
17	34071852	34073440	152570
17	34073949	34074340	25928
17	34074854	34074975	8077
17	34076119	34076246	8306
17	34077035	34077396	15693
17	34079405	34079916	39407
17	34087905	34088026	7913
17	34091016	34091355	5040
17	34091419	34091660	11414
17	34093474	34093955	48820
17	34093986	34094107	13111
17	34094754	34094974	5483
17	34095202	34095443	16001
17	34097027	34097388	4490
17	34100115	34100476	45416
17	34105857	34106105	23140
17	34106226	34106347	15149
17	34122204	34122445	6429
17	34136470	34136636	6953
17	34144678	34144799	5444
17	34146992	34147113	7144
17	34147148	34147269	15320
17	34147297	34147451	10758
17	34149589	34149860	25040
17	34151020	34151261	27779
17	34160866	34160987	5587
17	34161524	34161645	14250
17	34163126	34163255	7226
17	34165371	34165612	18209
17	34169325	34169476	13972
17	34171030	34171181	30807
17	34171266	34172080	101950
17	34173868	34174065	28195
17	34174135	34174264	7720
17	34182057	34182424	60978
17	34182619	34182770	13073
17	34183141	34183262	9952
17	34183711	34183832	6195
17	34185112	34185383	27942
17	34185391	34185542	11142
17	34185831	34186102	25381
17	34189942	34190183	33199
17	34190440	34190591	14001
17	34191216	34191337	9564
17	34191437	34191588	17766
17	34191706	34191947	62269
17	34192188	34192429	21143
17	34193691	34193812	11680
17	34195641	34195762	35796
17	34199363	34199484	16177
17	34205522	34205653	12082
17	34207180	34207331	16573
17	34245335	34245457	3144
17	34247172	34247293	9643
17	34249456	34249727	12473
17	34251540	34251811	10106
17	34252458	34252699	11620
17	34257018	34257296	7729
17	34257592	34257743	17460
17	34261743	34261894	9823
17	34263706	34263857	13784
17	34264719	34264960	5123
17	34266139	34266410	23562
17	34304533	34304804	58050
17	34305087	34305358	25287
17	34308357	34308478	7967
17	34310789	34310940	24703
17	34311309	34311550	27456
17	34312757	34312857	9652
17	34313584	34313705	6010
17	34324758	34324909	10778
17	34325306	34325437	14757
17	34325870	34325991	7211
17	34328432	34328553	7441
17	34340201	34340358	13804
17	34340745	34340986	21385
17	34341342	34341463	10206
17	34344835	34344956	8233
17	34391644	34391795	15798
17	34397771	34397928	10194
17	34398264	34398415	33381
17	34416001	34416122	37179
17	34416464	34416706	54033
17	34417306	34417427	29243
17	34431275	34431396	53652
17	34431856	34432098	47209
17	34432570	34432721	22251
17	34433600	34433772	14956
17	34441215	34442168	23632
17	34484288	34484388	50437
17	34493273	34494001	435509
17	34494860	34495121	215771
17	34495412	34495534	190841
17	34495959	34496080	107611
17	34496423	34496545	154813
17	34497187	34497429	58981
17	34497875	34497997	164586
17	34499147	34499388	243643
17	34499585	34499826	176047
17	34500182	34500304	75642
17	34500697	34500846	100052
17	34502071	34502192	71812
17	34502313	34502434	42281
17	34503790	34504031	122168
17	34522668	34522789	56420
17	34522942	34523063	24203
17	34523132	34523373	57720
17	34523746	34523867	66275
17	34523973	34524094	82456
17	34538520	34538641	68457
17	34539113	34539354	95416
17	34539685	34539987	44400
17	34541890	34542036	93164
17	34560534	34560635	62111
17	34561883	34562004	57237
17	34576964	34577085	52630
17	34581298	34582026	440249
17	34582904	34583165	259355
17	34583456	34583578	185320
17	34584003	34584124	81281
17	34584467	34584589	159649
17	34585231	34585473	153321
17	34585919	34586041	167149
17	34587191	34587432	79063
17	34587629	34587870	103689
17	34588227	34588349	72460
17	34588742	34588891	101451
17	34590116	34590237	232660
17	34590357	34590478	128457
17	34591834	34592075	80291
17	34610711	34610832	378
17	34610985	34611106	26807
17	34611175	34611356	18481
17	34611470	34611571	10899
17	34624242	34624363	57104
17	34624516	34624637	50464
17	34624706	34624947	71091
17	34625320	34625441	42087
17	34625547	34625668	55304
17	34640086	34640207	78423
17	34640679	34640920	76453
17	34641316	34641553	50525
17	34643457	34643603	92638
17	34663445	34663566	58763
17	34737031	34737131	67583
17	34741998	34742119	42636
17	34746332	34747060	473072
17	34747920	34748162	292502
17	34748476	34748598	202770
17	34749023	34749144	94567
17	34749487	34749610	188445
17	34750248	34750490	129878
17	34750936	34751058	146589
17	34752204	34752445	56013
17	34752642	34752883	97857
17	34753239	34753361	121656
17	34753754	34753903	102757
17	34755127	34755248	68532
17	34755368	34755489	125802
17	34756845	34757086	95868
17	34793050	34793171	42843
17	34797384	34798112	572307
17	34798971	34799213	308995
17	34799527	34799649	209810
17	34800074	34800195	105542
17	34800538	34800661	202562
17	34801299	34801541	132761
17	34801987	34802109	171213
17	34803255	34803496	79146
17	34803693	34803934	106065
17	34804290	34804412	139628
17	34804805	34804954	100323
17	34806179	34806300	72915
17	34806421	34806542	44973
17	34807898	34808139	59160
17	34842495	34842646	18147
17	34842734	34842885	2306
17	34848608	34848793	22201
17	34849748	34849869	10729
17	34851036	34851277	38385
17	34851994	34852292	53620
17	34854075	34854436	29661
17	34854900	34855021	17002
17	34856448	34856854	37725
17	34856870	34857111	17191
17	34858913	34859108	22785
17	34859757	34859880	5494
17	34860952	34861309	35293
17	34862249	34862490	33867
17	34862768	34863009	25676
17	34863173	34863414	31705
17	34863581	34863822	13332
17	34864876	34864997	8300
17	34866549	34866790	25637
17	34867187	34867308	8951
17	34869158	34869399	34818
17	34869458	34869579	12492
17	34870218	34870459	15959
17	34870929	34871050	17621
17	34871645	34871886	16938
17	34880994	34881235	29922
17	34883334	34883575	18242
17	34883842	34884056	17273
17	34888301	34888422	19145
17	34892926	34895151	179948
17	34900818	34900919	9740
17	34901443	34901679	9198
17	34901736	34901835	7681
17	34910639	34910760	18100
17	34912868	34913229	50913
17	34916600	34916721	10822
17	34923492	34923625	23749
17	34923701	34923801	8159
17	34931819	34931919	5411
17	34934284	34934634	24724
17	34935640	34935881	35806
17	34937749	34937990	8945
17	34941683	34941924	17486
17	34942211	34942673	32588
17	34943345	34943730	21739
17	34945322	34945422	10080
17	34945618	34945859	13499
17	34945874	34946143	36463
17	34946169	34946286	9022
17	34948391	34948632	387
17	34951354	34951625	25307
17	34953196	34953317	17290
17	34954547	34954698	19937
17	34955293	34955534	8857
17	34956054	34956205	13380
17	34956342	34956493	21619
17	34956550	34956751	22666
17	34958179	34958810	94976
17	34958937	34959088	13872
17	34964046	34964514	47104
17	34964613	34964884	18099
17	34969768	34969868	3705
17	35295458	35295699	16664
17	35297549	35297823	14557
17	35297834	35298457	53096
17	35299458	35299699	6897
17	35300015	35300478	11841
17	35306409	35306530	7410
17	35307458	35307729	35697
17	35310149	35310630	48032
17	35311017	35311258	13927
17	35343851	35344092	27877
17	35345797	35346038	14053
17	35346476	35346747	31308
17	35348053	35348174	12391
17	35350584	35350685	7969
17	35350823	35350923	13199
17	35376276	35376397	9665
17	35378181	35378332	11746
17	35388885	35389006	16841
17	35391026	35391126	19080
17	35413841	35413992	10234
17	35441903	35442004	3342
17	35442691	35442792	11356
17	35443732	35443833	4495
17	35443986	35444087	16503
17	35444191	35444432	18686
17	35445789	35446060	28623
17	35452231	35452331	3371
17	35453894	35454135	15285
17	35454690	35454961	37667
17	35468456	35468588	7539
17	35469990	35470231	15344
17	35478193	35478464	15349
17	35479409	35479560	15341
17	35482605	35482726	2120
17	35486199	35486470	10214
17	35486921	35487192	26130
17	35495652	35495853	20921
17	35497544	35497781	19184
17	35497864	35498188	32081
17	35500779	35500900	15393
17	35503501	35503601	3624
17	35506751	35506908	11130
17	35508164	35508405	10850
17	35512592	35512713	7890
17	35518648	35519009	27917
17	35532975	35533075	5872
17	35536152	35536393	18806
17	35538098	35538339	31756
17	35545167	35545438	57652
17	35548017	35548258	35330
17	35549017	35549258	26107
17	35550274	35550395	6133
17	35557042	35557163	7297
17	35557306	35557457	5776
17	35562669	35562796	5202
17	35563683	35563804	4401
17	35564521	35564762	23507
17	35567331	35567452	13621
17	35578582	35578823	16114
17	35580386	35580537	8155
17	35581880	35582036	7862
17	35583225	35583383	16157
17	35591830	35592071	30246
17	35597344	35597495	8259
17	35598857	35598979	3878
17	35600259	35600500	14869
17	35601455	35601696	28485
17	35601911	35602182	16717
17	35603695	35603936	31151
17	35604886	35605127	14618
17	35605496	35605617	3666
17	35608891	35609044	7674
17	35609765	35610006	17203
17	35614585	35614826	16308
17	35615093	35615334	19363
17	35616215	35616486	23800
17	35620541	35620812	20420
17	35627632	35627762	9602
17	35631074	35631200	16695
17	35632801	35632952	16532
17	35633905	35634026	5284
17	35634779	35634908	25135
17	35640115	35640356	26373
17	35641653	35641924	18954
17	35646365	35646486	13743
17	35656169	35656290	4209
17	35687057	35687418	34096
17	35692283	35692404	14640
17	35696725	35696846	19750
17	35733002	35733123	8295
17	35734798	35734919	2599
17	35736036	35736377	11581
17	35742883	35743124	22738
17	35745545	35745786	41145
17	35746117	35746348	18114
17	35748577	35748699	10926
17	35766279	35766545	21668
17	35771395	35771519	8773
17	35783438	35783559	14471
17	35783599	35783725	11518
17	35787017	35787138	6752
17	35797793	35797944	34457
17	35800563	35800804	25250
17	35802647	35802768	12203
17	35804765	35804886	9727
17	35818580	35818731	7611
17	35822142	35822263	13660
17	35825525	35825741	19718
17	35827532	35827653	5710
17	35830448	35830689	18457
17	35831128	35831279	11160
17	35834636	35834757	7047
17	35836873	35837114	12811
17	35872281	35873604	101708
17	35878708	35878809	8326
17	35878957	35879228	13471
17	35880238	35880359	4942
17	35880604	35880761	9260
17	35889868	35889969	2832
17	35896033	35896274	28405
17	35898412	35898533	4735
17	35899259	35899380	10631
17	35900442	35900683	32248
17	35902064	35902677	58651
17	35913191	35914171	122101
17	35921266	35921387	11676
17	35921510	35921751	24703
17	35928838	35929079	16178
17	35930678	35931039	18960
17	35931866	35932107	28787
17	35936386	35936537	9114
17	35937468	35937721	16664
17	35939197	35939558	22265
17	35944569	35944930	27305
17	35945423	35945548	7687
17	35946440	35946711	20347
17	35956209	35956450	27824
17	35960368	35960637	11672
17	35969303	35969424	330
17	35973816	35973916	10421
17	35974308	35974429	8949
17	35978321	35978442	20758
17	35979787	35979908	2232
17	35980894	35981015	7927
17	35981125	35981366	16018
17	35981382	35981623	8467
17	35984343	35984494	7342
17	35985921	35986162	21125
17	35986778	35986929	11932
17	35988595	35988726	9319
17	35990010	35990251	20518
17	35992114	35992355	33616
17	35993261	35993481	21399
17	36002116	36002357	30500
17	36003314	36003465	17972
17	36047323	36047444	9709
17	36058989	36059260	41175
17	36060963	36061204	13861
17	36064868	36065109	44457
17	36070439	36070710	30076
17	36088699	36088799	6971
17	36090052	36090152	10944
17	36091430	36091831	33155
17	36093500	36093861	48411
17	36099409	36099650	48245
17	36104492	36104885	70470
17	36207005	36207106	5606
17	36213920	36214127	15467
17	36214741	36214848	4479
17	36233821	36233931	6049
17	36243557	36243658	7701
17	36248500	36248601	7241
17	36283922	36284163	84226
17	36285519	36285640	174419
17	36285760	36285881	254290
17	36287106	36287255	104544
17	36287648	36287770	108640
17	36288126	36288367	392002
17	36288564	36288805	318337
17	36289956	36290078	164128
17	36290524	36290766	142710
17	36291404	36291527	210556
17	36291870	36291991	104423
17	36292416	36292538	204965
17	36292833	36293094	333189
17	36293972	36294700	435161
17	36299460	36299561	11263
17	36314028	36314128	36242
17	36318493	36318601	65132
17	36328625	36328725	25973
17	36332763	36332863	3412
17	36334214	36334315	28855
17	36337924	36338652	411872
17	36339530	36339791	379856
17	36340086	36340208	215890
17	36340633	36340754	102481
17	36341097	36341220	218606
17	36341858	36342100	144990
17	36342546	36342668	135727
17	36343819	36344060	309926
17	36344257	36344498	99735
17	36344854	36344976	129698
17	36345369	36345519	89406
17	36346743	36346864	236332
17	36346984	36347105	173442
17	36348461	36348702	196167
17	36351905	36352026	37942
17	36352351	36352594	48959
17	36353562	36353803	112608
17	36357094	36357337	76817
17	36358066	36358203	26092
17	36358286	36358407	54428
17	36358841	36359073	154637
17	36361650	36361870	59896
17	36364994	36365235	105153
17	36375077	36375198	29045
17	36398198	36398320	54406
17	36412844	36413260	49407
17	36453091	36453242	32901
17	36454382	36454623	34414
17	36455254	36455495	18003
17	36462487	36462608	19149
17	36474548	36474669	12902
17	36476425	36476696	20298
17	36477944	36478215	27148
17	36478373	36478494	11669
17	36482296	36487466	647473
17	36489055	36489326	13640
17	36489806	36489958	15812
17	36490504	36490775	20983
17	36490823	36491214	29226
17	36491464	36491593	4680
17	36491901	36492052	7409
17	36492851	36493106	21835
17	36493468	36493619	8372
17	36495290	36495421	12151
17	36498824	36499695	77392
17	36507935	36508925	26147
17	36517564	36517685	7161
17	36520595	36520749	10412
17	36521180	36521302	5184
17	36522113	36522354	22636
17	36523727	36523968	22728
17	36533482	36533723	17759
17	36551508	36551749	20149
17	36552009	36552285	21188
17	36555855	36556036	9086
17	36613611	36613712	18940
17	36614345	36614507	14188
17	36617112	36617212	4717
17	36619084	36619199	7932
17	36619347	36619448	10183
17	36619545	36619646	8402
17	36622407	36623601	81898
17	36625341	36625582	32243
17	36625699	36625940	29373
17	36626055	36626176	16506
17	36628054	36628295	58487
17	36633774	36634165	39769
17	36635646	36635767	25291
17	36635937	36636178	23559
17	36638202	36638428	26939
17	36638720	36638961	27551
17	36642280	36642401	14300
17	36646318	36646439	12958
17	36646686	36646807	32566
17	36647589	36647830	54767
17	36653986	36654107	16928
17	36654642	36654763	12656
17	36655134	36655291	11312
17	36656804	36656904	5095
17	36666179	36667209	4877
17	36667295	36667416	6706
17	36687402	36687541	4909
17	36687569	36687771	557
17	36688066	36688182	5055
17	36688596	36688697	5594
17	36689477	36689718	5738
17	36699318	36699418	8059
17	36700009	36700250	24490
17	36701109	36701694	37989
17	36703994	36704117	764
17	36704747	36704988	19808
17	36705247	36705488	19732
17	36707326	36707687	28342
17	36707982	36708424	34172
17	36708635	36708876	27537
17	36708904	36709145	32118
17	36714429	36714670	36170
17	36715793	36716034	2262
17	36716250	36716383	10968
17	36716553	36716674	10803
17	36717671	36718595	4640
17	36719048	36719169	11595
17	36719536	36720033	29763
17	36720330	36720571	7426
17	36724407	36724528	8401
17	36731122	36731272	2939
17	36734713	36735094	12053
17	36752300	36752401	10883
17	36760731	36760855	8892
17	36761897	36761997	669
17	36829577	36831188	9728
17	36861876	36862004	6728
17	36863181	36863302	6450
17	36863674	36863825	6761
17	36864006	36864135	5821
17	36865394	36865545	13749
17	36865720	36865841	12039
17	36868062	36868303	16792
17	36868901	36869052	6609
17	36869163	36869404	11515
17	36871819	36872203	56692
17	36872535	36873286	103570
17	36873624	36873925	20142
17	36874088	36874216	14836
17	36875741	36875862	12868
17	36875954	36876195	4334
17	36876599	36876832	19540
17	36876864	36877108	38311
17	36878063	36878497	4049
17	36878914	36879035	6481
17	36880804	36881263	41554
17	36881739	36881890	7607
17	36882163	36882264	7646
17	36882497	36882598	10778
17	36882826	36882927	4508
17	36883080	36883181	4726
17	36883220	36883320	8946
17	36883423	36883524	10454
17	36885037	36885138	20559
17	36885748	36886074	10737
17	36886585	36886685	0
17	36886980	36887080	5353
17	36887572	36887693	8851
17	36889528	36889709	14444
17	36890409	36890509	3446
17	36890513	36890614	5187
17	36890862	36890990	8109
17	36891236	36891374	21586
17	36891423	36891904	68904
17	36892321	36892442	4186
17	36894592	36894713	13324
17	36894721	36894872	6220
17	36894968	36895124	7657
17	36895254	36895538	18374
17	36895795	36895946	18685
17	36896534	36896695	12325
17	36899892	36899993	3768
17	36904127	36904228	10678
17	36904448	36904561	139
17	36908989	36909140	8813
17	36909373	36909614	23510
17	36912126	36912253	14577
17	36916651	36916892	25708
17	36918619	36918770	16704
17	36920304	36920455	14148
17	36922066	36922230	10731
17	36922659	36922759	12800
17	36922813	36922997	21033
17	36923651	36923804	1273
17	36925119	36925220	3825
17	36925871	36926043	16672
17	36926679	36926802	12824
17	36927218	36927579	69862
17	36933905	36934063	25934
17	36934514	36934665	10100
17	36935557	36935828	20711
17	36936659	36936900	25057
17	36940482	36940603	8854
17	36943063	36943184	17672
17	36955475	36955687	27481
17	36958226	36958521	19983
17	36958912	36959153	31131
17	36962537	36962658	14005
17	36963002	36963243	33686
17	36965925	36966046	6228
17	36966680	36966858	6947
17	36969021	36969142	19358
17	36971050	36971411	21168
17	36977118	36977359	25813
17	36981366	36981487	7469
17	36991369	36991640	29622
17	36993382	36993503	12692
17	36997417	36997658	15575
17	37004182	37004320	6708
17	37006355	37006477	6480
17	37006605	37006738	7979
17	37008769	37009376	56352
17	37009428	37009549	7352
17	37009691	37009812	8444
17	37009865	37010016	4389
17	37026385	37026536	16693
17	37034324	37034445	8747
17	37046653	37046774	4248
17	37054655	37054782	9560
17	37070531	37070772	21337
17	37071256	37071409	29903
17	37074793	37075125	31655
17	37076666	37076767	8962
17	37077064	37077164	13516
17	37077505	37077606	6242
17	37077751	37077851	3484
17	37093364	37093592	7882
17	37094784	37095025	21080
17	37098980	37099221	17681
17	37099794	37100035	22133
17	37101179	37101420	18034
17	37107824	37107952	4723
17	37111086	37111207	4670
17	37113406	37113527	18345
17	37118093	37118334	26689
17	37119066	37119307	11169
17	37134478	37134931	20149
17	37135605	37135705	4864
17	37136825	37136926	9112
17	37137075	37137230	8379
17	37141253	37141353	5391
17	37141415	37141520	2281
17	37141714	37141895	17187
17	37142007	37142171	7926
17	37142485	37142586	11960
17	37143943	37144411	48386
17	37183826	37184049	15395
17	37186149	37186885	83287
17	37187625	37188706	280375
17	37190408	37190508	27300
17	37198714	37198814	24671
17	37199441	37199542	42886
17	37200133	37200233	4556
17	37219674	37219799	5062
17	37224001	37224272	23694
17	37226067	37226308	24880
17	37228659	37228780	6990
17	37234112	37234353	31984
17	37235295	37235446	10735
17	37235676	37235797	8811
17	37237192	37237561	16006
17	37239661	37239812	10467
17	37243816	37243967	12549
17	37253147	37253268	13950
17	37262065	37262216	10513
17	37263587	37264037	19971
17	37264285	37264556	20368
17	37265130	37265251	10769
17	37265451	37265692	40625
17	37287944	37288305	48034
17	37295874	37296115	19819
17	37307591	37307712	597
17	37309243	37309344	9210
17	37313120	37313221	6325
17	37316790	37317031	32432
17	37317501	37317622	7501
17	37318926	37319157	20352
17	37321300	37321421	9568
17	37321930	37322051	13455
17	37330121	37330377	32133
17	37330438	37330539	9071
17	37330545	37330716	8299
17	37331096	37331197	9435
17	37331304	37331920	24371
17	37333461	37333822	55123
17	37334223	37334344	5312
17	37339913	37340161	17458
17	37340247	37340403	8882
17	37340545	37340666	5969
17	37340985	37341136	9131
17	37341301	37341443	5477
17	37342158	37342399	10343
17	37342719	37342846	20273
17	37342962	37343233	21624
17	37343682	37343902	22659
17	37347675	37347906	37063
17	37351088	37351239	13031
17	37353645	37353766	9572
17	37356538	37356659	15267
17	37357427	37357582	16718
17	37358509	37358750	19675
17	37359150	37359421	22711
17	37360293	37360450	18734
17	37360718	37360959	19992
17	37366754	37366982	20959
17	37367881	37368012	6788
17	37368535	37368659	3916
17	37369165	37369436	11910
17	37369724	37369875	5463
17	37370443	37370594	13921
17	37371017	37371138	7939
17	37371148	37371299	13553
17	37371361	37371493	5457
17	37373046	37373167	8191
17	37373316	37373437	8134
17	37374061	37374452	18847
17	37381649	37381770	11094
17	37416879	37416979	3103
17	37417074	37417175	9730
17	37417222	37417323	12301
17	37417358	37417459	10725
17	37417525	37417626	7782
17	37417675	37417830	8728
17	37420412	37420653	29212
17	37421616	37421737	9766
17	37425040	37425161	7641
17	37427017	37427138	11973
17	37431166	37431407	11754
17	37433161	37433271	2872
17	37433593	37433769	5707
17	37437587	37437738	4376
17	37438893	37439164	17164
17	37441717	37441838	9650
17	37453352	37453473	8348
17	37455228	37455349	6950
17	37457229	37457350	4908
17	37459803	37459924	2767
17	37499402	37499523	10504
17	37499727	37499828	6508
17	37557533	37557699	41955
17	37557786	37557887	356
17	37561484	37561605	5110
17	37563233	37563357	5572
17	37563696	37567024	334301
17	37571269	37571394	16541
17	37571483	37571604	7198
17	37575949	37576190	20567
17	37579517	37579758	25883
17	37579890	37580131	26552
17	37580870	37581001	10021
17	37583937	37584058	4827
17	37587343	37587464	10334
17	37588170	37588291	11452
17	37590476	37590597	6167
17	37595370	37595491	2237
17	37596553	37596962	22822
17	37599750	37599901	3426
17	37604041	37604167	5934
17	37607211	37607362	12364
17	37607413	37607578	7744
17	37618276	37619387	61033
17	37627092	37628053	73021
17	37646746	37647017	10491
17	37648960	37649193	5166
17	37650719	37650957	11588
17	37657476	37657717	27262
17	37665924	37666045	4828
17	37667771	37667893	5881
17	37671961	37672082	6791
17	37673629	37673870	93124
17	37676153	37676394	16174
17	37680911	37681152	19690
17	37682071	37682582	19075
17	37686821	37687579	43829
17	37688062	37688182	10734
17	37759990	37760091	10209
17	37760141	37760242	20987
17	37760479	37760579	9520
17	37760623	37760988	7121
17	37761442	37761578	2046
17	37761642	37762863	41936
17	37775988	37776111	5528
17	37778061	37778182	17234
17	37778307	37778541	19261
17	37783624	37783745	999
17	37785391	37785542	8105
17	37785742	37785863	5945
17	37786126	37786367	20273
17	37790065	37790421	18140
17	37791768	37792153	17808
17	37792671	37792771	5066
17	37809742	37810013	25071
17	37813238	37813359	12370
17	37813975	37814126	11834
17	37814191	37814312	8111
17	37814565	37814836	21460
17	37814961	37815083	4005
17	37815240	37815391	10243
17	37815668	37815819	7589
17	37816403	37816554	13040
17	37816640	37816791	14685
17	37817011	37817162	15298
17	37817194	37817348	20353
17	37818489	37818610	13967
17	37819047	37819235	13845
17	37821576	37821732	7028
17	37821924	37822405	138365
17	37824708	37824949	1977
17	37825864	37826105	49713
17	37826151	37826662	81570
17	37829026	37829147	3398
17	37829284	37829525	17657
17	37829683	37829954	23149
17	37830215	37830336	9492
17	37830839	37830960	5231
17	37840774	37841045	26647
17	37842162	37842283	6834
17	37844055	37844296	2794
17	37856466	37856587	1303
17	37863197	37863438	27516
17	37864529	37864800	26552
17	37865486	37865757	16045
17	37866038	37866159	9022
17	37866275	37866783	18596
17	37868089	37868757	75462
17	37871484	37871635	12741
17	37871652	37871803	14351
17	37871941	37872212	10917
17	37872498	37872739	18300
17	37872751	37872872	8481
17	37873501	37873772	11691
17	37875972	37876123	34308
17	37879519	37879971	34398
17	37880122	37880273	8266
17	37880950	37881191	27881
17	37881258	37881499	24218
17	37881526	37881677	14477
17	37881911	37882152	18286
17	37882802	37882923	7487
17	37883040	37883281	10189
17	37883492	37883853	14512
17	37883908	37884307	25097
17	37885725	37885876	21672
17	37885884	37886035	10443
17	37886421	37886555	12107
17	37886642	37886763	1966
17	37898480	37898751	18957
17	37898772	37899013	14071
17	37899107	37899744	58666
17	37900270	37900511	23443
17	37900796	37900926	13109
17	37901096	37901247	6982
17	37901474	37901595	15892
17	37901611	37901852	20570
17	37901919	37902070	16488
17	37902118	37902269	16578
17	37902317	37902468	17910
17	37902925	37903196	38518
17	37903434	37903535	13887
17	37922033	37922756	99804
17	37933840	37934081	42162
17	37934137	37934263	8710
17	37944501	37944688	6716
17	37947631	37947872	17983
17	37948874	37949235	30976
17	37985599	37985751	14851
17	37988316	37988437	4496
17	37991819	37992255	35080
17	38020284	38020435	16363
17	38024424	38024525	5429
17	38024542	38024693	11833
17	38024743	38024894	14098
17	38026888	38027129	31586
17	38027676	38027917	16214
17	38028510	38028751	12366
17	38029276	38029397	18572
17	38031475	38031716	17986
17	38032877	38033118	26158
17	38033300	38033401	3342
17	38060989	38061260	23226
17	38061652	38061773	7158
17	38062017	38062288	26309
17	38062292	38062563	29413
17	38063135	38063286	4436
17	38064392	38064513	5322
17	38065161	38065312	20346
17	38065941	38066212	29031
17	38068513	38068784	30002
17	38073325	38073579	23415
17	38077285	38077415	8374
17	38078378	38078479	3847
17	38078719	38078990	15218
17	38079289	38079560	28854
17	38080263	38080489	15310
17	38097739	38097840	15204
17	38099714	38099835	9268
17	38100186	38100983	40730
17	38101023	38101144	5614
17	38121926	38122167	14784
17	38122480	38122721	18839
17	38126696	38126910	38040
17	38127763	38127884	8148
17	38128344	38128465	4877
17	38128791	38129010	23619
17	38130011	38130132	9754
17	38130475	38130722	9449
17	38131088	38131329	11638
17	38132152	38132273	5850
17	38133008	38133369	49681
17	38136964	38137472	24404
17	38140490	38140761	31226
17	38142745	38143016	25130
17	38144876	38145123	44880
17	38145965	38146206	15707
17	38146307	38146460	17316
17	38151142	38151608	31833
17	38151637	38151790	9892
17	38152393	38152633	10481
17	38153516	38153667	20036
17	38153704	38153855	15727
17	38154151	38154252	10505
17	38171686	38171807	17805
17	38171890	38172131	18770
17	38172476	38172603	9273
17	38172659	38172930	28432
17	38172978	38173249	35124
17	38173532	38173633	6842
17	38175688	38175959	33914
17	38175990	38176231	13579
17	38176504	38176750	23859
17	38178166	38178317	18965
17	38178630	38178751	11071
17	38178837	38179108	10615
17	38179304	38179695	29919
17	38182345	38182616	17249
17	38182888	38183009	11835
17	38183046	38183317	16975
17	38183585	38183736	13358
17	38183794	38183898	4339
17	38184119	38184240	7330
17	38184998	38185269	33402
17	38185991	38186122	24901
17	38187393	38187514	17592
17	38187740	38187891	5801
17	38188228	38188379	12701
17	38188892	38189025	3104
17	38189262	38189503	21997
17	38189562	38189719	13267
17	38191146	38191302	23819
17	38191334	38191612	38349
17	38191950	38192071	4860
17	38192326	38192447	11842
17	38209530	38209926	27797
17	38219207	38219308	0
17	38230706	38230827	8875
17	38233066	38233217	11010
17	38233749	38233871	10225
17	38240040	38240281	19013
17	38240814	38241085	20236
17	38242911	38243152	13971
17	38244412	38244803	32148
17	38245423	38245945	46416
17	38246126	38246289	11926
17	38249212	38249693	52800
17	38250118	38250389	14578
17	38251132	38251400	22484
17	38251657	38252378	47860
17	38252616	38252887	16090
17	38252926	38253047	6908
17	38253252	38253674	43156
17	38256270	38256391	10293
17	38256899	38257012	10159
17	38278808	38279705	9795
17	38282366	38282727	38358
17	38285123	38285360	4249
17	38285447	38285928	24152
17	38287472	38287598	6222
17	38287752	38287873	12216
17	38287977	38288078	4719
17	38288257	38288378	6061
17	38289267	38289388	7534
17	38289727	38289968	42435
17	38290054	38290175	11844
17	38290515	38290636	15725
17	38296697	38297042	7400
17	38297412	38297533	18898
17	38297780	38297931	33619
17	38303224	38303325	23534
17	38317963	38318432	24829
17	38318914	38319185	16482
17	38319685	38320436	43362
17	38323020	38323180	12446
17	38323686	38323927	36673
17	38324060	38324211	25168
17	38324441	38324682	31633
17	38325486	38325757	20563
17	38325801	38325922	9187
17	38327526	38327721	37220
17	38328164	38328441	47334
17	38334114	38334633	344
17	38337857	38337957	4309
17	38340391	38340662	23354
17	38340820	38340941	9515
17	38345082	38345240	13266
17	38345392	38345663	22289
17	38346673	38346794	16067
17	38346831	38347072	17468
17	38347535	38347768	2460
17	38347817	38347938	2750
17	38348428	38348549	7812
17	38348810	38348961	19039
17	38349148	38349269	8563
17	38349550	38349701	9219
17	38349826	38350146	29343
17	38350156	38350256	6480
17	38350571	38350671	19642
17	38350802	38350902	7622
17	38351199	38351299	3539
17	38351808	38351944	22725
17	38412651	38412802	5627
17	38416737	38417065	42737
17	38418713	38418954	32115
17	38420678	38421459	45744
17	38430025	38430266	14639
17	38433294	38433446	12377
17	38434395	38434687	22311
17	38434730	38434831	12288
17	38435686	38435861	17036
17	38436794	38436894	5589
17	38437117	38437218	8060
17	38437906	38438038	8297
17	38438124	38438224	6454
17	38445610	38445881	35885
17	38447269	38447630	16360
17	38447669	38447940	15601
17	38449674	38449915	19366
17	38450192	38450318	16274
17	38450564	38450805	20140
17	38451220	38451344	7714
17	38451596	38451718	17364
17	38452936	38453073	25742
17	38453165	38453265	18376
17	38456582	38456682	2237
17	38457029	38457300	15653
17	38457638	38457909	23218
17	38458147	38458298	16519
17	38462585	38462686	5861
17	38468845	38468945	3393
17	38469404	38469505	3070
17	38473143	38473244	4631
17	38476470	38476780	21813
17	38479873	38480063	10052
17	38482030	38482156	5537
17	38487408	38487679	12023
17	38487946	38488117	8536
17	38493803	38493903	5439
17	38496480	38496580	7153
17	38496977	38500402	182796
17	38501376	38501476	13673
17	38502758	38502859	4277
17	38504490	38504761	17343
17	38505317	38505422	16522
17	38505955	38506226	26448
17	38507597	38507838	16991
17	38508090	38508361	9178
17	38508549	38508790	6541
17	38509664	38509803	3075
17	38510404	38510504	13266
17	38510534	38510775	30771
17	38511472	38511713	28953
17	38511986	38512087	7843
17	38512218	38513109	54710
17	38513170	38513270	14898
17	38513492	38513592	488
17	38516049	38516150	3177
17	38517225	38517443	10011
17	38519182	38520946	74459
17	38521244	38521345	8672
17	38544282	38544464	12240
17	38545358	38545513	13649
17	38545713	38545954	8565
17	38546195	38546436	24328
17	38547703	38547944	24579
17	38548280	38548651	23326
17	38548791	38549032	24880
17	38551684	38551805	7845
17	38552522	38552745	15094
17	38554790	38554911	13873
17	38554985	38555226	41309
17	38555276	38555397	8649
17	38556100	38556341	14051
17	38556439	38556680	12525
17	38556726	38556967	12322
17	38557036	38557397	21848
17	38559110	38559351	29864
17	38560343	38560805	21683
17	38561027	38561148	7058
17	38562569	38563008	33760
17	38563017	38563232	16264
17	38563742	38563983	9341
17	38564171	38564386	14655
17	38564684	38565045	48998
17	38565081	38565181	6924
17	38565602	38565895	7992
17	38566879	38566980	6144
17	38567308	38568113	72032
17	38568995	38569236	16096
17	38569343	38569613	19243
17	38569696	38569924	12443
17	38572227	38572348	10000
17	38572657	38572778	12460
17	38572948	38573189	30897
17	38573971	38574092	9669
17	38574338	38574459	11413
17	38599978	38600346	4088
17	38609164	38609435	29179
17	38610125	38610366	28034
17	38612616	38612887	15626
17	38633789	38634030	17076
17	38634510	38634631	7429
17	38634774	38634925	19083
17	38635888	38636129	19702
17	38636924	38637159	13124
17	38638328	38638479	6858
17	38638530	38638681	5907
17	38640650	38640918	8348
17	38641154	38641275	12852
17	38643228	38643739	48259
17	38644738	38645249	51948
17	38652216	38652697	32453
17	38710768	38710868	37119
17	38710900	38712131	106820
17	38715108	38715229	8236
17	38721565	38721716	9710
17	38783953	38784054	5409
17	38784253	38784354	5876
17	38784691	38784791	9625
17	38785019	38785260	33094
17	38786399	38786557	14962
17	38786949	38787190	35194
17	38787833	38787955	10386
17	38788411	38788652	22056
17	38792066	38792388	35453
17	38792591	38792832	32259
17	38793722	38793843	12106
17	38798628	38798911	23497
17	38801788	38801909	6149
17	38801979	38802123	9954
17	38804006	38804107	11715
17	38812644	38812892	24508
17	38813550	38813791	31299
17	38813902	38814023	11914
17	38816197	38816469	70292
17	38818080	38818351	23757
17	38821124	38821224	8458
17	38821242	38821404	12269
17	38854479	38854602	7750
17	38854754	38854912	7496
17	38855683	38855924	14487
17	38856191	38856674	69132
17	38857348	38857589	29600
17	38858082	38858203	5347
17	38859276	38859997	47400
17	38904492	38904648	13492
17	38905482	38905603	7167
17	38906589	38906860	33901
17	38907147	38907617	57598
17	38910038	38910309	23244
17	38910617	38910738	13786
17	38911067	38911549	52109
17	38922747	38922962	35139
17	38923810	38923931	12233
17	38925118	38925359	22208
17	38925947	38926413	74827
17	38926431	38926702	13754
17	38927356	38927507	14410
17	38927903	38928384	50801
17	38933199	38933589	27364
17	38933754	38933995	29978
17	38935695	38936152	40305
17	38936478	38936749	15469
17	38937419	38937540	4668
17	38938282	38938763	57043
17	38948628	38948869	16466
17	38949384	38949507	15308
17	38950068	38950309	27465
17	38953109	38953572	36522
17	38954443	38954684	11876
17	38955148	38955269	5492
17	38955679	38956160	29535
17	38974627	38974790	15930
17	38974981	38975530	23672
17	38975756	38975997	27101
17	38976242	38976714	31390
17	38976719	38976960	27274
17	38977266	38977387	12765
17	38978195	38978909	77575
17	38990709	38992527	172441
17	39017900	39018021	4732
17	39018790	39018911	17622
17	39019333	39019605	17927
17	39019678	39020144	36028
17	39020984	39021255	31890
17	39022356	39022507	4103
17	39022853	39023454	31687
17	39032600	39032721	10054
17	39033589	39033710	8840
17	39034355	39034627	43308
17	39035976	39036200	21650
17	39036311	39036552	20535
17	39036822	39037063	22388
17	39038803	39038924	8649
17	39041001	39041482	69858
17	39079226	39079347	12814
17	39080678	39080799	4526
17	39081594	39081836	34337
17	39084429	39084898	52275
17	39086148	39086389	35298
17	39087604	39087725	10909
17	39092416	39092897	47831
17	39114800	39115161	36297
17	39116521	39116763	19371
17	39118355	39118596	20888
17	39118613	39118854	17571
17	39119835	39120076	30076
17	39120677	39120798	29328
17	39122631	39123118	81804
17	39134437	39134558	8967
17	39135044	39135286	25810
17	39136978	39137442	26860
17	39138515	39138756	19244
17	39139281	39139402	4290
17	39140060	39140541	58745
17	39150019	39150386	62263
17	39155775	39156147	57732
17	39164996	39165367	21331
17	39182843	39183455	131923
17	39185906	39186387	60085
17	39190520	39191121	108747
17	39197081	39197714	113155
17	39203028	39203573	135472
17	39210968	39211517	77804
17	39215867	39216367	77830
17	39221662	39222151	76350
17	39240389	39241394	261620
17	39253764	39254394	180648
17	39257744	39258471	143276
17	39261571	39262741	355239
17	39273966	39274613	322720
17	39279754	39280420	245232
17	39296107	39296775	328730
17	39305459	39306089	254661
17	39316217	39316992	256220
17	39323775	39324492	177697
17	39333939	39334465	176184
17	39340617	39341595	176871
17	39344643	39344764	3295
17	39346093	39346934	249194
17	39382867	39383905	348330
17	39388692	39389707	307736
17	39394242	39395257	298204
17	39405933	39406906	318821
17	39411591	39412617	244707
17	39421569	39422894	94643
17	39427517	39427772	2273
17	39427891	39428012	147
17	39431903	39432950	194600
17	39458049	39459130	78950
17	39463887	39465568	133923
17	39471438	39471948	34775
17	39502308	39502549	29339
17	39502688	39502930	30563
17	39503037	39503513	83474
17	39504691	39504932	40931
17	39505577	39505698	17272
17	39506634	39507029	76249
17	39520025	39520266	31289
17	39521019	39521261	28209
17	39521368	39521844	88705
17	39522678	39522919	24616
17	39524150	39524281	13847
17	39525645	39526015	88018
17	39533881	39533982	2812
17	39534293	39534414	5464
17	39535196	39535438	49661
17	39535546	39536022	106299
17	39537264	39537505	40621
17	39537944	39538065	6335
17	39538141	39538634	123289
17	39550193	39550464	19023
17	39551088	39551330	32242
17	39551438	39551914	67456
17	39552598	39552869	39422
17	39553144	39553265	10098
17	39553406	39553807	69325
17	39556629	39556730	4724
17	39563646	39563867	39022
17	39564220	39564346	8821
17	39564884	39565041	12618
17	39566098	39566199	23890
17	39567598	39567995	51427
17	39577120	39577248	7631
17	39577607	39577849	42437
17	39578262	39578725	70619
17	39578986	39579227	27463
17	39580002	39580123	8914
17	39580228	39580829	72103
17	39593607	39593848	15717
17	39594333	39594575	37567
17	39594684	39595149	79914
17	39595411	39595652	31449
17	39596392	39596513	10894
17	39596626	39597227	79833
17	39616275	39616546	53989
17	39619070	39619312	30011
17	39620271	39620734	30158
17	39621983	39622222	18460
17	39622295	39622446	12147
17	39623072	39623587	61478
17	39633045	39633146	5566
17	39633230	39633501	13315
17	39633758	39634000	33441
17	39634524	39634795	25402
17	39635015	39635286	21644
17	39635589	39635799	31275
17	39635893	39636044	18114
17	39636864	39637359	45490
17	39642574	39642845	15130
17	39643160	39643432	27446
17	39643514	39643785	27840
17	39643787	39644005	16458
17	39644451	39644692	17783
17	39644843	39644994	8652
17	39645404	39645540	5680
17	39645645	39646126	54065
17	39648520	39648641	9107
17	39657498	39657645	11003
17	39657912	39658043	7090
17	39658584	39658856	22866
17	39658880	39659389	29741
17	39659465	39659736	27735
17	39659874	39660025	8609
17	39661286	39661847	98580
17	39670232	39670383	7733
17	39670852	39670973	3583
17	39671712	39671954	21493
17	39672048	39672556	51998
17	39673016	39673435	54103
17	39673594	39673715	10794
17	39674559	39675127	88683
17	39679910	39680301	28997
17	39680306	39680831	47378
17	39681021	39681292	29658
17	39681392	39681543	11611
17	39684048	39684529	111373
17	39722343	39722444	4287
17	39723390	39724084	137680
17	39724374	39724647	43167
17	39724671	39724942	35508
17	39725650	39725878	14177
17	39726067	39726308	12672
17	39726339	39726490	11415
17	39727550	39728296	88725
17	39738674	39738795	20807
17	39739277	39739428	18016
17	39739445	39739717	55143
17	39739744	39740212	72058
17	39740465	39740706	34327
17	39741206	39741327	11111
17	39742538	39743154	229544
17	39766142	39766293	22462
17	39766373	39766524	14989
17	39766571	39766813	33252
17	39767017	39767521	66429
17	39767553	39767794	39529
17	39767870	39767991	34808
17	39768386	39769008	273014
17	39775801	39776037	61328
17	39776707	39776858	13002
17	39776869	39777141	39163
17	39777159	39777400	32234
17	39777774	39778045	59567
17	39778562	39778804	67745
17	39779151	39779302	35016
17	39780299	39780785	129686
17	39781042	39781143	19700
17	39783016	39783116	11639
17	39784126	39784358	43801
17	39785317	39785465	27387
17	39786648	39786749	16845
17	39786775	39786896	12422
17	39791478	39791719	23991
17	39794891	39795012	9864
17	39795540	39795661	9946
17	39845239	39845365	12716
17	39845960	39846231	22522
17	39846329	39846451	14547
17	39846994	39847287	23109
17	39847667	39847895	17327
17	39871642	39871913	25024
17	39871985	39872136	14656
17	39874173	39874294	13610
17	39879715	39879816	14025
17	39880496	39880596	12353
17	39880908	39881419	34892
17	39882038	39882189	10945
17	39883289	39883410	8226
17	39883506	39883747	23184
17	39883989	39884110	10271
17	39884366	39884637	34414
17	39887686	39887837	24229
17	39887851	39888005	11383
17	39888179	39888683	58690
17	39888907	39889060	8312
17	39890408	39890896	6414
17	39910843	39910944	5379
17	39911188	39911289	11107
17	39911920	39912191	16160
17	39912385	39912506	4405
17	39913634	39914080	40034
17	39914589	39914830	17902
17	39914893	39915164	19697
17	39919222	39919583	43491
17	39920925	39921078	17589
17	39921095	39921366	15810
17	39923610	39923851	18296
17	39925158	39925519	50229
17	39925618	39925979	48337
17	39927881	39928122	28108
17	39958160	39958261	1861
17	39959158	39959309	5078
17	39959489	39959730	17933
17	39962998	39963149	13952
17	39964032	39964303	21517
17	39965900	39966141	16466
17	39967049	39967320	34203
17	39967338	39967579	24721
17	39967695	39968394	8921
17	39968588	39968688	5729
17	39969226	39969590	11862
17	39973261	39973502	14758
17	39974314	39974555	16624
17	39974585	39974826	15282
17	39975405	39975676	19682
17	39975733	39975974	17124
17	39976032	39976285	19734
17	39976495	39976736	21212
17	39977148	39977362	19865
17	39977836	39978107	25656
17	39978446	39978687	10092
17	39981417	39981518	11533
17	39981720	39981961	18333
17	39983626	39983897	18111
17	39984971	39985242	27729
17	39987006	39987157	11598
17	39988625	39988746	22513
17	39991283	39991404	8066
17	39991428	39991549	8769
17	39992092	39992213	1830
17	39992326	39992445	397
17	39994130	39994401	20618
17	39998018	39998619	65384
17	40001295	40002046	64853
17	40003466	40003707	23282
17	40004130	40004641	66473
17	40009941	40011622	142975
17	40021026	40021633	70252
17	40023312	40023413	5693
17	40023637	40023738	5874
17	40023758	40023859	4745
17	40024006	40024169	10639
17	40024938	40025059	3466
17	40025245	40025396	9631
17	40025717	40025850	8029
17	40027906	40028133	27912
17	40028238	40028479	16761
17	40029989	40030260	12536
17	40034341	40034462	8877
17	40034962	40035233	18153
17	40039365	40039495	5280
17	40040435	40040556	13122
17	40042311	40042582	25701
17	40043842	40043966	13045
17	40048494	40048735	12743
17	40049205	40049476	18356
17	40052796	40052947	4642
17	40053955	40054106	16006
17	40054809	40055080	38105
17	40057856	40058127	18626
17	40060951	40061072	8905
17	40061721	40061962	28902
17	40062718	40062959	18393
17	40063638	40063879	13473
17	40065220	40065341	7548
17	40065702	40065977	34193
17	40066444	40066565	8282
17	40068612	40068853	17188
17	40069895	40070166	43437
17	40075132	40075267	5839
17	40086912	40087133	20522
17	40091414	40091655	16541
17	40091805	40092046	25463
17	40092695	40092816	4986
17	40092976	40093217	8240
17	40094740	40095101	20947
17	40095200	40095441	10470
17	40099414	40101126	108839
17	40101373	40101496	9860
17	40101679	40101797	2370
17	40102055	40102251	5511
17	40102276	40102431	5655
17	40103595	40103696	8875
17	40104607	40104728	6401
17	40105494	40105690	8698
17	40106992	40107149	18875
17	40107163	40107404	24192
17	40113380	40113501	8353
17	40116959	40117555	20467
17	40118842	40118963	449
17	40120030	40120784	89805
17	40123858	40124099	19113
17	40125446	40125957	37977
17	40126118	40126219	11673
17	40127297	40127420	5209
17	40128450	40128586	12375
17	40128646	40128829	27376
17	40129248	40129369	7756
17	40129633	40129733	9769
17	40133827	40134068	16140
17	40134224	40134465	27693
17	40135556	40135677	16236
17	40139612	40139712	7543
17	40139821	40139942	10826
17	40140710	40140951	25915
17	40141377	40141618	18677
17	40142219	40142460	20947
17	40146863	40146984	12926
17	40148301	40148505	21050
17	40149073	40149314	19397
17	40152482	40152603	24374
17	40169319	40169661	25479
17	40173581	40173702	5526
17	40173823	40173952	3471
17	40174356	40174717	13960
17	40175610	40175971	31573
17	40177006	40177159	13180
17	40177269	40177370	11937
17	40177591	40177691	6430
17	40178585	40178712	16461
17	40178851	40179212	40771
17	40179626	40179756	8970
17	40180004	40180275	6397
17	40180766	40181127	21809
17	40183598	40183839	33435
17	40186176	40186417	7832
17	40189707	40189948	27234
17	40191763	40193207	93796
17	40194851	40195394	50489
17	40205801	40205922	2533
17	40213838	40214319	47205
17	40214768	40215129	42220
17	40253750	40253991	18384
17	40254190	40254341	15966
17	40255569	40255840	27291
17	40256713	40257230	30152
17	40257669	40258017	12570
17	40259596	40259837	17129
17	40259978	40260182	7006
17	40261266	40261465	12792
17	40262684	40262955	30840
17	40263263	40263534	13735
17	40263675	40263946	20880
17	40265121	40265221	2873
17	40265612	40265883	23823
17	40266008	40266130	10789
17	40266177	40266328	8265
17	40266332	40266684	30370
17	40266860	40267101	22477
17	40267731	40267861	15309
17	40268964	40269235	15434
17	40269358	40269629	15020
17	40269642	40269883	20429
17	40269888	40270045	12741
17	40270276	40270431	11233
17	40271207	40271478	39942
17	40271494	40271765	24398
17	40272031	40272152	8209
17	40272164	40272435	20792
17	40272634	40272905	31298
17	40272948	40273424	1220
17	40274807	40275408	38065
17	40276993	40277093	2733
17	40277112	40277213	1455
17	40277540	40277978	44972
17	40278758	40278879	30612
17	40280188	40280459	36275
17	40280591	40280862	16957
17	40282316	40282608	13567
17	40283579	40283680	7682
17	40312014	40312495	72023
17	40314211	40314362	9891
17	40315207	40315362	12644
17	40315588	40315986	20919
17	40316105	40316226	5887
17	40317377	40317768	42407
17	40318258	40318619	21912
17	40321473	40321714	28309
17	40322070	40322341	25762
17	40323758	40324145	36190
17	40327524	40327795	20003
17	40327982	40328373	29981
17	40330030	40330541	46602
17	40330801	40331054	32590
17	40332834	40332985	6761
17	40336152	40336556	1552
17	40337311	40337432	16779
17	40341708	40341949	12959
17	40342154	40342378	21850
17	40342587	40342945	26181
17	40342980	40343251	8747
17	40344178	40344809	50256
17	40344833	40345104	17982
17	40345324	40345609	8674
17	40351169	40351270	3346
17	40352159	40352260	7555
17	40352479	40352580	4087
17	40353392	40353585	12147
17	40353595	40353938	25477
17	40354348	40354475	7895
17	40354709	40354860	21644
17	40359542	40359780	17657
17	40362132	40362373	24530
17	40362406	40362527	6915
17	40363983	40364224	22200
17	40367986	40368137	9557
17	40369168	40369358	11231
17	40369377	40369498	10566
17	40370137	40370378	22164
17	40370697	40370938	23525
17	40371284	40371525	27848
17	40371673	40371914	85327
17	40375335	40375606	25203
17	40376780	40376901	12833
17	40379473	40379744	12002
17	40383960	40384201	25392
17	40441372	40441613	31130
17	40441840	40442081	10533
17	40443973	40444094	9654
17	40447602	40447834	19443
17	40451712	40451954	82200
17	40452102	40452343	22242
17	40452689	40452930	25090
17	40453261	40453502	28609
17	40456342	40456463	6216
17	40456487	40456728	15433
17	40457582	40457733	18797
17	40458240	40458482	19851
17	40459405	40459526	19897
17	40459554	40459795	21843
17	40460122	40460410	19592
17	40460999	40461180	35437
17	40461385	40461512	7285
17	40462484	40462725	14111
17	40463881	40463982	6124
17	40465304	40465404	3820
17	40465763	40465864	6819
17	40466271	40466371	7180
17	40466501	40466601	5898
17	40467261	40467362	4960
17	40467729	40467850	7040
17	40468575	40468929	20689
17	40469159	40469280	4321
17	40474284	40474525	41963
17	40474940	40475211	31139
17	40475233	40475384	22372
17	40475525	40475676	10569
17	40476645	40476916	35601
17	40476938	40477089	12543
17	40478084	40478235	13715
17	40481360	40481511	17263
17	40481557	40481678	8517
17	40481688	40481839	7881
17	40483458	40483579	6307
17	40485675	40485796	9486
17	40485866	40486107	25504
17	40489377	40489648	18753
17	40489736	40489887	7244
17	40490728	40490849	5513
17	40491318	40491439	7613
17	40497564	40497685	10394
17	40498507	40498778	14368
17	40500319	40500590	17018
17	40550910	40551119	32235
17	40555503	40555603	9221
17	40556694	40557416	56768
17	40574635	40575151	33672
17	40612849	40613090	42514
17	40618424	40618545	16102
17	40619985	40620136	6854
17	40622050	40622314	20229
17	40629647	40629778	7465
17	40630392	40630663	31603
17	40632664	40632815	4787
17	40635041	40635162	8700
17	40639157	40639398	16156
17	40642463	40642688	12273
17	40646300	40646541	18989
17	40647007	40647248	46971
17	40647627	40647748	10912
17	40650879	40651120	29466
17	40652711	40652952	30425
17	40653205	40653332	14967
17	40654798	40654899	7927
17	40659500	40659739	28703
17	40660537	40660658	29906
17	40665816	40666057	32404
17	40666271	40666512	29062
17	40672405	40672679	23749
17	40673000	40673151	19836
17	40688212	40688739	1202
17	40689368	40689609	22144
17	40690287	40690549	11580
17	40690639	40690790	4682
17	40692884	40693275	38872
17	40694959	40696310	154692
17	40698768	40698889	11882
17	40698934	40699175	36041
17	40699249	40699490	47056
17	40699609	40699730	17019
17	40700163	40700390	22673
17	40704839	40705666	123570
17	40705797	40705918	14315
17	40706390	40706631	25640
17	40706641	40707006	7147
17	40714406	40714527	13619
17	40714555	40715350	97779
17	40715964	40716649	58393
17	40716670	40716941	21673
17	40716971	40717092	19153
17	40717195	40717346	10173
17	40717476	40718014	40414
17	40719123	40719364	5556
17	40719563	40719714	27031
17	40720441	40720592	8534
17	40720845	40720971	8935
17	40721180	40721331	13757
17	40721513	40721634	14615
17	40721979	40722220	20675
17	40723501	40723652	14977
17	40723773	40723874	6521
17	40724419	40724520	4777
17	40724597	40724698	5458
17	40724952	40725073	9513
17	40725093	40725214	8230
17	40725264	40725415	16085
17	40725447	40725688	21066
17	40726081	40726238	20121
17	40729184	40729335	19343
17	40729437	40729592	16115
17	40729626	40729747	7339
17	40731492	40731635	12397
17	40731753	40731854	12226
17	40731872	40732090	22712
17	40732319	40732506	13332
17	40732588	40732688	6946
17	40733539	40733639	5690
17	40733705	40734299	32683
17	40734606	40734877	18592
17	40735495	40735616	14251
17	40737060	40737331	22308
17	40738021	40738172	6149
17	40738694	40738965	16392
17	40739805	40739926	4914
17	40744035	40744190	8848
17	40761041	40761402	51817
17	40761718	40761839	7388
17	40762116	40762248	15227
17	40762403	40762644	24502
17	40764065	40764186	12983
17	40764393	40764544	18943
17	40764906	40765147	28202
17	40765616	40765767	24229
17	40765820	40766061	20858
17	40766232	40766714	50716
17	40766809	40767293	41147
17	40811484	40811605	3421
17	40811842	40811974	13552
17	40812129	40812370	27833
17	40812599	40812750	9632
17	40814939	40815090	14583
17	40815336	40815542	13871
17	40817445	40817596	18460
17	40817649	40817890	24687
17	40818059	40818541	59420
17	40818598	40818839	26971
17	40819943	40820096	15789
17	40820111	40820352	25631
17	40821422	40821663	16294
17	40821737	40822405	27937
17	40822505	40822776	16156
17	40822928	40823199	26350
17	40823321	40823592	58030
17	40824091	40824420	17536
17	40825102	40825876	31295
17	40825930	40826051	12717
17	40826338	40826459	20918
17	40828049	40828167	2865
17	40828379	40828620	48284
17	40831501	40832685	33861
17	40833768	40833889	5907
17	40834819	40834940	21560
17	40835828	40835950	26170
17	40835999	40836270	24704
17	40836964	40837456	36608
17	40837945	40838186	36499
17	40838841	40839112	26807
17	40839687	40840048	42598
17	40840433	40840674	20956
17	40840828	40841099	18021
17	40841529	40841655	8245
17	40842056	40842285	22867
17	40842707	40842978	25842
17	40843081	40843585	30982
17	40843765	40844036	13674
17	40844506	40844748	18692
17	40845245	40845614	22179
17	40847504	40847902	37632
17	40847985	40848226	27763
17	40849253	40849404	15798
17	40849483	40849874	32358
17	40849883	40850004	15166
17	40850608	40850997	53636
17	40851072	40851172	12490
17	40851251	40851448	19462
17	40851490	40851590	5145
17	40851650	40851858	15715
17	40852289	40852389	7193
17	40853274	40853374	10822
17	40853461	40853562	18042
17	40854430	40854639	22129
17	40854845	40854996	5468
17	40855736	40855887	5970
17	40856569	40856720	5823
17	40857092	40857213	2965
17	40857962	40858233	27869
17	40859887	40860158	28449
17	40860822	40860973	8904
17	40861848	40861999	24707
17	40864253	40864524	35782
17	40865195	40865436	13691
17	40869978	40870099	13297
17	40870402	40870673	16496
17	40871112	40871235	18844
17	40872257	40872498	27946
17	40874751	40874992	21875
17	40876261	40876502	30300
17	40879565	40879806	18318
17	40880779	40881020	27168
17	40911714	40911955	28110
17	40912434	40912569	15427
17	40912629	40912750	8970
17	40912835	40913422	5564
17	40913793	40913944	6723
17	40914335	40914491	10161
17	40914531	40914922	25160
17	40925428	40925579	12430
17	40925672	40925943	14157
17	40926629	40926750	11152
17	40927351	40927502	13567
17	40928239	40928360	9349
17	40930939	40931097	16106
17	40931430	40931530	7323
17	40932634	40933385	41615
17	40934740	40934981	13553
17	40935830	40936185	30776
17	40936397	40936638	18901
17	40937097	40937218	12146
17	40937274	40937547	32736
17	40939246	40939607	22264
17	40939735	40939976	19041
17	40940085	40940486	31350
17	40940605	40940876	33252
17	40945527	40945798	28793
17	40946597	40947568	106370
17	40947575	40948086	57347
17	40948089	40948360	17288
17	40948456	40948607	13626
17	40948643	40948764	8891
17	40948921	40949022	3831
17	40949478	40949578	8755
17	40950069	40950195	7365
17	40950441	40950713	27165
17	40951048	40951289	13103
17	40955614	40955765	23760
17	40956177	40956448	26901
17	40957706	40957940	25493
17	40958642	40958883	17325
17	40959772	40959893	5171
17	40961346	40961665	30030
17	40962337	40962437	9486
17	40962588	40962726	10992
17	40962740	40962981	12877
17	40963622	40963863	30460
17	40965934	40966055	6053
17	40966495	40966736	16894
17	40967877	40968118	19887
17	40970214	40970455	32965
17	40970478	40970749	21963
17	40970788	40970951	11751
17	40971535	40971656	10268
17	40972764	40972885	18539
17	40975709	40975950	15538
17	40976187	40976290	2645
17	40985606	40985729	11911
17	40985792	40985956	7536
17	40986185	40986286	7947
17	40986315	40986436	7129
17	40986501	40986622	6858
17	40986779	40986903	13082
17	40989598	40989749	19695
17	40990100	40990232	7173
17	40990699	40990826	5101
17	40990904	40991055	8443
17	40991064	40991215	9300
17	40991292	40991413	10818
17	40993493	40993706	22799
17	40993709	40993897	25758
17	40994538	40994638	23917
17	40994725	40994826	13278
17	40995151	40995251	18139
17	40996566	40998277	155137
17	41001064	41001425	44459
17	41001561	41001802	21230
17	41002020	41002411	43038
17	41003319	41005000	202003
17	41006396	41006787	55996
17	41007404	41007645	32366
17	41008218	41008609	70662
17	41019295	41021020	215593
17	41024421	41024707	38030
17	41025409	41025539	7831
17	41026067	41026428	60563
17	41031417	41031898	44467
17	41046555	41046676	7504
17	41050627	41050727	3875
17	41052884	41053133	24716
17	41055938	41056067	15274
17	41059530	41059655	9070
17	41061256	41061497	51880
17	41062886	41063487	54615
17	41102556	41102797	10646
17	41103802	41103923	4670
17	41105676	41105827	17126
17	41106877	41106998	14924
17	41107116	41107267	6632
17	41107772	41108043	25262
17	41108157	41108594	19929
17	41109122	41109243	4960
17	41113137	41113408	23574
17	41116037	41116278	22840
17	41116405	41116526	6557
17	41121122	41121243	10348
17	41122241	41122392	16099
17	41123577	41123728	19830
17	41131144	41131295	19413
17	41131336	41131487	17192
17	41131509	41131754	19616
17	41132009	41132250	27571
17	41132541	41133142	18459
17	41139225	41139546	20671
17	41141335	41141576	16726
17	41142272	41142464	3377
17	41142819	41143780	95662
17	41150716	41150867	21236
17	41151913	41152154	12596
17	41154653	41154810	40815
17	41154851	41154972	25077
17	41158883	41159034	5848
17	41164183	41164304	4100
17	41164986	41165406	58798
17	41165434	41165705	14324
17	41165783	41165909	7197
17	41166069	41166340	12549
17	41166869	41167053	13914
17	41167184	41167432	16164
17	41167490	41167590	5538
17	41167644	41167904	8631
17	41167947	41168179	21077
17	41168233	41168624	18474
17	41169841	41169962	10899
17	41170016	41170257	18251
17	41170561	41170832	19051
17	41173907	41174408	6565
17	41177354	41177476	3625
17	41177929	41178080	19955
17	41179163	41179319	19275
17	41180023	41180264	21068
17	41180391	41180752	31148
17	41182275	41182376	8652
17	41196399	41196500	3444
17	41197635	41197876	25064
17	41199598	41199749	9539
17	41201113	41201234	5429
17	41203045	41203166	2565
17	41209019	41209170	23572
17	41215308	41215429	4569
17	41215868	41215989	5046
17	41219607	41219728	8411
17	41222918	41223279	44629
17	41226321	41226562	15437
17	41228446	41228687	20413
17	41231322	41231443	1502
17	41234385	41234626	32345
17	41242943	41243064	7963
17	41243347	41246904	368879
17	41247839	41247960	13248
17	41249222	41249343	11740
17	41251782	41251907	12988
17	41256103	41256328	26888
17	41256867	41256988	6313
17	41258450	41258571	6826
17	41267708	41267829	4012
17	41276012	41276133	6775
17	41283205	41283306	5745
17	41290726	41290991	61130
17	41291823	41292049	6166
17	41296179	41296280	5222
17	41323225	41323347	6506
17	41327746	41327987	30853
17	41329922	41330114	16409
17	41331358	41331479	18177
17	41332757	41332882	2103
17	41338242	41338483	27351
17	41341036	41341157	13007
17	41341590	41341831	19285
17	41342503	41342829	37053
17	41343372	41343613	9515
17	41345069	41345310	21327
17	41345328	41345689	24418
17	41346219	41346561	20201
17	41346957	41347164	19824
17	41348491	41348612	7838
17	41348919	41349160	38836
17	41352183	41352645	42956
17	41353688	41353809	17950
17	41354639	41354760	11324
17	41355689	41355810	19860
17	41361919	41362126	16492
17	41362192	41362293	6805
17	41363319	41363419	7000
17	41363421	41363522	5737
17	41365044	41365285	21340
17	41365817	41365938	11471
17	41367762	41368003	35729
17	41368416	41368657	25691
17	41368676	41368797	17019
17	41369243	41369364	4485
17	41369638	41369879	17577
17	41373553	41373654	7501
17	41375557	41375658	5900
17	41376283	41376572	59608
17	41380500	41380605	14698
17	41454876	41455231	27599
17	41456481	41456690	9744
17	41458608	41458729	24325
17	41465819	41466180	43960
17	41477012	41478505	149084
17	41522163	41522264	7904
17	41561358	41561599	34793
17	41566798	41566919	9195
17	41567703	41567854	10888
17	41568514	41568635	9637
17	41569514	41569670	21475
17	41570039	41570460	18110
17	41570763	41571272	77828
17	41573501	41573652	13372
17	41576217	41576338	8176
17	41577246	41577517	29518
17	41581951	41582222	33927
17	41584316	41584587	24287
17	41584842	41585083	18788
17	41585160	41585401	12419
17	41585676	41585917	19025
17	41590648	41590919	33057
17	41594461	41594732	29408
17	41597445	41597686	35322
17	41598061	41598302	21229
17	41598713	41598954	15796
17	41599353	41599624	7950
17	41600954	41601225	25168
17	41605362	41605463	8103
17	41605847	41606121	22212
17	41606462	41606614	17350
17	41606836	41607077	14012
17	41607194	41607345	11503
17	41607450	41607571	12463
17	41609993	41610354	29165
17	41610514	41610755	19066
17	41611138	41611409	37968
17	41613729	41613880	9126
17	41620326	41620426	4358
17	41622095	41622196	3314
17	41622305	41622426	5516
17	41622627	41622748	6839
17	41622905	41623038	9963
17	41719217	41719458	18598
17	41720838	41721061	27390
17	41738396	41738912	44120
17	41797235	41797356	33742
17	41825445	41825650	9917
17	41831179	41831280	3440
17	41831296	41831397	2843
17	41832700	41833160	2170
17	41835878	41836119	29379
17	41843489	41843589	3147
17	41843867	41844025	6993
17	41844447	41844547	7836
17	41844813	41844914	4387
17	41846495	41846595	8963
17	41846849	41847199	17885
17	41852070	41852316	51252
17	41856108	41856349	4186
17	41857821	41857955	7116
17	41858471	41858572	5395
17	41859141	41859264	6419
17	41860547	41860675	3166
17	41861182	41861283	4412
17	41879033	41879276	14771
17	41886263	41886504	21348
17	41888137	41888293	6005
17	41888465	41888586	8111
17	41891327	41891478	11348
17	41891495	41891766	13037
17	41893365	41893486	11826
17	41893993	41894114	11269
17	41895139	41895260	12089
17	41895384	41895505	9305
17	41898176	41898447	24026
17	41901244	41901395	5137
17	41903075	41903226	13967
17	41905098	41905219	14992
17	41906969	41907210	17704
17	41907322	41907494	18844
17	41908559	41908710	3631
17	41908834	41909105	15084
17	41909170	41909359	11385
17	41910107	41910208	0
17	41924514	41924665	12773
17	41925882	41926335	28663
17	41930239	41930391	7784
17	41931112	41931443	31062
17	41932565	41932697	11082
17	41934436	41934557	7510
17	41934706	41934918	12964
17	41935126	41935298	20210
17	41938501	41938621	18537
17	41939156	41939289	5604
17	41953534	41953635	6696
17	41954447	41954548	3817
17	41954955	41955055	2902
17	41955111	41955382	14166
17	41956555	41956826	15476
17	41957129	41957370	13047
17	41958018	41958259	14620
17	41958400	41958551	6988
17	41958602	41958727	4982
17	41958770	41959011	13022
17	41959614	41959889	31688
17	41960194	41960465	34493
17	41960525	41960766	24327
17	41961381	41961537	10003
17	41975567	41975808	13226
17	41977818	41977939	9622
17	41981751	41981872	11982
17	41996774	41996919	25614
17	42000127	42000248	67539
17	42018246	42018367	7819
17	42018485	42018606	7143
17	42018805	42019046	16090
17	42030048	42030395	40434
17	42030455	42030576	11285
17	42030636	42030877	17218
17	42031159	42031400	9840
17	42035258	42035406	9030
17	42043601	42043722	3442
17	42082008	42082497	16149
17	42082930	42083321	47451
17	42083372	42083618	17194
17	42083865	42084106	14471
17	42084655	42084896	22500
17	42084922	42085169	13528
17	42085741	42086070	30973
17	42088877	42088977	6910
17	42089268	42089629	31005
17	42090298	42090569	24263
17	42091693	42091934	33891
17	42092100	42092371	17652
17	42111984	42112085	4811
17	42112256	42112415	2654
17	42112527	42112726	8368
17	42112753	42112854	6591
17	42112881	42112982	4545
17	42112994	42113217	2348
17	42113320	42113480	7369
17	42113485	42113681	15952
17	42114721	42114962	34317
17	42117505	42117634	9725
17	42141114	42141355	22650
17	42143772	42143965	10585
17	42148321	42148562	26608
17	42151489	42151644	31660
17	42152001	42152152	12438
17	42152244	42152515	46413
17	42152597	42152868	34189
17	42152958	42153469	90083
17	42154075	42154261	9085
17	42154504	42154604	12866
17	42155294	42155394	4566
17	42155618	42156070	18997
17	42156113	42156264	12893
17	42156457	42156698	17284
17	42157412	42157653	11671
17	42157756	42157877	7178
17	42158039	42158310	30385
17	42159913	42160056	11587
17	42160099	42160220	5320
17	42160903	42161030	6835
17	42161106	42161257	6389
17	42161861	42162102	20250
17	42162305	42162576	15933
17	42163901	42164142	23229
17	42164712	42165106	28173
17	42165745	42166019	28025
17	42168627	42168870	25393
17	42169012	42169253	27215
17	42169504	42169941	38684
17	42169987	42170228	4102
17	42170395	42170584	20375
17	42170595	42171268	86147
17	42188072	42188247	15969
17	42188407	42188528	25430
17	42188950	42189071	6193
17	42194781	42195072	19358
17	42200871	42201049	0
17	42219450	42219571	719
17	42222534	42222655	15842
17	42225209	42226410	107525
17	42228309	42228430	9538
17	42229923	42230194	28495
17	42231885	42232042	12113
17	42232202	42232323	5075
17	42232595	42232836	11620
17	42235191	42235319	4592
17	42239208	42239329	18225
17	42248096	42248470	46757
17	42249366	42249727	24162
17	42253998	42255185	62835
17	42255544	42255785	36639
17	42265043	42265144	10792
17	42266364	42266985	43581
17	42267779	42268290	74061
17	42268379	42268480	10455
17	42268730	42268915	13959
17	42269209	42269479	12452
17	42271553	42271824	53736
17	42271842	42272083	21200
17	42272110	42272231	6670
17	42272395	42272546	20986
17	42272729	42272880	6779
17	42273120	42273241	4869
17	42273363	42273485	6850
17	42273713	42273834	4895
17	42274284	42274405	18515
17	42274530	42274801	28254
17	42274880	42275151	18399
17	42275351	42275472	6271
17	42282469	42282570	7320
17	42282605	42282793	6332
17	42283967	42284068	8769
17	42284503	42284745	8176
17	42284781	42285310	57425
17	42286693	42286934	18747
17	42286965	42287116	7733
17	42287482	42287883	36864
17	42288116	42288357	5152
17	42288372	42288530	4162
17	42288587	42288738	10106
17	42288923	42289427	36626
17	42289675	42289832	8891
17	42290125	42290366	18159
17	42290526	42290677	13658
17	42292978	42293219	28107
17	42293224	42293375	18187
17	42293863	42294104	26821
17	42295477	42295628	5380
17	42327774	42327925	10503
17	42328492	42328991	48653
17	42330431	42330792	33908
17	42331825	42332066	10649
17	42332558	42332679	6693
17	42332976	42333247	13846
17	42334561	42334934	14836
17	42334949	42335220	14497
17	42335329	42335570	14023
17	42335734	42336005	17226
17	42336500	42336741	22407
17	42336845	42336966	8025
17	42337087	42337358	22081
17	42337718	42338212	39586
17	42338882	42339033	63429
17	42339987	42340108	24434
17	42340135	42340345	19180
17	42386080	42386321	21049
17	42389884	42390125	33566
17	42390424	42390665	23552
17	42390767	42390888	9859
17	42392086	42392207	20128
17	42392275	42392396	10484
17	42392483	42392698	3907
17	42392778	42393018	1143
17	42393700	42394159	53416
17	42394808	42394934	12995
17	42395028	42395171	8434
17	42395463	42395607	12844
17	42397246	42397663	26687
17	42397702	42397823	13003
17	42397980	42398109	6164
17	42398361	42398632	22407
17	42398712	42398983	17253
17	42399010	42399161	6007
17	42399732	42399973	18676
17	42400136	42400257	10823
17	42400590	42400741	9021
17	42400796	42400947	3055
17	42426450	42426976	49342
17	42426985	42427136	17550
17	42427586	42427718	10348
17	42427756	42427997	15201
17	42428049	42428178	10116
17	42428316	42428587	9114
17	42428688	42429220	69212
17	42429348	42429626	52330
17	42429699	42430217	38635
17	42431079	42432612	36790
17	42433024	42433503	47469
17	42433509	42433750	21218
17	42433755	42433996	24703
17	42436931	42437052	7305
17	42437205	42437566	25040
17	42440902	42441194	89
17	42449670	42449821	9099
17	42451628	42451899	20378
17	42451986	42452138	6887
17	42452356	42452489	480
17	42452823	42453141	26881
17	42453155	42453396	23951
17	42453411	42453562	10928
17	42453624	42453775	12313
17	42454355	42454476	6722
17	42455020	42455171	18432
17	42455682	42455923	19268
17	42455983	42456104	7491
17	42456968	42457239	28408
17	42457294	42457701	29643
17	42457714	42457868	14504
17	42457929	42458050	12985
17	42458186	42458457	34405
17	42460845	42461086	33408
17	42461226	42461347	12957
17	42461388	42461539	11525
17	42461609	42461760	13832
17	42461868	42461989	15305
17	42462228	42462614	46905
17	42462617	42462738	12107
17	42462880	42463121	21091
17	42463179	42463300	14066
17	42463317	42463558	10627
17	42466596	42466867	27757
17	42472674	42472775	6196
17	42472820	42472921	3562
17	42473388	42473559	13258
17	42473577	42473695	9081
17	42474006	42474191	13222
17	42474703	42478858	406006
17	42483242	42483473	16828
17	42501667	42501908	27043
17	42512384	42512535	16422
17	42513818	42513939	10821
17	42513964	42514065	13339
17	42514780	42514880	4628
17	42515831	42515932	7308
17	42516018	42516118	4987
17	42517605	42517705	2757
17	42541784	42541935	6343
17	42552172	42552293	11508
17	42580624	42580775	5026
17	42635047	42636908	159023
17	42733954	42734075	935
17	42734440	42734681	18190
17	42739640	42739881	25345
17	42742682	42742923	18005
17	42743711	42745644	116596
17	42746707	42746944	13298
17	42750702	42750943	18630
17	42751272	42751633	30311
17	42755357	42755458	8084
17	42755832	42756156	29430
17	42756196	42756437	32425
17	42757920	42758046	9766
17	42759317	42759558	31644
17	42761222	42761343	6039
17	42766898	42767199	41419
17	42786136	42786257	3581
17	42786611	42786762	22798
17	42800167	42800438	14433
17	42807217	42807488	22799
17	42808266	42808430	14389
17	42809528	42809649	19807
17	42811433	42811554	4975
17	42814154	42814275	25331
17	42815708	42815829	9062
17	42818640	42818881	21240
17	42824413	42824569	12864
17	42824699	42824940	12376
17	42825649	42826729	99959
17	42827338	42827699	25393
17	42827900	42828651	76535
17	42829258	42829379	17231
17	42836533	42836654	62
17	42837026	42837297	27001
17	42837818	42837918	10415
17	42847062	42847442	19574
17	42848903	42849054	29278
17	42849100	42849221	14281
17	42849606	42849727	4655
17	42849739	42849860	1779
17	42850185	42850321	13387
17	42850356	42850477	10629
17	42850590	42850831	19440
17	42851643	42851764	2923
17	42851843	42851964	7617
17	42852000	42852151	14428
17	42852538	42852689	23912
17	42852736	42852857	8228
17	42852936	42853057	2725
17	42853443	42853594	12432
17	42854046	42854197	12003
17	42854207	42854358	13312
17	42854492	42854643	14002
17	42854758	42855624	125987
17	42856537	42856664	6241
17	42857023	42857633	72651
17	42857750	42857851	5893
17	42857955	42858056	4755
17	42858189	42858302	7473
17	42881985	42883206	130497
17	42925479	42925630	10085
17	42926567	42926808	22797
17	42927670	42927791	3894
17	42928040	42928281	7223
17	42928598	42928749	3498
17	42929068	42929195	7393
17	42929702	42929973	8807
17	42930619	42930770	7954
17	42930792	42931063	15899
17	42931589	42931740	4479
17	42931835	42932106	10698
17	42932237	42932388	6579
17	42934422	42934543	5889
17	42936437	42936559	7298
17	42937191	42937462	44778
17	42937790	42937921	25234
17	42940056	42940297	15431
17	42940935	42941206	21600
17	42942244	42942485	21273
17	42945158	42945279	8709
17	42945625	42945746	6599
17	42949724	42949995	18410
17	42953233	42953504	19115
17	42956873	42957024	11416
17	42957905	42958026	4482
17	42958981	42959132	14131
17	42960432	42960553	7699
17	42960993	42961114	11479
17	42962571	42962722	10118
17	42963889	42964128	30108
17	42971775	42971922	6370
17	42978316	42978557	13092
17	42978832	42979073	24519
17	42979634	42980198	41382
17	42981157	42982759	126736
17	42984635	42984785	9215
17	42985383	42985534	16264
17	42987444	42987685	15886
17	42987943	42988064	6776
17	42988562	42988834	35336
17	42988951	42989222	10941
17	42990566	42990837	11986
17	42991052	42991203	8854
17	42991364	42991485	10522
17	42992382	42992864	32893
17	43003381	43003622	28048
17	43003679	43003920	53289
17	43004340	43004461	7965
17	43005355	43005969	59490
17	43006168	43006409	12981
17	43008912	43009153	13031
17	43009395	43009636	24900
17	43009969	43010210	31192
17	43010255	43010376	8810
17	43011118	43011498	23895
17	43011578	43012049	22027
17	43012129	43012370	24122
17	43012584	43012825	23500
17	43013374	43013735	20580
17	43037040	43037141	89
17	43037235	43037346	338
17	43037494	43037751	36661
17	43044758	43045544	26361
17	43101735	43102126	38074
17	43107412	43107563	35088
17	43111307	43111428	3263
17	43111535	43111776	6396
17	43112132	43112263	9592
17	43131418	43131539	4647
17	43138641	43138882	14693
17	43158890	43159201	19875
17	43163796	43164067	25591
17	43170990	43171231	19988
17	43173546	43173667	22566
17	43174402	43174673	23514
17	43175683	43175954	25812
17	43176735	43176891	15345
17	43180282	43180523	21841
17	43181009	43181460	34916
17	43182174	43182415	22153
17	43182935	43183056	19368
17	43183210	43183436	10211
17	43183529	43183630	6231
17	43183701	43183802	5642
17	43184019	43184120	11090
17	43184781	43184881	7219
17	43185857	43185958	5137
17	43186297	43186398	6105
17	43189966	43190087	20124
17	43190184	43190425	24686
17	43190436	43190677	27827
17	43190768	43191009	18622
17	43191554	43191795	21196
17	43192415	43192897	42650
17	43193953	43194194	43647
17	43195311	43195554	24667
17	43195637	43195880	23707
17	43196161	43196475	23716
17	43197635	43197876	33852
17	43198202	43198778	10053
17	43205338	43205961	35024
17	43209572	43209787	1677
17	43213464	43213615	10007
17	43213775	43214160	37824
17	43214294	43214565	24000
17	43214716	43214837	17480
17	43215021	43215377	10782
17	43216336	43216577	16873
17	43216621	43216742	8245
17	43220752	43221028	26136
17	43226496	43229469	202746
17	43238249	43238349	6180
17	43240102	43240253	9046
17	43246327	43247198	93864
17	43261493	43261594	2551
17	43299443	43299645	0
17	43307921	43308072	14170
17	43309699	43309857	20628
17	43310281	43310687	24068
17	43310965	43311116	11290
17	43311381	43311673	13050
17	43312157	43312257	12100
17	43313465	43313621	13723
17	43314626	43314747	16957
17	43314868	43315019	22178
17	43315906	43316027	11874
17	43316312	43316442	21345
17	43317766	43318037	29614
17	43318485	43318607	15056
17	43318693	43319054	8252
17	43319127	43319580	5484
17	43319618	43319889	16849
17	43320434	43320705	21495
17	43321123	43321415	17325
17	43321515	43321636	7902
17	43322134	43322285	13561
17	43322289	43322530	18417
17	43322580	43322932	23802
17	43322958	43323110	15633
17	43323231	43323352	5572
17	43323485	43323756	8085
17	43323856	43323977	6910
17	43324164	43324405	7995
17	43324509	43324610	9069
17	43325289	43325402	10857
17	43326137	43326237	7759
17	43326580	43326724	10604
17	43327806	43327906	10040
17	43331745	43331896	16100
17	43332438	43333450	90393
17	43333671	43333822	58232
17	43334455	43334606	8075
17	43339315	43339436	3320
17	43340689	43340802	6151
17	43340916	43341039	10505
17	43341963	43342204	33220
17	43342458	43342699	18492
17	43343616	43344095	32442
17	43344390	43344631	24302
17	43344708	43345189	62269
17	43347733	43347974	18840
17	43348259	43348626	29355
17	43350800	43351116	31972
17	43351434	43351675	13657
17	43351774	43352015	19356
17	43362126	43362367	13741
17	43363743	43364464	66162
17	43364503	43364744	24996
17	43366575	43366696	10216
17	43367802	43368163	48413
17	43471250	43471351	7192
17	43472590	43472691	3779
17	43472789	43473030	20543
17	43473100	43473225	3444
17	43473264	43473671	38181
17	43473840	43473961	4801
17	43473973	43474214	16762
17	43474272	43474425	15568
17	43475272	43475423	12536
17	43480040	43480194	8621
17	43480938	43481089	8543
17	43481337	43481488	10969
17	43481576	43481727	15120
17	43481761	43481912	20750
17	43481945	43482066	14158
17	43482259	43482500	26749
17	43483001	43483449	37086
17	43487575	43487676	8384
17	43506411	43506511	6592
17	43506835	43507678	34247
17	43509581	43509715	23491
17	43513239	43513435	12723
17	43514375	43514475	6856
17	43515214	43515345	13995
17	43516800	43517041	58183
17	43517499	43517620	11351
17	43522811	43523052	19287
17	43527935	43528176	85544
17	43530655	43531659	112474
17	43535488	43535826	39489
17	43545525	43546006	73029
17	43551721	43551842	23478
17	43552445	43553142	84576
17	43555208	43555569	41385
17	43559765	43559886	25141
17	43580583	43580944	72318
17	43585450	43585550	28977
17	43585569	43585810	64848
17	43585816	43585937	28604
17	43587584	43587711	30648
17	43590550	43590655	38154
17	43591233	43592043	521167
17	43592279	43592400	51527
17	43594543	43594648	53262
17	43595226	43595424	228564
17	43595433	43596036	275363
17	43596272	43596393	85312
17	43596520	43596738	140669
17	43598610	43598852	133545
17	43611537	43611658	16339
17	43616507	43616629	44828
17	43617232	43617353	32524
17	43620104	43620225	49214
17	43622945	43623066	50835
17	43623109	43623349	95631
17	43625075	43627717	880532
17	43664065	43664306	53408
17	43685889	43686350	33928
17	43699343	43699444	9817
17	43699941	43700042	24332
17	43710415	43710540	13309
17	43713615	43713856	17215
17	43717928	43718049	10027
17	43718824	43719251	23225
17	43861865	43861986	947
17	43881704	43881804	5817
17	43884176	43884297	8974
17	43884358	43884479	8488
17	43893738	43894008	22415
17	43898672	43898823	28937
17	43906571	43906697	5261
17	43906908	43907029	16469
17	43907398	43907639	16439
17	43907708	43907979	21643
17	43908214	43908335	5788
17	43910461	43910612	13057
17	43910799	43910920	7069
17	43911026	43911267	11796
17	43911332	43911483	9496
17	43911908	43912179	22932
17	43912412	43912513	8405
17	43912690	43912790	6228
17	43922218	43924379	165102
17	44039648	44039889	9561
17	44049176	44049327	8197
17	44051732	44051853	13395
17	44055682	44055833	8192
17	44060231	44061339	87296
17	44064372	44064493	5235
17	44067221	44067462	24831
17	44068737	44069008	31694
17	44071255	44071376	4872
17	44073716	44074077	34559
17	44076597	44077078	58514
17	44087660	44087781	8557
17	44091599	44091725	16602
17	44095948	44096106	23427
17	44101308	44101549	10499
17	44102676	44102776	23782
17	44103527	44103628	9596
17	44104662	44104763	3508
17	44105554	44105654	9765
17	44107297	44107668	14368
17	44108514	44108684	9608
17	44108750	44109079	39646
17	44109357	44109718	16565
17	44110436	44110568	11946
17	44110736	44110857	4958
17	44111437	44111708	41680
17	44115856	44116097	43474
17	44116335	44116606	31965
17	44117037	44117278	30661
17	44127863	44128104	22565
17	44143879	44144120	18801
17	44144852	44145093	14392
17	44159796	44159918	10313
17	44170810	44170931	14372
17	44171845	44172116	15062
17	44248173	44249598	139281
17	44269925	44270104	10144
17	44270124	44270241	6461
17	44270733	44271158	8705
17	44271239	44271360	21984
17	44336901	44337262	75213
17	44372482	44375124	519286
17	44376851	44377091	84908
17	44377134	44377255	45745
17	44379978	44380099	58327
17	44382849	44382970	40559
17	44383573	44383695	36713
17	44388547	44388668	18514
17	44399662	44399783	9858
17	44400294	44400416	16226
17	44405695	44405937	50031
17	44407760	44409361	288351
17	44409908	44410055	14054
17	44412857	44412985	33064
17	44414627	44414984	55835
17	44415003	44415124	17295
17	44416821	44417182	44862
17	44421958	44422059	10832
17	44430119	44430360	57139
17	44435568	44435809	27708
17	44450170	44450291	700
17	44484011	44484132	34792
17	44486388	44486509	24090
17	44490155	44490276	66620
17	44497125	44497366	46088
17	44499835	44499956	40867
17	44500408	44500529	30403
17	44502849	44503090	63138
17	44534051	44534292	23650
17	44552527	44552768	10355
17	44553485	44553606	19913
17	44554110	44554351	49649
17	44564397	44564518	375
17	44590061	44592703	585897
17	44594419	44594659	6308
17	44594702	44594823	13246
17	44597552	44597673	46313
17	44600424	44600545	24120
17	44601148	44601270	36062
17	44606131	44606252	12719
17	44617516	44617637	2202
17	44618148	44618270	11386
17	44623558	44623800	74142
17	44625622	44627223	132614
17	44627771	44627918	10189
17	44630712	44630840	2461
17	44632483	44632840	25116
17	44632859	44632980	14321
17	44634677	44635038	45237
17	44639893	44639994	8295
17	44648058	44648299	41954
17	44653493	44653734	29937
17	44667977	44668078	0
17	44668081	44668212	436
17	44701591	44701712	29450
17	44703967	44704088	23035
17	44707735	44707856	61535
17	44714703	44714944	43548
17	44717410	44717537	38313
17	44717985	44718106	31306
17	44720426	44720667	60425
17	44751758	44751999	22534
17	44770230	44770471	21118
17	44771188	44771309	18334
17	44771813	44772054	72411
17	44782111	44782232	19892
17	44788285	44788526	16539
17	44791134	44791389	47473
17	44792965	44793065	3183
17	44793936	44794036	6742
17	44798912	44799032	14048
17	44799119	44799360	38469
17	44800191	44800292	5085
17	44803886	44804007	21822
17	44806199	44806320	5752
17	44827084	44827325	21057
17	44828834	44828992	23275
17	44832646	44832767	5961
17	44833117	44833238	13018
17	44834036	44834137	9336
17	44834152	44834253	5646
17	44834754	44834855	7781
17	44841651	44841751	4227
17	44845624	44846225	57170
17	44847100	44847461	52264
17	44850973	44851334	21965
17	44857447	44857548	3654
17	44895862	44896257	31463
17	44910697	44910818	8511
17	44928965	44929093	0
17	44949799	44950190	13526
17	44952283	44952779	50482
17	44953576	44954094	42692
17	45000511	45000632	5371
17	45006856	45006977	6796
17	45008455	45008583	5142
17	45009377	45009618	10069
17	45012343	45012647	22837
17	45013108	45013209	16856
17	45013260	45013361	20755
17	45015894	45016165	14853
17	45017858	45018009	7316
17	45055973	45056615	6905
17	45094541	45095863	330730
17	45095981	45096822	260272
17	45097061	45097181	13242
17	45098907	45099147	87692
17	45099190	45099311	45835
17	45102020	45102141	53058
17	45105622	45105746	42787
17	45110653	45110774	20435
17	45124449	45124691	107005
17	45126911	45127032	30114
17	45127270	45127871	307713
17	45137314	45137555	48798
17	45177559	45177660	17273
17	45195752	45196073	19509
17	45197741	45197842	13091
17	45197931	45198032	7062
17	45198066	45198401	12316
17	45199766	45200007	18434
17	45201227	45201348	6110
17	45206671	45206942	19812
17	45209560	45209801	11891
17	45214500	45214741	10331
17	45216059	45216300	10317
17	45219153	45219424	16571
17	45219577	45219818	12819
17	45221207	45221358	8122
17	45229136	45229303	8732
17	45231973	45232214	8142
17	45234263	45234504	5576
17	45234551	45234792	15993
17	45235529	45235680	7523
17	45240630	45240730	8290
17	45247194	45247465	14583
17	45249235	45249476	6232
17	45258874	45259025	6169
17	45266433	45266815	27600
17	45286678	45287002	53605
17	45291115	45291236	13361
17	45297223	45297464	15060
17	45299013	45299254	35569
17	45299693	45299844	8340
17	45300302	45300453	32492
17	45331216	45331342	928
17	45351736	45351887	16315
17	45360696	45360937	14063
17	45361753	45362114	41115
17	45363573	45363885	39417
17	45364395	45364636	35374
17	45367033	45367154	15757
17	45367534	45367655	25598
17	45368265	45368526	40371
17	45369478	45369959	39238
17	45376663	45376906	21340
17	45377802	45377954	18947
17	45380025	45380266	27166
17	45384768	45385039	23300
17	45387476	45387688	21637
17	45387929	45388030	3556
17	45388221	45388322	6467
17	45388585	45388686	23000
17	45389467	45389568	13751
17	45405643	45405794	8151
17	45412520	45412761	13986
17	45419277	45419408	13365
17	45421471	45421712	15872
17	45422361	45422482	11697
17	45425124	45425365	22461
17	45438694	45438905	19231
17	45447777	45447898	11943
17	45451783	45452384	36580
17	45455079	45455320	16987
17	45456522	45456643	7165
17	45468753	45468994	19805
17	45471366	45471517	10918
17	45473150	45473391	22863
17	45478768	45478889	5824
17	45479472	45479593	10422
17	45481194	45481435	16819
17	45481902	45482023	4914
17	45486943	45487094	11088
17	45490089	45490330	22673
17	45492188	45492309	11638
17	45501545	45502015	31682
17	45502723	45502842	23120
17	45503199	45503320	14157
17	45503437	45503558	10822
17	45507134	45507375	22568
17	45517757	45518118	32931
17	45523441	45523541	4597
17	45534049	45534159	4398
17	45560346	45560467	15475
17	45567601	45567722	7902
17	45568348	45568589	34669
17	45569731	45569882	24078
17	45608564	45608980	42851
17	45623255	45623377	31568
17	45646760	45646881	9574
17	45656695	45656936	40895
17	45660040	45660260	30082
17	45662833	45663085	45410
17	45663500	45663621	43312
17	45663686	45663821	12675
17	45664531	45664772	30675
17	45668043	45668284	86187
17	45669252	45669493	56674
17	45669819	45669940	14786
17	45673652	45673893	18763
17	45677012	45677133	29352
17	45678922	45679163	26268
17	45681226	45681467	36160
17	45682687	45682928	17706
17	45689775	45690016	14589
17	45691001	45691122	8875
17	45695648	45695889	15382
17	45696331	45696572	29350
17	45697065	45697186	11185
17	45699088	45699329	29160
17	45699363	45699596	25348
17	45699807	45699947	8620
17	45700500	45700683	17578
17	45727459	45727690	1595
17	45727719	45727840	1318
17	45729999	45730270	22564
17	45734204	45734445	29133
17	45735841	45736069	9610
17	45738453	45738574	8364
17	45740438	45740559	14915
17	45741515	45741645	6104
17	45742382	45742534	13839
17	45745542	45745786	18106
17	45747018	45747259	50250
17	45748011	45748252	27900
17	45750336	45750577	24128
17	45750830	45750951	15242
17	45751954	45752195	42978
17	45753724	45753875	21611
17	45754376	45754503	17181
17	45755362	45755603	28137
17	45755664	45755789	6435
17	45757376	45757562	7825
17	45757833	45758074	36198
17	45759678	45759858	24500
17	45759929	45760030	7449
17	45760215	45760496	25968
17	45760525	45760776	14186
17	45760816	45760916	11210
17	45760931	45761031	19810
17	45762032	45762132	7357
17	45773373	45773734	56967
17	45774016	45774257	11808
17	45774385	45774626	9348
17	45775929	45776170	15853
17	45776652	45776893	13727
17	45776971	45777092	15903
17	45785697	45785938	28615
17	45786029	45786854	1643
17	45787806	45788111	25184
17	45788684	45788785	9666
17	45788952	45789062	9667
17	45789238	45789339	4828
17	45810764	45811365	4787
17	45819931	45820172	44392
17	45820346	45820617	20994
17	45821518	45821759	19479
17	45821787	45821938	14037
17	45822031	45822782	76077
17	45884715	45884902	11464
17	45885181	45885370	4829
17	45885647	45885775	10250
17	45885813	45886084	17362
17	45886141	45886633	29119
17	45886650	45886891	19586
17	45887907	45888058	15508
17	45888078	45888229	9107
17	45890549	45890820	30206
17	45890865	45891256	40923
17	45891842	45891993	12758
17	45892498	45892769	19347
17	45893459	45893580	8968
17	45893739	45893860	8789
17	45893873	45894114	17341
17	45894130	45894251	4520
17	45894612	45894735	1645
17	45895542	45895813	24747
17	45895862	45895992	7667
17	45896317	45896475	12664
17	45897030	45897181	7971
17	45897248	45897666	25953
17	45901516	45901877	32179
17	45903953	45904194	23890
17	45904336	45904607	13668
17	45905830	45906071	18731
17	45908730	45908911	40677
17	45909299	45909420	12859
17	45909427	45909581	12413
17	45911753	45911909	10713
17	45912634	45912801	18658
17	45912995	45913151	16156
17	45913372	45913493	12138
17	45913618	45913889	15595
17	45914029	45914540	46506
17	45915137	45915408	31186
17	45915574	45916099	44624
17	45916113	45916384	33610
17	45916758	45917029	19774
17	45917526	45917767	10260
17	45918001	45918242	23561
17	45918546	45918667	10264
17	45922300	45922401	3399
17	45922891	45923085	9545
17	45924628	45925853	126261
17	45959412	45959673	23573
17	45973516	45973872	7419
17	45992624	45992775	9238
17	45993437	45994548	95693
17	45995136	45995262	8493
17	46000272	46000663	26417
17	46002220	46002491	15419
17	46002659	46002930	19982
17	46005078	46005200	6734
17	46005509	46005610	7994
17	46005624	46005865	12707
17	46005890	46006280	13736
17	46006301	46006426	3830
17	46006997	46007098	12656
17	46018989	46019230	11029
17	46020616	46020853	29442
17	46021940	46022091	9090
17	46022860	46023011	7804
17	46023169	46023410	18211
17	46023662	46023783	6117
17	46023942	46024183	20943
17	46030263	46030630	36076
17	46048454	46048575	19115
17	46048689	46048810	13588
17	46050829	46051070	21253
17	46051255	46051407	7165
17	46051728	46051849	7413
17	46052451	46052733	29841
17	46052828	46053069	27098
17	46053185	46053426	18060
17	46054041	46054198	17593
17	46055175	46055296	17444
17	46056177	46056298	5078
17	46057910	46058181	35414
17	46058463	46058734	14086
17	46058774	46058895	20207
17	46058952	46059100	23924
17	46103756	46103877	9459
17	46105795	46105916	8334
17	46106455	46106576	9379
17	46109499	46109620	8944
17	46110018	46110139	7854
17	46110561	46110682	12110
17	46111208	46111329	17247
17	46114192	46114313	10068
17	46114478	46114638	17589
17	46114941	46115149	11995
17	46122048	46122149	8752
17	46126162	46126262	14337
17	46127968	46129035	92945
17	46133702	46133973	14467
17	46134347	46134498	11417
17	46134663	46134904	32426
17	46135581	46137096	104978
17	46137224	46137325	9056
17	46137733	46137834	5557
17	46138007	46138108	5821
17	46138134	46138342	25604
17	46147392	46147493	4652
17	46147499	46147600	4828
17	46147705	46147806	8373
17	46147934	46148227	24682
17	46148346	46148530	5699
17	46148566	46148988	65407
17	46152323	46152474	5811
17	46153227	46153594	48110
17	46154145	46154416	35949
17	46188049	46188149	7886
17	46189365	46189486	12769
17	46189887	46190038	13309
17	46190651	46190773	10850
17	46196022	46196173	10457
17	46196290	46196561	42203
17	46198561	46198913	39717
17	46199282	46199746	39881
17	46214587	46214709	11777
17	46233739	46233890	6232
17	46239081	46239182	3104
17	46239819	46239941	8403
17	46247934	46248055	16709
17	46257361	46257620	30065
17	46259696	46259847	11438
17	46262025	46262266	15805
17	46263066	46263167	1429
17	46265185	46265306	4380
17	46266762	46266883	10291
17	46419936	46420037	5842
17	46423256	46423378	7342
17	46441072	46441223	10647
17	46474032	46474157	3110
17	46507398	46507609	5101
17	46606891	46607279	35700
17	46607676	46608277	76099
17	46620032	46620133	19361
17	46620141	46620242	34770
17	46620420	46621145	57709
17	46621811	46622342	71226
17	46626330	46626540	18554
17	46626543	46626644	5615
17	46626658	46626900	11955
17	46627009	46627109	7493
17	46627311	46627412	9666
17	46627627	46628652	101060
17	46629341	46629852	59525
17	46632886	46632986	6242
17	46652941	46653041	2995
17	46653106	46653206	5132
17	46653447	46653562	4447
17	46653570	46653671	6195
17	46653698	46653799	5242
17	46653903	46654004	698
17	46654021	46654412	30248
17	46655200	46655694	7240
17	46657175	46657334	11139
17	46668581	46668682	8280
17	46668792	46668893	8778
17	46669177	46669470	11407
17	46669513	46669874	48916
17	46670462	46671092	89868
17	46673190	46673366	13727
17	46673723	46674084	37201
17	46675063	46675590	54316
17	46681327	46681448	8696
17	46681841	46681977	6113
17	46682313	46682445	5058
17	46683433	46683674	32053
17	46684830	46685029	9400
17	46685194	46685501	37417
17	46687839	46688320	42144
17	46689673	46689985	33711
17	46690066	46690272	19372
17	46690324	46690424	3674
17	46690513	46690897	23108
17	46691613	46692094	66500
17	46698493	46698624	4425
17	46699641	46699742	9053
17	46700252	46700507	37616
17	46703071	46703672	28747
17	46709825	46709946	5392
17	46710854	46710955	204
17	46799153	46799271	7367
17	46799625	46799776	9983
17	46801770	46802045	28179
17	46804097	46804458	23297
17	46805263	46806014	93929
17	46840233	46840335	2136
17	46846302	46846663	32702
17	46847003	46847514	94855
17	46862275	46862610	28599
17	46863460	46863731	88833
17	46865145	46865386	32089
17	46867259	46867500	26636
17	46868701	46868975	40959
17	46871490	46871654	16560
17	46873404	46873525	7786
17	46874373	46874614	24383
17	46876922	46877163	24899
17	46878560	46878801	14246
17	46878824	46879065	11615
17	46881210	46881331	4808
17	46881589	46881950	14700
17	46882122	46882363	17121
17	46894264	46894505	36296
17	46919038	46919279	21057
17	46925415	46925538	7942
17	46925599	46925870	31297
17	46926555	46926796	10472
17	46928403	46928554	6946
17	46928894	46929015	5828
17	46929807	46930048	26119
17	46930269	46930390	14530
17	46933440	46933591	7179
17	46937622	46937863	15606
17	46939560	46939711	10542
17	46940169	46940403	41052
17	46952229	46952350	17001
17	46970737	46970858	9191
17	46971681	46971832	16726
17	46972485	46972726	37276
17	46972952	46973255	35499
17	46985737	46986234	2376
17	46988144	46988265	7128
17	46990139	46990409	27117
17	46993372	46993611	37257
17	46998456	46998697	42455
17	47000192	47000313	10516
17	47004289	47004626	14042
17	47004758	47004859	7971
17	47005029	47005193	15722
17	47005846	47005947	14597
17	47005966	47006067	14855
17	47006077	47006456	30502
17	47007644	47007745	3571
17	47007760	47008025	19357
17	47008950	47009101	18835
17	47010516	47010757	41666
17	47013506	47013627	7315
17	47014342	47014496	11044
17	47018203	47018474	11163
17	47021220	47021371	8628
17	47021953	47022119	10275
17	47036012	47036133	8206
17	47038238	47038365	6172
17	47039073	47039194	6119
17	47041635	47041876	23176
17	47044490	47044641	7291
17	47074779	47074879	19590
17	47075043	47075314	24552
17	47076439	47076560	3772
17	47102942	47103063	8933
17	47103762	47103913	17218
17	47109212	47109363	9108
17	47115459	47115850	56696
17	47117234	47117505	10939
17	47118679	47118920	43641
17	47119520	47119791	42593
17	47120699	47120970	21770
17	47121267	47121508	23538
17	47122328	47122449	18974
17	47123166	47123437	26206
17	47123587	47123745	9271
17	47126698	47126819	9217
17	47127521	47127622	10542
17	47128217	47128317	11188
17	47128390	47128710	37001
17	47130074	47130175	5372
17	47130591	47130691	5933
17	47130807	47130908	7330
17	47130925	47131142	11302
17	47131292	47131405	10564
17	47131608	47131782	7259
17	47132326	47132427	8882
17	47132443	47132544	4544
17	47133388	47133489	5341
17	47210100	47210221	17697
17	47210363	47210604	25772
17	47218587	47218828	29008
17	47219344	47219585	19421
17	47230152	47230278	5947
17	47233885	47234006	20594
17	47236337	47236608	20870
17	47237868	47238019	13281
17	47241392	47241663	26793
17	47243435	47243665	31822
17	47246001	47246272	34741
17	47246866	47247107	18762
17	47284030	47284301	27545
17	47284651	47284802	12659
17	47288023	47288264	5482
17	47293855	47294096	10905
17	47295067	47295308	12769
17	47296883	47297004	9918
17	47297206	47297327	2928
17	47297488	47297729	22451
17	47299368	47299639	34061
17	47299844	47300115	16227
17	47300758	47300920	18533
17	47301565	47302494	58786
17	47303939	47304090	12245
17	47329577	47330058	40429
17	47372812	47372913	4658
17	47373609	47373710	7683
17	47373766	47373867	7034
17	47374633	47374734	2444
17	47375019	47375120	10207
17	47375139	47375420	25186
17	47375429	47375623	9197
17	47375721	47376313	32987
17	47388624	47388865	51140
17	47389225	47389466	13539
17	47390012	47390253	13220
17	47394156	47395117	96473
17	47481532	47481633	2742
17	47482179	47482308	7101
17	47482338	47482579	15736
17	47484077	47484228	10882
17	47486226	47486581	34283
17	47486612	47486883	34116
17	47488969	47489240	22074
17	47490521	47490642	8837
17	47501566	47501746	26593
17	47501884	47502001	25027
17	47572751	47572872	1316
17	47579344	47579578	18422
17	47583599	47584080	29576
17	47587688	47588079	20333
17	47589212	47589453	9909
17	47590009	47590452	52887
17	47590584	47590685	7332
17	47590753	47590854	5367
17	47653547	47653668	15951
17	47655918	47656672	67594
17	47657543	47657644	1866
17	47676213	47676324	6094
17	47676569	47676740	6209
17	47676969	47677069	9445
17	47677114	47677214	9328
17	47677660	47677931	25012
17	47679176	47679417	33908
17	47684551	47684792	14858
17	47685172	47685323	16507
17	47688579	47688850	12960
17	47696255	47696526	9454
17	47696550	47696791	14825
17	47699266	47699488	20185
17	47700072	47700193	10575
17	47755262	47755363	3214
17	47778784	47778905	7276
17	47780145	47780416	12028
17	47780511	47780666	6718
17	47781403	47781644	23444
17	47782443	47782684	32864
17	47783146	47783293	10336
17	47783479	47783707	12689
17	47784317	47784440	8116
17	47785082	47785311	13002
17	47787737	47787940	20092
17	47788006	47788107	4654
17	47788453	47788946	37374
17	47793480	47793721	20718
17	47794854	47795125	19380
17	47797037	47797308	18110
17	47797678	47797808	4947
17	47799847	47799968	22235
17	47809876	47810117	29658
17	47841212	47841567	0
17	47866110	47866263	16525
17	47869200	47869441	17011
17	47874078	47874319	15857
17	47875619	47875980	21451
17	47882697	47882818	11316
17	47886464	47886585	7365
17	47888825	47888946	6869
17	47893128	47893285	13400
17	47895156	47895397	17749
17	47898682	47898803	3553
17	47898960	47899201	18481
17	47900549	47900670	7711
17	47903313	47903554	25758
17	47904016	47904171	2909
17	47904722	47904996	36283
17	47905065	47905206	22444
17	47906028	47906129	15423
17	47906165	47906447	21300
17	47915958	47916079	17084
17	47916889	47916989	5483
17	47917180	47917301	15650
17	47918868	47918989	42009
17	47921381	47921532	11862
17	47923518	47923639	14669
17	47924284	47924668	25399
17	47925196	47925437	29664
17	48046762	48047153	57189
17	48050369	48050654	33338
17	48050974	48051365	27438
17	48067349	48067450	4563
17	48067785	48067886	5016
17	48068035	48068182	11017
17	48068238	48068338	5488
17	48068756	48068857	18683
17	48068871	48069238	37234
17	48070737	48070978	16253
17	48071988	48072379	51934
17	48133683	48134044	4476
17	48141383	48141624	15908
17	48141870	48141991	6409
17	48145333	48145724	24771
17	48148189	48148310	5888
17	48148657	48148898	29264
17	48149296	48149567	19033
17	48151262	48151383	12918
17	48151454	48151695	23943
17	48151793	48151914	5689
17	48152765	48153150	22945
17	48153643	48153884	8180
17	48153905	48154056	1441
17	48154290	48154531	3535
17	48154715	48154836	14540
17	48155358	48155509	8372
17	48155518	48155669	13769
17	48156147	48156300	10242
17	48156409	48156650	19683
17	48156708	48156979	33942
17	48157591	48157749	18977
17	48158661	48158782	11478
17	48165019	48165290	33623
17	48165579	48165709	2670
17	48166400	48166671	24357
17	48166991	48167092	6215
17	48167465	48167565	6435
17	48167741	48167851	15118
17	48172737	48172978	23858
17	48174765	48174977	14384
17	48182679	48182830	3844
17	48183189	48183460	26892
17	48184141	48184262	3221
17	48184417	48184538	8874
17	48185496	48185617	21055
17	48185670	48185791	13147
17	48185966	48186093	8309
17	48186641	48186774	10413
17	48187269	48187510	16610
17	48190213	48190454	37766
17	48191244	48191485	19557
17	48191489	48191822	19376
17	48192886	48193127	25632
17	48193139	48193290	22609
17	48193319	48193470	24031
17	48194733	48195094	1411
17	48195486	48195727	16458
17	48202210	48202361	11350
17	48211326	48211427	6576
17	48211499	48211600	5078
17	48211884	48211984	9360
17	48212023	48212123	8805
17	48212202	48212312	5702
17	48212331	48212432	6960
17	48212450	48212595	2499
17	48212661	48212782	8879
17	48212904	48213025	7247
17	48213266	48213627	23431
17	48216593	48216741	12047
17	48216748	48216989	21916
17	48217404	48217645	18960
17	48218564	48218805	17306
17	48220901	48221142	15954
17	48222422	48222663	21951
17	48226498	48227899	50759
17	48243345	48243496	22386
17	48244637	48245139	24709
17	48245252	48245403	6248
17	48245712	48245953	18750
17	48246412	48246653	19896
17	48247486	48247727	26765
17	48247952	48248073	5636
17	48248844	48249416	39523
17	48249461	48249757	25897
17	48252586	48252827	42272
17	48258070	48258440	27718
17	48261439	48261641	13036
17	48261753	48261854	5241
17	48261886	48262121	4301
17	48262706	48262807	3572
17	48262814	48263439	44157
17	48263651	48263892	37384
17	48263930	48264321	44094
17	48264366	48264493	8109
17	48264810	48264931	4892
17	48265227	48265354	23997
17	48265422	48265543	9542
17	48265811	48266008	12086
17	48266038	48266189	14554
17	48266226	48266381	8258
17	48266491	48266646	10458
17	48266697	48266938	17455
17	48267005	48267126	7610
17	48267185	48267306	17857
17	48267324	48267479	16383
17	48267623	48267774	14277
17	48267839	48267990	10724
17	48268168	48268295	12178
17	48268706	48268861	12223
17	48269136	48269257	8643
17	48269301	48269422	7199
17	48269801	48269922	8552
17	48269936	48270087	16924
17	48270093	48270244	16901
17	48270320	48270441	12803
17	48271291	48271412	9228
17	48271426	48271577	9465
17	48271667	48271818	14840
17	48271899	48272020	10255
17	48272072	48272199	7953
17	48272343	48272494	8152
17	48272550	48272701	17760
17	48272725	48272876	18455
17	48272885	48273036	13368
17	48273249	48273370	7723
17	48273446	48273597	10166
17	48273640	48273761	5706
17	48273805	48274064	14049
17	48274336	48274457	9142
17	48274476	48274627	11184
17	48275028	48275179	13727
17	48275275	48275396	5587
17	48275452	48275603	5673
17	48275768	48275889	4127
17	48276577	48276856	6220
17	48276872	48276993	12705
17	48277068	48277330	8775
17	48278731	48278884	29918
17	48351805	48351956	34164
17	48355027	48355148	11845
17	48355862	48356013	14488
17	48356138	48356379	18126
17	48356521	48356679	12835
17	48423441	48423666	1400
17	48430935	48431536	61112
17	48431705	48431976	30032
17	48432164	48432435	25772
17	48432840	48432961	4567
17	48433098	48433369	15542
17	48433382	48433653	21893
17	48433791	48434182	27595
17	48434364	48434635	29851
17	48435530	48435914	45470
17	48437309	48437745	41490
17	48437954	48438054	11884
17	48438145	48438246	9470
17	48438431	48438531	10411
17	48445404	48445673	41726
17	48447347	48447486	4206
17	48447760	48448001	25713
17	48450206	48450327	6240
17	48450450	48450571	7697
17	48452505	48453610	104705
17	48455907	48456058	10213
17	48456074	48456315	32180
17	48456375	48456646	33788
17	48456749	48456990	35899
17	48457616	48457887	17047
17	48458090	48458331	26167
17	48458786	48458904	8999
17	48459186	48459287	29844
17	48459397	48459497	7816
17	48459953	48460054	3675
17	48460232	48460646	31105
17	48462414	48462685	26373
17	48465365	48465516	8592
17	48469719	48469873	9261
17	48470027	48470284	15755
17	48472258	48472379	13467
17	48474534	48474688	13650
17	48503575	48503806	7089
17	48538014	48538255	23777
17	48538545	48538786	14722
17	48538929	48539080	5215
17	48539482	48539723	18994
17	48539742	48539983	19158
17	48540473	48540624	6425
17	48540683	48540954	13652
17	48541163	48541284	8412
17	48541525	48541676	8122
17	48542242	48542342	14870
17	48542578	48542849	45282
17	48543028	48543241	27912
17	48545366	48546207	65681
17	48548379	48548506	6829
17	48549713	48549984	20679
17	48550975	48551216	13231
17	48551245	48551375	6753
17	48551502	48551653	11294
17	48551837	48551961	9551
17	48556191	48556432	606
17	48556905	48557176	38346
17	48557191	48557462	56138
17	48559393	48559874	54025
17	48559974	48560095	6728
17	48560653	48560894	15804
17	48561032	48561153	12285
17	48561763	48561916	10236
17	48562012	48562283	36911
17	48585887	48586124	8022
17	48586373	48586494	5197
17	48592196	48592388	9528
17	48593873	48594114	12754
17	48594612	48594868	18742
17	48594946	48595069	6418
17	48595842	48596113	19983
17	48596271	48596512	20605
17	48596953	48597194	15243
17	48598407	48598854	34159
17	48599296	48599499	18110
17	48600273	48600514	21908
17	48600930	48601171	22023
17	48602159	48602430	16898
17	48603163	48603674	32236
17	48604557	48604828	13165
17	48605452	48605693	34542
17	48606007	48606248	10074
17	48606342	48606583	12505
17	48607105	48607205	2767
17	48607536	48607637	2868
17	48608677	48608799	6070
17	48613839	48614498	49721
17	48615377	48615618	34386
17	48616223	48616344	10814
17	48616490	48616752	16691
17	48617560	48617711	8449
17	48618107	48618468	22290
17	48618550	48618704	12139
17	48618788	48619065	19245
17	48619153	48619528	11756
17	48624546	48624667	109
17	48625043	48625164	6987
17	48625422	48625543	7780
17	48625577	48625848	31774
17	48625885	48626006	17467
17	48626096	48626867	90131
17	48627259	48627683	38888
17	48627842	48627993	18652
17	48628022	48628293	32804
17	48628303	48628593	39765
17	48628834	48629075	31199
17	48629314	48629555	44717
17	48631590	48631831	26341
17	48632541	48632692	16646
17	48632786	48633057	16853
17	48638774	48639153	1444
17	48639380	48639481	14249
17	48646160	48646352	20811
17	48646471	48646712	56469
17	48647054	48647175	7525
17	48649197	48649438	45761
17	48649883	48650244	25174
17	48650366	48650487	16726
17	48652871	48653726	78011
17	48655495	48655976	35259
17	48667786	48668027	29606
17	48668767	48669008	41133
17	48669035	48669495	44570
17	48672326	48672447	11196
17	48673903	48674024	26085
17	48674066	48674307	20985
17	48676763	48677244	56107
17	48678015	48678256	29132
17	48678352	48678593	26379
17	48680153	48680274	16117
17	48680346	48680587	44470
17	48681457	48681698	20253
17	48683200	48683631	31319
17	48684244	48684407	33146
17	48685173	48685414	71043
17	48687208	48687329	8660
17	48692676	48692917	28448
17	48693569	48693810	23189
17	48694744	48694985	32969
17	48695193	48695314	8338
17	48695386	48695507	7583
17	48695522	48695763	12682
17	48695951	48696432	48869
17	48696994	48697235	11204
17	48698966	48699207	29257
17	48701230	48701471	20091
17	48701684	48701925	11471
17	48703323	48704164	61726
17	48704319	48704446	5763
17	48712258	48712379	0
17	48733159	48733400	23060
17	48733974	48734245	21627
17	48734324	48734595	54992
17	48735354	48735625	22689
17	48735735	48735886	18985
17	48736512	48736783	25296
17	48738228	48738499	17564
17	48740997	48741511	65560
17	48742468	48742619	27717
17	48744895	48745416	29476
17	48745743	48745894	10887
17	48746185	48746336	9825
17	48746412	48746920	37369
17	48750264	48750535	41598
17	48750803	48751044	35932
17	48752658	48752899	19600
17	48752942	48753183	18220
17	48753196	48753467	25254
17	48753612	48753973	24884
17	48755053	48755324	22595
17	48755395	48755636	33769
17	48757118	48757270	10024
17	48760922	48761163	41316
17	48761237	48761508	25743
17	48762031	48762272	16638
17	48764842	48765113	27904
17	48768443	48768571	16658
17	48772850	48772951	15618
17	48773242	48773550	29629
17	48774270	48774511	22716
17	48776717	48777264	47928
17	48777881	48778122	8315
17	48784827	48785029	19228
17	48797081	48797202	21885
17	48814292	48814413	13044
17	48814634	48814776	2472
17	48817625	48817776	26841
17	48818413	48818654	24904
17	48818993	48819114	3185
17	48821057	48821181	9253
17	48821972	48822184	9802
17	48822985	48823420	16648
17	48823831	48824102	7777
17	48827820	48828298	18453
17	48828360	48828870	71183
17	48828938	48829117	12437
17	48829436	48829537	7434
17	48829750	48829900	12133
17	48830615	48830715	5105
17	48838723	48838867	8498
17	48840757	48840933	46173
17	48844204	48844801	30568
17	48913229	48913562	58233
17	48916838	48918399	175924
17	48939547	48939942	18762
17	48939978	48941414	116480
17	49041986	49042185	9120
17	49043357	49043486	9610
17	49043569	49043810	8133
17	49048021	49048262	20968
17	49052098	49052339	20412
17	49053181	49053302	10091
17	49054459	49054592	7165
17	49057071	49057312	15431
17	49059837	49060078	10952
17	49062226	49062377	6942
17	49063037	49063158	6058
17	49064414	49064655	16005
17	49067012	49067255	18864
17	49067798	49068039	25185
17	49071089	49071330	9816
17	49072380	49072621	16152
17	49072788	49072909	6258
17	49073869	49074110	42995
17	49075770	49076011	24118
17	49076727	49076892	9814
17	49076988	49077109	12278
17	49079019	49079260	16992
17	49082537	49082658	4927
17	49083400	49083641	24314
17	49084597	49084718	13223
17	49091532	49091773	15723
17	49097478	49097629	7031
17	49098501	49098736	51179
17	49108991	49109122	4787
17	49118815	49119056	19664
17	49123822	49124063	10959
17	49124721	49124842	11301
17	49133746	49133867	13229
17	49156898	49157124	17983
17	49197684	49198029	29007
17	49231700	49231821	15258
17	49232955	49233196	36094
17	49237330	49237544	26960
17	49238511	49238643	8815
17	49239026	49239267	32665
17	49244101	49244372	17340
17	49245592	49245714	11425
17	49247262	49247420	15520
17	49248785	49249026	20154
17	49257874	49258115	24743
17	49263385	49263577	26622
17	49269541	49269662	14443
17	49270061	49270422	35819
17	49270738	49270889	8102
17	49272527	49272768	15285
17	49278943	49279067	12656
17	49279349	49279470	10498
17	49280052	49280306	29903
17	49280483	49280604	8261
17	49281067	49281338	14032
17	49284186	49284427	22079
17	49286674	49286792	4838
17	49294674	49294795	4879
17	49296222	49296463	25677
17	49297636	49297877	30265
17	49302324	49302570	13447
17	49336485	49336585	8376
17	49337159	49337302	6142
17	49337896	49338297	14606
17	49340599	49340757	19625
17	49343530	49343651	10846
17	49346170	49346291	4044
17	49350705	49350826	5781
17	49353168	49353409	15812
17	49354456	49354697	25630
17	49357354	49357476	11049
17	49357733	49357854	3973
17	49362546	49362787	40446
17	49365355	49365596	29773
17	49371213	49371454	15241
17	49374276	49374397	7931
17	49375212	49375313	7753
17	49567687	49567808	32653
17	49580404	49580525	4571
17	49707676	49708001	15363
17	49708205	49708410	15738
17	49708468	49708569	8400
17	49708848	49709015	12752
17	49710772	49711043	33558
17	49713171	49713412	19950
17	49726517	49726638	4910
17	49730988	49731109	14902
17	49752144	49752244	10617
17	49821318	49821419	6694
17	49824934	49825244	52540
17	49835347	49835447	8318
17	49842849	49842950	8948
17	50001369	50001470	3627
17	50008299	50008540	19099
17	50149637	50149788	12007
17	50212118	50212349	20484
17	50235054	50235175	9274
17	50235236	50235425	12190
17	51062998	51063119	14502
17	51063781	51063902	9509
17	51063948	51064187	22818
17	51064587	51064708	20727
17	51614864	51615080	14505
17	51900384	51902574	147463
17	52537824	52539537	101276
17	52978164	52978315	26358
17	52981049	52981170	5659
17	52982827	52982948	6416
17	52989980	52990221	9042
17	52991050	52991271	9278
17	52991990	52992114	15793
17	52993043	52993286	29435
17	53007379	53007620	46370
17	53013978	53014099	4510
17	53014377	53014648	18986
17	53016271	53016392	8057
17	53024586	53024707	9348
17	53026869	53026994	4185
17	53027385	53027506	6799
17	53037895	53038016	3061
17	53038606	53038707	2621
17	53038974	53039096	11105
17	53040033	53040304	25253
17	53040608	53040849	11307
17	53042014	53042255	15453
17	53045553	53046064	92492
17	53063542	53063663	9600
17	53068130	53068371	13244
17	53076696	53076822	7631
17	53076946	53077217	15312
17	53078145	53078266	12246
17	53084821	53084972	18531
17	53108485	53108636	11324
17	53111513	53111634	16061
17	53120580	53120701	5957
17	53120920	53121041	25675
17	53124407	53124532	4984
17	53150227	53150468	17608
17	53155375	53155616	11706
17	53156010	53156131	6656
17	53158356	53158597	25133
17	53218638	53218759	7972
17	53237093	53237334	17708
17	53237653	53237754	5134
17	53237784	53237885	8059
17	53241179	53241280	15813
17	53342781	53343022	13925
17	53345068	53345459	20746
17	53392576	53392822	15122
17	53398011	53398252	28738
17	53398283	53398384	11520
17	53398681	53398782	3576
17	53398895	53399083	7213
17	53399233	53399334	6442
17	53399488	53399841	19922
17	53399974	53400125	9895
17	53400815	53401024	11856
17	53402317	53402417	14705
17	53469987	53470088	3956
17	53470823	53470924	7470
17	53470942	53471166	11855
17	53471201	53471317	4861
17	53471387	53471914	26644
17	53478773	53478924	6018
17	53481117	53481239	6288
17	53485082	53485203	4781
17	53488576	53488817	29267
17	53491461	53491612	18296
17	53498952	53499129	25733
17	53797260	53797360	5284
17	53797987	53798497	47286
17	53828413	53828654	4708
17	53828738	53828859	10864
17	53844633	53844827	35962
17	53848415	53848566	16785
17	53851049	53851290	21644
17	53852125	53852246	9362
17	53853337	53853488	3276
17	53854514	53854614	5188
17	54125003	54125147	7738
17	54230789	54230940	12649
17	54305236	54305387	7532
17	54398366	54398467	8303
17	54398584	54398685	12716
17	54400788	54400903	6178
17	54403497	54403768	29224
17	54428106	54428347	11384
17	54431180	54431421	30063
17	54449982	54450223	17497
17	54451927	54452085	17001
17	54517675	54517796	7116
17	54520187	54520308	4770
17	54526430	54526557	12575
17	54534180	54534331	7401
17	54534562	54534803	7137
17	54535160	54535401	21391
17	54543703	54543944	24781
17	54554837	54555051	20309
17	54557982	54558223	14337
17	54559661	54560028	28349
17	54569547	54569714	10429
17	54576242	54576459	11697
17	54587833	54588630	80181
17	54671022	54671122	3696
17	54671244	54671345	147
17	54671382	54672952	112631
17	54872331	54872602	19890
17	54892188	54892340	22579
17	54893058	54893299	30744
17	54912117	54912630	65836
17	54921338	54921579	16975
17	54922989	54923230	13793
17	54925233	54925474	27974
17	54926014	54926255	12413
17	54926506	54926627	7431
17	54933863	54933996	13145
17	54935899	54936050	9381
17	54939094	54939335	14150
17	54939491	54939627	10548
17	54939911	54940182	16889
17	54967955	54968294	21787
17	54968623	54968724	2644
17	54968994	54969625	38634
17	54972691	54972812	14654
17	54972832	54972983	17632
17	54973238	54973359	6308
17	54976417	54976568	12214
17	54978708	54978979	28940
17	54981606	54981859	50522
17	54985785	54985936	11473
17	54990659	54991410	55826
17	55016237	55016361	3261
17	55016412	55016533	5247
17	55019378	55019499	7040
17	55023746	55023897	9855
17	55026710	55026831	12298
17	55027023	55027144	16076
17	55027202	55028403	90833
17	55038076	55038437	16447
17	55055457	55055608	6074
17	55058395	55058636	29495
17	55062692	55062843	15503
17	55065012	55065253	18730
17	55065552	55065673	16557
17	55068434	55068555	19946
17	55072269	55072420	9530
17	55072810	55073051	30637
17	55074308	55074459	5579
17	55075736	55075869	13838
17	55078163	55078404	37569
17	55079309	55079580	18768
17	55083503	55083624	22021
17	55123358	55123806	56194
17	55182751	55184582	132201
17	55185279	55185409	11570
17	55187301	55187572	46372
17	55189100	55189341	44875
17	55189764	55190035	23911
17	55191787	55192028	16290
17	55193395	55193666	38797
17	55194193	55194314	16787
17	55195717	55195838	10727
17	55196318	55196439	28423
17	55197556	55197768	39766
17	55198061	55198162	12156
17	55198274	55198450	18764
17	55334073	55334194	200
17	55334362	55334519	16440
17	55334806	55334957	6138
17	55335611	55335732	9225
17	55339471	55339592	3926
17	55348589	55348689	9602
17	55478694	55478845	11663
17	55606999	55607120	6302
17	55674208	55674329	6267
17	55693266	55693471	16620
17	55704565	55704686	17773
17	55709110	55709231	6524
17	55709403	55709504	8508
17	55727972	55728072	10563
17	55729399	55729550	16351
17	55751318	55751419	4275
17	55752207	55752529	28253
17	55753052	55753152	15466
17	55754307	55754434	24063
17	55756888	55756988	11688
17	55822101	55822702	39959
17	55917068	55917339	23407
17	55918248	55918469	21788
17	55918491	55918642	5085
17	55926534	55926805	15566
17	55927258	55927409	16439
17	55940439	55940539	10849
17	55943780	55943931	13904
17	55944685	55944806	8655
17	55945496	55945617	8466
17	55946457	55946578	3543
17	55948597	55948748	13103
17	55949998	55950239	33625
17	55950863	55951134	24075
17	55956884	55957118	24126
17	55962499	55963011	40547
17	56048929	56049200	14928
17	56049362	56049610	13363
17	56049828	56050139	13948
17	56050177	56050278	4933
17	56050768	56050950	9113
17	56051124	56051369	10581
17	56051462	56051563	4671
17	56051590	56052287	43757
17	56056464	56056764	28042
17	56057934	56058175	28939
17	56059204	56059325	11254
17	56060049	56060766	127951
17	56065405	56065535	527
17	56078413	56078575	7114
17	56081109	56081227	9690
17	56081245	56081390	12017
17	56081509	56081644	9037
17	56081843	56083367	76931
17	56083644	56083915	14900
17	56084250	56084521	27670
17	56084527	56084627	8067
17	56160902	56161002	628
17	56164366	56164637	25060
17	56166450	56166788	76354
17	56232499	56233460	112479
17	56234276	56234673	21146
17	56234711	56235192	54586
17	56246967	56247958	130318
17	56270154	56270305	8189
17	56270354	56270505	10780
17	56270668	56270939	20343
17	56270982	56271496	26500
17	56272306	56272547	9792
17	56274277	56274638	26025
17	56276329	56276600	23942
17	56276846	56277207	29143
17	56277519	56277790	33673
17	56280349	56280740	28527
17	56281562	56281803	19654
17	56282867	56283108	15096
17	56283424	56283545	15975
17	56283601	56283926	22459
17	56284361	56284632	18010
17	56285217	56285372	7097
17	56285439	56285560	10774
17	56285847	56285968	12594
17	56287961	56288112	5160
17	56288300	56288421	5288
17	56289675	56289826	12919
17	56290305	56290461	19898
17	56291116	56291240	17364
17	56291562	56291803	26336
17	56292089	56292210	5470
17	56293405	56293646	18559
17	56294000	56294121	13123
17	56295971	56296100	10579
17	56296490	56296611	9741
17	56296797	56296898	3444
17	56320314	56320435	7635
17	56321329	56321452	3931
17	56324797	56325038	13580
17	56326328	56326599	21486
17	56326870	56327111	3737
17	56327727	56328000	27055
17	56329194	56329330	8324
17	56329523	56329884	36424
17	56332100	56332371	34972
17	56342027	56342388	35355
17	56343479	56343720	12315
17	56344647	56345008	23953
17	56345100	56345371	18909
17	56347969	56348240	36036
17	56348953	56349314	30250
17	56350042	56350313	24396
17	56350691	56351082	63070
17	56351503	56351624	10272
17	56352862	56353102	26398
17	56355135	56355526	39070
17	56356350	56356591	11161
17	56356601	56357065	34404
17	56357136	56357407	26539
17	56357682	56357833	17570
17	56357921	56358162	12788
17	56378609	56378751	7755
17	56378864	56378965	7336
17	56379124	56379225	5699
17	56379597	56379838	15950
17	56381684	56381805	7560
17	56381971	56382084	10467
17	56382157	56382655	38118
17	56382692	56382843	8302
17	56382891	56383014	7436
17	56383148	56383269	5396
17	56383677	56383798	16668
17	56384093	56384364	25720
17	56384926	56385312	22752
17	56385854	56386754	82383
17	56387244	56387557	12157
17	56387811	56388625	96637
17	56388886	56389127	21805
17	56389243	56390093	76770
17	56393374	56393503	6969
17	56393722	56393963	20338
17	56395605	56395846	62122
17	56396431	56396672	18540
17	56397388	56397539	7877
17	56397846	56397967	7741
17	56399629	56399783	16765
17	56399924	56400195	19668
17	56400294	56400415	6441
17	56400609	56400760	14939
17	56400776	56400927	24693
17	56402146	56402387	2032
17	56402863	56403104	17923
17	56403566	56403837	12978
17	56404034	56404161	10086
17	56404933	56405294	39578
17	56408568	56408704	7704
17	56423579	56423700	5370
17	56424515	56424666	6170
17	56424856	56424977	6230
17	56428753	56428879	7258
17	56429400	56429521	7959
17	56431075	56431260	13479
17	56431310	56431410	11738
17	56431908	56432009	8755
17	56432264	56432385	7983
17	56434526	56436226	179685
17	56437469	56437622	12429
17	56438103	56438344	15558
17	56439865	56440019	12242
17	56440550	56440821	31580
17	56440832	56440983	8159
17	56448181	56448452	25498
17	56492601	56492992	29885
17	56498336	56498436	4628
17	56498672	56498773	6957
17	56498991	56499092	1384
17	56499258	56499359	5729
17	56499694	56499815	9698
17	56536096	56536337	50418
17	56540102	56540703	82896
17	56544231	56544352	9293
17	56557199	56557680	56102
17	56564972	56565645	7734
17	56567183	56567442	17603
17	56567689	56567970	27549
17	56568104	56568300	15361
17	56568485	56568586	21321
17	56568638	56568739	27723
17	56568884	56568985	10840
17	56568991	56569232	34240
17	56569824	56569975	8971
17	56570193	56570323	8347
17	56572270	56573711	154851
17	56581030	56581301	21402
17	56581374	56581876	58052
17	56582086	56582357	26362
17	56582823	56582954	8154
17	56584046	56584287	11672
17	56584430	56584701	15312
17	56585512	56585645	7925
17	56585785	56585936	17420
17	56585970	56586241	11074
17	56588739	56588890	18019
17	56589657	56589928	17326
17	56590196	56590347	7474
17	56591723	56591850	7371
17	56593880	56594010	5811
17	56597618	56597718	7653
17	56597755	56597906	9304
17	56598062	56598213	8447
17	56598318	56598559	14433
17	56598601	56598722	4334
17	56598895	56599514	81560
17	56602349	56602620	21927
17	56603007	56603158	14678
17	56603536	56603687	12255
17	56604009	56604370	15240
17	56604442	56604569	7953
17	56606444	56606565	11534
17	56609261	56609382	0
17	56616569	56616670	2579
17	56617980	56618080	1912
17	56619100	56619371	7416
17	56619895	56621606	212505
17	56634115	56634216	8676
17	56634328	56634449	9169
17	56635124	56635245	6834
17	56636804	56636933	20116
17	56638835	56638986	11358
17	56642218	56642339	13332
17	56643055	56643206	10428
17	56646525	56646646	3873
17	56647704	56647855	7664
17	56649263	56649504	6550
17	56650454	56650725	47967
17	56651517	56651638	15413
17	56654709	56654830	8948
17	56656997	56657118	4293
17	56658910	56659151	11515
17	56661849	56661971	9114
17	56663121	56663482	35616
17	56664923	56665044	6553
17	56665174	56665392	18146
17	56670906	56671032	29257
17	56676113	56677051	87844
17	56679120	56679361	16917
17	56679734	56679975	15539
17	56682293	56682534	27542
17	56688459	56688730	23243
17	56690692	56690963	32282
17	56692558	56692716	10514
17	56693479	56693720	11765
17	56694848	56694999	3132
17	56698927	56699198	14592
17	56700139	56700410	12422
17	56707736	56707977	14891
17	56729173	56729414	29948
17	56737907	56738988	143050
17	56769955	56770196	8424
17	56772209	56772600	16301
17	56774015	56774256	66903
17	56780502	56780743	10398
17	56783840	56784007	13045
17	56787183	56787405	27578
17	56798078	56798199	3929
17	56801369	56801490	8657
17	56809813	56809934	8947
17	56811469	56811593	4782
17	56833139	56833249	2260
17	56833322	56833873	15735
17	57018438	57018539	5380
17	57022675	57023322	26267
17	57032947	57033188	19526
17	57043003	57043274	22040
17	57046872	57047113	45248
17	57049443	57049684	11717
17	57050148	57050299	10095
17	57057322	57058403	78918
17	57059057	57059256	46169
17	57059416	57059517	6106
17	57060219	57060340	6076
17	57060495	57060666	9092
17	57060739	57060939	15984
17	57060984	57061085	5671
17	57061130	57061327	20184
17	57061407	57061522	16251
17	57061612	57061713	12260
17	57062009	57062109	1973
17	57062273	57062374	4481
17	57062443	57062554	7973
17	57066155	57066325	4211
17	57070863	57070963	4547
17	57076626	57076830	21721
17	57078907	57079136	8994
17	57089633	57089867	13550
17	57092914	57093179	16507
17	57094599	57094840	20647
17	57105748	57106109	22486
17	57109232	57109473	14055
17	57119155	57119276	11831
17	57124990	57125231	18521
17	57126525	57126766	19059
17	57128510	57128751	23445
17	57134204	57134445	14106
17	57138369	57138490	8699
17	57139907	57140028	6217
17	57141679	57141800	10097
17	57148124	57148365	11594
17	57152980	57153101	9759
17	57157055	57157296	32206
17	57158443	57158638	15528
17	57161345	57161466	3828
17	57165558	57165829	12416
17	57168589	57168740	8189
17	57181613	57181765	12265
17	57181789	57181910	10795
17	57183720	57183871	7126
17	57184034	57184135	1013
17	57189583	57189731	8668
17	57196646	57196887	27554
17	57208623	57208744	6569
17	57215054	57215295	18984
17	57228472	57228607	7150
17	57232259	57232575	29341
17	57247094	57247294	10212
17	57260053	57260174	32080
17	57262368	57262609	18476
17	57262740	57262933	10390
17	57270804	57271190	30470
17	57272105	57272226	6990
17	57272682	57272814	7160
17	57274878	57274999	3444
17	57275010	57275161	2968
17	57278896	57279017	5793
17	57287360	57289191	210073
17	57289623	57289894	14304
17	57290044	57291005	94368
17	57292143	57292384	47370
17	57292440	57292541	28310
17	57297833	57298161	24087
17	57311812	57311933	10233
17	57322721	57322962	18935
17	57326062	57326183	14824
17	57334420	57334661	16930
17	57335095	57335216	7322
17	57344347	57344588	34755
17	57348235	57348386	15571
17	57350110	57350248	14497
17	57350951	57351192	17902
17	57351201	57351326	11403
17	57352469	57352622	13044
17	57409017	57409185	500
17	57430554	57431073	22732
17	57465648	57465769	15052
17	57466711	57466839	12104
17	57474445	57474845	40766
17	57476504	57476605	4844
17	57477150	57477250	4396
17	57477428	57477529	6159
17	57477678	57477867	9780
17	57478129	57478293	32166
17	57478819	57478919	29512
17	57478957	57479105	23813
17	57642923	57643179	45701
17	57643950	57644191	26585
17	57647830	57648043	19404
17	57650415	57650606	27256
17	57651091	57651338	23009
17	57651520	57651641	43596
17	57652659	57652871	23978
17	57654615	57654736	10608
17	57656814	57656935	6231
17	57657027	57657268	68922
17	57663492	57663613	7452
17	57665214	57665455	21497
17	57676033	57676274	56424
17	57676726	57676854	19658
17	57679868	57679989	10808
17	57682449	57682570	16159
17	57682797	57683045	19092
17	57684312	57684605	16547
17	57684764	57684865	6953
17	57684972	57685111	11724
17	57685133	57685277	3219
17	57685458	57685580	18482
17	57685596	57685720	16981
17	57697257	57697387	15838
17	57697428	57697584	31089
17	57721589	57721860	15825
17	57723328	57723429	7830
17	57724711	57725072	30760
17	57725560	57725801	37204
17	57728551	57728702	7059
17	57733180	57733421	10193
17	57737729	57737970	32045
17	57738782	57739023	11245
17	57741157	57741398	26959
17	57742087	57742328	16823
17	57743381	57743652	25958
17	57743801	57744042	24756
17	57744145	57744367	12106
17	57746068	57746339	39025
17	57750264	57750364	8860
17	57750949	57751190	18657
17	57752011	57752252	25243
17	57754280	57754559	22784
17	57756697	57756938	20603
17	57758224	57758465	16694
17	57758626	57758867	7302
17	57758982	57759223	17416
17	57759589	57759830	15846
17	57759950	57760191	39916
17	57760258	57760385	8931
17	57760418	57760659	9413
17	57760701	57761171	22323
17	57761226	57761356	9238
17	57762380	57762621	14292
17	57762937	57763179	18242
17	57767973	57768099	9670
17	57771029	57771270	39682
17	57771278	57771441	22425
17	57771471	57771635	9388
17	57771717	57771861	23164
17	57771868	57771968	18796
17	57772397	57772498	6629
17	57774738	57775369	64223
17	57776182	57776283	4419
17	57776473	57777269	86157
17	57784746	57784846	9569
17	57808781	57808905	6528
17	57812615	57812886	23789
17	57814797	57814918	16156
17	57816188	57816318	9978
17	57842295	57842535	13586
17	57851059	57851300	17260
17	57886135	57886256	12730
17	57888967	57889208	24257
17	57895042	57895163	11566
17	57915615	57915768	14751
17	57917079	57917369	34452
17	57917373	57917474	11126
17	57917749	57917850	7265
17	57917876	57917976	5820
17	57918601	57918723	14172
17	57936935	57937036	3853
17	57937672	57937795	7354
17	57940997	57941236	19193
17	57943918	57944136	32031
17	57951830	57952101	16097
17	57955454	57955705	31929
17	57958241	57958482	16008
17	57962947	57963047	2747
17	57963396	57963637	22798
17	57968143	57968397	12950
17	57970454	57970720	6211
17	57987886	57988007	9058
17	57989983	57990224	22228
17	57991938	57992089	8314
17	58003748	58003989	42301
17	58007445	58007596	20251
17	58008941	58009093	15270
17	58011514	58011635	14439
17	58011778	58011899	12037
17	58012544	58012671	22314
17	58013545	58013666	12374
17	58013772	58013923	12083
17	58018187	58018314	44559
17	58022757	58022889	19116
17	58023849	58024252	33512
17	58024272	58024373	7835
17	58024390	58024568	20531
17	58024592	58025123	46571
17	58025354	58025492	8554
17	58025507	58025665	7630
17	58025769	58025879	7076
17	58026247	58026422	11428
17	58026552	58026706	8473
17	58026765	58026866	7698
17	58026900	58027001	9601
17	58027100	58027201	12229
17	58027270	58027371	8058
17	58027402	58027575	14583
17	58027610	58027799	19507
17	58030039	58030139	8153
17	58030283	58030524	10607
17	58031395	58031517	3427
17	58033820	58033941	6337
17	58034542	58034783	11078
17	58035607	58035848	6737
17	58037417	58037539	9488
17	58039877	58039998	9016
17	58040175	58040656	47055
17	58041935	58042056	11047
17	58050902	58051061	17940
17	58053378	58053499	9809
17	58053953	58054194	53598
17	58064765	58065006	18167
17	58066606	58066725	6477
17	58072963	58073204	88572
17	58073296	58073417	34121
17	58075487	58075608	12527
17	58077351	58077563	20290
17	58078563	58078684	43434
17	58078870	58079111	23820
17	58079603	58079788	27339
17	58085696	58085901	56694
17	58086063	58086467	131398
17	58087345	58087606	167876
17	58087873	58088026	102567
17	58088452	58088574	56217
17	58088916	58089039	94638
17	58089678	58089920	64131
17	58090366	58090487	57895
17	58091594	58091835	100919
17	58092032	58092274	89243
17	58092630	58092751	40735
17	58093173	58093294	43435
17	58094521	58094642	76202
17	58094762	58094883	69295
17	58096253	58096374	28789
17	58120878	58121509	53098
17	58123366	58123607	12009
17	58124656	58124777	16789
17	58125565	58125806	25171
17	58126880	58127121	11806
17	58128119	58128390	20471
17	58131662	58131783	4500
17	58132857	58132978	5829
17	58133450	58133656	10149
17	58134399	58134774	38314
17	58136771	58136892	5897
17	58137202	58137473	5882
17	58143507	58143778	16734
17	58144732	58145123	18154
17	58147019	58147260	15418
17	58148056	58148178	4757
17	58149511	58149752	14559
17	58150461	58150702	9579
17	58151073	58151296	13778
17	58153481	58153608	7024
17	58156044	58156285	17125
17	58165557	58165746	10339
17	58178080	58178201	15513
17	58179575	58180017	69734
17	58191154	58191253	64884
17	58193141	58193242	30847
17	58227363	58227484	562
17	58232610	58232761	14209
17	58233847	58234118	16413
17	58234739	58234980	20195
17	58235008	58235159	9036
17	58235393	58235544	6622
17	58235604	58235845	12677
17	58236536	58236807	20311
17	58239785	58239971	9852
17	58254650	58254917	38677
17	58255318	58255419	9454
17	58255594	58255694	20113
17	58255705	58255806	19961
17	58255886	58255987	18616
17	58256096	58256240	15005
17	58256293	58256393	12191
17	58256441	58256541	18241
17	58256548	58256822	79907
17	58257890	58258011	22948
17	58258655	58259139	101068
17	58260458	58260881	87977
17	58262794	58263036	39187
17	58267832	58268103	34437
17	58270186	58270307	15471
17	58275591	58275832	24600
17	58282792	58283033	62851
17	58284372	58284503	17256
17	58285374	58285615	56893
17	58285980	58286222	36372
17	58286696	58286937	39617
17	58288364	58288489	21352
17	58288684	58288926	60523
17	58289360	58289482	13213
17	58290921	58291042	38301
17	58291936	58292177	31821
17	58296968	58297209	27210
17	58299688	58299959	45844
17	58300738	58300979	9935
17	58303374	58303615	31764
17	58308820	58309061	14205
17	58313458	58313611	13468
17	58327008	58327147	29580
17	58329711	58329832	10878
17	58332516	58332637	6120
17	58342742	58342863	4481
17	58343273	58343514	17194
17	58346801	58346928	6405
17	58348655	58348896	12323
17	58355403	58355711	4115
17	58365842	58366083	10385
17	58371951	58372222	19255
17	58378950	58379102	9912
17	58422754	58423025	16068
17	58469180	58469454	9458
17	58469926	58470047	12826
17	58499815	58500056	27959
17	58503073	58503314	15896
17	58503488	58503729	27324
17	58504037	58504188	7480
17	58506699	58506940	32234
17	58508523	58508644	4568
17	58511219	58511573	34808
17	58512490	58512799	14387
17	58520515	58520641	13473
17	58520706	58520807	14474
17	58520860	58520961	7221
17	58521081	58521181	6675
17	58521213	58521314	4728
17	58521557	58521658	4998
17	58522111	58522212	4427
17	58522601	58522702	4874
17	58522869	58522994	3576
17	58523538	58523639	3291
17	58524254	58524355	4104
17	58524430	58524567	7222
17	58524786	58525248	47701
17	58529202	58529443	19136
17	58531636	58531877	23180
17	58533638	58533759	4941
17	58537964	58538205	8729
17	58539161	58539286	7940
17	58539297	58539448	10495
17	58541365	58541486	10907
17	58543614	58543855	25453
17	58556449	58556690	10455
17	58571781	58572022	7335
17	58577742	58577863	11945
17	58603102	58603349	37864
17	58677705	58678277	12681
17	58700844	58701120	41740
17	58711154	58711395	14386
17	58725226	58725467	26109
17	58733869	58734368	37625
17	58740303	58740934	31376
17	58741298	58741399	10145
17	58741466	58741566	7029
17	58741604	58741807	20980
17	58755203	58755304	37089
17	58756802	58756923	4727
17	58761308	58761429	24546
17	58767023	58767144	11578
17	58786570	58786696	7981
17	58793134	58793234	9710
17	58824538	58824659	6147
17	58885309	58885460	7131
17	58888304	58888425	10356
17	58928742	58928870	9776
17	58945927	58946054	6410
17	58951999	58952120	7052
17	58967032	58967153	8921
17	58979931	58980082	11586
17	58987856	58988097	15658
17	59001753	59001874	17126
17	59024525	59024766	29571
17	59067282	59067643	46448
17	59093065	59093306	39524
17	59104187	59104308	14942
17	59104658	59104868	6582
17	59111967	59112208	17188
17	59115181	59115434	39859
17	59118141	59118263	11092
17	59131059	59131160	3853
17	59147225	59147707	38500
17	59150551	59150651	2123
17	59152269	59152391	6278
17	59155670	59155911	49850
17	59161815	59161937	7227
17	59162461	59162561	9411
17	59444581	59444682	9185
17	59445650	59445891	21961
17	59453941	59454041	5796
17	59457838	59457959	34821
17	59465963	59466084	11405
17	59469260	59469787	111070
17	59477483	59477942	9406
17	59478967	59479358	24701
17	59480343	59480614	36206
17	59481758	59481879	7553
17	59481927	59482426	7361
17	59482518	59483239	17369
17	59485346	59485883	35779
17	59486153	59486254	7286
17	59486512	59486666	13464
17	59489293	59490642	50984
17	59533806	59534064	11464
17	59534853	59535004	15607
17	59543088	59543359	25487
17	59544793	59545064	39742
17	59555912	59556183	18507
17	59557224	59557345	11207
17	59557441	59557690	20879
17	59560177	59560928	55957
17	59561180	59561281	6023
17	59667778	59668577	138668
17	59758966	59759067	9668
17	59760597	59761588	78302
17	59763116	59763541	34504
17	59770770	59770891	10148
17	59793273	59793434	13065
17	59820313	59820554	18239
17	59821751	59821992	22972
17	59853721	59853962	10182
17	59857570	59857805	14842
17	59858162	59858403	13114
17	59861586	59861827	18277
17	59870872	59871143	14415
17	59876439	59876680	21803
17	59878603	59878845	17552
17	59885791	59886152	24906
17	59924400	59924641	22358
17	59926432	59926673	21808
17	59934384	59934625	30422
17	59937147	59937278	6510
17	59938792	59938913	6621
17	59942694	59942938	8898
17	59943211	59943352	3365
17	59944881	59945122	13577
17	59945160	59945394	12097
17	59946326	59946762	30447
17	59947042	59947403	23813
17	59949602	59949843	21631
17	59952215	59952456	21748
17	59955227	59955468	27440
17	59958328	59958569	8865
17	59962192	59962433	16955
17	59967079	59967320	10977
17	59968840	59969081	22567
17	59971071	59971312	8273
17	59972648	59972769	8531
17	59974765	59975124	10175
17	59981762	59982003	15522
17	59984700	59985061	32127
17	59988846	59989087	8692
17	59989244	59989485	22174
17	59996696	59996908	9159
17	59999015	59999256	18982
17	60002269	60002510	23266
17	60003686	60004120	24753
17	60005237	60005358	9070
17	60019925	60020428	32389
17	60020692	60020842	17631
17	60020883	60021217	34831
17	60021487	60021588	19703
17	60022112	60022426	23602
17	60022759	60022860	10960
17	60022881	60023355	29581
17	60023385	60023654	22959
17	60023773	60024014	12372
17	60024236	60024388	14298
17	60028151	60028392	17780
17	60030264	60030519	8736
17	60032721	60032955	16150
17	60032968	60033215	11229
17	60033649	60033890	18562
17	60038218	60038461	6356
17	60038893	60039164	22771
17	60040101	60040342	11918
17	60042356	60042839	48154
17	60043796	60044037	22038
17	60045386	60045629	14462
17	60050017	60050288	19428
17	60059535	60060496	87053
17	60061508	60061749	18269
17	60061997	60062238	17794
17	60062314	60062465	15692
17	60064322	60064532	8351
17	60069880	60070001	4979
17	60072498	60072736	14068
17	60087873	60088612	140074
17	60106892	60107022	5238
17	60107171	60107412	13054
17	60108750	60109021	12125
17	60111125	60111366	11125
17	60112745	60113016	17079
17	60129860	60130101	22627
17	60140418	60140672	12969
17	60142483	60142614	1500
17	60215476	60215837	16495
17	60215956	60216077	8896
17	60216945	60217066	17103
17	60217274	60217756	59159
17	60304342	60304442	7567
17	60308823	60308944	43985
17	60314149	60314249	4727
17	60315362	60315483	23308
17	60316169	60316270	9681
17	60316392	60316513	15756
17	60318896	60319037	10437
17	60320408	60320508	10445
17	60324366	60324560	31219
17	60326694	60326795	2292
17	60342276	60342481	61678
17	60342643	60343047	90865
17	60343925	60344186	163472
17	60344481	60344602	79332
17	60345027	60345149	43732
17	60345491	60345614	77462
17	60346252	60346494	80176
17	60346940	60347061	77190
17	60348211	60348452	98582
17	60348650	60348891	68672
17	60349247	60349368	36308
17	60349790	60349911	40743
17	60351138	60351259	55295
17	60351379	60351500	50248
17	60352856	60352977	24026
17	60360047	60360274	57706
17	60361632	60361753	15503
17	60362639	60362875	57562
17	60363240	60363482	38301
17	60363956	60364197	38699
17	60365639	60365760	12321
17	60365958	60366149	26897
17	60366626	60366747	9374
17	60368191	60368312	41100
17	60369195	60369436	19049
17	60374207	60374448	23099
17	60378485	60378585	1516
17	60380941	60381041	5144
17	60381671	60381776	6228
17	60385712	60385812	5365
17	60386252	60386357	7579
17	60392129	60392229	18849
17	60398408	60398513	9425
17	60399254	60399354	3821
17	60405407	60405512	5553
17	60408689	60408789	9888
17	60417432	60417537	6366
17	60418175	60418275	11409
17	60421392	60421497	2861
17	60428034	60428139	7444
17	60430270	60430370	8789
17	60431262	60431367	4544
17	60433224	60433329	3921
17	60446508	60446608	11352
17	60447616	60447716	5939
17	60451151	60451251	12713
17	60455303	60455404	5946
17	60458946	60459282	25465
17	60460316	60460437	6089
17	60464677	60464798	7462
17	60469133	60469374	25510
17	60470878	60471029	8539
17	60472367	60472608	17030
17	60483816	60484057	8856
17	60484359	60484600	16206
17	60491032	60491273	20273
17	60493345	60493706	28882
17	60501197	60501438	50501
17	60501564	60501685	8928
17	60503596	60504077	43922
17	60504913	60505034	19210
17	60505112	60505233	20000
17	60512561	60512682	27978
17	60512932	60513053	38762
17	60517926	60518167	47437
17	60522129	60522334	20006
17	60525033	60525154	21110
17	60525860	60526132	22274
17	60556385	60556659	0
17	60558465	60558586	12687
17	60563063	60563163	7943
17	60598119	60598246	15145
17	60599538	60599659	2392
17	60600455	60600576	13832
17	60601583	60601704	7153
17	60613493	60613734	23463
17	60629649	60629770	12172
17	60631008	60631129	8680
17	60637367	60637497	10044
17	60642308	60642549	27621
17	60650530	60650771	15368
17	60651677	60651801	8935
17	60654041	60654162	7963
17	60655825	60655946	4920
17	60657451	60657572	6806
17	60663480	60663601	5048
17	60673929	60674050	13273
17	60677975	60678216	38442
17	60679350	60679591	21471
17	60683481	60683612	5609
17	60685364	60685519	3039
17	60689688	60689959	27410
17	60690063	60690442	20425
17	60690559	60690660	9397
17	60690799	60690900	6387
17	60705043	60705291	317
17	60741838	60742349	48417
17	60743420	60743661	14016
17	60743746	60744017	16536
17	60744083	60744241	14604
17	60744701	60744942	33505
17	60748952	60749223	30254
17	60749314	60749555	35234
17	60751414	60751541	16104
17	60753087	60753328	14799
17	60753696	60753937	20506
17	60754617	60754858	33599
17	60755784	60756055	14039
17	60757120	60757273	6995
17	60757448	60757719	33983
17	60757735	60757856	17601
17	60758089	60758360	12393
17	60758365	60758516	8592
17	60759156	60759308	11428
17	60759562	60759786	6516
17	60765585	60766063	54802
17	60766203	60766331	15221
17	60766820	60767181	19205
17	60767217	60767711	23615
17	60767911	60768182	26631
17	60768278	60768519	14439
17	60769394	60769545	22331
17	60769580	60769822	28163
17	60769874	60769975	12022
17	60770253	60770437	16977
17	60770487	60770639	6280
17	60770779	60770879	6643
17	60779000	60779151	15379
17	60782829	60782980	19710
17	60788557	60788715	13837
17	60799839	60799968	7875
17	60802230	60802501	19608
17	60813271	60814712	108269
17	60821691	60821932	14205
17	60823508	60823609	2370
17	60824225	60824339	6958
17	60827563	60827897	27140
17	60837160	60837401	17441
17	60865779	60866020	28518
17	60878990	60879111	3975
17	61021551	61021698	21567
17	61086892	61087013	15554
17	61151278	61151399	5869
17	61176510	61176718	21189
17	61228630	61228741	7032
17	61271304	61271545	32965
17	61278103	61278344	24535
17	61315174	61315439	26280
17	61345050	61345291	23069
17	61391708	61392069	22074
17	61396263	61396504	9992
17	61417396	61417757	35219
17	61428572	61428813	8693
17	61432086	61432807	56602
17	61457042	61457252	11945
17	61465935	61466176	23322
17	61466605	61466992	20422
17	61473075	61473316	31807
17	61476167	61476288	13425
17	61482428	61482669	16164
17	61483455	61483696	31478
17	61488838	61489079	26238
17	61489303	61489544	43063
17	61490021	61490156	9826
17	61490888	61491009	14061
17	61492840	61493081	32175
17	61495596	61495837	19333
17	61497347	61499378	149535
17	61511737	61511978	18769
17	61512374	61512645	27359
17	61513039	61513162	9709
17	61513367	61513523	26199
17	61514686	61514927	25012
17	61515383	61515508	4451
17	61554446	61554714	400
17	61555254	61555495	18153
17	61556323	61556474	11578
17	61557080	61557321	20224
17	61557672	61557913	29774
17	61558409	61558560	15576
17	61558861	61559132	41797
17	61559817	61560060	12330
17	61560340	61560581	13813
17	61560808	61560929	12899
17	61561119	61561390	19541
17	61561645	61561916	42754
17	61562206	61562447	11353
17	61562543	61562829	12040
17	61563875	61564116	21218
17	61564329	61564450	7240
17	61565929	61566200	18718
17	61566246	61566517	20901
17	61568272	61568423	11708
17	61568534	61568775	31695
17	61570757	61571030	12678
17	61571233	61571466	19619
17	61571720	61571841	5241
17	61573664	61573935	12860
17	61574101	61574372	23391
17	61574488	61574737	3452
17	61574901	61575002	5479
17	61584182	61584321	17260
17	61584383	61584785	32110
17	61584895	61585083	16054
17	61585316	61585416	10147
17	61585569	61585710	20419
17	61586443	61586635	18026
17	61586723	61586823	9669
17	61586913	61587086	10675
17	61587683	61587826	9709
17	61588048	61588193	17775
17	61590742	61590845	8961
17	61591332	61591455	8437
17	61596288	61596469	28752
17	61600721	61600872	11455
17	61601463	61601740	30727
17	61607411	61607920	74304
17	61611188	61611699	47296
17	61612988	61613469	61637
17	61615374	61615645	39895
17	61615715	61616076	32270
17	61619577	61619818	19939
17	61620917	61621038	10203
17	61621363	61621490	9278
17	61621539	61621810	18899
17	61622380	61622651	18515
17	61622935	61623296	32358
17	61627986	61628227	19381
17	61655788	61656029	20741
17	61656632	61656873	10206
17	61657123	61657364	41114
17	61660144	61660245	4860
17	61660846	61661087	36431
17	61662510	61662751	20034
17	61666326	61666567	17596
17	61666576	61666676	5807
17	61666905	61667006	3325
17	61667172	61667273	7990
17	61667472	61667573	26243
17	61667823	61667924	18732
17	61670657	61670757	10720
17	61671025	61671126	9622
17	61671131	61671231	7355
17	61671373	61671474	7005
17	61671509	61671669	10330
17	61678401	61678762	14442
17	61681884	61682010	11837
17	61683585	61683856	44750
17	61684614	61684855	20755
17	61685140	61685381	20185
17	61699664	61699832	3655
17	61699961	61700200	0
17	61709950	61710221	40212
17	61712053	61712174	4514
17	61723352	61723473	9063
17	61729905	61730026	15806
17	61735144	61735277	5747
17	61744238	61744479	27854
17	61759041	61759312	20263
17	61762852	61762973	11784
17	61765829	61765980	15980
17	61766133	61766254	6424
17	61766878	61767119	13952
17	61767546	61767817	11738
17	61768376	61768647	12322
17	61769006	61769242	17400
17	61769539	61769810	9681
17	61770871	61771147	26910
17	61771162	61771263	14049
17	61771462	61771581	7051
17	61771650	61771779	12963
17	61771790	61771950	15131
17	61771969	61772070	6321
17	61772290	61772455	16104
17	61772541	61772748	23568
17	61772893	61773010	6729
17	61773075	61773305	12451
17	61773358	61773459	7788
17	61773563	61773703	16999
17	61775434	61775653	17606
17	61775840	61776093	12340
17	61776121	61776480	4802
17	61776576	61776697	11761
17	61780173	61780326	7770
17	61780883	61781154	26384
17	61781317	61781468	14733
17	61781611	61781972	25251
17	61782192	61782313	16370
17	61783955	61784109	12771
17	61784541	61784812	20387
17	61787761	61788032	25772
17	61788078	61788206	20389
17	61790705	61790946	39443
17	61791325	61791478	8678
17	61791494	61791615	5031
17	61800580	61800731	13096
17	61803935	61804086	13597
17	61805650	61805771	5841
17	61822596	61822730	6316
17	61823736	61823837	6434
17	61823898	61823999	3365
17	61824219	61824340	17427
17	61829227	61829503	37409
17	61829670	61829799	7475
17	61830068	61830189	3342
17	61831774	61831895	3857
17	61833590	61833720	18847
17	61833818	61833940	12991
17	61838215	61838366	6927
17	61838529	61838758	12006
17	61841341	61841582	9893
17	61842090	61842217	14791
17	61843222	61843583	27924
17	61852452	61852553	10433
17	61864368	61864640	20276
17	61869725	61869966	14948
17	61875367	61875518	12295
17	61876905	61877026	22240
17	61877781	61878022	31916
17	61882391	61882545	2212
17	61883833	61884074	15809
17	61885050	61885291	29582
17	61886122	61886363	23052
17	61886908	61887029	9843
17	61887835	61887956	7065
17	61888423	61888544	7629
17	61889218	61889609	18637
17	61890578	61890824	17936
17	61892913	61893043	12250
17	61894215	61894336	10363
17	61895044	61895768	43718
17	61895777	61895878	11475
17	61896054	61896155	15484
17	61896572	61896673	4942
17	61897136	61897377	41015
17	61897424	61897545	14758
17	61897585	61897826	16329
17	61898187	61898308	14440
17	61898371	61898492	11002
17	61898677	61899262	59879
17	61899284	61899555	27119
17	61901093	61901364	21301
17	61901378	61901648	18131
17	61901669	61901790	4876
17	61901955	61902107	22217
17	61902175	61902299	17783
17	61902344	61902818	39415
17	61902884	61903005	9125
17	61903394	61903515	8675
17	61903549	61903700	7549
17	61903917	61904042	8506
17	61904167	61904288	4134
17	61904801	61904922	21792
17	61905216	61905337	7085
17	61905472	61905593	5201
17	61906824	61906948	20102
17	61907199	61907320	12621
17	61907459	61907580	20907
17	61907621	61907871	23709
17	61908121	61908610	41437
17	61908644	61908795	6567
17	61908829	61908986	7741
17	61909065	61909186	13867
17	61909241	61909362	10324
17	61909629	61910061	29668
17	61910240	61910838	42264
17	61910893	61911134	27843
17	61911256	61911377	10817
17	61911486	61911727	7197
17	61911763	61912004	21706
17	61912051	61912172	20275
17	61912728	61912969	15887
17	61914221	61914462	22336
17	61914514	61914635	9311
17	61914771	61915051	23381
17	61915641	61915742	4570
17	61919704	61920091	688
17	61932153	61932254	8350
17	61934516	61934787	15988
17	61936663	61936984	32359
17	61937233	61937516	28367
17	61938047	61938230	13056
17	61939648	61939755	13284
17	61939801	61939902	12063
17	61940084	61940308	56785
17	61948400	61948521	26524
17	61949463	61949793	132894
17	61949873	61950374	125129
17	61950458	61950738	53628
17	61950878	61951029	27806
17	61957592	61958568	249579
17	61958647	61958918	26909
17	61959095	61959216	24366
17	61971297	61971418	21406
17	61972328	61973692	330183
17	61973775	61973926	25050
17	61985985	61986150	29328
17	61987017	61988378	332130
17	61988460	61988611	29031
17	61994542	61994887	120945
17	61995080	61995556	63111
17	61995634	61995905	28368
17	61996040	61996191	30371
17	62006321	62006475	15682
17	62006543	62006694	6894
17	62006723	62006874	6714
17	62007067	62007308	26610
17	62007408	62007785	50853
17	62008630	62008781	14658
17	62009526	62009647	27899
17	62016078	62016179	9640
17	62016458	62016559	3903
17	62017991	62019401	145630
17	62020139	62020500	45943
17	62021077	62021277	25736
17	62021980	62022221	21867
17	62022332	62022453	11571
17	62022677	62023038	35050
17	62024344	62024585	13522
17	62025215	62025456	26753
17	62025926	62026167	11345
17	62026699	62026940	18947
17	62028774	62029325	33497
17	62034458	62034939	63474
17	62036590	62036831	15490
17	62038490	62038851	42085
17	62040987	62041228	28287
17	62041811	62042052	26534
17	62043411	62043652	17456
17	62043811	62043932	11036
17	62045367	62045728	61156
17	62048506	62048627	3959
17	62049024	62049265	14641
17	62049478	62049600	9448
17	62049649	62049860	21010
17	62049905	62050244	32390
17	62075704	62075805	1454
17	62076054	62076155	1679
17	62076327	62076434	17880
17	62078443	62078670	31205
17	62078811	62078912	6206
17	62079056	62079332	15043
17	62080044	62080315	30025
17	62080952	62081343	33304
17	62082418	62082779	47261
17	62083959	62084080	6238
17	62121332	62121573	56540
17	62122192	62122313	11990
17	62122659	62122900	5632
17	62125160	62125401	14954
17	62126367	62126608	15213
17	62130118	62130359	34272
17	62130620	62130741	3590
17	62131583	62131824	13645
17	62132081	62132202	8916
17	62133001	62133318	20704
17	62135136	62135377	19697
17	62137794	62138007	36865
17	62141307	62141548	21773
17	62142546	62142667	9153
17	62143980	62144341	35754
17	62145479	62145720	17233
17	62149282	62149521	23045
17	62152489	62152630	9645
17	62156996	62157117	7530
17	62158090	62158211	11041
17	62175419	62175740	24978
17	62175775	62175975	29869
17	62207279	62207442	291
17	62207458	62207557	77
17	62223416	62223537	21535
17	62223613	62223884	23594
17	62224983	62225084	6604
17	62225086	62225187	6656
17	62225274	62225375	5291
17	62225655	62225809	38346
17	62226068	62226232	10985
17	62226268	62226509	21381
17	62228139	62228380	19806
17	62230258	62230529	29051
17	62232143	62232384	7491
17	62238075	62238346	17642
17	62248448	62248569	7052
17	62254606	62254877	9584
17	62265480	62265841	8057
17	62270902	62271263	32818
17	62272233	62272474	43397
17	62289896	62291635	191087
17	62385675	62386102	38346
17	62399145	62399430	29770
17	62401129	62401330	18495
17	62407009	62407130	6381
17	62461552	62461673	13471
17	62462531	62462804	27600
17	62463646	62463767	14352
17	62473901	62474142	23187
17	62476394	62476516	6824
17	62479014	62479135	4834
17	62481793	62482025	17992
17	62486878	62487119	13132
17	62488745	62488899	10833
17	62488953	62489194	20324
17	62492504	62493105	59472
17	62495730	62496482	51729
17	62496657	62497000	26638
17	62497347	62497447	5332
17	62498096	62498217	6149
17	62498249	62498370	4482
17	62498546	62498677	5369
17	62499008	62499249	12716
17	62499264	62499738	43112
17	62499862	62500013	18108
17	62500046	62500287	14835
17	62500326	62500447	7800
17	62500756	62500997	7891
17	62501835	62501935	2707
17	62502154	62502312	12859
17	62503130	62503284	44469
17	62504650	62504893	34101
17	62506223	62506464	31331
17	62510290	62510531	34989
17	62512772	62513013	16021
17	62515375	62515616	20419
17	62517461	62517702	38353
17	62518795	62519036	20382
17	62521822	62522063	16388
17	62522132	62522373	11334
17	62523184	62523425	13798
17	62525354	62525595	19312
17	62527028	62527151	6267
17	62527952	62528193	14131
17	62528920	62529161	15149
17	62529210	62529331	12855
17	62530657	62530933	23973
17	62532671	62532912	21657
17	62533133	62533254	2551
17	62533687	62534014	33181
17	62540973	62541073	2856
17	62541375	62541476	7325
17	62541534	62541812	17627
17	62541824	62542075	10454
17	62542357	62542478	7360
17	62543697	62543938	20468
17	62547640	62547881	28542
17	62550921	62551162	12128
17	62551905	62552146	23994
17	62553661	62553902	15084
17	62557608	62557731	10494
17	62558865	62559106	27881
17	62567873	62568114	26403
17	62574560	62574711	7378
17	62576886	62577127	21757
17	62579529	62579680	37589
17	62582154	62582305	9308
17	62587173	62587294	16293
17	62589521	62589744	26710
17	62590108	62590222	3701
17	62594462	62594618	17028
17	62602677	62602798	8667
17	62638686	62638786	5667
17	62657922	62658412	24
17	62745409	62745509	6328
17	62746009	62746130	14192
17	62746577	62747038	59473
17	62747191	62747428	51919
17	62747626	62747726	5745
17	62747924	62748074	17694
17	62750093	62750233	18425
17	62750534	62750775	58067
17	62754359	62754497	19877
17	62754633	62754734	13646
17	62757978	62758165	23910
17	62758469	62758828	46310
17	62759900	62760001	5345
17	62775099	62775199	20299
17	62776097	62776323	18025
17	62776460	62776948	31810
17	62777551	62777734	2637
17	62781377	62781505	19084
17	62782642	62782883	52701
17	62783336	62783457	8742
17	62788442	62788683	12187
17	62793333	62793574	83396
17	62796095	62797056	108203
17	62800888	62801239	36033
17	62810931	62811292	59680
17	62817008	62817257	26711
17	62817864	62818561	78186
17	62820685	62821046	37162
17	62825241	62825362	38032
17	62845796	62846157	77736
17	62850678	62850799	35130
17	62850805	62850938	36321
17	62851932	62852059	28562
17	62854887	62855011	16139
17	62855544	62857105	366048
17	62858955	62859197	104958
17	62864555	62864677	18220
17	62865187	62865308	13106
17	62877205	62877326	30862
17	62882182	62882304	31613
17	62882907	62883028	24516
17	62885773	62885894	45458
17	62888621	62888742	36743
17	62888785	62889025	93062
17	62890749	62893390	711679
17	62923720	62923960	31539
17	62924698	62924819	19064
17	62949902	62950023	15832
17	62950142	62950263	13554
17	62950502	62950623	17152
17	62952361	62952722	56440
17	62968595	62968780	26046
17	62968908	62969063	11277
17	62969316	62969677	19632
17	62971152	62971699	36339
17	63007640	63007741	4917
17	63009706	63009807	4410
17	63010244	63010345	8584
17	63010359	63010960	104084
17	63014334	63014455	7507
17	63049610	63049856	28455
17	63052419	63052743	27853
17	63133595	63133746	4880
17	63149496	63149647	13602
17	63154376	63154497	11715
17	63156312	63156467	17308
17	63156588	63156739	8745
17	63156936	63157057	18606
17	63159107	63159228	2897
17	63164267	63164418	15618
17	63173794	63173945	28424
17	63185357	63185478	7262
17	63186262	63186383	17573
17	63189651	63189784	18584
17	63193180	63193421	16373
17	63198063	63198214	14808
17	63200228	63200469	27747
17	63204021	63204142	10412
17	63206543	63206784	11975
17	63217199	63217300	6923
17	63221030	63221661	94039
17	63223337	63223578	26787
17	63223733	63223833	20012
17	63524661	63524837	8894
17	63525405	63525505	1235
17	63525628	63525728	3151
17	63525954	63526276	19956
17	63529992	63530233	19089
17	63531730	63531851	3485
17	63532428	63532704	2968
17	63532932	63533203	14426
17	63533366	63533997	55840
17	63534236	63534510	19505
17	63537562	63537685	9818
17	63545556	63545827	21911
17	63553909	63554750	94815
17	63631980	63632150	10893
17	63633212	63633333	11397
17	63637071	63637193	13999
17	63639742	63640031	35453
17	63640055	63640213	20543
17	63680265	63680365	5119
17	63685230	63685351	11295
17	63739139	63739380	21534
17	63746749	63746870	11024
17	63822185	63822456	44461
17	63847912	63848162	22261
17	63898239	63898480	22112
17	63923686	63923817	8693
17	63957527	63957768	7177
17	64001786	64001907	11485
17	64023587	64023708	13695
17	64024415	64024536	9036
17	64025184	64025425	38459
17	64025942	64026183	16678
17	64049804	64050045	51163
17	64059022	64059259	12843
17	64062884	64063005	6880
17	64066014	64066135	9039
17	64092346	64092467	10675
17	64092631	64092776	11406
17	64125799	64125952	7492
17	64128743	64128894	6525
17	64171126	64171367	20321
17	64172921	64173162	20605
17	64179302	64179435	7896
17	64187757	64187878	11446
17	64208217	64208338	6141
17	64210548	64210789	27208
17	64212874	64213115	37693
17	64216644	64216885	36175
17	64219770	64219921	8987
17	64222132	64222253	3808
17	64224104	64224345	25630
17	64225404	64225525	4566
17	64298934	64299175	23222
17	64302168	64302289	4256
17	64303947	64304048	9499
17	64492298	64492449	10559
17	64493899	64494059	13288
17	64496757	64496858	19112
17	64497548	64497665	10329
17	64498572	64498692	5056
17	64499905	64500006	8952
17	64500735	64500835	3302
17	64503630	64503749	13900
17	64515494	64515607	16961
17	64515797	64515970	9231
17	64519711	64519818	5344
17	64523988	64524125	3455
17	64525391	64525524	10084
17	64526148	64526314	26982
17	64528123	64528321	9716
17	64529477	64529596	14989
17	64531949	64532088	12872
17	64534711	64534849	26644
17	64535065	64535184	11787
17	64535375	64535550	9271
17	64536270	64536380	7578
17	64536883	64536983	13149
17	64539843	64540011	15689
17	64541461	64541608	6621
17	64542981	64543166	28264
17	64543395	64543536	30666
17	64551224	64551450	13500
17	64552232	64552335	8848
17	64552907	64553071	1733
17	64557018	64557225	17240
17	64633173	64633274	8479
17	64637437	64637594	18148
17	64641413	64641684	21218
17	64683155	64683426	32071
17	64684365	64684606	15087
17	64685055	64685176	11720
17	64728723	64728994	26979
17	64731572	64731813	35212
17	64734836	64734987	22874
17	64737746	64737867	7310
17	64738687	64738928	29581
17	64770053	64770233	21708
17	64782975	64783102	25099
17	64783118	64783311	27288
17	64784875	64785146	17386
17	64792539	64792639	9024
17	64799951	64800192	21837
17	64800473	64800574	7254
17	64800859	64801034	15410
17	64801427	64801528	9547
17	64804419	64804600	9313
17	64805459	64805560	5427
17	64873427	64873668	28276
17	64875071	64875192	7744
17	64876622	64876849	23924
17	64880573	64881414	89389
17	64961006	64961257	1919
17	65014255	65014406	11554
17	65020924	65021165	26014
17	65026519	65027150	47053
17	65027450	65028235	62744
17	65029089	65029190	7011
17	65040767	65041015	24927
17	65050057	65050208	8096
17	65051166	65051407	22475
17	65052151	65052397	24590
17	65052573	65052674	8197
17	65067326	65067427	3225
17	65068027	65068127	11734
17	65068471	65068571	8383
17	65069316	65069417	5582
17	65069450	65069551	6237
17	65072016	65072205	10031
17	65073329	65073429	5814
17	65073772	65073872	8962
17	65073884	65074018	20357
17	65074065	65074280	12769
17	65074353	65074714	19351
17	65082889	65083250	26632
17	65103241	65103842	92178
17	65104546	65104852	18943
17	65105185	65105816	82644
17	65110388	65110539	10096
17	65116503	65116744	21678
17	65119059	65119300	24081
17	65120013	65120164	4794
17	65124717	65124988	20378
17	65132076	65132324	30974
17	65134017	65134258	40698
17	65141811	65142052	14847
17	65144606	65144877	23696
17	65145920	65146161	19108
17	65147129	65147370	16310
17	65156366	65156488	6897
17	65156981	65157222	36161
17	65162537	65162778	25291
17	65163564	65163925	23816
17	65174727	65175081	21641
17	65184402	65184763	27532
17	65185695	65185822	19282
17	65186250	65186491	45397
17	65190029	65190180	7876
17	65191499	65191620	6315
17	65197175	65197332	26798
17	65199375	65199616	18998
17	65211971	65212092	6089
17	65214694	65214935	19544
17	65336855	65337183	30744
17	65338279	65338400	8007
17	65340687	65340928	25460
17	65341851	65341983	7508
17	65343177	65343646	28308
17	65344656	65344780	8649
17	65346335	65346462	6022
17	65353361	65353724	21466
17	65362461	65362645	24203
17	65374201	65374354	192
17	65375221	65375322	3962
17	65467580	65467800	20408
17	65527537	65527638	6626
17	65528870	65529111	20643
17	65548355	65548476	9691
17	65549668	65549789	11596
17	65556497	65556597	6777
17	65574187	65574397	11898
17	65628245	65628366	5793
17	65665580	65665821	27147
17	65671565	65671686	13263
17	65683119	65683360	14561
17	65688664	65689025	21691
17	65689411	65689511	8780
17	65689528	65689629	6937
17	65713982	65714253	16198
17	65715780	65715913	12852
17	65715988	65716109	10483
17	65717452	65717687	19449
17	65718663	65718784	17793
17	65720115	65720356	14905
17	65722548	65722789	29108
17	65730455	65730576	6850
17	65731956	65732197	22144
17	65732764	65732885	6780
17	65733162	65733283	6873
17	65733594	65733835	23276
17	65733904	65734145	21030
17	65734228	65734481	12212
17	65735025	65735146	5318
17	65735586	65735737	14719
17	65736784	65736915	10163
17	65739585	65739712	9222
17	65739795	65740036	25727
17	65821831	65822490	15021
17	65850015	65850888	112924
17	65862540	65862813	27677
17	65870913	65871154	8873
17	65871614	65871885	10420
17	65882186	65882457	12196
17	65887933	65888174	9561
17	65889476	65889851	41654
17	65890094	65890335	29491
17	65899805	65900107	25630
17	65900765	65901006	21893
17	65905666	65905907	11945
17	65906941	65909362	112034
17	65914804	65915005	21591
17	65916073	65916314	22238
17	65918909	65919150	14791
17	65920622	65920773	8792
17	65924382	65924773	62355
17	65925074	65925236	8157
17	65925406	65925647	13214
17	65928017	65928145	9280
17	65936542	65936783	22242
17	65940225	65940498	25426
17	65941467	65942486	68556
17	65943821	65943942	13846
17	65944158	65944432	7885
17	65955600	65956007	15895
17	65959414	65959655	32660
17	65960272	65960543	38890
17	65962638	65962789	10191
17	65971859	65972100	15301
17	65977504	65977605	10938
17	65978324	65978445	4319
17	65978760	65979020	11459
17	65979199	65979337	5257
17	65979530	65979631	15069
17	65979793	65979986	19505
17	65980245	65980505	23854
17	65988002	65988243	27984
17	65989025	65989352	28630
17	65989539	65990100	0
17	65992226	65992326	10458
17	66033224	66033345	14344
17	66033421	66033662	33530
17	66036776	66036897	14353
17	66038153	66038514	60571
17	66039006	66039127	16595
17	66039166	66039527	50419
17	66039944	66040197	48798
17	66040406	66040647	38530
17	66041841	66042082	27325
17	66042610	66042735	19549
17	66042760	66042954	23955
17	66091805	66091926	7675
17	66110571	66110672	10350
17	66118132	66118233	22861
17	66121702	66122035	27984
17	66122585	66122946	121175
17	66124169	66124410	44766
17	66126344	66126463	47853
17	66130541	66130714	16847
17	66131238	66131590	45510
17	66136747	66136848	13956
17	66140922	66141023	24863
17	66141652	66141752	21744
17	66143578	66143678	33779
17	66145968	66146807	223627
17	66150690	66150790	8597
17	66152719	66152819	5690
17	66165964	66166425	12890
17	66195049	66195290	40696
17	66246288	66246649	29920
17	66246900	66247374	54564
17	66250505	66250746	18695
17	66251807	66252048	12268
17	66252911	66253152	28811
17	66264513	66264614	6905
17	66264935	66265165	18663
17	66265180	66265541	56347
17	66266966	66267807	112817
17	66268692	66268963	28912
17	66269988	66270259	11318
17	66274220	66274471	13514
17	66303622	66303863	33564
17	66339717	66339958	18489
17	66343228	66343349	11656
17	66347706	66347837	9181
17	66352725	66352996	31535
17	66364635	66364906	10594
17	66366533	66366684	25586
17	66381167	66381323	5242
17	66391152	66391393	35664
17	66397454	66397605	8362
17	66416285	66416646	26248
17	66417876	66417997	4280
17	66420567	66420714	6404
17	66422194	66422326	5711
17	66423213	66423454	21406
17	66424932	66425087	9324
17	66426097	66426338	34364
17	66429571	66429726	16158
17	66430640	66430791	8702
17	66431715	66431866	23040
17	66432480	66432631	7937
17	66440620	66440741	12475
17	66446832	66447073	28052
17	66449030	66449181	9156
17	66453461	66453582	1220
17	66508475	66508576	20118
17	66511507	66511748	21913
17	66518860	66519101	12434
17	66519820	66519971	11107
17	66520096	66520247	13694
17	66521014	66521135	5857
17	66521852	66522093	28274
17	66523949	66524070	3897
17	66524950	66525191	18079
17	66526040	66526161	30200
17	66526382	66526623	47355
17	66527338	66527438	2806
17	66527783	66527884	10311
17	66528001	66528102	12781
17	66528360	66528461	13731
17	66528797	66528898	10199
17	66533538	66533929	28844
17	66535446	66535567	19649
17	66536005	66536126	9879
17	66536641	66536762	11434
17	66536980	66537124	14876
17	66538064	66538335	38758
17	66538771	66539012	37503
17	66539724	66539875	12314
17	66547194	66547295	5944
17	66547991	66548112	6054
17	66550881	66551002	7285
17	66551640	66551911	16174
17	66596364	66596845	5260
17	66864082	66864334	15260
17	66864408	66864529	11360
17	66865789	66865940	7894
17	66871349	66871590	27483
17	66871693	66871934	22597
17	66872586	66872707	10248
17	66872745	66872866	12004
17	66873618	66873859	49257
17	66877245	66877366	12026
17	66877911	66878182	33323
17	66878678	66878919	22469
17	66879916	66880037	5291
17	66880443	66880564	5525
17	66881275	66881516	13109
17	66883148	66883281	8929
17	66883440	66883681	16293
17	66887592	66887747	9304
17	66890187	66890502	18414
17	66890966	66891207	29000
17	66898815	66899056	31878
17	66899419	66899660	30850
17	66902123	66902364	24146
17	66903829	66904070	20861
17	66913485	66913606	8706
17	66914105	66914376	30800
17	66914567	66914687	4899
17	66915408	66915649	12956
17	66917513	66917643	7191
17	66918361	66918530	9144
17	66920804	66921045	25068
17	66924009	66924250	13909
17	66925161	66925402	11182
17	66925621	66925892	11276
17	66928419	66928665	19685
17	66929299	66929422	6095
17	66933052	66933293	23138
17	66936879	66937120	20627
17	66938066	66938187	8553
17	66972043	66972164	9447
17	66972242	66972363	7537
17	66978651	66978802	9874
17	66979798	66980039	23299
17	66980105	66980376	21264
17	66981011	66981132	12554
17	66981170	66981291	11488
17	66982263	66982504	27175
17	66985152	66985273	15544
17	66985891	66986132	13931
17	66986916	66987157	27835
17	66988300	66988421	6123
17	66989129	66989250	6420
17	66991944	66992215	14654
17	67003890	67004023	5184
17	67004138	67004409	12798
17	67008107	67008234	11109
17	67012341	67012582	15943
17	67013742	67013983	25841
17	67014485	67014756	22829
17	67016506	67016747	11986
17	67017873	67018062	11277
17	67020303	67020544	21042
17	67022471	67022622	7258
17	67023064	67023305	13883
17	67023409	67023650	11790
17	67023747	67023988	11420
17	67024666	67024796	13578
17	67025278	67025399	8947
17	67028211	67028452	40358
17	67029819	67030060	18106
17	67031358	67031599	15781
17	67031720	67031991	17894
17	67039620	67039866	12551
17	67040628	67040751	7676
17	67041273	67041514	8715
17	67045406	67045647	16586
17	67047158	67047279	8233
17	67075073	67075225	11648
17	67075317	67075438	6384
17	67077155	67077306	8599
17	67078932	67079203	28397
17	67079261	67079532	7642
17	67080387	67080508	9400
17	67080519	67080670	8406
17	67081094	67081365	11160
17	67081750	67081871	5169
17	67082666	67082937	21388
17	67083432	67083673	30357
17	67084292	67084413	6140
17	67085553	67085704	8202
17	67087222	67087463	16662
17	67092371	67092504	10199
17	67092734	67092975	12471
17	67094051	67094178	10361
17	67096885	67097126	16373
17	67098891	67099162	24257
17	67101564	67101805	22924
17	67102139	67102380	10544
17	67103773	67104014	13976
17	67106890	67107131	21042
17	67108307	67108428	5105
17	67109310	67109551	9708
17	67109697	67109915	28622
17	67110869	67111110	25608
17	67111507	67111637	11587
17	67114006	67114127	17484
17	67119342	67119583	13316
17	67120992	67121186	14005
17	67124701	67124972	15855
17	67125700	67125909	7600
17	67129772	67130018	28987
17	67130770	67130893	4159
17	67132134	67132431	15107
17	67133417	67133658	15734
17	67136735	67136856	9606
17	67144925	67145076	16560
17	67145140	67145261	16142
17	67146103	67146224	9752
17	67148102	67148403	26765
17	67148411	67148682	22826
17	67149401	67149552	15079
17	67149558	67149709	6865
17	67149909	67150180	22328
17	67150360	67150481	5390
17	67151067	67151338	22097
17	67151854	67152125	17327
17	67152957	67153078	7780
17	67160193	67160314	5972
17	67161013	67161284	20722
17	67170412	67170545	10270
17	67170681	67170952	18336
17	67171537	67171664	9090
17	67178262	67178482	20181
17	67178761	67179002	12779
17	67181549	67181820	15377
17	67183799	67184040	19144
17	67186437	67186678	10887
17	67187265	67187506	23071
17	67188687	67188808	2085
17	67189198	67189439	19876
17	67189572	67189813	16438
17	67189921	67190162	20354
17	67190516	67190646	6903
17	67193183	67193341	8619
17	67197603	67197844	24573
17	67210797	67211028	15925
17	67211897	67212168	12649
17	67212307	67212548	12679
17	67215647	67215922	8421
17	67217893	67218046	5870
17	67218634	67218875	25664
17	67221421	67221609	31913
17	67223282	67223382	8387
17	67243668	67243795	10826
17	67244380	67244511	10696
17	67246024	67246145	5222
17	67246566	67246807	24713
17	67247826	67248067	8922
17	67249669	67249820	16424
17	67249911	67250032	9891
17	67250422	67250663	14050
17	67251668	67251789	8667
17	67251811	67252052	10000
17	67252239	67252434	18143
17	67255831	67255952	4363
17	67256454	67256575	7326
17	67257256	67257452	5460
17	67257766	67257899	11724
17	67260839	67261080	8913
17	67264074	67264207	14400
17	67266701	67266942	23575
17	67267245	67267486	16319
17	67270063	67270304	10929
17	67273761	67274002	15321
17	67280033	67280273	26883
17	67281987	67282228	16388
17	67282345	67282466	15360
17	67283701	67283942	9264
17	67285256	67285480	17367
17	67285969	67286188	14641
17	67287320	67287477	10627
17	67290733	67290884	7217
17	67293294	67293535	16911
17	67297232	67297473	19376
17	67298801	67299072	7770
17	67300759	67301000	17532
17	67302856	67303105	14802
17	67304403	67304524	3269
17	67305332	67305603	16527
17	67309213	67309454	7460
17	67310444	67310566	5126
17	67410785	67410902	5292
17	67411072	67411193	11754
17	67411359	67411459	12065
17	67422619	67422720	13795
17	67501814	67502013	25500
17	67512958	67513079	21587
17	67513631	67513764	13539
17	67515362	67515633	39857
17	67516361	67516588	21360
17	67517154	67517275	18699
17	67519597	67519838	26191
17	67521019	67521140	6853
17	67522659	67522900	28559
17	67532217	67532338	2462
17	67537764	67537915	10008
17	67538139	67538276	10683
17	67538383	67538501	7801
17	67944883	67945207	22998
17	68101031	68101131	7407
17	68127064	68127165	11973
17	68128135	68131747	286124
17	68171161	68176184	414936
17	68846320	68846673	15117
17	68856332	68856458	4888
17	68857970	68858108	4712
17	68860206	68860370	9931
17	68865812	68865937	18133
17	68869417	68869578	4352
17	68872991	68873128	13763
17	68876140	68876326	14444
17	68886910	68887025	13014
17	68887181	68887282	5374
17	68888605	68888705	13054
17	68891609	68891744	14310
17	68893565	68893665	3367
17	68894178	68894281	8922
17	68895569	68895770	2914
17	68898020	68898214	38208
17	68899172	68899272	8913
17	68901293	68901482	16400
17	68901942	68902057	5265
17	68902888	68903125	10727
17	68905768	68905918	9654
17	68906053	68906162	9973
17	68908753	68908944	3574
17	68909386	68909486	7585
17	68909679	68909874	11524
17	68923544	68923725	7126
17	68926899	68927039	13928
17	68930020	68930167	7556
17	68931119	68931255	10292
17	68931649	68931825	12329
17	68938244	68938346	4743
17	68939235	68939402	9808
17	68941465	68941581	14453
17	68943183	68943377	16413
17	70034885	70035049	15892
17	70117379	70117987	96802
17	70118805	70119166	53704
17	70119639	70120573	24769
17	70120936	70121037	9318
17	70121211	70121429	16059
17	70121883	70121983	8600
17	70122380	70122580	30326
17	70642070	70642171	11968
17	70642283	70642424	6063
17	70642815	70642915	6586
17	70643700	70643821	9627
17	70644899	70645140	19256
17	70645266	70645417	8188
17	70657837	70657944	22099
17	70710512	70710707	4549
17	70732762	70732883	5981
17	70844426	70844527	3571
17	70845706	70845977	30796
17	70856906	70857006	15066
17	70943801	70944072	45184
17	71016633	71016733	4239
17	71027652	71027893	9605
17	71080874	71081025	12023
17	71084758	71084914	7443
17	71165382	71168063	233404
17	71189155	71189533	18240
17	71192556	71192947	22128
17	71193008	71193249	16500
17	71193328	71193566	21781
17	71195960	71196201	8503
17	71196658	71196929	16926
17	71197222	71198063	74638
17	71199090	71199331	17709
17	71199730	71199971	48528
17	71201604	71201875	15964
17	71202283	71202411	8732
17	71202810	71202966	12644
17	71203266	71203479	14229
17	71203796	71203896	3568
17	71204376	71204641	18455
17	71205122	71205245	6918
17	71205399	71205917	36566
17	71208786	71208907	10952
17	71223292	71223413	11086
17	71228153	71228514	6398
17	71231596	71233157	99788
17	71238373	71238500	13538
17	71238997	71239152	7903
17	71241256	71241377	10931
17	71243370	71243519	11102
17	71244603	71244704	6061
17	71245084	71245184	5796
17	71246361	71246482	11747
17	71247057	71247298	17422
17	71248262	71248362	9224
17	71248755	71248876	6768
17	71249984	71250225	26010
17	71253774	71254015	17145
17	71257035	71257156	8649
17	71257818	71258025	13744
17	71281532	71282752	101280
17	71332761	71332995	23601
17	71334364	71334644	17629
17	71334661	71335142	43472
17	71344679	71344920	13442
17	71346323	71346564	16616
17	71346737	71346978	13387
17	71348572	71348813	17384
17	71354044	71354400	25295
17	71357782	71358023	15668
17	71361344	71361585	17379
17	71364517	71364758	24034
17	71365236	71365357	8711
17	71375252	71375493	20603
17	71375516	71375757	17399
17	71376999	71377120	12167
17	71379961	71380202	42489
17	71381959	71382080	7761
17	71382514	71382755	13660
17	71383954	71384195	37666
17	71386401	71386642	95929
17	71387566	71387687	11091
17	71389672	71389913	13599
17	71390284	71390525	23978
17	71391231	71391592	29903
17	71394127	71394368	27057
17	71394392	71394633	29559
17	71395246	71395487	17226
17	71397133	71397374	45037
17	71397780	71397901	10717
17	71398061	71398302	8304
17	71410719	71410960	31078
17	71411926	71412160	10749
17	71415253	71415494	29304
17	71418378	71418619	20702
17	71419485	71419712	26556
17	71420021	71420262	21882
17	71426579	71426820	12322
17	71427603	71427844	14932
17	71429807	71430048	15511
17	71431564	71431805	19217
17	71433834	71433979	15348
17	71434076	71434317	27483
17	71436885	71437126	27995
17	71443699	71443940	29239
17	71451997	71452238	24512
17	71468182	71468423	23393
17	71503535	71503776	16394
17	71640145	71640245	9345
17	71746468	71746789	60896
17	71757068	71757189	7532
17	71819752	71819974	25787
17	71824537	71824638	3660
17	72200034	72200370	30796
17	72205235	72205506	17424
17	72205894	72206015	8640
17	72209669	72209910	4355
17	72218588	72218829	30119
17	72227017	72227148	9743
17	72233391	72233663	14969
17	72239499	72239620	13124
17	72240090	72240211	27830
17	72245093	72245244	21812
17	72245419	72245570	14607
17	72246029	72246180	15513
17	72246388	72246509	6309
17	72248292	72248563	24471
17	72249191	72249432	22386
17	72249841	72249992	10604
17	72256216	72256367	13331
17	72256484	72256585	6037
17	72257064	72257244	11754
17	72257656	72257757	5744
17	72258094	72258194	4890
17	72277896	72278167	24678
17	72281108	72281379	10942
17	72283055	72283296	20669
17	72285682	72285923	16144
17	72287124	72287282	14692
17	72295775	72296046	19398
17	72297094	72297365	22451
17	72301348	72301591	27953
17	72305338	72305579	37955
17	72306107	72306348	38642
17	72308104	72308379	7136
17	72310151	72310465	17120
17	72322446	72322567	9360
17	72324542	72324663	7646
17	72337948	72338189	27314
17	72338751	72338872	19140
17	72339109	72339350	16686
17	72340303	72340544	7293
17	72340875	72341116	23473
17	72342468	72342705	9264
17	72343855	72344096	19567
17	72345284	72345525	23568
17	72346505	72346746	16888
17	72346787	72347114	28877
17	72347959	72348538	2034
17	72348905	72349146	12961
17	72349266	72349507	22007
17	72349615	72349736	7213
17	72350258	72350739	26335
17	72350879	72351120	15922
17	72351264	72351505	22086
17	72352786	72353880	25050
17	72356034	72356425	49406
17	72357824	72357975	12909
17	72363584	72363945	21361
17	72365542	72365811	16835
17	72366587	72366858	33306
17	72367822	72368783	66276
17	72369728	72369829	7225
17	72428137	72428290	14391
17	72428394	72428662	6529
17	72429803	72429954	26665
17	72435793	72437024	101909
17	72439640	72440063	83260
17	72442926	72443197	31588
17	72444941	72445104	19004
17	72445428	72445549	7941
17	72462801	72462922	21689
17	72469632	72470024	35771
17	72470626	72470867	34120
17	72473530	72473681	9302
17	72477385	72477506	18727
17	72477855	72477982	9443
17	72480081	72480322	38324
17	72518806	72519077	31824
17	72519692	72519813	15092
17	72521870	72522231	86530
17	72527403	72527644	27343
17	72537650	72537921	32559
17	72538911	72539182	27537
17	72540735	72541096	47150
17	72541829	72541950	4846
17	72556891	72556991	5135
17	72560057	72560414	42631
17	72576105	72576262	10970
17	72578312	72578463	28025
17	72584637	72584998	23937
17	72588144	72590349	178936
17	72608700	72608971	18684
17	72610054	72610182	22271
17	72613247	72613614	42324
17	72615197	72615318	5644
17	72619679	72619900	18172
17	72667700	72667821	4014
17	72672129	72672230	1529
17	72691161	72691432	25470
17	72691809	72692050	21107
17	72692253	72692404	7808
17	72694472	72694630	16535
17	72694662	72694787	6242
17	72699106	72699347	20257
17	72700604	72700965	52124
17	72701307	72701428	6467
17	72708892	72709043	12831
17	72725385	72725515	17956
17	72733081	72733322	7382
17	72733396	72733517	519
17	72736870	72737027	15487
17	72738352	72738473	8535
17	72739209	72739512	10521
17	72740388	72740648	20019
17	72740948	72741244	19090
17	72741435	72741641	21360
17	72744745	72744845	950
17	72744964	72745445	7809
17	72758110	72758351	14701
17	72759431	72759702	29207
17	72763003	72763154	21459
17	72764239	72764390	11510
17	72764549	72764820	21666
17	72765151	72765252	5281
17	72767808	72768049	13221
17	72768054	72768205	27056
17	72768315	72768436	12125
17	72768955	72769226	26443
17	72769705	72769837	9915
17	72771737	72771858	10471
17	72773400	72773551	18232
17	72781560	72781801	29725
17	72784877	72785028	19889
17	72786325	72786476	8990
17	72787073	72787194	6144
17	72791109	72791260	25666
17	72791653	72791781	27551
17	72815844	72815995	28550
17	72831994	72832865	50693
17	72833912	72834013	9157
17	72834072	72834173	9845
17	72838521	72839702	27441
17	72840330	72840691	54125
17	72842147	72842418	24687
17	72842857	72843098	17574
17	72843410	72843686	30489
17	72843902	72844173	15923
17	72845844	72846115	22872
17	72846306	72846547	23875
17	72846649	72846920	50058
17	72847651	72847892	19431
17	72848100	72848810	4625
17	72850715	72851271	41854
17	72856553	72856674	18270
17	72858852	72859123	33839
17	72859161	72859402	11610
17	72859952	72860489	19821
17	72860552	72860703	12589
17	72860887	72861128	15591
17	72861830	72861952	14355
17	72862218	72862376	16556
17	72862477	72862748	14379
17	72862860	72863011	10723
17	72868148	72868269	5997
17	72868968	72869089	1258
17	72874411	72874652	19328
17	72875502	72875743	19064
17	72877170	72877411	21447
17	72878628	72878869	17284
17	72888611	72888852	17082
17	72889477	72889725	8199
17	72914078	72914229	12227
17	72915466	72916817	128202
17	72918965	72919346	18553
17	72920702	72921063	36647
17	72921597	72921838	30763
17	72923255	72923406	11907
17	72923705	72923946	26433
17	72926329	72927290	82635
17	72929403	72929674	23721
17	72931887	72932076	10902
17	72937461	72938183	69408
17	72939318	72939469	11505
17	72939608	72939853	29655
17	72942711	72943582	70845
17	72945274	72945545	22720
17	72947635	72947756	10917
17	72947957	72948198	15262
17	72948354	72948476	8776
17	72949079	72949200	15539
17	72949630	72949756	17550
17	72950223	72950470	30339
17	72951847	72952088	13779
17	72954213	72954334	23101
17	72954346	72954617	17476
17	72954721	72954872	9011
17	72954954	72955195	13464
17	72955912	72956063	8012
17	72956080	72956353	15347
17	72957904	72958145	17257
17	72958290	72958445	12228
17	72958966	72959237	20010
17	72959798	72960039	63869
17	72960531	72960772	21508
17	72968657	72968778	12852
17	72983897	72984258	211
17	72995533	72995774	59166
17	72997388	72997629	15709
17	72998119	72998360	16293
17	72999242	73000203	84692
17	73000520	73000660	10615
17	73001010	73001110	7058
17	73001488	73001589	15825
17	73001808	73001909	8130
17	73008753	73008994	11784
17	73013107	73013241	19833
17	73015763	73015884	18011
17	73016357	73016508	12560
17	73016546	73016787	14179
17	73016966	73017117	11597
17	73034971	73035212	11671
17	73035273	73035394	11975
17	73036131	73036282	10247
17	73038262	73038383	8482
17	73038533	73038804	16687
17	73043194	73043694	0
17	73045305	73045433	13267
17	73049063	73049214	28948
17	73055591	73055712	8449
17	73058156	73058397	24337
17	73059066	73059187	6949
17	73060011	73060111	19321
17	73070401	73070501	3100
17	73073481	73073850	4249
17	73089679	73089950	18675
17	73094053	73094324	18368
17	73096055	73096926	91273
17	73100048	73100294	11608
17	73101905	73102138	17016
17	73106367	73106749	37651
17	73110220	73110320	12900
17	73124681	73125192	24965
17	73125260	73125361	6740
17	73126508	73126779	73266
17	73126783	73127024	33422
17	73127108	73127229	8852
17	73127234	73127386	13702
17	73127594	73127835	880
17	73131326	73131427	6264
17	73131831	73132432	36112
17	73138809	73138935	4511
17	73142708	73142829	5792
17	73143638	73143759	5226
17	73144543	73144814	18899
17	73150403	73150524	20744
17	73163865	73163996	8904
17	73164403	73164524	16414
17	73170821	73170942	14348
17	73177096	73177337	27719
17	73178857	73178978	3969
17	73201811	73201932	21025
17	73204577	73204728	14527
17	73205877	73206118	11048
17	73208060	73208181	5213
17	73209131	73209252	20723
17	73211822	73211943	7502
17	73214219	73214460	30258
17	73221113	73221617	52993
17	73221707	73221978	14164
17	73222136	73222262	12058
17	73227385	73227536	17082
17	73227609	73227760	15551
17	73227847	73228118	20579
17	73228853	73229124	47187
17	73229141	73229263	13528
17	73230686	73230927	16659
17	73231154	73231306	13622
17	73231662	73231784	18541
17	73232672	73232773	10055
17	73232844	73232945	6763
17	73233535	73233635	7246
17	73234096	73234254	17933
17	73234323	73234480	9906
17	73234723	73234853	8684
17	73234958	73235199	16695
17	73235402	73235673	22422
17	73235818	73236209	25523
17	73236396	73236517	5989
17	73236834	73237195	43661
17	73237387	73237792	51458
17	73238334	73238605	31285
17	73238860	73239011	13598
17	73239104	73239257	13969
17	73239468	73239709	28304
17	73240657	73240808	9548
17	73242566	73242687	11395
17	73242743	73242894	10879
17	73257587	73257708	4147
17	73257961	73258082	40109
17	73258407	73258793	28043
17	73258825	73258976	16434
17	73259353	73259633	15800
17	73261772	73262014	6722
17	73262559	73263058	54951
17	73263573	73263724	14784
17	73263783	73264024	15374
17	73264154	73264283	13806
17	73265417	73265550	6676
17	73266144	73266295	13548
17	73269504	73269745	10377
17	73273377	73273618	9137
17	73274203	73274444	14970
17	73279467	73279708	17773
17	73282311	73282582	9396
17	73282628	73282899	27443
17	73314135	73314358	6554
17	73315163	73315263	10255
17	73315399	73315500	15231
17	73316020	73316120	2831
17	73316212	73316313	2819
17	73316420	73316661	19487
17	73317672	73317943	14052
17	73321888	73322159	22857
17	73328738	73328889	14460
17	73389609	73389730	8145
17	73402146	73402247	3124
17	73467937	73468058	20907
17	73481417	73481688	15809
17	73481894	73482135	33616
17	73482317	73482558	26973
17	73483962	73484233	45080
17	73484764	73485035	19217
17	73485336	73485459	14949
17	73485608	73485759	11328
17	73486221	73486492	14255
17	73486749	73486870	7317
17	73487120	73487244	15389
17	73487308	73487579	38108
17	73487725	73487996	28186
17	73488531	73488892	25563
17	73488945	73489216	17851
17	73489561	73489684	13481
17	73489737	73490008	21254
17	73490677	73491165	69304
17	73491301	73491542	35310
17	73491583	73491734	17921
17	73492037	73492165	7415
17	73492285	73492577	14877
17	73492758	73492909	8116
17	73493175	73493296	13793
17	73493841	73493962	7140
17	73494208	73494449	32110
17	73494482	73494843	24850
17	73494926	73495197	22251
17	73495287	73495438	9436
17	73495612	73495712	7331
17	73496054	73496178	4833
17	73496835	73496935	5208
17	73497144	73497265	11629
17	73497508	73497781	25794
17	73497805	73499366	94979
17	73499387	73499658	38557
17	73499699	73499851	17948
17	73499923	73500053	8725
17	73500280	73500401	17493
17	73500469	73501203	65396
17	73501593	73501744	10361
17	73501889	73502020	7745
17	73502348	73502504	13648
17	73502577	73502848	17243
17	73502866	73503257	23825
17	73503622	73503773	10297
17	73504249	73504400	10338
17	73509777	73509898	15474
17	73512619	73512768	0
17	73512787	73513028	1444
17	73513060	73513181	4555
17	73513222	73513343	4039
17	73513595	73513746	10293
17	73515040	73515161	11776
17	73517479	73517601	7011
17	73517708	73518459	31810
17	73519294	73519445	23008
17	73519680	73519909	18415
17	73520296	73520601	16219
17	73520701	73520844	20971
17	73521768	73522020	44
17	73539430	73539595	20808
17	73552114	73552235	32716
17	73554095	73554336	15780
17	73554529	73554770	18830
17	73555290	73555531	17911
17	73559026	73559297	32458
17	73559356	73559597	29863
17	73559798	73559919	7666
17	73560359	73560630	54505
17	73564514	73564785	30539
17	73564825	73564976	22576
17	73564984	73565255	38902
17	73565262	73565416	15610
17	73565978	73566369	78130
17	73566382	73566623	21979
17	73566954	73567225	28024
17	73567654	73568181	90837
17	73569015	73569406	53304
17	73569485	73569756	43505
17	73569985	73570106	5272
17	73570256	73570377	3071
17	73570493	73570614	8336
17	73570658	73570779	7177
17	73570908	73571045	10195
17	73584138	73586463	61208
17	73586688	73586788	4856
17	73586987	73587101	13573
17	73587223	73587327	12170
17	73587681	73587793	7390
17	73588057	73588161	4305
17	73588300	73588400	7536
17	73588508	73588622	15390
17	73588759	73588921	36665
17	73590555	73590669	13260
17	73590760	73590861	27794
17	73590920	73591053	34741
17	73592327	73592688	43363
17	73592793	73593034	22534
17	73597460	73597701	13422
17	73598422	73598696	17713
17	73598847	73599195	22922
17	73599209	73599450	20054
17	73601532	73601763	16813
17	73601902	73602143	28898
17	73606232	73606353	10536
17	73606949	73607070	12575
17	73607649	73607770	8731
17	73607910	73608151	35358
17	73608865	73608986	20332
17	73608991	73609582	39533
17	73609760	73609881	13694
17	73610239	73610480	27506
17	73610592	73610951	11205
17	73611021	73611142	14614
17	73611308	73611429	6751
17	73611571	73611692	5999
17	73611748	73611989	24253
17	73612127	73612248	16092
17	73612339	73612914	90412
17	73612936	73613057	17311
17	73613153	73613394	20653
17	73613824	73614065	9696
17	73614174	73614295	5296
17	73615199	73615320	8124
17	73615375	73615616	17297
17	73615698	73616149	62529
17	73616290	73616501	17257
17	73616532	73616773	29566
17	73616802	73617294	52684
17	73617395	73617516	11200
17	73617554	73617675	15143
17	73618060	73618181	11888
17	73619836	73619957	9304
17	73619965	73620206	25645
17	73620240	73620361	14853
17	73620427	73620548	6636
17	73620609	73620730	11685
17	73620802	73621043	34994
17	73621139	73621380	16529
17	73621552	73621793	21452
17	73621869	73622110	21523
17	73622116	73622357	26156
17	73622464	73622585	16475
17	73623460	73623612	7744
17	73623676	73623797	4023
17	73624258	73624532	29528
17	73624735	73624919	14614
17	73624983	73625584	33845
17	73625733	73625974	32692
17	73626249	73626370	9999
17	73626644	73626795	15984
17	73626826	73626947	9628
17	73627010	73627131	14040
17	73627188	73627339	9365
17	73627487	73627758	28215
17	73629323	73629423	3590
17	73636281	73636409	14884
17	73636870	73637306	38939
17	73643456	73644056	31889
17	73646697	73646818	7013
17	73647214	73647365	9986
17	73654307	73654578	23356
17	73657025	73657156	13975
17	73657645	73657798	9887
17	73658486	73659117	28960
17	73661040	73661286	18549
17	73662451	73662692	14123
17	73663443	73663568	21956
17	73664586	73664740	16870
17	73667858	73667979	15891
17	73686750	73686852	4445
17	73687473	73687596	5756
17	73689479	73689600	9382
17	73695845	73695966	7235
17	73698514	73698665	10818
17	73699329	73699480	8346
17	73699852	73699973	10461
17	73700773	73700924	3470
17	73701994	73702182	11823
17	73702389	73702630	11487
17	73703558	73703659	22270
17	73720731	73720882	7764
17	73723224	73723375	26354
17	73723444	73723596	26727
17	73723712	73723953	18632
17	73724414	73724565	10868
17	73725310	73725551	20614
17	73726242	73726633	37239
17	73726909	73727060	9875
17	73727236	73727507	14965
17	73727822	73728093	19107
17	73728190	73728341	10008
17	73729520	73729791	27402
17	73732092	73732245	11283
17	73732326	73732477	9457
17	73732589	73732830	7430
17	73733342	73733583	28726
17	73733609	73733799	20850
17	73735678	73735829	17990
17	73735905	73736176	16744
17	73736429	73736579	17119
17	73736811	73736962	17997
17	73736983	73737134	22107
17	73738344	73738858	58253
17	73739716	73739987	27403
17	73744902	73745143	18513
17	73746119	73746390	40770
17	73746729	73746970	16411
17	73747002	73747243	16109
17	73748194	73748465	14340
17	73748471	73748712	13812
17	73749829	73750070	1242
17	73750565	73750956	26733
17	73751097	73751334	21994
17	73751735	73751976	37168
17	73752452	73752723	18476
17	73752741	73753225	33198
17	73753244	73753401	12949
17	73753415	73753686	21516
17	73753778	73753924	10837
17	73754111	73754232	5810
17	73754250	73754724	19900
17	73758724	73758995	30844
17	73759011	73759282	44282
17	73759309	73759580	34259
17	73759951	73760192	26647
17	73760349	73760582	18481
17	73760628	73760923	14721
17	73761013	73761254	7814
17	73773536	73773636	7869
17	73773836	73775311	106666
17	73780656	73781075	27014
17	73805824	73806065	28820
17	73808159	73808400	24486
17	73808479	73808720	13534
17	73809105	73809346	23912
17	73809779	73810020	20193
17	73811230	73811351	8354
17	73812800	73813041	22130
17	73813385	73813626	15705
17	73814155	73814276	3640
17	73814688	73814929	29941
17	73815694	73815935	14658
17	73815973	73816214	18746
17	73817296	73817964	38490
17	73818527	73818768	19120
17	73819293	73819654	51968
17	73820299	73820540	11175
17	73820652	73820803	7178
17	73821066	73821166	1288
17	73821168	73821269	605
17	73821369	73821574	9806
17	73823955	73824226	33514
17	73824844	73825085	8015
17	73826049	73826290	12517
17	73826381	73826622	21770
17	73826639	73826760	15036
17	73827123	73827274	9466
17	73827285	73827439	12094
17	73828841	73829146	38113
17	73830098	73830249	10211
17	73830387	73830628	14811
17	73830686	73830807	5458
17	73830921	73831192	18548
17	73831428	73832021	36972
17	73832050	73832201	11396
17	73832247	73832368	2998
17	73832403	73832524	6268
17	73832563	73833060	44755
17	73835880	73836033	20161
17	73836083	73836204	21054
17	73836266	73836420	20620
17	73836561	73836682	9187
17	73836785	73836936	12218
17	73836968	73837119	14081
17	73838482	73838723	36589
17	73838879	73839030	10910
17	73839033	73839184	3688
17	73839202	73839357	8571
17	73839521	73839642	10149
17	73840208	73840479	34010
17	73841781	73841900	8925
17	73842780	73842901	21051
17	73842935	73843086	32670
17	73843507	73843748	14871
17	73843822	73844063	18060
17	73844635	73844756	12096
17	73845631	73845872	32655
17	73847611	73847767	20766
17	73851257	73851408	8789
17	73870492	73871243	71949
17	73871426	73871577	10832
17	73871929	73872200	23068
17	73872333	73872583	13510
17	73872785	73872906	8139
17	73873910	73874686	2447
17	73886842	73887443	83219
17	73887847	73887998	11830
17	73888057	73888298	23200
17	73888338	73888591	14483
17	73888822	73888943	21371
17	73892543	73893028	1885
17	73894877	73895118	17592
17	73895185	73895426	16047
17	73895554	73895795	19579
17	73897024	73897145	12883
17	73897256	73897377	9774
17	73897775	73898016	22502
17	73898046	73898264	17582
17	73900314	73900435	7506
17	73900571	73900830	2650
17	73900861	73900982	36
17	73905977	73906154	11298
17	73906618	73906719	8584
17	73906784	73906905	10585
17	73908209	73908450	17442
17	73909720	73910410	82882
17	73910782	73911278	66148
17	73913750	73914416	66301
17	73915730	73915971	28517
17	73916016	73916257	19043
17	73916311	73916552	13438
17	73917292	73917413	9464
17	73917535	73917656	12113
17	73917955	73918196	21031
17	73919251	73919734	50297
17	73921416	73921537	7761
17	73922054	73922297	20622
17	73922316	73922557	14315
17	73922777	73923018	21780
17	73923513	73923634	12620
17	73924082	73924323	11270
17	73926041	73926162	7196
17	73927278	73927399	4805
17	73929061	73929182	5347
17	73931581	73931828	8246
17	73933021	73933246	12875
17	73933599	73933720	10024
17	73934132	73934312	9694
17	73936796	73936975	6221
17	73941660	73941895	11991
17	73942518	73942619	8815
17	73942761	73942912	18881
17	73944313	73944554	19265
17	73945248	73945544	18274
17	73945566	73945691	11677
17	73945737	73946008	32822
17	73946766	73947069	15982
17	73947425	73947693	16560
17	73949495	73949736	43680
17	73951583	73951824	27692
17	73951847	73952088	22796
17	73952280	73952473	6656
17	73953502	73953657	8283
17	73956224	73956495	15320
17	73957930	73958070	7733
17	73958358	73958522	27896
17	73959145	73959349	8123
17	73961019	73961141	4338
17	73966241	73966356	1815
17	73966677	73966884	16954
17	73967460	73967677	14763
17	73967835	73967936	6998
17	73969011	73969111	7037
17	73969220	73969384	10255
17	73969664	73969905	20918
17	73970520	73970723	15168
17	73974573	73974814	22922
17	73975008	73975164	13192
17	73982258	73982379	9908
17	73987504	73987745	18585
17	73996161	73996402	27263
17	73997413	73997632	20857
17	73997932	73998533	50801
17	73998581	73998789	19302
17	73999226	73999497	11451
17	74001290	74001561	19969
17	74003162	74006643	331518
17	74007611	74007762	20908
17	74007816	74007973	10732
17	74008067	74008188	12320
17	74010430	74010701	25904
17	74010942	74011213	7843
17	74011225	74011496	9338
17	74011498	74011739	22205
17	74013754	74014025	17533
17	74014229	74014350	9698
17	74014482	74014723	17797
17	74014946	74015187	2364
17	74015520	74015791	12225
17	74017535	74017656	2726
17	74017745	74017875	2152
17	74017907	74018148	5845
17	74018227	74018348	15663
17	74018435	74018676	18322
17	74019314	74019777	65848
17	74020060	74020211	25969
17	74023072	74023366	19877
17	74035187	74035288	9852
17	74035371	74035492	7845
17	74035777	74036024	23516
17	74036466	74036587	11650
17	74036930	74037081	6671
17	74039853	74040094	8893
17	74041358	74041479	26845
17	74042045	74042316	19749
17	74043948	74044099	9031
17	74046466	74046617	8774
17	74051470	74051673	6690
17	74053432	74053673	31059
17	74056368	74056489	9609
17	74057121	74057362	15411
17	74057552	74057673	9773
17	74059211	74059314	3903
17	74060033	74060274	24978
17	74060373	74060481	7972
17	74063288	74063421	18991
17	74065784	74065930	2271
17	74066430	74066551	8392
17	74068331	74068668	15975
17	74070907	74071388	32661
17	74072693	74073534	52615
17	74075334	74075455	23778
17	74075460	74075701	36661
17	74075713	74075864	18876
17	74075930	74076085	11190
17	74076299	74076762	35191
17	74076778	74077019	21003
17	74077051	74077203	14240
17	74077269	74077540	13460
17	74077609	74077850	18596
17	74077895	74078166	16933
17	74078517	74078758	22627
17	74079622	74079841	12019
17	74080032	74080273	21693
17	74080288	74080689	26575
17	74081381	74081502	4317
17	74081666	74081937	9212
17	74082132	74082253	9978
17	74082892	74083013	5947
17	74083706	74083827	10099
17	74084110	74084231	6911
17	74084502	74084653	9868
17	74084776	74085047	25607
17	74085177	74085448	37821
17	74086364	74086605	47060
17	74087178	74087353	13724
17	74089476	74089576	6236
17	74090441	74090698	18637
17	74093866	74094109	18045
17	74097251	74097492	37411
17	74097730	74097971	15605
17	74099413	74099534	3255
17	74099652	74099803	8978
17	74133396	74134237	38474
17	74135926	74136527	15917
17	74141253	74141494	13581
17	74148426	74148556	5826
17	74150295	74150446	8379
17	74151274	74151425	6072
17	74151577	74151848	11798
17	74152281	74152412	4756
17	74154436	74154592	5217
17	74155353	74155714	13709
17	74157606	74157738	10437
17	74157852	74158123	17900
17	74158607	74158728	8529
17	74160761	74160912	9027
17	74161513	74161664	5208
17	74162488	74162625	6192
17	74162997	74163268	22973
17	74163683	74163924	41022
17	74169765	74169886	15768
17	74208382	74208623	18017
17	74211771	74211872	2508
17	74221825	74222306	60154
17	74222335	74222456	14013
17	74223034	74223134	13040
17	74236216	74236337	1055
17	74261577	74261716	0
17	74261932	74262069	2062
17	74266249	74266610	2233
17	74266652	74266752	210
17	74270159	74270380	25745
17	74271812	74272083	47493
17	74272743	74272864	9296
17	74273196	74273437	42283
17	74274018	74274289	9909
17	74275111	74275233	9497
17	74275385	74275536	15729
17	74276053	74276294	32816
17	74276298	74276569	30387
17	74276680	74277092	28469
17	74277859	74278250	30394
17	74283208	74283449	14338
17	74283838	74283989	22405
17	74286024	74286175	3472
17	74287022	74290115	379718
17	74300486	74300616	12627
17	74300901	74301052	11105
17	74303472	74304079	59012
17	74307580	74307821	22148
17	74308872	74309143	21212
17	74309845	74309996	18306
17	74324751	74324990	25186
17	74326060	74326211	8401
17	74326568	74326809	21492
17	74328278	74328549	16691
17	74340693	74340844	15733
17	74344585	74344715	6907
17	74349596	74349819	755
17	74379887	74380008	2827
17	74381157	74381278	4989
17	74381512	74381753	13087
17	74381819	74381940	6381
17	74382020	74382261	13352
17	74382287	74382408	20946
17	74382410	74382651	43874
17	74382855	74383696	68448
17	74385965	74386095	7648
17	74386238	74386339	9160
17	74386802	74386903	3661
17	74386997	74387718	56515
17	74387774	74387925	11095
17	74387971	74388212	18157
17	74391722	74391993	16212
17	74392056	74392915	47081
17	74393833	74393984	3521
17	74394278	74394675	33198
17	74394843	74395114	32702
17	74395494	74396012	75657
17	74396181	74396422	13555
17	74396512	74396641	6326
17	74397012	74397283	13896
17	74398085	74398236	9846
17	74398640	74398791	21780
17	74401277	74401407	24378
17	74401563	74401684	8378
17	74448797	74449233	1795
17	74462234	74462335	4270
17	74464753	74465029	23015
17	74465180	74465451	36735
17	74465718	74466079	31151
17	74467653	74468164	50757
17	74468582	74468964	29176
17	74469075	74469197	15386
17	74469280	74469431	8281
17	74469715	74469836	10429
17	74469861	74470012	15700
17	74470078	74470234	14386
17	74470384	74470655	26684
17	74470787	74470908	21771
17	74471102	74471233	8294
17	74472887	74473128	17295
17	74473199	74473440	20572
17	74473651	74473922	17263
17	74474838	74475599	36598
17	74475797	74476038	34620
17	74477410	74477651	46083
17	74523429	74523530	7040
17	74524521	74524736	22782
17	74527021	74527262	27894
17	74527506	74527783	24298
17	74533431	74533654	13734
17	74534521	74534642	13194
17	74536199	74536320	16978
17	74536529	74536680	12753
17	74538554	74538705	10471
17	74539095	74539216	17191
17	74539858	74539979	19409
17	74540185	74540286	4110
17	74540459	74541425	119113
17	74554850	74554971	18302
17	74555062	74555542	27934
17	74557141	74557292	15354
17	74557303	74557544	10011
17	74557651	74557802	12447
17	74559166	74559287	8597
17	74562148	74562389	25895
17	74563493	74563644	6288
17	74564775	74565527	24226
17	74566637	74566760	7422
17	74568666	74568907	15719
17	74569239	74569480	35438
17	74570382	74570653	17782
17	74574806	74574927	7910
17	74581706	74581947	1575
17	74621389	74621630	19600
17	74621889	74622010	11406
17	74622041	74622192	21592
17	74622361	74622484	6131
17	74622650	74622921	19214
17	74623125	74623354	32861
17	74623459	74623700	15111
17	74625052	74625803	98566
17	74639503	74639774	22753
17	74673605	74673846	11706
17	74676893	74677014	5519
17	74679931	74680052	8224
17	74680688	74680809	11850
17	74681109	74681260	10077
17	74684165	74684761	55466
17	74706628	74707061	0
17	74712694	74712845	7948
17	74714695	74714996	31778
17	74716359	74716630	15561
17	74717826	74718067	35186
17	74719820	74720176	45623
17	74721514	74721982	43264
17	74722371	74722612	14556
17	74722840	74723385	17380
17	74725702	74725943	38872
17	74728997	74729476	37098
17	74729564	74729805	17746
17	74730281	74730382	6451
17	74730419	74730790	16678
17	74730874	74730975	11253
17	74731018	74731119	6550
17	74731232	74731332	7785
17	74731626	74731727	7300
17	74731777	74731957	7334
17	74732054	74732155	4441
17	74732163	74733301	68615
17	74734391	74734542	10288
17	74734986	74735107	13369
17	74737029	74737156	20425
17	74738029	74738150	13739
17	74738215	74738366	17088
17	74739447	74739568	7556
17	74740354	74740595	36430
17	74750087	74750208	15243
17	74763424	74763550	9338
17	74765769	74766010	17246
17	74771014	74771285	37954
17	74772434	74772675	39255
17	74774200	74774471	20490
17	74774545	74774681	18488
17	74815400	74815500	5780
17	74846447	74846755	27512
17	74857557	74857702	1039
17	74865084	74865205	19922
17	74868831	74869055	16995
17	74878155	74878426	39390
17	74898573	74898814	17767
17	74899330	74899481	8418
17	74900297	74900538	36111
17	74901211	74901452	25611
17	74902033	74902304	32283
17	74909624	74909920	26902
17	74920962	74921233	18523
17	74922624	74922865	19590
17	74928670	74928911	20850
17	74929315	74929436	10129
17	74931383	74931531	16635
17	74933996	74934267	31243
17	74936435	74936676	12641
17	74936720	74936952	6924
17	74942394	74942554	10558
17	74943858	74944219	22025
17	74944699	74945033	44804
17	74946099	74946199	14131
17	74946335	74946435	12643
17	75085330	75085601	28693
17	75139648	75139769	14621
17	75186838	75187079	27063
17	75187207	75187448	16076
17	75189445	75189686	29477
17	75190749	75191003	16309
17	75192274	75192403	3339
17	75196539	75196780	16943
17	75199604	75199755	8257
17	75201301	75201452	16308
17	75202275	75202516	18277
17	75202755	75202996	33064
17	75205369	75205610	26778
17	75207946	75208337	23607
17	75209333	75209899	94276
17	75209961	75210115	44061
17	75212577	75212698	9624
17	75212776	75212877	7839
17	75212981	75213215	19906
17	75277565	75277686	3923
17	75303189	75303310	20259
17	75316169	75316498	19769
17	75317101	75317202	6310
17	75369511	75369666	8311
17	75393051	75393151	9093
17	75398101	75398822	53426
17	75404874	75404974	5571
17	75425021	75427073	155733
17	75441079	75443250	217996
17	75471551	75472032	47625
17	75478210	75478676	54515
17	75483448	75483689	13135
17	75484301	75484422	7696
17	75484756	75484997	21813
17	75486761	75487002	22073
17	75488689	75488810	6297
17	75489048	75489169	14855
17	75493361	75493482	14976
17	75494551	75494792	8238
17	75495323	75495444	10949
17	75496328	75496428	6415
17	75496563	75496664	3689
17	75834708	75834829	5684
17	75877919	75879621	259042
17	75963869	75963970	5802
17	75971598	75971698	5249
17	76000250	76000350	933
17	76001099	76001199	7955
17	76027596	76027923	23701
17	76044925	76047578	166297
17	76060789	76061030	16054
17	76063799	76064040	7809
17	76067144	76067265	14216
17	76069085	76069206	2640
17	76071166	76071407	23091
17	76073219	76073481	10918
17	76075427	76075668	37524
17	76079066	76079307	7065
17	76082564	76082685	7420
17	76082872	76083233	25804
17	76087483	76087724	19237
17	76088988	76089229	29704
17	76089651	76089892	14982
17	76093762	76094003	24710
17	76094399	76094640	13742
17	76098528	76098649	10782
17	76099443	76099684	24152
17	76100504	76100985	28596
17	76104435	76104798	42422
17	76105392	76105773	28625
17	76109199	76109320	27902
17	76109605	76109756	10529
17	76113297	76113448	13240
17	76113515	76113756	18840
17	76113828	76114069	12001
17	76115028	76115149	5022
17	76115334	76115485	9305
17	76116034	76116135	3775
17	76116506	76116660	10736
17	76116672	76116943	19533
17	76117018	76117289	33881
17	76117593	76117834	11652
17	76118606	76118877	36887
17	76120013	76120284	77552
17	76120552	76120913	12239
17	76120956	76121077	4243
17	76121229	76121354	15717
17	76121764	76121975	34574
17	76122341	76122462	25246
17	76122515	76122786	23642
17	76122794	76122945	14242
17	76127622	76127863	2393
17	76127915	76128295	309
17	76128393	76128634	9191
17	76128848	76128969	20860
17	76129420	76129674	15952
17	76129856	76130127	14579
17	76130408	76130656	22636
17	76130869	76131140	29402
17	76133256	76133497	12297
17	76133755	76133906	21999
17	76134026	76134297	40459
17	76134343	76135341	74270
17	76136872	76137233	31871
17	76142445	76142566	6445
17	76142914	76143035	7981
17	76153951	76154318	58961
17	76157004	76157365	34850
17	76160129	76160490	32756
17	76160646	76160747	10315
17	76161947	76162137	8044
17	76164688	76164815	139
17	76166805	76167196	23450
17	76167509	76168081	58128
17	76170814	76171310	66172
17	76171593	76171714	4350
17	76178655	76178776	6166
17	76181069	76181310	17951
17	76182822	76182943	7720
17	76182981	76183225	15069
17	76183391	76183542	13543
17	76187034	76187155	18427
17	76188681	76188782	10390
17	76193175	76193296	10909
17	76198540	76198694	13014
17	76198746	76198867	21050
17	76200688	76200839	18486
17	76200883	76201004	11499
17	76201161	76201282	10705
17	76201468	76201878	46154
17	76201987	76202141	8036
17	76202913	76203161	16200
17	76210326	76210518	3319
17	76210751	76210932	16910
17	76211926	76212131	3711
17	76212652	76212923	14345
17	76218870	76218970	5029
17	76219520	76219761	20498
17	76227554	76228295	26713
17	76229965	76230066	9156
17	76230622	76230863	24793
17	76233879	76234000	6891
17	76234509	76234688	7782
17	76235048	76235409	86929
17	76235851	76236056	16286
17	76267382	76268024	30402
17	76352850	76352983	11143
17	76353020	76353120	5234
17	76354373	76355265	89812
17	76374696	76374937	1826
17	76388530	76388771	18454
17	76392366	76392487	7854
17	76394291	76394442	28820
17	76395402	76395643	21424
17	76396725	76396966	31546
17	76399578	76400209	71035
17	76410912	76411153	21402
17	76415565	76415806	11515
17	76419929	76420311	30875
17	76421358	76421719	53271
17	76422488	76422729	28594
17	76422976	76423230	22677
17	76424544	76424845	17428
17	76425170	76425411	19125
17	76430084	76430325	20710
17	76433655	76434016	40382
17	76435102	76435355	13002
17	76437088	76437326	17033
17	76440676	76440903	14942
17	76441579	76441820	16852
17	76445478	76446177	58200
17	76446284	76446525	14626
17	76446724	76446965	16898
17	76447531	76447772	65715
17	76449364	76449605	18289
17	76450488	76450849	33631
17	76451707	76451941	14830
17	76454583	76454824	25796
17	76455065	76455306	35431
17	76455853	76456094	43441
17	76456230	76456351	12199
17	76457586	76457827	16763
17	76458861	76459222	40099
17	76462696	76462937	13633
17	76464650	76465011	34480
17	76468743	76468856	15639
17	76471334	76471575	15747
17	76471711	76471952	26447
17	76472613	76472854	29845
17	76475091	76475212	8902
17	76475519	76475760	20917
17	76476695	76476936	47701
17	76480940	76481155	20431
17	76481614	76481855	21585
17	76482007	76482248	13658
17	76482265	76482626	28758
17	76486733	76486974	27249
17	76487467	76487708	35031
17	76488659	76488900	13475
17	76490065	76490306	24668
17	76490607	76490968	41410
17	76490988	76491229	22371
17	76491914	76492155	24893
17	76495020	76495261	16463
17	76496343	76496584	11459
17	76497224	76497465	18416
17	76497771	76498013	14091
17	76498226	76498846	101333
17	76498909	76499150	36651
17	76501329	76501570	21627
17	76502743	76502984	21553
17	76503344	76503465	12030
17	76503472	76503953	31227
17	76506405	76506646	9210
17	76510798	76511159	41419
17	76521031	76521286	32700
17	76522706	76522835	8686
17	76522898	76523139	19482
17	76525483	76525844	61679
17	76526388	76526629	24917
17	76528509	76528870	20256
17	76533350	76533591	15967
17	76535769	76536010	15070
17	76539856	76540128	33465
17	76547547	76547762	18645
17	76548711	76548952	29102
17	76554141	76554382	20806
17	76556798	76557039	25943
17	76557748	76558109	24758
17	76562632	76562873	20064
17	76563043	76563284	17767
17	76565229	76565350	17375
17	76565411	76565652	23987
17	76566270	76566511	11689
17	76567001	76567132	11250
17	76567349	76567470	20124
17	76567646	76567887	16115
17	76568758	76568999	18545
17	76570725	76571206	83181
17	76670185	76670299	12486
17	76671970	76672091	5141
17	76672150	76672271	5119
17	76676227	76676468	28457
17	76676997	76677148	3909
17	76688445	76688596	13951
17	76692028	76692149	7144
17	76694341	76694472	12413
17	76694854	76695095	8643
17	76696403	76696535	11095
17	76697701	76697852	12286
17	76698141	76698382	14911
17	76698591	76698712	14632
17	76704219	76704370	5630
17	76705711	76705832	11982
17	76723705	76723826	7065
17	76732726	76732847	13857
17	76753961	76754141	3978
17	76755071	76755238	5001
17	76778233	76778390	0
17	76794435	76794687	14745
17	76794926	76795167	30476
17	76795738	76795860	4166
17	76798390	76798631	32624
17	76799414	76800086	59885
17	76802151	76802422	22721
17	76802988	76803739	76261
17	76808861	76809132	33857
17	76809813	76809965	8926
17	76810412	76810683	20017
17	76814739	76814870	14418
17	76815961	76816112	10182
17	76817046	76817167	5956
17	76817991	76818112	11113
17	76823157	76823439	16398
17	76824969	76825099	6691
17	76831321	76831593	43025
17	76832137	76832498	23735
17	76849105	76849206	4656
17	76849285	76849386	6784
17	76849735	76849932	6332
17	76851319	76851419	10344
17	76851696	76851967	17223
17	76853544	76853785	17648
17	76866970	76867098	8662
17	76869859	76870011	14067
17	76870520	76870621	3437
17	76886669	76888590	154672
17	76897827	76897948	6940
17	76920984	76921180	405
17	76967620	76968821	91230
17	76968966	76969347	22052
17	76970684	76970955	18196
17	76972021	76972262	33542
17	76973186	76973307	3753
17	76988739	76988860	3149
17	76989575	76990056	53587
17	76991080	76991321	15232
17	76992975	76993748	60750
17	77015597	77015718	15010
17	77016036	77016277	13278
17	77021959	77022059	4105
17	77039361	77039462	10618
17	77039756	77040247	80210
17	77042555	77042826	16951
17	77043563	77044194	72334
17	77070913	77071182	0
17	77073484	77073635	15305
17	77073724	77073965	17997
17	77075548	77075764	19703
17	77076246	77076487	21853
17	77076929	77077200	18817
17	77077911	77078328	50162
17	77078803	77078959	26234
17	77079062	77079215	12468
17	77079554	77079682	20745
17	77079786	77080057	46413
17	77080542	77080813	26734
17	77081278	77081434	11047
17	77081637	77081878	21772
17	77081951	77082462	57519
17	77083012	77083133	38040
17	77085418	77085519	13121
17	77085732	77085832	8659
17	77086564	77086665	10931
17	77086835	77087048	11453
17	77088650	77088751	9493
17	77090503	77090624	28385
17	77091564	77091685	17235
17	77092703	77092944	21123
17	77093318	77093559	1662
17	77093739	77093860	6841
17	77097634	77097755	7512
17	77099218	77099346	7015
17	77100120	77100241	8648
17	77102678	77102919	67524
17	77111505	77111866	31615
17	77231803	77231903	2258
17	77303806	77303906	9127
17	77419789	77419937	5203
17	77664508	77664929	29716
17	77678856	77679072	1114
17	77679657	77679761	10438
17	77681025	77681452	55726
17	77685237	77685358	10345
17	77702693	77702794	3915
17	77704846	77705207	38136
17	77707227	77707498	26417
17	77708793	77709514	51585
17	77710828	77711095	25155
17	77711319	77711419	7027
17	77711628	77711899	19206
17	77752009	77752130	713
17	77752143	77752264	1124
17	77753132	77753253	13150
17	77755450	77755961	26998
17	77757521	77758882	65463
17	77759017	77759154	31999
17	77760061	77760162	10620
17	77760380	77760481	11802
17	77760634	77760735	13111
17	77761109	77761384	24861
17	77768174	77768275	3437
17	77768391	77769371	92080
17	77769797	77769948	17585
17	77769990	77770141	14853
17	77770256	77770377	15212
17	77770701	77770825	2500
17	77771998	77772119	1563
17	77806917	77807362	36313
17	77807406	77807507	4549
17	77807712	77809226	119129
17	77809386	77809537	29641
17	77811607	77811728	22097
17	77812770	77812891	0
17	77812965	77813099	194
17	77914600	77914961	30370
17	77915810	77916051	10802
17	77917848	77917949	5840
17	77918675	77918916	28008
17	77921415	77921656	16028
17	77922586	77922857	15237
17	77923438	77923709	18688
17	77924142	77924413	28167
17	77924529	77924650	14734
17	77925171	77925442	20036
17	77926385	77926656	30418
17	77927238	77927339	1255
17	77981569	77981696	8164
17	77983896	77984617	82739
17	77987134	77987393	49317
17	78010421	78010552	259
17	78011892	78012013	14462
17	78013590	78014097	22982
17	78021018	78021259	9156
17	78022254	78022615	20134
17	78023655	78023806	17894
17	78023821	78024092	27930
17	78032220	78032491	21170
17	78032596	78032837	23622
17	78039193	78039464	17424
17	78039847	78040011	11024
17	78041294	78041500	21101
17	78055255	78055885	32745
17	78058453	78058844	19935
17	78059757	78060028	13616
17	78061369	78061610	10606
17	78061764	78061915	6023
17	78063501	78063742	27463
17	78063837	78064208	23965
17	78069004	78069275	40374
17	78070971	78071471	30813
17	78073238	78073629	24085
17	78078357	78078958	81224
17	78079499	78079740	19275
17	78081287	78081531	19482
17	78081585	78081706	5935
17	78081997	78082681	60978
17	78083707	78083864	45988
17	78084491	78084649	20403
17	78084690	78084841	10491
17	78085689	78085960	14991
17	78086322	78086563	34041
17	78086629	78086870	21328
17	78086969	78087210	20772
17	78090716	78090957	22783
17	78091322	78091593	17771
17	78091922	78092193	18314
17	78092406	78092647	18402
17	78093009	78093160	44833
17	78109235	78109356	2039
17	78109715	78109986	11745
17	78110017	78110144	7857
17	78111121	78111362	15840
17	78111888	78112129	27498
17	78112739	78113010	21086
17	78113447	78113568	4172
17	78113751	78113992	10841
17	78114518	78114712	9636
17	78115057	78115208	7002
17	78115552	78115673	6493
17	78117915	78118066	22789
17	78120582	78120789	2856
17	78122888	78123034	5806
17	78133905	78134098	58024
17	78135177	78135352	3590
17	78137068	78137364	20553
17	78138227	78138436	14807
17	78146925	78147025	2615
17	78155221	78155462	14319
17	78156369	78156640	29977
17	78157702	78158054	26594
17	78162106	78162379	15682
17	78163490	78163731	39824
17	78164484	78164755	19615
17	78165045	78165316	30780
17	78166208	78166479	36339
17	78168909	78169180	18972
17	78169312	78169471	11303
17	78171838	78171989	17500
17	78172105	78172616	68609
17	78175454	78175725	31509
17	78175917	78176278	37476
17	78177591	78177712	11167
17	78177961	78178202	23396
17	78178767	78179022	45017
17	78179269	78179510	18104
17	78180705	78180946	25593
17	78181919	78182160	32252
17	78184229	78184830	71160
17	78185850	78186091	11952
17	78187582	78187703	4069
17	78187811	78188168	16266
17	78188367	78188608	18590
17	78188822	78188947	20685
17	78190789	78191030	20859
17	78194007	78194128	0
17	78195350	78195603	37283
17	78196398	78196669	25736
17	78197032	78197153	13673
17	78199584	78199735	11897
17	78201536	78201786	43048
17	78210663	78210934	26737
17	78211295	78211416	9699
17	78215533	78215654	5434
17	78218963	78219084	11145
17	78219889	78220040	14869
17	78220256	78220497	19973
17	78221871	78222112	23317
17	78222362	78222483	19930
17	78222868	78223139	20955
17	78225072	78225223	30670
17	78226408	78226529	4502
17	78237437	78237588	13936
17	78246970	78247241	29940
17	78252562	78252709	9454
17	78261494	78262209	30181
17	78262341	78262612	31098
17	78263425	78263666	9446
17	78264326	78264567	23176
17	78265405	78265646	21828
17	78268449	78268840	41250
17	78269273	78269664	47149
17	78272098	78272339	13927
17	78280038	78280279	30797
17	78280873	78281024	8656
17	78282773	78283014	21765
17	78286738	78287009	25402
17	78290971	78291092	15806
17	78292923	78293314	28580
17	78298829	78298998	27194
17	78301615	78301789	10941
17	78302127	78302277	11481
17	78305805	78306431	29741
17	78307904	78308070	17441
17	78309960	78310304	37482
17	78311385	78311526	10599
17	78311632	78311797	13775
17	78313000	78314172	117418
17	78316907	78317148	19328
17	78317614	78317855	23278
17	78318420	78322141	309109
17	78323486	78323757	17687
17	78324057	78324208	3578
17	78325448	78325626	13014
17	78326648	78326919	20742
17	78327237	78327508	22102
17	78327741	78328012	14008
17	78328157	78328428	21929
17	78332062	78332303	23069
17	78333812	78334053	11759
17	78335459	78335730	24762
17	78336886	78337127	17733
17	78337348	78337619	12101
17	78338141	78338412	13905
17	78341536	78341658	13950
17	78341730	78341971	28328
17	78343235	78343506	13919
17	78343556	78343677	3039
17	78345664	78345819	8351
17	78346306	78346547	19306
17	78346748	78346989	14967
17	78348202	78348443	38643
17	78349550	78349680	11315
17	78350040	78350401	26494
17	78350631	78350782	18571
17	78351517	78351638	32645
17	78353375	78353526	19450
17	78354557	78354828	28222
17	78355285	78355784	35027
17	78356733	78356884	10682
17	78357421	78357782	28191
17	78358783	78359024	18105
17	78359318	78359439	10749
17	78360018	78360259	29536
17	78360439	78360710	14816
17	78362359	78362510	7167
17	78362921	78363189	33251
17	78363611	78363732	9870
17	78363782	78364023	16003
17	78367070	78367341	27644
17	78388961	78389082	14958
17	78389414	78389655	26509
17	78393380	78393480	9176
17	78395573	78395814	12821
17	78395964	78396085	23854
17	78397254	78397495	26305
17	78398804	78398925	9240
17	78399234	78399475	45914
17	78402366	78402487	4600
17	78403526	78403767	19285
17	78404126	78404226	11663
17	78406895	78407016	8474
17	78409875	78410104	26435
17	78410789	78411349	54018
17	78438813	78439143	27838
17	78440686	78440884	33762
17	78440898	78441076	24804
17	78441248	78441477	18215
17	78441608	78441708	10103
17	78441824	78441925	14995
17	78441935	78442036	13729
17	78442936	78443059	2941
17	78444432	78444533	7379
17	78444572	78444844	22853
17	78445500	78445741	26394
17	78446910	78447301	44486
17	78449263	78449534	49933
17	78449740	78450256	4268
17	78518854	78518954	41877
17	78519359	78519630	24099
17	78544873	78544973	5422
17	78567043	78567274	14431
17	78599480	78599603	8713
17	78617507	78617628	10082
17	78681598	78681839	18211
17	78700796	78701360	99931
17	78704311	78704552	22041
17	78727746	78728017	22142
17	78765218	78765339	20832
17	78795959	78796111	16910
17	78796829	78797070	20730
17	78811698	78811819	13753
17	78820232	78820384	11540
17	78829244	78829365	21993
17	78831553	78831710	6580
17	78854160	78854311	7967
17	78857190	78857311	10305
17	78857555	78857796	36392
17	78858756	78858997	36344
17	78865427	78865698	21736
17	78866477	78866718	11154
17	78867434	78867705	21448
17	78882518	78882789	22506
17	78896514	78896637	6137
17	78897260	78897501	64173
17	78899160	78899290	5919
17	78914257	78914411	6226
17	78919413	78919643	16961
17	78920998	78921208	8651
17	78923203	78923357	10799
17	78931385	78931540	11649
17	78933820	78934061	30543
17	78935175	78935296	25131
17	78936197	78936438	30344
17	78936671	78936912	12197
17	78938034	78938155	4732
17	78965663	78965800	155
17	78968371	78968500	1191
17	78968801	78968922	12178
17	78969423	78969574	13053
17	78970748	78970899	15802
17	78971009	78971160	12350
17	78972131	78972252	13893
17	78972864	78972985	9458
17	78977844	78978028	951
17	79004693	79005294	53825
17	79006697	79007036	34133
17	79009020	79009141	3818
17	79010662	79010761	4909
17	79027414	79027565	15825
17	79031662	79031783	10538
17	79058571	79058722	12642
17	79059171	79059549	44241
17	79060160	79060431	20509
17	79073682	79073923	17307
17	79077291	79077533	6810
17	79077656	79077927	25176
17	79078263	79078534	39023
17	79079850	79079971	7839
17	79080504	79080745	6890
17	79082230	79082351	7984
17	79082721	79083022	15769
17	79083088	79083189	5466
17	79083541	79083642	9659
17	79084096	79084256	16664
17	79084636	79084787	11159
17	79085751	79085852	6784
17	79086008	79086499	36212
17	79089532	79089654	8730
17	79089976	79090127	18063
17	79092160	79092281	7690
17	79093158	79093399	3488
17	79093688	79096691	92812
17	79096947	79097188	5927
17	79098466	79098831	37651
17	79099051	79099198	9476
17	79099654	79099775	7140
17	79100172	79100413	17678
17	79101365	79101486	26188
17	79101529	79101770	17121
17	79102248	79102369	16686
17	79104811	79105052	65181
17	79105663	79105803	16490
17	79106406	79106527	9942
17	79106985	79107145	15465
17	79108113	79108354	35885
17	79139367	79139547	17873
17	79139703	79139824	9283
17	79140477	79140644	19136
17	79152718	79152952	22510
17	79154923	79155103	6280
17	79163514	79163804	38448
17	79164399	79164640	6769
17	79164644	79165183	42630
17	79166093	79166454	14573
17	79166465	79166653	1313
17	79167705	79167946	8002
17	79168629	79168782	10476
17	79169541	79169812	25074
17	79170442	79170912	61437
17	79171448	79171719	31039
17	79171884	79172125	45569
17	79172662	79172783	10822
17	79173143	79173384	35145
17	79173425	79173696	25304
17	79174066	79174307	3653
17	79175967	79176238	27703
17	79177284	79177417	6977
17	79180456	79180727	22153
17	79180860	79181101	5467
17	79182713	79182834	10609
17	79193616	79193887	37569
17	79202670	79203301	26652
17	79204289	79204530	33770
17	79205175	79205296	16679
17	79205343	79205501	19473
17	79205582	79205853	25643
17	79206095	79206336	46496
17	79207206	79207327	24677
17	79207415	79207536	37705
17	79207753	79207874	9139
17	79210493	79210614	9917
17	79210764	79210885	13305
17	79211161	79211282	8959
17	79212748	79212869	886
17	79213144	79213265	310
17	79213361	79213482	1530
17	79214740	79214861	8168
17	79219283	79220514	199969
17	79220621	79220892	24955
17	79224972	79225453	13727
17	79225907	79226538	39635
17	79226805	79227076	22480
17	79233994	79234235	28399
17	79244679	79244834	5479
17	79246306	79246437	3124
17	79249708	79249979	16019
17	79250790	79250943	13547
17	79254349	79254590	18500
17	79255909	79256180	25869
17	79257194	79257315	8506
17	79258611	79258732	3416
17	79263435	79263669	13163
17	79268610	79268731	11717
17	79278344	79279185	90833
17	79279405	79279530	4488
17	79287406	79287797	27117
17	79288173	79288294	15743
17	79372966	79373165	233
17	79373273	79373748	150
17	79375165	79375265	11792
17	79381101	79381222	5369
17	79384863	79384984	5341
17	79389229	79389470	28402
17	79389785	79389977	207359
17	79390002	79390502	426213
17	79396456	79396556	28638
17	79402431	79402532	14553
17	79405335	79405576	14693
17	79408822	79410623	91368
17	79410767	79411008	41311
17	79411379	79411620	1053
17	79411651	79411892	4309
17	79412001	79412242	3880
17	79412362	79412723	11146
17	79414046	79414887	55215
17	79418122	79418222	5107
17	79418673	79418914	11483
17	79418943	79419184	2942
17	79419691	79419932	57423
17	79422233	79422442	32840
17	79423285	79423648	18820
17	79424405	79424648	12815
17	79425160	79425521	7332
17	79425577	79426376	78272
17	79426454	79426695	21097
17	79427241	79427482	33475
17	79427522	79427763	24654
17	79427838	79429130	162129
17	79429762	79430003	44940
17	79430618	79430859	26927
17	79431105	79431279	17679
17	79431324	79431425	15719
17	79431639	79431833	9497
17	79432825	79432925	7697
17	79433172	79433403	26550
17	79477052	79477153	5098
17	79477304	79477405	6903
17	79477478	79477907	46069
17	79477922	79478163	45728
17	79478191	79478672	68572
17	79478758	79478859	8299
17	79478867	79479438	61442
17	79495491	79496452	103172
17	79496529	79496919	25845
17	79497095	79497255	15312
17	79497466	79497587	11882
17	79497594	79497715	11070
17	79498043	79498143	73692
17	79502077	79502234	3507
17	79503111	79503352	17568
17	79503514	79503875	13208
17	79503882	79504123	208
17	79507097	79507199	8071
17	79507789	79508030	5603
17	79508316	79508437	15407
17	79510966	79511207	29489
17	79512688	79512959	25664
17	79513898	79515054	74752
17	79516158	79516429	27818
17	79517248	79518230	64005
17	79518894	79519135	75
17	79519191	79519401	200
17	79524278	79524378	2187
17	79525022	79525122	990
17	79526242	79526483	46951
17	79532308	79532669	19287
17	79534379	79534620	11708
17	79536028	79536149	4949
17	79539017	79539138	5355
17	79555928	79556169	17897
17	79563083	79563324	16959
17	79564245	79564366	8313
17	79567348	79567469	10064
17	79571542	79571783	12345
17	79573657	79573898	12578
17	79575739	79575860	10991
17	79577198	79577319	4096
17	79580310	79580551	25566
17	79589126	79589367	29333
17	79596729	79596850	18447
17	79603887	79604008	52
17	79609395	79609516	9029
17	79611975	79612696	88309
17	79614879	79615365	32136
17	79618050	79618201	16476
17	79618603	79618754	35897
17	79620141	79620404	20709
17	79623506	79623627	24495
17	79632151	79632662	63534
17	79633328	79633637	4274
17	79633742	79633983	4908
17	79634674	79634945	17761
17	79637245	79637493	8810
17	79638753	79638874	14558
17	79639054	79639205	12998
17	79639508	79639749	29513
17	79648702	79648943	14746
17	79649000	79649272	14678
17	79649978	79650219	17863
17	79650532	79650654	490
17	79650666	79650908	1063
17	79651053	79651174	1656
17	79652615	79652736	6126
17	79653318	79653439	737
17	79653987	79654138	11987
17	79655644	79655915	24700
17	79657176	79657297	14158
17	79657676	79657797	24052
17	79658387	79658658	20402
17	79660480	79660631	8875
17	79660671	79660792	2699
17	79660856	79661007	7170
17	79661802	79662283	51363
17	79662771	79663042	20725
17	79663351	79664060	50149
17	79667442	79667662	9039
17	79667664	79667904	9315
17	79668026	79668177	12205
17	79668528	79668658	29533
17	79670507	79670628	1068
17	79671215	79671486	16060
17	79671643	79671764	5926
17	79673881	79674331	37192
17	79679441	79679562	805
17	79681921	79682162	30065
17	79682443	79682806	25952
17	79682998	79683119	14209
17	79683802	79683923	18561
17	79684016	79684141	7947
17	79684413	79684534	4482
17	79684717	79684958	35736
17	79686797	79686948	14456
17	79686995	79687117	7494
17	79766874	79766975	3078
17	79767658	79767760	3560
17	79768701	79768808	13273
17	79768886	79769007	17758
17	79769098	79769204	6306
17	79769280	79769436	10262
17	79769527	79769686	23537
17	79769742	79769842	17569
17	79770043	79770144	8305
17	79770447	79770547	7362
17	79770683	79770821	8693
17	79770862	79770963	12502
17	79771350	79771565	17027
17	79781104	79781205	16882
17	79781287	79781389	8377
17	79782162	79782281	17501
17	79782328	79782428	8664
17	79791595	79791786	17056
17	79792332	79792573	24043
17	79792613	79792854	25995
17	79801866	79801987	12364
17	79803001	79803122	12037
17	79803406	79803647	30064
17	79803684	79803926	10805
17	79804253	79804524	28177
17	79804764	79805005	11109
17	79805109	79805233	12376
17	79812965	79813206	17668
17	79813274	79813515	28585
17	79817038	79817279	15603
17	79818193	79818394	772
17	79825685	79825785	6233
17	79825803	79825904	7757
17	79825971	79826071	17986
17	79826240	79826971	31332
17	79827019	79827140	18144
17	79827182	79827303	6953
17	79827398	79827519	2089
17	79827590	79827831	18120
17	79845818	79845918	4391
17	79845922	79846073	9368
17	79846084	79846325	17847
17	79846366	79846487	9073
17	79847010	79847251	19572
17	79848509	79848750	23956
17	79849189	79849495	0
17	79852342	79852472	24669
17	79857086	79857447	21888
17	79857764	79858005	13573
17	79860125	79860412	93
17	79860438	79860679	1727
17	79862699	79862830	13563
17	79862924	79863045	9154
17	79863229	79863350	8618
17	79863517	79863638	5751
17	79863923	79864074	14889
17	79864319	79864440	9110
17	79864583	79864824	15440
17	79865056	79865156	9704
17	79865390	79865511	10815
17	79865629	79865750	12874
17	79866415	79866536	5517
17	79866711	79866952	20468
17	79867372	79867493	12713
17	79868776	79868891	10118
17	79869133	79869258	0
17	79870269	79870510	28903
17	79871640	79871766	5914
17	79871911	79872062	13790
17	79872076	79872588	43214
17	79873290	79873411	4406
17	79873460	79873581	2490
17	79875358	79875458	13306
17	79875481	79875605	10870
17	79875696	79875863	0
17	79875905	79876031	114
17	79880465	79880946	40117
17	79880982	79881103	4038
17	79890736	79890857	6717
17	79891019	79891290	23034
17	79892162	79892403	22238
17	79892513	79892634	7878
17	79892791	79893033	23129
17	79893181	79893422	14265
17	79893972	79894093	12966
17	79894595	79894716	9443
17	79898674	79899720	59146
17	79910441	79910542	4000
17	79910808	79911169	45385
17	79912094	79912215	12132
17	79913225	79913466	2225
17	79914514	79914636	13920
17	79914733	79914974	30971
17	79915671	79915794	9716
17	79916189	79916313	9409
17	79916779	79916900	7328
17	79917333	79917454	2877
17	79917480	79917601	2053
17	79918403	79918803	12488
17	79935504	79935634	139
17	79937026	79937147	7977
17	79941384	79941606	11591
17	79943341	79943493	9352
17	79952634	79952785	17299
17	79953843	79953964	1973
17	79954214	79954843	58050
17	79966868	79967109	16828
17	79967341	79967462	19830
17	79968619	79968770	23160
17	79969358	79969509	16993
17	79970031	79970192	12453
17	79972910	79973271	41152
17	79974316	79974437	5434
17	79974649	79975022	42311
17	79975100	79975251	14011
17	79975284	79975385	6896
17	79977026	79977147	19469
17	79977151	79977272	14341
17	79977482	79977603	5989
17	79977698	79977819	4522
17	79980658	79980779	1520
17	79981508	79981749	13957
17	79982093	79982244	9265
17	79982512	79982663	16334
17	79982843	79983084	13103
17	79983197	79983438	14003
17	79984765	79984897	4794
17	79985199	79985350	10623
17	79985527	79985648	5502
17	79985803	79986074	38571
17	79986087	79986208	24612
17	79986263	79986394	13008
17	79986432	79986583	10630
17	79986953	79987074	11815
17	79987403	79987524	3660
17	79987906	79988388	13316
17	79988461	79988702	4673
17	79989604	79989705	0
17	79990207	79990358	16356
17	79990494	79990765	30661
17	79990792	79990913	11423
17	79991274	79991759	53108
17	79993826	79993949	8448
17	79994004	79994344	17665
17	79994378	79994931	57202
17	79995313	79995434	678
17	79995471	79995592	641
17	80006549	80006700	18678
17	80006858	80007009	34718
17	80007514	80007755	9832
17	80007776	80007897	12991
17	80008233	80008474	26228
17	80008497	80008650	15002
17	80009132	80009253	595
17	80009361	80009676	195
17	80009749	80009874	383
17	80010122	80010378	20889
17	80011134	80011255	5328
17	80011683	80011954	16772
17	80012253	80013308	85574
17	80013597	80013718	9730
17	80013832	80013983	20414
17	80014123	80014277	15183
17	80014294	80015362	72251
17	80015939	80016314	19304
17	80016584	80016735	7103
17	80017745	80018016	21828
17	80018526	80018677	45590
17	80018727	80018848	17402
17	80019005	80019276	5309
17	80019484	80019607	10938
17	80019726	80019877	8157
17	80020701	80020859	11469
17	80021277	80021428	19681
17	80021992	80022120	10183
17	80022605	80022996	22712
17	80035888	80036009	10948
17	80036948	80037538	51067
17	80037973	80038124	12353
17	80038234	80038476	30224
17	80038558	80038808	28846
17	80039012	80039253	21797
17	80039386	80039729	21890
17	80039848	80040080	25358
17	80040153	80040304	25422
17	80040327	80040598	20136
17	80040739	80041010	27740
17	80041068	80041573	67633
17	80041586	80042304	43750
17	80042339	80042610	30589
17	80042630	80043792	75156
17	80044100	80044461	9880
17	80044876	80045147	19240
17	80045169	80045410	13854
17	80045497	80045929	30721
17	80045936	80046207	33012
17	80046230	80046471	16128
17	80046573	80047066	43453
17	80047071	80047312	14313
17	80047493	80047614	12683
17	80048224	80048465	52514
17	80048700	80048971	19821
17	80049087	80049570	12355
17	80050276	80050698	13678
17	80050712	80050953	9363
17	80051073	80051314	17235
17	80051439	80051680	25409
17	80053120	80053391	49365
17	80054106	80054377	42279
17	80059528	80059769	20600
17	80065266	80065507	25895
17	80071187	80071651	41892
17	80085335	80085928	39673
17	80086301	80086542	25228
17	80091888	80092129	25579
17	80103666	80103787	16176
17	80109421	80109662	13120
17	80115595	80115843	53810
17	80121033	80121274	17576
17	80129531	80129772	9868
17	80130504	80130750	11153
17	80136294	80136535	30404
17	80136862	80137103	12577
17	80141633	80141848	20626
17	80146073	80146314	12780
17	80151607	80151728	20598
17	80151815	80152056	11711
17	80153089	80153309	11738
17	80156122	80156363	18772
17	80159375	80159856	54534
17	80193874	80194117	41788
17	80194525	80194796	12441
17	80194970	80195811	113151
17	80196533	80196894	20609
17	80196982	80197150	14271
17	80197844	80197945	3845
17	80202488	80202741	22035
17	80203807	80203958	17095
17	80206561	80206940	27239
17	80207271	80207512	2242
17	80207996	80208096	8772
17	80209177	80209448	16032
17	80210243	80210514	12851
17	80210882	80211130	41063
17	80213257	80213498	24752
17	80218774	80218971	26769
17	80223552	80223682	31626
17	80231169	80231297	2467
17	80273160	80273317	19920
17	80274016	80274297	19156
17	80274518	80274883	41432
17	80275269	80275390	3076
17	80276104	80276408	93416
17	80276475	80276788	144436
17	80277227	80277468	119061
17	80279990	80280261	19358
17	80280699	80280940	9448
17	80281643	80281744	12219
17	80282448	80282793	34361
17	80285008	80285129	17432
17	80319972	80321653	143641
17	80332148	80333418	22971
17	80350121	80350461	43028
17	80352181	80352439	9852
17	80355982	80356253	23415
17	80361768	80362009	21751
17	80363136	80363287	6705
17	80364234	80364385	6985
17	80367203	80367324	11475
17	80369277	80369428	17739
17	80373237	80373513	26369
17	80376263	80376384	757
17	80377656	80377777	7308
17	80382233	80382389	22875
17	80386386	80386537	12632
17	80391494	80391735	18010
17	80393535	80393776	22584
17	80394517	80394638	8786
17	80394990	80395261	37681
17	80396714	80396835	6945
17	80397456	80397607	42453
17	80398796	80399152	13061
17	80399629	80399780	19337
17	80399989	80400500	56304
17	80401312	80402059	129387
17	80402243	80402514	23316
17	80403671	80403847	20856
17	80404444	80404595	32350
17	80405415	80405536	13928
17	80407026	80407147	12749
17	80416631	80416752	920
17	80417846	80417967	11304
17	80422113	80422354	16563
17	80426584	80426825	35338
17	80430385	80430626	22395
17	80436583	80436854	17238
17	80438282	80438420	5235
17	80438871	80439142	20709
17	80439638	80439759	13633
17	80441532	80441683	10895
17	80442636	80442877	70858
17	80443330	80443571	14246
17	80445764	80446092	23429
17	80477755	80478212	3200
17	80521175	80521446	24174
17	80525852	80526123	8381
17	80529551	80529792	18252
17	80532004	80532104	4523
17	80540592	80540833	11759
17	80541825	80542096	29837
17	80543746	80544086	38022
17	80544892	80545163	8415
17	80553625	80553746	3718
17	80559155	80559565	32385
17	80559762	80559890	9593
17	80560823	80560924	8145
17	80562284	80562461	14556
17	80572452	80572568	3937
17	80573618	80573718	8471
17	80573756	80573911	12093
17	80574309	80574580	21706
17	80575161	80575283	7512
17	80576870	80577021	13862
17	80579458	80579699	18217
17	80583220	80583371	13332
17	80585032	80585183	9352
17	80588756	80588908	10289
17	80601770	80601921	9246
17	80606121	80606242	2106
17	80615035	80615179	8594
17	80615663	80616054	43844
17	80616326	80616599	25341
17	80617403	80617554	16931
17	80618801	80618952	19654
17	80622310	80622461	15569
17	80656321	80656521	6089
17	80674580	80674821	6216
17	80676706	80676977	43620
17	80678132	80678253	12097
17	80680659	80680780	17334
17	80684295	80684536	30535
17	80684666	80685057	40857
17	80693461	80693702	258
17	80696289	80696552	36643
17	80698623	80698774	26586
17	80699166	80699287	8730
17	80706676	80706931	28370
17	80708280	80708641	30237
17	80710040	80710281	977
17	80714004	80714125	15050
17	80721828	80721949	11301
17	80724072	80724313	35327
17	80726247	80726488	20132
17	80730294	80730415	28503
17	80739409	80739650	25825
17	80755594	80755715	8627
17	80758684	80758925	16882
17	80763697	80763938	10619
17	80765452	80765573	11633
17	80767559	80767680	19297
17	80772701	80772822	4937
17	80785719	80786056	74154
17	80786250	80786569	53310
17	80787934	80788805	88860
17	80788861	80790340	186504
17	80822934	80823034	10929
17	80828056	80828297	39386
17	80841988	80842109	6906
17	80847497	80847618	18073
17	80851011	80851112	11450
17	80851404	80851525	15826
17	80858505	80858638	31127
17	80861256	80861377	8287
17	80863749	80863990	13464
17	80865605	80865726	10053
17	80866105	80866346	15581
17	80867110	80867259	10450
17	80869588	80869709	7463
17	80878401	80878522	13081
17	80879353	80879474	14828
17	80881507	80881628	8993
17	80882752	80882993	25527
17	80884260	80884381	9170
17	80885009	80885250	25358
17	80885761	80885882	14800
17	80886946	80887511	79851
17	80888337	80888578	27815
17	80890511	80890632	11871
17	80895130	80895251	10262
17	80895657	80895898	34521
17	80895907	80896028	19331
17	80897176	80897417	21498
17	80899255	80899376	2443
17	80900270	80900419	21809
17	80904757	80904878	9816
17	80914546	80914745	31878
17	80914999	80915422	32748
17	80918873	80919114	10938
17	80923513	80923634	7537
17	80962977	80963098	6483
17	80963437	80963538	7736
17	80972301	80972422	14726
17	80992851	80993002	11084
17	81006335	81006456	9339
17	81006481	81006722	18657
17	81009581	81009702	332
17	81037682	81037922	0
17	81042735	81043246	111852
17	81050880	81051001	37136
17	81051979	81052340	71780
17	81052486	81052600	10903
17	81187756	81188237	40701
18	47272	48485	368181
18	48873	49300	52215
18	49467	49588	17701
18	116820	116941	15085
18	116992	117353	40393
18	118243	118526	45957
18	120671	120792	18863
18	158456	158767	21352
18	163298	163500	15813
18	166741	166862	8075
18	178923	179047	2733
18	180226	180349	11533
18	192809	192930	11525
18	196580	196821	20806
18	197594	197715	9285
18	198028	198179	8364
18	199137	199326	13338
18	202851	202972	6473
18	203082	203203	5423
18	204506	204747	11633
18	209939	210060	14002
18	210376	210503	9541
18	211087	211328	20672
18	211662	211831	14900
18	213500	213600	4839
18	214533	214953	44705
18	215405	215526	7469
18	216438	216679	31701
18	218866	218987	7861
18	223411	223532	10908
18	224012	224253	35065
18	224897	225021	6985
18	225052	225173	7114
18	225288	225429	12841
18	226729	226970	15363
18	246268	246509	16490
18	247781	248022	10996
18	252514	252635	35505
18	254252	254373	3336
18	259166	259287	10006
18	259644	259765	8274
18	260123	260364	8122
18	263997	264118	4542
18	265271	265392	10605
18	265432	265553	8924
18	267931	268057	9734
18	319431	319532	10055
18	319587	319688	6359
18	319888	319988	3381
18	319993	320114	4710
18	321583	321854	39294
18	331658	331787	8797
18	332953	333194	16053
18	334654	335285	62739
18	346276	347357	236337
18	348052	348173	9752
18	357309	357580	18272
18	366474	366574	23297
18	480670	480791	20896
18	500449	500698	0
18	580336	582021	108052
18	597026	597147	6497
18	617925	618166	20147
18	619165	619406	24344
18	624827	625068	14099
18	627071	627552	59797
18	633215	633486	18572
18	641282	641553	20981
18	644882	645123	11174
18	649838	649959	7193
18	657693	658341	49472
18	659616	659737	16488
18	662081	662352	27781
18	669031	669183	9751
18	670628	670899	37567
18	671324	671475	17937
18	672807	673048	11981
18	674264	674416	15504
18	675300	675421	8670
18	677333	677454	5198
18	677656	677927	15777
18	678625	678776	13857
18	683191	683432	20750
18	685903	686024	14784
18	688499	688650	10657
18	690498	690649	20930
18	691025	691146	14253
18	691148	691299	11758
18	693803	693954	13120
18	694229	694350	11829
18	697176	697417	30616
18	706460	706588	9352
18	712292	712653	22886
18	721857	721976	9571
18	721983	722084	9012
18	722137	722238	8780
18	722358	722459	5040
18	723418	723519	10968
18	723657	723758	15307
18	723934	724049	11384
18	724163	724647	40391
18	732778	733019	24455
18	736763	737004	14925
18	739711	739832	10191
18	742886	743127	23435
18	743216	743457	28175
18	745661	745902	27980
18	745908	746061	13226
18	747907	748028	8206
18	751693	751814	6225
18	756510	756871	34740
18	905351	905507	16777
18	907597	907888	6803
18	908232	908374	12180
18	909420	909661	18718
18	909709	909889	6768
18	909999	910100	8681
18	1272239	1272372	8612
18	1272416	1272537	8430
18	1273296	1273475	14385
18	1275944	1276088	21793
18	1278540	1278661	10326
18	1358677	1358778	1378
18	2538920	2539191	15076
18	2544148	2544299	8043
18	2544642	2544768	6912
18	2547319	2547560	31131
18	2552667	2552788	7014
18	2554581	2555092	42561
18	2563765	2563886	4905
18	2566776	2567257	26205
18	2572943	2573095	5206
18	2574965	2575086	5267
18	2577655	2577926	24869
18	2577932	2578173	17819
18	2578885	2579038	18102
18	2585095	2585216	9137
18	2587784	2587935	11603
18	2589193	2589319	5681
18	2589968	2590208	12100
18	2595366	2595637	9677
18	2598942	2599213	29835
18	2601378	2601499	16757
18	2606398	2606519	5487
18	2608642	2608883	13524
18	2610717	2610870	13053
18	2616405	2616624	11125
18	2656046	2656287	19372
18	2666132	2666253	9775
18	2666828	2667069	24572
18	2673259	2673380	6129
18	2673957	2674198	28642
18	2688327	2688568	21563
18	2688595	2688746	10508
18	2694486	2694727	21526
18	2697013	2697134	9546
18	2697812	2698053	26870
18	2700475	2700944	48818
18	2703665	2703911	15455
18	2705682	2705872	5246
18	2706293	2706534	12805
18	2707540	2707661	12735
18	2707740	2707942	14253
18	2718133	2718492	30298
18	2722467	2722708	18868
18	2724883	2725004	3329
18	2726401	2726545	11507
18	2728403	2728644	11978
18	2729218	2729459	15666
18	2732195	2732556	18718
18	2738347	2738588	27624
18	2739412	2739533	4089
18	2740638	2740879	25726
18	2743721	2743962	22200
18	2747461	2747702	9849
18	2750019	2750140	1386
18	2750305	2750546	13275
18	2751212	2751453	17467
18	2752456	2752577	9740
18	2760632	2760753	6734
18	2762047	2762288	18787
18	2763589	2763830	19507
18	2769633	2769874	19597
18	2769977	2770166	7054
18	2771512	2771633	18568
18	2772187	2772428	15549
18	2774710	2774810	6327
18	2775705	2775946	16316
18	2777737	2777978	16729
18	2778140	2778261	8458
18	2784412	2784653	15991
18	2784716	2784910	17833
18	2795904	2796145	10003
18	2796400	2796521	8696
18	2802476	2802597	4839
18	2847015	2847374	459
18	2847746	2847940	15354
18	2884898	2885169	19314
18	2890470	2892541	101210
18	2906750	2907111	85
18	2908865	2909016	13933
18	2909631	2909872	30755
18	2913052	2913413	24488
18	2913983	2914084	9078
18	2920211	2920482	16898
18	2920766	2920889	12186
18	2921466	2921707	15517
18	2921969	2922240	9859
18	2923724	2923875	8866
18	2924348	2924589	25819
18	2925142	2925413	21188
18	2926670	2926821	6728
18	2927703	2927824	8403
18	2928532	2928683	7310
18	2929048	2929169	10149
18	2931226	2931467	19933
18	2934337	2934458	16543
18	2937680	2938045	48797
18	2939418	2939659	12066
18	2940565	2940720	6616
18	2945568	2945669	15776
18	2951022	2951383	25803
18	2954488	2954609	4258
18	2960621	2960862	17384
18	2982595	2982836	26938
18	3066978	3067079	7336
18	3067225	3067586	37838
18	3071798	3071919	4917
18	3075401	3075522	39190
18	3075565	3075800	25542
18	3079137	3079378	28153
18	3083741	3084065	19988
18	3085025	3085146	4740
18	3085971	3086212	16896
18	3089144	3089265	10513
18	3089503	3089624	5468
18	3090606	3090847	36067
18	3094114	3094355	21368
18	3100117	3100238	10589
18	3100249	3100480	18294
18	3102428	3102669	26869
18	3112231	3112472	19577
18	3116299	3116540	15038
18	3119808	3120049	35498
18	3126675	3126916	43689
18	3129192	3129553	49997
18	3131312	3131553	9462
18	3134613	3134854	24453
18	3135515	3135756	15354
18	3141877	3142118	8602
18	3149109	3149230	6449
18	3151670	3151911	14522
18	3154894	3155135	13426
18	3164235	3164476	18121
18	3168775	3169016	11127
18	3173905	3174026	8501
18	3174100	3174221	7006
18	3176024	3176145	19061
18	3187435	3187676	34891
18	3188734	3189095	44703
18	3193764	3194005	21869
18	3214895	3215256	35718
18	3252271	3252372	6000
18	3253214	3253455	34191
18	3253846	3254087	21022
18	3255708	3255949	18880
18	3256015	3256116	4485
18	3272872	3273108	25219
18	3277210	3277451	22179
18	3277727	3277968	28831
18	3447705	3447826	9998
18	3450434	3450555	10871
18	3451907	3452418	56974
18	3456313	3456734	39972
18	3457349	3457950	42995
18	3457965	3458452	65171
18	3498794	3498895	9581
18	3498919	3499020	3601
18	3499166	3499460	9349
18	3502412	3502686	24157
18	3508552	3508673	7213
18	3534161	3534642	41070
18	3567472	3567593	15527
18	3580298	3580493	28255
18	3580577	3580698	22142
18	3581808	3582291	92544
18	3586624	3586724	9898
18	3596791	3597272	33136
18	3656037	3656158	8480
18	3708430	3708531	8563
18	3715848	3715949	4278
18	3729073	3729434	54002
18	3742272	3742543	29317
18	3814044	3814285	14281
18	3845195	3845316	8770
18	3870647	3870747	7918
18	3874126	3874247	9129
18	3874591	3874692	3656
18	3879048	3880129	149244
18	4988017	4988180	22706
18	5145560	5145755	24422
18	5196994	5197095	19904
18	5289761	5289862	2689
18	5290808	5292249	167896
18	5293182	5293303	11336
18	5392492	5392656	8628
18	5392937	5393038	6126
18	5393341	5393442	11577
18	5394672	5394802	17480
18	5395044	5395165	5224
18	5395595	5395716	29233
18	5396114	5396385	69205
18	5396969	5397480	29418
18	5397929	5398200	7407
18	5398649	5399384	61976
18	5400954	5401055	4094
18	5406750	5406991	52811
18	5407418	5407518	10157
18	5407656	5407782	2585
18	5410500	5410651	16381
18	5415765	5416387	43646
18	5419622	5419993	60765
18	5423343	5423584	35632
18	5424218	5424369	9303
18	5428266	5428507	15418
18	5433420	5433571	5389
18	5433889	5434130	26080
18	5438010	5438131	3009
18	5443796	5443947	6683
18	5445129	5445253	15870
18	5478217	5478458	21919
18	5488933	5489240	6973
18	5543894	5543994	1433
18	5577305	5577406	2972
18	5630326	5630687	25739
18	5890142	5892114	147232
18	5956151	5956422	20034
18	5960073	5960195	7355
18	5969325	5969596	18847
18	6046689	6046821	3300
18	6080853	6080974	14130
18	6093319	6093560	27621
18	6138152	6138318	11740
18	6171762	6172003	17722
18	6213138	6213268	6838
18	6215730	6215851	6574
18	6237909	6238060	11221
18	6239672	6239913	14161
18	6241311	6241462	14537
18	6243239	6243480	23947
18	6244473	6244597	5246
18	6263930	6264051	4204
18	6301867	6301988	14886
18	6311497	6311648	15761
18	6374342	6374442	8116
18	6462829	6462950	14149
18	6729820	6729942	288
18	6824741	6824982	14628
18	6837183	6837440	13871
18	6850805	6850929	6495
18	6851017	6851138	11462
18	6859790	6859911	13549
18	6868099	6868250	17026
18	6870508	6870779	11369
18	6873339	6873610	23984
18	6873637	6873788	6785
18	6876107	6876228	11183
18	6882095	6882336	16525
18	6887135	6887256	17273
18	6889864	6890105	13906
18	6890419	6890552	8524
18	6894811	6894963	11290
18	6896441	6896682	18748
18	6898425	6898604	10167
18	6908929	6909050	9603
18	6912044	6912233	5881
18	6914904	6915005	6457
18	6927448	6927583	1944
18	6928118	6928218	10835
18	6928435	6928542	6261
18	6942006	6942277	17033
18	6943168	6943411	64562
18	6947107	6947348	12619
18	6948357	6948598	44400
18	6949057	6949298	17582
18	6950754	6950995	18641
18	6955342	6955548	7779
18	6956382	6956819	45271
18	6958417	6958688	20968
18	6959294	6959535	14296
18	6961550	6961791	15351
18	6961879	6962120	16297
18	6964616	6964851	40672
18	6965207	6965478	27061
18	6966069	6966340	16103
18	6971796	6972037	7840
18	6973009	6973250	43374
18	6974847	6975088	18392
18	6975886	6976127	9773
18	6977651	6977922	16789
18	6978134	6978405	32202
18	6980456	6980697	23940
18	6982451	6982602	11265
18	6983044	6983285	23490
18	6985166	6985437	23928
18	6985462	6985703	13694
18	6986119	6986360	30380
18	6992518	6992759	33721
18	6993604	6993761	12783
18	6995339	6995460	15982
18	6997690	6997931	21622
18	6999419	6999660	12981
18	6999861	7000012	7817
18	7002202	7002443	5836
18	7007085	7007296	25740
18	7008425	7008666	13959
18	7009180	7009421	13690
18	7010170	7010411	47009
18	7011267	7011508	20810
18	7011944	7012185	22142
18	7013720	7014111	25121
18	7015637	7015908	16491
18	7016458	7016699	14168
18	7017267	7017393	10252
18	7023147	7023388	19858
18	7024360	7024481	5129
18	7025920	7026161	11988
18	7032028	7032185	6725
18	7032973	7033104	8122
18	7034462	7034703	16954
18	7035975	7036097	11032
18	7037512	7037783	23098
18	7038727	7038998	22035
18	7040003	7040274	20678
18	7042134	7042259	5068
18	7043193	7043434	28331
18	7044658	7044899	12678
18	7046260	7046381	6355
18	7049045	7049286	22144
18	7050632	7050974	32683
18	7079964	7080096	7768
18	7080249	7080490	13523
18	7117627	7117748	574
18	7231078	7232069	69683
18	7567802	7567926	17752
18	7686717	7686817	11560
18	7737982	7738233	24097
18	7774086	7774327	28107
18	7887962	7888419	23701
18	7906480	7906601	18026
18	7926502	7926743	16678
18	7949144	7949385	17338
18	7955084	7955445	22242
18	8069656	8070017	25786
18	8076443	8076572	6543
18	8085648	8085889	8402
18	8088736	8088859	10016
18	8113409	8113800	36533
18	8114715	8114866	14311
18	8122226	8122327	5882
18	8123044	8123145	3065
18	8143589	8143830	38248
18	8159032	8159132	7992
18	8218178	8218279	10500
18	8226954	8227075	7655
18	8227091	8227193	2868
18	8244010	8244251	24520
18	8247818	8247939	11302
18	8248099	8248220	17786
18	8252430	8252551	14822
18	8253197	8253438	9645
18	8296348	8296469	9510
18	8314748	8314869	11263
18	8319132	8319253	14962
18	8343408	8343529	18179
18	8370794	8371065	14470
18	8371732	8371833	2737
18	8375999	8376238	31251
18	8376406	8376647	18436
18	8378216	8378457	27474
18	8379130	8379371	12704
18	8380238	8380479	17680
18	8384500	8384725	21453
18	8387030	8387271	34807
18	8394390	8394653	13385
18	8406072	8406193	12005
18	8406270	8406370	4828
18	8406391	8406608	8508
18	8406622	8406723	2144
18	8609437	8610070	4530
18	8624904	8625055	9181
18	8633134	8633375	32832
18	8635514	8635635	2623
18	8636241	8636365	5688
18	8638112	8638270	8560
18	8638304	8638545	11384
18	8638577	8638754	8553
18	8639194	8639295	8284
18	8639303	8639404	7557
18	8705658	8706753	2143
18	8707466	8707587	10349
18	8718412	8718667	16208
18	8720293	8720534	13371
18	8777769	8777920	3012
18	8779019	8779119	7357
18	8783518	8784851	157257
18	8785890	8786371	37494
18	8792905	8793176	15481
18	8796193	8796470	16264
18	8798040	8798311	20975
18	8806823	8807094	16291
18	8809436	8809659	7395
18	8812922	8813283	20753
18	8818897	8819288	23815
18	8821419	8821540	10943
18	8824652	8826243	145332
18	8827530	8827630	19106
18	8828863	8828984	9327
18	8831540	8831991	32427
18	9102707	9102828	14288
18	9104148	9104269	6321
18	9104909	9105040	9903
18	9117807	9117928	11479
18	9119263	9119649	25277
18	9122473	9122714	22749
18	9124835	9124991	5149
18	9126805	9126956	10558
18	9134169	9134290	9403
18	9182412	9182533	6804
18	9195471	9195742	19860
18	9204446	9204567	14580
18	9208606	9208847	12354
18	9211530	9211801	11195
18	9216705	9216946	10884
18	9221802	9222043	20645
18	9239461	9239582	11510
18	9254194	9258960	218037
18	9263775	9263896	16182
18	9275477	9275713	19180
18	9279533	9279654	14582
18	9280910	9281241	42678
18	9281575	9281817	28254
18	9282105	9282293	26957
18	9282329	9282565	14233
18	9282708	9282873	21917
18	9282921	9283098	12631
18	9283587	9283796	10894
18	9337167	9337408	32933
18	9359958	9360079	13522
18	9396229	9396590	21229
18	9399313	9399554	11857
18	9399916	9400017	4236
18	9475543	9475719	285
18	9512944	9513317	31564
18	9516800	9517327	61775
18	9522148	9522517	53682
18	9524551	9524792	22790
18	9525662	9525903	41845
18	9530822	9530949	4049
18	9533242	9533513	18089
18	9533611	9533882	15572
18	9535620	9535981	13461
18	9536144	9536291	8484
18	9536343	9536444	6350
18	9536780	9536924	10244
18	9537190	9537375	43519
18	9547065	9547166	4270
18	9547228	9547328	2686
18	9547404	9547600	11002
18	9547606	9547706	12099
18	9547747	9547988	10082
18	9549144	9549385	21100
18	9549965	9550455	35714
18	9553278	9553430	7038
18	9557178	9557419	7364
18	9559358	9559629	16192
18	9561964	9562085	5733
18	9563340	9563581	27060
18	9570116	9570717	73297
18	9577004	9577245	17365
18	9583072	9583313	11216
18	9584484	9584605	4770
18	9584681	9584836	5327
18	9588038	9588279	9910
18	9588658	9588899	21840
18	9593756	9593882	3207
18	9594962	9595203	22067
18	9614184	9614305	0
18	9614417	9614615	0
18	9708360	9708481	6265
18	9759866	9759967	6050
18	9774818	9774939	9414
18	9775252	9775374	40798
18	9792130	9792251	9200
18	9813991	9814112	7826
18	9815044	9815285	39349
18	9845512	9845753	11035
18	9859212	9859407	13566
18	9861951	9862052	7708
18	9886162	9886290	8821
18	9886550	9888157	181807
18	9914172	9914356	8775
18	9931761	9932002	9529
18	9936097	9936220	5426
18	9936961	9937082	13786
18	9944911	9945114	14471
18	9950357	9950598	14552
18	9954007	9954459	63495
18	9954486	9954673	28089
18	9954679	9954852	23071
18	9956575	9956676	6313
18	10454946	10455067	232
18	10468406	10468677	48407
18	10471491	10472092	69443
18	10485438	10485799	26453
18	10487569	10488050	24896
18	10488080	10488181	3755
18	10526066	10526187	8369
18	10530739	10530860	6013
18	10532688	10532809	7939
18	10533480	10533601	13624
18	10534353	10534538	16647
18	10539692	10539933	14205
18	10539956	10540077	7296
18	10540299	10540420	5160
18	10546300	10546421	25812
18	10548274	10548395	14828
18	10548912	10549148	11857
18	10550024	10550265	26852
18	10670818	10671103	33884
18	10671292	10671393	6492
18	10671419	10671829	36897
18	10672657	10672898	26380
18	10675184	10675305	6990
18	10677686	10677957	18653
18	10680160	10680401	26292
18	10681612	10681763	9657
18	10682100	10682289	18025
18	10689605	10689846	32783
18	10691150	10691421	19503
18	10696027	10696298	16215
18	10696312	10696583	23537
18	10697710	10697878	28185
18	10698922	10699175	13840
18	10701986	10702169	24059
18	10704391	10704650	19266
18	10705333	10705744	31127
18	10708272	10708437	12417
18	10714761	10714928	19921
18	10715647	10715814	11781
18	10718177	10718278	15680
18	10724464	10724565	10171
18	10728127	10728228	4024
18	10731404	10731519	18079
18	10735229	10735328	5441
18	10736601	10736708	12259
18	10740882	10741115	11228
18	10742491	10742613	5558
18	10744134	10744235	17692
18	10748468	10748628	4603
18	10750086	10750187	12112
18	10752633	10752877	18802
18	10757939	10758180	22415
18	10759409	10759650	17424
18	10759683	10759924	12144
18	10760887	10761128	16838
18	10762439	10762680	12849
18	10762886	10763127	16291
18	10770104	10770345	14520
18	10773295	10773673	12628
18	10773958	10774079	8759
18	10780282	10780403	6025
18	10784747	10784988	29372
18	10786965	10787206	13181
18	10789076	10789363	32021
18	10791198	10791322	9720
18	10794769	10795045	21207
18	10797362	10797642	71200
18	10800282	10800523	23299
18	10801345	10801466	5829
18	10803811	10804052	11484
18	10807069	10807310	25802
18	10855336	10855577	5413
18	10856982	10857223	32842
18	10871183	10871424	29836
18	10911154	10911255	17569
18	10979532	10979658	6121
18	11066123	11066224	13496
18	11148505	11148606	11682
18	11609561	11609833	62607
18	11610162	11610403	58574
18	11610491	11610642	24375
18	11619570	11619966	73176
18	11621383	11621504	32957
18	11622426	11622667	57245
18	11625525	11625792	129150
18	11625871	11625992	51686
18	11629587	11629829	55652
18	11639339	11639520	76977
18	11644376	11644857	134537
18	11689532	11689977	982
18	11710653	11710753	5444
18	11752383	11752624	13781
18	11752796	11752947	22692
18	11753592	11753713	7294
18	11753733	11754004	16350
18	11824904	11825025	4743
18	11851509	11854449	200937
18	11862359	11862480	7867
18	11864477	11864628	14519
18	11867134	11867255	20301
18	11868480	11868721	21310
18	11872180	11872451	21744
18	11874984	11875084	5788
18	11876497	11876794	42164
18	11876915	11877023	9473
18	11879385	11879488	866
18	11880909	11881180	20144
18	11881224	11881325	9710
18	11881666	11881767	2679
18	11881866	11881967	3802
18	11883466	11883574	3237
18	11884126	11884325	21213
18	11884383	11884654	19181
18	11884973	11885094	15909
18	11885623	11885864	24210
18	11886407	11886804	18839
18	11886906	11887262	16464
18	11888613	11888764	13019
18	11889376	11889499	7673
18	11893457	11893585	6289
18	11896941	11897302	40390
18	11913817	11913938	7628
18	11981655	11981776	0
18	11998998	11999239	29375
18	12008284	12008590	19076
18	12009842	12009996	7687
18	12012130	12012251	12974
18	12012287	12012388	8165
18	12014254	12014382	8203
18	12028004	12028160	9904
18	12028765	12029036	15871
18	12030278	12030519	31093
18	12057268	12057815	66319
18	12076399	12076520	14693
18	12094016	12094261	17318
18	12095105	12095346	35410
18	12095401	12095642	26733
18	12096126	12096367	27930
18	12097586	12097827	31715
18	12099586	12099707	6448
18	12103130	12103251	9372
18	12104393	12104514	4329
18	12104824	12104945	3165
18	12107258	12107499	14919
18	12115042	12115163	7343
18	12115341	12115582	19736
18	12122247	12122515	30783
18	12124107	12124335	109442
18	12125458	12126408	118474
18	12127746	12127938	28398
18	12129934	12130048	11463
18	12254340	12254461	4265
18	12254764	12255005	20013
18	12262774	12263015	9599
18	12264257	12264498	12586
18	12274031	12274302	14404
18	12277074	12277315	32327
18	12308258	12308379	2047
18	12308676	12308804	10123
18	12310932	12311062	13625
18	12325026	12326139	193379
18	12326449	12326550	20159
18	12329109	12329210	2336
18	12329521	12329792	15084
18	12337315	12337556	30648
18	12340178	12340419	30415
18	12344067	12344308	10558
18	12348262	12348392	13888
18	12351025	12351266	19005
18	12351295	12351422	7222
18	12352967	12353200	20325
18	12356610	12356881	23030
18	12358624	12358985	14108
18	12359866	12360107	15600
18	12363726	12363877	2560
18	12366918	12367159	19162
18	12367265	12367391	13013
18	12370825	12370946	3759
18	12371549	12371700	4013
18	12376958	12377091	0
18	12407929	12408050	331
18	12420286	12420527	1449
18	12421522	12421643	21687
18	12427013	12427134	13060
18	12427209	12427332	16412
18	12429284	12429435	12461
18	12448218	12448319	13157
18	12448877	12448977	2985
18	12449259	12449359	8443
18	12449378	12449479	8223
18	12449577	12449945	27839
18	12452039	12452139	12215
18	12452170	12452557	19446
18	12453040	12453161	1950
18	12454292	12454533	29123
18	12459753	12459927	19165
18	12463299	12463540	42419
18	12464820	12464971	9546
18	12479632	12479903	18293
18	12485917	12486038	3413
18	12492984	12493255	25339
18	12495996	12496117	4196
18	12506425	12506677	27620
18	12512430	12512551	8180
18	12535416	12535657	26420
18	12546625	12546967	28545
18	12547056	12547156	8290
18	12588346	12588446	13811
18	12635016	12635137	10505
18	12657505	12657875	319
18	12658170	12658411	297
18	12658528	12658649	11315
18	12662109	12662210	863
18	12673281	12673552	17107
18	12674522	12674763	16861
18	12678092	12678451	32139
18	12680622	12680863	22080
18	12686233	12686474	21334
18	12691300	12691565	15676
18	12695240	12695361	13550
18	12697193	12697434	32137
18	12698968	12699212	17226
18	12699805	12699926	9150
18	12700913	12701154	25871
18	12702424	12702575	15907
18	12703073	12703194	23338
18	12706513	12706754	42240
18	12712668	12712789	10245
18	12718423	12718694	17176
18	12720474	12720715	13863
18	12724436	12724677	6951
18	12725392	12725543	14710
18	12725653	12725764	12541
18	12785771	12785892	7868
18	12788065	12788166	5279
18	12793458	12793559	12820
18	12793858	12793958	8103
18	12794196	12794500	41883
18	12801938	12802179	15376
18	12814156	12814397	30634
18	12817108	12817379	25840
18	12819196	12819297	18792
18	12825754	12825995	23807
18	12830929	12831050	6886
18	12836778	12836900	12785
18	12840696	12840850	32370
18	12859132	12859263	16854
18	12884044	12884165	1274
18	12948111	12948241	3988
18	12951817	12951938	13904
18	12955413	12955654	32228
18	12963149	12963384	28476
18	12971139	12971260	11484
18	12978699	12978940	18755
18	12982474	12982715	21454
18	12983992	12984296	23874
18	12985183	12985304	14565
18	12986851	12987066	6869
18	12999419	12999588	20292
18	13001455	13001582	8023
18	13008454	13008631	10024
18	13012947	13013048	7491
18	13015326	13015448	9593
18	13017186	13017336	10395
18	13018478	13018615	12783
18	13019080	13019206	8039
18	13024212	13024377	9390
18	13029661	13030002	33184
18	13030463	13030656	17335
18	13037217	13037318	8133
18	13038368	13038579	16911
18	13040740	13041011	13844
18	13042146	13042387	13997
18	13048847	13049690	50449
18	13049705	13049905	10642
18	13052852	13053123	24997
18	13055756	13056717	67608
18	13057536	13057777	34189
18	13059071	13059321	27125
18	13067771	13068284	40018
18	13068328	13068449	6431
18	13068799	13069040	18408
18	13069072	13069193	9595
18	13069674	13069876	11480
18	13071003	13071241	17344
18	13072737	13072858	11290
18	13072974	13073215	29333
18	13086964	13087325	22617
18	13087466	13087707	15041
18	13088850	13088951	5998
18	13089445	13089574	9785
18	13092329	13092570	10272
18	13095469	13095710	16409
18	13096123	13096364	14816
18	13099465	13099593	14858
18	13100286	13100527	11469
18	13103486	13103607	6712
18	13104969	13105090	8972
18	13107599	13107699	9166
18	13113523	13113764	25047
18	13114068	13114309	28970
18	13116317	13116558	9975
18	13117551	13117672	12496
18	13124548	13124902	15796
18	13387444	13387544	523
18	13387578	13387801	16516
18	13423598	13423699	8519
18	13425930	13426112	11730
18	13427345	13427445	4844
18	13438191	13438432	16878
18	13441277	13441378	10631
18	13612677	13612798	9429
18	13621041	13621312	20091
18	13643323	13643444	4175
18	13645089	13645690	47588
18	13646011	13646288	27552
18	13646661	13646762	5476
18	13652577	13652773	22130
18	13666469	13666722	43748
18	13671851	13671982	4566
18	13681594	13682086	85772
18	13731483	13731964	22934
18	13734409	13734650	17923
18	13736950	13737191	19287
18	13740156	13740288	4640
18	13741478	13741719	29111
18	13742417	13742688	26252
18	13746156	13746397	16802
18	13752314	13752436	6713
18	13754068	13754189	7077
18	13759898	13760019	7914
18	13760271	13760371	13496
18	13760388	13760488	9582
18	13762037	13762159	9396
18	13823899	13824107	15680
18	13825712	13826793	137532
18	13884589	13885646	78448
18	13915440	13915540	5010
18	13919579	13919700	5620
18	14104880	14106441	97270
18	14124290	14124531	20896
18	14132183	14132334	17685
18	14144590	14144690	6321
18	14146541	14146656	7077
18	14146899	14146999	8072
18	14147403	14147504	7041
18	14147947	14148048	5369
18	14149983	14150089	14058
18	14151056	14151157	18687
18	14152975	14153105	12179
18	14156268	14156369	1579
18	14156603	14156785	23038
18	14157126	14157254	18014
18	14169516	14169616	2950
18	14173650	14173764	8055
18	14173927	14174106	9775
18	14179372	14179626	43603
18	14183586	14183827	99942
18	14183893	14184137	74628
18	14186404	14186504	4393
18	14187222	14187359	5247
18	14188002	14188102	44603
18	14189174	14189312	43966
18	14191838	14191938	9465
18	14198411	14198533	26224
18	14201115	14201215	23525
18	14205140	14205240	21146
18	14208012	14208113	33695
18	14214185	14214309	23793
18	14219879	14220121	66348
18	14221237	14221619	70896
18	14221706	14221827	19785
18	14225654	14226103	124946
18	14227563	14227804	49293
18	14234634	14234815	46164
18	14242097	14242458	106973
18	14242977	14243238	52534
18	14244504	14244625	16176
18	14248179	14248300	18812
18	14251545	14251786	75032
18	14361371	14361494	21173
18	14392135	14392256	17693
18	14392764	14392975	43063
18	14511752	14511873	23590
18	14511894	14511994	28023
18	14513601	14513842	62112
18	14522215	14522456	59590
18	14523422	14523544	70133
18	14524885	14525026	61157
18	14528973	14529094	17094
18	14530455	14530577	58516
18	14533007	14533248	63786
18	14534891	14535013	126919
18	14537765	14537974	95928
18	14538069	14538311	78406
18	14542583	14543184	295955
18	14613238	14613599	59019
18	14613838	14613959	30696
18	14698080	14698180	5803
18	14699968	14700089	7877
18	14706215	14706399	25951
18	14706526	14706647	13108
18	14748393	14748708	23324
18	14752500	14752741	40289
18	14752803	14753044	29039
18	14754829	14755070	11476
18	14757761	14758002	35431
18	14760523	14760644	4633
18	14763645	14764126	31760
18	14769295	14769416	8154
18	14772129	14772250	6807
18	14777967	14778088	4556
18	14779928	14780049	13489
18	14782508	14782629	5727
18	14784287	14784408	25443
18	14784436	14784557	26960
18	14787007	14787128	22371
18	14791383	14791504	12152
18	14796172	14796293	27321
18	14796316	14796437	20251
18	14797612	14797733	29594
18	14797755	14797876	26443
18	14799052	14799173	29605
18	14799196	14799317	23015
18	14802185	14802306	50339
18	14803716	14803837	8505
18	14808502	14808623	26148
18	14808645	14808766	17477
18	14809937	14810058	38974
18	14813072	14813193	50786
18	14814603	14814724	13560
18	14822445	14822546	28690
18	14822589	14822690	14557
18	14828241	14828342	5916
18	14830153	14830253	11110
18	14831367	14831468	1891
18	14837199	14837329	6027
18	14837594	14837695	7633
18	14840581	14840682	2025
18	14842859	14842960	14928
18	14843008	14843109	17652
18	14848696	14848937	13741
18	14850212	14850428	21453
18	14851487	14852480	121993
18	14854575	14854675	7288
18	14861662	14862077	13714
18	14888798	14888919	44931
18	14999870	14999991	33026
18	15005845	15005966	4034
18	15057251	15057372	12599
18	15254358	15254604	43828
18	15255024	15255156	28655
18	15270016	15270729	123801
18	15270909	15272203	156965
18	15272208	15272329	15517
18	15272369	15272490	12610
18	15316598	15316775	26238
18	15319473	15319595	5174
18	15322100	15322341	54893
18	15323187	15323427	24538
18	15325521	15325750	45547
18	15325828	15326069	39489
18	15330052	15330172	28426
18	18529756	18530059	21882
18	18530335	18530525	30211
18	18530546	18530920	34138
18	18531073	18531174	7190
18	18531255	18531406	21622
18	18533521	18533798	38109
18	18534693	18535054	43422
18	18535105	18535226	14286
18	18539783	18539904	4545
18	18540070	18540191	8807
18	18546836	18547077	15038
18	18547685	18547911	32038
18	18548715	18548836	10887
18	18549061	18549212	8843
18	18550285	18550511	14673
18	18559856	18559977	13109
18	18562667	18562818	7824
18	18564282	18564523	12122
18	18566869	18567110	16740
18	18571090	18571331	41645
18	18572782	18572908	6963
18	18586301	18586765	33022
18	18587966	18588207	26837
18	18595354	18595475	6695
18	18600094	18600215	2831
18	18603549	18603670	11581
18	18608695	18608936	17157
18	18619417	18619538	5983
18	18622005	18622246	21822
18	18622476	18622717	12858
18	18624043	18624164	11900
18	18625219	18625460	9917
18	18628970	18629241	14530
18	18629729	18629851	17886
18	18642258	18642444	3002
18	18650472	18650593	8967
18	18690733	18690884	7741
18	18690955	18691181	3844
18	18691457	18691557	12656
18	18691588	18691691	4373
18	18963435	18963665	13577
18	18964144	18964385	13841
18	18975312	18975553	26883
18	18981077	18981318	24796
18	18983772	18984013	11741
18	19014907	19015036	16050
18	19019418	19019659	17449
18	19020168	19020409	17891
18	19021308	19021549	29902
18	19024156	19024397	31485
18	19029452	19029813	38584
18	19030941	19031167	13498
18	19031989	19032230	18826
18	19034281	19034642	32887
18	19041476	19041603	21628
18	19048667	19048767	12029
18	19052991	19053173	18157
18	19057099	19057340	27053
18	19065526	19065767	14899
18	19069961	19070322	15981
18	19075567	19075808	18127
18	19076355	19076716	20778
18	19079677	19080278	82692
18	19080430	19080671	11655
18	19085329	19085570	24297
18	19085719	19085960	14331
18	19088038	19088279	29788
18	19088302	19088663	49086
18	19093781	19093948	16259
18	19095377	19095606	17699
18	19096573	19096716	8075
18	19097994	19098196	15645
18	19100648	19100785	64543
18	19102618	19102783	9512
18	19109230	19109331	4655
18	19109883	19110497	31807
18	19112406	19112647	11419
18	19115953	19116163	17354
18	19119822	19119980	18414
18	19120478	19120719	10599
18	19140764	19141005	14545
18	19144117	19144340	22062
18	19146075	19146196	8992
18	19147876	19148117	8028
18	19153258	19154819	162743
18	19192231	19192457	16894
18	19202662	19202783	6625
18	19203683	19203924	14603
18	19208904	19209209	60998
18	19231188	19231376	21251
18	19231486	19231757	11442
18	19236783	19237178	15174
18	19239098	19239337	12952
18	19244043	19244201	10656
18	19263453	19263574	12186
18	19263842	19263993	17385
18	19282246	19282487	20350
18	19283505	19283746	17032
18	19284424	19284665	10910
18	19291953	19292148	12552
18	19321535	19321783	27921
18	19345697	19345938	28826
18	19348574	19348768	27204
18	19353575	19353699	5690
18	19358035	19358156	4551
18	19359422	19359663	34900
18	19371305	19371546	21341
18	19377995	19378236	23349
18	19379747	19379945	6857
18	19383858	19383985	3592
18	19395554	19395795	13726
18	19399410	19399651	21354
18	19405634	19405771	10440
18	19408940	19409074	12584
18	19418270	19418511	24622
18	19423073	19423194	6273
18	19424012	19424253	23552
18	19426874	19427115	18257
18	19429131	19429372	17607
18	19433078	19433199	10729
18	19437081	19437214	18035
18	19438495	19438617	7112
18	19444435	19444676	30946
18	19445598	19445698	10809
18	19446890	19446991	8846
18	19447399	19447500	8366
18	19447634	19447734	6046
18	19448409	19448602	18973
18	19448625	19448726	7627
18	19448891	19448992	9853
18	19449014	19449114	9532
18	19449242	19449436	15325
18	19449507	19449656	13024
18	19450044	19450144	7622
18	19749473	19749616	2914
18	19751061	19752292	36333
18	19756877	19757092	2670
18	19761355	19761596	19605
18	19762700	19762821	10289
18	19762891	19763014	10329
18	19780551	19780822	28041
18	19780851	19780952	10814
18	19781341	19781560	11686
18	19781589	19781904	14993
18	19994523	19994884	9833
18	19995147	19995248	5318
18	19995514	19997879	484726
18	19998673	19999241	64661
18	20516777	20516933	7145
18	20526366	20526487	4585
18	20529537	20529688	9402
18	20548759	20548891	7798
18	20555087	20555208	8188
18	20562147	20562388	36152
18	20564839	20564990	17910
18	20569171	20569292	8229
18	20570890	20571022	8202
18	20572675	20573866	98119
18	20576319	20576440	7589
18	20577573	20577764	11811
18	20581499	20581740	13102
18	20586299	20586420	7659
18	20596777	20596898	8133
18	20602041	20602252	11687
18	20606096	20606220	8421
18	20715717	20716605	8879
18	20735830	20735981	8827
18	20768776	20768897	8054
18	20774396	20774517	6182
18	20793918	20794039	12951
18	20814528	20814679	18710
18	20815785	20816056	42850
18	20817096	20817219	23269
18	20832914	20833040	6758
18	20833675	20833916	11466
18	20837139	20837380	14304
18	20838191	20838292	2885
18	20877939	20878060	4278
18	20889614	20889735	10443
18	20917863	20917964	4659
18	20932115	20932266	14257
18	20936501	20936652	13363
18	20945553	20945674	5998
18	20948635	20948756	11832
18	20950152	20950321	15248
18	20951357	20951478	10072
18	20953610	20953761	7947
18	20956810	20956931	7937
18	20957561	20957682	14848
18	20964931	20965052	4240
18	20979479	20979630	4981
18	21001308	21001429	7532
18	21010556	21010677	4568
18	21017689	21017840	9445
18	21033343	21033494	18656
18	21042864	21043105	8790
18	21043882	21044123	21544
18	21044160	21044287	8452
18	21044473	21044602	6158
18	21046047	21046288	10457
18	21047305	21047546	24205
18	21053340	21053611	18372
18	21054870	21055111	17805
18	21056948	21057069	11485
18	21057126	21057247	10811
18	21059271	21059398	5878
18	21061126	21061253	10968
18	21061385	21061517	20949
18	21083573	21083702	14623
18	21084311	21084432	19561
18	21086914	21087035	4512
18	21087915	21088036	7095
18	21089120	21089271	4249
18	21095770	21096009	15582
18	21096244	21096397	13424
18	21098837	21098958	26220
18	21099023	21099148	24479
18	21100130	21100287	19717
18	21104024	21104175	24041
18	21104358	21104479	21446
18	21106513	21106784	39471
18	21107720	21107875	13631
18	21109081	21109322	25410
18	21109576	21109697	6968
18	21109952	21110106	13381
18	21110165	21110286	15476
18	21110341	21110586	19079
18	21111567	21111772	10501
18	21111935	21112035	15507
18	21112115	21112266	12150
18	21113278	21113519	8380
18	21114375	21114533	8141
18	21115423	21115674	26121
18	21116617	21116858	23225
18	21118419	21118690	22122
18	21119255	21119496	23649
18	21119748	21119989	13857
18	21120395	21120516	9345
18	21120950	21121453	33690
18	21123350	21123543	16058
18	21124277	21124518	16278
18	21124897	21125138	11140
18	21127929	21128082	14407
18	21131549	21131701	3630
18	21134712	21134958	30037
18	21136150	21136631	29302
18	21137056	21137177	6709
18	21140138	21140499	6904
18	21141256	21141527	34268
18	21148753	21148994	30366
18	21152028	21152154	4893
18	21153355	21153596	27438
18	21166217	21166338	326
18	21180044	21180145	2419
18	21180559	21180659	9828
18	21181170	21181291	25640
18	21192043	21192164	20904
18	21197682	21197803	7662
18	21199482	21199603	1216
18	21209804	21209925	7695
18	21214002	21214123	6900
18	21218800	21218921	8373
18	21226140	21226261	6494
18	21229010	21229167	6476
18	21229414	21229535	20800
18	21242633	21242763	291
18	21269613	21270040	1631
18	21292715	21292815	10938
18	21293838	21294079	12966
18	21327874	21328085	25241
18	21329382	21329570	27566
18	21330845	21331086	30027
18	21333669	21333790	8748
18	21338296	21338537	15234
18	21343306	21343547	33528
18	21353444	21353565	18842
18	21355670	21355941	22735
18	21357460	21357611	13588
18	21363902	21364173	57945
18	21375977	21376121	4473
18	21390247	21390518	33426
18	21392982	21393103	3164
18	21394355	21394476	5592
18	21395086	21395237	32998
18	21395393	21395547	11642
18	21396340	21396461	43689
18	21399761	21400002	32676
18	21402156	21402397	25794
18	21404336	21404577	20491
18	21406653	21406774	6417
18	21407233	21407474	45647
18	21413720	21413991	22225
18	21416907	21417063	19559
18	21418732	21418853	22062
18	21419699	21419912	16232
18	21422300	21422764	35919
18	21424909	21425150	32727
18	21426215	21426486	19812
18	21427408	21427649	18905
18	21437758	21437999	45274
18	21438601	21438842	34028
18	21441539	21441810	40073
18	21444736	21444857	10457
18	21447748	21447899	14482
18	21451385	21451635	22368
18	21452972	21453213	39493
18	21456248	21456381	7839
18	21461890	21462019	9217
18	21464685	21464836	10869
18	21469936	21470091	24167
18	21473960	21474346	21349
18	21474795	21475066	24893
18	21478665	21478822	9990
18	21478882	21479039	7942
18	21479214	21479455	15297
18	21481067	21481308	13567
18	21482909	21483150	3987
18	21483852	21484093	14270
18	21484466	21484707	20843
18	21485445	21485598	6554
18	21487450	21487929	55997
18	21489066	21489307	26622
18	21492638	21492879	16716
18	21494328	21494569	21885
18	21494591	21494847	18898
18	21495198	21495469	24174
18	21496465	21496706	17550
18	21500807	21501078	27912
18	21501361	21501602	14435
18	21508024	21508265	15965
18	21508537	21508778	25818
18	21510974	21511215	17266
18	21512068	21512309	52049
18	21513701	21513942	21284
18	21519147	21519388	13508
18	21523722	21523963	15934
18	21526026	21526297	26572
18	21529657	21529928	37403
18	21529936	21530177	27727
18	21531633	21531754	12866
18	21532892	21533133	27583
18	21534418	21534659	27020
18	21594835	21595003	11476
18	21599842	21600310	20658
18	21644074	21644195	15255
18	21645966	21646159	9864
18	21649056	21649297	22834
18	21660539	21660913	44689
18	21662839	21663080	22876
18	21694503	21694624	12318
18	21696746	21696846	3960
18	21698051	21698206	22975
18	21698496	21698671	17571
18	21703788	21703917	5734
18	21705331	21705572	12548
18	21706565	21706666	3806
18	21708837	21708958	17349
18	21709667	21709879	8956
18	21710237	21710391	11146
18	21710473	21710656	11329
18	21711773	21711924	13602
18	21712402	21712553	7280
18	21713995	21714116	6562
18	21715398	21715639	31787
18	21723029	21723410	21192
18	21735614	21736965	102153
18	21739373	21740094	74597
18	21741418	21741539	5244
18	21743132	21743255	6052
18	21744982	21745133	14978
18	21746483	21746724	33141
18	21747199	21747457	11883
18	21750232	21750465	26703
18	21751356	21751477	5682
18	21752330	21752457	11368
18	21757946	21758169	26261
18	21759689	21759810	12405
18	21761054	21761295	14292
18	21776065	21776186	2798
18	21804962	21805203	29543
18	21819143	21819384	15923
18	21860796	21860922	9152
18	21883580	21883701	11240
18	21891887	21892128	20543
18	21894170	21894321	8329
18	21897083	21897204	7784
18	21897236	21897387	8239
18	21898525	21898646	7770
18	21898692	21898818	7672
18	21901615	21901736	5633
18	21912856	21913097	10510
18	21914160	21914311	9081
18	21921501	21921632	13392
18	21946767	21946952	14001
18	21948232	21948353	3908
18	21957315	21957556	15461
18	22006677	22006798	100
18	22007825	22008066	35123
18	22008797	22008918	14482
18	22010255	22010376	8007
18	22017900	22018021	10567
18	22020399	22020640	24950
18	22023003	22023126	7394
18	22025332	22025453	5713
18	22028040	22028161	16343
18	22029728	22029969	16566
18	22030715	22030836	4660
18	22040667	22040908	25821
18	22048712	22048953	40984
18	22056697	22057538	116973
18	22642564	22642740	12498
18	22666250	22666350	11626
18	22669365	22669606	36635
18	22671828	22672099	28750
18	22674693	22674793	10020
18	22764711	22764812	2606
18	22766954	22767083	9553
18	22767577	22767710	13288
18	22768233	22768334	21716
18	22774917	22775018	5270
18	22775104	22775225	9076
18	22804299	22807671	380124
18	22812168	22812269	9426
18	22832168	22832269	8597
18	22869041	22869142	10272
18	22869175	22869275	9026
18	22901940	22902274	30189
18	22906039	22906139	1665
18	22906357	22906457	10053
18	22907565	22907686	5443
18	22930829	22931090	10385
18	22931937	22932159	10859
18	23596232	23596333	5894
18	23596762	23596862	7450
18	23597375	23597522	7911
18	23597820	23597977	9195
18	23598174	23598381	14663
18	23612308	23612549	47221
18	23614908	23615149	41138
18	23615779	23615938	4963
18	23618479	23618633	12750
18	23619215	23619456	18354
18	23632577	23632819	44028
18	23637508	23637749	21985
18	23658020	23658141	3123
18	23667441	23667562	7735
18	23670437	23670569	15909
18	23713889	23714045	10267
18	23720011	23720111	19007
18	23724464	23724705	19343
18	23731753	23731994	29940
18	23738025	23738301	20605
18	23750667	23751268	1710
18	23756491	23756592	14254
18	23758702	23758973	13101
18	23759001	23759122	5880
18	23772267	23772388	5159
18	23806887	23807250	11968
18	23845055	23845326	22056
18	23847470	23847597	11350
18	23854586	23854827	16594
18	23854834	23855075	15448
18	23861918	23862039	5261
18	23865793	23866514	73591
18	23872156	23872397	19343
18	23873380	23873505	8446
18	23875114	23875235	11467
18	23895156	23895397	11733
18	23900977	23901218	8052
18	23906920	23907161	17521
18	23915105	23915256	16193
18	23937642	23937768	3709
18	23969771	23970012	15942
18	24034951	24035052	4545
18	24035322	24035524	25372
18	24035596	24035905	17805
18	24039555	24039916	27972
18	24056429	24056670	18856
18	24080996	24081237	31591
18	24126691	24128501	90923
18	24128855	24129047	8033
18	24129075	24129297	558
18	24179327	24179448	14065
18	24433641	24433742	4249
18	24434497	24434597	6062
18	24435620	24435721	11420
18	24436043	24436493	44257
18	24440684	24440835	12380
18	24441055	24441296	9425
18	24442081	24442592	25860
18	24445546	24445698	6395
18	24495912	24496080	21027
18	24496137	24497368	88039
18	24510714	24510814	8748
18	24512957	24513086	11125
18	24513580	24513713	2887
18	24524250	24524371	7819
18	24604009	24604160	10767
18	24628386	24628507	4164
18	24722591	24722832	11953
18	24917033	24917151	9339
18	24918568	24918668	2752
18	25081642	25081767	1476
18	25530962	25531063	3707
18	25531087	25531215	2789
18	25531297	25531398	5069
18	25531411	25531680	19254
18	25531682	25531783	7545
18	25531824	25532055	17890
18	25532098	25532339	24911
18	25543251	25543522	15445
18	25562856	25563097	16381
18	25564954	25565207	13844
18	25565482	25565735	15054
18	25568437	25568678	18321
18	25570006	25570367	41691
18	25572590	25572831	22401
18	25573411	25573652	20607
18	25582925	25583166	43587
18	25585763	25586004	17179
18	25589637	25589878	14750
18	25591761	25592002	34524
18	25593608	25593883	29836
18	25616411	25616532	12182
18	25625322	25625443	9034
18	25646465	25646566	7337
18	25727627	25727758	8258
18	25756895	25757073	105
18	26245669	26245859	5108
18	26776288	26776610	31282
18	27878839	27878960	11236
18	28571197	28571298	9440
18	28574118	28574348	11672
18	28574398	28574538	10519
18	28576674	28577065	31364
18	28581523	28581715	7220
18	28584098	28584342	18232
18	28586863	28587107	21626
18	28587931	28588172	26227
18	28588181	28588542	28194
18	28598008	28598249	25132
18	28598577	28598818	12360
18	28602233	28602504	20795
18	28604265	28604506	9402
18	28605652	28605923	11422
18	28609383	28609654	17540
18	28610917	28611158	18857
18	28612138	28612259	3920
18	28622530	28622651	7397
18	28647633	28647733	8839
18	28647958	28648199	25519
18	28648231	28648352	11070
18	28648777	28649168	30380
18	28650632	28650873	18493
18	28651479	28651868	22195
18	28654639	28654883	22535
18	28659762	28659969	26846
18	28660008	28660369	45719
18	28662175	28662416	20930
18	28662837	28663078	10041
18	28666500	28666741	45335
18	28667552	28667823	12919
18	28669358	28669599	22127
18	28670899	28671170	13603
18	28672042	28672283	12623
18	28673502	28673623	4831
18	28681838	28681959	588
18	28710454	28710692	25317
18	28710722	28710843	9786
18	28711499	28711860	51212
18	28712470	28712711	30160
18	28713792	28714153	26827
18	28714489	28714760	21105
18	28719660	28719901	11204
18	28719953	28720314	24499
18	28721933	28722174	46605
18	28723565	28723806	15067
18	28725535	28725776	21292
18	28728411	28728652	21785
18	28734693	28734934	19032
18	28735944	28736185	14120
18	28737313	28737554	28475
18	28739388	28739509	7614
18	28742434	28742585	7150
18	28898226	28898347	9009
18	28906511	28906636	14927
18	28906751	28907022	8616
18	28908108	28908349	15203
18	28909775	28910046	14341
18	28911625	28911866	15861
18	28913497	28913738	21746
18	28913951	28914192	21692
18	28916265	28916626	33671
18	28918226	28918467	7675
18	28919666	28920027	24863
18	28923328	28923599	52178
18	28923862	28923983	6943
18	28925935	28926176	13188
18	28934243	28935324	127695
18	28956807	28956958	11748
18	28965018	28965166	15297
18	28966565	28966836	12270
18	28968286	28968527	28981
18	28968757	28969028	23385
18	28970580	28970821	13688
18	28970986	28971227	30270
18	28972089	28972330	22134
18	28979159	28979550	38411
18	28980792	28981033	22949
18	28983366	28983607	31334
18	28986006	28986367	37908
18	28989333	28989604	27718
18	28989678	28989799	9195
18	28991055	28991444	21820
18	28992753	28993594	83627
18	29027803	29027924	6215
18	29036342	29036470	15082
18	29036870	29037141	3069
18	29038334	29038605	13416
18	29038946	29039187	15820
18	29039769	29040010	18619
18	29040738	29040979	19074
18	29041161	29041402	13193
18	29044028	29044389	36675
18	29045229	29045470	21782
18	29046483	29046727	17402
18	29048980	29049361	31608
18	29052195	29052436	17866
18	29052658	29052779	9391
18	29054044	29054405	31649
18	29055554	29056275	51904
18	29078185	29078332	1062
18	29098158	29098279	9602
18	29099681	29099952	22265
18	29100695	29100966	20205
18	29101012	29101216	11620
18	29102007	29102248	30354
18	29104358	29104599	8101
18	29104637	29104878	17888
18	29110901	29111262	29376
18	29115182	29115423	15660
18	29116155	29116402	14607
18	29118704	29118951	13649
18	29121095	29121336	20999
18	29122437	29122828	40206
18	29125674	29126734	73251
18	29171838	29171959	16636
18	29172802	29173043	36598
18	29175029	29175270	22207
18	29178521	29178648	9633
18	29178668	29178769	7060
18	29203357	29203458	6269
18	29203460	29203560	7497
18	29204780	29204881	4965
18	29204958	29205118	13624
18	29205124	29205225	6217
18	29205394	29205494	9511
18	29205529	29205770	18427
18	29206235	29206357	15075
18	29206871	29207142	23061
18	29210894	29211135	22850
18	29218543	29218784	20313
18	29225258	29225499	16880
18	29237929	29238062	5375
18	29246155	29246377	32286
18	29264210	29264455	17657
18	29339694	29340844	149277
18	29409905	29410195	20181
18	29410243	29410389	12558
18	29410708	29410962	14034
18	29412030	29412151	15186
18	29419226	29419467	13498
18	29426638	29426790	9573
18	29429494	29429735	15389
18	29432376	29432497	7075
18	29432500	29432651	5809
18	29433798	29433919	4310
18	29435575	29435816	10094
18	29437482	29437963	53212
18	29444545	29444786	36170
18	29446753	29446994	13473
18	29447340	29447461	14724
18	29450278	29450519	4995
18	29450864	29451105	14891
18	29453355	29453511	5363
18	29454394	29454677	22677
18	29470642	29470883	21113
18	29477739	29477864	6459
18	29480876	29480998	11271
18	29487346	29487587	19879
18	29488202	29488443	15716
18	29488691	29489024	44281
18	29489615	29489736	11558
18	29493287	29493528	26026
18	29496200	29496441	16831
18	29497494	29497645	6809
18	29511267	29511508	17989
18	29522497	29522856	19046
18	29522944	29523140	19816
18	29547362	29547482	5406
18	29598787	29599028	68450
18	29617034	29617275	26420
18	29622127	29622248	12563
18	29625588	29625709	12990
18	29645855	29645982	9808
18	29648242	29648449	12093
18	29672629	29672859	19645
18	29691678	29691919	7285
18	29693644	29693885	11545
18	29703447	29703568	8030
18	29704687	29704818	17312
18	29706646	29706773	13374
18	29709054	29709239	15353
18	29709512	29709646	10621
18	29709661	29709762	8740
18	29710046	29710190	17085
18	29710242	29710343	6285
18	29710429	29710612	12374
18	29710617	29710809	19294
18	29710864	29710964	11237
18	29770003	29770124	11330
18	29770215	29770336	5978
18	29771732	29771853	11124
18	29772567	29772690	15685
18	29772697	29772818	16724
18	29775347	29775468	13498
18	29782793	29783034	18942
18	29784112	29784353	37938
18	29787202	29787443	14208
18	29788036	29788277	26407
18	29790450	29790691	22082
18	29793059	29793540	38227
18	29795013	29795254	23754
18	29796895	29797136	13605
18	29797704	29797945	32176
18	29800139	29800260	7943
18	29847769	29848760	71694
18	29850111	29850382	18433
18	29866948	29868179	128623
18	29890099	29890340	23687
18	29972806	29973047	15662
18	29992145	29993201	46548
18	30004809	30004919	3938
18	30050209	30050417	2358
18	30091950	30092136	15290
18	30092760	30093025	21391
18	30093403	30093753	32324
18	30105999	30106308	13991
18	30252595	30252776	22075
18	30252985	30253177	16177
18	30254247	30254449	25236
18	30254568	30254809	27306
18	30257063	30257334	15765
18	30260089	30260330	17104
18	30260345	30260586	11825
18	30267095	30267216	8036
18	30275409	30275530	10876
18	30313980	30314218	30772
18	30321881	30322071	16093
18	30340416	30340516	5288
18	30349558	30350605	109761
18	30350872	30351113	45205
18	30351925	30352295	21821
18	30352888	30353121	10750
18	30353226	30353347	9636
18	30517611	30517945	40453
18	30517953	30518074	11871
18	30538112	30538233	3675
18	30554456	30554697	10781
18	30555068	30555169	4094
18	30627446	30627557	12718
18	30672678	30672919	12498
18	30703873	30703973	7480
18	30791818	30792059	17516
18	30795481	30795706	19175
18	30803060	30803193	18262
18	30804698	30804939	11596
18	30806726	30806847	2341
18	30825179	30825420	32530
18	30846826	30847067	13293
18	30847152	30847273	10843
18	30873078	30873307	17233
18	30903404	30903645	12744
18	30908024	30908124	6925
18	30913126	30913368	71222
18	30926153	30926394	14369
18	30928805	30928956	11104
18	30936237	30936358	8705
18	30949962	30950203	12910
18	30969487	30969608	9765
18	30977081	30977202	3630
18	30991962	30992083	13482
18	31140586	31141857	37448
18	31158561	31158682	4354
18	31187537	31187658	4377
18	31197616	31197716	4055
18	31206836	31206958	7730
18	31221735	31221836	4494
18	31224850	31224971	4204
18	31226201	31226322	5004
18	31241519	31241760	32059
18	31250634	31250755	7681
18	31251709	31251831	7584
18	31263329	31263570	24283
18	31311918	31312039	13499
18	31314205	31314446	16449
18	31318407	31320448	114074
18	31322794	31326612	226794
18	31431182	31431660	21833
18	31431792	31431927	7008
18	31432123	31432224	5707
18	31432317	31432418	7108
18	31432469	31432664	12771
18	31432781	31433022	13309
18	31463182	31463417	31802
18	31522994	31523152	3670
18	31537264	31537537	38753
18	31538171	31538412	23721
18	31599242	31599603	40078
18	31673373	31673614	26924
18	31683975	31684133	12058
18	31685003	31685134	13149
18	31708782	31708883	5168
18	31709788	31710029	8693
18	31801954	31802054	3622
18	31802874	31803265	23872
18	32335882	32336033	11762
18	32345903	32346024	9319
18	32373986	32374227	22074
18	32386164	32386285	15532
18	32391878	32392119	16148
18	32395863	32395988	12052
18	32398089	32398330	43444
18	32399792	32400005	14141
18	32400695	32400936	18270
18	32401006	32401127	9945
18	32401376	32401497	5653
18	32405173	32405294	17499
18	32407537	32407658	21357
18	32408958	32409079	19600
18	32418005	32418156	5587
18	32418663	32418814	17211
18	32428242	32428363	11953
18	32431752	32431903	6789
18	32438239	32438372	4287
18	32443916	32444037	8670
18	32446008	32446159	20916
18	32455161	32455402	7278
18	32457666	32457787	12774
18	32459477	32459718	19605
18	32461977	32462218	20091
18	32462820	32462921	8694
18	32464639	32464766	8004
18	32467863	32467964	5331
18	32468064	32468190	8839
18	32468422	32468523	8148
18	32468538	32468686	17816
18	32468729	32468897	21833
18	32469715	32469925	21023
18	32470140	32470241	26511
18	32470263	32470404	66665
18	32470443	32470544	23272
18	32470567	32470688	20824
18	32470751	32470900	15286
18	32470967	32471068	4302
18	32471227	32471328	11826
18	32558443	32558543	5005
18	32585436	32585536	3595
18	32621443	32621684	10643
18	32629025	32629125	6851
18	32650101	32650342	24964
18	32677331	32677602	12372
18	32681895	32682136	14213
18	32706860	32707101	14431
18	32711923	32712194	24578
18	32720204	32720355	5553
18	32720629	32720730	11761
18	32822370	32822881	27123
18	32823065	32823325	38301
18	32825179	32826289	68024
18	32833250	32834448	91916
18	32837835	32837956	11665
18	32843427	32843668	21613
18	32843841	32844352	29850
18	32864408	32865099	38935
18	32871099	32871200	9875
18	32886176	32886505	26972
18	32886530	32890731	256836
18	32912582	32912856	17350
18	32916078	32916190	10947
18	32916959	32917060	4252
18	32917163	32917764	29296
18	32918980	32919080	8756
18	32919216	32919337	11038
18	32919745	32919986	19762
18	32920163	32920644	22741
18	32948270	32948421	8343
18	32949160	32949634	67684
18	32953370	32953611	20488
18	32953806	32954287	45667
18	33034776	33034942	4070
18	33048519	33048760	18921
18	33058218	33058339	8788
18	33059240	33059385	13614
18	33060407	33060537	7942
18	33077609	33077880	26681
18	33234617	33234815	9914
18	33243527	33243798	9649
18	33257516	33257757	19943
18	33263307	33263578	28103
18	33266943	33267184	32515
18	33269074	33269315	23294
18	33270944	33271185	12267
18	33272093	33272334	13395
18	33282848	33282999	20590
18	33283418	33283659	22109
18	33289539	33290015	32082
18	33290044	33290145	9313
18	33290161	33290387	16747
18	33290685	33290786	6437
18	33290899	33291036	5992
18	33291259	33291360	4121
18	33484756	33484914	10982
18	33552668	33552918	25763
18	33554807	33555078	17533
18	33557346	33557587	21387
18	33558732	33559003	21900
18	33572026	33572126	8418
18	33572727	33572828	3718
18	33572910	33573011	7134
18	33573017	33573308	20779
18	33605539	33605660	4723
18	33605671	33605771	5091
18	33606829	33607070	18916
18	33607088	33607329	9918
18	33610728	33610879	14447
18	33610910	33611070	19622
18	33613614	33613855	33331
18	33620729	33620850	15297
18	33647170	33647442	31425
18	33689480	33689751	10880
18	33690965	33691236	16791
18	33692412	33692563	7414
18	33694034	33694458	37930
18	33696627	33696752	12305
18	33702002	33702243	16748
18	33703391	33703662	9279
18	33704451	33704692	11793
18	33706132	33707013	140865
18	33709844	33710085	30299
18	33713178	33713329	13257
18	33716243	33716394	7316
18	33718189	33718430	42233
18	33718735	33718856	11939
18	33721070	33721191	9938
18	33722215	33722336	17230
18	33722737	33722978	24653
18	33724888	33725009	9373
18	33725869	33726021	10547
18	33726157	33726398	18577
18	33734766	33734974	25762
18	33736401	33736642	14059
18	33738741	33738892	13966
18	33739684	33739805	6203
18	33739888	33740009	7325
18	33740869	33740990	8434
18	33744412	33744653	28697
18	33747002	33747195	12300
18	33749971	33750212	59030
18	33751000	33751133	9092
18	33754404	33754645	10173
18	33767452	33767693	17068
18	33775173	33775324	14063
18	33778624	33778745	7720
18	33779575	33780326	47407
18	33783052	33783173	15404
18	33785018	33785259	35430
18	33793265	33793506	13687
18	33795468	33795950	29395
18	33799977	33800218	16046
18	33828862	33828983	6424
18	33831062	33831303	9549
18	33836892	33837046	10172
18	33839947	33840188	28023
18	33846702	33846826	1787
18	33848450	33848691	25754
18	33877786	33878000	4478
18	33935492	33935618	9912
18	33952613	33952734	8538
18	34081867	34081988	10987
18	34092362	34092516	16594
18	34156399	34156520	19145
18	34174740	34174871	9381
18	34182622	34182743	23286
18	34191835	34192106	28034
18	34205381	34205772	56116
18	34229273	34229373	2618
18	34232532	34232892	18281
18	34238003	34238161	13718
18	34261358	34261585	17828
18	34267024	34267175	12075
18	34273127	34273398	12720
18	34288994	34289385	29750
18	34297755	34298716	90179
18	34310566	34310807	24691
18	34320588	34320829	9632
18	34322608	34322879	17886
18	34323924	34324195	12946
18	34326881	34327122	14861
18	34335056	34335297	25146
18	34339042	34339142	32380
18	34340506	34340777	33942
18	34349187	34349428	14772
18	34353601	34353701	16142
18	34359360	34359511	4027
18	34359759	34359859	10032
18	34359865	34360037	18860
18	34366784	34367042	44787
18	34376679	34377070	49498
18	34378340	34378611	34851
18	34380151	34380284	5847
18	34385311	34385520	41278
18	34387800	34387940	15689
18	34398805	34398956	23467
18	34408596	34408747	11552
18	34408779	34409190	3530
18	34414239	34414360	9770
18	34415146	34415387	44485
18	34424156	34424277	6730
18	34465456	34465681	14600
18	34475686	34475786	2533
18	34539213	34539454	15641
18	34556401	34556502	5935
18	34635301	34635401	6647
18	34646819	34647521	41184
18	34664078	34664264	3925
18	34740132	34740373	21869
18	34752868	34753109	14401
18	34773533	34773634	3300
18	34801963	34802204	28438
18	34802230	34802331	6264
18	34824092	34824192	11183
18	34824401	34824628	17992
18	34824640	34824740	7086
18	34825022	34825122	1664
18	34833162	34833262	21753
18	34833724	34833936	12872
18	34834256	34834357	561
18	34839083	34839237	5437
18	34844617	34844738	6465
18	34846467	34846588	9852
18	34850684	34850925	12077
18	34852931	34853172	25915
18	34854194	34854580	26244
18	34854746	34854867	1668
18	34855020	34855261	4753
18	34901713	34901864	19069
18	35064572	35064673	10905
18	35065467	35065588	145
18	35066767	35066867	14361
18	35143815	35143916	3123
18	35145280	35145641	37881
18	35145928	35146028	1842
18	35237088	35237188	7003
18	36914813	36915294	50509
18	37202051	37202172	9541
18	39535199	39535350	20222
18	39537507	39537748	29214
18	39542404	39542645	30158
18	39550234	39550495	9297
18	39567757	39567878	7827
18	39570409	39570530	11779
18	39573218	39573339	9100
18	39575844	39575968	11206
18	39576586	39576707	2413
18	39584291	39584532	24634
18	39593361	39593602	20789
18	39595423	39595574	10747
18	39600544	39600695	7955
18	39607368	39607522	11453
18	39609225	39609466	22531
18	39613734	39613975	17894
18	39617598	39617839	45441
18	39618718	39618839	11135
18	39620611	39620732	8535
18	39623677	39623798	7798
18	39629470	39629591	13304
18	39637809	39638050	13278
18	39644687	39644808	3721
18	39647293	39647534	57482
18	39661032	39661153	9787
18	40323154	40323254	6796
18	40323448	40323695	10682
18	40340332	40340433	6807
18	40498960	40499061	2788
18	40500646	40500767	6006
18	40503481	40503752	15153
18	40553984	40554135	11141
18	40613742	40613863	2252
18	40695341	40695494	14269
18	40848118	40848219	3708
18	40848680	40848878	9380
18	40849512	40849713	10885
18	40849817	40849918	6276
18	40850248	40850639	39485
18	40851615	40851856	13643
18	40853530	40854371	88560
18	40857168	40857289	15967
18	41559259	41559380	13938
18	42260268	42260369	172
18	42281253	42281854	35670
18	42284451	42284551	5523
18	42343553	42343775	9721
18	42352089	42352216	15621
18	42356061	42356269	29455
18	42358426	42358561	14861
18	42358668	42358877	47023
18	42363137	42363291	18262
18	42367122	42367284	14628
18	42368295	42368411	10878
18	42372116	42372297	22150
18	42375736	42375900	30621
18	42376687	42376815	10424
18	42379277	42379381	6391
18	42391316	42391449	18554
18	42393408	42393562	14828
18	42394043	42394505	28325
18	42397025	42397185	8282
18	42400217	42400409	16396
18	42403402	42403598	6596
18	42406034	42406134	7370
18	42411667	42411827	9546
18	42413590	42413744	8381
18	42425893	42426028	24417
18	42426451	42426551	4349
18	42427560	42427720	11109
18	42428291	42428426	5459
18	42435177	42435476	33485
18	42436744	42436845	7762
18	42449160	42449281	11192
18	42456514	42456743	63174
18	42529834	42533315	199067
18	42550039	42550139	5117
18	42560625	42560738	6693
18	42603221	42603322	7370
18	42618413	42618654	25302
18	42642994	42643699	19719
18	42644014	42644115	4777
18	43204553	43204824	17003
18	43205616	43205857	10887
18	43206866	43207137	11797
18	43212260	43212498	45637
18	43214754	43214875	7636
18	43216899	43217170	30021
18	43219663	43219904	32538
18	43221089	43221360	29188
18	43223060	43223181	12171
18	43223916	43224157	24367
18	43243689	43243908	20924
18	43246081	43246202	4517
18	43246858	43247099	12864
18	43247771	43248012	24915
18	43248226	43248497	46535
18	43249215	43249486	36881
18	43252817	43253058	29979
18	43253593	43253834	15126
18	43258873	43259024	6593
18	43262262	43262503	15825
18	43307236	43307384	12879
18	43310239	43310480	12083
18	43310953	43311194	27113
18	43314181	43314412	31832
18	43316395	43316636	27585
18	43319080	43319321	36435
18	43319438	43319679	31645
18	43328304	43328425	15220
18	43329708	43329949	25428
18	43330226	43330326	3421
18	43405658	43405779	10131
18	43416932	43417083	2695
18	43417428	43417909	468
18	43418630	43419111	5185
18	43420129	43420250	2682
18	43422020	43422171	15008
18	43427662	43427762	7291
18	43427801	43427902	5612
18	43430671	43430772	7835
18	43432340	43432642	26690
18	43435473	43435714	9708
18	43437774	43438045	10968
18	43438517	43438758	20899
18	43440008	43440369	29209
18	43445530	43445801	27161
18	43446716	43446987	23233
18	43447469	43447740	15567
18	43450468	43450739	29299
18	43456191	43456317	6304
18	43458315	43458436	12687
18	43458927	43459198	11029
18	43459962	43460233	7803
18	43462224	43462465	15333
18	43464557	43464798	14992
18	43467672	43467913	9685
18	43469712	43469953	18367
18	43479328	43479569	16044
18	43480895	43481166	17961
18	43483888	43484129	11461
18	43487863	43488104	33549
18	43490445	43490717	11150
18	43492186	43492457	25519
18	43493610	43493851	18310
18	43495439	43495596	7915
18	43495951	43496192	19685
18	43496353	43496594	25661
18	43497562	43497833	16743
18	43502255	43502616	33801
18	43503172	43503413	12421
18	43505664	43505905	14506
18	43508783	43509024	11990
18	43510597	43510838	15444
18	43514702	43514973	21591
18	43519522	43519763	19404
18	43523050	43523321	41713
18	43523906	43524147	11721
18	43526619	43526744	5223
18	43528414	43528565	7157
18	43529440	43529567	5510
18	43531014	43531255	16806
18	43532306	43532667	22094
18	43534350	43535314	87789
18	43547112	43547248	46337
18	43565173	43565274	12627
18	43565313	43565464	9004
18	43568635	43568756	3660
18	43570647	43570768	4657
18	43571817	43571968	11175
18	43572058	43572179	11955
18	43573558	43573679	7148
18	43577693	43577814	8600
18	43578691	43578842	3952
18	43579389	43579510	16538
18	43585404	43585525	7260
18	43591137	43591263	16998
18	43595824	43595945	3902
18	43604522	43604673	6019
18	43619871	43620023	18089
18	43620938	43621059	10081
18	43652076	43652197	4506
18	43664101	43664202	9585
18	43664227	43664348	10662
18	43664423	43664664	10707
18	43666029	43666270	27736
18	43666343	43666470	19298
18	43666964	43667208	14578
18	43667261	43667502	13016
18	43667997	43668268	13532
18	43669493	43669734	10444
18	43669754	43669995	12963
18	43671611	43671852	9171
18	43674996	43675117	9105
18	43678106	43678227	1002
18	43684331	43684452	32808
18	43685125	43685366	19747
18	43698098	43698334	25198
18	43699837	43700078	21119
18	43702373	43702614	20539
18	43703236	43703387	4153
18	43704732	43704883	16547
18	43705672	43705793	8804
18	43708004	43708125	7346
18	43795812	43796571	80828
18	43819940	43820181	34256
18	43833603	43833844	33766
18	43842865	43843157	33882
18	43843209	43843310	11690
18	43843465	43843566	9816
18	43843698	43843799	10257
18	43844169	43844366	21713
18	43844526	43844626	6114
18	43844928	43845028	5649
18	43845032	43845306	23578
18	43845745	43845846	5947
18	43846281	43846566	19881
18	43846642	43846743	8398
18	43846792	43846949	9802
18	43914217	43914344	4317
18	44012984	44013085	15909
18	44013129	44013480	33138
18	44015214	44015369	7607
18	44027469	44027710	39405
18	44030249	44030373	12684
18	44030623	44030774	9390
18	44035927	44036053	8355
18	44036419	44036765	39278
18	44037004	44037161	14507
18	44037217	44037386	8769
18	44037637	44037737	2660
18	44038317	44038418	11015
18	44039798	44039899	13209
18	44040017	44040184	11295
18	44040197	44040787	39009
18	44057103	44057224	10301
18	44057373	44057974	81327
18	44063507	44063748	37491
18	44064926	44065167	25632
18	44068898	44069139	21953
18	44085772	44086013	16859
18	44087466	44087707	24796
18	44089485	44089846	37404
18	44098034	44098275	28421
18	44100218	44100339	4924
18	44101031	44101272	11516
18	44102046	44102287	18590
18	44104375	44104616	19755
18	44104654	44104895	20158
18	44109095	44109336	39525
18	44113084	44113325	14616
18	44114234	44114475	26348
18	44118088	44118329	16900
18	44121699	44121940	29103
18	44122632	44122873	19419
18	44124716	44124943	17609
18	44125210	44125451	28588
18	44126818	44127059	22289
18	44135029	44135165	6389
18	44137264	44137505	39288
18	44139366	44139607	32878
18	44139982	44140527	42424
18	44142986	44143227	10311
18	44146194	44146435	10205
18	44149381	44149622	14662
18	44152025	44152146	11790
18	44157628	44157869	24926
18	44159548	44159789	37562
18	44171842	44172083	26381
18	44172442	44172563	14301
18	44173521	44173762	28515
18	44174240	44174481	11041
18	44181148	44181509	15381
18	44184009	44184250	12128
18	44190691	44190932	19792
18	44198142	44198263	6173
18	44219549	44219790	30638
18	44221897	44222018	12062
18	44229053	44229294	22827
18	44236840	44236997	15934
18	44259967	44260483	40543
18	44261919	44262040	4612
18	44266101	44266259	21296
18	44268688	44268929	18399
18	44272083	44272234	24760
18	44284489	44284640	6393
18	44301324	44301432	6702
18	44336284	44336481	11734
18	44392018	44392119	5759
18	44392364	44392605	65057
18	44395232	44395353	7357
18	44398313	44398434	5177
18	44400844	44401085	29911
18	44407886	44408127	4764
18	44409642	44409883	27527
18	44416278	44416519	8905
18	44423953	44424104	18159
18	44424687	44424812	16317
18	44426585	44426856	18224
18	44435261	44435412	11051
18	44435491	44435612	5400
18	44444107	44444228	4781
18	44470533	44471027	23471
18	44480940	44481040	2500
18	44497246	44497346	2224
18	44499989	44500089	11669
18	44526158	44526259	5082
18	44526801	44526901	6725
18	44542697	44544411	867212
18	44548624	44550338	1162633
18	44554539	44556253	2448750
18	44559331	44561993	309756
18	44572815	44572916	14846
18	44579250	44579440	7429
18	44580726	44580877	9082
18	44584543	44584784	15062
18	44585884	44586035	7312
18	44589330	44589451	11358
18	44589632	44589753	9397
18	44593341	44593500	8580
18	44595561	44595682	15653
18	44595790	44596031	35767
18	44601632	44601753	10020
18	44603712	44603842	9905
18	44610684	44610784	10396
18	44624436	44624644	6711
18	44625543	44625814	20214
18	44626584	44626737	12249
18	44627185	44627426	24894
18	44633838	44633939	3023
18	44634214	44634498	32877
18	44635043	44635166	6108
18	44639318	44639439	9661
18	44641489	44641730	30909
18	44656595	44656716	6039
18	44660849	44661090	16593
18	44662672	44662820	5899
18	44682158	44682258	4578
18	44682327	44682428	5654
18	44682514	44682635	5139
18	44683796	44683918	9299
18	44702546	44702731	10324
18	44738440	44738541	3795
18	44746297	44746397	5925
18	44756829	44756928	4950
18	44757288	44757388	9976
18	44757453	44757574	9592
18	44771254	44771375	6271
18	44771850	44771950	9597
18	44772941	44775589	93640
18	45359450	45359550	8450
18	45359809	45359909	2603
18	45364372	45364473	8794
18	45367731	45367868	6472
18	45367955	45368133	27597
18	45368138	45368379	46156
18	45371661	45371902	9186
18	45371981	45372222	19202
18	45374830	45375068	15050
18	45377610	45377731	11661
18	45391405	45391526	9073
18	45394639	45394880	15700
18	45395589	45395830	17103
18	45396829	45396950	16027
18	45422882	45423137	42996
18	45555567	45556328	45637
18	45566178	45567524	120834
18	45688693	45688793	5611
18	45691501	45691624	14338
18	45706654	45706754	5941
18	45711648	45711748	5984
18	46066115	46066215	10744
18	46145905	46146146	32431
18	46162959	46163080	12296
18	46190098	46190219	11976
18	46190778	46190932	25157
18	46197016	46197137	7926
18	46237936	46238087	11323
18	46284201	46284832	42589
18	46287729	46288090	23094
18	46288252	46288353	7987
18	46332856	46332956	5751
18	46343518	46343789	35221
18	46361102	46361237	5170
18	46383894	46384045	14634
18	46385671	46386058	32816
18	46386107	46386208	8766
18	46388944	46389044	15385
18	46446227	46446666	37888
18	46447633	46448310	54510
18	46468796	46469028	5614
18	46474719	46474840	5956
18	46476149	46477236	12652
18	46570348	46570619	16514
18	46621710	46621811	11214
18	46623762	46623895	17092
18	46645050	46645324	24326
18	46690044	46690167	4638
18	46712896	46712996	5719
18	46735920	46736085	7985
18	46783365	46783486	10468
18	46784740	46784873	7999
18	46798489	46798730	14230
18	46808334	46808575	31194
18	46812743	46813014	12999
18	46858153	46858424	20314
18	46860009	46860280	15525
18	46889475	46889626	5496
18	46904882	46905123	19534
18	46906020	46906141	6551
18	46917927	46918048	9122
18	46956573	46956814	12649
18	47008656	47008807	6310
18	47009884	47010155	22656
18	47013706	47013827	13249
18	47014851	47014972	9075
18	47015595	47015696	14894
18	47015703	47015977	41130
18	47016811	47016932	9955
18	47017108	47017349	42363
18	47017593	47017854	23106
18	47017860	47018126	28805
18	47088635	47088786	12101
18	47091676	47091897	12944
18	47093780	47094021	13667
18	47095771	47095928	14699
18	47101698	47101970	27270
18	47107694	47108085	37917
18	47108670	47108911	35717
18	47109883	47110154	22168
18	47113106	47113230	11586
18	47116820	47117016	11355
18	47135926	47136026	6773
18	47310197	47310318	3690
18	47311522	47311763	9660
18	47313645	47313746	9797
18	47317783	47318024	9352
18	47318488	47318729	36768
18	47320602	47320843	17809
18	47322041	47322312	23896
18	47323748	47324019	18068
18	47329018	47329374	19964
18	47339785	47339906	1994
18	47340139	47340240	4213
18	47340361	47340842	50877
18	47350310	47350434	7006
18	47352281	47352382	3654
18	47352795	47353036	13307
18	47361692	47361813	5864
18	47363046	47363287	17995
18	47363818	47364209	44214
18	47365437	47365708	16443
18	47367688	47367839	13519
18	47369565	47369806	42423
18	47372847	47372994	5073
18	47373451	47373707	32435
18	47375892	47376043	27661
18	47379796	47380037	23056
18	47383130	47383281	9915
18	47389555	47389707	6709
18	47390419	47390810	22286
18	47398478	47398629	12704
18	47402005	47402246	26126
18	47404071	47404312	25857
18	47405266	47405507	31850
18	47406721	47406842	14463
18	47421301	47421554	18486
18	47428872	47429263	21873
18	47430968	47431239	45211
18	47432773	47433014	10800
18	47438396	47438553	18435
18	47455863	47455984	19864
18	47462609	47462730	7731
18	47463569	47463810	43122
18	47479610	47479731	18558
18	47480592	47480863	21960
18	47488584	47488825	29024
18	47489268	47489419	4290
18	47500641	47501032	59545
18	47506804	47506933	5290
18	47511050	47511205	18839
18	47516788	47516909	11173
18	47518578	47518849	34745
18	47527551	47527822	50050
18	47563170	47563411	33159
18	47566447	47566718	30888
18	47581628	47581758	892
18	47612759	47612860	11918
18	47623575	47623675	3652
18	47652851	47652951	4443
18	47721088	47721209	81
18	47753741	47753989	47808
18	47764962	47765085	13980
18	47769256	47769497	37473
18	47777115	47777356	43303
18	47777821	47778182	36913
18	47787399	47787621	40872
18	47788350	47788599	26210
18	47792678	47792799	6986
18	47793945	47794045	5886
18	47795871	47796222	42968
18	47796356	47796477	4532
18	47796488	47796670	3005
18	47797799	47797950	18969
18	47798986	47799379	23587
18	47799651	47800263	69467
18	47800488	47800759	19206
18	47801319	47801676	36428
18	47801715	47801836	12308
18	47801912	47802397	31330
18	47802706	47802827	10869
18	47803011	47803132	9693
18	47803163	47803636	73235
18	47806216	47806372	17108
18	47808884	47809155	42571
18	47809178	47809419	17288
18	47809591	47809742	16058
18	47809818	47809969	15720
18	47810065	47810195	7852
18	47810216	47810487	13160
18	47810688	47810959	30882
18	47811089	47811244	19371
18	47811313	47811767	53948
18	47812074	47812328	28871
18	47812358	47812637	37343
18	47812897	47813019	7482
18	47813047	47813288	9681
18	47813866	47814017	37383
18	47902183	47902304	8239
18	47906436	47906677	8084
18	47908486	47908607	7032
18	47911503	47911774	19483
18	47917457	47917698	14677
18	47918421	47918662	18869
18	47927285	47927484	13879
18	48190270	48190901	67400
18	48241399	48241640	33155
18	48248237	48248508	19169
18	48252287	48252558	19403
18	48255472	48256255	34357
18	48256335	48256435	10154
18	48256677	48256778	11733
18	48257004	48257105	8738
18	48257894	48257995	2391
18	48325672	48325793	11445
18	48326366	48326523	12385
18	48327645	48327946	12799
18	48331493	48331734	12768
18	48332995	48333266	30035
18	48335659	48335780	5920
18	48345950	48346073	15758
18	48346225	48346326	20972
18	48422181	48422308	4949
18	48434378	48434619	16014
18	48439094	48439365	10364
18	48442514	48442635	13808
18	48443676	48443917	21146
18	48444470	48444593	4296
18	48446816	48446945	10624
18	48447018	48447169	13459
18	48447409	48447567	11924
18	48450403	48450644	15499
18	48452075	48452297	27199
18	48458617	48458740	11102
18	48465913	48466034	4300
18	48466615	48466766	11575
18	48473319	48473590	22538
18	48500731	48500972	52360
18	48510456	48510980	43684
18	48512979	48513465	55185
18	48556521	48556691	41839
18	48573359	48573720	23440
18	48575046	48575262	25657
18	48575618	48575739	21730
18	48581141	48581376	27792
18	48584433	48584887	33580
18	48586199	48586320	17310
18	48591763	48592004	29995
18	48593351	48593592	19073
18	48602955	48603196	18845
18	48604610	48604851	25642
18	48604935	48605036	3891
18	48605180	48605280	7268
18	48605755	48606084	49999
18	48700913	48701234	22125
18	48701278	48701509	15349
18	48701624	48701778	11493
18	48701797	48702157	13297
18	48702233	48702333	3689
18	48702515	48703993	137631
18	48722910	48723700	4195
18	49867111	49867262	15380
18	50225965	50226066	7006
18	50278372	50278754	37299
18	50432374	50432735	19056
18	50450030	50450271	18545
18	50451550	50451791	20580
18	50463654	50463872	13813
18	50589630	50589871	37730
18	50592354	50592595	31677
18	50683682	50683923	35210
18	50705287	50705528	26218
18	50731538	50731779	14520
18	50733996	50734237	24565
18	50741881	50742002	4129
18	50831897	50832138	16990
18	50848380	50848537	9838
18	50866058	50866299	46775
18	50912399	50912520	3463
18	50918015	50918267	17222
18	50923625	50923866	20327
18	50929130	50929273	10228
18	50936797	50937038	30808
18	50942448	50942569	11431
18	50961485	50961606	6551
18	50976829	50977070	40844
18	50985563	50985838	14575
18	50994200	50994441	24733
18	51013126	51013367	27570
18	51025652	51025893	31785
18	51052936	51053177	18502
18	51056701	51056801	18756
18	51056917	51057038	10166
18	51057073	51057174	6023
18	51057462	51057563	4525
18	51057722	51057822	9951
18	51612941	51613041	846
18	51681199	51681328	12008
18	51681356	51681457	10128
18	51686088	51686329	23628
18	51690860	51691101	16540
18	51692432	51692553	8454
18	51694053	51694153	6943
18	51714042	51714142	8272
18	51715191	51715391	43403
18	51729247	51729488	9784
18	51731326	51731567	17987
18	51748596	51748837	22581
18	51750355	51751150	4738
18	51795852	51796093	9434
18	51797671	51797912	20080
18	51800256	51800497	29272
18	51804027	51804268	27865
18	51806973	51807307	28887
18	51809174	51809415	12325
18	51810276	51810397	10220
18	51813594	51813835	17606
18	51818184	51818425	16155
18	51820006	51820847	40536
18	51851032	51851273	33119
18	51855672	51855823	11599
18	51858049	51858290	26750
18	51863436	51863677	21381
18	51880387	51880515	6768
18	51880837	51880958	11799
18	51886902	51887263	61998
18	51887984	51888826	56463
18	51889094	51889335	16145
18	51892048	51892201	10942
18	51898750	51899021	20508
18	51900565	51900686	12709
18	51904518	51904639	6495
18	52255037	52255138	4061
18	52258381	52258622	23997
18	52262130	52262371	15907
18	52265028	52265389	27034
18	52304493	52304594	9336
18	52305341	52305442	3337
18	52544771	52545012	23739
18	52546581	52546702	10874
18	52551537	52551677	10339
18	52555166	52555407	14348
18	52556428	52556669	17014
18	52571526	52571677	8464
18	52574963	52575114	6179
18	52585124	52585245	3619
18	52586492	52586617	4343
18	52596010	52596131	22196
18	52602000	52602234	11792
18	52603975	52604246	45157
18	52605136	52605377	11177
18	52608209	52608330	12455
18	52609842	52610083	35923
18	52889770	52889871	7623
18	52889971	52890163	11265
18	52890644	52890774	11693
18	52890889	52891025	4892
18	52891091	52891410	4099
18	52891447	52891646	8074
18	52891655	52891784	6801
18	52891869	52891970	2889
18	52891988	52892089	3487
18	52892434	52892627	11681
18	52892640	52892857	17554
18	52893050	52893219	6620
18	52893275	52893521	18343
18	52893717	52893948	17533
18	52894020	52894363	19968
18	52894400	52894617	5137
18	52894673	52894774	6729
18	52894798	52895241	20778
18	52895402	52895643	17084
18	52896068	52896317	31902
18	52899699	52899940	33310
18	52901695	52901966	30662
18	52921708	52921949	19968
18	52924522	52924643	6663
18	52927157	52927278	4135
18	52928639	52928790	6881
18	52937006	52937247	31483
18	52942795	52943036	23721
18	52946772	52946905	12573
18	52969630	52969731	31578
18	52988146	52988247	5706
18	52988884	52988985	6022
18	53006316	53006416	4815
18	53017553	53017674	7023
18	53018058	53018289	19089
18	53018989	53019090	13627
18	53068964	53069103	12719
18	53070625	53070776	12435
18	53070848	53070948	5429
18	53109254	53109354	5765
18	53123284	53123384	5757
18	53128236	53128357	9036
18	53131246	53131397	19150
18	53158678	53158779	10162
18	53177768	53177869	9067
18	53252455	53252606	3877
18	53253341	53253527	22100
18	53254250	53254443	10905
18	53257032	53257131	1517
18	53298519	53298701	7034
18	53302840	53303150	17725
18	53696061	53696269	21567
18	53723126	53723295	2981
18	53727310	53727431	15028
18	54270011	54270112	9077
18	54270161	54270332	24157
18	54278205	54278338	7718
18	54281619	54281860	17501
18	54283449	54283570	8690
18	54285174	54285415	18296
18	54291484	54291725	26389
18	54293548	54293699	7689
18	54305561	54305682	10982
18	54339704	54339945	13154
18	54346553	54346679	15897
18	54348521	54348642	10631
18	54349875	54350116	26742
18	54353133	54353284	15798
18	54354024	54354265	37326
18	54358368	54358639	13771
18	54358935	54359058	7357
18	54361799	54362040	16639
18	54362135	54362484	35064
18	54363461	54363703	40271
18	54385171	54385412	28758
18	54398569	54398840	30653
18	54423804	54424618	72788
18	54426078	54426199	6973
18	54444000	54444121	12387
18	54446599	54446840	16605
18	54448704	54448945	11999
18	54483252	54483385	4708
18	54547164	54547406	10462
18	54591124	54591365	41416
18	54602926	54603197	21975
18	54605717	54605958	11146
18	54606521	54606642	10638
18	54629649	54629770	6206
18	54687966	54688090	15191
18	54694185	54694456	17179
18	54694877	54694998	11028
18	54696067	54696168	12229
18	54814543	54815062	66215
18	55019983	55020286	16920
18	55021542	55021804	23665
18	55024121	55024722	39999
18	55027185	55027546	34163
18	55027596	55027799	28079
18	55028729	55028830	14775
18	55028871	55028971	13464
18	55031962	55032063	4726
18	55033589	55033690	2996
18	55034654	55034755	3097
18	55035079	55035180	5955
18	55102933	55104200	66013
18	55105297	55105437	16135
18	55111583	55111683	4928
18	55134371	55134472	9648
18	55141093	55141194	4647
18	55143600	55143991	28429
18	55144024	55144124	8937
18	55144477	55144578	19182
18	55144638	55144776	15399
18	55144783	55144884	12104
18	55145181	55145398	13237
18	55145579	55145679	4863
18	55145724	55145825	4464
18	55145883	55146041	6483
18	55146230	55146331	6538
18	55146358	55146544	5378
18	55146685	55146786	10936
18	55146821	55146922	8703
18	55150243	55150380	8910
18	55150468	55150569	6709
18	55150859	55150959	6523
18	55151126	55151227	9980
18	55151259	55151359	7871
18	55151382	55151593	9688
18	55151600	55151730	7582
18	55153342	55153914	66446
18	55153926	55154044	17481
18	55154082	55154183	15805
18	55154227	55154365	17418
18	55155389	55155490	4229
18	55155694	55155795	7554
18	55155839	55155940	6367
18	55158157	55158311	21385
18	55158326	55158495	28127
18	55217859	55218130	21049
18	55218515	55218636	7352
18	55221422	55221693	27137
18	55222067	55222194	7778
18	55226364	55226485	7229
18	55230067	55230222	15881
18	55233624	55233865	36637
18	55238576	55238817	25135
18	55240416	55240657	18858
18	55247237	55247478	19257
18	55253757	55253878	548
18	55268828	55269069	11396
18	55269531	55269772	9073
18	55269988	55270229	9935
18	55273079	55273212	3620
18	55273764	55274035	18907
18	55274314	55274585	27097
18	55274665	55274907	11642
18	55276540	55276691	7897
18	55278842	55278963	7522
18	55280781	55280932	11182
18	55282856	55282977	12260
18	55283006	55283247	26262
18	55287780	55287901	22526
18	55288853	55289004	9323
18	55313681	55313846	9235
18	55313904	55314048	11747
18	55314876	55314976	8111
18	55315680	55315954	5013
18	55317542	55317783	20721
18	55319213	55319454	9042
18	55319657	55320018	21240
18	55321204	55321325	9474
18	55322416	55322659	29839
18	55328368	55328729	36095
18	55329659	55329900	7407
18	55334300	55334421	4881
18	55335651	55335782	10234
18	55336480	55336751	20328
18	55338690	55338822	20111
18	55342038	55342279	35932
18	55351224	55351465	8347
18	55352264	55352385	23079
18	55355513	55355754	32547
18	55359012	55359253	17358
18	55361796	55361917	7858
18	55362330	55362601	29101
18	55362631	55362782	13544
18	55364793	55364944	4688
18	55365001	55365122	8441
18	55368240	55368361	12788
18	55368434	55368555	14418
18	55371777	55371910	13126
18	55373679	55373830	13252
18	55398827	55399068	48277
18	55685990	55686232	26736
18	55711855	55711976	1822
18	55816729	55816829	14136
18	55818613	55818714	19144
18	55832915	55833116	28674
18	55862663	55863024	24166
18	55912638	55912759	7499
18	55916088	55916209	8093
18	55919198	55919319	12722
18	55922056	55922156	20099
18	55922872	55924006	47302
18	55983177	55983298	12210
18	55989626	55989747	14715
18	55990393	55990634	22403
18	55992189	55992430	18485
18	55996171	55996412	7925
18	55997936	55998177	56327
18	56001025	56001146	11230
18	56002678	56002799	8261
18	56008214	56008455	14428
18	56008848	56009089	32168
18	56010115	56010356	26724
18	56016746	56016867	10906
18	56018188	56018309	17915
18	56018354	56018454	13767
18	56024393	56024562	27050
18	56031471	56031592	7097
18	56033164	56033525	35613
18	56034917	56035158	37325
18	56037602	56037723	5643
18	56040392	56040513	6919
18	56050453	56050574	11581
18	56052726	56052847	17279
18	56054639	56054760	11228
18	56056249	56056490	21701
18	56057864	56057985	11006
18	56058693	56058814	4234
18	56063328	56063601	30785
18	56063797	56063912	11816
18	56064102	56064237	5770
18	56064499	56064599	7881
18	56064990	56065091	7978
18	56118281	56118415	7988
18	56149011	56149282	21308
18	56165243	56165364	20167
18	56171120	56171391	12146
18	56182207	56182328	6644
18	56184095	56184456	39043
18	56190994	56191350	37900
18	56196240	56196516	15004
18	56202019	56205500	387612
18	56246011	56247812	268003
18	56274491	56274732	13773
18	56278883	56279039	6874
18	56338858	56339099	395
18	56348363	56348604	34318
18	56363588	56363778	18903
18	56367626	56367864	12642
18	56376577	56376818	13786
18	56377194	56377315	5714
18	56378107	56378228	6029
18	56381266	56381387	4593
18	56383091	56383242	6972
18	56390260	56390501	20906
18	56400596	56400837	22009
18	56401514	56401635	11981
18	56402424	56402619	13675
18	56409050	56409291	17917
18	56411527	56411768	35612
18	56412809	56413080	16452
18	56414584	56415095	39235
18	56532716	56532837	6434
18	56585491	56587892	164174
18	56601634	56601875	15035
18	56606643	56606884	15158
18	56615258	56615499	16334
18	56620709	56621054	18842
18	56646251	56646409	5124
18	56648624	56648895	36126
18	56651149	56651806	57907
18	56651823	56652051	7821
18	56652652	56652753	5316
18	56652861	56653206	14834
18	56653405	56653536	25464
18	56653606	56653707	9582
18	56807162	56807283	2235
18	56816735	56816864	23005
18	56819691	56819962	35824
18	56822858	56823099	6136
18	56824807	56824928	14927
18	56825829	56825950	16170
18	56887445	56887686	10954
18	56892663	56893024	23492
18	56897606	56897727	5576
18	56936192	56936790	9393
18	56939538	56939899	42378
18	56940036	56940483	2932
18	56963892	56964167	25621
18	56979869	56980020	15668
18	56985489	56985730	14780
18	56997457	56997558	10620
18	56997751	56997852	4566
18	56998108	56998209	7247
18	56998281	56998402	6946
18	56998589	56998830	16748
18	57000278	57000519	14184
18	57005762	57005883	6836
18	57005937	57006208	22441
18	57013065	57013336	23219
18	57014712	57014833	652
18	57016285	57016526	17243
18	57020422	57020543	20239
18	57021720	57021841	6707
18	57022535	57022662	7069
18	57022691	57022932	29023
18	57026218	57026489	37436
18	57103105	57103383	45786
18	57105299	57105420	7937
18	57106701	57107098	11657
18	57115153	57115394	27785
18	57122071	57122295	23411
18	57133937	57134166	12055
18	57136620	57136891	28720
18	57147382	57147503	4291
18	57150956	57151057	1004
18	57360547	57360648	5047
18	57363839	57363960	6768
18	57364387	57364628	4150
18	57416899	57417106	2837
18	57567377	57567498	2237
18	57567613	57567854	25157
18	57569840	57570099	11678
18	57570483	57570584	4746
18	57636895	57637016	1854
18	57637179	57637300	14992
18	57637709	57637830	13696
18	57638189	57638310	27647
18	57638546	57638667	7749
18	57816807	57817065	7524
18	57817108	57817558	19537
18	57863772	57863893	14600
18	58038541	58040009	185156
18	59157728	59158089	11962
18	59166384	59166745	29260
18	59167524	59167795	31958
18	59170118	59170389	22698
18	59174578	59174819	32099
18	59195115	59195506	36023
18	59203672	59203913	28049
18	59206196	59206437	23393
18	59212197	59212438	59828
18	59217155	59217516	38622
18	59221374	59221975	78043
18	59222024	59222124	6008
18	59482279	59482380	8785
18	59483003	59483832	78644
18	59713029	59713270	19749
18	59739870	59740011	11350
18	59741971	59742092	4162
18	59749881	59750002	2598
18	59751740	59751861	4964
18	59752408	59752529	8302
18	59755970	59756091	4455
18	59757638	59757879	11570
18	59763010	59763244	7451
18	59768240	59768476	7525
18	59769959	59770200	15006
18	59772760	59772881	2883
18	59774006	59774127	2711
18	59774207	59774328	4339
18	59777015	59777256	10604
18	59780336	59780577	11526
18	59781771	59781892	10490
18	59783955	59784056	6717
18	59805441	59805563	11822
18	59806200	59806321	4359
18	59807621	59807742	4591
18	59810497	59810618	8109
18	59813078	59813319	16839
18	59814147	59814388	19760
18	59815387	59815628	26623
18	59821709	59821950	10785
18	59824349	59824470	5108
18	59824859	59825100	13207
18	59828294	59828655	16261
18	59854670	59855301	129284
18	59878371	59878492	11540
18	59888244	59888365	5260
18	59888418	59888539	6757
18	59888582	59888740	17082
18	59894502	59894743	23270
18	59894785	59894936	17869
18	59895503	59895864	20757
18	59898403	59898615	10140
18	59899551	59899672	16699
18	59899745	59899845	11175
18	59906502	59906602	8447
18	59911987	59912119	32979
18	59916047	59916205	9963
18	59916756	59916857	11863
18	59919880	59920001	7490
18	59922614	59922735	4444
18	59925129	59925370	9520
18	59925705	59925946	17105
18	59928696	59928937	11147
18	59931178	59931419	50382
18	59931902	59932143	14313
18	59933866	59934017	14391
18	59936091	59936220	5995
18	59941203	59941329	11385
18	59942595	59942802	17504
18	59946986	59947107	11224
18	59947572	59947693	13611
18	59947849	59947970	10147
18	59949486	59949727	24136
18	59954520	59954761	20547
18	59958758	59958879	16243
18	59965996	59966117	8754
18	59972613	59973441	55833
18	59973931	59974031	11622
18	59974127	59974228	7093
18	59992510	59992778	126
18	60015350	60015501	13367
18	60017011	60017227	28899
18	60021574	60021815	5257
18	60025466	60025587	8877
18	60027143	60027294	13458
18	60028878	60029036	21495
18	60033875	60034026	9977
18	60035904	60036745	59525
18	60051944	60052305	10552
18	60190647	60191665	20475
18	60206848	60207089	24860
18	60209707	60209828	5699
18	60212009	60212130	6502
18	60217515	60217756	13819
18	60223421	60223542	10917
18	60225900	60226021	4170
18	60227787	60227908	14625
18	60230188	60230429	25472
18	60231774	60231895	8495
18	60232220	60232341	3047
18	60237278	60237519	13343
18	60241255	60242816	155433
18	60243717	60243838	12113
18	60243875	60243995	12855
18	60244070	60244216	19398
18	60244387	60244488	3968
18	60244853	60245125	27152
18	60245253	60245354	6983
18	60245386	60245487	3449
18	60245597	60245844	21681
18	60382864	60384532	16366
18	60491377	60491477	1646
18	60493423	60493544	5014
18	60497227	60497474	18942
18	60505958	60506199	15036
18	60527629	60527870	13782
18	60562195	60562436	29439
18	60562947	60563308	30705
18	60570176	60570417	31523
18	60572425	60572546	8838
18	60582132	60582253	11761
18	60587148	60587389	31250
18	60608929	60609170	29043
18	60612301	60612542	14773
18	60625805	60626046	39668
18	60630531	60630772	38806
18	60639722	60639963	35935
18	60642562	60642888	32665
18	60645473	60646790	116570
18	60646833	60646978	12185
18	60647135	60647309	10644
18	60647497	60647689	8762
18	60791884	60791985	7137
18	60792058	60792159	6382
18	60793236	60793507	22521
18	60793985	60794194	3003
18	60795084	60795201	5556
18	60795494	60795595	4211
18	60795598	60795698	2465
18	60795746	60796044	13068
18	60806932	60807033	13757
18	60983245	60983346	5592
18	60985281	60986186	44033
18	60998171	60998272	4049
18	60998773	60998873	6816
18	60998912	60999194	18889
18	61002479	61002601	5088
18	61006013	61006134	11356
18	61011623	61011744	11547
18	61018065	61018336	15884
18	61022423	61022544	6862
18	61022702	61022823	10186
18	61026935	61027056	8448
18	61029995	61030116	3819
18	61034233	61034361	7703
18	61056601	61056701	5387
18	61056726	61056827	6126
18	61056838	61056993	12643
18	61057187	61057288	4818
18	61057697	61057844	16566
18	61058197	61058319	9632
18	61060590	61060831	10629
18	61064218	61064496	17276
18	61066424	61066575	9941
18	61067266	61067474	14061
18	61067736	61067977	11907
18	61070878	61071119	14887
18	61074637	61074758	15821
18	61077479	61077720	19983
18	61078690	61078821	11560
18	61083401	61083502	14722
18	61089417	61089538	3622
18	61151624	61151865	20321
18	61154126	61154367	17751
18	61156517	61156758	10445
18	61160135	61160457	31528
18	61166315	61166556	16056
18	61170517	61170998	37397
18	61171020	61171121	6390
18	61171292	61171393	7569
18	61223355	61223596	20245
18	61225530	61225771	18783
18	61226759	61227000	34570
18	61228255	61228496	22825
18	61231160	61231401	13328
18	61232610	61232881	16596
18	61233770	61234311	26349
18	61254283	61254404	10693
18	61254603	61254724	19993
18	61255862	61256103	24674
18	61256858	61257009	13461
18	61259524	61259765	24474
18	61260025	61260230	12877
18	61261223	61261324	6681
18	61261390	61261490	7143
18	61261538	61261779	18613
18	61262219	61262460	20098
18	61264153	61264634	26140
18	61271130	61271252	8187
18	61304913	61305394	77703
18	61306375	61306616	24157
18	61306817	61307058	20098
18	61308045	61308286	35801
18	61308936	61309177	32026
18	61310361	61310482	14372
18	61310607	61310848	62410
18	61311396	61311496	24563
18	61322851	61323332	70611
18	61324021	61324262	31031
18	61324494	61324694	14292
18	61325684	61325925	30874
18	61326545	61326816	27958
18	61327982	61328121	17007
18	61328246	61328487	63443
18	61329033	61329133	23413
18	61377390	61377631	16269
18	61378537	61378658	2892
18	61379741	61379982	27798
18	61383266	61383387	6967
18	61387196	61387437	9192
18	61388021	61388262	25780
18	61390189	61390670	34751
18	61393541	61393642	9426
18	61441046	61441147	8646
18	61444976	61445076	7070
18	61449569	61449810	27961
18	61459590	61459711	14112
18	61460331	61460572	17079
18	61463437	61463678	17075
18	61465807	61466028	13056
18	61468051	61468292	15154
18	61471428	61471909	31822
18	61558611	61558882	25724
18	61562436	61562671	39495
18	61564267	61564508	17195
18	61564898	61565169	21840
18	61568923	61569164	22520
18	61569568	61569839	35887
18	61570125	61570662	38899
18	61575183	61575307	13507
18	61582707	61582948	13613
18	61584661	61584782	9270
18	61585146	61585387	15730
18	61586959	61587200	23012
18	61597228	61597469	15769
18	61600238	61600479	16665
18	61602032	61602513	32936
18	61620597	61620785	7683
18	61621595	61621836	9428
18	61627369	61627610	29510
18	61637235	61637414	10119
18	61638639	61638746	10228
18	61645505	61645746	38997
18	61646982	61647223	11995
18	61648892	61649133	26848
18	61650762	61651003	15079
18	61652281	61652522	20231
18	61653404	61653555	12433
18	61654038	61654549	47168
18	61747526	61747646	9948
18	61765048	61765289	9502
18	61765766	61765887	10339
18	63430062	63430303	23886
18	63476905	63477266	28288
18	63481659	63481900	19432
18	63489279	63489520	14735
18	63491852	63492093	16818
18	63510993	63511354	48421
18	63524998	63525239	27357
18	63526100	63526341	10967
18	63526881	63527122	18256
18	63529846	63530207	29068
18	63547552	63548175	38920
18	64171992	64172593	38219
18	64176176	64176537	36607
18	64178742	64178983	16519
18	64197031	64197213	10144
18	64199898	64199998	4386
18	64202162	64202403	20424
18	64211152	64211514	36684
18	64211926	64212167	13323
18	64218291	64218532	18791
18	64221550	64221821	15262
18	64235618	64235979	40334
18	64239222	64239463	18974
18	64320576	64320748	22054
18	65177031	65177131	7276
18	65177170	65177270	4721
18	65177772	65177873	9410
18	65177980	65178081	8237
18	65178131	65182730	338548
18	66344118	66344479	48203
18	66346672	66346793	3647
18	66348161	66348402	16907
18	66350128	66350249	8268
18	66351392	66351513	5847
18	66351632	66351753	5663
18	66354891	66355012	4787
18	66358503	66358624	10503
18	66364440	66364561	8286
18	66365157	66365278	4812
18	66367612	66367733	12028
18	66368943	66369064	5007
18	66377198	66377439	9880
18	66378559	66378680	8214
18	66381059	66381192	6259
18	66382134	66382255	8503
18	66503942	66504663	34548
18	66505901	66506276	26026
18	66513540	66513668	3153
18	66541842	66542083	19573
18	66564439	66564710	17541
18	66564759	66564880	14453
18	66678104	66678375	14003
18	66721257	66721384	5524
18	67068343	67068573	21455
18	67231713	67231840	4862
18	67266555	67266796	27265
18	67344908	67345130	33789
18	67365613	67365854	17840
18	67406118	67406389	28132
18	67424929	67425170	15963
18	67508428	67508760	23036
18	67508779	67508937	11589
18	67531491	67531732	18017
18	67534558	67534679	12891
18	67540369	67540492	3013
18	67562897	67563291	34127
18	67613956	67614317	25353
18	67614558	67614679	11933
18	67671368	67671489	8413
18	67672407	67672528	9214
18	67673577	67673730	5738
18	67684595	67684956	29371
18	67687800	67688071	15742
18	67691899	67692140	9657
18	67695937	67696058	12294
18	67697235	67697356	13160
18	67698102	67698227	11809
18	67715194	67715435	20447
18	67718594	67718835	7625
18	67721322	67721563	14327
18	67724961	67725082	6524
18	67727030	67727301	16148
18	67733020	67733171	11104
18	67741094	67741245	9861
18	67742561	67742802	13389
18	67753808	67753934	9859
18	67755152	67755423	12765
18	67759336	67759466	5166
18	67759854	67760095	19197
18	67776722	67776963	11851
18	67781636	67781877	10320
18	67788733	67788946	21593
18	67794646	67795037	36593
18	67795566	67795807	18207
18	67801681	67801802	2066
18	67802406	67802527	4501
18	67806772	67807013	8098
18	67807318	67807439	9147
18	67809512	67809633	3877
18	67812812	67813053	27072
18	67816083	67816324	18056
18	67817143	67817384	11735
18	67817785	67817979	13701
18	67833239	67833480	13518
18	67834119	67834277	7462
18	67836045	67836313	20197
18	67843874	67844115	15666
18	67855280	67855521	8897
18	67857743	67857984	14659
18	67860455	67860726	22453
18	67863659	67863930	31064
18	67864795	67865036	18902
18	67866633	67866754	16774
18	67869113	67869234	15734
18	67871259	67871530	12700
18	67872306	67872577	19521
18	67872787	67872938	19900
18	67991837	67997437	499593
18	70203926	70204083	27713
18	70204761	70204862	7924
18	70204889	70204990	5297
18	70205132	70205233	5874
18	70205358	70205629	15387
18	70205826	70206067	12138
18	70208994	70209405	74898
18	70211674	70211774	380
18	70415332	70415432	4874
18	70416231	70416352	16206
18	70417244	70417875	94050
18	70423259	70423392	4378
18	70450903	70451151	24230
18	70461294	70461678	26209
18	70502439	70502611	14141
18	70526003	70526364	24208
18	70531960	70532231	35773
18	70532388	70532509	8014
18	70532758	70532992	5724
18	70534451	70534572	1950
18	70534756	70534856	0
18	71442013	71442134	3690
18	71740649	71741010	30060
18	71749102	71749343	19454
18	71790522	71790793	12784
18	71791703	71791824	1758
18	71793151	71793392	24233
18	71796593	71796864	23242
18	71797590	71797951	35450
18	71802957	71803110	2895
18	71807436	71807548	2843
18	71814904	71815021	2840
18	71815982	71816373	27430
18	71822319	71822470	21912
18	71822528	71822649	20483
18	71825224	71825345	12715
18	71825396	71825521	18042
18	71825601	71825752	10626
18	71920575	71920676	6845
18	71920690	71920790	9012
18	71920798	71920919	6688
18	71922931	71923052	3916
18	71923992	71924143	3269
18	71927923	71928044	7586
18	71928103	71928224	5829
18	71930496	71930767	16411
18	71958924	71959165	35097
18	71985046	71985287	17882
18	71987725	71987846	20522
18	71989899	71990020	13843
18	71995116	71995349	18967
18	71996189	71996310	11758
18	71998077	71998198	6963
18	72005883	72006124	24308
18	72009253	72009374	4016
18	72009457	72009578	5663
18	72010724	72010965	14812
18	72020464	72021531	48423
18	72021658	72021779	4146
18	72023668	72023768	7956
18	72103723	72103964	12323
18	72109107	72109378	20693
18	72113818	72114539	37906
18	72124234	72124504	169
18	72167177	72167298	10558
18	72168514	72168755	21882
18	72173043	72173284	14607
18	72176057	72176181	13681
18	72178026	72178267	35167
18	72179663	72179784	16236
18	72180752	72180993	14193
18	72183423	72183664	16810
18	72185653	72185924	25304
18	72186136	72186377	11956
18	72187207	72187328	12251
18	72187386	72187493	7635
18	72201853	72201974	13438
18	72223515	72223756	20333
18	72226511	72226752	25307
18	72228020	72228291	23961
18	72229264	72229385	5619
18	72234446	72234687	16161
18	72238371	72238522	13905
18	72244032	72244303	34411
18	72245358	72245599	18601
18	72247285	72247556	16803
18	72250749	72250990	36505
18	72251703	72251824	8736
18	72264459	72264820	43465
18	72265043	72265173	14302
18	72342917	72347718	296944
18	72352899	72353140	27022
18	72493359	72493480	9972
18	72515851	72516092	24951
18	72531128	72531520	41433
18	72587433	72587533	5105
18	72589114	72589355	11696
18	72592964	72593093	3081
18	72601812	72602053	29040
18	72632437	72632678	17812
18	72637875	72637976	11107
18	72769713	72769912	18199
18	72775043	72776484	138460
18	72776948	72777049	3107
18	72910926	72911027	10181
18	72911132	72911233	8013
18	72911659	72911941	38916
18	72913351	72914312	61551
18	72920787	72921028	12791
18	72996111	72996211	16127
18	72997402	73001915	314535
18	73121982	73122133	17779
18	73122212	73122313	13947
18	73122750	73122901	6174
18	73130715	73130925	25905
18	73139332	73139573	25032
18	74074421	74074542	25424
18	74082455	74082576	10079
18	74083352	74083593	109201
18	74090753	74092314	146119
18	74153144	74155065	127630
18	74207099	74207214	0
18	74207642	74207763	4523
18	74208191	74208552	36547
18	74402141	74402533	22218
18	74536276	74536397	18506
18	74561431	74561672	19682
18	74563691	74563932	25959
18	74580578	74580849	19429
18	74583597	74583812	12351
18	74587382	74587653	25296
18	74589885	74590156	18257
18	74592049	74592290	35801
18	74593230	74593478	9406
18	74606893	74607284	22548
18	74610955	74611196	14965
18	74616285	74616526	13022
18	74617059	74617420	25268
18	74620191	74620582	15689
18	74621983	74622135	16386
18	74622570	74622811	14450
18	74624190	74624313	6793
18	74625657	74625886	19927
18	74627557	74627828	30452
18	74631691	74632052	13700
18	74635017	74635140	10406
18	74637056	74637567	34029
18	74638944	74639532	30667
18	74639851	74640092	25047
18	74647915	74648036	6884
18	74648269	74648390	10674
18	74649084	74649325	23023
18	74659391	74659662	25757
18	74667918	74668159	10857
18	74671556	74671827	43660
18	74672571	74672842	13333
18	74680111	74680352	20367
18	74681001	74681102	6633
18	74681271	74681372	5962
18	74681537	74681699	13508
18	74681770	74681871	6382
18	74682011	74682112	8556
18	74682145	74682245	9030
18	74682325	74682549	26283
18	74692313	74692464	6056
18	74696669	74696910	19499
18	74697101	74697222	9093
18	74700188	74700526	32395
18	74700759	74700915	10450
18	74701902	74702026	13748
18	74721782	74721903	19247
18	74728310	74728410	1065
18	74728755	74729236	51352
18	74778236	74778357	13560
18	74778468	74778589	18534
18	74779718	74779839	18520
18	74780894	74781015	12508
18	74817130	74817251	13567
18	74962476	74963197	70710
18	74968085	74968206	6783
18	74980531	74980879	11584
18	76740265	76740387	0
18	76751659	76751759	7016
18	76752062	76755520	134885
18	76756865	76757346	29418
18	76757890	76757991	17635
18	76758002	76758103	11552
18	76829348	76829589	400
18	76856441	76856682	38580
18	76870308	76870549	19336
18	76873231	76873364	11404
18	76886257	76886385	8656
18	76903769	76903890	10150
18	76914468	76914589	11835
18	76936798	76936919	6275
18	76953161	76953282	17082
18	76966913	76967034	18086
18	76973938	76974059	7339
18	77013339	77013580	24016
18	77036973	77037244	53120
18	77063594	77063726	3754
18	77066928	77067289	27912
18	77089100	77089341	21517
18	77089996	77090117	18939
18	77096608	77096729	2868
18	77097212	77097483	17993
18	77102225	77102376	12331
18	77104248	77104369	8541
18	77105378	77105619	34781
18	77105745	77105866	16633
18	77107696	77107967	21526
18	77108102	77108223	18521
18	77119344	77119528	18120
18	77132500	77132741	22632
18	77132762	77132913	11443
18	77133878	77134119	23685
18	77135348	77135469	14175
18	77137193	77137434	14013
18	77156182	77156361	677
18	77160375	77160496	394
18	77170034	77170170	21504
18	77170320	77171513	71451
18	77193507	77193778	40292
18	77208731	77209002	29640
18	77210888	77211159	21695
18	77211594	77211865	33534
18	77221277	77221398	21420
18	77227364	77227642	47729
18	77246201	77246952	14754
18	77254170	77254946	60611
18	77256094	77256194	9816
18	77287489	77287642	6073
18	77287878	77287979	4607
18	77288885	77288985	6320
18	77439923	77440284	53
18	77455205	77455326	14193
18	77455932	77456083	11642
18	77457772	77458043	31728
18	77464720	77464961	30545
18	77470299	77470450	13932
18	77472933	77473174	21270
18	77474446	77475549	65038
18	77477454	77477725	26033
18	77477761	77478032	47699
18	77488836	77489107	21296
18	77496316	77496557	11368
18	77498875	77498996	24507
18	77513569	77513840	29665
18	77513867	77514075	12055
18	77514380	77514481	5541
18	77623564	77624301	3631
18	77659006	77659847	40973
18	77663928	77664199	32897
18	77679140	77679411	41096
18	77693934	77694055	5133
18	77703244	77703515	23913
18	77703521	77704122	91156
18	77710673	77710944	8765
18	77724710	77724811	274
18	77726594	77726705	6294
18	77728085	77728186	4401
18	77730395	77730495	8129
18	77733619	77733890	18312
18	77736716	77736837	7698
18	77737558	77737711	13368
18	77748194	77748435	39694
18	77794423	77794694	6453
18	77796627	77796748	5748
18	77797266	77797537	19098
18	77798469	77798627	9952
18	77802115	77802236	9270
18	77804171	77804298	18414
18	77805723	77806204	46943
18	77875416	77875543	5580
18	77890969	77891090	3863
18	77893472	77896713	250035
18	77896888	77896988	8757
18	77897419	77897555	9501
18	77898163	77898264	7843
18	77906039	77906139	8654
18	77915761	77915862	705
18	77917276	77917377	2917
18	77917644	77918499	60852
18	77920392	77920492	4639
18	77926701	77926821	10618
18	77926901	77927020	8111
18	77933741	77933841	10805
18	77935940	77936041	8754
18	77940968	77941069	3280
18	77960582	77960825	21879
18	78005145	78005275	9101
