15	20083741	20083983	21577
15	20084060	20084290	34190
15	20086385	20086627	15152
15	20087477	20087718	35848
15	20090202	20090346	4112
15	20092964	20093085	9483
15	20169885	20170246	49438
15	20170270	20170391	15214
15	20178006	20178127	15630
15	20178387	20178508	15310
15	20217932	20218053	22260
15	20278993	20279384	79505
15	20315921	20316042	12471
15	20316678	20316888	26591
15	20317576	20317697	8293
15	20327303	20327422	52896
15	20328098	20328220	58209
15	20359830	20359971	30151
15	20362642	20363158	156653
15	20363337	20363458	41053
15	20364243	20364469	33395
15	20365384	20365484	24563
15	20365903	20366079	20238
15	20370385	20370486	9333
15	20433869	20434130	35442
15	20444654	20444852	31350
15	20445948	20446095	12860
15	20448087	20448211	12758
15	20450132	20450459	42034
15	20453917	20454097	15108
15	20456629	20456786	24059
15	20457168	20457383	34697
15	20462537	20462704	12167
15	20467084	20467184	9684
15	20487542	20487643	1362
15	20488739	20488950	21770
15	20489316	20489495	21748
15	20490497	20490598	27795
15	20495253	20495466	68802
15	20496591	20496691	9461
15	20535838	20535960	49841
15	20536637	20536759	30757
15	20588525	20588766	10983
15	20613905	20614005	3023
15	20635426	20635527	13126
15	20636295	20636536	37272
15	20641052	20641293	61001
15	20642494	20642735	43378
15	20643835	20644115	59243
15	20644156	20644397	49603
15	20644713	20644954	69076
15	20645689	20645931	66988
15	20648561	20648819	39520
15	20649454	20649696	68703
15	20651084	20651325	61633
15	20657595	20657836	67474
15	20658558	20658799	30774
15	20658822	20659298	80405
15	20659738	20659965	66678
15	20662534	20662775	94145
15	20662788	20663266	141274
15	20663471	20663713	88199
15	20666398	20666639	48048
15	20667550	20667707	25185
15	20668017	20668254	73396
15	20669289	20669389	25405
15	20671447	20671623	42612
15	20682123	20682244	39152
15	20688591	20688772	37170
15	20710618	20710739	25774
15	20721603	20721704	4666
15	20723881	20724108	35490
15	20724244	20724345	24215
15	20725690	20725863	27637
15	20733077	20733178	21225
15	20737959	20738401	158480
15	20738767	20738888	31938
15	20739389	20741038	821202
15	20741571	20741812	83433
15	20742061	20742183	17252
15	20743461	20743703	102634
15	20743717	20743838	28329
15	20743877	20743999	46151
15	20744993	20745235	67276
15	20746765	20747132	104940
15	20767760	20767881	61420
15	20769481	20769707	87218
15	20770227	20770327	30281
15	20770391	20770632	97769
15	20771384	20771505	30185
15	20771701	20771822	59715
15	20771855	20771976	56714
15	20771988	20772229	68781
15	20773169	20773303	45417
15	20773313	20773513	61695
15	20773666	20773787	21284
15	20774087	20774438	51172
15	20774637	20774765	37457
15	20775741	20775905	40257
15	20776078	20776228	44101
15	20776593	20776714	17186
15	20776955	20777171	33195
15	20777229	20777590	114388
15	20777596	20777838	75468
15	20777850	20778092	58406
15	20810831	20810983	25231
15	20811252	20811361	220
15	20812244	20812344	345
15	20812444	20812551	849
15	20812740	20812841	1930
15	20813203	20813459	4748
15	20813715	20813942	12660
15	20832063	20832184	20801
15	20832303	20832424	20629
15	20832840	20833942	134137
15	20862975	20863076	5389
15	20867276	20867397	12265
15	20874782	20874974	21817
15	20876441	20876641	17847
15	21008990	21009141	7617
15	21038111	21038211	30127
15	21040704	21040945	42867
15	21042513	21042754	34858
15	21051124	21051365	52530
15	21052334	21052456	41902
15	21053795	21053936	36321
15	21057878	21057999	10375
15	21059359	21059481	25842
15	21061912	21062153	15079
15	21063430	21063556	15414
15	21066336	21066577	52218
15	21066639	21066881	57162
15	21071159	21071650	146949
15	21119387	21119487	14312
15	21122018	21122126	15928
15	21127113	21127247	14433
15	21128490	21128591	3169
15	21129057	21129264	3949
15	21131905	21132006	955
15	21132048	21132149	1593
15	21134192	21134292	6045
15	21134511	21134707	9648
15	21136551	21136651	14645
15	21137106	21137229	8569
15	21137490	21137651	9868
15	21138009	21138354	27787
15	21139829	21139971	37067
15	21140110	21140211	5730
15	21140763	21140896	4339
15	21224655	21224776	14952
15	21236562	21236804	49492
15	21286182	21286573	73036
15	21321237	21321338	1836
15	21322498	21322658	13359
15	21323294	21323755	55892
15	21324192	21324469	19308
15	21324606	21324761	3799
15	21325192	21325293	1272
15	21325322	21325478	2691
15	21334710	21334832	47645
15	21366435	21366576	34291
15	21369249	21369765	92642
15	21369944	21370065	22545
15	21370943	21371076	33997
15	21902933	21903054	41442
15	21937942	21938063	3706
15	22013121	22013242	8515
15	22015773	22015894	5163
15	22049261	22049361	30349
15	22051856	22052097	40900
15	22053663	22053904	35092
15	22062278	22062519	18849
15	22063488	22063610	43279
15	22064949	22065090	37880
15	22069032	22069153	8362
15	22070513	22070635	23965
15	22073068	22073309	19457
15	22074587	22074709	17899
15	22077496	22077737	57328
15	22077799	22078041	53038
15	22082319	22082810	76321
15	22140236	22140357	14679
15	22148666	22148787	13492
15	22151026	22151149	34339
15	22297446	22297568	11601
15	22297686	22297808	9868
15	22298168	22298290	9724
15	22318954	22319614	23514
15	22332480	22333000	57312
15	22344917	22345278	49848
15	22368565	22369527	78399
15	22382463	22383433	72480
15	22413533	22414386	85417
15	22440294	22440846	22161
15	22448371	22448688	59738
15	22448746	22448846	18970
15	22466022	22466390	60925
15	22466409	22466533	26157
15	22472881	22473253	54635
15	22473269	22473390	18565
15	22482800	22483161	64533
15	22483199	22483320	12660
15	22489929	22490050	3902
15	22566800	22566920	6795
15	22566971	22567092	17150
15	22691010	22691131	53899
15	22705282	22705528	61795
15	22705540	22705782	50971
15	22705788	22706149	96879
15	22706208	22706424	42320
15	22706664	22706785	66577
15	22707150	22707300	66970
15	22707474	22707637	49948
15	22708613	22708741	34314
15	22708940	22709277	64882
15	22709568	22709731	27983
15	22709885	22710085	46416
15	22710095	22710229	43958
15	22711169	22711410	48173
15	22711422	22711543	10253
15	22711587	22711687	13828
15	22711893	22712014	27803
15	22712771	22713007	115308
15	22713072	22713172	31779
15	22713691	22713917	98760
15	22715519	22715640	10043
15	22736226	22736593	123749
15	22738123	22738365	93699
15	22739358	22739480	34678
15	22739519	22739640	61578
15	22739654	22739896	119006
15	22741175	22741297	53340
15	22741546	22741787	75500
15	22742325	22743704	847313
15	22743981	22744083	16815
15	22744205	22744326	31301
15	22744693	22745135	154777
15	22782195	22782345	8765
15	22833476	22833717	2255
15	22835851	22836002	6026
15	22836053	22836206	4098
15	22840200	22840351	6851
15	22841017	22841138	5617
15	22841964	22842235	4248
15	22845697	22845938	19822
15	22846816	22846967	13766
15	22848223	22848344	4808
15	22848816	22849177	23800
15	22850886	22851127	17196
15	22853670	22853911	9931
15	22854979	22855340	16610
15	22861714	22861955	8413
15	22862877	22863148	11285
15	22864156	22864397	15823
15	22866696	22866817	6792
15	22866834	22867075	10506
15	22867425	22867666	18606
15	22868782	22869023	7392
15	22869897	22870018	12813
15	22872387	22872547	12450
15	22873163	22873284	6834
15	22921548	22921716	7375
15	22925689	22926080	16630
15	22928076	22928227	9191
15	22928368	22928520	7125
15	22929653	22929924	14052
15	22933517	22933668	9884
15	22933690	22933931	9372
15	22935850	22935974	9015
15	22939129	22939280	8767
15	22940662	22940906	11472
15	22944979	22945220	4565
15	22946902	22947143	10926
15	22954141	22954412	12128
15	22955055	22955326	9124
15	22956038	22956634	44541
15	22958142	22958383	18219
15	22960749	22960900	5534
15	22962231	22962352	14452
15	22962430	22962558	5641
15	22963693	22963934	35334
15	22969141	22969382	15640
15	22980073	22980194	5807
15	22989977	22990248	10384
15	22991085	22991236	7859
15	22992938	22993172	9419
15	22997741	22997892	6440
15	22998409	22998530	6761
15	22999246	22999637	13033
15	23000048	23000289	28573
15	23002836	23003077	8099
15	23003160	23003261	1230
15	23006100	23006897	26441
15	23012237	23012478	13698
15	23014421	23014542	1539
15	23019766	23019887	6550
15	23021115	23021386	8734
15	23034206	23034320	1091
15	23043578	23043679	1870
15	23044188	23044289	3416
15	23044354	23044454	4680
15	23044689	23044789	10475
15	23044832	23044932	5241
15	23047169	23047270	3263
15	23048117	23048218	3522
15	23048783	23049384	26882
15	23052523	23052794	13717
15	23060798	23060919	4409
15	23062204	23062355	5459
15	23086224	23086441	2333
15	23098342	23098463	15356
15	23105271	23105392	9647
15	23105952	23106071	37332
15	23107175	23107276	11012
15	23108751	23108939	29256
15	23114062	23114163	7424
15	23114189	23114292	15524
15	23128394	23128515	11834
15	23130457	23130644	22038
15	23131798	23132047	20881
15	23138912	23139118	28704
15	23140290	23140430	8003
15	23142428	23142549	13647
15	23145814	23145934	23965
15	23155341	23155462	6894
15	23157832	23158196	54141
15	23194798	23194919	13516
15	23196227	23196348	38110
15	23198471	23198712	13769
15	23200198	23200416	12640
15	23200613	23200790	19404
15	23201488	23201684	29833
15	23205024	23205168	33782
15	23255302	23255423	42569
15	23256996	23257237	52071
15	23257855	23257976	16563
15	23258049	23258170	30907
15	23258300	23258422	41449
15	23259213	23259334	18823
15	23259345	23259586	35544
15	23259612	23259733	44657
15	23259745	23259986	84523
15	23260792	23260913	26200
15	23260936	23261136	42951
15	23261289	23261410	36075
15	23261709	23262568	192116
15	23263231	23263395	30158
15	23263568	23263718	27994
15	23264083	23264204	26566
15	23264503	23265065	82096
15	23265099	23265338	39860
15	23265345	23265588	59173
15	23285292	23285600	43939
15	23286534	23286754	46191
15	23287902	23288163	17222
15	23293216	23293316	26850
15	23293321	23293562	100314
15	23293581	23293748	48762
15	23295540	23295666	30412
15	23295763	23295963	70057
15	23299022	23299121	15210
15	23299627	23299868	63446
15	23299914	23300167	49808
15	23303754	23303995	66123
15	23308514	23308755	14929
15	23309957	23310197	48651
15	23311300	23311577	50377
15	23311618	23311859	56826
15	23312113	23312354	16439
15	23313088	23313330	27867
15	23315973	23316231	47859
15	23316866	23317108	67869
15	23318496	23318737	76852
15	23324998	23325239	88751
15	23325961	23326202	44622
15	23326225	23326701	63682
15	23327141	23327368	66711
15	23329934	23330175	32761
15	23330188	23330667	91044
15	23330872	23331114	95375
15	23333802	23334043	34677
15	23334954	23335111	23920
15	23335421	23335658	58398
15	23336693	23336793	25138
15	23338852	23339028	32532
15	23349563	23349684	42339
15	23356041	23356222	33575
15	23377384	23377519	31282
15	23388398	23388499	48213
15	23390674	23390901	32346
15	23391037	23391138	19370
15	23392484	23392657	20649
15	23399870	23399971	16423
15	23404732	23405174	97246
15	23405541	23405662	30548
15	23406163	23408142	700308
15	23408674	23408915	68750
15	23409164	23409286	38370
15	23410559	23410801	42490
15	23410815	23410936	53864
15	23410975	23411097	22884
15	23412090	23412332	50150
15	23413862	23414013	92237
15	23414089	23414211	30624
15	23435156	23435277	53990
15	23436879	23437105	82922
15	23437625	23437725	23523
15	23437789	23438030	18663
15	23438782	23438903	20014
15	23439110	23439210	55352
15	23439253	23439374	59489
15	23439386	23439627	72923
15	23440567	23440701	47638
15	23440711	23440911	64997
15	23441064	23441227	37643
15	23441485	23441836	95415
15	23442035	23442163	34297
15	23443139	23443303	43402
15	23443476	23443626	1761
15	23443991	23444112	41806
15	23444353	23444569	29687
15	23444627	23444988	54514
15	23444994	23445236	57769
15	23445248	23445490	45607
15	23445507	23445608	8525
15	23445724	23445824	16580
15	23445968	23446068	23118
15	23446725	23446890	4585
15	23448220	23448413	16963
15	23499467	23499588	22262
15	23499707	23499828	20360
15	23500482	23500603	5082
15	23500919	23501160	29869
15	23570537	23570979	163181
15	23571346	23571467	31284
15	23571590	23571692	17237
15	23571968	23573376	263516
15	23573909	23574150	80378
15	23574399	23574521	56207
15	23575799	23576041	103232
15	23576055	23576176	69190
15	23576215	23576337	43045
15	23577330	23577572	63901
15	23579102	23579253	75820
15	23579275	23579397	29104
15	23599955	23600076	47806
15	23601676	23601902	120098
15	23602422	23602522	35555
15	23602586	23602822	95587
15	23603576	23603697	30924
15	23603904	23604004	63037
15	23604047	23604168	57136
15	23604180	23604421	65186
15	23605360	23605494	37920
15	23605504	23605704	63384
15	23605857	23606020	42395
15	23606328	23606644	74393
15	23606843	23606971	38938
15	23607954	23608202	11138
15	23608288	23608438	54673
15	23608809	23608930	19026
15	23609229	23609469	44467
15	23609489	23609790	59005
15	23609824	23610063	39873
15	23610070	23610313	61927
15	23631361	23631461	5259
15	23684651	23685020	48188
15	23685496	23686917	299833
15	23687075	23687316	50450
15	23687564	23687686	28848
15	23688890	23689251	45068
15	23689272	23689393	22034
15	23689571	23689692	14574
15	23690399	23690640	9224
15	23692225	23692346	5998
15	23810910	23813168	164577
15	23820475	23820576	1860
15	23855726	23855827	1917
15	23889088	23892889	229797
15	23931254	23932478	52746
15	24921005	24928594	320466
15	25154453	25154574	7297
15	25200100	25200262	13899
15	25207217	25207368	5012
15	25213040	25213194	12229
15	25219492	25219661	18790
15	25220048	25220148	2737
15	25220459	25220700	15033
15	25221442	25221573	10274
15	25221978	25222219	11671
15	25222842	25223113	11451
15	25223251	25223632	12380
15	25225025	25225266	13043
15	25227086	25227237	2701
15	25230218	25230339	6119
15	25232045	25232166	4164
15	25277543	25277834	20375
15	25287092	25287213	13924
15	25296609	25296730	10586
15	25299342	25299463	10967
15	25301992	25302142	14027
15	25304671	25304792	13251
15	25307465	25307586	11508
15	25310159	25310280	12576
15	25312920	25313041	13526
15	25315564	25315686	13313
15	25318239	25318360	10920
15	25319250	25319371	3538
15	25321060	25321181	8153
15	25322182	25322303	6213
15	25324189	25324310	9009
15	25325273	25325394	12480
15	25326276	25326397	11526
15	25326418	25326539	15535
15	25327672	25328020	48456
15	25328487	25328840	41372
15	25330310	25330431	17902
15	25330516	25330637	12507
15	25331658	25331779	11623
15	25332793	25332914	12634
15	25333935	25334056	12442
15	25335054	25335175	13346
15	25336917	25337038	11429
15	25337107	25337524	50140
15	25339168	25339289	9476
15	25342794	25342915	7260
15	25344632	25344753	7634
15	25346676	25346827	4404
15	25349772	25349893	8974
15	25351617	25351768	7633
15	25415849	25415970	6800
15	25417761	25417882	7333
15	25420053	25420174	11963
15	25421957	25422079	8746
15	25423864	25423985	13221
15	25425623	25425744	8534
15	25427511	25427632	6359
15	25429432	25429553	5604
15	25430757	25430878	10428
15	25432661	25432782	12225
15	25434540	25434661	11441
15	25436542	25436663	14786
15	25438447	25438568	13635
15	25440046	25440167	9729
15	25442701	25442822	12198
15	25444574	25444695	8504
15	25446449	25446570	9559
15	25448353	25448474	10077
15	25449483	25449604	8559
15	25451388	25451509	12681
15	25453208	25453329	11468
15	25455044	25455165	11018
15	25456922	25457043	6768
15	25460667	25460788	6951
15	25463743	25463864	7828
15	25468372	25468493	5282
15	25470329	25470450	8346
15	25472235	25472356	5908
15	25474093	25474214	5808
15	25475964	25476085	7881
15	25477513	25477634	8877
15	25479373	25479494	12443
15	25481211	25481332	13246
15	25483112	25483233	4135
15	25484964	25485085	9396
15	25486872	25486993	6474
15	25488740	25488861	11954
15	25490604	25490725	7312
15	25492471	25492592	9778
15	25494324	25494445	10771
15	25495985	25496106	9599
15	25514906	25515027	4755
15	25523461	25523582	12846
15	25584274	25584465	5959
15	25585182	25585423	12580
15	25599475	25599596	4218
15	25599631	25599872	8439
15	25600999	25601240	8099
15	25601819	25602060	7976
15	25605480	25605721	11430
15	25615674	25616995	62123
15	25620579	25620940	18904
15	25650547	25650678	3446
15	25652187	25652308	6691
15	25653719	25653840	5949
15	25654183	25654304	4339
15	25683635	25683767	0
15	25924176	25924276	1943
15	25924335	25925164	26058
15	25925210	25925481	14181
15	25925917	25926071	14140
15	25926089	25926240	8564
15	25928381	25928652	4268
15	25932761	25933032	13691
15	25936838	25936959	7895
15	25939918	25940309	24149
15	25947003	25947274	23347
15	25953034	25953305	9906
15	25953334	25953457	8398
15	25958803	25959404	83897
15	25961852	25962093	14724
15	25963286	25963557	37116
15	25966748	25967109	29906
15	25968951	25969222	8727
15	25971063	25971283	9619
15	25972268	25972423	6612
15	25981154	25981305	11679
15	26026116	26026387	12127
15	26093592	26093692	1594
15	26107777	26108258	25938
15	26147482	26147723	8390
15	26260465	26260706	8990
15	26788742	26788965	9061
15	26789039	26789140	4488
15	26789400	26789501	4537
15	26789982	26790083	4866
15	26790216	26790317	2959
15	26790407	26790508	2596
15	26790585	26790686	4003
15	26790899	26791000	1874
15	26791088	26791189	2584
15	26791320	26791421	2070
15	26791425	26791767	20328
15	26792557	26792658	2260
15	26792746	26792847	3580
15	26792929	26793291	14231
15	26805989	26806380	35687
15	26812682	26812923	7058
15	26825413	26825654	4671
15	26828458	26828579	5416
15	26866449	26866691	7039
15	26874087	26874187	3116
15	27011083	27011183	3399
15	27017521	27017642	4976
15	27017812	27017933	10801
15	27018014	27018173	0
15	27018770	27018891	789
15	27061476	27061597	3542
15	27114377	27114498	8228
15	27125932	27126176	12160
15	27128234	27128406	6279
15	27128469	27128714	9676
15	27159929	27160050	6628
15	27182282	27182523	15758
15	27184344	27184599	8829
15	27185017	27185267	18273
15	27188346	27188587	10853
15	27193049	27193410	10856
15	27193433	27193704	12592
15	27216647	27216768	188
15	27222101	27222342	7837
15	27271873	27271994	7088
15	27272697	27272797	10320
15	27567584	27567685	2659
15	27571884	27572245	18772
15	27573932	27574053	10110
15	27574153	27574253	6221
15	27586089	27586210	14220
15	27725353	27725454	6516
15	27725743	27725984	8110
15	27765072	27765313	9300
15	27772555	27772796	24725
15	27773047	27773168	1895
15	27775747	27775868	9197
15	27777705	27778066	49479
15	27890429	27890550	22429
15	28000514	28000635	6815
15	28081728	28081828	1593
15	28090060	28090211	6448
15	28096483	28096634	7453
15	28116290	28116414	6029
15	28116947	28117098	2614
15	28171215	28171456	5068
15	28195621	28195742	2190
15	28196892	28197048	6072
15	28200241	28200392	6317
15	28202656	28202927	13164
15	28211780	28212000	9503
15	28228408	28228679	24166
15	28230150	28230391	3732
15	28231699	28231820	4281
15	28234688	28234839	6252
15	28235666	28235817	2766
15	28259877	28260118	7668
15	28261229	28261350	4976
15	28263471	28263742	10754
15	28267621	28267742	2101
15	28269928	28270079	6641
15	28272959	28273230	13695
15	28277168	28277319	4125
15	28326784	28327030	2456
15	28356434	28356724	21875
15	28356863	28357224	23747
15	28358201	28358442	13014
15	28358680	28358834	5348
15	28359731	28359972	13819
15	28360565	28360697	8735
15	28361756	28362027	12494
15	28362078	28362639	26464
15	28366442	28366593	8179
15	28369160	28369401	5928
15	28370094	28370365	14870
15	28375257	28375498	12234
15	28375603	28375754	4709
15	28377205	28377446	17417
15	28377736	28378007	8228
15	28380609	28380850	11065
15	28386525	28386796	21166
15	28386813	28387054	13359
15	28387340	28387581	27254
15	28387914	28388155	13743
15	28388956	28389421	12882
15	28389763	28390004	13483
15	28391373	28391500	9380
15	28397778	28398019	8847
15	28408184	28408455	9357
15	28412811	28413022	10474
15	28413523	28413764	13364
15	28414594	28414835	14734
15	28419531	28419776	27679
15	28420608	28420849	44355
15	28421508	28421779	39419
15	28421782	28421933	10190
15	28422033	28422304	13161
15	28422548	28422669	4916
15	28423953	28424224	9109
15	28424237	28424388	3507
15	28427537	28427668	6279
15	28431659	28431930	25148
15	28436077	28436216	9825
15	28436246	28436400	4312
15	28437080	28437321	7450
15	28441309	28441550	87104
15	28441569	28441725	28282
15	28443465	28443706	44583
15	28443709	28443950	72042
15	28446589	28446710	11415
15	28447205	28447806	57812
15	28451335	28451576	54866
15	28456098	28456339	40143
15	28457538	28457779	38406
15	28458878	28459128	41500
15	28459168	28459439	39335
15	28459753	28459994	32831
15	28460729	28460977	38941
15	28463604	28463845	28000
15	28465572	28465814	61615
15	28467146	28467387	50739
15	28473338	28473579	55868
15	28474295	28474536	35993
15	28474552	28475028	76282
15	28475458	28475685	66445
15	28478268	28478509	72323
15	28478522	28478995	162085
15	28479201	28479443	125216
15	28482062	28482304	30737
15	28483214	28483373	20161
15	28483681	28483952	70169
15	28490998	28491239	4576
15	28491814	28492085	8982
15	28493668	28493909	9864
15	28499423	28499694	19997
15	28500958	28501473	46011
15	28502185	28502426	34891
15	28505868	28506139	20345
15	28508008	28508369	36789
15	28510754	28510887	9349
15	28510920	28511161	16798
15	28513565	28513806	7645
15	28514336	28514607	7907
15	28515776	28516047	38219
15	28517325	28517566	25278
15	28518030	28518160	27134
15	28519393	28519634	11100
15	28520009	28520161	3690
15	28525202	28525443	12263
15	28537979	28538220	48264
15	28544483	28544724	28777
15	28560816	28560937	7612
15	28566482	28566603	17365
15	28593858	28594300	135664
15	28594667	28594788	26421
15	28595289	28597226	758155
15	28597759	28598000	73632
15	28598249	28598371	57428
15	28599649	28599891	114874
15	28599905	28600026	67835
15	28600065	28600187	79676
15	28601181	28601423	100213
15	28602953	28603104	63661
15	28603162	28603283	3836
15	28623870	28623991	58101
15	28625591	28625817	109644
15	28626337	28626437	39584
15	28626501	28626737	116017
15	28627493	28627614	19516
15	28627821	28627921	55832
15	28627964	28628085	59880
15	28628097	28628338	85935
15	28629277	28629411	23236
15	28629421	28629621	47845
15	28629774	28629937	67159
15	28630231	28630568	82752
15	28630767	28630895	29862
15	28631874	28632038	51617
15	28632211	28632332	19450
15	28632732	28632853	42927
15	28633152	28633273	19998
15	28633374	28633735	135528
15	28633741	28633983	64657
15	28633995	28634241	87631
15	28634254	28634355	13872
15	28634471	28634571	23513
15	28634715	28634815	25525
15	28650063	28650184	13142
15	28751764	28751885	32165
15	28767685	28767931	75783
15	28767943	28768185	62102
15	28768191	28768552	135519
15	28768653	28768774	27195
15	28769073	28769194	60581
15	28769594	28769715	24086
15	28769889	28770052	54639
15	28771031	28771159	48119
15	28771358	28771695	99710
15	28771988	28772151	63716
15	28772304	28772504	56178
15	28772514	28772648	38638
15	28773587	28773828	82725
15	28773840	28773961	56221
15	28774005	28774105	57617
15	28774311	28774432	20925
15	28775188	28775424	120703
15	28775489	28775589	41292
15	28776108	28776334	44104
15	28777934	28778055	59333
15	28798658	28798780	31418
15	28798820	28798971	84267
15	28800501	28800743	93861
15	28801736	28801858	35283
15	28801897	28802018	62820
15	28802032	28802274	101415
15	28803545	28803667	41893
15	28803916	28804157	69306
15	28804694	28806631	853367
15	28807132	28807253	28137
15	28807620	28808062	126011
15	28810858	28810958	11213
15	28820174	28820347	23317
15	28821693	28821794	17440
15	28821930	28822157	20461
15	28824343	28824544	58994
15	28835297	28835450	14819
15	28857201	28857382	20154
15	28863733	28863854	41789
15	28874411	28874587	15215
15	28876646	28876746	24659
15	28877782	28878018	77059
15	28878328	28878485	19846
15	28878689	28878931	8306
15	28881618	28881860	93356
15	28882065	28882544	85413
15	28882557	28882798	33760
15	28885364	28885591	54080
15	28886031	28886507	50697
15	28886530	28886771	21532
15	28887493	28887734	80699
15	28893998	28894239	50397
15	28895627	28895869	65708
15	28896504	28896762	47411
15	28899389	28899637	35150
15	28900371	28900612	13751
15	28900618	28900859	5927
15	28900900	28901177	16730
15	28902281	28902522	28425
15	28903719	28903960	21561
15	28908474	28908715	61531
15	28912294	28912609	22843
15	28912654	28912895	15578
15	28913402	28913501	5617
15	28916579	28916680	35145
15	28916684	28916785	36955
15	28916876	28917002	30628
15	28918797	28918963	16092
15	28918982	28919223	88730
15	28924347	28924447	2548
15	28924516	28924777	6424
15	28925918	28926139	38965
15	28927224	28927400	21943
15	28929625	28929726	4312
15	28947066	28947309	60617
15	28947359	28947555	26608
15	28947589	28947891	56111
15	28947910	28948150	40382
15	28948449	28948570	16514
15	28948935	28949085	46869
15	28949259	28949422	30077
15	28950078	28950937	218822
15	28951244	28951365	38145
15	28951517	28951652	35676
15	28951741	28951862	24207
15	28952827	28953068	54815
15	28953080	28953201	38919
15	28953227	28953468	74182
15	28953479	28953600	23279
15	28954391	28954513	49410
15	28954643	28954764	35171
15	28954837	28954958	16672
15	28955571	28955812	75006
15	28957384	28957505	43783
15	28982728	28983076	887
15	28986255	28986402	37684
15	28989848	28990045	34149
15	28990740	28990917	26685
15	28991119	28991295	12480
15	28992817	28993058	11985
15	28995182	28995303	37622
15	28996612	28996733	10280
15	29034304	29034668	53223
15	29037053	29037174	7339
15	29046576	29046696	23519
15	29049961	29050082	10118
15	29052121	29052221	8589
15	29053393	29053598	28984
15	29060492	29060796	31465
15	29061898	29062084	27929
15	29064035	29064156	11512
15	29078421	29078524	13707
15	29083804	29083904	16701
15	29346051	29347048	66191
15	29363209	29363330	8558
15	29367072	29367223	6302
15	29368214	29368335	12207
15	29385229	29385470	9557
15	29386437	29386558	12975
15	29390674	29390795	6691
15	29393773	29394141	15175
15	29397550	29397791	14404
15	29398764	29399035	7845
15	29400381	29400778	13720
15	29406027	29406268	12048
15	29409209	29409360	13678
15	29410335	29410435	7340
15	29415518	29415879	43168
15	29416865	29416986	1147
15	29418400	29418761	18996
15	29420968	29421089	4047
15	29428515	29428756	11183
15	29429195	29429436	14327
15	29443869	29444110	16810
15	29488572	29488813	7500
15	29525933	29526033	16983
15	29526401	29527089	87976
15	29544571	29544683	1505
15	29560622	29560723	1777
15	29560971	29562034	36175
15	29672671	29672771	4828
15	29673956	29674057	4246
15	29683412	29683513	3012
15	29844315	29844416	3602
15	29862708	29862928	0
15	29992400	29992536	9401
15	29992567	29992790	8040
15	29993005	29993105	8760
15	29993257	29993358	6310
15	29993432	29993604	8426
15	29993754	29993905	8576
15	29996316	29996557	8943
15	29997719	29997960	5920
15	30000700	30001301	24245
15	30002998	30003239	17132
15	30008777	30009052	20173
15	30010176	30010332	8993
15	30010424	30011385	81421
15	30011919	30012280	22133
15	30012525	30012922	19758
15	30018571	30018693	6107
15	30018968	30019209	10141
15	30020120	30020241	3889
15	30024593	30024744	3521
15	30024805	30025046	5087
15	30025286	30025527	10501
15	30026468	30026596	11701
15	30029421	30029662	14304
15	30033525	30033650	2334
15	30034794	30035035	15379
15	30053264	30053535	13684
15	30053766	30054007	12060
15	30054528	30054651	3016
15	30058395	30058786	29365
15	30064256	30064379	5904
15	30065397	30065617	10343
15	30070102	30070223	4348
15	30092815	30092936	4505
15	30112687	30112808	3019
15	30114156	30114277	85
15	30337368	30337519	6964
15	30375218	30375339	49095
15	30376004	30376105	9006
15	30376912	30377093	40508
15	30377760	30377881	18918
15	30377954	30378075	39781
15	30378206	30378327	49594
15	30379118	30379236	24466
15	30379310	30379552	79833
15	30379578	30379699	55315
15	30379711	30380217	79334
15	30380935	30381036	16076
15	30381135	30381269	14678
15	30381421	30381542	39272
15	30381849	30382591	157941
15	30383377	30383541	41492
15	30383714	30383864	24133
15	30384229	30384350	39467
15	30384649	30385211	116735
15	30385245	30385484	40718
15	30385491	30385734	57696
15	30392379	30392479	15184
15	30393164	30393378	34924
15	30394123	30394249	59174
15	30396109	30396211	43401
15	30402496	30402616	27081
15	30406092	30406218	2475
15	30409067	30409211	9829
15	30419865	30419987	19437
15	30423305	30423471	49621
15	30427314	30427435	49562
15	30428100	30428201	20781
15	30429007	30429248	89621
15	30429858	30429979	29616
15	30430052	30430173	40981
15	30430304	30430425	50033
15	30431229	30431330	7691
15	30431410	30431652	81626
15	30431678	30431799	54361
15	30431811	30432317	83468
15	30433037	30433138	24463
15	30433237	30433371	33485
15	30433523	30433644	25286
15	30433951	30434810	189888
15	30435469	30435590	19933
15	30435785	30435935	30857
15	30436300	30436421	27040
15	30436720	30436961	23734
15	30436980	30437279	68682
15	30437314	30437552	63760
15	30437559	30437802	59403
15	30443718	30443819	8460
15	30444490	30444730	23342
15	30445465	30445611	41698
15	30446135	30446313	30014
15	30491461	30491582	17383
15	30502610	30503055	36712
15	30516402	30516523	16568
15	30517090	30517211	18273
15	30653513	30653614	16862
15	30654453	30655055	69572
15	30659611	30659740	12750
15	30663282	30663404	13268
15	30664325	30664567	21347
15	30665143	30665384	44024
15	30669211	30669332	36938
15	30670258	30670358	20569
15	30672484	30672629	6994
15	30675476	30675603	20441
15	30679077	30679197	25696
15	30685454	30685556	30527
15	30687402	30687528	23969
15	30688273	30688487	35227
15	30689172	30689272	16767
15	30695909	30696152	60700
15	30696160	30696399	38063
15	30696433	30696995	83747
15	30697294	30697415	19078
15	30697780	30697930	19129
15	30698104	30698267	16538
15	30698924	30699288	51528
15	30699425	30699786	130293
15	30700102	30700203	33717
15	30700390	30700564	43874
15	30701743	30701918	51322
15	30701930	30702051	40733
15	30702095	30702195	5834
15	30702197	30702319	14241
15	30703300	30703422	44301
15	30703552	30703673	36344
15	30703745	30703866	15563
15	30704470	30704711	56442
15	30706280	30706401	27798
15	30762981	30763593	1443
15	30766558	30766732	47112
15	30769961	30770062	23717
15	30770896	30771017	27169
15	30771220	30771396	15215
15	30772906	30773110	12501
15	30775263	30775384	37503
15	30776683	30776804	13169
15	30799808	30800157	43302
15	30801254	30801426	32529
15	30804849	30804998	38415
15	30805817	30805918	27382
15	30808263	30808364	19942
15	30808673	30808815	37650
15	30809140	30810022	275285
15	30810405	30810600	24960
15	30844243	30844364	33634
15	30845933	30846174	77302
15	30846779	30846900	16936
15	30846972	30847093	37881
15	30847223	30847345	48041
15	30848134	30848252	23335
15	30848326	30848448	31273
15	30848451	30848551	69410
15	30848594	30848715	61944
15	30848727	30848903	80170
15	30849946	30850047	26549
15	30850079	30850254	34464
15	30850432	30850553	28202
15	30850860	30851221	117970
15	30851358	30851722	49872
15	30852378	30852499	16971
15	30852715	30852865	27653
15	30853230	30853351	25065
15	30853650	30854212	144143
15	30854246	30854485	32710
15	30854493	30854736	58324
15	30861376	30861476	16323
15	30862161	30862375	30115
15	30863120	30863246	57227
15	30865117	30865219	27810
15	30871482	30871602	24713
15	30875078	30875204	13735
15	30878053	30878197	18193
15	30880323	30880423	29857
15	30888840	30888962	22712
15	30892279	30892445	78873
15	30896291	30896412	32335
15	30897984	30898225	75959
15	30898832	30898953	23935
15	30899026	30899147	33865
15	30899278	30899399	48204
15	30900190	30900308	20381
15	30900382	30900624	68973
15	30900650	30900771	41304
15	30900783	30901024	57032
15	30902001	30902102	23211
15	30902201	30902335	27947
15	30902487	30902608	40635
15	30902915	30903777	209892
15	30904439	30904603	29001
15	30904776	30904926	46295
15	30905291	30905412	30697
15	30905648	30906273	137597
15	30906307	30906794	103883
15	30918403	30918576	3374
15	30918870	30919207	24684
15	30922879	30923000	7708
15	30925679	30925800	13898
15	30926318	30926679	26984
15	30927243	30927484	18463
15	30927640	30927882	15043
15	30930920	30931041	5117
15	30931908	30932033	7939
15	30936823	30936949	14113
15	30939843	30939944	6143
15	31040775	31040876	6230
15	31042562	31042804	38177
15	31060051	31060159	736
15	31082481	31082582	324
15	31085493	31085613	35581
15	31086489	31086589	29714
15	31086759	31086860	33206
15	31087957	31088058	19510
15	31089513	31089767	40993
15	31089920	31090041	21855
15	31090381	31090622	51334
15	31090817	31090972	34325
15	31091875	31092126	43319
15	31092212	31092362	35926
15	31092727	31092848	26511
15	31093026	31093708	138004
15	31093736	31094074	55946
15	31105258	31105358	13363
15	31107472	31107593	20865
15	31110190	31110311	11682
15	31114834	31114955	11997
15	31119979	31120100	3868
15	31128458	31128579	6469
15	31128914	31129155	28059
15	31174792	31174913	16850
15	31196792	31198143	52458
15	31198632	31198733	4147
15	31200269	31200510	8893
15	31202776	31203044	13703
15	31206026	31206304	9661
15	31210281	31210552	15481
15	31212738	31212866	6366
15	31214346	31214617	23907
15	31217260	31217531	16614
15	31217915	31218186	10927
15	31220716	31220869	7624
15	31221381	31221622	13886
15	31222688	31222929	4931
15	31229239	31229510	7832
15	31232973	31233074	2427
15	31233080	31233181	2959
15	31233500	31233601	2963
15	31233612	31234333	33845
15	31235062	31235276	14925
15	31238878	31238999	3452
15	31239260	31239537	16093
15	31240468	31240709	5268
15	31244144	31244265	3543
15	31245738	31245859	2288
15	31246909	31247124	9090
15	31251048	31251169	6774
15	31251219	31251340	4722
15	31253026	31253286	17165
15	31260106	31260227	7437
15	31266466	31266707	6803
15	31267108	31267229	8363
15	31268966	31269209	15670
15	31282948	31283069	10436
15	31283618	31283739	15538
15	31293987	31295308	105432
15	31318256	31318527	11002
15	31319097	31319338	17639
15	31320455	31320726	11369
15	31321497	31321634	3545
15	31323151	31323392	14422
15	31324836	31325197	23767
15	31327661	31327932	13359
15	31329858	31330099	26769
15	31330186	31330427	17089
15	31332311	31332559	13130
15	31334084	31334456	20642
15	31338360	31338481	1805
15	31339262	31339503	21749
15	31340055	31340176	7861
15	31341523	31341764	7967
15	31342493	31342858	24419
15	31352705	31352857	6966
15	31353619	31353740	7476
15	31354722	31354963	7028
15	31355286	31355527	6731
15	31357198	31357369	6013
15	31358213	31358484	22823
15	31359234	31359447	15191
15	31360037	31360308	22367
15	31362035	31362451	22866
15	31362625	31362746	3481
15	31369054	31369197	6580
15	31369457	31369558	4686
15	31618966	31619147	126
15	31619404	31620006	883
15	31664176	31664537	8724
15	31664647	31664871	16694
15	31666176	31666277	6285
15	31666691	31666842	5040
15	31666991	31667237	9735
15	31668293	31668425	8277
15	31668799	31668900	7028
15	31669032	31669132	5822
15	31669540	31669641	46630
15	31669706	31669806	16157
15	31669839	31670117	15544
15	31746197	31746348	7777
15	31775487	31776983	45311
15	31779347	31779498	9622
15	31779590	31779831	13135
15	31793846	31794087	11928
15	31795836	31796077	10983
15	31818486	31818727	19491
15	31819326	31819567	10755
15	31822899	31823021	11883
15	31851109	31851400	8083
15	31862159	31862430	16704
15	31947252	31947494	35879
15	31966935	31967042	4674
15	32058687	32058808	17969
15	32058928	32059049	11710
15	32059168	32059289	14691
15	32162887	32162987	0
15	32322763	32322939	192
15	32323019	32323290	9067
15	32393466	32393617	2602
15	32403981	32404110	7251
15	32404437	32404564	17170
15	32446086	32446207	33973
15	32449771	32450012	15030
15	32450588	32450830	28295
15	32451751	32451873	8237
15	32455417	32455546	548
15	32460098	32460700	125795
15	32460903	32461105	19129
15	32461193	32461348	13838
15	32461460	32461560	10710
15	32461643	32461743	18243
15	32461878	32462021	7786
15	32462289	32462545	36881
15	32462926	32463027	7813
15	32463238	32463345	6346
15	32463446	32463546	4651
15	32464540	32464649	31341
15	32464709	32464810	16355
15	32605880	32606001	17089
15	32606568	32606689	14162
15	32607138	32607259	16538
15	32620042	32620403	24231
15	32631512	32631657	12463
15	32634799	32634900	8625
15	32676504	32676619	22964
15	32677143	32677289	39911
15	32678024	32678264	76717
15	32678935	32679036	9885
15	32684949	32685192	36023
15	32685199	32685438	67186
15	32685472	32685772	33622
15	32685790	32686031	33591
15	32686330	32686448	17444
15	32686813	32686963	23335
15	32687137	32687279	34728
15	32687937	32688796	202486
15	32689103	32689224	27159
15	32689376	32689511	21068
15	32689610	32689711	21821
15	32690694	32690935	50803
15	32690947	32691068	46749
15	32691094	32691336	76024
15	32691410	32691528	23824
15	32692319	32692440	32531
15	32692571	32692692	29554
15	32692765	32692886	18405
15	32693495	32693736	65285
15	32695310	32695431	31896
15	32699276	32699443	77798
15	32702760	32702882	22586
15	32711937	32712038	4864
15	32713811	32713956	10893
15	32716800	32716927	23713
15	32720403	32720523	23871
15	32726788	32726890	36204
15	32728751	32728877	60545
15	32729622	32729836	36962
15	32730521	32730621	15905
15	32737273	32737516	60127
15	32737524	32737763	43085
15	32737797	32738359	56373
15	32738659	32738780	41711
15	32739145	32739295	33679
15	32739469	32739632	49686
15	32740289	32740653	75188
15	32740790	32741151	110591
15	32741458	32741579	21918
15	32741758	32741932	38852
15	32743113	32743223	20247
15	32743300	32743421	43917
15	32743465	32743565	59445
15	32743567	32743689	26916
15	32743770	32743871	14704
15	32744670	32744792	35076
15	32744922	32745043	30759
15	32745115	32745236	17590
15	32745842	32746083	61040
15	32747652	32747773	34044
15	32781470	32781665	21866
15	32782048	32782930	280348
15	32783255	32783397	18652
15	32783706	32783807	22464
15	32786201	32786302	28142
15	32787122	32787271	39291
15	32790695	32790867	31391
15	32792048	32792313	38956
15	32815313	32815434	12086
15	32816737	32816858	34536
15	32819013	32819216	12826
15	32820732	32820907	16132
15	32821110	32821231	12193
15	32822066	32822167	24183
15	32825395	32825569	50160
15	32828534	32828884	0
15	32828898	32829127	1820
15	32885717	32885838	65136
15	32887407	32887648	41267
15	32888254	32888375	17225
15	32888447	32888568	38115
15	32888698	32888820	43598
15	32889801	32889923	24217
15	32889926	32890026	60080
15	32890069	32890190	50487
15	32890268	32890378	6416
15	32891420	32891521	17453
15	32891553	32891728	43110
15	32891906	32892027	23387
15	32892334	32892695	115200
15	32892832	32893196	74184
15	32893853	32894017	44214
15	32894190	32894340	31033
15	32894705	32894826	27396
15	32895125	32895687	138370
15	32895721	32895960	40948
15	32895968	32896211	58956
15	32908353	32908596	21043
15	32912282	32912403	10089
15	32915679	32915800	13463
15	32916319	32916680	27448
15	32917241	32917482	20521
15	32917638	32917880	18765
15	32920900	32921021	7590
15	32921758	32921999	13609
15	32925123	32925364	13564
15	32926124	32926252	2824
15	32927925	32928166	11087
15	32928380	32930091	73480
15	32930931	32931031	6463
15	32931150	32931251	5682
15	32935725	32936054	20007
15	32971920	32972161	9585
15	32976692	32976933	9808
15	32983876	32984102	28589
15	32988701	32988822	1327
15	33010054	33010155	0
15	33010195	33010739	3822
15	33022867	33026871	224877
15	33066471	33066592	6618
15	33069011	33069137	5505
15	33090958	33091199	12734
15	33096446	33096567	7369
15	33149200	33149321	5850
15	33180311	33180552	8275
15	33191003	33191124	4490
15	33192131	33192372	7592
15	33194055	33194296	7038
15	33200664	33200794	8413
15	33202644	33202765	2002
15	33218357	33218478	6371
15	33256138	33256502	22243
15	33260887	33261744	35779
15	33300184	33300305	3200
15	33315365	33315465	4535
15	33357095	33357336	24444
15	33358677	33360118	96170
15	33380507	33380607	6679
15	33380999	33381175	10539
15	33411449	33411569	6342
15	33443398	33443639	11901
15	33445220	33447141	118827
15	33527928	33528169	6330
15	33528749	33528870	7767
15	33529100	33529221	6894
15	33533705	33533826	3260
15	33534319	33534440	3771
15	33534871	33534992	10440
15	33536410	33536531	5209
15	33537127	33537248	3975
15	33537459	33537700	8220
15	33537897	33538138	7127
15	33538294	33538415	4360
15	33538725	33538846	3360
15	33603201	33603331	970
15	33713035	33713136	2405
15	33757818	33758028	22927
15	33765490	33765799	12327
15	33795764	33796005	17705
15	33803616	33803717	10524
15	33822402	33822502	2110
15	33822768	33822889	5204
15	33825489	33825610	5655
15	33831485	33831726	8544
15	33832980	33833101	8790
15	33835808	33835929	12384
15	33840306	33840427	2889
15	33842317	33842558	8108
15	33855003	33855244	9555
15	33858818	33859059	23717
15	33872139	33872380	6139
15	33873655	33873896	14199
15	33876582	33876703	5395
15	33878136	33878377	31157
15	33893565	33893806	43200
15	33895263	33895624	17303
15	33905358	33905599	19986
15	33915994	33916235	7210
15	33920602	33920843	30377
15	33922071	33922312	7498
15	33923391	33923512	5678
15	33925108	33925349	12573
15	33926739	33926980	20510
15	33927796	33928037	8058
15	33928542	33928783	22899
15	33936494	33936735	14764
15	33938518	33938759	11599
15	33939581	33939702	6823
15	33941233	33941474	6665
15	33944880	33945121	21190
15	33951902	33952023	8233
15	33952329	33952690	13916
15	33954330	33955171	52914
15	33955716	33955957	9711
15	33961484	33961725	16067
15	33962507	33962776	22672
15	33988374	33988735	8143
15	33990018	33990259	23878
15	33991848	33992089	12404
15	33993108	33993349	15683
15	33999090	33999307	10828
15	34014884	34015125	6200
15	34016200	34016441	17868
15	34018525	34018766	11436
15	34021021	34021262	17294
15	34023603	34023964	31467
15	34028419	34028540	8875
15	34030599	34030840	13401
15	34031993	34032234	17441
15	34034544	34034672	7966
15	34038252	34038373	6080
15	34040266	34040507	10469
15	34040638	34040759	5049
15	34042156	34042277	9011
15	34042304	34042545	11944
15	34047202	34047443	8268
15	34048479	34048600	4594
15	34049615	34049856	24004
15	34060822	34060945	12809
15	34061281	34061402	4873
15	34064058	34064419	16917
15	34065714	34065835	5138
15	34072355	34072596	6989
15	34077841	34078202	21756
15	34080355	34080718	14906
15	34092953	34093074	6158
15	34094054	34094177	5637
15	34094230	34094351	4379
15	34099701	34099822	17739
15	34102643	34102884	13675
15	34103147	34103268	2570
15	34105008	34105249	10358
15	34105602	34105843	11030
15	34109049	34109170	3088
15	34110710	34110951	10403
15	34111921	34112043	8397
15	34112923	34113044	5083
15	34113459	34113580	6468
15	34113702	34113823	6645
15	34115173	34115294	6004
15	34117777	34117900	6347
15	34118400	34118521	16370
15	34118851	34118972	8421
15	34119382	34119503	7100
15	34123106	34123347	13866
15	34127099	34127340	12888
15	34129057	34129207	12695
15	34129774	34131215	95428
15	34132993	34133114	3950
15	34134029	34134270	9971
15	34135670	34135791	7162
15	34137041	34137282	22659
15	34140435	34140676	4036
15	34145205	34145326	10846
15	34145698	34145939	13120
15	34146558	34146679	8211
15	34146918	34147159	9380
15	34149926	34150167	14480
15	34151732	34151973	33776
15	34152766	34152887	6365
15	34153207	34153448	24816
15	34156303	34156424	6626
15	34157318	34157439	8867
15	34157908	34158052	4755
15	34158231	34158332	4782
15	34158750	34158991	19096
15	34159604	34160115	33254
15	34163080	34163241	5864
15	34168099	34168220	5742
15	34295200	34295441	12013
15	34330918	34331258	0
15	34354876	34357296	175658
15	34370697	34370797	3595
15	34376285	34376407	4294
15	34376489	34376730	13499
15	34380232	34380353	2069
15	34382465	34382706	7283
15	34388004	34388275	7024
15	34393771	34394050	9227
15	34394723	34398470	109812
15	34433404	34433554	6149
15	34433669	34433769	3332
15	34433939	34434139	7497
15	34434256	34434445	7540
15	34434494	34434615	11110
15	34437584	34437705	8339
15	34438945	34439066	4524
15	34439384	34439505	3938
15	34439544	34439695	4624
15	34440796	34441011	11560
15	34444919	34445310	20382
15	34446803	34446924	8293
15	34455697	34455938	10648
15	34517297	34517418	6769
15	34517672	34517913	24981
15	34519849	34520090	10981
15	34520588	34520829	16697
15	34521880	34522131	11159
15	34522148	34522319	4481
15	34522820	34523028	11178
15	34524833	34524933	2897
15	34524948	34525049	2460
15	34525892	34525993	7463
15	34526066	34526187	4742
15	34527327	34527568	33000
15	34528186	34528427	26894
15	34528899	34529026	6484
15	34529564	34529805	27558
15	34530396	34530637	13228
15	34531112	34531383	7546
15	34532824	34533065	12987
15	34533424	34533548	9637
15	34534241	34534482	5307
15	34536132	34536283	3139
15	34537423	34537664	7179
15	34537829	34538100	7671
15	34542466	34542587	7578
15	34542789	34542940	2067
15	34543057	34543298	9995
15	34544356	34544597	8567
15	34546458	34546849	15151
15	34547376	34547647	8849
15	34548395	34548516	5695
15	34549764	34550035	7765
15	34550958	34551199	22379
15	34553112	34553233	3936
15	34567506	34567627	2209
15	34610699	34610940	25103
15	34618138	34618238	4327
15	34628564	34628925	18333
15	34634117	34634358	19105
15	34635186	34635307	13263
15	34638167	34638288	8541
15	34640160	34640888	26818
15	34642847	34643088	15667
15	34645853	34646124	20294
15	34646608	34646969	22835
15	34647158	34647399	15265
15	34647669	34649710	71973
15	34649718	34649839	7406
15	34651107	34651208	2633
15	34651294	34651535	9111
15	34651746	34651987	18007
15	34652269	34652420	5820
15	34653515	34653786	16468
15	34654357	34654579	23024
15	34654753	34654874	4624
15	34654918	34655069	6832
15	34655548	34655699	9982
15	34655829	34655950	7708
15	34656152	34656303	8674
15	34656346	34656517	9570
15	34657197	34657439	8832
15	34657679	34657950	15653
15	34659178	34659311	2845
15	34671275	34671468	7554
15	34671746	34671847	3074
15	34672025	34672125	3480
15	34672164	34672329	3916
15	34673002	34673102	9339
15	34673249	34673349	13258
15	34673465	34673566	13324
15	34673591	34673832	70930
15	34673858	34674096	27156
15	34674147	34674490	51840
15	34674531	34674778	45918
15	34674957	34675305	59495
15	34675624	34675745	26071
15	34675879	34676120	41507
15	34676143	34676264	32788
15	34677182	34677556	73425
15	34677590	34677711	30804
15	34677898	34678019	18336
15	34678762	34679003	36836
15	34679069	34679169	26676
15	34679972	34680213	42413
15	34681807	34681928	25476
15	34697121	34697256	47398
15	34698198	34698299	10606
15	34702679	34702799	10721
15	34781814	34781935	2364
15	34782372	34782493	7732
15	34786735	34786856	7058
15	34787215	34787336	1569
15	34812805	34812928	41168
15	34813781	34813913	22018
15	34817296	34817396	2134
15	34817418	34817682	7656
15	34817965	34818066	1986
15	34818244	34818344	2342
15	34818400	34818550	3281
15	34819223	34819323	7060
15	34819470	34819570	12266
15	34819686	34819787	6478
15	34819812	34820053	9727
15	34820079	34820317	10863
15	34820368	34820711	51462
15	34820752	34820999	55156
15	34821178	34821526	65652
15	34821845	34821966	22038
15	34822100	34822341	40324
15	34822364	34822485	31276
15	34823403	34823777	65998
15	34823811	34823932	42740
15	34824119	34824240	22424
15	34824983	34825224	74997
15	34825290	34825390	23309
15	34826193	34826434	47993
15	34828028	34828149	25572
15	34848901	34849021	11482
15	35044644	35045605	67834
15	35046592	35046747	12803
15	35082402	35082804	15838
15	35083254	35083507	15804
15	35084265	35084506	13980
15	35084538	35084809	14996
15	35085426	35085787	30113
15	35086823	35087064	20313
15	35148968	35149329	50006
15	35152233	35152366	6318
15	35155033	35155274	4350
15	35159706	35159827	4528
15	35162916	35163157	19885
15	35165963	35166234	11231
15	35166820	35167091	12448
15	35168110	35168231	5461
15	35174693	35174891	6588
15	35176709	35176950	8401
15	35178643	35178914	10217
15	35182406	35182535	3851
15	35185854	35185984	13159
15	35189077	35189198	1996
15	35189681	35189952	17689
15	35192762	35193123	18397
15	35196500	35196741	20377
15	35198708	35198949	19505
15	35202303	35202544	17705
15	35207188	35207409	10470
15	35210397	35210638	8096
15	35212522	35212645	3256
15	35219226	35219349	2359
15	35222449	35222582	2564
15	35224455	35224696	8158
15	35226742	35226863	4846
15	35230884	35231035	14610
15	35233058	35233210	16514
15	35234185	35234306	5005
15	35235258	35235619	12854
15	35236437	35236678	7701
15	35240403	35240644	8398
15	35245042	35245163	5156
15	35252933	35253054	1711
15	35256401	35256522	4157
15	35261715	35261836	2956
15	35271269	35271470	7397
15	35271754	35271995	10153
15	35273516	35275692	112662
15	35376361	35376812	58185
15	35376968	35377089	16891
15	35377235	35377356	5445
15	35385358	35385479	7724
15	35529337	35529437	5571
15	35529727	35530264	57472
15	35590581	35591017	41196
15	35621942	35622043	2324
15	35664316	35664437	2235
15	35664457	35664565	1999
15	35665704	35665825	2419
15	35674008	35674129	2397
15	35703005	35703126	6171
15	35742823	35743064	9104
15	35746923	35747044	2394
15	35757376	35757476	2709
15	35799019	35799119	4265
15	35811837	35811937	2331
15	35814265	35814506	9510
15	35830450	35830691	16398
15	35834599	35834720	1998
15	35838269	35838390	1316
15	36872050	36872171	6563
15	36887152	36887252	3545
15	36936440	36936561	8807
15	36936889	36936990	4864
15	36937394	36937515	2917
15	36946267	36946388	9180
15	36950019	36950140	8868
15	36983312	36983520	8154
15	36983863	36983985	2453
15	36984290	36984411	6964
15	36989496	36989617	15159
15	37001395	37001516	2877
15	37001988	37002229	16955
15	37019559	37019659	4287
15	37026503	37026624	13155
15	37100468	37100894	18548
15	37100906	37101007	7590
15	37109667	37109988	63604
15	37110465	37110706	11891
15	37183213	37183579	8882
15	37183665	37183831	4219
15	37183870	37183971	4319
15	37184039	37184276	6047
15	37184288	37184696	17049
15	37186915	37187043	16821
15	37187315	37187472	2995
15	37188796	37188952	10486
15	37196579	37196679	1712
15	37242501	37242622	9563
15	37327533	37327634	3982
15	37328966	37329207	15126
15	37329987	37330087	2175
15	37338026	37338126	5526
15	37338138	37338251	2285
15	37374253	37374441	8106
15	37375907	37376148	8973
15	37385735	37385976	14824
15	37386691	37386812	5974
15	37387698	37387849	4963
15	37388439	37388696	7645
15	37390158	37390410	25300
15	37391246	37391452	4198
15	37391600	37391800	7695
15	37392588	37392746	32482
15	37402381	37402502	5814
15	38228473	38228714	7402
15	38228988	38229229	9159
15	38229480	38229631	8272
15	38230333	38230454	1385
15	38233286	38233437	7132
15	38233810	38233961	4880
15	38234362	38234513	7737
15	38235509	38235630	6892
15	38239815	38239936	2856
15	38243214	38243455	9274
15	38258784	38258885	5942
15	38545172	38545276	931
15	38545341	38545462	4064
15	38590719	38590819	2240
15	38591479	38591780	27342
15	38614374	38614645	18629
15	38616925	38617046	9192
15	38631865	38632136	15488
15	38641582	38641734	6392
15	38643178	38643899	40722
15	38643908	38644009	8275
15	38644097	38644293	5252
15	38644342	38644522	4889
15	38644607	38644758	9163
15	38645214	38645440	6904
15	38645532	38645665	5233
15	38645794	38645894	4588
15	38646042	38646222	8407
15	38746336	38746457	6526
15	38756184	38756425	20605
15	38757415	38757656	11272
15	38762395	38762636	11611
15	38765684	38765805	3588
15	38766319	38766560	8298
15	38773443	38773804	16817
15	38776441	38776870	12995
15	38781752	38781852	4767
15	38782208	38782308	4202
15	38782700	38782941	14410
15	38786534	38787015	19182
15	38790949	38791190	15594
15	38792260	38792392	4490
15	38793294	38793535	7008
15	38794446	38794687	8072
15	38795403	38795644	9567
15	38798019	38798140	6611
15	38799906	38800244	16318
15	38803741	38803982	21185
15	38804949	38805190	6961
15	38808353	38808594	24792
15	38810437	38810678	8046
15	38811476	38811631	9942
15	38818427	38818668	7149
15	38851992	38852233	15902
15	38856750	38856871	161
15	38988753	38988994	19220
15	38990329	38990761	10006
15	38991984	38992085	11396
15	39544281	39547049	109956
15	39874000	39874151	5349
15	39874342	39874973	27895
15	39875764	39875915	2365
15	39876167	39876408	22532
15	39876440	39876681	10163
15	39877656	39877777	11088
15	39879513	39879754	5371
15	39880209	39880450	16943
15	39880692	39880933	14773
15	39881098	39881598	26553
15	39881993	39882234	13601
15	39882707	39882834	7649
15	39883350	39883591	14607
15	39883643	39883884	23155
15	39884759	39885013	16266
15	39885191	39885438	17895
15	39885522	39885913	26789
15	39886287	39886408	7828
15	39886450	39886691	16697
15	39887505	39887626	4826
15	39893042	39893163	1858
15	39894500	39894601	4177
15	39909889	39910490	39047
15	39922249	39922350	2710
15	39996305	39996405	2691
15	40005630	40005833	16465
15	40018747	40018988	8041
15	40030255	40030412	8941
15	40031806	40032047	11077
15	40033992	40034113	3755
15	40056007	40056128	2461
15	40057748	40057989	25872
15	40062598	40062839	15067
15	40063243	40063463	8515
15	40063925	40064108	4450
15	40065328	40065494	5271
15	40066661	40066864	5494
15	40067538	40067645	3998
15	40068541	40068782	7528
15	40068904	40069041	5141
15	40069610	40069724	5873
15	40072226	40072448	8494
15	40074849	40074967	260
15	40093292	40094493	61856
15	40099151	40099475	11389
15	40212020	40212261	23231
15	40226280	40226553	1010
15	40231670	40231828	3916
15	40235573	40235724	8193
15	40241271	40241512	28713
15	40246007	40246195	5452
15	40247773	40248014	10683
15	40253921	40254162	7893
15	40257844	40258085	15340
15	40259481	40260112	32478
15	40265099	40265225	8801
15	40265750	40265991	15680
15	40268558	40269069	10086
15	40270252	40270373	3354
15	40277986	40278107	15585
15	40280123	40280364	13924
15	40282464	40282588	10097
15	40284341	40284462	6438
15	40284948	40285069	6664
15	40289154	40289276	5656
15	40290897	40291018	3451
15	40293095	40293486	29198
15	40294860	40295011	9298
15	40295333	40295574	31416
15	40299150	40299301	7572
15	40300190	40300431	12214
15	40301751	40301992	15231
15	40303423	40303574	10133
15	40308636	40308907	12708
15	40309254	40309495	16809
15	40311284	40311411	11577
15	40313042	40313283	11400
15	40314701	40314822	6161
15	40318168	40318300	3257
15	40321574	40321695	11945
15	40322547	40322668	6836
15	40324312	40324463	11566
15	40324918	40325039	8759
15	40326434	40326705	11907
15	40327165	40327316	2995
15	40328417	40328774	34933
15	40329141	40329262	4270
15	40329485	40329586	7252
15	40330473	40330605	2819
15	40331021	40331172	5297
15	40331244	40331365	7624
15	40357855	40358270	14630
15	40380250	40380350	3626
15	40381248	40381349	4831
15	40382097	40382198	2172
15	40382549	40382649	16412
15	40383307	40383407	5084
15	40383714	40383815	3243
15	40383947	40384099	6380
15	40396309	40396580	11609
15	40397930	40398321	23113
15	40400448	40400548	11100
15	40453347	40453498	2659
15	40457204	40457445	18924
15	40462231	40462352	10562
15	40462688	40462929	13959
15	40468654	40468895	10109
15	40475878	40476119	11766
15	40477351	40477592	8571
15	40477706	40477857	11470
15	40488709	40488985	8770
15	40491806	40491938	2547
15	40492381	40492622	13274
15	40493065	40493216	9697
15	40494574	40494695	6178
15	40494751	40494905	5935
15	40498340	40498701	23492
15	40500783	40501024	6485
15	40501754	40502025	7222
15	40502299	40502421	1206
15	40504623	40504894	14985
15	40505482	40505723	11505
15	40509631	40509902	11931
15	40510647	40510773	6608
15	40512741	40512982	11446
15	40522386	40522486	2136
15	40532790	40532891	2545
15	40543078	40543221	4252
15	40543751	40543852	5860
15	40544431	40544792	5687
15	40544837	40545099	6956
15	40556937	40557208	5761
15	40558008	40558729	45353
15	40564342	40564973	64453
15	40564982	40565253	22800
15	40565458	40565934	24043
15	40566258	40566529	20200
15	40568060	40568331	19137
15	40568347	40568461	7584
15	40568489	40568589	5521
15	40568679	40568880	10421
15	40569543	40569697	9277
15	40573648	40574787	3027
15	40580896	40581137	13117
15	40581454	40581575	6206
15	40582198	40582319	15084
15	40582734	40582885	6587
15	40582938	40583059	3551
15	40583180	40583888	13861
15	40584026	40584147	6568
15	40584250	40584371	6861
15	40584530	40584654	3339
15	40585085	40585236	9647
15	40585691	40585962	16276
15	40586422	40586663	12173
15	40587077	40587318	10802
15	40587382	40587503	4778
15	40588483	40588604	5867
15	40588648	40588845	7830
15	40588906	40589147	9386
15	40589672	40589823	5071
15	40590057	40590178	6496
15	40590351	40590622	26013
15	40590714	40590955	31200
15	40590960	40591201	20468
15	40591317	40591439	5916
15	40593751	40593851	2241
15	40594104	40594255	2292
15	40594272	40594423	3091
15	40594449	40594570	5289
15	40594588	40594859	11842
15	40595431	40595582	7707
15	40596179	40596300	4426
15	40599740	40599891	8449
15	40616256	40616718	193
15	40623884	40623985	2648
15	40626300	40626401	4979
15	40627298	40627929	20289
15	40627944	40628065	7460
15	40628728	40628879	17123
15	40628896	40629047	6706
15	40629475	40629677	9575
15	40629888	40630129	5532
15	40630240	40630364	6184
15	40630677	40631285	38330
15	40631675	40631830	4953
15	40632069	40632226	4826
15	40632959	40633200	17562
15	40645413	40645513	3347
15	40646498	40646599	11601
15	40648265	40648577	1589
15	40650417	40650678	459
15	40655779	40656170	18254
15	40656380	40656803	23555
15	40656975	40657216	10224
15	40657260	40657531	12249
15	40657786	40657937	8522
15	40659221	40662558	168542
15	40675019	40675535	29219
15	40678477	40678748	10174
15	40679322	40679443	6985
15	40681697	40681822	2170
15	40682022	40682143	5633
15	40683663	40683784	7096
15	40684095	40684246	9511
15	40685351	40685472	7549
15	40685582	40685853	36522
15	40697979	40698220	38606
15	40699820	40699941	7731
15	40700072	40700223	16138
15	40702790	40703031	10836
15	40703414	40703565	8269
15	40703700	40703941	18141
15	40705146	40705297	6804
15	40707043	40707194	9840
15	40707549	40707700	8211
15	40708267	40708391	9377
15	40708433	40708584	13022
15	40710274	40710515	25379
15	40726033	40726133	6549
15	40733288	40733425	0
15	40750628	40752105	61488
15	40754030	40754541	44604
15	40756018	40756259	10839
15	40756646	40756767	6495
15	40757522	40757644	11799
15	40758083	40758451	15573
15	40758696	40758839	5285
15	40759113	40759353	4151
15	40759512	40759612	12548
15	40759912	40760013	6169
15	40760043	40760143	3328
15	40760198	40760439	6906
15	40763376	40765363	116053
15	40773041	40773162	15932
15	40824449	40824549	6355
15	40845906	40846007	2489
15	40846160	40846367	7021
15	40849341	40849612	10452
15	40854887	40855278	23803
15	40856880	40857031	9177
15	40861478	40862190	57472
15	40863769	40864130	24340
15	40865671	40866512	54220
15	40866549	40866650	9756
15	40895085	40895206	1988
15	40897266	40897387	4994
15	40898559	40898680	3806
15	40901014	40901135	1396
15	40902407	40902528	3839
15	40903642	40903742	618
15	40907496	40907617	7214
15	40911121	40911272	5025
15	40912816	40917964	180259
15	40920215	40920456	11193
15	40920781	40920902	6336
15	40921428	40921579	5436
15	40933046	40933287	8189
15	40937178	40937299	6913
15	40937790	40938031	8747
15	40939167	40939288	8119
15	40942476	40942597	4838
15	40942700	40942821	3647
15	40943658	40943780	1835
15	40944191	40944313	12380
15	40947079	40947200	1035
15	40949230	40949467	6100
15	40949490	40949681	5154
15	40951479	40951695	6454
15	40954262	40954448	11408
15	40990938	40991059	4495
15	40993209	40993450	6964
15	40998312	40998553	7138
15	41001207	41001328	3460
15	41010958	41011109	19143
15	41020837	41021078	22599
15	41021616	41021887	21140
15	41021960	41022231	18889
15	41023193	41023434	14686
15	41028674	41028825	9754
15	41029270	41029572	16235
15	41029783	41029934	7836
15	41030110	41030261	10737
15	41030675	41030796	3775
15	41032299	41032420	12921
15	41036234	41036357	3891
15	41037154	41037495	18031
15	41043544	41043815	15570
15	41044128	41044399	13342
15	41046766	41047007	6845
15	41056335	41056456	5457
15	41058010	41058131	7668
15	41059334	41059605	18191
15	41060059	41060318	45760
15	41062647	41064646	115897
15	41065888	41066045	14458
15	41066502	41066653	2958
15	41067206	41067327	5155
15	41067681	41067832	7680
15	41068350	41068501	11672
15	41068721	41068842	4915
15	41071373	41071524	13033
15	41071680	41071831	6102
15	41072099	41072220	3530
15	41099444	41099665	15608
15	41099717	41100091	19372
15	41100393	41100634	15069
15	41101226	41101497	17536
15	41101539	41101690	5720
15	41101987	41102461	21026
15	41102837	41102965	6863
15	41104847	41105118	16999
15	41105484	41105635	16224
15	41105898	41106019	3429
15	41106053	41106444	22215
15	41107844	41107986	9004
15	41108114	41108235	2960
15	41108318	41108469	6421
15	41120500	41120891	31350
15	41136620	41137254	23951
15	41145234	41145505	9414
15	41145604	41146137	22707
15	41146179	41146330	5686
15	41146536	41146777	10520
15	41146800	41146921	7786
15	41148023	41148294	17544
15	41148426	41148547	6574
15	41148949	41149190	8464
15	41164965	41165066	4472
15	41165206	41165717	24029
15	41165819	41165970	10224
15	41166075	41166428	746
15	41186950	41187071	12847
15	41188085	41188326	22793
15	41191089	41191210	2740
15	41191285	41193236	106781
15	41194725	41195596	52764
15	41221607	41221968	4114
15	41221998	41222359	5114
15	41222790	41222911	3278
15	41223651	41224012	16134
15	41224337	41224699	29781
15	41226709	41226950	8719
15	41227084	41227325	15380
15	41228355	41229196	46685
15	41229548	41229789	29532
15	41230168	41230429	22926
15	41230571	41230672	5905
15	41230908	41231009	3026
15	41231179	41231280	3542
15	41245592	41246073	10249
15	41246382	41246503	3398
15	41247500	41248011	29909
15	41248109	41248209	7474
15	41248230	41248331	4795
15	41271049	41271241	11740
15	41271320	41271420	6827
15	41271528	41271813	25779
15	41272216	41272317	9494
15	41272343	41272649	15543
15	41275016	41275287	18216
15	41275918	41276159	13089
15	41276321	41276592	13364
15	41277518	41277639	9814
15	41279278	41279401	4590
15	41279941	41280212	39361
15	41289701	41289822	3679
15	41297746	41297897	5545
15	41308228	41308469	13419
15	41313059	41313333	9410
15	41319712	41319983	11020
15	41337036	41337307	10234
15	41339591	41339712	3654
15	41340380	41340501	4859
15	41341430	41341671	12545
15	41342073	41342336	21255
15	41346078	41346229	6127
15	41347382	41347623	10881
15	41348770	41348921	9442
15	41350791	41351027	9890
15	41352033	41352154	2928
15	41361754	41361875	1448
15	41362643	41362764	8256
15	41364030	41364266	6664
15	41365598	41365719	4707
15	41366544	41366785	16638
15	41371849	41372120	21851
15	41373153	41373304	2470
15	41377522	41377793	23325
15	41379698	41379939	10248
15	41384181	41384422	13497
15	41387771	41387892	4659
15	41387920	41388161	5605
15	41388285	41388556	5898
15	41408166	41408478	848
15	41455311	41455655	15736
15	41455954	41456560	30295
15	41476098	41476819	52287
15	41482079	41482410	14557
15	41483590	41483831	27451
15	41487921	41488072	6933
15	41488091	41488245	3312
15	41501650	41501801	3230
15	41507910	41508061	11533
15	41508844	41509049	20699
15	41509232	41509383	5667
15	41512011	41512112	2746
15	41518640	41518773	7280
15	41522629	41522780	3889
15	41523552	41523673	7655
15	41535839	41535960	6920
15	41549086	41549207	7726
15	41554896	41555137	19761
15	41562724	41562845	9785
15	41570904	41571127	8657
15	41571499	41571620	10164
15	41572569	41572723	5582
15	41573671	41573772	10079
15	41573844	41573944	4532
15	41573973	41574073	5589
15	41601938	41602059	2498
15	41605450	41605571	2733
15	41611795	41612036	6024
15	41624084	41624205	7034
15	41624387	41624778	8871
15	41625140	41625261	10506
15	41634556	41634677	10023
15	41641246	41641487	4654
15	41643135	41643376	4298
15	41648174	41648401	8247
15	41650280	41650521	11050
15	41657572	41657813	5832
15	41663682	41663923	14214
15	41667846	41668087	15494
15	41669326	41669567	5963
15	41672276	41672397	8310
15	41679595	41679836	8393
15	41680621	41680742	2421
15	41687028	41687269	9653
15	41688669	41689270	21709
15	41709304	41709564	1206
15	41711769	41711869	2145
15	41714827	41714927	6534
15	41715216	41715315	4955
15	41715530	41715708	2295
15	41719813	41719985	1629
15	41726523	41726623	3020
15	41726783	41726956	2396
15	41727406	41727550	7474
15	41730452	41730693	18344
15	41745051	41745292	5338
15	41749820	41750091	25082
15	41756877	41757093	8052
15	41758329	41758460	6761
15	41762401	41762642	15356
15	41763337	41763578	21353
15	41766767	41766918	6941
15	41767705	41767826	4109
15	41767872	41768027	3631
15	41768591	41768742	7047
15	41769302	41769543	14325
15	41769593	41769744	11064
15	41770693	41770844	7959
15	41771257	41771408	8001
15	41772402	41772533	4207
15	41772769	41772950	6736
15	41772958	41773079	5982
15	41773156	41773256	5612
15	41773478	41773678	9635
15	41773912	41774013	1115
15	41774449	41774550	2898
15	41774835	41774935	2294
15	41775136	41775237	2320
15	41775456	41775556	10045
15	41785616	41785737	11434
15	41786116	41786654	1000
15	41793647	41793768	7670
15	41793819	41794060	9236
15	41794175	41794416	6071
15	41794559	41794711	5819
15	41794960	41795081	5272
15	41795141	41795473	12640
15	41795729	41795850	3705
15	41796136	41796890	38523
15	41796930	41797082	4130
15	41797154	41797275	3223
15	41797363	41797514	5198
15	41797542	41797783	7048
15	41797851	41798002	7643
15	41798066	41798217	8475
15	41799239	41799510	12869
15	41799649	41799867	7093
15	41800221	41800462	12655
15	41801186	41801337	6138
15	41803246	41803817	5850
15	41803966	41804207	621
15	41804290	41804507	5610
15	41804869	41805366	25698
15	41805794	41805945	21702
15	41809693	41810085	16428
15	41810170	41810411	12789
15	41812515	41813386	69359
15	41813891	41814210	11146
15	41814220	41814491	15329
15	41814909	41815180	19564
15	41815406	41815562	6310
15	41815948	41816189	10410
15	41816221	41816492	6612
15	41817146	41817387	6525
15	41819029	41819300	8437
15	41819310	41819551	18307
15	41819590	41819831	37382
15	41819990	41820261	4743
15	41820422	41820544	2011
15	41821655	41821776	4825
15	41821998	41822239	11527
15	41823159	41823430	20199
15	41826871	41827143	20615
15	41827618	41827889	16783
15	41828310	41828431	4270
15	41828651	41828892	10633
15	41829111	41829352	6914
15	41849447	41849568	7422
15	41851411	41851589	0
15	41853265	41853665	21455
15	41853725	41853847	12120
15	41854679	41854950	21099
15	41856333	41856484	7096
15	41857160	41857401	25688
15	41859525	41859766	17143
15	41860336	41860607	15766
15	41860996	41861267	12332
15	41862168	41862548	17792
15	41862758	41862909	16780
15	41863214	41863335	10604
15	41863777	41863898	8596
15	41864580	41864821	12623
15	41865190	41865319	10922
15	41865434	41865705	10751
15	41865793	41866064	15519
15	41870007	41870518	22237
15	41870682	41870783	16136
15	41873199	41873461	2014
15	41952621	41952723	8045
15	41961023	41962224	81034
15	41983741	41983901	10295
15	41988205	41989286	41654
15	41991038	41991159	4366
15	41991248	41991369	5690
15	41999870	42000111	14862
15	42000232	42000473	10842
15	42002856	42003577	26581
15	42005291	42005804	24602
15	42019309	42019670	19789
15	42021333	42021574	16931
15	42026694	42026815	1934
15	42028336	42028937	35113
15	42032071	42032445	35273
15	42034695	42035416	57315
15	42037445	42037545	4078
15	42040798	42041159	31601
15	42041279	42042840	50443
15	42046578	42046819	19027
15	42049950	42050071	4042
15	42052502	42052743	10125
15	42053871	42054112	16183
15	42054262	42054623	10492
15	42057050	42057291	16034
15	42058178	42059499	44636
15	42059611	42059743	4846
15	42059942	42060043	2896
15	42060275	42060727	19715
15	42060735	42060872	7578
15	42061218	42061319	6485
15	42061414	42061515	5346
15	42061909	42062054	4751
15	42062917	42063166	5342
15	42067464	42067597	8032
15	42092005	42092126	5434
15	42103050	42103171	5935
15	42103313	42103464	8772
15	42104118	42104359	16447
15	42104661	42104902	7681
15	42105056	42105327	18702
15	42105475	42105596	13025
15	42105777	42106018	17082
15	42106721	42106962	21555
15	42107378	42107649	11110
15	42107758	42108029	21476
15	42108711	42108862	8175
15	42109019	42109290	11372
15	42109529	42109680	5310
15	42109751	42109992	9589
15	42110153	42110304	4154
15	42110382	42110513	3579
15	42110687	42110808	6119
15	42110966	42111207	19440
15	42111389	42111630	14816
15	42111716	42111880	5533
15	42112981	42113327	21783
15	42113743	42113984	5679
15	42114084	42114355	7860
15	42114370	42114641	11046
15	42114741	42114892	4402
15	42115067	42115458	15843
15	42115590	42116311	40207
15	42116663	42116784	6103
15	42117397	42117644	20107
15	42117846	42118065	13634
15	42118198	42118396	14672
15	42120298	42120419	3617
15	42126893	42127474	28631
15	42127752	42127873	6528
15	42128302	42128453	6664
15	42128471	42128805	15510
15	42128937	42129178	12550
15	42129248	42129369	5146
15	42131054	42131175	5105
15	42132330	42132451	6752
15	42132638	42132909	5234
15	42132916	42133157	7641
15	42133211	42133332	12303
15	42133358	42133509	13282
15	42133650	42133801	11174
15	42133930	42134201	16785
15	42134341	42134492	8985
15	42134709	42134830	8680
15	42135790	42136061	14116
15	42136585	42136856	18921
15	42137034	42137278	7547
15	42137338	42137579	10248
15	42137753	42138024	19967
15	42138101	42138610	12733
15	42138798	42139069	9773
15	42139476	42139747	11203
15	42139801	42140072	13292
15	42140758	42140879	18936
15	42142050	42142171	13288
15	42142389	42142490	6893
15	42143033	42143154	10820
15	42143241	42143362	11172
15	42143462	42143583	7207
15	42143951	42144072	3209
15	42144325	42144566	13233
15	42144761	42145229	16035
15	42145429	42145670	31120
15	42145761	42146002	17288
15	42146204	42146445	18605
15	42146955	42147196	11540
15	42147402	42147643	30764
15	42147723	42147964	10197
15	42148568	42148809	13406
15	42149022	42149263	11348
15	42149382	42149959	42872
15	42150751	42150992	8338
15	42151071	42151192	6681
15	42152748	42152989	12844
15	42153594	42153715	6478
15	42153905	42154146	13201
15	42154287	42154528	7386
15	42154676	42154917	22514
15	42154923	42155164	12479
15	42155837	42156284	25704
15	42157992	42158113	11169
15	42158210	42158451	7292
15	42158495	42158749	9973
15	42159119	42159360	10625
15	42159666	42159907	9530
15	42160220	42160461	9730
15	42160576	42160817	21486
15	42162007	42162248	8605
15	42162374	42162820	33451
15	42163524	42163765	22513
15	42163926	42164167	14575
15	42164457	42164696	17325
15	42165626	42165867	11709
15	42166021	42166262	13736
15	42166461	42166702	12024
15	42167025	42167266	27536
15	42167616	42167857	16687
15	42168275	42168516	9213
15	42168734	42168855	4115
15	42168955	42169196	14441
15	42169252	42169613	23093
15	42170502	42170863	15352
15	42171396	42171757	17854
15	42171875	42172116	26001
15	42172312	42172553	9130
15	42173222	42173453	10686
15	42174117	42174358	142
15	42174457	42174689	690
15	42174738	42174979	8910
15	42175128	42175489	17523
15	42175493	42175734	11560
15	42177887	42178608	34169
15	42179401	42179708	10967
15	42180083	42180324	3935
15	42182223	42182464	21641
15	42185054	42185295	12982
15	42185466	42185707	14534
15	42187115	42187542	32066
15	42192257	42192357	2795
15	42192534	42192635	6788
15	42192799	42193410	20656
15	42201827	42202098	12983
15	42211342	42211853	22553
15	42235205	42235373	3860
15	42245898	42246169	12732
15	42264447	42264702	18756
15	42275880	42276241	14644
15	42276604	42276845	13933
15	42277998	42278239	9310
15	42279350	42279591	6770
15	42280179	42280420	19160
15	42281560	42281801	12637
15	42282254	42282495	19482
15	42284864	42285225	25039
15	42287504	42287745	22519
15	42289268	42289503	13686
15	42291679	42291852	7161
15	42291982	42292216	13535
15	42292269	42292510	10589
15	42293325	42293446	3579
15	42294732	42294932	12044
15	42297094	42297215	9617
15	42298132	42298373	14214
15	42299873	42300114	12024
15	42302239	42302480	37185
15	42305855	42305976	4376
15	42311589	42311710	6834
15	42313119	42313240	5228
15	42342688	42342929	26290
15	42360874	42361149	10989
15	42362078	42362319	23221
15	42362876	42363117	18109
15	42363266	42363537	25595
15	42363632	42363759	7421
15	42363889	42364160	8675
15	42364410	42364651	9488
15	42371694	42371967	15064
15	42373111	42373382	10046
15	42373623	42373864	13947
15	42373922	42374073	7778
15	42374467	42374597	5350
15	42375312	42375613	9498
15	42375854	42376005	4264
15	42377253	42377374	3423
15	42377617	42377768	6948
15	42378325	42378596	8214
15	42379414	42379685	13932
15	42379770	42379921	7395
15	42386543	42386694	5651
15	42433425	42433546	3190
15	42434140	42434412	15871
15	42434697	42434938	12458
15	42436107	42436378	16873
15	42436593	42436864	5057
15	42437735	42438152	22000
15	42438260	42438501	23297
15	42439281	42439554	10972
15	42439740	42440011	6020
15	42441827	42442098	11624
15	42442259	42442380	3301
15	42442561	42442694	6028
15	42442769	42443010	21382
15	42444857	42444978	2487
15	42445427	42445578	6941
15	42445776	42445897	5444
15	42446202	42446707	46675
15	42447659	42447810	19931
15	42448601	42448842	13031
15	42452855	42453049	24295
15	42453834	42453985	18232
15	42454175	42454416	11854
15	42454483	42454724	25945
15	42455479	42455630	31054
15	42455783	42455936	17494
15	42456468	42456739	12575
15	42457101	42457372	12024
15	42457873	42458024	6619
15	42458302	42458453	5883
15	42458742	42458863	5847
15	42458919	42459160	18501
15	42459542	42459783	14302
15	42461871	42462112	10102
15	42465864	42466076	13309
15	42470354	42470827	13352
15	42476685	42476926	16810
15	42479423	42479574	4509
15	42479913	42480064	6873
15	42481297	42481418	10494
15	42483252	42483403	5337
15	42483664	42483785	13678
15	42484218	42484339	2170
15	42491743	42491889	5880
15	42492041	42492176	5474
15	42500253	42500374	16309
15	42502876	42502977	4307
15	42503225	42503335	4590
15	42503460	42503561	5775
15	42503835	42503986	10059
15	42509954	42510075	3449
15	42510487	42510608	2922
15	42511748	42511869	4934
15	42512235	42512356	5158
15	42518964	42519117	4968
15	42519876	42519997	1903
15	42520900	42521045	8493
15	42523332	42523483	7249
15	42524019	42524120	2733
15	42525395	42525517	3400
15	42528476	42528627	7055
15	42529600	42529841	5388
15	42531837	42531958	2933
15	42536185	42536426	7453
15	42551067	42551217	8008
15	42553086	42553228	8382
15	42553359	42553480	4045
15	42556278	42556411	5936
15	42560135	42560261	7745
15	42564229	42564350	7511
15	42565403	42565644	11417
15	42566632	42566753	6227
15	42568515	42568636	3053
15	42570642	42570798	7634
15	42579831	42580072	11968
15	42584902	42585143	24266
15	42589770	42589891	2796
15	42598685	42598836	8874
15	42600376	42600527	8379
15	42602449	42602690	10993
15	42602846	42603087	15734
15	42606235	42606336	4893
15	42613973	42614228	15930
15	42618437	42618678	13727
15	42619539	42619670	11824
15	42621429	42621695	19062
15	42622760	42622881	4188
15	42630576	42630698	10280
15	42631807	42632168	22822
15	42632837	42632970	11919
15	42635252	42635373	4566
15	42637931	42638052	11091
15	42640266	42640424	3979
15	42641571	42641703	3844
15	42643517	42643640	10585
15	42644218	42644347	4581
15	42644975	42645076	4093
15	42645338	42645439	7800
15	42645633	42645733	7382
15	42646534	42646685	5927
15	42651946	42652337	12294
15	42670872	42670972	3105
15	42671005	42671106	3286
15	42676654	42676775	4765
15	42677858	42678099	13238
15	42678272	42678543	17972
15	42679896	42680137	20391
15	42681058	42681329	21940
15	42682114	42682342	19776
15	42684817	42684938	6195
15	42686435	42686556	5105
15	42688975	42689096	13307
15	42691618	42691889	11143
15	42693802	42694043	16615
15	42694236	42694387	6790
15	42694944	42695215	13371
15	42695865	42696016	13998
15	42696218	42696380	6008
15	42696502	42696623	7505
15	42698071	42698192	4533
15	42700399	42700532	8811
15	42701478	42701599	5348
15	42701922	42702073	6594
15	42702099	42702220	7794
15	42702568	42702719	8859
15	42702763	42702884	4237
15	42703018	42703259	16383
15	42703452	42703573	4838
15	42703866	42704017	12891
15	42704270	42704371	4084
15	42705762	42705863	3341
15	42709468	42709589	4150
15	42709954	42710195	10624
15	42713203	42713354	5904
15	42714089	42714210	3898
15	42714637	42714878	11028
15	42716135	42716286	4716
15	42717006	42717247	12432
15	42720152	42720393	8556
15	42727527	42727768	14077
15	42729410	42729622	9767
15	42730776	42730897	2630
15	42731199	42732040	62133
15	42734260	42734622	30705
15	42736338	42736489	8549
15	42736980	42737221	13425
15	42738760	42738881	5389
15	42740225	42740946	27468
15	42741889	42744200	143834
15	42749087	42749448	15210
15	42758231	42758331	3341
15	42764415	42764516	5498
15	42804011	42804132	3572
15	42805112	42805233	4505
15	42805559	42805680	10243
15	42807342	42807613	10121
15	42820417	42820658	16618
15	42821823	42822064	5481
15	42823582	42823744	8175
15	42823939	42824039	3837
15	42824833	42825006	9730
15	42825075	42825176	6421
15	42834837	42835031	5698
15	42836210	42836361	4881
15	42837246	42837487	8740
15	42839411	42839772	14795
15	42840221	42840492	18417
15	42840529	42840654	5147
15	42841055	42841176	5220
15	42850380	42850501	6895
15	42851510	42851631	12646
15	42853412	42853653	11029
15	42855937	42856065	1841
15	42858788	42859029	12882
15	42867875	42867996	16998
15	42875517	42875638	10174
15	42877655	42877896	21312
15	42926993	42927231	14646
15	42930059	42930180	5800
15	42930193	42930314	6020
15	42930851	42931073	12312
15	42943187	42943308	10391
15	42944692	42944813	12072
15	42953328	42953449	8018
15	42954935	42955165	11563
15	42955415	42955896	43073
15	42956016	42956117	2812
15	42957439	42957540	1784
15	42957964	42958065	5135
15	42961355	42961535	6856
15	42966091	42966192	6379
15	42966613	42966714	3114
15	42967024	42967162	6265
15	42967852	42967953	6130
15	42968069	42968173	8399
15	42973619	42973810	7658
15	42974301	42974773	17016
15	42976313	42986540	423677
15	42986725	42986923	6632
15	42987337	42987521	6822
15	42987940	42988078	6239
15	42994153	42994362	3091
15	43008868	43008969	10642
15	43009124	43009246	13041
15	43009910	43010011	14997
15	43010174	43010377	12278
15	43010622	43010723	4250
15	43010949	43011108	8445
15	43011343	43011824	20576
15	43016616	43016943	11487
15	43017332	43017459	3630
15	43017626	43017897	18669
15	43018265	43018386	5163
15	43018498	43018625	8645
15	43019771	43020012	5713
15	43020100	43020251	4590
15	43020342	43020493	16148
15	43020791	43021048	6291
15	43021181	43021334	7299
15	43021342	43021613	9371
15	43021701	43021852	4632
15	43021977	43022098	5061
15	43022308	43022429	8677
15	43022757	43022998	6071
15	43023044	43023315	16743
15	43023347	43023588	12130
15	43023769	43024040	11225
15	43024477	43024628	9331
15	43025278	43025399	3083
15	43026126	43026255	6253
15	43026332	43026603	13576
15	43027275	43027396	6295
15	43027424	43027582	5312
15	43027671	43027912	8762
15	43028023	43028294	11253
15	43028356	43029032	13158
15	43029194	43029315	9039
15	43036522	43036623	521
15	43037850	43037951	6481
15	43037982	43038465	38214
15	43044147	43045468	64822
15	43067295	43067931	32264
15	43069183	43069454	7655
15	43075597	43075851	10779
15	43086799	43087113	23559
15	43092421	43092552	3758
15	43092588	43092688	2856
15	43093098	43093699	41586
15	43093790	43094631	34869
15	43099305	43099405	3079
15	43102723	43102994	13646
15	43103870	43103991	2491
15	43109201	43109322	6910
15	43120086	43120240	5793
15	43122084	43122325	7214
15	43132503	43132654	7184
15	43132707	43132849	8650
15	43164761	43165002	9508
15	43170725	43170914	7057
15	43212753	43212853	464
15	43212885	43213039	5445
15	43235100	43235215	3012
15	43235229	43235358	4019
15	43235446	43235546	2607
15	43235585	43235739	3201
15	43236023	43236123	2078
15	43236417	43236518	3909
15	43237212	43237313	2194
15	43237454	43237717	23391
15	43242419	43242571	4219
15	43244409	43244680	5840
15	43250188	43250309	2649
15	43252809	43252930	2450
15	43256095	43256251	4381
15	43258296	43258537	8825
15	43262670	43262821	5783
15	43268868	43269109	12092
15	43270050	43270171	2228
15	43276081	43276202	6074
15	43276995	43277162	9767
15	43280939	43281210	10443
15	43282211	43282332	1992
15	43290353	43290474	6072
15	43294711	43294947	6517
15	43296020	43296141	3143
15	43299258	43299499	18303
15	43307855	43308096	14676
15	43309274	43309395	4579
15	43313461	43313583	7301
15	43314888	43315009	2728
15	43316952	43317223	12300
15	43317541	43317662	10296
15	43318748	43318871	6584
15	43319938	43320059	8130
15	43322082	43322276	6636
15	43324736	43324857	1769
15	43328365	43328487	8095
15	43328697	43328818	3137
15	43329934	43330091	7184
15	43330338	43330459	2815
15	43335381	43335622	14567
15	43339301	43339542	10374
15	43340578	43340699	2926
15	43346897	43347138	10501
15	43348529	43348650	3762
15	43350521	43350642	4721
15	43351245	43351400	2850
15	43351840	43352081	6214
15	43352219	43352340	5275
15	43360013	43360268	9325
15	43362936	43363177	11703
15	43367167	43367297	4624
15	43374819	43374940	6182
15	43378135	43378489	22519
15	43398088	43398239	3277
15	43425991	43426211	266
15	43426445	43426576	4949
15	43427657	43427898	6241
15	43430744	43430876	4717
15	43438640	43438881	17929
15	43440893	43441134	9945
15	43441166	43441407	11849
15	43443944	43444185	33659
15	43446828	43447069	23800
15	43452869	43453002	2999
15	43461771	43461892	4330
15	43470795	43470919	8770
15	43473316	43473557	23797
15	43476439	43476800	28431
15	43476917	43477017	6057
15	43477687	43477815	1811
15	43477986	43478107	5341
15	43478300	43478451	16911
15	43481376	43481497	4841
15	43482209	43482360	9193
15	43482468	43482619	7192
15	43483140	43483261	1498
15	43483562	43483912	9455
15	43484909	43485131	18263
15	43486232	43486333	5478
15	43486544	43486695	9435
15	43486860	43487101	10303
15	43489459	43489700	29746
15	43493957	43494228	21146
15	43495271	43495512	34192
15	43498496	43498857	34597
15	43499336	43499697	9903
15	43500418	43500541	5135
15	43500752	43501023	7137
15	43501409	43501680	10394
15	43502493	43502647	10169
15	43503551	43503792	8830
15	43507283	43507536	19173
15	43508407	43508678	26165
15	43512882	43513033	9920
15	43525344	43525585	9840
15	43525697	43525938	8509
15	43526925	43527166	12966
15	43527609	43528090	20237
15	43530953	43531314	15782
15	43531351	43531474	3214
15	43532997	43533238	32672
15	43544924	43545165	7266
15	43545616	43545887	13117
15	43548673	43548944	19103
15	43552161	43552552	21561
15	43552566	43552928	13932
15	43558981	43559102	4644
15	43568581	43568852	9265
15	43569005	43569246	11512
15	43571243	43571514	9322
15	43571774	43572165	21177
15	43573951	43574342	16407
15	43574705	43574828	4458
15	43576959	43577200	26819
15	43579451	43579922	26632
15	43584084	43584355	10402
15	43584818	43585209	23946
15	43585586	43585857	20184
15	43594382	43594503	13427
15	43620575	43622892	90891
15	43627275	43627396	3949
15	43627837	43628078	14564
15	43628792	43628913	7047
15	43632445	43632566	6838
15	43634962	43635460	28474
15	43637963	43638234	31264
15	43639192	43639313	1047
15	43641068	43641309	3610
15	43643138	43643240	6969
15	43643948	43644144	9727
15	43650355	43650455	2169
15	43653193	43654184	71382
15	43656103	43656590	39992
15	43656631	43656731	5047
15	43658265	43659016	44821
15	43661071	43661342	23322
15	43661771	43662132	13211
15	43663530	43663651	5125
15	43668208	43668479	23167
15	43668640	43668881	9258
15	43669177	43669298	7577
15	43670011	43670132	5209
15	43672230	43672381	7614
15	43675480	43675721	2951
15	43677950	43678191	13183
15	43678344	43678542	9714
15	43687268	43687389	15885
15	43687742	43687896	3448
15	43689402	43689529	7084
15	43690186	43690427	9283
15	43692209	43692450	13966
15	43693859	43694100	13473
15	43695817	43696058	22061
15	43696529	43696800	22845
15	43697344	43697465	4327
15	43699382	43699794	9191
15	43700092	43700333	7576
15	43701073	43701314	12160
15	43701830	43701951	2707
15	43704856	43704977	3144
15	43705303	43705544	13846
15	43706257	43706357	2351
15	43707778	43708019	13281
15	43708397	43708638	19480
15	43712446	43712957	19692
15	43713176	43713417	13123
15	43713977	43714368	20298
15	43714370	43714511	4619
15	43720182	43720409	22345
15	43724332	43724915	52903
15	43730506	43730627	4946
15	43733661	43733812	4847
15	43738565	43738806	7133
15	43739053	43739154	3649
15	43739502	43739693	6441
15	43748031	43749472	92382
15	43762038	43762279	4070
15	43766856	43766977	3629
15	43767676	43767947	8952
15	43769722	43769993	18073
15	43771538	43771779	27555
15	43772014	43772255	28732
15	43773008	43773304	8350
15	43783817	43783968	7478
15	43784185	43784306	9997
15	43784448	43784689	5757
15	43785176	43785351	10796
15	43803124	43803485	6658
15	43804317	43804558	20965
15	43812818	43812939	3101
15	43813118	43813359	13979
15	43813512	43821724	280856
15	43821836	43822084	8358
15	43822223	43822464	16815
15	43822567	43822668	4586
15	43822956	43823174	12846
15	43823251	43823437	11702
15	43823682	43823783	9642
15	43825724	43825910	6424
15	43826371	43826472	7467
15	43826821	43827692	49964
15	43828212	43828462	6605
15	43831658	43831791	9597
15	43850910	43851181	16808
15	43852580	43852821	50947
15	43856270	43856391	8476
15	43857006	43857247	38770
15	43860644	43860765	14224
15	43863570	43863811	41885
15	43863858	43864099	26436
15	43864957	43865084	23711
15	43865173	43865414	22383
15	43865495	43865738	21902
15	43865937	43866298	43743
15	43866369	43866610	22105
15	43868538	43868779	22620
15	43868964	43869205	24740
15	43869250	43869491	26305
15	43869630	43869751	16191
15	43869753	43869994	25437
15	43870050	43870171	13430
15	43870249	43870370	17979
15	43871146	43871343	45370
15	43873139	43873380	27872
15	43873384	43873628	31193
15	43873980	43874221	18971
15	43874248	43874489	23414
15	43874743	43874864	15305
15	43875043	43875164	26864
15	43875544	43875807	44343
15	43876507	43876748	41642
15	43882333	43882433	2033
15	43886369	43886610	31707
15	43887041	43887388	25324
15	43887558	43887679	25065
15	43888043	43888285	35268
15	43888386	43888507	47869
15	43888546	43888787	40580
15	43889533	43889634	11998
15	43890336	43890577	25342
15	43890966	43891207	18313
15	43891291	43891532	29177
15	43891852	43891973	11357
15	43892110	43892351	25152
15	43892381	43892502	8704
15	43892684	43892925	14647
15	43893019	43893260	16973
15	43893550	43893761	10554
15	43895403	43895644	16101
15	43896150	43896391	8748
15	43896542	43896663	10550
15	43896794	43897065	15088
15	43897408	43897649	9365
15	43900051	43900183	28465
15	43900218	43900459	29942
15	43901442	43901563	20548
15	43902451	43902692	26307
15	43903076	43903199	23338
15	43903308	43903549	16715
15	43903654	43903775	9490
15	43904009	43904250	24687
15	43904519	43904760	19779
15	43904925	43905166	32040
15	43905214	43905505	15724
15	43906046	43906544	63348
15	43906581	43906702	13788
15	43907582	43908919	134848
15	43909606	43909727	13083
15	43909740	43910581	50865
15	43910744	43910938	45635
15	43922853	43922974	8758
15	43923667	43923767	1275
15	43924357	43924598	18595
15	43924818	43925180	44416
15	43927298	43927399	3366
15	43927524	43927645	5673
15	43927913	43928034	2995
15	43928206	43928447	11666
15	43931042	43931283	14031
15	43931797	43932038	14440
15	43932482	43932727	20735
15	43939220	43939341	8218
15	43939457	43939698	7377
15	43940065	43940307	22815
15	43940964	43941085	196
15	43941282	43941397	941
15	43951321	43951422	981
15	43952131	43952372	16545
15	43955821	43955942	13504
15	43956557	43956798	46019
15	43960209	43960330	14825
15	43963135	43963376	39180
15	43963423	43963664	27671
15	43964524	43964645	20589
15	43964738	43964979	23036
15	43965060	43965303	21228
15	43965502	43965863	41869
15	43965934	43966175	23055
15	43968103	43968344	20748
15	43968529	43968770	20311
15	43968815	43969056	21676
15	43969195	43969316	15576
15	43969318	43969559	22123
15	43969615	43969736	13119
15	43969814	43969935	18285
15	43970717	43970914	50047
15	43972974	43973215	50703
15	43973219	43973460	35855
15	43973815	43974056	19448
15	43974083	43974324	26932
15	43974578	43974699	12196
15	43974878	43974999	25211
15	43975379	43975642	47012
15	43976342	43976608	46184
15	43982165	43982265	2105
15	43986201	43986442	29328
15	43986704	43986805	14427
15	43986873	43987220	23769
15	43987390	43987511	21592
15	43987875	43988117	45819
15	43988218	43988339	43691
15	43988378	43988619	35711
15	43990157	43990398	19911
15	43990780	43991021	17624
15	43991105	43991348	29832
15	43991668	43991789	8737
15	43991926	43992167	26685
15	43992197	43992318	9647
15	43992502	43992698	11246
15	43992887	43993078	14575
15	43993368	43993567	10383
15	43994949	43995119	14239
15	43995630	43995871	9198
15	43996022	43996143	10832
15	43996274	43996545	16979
15	43996886	43997075	11028
15	43999529	43999650	23181
15	43999692	43999933	27123
15	44000914	44001035	19020
15	44001923	44002164	17753
15	44002548	44002671	998
15	44002770	44003011	14195
15	44003116	44003237	11561
15	44003471	44003712	30513
15	44003981	44004222	15529
15	44004387	44004628	29103
15	44004676	44004917	15746
15	44005508	44005853	39631
15	44005855	44006006	24691
15	44006043	44006164	24720
15	44007053	44008381	126726
15	44009068	44009189	15492
15	44009202	44010043	41502
15	44010206	44010400	42458
15	44019333	44019454	11946
15	44020824	44021028	17376
15	44021284	44021405	12631
15	44021452	44021644	27923
15	44024682	44024923	12700
15	44027627	44027746	6588
15	44028309	44028550	12246
15	44028998	44029239	19621
15	44036336	44036436	6371
15	44036558	44036802	8079
15	44037170	44037411	23857
15	44038699	44038940	5562
15	44043755	44043956	19261
15	44044979	44045080	3737
15	44045999	44046120	4921
15	44048784	44049025	19224
15	44053612	44053739	5547
15	44055218	44055459	16409
15	44057588	44057825	8745
15	44057996	44058267	15272
15	44058895	44059136	25458
15	44060677	44060805	6880
15	44061658	44061899	21825
15	44062396	44062547	6818
15	44062688	44062809	1587
15	44063293	44063426	3364
15	44063532	44063633	5923
15	44065042	44065142	4835
15	44065304	44065434	6300
15	44065462	44065583	8160
15	44066314	44066585	20703
15	44066633	44066754	9654
15	44066761	44067002	15896
15	44067450	44067601	4203
15	44067704	44067825	7929
15	44067899	44068140	12367
15	44068227	44068379	7960
15	44068663	44068784	9562
15	44068912	44069172	5143
15	44069265	44069386	4542
15	44084192	44084293	13335
15	44084515	44084637	13590
15	44085163	44085291	7096
15	44085730	44086273	59680
15	44087183	44087424	8965
15	44087541	44087782	13736
15	44087818	44087969	7477
15	44088297	44088448	10171
15	44088755	44088996	27248
15	44088999	44089150	8808
15	44089327	44089568	9713
15	44090073	44090224	5005
15	44090570	44090722	6343
15	44091057	44091381	9228
15	44091474	44091726	15079
15	44091782	44091903	8269
15	44092012	44092253	15138
15	44092656	44093009	19366
15	44093266	44093417	17187
15	44093650	44093801	6113
15	44093895	44094016	5359
15	44097231	44097502	24105
15	44097527	44097678	14580
15	44100706	44100827	942
15	44101911	44102152	18636
15	44105143	44105384	22921
15	44105437	44105565	12255
15	44106671	44106912	9752
15	44107086	44107327	16575
15	44109415	44109656	19488
15	44116636	44116787	10087
15	44119169	44119320	13724
15	44120122	44120603	14578
15	44127242	44127363	3398
15	44128325	44128476	6313
15	44131713	44131939	8142
15	44134572	44134724	2573
15	44134756	44134907	5704
15	44136024	44136295	22797
15	44143242	44143483	17848
15	44149131	44149372	10092
15	44150823	44151064	31071
15	44153496	44153617	6217
15	44158276	44158637	44145
15	44165321	44165442	4483
15	44165782	44165883	4313
15	44165907	44166671	38109
15	44171696	44171915	18097
15	44175862	44176017	4539
15	44176897	44177018	5165
15	44177854	44177975	4843
15	44180357	44180478	5596
15	44180947	44181098	11676
15	44184161	44184282	4482
15	44194325	44194476	6435
15	44197966	44198207	9319
15	44202067	44202188	3113
15	44211406	44211507	936
15	44211604	44211755	3819
15	44211894	44212045	7943
15	44216363	44216517	11744
15	44225480	44225581	2125
15	44393627	44393727	7254
15	44480841	44480942	1836
15	44486938	44487352	1104
15	44581179	44581570	58148
15	44599260	44599381	5992
15	44599426	44599628	1251
15	44615128	44615249	3106
15	44620842	44620995	5604
15	44624155	44624286	3717
15	44629911	44630152	7034
15	44630383	44630534	3480
15	44671845	44671996	9758
15	44672984	44673208	10990
15	44695047	44695314	24406
15	44705507	44705658	6467
15	44705710	44705811	3691
15	44707027	44707128	4210
15	44707454	44707554	5187
15	44707664	44707765	2768
15	44707790	44707935	2943
15	44719687	44719954	25581
15	44751154	44751425	6645
15	44776369	44776610	4203
15	44778702	44778943	13234
15	44782968	44783209	12024
15	44788555	44788676	508
15	44789215	44789346	5402
15	44791906	44792027	3428
15	44806765	44806886	7282
15	44806941	44807062	2996
15	44811357	44811549	6937
15	44813495	44813616	5764
15	44816278	44816399	3346
15	44816403	44816504	3978
15	44816615	44816859	8428
15	44816929	44817140	17660
15	44817190	44817303	10487
15	44817310	44817511	20726
15	44817524	44817989	22615
15	44818125	44818225	2940
15	44819104	44819205	4844
15	44819325	44819426	10916
15	44828683	44829119	34652
15	44829272	44829464	3550
15	44829512	44829635	2053
15	44843017	44843168	5235
15	44843519	44843859	12118
15	44846686	44846927	10950
15	44849646	44849887	10203
15	44852422	44852543	3929
15	44853160	44853548	36058
15	44853575	44853928	11281
15	44854109	44854210	4883
15	44854349	44854449	3538
15	44854632	44854751	3805
15	44854762	44854901	6276
15	44854946	44855047	4068
15	44855287	44855528	10054
15	44856669	44856940	10574
15	44858008	44858249	10236
15	44858367	44858518	5598
15	44859584	44859825	16210
15	44861586	44861713	6067
15	44862668	44862909	13866
15	44864828	44865069	29783
15	44865709	44865963	10628
15	44867018	44867289	4259
15	44875932	44876803	50173
15	44877820	44878060	5536
15	44881379	44881650	10526
15	44884519	44884646	2292
15	44887435	44887676	10685
15	44888205	44888596	23111
15	44888940	44889181	13534
15	44890453	44890581	6931
15	44890810	44891051	7314
15	44892638	44892867	3929
15	44898164	44898315	5220
15	44900607	44900842	12646
15	44902989	44903230	6874
15	44905618	44905744	3818
15	44907511	44907782	9692
15	44912373	44912698	15998
15	44913923	44914143	12265
15	44914360	44914601	8066
15	44914899	44915021	4010
15	44918495	44918736	9891
15	44920833	44921074	10759
15	44921387	44921628	22505
15	44925647	44925888	9272
15	44940985	44941256	10008
15	44943671	44944152	19961
15	44944274	44944515	9704
15	44949272	44949513	8530
15	44951237	44951511	12075
15	44952600	44952841	10103
15	44955535	44955896	3804
15	44958109	44958210	2086
15	44958589	44958740	5084
15	44959302	44959402	8082
15	44960539	44960681	6196
15	44961177	44961338	6353
15	44961477	44961612	6286
15	44961684	44961784	2854
15	44961973	44962073	7120
15	44962164	44962286	7236
15	44964212	44964355	18423
15	44964569	44964670	7501
15	44965432	44965576	11615
15	44966337	44966438	3217
15	44967683	44967890	9905
15	44968630	44968730	6370
15	45003716	45003837	6336
15	45007578	45007939	26717
15	45008472	45008593	6047
15	45026199	45026364	5869
15	45028844	45028965	3614
15	45047034	45047635	43164
15	45048552	45048673	3623
15	45050784	45051062	12430
15	45051787	45052127	14980
15	45059368	45059999	33355
15	45075591	45075778	5782
15	45119335	45119456	17323
15	45120587	45120828	77752
15	45123693	45123813	8335
15	45127318	45127559	19525
15	45131647	45131768	9903
15	45139569	45139798	32307
15	45142507	45142628	6564
15	45206945	45207063	4602
15	45220812	45220929	7225
15	45222627	45222748	8495
15	45233819	45233920	5316
15	45248887	45249008	19484
15	45249043	45249194	10764
15	45250519	45250760	11783
15	45253690	45253811	5622
15	45258337	45258458	2152
15	45266047	45266168	3566
15	45270635	45270876	11056
15	45315453	45315574	26331
15	45332561	45332682	7927
15	45335415	45335644	25552
15	45353223	45353464	21195
15	45357406	45357647	19716
15	45360350	45360471	9583
15	45361065	45361282	12128
15	45364454	45364695	38253
15	45365524	45365979	39888
15	45386257	45386528	19011
15	45386703	45386944	13724
15	45387090	45387331	13850
15	45387562	45387833	15489
15	45388016	45388268	23194
15	45389361	45389632	9005
15	45389724	45389995	9020
15	45390140	45390291	5747
15	45391539	45391690	4711
15	45391850	45392100	23696
15	45392185	45392456	10763
15	45392903	45393054	6319
15	45393376	45393497	1777
15	45393967	45394208	14816
15	45396113	45396264	6776
15	45396328	45396573	21453
15	45397782	45398053	6951
15	45398302	45398543	11607
15	45398691	45398849	9001
15	45398977	45399218	12953
15	45399450	45399722	27917
15	45400181	45400452	17399
15	45400939	45401188	12182
15	45401711	45401834	6479
15	45402071	45402192	3385
15	45402612	45402733	5473
15	45402816	45402937	5785
15	45403270	45403512	17029
15	45403561	45403802	1322
15	45403938	45404179	21895
15	45404682	45404953	14763
15	45405136	45405287	7527
15	45405511	45405632	6349
15	45406725	45406996	19581
15	45407551	45407792	13397
15	45407964	45408085	6552
15	45408267	45408508	9256
15	45408669	45408940	11086
15	45409244	45409515	5632
15	45409703	45410314	26308
15	45411252	45411613	28864
15	45412258	45412529	8714
15	45412745	45413016	12292
15	45413230	45413471	12298
15	45414350	45414471	8389
15	45415017	45415251	23379
15	45421657	45421813	10758
15	45424132	45424253	6014
15	45426012	45426163	9084
15	45426273	45426544	8364
15	45427274	45427515	14414
15	45427651	45427892	887
15	45427941	45428183	19072
15	45428516	45428637	7576
15	45428713	45428834	5042
15	45430075	45430226	5462
15	45431223	45431376	16853
15	45431589	45431830	15205
15	45433059	45433300	10743
15	45433427	45433668	14087
15	45434090	45434361	15592
15	45435353	45435511	7722
15	45436182	45436453	10892
15	45437035	45437305	9396
15	45439621	45439866	16321
15	45440087	45440208	12105
15	45440436	45440662	12587
15	45442773	45442924	8431
15	45443262	45443480	12570
15	45444009	45444280	9847
15	45444474	45444857	35103
15	45445566	45445687	6872
15	45446112	45446233	8111
15	45447912	45448183	11095
15	45452960	45453231	25256
15	45453926	45454178	16831
15	45454374	45454615	21028
15	45455686	45455927	23835
15	45455930	45456171	28617
15	45456886	45457157	10878
15	45457439	45457540	8055
15	45460116	45460357	23379
15	45464019	45464260	18055
15	45464309	45464550	17954
15	45465722	45465933	8314
15	45467398	45467639	12104
15	45470312	45470553	9336
15	45479651	45480149	0
15	45490939	45491300	19394
15	45545362	45545513	17724
15	45545582	45545733	21816
15	45554167	45554318	5662
15	45555199	45555470	8710
15	45556028	45556269	25802
15	45556843	45556976	15912
15	45557264	45557385	7313
15	45557759	45557880	22052
15	45558268	45558392	5720
15	45559564	45560048	34571
15	45560370	45560611	12423
15	45561513	45561754	22121
15	45562372	45562493	3021
15	45564480	45564601	3031
15	45564835	45564992	11372
15	45567531	45567772	32399
15	45654271	45654429	8534
15	45656034	45656275	8884
15	45656965	45657086	5390
15	45658204	45658445	5635
15	45658486	45658757	11760
15	45660241	45660482	10730
15	45661500	45661741	9022
15	45668756	45669027	10818
15	45669381	45669502	7617
15	45670555	45670676	0
15	45694570	45695816	22607
15	45697489	45697730	11308
15	45702527	45702768	10631
15	45706722	45706993	22155
15	45707759	45708000	13925
15	45709410	45709651	17186
15	45710696	45710937	7476
15	45713181	45713444	11473
15	45722921	45723072	8841
15	45723180	45723301	11577
15	45724238	45724359	6025
15	45725088	45725352	15561
15	45776252	45776353	1803
15	45777046	45777159	5665
15	45777252	45777557	11469
15	45778754	45778995	11203
15	45779715	45779840	3443
15	45781018	45781259	8544
15	45782881	45783122	9247
15	45803287	45803528	14050
15	45813168	45813269	3228
15	45814115	45814596	31503
15	45839305	45839405	217
15	45847661	45848301	11084
15	45848622	45848771	2591
15	45848782	45848883	1163
15	45879621	45879742	22489
15	45884270	45884523	6756
15	45895280	45895401	10551
15	45897607	45897728	2071
15	45898501	45898844	15597
15	45900280	45900380	3267
15	45951112	45951365	9685
15	45954116	45954357	19961
15	45962091	45962212	15533
15	45965750	45966021	15989
15	45968252	45968523	11455
15	45974646	45974887	18988
15	45980477	45980628	12981
15	45981174	45981445	7873
15	45983138	45983259	13250
15	47534388	47534592	7190
15	47704579	47704679	3468
15	47873487	47873608	5101
15	48022897	48023018	5214
15	48051986	48052114	12808
15	48052491	48052622	3480
15	48053143	48053264	2778
15	48053324	48053445	4217
15	48053516	48053638	4805
15	48053811	48053962	7104
15	48054335	48054576	13321
15	48055195	48055316	2674
15	48056004	48056275	12225
15	48056315	48056556	7388
15	48056791	48057032	22189
15	48057047	48057288	15494
15	48058014	48058255	20552
15	48058279	48058400	11507
15	48058762	48058884	6124
15	48059170	48059321	3553
15	48060740	48060998	8443
15	48062676	48063997	54512
15	48064049	48064190	5380
15	48064257	48064543	7264
15	48064598	48064698	4116
15	48064765	48064977	6324
15	48065226	48065326	3258
15	48065428	48065567	5807
15	48065885	48066024	6187
15	48066091	48066438	14837
15	48413180	48413421	8400
15	48413992	48414301	25932
15	48426435	48426556	11107
15	48426622	48426745	6500
15	48427039	48427191	3967
15	48428808	48429199	13152
15	48431147	48431388	6045
15	48433269	48433421	4521
15	48433875	48434196	12272
15	48434205	48434566	14930
15	48434804	48434905	2642
15	48434931	48435032	2339
15	48435065	48435306	7377
15	48441163	48441314	5762
15	48441342	48441583	5761
15	48443271	48443392	6720
15	48443627	48443778	3364
15	48444043	48444164	6149
15	48444394	48444515	5850
15	48445948	48446100	8071
15	48450160	48450281	5099
15	48450335	48450456	5556
15	48450921	48451162	10463
15	48451784	48452025	3959
15	48458115	48458236	6482
15	48458260	48458381	3241
15	48459510	48459631	6004
15	48459686	48459787	5008
15	48460810	48461051	16433
15	48470232	48470473	413
15	48493497	48495952	105900
15	48499885	48500366	14265
15	48512775	48513016	18142
15	48513094	48513215	9521
15	48518046	48518146	3665
15	48518659	48518780	5997
15	48519262	48519383	4850
15	48520768	48520889	5022
15	48521334	48521575	12659
15	48522523	48522764	10844
15	48524858	48525099	10915
15	48527016	48527257	16365
15	48529089	48529272	2563
15	48533692	48533813	6927
15	48536904	48537145	7475
15	48539038	48539279	7135
15	48539474	48539715	11340
15	48541701	48541942	22722
15	48543768	48544009	35771
15	48547996	48548117	9769
15	48551331	48551572	19998
15	48559706	48559947	12539
15	48561786	48562027	14498
15	48566740	48566868	7946
15	48577253	48577494	9125
15	48580184	48580425	7303
15	48580536	48580777	6768
15	48583956	48584077	3255
15	48591283	48591524	8492
15	48593484	48593605	3883
15	48594893	48595134	12179
15	48623671	48624032	8454
15	48624432	48624613	920
15	48626598	48626719	7893
15	48628203	48628324	14596
15	48633461	48633625	8462
15	48633685	48633806	3905
15	48634155	48634306	5524
15	48700522	48700623	10891
15	48700664	48700765	6613
15	48700872	48700973	4025
15	48702252	48702411	16258
15	48702448	48702817	23994
15	48703140	48703621	29191
15	48704701	48704972	17685
15	48707723	48707974	17157
15	48712822	48713063	5462
15	48713697	48713938	7383
15	48714085	48714326	8973
15	48717505	48717746	19059
15	48717877	48718118	8054
15	48719745	48719986	7626
15	48720048	48720169	2624
15	48720454	48720725	20238
15	48722812	48723053	29200
15	48725002	48725243	11474
15	48726729	48726970	19284
15	48729064	48729335	12129
15	48729490	48729611	3189
15	48729918	48730159	12742
15	48733829	48734100	8896
15	48736676	48736917	22813
15	48737515	48737756	7877
15	48738839	48739080	9867
15	48740906	48741147	8640
15	48744668	48744939	15761
15	48748775	48749016	5959
15	48752387	48752538	2159
15	48755206	48755477	24491
15	48756086	48756250	13685
15	48757706	48757947	12652
15	48757959	48758080	5475
15	48760065	48760336	10091
15	48760548	48760789	6620
15	48762770	48763011	9249
15	48764689	48764930	20592
15	48766361	48766632	49463
15	48766664	48766905	13827
15	48773793	48774034	7389
15	48775956	48776197	9860
15	48777481	48777721	11253
15	48779260	48779691	24611
15	48780252	48780493	14348
15	48780506	48780747	17570
15	48782038	48782285	13237
15	48784599	48784840	7334
15	48786364	48786485	4309
15	48787267	48787508	9728
15	48787604	48787845	4458
15	48788238	48788479	10456
15	48789404	48789645	14837
15	48791117	48791268	17401
15	48795938	48796179	11514
15	48797161	48797402	13877
15	48800718	48800959	18625
15	48802182	48802423	8513
15	48805684	48805925	8728
15	48807532	48807773	4524
15	48808318	48808589	6942
15	48812813	48813054	15649
15	48818268	48818509	14239
15	48826188	48826459	17241
15	48829785	48830026	8228
15	48888436	48888587	5472
15	48892322	48892443	6031
15	48902882	48903033	8220
15	48905186	48905307	1087
15	48936733	48937004	18390
15	49017929	49018080	11900
15	49030424	49031505	67020
15	49033783	49033911	3808
15	49034099	49034340	15335
15	49036397	49036550	6216
15	49037079	49037200	8212
15	49040602	49040843	17763
15	49044476	49044725	11564
15	49048063	49048784	45980
15	49052276	49052517	17106
15	49054547	49054908	32553
15	49056406	49056592	18379
15	49059201	49059442	10172
15	49059474	49059715	12563
15	49060406	49060535	4469
15	49061143	49061325	6478
15	49064664	49064905	9858
15	49073353	49073566	13376
15	49074320	49074441	3869
15	49076092	49076363	10874
15	49080976	49081217	33783
15	49083382	49083653	13676
15	49085477	49085707	16557
15	49088171	49088401	17025
15	49089455	49089816	25606
15	49089831	49089952	4956
15	49090135	49090258	4607
15	49097451	49097552	2938
15	49097741	49097892	2314
15	49117089	49117190	4829
15	49117682	49117930	7081
15	49118124	49118365	15534
15	49126911	49127259	16117
15	49135554	49135815	9732
15	49143353	49143474	7765
15	49148114	49148355	17636
15	49149857	49150027	10666
15	49159979	49160100	3790
15	49164251	49164372	5718
15	49168735	49168865	1788
15	49170354	49172381	105362
15	49173778	49173879	6625
15	49176383	49176624	6066
15	49182896	49183026	11789
15	49217049	49217170	8886
15	49254618	49255225	33035
15	49280969	49281070	6065
15	49281316	49281512	6504
15	49281585	49281686	3626
15	49282154	49282255	3238
15	49282378	49282479	3416
15	49282789	49282890	3923
15	49283650	49283751	3716
15	49284410	49285133	52944
15	49288552	49288793	12634
15	49291985	49292226	20304
15	49293062	49293304	15382
15	49301372	49301613	9714
15	49303872	49304113	23531
15	49304808	49305049	5372
15	49308706	49308908	9488
15	49309007	49309246	9973
15	49309723	49309844	2943
15	49311560	49311768	14921
15	49319498	49319687	7140
15	49320291	49320412	465
15	49320613	49320889	14472
15	49325108	49325349	14605
15	49327511	49327872	23475
15	49329755	49329996	10395
15	49338423	49338544	1718
15	49419539	49419640	4904
15	49419643	49419874	7682
15	49419912	49420037	9905
15	49420097	49420338	12602
15	49420866	49420987	3446
15	49421653	49421774	3520
15	49422873	49423024	6213
15	49425890	49426041	7443
15	49426094	49426335	10031
15	49426502	49426743	11519
15	49429324	49429445	4815
15	49429478	49429719	7407
15	49431666	49431907	9934
15	49436401	49436522	12031
15	49437152	49437285	5097
15	49447687	49447808	2306
15	49448031	49448263	11301
15	49462484	49462605	7455
15	49493341	49493462	7595
15	49509327	49509568	16950
15	49528001	49528152	9798
15	49531369	49531610	20662
15	49574171	49574292	2917
15	49575717	49575958	16174
15	49584507	49584748	9017
15	49611780	49612021	7946
15	49620131	49620372	19517
15	49620678	49620958	23111
15	49623920	49624071	3557
15	49626401	49626502	5557
15	49627593	49627714	13809
15	49657672	49658181	36215
15	49659573	49659844	7506
15	49663486	49663607	4212
15	49683004	49683104	5292
15	49714858	49714959	2256
15	49716456	49716817	12033
15	49775338	49775461	32243
15	49776482	49777154	87415
15	49777477	49777751	10589
15	49777773	49777873	3223
15	49788710	49788811	3669
15	49800355	49800596	11068
15	49833818	49834013	13012
15	49860431	49860553	7195
15	49867198	49867319	3770
15	49868928	49869052	1625
15	49869782	49869903	3288
15	49880185	49880306	1333
15	49881963	49882214	12180
15	49903377	49903498	4984
15	49907251	49907402	9051
15	49917285	49917676	28216
15	49918912	49919033	7928
15	49923203	49923304	2928
15	49924335	49924547	10157
15	49926680	49927031	14300
15	49935518	49935831	11620
15	50086887	50087008	6425
15	50087606	50087727	8166
15	50088078	50088199	10843
15	50088204	50088323	10141
15	50152350	50152711	19288
15	50154385	50154626	10950
15	50158490	50158731	10793
15	50168416	50168777	13217
15	50171553	50171674	2609
15	50189322	50189776	10516
15	50190235	50190476	10771
15	50193241	50193482	15293
15	50193950	50194078	2508
15	50209121	50209246	8629
15	50211026	50211157	9466
15	50212403	50212644	14656
15	50215512	50215753	7145
15	50223288	50223529	15672
15	50226175	50226416	5917
15	50254134	50254255	3382
15	50264761	50265002	13607
15	50271790	50272031	8235
15	50273385	50273506	10492
15	50279545	50279786	13726
15	50288823	50288974	10894
15	50294323	50294444	2239
15	50303016	50303137	2044
15	50330934	50331055	11860
15	50336778	50336899	4157
15	50339538	50339682	6615
15	50366291	50366412	6763
15	50399071	50399222	2667
15	50474562	50475163	32731
15	50489650	50489921	17420
15	50494641	50494882	12589
15	50497376	50497617	12365
15	50515137	50515378	17537
15	50518168	50518289	6717
15	50519124	50519395	8341
15	50521099	50521250	9557
15	50526008	50526249	8303
15	50528083	50528324	12022
15	50534367	50535249	40664
15	50535329	50535451	5122
15	50540429	50540550	2667
15	50544610	50544731	7238
15	50544768	50545009	8562
15	50545737	50545889	5243
15	50546247	50546518	8572
15	50546672	50546913	12154
15	50549561	50549802	9041
15	50550591	50550724	5765
15	50555396	50555637	8240
15	50557743	50557864	8804
15	50569882	50570012	3199
15	50570306	50570475	5011
15	50570481	50570582	2648
15	50570646	50570747	4653
15	50570783	50571024	20708
15	50578177	50578418	7639
15	50581651	50581892	14931
15	50592976	50593109	4014
15	50593370	50593611	14080
15	50595101	50595342	11229
15	50596125	50596366	7504
15	50601850	50602005	2613
15	50646482	50646893	729
15	50647157	50647258	3309
15	50647319	50647553	13700
15	50731261	50731384	2110
15	50733496	50733737	5391
15	50741566	50741692	2442
15	50751126	50751397	6355
15	50754436	50754557	3095
15	50757194	50757435	20718
15	50763789	50764030	13863
15	50768996	50769237	12161
15	50769433	50769706	12059
15	50773625	50774315	31246
15	50776453	50776574	4545
15	50781987	50782112	6171
15	50782409	50782770	9167
15	50784882	50785123	8533
15	50785217	50785318	1753
15	50785545	50785678	4491
15	50786045	50786166	6337
15	50786220	50786491	10851
15	50787981	50788342	16169
15	50789235	50789476	16458
15	50790737	50790978	13556
15	50791071	50791312	17898
15	50792938	50793059	4839
15	50821938	50822179	16584
15	50830873	50831096	8978
15	50833232	50833473	17266
15	50835778	50836019	10633
15	50836759	50837000	10377
15	50838634	50838755	11249
15	50852445	50852670	11670
15	50852956	50853057	5876
15	50853100	50853201	5473
15	50853490	50853591	3013
15	50853818	50854028	8520
15	50862074	50862200	5825
15	50862255	50862376	4751
15	50866452	50866693	10365
15	50866783	50866934	5444
15	50866979	50867370	12045
15	50867892	50868013	6807
15	50868029	50868150	3250
15	50870787	50870908	8533
15	50873026	50873147	2851
15	50875241	50875371	8652
15	50878575	50878696	2083
15	50881759	50881880	2591
15	50884071	50884867	22424
15	50885758	50885999	8312
15	50886596	50886837	5210
15	50888393	50888634	6237
15	50891254	50891525	4705
15	50897020	50897381	13974
15	50899339	50899580	2761
15	50901751	50901931	13044
15	50901959	50902200	12159
15	50903280	50903528	16291
15	50904704	50905065	16197
15	50905894	50906091	10207
15	50906268	50906509	12484
15	50911909	50912060	7455
15	50916308	50916549	13432
15	50920334	50920456	2343
15	50923588	50923709	9471
15	50925006	50925247	6104
15	50926549	50926785	4485
15	50929583	50929824	6479
15	50931561	50931768	6975
15	50935522	50935763	13116
15	50940861	50941102	17112
15	50949935	50950056	5912
15	50955142	50955263	4631
15	50978154	50978254	7540
15	50978637	50978969	20430
15	50999755	50999856	3388
15	50999972	51000093	3405
15	51012095	51012336	19544
15	51014298	51014419	1057
15	51017405	51017530	4916
15	51018484	51018605	5517
15	51023137	51023258	4857
15	51024779	51024900	1875
15	51028287	51028409	4289
15	51028827	51028948	3048
15	51031829	51032070	8214
15	51039637	51039878	7570
15	51040293	51040414	6061
15	51040854	51041095	13554
15	51041823	51041953	7269
15	51057636	51057757	173
15	51200966	51201171	1128
15	51204249	51204400	5851
15	51207585	51207826	11961
15	51216103	51216224	13506
15	51217234	51217475	19244
15	51221164	51221405	14158
15	51222963	51223204	7043
15	51226796	51226917	10861
15	51233578	51233819	8955
15	51233826	51233982	10707
15	51240165	51240417	9205
15	51242013	51242145	6190
15	51242185	51242426	8631
15	51250599	51251014	27084
15	51260395	51260636	14330
15	51276159	51276400	10403
15	51285483	51285874	10056
15	51289500	51290101	38015
15	51291212	51291483	12008
15	51293180	51293421	5021
15	51294665	51294973	17848
15	51295093	51295208	2955
15	51295360	51295460	4452
15	51295904	51296005	4350
15	51296861	51296962	2449
15	51297588	51297689	2476
15	51297879	51297979	2484
15	51350057	51350650	25953
15	51386691	51386894	1026
15	51397136	51397407	21089
15	51501845	51501945	2098
15	51502947	51503308	21066
15	51504456	51504817	17024
15	51507226	51507467	8374
15	51507835	51508076	18649
15	51510673	51510914	8302
15	51514507	51514753	20130
15	51519931	51520172	21384
15	51529009	51529250	11788
15	51534915	51535156	13230
15	51633821	51634302	531
15	51669610	51669731	4119
15	51675550	51675701	13061
15	51675972	51676158	11855
15	51686983	51687224	18782
15	51689657	51689850	11971
15	51692369	51692490	6726
15	51692511	51692752	13662
15	51693743	51693984	25604
15	51696411	51697012	36652
15	51739965	51740187	8051
15	51740210	51740389	7311
15	51740509	51740701	6197
15	51740909	51741009	5043
15	51741164	51741405	15721
15	51742313	51742554	17198
15	51743806	51743927	3171
15	51745701	51745852	4592
15	51747325	51747446	8951
15	51748205	51748586	11196
15	51749472	51749713	11569
15	51750642	51750883	4324
15	51750887	51751008	4572
15	51751775	51751876	4250
15	51755513	51755754	9027
15	51756861	51757092	10574
15	51757721	51757872	4137
15	51758323	51758520	20804
15	51763387	51763628	8336
15	51766483	51766844	10343
15	51768728	51768969	8352
15	51770444	51770565	8135
15	51772119	51772360	12525
15	51772678	51773879	81176
15	51778220	51778581	22087
15	51780112	51780353	9466
15	51780732	51780853	6866
15	51783738	51783979	4793
15	51787211	51787341	2712
15	51790687	51792488	83261
15	51794993	51795240	10415
15	51799269	51799510	7766
15	51806576	51806817	6987
15	51809228	51809379	8086
15	51827769	51828040	8691
15	51828308	51829107	42017
15	51829639	51830000	13624
15	51830348	51830670	24947
15	51834495	51834736	13226
15	51837720	51837991	4699
15	51839394	51839635	4355
15	51855549	51855670	2843
15	51856238	51856509	13598
15	51857269	51857390	3917
15	51860658	51860779	3280
15	51868194	51868388	4604
15	51914637	51914758	22066
15	51973932	51974053	3054
15	51974678	51974799	8620
15	51975248	51975643	15791
15	51980406	51980647	11802
15	51981338	51981575	7937
15	51984323	51984564	12437
15	51988008	51988249	16911
15	51991496	51991647	4846
15	51993221	51993492	7221
15	52005478	52005629	13048
15	52011542	52011783	11306
15	52015763	52015884	7165
15	52016941	52017332	17015
15	52029537	52029914	0
15	52043583	52043683	2540
15	52058580	52058821	12705
15	52060415	52060656	6707
15	52065818	52066089	18964
15	52069080	52069231	9385
15	52073184	52073425	10011
15	52074880	52075035	10345
15	52090344	52090585	11427
15	52098524	52098765	9130
15	52100542	52100693	20084
15	52100705	52100805	8370
15	52100992	52101092	2685
15	52101427	52101528	3939
15	52155023	52155264	13919
15	52161370	52161611	12606
15	52179695	52179966	11327
15	52181236	52181387	8052
15	52185973	52186196	13343
15	52188606	52188733	2544
15	52192302	52192543	8007
15	52194009	52194280	10148
15	52200898	52201156	8886
15	52201273	52201395	3870
15	52201681	52201781	2271
15	52230249	52230467	6076
15	52239446	52239597	9298
15	52241976	52242217	26139
15	52243987	52244228	14337
15	52245241	52245512	5927
15	52246663	52246784	11294
15	52250919	52251040	7524
15	52252047	52252251	13095
15	52252821	52252942	7091
15	52254546	52254700	5753
15	52257902	52258722	50755
15	52263822	52263973	11955
15	52311447	52311573	997
15	52338011	52338111	5477
15	52338633	52339234	45325
15	52342140	52342381	10892
15	52350790	52351031	9415
15	52353475	52353716	9616
15	52356055	52357332	99284
15	52357343	52357443	3978
15	52357563	52357737	3672
15	52357792	52358324	12215
15	52401956	52402227	3022
15	52404377	52404978	4351
15	52414534	52414635	2456
15	52414868	52415019	2613
15	52416631	52416872	17351
15	52418131	52418252	4227
15	52420355	52420476	5938
15	52425559	52425680	7276
15	52427730	52428001	11841
15	52433281	52433522	9213
15	52439602	52439753	4395
15	52441990	52442161	7638
15	52446083	52446324	18174
15	52471955	52472086	3111
15	52476689	52476930	8256
15	52486023	52486294	14014
15	52487522	52487673	9186
15	52488471	52488712	9481
15	52496991	52497382	26669
15	52497966	52498207	12332
15	52500734	52500855	4025
15	52503852	52504123	13261
15	52505372	52505493	11398
15	52506782	52506903	8065
15	52510678	52510919	13529
15	52511926	52512047	8878
15	52513344	52513465	8251
15	52515709	52515950	12410
15	52517046	52517197	9841
15	52517242	52517363	8059
15	52517621	52517742	12174
15	52521268	52521539	6403
15	52524789	52524910	7899
15	52527822	52527973	5106
15	52529639	52529880	12703
15	52531881	52532122	10354
15	52534176	52534447	15829
15	52536537	52536778	13524
15	52537541	52537672	8106
15	52538134	52538255	2654
15	52539101	52539222	7624
15	52539600	52539841	10962
15	52540877	52540998	5009
15	52543498	52543769	11430
15	52545432	52545703	10416
15	52548815	52548936	5078
15	52553010	52553371	12465
15	52556377	52556503	5611
15	52561940	52562067	12636
15	52563939	52564060	1698
15	52564727	52564968	17638
15	52567715	52567956	16888
15	52569304	52569500	4946
15	52570990	52571261	9357
15	52571667	52571908	9524
15	52574942	52575099	7766
15	52587758	52587879	774
15	52600874	52601074	6946
15	52604068	52604168	5322
15	52605137	52605237	2574
15	52605391	52605491	3720
15	52605710	52605810	3736
15	52605847	52606088	5447
15	52606298	52606419	2888
15	52609210	52609451	18057
15	52611216	52611577	49475
15	52613509	52613750	11672
15	52615535	52615656	7686
15	52620004	52620213	12556
15	52622501	52622742	25012
15	52628615	52628766	7754
15	52629982	52630103	5883
15	52632370	52632611	9426
15	52635262	52635413	4598
15	52638546	52638668	5839
15	52638740	52638861	5680
15	52640957	52641078	5323
15	52643441	52643688	17146
15	52645767	52645888	5348
15	52646018	52646259	8513
15	52652130	52652288	19052
15	52656741	52656944	4150
15	52659213	52659334	15553
15	52662308	52662669	24054
15	52664229	52664620	13267
15	52667457	52667698	12661
15	52668498	52668769	15896
15	52671812	52671940	5897
15	52671970	52672121	5622
15	52675275	52675396	5254
15	52676317	52676558	25843
15	52679976	52680127	7329
15	52681376	52681617	9205
15	52684075	52684316	9226
15	52688492	52688613	10715
15	52689349	52689710	19300
15	52697474	52697600	8498
15	52699479	52699606	4573
15	52700235	52700356	2065
15	52702480	52702721	15774
15	52708268	52708508	13394
15	52717977	52718218	5405
15	52720559	52720800	13719
15	52725362	52725492	1925
15	52727792	52727913	8032
15	52730188	52730289	2422
15	52797723	52797844	15449
15	52797981	52798102	8728
15	52820928	52821049	355
15	52841007	52841108	3712
15	52841544	52841645	3473
15	52841720	52841843	6414
15	52842070	52842171	3672
15	52843019	52843169	7446
15	52843184	52843519	15312
15	52843548	52843664	2399
15	52843897	52844335	16680
15	52849236	52849477	15502
15	52861005	52861126	839
15	52873818	52874229	13611
15	52874306	52874547	13204
15	52876920	52877161	42050
15	52879252	52879441	10154
15	52885732	52885973	4506
15	52892256	52892476	6356
15	52893261	52893382	1622
15	52897265	52897506	11134
15	52900711	52902632	137343
15	52903268	52903509	10023
15	52903751	52903992	7842
15	52905840	52906084	22756
15	52931332	52931432	8371
15	52970149	52970270	3603
15	53049387	53049488	12768
15	53049565	53050077	29796
15	53080928	53082180	46044
15	53176657	53176778	5186
15	53177819	53178733	42341
15	53230549	53230670	10346
15	53809862	53809983	3194
15	53815375	53815529	7029
15	53889252	53889493	12281
15	53901688	53901809	6824
15	53905847	53905968	1311
15	53907580	53908451	47078
15	53957745	53957986	10954
15	53991923	53992164	9486
15	53994319	53994561	9364
15	53997096	53997487	13294
15	53998046	53998317	6007
15	54003040	54003161	7216
15	54003484	54003725	8576
15	54004907	54005148	6866
15	54006577	54006728	4412
15	54007355	54007596	7762
15	54008781	54008902	4077
15	54014989	54015115	8177
15	54025148	54025389	7571
15	54305090	54308091	114171
15	54435164	54435285	9249
15	54435787	54435908	7251
15	54441509	54441609	4213
15	54527205	54527327	10172
15	54528569	54528690	5273
15	54529689	54529912	14897
15	54542411	54542652	15529
15	54556298	54556659	12807
15	54557502	54557743	5756
15	54586056	54586297	9303
15	54589945	54590186	5316
15	54592368	54592609	12667
15	54614093	54614334	7328
15	54624213	54624334	9744
15	54625948	54626069	7341
15	54630501	54630742	12754
15	54685191	54685432	11230
15	54707161	54707282	2421
15	54709083	54709229	8102
15	54786796	54786989	10879
15	54792263	54792384	10473
15	54792983	54793224	23444
15	54799292	54799413	7636
15	54803928	54804049	3819
15	54817729	54817850	6837
15	54825068	54825309	17624
15	54838910	54839104	8651
15	54841799	54841920	4910
15	54847608	54847729	2252
15	54859950	54860191	8240
15	54914509	54914630	1736
15	54915951	54916192	11953
15	54918987	54919433	16879
15	54919456	54919570	8971
15	54919832	54920113	15225
15	54920670	54920770	5594
15	55474325	55474446	3566
15	55475464	55475615	7365
15	55477530	55477651	4598
15	55483147	55483268	4135
15	55484908	55485041	4913
15	55488956	55489107	8568
15	55497313	55497413	3420
15	55497682	55497923	18013
15	55516027	55516268	7527
15	55520767	55520920	3818
15	55522550	55522701	6318
15	55526934	55527175	6999
15	55611403	55611621	11408
15	55612418	55612660	22705
15	55613418	55613647	8215
15	55619659	55619900	16982
15	55621865	55622106	25274
15	55626013	55626254	18296
15	55631429	55631550	8165
15	55632794	55633035	14191
15	55633906	55634052	7332
15	55642882	55643123	14079
15	55646964	55647205	11817
15	55647435	55647676	9282
15	55647836	55647936	1511
15	55648191	55648291	3437
15	55648417	55648670	17912
15	55651608	55653199	78779
15	55657324	55657517	4100
15	55663955	55664296	9957
15	55665093	55665257	7195
15	55669126	55669367	13901
15	55670444	55670595	8602
15	55677733	55677974	9578
15	55681531	55681652	3726
15	55700507	55700608	351
15	55700925	55701025	7690
15	55710223	55710768	16845
15	55722858	55722987	9660
15	55724685	55724810	8808
15	55727028	55727299	9476
15	55731660	55731789	4661
15	55734877	55735435	50888
15	55742371	55742612	7555
15	55759047	55759475	20693
15	55783266	55783507	37718
15	55789832	55790103	10053
15	55790344	55790585	23293
15	55838181	55839382	61312
15	55841089	55841210	8193
15	55879995	55880158	7626
15	55880934	55881085	4058
15	55911613	55911714	3375
15	55911744	55911953	3074
15	55912125	55912516	15974
15	55912851	55912975	5422
15	55916501	55916742	13415
15	55919144	55919361	15089
15	55920959	55921230	12513
15	55929331	55929572	6621
15	55930689	55930930	11423
15	55931811	55932052	29692
15	55933297	55933418	5144
15	55948496	55948597	3058
15	55964585	55964856	21609
15	55965540	55965901	12098
15	55967677	55967918	9058
15	55969937	55970298	16469
15	55971442	55971683	13387
15	55972209	55972450	8267
15	55972636	55972845	4759
15	55974507	55974741	15687
15	55975935	55976176	6806
15	56032549	56032910	24467
15	56035021	56035142	2282
15	56120919	56121199	14973
15	56121660	56121760	1829
15	56122084	56122207	7741
15	56122686	56122807	8061
15	56125192	56125313	5312
15	56126226	56126353	6723
15	56126363	56126514	5999
15	56129925	56130076	6716
15	56130280	56130401	5280
15	56130693	56130814	8770
15	56132588	56132984	10741
15	56134122	56134371	11778
15	56139138	56139259	4505
15	56140507	56140658	5716
15	56140684	56140805	3185
15	56140982	56141103	3663
15	56142688	56142959	13889
15	56144560	56144772	8288
15	56148300	56148421	2884
15	56152537	56153037	43379
15	56155072	56155313	9917
15	56161766	56161891	2811
15	56164582	56164727	8955
15	56166119	56166241	6122
15	56207472	56209039	81076
15	56216279	56216465	10695
15	56216809	56216930	2415
15	56243531	56243652	3034
15	56243670	56243807	5842
15	56258646	56258767	5653
15	56285669	56286063	12429
15	56297892	56298013	7823
15	56298376	56298553	17489
15	56379636	56379736	2901
15	56381499	56381600	2768
15	56382762	56382900	4205
15	56382984	56383874	39150
15	56383930	56384030	2254
15	56384348	56384448	7391
15	56384876	56384977	2704
15	56384996	56385213	7060
15	56385284	56388858	263432
15	56390245	56390606	25450
15	56393539	56393780	15767
15	56394347	56394468	3463
15	56395688	56395929	9490
15	56434909	56435156	16068
15	56436578	56436699	2923
15	56471423	56471544	9257
15	56484548	56484724	7114
15	56535281	56535522	10931
15	56657570	56657721	9220
15	56657761	56657882	4857
15	56665609	56665730	7586
15	56676128	56676249	4696
15	56680632	56680753	3115
15	56681495	56681616	2743
15	56683407	56683648	8491
15	56686342	56686463	7580
15	56686824	56687065	6357
15	56704445	56704686	3422
15	56719748	56719989	5798
15	56720542	56720663	3969
15	56721283	56721404	2062
15	56723525	56723753	13661
15	56726283	56726644	23140
15	56735614	56735745	4637
15	56735822	56736063	23308
15	56736632	56736881	26621
15	56739028	56739151	3156
15	56748534	56748775	16411
15	56756213	56756455	16427
15	56757077	56757228	5039
15	56923646	56924367	35032
15	56927359	56927480	6376
15	56935111	56935232	4400
15	56945690	56945797	1783
15	56946352	56946473	3999
15	56946520	56946761	8491
15	56946829	56947050	5378
15	56950591	56950712	5129
15	56958541	56958743	15828
15	56958849	56959210	23980
15	56960966	56961207	13420
15	56968819	56969060	14501
15	56969730	56969882	5999
15	56970819	56971060	21776
15	56974442	56974685	8636
15	56981229	56981358	3620
15	56981461	56981689	5263
15	56985233	56985455	10626
15	56993034	56993453	24426
15	56996270	56996511	13579
15	56999232	56999353	4358
15	56999421	56999542	5364
15	57017028	57017128	5995
15	57025646	57026173	6118
15	57212087	57212208	7286
15	57213198	57213319	1749
15	57258509	57258707	4080
15	57355923	57356044	5854
15	57383976	57384099	8721
15	57458570	57458691	6622
15	57484302	57484543	18278
15	57489935	57490056	9156
15	57490333	57490434	2006
15	57511692	57511813	5718
15	57523340	57523465	8647
15	57524437	57524678	22672
15	57524860	57525101	11523
15	57526211	57526332	4537
15	57535647	57535768	9577
15	57543493	57543644	11188
15	57544593	57544714	4989
15	57545441	57545682	14501
15	57554227	57554468	14412
15	57555239	57555510	13875
15	57565218	57565470	9850
15	57574592	57574833	9021
15	57578419	57578520	1757
15	57578571	57578692	3743
15	57578696	57578796	5103
15	57578825	57579026	5633
15	57579042	57579143	2774
15	57579305	57579406	2549
15	57579593	57579693	8962
15	57579719	57579839	7901
15	57579872	57579973	2732
15	57580020	57580179	4872
15	57580197	57580298	2896
15	57580305	57580415	1562
15	57580537	57580742	5705
15	57730127	57731838	67906
15	57732560	57732681	2736
15	57734561	57734686	7226
15	57743637	57743809	5766
15	57744261	57744532	14784
15	57745797	57746068	9490
15	57753832	57754103	11763
15	57808929	57809200	19400
15	57810581	57810705	3826
15	57815641	57815882	15891
15	57816712	57816983	7779
15	57820781	57821052	11544
15	57823841	57823992	11183
15	57835874	57835995	7454
15	57836611	57836852	14454
15	57837752	57837908	14352
15	57838204	57838475	13846
15	57839469	57839740	16006
15	57842519	57842620	2115
15	57842655	57842755	6776
15	57842797	57842898	8094
15	57884121	57884364	0
15	57890514	57890615	4775
15	57896418	57896569	5249
15	57910187	57910428	25381
15	57913790	57913911	4782
15	57917967	57918100	4374
15	57921854	57922086	10422
15	57924573	57924814	57888
15	57925723	57925994	10083
15	57929841	57929992	3977
15	57931599	57931753	12093
15	57953628	57953749	4601
15	57967124	57967276	11404
15	57976586	57976737	3318
15	57998122	57998311	13546
15	57998925	57999339	19927
15	58000872	58001593	51196
15	58004162	58004403	10248
15	58006654	58006925	17329
15	58007072	58007173	2293
15	58007319	58007420	8061
15	58027607	58027848	7158
15	58245597	58245753	6427
15	58246604	58246705	3986
15	58246839	58246940	3862
15	58247339	58247490	8523
15	58252943	58253064	2695
15	58253292	58253533	11710
15	58254170	58254411	23167
15	58256053	58256294	6940
15	58257882	58258035	7193
15	58271925	58272183	15322
15	58272202	58272757	28057
15	58284893	58285026	5248
15	58285055	58285326	8349
15	58287215	58287366	8005
15	58302790	58303031	16802
15	58306004	58306245	13072
15	58306365	58306489	5903
15	58357668	58357897	21887
15	58430755	58430885	7130
15	58442115	58442216	7563
15	58442489	58442701	5291
15	58458813	58459009	29714
15	58465214	58465455	14931
15	58467054	58467295	10613
15	58471314	58471555	10615
15	58476125	58476366	22463
15	58477500	58477601	5425
15	58723613	58723734	7346
15	58724184	58724335	9307
15	58725201	58725301	3493
15	58828371	58828472	2887
15	58830472	58830743	20664
15	58833953	58834194	16090
15	58834640	58834911	9491
15	58837906	58838184	14851
15	58840468	58840829	23687
15	58853053	58853241	14821
15	58855691	58855932	13584
15	58860905	58861036	4731
15	58888623	58888733	6933
15	58889161	58889362	7132
15	58889395	58889622	13695
15	58889625	58889852	12589
15	58891738	58891979	9546
15	58902387	58902726	15726
15	58903160	58903316	7138
15	58903977	58904218	17359
15	58913623	58913864	20444
15	58919877	58920110	17745
15	58925355	58925596	10449
15	58932946	58933187	7204
15	58936069	58936190	5410
15	58938207	58938448	7428
15	58947529	58947629	324
15	58957284	58957406	6925
15	58971280	58971521	3600
15	58974332	58974559	12169
15	58978591	58978832	18198
15	58983266	58983867	42179
15	58984262	58985387	84632
15	59003908	59004009	2607
15	59009729	59009970	11219
15	59009976	59010259	8034
15	59041613	59041813	2746
15	59063440	59064494	42355
15	59080072	59080223	3945
15	59094482	59094603	12462
15	59102386	59102627	14433
15	59113875	59114028	8965
15	59123922	59124163	13869
15	59139461	59139702	8470
15	59143945	59144186	2398
15	59146623	59146864	15343
15	59146884	59147062	14002
15	59147079	59147258	8027
15	59147307	59147407	4810
15	59147412	59147513	3415
15	59147628	59147821	5382
15	59148111	59148306	11503
15	59148526	59148627	2823
15	59171656	59171782	3823
15	59171872	59171972	1960
15	59172005	59172106	2635
15	59172160	59172316	8510
15	59175783	59176013	28200
15	59179124	59179365	12350
15	59179370	59179761	47156
15	59180547	59180788	13893
15	59181569	59181810	23179
15	59182448	59182689	6894
15	59185026	59185297	7875
15	59185459	59185580	7879
15	59185981	59186222	19476
15	59186279	59186402	7349
15	59186585	59186826	8412
15	59189251	59189492	9794
15	59190959	59191080	4413
15	59191574	59192175	16230
15	59193411	59193532	6090
15	59204662	59204835	8315
15	59205675	59205916	8364
15	59209104	59209225	3962
15	59224507	59224658	8241
15	59225562	59225803	8986
15	59225811	59225912	179
15	59322980	59323941	27972
15	59344445	59344659	9731
15	59347811	59348082	11538
15	59350530	59350771	9023
15	59358941	59359302	35991
15	59368102	59368463	15799
15	59373125	59373493	35513
15	59376269	59376510	11022
15	59377799	59378040	9945
15	59381820	59381971	6228
15	59383244	59383365	5124
15	59384655	59384895	5546
15	59386919	59387226	28345
15	59387280	59387418	13292
15	59387814	59387914	2259
15	59388065	59388265	11087
15	59388321	59388488	8549
15	59388501	59388688	14553
15	59397418	59397539	6559
15	59399463	59399704	11708
15	59399721	59399879	7259
15	59406606	59406847	20437
15	59406874	59407115	10111
15	59408825	59409186	22282
15	59409375	59409616	14873
15	59415706	59415836	2568
15	59416929	59417086	6704
15	59428768	59428868	6310
15	59429092	59429249	10089
15	59429555	59429676	3717
15	59430330	59430601	8321
15	59443126	59443277	4250
15	59445738	59446009	13754
15	59450470	59450591	10421
15	59453199	59453470	13695
15	59455277	59455548	8653
15	59463371	59463472	5306
15	59464047	59464272	14606
15	59465908	59466149	16605
15	59466260	59466501	7645
15	59470512	59470783	16176
15	59480304	59480425	8770
15	59487650	59487776	8580
15	59494504	59494625	5349
15	59497550	59497701	4207
15	59499111	59500715	107355
15	59500842	59501083	21349
15	59502694	59502815	4886
15	59506408	59506529	3615
15	59506787	59506938	7234
15	59508835	59509032	741
15	59510036	59510307	6758
15	59515172	59515443	11549
15	59516803	59517074	8375
15	59519572	59519843	10984
15	59523884	59524005	7235
15	59528766	59528887	3692
15	59548466	59548587	9020
15	59553602	59553723	5093
15	59564455	59564696	26262
15	59571346	59571446	8646
15	59664636	59664767	809
15	59730416	59730516	0
15	59750742	59750899	5917
15	59752087	59752448	7538
15	59784407	59784648	11418
15	59799355	59799596	14714
15	59800993	59801234	6256
15	59806446	59806675	12204
15	59808820	59809061	5955
15	59813393	59813634	13010
15	59813642	59813743	7081
15	59814270	59814371	5537
15	59814433	59814534	11424
15	59814894	59815082	8426
15	59910374	59913024	139586
15	59931172	59931403	8596
15	59934276	59934517	16706
15	59942858	59942982	5534
15	59944379	59944500	3820
15	59955249	59955349	3799
15	59955734	59955835	4570
15	59955957	59956058	3802
15	59956062	59956163	3867
15	59956232	59956353	3352
15	59960258	59960379	1895
15	59961078	59961199	9543
15	59961456	59961577	5999
15	59963326	59963567	12833
15	59964765	59965006	8014
15	59969149	59969268	21243
15	59970076	59970317	14696
15	59970968	59971069	728
15	59971757	59971998	8092
15	59972412	59972533	1225
15	59974538	59974779	8474
15	59981322	59981731	7025
15	60296776	60296877	4557
15	60297110	60298191	35594
15	60639577	60639703	4571
15	60639767	60639918	10862
15	60641213	60641454	12082
15	60643329	60643480	6899
15	60643879	60644030	7263
15	60644537	60644688	6082
15	60646321	60646442	4291
15	60647991	60648217	7215
15	60649328	60649449	7502
15	60653130	60653263	5135
15	60656613	60656734	12412
15	60674499	60674650	6898
15	60678194	60678315	2318
15	60690029	60690150	797
15	60715218	60715319	4076
15	60715662	60715763	5600
15	60715775	60716016	9188
15	60720575	60720936	18446
15	60724096	60724217	7767
15	60728322	60728443	4899
15	60734528	60734799	9116
15	60740135	60740376	9628
15	60741002	60742083	60119
15	60745741	60746012	10877
15	60747160	60747401	11282
15	60747461	60747702	15465
15	60748808	60749044	16745
15	60758731	60758972	7573
15	60760231	60760570	19046
15	60768252	60768376	8103
15	60770094	60770215	7197
15	60789614	60789855	9929
15	60792081	60792213	7822
15	60793148	60793278	1375
15	60794921	60795076	5747
15	60795678	60795919	10351
15	60797646	60797887	18707
15	60803351	60803862	55441
15	60806764	60807005	17077
15	60823946	60824067	6579
15	60824069	60824169	5178
15	60849028	60849149	11800
15	60850373	60850524	5018
15	60884550	60884651	870
15	60907008	60907279	8155
15	60919427	60919629	15171
15	60970779	60970930	6210
15	61521242	61521516	1328
15	62146645	62146767	9311
15	62147050	62147171	4980
15	62148425	62148666	10554
15	62155621	62155742	6552
15	62156485	62156606	7825
15	62156738	62156859	4816
15	62160073	62160194	3001
15	62160791	62161032	3737
15	62161689	62161880	6517
15	62164149	62164270	3082
15	62165401	62165618	11988
15	62167033	62167162	6276
15	62167921	62168054	7009
15	62169151	62169272	4162
15	62170754	62170995	6292
15	62172773	62172931	10214
15	62173006	62173163	12357
15	62173735	62173856	5688
15	62173925	62174046	3064
15	62174743	62174984	10426
15	62176276	62176517	10961
15	62182354	62182609	8879
15	62199372	62199631	9711
15	62201136	62201377	10564
15	62202366	62202559	1766
15	62203999	62204240	13817
15	62205500	62205624	3278
15	62207785	62208266	19017
15	62209505	62209866	16418
15	62210274	62210515	13011
15	62211416	62211687	15521
15	62212216	62212577	10579
15	62212650	62212891	6024
15	62214127	62214248	6194
15	62214537	62215018	19531
15	62217639	62217760	3410
15	62219280	62219529	11589
15	62221642	62222003	22593
15	62223252	62223493	9603
15	62226408	62226540	8949
15	62228721	62228992	7464
15	62232798	62233039	7039
15	62233932	62234293	8617
15	62237846	62238117	18103
15	62238496	62238619	6864
15	62239328	62239569	8019
15	62241571	62241842	8316
15	62242525	62242646	5820
15	62243122	62243243	5061
15	62243979	62244220	14684
15	62246565	62246791	11599
15	62250797	62250925	8295
15	62251599	62251840	6856
15	62253758	62254119	12080
15	62254532	62254773	6020
15	62254908	62255061	6365
15	62255970	62256211	6302
15	62256857	62257098	6554
15	62258250	62258371	1781
15	62259545	62259666	6853
15	62261453	62261694	10663
15	62264742	62265013	19524
15	62265630	62265751	5636
15	62266430	62266671	9448
15	62269187	62269408	7652
15	62270765	62271006	11987
15	62273457	62273728	7245
15	62274593	62274834	14970
15	62275993	62276234	4792
15	62277005	62277213	10792
15	62283184	62283305	2713
15	62283815	62284011	7741
15	62292732	62292883	7347
15	62299471	62299712	10865
15	62300844	62300970	3217
15	62302613	62302854	14996
15	62304273	62304394	5605
15	62305216	62305337	5405
15	62306100	62306221	1433
15	62312646	62312767	1916
15	62315600	62315729	3693
15	62315950	62316071	3163
15	62320526	62320647	3004
15	62325629	62325751	2912
15	62327142	62327263	5111
15	62333482	62333603	5150
15	62336371	62336492	3639
15	62352462	62352583	4489
15	62359752	62363117	74052
15	62456027	62457224	3104
15	62534742	62534863	6844
15	62534953	62535412	34330
15	62535438	62535780	25146
15	62535805	62536046	20227
15	62536260	62536381	9032
15	62536799	62536899	10846
15	62537111	62537211	11119
15	62537972	62538073	9915
15	62538326	62538903	55556
15	62539208	62539329	21190
15	62539437	62539678	31796
15	62539712	62539812	11453
15	62540545	62540786	30537
15	62540926	62541026	5538
15	62541048	62541149	6299
15	62542518	62542618	13189
15	62542761	62542963	36025
15	62544092	62544193	12439
15	62544348	62544448	13439
15	62544719	62544909	11315
15	62544997	62545097	5205
15	62546317	62546417	11482
15	62546436	62546624	17279
15	62547229	62547329	17570
15	62547516	62547624	19509
15	62547731	62547982	40764
15	62548237	62548338	25445
15	62549817	62549918	12558
15	62550233	62550334	4543
15	62552166	62552267	11498
15	62552304	62552404	19188
15	62552464	62552565	22382
15	62559452	62559552	9541
15	62574388	62574489	5104
15	62588497	62588597	4900
15	62939456	62939697	22156
15	62942240	62942391	13386
15	62944147	62944388	7528
15	62945351	62945556	6545
15	62948092	62948333	8014
15	62949912	62950153	17630
15	62965996	62966117	3039
15	62967406	62967530	10987
15	62978796	62979037	7455
15	62985028	62985150	5424
15	62986491	62986612	7402
15	62989825	62990096	27210
15	62990918	62991076	6829
15	62993267	62993423	12490
15	62994173	62994414	11519
15	62994952	62995073	8910
15	62999247	62999488	10497
15	63000636	63001027	10165
15	63004041	63004312	14513
15	63008472	63008713	6312
15	63009765	63009898	4179
15	63011956	63012089	8617
15	63014497	63014738	7803
15	63017117	63017358	4548
15	63019275	63019398	5018
15	63029029	63029300	11082
15	63030351	63030592	12308
15	63031524	63031765	23200
15	63032747	63033018	21848
15	63040505	63040656	6149
15	63042584	63042705	17871
15	63044443	63044684	12186
15	63045892	63046163	21191
15	63047690	63047931	7738
15	63053828	63054069	15078
15	63054410	63054681	18774
15	63055706	63055947	17903
15	63058509	63058631	2100
15	63063126	63063367	8047
15	63068914	63069155	14782
15	63073298	63073450	9313
15	63075960	63076167	16151
15	63084791	63085032	9894
15	63088287	63088528	20184
15	63089388	63089629	13878
15	63092478	63092749	12781
15	63092758	63093029	12528
15	63097770	63098011	7936
15	63102114	63102241	16402
15	63111676	63111830	4600
15	63112595	63112866	15233
15	63116131	63116265	4670
15	63125644	63125885	7317
15	63127905	63128026	18988
15	63128046	63128317	23531
15	63130996	63131232	21106
15	63132593	63132864	8401
15	63133031	63133166	8849
15	63133220	63133321	3904
15	63133323	63133477	7356
15	63335008	63335152	5907
15	63335895	63336071	1147
15	63336167	63336408	7276
15	63338894	63338995	2734
15	63340355	63341172	16382
15	63341188	63341288	15296
15	63349099	63349370	17048
15	63351699	63351940	10446
15	63353011	63353162	14373
15	63353343	63353494	10866
15	63353858	63354009	4282
15	63354383	63354504	3336
15	63354748	63354869	6451
15	63356212	63356389	15879
15	63358035	63358156	6638
15	63362044	63362165	5602
15	63363268	63363389	6130
15	63363420	63363617	16908
15	63363623	63363781	13053
15	63364010	63364120	4373
15	63414001	63414478	131
15	63414776	63414927	8339
15	63419031	63419272	10069
15	63419538	63419899	10058
15	63421645	63421886	6035
15	63433440	63434041	15817
15	63434128	63434238	3796
15	63446183	63446304	7094
15	63447719	63447960	13348
15	63448571	63448812	14449
15	63449540	63449661	9754
15	63481764	63481986	10133
15	63536923	63537044	4391
15	63541812	63541933	16185
15	63547683	63547834	4597
15	63548687	63548808	5257
15	63551797	63551918	6180
15	63554854	63554975	8098
15	63555680	63555942	15680
15	63556060	63556160	6100
15	63557164	63557264	2813
15	63557842	63557966	6271
15	63558065	63558165	2584
15	63558347	63558470	8133
15	63558623	63558782	7536
15	63559046	63559192	4976
15	63559476	63559576	2267
15	63569813	63569945	15591
15	63570471	63570625	9287
15	63571323	63571564	33641
15	63578730	63578881	5965
15	63579562	63579803	31156
15	63594486	63594727	13058
15	63597775	63598016	11236
15	63615697	63615879	4839
15	63618392	63618579	13500
15	63619298	63619449	14780
15	63620251	63620372	2883
15	63630959	63631200	19073
15	63632444	63632685	9382
15	63632859	63633010	10527
15	63634187	63634308	1973
15	63637595	63637866	37513
15	63638667	63638938	29321
15	63667805	63667926	2620
15	63673815	63673936	3228
15	63796729	63796877	1012
15	63796906	63797043	1456
15	63824805	63824935	13323
15	63829168	63829409	11031
15	63845894	63846015	2640
15	63848845	63848966	2869
15	63850284	63850405	7725
15	63852046	63852179	4618
15	63855059	63855217	11411
15	63862553	63862824	12541
15	63866206	63866361	9405
15	63866470	63866621	7329
15	63880441	63880682	4425
15	63880866	63881024	9082
15	63881085	63881236	12399
15	63882821	63883253	27719
15	63883273	63883387	3946
15	63889592	63889956	12016
15	63891322	63891422	3648
15	63892895	63893238	1121
15	63893448	63893929	21376
15	63900774	63900875	4561
15	63901042	63901143	3076
15	63901251	63901492	16513
15	63904421	63904783	19618
15	63907921	63908162	9133
15	63908573	63908934	11466
15	63914990	63915111	1512
15	63915885	63916126	5912
15	63916320	63916561	15577
15	63918147	63918388	5716
15	63920823	63921064	10313
15	63922628	63922869	5280
15	63924837	63925078	7704
15	63925986	63926227	8305
15	63926888	63927129	7276
15	63928129	63928370	12649
15	63929651	63929858	7187
15	63930551	63930792	10403
15	63930881	63931002	9812
15	63932316	63932677	17006
15	63933634	63933865	10615
15	63935145	63935366	7564
15	63935554	63935795	7845
15	63937122	63937363	15823
15	63937660	63937901	4735
15	63940240	63940452	14611
15	63941902	63942143	18690
15	63943394	63943635	3875
15	63944555	63944796	19546
15	63946299	63946540	8182
15	63947926	63948167	13234
15	63948240	63948601	10310
15	63950708	63950949	9392
15	63951913	63952154	17545
15	63953136	63953257	7177
15	63953904	63954265	23306
15	63955102	63955472	11490
15	63956609	63956850	7532
15	63958052	63958413	10743
15	63958491	63958732	9323
15	63961695	63961936	10521
15	63964672	63964913	22243
15	63966507	63967348	67473
15	63970002	63970603	26059
15	63972256	63972377	2557
15	63972674	63973035	18460
15	63978524	63978765	12735
15	63981721	63981962	6712
15	63982730	63982858	1779
15	63984566	63984807	9489
15	63986079	63986425	7755
15	63986448	63986795	5660
15	63986911	63987152	10955
15	63988309	63988550	17182
15	63990879	63991240	14053
15	63998943	63999064	3016
15	64004912	64005153	14779
15	64005526	64005887	13691
15	64008465	64008706	14197
15	64010711	64011158	22155
15	64015346	64015587	8152
15	64017420	64017781	17099
15	64019820	64020061	11992
15	64021379	64021620	5746
15	64021650	64021891	9592
15	64025052	64025413	16942
15	64026864	64027105	8698
15	64039103	64039319	9069
15	64039894	64040109	3637
15	64041530	64041771	5971
15	64041796	64042037	10275
15	64045099	64045340	12986
15	64046654	64046895	10864
15	64047414	64047535	2765
15	64048610	64048971	24954
15	64050349	64050590	27194
15	64056281	64056402	2914
15	64066876	64067837	55917
15	64125978	64126079	712
15	64163104	64163260	11771
15	64200697	64200818	10388
15	64204057	64204208	9900
15	64204290	64204411	3319
15	64214951	64215542	29067
15	64216912	64217087	16686
15	64218064	64218335	14817
15	64221701	64221822	4900
15	64221889	64221989	2538
15	64222538	64222689	4551
15	64231374	64231570	7664
15	64263569	64263810	11329
15	64275721	64275963	24326
15	64332353	64332474	8131
15	64364900	64365078	8203
15	64365117	64365238	8926
15	64367652	64367773	10558
15	64373264	64373385	6343
15	64380722	64381087	16168
15	64385754	64386025	20191
15	64388170	64388411	15065
15	64404736	64404893	11028
15	64410258	64410499	18002
15	64410958	64411079	8101
15	64415662	64415783	10953
15	64418227	64418468	12477
15	64419320	64419471	3727
15	64419906	64420027	3961
15	64422080	64422238	8009
15	64422412	64422533	6119
15	64423867	64424108	7945
15	64426783	64427057	29324
15	64428507	64428628	8227
15	64429034	64429155	3863
15	64429700	64429851	4304
15	64430101	64430217	7077
15	64443950	64444071	832
15	64444422	64444825	7426
15	64444827	64444951	6498
15	64445399	64445550	4958
15	64445775	64445926	4795
15	64446106	64446361	21173
15	64446495	64446766	9304
15	64448052	64448402	16955
15	64448864	64449135	17496
15	64452261	64452409	14144
15	64454205	64454363	6978
15	64454996	64455237	32962
15	64457910	64458079	5310
15	64458176	64458279	5387
15	64458775	64458876	4180
15	64459020	64459121	2311
15	64459740	64459840	13143
15	64460387	64460526	3993
15	64461205	64461306	3017
15	64462670	64462840	6872
15	64462973	64463073	10126
15	64463092	64463192	7424
15	64463217	64463443	10842
15	64463482	64463583	7513
15	64463705	64463899	6779
15	64464020	64464216	12300
15	64468422	64468522	669
15	64472537	64472663	9129
15	64473467	64473629	12577
15	64480573	64480684	5005
15	64481580	64481701	9376
15	64495271	64495398	13313
15	64496592	64496833	9382
15	64497014	64497165	9783
15	64499689	64499810	6689
15	64506079	64506350	51439
15	64508715	64508956	3389
15	64543654	64543805	7217
15	64551328	64551479	9198
15	64557964	64558064	1355
15	64592456	64592727	40982
15	64658120	64658298	7583
15	64665677	64665918	12679
15	64668901	64669142	7378
15	64673135	64673256	4175
15	64673456	64673607	8442
15	64679987	64680173	10088
15	64686108	64686349	16466
15	64687542	64687783	8191
15	64689789	64690030	8778
15	64692889	64693040	8952
15	64698472	64698713	10815
15	64701768	64702039	7517
15	64706225	64706466	14601
15	64710712	64710953	15163
15	64716140	64716411	9960
15	64717723	64717844	6012
15	64737194	64737317	1690
15	64747138	64747289	4129
15	64752953	64753054	0
15	64791540	64792614	38561
15	64812184	64812284	9236
15	64885170	64885591	16685
15	64889442	64889542	3431
15	64914987	64915261	28325
15	64962527	64962648	5956
15	64966083	64968484	70876
15	64970226	64970737	30206
15	64972350	64972591	17711
15	64972801	64973072	12030
15	64973436	64973594	2346
15	64973849	64974253	13351
15	64974277	64974476	2191
15	64974559	64974817	19520
15	64975165	64975266	5341
15	64975489	64975589	4076
15	64976979	64977079	11304
15	64977143	64977363	12146
15	64977370	64977555	6185
15	64977787	64977919	7196
15	64979772	64979873	4351
15	64980013	64980114	5882
15	64980224	64980379	2831
15	64980613	64980753	4182
15	64980846	64981087	8320
15	64981264	64981385	2873
15	64982539	64982780	22647
15	64983590	64983836	4994
15	64995176	64995297	10528
15	65032063	65032190	3705
15	65032203	65032317	3775
15	65032750	65032851	3428
15	65033037	65033137	2077
15	65033348	65033469	4347
15	65040540	65040811	14834
15	65041122	65041393	8353
15	65041569	65041720	4507
15	65042469	65042620	9659
15	65043707	65043858	8695
15	65054498	65054769	12203
15	65067396	65067528	0
15	65107837	65108198	14920
15	65108465	65108586	8303
15	65108717	65108988	8945
15	65110096	65110337	17316
15	65110408	65110559	4723
15	65111306	65111432	4293
15	65111964	65112235	17058
15	65113142	65113297	7922
15	65113301	65113759	14080
15	65114376	65114862	13735
15	65115908	65116565	13746
15	65134160	65134281	427
15	65140745	65140986	18880
15	65147056	65147297	15388
15	65152053	65152207	15468
15	65153663	65153784	10989
15	65157051	65158132	35840
15	65159347	65159448	4038
15	65204096	65204217	986
15	65207956	65208109	3537
15	65209527	65209723	10729
15	65214107	65214228	7023
15	65218255	65218379	11411
15	65219057	65219208	10662
15	65223007	65223128	6246
15	65223638	65223873	9858
15	65226293	65226444	9264
15	65234651	65234772	5222
15	65235637	65235788	7851
15	65236835	65236956	4181
15	65239567	65239838	8208
15	65242006	65242247	16694
15	65243138	65243259	3025
15	65255516	65255616	1426
15	65255867	65256098	9280
15	65257609	65257850	6274
15	65261582	65261709	1850
15	65262414	65262570	3450
15	65266891	65267132	6470
15	65268785	65268906	9110
15	65273131	65273402	9917
15	65275814	65275935	3420
15	65295375	65295616	9921
15	65297171	65297292	4916
15	65298428	65298549	2953
15	65308758	65308879	4158
15	65312511	65312632	925
15	65313781	65314022	12885
15	65315949	65316190	10983
15	65319129	65319393	10787
15	65321725	65321966	771
15	65342329	65342450	8425
15	65343806	65343957	18412
15	65345251	65345522	8802
15	65346045	65346146	5642
15	65346408	65346509	6753
15	65346977	65347113	12459
15	65347153	65347622	23843
15	65350738	65350979	5667
15	65351658	65351779	12605
15	65357521	65357642	4824
15	65360060	65360183	546
15	65369120	65370561	21923
15	65385434	65385570	7111
15	65386812	65386915	2954
15	65391842	65392053	10071
15	65394443	65395023	7058
15	65398433	65398554	7658
15	65409706	65409807	336
15	65410995	65411236	12675
15	65411666	65411817	6948
15	65411981	65412318	10258
15	65421317	65421558	12740
15	65425188	65426210	12009
15	65442778	65442985	6426
15	65443114	65443265	3955
15	65444758	65444884	7707
15	65445869	65445990	3471
15	65447088	65447449	32352
15	65447990	65448231	18678
15	65449164	65449285	4475
15	65450044	65450285	13659
15	65450879	65451120	7965
15	65454901	65455022	3239
15	65456325	65456566	6552
15	65458924	65459165	14347
15	65471183	65471450	7917
15	65472340	65472581	9045
15	65477390	65477513	9514
15	65489021	65491452	148657
15	65494167	65494408	8918
15	65495662	65495818	5256
15	65496581	65496942	21211
15	65497563	65497834	16130
15	65499043	65499434	25867
15	65499994	65500115	11834
15	65501971	65502122	6851
15	65540508	65540609	3466
15	65550992	65551093	5383
15	65551150	65551326	7663
15	65551396	65551497	7976
15	65551654	65551933	7470
15	65553142	65553413	14134
15	65555421	65555692	16859
15	65558851	65559122	13534
15	65563190	65563461	23819
15	65578556	65578797	3069
15	65592428	65592529	2425
15	65619423	65619562	5383
15	65619968	65620069	2162
15	65620340	65620440	6947
15	65620471	65620608	5199
15	65620659	65620927	15790
15	65621144	65621546	30516
15	65621680	65621951	13157
15	65621981	65622252	20711
15	65622591	65622745	12440
15	65622832	65623103	8634
15	65623318	65623589	11395
15	65623692	65624047	12464
15	65624210	65624481	8522
15	65625522	65625793	16292
15	65627013	65627254	25113
15	65627572	65627813	7862
15	65628100	65628341	11453
15	65665997	65666097	3485
15	65667406	65667767	12214
15	65669916	65670136	200
15	65670173	65670274	0
15	65673997	65674415	11493
15	65674424	65674525	2558
15	65674743	65674844	7133
15	65675449	65675550	6883
15	65676310	65676791	25269
15	65677221	65677492	5579
15	65678131	65678407	5949
15	65678879	65679004	2777
15	65680704	65680975	9882
15	65681109	65681350	12242
15	65681534	65681805	12636
15	65682433	65682704	22959
15	65684177	65684329	7368
15	65684378	65684769	11242
15	65685662	65685903	13317
15	65686666	65686906	10212
15	65687392	65687633	21309
15	65688026	65688747	29039
15	65689128	65689369	21039
15	65693062	65693319	8486
15	65694635	65694876	7993
15	65702435	65702706	9121
15	65703321	65703718	21649
15	65715044	65715215	0
15	65721831	65721931	1443
15	65725606	65725706	6853
15	65725769	65725870	2015
15	65737924	65738025	3231
15	65738728	65738902	6422
15	65739161	65739402	6977
15	65743327	65743458	1067
15	65743962	65744062	3657
15	65744254	65744488	8788
15	65746555	65746796	4702
15	65748514	65748755	8284
15	65756089	65756291	5740
15	65758932	65759203	19480
15	65759363	65759604	7993
15	65766525	65766646	4330
15	65771176	65771417	12923
15	65771856	65771957	3708
15	65772527	65772768	7089
15	65772884	65772984	6439
15	65773841	65773963	1906
15	65777406	65777527	4566
15	65779970	65780211	8280
15	65782517	65782647	10684
15	65782713	65782814	4373
15	65790164	65790405	15303
15	65792909	65793150	13901
15	65799545	65799703	7102
15	65804586	65804947	16854
15	65807271	65807372	5279
15	65807950	65808071	6580
15	65822951	65823072	7433
15	65827585	65827685	2655
15	65827926	65828026	3206
15	65843973	65844094	3642
15	65847200	65847321	7323
15	65848973	65849278	17534
15	65850982	65851103	8833
15	65852070	65852171	4094
15	65855045	65855286	24593
15	65856495	65856736	15766
15	65862363	65862604	12301
15	65863817	65864058	20038
15	65864517	65864758	14075
15	65868617	65868738	3415
15	65868808	65868908	3826
15	65870199	65870299	1501
15	65871690	65872051	10723
15	65874263	65874384	12279
15	65877015	65877286	18540
15	65883881	65884122	17546
15	65885716	65885957	21925
15	65886037	65886141	4238
15	65888025	65888176	7393
15	65890608	65890849	6684
15	65891147	65891388	4567
15	65892068	65892309	13591
15	65897457	65897584	5711
15	65899456	65899763	15137
15	65903410	65903511	9408
15	65916402	65918322	127274
15	65930431	65930552	6403
15	65931865	65932106	10436
15	65936746	65936867	4079
15	65937934	65938055	4519
15	65942657	65943345	24882
15	65943991	65944112	4989
15	65944941	65945182	27339
15	65946111	65946472	21138
15	65954135	65954376	6688
15	65956638	65956759	6167
15	65956857	65957098	10076
15	65957499	65957600	3071
15	65957620	65957839	13969
15	65959732	65960093	14322
15	65960240	65960481	15329
15	65962068	65962309	12264
15	65962317	65962558	6130
15	65964115	65964236	3186
15	65968756	65968997	8371
15	65982699	65983901	92970
15	65988645	65988889	26117
15	65989541	65989782	7714
15	65992881	65993011	9065
15	65993338	65993542	7524
15	65994042	65994283	6575
15	65994631	65994865	5801
15	65995157	65995398	16429
15	65998374	65998607	8270
15	66007767	66008002	9076
15	66010103	66010344	11513
15	66015114	66015355	16884
15	66021376	66021617	3234
15	66021822	66022029	7472
15	66023947	66024068	4351
15	66025061	66025182	3368
15	66029982	66030343	13548
15	66031007	66031248	7741
15	66034004	66034147	3331
15	66044655	66044976	15726
15	66048451	66048812	13279
15	66063450	66063601	8618
15	66161852	66162003	11120
15	66169646	66169887	21115
15	66170075	66170316	15753
15	66171987	66172108	3834
15	66179987	66180594	32541
15	66180648	66180748	6819
15	66180993	66181094	2592
15	66181297	66181489	8431
15	66187636	66187785	7376
15	66187879	66188000	5136
15	66188519	66188620	4477
15	66188733	66188834	11918
15	66190230	66190471	12020
15	66191047	66191288	17903
15	66198380	66198510	4289
15	66201371	66201495	3201
15	66202049	66202170	8727
15	66202227	66202348	6823
15	66204419	66204538	9592
15	66206011	66206372	10803
15	66207750	66207991	18233
15	66208428	66208669	11907
15	66208873	66209313	26505
15	66210246	66210487	9385
15	66214621	66214862	18496
15	66215112	66215353	9512
15	66220692	66220933	11610
15	66222018	66222259	14536
15	66223099	66223333	12546
15	66249850	66250091	9230
15	66257230	66257471	17055
15	66262837	66263078	9385
15	66273054	66273295	8928
15	66274567	66274882	3024
15	66284475	66284576	3741
15	66332571	66332670	7518
15	66385870	66385986	3854
15	66386724	66386845	6751
15	66411389	66411593	6069
15	66416166	66416407	13963
15	66420631	66420752	5532
15	66585879	66586083	200
15	66587281	66587517	14510
15	66599104	66599345	22811
15	66600993	66601234	17037
15	66604028	66604265	5581
15	66606354	66606475	7886
15	66607342	66607583	10546
15	66610750	66610991	11274
15	66612868	66613109	17526
15	66614937	66615328	17013
15	66615815	66615936	8400
15	66618134	66618764	26845
15	66621263	66621504	13147
15	66621526	66621767	11952
15	66624134	66624405	12388
15	66625039	66625280	6710
15	66625314	66625675	8340
15	66629286	66629529	21040
15	66633469	66633710	6293
15	66639460	66639731	13432
15	66641338	66641489	8189
15	66641592	66641833	12635
15	66643839	66643960	6113
15	66644414	66644565	10353
15	66645117	66645338	9508
15	66671662	66671903	32128
15	66679664	66679785	10044
15	66727318	66727589	14478
15	66729005	66729276	31879
15	66735595	66735716	4752
15	66736958	66737109	14052
15	66774033	66774274	21116
15	66777277	66777548	18024
15	66779536	66779657	4504
15	66781522	66781643	6382
15	66782017	66782138	8636
15	66782704	66783137	35668
15	66783345	66783467	2725
15	66783479	66783579	3860
15	66783633	66783734	3206
15	66784302	66784403	6498
15	66786634	66786936	16369
15	66787621	66787772	8474
15	66789933	66790084	20418
15	66791656	66792047	26993
15	66792382	66792573	9604
15	66792611	66792732	2772
15	66793243	66793484	6845
15	66793561	66793874	6925
15	66794066	66794454	12711
15	66794925	66795258	15482
15	66795357	66795512	5385
15	66795556	66795901	4634
15	66797065	66797197	8286
15	66797611	66797762	8784
15	66801143	66801264	3630
15	66806282	66806433	5671
15	66807801	66808042	20833
15	66811195	66811436	18104
15	66812901	66813022	4898
15	66813314	66813585	18616
15	66815959	66816110	8071
15	66819613	66819734	8261
15	66820161	66820282	4565
15	66821151	66821305	5170
15	66821810	66821931	9505
15	66824541	66824782	12181
15	66825275	66825396	6948
15	66828217	66828458	10650
15	66829492	66829613	2962
15	66832400	66832558	8712
15	66838881	66839032	8044
15	66840764	66841005	6845
15	66842349	66842470	6635
15	66843978	66844219	8931
15	66844322	66844563	13612
15	66845247	66845638	20272
15	66850019	66850406	19964
15	66853300	66853708	24461
15	66855844	66855973	5455
15	66856201	66856352	4302
15	66856974	66857215	16201
15	66857493	66857764	10950
15	66976308	66976408	5356
15	66977587	66977687	8486
15	66994759	66994860	4205
15	66995444	66996423	8405
15	67001009	67001141	4722
15	67003942	67004093	2541
15	67008736	67008857	7481
15	67009943	67010043	4969
15	67068677	67068777	8877
15	67073302	67073903	35147
15	67074039	67074175	4054
15	67074247	67074348	5434
15	67160261	67160632	14212
15	67336497	67336978	18671
15	67358482	67358715	3970
15	67359146	67359247	10644
15	67430351	67430451	4428
15	67440477	67440577	3367
15	67457178	67457449	18919
15	67457505	67457776	14437
15	67459092	67459213	4128
15	67462855	67462976	2599
15	67473533	67473804	12096
15	67477012	67477253	11837
15	67479653	67479894	11113
15	67482661	67482932	19985
15	67484224	67484324	1609
15	67484463	67484564	3330
15	67485946	67486047	11009
15	67487178	67487279	11601
15	67487459	67487560	13398
15	67495136	67495257	5402
15	67495849	67496000	7492
15	67496372	67496496	7389
15	67500886	67501007	8390
15	67501749	67501900	3761
15	67524132	67524253	8633
15	67528300	67528421	5288
15	67528732	67528853	4154
15	67528941	67529182	9110
15	67546871	67546992	2671
15	67547198	67547319	12929
15	67553549	67553790	10517
15	67555445	67555566	2227
15	67571670	67571860	9827
15	67596676	67596793	3393
15	67599114	67599215	2283
15	67629251	67629470	12807
15	67636343	67636584	9191
15	67649659	67649780	2294
15	67652142	67652263	14097
15	67663805	67663926	5521
15	67664423	67665024	24340
15	67665676	67665964	18031
15	67677224	67677375	10426
15	67681135	67681376	16786
15	67687553	67687944	10230
15	67692396	67692667	18207
15	67709177	67709448	7747
15	67713619	67713951	14749
15	67757428	67757669	20852
15	67767995	67768214	12801
15	67782310	67782431	8347
15	67786586	67786714	6115
15	67792961	67793094	5397
15	67793132	67793233	1721
15	67813513	67813994	11873
15	67818698	67818939	13386
15	67835619	67835860	11963
15	67842334	67842455	14862
15	67855593	67855714	4809
15	67873065	67873186	7077
15	67878186	67878307	11208
15	67879126	67879277	5003
15	67885226	67885347	5632
15	67892022	67892122	6878
15	67892993	67893114	4143
15	67905380	67905480	7251
15	67920188	67920334	3522
15	67923184	67923305	6956
15	67933722	67933843	4827
15	67934766	67934887	6664
15	67938541	67938662	4517
15	67938705	67938826	5043
15	67950860	67950981	9192
15	67951071	67951172	8668
15	67956897	67957018	7648
15	67984792	67984913	7603
15	67985819	67985940	12238
15	67995649	67995770	3821
15	67999535	67999636	3175
15	68013146	68013246	3876
15	68016459	68016559	2298
15	68020207	68020328	6009
15	68040520	68040641	10206
15	68040861	68040982	6883
15	68050770	68050870	3876
15	68060726	68060830	6563
15	68060904	68061005	4572
15	68061909	68062030	7118
15	68064976	68065127	2301
15	68072654	68072755	5915
15	68090958	68091058	2079
15	68098974	68099098	10673
15	68099144	68099265	10053
15	68099389	68099490	3731
15	68112001	68112122	13860
15	68114213	68114574	12798
15	68116277	68116398	10333
15	68117031	68117392	17427
15	68117822	68118162	11231
15	68118181	68120528	69314
15	68121500	68121621	3499
15	68122491	68122646	8238
15	68123100	68123251	9706
15	68124567	68124718	3494
15	68124890	68125041	3252
15	68125501	68125622	6152
15	68126035	68126186	20106
15	68346559	68346736	725
15	68378624	68379105	22810
15	68434264	68434385	6425
15	68434590	68434711	4020
15	68438137	68438258	4136
15	68438849	68439090	11767
15	68445859	68446100	17521
15	68457044	68457165	2112
15	68466028	68466269	11103
15	68467918	68468159	12297
15	68468780	68469021	10684
15	68473499	68473740	17663
15	68475925	68476046	4537
15	68479845	68480238	23740
15	68480274	68480429	3454
15	68483444	68483545	4060
15	68483598	68483796	6732
15	68483858	68483958	2641
15	68486268	68486466	7600
15	68489750	68489991	15563
15	68491797	68492068	16352
15	68497382	68497768	17362
15	68500431	68500792	8663
15	68501884	68502155	10209
15	68503537	68503688	2621
15	68503955	68504226	14225
15	68506314	68506736	21726
15	68510813	68511050	9461
15	68521819	68521940	0
15	68570346	68570447	952
15	68570449	68570644	532
15	68570676	68571059	16599
15	68581921	68583660	95975
15	68594112	68594213	3906
15	68594261	68594361	4435
15	68595023	68595124	8274
15	68595371	68595492	5268
15	68596045	68596286	9917
15	68599672	68599793	8168
15	68599857	68600098	10669
15	68603313	68603434	6976
15	68603563	68603804	11781
15	68605094	68605215	4120
15	68606100	68606221	9534
15	68607965	68608086	7757
15	68609590	68609711	8029
15	68612505	68612746	10941
15	68613737	68613858	3593
15	68617402	68617643	14230
15	68618941	68619182	6526
15	68620395	68620636	17695
15	68623262	68623503	13689
15	68624177	68624418	14669
15	68624624	68624865	15546
15	68627987	68628228	18808
15	68631788	68632029	7177
15	68641141	68641262	3008
15	68642916	68643157	21119
15	68643546	68643787	12101
15	68649441	68649682	13219
15	68650738	68650979	8626
15	68653864	68654104	13446
15	68657029	68657150	11302
15	68661450	68661691	18880
15	68695191	68695432	12850
15	68724303	68724544	53
15	68871550	68871671	0
15	68937477	68937718	17629
15	68987415	68987656	7394
15	69003024	69003265	11778
15	69003841	69004082	11729
15	69006170	69006441	16462
15	69006858	69007012	6158
15	69007510	69007661	4287
15	69011027	69011159	11539
15	69011436	69011587	4662
15	69011670	69011941	8043
15	69018096	69018444	9229
15	69018847	69018948	4871
15	69019491	69019592	5750
15	69019971	69020148	4425
15	69058265	69058411	2712
15	69072164	69072265	2092
15	69072327	69072510	3225
15	69072719	69072840	8124
15	69075191	69075481	24507
15	69076713	69076954	22272
15	69079691	69079932	12672
15	69080062	69080303	14246
15	69083829	69084310	18139
15	69094176	69094277	3436
15	69097394	69097495	3540
15	69112990	69113123	11016
15	69222933	69223084	14774
15	69237928	69238936	23253
15	69307038	69307159	5493
15	69318780	69319051	12324
15	69320478	69320749	11747
15	69323793	69324184	20937
15	69325277	69325648	10949
15	69327649	69327890	13344
15	69328065	69328306	18207
15	69329337	69329578	28800
15	69331141	69331343	11352
15	69334922	69335193	20592
15	69339122	69339243	5026
15	69339693	69339928	8726
15	69340149	69340270	2764
15	69341287	69341408	4895
15	69347605	69347876	7969
15	69348849	69349090	19339
15	69373147	69373589	25083
15	69420550	69421104	914
15	69452914	69453014	1689
15	69546214	69546315	3006
15	69548132	69548741	34221
15	69553365	69553726	13597
15	69560529	69561660	62941
15	69561911	69562012	5392
15	69562179	69562351	5406
15	69563424	69563616	6894
15	69563773	69563950	4707
15	69564271	69564444	13874
15	69564447	69564559	4442
15	69652383	69652504	8197
15	69672134	69672405	24347
15	69676997	69677238	24297
15	69681934	69682175	22909
15	69683459	69683559	1798
15	69687257	69687399	16296
15	69689793	69689914	11445
15	69692262	69692503	12430
15	69695890	69696220	12648
15	69706748	69706869	2255
15	69708236	69708457	3965
15	69709664	69709905	8130
15	69713976	69714101	9985
15	69714277	69714518	14480
15	69714628	69714784	5111
15	69715461	69715683	9216
15	69717591	69717691	22593
15	69718373	69718531	9656
15	69718614	69718848	24662
15	69721409	69721562	7195
15	69727800	69727921	8205
15	69727929	69728170	13842
15	69728417	69728658	16094
15	69728860	69729098	8955
15	69730544	69730785	10819
15	69732178	69732449	2929
15	69732585	69732856	1797
15	69733081	69733442	12909
15	69737073	69737403	24630
15	69738327	69738448	6374
15	69738601	69738722	2184
15	69739183	69739304	12869
15	69740047	69740198	2839
15	69740481	69740656	12567
15	69745092	69745373	16396
15	69745961	69746082	28362
15	69747416	69747687	12496
15	69747745	69747866	5670
15	70077744	70077853	990
15	70342368	70342609	7084
15	70343706	70343827	6641
15	70344666	70344907	6623
15	70345518	70345759	12063
15	70346719	70347080	19777
15	70347334	70347692	22848
15	70348613	70348734	11436
15	70349776	70350017	40896
15	70350438	70350679	30437
15	70350956	70351197	6301
15	70351712	70351833	4401
15	70352807	70353166	19802
15	70356739	70356860	5946
15	70358333	70358574	18755
15	70366841	70366968	7307
15	70368404	70368525	6626
15	70371686	70371832	4478
15	70386831	70386975	4567
15	70387887	70388029	5600
15	70388428	70388669	2187
15	70389064	70389348	5793
15	70949369	70949490	5483
15	70952461	70952582	4826
15	70956955	70957196	8146
15	70959050	70961811	159975
15	70963353	70963487	5519
15	70964260	70964381	3495
15	70968819	70968940	6831
15	70969401	70969522	4251
15	70970428	70970555	3974
15	70971919	70972040	3365
15	70975054	70975175	5523
15	70976573	70976814	15352
15	70979840	70979995	10828
15	70980032	70980183	6505
15	70982730	70982881	5093
15	70983608	70983729	5202
15	70987338	70987459	3813
15	70991811	70992052	18444
15	70994173	70994294	2797
15	71055646	71055767	41
15	71124351	71125465	55801
15	71128617	71128858	22715
15	71143968	71144127	15394
15	71146218	71146480	576
15	71165503	71165603	2163
15	71174769	71175010	15563
15	71175052	71175293	8616
15	71184173	71184636	43537
15	71185196	71185317	14018
15	71185889	71186040	13624
15	71188140	71188291	5134
15	71190713	71190814	7506
15	71192812	71192921	4558
15	71193250	71193373	4573
15	71196871	71197112	13019
15	71203842	71203963	9306
15	71211339	71211580	12397
15	71229069	71229190	3767
15	71256076	71256317	35131
15	71272420	71272541	7333
15	71276393	71276634	8958
15	71300655	71301016	15697
15	71302087	71302358	18197
15	71305133	71305262	5375
15	71329473	71329714	5430
15	71341728	71341969	6715
15	71403446	71403807	10081
15	71404432	71404622	16511
15	71433819	71433940	2108
15	71447175	71447296	13029
15	71456994	71457570	22390
15	71457641	71457795	4583
15	71479587	71479931	44501
15	71481148	71481248	5225
15	71507364	71507748	330
15	71534940	71535451	14644
15	71548911	71549064	8248
15	71573944	71574045	6882
15	71633472	71634074	44296
15	71704016	71704213	8632
15	71706302	71706402	5925
15	71839723	71839844	7830
15	71940536	71940637	7330
15	71952819	71953090	12252
15	72020854	72021102	19652
15	72023446	72023567	3907
15	72029997	72030388	22114
15	72037358	72037629	13016
15	72039127	72039398	15333
15	72040725	72040966	32621
15	72050176	72050447	18561
15	72057327	72057568	23195
15	72063353	72063594	25289
15	72069529	72069761	11905
15	72072835	72073316	12588
15	72103021	72103262	21287
15	72103813	72104005	11730
15	72104036	72104585	26793
15	72104642	72104883	18667
15	72105671	72106032	17658
15	72106286	72106527	15502
15	72109830	72110035	17158
15	72118911	72119394	48599
15	72120144	72120415	7987
15	72122429	72122670	14346
15	72139732	72139832	4981
15	72141126	72141367	13329
15	72142321	72142562	14463
15	72143584	72143709	3008
15	72144385	72144656	10241
15	72146692	72146933	10413
15	72152015	72152166	6288
15	72154831	72154962	7686
15	72168017	72168205	6563
15	72170355	72170596	5872
15	72171968	72172239	8705
15	72172666	72172909	15288
15	72175884	72176125	16895
15	72180335	72180467	8270
15	72185263	72185533	16511
15	72186008	72186129	9511
15	72189716	72191427	120871
15	72192006	72192367	27058
15	72193485	72193726	8773
15	72195241	72195462	7820
15	72196233	72196390	6641
15	72197245	72197366	5634
15	72208620	72208921	10256
15	72225969	72226090	7112
15	72227656	72227873	6624
15	72231169	72231290	3935
15	72244042	72244247	13667
15	72252218	72252459	11800
15	72260274	72260515	9273
15	72270451	72270692	8007
15	72283389	72283630	5126
15	72286746	72286987	7665
15	72292145	72292296	6214
15	72300108	72300349	9830
15	72302670	72302798	2721
15	72311346	72311467	3623
15	72313247	72313368	5505
15	72320041	72320162	5665
15	72324790	72324941	9832
15	72338003	72338964	47504
15	72343581	72343710	7759
15	72410130	72410229	1951
15	72431892	72433305	50581
15	72454113	72454213	3982
15	72454260	72454411	3633
15	72454574	72454728	6592
15	72455590	72455831	16947
15	72455874	72456145	14026
15	72457631	72457782	2148
15	72458917	72459068	5167
15	72459322	72459443	17046
15	72460037	72460190	5692
15	72460778	72460929	5689
15	72461217	72461368	5757
15	72462142	72462293	17832
15	72490007	72490142	0
15	72491667	72492107	15126
15	72492754	72493025	12929
15	72494756	72494997	7039
15	72495185	72495285	6932
15	72495294	72495565	10910
15	72498993	72499264	5990
15	72499421	72499662	10769
15	72500915	72501276	19190
15	72501985	72502226	24603
15	72502602	72502873	17055
15	72509734	72509855	5785
15	72511240	72511481	12686
15	72520892	72520992	4775
15	72521838	72521938	5840
15	72523232	72523332	6084
15	72533785	72533908	10547
15	72534192	72534343	4861
15	72534468	72534589	2273
15	72534939	72535060	8697
15	72541559	72541680	4487
15	72542335	72542456	3436
15	72543149	72543308	8915
15	72543510	72543631	2116
15	72545720	72545871	12860
15	72546030	72546151	2232
15	72546767	72546888	1933
15	72548747	72548988	3635
15	72549673	72549794	6410
15	72550364	72550485	10027
15	72551884	72552035	7061
15	72552772	72553043	15755
15	72553852	72554093	16173
15	72556837	72556988	5512
15	72557405	72557526	6667
15	72557722	72557843	6415
15	72558223	72558344	1850
15	72559063	72559184	8249
15	72559755	72559876	5993
15	72577106	72577206	2767
15	72577309	72577707	12389
15	72578171	72578271	4198
15	72578315	72578488	3159
15	72578599	72578700	7196
15	72579548	72579789	12722
15	72580569	72580978	17708
15	72581178	72581299	7260
15	72581432	72581654	1179
15	72581696	72581901	1296
15	72581918	72582159	1301
15	72582258	72582651	28762
15	72584504	72584625	3031
15	72597019	72597181	7300
15	72608165	72608286	6084
15	72611944	72612582	12265
15	72636358	72636509	4375
15	72637777	72637901	5563
15	72638559	72638680	5242
15	72638808	72639079	8452
15	72639971	72640122	10138
15	72640370	72640491	9015
15	72641358	72641629	5754
15	72642773	72643044	12799
15	72643463	72643585	4870
15	72645372	72645529	8269
15	72645993	72646114	5211
15	72647871	72647992	4969
15	72648850	72648971	5181
15	72667975	72668366	14536
15	72671826	72671947	6183
15	72690616	72690767	3352
15	72690940	72691301	14345
15	72698590	72698741	13262
15	72698896	72699137	19873
15	72699371	72699618	22432
15	72700011	72700310	18078
15	72701333	72701434	5049
15	72701870	72701970	6492
15	72704256	72704356	3352
15	72766616	72767369	15312
15	72810380	72810501	8976
15	72837081	72837352	16023
15	72847566	72847717	9443
15	72848164	72848285	10190
15	72853765	72853916	6706
15	72855725	72855851	7004
15	72858863	72858984	12473
15	72859421	72859542	5191
15	72862461	72862702	32931
15	72864421	72864542	6547
15	72873020	72873381	18835
15	72874380	72874538	4515
15	72875529	72875711	3200
15	72875717	72875866	2487
15	72879533	72879679	22798
15	72931139	72931260	19805
15	72931428	72931549	19181
15	72931706	72931827	16213
15	72932044	72932285	42431
15	72932364	72932486	21369
15	72933896	72934017	20013
15	72934020	72934141	25908
15	72934210	72934331	22750
15	72934638	72934759	13923
15	72947059	72947180	27871
15	72948791	72949018	36247
15	72949903	72950003	41014
15	72950877	72950999	48914
15	72951792	72951914	33132
15	72952098	72952220	46040
15	72952265	72952386	54871
15	72952395	72952636	70284
15	72953586	72953708	39513
15	72953732	72953930	64316
15	72954082	72954203	37029
15	72954545	72955141	114164
15	72955337	72955578	73214
15	72956753	72956874	15014
15	72957269	72957406	29870
15	72957866	72958739	199625
15	72959013	72959113	19383
15	72968373	72968734	16269
15	72978519	72978640	10920
15	72978831	72978931	5047
15	72987133	72987254	4466
15	72987273	72987394	2535
15	72987482	72987603	5752
15	73001989	73002140	7601
15	73004555	73004676	6870
15	73007622	73007753	1816
15	73009093	73009214	7591
15	73015100	73015221	2669
15	73016811	73017052	12632
15	73020246	73020367	6653
15	73021929	73022050	12018
15	73023600	73023841	18947
15	73023860	73024101	12550
15	73027397	73027548	17111
15	73028085	73028356	14224
15	73029082	73029323	9663
15	73029809	73029938	2894
15	73043665	73043765	3271
15	73043840	73043940	5196
15	73044510	73044646	5838
15	73044656	73045257	41807
15	73047884	73048005	5227
15	73048281	73048381	3810
15	73048568	73048809	14688
15	73050382	73050503	6974
15	73052686	73052927	24832
15	73064093	73064214	9027
15	73067203	73067448	8416
15	73075790	73076042	340
15	73076127	73076424	12012
15	73344965	73345156	152
15	73408858	73409219	10831
15	73414842	73415183	19053
15	73418713	73418954	10518
15	73428222	73428419	10564
15	73468699	73468940	14365
15	73470586	73470827	6917
15	73528616	73528887	14838
15	73536640	73536881	11087
15	73541353	73541594	10130
15	73541871	73542108	11359
15	73545715	73545880	4082
15	73546975	73547216	14032
15	73551097	73551227	7210
15	73552587	73552828	19226
15	73558643	73558764	4382
15	73562311	73562584	6885
15	73562604	73562845	7562
15	73564786	73564913	6815
15	73566127	73566368	20459
15	73566987	73567108	4547
15	73570444	73570565	8995
15	73575227	73575498	29952
15	73580561	73580952	20100
15	73581471	73581592	8566
15	73585688	73585929	19384
15	73590609	73591000	17290
15	73593608	73593849	13433
15	73594934	73595055	11895
15	73595081	73595182	10636
15	73595240	73595341	5754
15	73595652	73595790	3113
15	73613892	73613993	5649
15	73614016	73614191	10317
15	73614631	73614806	7821
15	73614812	73616335	21271
15	73616390	73616631	17900
15	73617204	73617831	40024
15	73621871	73622142	29435
15	73624431	73624672	16400
15	73635696	73636177	24541
15	73659789	73660621	15670
15	73735481	73735725	25512
15	73766156	73766277	4483
15	73832806	73832927	11524
15	73843263	73843504	5007
15	73848626	73848747	6095
15	73852053	73852294	8698
15	73852363	73852796	13710
15	73852851	73852996	2267
15	73853102	73853370	12483
15	73854219	73854340	9195
15	73855526	73855647	4932
15	73858053	73858174	4439
15	73862446	73862807	6183
15	73865948	73866189	13084
15	73879820	73879971	6021
15	73884241	73884512	27243
15	73889339	73889720	23276
15	73925456	73925581	3060
15	73991928	73992079	11824
15	73994583	73994944	30949
15	73995079	73995449	27985
15	73995957	73996348	31823
15	73996483	73996844	31442
15	74000625	74000866	20645
15	74001918	74002069	8830
15	74003432	74003553	11457
15	74003886	74003987	4212
15	74005194	74005345	7500
15	74006000	74006121	3570
15	74006589	74006689	4673
15	74032248	74033003	53449
15	74043272	74043513	29543
15	74166019	74166140	12127
15	74173730	74173857	7301
15	74173975	74174098	4859
15	74176447	74176598	23639
15	74177112	74177242	5087
15	74177332	74177454	3408
15	74178405	74178526	7732
15	74178841	74178963	7012
15	74179897	74180138	4296
15	74180721	74180872	4277
15	74181364	74181485	3635
15	74183739	74183869	3274
15	74219069	74220257	3299
15	74235157	74235313	12437
15	74238675	74238946	16989
15	74239364	74239605	13635
15	74240104	74240255	13187
15	74241736	74242072	18128
15	74244083	74244234	6112
15	74244256	74244383	6064
15	74276223	74276494	8973
15	74276954	74277225	16713
15	74277635	74277876	13794
15	74280920	74281161	8322
15	74281372	74281643	8886
15	74282653	74282808	5817
15	74284376	74284617	1190
15	74287133	74287292	11866
15	74290309	74290827	36893
15	74315127	74315759	12618
15	74317141	74317292	9197
15	74323563	74323664	778
15	74324833	74325104	7718
15	74325414	74325949	26582
15	74326753	74326998	7379
15	74327502	74328434	70552
15	74335283	74335524	9524
15	74336020	74336141	8368
15	74336504	74337375	30202
15	74355068	74355333	55279
15	74355959	74356200	27929
15	74362853	74362953	16776
15	74363151	74364066	190957
15	74364527	74364664	53747
15	74365059	74365180	24195
15	74366355	74366596	80068
15	74366792	74367388	138909
15	74367726	74367847	37069
15	74367999	74368197	60771
15	74368221	74368343	22265
15	74369291	74369532	69588
15	74369541	74369662	55509
15	74369707	74369829	45870
15	74370013	74370135	29769
15	74370928	74371050	48226
15	74372909	74373136	60171
15	74374747	74374868	25329
15	74387159	74387280	13179
15	74387587	74387708	19626
15	74387777	74387898	27327
15	74387901	74388022	22276
15	74389432	74389554	24416
15	74389633	74389874	37652
15	74390091	74390212	16571
15	74390369	74390490	17461
15	74390658	74390779	18457
15	74392487	74392608	23498
15	74420765	74420965	11576
15	74421305	74421432	5359
15	74422878	74422978	2328
15	74423481	74423722	13812
15	74425046	74429144	139002
15	74467181	74469214	126881
15	74472351	74472622	29752
15	74473079	74473320	7943
15	74473566	74473837	6711
15	74474461	74474862	20666
15	74476112	74476383	21783
15	74477297	74477418	7856
15	74481418	74481656	10536
15	74483120	74483271	5413
15	74483454	74483605	12064
15	74483707	74483858	9897
15	74486050	74486321	20606
15	74487604	74487845	13118
15	74487929	74488044	2703
15	74488267	74488538	8075
15	74489660	74489781	3566
15	74490064	74490185	7886
15	74494486	74494623	5725
15	74494758	74494860	5123
15	74509586	74509947	11580
15	74510778	74511259	24626
15	74513534	74513655	1625
15	74529009	74529130	3519
15	74536269	74536527	75419
15	74554726	74554967	8467
15	74558982	74559138	8027
15	74560619	74560860	14068
15	74563998	74564149	6810
15	74565020	74565291	12361
15	74572217	74572488	9178
15	74572924	74573176	16378
15	74574063	74574214	2995
15	74588040	74588311	13799
15	74589340	74589440	4246
15	74610873	74611024	7916
15	74622461	74622732	12161
15	74622956	74623107	5781
15	74623266	74623650	17826
15	74624951	74625222	6838
15	74625551	74625673	6472
15	74626203	74626324	2872
15	74627263	74627534	20557
15	74628178	74628449	7162
15	74628506	74628867	33253
15	74630257	74630498	15525
15	74630889	74631130	14404
15	74631525	74631676	9526
15	74631859	74632130	14950
15	74635246	74635517	13440
15	74636080	74636351	7957
15	74637256	74637687	13569
15	74640197	74640410	7666
15	74642447	74642568	3461
15	74654319	74654440	5235
15	74659610	74659971	22318
15	74702874	74703385	44948
15	74703575	74703726	5876
15	74703822	74704093	12575
15	74704138	74704409	12715
15	74706835	74707106	24442
15	74707141	74707297	14153
15	74708112	74708353	12223
15	74708864	74709105	21754
15	74709639	74709796	10376
15	74709882	74710033	5421
15	74710172	74710323	5863
15	74710538	74710689	4512
15	74711066	74711337	3750
15	74726027	74726302	272
15	74738348	74738619	18990
15	74740728	74740999	14305
15	74741459	74741730	10355
15	74741900	74742051	2448
15	74742222	74742463	9878
15	74743080	74743231	6712
15	74743727	74743878	8441
15	74744616	74744737	7829
15	74748831	74749072	8436
15	74750965	74751237	8232
15	74753003	74753104	3867
15	74753468	74753568	12779
15	74836167	74836880	47641
15	74865147	74865298	23117
15	74865442	74865610	10429
15	74882131	74882372	22894
15	74883422	74883813	25532
15	74883846	74884207	31959
15	74885436	74885591	7438
15	74887892	74888236	27504
15	74888285	74888481	13209
15	74888642	74888743	4426
15	74889000	74889222	7652
15	74889240	74889340	3693
15	74889721	74889822	6327
15	74890073	74890174	3091
15	74890319	74890510	13448
15	74907776	74908257	366
15	74911462	74911733	21975
15	74912292	74912689	26657
15	74914229	74914572	29466
15	74914776	74914927	4411
15	74917179	74917420	7076
15	74918104	74918345	11911
15	74919648	74920064	23363
15	74920290	74920411	5775
15	74920893	74921044	13176
15	74921266	74921387	7429
15	74922014	74922255	21201
15	74924043	74924144	2229
15	74924589	74924728	5282
15	74924780	74925299	32356
15	74927737	74927978	14399
15	74932732	74933003	25626
15	74933824	74934305	18592
15	74948060	74948421	30570
15	74963774	74964135	19702
15	74967232	74967503	10588
15	75012761	75013152	12814
15	75013289	75013410	8897
15	75013480	75014114	35048
15	75014574	75015448	68281
15	75042043	75042920	63747
15	75043468	75043709	19887
15	75044059	75044210	11517
15	75044405	75044646	27747
15	75045476	75045627	11207
15	75047069	75047460	18721
15	75090554	75090705	7833
15	75090729	75091289	49002
15	75091571	75091842	9221
15	75092738	75092859	6857
15	75092993	75093114	1605
15	75093152	75093273	4660
15	75093306	75093457	4438
15	75093808	75093959	13641
15	75093982	75094253	13556
15	75094319	75094440	7446
15	75094611	75094882	24958
15	75094898	75094999	8251
15	75095109	75095281	4503
15	75095422	75095541	19667
15	75105161	75105402	7989
15	75108453	75108694	12979
15	75108730	75108885	13053
15	75108910	75109061	18957
15	75111047	75111168	3370
15	75111401	75111672	21944
15	75112351	75112472	10469
15	75112890	75113161	10330
15	75113370	75113611	7366
15	75114114	75114265	7062
15	75114925	75115076	5702
15	75115810	75116081	14350
15	75116604	75116875	24317
15	75117730	75118001	20694
15	75118975	75119246	13173
15	75120357	75120478	5168
15	75122461	75122705	11719
15	75123353	75123486	8869
15	75129515	75129636	4663
15	75129681	75129802	5990
15	75130054	75130175	6832
15	75130451	75130572	4777
15	75130584	75130705	3673
15	75130751	75130872	10056
15	75130973	75131094	12580
15	75131309	75131430	4494
15	75131600	75131721	3870
15	75131855	75132096	18497
15	75132554	75132675	6453
15	75132773	75133030	5545
15	75133676	75133917	9845
15	75134354	75134810	19120
15	75135274	75135515	1662
15	75137305	75137610	9993
15	75137711	75137993	7279
15	75140900	75141052	4683
15	75142783	75143054	11598
15	75143606	75143877	16517
15	75144347	75144588	8455
15	75145708	75145837	3240
15	75146319	75146470	9844
15	75146894	75147015	11251
15	75165506	75165627	16054
15	75182331	75182482	15533
15	75182810	75183051	15010
15	75183668	75183939	14168
15	75184921	75185192	17434
15	75185448	75185689	11229
15	75188458	75188691	7726
15	75189334	75189575	12212
15	75189810	75190081	18336
15	75190280	75190381	10266
15	75194892	75195163	4670
15	75196937	75197088	8492
15	75197472	75197593	5192
15	75198601	75198722	8992
15	75198913	75199154	2037
15	75212586	75212799	10203
15	75215988	75216121	4409
15	75219046	75219287	8873
15	75221393	75221634	16687
15	75230244	75230365	160
15	75248263	75249806	31618
15	75304122	75304462	32360
15	75304960	75305201	20807
15	75306871	75306972	9430
15	75308890	75309131	18873
15	75310140	75310381	28665
15	75310651	75310990	22725
15	75311105	75311346	11727
15	75311393	75311510	3257
15	75311567	75311691	4150
15	75311948	75312049	7766
15	75312699	75312799	1787
15	75320605	75320846	10949
15	75335768	75335889	8175
15	75336669	75336910	14230
15	75340856	75341083	16416
15	75341442	75341593	9809
15	75498365	75501217	164497
15	75503032	75503513	16806
15	75541507	75541748	13184
15	75550920	75551041	21178
15	75552652	75552879	37524
15	75553763	75553863	42965
15	75554731	75554853	45400
15	75555646	75555768	22373
15	75555952	75556074	32041
15	75556119	75556240	47535
15	75556249	75556490	54244
15	75557444	75557566	16344
15	75557590	75557788	42002
15	75557940	75558061	35500
15	75558398	75558994	137882
15	75559190	75559431	75685
15	75560606	75560727	23501
15	75561122	75561259	20010
15	75561468	75561589	15479
15	75561723	75562596	153284
15	75569481	75569582	1468
15	75575197	75575318	17096
15	75576929	75577156	36994
15	75578040	75578140	40932
15	75579012	75579134	42177
15	75579927	75580049	31793
15	75580233	75580355	36814
15	75580400	75580521	50139
15	75580530	75580771	54373
15	75581719	75581841	18917
15	75581865	75582063	53306
15	75582215	75582336	34916
15	75582674	75583270	123290
15	75583466	75583707	63899
15	75584882	75585003	23643
15	75585398	75585535	58066
15	75585999	75586915	170789
15	75587109	75587209	19053
15	75593904	75594145	26179
15	75594795	75595056	47220
15	75595312	75595412	3704
15	75614478	75614850	29626
15	75628370	75628491	12020
15	75630347	75630498	14193
15	75630667	75630788	16849
15	75630915	75631066	16649
15	75631234	75631505	42873
15	75631583	75631705	24324
15	75631979	75632385	45126
15	75640131	75640367	14787
15	75641192	75641703	39872
15	75644390	75644756	16126
15	75644901	75645052	6467
15	75645897	75646263	17363
15	75646513	75646664	7172
15	75646711	75646862	7677
15	75646925	75647196	13301
15	75647278	75647399	8240
15	75648158	75648570	22845
15	75648594	75648835	20307
15	75648925	75649046	5628
15	75649097	75649253	7088
15	75650492	75651000	31066
15	75651035	75651159	10650
15	75651355	75651532	11664
15	75651626	75651779	12953
15	75651917	75652158	22501
15	75652225	75652611	17417
15	75652816	75653087	5204
15	75653338	75653579	15517
15	75653613	75653734	5144
15	75653851	75654122	7021
15	75654150	75654301	5139
15	75654647	75654804	8722
15	75654944	75655099	4268
15	75656313	75656554	18969
15	75656796	75657037	9137
15	75658806	75658957	3939
15	75659762	75660033	19963
15	75660355	75660596	6798
15	75660812	75660934	2311
15	75663329	75663645	9358
15	75663971	75664071	3733
15	75664239	75664560	26216
15	75667988	75668229	11678
15	75672955	75673076	5710
15	75673908	75674059	13137
15	75676540	75676811	13035
15	75681956	75682197	19525
15	75684568	75685169	42275
15	75686961	75687232	22888
15	75688536	75688881	12041
15	75692317	75692558	6842
15	75693024	75693295	19387
15	75694130	75694364	7927
15	75699379	75699500	4442
15	75702133	75702374	12440
15	75702429	75702670	7393
15	75703777	75704138	30177
15	75705001	75705420	23553
15	75706507	75706662	5675
15	75714882	75715195	10931
15	75722470	75722741	9562
15	75759564	75759710	5591
15	75760013	75760291	17921
15	75760502	75760700	5557
15	75760818	75760967	6606
15	75760998	75761336	16520
15	75762115	75762356	11557
15	75762974	75763215	22493
15	75765977	75766128	3547
15	75772160	75772281	5041
15	75772974	75773095	179
15	75782534	75782655	7041
15	75797998	75798359	26936
15	75801248	75801378	5440
15	75809590	75809715	5099
15	75815372	75815643	11439
15	75816503	75816654	6302
15	75819409	75819650	10817
15	75871024	75871145	0
15	75890679	75891040	47745
15	75893427	75893578	5111
15	75897438	75897589	3934
15	75899514	75899665	5412
15	75901884	75902005	4668
15	75902221	75902345	2599
15	75909699	75909924	15096
15	75913162	75913433	8886
15	75917055	75917176	9327
15	75931485	75931586	3032
15	75931930	75932610	14173
15	75941397	75942944	68212
15	75949218	75949609	13632
15	75950386	75950487	4276
15	75950601	75950702	4874
15	75950744	75950844	5333
15	75950876	75950977	4426
15	75966881	75966982	2931
15	75967816	75969767	143734
15	75969984	75970255	10790
15	75974565	75974836	79152
15	75974863	75975134	21267
15	75975161	75975402	25925
15	75977043	75977284	52230
15	75977469	75978100	57038
15	75979553	75983184	733745
15	75985371	75985612	83162
15	76004991	76005112	4099
15	76016478	76016719	5537
15	76017439	76017569	5037
15	76018364	76018522	7047
15	76019309	76019940	27293
15	76030138	76030238	6974
15	76030692	76030792	10584
15	76031345	76031516	17390
15	76032232	76032333	23450
15	76054556	76054656	5809
15	76067944	76068044	17021
15	76069691	76069811	14439
15	76070765	76070865	20836
15	76071466	76071567	14847
15	76071723	76071824	22152
15	76072642	76072743	16554
15	76072951	76073052	20890
15	76073118	76073218	30528
15	76073297	76073478	33537
15	76074419	76074520	15933
15	76074620	76074728	16502
15	76075114	76075355	25068
15	76075359	76075573	24079
15	76075602	76075731	26642
15	76075924	76076165	52247
15	76077324	76077424	12720
15	76077824	76077961	33911
15	76078169	76078410	25507
15	76078418	76079066	96831
15	76079094	76079335	35033
15	76083892	76084133	24207
15	76084800	76085041	52283
15	76114172	76114293	15620
15	76135845	76135946	404
15	76135976	76136197	11319
15	76136694	76136827	33183
15	76146716	76146838	10952
15	76152209	76152333	29488
15	76161195	76161373	9260
15	76165717	76165958	43907
15	76168478	76168629	11417
15	76170270	76170391	6620
15	76171422	76171543	3185
15	76175674	76175795	4523
15	76182708	76182859	17747
15	76183246	76183367	5354
15	76189307	76189428	4343
15	76191733	76191874	4098
15	76192239	76192339	2942
15	76192855	76192975	9260
15	76193234	76193381	3661
15	76196253	76196494	23410
15	76196779	76197020	22050
15	76205526	76205647	3050
15	76206437	76206558	6411
15	76209531	76209772	11630
15	76222186	76222428	18505
15	76224993	76225474	22472
15	76225561	76225661	2593
15	76225788	76225888	4123
15	76235925	76236046	6532
15	76248020	76248141	5645
15	76248251	76248372	4587
15	76254090	76254361	8359
15	76301496	76301647	3602
15	76303505	76303626	6737
15	76426532	76426683	4536
15	76429990	76430261	20325
15	76448870	76449141	27979
15	76452411	76452532	17317
15	76462093	76462244	3354
15	76463281	76463522	17003
15	76467836	76468072	23352
15	76484282	76484523	2195
15	76494512	76494633	14937
15	76496037	76496668	21080
15	76496828	76497075	15286
15	76497248	76497348	5323
15	76508857	76508978	5030
15	76518168	76518289	2693
15	76523606	76523757	7974
15	76551482	76551992	26269
15	76552051	76552225	11651
15	76552955	76553434	49700
15	76553456	76553904	47459
15	76566732	76566853	4244
15	76576070	76576191	1593
15	76577967	76578089	9199
15	76578702	76578832	2784
15	76580175	76580296	6941
15	76584751	76584872	5971
15	76584939	76585060	4933
15	76587883	76588124	17879
15	76603648	76603769	1339
15	76629192	76629313	3161
15	76630092	76630333	61313
15	76630567	76630963	24500
15	76632547	76632938	16827
15	76633407	76633678	20935
15	76633966	76634237	28349
15	76640904	76641145	7273
15	76643542	76643663	6302
15	76646264	76646505	15191
15	76668456	76668697	10824
15	76673641	76674002	17075
15	76696821	76697062	13224
15	76726353	76726714	17116
15	76763493	76763734	8327
15	76797136	76797377	8309
15	76866440	76866681	15959
15	76878960	76879060	3798
15	76914076	76914197	3359
15	76957939	76958140	9648
15	76994031	76994272	13959
15	76995145	76995386	8447
15	76998223	76998357	4113
15	77020885	77021126	10817
15	77025560	77025769	19940
15	77046097	77046338	11543
15	77057236	77057477	26576
15	77057615	77057856	10168
15	77057880	77058001	4700
15	77059222	77059463	14757
15	77063998	77064359	14566
15	77067145	77067506	16358
15	77085540	77085641	2919
15	77087579	77087800	14612
15	77092525	77092766	7848
15	77096802	77097043	9361
15	77134052	77134294	19414
15	77150123	77150244	7337
15	77154694	77154935	7600
15	77176092	77176244	4106
15	77197570	77197811	1755
15	77224106	77224371	90
15	77224663	77224817	6871
15	77227843	77228084	10541
15	77233943	77234064	5529
15	77236064	77236222	10343
15	77239748	77239869	5082
15	77240700	77240941	10868
15	77241335	77241606	6726
15	77241614	77241714	3518
15	77241732	77241912	12408
15	77241918	77242018	8006
15	77242055	77242221	10153
15	77287871	77287993	11503
15	77300351	77300452	3011
15	77308281	77308382	5579
15	77310417	77310658	14217
15	77310773	77310894	5728
15	77317580	77317701	7747
15	77317770	77318011	15023
15	77320162	77320283	8000
15	77320882	77321003	5809
15	77321831	77321952	6122
15	77322821	77322942	7285
15	77323508	77323629	4598
15	77324582	77324823	14814
15	77325186	77325307	13644
15	77327815	77327936	8066
15	77328088	77328329	21795
15	77329330	77329571	16343
15	77338517	77338618	3776
15	77338649	77338749	3021
15	77339027	77339128	4257
15	77339161	77339282	4682
15	77344707	77344828	6054
15	77345073	77345314	16071
15	77346509	77346631	2914
15	77348106	77348227	3043
15	77348350	77348621	5862
15	77363214	77363347	470
15	77406448	77407679	93713
15	77425298	77426139	101450
15	77450812	77451061	22782
15	77471078	77474319	206922
15	77730707	77730808	3965
15	77750732	77750853	5427
15	77756534	77756775	9550
15	77759427	77759662	8165
15	77763208	77763437	13097
15	77764079	77764200	3314
15	77769843	77769994	8886
15	77770593	77770864	3702
15	77771467	77771708	7408
15	77775780	77775943	8085
15	77775990	77776091	5898
15	77776688	77776789	1335
15	77777657	77777757	6551
15	77777776	77777877	4326
15	77905816	77906088	9250
15	77906376	77908273	106603
15	77924593	77924714	259
15	77934208	77934308	6137
15	77938729	77938853	6443
15	77940180	77940289	5126
15	78187097	78187218	34190
15	78188771	78189132	50492
15	78189251	78189732	83582
15	78190581	78190702	35699
15	78190939	78191056	24553
15	78191059	78191180	24337
15	78191504	78191625	18434
15	78193737	78193858	13047
15	78196246	78196367	20979
15	78207426	78207653	31226
15	78207695	78207893	25541
15	78207981	78208085	18188
15	78208168	78208271	22930
15	78208804	78208941	32813
15	78209679	78209779	10317
15	78210628	78210869	53394
15	78211068	78211702	96864
15	78212048	78212169	29425
15	78212321	78212519	40597
15	78212544	78212665	22207
15	78213610	78213851	41999
15	78213860	78213981	40852
15	78214037	78214138	29627
15	78214332	78214455	18913
15	78215248	78215372	27881
15	78217230	78217457	39559
15	78219057	78219157	13404
15	78231933	78232054	17184
15	78233762	78233884	28312
15	78233963	78234083	19676
15	78234701	78234822	14968
15	78269695	78269816	15345
15	78271264	78271385	11272
15	78272281	78272522	43260
15	78273785	78274026	47101
15	78277900	78278021	11719
15	78278852	78279363	166192
15	78280289	78280410	22424
15	78281011	78281132	21004
15	78282431	78282552	14151
15	78287912	78288013	5140
15	78290478	78290719	18151
15	78293900	78294141	7247
15	78295618	78295859	8571
15	78301276	78301517	13240
15	78305110	78305705	32817
15	78308863	78309104	10926
15	78310122	78310363	19307
15	78316448	78316929	31227
15	78317538	78317862	10802
15	78322309	78322550	35704
15	78330843	78330964	3838
15	78337204	78337445	8330
15	78346322	78346572	7302
15	78358318	78358439	7960
15	78369585	78370004	1749
15	78384893	78385134	6445
15	78386437	78386558	6803
15	78390232	78390473	5573
15	78390710	78390951	16996
15	78393209	78393930	27341
15	78395770	78395891	3955
15	78397097	78397275	10016
15	78397461	78397561	7794
15	78397572	78397723	10702
15	78398027	78398298	22394
15	78401529	78401770	13155
15	78403471	78403628	5008
15	78415988	78416139	9465
15	78423470	78423591	1519
15	78441697	78441818	303
15	78447524	78447645	14192
15	78449200	78449321	4713
15	78449870	78449991	6148
15	78452369	78452610	7927
15	78453895	78454136	21599
15	78454521	78454762	20491
15	78455838	78455961	8142
15	78456028	78456149	14094
15	78457314	78457435	5212
15	78458446	78458687	29751
15	78461214	78461365	8598
15	78463199	78463300	4244
15	78463767	78463888	6417
15	78465876	78466237	14291
15	78466675	78466916	14576
15	78470913	78471184	8921
15	78471882	78472132	13551
15	78473036	78473307	6740
15	78474247	78474518	16497
15	78474761	78475146	24083
15	78485786	78486027	9155
15	78486256	78486407	7151
15	78486836	78487078	16592
15	78500302	78500454	7032
15	78526650	78526897	11276
15	78556634	78556755	0
15	78557057	78557247	12322
15	78558548	78558669	5907
15	78562777	78563048	7657
15	78565397	78565551	3802
15	78566529	78566843	18084
15	78567830	78568080	17347
15	78572375	78572497	8291
15	78572573	78572814	7745
15	78573527	78573628	6443
15	78575667	78575878	11570
15	78577580	78577701	7752
15	78578367	78578488	1300
15	78580616	78580737	7156
15	78581946	78582067	5613
15	78582245	78582486	7168
15	78584925	78585163	7967
15	78585499	78585624	6726
15	78587240	78587361	3788
15	78587725	78588082	15859
15	78632755	78632890	13123
15	78633322	78633705	22499
15	78635831	78635964	2954
15	78640232	78640353	6485
15	78730627	78730748	12963
15	78732118	78732239	5957
15	78755225	78755466	17651
15	78757540	78757781	21815
15	78758570	78758841	16235
15	78762817	78762968	7607
15	78764023	78764294	11987
15	78765532	78765773	22159
15	78768494	78768735	9522
15	78770627	78770749	3904
15	78775566	78775837	7623
15	78777061	78777302	44364
15	78777993	78778234	16334
15	78780055	78780176	3831
15	78780478	78780719	18292
15	78780929	78781170	12640
15	78782724	78782878	7599
15	78782910	78783151	9307
15	78786203	78786664	10660
15	78789439	78789680	9393
15	78790365	78790495	6365
15	78790626	78790726	8541
15	78790740	78790912	16920
15	78793647	78793838	3888
15	78805387	78805778	18194
15	78807243	78807495	8288
15	78810900	78811000	5725
15	78819692	78819933	8701
15	78825540	78826022	34902
15	78829592	78829692	6064
15	78834209	78834330	6937
15	78834448	78834599	4662
15	78834754	78835025	17565
15	78836509	78836630	17156
15	78837163	78837314	9488
15	78837919	78838125	15653
15	78838827	78839098	13524
15	78841057	78841328	12209
15	78858052	78858225	0
15	78873038	78873341	19424
15	78878948	78879099	4427
15	78880619	78880775	7442
15	78882137	78882988	49259
15	78885393	78885634	29516
15	78888888	78889129	4069
15	78893559	78894640	79499
15	78909329	78909485	5739
15	78910889	78911307	11596
15	78912935	78913224	400
15	78917296	78917673	12543
15	78921256	78922337	103888
15	78923408	78923537	8816
15	78923590	78923711	6211
15	78927733	78927974	9927
15	78933386	78933507	662
15	79024220	79024342	21245
15	79024693	79024814	34824
15	79024823	79025064	42777
15	79026134	79026332	40713
15	79027380	79027505	21761
15	79027816	79027937	18814
15	79042294	79042443	24055
15	79045431	79045673	15877
15	79051626	79051961	5987
15	79054704	79054945	27967
15	79055992	79056474	73357
15	79056851	79057092	19210
15	79057938	79059409	318952
15	79059706	79059947	36183
15	79060465	79060657	17090
15	79063472	79063694	40854
15	79063701	79064228	88427
15	79065363	79065604	32731
15	79066454	79066695	46400
15	79066929	79067170	20822
15	79068481	79068722	23440
15	79069075	79069196	7432
15	79069736	79069977	17438
15	79080493	79080764	24962
15	79081984	79082225	23453
15	79082922	79083193	32631
15	79083432	79083583	25192
15	79088871	79089138	13963
15	79090221	79090488	21942
15	79092509	79092899	8441
15	79103451	79103572	64
15	79165260	79165439	6905
15	79170516	79170637	6344
15	79172826	79172947	5055
15	79177245	79177486	14230
15	79178464	79178585	9785
15	79179589	79179710	3124
15	79183282	79183472	9989
15	79183778	79183929	6528
15	79184513	79184665	12460
15	79185863	79185984	5147
15	79186364	79186605	18296
15	79187142	79187263	9079
15	79189305	79189894	36261
15	79189938	79190113	12552
15	79214448	79214569	8835
15	79215246	79215547	11880
15	79217637	79217792	6141
15	79219997	79220148	5936
15	79221733	79221854	15922
15	79223759	79223880	8693
15	79224695	79224816	4743
15	79227310	79227434	6239
15	79227995	79228116	5742
15	79229650	79229775	9210
15	79231406	79231557	4650
15	79237216	79237337	3210
15	79254470	79254591	3768
15	79264180	79264301	14373
15	79265582	79265823	17547
15	79271195	79271544	17438
15	79272940	79273061	5527
15	79277197	79277556	37957
15	79282511	79282632	8255
15	79284023	79284146	3496
15	79288020	79288171	4489
15	79290428	79290560	12571
15	79291022	79291177	15668
15	79292048	79292289	19839
15	79293945	79294140	26097
15	79296059	79296570	26147
15	79298436	79298827	21533
15	79304799	79304976	8951
15	79307648	79307769	5667
15	79310058	79310299	15334
15	79312353	79312474	5475
15	79317584	79317855	9445
15	79319990	79320261	36596
15	79323705	79323861	12847
15	79324440	79324681	29326
15	79327421	79327572	3721
15	79339033	79339394	14241
15	79341822	79341943	4052
15	79350628	79350869	13450
15	79356752	79356910	21881
15	79382521	79382882	44114
15	79502105	79502238	6911
15	79529453	79529574	18311
15	79585626	79590581	312983
15	79603554	79603795	8079
15	79606041	79606402	23058
15	79614256	79614617	37727
15	79748437	79750838	127727
15	79755354	79755715	15607
15	79760506	79760747	15479
15	79761217	79761318	15722
15	79761584	79761731	13078
15	79761986	79762087	3421
15	79762202	79762302	4352
15	79762511	79762612	2743
15	79763705	79763805	6121
15	79763944	79764045	7232
15	79764149	79764249	6548
15	79764300	79764658	31810
15	80137542	80137794	24276
15	80181384	80181745	42551
15	80189150	80189391	5481
15	80191248	80191489	16717
15	80215097	80217195	136881
15	80253399	80253526	8901
15	80259945	80260066	11908
15	80263010	80263491	51868
15	80352087	80352187	345
15	80412642	80412883	13753
15	80414016	80414172	10131
15	80415030	80415152	5225
15	80423487	80423645	9999
15	80429774	80430102	38115
15	80430129	80430448	36541
15	80430453	80430637	32407
15	80445375	80445496	15802
15	80450392	80450522	16038
15	80452037	80452278	20670
15	80452685	80452836	12110
15	80454571	80454706	21737
15	80460351	80460502	17342
15	80460570	80460691	9102
15	80464449	80464600	8447
15	80465269	80465540	25053
15	80467334	80467455	12809
15	80469840	80469961	6300
15	80472425	80472577	14410
15	80473321	80473562	9402
15	80478420	80478571	16900
15	80696677	80696923	6
15	80743156	80743397	16434
15	80750232	80750353	12310
15	80762544	80762785	15496
15	80767306	80767596	27783
15	80800486	80800609	18464
15	80806193	80806344	16371
15	80806612	80806763	10866
15	80843486	80843637	8847
15	80844926	80845167	36296
15	80847381	80847502	4951
15	80855353	80855624	23644
15	80866463	80866584	15020
15	80867268	80867499	30991
15	80869165	80869316	6373
15	80872669	80872940	45695
15	80873511	80873782	14068
15	80883825	80884096	28646
15	80885928	80886049	6237
15	80889506	80889627	5081
15	80890120	80890279	30450
15	80987674	80988377	26322
15	81041822	81042063	34327
15	81046480	81046721	15433
15	81134294	81134461	7412
15	81166206	81166327	3797
15	81171013	81171254	24239
15	81172004	81172245	12167
15	81173177	81173503	30065
15	81176454	81176725	23719
15	81179978	81180129	9726
15	81181028	81181149	17743
15	81181751	81181992	11738
15	81187245	81187516	25039
15	81188184	81188425	23921
15	81198970	81199211	17527
15	81201421	81201662	35166
15	81212416	81212657	29408
15	81213346	81213467	8240
15	81214262	81214533	19646
15	81216913	81217064	9865
15	81217879	81218150	30120
15	81221199	81221557	41264
15	81224138	81224409	14263
15	81225572	81225813	22017
15	81228969	81229240	16385
15	81230076	81230347	17287
15	81234170	81234411	10684
15	81234543	81234694	5557
15	81235213	81235484	31687
15	81239294	81239416	10986
15	81241080	81241321	13155
15	81241376	81241477	9204
15	81241851	81241952	5079
15	81243157	81243258	12079
15	81243474	81243575	16604
15	81243838	81243994	8300
15	81271477	81271868	32584
15	81274255	81274533	30193
15	81281865	81282142	20214
15	81294576	81298130	222210
15	81426643	81426764	10064
15	81427583	81427710	8810
15	81428847	81429099	19082
15	81430372	81430493	10711
15	81435930	81436201	19851
15	81440174	81440295	5977
15	81440655	81440896	17100
15	81475167	81475267	2493
15	81517604	81518076	25336
15	81552103	81552231	4109
15	81557949	81558190	18396
15	81561842	81561999	20220
15	81565366	81565607	19789
15	81571133	81571254	6135
15	81571855	81572126	9736
15	81574887	81575158	16704
15	81577983	81578224	32297
15	81582210	81582311	547
15	81582776	81582897	10164
15	81584806	81585437	48247
15	81587775	81587875	7688
15	81589222	81589463	16899
15	81591668	81592859	77563
15	81593647	81593888	16783
15	81595879	81596001	10746
15	81598196	81598557	30860
15	81598672	81598943	14746
15	81600424	81600545	6061
15	81600921	81601259	37277
15	81605549	81605790	37705
15	81610705	81610856	3406
15	81611587	81611858	21771
15	81614693	81614934	15771
15	81615148	81615314	5475
15	81616329	81616450	19818
15	81624700	81625661	83401
15	81627007	81627368	72287
15	81628909	81629056	3845
15	81630164	81630285	21707
15	81630937	81631178	12213
15	81631698	81631909	15022
15	81633673	81633914	26051
15	81635591	81635712	6550
15	81636200	81636441	13936
15	81637045	81637362	23543
15	81638683	81638804	8814
15	81641732	81641973	20213
15	81643991	81644228	12424
15	81648026	81648147	3084
15	81648740	81648981	15244
15	81650439	81650680	17734
15	81650730	81650851	19167
15	81651637	81651878	6375
15	81654540	81654661	9170
15	81660570	81660693	5033
15	81664883	81665124	25007
15	81666312	81666433	17532
15	82069634	82069873	15262
15	82334122	82334528	19246
15	82334578	82335198	26589
15	82335441	82336975	89384
15	82337762	82338084	6406
15	82338099	82338380	943
15	82422686	82422927	14742
15	82430969	82431210	23658
15	82443743	82444824	90112
15	82450006	82450247	20425
15	82456138	82456379	10872
15	82507005	82507246	35145
15	82511954	82512195	26274
15	82512373	82512614	26421
15	82517494	82517615	11213
15	82519730	82519971	16565
15	82520478	82520719	23660
15	82521351	82521472	7924
15	82523129	82523339	15759
15	82530603	82530874	48260
15	82532749	82532947	12584
15	82533556	82533797	50938
15	82545012	82545134	11033
15	82551401	82551522	13459
15	82554012	82554133	10261
15	82555185	82555306	33982
15	82563922	82564163	27540
15	82574450	82575413	94004
15	82575547	82575648	5163
15	82590885	82591264	9446
15	82593338	82593504	12353
15	82595241	82595341	7861
15	82596650	82596750	5318
15	82597029	82597212	17950
15	82598070	82598197	10647
15	82599618	82599718	9770
15	82608705	82608850	11966
15	82609447	82609548	5160
15	82609940	82610086	14670
15	82611473	82611643	12629
15	82611969	82612156	42604
15	82613000	82613173	28744
15	82614419	82614722	60506
15	82614895	82615087	17029
15	82618600	82618701	16599
15	82619186	82619554	54607
15	82620087	82620609	215803
15	82621531	82621728	32208
15	82622118	82622292	26883
15	82622372	82622519	15408
15	82623637	82623737	1101
15	82626597	82626755	5633
15	82635073	82635395	123795
15	82635403	82635644	72325
15	82636442	82636706	70592
15	82636899	82637690	194878
15	82638022	82638143	48202
15	82638770	82638892	79894
15	82639026	82639147	58068
15	82639678	82639919	46687
15	82641485	82641624	78196
15	82663999	82664100	11274
15	82664176	82664276	7508
15	82664501	82665102	64788
15	82679531	82679632	19428
15	82690123	82690224	10761
15	82692835	82692956	8469
15	82696766	82696957	70225
15	82711382	82711482	8410
15	82712137	82712237	18941
15	82722265	82722404	43916
15	82723969	82724210	63829
15	82724741	82724862	31849
15	82724996	82725118	49940
15	82725745	82725866	46976
15	82726194	82726844	98881
15	82727037	82727291	72739
15	82728096	82728337	42437
15	82728423	82728664	58076
15	82738764	82739003	134539
15	82751594	82751834	130079
15	82753376	82753617	97110
15	82754591	82756033	444876
15	82756566	82756950	108286
15	82758531	82759061	34908
15	82759584	82759826	70724
15	82761409	82761608	22753
15	82761686	82761842	25638
15	82761985	82762144	118811
15	82764344	82764572	37812
15	82765119	82765480	70753
15	82768983	82769104	30857
15	82769153	82769484	99643
15	82769507	82769749	40069
15	82769938	82770073	40286
15	82772287	82772388	20172
15	82804047	82804186	39714
15	82805754	82805995	67095
15	82806525	82806646	13867
15	82806780	82806902	75002
15	82807529	82807650	47470
15	82807980	82809107	489469
15	82809299	82809553	97673
15	82810359	82810600	85458
15	82810686	82810849	47420
15	82821187	82821308	15899
15	82822685	82822806	20545
15	82823219	82823460	35099
15	82824343	82824584	14854
15	82824773	82824894	10797
15	82828993	82829114	6973
15	82886379	82886518	20234
15	82888473	82888594	765
15	82890433	82890533	8851
15	82894358	82894479	16972
15	82909361	82909482	20568
15	82910398	82910499	16819
15	82911745	82912048	55460
15	82912221	82912413	47887
15	82913739	82913933	15384
15	82915927	82916028	13081
15	82916513	82916881	51072
15	82917414	82917815	65488
15	82917845	82917966	39842
15	82918858	82919055	30779
15	82919445	82919619	50378
15	82919699	82919846	36814
15	82921097	82921198	18640
15	82923924	82924082	2147
15	82932477	82932719	165860
15	82932726	82932967	93996
15	82933775	82934029	22410
15	82934222	82934825	199119
15	82934866	82935184	145825
15	82935513	82935634	60514
15	82936261	82936383	88102
15	82936517	82936638	66271
15	82937169	82937410	49396
15	82938976	82939115	75004
15	82967485	82967586	22895
15	82969804	82969938	40522
15	82970127	82970369	38652
15	82970392	82970723	105932
15	82970772	82970893	30871
15	82971042	82971239	22096
15	82971749	82971850	3356
15	82974396	82974757	74031
15	82975303	82975531	34627
15	82975653	82975754	4357
15	82976134	82976532	25052
15	82977730	82977889	124555
15	82978032	82978579	70463
15	82980047	82980289	74243
15	82980812	82981343	29409
15	82982924	82983422	128151
15	82983840	82985282	455428
15	82986255	82986496	51867
15	82988038	82988278	133370
15	83000916	83001155	90045
15	83011414	83011601	42177
15	83011687	83011928	50138
15	83012736	83012990	65756
15	83013183	83014187	196153
15	83014514	83014635	58618
15	83015262	83015384	50532
15	83015518	83015639	9261
15	83016170	83016411	45825
15	83017977	83018116	67095
15	83041042	83041643	59526
15	83056065	83056166	18598
15	83066657	83066758	13970
15	83069360	83069481	7927
15	83073291	83073482	72881
15	83087907	83088007	9242
15	83088662	83088762	20805
15	83098790	83098929	50259
15	83100494	83100735	61466
15	83101266	83101387	32370
15	83101521	83101643	43584
15	83102270	83102391	47456
15	83102719	83103369	103469
15	83103562	83103816	74311
15	83104621	83104862	38050
15	83104870	83105189	61923
15	83115295	83115534	132635
15	83128180	83128420	137864
15	83129962	83130203	87727
15	83131177	83132619	457327
15	83133152	83133536	102028
15	83135117	83135647	35127
15	83136170	83136412	69318
15	83137995	83138194	19385
15	83138272	83138428	24382
15	83138571	83138730	113687
15	83140930	83141158	41181
15	83141703	83142064	85557
15	83145222	83145419	21997
15	83145567	83145688	30112
15	83145737	83146068	101082
15	83146091	83146333	40416
15	83146522	83146657	38167
15	83148875	83148976	18631
15	83188623	83188762	38626
15	83190330	83190571	65303
15	83191101	83191222	15264
15	83191356	83191478	77200
15	83192105	83192226	50323
15	83192556	83193451	219221
15	83193643	83193897	98089
15	83194702	83194943	42081
15	83195029	83195192	41058
15	83205530	83205651	16171
15	83207028	83207149	20511
15	83207562	83207803	40782
15	83208686	83208927	19693
15	83209116	83209237	9863
15	83211923	83212204	32703
15	83212215	83212351	1267
15	83212382	83212529	996
15	83212616	83212991	2397
15	83213132	83213233	5190
15	83213332	83213462	8461
15	83215139	83215290	9334
15	83215848	83215999	9932
15	83218187	83218428	11521
15	83221176	83221417	15147
15	83222187	83222316	9975
15	83222618	83222751	4273
15	83224534	83224925	24094
15	83226471	83226746	13738
15	83240049	83240292	23517
15	83295909	83296291	40005
15	83296888	83297083	3493
15	83297112	83297212	1040
15	83306685	83306806	5949
15	83316552	83316673	0
15	83328265	83328506	22499
15	83328544	83328785	19475
15	83330564	83330685	9916
15	83330900	83331021	13908
15	83331378	83331739	26112
15	83331810	83332051	19654
15	83332280	83332401	9250
15	83332518	83332759	18733
15	83333059	83333300	33474
15	83333519	83333760	15236
15	83333976	83334077	5822
15	83334185	83334387	24216
15	83335470	83335711	17811
15	83345179	83345420	23898
15	83345959	83346200	38295
15	83346367	83346608	17328
15	83346826	83346947	11322
15	83348454	83348576	8265
15	83348892	83349013	13258
15	83349214	83349546	9442
15	83349558	83349799	17140
15	83349835	83349956	7350
15	83350130	83350371	29505
15	83357474	83357595	11984
15	83357885	83358006	7751
15	83358106	83358227	9122
15	83360395	83360546	13674
15	83368385	83368649	35863
15	83378280	83378521	1075
15	83379260	83379361	5823
15	83379934	83380114	11915
15	83382440	83382540	945
15	83384072	83384173	6386
15	83395072	83395214	20985
15	83395244	83395832	59550
15	83424638	83424879	17458
15	83428044	83428405	20673
15	83430820	83431061	14660
15	83433862	83434103	18192
15	83434595	83434836	10900
15	83437585	83437826	23683
15	83438447	83438688	8440
15	83440781	83441022	20261
15	83442176	83442276	6623
15	83444224	83444325	975
15	83444361	83444461	1184
15	83447470	83447701	8022
15	83448946	83449067	7501
15	83451472	83451833	41559
15	83453275	83453376	10947
15	83455249	83455370	6646
15	83455461	83456182	61137
15	83458107	83458271	8534
15	83459647	83459747	4885
15	83465031	83465248	17993
15	83467295	83467427	6772
15	83470441	83470608	9562
15	83478390	83479142	10210
15	83480768	83480897	5591
15	83481820	83482137	84817
15	83485397	83485638	46156
15	83486349	83486470	31802
15	83486662	83486878	25494
15	83488036	83488277	19758
15	83491829	83492065	25546
15	83495143	83495264	6512
15	83495489	83495610	2983
15	83499298	83499878	27146
15	83501953	83502314	26012
15	83503314	83503414	6766
15	83518195	83518296	5391
15	83518439	83518680	23753
15	83519881	83520002	4789
15	83520827	83521068	27749
15	83523352	83523593	31690
15	83527729	83527970	25333
15	83532903	83533024	18522
15	83543969	83544210	37251
15	83561393	83561634	25629
15	83621223	83621486	0
15	83657736	83657975	7994
15	83658604	83658845	31272
15	83659345	83659446	4844
15	83673517	83673618	9694
15	83673626	83673727	10244
15	83674335	83674486	2590
15	83677161	83677483	20604
15	83678930	83679171	19487
15	83680202	83680360	8170
15	83685848	83685948	11187
15	83686274	83686374	7284
15	83686746	83687017	16776
15	83687410	83687651	22279
15	83689409	83689530	8058
15	83698832	83699103	16029
15	83710457	83710698	12479
15	83718815	83718940	4562
15	83725097	83725338	14720
15	83735488	83735967	400
15	83776410	83776534	9152
15	83781539	83781662	19477
15	83784584	83784705	14768
15	83788320	83788443	22301
15	83790652	83790773	22166
15	83791448	83791689	17020
15	83793414	83793538	24519
15	83795491	83795612	8597
15	83796048	83796289	53383
15	83805207	83805448	14336
15	83806919	83807040	6242
15	83807347	83807448	3878
15	83807955	83808084	9265
15	83819918	83820159	27358
15	83826124	83826365	63292
15	83826602	83826843	28687
15	83832727	83832848	6235
15	83876073	83876195	4927
15	83924631	83924732	6555
15	83925071	83925172	6323
15	83925872	83925972	3724
15	83926095	83926895	82089
15	83931643	83933594	210490
15	83935554	83935833	28889
15	83936843	83936994	12404
15	83953206	83953390	24
15	84116246	84116367	4127
15	84159558	84159679	4354
15	84190843	84190944	8022
15	84227977	84228098	5294
15	84233860	84234029	9459
15	84237231	84237472	10688
15	84241262	84241503	23389
15	84245292	84245533	10374
15	84255725	84255848	3968
15	84257404	84257533	8983
15	84284817	84285024	15513
15	84286815	84287249	23907
15	84287406	84287507	4228
15	84324486	84324607	4743
15	84373079	84373320	21736
15	84442217	84442458	15463
15	84473363	84473514	6239
15	84488469	84488860	41759
15	84506782	84507023	14046
15	84527493	84527614	11765
15	84539481	84539752	15631
15	84553843	84553974	10121
15	84558808	84559049	17394
15	84560044	84560165	11327
15	84561421	84561657	22632
15	84566562	84566803	21045
15	84568349	84568500	7432
15	84581805	84582166	23365
15	84592599	84592840	12807
15	84611322	84611563	27656
15	84611623	84611864	23477
15	84639191	84639432	27396
15	84651015	84652106	53598
15	84657385	84657605	9011
15	84657975	84658147	7340
15	84659780	84660021	30020
15	84683263	84683504	37205
15	84685071	84685312	12219
15	84690102	84690373	16186
15	84693967	84694245	35812
15	84700044	84700195	19369
15	84705510	84705756	13726
15	84706413	84706584	8972
15	84707268	84707402	8999
15	84708087	84708260	22446
15	84708269	84708369	4288
15	84708436	84708575	6832
15	84722333	84722454	16528
15	84722574	84722695	15601
15	84749890	84750011	11652
15	84752924	84753045	13701
15	84758941	84759062	9056
15	84770728	84770969	52143
15	84771574	84771695	6332
15	84773343	84773614	62132
15	84781653	84781774	10128
15	84784785	84784906	14180
15	84789826	84790037	22944
15	84790217	84790458	24317
15	84795162	84795403	37199
15	84842693	84842932	131538
15	84855557	84855797	348144
15	84857338	84857579	120957
15	84858571	84860013	1806390
15	84860546	84860930	330545
15	84862513	84862702	86189
15	84862809	84863051	65738
15	84863574	84863816	179899
15	84865676	84865798	97008
15	84865975	84866134	169854
15	84868329	84868539	214173
15	84868844	84868944	9000
15	84869005	84869486	377137
15	84872641	84872838	97101
15	84872913	84873106	103835
15	84873157	84873488	141707
15	84873511	84873753	79292
15	84873942	84874077	74849
15	84876296	84876397	47806
15	84904567	84904706	22351
15	84906276	84906517	172242
15	84907048	84907169	105646
15	84907303	84907425	84792
15	84908052	84908173	74462
15	84908500	84909576	486678
15	84909769	84910023	186560
15	84910828	84911069	142295
15	84911156	84911397	166784
15	84917076	84917315	102133
15	84924664	84924766	49514
15	84944428	84944609	75449
15	84945147	84945247	46622
15	84945392	84945513	76088
15	84946139	84946240	42697
15	84946612	84946866	102758
15	84947218	84947339	45176
15	84948438	84948539	22093
15	84948639	84948760	42343
15	84949156	84949290	62187
15	84949479	84949695	63776
15	84949738	84950069	104544
15	84950114	84950235	32841
15	84950389	84950586	66761
15	84958270	84959719	605347
15	84960693	84960934	124089
15	84962477	84962717	132184
15	84975326	84975565	134535
15	85042621	85042860	34390
15	85053099	85053341	106983
15	85053428	85053669	150547
15	85054474	85054728	39887
15	85054921	85056102	845037
15	85056428	85056549	62376
15	85057176	85057298	79131
15	85057432	85057553	112917
15	85058084	85058325	176363
15	85059895	85060034	55056
15	85070044	85070145	34897
15	85070823	85070924	12616
15	85081764	85081885	3949
15	85082926	85083027	5531
15	85085324	85085565	180256
15	85089421	85089542	14985
15	85098127	85098368	74044
15	85112711	85112950	152981
15	85113829	85113931	14643
15	85147120	85147601	36163
15	85149721	85149842	9965
15	85159495	85159646	18134
15	85163770	85166948	262089
15	85175088	85175569	36801
15	85176998	85177608	10309
15	85180546	85180667	9211
15	85186662	85187007	21835
15	85188508	85189249	46899
15	85189375	85189616	10490
15	85191091	85191212	12001
15	85191750	85191871	3328
15	85195926	85196048	1879
15	85196833	85196956	8983
15	85197423	85197544	13586
15	85198366	85198690	18179
15	85200371	85200612	20429
15	85201171	85201393	12645
15	85212765	85212865	5062
15	85212900	85213015	5027
15	85213213	85213334	2773
15	85213923	85214044	7868
15	85223882	85224123	20365
15	85230809	85231050	8714
15	85234699	85234940	12712
15	85259209	85259570	75901
15	85292778	85292878	17775
15	85306018	85306119	16213
15	85307969	85308070	4247
15	85325845	85328156	151678
15	85333903	85334144	23193
15	85341066	85341307	11662
15	85341474	85341745	22611
15	85341751	85342142	21207
15	85342293	85342451	11124
15	85342989	85343260	16653
15	85345045	85345685	77598
15	85346378	85346479	8997
15	85346491	85346591	11072
15	85348786	85348887	11320
15	85349087	85349220	10990
15	85360068	85360884	41414
15	85366518	85366639	26228
15	85370624	85370895	29282
15	85382151	85382389	22253
15	85382856	85384207	78169
15	85399563	85401844	160909
15	85402396	85402667	27966
15	85402919	85403190	16616
15	85403194	85403345	6421
15	85405794	85406185	22385
15	85406765	85406886	6395
15	85407663	85407906	20838
15	85410510	85410631	11507
15	85411303	85411697	24292
15	85411702	85411803	5837
15	85411923	85412024	4354
15	85412130	85412231	5844
15	85412904	85413005	5450
15	85414288	85414389	3659
15	85430978	85431099	11692
15	85431985	85432106	10607
15	85433658	85433779	4746
15	85438111	85438382	35693
15	85438531	85438692	6953
15	85447277	85447518	14137
15	85448760	85448893	23564
15	85451926	85452047	4596
15	85461733	85461854	21506
15	85464168	85464319	10132
15	85467127	85467398	28814
15	85476319	85476560	31057
15	85478219	85478460	30060
15	85478529	85478770	31028
15	85486655	85486776	12842
15	85487754	85487905	11215
15	85487951	85488108	14882
15	85488302	85488453	23230
15	85525210	85525606	67
15	85607567	85607688	13133
15	85610218	85610459	26060
15	85619070	85619223	8879
15	85619929	85620050	17009
15	85626769	85626890	6420
15	85632546	85632667	16831
15	85634222	85634463	16949
15	85641161	85641282	7731
15	85643180	85643331	11917
15	85643346	85643467	9951
15	85652231	85652382	6199
15	85656581	85656702	12822
15	85657064	85657305	17663
15	85658632	85658753	18913
15	85659165	85659402	12659
15	85660849	85661090	49233
15	85663985	85664256	10963
15	85666206	85666477	34432
15	85669400	85669641	8979
15	85679678	85679949	25881
15	85680989	85681144	5859
15	85681651	85681751	5242
15	85734650	85734890	135518
15	85736430	85736671	89598
15	85737645	85739087	694920
15	85739621	85740005	92104
15	85741585	85741774	68434
15	85741881	85742123	68482
15	85742646	85742888	103524
15	85744471	85744670	118901
15	85744748	85744925	25208
15	85745047	85745206	37306
15	85747406	85747622	168743
15	85747921	85748021	6924
15	85748082	85748563	334942
15	85751718	85751915	101930
15	85752062	85752184	17345
15	85752235	85752566	126948
15	85752589	85752831	82115
15	85753020	85753155	76481
15	85755374	85755475	48256
15	85783683	85783822	17957
15	85785389	85785630	165759
15	85786161	85786282	25926
15	85786416	85786538	75677
15	85787165	85787286	50308
15	85787615	85788395	435183
15	85788405	85788645	89997
15	85788838	85789092	60517
15	85790006	85790127	29383
15	85790213	85790376	56721
15	85803867	85803988	25654
15	85804956	85805077	38372
15	85805107	85805227	48785
15	85805913	85806034	23478
15	85806063	85806184	40605
15	85810578	85810698	30369
15	85810871	85811112	44555
15	85813401	85813642	35494
15	85923938	85924039	2180
15	86022646	86022746	5998
15	86028906	86029027	12113
15	86063851	86063972	8285
15	86064611	86064852	33741
15	86076751	86077173	38899
15	86086973	86087214	21342
15	86118339	86118580	19069
15	86122128	86125369	173303
15	86128872	86129113	37916
15	86131858	86131958	10131
15	86163312	86163413	5356
15	86182581	86182702	4234
15	86189017	86189236	16213
15	86198591	86199072	64068
15	86201733	86201854	10094
15	86205590	86205711	17088
15	86207738	86208009	12232
15	86212943	86213071	10274
15	86225354	86225475	6425
15	86227916	86228157	9102
15	86235024	86235145	12084
15	86236383	86236700	25422
15	86251222	86251343	10309
15	86253781	86253902	8232
15	86258965	86259206	25311
15	86260511	86260643	12512
15	86261192	86261433	18430
15	86262250	86262587	28187
15	86265163	86265639	45257
15	86266245	86266606	18617
15	86269617	86269738	8652
15	86270266	86270507	13789
15	86270561	86270712	11065
15	86273689	86273960	10466
15	86278150	86278421	14333
15	86278764	86278885	6212
15	86279281	86279402	10466
15	86283416	86283537	17466
15	86284230	86284741	44920
15	86286678	86287069	22753
15	86287792	86287943	12400
15	86289364	86289465	1510
15	86290774	86290943	16516
15	86290992	86291093	8559
15	86302569	86302670	3664
15	86311225	86313056	166627
15	86313706	86313827	10461
15	86600122	86600425	63423
15	86623178	86623279	9351
15	86685205	86685326	12683
15	86686881	86687134	29093
15	86697605	86697846	25269
15	86702149	86702270	10463
15	86768102	86768223	10577
15	86790884	86791125	16931
15	86800045	86800286	33595
15	86801167	86801288	7084
15	86805825	86806186	58759
15	86807417	86808138	41410
15	86809585	86809706	10033
15	86810202	86810323	5650
15	86813102	86813343	11214
15	86814832	86814953	5330
15	86822860	86823065	17943
15	86838441	86838682	21817
15	86940565	86940806	23177
15	86952804	86952907	4303
15	87063322	87063423	3602
15	87065984	87066234	24259
15	87089177	87089418	23745
15	87097558	87097799	8232
15	87099423	87099544	6570
15	87100243	87100344	5407
15	87217464	87217707	9663
15	87531149	87531390	24179
15	87572002	87572123	6992
15	88121289	88121746	64801
15	88420137	88420378	17546
15	88423458	88423699	23415
15	88428772	88428893	8400
15	88428895	88428995	4577
15	88451706	88451807	11453
15	88472362	88472723	28640
15	88474387	88474509	25538
15	88476177	88476448	18163
15	88483767	88484038	24646
15	88513325	88513425	11413
15	88520560	88520660	5388
15	88521334	88521513	15151
15	88521980	88522081	9707
15	88522153	88522254	9363
15	88522313	88522704	26829
15	88524326	88524701	19037
15	88576060	88576301	19625
15	88663472	88663573	3072
15	88669491	88669614	5625
15	88670363	88670484	16999
15	88671892	88672013	3986
15	88678298	88678659	43498
15	88679079	88679320	13941
15	88679617	88679888	21645
15	88680592	88680833	21726
15	88690538	88690659	3331
15	88726593	88726744	9402
15	88727431	88727552	5683
15	88735370	88735471	7211
15	88744461	88744562	3942
15	88799049	88799406	36620
15	89002787	89003148	45053
15	89007869	89008140	35110
15	89008789	89009030	14894
15	89010343	89010618	21138
15	89010889	89011040	22871
15	89011075	89011314	35286
15	89015815	89015966	2648
15	89018254	89018525	83639
15	89020191	89020312	24321
15	89021093	89021220	8919
15	89055755	89055856	6294
15	89056155	89056396	14190
15	89058472	89058573	1540
15	89059987	89060228	24550
15	89061386	89061576	7673
15	89070802	89071043	16173
15	89073793	89074999	144604
15	89079492	89079613	19068
15	89081752	89081947	18796
15	89151265	89151438	17165
15	89155031	89155190	10532
15	89169379	89170046	63780
15	89172435	89172676	13972
15	89173225	89173673	43011
15	89174308	89174429	9285
15	89182560	89182835	35141
15	89195079	89195551	57460
15	89198552	89198823	22617
15	89279811	89279938	9646
15	89280179	89280524	5254
15	89379411	89379532	18736
15	89381844	89382325	45295
15	89383208	89383449	36269
15	89384913	89385154	20060
15	89386551	89386912	20966
15	89388683	89389129	47896
15	89390439	89390680	49065
15	89391084	89391325	28574
15	89392634	89393102	34675
15	89394963	89395324	51219
15	89398018	89402693	443130
15	89403492	89403733	23382
15	89411446	89411560	7266
15	89414570	89414811	41187
15	89415213	89415334	6848
15	89416062	89416303	9117
15	89417042	89417283	27849
15	89417612	89417794	8745
15	89417937	89418063	6545
15	89418506	89418606	3094
15	89421162	89421523	44527
15	89422167	89422528	28796
15	89424530	89425011	36123
15	89430316	89430587	47897
15	89436204	89436343	11863
15	89442573	89443084	61365
15	89444722	89444993	46243
15	89448908	89449179	23056
15	89449799	89450052	16556
15	89450395	89450636	42143
15	89452967	89453208	28891
15	89455328	89455429	9731
15	89456452	89456573	0
15	89659504	89659775	47458
15	89694874	89695115	25269
15	89698560	89698801	21575
15	89719013	89719254	32347
15	89728639	89728760	13179
15	89731414	89731544	8147
15	89734284	89734405	3237
15	89736446	89736567	32578
15	89738404	89738769	50237
15	89738938	89739039	9248
15	89739232	89739333	6038
15	89740057	89740179	11632
15	89740369	89740469	12077
15	89740553	89740653	11792
15	89742593	89742694	9846
15	89742723	89742824	9901
15	89743086	89743187	7941
15	89743690	89743875	30140
15	89743953	89744054	6988
15	89744342	89744547	45430
15	89744685	89745033	26600
15	89745159	89745260	6562
15	89745331	89745431	2909
15	89753473	89753714	14499
15	89753920	89754050	14060
15	89754901	89755172	26308
15	89758258	89758499	26985
15	89760305	89760572	44570
15	89761738	89761979	25174
15	89762150	89762297	13500
15	89790829	89790980	13794
15	89801879	89802030	10843
15	89803887	89804128	19317
15	89804772	89805013	27971
15	89805019	89805140	13593
15	89806609	89806730	17089
15	89807074	89807315	24325
15	89807734	89807855	5920
15	89811595	89811812	26721
15	89816562	89816713	18407
15	89817389	89817586	13597
15	89819910	89820151	27429
15	89821900	89822021	6300
15	89824344	89824585	24297
15	89824969	89825090	17500
15	89826302	89826543	39970
15	89828266	89828488	29113
15	89833416	89833537	9195
15	89834803	89834955	8067
15	89835863	89836353	37267
15	89836994	89837265	30233
15	89838136	89838359	36183
15	89842992	89843233	26364
15	89843512	89843633	7668
15	89844493	89844734	30735
15	89847059	89847180	11075
15	89848305	89848529	22803
15	89848544	89848695	17242
15	89848791	89848942	13868
15	89849210	89849451	24117
15	89850672	89850933	29164
15	89856107	89856258	13171
15	89857829	89857950	8000
15	89858475	89858630	19731
15	89859597	89859760	18337
15	89859804	89860079	20385
15	89860565	89860806	24152
15	89861754	89861995	15657
15	89862094	89862365	12027
15	89862398	89862639	20276
15	89863938	89864543	40724
15	89864874	89865145	29438
15	89865158	89865279	16601
15	89865901	89866172	15602
15	89866625	89866752	14706
15	89866997	89867148	15447
15	89867276	89867482	12886
15	89868587	89868978	27173
15	89869754	89870025	28655
15	89870097	89870608	59261
15	89871635	89871786	12689
15	89871837	89872351	25103
15	89873288	89873529	31570
15	89876266	89877013	37624
15	89911223	89911362	13094
15	90014885	90015004	7432
15	90015861	90016163	28198
15	90019931	90020082	10284
15	90020223	90020494	16889
15	90020694	90020935	26589
15	90021015	90021256	15275
15	90022514	90022755	34013
15	90023444	90023685	34385
15	90026251	90026492	25157
15	90029462	90029563	9470
15	90030001	90030242	45405
15	90039532	90039803	44276
15	90118808	90119486	32490
15	90125875	90126236	57061
15	90127483	90127817	21418
15	90128929	90129183	23606
15	90135221	90135462	45632
15	90137594	90137835	21118
15	90138611	90138852	17442
15	90142509	90142744	32029
15	90143804	90143926	6917
15	90144514	90144635	13743
15	90144698	90144819	18232
15	90144906	90145267	38578
15	90146013	90146134	5199
15	90149966	90150087	10187
15	90151985	90152219	14025
15	90159589	90159740	24135
15	90161320	90161471	66353
15	90162884	90163125	42807
15	90164581	90164822	19026
15	90166764	90169075	156206
15	90169108	90169349	23063
15	90170120	90170371	33556
15	90170542	90170643	5200
15	90171562	90172073	39884
15	90172158	90172392	17949
15	90172553	90172824	38835
15	90173469	90173740	18227
15	90174712	90174953	36443
15	90176017	90176554	52767
15	90176864	90177135	55797
15	90185383	90185654	63383
15	90188168	90188439	21636
15	90188503	90188744	27715
15	90189030	90189296	43321
15	90190023	90190298	31615
15	90190745	90191004	27741
15	90191423	90192073	10567
15	90192177	90192647	10944
15	90192950	90193275	31445
15	90195816	90196177	22417
15	90208782	90209194	3011
15	90210108	90210469	48277
15	90210693	90211044	53468
15	90212665	90212936	28176
15	90213131	90213522	34939
15	90214692	90214813	15750
15	90216421	90216662	17184
15	90220636	90220757	14542
15	90226562	90227193	86515
15	90229598	90229839	22330
15	90233774	90233895	18773
15	90244917	90245308	22242
15	90246155	90246399	22168
15	90248755	90248906	18720
15	90255234	90255355	13826
15	90258147	90258388	10739
15	90260099	90260220	12201
15	90265276	90265427	42147
15	90270352	90270593	16228
15	90272227	90272348	15501
15	90272865	90273016	9381
15	90274582	90274853	47582
15	90276192	90276463	30072
15	90278691	90278812	6563
15	90280760	90281001	38539
15	90281218	90281489	15140
15	90286481	90286632	10423
15	90293270	90293476	26515
15	90293679	90294479	5227
15	90319549	90320539	39602
15	90321219	90321610	37345
15	90328096	90328197	11328
15	90328258	90328358	7112
15	90328534	90328775	30464
15	90333640	90333791	16371
15	90334132	90334373	44696
15	90335323	90335594	34239
15	90335646	90335808	15763
15	90336220	90336371	20158
15	90340728	90340999	23045
15	90342427	90342578	15244
15	90342602	90342843	33170
15	90344318	90344439	18985
15	90344600	90344871	36036
15	90346411	90347069	100916
15	90347110	90347243	6851
15	90347409	90347904	64828
15	90348257	90348498	74295
15	90348501	90348742	30638
15	90349116	90349867	102355
15	90378689	90378930	25777
15	90380837	90380964	16806
15	90414681	90414802	2167
15	90431717	90431874	7668
15	90432265	90432386	17213
15	90437085	90437206	24492
15	90444939	90445090	11529
15	90446408	90446649	43650
15	90446960	90447231	21990
15	90451456	90451697	38949
15	90453922	90454073	21209
15	90455445	90455951	52865
15	90455960	90456081	222
15	90549980	90550080	8257
15	90610287	90611878	224239
15	90616277	90616518	22444
15	90617283	90617554	14382
15	90622855	90623096	24801
15	90623176	90623276	4298
15	90623541	90623642	15883
15	90627191	90627351	4087
15	90627450	90627601	18500
15	90628002	90628153	18286
15	90628190	90628341	21102
15	90628497	90628629	16670
15	90630298	90630539	42900
15	90630587	90630858	25053
15	90631511	90632018	59734
15	90633672	90633913	30606
15	90634769	90634890	16614
15	90645443	90645684	0
15	90744759	90745045	3544
15	90760631	90760872	21361
15	90760968	90761089	9454
15	90763012	90763133	4701
15	90764148	90764389	59740
15	90764534	90764775	13519
15	90764800	90765041	12733
15	90766760	90767001	25257
15	90767023	90767264	20418
15	90768183	90768424	29536
15	90768450	90768691	24264
15	90768854	90769095	48511
15	90770770	90770893	11312
15	90771084	90771927	107468
15	90772396	90772592	26200
15	90772741	90772900	8702
15	90773614	90773786	19486
15	90774118	90774505	23436
15	90774542	90774783	22316
15	90775413	90775569	14524
15	90776856	90776977	12594
15	90777030	90777151	2651
15	90784088	90785313	134635
15	90793779	90794170	44326
15	90794714	90794865	30918
15	90796418	90796659	29535
15	90798900	90799171	21910
15	90799329	90799570	17440
15	90800343	90800561	26986
15	90800850	90800971	9734
15	90801260	90801511	36691
15	90801959	90802200	36038
15	90805237	90805423	21169
15	90805723	90805901	13912
15	90806197	90806377	16512
15	90806986	90807290	31082
15	90807951	90808199	19424
15	90808905	90809146	22189
15	90809510	90809641	8681
15	90814358	90815079	73190
15	90837546	90837667	35050
15	90837862	90838103	61412
15	90838129	90838490	110066
15	90838504	90838745	67720
15	90838776	90839017	86845
15	90897771	90898006	34194
15	90902073	90902199	4667
15	90903203	90904554	107624
15	90905705	90905853	14723
15	90931539	90931660	4262
15	90933994	90934115	16746
15	90969298	90969539	20598
15	90972798	90972919	8827
15	90976927	90977048	9646
15	90982536	90982657	14113
15	90983724	90983857	10799
15	90984705	90984946	10853
15	90986606	90986727	5942
15	90991765	90992006	18610
15	90992741	90992892	10263
15	90995967	90996208	20825
15	90996322	90996563	30310
15	90997600	90997841	28050
15	90999314	90999585	18635
15	91009216	91009337	16666
15	91009463	91009704	35667
15	91010631	91010872	19389
15	91016035	91016276	23113
15	91016897	91017048	11975
15	91017102	91017223	8463
15	91017269	91017390	6986
15	91017669	91017940	26883
15	91019851	91020092	22422
15	91020259	91020500	13870
15	91020887	91021131	22932
15	91025140	91025381	72100
15	91025409	91025530	40932
15	91026583	91026835	35577
15	91027396	91027637	33832
15	91029221	91029374	15299
15	91030102	91030373	9580
15	91030709	91030830	13653
15	91034549	91034790	10015
15	91035738	91035979	13601
15	91037884	91038078	11613
15	91040454	91040582	10928
15	91043192	91043350	17935
15	91043412	91043513	21767
15	91044168	91044327	17636
15	91045398	91045498	18515
15	91073245	91073445	2181
15	91083258	91083379	10774
15	91136776	91137047	25758
15	91141653	91141754	8294
15	91145525	91145646	5813
15	91147556	91147707	26464
15	91150598	91150720	3868
15	91157641	91157762	12079
15	91161096	91161217	12343
15	91162936	91163057	17282
15	91168965	91169236	30140
15	91172433	91172794	19792
15	91181656	91182066	53515
15	91184318	91184441	16653
15	91185116	91185387	36740
15	91185954	91186055	6893
15	91188446	91188547	6212
15	91290610	91290731	15393
15	91292585	91293307	43049
15	91294975	91295216	20908
15	91297983	91298224	14807
15	91303321	91303562	28387
15	91303763	91304514	37545
15	91306170	91306411	20590
15	91308463	91308704	24536
15	91310130	91310263	11177
15	91312350	91312471	13909
15	91312620	91312861	20124
15	91326013	91326168	10797
15	91328079	91328350	20259
15	91333855	91334096	19738
15	91337370	91337599	21947
15	91341372	91341613	18162
15	91346729	91346970	22543
15	91347371	91347612	22165
15	91352306	91352547	34097
15	91354384	91354655	15980
15	91358299	91358540	18128
15	91418937	91419178	19275
15	91419442	91419593	18361
15	91419678	91419799	20955
15	91420068	91420309	27258
15	91420311	91420462	9786
15	91420739	91420860	13489
15	91421326	91421567	65095
15	91421948	91422219	30506
15	91422632	91422784	15770
15	91422861	91423533	57390
15	91423861	91424102	30249
15	91424123	91424280	32406
15	91424480	91425217	53781
15	91425309	91425410	9469
15	91425426	91425592	14784
15	91425784	91425885	11043
15	91425889	91426055	15905
15	91426285	91426548	26689
15	91426592	91426729	9668
15	91428230	91428501	43836
15	91428577	91428848	40730
15	91430147	91430298	16712
15	91430387	91430628	34060
15	91432453	91432926	51094
15	91432979	91433250	24135
15	91433293	91433774	11750
15	91434195	91434436	29138
15	91434693	91434964	18379
15	91435253	91435374	11992
15	91435874	91436115	15028
15	91436285	91436702	37790
15	91436811	91437346	49320
15	91438565	91438836	33196
15	91447311	91447623	78827
15	91448398	91449000	78658
15	91449065	91449362	20228
15	91449542	91449783	35837
15	91449905	91450176	17335
15	91450510	91450751	14594
15	91452494	91452765	30059
15	91453299	91453540	18387
15	91453670	91453941	36799
15	91454012	91454253	21577
15	91454373	91454494	11555
15	91454576	91454817	59502
15	91455179	91455570	48420
15	91455711	91455952	17956
15	91456042	91456283	21272
15	91456418	91456689	38703
15	91456793	91457034	18085
15	91459298	91459539	26064
15	91459802	91459903	14176
15	91461399	91461640	38382
15	91461838	91461995	14722
15	91462819	91463109	57952
15	91474448	91474689	29185
15	91474718	91474839	13052
15	91474842	91475233	28784
15	91475251	91475372	5974
15	91475649	91475780	1215
15	91477270	91477373	11432
15	91477568	91477779	18096
15	91478173	91478351	26375
15	91478518	91478639	1910
15	91478733	91478974	26202
15	91479132	91479253	10447
15	91479451	91479722	39896
15	91482915	91483066	33884
15	91483498	91483739	85640
15	91485629	91485870	22763
15	91486075	91486346	34306
15	91488086	91488327	18984
15	91489812	91490173	59912
15	91490981	91491132	23154
15	91491321	91491562	29550
15	91491802	91492073	19059
15	91492458	91492729	19023
15	91492825	91492976	13315
15	91493374	91493507	13111
15	91493666	91493907	13271
15	91496129	91496582	33709
15	91496636	91496997	24222
15	91499945	91500167	3466
15	91500296	91501014	37105
15	91503087	91503238	15008
15	91503521	91503762	16323
15	91504208	91504329	7318
15	91504802	91505021	17361
15	91509502	91509602	10518
15	91510305	91510456	15132
15	91512268	91512389	7930
15	91512643	91512884	15276
15	91513597	91513754	10748
15	91517356	91517486	24035
15	91517766	91518007	78687
15	91519892	91520013	17161
15	91522334	91522575	13646
15	91523445	91523665	22095
15	91524067	91524308	23773
15	91524692	91524933	30434
15	91524968	91525221	40696
15	91527157	91527428	17479
15	91527837	91528108	56162
15	91537550	91537842	30964
15	91542183	91542304	13133
15	91542817	91543227	54355
15	91543709	91543831	10988
15	91544594	91544715	12988
15	91545224	91545465	20245
15	91546246	91546397	12355
15	91548072	91548193	13300
15	91548225	91548376	9410
15	91548555	91548706	5274
15	91548877	91549028	11072
15	91549184	91549305	4731
15	91549547	91549698	11844
15	91549829	91549980	15790
15	91550166	91550287	3712
15	91550659	91550813	14670
15	91551055	91551206	9577
15	91552992	91553113	17325
15	91556976	91557127	20919
15	91557547	91557698	7456
15	91560162	91560283	14691
15	91561013	91561134	7913
15	91565370	91565491	11946
15	91574829	91574929	12447
15	91574950	91575071	9865
15	91575174	91575400	30895
15	91575585	91575718	33089
15	91576128	91576228	41006
15	91576289	91576389	29376
15	91576452	91576553	23190
15	91577239	91577550	52884
15	91578178	91578279	18074
15	91769477	91769958	107626
15	91795017	91795258	33466
15	91795553	91795794	9255
15	91801596	91801837	43813
15	91803503	91803654	22600
15	91809775	91809932	22984
15	91810767	91810888	24322
15	91811631	91811872	15695
15	91824903	91825144	13504
15	91827199	91827470	40756
15	91832709	91832950	31043
15	91835569	91835810	26472
15	91838219	91838320	6528
15	92397129	92397348	3667
15	92401361	92401460	3797
15	92432382	92432482	4940
15	92454697	92454798	10336
15	92459184	92459698	43056
15	92461774	92461875	3829
15	92515216	92515317	7428
15	92638098	92638219	20881
15	92647459	92647820	61311
15	92663625	92663896	26588
15	92669268	92669509	43679
15	92671528	92671729	42497
15	92690180	92690421	28718
15	92694150	92694271	19118
15	92705934	92706415	56139
15	92706484	92706584	5315
15	92706627	92706727	3357
15	92715000	92715101	9203
15	92937282	92937403	7567
15	92965938	92966038	4770
15	92973248	92973369	10949
15	92977419	92977660	23384
15	92981500	92981891	33411
15	92987831	92988192	58653
15	93007320	93007652	26995
15	93007676	93007777	7913
15	93008006	93008107	13628
15	93008212	93008313	9013
15	93011565	93011666	41139
15	93011705	93011850	32203
15	93011889	93011990	12191
15	93015369	93015775	39311
15	93016121	93016362	32601
15	93043547	93043668	12062
15	93161399	93161500	2965
15	93161958	93162059	55005
15	93162626	93162747	14619
15	93170506	93170606	11340
15	93173388	93173629	35777
15	93198513	93198950	3987
15	93255007	93255713	81777
15	93425833	93426416	2400
15	93429432	93429533	10930
15	93435187	93435287	4483
15	93443504	93443708	14136
15	93444396	93444558	8422
15	93447617	93447717	2798
15	93448137	93448238	10182
15	93467541	93467792	14965
15	93470455	93470576	8491
15	93472229	93472350	8069
15	93480738	93480891	8303
15	93482726	93483027	55460
15	93484997	93485238	22750
15	93486034	93486365	24923
15	93487633	93487755	8061
15	93489011	93489132	9563
15	93489235	93489476	10249
15	93492122	93492363	33784
15	93496573	93496814	30551
15	93498636	93498757	13004
15	93499662	93499903	24030
15	93510497	93510768	22874
15	93514954	93515195	17348
15	93515449	93515690	20470
15	93518083	93518204	15948
15	93521377	93521658	24740
15	93522317	93522558	12223
15	93524031	93524152	7271
15	93524579	93524700	13886
15	93527523	93527764	12613
15	93528694	93528935	43461
15	93534665	93534786	16121
15	93536007	93536278	9289
15	93540134	93540375	17345
15	93540436	93540677	20760
15	93540848	93540948	9056
15	93541384	93541491	8307
15	93541638	93541909	39508
15	93543684	93543925	25819
15	93545280	93545667	19890
15	93547792	93548033	29119
15	93552342	93552583	54334
15	93555563	93555684	9698
15	93557881	93558152	17674
15	93563183	93563565	36302
15	93567587	93567948	34588
15	93567995	93568095	7982
15	93568412	93568550	22240
15	93568585	93568766	23774
15	93569333	93569486	15608
15	93570205	93570343	18059
15	93570838	93570938	4951
15	93571072	93571243	7713
15	93586598	93586721	8447
15	93586748	93586893	6096
15	93586911	93587012	1329
15	93587820	93588014	14059
15	93588160	93589001	99418
15	93595178	93595779	95466
15	93609799	93609900	1629
15	93616135	93616322	40674
15	93616916	93617017	24732
15	93632093	93632214	320
15	93829346	93829668	36475
15	93844700	93844821	19583
15	94304120	94304356	21445
15	94364219	94364329	9477
15	94410165	94410273	9110
15	94440131	94440310	10380
15	94442452	94442552	5760
15	94624210	94624531	22458
15	94841455	94841969	37174
15	94857450	94857601	15798
15	94858720	94858876	27852
15	94882468	94882709	17195
15	94883404	94883525	23743
15	94884032	94884228	24838
15	94888314	94888435	13728
15	94899326	94899564	17507
15	94901654	94901895	43281
15	94910805	94911046	25102
15	94913271	94913422	16563
15	94927240	94927363	16534
15	94928641	94928772	20182
15	94942149	94942301	10688
15	94943095	94943246	16520
15	94945067	94945308	10119
15	94945689	94945810	11893
15	94983344	94983585	32028
15	94986077	94986228	11181
15	95001329	95001485	31448
15	95013552	95013681	28642
15	95019912	95020033	3181
15	95022167	95022288	2345
15	96831228	96831709	28848
15	96869498	96869619	9821
15	96873899	96874005	12418
15	96874222	96874576	1193
15	96875312	96875792	26654
15	96876199	96876299	17437
15	96876451	96876572	10695
15	96877237	96877868	114163
15	96880555	96880893	19795
15	96880902	96881302	49496
15	96881408	96881509	5642
15	96881602	96882038	37683
15	97326838	97326989	12279
15	97327344	97327499	6128
15	97328165	97328406	38881
15	97328685	97328796	11374
15	97634386	97634592	27246
15	98157614	98157981	20061
15	98158702	98158906	5534
15	98162521	98162622	22852
15	98286648	98286748	5401
15	98417022	98417147	10005
15	98417167	98417528	20677
15	98462756	98462856	5171
15	98504063	98504424	3269
15	98508801	98508922	13439
15	98509077	98509282	44263
15	98511203	98511356	8614
15	98512299	98512660	24720
15	98513072	98513313	21207
15	98513774	98514015	17525
15	98514297	98514486	38150
15	98515256	98515357	10523
15	98515577	98515702	12368
15	98515867	98515968	5388
15	98516001	98516102	8920
15	98516488	98516588	4067
15	98516845	98516945	7536
15	98930973	98931074	2795
15	98931378	98931968	39072
15	98932714	98932855	7167
15	98937984	98938085	2993
15	98938171	98938569	28727
15	98980758	98981603	57058
15	98982858	98982980	12738
15	98984284	98984405	10881
15	98989223	98989357	8148
15	98995026	98995267	45503
15	99023796	99024037	16364
15	99029062	99029213	22523
15	99055365	99055465	17524
15	99063484	99063613	10751
15	99192796	99192997	25489
15	99233609	99233709	9454
15	99250762	99251357	53545
15	99261262	99261362	24345
15	99421592	99421693	7414
15	99434498	99434889	42581
15	99439938	99440179	21631
15	99442656	99442897	34589
15	99451899	99452140	20619
15	99454485	99454726	47837
15	99456210	99456571	38339
15	99459155	99459396	36604
15	99459851	99460122	28461
15	99465307	99465698	36934
15	99467051	99467292	24035
15	99467682	99467953	31265
15	99472746	99472899	22484
15	99473437	99473558	7647
15	99478043	99478292	39506
15	99478535	99478665	22471
15	99482388	99482629	17529
15	99486095	99486336	25098
15	99491718	99491989	21930
15	99500239	99500720	70518
15	99500775	99500948	12873
15	99501210	99501310	8141
15	99501785	99501886	6310
15	99501892	99502071	13166
15	99502493	99502594	14472
15	99502834	99502935	6120
15	99503243	99503430	10576
15	99504125	99504226	19036
15	99504405	99504528	18891
15	99504818	99504919	6110
15	99505692	99505793	11603
15	99506212	99506546	56789
15	99507284	99507385	7435
15	99507435	99507629	11540
15	99509594	99509715	5189
15	99510353	99510474	10235
15	99511695	99511972	34097
15	99512585	99512946	37641
15	99514204	99514445	24156
15	99541315	99541416	6669
15	99548624	99548724	1752
15	99645347	99646261	19420
15	99653736	99653977	29942
15	99666900	99667021	6734
15	99669556	99673277	255766
15	99673470	99673570	6562
15	99673812	99673912	9775
15	99675488	99675589	14528
15	99675707	99675808	8375
15	99678122	99678393	22130
15	99679470	99679831	43896
15	99679863	99679984	9392
15	99696306	99696547	67301
15	99701887	99702128	23781
15	99715216	99715370	9398
15	99740091	99740316	21075
15	99758734	99758975	35521
15	99759056	99759297	18416
15	99761886	99762127	30053
15	99768706	99768947	30563
15	99796125	99796366	18095
15	99798341	99798462	23310
15	99798786	99800318	243223
15	99816739	99816860	12380
15	99827419	99827540	18976
15	99827966	99828207	24900
15	99874079	99874350	48087
15	99892533	99892686	9064
15	99901507	99901748	58443
15	99903239	99903510	22529
15	99926179	99926330	30286
15	100173263	100173411	11594
15	100185746	100185987	27046
15	100211472	100211913	74930
15	100214586	100214827	39779
15	100215572	100215693	15191
15	100230418	100230659	11464
15	100230716	100230905	6495
15	100243517	100243638	22706
15	100246875	100247116	40808
15	100250780	100251021	32734
15	100252525	100253044	53729
15	100256563	100257044	31516
15	100269240	100269991	71158
15	100271329	100271450	7415
15	100271503	100271654	7126
15	100271868	100272243	77659
15	100273580	100273680	454
15	100291814	100292020	14436
15	100330738	100330859	4810
15	100331107	100331348	36346
15	100331675	100332706	330326
15	100332732	100333188	104395
15	100339786	100340515	119073
15	100341160	100341402	49636
15	100344948	100345189	34466
15	100346936	100347186	18930
15	100514565	100514806	46932
15	100516217	100516458	28011
15	100533207	100533445	18573
15	100537528	100537854	35673
15	100588978	100589249	34434
15	100591705	100591976	24903
15	100594029	100594300	36597
15	100603792	100604033	10296
15	100632618	100632719	6659
15	100636469	100636740	22803
15	100649106	100649377	16427
15	100656983	100657254	29365
15	100672163	100672404	21589
15	100673408	100673530	11625
15	100683694	100683794	6277
15	100692770	100693011	28472
15	100695333	100695574	30433
15	100739513	100739638	17526
15	100794301	100794422	10748
15	100801641	100801882	21022
15	100802507	100802658	16840
15	100821368	100821639	53716
15	100871055	100871296	20846
15	100881204	100881624	557
15	100882003	100882124	17401
15	100889500	100890416	96274
15	100942851	100943080	22161
15	100996053	100996294	19364
15	101009544	101009699	6660
15	101013071	101013312	21414
15	101016275	101016396	3749
15	101019596	101019717	10059
15	101020161	101020282	5489
15	101024709	101024933	11886
15	101030957	101031198	12454
15	101041846	101042087	15148
15	101043880	101044016	9311
15	101109401	101110362	68101
15	101112063	101112304	33761
15	101113766	101114456	40946
15	101115141	101115382	17146
15	101120421	101120572	12727
15	101120606	101121087	28090
15	101142732	101142885	33613
15	101152405	101152646	17185
15	101169587	101170308	56569
15	101188476	101188932	28288
15	101189151	101189252	8174
15	101189268	101189369	6327
15	101420024	101420265	1017
15	101425462	101425586	8782
15	101427725	101427966	42481
15	101432241	101432341	6974
15	101432658	101432899	25519
15	101433119	101433240	30183
15	101434071	101434342	23198
15	101436128	101436261	25138
15	101438247	101438400	16255
15	101440750	101440991	27927
15	101445688	101445929	14178
15	101447283	101447524	32672
15	101448588	101448709	17657
15	101454880	101455001	8282
15	101456619	101456719	2840
15	101464824	101464945	23131
15	101513969	101514210	1103
15	101523667	101523938	23465
15	101523972	101524093	8226
15	101528753	101529076	36008
15	101529407	101529636	45268
15	101549003	101549278	28497
15	101550597	101551080	60771
15	101552130	101552401	28946
15	101554485	101554643	7209
15	101555477	101555628	17736
15	101561201	101561442	19600
15	101562040	101562172	10200
15	101562573	101562814	15080
15	101564968	101565209	19079
15	101566134	101566375	41935
15	101567404	101567645	22521
15	101567801	101568042	21088
15	101569087	101569478	40778
15	101586150	101586391	40683
15	101588629	101588900	19007
15	101589767	101590038	28586
15	101591859	101592220	52649
15	101593088	101593329	52555
15	101593375	101593635	31882
15	101595108	101595469	35233
15	101597006	101597277	14239
15	101598149	101598390	42531
15	101601313	101601554	40795
15	101602715	101602956	25118
15	101605502	101606463	61353
15	101606804	101606956	26840
15	101608843	101609084	28565
15	101609385	101609485	8364
15	101609817	101609944	7835
15	101715989	101716090	6000
15	101716103	101716388	19784
15	101717105	101717206	5197
15	101717240	101717439	12533
15	101717451	101719228	212090
15	101775233	101775834	55061
15	101791272	101791671	3403
15	101791722	101792111	228
15	101812957	101813081	4953
15	101814601	101814722	9248
15	101814780	101814901	6280
15	101815391	101815632	14228
15	101816691	101816932	20556
15	101817502	101817644	583
15	101821866	101822017	28813
15	101825127	101825278	17705
15	101825907	101826028	16849
15	101826397	101826518	26475
15	101827072	101827225	14312
15	101827792	101827943	12076
15	101832114	101832265	12991
15	101833182	101833423	29120
15	101834626	101834747	7823
15	101835281	101835402	6601
15	101844121	101844222	14614
15	101844274	101844374	11219
15	101844390	101844490	7289
15	101845085	101845186	10552
15	101845450	101845571	11779
15	101847352	101847593	23115
15	101853351	101853765	44774
15	101858454	101858695	17178
15	101862707	101862828	8333
15	101865031	101865272	10845
15	101866511	101866752	29333
15	101871813	101871934	19153
15	101872025	101872266	21561
15	101887842	101888014	16651
15	101905103	101905307	6574
15	101906347	101906588	9810
15	101910512	101910753	18969
15	101922234	101922475	20196
15	101924432	101924698	22799
15	101929629	101929838	17207
15	101933401	101933642	16354
15	101938573	101938814	31187
15	101968079	101968200	11015
15	101970168	101970289	22401
15	101971475	101971768	37472
15	101972128	101972369	36539
15	101983691	101983932	19874
15	101984263	101984363	7132
15	102003212	102003333	25141
15	102004188	102004309	24618
15	102029554	102029883	0
15	102182532	102182884	6814
15	102185266	102185387	5912
15	102186893	102187134	15811
15	102190164	102190405	13337
15	102191876	102191997	10500
15	102192457	102192578	767
15	102194737	102194978	26414
15	102197060	102197271	27592
15	102197962	102198083	4443
15	102201905	102202029	11232
15	102211677	102211799	9318
15	102211851	102211972	5150
15	102215750	102215991	24198
15	102224237	102224478	18919
15	102226060	102226301	23798
15	102241276	102241397	6065
15	102242393	102242634	38462
15	102244039	102244160	2896
15	102245826	102245977	14407
15	102248933	102249174	25599
15	102252022	102252263	15711
15	102254983	102255224	17207
15	102261305	102261546	25349
15	102263270	102263391	20196
15	102264260	102264621	425
15	102285953	102286203	8622
15	102287945	102288186	70864
15	102291724	102291966	240724
15	102292628	102295249	449027
15	102295330	102295740	26753
15	102296115	102298742	351892
15	102300161	102300981	170261
15	102301007	102301619	96351
15	102302494	102303364	118242
15	102303401	102304948	298939
15	102311894	102312352	125755
15	102312401	102312502	39631
15	102312545	102312707	42359
15	102312768	102312987	53429
15	102313238	102313338	40096
15	102313738	102313838	28115
15	102313935	102314151	49228
15	102315129	102315229	34812
15	102315483	102315719	88213
15	102316088	102316189	32787
15	102316331	102316491	57031
15	102317714	102317824	32752
15	102317911	102318012	48177
15	102318066	102318166	62887
15	102319287	102319388	56212
15	102319546	102319646	48303
15	102320199	102320319	65129
15	102322118	102322218	16685
15	102345910	102346871	175512
15	102358377	102359338	222849
15	102368881	102369122	58584
15	102388895	102389852	269413
15	102416154	102417115	410115
15	102462322	102463316	116083
15	102467154	102467943	88241
15	102473491	102473592	604
15	102495379	102495500	6854
15	102495801	102495923	6679
15	102495952	102496073	2790
15	102500652	102500889	9896
15	102501551	102501672	187
15	102501774	102501897	720
15	102506247	102506865	115552
15	102510439	102510560	1588
15	102511993	102512115	11609
15	102512257	102512379	8813
15	102512715	102512961	51458
15	102513055	102513719	60325
15	102513741	102513984	23671
15	102514087	102514571	14603
15	102515170	102515492	39871
15	102516099	102516221	9116
15	102516280	102516525	25644
15	102516576	102516817	23423
16	64032	64273	18967
16	64324	64565	26854
16	64624	64746	16484
16	65354	65676	32270
16	66273	66757	117156
16	66860	67103	68530
16	67125	67797	236914
16	67891	68137	54270
16	68473	68859	97905
16	72864	73138	26647
16	73173	73294	17183
16	74203	74446	110679
16	79274	79516	32016
16	79622	79958	69659
16	81755	81901	29647
16	83225	83345	31545
16	97372	97613	11029
16	101540	101661	7379
16	103423	104126	10465
16	105412	105563	16106
16	105738	105892	31986
16	106290	106390	7575
16	106514	106635	8542
16	107023	107174	11597
16	108277	108788	20216
16	108897	109168	30336
16	109205	109357	10493
16	109363	109514	6626
16	109715	109836	8966
16	110154	110305	17259
16	110395	110547	13443
16	111077	111315	2874
16	111369	111503	4247
16	111547	111704	26100
16	111741	112102	39912
16	112463	113195	70216
16	113540	113811	52065
16	113860	113961	18090
16	114263	114504	21142
16	114610	115074	38370
16	128259	128380	0
16	129260	129741	36931
16	133001	133443	43672
16	135316	135827	51765
16	136665	136906	21604
16	138671	138912	48985
16	139684	139925	30674
16	142537	142778	19049
16	143148	143389	20840
16	148099	148340	15326
16	150317	150558	12961
16	160502	160623	9301
16	162576	162817	7777
16	167275	167396	3749
16	169068	169309	14048
16	173463	173584	7631
16	180483	180615	8998
16	188084	188276	20840
16	202864	203027	18713
16	203868	204105	14413
16	204213	204454	13646
16	213076	213239	2265
16	214458	214695	13866
16	214969	215210	14511
16	215981	216102	5908
16	216247	216488	1389
16	216521	216762	12124
16	222897	223018	8853
16	223104	223345	35751
16	223413	223654	21611
16	226701	226822	14396
16	226908	227149	91098
16	227224	227465	74601
16	230471	230592	474
16	230645	230886	2423
16	230921	231162	19472
16	239146	239387	21986
16	239512	239613	3825
16	239927	240168	26614
16	240474	240604	7963
16	242908	243029	10940
16	249027	249268	11212
16	255953	256194	14665
16	258067	258197	9507
16	270605	270756	13095
16	277226	278402	48389
16	278699	279052	15493
16	279209	279439	1518
16	284678	284919	3184
16	287203	287324	15902
16	304335	304726	62930
16	309388	309689	33990
16	309912	310183	25634
16	310340	310821	43601
16	311296	311567	30582
16	312036	312277	26717
16	312336	312607	18790
16	313179	313450	14982
16	313645	313796	20121
16	313941	314212	21731
16	314602	314725	31999
16	314764	315035	45035
16	315893	315994	8920
16	316031	316132	7110
16	318708	319069	35033
16	319203	319444	40949
16	319481	319602	21726
16	320469	320846	15102
16	320919	321160	2287
16	321166	321324	3932
16	321337	321488	8447
16	321492	321613	5886
16	322834	322955	841
16	323454	323575	10008
16	323723	323874	16049
16	324010	324131	9403
16	324148	324299	23114
16	324898	325139	5863
16	325216	325367	14972
16	325388	325509	3094
16	325829	325930	0
16	330666	330800	185
16	330832	330953	229
16	331714	331955	5467
16	331975	332126	9282
16	332243	332394	6940
16	332437	332558	254
16	332593	332834	20835
16	333147	333388	14078
16	334368	335724	135423
16	336261	336764	67861
16	336798	336955	20209
16	336999	337150	9638
16	337451	337736	20980
16	338033	338316	32162
16	339372	339643	23968
16	341180	341307	4504
16	343478	343752	27739
16	347019	347260	24617
16	347685	348286	134090
16	354221	354492	8329
16	359929	360080	8598
16	364491	364732	18013
16	396105	397066	96108
16	417391	417512	4353
16	417637	417792	11872
16	418279	418687	84595
16	419022	419263	16568
16	419562	419683	7444
16	419893	420254	29460
16	421953	422314	34205
16	422517	422788	13164
16	423956	424429	57966
16	424702	424943	28879
16	425043	425314	25652
16	425328	425449	14897
16	426114	426475	34487
16	426496	426857	20968
16	426979	427220	15103
16	427360	427601	17511
16	427638	427879	23029
16	431668	431831	0
16	431893	431994	0
16	436762	437233	39073
16	447197	447323	0
16	447829	447965	5691
16	448179	448279	8450
16	448905	449176	93584
16	449262	449490	20111
16	449591	449749	17453
16	450088	450438	23394
16	450454	450555	15823
16	451942	452063	527
16	454898	455049	28862
16	455472	455675	23708
16	456280	456431	71455
16	457341	457612	30690
16	460153	460424	11547
16	460676	460797	1664
16	460962	461086	5576
16	461318	461589	30584
16	475997	476751	7901
16	511359	511510	7323
16	521250	521401	20192
16	524976	525097	6911
16	532479	532750	8552
16	538804	539045	27048
16	541079	541320	37538
16	546780	546901	3500
16	547235	547356	9759
16	552959	553110	23999
16	555514	555637	3635
16	560578	560849	13867
16	568892	569043	18618
16	569671	569942	13842
16	570078	570319	4053
16	570377	570648	13707
16	570716	570849	5711
16	590189	590371	862
16	593271	593372	15699
16	596780	598311	53313
16	598975	599216	30957
16	599258	599499	3834
16	599605	599848	17401
16	601243	601707	62870
16	601774	601895	12000
16	602010	602251	5444
16	602291	602540	29869
16	602566	602807	5669
16	602830	603051	11630
16	603306	603622	12156
16	604034	604166	2564
16	604436	604537	8064
16	604560	604661	6534
16	613234	614435	67943
16	614629	615350	7367
16	616989	617110	20663
16	617510	619496	146871
16	624057	624778	33488
16	625783	626049	13175
16	626072	626313	7104
16	628320	628561	17602
16	628710	628981	39838
16	629033	629190	12390
16	630131	630282	23117
16	630793	631034	29721
16	631198	631342	7876
16	632068	632338	10622
16	632807	633678	84777
16	637755	637856	7023
16	640282	640443	16182
16	667146	667297	20891
16	668168	668289	7438
16	675379	675530	12415
16	675858	676131	38118
16	677300	677661	28114
16	678741	678854	9663
16	679133	679234	10665
16	679498	680413	67661
16	681217	681458	13538
16	682538	684099	89611
16	684433	684817	56402
16	684854	685095	15011
16	685249	685370	18383
16	685571	685913	3513
16	685958	686311	63
16	691952	692073	0
16	692110	692264	0
16	697329	697600	30571
16	697772	698450	67559
16	699360	699481	98
16	699559	699920	250
16	699927	700198	16361
16	700216	700459	23836
16	700472	700743	15968
16	700957	701113	23140
16	701141	701292	21201
16	701604	701757	31205
16	701781	702052	15544
16	702409	702560	14412
16	703331	703840	54721
16	704936	705507	40610
16	705516	706050	18730
16	706268	706547	7591
16	706650	706921	13527
16	707034	707275	8725
16	707705	707946	6227
16	708112	708383	22678
16	708437	708708	25757
16	708832	709430	50408
16	710048	710171	15099
16	710601	710724	14008
16	711038	711231	4287
16	711270	711811	35151
16	711823	712094	25604
16	712210	712341	30143
16	712610	713135	61808
16	714907	715293	26903
16	715413	715880	36981
16	715885	716852	95690
16	716855	717006	16605
16	717359	717630	24079
16	718167	718304	1338
16	718320	718441	525
16	718467	718588	1632
16	718616	718737	6912
16	719518	719639	5621
16	720057	720208	30854
16	720211	720367	10674
16	720415	720567	4665
16	720632	720783	19397
16	720854	721262	62596
16	721647	722587	35624
16	722612	722883	23520
16	722907	723148	38091
16	723391	723662	18018
16	723896	723997	12297
16	725759	725903	290
16	726061	726539	11900
16	726632	726906	6907
16	726923	727164	38996
16	727266	727398	29247
16	727447	727569	15599
16	727577	727728	41737
16	727735	728096	9463
16	728181	728282	4616
16	730483	730694	1907
16	731129	731370	23136
16	731399	731640	13709
16	731745	731896	5563
16	731986	732546	65991
16	732709	732893	15770
16	732898	733623	66250
16	733671	733792	15575
16	733823	733944	3774
16	733996	734165	518
16	734224	734577	1737
16	734696	734937	3120
16	734962	735203	3857
16	735245	735607	32307
16	735639	735793	18387
16	735808	736246	23955
16	736688	737439	82703
16	737499	737770	17220
16	737791	738146	32766
16	739098	739699	97929
16	739909	740150	9336
16	740345	740466	23437
16	742640	742994	26839
16	743643	743744	74144
16	744231	744450	5571
16	744604	744725	12868
16	744942	745968	70667
16	746727	747448	27311
16	765280	765403	0
16	765542	766023	3222
16	766901	767408	59819
16	770538	771499	50091
16	771588	771712	2509
16	771749	771990	1697
16	772047	772168	4050
16	772251	773782	167624
16	773835	773956	13500
16	774064	774215	9044
16	774264	774551	7662
16	774622	775324	55041
16	775345	775635	15970
16	775775	775896	53205
16	775904	776496	59511
16	776756	776877	13621
16	777500	777624	31572
16	777935	778056	533
16	778106	778294	0
16	778306	778621	802
16	778739	779220	14278
16	779250	779491	3185
16	780324	780715	25356
16	780770	781041	30604
16	781512	781753	15903
16	782245	782396	15832
16	783241	783482	31060
16	784136	784407	23887
16	784526	784923	48405
16	786180	786451	20553
16	787136	787377	18028
16	787616	787737	6800
16	787857	787978	4251
16	789629	789750	10218
16	789891	790012	8058
16	790891	791012	206
16	812631	812782	23244
16	813193	813314	6725
16	813605	813726	9989
16	813961	814202	11894
16	814595	814746	7911
16	814850	815326	22615
16	815510	815631	2782
16	815649	815800	2232
16	816049	816267	15533
16	816291	816532	21857
16	816575	817068	55338
16	817329	817480	17924
16	818350	818864	28420
16	818903	819003	8524
16	819314	819650	29275
16	819978	820339	9686
16	820512	820721	1186
16	820774	821015	7557
16	822626	823087	70967
16	823092	823333	28385
16	824136	824377	8614
16	824397	824518	1377
16	824779	825331	10341
16	825359	825720	29371
16	828572	828813	35048
16	830015	830856	264484
16	831944	832068	10355
16	832833	832954	2199
16	835922	836403	22505
16	836786	836938	9655
16	837066	837189	9886
16	837294	837766	33300
16	838019	838794	6340
16	838905	839404	20529
16	839509	839750	28068
16	839982	840103	11482
16	840161	840282	16800
16	840311	840432	14141
16	840474	840715	16073
16	841144	841385	31447
16	841838	841959	10564
16	842164	842367	34582
16	842404	842634	12534
16	842703	842824	7767
16	842953	843074	16328
16	843087	843328	29094
16	843608	843849	38787
16	844006	844247	26101
16	845120	845366	46804
16	845638	845879	12304
16	845890	846131	10961
16	846667	847146	53449
16	847661	848026	14533
16	848680	848834	28799
16	848967	849105	15887
16	855375	855976	54660
16	857437	857678	7735
16	863277	863878	31938
16	904497	904738	22381
16	918878	919119	21065
16	919853	920094	33624
16	920684	920925	24776
16	921129	921370	20134
16	929532	929773	24539
16	942978	943099	7121
16	960883	961158	10113
16	984187	984308	4489
16	1004184	1004305	11319
16	1004329	1004691	28170
16	1020745	1021015	3837
16	1031862	1032354	13153
16	1033692	1033970	48427
16	1034681	1035399	36629
16	1036640	1036741	7821
16	1115417	1116509	47887
16	1128814	1131438	298573
16	1143474	1144075	19209
16	1144697	1144938	16358
16	1203704	1204047	199
16	1204229	1204330	4286
16	1244956	1245093	19525
16	1245389	1245618	24416
16	1245913	1246034	21508
16	1248500	1248795	32537
16	1250232	1250593	41485
16	1250700	1250821	13465
16	1251647	1252490	50656
16	1253992	1254473	40093
16	1255068	1255309	12947
16	1256075	1256316	29769
16	1256991	1257183	14208
16	1257231	1257472	18448
16	1257753	1257874	14765
16	1257995	1258236	42886
16	1258980	1259461	19778
16	1259963	1260204	6714
16	1260310	1260551	17928
16	1260555	1260676	16239
16	1260757	1260998	36110
16	1261109	1261350	38782
16	1261422	1261663	19387
16	1261699	1261820	11078
16	1261920	1262171	52272
16	1262458	1262579	17016
16	1263734	1263975	15503
16	1264905	1265146	20960
16	1265187	1265428	14857
16	1265496	1265617	7578
16	1266909	1267030	6355
16	1267858	1268099	22170
16	1268189	1268670	79036
16	1268939	1269169	22740
16	1269946	1271027	51118
16	1271626	1271739	6128
16	1271760	1272388	24050
16	1272573	1272964	33383
16	1273387	1273628	2342
16	1274523	1274674	22001
16	1275168	1275289	18500
16	1278610	1278852	35952
16	1278860	1279101	39867
16	1279142	1279772	48486
16	1279860	1279982	12082
16	1290908	1291030	11091
16	1291118	1291747	92137
16	1291788	1292029	48139
16	1292037	1292278	27486
16	1306261	1306382	20344
16	1306451	1307110	91542
16	1308020	1308261	17636
16	1308263	1308641	49304
16	1311259	1311500	19593
16	1311507	1311748	4516
16	1312124	1312274	12839
16	1312401	1312762	38555
16	1312774	1313015	26498
16	1323638	1323759	4967
16	1326609	1326758	12426
16	1358635	1359115	15592
16	1363973	1364124	9737
16	1364244	1364395	23065
16	1365629	1365750	7977
16	1370138	1370294	8756
16	1370368	1370729	22234
16	1373524	1373933	48778
16	1374671	1374899	20433
16	1375002	1375176	11114
16	1375199	1375422	19013
16	1379686	1379807	9582
16	1380614	1380714	10033
16	1382884	1382985	8669
16	1384124	1384224	8650
16	1384404	1384504	290
16	1384648	1384769	4020
16	1385645	1385813	13965
16	1387179	1387296	2268
16	1388489	1388730	24115
16	1388855	1389006	9841
16	1389058	1389299	5367
16	1389375	1389614	28209
16	1390891	1391012	13215
16	1391071	1391222	22976
16	1391241	1391512	12995
16	1391569	1391702	16727
16	1391753	1391904	14462
16	1391964	1392085	12989
16	1392141	1392294	14288
16	1392518	1392645	21551
16	1392676	1392827	19632
16	1392874	1393027	14150
16	1393169	1393573	64231
16	1393933	1394332	59162
16	1394406	1394710	20561
16	1394763	1395154	36761
16	1395160	1395415	30663
16	1395738	1396092	5221
16	1396145	1396536	14451
16	1396584	1396705	1969
16	1396838	1396966	14465
16	1397243	1397394	6452
16	1397494	1398029	46654
16	1398078	1398319	8055
16	1398340	1398549	10720
16	1399402	1399643	27624
16	1399830	1399981	11883
16	1399995	1400266	15128
16	1400753	1401024	26325
16	1401340	1401609	115
16	1401684	1401815	0
16	1401931	1402052	95
16	1402070	1402191	3606
16	1402212	1402333	8285
16	1403847	1404056	27245
16	1404604	1404704	8536
16	1411709	1411974	16748
16	1411994	1412383	33366
16	1412402	1412553	15769
16	1412556	1412926	15207
16	1412953	1413104	12589
16	1415565	1415666	9943
16	1415708	1415908	17469
16	1416197	1416438	20356
16	1417040	1417401	27210
16	1417636	1417877	10906
16	1419920	1420424	24820
16	1421504	1421625	9191
16	1433487	1433968	52099
16	1435182	1435466	6422
16	1440602	1440723	5943
16	1442873	1442994	6886
16	1444112	1444233	11970
16	1444382	1444505	12756
16	1445635	1445867	23414
16	1447116	1447357	22552
16	1448831	1448952	8832
16	1449321	1449568	39457
16	1451514	1451755	40185
16	1453105	1453376	51885
16	1455841	1456185	22509
16	1458445	1458566	21852
16	1463830	1464071	13686
16	1464592	1464713	488
16	1469901	1470648	51542
16	1470658	1470758	14715
16	1476040	1476431	21143
16	1478398	1478519	13783
16	1479152	1479393	75817
16	1482470	1483432	14301
16	1484350	1484591	12708
16	1484639	1484880	5257
16	1485071	1485192	4970
16	1485907	1486148	40634
16	1486422	1486543	9169
16	1486631	1486872	13572
16	1487765	1488233	19354
16	1488558	1488771	6826
16	1488781	1489196	17793
16	1492347	1492588	37912
16	1492867	1492988	998
16	1493220	1493341	10004
16	1493480	1493721	2447
16	1493727	1494088	42041
16	1494269	1494370	9714
16	1496613	1496734	3923
16	1496985	1497114	9482
16	1497359	1497600	17753
16	1497624	1497745	2337
16	1498299	1498540	24911
16	1498663	1498784	14450
16	1498879	1499150	18900
16	1499241	1499362	6351
16	1500461	1500702	27614
16	1501579	1501730	7990
16	1502703	1502944	12160
16	1503773	1503924	10466
16	1504377	1504498	7093
16	1505071	1505312	19131
16	1505702	1505823	6994
16	1506099	1506220	12008
16	1507205	1507356	11336
16	1507664	1507785	9805
16	1509086	1509207	11104
16	1510409	1510538	7029
16	1510731	1511002	15927
16	1511377	1511498	6819
16	1511578	1511699	10506
16	1515212	1515363	6866
16	1524783	1525024	386
16	1535868	1536619	81540
16	1537252	1537994	120541
16	1538254	1538525	17143
16	1538769	1538910	6782
16	1544268	1544629	52115
16	1545304	1545665	69886
16	1547009	1547130	20124
16	1547314	1547555	11969
16	1549191	1549344	20331
16	1550039	1550190	2807
16	1550297	1550751	18183
16	1551399	1551520	18614
16	1551627	1551784	16055
16	1552000	1552151	10398
16	1552298	1552419	520
16	1552552	1552823	8724
16	1552906	1553027	9988
16	1555355	1555626	40164
16	1556193	1556344	19708
16	1556941	1557062	11444
16	1557247	1557398	26139
16	1557538	1557763	110778
16	1559792	1559947	35992
16	1560896	1561167	19809
16	1568136	1568407	12290
16	1569813	1570084	46522
16	1570086	1570357	24070
16	1570584	1570825	33631
16	1573458	1573729	28236
16	1573741	1574012	39620
16	1574473	1574970	54648
16	1575188	1575339	10000
16	1575861	1576102	30525
16	1576587	1576828	17715
16	1584205	1584596	56293
16	1591848	1592119	33804
16	1604723	1605084	16539
16	1607914	1608155	21770
16	1611900	1612171	9201
16	1613959	1614200	8896
16	1616105	1616346	18529
16	1618155	1618396	39287
16	1621350	1621591	15091
16	1630714	1630865	9128
16	1633289	1633410	3347
16	1634198	1634439	9091
16	1636052	1636323	33858
16	1637189	1637315	15353
16	1637918	1638039	5877
16	1639572	1639813	22370
16	1642126	1642367	12508
16	1642407	1642648	10108
16	1652360	1652602	23355
16	1657042	1657313	28562
16	1660106	1660467	25139
16	1660638	1660879	1839
16	1662362	1662826	181
16	1664589	1665046	3525
16	1670513	1670715	14559
16	1675949	1676190	31877
16	1682168	1682409	9489
16	1687805	1687926	6866
16	1691102	1691223	8491
16	1696999	1697100	9528
16	1702478	1702599	8812
16	1702974	1703215	14300
16	1705199	1705320	13682
16	1705834	1707035	94909
16	1709854	1710095	23829
16	1712460	1712701	13359
16	1712737	1712858	10383
16	1715037	1715158	21823
16	1716004	1716245	53022
16	1716390	1716631	15349
16	1717307	1717428	3461
16	1717897	1718258	25646
16	1718962	1719203	24543
16	1720616	1720857	13032
16	1723842	1724083	32417
16	1727092	1727193	4423
16	1727589	1727689	5906
16	1727728	1727828	8860
16	1728274	1728395	420
16	1735362	1735633	29695
16	1741767	1742034	19784
16	1742361	1742482	9250
16	1747775	1747896	15565
16	1748784	1749025	17929
16	1750551	1750651	4454
16	1751239	1751340	4860
16	1756331	1756674	44599
16	1774466	1774737	9589
16	1779082	1779233	14921
16	1779447	1779589	9252
16	1784976	1785077	3500
16	1793255	1793526	30566
16	1796971	1797332	43439
16	1798204	1798357	14112
16	1798540	1798973	80974
16	1808093	1808214	10828
16	1808926	1809047	13611
16	1809896	1810047	16646
16	1810305	1810576	12137
16	1811204	1811325	22211
16	1812295	1812536	27469
16	1812612	1812763	14524
16	1812800	1813041	15854
16	1813599	1813794	6764
16	1814072	1814223	8345
16	1814259	1814500	18705
16	1814945	1815216	19236
16	1815930	1816435	63293
16	1816438	1816823	7171
16	1816847	1816998	3746
16	1817072	1817343	48466
16	1817499	1817770	53414
16	1817796	1817929	26483
16	1817997	1818409	39220
16	1818431	1818884	21912
16	1818893	1818994	665
16	1819584	1819715	15979
16	1820006	1820206	6414
16	1820257	1820358	6738
16	1820587	1820828	3649
16	1820872	1821004	561
16	1821060	1821182	289
16	1821224	1821458	624
16	1821462	1821562	112
16	1822156	1822547	48974
16	1822564	1822685	12997
16	1822778	1823139	1747
16	1823170	1823531	1717
16	1823652	1823893	840
16	1824215	1824366	14066
16	1824964	1825454	47763
16	1825497	1826273	50707
16	1827059	1827454	21640
16	1827659	1828059	47440
16	1828077	1828348	24854
16	1828403	1828644	26062
16	1830600	1830721	3322
16	1831270	1831541	18098
16	1831631	1831732	7508
16	1832968	1833089	410
16	1836445	1836976	56139
16	1837603	1837874	29147
16	1837905	1838062	21509
16	1838112	1838233	11570
16	1838521	1838762	25814
16	1840540	1842517	160006
16	1843584	1843705	3023
16	1859172	1859447	17738
16	1859703	1859854	17916
16	1866853	1867005	23591
16	1867129	1867282	11917
16	1869074	1869234	8363
16	1869805	1870076	15309
16	1872271	1872422	13112
16	1872800	1873071	14409
16	1876700	1876830	7
16	1877206	1878916	101390
16	1884247	1884377	5642
16	1887766	1887887	15310
16	1888007	1888137	4252
16	1889226	1889467	25366
16	1891776	1892017	20172
16	1894852	1894974	5097
16	1903001	1903147	8892
16	1903184	1903305	5639
16	1904029	1904270	22872
16	1904925	1905046	9082
16	1907712	1907953	11413
16	1910378	1910499	13817
16	1911930	1912171	31725
16	1915746	1915867	3624
16	1918074	1918195	6188
16	1927268	1927509	35706
16	1961537	1962258	100614
16	1967894	1968451	2481
16	1989067	1989188	2563
16	1990731	1991451	52397
16	1993068	1993189	6098
16	1994774	1994925	10461
16	1995438	1995679	20171
16	1995822	1995943	7727
16	1996585	1996737	19832
16	1996867	1997138	34443
16	1997166	1997407	19691
16	2000791	2001032	35006
16	2002837	2003078	18681
16	2003931	2004172	23290
16	2004569	2004690	15563
16	2009569	2009810	6098
16	2011071	2011342	14789
16	2011416	2011735	8619
16	2011788	2011917	6832
16	2012063	2012697	72313
16	2012702	2013267	47787
16	2014260	2014381	9278
16	2014416	2014657	4136
16	2015126	2015367	3870
16	2016822	2016943	6221
16	2017226	2017467	14003
16	2017712	2017833	4732
16	2018379	2018980	22008
16	2022124	2022245	5232
16	2024021	2024142	8518
16	2024154	2024305	11955
16	2024309	2025285	94186
16	2025301	2025452	12369
16	2025469	2025740	13708
16	2025758	2025999	37586
16	2026024	2026145	18717
16	2026202	2026325	11746
16	2026737	2027008	22406
16	2027018	2027295	13050
16	2027300	2027451	2805
16	2027471	2027831	18221
16	2027919	2028072	16282
16	2028094	2028739	50425
16	2029020	2029604	26848
16	2029781	2029914	9177
16	2029968	2030209	11510
16	2030305	2030576	11801
16	2030625	2030746	13733
16	2030918	2031039	18888
16	2031056	2031207	35360
16	2034195	2034530	1238
16	2034694	2034965	40221
16	2035796	2036067	33997
16	2038617	2038754	20812
16	2040087	2040212	0
16	2040394	2040494	10374
16	2041912	2042273	1207
16	2042586	2042827	1018
16	2042847	2043088	2115
16	2043343	2043639	23553
16	2044105	2044217	11014
16	2044297	2044441	7150
16	2045403	2045520	7838
16	2046171	2046271	9515
16	2046645	2046770	1831
16	2047092	2047193	9290
16	2048168	2048649	40537
16	2048656	2048897	25363
16	2048922	2049163	17026
16	2049455	2050296	25679
16	2050375	2050496	19782
16	2050977	2051218	15480
16	2051521	2051762	23655
16	2051872	2052009	9908
16	2052194	2052435	63553
16	2052498	2052747	23267
16	2052935	2053176	9192
16	2053551	2053792	6775
16	2054273	2054428	12192
16	2055520	2055636	8068
16	2059496	2059807	403
16	2060457	2060579	8462
16	2065796	2065897	8339
16	2066069	2066171	5246
16	2066489	2066589	3973
16	2069033	2069197	13095
16	2069277	2069429	9960
16	2069558	2069670	15026
16	2069893	2070378	1548
16	2070515	2070636	1208
16	2071596	2071799	15917
16	2073696	2073817	17700
16	2074229	2074716	89175
16	2074939	2075040	12597
16	2075227	2075327	14890
16	2076194	2076380	44969
16	2076733	2076872	287
16	2076997	2077248	0
16	2077853	2077953	15097
16	2078044	2078145	9962
16	2078227	2078327	9919
16	2078447	2078611	16387
16	2079561	2079802	25476
16	2083342	2083443	540
16	2086293	2086534	42692
16	2086684	2087037	47152
16	2087508	2087629	14890
16	2087801	2088042	49921
16	2088270	2088370	9428
16	2088408	2088531	4171
16	2089835	2090249	32521
16	2093496	2093767	18525
16	2094564	2094835	58027
16	2096036	2096427	20967
16	2097657	2097898	3105
16	2098211	2098332	20341
16	2098564	2098805	23750
16	2100382	2100503	11818
16	2103333	2103463	14381
16	2104217	2104488	38518
16	2105340	2105581	27750
16	2106129	2106280	9974
16	2106556	2106827	22443
16	2107081	2107202	12530
16	2108689	2108930	15189
16	2110621	2110862	25517
16	2111819	2112060	35519
16	2112488	2112611	9791
16	2112952	2113073	10170
16	2114199	2114470	31575
16	2115426	2115697	13270
16	2120396	2120637	25149
16	2121472	2121627	20435
16	2121738	2121979	5059
16	2122181	2122422	21600
16	2122765	2123036	15164
16	2124144	2124415	30226
16	2125785	2125906	16011
16	2126058	2126181	34281
16	2126447	2126598	9872
16	2127511	2127782	37621
16	2128963	2129472	62917
16	2129548	2129680	21541
16	2130120	2130391	39760
16	2131546	2131817	38523
16	2132379	2132530	19521
16	2133487	2133876	41759
16	2134171	2134772	82513
16	2134928	2135049	17478
16	2135185	2135336	9947
16	2136135	2136406	19212
16	2136651	2136922	34696
16	2137841	2137962	9644
16	2138003	2138154	28026
16	2138185	2138336	13404
16	2138377	2138648	18791
16	2139522	2139622	8551
16	2139625	2141209	53504
16	2141414	2141637	227
16	2141723	2141964	3940
16	2141967	2142238	14615
16	2142471	2142603	26437
16	2142903	2143144	15539
16	2143520	2143761	23516
16	2143791	2144271	10755
16	2147134	2147255	16230
16	2147290	2147531	51867
16	2147663	2148054	129041
16	2149586	2149828	60307
16	2149845	2150087	77233
16	2150117	2150603	157385
16	2151802	2151923	55775
16	2152038	2152279	36327
16	2152326	2152687	105522
16	2152741	2153012	90271
16	2153054	2153921	273190
16	2154449	2154690	47057
16	2155277	2155518	45818
16	2155794	2156065	55723
16	2156077	2156318	51809
16	2156357	2156718	57069
16	2156756	2156997	37676
16	2157837	2158078	71569
16	2158171	2161922	832338
16	2162286	2162527	40060
16	2162725	2162996	69791
16	2163152	2163347	83190
16	2164127	2164968	252149
16	2165321	2165682	112772
16	2165982	2166175	69396
16	2166466	2166707	26800
16	2166822	2167064	11578
16	2167460	2167701	87064
16	2167766	2168487	105675
16	2168640	2168881	87557
16	2169089	2169210	35157
16	2169240	2169481	61680
16	2169789	2169910	31760
16	2173430	2173551	12222
16	2185412	2185808	0
16	2185978	2186130	870
16	2198760	2199001	43
16	2199932	2200062	21580
16	2201499	2201788	26482
16	2201791	2201942	14898
16	2202792	2202913	7950
16	2202926	2203077	9314
16	2203093	2203244	18265
16	2203279	2203432	11483
16	2205003	2205124	4524
16	2213900	2214021	7334
16	2215847	2215968	12853
16	2218032	2218183	4530
16	2220551	2220792	15679
16	2221249	2221370	10082
16	2221528	2221649	18605
16	2222132	2222403	19260
16	2222411	2222652	3077
16	2223140	2223411	14340
16	2223427	2223578	19060
16	2223751	2224105	18201
16	2224231	2224352	6593
16	2225040	2225191	9972
16	2225208	2225681	22044
16	2225773	2226445	45018
16	2226476	2226627	12809
16	2226657	2226758	7133
16	2227120	2227221	11455
16	2227423	2227524	3705
16	2227745	2227846	2484
16	2227891	2228377	10599
16	2228384	2228669	3172
16	2228893	2229378	147
16	2229579	2231629	31339
16	2231782	2231980	26632
16	2233636	2233758	19907
16	2233795	2233952	40116
16	2234732	2234883	18853
16	2234932	2235053	23988
16	2235094	2235215	11216
16	2235267	2235419	27436
16	2236615	2236886	25264
16	2236964	2237085	14558
16	2237157	2237285	17833
16	2237316	2237472	24696
16	2238941	2239346	41057
16	2239407	2239612	1518
16	2240031	2240182	7669
16	2240272	2240393	9995
16	2246330	2246453	362
16	2255799	2255920	3874
16	2255999	2256270	25535
16	2256323	2256444	5881
16	2256457	2256698	11650
16	2256982	2257389	35613
16	2258151	2258392	16852
16	2258411	2258938	51619
16	2259318	2259750	83130
16	2259940	2260062	10784
16	2260083	2260324	14282
16	2260427	2260661	21098
16	2260717	2260868	12115
16	2262252	2262353	6651
16	2263312	2263601	14275
16	2263710	2264071	22761
16	2264129	2264788	1168
16	2273571	2273812	3394
16	2278297	2278568	16058
16	2279532	2279686	13682
16	2282117	2282388	48605
16	2282395	2282636	27566
16	2282681	2283217	78241
16	2283422	2283663	3607
16	2283873	2284001	18271
16	2284129	2284400	33346
16	2284561	2284802	11615
16	2284809	2285634	36739
16	2286768	2286971	2172
16	2287021	2287142	504
16	2287199	2287320	225
16	2287332	2287693	10842
16	2287712	2288073	21275
16	2288299	2288450	9326
16	2289911	2290182	18261
16	2293014	2293499	45262
16	2294358	2294599	21735
16	2296772	2297043	22272
16	2301237	2301601	1419
16	2303097	2303354	10457
16	2303719	2304074	36018
16	2305535	2305776	11188
16	2312234	2312475	13904
16	2312730	2312853	12679
16	2313039	2313400	23059
16	2314133	2314374	17693
16	2314547	2314668	2452
16	2317773	2317894	1014
16	2318006	2318106	3910
16	2320693	2320794	7970
16	2321723	2321866	4071
16	2325913	2326014	9050
16	2326619	2326860	19288
16	2327543	2327694	11467
16	2327823	2328094	59135
16	2328222	2328493	19446
16	2328886	2329157	23945
16	2330973	2331244	13284
16	2331294	2331565	21476
16	2333151	2333392	13574
16	2334207	2334478	27802
16	2334738	2335009	57673
16	2335423	2335664	28193
16	2336650	2337011	24830
16	2337967	2338358	27683
16	2339368	2339647	32163
16	2342098	2342249	13728
16	2345514	2345785	34667
16	2347313	2347554	32625
16	2347693	2347964	31240
16	2348312	2348583	16893
16	2349317	2349588	28475
16	2349926	2350197	25343
16	2353939	2354180	12848
16	2358386	2358657	21524
16	2367222	2367463	19287
16	2367555	2367826	16507
16	2369530	2369891	17625
16	2373455	2373726	26453
16	2374347	2374588	12213
16	2375961	2376322	18877
16	2376349	2376503	6572
16	2378412	2378653	14944
16	2411738	2411838	3530
16	2415681	2415809	10096
16	2416962	2417125	16669
16	2420338	2420598	22723
16	2423954	2424071	34402
16	2425338	2425456	10318
16	2429517	2429618	9512
16	2436104	2436299	17315
16	2445840	2445939	5926
16	2454156	2454256	8523
16	2456672	2456910	13125
16	2460176	2460450	19117
16	2460621	2460826	52209
16	2472580	2472768	16249
16	2474288	2474388	5065
16	2474617	2474823	41136
16	2474973	2475073	12739
16	2479440	2479563	529
16	2480949	2481070	14405
16	2481086	2481327	25199
16	2482952	2483078	9109
16	2485779	2485900	7090
16	2487075	2487346	20637
16	2488036	2488157	14446
16	2489344	2489468	5958
16	2489727	2489848	4586
16	2493604	2493845	17943
16	2495389	2495660	29432
16	2498766	2499037	20115
16	2499221	2499492	9015
16	2499811	2499932	6085
16	2503169	2503320	7156
16	2503353	2503594	18760
16	2505329	2505600	24383
16	2506512	2507031	39985
16	2510097	2510218	189
16	2510271	2510392	294
16	2510567	2510718	13919
16	2510779	2511260	41321
16	2511713	2511834	9775
16	2512133	2512254	25672
16	2512380	2512537	33657
16	2512621	2512743	5705
16	2513983	2514293	32097
16	2514474	2514715	7223
16	2521685	2523180	100993
16	2523202	2523353	10092
16	2523375	2523526	2162
16	2523729	2524119	0
16	2546060	2547171	118778
16	2547669	2547769	16938
16	2548196	2548437	16759
16	2549328	2549449	7680
16	2549792	2549943	19761
16	2550258	2550501	5864
16	2550760	2551001	17041
16	2551326	2551427	10959
16	2552745	2552846	8871
16	2564082	2564203	11538
16	2569189	2569430	20900
16	2569492	2569852	21464
16	2570439	2570560	196
16	2570722	2571174	39254
16	2577527	2577648	14370
16	2577758	2577999	4110
16	2578013	2578765	51848
16	2578984	2579106	17427
16	2579428	2579579	13990
16	2580251	2581420	97246
16	2581914	2582015	25835
16	2588064	2588185	0
16	2593473	2593728	27811
16	2600463	2600569	66219
16	2607652	2608013	69437
16	2611440	2611562	28940
16	2611719	2611960	64340
16	2613983	2614570	147450
16	2615520	2615746	85699
16	2616344	2616468	93465
16	2627402	2627523	12753
16	2631268	2631390	28422
16	2631594	2631716	13226
16	2633378	2633753	95180
16	2636664	2636905	30514
16	2642778	2643171	22504
16	2645761	2645912	5786
16	2647078	2647319	15462
16	2647588	2647829	18929
16	2647887	2647999	8640
16	2650771	2650871	5642
16	2651366	2653081	171209
16	2653419	2653780	42812
16	2663953	2664074	48821
16	2664874	2664974	7578
16	2666107	2666208	11142
16	2666432	2666807	90079
16	2668469	2668591	15814
16	2668795	2668917	29032
16	2672667	2672788	18984
16	2683727	2683848	98851
16	2684446	2684672	87382
16	2685622	2686209	141778
16	2688232	2688473	63454
16	2688630	2688752	35275
16	2692179	2692540	57343
16	2711366	2712814	63155
16	2730655	2730896	50800
16	2732455	2732831	29952
16	2745926	2746054	50999
16	2747861	2748012	8676
16	2749778	2749929	12819
16	2752265	2752536	26679
16	2757252	2757461	14642
16	2757616	2757716	14255
16	2757732	2757833	8584
16	2758097	2758347	21440
16	2762596	2762837	35781
16	2762896	2763111	27383
16	2763427	2763734	29148
16	2763990	2764465	43208
16	2765678	2765919	4030
16	2766452	2766573	9693
16	2770077	2770198	3246
16	2788486	2788615	4940
16	2788960	2789125	7570
16	2789287	2789570	25241
16	2790135	2790616	29288
16	2794390	2794547	6672
16	2794915	2795133	7808
16	2806305	2806666	25530
16	2807463	2807590	7415
16	2807677	2808004	28094
16	2808407	2808559	9385
16	2808925	2809216	33187
16	2809316	2809437	4926
16	2809554	2809675	4679
16	2810279	2810520	16548
16	2811511	2818316	444410
16	2818472	2819334	67221
16	2820286	2820527	34086
16	2820595	2820728	13631
16	2820802	2820923	13328
16	2820984	2821085	8717
16	2821270	2821658	26704
16	2821981	2822113	21500
16	2825442	2825567	11338
16	2826939	2827157	21361
16	2827188	2827289	0
16	2834602	2834843	18566
16	2834966	2835207	6355
16	2835296	2835666	3436
16	2835759	2836000	12995
16	2836014	2836165	9516
16	2836464	2836585	5614
16	2837389	2837490	17867
16	2848377	2848646	2354
16	2848921	2849162	2011
16	2849247	2849608	23483
16	2854347	2854588	15196
16	2854902	2855143	25020
16	2867251	2867503	1300
16	2867763	2868004	5392
16	2868642	2869003	45518
16	2870881	2871152	19973
16	2871305	2871666	39191
16	2880227	2880348	19174
16	2880393	2880514	13778
16	2880654	2880807	15539
16	2881707	2882218	31383
16	2889613	2889974	17178
16	2890148	2890289	5806
16	2890842	2891080	22300
16	2891124	2891365	19799
16	2891676	2891776	5890
16	2892400	2892501	20504
16	2903030	2903391	2149
16	2903823	2904064	27476
16	2905502	2905893	21223
16	2906017	2906288	20614
16	2906774	2906895	8095
16	2908004	2908125	10381
16	2946400	2946791	24562
16	2949008	2949160	14064
16	2949646	2949746	8536
16	2979667	2980028	61024
16	2980344	2980945	35102
16	2983115	2983596	51401
16	2983667	2984028	35064
16	2984580	2984701	10787
16	2986318	2986439	26838
16	2986462	2986943	32580
16	2987072	2987433	24058
16	2988139	2988500	64631
16	2989976	2990124	9725
16	2998647	2998768	14819
16	2998787	2998888	12492
16	3014477	3014628	25784
16	3014796	3015062	1825
16	3016095	3016507	27498
16	3016615	3016839	6109
16	3016895	3017256	378
16	3017262	3017699	1204
16	3017794	3018035	2141
16	3019637	3019878	2744
16	3021117	3021389	29086
16	3021461	3021972	68391
16	3022604	3022705	4885
16	3022944	3023316	24263
16	3023958	3024199	4661
16	3024210	3024451	5698
16	3024541	3024667	18785
16	3025265	3025866	81979
16	3026577	3027124	48212
16	3029562	3029713	16931
16	3038260	3038361	7836
16	3038556	3038657	14236
16	3039488	3039588	19738
16	3039940	3040041	10577
16	3040055	3040155	12101
16	3040421	3040522	13259
16	3041025	3041125	11746
16	3042770	3042870	8349
16	3042897	3042998	3750
16	3044663	3044763	16345
16	3044772	3044873	12130
16	3044895	3044995	10190
16	3045250	3045351	16109
16	3045370	3045470	3430
16	3045587	3045687	3295
16	3045705	3045806	930
16	3046464	3046564	13621
16	3047019	3047120	24818
16	3048187	3048287	8960
16	3048322	3048423	17922
16	3048459	3048559	11100
16	3048848	3048980	17238
16	3049873	3049973	8448
16	3050052	3050153	11613
16	3050273	3050374	13670
16	3050402	3050502	6945
16	3050714	3050828	10791
16	3051258	3051358	18390
16	3051524	3051624	9438
16	3063299	3064507	131803
16	3065299	3066050	107473
16	3070366	3070810	66200
16	3071189	3071330	2351
16	3071501	3071859	22955
16	3071881	3071982	8099
16	3072047	3072147	4768
16	3072810	3073051	14348
16	3073146	3073562	21745
16	3073833	3073954	2521
16	3074285	3074406	22868
16	3075645	3076016	35622
16	3076024	3076177	21417
16	3076179	3076449	14819
16	3076491	3076612	9852
16	3076639	3076792	13237
16	3076831	3076952	25500
16	3076981	3077102	26320
16	3077134	3077553	35390
16	3077556	3077677	12844
16	3078069	3078528	7688
16	3078644	3078885	71152
16	3079234	3079479	8289
16	3079521	3079766	920
16	3080401	3080874	41353
16	3080922	3081163	4176
16	3081403	3081504	2864
16	3085196	3086961	73342
16	3096797	3097083	980
16	3097330	3097601	51861
16	3099926	3100197	24690
16	3100219	3100580	26229
16	3105767	3106008	20564
16	3106970	3107241	28674
16	3107261	3107412	12298
16	3107522	3107670	16678
16	3108136	3108344	13631
16	3108376	3108721	2154
16	3108782	3109143	7101
16	3115600	3115721	7189
16	3115728	3115879	4965
16	3117305	3117692	30971
16	3117936	3118057	10062
16	3118119	3118270	5071
16	3118932	3119413	84272
16	3131575	3132025	36866
16	3139058	3140657	79792
16	3141478	3141629	9215
16	3141735	3141856	8477
16	3141972	3142363	19031
16	3142533	3142938	24355
16	3162283	3162430	5339
16	3163398	3163519	7019
16	3165311	3165582	19555
16	3165784	3165935	9487
16	3166366	3166595	21292
16	3168869	3169026	9580
16	3169193	3170336	89042
16	3187209	3187743	43874
16	3188329	3188600	18197
16	3188691	3188842	8960
16	3188886	3189157	17348
16	3190627	3191378	43778
16	3191721	3191822	5230
16	3194002	3194103	16390
16	3194184	3194325	21082
16	3194450	3194650	21831
16	3194737	3194838	9627
16	3195918	3196086	17016
16	3197258	3197481	11018
16	3197803	3197920	6410
16	3198311	3198412	6656
16	3198936	3199040	6909
16	3199695	3199809	6241
16	3254234	3255195	121937
16	3265709	3266549	125631
16	3273801	3274672	70699
16	3282362	3282603	16973
16	3282815	3282936	7034
16	3283449	3283810	54222
16	3293116	3293717	38158
16	3293784	3294067	9308
16	3294208	3294329	10505
16	3294409	3294650	33860
16	3296474	3296595	7051
16	3297006	3297256	26048
16	3298865	3299016	13526
16	3299394	3299790	42851
16	3304148	3304838	38440
16	3306267	3306628	30632
16	3333740	3334251	39717
16	3335027	3335268	22681
16	3335656	3335777	11608
16	3335964	3336205	22785
16	3338390	3338631	11658
16	3339344	3340575	74668
16	3340928	3341028	3342
16	3348918	3352010	201060
16	3358431	3358836	21332
16	3361752	3361948	9305
16	3362672	3362772	3945
16	3363034	3363185	15110
16	3366902	3367032	6043
16	3367138	3367889	27072
16	3405928	3407295	130949
16	3421810	3421911	3451
16	3432800	3433761	116744
16	3434398	3434999	58278
16	3439950	3440191	27401
16	3440408	3440529	7305
16	3443610	3443851	30232
16	3447133	3447614	40596
16	3451934	3452445	39206
16	3454385	3454773	24525
16	3454887	3455008	6387
16	3458228	3458979	38908
16	3486399	3487548	92721
16	3490748	3490989	6291
16	3493045	3493196	8718
16	3508106	3508206	529
16	3526161	3526402	19706
16	3529414	3529655	26227
16	3532488	3532609	5465
16	3533299	3533660	33320
16	3534655	3534896	23091
16	3534950	3535738	45605
16	3536045	3536146	8688
16	3536847	3536947	4081
16	3543791	3544032	11893
16	3544459	3544940	34648
16	3545306	3545547	9292
16	3551017	3551138	14065
16	3554710	3554841	6222
16	3556311	3556432	4858
16	3558227	3558498	13510
16	3562339	3562490	10921
16	3565488	3565609	11260
16	3569818	3570089	13983
16	3573107	3573348	11316
16	3576386	3576507	5462
16	3580558	3580685	3688
16	3582752	3582913	22410
16	3583076	3583177	12435
16	3586075	3586316	20202
16	3591808	3591929	5892
16	3592171	3592292	5807
16	3592672	3592793	5052
16	3593405	3593526	8543
16	3594226	3594347	11373
16	3598115	3598236	4041
16	3598650	3598771	6217
16	3599122	3599243	6375
16	3599677	3599798	17406
16	3600394	3600515	9678
16	3602176	3602297	13860
16	3604223	3604344	11656
16	3606892	3607013	9620
16	3607574	3607695	9591
16	3611684	3611805	8506
16	3612891	3615166	107558
16	3615271	3615392	6360
16	3627120	3627241	4020
16	3631157	3631257	7273
16	3631384	3631485	17758
16	3632333	3632704	45198
16	3633063	3633544	60453
16	3634759	3634882	5918
16	3638925	3641356	243843
16	3642661	3642902	15537
16	3644399	3644646	16811
16	3645558	3645709	21596
16	3646092	3646453	31445
16	3647356	3647717	31831
16	3647747	3648018	20314
16	3650964	3651205	20186
16	3652078	3652333	16014
16	3656435	3656709	17386
16	3658408	3658997	118697
16	3705296	3705567	40412
16	3705802	3705953	15751
16	3706083	3706204	8048
16	3706575	3706816	23436
16	3706990	3707122	12264
16	3707143	3707384	12794
16	3707707	3707828	7321
16	3707839	3707990	9080
16	3708023	3708241	13470
16	3708768	3708889	4026
16	3711939	3712180	55904
16	3712834	3712985	7118
16	3713342	3713613	16378
16	3714246	3714487	24613
16	3715924	3716161	16814
16	3721696	3721817	14156
16	3722639	3722880	10407
16	3724296	3724537	27316
16	3725300	3725421	8353
16	3726000	3726156	19592
16	3727457	3727698	20212
16	3729664	3729815	6479
16	3735915	3736186	29458
16	3739005	3739156	8052
16	3740755	3741026	13934
16	3741720	3742088	27727
16	3767404	3767525	0
16	3775055	3775156	8532
16	3776544	3776843	14947
16	3776906	3777132	16682
16	3777147	3777247	6865
16	3777482	3777608	3260
16	3777616	3779890	172446
16	3781122	3781513	20889
16	3781724	3782047	47744
16	3785999	3786240	42748
16	3786612	3786853	41492
16	3788525	3788683	11235
16	3789530	3789771	9167
16	3790353	3790594	14307
16	3794867	3794988	7606
16	3795255	3795376	7149
16	3799594	3799715	6800
16	3801675	3801837	11587
16	3807271	3807392	3181
16	3807748	3808109	9058
16	3808792	3809033	19560
16	3811494	3811615	2781
16	3817694	3817935	54843
16	3819143	3819384	20686
16	3820507	3821018	38029
16	3823690	3823961	32694
16	3824510	3824751	16550
16	3827546	3827686	2902
16	3827946	3828217	26334
16	3828638	3828879	23093
16	3830654	3830925	63194
16	3831194	3831317	13086
16	3832624	3832985	39996
16	3841972	3842105	11925
16	3843325	3843686	36740
16	3860570	3860811	14857
16	3900262	3901020	61203
16	3929818	3930313	5321
16	4012827	4012996	5771
16	4013166	4013266	7031
16	4013358	4013543	11890
16	4013779	4013976	9166
16	4015188	4015289	3258
16	4015473	4015574	6999
16	4015766	4016977	89626
16	4024629	4024750	2381
16	4027435	4027676	25147
16	4029075	4029316	27394
16	4033215	4033456	17917
16	4038954	4039107	9243
16	4042134	4042375	27821
16	4043349	4043521	13025
16	4057342	4057583	7715
16	4068080	4068181	10242
16	4162847	4162948	6139
16	4163665	4165496	131205
16	4240796	4240897	7537
16	4242108	4242979	138953
16	4245519	4245797	33241
16	4247736	4247977	8926
16	4253123	4253274	19006
16	4254493	4254645	16538
16	4256691	4258136	234592
16	4291946	4292097	12514
16	4307177	4307322	5393
16	4307478	4307776	13638
16	4307864	4307964	9098
16	4308031	4308272	10486
16	4310047	4310318	16030
16	4310339	4310666	25505
16	4311743	4311984	31960
16	4312282	4312433	18501
16	4312468	4312963	20662
16	4322641	4322867	22519
16	4382246	4382487	25319
16	4383282	4383551	28043
16	4384738	4385454	51438
16	4386704	4387545	37894
16	4387558	4387711	11377
16	4388013	4388113	11189
16	4389360	4389571	48699
16	4390271	4390422	15326
16	4390862	4391013	9609
16	4391315	4391556	16226
16	4393158	4393309	14464
16	4401183	4401310	474
16	4404724	4404825	9806
16	4405100	4405221	11633
16	4405268	4405389	6737
16	4407153	4407274	13887
16	4407885	4408156	21455
16	4408274	4408545	31002
16	4409280	4409671	27259
16	4410260	4410381	10986
16	4410405	4410559	9859
16	4410928	4411265	87232
16	4411324	4411480	19691
16	4411916	4412193	39476
16	4412524	4412795	34918
16	4414224	4414465	3802
16	4414582	4414703	8072
16	4414727	4414968	27510
16	4414971	4415092	13378
16	4415457	4415578	12562
16	4419701	4419801	4744
16	4430868	4433540	168935
16	4437936	4438087	16043
16	4438527	4438648	11069
16	4445253	4445374	5003
16	4455438	4455589	12742
16	4457472	4457713	9660
16	4458125	4458276	11656
16	4462302	4462453	10305
16	4463295	4463416	12141
16	4466428	4466549	1993
16	4475861	4476107	24053
16	4484330	4484571	20515
16	4487383	4487504	5225
16	4491324	4491595	12515
16	4492223	4492464	18867
16	4492970	4493211	36702
16	4494635	4494756	13670
16	4496829	4497070	14133
16	4498670	4498893	10371
16	4500388	4500509	7533
16	4504802	4504928	5999
16	4505496	4505688	8458
16	4506509	4506610	15152
16	4506662	4506785	5661
16	4511719	4511990	46049
16	4513634	4513875	19313
16	4516068	4516458	22269
16	4519165	4519526	26877
16	4524052	4524241	19444
16	4555484	4555628	6060
16	4556803	4557074	22709
16	4557658	4558259	54065
16	4559335	4559943	42914
16	4561255	4561436	5868
16	4562045	4562145	5675
16	4562164	4562264	6793
16	4562367	4562728	15481
16	4562747	4563108	22377
16	4563623	4563894	20684
16	4563997	4564148	11274
16	4606459	4606940	18130
16	4621492	4621733	18886
16	4624688	4624809	2761
16	4624953	4625074	3422
16	4625174	4626637	99478
16	4628933	4629034	6336
16	4630015	4630127	5681
16	4637026	4637127	5234
16	4638167	4638333	14698
16	4641666	4641786	11334
16	4642286	4642387	7512
16	4643220	4643321	11436
16	4644351	4644512	9490
16	4644704	4644805	10507
16	4649274	4649375	6008
16	4650100	4650318	19648
16	4659095	4659196	2083
16	4659624	4659994	3493
16	4660463	4660584	18831
16	4664393	4664858	1930
16	4674944	4675065	6219
16	4700335	4700544	27843
16	4701916	4702067	11920
16	4702630	4702871	12817
16	4707154	4707425	21969
16	4714681	4714802	22245
16	4715066	4715187	10411
16	4718228	4718349	11826
16	4721364	4721485	8544
16	4722400	4722517	17406
16	4723427	4723698	41907
16	4727454	4727583	23773
16	4730004	4730125	11645
16	4731512	4731787	21262
16	4732734	4733005	23495
16	4733156	4733307	15981
16	4733797	4733948	23712
16	4736218	4736339	23002
16	4738787	4738919	3864
16	4739076	4739176	9452
16	4739311	4739411	8337
16	4740891	4740992	4680
16	4743682	4743890	2741
16	4743938	4744608	5452
16	4744948	4745190	51140
16	4746975	4747126	12346
16	4747284	4747435	21755
16	4747959	4748080	14411
16	4748392	4748633	3964
16	4748720	4748991	46785
16	4748993	4749234	19646
16	4750715	4751172	21883
16	4751425	4751579	11160
16	4751955	4752310	18674
16	4755023	4755294	15679
16	4763998	4764239	32584
16	4774700	4774851	8584
16	4776599	4776840	11626
16	4776927	4777198	16524
16	4779914	4780185	17054
16	4786428	4786699	17351
16	4787722	4787993	35458
16	4790075	4790706	36376
16	4792981	4793222	12739
16	4794790	4795061	19293
16	4796293	4796564	15959
16	4796915	4797036	10958
16	4797273	4797664	39962
16	4802356	4803077	71522
16	4810449	4810600	19507
16	4812212	4812363	9441
16	4812514	4812785	26520
16	4815501	4816012	63899
16	4827631	4827731	6834
16	4827777	4828018	17975
16	4828051	4828202	7651
16	4829647	4829798	15946
16	4833419	4833570	14965
16	4833587	4833828	13308
16	4833849	4834120	27553
16	4835798	4835922	12731
16	4835971	4836163	20995
16	4837442	4837683	27678
16	4838238	4838359	2320
16	4845735	4845859	22276
16	4845948	4846232	31876
16	4847390	4847541	17318
16	4847626	4848023	42595
16	4848062	4848195	13722
16	4848557	4848678	17975
16	4849643	4849794	20156
16	4850477	4850598	26580
16	4851233	4851354	6912
16	4851483	4851604	9409
16	4852348	4852469	1036
16	4852499	4852669	200
16	4853201	4853343	15569
16	4853383	4853583	12152
16	4854364	4854465	10234
16	4854964	4855064	6019
16	4855212	4855333	9195
16	4861132	4861352	14506
16	4861562	4861833	17319
16	4862016	4862287	18532
16	4863727	4863849	5628
16	4864501	4864658	16814
16	4867587	4867708	12247
16	4871326	4871477	14006
16	4871511	4871632	10195
16	4872842	4872963	6015
16	4873773	4873924	15228
16	4881889	4882280	25109
16	4882722	4882963	17473
16	4895023	4895174	10295
16	4896101	4896252	4211
16	4897186	4897350	1105
16	4902861	4903222	27033
16	4907942	4908093	6405
16	4908555	4908676	5229
16	4908941	4909212	18127
16	4909856	4909979	4712
16	4910612	4911123	20419
16	4918791	4918921	5153
16	4920156	4920397	21961
16	4920454	4920695	11095
16	4920757	4921028	22587
16	4921077	4921348	29290
16	4922848	4923112	31706
16	4924132	4925483	109663
16	4926780	4927171	20171
16	4927339	4927490	15680
16	4930017	4930168	10070
16	4930831	4930932	2643
16	4931138	4931238	6312
16	4931729	4931934	7944
16	4931974	4932107	13671
16	4932203	4932372	30410
16	4933305	4936096	218943
16	4937090	4937241	6883
16	4938039	4938280	27870
16	4938929	4939080	30941
16	4940138	4940379	33323
16	4940706	4940945	19891
16	4941729	4942244	33744
16	4943171	4943412	7848
16	4943499	4943650	9357
16	4944392	4944663	15517
16	4945209	4945454	21958
16	4945504	4945775	20182
16	4947632	4947783	11224
16	4949004	4949131	12879
16	4949153	4949424	10945
16	4950760	4951147	18119
16	4952315	4952586	28522
16	4953812	4954083	24091
16	4960809	4960960	14415
16	4986939	4987065	12888
16	5008302	5008501	6682
16	5009209	5009450	30648
16	5037511	5037752	5111
16	5038094	5038335	15632
16	5040710	5040941	16563
16	5041813	5042054	24901
16	5046283	5046524	14807
16	5046829	5047070	10451
16	5050638	5050759	16046
16	5050829	5050950	9827
16	5053367	5053608	29914
16	5055882	5056101	19175
16	5057298	5057539	12354
16	5058354	5058666	17970
16	5061063	5061304	39801
16	5064794	5065035	12311
16	5074845	5074993	11402
16	5075137	5075238	7243
16	5075431	5075702	19377
16	5077076	5077227	12033
16	5077238	5077390	9319
16	5077779	5077920	27530
16	5077962	5078203	31219
16	5078793	5079064	10489
16	5080376	5080504	7232
16	5081664	5081935	15570
16	5083260	5083741	1558
16	5083811	5083932	4481
16	5094292	5094533	27161
16	5094574	5094847	4658
16	5097860	5097981	4497
16	5105207	5105361	9458
16	5105629	5105793	5163
16	5106000	5106241	21129
16	5108432	5108672	21436
16	5110210	5110481	19925
16	5112349	5112620	9268
16	5115681	5116042	24175
16	5121764	5122070	16326
16	5122899	5123050	16106
16	5123144	5123267	18505
16	5125341	5125582	16223
16	5127429	5127550	12626
16	5127871	5128028	16551
16	5128667	5128938	37921
16	5129022	5129143	27484
16	5129717	5129838	16745
16	5130910	5131067	29153
16	5132495	5132736	102154
16	5133658	5133782	29891
16	5134695	5134936	58902
16	5135621	5135743	56593
16	5139031	5139302	101488
16	5140035	5140619	195334
16	5141784	5141906	36214
16	5143463	5143584	35482
16	5145422	5145543	25834
16	5147631	5147752	8664
16	5289887	5290106	14460
16	5300169	5300269	2322
16	5313150	5313466	130456
16	5517185	5517286	4560
16	5648902	5649139	19846
16	5810678	5810799	6150
16	6366976	6367077	5092
16	6704577	6704677	2036
16	7102024	7102145	7664
16	7382954	7383105	11961
16	7384755	7384856	6917
16	7560258	7560358	8778
16	7568058	7568449	44190
16	7629729	7629970	5995
16	7637214	7637335	9963
16	7645505	7645656	19574
16	7647341	7647462	2648
16	7657252	7657373	15286
16	7680583	7680704	8184
16	7683862	7683963	8602
16	7696793	7696893	10024
16	7703787	7703959	591
16	7714889	7715010	18101
16	7721488	7721639	10660
16	7726746	7726867	12003
16	7743281	7743402	10567
16	7759034	7759155	13306
16	7760564	7760953	29463
16	7760988	7761114	9470
16	7761359	7761553	9221
16	7761568	7761696	6255
16	7761701	7761802	5692
16	7762051	7762259	23003
16	7762294	7762522	17081
16	7949330	7949443	7163
16	8619709	8620008	5166
16	8622088	8622273	13577
16	8719467	8719708	15898
16	8722505	8723016	25301
16	8728854	8729216	47938
16	8732922	8733043	19785
16	8734953	8735074	15695
16	8735932	8736083	8734
16	8736279	8736432	19139
16	8738346	8738617	26084
16	8739921	8740042	4751
16	8740137	8740593	61027
16	8829570	8829691	8104
16	8839845	8839966	5476
16	8841918	8842039	3650
16	8844216	8844457	26531
16	8851577	8851698	9517
16	8857874	8858025	8744
16	8858579	8858700	10478
16	8860004	8860155	10217
16	8862020	8862141	11309
16	8862604	8862875	24576
16	8866554	8866825	27945
16	8868679	8868950	23597
16	8870152	8870393	9844
16	8873326	8873457	12553
16	8875075	8875346	46627
16	8878068	8878210	11095
16	8878254	8878355	3557
16	8889736	8890487	72184
16	8891408	8891529	9654
16	8891711	8891832	24166
16	8895646	8895777	6322
16	8898600	8898721	14936
16	8900127	8900278	8579
16	8904924	8905045	19668
16	8905471	8905592	7692
16	8906784	8907025	27613
16	8941540	8941692	7692
16	8948368	8948469	9510
16	8948739	8948839	8196
16	8948980	8949221	22710
16	8952116	8952387	24212
16	8952955	8953226	13797
16	8976012	8976253	11449
16	8978025	8978386	22227
16	8978976	8979217	25418
16	8987566	8987666	6912
16	8987845	8987971	13548
16	8988390	8988511	16965
16	8988585	8988736	10481
16	8988796	8989067	12888
16	8989457	8989608	7851
16	8990844	8990966	8498
16	8992194	8992315	7669
16	8992350	8992506	8985
16	8992920	8993071	5499
16	8993416	8993657	13807
16	8994375	8994497	7521
16	8994789	8994940	7532
16	8994983	8995104	8784
16	8995929	8996054	8993
16	8996227	8996349	7196
16	8997040	8997311	14053
16	8998235	8998476	16740
16	8998994	8999235	25209
16	9000239	9000480	8025
16	9002188	9002317	11379
16	9004581	9004702	8968
16	9009094	9009215	16090
16	9009280	9009401	14302
16	9010324	9010445	12916
16	9010826	9011067	14602
16	9012850	9013006	12358
16	9014168	9014319	3774
16	9014961	9015202	17009
16	9017049	9017290	25586
16	9024110	9024264	19742
16	9030369	9030610	14239
16	9057052	9057153	637
16	9185892	9186137	1079
16	9186762	9186883	8695
16	9196797	9197158	17407
16	9210465	9210954	40039
16	9210973	9211225	16484
16	9211290	9211400	11801
16	9211718	9211818	4238
16	9212004	9212161	9530
16	9212163	9212461	17563
16	9212731	9212892	15952
16	9856045	9856145	8067
16	9856296	9856397	7172
16	9856536	9856636	7149
16	9856786	9856910	5839
16	9856944	9858865	172405
16	9862615	9862981	18045
16	9892106	9892347	17606
16	9916049	9916291	28933
16	9923270	9923519	28786
16	9927873	9928144	7868
16	9934459	9934669	10799
16	9934755	9934971	15942
16	9943594	9943835	18541
16	9984778	9985019	16694
16	10031806	10032418	43736
16	10033259	10033360	9940
16	10206473	10206740	47853
16	10269352	10269453	4013
16	10273770	10274301	40825
16	10275733	10275911	7671
16	10524443	10525322	34530
16	10527324	10527563	15557
16	10531903	10532140	19225
16	10534208	10534329	5845
16	10551156	10551427	13560
16	10565942	10566063	3781
16	10567302	10567423	8094
16	10567751	10567872	8282
16	10574687	10574838	12863
16	10575658	10576139	27946
16	10576333	10576434	5471
16	10624162	10624471	10010
16	10625581	10626184	53851
16	10626650	10626975	15496
16	10631706	10631977	18532
16	10637410	10637531	13127
16	10641374	10641495	5064
16	10721396	10721667	28668
16	10729546	10729817	17742
16	10769805	10770048	15585
16	10775770	10776041	32379
16	10783083	10783234	4840
16	10783779	10783900	8298
16	10788117	10788748	83218
16	10837668	10837789	12742
16	10837808	10837932	7869
16	10840945	10841186	30704
16	10846409	10846560	19688
16	10849502	10849653	12818
16	10850500	10850651	18704
16	10851685	10851926	14540
16	10855211	10855341	8203
16	10855573	10855726	13217
16	10861786	10861907	6502
16	10862841	10862992	15070
16	10864097	10864218	4586
16	10865469	10865684	15550
16	10867112	10867353	8031
16	10867879	10868000	9186
16	10868759	10869000	12036
16	10911938	10912059	7036
16	10912284	10912537	692
16	10934306	10934427	23868
16	10935026	10935147	15691
16	10935266	10935386	41034
16	10960106	10960467	22204
16	10971122	10971273	11636
16	10989060	10989331	27631
16	10989512	10989633	7185
16	10992504	10992625	16619
16	10992729	10992880	15719
16	10995301	10995452	9055
16	10995816	10996087	25503
16	10996465	10996706	29461
16	10997548	10997789	19338
16	10998543	10998694	6985
16	11000309	11002151	149384
16	11002813	11003084	8287
16	11003989	11004140	6923
16	11008866	11008966	2925
16	11009375	11009526	6536
16	11010178	11010329	6238
16	11012248	11012399	13814
16	11016004	11016125	7679
16	11016214	11016365	15461
16	11017031	11017182	7974
16	11017714	11017814	8996
16	11022750	11022850	6080
16	11023153	11023253	6907
16	11035537	11036318	83538
16	11038479	11038720	3005
16	11051581	11051822	28385
16	11056257	11056498	30801
16	11062970	11063211	20065
16	11064913	11065154	21056
16	11066352	11066473	29266
16	11066732	11066976	14464
16	11071047	11071288	19866
16	11073151	11073272	7563
16	11076670	11076911	22862
16	11096865	11097226	23266
16	11113994	11114235	6050
16	11118606	11118847	29393
16	11120920	11121621	39539
16	11133550	11133791	12291
16	11136044	11136285	17543
16	11137845	11137966	6348
16	11141112	11141233	4923
16	11145312	11145553	10838
16	11154697	11154938	17865
16	11214426	11214663	34000
16	11217579	11217820	8726
16	11219798	11220166	26314
16	11250363	11250604	14295
16	11250886	11251007	10575
16	11260205	11260446	17585
16	11267951	11268192	41228
16	11272128	11272609	39073
16	11275707	11275808	7903
16	11348289	11348549	13013
16	11348622	11349386	26524
16	11361799	11361920	7062
16	11362677	11363159	138841
16	11367059	11367498	61720
16	11367585	11367707	10745
16	11369686	11369838	15883
16	11369910	11370271	41454
16	11374779	11374930	14835
16	11374974	11375105	11909
16	11410626	11410771	14762
16	11439295	11439675	1419
16	11444467	11444692	33837
16	11466542	11466643	2496
16	11477498	11477640	8488
16	11478072	11478182	11022
16	11478744	11478922	22043
16	11479067	11479273	39393
16	11480967	11481152	51705
16	11483960	11484060	6178
16	11484135	11484320	15947
16	11485522	11485718	12283
16	11485862	11485963	10475
16	11486173	11486358	16367
16	11487247	11487416	17281
16	11490367	11490532	7172
16	11492204	11492366	12557
16	11495121	11495262	15396
16	11495892	11496014	14984
16	11498559	11498722	6654
16	11501055	11501193	10091
16	11505092	11505192	2934
16	11506696	11506809	3606
16	11508197	11508364	21556
16	11511487	11511695	7979
16	11517023	11517123	5513
16	11517720	11517882	6190
16	11517964	11518200	46373
16	11518980	11519289	30061
16	11524891	11525085	17221
16	11529517	11529735	16596
16	11533340	11533441	10082
16	11534579	11534699	13644
16	11534794	11534932	21823
16	11540387	11540508	7447
16	11540563	11540804	8131
16	11541738	11541979	24439
16	11542747	11542988	12594
16	11544449	11544690	11003
16	11550696	11550924	17248
16	11553709	11553950	25157
16	11554278	11554519	18220
16	11554776	11555017	17812
16	11555944	11556185	19423
16	11563020	11563120	4237
16	11563363	11563523	9998
16	11565509	11565673	22382
16	11569475	11569575	3866
16	11570619	11570802	16403
16	11571676	11571861	15018
16	11572385	11572541	9460
16	11578734	11578929	19143
16	11581117	11581242	5777
16	11582564	11582723	9431
16	11585556	11585701	8683
16	11587499	11587652	12663
16	11588430	11588616	6817
16	11594659	11594825	7799
16	11595932	11596036	4004
16	11602571	11602711	17706
16	11608214	11608395	24080
16	11609784	11609919	8170
16	11609997	11610163	9112
16	11612740	11612841	6772
16	11615807	11615968	23703
16	11617233	11617333	970
16	11642949	11643152	3815
16	11643162	11643263	3967
16	11643265	11643705	21390
16	11647345	11647586	11015
16	11650268	11650596	24753
16	11769798	11773731	335805
16	11777969	11778120	6962
16	11781703	11781832	7505
16	11782108	11782349	13073
16	11785120	11785961	59472
16	11791959	11792200	16281
16	11794298	11794430	11696
16	11797449	11797658	8400
16	11815418	11815539	3752
16	11823503	11823624	15817
16	11823963	11824084	7776
16	11824185	11824306	5977
16	11824444	11824640	16353
16	11827825	11827946	7042
16	11829859	11830100	18262
16	11836298	11836696	0
16	11844568	11844669	9129
16	11845146	11845387	19895
16	11846485	11846726	10094
16	11850040	11850279	38648
16	11852277	11852405	5019
16	11855223	11855377	9921
16	11855711	11855952	12109
16	11856503	11856624	4846
16	11857303	11857544	13104
16	11858867	11859019	9244
16	11859291	11859562	13456
16	11861232	11861473	16243
16	11862142	11862383	13652
16	11862857	11862978	4977
16	11864619	11864860	13609
16	11868022	11868413	35914
16	11868791	11868912	5367
16	11870144	11870275	3371
16	11870286	11870407	6763
16	11870564	11870805	12111
16	11872999	11873240	16433
16	11875209	11875360	6917
16	11876115	11876237	6773
16	11913776	11914142	19046
16	11931111	11931448	5802
16	11931625	11931986	25410
16	11933535	11933957	41047
16	11935463	11935734	22690
16	11935749	11935870	8696
16	11940317	11940469	8545
16	11940474	11940745	7158
16	11941442	11941713	15662
16	11944084	11944325	12651
16	11945225	11945379	25102
16	11966620	11966721	4652
16	11966771	11966889	6874
16	11966896	11967061	5840
16	11969580	11969821	29947
16	11969926	11970047	10557
16	11971229	11971470	20486
16	11976850	11976971	11155
16	11979023	11979144	9115
16	11980276	11980517	13499
16	11980589	11980830	17297
16	11981395	11981636	14968
16	11984896	11985017	7920
16	11988766	11988887	3124
16	11990347	11990708	57068
16	11991646	11991777	6910
16	11991810	11991931	7363
16	12009193	12009874	8395
16	12022949	12023191	166347
16	12024239	12024480	59539
16	12027324	12027591	122176
16	12031460	12031581	35858
16	12059125	12059366	45003
16	12060003	12060244	29705
16	12061384	12061745	16091
16	12070616	12070768	158
16	12093123	12093244	6438
16	12096812	12096963	12221
16	12121117	12121358	14966
16	12136692	12136963	32021
16	12140214	12140335	17990
16	12142171	12142534	75970
16	12145652	12146093	23502
16	12155384	12155519	8742
16	12162890	12163011	7372
16	12172669	12172790	8195
16	12181618	12182085	31406
16	12183616	12183834	5744
16	12220460	12220581	13637
16	12223429	12223670	21984
16	12293437	12293560	3662
16	12296782	12297007	139147
16	12297101	12297582	308084
16	12305874	12305975	10795
16	12371720	12371961	16931
16	12379179	12379280	4827
16	12449956	12450197	27534
16	12492269	12492390	13654
16	12497284	12497405	11111
16	12504149	12504250	11158
16	12564539	12564640	7696
16	12571524	12571765	18664
16	12609356	12609477	5391
16	12618507	12618748	21619
16	12620377	12620498	5992
16	12620992	12621233	18305
16	12662303	12662544	17793
16	12758733	12758982	12984
16	12798452	12798933	35534
16	12874999	12875270	43629
16	12897537	12897658	9140
16	12995798	12996549	18198
16	13002265	13002506	26812
16	13010522	13010728	16508
16	13012841	13012941	2620
16	13297207	13297424	19347
16	13307072	13307193	8042
16	13328852	13329316	39850
16	14013974	14014245	54550
16	14015856	14016097	9789
16	14020394	14020635	28528
16	14021867	14022108	19751
16	14024535	14024776	12591
16	14025956	14026197	14634
16	14028039	14028193	3731
16	14028940	14029661	33446
16	14031607	14031728	4969
16	14038544	14038702	10732
16	14041416	14042257	93366
16	14234419	14234660	11853
16	14242504	14242605	10214
16	14280372	14280473	2859
16	14280710	14280951	10847
16	14284003	14284104	5737
16	14294213	14294715	112008
16	14304071	14304192	5980
16	14306147	14306298	7849
16	14307378	14307499	4199
16	14310942	14311183	12677
16	14312644	14312885	19501
16	14327950	14328191	28435
16	14334036	14334405	25271
16	14334454	14334695	21209
16	14339329	14339570	18456
16	14340290	14341386	78078
16	14342739	14342980	17066
16	14345678	14345919	12282
16	14346169	14346410	11860
16	14351926	14352047	5261
16	14354732	14355333	31943
16	14397773	14397931	11605
16	14403117	14403253	12021
16	14530540	14530661	8562
16	14540720	14540961	12403
16	14564832	14565121	9321
16	14576468	14576709	33133
16	14645853	14645974	2198
16	14647903	14648024	5438
16	14649477	14649598	4785
16	14674704	14674825	5715
16	14675972	14676212	19455
16	14678180	14678301	8135
16	14678565	14678686	6166
16	14680135	14680256	4943
16	14687135	14687256	3912
16	14693727	14693848	5342
16	14697981	14698102	14828
16	14700300	14700421	6630
16	14702095	14702216	7260
16	14702886	14703007	14105
16	14704462	14704703	28450
16	14711415	14711536	10019
16	14720942	14721063	12194
16	14721098	14721219	12232
16	14722007	14722128	5197
16	14723431	14723552	5249
16	14723911	14724032	37752
16	14738123	14738514	27665
16	14742225	14742466	27837
16	14743594	14743863	25655
16	14748843	14749079	10221
16	14755714	14755955	28871
16	14758675	14758946	32791
16	14761466	14761707	25013
16	14761750	14761851	9224
16	14762079	14762180	2820
16	14766413	14766654	49926
16	14784305	14784546	65880
16	14787893	14788175	52202
16	14802739	14802980	120190
16	14809867	14810109	142145
16	14813672	14813793	77205
16	14813873	14814139	139705
16	14816981	14817222	84890
16	14818301	14818526	154967
16	14819669	14820160	41495
16	14823422	14823663	66431
16	14827011	14827293	54723
16	14841861	14842102	115253
16	14848991	14849233	142737
16	14852792	14852913	81131
16	14852993	14853259	138039
16	14856101	14856342	89353
16	14857421	14857646	156799
16	14863735	14863976	83073
16	14896915	14897015	16537
16	14914591	14914832	40389
16	14914858	14915099	39064
16	14916612	14916973	58569
16	14918447	14918568	16471
16	14927669	14927883	3265
16	14932247	14932368	14433
16	14935180	14935301	81290
16	14938519	14938641	58703
16	14940424	14940550	53956
16	14942730	14942852	47865
16	14946277	14946499	41330
16	14947271	14947512	68214
16	14947777	14947898	39634
16	14951064	14951189	19966
16	14951315	14951557	51454
16	14956835	14957077	39793
16	14958391	14958632	40692
16	14958825	14959066	59468
16	14960358	14960600	29637
16	14962387	14962508	22945
16	14965448	14965569	50141
16	14966077	14966198	51162
16	14968880	14969122	72088
16	14969176	14969298	25928
16	14970174	14970415	96859
16	14970462	14970676	93360
16	14972568	14972701	34290
16	14973814	14974055	107674
16	14975350	14975591	108548
16	14976431	14976552	38771
16	14978219	14978349	55632
16	14980607	14980729	32813
16	14982891	14983105	103163
16	14988839	14988961	47632
16	14989315	14989556	90672
16	14989643	14989772	50222
16	14989777	14990019	112181
16	14995356	14995457	16772
16	15001556	15001656	28588
16	15005073	15005174	873
16	15005423	15005544	0
16	15005705	15005826	0
16	15010864	15010985	38775
16	15011293	15011534	79173
16	15011564	15011685	39903
16	15011893	15012133	80314
16	15012286	15013007	103401
16	15013072	15013312	112050
16	15013709	15013950	14063
16	15014092	15014193	10483
16	15014597	15014790	63844
16	15015136	15015440	136124
16	15015814	15016655	264651
16	15017456	15017643	84901
16	15017833	15018013	50228
16	15018361	15018548	72064
16	15018938	15019038	63719
16	15019540	15019781	94313
16	15019819	15020180	85109
16	15020219	15020460	60596
16	15020472	15020677	63393
16	15021019	15021260	76912
16	15022189	15022439	141843
16	15023094	15023938	290312
16	15023979	15024221	86292
16	15024304	15024666	79586
16	15024713	15024954	64511
16	15025069	15025190	48424
16	15026390	15026632	137730
16	15026635	15026876	96034
16	15026906	15027147	80437
16	15027165	15027407	63918
16	15028946	15029318	188954
16	15035611	15035853	123772
16	15039419	15039540	83912
16	15039620	15039886	139658
16	15042719	15042960	82608
16	15044033	15044258	160392
16	15045401	15045892	50549
16	15069005	15069127	4107
16	15082115	15084025	255340
16	15090143	15090278	16724
16	15091585	15091706	19401
16	15092168	15092289	12034
16	15095611	15095744	17867
16	15097995	15098237	48187
16	15100224	15100465	50865
16	15102608	15102730	22370
16	15103515	15103637	10501
16	15109966	15110088	25304
16	15110939	15111061	20010
16	15111166	15111289	8350
16	15112638	15112879	42708
16	15116524	15116645	10357
16	15120470	15120591	14877
16	15122717	15122889	15129
16	15123739	15123981	44745
16	15125556	15125797	27533
16	15126625	15126896	24504
16	15127044	15127315	15911
16	15128097	15128248	10405
16	15128270	15128421	8364
16	15129296	15129420	5719
16	15129821	15130182	18030
16	15131668	15131768	6637
16	15131856	15132097	20416
16	15132421	15132554	14947
16	15133783	15133934	4791
16	15134890	15135011	5179
16	15135415	15135566	21204
16	15138136	15138287	4600
16	15141289	15141417	12510
16	15141653	15141804	15193
16	15141807	15141966	10571
16	15149726	15149847	0
16	15155560	15155801	18226
16	15157035	15157156	24525
16	15159037	15159272	37965
16	15161996	15162144	12611
16	15163897	15164139	44761
16	15164921	15165162	19256
16	15166750	15166991	34642
16	15168570	15168768	11747
16	15170354	15170520	28923
16	15173842	15173963	15409
16	15177343	15177464	11411
16	15178469	15178590	16298
16	15179471	15179592	10726
16	15179929	15180170	34798
16	15180205	15180326	17540
16	15185138	15185260	21971
16	15186356	15186481	20901
16	15187984	15188179	29888
16	15199824	15200049	148681
16	15200794	15200915	6602
16	15201119	15201360	63443
16	15204221	15204487	124957
16	15204567	15204688	64839
16	15208242	15208484	115231
16	15212725	15212967	109151
16	15219382	15219482	29859
16	15219484	15219725	73221
16	15221185	15221510	65892
16	15221527	15221769	83173
16	15221799	15222282	143426
16	15223479	15223600	61110
16	15223715	15223956	71707
16	15224003	15224364	107323
16	15224448	15224690	65558
16	15224731	15225576	264456
16	15226337	15226438	22648
16	15226532	15226773	68708
16	15227120	15227320	51474
16	15227332	15227573	63185
16	15227610	15227971	72469
16	15228009	15228250	87416
16	15229090	15229286	54957
16	15229424	15229860	112018
16	15229876	15229997	4831
16	15230394	15230635	113022
16	15230700	15231421	111475
16	15231574	15231815	72688
16	15232023	15232144	31925
16	15232174	15232415	77442
16	15232723	15232844	41064
16	15248143	15248539	0
16	15248707	15248859	913
16	15452790	15452911	27703
16	15457633	15457995	42299
16	15459138	15459363	171552
16	15460442	15460683	81507
16	15463519	15463785	127945
16	15463865	15463986	52294
16	15467514	15467756	121649
16	15474723	15474964	112500
16	15489728	15490089	3639
16	15494617	15494738	6806
16	15501634	15501999	52209
16	15528501	15528626	11036
16	15596155	15596256	5584
16	15598050	15598294	21584
16	15600211	15600381	1689
16	15601785	15601910	17408
16	15601978	15602078	9143
16	15603348	15603560	12392
16	15605525	15605755	9480
16	15609102	15609336	28409
16	15609648	15609875	13668
16	15610880	15611082	5520
16	15612332	15612465	15818
16	15612949	15613082	6843
16	15661815	15661936	8681
16	15675040	15675250	25893
16	15676992	15677113	4848
16	15680564	15680696	10831
16	15680701	15680802	8856
16	15680812	15680913	11290
16	15680998	15681099	3775
16	15681621	15681722	7916
16	15688231	15688331	6892
16	15688513	15688614	6153
16	15688889	15688990	7105
16	15689205	15689305	6340
16	15689914	15690028	7605
16	15690490	15690851	16529
16	15692674	15692915	17063
16	15694226	15694587	6042
16	15694810	15694931	6182
16	15695802	15696073	20365
16	15696347	15696625	7941
16	15697988	15698265	23930
16	15702138	15702385	15411
16	15703359	15703600	29303
16	15704777	15705018	17776
16	15705398	15705639	14404
16	15706372	15706644	22091
16	15709623	15709894	13455
16	15710817	15711088	12389
16	15711092	15711453	16034
16	15714256	15714407	6617
16	15715527	15715798	41092
16	15716764	15717005	13795
16	15718553	15718824	12588
16	15718830	15719071	10249
16	15719201	15719682	64745
16	15724153	15724394	22539
16	15725175	15725416	8856
16	15727464	15727710	19649
16	15728579	15728820	46098
16	15729494	15730215	52794
16	15732897	15733138	27262
16	15737116	15737267	3867
16	15744063	15744211	29
16	15758534	15758736	6843
16	15761077	15761339	14069
16	15771610	15771851	17740
16	15781034	15781419	28746
16	15784969	15785210	12880
16	15788006	15788221	13526
16	15790520	15790784	12751
16	15793571	15793692	18852
16	15797792	15798033	28307
16	15802621	15802742	8779
16	15808700	15808971	26271
16	15809011	15809139	7509
16	15810949	15811220	9856
16	15812099	15812305	22479
16	15813059	15813180	16158
16	15813384	15813625	30662
16	15813967	15814208	47288
16	15814650	15814921	24923
16	15815233	15815504	40211
16	15817960	15818321	21263
16	15818458	15818699	10837
16	15818705	15818859	12413
16	15820656	15820927	32177
16	15826371	15826604	22250
16	15829177	15829448	37675
16	15831240	15831511	17490
16	15832396	15832603	19263
16	15833897	15834096	24724
16	15835271	15835542	18358
16	15835561	15835802	38282
16	15838948	15839104	19295
16	15841385	15841626	23327
16	15841704	15842084	28358
16	15843862	15844211	36673
16	15847186	15847427	20975
16	15850163	15850404	36526
16	15851649	15851890	41006
16	15853357	15853628	21954
16	15854374	15854575	37825
16	15857609	15857760	11555
16	15865376	15865617	29640
16	15869922	15870043	21416
16	15872607	15872728	13756
16	15876196	15876347	5719
16	15878503	15878624	6178
16	15880280	15880401	18635
16	15880450	15880599	22384
16	15892480	15892604	7379
16	15917068	15917309	29022
16	15931755	15932119	64209
16	15961273	15961394	7471
16	15967294	15967535	13870
16	15973611	15973762	5897
16	15977842	15978083	17268
16	15982367	15982488	11890
16	16025522	16026198	56497
16	16043582	16043722	0
16	16101639	16101880	18814
16	16103544	16103815	32717
16	16108312	16108536	21132
16	16110309	16110535	36505
16	16126935	16127056	6853
16	16130273	16130514	18837
16	16138270	16138547	21278
16	16139660	16139901	32555
16	16141928	16142199	45746
16	16146565	16146686	21573
16	16149929	16150191	11344
16	16161964	16162205	34814
16	16165451	16165602	8623
16	16170150	16170271	13913
16	16173150	16173391	25997
16	16177189	16177430	38571
16	16180613	16180884	26624
16	16184232	16184473	31538
16	16192683	16192804	8729
16	16196467	16196588	11030
16	16200541	16200766	11832
16	16205214	16205455	29179
16	16208596	16208957	42911
16	16215810	16216051	15896
16	16218587	16218828	31396
16	16219656	16219778	11764
16	16225597	16225838	11993
16	16228134	16228405	20329
16	16230296	16230537	23961
16	16232166	16232437	13965
16	16234992	16235148	8178
16	16235471	16235572	4707
16	16236705	16236805	5638
16	16243952	16244108	12311
16	16244380	16244651	10616
16	16248416	16249026	55981
16	16251441	16251708	12027
16	16253298	16253450	19761
16	16255206	16255477	10628
16	16256798	16257069	17031
16	16259423	16259814	16611
16	16263455	16263726	19220
16	16267049	16267320	35619
16	16269744	16269865	9276
16	16271244	16271515	33303
16	16272587	16272858	25697
16	16276205	16276476	32328
16	16276572	16276843	27172
16	16278762	16278913	12732
16	16280933	16281084	10797
16	16282638	16282879	8629
16	16283971	16284242	12492
16	16286671	16286792	7232
16	16291841	16292078	20826
16	16295825	16296066	27462
16	16297247	16297488	22204
16	16302529	16302765	18264
16	16306011	16306132	16778
16	16308122	16308363	25300
16	16313353	16313594	37831
16	16313620	16313861	45829
16	16315375	16315736	59286
16	16317212	16317333	19769
16	16326484	16326698	3510
16	16330741	16330862	13523
16	16333669	16333790	72419
16	16337006	16337128	55554
16	16338915	16339041	49428
16	16341226	16341348	46904
16	16344775	16344997	46316
16	16345767	16346008	61469
16	16346273	16346394	34902
16	16349567	16349692	15534
16	16349818	16350060	33486
16	16355324	16355566	20308
16	16356880	16357121	19275
16	16357314	16357555	61799
16	16358846	16359088	54731
16	16360883	16361004	19071
16	16363948	16364069	41090
16	16364576	16364697	48854
16	16367533	16367775	24524
16	16367829	16367951	14261
16	16368827	16369068	98676
16	16369115	16369329	95137
16	16371217	16371350	33373
16	16372461	16372702	106557
16	16373995	16374236	106737
16	16375076	16375197	35336
16	16376863	16376993	66024
16	16379251	16379373	31881
16	16381538	16381753	96754
16	16387493	16387615	31005
16	16387969	16388210	61922
16	16388297	16388426	42398
16	16388431	16388673	84705
16	16394007	16394108	12638
16	16400209	16400309	26431
16	16403729	16403830	1534
16	16404078	16404199	0
16	16404360	16404481	0
16	16409515	16409636	42299
16	16409944	16410185	55285
16	16410215	16410336	37955
16	16410544	16410784	87380
16	16410937	16411658	116183
16	16411723	16411963	116624
16	16412360	16412601	10721
16	16412743	16412897	18591
16	16413248	16413441	88040
16	16413787	16414091	121517
16	16414465	16415306	339423
16	16416107	16416294	80315
16	16416484	16416664	56849
16	16417012	16417199	44113
16	16417589	16417689	32722
16	16418191	16418432	87262
16	16418470	16418791	77442
16	16418870	16419111	68874
16	16419123	16419328	60332
16	16419670	16419911	73168
16	16420673	16420923	85675
16	16421579	16422423	281961
16	16422464	16422706	90265
16	16422789	16423151	122939
16	16423198	16423439	54580
16	16423554	16423675	57692
16	16424877	16425119	49627
16	16425122	16425363	83858
16	16425393	16425635	89490
16	16425652	16425894	64827
16	16427433	16427805	158600
16	16434105	16434347	125623
16	16437890	16438011	54391
16	16438091	16438357	139632
16	16441192	16441433	78612
16	16442510	16442735	137782
16	16443878	16444426	56299
16	16449548	16449669	39581
16	16449977	16450218	38523
16	16450248	16450369	32736
16	16450577	16450817	83832
16	16450970	16451691	152829
16	16451756	16451997	123847
16	16452394	16452625	24353
16	16452750	16452929	31740
16	16453277	16453470	87681
16	16453816	16454120	121277
16	16454494	16455335	256182
16	16456137	16456324	85285
16	16456503	16456741	89932
16	16457012	16457199	96880
16	16457557	16459098	509566
16	16459118	16460386	407922
16	16460421	16461305	303412
16	16461398	16461639	44031
16	16462479	16462720	95436
16	16462758	16463119	110435
16	16463172	16463399	87851
16	16463411	16463612	88472
16	16463958	16464199	67729
16	16464294	16464395	18869
16	16464881	16465606	299593
16	16465763	16466005	43126
16	16466088	16466450	68303
16	16466497	16466738	59671
16	16466853	16466974	53726
16	16468170	16468656	183303
16	16468686	16468928	83340
16	16468945	16469271	76432
16	16470734	16471087	117354
16	16471277	16471446	28090
16	16477463	16477705	127078
16	16481244	16481365	60467
16	16481445	16481711	109692
16	16484556	16484797	69983
16	16485874	16486099	145877
16	16487242	16487790	56216
16	16492374	16492495	32291
16	17190006	17190367	45988
16	17196166	17196418	13624
16	17196636	17196737	6338
16	17196843	17196944	3761
16	17197032	17197133	5232
16	17197791	17197972	8992
16	17201370	17201471	8111
16	17201717	17201818	9485
16	17201968	17202069	10669
16	17202501	17202892	17585
16	17211488	17211849	30889
16	17221469	17221740	20479
16	17228279	17228640	34881
16	17232178	17232419	20712
16	17234966	17235237	17037
16	17252634	17252785	12535
16	17292018	17292289	24134
16	17294273	17294544	26292
16	17352768	17353399	47593
16	17359376	17359476	5339
16	17432003	17432414	53540
16	17451826	17451947	12631
16	17564218	17564703	1312
16	18026577	18026698	9279
16	18026817	18027058	22698
16	18141832	18141933	4726
16	18407109	18407230	27206
16	18411815	18412361	52812
16	18413504	18413729	144750
16	18414806	18415047	36463
16	18417898	18418164	129247
16	18418244	18418365	65849
16	18421913	18422155	130328
16	18428532	18428885	111153
16	18430349	18430674	70739
16	18430691	18430933	80048
16	18430963	18431449	139219
16	18432645	18432766	61179
16	18432881	18433122	67865
16	18433169	18433531	149560
16	18433614	18433856	74309
16	18434013	18434738	202657
16	18435420	18435670	85364
16	18436468	18436709	76828
16	18437056	18437256	19981
16	18437268	18437509	31887
16	18437548	18437909	49233
16	18437947	18438188	84884
16	18438691	18438791	31019
16	18439180	18439368	43772
16	18439720	18439896	52634
16	18440086	18440272	75945
16	18441073	18441914	338693
16	18442288	18442593	101235
16	18442938	18443131	84522
16	18443482	18443603	15282
16	18443778	18444019	9734
16	18444416	18444656	43928
16	18444721	18445442	105665
16	18445595	18445835	89080
16	18446043	18446164	39881
16	18446194	18446435	75831
16	18446743	18446864	37654
16	18451968	18452514	54655
16	18453657	18453882	149995
16	18454959	18455200	78633
16	18458034	18458300	129257
16	18458380	18458501	47943
16	18462057	18462299	123623
16	18468623	18468995	72931
16	18470534	18470776	56373
16	18470793	18471035	61334
16	18471065	18471306	77743
16	18471309	18471551	47258
16	18472752	18472873	56612
16	18472988	18473229	53620
16	18473276	18473638	140448
16	18473721	18473963	89572
16	18474004	18474848	273173
16	18475687	18475935	66392
16	18476282	18476442	15183
16	18476494	18476722	20573
16	18476774	18477111	5012
16	18477173	18477414	32695
16	18478254	18478495	118848
16	18478588	18479473	98798
16	18479508	18480775	115411
16	18480796	18482286	314095
16	18482694	18482882	9574
16	18483152	18483391	29324
16	18483570	18483756	85958
16	18484558	18485399	192520
16	18485773	18486078	121098
16	18486423	18486616	63618
16	18486962	18487143	4302
16	18487258	18487499	3117
16	18487896	18488137	24345
16	18488202	18488923	54744
16	18489076	18489316	77125
16	18489524	18489645	34660
16	18489675	18489916	52087
16	18490224	18490345	34466
16	18495377	18495498	0
16	18495659	18495780	0
16	18496031	18496132	754
16	18499537	18499637	31742
16	18505742	18505843	13251
16	18511175	18511417	85571
16	18511423	18511552	45151
16	18511638	18511879	70451
16	18512233	18512355	35382
16	18518095	18518310	93585
16	18520476	18520598	34392
16	18522857	18522987	70276
16	18524652	18524773	34498
16	18525613	18525854	107685
16	18527147	18527388	109638
16	18528501	18528634	37880
16	18530520	18530734	81942
16	18530781	18531022	98193
16	18531898	18532020	29308
16	18532074	18532316	114511
16	18535152	18535273	50442
16	18535781	18535902	56378
16	18538841	18538962	16973
16	18540769	18541011	63351
16	18542303	18542544	76680
16	18542737	18542978	54403
16	18544292	18544534	51938
16	18549801	18550042	62178
16	18550171	18550296	22409
16	18553477	18553598	38142
16	18553863	18554104	75634
16	18554877	18555101	65713
16	18558524	18558646	47318
16	18560833	18560959	53819
16	18562749	18562871	61153
16	18566090	18566211	74048
16	18569007	18569128	23471
16	18573188	18573400	2902
16	18582554	18582675	17918
16	18584149	18584511	53095
16	18586024	18586265	40595
16	18586291	18586532	37665
16	18591473	18591714	25899
16	18593697	18593818	21375
16	18597077	18597313	15786
16	18602406	18602647	23198
16	18603828	18604069	26969
16	18728253	18728476	481
16	18794316	18794437	3114
16	18796011	18796162	5012
16	18799363	18799484	2209
16	18800247	18800488	13254
16	18803147	18803338	4723
16	18804003	18804104	8899
16	18804136	18804237	5624
16	18804511	18804752	13607
16	18805901	18806022	6687
16	18806723	18806964	10601
16	18809155	18809456	11975
16	18809968	18810209	15827
16	18812709	18812830	33611
16	18816175	18816365	17665
16	18817315	18817553	23543
16	18817616	18817791	7086
16	18819949	18820147	12600
16	18820248	18820348	6047
16	18820469	18820587	10409
16	18820667	18820767	39472
16	18820770	18820989	180289
16	18823014	18823479	27079
16	18826428	18826669	8823
16	18826746	18826987	12635
16	18827556	18827917	21693
16	18828581	18828822	19611
16	18830778	18831019	18904
16	18839300	18839542	25276
16	18840541	18841142	32376
16	18841221	18841462	16225
16	18841494	18841735	13947
16	18844193	18844554	26528
16	18845461	18845818	14870
16	18846168	18846529	23440
16	18847234	18847574	12397
16	18847646	18847887	17567
16	18848548	18848789	20146
16	18849323	18849564	10820
16	18849612	18850061	15091
16	18850962	18851323	30975
16	18852820	18853181	58408
16	18853471	18853832	44392
16	18856680	18857041	31951
16	18858730	18858971	13467
16	18859125	18859366	27736
16	18860498	18860739	17139
16	18861238	18861479	14384
16	18861492	18861853	11090
16	18863336	18863577	11561
16	18863590	18863797	9568
16	18864865	18865226	31499
16	18865920	18866281	21623
16	18869446	18869671	55283
16	18870302	18870546	91462
16	18870829	18871071	108764
16	18871922	18872164	83174
16	18874951	18875192	67325
16	18875273	18875508	53677
16	18877898	18878140	72089
16	18879451	18879714	99755
16	18879821	18880063	116211
16	18880404	18880645	81336
16	18881124	18881365	107776
16	18881861	18882102	63171
16	18882105	18882226	27249
16	18882623	18882864	38052
16	18883465	18883709	54804
16	18883759	18884001	61041
16	18887393	18887779	109371
16	18888382	18888573	93575
16	18890747	18891109	102012
16	18893452	18893693	85826
16	18895379	18895500	36041
16	18896386	18896507	38489
16	18896804	18897046	52238
16	18900679	18900920	98982
16	18902152	18902273	20439
16	18903482	18903724	86130
16	18907330	18907571	113234
16	18908074	18908316	46019
16	18911265	18911365	13522
16	18937187	18937600	5621
16	18995357	18995478	0
16	19020404	19020795	19521
16	19027724	19027965	17610
16	19032913	19033154	40578
16	19034384	19034535	12257
16	19041497	19041738	11617
16	19046950	19047191	21634
16	19049161	19049402	28953
16	19051568	19051809	21460
16	19056143	19056384	15877
16	19056650	19056771	7377
16	19058326	19058597	22156
16	19062958	19063192	39458
16	19067790	19068061	20665
16	19070715	19070987	26840
16	19073071	19073192	9088
16	19073961	19074062	8605
16	19078871	19079169	47813
16	19080134	19080235	16142
16	19083217	19083458	18148
16	19085178	19085419	24934
16	19086991	19087232	21639
16	19088570	19088721	6526
16	19089380	19089501	7818
16	19125618	19132949	505544
16	19167169	19167290	6703
16	19167360	19167481	11877
16	19179914	19180035	17336
16	19183874	19183974	2821
16	19183999	19184150	12118
16	19184709	19184945	15607
16	19191635	19191906	16016
16	19194798	19195519	57191
16	19204667	19204768	7942
16	19217495	19217660	7419
16	19222884	19223040	13085
16	19234305	19234546	25927
16	19235961	19236202	25153
16	19261262	19261372	7084
16	19278178	19278513	20173
16	19297156	19297277	8207
16	19309956	19310197	17998
16	19315144	19315265	6655
16	19315340	19315581	10363
16	19318811	19319052	10633
16	19320304	19320425	16613
16	19451303	19452174	40260
16	19455366	19455607	20643
16	19460836	19460963	9235
16	19461427	19461527	8733
16	19468002	19468363	20303
16	19471515	19471666	9612
16	19473805	19473906	762
16	19474584	19474735	5213
16	19475010	19475401	24516
16	19477358	19477599	43174
16	19480953	19481194	19987
16	19483351	19483607	16881
16	19485401	19485642	27814
16	19488739	19488860	16540
16	19490710	19490861	18978
16	19492678	19492799	11861
16	19498243	19498364	20227
16	19498430	19498699	31112
16	19501682	19501923	41128
16	19503419	19503574	10299
16	19505544	19505698	15013
16	19508402	19508523	10957
16	19509173	19509324	9355
16	19514744	19514985	20114
16	19516187	19516428	12574
16	19518993	19519114	5157
16	19522151	19522276	5974
16	19528302	19528543	26215
16	19532974	19533335	5585
16	19537130	19537230	4754
16	19539152	19539391	18799
16	19543680	19543921	28902
16	19547244	19548925	79318
16	19551922	19552163	8376
16	19553146	19553417	8628
16	19553891	19554132	14621
16	19554136	19554377	15509
16	19556078	19556230	3819
16	19556352	19556593	15078
16	19557114	19557235	907
16	19557703	19557854	9238
16	19559245	19559396	4708
16	19559818	19559939	3357
16	19562494	19562615	3389
16	19566785	19567119	16227
16	19576161	19576282	6697
16	19580678	19580949	20989
16	19584380	19584621	13907
16	19586370	19586491	6202
16	19590350	19590471	9532
16	19592759	19593030	16366
16	19603092	19603213	4646
16	19612924	19613075	7996
16	19619486	19619607	8723
16	19620228	19620379	9128
16	19621629	19621750	8045
16	19627413	19627534	9772
16	19627947	19628262	56915
16	19637471	19637618	8221
16	19639006	19639137	13497
16	19639895	19640086	8648
16	19641054	19641175	9784
16	19644392	19644513	13514
16	19648896	19649018	8031
16	19651288	19651439	7150
16	19653696	19653817	2646
16	19656178	19656299	9967
16	19659093	19659214	33601
16	19661651	19661802	13503
16	19663233	19663474	29861
16	19680400	19680671	12504
16	19693478	19693749	18703
16	19702582	19702853	14720
16	19710775	19711016	10746
16	19711687	19711808	6187
16	19717664	19717765	10092
16	19718176	19718567	31909
16	19721808	19721929	9208
16	19722666	19722787	29995
16	19725398	19726382	98449
16	19729536	19729838	6831
16	19741692	19741843	10691
16	19744933	19745204	23422
16	19746662	19746783	4969
16	19775141	19775262	6436
16	19775334	19775455	4119
16	19800110	19800261	4991
16	19838312	19838469	7027
16	19867778	19867899	14677
16	19868666	19868864	11258
16	19870501	19870602	9096
16	19871151	19871251	5390
16	19871617	19871717	5240
16	19871754	19871903	8695
16	19873075	19873346	15719
16	19883081	19884192	157881
16	20043042	20044003	108633
16	20084753	20084994	18843
16	20322512	20322633	14147
16	20325939	20326060	10720
16	20327228	20327379	10123
16	20328525	20328737	7567
16	20329448	20329809	55294
16	20330894	20331135	65284
16	20331568	20331809	17515
16	20334154	20334311	10022
16	20334656	20334757	5535
16	20335116	20335597	27157
16	20337645	20337766	3942
16	20344538	20344726	8803
16	20346742	20346893	7320
16	20347917	20348068	20252
16	20348572	20348804	13037
16	20352403	20352715	27489
16	20355298	20355539	15588
16	20357400	20357671	15666
16	20359535	20359662	8012
16	20359724	20360565	42829
16	20361080	20361201	13356
16	20361959	20362080	18648
16	20370553	20370904	43771
16	20371843	20371994	11029
16	20373693	20373934	21966
16	20376680	20376921	24476
16	20380761	20381032	23474
16	20384065	20384306	20810
16	20384324	20384454	16821
16	20386094	20386332	15133
16	20387335	20387576	19129
16	20395918	20396189	34149
16	20410370	20410641	20697
16	20422787	20423028	37793
16	20429334	20429605	19182
16	20430532	20430773	10746
16	20432530	20432733	11306
16	20435193	20435434	29810
16	20439088	20439209	7864
16	20440940	20441181	37202
16	20442263	20442414	24448
16	20442531	20442653	11507
16	20448316	20448557	35730
16	20448578	20448699	16165
16	20451060	20451297	28649
16	20451646	20451767	10925
16	20455897	20456018	54034
16	20456029	20456150	44691
16	20471403	20471645	28163
16	20476822	20477064	44162
16	20480816	20481054	23113
16	20482345	20482586	22113
16	20482813	20483054	51666
16	20486662	20486783	14407
16	20486912	20487183	19583
16	20488669	20488791	14123
16	20489887	20490009	12768
16	20491837	20492078	30634
16	20492132	20492253	14078
16	20494318	20494559	61661
16	20497856	20498010	24247
16	20548540	20548722	39607
16	20551914	20552155	50203
16	20554217	20554345	19228
16	20554399	20554640	46502
16	20556468	20556590	11133
16	20557694	20557816	9781
16	20559294	20559565	17617
16	20559694	20559815	17144
16	20563421	20563662	42605
16	20565049	20565290	23350
16	20566576	20566814	23332
16	20570542	20570783	24667
16	20575957	20576199	28884
16	20594382	20594503	47042
16	20594512	20594633	53838
16	20598760	20598882	11899
16	20599231	20599468	21824
16	20601832	20601953	12074
16	20603645	20603746	13059
16	20603887	20604008	18064
16	20605122	20605333	22080
16	20634789	20634910	15860
16	20635335	20635597	63807
16	20636703	20636854	18294
16	20638453	20638694	17814
16	20647997	20648238	11471
16	20648455	20648576	7933
16	20648671	20648792	13026
16	20651773	20651964	19399
16	20673094	20673215	4043
16	20681107	20681348	19566
16	20682801	20683042	27966
16	20693560	20693801	16745
16	20696498	20696739	42400
16	20702293	20702534	28894
16	20745579	20745680	5737
16	20748179	20748644	73915
16	20748972	20749363	21994
16	20750184	20750425	24211
16	20752821	20753071	10669
16	20781344	20781585	11669
16	20787114	20787385	19438
16	20788677	20788918	8607
16	20791950	20792191	16169
16	20792252	20792493	24891
16	20793008	20793129	9207
16	20796246	20796487	16882
16	20797378	20797574	15567
16	20800778	20800899	16370
16	20801898	20802020	11876
16	20802121	20802272	6703
16	20803266	20803507	26599
16	20803516	20803667	15505
16	20807630	20807871	12435
16	20808189	20808405	16715
16	20808996	20810437	106052
16	20810567	20810688	5680
16	20811258	20811379	4531
16	20811612	20811734	9070
16	20812481	20812722	10835
16	20814060	20814274	12194
16	20814735	20814856	9326
16	20814897	20815018	4197
16	20817679	20817800	18798
16	20818223	20818464	13333
16	20824502	20824634	19532
16	20826190	20826431	45873
16	20827394	20827545	4908
16	20833032	20833372	34873
16	20835706	20835947	20524
16	20837091	20837332	17585
16	20838327	20838568	18676
16	20838660	20838781	11937
16	20839746	20839869	13798
16	20843438	20843591	4689
16	20844233	20844504	24196
16	20851037	20851191	29980
16	20851600	20851841	13980
16	20855240	20855361	8441
16	20855937	20856178	11133
16	20856318	20856589	13272
16	20857450	20857721	32033
16	20860700	20860821	4929
16	20866209	20866310	13451
16	20869376	20869539	12688
16	20869554	20869655	8685
16	20869888	20870034	7402
16	20870036	20870137	4899
16	20870322	20870434	4260
16	20870447	20870548	3922
16	20870568	20870792	9472
16	20870863	20870964	6500
16	20870991	20871134	8656
16	20871148	20871744	26575
16	20873403	20873884	60003
16	20911527	20911747	1424
16	20926835	20927076	8402
16	20931428	20931549	10661
16	20935267	20935521	12675
16	20944441	20944839	49556
16	20946587	20946858	15895
16	20947951	20948192	16881
16	20952642	20952913	22863
16	20955750	20956021	23399
16	20959760	20960001	11074
16	20963661	20963932	25734
16	20966045	20966429	17091
16	20970491	20970736	26155
16	20974595	20976757	205357
16	20981091	20981332	32436
16	20986524	20986765	37996
16	20990638	20990879	15761
16	20994018	20994259	10506
16	20996326	20997077	58619
16	20998577	20998818	24875
16	20998971	20999445	23883
16	21008573	21008814	10591
16	21011511	21011872	47892
16	21014416	21014539	8168
16	21030887	21031248	51761
16	21033237	21033477	11783
16	21035908	21036033	10822
16	21038337	21038459	3636
16	21042306	21042667	18807
16	21045286	21045417	7153
16	21047981	21048222	24592
16	21049071	21049312	23929
16	21051128	21051279	9523
16	21053285	21053556	21106
16	21060880	21061013	7183
16	21061193	21061349	7006
16	21062938	21063209	24037
16	21065676	21065917	10759
16	21069370	21069527	15597
16	21071569	21071690	3862
16	21073782	21074023	12069
16	21078520	21078791	19144
16	21080704	21080945	19389
16	21081967	21082193	20919
16	21086703	21086944	13954
16	21092911	21093062	11152
16	21098154	21098395	31588
16	21108626	21108867	22281
16	21109892	21110133	14542
16	21115715	21115956	24225
16	21117781	21118019	29128
16	21122914	21123155	23018
16	21123304	21123429	7877
16	21128470	21128711	8143
16	21131996	21132237	24696
16	21133234	21133475	12117
16	21136442	21136713	12337
16	21138919	21139190	15264
16	21145526	21145797	13997
16	21147618	21147859	23518
16	21151822	21152063	51780
16	21152595	21152716	10368
16	21156463	21156737	46409
16	21157295	21157419	7301
16	21161570	21161691	4544
16	21170552	21170823	17285
16	21172460	21172611	7560
16	21181720	21181961	70253
16	21185278	21185495	28681
16	21190745	21190896	17230
16	21208720	21208991	12821
16	21209067	21209188	10939
16	21210080	21210201	14957
16	21210847	21211251	35299
16	21212663	21212904	15588
16	21212967	21213208	8231
16	21213237	21213358	9139
16	21213397	21213638	13709
16	21214387	21214628	5064
16	21215320	21215561	38689
16	21215585	21215736	15206
16	21216701	21216942	40588
16	21217012	21217133	7099
16	21218083	21218354	23117
16	21220937	21221058	18394
16	21221410	21221531	13306
16	21222580	21222731	7439
16	21222746	21222985	14438
16	21235683	21235952	14747
16	21244989	21245260	21665
16	21260995	21262196	90672
16	21270072	21270193	5933
16	21272525	21272676	20996
16	21273267	21273538	7357
16	21278845	21279086	28870
16	21281070	21281222	5178
16	21286822	21286943	6511
16	21288677	21288948	29418
16	21289393	21289610	25566
16	21327200	21327351	13263
16	21328136	21328497	25664
16	21328908	21329008	3517
16	21349776	21349893	10492
16	21350241	21350359	7940
16	21358422	21358663	33917
16	21360654	21360775	32476
16	21363379	21363538	28807
16	21365503	21365604	7080
16	21387907	21388059	13331
16	21388062	21388186	13572
16	21391450	21391574	19805
16	21393392	21393753	76377
16	21396868	21397272	27530
16	21413595	21416683	504051
16	21417827	21418069	170115
16	21419128	21419369	75672
16	21422205	21422472	169014
16	21422551	21422672	84014
16	21426220	21426462	92692
16	21436238	21436479	112888
16	21458335	21458577	74079
16	21459207	21459451	121216
16	21459734	21459976	194009
16	21460839	21461084	163927
16	21463882	21464123	101184
16	21464202	21464444	81180
16	21465363	21465605	119299
16	21466603	21466866	107264
16	21466973	21467215	152443
16	21467559	21467800	91422
16	21468280	21468524	134792
16	21469021	21469262	58082
16	21469265	21469386	34729
16	21469780	21469993	63530
16	21471057	21471298	91485
16	21471355	21471596	106662
16	21475017	21475378	156921
16	21475966	21476157	124419
16	21478343	21478705	137760
16	21481019	21481273	143090
16	21482962	21483083	96021
16	21483968	21484089	51792
16	21484353	21484627	100540
16	21487905	21488146	116400
16	21489378	21489499	20380
16	21490705	21490948	88530
16	21494909	21495150	145995
16	21495652	21495894	73746
16	21498867	21498968	13683
16	21513207	21513307	3973
16	21517363	21517463	10388
16	21531020	21531686	206153
16	21544216	21544457	80629
16	21547975	21548216	68161
16	21548270	21548391	31322
16	21558695	21558816	9734
16	21559137	21559340	26880
16	21561513	21561844	170174
16	21610925	21611229	1254
16	21623956	21624180	19381
16	21629169	21629410	18870
16	21636192	21636463	23791
16	21637078	21637178	11023
16	21652823	21652944	8320
16	21654373	21654494	6579
16	21654832	21654953	7471
16	21655572	21655727	4949
16	21658392	21658873	50453
16	21663824	21663975	10140
16	21666528	21666770	20581
16	21666865	21666966	5301
16	21667021	21667121	3540
16	21689819	21689940	16398
16	21690188	21690431	24385
16	21690457	21690578	7134
16	21693041	21693162	12995
16	21695726	21695909	21677
16	21696465	21696736	18207
16	21698724	21698979	28680
16	21702895	21703018	7517
16	21709086	21709208	7498
16	21712127	21712400	16353
16	21716266	21716404	13259
16	21716457	21716671	21755
16	21721165	21721436	32036
16	21726238	21726509	31608
16	21728146	21728417	20383
16	21730391	21730542	8808
16	21730678	21730886	31165
16	21734201	21734322	13587
16	21737790	21738031	13543
16	21739535	21739776	38437
16	21742143	21742264	16541
16	21747525	21747766	30790
16	21752014	21752255	57404
16	21756158	21756375	71910
16	21758599	21758720	28815
16	21763205	21763436	87015
16	21763636	21763877	176414
16	21764335	21764456	22163
16	21768379	21768620	10768
16	21771764	21771885	31175
16	21806624	21806725	18542
16	21809041	21809244	19094
16	21810941	21811183	41555
16	21811971	21812212	17281
16	21813896	21814062	22083
16	21817439	21817560	14228
16	21820940	21821061	11984
16	21822066	21822187	7205
16	21823069	21823195	5185
16	21823575	21823791	41711
16	21823826	21823947	20201
16	21828749	21828871	22978
16	21829908	21830089	33377
16	21831579	21831794	32175
16	21846029	21849134	589731
16	21850278	21850520	179243
16	21851579	21851820	74771
16	21854657	21854924	144540
16	21855003	21855124	68758
16	21858676	21858918	127410
16	21868518	21868759	112283
16	21890616	21890837	100812
16	21891467	21891711	124645
16	21891994	21892236	191067
16	21893096	21893337	50220
16	21896124	21896365	86323
16	21896444	21896686	59128
16	21897606	21897848	98030
16	21898844	21899107	110378
16	21899214	21899456	163417
16	21899800	21900041	110244
16	21900521	21900765	122300
16	21901262	21901503	68020
16	21901506	21901627	32337
16	21902021	21902236	51098
16	21902869	21903110	67278
16	21903167	21903408	77661
16	21906791	21907177	117468
16	21907765	21907956	119067
16	21910138	21910500	120005
16	21912814	21913068	187089
16	21914757	21914878	48399
16	21915763	21915884	51024
16	21916148	21916422	97578
16	21919698	21919939	126281
16	21921171	21921292	30511
16	21922498	21922741	127376
16	21926398	21926639	156039
16	21927141	21927383	66361
16	21927754	21927855	19733
16	21943995	21944116	29357
16	21964699	21964820	6038
16	21968536	21968657	8119
16	21968691	21968932	14626
16	21969796	21969947	12949
16	21973747	21973868	18478
16	21974022	21974263	18544
16	21976716	21976837	5916
16	21979916	21980037	14164
16	21982832	21982953	20040
16	21983222	21983463	14194
16	21985165	21985316	15149
16	21987464	21987585	6590
16	21991793	21992064	23238
16	21994308	21994523	7943
16	21995513	21996024	71780
16	21999896	22000137	20766
16	22002459	22002560	3921
16	22006520	22006621	2034
16	22007642	22007822	36804
16	22012302	22012403	17590
16	22019622	22019728	8083
16	22075679	22075800	4140
16	22086792	22087033	8276
16	22092016	22092201	5535
16	22094948	22095189	29143
16	22103904	22104025	5780
16	22108161	22108282	13515
16	22108833	22109074	15851
16	22111455	22111871	30543
16	22114761	22114882	7631
16	22120790	22120959	14084
16	22122140	22122381	16148
16	22126609	22126850	9701
16	22128012	22128253	26865
16	22128403	22128524	15146
16	22130164	22130405	26504
16	22130441	22130562	6644
16	22132235	22132476	10784
16	22132775	22133006	21720
16	22134384	22134505	9566
16	22134775	22134876	12766
16	22134919	22135040	21634
16	22137437	22137678	28007
16	22142501	22142622	15069
16	22142856	22143097	19716
16	22144197	22144438	36164
16	22145662	22145783	5767
16	22149635	22149876	20826
16	22151458	22151579	3166
16	22152836	22153077	18186
16	22153976	22154097	7364
16	22155515	22155756	14446
16	22157489	22157730	12422
16	22158866	22158987	3675
16	22159433	22159674	21804
16	22161058	22161301	27240
16	22161970	22162211	35052
16	22163772	22164013	14396
16	22166875	22166996	7212
16	22167136	22167257	4187
16	22176934	22177792	81666
16	22178211	22178332	8087
16	22180733	22180854	6817
16	22182128	22182332	19095
16	22183553	22183674	7234
16	22189430	22189551	4027
16	22192796	22193028	30660
16	22193504	22193625	16005
16	22195472	22195593	12701
16	22198017	22198138	9022
16	22201441	22201714	18865
16	22236992	22237353	26033
16	22255909	22256061	8876
16	22260014	22260165	10719
16	22261902	22262053	14084
16	22262406	22262677	14183
16	22268022	22268263	14665
16	22268518	22268759	15065
16	22268906	22269147	10466
16	22269794	22270035	9121
16	22271725	22271876	14557
16	22274378	22274529	12946
16	22276108	22276229	7521
16	22277626	22277897	22164
16	22277951	22278222	27470
16	22284857	22285128	31393
16	22291486	22291727	19379
16	22295198	22295381	9735
16	22296333	22296433	6109
16	22296955	22297055	1854
16	22314216	22314367	13359
16	22316410	22316561	13779
16	22319446	22319567	12834
16	22320182	22320423	24548
16	22320698	22320849	7735
16	22324903	22325058	19105
16	22325333	22325484	30237
16	22326348	22326589	19045
16	22327873	22328024	11270
16	22328246	22328541	37709
16	22330085	22330283	15555
16	22334120	22334271	16535
16	22335613	22336022	42303
16	22336465	22336616	8273
16	22337039	22337698	95485
16	22339808	22339929	5183
16	22343322	22343563	41443
16	22344931	22345052	12645
16	22345145	22345245	10903
16	22357215	22357316	3402
16	22357331	22357432	1053
16	22357670	22357771	4961
16	22358233	22359194	79442
16	22360530	22360801	15422
16	22360974	22361215	26365
16	22376213	22376345	11872
16	22385540	22385667	14352
16	22391084	22391205	7479
16	22393756	22393906	7206
16	22436280	22436380	8757
16	22441079	22441313	43293
16	22444017	22444225	15695
16	22445918	22446159	38797
16	22446946	22447188	22142
16	22448296	22448813	11917
16	22465983	22466225	64347
16	22466727	22466968	147143
16	22470625	22470868	129156
16	22472074	22472195	51745
16	22473427	22473668	121025
16	22476955	22477229	105054
16	22477493	22477614	55186
16	22478499	22478620	44879
16	22480309	22480563	60400
16	22482879	22483241	141831
16	22485425	22485616	138496
16	22486204	22486584	132382
16	22489955	22490196	100295
16	22490253	22490494	95963
16	22491550	22491763	80122
16	22492157	22492278	58537
16	22492281	22492522	127236
16	22493019	22493263	136301
16	22493743	22493984	107052
16	22494328	22494570	159791
16	22494677	22494940	110729
16	22495938	22496180	121981
16	22497100	22497342	90226
16	22497421	22497662	108566
16	22500460	22500705	150592
16	22501568	22501810	188745
16	22502093	22502337	120045
16	22502967	22503131	75037
16	22509030	22509130	18198
16	22525061	22525302	114088
16	22535083	22535325	88134
16	22536049	22536149	12179
16	22538875	22538996	87925
16	22539075	22539342	183381
16	22542190	22542431	76328
16	22543490	22543732	179106
16	22544876	22547716	654432
16	22558269	22558390	25965
16	22563648	22563881	55308
16	22568136	22568377	58426
16	22572281	22572498	75140
16	22574722	22574843	16943
16	22579333	22579564	83944
16	22579774	22580015	150499
16	22580473	22580594	24392
16	22584519	22584760	10735
16	22587906	22588027	23793
16	22825863	22826438	16376
16	22828412	22828513	2082
16	22926182	22926933	42160
16	22927499	22927679	17478
16	23072820	23072921	5925
16	23073287	23073388	9196
16	23073681	23073781	7539
16	23074185	23074285	5170
16	23074799	23074925	4266
16	23075415	23075516	6715
16	23076851	23076952	5356
16	23077624	23077724	3846
16	23078517	23078618	8212
16	23078751	23078904	8896
16	23079074	23079201	13316
16	23079248	23080991	137713
16	23083320	23083669	23409
16	23085000	23085344	12926
16	23091245	23091516	10334
16	23093697	23093938	12566
16	23096094	23096365	26215
16	23096883	23097004	6864
16	23098403	23098531	4483
16	23099035	23099166	3821
16	23101913	23102154	28967
16	23113590	23113831	11238
16	23116708	23116949	17152
16	23117488	23117639	13020
16	23117702	23117823	6289
16	23119284	23119555	10560
16	23159949	23160601	4100
16	23197539	23197930	20332
16	23200630	23201021	36457
16	23203646	23203887	18017
16	23205482	23205605	1631
16	23208545	23208786	16231
16	23221028	23221179	6389
16	23223292	23223533	18227
16	23223976	23224246	23901
16	23224392	23224513	10617
16	23226009	23226130	8750
16	23226358	23226839	38545
16	23315250	23315491	17802
16	23334836	23334937	7544
16	23359864	23360255	27482
16	23364047	23364438	27429
16	23366563	23366834	21520
16	23379167	23379290	20177
16	23382580	23382821	19852
16	23383059	23383214	18072
16	23386996	23387237	28398
16	23388432	23388583	15457
16	23388617	23388738	8837
16	23389996	23390117	8388
16	23391391	23391512	12130
16	23391660	23392201	34485
16	23400202	23400443	31039
16	23403651	23403892	27604
16	23404489	23404730	14769
16	23406850	23406951	8328
16	23407427	23407530	14539
16	23409347	23409468	7082
16	23410498	23410621	4117
16	23414507	23414607	2634
16	23414963	23415204	11880
16	23417368	23417609	14177
16	23421557	23421708	12386
16	23424705	23424946	18204
16	23428243	23428484	15417
16	23429137	23429237	2754
16	23429963	23430204	9229
16	23436047	23436288	9310
16	23444805	23445046	15975
16	23445936	23446057	9248
16	23453730	23454001	14386
16	23456305	23456546	18656
16	23457086	23457327	18163
16	23464109	23464350	24920
16	23476645	23476745	12527
16	23478193	23478293	10756
16	23478354	23478563	9525
16	23478767	23478868	7001
16	23478901	23479031	9676
16	23480197	23480327	2377
16	23481280	23481521	9751
16	23486152	23486423	12579
16	23489604	23489875	19157
16	23490156	23490277	4506
16	23490995	23491266	10578
16	23491877	23492148	10878
16	23494193	23494344	9043
16	23497266	23497524	17419
16	23497979	23498130	14258
16	23499887	23500040	19969
16	23502967	23503139	11926
16	23504668	23504789	6593
16	23505570	23505721	8028
16	23506995	23507116	6435
16	23521576	23521742	0
16	23535642	23535793	12365
16	23536447	23536752	26623
16	23540766	23541261	32232
16	23543940	23544096	5449
16	23546199	23546691	39522
16	23555808	23556049	8443
16	23563426	23563667	12098
16	23568382	23569126	18271
16	23569234	23569610	9446
16	23570771	23571012	7890
16	23573468	23573619	9413
16	23573936	23574061	4515
16	23578287	23578408	4102
16	23581764	23582003	20275
16	23582006	23582107	8278
16	23582272	23582438	12515
16	23582451	23582618	17791
16	23582893	23583081	10623
16	23583315	23583462	13235
16	23583951	23584051	4548
16	23584924	23585025	12051
16	23585475	23585673	19153
16	23592334	23592435	3485
16	23593589	23593710	3869
16	23596639	23596760	5984
16	23598427	23598698	19184
16	23607406	23607647	3972
16	23614733	23615004	12287
16	23619137	23619378	15143
16	23625307	23625428	8026
16	23632673	23632867	11015
16	23634249	23634490	20771
16	23635311	23635432	2339
16	23637516	23637757	14382
16	23640499	23640620	5549
16	23640924	23641800	76598
16	23646173	23647665	132960
16	23649160	23649283	12839
16	23649329	23649480	10509
16	23652393	23652514	13224
16	23652826	23652947	19302
16	23654248	23654369	10066
16	23669765	23670006	33449
16	23672481	23672612	16102
16	23676906	23677059	11227
16	23678355	23678476	6148
16	23680347	23680447	8031
16	23690132	23690697	30525
16	23691367	23691608	18698
16	23692155	23692426	13716
16	23693370	23693491	6866
16	23695149	23695420	20503
16	23698716	23698987	33057
16	23699966	23700087	13800
16	23700514	23700755	27407
16	23700784	23701025	18969
16	23701131	23701402	26868
16	23701435	23701556	8787
16	23702106	23702377	23572
16	23702392	23702804	46398
16	23703196	23703698	32598
16	23705997	23706268	25272
16	23706328	23706449	7639
16	23706464	23706735	15390
16	23707165	23707316	18580
16	23711791	23712062	37570
16	23712206	23712477	16616
16	23713382	23713904	18472
16	23713922	23714043	7167
16	23716124	23716515	39758
16	23717640	23717762	13205
16	23718037	23718192	9279
16	23718302	23718423	6719
16	23721467	23721588	12225
16	23721762	23721913	14886
16	23722224	23722349	13030
16	23724352	23724713	2579
16	23766342	23766463	2083
16	23766926	23767077	15755
16	23767116	23767267	14425
16	23767297	23767568	18546
16	23767678	23767799	10201
16	23768431	23768702	18437
16	23768786	23768937	17963
16	23847253	23847354	0
16	23847437	23847702	8953
16	23848620	23848771	11375
16	23857111	23857211	3705
16	23987948	23988049	25459
16	23999810	23999931	9559
16	24043447	24043578	4384
16	24046682	24046923	11045
16	24104068	24104309	25444
16	24105429	24105670	19057
16	24124244	24124400	8271
16	24135107	24135348	34339
16	24165970	24166211	19152
16	24183545	24183696	18340
16	24185778	24185929	18756
16	24192058	24192299	24247
16	24196410	24196531	18655
16	24196771	24196898	6502
16	24202359	24202600	18932
16	24225936	24226206	15007
16	24226217	24226318	5525
16	24226515	24226616	6729
16	24226861	24227108	11188
16	24231236	24231477	24916
16	24268059	24268300	20170
16	24358035	24358156	9885
16	24366072	24366343	10047
16	24372627	24373228	33707
16	24373678	24373779	15290
16	24550883	24550983	351
16	24551385	24551486	1127
16	24551909	24552150	27883
16	24557472	24557593	11353
16	24560222	24560361	4621
16	24564794	24564915	6832
16	24566888	24567039	15488
16	24567128	24567249	6417
16	24567577	24567818	8522
16	24569741	24569855	6350
16	24570790	24571031	31232
16	24572923	24573046	4595
16	24573102	24573493	16992
16	24574487	24574638	13146
16	24574696	24574847	6856
16	24574896	24575017	10910
16	24576090	24576211	4815
16	24578423	24578854	51313
16	24579072	24579224	5814
16	24580041	24583973	188249
16	24674112	24674720	27703
16	24675214	24675325	1598
16	24676158	24676346	9211
16	24682241	24682341	7323
16	24741089	24741224	669
16	24741547	24741714	11545
16	24761935	24762238	25564
16	24769609	24769730	9854
16	24788183	24788696	57295
16	24800524	24803165	147361
16	24804760	24805001	11849
16	24805831	24806072	22014
16	24807193	24807321	15959
16	24808789	24808910	11185
16	24809200	24809321	11547
16	24815447	24815688	7678
16	24815947	24816218	20911
16	24816282	24816523	17637
16	24816868	24817075	16688
16	24817504	24817625	8712
16	24817878	24818119	22542
16	24820615	24820856	13222
16	24826425	24826703	24167
16	24828085	24828326	18268
16	24829904	24830031	10700
16	24831449	24831691	16962
16	24833341	24833492	19046
16	24834143	24834384	15994
16	24834699	24835180	40495
16	24835219	24835387	10398
16	24835473	24835636	20455
16	24835772	24836004	20470
16	24836017	24836266	8202
16	24836361	24836594	14884
16	24836633	24836807	11496
16	24836892	24837108	10017
16	24837194	24837543	18420
16	24869880	24870151	27682
16	24873896	24874017	10940
16	24881212	24881336	9245
16	24883449	24883570	16662
16	24886908	24887062	9641
16	24888540	24888694	13078
16	24895320	24895471	6244
16	24902141	24902412	9094
16	24909227	24909482	15748
16	24917940	24918095	8231
16	24918299	24918540	18070
16	24919216	24919487	35345
16	24920158	24920429	38981
16	24921591	24921832	23091
16	24922600	24922871	12111
16	24922888	24922989	3110
16	24930731	24930832	4524
16	24930919	24931097	11155
16	24931162	24931263	13369
16	24931364	24931635	22637
16	24938978	24939079	8527
16	24940907	24941008	2881
16	24942023	24942735	75323
16	24946754	24947019	22832
16	24950675	24950980	17524
16	24953234	24953505	20397
16	24955076	24955197	5331
16	24958793	24958926	6772
16	24960703	24960824	3504
16	24963589	24963710	9479
16	24964216	24964373	8211
16	24965836	24966107	11468
16	24970971	24971092	7087
16	24971204	24971325	6343
16	24975508	24975639	14535
16	24979618	24979769	13884
16	24979946	24980103	6235
16	24981773	24981924	18506
16	24988526	24988650	3270
16	24990245	24990366	13791
16	25026460	25026606	400
16	25043163	25043559	65580
16	25066102	25066342	59325
16	25123024	25123385	93916
16	25137247	25137488	69666
16	25139780	25139903	11107
16	25143372	25143493	8835
16	25143662	25143903	34785
16	25151468	25151589	7002
16	25162844	25162967	7358
16	25172031	25172170	24103
16	25172353	25172593	14094
16	25175857	25176098	18458
16	25180362	25180603	18479
16	25182019	25182140	15442
16	25186245	25186366	6179
16	25189271	25189392	10317
16	25228311	25228822	45969
16	25232689	25232960	23852
16	25235668	25235909	12423
16	25238334	25238575	49822
16	25239727	25239848	4364
16	25248302	25248402	5139
16	25250386	25250487	5996
16	25251116	25252077	89630
16	25255050	25255648	53205
16	25257998	25258729	97299
16	25263141	25263412	21204
16	25264221	25264372	2727
16	25266498	25266739	10923
16	25267977	25268488	47482
16	25703729	25704504	8439
16	25712431	25712531	9693
16	25719796	25719896	10362
16	25944638	25944759	6041
16	26036544	26036645	1194
16	26145208	26145308	11486
16	26146889	26147610	36089
16	26658184	26658285	5115
16	27078093	27080487	120260
16	27215404	27215505	11570
16	27221362	27221993	48858
16	27222440	27222541	4467
16	27224837	27225108	28798
16	27226161	27226382	20380
16	27227196	27227347	14779
16	27230205	27230476	19800
16	27231668	27231819	14329
16	27231847	27232088	21858
16	27236456	27236577	11232
16	27236985	27237226	15872
16	27237947	27238218	26471
16	27244273	27244492	31309
16	27245486	27245607	6939
16	27246438	27246679	10303
16	27268702	27268943	21558
16	27279986	27280109	10749
16	27351498	27351619	14932
16	27352285	27352531	17520
16	27353359	27353630	30154
16	27356114	27356385	39670
16	27357712	27357983	26557
16	27363817	27364058	25750
16	27366297	27366397	6277
16	27367117	27367238	11306
16	27370184	27370335	12732
16	27371036	27371191	7152
16	27372020	27372171	19521
16	27373490	27375201	119504
16	27414466	27414567	7295
16	27441355	27441476	8958
16	27445627	27445780	8445
16	27448757	27449028	19292
16	27454238	27454479	20197
16	27455830	27456071	21839
16	27456486	27456607	15782
16	27457277	27457428	3240
16	27459808	27460649	78973
16	27472625	27472896	25712
16	27473589	27473830	17426
16	27474796	27474947	10885
16	27475631	27476198	59732
16	27476509	27476900	28836
16	27480560	27480921	53681
16	27481361	27481752	31852
16	27483003	27483274	27512
16	27487757	27487878	7454
16	27489759	27489880	8005
16	27492390	27492522	9112
16	27494344	27494465	7478
16	27495481	27495722	24102
16	27497275	27497516	23724
16	27499520	27499761	19311
16	27499824	27499975	9932
16	27500280	27500551	14728
16	27500872	27501113	15251
16	27503626	27503867	19170
16	27503894	27504045	11604
16	27504507	27504628	9986
16	27506035	27506276	11535
16	27506461	27506852	25891
16	27508928	27509169	27365
16	27509911	27510064	11496
16	27512467	27512708	9302
16	27514170	27514367	23198
16	27517207	27517448	28289
16	27518111	27518502	57516
16	27519797	27520038	22131
16	27523024	27523265	19849
16	27539859	27540100	11840
16	27544568	27544719	8481
16	27549055	27549296	22880
16	27549437	27549708	9256
16	27556618	27556859	19786
16	27560979	27561221	23703
16	27561409	27561554	17622
16	27585158	27585309	8924
16	27604152	27604252	408
16	27629722	27629843	7233
16	27639945	27640186	16969
16	27642373	27642494	7679
16	27643872	27643973	2449
16	27659869	27660110	23062
16	27665871	27666112	52399
16	27689002	27689363	17258
16	27692634	27692905	26433
16	27709583	27709854	7449
16	27710826	27710947	2217
16	27712900	27713026	5285
16	27715176	27715329	7556
16	27720012	27720253	12578
16	27732826	27733067	22521
16	27738418	27738613	16075
16	27751320	27752281	41875
16	27760814	27761685	40313
16	27763021	27763262	12783
16	27765441	27765592	19079
16	27772701	27772942	8576
16	27777591	27777832	14778
16	27781109	27781380	24741
16	27782879	27783000	12984
16	27784410	27784540	6988
16	27786214	27786455	16239
16	27788208	27788360	22352
16	27788921	27789130	13382
16	27789154	27789305	8368
16	27789831	27789982	12838
16	27802648	27802799	15614
16	27818780	27818901	1413
16	27835159	27835259	1805
16	27840042	27840313	20623
16	27856235	27856392	13642
16	27895787	27895960	11892
16	27917767	27917867	10373
16	27974439	27974560	9330
16	28073685	28073924	18036
16	28074387	28074775	0
16	28074806	28074907	0
16	28109320	28109421	3811
16	28109450	28109551	2425
16	28109818	28109970	10053
16	28112769	28113019	24522
16	28113125	28113276	15730
16	28115826	28116067	18474
16	28117298	28117569	10555
16	28117639	28117880	15692
16	28118769	28119040	20352
16	28123111	28123352	14167
16	28124176	28124417	14319
16	28128589	28128830	26042
16	28132945	28133096	9958
16	28136938	28137209	16704
16	28143628	28143749	2931
16	28145146	28145267	7230
16	28146527	28146655	10791
16	28157378	28157534	10701
16	28163891	28164162	12716
16	28167380	28167861	51104
16	28177806	28177927	9251
16	28180999	28181270	22174
16	28187196	28187437	16895
16	28188505	28188663	8613
16	28192245	28192366	4085
16	28222626	28222747	11040
16	28328674	28328948	28431
16	28330265	28330536	24952
16	28331360	28332264	2267
16	28332820	28332920	6247
16	28333866	28333967	6441
16	28334030	28334225	14264
16	28334516	28334818	14595
16	28334870	28334971	7967
16	28354167	28354578	103466
16	28355601	28355963	155488
16	28356697	28356818	21007
16	28357026	28357147	29214
16	28360105	28360372	128530
16	28360451	28360572	46024
16	28364158	28364280	74732
16	28364351	28364473	33117
16	28367828	28367949	22744
16	28373962	28374143	53872
16	28374360	28374481	52618
16	28377332	28377432	4891
16	28381495	28381690	7645
16	28381803	28381902	2452
16	28391098	28391220	21705
16	28391256	28391498	31546
16	28391595	28391716	17790
16	28391760	28391881	25854
16	28391911	28392152	50890
16	28394379	28394860	88631
16	28399369	28399613	69033
16	28399802	28400044	64359
16	28401597	28401718	31680
16	28401782	28402023	57440
16	28402110	28402351	70514
16	28403063	28403186	28630
16	28403259	28403503	25671
16	28411134	28411375	130612
16	28411688	28411817	46520
16	28411901	28412023	35345
16	28412121	28412362	80848
16	28412501	28412742	71674
16	28412831	28412952	40565
16	28414827	28414949	45570
16	28425014	28425456	85478
16	28426136	28426498	54162
16	28467735	28468416	143262
16	28469439	28469801	152702
16	28470864	28470985	30241
16	28473945	28474212	133775
16	28474291	28474412	45369
16	28477999	28478314	116944
16	28481665	28481786	26001
16	28488745	28489247	20894
16	28493411	28493532	8081
16	28493614	28493735	5073
16	28493740	28494029	12732
16	28495317	28495449	11083
16	28497618	28497994	26550
16	28498728	28498879	4476
16	28498961	28499082	4238
16	28499886	28500007	15731
16	28500597	28500718	21652
16	28502780	28503117	34714
16	28505969	28506090	5022
16	28506373	28509715	245232
16	28509730	28509851	11457
16	28510949	28511335	24283
16	28513224	28513495	22982
16	28514973	28515124	10608
16	28515133	28515404	11555
16	28518025	28518176	23436
16	28549283	28549554	23697
16	28550081	28550238	9436
16	28592366	28592487	5822
16	28596180	28596331	6890
16	28596943	28597064	14471
16	28600361	28600512	16684
16	28601360	28601809	62960
16	28601878	28602029	15464
16	28602053	28602294	14687
16	28602817	28603088	31460
16	28603339	28603471	14767
16	28603552	28603802	42023
16	28604558	28604679	21161
16	28604704	28604945	45727
16	28606678	28607053	53038
16	28607056	28607297	29058
16	28610399	28610500	20370
16	28612219	28612319	6515
16	28615541	28615662	29641
16	28617132	28617264	23306
16	28617345	28617586	45942
16	28618067	28618188	24264
16	28618213	28618454	68212
16	28619602	28619727	27587
16	28619736	28620432	159090
16	28620669	28620770	18303
16	28621251	28621447	29743
16	28623393	28623494	22740
16	28625213	28625313	7228
16	28625452	28625553	4422
16	28631357	28631478	12881
16	28634423	28634544	1031
16	28649680	28649862	78748
16	28655882	28656003	29539
16	28659363	28659485	18868
16	28659557	28659678	9604
16	28663266	28663387	48575
16	28663466	28663733	128083
16	28666709	28666830	28394
16	28667893	28668255	144468
16	28669278	28669961	128610
16	28711454	28711816	19757
16	28712500	28712942	65614
16	28722996	28723118	43625
16	28724993	28725114	39442
16	28725203	28725444	83506
16	28725583	28725824	73226
16	28725922	28726044	31044
16	28726130	28726259	46693
16	28726570	28726811	134875
16	28734443	28734684	19421
16	28734759	28734882	16934
16	28735592	28735833	73933
16	28735920	28736161	54342
16	28736225	28736346	27856
16	28737899	28738141	57409
16	28738332	28738576	66974
16	28743090	28743571	90047
16	28745799	28746040	53306
16	28746070	28746191	25601
16	28746235	28746356	18558
16	28746453	28746695	38795
16	28746731	28746853	20429
16	28763454	28763575	63442
16	28763792	28763973	73620
16	28769996	28770117	24867
16	28773479	28773794	140896
16	28777391	28777512	48683
16	28777591	28777858	98961
16	28780832	28780953	32306
16	28782018	28782380	156526
16	28783403	28784086	116535
16	28834548	28834909	1106
16	28836613	28836764	11610
16	28836911	28837032	17767
16	28837065	28837186	13969
16	28837514	28837755	43359
16	28838123	28838364	10102
16	28840676	28840827	16840
16	28841127	28841398	24189
16	28841872	28842143	20046
16	28842246	28842403	8681
16	28843501	28843742	27123
16	28843761	28843912	9696
16	28844081	28844232	7018
16	28844316	28844854	35949
16	28845337	28845578	13456
16	28845608	28845759	15320
16	28845799	28846040	30013
16	28846322	28846779	63359
16	28846823	28847094	19082
16	28847238	28847855	32680
16	28848023	28848144	9351
16	28848202	28848499	26560
16	28854231	28854502	19742
16	28854995	28855466	77617
16	28855541	28855665	17029
16	28855684	28855925	13939
16	28855949	28856220	15482
16	28856262	28856386	11620
16	28856566	28856837	19222
16	28857178	28857449	40325
16	28857503	28857624	17647
16	28877324	28878401	71849
16	28878611	28878763	10627
16	28880281	28880432	15576
16	28880465	28880736	22765
16	28883081	28883322	23157
16	28883465	28883736	18129
16	28883785	28884146	21498
16	28884479	28884600	14897
16	28884685	28885194	44504
16	28889775	28890171	21359
16	28890337	28890488	7531
16	28890771	28890922	9106
16	28892226	28892350	31481
16	28893719	28893960	25946
16	28895844	28895995	12905
16	28898461	28898612	15108
16	28898713	28899074	22519
16	28900069	28900310	16307
16	28905428	28905579	9381
16	28905815	28905938	13935
16	28906057	28906328	20626
16	28909232	28909503	29403
16	28909511	28909782	33649
16	28911888	28912249	39445
16	28913172	28913414	37866
16	28913454	28913725	56981
16	28913852	28914003	7426
16	28914044	28914285	18041
16	28914288	28914529	28785
16	28914551	28914817	23630
16	28914961	28915091	15206
16	28915422	28915599	14014
16	28915689	28915810	15221
16	28916223	28916375	10938
16	28916654	28916895	17983
16	28916991	28917112	7884
16	28917132	28917253	5971
16	28917307	28917548	6595
16	28919856	28920127	43151
16	28922166	28922317	32319
16	28922361	28922512	13421
16	28925520	28925917	22559
16	28925956	28926113	12604
16	28931034	28931274	25356
16	28935708	28935949	18736
16	28936310	28936504	575
16	28943304	28943455	15190
16	28943618	28943979	16348
16	28944212	28944453	20606
16	28944481	28944872	24876
16	28946755	28946885	33211
16	28947436	28947557	9943
16	28947785	28947936	15993
16	28948334	28948467	13089
16	28948582	28948733	9681
16	28948748	28948869	11102
16	28948911	28949032	7126
16	28949056	28949177	7050
16	28949951	28950102	11608
16	28950177	28950298	12991
16	28962284	28962765	7052
16	28963397	28963548	12900
16	28965793	28966064	15880
16	28967247	28967398	23424
16	28967443	28967684	24358
16	28969988	28970229	20818
16	28970302	28970431	9694
16	28974983	28975224	42855
16	28986092	28986192	2491
16	28986421	28986772	30448
16	28986784	28986905	17759
16	28989175	28989416	33982
16	28990400	28990671	38965
16	28990697	28990822	15706
16	28992712	28992983	15468
16	28993178	28993419	35063
16	28993620	28993886	25347
16	28994119	28994270	23631
16	28994500	28994621	12263
16	28995071	28995312	17174
16	28995481	28996335	33215
16	28996646	28996887	28030
16	28996956	28997251	17861
16	28997405	28997556	8406
16	28997643	28997794	7263
16	28997796	28998067	22055
16	28998075	28998226	11301
16	29000787	29000938	14170
16	29001036	29001187	8733
16	29001202	29001353	4392
16	29049947	29050068	28924
16	29053430	29053552	33348
16	29053623	29053745	77784
16	29057319	29057440	37573
16	29057519	29057786	129213
16	29060744	29060865	28665
16	29061932	29062295	119790
16	29063322	29063796	124016
16	29086263	29086504	33554
16	29087117	29087238	5727
16	29087246	29087445	2531
16	29087967	29088149	26995
16	29089188	29089310	10510
16	29095747	29095868	22650
16	29095903	29096089	36891
16	29096499	29096620	15933
16	29097505	29097624	4536
16	29098628	29098749	11054
16	29102049	29102170	12579
16	29105544	29105710	27726
16	29107395	29107637	18516
16	29108423	29108665	44954
16	29110355	29110562	16647
16	29113262	29113497	41806
16	29115378	29115499	27935
16	29124319	29124476	21699
16	29127426	29127651	26024
16	29141170	29141411	34847
16	29321537	29321637	7327
16	29323670	29323970	19679
16	29332181	29332452	21835
16	29337614	29337855	32629
16	29339848	29339969	28724
16	29342554	29342678	15305
16	29367046	29367322	39546
16	29370559	29370694	17560
16	29372512	29372873	83817
16	29375995	29376399	26698
16	29392782	29392973	93278
16	29393600	29394317	81294
16	29395316	29395679	34437
16	29396823	29397065	175718
16	29398124	29398365	80741
16	29401238	29401479	140375
16	29401558	29401679	76887
16	29405211	29405328	36722
16	29405331	29405453	37335
16	29414942	29415183	100835
16	29415340	29415461	63527
16	29431073	29431173	13870
16	29437178	29437299	39879
16	29437927	29438171	75736
16	29438454	29438697	122952
16	29439552	29439798	97757
16	29442579	29442820	58370
16	29442899	29443092	68626
16	29445538	29445780	91719
16	29446773	29447036	98343
16	29447143	29447385	159045
16	29447729	29447970	72524
16	29448451	29448693	149949
16	29449192	29449433	97852
16	29449436	29449557	41359
16	29450000	29450152	50998
16	29450784	29451028	63024
16	29451078	29451321	87026
16	29453546	29453647	7220
16	29453843	29453943	4325
16	29454693	29455073	150814
16	29455648	29455839	141286
16	29458053	29458415	116976
16	29460832	29460953	33219
16	29464852	29465063	45060
16	29465324	29465445	32236
16	29465460	29465821	48513
16	29466036	29466277	37650
16	29466683	29466804	4768
16	29466854	29467216	2988
16	29468895	29469136	34902
16	29469231	29469352	46018
16	29469369	29469490	56881
16	29470198	29470464	94396
16	29472659	29473141	91969
16	29473153	29473281	30454
16	29474607	29474848	74027
16	29474873	29474994	38633
16	29475449	29475691	54720
16	29475774	29475906	26427
16	29476541	29476658	39740
16	29476698	29477062	84184
16	29477896	29478142	22022
16	29478225	29478559	20254
16	29486350	29486450	26874
16	29486487	29486706	50900
16	29495000	29497223	581705
16	29498367	29498609	142209
16	29499662	29499903	76860
16	29502738	29503005	182637
16	29503084	29503205	84167
16	29506742	29506984	93779
16	29516732	29516974	152651
16	29517131	29517252	69827
16	29538855	29539067	87311
16	29539688	29539788	47866
16	29539803	29539940	88121
16	29540223	29540465	190017
16	29541321	29541566	134257
16	29544345	29544585	114671
16	29544665	29544858	72795
16	29547304	29547546	101563
16	29548539	29548763	88920
16	29548908	29549150	167325
16	29549494	29549735	123618
16	29550216	29550460	103810
16	29550957	29551129	68442
16	29551201	29551322	30671
16	29551765	29551917	37190
16	29552549	29552793	64807
16	29552843	29553086	86369
16	29556455	29556835	142438
16	29557416	29557607	94417
16	29559789	29560151	174460
16	29562509	29562715	92467
16	29564394	29564515	37932
16	29565711	29565832	39276
16	29566096	29566370	67209
16	29569971	29570212	100979
16	29571444	29571568	23333
16	29572778	29573020	92061
16	29576628	29576869	110662
16	29577366	29577608	53604
16	29580570	29580670	10929
16	29606186	29606387	9376
16	29610493	29610593	6347
16	29624391	29624961	111361
16	29630026	29630297	50972
16	29633995	29634236	43327
16	29634290	29634411	13803
16	29644637	29644758	5517
16	29645117	29645285	13281
16	29647468	29647787	105349
16	29674959	29681824	267444
16	29690423	29690584	8513
16	29705921	29706552	42126
16	29708261	29708745	81592
16	29755573	29756294	26143
16	29790553	29790674	12056
16	29790770	29790977	19866
16	29791401	29791762	47222
16	29802054	29802175	1200
16	29808190	29808431	16070
16	29809667	29810110	17914
16	29810279	29810520	15323
16	29810575	29810825	20528
16	29810894	29811112	10588
16	29811180	29811421	8768
16	29814052	29814293	43784
16	29814728	29814969	9465
16	29815291	29815449	5098
16	29816119	29816360	10595
16	29816404	29816525	8214
16	29816546	29816667	9616
16	29817433	29817533	0
16	29817799	29817993	0
16	29817997	29819351	43085
16	29819521	29819642	15801
16	29819855	29820096	20466
16	29820810	29821092	7549
16	29821267	29821710	28879
16	29821734	29821885	14422
16	29821920	29822051	9905
16	29824303	29825294	59192
16	29825568	29826143	52914
16	29826560	29826675	22273
16	29826843	29827018	9024
16	29827786	29828387	26888
16	29828480	29828631	10524
16	29830824	29831095	33473
16	29841811	29842052	22839
16	29842175	29842416	20357
16	29844994	29845441	53278
16	29846980	29847131	11264
16	29847949	29848340	45606
16	29851428	29851819	17783
16	29852857	29853447	54241
16	29855765	29856246	44923
16	29857120	29857361	22705
16	29857420	29857661	17308
16	29858460	29858731	16352
16	29859045	29859320	21496
16	29870340	29870441	10009
16	29870461	29870702	23625
16	29870742	29870863	3907
16	29871863	29871993	8924
16	29872352	29872830	34261
16	29873852	29874216	24031
16	29874267	29874388	301
16	29875609	29875730	8565
16	29876001	29876242	16089
16	29876429	29876550	19426
16	29876682	29876783	9188
16	29882796	29882896	7997
16	29882973	29883094	6744
16	29883464	29883615	5564
16	29883637	29883908	15298
16	29883983	29884104	1801
16	29884505	29884776	32894
16	29884803	29885074	17149
16	29888052	29888293	4979
16	29888568	29888809	15683
16	29889555	29889796	15755
16	29891133	29891404	16686
16	29896837	29897108	11873
16	29898902	29899173	28442
16	29899802	29900073	30835
16	29906529	29906800	34606
16	29906960	29907231	22085
16	29908111	29908472	9588
16	29909088	29909359	17673
16	29910209	29910360	15294
16	29912283	29913251	87046
16	29916163	29916296	11559
16	29917072	29917228	20172
16	29917952	29918053	9421
16	29918129	29918490	20876
16	29922275	29922516	19336
16	29923070	29923221	15737
16	29923264	29923385	8179
16	29934444	29934715	21031
16	29937051	29937412	16904
16	29974395	29974920	37163
16	29979309	29979585	13510
16	29982676	29982917	26752
16	29985698	29985798	8674
16	29985800	29985998	10613
16	29989008	29989279	18962
16	29989354	29989505	10662
16	29989532	29989684	9918
16	29990051	29990202	21652
16	29990251	29990402	15753
16	29990506	29990639	23358
16	29990692	29990843	34994
16	29992845	29993088	21717
16	29993129	29993280	8358
16	29993987	29994258	17087
16	29994306	29994688	21276
16	29994783	29995024	26172
16	29996445	29996956	46624
16	29996959	29997200	16081
16	29997512	29999343	155092
16	29999648	29999801	13703
16	30000868	30001139	4791
16	30002074	30002928	25047
16	30002974	30003098	11530
16	30003157	30003258	6307
16	30003410	30003511	560
16	30004488	30004729	21774
16	30004737	30004888	7692
16	30004923	30005164	6852
16	30005217	30006197	214682
16	30006379	30006953	78897
16	30007514	30007755	16933
16	30007841	30007962	11176
16	30008093	30008214	12154
16	30012026	30012177	12834
16	30012214	30012371	10920
16	30012480	30012601	13993
16	30012725	30012876	25592
16	30015872	30015973	11487
16	30016531	30016773	9019
16	30016831	30016953	9681
16	30017238	30017841	51480
16	30017896	30018017	23202
16	30018036	30018676	40483
16	30020307	30020436	35105
16	30020498	30020619	13345
16	30020777	30020898	5391
16	30021228	30021599	23648
16	30034639	30034760	7513
16	30034875	30035266	18719
16	30035272	30035423	17037
16	30035446	30035597	11700
16	30035793	30035893	10132
16	30036371	30036825	8705
16	30036923	30037154	19908
16	30037895	30038174	23120
16	30040703	30040854	2904
16	30041331	30041452	15001
16	30041664	30041905	28513
16	30046671	30046802	12793
16	30064767	30064867	8818
16	30066104	30066248	16658
16	30066492	30066648	12539
16	30075049	30075163	8444
16	30077172	30077272	17225
16	30078190	30078408	17975
16	30078499	30078740	22193
16	30078755	30078996	14910
16	30079932	30080053	14251
16	30080097	30080338	24450
16	30080607	30080728	9977
16	30080785	30081026	15010
16	30081129	30081613	38475
16	30081658	30081758	4494
16	30087635	30087807	11954
16	30092514	30092665	12197
16	30093768	30093889	7721
16	30094026	30094178	12534
16	30094650	30095158	36065
16	30095930	30096481	39271
16	30097501	30097772	10693
16	30097803	30098044	16343
16	30098060	30098185	11793
16	30099816	30100577	89013
16	30102069	30102323	12013
16	30102334	30102575	13296
16	30103676	30103777	4054
16	30103832	30103960	7798
16	30103984	30104135	31550
16	30106079	30106228	18235
16	30106354	30106505	15235
16	30106513	30106994	54363
16	30116140	30116381	16104
16	30119498	30119619	7064
16	30119632	30119783	7828
16	30122624	30122895	11971
16	30123436	30124166	31577
16	30124313	30124439	3901
16	30124578	30124849	39268
16	30125756	30125856	10687
16	30127898	30128360	25177
16	30128419	30128660	9409
16	30128926	30129167	15934
16	30129304	30129545	17097
16	30129613	30129884	23757
16	30133114	30133355	18806
16	30134304	30134540	2412
16	30196508	30196749	20979
16	30197828	30198321	40639
16	30198330	30198571	24712
16	30198641	30199160	48614
16	30199184	30199601	35220
16	30199638	30199909	14728
16	30200171	30200295	36683
16	30204211	30204405	40512
16	30204666	30204787	29737
16	30204802	30205163	46814
16	30205378	30205619	32753
16	30206025	30206146	37394
16	30206196	30206558	4839
16	30208237	30208478	56703
16	30208573	30208694	71111
16	30208711	30208832	67896
16	30209685	30209806	52349
16	30212002	30212484	90535
16	30212496	30212624	30706
16	30213952	30214193	79247
16	30214218	30214339	33959
16	30214794	30215036	51378
16	30215119	30215251	27445
16	30215890	30216007	40479
16	30216047	30216411	88620
16	30217245	30217491	60497
16	30217574	30217908	22262
16	30225694	30225794	28451
16	30225831	30226050	54742
16	30234349	30237193	388343
16	30237897	30238018	2677
16	30238337	30238579	166347
16	30239632	30239873	80062
16	30242711	30242978	188616
16	30243057	30243178	74386
16	30246714	30246956	86605
16	30256713	30256954	117254
16	30257112	30257233	62657
16	30278889	30279052	81254
16	30279776	30279925	92311
16	30280208	30280450	190907
16	30281306	30281551	132429
16	30284329	30284569	105432
16	30284649	30284842	78344
16	30287289	30287531	102244
16	30288524	30288787	141802
16	30288894	30289136	170074
16	30289480	30289721	128480
16	30290202	30290446	142326
16	30290943	30291115	64097
16	30291187	30291308	33370
16	30291702	30291915	75984
16	30292547	30292785	98004
16	30292838	30293081	93460
16	30295315	30295416	10347
16	30295612	30295712	7045
16	30296462	30296842	146410
16	30297417	30297608	148232
16	30299812	30300174	162696
16	30302523	30302729	97469
16	30304407	30304528	43989
16	30305410	30305531	40033
16	30305795	30306069	70820
16	30309683	30309924	90769
16	30311156	30311280	26563
16	30312485	30312727	85277
16	30316332	30316573	107291
16	30317070	30317312	57644
16	30346205	30346541	8444
16	30346566	30346746	1547
16	30354459	30354678	18481
16	30362295	30362396	4778
16	30364269	30364426	8176
16	30364492	30364618	6728
16	30364633	30365144	43527
16	30365179	30365420	13908
16	30365452	30365693	10805
16	30365872	30366023	19505
16	30368385	30368582	7781
16	30368871	30370180	121143
16	30370466	30370707	16918
16	30370830	30370951	10272
16	30370984	30371225	16513
16	30376152	30376599	32761
16	30376804	30376925	16350
16	30380492	30381579	63627
16	30386118	30386239	6926
16	30387095	30387246	6732
16	30387412	30387563	6023
16	30387704	30387858	10582
16	30387918	30388039	7360
16	30388937	30389058	5201
16	30389107	30389231	8930
16	30389736	30389857	16904
16	30389884	30390035	14555
16	30390270	30390541	30027
16	30390714	30390865	20185
16	30391242	30391364	8939
16	30392385	30392846	39807
16	30393021	30393262	10341
16	30393395	30393516	9735
16	30393549	30393700	14956
16	30393785	30393906	8531
16	30406432	30406899	3256
16	30407093	30407214	3805
16	30408638	30410439	111044
16	30410539	30410640	5942
16	30419365	30419603	22389
16	30422937	30423070	12798
16	30428860	30429701	2661
16	30435492	30435883	24083
16	30440341	30440498	11695
16	30441159	30441311	25303
16	30455038	30455139	5007
16	30455245	30455424	9110
16	30455596	30457225	127482
16	30484127	30484248	8430
16	30485506	30485629	21842
16	30486582	30486733	5780
16	30486806	30486927	10709
16	30490349	30490792	41364
16	30492711	30492952	28296
16	30495092	30495333	17171
16	30495357	30495628	13624
16	30500348	30500760	60081
16	30505487	30505728	7059
16	30505977	30506222	33502
16	30507365	30507636	18935
16	30507700	30507941	25332
16	30510323	30510594	23335
16	30510613	30510830	13212
16	30515479	30515600	11557
16	30516531	30516652	8645
16	30516655	30516806	12472
16	30517955	30518226	16762
16	30521645	30521802	14683
16	30522150	30522301	8230
16	30522352	30522473	11813
16	30525038	30525189	10738
16	30527862	30528103	7383
16	30528259	30528417	12133
16	30528906	30529057	18396
16	30529075	30529226	9615
16	30529931	30530052	12961
16	30531141	30531298	9989
16	30532778	30532996	8822
16	30535793	30537384	202849
16	30537620	30537750	6184
16	30543819	30544485	82514
16	30545457	30546058	23611
16	30566491	30567452	66870
16	30569019	30569177	12128
16	30569284	30569525	11199
16	30581165	30581796	58905
16	30582296	30582454	12204
16	30582731	30582972	13839
16	30583267	30583639	40802
16	30586141	30586258	10185
16	30593841	30594802	137125
16	30596385	30596626	22558
16	30596668	30596942	7306
16	30615304	30616778	157329
16	30620836	30620969	12457
16	30621138	30621379	66058
16	30662203	30662444	21056
16	30662902	30663320	66293
16	30663951	30664449	73829
16	30664616	30664767	1800
16	30665514	30665670	15028
16	30665911	30666545	21632
16	30666615	30666766	5615
16	30666807	30666928	12242
16	30667133	30667284	11391
16	30667311	30667672	26995
16	30670811	30671366	3445
16	30671552	30671793	16155
16	30672457	30672699	30518
16	30673703	30673824	14932
16	30673848	30674209	24623
16	30675463	30675909	21536
16	30676019	30676437	35802
16	30676613	30676734	15782
16	30676931	30677052	10424
16	30677786	30677907	9633
16	30678214	30678335	5442
16	30678578	30678819	14071
16	30678841	30678962	11297
16	30679861	30679982	18629
16	30680075	30680316	7725
16	30680325	30681009	27626
16	30681258	30681650	18331
16	30681857	30682171	31198
16	30682239	30682380	12763
16	30683000	30683206	10645
16	30683759	30683880	1315
16	30684233	30684333	7101
16	30684984	30685103	11002
16	30685200	30685379	5348
16	30685562	30685697	7951
16	30686924	30687351	5843
16	30687659	30687808	9353
16	30688007	30688276	14572
16	30711936	30712232	19274
16	30715345	30715690	25770
16	30718475	30718716	27625
16	30718811	30719082	25448
16	30720793	30721066	34229
16	30721129	30721490	18895
16	30721770	30722041	25280
16	30722060	30722181	10981
16	30722261	30722419	14280
16	30722857	30723098	17428
16	30723105	30723496	45230
16	30723520	30723791	26583
16	30723946	30724187	27700
16	30724462	30724733	23029
16	30724814	30725055	31723
16	30727303	30727574	43351
16	30727585	30727826	20347
16	30731433	30731687	24008
16	30731955	30732346	20951
16	30732442	30732833	36672
16	30733403	30733644	30559
16	30733855	30734096	27770
16	30734235	30734596	36127
16	30734863	30736478	127917
16	30740208	30740599	43479
16	30740670	30740911	24981
16	30744564	30744805	10891
16	30744899	30745140	14107
16	30745150	30745391	13057
16	30745755	30745996	42644
16	30747496	30747737	14698
16	30747842	30747963	10046
16	30748310	30751064	321207
16	30751081	30751367	18796
16	30751385	30751485	4714
16	30753061	30753229	20462
16	30755102	30755264	9679
16	30760033	30760248	42700
16	30760305	30760527	13223
16	30762363	30762667	25557
16	30762835	30762956	28578
16	30764494	30764645	6664
16	30764675	30764916	17250
16	30767456	30767607	16778
16	30767643	30768528	80809
16	30768734	30769005	25048
16	30770316	30770437	14393
16	30770472	30771069	38506
16	30771410	30771510	7478
16	30771538	30771809	20511
16	30771896	30772017	18266
16	30772486	30772700	28143
16	30772865	30773069	28648
16	30773811	30774052	14785
16	30774401	30774642	18720
16	30774688	30774929	22218
16	30775451	30775722	26149
16	30776168	30776842	60349
16	30777392	30777909	20736
16	30778008	30778249	15452
16	30779154	30780353	74415
16	30780461	30780978	45125
16	30783072	30783343	19371
16	30783399	30783521	6979
16	30785225	30785548	11831
16	30786250	30786351	8298
16	30789739	30789884	11838
16	30791409	30791510	9992
16	30791768	30791884	11747
16	30792699	30792844	16051
16	30792957	30795626	245524
16	30795662	30795903	17038
16	30798297	30798538	7404
16	30832441	30832839	23385
16	30833265	30833386	18641
16	30841417	30841785	47768
16	30846247	30846488	25771
16	30846566	30846784	17292
16	30848894	30849405	16288
16	30863280	30863653	5869
16	30865551	30865769	7431
16	30865873	30866051	6020
16	30899097	30899368	17671
16	30900162	30900283	7316
16	30903836	30904107	18711
16	30904123	30904279	8967
16	30904322	30904443	12841
16	30904480	30904631	5628
16	30905146	30905310	18323
16	30907915	30908036	10073
16	30910643	30910914	11565
16	30913371	30913913	188
16	30933859	30934340	40073
16	30934351	30934567	39147
16	30936010	30936131	7090
16	30936966	30937309	19027
16	30938579	30938820	39124
16	30938875	30938996	18486
16	30939053	30939294	19389
16	30939747	30939988	15054
16	30941348	30941949	35817
16	30953397	30953638	27954
16	30953655	30953896	22947
16	30958038	30958279	22915
16	30958340	30958581	8587
16	30960601	30960848	2625
16	30964474	30965195	68274
16	30969163	30969349	1643
16	30970006	30970247	23988
16	30970368	30970519	10871
16	30972541	30972902	23062
16	30974693	30974934	26267
16	30975378	30975654	17277
16	30975847	30976818	119682
16	30976898	30977739	23928
16	30978171	30978412	25758
16	30978774	30978925	5388
16	30980553	30980824	24242
16	30980905	30981056	15403
16	30982649	30983068	34515
16	30990396	30991553	36226
16	30991740	30992011	15937
16	30992017	30992180	11128
16	30992290	30992561	30030
16	30994903	30995377	58008
16	30995442	30995543	4773
16	30995922	30996023	6150
16	30996941	30997182	32892
16	30997296	30997567	24196
16	30997734	30997862	13969
16	30997884	30998035	18305
16	30998090	30998361	13372
16	30999025	30999536	64978
16	31002461	31002875	31205
16	31003848	31003991	807
16	31004039	31004241	4100
16	31004402	31004571	9161
16	31004615	31004856	19069
16	31007949	31008100	9992
16	31008262	31008390	8204
16	31008799	31008920	38733
16	31012194	31012345	16350
16	31012403	31012524	10852
16	31012800	31012951	5055
16	31021605	31021752	2441
16	31044309	31044430	11526
16	31044655	31044896	31843
16	31045080	31045201	7919
16	31045293	31045445	17087
16	31045464	31045705	35365
16	31045745	31045870	11597
16	31046234	31046385	10153
16	31049237	31049365	13831
16	31049381	31049532	20261
16	31049748	31050019	19098
16	31050825	31050982	11205
16	31051022	31051143	7769
16	31051273	31051374	5628
16	31072303	31073654	186797
16	31075095	31075816	47116
16	31075865	31075966	13600
16	31087566	31094827	557726
16	31095059	31095180	24836
16	31095426	31095667	8137
16	31095830	31096611	66028
16	31097243	31097514	26189
16	31097613	31097854	23301
16	31097875	31098266	22131
16	31098787	31099196	29000
16	31100010	31100161	13990
16	31102437	31102678	6846
16	31104623	31104839	18872
16	31105507	31106083	30480
16	31106674	31107024	16419
16	31120520	31120761	9850
16	31120804	31120925	8237
16	31120957	31121114	5731
16	31121360	31121830	36445
16	31121954	31122105	12428
16	31122370	31122595	16444
16	31122604	31122725	13060
16	31123147	31123388	32042
16	31123392	31123633	27342
16	31128983	31129223	4833
16	31131482	31131603	12125
16	31131626	31131867	11312
16	31138321	31138711	36888
16	31139324	31139475	7587
16	31141286	31141527	17194
16	31141543	31141694	13192
16	31141730	31141971	17251
16	31142022	31142314	10511
16	31142486	31142607	12338
16	31142782	31142883	4935
16	31143311	31143672	17192
16	31143711	31143952	27654
16	31143957	31144318	26492
16	31144506	31144749	21507
16	31146422	31146642	10813
16	31146713	31146836	4440
16	31150386	31150777	33238
16	31151524	31152125	43206
16	31152709	31153342	71698
16	31153792	31154365	1705
16	31154576	31154847	18779
16	31154852	31155213	29231
16	31157041	31157312	14980
16	31159674	31160035	11090
16	31160353	31160594	6954
16	31160710	31160861	9619
16	31160943	31161094	16472
16	31161246	31161397	6521
16	31177123	31177244	11986
16	31191480	31191601	17633
16	31193669	31194029	31082
16	31195129	31195370	26482
16	31195486	31195727	17685
16	31196167	31196548	115590
16	31198078	31198199	17299
16	31199611	31199751	4995
16	31200434	31200557	19410
16	31200929	31201170	19362
16	31201350	31201803	31323
16	31202021	31202173	10536
16	31202236	31202477	17507
16	31202648	31202858	16346
16	31212822	31213213	25601
16	31213434	31213555	3485
16	31213693	31214054	13672
16	31226013	31226494	2341
16	31228003	31228415	27829
16	31230402	31230523	6921
16	31230573	31230850	34156
16	31232166	31232287	9892
16	31234085	31234326	15200
16	31235492	31236097	7269
16	31271338	31271459	5235
16	31272955	31273185	21563
16	31276646	31276887	20841
16	31277105	31277226	11736
16	31277288	31277529	27447
16	31282218	31282459	16658
16	31283119	31283360	16836
16	31284641	31284882	47343
16	31286823	31287064	24866
16	31287967	31288088	7666
16	31288184	31288425	30497
16	31289237	31289478	7878
16	31308783	31309024	18897
16	31309049	31309290	23085
16	31332505	31332986	54696
16	31335710	31336157	17533
16	31336254	31336390	6421
16	31336533	31337001	49175
16	31338155	31338299	10141
16	31339448	31339569	16645
16	31340525	31340646	17372
16	31341051	31341292	10011
16	31341382	31341503	6166
16	31341564	31341995	35557
16	31342419	31342660	3233
16	31342793	31342914	1146
16	31342931	31343052	2342
16	31366532	31366653	8357
16	31367175	31367329	9857
16	31367936	31368059	12892
16	31368325	31368503	15491
16	31368538	31368695	12368
16	31370964	31371433	22915
16	31371556	31371827	13646
16	31372337	31372578	16235
16	31373102	31373253	21442
16	31373309	31373580	27725
16	31373881	31374122	18139
16	31374174	31374710	45888
16	31382348	31382856	44726
16	31382906	31383147	22298
16	31383613	31384014	35015
16	31384519	31384760	35052
16	31388082	31388420	15007
16	31388453	31388604	12877
16	31390866	31390987	5967
16	31391068	31391195	10664
16	31391253	31391404	8618
16	31391577	31391710	15096
16	31391833	31391955	8935
16	31392208	31392338	10495
16	31393084	31393238	22479
16	31393752	31393853	6931
16	31404605	31404756	13137
16	31405547	31405672	7424
16	31408670	31408793	11923
16	31408890	31409011	7434
16	31409074	31409292	18480
16	31413349	31413620	12427
16	31414742	31415013	14657
16	31418791	31419281	36839
16	31419691	31419842	6933
16	31421659	31421900	21502
16	31422006	31422247	14371
16	31422315	31422853	60616
16	31424102	31424608	60615
16	31425727	31425968	24300
16	31426095	31426366	19592
16	31427509	31427630	7771
16	31427775	31428016	11035
16	31429302	31429721	59069
16	31429782	31429903	8237
16	31434382	31434533	12719
16	31434663	31434790	18454
16	31434839	31434990	10270
16	31435156	31435289	10718
16	31435412	31435534	9431
16	31435751	31435908	13452
16	31437301	31437459	14819
16	31439075	31439196	12178
16	31439326	31439523	4112
16	31439548	31439669	8214
16	31447105	31448543	73151
16	31453956	31454249	1933
16	31470815	31471370	19650
16	31473205	31473360	15222
16	31473393	31474264	92795
16	31475697	31476538	30636
16	31477115	31477356	27971
16	31477383	31478224	63161
16	31483465	31483629	5074
16	31484698	31485346	48954
16	31485455	31485576	10358
16	31485661	31485786	11633
16	31485859	31486100	24873
16	31487268	31487539	27464
16	31487781	31487902	8643
16	31488135	31488376	17694
16	31488582	31488943	24212
16	31488951	31489052	583
16	31494369	31494640	9934
16	31495938	31496089	17669
16	31496100	31496254	18675
16	31496980	31497251	27855
16	31497452	31497606	10489
16	31498589	31498740	22361
16	31498814	31499090	21311
16	31499305	31499546	8042
16	31499694	31499821	4589
16	31499896	31500137	7020
16	31500163	31500671	96021
16	31501366	31501607	18646
16	31501620	31501866	24033
16	31502113	31502264	10549
16	31503277	31503428	12283
16	31503438	31503709	13264
16	31504242	31504599	24492
16	31504755	31505135	35260
16	31505160	31505281	9364
16	31508159	31508281	8618
16	31510613	31510889	22527
16	31511938	31512089	8356
16	31519020	31519261	32342
16	31519363	31519724	9704
16	31539436	31539557	6680
16	31539769	31540022	10904
16	31579826	31579947	21765
16	31613012	31613853	70238
16	31613863	31613984	11706
16	31614011	31614132	11022
16	31614295	31614536	16690
16	31614670	31614791	7761
16	31621991	31622188	791
16	31714468	31714709	17306
16	31715504	31715745	25878
16	31716645	31716766	6212
16	31717009	31717110	10529
16	31718192	31718292	4364
16	31719289	31719509	31443
16	31724693	31724814	9423
16	31733888	31734129	20103
16	31734565	31734686	6241
16	31764935	31765643	57109
16	31765775	31767040	88055
16	31770637	31770737	6432
16	31885227	31885348	10429
16	31895738	31896001	18547
16	31896438	31896589	9222
16	31897379	31897479	8202
16	31925778	31927819	106550
16	31973370	31973515	23498
16	31975203	31975324	16456
16	31985119	31985260	22606
16	31985533	31985714	11406
16	31987178	31987299	17890
16	31987441	31987682	27082
16	31987797	31987918	24811
16	31993147	31993538	45336
16	31995023	31995144	23185
16	31995323	31995564	35442
16	31997601	31997831	25539
16	31998119	31998360	30577
16	32001680	32001801	12298
16	32005740	32005861	12965
16	32006102	32006223	21056
16	32007001	32007242	67294
16	32013395	32013516	19863
16	32013832	32013953	15817
16	32014052	32014173	13491
16	32014541	32014701	20915
16	32063118	32063218	23865
16	32063299	32063623	68177
16	32070534	32070698	20728
16	32076694	32076816	40918
16	32077055	32077335	40142
16	32077887	32078014	26990
16	32133652	32133752	11434
16	32163434	32163665	51502
16	32163746	32163966	36422
16	32164164	32164312	28044
16	32165135	32165346	65094
16	32168050	32168289	54431
16	32168951	32169144	78736
16	32170449	32170664	65775
16	32172175	32172536	14765
16	32176936	32177153	80801
16	32177855	32178051	41093
16	32178194	32178318	27791
16	32178389	32178520	30053
16	32178999	32179227	79366
16	32181857	32182053	54234
16	32182088	32182273	44317
16	32182380	32182513	27835
16	32182786	32182986	108399
16	32185658	32185854	45592
16	32186847	32186951	11579
16	32187335	32187507	50621
16	32190665	32190766	14712
16	32190810	32190911	12074
16	32191905	32192077	22773
16	32192575	32192685	35457
16	32198309	32198409	12882
16	32264614	32265095	94796
16	32265098	32265220	16602
16	32265688	32265810	22819
16	32266156	32266278	47039
16	32268929	32269050	33838
16	32329309	32329431	41306
16	32369517	32369730	21727
16	32374883	32375033	17349
16	32399544	32399665	8562
16	32402080	32402322	20076
16	32416287	32416505	52405
16	32437149	32437270	5356
16	32438020	32438229	32705
16	32441997	32442131	10060
16	32442947	32443191	27816
16	32447295	32447416	14769
16	32486703	32486826	12703
16	32683039	32683160	29990
16	32685817	32685939	40107
16	32686289	32686411	16479
16	32686871	32686993	17808
16	32686996	32687477	86068
16	32766289	32766410	26960
16	32769859	32769980	47431
16	32771037	32771265	91333
16	32771831	32771952	22303
16	32772067	32772168	15771
16	32772213	32772410	39192
16	32773112	32773328	91246
16	32779595	32779809	96946
16	32781007	32781204	48218
16	32781861	32782101	45896
16	32784802	32784984	24849
16	32785811	32785959	18444
16	32786157	32786376	41451
16	32786417	32786770	63403
16	32797646	32797817	17161
16	32816393	32816493	13348
16	32858987	32859108	37127
16	32859153	32859514	65594
16	32882263	32882414	28783
16	32883261	32883382	6280
16	32888819	32889180	31621
16	32889991	32890352	55971
16	32890462	32890700	17070
16	32890742	32891540	129753
16	32891740	32891963	12538
16	32892003	32892398	45683
16	32892788	32892963	36937
16	32893234	32893475	46072
16	32893795	32894156	46980
16	32894837	32895078	44112
16	32896548	32896669	5023
16	32897571	32898052	31119
16	32914907	32915028	15413
16	32916715	32916836	16254
16	32926620	32926741	26931
16	32926760	32926881	21842
16	32928346	32928467	16496
16	32928609	32928850	31490
16	32928965	32929086	25866
16	32930953	32931194	48821
16	32936707	32936828	7278
16	32938575	32938696	24773
16	32938875	32939116	41257
16	32941144	32941374	26475
16	32941655	32941896	26992
16	32945215	32945336	11174
16	32949634	32949755	22981
16	32950530	32950771	35792
16	32956945	32957068	23173
16	32957383	32957504	14680
16	32957603	32957724	10178
16	32958131	32958252	9253
16	33006341	33006441	21689
16	33006522	33006846	54581
16	33013615	33013736	17150
16	33013783	33013947	20426
16	33019958	33020080	39235
16	33020319	33020599	37466
16	33020620	33020986	51386
16	33021151	33021276	22682
16	33076867	33076967	11634
16	33106352	33106623	53316
16	33106664	33106884	53635
16	33107082	33107230	32282
16	33108058	33108240	23880
16	33110946	33111185	47525
16	33111843	33112040	50310
16	33113237	33113452	82079
16	33119720	33119937	85458
16	33120639	33120835	40150
16	33121096	33121304	50255
16	33121783	33122011	95452
16	33122837	33123033	56897
16	33123068	33123253	77444
16	33123360	33123493	34105
16	33123766	33123966	118479
16	33126638	33126834	37286
16	33127827	33127931	15876
16	33128315	33128471	42877
16	33131725	33131858	23360
16	33132886	33133058	22294
16	33133555	33133665	34673
16	33139290	33139390	18669
16	33205554	33206035	77763
16	33206038	33206160	16576
16	33206620	33206742	19287
16	33207092	33207214	37719
16	33209866	33209987	31259
16	33262089	33262570	82858
16	33262573	33262695	14345
16	33263155	33263277	16347
16	33263627	33263749	34694
16	33266406	33266527	27198
16	33326736	33326858	55395
16	33365479	33365600	5553
16	33366708	33366921	39846
16	33372678	33372859	12146
16	33379942	33380153	26720
16	33402058	33402179	15737
16	33413998	33414149	18687
16	33424703	33424824	9384
16	33490849	33490970	4972
16	33497493	33497612	19422
16	33498929	33499170	61846
16	33500172	33500293	57709
16	33500472	33500719	97331
16	33500747	33500868	41025
16	33503655	33503796	53545
16	33504500	33504621	12956
16	33530653	33530774	8356
16	33534146	33534267	19836
16	33539558	33539679	9834
16	33548123	33548244	19885
16	33585848	33585969	6365
16	33629642	33629763	18927
16	33629794	33630165	54341
16	33646914	33647039	21655
16	33647204	33647570	49613
16	33647591	33647871	40901
16	33648110	33648232	39145
16	33654452	33654573	14796
16	33709345	33709466	14377
16	33709873	33709994	12306
16	33710093	33710214	18115
16	33710529	33710652	22447
16	33716827	33717068	51442
16	33717847	33717968	25883
16	33718209	33718330	20642
16	33722276	33722397	13252
16	33725716	33725957	26787
16	33726238	33726468	21174
16	33728498	33728739	35879
16	33728918	33729039	27441
16	33730786	33730907	17920
16	33736463	33736704	52915
16	33738808	33739049	32431
16	33739191	33739312	17029
16	33740778	33741039	49765
16	33750812	33750933	14007
16	33752620	33752741	15901
16	33777274	33777755	26578
16	33778505	33778649	1244
16	33778657	33778781	8427
16	33780244	33780485	50175
16	33781166	33781527	39057
16	33781847	33782088	51236
16	33782359	33782534	38155
16	33782924	33783320	52391
16	33783359	33783582	45995
16	33783782	33784582	152260
16	33784621	33784859	38619
16	33784969	33785330	61163
16	33786141	33786502	42874
16	33791938	33792059	20456
16	33792906	33793057	28074
16	33815815	33816189	72526
16	33816221	33816342	27588
16	33941956	33942078	6348
16	33961587	33961828	15229
16	33965488	33965609	14121
16	34256716	34257317	3757
16	34274525	34274646	8342
16	34277569	34277690	7014
16	34277800	34277923	6630
16	34280747	34280868	3635
16	34281359	34281600	21159
16	34285561	34285802	22468
16	34290429	34290670	25266
16	34292460	34292691	14527
16	34324861	34324982	21111
16	34326293	34326444	18086
16	34339007	34339128	15539
16	34404061	34404550	58601
16	34417147	34417247	5543
16	34510792	34511006	8810
16	34681321	34681802	37718
16	34681905	34682026	8642
16	34682163	34682284	13053
16	35136277	35136494	10694
16	46507831	46507931	2339
16	46508170	46508270	2446
16	46509677	46509906	8596
16	46512240	46512455	9735
16	46513043	46513331	25780
16	46532016	46532163	5706
16	46533847	46534801	45020
16	46540072	46540172	2587
16	46548695	46548795	4915
16	46551815	46551915	5347
16	46552203	46552324	4205
16	46562161	46562282	5245
16	46564969	46565090	3271
16	46584358	46584479	6780
16	46587851	46587972	7947
16	46593790	46594031	10558
16	46597728	46597969	23420
16	46598032	46598273	10946
16	46602520	46602881	15791
16	46615132	46615233	2222
16	46615622	46615983	36749
16	46617377	46617618	15149
16	46617896	46618017	3205
16	46629401	46629642	6240
16	46633687	46633928	5404
16	46637359	46637630	15525
16	46637849	46638090	7098
16	46638130	46638383	10974
16	46642193	46642314	4823
16	46649810	46650081	10691
16	46651482	46651723	8685
16	46652106	46652320	10223
16	46655158	46655281	496
16	46660259	46660907	83045
16	46661074	46661219	6080
16	46692283	46692420	6101
16	46694250	46694593	18904
16	46695550	46695821	8520
16	46696093	46696454	16463
16	46696550	46696747	6551
16	46696863	46697104	10279
16	46698733	46698836	2470
16	46702781	46703086	4303
16	46703187	46703321	759
16	46705573	46705814	15149
16	46706159	46706400	10095
16	46706826	46707029	6052
16	46708178	46708419	7039
16	46708462	46708583	3265
16	46708658	46708758	2494
16	46710485	46710614	5438
16	46711207	46711328	3049
16	46712840	46713081	19331
16	46713127	46713251	7338
16	46714552	46714793	5908
16	46715229	46715470	8072
16	46715609	46715710	5001
16	46715947	46716098	9669
16	46717407	46717528	10369
16	46719870	46720148	19156
16	46722199	46722306	6703
16	46722982	46723103	1859
16	46723588	46723709	5244
16	46724846	46725087	17011
16	46725098	46725246	15411
16	46726254	46726495	11286
16	46726988	46727109	2165
16	46729438	46729621	9484
16	46729639	46729786	11397
16	46729871	46730022	8539
16	46730574	46730747	1729
16	46731312	46731553	8602
16	46732098	46732331	8009
16	46732617	46732764	11402
16	46735321	46735476	3643
16	46737717	46737835	6733
16	46741584	46741705	3233
16	46743395	46743636	19619
16	46744473	46744744	8224
16	46746483	46746743	8436
16	46754978	46755129	4853
16	46761067	46761338	12348
16	46762926	46763055	29020
16	46763461	46763612	7763
16	46764495	46764620	1741
16	46766108	46766590	26493
16	46771567	46772078	30379
16	46773922	46774073	10023
16	46781535	46782166	37204
16	46836123	46836323	6329
16	46836440	46836541	3146
16	46836598	46836719	2295
16	46836801	46837042	9079
16	46843484	46843725	16367
16	46858284	46858405	3318
16	46864978	46865109	2663
16	46918567	46918928	6364
16	46931513	46931664	18347
16	46934556	46934712	7086
16	46940669	46940940	23516
16	46943545	46943897	18633
16	46950488	46950639	10003
16	46952449	46952720	23526
16	46956119	46956360	20864
16	46958159	46958498	17922
16	46960827	46960959	6587
16	46962802	46962923	6733
16	46963012	46963113	3301
16	46964682	46964783	5550
16	46990416	46990873	15754
16	46990885	46991156	7463
16	46992862	46993098	5039
16	46993137	46993378	6907
16	46998499	46998740	25001
16	47001370	47001611	4729
16	47001974	47002095	5215
16	47005251	47005494	7284
16	47005746	47005897	6960
16	47007383	47007504	4834
16	47115443	47115544	5309
16	47115898	47116096	14000
16	47117120	47117722	37181
16	47120102	47120260	1637
16	47143384	47143632	7414
16	47156510	47156860	8195
16	47162148	47162539	9624
16	47163053	47163324	10671
16	47165816	47165967	7981
16	47177445	47177640	0
16	47189568	47189719	3808
16	47192721	47192919	5656
16	47195640	47195761	5547
16	47196391	47196632	7410
16	47252756	47252877	3186
16	47271836	47271957	4839
16	47292533	47292661	3255
16	47294409	47294650	11252
16	47345115	47345356	13326
16	47347595	47347746	6830
16	47399678	47399829	4361
16	47409757	47409878	6684
16	47462670	47462821	3874
16	47484297	47484397	2676
16	47485282	47485403	2479
16	47486611	47486732	3899
16	47487914	47488116	13008
16	47492988	47493109	4256
16	47494731	47494972	6860
16	47495249	47495397	1553
16	47496962	47497062	7196
16	47497815	47497936	8245
16	47531293	47531414	2141
16	47533584	47533855	31915
16	47536890	47537011	3000
16	47545566	47545693	7109
16	47549410	47549531	3454
16	47581292	47581521	9736
16	47598842	47598942	1921
16	47614146	47614297	5524
16	47621565	47621686	4100
16	47622763	47623034	13682
16	47627378	47627499	5097
16	47628025	47628146	4670
16	47630242	47630482	14789
16	47644722	47644843	5518
16	47674912	47675033	8788
16	47675495	47675616	9511
16	47682394	47682545	3721
16	47683001	47683125	10784
16	47684434	47684555	8496
16	47684695	47684846	7562
16	47694386	47694507	4841
16	47694527	47694768	6691
16	47695609	47695730	4268
16	47697555	47697676	7664
16	47698779	47698900	4637
16	47699793	47699957	14024
16	47703105	47703346	8626
16	47722867	47723138	19531
16	47727232	47727473	5290
16	47730282	47730409	6542
16	47732307	47732511	3094
16	47733087	47733328	21598
16	47940979	47941500	21488
16	48117577	48117728	9852
16	48117780	48118021	12921
16	48119494	48119627	7378
16	48120629	48120750	8272
16	48121795	48122036	6036
16	48122429	48122670	16253
16	48124984	48125135	3698
16	48130583	48130854	9082
16	48132079	48132180	1819
16	48134730	48134971	14119
16	48138014	48138289	16130
16	48139027	48139268	9624
16	48141193	48141346	9422
16	48142334	48142455	3191
16	48145291	48145590	20430
16	48145632	48145873	15989
16	48149276	48149547	18677
16	48151146	48151267	1924
16	48155325	48155426	5524
16	48155567	48155808	8150
16	48158068	48158219	11280
16	48162327	48162688	31231
16	48164661	48164816	6090
16	48167550	48167791	14018
16	48172091	48172332	18201
16	48173009	48173280	10508
16	48174561	48174837	16428
16	48175067	48175308	11873
16	48177796	48178018	11046
16	48180154	48180395	14999
16	48201139	48201290	8511
16	48201367	48201608	17976
16	48204006	48204139	7341
16	48204747	48204898	2498
16	48209097	48209368	8241
16	48210808	48211049	12315
16	48212491	48212612	3829
16	48218292	48218563	15596
16	48220781	48221052	12334
16	48221102	48221348	9557
16	48226378	48226649	15289
16	48227780	48227903	2516
16	48230096	48230247	2533
16	48231868	48231989	15720
16	48231997	48232196	16083
16	48234167	48234408	17989
16	48237113	48237234	5293
16	48239234	48239505	10755
16	48242310	48242431	5680
16	48244773	48245164	21685
16	48247316	48247471	7763
16	48248714	48248985	8515
16	48249060	48249301	12519
16	48249960	48250231	4832
16	48256499	48256752	10569
16	48258115	48258386	9277
16	48261674	48261915	16518
16	48264294	48264535	13420
16	48265721	48265842	3827
16	48278290	48278542	14046
16	48286032	48286286	16016
16	48290465	48290706	10579
16	48292468	48292709	8121
16	48295295	48295536	8897
16	48296644	48296795	11902
16	48303874	48304235	22837
16	48311198	48311439	14647
16	48329879	48330120	14784
16	48333514	48333755	4190
16	48337028	48337269	25649
16	48368076	48368317	5544
16	48381400	48381641	17724
16	48381984	48382225	9504
16	48385481	48385723	13278
16	48394407	48394637	6819
16	48394971	48395148	3088
16	48395237	48397794	116635
16	48399251	48399402	14189
16	48419041	48419224	0
16	48532201	48532322	5376
16	48575749	48575898	6695
16	48576366	48576467	3519
16	48576491	48576697	3795
16	48576752	48577233	23584
16	48579990	48580231	5864
16	48581850	48582091	5010
16	48585283	48585404	3363
16	48587393	48587634	7501
16	48594608	48596409	86300
16	48611446	48611839	19854
16	48643655	48644034	10
16	48657604	48657704	2513
16	48661589	48661701	1452
16	48664016	48664125	2068
16	48670152	48670429	5196
16	48675343	48675443	4107
16	48675545	48675702	1419
16	48675971	48676071	761
16	48677626	48677762	1755
16	48685232	48685344	983
16	48686110	48686210	2729
16	49313292	49313533	17005
16	49314772	49315013	15029
16	49315062	49315386	24580
16	49315641	49315742	0
16	49383438	49384039	28044
16	49407804	49408017	7329
16	49411580	49411821	2210
16	49412321	49412562	13363
16	49430280	49430641	15168
16	49432994	49433235	19114
16	49524483	49524716	5001
16	49524821	49525260	13426
16	49554764	49554865	3710
16	49557471	49557712	9677
16	49559218	49559459	18429
16	49559618	49559718	7058
16	49657383	49657483	1703
16	49660061	49660182	5164
16	49669526	49672797	199522
16	49686110	49686210	2382
16	49713110	49713231	14616
16	49761089	49761189	3048
16	49764660	49764901	14541
16	49823336	49823487	4489
16	49856497	49856648	7829
16	50059177	50059298	153
16	50059525	50059646	3343
16	50060281	50060402	3366
16	50063611	50063732	13790
16	50067269	50067422	7370
16	50067978	50068099	4962
16	50069287	50069408	2987
16	50069435	50069625	8255
16	50069782	50069883	6466
16	50069898	50069999	4967
16	50070635	50070736	5727
16	50070823	50070924	10381
16	50070934	50071034	6761
16	50099990	50100231	4265
16	50100242	50100483	153
16	50102673	50102794	19333
16	50104079	50104211	4519
16	50106506	50106635	8806
16	50109430	50109671	10689
16	50112609	50112970	15238
16	50117831	50117952	6228
16	50118002	50118243	9929
16	50118459	50118580	2951
16	50120072	50120313	9840
16	50128598	50128749	3536
16	50134091	50134332	13298
16	50136136	50136377	27017
16	50138789	50139030	9782
16	50186853	50186954	523
16	50187532	50188218	4530
16	50245174	50245415	14398
16	50248093	50248214	6627
16	50249924	50250165	10999
16	50251399	50251640	9772
16	50256159	50256400	10714
16	50257070	50257311	9849
16	50258509	50258973	35093
16	50258981	50259222	9340
16	50261710	50261951	15555
16	50263029	50263270	10285
16	50263345	50263573	5895
16	50263686	50263890	5340
16	50264241	50264441	11602
16	50264455	50264590	12889
16	50264772	50264873	5521
16	50264933	50265394	20620
16	50265509	50265675	5473
16	50268828	50268929	4655
16	50268943	50269044	3260
16	50322054	50322295	17495
16	50324318	50324589	34925
16	50325576	50325847	13448
16	50326510	50326781	12958
16	50327246	50327458	9077
16	50328541	50328672	7071
16	50332727	50332996	15483
16	50334583	50334824	23905
16	50334937	50335178	22896
16	50338245	50338486	11320
16	50338761	50338912	12276
16	50339364	50339515	7497
16	50339632	50339783	8667
16	50340948	50341069	9854
16	50342188	50342339	14379
16	50342489	50342760	19136
16	50343416	50343567	11341
16	50344336	50344437	6681
16	50344573	50344814	10325
16	50345559	50345710	20751
16	50345903	50346144	11630
16	50346752	50346993	26077
16	50347829	50347983	8612
16	50348138	50348379	10205
16	50348835	50349106	9376
16	50349221	50349462	11580
16	50351011	50351111	4902
16	50352924	50353025	4047
16	50353041	50353209	3465
16	50353719	50353989	11979
16	50354079	50354350	19401
16	50354509	50354750	12519
16	50355859	50355980	3489
16	50357488	50357619	9373
16	50359605	50359846	9477
16	50360185	50360312	5248
16	50362556	50362677	8436
16	50367425	50367666	10345
16	50368592	50368833	3893
16	50373877	50374007	3810
16	50383470	50383571	1942
16	50383884	50384125	10420
16	50388303	50388424	5765
16	50388617	50388888	15292
16	50401983	50402219	10885
16	50402599	50402840	200
16	50582373	50582527	0
16	50582593	50582730	0
16	50583248	50583519	26458
16	50585216	50585316	2939
16	50640576	50641057	17872
16	50642176	50642297	8919
16	50655474	50655629	9150
16	50659352	50659503	5858
16	50664049	50664290	7055
16	50664717	50664838	2829
16	50666104	50666375	10365
16	50667091	50667803	16926
16	50668069	50668170	5162
16	50701888	50701989	2947
16	50702831	50703069	13112
16	50707259	50708010	24215
16	50709651	50709876	8959
16	50711221	50711492	25470
16	50725164	50725264	3812
16	50731129	50731250	4856
16	50733360	50733875	50170
16	50741727	50741881	19501
16	50744415	50746331	124213
16	50750478	50750629	12589
16	50750752	50750903	13546
16	50753786	50753937	9285
16	50756483	50756634	11055
16	50757202	50757323	10274
16	50759380	50759501	1467
16	50763685	50763822	4759
16	50765632	50765753	5053
16	50766119	50766220	2742
16	50776202	50776302	0
16	50783560	50784161	14221
16	50785484	50785845	18943
16	50788220	50788424	10700
16	50809019	50809140	3780
16	50810071	50810198	11429
16	50811672	50811913	7418
16	50813494	50814005	19716
16	50815088	50815359	31436
16	50816185	50816426	5009
16	50818179	50818420	16855
16	50820750	50820922	9026
16	50821668	50821789	7517
16	50825413	50825654	25743
16	50826498	50826626	4048
16	50827394	50827635	13072
16	50828109	50828350	16469
16	50829436	50829536	6213
16	50830205	50830446	12656
16	50830561	50830661	8856
16	50833426	50833526	5194
16	50835423	50835569	4521
16	50835697	50835798	3084
16	51098365	51098486	5368
16	51169896	51170075	7760
16	51170079	51170269	7701
16	51170278	51170433	4982
16	51170524	51170735	5551
16	51170764	51170958	4266
16	51170971	51171482	22579
16	51172557	51176111	202556
16	51180420	51180521	3601
16	51182951	51183052	3582
16	51185031	51185174	7171
16	51679666	51680333	18811
16	51680500	51680721	7770
16	52289353	52289471	2361
16	52470302	52470403	4693
16	52471641	52471742	4201
16	52471949	52472049	4083
16	52472099	52472278	4056
16	52472294	52472539	8994
16	52472547	52472764	6184
16	52472790	52472911	3974
16	52473094	52473891	66902
16	52478166	52478287	3714
16	52479838	52480199	21862
16	52484142	52484503	16044
16	52497791	52498152	20721
16	52502392	52502513	2600
16	52504673	52504774	2779
16	52553304	52553405	4980
16	52580522	52580651	900
16	52689160	52689281	4366
16	52689890	52690011	14118
16	53189946	53191507	67706
16	53209284	53209384	12669
16	53242194	53242294	4219
16	53242562	53242662	1781
16	53243378	53243739	5496
16	53256490	53256731	11964
16	53257287	53257419	3418
16	53260229	53260470	7942
16	53261280	53261401	8143
16	53261426	53261547	4903
16	53262885	53263077	6984
16	53265312	53265433	7216
16	53265506	53265747	10684
16	53269036	53269231	6082
16	53272195	53272556	22306
16	53276718	53276959	8067
16	53279198	53279439	10306
16	53279453	53279814	12491
16	53281188	53281429	10802
16	53283759	53284000	11695
16	53288312	53288553	6664
16	53289480	53289721	13807
16	53296832	53297073	13031
16	53301182	53301423	8801
16	53301817	53302058	5307
16	53307496	53307737	10764
16	53308108	53308229	4320
16	53319438	53319679	16010
16	53320075	53320316	9225
16	53321836	53321957	6193
16	53325596	53325717	3157
16	53326733	53326974	6336
16	53330847	53331088	11043
16	53332839	53333255	19144
16	53333290	53333585	15729
16	53337594	53338547	63717
16	53340107	53340348	6999
16	53341547	53341908	19221
16	53342560	53342801	8109
16	53348237	53348478	8846
16	53348664	53349025	17757
16	53352066	53352307	10287
16	53355368	53355609	9435
16	53357888	53358849	34662
16	53358887	53358987	3846
16	53358996	53359469	24416
16	53359846	53360001	6118
16	53360046	53360147	4236
16	53360339	53360440	5239
16	53360483	53360678	7797
16	53360935	53361036	7168
16	53361173	53361449	20562
16	53390551	53390652	9194
16	53395928	53396035	26460
16	53396127	53396227	34383
16	53396276	53396398	31161
16	53396591	53396691	12149
16	53397401	53397587	31478
16	53399794	53399915	21583
16	53403368	53403539	22093
16	53404551	53404901	22322
16	53468364	53468768	1602
16	53472871	53473112	5756
16	53476518	53476789	5314
16	53480924	53481045	7084
16	53485557	53485798	18680
16	53487322	53487708	26432
16	53488539	53488780	15442
16	53493324	53493565	15388
16	53495643	53495772	2495
16	53496424	53496577	6306
16	53498055	53498326	6423
16	53499320	53499551	8053
16	53500934	53501091	3653
16	53503781	53504142	22851
16	53504253	53504614	13297
16	53504624	53504865	10867
16	53513040	53513161	1341
16	53513788	53513913	3377
16	53514428	53514699	5225
16	53515573	53515784	11587
16	53523975	53524246	12025
16	53524799	53524960	14828
16	53525458	53525559	4558
16	53525643	53525782	7292
16	53526245	53526441	3745
16	53526543	53526694	5083
16	53528040	53528167	3634
16	53528238	53528359	4784
16	53528411	53528532	7300
16	53528975	53529265	13119
16	53532284	53532525	28383
16	53534089	53534210	7154
16	53634081	53634182	4227
16	53634186	53634314	9695
16	53634394	53634495	2771
16	53634536	53635135	19693
16	53635436	53635582	7491
16	53635737	53635973	3095
16	53635978	53636110	2774
16	53639338	53639579	11616
16	53644859	53644980	11672
16	53652907	53653148	8529
16	53670326	53670447	3962
16	53671565	53671806	11720
16	53672211	53672333	4400
16	53674925	53675046	2005
16	53675170	53675411	7155
16	53679484	53679965	24703
16	53682836	53683071	20416
16	53686431	53686912	19213
16	53690321	53690552	20492
16	53691333	53691574	13589
16	53692289	53692410	2975
16	53692674	53692800	7079
16	53693082	53693182	5209
16	53698730	53698971	6128
16	53705381	53705508	5754
16	53706733	53706974	10573
16	53708919	53709044	4695
16	53720295	53720536	7720
16	53721764	53721887	6033
16	53725945	53726306	21726
16	53729222	53729370	5980
16	53729983	53730255	12947
16	53734531	53734652	3238
16	53738057	53738178	3811
16	53843567	53843668	1505
16	53843999	53844150	7513
16	53859698	53860449	37799
16	53878017	53878258	10197
16	53907676	53907797	8089
16	53913706	53913909	10603
16	53922652	53922923	60323
16	53934532	53934633	3351
16	53938613	53938713	3942
16	53945222	53945463	25204
16	53967858	53968078	9576
16	54018807	54018908	6946
16	54144191	54144292	2273
16	54144840	54144961	6775
16	54144979	54145100	4567
16	54145599	54145870	13206
16	54317234	54317344	2797
16	54317563	54317684	4025
16	54318129	54318250	7351
16	54318387	54319584	51911
16	54319629	54319972	187
16	54964898	54965369	9495
16	54965965	54966121	1757
16	54966341	54966852	57200
16	54966935	54967810	30416
16	54967985	54968355	10785
16	54977364	54977465	2056
16	54993145	54993255	6708
16	54994397	54994530	7092
16	54996321	54996453	4943
16	54996586	54996686	8850
16	54999376	54999528	6922
16	55000836	55001000	15730
16	55005660	55005760	4902
16	55016485	55016739	16229
16	55358964	55359085	9945
16	55360209	55360556	18882
16	55361198	55361327	6926
16	55361440	55361861	28762
16	55362514	55363267	43189
16	55364152	55364273	2842
16	55513346	55513587	5099
16	55515727	55515848	4727
16	55516811	55517057	8734
16	55517906	55518121	19639
16	55519153	55519394	20950
16	55519481	55519722	16188
16	55522420	55522661	6697
16	55523498	55523769	22974
16	55525669	55525910	14886
16	55526986	55527257	19541
16	55530784	55531025	17915
16	55532129	55532400	12045
16	55536654	55536810	4249
16	55539211	55539364	12166
16	55539605	55539706	5607
16	55539721	55539822	3824
16	55543057	55543298	1810
16	55559368	55559609	20910
16	55562276	55562517	10070
16	55563737	55563869	5974
16	55565794	55565915	1994
16	55566703	55566824	4844
16	55568283	55568422	6105
16	55571455	55571576	5427
16	55579626	55579747	4148
16	55583130	55583371	9221
16	55584816	55585057	21275
16	55600620	55601593	33992
16	55608530	55608651	9083
16	55612937	55613208	26517
16	55616796	55617037	8012
16	55690532	55690923	26565
16	55703391	55703662	13619
16	55705758	55706148	22476
16	55718972	55719243	17543
16	55725775	55726016	17136
16	55727912	55728035	4362
16	55729130	55729371	15660
16	55730127	55730259	12032
16	55731721	55731992	15997
16	55732369	55732490	7966
16	55733424	55733576	18013
16	55734041	55734254	15328
16	55735719	55735870	3924
16	55736155	55736306	6130
16	55739094	55739215	1589
16	55762100	55762220	9903
16	55780614	55780735	24800
16	55783447	55783569	21005
16	55794529	55794629	20928
16	55798611	55798816	6044
16	55801235	55801437	15805
16	55803819	55804060	11303
16	55806280	55806434	11947
16	55807308	55807429	16730
16	55810694	55810865	11606
16	55813571	55813692	12314
16	55817459	55817700	14994
16	55819502	55819623	7002
16	55819821	55820062	21868
16	55824401	55824609	63039
16	55827294	55827416	23879
16	55827659	55827900	49594
16	55836931	55837172	43563
16	55837415	55837537	21380
16	55840222	55840430	25329
16	55844351	55844622	25914
16	55844819	55844940	6395
16	55846763	55847004	17799
16	55850763	55850914	9434
16	55853387	55853561	11404
16	55854274	55854401	17090
16	55855235	55855476	20920
16	55857407	55857648	127227
16	55859983	55860254	25815
16	55862661	55862896	53118
16	55866850	55867001	23937
16	55880353	55880604	9047
16	55880624	55880775	6078
16	55883489	55883730	10359
16	55886715	55886986	18346
16	55890261	55890382	9065
16	55893377	55893648	23497
16	55895284	55895438	10055
16	55897250	55897374	9791
16	55899800	55900071	17481
16	55903468	55903709	10270
16	55905484	55905725	11027
16	55907725	55907966	9601
16	55909005	55909156	9968
16	55983697	55983814	2755
16	55989726	55989827	4057
16	56225558	56225658	541
16	56225744	56225876	120
16	56226059	56226326	2257
16	56226415	56226566	7275
16	56226575	56226676	4896
16	56227990	56228224	8528
16	56276024	56276124	8555
16	56279432	56279535	4243
16	56281337	56281438	5966
16	56309792	56310033	27712
16	56362471	56362742	14886
16	56368553	56368824	14194
16	56370586	56370827	18189
16	56374671	56374942	23641
16	56377647	56377888	8494
16	56385284	56385492	13210
16	56388750	56388991	9385
16	56390076	56390283	14721
16	56390507	56390608	3320
16	56390872	56391056	4719
16	56391081	56391191	3568
16	56395565	56395666	5038
16	56395997	56397014	57725
16	56397773	56398044	15255
16	56401306	56401457	8720
16	56403050	56403291	9892
16	56419821	56419944	3776
16	56423040	56423311	16780
16	56435608	56435765	3347
16	56436842	56437083	16326
16	56438765	56439006	25789
16	56439074	56439195	7431
16	56441800	56442071	10520
16	56443266	56443537	4743
16	56448118	56448269	3747
16	56458975	56459276	200
16	56466543	56466694	5356
16	56468178	56468419	12345
16	56468642	56468763	5696
16	56473522	56473673	5700
16	56480508	56480629	7828
16	56481679	56481920	12483
16	56484935	56485176	35239
16	56485450	56485721	19968
16	56487126	56487367	9600
16	56492400	56492533	9983
16	56496434	56496556	5975
16	56500000	56500241	24761
16	56500742	56500893	8046
16	56501019	56501260	24503
16	56501807	56501940	3591
16	56503893	56504014	6524
16	56504369	56504730	8335
16	56508679	56508920	18440
16	56509356	56509507	22131
16	56509915	56510156	6755
16	56518663	56518789	5882
16	56519454	56519695	7167
16	56530869	56531001	3361
16	56531602	56531843	9153
16	56532293	56532534	11730
16	56533603	56533874	15038
16	56534730	56534971	21061
16	56535185	56535456	31174
16	56536147	56536418	8665
16	56536531	56536772	4949
16	56539813	56539964	8717
16	56540022	56540146	6402
16	56543816	56543967	10106
16	56544710	56544861	9817
16	56545012	56545253	7693
16	56548355	56548602	9842
16	56553594	56553835	49866
16	56598964	56599115	10135
16	56601634	56601755	13416
16	56602707	56602858	7425
16	56623426	56623874	17298
16	56624742	56624871	7718
16	56642520	56642641	14912
16	56642845	56642996	11596
16	56643159	56643280	6987
16	56651438	56651538	4281
16	56652496	56652596	9378
16	56659716	56659837	4988
16	56660314	56660897	74848
16	56666566	56666717	6831
16	56667193	56667429	28422
16	56667647	56667798	14797
16	56669693	56669793	6493
16	56670287	56670443	19969
16	56670727	56670890	21574
16	56672603	56672724	10658
16	56673117	56673268	14124
16	56673725	56673876	14120
16	56677589	56677710	8414
16	56677994	56678115	6906
16	56678588	56678709	9166
16	56682112	56682233	8462
16	56682709	56682830	10273
16	56683319	56683440	9292
16	56685788	56685939	6215
16	56686454	56686575	11193
16	56686840	56686991	9656
16	56691893	56692044	15889
16	56692528	56692679	12932
16	56692939	56693090	11745
16	56696110	56696251	7176
16	56696670	56696791	3665
16	56700745	56700896	8427
16	56701195	56701316	11634
16	56701800	56701951	10723
16	56703749	56703870	16399
16	56704359	56704510	13395
16	56704764	56704915	15700
16	56709670	56710175	15698
16	56710932	56711053	8630
16	56716377	56716526	5212
16	56717018	56717169	12050
16	56717816	56718104	18572
16	56782127	56782368	9923
16	56792387	56792628	15976
16	56832357	56832478	4366
16	56839358	56839595	21196
16	56852551	56852672	6245
16	56855399	56855520	6803
16	56857537	56857808	17590
16	56862833	56863074	17139
16	56864397	56864638	19665
16	56865685	56865956	12617
16	56866192	56866313	18865
16	56867101	56867342	11990
16	56867981	56868222	26950
16	56868226	56868377	17758
16	56868606	56868727	5370
16	56870449	56870690	23116
16	56871457	56871698	8442
16	56872801	56873042	26044
16	56873413	56873534	14351
16	56875559	56875800	23981
16	56878401	56878531	33851
16	56878585	56878686	23835
16	56892380	56892538	7663
16	56899077	56899451	22195
16	56900903	56901174	11280
16	56902155	56902306	15042
16	56903627	56903748	7449
16	56903956	56904197	13314
16	56904501	56904658	8577
16	56906227	56906384	8405
16	56906511	56906752	10515
16	56911955	56912106	17400
16	56912940	56913181	13564
16	56913416	56913571	11002
16	56913982	56914223	37996
16	56916297	56916419	11851
16	56917887	56918158	19556
16	56919165	56919286	5907
16	56920266	56920397	9905
16	56920783	56921054	7745
16	56921798	56921953	7070
16	56924135	56924286	20459
16	56925942	56926093	10402
16	56926854	56926976	8609
16	56928433	56928564	12569
16	56933423	56933544	2883
16	56936231	56936472	9110
16	56938249	56938400	13947
16	56947125	56947366	17522
16	56965973	56966349	4931
16	56969124	56969245	11847
16	56969288	56969409	7100
16	56970542	56970783	24063
16	56973058	56973329	16806
16	56973770	56974167	19261
16	56976005	56976159	7603
16	56976968	56977239	8388
16	56977373	56977474	7135
16	56977543	56977707	12912
16	56977731	56977832	3595
16	56994466	56994587	5926
16	56994832	56994953	3973
16	56995174	56995295	943
16	56995829	56996070	9947
16	56996226	56996347	4731
16	56996857	56997098	5891
16	57003213	57003617	30216
16	57003808	57003929	12397
16	57004918	57005039	3866
16	57005201	57005322	4043
16	57005858	57006009	6370
16	57007181	57007452	14359
16	57008946	57009097	16102
16	57011933	57012204	17833
16	57015042	57015163	4753
16	57015484	57015635	14592
16	57016051	57016172	16813
16	57017189	57017340	5330
16	57017449	57017600	9973
16	57051041	57051142	10426
16	57054560	57054951	29277
16	57056136	57056257	2625
16	57057669	57057790	8331
16	57059200	57060968	81492
16	57061934	57062085	10674
16	57062164	57062315	9476
16	57063635	57063786	6752
16	57063860	57064011	8860
16	57065254	57065405	15404
16	57067457	57067608	4855
16	57068060	57068181	8166
16	57069962	57070113	6916
16	57071060	57071211	12570
16	57073665	57073786	5359
16	57074504	57074655	10325
16	57075380	57075501	12133
16	57075874	57075995	4203
16	57077380	57077531	21699
16	57079320	57079441	4385
16	57080447	57080568	8414
16	57081437	57081558	2826
16	57085400	57085551	7964
16	57088616	57088767	10583
16	57088913	57089034	9271
16	57089326	57089447	6938
16	57091957	57092078	4986
16	57092837	57092988	4478
16	57093350	57093471	3757
16	57095310	57095461	8631
16	57095480	57095631	9847
16	57095713	57095877	7881
16	57096214	57096314	10965
16	57099105	57099226	9447
16	57100424	57100545	1597
16	57101249	57101400	14037
16	57101632	57101753	11143
16	57103728	57103849	8180
16	57104427	57104548	13949
16	57108462	57108613	8672
16	57110711	57110832	2727
16	57111158	57111309	6147
16	57111581	57111732	7496
16	57111832	57111953	4437
16	57112912	57113063	9546
16	57113107	57113228	7735
16	57113408	57113559	5356
16	57114990	57115111	15301
16	57115389	57115540	11203
16	57116319	57116450	9011
16	57127931	57128032	3795
16	57140014	57140115	8634
16	57144619	57144864	12102
16	57147168	57147409	8274
16	57149333	57149484	7504
16	57151382	57151503	10487
16	57153087	57153208	6158
16	57153456	57153577	6356
16	57154992	57155113	4083
16	57155537	57155688	6033
16	57157264	57157415	5185
16	57158171	57158414	13669
16	57159717	57159955	19991
16	57161726	57161847	11757
16	57168621	57168772	10808
16	57171006	57171247	18723
16	57179933	57180297	20235
16	57181425	57181580	5703
16	57181770	57181880	4664
16	57186574	57186675	3591
16	57186873	57186973	3942
16	57188189	57188430	3146
16	57197713	57197834	4930
16	57197853	57198004	4688
16	57200950	57201191	14445
16	57206102	57206343	26489
16	57206645	57206796	4476
16	57207610	57207784	11534
16	57220246	57220346	18221
16	57238534	57238930	12327
16	57241934	57242055	5431
16	57242977	57243109	8242
16	57246825	57247066	13299
16	57247737	57247888	14581
16	57250001	57250135	7038
16	57250760	57251001	19651
16	57254582	57254821	13335
16	57255134	57255375	26885
16	57261244	57261375	9037
16	57264612	57264735	3093
16	57265033	57265274	13090
16	57269026	57269150	5736
16	57272777	57272898	5214
16	57279237	57279358	9122
16	57279961	57280082	9282
16	57282410	57282565	6183
16	57283660	57283781	5947
16	57284309	57284430	5083
16	57286037	57286189	6849
16	57286565	57286665	10388
16	57286896	57286997	7516
16	57290731	57291002	9146
16	57292283	57292550	8957
16	57295744	57296015	16137
16	57318263	57318504	237
16	57392673	57392824	11511
16	57394289	57394530	29031
16	57397396	57397517	6189
16	57406424	57406575	19534
16	57413484	57413725	16063
16	57415901	57416982	55443
16	57417140	57417241	4602
16	57417356	57417457	9867
16	57447818	57447939	4272
16	57448900	57449171	8017
16	57449663	57449784	4565
16	57463045	57463202	6885
16	57464149	57464270	5478
16	57465003	57465392	16571
16	57466344	57466495	3105
16	57467918	57468159	12974
16	57470544	57470665	3135
16	57473018	57473289	12247
16	57474610	57474881	22174
16	57481392	57481513	1185
16	57484884	57485155	16018
16	57486629	57486900	11585
16	57490365	57490606	21508
16	57490823	57490944	4771
16	57492148	57492272	8253
16	57493403	57493674	13471
16	57493928	57494049	3498
16	57494427	57494646	8360
16	57496618	57496739	7341
16	57496874	57497025	15091
16	57499837	57499958	9844
16	57500051	57500172	9053
16	57503050	57503260	14604
16	57503586	57503707	5247
16	57503805	57504076	19470
16	57504137	57504288	11762
16	57504837	57505078	13313
16	57505846	57505971	2507
16	57506215	57506395	10547
16	57506837	57506938	4395
16	57507196	57507706	29341
16	57507730	57508001	14795
16	57508678	57508919	9116
16	57508982	57509191	10830
16	57509353	57509571	13044
16	57509724	57509879	12904
16	57513325	57513600	30679
16	57546566	57546837	29964
16	57549243	57549366	2421
16	57550138	57550409	21855
16	57551933	57552204	10113
16	57552443	57552714	15004
16	57554942	57555098	8756
16	57559774	57560049	14818
16	57562461	57563157	74
16	57595976	57596097	1896
16	57596272	57596393	8534
16	57596929	57597200	14499
16	57597674	57597945	23900
16	57598882	57599123	6601
16	57600435	57600706	13592
16	57601321	57601562	16393
16	57601720	57602081	19047
16	57604280	57604508	10504
16	57608684	57609045	42362
16	57609338	57609460	4045
16	57624471	57624692	9142
16	57625498	57625619	4983
16	57684170	57684291	6987
16	57685051	57685544	35477
16	57687029	57687300	21211
16	57687820	57688091	17075
16	57689225	57689496	12809
16	57689694	57689965	11802
16	57690069	57690220	3894
16	57690416	57690539	5071
16	57691192	57691463	18189
16	57693268	57693629	16519
16	57694670	57694798	29518
16	57695561	57695922	21785
16	57697307	57697548	27090
16	57702227	57702348	452
16	57707162	57707426	6365
16	57710029	57710300	8186
16	57712033	57712274	21187
16	57713004	57713275	21232
16	57713686	57713837	7805
16	57714165	57714287	7411
16	57714381	57714539	15519
16	57717772	57718163	22264
16	57718257	57718408	12427
16	57719485	57719876	33431
16	57722212	57722383	13530
16	57723661	57724022	16380
16	57731723	57732111	15470
16	57732697	57732968	16208
16	57733968	57734231	16927
16	57735823	57736064	13461
16	57738715	57738986	12610
16	57741359	57741600	9407
16	57752171	57752442	38360
16	57755523	57755674	13111
16	57756567	57756808	9769
16	57756826	57757097	8857
16	57758515	57758757	9181
16	57759966	57760207	11264
16	57760734	57760864	7922
16	57761174	57761331	8108
16	57762247	57762518	16482
16	57764761	57765183	28113
16	57771114	57771235	10040
16	57775512	57775783	17577
16	57778213	57778484	27540
16	57784727	57784849	10170
16	57785132	57785253	7449
16	57785503	57785654	10083
16	57785788	57786029	24706
16	57786416	57786537	14585
16	57786643	57787234	44494
16	57787244	57787485	14872
16	57787790	57787941	12847
16	57788784	57788935	11912
16	57788939	57789451	23763
16	57789699	57789850	7194
16	57789879	57790113	19260
16	57790204	57790445	22910
16	57790670	57790911	13523
16	57792694	57792868	12892
16	57793012	57793113	7325
16	57793630	57793758	12919
16	57794109	57794380	11398
16	57794601	57795138	34421
16	57795288	57795506	10486
16	57795965	57796236	17516
16	57798015	57798169	7648
16	57799340	57799581	13562
16	57800776	57800907	2923
16	57803450	57803913	31010
16	57804404	57804645	12230
16	57805018	57805646	25969
16	57806076	57806227	5116
16	57819375	57819578	12462
16	57822486	57822625	15567
16	57828860	57829101	18417
16	57831588	57831688	5338
16	57831855	57832194	5831
16	57849467	57849588	8130
16	57850114	57850827	32458
16	57896632	57896731	2373
16	57908161	57908444	9825
16	57918033	57918394	13791
16	57921747	57921988	7200
16	57931252	57931493	11338
16	57931607	57931864	7335
16	57935206	57935357	6338
16	57935419	57935540	10796
16	57937654	57937925	19993
16	57938557	57938828	7957
16	57945596	57945837	8379
16	57946804	57946925	9820
16	57949104	57949255	6876
16	57949966	57950117	10399
16	57951124	57951395	14832
16	57952929	57953200	31518
16	57954218	57954489	10829
16	57957167	57957294	3287
16	57965580	57965820	22156
16	57973245	57973608	12403
16	57974120	57974241	3236
16	57983111	57983447	17309
16	57984243	57984484	10932
16	57989195	57989316	5465
16	57991201	57991322	5709
16	57992290	57992411	9603
16	57993759	57994000	26212
16	57994348	57994469	8781
16	57994720	57994841	10872
16	57996400	57996551	9245
16	57996669	57996820	9800
16	57996831	57996982	12263
16	57998008	57998129	7577
16	57998358	57998479	11693
16	58000959	58001260	22365
16	58010305	58010576	27330
16	58011679	58011953	18906
16	58018176	58018297	9784
16	58018505	58018746	20836
16	58019079	58019200	1643
16	58019256	58019497	11675
16	58019767	58019888	9054
16	58021223	58021374	5095
16	58029417	58029518	6352
16	58030393	58032427	107124
16	58035375	58035496	3067
16	58036314	58036585	8328
16	58043803	58044044	13996
16	58048142	58048263	4222
16	58051199	58051353	14862
16	58052856	58052977	4094
16	58054035	58054159	13945
16	58060214	58060455	470
16	58071326	58071569	16325
16	58072082	58072353	28999
16	58073721	58074112	28379
16	58074400	58074641	13536
16	58075466	58075827	20608
16	58076052	58076323	16674
16	58077067	58077308	11009
16	58077352	58077593	10657
16	58078859	58079370	33949
16	58080004	58080105	5293
16	58080493	58080593	5004
16	58080730	58080830	9110
16	58147525	58147626	5415
16	58147870	58148021	3722
16	58148677	58148834	8696
16	58149145	58149386	23342
16	58149935	58150066	2610
16	58150754	58150875	11501
16	58162916	58163037	14134
16	58191965	58192251	33501
16	58197921	58198072	6311
16	58199416	58199657	19148
16	58200476	58200605	6922
16	58201100	58201222	7310
16	58201579	58201709	2693
16	58202494	58202615	16387
16	58208323	58208444	5606
16	58218097	58218248	7797
16	58220648	58220770	7386
16	58230627	58230758	9705
16	58231517	58231650	356
16	58283907	58284029	8316
16	58286572	58286813	7592
16	58287861	58288102	29835
16	58292198	58292469	13649
16	58293736	58293857	2660
16	58296245	58296486	4236
16	58301345	58301500	6409
16	58312342	58312583	10131
16	58313585	58313710	3537
16	58313835	58313936	7915
16	58314093	58314694	39210
16	58318438	58318679	15565
16	58319788	58320149	41281
16	58324830	58325071	7846
16	58327616	58327737	2902
16	58328918	58329019	9110
16	58426447	58426718	8203
16	58436992	58437245	9530
16	58438393	58438643	13070
16	58498291	58498412	395
16	58521650	58521778	2820
16	58528798	58528949	2594
16	58534101	58534222	7629
16	58537660	58537901	12770
16	58537966	58538353	14691
16	58538461	58538582	11843
16	58540072	58540393	21494
16	58540428	58540549	4743
16	58540776	58540929	7891
16	58541678	58541937	11935
16	58542828	58542949	6673
16	58542984	58543135	8316
16	58543169	58543290	5315
16	58544506	58544627	2486
16	58545251	58545522	20592
16	58545878	58546084	20294
16	58546835	58547048	30447
16	58549393	58549514	1090
16	58549674	58550027	1291
16	58550083	58550296	15348
16	58550327	58550598	27163
16	58550620	58550925	19080
16	58551923	58552164	10746
16	58552254	58552495	9849
16	58552599	58552960	15306
16	58554405	58554506	2448
16	58554589	58554690	3527
16	58554809	58554960	8158
16	58555032	58555273	7572
16	58557218	58557459	14145
16	58559051	58559292	35812
16	58559846	58560087	10979
16	58562182	58562303	4588
16	58562344	58562585	10341
16	58564139	58564261	4090
16	58565799	58566040	5297
16	58566096	58566337	7944
16	58568002	58568354	22176
16	58570846	58571134	17356
16	58571758	58571999	7932
16	58572052	58572180	5771
16	58572625	58572866	6179
16	58573616	58573887	16260
16	58575343	58575584	6005
16	58576125	58576249	5313
16	58576280	58576521	13007
16	58577288	58577838	21611
16	58579208	58579449	27748
16	58580192	58580433	8780
16	58580553	58580674	2087
16	58581080	58581210	4784
16	58581406	58581647	13218
16	58582318	58582589	14092
16	58583591	58583832	14939
16	58584984	58585225	6681
16	58585432	58585763	17463
16	58587663	58587784	4038
16	58589116	58589477	6253
16	58589628	58589869	10959
16	58590702	58590943	10172
16	58592326	58592597	15135
16	58593646	58593887	10589
16	58594069	58594310	9065
16	58608467	58608708	6529
16	58608850	58609091	13731
16	58610313	58610546	9874
16	58612541	58612902	14645
16	58614479	58614720	12370
16	58615212	58615453	20127
16	58616687	58616817	9557
16	58616880	58617142	7652
16	58619204	58619445	7777
16	58620399	58620670	13352
16	58621040	58621342	17703
16	58621641	58621792	5282
16	58622693	58622820	4890
16	58633129	58633331	8600
16	58700556	58700656	7501
16	58701209	58701401	9574
16	58703952	58704103	8705
16	58704927	58705168	32258
16	58705952	58706193	8245
16	58709779	58710020	14438
16	58710130	58710281	3164
16	58711187	58711338	14650
16	58712156	58712427	15317
16	58712547	58712818	21565
16	58713684	58714075	22026
16	58741766	58741867	2655
16	58742014	58742255	5551
16	58743274	58743515	17021
16	58749849	58750120	9346
16	58750490	58750761	13451
16	58752090	58752214	2671
16	58752390	58752631	10839
16	58753038	58753189	4633
16	58755996	58756237	8555
16	58757606	58757847	6368
16	58768026	58768147	3440
16	60392375	60393428	186464
16	61687457	61688058	31608
16	61689318	61689679	14758
16	61747682	61747923	15741
16	61760934	61761276	15614
16	61823196	61823437	17151
16	61851328	61851763	20090
16	61854802	61855043	10942
16	61858788	61859119	7950
16	61890961	61891202	6312
16	61935048	61935409	11421
16	62054970	62055361	13323
16	62859855	62859962	3298
16	64294528	64294654	5276
16	64980697	64981149	18874
16	64981158	64981258	3968
16	64981284	64981384	7381
16	64981432	64982053	39921
16	64982401	64982720	15772
16	64984614	64984975	19136
16	65005419	65005660	11491
16	65005749	65006020	12939
16	65006753	65006994	6635
16	65015896	65016257	24731
16	65022032	65022273	18894
16	65025633	65025874	26626
16	65026756	65026997	16523
16	65032400	65032791	17125
16	65038535	65038782	10628
16	65158238	65158348	2269
16	65161339	65161497	2746
16	65199795	65199895	3255
16	65200835	65200936	2844
16	65201286	65201406	3174
16	65203976	65204076	2432
16	65319268	65319389	3159
16	65345262	65345503	14681
16	65358846	65358947	9015
16	65361366	65361712	19611
16	65363992	65364152	6088
16	65368606	65368737	8729
16	65370266	65370418	6176
16	65377189	65377311	6982
16	65377417	65377532	3343
16	65377608	65377708	3272
16	65379572	65379700	3412
16	65381998	65382126	2014
16	65382312	65382422	3090
16	65388113	65388234	5398
16	65390312	65390413	1804
16	65397056	65397177	5366
16	65746052	65746362	8114
16	65746499	65746697	3001
16	65746780	65747028	6027
16	66413194	66413465	11975
16	66420674	66421035	24517
16	66422163	66422404	12554
16	66423225	66423462	9578
16	66424278	66424519	12616
16	66425986	66426342	10768
16	66429911	66430152	12647
16	66431825	66432066	11807
16	66432320	66432474	12891
16	66434615	66434976	18706
16	66436512	66437091	5154
16	66437740	66437840	2503
16	66438101	66438202	2157
16	66438591	66438691	3270
16	66471541	66471642	6756
16	66495266	66495366	1713
16	66503471	66503855	20872
16	66511416	66511657	7290
16	66514477	66514838	28542
16	66526865	66527341	24201
16	66545828	66545979	9230
16	66547612	66547733	2768
16	66550987	66551138	7926
16	66551674	66551795	4779
16	66562872	66562993	3414
16	66565266	66565387	5753
16	66570802	66570953	4900
16	66575757	66575878	3378
16	66581827	66581928	1832
16	66582835	66582956	5204
16	66583784	66584221	12322
16	66586566	66586717	4894
16	66592050	66592291	21346
16	66597011	66597132	14375
16	66599730	66600049	18404
16	66600361	66601085	22658
16	66603629	66603750	4316
16	66603796	66604037	8472
16	66604996	66605117	4934
16	66610964	66611115	4846
16	66612697	66612938	24862
16	66613441	66613832	8456
16	66613886	66614127	26543
16	66620889	66621011	11068
16	66621770	66622041	8886
16	66638699	66638916	0
16	66642168	66642409	6194
16	66643324	66643445	5121
16	66643724	66643965	22091
16	66646464	66646585	8378
16	66646931	66647052	6658
16	66651159	66651280	6163
16	66654603	66654703	3747
16	66654905	66655005	6020
16	66655307	66655408	2713
16	66655627	66655727	2035
16	66655921	66656162	8593
16	66657264	66657415	4489
16	66670274	66670515	12757
16	66730214	66730438	0
16	66754834	66754935	4343
16	66755102	66755203	2939
16	66755340	66755539	9242
16	66755596	66755697	3456
16	66755981	66756082	3830
16	66756143	66756369	6625
16	66756549	66756650	3821
16	66757242	66757363	8333
16	66757491	66757735	12014
16	66759637	66759908	10147
16	66761528	66761769	10811
16	66762033	66762191	11872
16	66762911	66763032	18187
16	66764005	66764136	2731
16	66766188	66766429	8807
16	66768106	66768227	8508
16	66769941	66770182	13660
16	66776331	66776581	9269
16	66783036	66783277	34247
16	66785151	66785272	9798
16	66785378	66785504	612
16	66788878	66789067	8783
16	66792658	66792758	5712
16	66793035	66793194	5967
16	66801315	66801456	7176
16	66801988	66802089	5369
16	66803838	66804278	26768
16	66806450	66806691	12992
16	66809020	66809147	6200
16	66811050	66811291	4942
16	66812720	66812961	7795
16	66819628	66820094	14699
16	66820096	66820217	7841
16	66822011	66822210	8771
16	66824440	66824681	14549
16	66824745	66824986	9633
16	66830624	66830745	7727
16	66836740	66836841	1311
16	66836902	66837031	1889
16	66839613	66839991	13356
16	66842408	66842529	10135
16	66842873	66842994	4759
16	66844235	66844356	6182
16	66844546	66844697	9644
16	66847382	66847653	14419
16	66847658	66847779	9288
16	66850438	66850589	10174
16	66850838	66850959	5675
16	66851258	66851418	3384
16	66852421	66852550	5064
16	66855343	66855472	1272
16	66857108	66857229	4770
16	66857406	66857527	3845
16	66858711	66858832	4466
16	66860394	66860515	5449
16	66860540	66860693	4641
16	66861849	66862007	9642
16	66864714	66864835	303
16	66878349	66878470	755
16	66880910	66881151	7808
16	66884381	66884622	12508
16	66885352	66885473	14003
16	66885536	66885657	12264
16	66886541	66886812	11480
16	66887218	66887513	14668
16	66887631	66887908	12195
16	66887937	66888038	2551
16	66918141	66921856	163585
16	66942252	66942403	6069
16	66943106	66943296	7975
16	66943851	66944006	8215
16	66944072	66944463	22417
16	66945030	66945271	8986
16	66945711	66946358	36210
16	66946383	66946504	7374
16	66946529	66946804	3069
16	66946957	66947228	12518
16	66947303	66947574	8698
16	66948065	66948336	18990
16	66949063	66949321	11416
16	66949915	66950374	28772
16	66951525	66951646	4723
16	66951884	66952005	5970
16	66955575	66955675	3866
16	66955906	66956297	20459
16	66957399	66957640	13246
16	66957694	66957845	8236
16	66958656	66959137	7711
16	66966093	66966214	4304
16	66966644	66966765	8502
16	66967458	66967691	9771
16	66967867	66967993	3262
16	66968074	66968316	1617
16	66969299	66969660	48637
16	66971920	66972161	9536
16	66973039	66973310	14912
16	66974070	66974648	82364
16	66974984	66975135	4319
16	66975357	66975598	7796
16	66975619	66975770	5016
16	66975928	66976199	14594
16	66976498	66976739	10661
16	66977176	66977297	5577
16	66977683	66977954	18502
16	66995190	66995311	6345
16	66997062	66997303	17203
16	66997311	66997582	13667
16	66997650	66997891	17107
16	66998215	66998456	12718
16	66998486	66998640	18025
16	67000106	67000258	6513
16	67000546	67000817	14383
16	67003530	67003681	9323
16	67004997	67005268	11121
16	67006182	67006453	26388
16	67006518	67006669	8306
16	67006703	67006974	7347
16	67022607	67022764	7126
16	67029480	67029751	15314
16	67034523	67034692	12931
16	67034705	67034946	3299
16	67035166	67035407	9974
16	67036963	67037087	7995
16	67037149	67037273	8275
16	67037330	67037487	4978
16	67037905	67038176	31230
16	67038674	67038795	2436
16	67039068	67039339	17043
16	67040236	67040477	8222
16	67040592	67040743	8217
16	67042809	67043080	18897
16	67063277	67063417	2441
16	67063611	67063732	378
16	67070478	67070719	16969
16	67100521	67100762	16511
16	67116092	67116298	17743
16	67132562	67132697	7403
16	67133553	67133725	8807
16	67134004	67134475	28805
16	67134659	67134760	8121
16	67134802	67134920	4808
16	67144049	67144170	5091
16	67153994	67154115	6410
16	67159812	67159963	8272
16	67165149	67165270	6419
16	67166280	67166881	54369
16	67168028	67168179	17840
16	67168222	67168380	15211
16	67173832	67174073	17993
16	67174394	67174515	5668
16	67178176	67178297	7589
16	67178697	67178818	7560
16	67179239	67179360	8263
16	67179410	67179561	7487
16	67180125	67180276	15033
16	67180899	67181050	7604
16	67181221	67181321	3862
16	67181445	67181558	6853
16	67181708	67181868	12148
16	67182003	67182305	11127
16	67183122	67184575	38898
16	67188525	67188886	8915
16	67188976	67189217	7379
16	67189237	67189598	1922
16	67190366	67190607	9865
16	67195643	67195884	17261
16	67196695	67197776	51290
16	67198523	67198623	116
16	67198654	67198895	382
16	67199415	67199543	4074
16	67199564	67200030	2579
16	67200169	67200320	8183
16	67200431	67200552	3439
16	67200982	67201135	18487
16	67201288	67201559	13881
16	67201587	67201860	23623
16	67202695	67202849	4947
16	67202880	67203031	4174
16	67203125	67203276	10886
16	67203459	67203730	20185
16	67208038	67208399	15110
16	67208500	67209025	28705
16	67210242	67210369	4752
16	67210644	67210915	21759
16	67211870	67212021	2197
16	67212073	67212789	8011
16	67213247	67213518	16831
16	67213638	67213909	14545
16	67213927	67214569	63407
16	67218270	67218521	3308
16	67218529	67219448	28741
16	67220130	67220260	8352
16	67220448	67220570	12403
16	67220573	67221793	58332
16	67222582	67223122	21257
16	67223465	67223616	11618
16	67226121	67226289	6930
16	67226654	67226783	3617
16	67226871	67227112	10498
16	67227305	67227456	13112
16	67228240	67228391	3149
16	67228554	67228915	17544
16	67229671	67229970	22264
16	67231434	67231585	15072
16	67231700	67232088	24716
16	67233007	67233368	14608
16	67233414	67233682	2063
16	67233787	67233938	8105
16	67234028	67234299	11540
16	67234312	67234463	8120
16	67234514	67234755	15976
16	67234770	67234891	4154
16	67235258	67235830	27839
16	67235839	67235991	9001
16	67236041	67236731	36426
16	67236759	67236917	7570
16	67237012	67237136	5803
16	67237179	67237330	7910
16	67237381	67237502	12147
16	67237522	67237793	11599
16	67241440	67241711	27561
16	67241733	67242004	14142
16	67242135	67242755	27319
16	67243899	67244420	13661
16	67244462	67244927	20660
16	67257728	67257830	2001
16	67260839	67260939	3807
16	67261063	67261184	13502
16	67261725	67261990	9370
16	67262226	67262596	25506
16	67262680	67262801	7147
16	67262826	67263067	7048
16	67263363	67263463	2575
16	67263518	67263639	6867
16	67263673	67264169	22998
16	67264191	67264432	9375
16	67264447	67264718	14979
16	67265020	67265750	44842
16	67265898	67266137	24746
16	67267506	67268437	64720
16	67269895	67269995	2976
16	67270275	67270375	1755
16	67270423	67270646	9751
16	67270791	67271333	20293
16	67271363	67271484	6507
16	67271550	67271681	4345
16	67271898	67272049	6406
16	67272066	67272220	7899
16	67272255	67272376	3496
16	67272776	67272897	5538
16	67273212	67273367	6755
16	67281091	67281332	12447
16	67282889	67283130	13894
16	67286414	67286775	23850
16	67288854	67289125	26712
16	67289243	67289394	3778
16	67289623	67289864	9538
16	67290330	67290602	11361
16	67290763	67291034	6106
16	67291201	67291352	9588
16	67291377	67291528	11102
16	67292164	67292405	13714
16	67293458	67293579	3402
16	67293664	67293905	10311
16	67296092	67296213	10195
16	67298188	67298459	17841
16	67298884	67299035	13450
16	67299908	67300209	17199
16	67304631	67305217	39402
16	67305394	67305495	4266
16	67313895	67314539	25001
16	67314570	67314966	24095
16	67314979	67315100	11804
16	67315417	67315568	7825
16	67315592	67315750	8968
16	67315869	67316020	6241
16	67316026	67316297	9905
16	67316353	67316803	21870
16	67318117	67318388	16757
16	67318553	67319493	49179
16	67320160	67320281	13891
16	67320337	67320579	9326
16	67320615	67321111	22798
16	67321737	67321978	6259
16	67322060	67322313	11241
16	67322328	67322569	18050
16	67322617	67322768	5339
16	67323437	67323595	8481
16	67324777	67324899	5811
16	67325167	67325408	8614
16	67325523	67325764	10728
16	67327376	67328120	62109
16	67328418	67328659	18818
16	67328856	67328977	6610
16	67329115	67329356	18559
16	67330050	67330172	14042
16	67331334	67331605	17592
16	67333219	67333567	19124
16	67335608	67335879	12241
16	67336993	67337264	20192
16	67338277	67338518	17119
16	67354428	67354812	22283
16	67360547	67360668	4728
16	67360750	67360884	5605
16	67375802	67376043	9053
16	67380133	67380374	17192
16	67381354	67381505	8719
16	67384087	67384238	7624
16	67397442	67397674	14964
16	67399171	67399292	3341
16	67400898	67401379	27697
16	67404816	67405247	27694
16	67409111	67409352	11683
16	67410581	67410822	12650
16	67412441	67412673	7696
16	67415971	67416212	9408
16	67418731	67419002	34254
16	67423719	67423820	7178
16	67424049	67424290	18136
16	67424307	67424578	11331
16	67424799	67425040	20358
16	67428325	67428838	11200
16	67428863	67429183	34945
16	67429366	67429487	6119
16	67432079	67432237	10978
16	67432433	67432904	22205
16	67433247	67433369	9746
16	67434826	67435067	11014
16	67438323	67438424	4886
16	67440042	67440403	17993
16	67441561	67441724	7590
16	67465141	67465463	273
16	67469515	67469756	12185
16	67469801	67470299	25773
16	67470457	67470938	21514
16	67471260	67471361	6128
16	67472397	67472631	13689
16	67472643	67472794	4275
16	67472810	67473081	7514
16	67473124	67473275	5080
16	67476950	67477101	7709
16	67478368	67478639	11271
16	67487381	67487652	17461
16	67491009	67491513	20999
16	67514773	67515044	33608
16	67516508	67516749	8832
16	67516879	67517030	8231
16	67517115	67517356	7438
16	67563694	67563794	7067
16	67571440	67571541	703
16	67572326	67572463	2359
16	67572499	67572770	11990
16	67572840	67572991	4387
16	67573551	67573835	22922
16	67573880	67574294	34024
16	67574321	67574664	24736
16	67575255	67577188	138021
16	67577193	67577493	14801
16	67578146	67578387	11609
16	67578514	67578785	13437
16	67578788	67579059	18972
16	67579206	67579477	10597
16	67579513	67579784	17446
16	67579802	67579953	3331
16	67580027	67580148	5398
16	67580256	67580377	7183
16	67580416	67580517	11939
16	67596408	67596508	250
16	67596534	67596635	0
16	67605056	67605177	7339
16	67644674	67645545	29596
16	67645817	67646058	9427
16	67650593	67650834	24069
16	67654538	67654779	21216
16	67655298	67655539	9376
16	67660416	67660657	28827
16	67662242	67662483	19507
16	67663247	67663488	9408
16	67670552	67670793	14048
16	67671531	67671802	7966
16	67671863	67672029	7163
16	67672038	67672166	6361
16	67672430	67672610	5401
16	67672752	67672896	6533
16	67672903	67673004	5129
16	67679006	67679229	12732
16	67679427	67679548	6612
16	67679592	67679713	7369
16	67679890	67680011	4172
16	67680029	67680270	13336
16	67680313	67680434	5298
16	67680590	67680711	7424
16	67680778	67680899	8400
16	67680995	67681116	12922
16	67681184	67681305	7895
16	67681396	67681517	9441
16	67681564	67682415	19127
16	67682561	67682686	4032
16	67682775	67682896	7794
16	67682965	67683086	9697
16	67683124	67683245	4531
16	67683314	67683555	8427
16	67683668	67684122	18745
16	67685032	67685480	27428
16	67685536	67685758	10886
16	67685806	67685927	5954
16	67686032	67686252	24762
16	67686346	67686467	22223
16	67686897	67687275	701
16	67687997	67688861	104315
16	67689890	67690011	5517
16	67690105	67690226	6634
16	67690256	67690617	20870
16	67690682	67690803	6631
16	67691119	67691240	9143
16	67691243	67691607	18286
16	67691649	67691770	6169
16	67691805	67692316	38466
16	67692409	67692560	7655
16	67692579	67692730	6727
16	67692785	67693026	7126
16	67693057	67693359	13127
16	67693386	67693537	4529
16	67693560	67693711	7181
16	67693755	67694442	10937
16	67694922	67695061	6251
16	67695347	67695590	32548
16	67695751	67696592	52455
16	67697022	67697761	34472
16	67697781	67698064	11883
16	67698833	67699104	12239
16	67699919	67700190	8001
16	67700241	67700362	581
16	67700803	67701044	8790
16	67701129	67702542	90439
16	67702583	67702684	2841
16	67708995	67709986	68760
16	67719279	67719668	15507
16	67756992	67757093	5673
16	67757102	67757203	6782
16	67757325	67757438	12961
16	67757829	67757977	3482
16	67758952	67759053	5409
16	67759312	67759413	3354
16	67759726	67759941	8974
16	67759958	67760155	10011
16	67760244	67760515	14176
16	67761194	67761351	5164
16	67761605	67761846	7143
16	67762232	67762473	12939
16	67763107	67763428	43198
16	67763535	67763776	10383
16	67763803	67763959	10141
16	67765339	67765497	21571
16	67768701	67768972	12641
16	67771865	67771986	1618
16	67778123	67778394	17345
16	67778570	67779149	14572
16	67805871	67806013	6390
16	67837005	67837218	13672
16	67839295	67839452	8020
16	67840195	67840450	13556
16	67841025	67841126	7324
16	67848204	67848304	4163
16	67854714	67854865	4794
16	67854943	67855184	15021
16	67857514	67857635	6887
16	67858432	67858703	12988
16	67858986	67859227	18173
16	67859503	67860239	29096
16	67860281	67860522	15065
16	67860549	67860790	15996
16	67860829	67860985	9260
16	67861093	67861334	9432
16	67861337	67861492	9712
16	67861500	67861955	17933
16	67862080	67862491	11105
16	67862506	67862777	9669
16	67863311	67863432	7353
16	67863648	67864127	39045
16	67864220	67864491	14771
16	67865038	67865309	14382
16	67865435	67865556	3869
16	67865603	67865844	12852
16	67865871	67866022	9201
16	67866083	67866234	7311
16	67866311	67866462	7887
16	67867643	67867772	1125
16	67876448	67878099	94182
16	67880841	67880942	68
16	67881180	67881359	794
16	67899021	67899142	4035
16	67902217	67902338	7868
16	67902361	67902512	8148
16	67904668	67904826	11861
16	67905001	67905250	9295
16	67907144	67907265	236
16	67909804	67910045	17429
16	67910355	67910512	8118
16	67910734	67910885	3575
16	67911093	67911758	50182
16	67912032	67912188	16513
16	67912213	67912364	5650
16	67912425	67912546	7314
16	67912599	67912752	10322
16	67912828	67913069	9663
16	67913114	67913235	11864
16	67913269	67913420	14683
16	67913462	67914162	36067
16	67914405	67914916	37138
16	67914939	67915477	23600
16	67915508	67915779	18584
16	67915783	67917090	61072
16	67917401	67917672	9266
16	67917833	67918074	11915
16	67918784	67918905	3961
16	67919569	67919810	14281
16	67919838	67920199	19303
16	67941751	67941851	5489
16	67942582	67943714	57439
16	67956188	67956288	7898
16	67961175	67961566	22364
16	67962244	67962345	3891
16	67962351	67962451	3764
16	67962821	67963016	9137
16	67963796	67964274	32065
16	67964279	67964520	6936
16	67964578	67964729	9874
16	67964771	67964922	18066
16	67964991	67965114	9026
16	67965668	67965789	7195
16	67968427	67968584	15200
16	67968624	67968895	11401
16	67969290	67969411	8672
16	67969421	67969662	13528
16	67969814	67970055	21272
16	67970075	67970226	12125
16	67970253	67970404	15492
16	67970563	67970684	1876
16	67973762	67974393	42340
16	67976226	67976500	12515
16	67976530	67976681	4201
16	67976700	67977156	16701
16	67977806	67978047	74802
16	67978727	67978848	6802
16	67978905	67979176	10873
16	67979212	67979483	12826
16	67979629	67979784	9892
16	67979798	67980278	42163
16	67980317	67980558	19952
16	67980772	67981043	26188
16	67981194	67981348	3237
16	67981510	67981751	7068
16	67981921	67982072	5248
16	67983610	67983881	11553
16	67984157	67984428	18479
16	67984494	67984645	8724
16	67984822	67985244	22877
16	67985711	67985952	13843
16	67986026	67986387	15092
16	67988006	67988122	3191
16	67988489	67988730	13092
16	67991610	67991731	9984
16	67991752	67991993	10820
16	67995392	67995663	10994
16	67997323	67997474	5343
16	67997831	67997932	3871
16	68000616	68000717	1535
16	68002276	68002558	179
16	68009604	68010183	66292
16	68010579	68010700	5686
16	68011153	68011274	8375
16	68011522	68011763	8534
16	68011814	68011935	7449
16	68012119	68012584	36341
16	68013483	68013724	21350
16	68013969	68014417	12062
16	68021324	68021942	35103
16	68023202	68023323	5242
16	68023900	68024051	7621
16	68024660	68024931	20216
16	68024961	68025112	10481
16	68025690	68026151	41178
16	68026354	68026595	20584
16	68026802	68027163	28435
16	68055422	68057960	202265
16	68071868	68072109	25463
16	68083369	68083490	6272
16	68087451	68087572	6640
16	68088439	68088560	18708
16	68089672	68089896	4182
16	68090235	68090356	10158
16	68094901	68095052	8794
16	68100161	68100312	11593
16	68100412	68100563	9052
16	68104018	68104139	19107
16	68104805	68105046	13779
16	68107846	68108117	11225
16	68109181	68109452	14929
16	68110487	68110638	9525
16	68112323	68112444	9368
16	68112559	68112950	21992
16	68113111	68113211	3922
16	68119574	68119697	888
16	68155855	68157056	58239
16	68160310	68160551	21381
16	68191750	68191991	9579
16	68200710	68200951	23604
16	68208225	68208466	14403
16	68215344	68215465	4432
16	68217084	68217325	15980
16	68224633	68225720	70184
16	68248220	68248342	21337
16	68255081	68255202	4652
16	68260192	68260475	22353
16	68260581	68260722	9986
16	68262407	68262508	2772
16	68262542	68262643	2243
16	68263293	68263394	4357
16	68264112	68264494	11019
16	68264685	68264956	17958
16	68265028	68265299	17232
16	68265339	68265610	11527
16	68265644	68266035	13817
16	68266078	68266750	33178
16	68267217	68267338	5388
16	68267606	68267847	22130
16	68267862	68268020	10659
16	68269479	68270064	4409
16	68279271	68279512	43860
16	68283149	68283390	4946
16	68288729	68289000	30824
16	68289172	68289293	5798
16	68289628	68289903	15472
16	68292973	68293604	21859
16	68293738	68293839	3258
16	68294152	68294253	7467
16	68308589	68309190	48237
16	68321590	68321831	31278
16	68324265	68324490	28519
16	68325052	68325293	30830
16	68325451	68325574	17905
16	68328564	68328715	9591
16	68330190	68330461	24305
16	68330500	68330741	29550
16	68331122	68331243	7337
16	68331306	68331434	2905
16	68331745	68331846	4119
16	68332034	68332135	7653
16	68332919	68333020	11981
16	68333230	68333331	5904
16	68335091	68335362	12434
16	68336222	68336463	33043
16	68337880	68338151	27254
16	68344195	68344556	13880
16	68344582	68344853	19379
16	68349868	68349989	13224
16	68355285	68355406	10650
16	68358539	68358780	14604
16	68362959	68363087	7861
16	68371352	68371484	4493
16	68373164	68373525	21904
16	68373629	68373900	13478
16	68379490	68379761	14214
16	68379994	68380235	8276
16	68381094	68381215	4288
16	68381466	68381617	11255
16	68382198	68382349	9132
16	68383796	68384226	33692
16	68386080	68386399	30793
16	68387370	68387491	6656
16	68389584	68389825	42625
16	68390590	68390711	6300
16	68390890	68391161	15546
16	68392229	68392330	5886
16	68392434	68392535	3147
16	68392884	68392985	3157
16	68393439	68393540	7286
16	68394003	68394104	744
16	68394453	68394554	5880
16	68394562	68394677	10752
16	68394793	68394929	4856
16	68395068	68395220	13579
16	68395432	68395703	19600
16	68397339	68397490	6993
16	68397663	68397784	6191
16	68398580	68398851	14234
16	68398866	68399017	9364
16	68404671	68406142	68709
16	68573650	68573771	1822
16	68591842	68592083	28576
16	68592362	68592483	7551
16	68596932	68598736	90833
16	68679090	68679190	1319
16	68679243	68679364	1337
16	68679474	68679715	2694
16	68710269	68710390	5448
16	68711957	68712228	13184
16	68712360	68712601	11895
16	68712615	68712856	12562
16	68713668	68713909	12692
16	68714783	68715054	10958
16	68716176	68716417	11942
16	68718395	68718786	26531
16	68719029	68719300	11901
16	68721405	68721649	9194
16	68725574	68725845	15722
16	68729071	68729342	10174
16	68729631	68729872	8499
16	68732047	68732318	22805
16	68771292	68771424	383
16	68772135	68772376	23320
16	68835533	68835806	12645
16	68842277	68842518	14771
16	68842552	68842793	7773
16	68844020	68844291	12371
16	68845553	68845794	19325
16	68845980	68846221	22553
16	68847159	68847520	21249
16	68849358	68849719	24436
16	68853134	68853375	20823
16	68855894	68856138	15285
16	68857264	68857539	11181
16	68862020	68862261	32478
16	68863507	68863748	13382
16	68867146	68867417	12617
16	68868681	68868782	3575
16	68869384	68869485	4485
16	68877506	68877627	8538
16	68893745	68894466	48774
16	68896844	68896965	1741
16	68900931	68901172	11665
16	68909003	68909244	13610
16	68911980	68912221	18769
16	68914430	68914551	14726
16	68934331	68934470	14320
16	68936197	68936438	8526
16	68941290	68941531	10408
16	68943088	68943329	5716
16	68952933	68953174	17166
16	68961427	68962028	31721
16	68964108	68964229	5934
16	69007879	69008120	15313
16	69056685	69056926	11908
16	69067891	69068338	23372
16	69074146	69074387	20989
16	69100634	69100791	3021
16	69103642	69103835	18638
16	69105738	69105912	12847
16	69109029	69109143	1710
16	69117354	69117595	10630
16	69143255	69143976	38846
16	69147303	69147455	5292
16	69148226	69149249	80408
16	69149668	69149919	6966
16	69150307	69150407	5669
16	69151106	69151267	16775
16	69151330	69151431	12508
16	69151884	69152056	3778
16	69152248	69152375	8859
16	69152378	69152536	6115
16	69152693	69154614	132016
16	69154863	69155134	10388
16	69155288	69155409	3931
16	69165974	69166074	9027
16	69166384	69166484	5
16	69167320	69167561	18199
16	69170573	69170814	22338
16	69171684	69171805	4468
16	69173711	69173832	11229
16	69177065	69177306	29138
16	69184374	69184645	14939
16	69184670	69184821	9421
16	69187473	69187612	5819
16	69188266	69188387	6887
16	69189713	69189954	21042
16	69190943	69191184	6404
16	69194220	69194375	7908
16	69196942	69197093	18564
16	69199215	69199474	10365
16	69199975	69200075	9150
16	69200941	69201098	9581
16	69202660	69202901	8881
16	69221037	69221717	1664
16	69279460	69279731	10557
16	69279845	69279966	5017
16	69293906	69294177	16166
16	69303995	69304236	16899
16	69317927	69318168	15467
16	69333463	69333704	12494
16	69334689	69334840	10404
16	69334844	69334981	4193
16	69335558	69335733	11324
16	69337528	69337649	8613
16	69338253	69338354	4867
16	69339075	69339175	2065
16	69342050	69342151	7279
16	69342841	69342942	2495
16	69345363	69345484	169
16	69349845	69350321	15266
16	69352522	69352643	4735
16	69352716	69352905	9624
16	69353246	69353487	8672
16	69353996	69354237	16134
16	69354570	69354691	4538
16	69354942	69355183	11559
16	69356411	69356652	9712
16	69358040	69358281	9476
16	69362882	69363123	15058
16	69363885	69364486	765
16	69364688	69365049	13436
16	69366559	69366820	7570
16	69368414	69369261	44087
16	69370390	69370631	7293
16	69373025	69373506	21328
16	69373669	69373820	6845
16	69373860	69374011	9729
16	69374014	69374285	12826
16	69375031	69375272	15128
16	69375374	69375615	16413
16	69377300	69377553	12222
16	69381643	69381884	14282
16	69383339	69383610	12283
16	69385398	69385676	15436
16	69389574	69389675	2111
16	69390758	69390999	15731
16	69391351	69391502	11105
16	69395288	69395409	6039
16	69400634	69401145	31469
16	69402269	69402395	4871
16	69404337	69404578	6938
16	69406153	69406274	4178
16	69418396	69418667	10782
16	69419280	69419401	4714
16	69419433	69419908	386
16	69458552	69458793	13441
16	69480965	69481236	23711
16	69481971	69482108	14949
16	69492959	69493112	5180
16	69496286	69496437	10366
16	69498644	69498744	5477
16	69499976	69500179	23722
16	69599679	69599800	0
16	69599861	69599961	905
16	69600179	69600300	320
16	69602363	69602484	9933
16	69660247	69660488	8889
16	69679190	69679291	5431
16	69680400	69680500	1074
16	69680878	69681509	31732
16	69687113	69687354	10897
16	69689485	69689726	15450
16	69693564	69693835	11515
16	69703825	69704066	11455
16	69704073	69704224	6757
16	69711062	69711291	8068
16	69718770	69718891	3239
16	69724795	69725036	12642
16	69725611	69728162	100861
16	69729029	69729284	15549
16	69730361	69730462	4030
16	69730567	69730668	3062
16	69730898	69731038	5095
16	69731454	69731684	11505
16	69732029	69732525	29851
16	69732566	69732667	4484
16	69732733	69732833	6675
16	69733157	69733311	5064
16	69733479	69733580	3288
16	69733610	69733711	1039
16	69735238	69735339	3994
16	69736020	69736130	7537
16	69736702	69736802	8502
16	69736804	69736997	8589
16	69737096	69737196	5009
16	69737394	69737494	8376
16	69737541	69737642	17227
16	69738028	69738129	6986
16	69738237	69738546	15607
16	69744850	69745211	17792
16	69746891	69747042	8217
16	69748832	69748990	3859
16	69751939	69752474	13611
16	69760247	69760398	22055
16	69776188	69776549	24507
16	69778726	69778967	12690
16	69782122	69782243	2704
16	69782799	69783040	11496
16	69783057	69783298	7878
16	69783406	69783557	3460
16	69786095	69786328	14014
16	69788411	69788682	13902
16	69788720	69788841	2858
16	69790384	69790505	9063
16	69791293	69791414	21892
16	69820857	69821008	5239
16	69832507	69832778	13027
16	69833016	69833257	10890
16	69873976	69874217	13106
16	69875913	69876034	784
16	69905649	69905890	20467
16	69921925	69922166	18291
16	69942617	69942768	15893
16	69951547	69951818	11882
16	69959268	69959419	6925
16	69963300	69963451	5039
16	69963544	69963644	5571
16	69963975	69964216	11013
16	69965001	69965152	10221
16	69965386	69965507	6271
16	69965657	69965808	19451
16	69966959	69967108	10116
16	69967831	69968060	20705
16	69969060	69969160	5530
16	69969671	69969942	5700
16	69970133	69970404	11261
16	69970929	69971200	12881
16	69971411	69971565	2750
16	69972916	69973037	10249
16	69973218	69973339	9173
16	69973732	69973936	13175
16	69974100	69974200	5841
16	69974758	69974859	4344
16	69975350	69975451	10332
16	69975573	69975673	9974
16	69976139	69976239	4317
16	69985210	69985451	36848
16	69985922	69986043	31634
16	69988145	69988536	50570
16	69992832	69992953	16679
16	69993302	69993543	15628
16	69993632	69993759	16976
16	69994260	69994382	18334
16	69994738	69994864	22534
16	69995432	69996053	55703
16	69996595	69996746	20337
16	69996863	69996984	39232
16	69997434	69997555	19135
16	70010519	70010704	10091
16	70011713	70011836	22184
16	70012093	70012226	23140
16	70013121	70013362	52771
16	70020381	70020502	19965
16	70029910	70030091	39674
16	70030309	70030430	32816
16	70044585	70044826	22498
16	70045726	70045847	5465
16	70047977	70048098	6973
16	70051913	70052034	6203
16	70055668	70055909	25337
16	70057269	70057390	6797
16	70057495	70057617	8427
16	70058469	70058590	11615
16	70064868	70064990	3780
16	70065775	70065897	10094
16	70068047	70068288	27200
16	70070286	70070527	23980
16	70072786	70072908	10211
16	70076225	70076346	7097
16	70076808	70076929	7266
16	70078235	70078356	7678
16	70099607	70099790	440
16	70134302	70134423	6502
16	70154327	70154690	42707
16	70161108	70161349	29033
16	70162666	70162787	27709
16	70162822	70163067	43343
16	70164262	70164506	31724
16	70164621	70164742	28053
16	70165142	70165383	35358
16	70165811	70165932	25320
16	70166007	70166248	40715
16	70170071	70170312	29698
16	70172742	70172983	43691
16	70176093	70176334	45023
16	70176401	70176642	23459
16	70177365	70177606	42615
16	70178258	70178499	42725
16	70180022	70180143	17362
16	70182345	70182471	20439
16	70187263	70187504	24156
16	70190338	70190819	53813
16	70190893	70191134	16591
16	70191289	70191389	7466
16	70191607	70191708	28130
16	70208122	70208363	9589
16	70208834	70208955	12701
16	70211052	70211443	41947
16	70215740	70215861	15438
16	70216210	70216451	13609
16	70216540	70216667	18790
16	70217168	70217290	19814
16	70217646	70217772	21362
16	70218340	70218961	56043
16	70219503	70219654	16722
16	70219772	70219893	5174
16	70220343	70220464	10064
16	70253774	70253894	20007
16	70254582	70254826	48529
16	70255109	70255350	82541
16	70256203	70256448	61915
16	70260652	70260895	38744
16	70260970	70261209	42007
16	70263596	70263838	25684
16	70264836	70265098	72813
16	70265206	70265448	75113
16	70265793	70266034	44565
16	70266515	70266759	81551
16	70267256	70267497	46202
16	70267500	70267621	19126
16	70268014	70268255	39497
16	70268859	70269103	44906
16	70269162	70269401	51015
16	70274869	70275231	59625
16	70277516	70277735	56206
16	70279409	70279530	18903
16	70280415	70280536	29500
16	70284870	70285834	13356
16	70286401	70286502	5292
16	70286565	70286836	13805
16	70287136	70287294	7591
16	70287568	70287719	8049
16	70287730	70288001	12196
16	70288489	70288647	6429
16	70289593	70289749	8875
16	70291876	70292147	7001
16	70292864	70293105	16850
16	70294937	70295070	8996
16	70296216	70296457	15984
16	70298811	70299052	18291
16	70299381	70299622	22410
16	70301515	70301756	14575
16	70302164	70302292	7583
16	70303472	70303713	12966
16	70304049	70304290	21333
16	70305628	70305899	9583
16	70310340	70310581	8662
16	70310841	70311082	11107
16	70316481	70316714	11336
16	70333164	70333288	8568
16	70346474	70346595	10171
16	70348740	70348891	10842
16	70349818	70350059	12571
16	70351383	70351504	10319
16	70358447	70358600	8954
16	70359412	70359630	11982
16	70363162	70363403	15160
16	70363671	70364032	28400
16	70365584	70365825	18109
16	70366845	70367086	30781
16	70367393	70367514	8197
16	70367555	70367656	4954
16	70380861	70381170	26277
16	70384422	70384573	7606
16	70389321	70389472	5806
16	70389991	70390202	10075
16	70390711	70390812	4161
16	70395275	70395426	11130
16	70398435	70398558	5848
16	70398855	70399096	10640
16	70399914	70400196	20448
16	70400464	70400825	27946
16	70404085	70404326	13644
16	70405249	70405490	28494
16	70405797	70405918	7502
16	70405959	70406060	6486
16	70415557	70415798	20227
16	70416616	70416887	22426
16	70417019	70417170	3653
16	70422208	70422479	14945
16	70428830	70429101	13748
16	70432052	70432443	3883
16	70497043	70497194	9769
16	70497450	70497721	13403
16	70498884	70499113	26608
16	70499946	70500217	14152
16	70500729	70500880	9116
16	70501234	70501385	9006
16	70501737	70501888	14025
16	70502660	70502918	18202
16	70502989	70503260	15592
16	70504181	70504339	8495
16	70504863	70504985	25849
16	70505048	70505289	19399
16	70506384	70506535	6011
16	70506829	70507310	25544
16	70508015	70508256	25928
16	70508392	70508633	12795
16	70508682	70508924	4723
16	70509203	70509444	5878
16	70509459	70509730	15538
16	70512147	70512388	11324
16	70512412	70512563	8673
16	70513073	70513316	15450
16	70513471	70513593	7422
16	70514084	70514185	13611
16	70514828	70515099	11695
16	70515174	70515445	14555
16	70515626	70515778	7734
16	70515975	70516096	9144
16	70516616	70516737	9049
16	70517662	70517933	19584
16	70524202	70524323	9984
16	70530130	70530371	16730
16	70531055	70531326	5788
16	70531777	70532018	17919
16	70534806	70535047	10455
16	70542276	70542451	13109
16	70542654	70542775	3933
16	70543091	70543332	10320
16	70543809	70543934	1319
16	70546117	70546358	6832
16	70548203	70548444	6570
16	70551519	70551705	5695
16	70553531	70553652	5550
16	70557209	70557480	23793
16	70560533	70560654	5132
16	70562757	70563118	28183
16	70563402	70563505	2155
16	70564612	70564853	22734
16	70566331	70566572	11543
16	70569175	70569333	10665
16	70571893	70572014	2275
16	70572173	70572414	13269
16	70572967	70573120	9288
16	70575503	70575774	28460
16	70578327	70578448	9107
16	70582247	70582368	3824
16	70583020	70583121	3287
16	70584516	70584617	7807
16	70588303	70588544	18292
16	70588910	70589151	19359
16	70590008	70590279	21011
16	70590739	70590980	22550
16	70594311	70594552	21894
16	70595488	70595729	14438
16	70597744	70597985	11116
16	70598919	70599190	27457
16	70599227	70599468	34582
16	70601255	70601496	10349
16	70602140	70602411	26785
16	70602933	70603054	4395
16	70603859	70604100	7264
16	70604958	70605112	13500
16	70605524	70605765	10563
16	70605942	70606129	6677
16	70680803	70680924	14021
16	70688386	70688627	26101
16	70690452	70690603	5070
16	70690792	70691063	15837
16	70693467	70693708	18281
16	70693843	70694114	5776
16	70694478	70694578	5976
16	70695067	70695541	18504
16	70696552	70696653	2605
16	70697544	70698385	58285
16	70698432	70698703	18617
16	70698789	70699030	3188
16	70699344	70699465	12277
16	70708168	70708441	45464
16	70710741	70710892	5099
16	70711685	70711812	6555
16	70712082	70712353	10637
16	70713160	70713281	6923
16	70713508	70713629	1470
16	70713673	70713794	3724
16	70713859	70713980	137
16	70714672	70714793	14574
16	70714836	70714957	9514
16	70719609	70719740	348
16	70721760	70722031	13124
16	70726677	70726918	9470
16	70729395	70729546	7241
16	70730979	70731220	12057
16	70732505	70732746	26388
16	70734686	70734787	15236
16	70764647	70764748	1237
16	70765312	70765583	8135
16	70778252	70778523	15650
16	70789066	70789187	9548
16	70789891	70790012	4007
16	70794987	70795228	14440
16	70796414	70796535	11373
16	70796734	70796975	15239
16	70800281	70800522	9923
16	70805982	70806103	2361
16	70808112	70808353	42149
16	70814616	70814865	14923
16	70815717	70815958	11120
16	70816926	70817052	4432
16	70817338	70817467	6042
16	70817978	70818133	8111
16	70818618	70818769	1607
16	70819567	70819808	8885
16	70820041	70820312	15805
16	70834660	70834813	15675
16	70841422	70842023	37342
16	70843676	70843920	19398
16	70852235	70852485	35903
16	70861117	70861358	32039
16	70862099	70862370	21803
16	70863475	70863746	29991
16	70866739	70866980	15988
16	70867747	70868108	51339
16	70869536	70869777	21869
16	70871570	70871811	33856
16	70873930	70874171	17245
16	70883618	70883860	35199
16	70884333	70884574	16525
16	70888983	70889224	5762
16	70891569	70891810	15505
16	70893918	70894159	9045
16	70894576	70894817	23322
16	70895903	70896174	7432
16	70896975	70897096	4808
16	70900030	70900267	17604
16	70902460	70902701	18282
16	70905889	70906130	15104
16	70907077	70907271	6557
16	70908170	70908531	27901
16	70908709	70908832	6140
16	70913173	70913414	15008
16	70913462	70913703	11149
16	70916553	70916808	17647
16	70917803	70918044	6697
16	70923427	70923668	14740
16	70925486	70925847	22069
16	70926226	70926467	8773
16	70928338	70928461	5295
16	70929842	70929993	2962
16	70934854	70935125	8397
16	70937518	70937733	11349
16	70937766	70938007	12994
16	70941213	70941454	13334
16	70942124	70942365	15693
16	70942538	70942779	8363
16	70952101	70952342	16691
16	70954438	70955174	30851
16	70967451	70967590	8494
16	70969814	70970055	58373
16	70972436	70972707	21322
16	70975509	70975750	18935
16	70977662	70977862	2621
16	70986309	70986550	20847
16	70989243	70989484	8506
16	70993515	70993756	4955
16	70995830	70996071	5745
16	70998593	70998834	15437
16	71004361	71004722	14634
16	71007199	71007440	14958
16	71007706	71007947	12999
16	71007988	71008259	11641
16	71008383	71008624	14001
16	71008984	71009213	54257
16	71012759	71013000	7304
16	71015231	71015502	12721
16	71019035	71019276	12795
16	71021780	71022051	14156
16	71022280	71022415	12108
16	71025186	71025309	14598
16	71025921	71026162	22883
16	71052007	71052368	20185
16	71054027	71054268	6241
16	71059236	71059477	10905
16	71061454	71061815	13449
16	71065519	71065880	18824
16	71094361	71094602	11015
16	71096032	71096273	13416
16	71098554	71098795	9483
16	71100663	71100904	4744
16	71101095	71101336	12527
16	71103160	71103415	12510
16	71109807	71109928	5726
16	71113760	71113881	2065
16	71122194	71122437	31543
16	71127657	71127898	7430
16	71149557	71149708	7331
16	71163513	71163754	4660
16	71167108	71167209	2552
16	71171033	71171274	3736
16	71186507	71186743	5093
16	71196412	71196653	22212
16	71209455	71209666	11124
16	71212739	71213010	13047
16	71218709	71218950	16981
16	71220609	71220850	5461
16	71220879	71221057	3616
16	71264526	71264626	12846
16	71316771	71316871	5488
16	71317465	71319866	66153
16	71392681	71392802	6257
16	71406002	71406153	3344
16	71408601	71408752	3523
16	71411518	71411669	18656
16	71416588	71416709	19688
16	71417247	71417368	4851
16	71417809	71417960	12980
16	71418200	71418321	7955
16	71418651	71418802	3963
16	71419454	71419575	7204
16	71423558	71423829	17916
16	71481986	71483795	84725
16	71487108	71487263	6810
16	71487870	71488071	14893
16	71489934	71490035	7202
16	71490628	71490728	4663
16	71509063	71510193	69614
16	71512121	71512254	11360
16	71512693	71512964	12944
16	71515939	71516060	2491
16	71570559	71572489	80259
16	71601995	71602236	9376
16	71602601	71602722	2934
16	71603707	71603858	3107
16	71604114	71604355	9587
16	71604536	71604777	24752
16	71605473	71605594	1819
16	71606036	71606277	19425
16	71606390	71606631	9638
16	71607414	71607535	6158
16	71609785	71610328	42665
16	71660121	71660612	3971
16	71663212	71663462	14031
16	71668039	71668760	22455
16	71672275	71672376	2550
16	71674250	71674971	53909
16	71678670	71678791	5540
16	71678871	71679063	6364
16	71679295	71679396	3343
16	71679538	71679707	4843
16	71679960	71680061	3148
16	71680877	71680977	1386
16	71681015	71681115	2997
16	71681154	71681254	5051
16	71681851	71681965	3797
16	71681974	71682334	13941
16	71682738	71683969	80699
16	71686683	71686934	26149
16	71689118	71689359	16705
16	71690464	71690594	18069
16	71692079	71692320	17226
16	71692515	71692756	26062
16	71697780	71698021	13484
16	71701037	71701278	10211
16	71703164	71703285	2939
16	71706133	71706254	2383
16	71710329	71710570	9912
16	71712648	71712898	11143
16	71713243	71713484	12867
16	71715579	71715850	13065
16	71718327	71718561	7759
16	71718754	71718998	8611
16	71722367	71722493	6498
16	71724395	71724636	10026
16	71732469	71732604	9092
16	71735115	71735216	4379
16	71736446	71736687	6089
16	71748397	71748746	19540
16	71757671	71757770	70
16	71762924	71763203	11685
16	71763445	71763545	3281
16	71763683	71763783	2646
16	71763965	71764159	4571
16	71764383	71764725	12804
16	71764930	71765031	1764
16	71765268	71765369	4046
16	71765586	71765687	2765
16	71765714	71765913	6483
16	71766190	71766384	3271
16	71766632	71766787	6060
16	71766950	71767072	4105
16	71768469	71768620	7580
16	71772803	71773044	18757
16	71773099	71773254	7281
16	71778988	71779229	9145
16	71779295	71779566	17996
16	71780481	71780605	5049
16	71782066	71782337	7757
16	71783750	71783901	6107
16	71784052	71784293	11528
16	71787671	71787822	5349
16	71789840	71790111	11792
16	71792270	71792423	9841
16	71792701	71792834	4102
16	71795351	71795502	9538
16	71798240	71798361	5598
16	71798502	71798653	2551
16	71799378	71799499	3266
16	71800295	71800395	2365
16	71801722	71801843	2788
16	71803373	71803623	4600
16	71805045	71805166	5479
16	71807073	71807314	10024
16	71808329	71808552	4077
16	71823160	71823401	18647
16	71840559	71840660	3129
16	71841664	71841765	5096
16	71842658	71842758	10962
16	71883643	71891232	413963
16	71893893	71894607	42132
16	71895640	71895881	5712
16	71898001	71898155	3632
16	71898757	71898998	44042
16	71901795	71901940	7232
16	71913738	71913889	10373
16	71917094	71917195	3594
16	71928699	71928799	3346
16	71949496	71949647	5854
16	71950333	71950574	13209
16	71950932	71951083	11046
16	71954622	71954743	10998
16	71955236	71955366	5378
16	71956334	71956660	55396
16	71957175	71957296	5474
16	71958606	71958757	7233
16	71961458	71961729	9427
16	71962003	71962103	5144
16	71962320	71962420	3650
16	71962481	71962581	5622
16	71963389	71963630	10803
16	71963899	71964140	13725
16	71967252	71967493	4851
16	71967801	71968042	10116
16	71969219	71969460	6606
16	71971171	71971378	8847
16	71976393	71976994	56377
16	71977881	71978122	24611
16	71981381	71981502	5038
16	71983617	71983978	33561
16	71983991	71984232	23859
16	71985431	71985672	9534
16	71986775	71987012	4832
16	71987980	71988221	10714
16	71997055	71997296	9652
16	72001003	72001244	11965
16	72001734	72001975	14691
16	72003707	72004055	19097
16	72007198	72007439	12218
16	72011091	72011430	22975
16	72012096	72012337	11431
16	72013626	72014089	33790
16	72015924	72016165	12799
16	72017879	72018120	15344
16	72020062	72020423	32720
16	72024142	72024263	579
16	72027051	72027292	8914
16	72032110	72032346	7011
16	72033548	72033909	26660
16	72042612	72042733	8392
16	72045933	72046174	9998
16	72048320	72048591	14624
16	72050902	72051023	16121
16	72054995	72055233	10881
16	72056251	72056384	6010
16	72057019	72057260	17388
16	72057331	72057572	23767
16	72057979	72058130	26141
16	72088471	72088613	26035
16	72089821	72090193	31367
16	72090358	72090599	19981
16	72091266	72091387	13279
16	72092082	72092323	14145
16	72092471	72092571	2967
16	72092988	72093109	5119
16	72093978	72094819	60850
16	72097074	72097216	11712
16	72107665	72107925	15676
16	72108142	72108294	22672
16	72109019	72109140	17419
16	72110169	72111010	57952
16	72120497	72120738	23452
16	72122840	72123081	11231
16	72124461	72124702	6615
16	72130036	72130397	16458
16	72130663	72130934	2773
16	72131566	72131690	7087
16	72132466	72133004	20084
16	72133049	72133200	9032
16	72133587	72133828	12683
16	72134294	72134535	13260
16	72134947	72135102	21140
16	72135389	72135521	5327
16	72136890	72137161	9725
16	72137472	72137713	10823
16	72137816	72138057	4083
16	72138333	72138574	12193
16	72138916	72139046	6838
16	72139067	72139308	6921
16	72139406	72139533	8909
16	72139868	72140026	15110
16	72141191	72141462	18632
16	72141499	72141740	27568
16	72142052	72142558	64798
16	72142640	72142881	45747
16	72143270	72143421	11990
16	72144794	72145035	15137
16	72146262	72146413	6430
16	72153183	72153304	4020
16	72153687	72154049	38583
16	72156788	72156909	5771
16	72157405	72157558	12789
16	72158598	72158869	17653
16	72159069	72159340	19048
16	72159797	72160068	19548
16	72160308	72160440	10753
16	72162503	72162744	14475
16	72162897	72163168	14507
16	72164062	72164303	9538
16	72164375	72164646	9858
16	72166557	72166948	20164
16	72170274	72170774	43206
16	72173178	72173308	10636
16	72174244	72174515	17056
16	72184466	72184738	12634
16	72188052	72188413	19860
16	72198617	72198858	15825
16	72205040	72205181	11069
16	72205253	72205353	7439
16	72459826	72459927	3236
16	72459930	72460030	2647
16	72460440	72460571	3062
16	72816776	72817290	27790
16	72817309	72817409	2100
16	72817411	72817551	1388
16	72818051	72818152	2837
16	72818251	72818384	3572
16	72818413	72818763	6164
16	72818802	72819145	13335
16	72819230	72819331	11997
16	72819333	72819560	11314
16	72820159	72820783	21568
16	72820909	72821010	4598
16	72821025	72822787	89023
16	72827063	72832674	360638
16	72833885	72834038	2870
16	72845454	72845695	11307
16	72845719	72845990	7525
16	72863650	72863777	7135
16	72868844	72868944	3122
16	72923311	72923412	3559
16	72923594	72923871	27489
16	72942449	72942557	5905
16	72969354	72969455	1200
16	72976740	72976839	2034
16	72976952	72977147	5767
16	72981203	72981303	2717
16	72981360	72981461	4012
16	72982789	72983500	22259
16	72984314	72984915	30487
16	72991267	72994093	231619
16	73018658	73018863	1635
16	73092703	73092804	12
16	73092817	73092944	504
16	73126811	73127164	26399
16	73127303	73127544	14361
16	73161194	73161555	16344
16	73164857	73165003	15964
16	73177604	73177725	7961
16	74114170	74114483	9538
16	74120547	74121719	21840
16	74330788	74330909	18342
16	74333997	74334118	10680
16	74334934	74335055	8312
16	74335440	74335561	5333
16	74336088	74336209	11640
16	74338155	74338306	4195
16	74339166	74339753	21284
16	74340098	74340199	8117
16	74354663	74354763	3318
16	74366356	74366574	15746
16	74368776	74368897	30143
16	74370427	74370668	51738
16	74371326	74371567	17655
16	74372342	74372529	19611
16	74372593	74372834	26009
16	74375969	74376210	26315
16	74378652	74378856	16154
16	74382764	74382958	28277
16	74383033	74383154	23925
16	74383577	74383818	22399
16	74384218	74384339	12557
16	74384454	74384698	18200
16	74385196	74385317	7365
16	74385894	74386139	26761
16	74386174	74386295	22568
16	74387620	74387861	30558
16	74394461	74394824	71524
16	74411843	74411964	46747
16	74415321	74415635	119167
16	74419228	74419349	88455
16	74419428	74419695	142047
16	74421958	74422059	1123
16	74422656	74422777	17545
16	74423832	74424195	192704
16	74425218	74425988	295734
16	74442861	74442982	18544
16	74443432	74443553	53838
16	74443671	74443822	22864
16	74444362	74444987	133925
16	74445557	74445683	37686
16	74446036	74446158	27125
16	74446661	74446788	27180
16	74446874	74447115	40973
16	74447464	74447585	31554
16	74451895	74452286	67013
16	74454383	74454506	34187
16	74454985	74455226	38037
16	74485900	74486051	11599
16	74487029	74487270	23056
16	74490537	74490663	5933
16	74491710	74491951	17145
16	74493570	74493697	4050
16	74495951	74496103	3922
16	74496305	74496576	14927
16	74497194	74497435	17176
16	74499521	74499762	36100
16	74501608	74501759	11490
16	74502751	74503022	8819
16	74503865	74503986	6041
16	74505036	74505194	12765
16	74506186	74506337	16552
16	74508425	74508546	4776
16	74511241	74511482	13064
16	74514094	74514335	12677
16	74516910	74517032	2456
16	74519633	74519874	12184
16	74524884	74525125	16081
16	74526825	74527066	15222
16	74528632	74528753	2133
16	74530289	74530560	14423
16	74537415	74537656	14762
16	74542718	74542839	8118
16	74565958	74566085	6297
16	74640517	74641077	8014
16	74646446	74646775	8839
16	74647052	74647152	3393
16	74657175	74657276	2712
16	74657776	74658017	11385
16	74660225	74660466	15796
16	74662305	74662576	7275
16	74664645	74664886	11647
16	74666374	74666615	13736
16	74670208	74670485	17188
16	74671689	74671930	14755
16	74678214	74678365	16538
16	74678414	74678655	9398
16	74683003	74683124	6046
16	74685767	74686038	9732
16	74694787	74695388	50283
16	74706327	74706478	9536
16	74706788	74706888	7470
16	74708776	74709047	10060
16	74709186	74709337	9635
16	74709465	74709706	19702
16	74712776	74712897	12328
16	74716495	74716736	15155
16	74719371	74719492	3834
16	74725150	74725392	20224
16	74726185	74726336	8090
16	74729184	74729665	37209
16	74746843	74746944	4431
16	74746988	74747147	16135
16	74747681	74747781	4933
16	74748066	74748187	8298
16	74750172	74750602	8185
16	74752850	74753091	9903
16	74760113	74760239	6462
16	74761061	74761332	15143
16	74773875	74774026	9585
16	74808337	74808698	660
16	74908097	74908352	9665
16	74919470	74919741	12820
16	74920109	74920350	7902
16	74921555	74921676	1901
16	74922035	74922261	11680
16	74923565	74923723	3157
16	74926331	74926482	1518
16	74927522	74927763	17655
16	74937800	74938045	8505
16	74942779	74942900	2788
16	74943325	74943596	6926
16	74943706	74943827	4395
16	74946044	74946297	16247
16	74949708	74949949	10061
16	74949969	74950210	16518
16	74951805	74951926	5296
16	74955801	74956042	11399
16	74957801	74957922	4935
16	74971954	74972225	20638
16	74976618	74976739	4191
16	74982374	74982525	5352
16	74983594	74983715	2585
16	74985337	74985458	8926
16	74990319	74990560	9321
16	74999604	74999755	2636
16	75018795	75019061	4376
16	75033540	75034021	15905
16	75127456	75127577	12591
16	75129450	75129691	4984
16	75138672	75138797	8128
16	75140347	75140468	4717
16	75141674	75141774	10144
16	75141798	75142011	17997
16	75142147	75142247	7198
16	75142438	75142554	4203
16	75142595	75142696	6108
16	75143363	75143464	3692
16	75146185	75146456	11511
16	75146490	75146621	7644
16	75146685	75146836	9422
16	75147345	75148177	46883
16	75148382	75148623	6300
16	75148644	75148915	19520
16	75149015	75149286	12332
16	75149410	75149568	5402
16	75150491	75150642	6927
16	75186747	75186907	13383
16	75200434	75200555	4948
16	75200609	75200850	20345
16	75203090	75204291	46911
16	75238018	75238259	22214
16	75238616	75238857	33963
16	75239199	75239441	18771
16	75239617	75239739	35677
16	75239789	75239910	21071
16	75239978	75240101	11772
16	75240952	75241073	8575
16	75252870	75252991	19841
16	75256656	75256779	12630
16	75256845	75256966	21248
16	75257016	75257138	35734
16	75257314	75257556	21694
16	75257898	75258139	30948
16	75258532	75258803	14380
16	75263363	75263964	56660
16	75267727	75267848	6539
16	75268704	75269935	44452
16	75270716	75270957	11373
16	75271040	75271281	13246
16	75271939	75272040	5716
16	75276316	75277037	81074
16	75277301	75277430	2658
16	75281902	75282023	5079
16	75285313	75285434	172
16	75286088	75286189	2490
16	75298248	75298398	5091
16	75299678	75299779	0
16	75300594	75300695	4168
16	75301784	75301905	10307
16	75327736	75327954	6746
16	75338879	75339120	13571
16	75423421	75423522	4807
16	75428926	75429167	13333
16	75445665	75445906	9005
16	75446391	75446662	24396
16	75448413	75448654	24079
16	75467157	75467278	8829
16	75481369	75481640	4477
16	75485530	75485771	8095
16	75498088	75498189	353
16	75498310	75498551	2467
16	75512501	75513743	68646
16	75534239	75534339	5350
16	75536388	75536488	10371
16	75538529	75538770	21733
16	75538995	75539236	29378
16	75563003	75565556	100408
16	75573857	75574101	14160
16	75575216	75575416	13114
16	75576479	75576600	12097
16	75579200	75579441	21872
16	75579666	75579907	27135
16	75589663	75590169	6588
16	75600340	75600461	1107
16	75600716	75600837	8897
16	75601899	75602140	18422
16	75611160	75611281	8996
16	75611331	75611432	6378
16	75611562	75611678	7309
16	75633388	75633489	12111
16	75634028	75634299	16947
16	75636934	75637085	6172
16	75642080	75642231	7566
16	75642692	75642933	9165
16	75646118	75646784	42249
16	75650983	75651224	11617
16	75652460	75652598	13340
16	75654136	75654257	12236
16	75654491	75654732	10327
16	75661780	75661901	12741
16	75662387	75662658	21738
16	75663224	75663493	10137
16	75664311	75664434	3666
16	75665017	75665168	9015
16	75665279	75665520	5788
16	75665550	75665791	10688
16	75668007	75668250	11084
16	75669519	75669760	9259
16	75669781	75670022	17166
16	75670337	75670458	4585
16	75674043	75674284	20412
16	75675390	75675661	13080
16	75678132	75678373	8314
16	75681415	75681566	18180
16	75681754	75682538	23761
16	75688081	75688352	16320
16	75690045	75690548	16134
16	75728314	75728435	5194
16	75729834	75730075	17069
16	75730769	75730890	11913
16	75733845	75734086	10884
16	76311541	76311662	8732
16	76319140	76319241	2520
16	76337332	76337433	3788
16	76350215	76350484	25247
16	76389190	76389431	27458
16	76461301	76461542	12574
16	76481889	76482130	8375
16	76482634	76482875	16763
16	76483562	76483803	11963
16	76486354	76486715	14527
16	76495806	76496047	12104
16	76501213	76501454	24021
16	76509767	76510008	12134
16	76513254	76513495	10818
16	76523560	76523801	9828
16	76528763	76529006	28237
16	76532406	76532647	14833
16	76555000	76555241	10138
16	76555923	76556164	15024
16	76569380	76569741	23046
16	76572003	76572310	17086
16	76573561	76573802	8327
16	76574582	76574703	5037
16	76587167	76587408	11483
16	76587707	76587828	2756
16	76592362	76592723	16449
16	77225075	77225196	5221
16	77225284	77225548	9194
16	77227299	77227690	9686
16	77228116	77229061	65626
16	77229354	77229625	17193
16	77231953	77232224	19151
16	77233328	77233429	6913
16	77240212	77240453	21160
16	77242075	77242196	2607
16	77242334	77242455	2968
16	77242937	77243076	10310
16	77243290	77243441	6096
16	77244912	77245033	6158
16	77245072	77245193	6325
16	77246000	77246121	5738
16	77246161	77246282	1603
16	77246445	77246566	3782
16	77246729	77246850	697
16	77316454	77316554	3149
16	77316562	77316662	4659
16	77317020	77317121	2676
16	77317277	77317397	4124
16	77317420	77317521	2972
16	77317547	77317648	3452
16	77317789	77318013	8774
16	77323083	77323354	11331
16	77325147	77325388	13423
16	77326912	77327183	4675
16	77328770	77329041	19182
16	77331127	77331368	13419
16	77334109	77334350	14861
16	77353656	77354047	11081
16	77354916	77355157	8103
16	77356176	77356417	6638
16	77359727	77359968	18565
16	77369575	77369846	10021
16	77375587	77375708	3727
16	77387585	77387826	20778
16	77389754	77390025	14940
16	77393205	77393330	14328
16	77395960	77396201	13383
16	77397679	77397800	3434
16	77398060	77398301	14949
16	77401297	77401658	19642
16	77465168	77465529	10638
16	77468297	77468418	2406
16	77468486	77468607	29
16	77469787	77470009	8379
16	77744188	77744291	1575
16	77756435	77756556	12183
16	77759283	77759524	13668
16	77769652	77769923	19753
16	77775421	77775902	38323
16	77822570	77822822	14868
16	77850761	77851002	10794
16	77859099	77859370	15412
16	77896594	77896835	13224
16	77910257	77910380	5236
16	77913032	77913153	7717
16	77918480	77918721	11644
16	78005697	78005848	2697
16	78011481	78011602	10402
16	78011708	78011827	18361
16	78013066	78013167	2586
16	78013790	78013890	7065
16	78013911	78014011	3436
16	78056459	78056700	12250
16	78061954	78062105	5564
16	78064299	78064780	27540
16	78065941	78066041	7235
16	78133666	78134096	47966
16	78142290	78142411	3643
16	78143642	78143763	7309
16	78148840	78149081	14304
16	78198070	78198196	8804
16	78203717	78203818	6212
16	78312465	78312586	5197
16	78420739	78420860	8078
16	78458708	78458979	20181
16	78466335	78466696	11848
16	78469269	78469371	4629
16	78790714	78790924	8702
16	79241958	79242058	3002
16	79245447	79246067	39251
16	79628342	79628528	9402
16	79628880	79628981	4132
16	79629400	79629501	6451
16	79629927	79630028	1458
16	79630372	79631191	30439
16	79631416	79631516	4534
16	79631637	79631737	2203
16	79631748	79632046	12524
16	79632350	79632451	859
16	79632630	79634623	30199
16	79703433	79703754	12630
16	80574913	80575034	5010
16	80577149	80577270	4277
16	80581636	80581757	3825
16	80583343	80583584	11189
16	80584372	80584493	3789
16	80637643	80637800	8590
16	80638212	80638483	12700
16	80641979	80642180	6290
16	80646476	80646747	16663
16	80654624	80654865	10146
16	80666873	80667144	16525
16	80718399	80719036	32661
16	80724970	80725070	6643
16	80837997	80838272	8945
16	81009971	81010092	2434
16	81015385	81015506	4238
16	81030897	81031018	5151
16	81045508	81045749	26613
16	81047702	81047823	6133
16	81050899	81051020	6517
16	81051339	81051460	2578
16	81053641	81053912	11217
16	81056161	81056313	7460
16	81056340	81056461	3548
16	81058290	81058441	6366
16	81060121	81060253	4865
16	81061717	81061958	8166
16	81062153	81062274	6457
16	81066165	81066378	10675
16	81069466	81069821	200
16	81074902	81075143	10597
16	81075834	81076105	23662
16	81076709	81078630	128890
16	81078696	81078807	12567
16	81080498	81080638	10380
16	81087626	81087747	18252
16	81094683	81095794	65752
16	81097334	81097575	15574
16	81116365	81116579	13766
16	81118012	81118253	7981
16	81121176	81121297	3003
16	81124184	81124305	6073
16	81129688	81129929	9
16	81134687	81134928	17248
16	81142111	81142352	6316
16	81142782	81142969	9142
16	81145751	81145992	14339
16	81150934	81151175	12624
16	81155133	81155374	7569
16	81157201	81157444	13124
16	81161337	81161698	24884
16	81164035	81164276	10467
16	81167115	81167356	28732
16	81171028	81171149	2500
16	81173093	81173337	22089
16	81174834	81175187	20008
16	81180831	81181153	14723
16	81181732	81181973	6717
16	81183273	81183514	7985
16	81185362	81185567	9399
16	81187542	81188012	20545
16	81190397	81190758	12669
16	81192516	81192695	9632
16	81193204	81193445	12337
16	81194217	81194578	23105
16	81197169	81197390	5879
16	81198190	81198431	5525
16	81199384	81199625	16138
16	81201493	81201734	17790
16	81204316	81204437	8762
16	81204462	81204733	22993
16	81208102	81208573	24405
16	81209161	81209402	8207
16	81211348	81211619	5703
16	81213199	81213440	14940
16	81214694	81214920	15637
16	81219079	81219320	14643
16	81222468	81222664	10182
16	81224203	81224354	5702
16	81228500	81228651	6692
16	81232197	81232708	25373
16	81236073	81236349	12784
16	81241024	81241286	8371
16	81242086	81242216	4196
16	81248585	81248826	14448
16	81249779	81250050	20963
16	81253643	81254004	26136
16	81272484	81272605	3145
16	81278992	81279222	13371
16	81293224	81293465	10611
16	81295693	81295934	10562
16	81298197	81298438	29017
16	81301503	81301746	8334
16	81303681	81304072	23850
16	81314423	81314577	3190
16	81319130	81319251	5737
16	81320864	81321021	4036
16	81323916	81324192	19855
16	81324648	81324749	1652
16	81348680	81348899	3914
16	81385123	81385364	11266
16	81388000	81388370	39331
16	81390347	81390618	21238
16	81391354	81391595	21276
16	81396094	81396226	11487
16	81397352	81397593	14805
16	81398495	81398766	31440
16	81398897	81399138	37732
16	81410814	81410943	21177
16	81410959	81411230	25268
16	81411334	81411435	8482
16	81411553	81411653	3735
16	81412295	81412395	5987
16	81413512	81413729	8401
16	81413819	81413920	10405
16	81478846	81479167	9334
16	81482208	81482308	6278
16	81529029	81529150	3977
16	81636973	81637123	5032
16	81641111	81641354	11814
16	81654444	81654565	10427
16	81655194	81655294	4741
16	81679144	81679244	3068
16	81685767	81686008	13702
16	81691339	81691460	1967
16	81694458	81694579	4992
16	81697852	81697973	3599
16	81703677	81703918	19085
16	81705501	81705742	14586
16	81711813	81712243	29228
16	81725351	81725472	18792
16	81726714	81726835	7435
16	81727006	81727127	6896
16	81730097	81730338	7930
16	81733226	81733467	15539
16	81735213	81735454	6277
16	81736189	81736310	22331
16	81737495	81737736	9091
16	81739035	81739276	9780
16	81740592	81740713	6208
16	81743316	81743437	4247
16	81743855	81743955	3168
16	81744013	81744113	1663
16	81744773	81744874	2596
16	81744897	81744998	2932
16	81745249	81745392	16060
16	81816671	81816792	20358
16	81819539	81819810	18852
16	81887999	81888240	8547
16	81891823	81891974	11425
16	81892683	81892804	6500
16	81902769	81902920	14342
16	81904407	81904558	16083
16	81914475	81914626	13322
16	81916848	81916969	10827
16	81922766	81922888	26551
16	81925014	81925255	32658
16	81927295	81927416	5447
16	81929350	81929591	23324
16	81934179	81934420	11947
16	81938998	81939122	8864
16	81941273	81941394	5583
16	81941957	81942228	12976
16	81944103	81944344	30430
16	81946110	81946381	13510
16	81953057	81953298	24323
16	81954777	81955030	13532
16	81957080	81957209	1313
16	81960643	81960794	7639
16	81962134	81962255	7535
16	81965059	81965300	9599
16	81967993	81968146	5297
16	81969727	81969998	12258
16	81971314	81971555	10166
16	81972341	81972582	16731
16	81973459	81973700	26628
16	81979732	81979883	16009
16	81990240	81990511	11735
16	81991490	81991641	18223
16	82032671	82033872	68450
16	82034368	82034489	8536
16	82068980	82069341	20136
16	82101729	82102000	30427
16	82104518	82104759	26993
16	82124461	82124695	17302
16	82131619	82132100	19647
16	82182280	82182521	19765
16	82182899	82183020	15848
16	82185012	82185133	6727
16	82197677	82197809	3339
16	82203693	82203814	5625
16	82660658	82660779	5394
16	82867523	82867623	3629
16	82875681	82875923	3925
16	82891961	82892082	3916
16	83065597	83065857	13879
16	83158926	83159167	12618
16	83170757	83170857	2843
16	83214469	83214569	3030
16	83235666	83235766	7268
16	83250904	83251145	23062
16	83255741	83255841	7336
16	83347445	83347545	12178
16	83378417	83378658	5724
16	83379038	83379139	1967
16	83434028	83434340	12306
16	83520049	83520290	15480
16	83525435	83525537	2978
16	83541932	83542032	3384
16	83627017	83627118	4842
16	83636007	83636248	12513
16	83704364	83704605	16000
16	83711758	83712119	22581
16	83781662	83781903	14291
16	83813508	83813869	13542
16	83816846	83817087	13046
16	83828570	83828771	8694
16	83828812	83828953	7528
16	83829461	83829561	5493
16	83829580	83829681	4732
16	83841642	83841763	7120
16	83842256	83842422	10565
16	83842846	83843045	11782
16	83845681	83845782	6349
16	83874231	83874590	4618
16	83932680	83933307	101
16	83940556	83940714	7448
16	83941687	83941928	22666
16	83945746	83946017	11649
16	83948526	83949127	35250
16	83982991	83983142	5382
16	83984723	83984928	21253
16	83991232	83991353	14254
16	83992811	83993052	5201
16	83994118	83994389	10135
16	83994570	83994691	6002
16	83998628	83999622	45739
16	84002244	84002563	200
16	84005676	84005827	2495
16	84012039	84012167	5096
16	84014406	84014563	18060
16	84014592	84014743	22817
16	84024015	84024286	12706
16	84027844	84028085	11528
16	84028162	84028313	2751
16	84030756	84030907	6150
16	84031774	84031932	13075
16	84034306	84034427	6195
16	84035384	84035535	4117
16	84035845	84035996	5233
16	84043374	84043495	4479
16	84046540	84046691	5859
16	84050106	84050347	6537
16	84050667	84050938	9502
16	84056323	84056556	13150
16	84063066	84063187	2612
16	84065431	84065583	7227
16	84066852	84067123	8945
16	84070284	84070525	14217
16	84075516	84075787	19310
16	84087666	84088271	31072
16	84089014	84089135	7238
16	84089523	84089780	12496
16	84092848	84093089	9087
16	84094231	84094449	13753
16	84096858	84097099	6049
16	84099272	84099393	6219
16	84100034	84100275	9035
16	84101228	84101469	14475
16	84101880	84102121	12109
16	84103405	84103676	10027
16	84104165	84104406	12637
16	84108122	84108393	11885
16	84115311	84115552	15480
16	84118512	84118783	7738
16	84120952	84121075	3443
16	84124452	84124573	4593
16	84125273	84125514	12233
16	84126783	84126912	4591
16	84127306	84127436	6546
16	84129187	84129428	18112
16	84132619	84132966	32224
16	84135185	84135426	5723
16	84155881	84155982	4813
16	84157242	84157342	1435
16	84158192	84158343	7273
16	84163143	84163390	13567
16	84163572	84164053	33521
16	84164665	84164936	9359
16	84178986	84179227	6010
16	84182558	84182784	8324
16	84183810	84183961	3864
16	84188171	84188413	21384
16	84189149	84189364	10895
16	84193270	84193450	6425
16	84199320	84199591	10890
16	84203382	84204013	46899
16	84205802	84206043	20173
16	84208240	84208361	9538
16	84209480	84209961	26417
16	84211299	84211457	5586
16	84211839	84211940	2505
16	84212490	84213481	37881
16	84213499	84213982	7520
16	84214569	84214840	16648
16	84214850	84215121	21005
16	84215142	84215293	11011
16	84215296	84215687	18845
16	84215715	84216106	20076
16	84216657	84216778	5765
16	84216803	84216954	2278
16	84217003	84217124	3213
16	84217252	84217403	5807
16	84218404	84218645	10010
16	84224777	84225301	1737
16	84227559	84227956	20516
16	84227994	84228331	15773
16	84228471	84229339	66757
16	84229384	84230034	34595
16	84230191	84230432	15212
16	84230466	84230590	7563
16	84255773	84256644	45892
16	84270268	84271133	73030
16	84328498	84328769	10260
16	84346452	84346800	747
16	84351828	84351979	7486
16	84352955	84353226	24471
16	84357995	84358116	4091
16	84360425	84360576	9628
16	84402209	84402330	1041
16	84432095	84432225	5432
16	84438472	84438911	30446
16	84441964	84442115	13489
16	84444100	84444400	7312
16	84449051	84449207	7117
16	84455949	84456328	15083
16	84456770	84456891	4745
16	84459312	84459433	10921
16	84472682	84472953	22847
16	84472990	84473141	14334
16	84474452	84474574	11187
16	84476069	84476220	3384
16	84479924	84480046	4035
16	84482095	84482336	14269
16	84485460	84485731	10090
16	84486731	84486852	12159
16	84486860	84487011	16115
16	84488385	84488626	15597
16	84492698	84493053	14723
16	84493104	84493205	4496
16	84493993	84494453	48359
16	84495277	84495428	32452
16	84495513	84495784	20861
16	84497157	84497398	18099
16	84513484	84513642	14552
16	84514073	84514344	18250
16	84516135	84516376	27757
16	84520209	84520690	13988
16	84522854	84523075	8160
16	84529279	84529529	15664
16	84531494	84531735	12574
16	84599185	84599286	969
16	84599728	84599828	4155
16	84600313	84600414	8874
16	84600441	84600571	5828
16	84623668	84623909	10465
16	84651086	84651207	4230
16	84651420	84651541	3113
16	84684443	84684564	11500
16	84690442	84691560	59804
16	84693293	84693564	14410
16	84695130	84695761	43540
16	84695793	84695894	8557
16	84733422	84733766	200
16	84765679	84765800	7893
16	84767013	84767134	4198
16	84773883	84774004	6114
16	84778217	84779298	87050
16	84792306	84792427	8523
16	84792902	84793143	25216
16	84793463	84793584	11543
16	84793708	84793949	19546
16	84796583	84796704	6190
16	84797659	84797900	5156
16	84801760	84802001	7255
16	84806097	84806338	30110
16	84808737	84808858	7794
16	84812473	84812714	13067
16	84812969	84813069	3561
16	84813087	84813188	3479
16	84813266	84813367	4081
16	84872010	84872581	25884
16	84879329	84879570	26570
16	84882905	84883176	17845
16	84884110	84884322	18491
16	84888293	84888445	7122
16	84900453	84900694	9323
16	84902425	84902546	10389
16	84906019	84906140	7347
16	84906541	84906782	28123
16	84907497	84907650	6774
16	84910988	84911139	11307
16	84914061	84914235	11316
16	84922781	84923022	14179
16	84940129	84940280	5915
16	84942875	84943008	12724
16	85008222	85008322	6030
16	85008629	85008729	7228
16	85009104	85009282	6490
16	85009359	85009512	6033
16	85009568	85009668	4184
16	85009885	85010156	7759
16	85010614	85010885	22799
16	85011479	85011630	3320
16	85012781	85012902	4251
16	85015416	85015654	15729
16	85022302	85022543	8645
16	85023855	85024246	13334
16	85100630	85101021	20127
16	85105355	85105506	3519
16	85106506	85106627	9060
16	85109423	85109544	10101
16	85111013	85111254	14116
16	85111949	85112100	3259
16	85112478	85112629	4359
16	85114823	85115009	6664
16	85116123	85116244	17967
16	85120228	85120349	2768
16	85120633	85120784	8869
16	85121815	85121966	2677
16	85121989	85122090	2550
16	85127059	85127159	2921
16	85132140	85132287	5084
16	85132750	85132991	12558
16	85133704	85133856	5459
16	85135810	85135943	5808
16	85138893	85139047	13490
16	85141214	85141335	2460
16	85141441	85141563	7146
16	85141579	85141730	8135
16	85143797	85144076	30136
16	85145857	85146123	24246
16	85316721	85317100	33334
16	85349143	85349398	12173
16	85646939	85647060	7123
16	85667507	85667748	7234
16	85682106	85682377	35360
16	85687818	85688089	16352
16	85688377	85688618	16165
16	85689276	85689547	10991
16	85689841	85690324	25051
16	85690865	85691226	22622
16	85694700	85695421	34712
16	85696577	85696709	7462
16	85696873	85697264	21683
16	85698586	85698744	5031
16	85699526	85700007	27544
16	85701679	85702115	13683
16	85704561	85704714	9260
16	85705778	85706309	15486
16	85706877	85706978	4608
16	85706985	85707086	6131
16	85708491	85708591	2022
16	85709617	85709780	8010
16	85711729	85712000	11729
16	85712057	85712328	3305
16	85715176	85715297	12505
16	85721001	85721242	12020
16	85722398	85722519	18328
16	85741581	85741702	5516
16	85743720	85743961	2810
16	85768748	85768878	16334
16	85775205	85775326	2772
16	85784522	85784705	0
16	85813242	85813513	11687
16	85813940	85814091	5411
16	85814790	85814911	2672
16	85822556	85822677	4637
16	85832661	85832911	3408
16	85834786	85834907	12627
16	85838505	85838746	12334
16	85839283	85839524	13699
16	85840290	85840531	16730
16	85936587	85936828	14181
16	85942536	85942807	6584
16	85945158	85945279	6086
16	85946698	85946852	3088
16	85948011	85948162	10876
16	85951974	85952455	22874
16	85953651	85953840	10949
16	85954648	85954919	14297
16	86369278	86369488	7738
16	86370901	86371358	24326
16	86544166	86545197	31430
16	86546489	86546730	21719
16	86565607	86566097	25312
16	86574749	86574850	3450
16	86575244	86575485	11599
16	86575697	86575829	3995
16	86580118	86580269	2067
16	86582035	86582193	14645
16	86585604	86585762	13143
16	86585784	86585899	2820
16	86588211	86588367	8160
16	86588721	86588913	471
16	86599942	86600063	3915
16	86600886	86603335	129774
16	86612307	86615305	150298
16	87147686	87147970	10896
16	87160467	87160625	25279
16	87336623	87336724	4916
16	87339316	87339557	18448
16	87343870	87343971	3535
16	87344755	87344902	11625
16	87348518	87348759	8347
16	87349342	87349463	5762
16	87350624	87350887	35551
16	87364883	87365126	20458
16	87367420	87367931	17756
16	87368835	87369106	110146
16	87369751	87369880	4924
16	87376458	87376579	6659
16	87377136	87377407	15885
16	87380726	87380877	5896
16	87392009	87392110	5963
16	87393845	87393996	3082
16	87417001	87417389	337
16	87426003	87426143	392
16	87432357	87432508	11174
16	87435771	87435897	5136
16	87436494	87436811	19564
16	87436929	87437030	5642
16	87439888	87439989	1804
16	87440003	87440161	2948
16	87441490	87441731	12557
16	87441817	87441918	2383
16	87441947	87442121	6788
16	87442177	87442277	4255
16	87442517	87442617	6975
16	87443229	87443329	3120
16	87443340	87443440	3000
16	87443497	87443597	6149
16	87443661	87443761	6704
16	87443822	87443973	6388
16	87445026	87446850	155620
16	87447932	87448203	35081
16	87448866	87448987	2575
16	87451025	87451386	25130
16	87452418	87452539	2857
16	87453374	87453495	6608
16	87454176	87454332	5318
16	87457340	87457501	10457
16	87466709	87466830	5800
16	87493554	87493795	18209
16	87501050	87501171	8915
16	87525178	87525845	22578
16	87636702	87637144	39817
16	87637766	87638055	35543
16	87638516	87638637	6730
16	87677831	87678672	67374
16	87717688	87717929	12691
16	87723210	87724151	46319
16	87730134	87730359	5712
16	87730417	87730518	6408
16	87731593	87731754	7163
16	87733850	87734701	29759
16	87735207	87735328	7803
16	87738505	87739009	11598
16	87741477	87741718	10460
16	87741892	87742133	19251
16	87742800	87743311	39771
16	87744793	87745064	17366
16	87748050	87748201	11260
16	87753696	87753797	3812
16	87754124	87754475	27957
16	87760329	87760570	20663
16	87764142	87764263	3096
16	87782195	87782466	21010
16	87788757	87788908	9470
16	87789952	87790103	5517
16	87795509	87795660	9226
16	87799341	87799506	7170
16	87866358	87866459	6042
16	87866512	87866663	14184
16	87867987	87868228	14374
16	87870027	87870298	16978
16	87871437	87871558	23680
16	87872280	87872433	4583
16	87873218	87873489	22748
16	87873995	87874116	10306
16	87874617	87874771	6844
16	87885241	87885512	21118
16	87902458	87903059	59639
16	87921655	87921926	39622
16	87925361	87925602	20648
16	87935461	87935612	2392
16	87935969	87936139	7336
16	87938329	87938648	68574
16	87960301	87960572	13089
16	87969864	87970105	14101
16	87985041	87985143	13536
16	88008487	88008608	13000
16	88008610	88008851	24857
16	88012123	88012308	4731
16	88014590	88014747	14237
16	88017644	88017885	15216
16	88037837	88038078	15817
16	88039632	88039903	12584
16	88051972	88052333	14400
16	88061021	88061292	17854
16	88066661	88066902	17491
16	88068903	88069054	26912
16	88071536	88071657	21991
16	88098855	88099056	11288
16	88104965	88105566	24931
16	88105636	88105866	4100
16	88110170	88110291	5798
16	88110522	88110655	2695
16	88123418	88124259	60039
16	88124279	88124848	31262
16	88134260	88134360	6695
16	88493878	88505741	493866
16	88520016	88520116	0
16	88552307	88552461	18540
16	88555348	88555619	22572
16	88574156	88574256	11018
16	88575681	88575831	16220
16	88578423	88578523	12828
16	88580740	88580981	2354
16	88584774	88584911	7557
16	88586629	88586736	5620
16	88587654	88587754	4251
16	88593211	88593334	3985
16	88594421	88594662	12986
16	88598375	88598653	20609
16	88599008	88599389	14409
16	88599488	88601422	6888
16	88620146	88620507	23847
16	88632957	88633135	3805
16	88638004	88638104	7684
16	88643471	88644192	22415
16	88652988	88653109	8454
16	88653924	88654045	8410
16	88664538	88664779	16496
16	88665012	88665133	4994
16	88666126	88666397	12891
16	88675279	88675520	16056
16	88677557	88677954	20163
16	88688579	88688820	16067
16	88689572	88689809	21249
16	88690356	88690480	15384
16	88690960	88691201	4610
16	88691581	88691702	23568
16	88693958	88694229	15004
16	88694276	88694547	9092
16	88695122	88695273	7627
16	88696879	88697000	3067
16	88697456	88697727	17698
16	88697750	88697883	5216
16	88704961	88705112	21762
16	88705341	88705732	25989
16	88706169	88706530	14104
16	88709734	88710007	954
16	88712503	88712624	2880
16	88713113	88713264	19189
16	88713454	88713605	8113
16	88714426	88714547	12349
16	88716656	88717452	20521
16	88718911	88719032	6257
16	88719698	88719826	13092
16	88721036	88721277	9006
16	88721594	88721835	22656
16	88722039	88722160	4873
16	88722461	88722732	17899
16	88723795	88724036	7697
16	88724258	88724499	16915
16	88725031	88725152	6780
16	88729392	88729513	2429
16	88744346	88744447	6364
16	88744825	88745066	15928
16	88747420	88748171	52117
16	88752715	88752836	3351
16	88763947	88764068	15230
16	88764900	88765027	9461
16	88765314	88765555	34572
16	88766018	88766150	6426
16	88767626	88767867	20644
16	88772558	88772743	0
16	88772860	88773022	15
16	88773519	88773640	8381
16	88776293	88776444	13258
16	88776569	88776720	21419
16	88777981	88778132	12915
16	88778448	88778801	22592
16	88778990	88779328	9336
16	88779666	88779907	25063
16	88779999	88780240	18378
16	88780474	88780645	18417
16	88780751	88780904	11619
16	88780918	88781189	9741
16	88781209	88781360	3461
16	88781423	88781674	33687
16	88781711	88781914	10508
16	88781956	88782553	19420
16	88782584	88782705	11351
16	88782708	88783172	27791
16	88783198	88783319	8785
16	88783403	88783644	12827
16	88783898	88784034	3041
16	88785934	88786408	40603
16	88786462	88786703	16236
16	88786745	88786986	7508
16	88786989	88787166	8665
16	88787524	88787885	25811
16	88787918	88788159	5569
16	88788206	88788525	20602
16	88788594	88788835	35870
16	88788922	88789163	4336
16	88789209	88789450	7941
16	88789469	88789804	4873
16	88790207	88790448	18790
16	88791391	88791512	1698
16	88791754	88792108	11454
16	88792656	88792897	24626
16	88792941	88793643	44674
16	88793895	88794136	17332
16	88794275	88794396	6245
16	88798094	88798335	33919
16	88798721	88799197	17485
16	88799652	88799893	22761
16	88799953	88800194	8360
16	88800250	88800555	9286
16	88800733	88800974	8825
16	88801010	88801718	45334
16	88802507	88802865	19119
16	88803046	88803147	1973
16	88803507	88804229	17470
16	88804341	88804513	4039
16	88804634	88804848	9682
16	88804975	88805144	4635
16	88807885	88808024	5792
16	88808431	88808532	12384
16	88808707	88808830	6361
16	88809332	88809933	56898
16	88809952	88810073	16587
16	88815789	88815890	9814
16	88851290	88851391	0
16	88870165	88870477	0
16	88870862	88871357	24743
16	88871795	88872324	17260
16	88872417	88872539	2402
16	88872836	88873107	11984
16	88873413	88873654	11948
16	88873668	88873909	15827
16	88874483	88874724	24465
16	88876025	88876296	11360
16	88876425	88876576	6315
16	88876776	88877017	7282
16	88877948	88878074	527
16	88878206	88878327	477
16	88880828	88880949	8816
16	88884352	88884593	44617
16	88888906	88889177	23500
16	88891164	88891287	2274
16	88893026	88893297	15288
16	88898366	88898519	3680
16	88901569	88901810	21288
16	88902043	88902314	15261
16	88902550	88902701	8226
16	88903950	88904221	13304
16	88907389	88907512	8861
16	88908280	88908401	16787
16	88909024	88909295	21233
16	88909437	88909575	13525
16	88921794	88921930	1179
16	88922611	88922712	8911
16	88923152	88923345	0
16	88923513	88923634	7544
16	88924991	88925232	16778
16	88925957	88926174	12994
16	88926249	88926400	15725
16	88927281	88927402	3575
16	88928008	88928129	8319
16	88930095	88930243	14384
16	88930594	88930835	6216
16	88931228	88931364	11145
16	88931375	88931602	3737
16	88931943	88932064	4869
16	88932160	88932401	9830
16	88932701	88933076	11772
16	88941237	88941479	18545
16	88942022	88942218	8909
16	88942464	88942564	12234
16	88942567	88942668	7244
16	88943184	88943284	6347
16	88943352	88943713	4562
16	88945621	88945892	53412
16	88947100	88947221	11525
16	88947488	88947589	5180
16	88947610	88947951	8685
16	88949073	88949194	8979
16	88951414	88951687	16472
16	88952338	88952579	19501
16	88958273	88958394	4694
16	88958561	88958952	12343
16	88964461	88964582	6160
16	88967836	88968107	15058
16	89006550	89006791	7564
16	89016615	89017816	313285
16	89043018	89043259	20388
16	89114144	89114244	13887
16	89118868	89119262	5043
16	89160245	89160410	0
16	89167031	89167782	81796
16	89168968	89169209	18762
16	89178425	89178696	13124
16	89180699	89180940	10564
16	89187173	89187331	9695
16	89199455	89199726	9298
16	89211590	89211861	27873
16	89212310	89212467	13410
16	89219533	89219654	6440
16	89220435	89220676	12238
16	89226185	89226306	17913
16	89226558	89227039	22026
16	89234627	89235468	45933
16	89238199	89238320	844
16	89245751	89246022	17292
16	89246534	89246805	8347
16	89249876	89250147	13211
16	89251539	89251882	19777
16	89253749	89254020	9665
16	89254479	89254720	18507
16	89256596	89256957	25259
16	89257657	89257928	9459
16	89258001	89258312	1601
16	89258551	89258912	506
16	89259824	89260065	12544
16	89260120	89260346	1712
16	89261235	89261596	19944
16	89262392	89262753	12662
16	89263640	89263881	24870
16	89264515	89264756	5809
16	89264785	89265252	18835
16	89265393	89265634	8241
16	89265776	89266017	16306
16	89266051	89266281	15954
16	89267757	89268072	0
16	89287486	89287607	12041
16	89288484	89288605	11726
16	89289506	89289747	25965
16	89291107	89291228	15439
16	89291939	89292060	11902
16	89293039	89295018	108069
16	89334037	89334137	920
16	89334177	89334358	5487
16	89334443	89335098	27435
16	89337209	89337330	5288
16	89341142	89341413	18114
16	89341488	89341609	6092
16	89344939	89352073	343412
16	89352369	89352640	16856
16	89353466	89353567	7189
16	89354875	89355126	13363
16	89356983	89357254	9878
16	89357354	89357625	13929
16	89358086	89358187	5996
16	89367174	89367415	6230
16	89371531	89371802	9913
16	89383283	89383524	16949
16	89556631	89556731	0
16	89556860	89556961	0
16	89574795	89575036	195
16	89576857	89577010	5064
16	89579264	89579455	19954
16	89590092	89590714	53973
16	89592685	89592926	20025
16	89595874	89595997	12288
16	89597032	89597273	16000
16	89598271	89598512	14183
16	89598836	89599077	8114
16	89603094	89603365	12645
16	89610966	89611237	12513
16	89613025	89613178	21302
16	89614374	89614531	7233
16	89615324	89615784	12395
16	89616868	89617079	22015
16	89619343	89619584	12255
16	89620163	89620404	10844
16	89620871	89620992	2098
16	89623246	89623517	12959
16	89627358	89627481	2564
16	89627584	89627933	5403
16	89627951	89628192	11234
16	89628709	89628830	5918
16	89629249	89629490	8027
16	89642271	89642512	793
16	89643916	89644157	12827
16	89645206	89645414	16238
16	89649842	89649990	9160
16	89650050	89650201	7354
16	89650411	89650532	4949
16	89651162	89651283	8046
16	89651855	89651976	3937
16	89652082	89652203	4031
16	89653029	89653180	5961
16	89653419	89653540	9040
16	89654998	89655269	24472
16	89656240	89656391	11616
16	89657379	89657721	38913
16	89661711	89662072	18385
16	89662839	89663080	15942
16	89696779	89696932	19886
16	89702260	89702501	15426
16	89702616	89702857	12242
16	89702864	89703135	12627
16	89703217	89703368	5041
16	89703548	89703819	22184
16	89703826	89703977	7783
16	89703986	89704137	11430
16	89704160	89704664	43445
16	89711244	89711344	2389
16	89712287	89712528	17873
16	89712907	89713168	7815
16	89713553	89713794	13912
16	89715710	89715951	16309
16	89717954	89718075	6165
16	89720260	89720381	5562
16	89723931	89724052	559
16	89724165	89724388	159
16	89724591	89724906	14670
16	89735678	89735919	12174
16	89753100	89753221	15438
16	89755634	89755755	11273
16	89756935	89757063	9138
16	89757810	89757963	11911
16	89758163	89758361	21776
16	89758799	89758950	13360
16	89759646	89759900	21517
16	89760515	89760876	25748
16	89761013	89761219	15174
16	89761302	89761528	15189
16	89761635	89761786	15955
16	89761990	89762219	23233
16	89763188	89763309	6303
16	89763686	89764767	91823
16	89767307	89767668	490
16	89774254	89774375	5431
16	89774825	89774949	8940
16	89775253	89775374	5697
16	89775587	89775858	9433
16	89776098	89776369	13766
16	89776964	89777445	23158
16	89777716	89777837	6357
16	89778272	89778393	6643
16	89778419	89778540	2404
16	89778807	89778958	6056
16	89778977	89779134	6925
16	89782799	89783243	35747
16	89783858	89784440	84771
16	89785390	89785870	24424
16	89787158	89787279	659
16	89788048	89788254	0
16	89788889	89789280	20511
16	89789476	89789627	14233
16	89789651	89790132	17731
16	89793664	89793785	6734
16	89795623	89795744	5181
16	89799700	89799830	3612
16	89799866	89799987	3413
16	89800236	89800507	11794
16	89804172	89804323	18070
16	89804337	89804698	25584
16	89804971	89805126	4065
16	89805244	89805395	4976
16	89805467	89805738	7322
16	89805862	89805983	3833
16	89806392	89806517	6924
16	89807151	89807302	3320
16	89809155	89809396	8302
16	89811331	89811489	7138
16	89812952	89813106	4831
16	89813207	89813328	2698
16	89815029	89815185	11068
16	89816102	89816343	24722
16	89818496	89818647	2795
16	89824938	89825168	12345
16	89828332	89828453	6996
16	89831234	89831505	13671
16	89833505	89833656	4849
16	89836217	89836458	8819
16	89836559	89836680	5632
16	89836945	89837066	8772
16	89838032	89838273	18880
16	89839669	89839802	2476
16	89842125	89842246	5749
16	89845172	89845293	6367
16	89845319	89845440	5765
16	89846259	89846380	7133
16	89849205	89849356	3672
16	89849401	89849522	10131
16	89851225	89851382	4185
16	89857726	89857997	8654
16	89858254	89858525	15389
16	89858825	89858976	5386
16	89862278	89862436	4725
16	89865395	89865666	8535
16	89865938	89866089	2411
16	89869646	89869767	7154
16	89871678	89871810	3924
16	89874626	89874788	5002
16	89877071	89877222	7538
16	89877256	89877527	4487
16	89880883	89881034	5076
16	89882248	89882422	9404
16	89882922	89883043	761
16	89894919	89895212	0
16	89911690	89911811	5306
16	89916567	89917129	10533
16	89920642	89920793	14531
16	89920825	89921096	10168
16	89921989	89922110	9427
16	89922431	89922702	39301
16	89924679	89924950	23655
16	89925516	89925787	36774
16	89927081	89927213	13676
16	89929829	89930070	8255
16	89930174	89930295	8822
16	89934549	89934670	12273
16	89935911	89936152	17928
16	89936417	89936690	13758
16	89936706	89936863	6987
16	89940050	89940291	12372
16	89949718	89949959	17649
16	89950935	89951086	6713
16	89952193	89952384	15118
16	89954031	89954152	3247
16	89958550	89958701	5770
16	89960049	89960320	16066
16	89961434	89961555	4084
16	89962383	89962504	8201
16	89964919	89965070	5806
16	89965165	89965290	6189
16	89967001	89967242	14953
16	89970460	89970623	19219
16	89971082	89971544	27707
16	89972585	89972710	9173
16	89973592	89973743	13744
16	89975311	89975552	17003
16	89976973	89977094	12469
16	89977415	89977686	15641
16	89980508	89981606	78979
16	89985600	89987386	126440
16	89989787	89989928	600
16	89998941	89999097	5088
16	89999839	89999996	10853
16	90001103	90002222	156748
16	90002296	90002397	3097
16	90015808	90016079	10298
16	90020566	90020837	12853
16	90021534	90021685	9499
16	90023872	90024113	21805
16	90025341	90025644	8827
16	90027269	90027540	11201
16	90028057	90028328	18233
16	90028385	90028543	9665
16	90029749	90029870	6234
16	90030301	90030767	44127
16	90030864	90030993	5654
16	90032258	90032381	6645
16	90032534	90032635	7263
16	90032710	90032811	5367
16	90033058	90033159	8546
16	90036323	90036424	6683
16	90036477	90036892	16108
16	90037766	90038943	47609
16	90039089	90039190	777
16	90044116	90044216	10173
16	90046633	90046756	8345
16	90048134	90048375	8353
16	90050911	90051088	23144
16	90051853	90051978	8794
16	90055045	90055146	5095
16	90055259	90055359	2720
16	90057221	90057462	14847
16	90057636	90057791	9200
16	90059061	90059302	18177
16	90060142	90060301	10855
16	90063144	90063300	12270
16	90065603	90065719	5396
16	90066240	90066341	3908
16	90066345	90066466	4533
16	90066486	90066727	18871
16	90066837	90067198	38999
16	90071318	90071419	3994
16	90072428	90072529	8049
16	90072700	90072941	37527
16	90075140	90075381	10032
16	90075613	90075884	8742
16	90076334	90076465	10055
16	90085672	90085793	0
16	90089069	90089190	333
16	90093995	90094146	3593
16	90095387	90096310	71490
16	90097654	90097925	13139
16	90099077	90099348	14115
16	90102006	90102127	5921
16	90102740	90103011	13102
16	90103602	90103843	7325
16	90104121	90104272	11363
16	90106691	90106932	10782
16	90108849	90108970	2601
16	90109557	90109798	6374
16	90109953	90110434	29430
16	90110842	90111083	8467
16	90113364	90113504	17492
16	90113925	90114025	354
16	90124591	90124970	32074
16	90125359	90125460	3578
16	90126708	90127069	37430
16	90127832	90127953	8269
16	90128249	90128644	34636
16	90128798	90128919	8989
16	90129976	90130217	13025
16	90133232	90133353	11854
16	90141316	90141437	7625
16	90141699	90141940	18353
16	90142222	90142343	7298
16	90160398	90160519	20682
16	90160687	90161237	38391
16	90161502	90162597	147626
16	90168617	90168827	28609
16	90182672	90182913	40369
16	90195017	90195138	35965
16	90234507	90234923	10613
16	90237170	90237659	71963
16	90237871	90238112	102768
16	90244087	90244329	21740
16	90252369	90252582	15118
16	90260502	90260622	7318
17	5966	6207	27722
17	11196	11389	37387
17	11805	12018	55884
17	13896	14017	22545
17	22306	22427	6318
17	30842	31280	1301
17	63469	63570	10218
17	63617	63738	6314
17	65397	65638	18363
17	69404	69537	6244
17	96837	97108	47059
17	131510	131661	17276
17	169154	169395	19798
17	170983	171254	45515
17	177204	177355	19919
17	260099	260447	1555
17	262896	263947	95899
17	289762	289863	7183
17	290029	290130	4557
17	292802	292903	12554
17	292938	293299	78894
17	295617	295782	18482
17	296131	296231	6046
17	422331	422572	19064
17	422996	423237	20554
17	424788	425029	14523
17	436047	436168	8251
17	440228	440461	11877
17	455089	455210	4808
17	456569	456720	16259
17	463618	463859	23788
17	465682	466043	26260
17	489495	489616	12132
17	504994	505146	38019
17	526722	526963	19869
17	530363	530604	15728
17	531278	531519	18338
17	534737	534888	10887
17	535940	536040	456
17	556469	556710	22362
17	559014	559255	31629
17	560057	560321	26391
17	563583	563684	7899
17	565030	565151	10481
17	600599	600750	16362
17	602534	602655	9537
17	613751	613872	10556
17	617844	617965	10730
17	635827	636068	200
17	636318	636439	2566
17	641065	641306	18375
17	643731	643852	13146
17	644494	644923	71735
17	644939	645039	15119
17	645982	646083	6830
17	648056	651308	247774
17	655316	655437	1
17	655462	655619	963
17	656092	656544	68892
17	663384	663505	12861
17	673090	673211	9940
17	673249	673407	13813
17	673612	673763	3993
17	674511	674711	12557
17	678965	679206	15242
17	680073	680287	10547
17	681820	682019	11985
17	685389	685955	78501
17	686263	686588	16821
17	691167	691385	26763
17	694740	695341	112251
17	704008	704109	8638
17	704158	704399	15310
17	706832	707103	26324
17	708276	708517	28211
17	722584	722825	13934
17	725555	725707	15095
17	726787	727058	12480
17	729138	729379	16728
17	729636	729757	3546
17	747690	747863	6481
17	800085	800186	7121
17	878456	878557	3851
17	882538	882944	1524
17	900320	900681	24132
17	901995	902236	41769
17	902696	902847	65085
17	904198	904349	21574
17	906719	906882	15969
17	906975	907076	3409
17	907629	907730	5753
17	908072	908206	14348
17	908982	909083	8015
17	909102	909266	12514
17	909303	909424	13079
17	910357	910598	17404
17	912909	913034	10624
17	913884	914155	33275
17	915004	915797	77965
17	915918	916047	8185
17	916313	916434	17281
17	925707	925808	2244
17	934837	934981	425
17	951386	951486	4059
17	953234	953475	41385
17	953734	953885	11860
17	959250	959371	5462
17	960198	960352	5721
17	961156	961307	26667
17	961894	962165	27150
17	970278	970519	38392
17	973148	973389	21937
17	975802	976043	42659
17	976829	976950	6938
17	982538	982659	8945
17	986750	986877	8391
17	994876	995117	17364
17	1003864	1003985	7582
17	1012119	1012355	23335
17	1027357	1027486	11270
17	1028458	1028799	25814
17	1082929	1083050	2421
17	1173839	1174755	20467
17	1183217	1183728	35734
17	1198699	1198970	27198
17	1201490	1201611	6487
17	1247843	1248011	6309
17	1248051	1248228	6978
17	1248421	1248572	5799
17	1248705	1248826	7623
17	1257451	1257692	21026
17	1264367	1264604	10847
17	1265151	1265312	10835
17	1268131	1268372	23582
17	1303281	1303508	47990
17	1325772	1325941	8575
17	1326042	1326411	13614
17	1326577	1326995	53009
17	1339870	1340481	56953
17	1359109	1359458	2178
17	1367432	1367583	9504
17	1367834	1367934	11242
17	1368372	1368472	3095
17	1368567	1368862	19068
17	1368879	1369092	28102
17	1370524	1370645	22198
17	1370761	1370882	19793
17	1371107	1371469	21073
17	1371513	1371634	7202
17	1371652	1371803	13625
17	1372805	1372926	5367
17	1373427	1373668	21120
17	1373709	1373830	1389
17	1373887	1374008	6766
17	1374311	1374462	14972
17	1374482	1374640	15076
17	1375108	1375532	36371
17	1377852	1378003	17941
17	1378037	1378188	12312
17	1378217	1378338	7780
17	1380753	1380904	18211
17	1381133	1381284	12250
17	1381342	1381496	6874
17	1381653	1381804	10552
17	1381818	1382089	21441
17	1382699	1382820	13231
17	1382851	1383009	10319
17	1383778	1383929	13958
17	1383938	1384209	32664
17	1385720	1385871	23844
17	1386132	1386373	23269
17	1386840	1387054	12676
17	1387398	1387639	16041
17	1388935	1389056	0
17	1395568	1395803	21843
17	1398737	1398838	8602
17	1399004	1399204	10147
17	1399279	1399468	8656
17	1399593	1399714	12267
17	1399907	1400148	23848
17	1401171	1401442	46924
17	1410264	1410393	10998
17	1411373	1411530	16603
17	1412438	1412679	32552
17	1412913	1413154	22573
17	1416723	1416865	11334
17	1417156	1417283	6357
17	1419710	1419831	1998
17	1421284	1421413	7841
17	1421707	1421808	7281
17	1422351	1422451	2394
17	1422801	1423022	17331
17	1423531	1423732	8640
17	1423774	1423874	7438
17	1424855	1424976	8641
17	1437332	1437573	21896
17	1438409	1438650	40497
17	1438712	1438833	6157
17	1442143	1442264	12835
17	1444835	1444960	13851
17	1445009	1445110	6240
17	1446256	1446377	7617
17	1451574	1451695	19138
17	1456249	1456490	38516
17	1461776	1461897	4848
17	1465783	1465997	4
17	1466027	1466127	0
17	1477670	1477770	8210
17	1478333	1478434	4545
17	1478510	1478610	1842
17	1478827	1479098	41461
17	1479831	1480072	16460
17	1481489	1481640	13220
17	1486442	1486683	21685
17	1488953	1489395	31321
17	1490198	1490298	4141
17	1494047	1494288	12525
17	1494512	1494783	30064
17	1494805	1495046	1441
17	1496465	1496586	7576
17	1516465	1516586	6046
17	1518239	1518360	7688
17	1519808	1520079	14812
17	1530967	1531208	17458
17	1538000	1538961	79949
17	1539954	1540415	27339
17	1542038	1542309	23515
17	1542923	1543046	16743
17	1543118	1543389	28478
17	1543729	1543970	48993
17	1546726	1547300	234
17	1548117	1548239	4175
17	1548411	1548562	17773
17	1548879	1549074	7929
17	1549673	1549944	43771
17	1550180	1550301	5802
17	1551068	1551309	11905
17	1551600	1551836	20401
17	1552038	1552384	1284
17	1552484	1552610	190
17	1552691	1552812	127
17	1552861	1553108	540
17	1553975	1554292	26478
17	1554381	1554622	23596
17	1554656	1555131	40568
17	1556785	1557370	109040
17	1558619	1558860	58665
17	1559621	1559892	29484
17	1559932	1560065	9650
17	1561489	1561730	43563
17	1561757	1562118	23543
17	1562625	1562866	34455
17	1563063	1563334	26784
17	1563647	1564176	33901
17	1564220	1564491	32958
17	1564511	1564752	12127
17	1564873	1565114	11820
17	1565142	1565503	27703
17	1576281	1576552	11107
17	1576634	1576875	18048
17	1576991	1577232	25328
17	1577643	1578034	11605
17	1578156	1578669	52195
17	1578858	1579129	18589
17	1579133	1579404	31699
17	1579431	1579702	25251
17	1579750	1580021	17678
17	1580246	1580530	30150
17	1580772	1581043	8635
17	1581111	1581301	5540
17	1581788	1582235	21530
17	1582254	1583117	82096
17	1583570	1584376	71913
17	1584726	1584997	19270
17	1585071	1585342	15171
17	1585398	1585760	16204
17	1586082	1586261	13177
17	1586789	1587030	21535
17	1587408	1587728	10356
17	1587756	1587881	676
17	1611048	1611529	23000
17	1612772	1612893	4955
17	1613077	1613198	1268
17	1613327	1613568	873
17	1615545	1615738	9981
17	1616947	1617306	21454
17	1619837	1619958	8062
17	1628235	1631965	236745
17	1633636	1633791	18812
17	1634022	1634263	6214
17	1634305	1634576	25253
17	1635580	1635821	20740
17	1635921	1636162	33344
17	1636774	1637525	68784
17	1638787	1639058	39240
17	1639271	1639542	26942
17	1640637	1640998	37641
17	1641050	1641151	11495
17	1641250	1641350	21355
17	1641596	1641697	11544
17	1648229	1648380	18166
17	1648426	1648547	5778
17	1648596	1648717	5603
17	1648951	1649222	15171
17	1650263	1650504	18669
17	1650583	1650824	19029
17	1651811	1652082	13437
17	1655860	1656101	18585
17	1657350	1657861	46146
17	1670185	1670306	17268
17	1673093	1673364	21715
17	1674249	1674520	18350
17	1675116	1675387	12984
17	1678271	1678540	32098
17	1679809	1680050	19181
17	1680399	1680790	53093
17	1683115	1683254	6579
17	1684535	1684776	25335
17	1686239	1686510	17949
17	1686560	1686831	20086
17	1687536	1687807	27609
17	1690064	1690305	22325
17	1690685	1690926	48769
17	1703133	1704334	105057
17	1707903	1708024	9720
17	1715239	1715456	12015
17	1731100	1731341	11385
17	1733342	1733463	900
17	1746060	1746181	18813
17	1747191	1747312	14816
17	1747834	1747990	19877
17	1756377	1756498	7292
17	1761210	1761331	5648
17	1775712	1775833	23920
17	1778899	1779140	30776
17	1780495	1780618	20726
17	1782229	1782380	13883
17	1782483	1782724	39002
17	1782772	1783043	29809
17	1783759	1784030	27430
17	1787050	1787291	21236
17	1791935	1792176	15447
17	1795117	1795244	5788
17	1798254	1798405	19824
17	1800355	1800479	7282
17	1801041	1801178	7141
17	1802225	1802586	26422
17	1838004	1838105	5784
17	1838465	1838565	8937
17	1838698	1838798	5568
17	1839015	1839212	6871
17	1839256	1839443	5671
17	1839580	1839681	6464
17	1839712	1841172	196112
17	1928091	1928320	2453
17	1933425	1933546	13686
17	1936753	1936994	21964
17	1937043	1937164	17549
17	1939203	1939444	36885
17	1939750	1940021	38071
17	1940038	1940309	31231
17	1942991	1943142	22571
17	1943438	1943709	28465
17	1943787	1943909	17356
17	1944374	1944495	2979
17	1944722	1944925	6511
17	1945045	1945169	9604
17	1945312	1945553	980
17	1945847	1946448	56238
17	1953170	1953327	585
17	1953540	1953699	396
17	1958298	1958490	512
17	1959560	1959681	7305
17	1959942	1963024	97557
17	1964610	1964721	25261
17	1964724	1964970	29511
17	1968346	1968467	11709
17	1968716	1968987	31264
17	1972027	1972268	29079
17	1985025	1985296	22457
17	1988955	1989226	22296
17	1990352	1990473	22009
17	1991052	1991153	11647
17	2030718	2031369	80234
17	2075931	2076172	17580
17	2089919	2090160	28453
17	2091599	2091870	18363
17	2095095	2095196	9249
17	2138985	2139085	6532
17	2139737	2139978	29007
17	2147921	2148042	5692
17	2185895	2186166	32426
17	2186882	2187039	9412
17	2195793	2195944	13426
17	2196155	2196281	9370
17	2200500	2200657	9090
17	2201131	2201372	10743
17	2202147	2203978	187622
17	2206909	2207030	0
17	2210041	2210878	53458
17	2212727	2212827	11211
17	2218817	2219041	32414
17	2221075	2221346	14872
17	2222080	2222233	10337
17	2224508	2224779	22853
17	2224781	2224932	4502
17	2226413	2226654	21728
17	2226906	2227177	15513
17	2227427	2227698	21503
17	2227743	2227894	11284
17	2227931	2228172	20216
17	2228534	2228775	12912
17	2232370	2232521	10176
17	2232581	2232822	14902
17	2233527	2233678	9122
17	2233772	2233929	8865
17	2234200	2234441	25124
17	2235436	2235677	21894
17	2236215	2236456	20606
17	2236809	2237050	13797
17	2237736	2238217	34608
17	2238541	2238740	9127
17	2238793	2239034	32274
17	2239291	2239444	19898
17	2239581	2239732	17540
17	2240949	2241070	2745
17	2246785	2246936	8490
17	2264890	2265131	22101
17	2265332	2265603	32348
17	2266074	2266475	33060
17	2266674	2266945	6884
17	2267263	2267534	9772
17	2267689	2268390	78509
17	2268420	2268691	32082
17	2270510	2270751	15463
17	2274481	2274752	25961
17	2275424	2275575	28078
17	2275588	2275839	3874
17	2276189	2276430	22348
17	2276564	2276835	50621
17	2278706	2279217	42774
17	2279371	2279612	15727
17	2279976	2280127	14725
17	2280243	2280372	5134
17	2281107	2281258	19491
17	2282292	2282631	32029
17	2282708	2282829	6337
17	2283395	2283496	6722
17	2287326	2287476	10890
17	2287554	2287809	17116
17	2287926	2288128	12248
17	2288137	2288238	2936
17	2289780	2289880	1980
17	2289991	2290967	119914
17	2291125	2291366	40679
17	2297327	2297458	6608
17	2297569	2297718	9569
17	2298150	2298816	37249
17	2302325	2302425	2237
17	2303897	2304137	1828
17	2310229	2310590	28479
17	2317665	2317887	31730
17	2318445	2318686	20003
17	2323215	2323936	63960
17	2323960	2324231	19921
17	2341386	2341507	9350
17	2344757	2344878	2671
17	2367451	2367692	23699
17	2371018	2371232	10168
17	2376766	2377007	20680
17	2380958	2381199	14833
17	2405440	2405681	16625
17	2496912	2497012	279
17	2497100	2497200	113
17	2497224	2497324	479
17	2541537	2541658	5631
17	2568646	2568767	8788
17	2569285	2569406	5835
17	2570267	2570508	15966
17	2573419	2573660	26769
17	2575908	2576061	14840
17	2577316	2577592	12046
17	2579788	2579910	8689
17	2583414	2583655	24005
17	2584998	2585351	24688
17	2585480	2585580	16132
17	2585615	2585816	11393
17	2585941	2586042	12677
17	2586088	2586188	11042
17	2587054	2587154	6166
17	2587336	2587511	10072
17	2587597	2587785	17089
17	2587788	2587888	12671
17	2587918	2588018	15630
17	2588600	2588701	6171
17	2588721	2588822	5490
17	2592666	2592856	10008
17	2593097	2593197	6665
17	2593393	2593528	10796
17	2593858	2594099	4971
17	2594878	2595223	27645
17	2595283	2595411	13753
17	2595594	2596047	59093
17	2596052	2596173	16259
17	2597142	2597613	62980
17	2597754	2597875	9256
17	2598091	2598452	25668
17	2598481	2598602	18511
17	2598622	2598863	8558
17	2599381	2599622	26980
17	2599655	2599896	8642
17	2599943	2600304	11898
17	2601175	2601896	70652
17	2603660	2603781	10393
17	2603924	2604165	19827
17	2604375	2605088	61057
17	2605158	2605399	12306
17	2606576	2606817	20000
17	2607628	2607869	23152
17	2614855	2615006	0
17	2651362	2651486	7310
17	2699782	2699903	13319
17	2703765	2703886	4333
17	2808558	2808679	12277
17	2843310	2843410	15915
17	2861009	2861130	8075
17	2865924	2866045	12435
17	2866678	2866799	14220
17	2867134	2867375	19003
17	2868764	2869005	23095
17	2883558	2883679	7534
17	2884454	2884575	6955
17	2888257	2888378	4637
17	2894519	2894760	29377
17	2898574	2898815	34690
17	2901471	2901712	17393
17	2908637	2908758	12083
17	2909166	2909351	13868
17	2911250	2911491	15615
17	2921302	2921543	18231
17	2923708	2923949	19649
17	2929237	2929478	17573
17	2929579	2929820	19085
17	2930179	2930420	38030
17	2934192	2934313	10825
17	2935647	2935774	14528
17	2936669	2936818	13228
17	2937686	2937807	9560
17	2938415	2938516	2146
17	2940095	2940196	9298
17	2940550	2940651	22692
17	2940827	2940985	13321
17	2965917	2966998	259567
17	2995339	2996300	172016
17	3029893	3030969	79141
17	3057161	3058239	73236
17	3100796	3101757	118654
17	3118898	3119859	139408
17	3132224	3132382	13665
17	3143871	3144952	237520
17	3160354	3161400	38423
17	3169013	3169167	36185
17	3181175	3182286	156701
17	3194891	3195904	103173
17	3213586	3215036	193158
17	3300750	3301714	116111
17	3323803	3324884	170003
17	3336108	3337189	122905
17	3341367	3341467	5159
17	3343385	3343656	15343
17	3346455	3346576	9446
17	3349709	3349950	22323
17	3352090	3352453	56951
17	3365733	3365884	5999
17	3365939	3366090	7445
17	3370662	3370903	12570
17	3372536	3372657	1975
17	3379444	3379699	39200
17	3384873	3385114	16180
17	3386778	3386899	5562
17	3392519	3392646	10817
17	3397607	3397763	6338
17	3402132	3402403	14957
17	3416464	3416564	8851
17	3417187	3417318	5757
17	3417865	3417986	9153
17	3419715	3419873	10162
17	3421825	3422186	43317
17	3424238	3424359	1620
17	3427423	3427694	17108
17	3430123	3430244	6215
17	3431278	3431430	6781
17	3432065	3432329	10115
17	3433287	3433528	28218
17	3435879	3436270	31832
17	3438834	3439056	30961
17	3445752	3446023	26537
17	3446693	3446964	16308
17	3447854	3447975	12692
17	3448451	3448575	10835
17	3457933	3458204	35710
17	3470073	3470314	19579
17	3474754	3474995	19312
17	3475358	3475599	21992
17	3476906	3477268	17071
17	3480391	3480512	5100
17	3480853	3481094	15189
17	3483724	3483845	6982
17	3486616	3486737	15926
17	3489019	3489260	17339
17	3491450	3491691	23251
17	3492156	3492292	1559
17	3493041	3493454	36846
17	3493494	3493735	28274
17	3494211	3494692	44710
17	3495321	3495682	32439
17	3513141	3513242	2222
17	3513818	3514299	29000
17	3518609	3518850	21333
17	3524467	3524738	9835
17	3526587	3526828	27195
17	3527282	3527553	12840
17	3533448	3533689	11765
17	3539308	3539549	18273
17	3543469	3543590	7116
17	3550715	3550836	10891
17	3552121	3552242	6959
17	3553458	3553638	7237
17	3558252	3558405	19250
17	3558429	3558700	24340
17	3559769	3559890	9149
17	3559908	3560149	16020
17	3561262	3561503	18531
17	3563059	3563330	14790
17	3563445	3563716	29067
17	3563818	3564089	18863
17	3564333	3564533	10216
17	3566989	3567230	23288
17	3567466	3567587	5879
17	3567852	3568152	14681
17	3568442	3568543	1723
17	3571739	3571860	2952
17	3572425	3572963	35359
17	3575706	3575827	12850
17	3577017	3577216	19946
17	3582829	3583100	24973
17	3585139	3585290	10421
17	3588792	3588893	9706
17	3591291	3591412	14555
17	3591865	3592106	16214
17	3592733	3592974	28307
17	3593312	3593463	15367
17	3593677	3593828	12112
17	3593845	3593996	8855
17	3594224	3594345	9384
17	3594891	3595132	34672
17	3599079	3599441	34593
17	3618097	3618248	8007
17	3619945	3620102	12022
17	3623587	3623708	13763
17	3626570	3626691	3753
17	3626948	3627069	623
17	3627136	3629994	153369
17	3631146	3631330	15537
17	3631369	3631490	15298
17	3632749	3632870	19673
17	3634376	3634497	6949
17	3635619	3635770	14749
17	3638055	3638296	44213
17	3643074	3643195	9523
17	3646695	3646966	59014
17	3648988	3649259	21606
17	3651159	3651400	15049
17	3653559	3653830	16758
17	3654904	3655178	27697
17	3656532	3656773	28439
17	3657056	3657267	8792
17	3658361	3658602	3029
17	3659096	3659217	6787
17	3660219	3660463	33964
17	3660925	3661196	21421
17	3662650	3662891	14132
17	3663432	3663643	7539
17	3664297	3664485	8277
17	3664634	3664875	20480
17	3665181	3665302	1481
17	3667117	3667268	8094
17	3680742	3681013	20860
17	3687613	3687713	5625
17	3704330	3704481	14765
17	3715524	3715702	8316
17	3715942	3716043	5175
17	3716304	3716583	13060
17	3717575	3717816	20832
17	3719335	3719606	20487
17	3721485	3721957	21592
17	3724533	3724656	3477
17	3725213	3725356	13373
17	3728168	3728358	18633
17	3729037	3729158	17456
17	3729323	3729564	31937
17	3732478	3732719	21677
17	3743325	3743566	16153
17	3746351	3746472	5696
17	3749304	3749545	11563
17	3763663	3763764	10895
17	3765317	3765418	4729
17	3765479	3765600	4217
17	3769160	3769315	14509
17	3772723	3772964	13581
17	3773047	3773198	11110
17	3775823	3775944	10437
17	3776638	3776789	9716
17	3779495	3779736	27744
17	3783592	3783743	16549
17	3784870	3784991	5258
17	3785516	3785674	23714
17	3785778	3785899	8175
17	3786251	3786522	23606
17	3786687	3786808	8805
17	3787113	3787264	11679
17	3787606	3787757	8753
17	3788572	3789041	56673
17	3793881	3794083	40416
17	3801079	3801200	11700
17	3801262	3801414	18776
17	3801749	3801870	8132
17	3802181	3802332	14929
17	3802840	3803111	22339
17	3806445	3806686	11314
17	3806823	3806944	9053
17	3807208	3807329	5002
17	3807567	3807718	7407
17	3808126	3808247	9582
17	3808436	3808707	20654
17	3818639	3819210	60985
17	3819329	3819570	30599
17	3822814	3823004	29105
17	3828026	3828147	10518
17	3828642	3828765	12761
17	3831242	3831363	11737
17	3831479	3831631	13045
17	3831894	3832135	38776
17	3832559	3832800	6579
17	3833585	3833781	8872
17	3838437	3838588	18264
17	3839510	3839781	58895
17	3840698	3840940	36994
17	3844221	3844612	40780
17	3844687	3844958	36554
17	3845811	3846082	30786
17	3846599	3846870	29716
17	3847987	3848110	10608
17	3848336	3848457	4113
17	3850645	3851159	32472
17	3853786	3853907	11228
17	3853935	3854086	7897
17	3854494	3854733	6551
17	3854835	3854989	11176
17	3856590	3856741	13608
17	3856934	3857055	16406
17	3867458	3867751	0
17	3907837	3907938	2617
17	3910060	3910283	30534
17	3912151	3912272	6245
17	3912801	3913094	26451
17	3916733	3916945	15271
17	3917371	3917492	5781
17	3917603	3917844	17918
17	3919567	3919808	37851
17	3920603	3921317	54043
17	3922951	3923073	9049
17	3924367	3924638	17383
17	3925911	3926182	8936
17	3928161	3928432	17271
17	3935364	3935605	25614
17	3936057	3936328	19253
17	3937236	3937627	38922
17	3945641	3945912	15453
17	3947471	3947712	20434
17	3952956	3953197	14736
17	3954024	3954385	12964
17	3955226	3955467	19721
17	3957298	3957539	11587
17	3959453	3959694	16109
17	3961217	3961488	14014
17	3962423	3962644	9750
17	3965977	3966248	16084
17	3967617	3968133	49236
17	3969696	3969847	15532
17	3970435	3970556	5284
17	3973916	3974277	28274
17	3975824	3976095	37090
17	3977393	3977664	12705
17	3978370	3978491	11006
17	3978518	3978759	21327
17	3979870	3980296	27512
17	3981105	3981376	7820
17	3984605	3984846	5801
17	3985703	3985824	5416
17	3988909	3989150	25972
17	3989713	3989984	17297
17	3990686	3990838	6387
17	3991958	3992199	19301
17	3993977	3994134	12840
17	3999077	3999318	10225
17	3999857	4000008	4165
17	4005598	4005719	6917
17	4007894	4008135	21237
17	4008923	4009194	12030
17	4012930	4013171	14034
17	4015881	4016122	14437
17	4017557	4017798	22228
17	4020211	4020482	23272
17	4027151	4027392	35187
17	4045826	4046199	954
17	4046439	4046539	6345
17	4046963	4047354	98139
17	4053133	4053374	21864
17	4057939	4058180	24854
17	4060116	4060387	13499
17	4067219	4067320	8958
17	4067574	4067674	6030
17	4068116	4068254	7006
17	4069726	4069827	8134
17	4070227	4070344	5684
17	4070389	4070538	11892
17	4070549	4070650	4829
17	4070921	4071258	18671
17	4072475	4072596	2900
17	4073960	4074201	19988
17	4075791	4076032	22970
17	4076602	4076753	10999
17	4077156	4077397	18674
17	4080387	4080628	22190
17	4082130	4082371	29007
17	4082942	4083213	27869
17	4084486	4084727	12756
17	4085410	4085681	32957
17	4086618	4086889	18182
17	4087094	4087215	9281
17	4088103	4088351	19624
17	4092664	4092785	16783
17	4098180	4098492	22384
17	4098640	4098791	8778
17	4100618	4100889	22229
17	4109577	4109818	9819
17	4111181	4111422	12574
17	4113029	4113300	17159
17	4120194	4120465	15657
17	4139004	4139245	10953
17	4145495	4145766	15095
17	4166889	4167025	537
17	4167140	4167291	13723
17	4172515	4172616	1440
17	4173236	4173337	5469
17	4173457	4173557	5338
17	4174562	4174865	13826
17	4175042	4175284	7220
17	4175496	4175807	28567
17	4186042	4186232	13227
17	4192492	4192733	19271
17	4199969	4200120	9682
17	4210305	4210428	5903
17	4269538	4269870	682
17	4337210	4337481	51589
17	4342924	4343045	9814
17	4348243	4348514	23726
17	4349267	4349538	23457
17	4350132	4350283	21179
17	4351372	4351643	33245
17	4352454	4352725	11382
17	4356284	4356525	21038
17	4381838	4381959	9692
17	4389510	4389631	8274
17	4389641	4389912	21944
17	4391053	4391204	9249
17	4402333	4402722	337
17	4416483	4416634	19728
17	4428268	4428539	28214
17	4433851	4434122	18951
17	4434289	4434440	15615
17	4435800	4436027	17088
17	4436196	4436467	26166
17	4436481	4436752	38570
17	4437024	4437175	11874
17	4439328	4439479	6624
17	4439488	4439759	9242
17	4440122	4440305	15618
17	4440747	4441234	53161
17	4442161	4442312	15174
17	4442654	4443285	73583
17	4443589	4443830	21736
17	4444717	4444869	16192
17	4445041	4445196	19179
17	4445701	4446093	26283
17	4446122	4446513	71677
17	4447741	4447982	12597
17	4448009	4448656	37531
17	4448829	4449100	16661
17	4449127	4449248	15387
17	4451241	4451362	9120
17	4451370	4451641	28372
17	4451730	4452001	26125
17	4452590	4452747	7375
17	4453319	4453680	26366
17	4455112	4455353	27479
17	4455382	4455623	32359
17	4455682	4455953	13960
17	4457067	4457222	5772
17	4457289	4457410	5741
17	4457440	4457591	8315
17	4458142	4458263	18579
17	4458399	4458640	25817
17	4461259	4462370	71526
17	4462624	4462751	13605
17	4462802	4463073	46041
17	4463595	4463866	19169
17	4487864	4488342	62
17	4495624	4495775	10523
17	4496133	4496524	52782
17	4497093	4497214	14690
17	4498379	4498650	59596
17	4500092	4500333	6996
17	4500421	4500662	20039
17	4510567	4510838	40429
17	4510992	4511092	6026
17	4514045	4514145	3883
17	4520057	4520309	11705
17	4534863	4535104	23131
17	4535116	4535387	23801
17	4535434	4535586	11716
17	4536065	4536336	16034
17	4536374	4536645	19367
17	4536660	4536811	14006
17	4539007	4539278	19476
17	4540330	4540601	23869
17	4541470	4541711	55581
17	4541836	4541989	5941
17	4542054	4542476	38723
17	4542674	4542945	26316
17	4544727	4544998	19290
17	4574718	4574839	8213
17	4574955	4576457	70983
17	4576526	4576767	20062
17	4576880	4577001	6787
17	4577763	4578004	9352
17	4578056	4578297	12690
17	4578310	4579233	75860
17	4579272	4579513	35178
17	4579605	4579846	10174
17	4580016	4580137	2304
17	4585771	4585892	4747
17	4586051	4586292	15575
17	4594114	4594355	21126
17	4594643	4594764	5150
17	4607100	4607461	4244
17	4613966	4614087	0
17	4618261	4618382	10071
17	4619236	4619357	8811
17	4619372	4619523	8963
17	4619683	4619924	9368
17	4620450	4620601	7900
17	4620922	4621073	11036
17	4621099	4621370	6172
17	4621536	4621657	6281
17	4621851	4622002	8443
17	4622525	4622766	13544
17	4623491	4623612	11283
17	4623666	4623787	9708
17	4623816	4623967	7412
17	4624226	4624347	16121
17	4624479	4624579	7916
17	4634735	4634886	12413
17	4634984	4635255	20282
17	4636292	4636533	35760
17	4637862	4637983	11058
17	4638323	4638834	46635
17	4641652	4641803	10811
17	4642024	4642265	23997
17	4642502	4642743	20055
17	4643824	4644454	47796
17	4644842	4645121	20587
17	4645136	4645407	12492
17	4645554	4645825	23020
17	4646552	4646793	23127
17	4647040	4647161	10968
17	4647285	4647403	9677
17	4647467	4647588	13257
17	4647621	4647772	6492
17	4647845	4648116	14142
17	4648131	4648253	8643
17	4648438	4648709	11285
17	4649041	4649295	2932
17	4675154	4675425	29777
17	4684062	4684183	7769
17	4685744	4685985	22456
17	4686119	4686475	37171
17	4688594	4688985	36068
17	4689168	4689657	70468
17	4692268	4692422	25349
17	4692491	4692612	7753
17	4692737	4693008	24127
17	4693021	4693601	15793
17	4699479	4699601	13013
17	4699965	4700116	21526
17	4700677	4700918	23762
17	4700920	4701161	19712
17	4701254	4701495	25065
17	4701524	4701765	18540
17	4711030	4711186	18122
17	4711222	4711463	15087
17	4711488	4711759	23097
17	4712356	4712510	12282
17	4712564	4712685	5621
17	4712725	4712876	5464
17	4712940	4713091	12164
17	4713126	4713367	23104
17	4714050	4714291	41181
17	4717693	4717814	11754
17	4717875	4718026	15195
17	4718734	4718891	34551
17	4719022	4719263	29767
17	4719826	4720097	16695
17	4720139	4720564	35204
17	4721287	4721411	8103
17	4721544	4721695	19635
17	4721779	4721912	5778
17	4722032	4722153	8592
17	4722324	4722565	9701
17	4722649	4722920	16148
17	4725023	4725264	17837
17	4725925	4726169	18425
17	4726650	4726751	4506
17	4736835	4736966	1004
17	4738035	4738156	4415
17	4741001	4741101	13232
17	4747819	4747940	16046
17	4750421	4750542	10684
17	4754247	4754368	15905
17	4758005	4758126	5969
17	4763995	4764116	15599
17	4774318	4774418	2392
17	4778344	4778465	7718
17	4781594	4781694	11034
17	4784256	4784357	6199
17	4784426	4784552	7732
17	4787591	4787832	21714
17	4788190	4788311	30242
17	4788721	4788962	19233
17	4789171	4789292	18554
17	4789392	4789513	11897
17	4789712	4789953	10376
17	4790378	4790499	16062
17	4790843	4791116	8825
17	4792816	4793068	17109
17	4793509	4793610	5581
17	4793778	4794070	24647
17	4794211	4794452	9251
17	4794699	4795060	32047
17	4795425	4795546	4372
17	4795630	4795871	6015
17	4795885	4796126	10319
17	4796256	4796377	16527
17	4796531	4796667	14904
17	4796689	4796930	24815
17	4797214	4797657	36380
17	4797752	4797993	24666
17	4798332	4798573	19007
17	4798595	4798836	19485
17	4798938	4799179	15969
17	4799226	4800158	79421
17	4800479	4800600	12171
17	4800653	4800754	11389
17	4800868	4801165	16563
17	4801987	4802228	13788
17	4802286	4802412	5406
17	4802483	4802939	15822
17	4803029	4803150	26039
17	4803214	4803461	23017
17	4803498	4803859	25114
17	4803881	4803980	15696
17	4804023	4804504	75887
17	4804778	4804930	22402
17	4805153	4805424	24597
17	4805502	4805631	11168
17	4805675	4805826	17476
17	4805835	4806106	18734
17	4806274	4806395	11840
17	4835851	4838326	174483
17	4840962	4841233	17062
17	4841252	4841403	9448
17	4841407	4841558	10562
17	4841587	4841738	9994
17	4841760	4841911	4719
17	4842015	4842550	57346
17	4843096	4843217	7020
17	4843781	4844306	37728
17	4844334	4844462	10382
17	4845547	4845818	12831
17	4845854	4845975	5602
17	4846099	4846250	4292
17	4846464	4846589	12146
17	4846706	4846827	11328
17	4847831	4848397	69670
17	4849026	4849303	34333
17	4849897	4850139	20305
17	4851502	4851743	36840
17	4855075	4855226	10081
17	4856076	4856197	6786
17	4856283	4856434	7783
17	4856510	4856661	9975
17	4856922	4857193	25707
17	4858329	4858602	16409
17	4858649	4858961	18126
17	4859190	4859457	21740
17	4859830	4859986	11101
17	4860063	4860214	13899
17	4860216	4860367	8787
17	4862544	4862645	6639
17	4862714	4862948	24699
17	4862981	4863252	20598
17	4863270	4863421	10377
17	4863509	4863630	12587
17	4863736	4863857	15459
17	4864053	4864174	14873
17	4870965	4871116	17364
17	4871298	4871399	4053
17	4871645	4871745	5990
17	4871991	4872142	23193
17	4872147	4872298	20166
17	4872387	4872658	27924
17	4872713	4872864	38123
17	4872899	4873020	20659
17	4873137	4873408	9745
17	4873581	4873852	22808
17	4875467	4875858	36381
17	4876023	4876296	26653
17	4876447	4876568	5177
17	4876850	4877091	13733
17	4877616	4877857	17867
17	4880268	4880539	16850
17	4881740	4881976	17795
17	4882936	4883939	51272
17	4884435	4884706	26665
17	4884928	4885169	10292
17	4885328	4885511	7281
17	4885968	4886364	40624
17	4889165	4889288	14247
17	4889440	4889584	8858
17	4890200	4890301	4435
17	4890844	4890965	735
17	4891623	4891894	18603
17	4892035	4892276	11091
17	4892677	4892929	17801
17	4893113	4893264	9834
17	4893437	4893570	12398
17	4897649	4897770	5535
17	4900135	4900424	46165
17	4903144	4903265	9204
17	4903532	4903657	19019
17	4904043	4904164	16530
17	4904485	4904726	13149
17	4905325	4905446	14100
17	4905696	4905967	35333
17	4905990	4906147	63431
17	4906884	4907005	9514
17	4907087	4907238	10905
17	4907269	4907390	6731
17	4907809	4907960	5934
17	4908071	4908342	17081
17	4910173	4910414	22077
17	4910536	4910657	8859
17	4910708	4910859	5927
17	4916926	4917047	11161
17	4918026	4918147	9259
17	4922502	4922947	26808
17	4923241	4923392	29027
17	4923758	4923999	15844
17	4924075	4924196	11290
17	4925304	4926055	87628
17	4926713	4927494	30970
17	4927598	4927809	14071
17	4927937	4928037	9094
17	4936076	4936176	9600
17	4936206	4936477	15598
17	4936496	4937956	117143
17	4994772	4999670	344090
17	5009082	5009838	61836
17	5012162	5012372	24833
17	5012654	5013173	63140
17	5015044	5015165	36519
17	5024267	5024388	29308
17	5024908	5025045	20055
17	5033637	5033758	30855
17	5033876	5033997	37155
17	5035437	5035798	89451
17	5036183	5036304	25585
17	5036728	5036911	41009
17	5037145	5037305	36956
17	5038461	5038612	59882
17	5039041	5039282	52167
17	5039920	5040041	79442
17	5040357	5040508	35953
17	5040934	5041055	48052
17	5041370	5041611	97519
17	5042230	5042999	157116
17	5044695	5044817	9350
17	5045245	5045487	39697
17	5045682	5045807	14034
17	5047950	5048191	43660
17	5048665	5048906	40903
17	5049272	5049513	47740
17	5050368	5050499	15136
17	5051835	5052076	54396
17	5058687	5058928	22372
17	5064804	5064925	15212
17	5066118	5066358	24404
17	5071171	5071443	46528
17	5071994	5072385	79894
17	5073742	5074237	100425
17	5074866	5074987	19265
17	5076064	5076340	71257
17	5076483	5076583	10301
17	5076637	5076781	11437
17	5076886	5076987	12564
17	5077059	5077160	18216
17	5077170	5077271	19490
17	5077452	5077553	5686
17	5077932	5078033	10499
17	5078071	5078270	23896
17	5084129	5087599	401922
17	5114051	5114292	36982
17	5118195	5118316	7797
17	5124460	5124673	17373
17	5126538	5126809	32254
17	5137978	5138099	4981
17	5185737	5185858	0
17	5211931	5212172	12904
17	5217296	5217397	11150
17	5235194	5235465	8627
17	5238437	5238678	22780
17	5239754	5239855	3487
17	5241252	5241493	15281
17	5250031	5250272	17307
17	5253713	5253954	16050
17	5257598	5257839	13497
17	5264465	5264980	62572
17	5266197	5266321	12187
17	5268376	5268594	11978
17	5271652	5271773	7447
17	5276557	5276798	13131
17	5280354	5280625	13845
17	5281438	5281608	14918
17	5283646	5283767	6661
17	5284620	5284861	19614
17	5286376	5286528	5456
17	5287190	5287309	8202
17	5289496	5289617	17677
17	5289965	5290206	15322
17	5290245	5290486	10893
17	5290684	5290805	10087
17	5290866	5291281	28356
17	5292079	5292320	7184
17	5294870	5294992	8400
17	5298194	5298315	6458
17	5302859	5302980	7717
17	5307371	5307612	12490
17	5308318	5308589	39529
17	5312019	5312260	16682
17	5313974	5314125	14049
17	5317270	5317511	5362
17	5319796	5320037	16998
17	5322640	5323001	38633
17	5323370	5323630	15961
17	5324579	5324820	18019
17	5326027	5326178	14406
17	5327041	5327142	6566
17	5328591	5328810	3900
17	5329255	5329412	13299
17	5329526	5329647	36045
17	5331339	5331598	25080
17	5334598	5335023	13184
17	5335815	5335936	9053
17	5336288	5336529	10561
17	5336552	5336793	12321
17	5336976	5337097	9831
17	5338178	5338299	8754
17	5341396	5341637	11745
17	5342152	5342403	639
17	5347497	5347858	53312
17	5352080	5352231	7788
17	5353503	5353744	27052
17	5354069	5354310	27897
17	5356882	5357003	15164
17	5357099	5357340	8808
17	5358470	5358601	12999
17	5359288	5359529	30471
17	5364222	5364463	15898
17	5365629	5365876	12460
17	5366777	5367048	18707
17	5371853	5372214	14795
17	5377828	5377929	8715
17	5377942	5378119	13395
17	5383357	5383478	3479
17	5383683	5383924	14852
17	5384601	5384722	3838
17	5386104	5386225	5942
17	5388442	5388563	8380
17	5389343	5389494	4047
17	5392130	5394135	137886
17	5403075	5403676	26967
17	5403916	5404543	31769
17	5405101	5405222	15564
17	5417818	5417919	10273
17	5418022	5418413	59799
17	5418723	5418874	14885
17	5421015	5421256	22143
17	5424145	5424386	13089
17	5424793	5425135	13105
17	5433289	5433390	19163
17	5433761	5434034	22979
17	5436071	5436342	17378
17	5436602	5436714	3219
17	5437171	5437322	14179
17	5440154	5440275	3878
17	5442698	5442939	11816
17	5445110	5445381	19621
17	5456669	5456910	22972
17	5461609	5463410	192341
17	5485129	5485400	17123
17	5485956	5486197	15615
17	5486960	5487321	38347
17	5983934	5984462	22284
17	5991245	5991486	45737
17	5993581	5993852	37030
17	5998361	5998602	25509
17	6012855	6013126	37122
17	6014021	6014292	29120
17	6021286	6021527	16821
17	6023593	6023991	70891
17	6328687	6329164	134634
17	6329884	6330125	25505
17	6330137	6330408	25545
17	6331610	6331851	20065
17	6337207	6337448	15387
17	6338285	6338436	22806
17	6348396	6348757	24499
17	6349410	6349511	10956
17	6350719	6351110	36086
17	6352588	6352739	7080
17	6353301	6353422	17279
17	6353650	6353771	11823
17	6358629	6358973	22162
17	6360856	6361097	15192
17	6364633	6364904	28965
17	6366975	6367246	25509
17	6367412	6367683	11917
17	6367881	6368152	18732
17	6371451	6371722	25541
17	6373532	6373773	29388
17	6374456	6374697	19247
17	6375940	6376181	51781
17	6377686	6377957	55674
17	6380319	6380560	19281
17	6381204	6381475	29517
17	6381810	6382081	23537
17	6386827	6387082	31108
17	6387482	6387633	22558
17	6406779	6406930	4351
17	6428666	6428793	14331
17	6441263	6441414	6833
17	6442355	6442455	2489
17	6459654	6459775	71
17	6482974	6483219	17025
17	6493089	6493333	20068
17	6493768	6494009	15967
17	6498271	6498392	7273
17	6499419	6499673	16346
17	6502507	6502658	16408
17	6503647	6503798	5952
17	6510176	6510297	11932
17	6510454	6510605	21813
17	6511604	6511845	15324
17	6513245	6513516	30664
17	6515202	6515478	21004
17	6524091	6524332	20743
17	6526158	6526429	11950
17	6526798	6526919	13228
17	6528065	6528191	6041
17	6531387	6532108	74729
17	6538315	6538436	19689
17	6542958	6543573	41074
17	6544323	6544594	12175
17	6545052	6545173	9205
17	6545545	6545666	7865
17	6546243	6546364	11243
17	6547091	6547192	8514
17	6547761	6548002	33726
17	6553288	6553409	8950
17	6553623	6553774	5925
17	6554773	6554894	3646
17	6555179	6556618	95773
17	6560522	6560623	15851
17	6560630	6560731	14720
17	6561011	6561111	8720
17	6561180	6561303	18216
17	6561817	6561918	7288
17	6562032	6562273	63372
17	6563243	6563387	15464
17	6564522	6564732	15753
17	6574699	6574799	4242
17	6589440	6589711	20330
17	6590795	6591036	26062
17	6594027	6594280	25256
17	6596300	6596496	10952
17	6597374	6597526	3163
17	6599001	6599272	8988
17	6604262	6604503	20872
17	6606251	6606492	20531
17	6607164	6607689	43555
17	6609877	6610148	19175
17	6610259	6610530	15554
17	6616540	6616662	15464
17	6659322	6659473	9191
17	6661354	6661595	34400
17	6662958	6663096	4775
17	6663701	6663942	17951
17	6665191	6665291	13732
17	6665425	6665576	14874
17	6673951	6674360	27757
17	6676362	6676603	33505
17	6683127	6684238	81932
17	6690065	6690306	30574
17	6690584	6690802	5418
17	6703328	6703569	12546
17	6704042	6704283	30895
17	6716139	6716382	26502
17	6718402	6718673	24315
17	6719095	6719336	18446
17	6722473	6722714	15935
17	6733479	6733720	14701
17	6797100	6797235	21387
17	6797636	6797881	16085
17	6798005	6798126	9980
17	6798142	6798586	22804
17	6798620	6798861	27161
17	6799585	6800082	62572
17	6801515	6801616	4309
17	6801847	6801951	15250
17	6802125	6802248	14500
17	6802709	6802809	7411
17	6802911	6803079	11827
17	6803186	6803318	6084
17	6899382	6899623	3291
17	6900094	6900365	24312
17	6901777	6901928	4450
17	6901955	6902214	11199
17	6902232	6902385	8352
17	6902583	6902824	29716
17	6903575	6903846	18999
17	6904874	6905145	14313
17	6905703	6905949	26173
17	6908527	6908678	7062
17	6909110	6909372	14614
17	6909714	6909985	18590
17	6913015	6913479	40861
17	6913501	6913772	12364
17	6915454	6915575	10411
17	6915882	6916123	33739
17	6916961	6917083	11137
17	6917428	6920343	193347
17	6920520	6920659	7478
17	6920909	6921045	7355
17	6921205	6921366	9520
17	6926928	6927199	27108
17	6927361	6927633	32093
17	6927657	6928092	29246
17	6928335	6928576	19958
17	6929736	6930457	69500
17	6930728	6930999	23128
17	6939649	6939920	50959
17	6939966	6940237	32518
17	6941388	6942235	80182
17	6943030	6943301	18573
17	6944961	6945237	10960
17	6945277	6946118	28583
17	6946199	6946440	6684
17	6946586	6946947	5879
17	6978335	6978576	16565
17	6978640	6978795	13904
17	6978872	6979246	24428
17	6979266	6979507	17498
17	6979996	6980147	18238
17	6980167	6980318	8922
17	6981222	6981493	41019
17	6982036	6982157	9261
17	7004855	7005096	16405
17	7005399	7005525	8262
17	7010273	7010652	31400
17	7011104	7011257	4974
17	7011767	7011888	3685
17	7011990	7012261	21345
17	7017376	7017569	22514
17	7076913	7077184	14083
17	7077241	7077652	53870
17	7077674	7077795	7286
17	7080123	7080274	9552
17	7080290	7080411	7870
17	7080465	7080706	15048
17	7081409	7081897	33326
17	7093226	7093346	2123
17	7093634	7093734	1057
17	7093819	7093920	6132
17	7093958	7094192	14554
17	7094570	7094691	12851
17	7095145	7095386	10965
17	7096240	7096469	31965
17	7096731	7097069	14909
17	7097115	7097236	8314
17	7097239	7097360	8763
17	7097604	7097845	32847
17	7099474	7099715	26517
17	7099721	7099962	20349
17	7100042	7100403	28073
17	7106108	7106413	46869
17	7106458	7106699	24610
17	7106706	7106947	15406
17	7106951	7107192	17863
17	7107295	7107604	27610
17	7111354	7111595	33825
17	7114947	7115047	2333
17	7117073	7117194	11029
17	7120390	7120511	11910
17	7120701	7120801	0
17	7121518	7121639	10367
17	7121847	7121968	4315
17	7122097	7122218	5798
17	7123144	7123528	5002
17	7123724	7123875	12058
17	7123897	7124018	12293
17	7124025	7124429	18355
17	7124807	7125048	24206
17	7125184	7125678	32253
17	7125963	7126204	24167
17	7126442	7126566	7478
17	7126591	7126723	4480
17	7126914	7127065	16525
17	7127071	7127222	15473
17	7127246	7127398	14427
17	7127422	7127573	13754
17	7127614	7127894	23542
17	7127946	7128067	17712
17	7128074	7128500	41699
17	7128670	7128771	6648
17	7128992	7129104	9147
17	7129136	7129647	28989
17	7129727	7129968	17894
17	7130377	7130618	26749
17	7130637	7131157	30004
17	7131268	7131389	5815
17	7132264	7132791	35853
17	7132860	7133011	10735
17	7133043	7133484	37695
17	7133525	7133796	27539
17	7133990	7134141	9346
17	7137333	7137604	39756
17	7138706	7138807	8769
17	7138841	7139171	18913
17	7139203	7140096	75301
17	7140658	7140809	13435
17	7140872	7141023	6988
17	7142520	7142641	1343
17	7143699	7143818	8410
17	7143857	7143958	6180
17	7144144	7144265	9947
17	7144568	7144839	19329
17	7144867	7145018	10881
17	7145543	7145664	20582
17	7147261	7147361	7160
17	7147412	7147593	7301
17	7147820	7147971	8687
17	7149309	7149466	32892
17	7149509	7149750	39483
17	7150054	7150205	14370
17	7150320	7150561	25462
17	7150567	7150688	3775
17	7154501	7154625	1562
17	7155807	7155928	19152
17	7156057	7156178	20502
17	7156215	7156336	23055
17	7157860	7158205	30406
17	7160115	7160386	22956
17	7161855	7162126	10311
17	7162133	7162255	12924
17	7162825	7163066	21429
17	7163622	7163893	14288
17	7163941	7164062	10069
17	7164070	7164341	34428
17	7165090	7165451	30286
17	7166425	7166546	6555
17	7185208	7185329	8941
17	7186500	7186741	22672
17	7186756	7187470	45538
17	7187495	7187736	15550
17	7187776	7188017	15156
17	7188114	7188268	40395
17	7188396	7188518	16003
17	7189004	7189287	36612
17	7189695	7189966	34458
17	7189969	7190070	7942
17	7190359	7190459	4329
17	7191556	7191686	5843
17	7191738	7191839	3601
17	7192025	7192184	12223
17	7192825	7193066	3998
17	7193247	7193400	12149
17	7193500	7193891	61549
17	7194365	7194516	10931
17	7195270	7195421	10848
17	7196764	7196885	10261
17	7197490	7197829	466
17	7210338	7210459	5970
17	7211793	7211914	21468
17	7212885	7213156	66100
17	7214327	7214451	23829
17	7214613	7214987	112268
17	7215525	7215626	15498
17	7215683	7215784	8667
17	7216025	7216176	7465
17	7216304	7216455	5356
17	7216479	7216630	7842
17	7216652	7216803	9418
17	7216812	7217083	15865
17	7217174	7217325	11911
17	7217347	7217498	15885
17	7217574	7218036	109935
17	7218263	7218384	35299
17	7219057	7219237	9320
17	7219366	7219663	26778
17	7220455	7220726	18586
17	7220770	7220902	10192
17	7221057	7221298	8073
17	7221346	7221501	11294
17	7221570	7221691	8717
17	7221752	7222023	30121
17	7222326	7222567	30623
17	7224038	7224279	17655
17	7224390	7224631	9623
17	7224667	7224788	9263
17	7224841	7225116	25479
17	7225135	7225376	12074
17	7225968	7226474	31964
17	7226751	7226902	23426
17	7226942	7227063	10098
17	7227110	7227351	20574
17	7227356	7227627	31598
17	7227695	7227816	12347
17	7228057	7228328	21994
17	7228478	7228839	14224
17	7228904	7229055	5919
17	7229556	7229677	16299
17	7229746	7229877	20879
17	7229997	7230358	22757
17	7230455	7230576	13631
17	7230739	7231220	33555
17	7232304	7232757	8678
17	7239988	7240139	12775
17	7240568	7240719	19162
17	7245205	7245446	28329
17	7245529	7245816	28209
17	7246638	7246909	32719
17	7246955	7247106	14831
17	7247166	7247287	9427
17	7247326	7247455	5801
17	7247848	7247977	4374
17	7249497	7249648	25082
17	7249698	7249820	28829
17	7250037	7250575	38800
17	7251184	7251335	9010
17	7251401	7251552	12180
17	7251588	7251810	11038
17	7252248	7252519	23174
17	7253227	7253383	23695
17	7253409	7253566	12697
17	7254202	7254353	5741
17	7254602	7254724	8503
17	7256023	7258263	179136
17	7258392	7258753	32596
17	7258871	7258992	5831
17	7259105	7259256	7795
17	7259266	7259417	7882
17	7259451	7259642	9990
17	7259693	7259844	12075
17	7259873	7260098	15120
17	7286205	7286446	25061
17	7286542	7286663	12252
17	7286718	7286959	26788
17	7286984	7287225	24544
17	7287249	7287610	10430
17	7287756	7288117	40617
17	7289865	7289986	7244
17	7290271	7290510	10415
17	7290675	7290796	1467
17	7291692	7292053	37510
17	7292093	7292214	6250
17	7292225	7292466	16762
17	7293091	7293250	13357
17	7293474	7293575	6761
17	7293670	7293791	4730
17	7293882	7294153	14500
17	7296039	7296310	38576
17	7296451	7296693	1804
17	7296715	7296866	7444
17	7296910	7297661	35495
17	7297756	7297877	1673
17	7306335	7306728	33208
17	7306901	7307052	18278
17	7307299	7307420	9175
17	7309791	7309892	9247
17	7311330	7312089	25914
17	7315439	7315590	13292
17	7317586	7317857	16802
17	7317923	7318194	25662
17	7318219	7318490	25655
17	7318766	7319437	57854
17	7320199	7321223	42916
17	7322137	7322237	5704
17	7322564	7322664	5297
17	7322710	7322843	13146
17	7323654	7323895	29949
17	7323914	7324035	9439
17	7324110	7324981	70039
17	7326830	7326985	7997
17	7328955	7329196	17514
17	7329249	7329400	14911
17	7329472	7330872	138897
17	7339102	7339446	50951
17	7339477	7340835	60045
17	7342895	7343142	186
17	7344780	7344910	12490
17	7345085	7345208	13204
17	7345890	7346131	19348
17	7346338	7346489	12586
17	7347610	7347710	9181
17	7347730	7347831	4568
17	7348152	7348252	7185
17	7348414	7348535	1481
17	7348537	7348778	5139
17	7349318	7349469	12823
17	7350115	7350271	11122
17	7350352	7350480	6677
17	7350774	7351015	19799
17	7351851	7352122	35652
17	7357606	7357849	23507
17	7358567	7358808	16905
17	7359035	7359306	33400
17	7359850	7360091	36347
17	7362655	7362756	9339
17	7363063	7363164	6830
17	7363253	7363445	16652
17	7363447	7363643	17839
17	7363963	7364240	20793
17	7364247	7364348	6175
17	7364423	7364593	9682
17	7364601	7364702	4436
17	7364763	7364863	2438
17	7364876	7365023	6910
17	7365057	7367230	136027
17	7368986	7370175	99662
17	7370534	7370635	8620
17	7384775	7384896	9973
17	7385272	7386353	243370
17	7388068	7388189	1616
17	7393487	7393588	4384
17	7394147	7394248	23800
17	7394950	7395051	15195
17	7397592	7397693	10413
17	7399204	7399445	19462
17	7399475	7399965	41416
17	7400012	7400403	25889
17	7400634	7400875	24577
17	7400957	7401199	27253
17	7401341	7401582	39351
17	7402298	7402539	35373
17	7402553	7402840	29358
17	7403911	7404182	11898
17	7404249	7404493	28814
17	7404563	7404714	23854
17	7404825	7405066	15643
17	7405178	7405451	19074
17	7405777	7406048	24595
17	7406404	7406645	27075
17	7406694	7406819	12813
17	7406856	7407127	30041
17	7411560	7411804	20746
17	7412174	7412565	40209
17	7412809	7412961	11867
17	7414494	7414648	16861
17	7414664	7414935	17712
17	7415110	7415351	27314
17	7415448	7415689	16492
17	7415786	7415919	14251
17	7416016	7416287	19045
17	7416298	7417507	244034
17	7417808	7417909	5383
17	7452428	7452669	4864
17	7452753	7452874	21757
17	7453383	7453534	8798
17	7454051	7454337	19862
17	7456869	7456969	8837
17	7460005	7460276	13720
17	7460360	7460721	25359
17	7461056	7461157	8699
17	7462274	7462665	23535
17	7462918	7463246	20837
17	7463273	7463544	21599
17	7463614	7463855	23216
17	7464004	7464160	23768
17	7464257	7464378	25906
17	7464383	7464484	8061
17	7466379	7467176	53937
17	7467781	7468451	107354
17	7468709	7468950	28016
17	7468996	7469117	8345
17	7470214	7470335	17556
17	7473621	7473862	19487
17	7473979	7474100	8736
17	7474164	7474285	12933
17	7474624	7474865	18830
17	7475083	7475208	3915
17	7476109	7476230	23435
17	7477540	7477661	7619
17	7477808	7478217	34869
17	7478385	7478626	19622
17	7479807	7480045	18502
17	7480081	7480322	17318
17	7480364	7480493	6263
17	7480612	7481582	121995
17	7481610	7481989	45198
17	7482097	7482372	29256
17	7482958	7483669	93957
17	7483692	7483963	20734
17	7484003	7484124	17669
17	7484177	7484418	18321
17	7484641	7484882	23467
17	7487140	7487293	17463
17	7489021	7489142	22774
17	7489178	7489449	32343
17	7489991	7490112	20496
17	7490154	7490599	19999
17	7490655	7491065	16403
17	7491571	7491932	20294
17	7492426	7493027	78317
17	7494441	7494791	23227
17	7494847	7495030	9925
17	7495037	7495277	7799
17	7495500	7495741	13417
17	7495808	7495929	9961
17	7495990	7496231	18298
17	7496279	7496520	18069
17	7496650	7497011	25836
17	7497217	7497338	4196
17	7497489	7497730	17725
17	7497974	7498095	5754
17	7499105	7499346	34436
17	7504663	7504904	14931
17	7506212	7506333	11427
17	7507027	7507268	27734
17	7507301	7507422	5350
17	7508948	7509069	7808
17	7509379	7509500	4244
17	7517748	7517995	70
17	7518069	7518195	0
17	7529697	7529968	19533
17	7530029	7530150	11768
17	7530220	7530372	5656
17	7530411	7530562	8434
17	7530645	7530766	10892
17	7530859	7531201	9267
17	7531360	7531481	6449
17	7533401	7533611	17500
17	7533688	7533839	10164
17	7533971	7534212	27488
17	7534447	7534718	13599
17	7534865	7535106	19881
17	7535113	7535384	20975
17	7536052	7536293	12489
17	7536474	7536706	11054
17	7554827	7554958	14378
17	7556604	7556875	26299
17	7557119	7557273	21237
17	7557321	7557592	16271
17	7557882	7558033	18710
17	7558072	7558173	13320
17	7558513	7558614	17070
17	7558802	7558953	20615
17	7559009	7559250	21395
17	7559286	7559387	6254
17	7560971	7561112	8342
17	7569492	7569593	1939
17	7572876	7573027	11895
17	7573917	7574043	3120
17	7576510	7576707	16130
17	7576798	7576949	19849
17	7576965	7577206	21519
17	7577489	7577618	19916
17	7578167	7578299	9629
17	7578311	7578582	15577
17	7579239	7579630	23094
17	7579653	7579940	3699
17	7580600	7580701	5511
17	7591940	7592421	25791
17	7592529	7592650	10696
17	7592898	7593029	8728
17	7604011	7604162	12933
17	7604760	7604881	5855
17	7604919	7605160	40424
17	7605614	7605885	21293
17	7606021	7606174	8968
17	7606226	7606497	17996
17	7606501	7606862	31012
17	7608856	7609097	34070
17	7611210	7611601	28948
17	7611737	7611858	12304
17	7611943	7612067	9580
17	7612418	7612929	28327
17	7613763	7613864	4984
17	7614045	7614146	17425
17	7614420	7614684	25980
17	7622007	7622128	12383
17	7622984	7623255	22404
17	7626885	7627036	18676
17	7630403	7630644	60718
17	7636395	7636643	14261
17	7637491	7637621	7654
17	7637695	7638086	25457
17	7640359	7640600	11886
17	7641238	7641479	25390
17	7642227	7642348	10849
17	7643002	7643273	21819
17	7643651	7643922	20870
17	7644067	7644338	11056
17	7646201	7646939	39571
17	7649591	7649691	7843
17	7657871	7658167	41821
17	7660330	7660601	27900
17	7661739	7662010	16584
17	7662141	7662502	18495
17	7662712	7662953	23644
17	7663031	7663302	39122
17	7664002	7664273	37589
17	7667097	7667368	11634
17	7667391	7667632	17661
17	7668674	7668915	14212
17	7669596	7669837	12018
17	7671177	7671418	33445
17	7671442	7671595	22562
17	7673526	7673767	14643
17	7673854	7673975	15013
17	7674009	7674280	29514
17	7674565	7674836	9802
17	7678064	7678305	11128
17	7678548	7678670	12024
17	7679283	7679500	10874
17	7680060	7680217	6024
17	7680706	7680977	29248
17	7681385	7681508	8094
17	7681571	7681812	12428
17	7682529	7682770	28466
17	7683387	7683658	19332
17	7683872	7684143	32571
17	7684301	7684509	16320
17	7689429	7689670	14686
17	7689795	7690066	7168
17	7690161	7690402	14942
17	7691095	7691602	35696
17	7695189	7695430	31499
17	7695554	7695675	12847
17	7695922	7696193	21512
17	7696289	7696533	25635
17	7697562	7697686	11069
17	7699754	7699995	31699
17	7700445	7700596	19818
17	7700631	7700902	23195
17	7700921	7701192	16084
17	7701384	7701678	15012
17	7701834	7702075	20353
17	7702369	7702610	14607
17	7704810	7705038	14284
17	7705161	7705385	15190
17	7707557	7707798	19552
17	7708212	7708453	11718
17	7708519	7708760	14733
17	7710401	7710672	25032
17	7710694	7710965	22507
17	7719842	7720090	30611
17	7720549	7720790	16950
17	7720801	7721200	18889
17	7721217	7721458	24837
17	7721582	7721823	16558
17	7721876	7722147	23653
17	7722157	7722428	11078
17	7722505	7722746	11265
17	7724502	7724743	15625
17	7726701	7726972	32195
17	7727104	7727345	44458
17	7727409	7727680	38261
17	7727828	7728069	18435
17	7733592	7733833	17379
17	7733916	7734187	15967
17	7734366	7734903	41659
17	7734914	7735155	54473
17	7735833	7736104	25899
17	7736117	7736268	18086
17	7736312	7736583	19533
17	7736622	7736893	28637
17	7743277	7743378	9946
17	7748218	7748338	21003
17	7748687	7748788	2730
17	7748819	7749060	30740
17	7749177	7749298	10327
17	7749354	7749625	14077
17	7749672	7749823	12310
17	7749826	7750780	38667
17	7750838	7753321	124895
17	7753380	7753505	8443
17	7754320	7754561	19959
17	7754618	7754739	23599
17	7754770	7754891	18439
17	7754918	7755159	15915
17	7755204	7755680	69818
17	7755732	7756003	32567
17	7756229	7757308	46791
17	7757535	7757761	15308
17	7757959	7758127	13814
17	7758376	7758617	19688
17	7758716	7759143	21031
17	7760013	7760171	8989
17	7760265	7760791	25478
17	7761411	7761652	13673
17	7761667	7761818	13877
17	7761911	7762152	19269
17	7762690	7762940	17674
17	7776326	7777042	36766
17	7780330	7780451	11342
17	7788115	7788519	371
17	7792307	7792428	14337
17	7792972	7793104	3598
17	7793875	7794093	6989
17	7794168	7794439	30522
17	7796585	7796969	10509
17	7797036	7797307	14311
17	7797386	7797627	14075
17	7797713	7797949	26939
17	7798110	7798516	54334
17	7798607	7798878	28989
17	7800385	7800626	23084
17	7801203	7801474	64820
17	7801772	7801923	27602
17	7802273	7802544	33512
17	7802609	7802880	12558
17	7803161	7803402	32056
17	7803547	7803788	38981
17	7803841	7804082	28569
17	7804119	7804360	18696
17	7804476	7804747	23901
17	7805865	7806106	21374
17	7806165	7806436	11497
17	7806554	7806831	22342
17	7807104	7807345	17976
17	7807727	7807968	15858
17	7808359	7808510	28142
17	7808890	7809041	7598
17	7809119	7809360	22624
17	7809388	7809629	24921
17	7809821	7810062	24534
17	7810146	7810858	38853
17	7810908	7811030	9286
17	7811153	7811394	26996
17	7811710	7811838	12823
17	7811929	7812200	30219
17	7812437	7812712	10747
17	7813666	7813947	24976
17	7814076	7814347	25480
17	7814721	7815081	22621
17	7815110	7815210	7031
17	7818806	7818927	11246
17	7818934	7819513	18472
17	7826205	7826306	13312
17	7826367	7826518	9264
17	7826726	7826877	9488
17	7826967	7827178	6037
17	7827271	7827392	11765
17	7827401	7827642	32106
17	7827714	7827835	13825
17	7828396	7828517	11221
17	7828931	7829082	14471
17	7829179	7829330	13310
17	7829337	7829458	11785
17	7830610	7830761	14364
17	7830902	7831193	21603
17	7832464	7832804	4532
17	7833836	7834107	7998
17	7834276	7834517	19591
17	7834797	7834918	8946
17	7835006	7835157	9212
17	7836351	7836712	36556
17	7837436	7837557	14724
17	7837762	7837883	3746
17	7838288	7838504	18168
17	7839620	7839861	18163
17	7839925	7840196	18872
17	7840439	7840590	11734
17	7842737	7843128	9250
17	7843335	7843606	15647
17	7846654	7846895	8032
17	7847382	7847623	7497
17	7847723	7847992	24372
17	7848993	7849354	22243
17	7850813	7851084	16286
17	7851174	7851325	12562
17	7851438	7851679	39379
17	7851782	7852023	44853
17	7852347	7852498	7289
17	7852644	7852885	18698
17	7906310	7907105	3670
17	7907110	7907501	32146
17	7909671	7910042	63524
17	7910358	7910479	6257
17	7910703	7910856	5742
17	7911208	7911360	13423
17	7912772	7912923	15510
17	7915413	7915684	4665
17	7915694	7915965	5690
17	7916344	7916615	22756
17	7917120	7917391	18668
17	7917879	7918120	16119
17	7918151	7918392	21416
17	7918611	7918852	15451
17	7919048	7919169	12961
17	7919230	7919351	7230
17	7919504	7919625	12582
17	7919743	7919864	2091
17	7927654	7927775	15463
17	7942395	7942666	25026
17	7942692	7942933	7358
17	7943169	7943320	27096
17	7945596	7945867	12641
17	7946089	7946212	4808
17	7948111	7948352	45991
17	7948477	7948748	30749
17	7948751	7949022	27352
17	7949967	7950088	9254
17	7950188	7950429	26564
17	7950515	7950756	10938
17	7950870	7950992	7152
17	7950996	7951267	23168
17	7951642	7951913	20034
17	7960501	7961044	32431
17	7976027	7976298	25817
17	7976399	7976670	25573
17	7976933	7977085	15298
17	7978822	7979093	27440
17	7979456	7979697	16324
17	7979956	7980077	10502
17	7980258	7980529	21190
17	7981882	7981983	3402
17	7982664	7982905	18301
17	7983063	7984884	124061
17	7989284	7989555	18653
17	7990604	7990806	28935
17	7991369	7991470	9126
17	7999913	8000154	43073
17	8006604	8006845	20447
17	8007421	8007543	6773
17	8011725	8011966	14748
17	8012455	8012696	44474
17	8013215	8013336	4194
17	8013390	8013631	51948
17	8013693	8013894	18239
17	8014641	8014882	16065
17	8015401	8015524	8266
17	8017755	8017984	18745
17	8018194	8018435	26396
17	8018904	8019055	12952
17	8020074	8020315	25713
17	8021113	8021828	40211
17	8022004	8022105	7382
17	8024179	8024279	9006
17	8024442	8024614	5254
17	8024873	8025355	446
17	8025634	8025758	6810
17	8026335	8026456	18740
17	8027320	8027441	15784
17	8043824	8043954	7182
17	8044027	8044156	6090
17	8044310	8044701	20291
17	8045076	8045344	84489
17	8045558	8045845	12688
17	8045908	8046179	32767
17	8046527	8047248	28069
17	8048021	8048403	34395
17	8049214	8049485	16181
17	8049603	8050117	40011
17	8050176	8050330	7801
17	8050512	8050906	39296
17	8050917	8051188	27953
17	8051276	8051431	12235
17	8051446	8051597	12059
17	8051881	8052152	9666
17	8052511	8052662	10017
17	8052729	8053485	59879
17	8053524	8053645	11903
17	8053675	8054066	44803
17	8062366	8062541	7427
17	8062554	8062727	5947
17	8062804	8063308	21924
17	8063597	8063698	11994
17	8063793	8063893	5314
17	8063917	8064231	31988
17	8064755	8064876	8342
17	8064883	8065124	17590
17	8065475	8065815	25538
17	8066135	8066256	52
17	8066481	8066927	25759
17	8076687	8076958	16613
17	8077464	8077615	11564
17	8077794	8077945	5429
17	8079006	8079370	28310
17	8079469	8079620	12691
17	8090485	8090585	2689
17	8091623	8091819	17724
17	8092320	8094226	109476
17	8108124	8108395	28734
17	8108499	8108740	10649
17	8109731	8110256	41226
17	8110438	8110709	16156
17	8110854	8110975	18407
17	8111015	8111168	15886
17	8113424	8113568	15022
17	8125706	8126213	23682
17	8131416	8131687	21248
17	8131732	8132003	25934
17	8132006	8132247	17774
17	8132400	8132811	48265
17	8133186	8133307	3935
17	8133547	8133818	17245
17	8133833	8133984	7974
17	8134539	8134810	20650
17	8134997	8135148	5905
17	8135171	8135562	12621
17	8135614	8135855	12411
17	8136135	8136381	17724
17	8137751	8137992	12799
17	8138034	8138275	20927
17	8138361	8138613	18345
17	8139061	8139697	38431
17	8140643	8140855	17961
17	8141303	8141574	16730
17	8141647	8142008	34423
17	8146263	8146504	15326
17	8151274	8151395	2888
17	8157205	8157671	82775
17	8158335	8158460	7974
17	8158793	8159034	39622
17	8159084	8159238	25329
17	8159533	8159774	20185
17	8159782	8160023	14325
17	8160065	8160336	16474
17	8161069	8161572	29221
17	8166213	8166334	30471
17	8166353	8166624	24952
17	8166832	8166983	9438
17	8167052	8167293	17489
17	8167441	8167712	27506
17	8167732	8167973	20619
17	8168203	8168453	12163
17	8168574	8168815	24197
17	8168824	8168975	20700
17	8169136	8169377	28895
17	8169490	8169731	22718
17	8169992	8170263	16110
17	8170298	8170569	21854
17	8170644	8170795	12704
17	8170804	8171045	17017
17	8171831	8172606	63978
17	8192053	8192451	28359
17	8192532	8193007	34644
17	8193065	8193336	12387
17	8193822	8194018	24782
17	8194105	8194346	19565
17	8194575	8194846	19708
17	8195782	8195933	19871
17	8197666	8198177	40517
17	8215266	8216062	65829
17	8216194	8216585	45763
17	8216754	8216905	15692
17	8218161	8218312	15103
17	8218368	8218609	16575
17	8218690	8218931	12659
17	8219027	8219521	35087
17	8221650	8221801	7301
17	8221842	8221993	7743
17	8221996	8222520	27687
17	8222579	8222730	10164
17	8222777	8222931	13571
17	8224114	8224355	14978
17	8224363	8224464	4352
17	8225293	8225393	6792
17	8243355	8243836	38339
17	8248576	8248847	38825
17	8248956	8249197	28620
17	8272416	8273737	82465
17	8274617	8274862	25645
17	8280824	8281065	14380
17	8283062	8283303	18589
17	8285423	8285664	14913
17	8296065	8296838	31348
17	8339258	8339379	3338
17	8347568	8347692	2758
17	8348984	8349225	17978
17	8350024	8350265	17214
17	8351814	8352027	19377
17	8354033	8354304	12239
17	8358068	8358219	14892
17	8363281	8363522	19365
17	8366593	8366714	20419
17	8370211	8370384	36750
17	8370426	8370675	48716
17	8370800	8370963	21749
17	8371191	8371499	26331
17	8377544	8377645	8059
17	8377734	8377919	9655
17	8377942	8378268	16917
17	8379072	8379313	26021
17	8380128	8380399	24460
17	8381646	8381774	17687
17	8383410	8383952	43611
17	8384592	8384743	10716
17	8387398	8387639	41847
17	8390680	8390951	18244
17	8393612	8393883	31560
17	8395569	8395840	28445
17	8396036	8396394	31300
17	8396975	8397276	12639
17	8398445	8398569	11951
17	8402539	8402810	29761
17	8404094	8404335	24965
17	8407996	8408237	21937
17	8409570	8409841	24784
17	8411812	8412053	24360
17	8413088	8413318	18960
17	8415750	8415991	10168
17	8416800	8417041	34552
17	8417066	8417222	12844
17	8421907	8422148	16685
17	8422172	8422293	9948
17	8424135	8424376	30938
17	8424385	8424626	37827
17	8433910	8434031	3128
17	8438640	8438881	15304
17	8439041	8439282	10261
17	8445390	8445631	32120
17	8448724	8448961	10809
17	8449799	8450040	17106
17	8451617	8451738	6382
17	8451912	8452153	11066
17	8455321	8455472	10637
17	8457243	8457364	3408
17	8464719	8464960	15237
17	8473022	8473143	9273
17	8478488	8478588	4902
17	8479905	8480026	8447
17	8480543	8480666	4991
17	8492351	8492472	3262
17	8508100	8508341	12929
17	8526210	8526574	52311
17	8633425	8633546	7876
17	8638371	8638607	27653
17	8638672	8638939	17251
17	8644739	8645010	26382
17	8646904	8647058	9880
17	8647387	8647512	8489
17	8647794	8647945	16235
17	8656424	8656545	25821
17	8656601	8656842	26330
17	8658819	8658940	54866
17	8659663	8659784	27387
17	8660513	8660874	60373
17	8661533	8661774	31814
17	8700656	8702584	133134
17	8706503	8706788	98980
17	8707293	8707534	39890
17	8722337	8722578	12461
17	8725147	8725268	19777
17	8725877	8725998	8309
17	8726296	8726417	7085
17	8726637	8726878	17226
17	8730428	8730662	21210
17	8731385	8731527	10177
17	8731854	8732335	25488
17	8733004	8733125	8765
17	8736162	8736403	21441
17	8738560	8738801	15809
17	8739837	8739958	8696
17	8740050	8740250	28488
17	8741092	8741213	12272
17	8741865	8741986	6717
17	8742911	8743032	10002
17	8753029	8753270	13276
17	8770800	8771041	16888
17	8783908	8784149	14293
17	8784212	8784344	15100
17	8784926	8785047	16036
17	8785060	8785211	10149
17	8788000	8788121	8553
17	8789501	8789652	9151
17	8789706	8789977	21280
17	8790354	8790595	16731
17	8790797	8791030	10522
17	8791404	8792263	48592
17	8792404	8792555	11793
17	8793215	8793486	30969
17	8794020	8794261	25113
17	8796846	8796997	8156
17	8808011	8808282	30052
17	8808958	8809079	4652
17	8812379	8812501	4090
17	8814668	8814821	34329
17	8925627	8926718	13472
17	8927374	8927474	12689
17	9057840	9057940	6749
17	9066072	9066343	18581
17	9083077	9083318	21276
17	9086168	9086319	23638
17	9086498	9086765	20720
17	9124430	9124581	9608
17	9142939	9143295	17611
17	9153867	9153988	2738
17	9274173	9274274	7186
17	9281858	9281989	12132
17	9390782	9390883	1783
17	9395100	9395251	7444
17	9408308	9408536	12254
17	9448479	9448609	10769
17	9460736	9460857	5251
17	9471646	9471797	15595
17	9479055	9479176	3358
17	9479892	9480107	10534
17	9487577	9487698	5078
17	9489038	9489309	11185
17	9489931	9490184	9312
17	9497452	9497693	15855
17	9501539	9501660	839
17	9503356	9503558	9974
17	9511424	9511546	7282
17	9515559	9515830	10582
17	9531941	9532182	15054
17	9536156	9536397	11873
17	9538676	9538917	17590
17	9541915	9542038	3938
17	9545031	9545162	9202
17	9546306	9546547	19861
17	9546551	9546698	4744
17	9548868	9549479	3755
17	9559661	9559905	18514
17	9569895	9570136	13906
17	9578192	9578313	14013
17	9580009	9580250	27977
17	9583494	9583735	13238
17	9586086	9586327	31537
17	9590047	9590236	7969
17	9596374	9596615	17565
17	9603466	9603587	8484
17	9604386	9605082	29212
17	9613230	9613471	7846
17	9615245	9615486	9836
17	9631247	9632328	41791
17	9674787	9675028	15493
17	9676040	9676281	8323
17	9680494	9680615	6492
17	9683125	9683368	20438
17	9684733	9684974	10527
17	9694403	9694666	7849
17	9705859	9705980	4180
17	9710744	9710982	15773
17	9712101	9712342	10696
17	9713850	9713971	3714
17	9725059	9725420	23477
17	9729353	9729594	7575
17	9737068	9737221	11071
17	9739678	9739802	13107
17	9745721	9745992	9046
17	9752009	9752109	8093
17	9757375	9757582	4932
17	9757773	9757928	17396
17	9760695	9760936	25141
17	9763187	9763458	25094
17	9764394	9764545	13708
17	9765311	9765432	5583
17	9769125	9769246	4864
17	9774016	9774167	12598
17	9783642	9783883	34707
17	9791208	9791329	10872
17	9792673	9793034	25836
17	9793280	9793401	7147
17	9801028	9801129	5639
17	9801402	9801531	11765
17	9804296	9804427	5039
17	9808065	9808546	35744
17	9813881	9813982	8178
17	9814204	9814304	2262
17	9816700	9816800	5606
17	9818617	9818718	4386
17	9819858	9819959	3731
17	9820535	9820668	8049
17	9821275	9821426	8035
17	9822921	9823042	9284
17	9828733	9828974	20822
17	9829870	9830141	16296
17	9837430	9837581	14407
17	9843418	9843539	7016
17	9846391	9846615	18090
17	9850194	9850315	4542
17	9862454	9862624	12132
17	9872975	9873096	8488
17	9885069	9885220	8237
17	9923032	9923273	9438
17	9939690	9939811	2289
17	9943009	9943110	3376
17	9974089	9974408	11271
17	10097414	10097537	5904
17	10101494	10101735	2676
17	10204213	10204334	1664
17	10204831	10205072	21144
17	10206499	10206620	9865
17	10206641	10206882	17591
17	10209739	10209980	35076
17	10210197	10210438	17530
17	10212531	10212772	11990
17	10212811	10213172	17408
17	10214360	10214601	25612
17	10215189	10215430	20811
17	10215861	10216102	14512
17	10216451	10216692	34035
17	10218947	10219398	42497
17	10222060	10222541	68076
17	10223453	10223574	13982
17	10223619	10223860	17475
17	10224815	10225056	23067
17	10227278	10227639	54976
17	10231129	10231490	28205
17	10233650	10233891	17833
17	10235356	10235597	17355
17	10236328	10236569	3472
17	10243449	10243570	5151
17	10243620	10243741	6248
17	10247090	10247451	43042
17	10248482	10248723	42397
17	10248737	10248978	33509
17	10249934	10250175	13929
17	10253820	10254061	18401
17	10257927	10258168	14068
17	10258199	10258320	8609
17	10258371	10258492	5706
17	10261036	10261157	5633
17	10263211	10263551	20576
17	10265391	10265868	65505
17	10267624	10267865	21009
17	10293724	10293965	20637
17	10295185	10295306	3669
17	10295849	10295973	6942
17	10296111	10296584	85637
17	10297546	10297787	16865
17	10298422	10298783	41874
17	10299587	10299828	19648
17	10299831	10300331	27008
17	10301737	10301978	29149
17	10302022	10302263	11029
17	10302801	10303042	22914
17	10303660	10304290	49479
17	10304314	10304555	20482
17	10304558	10305160	117176
17	10307593	10307954	45675
17	10309304	10309772	29925
17	10309914	10310185	13453
17	10310191	10310312	6390
17	10312356	10312507	7176
17	10312539	10312930	27516
17	10314057	10314298	41611
17	10315640	10316105	62870
17	10317166	10317407	19421
17	10317469	10317622	17318
17	10317690	10317811	4715
17	10318373	10318524	7701
17	10318563	10318714	12212
17	10318779	10318907	7929
17	10318920	10319071	4968
17	10321918	10322373	59202
17	10323318	10323559	7377
17	10346596	10346887	31159
17	10347877	10348028	15334
17	10348102	10348226	9643
17	10348256	10348736	56985
17	10350310	10350551	23645
17	10351107	10351468	29473
17	10351653	10351894	8087
17	10351896	10352392	26785
17	10353746	10353987	31623
17	10354031	10354272	20747
17	10354584	10354825	22246
17	10355211	10355837	54633
17	10356055	10356296	25240
17	10356435	10356676	43005
17	10356907	10357260	66168
17	10357788	10358670	52419
17	10358868	10359109	20410
17	10359113	10359234	8296
17	10359775	10359896	5639
17	10360680	10361071	42039
17	10362531	10362772	35895
17	10363222	10363698	44119
17	10364180	10364421	12153
17	10366172	10366295	7203
17	10366394	10366515	8698
17	10366595	10366746	2431
17	10366822	10366973	7326
17	10367745	10368071	8888
17	10368715	10368956	20641
17	10369540	10369781	24707
17	10369839	10370080	19445
17	10395639	10395928	23511
17	10397657	10397778	6795
17	10397876	10398000	4489
17	10398211	10398691	85056
17	10399247	10399488	27418
17	10399530	10399891	48616
17	10400326	10400806	21836
17	10401021	10401262	20976
17	10401919	10402160	27511
17	10402228	10402469	18783
17	10403884	10404125	17372
17	10404380	10404861	67222
17	10404894	10405015	10637
17	10405034	10405275	17556
17	10406042	10406623	125465
17	10408073	10408886	57677
17	10409066	10409307	19693
17	10409311	10409432	9441
17	10411146	10411297	7624
17	10411623	10412014	34694
17	10412765	10413006	42154
17	10415109	10415569	52587
17	10415672	10415913	20438
17	10415958	10416111	12342
17	10416171	10416292	4196
17	10416913	10417034	6429
17	10417122	10417243	14411
17	10417262	10417503	19419
17	10418137	10418258	2519
17	10419199	10419440	21177
17	10419466	10419707	30100
17	10419736	10419977	25815
17	10424502	10424792	20526
17	10426393	10426514	5524
17	10426615	10426739	11923
17	10426776	10427258	59229
17	10427733	10428004	24367
17	10428046	10428407	46016
17	10428481	10428722	21020
17	10428729	10428970	11818
17	10428980	10429221	16765
17	10429892	10430133	34081
17	10430192	10430433	14137
17	10430976	10431247	14346
17	10431960	10432441	78914
17	10432462	10432583	10846
17	10432604	10432845	30966
17	10432847	10433449	147632
17	10434896	10435257	37481
17	10436548	10437007	28377
17	10438327	10438698	27156
17	10439823	10439944	7050
17	10440493	10440884	26353
17	10440945	10441186	39413
17	10442475	10442939	35384
17	10443192	10443433	17570
17	10443901	10444024	6774
17	10446179	10446300	6663
17	10446383	10446504	7227
17	10447012	10447133	12713
17	10447154	10447490	22749
17	10448619	10448860	27244
17	10450742	10450983	26065
17	10451014	10451257	10898
17	10452662	10452763	1712
17	10531888	10532042	8027
17	10532831	10533102	12233
17	10533115	10533266	11877
17	10533369	10533523	16588
17	10533538	10533809	39656
17	10534869	10535351	45000
17	10535735	10536126	29414
17	10536848	10537089	13284
17	10537295	10537536	17998
17	10538127	10538368	12724
17	10538660	10538901	32938
17	10538989	10539195	13702
17	10541037	10541308	12883
17	10541313	10541794	44833
17	10542173	10542294	7214
17	10542312	10542547	21068
17	10542591	10543177	81298
17	10543259	10543837	70489
17	10543854	10544013	11288
17	10544339	10544705	13058
17	10545500	10545651	6647
17	10545705	10546066	36585
17	10546106	10546347	39823
17	10547621	10548079	12937
17	10548941	10549359	21895
17	10550456	10550607	3288
17	10550620	10550771	2553
17	10551828	10551979	14557
17	10552884	10553012	12814
17	10553613	10553764	3601
17	10554785	10555026	30229
17	10555657	10555925	16687
17	10558158	10558399	24943
17	10584381	10584622	17851
17	10589980	10590221	11349
17	10595173	10595294	3438
17	10596058	10596299	19193
17	10599041	10599162	5347
17	10600506	10600867	12858
17	10608182	10608903	37132
17	10609691	10609932	14886
17	10614124	10614485	28258
17	10614789	10614890	5453
17	10618716	10618916	10411
17	10626560	10626681	5922
17	10628268	10628509	10138
17	10629489	10629610	10866
17	10632271	10632422	6395
17	10633071	10633192	304
17	10705923	10706044	5178
17	10707027	10707280	7067
17	10728514	10729101	40103
17	10957095	10957262	8131
17	11144730	11145435	19319
17	11166636	11166877	13712
17	11282717	11282852	4008
17	11449770	11449871	3320
17	11455179	11455300	9909
17	11459011	11459252	16525
17	11461040	11461631	25286
17	11461717	11461817	1499
17	11462072	11462243	10801
17	11501782	11502263	737
17	11511392	11511663	19008
17	11513703	11513911	8894
17	11514910	11515153	30458
17	11520712	11520953	8088
17	11522830	11523108	8012
17	11532703	11532937	8235
17	11535840	11536081	6351
17	11539874	11540145	19015
17	11543522	11543763	31008
17	11547920	11548071	10001
17	11550330	11550571	17925
17	11554332	11554693	10109
17	11556017	11556378	10648
17	11568096	11568337	13300
17	11572357	11572598	7675
17	11572657	11573138	29394
17	11583063	11583306	14150
17	11583971	11584242	10595
17	11592806	11593797	43303
17	11597128	11597369	10913
17	11597579	11597820	14017
17	11603002	11603243	14654
17	11604350	11604621	12248
17	11607458	11607819	18504
17	11608300	11608541	19331
17	11622607	11622848	18395
17	11631125	11631249	10508
17	11642154	11642395	7566
17	11645439	11645680	10496
17	11648046	11648437	24563
17	11650856	11651097	24783
17	11656092	11656333	13779
17	11659847	11660003	7743
17	11660784	11661055	21248
17	11666722	11666963	16293
17	11671705	11671976	17837
17	11672421	11672662	25256
17	11684287	11684528	3684
17	11686952	11687075	5860
17	11687555	11687916	22833
17	11696779	11697020	12917
17	11700860	11701131	27648
17	11710978	11711249	20200
17	11713503	11713744	18642
17	11725186	11725427	7762
17	11725684	11725955	12799
17	11726108	11726361	18112
17	11737903	11738264	9675
17	11757291	11757772	22860
17	11772359	11772630	8442
17	11774857	11775128	24619
17	11778232	11778511	15677
17	11783304	11783575	7176
17	11784476	11784747	15488
17	11786833	11787104	10197
17	11790060	11790331	11426
17	11795057	11795298	10082
17	11797600	11797871	14707
17	11805981	11806252	8665
17	11808930	11809171	17886
17	11827073	11827314	31588
17	11833145	11833420	10552
17	11835275	11835546	17475
17	11837171	11837412	14647
17	11840632	11840873	19564
17	11845559	11845830	16915
17	11865107	11865618	23727
17	11872579	11872854	27497
17	11872917	11873018	6013
17	11881246	11882087	47659
17	11886604	11886734	5743
17	11887410	11887531	9381
17	11893761	11893882	4405
17	11894234	11894505	14815
17	11895711	11896192	28826
17	11924100	11924380	0
17	11935548	11935649	7346
17	11958195	11958318	3579
17	11984623	11984879	13585
17	11985191	11985338	2689
17	11998830	11999071	19080
17	12011045	12011286	11786
17	12013656	12013777	6423
17	12016492	12016733	13089
17	12028588	12028709	13292
17	12032408	12032649	12390
17	12043117	12043268	8558
17	12044454	12044964	22936
17	12045002	12045138	13489
17	12045400	12045501	2156
17	12045505	12045631	2870
17	12046627	12046910	7887
17	12487842	12488083	8474
17	12493748	12494123	15649
17	12569441	12569592	10894
17	12608416	12608537	3402
17	12618802	12618923	10197
17	12620609	12620760	5273
17	12626093	12626364	13276
17	12639414	12639685	17075
17	12642431	12642702	9417
17	12647443	12647763	16707
17	12649191	12649432	13785
17	12655685	12656676	44920
17	12659681	12659922	11354
17	12661344	12661585	12136
17	12663904	12664055	14871
17	12666374	12666975	38682
17	12693013	12693113	338
17	12693120	12693241	1150
17	12798215	12798336	9811
17	12799654	12799895	11184
17	12812190	12812311	12588
17	12819151	12819392	12100
17	12823048	12823169	11573
17	12832183	12832424	14448
17	12844345	12844466	5550
17	12846884	12847005	4396
17	12847328	12847569	8051
17	12852391	12852632	16435
17	12852945	12853066	13218
17	12855796	12855917	9127
17	12859119	12859360	13605
17	12859956	12860077	3864
17	12862002	12862388	10213
17	12876566	12876687	5211
17	12877328	12877689	16614
17	12883341	12883582	7697
17	12887795	12888276	24364
17	12890386	12890507	4160
17	12893297	12893538	4242
17	12894305	12894406	3748
17	12894638	12894960	12727
17	12896097	12896372	19477
17	12896954	12897195	15109
17	12897689	12897840	14071
17	12897989	12898389	16074
17	12898983	12899139	4367
17	12899214	12899335	5329
17	12899781	12900052	14561
17	12901715	12901836	7943
17	12903380	12903651	9568
17	12905572	12905693	6434
17	12905705	12905946	11688
17	12906752	12906903	5937
17	12908245	12908486	12528
17	12909014	12909165	12811
17	12909175	12909326	10702
17	12913897	12914018	1811
17	12914918	12915159	18252
17	12916466	12916617	13256
17	12917723	12917844	3909
17	12919025	12919176	2262
17	12920122	12920273	3397
17	12920321	12920472	2663
17	12920960	12921321	1687
17	13399504	13400184	79996
17	13435048	13435149	2649
17	13446836	13446973	4578
17	13503330	13503430	2629
17	13503806	13504484	9403
17	13927900	13928141	36984
17	13928187	13928428	29976
17	13928609	13928850	27355
17	13972852	13973003	16153
17	13977585	13977826	18700
17	13980031	13980400	14317
17	14005375	14005616	26677
17	14063167	14063288	4895
17	14095296	14095734	65344
17	14110057	14110568	29972
17	14139129	14139370	30880
17	14139551	14139792	20567
17	14139838	14140199	28923
17	14204775	14205399	12162
17	14248292	14249313	102891
17	14614204	14614305	6500
17	14623911	14624210	15339
17	14673469	14673590	3808
17	14683125	14683516	11103
17	15133169	15133286	4855
17	15133453	15133603	7973
17	15133745	15133846	6587
17	15133927	15134071	5183
17	15134164	15134435	8781
17	15138498	15138632	3602
17	15142736	15142977	19762
17	15162399	15162520	7028
17	15163944	15164065	2691
17	15207239	15207480	15797
17	15211906	15212177	24047
17	15215565	15215808	9220
17	15217354	15217595	28410
17	15222367	15222488	5224
17	15231289	15231410	8100
17	15234281	15234912	38482
17	15341062	15341543	43370
17	15343477	15343598	28628
17	15406145	15406556	24523
17	15442176	15442277	2535
17	15443689	15443932	24284
17	15449043	15449284	17337
17	15450356	15450477	12498
17	15456985	15457191	36654
17	15458575	15458697	20628
17	15466695	15466816	5852
17	15468791	15469677	224211
17	15477404	15477505	1512
17	15479952	15480053	3621
17	15492160	15492594	41987
17	15495120	15495220	4299
17	15495322	15495422	3554
17	15496608	15496850	51689
17	15498011	15498253	24783
17	15499780	15500022	35615
17	15501785	15502026	9581
17	15508515	15508757	27660
17	15510821	15511062	36065
17	15515951	15516147	23246
17	15516871	15517377	40463
17	15518925	15519161	30421
17	15522272	15522874	89132
17	15526794	15526946	6162
17	15531919	15532522	54685
17	15534919	15535040	9099
17	15535784	15536025	25190
17	15539329	15539593	31844
17	15546021	15546142	19993
17	15554362	15554963	39086
17	15578752	15578993	15466
17	15584161	15584282	9394
17	15586308	15586429	11664
17	15603011	15603112	5888
17	15603600	15603721	23264
17	15604418	15604569	10459
17	15607414	15607514	5394
17	15607527	15607768	17544
17	15609636	15609877	10166
17	15611453	15611574	847
17	15613120	15613247	8236
17	15619327	15620648	83631
17	15638638	15638760	31613
17	15638890	15639012	23082
17	15640726	15640907	17115
17	15641289	15641411	19981
17	15641584	15641711	20313
17	15642025	15642154	27571
17	15643376	15643549	27905
17	15644344	15644615	34936
17	15645207	15645358	12611
17	15645710	15645810	8304
17	15646222	15646322	21006
17	15646634	15646755	14619
17	15667967	15668328	58688
17	15668350	15668711	48335
17	15668830	15669072	34935
17	15686644	15687010	31216
17	15687313	15687629	30960
17	15687645	15688081	35214
17	15689988	15691070	119388
17	15848548	15848909	32888
17	15877963	15878684	47446
17	15878926	15879026	8530
17	15881297	15881538	9417
17	15884344	15884468	8216
17	15890539	15890692	7969
17	15897020	15897141	727
17	15902759	15903615	3784
17	15905219	15905349	5923
17	15906034	15906185	3537
17	15907111	15907232	3123
17	15907454	15907605	3951
17	15909773	15909894	2533
17	15928286	15928527	7245
17	15929813	15930054	10042
17	15930640	15930881	11788
17	15930939	15931039	7626
17	15935582	15935823	11587
17	15938017	15938288	30070
17	15942736	15942978	20908
17	15943720	15943841	6103
17	15947704	15947825	10051
17	15950214	15950455	15492
17	15952109	15952350	8993
17	15960818	15961061	13911
17	15961178	15961433	12186
17	15961727	15961968	13614
17	15964630	15965261	39372
17	15965380	15965621	15179
17	15967300	15967586	19830
17	15968137	15968378	24270
17	15968782	15969023	26656
17	15971198	15971511	16427
17	15973437	15973898	32500
17	15974669	15974989	28305
17	15975439	15975560	4304
17	15976691	15976932	18998
17	15978810	15979051	17728
17	15983236	15983388	10668
17	15983711	15983845	8885
17	15983859	15984100	17767
17	15989524	15989795	10219
17	15990451	15990692	20697
17	15995123	15995394	19470
17	16001624	16001865	14424
17	16004516	16005129	65353
17	16011500	16011621	4074
17	16012041	16012282	5355
17	16021150	16021391	13895
17	16022706	16022827	2554
17	16024353	16024594	15685
17	16029386	16029621	9677
17	16040614	16040736	3022
17	16041437	16041558	4589
17	16042312	16042531	6180
17	16046873	16047024	10464
17	16049654	16049895	10151
17	16052706	16052857	9614
17	16054855	16054976	3694
17	16055224	16055345	5636
17	16056619	16056740	2912
17	16062064	16062197	3774
17	16068232	16068503	15368
17	16075091	16075332	14790
17	16089783	16090084	11241
17	16097766	16097949	19369
17	16118683	16118783	141
17	16120531	16120785	27651
17	16137273	16137394	4568
17	16185303	16185424	5458
17	16203155	16203306	12269
17	16216833	16216954	14180
17	16219949	16220070	10256
17	16221004	16221275	11422
17	16229101	16229230	2011
17	16245910	16246011	4431
17	16246041	16246312	16233
17	16247846	16248065	17887
17	16251873	16252024	8531
17	16253232	16253353	1500
17	16256331	16256760	3737
17	16283180	16283452	6622
17	16284207	16284307	6998
17	16285065	16285165	6449
17	16285205	16286079	63510
17	16320931	16321202	13032
17	16322625	16322746	3605
17	16323344	16323615	16138
17	16325846	16326223	16793
17	16326720	16327111	25081
17	16329376	16329617	20524
17	16329992	16330233	21256
17	16330720	16330871	7760
17	16331604	16331725	11150
17	16332092	16332333	23585
17	16335069	16335190	8123
17	16335235	16335626	13066
17	16336798	16337069	25135
17	16338152	16338303	4666
17	16340061	16340213	11344
17	16342380	16342771	17082
17	16342785	16343055	24517
17	16343293	16343444	19561
17	16343471	16343592	7844
17	16344299	16344450	11117
17	16344514	16344635	8783
17	16346872	16347493	42583
17	16350236	16350345	7422
17	16351095	16351490	31387
17	16365484	16365755	20653
17	16395049	16395314	0
17	16455021	16456750	95320
17	16466441	16466562	10373
17	16466954	16467195	8578
17	16469826	16469947	6305
17	16470562	16471073	29757
17	16520341	16520462	8551
17	16525571	16527852	125634
17	16537162	16537283	8257
17	16537855	16538126	18986
17	16550614	16550735	5458
17	16552953	16553074	5711
17	16556998	16557206	8140
17	16586872	16586991	13908
17	16587174	16587539	40681
17	16593645	16594126	48586
17	16596266	16596407	12363
17	16608407	16608777	69250
17	16610758	16610879	17622
17	16611979	16613009	221963
17	16613699	16613820	52928
17	16614939	16615163	74014
17	16623467	16623588	5475
17	16623780	16624022	32533
17	16630826	16631067	31504
17	16635084	16635325	89131
17	16635794	16636035	28409
17	16637939	16639020	106783
17	16640842	16641011	19835
17	16648387	16648487	3926
17	16648888	16649009	14399
17	16649160	16649281	10089
17	16664704	16665065	41503
17	16665555	16665916	32458
17	16667237	16667598	68014
17	16675250	16675371	4043
17	16675897	16676077	24676
17	16676765	16676998	15037
17	16690535	16690656	21164
17	16692148	16692724	130723
17	16699301	16699573	33649
17	16699681	16699802	7751
17	16701514	16701910	63453
17	16703233	16703803	85035
17	16704334	16704456	12683
17	16705537	16705779	34776
17	16715764	16715965	7016
17	16717274	16717374	288
17	16721443	16721564	404
17	16722088	16722188	175
17	16722251	16722476	1409
17	16722547	16722697	442
17	16722780	16722942	831
17	16723205	16723306	633
17	16723332	16723433	497
17	16723963	16724064	88
17	16725284	16725810	17841
17	16734995	16735115	21580
17	16735511	16735748	61503
17	16735808	16736136	90502
17	16744159	16744400	25536
17	16745099	16745766	111953
17	16746141	16746412	50083
17	16746936	16747177	68808
17	16747541	16747666	35600
17	16748665	16749153	80183
17	16753282	16753829	154108
17	16796493	16796614	15513
17	16827261	16827742	23110
17	16828597	16828838	15880
17	16829116	16829477	39630
17	16842850	16843165	17439
17	16843581	16843852	8440
17	16851963	16852354	28609
17	16855707	16855948	13962
17	16875267	16875418	11447
17	16891741	16891862	5935
17	16892175	16892416	5658
17	16893396	16893517	6202
17	16946153	16946324	27991
17	16960922	16961043	5127
17	16978971	16979122	17676
17	16981266	16981417	15950
17	17000027	17000148	10358
17	17029940	17030211	23975
17	17034911	17035032	7919
17	17039409	17039801	28831
17	17041158	17041743	18486
17	17045858	17046129	13624
17	17046860	17046993	16633
17	17049316	17049437	9722
17	17050575	17050726	15298
17	17053411	17053562	12213
17	17057610	17057739	7919
17	17061729	17062330	50802
17	17064490	17064731	19900
17	17067408	17071281	164384
17	17072012	17072493	39654
17	17074984	17075225	9946
17	17075919	17076190	17745
17	17077188	17077429	10933
17	17078545	17078786	8823
17	17079691	17079842	19229
17	17080493	17080764	8842
17	17083268	17083419	6608
17	17083845	17083996	21206
17	17088111	17088232	9534
17	17088467	17088593	5378
17	17088765	17088898	4481
17	17106035	17106426	28093
17	17109145	17109623	1718
17	17116948	17117189	33245
17	17118260	17118414	7909
17	17118443	17118684	6880
17	17119604	17119875	12813
17	17120348	17120506	2727
17	17122306	17122547	30954
17	17124683	17124952	23690
17	17125773	17126014	16453
17	17127225	17127467	4978
17	17129222	17129682	18985
17	17131145	17131506	15124
17	17145339	17145616	17272
17	17150120	17150307	9328
17	17150377	17150498	15380
17	17150742	17150893	12481
17	17152230	17152363	8450
17	17158154	17158275	1297
17	17163550	17163821	25083
17	17165228	17165469	8450
17	17168084	17168325	10775
17	17171183	17171304	10490
17	17174035	17174156	5404
17	17174200	17174332	7645
17	17179262	17179533	14708
17	17183851	17184070	7787
17	17184411	17184532	6082
17	17206793	17207141	1793
17	17209815	17209967	8145
17	17226437	17226588	14054
17	17248045	17248286	22306
17	17250068	17250309	13331
17	17250369	17250470	7986
17	17380298	17380636	11592
17	17394549	17394820	13024
17	17397802	17397984	9754
17	17397989	17398089	3769
17	17398383	17399037	23649
17	17399171	17399532	27707
17	17409072	17409193	15924
17	17409516	17409637	14408
17	17410399	17410559	6969
17	17412066	17412187	7444
17	17412712	17412869	12123
17	17415774	17416015	18136
17	17425530	17425771	10031
17	17480224	17480351	3898
17	17488796	17488915	4647
17	17494831	17494952	8435
17	17577397	17577497	2597
17	17578649	17578877	6692
17	17579485	17579635	13004
17	17627341	17627473	19944
17	17681968	17682391	18662
17	17696253	17701867	319161
17	17705297	17705538	15644
17	17707025	17707392	17153
17	17712420	17712541	6617
17	17712637	17712788	8033
17	17713228	17713349	1581
17	17714010	17714294	27103
17	17714418	17714707	29784
17	17715022	17715143	6345
17	17715267	17715388	4286
17	17715396	17715497	2477
17	17715926	17716175	872
17	17716672	17716803	2606
17	17716861	17717102	1710
17	17717125	17717270	234
17	17717520	17717761	2982
17	17717873	17718114	6201
17	17718139	17718268	10200
17	17718525	17718653	5308
17	17719136	17719377	6661
17	17719452	17720081	20883
17	17720209	17720480	11204
17	17720549	17720790	9222
17	17720852	17721276	38276
17	17721539	17721750	15927
17	17722286	17723065	30843
17	17723348	17723859	26306
17	17726766	17726967	18443
17	17727732	17727832	4212
17	17740024	17740145	1560
17	17747042	17747142	2463
17	17748202	17748303	1990
17	17750741	17750842	12526
17	17750871	17751142	18901
17	17752063	17752214	6348
17	17754145	17754296	9733
17	17764736	17764887	3078
17	17765952	17766223	19975
17	17769550	17769791	11922
17	17770122	17770273	7894
17	17772599	17772840	17626
17	17782877	17783118	7449
17	17785976	17786217	13551
17	17787863	17788134	20987
17	17796898	17797169	12601
17	17801840	17801999	9075
17	17810711	17810862	6220
17	17875540	17875802	23160
17	17880871	17881112	16716
17	17887078	17887319	12653
17	17891207	17891448	9529
17	17896030	17896271	23387
17	17897551	17897792	11273
17	17898246	17898483	17477
17	17900738	17900980	13217
17	17907621	17907862	19773
17	17909470	17909691	14679
17	17910278	17910471	18815
17	17910678	17910799	2828
17	17914573	17915038	29135
17	17919322	17919563	21221
17	17919807	17920048	9546
17	17921780	17922051	12850
17	17924373	17924614	8808
17	17925023	17925181	6357
17	17927916	17928037	9269
17	17929620	17929741	12083
17	17931467	17931738	31642
17	17931889	17932010	5428
17	17942109	17942380	23455
17	17942769	17943226	75
17	17948429	17948550	5329
17	17957403	17957558	7977
17	17959997	17960358	23599
17	17962171	17962293	652
17	17965072	17965343	6552
17	17968434	17968585	15397
17	17968643	17968744	12426
17	17968766	17968867	7696
17	17968875	17968976	6089
17	17969451	17969551	2167
17	17969711	17969811	849
17	17970982	17971103	17849
17	17971402	17971502	4047
17	17971557	17971700	11926
17	17991304	17991425	8396
17	17997085	17997326	16779
17	18001537	18001688	14244
17	18002269	18002420	5710
17	18002930	18003051	3875
17	18003621	18003772	10116
17	18003836	18003987	11603
17	18004794	18004915	4705
17	18005211	18005332	4544
17	18007067	18007218	4690
17	18007904	18008025	7642
17	18009682	18009833	10408
17	18010419	18010570	6080
17	18012072	18012173	4345
17	18021895	18025746	155212
17	18027776	18027897	6076
17	18028452	18028573	6984
17	18029624	18029780	3202
17	18030050	18030201	4306
17	18030372	18030493	5022
17	18034009	18034171	18680
17	18034543	18034666	10018
17	18034752	18034873	14462
17	18035732	18035890	6351
17	18036498	18036739	9943
17	18039015	18039148	5674
17	18039698	18040058	13209
17	18040884	18041005	7795
17	18041357	18041570	9274
17	18042066	18042307	5039
17	18042616	18042809	4068
17	18042825	18042946	3104
17	18043753	18044024	13318
17	18044032	18044183	11252
17	18044263	18044514	8479
17	18044904	18045145	14093
17	18045359	18045600	14009
17	18046020	18046171	9530
17	18046845	18046966	13716
17	18047008	18047368	26171
17	18047797	18047918	5785
17	18049152	18049431	18921
17	18051312	18051553	25537
17	18051784	18051905	4588
17	18052049	18052290	21037
17	18052460	18052700	9988
17	18052785	18052906	5342
17	18053678	18053919	14876
17	18053984	18054105	6675
17	18054127	18054248	5523
17	18054362	18054633	18908
17	18054653	18054894	14186
17	18055150	18055275	6479
17	18055400	18055521	8051
17	18057015	18057269	6219
17	18057383	18057534	5921
17	18057940	18058091	4307
17	18058360	18058806	29495
17	18059458	18059660	11754
17	18060232	18060389	19478
17	18060445	18060566	4801
17	18061003	18061244	4353
17	18061773	18062014	16022
17	18062169	18062325	7798
17	18062563	18062684	9104
17	18062895	18063349	45368
17	18064478	18064815	12317
17	18065884	18066005	2602
17	18066505	18066656	12147
17	18067042	18067172	4354
17	18069633	18069874	5269
17	18070819	18071090	26443
17	18074867	18075138	26540
17	18075416	18075740	11819
17	18077043	18077284	13809
17	18082042	18082194	8487
17	18082471	18082572	6860
17	18087194	18087380	257
17	18087522	18088375	64867
17	18098247	18098368	3324
17	18110055	18110326	17256
17	18111470	18112028	27962
17	18112541	18112642	19730
17	18113162	18113263	4433
17	18128974	18129095	0
17	18133212	18133363	6805
17	18135788	18135909	8498
17	18135929	18136170	14104
17	18137019	18137527	30053
17	18137577	18137774	13765
17	18137928	18138049	9026
17	18138078	18138349	15813
17	18138363	18138636	9901
17	18138726	18138877	7299
17	18139846	18140117	21608
17	18140139	18140263	6843
17	18140759	18141120	15959
17	18141333	18141574	17934
17	18141695	18141966	15679
17	18143828	18144219	43604
17	18144685	18145076	21405
17	18145134	18145375	11345
17	18145444	18145602	10351
17	18145730	18146001	10792
17	18146034	18146155	4002
17	18148028	18148129	2011
17	18148367	18148760	29700
17	18148859	18148984	15291
17	18149048	18149174	10611
17	18149224	18149818	39421
17	18149838	18150416	34358
17	18150473	18150698	6094
17	18150945	18151186	11196
17	18151203	18151357	12244
17	18151798	18152215	12055
17	18152386	18152537	9570
17	18152589	18152740	15626
17	18154120	18154361	10131
17	18154533	18154804	8466
17	18154916	18155181	11364
17	18155235	18155506	14820
17	18155766	18155887	8117
17	18156572	18156813	15972
17	18156824	18157065	17632
17	18157353	18157506	10609
17	18157794	18158185	25463
17	18158445	18158596	7663
17	18159814	18159935	5027
17	18160186	18160343	12168
17	18161725	18161825	410
17	18161897	18162023	577
17	18164401	18164522	10962
17	18165956	18166227	21627
17	18166359	18166754	16779
17	18166979	18168090	46460
17	18168207	18168307	2940
17	18168335	18168435	3073
17	18169005	18169106	3034
17	18175106	18175206	231
17	18178053	18178324	21975
17	18180968	18181689	41616
17	18183789	18184030	5072
17	18185932	18186203	17405
17	18188430	18188658	18607
17	18188686	18188844	9543
17	18193851	18194055	6996
17	18194097	18194368	18185
17	18195911	18196182	25598
17	18197966	18198117	2918
17	18202818	18202969	15909
17	18205157	18205309	14242
17	18205541	18205782	9352
17	18205844	18206085	9016
17	18208416	18208544	5843
17	18210151	18210302	5808
17	18211640	18211761	5990
17	18212164	18212285	3050
17	18217851	18218122	12822
17	18219052	18221483	103112
17	18225886	18226472	50774
17	18230246	18230347	2814
17	18231114	18231215	3047
17	18231246	18231347	2431
17	18232027	18232268	15134
17	18232582	18232712	4859
17	18233805	18234046	24838
17	18236270	18236660	8187
17	18238779	18239050	15407
17	18243341	18243582	13805
17	18244025	18244146	15192
17	18250768	18251009	10669
17	18251532	18252028	21774
17	18256907	18257178	15237
17	18259186	18259307	4852
17	18281198	18281298	11586
17	18284187	18284342	12150
17	18284636	18285100	41141
17	18285768	18286009	16450
17	18286097	18286218	10984
17	18286297	18286702	8551
17	18286792	18286913	2913
17	18291497	18291635	1946
17	18298384	18298505	25142
17	18299879	18299989	16893
17	18301211	18301312	37619
17	18301812	18301933	25913
17	18302632	18302753	22049
17	18304197	18304318	32900
17	18314840	18315504	164305
17	18320835	18320936	4749
17	18324251	18324352	16270
17	18325518	18326078	69196
17	18326626	18326847	30353
17	18327876	18327976	7718
17	18329862	18329963	27210
17	18330215	18330704	65663
17	18331702	18331827	4742
17	18332191	18332432	18666
17	18332956	18333197	6594
17	18333603	18334270	63011
17	18334969	18335210	41181
17	18343228	18343853	117535
17	18344248	18344369	21050
17	18345975	18346096	20199
17	18353552	18353673	77277
17	18370332	18370841	78213
17	18380096	18380247	45020
17	18387173	18387294	43608
17	18389227	18389468	38440
17	18390951	18391081	38287
17	18392241	18392362	34284
17	18394003	18394124	49543
17	18394520	18394702	41826
17	18395219	18395342	20324
17	18395753	18395875	25308
17	18395970	18396212	56399
17	18397456	18397728	38156
17	18400813	18401054	41940
17	18402605	18402706	8819
17	18403582	18403823	39994
17	18404228	18404363	82595
17	18404766	18404866	58130
17	18406388	18406596	48123
17	18414590	18414789	16739
17	18414801	18414932	8516
17	18415597	18415698	14123
17	18415708	18415809	16402
17	18415882	18415983	12878
17	18416090	18416234	14114
17	18416288	18416388	5440
17	18416531	18416805	48855
17	18417887	18418009	28515
17	18418540	18419114	95468
17	18420431	18420853	61460
17	18422151	18422252	9431
17	18422540	18422661	9663
17	18422769	18423011	32690
17	18429607	18430182	123167
17	18431665	18431786	18351
17	18445312	18445550	11951
17	18446305	18446423	17438
17	18446949	18447068	5831
17	18454705	18455069	40623
17	18456396	18456757	26805
17	18457286	18457613	52877
17	18481230	18481351	13845
17	18482906	18483987	128396
17	18485915	18486156	19225
17	18486625	18486865	88141
17	18490965	18491206	31176
17	18497983	18498224	12184
17	18498416	18498537	7613
17	18506881	18507105	80093
17	18508221	18508405	68922
17	18509031	18510061	239652
17	18511185	18511306	21846
17	18513291	18513661	65915
17	18525766	18525907	12915
17	18528347	18528828	59251
17	18539721	18539962	22443
17	18541167	18541296	7732
17	18541616	18541743	11006
17	18541912	18542034	9936
17	18542416	18542597	22762
17	18544314	18544436	20938
17	18544566	18544688	19253
17	18553676	18553795	3902
17	18553852	18553973	7574
17	18565204	18566602	99546
17	18574188	18575518	164242
17	18575688	18576169	8026
17	18576272	18576373	66
17	18579582	18579703	9561
17	18580968	18581089	20593
17	18584047	18584188	9194
17	18584885	18585006	23571
17	18602494	18602594	7713
17	18604653	18604774	9431
17	18609970	18610211	13214
17	18625536	18625657	19523
17	18630833	18631090	25718
17	18634344	18634585	26663
17	18635338	18635459	10876
17	18638180	18638783	53027
17	18647508	18648110	86964
17	18651214	18651450	30246
17	18653003	18653506	65503
17	18654234	18654428	28235
17	18659291	18659532	43514
17	18661596	18661838	29892
17	18667994	18668235	18593
17	18669979	18670221	43465
17	18671796	18672038	33078
17	18673197	18673438	56740
17	18675671	18676042	18548
17	18678385	18678536	5405
17	18681778	18682665	101880
17	18684551	18684672	6888
17	18692645	18692769	21936
17	18694159	18694365	27039
17	18700875	18700996	12648
17	18702069	18702310	16424
17	18707393	18707635	29393
17	18708805	18708926	8097
17	18709943	18710043	12561
17	18738962	18739332	37634
17	18741320	18741441	18954
17	18742537	18743567	237746
17	18744256	18744377	59836
17	18745487	18745711	73881
17	18769054	18769325	11455
17	18770558	18770680	19303
17	18775867	18776018	7886
17	18780975	18781216	28366
17	18785845	18786058	8252
17	18793101	18793222	3493
17	18805702	18805802	7276
17	18811899	18812171	11160
17	18814368	18814609	13455
17	18827211	18827341	11922
17	18831958	18832316	26885
17	18833810	18834051	11970
17	18855509	18855846	40438
17	18856841	18857111	27392
17	18861972	18862099	9642
17	18862408	18862562	26185
17	18862885	18863006	5574
17	18863821	18863975	18926
17	18872355	18872480	11941
17	18872633	18872754	7502
17	18874277	18874548	22806
17	18874595	18875106	71074
17	18880083	18880354	10792
17	18880838	18882189	78541
17	18882802	18883043	12450
17	18891522	18891763	17377
17	18906792	18907393	60821
17	18916511	18916872	23383
17	18918315	18918556	15991
17	18920530	18920771	10907
17	18922668	18922939	16744
17	18922982	18923253	10518
17	18923425	18923576	5578
17	18923599	18923754	5834
17	18925243	18925484	14086
17	18927490	18927731	13448
17	18938149	18938334	57786
17	18939220	18939452	20170
17	18939495	18939595	13919
17	18939607	18939772	20735
17	18945068	18945228	41054
17	18950139	18950260	20645
17	18965224	18965482	28065
17	18967190	18967449	16979
17	18981035	18981277	45573
17	18983291	18983510	54899
17	18983658	18983780	14311
17	18991006	18991201	23512
17	18996524	18996646	27438
17	18996746	18997408	176873
17	18999332	18999573	26995
17	19015690	19015949	18301
17	19030910	19031031	18934
17	19035942	19036102	37229
17	19041399	19041563	20292
17	19041576	19041676	13077
17	19041718	19041950	18829
17	19042836	19043022	63240
17	19059139	19059380	34437
17	19061304	19061963	114108
17	19062063	19062185	19825
17	19067512	19067705	57613
17	19074923	19075045	14485
17	19075193	19075405	47467
17	19077558	19077800	40966
17	19091328	19091586	100388
17	19093299	19093558	14397
17	19107085	19107327	43794
17	19109473	19109692	44932
17	19109840	19109962	13018
17	19117173	19117368	55888
17	19122693	19122815	18467
17	19122915	19123574	116776
17	19125498	19125739	27158
17	19186423	19187037	33985
17	19188896	19189137	8541
17	19213131	19213372	10869
17	19215319	19215470	8311
17	19216353	19216990	59117
17	19231960	19232231	15441
17	19232825	19232976	8624
17	19235152	19235393	14143
17	19237236	19237597	18551
17	19238063	19238218	10343
17	19238358	19238484	6122
17	19238678	19238799	6233
17	19239790	19239891	3511
17	19239924	19240047	2701
17	19240988	19241089	1647
17	19246551	19247196	23568
17	19247791	19247912	169
17	19250342	19250672	13277
17	19251053	19251204	5649
17	19261143	19261274	4557
17	19263575	19263726	2109
17	19265801	19266034	2593
17	19282204	19282455	25272
17	19283056	19283297	15905
17	19283858	19285839	88650
17	19286071	19286312	21570
17	19286346	19286610	24667
17	19286617	19286753	11215
17	19286778	19286879	5066
17	19287717	19288078	11985
17	19288351	19288622	20563
17	19288627	19288778	10084
17	19289599	19289824	8049
17	19290050	19290171	3404
17	19290331	19290525	12815
17	19314390	19314508	21872
17	19314687	19314808	14093
17	19314901	19315022	9969
17	19315769	19316133	12852
17	19316230	19316473	14291
17	19316537	19316778	11146
17	19316820	19317061	6527
17	19317371	19317492	3209
17	19317728	19317849	10069
17	19317874	19317995	5340
17	19318020	19318263	8098
17	19318312	19318555	11299
17	19318564	19318685	7047
17	19318806	19318927	5347
17	19318951	19319552	19422
17	19349247	19349897	40370
17	19349958	19350165	5834
17	19400744	19400859	5252
17	19437198	19437439	3767
17	19445665	19445817	16072
17	19449720	19449841	6338
17	19451250	19451491	20806
17	19452907	19453028	5298
17	19454697	19454818	12720
17	19458512	19458633	18233
17	19458863	19459014	16481
17	19459052	19459232	16119
17	19459250	19459401	9235
17	19460859	19461068	11568
17	19463491	19463619	12479
17	19463707	19463828	9863
17	19470076	19470197	14752
17	19470323	19470594	28036
17	19474776	19474897	8014
17	19476042	19476193	10528
17	19480601	19480876	15280
17	19483546	19483648	4239
17	19489920	19490021	11038
17	19491771	19491919	3017
17	19493069	19493170	3629
17	19527481	19527581	3664
17	19528170	19528270	6886
17	19529153	19529286	12572
17	19533976	19534077	7937
17	19552239	19552480	5353
17	19554850	19555101	6537
17	19555841	19555962	5956
17	19559661	19559902	19445
17	19560995	19561236	12749
17	19564389	19564630	19453
17	19566607	19566848	9921
17	19568249	19568370	9804
17	19575000	19575279	12027
17	19576414	19576565	4706
17	19578816	19578937	4674
17	19581957	19582229	21894
17	19583247	19583368	8319
17	19584635	19584786	7664
17	19584795	19585029	11215
17	19605891	19606012	7733
17	19606381	19606502	3979
17	19607373	19607501	7564
17	19607870	19608036	5544
17	19608721	19608842	5878
17	19609926	19610084	5716
17	19611016	19611167	3703
17	19611566	19611837	13157
17	19611989	19612110	1618
17	19615975	19616096	4858
17	19617060	19617331	15942
17	19617976	19618127	3745
17	19618388	19618540	11493
17	19619685	19619926	10902
17	19641449	19641820	12984
17	19642297	19642418	10601
17	19642788	19643023	14947
17	19643568	19643839	15194
17	19644343	19644584	10948
17	19645299	19645540	4505
17	19645809	19646786	45443
17	19648240	19648481	2110
17	19651536	19651777	20563
17	19677444	19677545	5234
17	19678134	19678310	6946
17	19678389	19678490	3614
17	19678531	19678858	10631
17	19678939	19679137	10964
17	19679427	19679593	9048
17	19679629	19679750	3778
17	19680810	19681081	12754
17	19683742	19683983	12873
17	19684206	19684477	5814
17	19685169	19685410	23265
17	19686962	19687233	6358
17	19689173	19689444	13711
17	19698895	19699048	15559
17	19699380	19699621	15299
17	19700640	19701031	12091
17	19702786	19702907	6667
17	19705041	19705282	6274
17	19707953	19708194	8635
17	19713670	19713805	6609
17	19720026	19720267	18643
17	19728389	19728510	4661
17	19729414	19729565	8390
17	19741793	19741914	7693
17	19744769	19744890	1791
17	19746393	19746545	8527
17	19748592	19748713	6002
17	19750015	19750256	16630
17	19752638	19752759	3755
17	19753020	19753152	4866
17	19768075	19768196	4649
17	19769033	19769154	4727
17	19770631	19770756	0
17	19770779	19770880	0
17	19808936	19809037	4819
17	19809170	19809271	6226
17	19809481	19809602	4621
17	19812480	19812601	3598
17	19813203	19813324	3713
17	19823328	19823449	2658
17	19827711	19827840	3382
17	19835083	19835324	9646
17	19839549	19839790	16674
17	19843003	19843213	8459
17	19844110	19844381	4319
17	19845119	19845240	8742
17	19850707	19850828	5912
17	19861304	19861905	43118
17	19866092	19866363	8544
17	19871689	19871810	6937
17	19880887	19881144	6425
17	19999886	20000157	13848
17	20013656	20013927	14813
17	20013994	20014095	8574
17	20059352	20059589	400
17	20107594	20109275	53257
17	20130708	20130945	4259
17	20135016	20135167	4808
17	20135464	20135735	11935
17	20140122	20140243	4679
17	20149190	20149431	5761
17	20150520	20150642	5555
17	20156797	20156918	4514
17	20160690	20160961	5388
17	20163464	20163617	5873
17	20200210	20200451	10241
17	20209304	20209425	5827
17	20217272	20217393	4597
17	20224560	20225041	60517
17	20227469	20227610	8318
17	20239087	20239457	74188
17	20241445	20241566	20492
17	20242662	20243692	229563
17	20244379	20244498	62599
17	20245617	20245841	72870
17	20254206	20254327	6252
17	20254519	20254761	16665
17	20261155	20261422	34846
17	20265467	20265708	85165
17	20266177	20266363	19496
17	20268334	20269406	87775
17	20270964	20271085	15864
17	20278462	20278562	4654
17	20278963	20279084	15595
17	20279235	20279355	10762
17	20294753	20295114	50533
17	20295605	20295966	28657
17	20297292	20297657	32449
17	20303793	20303913	4649
17	20304435	20304615	25665
17	20305319	20305556	13111
17	20319091	20319212	18266
17	20320696	20323002	193512
17	20327880	20328121	32473
17	20328229	20328350	8668
17	20330036	20330439	61841
17	20331793	20332368	60773
17	20332906	20333028	18739
17	20334115	20334357	60469
17	20344339	20344547	40572
17	20346093	20346194	63472
17	20346572	20346708	17146
17	20347112	20347353	35063
17	20348259	20348360	8931
17	20349910	20350151	14081
17	20353237	20353509	32029
17	20354753	20354995	31721
17	20355090	20355212	8924
17	20355623	20355746	24607
17	20356263	20356445	60407
17	20356841	20356962	38576
17	20358602	20358723	22387
17	20359864	20359994	29033
17	20361475	20361716	58580
17	20363649	20363770	28329
17	20370702	20370823	7835
17	20397351	20397472	30375
17	20404937	20405079	15672
17	20405209	20405310	8062
17	20405377	20405598	20976
17	20405900	20406026	6084
17	20406138	20406276	10837
17	20406390	20406534	13329
17	20406664	20406785	22390
17	20407180	20407805	174029
17	20415823	20416064	46069
17	20416763	20417431	61259
17	20417837	20418078	30185
17	20418602	20418843	35717
17	20419207	20419328	18252
17	20420330	20420816	99582
17	20421069	20421170	26083
17	20423059	20423159	11197
17	20424188	20424409	32480
17	20424956	20425517	45267
17	20426690	20426791	15243
17	20430099	20430200	2073
17	20435568	20435880	61943
17	20448314	20448435	72845
17	20449135	20449256	11892
17	20449756	20449857	21984
17	20451080	20451187	18899
17	20452563	20452684	34669
17	20483007	20483368	32598
17	20483390	20484111	59744
17	20492542	20493743	135567
17	20536333	20536454	14338
17	20602102	20602223	13758
17	20619868	20619989	10970
17	20623840	20623959	7601
17	20625337	20625457	7488
17	20634508	20634629	23657
17	20639043	20639163	11613
17	20640260	20640381	7128
17	20641185	20641304	9054
17	20654672	20654793	6087
17	20744358	20744526	3635
17	20744561	20744889	55285
17	20747031	20747260	21670
17	20747303	20747611	22452
17	20768713	20768834	3967
17	20769757	20770026	8593
17	20796659	20796800	10927
17	20798980	20799401	55431
17	20805348	20805654	41600
17	20805704	20805980	32045
17	20906273	20906424	2286
17	20907468	20907709	17325
17	20908180	20908331	12063
17	20910193	20910314	2578
17	20911124	20911365	12574
17	20914391	20914662	17763
17	20916133	20916258	8323
17	20919017	20919258	11754
17	20921188	20921459	13690
17	20922386	20922508	5853
17	20924416	20924549	8531
17	20931769	20932040	12464
17	20945941	20946394	1745
17	20946938	20947073	1408
17	21030233	21030354	4975
17	21075188	21075694	32414
17	21081536	21081665	7161
17	21086863	21087134	28233
17	21087217	21087334	31944
17	21087668	21087789	5544
17	21088011	21088129	5281
17	21091948	21092219	15873
17	21094242	21094483	12903
17	21101593	21102194	42945
17	21114279	21114540	15938
17	21117373	21117703	3129
17	21143846	21143947	5697
17	21144072	21144172	7172
17	21144215	21144315	6857
17	21146501	21146885	39893
17	21147326	21147597	7815
17	21156460	21156586	239
17	21163749	21163849	2217
17	21175965	21176065	5261
17	21188195	21188316	1643
17	21201604	21201845	20781
17	21202152	21202273	12911
17	21203847	21203980	13900
17	21204124	21204365	12151
17	21205361	21205632	16020
17	21206459	21206610	9835
17	21207650	21207921	29408
17	21208310	21208461	20750
17	21215372	21215643	48280
17	21216765	21216886	21197
17	21217409	21217560	10055
17	21217578	21217826	20538
17	21217873	21217974	8084
17	21218233	21218334	7961
17	21280114	21280225	0
17	21318598	21323180	432106
17	21438498	21438859	17839
17	21454230	21454711	29254
17	21454823	21454955	1807
17	21480966	21481287	39082
17	21535942	21536183	42019
17	21544384	21544632	37153
17	21562234	21562355	14775
17	21730674	21731615	71995
17	21821780	21822102	32837
17	21825449	21825595	6386
17	21826076	21826317	11735
17	22023373	22023474	2278
17	22024146	22024319	7705
17	22024352	22024580	11619
17	22024599	22024729	3532
17	23394157	23394493	0
17	25308775	25309016	13748
17	25621350	25621501	11695
17	25628776	25629017	42146
17	25630345	25630706	12372
17	25631761	25631991	16874
17	25633796	25633918	5515
17	25634728	25636331	81706
17	25637077	25637210	7156
17	25638497	25638652	8594
17	25639164	25639435	35929
17	25639535	25639706	5082
17	25640165	25640266	5877
17	25640319	25640457	8099
17	25640472	25640646	7297
17	25749585	25749692	13513
17	25750940	25751041	12430
17	25751553	25751653	13998
17	25752956	25753077	13714
17	25783660	25783964	6948
17	25877542	25877783	21235
17	25885064	25885165	4886
17	25887413	25887534	22151
17	25893482	25893599	8901
17	25904456	25904937	28169
17	25909660	25910141	33589
17	25912623	25912744	18788
17	25915469	25915590	5789
17	25917817	25917938	2882
17	25919356	25919718	26672
17	25924256	25924497	21608
17	25928345	25928466	12711
17	25928890	25929011	5143
17	25930825	25930946	8116
17	25931668	25931789	3180
17	25932408	25932889	21184
17	25934926	25935047	10064
17	25936174	25936408	16129
17	25937037	25937278	11424
17	25938466	25938707	13756
17	25944266	25944507	14025
17	25948896	25949114	20334
17	25950317	25950438	7916
17	25950601	25950701	3826
17	25958219	25958370	15261
17	25965273	25965394	25462
17	25967547	25967818	23617
17	25967942	25968063	7485
17	25969254	25969384	9634
17	25970537	25970658	21825
17	25972296	25972417	24499
17	25972850	25972971	24756
17	25973530	25973653	11617
17	25974038	25974159	10423
17	25974255	25974496	27805
17	25975783	25976054	17454
17	25980551	25980672	8245
17	25981694	25981935	11727
17	25982310	25982431	30137
17	25984312	25984533	18913
17	25985137	25985412	20218
17	25985662	25985931	9280
17	26073142	26073263	34743
17	26076803	26076925	43100
17	26078093	26078214	17612
17	26079831	26079952	26402
17	26080391	26080512	23343
17	26084262	26084389	8203
17	26085882	26086123	14504
17	26087008	26087249	22992
17	26087588	26087829	43367
17	26088152	26088273	28434
17	26089806	26090047	25252
17	26090937	26091208	11825
17	26092530	26092771	8208
17	26093513	26093634	7878
17	26094675	26094916	30196
17	26095968	26096209	12873
17	26096524	26096645	6381
17	26097929	26098053	7893
17	26099284	26099525	12216
17	26100136	26100287	12810
17	26101228	26101499	12982
17	26105675	26105827	3155
17	26105843	26106114	8185
17	26107741	26108252	28687
17	26108995	26109146	10827
17	26109929	26110170	42719
17	26114626	26114897	15036
17	26115774	26116015	10318
17	26116580	26116731	9012
17	26125689	26125845	6550
17	26205952	26206387	9842
17	26206446	26206567	3412
17	26207257	26207408	5841
17	26209536	26209786	15911
17	26209913	26210154	12235
17	26369855	26370377	107020
17	26449572	26449813	16058
17	26459612	26459734	4092
17	26488117	26488358	10763
17	26490550	26490671	10387
17	26495457	26495698	13837
17	26499472	26499713	15036
17	26512179	26512307	3621
17	26518024	26518265	15808
17	26519123	26519252	6236
17	26521573	26521982	24571
17	26522025	26522126	2778
17	26522453	26522726	10725
17	26522730	26523064	13996
17	26523090	26523404	15681
17	26554291	26554532	35581
17	26574441	26574562	8552
17	26574604	26574976	12516
17	26575165	26575315	11768
17	26603293	26603591	19603
17	26603644	26604485	37508
17	26633076	26633197	7630
17	26646207	26646448	15439
17	26652479	26652720	19894
17	26653508	26653899	20543
17	26655133	26655312	17484
17	26655324	26655424	4217
17	26655567	26655813	19670
17	26656189	26656312	9903
17	26657450	26657571	4351
17	26658796	26659067	29345
17	26659148	26659269	12652
17	26666508	26666769	21661
17	26667298	26667539	21532
17	26668216	26668515	13578
17	26669219	26669490	20830
17	26671296	26671687	23150
17	26671763	26671864	10744
17	26671939	26672040	11331
17	26672164	26672264	8128
17	26675025	26675319	14289
17	26676087	26676208	4714
17	26677405	26677646	8137
17	26677743	26677864	3773
17	26678636	26678877	12528
17	26679870	26680111	16706
17	26680241	26680364	5513
17	26680707	26680828	17273
17	26681501	26681622	4172
17	26682800	26682921	6861
17	26684272	26684513	60
17	26684647	26684918	26487
17	26685410	26685531	9569
17	26685914	26686035	7083
17	26686321	26686442	6720
17	26687481	26687632	13808
17	26687748	26687880	7933
17	26688165	26688286	7466
17	26691238	26691719	18478
17	26691775	26692016	10799
17	26692082	26692323	22852
17	26694380	26694512	8829
17	26694696	26695090	42878
17	26695496	26695737	6401
17	26695819	26696090	11446
17	26696258	26696499	11619
17	26696518	26696882	10299
17	26696886	26697252	19601
17	26698987	26699548	3391
17	26708156	26708850	21590
17	26711360	26711601	12158
17	26711842	26711963	7034
17	26711995	26712313	15739
17	26715122	26715583	22416
17	26722863	26723104	8889
17	26723119	26723420	11394
17	26724113	26724213	2149
17	26726639	26726760	5970
17	26727273	26727374	5181
17	26727583	26727804	17595
17	26729236	26729357	5739
17	26731578	26732539	35223
17	26732837	26733198	5247
17	26794791	26795459	61941
17	26800690	26800842	8596
17	26816174	26816415	13727
17	26817324	26817659	20885
17	26817700	26817941	20189
17	26818393	26818664	15648
17	26818687	26818928	27917
17	26820576	26820817	9674
17	26820987	26821138	6482
17	26821318	26821589	19809
17	26822602	26822873	42938
17	26823385	26823656	13080
17	26824050	26824321	11828
17	26850927	26851168	41081
17	26851481	26851995	38231
17	26854259	26854389	9107
17	26856055	26856296	17157
17	26857723	26857874	6188
17	26861301	26861572	15336
17	26861669	26862270	56152
17	26864113	26864474	20332
17	26864482	26864583	5448
17	26874305	26874437	8237
17	26874632	26874877	12125
17	26874976	26875129	22331
17	26875600	26875733	7434
17	26879035	26879156	7318
17	26879344	26879585	600
17	26880497	26880642	5455
17	26881164	26881555	19904
17	26881852	26882093	18338
17	26883172	26883317	12519
17	26883498	26883619	4900
17	26883766	26884028	13145
17	26885429	26885618	7739
17	26886986	26887257	9819
17	26888392	26888663	10914
17	26890403	26890554	5119
17	26890789	26890940	10387
17	26897860	26898256	27097
17	26898436	26898557	12201
17	26900530	26900651	9251
17	26900701	26900972	10801
17	26901020	26901291	15774
17	26901462	26901613	14626
17	26901642	26901913	15698
17	26901935	26902056	7069
17	26902095	26902366	7012
17	26902403	26902560	5569
17	26904691	26904812	9332
17	26905006	26905127	5611
17	26905211	26905588	13134
17	26905638	26905789	8863
17	26906139	26906280	15401
17	26906291	26906562	14670
17	26906720	26906871	6520
17	26907017	26907148	12795
17	26910476	26910717	9179
17	26910786	26911057	5692
17	26911127	26911544	22250
17	26911660	26911789	11827
17	26912110	26912243	13911
17	26912291	26912442	6152
17	26912490	26912731	4100
17	26912827	26913068	10123
17	26913092	26913213	5044
17	26913418	26913539	10515
17	26918651	26918915	10180
17	26918951	26920141	72494
17	26922302	26922423	6247
17	26923194	26923371	10609
17	26925469	26925710	9159
17	26925847	26925998	11220
17	26937495	26937717	11840
17	26938160	26938271	6681
17	26938404	26938505	5753
17	26938531	26938684	8307
17	26938708	26938859	6667
17	26939020	26939141	9977
17	26939240	26939394	5451
17	26939609	26939730	5711
17	26940038	26940189	9839
17	26940260	26940381	8710
17	26940400	26940761	16666
17	26941050	26941201	6482
17	26942021	26942292	22596
17	26942627	26942868	16655
17	26943073	26943225	16683
17	26943340	26943823	29969
17	26943870	26944027	4892
17	26944231	26944352	2612
17	26945777	26946018	9985
17	26946582	26946803	20080
17	26946837	26947075	13447
17	26947436	26947707	26179
17	26947975	26948216	16333
17	26948375	26948526	6690
17	26950729	26951000	11649
17	26951208	26951449	24282
17	26955248	26955609	23074
17	26958476	26958717	9527
17	26958796	26958947	5007
17	26959040	26959281	25368
17	26959918	26960190	10891
17	26960238	26960479	15147
17	26960516	26960787	9033
17	26960887	26961128	9753
17	26961449	26962680	70854
17	26963964	26964205	13746
17	26964820	26965162	12214
17	26965200	26965471	11338
17	26965479	26965720	13795
17	26966254	26966525	19899
17	26966565	26966686	9424
17	26966829	26967100	12630
17	26967518	26967759	14179
17	26968850	26969121	6733
17	26969231	26969382	8738
17	26969824	26970065	9856
17	26970104	26970375	17332
17	26970591	26970712	7288
17	26970989	26971260	13210
17	26971990	26972115	325
17	26975969	26976330	14165
17	26982251	26982522	14186
17	26988140	26988241	10244
17	26988667	26988938	11419
17	26989182	26989282	7162
17	27000410	27000538	10824
17	27001258	27001499	31445
17	27001531	27001652	10747
17	27001932	27002233	12957
17	27002399	27002520	4903
17	27003100	27003491	16444
17	27004692	27004844	5633
17	27005000	27005271	5715
17	27005516	27005667	9573
17	27005758	27006029	17515
17	27008226	27008456	7968
17	27008887	27009008	7218
17	27009688	27010154	21920
17	27010241	27010482	9275
17	27010615	27010853	8048
17	27011552	27011793	20558
17	27011799	27012040	21347
17	27013303	27013454	5996
17	27013618	27013859	20137
17	27014053	27014525	15787
17	27015021	27015292	16486
17	27016354	27016595	11468
17	27017022	27017293	19403
17	27017858	27018129	13029
17	27020662	27020903	15926
17	27022360	27022587	4411
17	27023769	27024160	11037
17	27024628	27024761	7062
17	27024834	27025105	9930
17	27026763	27026921	9813
17	27027138	27027289	10913
17	27027295	27027566	14366
17	27027901	27028202	17076
17	27028398	27028669	12408
17	27029187	27029288	6232
17	27030523	27031508	63599
17	27031642	27031913	11970
17	27033678	27033799	2744
17	27037876	27038197	18818
17	27038571	27038692	7694
17	27041278	27041378	2048
17	27041422	27041778	11801
17	27041800	27041928	5356
17	27042033	27042154	4051
17	27042162	27042313	6967
17	27042438	27042559	3768
17	27042599	27042750	7018
17	27042777	27042929	4557
17	27042952	27043103	3949
17	27043875	27044026	10273
17	27044196	27044726	4003
17	27045091	27045332	12967
17	27046974	27047095	4615
17	27047257	27047498	13178
17	27047509	27047660	9473
17	27047695	27047936	13275
17	27049544	27049695	8629
17	27049707	27049948	14741
17	27050389	27050540	12239
17	27050562	27050795	21712
17	27050800	27050951	9666
17	27051448	27051959	51696
17	27052301	27052422	17245
17	27052448	27052599	10667
17	27052897	27053138	8101
17	27053738	27053859	11530
17	27055793	27055914	8653
17	27060982	27061223	12480
17	27061780	27062032	10874
17	27062202	27062443	18750
17	27064306	27064547	13239
17	27064632	27065047	49656
17	27065066	27065307	11962
17	27065665	27065786	11863
17	27066039	27066280	22968
17	27067434	27067675	20503
17	27067800	27068041	13426
17	27068053	27068294	15140
17	27068388	27068629	12315
17	27068929	27069050	3566
17	27071080	27071296	1180
17	27074165	27074409	23512
17	27074781	27075726	54387
17	27075917	27076638	43022
17	27076708	27076809	3329
17	27076857	27076974	2097
17	27082974	27083243	12839
17	27083248	27083349	4797
17	27083372	27083473	4055
17	27083676	27083896	8683
17	27084160	27084455	12780
17	27085112	27085212	3725
17	27085245	27086896	114767
17	27093583	27093704	4555
17	27181982	27182373	22159
17	27183224	27183465	29822
17	27183470	27183716	18720
17	27184888	27185039	14593
17	27185133	27185514	23127
17	27185536	27185897	18429
17	27185905	27186320	19220
17	27187422	27187629	9279
17	27188361	27188483	11337
17	27188526	27188661	6136
17	27206322	27206487	6140
17	27206636	27206737	5432
17	27206812	27206938	4521
17	27207162	27207263	2846
17	27207415	27207657	12330
17	27207684	27207925	27279
17	27208036	27208157	9837
17	27208180	27208421	12486
17	27208817	27209058	9574
17	27209074	27209315	28357
17	27209345	27209478	10407
17	27209498	27209769	5336
17	27210036	27210307	11570
17	27211196	27211364	5871
17	27212605	27212726	8295
17	27212858	27212979	11124
17	27215912	27216063	3170
17	27224506	27224627	10187
17	27225449	27225938	29827
17	27227952	27228343	20609
17	27228451	27228692	12137
17	27229538	27230018	826
17	27232293	27232495	4916
17	27232613	27232713	4340
17	27232764	27232864	4078
17	27232931	27233547	27080
17	27233821	27234062	6546
17	27234587	27234708	6693
17	27235758	27235909	10402
17	27237038	27237435	18478
17	27238071	27238312	23229
17	27239463	27240305	48530
17	27240824	27241095	9950
17	27244288	27244504	12509
17	27246075	27246346	12975
17	27248644	27248885	12873
17	27250882	27251410	58751
17	27253813	27254104	8328
17	27277052	27277362	12991
17	27277884	27278005	10590
17	27278146	27278246	162
17	27278361	27278622	282
17	27281948	27282072	3067
17	27282267	27282367	10426
17	27282928	27283055	7786
17	27283108	27283544	18222
17	27283694	27283815	5056
17	27284040	27284281	11700
17	27284340	27284581	13808
17	27284940	27285181	17087
17	27286019	27286260	17640
17	27286299	27286540	10207
17	27286691	27286932	9691
17	27287484	27287725	14153
17	27287785	27288026	16934
17	27290944	27291192	46907
17	27296751	27296992	29308
17	27306643	27306884	12014
17	27308280	27309115	34596
17	27332778	27332919	0
17	27370234	27370367	9313
17	27371799	27372070	18051
17	27378940	27379061	3971
17	27379923	27380164	19169
17	27380400	27380641	9608
17	27381514	27381755	36712
17	27382008	27382279	13945
17	27382807	27382928	10178
17	27383136	27383377	11716
17	27400832	27402628	93646
17	27406748	27407967	67597
17	27409273	27409514	12856
17	27412582	27412703	4349
17	27413404	27413645	14298
17	27413925	27414166	12213
17	27416926	27417167	10432
17	27417530	27417651	9996
17	27417764	27418005	13446
17	27419296	27419537	12171
17	27419824	27420065	20355
17	27420271	27420512	5634
17	27420931	27421172	20004
17	27421646	27421887	18820
17	27421894	27422135	8080
17	27423734	27423975	10980
17	27424183	27424424	14898
17	27424740	27424981	15726
17	27425061	27425302	12376
17	27425357	27425478	4475
17	27425794	27426035	18714
17	27426594	27426835	15375
17	27430588	27430709	4290
17	27434031	27434272	11183
17	27436816	27437177	3217
17	27437425	27437666	10244
17	27438400	27438641	10722
17	27438689	27438930	18191
17	27441010	27441131	4280
17	27441899	27442140	15444
17	27442352	27442473	4425
17	27442648	27442895	17090
17	27443406	27443527	2955
17	27444667	27444768	4957
17	27445013	27445254	8811
17	27445365	27445486	3419
17	27446281	27446522	7833
17	27447583	27447824	26314
17	27448001	27448242	25384
17	27448531	27448772	8061
17	27448800	27449041	11958
17	27449166	27449287	5534
17	27451554	27451738	13058
17	27452897	27452998	9280
17	27454869	27455562	43887
17	27458380	27458480	1527
17	27467310	27467410	10734
17	27491607	27491707	9180
17	27492933	27494034	33226
17	27530404	27530615	24362
17	27573805	27573956	3445
17	27576130	27576251	3378
17	27577137	27577378	18300
17	27579031	27579272	18644
17	27580607	27580848	9627
17	27581172	27581413	7293
17	27588621	27588982	12794
17	27589298	27589399	7411
17	27589409	27589857	15073
17	27590028	27590129	5068
17	27590288	27590491	3174
17	27590624	27590725	4236
17	27590824	27591071	9780
17	27591122	27591306	6903
17	27591429	27591633	11043
17	27594470	27594591	4116
17	27612970	27614771	114831
17	27620791	27621194	65493
17	27717957	27718058	838
17	27778511	27778752	5569
17	27794137	27794258	3456
17	27802677	27802799	8063
17	27804651	27804775	6920
17	27805255	27805406	3038
17	27807376	27807509	11473
17	27809200	27809321	5875
17	27816667	27816788	6336
17	27818777	27818898	6684
17	27822540	27822781	15074
17	27825316	27825557	16443
17	27829552	27829793	8068
17	27834850	27835211	11823
17	27837824	27838065	12585
17	27844451	27844692	4909
17	27849236	27849597	12488
17	27857379	27857650	10146
17	27861105	27861346	6636
17	27869538	27870142	17805
17	27870147	27870248	5607
17	27870452	27870553	4155
17	27871100	27871352	19411
17	27877906	27878007	2906
17	27878697	27878798	8328
17	27888703	27888804	2835
17	27889510	27890141	33212
17	27893062	27893997	20507
17	27895762	27895891	2424
17	27896008	27896129	8011
17	27896295	27896416	8644
17	27898551	27898792	28686
17	27898823	27899094	12985
17	27899106	27899737	33972
17	27899820	27899952	0
17	27900475	27900576	4597
17	27900819	27900920	3394
17	27901013	27901114	1502
17	27901120	27901221	1042
17	27901293	27901437	4529
17	27901459	27902023	20688
17	27902067	27902188	6169
17	27902245	27902516	7907
17	27902593	27902744	28144
17	27902781	27902932	13382
17	27903031	27903182	9209
17	27903201	27903478	21956
17	27903494	27903735	15613
17	27903826	27904067	9820
17	27904118	27904275	7030
17	27904620	27904771	13046
17	27905291	27905412	7065
17	27905681	27905832	8754
17	27905901	27906052	4063
17	27908315	27908436	5269
17	27908715	27908866	14995
17	27908932	27909173	15263
17	27909677	27909831	6559
17	27909933	27910065	8744
17	27910446	27910668	14928
17	27916309	27916430	0
17	27920524	27920763	0
17	27934676	27935289	64010
17	27935819	27936318	29495
17	27936344	27936465	7064
17	27937682	27937803	8744
17	27938567	27938688	7402
17	27938807	27939078	16980
17	27939086	27939332	10844
17	27939374	27939615	1803
17	27939630	27939871	2774
17	27939881	27940002	5564
17	27940326	27940927	6340
17	27940991	27941330	15952
17	27941399	27941618	6421
17	27941679	27941801	5141
17	27942430	27942531	4032
17	27942691	27942932	1763
17	27942953	27943203	5897
17	27943264	27943385	6385
17	27943641	27943912	17502
17	27943916	27944335	26942
17	27944426	27944697	12954
17	27945065	27945185	1035
17	27945777	27946262	18947
17	27946608	27946849	19828
17	27948219	27948460	6922
17	27949689	27949930	4512
17	27952939	27953377	14714
17	27953535	27953655	6383
17	27953698	27953799	5209
17	27954153	27954343	6311
17	27954653	27954754	3351
17	27956310	27956411	7355
17	27956432	27956533	10561
17	27956538	27956730	9521
17	27956870	27956970	3265
17	27957566	27957667	1823
17	27957731	27959983	155727
17	27962951	27963830	59407
17	27975140	27975381	28558
17	27977623	27977864	14802
17	27982510	27982661	6406
17	27993827	27994068	14796
17	27994133	27994254	14505
17	27998928	27999169	14420
17	28001099	28001299	9603
17	28003809	28003930	3604
17	28004633	28004784	4589
17	28011520	28011761	9238
17	28022447	28022568	5998
17	28029967	28030090	5452
17	28088110	28088351	22078
17	28120872	28120993	3335
17	28248940	28249040	1218
17	28256925	28257046	15265
17	28258611	28258712	2876
17	28268774	28268895	2088
17	28269227	28269348	2641
17	28270563	28270684	3588
17	28295795	28296396	15815
17	28320139	28320380	6488
17	28323292	28323413	4500
17	28326897	28327018	6486
17	28361204	28361433	10681
17	28378124	28378245	6850
17	28380238	28381199	29469
17	28382883	28383004	6545
17	28383066	28383187	7842
17	28384679	28384920	11417
17	28386519	28386760	8134
17	28395599	28396228	41561
17	28396379	28396647	25074
17	28400636	28400737	3415
17	28405196	28405557	12103
17	28407053	28407294	20151
17	28407703	28408064	39994
17	28409863	28410104	6146
17	28414011	28414252	9650
17	28417384	28417745	8075
17	28418850	28419211	19481
17	28419844	28419965	4919
17	28434825	28435066	10695
17	28435149	28435250	3738
17	28443810	28443931	7292
17	28444072	28444215	7071
17	28444284	28444385	6863
17	28445053	28445204	3461
17	28499526	28499647	2793
17	28505031	28505272	7480
17	28506090	28506331	9027
17	28507916	28508044	5337
17	28511589	28512753	28936
17	28524916	28525085	5871
17	28525449	28525570	8573
17	28530152	28530393	6324
17	28534708	28534860	5111
17	28536119	28536270	4889
17	28537447	28537718	9203
17	28538320	28538452	8595
17	28539700	28539941	10200
17	28542589	28542742	4348
17	28543045	28543268	6333
17	28544131	28544372	11380
17	28545124	28545365	38845
17	28545730	28546001	6942
17	28548595	28549166	59952
17	28549776	28549897	6395
17	28575209	28575310	2950
17	28575544	28575645	6860
17	28575959	28576230	9498
17	28593876	28593997	10005
17	28598196	28598467	13028
17	28599521	28599672	10368
17	28599716	28599957	29497
17	28601016	28601257	37020
17	28612390	28612511	8494
17	28613814	28613935	2420
17	28614773	28615014	10802
17	28616381	28616510	3448
17	28618276	28618547	12568
17	28618769	28619119	1472
17	28643645	28643766	3492
17	28643837	28643958	12528
17	28644139	28644290	8188
17	28645818	28645941	3342
17	28651814	28652152	34661
17	28656196	28656584	19427
17	28659001	28659242	19762
17	28660982	28661103	8499
17	28705980	28706794	2302
17	28711949	28712310	27457
17	28747808	28748049	24794
17	28748645	28748886	22992
17	28749655	28750051	25016
17	28750498	28750739	15283
17	28754371	28754612	14485
17	28758780	28758909	8042
17	28765982	28766133	13122
17	28769275	28769516	10834
17	28770783	28771024	14744
17	28772692	28773053	17580
17	28776547	28776788	27199
17	28778675	28778916	26134
17	28782301	28782542	15741
17	28783260	28783381	13125
17	28783450	28783571	8559
17	28788142	28788383	17788
17	28788836	28789107	10768
17	28789376	28789497	6100
17	28791596	28791941	7247
17	28792097	28792197	4610
17	28792202	28792303	3363
17	28792406	28792518	4201
17	28792585	28792701	4128
17	28792755	28792856	4300
17	28793172	28793315	8026
17	28793605	28793705	7607
17	28793987	28794087	3100
17	28794094	28794313	6866
17	28795232	28795333	4893
17	28795486	28795708	8828
17	28804405	28804526	5904
17	28808069	28808340	18776
17	28811214	28811335	4832
17	28811643	28811881	13698
17	28817128	28817249	3424
17	28819672	28819793	4551
17	28837851	28837972	5246
17	28846936	28847087	15913
17	28849182	28849453	19406
17	28849720	28849821	2487
17	28853633	28853734	4819
17	28856713	28856814	3243
17	28857325	28857469	4834
17	28861780	28861880	3314
17	28862385	28862504	4198
17	28868729	28868830	9658
17	28868981	28869152	23340
17	28883452	28883560	14246
17	28883890	28884000	21451
17	28885223	28885324	33595
17	28885815	28885935	18529
17	28886677	28886798	47995
17	28887106	28887227	14254
17	28887623	28887744	17676
17	28888060	28888160	9668
17	28889858	28889979	18025
17	28890190	28890453	9062
17	28896563	28896774	30683
17	28898306	28898433	24191
17	28900616	28900857	18351
17	28900917	28901038	9776
17	28903007	28903267	36490
17	28928297	28928397	6707
17	28935447	28935580	18185
17	28942911	28943011	4557
17	28944749	28944870	26572
17	28951676	28951922	17258
17	28952009	28952437	44931
17	28956635	28956812	37936
17	28957643	28957743	9341
17	28958721	28959023	38012
17	28960080	28960441	69108
17	28961002	28961333	19911
17	28964200	28964350	7719
17	28969022	28969123	2977
17	28975407	28975508	4068
17	28990578	28990815	23679
17	28999026	28999177	35754
17	29035890	29036034	194
17	29036373	29036595	189
17	29058840	29059163	8667
17	29059453	29059574	55148
17	29061876	29062010	18706
17	29062021	29062142	11477
17	29070291	29070412	4776
17	29086482	29086583	7031
17	29093503	29093624	8168
17	29095816	29096086	2752
17	29096875	29097026	1847
17	29103306	29103427	9350
17	29111121	29111512	21976
17	29112927	29113059	13907
17	29119423	29119643	16051
17	29120457	29120700	13595
17	29123145	29123386	16582
17	29124311	29124432	5867
17	29130871	29131142	25034
17	29151483	29151724	1890
17	29159307	29159458	15678
17	29161154	29163076	64966
17	29164214	29164410	10383
17	29167596	29167836	4772
17	29170921	29171104	10808
17	29171802	29171953	6973
17	29182131	29182372	11936
17	29183900	29184171	8672
17	29185138	29185379	10933
17	29187419	29187660	8729
17	29192708	29192829	1941
17	29195329	29195450	5296
17	29196215	29196456	8805
17	29196467	29196708	8335
17	29203358	29203585	5536
17	29204379	29204620	6994
17	29205006	29205127	4508
17	29206411	29206532	3984
17	29214178	29214419	16196
17	29219594	29219835	17054
17	29220228	29221219	37129
17	29221539	29221780	7089
17	29221830	29221951	4294
17	29226134	29226645	30199
17	29227354	29227616	6116
17	29231044	29231557	33540
17	29233109	29233260	12430
17	29249018	29249146	0
17	29249901	29250142	13565
17	29253760	29254001	40686
17	29258885	29259006	6870
17	29261193	29261325	8432
17	29271846	29272117	7627
17	29276285	29276406	7013
17	29280245	29280396	6520
17	29281443	29281594	9196
17	29283249	29283497	13044
17	29284778	29284929	10613
17	29298074	29298473	274
17	29311555	29311826	11034
17	29314891	29315162	13951
17	29324213	29324364	15498
17	29324446	29324567	6400
17	29325613	29326244	32081
17	29326812	29326913	7222
17	29335745	29335845	946
17	29343906	29344027	5983
17	29348927	29349060	15325
17	29351371	29351471	5963
17	29365541	29365692	37054
17	29369216	29369337	26180
17	29372202	29372323	25661
17	29374121	29374602	89653
17	29421974	29422074	7474
17	29422307	29422436	0
17	29474581	29474682	8721
17	29482951	29483192	14848
17	29485978	29486129	4364
17	29490177	29490418	12158
17	29496899	29497025	7228
17	29508412	29508533	5754
17	29508704	29508825	8013
17	29509483	29509724	20761
17	29527405	29527646	22220
17	29527964	29528235	17694
17	29528404	29528525	1854
17	29533202	29533443	24390
17	29541414	29541655	51780
17	29546013	29546151	5326
17	29548835	29549009	9932
17	29550372	29550643	9972
17	29552069	29552310	6392
17	29553396	29553757	15161
17	29554181	29554332	3007
17	29554491	29554642	32643
17	29555991	29556502	29645
17	29556771	29557042	18591
17	29557217	29557458	19145
17	29557840	29557961	27439
17	29559081	29559268	7550
17	29559687	29559928	15633
17	29560004	29560245	14778
17	29562588	29562829	15875
17	29562926	29563049	10736
17	29575948	29576189	8384
17	29576935	29577036	5389
17	29579925	29580046	3878
17	29585319	29585560	23676
17	29586037	29586158	3505
17	29587338	29587579	18259
17	29588680	29588921	19805
17	29592237	29592367	14283
17	29621651	29621752	6458
17	29621770	29621940	6665
17	29621966	29623407	122279
17	29631232	29632673	238895
17	29645259	29646100	93993
17	29647369	29647507	4412
17	29652812	29653293	22119
17	29654505	29654867	14378
17	29657293	29657534	8352
17	29661831	29662072	9025
17	29663307	29663540	20472
17	29663643	29663972	24443
17	29664371	29664612	13491
17	29664806	29664927	5574
17	29665000	29665219	14875
17	29665711	29665833	7259
17	29667471	29667712	16427
17	29669938	29670209	5344
17	29671236	29671337	15708
17	29672487	29672608	6829
17	29672855	29672975	13927
17	29673089	29673270	22306
17	29675951	29676051	5047
17	29676128	29676323	6309
17	29677147	29677388	12434
17	29679232	29679454	8044
17	29683417	29683658	14516
17	29683921	29684162	8747
17	29684275	29684397	13026
17	29685447	29685688	17939
17	29685918	29686069	7824
17	29687491	29687732	9422
17	29694208	29694329	9901
17	29700980	29701493	33280
17	29701665	29701766	3940
17	29701775	29701885	3828
17	29702039	29702140	2532
17	29702321	29702422	3660
17	29702560	29702661	3863
17	29702770	29702959	6932
17	29704097	29704197	3428
17	29704244	29704345	2257
17	29704389	29704584	7457
17	29704624	29704725	7161
17	29708804	29708993	6977
17	29718861	29719084	0
17	29758783	29758934	5600
17	29761034	29761155	4706
17	29764430	29764530	4800
17	29815225	29815325	0
17	29836042	29836143	4618
17	29844651	29844905	10221
17	29848129	29848400	22571
17	29848878	29849119	11923
17	29849334	29849455	13743
17	29850518	29850669	10472
17	29850901	29851024	3419
17	29852056	29852285	23152
17	29854839	29854960	6082
17	29855341	29855836	41943
17	29857294	29857535	15156
17	29858570	29858811	8801
17	29859046	29859147	8672
17	29859406	29859507	8786
17	29864105	29864253	18952
17	29864392	29864493	4877
17	29864755	29864856	7835
17	29886990	29887127	9912
17	29898151	29898392	12193
17	29899076	29899203	15667
17	29902362	29902723	21570
17	30179091	30179353	18081
17	30179788	30180073	23118
17	30183759	30183910	17536
17	30185746	30185867	6920
17	30186110	30186327	0
17	30190335	30190576	3983
17	30192359	30192480	3960
17	30195006	30195157	5396
17	30200387	30200516	7021
17	30200640	30200791	10466
17	30202191	30202462	15108
17	30205246	30205367	5032
17	30205699	30205820	8538
17	30207561	30207802	13380
17	30211392	30211543	9233
17	30212978	30213099	7872
17	30214232	30214353	3730
17	30216211	30216482	11226
17	30219219	30219370	10566
17	30219698	30219849	3964
17	30221648	30221769	5167
17	30221948	30222069	2288
17	30226615	30226766	1694
17	30228539	30228660	3911
17	30263814	30264074	907
17	30264205	30264576	7675
17	30264851	30264972	56956
17	30267266	30267387	11608
17	30267411	30267532	9078
17	30274608	30274729	6709
17	30293129	30293250	8432
17	30300147	30300268	6804
17	30302465	30302742	6850
17	30303525	30303676	5636
17	30310008	30310133	8855
17	30315306	30315547	6666
17	30320245	30320366	3019
17	30320834	30321054	6865
17	30321540	30321781	7609
17	30322560	30322801	13400
17	30323786	30323909	7416
17	30325667	30326032	8095
17	30327189	30327290	1842
17	30327714	30327814	8451
17	30327910	30328011	4404
17	30330126	30330344	18599
17	30332553	30332654	6775
17	30335051	30335151	4207
17	30344981	30345082	5517
17	30348073	30349904	220819
17	30351704	30351825	20495
17	30354737	30354873	27140
17	30357649	30357770	8803
17	30358375	30358526	19400
17	30361903	30362024	7253
17	30362559	30362680	8869
17	30367574	30367953	32550
17	30368040	30368468	40520
17	30372656	30372869	73640
17	30374728	30375100	39816
17	30376085	30376446	71382
17	30377012	30377343	23220
17	30380224	30380375	8254
17	30415128	30415279	42738
17	30415884	30416005	10292
17	30418795	30418916	26547
17	30421855	30421976	19585
17	30434297	30434417	20519
17	30458173	30458273	2127
17	30469299	30469789	4040
17	30469984	30470105	17867
17	30470222	30470323	7644
17	30470653	30470754	4475
17	30477556	30477707	15588
17	30497986	30498141	5124
17	30500829	30500950	2011
17	30502298	30502419	3874
17	30502946	30503067	11386
17	30503131	30503256	5237
17	30509738	30509894	7789
17	30510149	30510301	5237
17	30519207	30519328	10495
17	30520145	30520298	7003
17	30520944	30521163	30943
17	30525946	30526067	6336
17	30526375	30526616	12843
17	30527963	30528085	7262
17	30529779	30529974	8728
17	30530889	30531010	4868
17	30533867	30534108	17484
17	30535105	30535346	11020
17	30536355	30536476	7880
17	30538074	30538315	14002
17	30549808	30549921	3789
17	30551625	30552034	21629
17	30552174	30552274	3850
17	30552419	30552520	3887
17	30593199	30593329	2
17	30594871	30594992	17462
17	30611635	30611876	10550
17	30615771	30616045	11886
17	30621265	30621506	24948
17	30625075	30625233	13306
17	30632348	30632470	5688
17	30643189	30643340	5713
17	30647931	30648421	22526
17	30651283	30651384	7894
17	30651450	30651550	3396
17	30658768	30659009	7859
17	30660366	30660585	10370
17	30661434	30661675	23637
17	30661764	30661885	10398
17	30662280	30662521	11201
17	30664883	30665005	5902
17	30665177	30665419	7706
17	30666773	30667014	8402
17	30668201	30668322	11570
17	30668999	30669259	18020
17	30677083	30677384	65560
17	30678592	30678693	9202
17	30678746	30678987	20631
17	30685469	30685686	12807
17	30687579	30687820	9585
17	30687857	30688008	6434
17	30688449	30688570	4305
17	30689906	30690027	8723
17	30692306	30692547	15183
17	30693668	30693789	6932
17	30694730	30695091	29972
17	30696242	30696513	19994
17	30696546	30697078	23995
17	30697187	30697448	10821
17	30700394	30700495	2338
17	30704922	30705023	9911
17	30707150	30707251	3891
17	30712080	30712181	1808
17	30714715	30714836	5432
17	30771464	30771683	5300
17	30773922	30774074	4565
17	30781453	30781694	24807
17	30791041	30791162	8914
17	30791506	30791627	10385
17	30795962	30796233	26622
17	30800782	30801010	11045
17	30801720	30801871	5177
17	30804508	30804629	7007
17	30806180	30806451	16135
17	30806825	30806946	4675
17	30807128	30807249	8254
17	30807456	30807697	11242
17	30807796	30807990	9218
17	30814591	30818310	167431
17	30819590	30819796	8564
17	30819833	30819934	5099
17	30819970	30820071	3939
17	30821515	30821616	7302
17	30821703	30821977	20912
17	30921523	30921623	8210
17	30924085	30924186	4957
17	30932060	30932301	32533
17	30965730	30965863	12211
17	30980821	30980975	10572
17	30981445	30981686	7887
17	30986123	30986366	28014
17	31038973	31039229	9435
17	31047972	31048243	16596
17	31065215	31065456	5656
17	31072204	31072325	3733
17	31075897	31076048	7877
17	31082473	31082714	9515
17	31087075	31087196	4277
17	31087243	31087692	18009
17	31091876	31092117	14504
17	31094590	31094831	3547
17	31098099	31098250	6119
17	31099772	31099893	6880
17	31102843	31103084	16868
17	31105453	31105604	17328
17	31107546	31107817	27362
17	31203781	31203902	3454
17	31258490	31258731	9663
17	31260136	31260377	19287
17	31261234	31261385	13652
17	31263286	31263527	20454
17	31266463	31266584	11548
17	31267756	31268027	16966
17	31318882	31319033	4300
17	31319943	31320064	10955
17	31322399	31322760	19045
17	31323818	31324059	19193
17	31324440	31324561	3818
17	31324701	31324822	4976
17	31340549	31340650	5127
17	31340671	31340772	10757
17	31340972	31341094	3268
17	31342931	31343082	11240
17	31344601	31344722	4202
17	31348221	31348342	2924
17	31350834	31351075	11236
17	31352910	31353031	2647
17	31355213	31355454	26864
17	31415823	31416064	11031
17	31438888	31439129	12979
17	31440938	31441039	6161
17	31612379	31612479	6158
17	31618416	31619224	42708
17	32201206	32201487	9955
17	32364605	32364726	7484
17	32475008	32475109	1771
17	32482972	32483573	35709
17	32582345	32582466	5760
17	32583178	32583419	11905
17	32583702	32583856	5297
17	32583912	32584012	2249
17	32597211	32597452	5766
17	32598102	32598343	8934
17	32598677	32598831	10661
17	32598900	32599001	4697
17	32612774	32612925	4584
17	32614079	32614236	7980
17	32614565	32614719	5630
17	32646422	32646663	8467
17	32647225	32647466	16103
17	32647811	32647936	5316
17	32683522	32683643	5246
17	32684429	32684670	10223
17	32685006	32685160	5534
17	32685551	32685651	6590
17	32687400	32687500	4249
17	32687567	32687690	5740
17	32688768	32688925	10499
17	32690051	32690202	12207
17	32904536	32904732	16926
17	32905823	32906334	19602
17	32907989	32908179	8630
17	32953133	32954094	47721
17	32955533	32955774	14127
17	32956005	32956246	13254
17	32956977	32957218	6966
17	32959674	32959945	21608
17	32961750	32962141	26128
17	32963000	32963241	14537
17	32964152	32965263	25486
17	32965626	32965765	14107
17	32965994	32966095	2358
17	32966211	32966312	4778
17	33255040	33255161	10795
17	33255955	33256076	4273
17	33257955	33258080	5044
17	33259331	33259572	14210
17	33266168	33266395	8957
17	33266622	33266743	3352
17	33267537	33267658	4354
17	33269461	33269702	8058
17	33269778	33269935	8016
17	33278959	33279082	3506
17	33281410	33281630	18006
17	33285524	33285765	9399
17	33286576	33286697	5277
17	33288192	33288463	14310
17	33288524	33290206	77572
17	33307554	33307655	4874
17	33309996	33310597	23203
17	33312957	33313198	18253
17	33316432	33316703	6516
17	33317936	33318177	9294
17	33318651	33318892	6965
17	33318924	33319075	8948
17	33319505	33319746	20043
17	33321251	33321492	20758
17	33322997	33323268	9906
17	33323571	33323692	7586
17	33324739	33324860	5272
17	33325215	33325336	24520
17	33325533	33325804	14374
17	33326275	33326516	7154
17	33326746	33326897	5317
17	33328197	33328468	18751
17	33328874	33329145	13087
17	33329638	33329867	4950
17	33329949	33330100	2440
17	33331282	33331535	16869
17	33336113	33336230	3148
17	33336895	33336996	5696
17	33338911	33339197	9474
17	33341679	33341830	3741
17	33343372	33343613	15449
17	33344522	33344643	3627
17	33348323	33348834	24665
17	33353361	33353602	10190
17	33396267	33396367	6160
17	33427952	33428073	9924
17	33428150	33428421	14417
17	33430246	33430367	7006
17	33430426	33430577	5540
17	33433111	33433352	12299
17	33433391	33433512	3862
17	33433952	33434193	13708
17	33434364	33434485	7533
17	33440521	33440707	5751
17	33442249	33442370	14285
17	33443877	33444108	16933
17	33445457	33445698	18633
17	33446069	33446220	8960
17	33446500	33446651	15418
17	33448260	33448361	10855
17	33448695	33448936	9043
17	33454007	33454488	29721
17	33456347	33456738	17312
17	33457255	33457496	8838
17	33457618	33457730	4533
17	33459336	33459521	7557
17	33460133	33460284	18629
17	33460286	33460557	21738
17	33462217	33462488	16345
17	33463119	33463270	14165
17	33463297	33463568	15092
17	33463964	33464235	10607
17	33464549	33464670	3034
17	33464809	33464930	4414
17	33466232	33466353	4715
17	33466825	33467096	14141
17	33468948	33469189	7049
17	33469224	33469345	140
17	33475215	33475486	9105
17	33475948	33476069	5171
17	33477033	33477274	23561
17	33478114	33478265	661
17	33479865	33480016	9868
17	33481555	33481796	26098
17	33482277	33482518	19152
17	33486327	33486598	15420
17	33490948	33491219	15753
17	33495048	33495402	18384
17	33496841	33496962	2762
17	33497055	33497326	15422
17	33498289	33498530	15800
17	33501203	33501444	13061
17	33502958	33503079	7666
17	33504001	33504159	13097
17	33504450	33504691	11700
17	33507485	33507756	11287
17	33510402	33510643	26685
17	33513288	33513646	22283
17	33513903	33514004	22165
17	33518629	33518750	5674
17	33520276	33521448	186228
17	33541605	33542173	39475
17	33543155	33543307	13904
17	33543678	33543777	4354
17	33544223	33544324	3354
17	33544688	33544788	1916
17	33545499	33545619	8958
17	33546137	33546237	3409
17	33547905	33548012	2521
17	33548446	33548546	2522
17	33548988	33549089	7187
17	33550334	33550435	3888
17	33550575	33550676	2955
17	33585674	33586755	40930
17	33587901	33588157	17102
17	33591110	33591981	41291
17	33592077	33592918	46181
17	33679345	33680192	54365
17	33680295	33681122	56362
17	33687204	33687445	11574
17	33689748	33690836	83061
17	33738320	33738956	43567
17	33747255	33747410	5604
17	33748986	33750067	83947
17	33767578	33768419	48701
17	33768522	33769363	90308
17	33770752	33770993	17554
17	33771624	33772709	64553
17	33801932	33802561	60500
17	33805027	33805268	11349
17	33806113	33807215	92261
17	33814701	33814802	16772
17	33825576	33825697	21444
17	33849297	33849409	12208
17	33849677	33849777	9472
17	33875257	33876093	64107
17	33878364	33878485	7595
17	33879748	33880464	20866
17	33881594	33881724	2735
17	33884021	33885082	85201
17	33900662	33900783	14572
17	33901878	33901978	3606
17	33902609	33902710	4581
17	33902759	33903240	36542
17	33904032	33904633	25261
17	33904856	33905097	14626
17	33921006	33921127	2901
17	33925210	33925364	8308
17	33932670	33932911	17042
17	33935072	33935463	22645
17	33951359	33951630	22724
17	33953629	33953871	8531
17	33954342	33954583	22708
17	33954636	33954757	10994
17	33963296	33963537	12626
17	33966575	33966816	18738
17	33968883	33969004	3295
17	33977497	33977858	50520
17	33984592	33984833	24776
17	33997805	33997956	10328
17	33998694	33998965	16129
17	34001146	34001387	10524
17	34009661	34009888	21401
17	34036223	34036344	12622
17	34037234	34037355	4834
17	34044169	34044410	12577
17	34050619	34050740	8337
17	34051004	34051155	6785
17	34052720	34052820	2157
17	34062056	34062431	22149
17	34067368	34067609	28999
17	34067977	34068368	8025
17	34068955	34069137	7817
17	34069522	34069642	10350
17	34070087	34070187	8038
17	34070282	34070383	7128
17	34070465	34070566	5605
17	34071852	34073440	118628
17	34073949	34074340	18868
17	34074854	34074975	4850
17	34076119	34076246	6102
17	34077035	34077396	9190
17	34079405	34079916	34982
17	34087905	34088026	6199
17	34091016	34091355	4250
17	34091419	34091660	8206
17	34093474	34093955	29159
17	34093986	34094107	6709
17	34094754	34094974	3836
17	34095202	34095443	11078
17	34097027	34097388	1032
17	34100115	34100476	34689
17	34105857	34106105	13411
17	34106226	34106347	10770
17	34122204	34122445	4955
17	34136470	34136636	3633
17	34144678	34144799	3726
17	34146992	34147113	5341
17	34147148	34147269	9092
17	34147297	34147451	6101
17	34149589	34149860	13201
17	34151020	34151261	19960
17	34160866	34160987	6212
17	34161524	34161645	9592
17	34163126	34163255	2844
17	34165371	34165612	12255
17	34169325	34169476	7504
17	34171030	34171181	24834
17	34171266	34172080	77211
17	34173868	34174065	17369
17	34174135	34174264	4430
17	34182057	34182424	38369
17	34182619	34182770	6838
17	34183141	34183262	7450
17	34183711	34183832	2253
17	34185112	34185383	19038
17	34185391	34185542	6373
17	34185831	34186102	14879
17	34189942	34190183	22706
17	34190440	34190591	6734
17	34191216	34191337	7366
17	34191437	34191588	12302
17	34191706	34191947	43653
17	34192188	34192429	13639
17	34193691	34193812	7558
17	34195641	34195762	21299
17	34199363	34199484	9896
17	34205522	34205653	7184
17	34207180	34207331	11903
17	34245335	34245457	2818
17	34247172	34247293	8665
17	34249456	34249727	8221
17	34251540	34251811	6398
17	34252458	34252699	12161
17	34257018	34257296	5849
17	34257592	34257743	12349
17	34261743	34261894	5580
17	34263706	34263857	11501
17	34264719	34264960	3502
17	34266139	34266410	10873
17	34304533	34304804	37708
17	34305087	34305358	17607
17	34308357	34308478	4698
17	34310789	34310940	16453
17	34311309	34311550	17711
17	34312757	34312857	7457
17	34313584	34313705	7316
17	34324758	34324909	7871
17	34325306	34325437	9430
17	34325870	34325991	4646
17	34328432	34328553	5872
17	34340201	34340358	7535
17	34340745	34340986	12626
17	34341342	34341463	6561
17	34344835	34344956	5764
17	34391644	34391795	8784
17	34397771	34397928	7386
17	34398264	34398415	21555
17	34416001	34416122	25777
17	34416464	34416706	30379
17	34417306	34417427	21143
17	34431275	34431396	34529
17	34431856	34432098	32922
17	34432570	34432721	14532
17	34433600	34433772	9153
17	34441215	34442168	17141
17	34484288	34484388	40129
17	34493273	34494001	263397
17	34494860	34495121	119788
17	34495412	34495534	121476
17	34495959	34496080	75231
17	34496423	34496545	92424
17	34497187	34497429	48404
17	34497875	34497997	112874
17	34499147	34499388	152880
17	34499585	34499826	115822
17	34500182	34500304	47540
17	34500697	34500846	66966
17	34502071	34502192	42523
17	34502313	34502434	27212
17	34503790	34504031	74170
17	34522668	34522789	36300
17	34522942	34523063	9015
17	34523132	34523373	43086
17	34523746	34523867	42544
17	34523973	34524094	61704
17	34538520	34538641	51934
17	34539113	34539354	69371
17	34539685	34539987	33920
17	34541890	34542036	71799
17	34560534	34560635	46446
17	34561883	34562004	39927
17	34576964	34577085	32686
17	34581298	34582026	272051
17	34582904	34583165	153423
17	34583456	34583578	117455
17	34584003	34584124	52883
17	34584467	34584589	90257
17	34585231	34585473	101127
17	34585919	34586041	108778
17	34587191	34587432	53312
17	34587629	34587870	64048
17	34588227	34588349	45034
17	34588742	34588891	70671
17	34590116	34590237	151196
17	34590357	34590478	73877
17	34591834	34592075	58124
17	34610711	34610832	402
17	34610985	34611106	24859
17	34611175	34611356	12392
17	34611470	34611571	8007
17	34624242	34624363	42195
17	34624516	34624637	40098
17	34624706	34624947	53741
17	34625320	34625441	35677
17	34625547	34625668	45532
17	34640086	34640207	47753
17	34640679	34640920	58020
17	34641316	34641553	44762
17	34643457	34643603	75394
17	34663445	34663566	43870
17	34737031	34737131	48362
17	34741998	34742119	32814
17	34746332	34747060	295485
17	34747920	34748162	191704
17	34748476	34748598	122843
17	34749023	34749144	67254
17	34749487	34749610	132364
17	34750248	34750490	88755
17	34750936	34751058	99604
17	34752204	34752445	45110
17	34752642	34752883	58713
17	34753239	34753361	82899
17	34753754	34753903	67950
17	34755127	34755248	43208
17	34755368	34755489	81010
17	34756845	34757086	61771
17	34793050	34793171	31312
17	34797384	34798112	364509
17	34798971	34799213	182693
17	34799527	34799649	129771
17	34800074	34800195	64501
17	34800538	34800661	132604
17	34801299	34801541	85576
17	34801987	34802109	97263
17	34803255	34803496	55008
17	34803693	34803934	62853
17	34804290	34804412	81483
17	34804805	34804954	67776
17	34806179	34806300	38619
17	34806421	34806542	29037
17	34807898	34808139	43642
17	34842495	34842646	12126
17	34842734	34842885	1450
17	34848608	34848793	18560
17	34849748	34849869	7899
17	34851036	34851277	20655
17	34851994	34852292	31401
17	34854075	34854436	19003
17	34854900	34855021	10345
17	34856448	34856854	22499
17	34856870	34857111	12368
17	34858913	34859108	17102
17	34859757	34859880	3408
17	34860952	34861309	26562
17	34862249	34862490	19648
17	34862768	34863009	10523
17	34863173	34863414	19349
17	34863581	34863822	9104
17	34864876	34864997	6927
17	34866549	34866790	11862
17	34867187	34867308	5342
17	34869158	34869399	23045
17	34869458	34869579	7500
17	34870218	34870459	9768
17	34870929	34871050	13898
17	34871645	34871886	13818
17	34880994	34881235	15324
17	34883334	34883575	12495
17	34883842	34884056	11323
17	34888301	34888422	12951
17	34892926	34895151	124544
17	34900818	34900919	8228
17	34901443	34901679	5910
17	34901736	34901835	5800
17	34910639	34910760	11944
17	34912868	34913229	38856
17	34916600	34916721	8475
17	34923492	34923625	14811
17	34923701	34923801	4248
17	34931819	34931919	3386
17	34934284	34934634	16557
17	34935640	34935881	22998
17	34937749	34937990	5052
17	34941683	34941924	11611
17	34942211	34942673	18355
17	34943345	34943730	14111
17	34945322	34945422	6876
17	34945618	34945859	10093
17	34945874	34946143	19958
17	34946169	34946286	4091
17	34948391	34948632	357
17	34951354	34951625	19504
17	34953196	34953317	11244
17	34954547	34954698	14834
17	34955293	34955534	8044
17	34956054	34956205	9773
17	34956342	34956493	15440
17	34956550	34956751	14144
17	34958179	34958810	61175
17	34958937	34959088	8191
17	34964046	34964514	28007
17	34964613	34964884	14315
17	34969768	34969868	1951
17	35295458	35295699	13675
17	35297549	35297823	10386
17	35297834	35298457	38725
17	35299458	35299699	2941
17	35300015	35300478	5710
17	35306409	35306530	6269
17	35307458	35307729	21646
17	35310149	35310630	25881
17	35311017	35311258	11524
17	35343851	35344092	25163
17	35345797	35346038	7715
17	35346476	35346747	19491
17	35348053	35348174	8366
17	35350584	35350685	4963
17	35350823	35350923	7093
17	35376276	35376397	7732
17	35378181	35378332	8024
17	35388885	35389006	12146
17	35391026	35391126	12022
17	35413841	35413992	9366
17	35441903	35442004	2228
17	35442691	35442792	8781
17	35443732	35443833	4519
17	35443986	35444087	12094
17	35444191	35444432	15044
17	35445789	35446060	17427
17	35452231	35452331	2820
17	35453894	35454135	7427
17	35454690	35454961	28923
17	35468456	35468588	5001
17	35469990	35470231	8230
17	35478193	35478464	10072
17	35479409	35479560	9636
17	35482605	35482726	2313
17	35486199	35486470	7218
17	35486921	35487192	16454
17	35495652	35495853	14051
17	35497544	35497781	14610
17	35497864	35498188	19520
17	35500779	35500900	10405
17	35503501	35503601	4289
17	35506751	35506908	7349
17	35508164	35508405	5020
17	35512592	35512713	5405
17	35518648	35519009	21123
17	35532975	35533075	5435
17	35536152	35536393	11494
17	35538098	35538339	18173
17	35545167	35545438	41551
17	35548017	35548258	22422
17	35549017	35549258	15612
17	35550274	35550395	5332
17	35557042	35557163	6347
17	35557306	35557457	3014
17	35562669	35562796	4857
17	35563683	35563804	3252
17	35564521	35564762	19097
17	35567331	35567452	6930
17	35578582	35578823	10151
17	35580386	35580537	5822
17	35581880	35582036	7337
17	35583225	35583383	11756
17	35591830	35592071	18428
17	35597344	35597495	5428
17	35598857	35598979	2585
17	35600259	35600500	10463
17	35601455	35601696	18233
17	35601911	35602182	11802
17	35603695	35603936	23540
17	35604886	35605127	11610
17	35605496	35605617	754
17	35608891	35609044	4975
17	35609765	35610006	10893
17	35614585	35614826	8995
17	35615093	35615334	11500
17	35616215	35616486	16503
17	35620541	35620812	12922
17	35627632	35627762	6285
17	35631074	35631200	13458
17	35632801	35632952	10701
17	35633905	35634026	3692
17	35634779	35634908	15503
17	35640115	35640356	15992
17	35641653	35641924	11073
17	35646365	35646486	9048
17	35656169	35656290	3267
17	35687057	35687418	19970
17	35692283	35692404	10959
17	35696725	35696846	14561
17	35733002	35733123	4359
17	35734798	35734919	2025
17	35736036	35736377	5450
17	35742883	35743124	14180
17	35745545	35745786	32532
17	35746117	35746348	12910
17	35748577	35748699	9888
17	35766279	35766545	14257
17	35771395	35771519	5416
17	35783438	35783559	10116
17	35783599	35783725	6177
17	35787017	35787138	4187
17	35797793	35797944	23178
17	35800563	35800804	18616
17	35802647	35802768	7126
17	35804765	35804886	6107
17	35818580	35818731	4507
17	35822142	35822263	5870
17	35825525	35825741	12034
17	35827532	35827653	4907
17	35830448	35830689	11454
17	35831128	35831279	6084
17	35834636	35834757	5123
17	35836873	35837114	8885
17	35872281	35873604	71032
17	35878708	35878809	5863
17	35878957	35879228	9444
17	35880238	35880359	4354
17	35880604	35880761	6883
17	35889868	35889969	1416
17	35896033	35896274	19920
17	35898412	35898533	2418
17	35899259	35899380	6378
17	35900442	35900683	22258
17	35902064	35902677	30025
17	35913191	35914171	85134
17	35921266	35921387	7692
17	35921510	35921751	15062
17	35928838	35929079	10625
17	35930678	35931039	11801
17	35931866	35932107	15541
17	35936386	35936537	6749
17	35937468	35937721	13600
17	35939197	35939558	13712
17	35944569	35944930	14719
17	35945423	35945548	5271
17	35946440	35946711	12801
17	35956209	35956450	16547
17	35960368	35960637	10651
17	35969303	35969424	36
17	35973816	35973916	7526
17	35974308	35974429	5848
17	35978321	35978442	13077
17	35979787	35979908	2596
17	35980894	35981015	6763
17	35981125	35981366	10262
17	35981382	35981623	5545
17	35984343	35984494	5075
17	35985921	35986162	16977
17	35986778	35986929	6528
17	35988595	35988726	5201
17	35990010	35990251	11553
17	35992114	35992355	20552
17	35993261	35993481	10613
17	36002116	36002357	20516
17	36003314	36003465	10234
17	36047323	36047444	6716
17	36058989	36059260	28200
17	36060963	36061204	10124
17	36064868	36065109	30395
17	36070439	36070710	22961
17	36088699	36088799	5544
17	36090052	36090152	9858
17	36091430	36091831	23287
17	36093500	36093861	26593
17	36099409	36099650	33500
17	36104492	36104885	39461
17	36207005	36207106	4332
17	36213920	36214127	8972
17	36214741	36214848	3581
17	36233821	36233931	4020
17	36243557	36243658	6109
17	36248500	36248601	3932
17	36283922	36284163	49358
17	36285519	36285640	106306
17	36285760	36285881	154801
17	36287106	36287255	75443
17	36287648	36287770	74448
17	36288126	36288367	217129
17	36288564	36288805	205908
17	36289956	36290078	98248
17	36290524	36290766	91001
17	36291404	36291527	137999
17	36291870	36291991	66042
17	36292416	36292538	119625
17	36292833	36293094	213645
17	36293972	36294700	277852
17	36299460	36299561	6956
17	36314028	36314128	21803
17	36318493	36318601	44598
17	36328625	36328725	18296
17	36332763	36332863	4024
17	36334214	36334315	21459
17	36337924	36338652	269290
17	36339530	36339791	236624
17	36340086	36340208	122884
17	36340633	36340754	62336
17	36341097	36341220	132705
17	36341858	36342100	93981
17	36342546	36342668	86581
17	36343819	36344060	195025
17	36344257	36344498	68668
17	36344854	36344976	86455
17	36345369	36345519	65513
17	36346743	36346864	158468
17	36346984	36347105	113254
17	36348461	36348702	105192
17	36351905	36352026	18154
17	36352351	36352594	19013
17	36353562	36353803	56055
17	36357094	36357337	41182
17	36358066	36358203	15053
17	36358286	36358407	31120
17	36358841	36359073	83793
17	36361650	36361870	22540
17	36364994	36365235	54935
17	36375077	36375198	12945
17	36398198	36398320	26403
17	36412844	36413260	29051
17	36453091	36453242	20851
17	36454382	36454623	22230
17	36455254	36455495	11468
17	36462487	36462608	11862
17	36474548	36474669	8254
17	36476425	36476696	14560
17	36477944	36478215	20928
17	36478373	36478494	6776
17	36482296	36487466	464124
17	36489055	36489326	9926
17	36489806	36489958	11989
17	36490504	36490775	12562
17	36490823	36491214	15773
17	36491464	36491593	4065
17	36491901	36492052	5368
17	36492851	36493106	13938
17	36493468	36493619	6055
17	36495290	36495421	10863
17	36498824	36499695	45346
17	36507935	36508925	18890
17	36517564	36517685	7101
17	36520595	36520749	5715
17	36521180	36521302	2950
17	36522113	36522354	14463
17	36523727	36523968	13695
17	36533482	36533723	16867
17	36551508	36551749	14278
17	36552009	36552285	14806
17	36555855	36556036	7463
17	36613611	36613712	16610
17	36614345	36614507	8610
17	36617112	36617212	3910
17	36619084	36619199	5498
17	36619347	36619448	8647
17	36619545	36619646	6854
17	36622407	36623601	58769
17	36625341	36625582	26303
17	36625699	36625940	24995
17	36626055	36626176	7142
17	36628054	36628295	36733
17	36633774	36634165	27409
17	36635646	36635767	15577
17	36635937	36636178	16882
17	36638202	36638428	17825
17	36638720	36638961	20519
17	36642280	36642401	8329
17	36646318	36646439	11031
17	36646686	36646807	21305
17	36647589	36647830	38884
17	36653986	36654107	12152
17	36654642	36654763	8947
17	36655134	36655291	5096
17	36656804	36656904	2780
17	36666179	36667209	2854
17	36667295	36667416	4305
17	36687402	36687541	2153
17	36687569	36687771	483
17	36688066	36688182	4821
17	36688596	36688697	5764
17	36689477	36689718	2571
17	36699318	36699418	3941
17	36700009	36700250	18545
17	36701109	36701694	30517
17	36703994	36704117	694
17	36704747	36704988	13219
17	36705247	36705488	14615
17	36707326	36707687	14546
17	36707982	36708424	19654
17	36708635	36708876	15856
17	36708904	36709145	23602
17	36714429	36714670	25515
17	36715793	36716034	822
17	36716250	36716383	8134
17	36716553	36716674	7719
17	36717671	36718595	4882
17	36719048	36719169	8394
17	36719536	36720033	22994
17	36720330	36720571	5813
17	36724407	36724528	7346
17	36731122	36731272	1939
17	36734713	36735094	7992
17	36752300	36752401	6879
17	36760731	36760855	6336
17	36761897	36761997	613
17	36829577	36831188	8222
17	36861876	36862004	7122
17	36863181	36863302	5288
17	36863674	36863825	4358
17	36864006	36864135	5609
17	36865394	36865545	6916
17	36865720	36865841	8224
17	36868062	36868303	11218
17	36868901	36869052	6276
17	36869163	36869404	8522
17	36871819	36872203	36275
17	36872535	36873286	54632
17	36873624	36873925	22253
17	36874088	36874216	10145
17	36875741	36875862	10584
17	36875954	36876195	1942
17	36876599	36876832	14710
17	36876864	36877108	19522
17	36878063	36878497	2303
17	36878914	36879035	3322
17	36880804	36881263	26679
17	36881739	36881890	6013
17	36882163	36882264	5902
17	36882497	36882598	8329
17	36882826	36882927	3201
17	36883080	36883181	3808
17	36883220	36883320	6912
17	36883423	36883524	8523
17	36885037	36885138	17690
17	36885748	36886074	9648
17	36886585	36886685	0
17	36886980	36887080	3686
17	36887572	36887693	5767
17	36889528	36889709	8377
17	36890409	36890509	3751
17	36890513	36890614	3228
17	36890862	36890990	3944
17	36891236	36891374	13820
17	36891423	36891904	51269
17	36892321	36892442	4044
17	36894592	36894713	9857
17	36894721	36894872	3488
17	36894968	36895124	5238
17	36895254	36895538	14942
17	36895795	36895946	12282
17	36896534	36896695	7558
17	36899892	36899993	2760
17	36904127	36904228	8194
17	36904448	36904561	137
17	36908989	36909140	4513
17	36909373	36909614	15730
17	36912126	36912253	9566
17	36916651	36916892	13342
17	36918619	36918770	9480
17	36920304	36920455	7143
17	36922066	36922230	7329
17	36922659	36922759	5907
17	36922813	36922997	12158
17	36923651	36923804	1143
17	36925119	36925220	2818
17	36925871	36926043	12990
17	36926679	36926802	11351
17	36927218	36927579	46727
17	36933905	36934063	17063
17	36934514	36934665	8133
17	36935557	36935828	17818
17	36936659	36936900	16379
17	36940482	36940603	7089
17	36943063	36943184	11881
17	36955475	36955687	19802
17	36958226	36958521	10421
17	36958912	36959153	21035
17	36962537	36962658	9428
17	36963002	36963243	19795
17	36965925	36966046	5158
17	36966680	36966858	6090
17	36969021	36969142	10414
17	36971050	36971411	12187
17	36977118	36977359	18836
17	36981366	36981487	6318
17	36991369	36991640	21943
17	36993382	36993503	11013
17	36997417	36997658	8273
17	37004182	37004320	4303
17	37006355	37006477	3194
17	37006605	37006738	6986
17	37008769	37009376	35641
17	37009428	37009549	5677
17	37009691	37009812	5129
17	37009865	37010016	2667
17	37026385	37026536	9089
17	37034324	37034445	8131
17	37046653	37046774	4226
17	37054655	37054782	6984
17	37070531	37070772	13041
17	37071256	37071409	24970
17	37074793	37075125	25033
17	37076666	37076767	6870
17	37077064	37077164	10935
17	37077505	37077606	4210
17	37077751	37077851	1545
17	37093364	37093592	6622
17	37094784	37095025	15145
17	37098980	37099221	12750
17	37099794	37100035	10401
17	37101179	37101420	9807
17	37107824	37107952	4000
17	37111086	37111207	2164
17	37113406	37113527	8219
17	37118093	37118334	21543
17	37119066	37119307	8200
17	37134478	37134931	16399
17	37135605	37135705	3659
17	37136825	37136926	6282
17	37137075	37137230	4620
17	37141253	37141353	3111
17	37141415	37141520	1135
17	37141714	37141895	13448
17	37142007	37142171	4437
17	37142485	37142586	8119
17	37143943	37144411	35949
17	37183826	37184049	14417
17	37186149	37186885	59564
17	37187625	37188706	199723
17	37190408	37190508	21544
17	37198714	37198814	12818
17	37199441	37199542	26937
17	37200133	37200233	2792
17	37219674	37219799	2830
17	37224001	37224272	16611
17	37226067	37226308	14043
17	37228659	37228780	4666
17	37234112	37234353	22777
17	37235295	37235446	7404
17	37235676	37235797	8451
17	37237192	37237561	10719
17	37239661	37239812	7525
17	37243816	37243967	7164
17	37253147	37253268	10597
17	37262065	37262216	6568
17	37263587	37264037	13537
17	37264285	37264556	14915
17	37265130	37265251	6367
17	37265451	37265692	27119
17	37287944	37288305	34081
17	37295874	37296115	16458
17	37307591	37307712	146
17	37309243	37309344	8716
17	37313120	37313221	4291
17	37316790	37317031	20068
17	37317501	37317622	5086
17	37318926	37319157	15011
17	37321300	37321421	6054
17	37321930	37322051	8779
17	37330121	37330377	19747
17	37330438	37330539	5091
17	37330545	37330716	5978
17	37331096	37331197	7985
17	37331304	37331920	13950
17	37333461	37333822	42715
17	37334223	37334344	3739
17	37339913	37340161	8748
17	37340247	37340403	7866
17	37340545	37340666	3241
17	37340985	37341136	6224
17	37341301	37341443	3734
17	37342158	37342399	7357
17	37342719	37342846	16192
17	37342962	37343233	15394
17	37343682	37343902	16002
17	37347675	37347906	25373
17	37351088	37351239	11657
17	37353645	37353766	4438
17	37356538	37356659	12750
17	37357427	37357582	12500
17	37358509	37358750	14645
17	37359150	37359421	17202
17	37360293	37360450	13724
17	37360718	37360959	15257
17	37366754	37366982	17394
17	37367881	37368012	6345
17	37368535	37368659	2577
17	37369165	37369436	8927
17	37369724	37369875	5356
17	37370443	37370594	7792
17	37371017	37371138	3968
17	37371148	37371299	9500
17	37371361	37371493	4614
17	37373046	37373167	5365
17	37373316	37373437	4979
17	37374061	37374452	10127
17	37381649	37381770	8413
17	37416879	37416979	1644
17	37417074	37417175	7208
17	37417222	37417323	6455
17	37417358	37417459	7421
17	37417525	37417626	4704
17	37417675	37417830	6193
17	37420412	37420653	19247
17	37421616	37421737	5602
17	37425040	37425161	5084
17	37427017	37427138	6627
17	37431166	37431407	8187
17	37433161	37433271	1981
17	37433593	37433769	5522
17	37437587	37437738	2549
17	37438893	37439164	11783
17	37441717	37441838	7360
17	37453352	37453473	5783
17	37455228	37455349	4978
17	37457229	37457350	3670
17	37459803	37459924	2437
17	37499402	37499523	6784
17	37499727	37499828	5278
17	37557533	37557699	24064
17	37557786	37557887	1052
17	37561484	37561605	3517
17	37563233	37563357	4031
17	37563696	37567024	219722
17	37571269	37571394	10671
17	37571483	37571604	4453
17	37575949	37576190	14480
17	37579517	37579758	13871
17	37579890	37580131	16550
17	37580870	37581001	9340
17	37583937	37584058	3074
17	37587343	37587464	7532
17	37588170	37588291	9821
17	37590476	37590597	4756
17	37595370	37595491	3553
17	37596553	37596962	18046
17	37599750	37599901	4576
17	37604041	37604167	7452
17	37607211	37607362	10419
17	37607413	37607578	8074
17	37618276	37619387	63144
17	37627092	37628053	49073
17	37646746	37647017	6073
17	37648960	37649193	3205
17	37650719	37650957	7029
17	37657476	37657717	18487
17	37665924	37666045	4706
17	37667771	37667893	5007
17	37671961	37672082	2908
17	37673629	37673870	61361
17	37676153	37676394	16153
17	37680911	37681152	12250
17	37682071	37682582	11221
17	37686821	37687579	30443
17	37688062	37688182	6758
17	37759990	37760091	8840
17	37760141	37760242	15700
17	37760479	37760579	9259
17	37760623	37760988	6341
17	37761442	37761578	1724
17	37761642	37762863	30847
17	37775988	37776111	4289
17	37778061	37778182	11666
17	37778307	37778541	9324
17	37783624	37783745	1411
17	37785391	37785542	5059
17	37785742	37785863	6040
17	37786126	37786367	12986
17	37790065	37790421	11530
17	37791768	37792153	12607
17	37792671	37792771	3905
17	37809742	37810013	14952
17	37813238	37813359	9920
17	37813975	37814126	8530
17	37814191	37814312	4881
17	37814565	37814836	11158
17	37814961	37815083	2421
17	37815240	37815391	9235
17	37815668	37815819	6538
17	37816403	37816554	7418
17	37816640	37816791	10036
17	37817011	37817162	11328
17	37817194	37817348	11419
17	37818489	37818610	8565
17	37819047	37819235	9036
17	37821576	37821732	4110
17	37821924	37822405	97033
17	37824708	37824949	1722
17	37825864	37826105	30855
17	37826151	37826662	45538
17	37829026	37829147	2891
17	37829284	37829525	12877
17	37829683	37829954	16147
17	37830215	37830336	7924
17	37830839	37830960	5033
17	37840774	37841045	16191
17	37842162	37842283	5765
17	37844055	37844296	4199
17	37856466	37856587	989
17	37863197	37863438	20740
17	37864529	37864800	18891
17	37865486	37865757	10942
17	37866038	37866159	4287
17	37866275	37866783	11420
17	37868089	37868757	58613
17	37871484	37871635	7631
17	37871652	37871803	8619
17	37871941	37872212	10535
17	37872498	37872739	11765
17	37872751	37872872	6563
17	37873501	37873772	9098
17	37875972	37876123	21492
17	37879519	37879971	22071
17	37880122	37880273	4614
17	37880950	37881191	21105
17	37881258	37881499	14610
17	37881526	37881677	7198
17	37881911	37882152	10731
17	37882802	37882923	6024
17	37883040	37883281	4590
17	37883492	37883853	9989
17	37883908	37884307	21821
17	37885725	37885876	15581
17	37885884	37886035	8166
17	37886421	37886555	8418
17	37886642	37886763	310
17	37898480	37898751	13718
17	37898772	37899013	6896
17	37899107	37899744	46086
17	37900270	37900511	15253
17	37900796	37900926	9418
17	37901096	37901247	4940
17	37901474	37901595	10607
17	37901611	37901852	12656
17	37901919	37902070	14287
17	37902118	37902269	10827
17	37902317	37902468	12821
17	37902925	37903196	31631
17	37903434	37903535	7723
17	37922033	37922756	60231
17	37933840	37934081	27097
17	37934137	37934263	5845
17	37944501	37944688	3956
17	37947631	37947872	12131
17	37948874	37949235	20289
17	37985599	37985751	7688
17	37988316	37988437	3166
17	37991819	37992255	24929
17	38020284	38020435	10871
17	38024424	38024525	2596
17	38024542	38024693	5348
17	38024743	38024894	6050
17	38026888	38027129	20785
17	38027676	38027917	7619
17	38028510	38028751	7958
17	38029276	38029397	10637
17	38031475	38031716	11123
17	38032877	38033118	18677
17	38033300	38033401	2569
17	38060989	38061260	13051
17	38061652	38061773	5986
17	38062017	38062288	18059
17	38062292	38062563	19064
17	38063135	38063286	3013
17	38064392	38064513	4985
17	38065161	38065312	14154
17	38065941	38066212	19024
17	38068513	38068784	19734
17	38073325	38073579	17396
17	38077285	38077415	6492
17	38078378	38078479	2790
17	38078719	38078990	10957
17	38079289	38079560	16320
17	38080263	38080489	10633
17	38097739	38097840	9381
17	38099714	38099835	6454
17	38100186	38100983	29309
17	38101023	38101144	3593
17	38121926	38122167	10829
17	38122480	38122721	12264
17	38126696	38126910	26858
17	38127763	38127884	6934
17	38128344	38128465	3599
17	38128791	38129010	14896
17	38130011	38130132	6573
17	38130475	38130722	7257
17	38131088	38131329	6878
17	38132152	38132273	3248
17	38133008	38133369	27313
17	38136964	38137472	17321
17	38140490	38140761	18036
17	38142745	38143016	19708
17	38144876	38145123	32115
17	38145965	38146206	8835
17	38146307	38146460	9574
17	38151142	38151608	22252
17	38151637	38151790	6914
17	38152393	38152633	11646
17	38153516	38153667	16064
17	38153704	38153855	10387
17	38154151	38154252	7862
17	38171686	38171807	13649
17	38171890	38172131	14557
17	38172476	38172603	6118
17	38172659	38172930	17943
17	38172978	38173249	23022
17	38173532	38173633	4930
17	38175688	38175959	22647
17	38175990	38176231	10498
17	38176504	38176750	15496
17	38178166	38178317	13947
17	38178630	38178751	9071
17	38178837	38179108	7427
17	38179304	38179695	24346
17	38182345	38182616	11259
17	38182888	38183009	10515
17	38183046	38183317	13677
17	38183585	38183736	11152
17	38183794	38183898	4564
17	38184119	38184240	3911
17	38184998	38185269	25651
17	38185991	38186122	17318
17	38187393	38187514	11973
17	38187740	38187891	4543
17	38188228	38188379	11952
17	38188892	38189025	2153
17	38189262	38189503	13894
17	38189562	38189719	9262
17	38191146	38191302	17682
17	38191334	38191612	25714
17	38191950	38192071	3798
17	38192326	38192447	10331
17	38209530	38209926	18577
17	38219207	38219308	64
17	38230706	38230827	5052
17	38233066	38233217	5840
17	38233749	38233871	8709
17	38240040	38240281	17524
17	38240814	38241085	12467
17	38242911	38243152	8013
17	38244412	38244803	17474
17	38245423	38245945	30774
17	38246126	38246289	9581
17	38249212	38249693	35203
17	38250118	38250389	13822
17	38251132	38251400	12130
17	38251657	38252378	29748
17	38252616	38252887	13910
17	38252926	38253047	4919
17	38253252	38253674	31082
17	38256270	38256391	9684
17	38256899	38257012	7863
17	38278808	38279705	4528
17	38282366	38282727	21265
17	38285123	38285360	3138
17	38285447	38285928	15349
17	38287472	38287598	4275
17	38287752	38287873	9680
17	38287977	38288078	3278
17	38288257	38288378	3661
17	38289267	38289388	5981
17	38289727	38289968	23518
17	38290054	38290175	8771
17	38290515	38290636	9490
17	38296697	38297042	4267
17	38297412	38297533	12751
17	38297780	38297931	21512
17	38303224	38303325	12555
17	38317963	38318432	15392
17	38318914	38319185	12120
17	38319685	38320436	29962
17	38323020	38323180	9937
17	38323686	38323927	24544
17	38324060	38324211	15873
17	38324441	38324682	17118
17	38325486	38325757	12935
17	38325801	38325922	7140
17	38327526	38327721	25906
17	38328164	38328441	31408
17	38334114	38334633	477
17	38337857	38337957	3112
17	38340391	38340662	15455
17	38340820	38340941	6689
17	38345082	38345240	10359
17	38345392	38345663	18782
17	38346673	38346794	10733
17	38346831	38347072	13756
17	38347535	38347768	713
17	38347817	38347938	3448
17	38348428	38348549	6664
17	38348810	38348961	12719
17	38349148	38349269	6174
17	38349550	38349701	8594
17	38349826	38350146	19917
17	38350156	38350256	4395
17	38350571	38350671	19359
17	38350802	38350902	5568
17	38351199	38351299	1865
17	38351808	38351944	14051
17	38412651	38412802	4578
17	38416737	38417065	25412
17	38418713	38418954	24175
17	38420678	38421459	28670
17	38430025	38430266	9498
17	38433294	38433446	6910
17	38434395	38434687	14157
17	38434730	38434831	9463
17	38435686	38435861	13252
17	38436794	38436894	3041
17	38437117	38437218	5469
17	38437906	38438038	5745
17	38438124	38438224	4844
17	38445610	38445881	22575
17	38447269	38447630	9240
17	38447669	38447940	10186
17	38449674	38449915	15383
17	38450192	38450318	13512
17	38450564	38450805	9857
17	38451220	38451344	4519
17	38451596	38451718	12264
17	38452936	38453073	12318
17	38453165	38453265	10793
17	38456582	38456682	2330
17	38457029	38457300	9521
17	38457638	38457909	17164
17	38458147	38458298	12778
17	38462585	38462686	4859
17	38468845	38468945	3098
17	38469404	38469505	1934
17	38473143	38473244	2907
17	38476470	38476780	11682
17	38479873	38480063	9295
17	38482030	38482156	3149
17	38487408	38487679	7069
17	38487946	38488117	6486
17	38493803	38493903	4945
17	38496480	38496580	4377
17	38496977	38500402	115667
17	38501376	38501476	7574
17	38502758	38502859	3809
17	38504490	38504761	10678
17	38505317	38505422	13052
17	38505955	38506226	16707
17	38507597	38507838	13291
17	38508090	38508361	7319
17	38508549	38508790	4316
17	38509664	38509803	1775
17	38510404	38510504	8487
17	38510534	38510775	20696
17	38511472	38511713	17553
17	38511986	38512087	6467
17	38512218	38513109	31051
17	38513170	38513270	10178
17	38513492	38513592	243
17	38516049	38516150	2271
17	38517225	38517443	7424
17	38519182	38520946	45381
17	38521244	38521345	5088
17	38544282	38544464	6433
17	38545358	38545513	10718
17	38545713	38545954	7356
17	38546195	38546436	13785
17	38547703	38547944	16849
17	38548280	38548651	13565
17	38548791	38549032	15529
17	38551684	38551805	4909
17	38552522	38552745	9839
17	38554790	38554911	7840
17	38554985	38555226	24827
17	38555276	38555397	4304
17	38556100	38556341	9049
17	38556439	38556680	9318
17	38556726	38556967	8033
17	38557036	38557397	12295
17	38559110	38559351	20726
17	38560343	38560805	12801
17	38561027	38561148	4735
17	38562569	38563008	16771
17	38563017	38563232	5918
17	38563742	38563983	9100
17	38564171	38564386	10016
17	38564684	38565045	27975
17	38565081	38565181	4007
17	38565602	38565895	6214
17	38566879	38566980	5124
17	38567308	38568113	42143
17	38568995	38569236	9141
17	38569343	38569613	12133
17	38569696	38569924	8498
17	38572227	38572348	5730
17	38572657	38572778	8487
17	38572948	38573189	21754
17	38573971	38574092	9629
17	38574338	38574459	9265
17	38599978	38600346	1344
17	38609164	38609435	21094
17	38610125	38610366	21636
17	38612616	38612887	10451
17	38633789	38634030	11252
17	38634510	38634631	6802
17	38634774	38634925	10678
17	38635888	38636129	14125
17	38636924	38637159	9355
17	38638328	38638479	4595
17	38638530	38638681	2966
17	38640650	38640918	8286
17	38641154	38641275	9293
17	38643228	38643739	28211
17	38644738	38645249	26724
17	38652216	38652697	16600
17	38710768	38710868	27634
17	38710900	38712131	69939
17	38715108	38715229	5538
17	38721565	38721716	6182
17	38783953	38784054	4857
17	38784253	38784354	2935
17	38784691	38784791	6925
17	38785019	38785260	20134
17	38786399	38786557	8887
17	38786949	38787190	25541
17	38787833	38787955	4765
17	38788411	38788652	13129
17	38792066	38792388	17757
17	38792591	38792832	17754
17	38793722	38793843	8563
17	38798628	38798911	18074
17	38801788	38801909	5344
17	38801979	38802123	4423
17	38804006	38804107	9429
17	38812644	38812892	13446
17	38813550	38813791	15172
17	38813902	38814023	8961
17	38816197	38816469	43972
17	38818080	38818351	18219
17	38821124	38821224	6376
17	38821242	38821404	10336
17	38854479	38854602	5628
17	38854754	38854912	4345
17	38855683	38855924	8939
17	38856191	38856674	49321
17	38857348	38857589	21527
17	38858082	38858203	4216
17	38859276	38859997	30153
17	38904492	38904648	9693
17	38905482	38905603	5262
17	38906589	38906860	20676
17	38907147	38907617	41204
17	38910038	38910309	10175
17	38910617	38910738	6936
17	38911067	38911549	38490
17	38922747	38922962	20380
17	38923810	38923931	8415
17	38925118	38925359	17729
17	38925947	38926413	52227
17	38926431	38926702	4491
17	38927356	38927507	6974
17	38927903	38928384	34971
17	38933199	38933589	13585
17	38933754	38933995	22041
17	38935695	38936152	22023
17	38936478	38936749	12099
17	38937419	38937540	4032
17	38938282	38938763	34789
17	38948628	38948869	13512
17	38949384	38949507	9350
17	38950068	38950309	21950
17	38953109	38953572	25848
17	38954443	38954684	6993
17	38955148	38955269	2766
17	38955679	38956160	21997
17	38974627	38974790	12838
17	38974981	38975530	14648
17	38975756	38975997	20040
17	38976242	38976714	19335
17	38976719	38976960	20537
17	38977266	38977387	11183
17	38978195	38978909	59569
17	38990709	38992527	93477
17	39017900	39018021	3259
17	39018790	39018911	12224
17	39019333	39019605	11962
17	39019678	39020144	31171
17	39020984	39021255	19401
17	39022356	39022507	3587
17	39022853	39023454	19381
17	39032600	39032721	11032
17	39033589	39033710	6460
17	39034355	39034627	28804
17	39035976	39036200	13215
17	39036311	39036552	14241
17	39036822	39037063	13181
17	39038803	39038924	6610
17	39041001	39041482	45507
17	39079226	39079347	8407
17	39080678	39080799	3508
17	39081594	39081836	17163
17	39084429	39084898	36282
17	39086148	39086389	26564
17	39087604	39087725	6413
17	39092416	39092897	34838
17	39114800	39115161	24385
17	39116521	39116763	11630
17	39118355	39118596	13471
17	39118613	39118854	12539
17	39119835	39120076	20736
17	39120677	39120798	15601
17	39122631	39123118	47848
17	39134437	39134558	6487
17	39135044	39135286	19316
17	39136978	39137442	22060
17	39138515	39138756	15159
17	39139281	39139402	4284
17	39140060	39140541	34646
17	39150019	39150386	42799
17	39155775	39156147	36067
17	39164996	39165367	14717
17	39182843	39183455	85206
17	39185906	39186387	48212
17	39190520	39191121	74621
17	39197081	39197714	81596
17	39203028	39203573	90663
17	39210968	39211517	56656
17	39215867	39216367	48854
17	39221662	39222151	46148
17	39240389	39241394	174882
17	39253764	39254394	133358
17	39257744	39258471	88448
17	39261571	39262741	226423
17	39273966	39274613	211833
17	39279754	39280420	162201
17	39296107	39296775	239434
17	39305459	39306089	165944
17	39316217	39316992	177006
17	39323775	39324492	110664
17	39333939	39334465	131434
17	39340617	39341595	137244
17	39344643	39344764	2482
17	39346093	39346934	188092
17	39382867	39383905	254335
17	39388692	39389707	209336
17	39394242	39395257	209820
17	39405933	39406906	224250
17	39411591	39412617	169587
17	39421569	39422894	55566
17	39427517	39427772	1860
17	39427891	39428012	386
17	39431903	39432950	122670
17	39458049	39459130	54088
17	39463887	39465568	95030
17	39471438	39471948	20776
17	39502308	39502549	15894
17	39502688	39502930	21941
17	39503037	39503513	56281
17	39504691	39504932	23461
17	39505577	39505698	13024
17	39506634	39507029	56158
17	39520025	39520266	21466
17	39521019	39521261	20271
17	39521368	39521844	58255
17	39522678	39522919	14723
17	39524150	39524281	8376
17	39525645	39526015	49000
17	39533881	39533982	2060
17	39534293	39534414	3719
17	39535196	39535438	37747
17	39535546	39536022	69503
17	39537264	39537505	26904
17	39537944	39538065	5256
17	39538141	39538634	66469
17	39550193	39550464	10736
17	39551088	39551330	22961
17	39551438	39551914	52076
17	39552598	39552869	22646
17	39553144	39553265	5457
17	39553406	39553807	45601
17	39556629	39556730	3155
17	39563646	39563867	22983
17	39564220	39564346	7139
17	39564884	39565041	8916
17	39566098	39566199	16318
17	39567598	39567995	32814
17	39577120	39577248	8651
17	39577607	39577849	26895
17	39578262	39578725	45412
17	39578986	39579227	18894
17	39580002	39580123	7140
17	39580228	39580829	51867
17	39593607	39593848	9988
17	39594333	39594575	29540
17	39594684	39595149	46309
17	39595411	39595652	17909
17	39596392	39596513	6865
17	39596626	39597227	46621
17	39616275	39616546	35167
17	39619070	39619312	17340
17	39620271	39620734	20240
17	39621983	39622222	15557
17	39622295	39622446	7168
17	39623072	39623587	46604
17	39633045	39633146	3599
17	39633230	39633501	10800
17	39633758	39634000	25610
17	39634524	39634795	17160
17	39635015	39635286	16668
17	39635589	39635799	20119
17	39635893	39636044	14824
17	39636864	39637359	36905
17	39642574	39642845	9809
17	39643160	39643432	19732
17	39643514	39643785	23919
17	39643787	39644005	15198
17	39644451	39644692	11435
17	39644843	39644994	6104
17	39645404	39645540	2731
17	39645645	39646126	35002
17	39648520	39648641	5550
17	39657498	39657645	8157
17	39657912	39658043	4596
17	39658584	39658856	18833
17	39658880	39659389	23785
17	39659465	39659736	17259
17	39659874	39660025	7617
17	39661286	39661847	71036
17	39670232	39670383	4075
17	39670852	39670973	3326
17	39671712	39671954	14924
17	39672048	39672556	33910
17	39673016	39673435	35412
17	39673594	39673715	4407
17	39674559	39675127	68340
17	39679910	39680301	22784
17	39680306	39680831	32528
17	39681021	39681292	22634
17	39681392	39681543	7114
17	39684048	39684529	74681
17	39722343	39722444	1737
17	39723390	39724084	95070
17	39724374	39724647	30617
17	39724671	39724942	25997
17	39725650	39725878	8816
17	39726067	39726308	7956
17	39726339	39726490	9385
17	39727550	39728296	66716
17	39738674	39738795	16021
17	39739277	39739428	10223
17	39739445	39739717	37842
17	39739744	39740212	55429
17	39740465	39740706	24599
17	39741206	39741327	10882
17	39742538	39743154	148032
17	39766142	39766293	16378
17	39766373	39766524	8801
17	39766571	39766813	23477
17	39767017	39767521	46851
17	39767553	39767794	28021
17	39767870	39767991	22688
17	39768386	39769008	166551
17	39775801	39776037	41071
17	39776707	39776858	12678
17	39776869	39777141	23589
17	39777159	39777400	22268
17	39777774	39778045	39086
17	39778562	39778804	42895
17	39779151	39779302	22788
17	39780299	39780785	93301
17	39781042	39781143	14428
17	39783016	39783116	8933
17	39784126	39784358	31927
17	39785317	39785465	18723
17	39786648	39786749	14346
17	39786775	39786896	10489
17	39791478	39791719	13350
17	39794891	39795012	6777
17	39795540	39795661	7084
17	39845239	39845365	8621
17	39845960	39846231	13534
17	39846329	39846451	10961
17	39846994	39847287	18090
17	39847667	39847895	10141
17	39871642	39871913	14569
17	39871985	39872136	9594
17	39874173	39874294	9687
17	39879715	39879816	10674
17	39880496	39880596	10499
17	39880908	39881419	28917
17	39882038	39882189	8336
17	39883289	39883410	4611
17	39883506	39883747	15528
17	39883989	39884110	8538
17	39884366	39884637	21455
17	39887686	39887837	15516
17	39887851	39888005	7970
17	39888179	39888683	41519
17	39888907	39889060	8188
17	39890408	39890896	8301
17	39910843	39910944	3535
17	39911188	39911289	8126
17	39911920	39912191	11597
17	39912385	39912506	2106
17	39913634	39914080	30486
17	39914589	39914830	11553
17	39914893	39915164	13754
17	39919222	39919583	29667
17	39920925	39921078	12474
17	39921095	39921366	12535
17	39923610	39923851	14515
17	39925158	39925519	31275
17	39925618	39925979	33456
17	39927881	39928122	19183
17	39958160	39958261	1324
17	39959158	39959309	2501
17	39959489	39959730	11338
17	39962998	39963149	7599
17	39964032	39964303	11730
17	39965900	39966141	8754
17	39967049	39967320	19537
17	39967338	39967579	16136
17	39967695	39968394	6332
17	39968588	39968688	4622
17	39969226	39969590	8247
17	39973261	39973502	10460
17	39974314	39974555	10708
17	39974585	39974826	11806
17	39975405	39975676	16164
17	39975733	39975974	9014
17	39976032	39976285	9681
17	39976495	39976736	11736
17	39977148	39977362	16307
17	39977836	39978107	21357
17	39978446	39978687	8291
17	39981417	39981518	5918
17	39981720	39981961	14955
17	39983626	39983897	14704
17	39984971	39985242	18631
17	39987006	39987157	8728
17	39988625	39988746	12913
17	39991283	39991404	6327
17	39991428	39991549	6211
17	39992092	39992213	1218
17	39992326	39992445	78
17	39994130	39994401	14019
17	39998018	39998619	45401
17	40001295	40002046	40787
17	40003466	40003707	16743
17	40004130	40004641	40556
17	40009941	40011622	105647
17	40021026	40021633	50463
17	40023312	40023413	5819
17	40023637	40023738	4036
17	40023758	40023859	3296
17	40024006	40024169	6810
17	40024938	40025059	3424
17	40025245	40025396	7196
17	40025717	40025850	6655
17	40027906	40028133	18746
17	40028238	40028479	11834
17	40029989	40030260	10969
17	40034341	40034462	5244
17	40034962	40035233	8394
17	40039365	40039495	3233
17	40040435	40040556	8619
17	40042311	40042582	17618
17	40043842	40043966	10463
17	40048494	40048735	11255
17	40049205	40049476	12170
17	40052796	40052947	4201
17	40053955	40054106	12112
17	40054809	40055080	21861
17	40057856	40058127	9526
17	40060951	40061072	7681
17	40061721	40061962	17432
17	40062718	40062959	13204
17	40063638	40063879	8995
17	40065220	40065341	3379
17	40065702	40065977	24974
17	40066444	40066565	6155
17	40068612	40068853	7111
17	40069895	40070166	29682
17	40075132	40075267	5416
17	40086912	40087133	16079
17	40091414	40091655	9847
17	40091805	40092046	18119
17	40092695	40092816	3133
17	40092976	40093217	6852
17	40094740	40095101	11622
17	40095200	40095441	8551
17	40099414	40101126	87753
17	40101373	40101496	6893
17	40101679	40101797	2621
17	40102055	40102251	4193
17	40102276	40102431	3889
17	40103595	40103696	6348
17	40104607	40104728	2637
17	40105494	40105690	4246
17	40106992	40107149	12856
17	40107163	40107404	15981
17	40113380	40113501	5753
17	40116959	40117555	17117
17	40118842	40118963	327
17	40120030	40120784	62677
17	40123858	40124099	13227
17	40125446	40125957	28276
17	40126118	40126219	7288
17	40127297	40127420	4404
17	40128450	40128586	8681
17	40128646	40128829	16311
17	40129248	40129369	3166
17	40129633	40129733	4997
17	40133827	40134068	7461
17	40134224	40134465	17606
17	40135556	40135677	12472
17	40139612	40139712	3826
17	40139821	40139942	8293
17	40140710	40140951	17391
17	40141377	40141618	13492
17	40142219	40142460	14457
17	40146863	40146984	9727
17	40148301	40148505	11567
17	40149073	40149314	10784
17	40152482	40152603	15697
17	40169319	40169661	14908
17	40173581	40173702	3970
17	40173823	40173952	3662
17	40174356	40174717	11570
17	40175610	40175971	28084
17	40177006	40177159	11226
17	40177269	40177370	6796
17	40177591	40177691	5621
17	40178585	40178712	10617
17	40178851	40179212	27782
17	40179626	40179756	8716
17	40180004	40180275	4511
17	40180766	40181127	17385
17	40183598	40183839	18117
17	40186176	40186417	7650
17	40189707	40189948	17893
17	40191763	40193207	61346
17	40194851	40195394	33504
17	40205801	40205922	2241
17	40213838	40214319	36621
17	40214768	40215129	25915
17	40253750	40253991	10383
17	40254190	40254341	13620
17	40255569	40255840	15653
17	40256713	40257230	21473
17	40257669	40258017	8651
17	40259596	40259837	12957
17	40259978	40260182	7549
17	40261266	40261465	8394
17	40262684	40262955	24840
17	40263263	40263534	13270
17	40263675	40263946	15310
17	40265121	40265221	1981
17	40265612	40265883	15953
17	40266008	40266130	7783
17	40266177	40266328	6700
17	40266332	40266684	25966
17	40266860	40267101	17964
17	40267731	40267861	11775
17	40268964	40269235	11696
17	40269358	40269629	11456
17	40269642	40269883	10709
17	40269888	40270045	6626
17	40270276	40270431	4846
17	40271207	40271478	27289
17	40271494	40271765	17216
17	40272031	40272152	5893
17	40272164	40272435	13398
17	40272634	40272905	21147
17	40272948	40273424	883
17	40274807	40275408	28500
17	40276993	40277093	2014
17	40277112	40277213	1957
17	40277540	40277978	32697
17	40278758	40278879	29031
17	40280188	40280459	23909
17	40280591	40280862	8715
17	40282316	40282608	9280
17	40283579	40283680	5716
17	40312014	40312495	44198
17	40314211	40314362	7356
17	40315207	40315362	9874
17	40315588	40315986	12511
17	40316105	40316226	4028
17	40317377	40317768	29060
17	40318258	40318619	15336
17	40321473	40321714	19133
17	40322070	40322341	18564
17	40323758	40324145	30582
17	40327524	40327795	17192
17	40327982	40328373	19699
17	40330030	40330541	32134
17	40330801	40331054	18850
17	40332834	40332985	5130
17	40336152	40336556	1715
17	40337311	40337432	10301
17	40341708	40341949	9551
17	40342154	40342378	13229
17	40342587	40342945	15999
17	40342980	40343251	6571
17	40344178	40344809	32136
17	40344833	40345104	13544
17	40345324	40345609	7346
17	40351169	40351270	2503
17	40352159	40352260	5551
17	40352479	40352580	2157
17	40353392	40353585	10549
17	40353595	40353938	18126
17	40354348	40354475	8058
17	40354709	40354860	16291
17	40359542	40359780	15118
17	40362132	40362373	13286
17	40362406	40362527	5701
17	40363983	40364224	14751
17	40367986	40368137	4444
17	40369168	40369358	7967
17	40369377	40369498	8267
17	40370137	40370378	15163
17	40370697	40370938	18784
17	40371284	40371525	17686
17	40371673	40371914	61835
17	40375335	40375606	18769
17	40376780	40376901	10599
17	40379473	40379744	8170
17	40383960	40384201	21983
17	40441372	40441613	23528
17	40441840	40442081	10062
17	40443973	40444094	7095
17	40447602	40447834	13848
17	40451712	40451954	60700
17	40452102	40452343	17243
17	40452689	40452930	22019
17	40453261	40453502	19716
17	40456342	40456463	5664
17	40456487	40456728	14046
17	40457582	40457733	16995
17	40458240	40458482	14633
17	40459405	40459526	10637
17	40459554	40459795	12889
17	40460122	40460410	14580
17	40460999	40461180	28173
17	40461385	40461512	4805
17	40462484	40462725	8664
17	40463881	40463982	4503
17	40465304	40465404	4302
17	40465763	40465864	5553
17	40466271	40466371	6055
17	40466501	40466601	3295
17	40467261	40467362	3243
17	40467729	40467850	6773
17	40468575	40468929	12438
17	40469159	40469280	2899
17	40474284	40474525	29733
17	40474940	40475211	20090
17	40475233	40475384	16172
17	40475525	40475676	5811
17	40476645	40476916	20654
17	40476938	40477089	8365
17	40478084	40478235	10081
17	40481360	40481511	10788
17	40481557	40481678	6375
17	40481688	40481839	5702
17	40483458	40483579	3643
17	40485675	40485796	7696
17	40485866	40486107	13421
17	40489377	40489648	10772
17	40489736	40489887	5328
17	40490728	40490849	3443
17	40491318	40491439	7250
17	40497564	40497685	6953
17	40498507	40498778	10746
17	40500319	40500590	9184
17	40550910	40551119	20601
17	40555503	40555603	8301
17	40556694	40557416	42895
17	40574635	40575151	20974
17	40612849	40613090	29644
17	40618424	40618545	7198
17	40619985	40620136	4522
17	40622050	40622314	14115
17	40629647	40629778	4793
17	40630392	40630663	23119
17	40632664	40632815	2730
17	40635041	40635162	7455
17	40639157	40639398	11555
17	40642463	40642688	8812
17	40646300	40646541	13703
17	40647007	40647248	29566
17	40647627	40647748	6554
17	40650879	40651120	19259
17	40652711	40652952	21742
17	40653205	40653332	11825
17	40654798	40654899	5969
17	40659500	40659739	14017
17	40660537	40660658	19873
17	40665816	40666057	27100
17	40666271	40666512	22090
17	40672405	40672679	13386
17	40673000	40673151	11556
17	40688212	40688739	588
17	40689368	40689609	17005
17	40690287	40690549	7819
17	40690639	40690790	4342
17	40692884	40693275	26790
17	40694959	40696310	111469
17	40698768	40698889	9097
17	40698934	40699175	24181
17	40699249	40699490	35636
17	40699609	40699730	12275
17	40700163	40700390	15312
17	40704839	40705666	97117
17	40705797	40705918	8816
17	40706390	40706631	18210
17	40706641	40707006	3852
17	40714406	40714527	7683
17	40714555	40715350	57820
17	40715964	40716649	41516
17	40716670	40716941	13316
17	40716971	40717092	11937
17	40717195	40717346	6626
17	40717476	40718014	28093
17	40719123	40719364	3805
17	40719563	40719714	15857
17	40720441	40720592	7201
17	40720845	40720971	7032
17	40721180	40721331	7104
17	40721513	40721634	7967
17	40721979	40722220	12747
17	40723501	40723652	6488
17	40723773	40723874	5447
17	40724419	40724520	4205
17	40724597	40724698	3240
17	40724952	40725073	4329
17	40725093	40725214	4725
17	40725264	40725415	11220
17	40725447	40725688	14744
17	40726081	40726238	14845
17	40729184	40729335	16277
17	40729437	40729592	12954
17	40729626	40729747	4657
17	40731492	40731635	9959
17	40731753	40731854	7946
17	40731872	40732090	15294
17	40732319	40732506	10264
17	40732588	40732688	4794
17	40733539	40733639	3078
17	40733705	40734299	20551
17	40734606	40734877	11865
17	40735495	40735616	10345
17	40737060	40737331	12473
17	40738021	40738172	5036
17	40738694	40738965	11707
17	40739805	40739926	4703
17	40744035	40744190	4987
17	40761041	40761402	33408
17	40761718	40761839	4022
17	40762116	40762248	12762
17	40762403	40762644	17469
17	40764065	40764186	8842
17	40764393	40764544	14115
17	40764906	40765147	22194
17	40765616	40765767	16449
17	40765820	40766061	14279
17	40766232	40766714	36691
17	40766809	40767293	26294
17	40811484	40811605	2158
17	40811842	40811974	6640
17	40812129	40812370	20430
17	40812599	40812750	5968
17	40814939	40815090	12796
17	40815336	40815542	13366
17	40817445	40817596	13270
17	40817649	40817890	14153
17	40818059	40818541	39599
17	40818598	40818839	17122
17	40819943	40820096	9684
17	40820111	40820352	18981
17	40821422	40821663	11392
17	40821737	40822405	18919
17	40822505	40822776	12432
17	40822928	40823199	17065
17	40823321	40823592	41110
17	40824091	40824420	12182
17	40825102	40825876	21502
17	40825930	40826051	9812
17	40826338	40826459	13726
17	40828049	40828167	2745
17	40828379	40828620	35506
17	40831501	40832685	23616
17	40833768	40833889	4822
17	40834819	40834940	14711
17	40835828	40835950	16739
17	40835999	40836270	11751
17	40836964	40837456	28663
17	40837945	40838186	26545
17	40838841	40839112	22031
17	40839687	40840048	29427
17	40840433	40840674	16549
17	40840828	40841099	11711
17	40841529	40841655	7607
17	40842056	40842285	15064
17	40842707	40842978	16301
17	40843081	40843585	23797
17	40843765	40844036	13616
17	40844506	40844748	14819
17	40845245	40845614	14997
17	40847504	40847902	23887
17	40847985	40848226	19598
17	40849253	40849404	7974
17	40849483	40849874	22467
17	40849883	40850004	10410
17	40850608	40850997	36687
17	40851072	40851172	7251
17	40851251	40851448	11781
17	40851490	40851590	3514
17	40851650	40851858	8651
17	40852289	40852389	3557
17	40853274	40853374	8342
17	40853461	40853562	11193
17	40854430	40854639	17815
17	40854845	40854996	4291
17	40855736	40855887	3662
17	40856569	40856720	5539
17	40857092	40857213	1338
17	40857962	40858233	17592
17	40859887	40860158	19723
17	40860822	40860973	8311
17	40861848	40861999	15922
17	40864253	40864524	24911
17	40865195	40865436	10659
17	40869978	40870099	10346
17	40870402	40870673	13963
17	40871112	40871235	15774
17	40872257	40872498	21847
17	40874751	40874992	9575
17	40876261	40876502	17213
17	40879565	40879806	10450
17	40880779	40881020	16000
17	40911714	40911955	17916
17	40912434	40912569	12373
17	40912629	40912750	7432
17	40912835	40913422	4328
17	40913793	40913944	8079
17	40914335	40914491	5055
17	40914531	40914922	16679
17	40925428	40925579	5889
17	40925672	40925943	10562
17	40926629	40926750	7491
17	40927351	40927502	8923
17	40928239	40928360	6297
17	40930939	40931097	13370
17	40931430	40931530	6021
17	40932634	40933385	30676
17	40934740	40934981	7341
17	40935830	40936185	27008
17	40936397	40936638	14566
17	40937097	40937218	8101
17	40937274	40937547	25894
17	40939246	40939607	13449
17	40939735	40939976	11773
17	40940085	40940486	21870
17	40940605	40940876	22582
17	40945527	40945798	19348
17	40946597	40947568	72264
17	40947575	40948086	47060
17	40948089	40948360	13381
17	40948456	40948607	10659
17	40948643	40948764	6402
17	40948921	40949022	1817
17	40949478	40949578	3817
17	40950069	40950195	3952
17	40950441	40950713	18516
17	40951048	40951289	6719
17	40955614	40955765	16006
17	40956177	40956448	17795
17	40957706	40957940	14745
17	40958642	40958883	9300
17	40959772	40959893	2538
17	40961346	40961665	17188
17	40962337	40962437	6853
17	40962588	40962726	5370
17	40962740	40962981	10920
17	40963622	40963863	19054
17	40965934	40966055	3610
17	40966495	40966736	12500
17	40967877	40968118	15220
17	40970214	40970455	27339
17	40970478	40970749	18391
17	40970788	40970951	9550
17	40971535	40971656	5449
17	40972764	40972885	15839
17	40975709	40975950	12190
17	40976187	40976290	2711
17	40985606	40985729	9297
17	40985792	40985956	4619
17	40986185	40986286	4834
17	40986315	40986436	3575
17	40986501	40986622	5181
17	40986779	40986903	9158
17	40989598	40989749	15496
17	40990100	40990232	5211
17	40990699	40990826	3118
17	40990904	40991055	5934
17	40991064	40991215	6371
17	40991292	40991413	7660
17	40993493	40993706	17962
17	40993709	40993897	18207
17	40994538	40994638	13896
17	40994725	40994826	8844
17	40995151	40995251	11774
17	40996566	40998277	97679
17	41001064	41001425	25318
17	41001561	41001802	11425
17	41002020	41002411	30299
17	41003319	41005000	131760
17	41006396	41006787	36018
17	41007404	41007645	24177
17	41008218	41008609	49620
17	41019295	41021020	143164
17	41024421	41024707	22879
17	41025409	41025539	6752
17	41026067	41026428	48014
17	41031417	41031898	28021
17	41046555	41046676	6319
17	41050627	41050727	3095
17	41052884	41053133	15994
17	41055938	41056067	9249
17	41059530	41059655	4612
17	41061256	41061497	33414
17	41062886	41063487	43288
17	41102556	41102797	7212
17	41103802	41103923	4054
17	41105676	41105827	12062
17	41106877	41106998	13782
17	41107116	41107267	5530
17	41107772	41108043	22843
17	41108157	41108594	16748
17	41109122	41109243	2477
17	41113137	41113408	19299
17	41116037	41116278	13075
17	41116405	41116526	6530
17	41121122	41121243	6258
17	41122241	41122392	12653
17	41123577	41123728	12691
17	41131144	41131295	12039
17	41131336	41131487	12817
17	41131509	41131754	16013
17	41132009	41132250	19836
17	41132541	41133142	10536
17	41139225	41139546	14887
17	41141335	41141576	9081
17	41142272	41142464	3065
17	41142819	41143780	58462
17	41150716	41150867	14217
17	41151913	41152154	8877
17	41154653	41154810	23822
17	41154851	41154972	14443
17	41158883	41159034	4487
17	41164183	41164304	2616
17	41164986	41165406	37065
17	41165434	41165705	12215
17	41165783	41165909	4739
17	41166069	41166340	8943
17	41166869	41167053	9254
17	41167184	41167432	9012
17	41167490	41167590	3764
17	41167644	41167904	5343
17	41167947	41168179	10608
17	41168233	41168624	16342
17	41169841	41169962	7174
17	41170016	41170257	13102
17	41170561	41170832	15656
17	41173907	41174408	2823
17	41177354	41177476	4288
17	41177929	41178080	15277
17	41179163	41179319	10512
17	41180023	41180264	16466
17	41180391	41180752	28432
17	41182275	41182376	9113
17	41196399	41196500	3433
17	41197635	41197876	19541
17	41199598	41199749	8324
17	41201113	41201234	3673
17	41203045	41203166	2380
17	41209019	41209170	16137
17	41215308	41215429	4754
17	41215868	41215989	4216
17	41219607	41219728	7037
17	41222918	41223279	31126
17	41226321	41226562	11599
17	41228446	41228687	13237
17	41231322	41231443	1744
17	41234385	41234626	20143
17	41242943	41243064	4719
17	41243347	41246904	231298
17	41247839	41247960	8986
17	41249222	41249343	8003
17	41251782	41251907	11117
17	41256103	41256328	20587
17	41256867	41256988	3981
17	41258450	41258571	5687
17	41267708	41267829	2956
17	41276012	41276133	2491
17	41283205	41283306	4331
17	41290726	41290991	34277
17	41291823	41292049	4234
17	41296179	41296280	4336
17	41323225	41323347	2899
17	41327746	41327987	24400
17	41329922	41330114	8723
17	41331358	41331479	9853
17	41332757	41332882	2611
17	41338242	41338483	20327
17	41341036	41341157	8999
17	41341590	41341831	10747
17	41342503	41342829	23950
17	41343372	41343613	6977
17	41345069	41345310	13141
17	41345328	41345689	17062
17	41346219	41346561	11717
17	41346957	41347164	10386
17	41348491	41348612	6274
17	41348919	41349160	26352
17	41352183	41352645	35710
17	41353688	41353809	13145
17	41354639	41354760	6600
17	41355689	41355810	13182
17	41361919	41362126	11069
17	41362192	41362293	3726
17	41363319	41363419	3023
17	41363421	41363522	2880
17	41365044	41365285	15080
17	41365817	41365938	8727
17	41367762	41368003	24620
17	41368416	41368657	19215
17	41368676	41368797	8749
17	41369243	41369364	4924
17	41369638	41369879	14172
17	41373553	41373654	6963
17	41375557	41375658	2426
17	41376283	41376572	47785
17	41380500	41380605	9754
17	41454876	41455231	18174
17	41456481	41456690	7408
17	41458608	41458729	21608
17	41465819	41466180	26153
17	41477012	41478505	102122
17	41522163	41522264	5280
17	41561358	41561599	20938
17	41566798	41566919	5222
17	41567703	41567854	9054
17	41568514	41568635	5729
17	41569514	41569670	14490
17	41570039	41570460	18126
17	41570763	41571272	52236
17	41573501	41573652	7482
17	41576217	41576338	4093
17	41577246	41577517	19065
17	41581951	41582222	19717
17	41584316	41584587	16871
17	41584842	41585083	13863
17	41585160	41585401	8851
17	41585676	41585917	9740
17	41590648	41590919	22438
17	41594461	41594732	21522
17	41597445	41597686	21597
17	41598061	41598302	14215
17	41598713	41598954	6855
17	41599353	41599624	6873
17	41600954	41601225	18339
17	41605362	41605463	3882
17	41605847	41606121	12139
17	41606462	41606614	12109
17	41606836	41607077	11193
17	41607194	41607345	6119
17	41607450	41607571	6653
17	41609993	41610354	22004
17	41610514	41610755	11001
17	41611138	41611409	29606
17	41613729	41613880	6754
17	41620326	41620426	2154
17	41622095	41622196	3053
17	41622305	41622426	5060
17	41622627	41622748	7331
17	41622905	41623038	9615
17	41719217	41719458	14663
17	41720838	41721061	16785
17	41738396	41738912	30863
17	41797235	41797356	18386
17	41825445	41825650	5683
17	41831179	41831280	2391
17	41831296	41831397	2009
17	41832700	41833160	634
17	41835878	41836119	24227
17	41843489	41843589	3082
17	41843867	41844025	4211
17	41844447	41844547	6253
17	41844813	41844914	3762
17	41846495	41846595	5543
17	41846849	41847199	10256
17	41852070	41852316	37435
17	41856108	41856349	2036
17	41857821	41857955	3942
17	41858471	41858572	4427
17	41859141	41859264	3751
17	41860547	41860675	2459
17	41861182	41861283	2637
17	41879033	41879276	11313
17	41886263	41886504	13316
17	41888137	41888293	4655
17	41888465	41888586	5339
17	41891327	41891478	8857
17	41891495	41891766	8256
17	41893365	41893486	8053
17	41893993	41894114	9139
17	41895139	41895260	5599
17	41895384	41895505	5088
17	41898176	41898447	18056
17	41901244	41901395	4133
17	41903075	41903226	9546
17	41905098	41905219	10749
17	41906969	41907210	11654
17	41907322	41907494	10103
17	41908559	41908710	2809
17	41908834	41909105	9034
17	41909170	41909359	7951
17	41910107	41910208	536
17	41924514	41924665	8678
17	41925882	41926335	18866
17	41930239	41930391	7654
17	41931112	41931443	20269
17	41932565	41932697	7155
17	41934436	41934557	6089
17	41934706	41934918	7283
17	41935126	41935298	15615
17	41938501	41938621	12156
17	41939156	41939289	3349
17	41953534	41953635	5044
17	41954447	41954548	3658
17	41954955	41955055	1782
17	41955111	41955382	9147
17	41956555	41956826	11951
17	41957129	41957370	8217
17	41958018	41958259	8368
17	41958400	41958551	4357
17	41958602	41958727	3736
17	41958770	41959011	10385
17	41959614	41959889	19765
17	41960194	41960465	19501
17	41960525	41960766	25386
17	41961381	41961537	6388
17	41975567	41975808	12619
17	41977818	41977939	7371
17	41981751	41981872	8651
17	41996774	41996919	18050
17	42000127	42000248	49128
17	42018246	42018367	5849
17	42018485	42018606	3682
17	42018805	42019046	10913
17	42030048	42030395	24054
17	42030455	42030576	7141
17	42030636	42030877	12873
17	42031159	42031400	9334
17	42035258	42035406	6565
17	42043601	42043722	3930
17	42082008	42082497	8285
17	42082930	42083321	33621
17	42083372	42083618	14095
17	42083865	42084106	10322
17	42084655	42084896	16451
17	42084922	42085169	6966
17	42085741	42086070	22798
17	42088877	42088977	4846
17	42089268	42089629	14884
17	42090298	42090569	17171
17	42091693	42091934	22926
17	42092100	42092371	10514
17	42111984	42112085	3070
17	42112256	42112415	1245
17	42112527	42112726	5960
17	42112753	42112854	5138
17	42112881	42112982	3562
17	42112994	42113217	725
17	42113320	42113480	4946
17	42113485	42113681	11169
17	42114721	42114962	24219
17	42117505	42117634	5823
17	42141114	42141355	14920
17	42143772	42143965	10402
17	42148321	42148562	22432
17	42151489	42151644	21956
17	42152001	42152152	8195
17	42152244	42152515	32848
17	42152597	42152868	26090
17	42152958	42153469	61121
17	42154075	42154261	6277
17	42154504	42154604	10679
17	42155294	42155394	4029
17	42155618	42156070	16382
17	42156113	42156264	9308
17	42156457	42156698	13671
17	42157412	42157653	5818
17	42157756	42157877	5858
17	42158039	42158310	19909
17	42159913	42160056	9032
17	42160099	42160220	2333
17	42160903	42161030	3884
17	42161106	42161257	4766
17	42161861	42162102	17013
17	42162305	42162576	8461
17	42163901	42164142	16916
17	42164712	42165106	20766
17	42165745	42166019	17386
17	42168627	42168870	17583
17	42169012	42169253	19206
17	42169504	42169941	26129
17	42169987	42170228	3021
17	42170395	42170584	13068
17	42170595	42171268	62017
17	42188072	42188247	11320
17	42188407	42188528	21580
17	42188950	42189071	3121
17	42194781	42195072	13646
17	42200871	42201049	366
17	42219450	42219571	813
17	42222534	42222655	12554
17	42225209	42226410	72900
17	42228309	42228430	6581
17	42229923	42230194	22128
17	42231885	42232042	10679
17	42232202	42232323	2513
17	42232595	42232836	6756
17	42235191	42235319	3528
17	42239208	42239329	14451
17	42248096	42248470	33333
17	42249366	42249727	20230
17	42253998	42255185	36926
17	42255544	42255785	23913
17	42265043	42265144	7526
17	42266364	42266985	30902
17	42267779	42268290	50638
17	42268379	42268480	7952
17	42268730	42268915	8078
17	42269209	42269479	8112
17	42271553	42271824	33449
17	42271842	42272083	13800
17	42272110	42272231	6410
17	42272395	42272546	13245
17	42272729	42272880	5257
17	42273120	42273241	4072
17	42273363	42273485	5579
17	42273713	42273834	5143
17	42274284	42274405	12848
17	42274530	42274801	16190
17	42274880	42275151	14820
17	42275351	42275472	3465
17	42282469	42282570	4549
17	42282605	42282793	3693
17	42283967	42284068	5363
17	42284503	42284745	6360
17	42284781	42285310	39097
17	42286693	42286934	15508
17	42286965	42287116	5733
17	42287482	42287883	22938
17	42288116	42288357	2446
17	42288372	42288530	2179
17	42288587	42288738	8006
17	42288923	42289427	28668
17	42289675	42289832	9505
17	42290125	42290366	13173
17	42290526	42290677	7699
17	42292978	42293219	18872
17	42293224	42293375	15547
17	42293863	42294104	21695
17	42295477	42295628	5265
17	42327774	42327925	8144
17	42328492	42328991	32220
17	42330431	42330792	23303
17	42331825	42332066	7953
17	42332558	42332679	5189
17	42332976	42333247	7605
17	42334561	42334934	11699
17	42334949	42335220	9002
17	42335329	42335570	9578
17	42335734	42336005	9834
17	42336500	42336741	13749
17	42336845	42336966	5476
17	42337087	42337358	17374
17	42337718	42338212	24795
17	42338882	42339033	47744
17	42339987	42340108	18572
17	42340135	42340345	12995
17	42386080	42386321	15320
17	42389884	42390125	23823
17	42390424	42390665	13678
17	42390767	42390888	7525
17	42392086	42392207	11106
17	42392275	42392396	7839
17	42392483	42392698	928
17	42392778	42393018	1156
17	42393700	42394159	40195
17	42394808	42394934	13789
17	42395028	42395171	6123
17	42395463	42395607	10961
17	42397246	42397663	22061
17	42397702	42397823	9597
17	42397980	42398109	5471
17	42398361	42398632	11617
17	42398712	42398983	10506
17	42399010	42399161	4175
17	42399732	42399973	15778
17	42400136	42400257	8347
17	42400590	42400741	9745
17	42400796	42400947	3380
17	42426450	42426976	32131
17	42426985	42427136	10615
17	42427586	42427718	6279
17	42427756	42427997	11234
17	42428049	42428178	6816
17	42428316	42428587	8276
17	42428688	42429220	52164
17	42429348	42429626	40221
17	42429699	42430217	28922
17	42431079	42432612	25274
17	42433024	42433503	33326
17	42433509	42433750	11521
17	42433755	42433996	16145
17	42436931	42437052	7478
17	42437205	42437566	16723
17	42440902	42441194	53
17	42449670	42449821	7673
17	42451628	42451899	16841
17	42451986	42452138	4352
17	42452356	42452489	506
17	42452823	42453141	17132
17	42453155	42453396	18813
17	42453411	42453562	6143
17	42453624	42453775	10750
17	42454355	42454476	4372
17	42455020	42455171	11966
17	42455682	42455923	16226
17	42455983	42456104	4590
17	42456968	42457239	18012
17	42457294	42457701	18976
17	42457714	42457868	8155
17	42457929	42458050	7365
17	42458186	42458457	20685
17	42460845	42461086	16889
17	42461226	42461347	9745
17	42461388	42461539	10545
17	42461609	42461760	8610
17	42461868	42461989	11248
17	42462228	42462614	30020
17	42462617	42462738	9880
17	42462880	42463121	13205
17	42463179	42463300	7811
17	42463317	42463558	9237
17	42466596	42466867	18428
17	42472674	42472775	4864
17	42472820	42472921	3544
17	42473388	42473559	7120
17	42473577	42473695	6151
17	42474006	42474191	8977
17	42474703	42478858	261872
17	42483242	42483473	10727
17	42501667	42501908	16029
17	42512384	42512535	9614
17	42513818	42513939	8619
17	42513964	42514065	10231
17	42514780	42514880	3379
17	42515831	42515932	4742
17	42516018	42516118	3914
17	42517605	42517705	2437
17	42541784	42541935	4363
17	42552172	42552293	10765
17	42580624	42580775	4060
17	42635047	42636908	107228
17	42733954	42734075	977
17	42734440	42734681	14712
17	42739640	42739881	11929
17	42742682	42742923	12938
17	42743711	42745644	70540
17	42746707	42746944	10094
17	42750702	42750943	12823
17	42751272	42751633	22328
17	42755357	42755458	4233
17	42755832	42756156	19021
17	42756196	42756437	20696
17	42757920	42758046	7250
17	42759317	42759558	21807
17	42761222	42761343	4881
17	42766898	42767199	27022
17	42786136	42786257	1848
17	42786611	42786762	14614
17	42800167	42800438	7556
17	42807217	42807488	16015
17	42808266	42808430	11425
17	42809528	42809649	15536
17	42811433	42811554	2761
17	42814154	42814275	15907
17	42815708	42815829	5225
17	42818640	42818881	12761
17	42824413	42824569	9387
17	42824699	42824940	8682
17	42825649	42826729	62932
17	42827338	42827699	16057
17	42827900	42828651	53214
17	42829258	42829379	14975
17	42836533	42836654	0
17	42837026	42837297	16486
17	42837818	42837918	7125
17	42847062	42847442	15942
17	42848903	42849054	16437
17	42849100	42849221	8167
17	42849606	42849727	2993
17	42849739	42849860	2256
17	42850185	42850321	10903
17	42850356	42850477	8761
17	42850590	42850831	14385
17	42851643	42851764	2581
17	42851843	42851964	4192
17	42852000	42852151	8695
17	42852538	42852689	15266
17	42852736	42852857	5443
17	42852936	42853057	1943
17	42853443	42853594	12439
17	42854046	42854197	10937
17	42854207	42854358	11156
17	42854492	42854643	9619
17	42854758	42855624	75631
17	42856537	42856664	3134
17	42857023	42857633	54192
17	42857750	42857851	3895
17	42857955	42858056	4308
17	42858189	42858302	6879
17	42881985	42883206	83710
17	42925479	42925630	7686
17	42926567	42926808	17598
17	42927670	42927791	3241
17	42928040	42928281	4396
17	42928598	42928749	3262
17	42929068	42929195	4605
17	42929702	42929973	7927
17	42930619	42930770	7169
17	42930792	42931063	11592
17	42931589	42931740	3474
17	42931835	42932106	8417
17	42932237	42932388	6378
17	42934422	42934543	4174
17	42936437	42936559	7108
17	42937191	42937462	28744
17	42937790	42937921	20089
17	42940056	42940297	8951
17	42940935	42941206	14453
17	42942244	42942485	13244
17	42945158	42945279	7258
17	42945625	42945746	4075
17	42949724	42949995	11137
17	42953233	42953504	12483
17	42956873	42957024	6287
17	42957905	42958026	3960
17	42958981	42959132	10498
17	42960432	42960553	5881
17	42960993	42961114	6705
17	42962571	42962722	9847
17	42963889	42964128	18969
17	42971775	42971922	5237
17	42978316	42978557	8548
17	42978832	42979073	20749
17	42979634	42980198	30094
17	42981157	42982759	96374
17	42984635	42984785	6262
17	42985383	42985534	13414
17	42987444	42987685	9072
17	42987943	42988064	5883
17	42988562	42988834	24226
17	42988951	42989222	8393
17	42990566	42990837	9107
17	42991052	42991203	10444
17	42991364	42991485	7524
17	42992382	42992864	21067
17	43003381	43003622	23374
17	43003679	43003920	35667
17	43004340	43004461	3996
17	43005355	43005969	31971
17	43006168	43006409	7539
17	43008912	43009153	9032
17	43009395	43009636	18181
17	43009969	43010210	18361
17	43010255	43010376	6486
17	43011118	43011498	15815
17	43011578	43012049	16103
17	43012129	43012370	16805
17	43012584	43012825	16924
17	43013374	43013735	13605
17	43037040	43037141	230
17	43037235	43037346	373
17	43037494	43037751	19201
17	43044758	43045544	18884
17	43101735	43102126	22981
17	43107412	43107563	22744
17	43111307	43111428	2920
17	43111535	43111776	8051
17	43112132	43112263	9107
17	43131418	43131539	3186
17	43138641	43138882	8950
17	43158890	43159201	13081
17	43163796	43164067	18800
17	43170990	43171231	14029
17	43173546	43173667	17844
17	43174402	43174673	15654
17	43175683	43175954	17698
17	43176735	43176891	9184
17	43180282	43180523	14700
17	43181009	43181460	26303
17	43182174	43182415	14830
17	43182935	43183056	16044
17	43183210	43183436	6560
17	43183529	43183630	4003
17	43183701	43183802	4757
17	43184019	43184120	8669
17	43184781	43184881	5897
17	43185857	43185958	3673
17	43186297	43186398	3895
17	43189966	43190087	11138
17	43190184	43190425	15930
17	43190436	43190677	17732
17	43190768	43191009	15903
17	43191554	43191795	13190
17	43192415	43192897	39494
17	43193953	43194194	26299
17	43195311	43195554	18234
17	43195637	43195880	16555
17	43196161	43196475	15005
17	43197635	43197876	27464
17	43198202	43198778	10179
17	43205338	43205961	22895
17	43209572	43209787	766
17	43213464	43213615	8002
17	43213775	43214160	25065
17	43214294	43214565	17021
17	43214716	43214837	10648
17	43215021	43215377	10868
17	43216336	43216577	17019
17	43216621	43216742	7679
17	43220752	43221028	20892
17	43226496	43229469	192104
17	43238249	43238349	3756
17	43240102	43240253	5341
17	43246327	43247198	58236
17	43261493	43261594	1606
17	43299443	43299645	146
17	43307921	43308072	11004
17	43309699	43309857	14714
17	43310281	43310687	18400
17	43310965	43311116	8797
17	43311381	43311673	9583
17	43312157	43312257	10112
17	43313465	43313621	9662
17	43314626	43314747	12364
17	43314868	43315019	16444
17	43315906	43316027	8776
17	43316312	43316442	15696
17	43317766	43318037	18421
17	43318485	43318607	7420
17	43318693	43319054	6219
17	43319127	43319580	6754
17	43319618	43319889	14984
17	43320434	43320705	15232
17	43321123	43321415	11539
17	43321515	43321636	7014
17	43322134	43322285	9940
17	43322289	43322530	10137
17	43322580	43322932	17177
17	43322958	43323110	11604
17	43323231	43323352	2475
17	43323485	43323756	7796
17	43323856	43323977	5292
17	43324164	43324405	7698
17	43324509	43324610	8460
17	43325289	43325402	10309
17	43326137	43326237	6585
17	43326580	43326724	9422
17	43327806	43327906	6711
17	43331745	43331896	13211
17	43332438	43333450	67743
17	43333671	43333822	47569
17	43334455	43334606	5302
17	43339315	43339436	1475
17	43340689	43340802	4180
17	43340916	43341039	6844
17	43341963	43342204	28456
17	43342458	43342699	11126
17	43343616	43344095	24427
17	43344390	43344631	16422
17	43344708	43345189	38110
17	43347733	43347974	12961
17	43348259	43348626	22507
17	43350800	43351116	22721
17	43351434	43351675	9182
17	43351774	43352015	15133
17	43362126	43362367	11828
17	43363743	43364464	36554
17	43364503	43364744	15423
17	43366575	43366696	8955
17	43367802	43368163	40252
17	43471250	43471351	5689
17	43472590	43472691	2619
17	43472789	43473030	17505
17	43473100	43473225	1598
17	43473264	43473671	26245
17	43473840	43473961	2134
17	43473973	43474214	12016
17	43474272	43474425	13706
17	43475272	43475423	6735
17	43480040	43480194	5732
17	43480938	43481089	6558
17	43481337	43481488	6780
17	43481576	43481727	8539
17	43481761	43481912	12280
17	43481945	43482066	11148
17	43482259	43482500	20343
17	43483001	43483449	36101
17	43487575	43487676	7106
17	43506411	43506511	6536
17	43506835	43507678	21811
17	43509581	43509715	14166
17	43513239	43513435	6642
17	43514375	43514475	6169
17	43515214	43515345	12933
17	43516800	43517041	38250
17	43517499	43517620	7938
17	43522811	43523052	8465
17	43527935	43528176	52928
17	43530655	43531659	85651
17	43535488	43535826	23482
17	43545525	43546006	44345
17	43551721	43551842	12738
17	43552445	43553142	59966
17	43555208	43555569	33969
17	43559765	43559886	12989
17	43580583	43580944	53813
17	43585450	43585550	19158
17	43585569	43585810	41787
17	43585816	43585937	19126
17	43587584	43587711	21592
17	43590550	43590655	35536
17	43591233	43592043	422238
17	43592279	43592400	35156
17	43594543	43594648	42508
17	43595226	43595424	168324
17	43595433	43596036	221630
17	43596272	43596393	67961
17	43596520	43596738	112524
17	43598610	43598852	90717
17	43611537	43611658	11373
17	43616507	43616629	32565
17	43617232	43617353	15570
17	43620104	43620225	31116
17	43622945	43623066	32528
17	43623109	43623349	62967
17	43625075	43627717	636116
17	43664065	43664306	33553
17	43685889	43686350	21631
17	43699343	43699444	6526
17	43699941	43700042	17581
17	43710415	43710540	9401
17	43713615	43713856	11560
17	43717928	43718049	5140
17	43718824	43719251	18024
17	43861865	43861986	556
17	43881704	43881804	5128
17	43884176	43884297	6041
17	43884358	43884479	5781
17	43893738	43894008	16532
17	43898672	43898823	22626
17	43906571	43906697	4225
17	43906908	43907029	10303
17	43907398	43907639	10807
17	43907708	43907979	11623
17	43908214	43908335	5297
17	43910461	43910612	10364
17	43910799	43910920	3532
17	43911026	43911267	5781
17	43911332	43911483	6101
17	43911908	43912179	18125
17	43912412	43912513	3908
17	43912690	43912790	4677
17	43922218	43924379	120199
17	44039648	44039889	6569
17	44049176	44049327	3835
17	44051732	44051853	6611
17	44055682	44055833	7922
17	44060231	44061339	57830
17	44064372	44064493	4212
17	44067221	44067462	14291
17	44068737	44069008	23458
17	44071255	44071376	3145
17	44073716	44074077	24117
17	44076597	44077078	39850
17	44087660	44087781	4787
17	44091599	44091725	12954
17	44095948	44096106	14551
17	44101308	44101549	8243
17	44102676	44102776	15454
17	44103527	44103628	5849
17	44104662	44104763	3077
17	44105554	44105654	6890
17	44107297	44107668	7412
17	44108514	44108684	5492
17	44108750	44109079	22415
17	44109357	44109718	12570
17	44110436	44110568	6591
17	44110736	44110857	4140
17	44111437	44111708	25088
17	44115856	44116097	30448
17	44116335	44116606	20581
17	44117037	44117278	19678
17	44127863	44128104	15370
17	44143879	44144120	14365
17	44144852	44145093	8373
17	44159796	44159918	7438
17	44170810	44170931	6392
17	44171845	44172116	10876
17	44248173	44249598	88852
17	44269925	44270104	4819
17	44270124	44270241	3790
17	44270733	44271158	3180
17	44271239	44271360	16226
17	44336901	44337262	48319
17	44372482	44375124	321927
17	44376851	44377091	61066
17	44377134	44377255	32710
17	44379978	44380099	35896
17	44382849	44382970	25705
17	44383573	44383695	30102
17	44388547	44388668	14750
17	44399662	44399783	6504
17	44400294	44400416	11498
17	44405695	44405937	39290
17	44407760	44409361	178447
17	44409908	44410055	9205
17	44412857	44412985	19406
17	44414627	44414984	38619
17	44415003	44415124	12858
17	44416821	44417182	32713
17	44421958	44422059	4881
17	44430119	44430360	34660
17	44435568	44435809	21678
17	44450170	44450291	201
17	44484011	44484132	22755
17	44486388	44486509	16588
17	44490155	44490276	43005
17	44497125	44497366	29550
17	44499835	44499956	25388
17	44500408	44500529	25486
17	44502849	44503090	42326
17	44534051	44534292	15721
17	44552527	44552768	9874
17	44553485	44553606	12569
17	44554110	44554351	30474
17	44564397	44564518	796
17	44590061	44592703	345565
17	44594419	44594659	4212
17	44594702	44594823	9183
17	44597552	44597673	27395
17	44600424	44600545	14770
17	44601148	44601270	22111
17	44606131	44606252	8773
17	44617516	44617637	1735
17	44618148	44618270	5762
17	44623558	44623800	51647
17	44625622	44627223	92246
17	44627771	44627918	4775
17	44630712	44630840	2571
17	44632483	44632840	14700
17	44632859	44632980	7418
17	44634677	44635038	30610
17	44639893	44639994	3680
17	44648058	44648299	29428
17	44653493	44653734	16308
17	44667977	44668078	0
17	44668081	44668212	381
17	44701591	44701712	18941
17	44703967	44704088	15390
17	44707735	44707856	40517
17	44714703	44714944	30608
17	44717410	44717537	23089
17	44717985	44718106	22870
17	44720426	44720667	38420
17	44751758	44751999	11814
17	44770230	44770471	14834
17	44771188	44771309	13678
17	44771813	44772054	42258
17	44782111	44782232	9589
17	44788285	44788526	10876
17	44791134	44791389	31983
17	44792965	44793065	1407
17	44793936	44794036	3136
17	44798912	44799032	11110
17	44799119	44799360	26768
17	44800191	44800292	4281
17	44803886	44804007	14884
17	44806199	44806320	4637
17	44827084	44827325	17287
17	44828834	44828992	16230
17	44832646	44832767	5096
17	44833117	44833238	9908
17	44834036	44834137	5893
17	44834152	44834253	3683
17	44834754	44834855	5051
17	44841651	44841751	2228
17	44845624	44846225	32793
17	44847100	44847461	35964
17	44850973	44851334	20488
17	44857447	44857548	3566
17	44895862	44896257	26759
17	44910697	44910818	4617
17	44928965	44929093	0
17	44949799	44950190	10423
17	44952283	44952779	36267
17	44953576	44954094	29673
17	45000511	45000632	2722
17	45006856	45006977	4028
17	45008455	45008583	3913
17	45009377	45009618	5908
17	45012343	45012647	14182
17	45013108	45013209	10448
17	45013260	45013361	11786
17	45015894	45016165	16332
17	45017858	45018009	4340
17	45055973	45056615	5805
17	45094541	45095863	209961
17	45095981	45096822	189741
17	45097061	45097181	15355
17	45098907	45099147	56408
17	45099190	45099311	30386
17	45102020	45102141	37417
17	45105622	45105746	24446
17	45110653	45110774	15177
17	45124449	45124691	84532
17	45126911	45127032	23619
17	45127270	45127871	219501
17	45137314	45137555	30808
17	45177559	45177660	10160
17	45195752	45196073	10883
17	45197741	45197842	6991
17	45197931	45198032	3744
17	45198066	45198401	5997
17	45199766	45200007	14822
17	45201227	45201348	4343
17	45206671	45206942	8957
17	45209560	45209801	7544
17	45214500	45214741	7147
17	45216059	45216300	6714
17	45219153	45219424	11251
17	45219577	45219818	7842
17	45221207	45221358	4414
17	45229136	45229303	5633
17	45231973	45232214	7216
17	45234263	45234504	6587
17	45234551	45234792	10467
17	45235529	45235680	3107
17	45240630	45240730	6702
17	45247194	45247465	7991
17	45249235	45249476	3941
17	45258874	45259025	3482
17	45266433	45266815	17155
17	45286678	45287002	35473
17	45291115	45291236	9912
17	45297223	45297464	12685
17	45299013	45299254	24662
17	45299693	45299844	6851
17	45300302	45300453	22474
17	45331216	45331342	553
17	45351736	45351887	13722
17	45360696	45360937	9478
17	45361753	45362114	33214
17	45363573	45363885	32647
17	45364395	45364636	23993
17	45367033	45367154	10888
17	45367534	45367655	19121
17	45368265	45368526	29351
17	45369478	45369959	24850
17	45376663	45376906	10836
17	45377802	45377954	11991
17	45380025	45380266	16659
17	45384768	45385039	13508
17	45387476	45387688	11948
17	45387929	45388030	1785
17	45388221	45388322	4900
17	45388585	45388686	19271
17	45389467	45389568	8639
17	45405643	45405794	4904
17	45412520	45412761	10738
17	45419277	45419408	10062
17	45421471	45421712	10980
17	45422361	45422482	7303
17	45425124	45425365	16380
17	45438694	45438905	10056
17	45447777	45447898	7681
17	45451783	45452384	26124
17	45455079	45455320	11008
17	45456522	45456643	5251
17	45468753	45468994	9969
17	45471366	45471517	7516
17	45473150	45473391	13246
17	45478768	45478889	3125
17	45479472	45479593	7150
17	45481194	45481435	12092
17	45481902	45482023	3528
17	45486943	45487094	5946
17	45490089	45490330	12657
17	45492188	45492309	5956
17	45501545	45502015	22024
17	45502723	45502842	16169
17	45503199	45503320	10417
17	45503437	45503558	5553
17	45507134	45507375	15110
17	45517757	45518118	21786
17	45523441	45523541	4424
17	45534049	45534159	5168
17	45560346	45560467	9054
17	45567601	45567722	4898
17	45568348	45568589	22943
17	45569731	45569882	13963
17	45608564	45608980	34002
17	45623255	45623377	19554
17	45646760	45646881	5392
17	45656695	45656936	26578
17	45660040	45660260	16361
17	45662833	45663085	31443
17	45663500	45663621	26964
17	45663686	45663821	8781
17	45664531	45664772	17595
17	45668043	45668284	55525
17	45669252	45669493	36657
17	45669819	45669940	9402
17	45673652	45673893	12704
17	45677012	45677133	20316
17	45678922	45679163	14486
17	45681226	45681467	21333
17	45682687	45682928	8591
17	45689775	45690016	13250
17	45691001	45691122	4216
17	45695648	45695889	9236
17	45696331	45696572	18396
17	45697065	45697186	8286
17	45699088	45699329	21163
17	45699363	45699596	17962
17	45699807	45699947	6459
17	45700500	45700683	10724
17	45727459	45727690	1528
17	45727719	45727840	1033
17	45729999	45730270	12544
17	45734204	45734445	24887
17	45735841	45736069	5937
17	45738453	45738574	6039
17	45740438	45740559	12725
17	45741515	45741645	4646
17	45742382	45742534	10735
17	45745542	45745786	11671
17	45747018	45747259	33921
17	45748011	45748252	19851
17	45750336	45750577	16149
17	45750830	45750951	12117
17	45751954	45752195	23813
17	45753724	45753875	15044
17	45754376	45754503	11133
17	45755362	45755603	19982
17	45755664	45755789	4441
17	45757376	45757562	3924
17	45757833	45758074	23153
17	45759678	45759858	16000
17	45759929	45760030	6047
17	45760215	45760496	12753
17	45760525	45760776	9964
17	45760816	45760916	5672
17	45760931	45761031	14399
17	45762032	45762132	6805
17	45773373	45773734	34230
17	45774016	45774257	9563
17	45774385	45774626	5856
17	45775929	45776170	8794
17	45776652	45776893	8573
17	45776971	45777092	11379
17	45785697	45785938	17446
17	45786029	45786854	1884
17	45787806	45788111	18722
17	45788684	45788785	9421
17	45788952	45789062	7776
17	45789238	45789339	4282
17	45810764	45811365	4300
17	45819931	45820172	26607
17	45820346	45820617	14048
17	45821518	45821759	13172
17	45821787	45821938	8358
17	45822031	45822782	50141
17	45884715	45884902	6172
17	45885181	45885370	3032
17	45885647	45885775	8599
17	45885813	45886084	12570
17	45886141	45886633	18731
17	45886650	45886891	13639
17	45887907	45888058	12563
17	45888078	45888229	6939
17	45890549	45890820	19374
17	45890865	45891256	35370
17	45891842	45891993	12215
17	45892498	45892769	14891
17	45893459	45893580	10157
17	45893739	45893860	7481
17	45893873	45894114	9077
17	45894130	45894251	3898
17	45894612	45894735	1934
17	45895542	45895813	16404
17	45895862	45895992	6652
17	45896317	45896475	10687
17	45897030	45897181	5246
17	45897248	45897666	21565
17	45901516	45901877	22735
17	45903953	45904194	15275
17	45904336	45904607	8618
17	45905830	45906071	11696
17	45908730	45908911	31414
17	45909299	45909420	10460
17	45909427	45909581	8402
17	45911753	45911909	7417
17	45912634	45912801	11776
17	45912995	45913151	13433
17	45913372	45913493	7435
17	45913618	45913889	12296
17	45914029	45914540	33825
17	45915137	45915408	19258
17	45915574	45916099	27569
17	45916113	45916384	22294
17	45916758	45917029	10869
17	45917526	45917767	8018
17	45918001	45918242	19528
17	45918546	45918667	7349
17	45922300	45922401	3316
17	45922891	45923085	6690
17	45924628	45925853	98593
17	45959412	45959673	16340
17	45973516	45973872	7514
17	45992624	45992775	4207
17	45993437	45994548	61511
17	45995136	45995262	8257
17	46000272	46000663	17008
17	46002220	46002491	11272
17	46002659	46002930	12702
17	46005078	46005200	4396
17	46005509	46005610	6749
17	46005624	46005865	9771
17	46005890	46006280	10653
17	46006301	46006426	2217
17	46006997	46007098	7876
17	46018989	46019230	5980
17	46020616	46020853	18051
17	46021940	46022091	4831
17	46022860	46023011	5037
17	46023169	46023410	12790
17	46023662	46023783	4512
17	46023942	46024183	15352
17	46030263	46030630	22731
17	46048454	46048575	15746
17	46048689	46048810	8561
17	46050829	46051070	17685
17	46051255	46051407	6739
17	46051728	46051849	5735
17	46052451	46052733	18642
17	46052828	46053069	21110
17	46053185	46053426	14927
17	46054041	46054198	12699
17	46055175	46055296	13311
17	46056177	46056298	2045
17	46057910	46058181	20526
17	46058463	46058734	12232
17	46058774	46058895	12370
17	46058952	46059100	18368
17	46103756	46103877	7521
17	46105795	46105916	5951
17	46106455	46106576	7037
17	46109499	46109620	6541
17	46110018	46110139	8690
17	46110561	46110682	8130
17	46111208	46111329	7740
17	46114192	46114313	7285
17	46114478	46114638	10402
17	46114941	46115149	5434
17	46122048	46122149	7257
17	46126162	46126262	11896
17	46127968	46129035	60982
17	46133702	46133973	9459
17	46134347	46134498	8923
17	46134663	46134904	22732
17	46135581	46137096	69981
17	46137224	46137325	6618
17	46137733	46137834	3624
17	46138007	46138108	3587
17	46138134	46138342	14923
17	46147392	46147493	2786
17	46147499	46147600	2603
17	46147705	46147806	4691
17	46147934	46148227	16795
17	46148346	46148530	5896
17	46148566	46148988	49878
17	46152323	46152474	3335
17	46153227	46153594	31086
17	46154145	46154416	31789
17	46188049	46188149	6655
17	46189365	46189486	6977
17	46189887	46190038	8983
17	46190651	46190773	5717
17	46196022	46196173	6950
17	46196290	46196561	29727
17	46198561	46198913	32099
17	46199282	46199746	25227
17	46214587	46214709	10059
17	46233739	46233890	4325
17	46239081	46239182	1718
17	46239819	46239941	4708
17	46247934	46248055	8949
17	46257361	46257620	22215
17	46259696	46259847	8127
17	46262025	46262266	6590
17	46263066	46263167	978
17	46265185	46265306	3375
17	46266762	46266883	8064
17	46419936	46420037	3491
17	46423256	46423378	3726
17	46441072	46441223	8484
17	46474032	46474157	4527
17	46507398	46507609	5202
17	46606891	46607279	20022
17	46607676	46608277	49300
17	46620032	46620133	9374
17	46620141	46620242	19352
17	46620420	46621145	40437
17	46621811	46622342	49947
17	46626330	46626540	11071
17	46626543	46626644	3467
17	46626658	46626900	10701
17	46627009	46627109	4393
17	46627311	46627412	8262
17	46627627	46628652	79569
17	46629341	46629852	39463
17	46632886	46632986	4734
17	46652941	46653041	1853
17	46653106	46653206	3402
17	46653447	46653562	3967
17	46653570	46653671	3745
17	46653698	46653799	3235
17	46653903	46654004	135
17	46654021	46654412	20582
17	46655200	46655694	6608
17	46657175	46657334	6073
17	46668581	46668682	4688
17	46668792	46668893	7552
17	46669177	46669470	7301
17	46669513	46669874	34937
17	46670462	46671092	56590
17	46673190	46673366	7092
17	46673723	46674084	41350
17	46675063	46675590	36616
17	46681327	46681448	5494
17	46681841	46681977	3225
17	46682313	46682445	4373
17	46683433	46683674	22758
17	46684830	46685029	5290
17	46685194	46685501	25794
17	46687839	46688320	26613
17	46689673	46689985	22085
17	46690066	46690272	11114
17	46690324	46690424	3684
17	46690513	46690897	15071
17	46691613	46692094	54832
17	46698493	46698624	3449
17	46699641	46699742	5560
17	46700252	46700507	26922
17	46703071	46703672	18106
17	46709825	46709946	6367
17	46710854	46710955	183
17	46799153	46799271	5255
17	46799625	46799776	9303
17	46801770	46802045	22288
17	46804097	46804458	13860
17	46805263	46806014	54797
17	46840233	46840335	1952
17	46846302	46846663	24384
17	46847003	46847514	65551
17	46862275	46862610	16802
17	46863460	46863731	58625
17	46865145	46865386	17355
17	46867259	46867500	18389
17	46868701	46868975	35763
17	46871490	46871654	10459
17	46873404	46873525	5856
17	46874373	46874614	19471
17	46876922	46877163	13990
17	46878560	46878801	11762
17	46878824	46879065	9936
17	46881210	46881331	2349
17	46881589	46881950	11826
17	46882122	46882363	13505
17	46894264	46894505	26245
17	46919038	46919279	13983
17	46925415	46925538	5108
17	46925599	46925870	18221
17	46926555	46926796	6504
17	46928403	46928554	5726
17	46928894	46929015	3522
17	46929807	46930048	21165
17	46930269	46930390	11790
17	46933440	46933591	5999
17	46937622	46937863	12945
17	46939560	46939711	6625
17	46940169	46940403	23734
17	46952229	46952350	15321
17	46970737	46970858	5015
17	46971681	46971832	10782
17	46972485	46972726	23526
17	46972952	46973255	18276
17	46985737	46986234	1631
17	46988144	46988265	5048
17	46990139	46990409	17607
17	46993372	46993611	24117
17	46998456	46998697	25962
17	47000192	47000313	8785
17	47004289	47004626	11212
17	47004758	47004859	5315
17	47005029	47005193	9415
17	47005846	47005947	13167
17	47005966	47006067	10947
17	47006077	47006456	23850
17	47007644	47007745	2457
17	47007760	47008025	12140
17	47008950	47009101	14129
17	47010516	47010757	31686
17	47013506	47013627	6748
17	47014342	47014496	7429
17	47018203	47018474	6772
17	47021220	47021371	6449
17	47021953	47022119	8446
17	47036012	47036133	6448
17	47038238	47038365	2990
17	47039073	47039194	3119
17	47041635	47041876	16335
17	47044490	47044641	4102
17	47074779	47074879	11909
17	47075043	47075314	14697
17	47076439	47076560	3882
17	47102942	47103063	6933
17	47103762	47103913	10989
17	47109212	47109363	7542
17	47115459	47115850	33848
17	47117234	47117505	11947
17	47118679	47118920	26545
17	47119520	47119791	26424
17	47120699	47120970	12221
17	47121267	47121508	15062
17	47122328	47122449	13470
17	47123166	47123437	14591
17	47123587	47123745	6388
17	47126698	47126819	6035
17	47127521	47127622	9657
17	47128217	47128317	7259
17	47128390	47128710	19537
17	47130074	47130175	3717
17	47130591	47130691	3248
17	47130807	47130908	3280
17	47130925	47131142	6524
17	47131292	47131405	6779
17	47131608	47131782	5362
17	47132326	47132427	11502
17	47132443	47132544	4801
17	47133388	47133489	5770
17	47210100	47210221	10707
17	47210363	47210604	17594
17	47218587	47218828	21416
17	47219344	47219585	15603
17	47230152	47230278	4276
17	47233885	47234006	12511
17	47236337	47236608	14538
17	47237868	47238019	8709
17	47241392	47241663	16315
17	47243435	47243665	23282
17	47246001	47246272	23971
17	47246866	47247107	12791
17	47284030	47284301	15490
17	47284651	47284802	9560
17	47288023	47288264	5683
17	47293855	47294096	10580
17	47295067	47295308	11054
17	47296883	47297004	9121
17	47297206	47297327	2437
17	47297488	47297729	19564
17	47299368	47299639	23724
17	47299844	47300115	12485
17	47300758	47300920	11317
17	47301565	47302494	38025
17	47303939	47304090	9922
17	47329577	47330058	29165
17	47372812	47372913	5929
17	47373609	47373710	7184
17	47373766	47373867	3987
17	47374633	47374734	1160
17	47375019	47375120	4992
17	47375139	47375420	13704
17	47375429	47375623	6095
17	47375721	47376313	26807
17	47388624	47388865	30428
17	47389225	47389466	8991
17	47390012	47390253	8725
17	47394156	47395117	70356
17	47481532	47481633	2731
17	47482179	47482308	3629
17	47482338	47482579	11591
17	47484077	47484228	8213
17	47486226	47486581	22609
17	47486612	47486883	28310
17	47488969	47489240	11007
17	47490521	47490642	5057
17	47501566	47501746	15531
17	47501884	47502001	18722
17	47572751	47572872	622
17	47579344	47579578	11011
17	47583599	47584080	21908
17	47587688	47588079	12410
17	47589212	47589453	5310
17	47590009	47590452	43677
17	47590584	47590685	5826
17	47590753	47590854	2721
17	47653547	47653668	12675
17	47655918	47656672	49796
17	47657543	47657644	1851
17	47676213	47676324	4733
17	47676569	47676740	2467
17	47676969	47677069	4254
17	47677114	47677214	4039
17	47677660	47677931	14995
17	47679176	47679417	21057
17	47684551	47684792	10489
17	47685172	47685323	16849
17	47688579	47688850	9543
17	47696255	47696526	7120
17	47696550	47696791	8400
17	47699266	47699488	13390
17	47700072	47700193	6781
17	47755262	47755363	2072
17	47778784	47778905	5425
17	47780145	47780416	7233
17	47780511	47780666	4897
17	47781403	47781644	13600
17	47782443	47782684	22789
17	47783146	47783293	5596
17	47783479	47783707	8657
17	47784317	47784440	6512
17	47785082	47785311	9107
17	47787737	47787940	14285
17	47788006	47788107	3491
17	47788453	47788946	31018
17	47793480	47793721	15104
17	47794854	47795125	13990
17	47797037	47797308	10629
17	47797678	47797808	5103
17	47799847	47799968	11996
17	47809876	47810117	18318
17	47841212	47841567	52
17	47866110	47866263	9750
17	47869200	47869441	9430
17	47874078	47874319	11599
17	47875619	47875980	14494
17	47882697	47882818	6880
17	47886464	47886585	5037
17	47888825	47888946	3779
17	47893128	47893285	7566
17	47895156	47895397	12548
17	47898682	47898803	2047
17	47898960	47899201	11207
17	47900549	47900670	6925
17	47903313	47903554	16806
17	47904016	47904171	2422
17	47904722	47904996	22069
17	47905065	47905206	15435
17	47906028	47906129	8396
17	47906165	47906447	11643
17	47915958	47916079	12425
17	47916889	47916989	3606
17	47917180	47917301	10012
17	47918868	47918989	34475
17	47921381	47921532	8536
17	47923518	47923639	11764
17	47924284	47924668	17449
17	47925196	47925437	19263
17	48046762	48047153	44159
17	48050369	48050654	26504
17	48050974	48051365	21250
17	48067349	48067450	3400
17	48067785	48067886	2972
17	48068035	48068182	7581
17	48068238	48068338	3711
17	48068756	48068857	11747
17	48068871	48069238	22757
17	48070737	48070978	10950
17	48071988	48072379	30673
17	48133683	48134044	3179
17	48141383	48141624	14269
17	48141870	48141991	4604
17	48145333	48145724	13855
17	48148189	48148310	4892
17	48148657	48148898	15892
17	48149296	48149567	12934
17	48151262	48151383	8119
17	48151454	48151695	22693
17	48151793	48151914	3059
17	48152765	48153150	17666
17	48153643	48153884	6440
17	48153905	48154056	1334
17	48154290	48154531	3294
17	48154715	48154836	10692
17	48155358	48155509	5415
17	48155518	48155669	10157
17	48156147	48156300	7764
17	48156409	48156650	13608
17	48156708	48156979	19214
17	48157591	48157749	14189
17	48158661	48158782	7406
17	48165019	48165290	23400
17	48165579	48165709	2850
17	48166400	48166671	14606
17	48166991	48167092	3770
17	48167465	48167565	4048
17	48167741	48167851	11203
17	48172737	48172978	13279
17	48174765	48174977	12099
17	48182679	48182830	4605
17	48183189	48183460	15470
17	48184141	48184262	2585
17	48184417	48184538	4777
17	48185496	48185617	16544
17	48185670	48185791	10312
17	48185966	48186093	7297
17	48186641	48186774	7418
17	48187269	48187510	10044
17	48190213	48190454	26887
17	48191244	48191485	17744
17	48191489	48191822	14721
17	48192886	48193127	16404
17	48193139	48193290	15871
17	48193319	48193470	19809
17	48194733	48195094	518
17	48195486	48195727	13291
17	48202210	48202361	10170
17	48211326	48211427	3953
17	48211499	48211600	3543
17	48211884	48211984	5088
17	48212023	48212123	4282
17	48212202	48212312	2824
17	48212331	48212432	2798
17	48212450	48212595	1384
17	48212661	48212782	5363
17	48212904	48213025	6490
17	48213266	48213627	18107
17	48216593	48216741	9431
17	48216748	48216989	13492
17	48217404	48217645	15799
17	48218564	48218805	13167
17	48220901	48221142	12763
17	48222422	48222663	11419
17	48226498	48227899	36193
17	48243345	48243496	15663
17	48244637	48245139	16728
17	48245252	48245403	3702
17	48245712	48245953	11929
17	48246412	48246653	12085
17	48247486	48247727	16635
17	48247952	48248073	3692
17	48248844	48249416	31712
17	48249461	48249757	24351
17	48252586	48252827	27899
17	48258070	48258440	19645
17	48261439	48261641	9117
17	48261753	48261854	2677
17	48261886	48262121	2729
17	48262706	48262807	2066
17	48262814	48263439	45053
17	48263651	48263892	25293
17	48263930	48264321	33117
17	48264366	48264493	7500
17	48264810	48264931	4677
17	48265227	48265354	11790
17	48265422	48265543	6492
17	48265811	48266008	12580
17	48266038	48266189	12127
17	48266226	48266381	5582
17	48266491	48266646	6422
17	48266697	48266938	15264
17	48267005	48267126	5257
17	48267185	48267306	9545
17	48267324	48267479	10719
17	48267623	48267774	8031
17	48267839	48267990	7755
17	48268168	48268295	10733
17	48268706	48268861	7983
17	48269136	48269257	6293
17	48269301	48269422	3396
17	48269801	48269922	7130
17	48269936	48270087	12791
17	48270093	48270244	12094
17	48270320	48270441	9714
17	48271291	48271412	6369
17	48271426	48271577	5712
17	48271667	48271818	8833
17	48271899	48272020	6601
17	48272072	48272199	3940
17	48272343	48272494	3785
17	48272550	48272701	12377
17	48272725	48272876	11939
17	48272885	48273036	8692
17	48273249	48273370	5868
17	48273446	48273597	4847
17	48273640	48273761	4272
17	48273805	48274064	9590
17	48274336	48274457	7335
17	48274476	48274627	9620
17	48275028	48275179	8585
17	48275275	48275396	5142
17	48275452	48275603	3886
17	48275768	48275889	2085
17	48276577	48276856	5934
17	48276872	48276993	7089
17	48277068	48277330	7132
17	48278731	48278884	20787
17	48351805	48351956	28338
17	48355027	48355148	8523
17	48355862	48356013	11179
17	48356138	48356379	14277
17	48356521	48356679	8111
17	48423441	48423666	1000
17	48430935	48431536	37021
17	48431705	48431976	23905
17	48432164	48432435	17779
17	48432840	48432961	2950
17	48433098	48433369	9624
17	48433382	48433653	16762
17	48433791	48434182	18463
17	48434364	48434635	23989
17	48435530	48435914	24101
17	48437309	48437745	28571
17	48437954	48438054	6124
17	48438145	48438246	4579
17	48438431	48438531	4979
17	48445404	48445673	27364
17	48447347	48447486	2765
17	48447760	48448001	16263
17	48450206	48450327	4621
17	48450450	48450571	5906
17	48452505	48453610	66448
17	48455907	48456058	7131
17	48456074	48456315	21894
17	48456375	48456646	20736
17	48456749	48456990	26213
17	48457616	48457887	14117
17	48458090	48458331	17526
17	48458786	48458904	6558
17	48459186	48459287	15868
17	48459397	48459497	3953
17	48459953	48460054	2708
17	48460232	48460646	22361
17	48462414	48462685	20735
17	48465365	48465516	4971
17	48469719	48469873	6225
17	48470027	48470284	7954
17	48472258	48472379	10322
17	48474534	48474688	9017
17	48503575	48503806	4791
17	48538014	48538255	15981
17	48538545	48538786	12202
17	48538929	48539080	3391
17	48539482	48539723	11955
17	48539742	48539983	14422
17	48540473	48540624	4200
17	48540683	48540954	6604
17	48541163	48541284	8363
17	48541525	48541676	7370
17	48542242	48542342	9744
17	48542578	48542849	31121
17	48543028	48543241	20544
17	48545366	48546207	39118
17	48548379	48548506	5329
17	48549713	48549984	13828
17	48550975	48551216	9842
17	48551245	48551375	4809
17	48551502	48551653	6644
17	48551837	48551961	8448
17	48556191	48556432	362
17	48556905	48557176	25345
17	48557191	48557462	33239
17	48559393	48559874	35528
17	48559974	48560095	5341
17	48560653	48560894	13622
17	48561032	48561153	8404
17	48561763	48561916	7002
17	48562012	48562283	24238
17	48585887	48586124	2972
17	48586373	48586494	3845
17	48592196	48592388	5351
17	48593873	48594114	9476
17	48594612	48594868	13880
17	48594946	48595069	5514
17	48595842	48596113	12680
17	48596271	48596512	19735
17	48596953	48597194	10047
17	48598407	48598854	22391
17	48599296	48599499	9658
17	48600273	48600514	17106
17	48600930	48601171	13827
17	48602159	48602430	9576
17	48603163	48603674	20154
17	48604557	48604828	12356
17	48605452	48605693	24824
17	48606007	48606248	6982
17	48606342	48606583	12472
17	48607105	48607205	2129
17	48607536	48607637	1095
17	48608677	48608799	4641
17	48613839	48614498	47004
17	48615377	48615618	32976
17	48616223	48616344	5535
17	48616490	48616752	11808
17	48617560	48617711	6869
17	48618107	48618468	16637
17	48618550	48618704	7787
17	48618788	48619065	13471
17	48619153	48619528	7750
17	48624546	48624667	31
17	48625043	48625164	4639
17	48625422	48625543	2798
17	48625577	48625848	13784
17	48625885	48626006	11554
17	48626096	48626867	54425
17	48627259	48627683	28701
17	48627842	48627993	13734
17	48628022	48628293	19188
17	48628303	48628593	23167
17	48628834	48629075	17834
17	48629314	48629555	30390
17	48631590	48631831	15623
17	48632541	48632692	11597
17	48632786	48633057	15067
17	48638774	48639153	594
17	48639380	48639481	13369
17	48646160	48646352	10525
17	48646471	48646712	38087
17	48647054	48647175	6093
17	48649197	48649438	37305
17	48649883	48650244	15495
17	48650366	48650487	13027
17	48652871	48653726	49375
17	48655495	48655976	29216
17	48667786	48668027	22405
17	48668767	48669008	26721
17	48669035	48669495	30064
17	48672326	48672447	7752
17	48673903	48674024	17571
17	48674066	48674307	13262
17	48676763	48677244	43559
17	48678015	48678256	17955
17	48678352	48678593	19508
17	48680153	48680274	9178
17	48680346	48680587	29697
17	48681457	48681698	13910
17	48683200	48683631	19762
17	48684244	48684407	26394
17	48685173	48685414	49482
17	48687208	48687329	5739
17	48692676	48692917	22730
17	48693569	48693810	13594
17	48694744	48694985	22292
17	48695193	48695314	6082
17	48695386	48695507	4129
17	48695522	48695763	12507
17	48695951	48696432	40023
17	48696994	48697235	9310
17	48698966	48699207	19307
17	48701230	48701471	16958
17	48701684	48701925	7804
17	48703323	48704164	46649
17	48704319	48704446	4907
17	48712258	48712379	0
17	48733159	48733400	15826
17	48733974	48734245	15405
17	48734324	48734595	36542
17	48735354	48735625	13338
17	48735735	48735886	11315
17	48736512	48736783	17244
17	48738228	48738499	12002
17	48740997	48741511	44852
17	48742468	48742619	15598
17	48744895	48745416	17668
17	48745743	48745894	6052
17	48746185	48746336	7721
17	48746412	48746920	24152
17	48750264	48750535	33029
17	48750803	48751044	14029
17	48752658	48752899	10854
17	48752942	48753183	11715
17	48753196	48753467	16963
17	48753612	48753973	22355
17	48755053	48755324	18646
17	48755395	48755636	23450
17	48757118	48757270	4760
17	48760922	48761163	29473
17	48761237	48761508	17190
17	48762031	48762272	9769
17	48764842	48765113	19378
17	48768443	48768571	10769
17	48772850	48772951	10298
17	48773242	48773550	23911
17	48774270	48774511	16410
17	48776717	48777264	25595
17	48777881	48778122	7595
17	48784827	48785029	15036
17	48797081	48797202	16652
17	48814292	48814413	7881
17	48814634	48814776	848
17	48817625	48817776	18386
17	48818413	48818654	20784
17	48818993	48819114	2176
17	48821057	48821181	6982
17	48821972	48822184	8282
17	48822985	48823420	10930
17	48823831	48824102	5670
17	48827820	48828298	12500
17	48828360	48828870	46163
17	48828938	48829117	6918
17	48829436	48829537	5090
17	48829750	48829900	7571
17	48830615	48830715	4014
17	48838723	48838867	4623
17	48840757	48840933	34676
17	48844204	48844801	26063
17	48913229	48913562	40365
17	48916838	48918399	111382
17	48939547	48939942	10709
17	48939978	48941414	75382
17	49041986	49042185	6950
17	49043357	49043486	7775
17	49043569	49043810	5648
17	49048021	49048262	13903
17	49052098	49052339	12769
17	49053181	49053302	4792
17	49054459	49054592	6688
17	49057071	49057312	10889
17	49059837	49060078	5825
17	49062226	49062377	3339
17	49063037	49063158	3087
17	49064414	49064655	10711
17	49067012	49067255	13433
17	49067798	49068039	17810
17	49071089	49071330	7869
17	49072380	49072621	12069
17	49072788	49072909	3887
17	49073869	49074110	27438
17	49075770	49076011	14398
17	49076727	49076892	7616
17	49076988	49077109	6977
17	49079019	49079260	9218
17	49082537	49082658	3225
17	49083400	49083641	19037
17	49084597	49084718	10320
17	49091532	49091773	9966
17	49097478	49097629	4998
17	49098501	49098736	35342
17	49108991	49109122	3496
17	49118815	49119056	13566
17	49123822	49124063	8266
17	49124721	49124842	6316
17	49133746	49133867	9006
17	49156898	49157124	14399
17	49197684	49198029	22464
17	49231700	49231821	11670
17	49232955	49233196	20834
17	49237330	49237544	16072
17	49238511	49238643	5584
17	49239026	49239267	17198
17	49244101	49244372	9303
17	49245592	49245714	7019
17	49247262	49247420	13957
17	49248785	49249026	14694
17	49257874	49258115	15634
17	49263385	49263577	18360
17	49269541	49269662	9271
17	49270061	49270422	21806
17	49270738	49270889	6926
17	49272527	49272768	10170
17	49278943	49279067	8054
17	49279349	49279470	8524
17	49280052	49280306	21148
17	49280483	49280604	5389
17	49281067	49281338	10787
17	49284186	49284427	11222
17	49286674	49286792	3997
17	49294674	49294795	3374
17	49296222	49296463	19685
17	49297636	49297877	19421
17	49302324	49302570	7427
17	49336485	49336585	5538
17	49337159	49337302	5740
17	49337896	49338297	7652
17	49340599	49340757	11687
17	49343530	49343651	7053
17	49346170	49346291	4260
17	49350705	49350826	5224
17	49353168	49353409	9255
17	49354456	49354697	16173
17	49357354	49357476	6186
17	49357733	49357854	3142
17	49362546	49362787	21837
17	49365355	49365596	14909
17	49371213	49371454	11031
17	49374276	49374397	5614
17	49375212	49375313	6671
17	49567687	49567808	23861
17	49580404	49580525	3703
17	49707676	49708001	8021
17	49708205	49708410	8704
17	49708468	49708569	4990
17	49708848	49709015	3767
17	49710772	49711043	23955
17	49713171	49713412	12773
17	49726517	49726638	3947
17	49730988	49731109	9184
17	49752144	49752244	9994
17	49821318	49821419	3665
17	49824934	49825244	31300
17	49835347	49835447	7160
17	49842849	49842950	5214
17	50001369	50001470	1472
17	50008299	50008540	14593
17	50149637	50149788	8786
17	50212118	50212349	14676
17	50235054	50235175	4434
17	50235236	50235425	5212
17	51062998	51063119	10592
17	51063781	51063902	5677
17	51063948	51064187	14379
17	51064587	51064708	16325
17	51614864	51615080	8194
17	51900384	51902574	84845
17	52537824	52539537	69148
17	52978164	52978315	19483
17	52981049	52981170	4444
17	52982827	52982948	5556
17	52989980	52990221	4587
17	52991050	52991271	7348
17	52991990	52992114	8834
17	52993043	52993286	15173
17	53007379	53007620	29791
17	53013978	53014099	2265
17	53014377	53014648	12930
17	53016271	53016392	4842
17	53024586	53024707	6587
17	53026869	53026994	4199
17	53027385	53027506	4285
17	53037895	53038016	1228
17	53038606	53038707	1951
17	53038974	53039096	5960
17	53040033	53040304	18821
17	53040608	53040849	7515
17	53042014	53042255	8413
17	53045553	53046064	61769
17	53063542	53063663	4583
17	53068130	53068371	12962
17	53076696	53076822	4648
17	53076946	53077217	9438
17	53078145	53078266	8098
17	53084821	53084972	10539
17	53108485	53108636	7643
17	53111513	53111634	11331
17	53120580	53120701	4071
17	53120920	53121041	15630
17	53124407	53124532	3140
17	53150227	53150468	11272
17	53155375	53155616	5517
17	53156010	53156131	5913
17	53158356	53158597	19135
17	53218638	53218759	4483
17	53237093	53237334	16643
17	53237653	53237754	3647
17	53237784	53237885	5733
17	53241179	53241280	10409
17	53342781	53343022	6057
17	53345068	53345459	17913
17	53392576	53392822	11090
17	53398011	53398252	20944
17	53398283	53398384	8501
17	53398681	53398782	3209
17	53398895	53399083	3861
17	53399233	53399334	3104
17	53399488	53399841	9046
17	53399974	53400125	7124
17	53400815	53401024	8753
17	53402317	53402417	9716
17	53469987	53470088	1895
17	53470823	53470924	3441
17	53470942	53471166	7380
17	53471201	53471317	2854
17	53471387	53471914	22595
17	53478773	53478924	4884
17	53481117	53481239	4499
17	53485082	53485203	2728
17	53488576	53488817	18019
17	53491461	53491612	12734
17	53498952	53499129	22191
17	53797260	53797360	4332
17	53797987	53798497	29838
17	53828413	53828654	2525
17	53828738	53828859	7446
17	53844633	53844827	25167
17	53848415	53848566	10855
17	53851049	53851290	12266
17	53852125	53852246	6590
17	53853337	53853488	2041
17	53854514	53854614	4259
17	54125003	54125147	3066
17	54230789	54230940	7266
17	54305236	54305387	4179
17	54398366	54398467	4769
17	54398584	54398685	8479
17	54400788	54400903	3335
17	54403497	54403768	19489
17	54428106	54428347	8015
17	54431180	54431421	17717
17	54449982	54450223	12926
17	54451927	54452085	9638
17	54517675	54517796	4154
17	54520187	54520308	3235
17	54526430	54526557	8579
17	54534180	54534331	3900
17	54534562	54534803	2918
17	54535160	54535401	16513
17	54543703	54543944	17446
17	54554837	54555051	12693
17	54557982	54558223	10087
17	54559661	54560028	24913
17	54569547	54569714	5490
17	54576242	54576459	7934
17	54587833	54588630	51701
17	54671022	54671122	1916
17	54671244	54671345	366
17	54671382	54672952	79549
17	54872331	54872602	13258
17	54892188	54892340	13197
17	54893058	54893299	25273
17	54912117	54912630	41569
17	54921338	54921579	16310
17	54922989	54923230	7382
17	54925233	54925474	18365
17	54926014	54926255	6812
17	54926506	54926627	4739
17	54933863	54933996	7565
17	54935899	54936050	4459
17	54939094	54939335	8984
17	54939491	54939627	7003
17	54939911	54940182	13960
17	54967955	54968294	15885
17	54968623	54968724	1826
17	54968994	54969625	25456
17	54972691	54972812	9670
17	54972832	54972983	8250
17	54973238	54973359	3791
17	54976417	54976568	7828
17	54978708	54978979	18641
17	54981606	54981859	32225
17	54985785	54985936	9216
17	54990659	54991410	36216
17	55016237	55016361	2863
17	55016412	55016533	5909
17	55019378	55019499	7509
17	55023746	55023897	7267
17	55026710	55026831	6753
17	55027023	55027144	14372
17	55027202	55028403	64472
17	55038076	55038437	11747
17	55055457	55055608	5257
17	55058395	55058636	18055
17	55062692	55062843	12607
17	55065012	55065253	15319
17	55065552	55065673	9719
17	55068434	55068555	9231
17	55072269	55072420	4429
17	55072810	55073051	17283
17	55074308	55074459	3908
17	55075736	55075869	9836
17	55078163	55078404	31437
17	55079309	55079580	14293
17	55083503	55083624	15206
17	55123358	55123806	40540
17	55182751	55184582	92035
17	55185279	55185409	11793
17	55187301	55187572	29509
17	55189100	55189341	30029
17	55189764	55190035	21212
17	55191787	55192028	14211
17	55193395	55193666	23383
17	55194193	55194314	11976
17	55195717	55195838	10188
17	55196318	55196439	15889
17	55197556	55197768	28672
17	55198061	55198162	9719
17	55198274	55198450	12787
17	55334073	55334194	258
17	55334362	55334519	10113
17	55334806	55334957	2905
17	55335611	55335732	5158
17	55339471	55339592	2918
17	55348589	55348689	5914
17	55478694	55478845	7059
17	55606999	55607120	4150
17	55674208	55674329	5029
17	55693266	55693471	13685
17	55704565	55704686	9185
17	55709110	55709231	3990
17	55709403	55709504	5647
17	55727972	55728072	9141
17	55729399	55729550	9607
17	55751318	55751419	2628
17	55752207	55752529	19605
17	55753052	55753152	14598
17	55754307	55754434	13919
17	55756888	55756988	9621
17	55822101	55822702	28634
17	55917068	55917339	19937
17	55918248	55918469	13969
17	55918491	55918642	5087
17	55926534	55926805	9450
17	55927258	55927409	10236
17	55940439	55940539	7937
17	55943780	55943931	7724
17	55944685	55944806	4867
17	55945496	55945617	4882
17	55946457	55946578	4853
17	55948597	55948748	9035
17	55949998	55950239	19378
17	55950863	55951134	17461
17	55956884	55957118	15514
17	55962499	55963011	30995
17	56048929	56049200	11836
17	56049362	56049610	7840
17	56049828	56050139	8188
17	56050177	56050278	3473
17	56050768	56050950	7630
17	56051124	56051369	10609
17	56051462	56051563	2563
17	56051590	56052287	27588
17	56056464	56056764	19595
17	56057934	56058175	18273
17	56059204	56059325	8584
17	56060049	56060766	80574
17	56065405	56065535	407
17	56078413	56078575	3919
17	56081109	56081227	4253
17	56081245	56081390	5226
17	56081509	56081644	5886
17	56081843	56083367	53617
17	56083644	56083915	9594
17	56084250	56084521	15853
17	56084527	56084627	4875
17	56160902	56161002	337
17	56164366	56164637	13527
17	56166450	56166788	48136
17	56232499	56233460	87849
17	56234276	56234673	16671
17	56234711	56235192	34445
17	56246967	56247958	95203
17	56270154	56270305	6038
17	56270354	56270505	7792
17	56270668	56270939	12672
17	56270982	56271496	18542
17	56272306	56272547	6957
17	56274277	56274638	22959
17	56276329	56276600	19353
17	56276846	56277207	23052
17	56277519	56277790	21323
17	56280349	56280740	13524
17	56281562	56281803	15504
17	56282867	56283108	8861
17	56283424	56283545	11328
17	56283601	56283926	19029
17	56284361	56284632	10947
17	56285217	56285372	7859
17	56285439	56285560	8412
17	56285847	56285968	8397
17	56287961	56288112	4594
17	56288300	56288421	4468
17	56289675	56289826	9316
17	56290305	56290461	12917
17	56291116	56291240	11232
17	56291562	56291803	20621
17	56292089	56292210	6098
17	56293405	56293646	11207
17	56294000	56294121	9966
17	56295971	56296100	8256
17	56296490	56296611	6227
17	56296797	56296898	2270
17	56320314	56320435	7814
17	56321329	56321452	2857
17	56324797	56325038	13440
17	56326328	56326599	14962
17	56326870	56327111	2374
17	56327727	56328000	19629
17	56329194	56329330	6329
17	56329523	56329884	24232
17	56332100	56332371	23520
17	56342027	56342388	22645
17	56343479	56343720	10381
17	56344647	56345008	16924
17	56345100	56345371	14145
17	56347969	56348240	23606
17	56348953	56349314	19248
17	56350042	56350313	17175
17	56350691	56351082	43170
17	56351503	56351624	9695
17	56352862	56353102	19731
17	56355135	56355526	27064
17	56356350	56356591	8710
17	56356601	56357065	22437
17	56357136	56357407	19997
17	56357682	56357833	10518
17	56357921	56358162	6073
17	56378609	56378751	5227
17	56378864	56378965	5290
17	56379124	56379225	2819
17	56379597	56379838	10996
17	56381684	56381805	5446
17	56381971	56382084	5334
17	56382157	56382655	30455
17	56382692	56382843	6120
17	56382891	56383014	2998
17	56383148	56383269	4945
17	56383677	56383798	16618
17	56384093	56384364	17901
17	56384926	56385312	13337
17	56385854	56386754	53073
17	56387244	56387557	9589
17	56387811	56388625	67472
17	56388886	56389127	16034
17	56389243	56390093	50677
17	56393374	56393503	5069
17	56393722	56393963	15175
17	56395605	56395846	39948
17	56396431	56396672	12162
17	56397388	56397539	8933
17	56397846	56397967	6505
17	56399629	56399783	10086
17	56399924	56400195	13789
17	56400294	56400415	3859
17	56400609	56400760	8873
17	56400776	56400927	14807
17	56402146	56402387	2891
17	56402863	56403104	9767
17	56403566	56403837	12075
17	56404034	56404161	5790
17	56404933	56405294	18479
17	56408568	56408704	4808
17	56423579	56423700	3985
17	56424515	56424666	3741
17	56424856	56424977	4509
17	56428753	56428879	4609
17	56429400	56429521	5879
17	56431075	56431260	8903
17	56431310	56431410	9139
17	56431908	56432009	5293
17	56432264	56432385	6332
17	56434526	56436226	112182
17	56437469	56437622	9977
17	56438103	56438344	14779
17	56439865	56440019	7531
17	56440550	56440821	17022
17	56440832	56440983	3982
17	56448181	56448452	13114
17	56492601	56492992	18013
17	56498336	56498436	4424
17	56498672	56498773	3580
17	56498991	56499092	843
17	56499258	56499359	4282
17	56499694	56499815	7233
17	56536096	56536337	27622
17	56540102	56540703	58360
17	56544231	56544352	9799
17	56557199	56557680	34512
17	56564972	56565645	4690
17	56567183	56567442	10414
17	56567689	56567970	16995
17	56568104	56568300	9358
17	56568485	56568586	12598
17	56568638	56568739	19489
17	56568884	56568985	8522
17	56568991	56569232	24947
17	56569824	56569975	6695
17	56570193	56570323	6845
17	56572270	56573711	99149
17	56581030	56581301	14141
17	56581374	56581876	43397
17	56582086	56582357	16802
17	56582823	56582954	6293
17	56584046	56584287	6996
17	56584430	56584701	8905
17	56585512	56585645	5299
17	56585785	56585936	11810
17	56585970	56586241	8107
17	56588739	56588890	11196
17	56589657	56589928	10156
17	56590196	56590347	5403
17	56591723	56591850	4231
17	56593880	56594010	3607
17	56597618	56597718	3707
17	56597755	56597906	5401
17	56598062	56598213	7021
17	56598318	56598559	7299
17	56598601	56598722	2099
17	56598895	56599514	59475
17	56602349	56602620	12256
17	56603007	56603158	10542
17	56603536	56603687	10694
17	56604009	56604370	9106
17	56604442	56604569	7095
17	56606444	56606565	6473
17	56609261	56609382	0
17	56616569	56616670	1926
17	56617980	56618080	616
17	56619100	56619371	6164
17	56619895	56621606	140837
17	56634115	56634216	5082
17	56634328	56634449	6895
17	56635124	56635245	4160
17	56636804	56636933	12682
17	56638835	56638986	7502
17	56642218	56642339	7984
17	56643055	56643206	8009
17	56646525	56646646	3715
17	56647704	56647855	7176
17	56649263	56649504	5329
17	56650454	56650725	30941
17	56651517	56651638	10793
17	56654709	56654830	6370
17	56656997	56657118	1192
17	56658910	56659151	8510
17	56661849	56661971	7120
17	56663121	56663482	19997
17	56664923	56665044	6656
17	56665174	56665392	14709
17	56670906	56671032	17163
17	56676113	56677051	60182
17	56679120	56679361	13185
17	56679734	56679975	12330
17	56682293	56682534	20290
17	56688459	56688730	22563
17	56690692	56690963	21298
17	56692558	56692716	8088
17	56693479	56693720	6674
17	56694848	56694999	2580
17	56698927	56699198	7952
17	56700139	56700410	10943
17	56707736	56707977	11006
17	56729173	56729414	14864
17	56737907	56738988	96449
17	56769955	56770196	6365
17	56772209	56772600	8693
17	56774015	56774256	38268
17	56780502	56780743	5438
17	56783840	56784007	8488
17	56787183	56787405	18274
17	56798078	56798199	2478
17	56801369	56801490	4822
17	56809813	56809934	5465
17	56811469	56811593	3467
17	56833139	56833249	2229
17	56833322	56833873	8954
17	57018438	57018539	3097
17	57022675	57023322	15917
17	57032947	57033188	13593
17	57043003	57043274	16168
17	57046872	57047113	27307
17	57049443	57049684	11358
17	57050148	57050299	9875
17	57057322	57058403	55927
17	57059057	57059256	25652
17	57059416	57059517	4144
17	57060219	57060340	4113
17	57060495	57060666	4010
17	57060739	57060939	9671
17	57060984	57061085	3009
17	57061130	57061327	15154
17	57061407	57061522	11062
17	57061612	57061713	7378
17	57062009	57062109	1307
17	57062273	57062374	3254
17	57062443	57062554	6816
17	57066155	57066325	4125
17	57070863	57070963	3006
17	57076626	57076830	13328
17	57078907	57079136	7233
17	57089633	57089867	7982
17	57092914	57093179	11991
17	57094599	57094840	16485
17	57105748	57106109	18823
17	57109232	57109473	9544
17	57119155	57119276	7225
17	57124990	57125231	13753
17	57126525	57126766	15606
17	57128510	57128751	15318
17	57134204	57134445	9638
17	57138369	57138490	7991
17	57139907	57140028	3962
17	57141679	57141800	5884
17	57148124	57148365	8957
17	57152980	57153101	5635
17	57157055	57157296	17663
17	57158443	57158638	12674
17	57161345	57161466	2289
17	57165558	57165829	6572
17	57168589	57168740	4902
17	57181613	57181765	5863
17	57181789	57181910	6017
17	57183720	57183871	5990
17	57184034	57184135	522
17	57189583	57189731	4546
17	57196646	57196887	17202
17	57208623	57208744	5570
17	57215054	57215295	13275
17	57228472	57228607	7286
17	57232259	57232575	16545
17	57247094	57247294	6753
17	57260053	57260174	19658
17	57262368	57262609	8636
17	57262740	57262933	9418
17	57270804	57271190	18598
17	57272105	57272226	3686
17	57272682	57272814	6251
17	57274878	57274999	4138
17	57275010	57275161	3815
17	57278896	57279017	4764
17	57287360	57289191	123184
17	57289623	57289894	11330
17	57290044	57291005	56170
17	57292143	57292384	29780
17	57292440	57292541	19773
17	57297833	57298161	16657
17	57311812	57311933	6518
17	57322721	57322962	12271
17	57326062	57326183	12373
17	57334420	57334661	12665
17	57335095	57335216	5222
17	57344347	57344588	18344
17	57348235	57348386	10272
17	57350110	57350248	9522
17	57350951	57351192	9901
17	57351201	57351326	4994
17	57352469	57352622	8269
17	57409017	57409185	57
17	57430554	57431073	15548
17	57465648	57465769	12905
17	57466711	57466839	7826
17	57474445	57474845	32155
17	57476504	57476605	2574
17	57477150	57477250	2731
17	57477428	57477529	4742
17	57477678	57477867	7561
17	57478129	57478293	18113
17	57478819	57478919	20586
17	57478957	57479105	15093
17	57642923	57643179	33915
17	57643950	57644191	13962
17	57647830	57648043	15601
17	57650415	57650606	18931
17	57651091	57651338	12963
17	57651520	57651641	27188
17	57652659	57652871	13817
17	57654615	57654736	8097
17	57656814	57656935	3531
17	57657027	57657268	52385
17	57663492	57663613	5432
17	57665214	57665455	13485
17	57676033	57676274	36828
17	57676726	57676854	16892
17	57679868	57679989	5973
17	57682449	57682570	12857
17	57682797	57683045	12506
17	57684312	57684605	10520
17	57684764	57684865	4510
17	57684972	57685111	5867
17	57685133	57685277	1442
17	57685458	57685580	14291
17	57685596	57685720	10731
17	57697257	57697387	13887
17	57697428	57697584	24364
17	57721589	57721860	11261
17	57723328	57723429	3755
17	57724711	57725072	19672
17	57725560	57725801	18912
17	57728551	57728702	5016
17	57733180	57733421	7967
17	57737729	57737970	18692
17	57738782	57739023	8773
17	57741157	57741398	15636
17	57742087	57742328	13307
17	57743381	57743652	14199
17	57743801	57744042	14261
17	57744145	57744367	6190
17	57746068	57746339	25705
17	57750264	57750364	6511
17	57750949	57751190	11212
17	57752011	57752252	19490
17	57754280	57754559	9659
17	57756697	57756938	12737
17	57758224	57758465	13290
17	57758626	57758867	6134
17	57758982	57759223	7414
17	57759589	57759830	9362
17	57759950	57760191	27421
17	57760258	57760385	7911
17	57760418	57760659	7242
17	57760701	57761171	12956
17	57761226	57761356	5340
17	57762380	57762621	9422
17	57762937	57763179	11322
17	57767973	57768099	9837
17	57771029	57771270	27394
17	57771278	57771441	12638
17	57771471	57771635	6002
17	57771717	57771861	15719
17	57771868	57771968	14431
17	57772397	57772498	3536
17	57774738	57775369	39149
17	57776182	57776283	2987
17	57776473	57777269	55860
17	57784746	57784846	6525
17	57808781	57808905	3852
17	57812615	57812886	15413
17	57814797	57814918	11517
17	57816188	57816318	6145
17	57842295	57842535	8490
17	57851059	57851300	8682
17	57886135	57886256	9200
17	57888967	57889208	15590
17	57895042	57895163	8129
17	57915615	57915768	9290
17	57917079	57917369	18667
17	57917373	57917474	7297
17	57917749	57917850	4168
17	57917876	57917976	4050
17	57918601	57918723	11509
17	57936935	57937036	2164
17	57937672	57937795	6396
17	57940997	57941236	10073
17	57943918	57944136	18260
17	57951830	57952101	11559
17	57955454	57955705	19305
17	57958241	57958482	10482
17	57962947	57963047	2185
17	57963396	57963637	14385
17	57968143	57968397	7442
17	57970454	57970720	2834
17	57987886	57988007	6274
17	57989983	57990224	16499
17	57991938	57992089	4536
17	58003748	58003989	25351
17	58007445	58007596	10850
17	58008941	58009093	12270
17	58011514	58011635	9837
17	58011778	58011899	6894
17	58012544	58012671	11497
17	58013545	58013666	9139
17	58013772	58013923	7782
17	58018187	58018314	26363
17	58022757	58022889	15018
17	58023849	58024252	19625
17	58024272	58024373	4538
17	58024390	58024568	8921
17	58024592	58025123	31062
17	58025354	58025492	6782
17	58025507	58025665	5224
17	58025769	58025879	2850
17	58026247	58026422	8471
17	58026552	58026706	5260
17	58026765	58026866	3789
17	58026900	58027001	4179
17	58027100	58027201	7990
17	58027270	58027371	3863
17	58027402	58027575	9568
17	58027610	58027799	13191
17	58030039	58030139	4157
17	58030283	58030524	8521
17	58031395	58031517	3646
17	58033820	58033941	3802
17	58034542	58034783	8594
17	58035607	58035848	3518
17	58037417	58037539	5866
17	58039877	58039998	6999
17	58040175	58040656	30051
17	58041935	58042056	8594
17	58050902	58051061	10203
17	58053378	58053499	5098
17	58053953	58054194	34805
17	58064765	58065006	13336
17	58066606	58066725	4996
17	58072963	58073204	53453
17	58073296	58073417	19962
17	58075487	58075608	7454
17	58077351	58077563	17450
17	58078563	58078684	29448
17	58078870	58079111	14374
17	58079603	58079788	16673
17	58085696	58085901	29424
17	58086063	58086467	86918
17	58087345	58087606	107602
17	58087873	58088026	63122
17	58088452	58088574	37712
17	58088916	58089039	69985
17	58089678	58089920	53394
17	58090366	58090487	50370
17	58091594	58091835	89029
17	58092032	58092274	74909
17	58092630	58092751	38158
17	58093173	58093294	43292
17	58094521	58094642	49085
17	58094762	58094883	43229
17	58096253	58096374	19772
17	58120878	58121509	34864
17	58123366	58123607	8428
17	58124656	58124777	12645
17	58125565	58125806	17638
17	58126880	58127121	8295
17	58128119	58128390	15729
17	58131662	58131783	3109
17	58132857	58132978	3788
17	58133450	58133656	5694
17	58134399	58134774	30354
17	58136771	58136892	4150
17	58137202	58137473	4140
17	58143507	58143778	9626
17	58144732	58145123	13672
17	58147019	58147260	12862
17	58148056	58148178	4259
17	58149511	58149752	8113
17	58150461	58150702	7882
17	58151073	58151296	9147
17	58153481	58153608	3275
17	58156044	58156285	9891
17	58165557	58165746	5839
17	58178080	58178201	9084
17	58179575	58180017	42345
17	58191154	58191253	46553
17	58193141	58193242	23721
17	58227363	58227484	446
17	58232610	58232761	9024
17	58233847	58234118	9538
17	58234739	58234980	12968
17	58235008	58235159	5282
17	58235393	58235544	5789
17	58235604	58235845	11223
17	58236536	58236807	13806
17	58239785	58239971	7817
17	58254650	58254917	21971
17	58255318	58255419	3786
17	58255594	58255694	13037
17	58255705	58255806	11821
17	58255886	58255987	12933
17	58256096	58256240	9705
17	58256293	58256393	5952
17	58256441	58256541	10315
17	58256548	58256822	46961
17	58257890	58258011	14345
17	58258655	58259139	60607
17	58260458	58260881	56590
17	58262794	58263036	32854
17	58267832	58268103	23932
17	58270186	58270307	9977
17	58275591	58275832	16901
17	58282792	58283033	39478
17	58284372	58284503	14544
17	58285374	58285615	41950
17	58285980	58286222	26465
17	58286696	58286937	23767
17	58288364	58288489	14765
17	58288684	58288926	37248
17	58289360	58289482	8333
17	58290921	58291042	23531
17	58291936	58292177	25441
17	58296968	58297209	17701
17	58299688	58299959	27351
17	58300738	58300979	6574
17	58303374	58303615	19372
17	58308820	58309061	8296
17	58313458	58313611	8879
17	58327008	58327147	15319
17	58329711	58329832	7471
17	58332516	58332637	5396
17	58342742	58342863	4663
17	58343273	58343514	8266
17	58346801	58346928	4490
17	58348655	58348896	7238
17	58355403	58355711	3731
17	58365842	58366083	8514
17	58371951	58372222	14674
17	58378950	58379102	4653
17	58422754	58423025	8923
17	58469180	58469454	7145
17	58469926	58470047	8345
17	58499815	58500056	15485
17	58503073	58503314	9689
17	58503488	58503729	19644
17	58504037	58504188	4769
17	58506699	58506940	20488
17	58508523	58508644	3072
17	58511219	58511573	21270
17	58512490	58512799	7990
17	58520515	58520641	6496
17	58520706	58520807	7594
17	58520860	58520961	4054
17	58521081	58521181	4692
17	58521213	58521314	3205
17	58521557	58521658	3866
17	58522111	58522212	2571
17	58522601	58522702	3806
17	58522869	58522994	2335
17	58523538	58523639	1795
17	58524254	58524355	2056
17	58524430	58524567	6740
17	58524786	58525248	36571
17	58529202	58529443	15709
17	58531636	58531877	14001
17	58533638	58533759	3886
17	58537964	58538205	5445
17	58539161	58539286	4664
17	58539297	58539448	8978
17	58541365	58541486	6429
17	58543614	58543855	15336
17	58556449	58556690	8524
17	58571781	58572022	5583
17	58577742	58577863	7096
17	58603102	58603349	23720
17	58677705	58678277	7545
17	58700844	58701120	25481
17	58711154	58711395	8721
17	58725226	58725467	17622
17	58733869	58734368	24312
17	58740303	58740934	21572
17	58741298	58741399	6730
17	58741466	58741566	2726
17	58741604	58741807	10036
17	58755203	58755304	27790
17	58756802	58756923	3393
17	58761308	58761429	14534
17	58767023	58767144	8219
17	58786570	58786696	4652
17	58793134	58793234	6274
17	58824538	58824659	4246
17	58885309	58885460	5580
17	58888304	58888425	6911
17	58928742	58928870	4276
17	58945927	58946054	6246
17	58951999	58952120	4230
17	58967032	58967153	5930
17	58979931	58980082	6449
17	58987856	58988097	8046
17	59001753	59001874	10486
17	59024525	59024766	23548
17	59067282	59067643	28874
17	59093065	59093306	28008
17	59104187	59104308	8363
17	59104658	59104868	3651
17	59111967	59112208	7500
17	59115181	59115434	19569
17	59118141	59118263	9757
17	59131059	59131160	1963
17	59147225	59147707	28516
17	59150551	59150651	2614
17	59152269	59152391	3351
17	59155670	59155911	34588
17	59161815	59161937	4158
17	59162461	59162561	5615
17	59444581	59444682	5819
17	59445650	59445891	14866
17	59453941	59454041	4819
17	59457838	59457959	23396
17	59465963	59466084	6586
17	59469260	59469787	73747
17	59477483	59477942	10708
17	59478967	59479358	18806
17	59480343	59480614	30501
17	59481758	59481879	5670
17	59481927	59482426	6617
17	59482518	59483239	13380
17	59485346	59485883	24448
17	59486153	59486254	3847
17	59486512	59486666	9677
17	59489293	59490642	34734
17	59533806	59534064	11327
17	59534853	59535004	11978
17	59543088	59543359	18390
17	59544793	59545064	29078
17	59555912	59556183	14518
17	59557224	59557345	6547
17	59557441	59557690	16309
17	59560177	59560928	36237
17	59561180	59561281	4998
17	59667778	59668577	90399
17	59758966	59759067	7149
17	59760597	59761588	53778
17	59763116	59763541	21950
17	59770770	59770891	5773
17	59793273	59793434	12287
17	59820313	59820554	12581
17	59821751	59821992	13387
17	59853721	59853962	6504
17	59857570	59857805	9875
17	59858162	59858403	9517
17	59861586	59861827	15938
17	59870872	59871143	10064
17	59876439	59876680	11788
17	59878603	59878845	14398
17	59885791	59886152	15923
17	59924400	59924641	11973
17	59926432	59926673	11192
17	59934384	59934625	24428
17	59937147	59937278	5369
17	59938792	59938913	3738
17	59942694	59942938	6116
17	59943211	59943352	1362
17	59944881	59945122	8842
17	59945160	59945394	8125
17	59946326	59946762	26223
17	59947042	59947403	16999
17	59949602	59949843	14230
17	59952215	59952456	14830
17	59955227	59955468	13996
17	59958328	59958569	6458
17	59962192	59962433	14013
17	59967079	59967320	6013
17	59968840	59969081	12206
17	59971071	59971312	5811
17	59972648	59972769	4859
17	59974765	59975124	6825
17	59981762	59982003	9252
17	59984700	59985061	21250
17	59988846	59989087	6407
17	59989244	59989485	17638
17	59996696	59996908	5877
17	59999015	59999256	11896
17	60002269	60002510	19987
17	60003686	60004120	16434
17	60005237	60005358	6325
17	60019925	60020428	19966
17	60020692	60020842	8046
17	60020883	60021217	19489
17	60021487	60021588	10109
17	60022112	60022426	16399
17	60022759	60022860	5462
17	60022881	60023355	19055
17	60023385	60023654	13216
17	60023773	60024014	8473
17	60024236	60024388	7472
17	60028151	60028392	9568
17	60030264	60030519	6810
17	60032721	60032955	10358
17	60032968	60033215	6356
17	60033649	60033890	12998
17	60038218	60038461	4511
17	60038893	60039164	15786
17	60040101	60040342	7584
17	60042356	60042839	35651
17	60043796	60044037	17782
17	60045386	60045629	10242
17	60050017	60050288	12075
17	60059535	60060496	53077
17	60061508	60061749	11044
17	60061997	60062238	12651
17	60062314	60062465	10633
17	60064322	60064532	6435
17	60069880	60070001	3848
17	60072498	60072736	11700
17	60087873	60088612	79492
17	60106892	60107022	5244
17	60107171	60107412	8252
17	60108750	60109021	10640
17	60111125	60111366	7161
17	60112745	60113016	12156
17	60129860	60130101	12860
17	60140418	60140672	10607
17	60142483	60142614	701
17	60215476	60215837	5295
17	60215956	60216077	7772
17	60216945	60217066	10262
17	60217274	60217756	43929
17	60304342	60304442	5283
17	60308823	60308944	32312
17	60314149	60314249	3349
17	60315362	60315483	12853
17	60316169	60316270	7148
17	60316392	60316513	9187
17	60318896	60319037	8502
17	60320408	60320508	6860
17	60324366	60324560	17658
17	60326694	60326795	1374
17	60342276	60342481	45487
17	60342643	60343047	61789
17	60343925	60344186	107813
17	60344481	60344602	49289
17	60345027	60345149	28167
17	60345491	60345614	47534
17	60346252	60346494	78674
17	60346940	60347061	71295
17	60348211	60348452	81731
17	60348650	60348891	42553
17	60349247	60349368	32563
17	60349790	60349911	32097
17	60351138	60351259	42705
17	60351379	60351500	34206
17	60352856	60352977	14428
17	60360047	60360274	41651
17	60361632	60361753	9058
17	60362639	60362875	37295
17	60363240	60363482	28299
17	60363956	60364197	30117
17	60365639	60365760	7078
17	60365958	60366149	18750
17	60366626	60366747	8754
17	60368191	60368312	25711
17	60369195	60369436	13608
17	60374207	60374448	18282
17	60378485	60378585	1045
17	60380941	60381041	3490
17	60381671	60381776	4912
17	60385712	60385812	2845
17	60386252	60386357	5271
17	60392129	60392229	11628
17	60398408	60398513	7126
17	60399254	60399354	1730
17	60405407	60405512	3943
17	60408689	60408789	6169
17	60417432	60417537	3558
17	60418175	60418275	6997
17	60421392	60421497	2904
17	60428034	60428139	6068
17	60430270	60430370	7820
17	60431262	60431367	3750
17	60433224	60433329	3056
17	60446508	60446608	9382
17	60447616	60447716	4466
17	60451151	60451251	7438
17	60455303	60455404	4713
17	60458946	60459282	13278
17	60460316	60460437	6362
17	60464677	60464798	5089
17	60469133	60469374	21070
17	60470878	60471029	5201
17	60472367	60472608	10892
17	60483816	60484057	6228
17	60484359	60484600	10541
17	60491032	60491273	11998
17	60493345	60493706	19275
17	60501197	60501438	30423
17	60501564	60501685	6316
17	60503596	60504077	24662
17	60504913	60505034	12160
17	60505112	60505233	11442
17	60512561	60512682	24019
17	60512932	60513053	25916
17	60517926	60518167	30896
17	60522129	60522334	17630
17	60525033	60525154	14463
17	60525860	60526132	15780
17	60556385	60556659	0
17	60558465	60558586	5700
17	60563063	60563163	4989
17	60598119	60598246	11643
17	60599538	60599659	3142
17	60600455	60600576	10422
17	60601583	60601704	7145
17	60613493	60613734	15100
17	60629649	60629770	8087
17	60631008	60631129	7411
17	60637367	60637497	8091
17	60642308	60642549	20577
17	60650530	60650771	8530
17	60651677	60651801	5719
17	60654041	60654162	5457
17	60655825	60655946	3432
17	60657451	60657572	5507
17	60663480	60663601	2325
17	60673929	60674050	7557
17	60677975	60678216	23036
17	60679350	60679591	13092
17	60683481	60683612	4828
17	60685364	60685519	1648
17	60689688	60689959	17949
17	60690063	60690442	17561
17	60690559	60690660	5236
17	60690799	60690900	3994
17	60705043	60705291	118
17	60741838	60742349	30852
17	60743420	60743661	9646
17	60743746	60744017	11567
17	60744083	60744241	13601
17	60744701	60744942	17355
17	60748952	60749223	20805
17	60749314	60749555	19244
17	60751414	60751541	10582
17	60753087	60753328	10582
17	60753696	60753937	13669
17	60754617	60754858	20136
17	60755784	60756055	14666
17	60757120	60757273	4147
17	60757448	60757719	23829
17	60757735	60757856	12204
17	60758089	60758360	9500
17	60758365	60758516	7925
17	60759156	60759308	9421
17	60759562	60759786	6843
17	60765585	60766063	36893
17	60766203	60766331	12745
17	60766820	60767181	13977
17	60767217	60767711	17792
17	60767911	60768182	16662
17	60768278	60768519	11656
17	60769394	60769545	16173
17	60769580	60769822	17779
17	60769874	60769975	7936
17	60770253	60770437	10776
17	60770487	60770639	3008
17	60770779	60770879	4668
17	60779000	60779151	12375
17	60782829	60782980	13165
17	60788557	60788715	9362
17	60799839	60799968	5942
17	60802230	60802501	16415
17	60813271	60814712	69922
17	60821691	60821932	10013
17	60823508	60823609	1179
17	60824225	60824339	6672
17	60827563	60827897	12299
17	60837160	60837401	10306
17	60865779	60866020	26831
17	60878990	60879111	2964
17	61021551	61021698	13583
17	61086892	61087013	8689
17	61151278	61151399	4144
17	61176510	61176718	15759
17	61228630	61228741	3219
17	61271304	61271545	13611
17	61278103	61278344	13499
17	61315174	61315439	22143
17	61345050	61345291	14441
17	61391708	61392069	13818
17	61396263	61396504	5615
17	61417396	61417757	25548
17	61428572	61428813	5841
17	61432086	61432807	39661
17	61457042	61457252	8225
17	61465935	61466176	14982
17	61466605	61466992	12173
17	61473075	61473316	16880
17	61476167	61476288	10411
17	61482428	61482669	13124
17	61483455	61483696	20691
17	61488838	61489079	18371
17	61489303	61489544	26883
17	61490021	61490156	6969
17	61490888	61491009	8304
17	61492840	61493081	21196
17	61495596	61495837	11510
17	61497347	61499378	109884
17	61511737	61511978	14118
17	61512374	61512645	20504
17	61513039	61513162	7253
17	61513367	61513523	16716
17	61514686	61514927	19955
17	61515383	61515508	4691
17	61554446	61554714	779
17	61555254	61555495	19699
17	61556323	61556474	7639
17	61557080	61557321	13770
17	61557672	61557913	19515
17	61558409	61558560	10190
17	61558861	61559132	28763
17	61559817	61560060	10697
17	61560340	61560581	9380
17	61560808	61560929	12507
17	61561119	61561390	12465
17	61561645	61561916	34983
17	61562206	61562447	6852
17	61562543	61562829	9040
17	61563875	61564116	15067
17	61564329	61564450	3750
17	61565929	61566200	13777
17	61566246	61566517	16986
17	61568272	61568423	8249
17	61568534	61568775	21289
17	61570757	61571030	8410
17	61571233	61571466	14924
17	61571720	61571841	3552
17	61573664	61573935	10543
17	61574101	61574372	17413
17	61574488	61574737	2609
17	61574901	61575002	4890
17	61584182	61584321	16585
17	61584383	61584785	22475
17	61584895	61585083	10815
17	61585316	61585416	8965
17	61585569	61585710	13158
17	61586443	61586635	15957
17	61586723	61586823	6748
17	61586913	61587086	6425
17	61587683	61587826	8284
17	61588048	61588193	10950
17	61590742	61590845	6249
17	61591332	61591455	5956
17	61596288	61596469	23965
17	61600721	61600872	10857
17	61601463	61601740	26373
17	61607411	61607920	52886
17	61611188	61611699	33026
17	61612988	61613469	51735
17	61615374	61615645	26697
17	61615715	61616076	24355
17	61619577	61619818	13081
17	61620917	61621038	7607
17	61621363	61621490	7511
17	61621539	61621810	10899
17	61622380	61622651	12014
17	61622935	61623296	20460
17	61627986	61628227	11456
17	61655788	61656029	12850
17	61656632	61656873	7058
17	61657123	61657364	30593
17	61660144	61660245	1958
17	61660846	61661087	24223
17	61662510	61662751	12187
17	61666326	61666567	16582
17	61666576	61666676	6072
17	61666905	61667006	1866
17	61667172	61667273	6938
17	61667472	61667573	19609
17	61667823	61667924	13558
17	61670657	61670757	9832
17	61671025	61671126	7945
17	61671131	61671231	6995
17	61671373	61671474	6425
17	61671509	61671669	5802
17	61678401	61678762	11826
17	61681884	61682010	10341
17	61683585	61683856	25232
17	61684614	61684855	14204
17	61685140	61685381	17264
17	61699664	61699832	3859
17	61699961	61700200	326
17	61709950	61710221	26381
17	61712053	61712174	5869
17	61723352	61723473	7095
17	61729905	61730026	9754
17	61735144	61735277	4166
17	61744238	61744479	20799
17	61759041	61759312	16647
17	61762852	61762973	9956
17	61765829	61765980	11244
17	61766133	61766254	5783
17	61766878	61767119	8374
17	61767546	61767817	8131
17	61768376	61768647	9639
17	61769006	61769242	12890
17	61769539	61769810	6060
17	61770871	61771147	13955
17	61771162	61771263	9729
17	61771462	61771581	4478
17	61771650	61771779	9725
17	61771790	61771950	8437
17	61771969	61772070	3623
17	61772290	61772455	11577
17	61772541	61772748	12869
17	61772893	61773010	4566
17	61773075	61773305	9470
17	61773358	61773459	4778
17	61773563	61773703	11904
17	61775434	61775653	10885
17	61775840	61776093	12724
17	61776121	61776480	4807
17	61776576	61776697	9323
17	61780173	61780326	7402
17	61780883	61781154	16630
17	61781317	61781468	9170
17	61781611	61781972	25667
17	61782192	61782313	12075
17	61783955	61784109	10950
17	61784541	61784812	20034
17	61787761	61788032	13356
17	61788078	61788206	14669
17	61790705	61790946	23669
17	61791325	61791478	5313
17	61791494	61791615	2444
17	61800580	61800731	9110
17	61803935	61804086	8425
17	61805650	61805771	3476
17	61822596	61822730	4716
17	61823736	61823837	4660
17	61823898	61823999	2214
17	61824219	61824340	11589
17	61829227	61829503	28934
17	61829670	61829799	5636
17	61830068	61830189	3622
17	61831774	61831895	1722
17	61833590	61833720	13133
17	61833818	61833940	8691
17	61838215	61838366	6485
17	61838529	61838758	7970
17	61841341	61841582	7275
17	61842090	61842217	8789
17	61843222	61843583	17175
17	61852452	61852553	6595
17	61864368	61864640	21147
17	61869725	61869966	11129
17	61875367	61875518	6735
17	61876905	61877026	18034
17	61877781	61878022	22975
17	61882391	61882545	2598
17	61883833	61884074	11155
17	61885050	61885291	19008
17	61886122	61886363	12909
17	61886908	61887029	8407
17	61887835	61887956	4960
17	61888423	61888544	4805
17	61889218	61889609	9735
17	61890578	61890824	12305
17	61892913	61893043	8757
17	61894215	61894336	7056
17	61895044	61895768	29822
17	61895777	61895878	5436
17	61896054	61896155	10223
17	61896572	61896673	2882
17	61897136	61897377	30344
17	61897424	61897545	12650
17	61897585	61897826	8968
17	61898187	61898308	12283
17	61898371	61898492	10802
17	61898677	61899262	40201
17	61899284	61899555	17245
17	61901093	61901364	14407
17	61901378	61901648	12906
17	61901669	61901790	3398
17	61901955	61902107	12548
17	61902175	61902299	12494
17	61902344	61902818	25566
17	61902884	61903005	6063
17	61903394	61903515	7248
17	61903549	61903700	5207
17	61903917	61904042	5238
17	61904167	61904288	3016
17	61904801	61904922	17814
17	61905216	61905337	3923
17	61905472	61905593	2404
17	61906824	61906948	12880
17	61907199	61907320	7260
17	61907459	61907580	10319
17	61907621	61907871	14951
17	61908121	61908610	25137
17	61908644	61908795	4105
17	61908829	61908986	3269
17	61909065	61909186	10146
17	61909241	61909362	6074
17	61909629	61910061	20173
17	61910240	61910838	31406
17	61910893	61911134	20344
17	61911256	61911377	8252
17	61911486	61911727	5200
17	61911763	61912004	15521
17	61912051	61912172	15803
17	61912728	61912969	9291
17	61914221	61914462	12969
17	61914514	61914635	5839
17	61914771	61915051	19474
17	61915641	61915742	3544
17	61919704	61920091	537
17	61932153	61932254	6038
17	61934516	61934787	10479
17	61936663	61936984	20748
17	61937233	61937516	17408
17	61938047	61938230	10249
17	61939648	61939755	8166
17	61939801	61939902	6214
17	61940084	61940308	47985
17	61948400	61948521	20500
17	61949463	61949793	89522
17	61949873	61950374	77197
17	61950458	61950738	31308
17	61950878	61951029	16962
17	61957592	61958568	168780
17	61958647	61958918	18775
17	61959095	61959216	13082
17	61971297	61971418	14314
17	61972328	61973692	210136
17	61973775	61973926	20637
17	61985985	61986150	21562
17	61987017	61988378	229061
17	61988460	61988611	19423
17	61994542	61994887	90926
17	61995080	61995556	40235
17	61995634	61995905	21778
17	61996040	61996191	19778
17	62006321	62006475	9357
17	62006543	62006694	5294
17	62006723	62006874	5905
17	62007067	62007308	22801
17	62007408	62007785	33058
17	62008630	62008781	9149
17	62009526	62009647	16898
17	62016078	62016179	5950
17	62016458	62016559	3190
17	62017991	62019401	104146
17	62020139	62020500	26638
17	62021077	62021277	17855
17	62021980	62022221	17036
17	62022332	62022453	5949
17	62022677	62023038	25660
17	62024344	62024585	10611
17	62025215	62025456	18552
17	62025926	62026167	7055
17	62026699	62026940	13530
17	62028774	62029325	25334
17	62034458	62034939	41793
17	62036590	62036831	13484
17	62038490	62038851	38090
17	62040987	62041228	19972
17	62041811	62042052	16670
17	62043411	62043652	15946
17	62043811	62043932	6170
17	62045367	62045728	41042
17	62048506	62048627	3045
17	62049024	62049265	10469
17	62049478	62049600	7819
17	62049649	62049860	17056
17	62049905	62050244	18259
17	62075704	62075805	916
17	62076054	62076155	1104
17	62076327	62076434	12280
17	62078443	62078670	22274
17	62078811	62078912	4686
17	62079056	62079332	9900
17	62080044	62080315	20531
17	62080952	62081343	24002
17	62082418	62082779	28063
17	62083959	62084080	3278
17	62121332	62121573	36425
17	62122192	62122313	4978
17	62122659	62122900	6685
17	62125160	62125401	10131
17	62126367	62126608	12804
17	62130118	62130359	22509
17	62130620	62130741	3708
17	62131583	62131824	11136
17	62132081	62132202	6391
17	62133001	62133318	11936
17	62135136	62135377	13177
17	62137794	62138007	26177
17	62141307	62141548	16387
17	62142546	62142667	4330
17	62143980	62144341	30444
17	62145479	62145720	12054
17	62149282	62149521	13406
17	62152489	62152630	5862
17	62156996	62157117	4051
17	62158090	62158211	7502
17	62175419	62175740	15184
17	62175775	62175975	17034
17	62207279	62207442	329
17	62207458	62207557	189
17	62223416	62223537	17389
17	62223613	62223884	15515
17	62224983	62225084	5686
17	62225086	62225187	5314
17	62225274	62225375	3897
17	62225655	62225809	21462
17	62226068	62226232	6184
17	62226268	62226509	10103
17	62228139	62228380	13186
17	62230258	62230529	19879
17	62232143	62232384	4361
17	62238075	62238346	14740
17	62248448	62248569	6009
17	62254606	62254877	6726
17	62265480	62265841	7977
17	62270902	62271263	23252
17	62272233	62272474	25930
17	62289896	62291635	117611
17	62385675	62386102	23733
17	62399145	62399430	22705
17	62401129	62401330	8587
17	62407009	62407130	4034
17	62461552	62461673	8847
17	62462531	62462804	17957
17	62463646	62463767	13009
17	62473901	62474142	12826
17	62476394	62476516	7364
17	62479014	62479135	3191
17	62481793	62482025	13234
17	62486878	62487119	8591
17	62488745	62488899	8084
17	62488953	62489194	15770
17	62492504	62493105	36459
17	62495730	62496482	35708
17	62496657	62497000	17183
17	62497347	62497447	4827
17	62498096	62498217	4580
17	62498249	62498370	2688
17	62498546	62498677	6611
17	62499008	62499249	11331
17	62499264	62499738	24372
17	62499862	62500013	10401
17	62500046	62500287	8481
17	62500326	62500447	4843
17	62500756	62500997	4820
17	62501835	62501935	2414
17	62502154	62502312	9051
17	62503130	62503284	32853
17	62504650	62504893	22302
17	62506223	62506464	22225
17	62510290	62510531	21590
17	62512772	62513013	10791
17	62515375	62515616	14771
17	62517461	62517702	28590
17	62518795	62519036	12127
17	62521822	62522063	12940
17	62522132	62522373	8633
17	62523184	62523425	10350
17	62525354	62525595	16611
17	62527028	62527151	4248
17	62527952	62528193	9929
17	62528920	62529161	12162
17	62529210	62529331	7189
17	62530657	62530933	19018
17	62532671	62532912	12625
17	62533133	62533254	1017
17	62533687	62534014	20652
17	62540973	62541073	1992
17	62541375	62541476	5553
17	62541534	62541812	12091
17	62541824	62542075	8536
17	62542357	62542478	7011
17	62543697	62543938	15854
17	62547640	62547881	20883
17	62550921	62551162	6868
17	62551905	62552146	13046
17	62553661	62553902	7627
17	62557608	62557731	7372
17	62558865	62559106	18790
17	62567873	62568114	15859
17	62574560	62574711	5527
17	62576886	62577127	13239
17	62579529	62579680	21576
17	62582154	62582305	8426
17	62587173	62587294	11417
17	62589521	62589744	22214
17	62590108	62590222	2955
17	62594462	62594618	9038
17	62602677	62602798	6504
17	62638686	62638786	4909
17	62657922	62658412	200
17	62745409	62745509	4888
17	62746009	62746130	11248
17	62746577	62747038	44731
17	62747191	62747428	28432
17	62747626	62747726	4773
17	62747924	62748074	11881
17	62750093	62750233	15850
17	62750534	62750775	35900
17	62754359	62754497	14153
17	62754633	62754734	10171
17	62757978	62758165	16640
17	62758469	62758828	31681
17	62759900	62760001	3809
17	62775099	62775199	17769
17	62776097	62776323	12782
17	62776460	62776948	24976
17	62777551	62777734	1371
17	62781377	62781505	10006
17	62782642	62782883	41340
17	62783336	62783457	5712
17	62788442	62788683	9151
17	62793333	62793574	56206
17	62796095	62797056	72506
17	62800888	62801239	26272
17	62810931	62811292	37894
17	62817008	62817257	23503
17	62817864	62818561	54872
17	62820685	62821046	26802
17	62825241	62825362	33369
17	62845796	62846157	52831
17	62850678	62850799	26980
17	62850805	62850938	23452
17	62851932	62852059	25615
17	62854887	62855011	11816
17	62855544	62857105	261180
17	62858955	62859197	74382
17	62864555	62864677	11319
17	62865187	62865308	8079
17	62877205	62877326	17078
17	62882182	62882304	19281
17	62882907	62883028	10885
17	62885773	62885894	29275
17	62888621	62888742	23419
17	62888785	62889025	59577
17	62890749	62893390	447174
17	62923720	62923960	19257
17	62924698	62924819	14665
17	62949902	62950023	9929
17	62950142	62950263	10250
17	62950502	62950623	14123
17	62952361	62952722	39860
17	62968595	62968780	17351
17	62968908	62969063	8180
17	62969316	62969677	16810
17	62971152	62971699	25655
17	63007640	63007741	2470
17	63009706	63009807	3516
17	63010244	63010345	5546
17	63010359	63010960	74148
17	63014334	63014455	5836
17	63049610	63049856	17394
17	63052419	63052743	20890
17	63133595	63133746	3758
17	63149496	63149647	10638
17	63154376	63154497	10362
17	63156312	63156467	10085
17	63156588	63156739	6430
17	63156936	63157057	12743
17	63159107	63159228	2506
17	63164267	63164418	11917
17	63173794	63173945	22698
17	63185357	63185478	4755
17	63186262	63186383	11672
17	63189651	63189784	12134
17	63193180	63193421	9991
17	63198063	63198214	9918
17	63200228	63200469	18025
17	63204021	63204142	5539
17	63206543	63206784	8124
17	63217199	63217300	4387
17	63221030	63221661	61778
17	63223337	63223578	19786
17	63223733	63223833	14799
17	63524661	63524837	5466
17	63525405	63525505	1435
17	63525628	63525728	1857
17	63525954	63526276	12228
17	63529992	63530233	14194
17	63531730	63531851	3826
17	63532428	63532704	3913
17	63532932	63533203	10219
17	63533366	63533997	43326
17	63534236	63534510	15043
17	63537562	63537685	5340
17	63545556	63545827	12389
17	63553909	63554750	61314
17	63631980	63632150	5576
17	63633212	63633333	7374
17	63637071	63637193	10009
17	63639742	63640031	17633
17	63640055	63640213	15093
17	63680265	63680365	2916
17	63685230	63685351	6094
17	63739139	63739380	13318
17	63746749	63746870	7849
17	63822185	63822456	24939
17	63847912	63848162	14917
17	63898239	63898480	18409
17	63923686	63923817	5459
17	63957527	63957768	6478
17	64001786	64001907	8506
17	64023587	64023708	9620
17	64024415	64024536	5169
17	64025184	64025425	27771
17	64025942	64026183	11078
17	64049804	64050045	26194
17	64059022	64059259	6535
17	64062884	64063005	2922
17	64066014	64066135	7561
17	64092346	64092467	6179
17	64092631	64092776	4764
17	64125799	64125952	3406
17	64128743	64128894	4654
17	64171126	64171367	14053
17	64172921	64173162	14003
17	64179302	64179435	5106
17	64187757	64187878	9097
17	64208217	64208338	2492
17	64210548	64210789	19713
17	64212874	64213115	23254
17	64216644	64216885	22203
17	64219770	64219921	4594
17	64222132	64222253	3694
17	64224104	64224345	14084
17	64225404	64225525	3512
17	64298934	64299175	20213
17	64302168	64302289	2594
17	64303947	64304048	5559
17	64492298	64492449	7214
17	64493899	64494059	9516
17	64496757	64496858	15600
17	64497548	64497665	7488
17	64498572	64498692	3705
17	64499905	64500006	4743
17	64500735	64500835	1884
17	64503630	64503749	8085
17	64515494	64515607	15092
17	64515797	64515970	4628
17	64519711	64519818	2546
17	64523988	64524125	1969
17	64525391	64525524	9296
17	64526148	64526314	19811
17	64528123	64528321	7889
17	64529477	64529596	10389
17	64531949	64532088	9360
17	64534711	64534849	18292
17	64535065	64535184	7519
17	64535375	64535550	8330
17	64536270	64536380	3545
17	64536883	64536983	11166
17	64539843	64540011	10996
17	64541461	64541608	2855
17	64542981	64543166	17200
17	64543395	64543536	22250
17	64551224	64551450	8552
17	64552232	64552335	4498
17	64552907	64553071	1956
17	64557018	64557225	13979
17	64633173	64633274	5232
17	64637437	64637594	15626
17	64641413	64641684	13713
17	64683155	64683426	21027
17	64684365	64684606	12217
17	64685055	64685176	6658
17	64728723	64728994	14140
17	64731572	64731813	23908
17	64734836	64734987	14632
17	64737746	64737867	6700
17	64738687	64738928	20693
17	64770053	64770233	13579
17	64782975	64783102	14655
17	64783118	64783311	17666
17	64784875	64785146	9683
17	64792539	64792639	7239
17	64799951	64800192	16595
17	64800473	64800574	4074
17	64800859	64801034	12157
17	64801427	64801528	4769
17	64804419	64804600	8210
17	64805459	64805560	3527
17	64873427	64873668	22530
17	64875071	64875192	5104
17	64876622	64876849	18241
17	64880573	64881414	73613
17	64961006	64961257	1481
17	65014255	65014406	9617
17	65020924	65021165	20099
17	65026519	65027150	33832
17	65027450	65028235	44676
17	65029089	65029190	3996
17	65040767	65041015	17389
17	65050057	65050208	2805
17	65051166	65051407	14443
17	65052151	65052397	18723
17	65052573	65052674	7950
17	65067326	65067427	3660
17	65068027	65068127	7213
17	65068471	65068571	6555
17	65069316	65069417	4817
17	65069450	65069551	3458
17	65072016	65072205	8538
17	65073329	65073429	3971
17	65073772	65073872	5861
17	65073884	65074018	10602
17	65074065	65074280	7027
17	65074353	65074714	12879
17	65082889	65083250	19425
17	65103241	65103842	56607
17	65104546	65104852	12591
17	65105185	65105816	50725
17	65110388	65110539	6927
17	65116503	65116744	13570
17	65119059	65119300	16940
17	65120013	65120164	2777
17	65124717	65124988	13256
17	65132076	65132324	19391
17	65134017	65134258	24638
17	65141811	65142052	13136
17	65144606	65144877	14789
17	65145920	65146161	12767
17	65147129	65147370	12845
17	65156366	65156488	6321
17	65156981	65157222	25142
17	65162537	65162778	12608
17	65163564	65163925	11135
17	65174727	65175081	12897
17	65184402	65184763	20076
17	65185695	65185822	12867
17	65186250	65186491	27501
17	65190029	65190180	4203
17	65191499	65191620	5302
17	65197175	65197332	19990
17	65199375	65199616	12794
17	65211971	65212092	4070
17	65214694	65214935	14546
17	65336855	65337183	19330
17	65338279	65338400	7369
17	65340687	65340928	18519
17	65341851	65341983	3943
17	65343177	65343646	15756
17	65344656	65344780	5667
17	65346335	65346462	4598
17	65353361	65353724	12106
17	65362461	65362645	16954
17	65374201	65374354	177
17	65375221	65375322	2909
17	65467580	65467800	18856
17	65527537	65527638	4143
17	65528870	65529111	13006
17	65548355	65548476	4209
17	65549668	65549789	9793
17	65556497	65556597	6668
17	65574187	65574397	7429
17	65628245	65628366	4412
17	65665580	65665821	14693
17	65671565	65671686	10337
17	65683119	65683360	9497
17	65688664	65689025	14707
17	65689411	65689511	4417
17	65689528	65689629	3930
17	65713982	65714253	11125
17	65715780	65715913	9860
17	65715988	65716109	5135
17	65717452	65717687	11270
17	65718663	65718784	10704
17	65720115	65720356	8471
17	65722548	65722789	22892
17	65730455	65730576	3961
17	65731956	65732197	15399
17	65732764	65732885	4361
17	65733162	65733283	3504
17	65733594	65733835	14277
17	65733904	65734145	10794
17	65734228	65734481	6683
17	65735025	65735146	6269
17	65735586	65735737	9600
17	65736784	65736915	6878
17	65739585	65739712	6733
17	65739795	65740036	12363
17	65821831	65822490	10915
17	65850015	65850888	80504
17	65862540	65862813	18226
17	65870913	65871154	4716
17	65871614	65871885	7526
17	65882186	65882457	10907
17	65887933	65888174	6630
17	65889476	65889851	29311
17	65890094	65890335	16322
17	65899805	65900107	18786
17	65900765	65901006	10369
17	65905666	65905907	8111
17	65906941	65909362	64059
17	65914804	65915005	12329
17	65916073	65916314	15407
17	65918909	65919150	9496
17	65920622	65920773	6254
17	65924382	65924773	46474
17	65925074	65925236	4165
17	65925406	65925647	9667
17	65928017	65928145	5243
17	65936542	65936783	12000
17	65940225	65940498	17313
17	65941467	65942486	44969
17	65943821	65943942	11534
17	65944158	65944432	6164
17	65955600	65956007	10652
17	65959414	65959655	16486
17	65960272	65960543	26513
17	65962638	65962789	6241
17	65971859	65972100	9885
17	65977504	65977605	6439
17	65978324	65978445	3118
17	65978760	65979020	7342
17	65979199	65979337	2489
17	65979530	65979631	9247
17	65979793	65979986	14008
17	65980245	65980505	17341
17	65988002	65988243	19281
17	65989025	65989352	16884
17	65989539	65990100	301
17	65992226	65992326	7422
17	66033224	66033345	9023
17	66033421	66033662	17954
17	66036776	66036897	9718
17	66038153	66038514	34228
17	66039006	66039127	13095
17	66039166	66039527	33732
17	66039944	66040197	30707
17	66040406	66040647	28807
17	66041841	66042082	21178
17	66042610	66042735	14985
17	66042760	66042954	14225
17	66091805	66091926	4651
17	66110571	66110672	7186
17	66118132	66118233	16134
17	66121702	66122035	16786
17	66122585	66122946	83698
17	66124169	66124410	29382
17	66126344	66126463	35327
17	66130541	66130714	13002
17	66131238	66131590	38614
17	66136747	66136848	9763
17	66140922	66141023	13713
17	66141652	66141752	11600
17	66143578	66143678	21109
17	66145968	66146807	153867
17	66150690	66150790	7443
17	66152719	66152819	3656
17	66165964	66166425	8656
17	66195049	66195290	25515
17	66246288	66246649	20717
17	66246900	66247374	34267
17	66250505	66250746	13630
17	66251807	66252048	8723
17	66252911	66253152	21507
17	66264513	66264614	4555
17	66264935	66265165	11041
17	66265180	66265541	46241
17	66266966	66267807	67869
17	66268692	66268963	22343
17	66269988	66270259	7899
17	66274220	66274471	9514
17	66303622	66303863	20842
17	66339717	66339958	11255
17	66343228	66343349	5928
17	66347706	66347837	5979
17	66352725	66352996	21435
17	66364635	66364906	7897
17	66366533	66366684	14117
17	66381167	66381323	5653
17	66391152	66391393	29244
17	66397454	66397605	9273
17	66416285	66416646	17906
17	66417876	66417997	3218
17	66420567	66420714	4957
17	66422194	66422326	3396
17	66423213	66423454	14787
17	66424932	66425087	6149
17	66426097	66426338	24402
17	66429571	66429726	12600
17	66430640	66430791	5442
17	66431715	66431866	15179
17	66432480	66432631	7006
17	66440620	66440741	8541
17	66446832	66447073	20087
17	66449030	66449181	5973
17	66453461	66453582	909
17	66508475	66508576	12429
17	66511507	66511748	15152
17	66518860	66519101	7984
17	66519820	66519971	10067
17	66520096	66520247	9914
17	66521014	66521135	4071
17	66521852	66522093	16969
17	66523949	66524070	3190
17	66524950	66525191	13325
17	66526040	66526161	20781
17	66526382	66526623	30664
17	66527338	66527438	1460
17	66527783	66527884	6020
17	66528001	66528102	9113
17	66528360	66528461	11663
17	66528797	66528898	6735
17	66533538	66533929	17466
17	66535446	66535567	12087
17	66536005	66536126	5405
17	66536641	66536762	9164
17	66536980	66537124	9092
17	66538064	66538335	19150
17	66538771	66539012	25933
17	66539724	66539875	7984
17	66547194	66547295	5651
17	66547991	66548112	3503
17	66550881	66551002	6046
17	66551640	66551911	12668
17	66596364	66596845	4307
17	66864082	66864334	10313
17	66864408	66864529	6217
17	66865789	66865940	6587
17	66871349	66871590	15451
17	66871693	66871934	14273
17	66872586	66872707	7001
17	66872745	66872866	6804
17	66873618	66873859	43848
17	66877245	66877366	9995
17	66877911	66878182	23463
17	66878678	66878919	16769
17	66879916	66880037	4405
17	66880443	66880564	3857
17	66881275	66881516	9237
17	66883148	66883281	6050
17	66883440	66883681	10344
17	66887592	66887747	4690
17	66890187	66890502	11219
17	66890966	66891207	15124
17	66898815	66899056	20453
17	66899419	66899660	22169
17	66902123	66902364	19539
17	66903829	66904070	12301
17	66913485	66913606	3414
17	66914105	66914376	22477
17	66914567	66914687	6052
17	66915408	66915649	10541
17	66917513	66917643	5332
17	66918361	66918530	4290
17	66920804	66921045	14816
17	66924009	66924250	11432
17	66925161	66925402	6581
17	66925621	66925892	6427
17	66928419	66928665	10640
17	66929299	66929422	5236
17	66933052	66933293	16045
17	66936879	66937120	11320
17	66938066	66938187	7743
17	66972043	66972164	6668
17	66972242	66972363	3415
17	66978651	66978802	6171
17	66979798	66980039	18459
17	66980105	66980376	14730
17	66981011	66981132	9443
17	66981170	66981291	7547
17	66982263	66982504	16339
17	66985152	66985273	8648
17	66985891	66986132	8096
17	66986916	66987157	16642
17	66988300	66988421	3940
17	66989129	66989250	4198
17	66991944	66992215	13298
17	67003890	67004023	3716
17	67004138	67004409	10705
17	67008107	67008234	7780
17	67012341	67012582	8686
17	67013742	67013983	16613
17	67014485	67014756	9024
17	67016506	67016747	7938
17	67017873	67018062	7748
17	67020303	67020544	16183
17	67022471	67022622	4441
17	67023064	67023305	11954
17	67023409	67023650	10076
17	67023747	67023988	7520
17	67024666	67024796	9050
17	67025278	67025399	5845
17	67028211	67028452	21442
17	67029819	67030060	14375
17	67031358	67031599	10912
17	67031720	67031991	11870
17	67039620	67039866	9628
17	67040628	67040751	5143
17	67041273	67041514	5040
17	67045406	67045647	8470
17	67047158	67047279	5936
17	67075073	67075225	6181
17	67075317	67075438	3084
17	67077155	67077306	6135
17	67078932	67079203	17581
17	67079261	67079532	7160
17	67080387	67080508	5251
17	67080519	67080670	4711
17	67081094	67081365	8786
17	67081750	67081871	2464
17	67082666	67082937	15346
17	67083432	67083673	20788
17	67084292	67084413	4372
17	67085553	67085704	5032
17	67087222	67087463	8861
17	67092371	67092504	7438
17	67092734	67092975	8183
17	67094051	67094178	7369
17	67096885	67097126	10198
17	67098891	67099162	14070
17	67101564	67101805	13064
17	67102139	67102380	9554
17	67103773	67104014	8669
17	67106890	67107131	11582
17	67108307	67108428	2839
17	67109310	67109551	8238
17	67109697	67109915	21618
17	67110869	67111110	18051
17	67111507	67111637	5477
17	67114006	67114127	10066
17	67119342	67119583	9070
17	67120992	67121186	8049
17	67124701	67124972	8023
17	67125700	67125909	3920
17	67129772	67130018	19010
17	67130770	67130893	3195
17	67132134	67132431	7884
17	67133417	67133658	9106
17	67136735	67136856	6767
17	67144925	67145076	9957
17	67145140	67145261	8906
17	67146103	67146224	6004
17	67148102	67148403	19760
17	67148411	67148682	18964
17	67149401	67149552	9049
17	67149558	67149709	5220
17	67149909	67150180	15287
17	67150360	67150481	4760
17	67151067	67151338	12200
17	67151854	67152125	12341
17	67152957	67153078	4561
17	67160193	67160314	3500
17	67161013	67161284	13458
17	67170412	67170545	4938
17	67170681	67170952	11398
17	67171537	67171664	3724
17	67178262	67178482	9421
17	67178761	67179002	8807
17	67181549	67181820	10322
17	67183799	67184040	7661
17	67186437	67186678	6442
17	67187265	67187506	12466
17	67188687	67188808	2835
17	67189198	67189439	12385
17	67189572	67189813	10471
17	67189921	67190162	16327
17	67190516	67190646	5271
17	67193183	67193341	4081
17	67197603	67197844	14581
17	67210797	67211028	9718
17	67211897	67212168	7660
17	67212307	67212548	9835
17	67215647	67215922	7911
17	67217893	67218046	5738
17	67218634	67218875	17546
17	67221421	67221609	21069
17	67223282	67223382	6172
17	67243668	67243795	7735
17	67244380	67244511	7346
17	67246024	67246145	3040
17	67246566	67246807	15402
17	67247826	67248067	8485
17	67249669	67249820	9294
17	67249911	67250032	5339
17	67250422	67250663	9527
17	67251668	67251789	4668
17	67251811	67252052	4013
17	67252239	67252434	12864
17	67255831	67255952	2521
17	67256454	67256575	5266
17	67257256	67257452	4954
17	67257766	67257899	7879
17	67260839	67261080	5999
17	67264074	67264207	8542
17	67266701	67266942	11185
17	67267245	67267486	9770
17	67270063	67270304	6631
17	67273761	67274002	13482
17	67280033	67280273	17745
17	67281987	67282228	9250
17	67282345	67282466	10666
17	67283701	67283942	8843
17	67285256	67285480	13366
17	67285969	67286188	10545
17	67287320	67287477	6320
17	67290733	67290884	4357
17	67293294	67293535	10523
17	67297232	67297473	14425
17	67298801	67299072	4883
17	67300759	67301000	11529
17	67302856	67303105	10164
17	67304403	67304524	4204
17	67305332	67305603	13320
17	67309213	67309454	4038
17	67310444	67310566	3631
17	67410785	67410902	3206
17	67411072	67411193	6028
17	67411359	67411459	6432
17	67422619	67422720	9708
17	67501814	67502013	15751
17	67512958	67513079	14728
17	67513631	67513764	8573
17	67515362	67515633	20720
17	67516361	67516588	13792
17	67517154	67517275	11564
17	67519597	67519838	17834
17	67521019	67521140	4801
17	67522659	67522900	18700
17	67532217	67532338	1201
17	67537764	67537915	6105
17	67538139	67538276	5570
17	67538383	67538501	2551
17	67944883	67945207	18725
17	68101031	68101131	4786
17	68127064	68127165	8201
17	68128135	68131747	190865
17	68171161	68176184	269449
17	68846320	68846673	8053
17	68856332	68856458	3692
17	68857970	68858108	2396
17	68860206	68860370	8628
17	68865812	68865937	14942
17	68869417	68869578	1895
17	68872991	68873128	9681
17	68876140	68876326	9465
17	68886910	68887025	9856
17	68887181	68887282	1687
17	68888605	68888705	6787
17	68891609	68891744	11978
17	68893565	68893665	1762
17	68894178	68894281	4714
17	68895569	68895770	3788
17	68898020	68898214	23595
17	68899172	68899272	4911
17	68901293	68901482	9204
17	68901942	68902057	4572
17	68902888	68903125	7026
17	68905768	68905918	9368
17	68906053	68906162	4607
17	68908753	68908944	1380
17	68909386	68909486	6046
17	68909679	68909874	6352
17	68923544	68923725	5586
17	68926899	68927039	9660
17	68930020	68930167	5731
17	68931119	68931255	3374
17	68931649	68931825	8538
17	68938244	68938346	3193
17	68939235	68939402	6511
17	68941465	68941581	8400
17	68943183	68943377	10261
17	70034885	70035049	6118
17	70117379	70117987	62644
17	70118805	70119166	35616
17	70119639	70120573	21904
17	70120936	70121037	6987
17	70121211	70121429	11251
17	70121883	70121983	5222
17	70122380	70122580	25745
17	70642070	70642171	8698
17	70642283	70642424	4594
17	70642815	70642915	2596
17	70643700	70643821	8981
17	70644899	70645140	17818
17	70645266	70645417	4253
17	70657837	70657944	11849
17	70710512	70710707	5053
17	70732762	70732883	2468
17	70844426	70844527	1479
17	70845706	70845977	20579
17	70856906	70857006	9632
17	70943801	70944072	25099
17	71016633	71016733	2553
17	71027652	71027893	8028
17	71080874	71081025	7741
17	71084758	71084914	5764
17	71165382	71168063	154954
17	71189155	71189533	19067
17	71192556	71192947	15780
17	71193008	71193249	11056
17	71193328	71193566	15302
17	71195960	71196201	8618
17	71196658	71196929	8493
17	71197222	71198063	46711
17	71199090	71199331	9950
17	71199730	71199971	39918
17	71201604	71201875	12399
17	71202283	71202411	7401
17	71202810	71202966	6857
17	71203266	71203479	10949
17	71203796	71203896	1635
17	71204376	71204641	13238
17	71205122	71205245	4643
17	71205399	71205917	24090
17	71208786	71208907	8223
17	71223292	71223413	6913
17	71228153	71228514	4396
17	71231596	71233157	72662
17	71238373	71238500	10134
17	71238997	71239152	4831
17	71241256	71241377	6317
17	71243370	71243519	6834
17	71244603	71244704	5589
17	71245084	71245184	4285
17	71246361	71246482	8389
17	71247057	71247298	14031
17	71248262	71248362	6114
17	71248755	71248876	2514
17	71249984	71250225	16429
17	71253774	71254015	12480
17	71257035	71257156	5025
17	71257818	71258025	6985
17	71281532	71282752	58894
17	71332761	71332995	20106
17	71334364	71334644	14166
17	71334661	71335142	29725
17	71344679	71344920	12056
17	71346323	71346564	10021
17	71346737	71346978	9406
17	71348572	71348813	12197
17	71354044	71354400	18132
17	71357782	71358023	9453
17	71361344	71361585	12819
17	71364517	71364758	19333
17	71365236	71365357	6527
17	71375252	71375493	17156
17	71375516	71375757	10248
17	71376999	71377120	9174
17	71379961	71380202	25872
17	71381959	71382080	8685
17	71382514	71382755	12764
17	71383954	71384195	29379
17	71386401	71386642	58644
17	71387566	71387687	6846
17	71389672	71389913	8561
17	71390284	71390525	19490
17	71391231	71391592	22314
17	71394127	71394368	20108
17	71394392	71394633	26689
17	71395246	71395487	13354
17	71397133	71397374	27005
17	71397780	71397901	7008
17	71398061	71398302	9554
17	71410719	71410960	17820
17	71411926	71412160	8504
17	71415253	71415494	21754
17	71418378	71418619	15073
17	71419485	71419712	16615
17	71420021	71420262	17388
17	71426579	71426820	9078
17	71427603	71427844	9212
17	71429807	71430048	10307
17	71431564	71431805	17850
17	71433834	71433979	10256
17	71434076	71434317	18228
17	71436885	71437126	14539
17	71443699	71443940	19635
17	71451997	71452238	19984
17	71468182	71468423	22094
17	71503535	71503776	14293
17	71640145	71640245	4249
17	71746468	71746789	38658
17	71757068	71757189	4522
17	71819752	71819974	18592
17	71824537	71824638	2634
17	72200034	72200370	16056
17	72205235	72205506	10602
17	72205894	72206015	6371
17	72209669	72209910	6065
17	72218588	72218829	19821
17	72227017	72227148	8078
17	72233391	72233663	8409
17	72239499	72239620	9349
17	72240090	72240211	24630
17	72245093	72245244	10733
17	72245419	72245570	10981
17	72246029	72246180	9157
17	72246388	72246509	5810
17	72248292	72248563	17422
17	72249191	72249432	20316
17	72249841	72249992	5674
17	72256216	72256367	9675
17	72256484	72256585	3573
17	72257064	72257244	10257
17	72257656	72257757	3779
17	72258094	72258194	2736
17	72277896	72278167	19941
17	72281108	72281379	6782
17	72283055	72283296	16891
17	72285682	72285923	12024
17	72287124	72287282	8326
17	72295775	72296046	15248
17	72297094	72297365	16822
17	72301348	72301591	20033
17	72305338	72305579	26900
17	72306107	72306348	24157
17	72308104	72308379	5090
17	72310151	72310465	10827
17	72322446	72322567	7758
17	72324542	72324663	4010
17	72337948	72338189	19072
17	72338751	72338872	12373
17	72339109	72339350	13987
17	72340303	72340544	9261
17	72340875	72341116	20127
17	72342468	72342705	4131
17	72343855	72344096	15857
17	72345284	72345525	17548
17	72346505	72346746	13185
17	72346787	72347114	24072
17	72347959	72348538	795
17	72348905	72349146	10627
17	72349266	72349507	15506
17	72349615	72349736	4932
17	72350258	72350739	19090
17	72350879	72351120	12693
17	72351264	72351505	12239
17	72352786	72353880	18799
17	72356034	72356425	33050
17	72357824	72357975	8429
17	72363584	72363945	16861
17	72365542	72365811	12290
17	72366587	72366858	24374
17	72367822	72368783	44982
17	72369728	72369829	4971
17	72428137	72428290	9101
17	72428394	72428662	3998
17	72429803	72429954	19065
17	72435793	72437024	69963
17	72439640	72440063	51003
17	72442926	72443197	21114
17	72444941	72445104	14986
17	72445428	72445549	5297
17	72462801	72462922	14543
17	72469632	72470024	20859
17	72470626	72470867	27184
17	72473530	72473681	5276
17	72477385	72477506	13256
17	72477855	72477982	7433
17	72480081	72480322	29240
17	72518806	72519077	31668
17	72519692	72519813	9461
17	72521870	72522231	61677
17	72527403	72527644	16592
17	72537650	72537921	27801
17	72538911	72539182	15324
17	72540735	72541096	30262
17	72541829	72541950	2595
17	72556891	72556991	1676
17	72560057	72560414	36973
17	72576105	72576262	8785
17	72578312	72578463	21744
17	72584637	72584998	18386
17	72588144	72590349	118341
17	72608700	72608971	13315
17	72610054	72610182	16051
17	72613247	72613614	25348
17	72615197	72615318	4368
17	72619679	72619900	12377
17	72667700	72667821	5109
17	72672129	72672230	1905
17	72691161	72691432	18889
17	72691809	72692050	20259
17	72692253	72692404	6986
17	72694472	72694630	9623
17	72694662	72694787	6314
17	72699106	72699347	15221
17	72700604	72700965	42380
17	72701307	72701428	7631
17	72708892	72709043	8438
17	72725385	72725515	12478
17	72733081	72733322	5948
17	72733396	72733517	531
17	72736870	72737027	9918
17	72738352	72738473	4934
17	72739209	72739512	7824
17	72740388	72740648	14125
17	72740948	72741244	13542
17	72741435	72741641	15432
17	72744745	72744845	1149
17	72744964	72745445	4503
17	72758110	72758351	10146
17	72759431	72759702	16238
17	72763003	72763154	16119
17	72764239	72764390	8789
17	72764549	72764820	14273
17	72765151	72765252	3878
17	72767808	72768049	9158
17	72768054	72768205	18932
17	72768315	72768436	9413
17	72768955	72769226	15993
17	72769705	72769837	7108
17	72771737	72771858	7193
17	72773400	72773551	15909
17	72781560	72781801	17002
17	72784877	72785028	11195
17	72786325	72786476	6618
17	72787073	72787194	4191
17	72791109	72791260	17348
17	72791653	72791781	18188
17	72815844	72815995	18947
17	72831994	72832865	47383
17	72833912	72834013	7844
17	72834072	72834173	7737
17	72838521	72839702	18635
17	72840330	72840691	32657
17	72842147	72842418	16822
17	72842857	72843098	13870
17	72843410	72843686	28895
17	72843902	72844173	11297
17	72845844	72846115	16242
17	72846306	72846547	17805
17	72846649	72846920	41443
17	72847651	72847892	14539
17	72848100	72848810	3895
17	72850715	72851271	27816
17	72856553	72856674	11778
17	72858852	72859123	26794
17	72859161	72859402	8832
17	72859952	72860489	14139
17	72860552	72860703	9000
17	72860887	72861128	11707
17	72861830	72861952	12312
17	72862218	72862376	12315
17	72862477	72862748	9804
17	72862860	72863011	8418
17	72868148	72868269	4562
17	72868968	72869089	899
17	72874411	72874652	12780
17	72875502	72875743	16071
17	72877170	72877411	15299
17	72878628	72878869	12759
17	72888611	72888852	12975
17	72889477	72889725	6461
17	72914078	72914229	7796
17	72915466	72916817	98016
17	72918965	72919346	11999
17	72920702	72921063	24331
17	72921597	72921838	19330
17	72923255	72923406	8453
17	72923705	72923946	21123
17	72926329	72927290	52259
17	72929403	72929674	17494
17	72931887	72932076	6652
17	72937461	72938183	46290
17	72939318	72939469	8183
17	72939608	72939853	19739
17	72942711	72943582	48619
17	72945274	72945545	15869
17	72947635	72947756	9646
17	72947957	72948198	13407
17	72948354	72948476	5650
17	72949079	72949200	10531
17	72949630	72949756	11272
17	72950223	72950470	27345
17	72951847	72952088	11312
17	72954213	72954334	13374
17	72954346	72954617	8000
17	72954721	72954872	6885
17	72954954	72955195	13371
17	72955912	72956063	7162
17	72956080	72956353	11192
17	72957904	72958145	11861
17	72958290	72958445	8243
17	72958966	72959237	11521
17	72959798	72960039	40908
17	72960531	72960772	17529
17	72968657	72968778	9415
17	72983897	72984258	388
17	72995533	72995774	46927
17	72997388	72997629	11767
17	72998119	72998360	11581
17	72999242	73000203	51377
17	73000520	73000660	8053
17	73001010	73001110	4615
17	73001488	73001589	9214
17	73001808	73001909	6446
17	73008753	73008994	5218
17	73013107	73013241	11793
17	73015763	73015884	14449
17	73016357	73016508	10258
17	73016546	73016787	11626
17	73016966	73017117	5045
17	73034971	73035212	7709
17	73035273	73035394	8942
17	73036131	73036282	8432
17	73038262	73038383	4837
17	73038533	73038804	16100
17	73043194	73043694	200
17	73045305	73045433	9123
17	73049063	73049214	16384
17	73055591	73055712	6735
17	73058156	73058397	13765
17	73059066	73059187	3728
17	73060011	73060111	13685
17	73070401	73070501	2745
17	73073481	73073850	4255
17	73089679	73089950	11243
17	73094053	73094324	13418
17	73096055	73096926	58290
17	73100048	73100294	7982
17	73101905	73102138	11049
17	73106367	73106749	24990
17	73110220	73110320	9086
17	73124681	73125192	16328
17	73125260	73125361	7627
17	73126508	73126779	55320
17	73126783	73127024	25961
17	73127108	73127229	6346
17	73127234	73127386	8517
17	73127594	73127835	423
17	73131326	73131427	4054
17	73131831	73132432	27562
17	73138809	73138935	2415
17	73142708	73142829	3808
17	73143638	73143759	4664
17	73144543	73144814	10543
17	73150403	73150524	18736
17	73163865	73163996	3564
17	73164403	73164524	9527
17	73170821	73170942	7955
17	73177096	73177337	14357
17	73178857	73178978	2045
17	73201811	73201932	18203
17	73204577	73204728	9572
17	73205877	73206118	5689
17	73208060	73208181	5065
17	73209131	73209252	13163
17	73211822	73211943	5675
17	73214219	73214460	23017
17	73221113	73221617	37736
17	73221707	73221978	7192
17	73222136	73222262	8705
17	73227385	73227536	10895
17	73227609	73227760	7376
17	73227847	73228118	13256
17	73228853	73229124	33119
17	73229141	73229263	9524
17	73230686	73230927	11714
17	73231154	73231306	10860
17	73231662	73231784	11220
17	73232672	73232773	6707
17	73232844	73232945	4774
17	73233535	73233635	4636
17	73234096	73234254	13531
17	73234323	73234480	5398
17	73234723	73234853	7097
17	73234958	73235199	14833
17	73235402	73235673	13326
17	73235818	73236209	18195
17	73236396	73236517	4715
17	73236834	73237195	30999
17	73237387	73237792	42089
17	73238334	73238605	22496
17	73238860	73239011	9356
17	73239104	73239257	12029
17	73239468	73239709	24395
17	73240657	73240808	9185
17	73242566	73242687	7007
17	73242743	73242894	6208
17	73257587	73257708	2333
17	73257961	73258082	34431
17	73258407	73258793	20221
17	73258825	73258976	11538
17	73259353	73259633	9241
17	73261772	73262014	6560
17	73262559	73263058	36471
17	73263573	73263724	9512
17	73263783	73264024	9372
17	73264154	73264283	12616
17	73265417	73265550	5568
17	73266144	73266295	9536
17	73269504	73269745	7520
17	73273377	73273618	10003
17	73274203	73274444	9870
17	73279467	73279708	11923
17	73282311	73282582	6598
17	73282628	73282899	18757
17	73314135	73314358	5733
17	73315163	73315263	7569
17	73315399	73315500	9168
17	73316020	73316120	2700
17	73316212	73316313	923
17	73316420	73316661	12996
17	73317672	73317943	7017
17	73321888	73322159	13950
17	73328738	73328889	11337
17	73389609	73389730	5496
17	73402146	73402247	1812
17	73467937	73468058	14291
17	73481417	73481688	12522
17	73481894	73482135	18695
17	73482317	73482558	22598
17	73483962	73484233	31743
17	73484764	73485035	15490
17	73485336	73485459	11538
17	73485608	73485759	7945
17	73486221	73486492	12897
17	73486749	73486870	5465
17	73487120	73487244	8244
17	73487308	73487579	22587
17	73487725	73487996	21991
17	73488531	73488892	18751
17	73488945	73489216	8834
17	73489561	73489684	9086
17	73489737	73490008	18451
17	73490677	73491165	56998
17	73491301	73491542	20288
17	73491583	73491734	14442
17	73492037	73492165	7054
17	73492285	73492577	11493
17	73492758	73492909	7521
17	73493175	73493296	10054
17	73493841	73493962	5247
17	73494208	73494449	17078
17	73494482	73494843	14746
17	73494926	73495197	15024
17	73495287	73495438	6469
17	73495612	73495712	4082
17	73496054	73496178	3589
17	73496835	73496935	4711
17	73497144	73497265	9746
17	73497508	73497781	20232
17	73497805	73499366	64748
17	73499387	73499658	28559
17	73499699	73499851	13386
17	73499923	73500053	5720
17	73500280	73500401	13579
17	73500469	73501203	45153
17	73501593	73501744	6417
17	73501889	73502020	4623
17	73502348	73502504	9961
17	73502577	73502848	9351
17	73502866	73503257	21619
17	73503622	73503773	7898
17	73504249	73504400	8852
17	73509777	73509898	12388
17	73512619	73512768	0
17	73512787	73513028	474
17	73513060	73513181	1776
17	73513222	73513343	3875
17	73513595	73513746	6669
17	73515040	73515161	7376
17	73517479	73517601	3302
17	73517708	73518459	29427
17	73519294	73519445	14611
17	73519680	73519909	11349
17	73520296	73520601	11340
17	73520701	73520844	12772
17	73521768	73522020	229
17	73539430	73539595	16091
17	73552114	73552235	30121
17	73554095	73554336	13238
17	73554529	73554770	16932
17	73555290	73555531	13347
17	73559026	73559297	23799
17	73559356	73559597	20030
17	73559798	73559919	4876
17	73560359	73560630	45012
17	73564514	73564785	19133
17	73564825	73564976	13955
17	73564984	73565255	24137
17	73565262	73565416	11268
17	73565978	73566369	64398
17	73566382	73566623	15123
17	73566954	73567225	25489
17	73567654	73568181	60839
17	73569015	73569406	41355
17	73569485	73569756	37020
17	73569985	73570106	3421
17	73570256	73570377	2391
17	73570493	73570614	5446
17	73570658	73570779	5069
17	73570908	73571045	8202
17	73584138	73586463	35566
17	73586688	73586788	4837
17	73586987	73587101	12138
17	73587223	73587327	8497
17	73587681	73587793	4905
17	73588057	73588161	3605
17	73588300	73588400	5420
17	73588508	73588622	9575
17	73588759	73588921	25675
17	73590555	73590669	13020
17	73590760	73590861	15394
17	73590920	73591053	18418
17	73592327	73592688	33552
17	73592793	73593034	16425
17	73597460	73597701	10168
17	73598422	73598696	11388
17	73598847	73599195	15761
17	73599209	73599450	13485
17	73601532	73601763	14542
17	73601902	73602143	21650
17	73606232	73606353	6940
17	73606949	73607070	7621
17	73607649	73607770	4998
17	73607910	73608151	21867
17	73608865	73608986	15015
17	73608991	73609582	25756
17	73609760	73609881	9450
17	73610239	73610480	23365
17	73610592	73610951	7156
17	73611021	73611142	9965
17	73611308	73611429	5707
17	73611571	73611692	4466
17	73611748	73611989	18663
17	73612127	73612248	9418
17	73612339	73612914	62253
17	73612936	73613057	12175
17	73613153	73613394	13090
17	73613824	73614065	9890
17	73614174	73614295	5065
17	73615199	73615320	3607
17	73615375	73615616	14546
17	73615698	73616149	43418
17	73616290	73616501	13501
17	73616532	73616773	17141
17	73616802	73617294	34930
17	73617395	73617516	7758
17	73617554	73617675	7693
17	73618060	73618181	12344
17	73619836	73619957	5566
17	73619965	73620206	14714
17	73620240	73620361	8173
17	73620427	73620548	3299
17	73620609	73620730	6210
17	73620802	73621043	18390
17	73621139	73621380	14050
17	73621552	73621793	13701
17	73621869	73622110	17988
17	73622116	73622357	19568
17	73622464	73622585	9364
17	73623460	73623612	7859
17	73623676	73623797	4320
17	73624258	73624532	19071
17	73624735	73624919	10765
17	73624983	73625584	23646
17	73625733	73625974	20767
17	73626249	73626370	11301
17	73626644	73626795	11409
17	73626826	73626947	5224
17	73627010	73627131	9796
17	73627188	73627339	7103
17	73627487	73627758	20351
17	73629323	73629423	3572
17	73636281	73636409	11628
17	73636870	73637306	28018
17	73643456	73644056	22083
17	73646697	73646818	7992
17	73647214	73647365	6301
17	73654307	73654578	17737
17	73657025	73657156	8483
17	73657645	73657798	6005
17	73658486	73659117	20845
17	73661040	73661286	13863
17	73662451	73662692	11745
17	73663443	73663568	18019
17	73664586	73664740	10465
17	73667858	73667979	17799
17	73686750	73686852	3579
17	73687473	73687596	5966
17	73689479	73689600	6135
17	73695845	73695966	7088
17	73698514	73698665	9071
17	73699329	73699480	6561
17	73699852	73699973	11059
17	73700773	73700924	2596
17	73701994	73702182	9376
17	73702389	73702630	8885
17	73703558	73703659	17205
17	73720731	73720882	7831
17	73723224	73723375	19101
17	73723444	73723596	17546
17	73723712	73723953	16022
17	73724414	73724565	6020
17	73725310	73725551	13174
17	73726242	73726633	25222
17	73726909	73727060	6970
17	73727236	73727507	10279
17	73727822	73728093	13448
17	73728190	73728341	9840
17	73729520	73729791	20297
17	73732092	73732245	10517
17	73732326	73732477	10443
17	73732589	73732830	6671
17	73733342	73733583	19554
17	73733609	73733799	13447
17	73735678	73735829	14828
17	73735905	73736176	12031
17	73736429	73736579	13612
17	73736811	73736962	12041
17	73736983	73737134	13518
17	73738344	73738858	39255
17	73739716	73739987	16213
17	73744902	73745143	15929
17	73746119	73746390	29709
17	73746729	73746970	9229
17	73747002	73747243	11851
17	73748194	73748465	12227
17	73748471	73748712	11836
17	73749829	73750070	469
17	73750565	73750956	21175
17	73751097	73751334	16205
17	73751735	73751976	24827
17	73752452	73752723	13158
17	73752741	73753225	24370
17	73753244	73753401	9093
17	73753415	73753686	14692
17	73753778	73753924	7792
17	73754111	73754232	3471
17	73754250	73754724	11016
17	73758724	73758995	22527
17	73759011	73759282	30392
17	73759309	73759580	19145
17	73759951	73760192	17780
17	73760349	73760582	15910
17	73760628	73760923	11419
17	73761013	73761254	1981
17	73773536	73773636	3668
17	73773836	73775311	88938
17	73780656	73781075	15545
17	73805824	73806065	21611
17	73808159	73808400	15184
17	73808479	73808720	8939
17	73809105	73809346	17606
17	73809779	73810020	16233
17	73811230	73811351	6613
17	73812800	73813041	14513
17	73813385	73813626	8357
17	73814155	73814276	1875
17	73814688	73814929	20523
17	73815694	73815935	11387
17	73815973	73816214	13088
17	73817296	73817964	29585
17	73818527	73818768	16370
17	73819293	73819654	34825
17	73820299	73820540	8708
17	73820652	73820803	3953
17	73821066	73821166	344
17	73821168	73821269	840
17	73821369	73821574	5644
17	73823955	73824226	19864
17	73824844	73825085	6420
17	73826049	73826290	10162
17	73826381	73826622	14888
17	73826639	73826760	11780
17	73827123	73827274	11310
17	73827285	73827439	12311
17	73828841	73829146	26248
17	73830098	73830249	7481
17	73830387	73830628	11134
17	73830686	73830807	3537
17	73830921	73831192	11893
17	73831428	73832021	26943
17	73832050	73832201	8553
17	73832247	73832368	2230
17	73832403	73832524	4467
17	73832563	73833060	30796
17	73835880	73836033	12682
17	73836083	73836204	18119
17	73836266	73836420	13312
17	73836561	73836682	7993
17	73836785	73836936	6757
17	73836968	73837119	11036
17	73838482	73838723	22724
17	73838879	73839030	6591
17	73839033	73839184	2975
17	73839202	73839357	3599
17	73839521	73839642	7526
17	73840208	73840479	23953
17	73841781	73841900	6662
17	73842780	73842901	14148
17	73842935	73843086	22585
17	73843507	73843748	11579
17	73843822	73844063	16711
17	73844635	73844756	9045
17	73845631	73845872	16372
17	73847611	73847767	13938
17	73851257	73851408	8698
17	73870492	73871243	58419
17	73871426	73871577	6709
17	73871929	73872200	15731
17	73872333	73872583	9931
17	73872785	73872906	4308
17	73873910	73874686	1281
17	73886842	73887443	54199
17	73887847	73887998	9015
17	73888057	73888298	13899
17	73888338	73888591	7830
17	73888822	73888943	16245
17	73892543	73893028	1135
17	73894877	73895118	13198
17	73895185	73895426	15337
17	73895554	73895795	16500
17	73897024	73897145	10242
17	73897256	73897377	7345
17	73897775	73898016	17534
17	73898046	73898264	10881
17	73900314	73900435	5637
17	73900571	73900830	2573
17	73900861	73900982	42
17	73905977	73906154	6446
17	73906618	73906719	4988
17	73906784	73906905	7085
17	73908209	73908450	13429
17	73909720	73910410	66285
17	73910782	73911278	49005
17	73913750	73914416	46559
17	73915730	73915971	17270
17	73916016	73916257	11678
17	73916311	73916552	9882
17	73917292	73917413	5589
17	73917535	73917656	13566
17	73917955	73918196	11980
17	73919251	73919734	32494
17	73921416	73921537	6881
17	73922054	73922297	17165
17	73922316	73922557	10519
17	73922777	73923018	11720
17	73923513	73923634	6894
17	73924082	73924323	11811
17	73926041	73926162	5684
17	73927278	73927399	2463
17	73929061	73929182	3070
17	73931581	73931828	5107
17	73933021	73933246	10419
17	73933599	73933720	6786
17	73934132	73934312	6455
17	73936796	73936975	5603
17	73941660	73941895	9722
17	73942518	73942619	6993
17	73942761	73942912	15158
17	73944313	73944554	10913
17	73945248	73945544	10097
17	73945566	73945691	7581
17	73945737	73946008	29571
17	73946766	73947069	11654
17	73947425	73947693	13144
17	73949495	73949736	30503
17	73951583	73951824	20429
17	73951847	73952088	15903
17	73952280	73952473	5157
17	73953502	73953657	4766
17	73956224	73956495	10556
17	73957930	73958070	4193
17	73958358	73958522	19083
17	73959145	73959349	6095
17	73961019	73961141	1722
17	73966241	73966356	992
17	73966677	73966884	12018
17	73967460	73967677	9703
17	73967835	73967936	6012
17	73969011	73969111	4123
17	73969220	73969384	4794
17	73969664	73969905	11418
17	73970520	73970723	10158
17	73974573	73974814	14088
17	73975008	73975164	8613
17	73982258	73982379	5653
17	73987504	73987745	13460
17	73996161	73996402	22836
17	73997413	73997632	13652
17	73997932	73998533	38599
17	73998581	73998789	13967
17	73999226	73999497	8676
17	74001290	74001561	12123
17	74003162	74006643	240838
17	74007611	74007762	13826
17	74007816	74007973	4981
17	74008067	74008188	8897
17	74010430	74010701	19677
17	74010942	74011213	4533
17	74011225	74011496	6132
17	74011498	74011739	11807
17	74013754	74014025	14975
17	74014229	74014350	5852
17	74014482	74014723	10148
17	74014946	74015187	1855
17	74015520	74015791	7313
17	74017535	74017656	2077
17	74017745	74017875	2439
17	74017907	74018148	2762
17	74018227	74018348	7218
17	74018435	74018676	13752
17	74019314	74019777	50372
17	74020060	74020211	18698
17	74023072	74023366	12480
17	74035187	74035288	6530
17	74035371	74035492	7034
17	74035777	74036024	18436
17	74036466	74036587	8329
17	74036930	74037081	4751
17	74039853	74040094	6876
17	74041358	74041479	18659
17	74042045	74042316	14426
17	74043948	74044099	4608
17	74046466	74046617	4746
17	74051470	74051673	3682
17	74053432	74053673	23294
17	74056368	74056489	4184
17	74057121	74057362	10552
17	74057552	74057673	5599
17	74059211	74059314	3213
17	74060033	74060274	15218
17	74060373	74060481	8353
17	74063288	74063421	11863
17	74065784	74065930	1838
17	74066430	74066551	3262
17	74068331	74068668	12538
17	74070907	74071388	13843
17	74072693	74073534	33895
17	74075334	74075455	15794
17	74075460	74075701	27380
17	74075713	74075864	10184
17	74075930	74076085	8259
17	74076299	74076762	19308
17	74076778	74077019	18543
17	74077051	74077203	9909
17	74077269	74077540	12728
17	74077609	74077850	12710
17	74077895	74078166	10091
17	74078517	74078758	19686
17	74079622	74079841	10810
17	74080032	74080273	18053
17	74080288	74080689	19882
17	74081381	74081502	3145
17	74081666	74081937	8632
17	74082132	74082253	7909
17	74082892	74083013	4803
17	74083706	74083827	7114
17	74084110	74084231	5615
17	74084502	74084653	6011
17	74084776	74085047	16526
17	74085177	74085448	29597
17	74086364	74086605	30645
17	74087178	74087353	8671
17	74089476	74089576	4730
17	74090441	74090698	14499
17	74093866	74094109	9533
17	74097251	74097492	23347
17	74097730	74097971	10112
17	74099413	74099534	2383
17	74099652	74099803	9164
17	74133396	74134237	26090
17	74135926	74136527	11327
17	74141253	74141494	8437
17	74148426	74148556	7365
17	74150295	74150446	6077
17	74151274	74151425	5015
17	74151577	74151848	6328
17	74152281	74152412	3762
17	74154436	74154592	3213
17	74155353	74155714	8744
17	74157606	74157738	8552
17	74157852	74158123	14431
17	74158607	74158728	5518
17	74160761	74160912	3793
17	74161513	74161664	4633
17	74162488	74162625	3321
17	74162997	74163268	14036
17	74163683	74163924	26421
17	74169765	74169886	8353
17	74208382	74208623	13529
17	74211771	74211872	2363
17	74221825	74222306	46761
17	74222335	74222456	11099
17	74223034	74223134	9304
17	74236216	74236337	1135
17	74261577	74261716	366
17	74261932	74262069	1079
17	74266249	74266610	1859
17	74266652	74266752	105
17	74270159	74270380	20433
17	74271812	74272083	29864
17	74272743	74272864	8804
17	74273196	74273437	30785
17	74274018	74274289	8674
17	74275111	74275233	7649
17	74275385	74275536	11917
17	74276053	74276294	25556
17	74276298	74276569	22064
17	74276680	74277092	19970
17	74277859	74278250	22471
17	74283208	74283449	11691
17	74283838	74283989	13114
17	74286024	74286175	2366
17	74287022	74290115	278514
17	74300486	74300616	7134
17	74300901	74301052	6841
17	74303472	74304079	48029
17	74307580	74307821	14389
17	74308872	74309143	14342
17	74309845	74309996	11067
17	74324751	74324990	14578
17	74326060	74326211	7685
17	74326568	74326809	15353
17	74328278	74328549	11196
17	74340693	74340844	12269
17	74344585	74344715	4692
17	74349596	74349819	355
17	74379887	74380008	2213
17	74381157	74381278	4639
17	74381512	74381753	8912
17	74381819	74381940	4878
17	74382020	74382261	9293
17	74382287	74382408	16756
17	74382410	74382651	31466
17	74382855	74383696	42508
17	74385965	74386095	5866
17	74386238	74386339	6092
17	74386802	74386903	3313
17	74386997	74387718	38901
17	74387774	74387925	8893
17	74387971	74388212	14859
17	74391722	74391993	11259
17	74392056	74392915	29900
17	74393833	74393984	3370
17	74394278	74394675	25224
17	74394843	74395114	25395
17	74395494	74396012	55147
17	74396181	74396422	12857
17	74396512	74396641	4357
17	74397012	74397283	7689
17	74398085	74398236	7125
17	74398640	74398791	16043
17	74401277	74401407	19001
17	74401563	74401684	4903
17	74448797	74449233	800
17	74462234	74462335	2697
17	74464753	74465029	21244
17	74465180	74465451	29218
17	74465718	74466079	24702
17	74467653	74468164	34081
17	74468582	74468964	16336
17	74469075	74469197	8706
17	74469280	74469431	6975
17	74469715	74469836	8754
17	74469861	74470012	12792
17	74470078	74470234	8977
17	74470384	74470655	17472
17	74470787	74470908	15192
17	74471102	74471233	7317
17	74472887	74473128	10886
17	74473199	74473440	11065
17	74473651	74473922	12161
17	74474838	74475599	25190
17	74475797	74476038	23111
17	74477410	74477651	29501
17	74523429	74523530	4126
17	74524521	74524736	19416
17	74527021	74527262	19748
17	74527506	74527783	19184
17	74533431	74533654	9998
17	74534521	74534642	13376
17	74536199	74536320	12166
17	74536529	74536680	7530
17	74538554	74538705	8693
17	74539095	74539216	10718
17	74539858	74539979	14059
17	74540185	74540286	2475
17	74540459	74541425	77842
17	74554850	74554971	11811
17	74555062	74555542	19092
17	74557141	74557292	9578
17	74557303	74557544	8078
17	74557651	74557802	13416
17	74559166	74559287	5494
17	74562148	74562389	16497
17	74563493	74563644	5668
17	74564775	74565527	19300
17	74566637	74566760	5700
17	74568666	74568907	13224
17	74569239	74569480	19888
17	74570382	74570653	16074
17	74574806	74574927	5132
17	74581706	74581947	352
17	74621389	74621630	11205
17	74621889	74622010	7877
17	74622041	74622192	14678
17	74622361	74622484	4282
17	74622650	74622921	13366
17	74623125	74623354	22358
17	74623459	74623700	10258
17	74625052	74625803	61841
17	74639503	74639774	16353
17	74673605	74673846	14387
17	74676893	74677014	3304
17	74679931	74680052	4085
17	74680688	74680809	9141
17	74681109	74681260	6988
17	74684165	74684761	39376
17	74706628	74707061	0
17	74712694	74712845	3856
17	74714695	74714996	23588
17	74716359	74716630	15107
17	74717826	74718067	25431
17	74719820	74720176	33460
17	74721514	74721982	38285
17	74722371	74722612	12905
17	74722840	74723385	8160
17	74725702	74725943	23077
17	74728997	74729476	25772
17	74729564	74729805	12094
17	74730281	74730382	2298
17	74730419	74730790	9953
17	74730874	74730975	7423
17	74731018	74731119	3497
17	74731232	74731332	5481
17	74731626	74731727	3840
17	74731777	74731957	3766
17	74732054	74732155	3426
17	74732163	74733301	43828
17	74734391	74734542	6563
17	74734986	74735107	7210
17	74737029	74737156	12492
17	74738029	74738150	10815
17	74738215	74738366	14666
17	74739447	74739568	6632
17	74740354	74740595	25406
17	74750087	74750208	9596
17	74763424	74763550	4668
17	74765769	74766010	12053
17	74771014	74771285	28771
17	74772434	74772675	22949
17	74774200	74774471	12310
17	74774545	74774681	11411
17	74815400	74815500	2760
17	74846447	74846755	21391
17	74857557	74857702	1359
17	74865084	74865205	16025
17	74868831	74869055	11970
17	74878155	74878426	30444
17	74898573	74898814	11916
17	74899330	74899481	7473
17	74900297	74900538	22340
17	74901211	74901452	17953
17	74902033	74902304	23128
17	74909624	74909920	15843
17	74920962	74921233	10162
17	74922624	74922865	12210
17	74928670	74928911	13413
17	74929315	74929436	7723
17	74931383	74931531	9439
17	74933996	74934267	20379
17	74936435	74936676	8999
17	74936720	74936952	6081
17	74942394	74942554	8661
17	74943858	74944219	15558
17	74944699	74945033	32205
17	74946099	74946199	9419
17	74946335	74946435	8532
17	75085330	75085601	14773
17	75139648	75139769	7522
17	75186838	75187079	18440
17	75187207	75187448	10964
17	75189445	75189686	21539
17	75190749	75191003	9531
17	75192274	75192403	3979
17	75196539	75196780	13435
17	75199604	75199755	5675
17	75201301	75201452	11204
17	75202275	75202516	14187
17	75202755	75202996	15424
17	75205369	75205610	14900
17	75207946	75208337	18839
17	75209333	75209899	60587
17	75209961	75210115	33779
17	75212577	75212698	5406
17	75212776	75212877	4846
17	75212981	75213215	10595
17	75277565	75277686	2095
17	75303189	75303310	14452
17	75316169	75316498	11279
17	75317101	75317202	5133
17	75369511	75369666	8589
17	75393051	75393151	7594
17	75398101	75398822	40248
17	75404874	75404974	4540
17	75425021	75427073	94766
17	75441079	75443250	149082
17	75471551	75472032	31344
17	75478210	75478676	38025
17	75483448	75483689	6830
17	75484301	75484422	5945
17	75484756	75484997	14924
17	75486761	75487002	21215
17	75488689	75488810	6340
17	75489048	75489169	11026
17	75493361	75493482	13165
17	75494551	75494792	6445
17	75495323	75495444	8300
17	75496328	75496428	4798
17	75496563	75496664	2457
17	75834708	75834829	3960
17	75877919	75879621	182703
17	75963869	75963970	3369
17	75971598	75971698	2579
17	76000250	76000350	571
17	76001099	76001199	4464
17	76027596	76027923	20937
17	76044925	76047578	116950
17	76060789	76061030	9683
17	76063799	76064040	6087
17	76067144	76067265	9384
17	76069085	76069206	3145
17	76071166	76071407	16274
17	76073219	76073481	5071
17	76075427	76075668	23957
17	76079066	76079307	5711
17	76082564	76082685	4891
17	76082872	76083233	20313
17	76087483	76087724	15977
17	76088988	76089229	16622
17	76089651	76089892	11754
17	76093762	76094003	15121
17	76094399	76094640	11319
17	76098528	76098649	9182
17	76099443	76099684	17459
17	76100504	76100985	15890
17	76104435	76104798	28067
17	76105392	76105773	21351
17	76109199	76109320	18113
17	76109605	76109756	6507
17	76113297	76113448	8489
17	76113515	76113756	11666
17	76113828	76114069	8621
17	76115028	76115149	3541
17	76115334	76115485	5979
17	76116034	76116135	1868
17	76116506	76116660	9871
17	76116672	76116943	16579
17	76117018	76117289	27034
17	76117593	76117834	8892
17	76118606	76118877	22148
17	76120013	76120284	62019
17	76120552	76120913	7799
17	76120956	76121077	2064
17	76121229	76121354	16349
17	76121764	76121975	31569
17	76122341	76122462	18031
17	76122515	76122786	16999
17	76122794	76122945	11803
17	76127622	76127863	1653
17	76127915	76128295	0
17	76128393	76128634	5236
17	76128848	76128969	14846
17	76129420	76129674	9579
17	76129856	76130127	11089
17	76130408	76130656	15686
17	76130869	76131140	25149
17	76133256	76133497	7958
17	76133755	76133906	13569
17	76134026	76134297	22316
17	76134343	76135341	49041
17	76136872	76137233	13258
17	76142445	76142566	6222
17	76142914	76143035	8549
17	76153951	76154318	45099
17	76157004	76157365	25541
17	76160129	76160490	23163
17	76160646	76160747	7556
17	76161947	76162137	4712
17	76164688	76164815	0
17	76166805	76167196	17033
17	76167509	76168081	39447
17	76170814	76171310	45661
17	76171593	76171714	3250
17	76178655	76178776	5743
17	76181069	76181310	13601
17	76182822	76182943	6791
17	76182981	76183225	9210
17	76183391	76183542	12577
17	76187034	76187155	12648
17	76188681	76188782	8178
17	76193175	76193296	7160
17	76198540	76198694	11095
17	76198746	76198867	12917
17	76200688	76200839	13935
17	76200883	76201004	7986
17	76201161	76201282	5364
17	76201468	76201878	26937
17	76201987	76202141	8053
17	76202913	76203161	9170
17	76210326	76210518	2624
17	76210751	76210932	10865
17	76211926	76212131	2280
17	76212652	76212923	12149
17	76218870	76218970	3762
17	76219520	76219761	17170
17	76227554	76228295	16721
17	76229965	76230066	7332
17	76230622	76230863	20407
17	76233879	76234000	4959
17	76234509	76234688	4882
17	76235048	76235409	51858
17	76235851	76236056	10594
17	76267382	76268024	18614
17	76352850	76352983	9438
17	76353020	76353120	3916
17	76354373	76355265	65263
17	76374696	76374937	631
17	76388530	76388771	13026
17	76392366	76392487	5332
17	76394291	76394442	19771
17	76395402	76395643	15227
17	76396725	76396966	26358
17	76399578	76400209	49595
17	76410912	76411153	15132
17	76415565	76415806	7381
17	76419929	76420311	23036
17	76421358	76421719	31035
17	76422488	76422729	19936
17	76422976	76423230	16482
17	76424544	76424845	13681
17	76425170	76425411	12993
17	76430084	76430325	14498
17	76433655	76434016	24313
17	76435102	76435355	11751
17	76437088	76437326	13547
17	76440676	76440903	10635
17	76441579	76441820	12430
17	76445478	76446177	32700
17	76446284	76446525	8964
17	76446724	76446965	16458
17	76447531	76447772	45465
17	76449364	76449605	14004
17	76450488	76450849	24217
17	76451707	76451941	9840
17	76454583	76454824	17663
17	76455065	76455306	27047
17	76455853	76456094	28065
17	76456230	76456351	7554
17	76457586	76457827	11594
17	76458861	76459222	27221
17	76462696	76462937	9372
17	76464650	76465011	26988
17	76468743	76468856	12347
17	76471334	76471575	12944
17	76471711	76471952	17082
17	76472613	76472854	26236
17	76475091	76475212	6942
17	76475519	76475760	13896
17	76476695	76476936	31405
17	76480940	76481155	13992
17	76481614	76481855	15340
17	76482007	76482248	13209
17	76482265	76482626	18632
17	76486733	76486974	22775
17	76487467	76487708	20409
17	76488659	76488900	11592
17	76490065	76490306	18600
17	76490607	76490968	32937
17	76490988	76491229	14700
17	76491914	76492155	18431
17	76495020	76495261	13092
17	76496343	76496584	11969
17	76497224	76497465	15042
17	76497771	76498013	11012
17	76498226	76498846	65102
17	76498909	76499150	19993
17	76501329	76501570	15581
17	76502743	76502984	12245
17	76503344	76503465	8399
17	76503472	76503953	24118
17	76506405	76506646	9028
17	76510798	76511159	31934
17	76521031	76521286	22857
17	76522706	76522835	4860
17	76522898	76523139	12374
17	76525483	76525844	40970
17	76526388	76526629	15490
17	76528509	76528870	14370
17	76533350	76533591	9574
17	76535769	76536010	13107
17	76539856	76540128	27708
17	76547547	76547762	13075
17	76548711	76548952	19782
17	76554141	76554382	13995
17	76556798	76557039	18758
17	76557748	76558109	13792
17	76562632	76562873	13773
17	76563043	76563284	9040
17	76565229	76565350	10995
17	76565411	76565652	17128
17	76566270	76566511	7153
17	76567001	76567132	6106
17	76567349	76567470	11729
17	76567646	76567887	12225
17	76568758	76568999	13862
17	76570725	76571206	54067
17	76670185	76670299	6553
17	76671970	76672091	2639
17	76672150	76672271	2918
17	76676227	76676468	22485
17	76676997	76677148	3270
17	76688445	76688596	8576
17	76692028	76692149	4446
17	76694341	76694472	11063
17	76694854	76695095	5714
17	76696403	76696535	7232
17	76697701	76697852	8825
17	76698141	76698382	8196
17	76698591	76698712	9409
17	76704219	76704370	5391
17	76705711	76705832	7124
17	76723705	76723826	7909
17	76732726	76732847	10777
17	76753961	76754141	2548
17	76755071	76755238	3560
17	76778233	76778390	0
17	76794435	76794687	9606
17	76794926	76795167	18619
17	76795738	76795860	2908
17	76798390	76798631	24014
17	76799414	76800086	38866
17	76802151	76802422	14530
17	76802988	76803739	52880
17	76808861	76809132	19733
17	76809813	76809965	6620
17	76810412	76810683	15716
17	76814739	76814870	11940
17	76815961	76816112	6684
17	76817046	76817167	3655
17	76817991	76818112	5396
17	76823157	76823439	12279
17	76824969	76825099	6560
17	76831321	76831593	28013
17	76832137	76832498	18254
17	76849105	76849206	3481
17	76849285	76849386	4970
17	76849735	76849932	2704
17	76851319	76851419	5971
17	76851696	76851967	10786
17	76853544	76853785	10703
17	76866970	76867098	6111
17	76869859	76870011	9756
17	76870520	76870621	1897
17	76886669	76888590	97728
17	76897827	76897948	6309
17	76920984	76921180	796
17	76967620	76968821	62376
17	76968966	76969347	14634
17	76970684	76970955	11460
17	76972021	76972262	24565
17	76973186	76973307	3438
17	76988739	76988860	1453
17	76989575	76990056	36297
17	76991080	76991321	11982
17	76992975	76993748	46448
17	77015597	77015718	11077
17	77016036	77016277	10222
17	77021959	77022059	2421
17	77039361	77039462	6281
17	77039756	77040247	47510
17	77042555	77042826	14280
17	77043563	77044194	54216
17	77070913	77071182	0
17	77073484	77073635	9980
17	77073724	77073965	9540
17	77075548	77075764	16134
17	77076246	77076487	17265
17	77076929	77077200	11008
17	77077911	77078328	35954
17	77078803	77078959	17560
17	77079062	77079215	7489
17	77079554	77079682	16780
17	77079786	77080057	28497
17	77080542	77080813	21735
17	77081278	77081434	7591
17	77081637	77081878	19468
17	77081951	77082462	49375
17	77083012	77083133	25222
17	77085418	77085519	7386
17	77085732	77085832	6985
17	77086564	77086665	8366
17	77086835	77087048	7372
17	77088650	77088751	7839
17	77090503	77090624	23802
17	77091564	77091685	13686
17	77092703	77092944	21894
17	77093318	77093559	525
17	77093739	77093860	6517
17	77097634	77097755	3420
17	77099218	77099346	7953
17	77100120	77100241	7075
17	77102678	77102919	54214
17	77111505	77111866	23648
17	77231803	77231903	1721
17	77303806	77303906	5695
17	77419789	77419937	4564
17	77664508	77664929	18764
17	77678856	77679072	328
17	77679657	77679761	10021
17	77681025	77681452	38575
17	77685237	77685358	6785
17	77702693	77702794	1259
17	77704846	77705207	28016
17	77707227	77707498	20889
17	77708793	77709514	23597
17	77710828	77711095	12461
17	77711319	77711419	6696
17	77711628	77711899	10018
17	77752009	77752130	232
17	77752143	77752264	123
17	77753132	77753253	7687
17	77755450	77755961	23736
17	77757521	77758882	43056
17	77759017	77759154	17418
17	77760061	77760162	7290
17	77760380	77760481	9363
17	77760634	77760735	10006
17	77761109	77761384	17451
17	77768174	77768275	1078
17	77768391	77769371	65650
17	77769797	77769948	14362
17	77769990	77770141	10323
17	77770256	77770377	11785
17	77770701	77770825	1524
17	77771998	77772119	1435
17	77806917	77807362	25234
17	77807406	77807507	2755
17	77807712	77809226	83950
17	77809386	77809537	28794
17	77811607	77811728	13746
17	77812770	77812891	192
17	77812965	77813099	580
17	77914600	77914961	21937
17	77915810	77916051	7094
17	77917848	77917949	5408
17	77918675	77918916	21168
17	77921415	77921656	13692
17	77922586	77922857	12089
17	77923438	77923709	12685
17	77924142	77924413	21505
17	77924529	77924650	10762
17	77925171	77925442	11442
17	77926385	77926656	22994
17	77927238	77927339	854
17	77981569	77981696	5914
17	77983896	77984617	57678
17	77987134	77987393	31524
17	78010421	78010552	289
17	78011892	78012013	9443
17	78013590	78014097	22344
17	78021018	78021259	10230
17	78022254	78022615	12484
17	78023655	78023806	10248
17	78023821	78024092	17047
17	78032220	78032491	15164
17	78032596	78032837	15999
17	78039193	78039464	12350
17	78039847	78040011	12873
17	78041294	78041500	14692
17	78055255	78055885	20427
17	78058453	78058844	11609
17	78059757	78060028	11441
17	78061369	78061610	8386
17	78061764	78061915	3160
17	78063501	78063742	19279
17	78063837	78064208	22306
17	78069004	78069275	32981
17	78070971	78071471	20815
17	78073238	78073629	17309
17	78078357	78078958	55573
17	78079499	78079740	17186
17	78081287	78081531	17592
17	78081585	78081706	4198
17	78081997	78082681	54607
17	78083707	78083864	27429
17	78084491	78084649	15388
17	78084690	78084841	6080
17	78085689	78085960	9505
17	78086322	78086563	25447
17	78086629	78086870	13245
17	78086969	78087210	15876
17	78090716	78090957	15359
17	78091322	78091593	14809
17	78091922	78092193	9514
17	78092406	78092647	13673
17	78093009	78093160	36375
17	78109235	78109356	1357
17	78109715	78109986	6115
17	78110017	78110144	4641
17	78111121	78111362	9798
17	78111888	78112129	26850
17	78112739	78113010	16334
17	78113447	78113568	3392
17	78113751	78113992	6949
17	78114518	78114712	6180
17	78115057	78115208	2966
17	78115552	78115673	3475
17	78117915	78118066	16710
17	78120582	78120789	4426
17	78122888	78123034	5393
17	78133905	78134098	37584
17	78135177	78135352	2162
17	78137068	78137364	14786
17	78138227	78138436	12638
17	78146925	78147025	2064
17	78155221	78155462	11539
17	78156369	78156640	20822
17	78157702	78158054	19532
17	78162106	78162379	14115
17	78163490	78163731	30364
17	78164484	78164755	13810
17	78165045	78165316	23486
17	78166208	78166479	28554
17	78168909	78169180	17937
17	78169312	78169471	10257
17	78171838	78171989	13270
17	78172105	78172616	46495
17	78175454	78175725	26322
17	78175917	78176278	27322
17	78177591	78177712	8466
17	78177961	78178202	18969
17	78178767	78179022	31271
17	78179269	78179510	14245
17	78180705	78180946	17987
17	78181919	78182160	21407
17	78184229	78184830	48801
17	78185850	78186091	11548
17	78187582	78187703	3331
17	78187811	78188168	9339
17	78188367	78188608	12366
17	78188822	78188947	14821
17	78190789	78191030	21786
17	78194007	78194128	305
17	78195350	78195603	23773
17	78196398	78196669	20305
17	78197032	78197153	9954
17	78199584	78199735	10755
17	78201536	78201786	33079
17	78210663	78210934	22062
17	78211295	78211416	4740
17	78215533	78215654	3923
17	78218963	78219084	11821
17	78219889	78220040	11861
17	78220256	78220497	14858
17	78221871	78222112	13706
17	78222362	78222483	18212
17	78222868	78223139	18149
17	78225072	78225223	24062
17	78226408	78226529	2564
17	78237437	78237588	8476
17	78246970	78247241	16170
17	78252562	78252709	5994
17	78261494	78262209	19965
17	78262341	78262612	20539
17	78263425	78263666	7406
17	78264326	78264567	14804
17	78265405	78265646	14093
17	78268449	78268840	31334
17	78269273	78269664	34200
17	78272098	78272339	10755
17	78280038	78280279	21129
17	78280873	78281024	6433
17	78282773	78283014	13298
17	78286738	78287009	19233
17	78290971	78291092	11165
17	78292923	78293314	20299
17	78298829	78298998	17423
17	78301615	78301789	9227
17	78302127	78302277	6581
17	78305805	78306431	19054
17	78307904	78308070	9284
17	78309960	78310304	21371
17	78311385	78311526	5611
17	78311632	78311797	10460
17	78313000	78314172	73623
17	78316907	78317148	12345
17	78317614	78317855	16411
17	78318420	78322141	222423
17	78323486	78323757	14317
17	78324057	78324208	3014
17	78325448	78325626	8826
17	78326648	78326919	14747
17	78327237	78327508	19368
17	78327741	78328012	9508
17	78328157	78328428	17730
17	78332062	78332303	15455
17	78333812	78334053	10923
17	78335459	78335730	16522
17	78336886	78337127	13180
17	78337348	78337619	10347
17	78338141	78338412	12473
17	78341536	78341658	8085
17	78341730	78341971	21552
17	78343235	78343506	12220
17	78343556	78343677	2666
17	78345664	78345819	5077
17	78346306	78346547	13872
17	78346748	78346989	13122
17	78348202	78348443	23035
17	78349550	78349680	9918
17	78350040	78350401	19787
17	78350631	78350782	11228
17	78351517	78351638	21254
17	78353375	78353526	12349
17	78354557	78354828	18239
17	78355285	78355784	28623
17	78356733	78356884	9725
17	78357421	78357782	20819
17	78358783	78359024	13798
17	78359318	78359439	9312
17	78360018	78360259	16291
17	78360439	78360710	13307
17	78362359	78362510	6730
17	78362921	78363189	23439
17	78363611	78363732	6044
17	78363782	78364023	10897
17	78367070	78367341	22108
17	78388961	78389082	12311
17	78389414	78389655	19670
17	78393380	78393480	7192
17	78395573	78395814	8082
17	78395964	78396085	15777
17	78397254	78397495	17421
17	78398804	78398925	6012
17	78399234	78399475	30320
17	78402366	78402487	2878
17	78403526	78403767	13642
17	78404126	78404226	8619
17	78406895	78407016	6686
17	78409875	78410104	30440
17	78410789	78411349	37810
17	78438813	78439143	18357
17	78440686	78440884	21838
17	78440898	78441076	16728
17	78441248	78441477	9922
17	78441608	78441708	5985
17	78441824	78441925	11037
17	78441935	78442036	10293
17	78442936	78443059	2580
17	78444432	78444533	5473
17	78444572	78444844	16928
17	78445500	78445741	16545
17	78446910	78447301	28347
17	78449263	78449534	41303
17	78449740	78450256	3726
17	78518854	78518954	30313
17	78519359	78519630	16450
17	78544873	78544973	4995
17	78567043	78567274	9068
17	78599480	78599603	7792
17	78617507	78617628	8067
17	78681598	78681839	15476
17	78700796	78701360	72726
17	78704311	78704552	15499
17	78727746	78728017	16929
17	78765218	78765339	10162
17	78795959	78796111	13961
17	78796829	78797070	12910
17	78811698	78811819	8596
17	78820232	78820384	9259
17	78829244	78829365	13502
17	78831553	78831710	4612
17	78854160	78854311	7709
17	78857190	78857311	7293
17	78857555	78857796	25220
17	78858756	78858997	28350
17	78865427	78865698	14273
17	78866477	78866718	10386
17	78867434	78867705	15745
17	78882518	78882789	15549
17	78896514	78896637	4821
17	78897260	78897501	40040
17	78899160	78899290	4982
17	78914257	78914411	5250
17	78919413	78919643	14767
17	78920998	78921208	5048
17	78923203	78923357	9235
17	78931385	78931540	8729
17	78933820	78934061	23937
17	78935175	78935296	15635
17	78936197	78936438	25096
17	78936671	78936912	12334
17	78938034	78938155	4688
17	78965663	78965800	346
17	78968371	78968500	1002
17	78968801	78968922	8181
17	78969423	78969574	8893
17	78970748	78970899	10526
17	78971009	78971160	8930
17	78972131	78972252	10595
17	78972864	78972985	6330
17	78977844	78978028	379
17	79004693	79005294	39769
17	79006697	79007036	19577
17	79009020	79009141	3811
17	79010662	79010761	3063
17	79027414	79027565	11963
17	79031662	79031783	6027
17	79058571	79058722	8683
17	79059171	79059549	35802
17	79060160	79060431	17702
17	79073682	79073923	10044
17	79077291	79077533	4325
17	79077656	79077927	16402
17	79078263	79078534	24384
17	79079850	79079971	5584
17	79080504	79080745	4770
17	79082230	79082351	5611
17	79082721	79083022	8782
17	79083088	79083189	4096
17	79083541	79083642	9935
17	79084096	79084256	8915
17	79084636	79084787	8431
17	79085751	79085852	6062
17	79086008	79086499	25311
17	79089532	79089654	7468
17	79089976	79090127	13551
17	79092160	79092281	4912
17	79093158	79093399	1223
17	79093688	79096691	63728
17	79096947	79097188	3126
17	79098466	79098831	35816
17	79099051	79099198	8339
17	79099654	79099775	5089
17	79100172	79100413	10913
17	79101365	79101486	14486
17	79101529	79101770	17025
17	79102248	79102369	11022
17	79104811	79105052	34197
17	79105663	79105803	12275
17	79106406	79106527	7908
17	79106985	79107145	11897
17	79108113	79108354	23363
17	79139367	79139547	14323
17	79139703	79139824	6348
17	79140477	79140644	11185
17	79152718	79152952	17419
17	79154923	79155103	5780
17	79163514	79163804	31847
17	79164399	79164640	5730
17	79164644	79165183	35520
17	79166093	79166454	9795
17	79166465	79166653	1651
17	79167705	79167946	4230
17	79168629	79168782	4349
17	79169541	79169812	17111
17	79170442	79170912	43689
17	79171448	79171719	20697
17	79171884	79172125	32897
17	79172662	79172783	9768
17	79173143	79173384	25448
17	79173425	79173696	22576
17	79174066	79174307	2519
17	79175967	79176238	18335
17	79177284	79177417	6417
17	79180456	79180727	15957
17	79180860	79181101	4766
17	79182713	79182834	8824
17	79193616	79193887	31414
17	79202670	79203301	20663
17	79204289	79204530	25124
17	79205175	79205296	11599
17	79205343	79205501	16831
17	79205582	79205853	21617
17	79206095	79206336	35305
17	79207206	79207327	14671
17	79207415	79207536	27480
17	79207753	79207874	6622
17	79210493	79210614	7780
17	79210764	79210885	11238
17	79211161	79211282	4941
17	79212748	79212869	519
17	79213144	79213265	942
17	79213361	79213482	128
17	79214740	79214861	4544
17	79219283	79220514	160278
17	79220621	79220892	15683
17	79224972	79225453	10484
17	79225907	79226538	29626
17	79226805	79227076	16052
17	79233994	79234235	19024
17	79244679	79244834	2970
17	79246306	79246437	3759
17	79249708	79249979	17330
17	79250790	79250943	9356
17	79254349	79254590	13339
17	79255909	79256180	19216
17	79257194	79257315	4936
17	79258611	79258732	2269
17	79263435	79263669	10824
17	79268610	79268731	9966
17	79278344	79279185	58931
17	79279405	79279530	2685
17	79287406	79287797	15938
17	79288173	79288294	11258
17	79372966	79373165	97
17	79373273	79373748	157
17	79375165	79375265	9513
17	79381101	79381222	4322
17	79384863	79384984	2712
17	79389229	79389470	17428
17	79389785	79389977	179490
17	79390002	79390502	376859
17	79396456	79396556	20445
17	79402431	79402532	11375
17	79405335	79405576	10789
17	79408822	79410623	65007
17	79410767	79411008	31150
17	79411379	79411620	1581
17	79411651	79411892	3582
17	79412001	79412242	3100
17	79412362	79412723	6037
17	79414046	79414887	33599
17	79418122	79418222	4172
17	79418673	79418914	7518
17	79418943	79419184	3255
17	79419691	79419932	51004
17	79422233	79422442	30123
17	79423285	79423648	19178
17	79424405	79424648	10012
17	79425160	79425521	3997
17	79425577	79426376	75729
17	79426454	79426695	19117
17	79427241	79427482	26726
17	79427522	79427763	24032
17	79427838	79429130	141640
17	79429762	79430003	36068
17	79430618	79430859	28674
17	79431105	79431279	18704
17	79431324	79431425	12836
17	79431639	79431833	10380
17	79432825	79432925	8249
17	79433172	79433403	21451
17	79477052	79477153	4403
17	79477304	79477405	7639
17	79477478	79477907	35075
17	79477922	79478163	38772
17	79478191	79478672	57848
17	79478758	79478859	5222
17	79478867	79479438	38442
17	79495491	79496452	67698
17	79496529	79496919	17202
17	79497095	79497255	11720
17	79497466	79497587	8735
17	79497594	79497715	7077
17	79498043	79498143	55345
17	79502077	79502234	2694
17	79503111	79503352	14593
17	79503514	79503875	10512
17	79503882	79504123	0
17	79507097	79507199	7278
17	79507789	79508030	3295
17	79508316	79508437	12666
17	79510966	79511207	26373
17	79512688	79512959	14549
17	79513898	79515054	52487
17	79516158	79516429	25024
17	79517248	79518230	48987
17	79518894	79519135	396
17	79519191	79519401	432
17	79524278	79524378	2061
17	79525022	79525122	1360
17	79526242	79526483	28305
17	79532308	79532669	18433
17	79534379	79534620	6543
17	79536028	79536149	3332
17	79539017	79539138	4598
17	79555928	79556169	12223
17	79563083	79563324	9431
17	79564245	79564366	6008
17	79567348	79567469	7773
17	79571542	79571783	6614
17	79573657	79573898	8252
17	79575739	79575860	8547
17	79577198	79577319	4004
17	79580310	79580551	16705
17	79589126	79589367	21913
17	79596729	79596850	10830
17	79603887	79604008	23
17	79609395	79609516	5377
17	79611975	79612696	65996
17	79614879	79615365	24176
17	79618050	79618201	10613
17	79618603	79618754	23652
17	79620141	79620404	11860
17	79623506	79623627	16060
17	79632151	79632662	50306
17	79633328	79633637	2005
17	79633742	79633983	4206
17	79634674	79634945	14723
17	79637245	79637493	6380
17	79638753	79638874	7593
17	79639054	79639205	10868
17	79639508	79639749	20032
17	79648702	79648943	9047
17	79649000	79649272	10134
17	79649978	79650219	11829
17	79650532	79650654	777
17	79650666	79650908	742
17	79651053	79651174	1152
17	79652615	79652736	5461
17	79653318	79653439	1372
17	79653987	79654138	7559
17	79655644	79655915	14020
17	79657176	79657297	10193
17	79657676	79657797	17259
17	79658387	79658658	16860
17	79660480	79660631	6534
17	79660671	79660792	2021
17	79660856	79661007	6393
17	79661802	79662283	34093
17	79662771	79663042	13670
17	79663351	79664060	38892
17	79667442	79667662	6399
17	79667664	79667904	5557
17	79668026	79668177	7393
17	79668528	79668658	23414
17	79670507	79670628	234
17	79671215	79671486	9534
17	79671643	79671764	3603
17	79673881	79674331	27060
17	79679441	79679562	0
17	79681921	79682162	24939
17	79682443	79682806	20255
17	79682998	79683119	11485
17	79683802	79683923	11124
17	79684016	79684141	3892
17	79684413	79684534	4699
17	79684717	79684958	26294
17	79686797	79686948	10994
17	79686995	79687117	4832
17	79766874	79766975	1576
17	79767658	79767760	990
17	79768701	79768808	9998
17	79768886	79769007	14472
17	79769098	79769204	5426
17	79769280	79769436	7710
17	79769527	79769686	16047
17	79769742	79769842	13157
17	79770043	79770144	5463
17	79770447	79770547	4328
17	79770683	79770821	8911
17	79770862	79770963	15942
17	79771350	79771565	10624
17	79781104	79781205	9426
17	79781287	79781389	3676
17	79782162	79782281	13989
17	79782328	79782428	7251
17	79791595	79791786	16267
17	79792332	79792573	18243
17	79792613	79792854	17000
17	79801866	79801987	7324
17	79803001	79803122	9196
17	79803406	79803647	18769
17	79803684	79803926	7529
17	79804253	79804524	21235
17	79804764	79805005	9045
17	79805109	79805233	7762
17	79812965	79813206	15558
17	79813274	79813515	17459
17	79817038	79817279	8078
17	79818193	79818394	1014
17	79825685	79825785	4595
17	79825803	79825904	5784
17	79825971	79826071	13724
17	79826240	79826971	21429
17	79827019	79827140	10266
17	79827182	79827303	4916
17	79827398	79827519	1186
17	79827590	79827831	12501
17	79845818	79845918	2850
17	79845922	79846073	6867
17	79846084	79846325	12843
17	79846366	79846487	6889
17	79847010	79847251	13675
17	79848509	79848750	15651
17	79849189	79849495	155
17	79852342	79852472	20579
17	79857086	79857447	15761
17	79857764	79858005	12030
17	79860125	79860412	11
17	79860438	79860679	910
17	79862699	79862830	9459
17	79862924	79863045	5491
17	79863229	79863350	6900
17	79863517	79863638	3775
17	79863923	79864074	7264
17	79864319	79864440	7138
17	79864583	79864824	9366
17	79865056	79865156	8086
17	79865390	79865511	7866
17	79865629	79865750	11772
17	79866415	79866536	4094
17	79866711	79866952	17029
17	79867372	79867493	9321
17	79868776	79868891	9018
17	79869133	79869258	0
17	79870269	79870510	20995
17	79871640	79871766	4332
17	79871911	79872062	11512
17	79872076	79872588	33216
17	79873290	79873411	4716
17	79873460	79873581	2934
17	79875358	79875458	10136
17	79875481	79875605	6263
17	79875696	79875863	0
17	79875905	79876031	0
17	79880465	79880946	32287
17	79880982	79881103	2811
17	79890736	79890857	4248
17	79891019	79891290	16482
17	79892162	79892403	15731
17	79892513	79892634	4995
17	79892791	79893033	16696
17	79893181	79893422	13156
17	79893972	79894093	10498
17	79894595	79894716	7796
17	79898674	79899720	37855
17	79910441	79910542	1917
17	79910808	79911169	29625
17	79912094	79912215	7664
17	79913225	79913466	2218
17	79914514	79914636	10460
17	79914733	79914974	24376
17	79915671	79915794	7434
17	79916189	79916313	8773
17	79916779	79916900	6148
17	79917333	79917454	1881
17	79917480	79917601	1120
17	79918403	79918803	9047
17	79935504	79935634	101
17	79937026	79937147	6119
17	79941384	79941606	9410
17	79943341	79943493	6258
17	79952634	79952785	12848
17	79953843	79953964	2303
17	79954214	79954843	36802
17	79966868	79967109	13867
17	79967341	79967462	13586
17	79968619	79968770	22726
17	79969358	79969509	14759
17	79970031	79970192	8411
17	79972910	79973271	25802
17	79974316	79974437	4240
17	79974649	79975022	30491
17	79975100	79975251	9443
17	79975284	79975385	5835
17	79977026	79977147	13761
17	79977151	79977272	9562
17	79977482	79977603	4256
17	79977698	79977819	3251
17	79980658	79980779	646
17	79981508	79981749	9777
17	79982093	79982244	4596
17	79982512	79982663	12278
17	79982843	79983084	9538
17	79983197	79983438	9124
17	79984765	79984897	2402
17	79985199	79985350	5155
17	79985527	79985648	5415
17	79985803	79986074	29297
17	79986087	79986208	19806
17	79986263	79986394	10715
17	79986432	79986583	9346
17	79986953	79987074	10436
17	79987403	79987524	2866
17	79987906	79988388	7864
17	79988461	79988702	2746
17	79989604	79989705	0
17	79990207	79990358	11402
17	79990494	79990765	17015
17	79990792	79990913	6464
17	79991274	79991759	44359
17	79993826	79993949	6411
17	79994004	79994344	11354
17	79994378	79994931	38407
17	79995313	79995434	346
17	79995471	79995592	343
17	80006549	80006700	12270
17	80006858	80007009	27532
17	80007514	80007755	5145
17	80007776	80007897	10280
17	80008233	80008474	19852
17	80008497	80008650	12927
17	80009132	80009253	732
17	80009361	80009676	0
17	80009749	80009874	196
17	80010122	80010378	13849
17	80011134	80011255	4553
17	80011683	80011954	14521
17	80012253	80013308	63590
17	80013597	80013718	6001
17	80013832	80013983	13704
17	80014123	80014277	9880
17	80014294	80015362	51692
17	80015939	80016314	14660
17	80016584	80016735	4740
17	80017745	80018016	16375
17	80018526	80018677	37535
17	80018727	80018848	12441
17	80019005	80019276	3082
17	80019484	80019607	8178
17	80019726	80019877	6712
17	80020701	80020859	10582
17	80021277	80021428	13566
17	80021992	80022120	4737
17	80022605	80022996	14271
17	80035888	80036009	8851
17	80036948	80037538	35325
17	80037973	80038124	10067
17	80038234	80038476	23538
17	80038558	80038808	20937
17	80039012	80039253	12001
17	80039386	80039729	17694
17	80039848	80040080	16660
17	80040153	80040304	19256
17	80040327	80040598	13591
17	80040739	80041010	20066
17	80041068	80041573	51536
17	80041586	80042304	29740
17	80042339	80042610	27836
17	80042630	80043792	42929
17	80044100	80044461	9593
17	80044876	80045147	18273
17	80045169	80045410	11399
17	80045497	80045929	23501
17	80045936	80046207	24965
17	80046230	80046471	17483
17	80046573	80047066	35885
17	80047071	80047312	12340
17	80047493	80047614	9759
17	80048224	80048465	39964
17	80048700	80048971	16054
17	80049087	80049570	9338
17	80050276	80050698	9364
17	80050712	80050953	7461
17	80051073	80051314	13978
17	80051439	80051680	17946
17	80053120	80053391	35137
17	80054106	80054377	36490
17	80059528	80059769	16034
17	80065266	80065507	19117
17	80071187	80071651	31640
17	80085335	80085928	22764
17	80086301	80086542	18112
17	80091888	80092129	20610
17	80103666	80103787	12138
17	80109421	80109662	11213
17	80115595	80115843	36470
17	80121033	80121274	14581
17	80129531	80129772	6500
17	80130504	80130750	6858
17	80136294	80136535	20877
17	80136862	80137103	9166
17	80141633	80141848	16231
17	80146073	80146314	10198
17	80151607	80151728	12930
17	80151815	80152056	8767
17	80153089	80153309	8919
17	80156122	80156363	11812
17	80159375	80159856	34115
17	80193874	80194117	39862
17	80194525	80194796	6782
17	80194970	80195811	92879
17	80196533	80196894	15617
17	80196982	80197150	13000
17	80197844	80197945	2051
17	80202488	80202741	16860
17	80203807	80203958	11806
17	80206561	80206940	20805
17	80207271	80207512	1881
17	80207996	80208096	4587
17	80209177	80209448	12274
17	80210243	80210514	6219
17	80210882	80211130	26851
17	80213257	80213498	21989
17	80218774	80218971	21003
17	80223552	80223682	17833
17	80231169	80231297	1519
17	80273160	80273317	17380
17	80274016	80274297	12393
17	80274518	80274883	31285
17	80275269	80275390	4073
17	80276104	80276408	84781
17	80276475	80276788	112353
17	80277227	80277468	91659
17	80279990	80280261	14702
17	80280699	80280940	7807
17	80281643	80281744	7004
17	80282448	80282793	25623
17	80285008	80285129	12264
17	80319972	80321653	84936
17	80332148	80333418	18546
17	80350121	80350461	29554
17	80352181	80352439	6553
17	80355982	80356253	15838
17	80361768	80362009	17606
17	80363136	80363287	3981
17	80364234	80364385	6060
17	80367203	80367324	7172
17	80369277	80369428	15846
17	80373237	80373513	18573
17	80376263	80376384	364
17	80377656	80377777	5301
17	80382233	80382389	17084
17	80386386	80386537	9619
17	80391494	80391735	14744
17	80393535	80393776	19176
17	80394517	80394638	5049
17	80394990	80395261	25701
17	80396714	80396835	3901
17	80397456	80397607	31166
17	80398796	80399152	10953
17	80399629	80399780	12218
17	80399989	80400500	43495
17	80401312	80402059	91222
17	80402243	80402514	14624
17	80403671	80403847	15346
17	80404444	80404595	29327
17	80405415	80405536	13095
17	80407026	80407147	10464
17	80416631	80416752	285
17	80417846	80417967	10302
17	80422113	80422354	10810
17	80426584	80426825	28946
17	80430385	80430626	15561
17	80436583	80436854	14743
17	80438282	80438420	3938
17	80438871	80439142	16177
17	80439638	80439759	9159
17	80441532	80441683	7987
17	80442636	80442877	46585
17	80443330	80443571	8311
17	80445764	80446092	10369
17	80477755	80478212	2311
17	80521175	80521446	18579
17	80525852	80526123	6213
17	80529551	80529792	8742
17	80532004	80532104	3630
17	80540592	80540833	7728
17	80541825	80542096	26157
17	80543746	80544086	21673
17	80544892	80545163	5726
17	80553625	80553746	2946
17	80559155	80559565	18663
17	80559762	80559890	7684
17	80560823	80560924	5419
17	80562284	80562461	6667
17	80572452	80572568	2800
17	80573618	80573718	6112
17	80573756	80573911	7982
17	80574309	80574580	14423
17	80575161	80575283	5166
17	80576870	80577021	7412
17	80579458	80579699	9846
17	80583220	80583371	7326
17	80585032	80585183	7690
17	80588756	80588908	6844
17	80601770	80601921	7478
17	80606121	80606242	2306
17	80615035	80615179	6427
17	80615663	80616054	30775
17	80616326	80616599	18372
17	80617403	80617554	11923
17	80618801	80618952	14585
17	80622310	80622461	12125
17	80656321	80656521	2291
17	80674580	80674821	3880
17	80676706	80676977	32349
17	80678132	80678253	9295
17	80680659	80680780	11787
17	80684295	80684536	27053
17	80684666	80685057	26029
17	80693461	80693702	0
17	80696289	80696552	24529
17	80698623	80698774	20606
17	80699166	80699287	5895
17	80706676	80706931	22264
17	80708280	80708641	24253
17	80710040	80710281	645
17	80714004	80714125	9847
17	80721828	80721949	9468
17	80724072	80724313	23388
17	80726247	80726488	13485
17	80730294	80730415	20852
17	80739409	80739650	14737
17	80755594	80755715	4763
17	80758684	80758925	10952
17	80763697	80763938	10278
17	80765452	80765573	12292
17	80767559	80767680	12614
17	80772701	80772822	3047
17	80785719	80786056	48543
17	80786250	80786569	30730
17	80787934	80788805	63590
17	80788861	80790340	125902
17	80822934	80823034	8583
17	80828056	80828297	27734
17	80841988	80842109	5062
17	80847497	80847618	10448
17	80851011	80851112	9528
17	80851404	80851525	11121
17	80858505	80858638	21538
17	80861256	80861377	5130
17	80863749	80863990	11945
17	80865605	80865726	8158
17	80866105	80866346	13752
17	80867110	80867259	5812
17	80869588	80869709	5942
17	80878401	80878522	6565
17	80879353	80879474	11234
17	80881507	80881628	5491
17	80882752	80882993	13772
17	80884260	80884381	4124
17	80885009	80885250	17866
17	80885761	80885882	13041
17	80886946	80887511	58367
17	80888337	80888578	20444
17	80890511	80890632	7541
17	80895130	80895251	10104
17	80895657	80895898	20167
17	80895907	80896028	11959
17	80897176	80897417	18153
17	80899255	80899376	2162
17	80900270	80900419	12366
17	80904757	80904878	6249
17	80914546	80914745	23773
17	80914999	80915422	21349
17	80918873	80919114	10732
17	80923513	80923634	7804
17	80962977	80963098	5743
17	80963437	80963538	4325
17	80972301	80972422	13040
17	80992851	80993002	8204
17	81006335	81006456	7489
17	81006481	81006722	13209
17	81009581	81009702	290
17	81037682	81037922	0
17	81042735	81043246	76225
17	81050880	81051001	26245
17	81051979	81052340	52206
17	81052486	81052600	6318
17	81187756	81188237	60360
18	47272	48485	307057
18	48873	49300	50594
18	49467	49588	18777
18	116820	116941	12774
18	116992	117353	28874
18	118243	118526	30498
18	120671	120792	17010
18	158456	158767	21671
18	163298	163500	15851
18	166741	166862	7583
18	178923	179047	2475
18	180226	180349	12156
18	192809	192930	9708
18	196580	196821	19324
18	197594	197715	7319
18	198028	198179	8501
18	199137	199326	9443
18	202851	202972	5253
18	203082	203203	5137
18	204506	204747	9843
18	209939	210060	10392
18	210376	210503	10366
18	211087	211328	20538
18	211662	211831	15780
18	213500	213600	4494
18	214533	214953	39587
18	215405	215526	7753
18	216438	216679	28222
18	218866	218987	5510
18	223411	223532	7423
18	224012	224253	31288
18	224897	225021	6899
18	225052	225173	4851
18	225288	225429	11450
18	226729	226970	13404
18	246268	246509	14557
18	247781	248022	9396
18	252514	252635	33552
18	254252	254373	4370
18	259166	259287	11153
18	259644	259765	8111
18	260123	260364	6529
18	263997	264118	5035
18	265271	265392	8411
18	265432	265553	6879
18	267931	268057	9889
18	319431	319532	8028
18	319587	319688	5385
18	319888	319988	3554
18	319993	320114	4887
18	321583	321854	34326
18	331658	331787	10152
18	332953	333194	12008
18	334654	335285	45536
18	346276	347357	210614
18	348052	348173	9202
18	357309	357580	19732
18	366474	366574	23270
18	480670	480791	17741
18	500449	500698	0
18	580336	582021	107874
18	597026	597147	6669
18	617925	618166	18973
18	619165	619406	18945
18	624827	625068	14109
18	627071	627552	38660
18	633215	633486	18368
18	641282	641553	22090
18	644882	645123	11311
18	649838	649959	3673
18	657693	658341	29486
18	659616	659737	15668
18	662081	662352	19881
18	669031	669183	8279
18	670628	670899	38558
18	671324	671475	17709
18	672807	673048	12241
18	674264	674416	10892
18	675300	675421	8364
18	677333	677454	3815
18	677656	677927	12251
18	678625	678776	11961
18	683191	683432	18466
18	685903	686024	15956
18	688499	688650	9130
18	690498	690649	21335
18	691025	691146	12607
18	691148	691299	9815
18	693803	693954	14264
18	694229	694350	8474
18	697176	697417	23247
18	706460	706588	8955
18	712292	712653	20917
18	721857	721976	7294
18	721983	722084	9960
18	722137	722238	8255
18	722358	722459	6060
18	723418	723519	8889
18	723657	723758	12746
18	723934	724049	7526
18	724163	724647	34559
18	732778	733019	25771
18	736763	737004	13367
18	739711	739832	7146
18	742886	743127	22331
18	743216	743457	27562
18	745661	745902	25533
18	745908	746061	10905
18	747907	748028	6532
18	751693	751814	4675
18	756510	756871	32998
18	905351	905507	13657
18	907597	907888	6459
18	908232	908374	14067
18	909420	909661	16124
18	909709	909889	4297
18	909999	910100	6847
18	1272239	1272372	4999
18	1272416	1272537	4929
18	1273296	1273475	11157
18	1275944	1276088	18350
18	1278540	1278661	12405
18	1358677	1358778	2656
18	2538920	2539191	16325
18	2544148	2544299	6694
18	2544642	2544768	4583
18	2547319	2547560	30603
18	2552667	2552788	4516
18	2554581	2555092	34236
18	2563765	2563886	3073
18	2566776	2567257	23705
18	2572943	2573095	3744
18	2574965	2575086	5332
18	2577655	2577926	23644
18	2577932	2578173	12220
18	2578885	2579038	13402
18	2585095	2585216	10965
18	2587784	2587935	12231
18	2589193	2589319	5787
18	2589968	2590208	9828
18	2595366	2595637	6938
18	2598942	2599213	25446
18	2601378	2601499	10892
18	2606398	2606519	4606
18	2608642	2608883	14346
18	2610717	2610870	13091
18	2616405	2616624	5604
18	2656046	2656287	25148
18	2666132	2666253	8524
18	2666828	2667069	24041
18	2673259	2673380	5437
18	2673957	2674198	18637
18	2688327	2688568	16871
18	2688595	2688746	7506
18	2694486	2694727	20826
18	2697013	2697134	6920
18	2697812	2698053	17725
18	2700475	2700944	40867
18	2703665	2703911	11633
18	2705682	2705872	6376
18	2706293	2706534	9402
18	2707540	2707661	12285
18	2707740	2707942	10016
18	2718133	2718492	21362
18	2722467	2722708	24022
18	2724883	2725004	2910
18	2726401	2726545	12776
18	2728403	2728644	12057
18	2729218	2729459	12410
18	2732195	2732556	19215
18	2738347	2738588	25267
18	2739412	2739533	4354
18	2740638	2740879	28899
18	2743721	2743962	16900
18	2747461	2747702	8865
18	2750019	2750140	723
18	2750305	2750546	13788
18	2751212	2751453	19327
18	2752456	2752577	7871
18	2760632	2760753	7432
18	2762047	2762288	18349
18	2763589	2763830	17001
18	2769633	2769874	17064
18	2769977	2770166	5198
18	2771512	2771633	19809
18	2772187	2772428	17275
18	2774710	2774810	5827
18	2775705	2775946	12230
18	2777737	2777978	13593
18	2778140	2778261	7576
18	2784412	2784653	14189
18	2784716	2784910	10383
18	2795904	2796145	9740
18	2796400	2796521	6905
18	2802476	2802597	5393
18	2847015	2847374	291
18	2847746	2847940	13320
18	2884898	2885169	20764
18	2890470	2892541	87350
18	2906750	2907111	676
18	2908865	2909016	15350
18	2909631	2909872	24612
18	2913052	2913413	19178
18	2913983	2914084	7414
18	2920211	2920482	15537
18	2920766	2920889	12248
18	2921466	2921707	13218
18	2921969	2922240	10603
18	2923724	2923875	8960
18	2924348	2924589	32769
18	2925142	2925413	17824
18	2926670	2926821	5198
18	2927703	2927824	8312
18	2928532	2928683	3938
18	2929048	2929169	7937
18	2931226	2931467	21270
18	2934337	2934458	14411
18	2937680	2938045	46738
18	2939418	2939659	11486
18	2940565	2940720	4649
18	2945568	2945669	14236
18	2951022	2951383	19051
18	2954488	2954609	4674
18	2960621	2960862	16239
18	2982595	2982836	24468
18	3066978	3067079	6422
18	3067225	3067586	33427
18	3071798	3071919	5161
18	3075401	3075522	31308
18	3075565	3075800	19772
18	3079137	3079378	22416
18	3083741	3084065	18184
18	3085025	3085146	5280
18	3085971	3086212	14164
18	3089144	3089265	10962
18	3089503	3089624	5050
18	3090606	3090847	39287
18	3094114	3094355	15552
18	3100117	3100238	8610
18	3100249	3100480	14464
18	3102428	3102669	20439
18	3112231	3112472	22077
18	3116299	3116540	14811
18	3119808	3120049	34353
18	3126675	3126916	40636
18	3129192	3129553	41708
18	3131312	3131553	9971
18	3134613	3134854	19632
18	3135515	3135756	8397
18	3141877	3142118	9279
18	3149109	3149230	4851
18	3151670	3151911	12520
18	3154894	3155135	18007
18	3164235	3164476	18470
18	3168775	3169016	13597
18	3173905	3174026	5982
18	3174100	3174221	6329
18	3176024	3176145	14989
18	3187435	3187676	36257
18	3188734	3189095	42753
18	3193764	3194005	19237
18	3214895	3215256	38926
18	3252271	3252372	5712
18	3253214	3253455	24735
18	3253846	3254087	22619
18	3255708	3255949	19132
18	3256015	3256116	3840
18	3272872	3273108	24265
18	3277210	3277451	18258
18	3277727	3277968	21472
18	3447705	3447826	9516
18	3450434	3450555	9931
18	3451907	3452418	43545
18	3456313	3456734	35152
18	3457349	3457950	34408
18	3457965	3458452	45134
18	3498794	3498895	10387
18	3498919	3499020	3059
18	3499166	3499460	7057
18	3502412	3502686	21792
18	3508552	3508673	5828
18	3534161	3534642	37661
18	3567472	3567593	10902
18	3580298	3580493	27252
18	3580577	3580698	18384
18	3581808	3582291	85425
18	3586624	3586724	10094
18	3596791	3597272	29811
18	3656037	3656158	6099
18	3708430	3708531	5866
18	3715848	3715949	5279
18	3729073	3729434	50397
18	3742272	3742543	23988
18	3814044	3814285	13252
18	3845195	3845316	8940
18	3870647	3870747	8601
18	3874126	3874247	8586
18	3874591	3874692	5773
18	3879048	3880129	146573
18	4988017	4988180	19652
18	5145560	5145755	21017
18	5196994	5197095	17522
18	5289761	5289862	3002
18	5290808	5292249	148567
18	5293182	5293303	9979
18	5392492	5392656	8540
18	5392937	5393038	6989
18	5393341	5393442	10142
18	5394672	5394802	14908
18	5395044	5395165	5535
18	5395595	5395716	30534
18	5396114	5396385	62119
18	5396969	5397480	25102
18	5397929	5398200	5848
18	5398649	5399384	56692
18	5400954	5401055	3940
18	5406750	5406991	42459
18	5407418	5407518	9838
18	5407656	5407782	3482
18	5410500	5410651	17137
18	5415765	5416387	42960
18	5419622	5419993	52942
18	5423343	5423584	30625
18	5424218	5424369	8436
18	5428266	5428507	14268
18	5433420	5433571	4632
18	5433889	5434130	22995
18	5438010	5438131	1654
18	5443796	5443947	6790
18	5445129	5445253	12963
18	5478217	5478458	19878
18	5488933	5489240	7006
18	5543894	5543994	839
18	5577305	5577406	2657
18	5630326	5630687	21978
18	5890142	5892114	120274
18	5956151	5956422	14345
18	5960073	5960195	6873
18	5969325	5969596	17524
18	6046689	6046821	2504
18	6080853	6080974	9527
18	6093319	6093560	17934
18	6138152	6138318	10207
18	6171762	6172003	13179
18	6213138	6213268	6399
18	6215730	6215851	5408
18	6237909	6238060	7816
18	6239672	6239913	12614
18	6241311	6241462	12297
18	6243239	6243480	15973
18	6244473	6244597	5409
18	6263930	6264051	4289
18	6301867	6301988	14544
18	6311497	6311648	13587
18	6374342	6374442	8030
18	6462829	6462950	9883
18	6729820	6729942	736
18	6824741	6824982	13178
18	6837183	6837440	10653
18	6850805	6850929	7368
18	6851017	6851138	8907
18	6859790	6859911	16618
18	6868099	6868250	21002
18	6870508	6870779	11396
18	6873339	6873610	23642
18	6873637	6873788	5276
18	6876107	6876228	9967
18	6882095	6882336	19687
18	6887135	6887256	13023
18	6889864	6890105	11921
18	6890419	6890552	7900
18	6894811	6894963	9809
18	6896441	6896682	14834
18	6898425	6898604	7253
18	6908929	6909050	5532
18	6912044	6912233	4441
18	6914904	6915005	5743
18	6927448	6927583	3429
18	6928118	6928218	7808
18	6928435	6928542	6806
18	6942006	6942277	12835
18	6943168	6943411	51593
18	6947107	6947348	13774
18	6948357	6948598	39795
18	6949057	6949298	20814
18	6950754	6950995	12957
18	6955342	6955548	9977
18	6956382	6956819	35325
18	6958417	6958688	16859
18	6959294	6959535	15908
18	6961550	6961791	15484
18	6961879	6962120	14951
18	6964616	6964851	40273
18	6965207	6965478	26409
18	6966069	6966340	16098
18	6971796	6972037	10558
18	6973009	6973250	34672
18	6974847	6975088	16039
18	6975886	6976127	9353
18	6977651	6977922	13081
18	6978134	6978405	27652
18	6980456	6980697	18137
18	6982451	6982602	9063
18	6983044	6983285	23886
18	6985166	6985437	28497
18	6985462	6985703	13495
18	6986119	6986360	29394
18	6992518	6992759	28247
18	6993604	6993761	13029
18	6995339	6995460	12278
18	6997690	6997931	21202
18	6999419	6999660	8759
18	6999861	7000012	6558
18	7002202	7002443	9879
18	7007085	7007296	20295
18	7008425	7008666	14532
18	7009180	7009421	8844
18	7010170	7010411	35783
18	7011267	7011508	18941
18	7011944	7012185	19563
18	7013720	7014111	22153
18	7015637	7015908	14971
18	7016458	7016699	20841
18	7017267	7017393	9117
18	7023147	7023388	14440
18	7024360	7024481	6329
18	7025920	7026161	12249
18	7032028	7032185	7899
18	7032973	7033104	7359
18	7034462	7034703	18185
18	7035975	7036097	8652
18	7037512	7037783	21623
18	7038727	7038998	22238
18	7040003	7040274	16617
18	7042134	7042259	4833
18	7043193	7043434	20339
18	7044658	7044899	11341
18	7046260	7046381	3921
18	7049045	7049286	20151
18	7050632	7050974	27832
18	7079964	7080096	6845
18	7080249	7080490	8955
18	7117627	7117748	140
18	7231078	7232069	49923
18	7567802	7567926	10123
18	7686717	7686817	8412
18	7737982	7738233	19793
18	7774086	7774327	24552
18	7887962	7888419	19181
18	7906480	7906601	18014
18	7926502	7926743	19466
18	7949144	7949385	20921
18	7955084	7955445	18641
18	8069656	8070017	24031
18	8076443	8076572	4716
18	8085648	8085889	9825
18	8088736	8088859	10444
18	8113409	8113800	33718
18	8114715	8114866	14276
18	8122226	8122327	5260
18	8123044	8123145	1527
18	8143589	8143830	32913
18	8159032	8159132	4811
18	8218178	8218279	7898
18	8226954	8227075	5550
18	8227091	8227193	2797
18	8244010	8244251	23307
18	8247818	8247939	8241
18	8248099	8248220	15376
18	8252430	8252551	12008
18	8253197	8253438	10300
18	8296348	8296469	8686
18	8314748	8314869	10936
18	8319132	8319253	13426
18	8343408	8343529	17767
18	8370794	8371065	12451
18	8371732	8371833	2976
18	8375999	8376238	25666
18	8376406	8376647	21245
18	8378216	8378457	23888
18	8379130	8379371	9586
18	8380238	8380479	20916
18	8384500	8384725	18699
18	8387030	8387271	26009
18	8394390	8394653	13847
18	8406072	8406193	11970
18	8406270	8406370	4509
18	8406391	8406608	7902
18	8406622	8406723	1858
18	8609437	8610070	7327
18	8624904	8625055	10907
18	8633134	8633375	26024
18	8635514	8635635	2906
18	8636241	8636365	5166
18	8638112	8638270	6467
18	8638304	8638545	8800
18	8638577	8638754	5178
18	8639194	8639295	8760
18	8639303	8639404	7394
18	8705658	8706753	1744
18	8707466	8707587	9109
18	8718412	8718667	14611
18	8720293	8720534	10744
18	8777769	8777920	1637
18	8779019	8779119	5817
18	8783518	8784851	139928
18	8785890	8786371	44335
18	8792905	8793176	11178
18	8796193	8796470	17584
18	8798040	8798311	19601
18	8806823	8807094	14589
18	8809436	8809659	6575
18	8812922	8813283	18881
18	8818897	8819288	21091
18	8821419	8821540	10354
18	8824652	8826243	125232
18	8827530	8827630	17565
18	8828863	8828984	8010
18	8831540	8831991	38708
18	9102707	9102828	12038
18	9104148	9104269	6162
18	9104909	9105040	9352
18	9117807	9117928	8651
18	9119263	9119649	20976
18	9122473	9122714	20422
18	9124835	9124991	3795
18	9126805	9126956	5747
18	9134169	9134290	7513
18	9182412	9182533	4983
18	9195471	9195742	16570
18	9204446	9204567	13727
18	9208606	9208847	16551
18	9211530	9211801	8949
18	9216705	9216946	9963
18	9221802	9222043	17315
18	9239461	9239582	6353
18	9254194	9258960	174681
18	9263775	9263896	14162
18	9275477	9275713	14953
18	9279533	9279654	13841
18	9280910	9281241	41734
18	9281575	9281817	22354
18	9282105	9282293	15722
18	9282329	9282565	8274
18	9282708	9282873	16807
18	9282921	9283098	11274
18	9283587	9283796	6210
18	9337167	9337408	29218
18	9359958	9360079	11770
18	9396229	9396590	17113
18	9399313	9399554	12307
18	9399916	9400017	3260
18	9475543	9475719	229
18	9512944	9513317	27617
18	9516800	9517327	50503
18	9522148	9522517	49127
18	9524551	9524792	20783
18	9525662	9525903	29139
18	9530822	9530949	4100
18	9533242	9533513	18810
18	9533611	9533882	14375
18	9535620	9535981	13098
18	9536144	9536291	9164
18	9536343	9536444	5101
18	9536780	9536924	8866
18	9537190	9537375	40802
18	9547065	9547166	4365
18	9547228	9547328	3058
18	9547404	9547600	12945
18	9547606	9547706	13608
18	9547747	9547988	12892
18	9549144	9549385	22836
18	9549965	9550455	30149
18	9553278	9553430	6988
18	9557178	9557419	7401
18	9559358	9559629	15188
18	9561964	9562085	5958
18	9563340	9563581	22173
18	9570116	9570717	59529
18	9577004	9577245	14041
18	9583072	9583313	13535
18	9584484	9584605	4138
18	9584681	9584836	5661
18	9588038	9588279	10457
18	9588658	9588899	17816
18	9593756	9593882	2264
18	9594962	9595203	16956
18	9614184	9614305	173
18	9614417	9614615	0
18	9708360	9708481	11050
18	9759866	9759967	6919
18	9774818	9774939	10952
18	9775252	9775374	41001
18	9792130	9792251	8430
18	9813991	9814112	7437
18	9815044	9815285	28753
18	9845512	9845753	11304
18	9859212	9859407	15383
18	9861951	9862052	6375
18	9886162	9886290	7319
18	9886550	9888157	174723
18	9914172	9914356	8466
18	9931761	9932002	10632
18	9936097	9936220	4215
18	9936961	9937082	15096
18	9944911	9945114	13049
18	9950357	9950598	15207
18	9954007	9954459	47227
18	9954486	9954673	21224
18	9954679	9954852	20327
18	9956575	9956676	5946
18	10454946	10455067	739
18	10468406	10468677	46281
18	10471491	10472092	58878
18	10485438	10485799	23067
18	10487569	10488050	24649
18	10488080	10488181	3706
18	10526066	10526187	8633
18	10530739	10530860	4704
18	10532688	10532809	4574
18	10533480	10533601	11845
18	10534353	10534538	15489
18	10539692	10539933	12125
18	10539956	10540077	10512
18	10540299	10540420	4690
18	10546300	10546421	20753
18	10548274	10548395	15066
18	10548912	10549148	11197
18	10550024	10550265	27566
18	10670818	10671103	35465
18	10671292	10671393	5869
18	10671419	10671829	33679
18	10672657	10672898	23483
18	10675184	10675305	8261
18	10677686	10677957	16326
18	10680160	10680401	20112
18	10681612	10681763	8986
18	10682100	10682289	17320
18	10689605	10689846	32388
18	10691150	10691421	19627
18	10696027	10696298	14759
18	10696312	10696583	19240
18	10697710	10697878	23444
18	10698922	10699175	13568
18	10701986	10702169	20507
18	10704391	10704650	16270
18	10705333	10705744	31802
18	10708272	10708437	12123
18	10714761	10714928	20177
18	10715647	10715814	11248
18	10718177	10718278	12236
18	10724464	10724565	8442
18	10728127	10728228	4119
18	10731404	10731519	17129
18	10735229	10735328	4888
18	10736601	10736708	10439
18	10740882	10741115	8123
18	10742491	10742613	6701
18	10744134	10744235	15681
18	10748468	10748628	4547
18	10750086	10750187	11058
18	10752633	10752877	13939
18	10757939	10758180	19114
18	10759409	10759650	13019
18	10759683	10759924	12103
18	10760887	10761128	13836
18	10762439	10762680	10780
18	10762886	10763127	11769
18	10770104	10770345	17378
18	10773295	10773673	11311
18	10773958	10774079	8670
18	10780282	10780403	6157
18	10784747	10784988	26350
18	10786965	10787206	13724
18	10789076	10789363	31635
18	10791198	10791322	9211
18	10794769	10795045	18871
18	10797362	10797642	53122
18	10800282	10800523	17625
18	10801345	10801466	5311
18	10803811	10804052	12517
18	10807069	10807310	23298
18	10855336	10855577	6078
18	10856982	10857223	28928
18	10871183	10871424	18860
18	10911154	10911255	16589
18	10979532	10979658	5869
18	11066123	11066224	11355
18	11148505	11148606	12634
18	11609561	11609833	55602
18	11610162	11610403	44549
18	11610491	11610642	19179
18	11619570	11619966	78376
18	11621383	11621504	28539
18	11622426	11622667	54159
18	11625525	11625792	124521
18	11625871	11625992	48550
18	11629587	11629829	52354
18	11639339	11639520	65885
18	11644376	11644857	109564
18	11689532	11689977	1000
18	11710653	11710753	5342
18	11752383	11752624	11182
18	11752796	11752947	23193
18	11753592	11753713	6986
18	11753733	11754004	14984
18	11824904	11825025	5129
18	11851509	11854449	163791
18	11862359	11862480	7675
18	11864477	11864628	12422
18	11867134	11867255	21496
18	11868480	11868721	25102
18	11872180	11872451	16139
18	11874984	11875084	5144
18	11876497	11876794	41466
18	11876915	11877023	7298
18	11879385	11879488	1140
18	11880909	11881180	20203
18	11881224	11881325	10801
18	11881666	11881767	2849
18	11881866	11881967	2654
18	11883466	11883574	2459
18	11884126	11884325	18431
18	11884383	11884654	12507
18	11884973	11885094	17383
18	11885623	11885864	23957
18	11886407	11886804	13375
18	11886906	11887262	14239
18	11888613	11888764	11415
18	11889376	11889499	9851
18	11893457	11893585	4553
18	11896941	11897302	31350
18	11913817	11913938	7202
18	11981655	11981776	0
18	11998998	11999239	24313
18	12008284	12008590	19295
18	12009842	12009996	10354
18	12012130	12012251	13505
18	12012287	12012388	7699
18	12014254	12014382	5843
18	12028004	12028160	10139
18	12028765	12029036	16522
18	12030278	12030519	28527
18	12057268	12057815	55155
18	12076399	12076520	14110
18	12094016	12094261	15459
18	12095105	12095346	31980
18	12095401	12095642	19660
18	12096126	12096367	19591
18	12097586	12097827	31845
18	12099586	12099707	5989
18	12103130	12103251	8164
18	12104393	12104514	5272
18	12104824	12104945	3649
18	12107258	12107499	13335
18	12115042	12115163	5805
18	12115341	12115582	16225
18	12122247	12122515	25709
18	12124107	12124335	89244
18	12125458	12126408	104110
18	12127746	12127938	28765
18	12129934	12130048	8683
18	12254340	12254461	2072
18	12254764	12255005	16701
18	12262774	12263015	12095
18	12264257	12264498	13930
18	12274031	12274302	16156
18	12277074	12277315	26833
18	12308258	12308379	2952
18	12308676	12308804	14095
18	12310932	12311062	12084
18	12325026	12326139	154669
18	12326449	12326550	19490
18	12329109	12329210	3743
18	12329521	12329792	14821
18	12337315	12337556	23901
18	12340178	12340419	27125
18	12344067	12344308	11894
18	12348262	12348392	11665
18	12351025	12351266	22337
18	12351295	12351422	6061
18	12352967	12353200	24211
18	12356610	12356881	26902
18	12358624	12358985	14152
18	12359866	12360107	11586
18	12363726	12363877	1972
18	12366918	12367159	17826
18	12367265	12367391	9523
18	12370825	12370946	3011
18	12371549	12371700	4259
18	12376958	12377091	0
18	12407929	12408050	324
18	12420286	12420527	2022
18	12421522	12421643	20117
18	12427013	12427134	13059
18	12427209	12427332	13641
18	12429284	12429435	11523
18	12448218	12448319	13897
18	12448877	12448977	4054
18	12449259	12449359	6056
18	12449378	12449479	8142
18	12449577	12449945	22643
18	12452039	12452139	9404
18	12452170	12452557	14425
18	12453040	12453161	1595
18	12454292	12454533	24664
18	12459753	12459927	19644
18	12463299	12463540	38354
18	12464820	12464971	9062
18	12479632	12479903	17739
18	12485917	12486038	2251
18	12492984	12493255	26178
18	12495996	12496117	5383
18	12506425	12506677	29895
18	12512430	12512551	6924
18	12535416	12535657	26306
18	12546625	12546967	23967
18	12547056	12547156	8151
18	12588346	12588446	8956
18	12635016	12635137	10203
18	12657505	12657875	400
18	12658170	12658411	602
18	12658528	12658649	9737
18	12662109	12662210	1292
18	12673281	12673552	13190
18	12674522	12674763	14373
18	12678092	12678451	25721
18	12680622	12680863	17725
18	12686233	12686474	22657
18	12691300	12691565	13697
18	12695240	12695361	12066
18	12697193	12697434	26965
18	12698968	12699212	15443
18	12699805	12699926	6157
18	12700913	12701154	24915
18	12702424	12702575	14461
18	12703073	12703194	26594
18	12706513	12706754	42250
18	12712668	12712789	8884
18	12718423	12718694	15632
18	12720474	12720715	12866
18	12724436	12724677	8281
18	12725392	12725543	11801
18	12725653	12725764	9288
18	12785771	12785892	4938
18	12788065	12788166	8348
18	12793458	12793559	9095
18	12793858	12793958	7590
18	12794196	12794500	41112
18	12801938	12802179	16998
18	12814156	12814397	26014
18	12817108	12817379	27116
18	12819196	12819297	13395
18	12825754	12825995	20062
18	12830929	12831050	8215
18	12836778	12836900	12776
18	12840696	12840850	30909
18	12859132	12859263	17691
18	12884044	12884165	1606
18	12948111	12948241	4444
18	12951817	12951938	8971
18	12955413	12955654	24789
18	12963149	12963384	23759
18	12971139	12971260	10259
18	12978699	12978940	16953
18	12982474	12982715	20219
18	12983992	12984296	20625
18	12985183	12985304	12520
18	12986851	12987066	6822
18	12999419	12999588	16264
18	13001455	13001582	8401
18	13008454	13008631	8935
18	13012947	13013048	9033
18	13015326	13015448	6677
18	13017186	13017336	8294
18	13018478	13018615	10329
18	13019080	13019206	7594
18	13024212	13024377	9385
18	13029661	13030002	27497
18	13030463	13030656	14266
18	13037217	13037318	5823
18	13038368	13038579	16086
18	13040740	13041011	14943
18	13042146	13042387	13351
18	13048847	13049690	46686
18	13049705	13049905	9512
18	13052852	13053123	20375
18	13055756	13056717	56038
18	13057536	13057777	27680
18	13059071	13059321	20496
18	13067771	13068284	37802
18	13068328	13068449	4520
18	13068799	13069040	14412
18	13069072	13069193	5590
18	13069674	13069876	10998
18	13071003	13071241	17937
18	13072737	13072858	8037
18	13072974	13073215	25380
18	13086964	13087325	19961
18	13087466	13087707	11432
18	13088850	13088951	4486
18	13089445	13089574	8305
18	13092329	13092570	8330
18	13095469	13095710	15517
18	13096123	13096364	12134
18	13099465	13099593	12074
18	13100286	13100527	11214
18	13103486	13103607	5887
18	13104969	13105090	6026
18	13107599	13107699	6874
18	13113523	13113764	20223
18	13114068	13114309	21333
18	13116317	13116558	8113
18	13117551	13117672	12922
18	13124548	13124902	11410
18	13387444	13387544	372
18	13387578	13387801	11635
18	13423598	13423699	7726
18	13425930	13426112	12021
18	13427345	13427445	4303
18	13438191	13438432	11994
18	13441277	13441378	10260
18	13612677	13612798	7394
18	13621041	13621312	21087
18	13643323	13643444	4039
18	13645089	13645690	41986
18	13646011	13646288	22467
18	13646661	13646762	5926
18	13652577	13652773	19231
18	13666469	13666722	33999
18	13671851	13671982	5033
18	13681594	13682086	77628
18	13731483	13731964	18191
18	13734409	13734650	12641
18	13736950	13737191	16436
18	13740156	13740288	6008
18	13741478	13741719	19867
18	13742417	13742688	20858
18	13746156	13746397	15850
18	13752314	13752436	5539
18	13754068	13754189	4288
18	13759898	13760019	6924
18	13760271	13760371	10893
18	13760388	13760488	7466
18	13762037	13762159	7020
18	13823899	13824107	16831
18	13825712	13826793	136645
18	13884589	13885646	78637
18	13915440	13915540	5163
18	13919579	13919700	3137
18	14104880	14106441	76034
18	14124290	14124531	19440
18	14132183	14132334	20625
18	14144590	14144690	4620
18	14146541	14146656	7902
18	14146899	14146999	8422
18	14147403	14147504	7085
18	14147947	14148048	6828
18	14149983	14150089	10690
18	14151056	14151157	20594
18	14152975	14153105	9498
18	14156268	14156369	1662
18	14156603	14156785	20071
18	14157126	14157254	17474
18	14169516	14169616	3087
18	14173650	14173764	8365
18	14173927	14174106	8757
18	14179372	14179626	39049
18	14183586	14183827	89425
18	14183893	14184137	67252
18	14186404	14186504	4977
18	14187222	14187359	4881
18	14188002	14188102	37856
18	14189174	14189312	45208
18	14191838	14191938	5015
18	14198411	14198533	21371
18	14201115	14201215	18460
18	14205140	14205240	22823
18	14208012	14208113	25904
18	14214185	14214309	17421
18	14219879	14220121	53782
18	14221237	14221619	51727
18	14221706	14221827	12759
18	14225654	14226103	96723
18	14227563	14227804	42501
18	14234634	14234815	35547
18	14242097	14242458	85664
18	14242977	14243238	43138
18	14244504	14244625	14098
18	14248179	14248300	13488
18	14251545	14251786	55680
18	14361371	14361494	18359
18	14392135	14392256	14511
18	14392764	14392975	39707
18	14511752	14511873	17945
18	14511894	14511994	23751
18	14513601	14513842	46216
18	14522215	14522456	51360
18	14523422	14523544	61247
18	14524885	14525026	59659
18	14528973	14529094	17051
18	14530455	14530577	43294
18	14533007	14533248	60159
18	14534891	14535013	97932
18	14537765	14537974	80298
18	14538069	14538311	69326
18	14542583	14543184	244940
18	14613238	14613599	51168
18	14613838	14613959	23726
18	14698080	14698180	6631
18	14699968	14700089	6662
18	14706215	14706399	23072
18	14706526	14706647	10649
18	14748393	14748708	17241
18	14752500	14752741	37913
18	14752803	14753044	30383
18	14754829	14755070	10093
18	14757761	14758002	31388
18	14760523	14760644	3137
18	14763645	14764126	23255
18	14769295	14769416	6133
18	14772129	14772250	6189
18	14777967	14778088	4486
18	14779928	14780049	11523
18	14782508	14782629	3205
18	14784287	14784408	21172
18	14784436	14784557	20297
18	14787007	14787128	21738
18	14791383	14791504	9587
18	14796172	14796293	24212
18	14796316	14796437	17635
18	14797612	14797733	24139
18	14797755	14797876	18065
18	14799052	14799173	24763
18	14799196	14799317	18495
18	14802185	14802306	41806
18	14803716	14803837	8247
18	14808502	14808623	17379
18	14808645	14808766	14553
18	14809937	14810058	28278
18	14813072	14813193	39893
18	14814603	14814724	11132
18	14822445	14822546	21311
18	14822589	14822690	12623
18	14828241	14828342	3832
18	14830153	14830253	8703
18	14831367	14831468	2386
18	14837199	14837329	6000
18	14837594	14837695	7321
18	14840581	14840682	3238
18	14842859	14842960	10060
18	14843008	14843109	15016
18	14848696	14848937	16483
18	14850212	14850428	18931
18	14851487	14852480	103867
18	14854575	14854675	6017
18	14861662	14862077	14930
18	14888798	14888919	36742
18	14999870	14999991	27450
18	15005845	15005966	5417
18	15057251	15057372	13771
18	15254358	15254604	37700
18	15255024	15255156	24174
18	15270016	15270729	94312
18	15270909	15272203	124794
18	15272208	15272329	13640
18	15272369	15272490	9179
18	15316598	15316775	19604
18	15319473	15319595	4502
18	15322100	15322341	35835
18	15323187	15323427	18090
18	15325521	15325750	43433
18	15325828	15326069	29416
18	15330052	15330172	24155
18	18529756	18530059	15744
18	18530335	18530525	30839
18	18530546	18530920	29799
18	18531073	18531174	6249
18	18531255	18531406	15397
18	18533521	18533798	28451
18	18534693	18535054	33066
18	18535105	18535226	11440
18	18539783	18539904	4192
18	18540070	18540191	8791
18	18546836	18547077	8779
18	18547685	18547911	26268
18	18548715	18548836	6552
18	18549061	18549212	7885
18	18550285	18550511	13380
18	18559856	18559977	10870
18	18562667	18562818	4199
18	18564282	18564523	10844
18	18566869	18567110	18374
18	18571090	18571331	31210
18	18572782	18572908	7205
18	18586301	18586765	35119
18	18587966	18588207	23362
18	18595354	18595475	7482
18	18600094	18600215	2569
18	18603549	18603670	8580
18	18608695	18608936	15166
18	18619417	18619538	5333
18	18622005	18622246	17105
18	18622476	18622717	10491
18	18624043	18624164	8716
18	18625219	18625460	7127
18	18628970	18629241	14097
18	18629729	18629851	14099
18	18642258	18642444	2473
18	18650472	18650593	7008
18	18690733	18690884	8313
18	18690955	18691181	3267
18	18691457	18691557	12825
18	18691588	18691691	3467
18	18963435	18963665	15025
18	18964144	18964385	13962
18	18975312	18975553	19383
18	18981077	18981318	19754
18	18983772	18984013	14651
18	19014907	19015036	14656
18	19019418	19019659	13579
18	19020168	19020409	22195
18	19021308	19021549	25848
18	19024156	19024397	29878
18	19029452	19029813	27271
18	19030941	19031167	15492
18	19031989	19032230	18015
18	19034281	19034642	19375
18	19041476	19041603	17981
18	19048667	19048767	10869
18	19052991	19053173	15376
18	19057099	19057340	23101
18	19065526	19065767	16417
18	19069961	19070322	19194
18	19075567	19075808	18041
18	19076355	19076716	20233
18	19079677	19080278	74273
18	19080430	19080671	13289
18	19085329	19085570	21005
18	19085719	19085960	12990
18	19088038	19088279	25567
18	19088302	19088663	38047
18	19093781	19093948	20044
18	19095377	19095606	16756
18	19096573	19096716	7928
18	19097994	19098196	17586
18	19100648	19100785	55071
18	19102618	19102783	9078
18	19109230	19109331	3455
18	19109883	19110497	30804
18	19112406	19112647	9573
18	19115953	19116163	15522
18	19119822	19119980	19722
18	19120478	19120719	10843
18	19140764	19141005	13344
18	19144117	19144340	16609
18	19146075	19146196	6329
18	19147876	19148117	10089
18	19153258	19154819	129453
18	19192231	19192457	13751
18	19202662	19202783	5915
18	19203683	19203924	11288
18	19208904	19209209	48350
18	19231188	19231376	12408
18	19231486	19231757	10643
18	19236783	19237178	12245
18	19239098	19239337	11521
18	19244043	19244201	10213
18	19263453	19263574	10450
18	19263842	19263993	15661
18	19282246	19282487	19670
18	19283505	19283746	17258
18	19284424	19284665	11733
18	19291953	19292148	11992
18	19321535	19321783	31667
18	19345697	19345938	27791
18	19348574	19348768	19812
18	19353575	19353699	6244
18	19358035	19358156	6650
18	19359422	19359663	30595
18	19371305	19371546	23860
18	19377995	19378236	18506
18	19379747	19379945	6222
18	19383858	19383985	4380
18	19395554	19395795	11876
18	19399410	19399651	18379
18	19405634	19405771	8662
18	19408940	19409074	12491
18	19418270	19418511	20685
18	19423073	19423194	3830
18	19424012	19424253	20658
18	19426874	19427115	17266
18	19429131	19429372	14317
18	19433078	19433199	9911
18	19437081	19437214	13964
18	19438495	19438617	5323
18	19444435	19444676	25749
18	19445598	19445698	8033
18	19446890	19446991	8856
18	19447399	19447500	8246
18	19447634	19447734	6788
18	19448409	19448602	19091
18	19448625	19448726	5889
18	19448891	19448992	5396
18	19449014	19449114	5969
18	19449242	19449436	12970
18	19449507	19449656	13010
18	19450044	19450144	4970
18	19749473	19749616	2237
18	19751061	19752292	28846
18	19756877	19757092	2675
18	19761355	19761596	19710
18	19762700	19762821	7565
18	19762891	19763014	8976
18	19780551	19780822	26050
18	19780851	19780952	7975
18	19781341	19781560	8281
18	19781589	19781904	12426
18	19994523	19994884	7874
18	19995147	19995248	4517
18	19995514	19997879	438524
18	19998673	19999241	59025
18	20516777	20516933	3148
18	20526366	20526487	3985
18	20529537	20529688	7561
18	20548759	20548891	8010
18	20555087	20555208	9792
18	20562147	20562388	34716
18	20564839	20564990	18161
18	20569171	20569292	9217
18	20570890	20571022	7536
18	20572675	20573866	86201
18	20576319	20576440	7067
18	20577573	20577764	8126
18	20581499	20581740	13856
18	20586299	20586420	6434
18	20596777	20596898	6673
18	20602041	20602252	7077
18	20606096	20606220	6247
18	20715717	20716605	4046
18	20735830	20735981	7296
18	20768776	20768897	7148
18	20774396	20774517	6508
18	20793918	20794039	9852
18	20814528	20814679	19444
18	20815785	20816056	34273
18	20817096	20817219	19164
18	20832914	20833040	9562
18	20833675	20833916	8852
18	20837139	20837380	11876
18	20838191	20838292	3091
18	20877939	20878060	3491
18	20889614	20889735	7434
18	20917863	20917964	6427
18	20932115	20932266	12636
18	20936501	20936652	8906
18	20945553	20945674	4961
18	20948635	20948756	4427
18	20950152	20950321	9439
18	20951357	20951478	9759
18	20953610	20953761	6245
18	20956810	20956931	7059
18	20957561	20957682	12501
18	20964931	20965052	2986
18	20979479	20979630	8042
18	21001308	21001429	7596
18	21010556	21010677	4477
18	21017689	21017840	6423
18	21033343	21033494	16433
18	21042864	21043105	10217
18	21043882	21044123	19383
18	21044160	21044287	6187
18	21044473	21044602	6208
18	21046047	21046288	10252
18	21047305	21047546	24113
18	21053340	21053611	21100
18	21054870	21055111	16887
18	21056948	21057069	8345
18	21057126	21057247	8229
18	21059271	21059398	6848
18	21061126	21061253	8087
18	21061385	21061517	19425
18	21083573	21083702	15552
18	21084311	21084432	18249
18	21086914	21087035	5233
18	21087915	21088036	7543
18	21089120	21089271	4156
18	21095770	21096009	13552
18	21096244	21096397	11173
18	21098837	21098958	23782
18	21099023	21099148	21280
18	21100130	21100287	17917
18	21104024	21104175	23697
18	21104358	21104479	18094
18	21106513	21106784	30903
18	21107720	21107875	14588
18	21109081	21109322	23434
18	21109576	21109697	8174
18	21109952	21110106	14926
18	21110165	21110286	18951
18	21110341	21110586	23067
18	21111567	21111772	7949
18	21111935	21112035	15339
18	21112115	21112266	9671
18	21113278	21113519	9700
18	21114375	21114533	8974
18	21115423	21115674	29951
18	21116617	21116858	24188
18	21118419	21118690	18375
18	21119255	21119496	18238
18	21119748	21119989	13353
18	21120395	21120516	11178
18	21120950	21121453	23293
18	21123350	21123543	12417
18	21124277	21124518	14159
18	21124897	21125138	14876
18	21127929	21128082	14471
18	21131549	21131701	3549
18	21134712	21134958	25615
18	21136150	21136631	27631
18	21137056	21137177	5863
18	21140138	21140499	7002
18	21141256	21141527	29464
18	21148753	21148994	23755
18	21152028	21152154	3949
18	21153355	21153596	27727
18	21166217	21166338	98
18	21180044	21180145	3662
18	21180559	21180659	5994
18	21181170	21181291	22865
18	21192043	21192164	21610
18	21197682	21197803	7035
18	21199482	21199603	1205
18	21209804	21209925	6193
18	21214002	21214123	8762
18	21218800	21218921	8583
18	21226140	21226261	5969
18	21229010	21229167	7831
18	21229414	21229535	19495
18	21242633	21242763	152
18	21269613	21270040	1305
18	21292715	21292815	8739
18	21293838	21294079	12435
18	21327874	21328085	19084
18	21329382	21329570	24594
18	21330845	21331086	30035
18	21333669	21333790	11298
18	21338296	21338537	14189
18	21343306	21343547	24031
18	21353444	21353565	18399
18	21355670	21355941	22705
18	21357460	21357611	11717
18	21363902	21364173	56644
18	21375977	21376121	4321
18	21390247	21390518	29768
18	21392982	21393103	3576
18	21394355	21394476	6800
18	21395086	21395237	29618
18	21395393	21395547	10229
18	21396340	21396461	38592
18	21399761	21400002	20766
18	21402156	21402397	24716
18	21404336	21404577	18381
18	21406653	21406774	5465
18	21407233	21407474	43206
18	21413720	21413991	23092
18	21416907	21417063	15169
18	21418732	21418853	18759
18	21419699	21419912	13674
18	21422300	21422764	26171
18	21424909	21425150	26256
18	21426215	21426486	13625
18	21427408	21427649	17943
18	21437758	21437999	39410
18	21438601	21438842	33653
18	21441539	21441810	36734
18	21444736	21444857	10186
18	21447748	21447899	14116
18	21451385	21451635	19097
18	21452972	21453213	36903
18	21456248	21456381	8858
18	21461890	21462019	8046
18	21464685	21464836	9775
18	21469936	21470091	21040
18	21473960	21474346	20080
18	21474795	21475066	22716
18	21478665	21478822	10629
18	21478882	21479039	6285
18	21479214	21479455	16110
18	21481067	21481308	12387
18	21482909	21483150	3210
18	21483852	21484093	10033
18	21484466	21484707	17439
18	21485445	21485598	7269
18	21487450	21487929	48332
18	21489066	21489307	25667
18	21492638	21492879	12488
18	21494328	21494569	18250
18	21494591	21494847	13374
18	21495198	21495469	23025
18	21496465	21496706	15077
18	21500807	21501078	32345
18	21501361	21501602	14082
18	21508024	21508265	13087
18	21508537	21508778	23295
18	21510974	21511215	17890
18	21512068	21512309	51106
18	21513701	21513942	19585
18	21519147	21519388	12532
18	21523722	21523963	10458
18	21526026	21526297	28301
18	21529657	21529928	40226
18	21529936	21530177	24941
18	21531633	21531754	12028
18	21532892	21533133	19417
18	21534418	21534659	24133
18	21594835	21595003	12212
18	21599842	21600310	23367
18	21644074	21644195	10197
18	21645966	21646159	7922
18	21649056	21649297	19250
18	21660539	21660913	39254
18	21662839	21663080	21080
18	21694503	21694624	8252
18	21696746	21696846	3648
18	21698051	21698206	18469
18	21698496	21698671	15273
18	21703788	21703917	4781
18	21705331	21705572	9653
18	21706565	21706666	3507
18	21708837	21708958	16188
18	21709667	21709879	9053
18	21710237	21710391	11498
18	21710473	21710656	12796
18	21711773	21711924	9700
18	21712402	21712553	8961
18	21713995	21714116	5605
18	21715398	21715639	31935
18	21723029	21723410	18026
18	21735614	21736965	89846
18	21739373	21740094	63098
18	21741418	21741539	5613
18	21743132	21743255	5315
18	21744982	21745133	14834
18	21746483	21746724	22749
18	21747199	21747457	8443
18	21750232	21750465	25540
18	21751356	21751477	2652
18	21752330	21752457	13534
18	21757946	21758169	29344
18	21759689	21759810	13062
18	21761054	21761295	13948
18	21776065	21776186	3920
18	21804962	21805203	30497
18	21819143	21819384	15968
18	21860796	21860922	7357
18	21883580	21883701	12123
18	21891887	21892128	15909
18	21894170	21894321	5194
18	21897083	21897204	8073
18	21897236	21897387	8766
18	21898525	21898646	7995
18	21898692	21898818	5948
18	21901615	21901736	3898
18	21912856	21913097	9957
18	21914160	21914311	10198
18	21921501	21921632	11188
18	21946767	21946952	13767
18	21948232	21948353	3210
18	21957315	21957556	13222
18	22006677	22006798	0
18	22007825	22008066	33007
18	22008797	22008918	12231
18	22010255	22010376	7339
18	22017900	22018021	9041
18	22020399	22020640	22058
18	22023003	22023126	6901
18	22025332	22025453	6820
18	22028040	22028161	13099
18	22029728	22029969	13392
18	22030715	22030836	3044
18	22040667	22040908	24575
18	22048712	22048953	41501
18	22056697	22057538	87196
18	22642564	22642740	14100
18	22666250	22666350	8841
18	22669365	22669606	28040
18	22671828	22672099	23045
18	22674693	22674793	8827
18	22764711	22764812	2049
18	22766954	22767083	8491
18	22767577	22767710	14493
18	22768233	22768334	23524
18	22774917	22775018	5123
18	22775104	22775225	8477
18	22804299	22807671	338537
18	22812168	22812269	7923
18	22832168	22832269	4762
18	22869041	22869142	6678
18	22869175	22869275	7977
18	22901940	22902274	20371
18	22906039	22906139	2285
18	22906357	22906457	7093
18	22907565	22907686	3400
18	22930829	22931090	9023
18	22931937	22932159	8492
18	23596232	23596333	5546
18	23596762	23596862	7488
18	23597375	23597522	6210
18	23597820	23597977	9396
18	23598174	23598381	14329
18	23612308	23612549	39598
18	23614908	23615149	27067
18	23615779	23615938	4300
18	23618479	23618633	11348
18	23619215	23619456	21742
18	23632577	23632819	39181
18	23637508	23637749	14739
18	23658020	23658141	2690
18	23667441	23667562	5493
18	23670437	23670569	12240
18	23713889	23714045	8045
18	23720011	23720111	7261
18	23724464	23724705	11623
18	23731753	23731994	16403
18	23738025	23738301	13032
18	23750667	23751268	1518
18	23756491	23756592	5662
18	23758702	23758973	5890
18	23759001	23759122	2196
18	23772267	23772388	3540
18	23806887	23807250	7985
18	23845055	23845326	13768
18	23847470	23847597	7432
18	23854586	23854827	7197
18	23854834	23855075	9934
18	23861918	23862039	2024
18	23865793	23866514	41830
18	23872156	23872397	13020
18	23873380	23873505	6101
18	23875114	23875235	7078
18	23895156	23895397	4600
18	23900977	23901218	3894
18	23906920	23907161	9236
18	23915105	23915256	9578
18	23937642	23937768	3637
18	23969771	23970012	6910
18	24034951	24035052	1456
18	24035322	24035524	18106
18	24035596	24035905	11297
18	24039555	24039916	12472
18	24056429	24056670	12143
18	24080996	24081237	18892
18	24126691	24128501	57997
18	24128855	24129047	6353
18	24129075	24129297	519
18	24179327	24179448	11007
18	24433641	24433742	3263
18	24434497	24434597	4784
18	24435620	24435721	2747
18	24436043	24436493	33533
18	24440684	24440835	5140
18	24441055	24441296	8279
18	24442081	24442592	14263
18	24445546	24445698	6518
18	24495912	24496080	10042
18	24496137	24497368	60491
18	24510714	24510814	6791
18	24512957	24513086	6808
18	24513580	24513713	1910
18	24524250	24524371	4945
18	24604009	24604160	6610
18	24628386	24628507	2494
18	24722591	24722832	6596
18	24917033	24917151	7621
18	24918568	24918668	2185
18	25081642	25081767	1052
18	25530962	25531063	2070
18	25531087	25531215	1558
18	25531297	25531398	2812
18	25531411	25531680	9353
18	25531682	25531783	3259
18	25531824	25532055	7514
18	25532098	25532339	11619
18	25543251	25543522	11301
18	25562856	25563097	9330
18	25564954	25565207	8627
18	25565482	25565735	10180
18	25568437	25568678	7843
18	25570006	25570367	22830
18	25572590	25572831	13441
18	25573411	25573652	14996
18	25582925	25583166	29105
18	25585763	25586004	9607
18	25589637	25589878	6030
18	25591761	25592002	25463
18	25593608	25593883	16709
18	25616411	25616532	7240
18	25625322	25625443	5832
18	25646465	25646566	4234
18	25727627	25727758	3828
18	25756895	25757073	494
18	26245669	26245859	1805
18	26776288	26776610	19067
18	27878839	27878960	5444
18	28571197	28571298	6166
18	28574118	28574348	8616
18	28574398	28574538	6156
18	28576674	28577065	20372
18	28581523	28581715	5747
18	28584098	28584342	13540
18	28586863	28587107	16299
18	28587931	28588172	12928
18	28588181	28588542	21533
18	28598008	28598249	22242
18	28598577	28598818	9556
18	28602233	28602504	15948
18	28604265	28604506	9344
18	28605652	28605923	9684
18	28609383	28609654	14653
18	28610917	28611158	12210
18	28612138	28612259	1907
18	28622530	28622651	2964
18	28647633	28647733	6890
18	28647958	28648199	17539
18	28648231	28648352	7730
18	28648777	28649168	21561
18	28650632	28650873	12463
18	28651479	28651868	14459
18	28654639	28654883	17342
18	28659762	28659969	21681
18	28660008	28660369	30783
18	28662175	28662416	17802
18	28662837	28663078	9721
18	28666500	28666741	35973
18	28667552	28667823	8329
18	28669358	28669599	16225
18	28670899	28671170	6698
18	28672042	28672283	9907
18	28673502	28673623	4932
18	28681838	28681959	220
18	28710454	28710692	19973
18	28710722	28710843	7706
18	28711499	28711860	40799
18	28712470	28712711	20038
18	28713792	28714153	21815
18	28714489	28714760	16995
18	28719660	28719901	9708
18	28719953	28720314	16386
18	28721933	28722174	35493
18	28723565	28723806	10196
18	28725535	28725776	11922
18	28728411	28728652	22852
18	28734693	28734934	13441
18	28735944	28736185	8922
18	28737313	28737554	24421
18	28739388	28739509	4800
18	28742434	28742585	4959
18	28898226	28898347	4782
18	28906511	28906636	5920
18	28906751	28907022	3578
18	28908108	28908349	8086
18	28909775	28910046	7795
18	28911625	28911866	7144
18	28913497	28913738	8133
18	28913951	28914192	13577
18	28916265	28916626	21004
18	28918226	28918467	2784
18	28919666	28920027	12698
18	28923328	28923599	28263
18	28923862	28923983	4742
18	28925935	28926176	7316
18	28934243	28935324	70911
18	28956807	28956958	5804
18	28965018	28965166	9283
18	28966565	28966836	8327
18	28968286	28968527	17290
18	28968757	28969028	14739
18	28970580	28970821	7298
18	28970986	28971227	12697
18	28972089	28972330	14067
18	28979159	28979550	21893
18	28980792	28981033	11678
18	28983366	28983607	13188
18	28986006	28986367	21281
18	28989333	28989604	17667
18	28989678	28989799	7661
18	28991055	28991444	12223
18	28992753	28993594	47374
18	29027803	29027924	3622
18	29036342	29036470	5755
18	29036870	29037141	3367
18	29038334	29038605	6090
18	29038946	29039187	8796
18	29039769	29040010	10195
18	29040738	29040979	9260
18	29041161	29041402	8647
18	29044028	29044389	18643
18	29045229	29045470	10962
18	29046483	29046727	10295
18	29048980	29049361	19143
18	29052195	29052436	9990
18	29052658	29052779	4561
18	29054044	29054405	18234
18	29055554	29056275	30304
18	29078185	29078332	627
18	29098158	29098279	6247
18	29099681	29099952	13046
18	29100695	29100966	14730
18	29101012	29101216	7075
18	29102007	29102248	15233
18	29104358	29104599	5889
18	29104637	29104878	10900
18	29110901	29111262	18374
18	29115182	29115423	7842
18	29116155	29116402	12742
18	29118704	29118951	8564
18	29121095	29121336	11238
18	29122437	29122828	23183
18	29125674	29126734	42736
18	29171838	29171959	13048
18	29172802	29173043	21766
18	29175029	29175270	12298
18	29178521	29178648	4574
18	29178668	29178769	4232
18	29203357	29203458	2591
18	29203460	29203560	3995
18	29204780	29204881	2842
18	29204958	29205118	8255
18	29205124	29205225	4418
18	29205394	29205494	5769
18	29205529	29205770	13321
18	29206235	29206357	11661
18	29206871	29207142	13304
18	29210894	29211135	17705
18	29218543	29218784	9813
18	29225258	29225499	9148
18	29237929	29238062	3877
18	29246155	29246377	16969
18	29264210	29264455	11373
18	29339694	29340844	79985
18	29409905	29410195	7229
18	29410243	29410389	5206
18	29410708	29410962	6522
18	29412030	29412151	7639
18	29419226	29419467	7145
18	29426638	29426790	6207
18	29429494	29429735	13233
18	29432376	29432497	4176
18	29432500	29432651	4304
18	29433798	29433919	3301
18	29435575	29435816	7393
18	29437482	29437963	29799
18	29444545	29444786	21274
18	29446753	29446994	6424
18	29447340	29447461	8862
18	29450278	29450519	4622
18	29450864	29451105	12051
18	29453355	29453511	3209
18	29454394	29454677	12547
18	29470642	29470883	15069
18	29477739	29477864	4284
18	29480876	29480998	5397
18	29487346	29487587	17982
18	29488202	29488443	8942
18	29488691	29489024	37842
18	29489615	29489736	11430
18	29493287	29493528	26123
18	29496200	29496441	12351
18	29497494	29497645	6765
18	29511267	29511508	15627
18	29522497	29522856	16632
18	29522944	29523140	14135
18	29547362	29547482	5314
18	29598787	29599028	63595
18	29617034	29617275	20365
18	29622127	29622248	10948
18	29625588	29625709	15048
18	29645855	29645982	5939
18	29648242	29648449	8901
18	29672629	29672859	13365
18	29691678	29691919	6307
18	29693644	29693885	5891
18	29703447	29703568	4108
18	29704687	29704818	10216
18	29706646	29706773	8614
18	29709054	29709239	7965
18	29709512	29709646	6402
18	29709661	29709762	4016
18	29710046	29710190	7979
18	29710242	29710343	3344
18	29710429	29710612	5879
18	29710617	29710809	9318
18	29710864	29710964	6822
18	29770003	29770124	8893
18	29770215	29770336	4240
18	29771732	29771853	5167
18	29772567	29772690	10544
18	29772697	29772818	10817
18	29775347	29775468	8058
18	29782793	29783034	9267
18	29784112	29784353	23219
18	29787202	29787443	6947
18	29788036	29788277	18208
18	29790450	29790691	10745
18	29793059	29793540	21777
18	29795013	29795254	8030
18	29796895	29797136	9627
18	29797704	29797945	18335
18	29800139	29800260	4346
18	29847769	29848760	44974
18	29850111	29850382	13388
18	29866948	29868179	107363
18	29890099	29890340	19827
18	29972806	29973047	15391
18	29992145	29993201	42094
18	30004809	30004919	3947
18	30050209	30050417	2944
18	30091950	30092136	13759
18	30092760	30093025	16984
18	30093403	30093753	33938
18	30105999	30106308	13657
18	30252595	30252776	17191
18	30252985	30253177	11942
18	30254247	30254449	18202
18	30254568	30254809	28828
18	30257063	30257334	16556
18	30260089	30260330	15972
18	30260345	30260586	9187
18	30267095	30267216	6973
18	30275409	30275530	11534
18	30313980	30314218	23388
18	30321881	30322071	13454
18	30340416	30340516	4708
18	30349558	30350605	81510
18	30350872	30351113	42519
18	30351925	30352295	34921
18	30352888	30353121	10917
18	30353226	30353347	9454
18	30517611	30517945	35830
18	30517953	30518074	8500
18	30538112	30538233	5055
18	30554456	30554697	8401
18	30555068	30555169	4295
18	30627446	30627557	10449
18	30672678	30672919	7740
18	30703873	30703973	8327
18	30791818	30792059	15929
18	30795481	30795706	16710
18	30803060	30803193	13827
18	30804698	30804939	8880
18	30806726	30806847	2901
18	30825179	30825420	30563
18	30846826	30847067	13618
18	30847152	30847273	8338
18	30873078	30873307	9353
18	30903404	30903645	11122
18	30908024	30908124	6150
18	30913126	30913368	62573
18	30926153	30926394	12038
18	30928805	30928956	7423
18	30936237	30936358	5892
18	30949962	30950203	12250
18	30969487	30969608	8394
18	30977081	30977202	3726
18	30991962	30992083	7078
18	31140586	31141857	26913
18	31158561	31158682	5330
18	31187537	31187658	5472
18	31197616	31197716	2591
18	31206836	31206958	7313
18	31221735	31221836	3446
18	31224850	31224971	3716
18	31226201	31226322	4843
18	31241519	31241760	29441
18	31250634	31250755	6662
18	31251709	31251831	2990
18	31263329	31263570	18838
18	31311918	31312039	11302
18	31314205	31314446	14980
18	31318407	31320448	96694
18	31322794	31326612	141170
18	31431182	31431660	10454
18	31431792	31431927	2907
18	31432123	31432224	3973
18	31432317	31432418	4193
18	31432469	31432664	10200
18	31432781	31433022	8354
18	31463182	31463417	17521
18	31522994	31523152	1637
18	31537264	31537537	23094
18	31538171	31538412	17545
18	31599242	31599603	27481
18	31673373	31673614	19108
18	31683975	31684133	10526
18	31685003	31685134	6465
18	31708782	31708883	2871
18	31709788	31710029	3855
18	31801954	31802054	2734
18	31802874	31803265	14583
18	32335882	32336033	7508
18	32345903	32346024	5220
18	32373986	32374227	12441
18	32386164	32386285	8106
18	32391878	32392119	12443
18	32395863	32395988	9276
18	32398089	32398330	25311
18	32399792	32400005	10033
18	32400695	32400936	10874
18	32401006	32401127	5155
18	32401376	32401497	4644
18	32405173	32405294	10412
18	32407537	32407658	13687
18	32408958	32409079	11520
18	32418005	32418156	5452
18	32418663	32418814	13889
18	32428242	32428363	8419
18	32431752	32431903	3823
18	32438239	32438372	1962
18	32443916	32444037	6523
18	32446008	32446159	11151
18	32455161	32455402	4005
18	32457666	32457787	8215
18	32459477	32459718	11918
18	32461977	32462218	9205
18	32462820	32462921	5992
18	32464639	32464766	5537
18	32467863	32467964	3196
18	32468064	32468190	4420
18	32468422	32468523	3991
18	32468538	32468686	8895
18	32468729	32468897	12554
18	32469715	32469925	10360
18	32470140	32470241	18585
18	32470263	32470404	45401
18	32470443	32470544	13296
18	32470567	32470688	11653
18	32470751	32470900	11795
18	32470967	32471068	2641
18	32471227	32471328	6600
18	32558443	32558543	3596
18	32585436	32585536	2992
18	32621443	32621684	9085
18	32629025	32629125	4159
18	32650101	32650342	17229
18	32677331	32677602	8737
18	32681895	32682136	9142
18	32706860	32707101	9325
18	32711923	32712194	14308
18	32720204	32720355	4070
18	32720629	32720730	7261
18	32822370	32822881	12602
18	32823065	32823325	20649
18	32825179	32826289	41724
18	32833250	32834448	51637
18	32837835	32837956	4480
18	32843427	32843668	14673
18	32843841	32844352	18844
18	32864408	32865099	25987
18	32871099	32871200	5247
18	32886176	32886505	14774
18	32886530	32890731	142003
18	32912582	32912856	9951
18	32916078	32916190	7473
18	32916959	32917060	4112
18	32917163	32917764	18327
18	32918980	32919080	5341
18	32919216	32919337	6024
18	32919745	32919986	11382
18	32920163	32920644	13058
18	32948270	32948421	5048
18	32949160	32949634	34186
18	32953370	32953611	12062
18	32953806	32954287	31019
18	33034776	33034942	2281
18	33048519	33048760	13300
18	33058218	33058339	4536
18	33059240	33059385	8679
18	33060407	33060537	6729
18	33077609	33077880	15423
18	33234617	33234815	6630
18	33243527	33243798	5216
18	33257516	33257757	10915
18	33263307	33263578	19329
18	33266943	33267184	17428
18	33269074	33269315	12377
18	33270944	33271185	7568
18	33272093	33272334	8271
18	33282848	33282999	10588
18	33283418	33283659	11023
18	33289539	33290015	19610
18	33290044	33290145	6577
18	33290161	33290387	7571
18	33290685	33290786	3517
18	33290899	33291036	3467
18	33291259	33291360	3454
18	33484756	33484914	7680
18	33552668	33552918	20949
18	33554807	33555078	11901
18	33557346	33557587	13784
18	33558732	33559003	16348
18	33572026	33572126	5657
18	33572727	33572828	2710
18	33572910	33573011	4970
18	33573017	33573308	12541
18	33605539	33605660	3032
18	33605671	33605771	4498
18	33606829	33607070	13267
18	33607088	33607329	7090
18	33610728	33610879	10403
18	33610910	33611070	12361
18	33613614	33613855	25642
18	33620729	33620850	8400
18	33647170	33647442	30133
18	33689480	33689751	6418
18	33690965	33691236	12847
18	33692412	33692563	5085
18	33694034	33694458	23878
18	33696627	33696752	9600
18	33702002	33702243	15089
18	33703391	33703662	8033
18	33704451	33704692	10614
18	33706132	33707013	92902
18	33709844	33710085	20972
18	33713178	33713329	11091
18	33716243	33716394	6063
18	33718189	33718430	32642
18	33718735	33718856	12501
18	33721070	33721191	6155
18	33722215	33722336	15287
18	33722737	33722978	18171
18	33724888	33725009	7331
18	33725869	33726021	7074
18	33726157	33726398	14234
18	33734766	33734974	14862
18	33736401	33736642	9233
18	33738741	33738892	7109
18	33739684	33739805	4567
18	33739888	33740009	4837
18	33740869	33740990	9474
18	33744412	33744653	23473
18	33747002	33747195	11839
18	33749971	33750212	38535
18	33751000	33751133	7549
18	33754404	33754645	8544
18	33767452	33767693	10638
18	33775173	33775324	11836
18	33778624	33778745	6242
18	33779575	33780326	36871
18	33783052	33783173	9521
18	33785018	33785259	30502
18	33793265	33793506	11899
18	33795468	33795950	18187
18	33799977	33800218	14529
18	33828862	33828983	3209
18	33831062	33831303	6169
18	33836892	33837046	9453
18	33839947	33840188	22536
18	33846702	33846826	1268
18	33848450	33848691	20243
18	33877786	33878000	3149
18	33935492	33935618	7572
18	33952613	33952734	7813
18	34081867	34081988	7998
18	34092362	34092516	15089
18	34156399	34156520	20939
18	34174740	34174871	7803
18	34182622	34182743	16115
18	34191835	34192106	24985
18	34205381	34205772	33810
18	34229273	34229373	2286
18	34232532	34232892	14991
18	34238003	34238161	12150
18	34261358	34261585	12858
18	34267024	34267175	9944
18	34273127	34273398	11211
18	34288994	34289385	15492
18	34297755	34298716	72048
18	34310566	34310807	19490
18	34320588	34320829	6467
18	34322608	34322879	14604
18	34323924	34324195	8920
18	34326881	34327122	12150
18	34335056	34335297	14529
18	34339042	34339142	24106
18	34340506	34340777	23065
18	34349187	34349428	13187
18	34353601	34353701	15350
18	34359360	34359511	4002
18	34359759	34359859	6496
18	34359865	34360037	14624
18	34366784	34367042	33455
18	34376679	34377070	38305
18	34378340	34378611	26723
18	34380151	34380284	4374
18	34385311	34385520	37386
18	34387800	34387940	10314
18	34398805	34398956	14984
18	34408596	34408747	7904
18	34408779	34409190	1088
18	34414239	34414360	7126
18	34415146	34415387	31953
18	34424156	34424277	6476
18	34465456	34465681	9944
18	34475686	34475786	2694
18	34539213	34539454	10471
18	34556401	34556502	5850
18	34635301	34635401	5995
18	34646819	34647521	30959
18	34664078	34664264	3498
18	34740132	34740373	15670
18	34752868	34753109	11901
18	34773533	34773634	3375
18	34801963	34802204	17703
18	34802230	34802331	3686
18	34824092	34824192	4620
18	34824401	34824628	12665
18	34824640	34824740	5490
18	34825022	34825122	1020
18	34833162	34833262	14305
18	34833724	34833936	13029
18	34834256	34834357	1178
18	34839083	34839237	5756
18	34844617	34844738	7108
18	34846467	34846588	8863
18	34850684	34850925	14111
18	34852931	34853172	21374
18	34854194	34854580	14454
18	34854746	34854867	1827
18	34855020	34855261	2710
18	34901713	34901864	14190
18	35064572	35064673	7947
18	35065467	35065588	447
18	35066767	35066867	14374
18	35143815	35143916	1915
18	35145280	35145641	24924
18	35145928	35146028	907
18	35237088	35237188	5538
18	36914813	36915294	32495
18	37202051	37202172	7390
18	39535199	39535350	13157
18	39537507	39537748	22331
18	39542404	39542645	24707
18	39550234	39550495	9697
18	39567757	39567878	6795
18	39570409	39570530	11558
18	39573218	39573339	7384
18	39575844	39575968	12683
18	39576586	39576707	2588
18	39584291	39584532	22860
18	39593361	39593602	14748
18	39595423	39595574	9144
18	39600544	39600695	5483
18	39607368	39607522	8624
18	39609225	39609466	15875
18	39613734	39613975	13409
18	39617598	39617839	39516
18	39618718	39618839	11655
18	39620611	39620732	6606
18	39623677	39623798	6538
18	39629470	39629591	10723
18	39637809	39638050	12074
18	39644687	39644808	4492
18	39647293	39647534	43933
18	39661032	39661153	8841
18	40323154	40323254	6190
18	40323448	40323695	12878
18	40340332	40340433	7643
18	40498960	40499061	2225
18	40500646	40500767	4789
18	40503481	40503752	12151
18	40553984	40554135	7231
18	40613742	40613863	2974
18	40695341	40695494	12080
18	40848118	40848219	4326
18	40848680	40848878	6286
18	40849512	40849713	9679
18	40849817	40849918	5365
18	40850248	40850639	33380
18	40851615	40851856	14508
18	40853530	40854371	62867
18	40857168	40857289	12578
18	41559259	41559380	9505
18	42260268	42260369	636
18	42281253	42281854	27175
18	42284451	42284551	4806
18	42343553	42343775	9095
18	42352089	42352216	13773
18	42356061	42356269	25976
18	42358426	42358561	10997
18	42358668	42358877	32469
18	42363137	42363291	14840
18	42367122	42367284	12282
18	42368295	42368411	9607
18	42372116	42372297	20383
18	42375736	42375900	24142
18	42376687	42376815	8555
18	42379277	42379381	6534
18	42391316	42391449	18798
18	42393408	42393562	11627
18	42394043	42394505	19146
18	42397025	42397185	8467
18	42400217	42400409	11551
18	42403402	42403598	5205
18	42406034	42406134	5356
18	42411667	42411827	10639
18	42413590	42413744	10117
18	42425893	42426028	16864
18	42426451	42426551	2521
18	42427560	42427720	11207
18	42428291	42428426	6312
18	42435177	42435476	27525
18	42436744	42436845	8649
18	42449160	42449281	8614
18	42456514	42456743	55176
18	42529834	42533315	160989
18	42550039	42550139	4250
18	42560625	42560738	7605
18	42603221	42603322	6336
18	42618413	42618654	28625
18	42642994	42643699	13910
18	42644014	42644115	6326
18	43204553	43204824	15941
18	43205616	43205857	8522
18	43206866	43207137	11012
18	43212260	43212498	40433
18	43214754	43214875	6372
18	43216899	43217170	38897
18	43219663	43219904	31560
18	43221089	43221360	25431
18	43223060	43223181	13444
18	43223916	43224157	24673
18	43243689	43243908	20705
18	43246081	43246202	6006
18	43246858	43247099	13293
18	43247771	43248012	23119
18	43248226	43248497	41555
18	43249215	43249486	30161
18	43252817	43253058	22723
18	43253593	43253834	16739
18	43258873	43259024	4398
18	43262262	43262503	16789
18	43307236	43307384	15255
18	43310239	43310480	12344
18	43310953	43311194	26570
18	43314181	43314412	30162
18	43316395	43316636	28027
18	43319080	43319321	30377
18	43319438	43319679	29257
18	43328304	43328425	12972
18	43329708	43329949	21895
18	43330226	43330326	3376
18	43405658	43405779	10919
18	43416932	43417083	1486
18	43417428	43417909	1049
18	43418630	43419111	5762
18	43420129	43420250	3254
18	43422020	43422171	16373
18	43427662	43427762	6138
18	43427801	43427902	6553
18	43430671	43430772	5357
18	43432340	43432642	28631
18	43435473	43435714	7780
18	43437774	43438045	10915
18	43438517	43438758	19562
18	43440008	43440369	25321
18	43445530	43445801	24683
18	43446716	43446987	23202
18	43447469	43447740	18170
18	43450468	43450739	30300
18	43456191	43456317	6105
18	43458315	43458436	11494
18	43458927	43459198	12323
18	43459962	43460233	8929
18	43462224	43462465	15898
18	43464557	43464798	14155
18	43467672	43467913	10107
18	43469712	43469953	14002
18	43479328	43479569	15107
18	43480895	43481166	15957
18	43483888	43484129	10508
18	43487863	43488104	29336
18	43490445	43490717	14894
18	43492186	43492457	20152
18	43493610	43493851	13977
18	43495439	43495596	9333
18	43495951	43496192	14636
18	43496353	43496594	22612
18	43497562	43497833	16792
18	43502255	43502616	36965
18	43503172	43503413	12970
18	43505664	43505905	15241
18	43508783	43509024	12322
18	43510597	43510838	18753
18	43514702	43514973	18292
18	43519522	43519763	18024
18	43523050	43523321	30644
18	43523906	43524147	13204
18	43526619	43526744	7256
18	43528414	43528565	8788
18	43529440	43529567	3531
18	43531014	43531255	18237
18	43532306	43532667	20519
18	43534350	43535314	71824
18	43547112	43547248	44038
18	43565173	43565274	10987
18	43565313	43565464	10404
18	43568635	43568756	4242
18	43570647	43570768	4413
18	43571817	43571968	13639
18	43572058	43572179	12067
18	43573558	43573679	8221
18	43577693	43577814	11407
18	43578691	43578842	4376
18	43579389	43579510	12330
18	43585404	43585525	6257
18	43591137	43591263	17095
18	43595824	43595945	4501
18	43604522	43604673	6973
18	43619871	43620023	16648
18	43620938	43621059	10166
18	43652076	43652197	7702
18	43664101	43664202	10023
18	43664227	43664348	10908
18	43664423	43664664	9584
18	43666029	43666270	23343
18	43666343	43666470	17968
18	43666964	43667208	18044
18	43667261	43667502	10851
18	43667997	43668268	12670
18	43669493	43669734	14199
18	43669754	43669995	13891
18	43671611	43671852	8109
18	43674996	43675117	8848
18	43678106	43678227	1036
18	43684331	43684452	32862
18	43685125	43685366	15464
18	43698098	43698334	23670
18	43699837	43700078	17882
18	43702373	43702614	20895
18	43703236	43703387	6128
18	43704732	43704883	19509
18	43705672	43705793	7601
18	43708004	43708125	6683
18	43795812	43796571	65836
18	43819940	43820181	32868
18	43833603	43833844	31486
18	43842865	43843157	29931
18	43843209	43843310	8383
18	43843465	43843566	10607
18	43843698	43843799	11594
18	43844169	43844366	25442
18	43844526	43844626	3314
18	43844928	43845028	5521
18	43845032	43845306	21276
18	43845745	43845846	5017
18	43846281	43846566	19318
18	43846642	43846743	8737
18	43846792	43846949	7972
18	43914217	43914344	7156
18	44012984	44013085	12241
18	44013129	44013480	26236
18	44015214	44015369	6076
18	44027469	44027710	36067
18	44030249	44030373	10560
18	44030623	44030774	11178
18	44035927	44036053	8312
18	44036419	44036765	31189
18	44037004	44037161	17047
18	44037217	44037386	7527
18	44037637	44037737	2610
18	44038317	44038418	12746
18	44039798	44039899	14725
18	44040017	44040184	8899
18	44040197	44040787	36668
18	44057103	44057224	8724
18	44057373	44057974	87084
18	44063507	44063748	40982
18	44064926	44065167	24593
18	44068898	44069139	17165
18	44085772	44086013	14442
18	44087466	44087707	22975
18	44089485	44089846	28420
18	44098034	44098275	26454
18	44100218	44100339	7090
18	44101031	44101272	10903
18	44102046	44102287	16923
18	44104375	44104616	21463
18	44104654	44104895	20805
18	44109095	44109336	39886
18	44113084	44113325	12943
18	44114234	44114475	23318
18	44118088	44118329	18692
18	44121699	44121940	20939
18	44122632	44122873	15590
18	44124716	44124943	19156
18	44125210	44125451	28517
18	44126818	44127059	19033
18	44135029	44135165	5562
18	44137264	44137505	43159
18	44139366	44139607	36615
18	44139982	44140527	38967
18	44142986	44143227	12179
18	44146194	44146435	8289
18	44149381	44149622	14620
18	44152025	44152146	12330
18	44157628	44157869	22216
18	44159548	44159789	33037
18	44171842	44172083	24711
18	44172442	44172563	13075
18	44173521	44173762	31090
18	44174240	44174481	9770
18	44181148	44181509	10792
18	44184009	44184250	11174
18	44190691	44190932	17381
18	44198142	44198263	6232
18	44219549	44219790	30865
18	44221897	44222018	12037
18	44229053	44229294	21844
18	44236840	44236997	18980
18	44259967	44260483	41492
18	44261919	44262040	5533
18	44266101	44266259	18915
18	44268688	44268929	18697
18	44272083	44272234	25109
18	44284489	44284640	5353
18	44301324	44301432	6093
18	44336284	44336481	13106
18	44392018	44392119	5551
18	44392364	44392605	62647
18	44395232	44395353	5560
18	44398313	44398434	5281
18	44400844	44401085	27481
18	44407886	44408127	5487
18	44409642	44409883	21717
18	44416278	44416519	7489
18	44423953	44424104	17601
18	44424687	44424812	12248
18	44426585	44426856	19794
18	44435261	44435412	10332
18	44435491	44435612	4718
18	44444107	44444228	6260
18	44470533	44471027	16070
18	44480940	44481040	1717
18	44497246	44497346	3216
18	44499989	44500089	9622
18	44526158	44526259	4796
18	44526801	44526901	7174
18	44542697	44544411	794627
18	44548624	44550338	988811
18	44554539	44556253	2061697
18	44559331	44561993	286750
18	44572815	44572916	12016
18	44579250	44579440	7742
18	44580726	44580877	9968
18	44584543	44584784	14754
18	44585884	44586035	8292
18	44589330	44589451	11055
18	44589632	44589753	6037
18	44593341	44593500	7273
18	44595561	44595682	15546
18	44595790	44596031	31420
18	44601632	44601753	9340
18	44603712	44603842	10022
18	44610684	44610784	11673
18	44624436	44624644	6027
18	44625543	44625814	16889
18	44626584	44626737	9716
18	44627185	44627426	26747
18	44633838	44633939	2331
18	44634214	44634498	25607
18	44635043	44635166	5842
18	44639318	44639439	9788
18	44641489	44641730	27324
18	44656595	44656716	6765
18	44660849	44661090	18652
18	44662672	44662820	3908
18	44682158	44682258	4192
18	44682327	44682428	3523
18	44682514	44682635	3924
18	44683796	44683918	4877
18	44702546	44702731	8679
18	44738440	44738541	2390
18	44746297	44746397	4635
18	44756829	44756928	4071
18	44757288	44757388	8817
18	44757453	44757574	8501
18	44771254	44771375	5593
18	44771850	44771950	8676
18	44772941	44775589	98235
18	45359450	45359550	9368
18	45359809	45359909	1481
18	45364372	45364473	7190
18	45367731	45367868	6713
18	45367955	45368133	24737
18	45368138	45368379	47566
18	45371661	45371902	12037
18	45371981	45372222	14077
18	45374830	45375068	18781
18	45377610	45377731	10228
18	45391405	45391526	8829
18	45394639	45394880	14468
18	45395589	45395830	15628
18	45396829	45396950	13567
18	45422882	45423137	47495
18	45555567	45556328	44785
18	45566178	45567524	126764
18	45688693	45688793	5018
18	45691501	45691624	14831
18	45706654	45706754	8691
18	45711648	45711748	5520
18	46066115	46066215	10871
18	46145905	46146146	26609
18	46162959	46163080	13636
18	46190098	46190219	12370
18	46190778	46190932	21737
18	46197016	46197137	8299
18	46237936	46238087	13974
18	46284201	46284832	35191
18	46287729	46288090	26643
18	46288252	46288353	10132
18	46332856	46332956	6959
18	46343518	46343789	39449
18	46361102	46361237	5799
18	46383894	46384045	13544
18	46385671	46386058	27984
18	46386107	46386208	10153
18	46388944	46389044	12163
18	46446227	46446666	25884
18	46447633	46448310	55791
18	46468796	46469028	5011
18	46474719	46474840	6805
18	46476149	46477236	12330
18	46570348	46570619	13078
18	46621710	46621811	8470
18	46623762	46623895	16711
18	46645050	46645324	23809
18	46690044	46690167	5100
18	46712896	46712996	4726
18	46735920	46736085	7932
18	46783365	46783486	9305
18	46784740	46784873	7948
18	46798489	46798730	12850
18	46808334	46808575	26075
18	46812743	46813014	12768
18	46858153	46858424	15247
18	46860009	46860280	15434
18	46889475	46889626	4845
18	46904882	46905123	14572
18	46906020	46906141	7468
18	46917927	46918048	9208
18	46956573	46956814	16296
18	47008656	47008807	5162
18	47009884	47010155	17520
18	47013706	47013827	9636
18	47014851	47014972	7979
18	47015595	47015696	11860
18	47015703	47015977	32187
18	47016811	47016932	8621
18	47017108	47017349	29808
18	47017593	47017854	22558
18	47017860	47018126	25069
18	47088635	47088786	10118
18	47091676	47091897	13153
18	47093780	47094021	11367
18	47095771	47095928	15152
18	47101698	47101970	26522
18	47107694	47108085	29376
18	47108670	47108911	39688
18	47109883	47110154	22251
18	47113106	47113230	7988
18	47116820	47117016	13146
18	47135926	47136026	6482
18	47310197	47310318	3635
18	47311522	47311763	9528
18	47313645	47313746	9135
18	47317783	47318024	8476
18	47318488	47318729	31648
18	47320602	47320843	10841
18	47322041	47322312	21496
18	47323748	47324019	16439
18	47329018	47329374	17789
18	47339785	47339906	1543
18	47340139	47340240	5247
18	47340361	47340842	52642
18	47350310	47350434	7743
18	47352281	47352382	3978
18	47352795	47353036	11658
18	47361692	47361813	2541
18	47363046	47363287	8092
18	47363818	47364209	30115
18	47365437	47365708	10088
18	47367688	47367839	9728
18	47369565	47369806	29613
18	47372847	47372994	3096
18	47373451	47373707	20421
18	47375892	47376043	14862
18	47379796	47380037	17931
18	47383130	47383281	5620
18	47389555	47389707	6479
18	47390419	47390810	13809
18	47398478	47398629	10319
18	47402005	47402246	17410
18	47404071	47404312	15904
18	47405266	47405507	25189
18	47406721	47406842	9215
18	47421301	47421554	11542
18	47428872	47429263	11930
18	47430968	47431239	24315
18	47432773	47433014	6605
18	47438396	47438553	11399
18	47455863	47455984	12594
18	47462609	47462730	5966
18	47463569	47463810	22117
18	47479610	47479731	14579
18	47480592	47480863	17542
18	47488584	47488825	22332
18	47489268	47489419	3659
18	47500641	47501032	36862
18	47506804	47506933	3440
18	47511050	47511205	10765
18	47516788	47516909	7779
18	47518578	47518849	22381
18	47527551	47527822	28256
18	47563170	47563411	19748
18	47566447	47566718	20926
18	47581628	47581758	731
18	47612759	47612860	9787
18	47623575	47623675	3383
18	47652851	47652951	4060
18	47721088	47721209	0
18	47753741	47753989	28777
18	47764962	47765085	6279
18	47769256	47769497	16421
18	47777115	47777356	29409
18	47777821	47778182	25119
18	47787399	47787621	23517
18	47788350	47788599	17875
18	47792678	47792799	2582
18	47793945	47794045	3411
18	47795871	47796222	30371
18	47796356	47796477	3687
18	47796488	47796670	1446
18	47797799	47797950	11896
18	47798986	47799379	17571
18	47799651	47800263	40765
18	47800488	47800759	11518
18	47801319	47801676	21855
18	47801715	47801836	7615
18	47801912	47802397	14931
18	47802706	47802827	6868
18	47803011	47803132	5002
18	47803163	47803636	31025
18	47806216	47806372	9110
18	47808884	47809155	29623
18	47809178	47809419	13358
18	47809591	47809742	10635
18	47809818	47809969	10198
18	47810065	47810195	3799
18	47810216	47810487	6104
18	47810688	47810959	18372
18	47811089	47811244	11482
18	47811313	47811767	36459
18	47812074	47812328	18385
18	47812358	47812637	23968
18	47812897	47813019	3689
18	47813047	47813288	5260
18	47813866	47814017	33548
18	47902183	47902304	4603
18	47906436	47906677	5574
18	47908486	47908607	5551
18	47911503	47911774	12332
18	47917457	47917698	8300
18	47918421	47918662	11763
18	47927285	47927484	9105
18	48190270	48190901	45798
18	48241399	48241640	26904
18	48248237	48248508	12379
18	48252287	48252558	13885
18	48255472	48256255	15243
18	48256335	48256435	4607
18	48256677	48256778	8318
18	48257004	48257105	6383
18	48257894	48257995	1578
18	48325672	48325793	7407
18	48326366	48326523	10368
18	48327645	48327946	9586
18	48331493	48331734	8374
18	48332995	48333266	15027
18	48335659	48335780	4553
18	48345950	48346073	8698
18	48346225	48346326	9591
18	48422181	48422308	3121
18	48434378	48434619	7714
18	48439094	48439365	5123
18	48442514	48442635	10193
18	48443676	48443917	11019
18	48444470	48444593	2614
18	48446816	48446945	6930
18	48447018	48447169	8008
18	48447409	48447567	6046
18	48450403	48450644	11956
18	48452075	48452297	20778
18	48458617	48458740	5490
18	48465913	48466034	2698
18	48466615	48466766	5150
18	48473319	48473590	13420
18	48500731	48500972	31267
18	48510456	48510980	36077
18	48512979	48513465	35273
18	48556521	48556691	29452
18	48573359	48573720	14575
18	48575046	48575262	13342
18	48575618	48575739	12118
18	48581141	48581376	15617
18	48584433	48584887	13682
18	48586199	48586320	9097
18	48591763	48592004	20245
18	48593351	48593592	12222
18	48602955	48603196	9742
18	48604610	48604851	16524
18	48604935	48605036	2167
18	48605180	48605280	5685
18	48605755	48606084	27203
18	48700913	48701234	11104
18	48701278	48701509	6908
18	48701624	48701778	6140
18	48701797	48702157	10067
18	48702233	48702333	1954
18	48702515	48703993	86338
18	48722910	48723700	2223
18	49867111	49867262	9466
18	50225965	50226066	4370
18	50278372	50278754	19011
18	50432374	50432735	8729
18	50450030	50450271	11904
18	50451550	50451791	11684
18	50463654	50463872	12043
18	50589630	50589871	27073
18	50592354	50592595	15657
18	50683682	50683923	22052
18	50705287	50705528	13427
18	50731538	50731779	9090
18	50733996	50734237	14366
18	50741881	50742002	3226
18	50831897	50832138	8224
18	50848380	50848537	6284
18	50866058	50866299	23964
18	50912399	50912520	3242
18	50918015	50918267	8183
18	50923625	50923866	13535
18	50929130	50929273	4092
18	50936797	50937038	17104
18	50942448	50942569	8842
18	50961485	50961606	2171
18	50976829	50977070	26871
18	50985563	50985838	7338
18	50994200	50994441	16893
18	51013126	51013367	13866
18	51025652	51025893	20696
18	51052936	51053177	15788
18	51056701	51056801	11858
18	51056917	51057038	5654
18	51057073	51057174	3375
18	51057462	51057563	2555
18	51057722	51057822	5369
18	51612941	51613041	1305
18	51681199	51681328	7960
18	51681356	51681457	7565
18	51686088	51686329	19656
18	51690860	51691101	10047
18	51692432	51692553	5470
18	51694053	51694153	4531
18	51714042	51714142	4602
18	51715191	51715391	24749
18	51729247	51729488	6913
18	51731326	51731567	11471
18	51748596	51748837	17305
18	51750355	51751150	4077
18	51795852	51796093	7621
18	51797671	51797912	12853
18	51800256	51800497	19265
18	51804027	51804268	15015
18	51806973	51807307	19578
18	51809174	51809415	12302
18	51810276	51810397	6333
18	51813594	51813835	13860
18	51818184	51818425	10586
18	51820006	51820847	29542
18	51851032	51851273	17048
18	51855672	51855823	8154
18	51858049	51858290	22089
18	51863436	51863677	13316
18	51880387	51880515	5966
18	51880837	51880958	7743
18	51886902	51887263	38017
18	51887984	51888826	41457
18	51889094	51889335	8392
18	51892048	51892201	7462
18	51898750	51899021	14470
18	51900565	51900686	6770
18	51904518	51904639	4545
18	52255037	52255138	2241
18	52258381	52258622	19588
18	52262130	52262371	12711
18	52265028	52265389	18903
18	52304493	52304594	6933
18	52305341	52305442	3178
18	52544771	52545012	15312
18	52546581	52546702	3829
18	52551537	52551677	9942
18	52555166	52555407	10409
18	52556428	52556669	11928
18	52571526	52571677	5860
18	52574963	52575114	6682
18	52585124	52585245	3053
18	52586492	52586617	2756
18	52596010	52596131	16307
18	52602000	52602234	10875
18	52603975	52604246	35705
18	52605136	52605377	8385
18	52608209	52608330	9452
18	52609842	52610083	25150
18	52889770	52889871	4617
18	52889971	52890163	8928
18	52890644	52890774	7968
18	52890889	52891025	3484
18	52891091	52891410	2607
18	52891447	52891646	6510
18	52891655	52891784	5871
18	52891869	52891970	2858
18	52891988	52892089	3227
18	52892434	52892627	6904
18	52892640	52892857	10033
18	52893050	52893219	4764
18	52893275	52893521	7798
18	52893717	52893948	12753
18	52894020	52894363	15021
18	52894400	52894617	3764
18	52894673	52894774	4295
18	52894798	52895241	12381
18	52895402	52895643	11569
18	52896068	52896317	21267
18	52899699	52899940	28903
18	52901695	52901966	24494
18	52921708	52921949	10840
18	52924522	52924643	3508
18	52927157	52927278	2559
18	52928639	52928790	7217
18	52937006	52937247	22876
18	52942795	52943036	16601
18	52946772	52946905	7379
18	52969630	52969731	21141
18	52988146	52988247	2933
18	52988884	52988985	3167
18	53006316	53006416	2955
18	53017553	53017674	5528
18	53018058	53018289	13863
18	53018989	53019090	6426
18	53068964	53069103	7277
18	53070625	53070776	7755
18	53070848	53070948	4382
18	53109254	53109354	4326
18	53123284	53123384	3611
18	53128236	53128357	6604
18	53131246	53131397	12154
18	53158678	53158779	7865
18	53177768	53177869	6446
18	53252455	53252606	2780
18	53253341	53253527	16197
18	53254250	53254443	7384
18	53257032	53257131	922
18	53298519	53298701	5931
18	53302840	53303150	18122
18	53696061	53696269	15682
18	53723126	53723295	1909
18	53727310	53727431	9412
18	54270011	54270112	6789
18	54270161	54270332	16891
18	54278205	54278338	4540
18	54281619	54281860	14390
18	54283449	54283570	7706
18	54285174	54285415	10884
18	54291484	54291725	20387
18	54293548	54293699	6814
18	54305561	54305682	8921
18	54339704	54339945	13390
18	54346553	54346679	12990
18	54348521	54348642	7561
18	54349875	54350116	19703
18	54353133	54353284	12020
18	54354024	54354265	22669
18	54358368	54358639	7591
18	54358935	54359058	6943
18	54361799	54362040	11059
18	54362135	54362484	28359
18	54363461	54363703	23894
18	54385171	54385412	22165
18	54398569	54398840	24807
18	54423804	54424618	53206
18	54426078	54426199	4983
18	54444000	54444121	11404
18	54446599	54446840	15631
18	54448704	54448945	9748
18	54483252	54483385	3770
18	54547164	54547406	8996
18	54591124	54591365	28313
18	54602926	54603197	13529
18	54605717	54605958	7976
18	54606521	54606642	7149
18	54629649	54629770	2736
18	54687966	54688090	9963
18	54694185	54694456	12608
18	54694877	54694998	10264
18	54696067	54696168	10969
18	54814543	54815062	52416
18	55019983	55020286	14185
18	55021542	55021804	17304
18	55024121	55024722	24719
18	55027185	55027546	20697
18	55027596	55027799	21966
18	55028729	55028830	11380
18	55028871	55028971	9669
18	55031962	55032063	2899
18	55033589	55033690	1694
18	55034654	55034755	2529
18	55035079	55035180	4573
18	55102933	55104200	57662
18	55105297	55105437	15664
18	55111583	55111683	4761
18	55134371	55134472	7288
18	55141093	55141194	2897
18	55143600	55143991	19861
18	55144024	55144124	6425
18	55144477	55144578	15123
18	55144638	55144776	10152
18	55144783	55144884	7846
18	55145181	55145398	12556
18	55145579	55145679	4008
18	55145724	55145825	1950
18	55145883	55146041	3889
18	55146230	55146331	7735
18	55146358	55146544	4460
18	55146685	55146786	8933
18	55146821	55146922	6970
18	55150243	55150380	6031
18	55150468	55150569	6062
18	55150859	55150959	4912
18	55151126	55151227	5513
18	55151259	55151359	4500
18	55151382	55151593	5489
18	55151600	55151730	6061
18	55153342	55153914	45007
18	55153926	55154044	11648
18	55154082	55154183	9816
18	55154227	55154365	8353
18	55155389	55155490	3939
18	55155694	55155795	6180
18	55155839	55155940	6106
18	55158157	55158311	17644
18	55158326	55158495	24015
18	55217859	55218130	18877
18	55218515	55218636	5615
18	55221422	55221693	22295
18	55222067	55222194	7929
18	55226364	55226485	4532
18	55230067	55230222	16883
18	55233624	55233865	28829
18	55238576	55238817	17241
18	55240416	55240657	14322
18	55247237	55247478	11424
18	55253757	55253878	378
18	55268828	55269069	8360
18	55269531	55269772	6939
18	55269988	55270229	12380
18	55273079	55273212	2695
18	55273764	55274035	15846
18	55274314	55274585	22266
18	55274665	55274907	10159
18	55276540	55276691	6210
18	55278842	55278963	5739
18	55280781	55280932	9362
18	55282856	55282977	11009
18	55283006	55283247	21148
18	55287780	55287901	18539
18	55288853	55289004	4684
18	55313681	55313846	4732
18	55313904	55314048	8750
18	55314876	55314976	6729
18	55315680	55315954	4466
18	55317542	55317783	14706
18	55319213	55319454	8454
18	55319657	55320018	14159
18	55321204	55321325	7246
18	55322416	55322659	21885
18	55328368	55328729	26357
18	55329659	55329900	8787
18	55334300	55334421	6506
18	55335651	55335782	6492
18	55336480	55336751	14598
18	55338690	55338822	14839
18	55342038	55342279	26663
18	55351224	55351465	7118
18	55352264	55352385	18692
18	55355513	55355754	22199
18	55359012	55359253	13686
18	55361796	55361917	4792
18	55362330	55362601	21262
18	55362631	55362782	8545
18	55364793	55364944	3129
18	55365001	55365122	5605
18	55368240	55368361	10916
18	55368434	55368555	8184
18	55371777	55371910	11882
18	55373679	55373830	8250
18	55398827	55399068	29728
18	55685990	55686232	22609
18	55711855	55711976	1218
18	55816729	55816829	10664
18	55818613	55818714	15218
18	55832915	55833116	19434
18	55862663	55863024	17930
18	55912638	55912759	5236
18	55916088	55916209	4121
18	55919198	55919319	11664
18	55922056	55922156	15880
18	55922872	55924006	42659
18	55983177	55983298	9685
18	55989626	55989747	12096
18	55990393	55990634	19732
18	55992189	55992430	14153
18	55996171	55996412	7682
18	55997936	55998177	48021
18	56001025	56001146	7560
18	56002678	56002799	6199
18	56008214	56008455	10796
18	56008848	56009089	24059
18	56010115	56010356	18120
18	56016746	56016867	9571
18	56018188	56018309	11302
18	56018354	56018454	9864
18	56024393	56024562	19628
18	56031471	56031592	4576
18	56033164	56033525	26701
18	56034917	56035158	24504
18	56037602	56037723	5300
18	56040392	56040513	5713
18	56050453	56050574	8152
18	56052726	56052847	14401
18	56054639	56054760	7659
18	56056249	56056490	14633
18	56057864	56057985	9998
18	56058693	56058814	4071
18	56063328	56063601	27219
18	56063797	56063912	9524
18	56064102	56064237	4734
18	56064499	56064599	7850
18	56064990	56065091	5690
18	56118281	56118415	5794
18	56149011	56149282	15095
18	56165243	56165364	20488
18	56171120	56171391	7188
18	56182207	56182328	3780
18	56184095	56184456	35573
18	56190994	56191350	33653
18	56196240	56196516	13232
18	56202019	56205500	277537
18	56246011	56247812	208667
18	56274491	56274732	10302
18	56278883	56279039	4225
18	56338858	56339099	0
18	56348363	56348604	22745
18	56363588	56363778	13329
18	56367626	56367864	9056
18	56376577	56376818	11109
18	56377194	56377315	3597
18	56378107	56378228	4582
18	56381266	56381387	3457
18	56383091	56383242	5330
18	56390260	56390501	14711
18	56400596	56400837	20344
18	56401514	56401635	11162
18	56402424	56402619	9504
18	56409050	56409291	13212
18	56411527	56411768	25473
18	56412809	56413080	15071
18	56414584	56415095	30397
18	56532716	56532837	5181
18	56585491	56587892	135194
18	56601634	56601875	10351
18	56606643	56606884	11100
18	56615258	56615499	12100
18	56620709	56621054	16412
18	56646251	56646409	3289
18	56648624	56648895	24438
18	56651149	56651806	48560
18	56651823	56652051	4159
18	56652652	56652753	4154
18	56652861	56653206	10326
18	56653405	56653536	21500
18	56653606	56653707	6903
18	56807162	56807283	2862
18	56816735	56816864	21458
18	56819691	56819962	27538
18	56822858	56823099	4425
18	56824807	56824928	12535
18	56825829	56825950	9041
18	56887445	56887686	5988
18	56892663	56893024	12865
18	56897606	56897727	4283
18	56936192	56936790	5276
18	56939538	56939899	14089
18	56940036	56940483	979
18	56963892	56964167	10715
18	56979869	56980020	4698
18	56985489	56985730	8220
18	56997457	56997558	5210
18	56997751	56997852	3073
18	56998108	56998209	2543
18	56998281	56998402	2638
18	56998589	56998830	7938
18	57000278	57000519	5524
18	57005762	57005883	4784
18	57005937	57006208	10436
18	57013065	57013336	14898
18	57014712	57014833	651
18	57016285	57016526	6741
18	57020422	57020543	12306
18	57021720	57021841	2208
18	57022535	57022662	3689
18	57022691	57022932	14536
18	57026218	57026489	14476
18	57103105	57103383	19654
18	57105299	57105420	3267
18	57106701	57107098	8860
18	57115153	57115394	13519
18	57122071	57122295	9404
18	57133937	57134166	6209
18	57136620	57136891	16090
18	57147382	57147503	782
18	57150956	57151057	1029
18	57360547	57360648	3742
18	57363839	57363960	3768
18	57364387	57364628	1139
18	57416899	57417106	1440
18	57567377	57567498	448
18	57567613	57567854	11424
18	57569840	57570099	5763
18	57570483	57570584	2570
18	57636895	57637016	693
18	57637179	57637300	6310
18	57637709	57637830	8088
18	57638189	57638310	12396
18	57638546	57638667	4375
18	57816807	57817065	3432
18	57817108	57817558	7278
18	57863772	57863893	6564
18	58038541	58040009	74491
18	59157728	59158089	5778
18	59166384	59166745	11967
18	59167524	59167795	12635
18	59170118	59170389	14794
18	59174578	59174819	14507
18	59195115	59195506	20451
18	59203672	59203913	12491
18	59206196	59206437	12945
18	59212197	59212438	23628
18	59217155	59217516	17991
18	59221374	59221975	25818
18	59222024	59222124	1585
18	59482279	59482380	4668
18	59483003	59483832	35378
18	59713029	59713270	9446
18	59739870	59740011	4963
18	59741971	59742092	2466
18	59749881	59750002	1012
18	59751740	59751861	2195
18	59752408	59752529	4399
18	59755970	59756091	2059
18	59757638	59757879	5972
18	59763010	59763244	3347
18	59768240	59768476	3708
18	59769959	59770200	4004
18	59772760	59772881	1258
18	59774006	59774127	1405
18	59774207	59774328	4266
18	59777015	59777256	4259
18	59780336	59780577	5480
18	59781771	59781892	4342
18	59783955	59784056	1323
18	59805441	59805563	4667
18	59806200	59806321	1808
18	59807621	59807742	1759
18	59810497	59810618	4844
18	59813078	59813319	6348
18	59814147	59814388	7947
18	59815387	59815628	9495
18	59821709	59821950	5617
18	59824349	59824470	1228
18	59824859	59825100	4744
18	59828294	59828655	7543
18	59854670	59855301	55824
18	59878371	59878492	2622
18	59888244	59888365	1600
18	59888418	59888539	2465
18	59888582	59888740	6368
18	59894502	59894743	11363
18	59894785	59894936	9162
18	59895503	59895864	9291
18	59898403	59898615	3379
18	59899551	59899672	6815
18	59899745	59899845	5199
18	59906502	59906602	3443
18	59911987	59912119	11496
18	59916047	59916205	4217
18	59916756	59916857	3568
18	59919880	59920001	2597
18	59922614	59922735	1000
18	59925129	59925370	4769
18	59925705	59925946	8325
18	59928696	59928937	5123
18	59931178	59931419	18359
18	59931902	59932143	5891
18	59933866	59934017	4672
18	59936091	59936220	2971
18	59941203	59941329	4373
18	59942595	59942802	8087
18	59946986	59947107	4444
18	59947572	59947693	6534
18	59947849	59947970	4842
18	59949486	59949727	10586
18	59954520	59954761	10679
18	59958758	59958879	7143
18	59965996	59966117	2776
18	59972613	59973441	21921
18	59973931	59974031	5207
18	59974127	59974228	3027
18	59992510	59992778	0
18	60015350	60015501	7886
18	60017011	60017227	14000
18	60021574	60021815	1343
18	60025466	60025587	3929
18	60027143	60027294	6351
18	60028878	60029036	7770
18	60033875	60034026	3660
18	60035904	60036745	31215
18	60051944	60052305	4690
18	60190647	60191665	10921
18	60206848	60207089	11742
18	60209707	60209828	2777
18	60212009	60212130	3673
18	60217515	60217756	5715
18	60223421	60223542	3294
18	60225900	60226021	1518
18	60227787	60227908	7274
18	60230188	60230429	11887
18	60231774	60231895	2773
18	60232220	60232341	1991
18	60237278	60237519	4412
18	60241255	60242816	72301
18	60243717	60243838	5774
18	60243875	60243995	7090
18	60244070	60244216	9950
18	60244387	60244488	1236
18	60244853	60245125	11656
18	60245253	60245354	3267
18	60245386	60245487	1468
18	60245597	60245844	8239
18	60382864	60384532	9166
18	60491377	60491477	450
18	60493423	60493544	1486
18	60497227	60497474	9455
18	60505958	60506199	8881
18	60527629	60527870	8579
18	60562195	60562436	16818
18	60562947	60563308	10609
18	60570176	60570417	14903
18	60572425	60572546	3668
18	60582132	60582253	4605
18	60587148	60587389	13961
18	60608929	60609170	12839
18	60612301	60612542	6927
18	60625805	60626046	15011
18	60630531	60630772	20245
18	60639722	60639963	16995
18	60642562	60642888	15339
18	60645473	60646790	52185
18	60646833	60646978	5071
18	60647135	60647309	4733
18	60647497	60647689	4392
18	60791884	60791985	3905
18	60792058	60792159	3451
18	60793236	60793507	9614
18	60793985	60794194	1592
18	60795084	60795201	3205
18	60795494	60795595	736
18	60795598	60795698	487
18	60795746	60796044	8031
18	60806932	60807033	5973
18	60983245	60983346	2094
18	60985281	60986186	25369
18	60998171	60998272	1568
18	60998773	60998873	3133
18	60998912	60999194	7838
18	61002479	61002601	4319
18	61006013	61006134	4132
18	61011623	61011744	3735
18	61018065	61018336	5814
18	61022423	61022544	2262
18	61022702	61022823	4073
18	61026935	61027056	4408
18	61029995	61030116	1974
18	61034233	61034361	4574
18	61056601	61056701	3236
18	61056726	61056827	2523
18	61056838	61056993	4233
18	61057187	61057288	2140
18	61057697	61057844	3526
18	61058197	61058319	5026
18	61060590	61060831	6766
18	61064218	61064496	9268
18	61066424	61066575	3302
18	61067266	61067474	5416
18	61067736	61067977	4122
18	61070878	61071119	6093
18	61074637	61074758	5367
18	61077479	61077720	10326
18	61078690	61078821	3908
18	61083401	61083502	7854
18	61089417	61089538	2373
18	61151624	61151865	10285
18	61154126	61154367	9097
18	61156517	61156758	3564
18	61160135	61160457	14303
18	61166315	61166556	6404
18	61170517	61170998	18860
18	61171020	61171121	2443
18	61171292	61171393	3352
18	61223355	61223596	10548
18	61225530	61225771	10184
18	61226759	61227000	15867
18	61228255	61228496	10438
18	61231160	61231401	6951
18	61232610	61232881	9755
18	61233770	61234311	12095
18	61254283	61254404	2842
18	61254603	61254724	10320
18	61255862	61256103	12632
18	61256858	61257009	5101
18	61259524	61259765	11264
18	61260025	61260230	7753
18	61261223	61261324	2887
18	61261390	61261490	3348
18	61261538	61261779	8713
18	61262219	61262460	11153
18	61264153	61264634	15646
18	61271130	61271252	2647
18	61304913	61305394	32348
18	61306375	61306616	12391
18	61306817	61307058	7890
18	61308045	61308286	16038
18	61308936	61309177	12780
18	61310361	61310482	7408
18	61310607	61310848	32177
18	61311396	61311496	9209
18	61322851	61323332	34530
18	61324021	61324262	12871
18	61324494	61324694	6029
18	61325684	61325925	11952
18	61326545	61326816	15276
18	61327982	61328121	9198
18	61328246	61328487	26243
18	61329033	61329133	9933
18	61377390	61377631	8693
18	61378537	61378658	1907
18	61379741	61379982	11448
18	61383266	61383387	3425
18	61387196	61387437	2100
18	61388021	61388262	11504
18	61390189	61390670	16570
18	61393541	61393642	3098
18	61441046	61441147	3264
18	61444976	61445076	3539
18	61449569	61449810	11540
18	61459590	61459711	7888
18	61460331	61460572	6161
18	61463437	61463678	9479
18	61465807	61466028	8962
18	61468051	61468292	6300
18	61471428	61471909	13793
18	61558611	61558882	15796
18	61562436	61562671	14725
18	61564267	61564508	7043
18	61564898	61565169	14146
18	61568923	61569164	9903
18	61569568	61569839	15722
18	61570125	61570662	17518
18	61575183	61575307	4117
18	61582707	61582948	6378
18	61584661	61584782	2461
18	61585146	61585387	8095
18	61586959	61587200	9935
18	61597228	61597469	5671
18	61600238	61600479	3722
18	61602032	61602513	14797
18	61620597	61620785	3006
18	61621595	61621836	4000
18	61627369	61627610	11588
18	61637235	61637414	5436
18	61638639	61638746	4563
18	61645505	61645746	20263
18	61646982	61647223	5401
18	61648892	61649133	12949
18	61650762	61651003	5720
18	61652281	61652522	10216
18	61653404	61653555	5421
18	61654038	61654549	17689
18	61747526	61747646	3109
18	61765048	61765289	4788
18	61765766	61765887	5436
18	63430062	63430303	9122
18	63476905	63477266	11732
18	63481659	63481900	8870
18	63489279	63489520	7868
18	63491852	63492093	6275
18	63510993	63511354	26257
18	63524998	63525239	9773
18	63526100	63526341	4938
18	63526881	63527122	10103
18	63529846	63530207	13759
18	63547552	63548175	22843
18	64171992	64172593	15927
18	64176176	64176537	17278
18	64178742	64178983	6891
18	64197031	64197213	4065
18	64199898	64199998	2499
18	64202162	64202403	8592
18	64211152	64211514	16135
18	64211926	64212167	4562
18	64218291	64218532	4800
18	64221550	64221821	7969
18	64235618	64235979	15607
18	64239222	64239463	7965
18	64320576	64320748	9252
18	65177031	65177131	3667
18	65177170	65177270	2676
18	65177772	65177873	3874
18	65177980	65178081	4271
18	65178131	65182730	142034
18	66344118	66344479	23190
18	66346672	66346793	1498
18	66348161	66348402	8564
18	66350128	66350249	4431
18	66351392	66351513	2843
18	66351632	66351753	1874
18	66354891	66355012	3358
18	66358503	66358624	4006
18	66364440	66364561	3337
18	66365157	66365278	2701
18	66367612	66367733	4249
18	66368943	66369064	2987
18	66377198	66377439	6085
18	66378559	66378680	3470
18	66381059	66381192	2864
18	66382134	66382255	4111
18	66503942	66504663	14472
18	66505901	66506276	9461
18	66513540	66513668	2674
18	66541842	66542083	10339
18	66564439	66564710	7489
18	66564759	66564880	5730
18	66678104	66678375	4863
18	66721257	66721384	1805
18	67068343	67068573	11586
18	67231713	67231840	3346
18	67266555	67266796	10218
18	67344908	67345130	18451
18	67365613	67365854	10679
18	67406118	67406389	11572
18	67424929	67425170	7128
18	67508428	67508760	12761
18	67508779	67508937	4978
18	67531491	67531732	6430
18	67534558	67534679	6796
18	67540369	67540492	897
18	67562897	67563291	14393
18	67613956	67614317	11571
18	67614558	67614679	5446
18	67671368	67671489	3193
18	67672407	67672528	3099
18	67673577	67673730	3649
18	67684595	67684956	13120
18	67687800	67688071	8203
18	67691899	67692140	4588
18	67695937	67696058	4561
18	67697235	67697356	7019
18	67698102	67698227	5061
18	67715194	67715435	6822
18	67718594	67718835	3661
18	67721322	67721563	5379
18	67724961	67725082	2428
18	67727030	67727301	7845
18	67733020	67733171	3505
18	67741094	67741245	2907
18	67742561	67742802	5061
18	67753808	67753934	3593
18	67755152	67755423	4841
18	67759336	67759466	2115
18	67759854	67760095	6633
18	67776722	67776963	5532
18	67781636	67781877	7438
18	67788733	67788946	10052
18	67794646	67795037	18430
18	67795566	67795807	9243
18	67801681	67801802	657
18	67802406	67802527	1032
18	67806772	67807013	4049
18	67807318	67807439	4004
18	67809512	67809633	1545
18	67812812	67813053	12362
18	67816083	67816324	8122
18	67817143	67817384	5144
18	67817785	67817979	5518
18	67833239	67833480	8375
18	67834119	67834277	4539
18	67836045	67836313	8419
18	67843874	67844115	5755
18	67855280	67855521	3773
18	67857743	67857984	7226
18	67860455	67860726	7604
18	67863659	67863930	14094
18	67864795	67865036	8001
18	67866633	67866754	7066
18	67869113	67869234	8289
18	67871259	67871530	6113
18	67872306	67872577	6983
18	67872787	67872938	9355
18	67991837	67997437	202135
18	70203926	70204083	14293
18	70204761	70204862	3880
18	70204889	70204990	2336
18	70205132	70205233	2208
18	70205358	70205629	5604
18	70205826	70206067	8686
18	70208994	70209405	32408
18	70211674	70211774	295
18	70415332	70415432	2869
18	70416231	70416352	9327
18	70417244	70417875	41063
18	70423259	70423392	1285
18	70450903	70451151	6942
18	70461294	70461678	11940
18	70502439	70502611	6542
18	70526003	70526364	6842
18	70531960	70532231	15243
18	70532388	70532509	3438
18	70532758	70532992	3222
18	70534451	70534572	1137
18	70534756	70534856	0
18	71442013	71442134	1564
18	71740649	71741010	10410
18	71749102	71749343	8867
18	71790522	71790793	4303
18	71791703	71791824	1321
18	71793151	71793392	14760
18	71796593	71796864	12948
18	71797590	71797951	14761
18	71802957	71803110	1646
18	71807436	71807548	1442
18	71814904	71815021	922
18	71815982	71816373	15235
18	71822319	71822470	9081
18	71822528	71822649	9092
18	71825224	71825345	5199
18	71825396	71825521	10831
18	71825601	71825752	5356
18	71920575	71920676	3748
18	71920690	71920790	3586
18	71920798	71920919	2737
18	71922931	71923052	2577
18	71923992	71924143	2286
18	71927923	71928044	3981
18	71928103	71928224	2343
18	71930496	71930767	6458
18	71958924	71959165	15454
18	71985046	71985287	5446
18	71987725	71987846	8970
18	71989899	71990020	5464
18	71995116	71995349	9941
18	71996189	71996310	7418
18	71998077	71998198	4155
18	72005883	72006124	11870
18	72009253	72009374	1725
18	72009457	72009578	2472
18	72010724	72010965	6312
18	72020464	72021531	17462
18	72021658	72021779	2545
18	72023668	72023768	3249
18	72103723	72103964	6991
18	72109107	72109378	9544
18	72113818	72114539	16562
18	72124234	72124504	380
18	72167177	72167298	6030
18	72168514	72168755	7465
18	72173043	72173284	6972
18	72176057	72176181	6142
18	72178026	72178267	13960
18	72179663	72179784	7804
18	72180752	72180993	9283
18	72183423	72183664	7699
18	72185653	72185924	12074
18	72186136	72186377	8239
18	72187207	72187328	6029
18	72187386	72187493	3483
18	72201853	72201974	5557
18	72223515	72223756	9138
18	72226511	72226752	9871
18	72228020	72228291	9353
18	72229264	72229385	3389
18	72234446	72234687	6978
18	72238371	72238522	5605
18	72244032	72244303	16711
18	72245358	72245599	10024
18	72247285	72247556	7818
18	72250749	72250990	17178
18	72251703	72251824	4713
18	72264459	72264820	20813
18	72265043	72265173	5644
18	72342917	72347718	126364
18	72352899	72353140	11185
18	72493359	72493480	3930
18	72515851	72516092	10930
18	72531128	72531520	16923
18	72587433	72587533	2203
18	72589114	72589355	6208
18	72592964	72593093	1443
18	72601812	72602053	9619
18	72632437	72632678	11165
18	72637875	72637976	6211
18	72769713	72769912	8827
18	72775043	72776484	67485
18	72776948	72777049	1432
18	72910926	72911027	4307
18	72911132	72911233	3276
18	72911659	72911941	16981
18	72913351	72914312	26706
18	72920787	72921028	10034
18	72996111	72996211	7407
18	72997402	73001915	155727
18	73121982	73122133	10266
18	73122212	73122313	6453
18	73122750	73122901	3265
18	73130715	73130925	11216
18	73139332	73139573	11473
18	74074421	74074542	9144
18	74082455	74082576	5722
18	74083352	74083593	51307
18	74090753	74092314	69560
18	74153144	74155065	52108
18	74207099	74207214	0
18	74207642	74207763	1255
18	74208191	74208552	21131
18	74402141	74402533	14603
18	74536276	74536397	5984
18	74561431	74561672	6372
18	74563691	74563932	9694
18	74580578	74580849	8783
18	74583597	74583812	6286
18	74587382	74587653	9636
18	74589885	74590156	6212
18	74592049	74592290	15118
18	74593230	74593478	3732
18	74606893	74607284	12168
18	74610955	74611196	4633
18	74616285	74616526	6595
18	74617059	74617420	10320
18	74620191	74620582	5868
18	74621983	74622135	9080
18	74622570	74622811	6376
18	74624190	74624313	1884
18	74625657	74625886	5969
18	74627557	74627828	15437
18	74631691	74632052	4798
18	74635017	74635140	5195
18	74637056	74637567	19871
18	74638944	74639532	18655
18	74639851	74640092	10561
18	74647915	74648036	3945
18	74648269	74648390	5612
18	74649084	74649325	12180
18	74659391	74659662	13909
18	74667918	74668159	5862
18	74671556	74671827	19195
18	74672571	74672842	5329
18	74680111	74680352	10371
18	74681001	74681102	3154
18	74681271	74681372	3166
18	74681537	74681699	5172
18	74681770	74681871	2981
18	74682011	74682112	3921
18	74682145	74682245	4578
18	74682325	74682549	9146
18	74692313	74692464	3873
18	74696669	74696910	8177
18	74697101	74697222	4624
18	74700188	74700526	14823
18	74700759	74700915	5623
18	74701902	74702026	6447
18	74721782	74721903	10457
18	74728310	74728410	833
18	74728755	74729236	22605
18	74778236	74778357	7757
18	74778468	74778589	8444
18	74779718	74779839	6165
18	74780894	74781015	5951
18	74817130	74817251	9726
18	74962476	74963197	37855
18	74968085	74968206	2825
18	74980531	74980879	6939
18	76740265	76740387	0
18	76751659	76751759	3369
18	76752062	76755520	62888
18	76756865	76757346	14176
18	76757890	76757991	8504
18	76758002	76758103	6031
18	76829348	76829589	27
18	76856441	76856682	18873
18	76870308	76870549	9447
18	76873231	76873364	4953
18	76886257	76886385	4807
18	76903769	76903890	3249
18	76914468	76914589	4866
18	76936798	76936919	2498
18	76953161	76953282	8591
18	76966913	76967034	9636
18	76973938	76974059	3508
18	77013339	77013580	14315
18	77036973	77037244	23563
18	77063594	77063726	1034
18	77066928	77067289	14664
18	77089100	77089341	13854
18	77089996	77090117	8531
18	77096608	77096729	1190
18	77097212	77097483	11222
18	77102225	77102376	5218
18	77104248	77104369	5154
18	77105378	77105619	14777
18	77105745	77105866	7348
18	77107696	77107967	10999
18	77108102	77108223	8508
18	77119344	77119528	11854
18	77132500	77132741	8799
18	77132762	77132913	3569
18	77133878	77134119	12009
18	77135348	77135469	6549
18	77137193	77137434	5459
18	77156182	77156361	515
18	77160375	77160496	310
18	77170034	77170170	9096
18	77170320	77171513	33597
18	77193507	77193778	20900
18	77208731	77209002	15072
18	77210888	77211159	11309
18	77211594	77211865	16977
18	77221277	77221398	11299
18	77227364	77227642	20849
18	77246201	77246952	7378
18	77254170	77254946	25012
18	77256094	77256194	3776
18	77287489	77287642	1983
18	77287878	77287979	4002
18	77288885	77288985	2690
18	77439923	77440284	0
18	77455205	77455326	7584
18	77455932	77456083	4898
18	77457772	77458043	15758
18	77464720	77464961	15188
18	77470299	77470450	5564
18	77472933	77473174	10582
18	77474446	77475549	25934
18	77477454	77477725	11017
18	77477761	77478032	17445
18	77488836	77489107	8270
18	77496316	77496557	5202
18	77498875	77498996	14281
18	77513569	77513840	14261
18	77513867	77514075	6490
18	77514380	77514481	3221
18	77623564	77624301	2754
18	77659006	77659847	20270
18	77663928	77664199	14758
18	77679140	77679411	17799
18	77693934	77694055	1192
18	77703244	77703515	9459
18	77703521	77704122	40587
18	77710673	77710944	6327
18	77724710	77724811	0
18	77726594	77726705	2585
18	77728085	77728186	2043
18	77730395	77730495	5263
18	77733619	77733890	11282
18	77736716	77736837	3112
18	77737558	77737711	5796
18	77748194	77748435	16490
18	77794423	77794694	3537
18	77796627	77796748	2739
18	77797266	77797537	8577
18	77798469	77798627	6231
18	77802115	77802236	4450
18	77804171	77804298	9745
18	77805723	77806204	22682
18	77875416	77875543	2785
18	77890969	77891090	1380
18	77893472	77896713	118884
18	77896888	77896988	4548
18	77897419	77897555	3620
18	77898163	77898264	2229
18	77906039	77906139	2440
18	77915761	77915862	484
18	77917276	77917377	1734
18	77917644	77918499	31319
18	77920392	77920492	2902
18	77926701	77926821	3581
18	77926901	77927020	2596
18	77933741	77933841	3413
18	77935940	77936041	3436
18	77940968	77941069	1857
18	77960582	77960825	11190
18	78005145	78005275	6436
