contig	position	variantID	refAllele	altAllele	refCount	altCount	totalCount	lowMAPQDepth	lowBaseQDepth	rawDepth	otherBases	improperPairs
1	121484519	.	T	C	27	10	37	30	2	81	0	12
1	121484541	.	G	A	18	33	51	33	1	107	0	22
1	121484558	.	C	T	35	42	77	38	1	153	0	37
1	121484562	.	G	C	35	43	78	40	1	156	0	37
1	121484572	.	T	C	48	41	89	41	1	176	0	45
1	121484573	.	A	C	16	78	94	40	1	180	0	45
1	121484583	.	A	T	64	38	102	49	0	207	0	56
1	121484602	.	T	G	63	46	109	48	2	222	0	63
1	121484671	.	T	G	14	29	43	27	0	89	0	19
1	121484691	.	T	C	17	6	23	15	1	45	0	6
1	121484723	.	T	G	4	17	21	17	0	46	0	8
1	121484789	.	C	G	26	11	37	28	0	72	0	7
1	121484801	.	C	T	15	11	26	16	0	43	0	1
1	121484802	.	G	C	11	12	23	15	1	40	1	0
1	121484803	.	T	A	15	10	25	15	0	40	0	0
1	121484805	.	C	T	15	10	25	15	0	40	0	0
1	121484811	.	G	C	15	9	24	17	1	42	0	0
1	121484824	.	T	C	10	12	22	17	0	39	0	0
1	121485172	.	C	G	16	81	97	28	0	173	0	48
1	121485351	.	A	G	52	78	130	27	1	235	0	77
1	121485355	.	T	C	51	73	124	27	3	225	0	71
1	121485360	.	A	C	51	68	119	26	0	211	0	66
1	121485372	.	A	G	50	47	97	28	1	181	0	55
2	91976210	.	T	C	19	5	24	31	3	58	0	0
2	92284373	.	T	G	23	11	34	14	0	110	0	62
2	92290083	.	T	G	16	21	37	33	1	73	0	2
2	92290726	.	A	C	13	21	34	116	1	165	0	14
2	92290731	.	A	G	18	16	34	117	1	166	1	13
2	92290788	.	C	G	4	17	21	99	0	132	0	12
2	92290907	.	G	T	8	19	27	79	0	111	0	5
2	92290910	.	A	G	10	18	28	80	0	113	0	5
2	92290914	.	A	G	13	16	29	82	0	116	0	5
2	92290933	.	A	C	10	19	29	79	0	113	0	5
2	92290940	.	A	G	14	15	29	80	1	115	0	5
2	92290967	.	T	A	13	16	29	65	0	99	0	5
2	92291050	.	G	T	44	31	75	78	1	162	0	8
2	92291059	.	A	C	25	61	86	86	2	182	0	8
2	92291064	.	T	C	33	57	90	98	1	198	0	9
2	92291100	.	T	G	67	35	102	120	3	235	0	10
2	92291101	.	A	C	72	31	103	120	2	235	0	10
2	92291475	.	T	G	6	31	37	183	0	237	0	17
2	92296163	.	T	A	11	14	25	131	0	189	0	33
2	92296287	.	C	G	2	20	22	60	0	90	0	8
2	92296288	.	A	G	2	20	22	60	0	90	0	8
2	92296310	.	T	C	16	4	20	58	0	87	1	8
2	92296315	.	G	T	7	14	21	56	0	85	0	8
2	92296322	.	C	A	7	14	21	51	0	79	0	7
2	92305423	.	T	G	12	8	20	8	0	29	0	1
2	92305699	.	G	C	194	46	240	83	2	478	0	153
2	92305716	.	A	C	105	66	171	69	5	369	1	123
2	92305728	.	C	A	80	68	148	60	4	356	3	141
2	92305733	.	A	G	78	84	162	72	1	392	0	157
2	92305742	.	T	C	60	87	147	66	2	390	0	175
2	92305770	.	G	C	31	96	127	46	2	407	0	232
2	92305773	.	A	T	96	33	129	44	1	414	0	240
2	92305791	.	T	A	90	38	128	42	0	388	0	218
2	92305792	.	T	G	40	87	127	42	1	386	0	216
2	92305797	.	G	C	40	82	122	41	1	372	0	208
2	92305807	.	C	T	70	39	109	42	1	340	0	188
2	92305813	.	A	G	62	35	97	42	4	310	0	167
2	92305815	.	T	A	58	38	96	42	2	302	0	162
2	92306037	.	G	C	27	10	37	41	1	81	0	2
2	92306054	.	A	C	17	19	36	51	2	90	0	1
2	92306109	.	A	T	68	35	103	104	0	223	1	15
2	92306128	.	C	G	34	49	83	96	1	195	0	15
2	92306135	.	G	C	55	25	80	95	1	191	0	15
2	92306141	.	T	A	31	51	82	84	2	182	0	14
2	92306160	.	G	A	33	40	73	64	2	152	0	13
2	92306168	.	T	C	38	29	67	62	3	144	0	12
2	92306178	.	T	C	33	18	51	55	3	119	0	10
2	92306788	.	A	T	39	39	78	105	2	241	0	56
2	92307734	.	C	G	9	12	21	53	1	88	0	13
2	92307736	.	A	G	12	10	22	53	0	95	0	20
2	92307750	.	G	T	21	7	28	67	0	134	0	39
2	92307759	.	A	C	16	12	28	69	0	139	0	42
2	92307764	.	T	C	17	10	27	69	1	139	0	42
2	92307778	.	T	G	14	12	26	69	0	138	0	43
2	92307799	.	A	G	12	10	22	64	0	122	0	36
2	92307800	.	T	G	15	7	22	65	0	123	0	36
2	92312737	.	C	A	6	14	20	41	0	63	0	2
2	92312760	.	T	G	7	20	27	76	0	113	0	10
2	92312786	.	T	A	7	25	32	84	1	127	0	10
2	92312800	.	C	G	8	25	33	83	0	126	0	10
2	92312801	.	A	G	8	25	33	83	0	126	0	10
2	92312828	.	G	T	10	10	20	56	0	85	0	9
2	92312990	.	A	G	19	9	28	43	0	78	6	1
2	92312999	.	G	C	11	28	39	52	0	93	1	1
2	92313028	.	C	T	37	9	46	61	1	112	3	1
2	92313033	.	A	G	19	30	49	65	1	116	0	1
2	92313042	.	T	C	19	30	49	64	0	114	0	1
2	92313048	.	A	G	11	34	45	58	2	106	0	1
2	92313054	.	T	A	9	30	39	42	0	81	0	0
2	92313070	.	G	C	3	29	32	29	0	61	0	0
2	92315206	.	G	C	15	24	39	64	1	105	0	1
2	92315220	.	T	A	18	22	40	67	1	109	0	1
2	92315235	.	C	T	25	16	41	66	0	109	1	1
2	92315236	.	T	C	21	19	40	67	0	108	0	1
2	92315255	.	A	G	23	14	37	61	1	101	1	1
2	92315347	.	T	A	36	59	95	186	2	392	0	109
2	92315366	.	A	T	129	126	255	361	3	923	1	303
2	92315372	.	T	C	158	157	315	382	1	1047	1	348
2	92315418	.	T	C	218	133	351	421	4	1139	2	361
2	92315985	.	T	G	18	17	35	84	1	162	0	42
2	92316011	.	T	A	8	18	26	93	1	163	0	43
2	92316025	.	C	G	8	17	25	97	1	166	0	43
2	92316026	.	A	G	8	17	25	96	1	166	1	43
2	92316241	.	A	C	19	25	44	156	3	263	0	60
2	92316296	.	A	T	19	13	32	119	1	193	0	41
2	92316315	.	C	G	5	17	22	72	0	103	0	9
2	92317393	.	T	C	49	29	78	35	3	147	0	31
2	92317402	.	T	C	26	56	82	34	0	144	0	28
2	92317428	.	A	T	10	52	62	24	0	98	0	12
2	92317438	.	C	A	19	21	40	18	1	61	0	2
2	132775245	.	A	G	24	5	29	18	0	47	0	0
2	132775274	.	T	G	6	25	31	21	2	54	0	0
5	110284206	.	G	T	21	11	32	4	1	42	0	5
6	136597326	.	C	T	95	63	158	0	6	166	0	2
7	57696464	.	A	G	17	6	23	14	1	38	0	0
7	57696467	.	G	A	18	7	25	14	1	40	0	0
7	57696519	.	T	C	83	21	104	6	3	114	0	1
7	57696537	.	T	C	72	30	102	26	4	133	0	1
7	57696648	.	C	T	10	12	22	108	2	136	4	0
7	57696707	.	G	A	22	9	31	133	0	164	0	0
7	57696738	.	G	A	9	18	27	157	0	184	0	0
7	57696751	.	C	T	11	18	29	155	0	184	0	0
7	57696811	.	G	T	10	20	30	161	0	191	0	0
7	57701642	.	A	T	7	14	21	19	0	40	0	0
7	57708510	.	C	T	33	15	48	5	4	57	0	0
7	57708571	.	G	A	39	12	51	4	4	61	0	2
7	57708599	.	C	T	41	9	50	3	0	56	0	3
7	57708600	.	G	C	42	9	51	2	0	56	0	3
7	57708605	.	T	C	41	9	50	2	1	56	0	3
7	57708629	.	C	A	39	7	46	2	3	53	0	2
7	57708632	.	C	T	6	30	36	2	4	44	0	2
7	57708638	.	G	T	39	8	47	2	1	52	0	2
7	57708659	.	C	G	20	34	54	2	5	64	0	3
7	57708667	.	A	G	21	37	58	1	1	65	0	5
7	57708709	.	G	A	17	26	43	0	3	50	0	4
7	57708712	.	G	A	16	26	42	0	4	50	0	4
7	57708730	.	G	T	24	8	32	2	3	41	0	4
7	57708738	.	C	T	10	15	25	1	1	31	0	4
7	57887749	.	G	C	18	24	42	25	0	68	0	1
7	57887761	.	T	A	19	26	45	23	1	70	0	1
7	57887777	.	T	C	23	28	51	27	1	79	0	0
7	57887781	.	A	T	27	29	56	27	1	84	0	0
7	57887851	.	C	G	68	31	99	34	5	139	0	1
7	57887853	.	G	A	59	48	107	34	1	143	0	1
7	57887957	.	T	C	170	83	253	115	8	377	0	1
7	57887972	.	T	G	71	149	220	159	6	386	0	1
7	57887981	.	C	T	133	62	195	166	8	370	0	1
7	57887997	.	T	A	57	107	164	194	5	364	0	1
7	57888142	.	C	A	17	29	46	146	4	197	0	1
7	57888202	.	G	A	7	26	33	142	2	177	0	0
7	57888215	.	C	T	5	25	30	144	2	176	0	0
7	61083485	.	A	T	2	19	21	11	0	39	0	7
7	61083494	.	A	C	10	16	26	18	1	59	0	14
7	61083537	.	C	T	1	28	29	17	0	61	0	15
7	61083554	.	T	A	6	22	28	17	0	60	0	15
7	61083573	.	A	G	6	18	24	12	0	48	0	12
7	61083789	.	G	C	18	3	21	12	1	46	0	12
7	61083797	.	T	A	21	5	26	14	0	54	0	14
7	61083804	.	A	G	8	18	26	14	0	55	1	14
7	61083819	.	A	C	8	13	21	12	1	48	0	14
7	61083820	.	C	A	14	7	21	11	0	47	1	14
7	61083822	.	T	A	8	13	21	11	1	47	0	14
7	61083832	.	A	T	17	5	22	11	0	46	0	13
9	66833807	.	A	G	19	23	42	56	0	119	0	21
9	66833835	.	G	A	18	34	52	76	2	162	1	31
9	66833838	.	A	C	20	35	55	77	0	165	0	33
9	66833842	.	G	A	22	33	55	77	2	168	0	34
9	66833844	.	G	C	22	36	58	78	0	171	0	35
9	66833858	.	G	A	23	43	66	94	0	213	0	53
9	66833894	.	C	T	20	43	63	78	0	179	0	38
9	66833895	.	A	G	17	43	60	77	1	176	1	37
9	66833896	.	C	G	38	27	65	79	0	181	0	37
9	66833933	.	C	T	12	32	44	69	0	135	3	19
9	67320607	.	G	C	4	23	27	157	0	227	0	43
9	67320748	.	C	G	6	29	35	83	1	122	0	3
9	67320852	.	G	A	68	82	150	189	5	456	0	112
9	67320858	.	A	C	22	126	148	201	6	482	2	125
11	179314	.	C	T	39	14	53	14	2	69	0	0
11	179635	.	T	G	25	12	37	5	0	42	0	0
11	179650	.	G	C	23	13	36	3	0	39	0	0
11	179664	.	C	T	18	12	30	0	0	30	0	0
11	192963	.	G	C	31	19	50	0	1	51	0	0
11	193112	.	C	T	94	38	132	0	11	143	0	0
12	149166	.	T	C	16	15	31	1	1	33	0	0
12	149186	.	T	C	12	12	24	1	1	26	0	0
15	20084293	.	A	T	54	58	112	1	5	119	0	1
15	20086582	.	A	T	33	31	64	0	0	65	0	1
15	20087547	.	C	T	85	90	175	0	5	180	0	0
15	20104555	.	C	T	12	14	26	3	3	32	0	0
15	20104556	.	A	G	14	14	28	3	1	32	0	0
15	20104606	.	A	G	21	16	37	5	3	45	0	0
15	20104664	.	T	C	32	5	37	5	4	46	0	0
15	20104683	.	C	G	45	7	52	5	1	58	0	0
15	20104757	.	C	T	51	20	71	3	3	78	0	1
15	20104774	.	A	G	54	22	76	4	1	82	0	1
15	20104797	.	G	T	44	17	61	4	2	73	6	0
15	20104802	.	C	T	52	17	69	4	2	75	0	0
15	20104805	.	G	T	53	16	69	4	2	75	0	0
15	20104860	.	C	T	35	12	47	2	0	50	0	1
15	20104870	.	C	T	33	12	45	1	2	49	0	1
15	20104886	.	A	G	30	14	44	1	1	48	1	1
15	20104907	.	A	T	27	14	41	1	2	45	0	1
15	20104916	.	C	T	28	12	40	1	2	44	0	1
15	20104930	.	C	G	29	7	36	1	0	37	0	0
15	20104952	.	C	T	26	5	31	2	0	33	0	0
15	20109495	.	A	G	18	6	24	7	1	32	0	0
15	20109685	.	C	T	62	27	89	13	3	105	0	0
15	20109825	.	G	T	58	17	75	14	3	93	0	1
15	20117716	.	A	G	29	6	35	19	1	55	0	0
15	20125024	.	T	C	17	7	24	13	0	37	0	0
15	20125046	.	G	A	17	7	24	19	1	49	5	0
15	20125158	.	A	C	19	6	25	7	0	32	0	0
15	20125164	.	T	C	20	4	24	6	0	30	0	0
15	20125167	.	A	C	18	6	24	7	0	31	0	0
15	20125218	.	G	C	17	3	20	7	0	28	0	1
15	20127647	.	G	A	15	6	21	22	2	45	0	0
15	20178288	.	T	C	69	86	155	0	7	162	0	0
15	20192951	.	T	C	39	47	86	0	2	89	0	1
15	20193260	.	C	G	68	69	137	0	7	145	0	1
15	20208998	.	G	A	180	49	229	94	8	332	0	1
15	20210217	.	C	T	23	14	37	70	4	112	0	1
15	20216277	.	C	T	44	23	67	13	5	85	0	0
15	20216378	.	G	A	27	37	64	59	2	125	0	0
15	20217968	.	T	C	52	19	71	115	2	188	0	0
15	20218073	.	G	A	100	65	165	90	3	258	0	0
15	20218133	.	A	G	72	31	103	74	0	177	0	0
15	20252020	.	C	T	71	17	88	17	3	108	0	0
15	20252361	.	A	G	28	5	33	30	1	64	0	0
15	20362518	.	G	A	20	11	31	17	4	52	0	0
15	20362576	.	T	A	85	22	107	22	4	133	0	0
15	20362644	.	C	T	24	11	35	32	14	81	0	0
15	20362938	.	T	C	138	68	206	210	6	422	0	0
15	20433344	.	C	A	34	17	51	1	1	53	0	0
15	20434154	.	C	T	84	21	105	0	9	114	0	0
15	20434160	.	A	G	84	19	103	0	5	108	0	0
15	20445772	.	C	T	30	6	36	0	0	36	0	0
15	20446041	.	G	A	94	27	121	0	4	125	0	0
15	20446043	.	T	A	40	80	120	0	3	123	0	0
15	20446050	.	G	A	89	27	116	0	3	119	0	0
15	20446251	.	A	G	16	7	23	2	2	28	0	1
15	20446256	.	G	C	9	15	24	2	1	28	0	1
15	20447987	.	A	G	26	20	46	3	3	52	0	0
15	20448056	.	A	G	40	8	48	11	3	62	0	0
15	20448077	.	T	C	18	45	63	10	0	74	1	0
15	20449967	.	G	A	26	22	48	2	2	52	0	0
15	20450014	.	G	A	30	51	81	1	1	83	0	0
15	20450242	.	G	C	158	73	231	9	20	261	0	1
15	20450587	.	T	C	20	6	26	0	2	28	0	0
15	20453820	.	C	A	60	13	73	2	3	78	0	0
15	20454162	.	C	A	31	25	56	3	0	59	0	0
15	20454255	.	G	A	15	8	23	0	4	29	0	2
15	20456434	.	T	C	28	9	37	1	1	39	0	0
15	20456517	.	T	C	83	23	106	3	2	111	0	0
15	20456640	.	A	G	167	63	230	8	8	247	0	1
15	20456665	.	T	A	179	68	247	10	7	264	0	0
15	20456668	.	G	A	194	52	246	10	7	263	0	0
15	20456673	.	C	G	185	70	255	9	8	272	0	0
15	20456677	.	G	A	195	69	264	9	8	281	0	0
15	20456740	.	A	G	85	151	236	4	13	255	0	2
15	20456799	.	G	A	157	29	186	7	6	201	0	2
15	20456935	.	A	G	18	48	66	0	2	68	0	0
15	20457003	.	G	A	51	25	76	1	1	78	0	0
15	20457128	.	A	C	112	52	164	12	9	185	0	0
15	20457155	.	A	C	135	38	173	15	7	195	0	0
15	20457157	.	C	T	111	72	183	15	7	205	0	0
15	20457291	.	T	C	98	162	260	10	6	276	0	0
15	20457319	.	C	A	160	74	234	5	6	245	0	0
15	20462436	.	G	C	52	20	72	1	2	78	0	3
15	20462623	.	G	A	76	30	106	4	7	117	0	0
15	20462690	.	T	G	35	81	116	3	3	122	0	0
15	20467004	.	G	A	88	28	116	0	11	127	0	0
15	20467075	.	C	T	134	32	166	1	14	182	0	1
15	20467100	.	A	G	121	37	158	1	6	172	6	1
15	20467908	.	G	A	11	10	21	0	1	22	0	0
15	20468050	.	A	G	50	15	65	0	4	69	0	0
15	20476906	.	T	C	105	16	121	0	1	122	0	0
15	20476986	.	G	A	73	16	89	0	0	89	0	0
15	20481775	.	G	C	31	29	60	0	2	62	0	0
15	20482163	.	C	T	183	40	223	0	15	238	0	0
15	20488540	.	G	C	22	5	27	0	0	27	0	0
15	20489310	.	A	G	99	24	123	3	0	126	0	0
15	20489722	.	C	T	33	8	41	2	2	45	0	0
15	20490242	.	G	A	52	12	64	0	1	65	0	0
15	20490280	.	T	C	64	14	78	0	2	80	0	0
15	20490398	.	T	C	116	55	171	0	1	172	0	0
15	20494968	.	A	G	28	13	41	0	0	41	0	0
15	20495453	.	G	A	356	83	439	0	6	445	0	0
15	20495645	.	A	C	66	32	98	0	3	101	0	0
15	20496402	.	T	C	33	7	40	0	0	40	0	0
15	20496692	.	A	G	22	75	97	10	2	109	0	0
15	20496770	.	T	C	49	15	64	1	2	67	0	0
15	20496886	.	G	T	17	6	23	3	0	26	0	0
15	20506551	.	G	A	22	13	35	0	1	36	0	0
15	20506614	.	T	C	15	18	33	1	1	35	0	0
15	20506644	.	C	T	17	6	23	1	2	26	0	0
15	20507173	.	G	A	18	4	22	0	1	23	0	0
15	20507310	.	G	C	25	7	32	1	1	34	0	0
15	20507365	.	T	C	9	25	34	1	1	36	0	0
15	20507385	.	T	C	9	23	32	1	3	36	0	0
15	20507394	.	C	A	23	7	30	0	4	34	0	0
15	20507439	.	C	G	25	5	30	0	0	30	0	0
15	20507500	.	C	T	23	5	28	0	0	28	0	0
15	20507624	.	T	C	18	5	23	1	2	26	0	0
15	20536381	.	C	A	29	64	93	29	5	127	0	0
15	20536636	.	T	C	218	93	311	26	12	349	0	0
15	20536679	.	A	T	139	86	225	92	12	330	0	1
15	20536837	.	T	G	49	42	91	13	2	106	0	0
15	20536947	.	T	C	21	23	44	22	0	66	0	0
15	20538587	.	A	T	51	33	84	27	5	116	0	0
15	20538684	.	A	G	84	30	114	20	5	139	0	0
15	20544954	.	G	C	19	5	24	0	1	25	0	0
15	20545087	.	A	G	26	16	42	2	1	45	0	0
15	20559399	.	T	C	37	18	55	0	2	57	0	0
15	20559724	.	T	C	67	16	83	0	2	85	0	0
15	20562839	.	C	T	11	19	30	0	1	31	0	0
15	20588458	.	G	C	13	21	34	0	0	34	0	0
15	20588563	.	A	G	28	43	71	0	1	72	0	0
15	20588705	.	C	A	26	39	65	0	1	66	0	0
15	20613737	.	C	T	14	8	22	0	1	23	0	0
15	20614029	.	A	T	17	7	24	0	1	26	1	0
15	20644688	.	C	T	49	39	88	158	13	259	0	0
15	20644709	.	C	T	67	39	106	163	9	279	1	0
15	20645827	.	A	G	286	76	362	39	18	419	0	0
15	20646138	.	G	A	19	5	24	1	1	27	0	1
15	20649553	.	G	A	236	105	341	53	16	411	0	1
15	20734956	.	C	T	77	85	162	15	4	181	0	0
15	20739885	.	T	C	155	180	335	71	26	432	0	0
15	20744491	.	G	C	32	14	46	5	0	51	0	0
15	20744537	.	C	T	13	11	24	23	0	48	1	0
15	20768567	.	G	A	23	22	45	25	1	71	0	0
15	20772195	.	G	T	174	116	290	119	8	417	0	0
15	20772207	.	G	A	150	108	258	115	8	381	0	0
15	20774024	.	C	G	13	32	45	113	3	168	6	1
15	20776415	.	C	T	43	35	78	112	3	193	0	0
15	20810986	.	T	G	6	49	55	23	2	80	0	0
15	20845229	.	G	A	124	86	210	47	10	267	0	0
15	20862890	.	T	C	31	9	40	0	0	40	0	0
15	20867353	.	C	T	97	59	156	0	2	158	0	0
15	20868213	.	A	T	44	27	71	0	0	71	0	0
15	20868230	.	T	C	47	32	79	0	0	79	0	0
15	20874623	.	T	C	24	10	34	0	0	34	0	0
15	20874676	.	T	C	49	23	72	0	0	72	0	0
15	20874721	.	G	T	85	18	103	0	2	105	0	0
15	20874799	.	A	C	138	37	175	0	1	177	0	1
15	20874819	.	A	G	141	27	168	0	5	174	0	1
15	20874897	.	A	G	107	88	195	0	4	200	0	1
15	20875100	.	A	G	34	9	43	0	0	43	0	0
15	20875126	.	A	G	16	5	21	0	0	21	0	0
15	20876423	.	A	G	82	22	104	0	2	106	0	0
15	20876452	.	G	A	78	36	114	0	2	116	0	0
15	20876515	.	A	G	67	60	127	0	5	132	0	0
15	20886730	.	A	G	18	12	30	3	1	34	0	0
15	20893662	.	A	G	20	39	59	7	1	67	0	0
15	20893760	.	T	A	13	7	20	19	0	39	0	0
15	21009097	.	C	G	47	14	61	23	2	87	1	0
15	21010097	.	A	G	4	23	27	3	2	33	0	1
15	21058129	.	A	G	26	39	65	10	3	78	0	0
15	21106528	.	C	T	29	38	67	10	1	78	0	0
15	21106555	.	G	T	21	32	53	17	0	70	0	0
15	21119113	.	C	T	20	10	30	4	1	35	0	0
15	21136727	.	T	A	94	48	142	4	0	146	0	0
15	21136951	.	G	A	37	12	49	6	1	56	0	0
15	21136968	.	C	T	34	11	45	5	1	51	0	0
15	21137321	.	C	A	12	13	25	7	1	33	0	0
15	21138413	.	C	T	12	12	24	2	0	26	0	0
15	21140946	.	G	A	15	7	22	22	0	44	0	0
15	21215736	.	G	A	38	28	66	90	3	159	0	0
15	21215814	.	C	A	146	74	220	114	8	342	0	0
15	21223101	.	G	A	18	20	38	48	2	88	0	0
15	21224450	.	G	A	15	22	37	9	2	48	0	0
15	21224451	.	G	A	31	7	38	9	1	48	0	0
15	21224691	.	T	C	8	18	26	126	0	152	0	0
15	21258187	.	C	A	32	38	70	58	2	130	0	0
15	21258315	.	A	G	73	29	102	54	1	157	0	0
15	21258492	.	G	A	56	17	73	33	6	112	0	0
15	21259159	.	A	G	65	17	82	26	2	110	0	0
15	21259562	.	A	C	44	50	94	7	2	103	0	0
15	21369251	.	C	T	34	28	62	42	20	125	0	1
15	21369265	.	C	T	69	37	106	49	6	162	0	1
15	21370826	.	C	G	54	29	83	94	1	178	0	0
15	21372325	.	T	G	62	35	97	27	3	127	0	0
15	21892957	.	G	A	16	6	22	8	0	30	0	0
15	21893086	.	C	T	48	43	91	14	2	107	0	0
15	21902874	.	T	C	170	64	234	0	7	242	0	1
15	21902892	.	C	A	184	97	281	0	5	287	0	1
15	21902991	.	C	T	320	81	401	0	6	409	0	2
15	21902992	.	G	A	300	96	396	0	8	406	0	2
15	21902994	.	A	G	322	73	395	0	7	404	0	2
15	21903156	.	T	C	90	24	114	0	4	118	0	0
15	21903223	.	C	G	43	10	53	0	2	55	0	0
15	21903227	.	A	C	43	9	52	0	0	52	0	0
15	21903929	.	T	C	9	16	25	0	1	26	0	0
15	21904027	.	C	G	18	19	37	0	4	41	0	0
15	21904061	.	C	T	26	6	32	0	4	36	0	0
15	21904078	.	C	G	25	8	33	0	6	39	0	0
15	21904104	.	C	T	20	15	35	0	5	40	0	0
15	21904262	.	C	T	9	15	24	0	1	25	0	0
15	21935751	.	G	T	99	24	123	2	0	125	0	0
15	21935775	.	G	A	86	20	106	2	2	110	0	0
15	21935791	.	C	T	42	53	95	1	2	98	0	0
15	21936099	.	A	G	83	20	103	0	3	106	0	0
15	21936262	.	C	T	81	20	101	2	2	106	1	0
15	21936296	.	G	A	67	18	85	0	2	87	0	0
15	21936310	.	T	C	60	13	73	0	1	74	0	0
15	21936449	.	T	C	37	7	44	1	0	45	0	0
15	21936464	.	C	T	35	10	45	1	0	46	0	0
15	21936714	.	C	T	42	5	47	0	1	49	0	1
15	21936770	.	T	C	40	9	49	0	2	51	0	0
15	21936925	.	C	T	61	17	78	0	4	82	0	0
15	21936992	.	C	T	49	35	84	0	4	88	0	0
15	21937168	.	C	T	50	21	71	0	5	76	0	0
15	21937313	.	C	T	67	15	82	0	2	84	0	0
15	21937419	.	A	T	30	9	39	0	0	39	0	0
15	21937658	.	C	T	14	7	21	0	1	22	0	0
15	21937809	.	T	C	38	10	48	2	2	52	0	0
15	21937819	.	G	C	31	14	45	1	3	49	0	0
15	21937964	.	A	G	41	11	52	0	1	54	0	1
15	22058425	.	G	C	62	9	71	7	4	82	0	0
15	22063033	.	A	T	30	6	36	0	1	37	0	0
15	22063116	.	G	C	38	9	47	0	0	47	0	0
15	22070681	.	A	G	45	45	90	171	2	263	0	0
15	22130632	.	T	C	15	5	20	148	2	173	0	3
15	22133349	.	T	C	12	24	36	140	2	179	0	1
15	22140359	.	G	A	115	86	201	42	2	245	0	0
15	22140512	.	A	C	56	38	94	4	1	100	0	1
15	22145400	.	G	T	24	26	50	13	1	64	0	0
15	22145401	.	C	T	24	27	51	12	0	63	0	0
15	22147906	.	A	G	51	62	113	1	3	117	0	0
15	22148127	.	C	T	25	26	51	12	2	65	0	0
15	22148440	.	G	T	37	20	57	6	1	64	0	0
15	22148845	.	A	G	40	30	70	9	4	83	0	0
15	22152072	.	C	T	10	16	26	31	2	59	0	0
15	22297514	.	C	T	120	29	149	5	4	159	0	1
15	22297531	.	C	T	86	63	149	7	2	159	0	1
15	22297880	.	A	G	58	30	88	0	3	91	0	0
15	22298164	.	G	T	53	68	121	0	5	126	0	0
15	22298279	.	G	A	101	53	154	0	5	159	0	0
15	22298333	.	A	T	47	121	168	0	8	176	0	0
15	22298476	.	C	G	81	56	137	0	3	141	1	0
15	22298495	.	G	C	102	20	122	0	2	124	0	0
15	22298590	.	C	G	6	41	47	0	0	47	0	0
15	22298610	.	A	G	18	12	30	0	0	30	0	0
15	22318963	.	A	T	11	29	40	0	0	40	0	0
15	22319148	.	C	G	45	21	66	0	1	67	0	0
15	22319166	.	G	T	50	21	71	0	1	72	0	0
15	22319295	.	T	C	40	18	58	0	3	61	0	0
15	22319483	.	G	A	20	25	45	0	2	47	0	0
15	22319497	.	G	C	24	22	46	0	1	47	0	0
15	22319565	.	G	A	31	13	44	0	1	45	0	0
15	22319605	.	G	T	20	6	26	0	3	29	0	0
15	22332859	.	G	T	155	71	226	0	9	235	0	0
15	22333187	.	T	C	25	18	43	0	2	45	0	0
15	22344657	.	C	A	42	14	56	0	2	58	0	0
15	22344739	.	T	C	71	41	112	0	3	115	0	0
15	22345038	.	T	C	32	100	132	33	10	175	0	0
15	22345134	.	C	G	69	79	148	23	7	178	0	0
15	22345178	.	C	A	130	46	176	21	6	203	0	0
15	22345275	.	C	T	154	60	214	0	8	222	0	0
15	22345546	.	C	T	43	12	55	0	4	59	0	0
15	22368588	.	A	G	45	20	65	0	0	66	1	0
15	22368862	.	G	A	78	67	145	0	6	152	1	0
15	22368905	.	G	A	79	78	157	0	11	168	0	0
15	22369279	.	C	G	33	24	57	6	1	65	0	1
15	22382854	.	C	T	91	49	140	6	2	149	0	1
15	22382858	.	C	G	90	48	138	5	2	146	0	1
15	22382860	.	C	T	87	48	135	5	3	144	0	1
15	22382867	.	G	A	91	59	150	6	2	159	0	1
15	22383066	.	A	G	98	43	141	5	7	153	0	0
15	22383149	.	G	A	88	58	146	0	3	149	0	0
15	22383383	.	G	A	42	17	59	1	2	63	0	1
15	22383405	.	T	C	34	16	50	1	1	52	0	0
15	22383432	.	A	G	29	12	41	0	1	42	0	0
15	22413940	.	T	C	89	118	207	1	25	234	0	1
15	22414262	.	C	T	28	59	87	0	3	90	0	0
15	22440234	.	G	A	55	23	78	0	6	84	0	0
15	22440357	.	C	T	50	17	67	0	8	76	0	1
15	22440791	.	T	A	37	25	62	0	3	65	0	0
15	22440816	.	A	G	28	24	52	0	4	56	0	0
15	22448456	.	C	T	140	89	229	0	10	239	0	0
15	22449059	.	T	G	29	14	43	0	2	45	0	0
15	22466126	.	A	C	77	157	234	0	4	238	0	0
15	22466525	.	G	A	189	66	255	0	7	262	0	0
15	22466527	.	G	A	190	64	254	0	5	260	1	0
15	22473028	.	C	T	89	174	263	0	21	284	0	0
15	22473257	.	G	A	156	52	208	1	11	220	0	0
15	22482858	.	A	G	128	73	201	0	6	207	0	0
15	22483048	.	T	C	140	61	201	0	16	218	0	1
15	22483277	.	A	G	103	52	155	0	2	158	0	1
15	22483328	.	T	C	26	79	105	0	3	109	0	1
15	22490018	.	C	T	44	24	68	0	0	68	0	0
15	22546487	.	G	A	27	14	41	1	5	47	0	0
15	22546547	.	G	A	16	38	54	1	8	63	0	0
15	22566681	.	G	A	9	16	25	0	2	27	0	0
15	22566750	.	A	C	37	35	72	0	1	73	0	0
15	22567148	.	C	T	136	68	204	0	5	209	0	0
15	22570840	.	T	C	16	6	22	0	1	23	0	0
15	22646636	.	G	A	32	18	50	11	14	75	0	0
15	22646652	.	G	A	44	21	65	9	11	85	0	0
15	22647023	.	C	T	77	32	109	31	4	144	0	0
15	22647227	.	C	T	44	13	57	18	5	81	0	1
15	22647243	.	C	T	22	15	37	15	6	58	0	0
15	22647272	.	T	C	9	13	22	15	3	40	0	0
15	22657851	.	C	G	18	7	25	18	2	45	0	0
15	22691578	.	C	T	65	25	90	2	3	95	0	0
15	22691729	.	G	C	53	15	68	6	2	77	0	1
15	22691889	.	A	G	15	8	23	4	1	29	0	1
15	22692211	.	G	C	44	26	70	22	6	98	0	0
15	22692408	.	G	A	35	32	67	5	7	80	0	1
15	22705311	.	C	G	78	80	158	149	5	312	0	0
15	22709332	.	C	T	71	45	116	37	3	156	0	0
15	22709338	.	G	A	73	37	110	34	8	152	0	0
15	22709782	.	T	C	80	124	204	40	15	260	0	1
15	22711214	.	C	T	74	55	129	76	5	211	0	1
15	22751742	.	T	A	73	81	154	0	5	159	0	0
15	22751867	.	C	T	80	67	147	7	6	161	1	0
15	22782175	.	C	T	37	40	77	0	3	80	0	0
15	22782355	.	G	A	20	24	44	0	1	45	0	0
15	22784266	.	C	T	17	28	45	0	3	48	0	0
15	22789021	.	T	C	13	8	21	0	1	22	0	0
15	22789987	.	G	A	13	14	27	0	1	28	0	0
15	22845832	.	G	T	52	53	105	0	7	112	0	0
15	22845903	.	G	A	62	44	106	0	2	109	0	1
15	22850789	.	C	T	18	16	34	0	1	35	0	0
15	22851155	.	C	T	20	7	27	0	2	29	0	0
15	22855014	.	T	C	37	29	66	0	2	68	0	0
15	22869720	.	G	C	18	12	30	0	2	32	0	0
15	22869804	.	A	G	21	17	38	0	2	40	0	0
15	22873325	.	A	G	21	23	44	0	0	44	0	0
15	22921636	.	C	A	23	28	51	0	0	52	0	1
15	22925624	.	G	A	21	20	41	0	2	43	0	0
15	22928537	.	G	C	10	12	22	0	2	24	0	0
15	22929666	.	G	C	15	17	32	0	1	33	0	0
15	22929905	.	C	G	26	24	50	0	5	55	0	0
15	22933418	.	G	C	13	15	28	0	0	28	0	0
15	22933528	.	G	A	36	24	60	0	6	66	0	0
15	22933691	.	G	A	38	29	67	0	1	68	0	0
15	22946944	.	T	G	46	37	83	0	7	90	0	0
15	22956285	.	A	G	55	52	107	0	10	118	0	1
15	22958104	.	A	G	14	22	36	0	1	37	0	0
15	22960868	.	G	C	21	16	37	0	0	37	0	0
15	22960938	.	C	T	8	12	20	0	1	21	0	0
15	22969232	.	G	A	42	39	81	0	2	83	0	0
15	23000272	.	A	G	49	36	85	0	4	89	0	0
15	23006910	.	C	A	12	10	22	0	0	22	0	0
15	23021113	.	G	A	21	21	42	0	2	45	0	1
15	23047185	.	C	T	22	15	37	0	0	37	0	0
15	23060998	.	G	A	18	19	37	0	2	39	0	0
15	23097066	.	C	A	13	19	32	0	3	35	0	0
15	23097267	.	C	T	18	8	26	0	0	26	0	0
15	23097308	.	C	T	9	13	22	0	0	22	0	0
15	23098112	.	C	T	20	16	36	6	0	43	0	1
15	23098401	.	C	T	54	30	84	68	7	160	0	1
15	23098412	.	G	A	39	48	87	72	5	165	0	1
15	23098424	.	T	G	43	50	93	66	4	164	0	1
15	23098449	.	C	T	99	50	149	57	15	222	0	1
15	23098503	.	G	T	139	140	279	58	16	354	0	1
15	23098518	.	G	A	142	134	276	59	23	359	0	1
15	23098663	.	T	A	110	39	149	30	8	188	1	0
15	23098722	.	C	T	19	50	69	23	2	94	0	0
15	23098783	.	C	T	19	13	32	19	3	54	0	0
15	23101253	.	C	T	66	71	137	1	6	144	0	0
15	23101257	.	A	C	68	71	139	1	9	149	0	0
15	23101451	.	A	G	56	63	119	1	13	133	0	0
15	23101825	.	C	A	70	65	135	10	6	152	0	1
15	23102041	.	G	A	40	31	71	6	3	80	0	0
15	23102273	.	T	C	49	46	95	0	7	104	0	2
15	23102327	.	G	C	36	21	57	3	6	67	0	1
15	23102333	.	A	G	32	21	53	4	4	63	1	1
15	23102339	.	G	A	33	17	50	3	3	57	0	1
15	23103143	.	G	A	3	17	20	5	3	29	0	1
15	23103194	.	G	A	20	10	30	3	2	36	0	1
15	23103220	.	A	G	13	19	32	1	2	37	0	2
15	23103322	.	G	A	19	23	42	0	8	51	0	1
15	23103360	.	T	C	23	12	35	5	6	47	0	1
15	23103484	.	A	G	35	30	65	0	1	66	0	0
15	23103590	.	A	G	56	12	68	2	3	73	0	0
15	23103665	.	A	G	33	19	52	1	4	57	0	0
15	23103686	.	G	A	21	28	49	0	2	51	0	0
15	23103694	.	G	A	32	15	47	0	5	52	0	0
15	23103698	.	C	G	28	19	47	0	2	49	0	0
15	23103748	.	G	A	30	22	52	1	1	54	0	0
15	23103757	.	C	G	23	22	45	1	4	50	0	0
15	23103760	.	G	A	26	20	46	1	5	52	0	0
15	23103770	.	A	G	48	11	59	1	6	66	0	0
15	23103793	.	G	T	39	25	64	2	4	70	0	0
15	23104284	.	A	G	19	4	23	1	6	31	0	1
15	23104657	.	G	C	13	10	23	11	6	40	0	0
15	23104665	.	A	T	13	11	24	10	4	38	0	0
15	23104951	.	G	T	27	26	53	0	4	57	0	0
15	23105196	.	A	G	40	35	75	0	9	84	0	0
15	23106217	.	G	A	35	18	53	50	13	116	0	0
15	23108625	.	C	T	30	25	55	0	1	56	0	0
15	23114440	.	C	G	20	15	35	2	0	37	0	0
15	23138774	.	A	G	31	25	56	9	1	66	0	0
15	23139040	.	C	T	41	21	62	142	5	210	0	1
15	23140281	.	T	C	31	34	65	1	2	69	0	1
15	23140335	.	A	G	48	30	78	2	1	81	0	0
15	23145708	.	G	C	47	47	94	0	1	95	0	0
15	23181937	.	A	C	16	5	21	1	1	23	0	0
15	23196410	.	T	C	121	61	182	24	18	224	0	0
15	23196537	.	T	C	55	20	75	12	5	92	0	0
15	23200323	.	T	G	38	32	70	9	2	81	0	0
15	23200412	.	A	G	38	27	65	2	2	69	0	0
15	23200698	.	A	T	58	53	111	29	0	141	0	1
15	23201547	.	G	A	41	30	71	141	4	216	0	0
15	23201824	.	A	G	17	7	24	20	1	45	0	0
15	23205364	.	A	T	37	29	66	0	3	70	0	1
15	23258238	.	C	T	48	48	96	188	9	294	0	1
15	23260492	.	T	C	12	13	25	0	2	28	0	1
15	23260511	.	C	T	15	6	21	0	0	22	0	1
15	23260517	.	T	C	14	6	20	0	1	22	0	1
15	23260644	.	C	T	72	25	97	3	5	106	0	1
15	23260667	.	T	C	73	46	119	3	2	125	0	1
15	23261024	.	A	T	142	113	255	6	11	274	0	2
15	23261420	.	G	C	31	38	69	193	7	269	0	0
15	23261551	.	C	T	13	14	27	11	1	39	0	0
15	23261620	.	C	T	50	24	74	36	1	112	0	1
15	23261646	.	T	C	44	96	140	32	11	184	0	1
15	23261711	.	T	G	185	67	252	20	13	290	0	5
15	23262031	.	C	A	133	50	183	33	5	221	0	0
15	23262033	.	G	A	131	53	184	31	6	221	0	0
15	23262331	.	G	A	100	89	189	18	4	212	0	1
15	23262495	.	G	T	27	26	53	73	4	130	0	0
15	23263827	.	T	G	36	42	78	11	9	98	0	0
15	23264816	.	A	G	47	37	84	136	3	224	0	1
15	23264886	.	C	T	46	30	76	85	4	165	0	0
15	23265667	.	T	G	53	40	93	28	0	122	0	1
15	23266054	.	A	C	30	37	67	77	2	146	0	0
15	23266273	.	G	A	12	14	26	8	0	34	0	0
15	23282940	.	G	A	18	12	30	14	1	45	0	0
15	23283157	.	T	C	10	34	44	22	1	67	0	0
15	23286845	.	C	T	18	9	27	25	3	55	0	0
15	23287915	.	G	C	48	21	69	19	6	94	0	0
15	23287978	.	G	A	13	71	84	10	7	101	0	0
15	23293713	.	C	T	174	61	235	54	4	293	0	0
15	23298775	.	G	A	20	6	26	1	1	28	0	0
15	23298851	.	C	T	35	19	54	4	1	59	0	0
15	23299219	.	A	G	19	9	28	32	1	61	0	0
15	23300033	.	T	C	61	101	162	49	9	220	0	0
15	23300079	.	T	G	137	18	155	35	3	193	0	0
15	23300080	.	T	C	136	19	155	34	5	194	0	0
15	23302983	.	T	C	14	10	24	38	0	62	0	0
15	23311119	.	C	T	30	21	51	24	0	75	0	0
15	23311222	.	T	A	48	20	68	67	7	142	0	0
15	23311247	.	C	T	44	20	64	103	4	171	0	0
15	23311691	.	G	A	85	48	133	78	9	220	0	0
15	23315958	.	G	A	52	20	72	71	10	156	0	3
15	23353656	.	G	A	33	11	44	37	2	83	0	0
15	23377558	.	T	C	27	31	58	204	4	266	0	0
15	23411111	.	A	T	6	15	21	21	1	43	0	0
15	23441422	.	C	T	29	30	59	162	15	255	19	0
15	23467074	.	G	A	26	11	37	23	1	61	0	0
15	23468888	.	G	A	29	21	50	6	4	60	0	0
15	23470965	.	C	T	29	8	37	2	2	41	0	0
15	23470966	.	G	A	27	9	36	4	2	42	0	0
15	23478052	.	T	C	20	5	25	2	0	27	0	0
15	23478375	.	C	T	56	173	229	12	7	248	0	0
15	23478525	.	C	T	28	15	43	12	3	58	0	0
15	23572504	.	C	T	20	20	40	24	6	70	0	0
15	23572523	.	G	C	23	15	38	19	5	62	0	0
15	23603242	.	A	G	23	8	31	10	1	42	0	0
15	23603413	.	C	G	53	70	123	19	4	146	0	0
15	23608622	.	G	A	25	9	34	45	0	79	0	0
15	23608653	.	A	G	14	14	28	32	1	61	0	0
15	23608655	.	T	A	14	14	28	31	1	60	0	0
15	23608794	.	G	A	27	81	108	51	3	163	0	1
15	23608954	.	T	C	103	28	131	166	7	304	0	0
15	23609776	.	G	T	23	32	55	8	5	68	0	0
15	23683609	.	C	T	12	17	29	0	0	30	1	0
15	23685126	.	T	C	61	33	94	39	11	148	0	4
15	23685185	.	C	G	57	20	77	47	5	139	5	5
15	23685186	.	T	C	51	22	73	44	11	133	0	5
15	23685206	.	C	G	47	23	70	61	11	146	0	4
15	23685233	.	C	T	20	23	43	46	6	98	0	3
15	23685475	.	C	T	59	84	143	19	6	177	0	9
15	23685517	.	C	T	143	106	249	16	19	309	0	25
15	23685583	.	T	C	141	84	225	15	18	282	0	24
15	23685625	.	T	C	157	34	191	21	13	245	0	20
15	23685647	.	C	T	155	66	221	18	13	276	1	23
15	23685728	.	C	G	145	119	264	0	14	299	0	21
15	23685895	.	C	T	203	90	293	10	14	329	0	12
15	23686019	.	G	C	147	52	199	7	20	245	0	19
15	23686031	.	T	C	146	50	196	11	27	252	0	18
15	23686062	.	T	C	156	49	205	13	13	265	0	34
15	23686914	.	T	A	29	44	73	0	3	76	0	0
15	23687214	.	C	G	130	136	266	0	10	276	0	0
15	23687344	.	G	A	84	67	151	0	12	163	0	0
15	23687440	.	C	A	59	80	139	0	5	145	0	1
15	23687708	.	C	A	62	61	123	0	10	133	0	0
15	23688734	.	T	C	29	25	54	0	5	60	0	1
15	23689236	.	C	T	103	84	187	0	7	195	0	1
15	23689464	.	G	A	68	83	151	0	2	153	0	0
15	23690317	.	C	A	20	7	27	14	1	42	0	0
15	23690319	.	C	T	19	7	26	14	1	41	0	0
15	23690322	.	A	T	20	7	27	14	0	41	0	0
15	23690359	.	G	A	13	20	33	15	0	48	0	0
15	23690543	.	T	C	38	21	59	13	3	75	0	0
15	23855736	.	G	T	15	10	25	0	0	25	0	0
15	23891852	.	C	G	47	38	85	0	7	93	0	1
15	23892507	.	A	G	28	38	66	0	5	72	0	1
15	24921312	.	C	T	35	26	61	0	5	66	0	0
15	24921561	.	G	A	32	31	63	0	4	67	0	0
15	24921649	.	T	C	31	31	62	0	1	64	0	1
15	24923390	.	C	T	45	39	84	0	2	86	0	0
15	24924663	.	T	C	46	38	84	0	1	85	0	0
15	24925550	.	G	A	39	43	82	0	3	85	0	0
15	24925744	.	A	T	22	30	52	0	6	59	0	1
15	24926112	.	G	A	14	11	25	0	1	26	0	0
15	24926143	.	G	A	13	20	33	0	1	34	0	0
15	24927374	.	A	G	26	24	50	0	1	51	0	0
15	24927478	.	G	T	21	17	38	0	0	38	0	0
15	24927685	.	A	G	32	29	61	0	2	63	0	0
15	24927773	.	C	T	28	23	51	0	2	53	0	0
15	25231983	.	T	G	15	15	30	0	3	33	0	0
15	25287270	.	T	C	51	36	87	1	2	90	0	0
15	25307562	.	A	G	52	53	105	1	3	109	0	0
15	25310440	.	A	G	12	8	20	0	1	21	0	0
15	25330550	.	T	A	60	84	144	0	6	151	0	1
15	25415759	.	G	A	18	16	34	0	5	40	0	1
15	25496043	.	G	A	44	52	96	0	2	98	0	0
15	25523564	.	C	T	58	42	100	6	11	117	0	0
15	25523705	.	C	T	23	15	38	0	0	38	0	0
15	25602024	.	T	C	38	39	77	0	0	77	0	0
15	25620512	.	T	C	22	25	47	0	3	50	0	0
15	25924539	.	T	C	18	20	38	0	3	41	0	0
15	25924798	.	G	A	27	25	52	0	4	56	0	0
15	25925752	.	C	T	9	11	20	0	3	23	0	0
15	25925933	.	C	A	50	39	89	0	6	95	0	0
15	25926179	.	C	T	32	32	64	0	7	71	0	0
15	25928358	.	G	A	14	16	30	0	1	31	0	0
15	25932990	.	G	T	24	28	52	0	2	54	0	0
15	25947096	.	G	A	51	73	124	0	2	126	0	0
15	25947398	.	G	A	16	10	26	0	3	29	0	0
15	25963632	.	C	T	13	27	40	0	9	49	0	0
15	25971153	.	G	A	23	27	50	0	4	54	0	0
15	25981177	.	C	A	44	51	95	0	7	102	0	0
15	25981190	.	A	G	55	47	102	0	7	109	0	0
15	25981367	.	C	T	17	12	29	0	4	33	0	0
15	25981436	.	A	C	10	10	20	0	1	21	0	0
15	26026139	.	A	G	47	42	89	0	4	93	0	0
15	26260477	.	T	C	9	15	24	0	3	27	0	0
15	27128254	.	A	G	25	19	44	0	2	46	0	0
15	27188335	.	T	A	16	19	35	0	2	37	0	0
15	27188673	.	G	A	14	6	20	0	1	21	0	0
15	27272999	.	C	T	7	13	20	0	2	22	0	0
15	27571843	.	T	C	21	15	36	0	3	39	0	0
15	27572192	.	G	A	46	32	78	0	1	79	0	0
15	27572329	.	A	C	14	19	33	0	0	33	0	0
15	27573899	.	C	A	30	35	65	0	3	68	0	0
15	27573968	.	T	C	58	48	106	0	4	110	0	0
15	27574116	.	T	C	50	43	93	0	4	97	0	0
15	27725673	.	T	A	8	12	20	0	0	20	0	0
15	27772676	.	C	T	70	63	133	0	2	135	0	0
15	27777751	.	T	C	75	65	140	0	6	147	0	1
15	27890683	.	G	T	18	16	34	0	0	34	0	0
15	28000484	.	T	C	33	29	62	0	5	67	0	0
15	28096453	.	A	G	22	17	39	0	2	41	0	0
15	28096538	.	A	G	28	16	44	0	2	46	0	0
15	28141304	.	G	A	24	20	44	0	2	46	0	0
15	28141382	.	G	A	18	20	38	0	1	39	0	0
15	28141506	.	C	T	16	15	31	0	0	31	0	0
15	28196821	.	T	C	15	16	31	0	1	32	0	0
15	28200408	.	T	C	6	19	25	0	0	25	0	0
15	28202625	.	C	A	29	22	51	0	2	53	0	0
15	28211921	.	G	A	32	19	51	0	2	53	0	0
15	28231793	.	T	C	25	27	52	0	2	54	0	0
15	28235735	.	G	A	13	17	30	0	0	30	0	0
15	28259863	.	A	G	16	6	22	0	0	22	0	0
15	28269842	.	C	T	9	17	26	0	1	27	0	0
15	28356349	.	G	A	11	11	22	0	2	24	0	0
15	28358740	.	G	A	23	18	41	0	3	45	0	1
15	28360659	.	G	A	44	19	63	0	11	74	0	0
15	28362029	.	G	A	17	18	35	0	0	35	0	0
15	28362395	.	G	A	32	24	56	0	5	61	0	0
15	28387408	.	C	T	77	65	142	5	2	149	0	0
15	28387731	.	C	T	28	16	44	2	0	46	0	0
15	28388194	.	C	T	17	15	32	0	3	35	0	0
15	28389880	.	G	A	41	26	67	0	5	72	0	0
15	28397812	.	A	G	23	26	49	0	3	52	0	0
15	28397813	.	G	A	27	23	50	0	2	52	0	0
15	28413571	.	T	C	37	32	69	0	1	70	0	0
15	28414492	.	T	A	19	13	32	0	1	33	0	0
15	28419330	.	T	C	24	15	39	0	0	39	0	0
15	28419393	.	A	C	23	29	52	1	5	58	0	0
15	28420614	.	C	T	65	50	115	2	8	125	0	0
15	28422471	.	C	G	15	13	28	0	0	28	0	0
15	28424100	.	C	T	22	22	44	0	2	46	0	0
15	28436236	.	C	T	33	45	78	0	5	83	0	0
15	28441111	.	T	C	47	30	77	0	3	80	0	0
15	28443719	.	A	G	120	121	241	0	5	247	0	1
15	28447234	.	G	A	32	23	55	40	7	103	1	0
15	28447322	.	C	T	30	42	72	48	8	128	0	0
15	28447562	.	A	G	68	18	86	41	8	135	0	0
15	28451108	.	G	A	27	12	39	2	0	41	0	0
15	28451161	.	T	C	12	36	48	15	0	63	0	0
15	28456003	.	A	C	33	18	51	22	1	74	0	0
15	28459709	.	C	A	58	44	102	1	11	114	0	0
15	28463417	.	C	T	12	10	22	3	2	27	0	0
15	28463465	.	G	A	16	12	28	4	3	35	0	0
15	28463496	.	C	T	11	26	37	7	3	47	0	0
15	28464920	.	C	T	10	11	21	0	3	24	0	0
15	28466953	.	A	G	26	22	48	6	5	59	0	0
15	28467557	.	A	C	11	15	26	4	1	31	0	0
15	28468935	.	C	T	14	17	31	0	3	34	0	0
15	28473987	.	T	C	12	11	23	0	0	23	0	0
15	28474016	.	C	T	15	10	25	0	1	26	0	0
15	28474182	.	T	C	21	31	52	0	0	52	0	0
15	28483543	.	C	T	46	50	96	0	3	99	0	0
15	28485069	.	G	A	66	69	135	0	2	138	1	0
15	28493688	.	A	T	31	21	52	0	0	52	0	0
15	28502462	.	C	T	27	26	53	0	3	56	0	0
15	28510912	.	G	A	31	40	71	0	6	77	0	0
15	28515709	.	G	A	40	25	65	3	6	74	0	0
15	28517133	.	A	C	22	5	27	1	0	28	0	0
15	28517151	.	T	C	27	9	36	1	1	38	0	0
15	28517170	.	A	G	34	13	47	0	0	47	0	0
15	28517172	.	T	C	32	13	45	0	2	47	0	0
15	28517175	.	T	G	35	12	47	0	1	48	0	0
15	28517184	.	C	T	39	14	53	0	1	55	1	0
15	28517185	.	G	A	33	20	53	0	3	56	0	0
15	28517207	.	A	G	40	15	55	0	6	61	0	0
15	28517240	.	A	G	45	18	63	2	1	66	0	0
15	28517258	.	C	G	46	21	67	2	2	71	0	0
15	28517261	.	G	A	43	20	63	3	6	72	0	0
15	28517282	.	T	G	55	15	70	3	3	77	0	1
15	28517283	.	G	C	54	15	69	3	3	76	0	1
15	28517287	.	T	A	57	18	75	3	2	81	0	1
15	28517291	.	T	C	58	21	79	3	1	84	0	1
15	28517295	.	A	G	53	24	77	3	3	84	0	1
15	28517303	.	T	G	60	28	88	3	1	94	1	1
15	28517305	.	T	A	61	28	89	3	1	95	0	2
15	28517310	.	G	A	57	32	89	3	2	97	0	3
15	28517436	.	T	C	92	63	155	0	9	173	0	9
15	28517539	.	G	A	53	23	76	7	1	85	1	0
15	28517546	.	G	C	47	17	64	8	1	73	0	0
15	28517859	.	C	A	35	21	56	1	0	57	0	0
15	28517922	.	C	T	57	24	81	2	3	86	0	0
15	28517931	.	T	C	57	20	77	2	6	85	0	0
15	28517938	.	T	C	62	20	82	3	4	89	0	0
15	28517946	.	G	A	61	19	80	3	7	90	0	0
15	28518046	.	G	A	135	35	170	14	11	196	1	0
15	28518102	.	C	T	155	45	200	16	6	222	0	0
15	28518112	.	C	A	156	37	193	14	6	213	0	0
15	28518126	.	G	A	151	29	180	16	7	203	0	0
15	28518130	.	G	C	150	28	178	16	7	201	0	0
15	28518179	.	A	G	133	27	160	14	11	185	0	0
15	28518184	.	A	G	130	28	158	12	12	182	0	0
15	28518217	.	C	G	110	35	145	8	4	157	0	0
15	28518228	.	A	G	98	32	130	7	4	141	0	0
15	28518234	.	C	T	93	29	122	7	6	135	0	0
15	28518244	.	A	C	91	23	114	7	2	123	0	0
15	28518259	.	T	C	68	23	91	3	5	99	0	0
15	28518272	.	G	A	67	17	84	3	4	91	0	0
15	28537830	.	G	C	22	25	47	0	1	48	0	0
15	28538378	.	G	A	17	7	24	0	3	27	0	0
15	28566273	.	T	C	59	28	87	2	1	90	0	0
15	28566300	.	G	A	82	36	118	2	4	124	0	0
15	28579531	.	G	C	15	5	20	2	0	22	0	0
15	28588734	.	C	T	22	35	57	61	3	121	0	0
15	28625152	.	C	T	14	7	21	4	1	26	0	0
15	28632760	.	G	A	27	50	77	250	5	339	0	7
15	28632854	.	A	C	158	93	251	119	10	382	0	2
15	28700015	.	G	A	14	10	24	33	0	57	0	0
15	28702686	.	C	T	28	22	50	0	1	51	0	0
15	28702689	.	C	T	41	12	53	0	1	54	0	0
15	28702719	.	G	T	68	26	94	0	17	111	0	0
15	28702966	.	G	A	123	30	153	0	8	161	0	0
15	28703003	.	G	A	84	31	115	0	10	125	0	0
15	28703004	.	C	A	83	31	114	0	9	123	0	0
15	28769168	.	C	T	62	79	141	193	6	342	0	2
15	28769265	.	T	C	36	35	71	139	6	218	0	2
15	28894038	.	A	C	3	72	75	82	2	159	0	0
15	28899515	.	G	A	33	27	60	66	5	132	0	1
15	28899528	.	T	C	45	23	68	85	2	155	0	0
15	28927138	.	C	T	9	38	47	65	2	114	0	0
15	28929529	.	G	A	6	21	27	25	2	54	0	0
15	28943048	.	T	A	22	9	31	6	0	37	0	0
15	28946434	.	A	G	24	9	33	9	1	43	0	0
15	28946449	.	A	G	24	9	33	13	1	47	0	0
15	28946679	.	C	T	16	14	30	69	0	99	0	0
15	28946761	.	T	A	36	28	64	58	3	126	0	1
15	28947307	.	C	T	91	77	168	74	9	251	0	0
15	28947426	.	A	G	69	35	104	65	5	174	0	0
15	28947674	.	G	A	64	45	109	29	4	142	0	0
15	28947844	.	A	C	120	40	160	29	7	197	0	1
15	28949126	.	A	C	130	31	161	64	11	236	0	0
15	28949176	.	A	C	98	27	125	41	6	172	0	0
15	28949194	.	T	C	106	23	129	27	5	161	0	0
15	28949586	.	T	C	32	24	56	11	3	71	0	1
15	28950362	.	G	A	96	67	163	111	2	276	0	0
15	28953403	.	G	A	90	65	155	138	10	304	0	1
15	28953412	.	C	T	94	87	181	111	4	297	0	1
15	28954976	.	A	C	55	36	91	31	0	122	0	0
15	28957110	.	A	G	26	21	47	7	0	54	0	0
15	28957311	.	T	A	63	44	107	32	15	154	0	0
15	28957500	.	C	T	47	46	93	170	11	274	0	0
15	28957582	.	G	T	65	55	120	75	7	202	0	0
15	28957798	.	A	G	12	8	20	30	0	50	0	0
15	28963306	.	A	G	17	6	23	9	1	33	0	0
15	28964866	.	T	G	25	9	34	15	0	49	0	0
15	28996719	.	A	G	13	19	32	98	1	131	0	0
15	29046518	.	C	A	84	77	161	4	1	166	0	0
15	29050002	.	C	T	49	53	102	10	3	115	0	0
15	29050180	.	T	G	20	29	49	7	1	57	0	0
15	29060499	.	A	C	72	58	130	16	3	150	0	1
15	29060628	.	A	G	83	44	127	9	4	142	0	2
15	29078483	.	C	G	80	63	143	10	4	159	2	0
15	29086497	.	C	T	30	11	41	48	9	98	0	0
15	29086895	.	T	C	46	39	85	23	1	109	0	0
15	29087324	.	G	A	23	22	45	1	0	46	0	0
15	29087411	.	G	A	30	22	52	0	3	56	0	1
15	29087875	.	T	C	26	6	32	18	8	58	0	0
15	29087877	.	C	T	18	11	29	19	11	59	0	0
15	29088225	.	C	T	42	21	63	11	8	82	0	0
15	29088268	.	C	G	9	42	51	29	1	81	0	0
15	29088517	.	G	A	17	9	26	19	2	47	0	0
15	29088535	.	G	A	24	12	36	13	0	49	0	0
15	29089112	.	G	A	63	44	107	5	2	114	0	0
15	29090572	.	G	A	34	44	78	16	3	97	0	0
15	29091432	.	T	C	119	44	163	23	9	195	0	0
15	29091536	.	T	G	65	17	82	7	5	94	0	0
15	29092038	.	G	A	18	13	31	25	0	56	0	0
15	29092042	.	G	A	17	13	30	27	0	57	0	0
15	29092219	.	C	T	16	16	32	54	7	94	0	1
15	29092234	.	C	A	11	14	25	53	5	83	0	0
15	29092358	.	T	G	29	10	39	49	1	89	0	0
15	29093249	.	G	A	5	21	26	3	0	29	0	0
15	29093437	.	G	A	14	10	24	0	2	26	0	0
15	29093483	.	G	T	12	11	23	0	1	24	0	0
15	29345903	.	G	A	13	7	20	0	3	23	0	0
15	29346074	.	T	C	38	21	59	0	4	63	0	0
15	29346348	.	C	T	42	40	82	0	5	87	0	0
15	29386298	.	G	A	21	29	50	0	2	52	0	0
15	29386472	.	T	C	58	77	135	0	2	137	0	0
15	29386593	.	G	A	55	53	108	0	2	110	0	0
15	29390858	.	G	A	19	13	32	0	2	34	0	0
15	29394009	.	C	T	27	29	56	0	4	60	0	0
15	29397484	.	G	A	11	13	24	0	3	28	0	1
15	29398781	.	C	T	26	17	43	0	3	46	0	0
15	29398990	.	C	T	26	32	58	0	4	62	0	0
15	29400660	.	G	A	23	18	41	0	1	42	0	0
15	29410238	.	A	G	18	21	39	0	3	42	0	0
15	29415560	.	G	A	38	43	81	0	4	86	0	1
15	29418520	.	C	T	21	46	67	0	0	67	0	0
15	29418573	.	A	G	27	28	55	0	0	55	0	0
15	29418574	.	T	C	27	27	54	0	1	55	0	0
15	29418745	.	G	T	12	16	28	0	1	29	0	0
15	29429088	.	G	A	10	18	28	0	1	29	0	0
15	29429096	.	C	T	11	21	32	0	0	32	0	0
15	29429143	.	C	T	24	23	47	0	3	50	0	0
15	29443857	.	A	C	22	20	42	0	2	44	0	0
15	29443949	.	A	G	45	33	78	0	2	80	0	0
15	29444078	.	A	G	69	43	112	0	4	116	0	0
15	29444156	.	T	C	56	36	92	0	2	94	0	0
15	29527100	.	T	C	35	43	78	0	2	80	0	0
15	29561291	.	C	T	40	34	74	0	4	78	0	0
15	29672711	.	C	T	33	49	82	0	1	83	0	0
15	29673889	.	G	A	12	9	21	0	1	22	0	0
15	30297939	.	C	T	18	22	40	0	4	44	0	0
15	30384760	.	G	A	6	55	61	186	1	249	0	1
15	30385632	.	A	C	68	55	123	157	13	293	0	0
15	30428708	.	A	C	48	38	86	6	1	93	0	0
15	30428733	.	C	T	56	45	101	12	2	115	0	0
15	30434909	.	G	A	16	10	26	9	0	35	0	0
15	30445395	.	C	G	17	15	32	166	1	199	0	0
15	30516531	.	A	G	125	70	195	12	8	215	0	0
15	30675294	.	T	A	14	8	22	43	2	67	0	0
15	30675718	.	A	T	28	11	39	32	0	71	0	0
15	30695247	.	G	A	13	11	24	20	2	47	0	1
15	30697737	.	C	T	22	21	43	82	1	126	0	0
15	30699639	.	A	C	14	38	52	466	8	526	0	0
15	30700263	.	T	C	89	140	229	34	18	281	0	0
15	30700278	.	C	T	80	88	168	35	17	220	0	0
15	30712653	.	C	T	8	40	48	27	2	77	0	0
15	30770870	.	G	A	63	7	70	68	2	140	0	0
15	30771310	.	A	C	34	15	49	53	0	103	0	1
15	30773110	.	A	G	58	7	65	48	0	114	1	0
15	30804890	.	T	G	27	25	52	212	2	266	0	0
15	30808027	.	G	A	12	10	22	2	0	24	0	0
15	30808043	.	A	G	14	9	23	3	0	26	0	0
15	30808594	.	T	G	82	86	168	58	6	232	0	0
15	30814103	.	C	T	24	4	28	9	3	40	0	0
15	30814214	.	T	C	9	20	29	32	3	64	0	0
15	30814371	.	T	A	39	31	70	81	6	158	0	1
15	30848864	.	G	C	107	57	164	276	3	443	0	0
15	30878132	.	G	A	122	47	169	18	3	190	0	0
15	30888946	.	T	A	47	49	96	84	2	182	0	0
15	30898293	.	C	T	50	35	85	30	10	126	0	1
15	30898332	.	C	T	50	29	79	11	8	99	0	1
15	30898630	.	C	A	23	9	32	8	2	43	0	1
15	30900623	.	G	T	122	80	202	227	8	437	0	0
15	30900873	.	T	C	138	39	177	24	7	208	0	0
15	30901253	.	C	G	31	9	40	6	0	46	0	0
15	30904731	.	T	C	99	22	121	60	3	184	0	0
15	30906259	.	G	T	18	31	49	60	7	116	0	0
15	30907163	.	C	G	47	45	92	14	2	109	0	1
15	30907478	.	A	G	27	11	38	28	0	66	0	0
15	30919150	.	G	C	41	33	74	26	5	105	0	0
15	30925569	.	A	T	35	26	61	0	0	62	0	1
15	30927867	.	A	G	48	33	81	8	1	90	0	0
15	31042511	.	C	T	15	22	37	141	3	181	0	0
15	31083568	.	A	G	33	28	61	0	6	67	0	0
15	31084353	.	T	C	10	14	24	0	1	26	0	1
15	31084360	.	A	G	10	17	27	0	1	29	0	1
15	31087617	.	G	A	68	68	136	0	7	143	0	0
15	31088443	.	T	C	46	72	118	0	4	122	0	0
15	31089526	.	A	G	96	88	184	0	7	191	0	0
15	31090221	.	C	T	47	50	97	0	6	104	1	0
15	31090389	.	G	A	104	89	193	0	9	203	0	1
15	31090601	.	T	C	97	126	223	0	34	258	1	0
15	31092207	.	T	C	88	51	139	23	8	170	0	0
15	31092771	.	C	G	88	22	110	40	12	162	0	0
15	31093473	.	T	C	109	24	133	14	2	150	0	1
15	31093497	.	T	G	106	47	153	16	8	178	0	1
15	31105129	.	T	C	18	12	30	2	2	34	0	0
15	31107736	.	G	A	52	45	97	41	6	144	0	0
15	31108980	.	A	C	29	26	55	0	4	59	0	0
15	31110149	.	T	C	40	10	50	3	6	60	0	1
15	31110448	.	T	G	22	13	35	7	2	45	0	1
15	31110479	.	G	A	22	5	27	8	0	36	0	1
15	31115709	.	G	C	16	14	30	1	1	32	0	0
15	31116800	.	C	T	9	17	26	0	0	26	0	0
15	31117403	.	T	C	20	16	36	0	1	37	0	0
15	31119800	.	G	A	11	12	23	0	3	26	0	0
15	31119861	.	G	A	10	12	22	0	4	26	0	0
15	31127554	.	C	T	14	7	21	0	2	23	0	0
15	31129037	.	G	A	75	77	152	3	8	163	0	0
15	31175269	.	C	T	33	29	62	0	3	65	0	0
15	31192606	.	C	G	47	38	85	0	3	88	0	0
15	31198043	.	A	G	29	45	74	0	2	76	0	0
15	31210210	.	T	G	25	16	41	0	1	42	0	0
15	31210212	.	G	A	24	16	40	0	3	43	0	0
15	31212684	.	G	C	20	31	51	0	1	53	1	0
15	31214385	.	G	A	101	71	172	0	9	182	0	1
15	31217428	.	G	C	38	42	80	0	4	84	0	0
15	31217738	.	C	T	12	12	24	0	2	26	0	0
15	31217792	.	C	G	14	16	30	0	1	31	0	0
15	31218164	.	T	C	27	21	48	0	4	52	0	0
15	31234981	.	G	A	29	17	46	0	2	48	0	0
15	31235005	.	G	C	38	20	58	0	1	59	0	0
15	31238783	.	T	C	19	21	40	0	0	40	0	0
15	31244083	.	T	G	18	18	36	0	2	38	0	0
15	31294965	.	G	A	29	28	57	0	2	59	0	0
15	31329755	.	T	C	16	21	37	0	0	37	0	0
15	31339151	.	A	C	11	13	24	0	3	27	0	0
15	31341516	.	C	T	19	22	41	0	2	43	0	0
15	31342345	.	A	G	13	11	24	0	1	25	0	0
15	31342448	.	C	T	23	23	46	0	3	49	0	0
15	31342744	.	C	T	42	32	74	0	4	78	0	0
15	31354712	.	G	C	20	15	35	0	1	37	0	1
15	31355276	.	G	C	15	17	32	0	3	35	0	0
15	31357138	.	A	G	13	9	22	0	3	25	0	0
15	31358253	.	G	T	65	69	134	0	3	137	0	0
15	31358530	.	G	A	14	21	35	0	1	36	0	0
15	31359552	.	C	T	17	16	33	0	0	33	0	0
15	31362352	.	C	T	29	27	56	0	2	58	0	0
15	31362494	.	A	G	18	19	37	0	3	40	0	0
15	31369258	.	C	T	15	13	28	0	1	29	0	0
15	31369417	.	C	T	18	21	39	0	2	41	0	0
15	31668584	.	G	A	12	8	20	0	0	20	0	0
15	31670148	.	C	T	16	12	28	0	2	30	0	0
15	31776469	.	C	T	35	25	60	0	4	64	0	0
15	31818380	.	G	A	19	16	35	0	2	37	0	0
15	31818392	.	C	T	21	16	37	0	3	40	0	0
15	31818432	.	T	G	27	27	54	0	3	57	0	0
15	31823062	.	C	G	22	18	40	0	3	43	0	0
15	31862448	.	C	T	15	12	27	0	2	29	0	0
15	31966816	.	G	A	14	10	24	3	2	29	0	0
15	31966829	.	T	C	20	13	33	3	0	36	0	0
15	31966860	.	G	A	28	21	49	2	2	53	0	0
15	31966954	.	C	A	34	37	71	1	3	75	0	0
15	31967070	.	G	A	20	15	35	0	4	39	0	0
15	31967158	.	G	A	14	8	22	0	0	22	0	0
15	32060300	.	T	G	40	32	72	0	3	75	0	0
15	32404228	.	G	A	11	17	28	0	1	29	0	0
15	32404235	.	C	T	12	17	29	0	1	30	0	0
15	32460419	.	C	T	50	42	92	174	8	274	0	0
15	32606130	.	G	A	43	31	74	42	8	124	0	0
15	32606229	.	C	G	87	43	130	18	12	161	0	1
15	32678051	.	G	T	50	31	81	187	3	271	0	0
15	32678833	.	C	G	21	10	31	11	3	45	0	0
15	32679490	.	G	C	4	18	22	20	2	44	0	0
15	32679550	.	T	C	48	10	58	17	2	77	0	0
15	32687182	.	G	A	117	65	182	128	8	319	0	1
15	32693764	.	C	G	6	68	74	106	1	181	0	0
15	32693880	.	A	C	17	7	24	34	3	61	0	0
15	32711503	.	C	T	66	56	122	24	2	148	0	0
15	32720293	.	G	C	64	23	87	10	2	101	0	2
15	32720300	.	G	A	64	23	87	19	2	110	0	2
15	32729429	.	C	A	12	23	35	20	1	56	0	0
15	32732127	.	G	A	21	12	33	11	2	46	0	0
15	32777439	.	A	G	26	5	31	7	0	38	0	0
15	32777489	.	C	T	13	23	36	32	3	72	0	1
15	32777699	.	A	T	39	69	108	80	11	202	0	3
15	32777844	.	G	C	43	14	57	35	1	94	1	0
15	32784082	.	T	G	15	12	27	0	0	28	0	1
15	32786929	.	T	G	27	23	50	27	2	79	0	0
15	32815321	.	C	T	48	27	75	59	5	139	0	0
15	32818986	.	T	A	65	15	80	54	1	135	0	0
15	32885463	.	C	G	16	11	27	41	3	71	0	0
15	32885731	.	C	A	106	196	302	85	20	409	0	2
15	32885913	.	A	T	45	36	81	75	5	161	0	0
15	32984196	.	A	G	20	18	38	0	1	39	0	0
15	33024022	.	G	A	44	40	84	0	3	87	0	0
15	33024345	.	G	A	26	24	50	0	1	51	0	0
15	33025036	.	C	G	94	94	188	0	5	194	0	1
15	33025214	.	G	A	53	45	98	0	3	102	0	1
15	33026414	.	G	A	39	21	60	0	1	61	0	0
15	33026734	.	G	C	48	59	107	0	4	111	0	0
15	33091079	.	A	G	52	43	95	0	3	98	0	0
15	33149059	.	C	T	15	14	29	0	0	30	0	1
15	33256219	.	C	T	35	25	60	0	2	62	0	0
15	33256221	.	C	T	35	26	61	0	2	63	0	0
15	33261528	.	C	T	78	60	138	0	7	145	0	0
15	33315403	.	G	T	25	28	53	0	1	56	0	2
15	33357262	.	A	G	43	62	105	0	4	109	0	0
15	33359574	.	C	A	37	40	77	0	3	80	0	0
15	33380491	.	G	A	51	33	84	0	0	84	0	0
15	33411453	.	C	T	35	23	58	0	1	60	0	1
15	33537627	.	C	G	24	26	50	0	2	52	0	0
15	33757867	.	T	C	79	53	132	0	6	138	0	0
15	33795971	.	T	C	37	41	78	0	3	81	0	0
15	33842222	.	C	G	7	15	22	0	0	22	0	0
15	33842260	.	G	A	18	20	38	0	0	38	0	0
15	33858935	.	G	A	51	57	108	0	7	115	0	0
15	33872143	.	A	G	19	15	34	0	2	36	0	0
15	33872177	.	C	T	18	25	43	0	1	44	0	0
15	33873656	.	A	G	23	14	37	0	4	41	0	0
15	33873657	.	C	T	23	14	37	0	2	39	0	0
15	33873751	.	G	A	41	38	79	0	3	82	0	0
15	33873901	.	C	T	19	17	36	0	1	37	0	0
15	33876517	.	A	G	15	16	31	0	2	33	0	0
15	33876543	.	C	T	11	17	28	0	2	30	0	0
15	33878078	.	T	C	31	32	63	0	2	65	0	0
15	33893484	.	C	T	65	68	133	0	5	138	0	0
15	33916152	.	T	A	23	18	41	0	1	42	0	0
15	33925062	.	G	A	18	16	34	0	3	37	0	0
15	33926996	.	A	T	18	17	35	0	1	36	0	0
15	33928785	.	A	G	15	24	39	0	5	44	0	0
15	33939495	.	C	T	18	18	36	0	1	37	0	0
15	33954652	.	C	T	19	30	49	0	2	51	0	0
15	33962559	.	G	C	83	68	151	0	4	155	0	0
15	33988701	.	T	C	29	26	55	0	3	58	0	0
15	33992087	.	C	G	27	17	44	0	3	47	0	0
15	33993320	.	G	A	35	41	76	0	2	79	0	1
15	33993337	.	A	G	36	28	64	0	4	69	0	1
15	33993409	.	T	C	25	12	37	0	2	39	0	0
15	33993413	.	A	G	23	12	35	0	1	36	0	0
15	34018531	.	G	A	26	40	66	0	7	73	0	0
15	34020914	.	T	G	18	10	28	0	2	31	0	1
15	34032131	.	G	A	52	40	92	0	2	94	0	0
15	34032225	.	G	C	34	30	64	0	1	65	0	0
15	34034343	.	A	G	9	12	21	0	0	21	0	0
15	34034421	.	C	T	22	19	41	0	1	42	0	0
15	34040594	.	C	A	24	25	49	0	1	50	0	0
15	34060740	.	C	T	39	43	82	0	2	84	0	0
15	34099881	.	G	A	41	28	69	0	4	73	0	0
15	34113397	.	C	G	15	12	27	0	1	28	0	0
15	34118645	.	G	A	26	29	55	0	2	58	1	0
15	34128975	.	T	C	34	33	67	0	1	68	0	0
15	34129357	.	C	T	10	14	24	0	1	26	0	1
15	34130739	.	C	G	44	47	91	0	2	93	0	0
15	34133130	.	A	G	18	14	32	0	0	32	0	0
15	34135826	.	G	A	29	28	57	0	1	58	0	0
15	34136971	.	T	C	23	26	49	0	2	51	0	0
15	34146922	.	C	T	21	25	46	0	1	47	0	0
15	34152874	.	A	G	35	29	64	0	1	65	0	0
15	34153204	.	G	A	49	34	83	0	3	86	0	0
15	34157953	.	G	A	21	15	36	0	0	36	0	0
15	34356152	.	G	A	31	44	75	0	2	77	0	0
15	34356988	.	G	A	37	56	93	0	4	97	0	0
15	34357259	.	T	A	33	41	74	0	2	77	0	1
15	34393927	.	C	T	23	25	48	0	5	53	0	0
15	34517842	.	G	C	59	47	106	0	4	110	0	0
15	34520117	.	C	T	16	16	32	0	3	35	0	0
15	34520158	.	T	C	14	11	25	0	0	25	0	0
15	34521940	.	C	A	32	34	66	0	3	69	0	0
15	34522721	.	T	C	12	15	27	0	0	27	0	0
15	34522926	.	G	C	22	33	55	0	1	56	0	0
15	34529629	.	C	T	94	72	166	0	5	171	0	0
15	34533118	.	G	A	12	14	26	0	0	26	0	0
15	34542395	.	G	A	16	7	23	0	2	25	0	0
15	34551082	.	G	A	64	75	139	0	4	143	0	0
15	34553220	.	G	A	32	18	50	0	3	53	0	0
15	34611108	.	G	T	17	14	31	0	3	35	0	1
15	34618138	.	T	A	39	25	64	0	3	67	0	0
15	34634033	.	A	G	31	21	52	0	1	53	0	0
15	34634124	.	C	G	49	37	86	0	4	90	0	0
15	34634138	.	G	A	53	38	91	0	3	95	0	1
15	34634139	.	T	C	51	39	90	0	6	97	0	1
15	34638030	.	C	T	9	12	21	0	1	22	0	0
15	34638198	.	A	G	31	24	55	0	4	59	0	0
15	34638342	.	G	T	17	18	35	0	3	38	0	0
15	34642727	.	G	C	14	8	22	0	3	25	0	0
15	34647812	.	C	T	17	19	36	0	2	38	0	0
15	34647819	.	G	A	19	15	34	0	2	36	0	0
15	34651587	.	C	T	14	21	35	0	0	35	0	0
15	34651983	.	T	C	32	26	58	0	3	61	0	0
15	34654269	.	T	C	22	14	36	0	0	36	0	0
15	34674048	.	G	A	15	10	25	49	1	76	0	1
15	34698106	.	G	A	32	12	44	30	4	78	0	0
15	34781238	.	G	T	12	15	27	0	1	28	0	0
15	34781272	.	A	T	13	14	27	0	1	29	0	1
15	34781807	.	T	A	30	21	51	0	1	52	0	0
15	34781815	.	C	T	26	20	46	0	1	47	0	0
15	34787280	.	T	G	13	13	26	0	2	28	0	0
15	34787665	.	G	A	16	28	44	0	2	47	0	1
15	34805789	.	C	G	118	116	234	0	9	243	0	0
15	34806974	.	C	G	25	23	48	0	0	48	0	0
15	34812645	.	C	T	35	39	74	0	2	76	0	0
15	34813004	.	C	T	96	84	180	0	8	188	0	0
15	34813525	.	G	A	25	27	52	1	4	57	0	0
15	34813580	.	G	A	28	19	47	5	4	57	0	1
15	34813601	.	G	A	19	28	47	13	3	64	0	1
15	34814441	.	T	C	16	5	21	1	2	24	0	0
15	34814479	.	T	C	27	6	33	2	2	37	0	0
15	34815394	.	C	T	33	10	43	10	1	54	0	0
15	34815501	.	T	C	7	17	24	35	2	61	0	0
15	34815523	.	G	A	7	15	22	35	1	58	0	0
15	34817321	.	T	G	11	14	25	0	0	25	0	0
15	34818124	.	A	C	13	13	26	2	0	28	0	0
15	34818128	.	A	G	13	13	26	2	0	28	0	0
15	34818132	.	C	G	13	12	25	2	0	27	0	0
15	34818262	.	C	T	26	16	42	0	1	43	0	0
15	34818270	.	G	A	15	27	42	0	2	44	0	0
15	34818459	.	C	A	10	14	24	2	0	26	0	0
15	34819027	.	C	T	11	11	22	2	1	25	0	0
15	34819063	.	A	G	18	10	28	3	2	33	0	0
15	34819198	.	C	T	35	18	53	5	3	61	0	0
15	34819647	.	G	T	56	16	72	16	1	89	0	0
15	34819652	.	G	C	53	16	69	18	1	88	0	0
15	35046816	.	T	A	20	20	40	0	0	40	0	0
15	35082344	.	G	A	11	9	20	0	1	21	0	0
15	35185812	.	A	G	17	14	31	0	2	33	0	0
15	35196379	.	T	A	16	11	27	0	2	29	0	0
15	35198879	.	G	A	73	43	116	0	1	117	0	0
15	35219164	.	A	G	13	10	23	0	0	23	0	0
15	35234130	.	T	G	15	20	35	0	0	35	0	0
15	35273432	.	G	A	13	10	23	0	1	24	0	0
15	35275213	.	T	C	27	25	52	0	2	54	0	0
15	35275661	.	G	A	20	18	38	0	0	38	0	0
15	35373403	.	A	C	48	33	81	0	3	85	0	1
15	35373760	.	G	A	13	9	22	0	1	23	0	0
15	35376387	.	C	T	20	14	34	36	1	71	0	0
15	35376683	.	G	A	71	63	134	52	6	192	0	0
15	35376833	.	T	G	114	77	191	0	8	199	0	0
15	35377122	.	C	A	59	46	105	0	6	111	0	0
15	35377265	.	T	G	37	29	66	1	2	69	0	0
15	35385338	.	T	C	33	26	59	0	9	68	0	0
15	35529408	.	G	C	29	45	74	0	1	75	0	0
15	35530030	.	G	T	59	60	119	0	10	129	0	0
15	35664298	.	C	G	21	12	33	0	2	35	0	0
15	35757369	.	C	T	11	21	32	0	0	32	0	0
15	36906129	.	A	G	39	44	83	0	3	87	1	0
15	36906211	.	A	G	38	40	78	0	1	79	0	0
15	36906438	.	T	C	39	43	82	0	7	89	0	0
15	36906533	.	C	G	23	24	47	0	1	48	0	0
15	36909704	.	A	G	41	39	80	0	4	84	0	0
15	36911182	.	G	A	14	7	21	0	2	23	0	0
15	36911449	.	G	A	13	15	28	0	1	29	0	0
15	36911482	.	A	G	12	17	29	0	1	30	0	0
15	36913629	.	T	C	10	15	25	0	0	25	0	0
15	36946303	.	C	G	47	60	107	0	4	111	0	0
15	37001400	.	A	T	18	13	31	0	1	33	0	1
15	37001833	.	A	G	13	12	25	0	1	27	0	1
15	37026612	.	A	T	41	34	75	0	0	75	0	0
15	37188728	.	T	C	22	23	45	0	4	49	0	0
15	37188938	.	C	A	22	31	53	0	3	56	0	0
15	37375938	.	C	T	31	26	57	0	1	58	0	0
15	37390440	.	A	C	35	25	60	0	5	65	0	0
15	37783239	.	G	A	48	52	100	0	3	103	0	0
15	38233869	.	T	C	21	26	47	0	3	50	0	0
15	38258772	.	A	C	33	36	69	0	0	69	0	0
15	38590771	.	A	G	18	17	35	0	3	38	0	0
15	38590854	.	G	A	17	13	30	0	1	31	0	0
15	38614525	.	G	A	54	48	102	0	0	102	0	0
15	38617113	.	C	T	28	21	49	0	0	49	0	0
15	38631840	.	T	C	58	69	127	0	3	130	0	0
15	38631930	.	C	A	55	77	132	0	6	138	0	0
15	38643574	.	T	C	26	27	53	0	3	57	0	1
15	38645589	.	A	C	44	25	69	0	1	70	0	0
15	38756434	.	G	A	37	31	68	0	3	71	0	0
15	38762393	.	A	G	22	15	37	0	0	38	1	0
15	38776330	.	T	G	14	7	21	0	0	21	0	0
15	38794566	.	A	G	27	31	58	0	0	58	0	0
15	38794572	.	T	C	28	35	63	0	0	63	0	0
15	38852227	.	G	A	31	32	63	0	0	63	0	0
15	38988760	.	T	A	28	21	49	0	10	59	0	0
15	38988815	.	C	G	53	43	96	0	5	102	0	1
15	38989121	.	C	A	19	17	36	0	2	38	0	0
15	38992104	.	T	A	44	59	103	0	5	108	0	0
15	39546114	.	A	G	29	24	53	0	1	54	0	0
15	39546259	.	C	G	26	28	54	0	2	56	0	0
15	39546528	.	G	C	20	24	44	0	5	50	0	1
15	39874092	.	C	T	18	19	37	0	0	37	0	0
15	39874396	.	T	G	27	21	48	0	1	49	0	0
15	39874973	.	C	A	11	11	22	0	3	25	0	0
15	39876412	.	C	T	43	54	97	0	2	99	0	0
15	39877921	.	C	T	12	17	29	0	1	30	0	0
15	39880143	.	T	C	18	29	47	0	1	48	0	0
15	39881379	.	T	A	23	25	48	0	0	48	0	0
15	39885301	.	T	C	34	33	67	0	2	69	0	0
15	39885470	.	A	G	30	23	53	0	1	55	0	1
15	39910431	.	A	G	24	28	52	0	2	54	0	0
15	39922405	.	G	A	16	13	29	0	1	31	0	1
15	40018780	.	C	T	21	12	33	0	1	34	0	0
15	40058088	.	A	G	29	16	45	0	3	48	0	0
15	40062804	.	G	T	39	34	73	0	2	75	0	0
15	40062825	.	C	A	29	23	52	0	4	57	1	0
15	40062838	.	G	A	24	22	46	0	1	47	0	0
15	40062855	.	C	T	19	18	37	0	1	38	0	0
15	40062884	.	T	C	13	13	26	0	1	27	0	0
15	40063967	.	A	G	22	22	44	0	0	44	0	0
15	40064140	.	C	G	22	13	35	0	1	36	0	0
15	40066701	.	G	A	19	12	31	0	5	36	0	0
15	40069504	.	C	T	8	14	22	0	5	27	0	0
15	40072311	.	T	C	36	34	70	0	4	74	0	0
15	40072491	.	G	A	15	12	27	0	3	31	1	0
15	40241137	.	A	G	42	26	68	0	0	68	0	0
15	40243842	.	A	G	21	12	33	0	0	33	0	0
15	40259504	.	G	A	60	40	100	0	20	120	0	0
15	40259848	.	A	C	45	25	70	0	4	74	0	0
15	40271271	.	A	G	17	20	37	0	0	37	0	0
15	40271281	.	G	C	20	11	31	0	1	32	0	0
15	40300092	.	T	C	10	14	24	0	0	24	0	0
15	40300214	.	G	C	36	35	71	0	4	76	0	1
15	40308719	.	A	G	29	19	48	0	0	48	0	0
15	40311212	.	G	A	31	19	50	0	3	53	0	0
15	40313083	.	G	T	32	43	75	0	1	76	0	0
15	40321351	.	C	A	8	18	26	0	0	26	0	0
15	40321436	.	C	G	36	34	70	0	6	76	0	0
15	40327301	.	G	A	9	15	24	0	0	24	0	0
15	40328575	.	G	C	76	64	140	0	4	144	0	0
15	40358017	.	C	T	47	34	81	0	1	82	0	0
15	40381330	.	T	C	32	20	52	0	6	58	0	0
15	40397936	.	G	T	20	15	35	0	6	41	0	0
15	40453430	.	G	T	15	9	24	0	1	25	0	0
15	40494661	.	T	C	26	39	65	0	0	65	0	0
15	40504837	.	C	T	21	31	52	0	1	53	0	0
15	40509803	.	G	A	30	30	60	0	2	62	0	0
15	40558744	.	G	A	25	18	43	0	1	44	0	0
15	40568823	.	C	A	20	21	41	0	3	44	0	0
15	40581345	.	G	A	13	15	28	0	1	29	0	0
15	40582647	.	G	T	9	11	20	0	0	20	0	0
15	40583876	.	T	G	29	22	51	0	5	56	0	0
15	40587461	.	C	T	35	25	60	0	4	64	0	0
15	40588644	.	G	A	18	16	34	0	0	34	0	0
15	40589218	.	C	G	11	17	28	0	0	28	0	0
15	40589830	.	G	A	20	11	31	0	1	32	0	0
15	40590134	.	G	A	22	33	55	0	5	60	0	0
15	40590265	.	C	G	18	25	43	0	6	49	0	0
15	40593939	.	C	T	9	12	21	0	1	22	0	0
15	40595414	.	G	C	22	24	46	0	0	46	0	0
15	40595627	.	G	A	10	22	32	0	0	32	0	0
15	40657724	.	C	T	13	19	32	0	1	33	0	0
15	40660038	.	G	C	17	18	35	0	2	37	0	0
15	40660043	.	G	T	16	19	35	0	0	35	0	0
15	40660515	.	G	A	36	28	64	0	6	71	0	1
15	40683780	.	G	A	30	20	50	0	2	52	0	0
15	40685913	.	A	G	10	14	24	0	0	24	0	0
15	40698116	.	C	T	100	79	179	0	18	197	0	0
15	40698228	.	A	G	94	81	175	0	10	186	0	1
15	40699940	.	T	C	47	35	82	0	8	91	1	0
15	40703339	.	C	T	13	10	23	0	0	23	0	0
15	40705105	.	A	G	17	13	30	0	1	31	0	0
15	40707456	.	C	T	8	13	21	0	0	22	0	1
15	40708422	.	A	G	26	26	52	0	14	66	0	0
15	40708455	.	G	A	32	24	56	0	20	76	0	0
15	40710585	.	G	A	25	17	42	0	1	43	0	0
15	40758477	.	G	A	2	18	20	0	3	23	0	0
15	40760045	.	C	T	24	24	48	0	6	54	0	0
15	41146880	.	T	C	41	31	72	0	5	77	0	0
15	41165834	.	C	G	25	36	61	0	3	64	0	0
15	41188337	.	A	G	27	18	45	0	2	47	0	0
15	41224124	.	G	A	15	12	27	0	0	27	0	0
15	41224292	.	C	T	73	69	142	0	4	146	0	0
15	41275014	.	T	G	29	41	70	0	7	77	0	0
15	41280208	.	G	C	25	22	47	0	2	49	0	0
15	41348628	.	C	T	11	11	22	0	0	22	0	0
15	41351974	.	G	A	11	9	20	0	0	20	0	0
15	41372128	.	G	A	26	19	45	0	3	48	0	0
15	41511960	.	A	G	3	23	26	0	0	26	0	0
15	41573612	.	C	A	44	35	79	0	1	80	0	0
15	41574051	.	C	T	37	37	74	0	0	74	0	0
15	41624224	.	G	A	20	21	41	0	0	41	0	0
15	41634587	.	A	G	48	56	104	0	1	105	0	0
15	41634588	.	C	A	46	57	103	0	3	106	0	0
15	41663896	.	A	C	32	30	62	0	3	65	0	0
15	41679717	.	C	T	20	30	50	0	8	58	0	0
15	41795900	.	T	C	19	6	25	0	1	26	0	0
15	41797769	.	A	G	17	18	35	0	4	39	0	0
15	41798217	.	C	T	23	33	56	0	2	58	0	0
15	41805115	.	G	A	55	46	101	0	5	106	0	0
15	41810439	.	G	C	12	8	20	0	1	21	0	0
15	41813279	.	C	T	46	58	104	0	11	115	0	0
15	41814172	.	G	C	36	29	65	0	0	65	0	0
15	41815063	.	C	T	48	43	91	0	7	98	0	0
15	41815649	.	A	G	11	17	28	0	0	28	0	0
15	41816190	.	T	G	18	16	34	0	1	36	0	1
15	41817367	.	A	G	19	17	36	0	0	36	0	0
15	41819322	.	C	T	22	36	58	0	2	60	0	0
15	41819716	.	C	T	86	73	159	0	10	169	0	0
15	41819896	.	G	T	35	24	59	0	5	64	0	0
15	41819998	.	G	A	18	26	44	0	3	47	0	0
15	41821752	.	T	C	23	18	41	0	3	45	0	1
15	41822302	.	G	A	27	29	56	0	1	57	0	0
15	41822323	.	C	T	13	22	35	0	0	35	0	0
15	41827655	.	C	T	32	28	60	0	3	63	0	0
15	41827757	.	T	A	38	30	68	0	6	74	0	0
15	41828636	.	C	G	20	37	57	0	2	59	0	0
15	41829230	.	A	G	19	24	43	0	3	46	0	0
15	41857080	.	A	G	25	25	50	0	0	50	0	0
15	41857216	.	G	A	39	54	93	0	2	95	0	0
15	41859470	.	T	C	27	25	52	0	3	55	0	0
15	41859499	.	C	T	37	31	68	0	4	72	0	0
15	41860490	.	T	A	39	31	70	0	8	98	0	20
15	41863181	.	G	A	33	48	81	0	3	84	0	0
15	41865488	.	C	T	28	17	45	0	2	47	0	0
15	41991315	.	A	T	33	22	55	0	5	60	0	0
15	42019421	.	A	G	38	38	76	0	2	78	0	0
15	42037570	.	C	T	22	21	43	0	4	47	0	0
15	42046568	.	A	G	22	16	38	0	0	38	0	0
15	42052809	.	A	T	13	18	31	0	1	32	0	0
15	42059521	.	A	T	16	14	30	0	1	31	0	0
15	42105724	.	G	A	39	23	62	0	8	70	0	0
15	42105918	.	C	G	39	55	94	0	1	97	1	1
15	42106722	.	C	T	38	26	64	0	8	72	0	0
15	42106984	.	A	G	28	34	62	0	2	64	0	0
15	42112795	.	T	C	13	18	31	0	2	33	0	0
15	42118123	.	G	C	30	43	73	0	4	77	0	0
15	42128229	.	C	T	11	12	23	0	0	23	0	0
15	42132268	.	T	C	11	17	28	0	1	29	0	0
15	42136092	.	C	T	11	16	27	0	2	29	0	0
15	42136977	.	C	A	15	20	35	0	2	37	0	0
15	42137201	.	G	A	21	33	54	0	9	63	0	0
15	42138456	.	G	A	16	16	32	0	0	32	0	0
15	42138572	.	C	T	23	17	40	0	3	43	0	0
15	42139875	.	A	G	28	23	51	0	5	56	0	0
15	42143227	.	T	C	64	46	110	0	12	122	0	0
15	42143597	.	A	G	20	33	53	0	3	56	0	0
15	42143669	.	G	T	16	5	21	0	1	22	0	0
15	42144979	.	C	G	42	15	57	0	9	66	0	0
15	42145662	.	G	A	47	42	89	0	6	95	0	0
15	42145692	.	G	A	35	36	71	0	7	78	0	0
15	42145936	.	G	C	51	45	96	0	6	102	0	0
15	42150888	.	G	A	28	22	50	0	2	52	0	0
15	42154166	.	C	A	39	30	69	0	1	70	0	0
15	42154167	.	A	G	39	30	69	0	1	70	0	0
15	42155812	.	G	C	12	14	26	0	2	28	0	0
15	42155841	.	T	C	19	15	34	0	3	37	0	0
15	42162126	.	C	T	14	11	25	0	1	26	0	0
15	42162573	.	G	C	46	53	99	0	5	105	0	1
15	42167892	.	C	T	16	18	34	0	2	36	0	0
15	42168740	.	C	T	32	27	59	0	3	62	0	0
15	42170578	.	G	A	17	28	45	0	5	50	0	0
15	42170841	.	T	C	18	11	29	0	6	35	0	0
15	42171483	.	G	A	22	18	40	0	3	43	0	0
15	42171844	.	T	C	44	43	87	0	6	93	0	0
15	42172166	.	T	C	14	18	32	0	1	33	0	0
15	42179424	.	C	T	28	25	53	0	1	54	0	0
15	42185439	.	C	G	27	40	67	0	5	72	0	0
15	42187492	.	T	C	39	26	65	0	8	73	0	0
15	42192340	.	T	C	21	18	39	0	3	42	0	0
15	42201714	.	C	T	14	9	23	0	1	24	0	0
15	42211486	.	A	G	36	17	53	0	2	55	0	0
15	42245849	.	C	T	9	17	26	0	0	26	0	0
15	42264431	.	A	G	18	5	23	0	6	29	0	0
15	42281790	.	A	G	22	24	46	0	3	49	0	0
15	42281805	.	C	T	23	17	40	0	5	45	0	0
15	42284800	.	C	T	11	19	30	0	0	30	0	0
15	42287578	.	G	A	39	47	86	0	3	89	0	0
15	42291573	.	C	T	10	10	20	0	0	20	0	0
15	42291672	.	C	T	19	11	30	0	0	30	0	0
15	42291711	.	G	A	26	8	34	0	1	35	0	0
15	42292022	.	C	T	33	27	60	0	2	62	0	0
15	42292048	.	C	A	27	21	48	0	6	54	0	0
15	42292175	.	C	G	23	14	37	0	1	38	0	0
15	42292533	.	G	A	18	13	31	0	0	31	0	0
15	42293391	.	G	A	32	24	56	0	4	60	0	0
15	42297046	.	A	G	44	47	91	0	3	94	0	0
15	42297092	.	G	A	52	49	101	0	3	104	0	0
15	42298033	.	T	A	20	16	36	0	2	39	0	1
15	42298078	.	A	G	20	21	41	0	3	45	0	1
15	42300103	.	G	A	27	33	60	0	3	64	0	1
15	42302119	.	T	C	30	28	58	0	2	60	0	0
15	42302433	.	A	G	102	52	154	0	9	163	0	0
15	42302437	.	G	C	101	52	153	0	8	161	0	0
15	42302520	.	C	T	63	35	98	0	6	104	0	0
15	42302590	.	A	G	14	27	41	0	1	42	0	0
15	42342929	.	G	A	37	24	61	0	1	63	0	1
15	42343027	.	C	T	13	11	24	0	0	24	0	0
15	42362821	.	C	G	18	19	37	0	0	37	0	0
15	42363769	.	A	G	20	10	30	0	5	35	0	0
15	42364329	.	A	C	14	15	29	0	3	32	0	0
15	42364637	.	G	T	17	22	39	0	2	41	0	0
15	42364724	.	A	G	13	13	26	0	0	26	0	0
15	42373432	.	C	T	12	17	29	0	2	31	0	0
15	42377515	.	G	A	12	11	23	0	0	23	0	0
15	42377744	.	C	G	25	18	43	0	1	44	0	0
15	42394482	.	C	A	18	10	28	0	0	28	0	0
15	42435967	.	C	T	20	25	45	0	1	46	0	0
15	42436002	.	C	T	34	20	54	0	1	55	0	0
15	42436043	.	G	A	32	23	55	0	4	59	0	0
15	42436069	.	C	T	32	30	62	0	4	66	0	0
15	42437711	.	T	C	24	26	50	0	4	54	0	0
15	42437819	.	C	T	46	35	81	0	6	87	0	0
15	42438285	.	A	G	63	58	121	0	15	136	0	0
15	42438307	.	G	A	63	69	132	0	6	138	0	0
15	42439376	.	G	A	32	17	49	0	2	51	0	0
15	42439874	.	G	A	19	17	36	0	1	37	0	0
15	42442186	.	A	G	13	14	27	0	0	27	0	0
15	42442422	.	T	G	16	15	31	0	3	34	0	0
15	42442741	.	A	G	35	35	70	0	3	73	0	0
15	42442823	.	G	C	50	44	94	0	6	100	0	0
15	42442999	.	G	T	47	49	96	0	3	99	0	0
15	42443049	.	G	A	31	31	62	0	13	75	0	0
15	42445554	.	G	T	23	22	45	0	4	49	0	0
15	42446362	.	A	G	38	50	88	0	8	97	0	1
15	42446398	.	G	A	39	59	98	0	3	102	0	1
15	42447943	.	T	A	22	14	36	0	1	37	0	0
15	42448659	.	C	A	38	38	76	0	9	85	0	0
15	42448869	.	A	G	25	21	46	0	2	48	0	0
15	42454464	.	A	G	104	71	175	0	11	186	0	0
15	42454701	.	T	C	26	31	57	0	1	58	0	0
15	42458347	.	T	C	23	31	54	0	1	55	0	0
15	42458892	.	G	A	20	27	47	0	1	48	0	0
15	42479406	.	T	C	15	14	29	0	2	31	0	0
15	42479998	.	C	T	26	16	42	0	1	44	0	1
15	42483200	.	T	C	9	21	30	0	0	30	0	0
15	42483455	.	C	T	20	17	37	0	2	39	0	0
15	42483769	.	C	G	51	45	96	0	2	98	0	0
15	42483779	.	C	T	44	41	85	0	0	85	0	0
15	42491675	.	C	T	21	20	41	0	1	42	0	0
15	42491708	.	C	T	30	24	54	0	0	54	0	0
15	42491848	.	A	C	14	17	31	0	2	33	0	0
15	42502896	.	A	T	34	29	63	0	0	63	0	0
15	42519136	.	T	C	22	22	44	0	2	46	0	0
15	42520829	.	T	C	18	25	43	0	3	46	0	0
15	42524065	.	T	C	26	22	48	0	1	49	0	0
15	42524165	.	C	T	16	13	29	0	0	29	0	0
15	42560312	.	C	T	14	9	23	0	2	25	0	0
15	42564370	.	A	G	32	30	62	0	1	63	0	0
15	42568547	.	C	G	18	15	33	0	0	33	0	0
15	42568630	.	G	A	11	9	20	0	0	20	0	0
15	42579686	.	G	A	17	12	29	0	1	31	0	1
15	42579822	.	T	C	42	35	77	0	2	79	0	0
15	42579948	.	T	C	20	23	43	0	2	45	0	0
15	42579984	.	G	A	22	22	44	0	4	48	0	0
15	42584738	.	G	T	15	21	36	0	2	38	0	0
15	42584909	.	C	T	73	63	136	0	4	141	0	1
15	42603083	.	C	T	28	34	62	0	5	67	0	0
15	42606094	.	A	G	13	13	26	0	0	26	0	0
15	42606161	.	G	A	14	14	28	0	0	28	0	0
15	42619508	.	C	T	33	35	68	0	1	69	0	0
15	42621779	.	G	T	22	21	43	0	1	44	0	0
15	42621801	.	C	T	19	22	41	0	1	42	0	0
15	42638185	.	C	T	6	14	20	0	0	20	0	0
15	42643538	.	A	G	48	62	110	0	1	111	0	0
15	42645479	.	A	G	40	32	72	0	4	76	0	0
15	42678515	.	A	C	23	30	53	0	2	55	0	0
15	42678596	.	G	T	11	11	22	0	1	23	0	0
15	42678609	.	A	G	11	10	21	0	2	23	0	0
15	42694466	.	T	C	25	20	45	0	0	45	0	0
15	42695718	.	G	C	8	15	23	0	2	25	0	0
15	42695875	.	C	T	41	41	82	0	7	89	0	0
15	42696606	.	G	T	27	27	54	0	1	55	0	0
15	42698061	.	C	G	32	18	50	0	2	52	0	0
15	42698065	.	C	T	31	17	48	0	3	51	0	0
15	42700552	.	G	A	22	20	42	0	5	47	0	0
15	42702521	.	G	C	19	23	42	0	1	43	0	0
15	42703353	.	G	C	21	10	31	0	2	34	0	1
15	42703371	.	C	G	20	14	34	0	2	37	0	1
15	42703612	.	C	T	23	18	41	0	1	42	0	0
15	42709998	.	T	C	31	14	45	0	0	45	0	0
15	42710177	.	G	A	20	17	37	0	2	39	0	0
15	42720166	.	A	G	29	17	46	0	3	49	0	0
15	42720288	.	G	C	29	13	42	0	1	43	0	0
15	42749013	.	C	T	17	12	29	0	0	29	0	0
15	42758159	.	T	A	12	9	21	0	1	22	0	0
15	42820589	.	G	A	46	39	85	0	3	88	0	0
15	42837498	.	T	A	12	14	26	0	0	26	0	0
15	42850380	.	A	G	30	31	61	0	2	64	0	1
15	42930777	.	T	A	30	34	64	0	4	68	0	0
15	42930891	.	A	T	29	36	65	0	3	68	0	0
15	42953597	.	C	T	10	11	21	0	1	22	0	0
15	42955967	.	A	G	27	21	48	0	3	51	0	0
15	42957532	.	T	G	11	14	25	0	0	25	0	0
15	42977526	.	A	C	29	27	56	0	3	59	0	0
15	42979461	.	C	T	33	31	64	0	3	67	0	0
15	42981022	.	A	G	41	31	72	0	5	77	0	0
15	42982340	.	C	T	17	19	36	0	1	37	0	0
15	42983923	.	A	G	40	25	65	0	2	67	0	0
15	42986552	.	C	T	16	14	30	0	3	33	0	0
15	43018486	.	G	A	43	47	90	0	4	95	0	1
15	43020541	.	C	G	36	35	71	0	4	75	0	0
15	43020954	.	C	T	22	12	34	0	1	35	0	0
15	43021523	.	G	A	24	21	45	0	1	46	0	0
15	43021563	.	G	A	20	15	35	0	1	36	0	0
15	43022690	.	C	A	3	18	21	0	1	22	0	0
15	43022776	.	C	T	16	15	31	0	0	31	0	0
15	43023162	.	G	A	20	26	46	0	2	49	0	1
15	43023304	.	A	C	54	37	91	0	5	96	0	0
15	43027606	.	G	T	16	13	29	0	2	31	0	0
15	43028592	.	G	A	23	22	45	0	5	50	0	0
15	43038059	.	G	A	83	71	154	0	16	170	0	0
15	43038397	.	G	C	41	32	73	0	4	77	0	0
15	43086737	.	G	T	24	17	41	0	5	46	0	0
15	43093598	.	C	T	28	35	63	0	4	67	0	0
15	43094348	.	C	T	34	27	61	0	3	64	0	0
15	43109213	.	C	G	35	32	67	0	0	67	0	0
15	43132840	.	C	T	38	26	64	0	4	68	0	0
15	43237572	.	T	C	57	52	109	0	3	112	0	0
15	43252764	.	A	G	11	10	21	0	0	21	0	0
15	43339597	.	C	T	12	14	26	0	1	27	0	0
15	43347139	.	T	C	37	35	72	0	0	72	0	0
15	43423327	.	G	A	24	16	40	0	2	42	0	0
15	43478113	.	G	C	35	37	72	0	4	76	0	0
15	43478170	.	C	T	46	38	84	0	2	86	0	0
15	43483880	.	G	A	14	6	20	0	1	21	0	0
15	43495325	.	G	T	93	89	182	0	11	193	0	0
15	43501842	.	G	A	14	6	20	0	0	20	0	0
15	43531411	.	G	C	13	12	25	0	2	27	0	0
15	43560436	.	C	T	14	15	29	0	1	30	0	0
15	43579716	.	C	T	40	43	83	0	8	92	0	1
15	43690481	.	A	T	23	11	34	0	0	34	0	0
15	43923059	.	A	T	16	22	38	0	0	38	0	0
15	43939642	.	C	T	19	23	42	0	3	45	0	0
15	43988604	.	G	A	47	47	94	0	2	96	0	0
15	43989518	.	A	G	36	24	60	5	1	66	0	0
15	43991374	.	T	C	47	14	61	4	2	67	0	0
15	43993175	.	A	C	14	12	26	29	0	55	0	0
15	43995786	.	C	T	17	14	31	11	2	44	0	0
15	43996464	.	A	G	25	29	54	5	1	60	0	0
15	43996898	.	G	C	37	34	71	8	2	81	0	0
15	44001071	.	G	C	28	37	65	19	3	87	0	0
15	44021175	.	T	C	24	19	43	0	1	44	0	0
15	44024490	.	C	A	14	10	24	0	0	24	0	0
15	44028569	.	G	C	24	35	59	17	3	80	0	1
15	44036364	.	G	A	48	39	87	0	2	89	0	0
15	44043793	.	C	G	55	43	98	0	4	102	0	0
15	44044859	.	A	C	11	10	21	0	0	21	0	0
15	44060883	.	C	T	11	20	31	0	6	37	0	0
15	44068160	.	C	G	17	19	36	0	1	37	0	0
15	44084282	.	A	C	55	74	129	0	8	137	0	0
15	44084705	.	G	A	21	21	42	0	4	46	0	0
15	44089222	.	C	G	23	13	36	0	1	37	0	0
15	44090798	.	T	C	10	12	22	0	0	22	0	0
15	44090854	.	T	C	10	13	23	0	0	23	0	0
15	44091118	.	C	T	22	13	35	0	1	36	0	0
15	44093927	.	T	C	27	26	53	0	2	55	0	0
15	44180814	.	A	G	15	11	26	0	0	26	0	0
15	44581311	.	C	T	105	110	215	0	26	241	0	0
15	44581600	.	C	T	23	5	28	0	3	31	0	0
15	44719622	.	A	G	36	36	72	0	4	76	0	0
15	44782855	.	A	G	7	13	20	0	0	20	0	0
15	44783004	.	A	G	29	16	45	0	4	49	0	0
15	44817515	.	C	G	68	49	117	0	1	120	1	1
15	44842969	.	A	C	17	9	26	0	2	28	0	0
15	44843246	.	G	C	17	19	36	0	0	36	0	0
15	44849698	.	G	A	38	18	56	0	0	56	0	0
15	44853186	.	G	T	43	30	73	0	2	75	0	0
15	44854489	.	C	A	28	20	48	0	0	48	0	0
15	44854785	.	A	G	32	28	60	0	1	61	0	0
15	45047134	.	G	A	27	22	49	0	2	51	0	0
15	45047573	.	C	T	46	49	95	0	2	97	0	0
15	45048651	.	C	T	13	17	30	0	4	34	0	0
15	45051676	.	G	A	22	11	33	0	3	36	0	0
15	45059814	.	T	C	21	29	50	0	6	56	0	0
15	45123598	.	G	T	10	17	27	3	1	33	0	2
15	45123603	.	G	A	20	10	30	3	0	35	0	2
15	45123614	.	A	T	25	7	32	4	2	40	0	2
15	45142399	.	C	G	19	17	36	0	1	37	0	0
15	45216965	.	A	T	15	9	24	0	0	24	0	0
15	45353230	.	C	T	51	50	101	7	2	111	0	1
15	45361180	.	A	T	32	25	57	14	1	72	0	0
15	45361241	.	G	A	57	13	70	9	3	85	0	3
15	45364317	.	C	T	7	27	34	77	0	111	0	0
15	45364534	.	A	C	92	21	113	43	4	160	0	0
15	45364892	.	C	T	17	6	23	1	3	27	0	0
15	45365724	.	C	T	44	92	136	30	5	171	0	0
15	45365783	.	C	A	43	90	133	18	3	154	0	0
15	45365792	.	G	A	36	77	113	18	4	136	1	0
15	45365905	.	G	C	27	67	94	13	1	109	0	1
15	45388019	.	C	T	41	29	70	0	2	73	0	1
15	45388140	.	G	A	51	66	117	0	10	127	0	0
15	45392075	.	G	A	57	58	115	0	8	124	1	0
15	45397831	.	G	A	10	21	31	0	0	31	0	0
15	45397889	.	C	T	21	23	44	0	1	45	0	0
15	45398231	.	T	G	17	19	36	0	7	43	0	0
15	45398314	.	G	A	41	40	81	0	4	85	0	0
15	45398438	.	T	C	27	33	60	0	1	61	0	0
15	45398965	.	G	T	16	12	28	0	1	29	0	0
15	45399467	.	A	G	54	50	104	0	6	112	1	1
15	45401636	.	C	T	16	20	36	0	10	46	0	0
15	45402940	.	A	G	31	27	58	1	2	61	0	0
15	45404066	.	G	A	50	40	90	0	9	100	0	1
15	45408414	.	C	G	18	14	32	0	3	35	0	0
15	45408691	.	C	G	29	29	58	0	5	63	0	0
15	45408699	.	C	T	31	29	60	0	6	66	0	0
15	45408710	.	A	G	32	29	61	0	7	68	0	0
15	45408933	.	T	C	13	12	25	0	4	29	0	0
15	45409271	.	C	T	15	12	27	0	1	28	0	0
15	45421758	.	G	A	39	30	69	0	4	73	0	0
15	45427339	.	T	G	56	53	109	0	11	120	0	0
15	45427345	.	C	T	61	50	111	0	7	118	0	0
15	45428390	.	G	A	13	8	21	1	2	24	0	0
15	45436210	.	G	A	20	26	46	0	3	49	0	0
15	45456194	.	G	A	39	39	78	0	3	81	0	0
15	45457106	.	G	T	21	19	40	0	5	45	0	0
15	45457458	.	G	T	46	43	89	0	4	93	0	0
15	45490773	.	C	T	16	4	20	0	0	20	0	0
15	45507269	.	G	A	36	24	60	0	5	65	0	0
15	45508118	.	C	T	33	41	74	0	3	77	0	0
15	45556658	.	C	A	9	13	22	0	0	22	0	0
15	45558106	.	T	A	15	12	27	0	4	31	0	0
15	45694579	.	C	T	26	24	50	0	1	51	0	0
15	45694603	.	C	T	20	21	41	0	3	44	0	0
15	45694610	.	C	T	17	23	40	0	1	41	0	0
15	45695612	.	C	T	22	27	49	0	3	52	0	0
15	45695874	.	A	G	11	14	25	0	0	25	0	0
15	45706739	.	A	G	32	26	58	0	1	59	0	0
15	45709692	.	G	A	32	36	68	0	7	75	0	0
15	45723125	.	C	T	47	45	92	0	1	93	0	0
15	45723128	.	T	C	47	45	92	0	0	92	0	0
15	45724091	.	C	T	18	20	38	0	1	39	0	0
15	45724130	.	G	A	23	27	50	0	0	50	0	0
15	45724161	.	C	A	31	28	59	0	2	61	0	0
15	45725139	.	T	C	22	23	45	0	1	46	0	0
15	45777344	.	T	C	39	38	77	0	4	81	0	0
15	45779008	.	G	A	12	11	23	0	0	23	0	0
15	45779810	.	G	A	25	25	50	0	1	51	0	0
15	45813087	.	A	G	7	14	21	0	1	22	0	0
15	45814306	.	A	G	54	64	118	0	4	123	0	1
15	45847921	.	T	C	16	15	31	0	1	32	0	0
15	45859270	.	T	C	12	14	26	0	0	26	0	0
15	45884522	.	G	T	16	11	27	0	1	28	0	0
15	45884526	.	C	T	15	11	26	0	1	27	0	0
15	45898535	.	G	A	13	11	24	0	0	25	0	1
15	45898883	.	A	T	11	18	29	0	1	30	0	0
15	45954008	.	C	T	10	11	21	0	1	22	0	0
15	45954476	.	G	C	21	15	36	0	3	39	0	0
15	45954478	.	A	T	21	16	37	0	2	39	0	0
15	45954486	.	A	G	20	15	35	0	1	36	0	0
15	45968535	.	A	C	16	15	31	0	3	34	0	0
15	48022784	.	C	G	20	21	41	0	2	43	0	0
15	48052595	.	A	C	21	14	35	0	5	40	0	0
15	48053229	.	C	A	10	16	26	0	2	28	0	0
15	48053334	.	G	T	20	26	46	0	1	48	0	1
15	48053730	.	A	G	19	19	38	0	3	41	0	0
15	48055996	.	A	G	14	32	46	0	4	50	0	0
15	48056219	.	A	G	17	15	32	0	2	34	0	0
15	48056549	.	G	A	11	12	23	0	2	25	0	0
15	48056735	.	A	C	24	17	41	0	3	44	0	0
15	48058071	.	G	A	26	37	63	0	4	67	0	0
15	48058433	.	A	C	30	29	59	0	2	61	0	0
15	48058484	.	G	T	16	13	29	0	0	29	0	0
15	48520699	.	T	C	24	32	56	0	0	56	0	0
15	48539026	.	A	T	16	17	33	0	0	33	0	0
15	48539587	.	T	C	28	37	65	0	5	70	0	0
15	48541700	.	G	A	39	49	88	0	5	93	0	0
15	48547976	.	T	C	50	26	76	0	0	76	0	0
15	48580573	.	A	T	25	31	56	0	0	57	0	1
15	48584083	.	A	C	26	14	40	0	1	41	0	0
15	48591267	.	C	T	17	19	36	0	0	36	0	0
15	48595183	.	C	A	12	9	21	0	1	22	0	0
15	48701029	.	C	T	18	7	25	0	3	28	0	0
15	48720526	.	G	C	45	50	95	0	5	100	0	0
15	48736684	.	A	T	66	72	138	0	3	141	0	0
15	48755168	.	T	C	24	28	52	0	3	55	0	0
15	48755530	.	T	C	28	23	51	0	1	52	0	0
15	48755612	.	T	C	10	19	29	0	3	32	0	0
15	48766250	.	G	C	31	36	67	0	3	70	0	0
15	48779402	.	C	T	28	42	70	0	0	70	0	0
15	48789634	.	T	C	16	10	26	0	2	28	0	0
15	48795877	.	G	A	16	16	32	0	7	39	0	0
15	48796042	.	G	A	39	33	72	0	3	75	0	0
15	48797307	.	A	G	45	44	89	0	5	94	0	0
15	48797424	.	C	A	17	13	30	0	1	31	0	0
15	48813107	.	G	T	18	18	36	0	2	38	0	0
15	48826455	.	T	C	12	14	26	0	1	27	0	0
15	49017656	.	T	G	36	33	69	0	0	69	0	0
15	49030665	.	T	C	42	44	86	0	7	93	0	0
15	49059226	.	G	T	34	32	66	0	1	67	0	0
15	49135634	.	T	C	28	22	50	0	4	54	0	0
15	49143232	.	G	T	18	22	40	0	1	41	0	0
15	49148356	.	C	A	22	26	48	0	5	53	0	0
15	49172317	.	T	G	18	17	35	0	5	40	0	0
15	49264649	.	C	G	23	26	49	0	1	50	0	0
15	49281624	.	A	C	25	21	46	0	1	48	0	1
15	49293194	.	C	A	36	44	80	0	3	83	0	0
15	49320528	.	T	C	10	12	22	0	1	23	0	0
15	49325289	.	A	C	28	23	51	0	6	57	0	0
15	49418747	.	T	C	21	13	34	0	3	37	0	0
15	49420362	.	T	C	11	10	21	0	1	22	0	0
15	49421868	.	T	G	18	19	37	0	0	37	0	0
15	49423098	.	C	T	12	9	21	0	0	21	0	0
15	49431900	.	T	C	28	28	56	0	1	57	0	0
15	49447821	.	A	G	9	12	21	0	4	25	0	0
15	49620200	.	C	T	53	51	104	0	6	111	0	1
15	49623894	.	T	G	26	9	35	0	3	38	0	0
15	49658011	.	C	A	50	57	107	0	5	112	0	0
15	49659546	.	C	T	26	28	54	0	1	56	0	1
15	49663405	.	G	A	8	17	25	0	0	25	0	0
15	49683111	.	C	A	26	24	50	0	2	52	0	0
15	49777609	.	A	C	39	31	70	0	3	73	0	0
15	49833727	.	A	G	16	20	36	0	1	37	0	0
15	49867323	.	G	A	14	21	35	0	0	35	0	0
15	49869923	.	A	G	12	9	21	0	0	21	0	0
15	49907377	.	A	T	42	21	63	0	1	64	0	0
15	49917341	.	G	A	30	21	51	0	2	53	0	0
15	49917401	.	G	A	35	30	65	0	1	67	0	1
15	49919070	.	C	A	34	33	67	0	1	68	0	0
15	50158557	.	T	A	30	24	54	0	1	55	0	0
15	50189448	.	C	A	21	14	35	0	0	35	0	0
15	50209258	.	T	C	23	24	47	0	2	49	0	0
15	50212281	.	A	G	17	12	29	0	0	29	0	0
15	50272085	.	A	G	22	12	34	0	0	34	0	0
15	50279418	.	A	C	16	19	35	0	0	35	0	0
15	50279662	.	T	C	52	42	94	0	1	96	0	1
15	50288576	.	T	C	16	11	27	0	1	28	0	0
15	50474766	.	A	C	8	13	21	0	1	22	0	0
15	50474900	.	C	T	45	36	81	0	2	83	0	0
15	50518087	.	T	A	6	17	23	0	1	24	0	0
15	50518146	.	A	G	14	23	37	0	2	39	0	0
15	50526030	.	T	A	24	30	54	0	0	54	0	0
15	50526249	.	A	T	19	20	39	0	1	41	0	1
15	50555544	.	G	A	18	10	28	0	2	30	0	0
15	50555710	.	T	C	7	13	20	0	3	23	0	0
15	50570369	.	T	C	27	18	45	0	0	45	0	0
15	50787955	.	T	C	13	14	27	0	0	27	0	0
15	50789444	.	T	G	60	38	98	0	1	99	0	0
15	50835873	.	T	C	38	34	72	0	1	73	0	0
15	50881635	.	A	G	11	9	20	0	2	22	0	0
15	50888387	.	C	T	29	14	43	0	3	46	0	0
15	50923441	.	G	A	11	11	22	0	1	23	0	0
15	50941131	.	A	G	22	22	44	0	0	44	0	0
15	50950141	.	T	C	14	8	22	0	3	25	0	0
15	50978516	.	G	A	23	30	53	0	4	57	0	0
15	51017577	.	G	A	10	15	25	0	1	26	0	0
15	51028748	.	T	C	12	12	24	0	0	24	0	0
15	51040798	.	T	C	19	25	44	0	1	46	0	1
15	51204364	.	G	A	27	34	61	0	1	62	0	0
15	51207818	.	G	C	29	35	64	0	0	64	0	0
15	51217361	.	T	C	63	64	127	0	3	130	0	0
15	51233812	.	T	C	47	41	88	0	1	89	0	0
15	51237857	.	C	G	25	24	49	1	2	52	0	0
15	51238060	.	A	G	11	19	30	0	1	32	0	1
15	51238095	.	G	A	12	18	30	0	1	32	0	1
15	51294832	.	G	A	60	40	100	0	1	101	0	0
15	51295934	.	G	A	26	21	47	0	1	48	0	0
15	51502844	.	A	C	20	20	40	0	0	40	0	0
15	51502986	.	G	A	42	45	87	0	1	88	0	0
15	51504811	.	A	C	20	11	31	0	0	31	0	0
15	51507782	.	T	G	23	27	50	0	0	50	0	0
15	51508120	.	A	C	29	27	56	0	1	57	0	0
15	51510702	.	T	A	24	29	53	0	0	53	0	0
15	51510868	.	A	C	16	13	29	0	2	31	0	0
15	51520206	.	T	C	25	26	51	0	1	52	0	0
15	51529112	.	T	C	39	34	73	0	2	75	0	0
15	51529265	.	T	C	51	39	90	0	1	91	0	0
15	51675625	.	C	T	44	65	109	0	7	116	0	0
15	51749726	.	A	C	34	40	74	0	2	77	0	1
15	51780722	.	C	T	25	26	51	0	0	51	0	0
15	51829812	.	G	A	30	30	60	0	3	63	0	0
15	51829995	.	T	C	26	12	38	0	2	40	0	0
15	51914778	.	T	G	48	54	102	0	13	115	0	0
15	51991454	.	C	T	16	5	21	0	1	22	0	0
15	52005713	.	C	T	14	9	23	0	2	25	0	0
15	52066189	.	A	C	10	22	32	0	4	36	0	0
15	52101594	.	T	A	13	18	31	0	2	33	0	0
15	52252799	.	C	T	34	26	60	0	2	62	0	0
15	52338114	.	T	A	22	15	37	0	2	39	0	0
15	52353498	.	C	G	25	24	49	0	0	49	0	0
15	52387720	.	T	C	28	17	45	0	3	48	0	0
15	52427943	.	G	A	23	19	42	0	1	43	0	0
15	52486335	.	G	A	14	11	25	0	1	26	0	0
15	52487523	.	T	A	39	33	72	0	0	72	0	0
15	52497054	.	G	A	27	30	57	0	6	63	0	0
15	52504142	.	T	C	16	19	35	0	0	35	0	0
15	52505563	.	C	T	22	12	34	0	1	35	0	0
15	52524579	.	T	G	3	17	20	0	0	20	0	0
15	52534344	.	G	A	40	40	80	0	7	88	0	1
15	52536309	.	G	A	15	9	24	0	4	29	0	1
15	52536413	.	C	T	25	15	40	0	5	45	0	0
15	52567631	.	G	A	22	14	36	0	5	41	0	0
15	52611451	.	A	G	95	82	177	0	5	183	0	1
15	52615712	.	T	C	10	11	21	0	1	22	0	0
15	52638740	.	G	A	33	31	64	0	1	65	0	0
15	52643564	.	G	A	34	51	85	0	4	89	0	0
15	52662670	.	T	C	17	25	42	0	0	42	0	0
15	52667450	.	T	C	27	25	52	0	1	53	0	0
15	52681377	.	T	C	10	13	23	0	2	25	0	0
15	52702400	.	G	A	15	12	27	0	1	28	0	0
15	52702699	.	T	C	28	19	47	0	3	50	0	0
15	52798135	.	G	T	16	5	21	0	2	23	0	0
15	52897478	.	T	C	18	21	39	0	4	43	0	0
15	52901283	.	T	C	20	16	36	0	1	37	0	0
15	52901284	.	T	C	21	16	37	0	2	39	0	0
15	52901433	.	C	T	32	38	70	0	0	70	0	0
15	52901638	.	T	C	39	35	74	0	1	75	0	0
15	52901977	.	G	A	32	28	60	0	1	62	1	0
15	52904046	.	C	A	15	10	25	0	0	25	0	0
15	52931601	.	A	G	9	11	20	0	1	21	0	0
15	53176914	.	C	T	18	11	29	0	0	29	0	0
15	53178012	.	T	C	31	32	63	0	1	64	0	0
15	53229391	.	G	A	28	31	59	0	5	64	0	0
15	53229860	.	T	C	48	39	87	0	1	88	0	0
15	53229920	.	C	T	47	45	92	0	4	96	0	0
15	53230059	.	A	C	48	36	84	0	1	85	0	0
15	53809982	.	T	C	13	21	34	0	0	34	0	0
15	54008795	.	T	C	29	25	54	0	3	57	0	0
15	54014882	.	T	C	21	25	46	0	1	47	0	0
15	54025353	.	C	T	15	14	29	0	2	31	0	0
15	54025422	.	A	C	14	6	20	0	2	22	0	0
15	54102969	.	G	C	11	12	23	0	1	24	0	0
15	54340428	.	T	C	30	31	61	0	2	63	0	0
15	54527011	.	C	T	15	17	32	0	0	32	0	0
15	54529629	.	T	C	18	10	28	0	1	29	0	0
15	54529997	.	A	G	12	20	32	0	2	34	0	0
15	54586311	.	A	G	18	15	33	0	0	33	0	0
15	54624313	.	T	A	36	27	63	0	3	66	0	0
15	54630758	.	A	G	8	28	36	0	1	37	0	0
15	54786837	.	C	T	38	29	67	0	0	67	0	0
15	54792428	.	A	G	30	30	60	0	0	60	0	0
15	54818011	.	T	C	10	10	20	0	1	21	0	0
15	54919047	.	A	G	18	14	32	0	0	32	0	0
15	54920600	.	T	C	22	22	44	0	0	44	0	0
15	54920603	.	A	C	22	22	44	0	0	44	0	0
15	54920808	.	T	G	19	24	43	0	1	44	0	0
15	55483104	.	C	A	23	26	49	0	0	49	0	0
15	55489065	.	G	A	25	15	40	0	1	41	0	0
15	55489104	.	A	G	15	8	23	0	1	24	0	0
15	55497691	.	G	A	48	37	85	0	5	91	0	1
15	55597802	.	C	T	13	8	21	0	1	22	0	0
15	55598227	.	T	C	46	52	98	0	4	102	0	0
15	55598531	.	T	G	36	25	61	0	2	63	0	0
15	55599407	.	T	C	11	9	20	0	0	20	0	0
15	55621889	.	T	C	50	50	100	0	2	102	0	0
15	55626310	.	A	G	31	19	50	0	0	50	0	0
15	55632859	.	G	T	36	41	77	0	2	79	0	0
15	55647463	.	T	C	36	33	69	0	3	72	0	0
15	55647617	.	A	C	22	18	40	0	2	42	0	0
15	55710365	.	T	C	18	19	37	0	1	38	0	0
15	55735486	.	G	A	12	11	23	0	5	28	0	0
15	55735513	.	G	A	12	10	22	0	0	22	0	0
15	55783170	.	C	A	30	47	77	0	3	81	1	0
15	55783194	.	T	A	44	60	104	0	5	109	0	0
15	55790310	.	G	T	33	34	67	0	3	70	0	0
15	55790530	.	C	T	56	61	117	0	7	124	0	0
15	55790656	.	T	A	18	16	34	0	1	35	0	0
15	55841032	.	A	G	21	21	42	0	2	44	0	0
15	55916438	.	G	C	18	14	32	0	2	34	0	0
15	55931705	.	C	T	15	15	30	0	0	30	0	0
15	55931716	.	T	G	20	18	38	0	1	39	0	0
15	55965702	.	C	T	31	21	52	0	2	54	0	0
15	55972797	.	T	C	29	15	44	0	0	45	0	1
15	56032519	.	G	A	12	20	32	0	1	33	0	0
15	56032975	.	G	A	12	8	20	0	0	20	0	0
15	56122741	.	A	C	46	50	96	0	4	101	0	1
15	56130286	.	A	T	32	29	61	0	2	63	0	0
15	56130633	.	T	C	27	28	55	0	2	57	0	0
15	56130642	.	G	A	29	31	60	0	2	62	0	0
15	56130692	.	T	C	41	35	76	0	2	78	0	0
15	56152729	.	T	C	78	68	146	0	3	150	0	1
15	56152872	.	C	T	77	52	129	0	3	132	0	0
15	56164876	.	T	C	9	18	27	0	1	28	0	0
15	56207983	.	C	T	42	46	88	0	3	91	0	0
15	56216793	.	C	T	14	15	29	0	0	29	0	0
15	56285695	.	C	T	21	21	42	0	5	47	0	0
15	56296134	.	T	C	10	10	20	2	1	23	0	0
15	56297066	.	G	A	11	18	29	0	1	30	0	0
15	56298739	.	A	G	32	25	57	0	4	63	0	2
15	56299416	.	A	G	12	8	20	0	2	22	0	0
15	56363631	.	G	A	9	13	22	0	0	22	0	0
15	56363698	.	A	G	12	12	24	0	0	25	0	1
15	56366120	.	C	T	11	12	23	0	0	23	0	0
15	56665827	.	C	T	14	7	21	0	0	21	0	0
15	56720490	.	T	G	19	14	33	0	1	34	0	0
15	56720715	.	T	G	14	13	27	0	0	28	0	1
15	56748541	.	A	C	26	34	60	0	2	62	0	0
15	56756420	.	C	T	46	41	87	0	7	94	0	0
15	56756575	.	T	C	14	6	20	0	1	21	0	0
15	56923536	.	A	G	19	18	37	0	5	42	0	0
15	56924257	.	G	C	32	30	62	0	0	62	0	0
15	56946753	.	T	C	11	18	29	0	1	30	0	0
15	56946980	.	T	G	15	22	37	0	1	38	0	0
15	56959028	.	C	T	44	52	96	0	2	98	0	0
15	56971170	.	T	C	12	9	21	0	0	21	0	0
15	57212035	.	C	T	18	21	39	0	1	40	0	0
15	57258531	.	T	A	15	9	24	0	0	24	0	0
15	57258736	.	C	G	16	11	27	0	2	30	0	1
15	57523542	.	A	G	23	16	39	0	1	40	0	0
15	57524857	.	T	C	29	28	57	0	0	57	0	0
15	57744311	.	T	A	52	36	88	0	3	91	0	0
15	57744582	.	A	G	15	13	28	0	1	29	0	0
15	57896366	.	A	T	9	15	24	0	2	26	0	0
15	57910164	.	G	A	28	27	55	0	1	56	0	0
15	57918069	.	A	G	28	18	46	0	2	48	0	0
15	57924586	.	T	A	84	78	162	0	3	165	0	0
15	57925836	.	C	T	23	15	38	0	8	46	0	0
15	57925990	.	A	G	19	12	31	0	2	33	0	0
15	58000981	.	C	T	43	44	87	0	0	87	0	0
15	58246602	.	A	C	19	8	27	0	2	29	0	0
15	58246696	.	A	G	36	17	53	0	1	55	0	1
15	58246768	.	T	G	29	17	46	0	1	47	0	0
15	58246916	.	A	G	30	14	44	0	0	44	0	0
15	58253062	.	C	T	15	11	26	0	2	28	0	0
15	58253269	.	T	G	23	17	40	0	1	41	0	0
15	58254178	.	T	A	61	49	110	0	6	117	0	1
15	58256127	.	C	T	22	28	50	0	2	52	0	0
15	58257847	.	C	T	22	27	49	0	1	50	0	0
15	58302887	.	T	C	67	48	115	0	4	119	0	0
15	58303025	.	G	A	29	26	55	0	1	56	0	0
15	58465483	.	C	T	21	22	43	0	5	48	0	0
15	58476010	.	A	T	19	21	40	0	1	42	0	1
15	58724371	.	C	T	21	19	40	0	0	40	0	0
15	58724372	.	G	A	20	19	39	0	0	39	0	0
15	58833938	.	G	A	39	25	64	0	7	71	0	0
15	58837957	.	A	G	24	29	53	0	11	64	0	0
15	58838200	.	G	A	15	14	29	0	2	31	0	0
15	58853053	.	C	G	33	34	67	0	2	69	0	0
15	58853079	.	C	A	41	46	87	0	2	89	0	0
15	58853109	.	A	G	40	48	88	0	3	91	0	0
15	58853218	.	C	T	65	48	113	0	0	113	0	0
15	58853307	.	C	G	32	34	66	0	1	67	0	0
15	58853363	.	C	T	19	21	40	0	1	41	0	0
15	58860963	.	C	A	21	33	54	0	0	54	0	0
15	59010111	.	C	G	29	15	44	0	0	44	0	0
15	59080203	.	A	G	17	24	41	0	0	41	0	0
15	59147800	.	C	T	24	18	42	0	0	42	0	0
15	59180748	.	A	G	46	37	83	0	4	87	0	0
15	59190930	.	C	T	13	10	23	0	0	23	0	0
15	59347757	.	G	A	11	20	31	0	0	31	0	0
15	59347929	.	C	A	30	39	69	0	3	72	0	0
15	59368167	.	G	A	32	41	73	0	1	74	0	0
15	59376531	.	T	C	14	19	33	0	0	33	0	0
15	59381769	.	A	T	14	17	31	0	1	32	0	0
15	59388641	.	A	T	34	43	77	0	2	79	0	0
15	59406581	.	T	C	33	19	52	0	2	54	0	0
15	59408628	.	T	C	17	7	24	0	1	25	0	0
15	59428658	.	C	G	13	13	26	0	3	29	0	0
15	59429111	.	G	A	43	28	71	0	3	74	0	0
15	59443150	.	G	A	24	14	38	0	2	40	0	0
15	59455356	.	G	C	25	25	50	0	1	51	0	0
15	59466217	.	T	G	31	28	59	0	2	61	0	0
15	59494618	.	G	C	24	18	42	0	2	44	0	0
15	59510189	.	G	A	24	19	43	0	1	44	0	0
15	59515104	.	C	G	12	10	22	0	0	23	0	1
15	59515434	.	C	T	21	19	40	0	3	43	0	0
15	59515446	.	C	G	21	17	38	0	2	40	0	0
15	59516745	.	T	C	14	11	25	0	0	26	0	1
15	59516875	.	C	T	24	17	41	0	4	45	0	0
15	59524043	.	G	A	27	16	43	0	1	44	0	0
15	59524108	.	G	A	16	7	23	0	0	23	0	0
15	59784648	.	A	G	29	25	54	0	1	56	0	1
15	59806689	.	A	G	18	22	40	0	1	41	0	0
15	59913013	.	A	G	15	14	29	0	0	29	0	0
15	59981590	.	G	A	10	16	26	0	5	31	0	0
15	59981719	.	C	T	13	13	26	0	2	28	0	0
15	60257204	.	G	A	10	10	20	0	0	20	0	0
15	60257885	.	C	T	18	26	44	0	2	46	0	0
15	60653205	.	C	A	20	21	41	0	0	41	0	0
15	60715248	.	A	G	36	26	62	0	2	64	0	0
15	60720488	.	T	C	27	35	62	0	0	62	0	0
15	60734460	.	C	G	13	10	23	0	0	23	0	0
15	60734697	.	A	G	35	48	83	0	1	84	0	0
15	60748810	.	T	A	26	23	49	0	5	54	0	0
15	60797607	.	T	C	18	25	43	0	1	44	0	0
15	62244281	.	C	G	4	26	30	0	0	30	0	0
15	62246837	.	G	A	17	14	31	0	2	33	0	0
15	62535864	.	T	C	38	41	79	0	8	90	0	3
15	62538959	.	A	G	54	52	106	0	11	117	0	0
15	62538972	.	C	A	54	54	108	0	10	118	0	0
15	62539151	.	T	C	74	56	130	12	5	147	0	0
15	62539162	.	A	C	81	64	145	12	8	166	1	0
15	62539185	.	T	C	88	75	163	12	9	184	0	0
15	62542386	.	G	C	32	29	61	0	0	62	0	1
15	62543576	.	A	G	16	10	26	0	2	28	0	0
15	62543992	.	C	G	48	51	99	0	7	106	0	0
15	62544604	.	T	C	45	38	83	0	4	87	0	0
15	62545900	.	T	C	24	38	62	0	1	63	0	0
15	62546008	.	A	G	69	74	143	0	3	146	0	0
15	62546263	.	G	A	69	62	131	0	3	134	0	0
15	62546657	.	T	C	52	52	104	0	5	110	0	1
15	62546659	.	G	C	46	55	101	0	5	106	0	0
15	62548573	.	C	T	16	33	49	13	1	63	0	0
15	62548603	.	C	T	35	15	50	2	0	52	0	0
15	62550097	.	G	C	32	45	77	0	0	77	0	0
15	62551826	.	A	T	19	19	38	0	0	38	0	0
15	62552203	.	G	A	77	78	155	0	8	163	0	0
15	62562955	.	A	G	37	44	81	0	5	87	1	0
15	62563018	.	C	T	32	29	61	0	13	76	2	0
15	62654026	.	C	A	25	19	44	0	0	44	0	0
15	62654550	.	C	T	24	16	40	0	8	48	0	0
15	62944383	.	C	T	16	12	28	0	1	29	0	0
15	62947994	.	A	G	10	15	25	0	0	25	0	0
15	62989789	.	A	G	42	43	85	0	2	87	0	0
15	62990097	.	G	A	44	28	72	0	2	74	0	0
15	63009733	.	A	G	7	20	27	0	0	27	0	0
15	63009804	.	C	T	17	22	39	0	0	39	0	0
15	63014548	.	A	G	24	21	45	0	2	47	0	0
15	63017083	.	T	C	16	8	24	0	1	25	0	0
15	63044446	.	T	A	58	30	88	0	5	93	0	0
15	63047713	.	T	C	18	14	32	0	4	37	0	1
15	63047778	.	C	T	20	19	39	0	3	42	0	0
15	63054439	.	C	G	43	41	84	0	5	89	0	0
15	63127774	.	G	A	27	29	56	0	0	56	0	0
15	63128005	.	T	A	96	77	173	0	10	183	0	0
15	63131117	.	T	A	45	45	90	0	1	91	0	0
15	63133002	.	T	C	37	37	74	0	6	80	0	0
15	63133129	.	G	A	35	39	74	0	0	76	1	1
15	63246254	.	A	G	96	82	178	0	3	181	0	0
15	63341108	.	C	T	42	26	68	0	3	71	0	0
15	63341238	.	G	C	54	81	135	0	5	140	0	0
15	63351687	.	A	G	21	18	39	0	2	42	0	1
15	63352958	.	T	C	36	37	73	0	1	74	0	0
15	63353760	.	C	A	15	12	27	0	1	28	0	0
15	63363654	.	A	G	49	61	110	0	2	112	0	0
15	63363750	.	T	A	34	42	76	0	3	79	0	0
15	63414813	.	G	T	36	26	62	0	3	65	0	0
15	63433766	.	G	A	13	23	36	0	0	36	0	0
15	63434110	.	C	T	25	25	50	0	1	52	0	1
15	63448554	.	C	G	18	23	41	0	2	43	0	0
15	63481801	.	G	C	12	14	26	0	3	29	0	0
15	63551808	.	T	C	29	20	49	0	1	50	0	0
15	63579780	.	T	C	83	67	150	0	6	156	0	0
15	63597639	.	C	T	19	13	32	0	0	32	0	0
15	63615671	.	G	C	12	11	23	0	0	23	0	0
15	63615764	.	C	T	7	14	21	0	4	25	0	0
15	63618250	.	G	A	17	13	30	0	3	33	0	0
15	63630891	.	C	T	22	15	37	0	3	40	0	0
15	63637528	.	C	T	24	33	57	0	8	66	1	0
15	63638637	.	C	T	37	37	74	0	3	78	0	1
15	63848805	.	C	G	7	18	25	0	0	25	0	0
15	63889798	.	G	A	30	17	47	0	2	49	0	0
15	63915786	.	C	T	10	10	20	0	1	21	0	0
15	63916223	.	C	T	19	18	37	0	0	37	0	0
15	63922752	.	T	A	24	23	47	0	1	48	0	0
15	63932513	.	G	C	51	30	81	0	1	83	0	1
15	63935149	.	A	G	17	17	34	0	0	34	0	0
15	63937209	.	C	G	41	39	80	0	4	84	0	0
15	63953153	.	A	G	22	27	49	0	2	51	0	0
15	63954029	.	C	T	50	64	114	0	3	117	0	0
15	63958762	.	T	C	8	14	22	0	0	22	0	0
15	63970456	.	T	C	34	19	53	0	3	56	0	0
15	63982018	.	T	C	10	11	21	0	0	21	0	0
15	63984772	.	T	C	17	26	43	0	5	48	0	0
15	63988357	.	C	G	29	45	74	0	2	76	0	0
15	63988460	.	T	C	31	46	77	0	1	78	0	0
15	64017798	.	A	G	16	13	29	0	1	30	0	0
15	64039050	.	T	C	17	27	44	0	0	44	0	0
15	64048990	.	T	C	12	9	21	0	1	22	0	0
15	64050300	.	G	A	36	32	68	0	2	71	0	1
15	64214954	.	G	C	22	23	45	0	1	46	0	0
15	64214993	.	G	C	29	23	52	0	3	55	0	0
15	64215375	.	G	C	30	26	56	0	12	68	0	0
15	64216965	.	C	T	53	41	94	0	5	99	0	0
15	64221569	.	C	T	11	11	22	0	1	23	0	0
15	64222466	.	G	A	20	12	32	0	0	32	0	0
15	64365340	.	C	T	14	11	25	0	2	27	0	0
15	64367745	.	T	C	36	35	71	0	3	74	0	0
15	64385733	.	C	A	22	13	35	0	0	36	1	0
15	64410484	.	G	T	59	79	138	0	2	140	0	0
15	64418221	.	C	G	18	23	41	0	0	41	0	0
15	64418397	.	G	A	30	19	49	0	9	60	0	2
15	64418483	.	C	T	10	15	25	0	5	30	0	0
15	64428657	.	G	A	40	29	69	0	0	69	0	0
15	64496926	.	T	C	32	19	51	0	4	56	0	1
15	64686432	.	G	A	16	12	28	0	0	28	0	0
15	64706259	.	G	A	41	38	79	0	4	83	0	0
15	64821498	.	A	G	9	11	20	0	0	20	0	0
15	64962630	.	A	C	42	41	83	0	4	87	0	0
15	64974170	.	C	T	17	19	36	0	4	40	0	0
15	64995045	.	A	T	12	14	26	0	2	28	0	0
15	65033311	.	C	T	11	18	29	0	0	29	0	0
15	65108504	.	A	T	42	35	77	0	6	83	0	0
15	65108652	.	T	C	38	17	55	0	1	56	0	0
15	65108707	.	G	C	20	23	43	0	5	48	0	0
15	65113493	.	G	A	20	18	38	0	5	43	0	0
15	65140520	.	A	G	6	14	20	0	1	21	0	0
15	65140715	.	C	G	42	50	92	0	3	96	0	1
15	65159458	.	T	C	19	19	38	0	0	38	0	0
15	65214113	.	C	T	22	20	42	0	1	43	0	0
15	65235500	.	A	T	10	19	29	0	0	29	0	0
15	65236875	.	T	C	16	25	41	0	2	43	0	0
15	65237027	.	C	T	17	9	26	0	1	27	0	0
15	65239848	.	C	T	16	15	31	0	2	33	0	0
15	65241854	.	A	T	17	5	22	0	0	22	0	0
15	65241910	.	A	G	20	14	34	0	2	36	0	0
15	65273399	.	T	C	17	13	30	0	0	30	0	0
15	65315961	.	T	C	19	18	37	0	1	38	0	0
15	65344035	.	G	A	9	23	32	0	2	34	0	0
15	65345557	.	A	G	14	14	28	0	3	31	0	0
15	65345962	.	G	T	10	19	29	0	1	30	0	0
15	65347411	.	C	T	26	20	46	0	3	49	0	0
15	65447833	.	A	G	10	10	20	0	2	22	0	0
15	65450823	.	G	A	9	15	24	0	0	24	0	0
15	65471240	.	G	T	28	24	52	0	0	52	0	0
15	65477370	.	C	T	38	53	91	0	10	101	0	0
15	65489128	.	C	T	14	23	37	0	2	39	0	0
15	65496587	.	C	T	36	27	63	0	0	63	0	0
15	65499468	.	G	T	27	33	60	0	9	70	0	1
15	65563200	.	A	G	32	37	69	0	3	73	0	1
15	65676617	.	T	C	45	41	86	0	7	93	0	0
15	65676726	.	C	T	16	19	35	1	1	37	0	0
15	65678141	.	A	T	21	31	52	0	2	54	0	0
15	65681080	.	C	G	25	15	40	0	0	40	0	0
15	65681801	.	G	A	30	15	45	0	1	46	0	0
15	65685968	.	G	A	10	13	23	0	1	24	0	0
15	65703625	.	C	G	32	29	61	0	4	65	0	0
15	65758868	.	A	T	19	21	40	0	2	42	0	0
15	65758874	.	C	G	22	23	45	0	0	45	0	0
15	65792839	.	G	A	14	17	31	0	4	35	0	0
15	65827990	.	A	T	25	19	44	0	5	49	0	0
15	65903398	.	G	A	32	36	68	0	6	74	0	0
15	65918240	.	G	A	53	43	96	0	2	98	0	0
15	65960195	.	A	G	23	26	49	0	0	49	0	0
15	65989415	.	G	C	10	13	23	0	2	25	0	0
15	65994733	.	C	T	17	19	36	0	2	38	0	0
15	66063428	.	C	T	34	24	58	0	2	60	0	0
15	66191119	.	G	A	54	42	96	0	1	97	0	0
15	66600955	.	T	A	29	22	51	0	3	54	0	0
15	66604023	.	C	A	15	12	27	0	0	27	0	0
15	66614922	.	A	C	49	36	85	0	0	85	0	0
15	66614956	.	A	T	48	56	104	0	3	107	0	0
15	66621236	.	G	A	22	23	45	0	1	46	0	0
15	66621346	.	A	G	28	33	61	0	2	63	0	0
15	66624200	.	G	A	36	27	63	0	4	67	0	0
15	66629394	.	T	C	46	63	109	0	2	111	0	0
15	66641417	.	T	C	48	44	92	0	4	96	0	0
15	66643974	.	A	C	8	16	24	0	15	40	1	0
15	66679819	.	G	C	31	32	63	0	2	65	0	0
15	66783610	.	G	A	38	32	70	0	1	71	0	0
15	66784330	.	G	A	51	41	92	0	1	93	0	0
15	66787821	.	C	T	19	18	37	0	1	38	0	0
15	66792317	.	C	A	9	14	23	0	1	24	0	0
15	66793613	.	T	G	18	24	42	0	3	45	0	0
15	66795585	.	T	G	13	18	31	0	0	31	0	0
15	66795658	.	C	G	17	11	28	0	1	29	0	0
15	66797357	.	C	T	12	8	20	0	1	21	0	0
15	66801138	.	A	G	18	23	41	0	0	41	0	0
15	66806160	.	G	T	11	12	23	0	0	23	0	0
15	66806460	.	A	G	12	10	22	0	0	22	0	0
15	66807774	.	T	C	24	38	62	0	2	66	0	2
15	66812841	.	T	C	17	20	37	0	0	37	0	0
15	66813069	.	T	G	20	31	51	0	2	53	0	0
15	66813603	.	G	T	26	23	49	0	1	50	0	0
15	66816135	.	C	A	20	17	37	0	2	39	0	0
15	66822026	.	G	A	21	35	56	0	4	60	0	0
15	66825485	.	G	A	16	17	33	0	0	33	0	0
15	66829396	.	T	G	10	10	20	0	0	20	0	0
15	66850006	.	A	G	18	15	33	0	4	37	0	0
15	66857791	.	G	A	13	18	31	0	3	35	0	1
15	66976158	.	C	T	12	10	22	0	0	22	0	0
15	66976250	.	G	A	36	32	68	0	0	68	0	0
15	66976372	.	C	T	42	31	73	0	2	75	0	0
15	66976378	.	G	T	40	27	67	0	4	71	0	0
15	66994830	.	C	T	21	15	36	0	8	44	0	0
15	67457335	.	A	G	49	48	97	0	6	103	0	0
15	67457485	.	G	C	30	35	65	0	7	72	0	0
15	67476952	.	G	T	19	12	31	0	2	33	0	0
15	67476970	.	T	C	19	12	31	0	3	34	0	0
15	67484297	.	C	T	21	20	41	0	0	42	0	1
15	67487549	.	C	G	51	44	95	0	3	98	0	0
15	67501033	.	G	A	34	17	51	0	2	53	0	0
15	67501782	.	T	C	11	15	26	0	1	28	0	1
15	67528374	.	T	G	30	31	61	0	0	61	0	0
15	67547301	.	C	A	42	27	69	0	12	82	0	1
15	67596815	.	T	G	14	24	38	0	1	39	0	0
15	67652097	.	G	C	42	47	89	0	7	96	0	0
15	67892000	.	G	A	38	31	69	0	4	73	0	0
15	67892309	.	T	C	12	9	21	0	1	22	0	0
15	67951150	.	G	T	48	40	88	0	5	94	0	1
15	67957014	.	A	T	39	40	79	0	1	80	0	0
15	68062019	.	C	T	28	28	56	0	0	56	0	0
15	68098936	.	G	A	49	36	85	0	6	91	0	0
15	68121428	.	T	A	6	18	24	0	4	28	0	0
15	68468695	.	T	C	21	18	39	0	0	40	1	0
15	68473808	.	G	A	21	18	39	0	4	43	0	0
15	68497597	.	G	A	33	26	59	0	5	64	0	0
15	68503962	.	G	A	22	22	44	0	6	50	0	0
15	68510770	.	A	G	6	17	23	0	0	24	0	1
15	68583382	.	C	T	52	50	102	0	2	105	0	1
15	68605169	.	G	A	23	18	41	0	4	45	0	0
15	68613778	.	G	T	13	16	29	0	1	30	0	0
15	68613787	.	A	G	15	16	31	0	1	32	0	0
15	68613922	.	C	T	14	10	24	0	0	24	0	0
15	68618961	.	T	C	20	15	35	0	3	38	0	0
15	68624175	.	C	T	21	23	44	0	4	48	0	0
15	68624396	.	A	C	33	24	57	0	2	59	0	0
15	68624641	.	A	C	26	41	67	0	8	75	0	0
15	68628143	.	C	T	54	61	115	0	16	131	0	0
15	68631740	.	A	G	14	11	25	0	2	27	0	0
15	68643772	.	A	G	32	22	54	0	6	60	0	0
15	68643802	.	G	T	23	17	40	0	6	46	0	0
15	68650913	.	G	A	24	26	50	0	3	53	0	0
15	68695105	.	C	A	20	14	34	0	1	36	0	1
15	68695165	.	C	A	27	20	47	0	5	53	0	1
15	69018883	.	A	G	11	28	39	0	5	44	0	0
15	69018959	.	A	T	15	20	35	0	0	35	0	0
15	69238445	.	G	A	23	18	41	0	1	42	0	0
15	69325581	.	C	T	22	17	39	0	4	43	0	0
15	69327737	.	G	A	46	27	73	0	5	79	1	0
15	69327825	.	C	T	36	47	83	0	7	90	0	0
15	69327998	.	C	T	42	37	79	0	7	86	0	0
15	69329216	.	T	C	24	20	44	0	1	45	0	0
15	69334957	.	C	T	66	72	138	0	5	143	0	0
15	69347593	.	G	A	18	21	39	0	0	39	0	0
15	69347652	.	G	A	38	13	51	0	2	53	0	0
15	69452974	.	A	G	15	7	22	0	0	22	0	0
15	69561518	.	G	A	23	34	57	0	0	59	0	2
15	69738550	.	T	A	21	12	33	0	2	35	0	0
15	70345626	.	C	T	27	33	60	0	2	63	0	1
15	70346923	.	C	T	41	37	78	0	12	91	1	0
15	70347362	.	C	A	15	23	38	0	0	38	0	0
15	70347553	.	C	T	42	54	96	0	5	101	0	0
15	70348523	.	G	C	26	23	49	0	3	52	0	0
15	70349744	.	T	C	54	43	97	0	4	101	0	0
15	70350119	.	A	G	18	19	37	0	6	43	0	0
15	70350287	.	C	T	8	13	21	0	0	21	0	0
15	70350293	.	A	C	9	11	20	0	1	21	0	0
15	70351649	.	C	A	17	13	30	0	1	32	1	0
15	70351788	.	T	C	38	23	61	0	1	62	0	0
15	70366950	.	G	T	44	35	79	0	3	82	0	0
15	70991925	.	G	C	65	44	109	0	8	117	0	0
15	70992005	.	A	G	34	39	73	0	6	79	0	0
15	70994283	.	G	A	19	10	29	0	2	31	0	0
15	71089138	.	A	G	58	50	108	0	10	118	0	0
15	71089392	.	C	T	18	25	43	0	0	43	0	0
15	71125093	.	G	A	26	22	48	0	9	57	0	0
15	71125204	.	A	G	16	26	42	0	2	44	0	0
15	71151612	.	A	G	20	22	42	0	1	43	0	0
15	71152411	.	C	T	33	47	80	0	4	84	0	0
15	71535458	.	G	C	16	5	21	0	1	22	0	0
15	71548937	.	T	C	28	23	51	0	1	52	0	0
15	71633747	.	G	T	55	54	109	0	0	109	0	0
15	71706277	.	G	T	29	24	53	0	1	55	0	1
15	71940451	.	A	G	13	14	27	0	0	27	0	0
15	71940618	.	A	G	42	32	74	0	1	76	0	1
15	71952772	.	C	A	25	20	45	0	1	46	0	0
15	71953045	.	G	A	32	28	60	0	2	63	0	1
15	72023422	.	C	T	19	21	40	0	2	42	0	0
15	72050139	.	C	T	18	25	43	0	1	44	0	0
15	72050181	.	A	G	24	38	62	0	1	63	0	0
15	72050508	.	G	A	16	17	33	0	3	36	0	0
15	72057233	.	C	A	44	32	76	0	2	78	0	0
15	72057578	.	A	G	28	25	53	0	5	58	0	0
15	72073003	.	C	T	27	25	52	0	4	56	0	0
15	72103795	.	T	C	16	22	38	0	2	40	0	0
15	72104798	.	G	A	45	35	80	0	14	94	0	0
15	72119423	.	C	T	11	9	20	0	0	20	0	0
15	72170599	.	T	C	17	12	29	0	2	31	0	0
15	72175950	.	G	A	47	33	80	0	5	86	0	1
15	72191073	.	T	C	34	26	60	0	1	61	0	0
15	72191266	.	C	T	19	31	50	0	3	53	0	0
15	72324975	.	T	A	18	9	27	0	1	28	0	0
15	72333608	.	G	A	7	13	20	0	1	21	0	0
15	72431883	.	G	C	24	29	53	0	2	55	0	0
15	72432583	.	A	G	9	17	26	0	0	26	0	0
15	72433144	.	A	G	25	27	52	0	1	53	0	0
15	72462165	.	A	C	58	49	107	0	5	112	0	0
15	72492779	.	C	A	27	27	54	0	4	58	0	0
15	72533738	.	T	G	29	24	53	0	3	56	0	0
15	72543396	.	C	T	13	20	33	0	3	36	0	0
15	72559326	.	T	G	13	11	24	0	2	26	0	0
15	72578072	.	C	A	17	11	28	0	1	29	0	0
15	72637960	.	C	T	11	10	21	0	1	22	0	0
15	72640193	.	G	T	23	40	63	0	4	68	0	1
15	72640226	.	T	A	24	37	61	0	1	63	0	1
15	72640563	.	C	T	24	13	37	0	1	38	0	0
15	72645352	.	C	T	19	16	35	0	2	37	0	0
15	72648034	.	T	G	18	18	36	0	5	41	0	0
15	72701426	.	T	C	28	25	53	0	1	54	0	0
15	72898152	.	A	G	27	26	53	0	0	53	0	0
15	72898381	.	G	C	15	10	25	0	1	26	0	0
15	72898677	.	G	A	37	41	78	0	3	82	0	1
15	72899200	.	G	A	17	12	29	0	1	30	0	0
15	72899534	.	C	T	23	33	56	0	3	59	0	0
15	72899545	.	G	A	27	38	65	0	1	66	0	0
15	72899991	.	C	T	66	62	128	0	5	133	0	0
15	72900100	.	A	G	42	48	90	0	2	92	0	0
15	72900475	.	A	G	14	20	34	0	2	36	0	0
15	72901323	.	G	A	127	135	262	2	16	281	0	1
15	72901349	.	C	T	129	122	251	2	11	265	0	1
15	72901353	.	A	G	131	122	253	2	9	265	0	1
15	72901549	.	C	A	74	69	143	3	10	156	0	0
15	72902187	.	G	A	62	46	108	0	2	112	0	2
15	72904176	.	C	T	49	41	90	0	4	94	0	0
15	72904657	.	G	A	86	62	148	0	9	157	0	0
15	72941381	.	G	A	26	52	78	8	5	92	0	1
15	72941392	.	A	G	34	54	88	4	5	98	0	1
15	72941453	.	C	T	29	16	45	23	5	73	0	0
15	72953433	.	A	C	44	13	57	26	3	86	0	0
15	72953518	.	G	A	56	35	91	34	4	129	0	0
15	72954515	.	T	G	29	21	50	28	2	83	0	3
15	72954838	.	G	A	85	45	130	79	12	221	0	0
15	72956543	.	G	C	72	45	117	16	6	139	0	0
15	72956669	.	G	A	72	57	129	5	6	140	0	0
15	72957467	.	G	T	65	89	154	181	3	339	0	1
15	72959137	.	C	A	43	33	76	93	2	171	0	0
15	72978996	.	G	T	20	10	30	0	2	32	0	0
15	73021855	.	T	C	30	37	67	0	5	72	0	0
15	73027478	.	T	C	47	62	109	0	1	112	0	2
15	73029052	.	T	C	38	20	58	0	1	59	0	0
15	73044575	.	G	A	40	37	77	0	2	79	0	0
15	73048529	.	G	A	42	41	83	2	4	90	0	1
15	73050222	.	C	T	13	14	27	0	0	27	0	0
15	73052840	.	T	C	36	32	68	0	3	71	0	0
15	73052845	.	A	G	35	27	62	0	2	64	0	0
15	73528937	.	T	C	13	23	36	0	1	37	0	0
15	73541513	.	A	G	30	33	63	0	0	63	0	0
15	73551250	.	A	G	11	24	35	0	0	35	0	0
15	73564881	.	C	T	34	29	63	0	3	66	0	0
15	73566160	.	A	C	27	27	54	0	2	56	0	0
15	73614114	.	T	C	29	30	59	0	1	61	0	1
15	73616635	.	T	C	21	14	35	0	3	38	0	0
15	73616744	.	C	T	15	11	26	0	1	27	0	0
15	73832623	.	C	T	13	12	25	0	0	25	0	0
15	73848808	.	A	C	12	13	25	0	0	25	0	0
15	74000506	.	T	G	9	12	21	0	1	22	0	0
15	74000839	.	G	A	31	33	64	0	4	68	0	0
15	74003936	.	G	A	23	26	49	0	0	49	0	0
15	74032783	.	A	G	37	33	70	0	12	82	0	0
15	74043523	.	A	G	26	38	64	0	11	75	0	0
15	74176277	.	G	A	28	24	52	0	1	53	0	0
15	74178966	.	G	A	27	30	57	0	2	59	0	0
15	74179024	.	C	A	19	21	40	0	2	42	0	0
15	74239613	.	G	A	26	26	52	0	1	53	0	0
15	74317362	.	G	A	21	15	36	0	3	39	0	0
15	74326717	.	C	T	16	6	22	0	0	22	0	0
15	74328141	.	G	T	50	36	86	0	15	102	0	1
15	74335307	.	C	T	31	31	62	0	4	66	0	0
15	74336656	.	C	T	34	32	66	0	2	68	0	0
15	74355896	.	A	G	30	40	70	14	7	91	0	0
15	74356277	.	G	C	22	7	29	7	2	38	0	0
15	74356758	.	T	G	12	13	25	1	0	26	0	0
15	74364150	.	C	G	146	63	209	88	16	313	0	0
15	74364467	.	C	A	35	67	102	77	7	186	0	0
15	74364478	.	T	C	52	55	107	59	12	178	0	0
15	74364673	.	G	T	207	73	280	57	24	362	0	1
15	74365266	.	C	T	73	14	87	26	6	119	0	0
15	74367358	.	G	C	29	37	66	25	4	95	0	0
15	74368492	.	T	G	11	17	28	44	2	74	0	0
15	74392372	.	T	C	42	24	66	10	2	78	0	0
15	74392652	.	A	G	32	46	78	17	8	103	0	0
15	74475935	.	T	C	13	7	20	0	3	23	0	0
15	74477216	.	G	A	16	16	32	0	2	34	0	0
15	74477239	.	G	A	14	22	36	0	3	39	0	0
15	74486082	.	G	A	31	32	63	0	3	66	0	0
15	74486444	.	C	T	9	12	21	0	4	25	0	0
15	74509884	.	C	G	20	21	41	0	4	45	0	0
15	74529130	.	T	G	14	13	27	0	0	27	0	0
15	74659609	.	G	T	38	33	71	1	11	83	0	0
15	74741686	.	C	T	15	14	29	0	3	33	0	1
15	74751108	.	G	A	24	26	50	0	1	51	0	0
15	74889298	.	C	T	10	14	24	0	4	28	0	0
15	74889356	.	T	C	12	12	24	0	1	25	0	0
15	75043431	.	G	A	55	37	92	0	6	98	0	0
15	75093348	.	C	T	16	20	36	0	1	37	0	0
15	75093533	.	G	T	11	10	21	0	4	25	0	0
15	75093580	.	T	C	9	11	20	0	1	21	0	0
15	75093798	.	C	T	42	37	79	0	4	83	0	0
15	75093890	.	A	C	65	55	120	0	9	129	0	0
15	75094512	.	A	G	27	29	56	0	4	60	0	0
15	75095073	.	G	A	19	13	32	0	8	40	0	0
15	75095157	.	T	G	16	21	37	0	0	37	0	0
15	75095483	.	T	C	63	74	137	0	12	149	0	0
15	75095686	.	C	G	19	18	37	0	5	42	0	0
15	75108372	.	C	G	12	9	21	0	1	22	0	0
15	75111530	.	G	A	55	44	99	0	7	106	0	0
15	75112459	.	T	A	35	26	61	0	3	64	0	0
15	75113083	.	A	G	23	28	51	0	3	54	0	0
15	75115895	.	G	A	41	37	78	0	4	82	0	0
15	75116184	.	C	G	8	13	21	0	4	25	0	0
15	75131567	.	C	T	18	18	36	0	3	39	0	0
15	75131661	.	A	G	39	18	57	0	3	60	0	0
15	75132164	.	T	C	21	16	37	0	4	41	0	0
15	75142761	.	T	G	18	16	34	0	0	34	0	0
15	75143491	.	G	A	14	12	26	0	0	26	0	0
15	75144543	.	G	A	19	15	34	0	4	38	0	0
15	75147126	.	G	C	24	19	43	0	7	50	0	0
15	75305040	.	A	G	59	56	115	0	7	122	0	0
15	75306795	.	T	G	32	35	67	0	2	69	0	0
15	75306863	.	A	G	64	40	104	0	5	110	0	1
15	75310286	.	C	T	74	69	143	0	7	150	0	0
15	75310710	.	T	C	36	34	70	0	7	79	1	1
15	75311842	.	G	C	7	22	29	0	1	31	0	1
15	75406875	.	G	A	13	19	32	0	0	32	0	0
15	75407051	.	C	T	11	15	26	0	2	28	0	0
15	75499602	.	C	A	33	27	60	0	7	67	0	0
15	75499861	.	G	A	44	34	78	0	0	78	0	0
15	75499995	.	T	G	32	31	63	0	4	67	0	0
15	75508276	.	A	G	21	19	40	0	0	40	0	0
15	75515970	.	T	C	11	9	20	0	1	21	0	0
15	75515995	.	C	G	14	11	25	0	1	26	0	0
15	75515997	.	A	C	14	12	26	0	1	27	0	0
15	75516075	.	T	C	32	22	54	0	2	56	0	0
15	75516212	.	G	A	12	8	20	1	2	23	0	0
15	75516277	.	T	C	14	7	21	1	2	24	0	0
15	75551143	.	C	T	25	25	50	44	9	103	0	0
15	75554061	.	C	T	14	18	32	42	2	77	0	1
15	75565436	.	A	G	19	6	25	4	0	29	0	0
15	75565444	.	G	C	9	16	25	4	1	30	0	0
15	75592651	.	G	A	18	12	30	2	2	34	0	0
15	75592690	.	A	G	19	11	30	2	0	32	0	0
15	75593103	.	G	T	20	15	35	0	4	39	0	0
15	75593784	.	C	T	23	9	32	14	0	46	0	0
15	75594160	.	A	G	61	47	108	4	5	117	0	0
15	75594162	.	G	A	59	46	105	4	7	116	0	0
15	75594210	.	T	C	31	26	57	11	2	70	0	0
15	75594562	.	A	G	13	9	22	0	1	23	0	0
15	75595357	.	T	A	29	18	47	0	1	48	0	0
15	75614821	.	C	A	71	52	123	0	4	129	0	2
15	75630562	.	C	T	27	20	47	0	2	49	0	0
15	75630635	.	A	T	48	38	86	16	1	103	0	0
15	75631587	.	A	T	123	109	232	1	19	252	0	0
15	75640423	.	C	T	12	15	27	0	4	31	0	0
15	75644476	.	G	A	19	17	36	0	1	37	0	0
15	75650836	.	G	A	32	32	64	0	3	67	0	0
15	75650972	.	G	A	58	53	111	0	7	118	0	0
15	75704177	.	T	C	13	9	22	0	1	23	0	0
15	75913015	.	A	C	12	10	22	0	0	22	0	0
15	75916931	.	T	G	12	19	31	0	8	40	1	0
15	75916940	.	T	G	6	22	28	0	10	38	0	0
15	75950733	.	T	C	38	28	66	0	4	70	0	0
15	75966885	.	G	A	14	7	21	0	6	27	0	0
15	75979966	.	G	A	101	104	205	0	15	220	0	0
15	75983588	.	A	G	17	13	30	0	0	30	0	0
15	76039262	.	T	C	32	23	55	0	2	57	0	0
15	76056544	.	T	C	19	12	31	0	3	34	0	0
15	76056561	.	T	G	14	13	27	0	3	30	0	0
15	76056563	.	G	C	15	13	28	0	2	30	0	0
15	76056565	.	G	A	15	13	28	0	2	30	0	0
15	76068813	.	C	A	14	10	24	0	3	27	0	0
15	76074241	.	C	A	22	28	50	0	1	51	0	0
15	76077624	.	G	A	42	44	86	0	1	87	0	0
15	76077760	.	T	G	96	67	163	30	10	204	0	1
15	76077762	.	G	C	91	72	163	30	12	207	1	1
15	76077769	.	G	A	80	99	179	29	11	220	0	1
15	76077780	.	A	G	82	106	188	30	12	231	0	1
15	76077795	.	C	T	85	115	200	35	12	248	0	1
15	76077851	.	C	G	167	57	224	63	7	295	0	1
15	76078022	.	T	G	100	67	167	19	12	198	0	0
15	76078198	.	A	C	68	51	119	4	6	129	0	0
15	76079035	.	C	T	79	79	158	0	13	171	0	0
15	76084875	.	C	T	108	84	192	0	13	207	1	1
15	76113936	.	C	G	16	10	26	0	1	27	0	0
15	76136194	.	C	T	10	10	20	0	6	26	0	0
15	76196246	.	C	G	18	9	27	0	2	30	0	1
15	76196247	.	T	G	17	11	28	0	1	30	0	1
15	76196709	.	C	T	34	20	54	0	2	56	0	0
15	76448776	.	C	T	22	31	53	0	2	55	0	0
15	76467851	.	C	T	50	26	76	0	1	77	0	0
15	76496232	.	G	A	23	23	46	0	3	49	0	0
15	76496340	.	C	T	21	13	34	0	2	36	0	0
15	76497217	.	C	T	24	26	50	0	2	52	0	0
15	76551852	.	G	A	35	37	72	0	5	79	0	2
15	76552347	.	T	C	62	15	77	4	1	96	0	14
15	76552369	.	A	G	55	14	69	2	1	85	1	12
15	76552383	.	G	T	55	12	67	1	1	81	0	12
15	76552384	.	A	G	54	12	66	1	3	82	0	12
15	76552404	.	T	C	40	14	54	3	2	71	0	12
15	76552432	.	C	T	45	15	60	3	1	78	0	14
15	76552449	.	A	C	50	14	64	3	4	80	0	9
15	76552478	.	T	A	49	11	60	1	2	69	0	6
15	76552480	.	T	C	46	11	57	1	4	68	0	6
15	76552485	.	A	G	46	12	58	1	3	68	0	6
15	76552790	.	T	G	49	19	68	2	2	79	0	7
15	76552801	.	T	C	55	19	74	1	4	86	0	7
15	76552928	.	T	C	97	19	116	2	7	128	0	3
15	76552958	.	A	G	107	21	128	1	3	136	0	4
15	76553050	.	T	C	122	32	154	6	7	176	0	9
15	76553124	.	A	G	106	22	128	2	1	136	0	5
15	76553139	.	A	G	104	17	121	3	2	129	0	3
15	76553218	.	A	G	113	36	149	6	4	165	0	6
15	76553283	.	C	T	131	41	172	4	7	191	0	8
15	76553289	.	G	A	132	37	169	4	8	188	0	7
15	76553327	.	T	C	133	31	164	7	6	182	0	5
15	76553333	.	C	T	121	38	159	7	13	184	0	5
15	76553368	.	A	G	116	34	150	5	9	172	0	8
15	76553389	.	A	T	112	35	147	4	9	168	0	8
15	76553401	.	A	G	111	31	142	4	8	162	0	8
15	76553420	.	A	C	121	28	149	2	5	163	0	7
15	76553428	.	C	T	107	26	133	2	8	149	0	6
15	76553434	.	A	G	111	24	135	2	5	150	1	7
15	76553486	.	A	G	116	26	142	2	5	155	0	6
15	76553500	.	A	G	119	26	145	3	6	160	0	6
15	76587777	.	C	T	27	24	51	0	1	52	0	0
15	76630303	.	T	C	83	60	143	0	12	155	0	0
15	76633993	.	C	G	46	32	78	0	9	87	0	0
15	76673785	.	G	T	33	32	65	0	1	66	0	0
15	76696768	.	T	C	19	18	37	0	0	37	0	0
15	76797133	.	T	C	27	16	43	0	2	45	0	0
15	77025687	.	C	T	55	43	98	0	2	100	0	0
15	77046141	.	T	C	36	32	68	0	0	68	0	0
15	77057441	.	A	T	79	64	143	0	1	144	0	0
15	77059081	.	C	T	9	11	20	0	0	20	0	0
15	77154786	.	C	T	35	29	64	0	1	66	0	1
15	77176083	.	A	C	13	9	22	0	0	22	0	0
15	77288097	.	G	T	13	7	20	0	4	24	0	0
15	77310289	.	A	C	13	10	23	0	3	26	0	0
15	77310345	.	C	G	21	22	43	0	2	45	0	0
15	77310864	.	G	A	16	17	33	0	3	36	0	0
15	77323009	.	T	C	9	12	21	0	2	23	0	0
15	77324880	.	A	G	20	17	37	0	4	41	0	0
15	77344793	.	T	A	24	36	60	0	2	62	0	0
15	77406396	.	C	T	15	9	24	0	1	25	0	0
15	77407114	.	C	G	22	23	45	0	3	48	0	0
15	77471105	.	C	A	20	18	38	0	0	38	0	0
15	77730856	.	G	A	17	11	28	0	1	29	0	0
15	77756418	.	A	G	14	16	30	0	1	31	0	0
15	77907535	.	C	G	39	46	85	0	4	89	0	0
15	77907775	.	T	C	35	43	78	0	1	79	0	0
15	77907784	.	G	A	37	45	82	0	0	82	0	0
15	78189075	.	G	A	100	90	190	0	12	203	0	1
15	78189084	.	T	C	86	94	180	2	16	199	0	1
15	78189163	.	C	T	94	95	189	2	11	203	0	1
15	78189370	.	A	C	106	87	193	3	15	211	0	0
15	78189512	.	A	G	100	17	117	21	6	147	0	3
15	78189525	.	C	T	22	93	115	22	8	146	0	1
15	78189539	.	T	A	97	26	123	23	10	157	0	1
15	78189544	.	C	T	96	33	129	23	6	158	0	0
15	78190364	.	T	C	74	66	140	1	6	147	0	0
15	78191543	.	C	T	62	76	138	0	8	146	0	0
15	78191608	.	C	T	73	66	139	0	13	152	0	0
15	78196212	.	A	G	86	70	156	0	9	165	0	0
15	78198371	.	T	C	21	24	45	0	1	46	0	0
15	78204408	.	G	A	28	4	32	1	0	33	0	0
15	78207393	.	T	C	61	17	78	9	2	89	0	0
15	78207625	.	A	G	92	32	124	10	10	144	0	0
15	78208776	.	G	A	105	94	199	16	6	221	0	0
15	78208880	.	G	A	142	105	247	40	10	299	0	2
15	78208980	.	G	C	163	28	191	23	14	229	0	1
15	78209131	.	T	C	32	29	61	4	0	65	0	0
15	78209307	.	T	C	37	40	77	17	7	101	0	0
15	78209436	.	C	T	60	62	122	3	5	130	0	0
15	78209878	.	G	C	32	52	84	3	4	91	0	0
15	78209940	.	C	A	28	35	63	5	4	72	0	0
15	78210475	.	G	A	31	25	56	0	3	61	0	2
15	78211007	.	G	C	96	44	140	22	1	164	0	1
15	78211079	.	T	G	88	22	110	18	8	136	0	0
15	78211148	.	C	T	79	61	140	13	34	188	0	1
15	78211164	.	G	A	91	65	156	12	19	189	0	2
15	78211171	.	A	G	86	63	149	12	33	196	0	2
15	78211345	.	A	G	57	96	153	1	10	164	0	0
15	78214612	.	G	A	28	22	50	0	2	53	0	1
15	78217442	.	T	C	92	97	189	20	8	218	0	1
15	78218952	.	T	C	15	14	29	1	15	45	0	0
15	78224980	.	G	T	22	6	28	1	3	32	0	0
15	78225005	.	A	G	17	3	20	1	0	21	0	0
15	78231371	.	C	A	11	13	24	0	0	24	0	0
15	78231397	.	A	G	16	22	38	0	3	41	0	0
15	78231628	.	A	T	23	27	50	0	6	56	0	0
15	78231874	.	G	C	43	41	84	0	6	91	0	1
15	78232240	.	G	C	79	97	176	0	12	188	0	0
15	78232972	.	A	G	18	13	31	0	4	35	0	0
15	78234637	.	G	T	47	54	101	0	5	106	0	0
15	78236929	.	A	G	38	44	82	0	9	91	0	0
15	78237027	.	G	A	21	23	44	0	4	48	0	0
15	78268387	.	A	G	34	26	60	0	6	66	0	0
15	78268458	.	A	G	42	33	75	0	4	79	0	0
15	78269183	.	C	A	29	26	55	0	2	57	0	0
15	78269731	.	G	T	69	49	118	3	4	125	0	0
15	78269737	.	A	T	70	42	112	5	4	121	0	0
15	78269738	.	C	T	70	43	113	5	2	120	0	0
15	78269747	.	G	A	67	42	109	5	5	119	0	0
15	78269760	.	C	T	63	34	97	5	3	105	0	0
15	78269762	.	C	T	63	33	96	5	1	102	0	0
15	78269763	.	A	G	67	33	100	5	1	106	0	0
15	78269798	.	G	A	55	30	85	5	1	91	0	0
15	78269801	.	G	A	54	30	84	5	1	90	0	0
15	78271009	.	G	A	9	12	21	0	2	23	0	0
15	78271084	.	C	G	14	18	32	0	2	34	0	0
15	78271105	.	C	T	17	15	32	2	3	37	0	0
15	78271217	.	G	C	48	39	87	3	7	97	0	0
15	78271467	.	G	A	23	9	32	7	7	46	0	0
15	78271571	.	T	A	13	16	29	0	6	35	0	0
15	78272136	.	T	C	23	13	36	0	1	37	0	0
15	78272170	.	A	G	27	17	44	8	4	56	0	0
15	78272205	.	A	G	29	34	63	8	2	73	0	0
15	78272207	.	G	A	30	34	64	8	2	74	0	0
15	78272304	.	C	T	71	52	123	13	14	150	0	0
15	78272318	.	C	G	55	77	132	20	12	164	0	0
15	78272529	.	T	C	21	16	37	0	3	40	0	0
15	78272536	.	A	C	23	16	39	0	3	42	0	0
15	78273555	.	G	A	11	21	32	0	2	34	0	0
15	78273788	.	A	G	81	79	160	0	11	171	0	0
15	78274322	.	G	A	68	58	126	0	7	133	0	0
15	78274337	.	A	G	65	55	120	0	7	127	0	0
15	78274384	.	C	T	66	50	116	0	10	126	0	0
15	78275526	.	G	A	14	16	30	0	1	31	0	0
15	78275579	.	G	C	29	27	56	0	0	56	0	0
15	78275742	.	C	G	18	20	38	0	7	46	1	0
15	78276660	.	A	G	25	18	43	0	4	47	0	0
15	78277602	.	C	T	44	45	89	0	2	91	0	0
15	78278154	.	T	C	119	91	210	4	12	226	0	0
15	78278253	.	T	C	68	76	144	1	8	153	0	0
15	78278264	.	G	T	63	73	136	1	9	146	0	0
15	78278331	.	A	G	56	57	113	0	9	122	0	0
15	78278351	.	C	T	54	46	100	0	13	113	0	0
15	78278484	.	G	A	28	29	57	0	2	59	0	0
15	78278724	.	C	T	52	47	99	0	8	107	0	0
15	78278820	.	C	T	113	89	202	18	8	228	0	0
15	78278875	.	T	C	129	79	208	24	22	254	0	0
15	78278925	.	T	C	121	53	174	73	8	255	0	0
15	78278928	.	T	C	121	54	175	82	7	264	0	0
15	78278964	.	T	G	99	69	168	126	10	304	0	0
15	78278986	.	G	A	102	82	184	127	4	315	0	0
15	78278996	.	T	A	102	77	179	130	7	316	0	0
15	78279124	.	T	C	105	100	205	132	23	361	0	1
15	78279286	.	C	T	146	136	282	2	18	302	0	0
15	78280170	.	T	C	47	40	87	0	11	98	0	0
15	78280404	.	C	T	95	72	167	3	13	184	1	0
15	78280494	.	T	A	51	44	95	1	5	102	0	1
15	78280498	.	T	C	54	45	99	1	4	105	0	1
15	78282190	.	G	A	22	15	37	0	2	39	0	0
15	78316386	.	T	A	21	26	47	0	4	51	0	0
15	78337303	.	C	T	24	22	46	0	1	48	1	0
15	78390414	.	T	C	14	6	20	0	3	23	0	0
15	78390909	.	C	T	38	34	72	0	2	74	0	0
15	78398230	.	C	T	76	49	125	0	5	130	0	0
15	78458830	.	G	A	14	11	25	0	2	27	0	0
15	78466127	.	T	C	24	16	40	0	1	41	0	0
15	78466781	.	G	A	37	48	85	0	3	88	0	0
15	78466919	.	C	G	15	19	34	0	4	38	0	0
15	78471110	.	G	A	25	25	50	0	0	50	0	0
15	78471954	.	G	A	20	23	43	0	7	50	0	0
15	78474787	.	C	T	12	20	32	0	3	35	0	0
15	78485814	.	A	G	12	13	25	0	4	29	0	0
15	78486189	.	G	A	10	13	23	0	1	24	0	0
15	78526556	.	C	T	18	10	28	0	0	28	0	0
15	78558509	.	G	A	20	21	41	0	1	42	0	0
15	78558630	.	A	G	29	30	59	0	2	62	1	0
15	78563103	.	A	C	14	13	27	0	1	28	0	0
15	78565478	.	C	T	23	21	44	0	0	44	0	0
15	78567853	.	G	T	29	19	48	0	1	50	1	0
15	78573487	.	A	T	33	32	65	0	4	69	0	0
15	78575924	.	T	G	16	17	33	0	0	33	0	0
15	78585433	.	C	A	15	19	34	0	2	36	0	0
15	78588117	.	A	G	18	20	38	0	0	38	0	0
15	78632830	.	C	G	57	54	111	0	5	117	1	0
15	78780381	.	A	G	24	17	41	0	4	45	0	0
15	78825498	.	G	C	20	29	49	0	2	51	0	0
15	78825562	.	C	T	28	39	67	0	4	71	0	0
15	78834689	.	A	G	49	57	106	0	4	110	0	0
15	78836362	.	G	A	12	12	24	0	0	24	0	0
15	78836719	.	A	G	21	16	37	0	3	40	0	0
15	78836721	.	G	C	20	16	36	0	4	40	0	0
15	78836723	.	T	C	21	17	38	0	3	41	0	0
15	78836726	.	T	C	19	18	37	0	3	40	0	0
15	78837801	.	G	A	17	21	38	0	1	39	0	0
15	78841220	.	T	C	26	27	53	0	2	55	0	0
15	78873119	.	C	T	41	31	72	0	3	75	0	0
15	78882726	.	C	T	37	40	77	0	2	79	0	0
15	78909539	.	G	T	12	13	25	0	2	27	0	0
15	78911181	.	T	C	15	18	33	0	2	35	0	0
15	78917316	.	C	T	34	25	59	0	1	60	0	0
15	78917399	.	A	G	34	28	62	0	3	65	0	0
15	78953464	.	G	A	14	15	29	0	2	31	0	0
15	78953740	.	G	A	29	22	51	0	1	52	0	0
15	78953919	.	T	C	15	27	42	0	3	45	0	0
15	79024714	.	A	T	160	136	296	1	8	305	0	0
15	79056019	.	T	C	57	44	101	0	3	104	0	0
15	79059313	.	G	A	86	79	165	0	10	175	0	0
15	79059599	.	C	T	44	46	90	4	6	100	0	0
15	79070017	.	T	C	28	23	51	0	7	58	0	0
15	79165635	.	G	A	9	17	26	0	2	28	0	0
15	79177515	.	A	G	15	16	31	0	0	31	0	0
15	79178364	.	A	G	29	22	51	0	2	53	0	0
15	79178464	.	T	A	49	45	94	0	2	96	0	0
15	79183747	.	T	A	16	13	29	0	2	31	0	0
15	79184387	.	G	A	13	18	31	0	1	32	0	0
15	79184459	.	A	G	39	40	79	0	2	81	0	0
15	79215311	.	A	C	43	36	79	0	4	84	0	1
15	79217808	.	A	T	18	14	32	0	2	34	0	0
15	79223681	.	G	A	35	33	68	0	3	72	0	1
15	79224683	.	C	T	19	23	42	0	2	44	0	0
15	79224747	.	C	T	26	33	59	0	4	63	0	0
15	79231518	.	A	G	12	12	24	0	6	30	0	0
15	79237180	.	C	A	14	14	28	0	2	30	0	0
15	79237247	.	C	G	15	16	31	0	5	36	0	0
15	79237324	.	C	A	16	17	33	0	2	35	0	0
15	79264037	.	A	G	17	17	34	0	1	35	0	0
15	79265866	.	G	A	18	9	27	0	1	28	0	0
15	79273098	.	C	G	13	15	28	0	1	29	0	0
15	79277298	.	T	C	50	53	103	0	4	107	0	0
15	79277511	.	A	G	62	47	109	0	4	113	0	0
15	79290349	.	C	T	24	21	45	0	4	49	0	0
15	79291262	.	C	T	21	25	46	0	4	50	0	0
15	79291937	.	G	T	14	18	32	0	2	34	0	0
15	79310256	.	T	G	34	36	70	0	5	75	0	0
15	79310337	.	A	G	25	21	46	0	4	51	0	1
15	79350840	.	A	G	38	26	64	0	2	66	0	0
15	79586361	.	T	C	31	16	47	0	2	49	0	0
15	79587964	.	C	A	22	19	41	0	2	43	0	0
15	79589174	.	C	G	54	53	107	0	2	109	0	0
15	79590208	.	A	G	32	24	56	0	1	57	0	0
15	79748603	.	C	T	30	25	55	0	2	57	0	0
15	79749447	.	G	T	33	32	65	0	6	72	0	1
15	79750307	.	T	C	23	23	46	0	6	52	0	0
15	79755604	.	A	G	23	21	44	0	2	46	0	0
15	79764056	.	G	T	11	17	28	1	5	34	0	0
15	79851655	.	A	G	15	17	32	0	1	33	0	0
15	79852478	.	C	A	25	17	42	0	2	44	0	0
15	79930510	.	C	T	10	13	23	0	0	23	0	0
15	80049608	.	G	C	10	12	22	0	1	23	0	0
15	80051085	.	C	T	7	13	20	0	3	23	0	0
15	80181312	.	T	C	10	23	33	0	0	33	0	0
15	80191343	.	G	A	40	41	81	0	1	83	1	0
15	80215146	.	C	T	25	14	39	0	3	42	0	0
15	80216243	.	A	C	14	10	24	0	7	31	0	0
15	80216516	.	A	C	61	48	109	0	2	112	0	1
15	80216832	.	G	T	16	14	30	0	2	32	0	0
15	80216931	.	T	C	18	15	33	0	1	34	0	0
15	80237077	.	G	A	23	26	49	0	2	51	0	0
15	80237434	.	C	G	22	29	51	0	1	52	0	0
15	80253524	.	A	C	27	38	65	0	1	66	0	0
15	80259955	.	T	C	41	32	73	0	2	76	0	1
15	80259964	.	C	T	38	30	68	0	3	72	0	1
15	80260014	.	T	C	43	36	79	0	2	81	0	0
15	80263345	.	A	C	63	58	121	0	3	124	0	0
15	80263406	.	C	T	44	62	106	0	5	111	0	0
15	80413935	.	C	T	13	19	32	0	0	32	0	0
15	80414173	.	C	G	25	33	58	0	1	59	0	0
15	80445292	.	G	C	12	11	23	0	0	23	0	0
15	80450389	.	G	A	51	47	98	0	2	100	0	0
15	80452571	.	G	A	14	18	32	0	0	33	0	1
15	80452886	.	T	G	20	11	31	0	1	32	0	0
15	80454745	.	T	C	33	35	68	0	2	70	0	0
15	80467626	.	G	T	11	10	21	0	1	22	0	0
15	80472431	.	C	A	21	37	58	0	4	62	0	0
15	80473505	.	A	G	26	15	41	0	0	41	0	0
15	80473614	.	T	C	10	10	20	0	2	22	0	0
15	80478374	.	C	T	39	30	69	0	2	71	0	0
15	80844858	.	G	A	35	40	75	0	4	79	0	0
15	81046476	.	C	T	36	31	67	0	5	72	0	0
15	81179948	.	C	T	36	34	70	0	2	72	0	0
15	81198928	.	G	A	27	24	51	0	0	51	0	0
15	81199236	.	A	G	16	16	32	0	1	33	0	0
15	81199258	.	G	A	9	13	22	0	0	22	0	0
15	81271406	.	C	A	21	16	37	0	0	37	0	0
15	81271557	.	C	A	35	29	64	0	4	69	1	0
15	81281900	.	G	A	34	26	60	0	3	63	0	0
15	81296963	.	A	C	66	66	132	0	1	133	0	0
15	81297420	.	A	G	18	35	53	0	3	56	0	0
15	81298027	.	T	C	42	31	73	0	4	77	0	0
15	81410106	.	G	A	18	22	40	0	0	40	0	0
15	81410202	.	C	T	17	18	35	0	0	35	0	0
15	81410488	.	G	A	27	26	53	0	1	54	0	0
15	81426637	.	G	A	31	28	59	0	1	60	0	0
15	81426638	.	G	C	33	28	61	0	1	62	0	0
15	81427603	.	C	T	39	29	68	0	2	70	0	0
15	81428830	.	T	C	28	25	53	0	1	55	0	1
15	81565652	.	T	G	13	18	31	0	1	32	0	0
15	81571151	.	T	C	28	25	53	0	1	54	0	0
15	81582868	.	G	A	28	22	50	0	1	51	0	0
15	81587757	.	T	A	33	22	55	0	0	55	0	0
15	81591639	.	G	A	18	16	34	0	0	34	0	0
15	81592802	.	A	G	24	30	54	0	5	60	0	1
15	81601322	.	A	G	14	17	31	0	1	32	0	0
15	81601340	.	G	T	13	15	28	0	1	30	0	1
15	81614926	.	T	C	46	43	89	0	2	91	0	0
15	81616109	.	G	A	10	12	22	0	2	24	0	0
15	81624768	.	C	T	35	30	65	0	0	65	0	0
15	81625028	.	C	T	23	28	51	0	4	55	0	0
15	81627447	.	G	A	34	34	68	0	5	73	0	0
15	81631681	.	C	T	25	26	51	0	2	53	0	0
15	81631900	.	G	T	11	18	29	0	2	31	0	0
15	81636267	.	C	T	25	20	45	0	1	46	0	0
15	81636476	.	T	C	18	12	30	0	0	30	0	0
15	81638646	.	G	A	16	13	29	0	3	32	0	0
15	81642028	.	C	T	12	12	24	0	2	26	0	0
15	81643915	.	A	G	9	11	20	0	0	20	0	0
15	81648958	.	G	A	28	15	43	0	3	46	0	0
15	81649001	.	T	C	10	14	24	0	1	25	0	0
15	81654537	.	C	T	25	24	49	0	2	51	0	0
15	81666158	.	G	A	20	20	40	0	1	41	0	0
15	82444663	.	T	C	24	33	57	0	1	58	0	0
15	82450268	.	C	A	24	21	45	0	3	48	0	0
15	82456227	.	T	C	31	25	56	0	2	58	0	0
15	82532963	.	G	T	19	25	44	0	1	45	0	0
15	82533686	.	T	G	86	101	187	0	7	194	0	0
15	82544927	.	C	T	14	15	29	1	2	32	0	0
15	82563991	.	C	T	56	67	123	0	2	125	0	0
15	82620307	.	G	T	96	103	199	79	7	286	0	1
15	82622061	.	G	T	26	29	55	86	2	143	0	0
15	82637061	.	C	T	12	34	46	131	1	191	0	13
15	82663937	.	T	C	8	15	23	18	0	41	0	0
15	82664067	.	T	C	33	25	58	18	3	79	0	0
15	82664082	.	T	C	31	22	53	22	2	77	0	0
15	82664092	.	A	C	28	18	46	26	2	74	0	0
15	82808232	.	C	T	122	26	148	236	9	394	0	1
15	82808513	.	T	G	13	7	20	66	2	88	0	0
15	82818390	.	C	A	19	17	36	22	1	59	0	0
15	83215251	.	T	C	26	29	55	0	1	56	0	0
15	83221392	.	C	A	21	20	41	0	1	42	0	0
15	83396107	.	T	G	12	10	22	0	2	24	0	0
15	83428193	.	G	A	33	45	78	0	4	83	0	1
15	83433778	.	A	G	13	10	23	0	4	27	0	0
15	83523368	.	C	G	38	30	68	0	4	72	0	0
15	83523424	.	C	T	41	50	91	0	1	92	0	0
15	83657800	.	G	T	19	12	31	0	0	31	0	0
15	83673605	.	C	T	39	37	76	0	1	77	0	0
15	83679105	.	T	C	31	30	61	0	2	63	0	0
15	83680287	.	A	G	27	25	52	0	2	55	1	0
15	83685773	.	A	G	21	21	42	0	0	42	0	0
15	83686759	.	T	C	34	19	53	0	0	54	0	1
15	83713426	.	A	G	21	22	43	0	3	46	0	0
15	83788202	.	G	A	26	16	42	0	0	42	0	0
15	83793622	.	A	T	22	19	41	0	1	42	0	0
15	83808103	.	T	C	15	11	26	0	2	28	0	0
15	83924708	.	T	C	33	28	61	0	2	63	0	0
15	83925820	.	T	C	10	20	30	0	0	30	0	0
15	83933572	.	A	G	16	24	40	0	0	40	0	0
15	84287219	.	T	G	14	12	26	0	2	29	0	1
15	84442440	.	T	G	43	33	76	0	3	79	0	0
15	84473424	.	C	T	10	19	29	0	0	29	0	0
15	84473505	.	A	G	23	18	41	0	1	42	0	0
15	84488636	.	A	G	54	59	113	0	4	118	0	1
15	84566521	.	G	C	22	15	37	0	2	39	0	0
15	84566544	.	C	T	22	26	48	0	1	49	0	0
15	84581889	.	G	A	46	45	91	0	5	96	0	0
15	84611856	.	A	G	25	17	42	0	2	44	0	0
15	84706461	.	C	T	20	14	34	0	0	34	0	0
15	84722521	.	A	G	59	57	116	0	4	120	0	0
15	84782417	.	A	C	48	36	84	0	7	92	1	0
15	84784964	.	C	T	33	29	62	7	6	75	0	0
15	84855587	.	T	C	340	339	679	96	13	788	0	0
15	84855668	.	C	T	195	201	396	304	12	712	0	0
15	84858253	.	A	G	90	285	375	46	24	446	0	1
15	84858671	.	C	T	419	261	680	143	31	854	0	0
15	84858761	.	C	T	549	361	910	59	58	1028	0	1
15	84858929	.	A	G	389	260	649	55	50	757	0	3
15	84858964	.	C	T	413	100	513	104	34	655	0	4
15	84859270	.	C	T	94	79	173	187	9	370	1	0
15	84859369	.	G	T	405	163	568	77	23	668	0	0
15	84859865	.	A	G	537	161	698	166	30	934	0	40
15	84860207	.	C	G	164	73	237	33	9	279	0	0
15	84860763	.	T	C	281	212	493	40	15	548	0	0
15	84862279	.	C	A	22	11	33	6	0	39	0	0
15	84863968	.	G	A	50	69	119	8	4	131	0	0
15	84867251	.	T	C	22	7	29	1	4	34	0	0
15	84867453	.	C	T	113	30	143	6	3	152	0	0
15	84868503	.	T	C	199	166	365	38	18	421	0	0
15	84909385	.	G	A	108	103	211	109	4	324	0	0
15	84916063	.	G	T	27	20	47	3	3	53	0	0
15	84916836	.	G	T	25	30	55	0	5	60	0	0
15	84917314	.	T	C	54	154	208	11	11	230	0	0
15	84924415	.	G	A	17	9	26	26	5	57	0	0
15	84924446	.	A	G	22	22	44	33	1	78	0	0
15	84924822	.	A	G	86	99	185	0	1	187	0	1
15	84927372	.	A	T	104	96	200	7	3	210	0	0
15	84941795	.	G	A	24	23	47	0	4	51	0	0
15	84941839	.	G	A	13	26	39	0	2	41	0	0
15	84942304	.	G	T	13	8	21	0	1	22	0	0
15	84944192	.	C	G	36	44	80	0	0	82	0	2
15	84944337	.	G	T	94	113	207	0	7	214	0	0
15	84945016	.	T	C	62	48	110	2	6	118	0	0
15	84945121	.	A	G	107	112	219	1	8	228	0	0
15	84945185	.	C	T	139	154	293	0	16	309	0	0
15	84945512	.	C	T	153	173	326	0	15	341	0	0
15	84946273	.	C	T	114	112	226	0	14	240	0	0
15	84946326	.	G	A	89	84	173	0	7	180	0	0
15	84948687	.	T	C	143	75	218	5	4	227	0	0
15	84949458	.	C	T	93	118	211	0	10	222	0	1
15	84949664	.	A	G	115	114	229	0	19	248	0	0
15	84949951	.	C	G	67	74	141	100	6	247	0	0
15	84950110	.	G	C	31	88	119	77	14	211	0	1
15	84950182	.	C	G	69	57	126	94	19	240	0	1
15	84950369	.	T	C	83	82	165	0	18	183	0	0
15	84950833	.	C	T	16	18	34	1	4	39	0	0
15	84950895	.	G	A	5	16	21	2	1	24	0	0
15	84953362	.	C	T	139	126	265	0	8	273	0	0
15	84953371	.	A	G	143	122	265	0	18	283	0	0
15	84953433	.	A	G	131	111	242	0	12	255	0	1
15	84953612	.	C	G	55	61	116	0	6	122	0	0
15	84953678	.	G	A	35	25	60	0	5	65	0	0
15	84954069	.	C	T	11	16	27	0	2	29	0	0
15	84954075	.	A	G	18	11	29	0	2	31	0	0
15	84954249	.	T	A	104	77	181	0	3	185	1	0
15	84954430	.	T	C	131	113	244	0	9	253	0	0
15	84955107	.	G	A	64	59	123	0	3	126	0	0
15	84955180	.	A	G	40	31	71	0	1	73	0	1
15	84955252	.	T	C	26	24	50	0	1	52	0	1
15	84955301	.	C	T	14	18	32	0	0	32	0	0
15	84956235	.	A	G	22	16	38	0	1	40	0	1
15	84956479	.	G	A	84	74	158	0	6	164	0	0
15	84956557	.	G	A	79	68	147	0	13	160	0	0
15	84956565	.	A	C	63	70	133	0	9	142	0	0
15	84957232	.	C	G	49	43	92	0	3	95	0	0
15	84957252	.	G	A	51	61	112	0	5	117	0	0
15	84958078	.	C	T	92	91	183	0	6	192	0	3
15	84958172	.	G	A	106	103	209	0	15	236	0	12
15	84958318	.	G	A	135	96	231	3	8	258	0	16
15	84958359	.	G	A	148	65	213	3	5	226	0	5
15	84958367	.	C	T	144	60	204	2	8	215	0	1
15	84959967	.	A	C	27	23	50	58	9	118	0	1
15	84976467	.	C	G	31	34	65	58	7	130	0	0
15	85077533	.	G	A	14	10	24	0	0	24	0	0
15	85085794	.	A	G	28	24	52	1	4	57	0	0
15	85105200	.	T	G	57	84	141	0	1	148	0	6
15	85105452	.	A	G	19	5	24	2	1	27	0	0
15	85112536	.	T	G	42	36	78	0	3	81	0	0
15	85113972	.	C	A	26	41	67	0	13	80	0	0
15	85149575	.	T	C	10	12	22	0	0	22	0	0
15	85165699	.	C	T	57	46	103	0	3	106	0	0
15	85177464	.	C	T	13	10	23	0	7	30	0	0
15	85177723	.	T	G	23	31	54	0	0	55	0	1
15	85178270	.	A	G	9	11	20	0	0	20	0	0
15	85186577	.	C	T	10	18	28	0	5	33	0	0
15	85186637	.	G	C	24	14	38	0	3	41	0	0
15	85189464	.	T	G	18	21	39	0	1	41	0	1
15	85191137	.	C	T	43	38	81	0	3	84	0	0
15	85197253	.	T	C	12	14	26	0	1	27	0	0
15	85198350	.	G	C	12	20	32	0	0	32	0	0
15	85198362	.	G	T	15	25	40	0	1	41	0	0
15	85198606	.	C	T	29	30	59	0	4	63	0	0
15	85200520	.	G	T	45	34	79	0	4	83	0	0
15	85200754	.	G	T	9	12	21	0	0	21	0	0
15	85213891	.	T	G	32	25	57	0	4	61	0	0
15	85224154	.	C	A	14	14	28	0	5	33	0	0
15	85333953	.	A	G	44	57	101	0	3	104	0	0
15	85341072	.	A	G	31	27	58	0	5	63	0	0
15	85349231	.	T	C	42	31	73	0	4	77	0	0
15	85382193	.	C	A	30	21	51	0	4	55	0	0
15	85383145	.	C	G	20	20	40	0	4	44	0	0
15	85383640	.	G	A	22	14	36	0	0	36	0	0
15	85383839	.	G	A	16	19	35	0	2	37	0	0
15	85399449	.	T	C	5	15	20	0	1	21	0	0
15	85402239	.	C	T	9	14	23	0	0	23	0	0
15	85402795	.	A	G	15	10	25	0	3	28	0	0
15	85405995	.	T	C	29	15	44	0	3	47	0	0
15	85407919	.	G	A	13	19	32	0	1	33	0	0
15	85431000	.	C	T	23	31	54	0	5	59	0	0
15	85431934	.	A	C	29	14	43	0	5	48	0	0
15	85432030	.	T	C	42	44	86	0	6	92	0	0
15	85432128	.	G	T	38	42	80	0	3	83	0	0
15	85438118	.	T	G	38	32	70	0	7	77	0	0
15	85438132	.	T	C	34	29	63	0	10	73	0	0
15	85438374	.	C	T	38	46	84	0	7	91	0	0
15	85447220	.	C	T	14	13	27	1	1	30	0	1
15	85447431	.	G	A	47	31	78	0	6	84	0	0
15	85447434	.	G	T	31	47	78	0	6	84	0	0
15	85448875	.	C	A	55	36	91	0	7	98	0	0
15	85448992	.	G	T	22	15	37	0	3	40	0	0
15	85461898	.	G	C	26	35	61	0	4	65	0	0
15	85466971	.	C	T	10	12	22	0	0	22	0	0
15	85467070	.	A	G	19	27	46	0	2	48	0	0
15	85467207	.	T	C	58	44	102	0	1	103	0	0
15	85478729	.	G	A	38	48	86	0	7	93	0	0
15	85607563	.	G	A	38	41	79	0	1	80	0	0
15	85607670	.	G	T	66	39	105	0	4	109	0	0
15	85610125	.	A	G	10	14	24	0	1	25	0	0
15	85632381	.	G	A	15	9	24	0	5	29	0	0
15	85679984	.	G	A	15	21	36	0	0	36	0	0
15	85721926	.	G	A	29	25	54	0	8	62	0	0
15	85724686	.	G	A	14	9	23	0	2	25	0	0
15	85725149	.	G	C	14	12	26	0	2	28	0	0
15	85785214	.	T	C	54	19	73	55	5	133	0	0
15	85787467	.	G	A	31	23	54	66	0	120	0	0
15	85787910	.	G	A	133	124	257	305	21	583	0	0
15	85788408	.	C	T	112	125	237	43	34	323	0	9
15	85789104	.	T	C	23	26	49	78	0	127	0	0
15	85789146	.	A	G	46	27	73	33	1	107	0	0
15	85789170	.	C	T	44	28	72	19	8	100	0	1
15	85795204	.	C	T	14	15	29	3	3	35	0	0
15	85798994	.	G	T	12	12	24	1	1	26	0	0
15	85802030	.	C	T	34	18	52	2	0	55	0	1
15	85804108	.	C	T	16	30	46	70	0	116	0	0
15	85805243	.	T	C	50	103	153	88	7	248	0	0
15	85805712	.	A	G	43	24	67	4	5	77	1	0
15	85806198	.	A	G	124	43	167	41	38	246	0	0
15	85806810	.	G	A	51	51	102	34	8	144	0	0
15	85806879	.	G	A	27	36	63	54	11	128	0	0
15	85807715	.	T	C	17	14	31	1	0	32	0	0
15	85808240	.	G	A	43	53	96	0	16	113	0	1
15	85808379	.	C	T	30	34	64	0	4	68	0	0
15	85808399	.	C	T	28	32	60	0	1	61	0	0
15	85813251	.	G	A	17	13	30	4	1	35	0	0
15	86028822	.	A	G	15	16	31	0	1	32	0	0
15	86076584	.	A	G	13	11	24	0	0	24	0	0
15	86087212	.	C	T	27	29	56	0	8	65	0	1
15	86087309	.	T	C	16	12	28	0	5	33	0	0
15	86122654	.	T	C	26	30	56	0	1	57	0	0
15	86122779	.	T	C	13	21	34	0	2	36	0	0
15	86122916	.	T	C	21	15	36	0	0	37	0	1
15	86123019	.	C	T	19	19	38	0	0	38	0	0
15	86123457	.	G	T	23	26	49	0	4	53	0	0
15	86123833	.	T	C	18	19	37	0	2	39	0	0
15	86123924	.	C	T	19	23	42	0	1	43	0	0
15	86123988	.	G	A	15	16	31	0	1	32	0	0
15	86124419	.	C	T	31	34	65	0	1	66	0	0
15	86124483	.	C	G	49	46	95	0	5	100	0	0
15	86124555	.	G	A	57	59	116	0	3	119	0	0
15	86124616	.	A	G	44	70	114	0	4	120	0	2
15	86124946	.	T	C	21	15	36	0	3	39	0	0
15	86124968	.	G	A	23	13	36	0	2	38	0	0
15	86125031	.	G	A	17	31	48	0	4	52	0	0
15	86128717	.	C	T	12	15	27	0	2	29	0	0
15	86129201	.	T	A	37	41	78	0	1	79	0	0
15	86182670	.	G	A	19	27	46	0	0	46	0	0
15	86199202	.	T	G	23	20	43	0	2	45	0	0
15	86269530	.	T	G	15	19	34	0	0	34	0	0
15	86287910	.	C	T	7	56	63	0	1	64	0	0
15	86312714	.	T	C	35	23	58	0	2	60	0	0
15	86697596	.	G	C	23	15	38	0	1	39	0	0
15	86698000	.	T	G	12	14	26	0	1	27	0	0
15	86702076	.	T	A	28	24	52	0	1	53	0	0
15	86807542	.	C	T	17	8	25	1	3	29	0	0
15	86807761	.	A	G	22	15	37	0	3	40	0	0
15	86807843	.	T	C	29	21	50	0	3	53	0	0
15	86807884	.	A	C	28	26	54	0	1	55	0	0
15	86809852	.	G	A	12	9	21	0	0	21	0	0
15	86838338	.	C	T	24	19	43	0	1	44	0	0
15	86838497	.	C	T	55	34	89	0	1	90	0	0
15	86940673	.	C	T	40	40	80	0	3	83	0	0
15	86940848	.	A	G	18	27	45	0	1	46	0	0
15	86952924	.	C	A	26	16	42	0	1	44	0	1
15	87097468	.	T	C	14	12	26	0	0	26	0	0
15	87531281	.	A	C	42	46	88	0	1	89	0	0
15	88420067	.	C	T	23	33	56	0	1	58	0	1
15	88521951	.	G	A	16	16	32	0	1	33	0	0
15	88678680	.	T	C	15	13	28	0	3	31	0	0
15	88680684	.	G	A	40	40	80	0	3	83	0	0
15	88727336	.	C	G	8	12	20	0	1	21	0	0
15	88735310	.	A	G	24	19	43	0	2	45	0	0
15	88744388	.	T	C	10	11	21	0	1	22	0	0
15	88744414	.	T	C	12	13	25	0	0	25	0	0
15	89008072	.	T	G	54	42	96	0	2	98	0	0
15	89008175	.	T	A	18	16	34	0	1	35	0	0
15	89008917	.	G	A	17	21	38	0	1	39	0	0
15	89010976	.	C	T	46	44	90	0	11	102	0	1
15	89011040	.	C	T	56	38	94	0	6	102	0	2
15	89011226	.	G	C	38	41	79	0	7	86	0	0
15	89018496	.	T	C	100	83	183	0	3	186	0	0
15	89021220	.	G	A	19	20	39	0	2	41	0	0
15	89070711	.	A	G	7	19	26	0	1	27	0	0
15	89079672	.	T	C	21	18	39	0	2	41	0	0
15	89154937	.	T	A	11	11	22	0	3	25	0	0
15	89182596	.	A	G	50	50	100	0	4	105	0	1
15	89195178	.	G	C	44	37	81	0	2	83	0	0
15	89195526	.	A	G	29	31	60	0	4	64	0	0
15	89279696	.	A	G	6	17	23	0	1	25	0	1
15	89383044	.	T	C	14	22	36	0	3	39	0	0
15	89385151	.	T	G	17	13	30	0	1	31	0	0
15	89388905	.	C	T	38	37	75	0	9	84	0	0
15	89390434	.	G	A	72	48	120	0	7	127	0	0
15	89391014	.	G	A	16	17	33	0	1	34	0	0
15	89398105	.	C	T	87	81	168	0	4	173	0	1
15	89398605	.	G	T	46	33	79	0	1	80	0	0
15	89398631	.	T	A	49	29	78	0	4	82	0	0
15	89400043	.	G	C	13	9	22	40	0	62	0	0
15	89400339	.	A	C	62	33	95	0	2	97	0	0
15	89400680	.	A	G	16	22	38	0	0	38	0	0
15	89401615	.	T	G	19	25	44	0	2	47	0	1
15	89402051	.	A	G	20	14	34	0	3	37	0	0
15	89402596	.	T	G	18	22	40	0	2	42	0	0
15	89416973	.	A	G	6	15	21	0	1	22	0	0
15	89417310	.	G	A	22	19	41	0	3	44	0	0
15	89417351	.	A	G	14	9	23	0	0	23	0	0
15	89417629	.	G	A	15	14	29	0	2	31	0	0
15	89421405	.	G	A	49	41	90	0	3	93	0	0
15	89422286	.	C	T	18	23	41	0	5	46	0	0
15	89436085	.	C	T	9	15	24	0	1	25	0	0
15	89436244	.	T	C	31	26	57	0	2	59	0	0
15	89436295	.	G	A	31	27	58	0	4	62	0	0
15	89444760	.	T	C	26	25	51	0	5	56	0	0
15	89449137	.	C	G	17	33	50	0	1	51	0	0
15	89450087	.	C	T	14	14	28	0	2	30	0	0
15	89450546	.	C	T	52	40	92	0	7	99	0	0
15	89450587	.	G	T	61	40	101	0	2	103	0	0
15	89503727	.	A	G	20	21	41	0	1	42	0	0
15	89532731	.	G	C	28	22	50	0	3	53	0	0
15	89532776	.	C	T	27	27	54	0	3	58	0	1
15	89532928	.	G	A	22	28	50	0	1	51	0	0
15	89533021	.	T	C	23	27	50	0	2	52	0	0
15	89533096	.	T	C	12	21	33	0	4	37	0	0
15	89533231	.	A	G	17	12	29	0	5	34	0	0
15	89533279	.	C	T	16	19	35	0	1	38	0	2
15	89659425	.	C	T	23	32	55	0	3	58	0	0
15	89659481	.	C	T	32	36	68	0	8	76	0	0
15	89679869	.	G	A	20	8	28	0	2	30	0	0
15	89698538	.	A	G	12	9	21	0	1	22	0	0
15	89728811	.	G	A	16	15	31	0	6	37	0	0
15	89738636	.	G	A	36	29	65	0	12	77	0	0
15	89738754	.	G	C	30	22	52	0	6	58	0	0
15	89739259	.	G	C	21	28	49	0	3	52	0	0
15	89740616	.	G	A	38	26	64	0	1	65	0	0
15	89742880	.	C	A	24	17	41	0	2	43	0	0
15	89742943	.	G	A	15	19	34	0	2	36	0	0
15	89743032	.	G	C	14	15	29	0	4	33	0	0
15	89744004	.	C	T	16	20	36	0	2	38	0	0
15	89744982	.	C	T	23	15	38	0	4	42	0	0
15	89753653	.	G	A	19	18	37	0	1	38	0	0
15	89761664	.	C	A	11	12	23	0	1	24	0	0
15	89790711	.	A	G	14	14	28	0	2	30	0	0
15	89803540	.	A	C	15	10	25	0	1	26	0	0
15	89803823	.	G	A	10	10	20	0	0	21	0	1
15	89804111	.	G	A	17	17	34	0	2	36	0	0
15	89807360	.	G	A	27	23	50	0	1	51	0	0
15	89811543	.	G	C	20	16	36	0	1	37	0	0
15	89821831	.	C	T	7	17	24	0	1	25	0	0
15	89825153	.	G	A	23	20	43	0	2	47	0	2
15	89826496	.	C	T	63	59	122	0	2	125	0	1
15	89826746	.	A	C	11	9	20	0	1	21	0	0
15	89844688	.	A	C	32	35	67	0	0	67	0	0
15	89849129	.	G	A	18	19	37	0	2	39	0	0
15	89857966	.	A	G	24	15	39	0	1	40	0	0
15	89858602	.	T	C	26	19	45	0	2	47	0	0
15	89860381	.	G	C	14	10	24	0	0	24	0	0
15	89860427	.	C	T	14	11	25	0	0	25	0	0
15	89860547	.	C	A	32	21	53	0	0	53	0	0
15	89860786	.	A	C	16	15	31	0	3	34	0	0
15	89860808	.	T	G	12	17	29	0	1	30	0	0
15	89863928	.	T	G	34	25	59	0	1	60	0	0
15	89867094	.	G	T	37	17	54	0	6	60	0	0
15	89868949	.	G	A	29	25	54	0	0	54	0	0
15	89869733	.	A	G	21	17	38	0	0	38	0	0
15	89871845	.	G	T	21	18	39	0	2	41	0	0
15	89873315	.	G	A	44	36	80	0	1	81	0	0
15	90022438	.	A	G	21	22	43	0	0	43	0	0
15	90022837	.	C	T	16	12	28	0	3	31	0	0
15	90023558	.	G	A	53	56	109	0	3	112	0	0
15	90026485	.	T	C	29	25	54	0	0	54	0	0
15	90026560	.	T	C	21	7	28	0	1	29	0	0
15	90149819	.	T	C	12	11	23	0	1	24	0	0
15	90159575	.	T	C	71	38	109	0	1	110	0	0
15	90164769	.	T	C	25	30	55	0	3	58	0	0
15	90171511	.	G	A	20	23	43	0	1	44	0	0
15	90172600	.	G	A	30	25	55	0	3	58	0	0
15	90172911	.	A	T	14	9	23	0	1	24	0	0
15	90176906	.	G	T	47	72	119	0	7	126	0	0
15	90177157	.	C	T	29	23	52	0	10	62	0	0
15	90177197	.	C	G	23	18	41	0	2	43	0	0
15	90185271	.	G	A	30	36	66	0	5	71	0	0
15	90190048	.	A	G	29	24	53	0	2	55	0	0
15	90210263	.	A	G	45	51	96	0	4	100	0	0
15	90211128	.	G	A	17	14	31	0	1	32	0	0
15	90211171	.	T	G	14	8	22	0	0	22	0	0
15	90212575	.	C	T	12	11	23	0	2	27	0	2
15	90231470	.	G	A	12	8	20	0	0	20	0	0
15	90233628	.	C	G	16	7	23	0	0	24	0	1
15	90255099	.	T	C	20	13	33	0	1	34	0	0
15	90260145	.	T	A	36	34	70	0	8	78	0	0
15	90260203	.	T	C	29	25	54	0	6	60	0	0
15	90270567	.	T	C	24	20	44	0	4	48	0	0
15	90274756	.	C	T	50	44	94	0	8	102	0	0
15	90278683	.	T	C	15	22	37	0	2	39	0	0
15	90281064	.	C	G	17	26	43	0	0	43	0	0
15	90281381	.	T	C	10	11	21	0	1	22	0	0
15	90293179	.	T	C	19	18	37	0	2	39	0	0
15	90293278	.	C	T	26	26	52	0	7	59	0	0
15	90328305	.	T	C	32	16	48	0	3	51	0	0
15	90333851	.	G	A	12	10	22	0	0	22	0	0
15	90335256	.	T	C	15	14	29	0	1	30	0	0
15	90342353	.	G	A	7	13	20	0	5	25	0	0
15	90346861	.	C	T	41	50	91	0	3	94	0	0
15	90348538	.	C	A	75	67	142	0	8	150	0	0
15	90348682	.	A	T	25	24	49	0	7	56	0	0
15	90437068	.	T	C	33	36	69	0	5	74	0	0
15	90437293	.	G	C	22	17	39	0	4	43	0	0
15	90494415	.	C	G	8	14	22	0	2	24	0	0
15	90611599	.	C	T	50	42	92	0	9	101	0	0
15	90616196	.	G	C	9	14	23	0	1	24	0	0
15	90623052	.	T	C	27	15	42	0	6	48	0	0
15	90764348	.	C	G	78	74	152	0	7	160	1	0
15	90764359	.	T	G	72	68	140	0	6	146	0	0
15	90771446	.	A	G	62	64	126	0	6	132	0	0
15	90771704	.	G	A	30	27	57	1	2	61	0	1
15	90771987	.	G	A	9	20	29	0	0	30	0	1
15	90794659	.	C	T	27	25	52	0	1	54	0	1
15	90800552	.	A	T	29	29	58	0	3	61	0	0
15	90800712	.	A	G	14	8	22	0	5	27	0	0
15	90800978	.	T	G	40	22	62	0	2	64	0	0
15	90801059	.	A	T	19	15	34	0	3	37	0	0
15	90801908	.	G	A	22	22	44	0	4	48	0	0
15	90805262	.	T	C	38	27	65	0	1	66	0	0
15	90809628	.	A	C	22	14	36	0	3	39	0	0
15	90814188	.	G	A	11	9	20	0	2	22	0	0
15	90814223	.	C	T	17	13	30	0	2	32	0	0
15	90814279	.	C	T	23	16	39	0	2	41	0	0
15	90814423	.	T	C	46	41	87	0	1	88	0	0
15	90814944	.	A	G	43	35	78	0	3	81	0	0
15	90818784	.	T	C	20	16	36	0	3	39	0	0
15	90818827	.	G	A	11	23	34	0	2	36	0	0
15	90825217	.	G	A	15	19	34	0	3	37	0	0
15	90828480	.	G	A	16	15	31	0	0	31	0	0
15	90828530	.	C	T	16	14	30	0	0	30	0	0
15	90835111	.	C	T	96	72	168	0	7	175	0	0
15	90835324	.	C	T	136	128	264	0	16	284	0	4
15	90836376	.	G	A	12	11	23	0	1	24	0	0
15	90837638	.	G	A	72	97	169	0	7	176	0	0
15	90837691	.	C	G	76	62	138	0	12	150	0	0
15	90837693	.	G	A	70	64	134	0	14	149	1	0
15	90838393	.	C	T	93	78	171	0	10	182	0	1
15	90838955	.	T	A	79	90	169	0	17	186	0	0
15	90839613	.	A	G	15	9	24	0	1	25	0	0
15	90891566	.	T	C	26	29	55	0	3	58	0	0
15	90891615	.	G	A	36	35	71	0	1	73	0	1
15	90891662	.	T	C	35	32	67	0	1	69	0	1
15	90891771	.	T	C	15	14	29	0	1	30	0	0
15	90892293	.	C	T	33	34	67	0	2	69	0	0
15	90897885	.	G	C	59	42	101	0	9	110	0	0
15	90897952	.	C	T	54	41	95	0	6	101	0	0
15	90898020	.	T	C	33	23	56	0	3	59	0	0
15	90902172	.	C	T	10	11	21	0	0	21	0	0
15	90903204	.	G	T	35	16	51	0	2	53	0	0
15	90903311	.	A	G	26	26	52	0	0	52	0	0
15	90969195	.	A	T	14	14	28	0	3	31	0	0
15	90982482	.	A	T	33	19	52	0	0	52	0	0
15	90983706	.	T	C	23	31	54	0	2	56	0	0
15	90992687	.	A	G	11	12	23	0	1	24	0	0
15	90995981	.	G	A	18	20	38	0	1	39	0	0
15	91009147	.	T	G	21	20	41	0	2	43	0	0
15	91009177	.	A	G	18	26	44	0	3	47	0	0
15	91009192	.	T	C	22	27	49	0	4	53	0	0
15	91009381	.	G	A	32	25	57	0	2	59	0	0
15	91034559	.	C	G	10	10	20	0	1	21	0	0
15	91083186	.	C	T	16	12	28	0	0	28	0	0
15	91083353	.	G	A	29	42	71	0	2	73	0	0
15	91168976	.	T	C	46	28	74	0	2	76	0	0
15	91178147	.	G	T	24	19	43	1	0	44	0	0
15	91184483	.	C	T	38	24	62	0	0	62	0	0
15	91184536	.	T	C	16	6	22	0	3	25	0	0
15	91184999	.	T	C	31	26	57	0	6	64	0	1
15	91185842	.	A	G	10	11	21	0	1	22	0	0
15	91185862	.	G	A	10	11	21	0	1	22	0	0
15	91186049	.	G	A	17	19	36	0	1	37	0	0
15	91292908	.	A	G	29	24	53	0	3	56	0	0
15	91312823	.	T	C	18	14	32	0	6	38	0	0
15	91354520	.	C	T	26	16	42	0	2	44	0	0
15	91419490	.	C	T	35	26	61	0	5	66	0	0
15	91420279	.	G	A	26	32	58	0	7	65	0	0
15	91420631	.	T	C	15	7	22	0	2	24	0	0
15	91421256	.	C	T	36	32	68	0	4	72	0	0
15	91423022	.	C	T	40	48	88	0	5	94	0	1
15	91423825	.	G	T	7	18	25	0	1	26	0	0
15	91428163	.	C	T	24	17	41	0	2	43	0	0
15	91428197	.	T	C	26	21	47	0	3	50	0	0
15	91428290	.	C	T	33	27	60	0	5	65	0	0
15	91428589	.	T	G	55	34	89	0	2	91	0	0
15	91428636	.	G	A	65	32	97	0	3	100	0	0
15	91430436	.	T	C	58	45	103	0	5	108	0	0
15	91430617	.	G	A	16	12	28	0	2	30	0	0
15	91433265	.	C	G	10	12	22	0	1	23	0	0
15	91435422	.	G	A	13	19	32	0	2	34	0	0
15	91436765	.	G	C	25	25	50	0	1	52	0	1
15	91448375	.	C	G	22	13	35	0	1	37	0	1
15	91449801	.	A	G	36	24	60	0	2	62	0	0
15	91450248	.	A	T	11	16	27	0	0	27	0	0
15	91454110	.	C	T	38	35	73	0	1	74	0	0
15	91454175	.	C	T	22	15	37	0	2	39	0	0
15	91454571	.	T	C	62	44	106	0	5	112	0	1
15	91454702	.	G	A	65	60	125	0	8	133	0	0
15	91455047	.	G	A	13	14	27	0	1	28	0	0
15	91455321	.	C	T	36	46	82	0	7	89	0	0
15	91456102	.	T	C	32	41	73	0	2	75	0	0
15	91461729	.	C	T	15	13	28	0	3	31	0	0
15	91477461	.	A	G	25	25	50	0	4	55	1	0
15	91479054	.	T	C	27	26	53	0	1	55	0	1
15	91483169	.	C	T	28	23	51	0	2	53	0	0
15	91483520	.	G	A	63	46	109	0	1	110	0	0
15	91493334	.	G	C	20	18	38	0	1	39	0	0
15	91509442	.	C	A	10	13	23	0	1	24	0	0
15	91509592	.	T	C	35	25	60	0	1	61	0	0
15	91510336	.	C	G	32	27	59	0	1	60	0	0
15	91517666	.	G	A	42	19	61	2	5	68	0	0
15	91517686	.	C	T	49	34	83	2	4	89	0	0
15	91518005	.	G	A	44	56	100	0	6	107	0	1
15	91523959	.	C	T	13	12	25	0	0	25	0	0
15	91542337	.	C	T	15	18	33	0	3	36	0	0
15	91542729	.	C	T	16	11	27	0	2	29	0	0
15	91550663	.	C	A	31	33	64	0	4	68	0	0
15	91550664	.	G	A	38	28	66	0	3	69	0	0
15	91550705	.	G	A	36	26	62	0	3	65	0	0
15	91550953	.	C	G	14	17	31	0	0	31	0	0
15	91560133	.	G	A	33	26	59	0	1	60	0	0
15	91574937	.	C	T	32	24	56	0	1	57	0	0
15	91575211	.	C	T	34	27	61	0	6	68	0	1
15	91575297	.	T	C	33	39	72	0	3	76	0	1
15	91575311	.	A	T	39	35	74	0	1	75	0	0
15	91575312	.	T	C	37	38	75	0	0	75	0	0
15	91575419	.	G	A	36	31	67	0	5	72	0	0
15	91575739	.	G	A	50	40	90	0	5	95	0	0
15	91575746	.	T	C	48	35	83	0	5	88	0	0
15	91575821	.	A	G	32	32	64	0	0	64	0	0
15	91576037	.	A	G	45	39	84	0	2	86	0	0
15	91577230	.	C	T	46	32	78	0	11	89	0	0
15	91577311	.	G	A	46	28	74	0	6	80	0	0
15	91577336	.	C	T	43	32	75	0	6	81	0	0
15	91577731	.	C	T	45	47	92	0	3	95	0	0
15	91578134	.	T	C	46	52	98	0	4	102	0	0
15	91578193	.	G	A	53	49	102	0	2	104	0	0
15	91578232	.	C	T	48	61	109	1	5	115	0	0
15	91578238	.	G	A	49	60	109	1	4	114	0	0
15	91578239	.	C	T	52	59	111	1	3	115	0	0
15	91578240	.	G	A	61	50	111	1	5	117	0	0
15	91579282	.	C	G	24	15	39	0	2	41	0	0
15	91795758	.	A	C	22	14	36	0	2	38	0	0
15	91801597	.	C	T	25	30	55	0	5	60	0	0
15	91803567	.	A	G	34	58	92	0	1	93	0	0
15	91809677	.	T	A	14	10	24	0	1	25	0	0
15	91810011	.	C	T	21	12	33	0	4	37	0	0
15	91811749	.	G	A	21	24	45	0	0	45	0	0
15	91811892	.	A	C	16	12	28	0	2	30	0	0
15	91827264	.	C	T	33	33	66	0	2	68	0	0
15	91838195	.	T	G	23	18	41	0	1	42	0	0
15	91838229	.	C	A	29	15	44	0	2	46	0	0
15	92515360	.	T	C	12	16	28	0	0	28	0	0
15	92647304	.	G	A	7	16	23	0	1	24	0	0
15	92647645	.	G	C	70	60	130	0	6	136	0	0
15	92647834	.	A	G	17	14	31	0	2	33	0	0
15	92663496	.	C	T	9	11	20	0	0	20	0	0
15	92663630	.	A	G	32	32	64	0	2	66	0	0
15	92669184	.	G	A	22	29	51	0	6	57	0	0
15	92694174	.	A	G	51	44	95	0	15	110	0	0
15	92705844	.	G	A	22	24	46	0	2	48	0	0
15	92706554	.	G	C	17	12	29	0	2	31	0	0
15	92706594	.	T	C	12	18	30	0	3	33	0	0
15	92715167	.	C	T	11	18	29	0	2	31	0	0
15	92824858	.	T	C	13	11	24	0	0	24	0	0
15	92973181	.	G	A	12	13	25	0	0	25	0	0
15	92981390	.	G	A	14	9	23	0	1	24	0	0
15	93015321	.	T	G	20	26	46	1	5	52	0	0
15	93015427	.	G	A	31	32	63	0	5	68	0	0
15	93016128	.	C	T	53	53	106	0	0	106	0	0
15	93016398	.	A	G	23	24	47	0	2	49	0	0
15	93162071	.	A	T	18	101	119	0	19	138	0	0
15	93255319	.	G	A	60	44	104	0	4	108	0	0
15	93255526	.	T	C	33	33	66	0	2	68	0	0
15	93255623	.	T	C	33	25	58	1	0	59	0	0
15	93255827	.	G	A	7	14	21	0	1	22	0	0
15	93496874	.	C	T	9	18	27	0	0	27	0	0
15	93515710	.	A	C	20	15	35	0	1	36	0	0
15	93521604	.	A	G	29	25	54	0	2	56	0	0
15	93521651	.	T	G	18	24	42	0	0	42	0	0
15	93536173	.	C	T	19	10	29	0	0	29	0	0
15	93540929	.	T	C	31	20	51	0	2	53	0	0
15	93545392	.	T	G	20	18	38	0	3	43	1	1
15	93552330	.	C	T	27	35	62	0	1	63	0	0
15	93552656	.	C	T	39	32	71	0	2	73	0	0
15	93567864	.	A	C	51	38	89	0	5	95	0	1
15	93568295	.	G	A	36	28	64	0	1	66	0	1
15	93570786	.	G	C	13	16	29	0	3	32	0	0
15	93586501	.	T	C	13	11	24	0	1	25	0	0
15	93586505	.	T	C	13	10	23	0	1	24	0	0
15	93586536	.	A	G	13	14	27	0	3	30	0	0
15	93586633	.	G	A	21	21	42	0	2	44	0	0
15	93588080	.	G	A	21	16	37	0	1	38	0	0
15	93588264	.	G	C	26	22	48	0	5	53	0	0
15	93588289	.	G	A	24	22	46	0	5	51	0	0
15	93595855	.	T	C	14	18	32	0	6	38	0	0
15	93609580	.	C	T	17	20	37	0	1	38	0	0
15	93609617	.	A	G	15	16	31	0	1	32	0	0
15	93616903	.	T	C	56	42	98	0	4	102	0	0
15	93844518	.	C	G	31	22	53	0	1	54	0	0
15	93844616	.	T	A	30	31	61	0	2	63	0	0
15	93844762	.	C	T	55	41	96	0	2	98	0	0
15	93844836	.	G	A	42	30	72	0	2	74	0	0
15	93844843	.	T	A	43	28	71	0	0	71	0	0
15	93844875	.	A	G	25	40	65	0	0	65	0	0
15	93973055	.	T	C	7	24	31	0	2	33	0	0
15	93973532	.	A	G	22	22	44	0	1	46	0	1
15	93973887	.	A	G	28	24	52	0	4	56	0	0
15	93974182	.	C	T	37	27	64	0	0	65	0	1
15	93974264	.	C	T	48	37	85	0	6	92	0	1
15	93974276	.	C	G	34	49	83	0	6	90	0	1
15	94410296	.	A	G	17	10	27	0	0	27	0	0
15	94619921	.	A	C	20	15	35	1	4	41	0	1
15	94620066	.	C	G	17	25	42	1	3	46	0	0
15	94620121	.	T	G	13	10	23	1	0	24	0	0
15	94624477	.	G	A	19	20	39	0	3	42	0	0
15	94817320	.	A	C	12	8	20	0	0	20	0	0
15	94841284	.	T	C	12	13	25	0	1	26	0	0
15	94841420	.	T	C	35	25	60	0	7	67	0	0
15	94841430	.	G	A	33	27	60	0	15	75	0	0
15	94841691	.	G	A	14	19	33	0	3	37	0	1
15	94858647	.	C	T	8	15	23	0	0	23	0	0
15	94858889	.	T	G	64	50	114	0	6	120	0	0
15	94858980	.	G	A	28	30	58	0	4	62	0	0
15	94882509	.	C	T	18	23	41	0	1	42	0	0
15	94883282	.	A	T	19	20	39	0	1	40	0	0
15	94883599	.	T	C	32	26	58	0	1	59	0	0
15	94883929	.	A	G	17	15	32	0	2	34	0	0
15	94884108	.	G	C	50	50	100	0	1	101	0	0
15	94910777	.	C	G	9	12	21	0	1	22	0	0
15	94928849	.	A	G	21	27	48	1	2	51	0	0
15	94945031	.	C	G	19	5	24	0	0	24	0	0
15	94945246	.	G	A	30	18	48	0	0	48	0	0
15	94945719	.	G	T	38	39	77	0	3	80	0	0
15	95001555	.	G	A	57	54	111	0	2	113	0	0
15	95399982	.	A	T	13	15	28	0	2	30	0	0
15	96876611	.	T	A	24	22	46	0	2	48	0	0
15	96932216	.	G	A	40	39	79	0	5	85	0	1
15	96984843	.	A	G	47	51	98	0	2	100	0	0
15	96984995	.	C	T	43	51	94	0	7	101	0	0
15	96985256	.	C	A	34	38	72	0	1	73	0	0
15	96985552	.	G	A	35	33	68	0	10	78	0	0
15	97301195	.	C	T	46	45	91	0	3	94	0	0
15	97328053	.	C	T	35	23	58	0	6	64	0	0
15	97328518	.	G	C	21	16	37	0	0	38	0	1
15	98162379	.	C	T	13	22	35	0	1	36	0	0
15	98162391	.	T	G	13	23	36	0	0	36	0	0
15	98508735	.	C	T	16	7	23	0	0	23	0	0
15	98515221	.	A	C	20	20	40	0	1	42	0	1
15	98516752	.	T	G	13	18	31	0	1	32	0	0
15	98932798	.	C	T	22	14	36	0	1	37	0	0
15	98938576	.	A	G	20	14	34	0	0	34	0	0
15	98980938	.	G	A	16	6	22	1	2	25	0	0
15	98984375	.	G	A	19	24	43	0	2	45	0	0
15	99023968	.	T	G	17	27	44	0	2	46	0	0
15	99233793	.	C	G	7	13	20	0	0	20	0	0
15	99434798	.	G	A	46	31	77	0	2	79	0	0
15	99442595	.	A	G	6	14	20	0	4	24	0	0
15	99454363	.	A	G	9	13	22	0	1	24	0	1
15	99472734	.	T	C	50	45	95	0	5	100	0	0
15	99478225	.	G	A	42	37	79	0	6	85	0	0
15	99478305	.	C	T	26	15	41	0	1	42	0	0
15	99478713	.	T	C	42	46	88	0	4	92	0	0
15	99501823	.	G	A	34	31	65	0	2	67	0	0
15	99502096	.	A	C	27	19	46	0	1	48	0	1
15	99504324	.	C	A	42	48	90	0	4	94	0	0
15	99504671	.	C	T	13	11	24	0	0	24	0	0
15	99504843	.	C	T	20	22	42	0	0	43	0	1
15	99505980	.	C	T	26	8	34	0	2	36	0	0
15	99505997	.	C	T	12	24	36	0	1	37	0	0
15	99507239	.	A	C	17	23	40	0	1	41	0	0
15	99507251	.	C	T	17	25	42	0	2	44	0	0
15	99511873	.	G	A	39	42	81	0	4	85	0	0
15	99653666	.	C	T	11	12	23	0	0	23	0	0
15	99653800	.	T	C	40	35	75	0	2	77	0	0
15	99670518	.	T	C	13	16	29	0	2	31	0	0
15	99672722	.	A	G	29	21	50	0	4	54	0	0
15	99678257	.	G	A	26	28	54	0	1	55	0	0
15	99679822	.	T	A	41	37	78	0	7	85	0	0
15	99679830	.	A	G	42	39	81	0	1	82	0	0
15	99901749	.	C	G	52	76	128	0	5	133	0	0
15	100092008	.	A	G	21	23	44	0	2	46	0	0
15	100211964	.	G	A	15	8	23	0	0	24	0	1
15	100243672	.	G	A	36	29	65	0	0	65	0	0
15	100246834	.	T	G	21	22	43	0	2	45	0	0
15	100246936	.	T	C	46	46	92	0	3	95	0	0
15	100256618	.	A	C	16	21	37	0	2	39	0	0
15	100339960	.	G	A	13	21	34	12	3	49	0	0
15	100340072	.	G	C	35	14	49	7	1	57	0	0
15	100340097	.	C	T	44	18	62	7	2	71	0	0
15	100340159	.	T	G	32	26	58	5	3	67	0	1
15	100340175	.	T	A	29	14	43	4	2	51	0	2
15	100340176	.	C	T	29	14	43	4	2	51	0	2
15	100340178	.	C	T	26	14	40	4	2	50	2	2
15	100340179	.	G	C	28	14	42	4	4	52	0	2
15	100340312	.	C	T	59	17	76	9	6	92	0	1
15	100340316	.	A	C	35	37	72	9	6	88	0	1
15	100341157	.	T	C	7	14	21	3	1	25	0	0
15	100341255	.	C	T	13	31	44	15	1	60	0	0
15	100514494	.	T	C	27	25	52	0	1	54	0	1
15	100514525	.	C	T	31	22	53	0	12	66	0	1
15	100514561	.	G	C	29	32	61	0	7	68	0	0
15	100514614	.	T	C	49	49	98	0	6	104	0	0
15	100516472	.	G	A	22	24	46	0	3	49	0	0
15	100533218	.	C	T	19	22	41	0	1	42	0	0
15	100537494	.	C	T	13	14	27	0	6	33	0	0
15	100591992	.	A	T	25	15	40	0	1	41	0	0
15	100592019	.	T	C	19	8	27	0	0	27	0	0
15	100594271	.	G	A	21	31	52	0	0	52	0	0
15	100594299	.	G	C	14	25	39	0	3	42	0	0
15	100603811	.	A	C	16	21	37	0	0	37	0	0
15	100603865	.	C	G	10	21	31	0	3	34	0	0
15	100636586	.	G	A	20	24	44	0	5	49	0	0
15	100648992	.	T	C	18	16	34	0	3	37	0	0
15	100672237	.	T	G	39	27	66	0	15	81	0	0
15	100683661	.	C	T	16	20	36	0	1	37	0	0
15	100692782	.	C	G	27	11	38	0	3	41	0	0
15	100739405	.	T	C	12	13	25	0	0	25	0	0
15	100794363	.	C	T	36	20	56	0	0	56	0	0
15	100802395	.	G	T	12	21	33	0	1	34	0	0
15	100802427	.	G	A	11	23	34	0	1	35	0	0
15	100802495	.	G	A	32	28	60	0	1	62	0	1
15	100821426	.	G	A	52	53	105	0	4	109	0	0
15	100821467	.	G	A	46	60	106	0	11	117	0	0
15	100821576	.	G	A	66	84	150	0	8	158	0	0
15	100821647	.	T	C	38	48	86	0	5	92	0	1
15	100821783	.	G	A	23	9	32	0	2	34	0	0
15	100821806	.	G	C	17	6	23	0	0	23	0	0
15	100889405	.	G	C	25	30	55	0	0	55	0	0
15	100889407	.	C	T	26	29	55	0	0	55	0	0
15	100996038	.	C	T	22	32	54	0	2	56	0	0
15	101009474	.	A	T	14	12	26	0	1	27	0	0
15	101009530	.	G	A	17	16	33	0	4	37	0	0
15	101031217	.	C	T	8	12	20	0	1	21	0	0
15	101041746	.	C	T	8	15	23	0	0	23	0	0
15	101041896	.	T	C	21	31	52	0	0	52	0	0
15	101041921	.	T	C	29	19	48	0	1	49	0	0
15	101093924	.	T	A	27	28	55	0	3	58	0	0
15	101094130	.	C	T	24	27	51	0	14	66	0	1
15	101094335	.	C	G	42	59	101	0	2	103	0	0
15	101109677	.	C	A	33	23	56	0	1	57	0	0
15	101109794	.	C	G	20	29	49	0	3	52	0	0
15	101109893	.	C	A	36	27	63	0	1	64	0	0
15	101110096	.	T	C	20	24	44	0	1	46	0	1
15	101110265	.	T	A	16	16	32	0	0	32	0	0
15	101110302	.	C	G	12	12	24	0	0	24	0	0
15	101113748	.	C	T	22	15	37	0	6	43	0	0
15	101113950	.	A	G	34	32	66	0	4	70	0	0
15	101120963	.	T	C	27	31	58	0	1	59	0	0
15	101432681	.	T	C	39	26	65	0	2	69	0	2
15	101436307	.	C	T	14	24	38	0	5	43	0	0
15	101440988	.	A	C	23	35	58	0	6	65	0	1
15	101441055	.	T	C	14	20	34	0	1	35	0	0
15	101447588	.	A	G	24	13	37	0	1	38	0	0
15	101455009	.	G	C	21	15	36	0	0	36	0	0
15	101464749	.	A	C	26	20	46	0	6	52	0	0
15	101464915	.	T	C	48	55	103	0	8	111	0	0
15	101529118	.	C	T	21	19	40	0	1	42	0	1
15	101561201	.	C	T	15	16	31	0	1	32	0	0
15	101561316	.	C	T	31	28	59	0	4	64	0	1
15	101562288	.	A	G	11	9	20	0	3	23	0	0
15	101562793	.	G	A	12	14	26	0	2	28	0	0
15	101566078	.	C	G	25	49	74	0	5	79	0	0
15	101566118	.	C	T	48	26	74	0	5	79	0	0
15	101566456	.	T	C	20	9	29	0	1	30	0	0
15	101569467	.	T	C	35	23	58	0	6	64	0	0
15	101589765	.	T	G	13	11	24	0	1	25	0	0
15	101591739	.	G	A	31	19	50	0	2	52	0	0
15	101591784	.	C	T	31	35	66	0	3	69	0	0
15	101591834	.	G	A	56	43	99	0	7	106	0	0
15	101593641	.	G	A	16	8	24	0	4	28	0	0
15	101597266	.	A	G	14	12	26	0	3	29	0	0
15	101598200	.	G	A	55	44	99	0	5	104	0	0
15	101598314	.	C	T	58	39	97	0	5	102	0	0
15	101598359	.	G	A	40	37	77	0	2	79	0	0
15	101718097	.	C	G	43	32	75	0	1	77	1	0
15	101814816	.	C	A	19	17	36	0	2	38	0	0
15	101825064	.	G	T	17	20	37	0	2	39	0	0
15	101827233	.	A	G	26	19	45	0	0	45	0	0
15	101827759	.	T	C	12	10	22	0	0	22	0	0
15	101827855	.	C	T	16	21	37	0	0	37	0	0
15	101832055	.	G	T	19	14	33	0	0	34	0	1
15	101862690	.	G	T	26	19	45	0	3	48	0	0
15	101905327	.	C	T	11	9	20	0	0	20	0	0
15	101910431	.	C	T	10	12	22	0	0	22	0	0
15	101910511	.	A	C	11	24	35	0	1	36	0	0
15	101910550	.	G	A	21	30	51	0	3	54	0	0
15	101910800	.	A	G	11	9	20	0	4	24	0	0
15	101922184	.	C	G	15	12	27	0	4	31	0	0
15	101922323	.	A	G	22	29	51	0	3	54	0	0
15	101970308	.	G	A	37	32	69	0	2	71	0	0
15	101971388	.	T	C	14	20	34	0	1	35	0	0
15	101972035	.	G	A	22	21	43	0	2	45	0	0
15	101984036	.	C	T	15	19	34	0	2	36	0	0
15	101984243	.	A	G	25	18	43	0	0	43	0	0
15	101984349	.	C	T	24	28	52	0	1	53	0	0
15	101984405	.	T	C	20	16	36	0	3	39	0	0
15	102002982	.	T	C	13	9	22	0	2	24	0	0
15	102003079	.	G	A	24	14	38	0	3	41	0	0
15	102003292	.	T	C	75	55	130	6	8	145	0	1
15	102191869	.	G	A	23	24	47	0	1	49	1	0
15	102192034	.	A	G	11	17	28	0	0	28	0	0
15	102195035	.	A	C	9	13	22	0	0	22	0	0
15	102211654	.	T	C	14	14	28	0	0	29	1	0
15	102224341	.	G	A	24	20	44	0	2	46	0	0
15	102251993	.	G	A	20	9	29	0	2	31	0	0
15	102272275	.	G	A	30	40	70	0	5	75	0	0
15	102274942	.	T	G	31	20	51	0	2	53	0	0
15	102284444	.	T	C	75	25	100	11	5	116	0	0
15	102284597	.	A	G	134	122	256	29	11	296	0	0
15	102284675	.	A	G	122	101	223	125	8	356	0	0
15	102287795	.	A	C	10	10	20	16	0	36	0	0
15	102287886	.	G	A	17	9	26	44	1	71	0	0
15	102288006	.	G	A	90	34	124	45	17	187	0	1
15	102288016	.	C	T	78	49	127	59	9	196	0	1
15	102288279	.	T	C	16	13	29	26	1	56	0	0
15	102291321	.	G	C	31	10	41	4	1	46	0	0
15	102291724	.	G	C	193	66	259	11	12	282	0	0
15	102291730	.	A	G	205	75	280	11	9	300	0	0
15	102291954	.	C	T	180	140	320	3	19	342	0	0
15	102291955	.	G	A	219	108	327	3	13	343	0	0
15	102292163	.	C	T	30	15	45	7	3	55	0	0
15	102292601	.	C	G	37	32	69	6	6	81	0	0
15	102294140	.	G	C	18	11	29	23	3	55	0	0
15	102294715	.	C	T	25	14	39	61	2	104	0	2
15	102304498	.	G	A	45	50	95	80	3	179	0	1
15	102304758	.	C	G	40	20	60	11	3	76	0	2
15	102304823	.	T	C	18	21	39	4	6	50	0	1
15	102304965	.	G	A	70	16	86	1	6	95	0	2
15	102305032	.	T	C	107	22	129	0	5	136	0	2
15	102305033	.	G	A	107	21	128	0	6	136	0	2
15	102305129	.	T	C	47	44	91	5	6	102	0	0
15	102306403	.	T	C	16	8	24	2	2	28	0	0
15	102306455	.	T	C	24	6	30	2	6	38	0	0
15	102306465	.	A	G	27	6	33	2	4	39	0	0
15	102306470	.	T	A	26	8	34	2	2	38	0	0
15	102306494	.	T	C	26	10	36	0	3	42	0	3
15	102306532	.	A	G	35	15	50	0	4	61	0	7
15	102306617	.	C	A	41	10	51	0	3	56	0	2
15	102311159	.	C	T	10	12	22	0	0	22	0	0
15	102313716	.	A	G	63	60	123	0	14	137	0	0
15	102313869	.	G	A	75	77	152	1	7	161	0	1
15	102314207	.	C	A	57	47	104	0	6	110	0	0
15	102316200	.	T	G	74	87	161	0	13	174	0	0
15	102316971	.	A	G	8	12	20	0	1	21	0	0
15	102319092	.	T	C	28	32	60	0	8	69	1	0
15	102319219	.	G	C	89	70	159	0	5	164	0	0
15	102319742	.	C	T	77	91	168	0	4	172	0	0
15	102321805	.	G	A	12	14	26	0	2	28	0	0
15	102369379	.	G	A	123	110	233	0	3	239	0	3
15	102369410	.	C	G	96	100	196	1	6	205	0	2
15	102416096	.	T	C	11	56	67	20	2	91	1	1
15	102416331	.	A	G	111	120	231	71	6	308	0	0
15	102416490	.	T	C	185	175	360	65	15	440	0	0
15	102416626	.	G	T	107	110	217	59	4	280	0	0
15	102506525	.	C	T	33	26	59	48	6	113	0	0
15	102507050	.	T	A	12	9	21	11	1	33	0	0
15	102515149	.	G	A	14	23	37	30	0	67	0	0
15	102515241	.	T	C	9	16	25	38	3	66	0	0
15	102515257	.	C	T	38	11	49	47	4	100	0	0
15	102515315	.	G	A	72	31	103	71	4	178	0	0
15	102515329	.	C	T	81	30	111	71	5	187	0	0
15	102515387	.	T	C	56	20	76	78	7	161	0	0
15	102516492	.	C	G	41	66	107	40	10	157	0	0
15	102516734	.	C	T	34	18	52	61	5	118	0	0
16	61922	.	G	C	30	23	53	18	1	73	0	1
16	61977	.	C	G	22	19	41	12	2	56	0	1
16	62108	.	G	A	24	14	38	11	1	50	0	0
16	64637	.	G	A	22	26	48	90	3	142	0	1
16	67058	.	A	G	125	66	191	39	10	240	0	0
16	67089	.	C	T	106	56	162	41	3	206	0	0
16	67254	.	A	C	81	51	132	25	7	164	0	0
16	79609	.	C	G	90	43	133	24	5	162	0	0
16	80174	.	A	G	19	4	23	1	0	25	0	1
16	81639	.	C	A	14	11	25	14	1	41	0	1
16	84130	.	A	G	46	34	80	0	3	83	0	0
16	85065	.	G	A	20	25	45	0	0	45	0	0
16	85561	.	C	T	17	12	29	0	1	30	0	0
16	85658	.	G	A	20	30	50	0	3	53	0	0
16	85957	.	C	T	24	21	45	0	2	47	0	0
16	85995	.	G	C	11	14	25	0	3	28	0	0
16	86010	.	G	T	12	14	26	0	1	27	0	0
16	86361	.	G	A	72	65	137	2	9	148	0	0
16	86671	.	T	C	12	15	27	0	2	30	0	1
16	88165	.	C	A	50	38	88	0	3	91	0	0
16	88245	.	C	T	46	79	125	0	4	130	0	1
16	88358	.	C	G	43	53	96	2	5	104	1	0
16	88366	.	G	A	36	49	85	1	5	91	0	0
16	88529	.	C	T	10	11	21	1	3	25	0	0
16	106426	.	G	T	29	30	59	0	6	66	0	1
16	106706	.	C	T	18	12	30	0	0	30	0	0
16	109330	.	A	G	23	13	36	0	3	39	0	0
16	113027	.	G	A	28	21	49	0	8	57	0	0
16	113493	.	G	C	47	41	88	0	5	93	0	0
16	113924	.	A	G	82	65	147	0	6	153	0	0
16	113970	.	T	C	66	78	144	0	3	147	0	0
16	114535	.	A	G	26	29	55	0	1	56	0	0
16	115041	.	C	T	30	24	54	0	10	64	0	0
16	115072	.	A	C	27	23	50	0	5	55	0	0
16	129223	.	C	T	12	9	21	0	0	21	0	0
16	129277	.	A	G	19	16	35	0	1	36	0	0
16	129654	.	C	T	47	46	93	0	6	99	0	0
16	138755	.	C	T	75	51	126	0	9	136	0	1
16	139617	.	C	T	19	17	36	0	1	37	0	0
16	139784	.	G	C	55	51	106	0	9	115	0	0
16	202893	.	T	C	59	34	93	5	6	105	0	1
16	223383	.	T	G	6	16	22	1	2	25	0	0
16	240528	.	C	G	21	30	51	0	0	51	0	0
16	310245	.	C	T	35	30	65	0	4	69	0	0
16	310844	.	G	C	14	11	25	0	1	26	0	0
16	311992	.	A	C	5	30	35	1	2	39	0	1
16	312010	.	G	C	18	27	45	2	5	52	0	0
16	313573	.	C	T	31	22	53	0	7	60	0	0
16	314092	.	C	T	28	26	54	0	7	62	0	1
16	319398	.	C	G	84	56	140	0	13	154	0	1
16	319761	.	C	T	18	20	38	0	2	41	0	1
16	319800	.	T	C	16	11	27	0	1	29	0	1
16	324052	.	A	G	39	26	65	0	4	69	0	0
16	324403	.	G	C	16	18	34	0	2	36	0	0
16	335619	.	G	A	55	35	90	0	0	90	0	0
16	336346	.	C	G	36	25	61	0	7	68	0	0
16	336377	.	C	G	34	42	76	0	2	78	0	0
16	336396	.	G	A	49	36	85	0	1	86	0	0
16	336438	.	C	T	52	43	95	0	2	97	0	0
16	337017	.	G	A	28	22	50	0	8	58	0	0
16	337122	.	G	A	20	9	29	0	8	37	0	0
16	347058	.	G	A	31	36	67	0	7	75	0	1
16	347850	.	G	A	90	74	164	0	13	177	0	0
16	354203	.	G	C	16	9	25	0	0	25	0	0
16	354287	.	C	T	17	14	31	0	2	34	0	1
16	397044	.	G	T	17	12	29	0	3	32	0	0
16	418429	.	A	G	93	91	184	0	8	193	0	1
16	418681	.	A	G	38	38	76	0	6	85	1	2
16	419614	.	C	T	18	10	28	2	2	32	0	0
16	419617	.	C	G	22	6	28	2	4	34	0	0
16	419805	.	A	C	26	26	52	0	3	55	0	0
16	419923	.	G	C	43	40	83	0	9	92	0	0
16	420079	.	C	T	41	41	82	0	1	83	0	0
16	421912	.	G	A	20	11	31	0	4	35	0	0
16	422168	.	A	G	33	37	70	0	5	75	0	0
16	424695	.	A	G	19	26	45	0	4	50	0	1
16	425277	.	C	T	31	35	66	0	2	68	0	0
16	425298	.	G	T	29	39	68	0	4	72	0	0
16	427013	.	G	C	19	13	32	0	3	35	0	0
16	449162	.	T	C	84	80	164	0	37	201	0	0
16	449178	.	T	G	77	84	161	0	12	174	0	1
16	450309	.	C	T	36	33	69	0	7	76	0	0
16	547207	.	C	T	17	32	49	0	5	54	0	0
16	547297	.	T	C	26	29	55	0	2	58	0	1
16	552731	.	A	G	16	14	30	0	1	31	0	0
16	555505	.	G	T	21	14	35	0	0	35	0	0
16	570454	.	T	C	24	28	52	0	0	53	0	1
16	570557	.	T	C	16	28	44	0	2	46	0	0
16	593277	.	T	G	67	41	108	0	11	119	0	0
16	600745	.	T	C	52	13	65	11	19	96	0	1
16	600768	.	C	T	44	17	61	11	10	83	0	1
16	600840	.	T	G	37	8	45	4	20	71	0	2
16	601073	.	C	T	37	27	64	18	19	102	0	1
16	601632	.	T	C	27	26	53	0	8	61	0	0
16	601738	.	C	G	15	13	28	0	5	33	0	0
16	601892	.	T	C	30	24	54	0	3	57	0	0
16	602313	.	C	A	19	18	37	0	5	42	0	0
16	602595	.	G	C	23	23	46	0	2	48	0	0
16	603471	.	A	G	11	19	30	0	2	32	0	0
16	628354	.	C	G	22	22	44	0	4	48	0	0
16	679412	.	C	T	10	17	27	0	1	28	0	0
16	682517	.	G	T	33	12	45	0	6	51	0	0
16	700644	.	G	C	34	26	60	0	1	61	0	0
16	701578	.	C	T	62	43	105	0	8	113	0	0
16	703721	.	A	C	31	35	66	0	6	73	0	1
16	705360	.	T	C	19	13	32	0	5	37	0	0
16	705795	.	C	T	21	20	41	0	0	41	0	0
16	705844	.	T	C	5	16	21	0	1	22	0	0
16	707034	.	A	C	15	16	31	0	4	35	0	0
16	707153	.	C	G	13	16	29	0	5	34	0	0
16	708419	.	T	C	23	33	56	0	6	62	0	0
16	709001	.	C	A	57	48	105	0	4	109	0	0
16	709152	.	G	A	33	44	77	0	8	85	0	0
16	709157	.	T	C	33	41	74	0	9	83	0	0
16	709989	.	C	T	18	22	40	0	5	45	0	0
16	710255	.	C	T	16	12	28	0	0	28	0	0
16	710473	.	T	C	21	26	47	0	0	47	0	0
16	710808	.	G	A	17	15	32	0	5	37	0	0
16	711326	.	G	C	21	24	45	0	3	48	0	0
16	711582	.	C	G	29	17	46	0	0	46	0	0
16	711712	.	C	T	26	19	45	0	1	46	0	0
16	711905	.	A	G	43	25	68	0	2	70	0	0
16	712867	.	A	G	46	41	87	0	7	95	0	1
16	713204	.	A	G	10	16	26	0	0	26	0	0
16	713210	.	G	A	10	16	26	0	0	26	0	0
16	715060	.	T	C	34	33	67	0	4	71	0	0
16	715161	.	A	G	29	32	61	0	6	67	0	0
16	715164	.	G	A	31	30	61	0	4	65	0	0
16	715847	.	A	G	30	20	50	0	0	50	0	0
16	715990	.	G	A	49	29	78	0	5	84	0	1
16	716273	.	T	C	34	41	75	0	2	77	0	0
16	716287	.	C	A	42	44	86	0	2	88	0	0
16	716428	.	G	A	33	41	74	0	1	75	0	0
16	717057	.	T	C	29	21	50	0	2	53	0	1
16	717523	.	G	T	48	43	91	0	5	96	0	0
16	717544	.	G	C	52	40	92	0	2	94	0	0
16	719592	.	G	A	23	9	32	0	3	35	0	0
16	719917	.	G	C	22	28	50	0	2	52	0	0
16	719933	.	T	C	22	29	51	0	3	54	0	0
16	720071	.	G	A	80	71	151	0	6	157	0	0
16	720152	.	T	C	86	70	156	0	10	166	0	0
16	720960	.	C	T	84	55	139	0	11	150	0	0
16	722331	.	C	T	26	34	60	0	4	65	0	1
16	722548	.	A	G	14	7	21	0	0	21	0	0
16	723238	.	G	A	16	15	31	0	0	31	0	0
16	723647	.	C	G	39	32	71	0	4	75	0	0
16	731725	.	T	G	13	16	29	0	4	33	0	0
16	735921	.	T	C	18	14	32	0	3	35	0	0
16	740466	.	A	G	45	46	91	0	2	93	0	0
16	740476	.	C	G	33	34	67	0	6	73	0	0
16	743460	.	C	T	45	60	105	0	7	112	0	0
16	743670	.	C	T	171	167	338	0	20	359	0	1
16	780664	.	G	A	28	28	56	0	4	60	0	0
16	783173	.	T	C	18	31	49	0	3	52	0	0
16	784920	.	A	G	16	13	29	0	1	30	0	0
16	814058	.	C	T	29	27	56	0	4	60	0	0
16	814524	.	C	T	10	20	30	0	2	32	0	0
16	816294	.	T	G	28	27	55	0	6	61	0	0
16	817407	.	C	T	46	40	86	0	2	88	0	0
16	818559	.	A	G	21	14	35	0	0	35	0	0
16	818643	.	T	C	20	19	39	0	3	42	0	0
16	818807	.	C	T	35	31	66	0	5	71	0	0
16	819008	.	T	C	24	18	42	0	3	45	0	0
16	819034	.	C	G	15	14	29	0	3	32	0	0
16	819719	.	T	C	11	10	21	0	4	25	0	0
16	820109	.	G	A	14	23	37	0	3	41	0	1
16	820143	.	T	C	10	14	24	0	1	25	0	0
16	820144	.	G	A	10	14	24	0	1	25	0	0
16	820888	.	T	C	12	10	22	0	5	27	0	0
16	820893	.	T	C	13	11	24	0	4	28	0	0
16	820903	.	T	C	13	14	27	0	3	30	0	0
16	821057	.	A	G	20	13	33	0	5	38	0	0
16	823153	.	A	G	55	60	115	0	5	121	0	1
16	825255	.	G	A	18	25	43	0	1	44	0	0
16	825654	.	T	C	11	10	21	0	3	24	0	0
16	836199	.	G	A	35	25	60	0	1	61	0	0
16	836342	.	G	A	16	17	33	0	1	34	0	0
16	836793	.	G	A	25	22	47	0	3	51	0	1
16	837055	.	G	A	17	26	43	0	7	50	0	0
16	840599	.	C	T	19	18	37	0	12	49	0	0
16	841175	.	C	T	70	76	146	0	10	157	0	1
16	842706	.	G	A	26	23	49	0	7	56	0	0
16	845797	.	G	C	19	29	48	0	4	52	0	0
16	845819	.	A	G	32	18	50	0	3	53	0	0
16	846934	.	A	C	41	36	77	0	8	85	0	0
16	847835	.	G	A	19	18	37	0	4	41	0	0
16	848484	.	G	A	16	8	24	0	1	25	0	0
16	848575	.	A	G	32	20	52	0	9	61	0	0
16	848674	.	G	T	33	50	83	0	3	86	0	0
16	848755	.	G	A	95	74	169	0	8	177	0	0
16	848933	.	C	T	39	43	82	0	3	85	0	0
16	857526	.	G	A	13	10	23	0	1	24	0	0
16	863398	.	C	T	34	30	64	0	2	66	0	0
16	863498	.	G	C	35	37	72	0	2	74	0	0
16	929630	.	G	T	46	45	91	0	2	93	0	0
16	942989	.	G	C	27	20	47	0	8	55	0	0
16	943107	.	A	G	28	20	48	0	1	49	0	0
16	943130	.	C	G	20	20	40	0	1	41	0	0
16	1004558	.	C	G	32	29	61	0	2	63	0	0
16	1032297	.	G	A	23	26	49	0	3	52	0	0
16	1034954	.	T	C	25	23	48	0	2	51	0	1
16	1115495	.	T	C	46	29	75	0	8	83	0	0
16	1115904	.	G	A	12	15	27	0	1	28	0	0
16	1116213	.	G	A	12	9	21	0	1	23	0	1
16	1129872	.	C	T	41	56	97	0	12	109	0	0
16	1131181	.	C	T	57	65	122	1	5	128	0	0
16	1131393	.	A	G	32	31	63	0	2	65	0	0
16	1143500	.	G	A	18	8	26	0	7	34	0	1
16	1252259	.	A	G	21	21	42	0	2	44	0	0
16	1252369	.	C	T	29	30	59	0	4	63	0	0
16	1262561	.	G	A	58	43	101	0	7	108	0	0
16	1271970	.	C	T	16	10	26	0	3	29	0	0
16	1275309	.	C	T	63	39	102	0	7	109	0	0
16	1278424	.	G	A	17	11	28	1	1	32	0	2
16	1278744	.	C	T	29	18	47	49	3	99	0	0
16	1278767	.	C	T	24	14	38	42	3	83	0	0
16	1278806	.	G	A	21	8	29	32	3	64	0	0
16	1279537	.	C	G	12	8	20	8	0	28	0	0
16	1279555	.	C	T	16	12	28	7	1	37	0	1
16	1279574	.	C	G	24	18	42	7	3	53	0	1
16	1279584	.	T	C	27	21	48	6	1	56	0	1
16	1279623	.	G	A	51	39	90	2	3	96	0	1
16	1279704	.	A	G	51	21	72	14	7	94	0	1
16	1279710	.	G	A	49	15	64	17	9	91	0	1
16	1279714	.	A	G	50	17	67	18	6	92	0	1
16	1279717	.	C	T	45	18	63	18	8	90	0	1
16	1279817	.	A	G	18	16	34	30	1	65	0	0
16	1280042	.	G	A	18	17	35	21	2	58	0	0
16	1280087	.	G	C	15	19	34	6	3	43	0	0
16	1291075	.	T	C	25	17	42	27	5	74	0	0
16	1291114	.	C	G	15	52	67	25	3	95	0	0
16	1291160	.	G	T	60	23	83	18	6	107	0	0
16	1291175	.	G	A	68	23	91	13	7	111	0	0
16	1291178	.	T	C	67	22	89	10	5	104	0	0
16	1291182	.	C	T	71	22	93	10	3	106	0	0
16	1291188	.	C	T	72	24	96	8	4	108	0	0
16	1291385	.	G	C	63	24	87	23	2	112	0	0
16	1291597	.	C	G	52	26	78	44	6	128	0	0
16	1291622	.	A	G	66	38	104	26	14	144	0	0
16	1306126	.	C	T	14	11	25	2	1	28	0	0
16	1306182	.	G	A	29	8	37	4	2	43	0	0
16	1306268	.	C	T	57	45	102	7	5	114	0	0
16	1306346	.	C	T	34	34	68	11	9	108	19	1
16	1306347	.	G	C	68	19	87	11	8	107	0	1
16	1306377	.	G	A	43	30	73	10	8	91	0	0
16	1306671	.	G	A	72	46	118	0	12	130	0	0
16	1306680	.	C	T	55	72	127	0	6	133	0	0
16	1306681	.	G	A	72	46	118	0	9	131	4	0
16	1306918	.	C	T	104	35	139	0	12	163	0	12
16	1306921	.	G	A	109	31	140	0	7	159	0	12
16	1306927	.	C	T	102	35	137	0	10	159	0	12
16	1306971	.	A	G	87	24	111	1	11	131	0	8
16	1306973	.	A	G	83	26	109	1	11	129	0	8
16	1306981	.	G	A	64	45	109	1	8	124	0	6
16	1311333	.	A	G	35	39	74	0	4	78	0	0
16	1312546	.	T	A	33	42	75	0	7	82	0	0
16	1312826	.	A	G	51	53	104	0	9	115	0	2
16	1312976	.	T	G	53	39	92	0	5	99	1	1
16	1323539	.	T	C	12	10	22	0	3	26	0	1
16	1326381	.	C	T	25	19	44	0	8	52	0	0
16	1326785	.	A	T	13	7	20	0	1	21	0	0
16	1358561	.	T	G	17	10	27	0	1	28	0	0
16	1364365	.	A	G	42	30	72	0	10	82	0	0
16	1373430	.	C	T	10	20	30	0	0	30	0	0
16	1379706	.	G	A	36	30	66	0	1	67	0	0
16	1385650	.	A	C	43	25	68	0	10	79	0	1
16	1387253	.	A	T	13	11	24	0	0	24	0	0
16	1388909	.	C	T	18	27	45	0	4	49	0	0
16	1389638	.	C	G	24	18	42	0	4	46	0	0
16	1391221	.	G	A	35	64	99	0	11	110	0	0
16	1398506	.	C	T	20	21	41	0	2	43	0	0
16	1413160	.	G	T	21	18	39	0	0	39	0	0
16	1447319	.	G	A	22	17	39	7	1	48	0	1
16	1447406	.	A	G	16	4	20	5	2	27	0	0
16	1458427	.	G	C	38	42	80	0	9	89	0	0
16	1470378	.	T	A	28	34	62	0	3	65	0	0
16	1479250	.	C	T	94	121	215	0	17	233	0	1
16	1484392	.	G	C	17	18	35	0	0	35	0	0
16	1484455	.	T	C	27	20	47	0	3	50	0	0
16	1484849	.	G	A	19	13	32	0	1	33	0	0
16	1486147	.	G	A	32	35	67	0	0	67	0	0
16	1486352	.	T	C	21	21	42	0	2	44	0	0
16	1486398	.	A	G	24	19	43	0	4	47	0	0
16	1486875	.	C	T	19	14	33	0	2	35	0	0
16	1487975	.	A	G	19	12	31	0	1	32	0	0
16	1488015	.	A	G	20	8	28	0	2	30	0	0
16	1488039	.	C	T	19	6	25	0	3	28	0	0
16	1488141	.	C	T	25	13	38	0	4	42	0	0
16	1488224	.	T	C	13	11	24	0	4	28	0	0
16	1488435	.	T	C	10	10	20	0	1	21	0	0
16	1488646	.	A	G	9	15	24	0	0	26	0	2
16	1489261	.	C	T	24	19	43	0	6	49	0	0
16	1493151	.	C	T	11	15	26	0	0	26	0	0
16	1493397	.	G	A	18	14	32	0	1	33	0	0
16	1496915	.	C	T	17	16	33	0	4	37	0	0
16	1497125	.	A	G	16	27	43	0	2	45	0	0
16	1498270	.	A	G	29	15	44	0	3	47	0	0
16	1498520	.	A	G	26	41	67	0	7	74	0	0
16	1498572	.	T	C	31	44	75	0	10	85	0	0
16	1498771	.	C	T	49	43	92	0	6	98	0	0
16	1498875	.	C	G	25	30	55	0	5	60	0	0
16	1499427	.	A	G	10	12	22	0	1	23	0	0
16	1505588	.	T	C	14	9	23	0	0	23	0	0
16	1507778	.	T	C	41	32	73	0	7	81	0	1
16	1507842	.	C	T	28	14	42	0	0	42	0	0
16	1508988	.	T	C	11	14	25	0	4	29	0	0
16	1509123	.	G	A	29	37	66	0	3	69	0	0
16	1510538	.	A	G	23	11	34	0	1	36	0	1
16	1510634	.	G	A	23	18	41	0	2	43	0	0
16	1510707	.	C	G	26	13	39	0	7	46	0	0
16	1511372	.	C	T	9	14	23	0	1	24	0	0
16	1535997	.	T	A	52	43	95	0	11	106	0	0
16	1537181	.	C	G	37	27	64	0	4	68	0	0
16	1538029	.	G	A	26	22	48	0	12	60	0	0
16	1538296	.	G	A	23	31	54	0	6	60	0	0
16	1544301	.	G	C	52	27	79	0	8	87	0	0
16	1544302	.	A	G	53	27	80	0	7	87	0	0
16	1546861	.	G	A	23	21	44	0	3	47	0	0
16	1546948	.	C	T	31	39	70	0	4	74	0	0
16	1547477	.	T	C	18	13	31	0	0	32	0	1
16	1550328	.	G	A	15	9	24	0	3	27	0	0
16	1573754	.	C	T	47	43	90	0	8	98	0	0
16	1574863	.	G	A	42	45	87	0	9	96	0	0
16	1576743	.	G	A	35	32	67	0	2	69	0	0
16	1591962	.	G	A	52	37	89	0	5	94	0	0
16	1614057	.	G	A	23	19	42	0	3	45	0	0
16	1614147	.	C	T	22	16	38	0	0	39	0	1
16	1618043	.	G	A	21	29	50	0	5	55	0	0
16	1637997	.	C	T	18	18	36	0	4	40	0	0
16	1639793	.	C	G	36	45	81	0	5	86	0	0
16	1642333	.	C	T	23	21	44	0	4	48	0	0
16	1642423	.	C	T	23	21	44	0	7	51	0	0
16	1642500	.	C	A	27	29	56	0	6	62	0	0
16	1642660	.	T	C	13	7	20	3	2	25	0	0
16	1642678	.	T	A	17	3	20	4	1	25	0	0
16	1657012	.	C	T	15	24	39	0	1	40	0	0
16	1657350	.	A	T	12	16	28	0	3	31	0	0
16	1670749	.	T	G	15	23	38	0	4	42	0	0
16	1675790	.	A	G	22	20	42	0	1	43	0	0
16	1676288	.	C	T	11	12	23	0	2	25	0	0
16	1691106	.	T	C	25	25	50	0	4	55	0	1
16	1691299	.	A	G	7	15	22	0	0	22	0	0
16	1720844	.	A	G	19	18	37	0	5	42	0	0
16	1735671	.	T	C	25	28	53	0	2	55	0	0
16	1798779	.	G	A	85	79	164	0	5	170	0	1
16	1807896	.	C	A	10	11	21	0	0	21	0	0
16	1809055	.	C	T	44	32	76	0	3	79	0	0
16	1811565	.	A	G	23	8	31	1	6	38	0	0
16	1813523	.	G	A	11	16	27	0	2	29	0	0
16	1814019	.	G	C	16	8	24	0	1	25	0	0
16	1814440	.	A	G	30	35	65	0	3	68	0	0
16	1814964	.	C	T	24	32	56	0	1	57	0	0
16	1817759	.	G	T	66	54	120	0	12	132	0	0
16	1819433	.	G	A	15	7	22	0	0	22	0	0
16	1824420	.	G	A	29	16	45	0	13	58	0	0
16	1836393	.	G	A	14	13	27	0	4	31	0	0
16	1836710	.	G	A	53	51	104	0	4	108	0	0
16	1836796	.	C	A	47	53	100	0	12	112	0	0
16	1841033	.	G	A	29	32	61	0	4	65	0	0
16	1843672	.	T	C	11	10	21	0	1	22	0	0
16	1859150	.	G	A	11	20	31	0	2	33	0	0
16	1859153	.	T	C	11	20	31	0	2	33	0	0
16	1859432	.	G	C	24	18	42	0	6	48	0	0
16	1859476	.	G	A	23	23	46	0	7	53	0	0
16	1859618	.	G	A	15	29	44	0	4	48	0	0
16	1859638	.	T	C	27	30	57	0	7	64	0	0
16	1859730	.	G	A	40	37	77	0	8	85	0	0
16	1859850	.	A	G	36	28	64	0	4	68	0	0
16	1867014	.	G	C	58	59	117	0	1	118	0	0
16	1867040	.	T	C	52	50	102	0	1	103	0	0
16	1867338	.	C	G	20	15	35	0	2	37	0	0
16	1867370	.	C	A	19	10	29	0	1	30	0	0
16	1869104	.	T	C	15	18	33	0	6	40	0	1
16	1869907	.	G	A	40	29	69	0	4	73	0	0
16	1870133	.	G	A	25	30	55	0	3	58	0	0
16	1870147	.	C	G	20	31	51	0	2	53	0	0
16	1872459	.	C	T	20	20	40	0	3	43	0	0
16	1877175	.	G	A	11	16	27	0	1	28	0	0
16	1877494	.	T	C	47	37	84	0	4	88	0	0
16	1878492	.	G	A	34	28	62	0	1	63	0	0
16	1878521	.	C	G	35	21	56	0	4	60	0	0
16	1878597	.	T	C	37	23	60	0	3	63	0	0
16	1878641	.	A	C	33	16	49	0	1	50	0	0
16	1878740	.	A	G	19	16	35	0	0	35	0	0
16	1878801	.	G	T	21	26	47	0	1	48	0	0
16	1878852	.	T	C	21	30	51	0	1	52	0	0
16	1878924	.	G	T	14	11	25	0	1	26	0	0
16	1887638	.	G	A	23	17	40	0	0	40	0	0
16	1887665	.	A	G	30	19	49	0	1	50	0	0
16	1887937	.	C	T	29	35	64	0	2	66	0	0
16	1887994	.	C	G	21	24	45	0	1	46	0	0
16	1888177	.	G	T	17	11	28	0	0	28	0	0
16	1889189	.	A	G	33	33	66	0	1	67	0	0
16	1891682	.	C	T	9	12	21	0	0	21	0	0
16	1891723	.	C	T	18	13	31	0	0	31	0	0
16	1891724	.	A	G	18	13	31	0	0	31	0	0
16	1894790	.	C	G	19	13	32	0	0	32	0	0
16	1894852	.	C	G	27	19	46	0	1	47	0	0
16	1894912	.	C	T	27	21	48	0	1	49	0	0
16	1894961	.	A	G	18	20	38	0	1	40	0	1
16	1903934	.	A	G	16	11	27	0	0	27	0	0
16	1903938	.	A	G	15	11	26	0	0	26	0	0
16	1904322	.	G	C	24	18	42	0	0	42	0	0
16	1904959	.	A	G	32	26	58	0	5	63	0	0
16	1905006	.	C	T	33	25	58	0	1	59	0	0
16	1905039	.	C	G	25	37	62	0	1	63	0	0
16	1905058	.	A	G	33	24	57	0	1	58	0	0
16	1905093	.	A	C	22	16	38	0	1	39	0	0
16	1905094	.	G	A	23	16	39	0	1	40	0	0
16	1907702	.	G	A	16	4	20	0	0	20	0	0
16	1907946	.	C	T	12	10	22	0	0	22	0	0
16	1910219	.	A	T	10	15	25	0	0	25	0	0
16	1910263	.	T	A	14	19	33	0	0	33	0	0
16	1910373	.	C	G	49	48	97	0	1	98	0	0
16	1912139	.	T	C	47	32	79	0	1	80	0	0
16	1917998	.	T	C	17	8	25	0	0	25	0	0
16	1918125	.	T	G	23	18	41	0	2	44	0	1
16	1962046	.	C	T	84	68	152	0	13	165	0	0
16	1962047	.	G	A	84	69	153	0	12	165	0	0
16	1962132	.	G	A	44	41	85	0	8	93	0	0
16	1994743	.	G	A	18	8	26	0	2	28	0	0
16	1996705	.	G	A	37	54	91	0	6	98	0	1
16	1997113	.	G	A	60	65	125	0	9	134	0	0
16	2002724	.	A	T	14	13	27	0	0	27	0	0
16	2002835	.	C	G	34	21	55	0	5	60	0	0
16	2011739	.	T	C	32	18	50	0	0	51	0	1
16	2014292	.	G	A	22	24	46	0	2	49	0	1
16	2024307	.	G	C	40	36	76	0	4	80	0	0
16	2025602	.	A	G	17	14	31	0	4	35	0	0
16	2027291	.	T	C	28	18	46	0	6	52	0	0
16	2027313	.	T	C	22	17	39	0	2	41	0	0
16	2027943	.	C	T	46	33	79	0	5	84	0	0
16	2027955	.	A	G	47	37	84	0	4	89	1	0
16	2028100	.	C	T	38	28	66	0	3	69	0	0
16	2028522	.	A	C	31	46	77	0	15	92	0	0
16	2029412	.	C	A	17	31	48	0	2	50	0	0
16	2029723	.	C	T	23	24	47	0	6	53	0	0
16	2029788	.	T	C	19	27	46	0	1	47	0	0
16	2030029	.	C	T	16	22	38	0	4	42	0	0
16	2034661	.	T	C	41	65	106	0	11	118	1	0
16	2038484	.	C	G	12	8	20	0	2	22	0	0
16	2038576	.	C	G	41	27	68	0	2	70	0	0
16	2038581	.	G	T	43	39	82	0	1	83	0	0
16	2044150	.	C	T	52	44	96	0	1	97	0	0
16	2048826	.	C	G	57	46	103	0	7	110	0	0
16	2050151	.	A	G	15	16	31	0	2	33	0	0
16	2050346	.	A	G	35	44	79	0	22	101	0	0
16	2050951	.	T	C	15	16	31	0	0	31	0	0
16	2050952	.	A	G	15	16	31	0	0	31	0	0
16	2051428	.	G	A	15	11	26	0	2	28	0	0
16	2060297	.	C	T	10	12	22	0	1	23	0	0
16	2065666	.	C	T	14	12	26	0	5	32	0	1
16	2065751	.	A	G	22	20	42	0	7	50	0	1
16	2066097	.	A	G	17	18	35	0	2	37	0	0
16	2066480	.	T	G	14	12	26	0	2	29	0	1
16	2066659	.	A	C	7	15	22	0	4	26	0	0
16	2069167	.	T	C	43	45	88	0	2	90	0	0
16	2069357	.	C	G	26	29	55	0	2	57	0	0
16	2069693	.	T	C	33	37	70	0	4	74	0	0
16	2074163	.	T	C	31	35	66	0	4	70	0	0
16	2076475	.	A	G	34	47	81	0	5	86	0	0
16	2079393	.	G	A	13	10	23	0	0	23	0	0
16	2087658	.	A	G	35	31	66	0	10	76	0	0
16	2106474	.	C	T	36	35	71	0	3	74	0	0
16	2110617	.	C	T	31	24	55	0	5	60	0	0
16	2111710	.	C	T	36	25	61	0	4	65	0	0
16	2125937	.	C	G	42	62	104	0	8	112	0	0
16	2133798	.	G	A	42	40	82	0	9	91	0	0
16	2133970	.	T	A	15	17	32	0	3	35	0	0
16	2137806	.	G	A	19	25	44	0	5	49	0	0
16	2138218	.	A	C	38	30	68	0	8	76	0	0
16	2138269	.	T	C	27	23	50	0	5	55	0	0
16	2138422	.	C	G	24	25	49	0	7	56	0	0
16	2140010	.	A	G	25	17	42	0	11	53	0	0
16	2140454	.	T	C	21	15	36	0	4	40	0	0
16	2140680	.	T	C	9	12	21	0	1	22	0	0
16	2147500	.	C	G	85	73	158	3	10	172	0	1
16	2148224	.	C	T	20	14	34	0	0	34	0	0
16	2149362	.	C	T	16	16	32	0	0	32	0	0
16	2149591	.	T	C	69	54	123	1	13	138	0	1
16	2150323	.	A	G	125	86	211	11	14	236	0	0
16	2152129	.	A	G	7	19	26	23	2	51	0	0
16	2152387	.	A	G	81	67	148	17	8	173	0	0
16	2152388	.	C	G	81	67	148	15	10	173	0	0
16	2153933	.	G	A	21	23	44	0	4	48	0	0
16	2154461	.	C	T	11	13	24	2	2	28	0	0
16	2154623	.	T	C	52	40	92	38	2	132	0	0
16	2155426	.	T	C	69	25	94	15	7	116	0	0
16	2155853	.	A	G	60	52	112	0	6	119	0	1
16	2156369	.	G	A	60	62	122	0	18	140	0	0
16	2160117	.	G	A	84	73	157	0	9	166	0	0
16	2160866	.	G	A	78	78	156	0	12	168	0	0
16	2161793	.	G	A	123	113	236	0	8	244	0	0
16	2161796	.	G	A	121	116	237	0	7	244	0	0
16	2162979	.	G	A	76	76	152	0	4	156	0	0
16	2163962	.	A	G	24	22	46	0	1	48	0	1
16	2166413	.	G	A	48	36	84	5	1	90	0	0
16	2173401	.	G	A	19	22	41	8	0	50	0	1
16	2199788	.	T	G	14	18	32	0	0	32	0	0
16	2202928	.	C	A	32	20	52	0	3	55	0	0
16	2224197	.	C	A	19	12	31	0	3	34	0	0
16	2226557	.	G	A	37	39	76	0	11	87	0	0
16	2227872	.	C	G	15	12	27	0	1	28	0	0
16	2233698	.	C	T	60	63	123	0	1	124	0	0
16	2237326	.	G	A	49	44	93	0	9	102	0	0
16	2238931	.	G	A	33	33	66	0	13	79	0	0
16	2258624	.	G	A	26	29	55	0	7	62	0	0
16	2282942	.	G	A	59	69	128	0	17	145	0	0
16	2284515	.	C	G	19	17	36	0	0	36	0	0
16	2285357	.	C	T	26	17	43	0	6	49	0	0
16	2294355	.	T	C	30	18	48	0	6	54	0	0
16	2296851	.	A	G	29	32	61	0	3	64	0	0
16	2313343	.	C	T	22	30	52	0	2	54	0	0
16	2314401	.	G	A	23	21	44	0	5	49	0	0
16	2328650	.	G	T	15	13	28	0	0	28	0	0
16	2328889	.	T	C	23	26	49	0	1	50	0	0
16	2329171	.	G	A	11	26	37	0	1	38	0	0
16	2334554	.	A	T	32	29	61	0	1	62	0	0
16	2337993	.	G	A	14	21	35	0	3	38	0	0
16	2338363	.	C	G	13	13	26	0	1	27	0	0
16	2339629	.	G	A	24	24	48	0	5	53	0	0
16	2339714	.	T	C	13	11	24	0	1	25	0	0
16	2348657	.	A	G	15	11	26	0	2	28	0	0
16	2349371	.	T	C	52	30	82	0	6	88	0	0
16	2367445	.	G	C	29	28	57	0	1	58	0	0
16	2374286	.	T	C	15	10	25	0	4	29	0	0
16	2378596	.	C	T	29	23	52	0	5	57	0	0
16	2378663	.	G	C	22	22	44	0	1	45	0	0
16	2382382	.	G	A	26	20	46	0	5	51	0	0
16	2382406	.	G	A	25	20	45	0	3	48	0	0
16	2382426	.	T	C	29	22	51	0	3	54	0	0
16	2411682	.	T	C	15	5	20	0	0	20	0	0
16	2411743	.	T	A	20	13	33	0	2	35	0	0
16	2415691	.	G	A	23	27	50	0	2	52	0	0
16	2417111	.	T	A	26	28	54	0	3	57	0	0
16	2423903	.	G	C	60	55	115	0	2	117	0	0
16	2423961	.	C	A	110	75	185	0	3	188	0	0
16	2460225	.	A	G	28	22	50	0	2	52	0	0
16	2460377	.	A	G	45	25	70	0	4	74	0	0
16	2472495	.	C	T	23	20	43	0	2	45	0	0
16	2472551	.	C	G	33	25	58	0	4	62	0	0
16	2472746	.	A	G	33	26	59	0	3	62	0	0
16	2474858	.	G	A	47	40	87	0	19	107	0	1
16	2475021	.	T	C	49	44	93	0	4	97	0	0
16	2481104	.	C	G	62	51	113	0	5	118	0	0
16	2489328	.	A	G	17	13	30	0	0	30	0	0
16	2498849	.	G	A	27	16	43	0	4	47	0	0
16	2582051	.	G	C	39	39	78	0	4	82	0	0
16	2665024	.	A	G	16	22	38	0	3	41	0	0
16	2672638	.	A	G	58	29	87	13	1	101	0	0
16	2746771	.	G	A	11	10	21	0	0	21	0	0
16	2746843	.	C	G	13	15	28	0	2	30	0	0
16	2752154	.	A	G	10	16	26	0	1	27	0	0
16	2807967	.	A	G	34	20	54	0	2	56	0	0
16	2812647	.	C	T	15	16	31	0	0	31	0	0
16	2818185	.	C	G	22	27	49	0	8	57	0	0
16	2819178	.	C	T	11	16	27	0	4	32	0	1
16	2820882	.	G	T	55	50	105	0	9	114	0	0
16	2825594	.	A	G	24	25	49	0	2	52	0	1
16	2854350	.	G	A	33	17	50	0	1	51	0	0
16	2868641	.	A	G	23	20	43	0	2	45	0	0
16	2872677	.	A	T	10	25	35	0	0	35	0	0
16	2880105	.	C	T	22	21	43	0	0	43	0	0
16	2880199	.	C	T	44	39	83	0	7	90	0	0
16	2880482	.	A	T	39	28	67	0	8	75	0	0
16	2880614	.	T	C	32	38	70	0	7	77	0	0
16	2881930	.	A	G	25	28	53	0	5	58	0	0
16	2882164	.	G	A	27	27	54	0	2	56	0	0
16	2882267	.	G	C	7	14	21	0	0	22	0	1
16	2889637	.	C	T	25	15	40	0	2	42	0	0
16	2890859	.	A	G	47	38	85	0	9	94	0	0
16	2891212	.	G	A	32	38	70	0	2	72	0	0
16	2903845	.	G	T	34	33	67	0	7	74	0	0
16	2946697	.	A	T	16	12	28	0	2	30	0	0
16	2949046	.	G	T	33	37	70	0	6	76	0	0
16	2972698	.	C	G	12	12	24	0	0	24	0	0
16	2986323	.	T	C	83	72	155	0	16	171	0	0
16	2986431	.	T	C	65	52	117	0	8	125	0	0
16	2988113	.	A	G	31	24	55	0	4	59	0	0
16	2988314	.	G	A	64	69	133	0	13	146	0	0
16	2988469	.	C	G	11	20	31	0	2	34	1	0
16	2998938	.	G	A	28	26	54	0	2	57	0	1
16	3022793	.	T	G	10	10	20	0	1	22	0	1
16	3039982	.	T	C	40	28	68	0	3	71	0	0
16	3048192	.	C	T	19	20	39	0	2	41	0	0
16	3051358	.	G	A	38	39	77	0	7	84	0	0
16	3065596	.	T	C	31	36	67	0	3	70	0	0
16	3075633	.	G	C	24	32	56	0	3	59	0	0
16	3075701	.	C	T	42	39	81	0	2	83	0	0
16	3075999	.	C	G	48	46	94	0	8	103	1	0
16	3078544	.	T	G	25	21	46	0	1	47	0	0
16	3097295	.	C	T	41	33	74	0	9	83	0	0
16	3097596	.	T	A	41	40	81	0	9	90	0	0
16	3100095	.	C	T	26	26	52	0	7	59	0	0
16	3105714	.	A	T	31	30	61	0	4	65	0	0
16	3105994	.	G	A	16	27	43	0	3	46	0	0
16	3106003	.	T	G	15	26	41	0	3	44	0	0
16	3106026	.	G	A	22	19	41	0	2	43	0	0
16	3106066	.	G	T	14	14	28	0	0	28	0	0
16	3106926	.	G	C	15	15	30	0	2	32	0	0
16	3109032	.	G	A	17	13	30	0	2	32	0	0
16	3118849	.	C	T	24	20	44	0	1	45	0	0
16	3118884	.	G	A	51	15	66	4	2	72	0	0
16	3119020	.	A	G	68	40	108	91	4	203	0	0
16	3119167	.	T	C	62	49	111	85	6	202	0	0
16	3119304	.	A	G	82	34	116	16	5	137	0	0
16	3119384	.	C	T	18	16	34	5	2	41	0	0
16	3125691	.	A	G	32	20	52	0	2	54	0	0
16	3131527	.	G	A	23	13	36	5	4	45	0	0
16	3131566	.	G	T	20	25	45	8	3	56	0	0
16	3131663	.	A	G	10	22	32	60	3	96	0	1
16	3131810	.	T	C	7	14	21	60	3	84	0	0
16	3141713	.	G	C	31	29	60	0	3	63	0	0
16	3169321	.	C	T	24	19	43	0	3	46	0	0
16	3187733	.	G	C	27	23	50	0	2	52	0	0
16	3188309	.	C	T	20	24	44	0	1	45	0	0
16	3188789	.	G	A	29	28	57	0	6	63	0	0
16	3191643	.	G	A	13	8	21	0	0	21	0	0
16	3194616	.	A	G	41	29	70	0	4	74	0	0
16	3194681	.	G	C	44	33	77	0	4	81	0	0
16	3199118	.	C	T	15	5	20	0	1	21	0	0
16	3199713	.	C	T	36	31	67	0	9	76	0	0
16	3254470	.	T	C	79	72	151	0	4	155	0	0
16	3254972	.	T	C	35	38	73	0	4	77	0	0
16	3373480	.	C	T	17	17	34	0	1	35	0	0
16	3486236	.	C	T	13	15	28	0	0	28	0	0
16	3486736	.	G	A	47	34	81	0	6	87	0	0
16	3487556	.	A	T	23	19	42	0	1	43	0	0
16	3487576	.	T	C	17	16	33	0	1	34	0	0
16	3534892	.	G	A	40	49	89	0	6	95	0	0
16	3535540	.	G	A	22	11	33	0	4	37	0	0
16	3535840	.	G	A	12	16	28	0	0	28	0	0
16	3536999	.	C	A	13	14	27	0	3	30	0	0
16	3544040	.	G	T	12	18	30	0	3	33	0	0
16	3546405	.	C	G	67	51	118	0	3	121	0	0
16	3546489	.	T	A	47	49	96	0	6	103	0	1
16	3550804	.	C	G	15	10	25	0	1	26	0	0
16	3550978	.	A	G	51	33	84	0	5	89	0	0
16	3550998	.	T	G	50	32	82	0	5	87	0	0
16	3551067	.	T	C	42	42	84	0	5	89	0	0
16	3554799	.	T	C	49	22	71	0	1	72	0	0
16	3554840	.	G	T	49	17	66	0	1	67	0	0
16	3556473	.	C	T	15	8	23	0	0	23	0	0
16	3558283	.	A	T	17	9	26	0	10	36	0	0
16	3565773	.	G	A	14	6	20	0	1	21	0	0
16	3569909	.	G	T	24	27	51	0	1	52	0	0
16	3573081	.	A	G	36	23	59	0	3	62	0	0
16	3576396	.	A	T	19	18	37	0	0	37	0	0
16	3580565	.	T	C	13	15	28	0	0	28	0	0
16	3583218	.	G	C	22	25	47	0	3	51	0	1
16	3592165	.	T	C	25	12	37	0	5	42	0	0
16	3592637	.	C	A	20	16	36	0	2	38	0	0
16	3593521	.	G	A	31	29	60	0	3	64	0	1
16	3598598	.	A	G	13	14	27	0	4	31	0	0
16	3601975	.	C	A	16	10	26	0	0	26	0	0
16	3602039	.	A	G	21	10	31	0	3	34	0	0
16	3602045	.	C	T	21	16	37	0	2	39	0	0
16	3602383	.	A	T	19	15	34	0	0	34	0	0
16	3611610	.	C	T	10	15	25	0	0	25	0	0
16	3611670	.	A	G	24	25	49	0	3	53	0	1
16	3613004	.	A	G	28	26	54	0	3	57	0	0
16	3613207	.	G	A	13	16	29	0	2	31	0	0
16	3613637	.	G	A	30	23	53	0	4	58	0	1
16	3613928	.	A	G	20	13	33	0	1	34	0	0
16	3614971	.	C	T	18	18	36	0	1	37	0	0
16	3627274	.	C	G	14	10	24	0	2	26	0	0
16	3631029	.	A	G	13	11	24	0	0	24	0	0
16	3631321	.	T	C	53	53	106	0	3	109	0	0
16	3631536	.	C	T	43	32	75	0	7	82	0	0
16	3632335	.	T	C	17	13	30	0	1	31	0	0
16	3632774	.	A	G	12	15	27	0	0	27	0	0
16	3634691	.	C	T	18	12	30	0	3	33	0	0
16	3639058	.	C	T	37	37	74	0	7	81	0	0
16	3639676	.	C	T	65	36	101	0	4	105	0	0
16	3639856	.	C	T	29	22	51	0	10	61	0	0
16	3640477	.	C	T	24	23	47	0	3	50	0	0
16	3640715	.	G	A	35	27	62	0	5	67	0	0
16	3640815	.	C	G	61	39	100	0	6	107	0	1
16	3645509	.	C	T	46	31	77	0	1	80	0	2
16	3645724	.	C	T	44	35	79	0	4	83	0	0
16	3646275	.	C	T	37	20	57	0	14	71	0	0
16	3646323	.	G	A	50	39	89	0	5	94	0	0
16	3647787	.	A	G	41	33	74	0	5	79	0	0
16	3648066	.	A	C	22	16	38	0	2	41	0	1
16	3650990	.	G	T	47	51	98	0	2	100	0	0
16	3656557	.	G	A	26	32	58	0	1	59	0	0
16	3708193	.	G	A	23	17	40	0	3	43	0	0
16	3726116	.	C	T	38	40	78	0	3	81	0	0
16	3738961	.	T	G	8	18	26	0	1	27	0	0
16	3741917	.	G	A	38	25	63	0	6	69	0	0
16	3843655	.	C	A	45	36	81	0	1	82	0	0
16	4013467	.	C	T	40	42	82	0	7	89	0	0
16	4015313	.	A	G	19	21	40	0	1	41	0	0
16	4015316	.	A	G	19	19	38	0	2	40	0	0
16	4015729	.	C	T	13	28	41	0	2	43	0	0
16	4016676	.	A	G	30	36	66	0	5	71	0	0
16	4024631	.	C	G	8	13	21	0	0	21	0	0
16	4033436	.	T	C	35	27	62	0	3	65	0	0
16	4043334	.	A	G	34	20	54	0	2	56	0	0
16	4043415	.	T	C	44	23	67	0	7	74	0	0
16	4162760	.	C	T	23	17	40	0	0	40	0	0
16	4240969	.	G	T	16	14	30	0	0	30	0	0
16	4245426	.	C	T	13	10	23	0	2	25	0	0
16	4245836	.	A	T	22	36	58	0	1	59	0	0
16	4245909	.	C	T	15	16	31	0	2	34	0	1
16	4253034	.	T	C	16	17	33	0	2	35	0	0
16	4253130	.	C	T	29	41	70	0	3	73	0	0
16	4253131	.	G	A	28	41	69	0	5	74	0	0
16	4258234	.	C	T	11	11	22	0	1	23	0	0
16	4292189	.	G	C	17	6	23	0	2	25	0	0
16	4382271	.	G	A	51	32	83	0	14	97	0	0
16	4386641	.	G	A	31	32	63	0	5	68	0	0
16	4388139	.	G	A	28	25	53	0	6	59	0	0
16	4391040	.	T	C	19	21	40	0	2	43	0	1
16	4391281	.	A	G	13	20	33	0	1	35	0	1
16	4391567	.	C	T	21	26	47	0	0	47	0	0
16	4405238	.	T	G	26	31	57	0	3	60	0	0
16	4407744	.	C	G	11	11	22	0	1	23	0	0
16	4410243	.	T	G	25	30	55	0	2	57	0	0
16	4411506	.	A	G	25	26	51	0	5	57	0	1
16	4412598	.	G	A	56	51	107	0	8	115	0	0
16	4414727	.	G	A	26	20	46	0	5	51	0	0
16	4414987	.	G	A	36	36	72	0	7	79	0	0
16	4419615	.	C	A	11	10	21	0	0	21	0	0
16	4433016	.	G	A	41	49	90	0	5	96	1	0
16	4437825	.	G	T	10	11	21	0	2	23	0	0
16	4438122	.	C	T	15	25	40	0	7	47	0	0
16	4438200	.	G	A	10	11	21	0	0	21	0	0
16	4438202	.	G	A	9	11	20	0	0	20	0	0
16	4476142	.	G	A	46	28	74	0	5	79	0	0
16	4476211	.	C	T	25	19	44	0	7	51	0	0
16	4484328	.	A	G	38	31	69	0	0	69	0	0
16	4491190	.	A	G	13	8	21	0	3	24	0	0
16	4494549	.	A	G	10	18	28	0	2	30	0	0
16	4497122	.	G	C	32	21	53	0	3	56	0	0
16	4612837	.	G	A	36	39	75	0	2	77	0	0
16	4621598	.	C	T	39	19	58	0	3	61	0	0
16	4630090	.	G	A	42	19	61	0	0	61	0	0
16	4641662	.	G	A	53	29	82	0	3	85	0	0
16	4718140	.	C	T	15	9	24	0	20	44	0	0
16	4729988	.	G	A	17	17	34	0	1	35	0	0
16	4739177	.	T	C	34	32	66	0	2	68	0	0
16	4750571	.	G	C	12	12	24	0	1	25	0	0
16	4751579	.	C	T	22	21	43	0	3	46	0	0
16	4776549	.	G	A	7	16	23	0	1	24	0	0
16	4796871	.	A	G	43	30	73	0	4	77	0	0
16	4815425	.	T	C	20	28	48	0	1	49	0	0
16	4815608	.	A	G	51	43	94	0	4	98	0	0
16	4816003	.	T	C	56	48	104	0	7	111	0	0
16	4833970	.	C	T	39	44	83	0	8	91	0	0
16	4836260	.	G	C	13	15	28	0	2	30	0	0
16	4837362	.	T	C	29	37	66	0	1	67	0	0
16	4846068	.	T	C	58	46	104	0	8	112	0	0
16	4846137	.	C	T	32	16	48	0	7	56	1	0
16	4847317	.	C	T	22	18	40	0	3	43	0	0
16	4847524	.	T	C	36	24	60	0	2	62	0	0
16	4847640	.	G	A	74	16	90	0	7	98	1	0
16	4847641	.	T	C	74	16	90	0	8	98	0	0
16	4847658	.	T	C	85	13	98	0	8	106	0	0
16	4848494	.	C	G	36	30	66	0	3	69	0	0
16	4849471	.	A	C	11	12	23	0	1	24	0	0
16	4853092	.	T	C	14	13	27	0	3	30	0	0
16	4855279	.	A	G	40	28	68	0	4	73	0	1
16	4867565	.	A	G	53	40	93	0	1	94	0	0
16	4872970	.	G	C	10	13	23	0	1	24	0	0
16	4903243	.	C	T	10	14	24	0	2	26	0	0
16	4918732	.	A	T	11	10	21	0	2	23	0	0
16	4920412	.	T	C	36	23	59	0	3	62	0	0
16	4920661	.	T	C	20	16	36	0	3	39	0	0
16	4923091	.	G	A	44	48	92	0	3	95	0	0
16	4924054	.	A	G	15	14	29	0	3	32	0	0
16	4930100	.	C	T	33	24	57	0	2	59	0	0
16	4931100	.	A	C	17	17	34	0	1	35	0	0
16	4933301	.	A	T	14	19	33	0	1	34	0	0
16	4935146	.	C	T	33	31	64	0	5	69	0	0
16	4936205	.	G	T	10	12	22	0	2	24	0	0
16	4937909	.	T	C	14	11	25	0	0	25	0	0
16	4938160	.	T	G	65	56	121	0	4	125	0	0
16	4938758	.	T	A	14	11	25	0	8	33	0	0
16	4939085	.	C	A	29	20	49	0	2	51	0	0
16	4939116	.	C	T	18	10	28	0	1	29	0	0
16	4940023	.	T	C	17	25	42	0	5	47	0	0
16	4940809	.	A	G	39	28	67	0	6	74	1	0
16	4940989	.	A	C	21	23	44	0	2	46	0	0
16	4941662	.	T	C	16	19	35	0	3	39	0	1
16	4944303	.	A	G	12	10	22	0	3	25	0	0
16	4944518	.	C	G	31	29	60	0	5	65	0	0
16	4945221	.	A	G	19	40	59	0	1	60	0	0
16	4947912	.	C	G	17	14	31	0	0	31	0	0
16	4948936	.	C	T	16	14	30	0	4	34	0	0
16	4952194	.	C	T	15	8	23	0	3	26	0	0
16	5009605	.	C	G	11	12	23	0	4	27	0	0
16	5040971	.	T	C	22	18	40	0	2	42	0	0
16	5050556	.	G	C	39	22	61	0	4	65	0	0
16	5050897	.	G	C	41	36	77	0	2	79	0	0
16	5075153	.	T	C	33	34	67	0	7	74	0	0
16	5075226	.	G	A	35	28	63	0	3	66	0	0
16	5075248	.	G	A	37	26	63	0	3	67	1	0
16	5075542	.	G	A	41	38	79	0	7	86	0	0
16	5075633	.	G	A	40	32	72	0	1	73	0	0
16	5105417	.	G	A	19	19	38	0	4	42	0	0
16	5105486	.	A	C	22	12	34	0	3	37	0	0
16	5122768	.	T	G	17	9	26	0	2	28	0	0
16	5125365	.	C	T	28	21	49	0	1	50	0	0
16	5127335	.	T	A	17	10	27	0	3	30	0	0
16	5127721	.	G	T	13	11	24	0	6	30	0	0
16	5127853	.	G	A	31	29	60	0	4	64	0	0
16	5128981	.	G	A	73	72	145	1	5	151	0	0
16	5128995	.	C	T	71	72	143	1	8	152	0	0
16	5129174	.	C	T	48	44	92	0	10	102	0	0
16	5129979	.	C	T	24	22	46	0	3	49	0	0
16	5133606	.	G	T	58	55	113	0	7	120	0	0
16	5135380	.	A	G	55	36	91	1	3	96	0	1
16	5135870	.	G	A	65	48	113	0	12	125	0	0
16	5135947	.	C	G	37	36	73	0	3	77	0	1
16	5138834	.	C	G	28	17	45	1	1	47	0	0
16	5139217	.	C	G	103	108	211	0	14	226	0	1
16	5142211	.	G	A	13	7	20	0	3	23	0	0
16	5143262	.	C	T	23	20	43	0	1	44	0	0
16	5143432	.	C	G	51	55	106	2	7	115	0	0
16	5143737	.	T	C	36	36	72	1	4	77	0	0
16	5145744	.	C	T	46	48	94	2	12	108	0	0
16	5145753	.	G	A	50	39	89	4	7	100	0	0
16	5145783	.	C	G	49	21	70	4	5	79	0	0
16	5145965	.	G	T	12	11	23	0	2	25	0	0
16	5147308	.	A	G	20	19	39	0	0	39	0	0
16	5149933	.	A	G	78	59	137	14	3	154	0	0
16	5212413	.	T	C	19	30	49	0	2	51	0	0
16	5259150	.	G	C	16	5	21	0	0	21	0	0
16	5295171	.	T	C	22	20	42	0	3	45	0	0
16	5295271	.	A	C	13	13	26	1	2	29	0	0
16	5648835	.	A	C	13	12	25	0	1	26	0	0
16	5648860	.	C	G	15	12	27	0	4	31	0	0
16	5648933	.	C	T	32	37	69	0	2	71	0	0
16	5649149	.	C	G	18	19	37	0	2	39	0	0
16	7101976	.	T	A	32	28	60	0	0	60	0	0
16	7637135	.	G	A	19	11	30	0	0	30	0	0
16	7637217	.	C	T	36	26	62	0	1	63	0	0
16	7683850	.	T	C	51	50	101	0	5	106	0	0
16	7759206	.	G	T	21	22	43	0	4	47	0	0
16	7760884	.	T	G	31	35	66	0	7	74	0	1
16	7762254	.	T	C	44	35	79	0	7	86	0	0
16	8619750	.	C	T	11	10	21	0	2	23	0	0
16	8728764	.	C	G	35	27	62	0	3	65	0	0
16	8735096	.	C	A	20	33	53	0	1	54	0	0
16	8738350	.	C	T	24	33	57	0	6	63	0	0
16	8829726	.	G	A	20	24	44	0	4	48	0	0
16	8839916	.	G	A	17	21	38	0	0	38	0	0
16	8844154	.	C	G	28	20	48	0	2	50	0	0
16	8851767	.	C	T	16	17	33	0	0	33	0	0
16	8858580	.	T	A	49	28	77	0	4	81	0	0
16	8862644	.	C	G	45	37	82	0	1	83	0	0
16	8862990	.	G	A	13	13	26	0	0	26	0	0
16	8866582	.	G	A	23	23	46	0	2	48	0	0
16	8875236	.	C	T	53	66	119	0	10	129	0	0
16	8889628	.	T	C	10	16	26	0	0	27	0	1
16	8905054	.	T	C	55	71	126	0	2	129	0	1
16	8905182	.	A	G	18	20	38	0	5	44	0	1
16	8907145	.	G	T	13	11	24	0	1	25	0	0
16	8948974	.	T	C	32	40	72	0	1	73	0	0
16	8952248	.	A	G	37	32	69	0	8	77	0	0
16	8995156	.	A	C	14	22	36	0	0	36	0	0
16	8995927	.	G	A	26	20	46	0	6	52	0	0
16	8998571	.	G	A	10	11	21	0	3	24	0	0
16	9212987	.	T	C	12	13	25	0	4	29	0	0
16	9855935	.	C	T	22	27	49	0	0	50	0	1
16	9923179	.	G	A	21	36	57	0	2	59	0	0
16	9934969	.	G	A	17	15	32	0	0	32	0	0
16	9943666	.	C	T	32	35	67	0	4	71	0	0
16	9984590	.	A	G	11	9	20	0	0	20	0	0
16	10205412	.	G	T	26	34	60	0	2	62	0	0
16	10205656	.	T	A	74	88	162	0	8	170	0	0
16	10206127	.	A	T	70	50	120	0	3	123	0	0
16	10206175	.	T	C	60	47	107	0	4	111	0	0
16	10206426	.	G	A	71	61	132	0	5	137	0	0
16	10206520	.	G	C	95	79	174	0	6	180	0	0
16	10206779	.	C	T	38	43	81	0	9	90	0	0
16	10269442	.	G	A	20	16	36	0	1	37	0	0
16	10527613	.	C	A	23	12	35	0	2	37	0	0
16	10574796	.	C	T	34	31	65	0	1	66	0	0
16	10574813	.	G	A	31	25	56	0	0	56	0	0
16	10574829	.	A	T	25	27	52	0	0	52	0	0
16	10575824	.	C	A	30	28	58	0	3	61	0	0
16	10624210	.	T	A	8	12	20	0	0	20	0	0
16	10624442	.	T	C	15	17	32	0	0	32	0	0
16	10626189	.	G	A	14	7	21	0	2	23	0	0
16	10769958	.	T	C	31	23	54	0	1	55	0	0
16	10775822	.	G	T	43	40	83	0	5	88	0	0
16	10776063	.	G	T	17	11	28	0	2	30	0	0
16	10788106	.	A	G	29	27	56	0	6	62	0	0
16	10788129	.	G	T	33	39	72	0	3	75	0	0
16	10855739	.	G	A	31	26	57	0	1	58	0	0
16	10855880	.	G	A	9	16	25	0	1	26	0	0
16	10861914	.	T	C	17	10	27	0	2	29	0	0
16	10862707	.	C	T	15	9	24	0	0	24	0	0
16	10862964	.	A	G	30	34	64	0	2	66	0	0
16	10864210	.	A	G	25	14	39	0	1	40	0	0
16	10911913	.	A	T	24	18	42	0	0	42	0	0
16	10934567	.	C	G	60	61	121	0	2	123	0	0
16	10934763	.	A	T	61	47	108	0	9	118	0	1
16	10935149	.	T	C	72	58	130	0	4	134	0	0
16	10935540	.	T	C	14	14	28	0	1	29	0	0
16	10960410	.	C	T	11	14	25	0	3	28	0	0
16	10989041	.	C	T	27	32	59	0	1	60	0	0
16	10996399	.	C	A	23	27	50	0	3	53	0	0
16	10996598	.	C	T	50	58	108	0	3	111	0	0
16	10996682	.	G	A	33	49	82	0	6	88	0	0
16	10998482	.	T	C	18	13	31	0	2	33	0	0
16	11000848	.	G	C	34	27	61	0	4	65	0	0
16	11001421	.	C	A	13	16	29	0	1	30	0	0
16	11001770	.	G	T	33	35	68	0	11	79	0	0
16	11002133	.	C	G	14	12	26	0	0	27	1	0
16	11002904	.	G	A	22	26	48	0	0	48	0	0
16	11004150	.	C	T	13	21	34	0	5	39	0	0
16	11012169	.	A	G	19	36	55	0	3	58	0	0
16	11017870	.	G	A	13	15	28	0	1	29	0	0
16	11056354	.	C	T	56	62	118	0	6	124	0	0
16	11114006	.	G	A	14	7	21	0	0	21	0	0
16	11118471	.	G	A	8	14	22	0	3	25	0	0
16	11118500	.	G	C	14	19	33	0	5	38	0	0
16	11120793	.	G	A	16	14	30	0	0	30	0	0
16	11121071	.	C	G	40	28	68	0	3	71	0	0
16	11121265	.	C	A	25	35	60	0	2	62	0	0
16	11154770	.	G	A	55	33	88	0	5	93	0	0
16	11250351	.	C	T	17	17	34	0	1	35	0	0
16	11275913	.	C	T	13	12	25	0	2	27	0	0
16	11367477	.	G	A	14	22	36	0	3	39	0	0
16	11369855	.	G	T	21	14	35	0	7	42	0	0
16	11444403	.	T	C	31	27	58	0	6	64	0	0
16	11444430	.	T	G	33	21	54	0	9	63	0	0
16	11444469	.	C	T	59	53	112	0	11	123	0	0
16	11444716	.	A	G	15	18	33	0	2	36	0	1
16	11466599	.	T	C	15	10	25	0	1	26	0	0
16	11477445	.	C	G	14	14	28	0	2	30	0	0
16	11477474	.	G	A	20	13	33	0	2	35	0	0
16	11477919	.	G	A	11	9	20	0	1	21	0	0
16	11478047	.	C	G	23	19	42	0	4	46	0	0
16	11478148	.	A	G	27	28	55	0	3	58	0	0
16	11478884	.	A	G	47	43	90	0	7	97	0	0
16	11478974	.	A	C	36	28	64	0	9	73	0	0
16	11479279	.	T	G	28	25	53	0	1	55	1	0
16	11484051	.	T	G	27	26	53	0	2	55	0	0
16	11484307	.	T	C	29	30	59	0	5	64	0	0
16	11484437	.	G	A	9	11	20	0	0	20	0	0
16	11485389	.	A	G	10	10	20	0	1	21	0	0
16	11485509	.	C	T	36	29	65	0	8	74	0	1
16	11485515	.	A	G	38	31	69	0	10	80	0	1
16	11485641	.	C	T	28	19	47	0	13	60	0	0
16	11485775	.	G	C	31	13	44	0	5	50	0	1
16	11485812	.	T	C	25	16	41	0	4	46	0	1
16	11485831	.	A	C	25	22	47	0	2	49	0	0
16	11486028	.	A	G	29	18	47	0	1	48	0	0
16	11486046	.	A	C	31	19	50	0	2	52	0	0
16	11486300	.	C	T	48	32	80	0	8	88	0	0
16	11486318	.	A	G	41	29	70	0	9	79	0	0
16	11486418	.	T	C	24	17	41	0	4	45	0	0
16	11487344	.	G	A	36	27	63	0	6	69	0	0
16	11495854	.	A	G	50	44	94	0	2	96	0	0
16	11506723	.	G	A	16	15	31	0	0	31	0	0
16	11508191	.	T	C	40	49	89	0	4	93	0	0
16	11511353	.	T	C	12	9	21	0	0	21	0	0
16	11511473	.	C	T	26	11	37	0	0	37	0	0
16	11511534	.	T	C	29	14	43	0	0	44	0	1
16	11517070	.	A	G	29	21	50	0	3	53	0	0
16	11519096	.	G	A	27	21	48	0	4	53	1	0
16	11519260	.	C	T	32	34	66	0	3	69	0	0
16	11519367	.	T	G	12	11	23	0	0	24	0	1
16	11529502	.	A	G	22	25	47	0	5	52	0	0
16	11533407	.	C	T	47	29	76	0	2	78	0	0
16	11540255	.	C	G	15	8	23	0	1	24	0	0
16	11540596	.	A	C	22	22	44	0	4	48	0	0
16	11540712	.	T	C	12	12	24	0	2	26	0	0
16	11541685	.	A	G	17	25	42	0	5	47	0	0
16	11541896	.	G	A	43	40	83	0	10	93	0	0
16	11541989	.	C	G	25	21	46	0	6	52	0	0
16	11542006	.	A	G	18	18	36	0	4	40	0	0
16	11542719	.	A	G	18	10	28	0	1	29	0	0
16	11542969	.	A	G	16	20	36	0	0	36	0	0
16	11550619	.	G	A	2	20	22	0	1	23	0	0
16	11553883	.	C	G	28	34	62	0	3	65	0	0
16	11553884	.	C	T	28	34	62	0	2	64	0	0
16	11554301	.	C	G	39	34	73	0	2	75	0	0
16	11555861	.	G	C	19	17	36	0	5	41	0	0
16	11582545	.	G	A	36	26	62	0	5	67	0	0
16	11587453	.	C	T	27	23	50	0	1	51	0	0
16	11587482	.	C	A	24	27	51	0	1	52	0	0
16	11594617	.	G	A	15	7	22	0	0	22	0	0
16	11594747	.	G	T	24	18	42	0	0	43	0	1
16	11594841	.	C	T	12	10	22	0	1	23	0	0
16	11602785	.	C	T	28	20	48	0	7	55	0	0
16	11643631	.	G	A	23	18	41	0	1	42	0	0
16	11650325	.	G	A	26	27	53	0	1	54	0	0
16	11769893	.	C	T	29	32	61	0	4	65	0	0
16	11769948	.	C	T	27	22	49	0	5	54	0	0
16	11769963	.	C	T	28	20	48	0	2	50	0	0
16	11771353	.	C	A	26	31	57	0	3	60	0	0
16	11771471	.	T	C	29	23	52	0	4	56	0	0
16	11771706	.	C	T	33	37	70	0	12	83	0	1
16	11772213	.	A	G	43	45	88	0	8	96	0	0
16	11772230	.	C	A	44	55	99	0	7	107	0	1
16	11773261	.	G	C	38	36	74	0	6	80	0	0
16	11773662	.	C	G	34	13	47	0	1	48	0	0
16	11773743	.	G	T	19	12	31	0	2	33	0	0
16	11823821	.	C	T	9	11	20	0	2	22	0	0
16	11824056	.	T	G	21	13	34	0	0	34	0	0
16	11849922	.	G	T	25	11	36	0	0	36	0	0
16	11850289	.	T	C	28	29	57	0	1	58	0	0
16	11852354	.	A	C	22	20	42	0	1	43	0	0
16	11864626	.	A	G	19	17	36	0	2	38	0	0
16	11868029	.	T	C	19	20	39	0	1	40	0	0
16	11868995	.	G	T	11	13	24	0	1	25	0	0
16	11931632	.	G	T	32	35	67	0	4	71	0	0
16	12021332	.	G	A	15	50	65	6	8	79	0	0
16	12027781	.	A	C	112	70	182	3	2	187	0	0
16	12035033	.	G	C	51	9	60	14	4	78	0	0
16	12035042	.	C	T	51	11	62	8	4	74	0	0
16	12059032	.	A	G	14	6	20	0	1	21	0	0
16	12059540	.	C	T	18	13	31	0	0	32	0	1
16	12059937	.	T	C	13	7	20	0	1	21	0	0
16	12061626	.	G	A	25	31	56	0	0	56	0	0
16	12097069	.	C	T	12	8	20	0	1	21	0	0
16	12136584	.	T	C	14	6	20	0	0	20	0	0
16	12136954	.	A	C	34	46	80	0	2	83	0	1
16	12140484	.	G	T	13	12	25	0	0	26	0	1
16	12155238	.	G	T	11	16	27	0	0	27	0	0
16	12181510	.	C	T	9	11	20	0	0	20	0	0
16	12181702	.	G	T	27	26	53	0	0	53	0	0
16	12181720	.	T	C	27	24	51	0	2	53	0	0
16	12181788	.	T	A	32	25	57	0	0	57	0	0
16	12181888	.	G	A	42	27	69	0	7	76	0	0
16	12183686	.	C	T	15	8	23	0	1	24	0	0
16	12297638	.	T	A	50	38	88	0	6	95	0	1
16	12306112	.	T	A	18	9	27	0	2	29	0	0
16	12371915	.	T	C	37	33	70	0	2	72	0	0
16	12379076	.	C	G	13	11	24	0	2	26	0	0
16	12449793	.	A	G	8	12	20	0	1	21	0	0
16	12449855	.	T	C	14	21	35	0	1	36	0	0
16	12450258	.	C	T	13	19	32	0	2	34	0	0
16	12492133	.	C	T	11	13	24	0	1	25	0	0
16	12492153	.	C	G	12	14	26	0	2	28	0	0
16	12504102	.	C	T	24	27	51	0	2	53	0	0
16	12504130	.	T	C	28	33	61	0	7	68	0	0
16	12504217	.	A	G	46	39	85	0	4	89	0	0
16	12504265	.	T	C	31	29	60	0	4	64	0	0
16	12564570	.	A	C	47	25	72	0	3	75	0	0
16	12621176	.	C	G	24	25	49	0	3	52	0	0
16	12662328	.	C	G	21	25	46	0	3	49	0	0
16	12662420	.	C	T	41	31	72	0	4	76	0	0
16	12662586	.	A	C	16	13	29	0	4	33	0	0
16	12662587	.	C	A	14	14	28	0	5	33	0	0
16	12662608	.	C	T	10	14	24	0	3	27	0	0
16	12758966	.	T	C	14	20	34	0	2	36	0	0
16	12897610	.	A	C	20	6	26	0	18	44	0	0
16	13002030	.	T	A	11	12	23	0	0	23	0	0
16	13002097	.	T	C	27	19	46	0	0	46	0	0
16	13002134	.	A	G	38	19	57	0	1	58	0	0
16	13002526	.	C	T	18	14	32	0	2	34	0	0
16	13297096	.	A	G	14	20	34	0	1	35	0	0
16	13552630	.	C	T	14	17	31	0	2	33	0	0
16	13552681	.	A	G	13	10	23	0	1	24	0	0
16	14042215	.	C	T	42	38	80	0	2	83	0	1
16	14397596	.	G	A	12	8	20	0	1	21	0	0
16	14845413	.	C	T	8	26	34	57	5	96	0	0
16	14864012	.	T	C	60	23	83	47	6	136	0	0
16	14916988	.	T	A	54	49	103	6	5	114	0	0
16	14958261	.	T	C	17	12	29	6	1	36	0	0
16	14969502	.	A	G	34	11	45	3	0	48	0	0
16	14975292	.	A	G	57	60	117	5	4	126	0	0
16	14978207	.	T	C	116	22	138	41	3	182	0	0
16	14983168	.	C	G	50	59	109	0	5	115	1	0
16	14989420	.	C	T	180	96	276	5	25	307	0	1
16	15012692	.	T	C	48	15	63	17	3	83	0	0
16	15021994	.	C	T	132	43	175	0	14	190	0	1
16	15022063	.	G	C	111	148	259	22	20	301	0	0
16	15022065	.	G	C	116	151	267	22	16	306	1	0
16	15022106	.	G	T	197	147	344	36	13	394	0	1
16	15036858	.	G	T	18	7	25	9	0	34	0	0
16	15082021	.	G	A	59	17	76	0	2	78	0	0
16	15082526	.	C	T	108	67	175	0	10	185	0	0
16	15082865	.	C	T	125	62	187	0	13	200	0	0
16	15083131	.	A	T	86	20	106	9	7	123	1	0
16	15091601	.	G	C	39	16	55	3	16	75	1	0
16	15092116	.	C	T	21	11	32	0	1	33	0	0
16	15095675	.	C	A	72	38	110	1	3	114	0	0
16	15098047	.	C	G	128	50	178	10	6	194	0	0
16	15100202	.	A	G	71	38	109	10	2	122	0	1
16	15110735	.	G	T	9	14	23	0	0	23	0	0
16	15111218	.	C	T	49	20	69	10	4	83	0	0
16	15116521	.	C	T	54	32	86	0	5	91	0	0
16	15116625	.	G	T	69	26	95	0	2	97	0	0
16	15120411	.	T	C	31	38	69	4	0	73	0	0
16	15123615	.	G	T	21	12	33	2	0	35	0	0
16	15125441	.	T	G	13	9	22	0	1	23	0	0
16	15128416	.	A	G	21	20	41	0	2	43	0	0
16	15129092	.	C	T	11	13	24	0	3	27	0	0
16	15129158	.	A	G	11	12	23	0	2	25	0	0
16	15129162	.	A	G	14	12	26	0	0	26	0	0
16	15129970	.	A	G	18	17	35	0	1	37	0	1
16	15131642	.	G	C	23	21	44	0	3	47	0	0
16	15131962	.	A	G	45	53	98	0	4	102	0	0
16	15131974	.	G	T	43	48	91	0	5	96	0	0
16	15132108	.	A	G	28	21	49	0	1	50	0	0
16	15133889	.	T	G	14	12	26	0	0	26	0	0
16	15135269	.	T	G	13	14	27	0	3	30	0	0
16	15156971	.	A	G	57	55	112	0	4	117	0	1
16	15168760	.	T	C	26	29	55	0	1	56	0	0
16	15173746	.	G	A	17	14	31	0	1	32	0	0
16	15178499	.	G	A	67	21	88	10	1	99	0	0
16	15178688	.	C	A	9	17	26	0	0	28	0	2
16	15179686	.	C	T	18	13	31	0	2	33	0	0
16	15187912	.	G	C	23	18	41	1	2	44	0	0
16	15198331	.	C	T	21	6	27	2	1	30	0	0
16	15198598	.	C	T	17	26	43	30	3	76	0	0
16	15204289	.	C	T	94	81	175	157	5	337	0	0
16	15219677	.	A	G	92	96	188	9	3	200	0	0
16	15221957	.	T	C	89	112	201	3	16	220	0	0
16	15223653	.	T	C	95	42	137	23	7	167	0	0
16	15224813	.	G	A	76	45	121	47	8	176	0	0
16	15225363	.	G	C	107	91	198	20	29	247	0	0
16	15227151	.	G	C	62	54	116	36	5	157	0	0
16	15227170	.	G	C	49	46	95	64	14	173	0	0
16	15227624	.	T	C	67	60	127	0	14	142	0	1
16	15229093	.	T	C	108	16	124	35	7	167	0	1
16	15252482	.	A	G	53	33	86	52	3	141	0	0
16	15602004	.	G	A	35	34	69	0	3	72	0	0
16	15612332	.	G	A	28	33	61	0	4	65	0	0
16	15612479	.	T	G	27	29	56	0	1	57	0	0
16	15661789	.	C	T	33	26	59	0	4	63	0	0
16	15661814	.	C	A	44	28	72	0	0	72	0	0
16	15680795	.	G	A	46	59	105	0	5	110	0	0
16	15680943	.	A	C	49	48	97	0	0	98	0	1
16	15703268	.	A	G	22	14	36	0	2	38	0	0
16	15705015	.	G	A	14	16	30	0	2	32	0	0
16	15711148	.	C	T	18	16	34	0	2	37	0	1
16	15715804	.	C	T	43	36	79	0	4	84	0	1
16	15718591	.	G	A	15	12	27	0	0	27	0	0
16	15724080	.	T	C	12	16	28	0	1	29	0	0
16	15724113	.	C	T	23	16	39	0	6	45	0	0
16	15728418	.	C	T	19	14	33	0	1	34	0	0
16	15793615	.	C	T	65	59	124	0	3	128	0	1
16	15809117	.	C	T	12	10	22	0	2	24	0	0
16	15811023	.	C	T	17	10	27	0	0	27	0	0
16	15811062	.	C	T	14	11	25	0	1	26	0	0
16	15811131	.	G	A	15	16	31	0	1	32	0	0
16	15813633	.	G	A	40	37	77	0	2	79	0	0
16	15813766	.	C	A	14	21	35	0	4	39	0	0
16	15814277	.	A	G	24	24	48	0	1	49	0	0
16	15817995	.	G	A	20	12	32	0	2	34	0	0
16	15818141	.	A	C	28	27	55	0	2	57	0	0
16	15818310	.	G	A	20	13	33	0	0	33	0	0
16	15818653	.	G	A	19	15	34	0	2	36	0	0
16	15831212	.	G	A	12	15	27	0	5	33	0	1
16	15841862	.	C	T	41	32	73	0	2	75	0	0
16	15842005	.	G	A	30	30	60	0	3	63	0	0
16	15843958	.	C	T	34	44	78	0	6	84	0	0
16	15850204	.	A	G	40	36	76	0	9	85	0	0
16	15853596	.	C	G	18	20	38	0	4	42	0	0
16	15869801	.	T	C	22	23	45	0	1	47	0	1
16	15878459	.	C	G	10	15	25	0	1	26	0	0
16	15917321	.	T	C	29	17	46	0	3	49	0	0
16	15931611	.	C	T	13	11	24	0	0	24	0	0
16	15931634	.	T	C	10	12	22	0	1	23	0	0
16	15931975	.	G	A	61	85	146	0	7	153	0	0
16	15967236	.	T	C	6	14	20	0	0	20	0	0
16	16108282	.	T	C	16	31	47	0	4	51	0	0
16	16110244	.	C	G	24	22	46	0	1	47	0	0
16	16110253	.	T	C	29	20	49	0	3	52	0	0
16	16126758	.	C	T	15	7	22	0	1	23	0	0
16	16126764	.	T	C	17	9	26	0	1	27	0	0
16	16130514	.	C	A	37	22	59	0	4	63	0	0
16	16130524	.	C	G	35	19	54	0	2	56	0	0
16	16138319	.	G	A	22	21	43	0	3	46	0	0
16	16139720	.	G	A	43	74	117	0	5	122	0	0
16	16165368	.	G	A	17	16	33	0	1	34	0	0
16	16208683	.	G	C	48	47	95	0	6	101	0	0
16	16219729	.	C	T	40	33	73	0	6	79	0	0
16	16225849	.	C	T	18	12	30	0	5	35	0	0
16	16236783	.	G	A	17	16	33	0	2	36	0	1
16	16253292	.	C	G	34	38	72	0	4	76	0	0
16	16259722	.	G	C	10	23	33	0	2	35	0	0
16	16263663	.	G	A	29	21	50	0	3	53	0	0
16	16269962	.	G	A	11	15	26	0	2	28	0	0
16	16271409	.	G	A	37	45	82	0	8	90	0	0
16	16272508	.	G	A	26	15	41	0	0	41	0	0
16	16276964	.	C	T	10	12	22	0	0	23	0	1
16	16278695	.	A	T	19	19	38	0	1	39	0	0
16	16278863	.	G	T	47	32	79	0	1	80	0	0
16	16278869	.	G	C	45	28	73	0	4	77	0	0
16	16280889	.	C	T	23	20	43	0	0	43	0	0
16	16280895	.	A	G	21	20	41	0	2	43	0	0
16	16280921	.	T	C	27	19	46	0	4	50	0	0
16	16281007	.	A	G	25	21	46	0	4	50	0	0
16	16281154	.	C	A	12	10	22	0	0	22	0	0
16	16284272	.	C	T	15	14	29	0	1	30	0	0
16	16286614	.	G	C	12	11	23	0	5	28	0	0
16	16291858	.	G	C	12	15	27	0	1	28	0	0
16	16291871	.	G	C	20	20	40	0	2	42	0	0
16	16295975	.	G	A	38	41	79	13	2	94	0	0
16	16313867	.	C	T	41	28	69	25	6	101	0	1
16	16315332	.	C	A	18	23	41	15	2	58	0	0
16	16317397	.	G	T	42	14	56	36	11	104	1	0
16	16423065	.	A	G	46	23	69	81	1	152	0	1
16	16425513	.	G	T	92	20	112	123	9	246	0	2
16	16452480	.	C	T	33	25	58	29	6	93	0	0
16	16452631	.	C	T	31	19	50	16	6	72	0	0
16	16453084	.	A	G	39	18	57	51	0	108	0	0
16	16457309	.	C	T	22	7	29	25	3	57	0	0
16	16458709	.	G	A	107	38	145	112	13	270	0	0
16	16460573	.	G	A	163	59	222	3	19	244	0	0
16	16460685	.	C	T	148	58	206	63	9	278	0	0
16	16462955	.	C	T	19	53	72	119	16	208	0	1
16	16463033	.	G	A	59	153	212	21	10	245	0	2
16	16465474	.	T	C	167	69	236	59	8	305	1	1
16	16468294	.	C	T	54	117	171	97	6	274	0	0
16	16492536	.	G	A	43	22	65	24	2	91	0	0
16	17047346	.	A	T	10	11	21	0	3	24	0	0
16	17190040	.	G	T	36	40	76	0	0	76	0	0
16	17201437	.	C	T	29	36	65	0	3	68	0	0
16	17201662	.	C	T	37	23	60	0	0	60	0	0
16	17201896	.	C	T	39	42	81	0	6	87	0	0
16	17201948	.	C	T	43	36	79	0	9	88	0	0
16	17201961	.	A	G	47	39	86	0	6	92	0	0
16	17201985	.	A	G	53	42	95	0	6	101	0	0
16	17202777	.	G	A	14	13	27	0	2	29	0	0
16	17202964	.	T	C	10	10	20	0	2	22	0	0
16	17228368	.	G	A	31	36	67	0	7	74	0	0
16	17292074	.	G	C	26	23	49	0	8	58	0	1
16	18026490	.	C	A	13	12	25	0	0	25	0	0
16	18026736	.	G	A	30	32	62	0	4	66	0	0
16	18026935	.	C	T	44	25	69	1	2	72	0	0
16	18142011	.	G	T	13	11	24	0	0	25	0	1
16	18483046	.	C	T	13	16	29	43	2	75	0	1
16	18554947	.	T	C	126	62	188	27	4	221	1	1
16	18585987	.	C	T	45	9	54	15	1	71	1	0
16	18804737	.	C	T	16	14	30	0	5	35	0	0
16	18821191	.	G	C	22	14	36	0	0	36	0	0
16	18850979	.	G	C	24	24	48	0	3	51	0	0
16	18853875	.	G	A	15	11	26	0	0	26	0	0
16	18853906	.	G	A	12	11	23	0	0	23	0	0
16	18858727	.	A	C	20	22	42	0	0	42	0	0
16	18870148	.	A	G	33	32	65	0	2	67	0	0
16	18870740	.	T	A	116	72	188	54	2	244	0	0
16	18871884	.	A	C	10	80	90	124	3	218	0	1
16	18872050	.	C	T	147	76	223	30	6	259	0	0
16	18872187	.	A	G	66	41	107	47	4	158	0	0
16	18874864	.	T	C	47	46	93	0	3	96	0	0
16	18879395	.	T	C	56	42	98	4	5	108	0	1
16	18879831	.	T	A	108	112	220	89	9	318	0	0
16	18880937	.	T	C	33	25	58	6	1	65	0	0
16	18881655	.	G	T	26	15	41	10	0	51	0	0
16	18881817	.	C	A	58	64	122	6	3	133	0	2
16	18881889	.	G	A	82	81	163	15	4	183	0	1
16	18883291	.	G	A	16	14	30	1	8	39	0	0
16	18884060	.	C	T	49	46	95	0	0	95	0	0
16	18884084	.	C	A	38	35	73	0	3	76	0	0
16	18886301	.	T	C	9	11	20	0	2	22	0	0
16	18887297	.	T	A	34	20	54	0	2	56	0	0
16	18887807	.	C	T	105	63	168	15	3	186	0	0
16	18888247	.	G	A	58	43	101	0	1	102	0	0
16	18888648	.	T	C	75	48	123	3	1	127	0	0
16	18893302	.	G	A	20	29	49	0	1	50	0	0
16	18896160	.	C	T	24	12	36	0	1	37	0	0
16	18896279	.	C	T	38	49	87	3	2	93	0	1
16	18900568	.	C	A	20	21	41	89	1	132	0	1
16	18902172	.	A	G	69	60	129	0	1	131	1	0
16	18903751	.	A	C	40	56	96	0	1	97	0	0
16	18907550	.	G	A	107	74	181	68	5	254	0	0
16	18908353	.	C	T	35	28	63	0	1	64	0	0
16	18908390	.	A	T	23	23	46	0	1	47	0	0
16	18911404	.	G	A	56	32	88	20	1	110	0	1
16	19000487	.	T	C	10	15	25	0	2	27	0	0
16	19000800	.	T	C	45	35	80	3	5	88	0	0
16	19000842	.	C	T	34	15	49	3	5	57	0	0
16	19000933	.	A	G	32	13	45	4	1	52	0	2
16	19001014	.	C	T	14	8	22	1	1	24	0	0
16	19032780	.	G	T	16	24	40	0	4	44	0	0
16	19046905	.	A	G	21	12	33	0	1	34	0	0
16	19046960	.	T	C	20	27	47	0	1	48	0	0
16	19071064	.	C	T	15	12	27	0	0	27	0	0
16	19078771	.	T	C	16	15	31	0	2	33	0	0
16	19079095	.	T	G	83	79	162	0	8	170	0	0
16	19083221	.	A	G	23	17	40	0	2	43	0	1
16	19132181	.	T	A	45	40	85	0	2	87	0	0
16	19183972	.	G	T	13	9	22	0	17	40	0	1
16	19222713	.	T	G	9	13	22	0	4	26	0	0
16	19310092	.	T	C	32	28	60	0	1	62	0	1
16	19310221	.	A	C	21	17	38	0	1	39	0	0
16	19315259	.	G	A	22	16	38	0	0	38	0	0
16	19315621	.	C	G	15	13	28	0	0	28	0	0
16	19320148	.	A	G	33	24	57	0	1	58	0	0
16	19320167	.	T	C	37	29	66	0	1	67	0	0
16	19320460	.	A	C	30	25	55	0	3	58	0	0
16	19455284	.	T	C	14	24	38	0	0	39	0	1
16	19455468	.	G	T	49	44	93	0	1	94	0	0
16	19461391	.	C	T	34	28	62	0	1	63	0	0
16	19468314	.	G	C	26	24	50	0	2	52	0	0
16	19471665	.	T	C	29	18	47	0	1	48	0	0
16	19471700	.	C	A	18	20	38	0	3	41	0	0
16	19490544	.	G	A	18	19	37	0	1	38	0	0
16	19498104	.	G	C	18	18	36	0	0	36	0	0
16	19498761	.	C	G	14	27	41	0	4	45	0	0
16	19501917	.	C	T	66	50	116	0	4	120	0	0
16	19518945	.	G	A	14	9	23	0	1	24	0	0
16	19522101	.	T	C	17	17	34	0	1	35	0	0
16	19539467	.	A	G	16	16	32	0	0	32	0	0
16	19543981	.	G	C	11	16	27	0	1	29	0	1
16	19547357	.	A	G	25	26	51	0	5	56	0	0
16	19547503	.	C	T	38	30	68	0	0	68	0	0
16	19548116	.	G	A	12	10	22	0	3	25	0	0
16	19548290	.	G	A	20	13	33	0	1	34	0	0
16	19556169	.	A	G	16	12	28	0	1	29	0	0
16	19557564	.	T	A	13	15	28	0	0	28	0	0
16	19562631	.	G	A	10	12	22	0	0	22	0	0
16	19590334	.	G	A	35	19	54	0	1	55	0	0
16	19590444	.	T	C	49	28	77	0	3	81	0	1
16	19612892	.	C	T	15	13	28	0	2	30	0	0
16	19613138	.	G	A	17	8	25	0	1	26	0	0
16	19620356	.	G	A	32	14	46	0	1	47	0	0
16	19620374	.	A	T	13	26	39	0	2	41	0	0
16	19628222	.	A	G	37	32	69	0	3	72	0	0
16	19638856	.	G	A	14	9	23	0	0	23	0	0
16	19644524	.	T	C	28	43	71	0	1	72	0	0
16	19658884	.	A	G	16	18	34	0	3	37	0	0
16	19663551	.	T	G	23	25	48	0	2	50	0	0
16	19663631	.	G	A	23	17	40	0	1	41	0	0
16	19693729	.	C	T	24	32	56	0	1	57	0	0
16	19721731	.	A	G	13	17	30	0	1	31	0	0
16	19721755	.	C	T	18	22	40	0	1	41	0	0
16	19721806	.	C	T	31	30	61	0	6	67	0	0
16	19722002	.	G	A	10	10	20	0	0	20	0	0
16	19800213	.	T	C	14	13	27	0	2	29	0	0
16	19871982	.	G	A	14	10	24	0	2	27	0	1
16	19883082	.	A	G	16	22	38	0	4	42	0	0
16	19883364	.	G	A	43	44	87	0	2	89	0	0
16	20167432	.	A	G	13	7	20	0	0	20	0	0
16	20168001	.	T	C	28	18	46	0	0	46	0	0
16	20168006	.	T	G	27	17	44	0	3	47	0	0
16	20322439	.	A	G	24	28	52	1	3	56	0	0
16	20327321	.	G	A	28	27	55	0	4	59	0	0
16	20334679	.	C	T	40	30	70	0	1	71	0	0
16	20370810	.	C	T	64	67	131	0	0	131	0	0
16	20370816	.	C	T	62	63	125	0	1	126	0	0
16	20376588	.	G	T	24	22	46	0	1	47	0	0
16	20376734	.	A	G	44	55	99	0	7	106	0	0
16	20376755	.	T	C	51	52	103	0	3	106	0	0
16	20386115	.	T	C	27	20	47	0	3	50	0	0
16	20476695	.	A	G	25	16	41	0	1	42	0	0
16	20488803	.	T	A	42	32	74	26	4	104	0	0
16	20491926	.	G	A	53	24	77	35	2	115	0	1
16	20494336	.	T	C	97	90	187	0	5	192	0	0
16	20494579	.	G	C	31	39	70	2	3	76	1	0
16	20552075	.	G	T	88	82	170	0	4	175	0	1
16	20556423	.	C	T	26	42	68	1	1	70	0	0
16	20557620	.	T	G	17	12	29	1	5	35	0	0
16	20557634	.	A	T	19	13	32	2	2	36	0	0
16	20557661	.	T	C	26	17	43	6	1	50	0	0
16	20558509	.	G	A	9	11	20	0	0	20	0	0
16	20563528	.	T	C	96	69	165	1	3	169	0	0
16	20563727	.	G	A	23	24	47	0	2	49	0	0
16	20565396	.	C	T	2	18	20	0	1	21	0	0
16	20570852	.	C	T	23	10	33	0	1	34	0	0
16	20598625	.	G	C	23	27	50	0	3	53	0	0
16	20599100	.	C	T	11	14	25	3	5	33	0	0
16	20601921	.	C	A	55	43	98	2	3	103	0	0
16	20602122	.	C	T	38	31	69	7	10	86	0	0
16	20602163	.	A	G	30	32	62	3	4	69	0	0
16	20610917	.	G	C	29	27	56	0	2	58	0	0
16	20628688	.	G	A	16	19	35	0	1	36	0	0
16	20628758	.	C	A	21	25	46	0	2	48	0	0
16	20629514	.	C	A	45	42	87	0	1	90	0	2
16	20634775	.	T	C	41	46	87	0	4	91	0	0
16	20635117	.	C	G	17	17	34	0	5	39	0	0
16	20638638	.	C	T	25	29	54	0	3	57	0	0
16	20648702	.	G	A	60	43	103	0	7	110	0	0
16	20693862	.	G	A	16	16	32	0	0	32	0	0
16	20696749	.	G	A	54	30	84	0	1	85	0	0
16	20788852	.	T	C	13	11	24	0	1	25	0	0
16	20792435	.	C	A	30	36	66	0	3	69	0	0
16	20796508	.	T	C	19	10	29	0	2	31	0	0
16	20800916	.	A	G	38	26	64	0	1	66	0	1
16	20809283	.	C	A	71	58	129	0	5	134	0	0
16	20810067	.	T	C	28	30	58	0	4	62	0	0
16	20860813	.	C	T	10	15	25	0	0	25	0	0
16	20860897	.	C	T	11	12	23	0	1	24	0	0
16	20870837	.	C	T	17	21	38	0	3	41	0	0
16	20870872	.	A	C	28	12	40	0	5	45	0	0
16	20963667	.	C	T	48	25	73	0	5	78	0	0
16	20963765	.	G	C	51	45	96	0	2	98	0	0
16	20975457	.	T	C	23	33	56	0	1	57	0	0
16	20975877	.	T	C	39	28	67	0	7	74	0	0
16	20976609	.	T	C	38	32	70	0	6	76	0	0
16	20981226	.	G	C	69	55	124	0	6	130	0	0
16	20998641	.	G	A	56	46	102	0	3	105	0	0
16	20998920	.	G	A	17	23	40	0	2	42	0	0
16	21008708	.	A	G	22	23	45	0	2	47	0	0
16	21035826	.	G	C	22	22	44	0	2	46	0	0
16	21038275	.	T	C	8	12	20	0	1	21	0	0
16	21049286	.	C	T	38	37	75	0	4	79	0	0
16	21063033	.	G	A	36	30	66	0	3	69	0	0
16	21157406	.	C	T	17	28	45	0	3	48	0	0
16	21170439	.	A	G	11	9	20	0	2	22	0	0
16	21210006	.	C	T	25	30	55	0	1	56	0	0
16	21210012	.	G	A	26	30	56	0	0	56	0	0
16	21211039	.	C	T	53	60	113	0	4	118	1	0
16	21211278	.	T	C	17	12	29	0	0	29	0	0
16	21217061	.	G	A	41	34	75	0	4	79	0	0
16	21220772	.	G	C	13	8	21	0	3	24	0	0
16	21221324	.	T	G	30	23	53	0	1	54	0	0
16	21245236	.	G	A	34	21	55	0	2	58	0	1
16	21272365	.	T	C	16	23	39	0	2	41	0	0
16	21272591	.	G	C	65	47	112	0	7	119	0	0
16	21273286	.	A	G	10	10	20	0	0	20	0	0
16	21279070	.	G	A	51	40	91	0	5	96	0	0
16	21286927	.	A	G	20	19	39	0	1	40	0	0
16	21350014	.	T	C	16	11	27	0	0	27	0	0
16	21365525	.	G	A	23	16	39	0	4	44	0	1
16	21365595	.	C	T	35	28	63	1	3	67	0	0
16	21513372	.	T	C	26	14	40	0	3	43	0	0
16	21531111	.	T	C	148	40	188	7	19	215	1	0
16	21531609	.	C	T	40	37	77	0	7	84	0	0
16	21544466	.	C	T	99	29	128	2	7	137	0	0
16	21663795	.	G	A	19	14	33	0	0	33	0	0
16	21728390	.	C	T	33	34	67	0	2	69	0	0
16	21730449	.	C	T	29	27	56	0	2	58	0	0
16	21758409	.	T	C	11	10	21	20	0	41	0	0
16	21893238	.	T	C	11	15	26	69	1	96	0	0
16	22189470	.	G	C	18	15	33	0	1	34	0	0
16	22237118	.	A	G	24	20	44	0	4	48	0	0
16	22261900	.	G	A	39	53	92	0	1	93	0	0
16	22262514	.	C	A	24	17	41	0	2	43	0	0
16	22271707	.	G	A	31	35	66	0	13	79	0	0
16	22284700	.	T	G	9	18	27	0	1	29	0	1
16	22316325	.	G	C	11	13	24	0	1	25	0	0
16	22319570	.	T	C	37	32	69	0	1	70	0	0
16	22319615	.	G	C	23	23	46	0	1	47	0	0
16	22320371	.	C	T	39	35	74	0	10	84	0	0
16	22325614	.	A	G	11	11	22	0	0	22	0	0
16	22326405	.	C	T	33	29	62	0	6	68	0	0
16	22334192	.	C	G	52	44	96	0	5	101	0	0
16	22337049	.	C	G	33	28	61	0	2	63	0	0
16	22444252	.	A	C	11	9	20	13	0	33	0	0
16	22492615	.	A	T	56	37	93	79	3	175	0	0
16	22503207	.	T	A	49	32	81	92	8	182	0	1
16	22545339	.	T	C	25	32	57	98	5	160	0	0
16	22545897	.	G	T	163	90	253	80	25	360	0	2
16	22587868	.	G	C	37	21	58	24	4	87	1	0
16	22588118	.	G	A	20	34	54	9	4	67	0	0
16	22826339	.	A	G	32	27	59	0	2	61	0	0
16	22828352	.	T	C	15	8	23	0	2	25	0	0
16	22926511	.	A	G	37	35	72	0	2	74	0	0
16	22927782	.	A	G	11	14	25	0	1	26	0	0
16	23366463	.	G	T	24	11	35	0	3	38	0	0
16	23392189	.	A	G	30	18	48	0	1	49	0	0
16	23400054	.	T	C	16	8	24	0	0	24	0	0
16	23400194	.	G	A	52	39	91	0	7	99	0	1
16	23403510	.	G	A	11	14	25	0	1	27	0	1
16	23456578	.	T	C	28	24	52	0	0	52	0	0
16	23478535	.	G	A	20	19	39	0	1	40	0	0
16	23486197	.	A	G	17	17	34	0	0	34	0	0
16	23489711	.	C	G	22	31	53	0	4	58	0	1
16	23506940	.	G	A	21	16	37	0	1	38	0	0
16	23540798	.	C	T	36	29	65	0	2	67	0	0
16	23541223	.	G	A	14	14	28	0	0	28	0	0
16	23555726	.	C	T	11	12	23	0	0	24	0	1
16	23563501	.	C	T	19	40	59	0	2	61	0	0
16	23582270	.	A	T	22	12	34	1	1	36	0	0
16	23582271	.	A	T	26	12	38	1	1	40	0	0
16	23582272	.	A	T	26	12	38	1	2	41	0	0
16	23582278	.	A	G	29	13	42	1	3	46	0	0
16	23583073	.	G	A	24	22	46	0	1	47	0	0
16	23583360	.	A	C	53	40	93	0	2	95	0	0
16	23640467	.	G	A	11	13	24	0	2	26	0	0
16	23653018	.	C	T	25	33	58	0	3	61	0	0
16	23677006	.	A	G	31	32	63	0	2	65	0	0
16	23677111	.	G	A	15	12	27	0	0	27	0	0
16	23680286	.	A	G	16	14	30	0	1	31	0	0
16	23680520	.	C	A	13	19	32	0	1	33	0	0
16	23692405	.	A	G	20	22	42	0	3	45	0	0
16	23698547	.	G	T	18	23	41	0	1	42	0	0
16	23701538	.	A	G	24	24	48	0	2	50	0	0
16	23713395	.	C	T	18	22	40	0	4	44	0	0
16	23768727	.	C	T	39	32	71	0	10	81	0	0
16	23768802	.	T	G	60	52	112	0	6	118	0	0
16	23847575	.	C	A	12	16	28	0	0	28	0	0
16	23857128	.	T	C	17	25	42	0	2	44	0	0
16	24046927	.	G	A	18	17	35	0	1	36	0	0
16	24104322	.	A	C	23	19	42	0	7	49	0	0
16	24104328	.	A	G	27	20	47	0	1	48	0	0
16	24104376	.	C	A	16	16	32	0	0	32	0	0
16	24105270	.	G	A	11	19	30	0	0	30	0	0
16	24105669	.	G	A	28	36	64	0	3	67	0	0
16	24166130	.	T	C	22	38	60	0	4	66	1	1
16	24185997	.	G	A	25	32	57	0	6	63	0	0
16	24186095	.	A	G	22	19	41	0	2	43	0	0
16	24192107	.	A	G	46	42	88	0	4	92	0	0
16	24202458	.	C	T	38	29	67	0	7	75	0	1
16	24202615	.	A	G	20	23	43	0	4	47	0	0
16	24226265	.	T	A	16	14	30	0	3	33	0	0
16	24226528	.	G	A	22	26	48	0	4	52	0	0
16	24226740	.	G	A	24	17	41	0	4	45	0	0
16	24227025	.	A	G	4	31	35	0	2	38	0	1
16	24227057	.	C	T	27	12	39	0	0	40	0	1
16	24231449	.	C	T	18	19	37	0	1	38	0	0
16	24572946	.	A	C	13	18	31	0	1	32	0	0
16	24576112	.	A	G	24	15	39	0	1	40	0	0
16	24582048	.	G	A	24	26	50	0	3	53	0	0
16	24682135	.	G	A	11	11	22	0	0	22	0	0
16	24869786	.	C	T	21	24	45	0	2	47	0	0
16	24874067	.	A	C	17	17	34	0	1	35	0	0
16	24883306	.	A	C	25	13	38	0	1	39	0	0
16	24888646	.	T	C	33	27	60	0	4	65	0	1
16	24888677	.	G	A	21	25	46	0	4	51	0	1
16	24902296	.	C	T	16	14	30	0	2	32	0	0
16	24918048	.	C	T	13	21	34	0	1	35	0	0
16	24921838	.	C	T	34	29	63	0	11	74	0	0
16	24931431	.	G	A	53	47	100	0	4	104	0	0
16	24950609	.	C	T	12	10	22	0	0	22	0	0
16	25042983	.	A	G	13	7	20	0	1	21	0	0
16	25043090	.	T	G	28	18	46	0	8	54	0	0
16	25043569	.	A	G	21	26	47	0	5	52	0	0
16	25069233	.	G	A	13	11	24	0	1	25	0	0
16	25069325	.	T	C	18	16	34	0	2	36	0	0
16	25137449	.	A	T	153	69	222	6	24	252	0	0
16	25137623	.	T	C	46	30	76	1	3	81	0	1
16	25137677	.	C	G	29	14	43	1	2	47	0	1
16	25143645	.	T	C	72	61	133	0	4	137	0	0
16	25182032	.	T	C	36	49	85	0	5	90	0	0
16	25238440	.	G	A	74	84	158	0	10	169	0	1
16	25251202	.	G	A	40	35	75	0	2	77	0	0
16	25251216	.	G	A	44	35	79	0	2	81	0	0
16	25255506	.	C	T	21	21	42	0	3	45	0	0
16	25258035	.	A	G	45	42	87	0	3	90	0	0
16	25263278	.	G	A	38	41	79	0	2	81	0	0
16	25268368	.	A	G	40	37	77	0	5	82	0	0
16	26044056	.	G	A	15	18	33	1	1	35	0	0
16	27079957	.	C	A	14	9	23	0	2	25	0	0
16	27144796	.	G	A	24	18	42	0	0	42	0	0
16	27146168	.	A	G	35	38	73	0	3	76	0	0
16	27244548	.	A	G	18	10	28	0	2	30	0	0
16	27246617	.	T	C	13	17	30	0	0	30	0	0
16	27268719	.	C	T	35	24	59	0	0	59	0	0
16	27268728	.	G	A	38	25	63	0	0	63	0	0
16	27269023	.	T	C	15	10	25	0	2	27	0	0
16	27358058	.	A	T	12	18	30	0	2	32	0	0
16	27367334	.	C	T	17	9	26	0	3	29	0	0
16	27370454	.	A	G	11	19	30	0	0	30	0	0
16	27373467	.	A	C	31	24	55	0	1	56	0	0
16	27373817	.	G	A	27	23	50	0	3	53	0	0
16	27374180	.	T	C	29	31	60	0	3	63	0	0
16	27374927	.	T	G	34	26	60	0	14	74	0	0
16	27375070	.	T	C	12	10	22	0	3	25	0	0
16	27454562	.	A	G	12	11	23	0	2	25	0	0
16	27456613	.	G	C	41	34	75	0	3	78	0	0
16	27475848	.	G	C	57	49	106	0	6	112	0	0
16	27481250	.	C	T	14	11	25	0	1	26	0	0
16	27519896	.	G	A	45	38	83	0	4	87	0	0
16	28115708	.	A	G	14	16	30	0	1	31	0	0
16	28117336	.	C	T	13	20	33	0	3	36	0	0
16	28123226	.	G	A	35	26	61	0	2	63	0	0
16	28132951	.	T	C	23	18	41	0	3	45	0	1
16	28133152	.	C	A	17	13	30	0	0	30	0	0
16	28137248	.	C	A	14	7	21	0	1	22	0	0
16	28177794	.	A	G	21	21	42	0	0	42	0	0
16	28222563	.	G	T	13	13	26	0	2	28	0	0
16	28251347	.	G	T	15	16	31	0	2	33	0	0
16	28251643	.	G	A	11	14	25	0	2	27	0	0
16	28506428	.	C	T	13	27	40	0	1	41	0	0
16	28508447	.	A	G	45	32	77	0	9	86	0	0
16	28513288	.	G	A	34	53	87	0	6	93	0	0
16	28592376	.	G	C	26	19	45	0	3	48	0	0
16	28603083	.	G	A	37	44	81	0	1	83	0	1
16	28604686	.	A	G	92	81	173	0	11	184	0	0
16	28612438	.	A	C	16	25	41	1	5	47	0	0
16	28612550	.	C	T	32	10	42	8	3	53	0	0
16	28615708	.	G	A	54	95	149	0	1	150	0	0
16	28617099	.	T	G	42	15	57	6	6	70	0	1
16	28617101	.	T	A	47	15	62	6	2	71	0	1
16	28617485	.	C	T	48	72	120	3	3	127	1	0
16	28618091	.	G	A	94	40	134	0	6	140	0	0
16	28618238	.	A	G	66	124	190	0	8	198	0	0
16	28620320	.	G	A	116	60	176	0	10	186	0	0
16	28620470	.	G	A	85	45	130	0	6	137	0	1
16	28620800	.	C	G	17	49	66	0	4	70	0	0
16	28621311	.	T	C	50	100	150	0	11	161	0	0
16	28621318	.	G	A	100	59	159	0	8	167	0	0
16	28621679	.	C	T	22	11	33	0	2	35	0	0
16	28621713	.	T	C	36	19	55	0	5	60	0	0
16	28631360	.	A	T	34	38	72	0	5	77	0	0
16	28631585	.	T	G	10	22	32	0	0	32	0	0
16	28649787	.	G	A	118	104	222	65	6	294	0	1
16	28845584	.	C	T	36	33	69	0	4	73	0	0
16	28856196	.	G	C	32	29	61	0	0	63	1	1
16	28856819	.	C	T	28	11	39	0	1	40	0	0
16	28883327	.	T	C	33	28	61	0	5	66	0	0
16	28895660	.	G	A	20	8	28	0	2	30	0	0
16	28898793	.	T	C	53	47	100	0	8	109	0	1
16	28915453	.	T	C	20	32	52	0	1	53	0	0
16	28967423	.	C	T	25	42	67	0	2	69	0	0
16	28967688	.	C	T	13	11	24	0	2	26	0	0
16	28986997	.	G	A	14	17	31	0	1	32	0	0
16	28990406	.	C	T	70	58	128	0	8	136	0	0
16	28993369	.	C	T	38	41	79	0	8	87	0	0
16	28997070	.	G	T	24	32	56	0	5	61	0	0
16	29000808	.	C	T	32	40	72	0	2	74	0	0
16	29060875	.	T	G	53	30	83	129	3	215	0	0
16	29063529	.	C	T	36	39	75	56	3	135	0	1
16	29063626	.	C	A	78	66	144	107	6	259	0	2
16	29088221	.	A	G	38	10	48	5	2	55	0	0
16	29095950	.	C	G	55	48	103	71	1	175	0	0
16	29102219	.	A	G	20	6	26	6	0	32	0	0
16	29105470	.	G	A	26	22	48	0	3	51	0	0
16	29105873	.	T	C	14	13	27	0	1	28	0	0
16	29113263	.	C	T	45	43	88	8	3	99	0	0
16	29115577	.	G	C	48	50	98	1	3	102	0	0
16	29118406	.	G	C	16	22	38	0	5	44	1	0
16	29124113	.	G	A	13	12	25	0	1	26	0	0
16	29124150	.	G	A	14	10	24	0	1	25	0	0
16	29124524	.	T	C	44	38	82	0	2	84	0	0
16	29141189	.	C	T	64	47	111	0	14	126	0	1
16	29141436	.	G	A	42	59	101	1	5	107	0	0
16	29141853	.	C	T	9	14	23	0	0	23	0	0
16	29142163	.	G	A	35	15	50	6	1	57	0	0
16	29150785	.	G	A	40	40	80	0	4	85	0	1
16	29337658	.	T	G	56	40	96	5	7	108	0	0
16	29340099	.	T	C	26	30	56	3	6	66	0	1
16	29342500	.	T	A	69	48	117	7	10	134	0	0
16	29342517	.	T	G	65	44	109	8	11	128	0	0
16	29342546	.	T	C	68	40	108	10	5	123	0	0
16	29344763	.	G	A	20	23	43	6	4	53	0	0
16	29376174	.	C	A	28	21	49	13	4	66	0	0
16	29394552	.	G	T	30	31	61	31	3	97	0	2
16	29404501	.	C	G	20	18	38	40	2	80	0	0
16	29408728	.	C	T	8	14	22	4	0	27	1	0
16	29437092	.	T	G	80	84	164	1	11	176	0	0
16	29437596	.	T	C	19	7	26	1	1	28	0	0
16	29438762	.	A	C	40	18	58	51	3	114	1	1
16	29576590	.	G	C	67	70	137	136	0	273	0	0
16	29624247	.	C	A	17	13	30	1	3	35	0	1
16	29624530	.	C	T	107	95	202	3	12	217	0	0
16	29636030	.	T	C	12	9	21	1	0	22	0	0
16	29647342	.	T	C	21	25	46	0	5	51	0	0
16	29790669	.	T	A	47	35	82	0	5	87	0	0
16	29790678	.	T	G	45	33	78	0	6	84	0	0
16	29790767	.	A	G	41	33	74	0	6	80	0	0
16	29790864	.	G	A	50	35	85	0	5	90	0	0
16	29791721	.	G	C	39	47	86	0	3	89	0	0
16	29802092	.	C	T	12	9	21	0	2	23	0	0
16	29811319	.	C	T	14	20	34	0	2	36	0	0
16	29814234	.	G	A	66	56	122	0	8	130	0	0
16	29824987	.	C	G	21	22	43	0	6	49	0	0
16	29826538	.	T	C	55	70	125	0	3	128	0	0
16	29883685	.	G	A	24	18	42	0	2	44	0	0
16	29899234	.	A	G	28	21	49	0	6	55	0	0
16	29899291	.	T	C	22	11	33	0	8	41	0	0
16	29906546	.	C	T	44	31	75	0	18	93	0	0
16	29906764	.	C	G	65	62	127	0	7	134	0	0
16	29922988	.	C	T	13	9	22	0	1	23	0	0
16	29990709	.	T	C	70	69	139	0	17	156	0	0
16	29993962	.	A	T	16	11	27	0	0	27	0	0
16	30004397	.	C	T	13	14	27	0	0	27	0	0
16	30005466	.	C	T	80	64	144	0	7	151	0	0
16	30006796	.	T	C	51	59	110	0	13	123	0	0
16	30015772	.	G	T	26	25	51	0	1	52	0	0
16	30016022	.	C	T	38	38	76	0	6	82	0	0
16	30037128	.	A	C	16	27	43	0	3	46	0	0
16	30041966	.	A	G	21	22	43	0	4	47	0	0
16	30078492	.	G	C	32	50	82	0	5	87	0	0
16	30097630	.	C	T	22	14	36	0	1	37	0	0
16	30125840	.	G	C	22	26	48	0	0	48	0	0
16	30208527	.	C	T	271	152	423	30	29	483	0	1
16	30408765	.	C	T	30	26	56	0	0	56	0	0
16	30455434	.	C	G	32	15	47	0	0	47	0	0
16	30485393	.	G	C	26	21	47	0	4	51	0	0
16	30485800	.	G	C	18	19	37	0	0	37	0	0
16	30495412	.	T	C	23	18	41	0	2	43	0	0
16	30495657	.	T	C	12	15	27	0	2	29	0	0
16	30500761	.	G	A	42	45	87	0	8	95	0	0
16	30505513	.	A	G	16	10	26	0	4	30	0	0
16	30507265	.	T	G	23	27	50	0	2	52	0	0
16	30510571	.	C	T	31	32	63	0	3	66	0	0
16	30518041	.	G	C	26	25	51	0	4	55	0	0
16	30671532	.	G	A	22	20	42	0	2	44	0	0
16	30672719	.	T	C	27	31	58	0	1	60	0	1
16	30687909	.	A	G	39	46	85	0	2	87	0	0
16	30833246	.	C	T	52	37	89	0	3	92	0	0
16	30833321	.	C	T	68	62	130	0	8	138	0	0
16	30841642	.	A	G	65	48	113	0	8	121	0	0
16	30846134	.	G	A	19	22	41	0	5	46	0	0
16	30936081	.	G	A	34	31	65	0	2	67	0	0
16	30964309	.	G	T	14	9	23	0	2	25	0	0
16	30996872	.	G	C	16	28	44	0	5	49	0	0
16	30999434	.	T	C	42	38	80	0	3	83	0	0
16	31002664	.	A	G	40	36	76	0	4	80	0	0
16	31004812	.	T	C	39	23	62	0	5	67	0	0
16	31008243	.	C	T	15	20	35	0	1	36	0	0
16	31009025	.	T	C	28	40	68	0	0	68	0	0
16	31138496	.	C	T	39	48	87	0	0	88	0	1
16	31151521	.	A	G	11	19	30	0	2	32	0	0
16	31152953	.	C	T	64	53	117	0	4	121	0	0
16	31153105	.	A	G	32	41	73	0	5	78	0	0
16	31193948	.	C	T	40	41	81	0	5	87	0	1
16	31193994	.	T	C	30	41	71	0	5	77	0	1
16	31195279	.	C	T	35	36	71	0	10	81	0	0
16	31196239	.	T	C	53	59	112	0	6	118	0	0
16	31196255	.	C	T	67	65	132	0	13	145	0	0
16	31201450	.	C	A	41	43	84	0	8	92	0	0
16	31202556	.	A	T	17	12	29	0	1	30	0	0
16	31228018	.	G	C	17	15	32	0	3	35	0	0
16	31230463	.	C	T	23	24	47	0	2	49	0	0
16	31232256	.	C	A	32	24	56	0	4	60	0	0
16	31232437	.	G	A	13	11	24	0	1	25	0	0
16	31273129	.	T	C	24	35	59	0	2	61	0	0
16	31284529	.	A	C	16	14	30	0	0	30	0	0
16	31287148	.	A	T	13	14	27	0	1	28	0	0
16	31287903	.	T	G	14	11	25	0	1	26	0	0
16	31288121	.	A	C	28	32	60	0	5	65	0	0
16	31335906	.	T	C	33	32	65	0	4	69	0	0
16	31336719	.	G	A	63	70	133	0	13	147	0	1
16	31336888	.	C	T	35	33	68	0	9	77	0	0
16	31339625	.	G	A	25	19	44	0	2	46	0	0
16	31368178	.	T	C	11	20	31	0	3	34	0	0
16	31372290	.	T	C	12	9	21	0	1	22	0	0
16	31374535	.	C	G	39	31	70	0	5	75	0	0
16	31391120	.	T	C	32	21	53	0	1	55	0	1
16	31392189	.	G	C	24	24	48	0	1	49	0	0
16	31393833	.	G	A	27	15	42	0	2	44	0	0
16	31422588	.	C	T	54	36	90	0	16	106	0	0
16	31429479	.	T	C	57	48	105	0	3	108	0	0
16	31434786	.	C	G	54	61	115	0	4	119	0	0
16	31435074	.	A	C	21	24	45	0	3	49	0	1
16	31435366	.	G	A	24	17	41	2	5	48	0	0
16	31435367	.	A	G	26	17	43	2	4	49	0	0
16	31435564	.	G	A	27	22	49	0	0	49	0	0
16	31439513	.	C	G	10	10	20	0	2	22	0	0
16	31439562	.	T	C	22	16	38	0	0	38	0	0
16	31471363	.	A	C	12	9	21	0	2	23	0	0
16	31473275	.	A	G	40	35	75	0	0	76	1	0
16	31495873	.	G	A	16	16	32	0	7	39	0	0
16	31510570	.	C	T	32	31	63	0	3	66	0	0
16	31539430	.	G	A	19	16	35	0	1	36	0	0
16	31580272	.	C	T	27	23	50	0	3	53	0	0
16	31580530	.	A	C	17	25	42	0	2	44	0	0
16	31719619	.	C	T	21	24	45	0	4	49	0	0
16	31897308	.	A	G	23	23	46	0	1	47	0	0
16	31926619	.	G	A	24	23	47	0	1	48	0	0
16	31975160	.	C	T	32	12	44	10	4	58	0	0
16	31985698	.	G	A	23	24	47	1	5	53	0	0
16	31987931	.	G	A	25	13	38	68	1	107	0	0
16	31987968	.	G	A	14	8	22	52	2	76	0	0
16	31995649	.	A	G	23	16	39	11	0	50	0	0
16	32005775	.	T	C	45	35	80	11	2	93	0	0
16	32005922	.	A	G	27	34	61	9	8	78	0	0
16	32006171	.	A	G	81	70	151	0	6	157	0	0
16	32013747	.	G	C	19	17	36	2	3	41	0	0
16	32014030	.	A	G	33	37	70	6	7	83	0	0
16	32014520	.	C	T	40	42	82	1	3	87	0	1
16	32014623	.	T	C	50	37	87	22	7	116	0	0
16	32046359	.	G	A	29	20	49	20	1	70	0	0
16	32077537	.	G	T	68	75	143	0	5	148	0	0
16	32077867	.	A	C	71	60	131	0	3	134	0	0
16	32095599	.	T	C	16	6	22	28	1	51	0	0
16	32095637	.	G	C	27	8	35	20	1	56	0	0
16	32095652	.	T	C	29	17	46	16	3	65	0	0
16	32095685	.	G	C	25	17	42	17	3	62	0	0
16	32095694	.	C	T	29	9	38	17	4	59	0	0
16	32095707	.	A	G	20	11	31	20	6	57	0	0
16	32133654	.	A	C	35	19	54	2	3	59	0	0
16	32141625	.	C	A	12	15	27	12	2	41	0	0
16	32141827	.	A	G	21	5	26	14	1	42	0	1
16	32165523	.	T	C	18	6	24	3	5	32	0	0
16	32170617	.	C	T	58	60	118	30	4	152	0	0
16	32190861	.	G	T	66	58	124	7	7	139	0	1
16	32190998	.	A	G	23	12	35	13	1	49	0	0
16	32214073	.	A	G	78	39	117	1	7	125	0	0
16	32214106	.	G	A	61	36	97	1	8	106	0	0
16	32224895	.	C	T	14	9	23	9	0	33	0	1
16	32266345	.	T	A	105	40	145	68	5	218	0	0
16	32266464	.	A	G	65	22	87	0	0	87	0	0
16	32290490	.	T	C	20	11	31	3	2	36	0	0
16	32368369	.	C	T	24	14	38	2	3	43	0	0
16	32369619	.	T	C	41	8	49	4	1	55	1	0
16	32391477	.	T	C	18	9	27	1	2	30	0	0
16	32403342	.	C	T	15	11	26	0	0	26	0	0
16	32416176	.	C	T	19	12	31	1	1	33	0	0
16	32438211	.	T	C	36	33	69	48	1	119	0	1
16	32438239	.	A	C	42	38	80	32	0	113	0	1
16	32438257	.	C	A	38	28	66	14	1	81	0	0
16	32438286	.	A	T	35	14	49	5	0	54	0	0
16	32443146	.	A	T	83	17	100	2	3	105	0	0
16	32471542	.	T	G	19	7	26	2	1	29	0	0
16	32471664	.	T	C	15	9	24	0	0	24	0	0
16	32486629	.	G	T	56	16	72	0	6	78	0	0
16	32486989	.	G	T	38	23	61	0	3	64	0	0
16	32489581	.	A	C	49	22	71	0	7	78	0	0
16	32490125	.	G	A	30	11	41	10	3	54	0	0
16	32490326	.	T	G	18	8	26	10	1	37	0	0
16	32603699	.	G	C	16	7	23	0	1	24	0	0
16	32615920	.	C	T	24	8	32	0	2	34	0	0
16	32616001	.	C	T	33	10	43	0	2	45	0	0
16	32617146	.	A	C	89	45	134	0	2	137	0	1
16	32617167	.	C	T	72	41	113	0	5	118	0	0
16	32617196	.	G	A	64	29	93	0	4	97	0	0
16	32618891	.	G	A	57	17	74	0	5	79	0	0
16	32619248	.	C	A	20	6	26	0	1	27	0	0
16	32621007	.	C	G	48	13	61	0	6	68	0	1
16	32621141	.	G	A	176	54	230	0	7	237	0	0
16	32621559	.	T	C	49	17	66	0	1	67	0	0
16	32621876	.	G	A	28	24	52	0	0	52	0	0
16	32624381	.	T	C	24	16	40	0	0	40	0	0
16	32624427	.	A	T	25	12	37	0	0	37	0	0
16	32626018	.	T	A	21	16	37	0	3	41	0	1
16	32626044	.	G	T	32	22	54	0	4	59	0	1
16	32626803	.	C	T	39	10	49	0	3	52	0	0
16	32627002	.	C	A	42	8	50	1	1	53	0	1
16	32630022	.	G	T	74	20	94	0	2	96	0	0
16	32655620	.	A	G	22	6	28	0	3	31	0	0
16	32655664	.	A	T	20	5	25	0	5	30	0	0
16	32822149	.	C	T	13	8	21	2	1	24	0	0
16	32822227	.	G	T	22	6	28	12	1	41	0	0
16	32822261	.	G	A	16	5	21	12	2	35	0	0
16	32822337	.	G	A	21	10	31	4	7	42	0	0
16	32822340	.	C	A	28	11	39	5	1	45	0	0
16	32822522	.	A	G	16	9	25	0	4	29	0	0
16	32823611	.	T	C	24	6	30	3	4	37	0	0
16	32823741	.	C	T	45	10	55	9	1	67	0	2
16	32845484	.	C	T	35	22	57	31	3	91	0	0
16	32845488	.	A	G	40	19	59	30	2	91	0	0
16	32845489	.	T	C	38	18	56	30	5	91	0	0
16	32845528	.	C	T	33	20	53	27	1	81	0	0
16	32845744	.	G	A	17	8	25	5	0	30	0	0
16	32845773	.	T	C	16	4	20	5	0	25	0	0
16	32926943	.	T	C	29	35	64	3	3	71	0	1
16	32949317	.	T	C	69	29	98	17	5	121	0	1
16	33071308	.	C	T	14	7	21	11	0	33	0	1
16	33365524	.	C	T	38	10	48	14	2	64	0	0
16	33365573	.	G	C	41	11	52	8	3	63	0	0
16	33366647	.	C	T	79	23	102	0	2	104	0	0
16	33371451	.	T	C	29	19	48	0	4	52	0	0
16	33371484	.	T	G	49	25	74	0	4	78	0	0
16	33371537	.	T	G	50	75	125	3	0	128	0	0
16	33371658	.	C	T	91	55	146	3	3	152	0	0
16	33371750	.	T	C	56	24	80	2	5	87	0	0
16	33371807	.	C	T	31	12	43	1	2	46	0	0
16	33371811	.	T	C	31	9	40	1	3	44	0	0
16	33371874	.	C	G	12	9	21	0	4	25	0	0
16	33371944	.	G	A	10	12	22	0	1	23	0	0
16	33372666	.	C	T	42	17	59	2	3	64	0	0
16	33372673	.	T	C	47	17	64	2	1	67	0	0
16	33372677	.	C	T	51	16	67	2	1	70	0	0
16	33372694	.	T	C	57	22	79	2	0	81	0	0
16	33373357	.	C	T	28	8	36	1	0	37	0	0
16	33373381	.	T	C	25	5	30	3	3	37	0	1
16	33373382	.	G	A	24	7	31	3	1	36	0	1
16	33379782	.	C	T	46	22	68	0	1	69	0	0
16	33379833	.	A	G	53	9	62	0	8	70	0	0
16	33379842	.	G	A	62	10	72	0	5	77	0	0
16	33379851	.	G	A	55	27	82	0	3	85	0	0
16	33380074	.	A	G	79	34	113	1	6	122	1	1
16	33380234	.	C	T	42	12	54	1	2	57	0	0
16	33380263	.	C	G	31	14	45	1	0	46	0	0
16	33380309	.	G	T	17	5	22	1	2	25	0	0
16	33390399	.	C	T	13	11	24	0	0	24	0	0
16	33390605	.	G	T	15	8	23	0	0	23	0	0
16	33391348	.	G	A	24	13	37	5	2	44	0	0
16	33391382	.	C	G	36	7	43	5	0	48	0	0
16	33391395	.	G	A	34	9	43	4	1	48	0	0
16	33391415	.	A	C	13	34	47	0	2	49	0	0
16	33391537	.	T	C	34	10	44	3	4	51	0	0
16	33391571	.	T	A	32	10	42	3	3	48	0	0
16	33391670	.	G	A	17	10	27	1	3	31	0	0
16	33395882	.	A	G	36	11	47	0	0	48	0	1
16	33395983	.	T	C	49	24	73	0	1	76	1	1
16	33396089	.	A	G	32	17	49	1	2	52	0	0
16	33396114	.	T	C	24	11	35	2	1	38	0	0
16	33396117	.	A	T	24	10	34	2	1	37	0	0
16	33396180	.	A	G	17	4	21	1	2	24	0	0
16	33396199	.	C	T	17	6	23	1	2	26	0	0
16	33396230	.	G	A	17	6	23	0	1	24	0	0
16	33401390	.	A	C	57	27	84	1	2	87	0	0
16	33401463	.	C	T	78	30	108	1	6	115	0	0
16	33401573	.	G	A	51	24	75	4	8	87	0	0
16	33401611	.	A	G	53	18	71	6	6	83	0	0
16	33401626	.	A	G	50	18	68	6	2	76	0	0
16	33401804	.	G	A	26	17	43	0	2	45	0	0
16	33401859	.	G	A	40	8	48	2	6	56	0	0
16	33401916	.	C	T	68	16	84	3	4	91	0	0
16	33401967	.	G	A	73	42	115	2	5	122	0	0
16	33401997	.	T	C	81	47	128	2	1	131	0	0
16	33402061	.	G	A	92	50	142	2	14	158	0	0
16	33402125	.	C	T	78	41	119	2	15	136	0	0
16	33402192	.	G	T	56	21	77	0	2	79	0	0
16	33404765	.	A	G	44	15	59	3	6	70	0	2
16	33404815	.	A	C	42	20	62	3	2	69	0	2
16	33404853	.	C	A	27	16	43	1	2	46	0	0
16	33404893	.	G	A	25	10	35	0	1	36	0	0
16	33408626	.	T	C	102	27	129	1	7	137	0	0
16	33408654	.	C	A	107	37	144	1	7	152	0	0
16	33408673	.	G	A	95	31	126	1	18	146	0	1
16	33408733	.	G	A	94	22	116	0	11	128	0	1
16	33408734	.	C	T	89	22	111	0	13	125	0	1
16	33408793	.	G	A	54	21	75	0	11	86	0	0
16	33408870	.	T	C	17	6	23	1	3	27	0	0
16	33410688	.	C	T	33	18	51	4	6	61	0	0
16	33410878	.	T	C	18	12	30	3	1	34	0	0
16	33425544	.	T	C	17	11	28	0	0	28	0	0
16	33490541	.	A	G	15	7	22	0	0	23	0	1
16	33497468	.	G	A	65	72	137	2	9	149	0	1
16	33524694	.	C	T	33	12	45	16	1	62	0	0
16	33524738	.	G	A	38	10	48	16	5	69	0	0
16	33524753	.	C	A	41	14	55	17	0	72	0	0
16	33524769	.	T	A	41	11	52	20	3	75	0	0
16	33524771	.	A	G	41	11	52	20	3	75	0	0
16	33524784	.	T	C	31	14	45	25	2	80	8	0
16	33524837	.	T	A	39	14	53	31	1	85	0	0
16	33524860	.	A	G	36	13	49	27	1	77	0	0
16	33524873	.	C	G	37	10	47	22	0	69	0	0
16	33524877	.	G	T	30	12	42	21	0	63	0	0
16	33527482	.	C	T	27	25	52	0	2	54	0	0
16	33530607	.	G	A	36	8	44	10	1	55	0	0
16	33530671	.	A	G	58	8	66	7	3	76	0	0
16	33530772	.	T	C	36	8	44	5	7	56	0	0
16	33530811	.	T	C	53	13	66	4	1	71	0	0
16	33530831	.	G	A	47	19	66	4	1	71	0	0
16	33530868	.	T	C	32	26	58	2	4	65	0	1
16	33530983	.	T	C	17	10	27	4	0	31	0	0
16	33530995	.	T	A	19	5	24	2	0	26	0	0
16	33531019	.	C	A	16	5	21	1	1	23	0	0
16	33531030	.	C	T	11	9	20	1	0	21	0	0
16	33533786	.	T	C	16	14	30	1	2	33	0	0
16	33533811	.	C	T	14	24	38	3	2	43	0	0
16	33533900	.	C	T	27	73	100	12	1	113	0	0
16	33533918	.	A	G	29	77	106	13	3	122	0	0
16	33533928	.	G	A	32	92	124	18	3	145	0	0
16	33534006	.	G	A	136	58	194	13	6	213	0	0
16	33534075	.	C	T	170	66	236	15	8	260	1	0
16	33534128	.	G	C	139	112	251	36	8	295	0	0
16	33534161	.	T	C	134	100	234	43	4	281	0	0
16	33534198	.	C	A	114	62	176	12	7	195	0	0
16	33534205	.	T	C	116	61	177	12	7	196	0	0
16	33534209	.	T	A	112	64	176	12	4	192	0	0
16	33534212	.	C	T	112	64	176	12	6	194	0	0
16	33534428	.	G	A	20	8	28	4	0	32	0	0
16	33534467	.	C	A	27	6	33	4	4	41	0	0
16	33534478	.	G	A	24	13	37	5	3	45	0	0
16	33534559	.	T	A	18	26	44	12	2	59	0	1
16	33534561	.	G	A	34	9	43	12	2	58	0	1
16	33534747	.	T	C	67	14	81	5	1	87	0	0
16	33534793	.	C	T	59	19	78	7	2	87	0	0
16	33534840	.	C	T	54	20	74	7	1	82	0	0
16	33534868	.	T	C	44	17	61	5	2	68	0	0
16	33534873	.	T	G	44	18	62	5	0	67	0	0
16	33535022	.	T	C	15	17	32	3	0	35	0	0
16	33535036	.	A	T	12	18	30	3	0	33	0	0
16	33537261	.	G	A	41	23	64	0	0	64	0	0
16	33537319	.	G	A	29	19	48	0	2	51	0	1
16	33539475	.	G	T	38	19	57	5	0	63	0	1
16	33539512	.	C	T	43	42	85	9	0	94	0	0
16	33539541	.	A	C	61	55	116	21	1	138	0	0
16	33539588	.	T	G	67	42	109	14	3	129	3	0
16	33539722	.	T	C	45	5	50	9	0	59	0	0
16	33539737	.	C	G	45	5	50	10	0	60	0	0
16	33543888	.	G	A	14	20	34	8	0	42	0	0
16	33543969	.	G	C	28	51	79	12	5	96	0	0
16	33543971	.	A	C	29	54	83	12	3	98	0	0
16	33543985	.	T	C	32	68	100	11	3	114	0	0
16	33544017	.	A	G	31	101	132	20	4	157	1	0
16	33544045	.	G	A	98	73	171	26	3	200	0	0
16	33544150	.	T	A	71	330	401	21	6	428	0	0
16	33544184	.	T	C	77	320	397	45	11	456	3	0
16	33544214	.	T	A	82	329	411	40	10	462	0	1
16	33544216	.	T	A	82	331	413	39	16	469	0	1
16	33544231	.	G	A	360	137	497	39	13	551	0	2
16	33544474	.	G	A	210	131	341	30	3	375	0	1
16	33544518	.	G	A	183	71	254	48	5	308	0	1
16	33544587	.	C	A	45	42	87	28	0	139	24	0
16	33544634	.	A	G	36	21	57	15	0	72	0	0
16	33544635	.	A	G	34	20	54	15	1	70	0	0
16	33544642	.	C	G	39	14	53	15	0	68	0	0
16	33544658	.	G	T	30	13	43	13	0	56	0	0
16	33544664	.	A	G	28	9	37	13	0	50	0	0
16	33544682	.	G	A	22	7	29	13	0	42	0	0
16	33544870	.	T	C	7	13	20	2	1	23	0	0
16	33545700	.	G	A	15	6	21	8	0	30	0	1
16	33545710	.	G	C	10	12	22	9	0	32	0	1
16	33545735	.	T	C	12	9	21	7	2	30	0	0
16	33545763	.	G	A	17	3	20	6	1	27	0	0
16	33545816	.	C	T	21	8	29	7	4	40	0	0
16	33545844	.	G	C	28	19	47	13	1	61	0	0
16	33545846	.	A	C	27	20	47	14	0	61	0	0
16	33545892	.	A	G	31	31	62	25	1	88	0	0
16	33545920	.	G	A	48	14	62	26	3	91	0	0
16	33545940	.	T	C	41	23	64	22	2	88	0	0
16	33546598	.	G	A	16	4	20	12	0	32	0	0
16	33546610	.	A	C	15	6	21	11	0	32	0	0
16	33547594	.	C	G	8	20	28	0	2	30	0	0
16	33547659	.	T	C	16	20	36	5	5	53	7	0
16	33547677	.	C	G	38	8	46	10	4	60	0	0
16	33547686	.	T	G	13	43	56	11	5	72	0	0
16	33547703	.	A	G	28	42	70	11	5	86	0	0
16	33547713	.	G	T	14	60	74	12	2	88	0	0
16	33547749	.	G	A	102	33	135	10	6	151	0	0
16	33547840	.	A	C	46	110	156	15	5	177	0	1
16	33547844	.	T	C	49	105	154	14	4	173	0	1
16	33547846	.	A	G	61	89	150	13	6	170	0	1
16	33547853	.	T	C	49	104	153	13	10	176	0	0
16	33547860	.	C	G	120	40	160	11	8	179	0	0
16	33547882	.	A	G	67	73	140	8	6	154	0	0
16	33547905	.	T	A	67	63	130	4	7	141	0	0
16	33547962	.	T	C	90	115	205	4	10	219	0	0
16	33547966	.	G	A	100	119	219	4	6	229	0	0
16	33548013	.	T	G	111	109	220	5	4	229	0	0
16	33548025	.	A	C	118	91	209	6	5	220	0	0
16	33548084	.	A	G	120	33	153	14	6	173	0	0
16	33709804	.	G	A	18	10	28	1	1	30	0	0
16	33710769	.	T	C	35	26	61	0	5	66	0	0
16	33718311	.	A	G	106	28	134	16	9	159	0	0
16	33752267	.	G	A	11	10	21	8	0	29	0	0
16	33783551	.	T	G	11	27	38	46	0	84	0	0
16	33941339	.	G	A	24	5	29	0	0	30	1	0
16	33941402	.	T	C	38	7	45	0	0	45	0	0
16	33941448	.	A	G	30	8	38	0	0	38	0	0
16	33941680	.	T	A	26	11	37	1	0	38	0	0
16	34233030	.	G	A	77	8	85	33	3	121	0	0
16	34233045	.	A	G	75	12	87	32	6	125	0	0
16	34233089	.	A	G	68	10	78	27	2	107	0	0
16	34233114	.	T	G	63	8	71	19	4	94	0	0
16	34274796	.	T	C	10	17	27	0	1	28	0	0
16	34320873	.	T	C	21	21	42	0	0	42	0	0
16	34321463	.	C	A	31	17	48	0	1	49	0	0
16	34404108	.	C	G	54	58	112	0	9	121	0	0
16	46386165	.	G	A	59	18	77	4	3	85	0	1
16	46386589	.	C	A	65	15	80	6	0	87	0	1
16	46386658	.	A	G	83	24	107	7	4	119	0	1
16	46386802	.	G	C	93	26	119	4	3	126	0	0
16	46387220	.	T	A	34	28	62	30	1	95	0	2
16	46387232	.	G	C	53	15	68	38	1	110	1	2
16	46387314	.	A	T	72	17	89	72	0	163	0	2
16	46388051	.	G	C	11	9	20	81	1	104	0	2
16	46388152	.	G	A	11	22	33	46	0	81	0	2
16	46388407	.	C	T	67	117	184	26	6	233	0	17
16	46388499	.	T	A	109	26	135	29	4	171	0	3
16	46388530	.	C	T	90	20	110	20	0	132	0	2
16	46388607	.	C	G	57	8	65	15	2	87	0	5
16	46389194	.	T	C	68	14	82	23	2	109	0	2
16	46389677	.	A	G	110	106	216	134	6	365	2	7
16	46390534	.	C	G	5	18	23	67	0	92	0	2
16	46390658	.	A	T	24	8	32	7	1	41	0	1
16	46390977	.	T	C	65	26	91	59	3	154	0	1
16	46391255	.	A	G	153	94	247	134	9	394	1	3
16	46391304	.	C	A	236	70	306	122	4	436	1	3
16	46391482	.	T	G	335	128	463	95	9	591	2	22
16	46391489	.	A	G	338	118	456	92	11	584	0	25
16	46391511	.	G	C	330	105	435	85	8	553	2	23
16	46392238	.	T	A	95	107	202	138	10	352	0	2
16	46392418	.	A	G	23	16	39	16	1	57	0	1
16	46392419	.	A	G	28	12	40	20	1	62	0	1
16	46392431	.	T	A	21	24	45	45	1	92	0	1
16	46392749	.	G	A	39	7	46	21	0	67	0	0
16	46393026	.	G	T	76	56	132	64	4	206	1	5
16	46393027	.	C	T	109	23	132	66	5	208	0	5
16	46393052	.	G	T	41	70	111	73	1	190	1	4
16	46393218	.	A	T	31	66	97	35	2	138	1	3
16	46393227	.	A	G	73	12	85	24	1	113	1	2
16	46393228	.	G	A	56	32	88	26	1	117	0	2
16	46393236	.	A	C	95	22	117	32	5	155	0	1
16	46393490	.	T	A	30	26	56	184	0	245	0	5
16	46394220	.	A	C	67	27	94	68	1	171	5	3
16	46394221	.	A	C	66	25	91	70	5	173	4	3
16	46394299	.	T	C	26	21	47	47	2	116	19	1
16	46394369	.	G	C	70	16	86	14	1	104	0	3
16	46394370	.	A	T	70	15	85	14	1	103	0	3
16	46394410	.	C	T	76	33	109	12	1	130	0	8
16	46394424	.	T	A	68	40	108	10	0	134	6	10
16	46394533	.	C	G	70	41	111	86	2	204	0	5
16	46394622	.	A	T	93	60	153	132	2	290	0	3
16	46394984	.	C	A	108	35	143	63	2	222	1	13
16	46395013	.	T	C	105	28	133	46	1	190	0	10
16	46395064	.	A	G	42	18	60	32	5	97	0	0
16	46395083	.	A	T	11	40	51	26	1	79	1	0
16	46395555	.	C	A	14	10	24	22	0	46	0	0
16	46395608	.	A	G	24	14	38	43	0	81	0	0
16	46395795	.	C	T	31	14	45	109	1	155	0	0
16	46396540	.	T	C	21	8	29	33	0	63	0	1
16	46396686	.	T	A	42	14	56	53	1	110	0	0
16	46396712	.	T	A	63	19	82	69	2	153	0	0
16	46396748	.	G	C	65	19	84	70	2	158	0	2
16	46396781	.	C	T	38	42	80	68	2	155	0	5
16	46396809	.	A	G	35	15	50	47	2	104	0	5
16	46396862	.	T	C	12	11	23	24	3	51	0	1
16	46397559	.	T	A	9	12	21	55	0	79	1	2
16	46397659	.	A	G	16	17	33	66	1	101	0	1
16	46398245	.	T	A	32	31	63	194	1	262	0	4
16	46398456	.	A	C	19	12	31	53	2	86	0	0
16	46399704	.	G	C	21	47	68	150	4	228	0	6
16	46399768	.	C	T	29	21	50	101	2	157	0	4
16	46400108	.	C	G	113	86	199	58	5	267	2	3
16	46400169	.	T	C	12	19	31	55	1	88	1	0
16	46400232	.	T	G	26	30	56	23	1	80	0	0
16	46400248	.	A	G	13	42	55	14	1	70	0	0
16	46401234	.	C	T	16	13	29	27	2	59	0	1
16	46401350	.	T	A	27	11	38	48	2	88	0	0
16	46402494	.	T	A	36	28	64	63	0	128	0	1
16	46402520	.	T	A	45	27	72	62	0	134	0	0
16	46402521	.	T	A	39	33	72	61	1	134	0	0
16	46402571	.	A	G	35	13	48	37	1	87	0	1
16	46402578	.	T	C	27	13	40	35	1	76	0	0
16	46402582	.	G	C	23	12	35	32	0	68	1	0
16	46402860	.	T	C	25	12	37	82	0	120	0	1
16	46402985	.	T	C	18	35	53	57	0	113	0	3
16	46403430	.	G	C	25	44	69	46	1	121	0	5
16	46403723	.	C	T	273	173	446	58	10	528	5	9
16	46404351	.	T	A	59	30	89	182	3	278	1	3
16	46404562	.	A	C	137	76	213	113	7	344	8	3
16	46404645	.	A	C	69	71	140	125	8	277	0	4
16	46405022	.	T	C	49	85	134	82	5	221	0	0
16	46405156	.	A	C	122	178	300	99	4	419	0	16
16	46405191	.	T	C	39	152	191	109	4	313	0	9
16	46405410	.	T	A	64	76	140	228	4	372	0	0
16	46405703	.	C	G	60	11	71	47	2	123	0	3
16	46405810	.	G	C	26	71	97	130	2	233	0	4
16	46405874	.	C	T	118	65	183	183	8	380	0	6
16	46406219	.	C	G	37	17	54	117	1	176	0	4
16	46406281	.	T	C	56	77	133	193	2	341	2	11
16	46406344	.	T	G	37	101	138	224	7	388	10	9
16	46406598	.	C	T	82	45	127	97	1	232	0	7
16	46406859	.	T	A	49	181	230	122	16	376	0	8
16	46407745	.	A	T	74	101	175	121	2	309	0	11
16	46407937	.	G	T	29	76	105	64	1	175	0	5
16	46408060	.	C	T	18	45	63	43	1	117	1	9
16	46408072	.	A	G	20	40	60	39	1	108	0	8
16	46408583	.	T	A	28	28	56	115	1	176	0	4
16	46408609	.	T	A	27	15	42	68	4	114	0	0
16	46408610	.	T	A	27	19	46	69	3	118	0	0
16	46408706	.	A	G	46	79	125	71	1	202	0	5
16	46411494	.	T	C	13	7	20	15	0	36	1	0
16	46413475	.	G	A	2	18	20	39	0	59	0	0
16	46416863	.	T	C	36	9	45	10	0	56	0	1
16	46416878	.	A	C	38	12	50	8	0	59	0	1
16	46416890	.	A	T	15	39	54	10	1	66	0	1
16	46416975	.	C	G	20	31	51	19	1	73	0	2
16	46417069	.	C	A	83	15	98	12	1	129	0	18
16	46417115	.	C	T	50	69	119	4	0	153	0	30
16	46417184	.	G	A	65	28	93	21	0	136	0	22
16	46417186	.	A	G	67	27	94	18	0	134	0	22
16	46417233	.	T	C	20	45	65	20	1	125	0	39
16	46417280	.	G	T	43	70	113	2	0	159	0	44
16	46417296	.	G	T	66	40	106	16	0	160	0	38
16	46417362	.	T	A	42	14	56	42	3	113	0	12
16	46417390	.	A	G	26	14	40	40	2	84	0	2
16	46417433	.	A	T	20	19	39	36	2	80	0	3
16	46417450	.	T	C	21	13	34	41	1	79	0	3
16	46417456	.	A	T	21	12	33	42	1	79	0	3
16	46417478	.	G	A	18	6	24	35	2	62	0	1
16	46417665	.	G	A	7	15	22	26	1	65	0	16
16	46419750	.	T	A	6	20	26	14	1	41	0	0
16	46419894	.	G	A	5	29	34	4	0	38	0	0
16	46420057	.	G	C	21	6	27	8	0	35	0	0
16	46420964	.	T	C	15	27	42	78	1	124	0	3
16	46420999	.	C	G	11	17	28	54	1	85	0	2
16	46421633	.	G	A	4	17	21	29	0	51	0	1
16	46421756	.	C	A	23	50	73	52	2	134	0	7
16	46423811	.	C	T	8	31	39	103	0	143	0	1
16	46424702	.	C	G	12	19	31	82	0	115	1	1
16	46424743	.	A	G	25	15	40	103	0	144	0	1
16	46424779	.	C	G	22	12	34	80	0	117	3	0
16	46425510	.	A	T	18	10	28	8	1	37	0	0
16	46425733	.	A	C	23	8	31	2	1	35	0	1
16	46425762	.	T	C	29	7	36	2	1	40	0	1
16	46426296	.	C	G	8	26	34	8	0	46	0	4
16	46426986	.	G	A	20	32	52	37	2	121	0	30
16	46427047	.	C	T	40	36	76	36	0	162	0	50
16	46427090	.	T	A	48	31	79	34	0	160	0	47
16	46427112	.	A	G	38	41	79	20	1	145	2	43
16	46427117	.	C	G	46	33	79	22	1	144	0	42
16	46427145	.	G	A	45	18	63	30	1	118	0	24
16	46427467	.	A	G	60	14	74	1	12	91	0	4
16	46427533	.	T	C	36	40	76	0	3	80	0	1
16	46427753	.	T	C	9	29	38	4	1	52	0	9
16	46428406	.	A	G	1	23	24	59	0	86	0	3
16	46429325	.	A	G	33	8	41	5	0	46	0	0
16	46432638	.	A	G	17	27	44	39	1	86	0	2
16	46432639	.	A	C	16	32	48	43	0	94	0	3
16	46432776	.	A	G	121	73	194	113	6	324	0	11
16	46433023	.	C	G	12	8	20	24	1	47	0	2
16	46433043	.	A	C	16	7	23	16	1	41	0	1
16	46434425	.	G	A	14	6	20	27	0	48	0	1
16	46491038	.	A	T	15	5	20	6	1	27	0	0
16	46491079	.	T	C	31	9	40	13	0	53	0	0
16	46491116	.	A	C	23	15	38	19	2	59	0	0
16	46491172	.	A	C	11	19	30	26	2	58	0	0
16	46491201	.	A	C	12	28	40	26	4	70	0	0
16	46491295	.	C	T	26	22	48	37	3	88	0	0
16	46491296	.	G	T	33	14	47	38	3	88	0	0
16	46491299	.	A	G	31	14	45	35	5	85	0	0
16	46491321	.	C	T	28	15	43	33	1	79	2	0
16	46491390	.	A	T	20	15	35	21	0	56	0	0
16	46491414	.	G	A	5	24	29	16	0	45	0	0
16	46491484	.	A	G	19	7	26	14	0	40	0	0
16	46602819	.	C	T	20	23	43	0	5	48	0	0
16	46697098	.	A	G	14	17	31	0	0	31	0	0
16	46723598	.	T	C	28	37	65	0	2	68	1	0
16	46725231	.	T	C	60	48	108	0	4	112	0	0
16	46773999	.	C	A	29	26	55	0	5	60	0	0
16	47116184	.	T	G	16	12	28	0	2	30	0	0
16	47163315	.	A	G	15	17	32	0	1	33	0	0
16	47192757	.	A	G	23	18	41	0	0	41	0	0
16	47271876	.	T	C	39	36	75	0	0	75	0	0
16	47345091	.	G	A	25	23	48	0	0	48	0	0
16	47409947	.	C	T	20	18	38	0	1	39	0	0
16	47486559	.	T	C	11	13	24	0	0	24	0	0
16	47497070	.	C	T	51	36	87	0	1	88	0	0
16	47598882	.	T	C	17	10	27	0	4	32	0	1
16	47600476	.	T	C	8	13	21	0	0	21	0	0
16	47621573	.	G	C	23	14	37	0	0	37	0	0
16	47695459	.	G	A	13	14	27	0	1	28	0	0
16	47697618	.	A	G	43	46	89	0	3	92	0	0
16	47698716	.	T	A	15	9	24	0	0	24	0	0
16	47794606	.	A	C	10	15	25	0	0	25	0	0
16	47941382	.	T	C	6	14	20	0	1	21	0	0
16	48118042	.	C	T	19	11	30	0	2	32	0	0
16	48120697	.	A	G	28	34	62	0	2	64	0	0
16	48120786	.	G	T	23	17	40	0	1	41	0	0
16	48121912	.	A	G	23	18	41	0	1	42	0	0
16	48122582	.	G	A	46	52	98	0	5	104	0	1
16	48134784	.	A	G	29	29	58	0	2	60	0	0
16	48134856	.	T	A	37	43	80	0	5	85	0	0
16	48138259	.	A	G	23	22	45	0	1	46	0	0
16	48145649	.	G	T	49	54	103	0	8	111	0	0
16	48149467	.	A	G	36	31	67	0	8	75	0	0
16	48155445	.	C	T	23	28	51	0	1	52	0	0
16	48174739	.	G	T	29	21	50	0	4	54	0	0
16	48204262	.	C	A	14	13	27	0	1	28	0	0
16	48226479	.	C	T	27	29	56	0	2	59	0	1
16	48242456	.	A	G	15	16	31	0	1	32	0	0
16	48247523	.	T	G	24	12	36	0	2	38	0	0
16	48248918	.	T	C	17	11	28	0	2	30	0	0
16	48250031	.	T	C	14	9	23	0	0	23	0	0
16	48256484	.	A	G	18	19	37	0	2	39	0	0
16	48256602	.	T	C	31	36	67	0	1	68	0	0
16	48397532	.	T	C	20	11	31	0	0	32	0	1
16	48531080	.	C	T	14	17	31	0	2	33	0	0
16	48531171	.	G	T	7	16	23	0	5	28	0	0
16	48531564	.	C	T	26	27	53	0	2	55	0	0
16	48532560	.	A	G	9	11	20	0	1	21	0	0
16	48575878	.	G	A	25	15	40	0	3	43	0	0
16	48752787	.	A	G	16	13	29	0	2	31	0	0
16	49383500	.	G	A	31	20	51	0	2	53	0	0
16	49412531	.	A	G	28	23	51	0	10	63	0	2
16	49551746	.	C	T	19	12	31	0	0	31	0	0
16	49554880	.	T	C	10	11	21	0	1	22	0	0
16	49671518	.	A	G	51	51	102	0	6	108	0	0
16	49712929	.	A	C	20	8	28	0	0	28	0	0
16	49764948	.	C	T	18	12	30	0	0	30	0	0
16	49856691	.	G	C	13	7	20	0	2	22	0	0
16	50069455	.	G	A	20	12	32	0	1	34	0	1
16	50185475	.	T	C	29	35	64	0	2	67	0	1
16	50264189	.	T	C	11	10	21	0	3	24	0	0
16	50328483	.	G	C	12	9	21	0	3	24	0	0
16	50338723	.	C	T	50	31	81	0	5	86	0	0
16	50339289	.	C	T	21	18	39	0	2	41	0	0
16	50342847	.	C	G	11	9	20	0	1	21	0	0
16	50345778	.	T	C	21	33	54	0	12	66	0	0
16	50348409	.	A	T	13	8	21	0	0	21	0	0
16	50353708	.	C	T	10	19	29	0	0	29	0	0
16	50640789	.	A	G	31	26	57	0	1	58	0	0
16	50642137	.	T	C	38	31	69	0	3	73	0	1
16	50642201	.	G	C	46	43	89	0	0	89	0	0
16	50642320	.	C	T	35	33	68	0	6	75	0	1
16	50659305	.	C	T	16	10	26	0	0	26	0	0
16	50709723	.	G	A	38	37	75	0	4	81	0	2
16	50731096	.	G	A	17	14	31	0	1	32	0	0
16	50733374	.	G	T	52	37	89	0	2	92	0	1
16	50744624	.	C	T	32	42	74	0	5	79	0	0
16	50744877	.	A	G	29	40	69	0	4	73	0	0
16	50745199	.	C	T	27	20	47	0	2	49	0	0
16	50766127	.	A	C	16	8	24	0	1	25	0	0
16	50827289	.	A	G	13	10	23	0	2	25	0	0
16	51098427	.	G	C	43	37	80	0	1	82	0	1
16	51184958	.	T	C	9	19	28	0	3	31	0	0
16	51312541	.	A	G	21	20	41	0	1	42	0	0
16	51679814	.	G	T	14	10	24	3	2	29	0	0
16	51680402	.	G	A	28	15	43	4	4	51	0	0
16	52497872	.	C	T	65	49	114	0	2	117	0	1
16	52968913	.	A	G	50	35	85	0	5	90	0	0
16	52969512	.	C	G	12	23	35	0	2	37	0	0
16	53262964	.	C	T	27	33	60	0	0	60	0	0
16	53265166	.	T	A	18	7	25	0	0	25	0	0
16	53321734	.	T	C	24	20	44	0	0	44	0	0
16	53333569	.	G	T	33	25	58	0	4	62	0	0
16	53340080	.	G	A	14	7	21	0	0	21	0	0
16	53360273	.	G	T	20	23	43	0	2	45	0	0
16	53392229	.	G	A	11	13	24	0	1	25	0	0
16	53396356	.	T	C	121	128	249	0	7	256	0	0
16	53398642	.	C	T	31	22	53	0	2	56	0	1
16	53487218	.	C	T	19	11	30	0	0	30	0	0
16	53496598	.	G	A	26	22	48	0	0	48	0	0
16	53499599	.	A	G	10	12	22	0	0	22	0	0
16	53503934	.	G	A	29	47	76	0	7	84	0	1
16	53503943	.	C	G	28	46	74	0	9	84	0	1
16	53504721	.	T	C	29	31	60	0	0	60	0	0
16	53513033	.	C	T	8	14	22	0	1	23	0	0
16	53513055	.	T	C	11	14	25	0	0	25	0	0
16	53515959	.	T	C	9	11	20	0	1	21	0	0
16	53524308	.	G	C	21	17	38	0	0	38	0	0
16	53526551	.	C	T	16	21	37	0	0	37	0	0
16	53634295	.	C	T	43	50	93	0	3	96	0	0
16	53635933	.	A	T	12	12	24	0	1	25	0	0
16	53672355	.	C	T	12	9	21	0	0	21	0	0
16	53699003	.	G	A	10	11	21	0	0	21	0	0
16	53860481	.	G	A	23	18	41	0	1	42	0	0
16	54996637	.	G	A	40	51	91	0	10	102	0	1
16	55005771	.	T	C	31	27	58	0	3	61	0	0
16	55359126	.	A	T	35	32	67	0	3	70	0	0
16	55359141	.	T	C	29	27	56	0	0	56	0	0
16	55361493	.	C	T	56	39	95	0	4	99	0	0
16	55362376	.	G	A	14	8	22	0	3	25	0	0
16	55362377	.	C	T	14	9	23	0	2	25	0	0
16	55362378	.	T	G	14	9	23	0	2	25	0	0
16	55362442	.	T	C	10	23	33	0	2	35	0	0
16	55362502	.	G	A	36	26	62	0	7	69	0	0
16	55362542	.	C	G	56	38	94	0	4	98	0	0
16	55363238	.	G	A	25	19	44	0	6	51	0	1
16	55363336	.	A	C	17	13	30	0	1	31	0	0
16	55519607	.	C	T	46	44	90	0	3	94	0	1
16	55523469	.	G	A	61	53	114	0	5	119	0	0
16	55527026	.	A	T	26	31	57	0	1	58	0	0
16	55527113	.	G	A	35	35	70	0	4	74	0	0
16	55531169	.	C	T	14	14	28	0	4	32	0	0
16	55539191	.	C	G	39	24	63	0	5	68	0	0
16	55559513	.	G	A	75	54	129	0	4	133	0	0
16	55562466	.	G	A	48	44	92	0	2	94	0	0
16	55568117	.	A	G	14	9	23	0	1	24	0	0
16	55571563	.	G	A	43	42	85	0	1	87	0	1
16	55583448	.	A	T	15	17	32	0	2	34	0	0
16	55584668	.	A	C	20	8	28	0	0	28	0	0
16	55600963	.	G	C	21	20	41	0	1	42	0	0
16	55600965	.	T	A	21	18	39	0	2	41	0	0
16	55608587	.	G	A	48	35	83	0	3	87	0	1
16	55612918	.	T	A	33	21	54	0	1	55	0	0
16	55733245	.	C	G	10	12	22	0	1	23	0	0
16	55733248	.	G	A	14	9	23	0	1	24	0	0
16	55762200	.	G	A	41	42	83	0	2	85	0	0
16	55776485	.	C	A	19	21	40	0	2	42	0	0
16	55776791	.	G	A	30	40	70	0	5	75	0	0
16	55780826	.	G	A	43	61	104	0	7	111	0	0
16	55783511	.	G	A	108	95	203	9	7	221	0	2
16	55794514	.	C	T	65	58	123	1	7	156	0	25
16	55794635	.	G	T	121	80	201	0	10	235	0	24
16	55794814	.	C	T	44	35	79	0	4	83	0	0
16	55798536	.	G	C	17	11	28	3	0	32	0	1
16	55798545	.	C	T	17	10	27	4	0	32	0	1
16	55801112	.	C	T	11	10	21	7	2	30	0	0
16	55801140	.	T	C	18	15	33	7	0	40	0	0
16	55801447	.	G	A	48	46	94	0	5	100	0	1
16	55801582	.	C	A	22	20	42	0	5	47	0	0
16	55804073	.	T	G	10	21	31	52	0	83	0	0
16	55806311	.	G	T	40	41	81	0	2	83	0	0
16	55807142	.	C	T	16	15	31	0	0	31	0	0
16	55807252	.	G	T	35	28	63	11	3	78	0	1
16	55813665	.	T	A	54	45	99	0	2	102	0	1
16	55817357	.	G	A	16	18	34	0	1	35	0	0
16	55817531	.	C	T	45	41	86	0	2	89	1	0
16	55817853	.	C	T	9	12	21	0	1	22	0	0
16	55819676	.	A	C	30	32	62	0	3	65	0	0
16	55844609	.	G	T	39	42	81	0	3	84	0	0
16	55844617	.	G	A	38	44	82	0	5	87	0	0
16	55846689	.	T	C	25	15	40	0	1	41	0	0
16	55846761	.	C	T	41	32	73	0	2	75	0	0
16	55847045	.	A	G	20	24	44	0	1	45	0	0
16	55847051	.	C	T	19	22	41	0	1	42	0	0
16	55850708	.	T	G	18	15	33	0	4	38	0	1
16	55853318	.	G	T	11	17	28	0	0	28	0	0
16	55854412	.	A	T	66	26	92	72	12	176	0	0
16	55854452	.	G	A	62	27	89	17	11	117	0	0
16	55854455	.	A	C	63	30	93	14	3	110	0	0
16	55854514	.	G	A	34	31	65	0	2	67	0	0
16	55857184	.	C	G	27	8	35	6	1	42	0	0
16	55857193	.	T	C	29	8	37	7	5	49	0	0
16	55857396	.	A	C	71	200	271	60	6	338	0	1
16	55857782	.	G	A	69	28	97	32	9	138	0	0
16	55862647	.	A	G	108	66	174	2	8	192	0	8
16	55862691	.	G	A	111	92	203	0	13	224	0	8
16	55862717	.	T	C	135	94	229	1	11	246	0	5
16	55862720	.	T	C	137	92	229	1	12	247	1	4
16	55862762	.	C	G	153	75	228	4	8	240	0	0
16	55862791	.	T	C	165	70	235	6	11	252	0	0
16	55862824	.	C	T	149	80	229	5	13	248	0	1
16	55862836	.	G	A	145	82	227	6	10	244	0	1
16	55862883	.	C	A	124	76	200	2	8	213	0	3
16	55862901	.	T	G	103	59	162	1	5	170	0	2
16	55866900	.	T	C	101	33	134	2	5	141	0	0
16	55867013	.	T	C	65	16	81	2	6	97	0	8
16	55867042	.	A	C	58	25	83	2	4	99	0	10
16	55880480	.	A	C	21	28	49	0	5	54	0	0
16	55880534	.	G	C	20	25	45	0	5	50	0	0
16	55880639	.	C	T	20	37	57	0	4	61	0	0
16	55880825	.	T	G	5	16	21	0	1	22	0	0
16	55890398	.	G	C	49	32	81	0	6	87	0	0
16	55893237	.	G	A	13	13	26	0	4	30	0	0
16	55895249	.	A	G	24	23	47	0	1	48	0	0
16	55900130	.	G	T	17	12	29	0	1	30	0	0
16	55907811	.	C	T	30	16	46	0	2	48	0	0
16	56276094	.	G	C	61	39	100	0	1	102	0	1
16	56362725	.	T	C	34	32	66	0	6	73	0	1
16	56368689	.	C	T	31	30	61	0	9	70	0	0
16	56368886	.	C	T	7	15	22	0	1	23	0	0
16	56377908	.	C	A	7	15	22	0	2	24	0	0
16	56501026	.	G	A	74	84	158	0	1	159	0	0
16	56534976	.	A	G	34	28	62	0	1	63	0	0
16	56598904	.	G	A	33	17	50	0	4	54	0	0
16	56660120	.	G	C	22	15	37	0	2	39	0	0
16	56667165	.	A	G	47	59	106	0	11	117	0	0
16	56667282	.	C	A	80	84	164	0	8	173	0	1
16	56667854	.	A	G	25	34	59	0	1	60	0	0
16	56669903	.	T	C	12	17	29	0	0	29	0	0
16	56669965	.	G	A	12	11	23	0	0	23	0	0
16	56670052	.	G	C	16	10	26	0	1	27	0	0
16	56673143	.	A	G	51	56	107	0	5	113	1	0
16	56673148	.	A	G	53	60	113	0	4	117	0	0
16	56677634	.	C	T	37	39	76	0	4	80	0	0
16	56677663	.	T	C	42	51	93	0	6	99	0	0
16	56686247	.	G	T	10	10	20	0	1	21	0	0
16	56686470	.	C	T	67	46	113	0	1	114	0	0
16	56691834	.	G	C	21	25	46	0	10	57	1	0
16	56700624	.	C	T	14	11	25	0	0	25	0	0
16	56700722	.	G	T	32	40	72	0	1	73	0	0
16	56700907	.	G	A	38	33	71	0	5	76	0	0
16	56701294	.	T	A	68	53	121	0	5	127	0	1
16	56702000	.	T	C	22	24	46	0	10	56	0	0
16	56703772	.	A	C	70	60	130	0	6	149	0	13
16	56703947	.	C	T	23	33	56	0	2	58	0	0
16	56704217	.	T	A	16	11	27	0	0	27	0	0
16	56704683	.	A	G	38	29	67	0	1	68	0	0
16	56721870	.	C	T	20	25	45	0	2	48	1	0
16	56782276	.	G	A	21	19	40	0	2	42	0	0
16	56864618	.	C	T	31	36	67	0	8	76	0	1
16	56866196	.	T	C	97	96	193	1	8	202	0	0
16	56868700	.	A	G	24	23	47	0	0	47	0	0
16	56872824	.	G	A	49	39	88	0	6	94	0	0
16	56899006	.	C	T	14	16	30	0	2	32	0	0
16	56899007	.	G	C	16	15	31	0	1	32	0	0
16	56900931	.	C	T	26	28	54	0	4	58	0	0
16	56912903	.	C	T	24	21	45	0	0	45	0	0
16	56913419	.	C	T	39	30	69	0	5	74	0	0
16	56917953	.	T	C	49	48	97	0	3	100	0	0
16	56920969	.	C	T	23	19	42	0	3	46	0	1
16	56924160	.	C	T	75	64	139	0	5	145	0	1
16	56925894	.	C	T	17	15	32	0	4	36	0	0
16	56926793	.	C	T	16	17	33	0	3	36	0	0
16	56928519	.	C	T	49	47	96	0	2	98	0	0
16	56973049	.	T	C	33	32	65	0	2	67	0	0
16	56973335	.	A	G	31	24	55	0	3	58	0	0
16	56977574	.	C	A	48	46	94	0	1	96	0	1
16	56977898	.	G	A	15	9	24	0	2	26	0	0
16	56994528	.	C	T	24	23	47	0	4	51	0	0
16	56996211	.	G	A	34	20	54	0	3	57	0	0
16	56996288	.	G	A	26	19	45	0	3	48	0	0
16	56997072	.	A	G	19	13	32	0	1	33	0	0
16	57004889	.	G	A	11	19	30	0	3	33	0	0
16	57005271	.	C	T	33	18	51	0	5	57	0	1
16	57005301	.	C	T	20	30	50	0	0	50	0	0
16	57005764	.	C	G	13	12	25	0	1	26	0	0
16	57007446	.	T	G	22	17	39	0	2	41	0	0
16	57007451	.	G	A	17	19	36	0	0	36	0	0
16	57011936	.	C	T	30	29	59	0	2	61	0	0
16	57051154	.	G	T	50	45	95	0	1	96	0	0
16	57057619	.	G	T	17	22	39	0	1	40	0	0
16	57057654	.	A	G	33	25	58	0	4	62	0	0
16	57059280	.	A	T	9	11	20	0	2	22	0	0
16	57059427	.	C	T	19	21	40	0	1	41	0	0
16	57060724	.	G	A	40	48	88	0	4	92	0	0
16	57065121	.	C	A	20	32	52	0	1	53	0	0
16	57065199	.	G	A	43	64	107	0	6	113	0	0
16	57067595	.	A	T	25	24	49	0	3	52	0	0
16	57070165	.	T	C	15	25	40	0	0	40	0	0
16	57071113	.	T	C	41	38	79	0	6	85	0	0
16	57071232	.	C	G	13	14	27	0	13	40	0	0
16	57076018	.	G	C	8	13	21	0	3	24	0	0
16	57079384	.	G	A	12	14	26	0	1	27	0	0
16	57088886	.	G	T	29	21	50	0	4	54	0	0
16	57091950	.	C	A	18	12	30	0	3	33	0	0
16	57091977	.	T	C	22	17	39	0	6	46	1	0
16	57101414	.	G	C	54	46	100	0	6	106	0	0
16	57103854	.	T	C	31	24	55	0	5	60	0	0
16	57113221	.	G	C	45	25	70	0	4	74	0	0
16	57115274	.	T	C	23	28	51	0	7	58	0	0
16	57116287	.	A	G	26	39	65	0	6	71	0	0
16	57116514	.	T	A	10	27	37	0	1	38	0	0
16	57127883	.	C	G	22	13	35	0	4	40	0	1
16	57128099	.	T	C	13	15	28	0	3	31	0	0
16	57140142	.	C	G	20	29	49	0	8	57	0	0
16	57144920	.	T	A	18	14	32	0	3	35	0	0
16	57144921	.	G	C	18	17	35	0	0	35	0	0
16	57155457	.	T	C	18	19	37	0	4	41	0	0
16	57157436	.	C	G	21	15	36	0	1	37	0	0
16	57158156	.	G	A	11	13	24	0	0	25	0	1
16	57170936	.	G	C	31	22	53	0	5	59	0	1
16	57197849	.	A	G	16	29	45	0	1	46	0	0
16	57206637	.	G	A	9	13	22	0	0	22	0	0
16	57206662	.	T	C	13	14	27	0	0	27	0	0
16	57220233	.	G	T	88	115	203	0	13	216	0	0
16	57220375	.	A	C	57	62	119	0	8	127	0	0
16	57247654	.	A	G	29	22	51	0	3	54	0	0
16	57250002	.	C	T	18	6	24	0	22	46	0	0
16	57250647	.	C	G	5	16	21	0	0	21	0	0
16	57261146	.	A	C	17	18	35	0	0	35	0	0
16	57290788	.	C	T	22	20	42	0	6	48	0	0
16	57413568	.	A	G	36	36	72	0	3	75	0	0
16	57417134	.	G	T	37	23	60	0	3	63	0	0
16	57447859	.	G	T	18	14	32	0	0	32	0	0
16	57474971	.	C	T	19	20	39	0	0	39	0	0
16	57484917	.	G	A	31	27	58	0	2	60	0	0
16	57486613	.	C	T	22	13	35	0	1	36	0	0
16	57496931	.	G	C	59	48	107	0	6	113	0	0
16	57503213	.	C	T	66	36	102	0	6	108	0	0
16	57503360	.	C	T	17	24	41	0	3	44	0	0
16	57506915	.	C	T	18	15	33	0	5	38	0	0
16	57507032	.	A	G	10	11	21	0	0	21	0	0
16	57508960	.	T	C	16	12	28	0	2	30	0	0
16	57509184	.	G	A	40	29	69	0	4	74	1	0
16	57509956	.	G	C	23	14	37	0	4	41	0	0
16	57546450	.	A	G	22	27	49	0	4	53	0	0
16	57595999	.	A	G	12	8	20	0	1	21	0	0
16	57608582	.	G	A	18	21	39	0	5	44	0	0
16	57687314	.	T	C	26	23	49	0	4	53	0	0
16	57687714	.	A	C	10	11	21	0	1	23	0	1
16	57689883	.	T	C	16	35	51	0	6	57	0	0
16	57690082	.	A	G	32	17	49	0	3	52	0	0
16	57697236	.	C	T	23	30	53	0	1	54	0	0
16	57697532	.	T	G	42	37	79	0	7	86	0	0
16	57697568	.	C	A	26	23	49	0	5	54	0	0
16	57710093	.	C	G	19	22	41	0	4	45	0	0
16	57713250	.	C	T	22	23	45	0	2	47	0	0
16	57722328	.	C	T	42	41	83	0	2	85	0	0
16	57735900	.	G	C	28	29	57	0	1	58	0	0
16	57741296	.	C	T	13	10	23	0	2	25	0	0
16	57741306	.	A	T	14	13	27	0	0	27	0	0
16	57741346	.	C	T	20	26	46	0	0	46	0	0
16	57741612	.	G	C	14	18	32	0	1	33	0	0
16	57756643	.	C	T	31	30	61	0	2	63	0	0
16	57762401	.	T	C	34	29	63	0	4	67	0	0
16	57784901	.	G	A	24	20	44	0	3	47	0	0
16	57921752	.	A	G	10	13	23	0	2	25	0	0
16	57937659	.	T	G	17	22	39	0	1	40	0	0
16	57946937	.	A	T	30	21	51	0	8	59	0	0
16	57946973	.	A	G	18	9	27	0	3	30	0	0
16	57950178	.	G	C	26	21	47	0	1	48	0	0
16	57950270	.	C	T	10	11	21	0	0	21	0	0
16	57951394	.	T	G	24	19	43	0	3	46	0	0
16	57953314	.	T	C	11	9	20	0	1	21	0	0
16	57954268	.	A	G	17	20	37	0	2	39	0	0
16	57954448	.	A	G	24	17	41	0	3	44	0	0
16	57989317	.	G	T	13	66	79	0	2	81	0	0
16	57991317	.	C	T	18	28	46	0	4	50	0	0
16	57994724	.	C	T	38	41	79	0	2	81	0	0
16	58001086	.	C	T	44	47	91	0	3	94	0	0
16	58019396	.	G	A	26	34	60	0	2	62	0	0
16	58019475	.	A	T	31	25	56	0	8	64	0	0
16	58019578	.	C	A	17	7	24	0	1	25	0	0
16	58021395	.	A	C	18	5	23	0	3	26	0	0
16	58030634	.	C	T	25	22	47	0	8	55	0	0
16	58036347	.	G	A	14	15	29	0	1	30	0	0
16	58051178	.	C	T	35	36	71	0	2	73	0	0
16	58080009	.	C	T	18	28	46	0	3	49	0	0
16	58198139	.	G	C	14	10	24	0	2	26	0	0
16	58296172	.	C	T	17	15	32	0	0	32	0	0
16	58301187	.	C	A	8	12	20	0	0	20	0	0
16	58313566	.	T	G	13	8	21	0	1	22	0	0
16	58313806	.	C	A	32	29	61	0	2	63	0	0
16	58313948	.	G	A	44	31	75	0	4	79	0	0
16	58318604	.	T	C	35	31	66	0	5	71	0	0
16	58320211	.	T	C	17	14	31	0	3	34	0	0
16	58438652	.	A	G	14	15	29	0	1	30	0	0
16	58537897	.	G	A	21	16	37	0	2	40	0	1
16	58538662	.	C	T	21	27	48	0	4	52	0	0
16	58540531	.	A	G	20	16	36	0	3	39	0	0
16	58542901	.	G	A	31	41	72	0	3	75	0	0
16	58545784	.	G	T	30	44	74	0	3	77	0	0
16	58545785	.	C	T	30	45	75	0	3	78	0	0
16	58550484	.	G	A	36	39	75	0	11	86	0	0
16	58552228	.	G	A	25	23	48	0	0	49	0	1
16	58558989	.	C	T	33	31	64	0	1	65	0	0
16	58559414	.	C	T	14	18	32	0	3	35	0	0
16	58566304	.	G	A	19	16	35	0	2	37	0	0
16	58571189	.	T	C	10	13	23	0	2	26	0	1
16	58573571	.	T	A	24	25	49	0	4	53	0	0
16	58573901	.	G	A	45	33	78	0	2	80	0	0
16	58575489	.	G	A	16	29	45	0	2	47	0	0
16	58579158	.	A	C	38	45	83	0	0	83	0	0
16	58579274	.	C	T	74	95	169	0	1	170	0	0
16	58580213	.	T	C	28	23	51	0	0	51	0	0
16	58580530	.	T	C	14	12	26	0	1	27	0	0
16	58585369	.	C	A	13	22	35	0	0	35	0	0
16	58587737	.	C	T	16	31	47	0	1	48	0	0
16	58608436	.	A	G	14	10	24	0	0	24	0	0
16	58614743	.	G	T	13	18	31	0	0	31	0	0
16	58614877	.	G	A	14	12	26	1	1	28	0	0
16	58703966	.	A	G	46	37	83	0	4	87	0	0
16	58709639	.	G	C	15	10	25	0	2	27	0	0
16	58712130	.	C	T	27	38	65	0	4	71	0	2
16	58925346	.	C	T	22	16	38	0	1	39	0	0
16	59200735	.	G	A	10	15	25	0	0	25	0	0
16	59200784	.	A	G	23	15	38	0	1	39	0	0
16	60391172	.	A	G	33	28	61	0	4	65	0	0
16	60393312	.	G	A	60	53	113	0	11	124	0	0
16	60393404	.	T	A	54	54	108	0	2	110	0	0
16	61089434	.	C	A	23	16	39	0	5	44	0	0
16	64982033	.	C	T	39	41	80	0	3	83	0	0
16	64982477	.	T	C	59	31	90	0	4	94	0	0
16	65005395	.	T	C	17	20	37	0	1	38	0	0
16	65022234	.	C	T	39	39	78	0	5	83	0	0
16	65746380	.	C	T	15	10	25	0	1	26	0	0
16	66471447	.	C	A	19	11	30	0	1	31	0	0
16	66511323	.	G	C	9	14	23	0	3	26	0	0
16	66511627	.	A	G	24	8	32	0	2	34	0	0
16	66527099	.	A	G	30	45	75	0	2	77	0	0
16	66584002	.	T	C	21	23	44	0	5	49	0	0
16	66600479	.	G	A	35	38	73	0	2	75	0	0
16	66613691	.	G	A	13	16	29	0	3	32	0	0
16	66621656	.	A	G	9	11	20	0	1	21	0	0
16	66621808	.	G	A	29	25	54	0	1	56	0	1
16	66622031	.	A	T	15	11	26	0	2	28	0	0
16	66759682	.	C	A	21	29	50	0	2	52	0	0
16	66762847	.	T	C	39	32	71	0	1	72	0	0
16	66762860	.	A	G	48	29	77	0	5	82	0	0
16	66776657	.	G	A	13	12	25	0	0	25	0	0
16	66783365	.	C	T	29	34	63	0	2	65	0	0
16	66812797	.	C	T	32	32	64	0	2	66	0	0
16	66847658	.	A	T	47	36	83	0	4	87	0	0
16	66851224	.	T	C	12	11	23	0	2	25	0	0
16	66861836	.	G	A	18	18	36	0	2	38	0	0
16	66885652	.	A	G	27	43	70	0	2	72	0	0
16	66886581	.	A	G	35	29	64	0	3	68	1	0
16	66920452	.	G	A	35	40	75	0	2	77	0	0
16	66921256	.	A	G	35	35	70	0	1	72	0	1
16	66944180	.	C	T	33	22	55	0	4	59	0	0
16	66944482	.	G	A	9	17	26	0	1	27	0	0
16	66947363	.	G	A	23	23	46	0	4	50	0	0
16	66947383	.	C	G	18	28	46	0	2	48	0	0
16	66951783	.	G	A	17	16	33	0	4	37	0	0
16	67035519	.	T	C	23	15	38	0	1	39	0	0
16	67037054	.	A	C	38	52	90	0	2	92	0	0
16	67040335	.	G	A	24	14	38	0	1	39	0	0
16	67134102	.	G	A	34	26	60	0	1	61	0	0
16	67178553	.	A	G	12	12	24	0	0	24	0	0
16	67180171	.	T	C	86	75	161	0	2	163	0	0
16	67181999	.	A	G	24	26	50	0	1	51	0	0
16	67197138	.	C	T	51	53	104	0	4	109	0	1
16	67207933	.	C	T	14	19	33	0	4	37	0	0
16	67213923	.	C	T	57	38	95	0	5	100	0	0
16	67214346	.	C	T	69	62	131	0	15	146	0	0
16	67218761	.	G	A	16	16	32	0	3	35	0	0
16	67219107	.	G	C	24	20	44	0	1	45	0	0
16	67220457	.	A	G	51	48	99	0	5	104	0	0
16	67222676	.	G	A	33	30	63	0	6	70	0	1
16	67231637	.	T	G	50	36	86	0	1	88	0	1
16	67233266	.	A	C	11	10	21	0	3	24	0	0
16	67233697	.	G	A	19	17	36	0	2	38	0	0
16	67234134	.	A	G	17	12	29	0	0	29	0	0
16	67234741	.	A	G	41	43	84	0	2	86	0	0
16	67237343	.	A	G	31	27	58	0	10	68	0	0
16	67241427	.	A	G	37	52	89	0	5	94	0	0
16	67241450	.	G	A	49	62	111	0	7	118	0	0
16	67241754	.	T	C	58	69	127	0	6	133	0	0
16	67241930	.	C	T	21	17	38	0	1	39	0	0
16	67262775	.	C	T	44	39	83	0	1	84	0	0
16	67264629	.	C	T	35	37	72	0	5	77	0	0
16	67265360	.	C	A	44	45	89	0	3	92	0	0
16	67271106	.	T	C	28	23	51	0	4	55	0	0
16	67271858	.	T	C	20	10	30	0	4	34	0	0
16	67272273	.	G	A	30	25	55	0	3	59	0	1
16	67281009	.	A	G	16	14	30	0	2	32	0	0
16	67281039	.	A	G	24	28	52	0	3	55	0	0
16	67289841	.	C	T	24	11	35	0	1	36	0	0
16	67293964	.	G	A	23	12	35	0	1	37	0	1
16	67298163	.	T	G	12	15	27	0	3	30	0	0
16	67304531	.	C	T	18	19	37	0	1	38	0	0
16	67304915	.	A	G	60	50	110	0	12	122	0	0
16	67304990	.	C	T	36	24	60	0	3	64	0	1
16	67305513	.	A	C	15	19	34	0	3	37	0	0
16	67316234	.	C	T	11	35	46	0	2	48	0	0
16	67316266	.	C	T	14	31	45	0	1	46	0	0
16	67316600	.	G	A	33	32	65	0	0	65	0	0
16	67318242	.	A	G	39	29	68	0	10	78	0	0
16	67320223	.	G	A	57	54	111	0	7	118	0	0
16	67321983	.	T	G	19	17	36	0	4	40	0	0
16	67323664	.	T	C	13	12	25	0	0	25	0	0
16	67324827	.	A	G	30	29	59	0	4	63	0	0
16	67328453	.	T	C	48	46	94	0	5	99	0	0
16	67329327	.	C	T	35	32	67	0	5	72	0	0
16	67329937	.	T	C	11	22	33	0	3	36	0	0
16	67338497	.	A	G	48	36	84	0	7	91	0	0
16	67397580	.	G	C	45	50	95	0	1	96	0	0
16	67397657	.	A	G	29	26	55	0	1	56	0	0
16	67399026	.	C	G	13	8	21	0	0	21	0	0
16	67409180	.	G	A	15	27	42	0	2	44	0	0
16	67410583	.	C	T	44	31	75	0	0	75	0	0
16	67410697	.	T	C	49	34	83	0	3	86	0	0
16	67418860	.	G	A	78	66	144	0	4	148	0	0
16	67419025	.	G	T	43	25	68	0	2	70	0	0
16	67423939	.	A	G	28	25	53	0	1	54	0	0
16	67424693	.	T	C	16	28	44	0	2	47	0	1
16	67425198	.	A	G	7	13	20	0	2	22	0	0
16	67429595	.	C	A	9	12	21	0	3	24	0	0
16	67440389	.	T	C	13	15	28	0	3	31	0	0
16	67441762	.	G	A	13	19	32	0	1	34	0	1
16	67469969	.	G	A	50	50	100	0	5	105	0	0
16	67470505	.	G	A	25	34	59	0	0	60	0	1
16	67515199	.	C	T	11	16	27	0	0	27	0	0
16	67679348	.	C	T	24	22	46	0	3	49	0	0
16	67679879	.	G	A	20	26	46	0	3	50	0	1
16	67680956	.	T	A	38	39	77	0	2	79	0	0
16	67691645	.	G	T	30	30	60	0	3	63	0	0
16	67691668	.	A	G	34	33	67	0	4	71	0	0
16	67692486	.	G	A	24	25	49	0	2	51	0	0
16	67699948	.	T	C	28	17	45	0	1	47	0	1
16	67708897	.	A	G	13	7	20	0	1	21	0	0
16	67758778	.	C	T	10	15	25	0	0	25	0	0
16	67839128	.	C	T	5	16	21	0	1	22	0	0
16	67841129	.	T	G	34	23	57	0	2	59	0	0
16	67861134	.	C	G	19	22	41	0	2	43	0	0
16	67863451	.	T	C	29	15	44	0	1	45	0	0
16	67865868	.	G	A	42	34	76	0	10	86	0	0
16	67902326	.	A	T	44	35	79	0	6	85	0	0
16	67911517	.	T	C	32	35	67	0	4	71	0	0
16	67920049	.	G	A	40	27	67	0	5	72	0	0
16	67964361	.	G	A	15	20	35	0	1	36	0	0
16	67969930	.	A	G	48	40	88	0	15	103	0	0
16	67985706	.	C	T	17	12	29	0	1	30	0	0
16	67997920	.	T	C	21	18	39	0	6	45	0	0
16	68013346	.	G	A	10	10	20	0	2	22	0	0
16	68013471	.	T	C	37	36	73	0	3	76	0	0
16	68024995	.	G	A	49	49	98	0	2	100	0	0
16	68026126	.	T	C	28	27	55	0	4	59	0	0
16	68038763	.	T	C	11	12	23	0	0	23	0	0
16	68100461	.	C	T	31	26	57	0	0	57	0	0
16	68592497	.	G	T	38	20	58	0	1	60	0	1
16	68592570	.	A	G	20	6	26	0	1	27	0	0
16	68597572	.	C	T	28	33	61	0	2	63	0	0
16	68598007	.	A	G	48	49	97	0	3	100	0	0
16	68598830	.	A	T	19	25	44	0	1	45	0	0
16	68685264	.	G	A	12	13	25	0	2	27	0	0
16	68718367	.	T	C	17	19	36	0	0	36	0	0
16	68720344	.	C	T	21	25	46	0	8	54	0	0
16	68720470	.	A	G	20	13	33	0	0	33	0	0
16	68721533	.	G	C	25	23	48	0	3	51	0	0
16	68729112	.	A	G	26	28	54	0	0	54	0	0
16	68729785	.	C	A	27	29	56	0	1	57	0	0
16	68835754	.	G	A	23	14	37	0	2	39	0	0
16	68847443	.	G	C	33	39	72	0	1	73	0	0
16	68857441	.	T	C	35	27	62	0	6	68	0	0
16	69191012	.	G	A	22	21	43	0	1	44	0	0
16	69377553	.	A	G	36	25	61	0	3	64	0	0
16	69391570	.	A	T	22	18	40	0	4	44	0	0
16	69395434	.	A	G	8	23	31	0	2	33	0	0
16	69401085	.	G	T	38	27	65	0	3	68	0	0
16	69458779	.	G	A	20	43	63	0	2	66	0	1
16	69499927	.	T	C	36	42	78	0	4	85	2	1
16	69687107	.	T	C	13	13	26	0	2	29	1	0
16	69718693	.	G	A	11	10	21	0	0	21	0	0
16	69718972	.	C	T	14	16	30	0	1	32	0	1
16	69724678	.	A	C	24	21	45	0	1	46	0	0
16	69727079	.	T	C	24	20	44	0	0	44	0	0
16	69730555	.	A	G	24	27	51	0	3	55	0	1
16	69733009	.	G	A	11	13	24	0	0	24	0	0
16	69736851	.	G	A	43	53	96	0	1	98	0	1
16	69737846	.	G	C	30	27	57	0	0	57	0	0
16	69782677	.	T	C	7	18	25	0	0	25	0	0
16	69790475	.	C	T	54	42	96	0	2	98	0	0
16	69790575	.	A	G	57	54	111	0	5	116	0	0
16	69790592	.	G	A	55	55	110	0	3	113	0	0
16	69791694	.	G	A	24	31	55	0	1	56	0	0
16	69832912	.	T	G	18	15	33	0	0	33	0	0
16	69832970	.	G	A	24	17	41	0	1	42	0	0
16	69833086	.	G	A	26	31	57	0	8	65	0	0
16	69833300	.	A	G	15	13	28	0	2	30	0	0
16	69874198	.	C	T	23	21	44	0	4	48	0	0
16	69965280	.	C	T	16	10	26	0	4	30	0	0
16	69967969	.	C	T	54	48	102	0	7	109	0	0
16	69988472	.	C	T	33	38	71	13	3	87	0	0
16	70010589	.	T	C	6	20	26	11	3	40	0	0
16	70010610	.	C	T	9	22	31	10	2	43	0	0
16	70016280	.	T	C	104	82	186	8	5	199	0	0
16	70068397	.	G	C	14	19	33	11	0	44	0	0
16	70070508	.	G	A	62	45	107	11	0	119	0	1
16	70154204	.	T	C	13	17	30	1	1	32	0	0
16	70161013	.	C	T	35	19	54	0	1	55	0	0
16	70161159	.	G	T	53	52	105	36	4	145	0	0
16	70161263	.	T	C	60	62	122	40	5	167	0	0
16	70162532	.	T	A	37	19	56	4	1	61	0	0
16	70163504	.	G	A	12	8	20	1	1	22	0	0
16	70163691	.	C	T	54	36	90	14	2	106	0	0
16	70163825	.	G	C	27	15	42	6	0	48	0	0
16	70164248	.	T	C	63	69	132	2	2	136	0	0
16	70164334	.	A	G	74	67	141	0	5	146	0	0
16	70165355	.	T	G	94	29	123	11	3	137	0	0
16	70165793	.	G	C	110	75	185	7	12	205	1	0
16	70166225	.	C	A	80	81	161	12	4	178	1	0
16	70170004	.	C	A	23	26	49	20	22	91	0	0
16	70170016	.	A	G	24	38	62	28	14	105	0	1
16	70170368	.	T	C	48	15	63	35	0	98	0	0
16	70177577	.	G	A	130	43	173	4	8	185	0	0
16	70177618	.	G	A	103	27	130	0	3	133	0	0
16	70177648	.	G	A	38	61	99	0	3	102	0	0
16	70182249	.	C	T	28	23	51	5	2	59	0	1
16	70182290	.	T	A	54	11	65	7	6	79	0	1
16	70182325	.	T	C	34	67	101	7	2	111	0	1
16	70182375	.	T	C	104	39	143	18	11	172	0	0
16	70182390	.	T	G	117	50	167	18	7	192	0	0
16	70187164	.	G	A	10	36	46	0	4	50	0	0
16	70187270	.	T	G	30	77	107	0	3	110	0	0
16	70187550	.	A	T	37	30	67	0	2	69	0	0
16	70190372	.	T	C	110	32	142	0	3	145	0	0
16	70191029	.	T	G	15	64	79	0	3	82	0	0
16	70191118	.	A	G	55	12	67	0	7	74	0	0
16	70191161	.	C	T	42	35	77	0	4	81	0	0
16	70191237	.	G	A	47	19	66	0	4	70	0	0
16	70191456	.	C	A	74	21	95	0	4	99	0	0
16	70191566	.	A	G	75	137	212	0	5	217	0	0
16	70208416	.	G	C	16	5	21	56	0	77	0	0
16	70211290	.	T	C	48	24	72	37	3	112	0	0
16	70237550	.	G	T	32	32	64	0	3	68	0	1
16	70247912	.	C	T	17	15	32	3	2	37	0	0
16	70253565	.	C	G	19	13	32	0	4	36	0	0
16	70254376	.	C	A	17	18	35	2	3	40	0	0
16	70254743	.	C	T	112	65	177	98	6	283	0	2
16	70256614	.	A	T	27	27	54	0	6	60	0	0
16	70260910	.	G	C	108	95	203	6	8	218	1	0
16	70260980	.	C	T	104	87	191	11	4	206	0	0
16	70265590	.	T	A	23	34	57	3	6	67	0	1
16	70265962	.	A	G	116	42	158	31	5	194	0	0
16	70267860	.	A	C	37	19	56	1	1	58	0	0
16	70268902	.	C	T	110	76	186	5	3	194	0	0
16	70274793	.	C	A	61	28	89	9	1	99	0	0
16	70275064	.	C	T	97	67	164	50	2	218	0	2
16	70275223	.	G	A	71	21	92	17	0	110	0	1
16	70279452	.	A	C	108	50	158	23	4	185	0	0
16	70279617	.	C	T	64	32	96	8	2	106	0	0
16	70279783	.	T	A	15	16	31	0	2	33	0	0
16	70280458	.	A	C	81	94	175	66	9	250	0	0
16	70285010	.	C	T	22	30	52	0	6	58	0	0
16	70286550	.	T	A	33	37	70	0	5	75	0	0
16	70287574	.	A	G	30	40	70	0	5	76	0	1
16	70288732	.	T	C	15	11	26	0	1	27	0	0
16	70298662	.	A	G	11	12	23	0	2	25	0	0
16	70299401	.	G	C	80	70	150	0	7	159	0	2
16	70299420	.	T	C	78	73	151	0	6	158	0	1
16	70302333	.	T	G	14	12	26	0	1	28	0	1
16	70303580	.	G	A	31	38	69	0	3	72	0	0
16	70303659	.	C	T	41	25	66	0	5	71	0	0
16	70305681	.	T	C	21	31	52	0	1	53	0	0
16	70333300	.	G	T	38	41	79	0	0	79	0	0
16	70349818	.	G	A	15	22	37	0	1	38	0	0
16	70351429	.	C	G	55	41	96	0	6	102	0	0
16	70359606	.	T	G	38	27	65	0	3	68	0	0
16	70363405	.	T	C	25	14	39	2	2	44	0	1
16	70363670	.	A	G	29	19	48	1	2	51	0	0
16	70363680	.	T	C	31	23	54	0	1	55	0	0
16	70366664	.	A	T	17	16	33	0	2	35	0	0
16	70400854	.	T	A	26	40	66	0	1	67	0	0
16	70405062	.	C	T	14	8	22	0	1	23	0	0
16	70422263	.	A	G	34	22	56	0	3	59	0	0
16	70429103	.	A	T	22	29	51	0	2	53	0	0
16	70497086	.	T	G	50	28	78	0	7	85	0	0
16	70497105	.	G	A	54	32	86	0	6	92	0	0
16	70500070	.	T	C	35	21	56	0	8	64	0	0
16	70501390	.	A	G	33	24	57	0	2	61	0	2
16	70502847	.	G	A	38	40	78	0	5	83	0	0
16	70504885	.	T	C	79	78	157	0	8	165	0	0
16	70506374	.	C	A	18	25	43	0	1	44	0	0
16	70506907	.	T	C	52	45	97	0	6	103	0	0
16	70507040	.	G	A	24	16	40	0	4	44	0	0
16	70508349	.	G	T	29	13	42	0	2	44	0	0
16	70508545	.	G	A	48	38	86	0	3	90	0	1
16	70509222	.	G	A	18	20	38	0	0	38	0	0
16	70512191	.	C	T	49	29	78	0	3	81	0	0
16	70514828	.	A	C	12	8	20	0	3	23	0	0
16	70515063	.	T	C	41	39	80	0	1	81	0	0
16	70515600	.	T	G	26	21	47	0	10	57	0	0
16	70516478	.	T	C	11	16	27	0	1	28	0	0
16	70531366	.	C	T	15	24	39	0	2	41	0	0
16	70534853	.	G	A	30	44	74	0	2	76	0	0
16	70542160	.	T	G	19	18	37	0	0	38	0	1
16	70542397	.	C	G	55	46	101	0	1	102	0	0
16	70542721	.	C	T	19	21	40	0	2	42	0	0
16	70543111	.	T	C	30	23	53	0	2	55	0	0
16	70543933	.	G	C	10	11	21	0	1	22	0	0
16	70546234	.	G	A	25	25	50	0	1	51	0	0
16	70546396	.	C	T	12	9	21	0	2	23	0	0
16	70548219	.	A	T	30	23	53	0	0	53	0	0
16	70557115	.	G	T	15	19	34	0	1	35	0	0
16	70557258	.	A	G	55	50	105	0	9	115	0	1
16	70563181	.	A	G	25	16	41	0	0	41	0	0
16	70569215	.	A	T	57	43	100	0	2	102	0	0
16	70571897	.	G	A	18	9	27	0	2	29	0	0
16	70571969	.	C	G	16	13	29	0	2	31	0	0
16	70572845	.	A	C	16	13	29	0	2	31	0	0
16	70575833	.	C	T	22	30	52	0	2	54	0	0
16	70575852	.	A	T	29	23	52	0	2	54	0	0
16	70578541	.	G	T	24	16	40	0	1	41	0	0
16	70584390	.	G	A	16	9	25	0	0	25	0	0
16	70584391	.	G	T	16	9	25	0	0	25	0	0
16	70584401	.	G	C	11	17	28	0	0	28	0	0
16	70589150	.	A	T	46	43	89	0	2	91	0	0
16	70597981	.	A	G	17	19	36	0	1	38	1	0
16	70598907	.	C	T	21	15	36	0	1	37	0	0
16	70601254	.	G	A	23	16	39	0	3	42	0	0
16	70601258	.	A	G	17	24	41	0	3	44	0	0
16	70602491	.	A	G	38	41	79	0	2	81	0	0
16	70680744	.	G	C	39	39	78	0	3	81	0	0
16	70690989	.	G	C	38	27	65	0	5	70	0	0
16	70699579	.	C	G	14	13	27	0	1	28	0	0
16	70708016	.	T	A	13	23	36	0	1	37	0	0
16	70714584	.	C	G	36	34	70	0	3	73	0	0
16	70715023	.	G	A	25	25	50	0	2	52	0	0
16	70715078	.	C	T	16	16	32	0	2	34	0	0
16	70726795	.	C	A	29	39	68	0	4	72	0	0
16	70732483	.	G	A	37	43	80	0	5	85	0	0
16	70764677	.	C	A	10	11	21	0	1	22	0	0
16	70789782	.	C	G	13	8	21	0	0	21	0	0
16	70794919	.	T	C	16	10	26	0	7	33	0	0
16	70796569	.	G	T	31	33	64	0	2	66	0	0
16	70805962	.	T	G	17	9	26	0	1	27	0	0
16	70806042	.	C	T	11	13	24	0	1	25	0	0
16	70808404	.	T	A	51	42	93	0	0	93	0	0
16	70814787	.	G	A	47	44	91	0	2	93	0	0
16	70820061	.	G	A	37	36	73	0	3	76	0	0
16	70834756	.	G	A	53	54	107	0	6	113	0	0
16	70844002	.	G	A	24	21	45	0	1	46	0	0
16	70868124	.	G	A	38	37	75	22	2	99	0	0
16	70888912	.	T	C	12	21	33	0	0	33	0	0
16	70894889	.	A	G	34	31	65	0	9	74	0	0
16	70902346	.	G	A	20	6	26	0	0	26	0	0
16	70917785	.	C	T	18	8	26	0	1	27	0	0
16	70923675	.	T	C	11	16	27	14	2	43	0	0
16	70934974	.	T	C	35	7	42	4	3	49	0	0
16	70967441	.	G	A	19	23	42	13	2	57	0	0
16	70972307	.	G	A	12	14	26	1	0	28	0	1
16	70972309	.	G	A	12	15	27	1	1	30	0	1
16	70972595	.	T	C	71	52	123	8	8	139	0	0
16	70972784	.	A	G	24	9	33	2	0	35	0	0
16	70977620	.	C	T	15	15	30	0	2	32	0	0
16	70995845	.	C	T	33	8	41	5	2	48	0	0
16	71101206	.	A	G	40	38	78	0	5	83	0	0
16	71163693	.	A	G	16	16	32	7	1	40	0	0
16	71163744	.	T	G	11	9	20	5	3	28	0	0
16	71212979	.	T	C	22	24	46	0	1	47	0	0
16	71219021	.	C	T	10	11	21	0	0	21	0	0
16	71264399	.	G	C	17	22	39	0	4	43	0	0
16	71264523	.	T	A	55	53	108	0	10	118	0	0
16	71316812	.	A	G	33	30	63	0	1	64	0	0
16	71317567	.	A	G	33	21	54	0	0	54	0	0
16	71319890	.	C	T	6	14	20	0	2	22	0	0
16	71406024	.	C	T	19	10	29	0	0	29	0	0
16	71411446	.	G	T	50	36	86	0	1	87	0	0
16	71411800	.	G	T	14	20	34	0	1	35	0	0
16	71416431	.	T	C	24	19	43	0	1	44	0	0
16	71417498	.	C	T	9	12	21	0	2	23	0	0
16	71417783	.	C	T	29	30	59	0	4	63	0	0
16	71419595	.	A	G	21	27	48	0	3	51	0	0
16	71423487	.	C	T	21	30	51	0	1	52	0	0
16	71423906	.	T	C	11	17	28	0	2	30	0	0
16	71487206	.	T	C	27	21	48	0	2	50	0	0
16	71488175	.	C	T	22	18	40	0	1	41	0	0
16	71509796	.	C	G	22	22	44	0	4	49	0	1
16	71513034	.	C	A	14	9	23	0	0	23	0	0
16	71602665	.	C	T	16	19	35	0	1	36	0	0
16	71606410	.	T	C	20	27	47	0	4	51	0	0
16	71607384	.	T	G	28	17	45	0	1	46	0	0
16	71610276	.	G	A	25	24	49	0	5	54	0	0
16	71678679	.	G	C	29	36	65	0	3	68	0	0
16	71679027	.	G	T	14	12	26	0	2	28	0	0
16	71679057	.	C	T	11	12	23	0	1	24	0	0
16	71680002	.	C	T	16	13	29	0	1	30	0	0
16	71681153	.	G	A	24	25	49	0	1	50	0	0
16	71701248	.	G	A	39	35	74	0	4	78	0	0
16	71701326	.	T	A	29	20	49	0	2	51	0	0
16	71718366	.	C	T	39	32	71	0	2	73	0	0
16	71724369	.	T	C	8	15	23	0	1	24	0	0
16	71732267	.	A	G	33	40	73	0	2	75	0	0
16	71732345	.	G	A	50	61	111	0	1	112	0	0
16	71772795	.	G	A	19	14	33	0	3	37	1	0
16	71784000	.	A	T	13	15	28	0	2	30	0	0
16	71792190	.	G	A	12	24	36	0	0	36	0	0
16	71792696	.	C	A	22	17	39	0	1	40	0	0
16	71801834	.	C	T	15	17	32	0	1	33	0	0
16	71886471	.	G	A	39	40	79	0	4	84	0	1
16	71886530	.	T	A	37	42	79	0	1	81	0	1
16	71887127	.	T	C	37	46	83	0	3	86	0	0
16	71887756	.	C	T	34	35	69	0	0	70	1	0
16	71890550	.	G	A	57	51	108	0	4	112	0	0
16	71928693	.	C	T	20	13	33	0	3	36	0	0
16	71928850	.	T	C	18	20	38	0	3	42	0	1
16	71950293	.	G	A	20	21	41	0	1	43	0	1
16	71950892	.	G	A	23	26	49	0	3	52	0	0
16	71961906	.	A	G	16	12	28	0	1	30	0	1
16	71963924	.	C	T	43	46	89	0	3	92	0	0
16	71963928	.	A	G	48	40	88	0	2	90	0	0
16	71964175	.	T	C	10	10	20	0	1	21	0	0
16	71967783	.	C	T	21	27	48	0	7	55	0	0
16	71967927	.	C	T	30	22	52	0	5	57	0	0
16	71968091	.	A	C	18	11	29	0	0	29	0	0
16	71968147	.	G	C	9	11	20	0	1	21	0	0
16	71971091	.	T	C	10	12	22	0	0	22	0	0
16	71977809	.	A	T	25	19	44	0	1	45	0	0
16	71981374	.	T	G	27	24	51	0	1	52	0	0
16	71983929	.	A	T	62	75	137	0	4	141	0	0
16	71986832	.	A	G	17	12	29	0	0	30	0	1
16	71988106	.	C	T	36	25	61	0	1	62	0	0
16	72027194	.	A	G	30	22	52	0	2	54	0	0
16	72032231	.	T	A	25	15	40	0	0	40	0	0
16	72033580	.	T	A	34	34	68	0	2	72	0	2
16	72038363	.	T	C	15	11	26	0	0	26	0	0
16	72038968	.	C	A	17	12	29	0	0	29	0	0
16	72039207	.	C	T	12	14	26	0	1	27	0	0
16	72042682	.	A	C	38	35	73	0	2	75	0	0
16	72046268	.	C	G	15	10	25	0	1	26	0	0
16	72054984	.	G	T	31	29	60	0	3	63	0	0
16	72056320	.	C	T	33	31	64	0	4	68	0	0
16	72057282	.	A	G	59	66	125	0	10	135	0	0
16	72088418	.	T	A	37	24	61	5	4	70	0	0
16	72088467	.	A	G	60	29	89	25	4	118	0	0
16	72088652	.	C	T	77	34	111	2	6	126	0	7
16	72088675	.	T	C	40	50	90	8	4	105	0	3
16	72089740	.	A	G	7	13	20	0	0	20	0	0
16	72090450	.	C	T	16	26	42	66	9	117	0	0
16	72097225	.	T	C	45	10	55	4	1	60	0	0
16	72097230	.	C	G	47	10	57	1	1	59	0	0
16	72107660	.	G	A	19	20	39	0	4	43	0	0
16	72108818	.	C	T	24	24	48	0	3	51	0	0
16	72110323	.	G	T	25	17	42	7	2	51	0	0
16	72110948	.	C	G	67	38	105	1	4	111	0	1
16	72130125	.	T	C	44	28	72	0	3	75	0	0
16	72130815	.	C	A	11	10	21	0	3	24	0	0
16	72132713	.	C	T	26	29	55	0	2	57	0	0
16	72137227	.	C	A	18	21	39	0	2	41	0	0
16	72137561	.	G	A	28	28	56	0	9	66	0	1
16	72139184	.	C	A	21	24	45	0	1	46	0	0
16	72139667	.	T	G	20	20	40	0	2	42	0	0
16	72141850	.	T	A	19	7	26	0	5	31	0	0
16	72142111	.	T	G	89	95	184	0	9	193	0	0
16	72143414	.	G	A	39	40	79	0	10	89	0	0
16	72156842	.	T	G	30	26	56	0	4	60	0	0
16	72157384	.	T	G	33	42	75	0	5	80	0	0
16	72158920	.	C	A	27	31	58	0	4	62	0	0
16	72162855	.	G	A	38	24	62	0	3	65	0	0
16	72174213	.	C	T	59	39	98	0	4	103	0	1
16	72763370	.	G	A	22	19	41	0	2	43	0	0
16	72818627	.	G	A	21	19	40	0	0	40	0	0
16	72845682	.	G	A	15	20	35	0	2	37	0	0
16	72977209	.	G	T	11	11	22	0	0	22	0	0
16	72981230	.	T	C	18	24	42	0	1	43	0	0
16	72983058	.	C	T	26	29	55	0	2	57	0	0
16	72983127	.	T	G	14	26	40	0	1	41	0	0
16	72983502	.	G	A	11	13	24	0	4	28	0	0
16	72993831	.	A	C	31	25	56	0	9	65	0	0
16	73127120	.	T	C	33	33	66	1	4	71	0	0
16	73161229	.	C	T	30	30	60	0	1	61	0	0
16	73975194	.	A	G	21	26	47	0	2	49	0	0
16	73975451	.	G	A	12	11	23	0	0	23	0	0
16	74114525	.	T	A	11	12	23	0	3	26	0	0
16	74366531	.	A	C	63	30	93	8	4	105	0	0
16	74366631	.	A	T	40	7	47	10	2	60	0	1
16	74394425	.	A	G	54	40	94	10	2	106	0	0
16	74394520	.	C	T	170	39	209	9	5	224	0	1
16	74394671	.	T	C	105	65	170	27	12	209	0	0
16	74394745	.	A	G	110	58	168	43	8	219	0	0
16	74411780	.	G	A	11	23	34	4	2	40	0	0
16	74412137	.	C	T	26	21	47	15	4	66	0	0
16	74415652	.	T	C	152	145	297	111	13	421	0	0
16	74419872	.	C	A	12	13	25	64	8	97	0	0
16	74422768	.	A	T	101	20	121	44	2	168	0	1
16	74422830	.	C	A	69	23	92	45	1	140	0	2
16	74423073	.	C	G	45	10	55	46	2	104	0	1
16	74425358	.	G	A	91	111	202	24	8	234	0	0
16	74425548	.	A	G	229	512	741	0	39	780	0	0
16	74425569	.	C	T	486	271	757	0	34	791	0	0
16	74443733	.	T	G	59	48	107	51	5	163	0	0
16	74444083	.	T	A	40	20	60	16	0	76	0	0
16	74444160	.	G	A	43	27	70	0	6	76	0	0
16	74444758	.	T	C	68	34	102	132	7	242	0	1
16	74444838	.	A	G	91	64	155	154	7	317	0	1
16	74445142	.	C	T	42	15	57	10	5	72	0	0
16	74445817	.	C	A	74	45	119	106	8	234	0	1
16	74447750	.	A	T	29	18	47	2	0	49	0	0
16	74454934	.	C	G	22	51	73	63	3	139	0	0
16	74455302	.	A	G	46	45	91	4	2	97	0	0
16	74485788	.	C	T	17	17	34	0	0	34	0	0
16	74490529	.	G	A	24	18	42	0	0	42	0	0
16	74490556	.	G	A	29	24	53	0	2	55	0	0
16	74491733	.	A	G	44	42	86	0	2	88	0	0
16	74504005	.	T	C	16	11	27	0	0	28	1	0
16	74586255	.	C	A	20	15	35	2	2	39	0	0
16	74660174	.	G	A	20	14	34	0	1	35	0	0
16	74664743	.	T	C	34	36	70	0	1	71	0	0
16	74694692	.	T	C	10	13	23	0	1	24	0	0
16	74709737	.	C	A	12	26	38	0	2	40	0	0
16	74750142	.	C	A	12	14	26	0	0	26	0	0
16	74750229	.	A	C	17	25	42	0	1	43	0	0
16	74750237	.	A	G	16	26	42	0	3	45	0	0
16	74750351	.	A	G	19	19	38	0	1	40	0	1
16	74750396	.	T	C	17	13	30	0	1	33	0	2
16	74750405	.	G	A	13	17	30	0	2	34	0	2
16	74752841	.	C	G	22	15	37	0	2	39	0	0
16	74753079	.	C	T	26	19	45	0	10	55	0	0
16	74877814	.	A	G	13	7	20	0	2	22	0	0
16	74937723	.	C	G	10	14	24	0	0	24	0	0
16	74942865	.	T	C	25	6	31	1	1	33	0	0
16	74942971	.	C	T	13	9	22	0	1	24	0	1
16	74951952	.	C	T	12	14	26	0	0	26	0	0
16	74972220	.	A	C	37	32	69	0	2	71	0	0
16	74985516	.	T	A	26	18	44	0	3	47	0	0
16	74999617	.	A	C	9	11	20	0	0	20	0	0
16	75146711	.	C	G	30	39	69	0	1	70	0	0
16	75150664	.	C	A	21	15	36	0	0	36	0	0
16	75150687	.	C	A	16	12	28	0	0	28	0	0
16	75186727	.	G	A	50	41	91	0	5	97	0	1
16	75200407	.	G	C	22	18	40	0	2	42	0	0
16	75202935	.	T	C	12	15	27	0	0	27	0	0
16	75202998	.	A	C	18	31	49	0	0	49	0	0
16	75204325	.	C	T	14	7	21	0	1	23	0	1
16	75226838	.	T	A	29	28	57	0	4	61	0	0
16	75237925	.	C	A	23	22	45	0	4	49	0	0
16	75238498	.	C	G	12	12	24	0	0	24	0	0
16	75258428	.	G	C	14	12	26	0	1	27	0	0
16	75263974	.	T	C	29	22	51	0	2	53	0	0
16	75267676	.	A	G	17	18	35	0	7	42	0	0
16	75269255	.	G	A	13	19	32	0	5	37	0	0
16	75269267	.	A	G	12	18	30	0	3	33	0	0
16	75270721	.	C	A	17	25	42	0	5	47	0	0
16	75276199	.	C	T	11	18	29	0	0	30	0	1
16	75276295	.	A	G	33	35	68	0	6	74	0	0
16	75300598	.	C	T	22	23	45	0	2	48	1	0
16	75300708	.	C	G	18	13	31	0	0	32	0	1
16	75301605	.	A	G	14	18	32	0	2	34	0	0
16	75327916	.	A	G	23	22	45	0	3	48	0	0
16	75445675	.	G	A	20	14	34	0	2	36	0	0
16	75448273	.	C	T	19	14	33	0	0	33	0	0
16	75448659	.	A	G	35	42	77	0	1	79	1	0
16	75467063	.	C	T	13	10	23	0	2	25	0	0
16	75513607	.	G	A	43	37	80	0	7	87	0	0
16	75563227	.	G	T	20	28	48	0	3	51	0	0
16	75564267	.	G	A	19	15	34	0	2	36	0	0
16	75564634	.	G	T	17	28	45	0	5	50	0	0
16	75574030	.	C	T	23	17	40	1	3	44	0	0
16	75633618	.	G	C	25	14	39	0	1	40	0	0
16	75646576	.	G	T	48	32	80	0	3	84	0	1
16	75652704	.	G	C	16	9	25	0	2	27	0	0
16	75663106	.	G	A	8	13	21	0	0	21	0	0
16	75665005	.	G	A	20	17	37	0	1	39	1	0
16	75667954	.	C	T	22	14	36	0	0	36	0	0
16	75670167	.	A	G	13	8	21	0	2	23	0	0
16	75681603	.	G	A	39	46	85	0	9	94	0	0
16	75690279	.	A	G	22	30	52	0	1	53	0	0
16	75728368	.	A	G	25	24	49	0	1	50	0	0
16	75731047	.	C	G	14	6	20	0	0	20	0	0
16	76350546	.	A	G	24	15	39	0	2	41	0	0
16	76389134	.	G	T	21	32	53	0	0	53	0	0
16	76389498	.	A	T	22	21	43	0	0	43	0	0
16	76389542	.	A	G	14	11	25	0	0	25	0	0
16	76461519	.	C	A	29	29	58	0	1	59	0	0
16	76482910	.	G	A	23	27	50	0	1	51	0	0
16	76483019	.	A	T	12	16	28	0	1	29	0	0
16	76483481	.	A	C	17	10	27	0	0	27	0	0
16	76496025	.	A	G	18	19	37	0	2	39	0	0
16	76501542	.	A	G	18	18	36	0	0	36	0	0
16	76523792	.	A	G	30	12	42	0	0	42	0	0
16	76528634	.	G	T	10	15	25	0	0	25	0	0
16	76529100	.	G	A	14	24	38	0	1	40	0	1
16	76529120	.	G	C	10	18	28	0	0	29	0	1
16	76532583	.	A	G	20	32	52	0	0	52	0	0
16	76572328	.	C	G	25	16	41	0	0	41	0	0
16	76587148	.	A	G	34	28	62	0	3	65	0	0
16	76592633	.	G	A	23	31	54	0	1	55	0	0
16	77233338	.	C	T	60	56	116	0	7	123	0	0
16	77240217	.	G	C	39	40	79	0	2	81	0	0
16	77242513	.	C	T	9	16	25	0	2	27	0	0
16	77242558	.	T	C	15	16	31	0	1	32	0	0
16	77242567	.	T	G	15	16	31	0	1	32	0	0
16	77242583	.	C	G	13	15	28	0	0	28	0	0
16	77244795	.	G	T	9	11	20	0	0	20	0	0
16	77244837	.	T	C	16	15	31	0	0	31	0	0
16	77246218	.	G	A	12	11	23	0	1	24	0	0
16	77317397	.	C	G	27	23	50	0	6	56	0	0
16	77317591	.	T	C	24	18	42	0	0	42	0	0
16	77317700	.	G	T	28	32	60	0	2	62	0	0
16	77317756	.	G	A	19	36	55	0	4	59	0	0
16	77323093	.	A	G	23	26	49	0	1	50	0	0
16	77323186	.	G	A	38	44	82	0	1	84	0	1
16	77389762	.	C	T	25	25	50	0	2	52	0	0
16	77393450	.	A	C	12	11	23	0	1	24	0	0
16	77397899	.	T	C	15	17	32	0	0	32	0	0
16	77398081	.	T	C	38	56	94	0	5	100	0	1
16	77401684	.	T	G	15	16	31	0	0	31	0	0
16	77469968	.	T	C	20	12	32	0	0	32	0	0
16	77469974	.	T	C	9	21	30	0	0	30	0	0
16	77756613	.	G	A	23	15	38	0	10	48	0	0
16	77769647	.	C	T	21	22	43	0	3	46	0	0
16	77769834	.	G	A	46	50	96	0	6	102	0	0
16	77910349	.	C	T	42	24	66	0	2	68	0	0
16	77910418	.	A	G	27	18	45	0	0	45	0	0
16	77918801	.	T	C	9	20	29	0	2	31	0	0
16	77926641	.	T	C	32	28	60	0	1	62	0	1
16	77926807	.	A	G	30	26	56	0	5	61	0	0
16	77926870	.	G	A	17	13	30	0	2	34	0	2
16	78011559	.	C	T	73	58	131	0	2	133	0	0
16	78013588	.	A	G	15	8	23	0	2	25	0	0
16	78064220	.	T	G	14	14	28	0	1	29	0	0
16	78064351	.	C	G	33	29	62	0	1	63	0	0
16	78065972	.	A	G	45	58	103	0	1	104	0	0
16	78066018	.	A	C	38	51	89	0	6	95	0	0
16	78082256	.	C	T	17	6	23	0	2	25	0	0
16	78082453	.	T	C	43	34	77	0	4	81	0	0
16	78082517	.	C	T	39	25	64	0	3	67	0	0
16	78082681	.	G	A	21	8	29	0	3	32	0	0
16	78082746	.	G	A	9	17	26	0	3	29	0	0
16	78082760	.	C	G	8	21	29	0	2	31	0	0
16	78082862	.	C	T	17	30	47	0	3	50	0	0
16	78083005	.	C	T	19	33	52	0	1	53	0	0
16	78083115	.	T	C	16	28	44	0	1	45	0	0
16	78083149	.	A	C	16	25	41	0	3	44	0	0
16	78083477	.	C	G	25	25	50	0	1	51	0	0
16	78083685	.	C	G	18	26	44	0	0	44	0	0
16	78083742	.	C	T	7	22	29	0	0	29	0	0
16	78083784	.	T	C	7	13	20	0	0	20	0	0
16	78148830	.	C	T	30	20	50	0	0	50	0	0
16	78149067	.	A	C	44	47	91	0	1	92	0	0
16	78198236	.	G	A	25	24	49	0	0	49	0	0
16	78389708	.	G	C	17	17	34	0	1	35	0	0
16	78389747	.	C	A	19	22	41	0	0	41	0	0
16	78389752	.	C	T	18	22	40	0	0	40	0	0
16	78389789	.	T	G	13	20	33	0	0	33	0	0
16	78420775	.	G	A	41	33	74	0	0	74	0	0
16	78420983	.	G	A	11	18	29	0	0	29	0	0
16	78458750	.	G	A	42	44	86	0	4	91	0	1
16	78466713	.	C	G	17	11	28	0	0	28	0	0
16	78469169	.	T	C	9	11	20	0	2	22	0	0
16	79242139	.	T	A	16	13	29	0	0	29	0	0
16	79630391	.	G	A	12	20	32	0	4	36	0	0
16	79631915	.	G	C	23	39	62	0	3	65	0	0
16	80574886	.	T	C	16	14	30	0	1	31	0	0
16	80575167	.	C	G	14	10	24	0	1	25	0	0
16	80575178	.	T	C	13	7	20	0	1	21	0	0
16	80581547	.	C	T	17	17	34	0	0	34	0	0
16	80581580	.	A	C	16	25	41	0	2	43	0	0
16	80581631	.	G	A	15	31	46	0	1	47	0	0
16	80581768	.	G	A	14	10	24	0	0	24	0	0
16	80584342	.	A	C	16	7	23	0	0	23	0	0
16	80654633	.	G	A	21	24	45	0	1	46	0	0
16	80666826	.	T	C	21	18	39	0	1	40	0	0
16	80666886	.	T	C	22	30	52	0	2	54	0	0
16	81062157	.	T	C	8	50	58	0	3	61	0	0
16	81150938	.	G	C	16	24	40	0	5	45	0	0
16	81157324	.	G	A	22	24	46	1	3	50	0	0
16	81157422	.	T	A	27	29	56	0	5	61	0	0
16	81161578	.	G	A	23	45	68	0	2	70	0	0
16	81173051	.	C	T	26	33	59	0	0	59	0	0
16	81174785	.	T	C	24	12	36	0	0	36	0	0
16	81174978	.	A	G	32	28	60	0	10	70	0	0
16	81174992	.	G	T	38	23	61	0	8	69	0	0
16	81174999	.	A	G	40	23	63	0	5	68	0	0
16	81181180	.	C	T	9	11	20	0	1	21	0	0
16	81183266	.	A	G	22	24	46	0	1	47	0	0
16	81185326	.	G	A	14	6	20	0	2	22	0	0
16	81185416	.	A	G	39	39	78	0	3	81	0	0
16	81187685	.	G	A	29	29	58	0	0	58	0	0
16	81190294	.	G	A	10	13	23	0	1	24	0	0
16	81190308	.	G	T	13	16	29	0	0	29	0	0
16	81190598	.	T	C	31	40	71	0	4	75	0	0
16	81190601	.	T	C	29	42	71	0	2	73	0	0
16	81190613	.	A	G	26	43	69	0	2	71	0	0
16	81192550	.	C	A	20	23	43	0	3	46	0	0
16	81192672	.	C	T	27	29	56	0	2	59	0	1
16	81194006	.	C	T	12	10	22	0	1	23	0	0
16	81194012	.	C	T	13	10	23	0	2	25	0	0
16	81194335	.	T	C	58	48	106	0	0	108	0	2
16	81198485	.	G	C	10	14	24	0	0	24	0	0
16	81199429	.	G	A	53	46	99	0	6	105	0	0
16	81199538	.	T	C	30	38	68	0	2	70	0	0
16	81199544	.	G	A	27	41	68	0	3	71	0	0
16	81199554	.	C	T	24	33	57	0	1	58	0	0
16	81199555	.	A	G	27	32	59	0	2	61	0	0
16	81199600	.	G	A	27	34	61	0	2	63	0	0
16	81201353	.	C	G	15	10	25	0	0	25	0	0
16	81201361	.	G	A	16	12	28	0	0	28	0	0
16	81201419	.	G	T	30	30	60	0	2	62	0	0
16	81201448	.	G	A	35	27	62	0	9	71	0	0
16	81208265	.	G	A	39	30	69	0	5	75	0	1
16	81208348	.	G	T	44	32	76	0	3	79	0	0
16	81208473	.	G	T	26	23	49	0	1	50	0	0
16	81232743	.	G	C	17	13	30	0	2	32	0	0
16	81241098	.	C	T	23	18	41	0	1	42	0	0
16	81241249	.	T	A	15	9	24	0	0	24	0	0
16	81241269	.	G	A	14	6	20	0	1	21	0	0
16	81242102	.	G	A	15	15	30	0	4	34	0	0
16	81242198	.	G	A	13	10	23	0	1	24	0	0
16	81248745	.	A	G	39	38	77	0	7	84	0	0
16	81249760	.	A	G	35	22	57	0	7	64	0	0
16	81249927	.	C	T	47	45	92	0	5	97	0	0
16	81253637	.	A	G	15	26	41	0	2	43	0	0
16	81253642	.	A	T	16	26	42	0	2	44	0	0
16	81253643	.	G	C	16	26	42	0	2	44	0	0
16	81253745	.	C	G	47	49	96	0	0	96	0	0
16	81254052	.	G	A	26	21	47	0	1	48	0	0
16	81293207	.	A	G	19	12	31	0	3	34	0	0
16	81298352	.	G	A	67	48	115	0	3	119	0	1
16	81301571	.	A	G	17	16	33	0	3	36	0	0
16	81301694	.	A	T	29	15	44	0	3	47	0	0
16	81395918	.	A	G	24	25	49	0	0	49	0	0
16	81411573	.	G	A	21	33	54	0	0	54	0	0
16	81412168	.	G	A	11	17	28	0	1	29	0	0
16	81509818	.	C	T	34	56	90	0	6	97	0	1
16	81509845	.	C	T	32	58	90	0	4	94	0	0
16	81510155	.	G	A	11	18	29	0	2	31	0	0
16	81641416	.	T	C	14	22	36	0	3	39	0	0
16	81641452	.	A	G	15	9	24	0	0	24	0	0
16	81679151	.	A	G	14	18	32	0	2	34	0	0
16	81704014	.	C	G	15	14	29	0	0	29	0	0
16	81704033	.	C	G	16	15	31	0	0	31	0	0
16	81712213	.	C	T	12	9	21	0	0	21	0	0
16	81727239	.	G	A	16	18	34	0	1	35	0	0
16	81733498	.	G	T	19	19	38	0	2	41	1	0
16	81740469	.	C	A	16	15	31	0	0	31	0	0
16	81740829	.	T	C	13	7	20	0	0	20	0	0
16	81743787	.	G	A	8	12	20	0	0	20	0	0
16	81744842	.	C	T	21	18	39	0	2	41	0	0
16	81745554	.	G	A	12	11	23	0	0	23	0	0
16	81816519	.	A	C	19	17	36	0	0	36	0	0
16	81816580	.	C	G	32	32	64	0	0	66	0	2
16	81816733	.	C	T	86	71	157	0	5	162	0	0
16	81819486	.	C	G	24	26	50	0	2	52	0	0
16	81819820	.	G	A	23	30	53	0	1	54	0	0
16	81887903	.	A	G	15	11	26	0	3	29	0	0
16	81887938	.	T	C	19	19	38	0	1	39	0	0
16	81887957	.	A	C	23	25	48	0	2	50	0	0
16	81887977	.	G	C	24	27	51	0	2	53	0	0
16	81888152	.	A	G	34	38	72	0	5	78	0	1
16	81888237	.	G	C	17	29	46	0	2	48	0	0
16	81891998	.	G	C	18	27	45	0	6	51	0	0
16	81892708	.	T	A	20	27	47	0	1	48	0	0
16	81892913	.	C	T	20	19	39	0	3	42	0	0
16	81902600	.	G	C	10	15	25	0	1	26	0	0
16	81902797	.	A	G	55	48	103	0	3	106	0	0
16	81902970	.	G	A	51	35	86	0	2	88	0	0
16	81903055	.	G	A	14	16	30	0	5	35	0	0
16	81904305	.	A	G	56	28	84	0	4	88	0	0
16	81904375	.	C	A	79	47	126	0	0	129	2	1
16	81904674	.	T	C	18	14	32	0	2	34	0	0
16	81904711	.	T	A	15	14	29	0	1	30	0	0
16	81914303	.	C	A	15	16	31	0	1	32	0	0
16	81916638	.	G	A	7	14	21	0	0	21	0	0
16	81939150	.	G	C	31	23	54	0	1	56	0	1
16	81939237	.	C	T	14	13	27	0	1	28	0	0
16	81941319	.	C	T	36	30	66	0	1	67	0	0
16	81941934	.	G	C	28	35	63	0	6	69	0	0
16	81960497	.	A	C	11	10	21	0	0	21	0	0
16	81962071	.	A	C	12	15	27	0	0	27	0	0
16	81969847	.	C	T	38	38	76	0	2	78	0	0
16	81971582	.	A	G	14	14	28	0	3	31	0	0
16	81972268	.	G	A	17	20	37	0	3	40	0	0
16	81972289	.	A	C	20	20	40	0	2	42	0	0
16	81973474	.	C	A	36	44	80	0	4	84	0	0
16	81973788	.	T	C	41	30	71	0	5	76	0	0
16	81979777	.	C	T	60	53	113	0	2	115	0	0
16	81990455	.	C	A	27	20	47	0	4	51	0	0
16	81990517	.	G	T	16	12	28	0	2	30	0	0
16	81991320	.	T	C	16	10	26	0	1	27	0	0
16	81991788	.	T	C	21	17	38	0	2	40	0	0
16	82033638	.	C	T	48	59	107	0	11	118	0	0
16	82034435	.	C	G	30	44	74	0	4	78	0	0
16	82124478	.	T	G	42	35	77	0	0	77	0	0
16	82131623	.	C	G	32	14	46	0	3	49	0	0
16	82182229	.	A	C	38	33	71	0	1	72	0	0
16	82203705	.	A	C	39	20	59	0	1	60	0	0
16	82203711	.	G	T	37	20	57	0	2	59	0	0
16	82203742	.	T	C	39	22	61	0	1	62	0	0
16	82203768	.	G	T	26	22	48	0	6	54	0	0
16	82891896	.	G	A	10	14	24	0	0	25	0	1
16	83065861	.	G	A	33	33	66	0	3	69	0	0
16	83065965	.	T	A	15	10	25	0	0	25	0	0
16	83192172	.	T	C	19	11	30	0	2	32	0	0
16	83214480	.	C	A	12	14	26	0	1	27	0	0
16	83235702	.	A	C	31	35	66	0	4	70	0	0
16	83235817	.	C	T	19	18	37	0	3	40	0	0
16	83434063	.	C	T	24	30	54	0	5	59	0	0
16	83519972	.	G	A	37	35	72	0	2	74	0	0
16	83542061	.	C	T	13	10	23	0	0	23	0	0
16	83704667	.	A	G	18	14	32	0	3	35	0	0
16	83711887	.	C	T	45	37	82	0	6	89	0	1
16	83781604	.	T	C	35	24	59	0	0	59	0	0
16	83781919	.	T	C	29	30	59	0	0	59	0	0
16	83813511	.	G	A	23	18	41	0	2	43	0	0
16	83813514	.	A	G	23	17	40	0	3	44	0	1
16	83828453	.	A	G	10	11	21	0	2	23	0	0
16	83828544	.	C	G	27	23	50	0	2	52	0	0
16	83841560	.	G	T	14	14	28	0	3	31	0	0
16	83842792	.	G	T	25	20	45	0	6	51	0	0
16	83983157	.	G	C	26	17	43	0	1	44	0	0
16	83984756	.	A	C	60	62	122	0	4	126	0	0
16	83984776	.	A	C	61	58	119	0	7	126	0	0
16	83994569	.	G	T	32	17	49	0	1	50	0	0
16	83999000	.	C	G	19	16	35	0	3	38	0	0
16	84027966	.	C	T	31	33	64	0	6	70	0	0
16	84030974	.	C	T	11	11	22	0	0	22	0	0
16	84031881	.	C	T	54	48	102	0	4	106	0	0
16	84034168	.	C	G	14	12	26	0	0	26	0	0
16	84034310	.	C	T	28	19	47	0	6	53	0	0
16	84034439	.	A	G	33	23	56	0	2	58	0	0
16	84034447	.	G	T	31	22	53	0	1	54	0	0
16	84035320	.	G	A	21	20	41	0	0	41	0	0
16	84035334	.	G	A	21	21	42	0	2	45	0	1
16	84035348	.	G	T	23	25	48	0	6	55	0	1
16	84035446	.	C	G	35	24	59	0	1	60	0	0
16	84035531	.	A	G	19	14	33	0	2	35	0	0
16	84035594	.	A	G	14	10	24	0	0	24	0	0
16	84035838	.	G	A	14	32	46	0	4	50	0	0
16	84035844	.	T	C	16	29	45	0	3	49	0	1
16	84035905	.	G	A	27	19	46	0	3	50	0	1
16	84035919	.	T	C	16	22	38	0	4	43	0	1
16	84050209	.	G	A	20	20	40	0	4	44	0	0
16	84050218	.	G	A	21	21	42	0	2	44	0	0
16	84056252	.	A	C	21	26	47	0	0	48	0	1
16	84063034	.	G	A	14	12	26	0	1	27	0	0
16	84065339	.	C	T	13	8	21	0	0	21	0	0
16	84075423	.	T	A	8	13	21	0	0	21	0	0
16	84088026	.	T	C	45	32	77	0	6	83	0	0
16	84088047	.	C	T	36	49	85	0	10	95	0	0
16	84088267	.	G	A	19	24	43	0	0	43	0	0
16	84088268	.	G	C	24	18	42	0	0	42	0	0
16	84088968	.	T	C	18	23	41	0	1	42	0	0
16	84089767	.	C	T	16	24	40	0	3	43	0	0
16	84093062	.	G	A	12	15	27	0	2	29	0	0
16	84100173	.	C	T	19	23	42	0	1	43	0	0
16	84115483	.	G	A	25	28	53	0	9	62	0	0
16	84125270	.	A	G	18	24	42	0	0	42	0	0
16	84126779	.	C	T	27	15	42	0	0	43	0	1
16	84132475	.	C	G	9	20	29	0	4	33	0	0
16	84205726	.	G	A	25	26	51	0	0	51	0	0
16	84213030	.	G	A	20	12	32	0	3	35	0	0
16	84228873	.	C	T	38	37	75	0	11	86	0	0
16	84230083	.	A	G	73	25	98	0	6	104	0	0
16	84255809	.	T	C	27	27	54	0	1	55	0	0
16	84256410	.	C	T	16	23	39	0	7	46	0	0
16	84270381	.	G	A	51	47	98	0	4	103	0	1
16	84270476	.	G	A	65	73	138	0	4	143	0	1
16	84271158	.	C	A	19	19	38	0	0	39	0	1
16	84271193	.	C	T	15	10	25	0	0	26	0	1
16	84328494	.	C	T	24	23	47	0	3	51	0	1
16	84353291	.	C	A	19	30	49	0	3	52	0	0
16	84456705	.	C	T	14	10	24	0	0	24	0	0
16	84459227	.	C	T	27	17	44	0	6	50	0	0
16	84473192	.	A	G	22	26	48	0	0	48	0	0
16	84476018	.	C	A	13	17	30	0	2	32	0	0
16	84476200	.	A	T	13	12	25	0	1	26	0	0
16	84488684	.	G	T	16	12	28	0	5	33	0	0
16	84493032	.	C	T	37	38	75	0	5	80	0	0
16	84494450	.	G	A	29	25	54	0	6	60	0	0
16	84495070	.	A	G	15	16	31	0	1	32	0	0
16	84495167	.	C	G	28	26	54	0	3	57	0	0
16	84495224	.	A	G	48	35	83	0	2	85	0	0
16	84495301	.	C	G	74	81	155	0	13	168	0	0
16	84495770	.	G	A	9	18	27	0	3	30	0	0
16	84495841	.	A	G	11	14	25	0	0	25	0	0
16	84497186	.	C	T	33	25	58	0	11	69	0	0
16	84513299	.	A	C	11	13	24	0	0	24	0	0
16	84513356	.	A	G	24	33	57	0	1	58	0	0
16	84513397	.	A	T	51	25	76	0	5	81	0	0
16	84513463	.	T	G	60	56	116	0	7	123	0	0
16	84514061	.	T	C	13	20	33	0	5	38	0	0
16	84516309	.	G	A	67	61	128	0	6	134	0	0
16	84520223	.	A	T	16	21	37	0	1	38	0	0
16	84520325	.	T	C	15	15	30	0	1	32	0	1
16	84522867	.	C	A	10	12	22	0	1	23	0	0
16	84522897	.	G	C	12	14	26	0	0	26	0	0
16	84600271	.	A	G	27	30	57	0	4	61	0	0
16	84623681	.	T	G	27	26	53	0	2	55	0	0
16	84695126	.	G	A	17	27	44	0	4	48	0	0
16	84695280	.	A	G	36	27	63	0	2	65	0	0
16	84765701	.	G	C	39	34	73	0	0	73	0	0
16	84792861	.	G	A	65	69	134	0	2	136	0	0
16	84793285	.	T	A	22	18	40	0	0	40	0	0
16	84796754	.	A	G	15	17	32	0	3	35	0	0
16	84801751	.	G	A	15	7	22	0	0	22	0	0
16	84808824	.	C	G	28	33	61	0	0	61	0	0
16	84872051	.	G	C	39	30	69	0	3	72	0	0
16	84882787	.	T	C	17	7	24	0	1	25	0	0
16	84882788	.	C	G	17	5	22	0	3	25	0	0
16	84882974	.	C	A	39	29	68	0	16	84	0	0
16	84884116	.	A	G	52	56	108	0	3	111	0	0
16	84888310	.	C	T	28	33	61	0	4	65	0	0
16	84888442	.	A	G	26	30	56	0	2	58	0	0
16	84900304	.	G	A	8	12	20	0	3	23	0	0
16	84900752	.	G	A	12	13	25	0	2	27	0	0
16	84900756	.	G	T	13	10	23	0	3	26	0	0
16	84902549	.	A	G	39	40	79	0	5	84	0	0
16	84906098	.	C	G	43	36	79	0	1	80	0	0
16	84906820	.	T	C	41	39	80	0	10	90	0	0
16	84906909	.	G	C	18	26	44	0	1	45	0	0
16	84907670	.	G	C	38	39	77	0	3	80	0	0
16	84910897	.	G	A	25	9	34	0	2	36	0	0
16	84910912	.	G	C	19	13	32	0	3	35	0	0
16	84911195	.	G	C	30	22	52	0	1	54	0	1
16	84911219	.	G	A	21	21	42	0	2	45	0	1
16	84922737	.	A	C	26	21	47	0	0	47	0	0
16	84954615	.	T	C	20	13	33	0	3	36	0	0
16	85008239	.	G	A	25	27	52	0	2	55	0	1
16	85008645	.	G	A	42	31	73	0	3	76	0	0
16	85009291	.	T	C	18	20	38	0	1	39	0	0
16	85009552	.	T	G	18	32	50	0	9	59	0	0
16	85009764	.	G	A	27	30	57	0	4	61	0	0
16	85106500	.	C	G	33	32	65	0	5	70	0	0
16	85109328	.	A	G	21	23	44	0	2	46	0	0
16	85110903	.	C	G	20	11	31	0	2	33	0	0
16	85120510	.	A	G	12	8	20	0	0	20	0	0
16	85120649	.	G	A	19	14	33	0	4	38	0	1
16	85120723	.	G	A	33	31	64	0	1	65	0	0
16	85133872	.	G	C	13	18	31	0	3	34	0	0
16	85141292	.	T	C	23	11	34	0	1	35	0	0
16	85141303	.	C	G	22	12	34	0	1	35	0	0
16	85317070	.	C	T	24	39	63	0	7	70	0	0
16	85317165	.	C	T	8	16	24	0	3	27	0	0
16	85349267	.	G	A	29	29	58	0	3	61	0	0
16	85349483	.	A	G	17	18	35	0	1	37	1	0
16	85681977	.	C	T	32	18	50	0	5	55	0	0
16	85682471	.	C	T	11	9	20	0	5	25	0	0
16	85699527	.	A	G	28	29	57	0	6	63	0	0
16	85699690	.	G	A	33	35	68	0	2	70	0	0
16	85701586	.	C	T	15	13	28	0	3	31	0	0
16	85705880	.	C	T	20	22	42	0	2	44	0	0
16	85705901	.	G	A	27	21	48	0	1	49	0	0
16	85706047	.	A	C	33	25	58	0	1	59	0	0
16	85709544	.	G	C	25	33	58	0	2	60	0	0
16	85709610	.	G	A	35	39	74	0	6	81	0	1
16	85711769	.	G	A	31	18	49	0	2	51	0	0
16	85715120	.	G	T	40	53	93	0	5	98	0	0
16	85722496	.	A	C	59	40	99	0	10	109	0	0
16	85722560	.	C	G	22	23	45	0	16	61	0	0
16	85722649	.	T	C	15	5	20	0	4	24	0	0
16	85768676	.	T	C	21	22	43	0	1	44	0	0
16	85768697	.	C	A	32	31	63	0	0	63	0	0
16	85768912	.	C	T	60	60	120	0	4	124	0	0
16	85769017	.	C	T	19	32	51	0	3	55	0	1
16	85769034	.	A	C	21	18	39	0	8	48	0	1
16	85813880	.	T	C	24	10	34	0	1	35	0	0
16	85952093	.	C	T	37	46	83	0	10	93	0	0
16	85952503	.	A	G	13	14	27	0	1	28	0	0
16	85954588	.	G	C	28	41	69	0	2	71	0	0
16	85954634	.	C	G	42	51	93	0	6	100	1	0
16	86369138	.	G	C	18	7	25	0	0	25	0	0
16	86369368	.	G	A	24	25	49	0	4	53	0	0
16	86371123	.	G	A	33	54	87	0	7	94	0	0
16	86559053	.	A	G	10	10	20	0	1	21	0	0
16	86559114	.	G	A	14	15	29	0	1	30	0	0
16	86559390	.	G	A	14	7	21	0	2	23	0	0
16	86559441	.	C	T	14	12	26	0	2	28	0	0
16	86559537	.	C	T	16	7	23	0	1	25	0	1
16	86559538	.	G	A	8	16	24	0	1	26	0	1
16	86559642	.	C	A	20	12	32	0	2	34	0	0
16	86559719	.	C	T	24	13	37	0	0	37	0	0
16	86559735	.	T	A	13	18	31	0	1	32	0	0
16	86559740	.	A	G	13	19	32	0	0	32	0	0
16	86559817	.	C	T	12	19	31	0	1	32	0	0
16	86559849	.	T	C	19	7	26	0	0	26	0	0
16	86559861	.	T	A	6	16	22	0	0	22	0	0
16	86574730	.	A	G	15	17	32	0	0	32	0	0
16	86575460	.	C	G	25	24	49	0	3	52	0	0
16	86585775	.	T	G	36	52	88	0	10	98	0	0
16	86603141	.	A	C	81	60	141	0	2	144	0	1
16	86614594	.	C	T	24	23	47	0	3	50	0	0
16	87160481	.	T	G	70	56	126	0	14	140	0	0
16	87301934	.	A	G	15	6	21	0	0	21	0	0
16	87301939	.	G	T	6	15	21	0	0	21	0	0
16	87336539	.	G	C	20	20	40	0	5	45	0	0
16	87336838	.	T	C	8	19	27	0	4	31	0	0
16	87349333	.	A	G	28	45	73	0	5	78	0	0
16	87349489	.	A	G	18	21	39	0	0	39	0	0
16	87350773	.	C	A	77	50	127	0	12	139	0	0
16	87436720	.	G	T	43	40	83	5	4	92	0	0
16	87436808	.	G	C	40	21	61	0	3	64	0	0
16	87445639	.	C	T	18	16	34	0	2	36	0	0
16	87451273	.	G	T	36	27	63	0	4	67	0	0
16	87452403	.	A	G	15	5	20	0	0	20	0	0
16	87500989	.	T	G	43	35	78	0	2	81	0	1
16	87501078	.	T	A	45	49	94	0	0	95	0	1
16	87723838	.	T	C	29	47	76	0	2	78	0	0
16	87738715	.	T	C	15	18	33	0	6	39	0	0
16	87738819	.	C	T	12	11	23	0	0	23	0	0
16	87748198	.	G	C	48	36	84	0	2	86	0	0
16	87754235	.	G	A	42	38	80	0	4	84	0	0
16	87760324	.	T	C	34	13	47	0	2	50	0	1
16	87760445	.	T	C	41	33	74	0	4	78	0	0
16	87760546	.	G	C	31	32	63	0	7	70	0	0
16	87760569	.	T	C	37	28	65	0	5	70	0	0
16	87764267	.	A	T	11	10	21	0	1	22	0	0
16	87782110	.	G	A	25	22	47	0	0	47	0	0
16	87788756	.	A	G	39	31	70	0	4	74	0	0
16	87870312	.	C	T	9	13	22	0	4	26	0	0
16	87871340	.	C	T	38	25	63	0	7	70	0	0
16	87871366	.	G	C	32	44	76	0	5	81	0	0
16	87871582	.	G	A	43	32	75	0	19	94	0	0
16	87873220	.	G	A	32	30	62	0	8	70	0	0
16	87873247	.	A	C	33	37	70	0	5	75	0	0
16	87874182	.	T	C	17	14	31	0	3	34	0	0
16	87885605	.	T	C	15	21	36	0	1	37	0	0
16	87902642	.	G	A	89	70	159	13	15	188	0	1
16	87921399	.	A	C	12	9	21	0	0	21	0	0
16	87921607	.	C	T	52	48	100	0	3	104	0	1
16	87925260	.	T	C	9	16	25	0	0	25	0	0
16	87926696	.	G	C	20	11	31	0	0	31	0	0
16	87936161	.	A	G	20	16	36	8	2	46	0	0
16	87938699	.	C	A	27	69	96	15	11	122	0	0
16	87938700	.	C	G	77	24	101	14	2	117	0	0
16	87938710	.	C	T	68	24	92	9	7	108	0	0
16	87938857	.	C	T	12	16	28	0	1	29	0	0
16	87969851	.	G	A	18	22	40	0	12	52	0	0
16	87969919	.	G	T	31	40	71	0	4	75	0	0
16	87969922	.	A	T	42	28	70	0	4	74	0	0
16	87970254	.	T	A	16	6	22	0	1	23	0	0
16	87978514	.	C	T	8	15	23	0	1	24	0	0
16	88008313	.	T	G	10	11	21	0	1	22	0	0
16	88008423	.	C	T	22	27	49	0	3	52	0	0
16	88014554	.	G	A	56	38	94	0	3	97	0	0
16	88017519	.	C	G	18	26	44	0	2	46	0	0
16	88038156	.	G	A	14	8	22	0	3	25	0	0
16	88051971	.	G	A	13	15	28	0	0	28	0	0
16	88052161	.	C	A	19	19	38	0	1	39	0	0
16	88052437	.	A	C	15	9	24	0	1	25	0	0
16	88052440	.	T	G	14	9	23	0	1	24	0	0
16	88066655	.	A	G	37	39	76	1	9	86	0	0
16	88066659	.	C	A	39	42	81	1	7	89	0	0
16	88104978	.	G	T	18	16	34	0	0	35	0	1
16	88123783	.	G	A	59	53	112	0	9	121	0	0
16	88495021	.	C	A	30	25	55	0	4	59	0	0
16	88496452	.	G	C	22	12	34	0	1	35	0	0
16	88497400	.	G	A	32	23	55	0	4	59	0	0
16	88498284	.	A	G	53	46	99	0	5	104	0	0
16	88499143	.	C	T	34	26	60	0	3	63	0	0
16	88500340	.	G	A	32	30	62	0	5	67	0	0
16	88500348	.	G	A	35	37	72	0	1	73	0	0
16	88502482	.	C	T	45	53	98	0	6	104	0	0
16	88502505	.	A	G	45	51	96	0	5	101	0	0
16	88555299	.	C	T	18	13	31	0	2	33	0	0
16	88555301	.	C	A	19	14	33	0	1	34	0	0
16	88620148	.	C	G	34	26	60	0	5	66	0	1
16	88620195	.	T	G	50	51	101	0	1	103	0	1
16	88638160	.	C	G	29	21	50	0	1	52	0	1
16	88644005	.	A	G	11	12	23	0	3	26	0	0
16	88653142	.	T	C	15	20	35	0	6	41	0	0
16	88675177	.	A	G	20	28	48	0	2	50	0	0
16	88675194	.	A	G	24	29	53	0	2	55	0	0
16	88675529	.	C	T	18	20	38	0	2	40	0	0
16	88688547	.	T	C	27	34	61	0	1	62	0	0
16	88688832	.	A	G	19	23	42	0	9	51	0	0
16	88691401	.	G	A	8	12	20	0	1	21	0	0
16	88695332	.	G	C	18	13	31	0	2	33	0	0
16	88697948	.	G	A	16	10	26	0	1	27	0	0
16	88705804	.	T	C	17	10	27	0	0	27	0	0
16	88713236	.	A	G	71	60	131	0	16	149	0	2
16	88713473	.	G	A	32	40	72	0	6	78	0	0
16	88713501	.	A	G	28	34	62	0	12	74	0	0
16	88719522	.	G	A	20	27	47	0	3	50	0	0
16	88767769	.	G	C	48	56	104	0	7	111	0	0
16	88767861	.	C	G	15	16	31	0	4	35	0	0
16	88778082	.	G	C	50	43	93	0	4	97	0	0
16	88778133	.	C	A	37	34	71	0	4	75	0	0
16	88778615	.	G	A	39	43	82	0	5	87	0	0
16	88779739	.	A	G	34	47	81	0	7	88	0	0
16	88780228	.	C	T	45	31	76	0	4	80	0	0
16	88780472	.	T	C	50	35	85	0	4	89	0	0
16	88780518	.	A	G	56	48	104	0	11	115	0	0
16	88780685	.	C	T	48	48	96	0	14	110	0	0
16	88780923	.	C	G	26	29	55	0	7	63	1	0
16	88781040	.	A	G	21	23	44	0	4	48	0	0
16	88781125	.	T	C	16	16	32	0	1	33	0	0
16	88781225	.	T	C	19	12	31	0	1	32	0	0
16	88781419	.	A	G	29	24	53	0	5	58	0	0
16	88782676	.	A	G	51	44	95	0	3	98	0	0
16	88783374	.	A	G	24	35	59	0	13	72	0	0
16	88783521	.	T	C	39	32	71	0	5	76	0	0
16	88783738	.	A	G	13	11	24	0	0	24	0	0
16	88783903	.	A	G	34	22	56	0	4	60	0	0
16	88787388	.	C	T	22	21	43	0	3	46	0	0
16	88787704	.	G	C	42	39	81	0	3	84	0	0
16	88788477	.	A	G	69	48	117	0	6	123	0	0
16	88788934	.	A	G	19	13	32	0	0	32	0	0
16	88788960	.	C	A	12	13	25	0	0	25	0	0
16	88789178	.	G	A	14	10	24	0	1	25	0	0
16	88792047	.	A	G	13	14	27	0	2	29	0	0
16	88792591	.	C	G	18	22	40	0	1	41	0	0
16	88792732	.	C	T	55	38	93	0	10	103	0	0
16	88792933	.	C	T	42	42	84	0	3	88	0	1
16	88793103	.	C	G	21	9	30	0	3	33	0	0
16	88793667	.	T	C	17	13	30	0	2	32	0	0
16	88793794	.	A	C	12	23	35	0	7	42	0	0
16	88793843	.	C	T	39	24	63	0	7	70	0	0
16	88793858	.	C	T	30	39	69	0	6	75	0	0
16	88794403	.	G	A	27	12	39	0	5	44	0	0
16	88798341	.	T	C	34	33	67	0	6	73	0	0
16	88798600	.	C	T	15	13	28	0	1	29	0	0
16	88800295	.	C	T	18	21	39	0	2	41	0	0
16	88800583	.	G	A	10	14	24	0	0	24	0	0
16	88801026	.	G	A	27	22	49	0	3	52	0	0
16	88802540	.	G	C	12	10	22	0	1	23	0	0
16	88803934	.	A	C	9	15	24	0	2	26	0	0
16	88804332	.	A	G	29	15	44	0	5	49	0	0
16	88804618	.	G	A	20	25	45	0	1	46	0	0
16	88804856	.	G	A	17	20	37	0	1	38	0	0
16	88805055	.	G	A	11	11	22	0	2	24	0	0
16	88807878	.	G	A	22	19	41	0	0	41	0	0
16	88808311	.	T	C	9	12	21	2	3	26	0	0
16	88809243	.	A	G	11	11	22	0	3	25	0	0
16	88809368	.	G	T	39	36	75	0	1	76	0	0
16	88809434	.	A	G	54	52	106	0	8	114	0	0
16	88809480	.	A	G	67	53	120	0	6	126	0	0
16	88809686	.	T	C	67	56	123	0	4	127	0	0
16	88809893	.	G	A	49	37	86	0	7	93	0	0
16	88809894	.	G	C	49	39	88	0	5	93	0	0
16	88870967	.	T	C	22	32	54	0	5	59	0	0
16	88872026	.	G	A	26	19	45	0	1	46	0	0
16	88872836	.	T	C	26	25	51	0	2	53	0	0
16	88873638	.	G	A	27	44	71	0	10	81	0	0
16	88873790	.	C	T	24	35	59	0	10	69	0	0
16	88874337	.	C	T	27	31	58	0	2	60	0	0
16	88874729	.	C	G	33	21	54	0	4	58	0	0
16	88875928	.	T	C	22	11	33	0	0	33	0	0
16	88876059	.	A	G	30	30	60	0	1	61	0	0
16	88877004	.	A	G	10	13	23	0	2	25	0	0
16	88893013	.	C	G	15	18	33	0	1	34	0	0
16	88893416	.	A	G	9	12	21	0	4	25	0	0
16	88901553	.	C	T	42	23	65	0	1	66	0	0
16	88901850	.	T	A	30	21	51	0	0	51	0	0
16	88902382	.	G	A	35	26	61	0	5	66	0	0
16	88902391	.	T	C	37	26	63	0	6	69	0	0
16	88902471	.	G	T	34	30	64	0	9	73	0	0
16	88902484	.	T	C	34	33	67	0	11	79	1	0
16	88902518	.	A	G	34	31	65	0	9	74	0	0
16	88902643	.	G	A	29	37	66	0	3	69	0	0
16	88909447	.	G	A	49	45	94	0	5	99	0	0
16	88923477	.	T	C	17	20	37	0	2	39	0	0
16	88925989	.	A	G	25	19	44	0	3	48	1	0
16	88926388	.	C	T	72	16	88	0	3	91	0	0
16	88927221	.	T	C	13	7	20	0	0	20	0	0
16	88927462	.	T	C	11	12	23	0	2	25	0	0
16	88927836	.	T	C	10	12	22	0	2	24	0	0
16	88928152	.	C	T	16	24	40	0	1	41	0	0
16	88929984	.	A	G	14	14	28	0	3	31	0	0
16	88930263	.	G	C	32	21	53	0	6	59	0	0
16	88930377	.	A	G	9	15	24	0	0	24	0	0
16	88941589	.	G	A	17	7	24	0	3	27	0	0
16	88942002	.	G	A	11	18	29	0	3	32	0	0
16	88942961	.	A	T	11	9	20	0	0	20	0	0
16	88945638	.	G	A	90	75	165	0	12	177	0	0
16	88945738	.	C	T	102	96	198	0	16	215	0	1
16	88947688	.	C	T	17	20	37	0	5	42	0	0
16	88952346	.	A	C	31	23	54	0	6	60	0	0
16	88952377	.	C	T	38	29	67	0	8	75	0	0
16	89016494	.	A	C	43	41	84	0	5	90	0	1
16	89016629	.	C	G	149	42	191	20	14	226	0	1
16	89016632	.	C	T	159	40	199	22	9	231	0	1
16	89016635	.	A	G	165	39	204	23	11	239	0	1
16	89016884	.	C	T	130	98	228	38	40	306	0	0
16	89017334	.	C	T	38	49	87	296	8	392	0	1
16	89167066	.	C	G	17	9	26	0	1	27	0	0
16	89167094	.	T	C	23	12	35	0	3	38	0	0
16	89167395	.	C	T	105	92	197	0	16	214	0	1
16	89167404	.	T	C	112	90	202	0	13	216	0	1
16	89167431	.	G	C	104	102	206	0	18	225	0	1
16	89167443	.	T	C	104	90	194	0	24	218	0	0
16	89167458	.	C	A	108	81	189	0	23	212	0	0
16	89168911	.	T	C	33	41	74	0	3	77	0	0
16	89168935	.	G	C	35	47	82	0	2	84	0	0
16	89168981	.	T	C	42	52	94	0	5	99	0	0
16	89169205	.	C	G	17	21	38	0	2	40	0	0
16	89178474	.	T	C	67	11	78	0	4	82	0	0
16	89180883	.	G	A	26	23	49	0	3	52	0	0
16	89180935	.	G	T	20	25	45	0	3	48	0	0
16	89187378	.	G	C	20	16	36	0	3	39	0	0
16	89212200	.	A	G	17	21	38	0	5	43	0	0
16	89219524	.	G	C	26	18	44	0	2	47	0	1
16	89219591	.	T	A	36	26	62	0	3	65	0	0
16	89220688	.	C	T	15	17	32	0	2	34	0	0
16	89226034	.	G	T	21	14	35	0	0	35	0	0
16	89226511	.	T	C	37	36	73	0	3	76	0	0
16	89226799	.	G	A	24	21	45	2	7	54	0	0
16	89234676	.	A	G	22	21	43	0	2	45	0	0
16	89234723	.	A	G	33	33	66	0	3	69	0	0
16	89235045	.	C	A	27	29	56	0	5	61	0	0
16	89263694	.	C	T	73	68	141	0	3	145	0	1
16	89293271	.	A	C	40	45	85	0	4	89	0	0
16	89294595	.	C	T	38	24	62	0	2	64	0	0
16	89337087	.	A	C	11	10	21	0	1	22	0	0
16	89337147	.	A	T	17	14	31	0	0	31	0	0
16	89341168	.	C	G	22	20	42	0	6	48	0	0
16	89345408	.	G	A	28	29	57	0	4	61	0	0
16	89350038	.	G	A	14	12	26	0	1	27	0	0
16	89350178	.	G	A	12	15	27	0	2	29	0	0
16	89352678	.	G	A	12	17	29	0	1	30	0	0
16	89357446	.	C	T	14	33	47	0	2	49	0	0
16	89371407	.	G	A	8	12	20	0	1	21	0	0
16	89371827	.	G	A	10	12	22	0	1	23	0	0
16	89597110	.	G	A	41	37	78	0	7	85	0	0
16	89628621	.	A	G	14	10	24	0	1	25	0	0
16	89628837	.	G	A	9	15	24	0	1	25	0	0
16	89644178	.	C	A	8	15	23	0	1	24	0	0
16	89645306	.	T	A	36	28	64	0	4	68	0	0
16	89645384	.	G	A	25	19	44	0	3	47	0	0
16	89645437	.	G	T	9	15	24	0	5	29	0	0
16	89645447	.	G	A	13	11	24	0	1	25	0	0
16	89649675	.	G	A	13	13	26	0	0	26	0	0
16	89651079	.	C	T	17	17	34	0	6	40	0	0
16	89653032	.	G	A	16	20	36	0	2	38	0	0
16	89656163	.	A	G	25	29	54	0	1	55	0	0
16	89656251	.	T	C	48	47	95	0	5	100	0	0
16	89662990	.	T	C	45	32	77	0	13	90	0	0
16	89663072	.	G	A	52	37	89	0	5	94	0	0
16	89715664	.	C	T	35	25	60	0	5	65	0	0
16	89720409	.	T	A	27	22	49	0	1	50	0	0
16	89724572	.	T	C	29	41	70	0	1	72	0	1
16	89752912	.	G	A	20	15	35	0	2	37	0	0
16	89752965	.	A	G	23	21	44	0	6	50	0	0
16	89755903	.	A	G	15	18	33	0	1	34	0	0
16	89756768	.	T	G	13	10	23	0	0	23	0	0
16	89757132	.	C	G	12	14	26	0	5	31	0	0
16	89758973	.	A	G	31	52	83	0	3	86	0	0
16	89760474	.	G	T	47	28	75	0	3	78	0	0
16	89760552	.	T	C	61	48	109	0	14	123	0	0
16	89763045	.	C	T	12	9	21	0	5	26	0	0
16	89763263	.	T	C	32	28	60	0	4	64	0	0
16	89764549	.	G	A	37	26	63	0	0	64	0	1
16	89774396	.	G	A	19	13	32	0	1	33	0	0
16	89774411	.	T	C	16	14	30	0	3	33	0	0
16	89777761	.	C	T	35	39	74	0	4	78	0	0
16	89778224	.	G	C	10	20	30	0	1	31	0	0
16	89778608	.	T	A	20	11	31	0	1	32	0	0
16	89782989	.	A	G	63	50	113	0	12	125	0	0
16	89783187	.	C	T	32	17	49	0	3	52	0	0
16	89784336	.	C	T	97	76	173	7	35	216	0	1
16	89784521	.	T	A	79	99	178	0	10	188	0	0
16	89789898	.	T	C	31	29	60	0	5	65	0	0
16	89793555	.	T	C	17	15	32	0	0	32	0	0
16	89800058	.	C	T	12	11	23	0	1	24	0	0
16	89930129	.	G	C	32	28	60	0	3	63	0	0
16	89962394	.	A	G	55	39	94	0	10	104	0	0
16	89964952	.	A	G	27	24	51	0	0	51	0	0
16	89973789	.	A	G	9	11	20	0	1	22	1	0
16	89980967	.	C	T	37	15	52	17	16	85	0	0
16	89980981	.	G	T	40	15	55	16	18	89	0	0
16	89981057	.	G	C	47	9	56	24	10	90	0	0
16	89981114	.	G	T	7	24	31	65	17	113	0	0
16	89986252	.	T	C	27	28	55	0	1	56	0	0
16	89986946	.	C	T	23	24	47	0	4	51	0	0
16	90051932	.	G	A	47	40	87	0	3	91	0	1
16	90054998	.	G	A	30	31	61	0	5	66	0	0
16	90055018	.	T	C	35	35	70	0	4	74	0	0
16	90057656	.	T	G	39	28	67	0	3	70	0	0
16	90066480	.	C	T	44	33	77	0	7	84	0	0
16	90093969	.	T	C	14	16	30	0	1	31	0	0
16	90094195	.	A	G	12	17	29	0	0	29	0	0
16	90094214	.	C	T	9	12	21	0	0	21	0	0
16	90095277	.	T	A	22	34	56	0	1	58	0	1
16	90095561	.	C	T	47	42	89	1	12	102	0	0
16	90096003	.	C	G	92	67	159	0	6	166	0	1
16	90096067	.	G	A	107	84	191	0	6	198	0	1
16	90098828	.	G	C	23	13	36	1	6	43	0	0
16	90099061	.	C	T	42	41	83	0	1	84	0	0
16	90102835	.	A	G	23	31	54	0	4	58	0	0
16	90103087	.	C	T	12	25	37	0	3	40	0	0
16	90103117	.	G	A	11	17	28	0	1	29	0	0
16	90104019	.	G	A	24	24	48	0	3	51	0	0
16	90108832	.	C	T	13	15	28	0	1	29	0	0
16	90109519	.	G	A	10	11	21	0	3	24	0	0
16	90110027	.	G	A	27	27	54	0	3	57	0	0
16	90110284	.	G	A	41	37	78	0	3	81	0	0
16	90110289	.	C	A	39	39	78	0	3	81	0	0
16	90124273	.	G	T	16	16	32	0	5	37	0	0
16	90124621	.	A	G	64	47	111	0	12	123	0	0
16	90128224	.	C	G	29	22	51	0	2	53	0	0
16	90128764	.	A	G	28	34	62	0	1	63	0	0
16	90133137	.	G	T	34	33	67	0	1	68	0	0
16	90141611	.	C	T	22	16	38	0	0	38	0	0
16	90148955	.	G	A	15	18	33	0	1	34	0	0
16	90160238	.	C	T	49	90	139	25	4	168	0	0
16	90160246	.	G	A	55	92	147	25	6	178	0	0
16	90160256	.	T	C	59	99	158	25	1	184	0	0
16	90160342	.	A	G	131	37	168	17	5	190	0	0
16	90160560	.	G	A	39	26	65	5	4	74	0	0
16	90160953	.	T	C	37	32	69	14	3	86	0	0
16	90161065	.	A	T	19	80	99	24	6	129	0	0
16	90161164	.	G	A	43	8	51	17	2	70	0	0
16	90161167	.	C	T	43	8	51	17	1	69	0	0
16	90161168	.	T	G	41	8	49	17	5	71	0	0
16	90161170	.	C	T	19	39	58	17	4	79	0	0
16	90161201	.	A	G	50	12	62	9	10	81	0	0
16	90161231	.	T	C	56	14	70	4	4	79	0	1
16	90161274	.	T	G	34	28	62	1	3	67	0	1
16	90161288	.	T	C	45	8	53	3	4	61	0	1
16	90161308	.	C	T	40	14	54	4	4	63	0	1
16	90161416	.	T	C	80	25	105	1	3	109	0	0
16	90161730	.	C	T	85	27	112	30	1	144	1	0
16	90161753	.	T	C	94	38	132	18	3	153	0	0
16	90161953	.	C	T	20	19	39	25	1	65	0	0
16	90162186	.	T	C	67	58	125	15	8	148	0	0
16	90167905	.	C	T	147	61	208	25	14	247	0	0
16	90168089	.	G	A	22	16	38	13	1	53	0	1
16	90168495	.	C	A	31	5	36	12	1	49	0	0
16	90232893	.	C	A	13	8	21	12	0	33	0	0
16	90241518	.	G	A	31	14	45	14	2	61	0	0
16	90241603	.	C	T	21	16	37	4	4	45	0	0
16	90244341	.	A	G	26	26	52	64	0	117	0	1
17	5978	.	C	T	17	29	46	0	1	47	0	0
17	6115	.	G	C	35	39	74	0	2	76	0	0
17	6157	.	A	G	22	34	56	0	2	59	1	0
17	6282	.	G	A	15	16	31	0	1	32	0	0
17	11754	.	C	T	34	22	56	0	3	59	0	0
17	13905	.	G	A	58	56	114	0	0	114	0	0
17	63547	.	G	C	46	41	87	0	8	95	0	0
17	131458	.	C	T	15	18	33	0	3	36	0	0
17	131756	.	T	G	13	15	28	0	3	31	0	0
17	171373	.	T	C	16	13	29	0	3	32	0	0
17	263387	.	T	C	4	24	28	10	2	40	0	0
17	263417	.	C	T	32	7	39	9	3	51	0	0
17	263441	.	T	C	29	18	47	14	6	67	0	0
17	263494	.	T	C	28	32	60	11	16	87	0	0
17	263516	.	C	T	47	14	61	8	16	86	1	0
17	263589	.	C	T	34	26	60	4	4	68	0	0
17	263606	.	C	T	38	12	50	4	2	56	0	0
17	263622	.	A	G	27	13	40	6	4	50	0	0
17	292759	.	C	T	16	20	36	0	0	37	0	1
17	436196	.	A	C	19	14	33	0	1	34	0	0
17	463843	.	A	G	23	32	55	0	1	56	0	0
17	465775	.	G	A	19	28	47	0	3	50	0	0
17	505227	.	G	C	22	23	45	0	2	47	0	0
17	505249	.	T	C	20	23	43	0	2	45	0	0
17	526907	.	G	T	31	29	60	0	0	60	0	0
17	530339	.	T	C	14	16	30	0	5	35	0	0
17	560108	.	G	A	30	31	61	0	4	65	0	0
17	560221	.	G	A	38	42	80	0	5	85	0	0
17	563767	.	C	A	8	18	26	0	1	27	0	0
17	643608	.	G	A	7	13	20	0	1	22	0	1
17	649037	.	G	A	34	33	67	0	1	68	0	0
17	680312	.	A	G	15	8	23	0	0	23	0	0
17	704017	.	A	G	30	30	60	0	7	67	0	0
17	713083	.	G	C	13	9	22	2	4	28	0	0
17	713096	.	G	A	14	6	20	2	5	27	0	0
17	713110	.	A	C	4	18	22	5	3	30	0	0
17	722619	.	G	A	13	29	42	0	0	42	0	0
17	722637	.	G	C	16	33	49	0	2	52	0	1
17	725869	.	A	G	10	10	20	0	0	20	0	0
17	729197	.	T	C	17	20	37	0	2	39	0	0
17	800050	.	C	G	12	15	27	0	1	28	0	0
17	800296	.	C	T	13	16	29	0	4	33	0	0
17	901869	.	G	C	18	21	39	0	0	39	0	0
17	904022	.	G	C	9	11	20	0	3	23	0	0
17	906984	.	T	C	13	9	22	0	1	23	0	0
17	908229	.	G	A	22	21	43	0	3	46	0	0
17	909326	.	G	A	35	32	67	0	3	70	0	0
17	909451	.	A	T	22	20	42	0	3	45	0	0
17	912914	.	G	A	40	31	71	0	6	78	0	1
17	915368	.	A	G	22	11	33	0	4	37	0	0
17	915813	.	G	A	24	23	47	0	3	50	0	0
17	916186	.	C	T	16	18	34	0	1	35	0	0
17	953456	.	C	T	44	52	96	0	6	102	0	0
17	975804	.	C	T	76	54	130	28	8	166	0	0
17	975830	.	G	A	82	59	141	0	13	154	0	0
17	994812	.	G	A	16	17	33	0	3	37	0	1
17	1174861	.	G	A	12	12	24	0	2	26	0	0
17	1198628	.	A	G	11	13	24	0	5	29	0	0
17	1201531	.	T	C	22	20	42	0	1	43	0	0
17	1201626	.	G	T	12	10	22	0	1	24	0	1
17	1265325	.	T	A	12	14	26	0	0	26	0	0
17	1327039	.	C	T	23	25	48	0	0	48	0	0
17	1368911	.	C	T	63	53	116	0	7	123	0	0
17	1370720	.	C	T	45	20	65	0	4	69	0	0
17	1370739	.	C	T	21	50	71	0	6	77	0	0
17	1374650	.	C	G	28	22	50	0	3	53	0	0
17	1375354	.	C	T	32	23	55	0	8	63	0	0
17	1377880	.	C	T	33	32	65	0	3	68	0	0
17	1377884	.	C	T	37	34	71	0	2	73	0	0
17	1377943	.	A	G	46	41	87	0	5	92	0	0
17	1381521	.	T	C	18	21	39	0	2	41	0	0
17	1385912	.	G	A	8	14	22	0	5	27	0	0
17	1387075	.	T	C	14	9	23	0	0	23	0	0
17	1387684	.	C	T	13	15	28	0	2	30	0	0
17	1395682	.	C	T	34	31	65	0	4	70	0	1
17	1401266	.	G	A	59	75	134	0	17	151	0	0
17	1401550	.	C	T	10	11	21	0	3	25	0	1
17	1421249	.	G	T	33	24	57	0	0	57	0	0
17	1421408	.	T	G	17	20	37	0	0	37	0	0
17	1423544	.	T	C	14	15	29	0	1	30	0	0
17	1423566	.	A	G	15	18	33	0	0	33	0	0
17	1424948	.	A	G	33	27	60	0	2	63	0	1
17	1438162	.	G	T	11	9	20	0	0	20	0	0
17	1477619	.	A	G	19	17	36	0	2	38	0	0
17	1477846	.	G	A	12	9	21	0	3	24	0	0
17	1478460	.	G	A	16	11	27	0	1	29	0	1
17	1478712	.	G	T	21	17	38	0	2	40	0	0
17	1479741	.	A	G	8	16	24	0	0	24	0	0
17	1480088	.	G	A	12	21	33	0	3	36	0	0
17	1481656	.	A	G	41	16	57	0	7	64	0	0
17	1481690	.	C	T	28	10	38	0	6	44	0	0
17	1494547	.	G	A	47	42	89	0	5	94	0	0
17	1516480	.	T	C	20	16	36	0	1	37	0	0
17	1516622	.	G	A	15	9	24	0	1	25	0	0
17	1519810	.	G	A	18	15	33	0	4	37	0	0
17	1538561	.	G	A	25	17	42	0	4	46	0	0
17	1542153	.	G	A	37	32	69	0	7	76	0	0
17	1549986	.	A	G	30	31	61	0	8	69	0	0
17	1554770	.	A	G	45	52	97	0	5	102	0	0
17	1565461	.	A	G	18	21	39	0	6	45	0	0
17	1576369	.	C	T	13	13	26	0	1	27	0	0
17	1576562	.	C	T	25	15	40	0	2	42	0	0
17	1577690	.	C	T	23	17	40	0	1	41	0	0
17	1578646	.	A	G	48	42	90	0	3	94	0	1
17	1578748	.	T	C	21	21	42	0	1	43	0	0
17	1578835	.	A	G	15	14	29	0	1	30	0	0
17	1578939	.	C	T	21	20	41	0	4	45	0	0
17	1580831	.	G	A	17	10	27	0	1	28	0	0
17	1580929	.	G	C	13	16	29	0	3	32	0	0
17	1582205	.	G	A	30	41	71	0	4	75	0	0
17	1582714	.	T	C	17	21	38	0	1	39	0	0
17	1583907	.	C	T	28	15	43	0	4	47	0	0
17	1584324	.	A	G	37	37	74	0	3	77	0	0
17	1585130	.	A	G	21	16	37	0	0	37	0	0
17	1587639	.	T	C	24	14	38	0	0	39	0	1
17	1628523	.	C	T	24	19	43	0	4	47	0	0
17	1630992	.	G	A	35	38	73	0	3	76	0	0
17	1634104	.	C	T	15	18	33	0	1	34	0	0
17	1637302	.	A	G	40	44	84	0	3	87	0	0
17	1637458	.	G	A	19	21	40	0	4	44	0	0
17	1639458	.	A	G	39	31	70	0	3	74	0	1
17	1640529	.	C	T	16	12	28	0	3	31	0	0
17	1640640	.	C	G	28	25	53	0	4	57	0	0
17	1640793	.	C	T	28	38	66	0	7	74	0	1
17	1641035	.	A	G	55	59	114	0	13	127	0	0
17	1641715	.	G	T	26	23	49	0	1	50	0	0
17	1641806	.	G	A	12	13	25	0	0	25	0	0
17	1648502	.	C	T	16	22	38	0	3	41	0	0
17	1657653	.	G	A	29	37	66	0	1	67	0	0
17	1673405	.	G	A	7	14	21	0	0	21	0	0
17	1675174	.	A	G	24	20	44	0	1	45	0	0
17	1684679	.	C	T	35	21	56	0	3	59	0	0
17	1703108	.	C	T	22	38	60	0	1	61	0	0
17	1704296	.	C	A	36	33	69	0	3	72	0	0
17	1707893	.	T	A	26	21	47	0	0	47	0	0
17	1715435	.	G	A	19	24	43	0	2	45	0	0
17	1731105	.	T	C	16	24	40	0	3	43	0	0
17	1731268	.	T	C	15	19	34	0	4	39	0	1
17	1756351	.	A	G	17	16	33	0	0	34	0	1
17	1761373	.	A	T	26	20	46	12	1	61	0	2
17	1761431	.	T	C	37	38	75	3	1	84	1	4
17	1761583	.	A	G	34	38	72	0	1	73	0	0
17	1782133	.	G	A	10	10	20	0	2	22	0	0
17	1782957	.	C	T	20	23	43	0	6	49	0	0
17	1783730	.	G	A	29	20	49	0	2	52	0	1
17	1801065	.	G	C	17	12	29	0	1	30	0	0
17	1838352	.	C	T	13	8	21	0	1	22	0	0
17	1840468	.	C	T	91	83	174	0	11	185	0	0
17	1939130	.	G	T	20	19	39	0	6	45	0	0
17	1939427	.	A	G	37	34	71	0	3	74	0	0
17	1943888	.	T	C	41	55	96	0	7	103	0	0
17	1944004	.	G	A	19	23	42	0	1	43	0	0
17	1945041	.	A	G	25	29	54	0	1	55	0	0
17	1968983	.	T	C	29	30	59	0	1	60	0	0
17	1985050	.	T	C	34	32	66	0	4	70	0	0
17	1990959	.	C	A	15	18	33	0	2	35	0	0
17	1991097	.	C	T	33	39	72	0	1	74	0	1
17	2031150	.	C	T	36	39	75	0	6	81	0	0
17	2139654	.	C	G	13	15	28	0	0	28	0	0
17	2186100	.	C	T	31	33	64	0	1	65	0	0
17	2196088	.	C	T	30	27	57	0	1	58	0	0
17	2202943	.	T	C	39	25	64	0	5	69	0	0
17	2203167	.	T	G	51	57	108	0	2	111	1	0
17	2203453	.	A	G	34	38	72	0	3	76	0	1
17	2219155	.	G	A	15	15	30	0	1	31	0	0
17	2224807	.	A	G	21	23	44	0	0	44	0	0
17	2237722	.	G	A	32	22	54	0	3	57	0	0
17	2265113	.	C	A	38	31	69	0	2	71	0	0
17	2266799	.	G	A	22	11	33	0	2	35	0	0
17	2266812	.	T	C	23	9	32	0	6	39	0	1
17	2267694	.	C	T	32	29	61	0	2	63	0	0
17	2268311	.	G	A	36	25	61	0	4	65	0	0
17	2268392	.	G	T	21	26	47	0	3	50	0	0
17	2268681	.	T	C	25	23	48	0	5	53	0	0
17	2270604	.	C	T	18	19	37	0	5	42	0	0
17	2276085	.	G	T	18	18	36	0	3	39	0	0
17	2276456	.	C	T	33	31	64	0	4	68	0	0
17	2276940	.	T	C	25	24	49	0	3	52	0	0
17	2278644	.	C	T	10	15	25	0	3	28	0	0
17	2279144	.	C	T	42	27	69	0	6	75	0	0
17	2318550	.	G	C	29	41	70	0	2	72	0	0
17	2341373	.	G	A	20	27	47	0	4	52	0	1
17	2376757	.	G	A	32	28	60	0	3	64	0	1
17	2569427	.	T	C	27	22	49	0	0	50	0	1
17	2577375	.	A	T	29	28	57	0	0	57	0	0
17	2585797	.	C	T	36	16	52	0	1	53	0	0
17	2586149	.	G	A	48	38	86	0	2	88	0	0
17	2586229	.	A	G	22	23	45	0	1	46	0	0
17	2592822	.	G	A	26	20	46	0	7	53	0	0
17	2595495	.	C	T	16	21	37	0	4	41	0	0
17	2595964	.	G	A	50	39	89	0	2	91	0	0
17	2598640	.	G	A	29	33	62	0	4	66	0	0
17	2606584	.	G	A	21	23	44	0	3	47	0	0
17	2606715	.	G	A	36	40	76	0	8	85	0	1
17	2607560	.	A	G	22	19	41	0	3	44	0	0
17	2651341	.	G	T	12	11	23	0	1	24	0	0
17	2699935	.	T	C	27	19	46	0	2	48	0	0
17	2865789	.	A	C	22	21	43	0	3	46	0	0
17	2883588	.	C	A	32	29	61	0	1	62	0	0
17	2883614	.	C	T	32	25	57	0	2	59	0	0
17	2886557	.	G	A	11	17	28	0	7	35	0	0
17	2894330	.	G	C	19	11	30	0	2	32	0	0
17	2894569	.	C	G	68	63	131	0	3	135	0	1
17	2898360	.	C	T	11	9	20	0	2	22	0	0
17	2898401	.	G	T	15	10	25	0	1	27	0	1
17	2908816	.	A	G	17	25	42	0	0	42	0	0
17	2911352	.	C	T	18	25	43	0	1	44	0	0
17	2921251	.	A	G	13	13	26	0	6	32	0	0
17	2923545	.	T	G	11	13	24	0	0	24	0	0
17	2923597	.	C	A	15	17	32	0	3	35	0	0
17	2923726	.	C	G	40	43	83	0	4	87	0	0
17	2923767	.	A	G	38	46	84	0	4	88	0	0
17	2924011	.	T	C	11	9	20	0	2	22	0	0
17	2929286	.	A	C	27	44	71	0	3	74	0	0
17	2929908	.	A	G	16	13	29	0	3	32	0	0
17	2929925	.	G	A	16	12	28	0	5	33	0	0
17	2929950	.	C	A	13	10	23	0	2	25	0	0
17	2929990	.	G	A	10	11	21	0	3	24	0	0
17	2930106	.	G	A	23	12	35	0	1	36	0	0
17	2930181	.	G	A	32	24	56	0	5	62	0	1
17	2930223	.	T	C	35	33	68	0	4	73	0	1
17	2935577	.	T	G	17	11	28	0	1	29	0	0
17	2935898	.	A	C	8	14	22	0	2	24	0	0
17	2965855	.	C	T	48	27	75	4	1	80	0	0
17	2965915	.	A	T	52	24	76	36	1	113	0	0
17	2965929	.	G	A	54	32	86	45	1	132	0	0
17	2965945	.	C	T	64	35	99	48	2	149	0	0
17	2965978	.	A	G	85	45	130	46	2	178	0	0
17	2966032	.	C	G	113	50	163	45	7	215	0	0
17	2966173	.	G	C	172	60	232	1	7	240	0	0
17	2966191	.	G	A	167	59	226	1	7	234	0	0
17	2966273	.	G	A	138	54	192	7	10	209	0	0
17	2966308	.	C	T	147	63	210	11	10	231	0	0
17	3101076	.	G	C	69	63	132	0	9	141	0	0
17	3119008	.	T	C	58	60	118	0	5	123	0	0
17	3119673	.	A	G	59	65	124	0	4	128	0	0
17	3119767	.	C	T	45	35	80	0	6	87	0	1
17	3119871	.	C	T	28	29	57	0	3	60	0	0
17	3132120	.	T	A	15	12	27	0	1	28	0	0
17	3143983	.	A	G	44	37	81	68	1	150	0	0
17	3160405	.	C	A	42	36	78	0	1	79	0	0
17	3161257	.	G	C	13	10	23	0	1	24	0	0
17	3161297	.	A	G	14	14	28	0	3	31	0	0
17	3161590	.	G	A	10	11	21	0	0	21	0	0
17	3168978	.	A	G	65	62	127	0	4	131	0	0
17	3169187	.	A	G	91	97	188	0	7	195	0	0
17	3169458	.	A	G	34	32	66	0	3	69	0	0
17	3182309	.	G	T	26	27	53	0	1	54	0	0
17	3182396	.	A	C	11	14	25	0	1	26	0	0
17	3195503	.	C	T	49	43	92	0	4	96	0	0
17	3214181	.	T	G	61	58	119	0	8	127	0	0
17	3300946	.	T	C	46	30	76	4	3	83	0	0
17	3300970	.	C	G	50	23	73	5	0	78	0	0
17	3324810	.	A	G	25	22	47	0	0	48	0	1
17	3416555	.	C	A	33	39	72	0	1	74	0	1
17	3418027	.	G	A	15	10	25	0	0	25	0	0
17	3419689	.	C	T	23	16	39	0	0	39	0	0
17	3419690	.	A	G	22	15	37	0	2	39	0	0
17	3430271	.	A	G	14	9	23	0	1	24	0	0
17	3431403	.	C	G	16	13	29	0	3	32	0	0
17	3433543	.	A	G	31	27	58	0	3	61	0	0
17	3433549	.	A	C	31	27	58	0	3	61	0	0
17	3433595	.	C	T	19	12	31	0	5	36	0	0
17	3435935	.	C	A	28	26	54	0	4	58	0	0
17	3436080	.	C	T	32	42	74	0	3	77	0	0
17	3447914	.	C	T	41	30	71	0	1	72	0	0
17	3553526	.	A	G	35	5	40	0	0	40	0	0
17	3561312	.	G	A	15	25	40	0	3	43	0	0
17	3623575	.	C	G	39	37	76	0	0	76	0	0
17	3629859	.	C	T	11	11	22	0	2	24	0	0
17	3635489	.	G	A	12	13	25	0	2	27	0	0
17	3635592	.	A	G	30	38	68	0	5	73	0	0
17	3635740	.	C	G	30	32	62	0	2	64	0	0
17	3635768	.	A	C	28	25	53	0	0	53	0	0
17	3638344	.	G	A	17	15	32	0	2	34	0	0
17	3653531	.	A	G	37	33	70	0	1	71	0	0
17	3654980	.	A	G	35	27	62	0	4	66	0	0
17	3656366	.	A	G	13	11	24	0	0	24	0	0
17	3657159	.	C	T	31	21	52	0	2	54	0	0
17	3660864	.	G	A	24	23	47	0	2	49	0	0
17	3664410	.	G	A	19	11	30	0	1	31	0	0
17	3719620	.	A	G	17	12	29	0	2	31	0	0
17	3721704	.	G	A	28	22	50	0	5	55	0	0
17	3732795	.	T	C	11	13	24	0	2	26	0	0
17	3763769	.	C	T	20	23	43	0	3	46	0	0
17	3765527	.	T	C	10	18	28	0	2	30	0	0
17	3765599	.	C	G	29	12	41	0	0	41	0	0
17	3769357	.	G	A	27	8	35	0	2	37	0	0
17	3769379	.	G	A	22	10	32	0	0	32	0	0
17	3769407	.	C	T	13	12	25	0	0	25	0	0
17	3775916	.	T	C	26	31	57	0	3	60	0	0
17	3776867	.	C	T	15	8	23	0	2	25	0	0
17	3783872	.	T	C	13	9	22	0	0	22	0	0
17	3785901	.	G	A	14	15	29	0	2	31	0	0
17	3786231	.	C	T	22	12	34	0	1	35	0	0
17	3786232	.	A	C	22	14	36	0	0	36	0	0
17	3786456	.	C	T	33	35	68	0	2	70	0	0
17	3786907	.	G	A	11	13	24	0	0	24	0	0
17	3786989	.	C	T	11	16	27	0	0	27	0	0
17	3786994	.	A	T	18	8	26	0	1	28	1	0
17	3787372	.	T	C	11	15	26	0	1	27	0	0
17	3787593	.	G	A	18	19	37	0	2	39	0	0
17	3793843	.	T	C	39	46	85	0	4	89	0	0
17	3794118	.	C	T	23	43	66	0	4	70	0	0
17	3794172	.	A	C	31	16	47	0	4	51	0	0
17	3801455	.	C	T	19	12	31	0	2	33	0	0
17	3802717	.	C	T	8	12	20	0	2	22	0	0
17	3802853	.	A	G	23	23	46	0	3	49	0	0
17	3806664	.	T	A	32	23	55	0	4	59	0	0
17	3823038	.	C	T	31	29	60	0	6	66	0	0
17	3831266	.	G	A	32	21	53	0	1	54	0	0
17	3831492	.	C	T	22	25	47	0	4	51	0	0
17	3831847	.	G	C	46	30	76	0	5	81	0	0
17	3832079	.	C	T	45	38	83	0	11	94	0	0
17	3832182	.	G	A	18	18	36	0	2	38	0	0
17	3832555	.	T	C	10	11	21	0	3	24	0	0
17	3832560	.	T	C	11	11	22	0	2	24	0	0
17	3832733	.	C	T	10	16	26	0	0	26	0	0
17	3832771	.	G	A	4	16	20	0	0	20	0	0
17	3833529	.	T	C	10	10	20	0	1	21	0	0
17	3833680	.	C	T	24	20	44	0	2	46	0	0
17	3840928	.	A	G	43	36	79	0	3	83	0	1
17	3844985	.	A	C	15	16	31	0	3	34	0	0
17	3845927	.	A	G	49	40	89	0	7	96	0	0
17	3850910	.	A	G	20	18	38	0	6	44	0	0
17	3856615	.	A	G	59	48	107	0	4	111	0	0
17	3919892	.	A	G	12	10	22	0	3	25	0	0
17	3920989	.	T	C	32	27	59	0	4	63	0	0
17	3924322	.	G	C	14	18	32	0	1	33	0	0
17	3924566	.	C	T	26	26	52	0	3	55	0	0
17	3926110	.	C	G	19	17	36	0	1	38	0	1
17	3936350	.	G	A	13	13	26	0	1	27	0	0
17	3945691	.	C	T	31	19	50	0	5	55	0	0
17	3945965	.	G	A	15	8	23	0	2	26	0	1
17	3947677	.	A	C	22	31	53	0	0	53	0	0
17	3953083	.	T	C	46	35	81	0	5	86	0	0
17	3955200	.	G	C	13	14	27	0	1	28	0	0
17	3961440	.	G	A	22	17	39	0	1	40	0	0
17	3961489	.	C	T	8	16	24	0	1	25	0	0
17	3966243	.	G	A	19	14	33	0	3	36	0	0
17	3967852	.	G	A	40	54	94	0	6	100	0	0
17	3969574	.	T	G	20	13	33	0	1	34	0	0
17	3979882	.	T	C	13	17	30	0	1	31	0	0
17	3980212	.	T	C	32	36	68	0	1	69	0	0
17	4007875	.	C	T	37	39	76	0	3	79	0	0
17	4015997	.	A	G	33	31	64	0	0	65	0	1
17	4027036	.	C	G	16	17	33	0	0	33	0	0
17	4027047	.	A	G	21	19	40	0	0	40	0	0
17	4027392	.	G	C	41	37	78	0	3	81	0	0
17	4058327	.	C	T	12	8	20	0	0	20	0	0
17	4058337	.	G	A	11	9	20	0	0	20	0	0
17	4076669	.	G	A	35	39	74	0	8	82	0	0
17	4077485	.	G	A	11	11	22	0	0	22	0	0
17	4082906	.	T	C	29	19	48	0	2	50	0	0
17	4088291	.	C	T	32	27	59	0	3	62	0	0
17	4109722	.	G	A	24	23	47	0	0	47	0	0
17	4173613	.	G	A	14	8	22	0	0	22	0	0
17	4175846	.	C	T	17	12	29	0	0	29	0	0
17	4204752	.	C	G	27	22	49	0	3	53	0	1
17	4348533	.	C	T	13	11	24	0	1	25	0	0
17	4350001	.	C	T	14	20	34	0	3	37	0	0
17	4350104	.	G	T	21	32	53	0	6	59	0	0
17	4350407	.	G	C	13	13	26	0	3	29	0	0
17	4351312	.	A	G	35	29	64	0	3	67	0	0
17	4351345	.	A	C	38	35	73	0	8	81	0	0
17	4351396	.	C	T	54	45	99	0	9	108	0	0
17	4351640	.	G	A	29	32	61	0	2	63	0	0
17	4391028	.	T	C	20	20	40	0	1	41	0	0
17	4391252	.	C	T	19	19	38	0	0	39	0	1
17	4434471	.	G	C	29	30	59	0	4	63	0	0
17	4436897	.	G	A	23	14	37	0	1	39	0	1
17	4436931	.	G	A	12	23	35	0	2	38	0	1
17	4439532	.	T	C	15	18	33	0	0	33	0	0
17	4440907	.	A	G	54	56	110	0	2	112	0	0
17	4442801	.	T	C	23	24	47	0	2	49	0	0
17	4443558	.	G	A	36	25	61	0	1	62	0	0
17	4444850	.	C	T	43	26	69	0	3	72	0	0
17	4458598	.	G	C	14	23	37	0	4	41	0	0
17	4458657	.	C	T	6	14	20	0	6	26	0	0
17	4463023	.	G	A	42	46	88	0	13	101	0	0
17	4498682	.	C	G	39	29	68	0	5	73	0	0
17	4500559	.	C	T	27	28	55	0	5	60	0	0
17	4534834	.	A	G	22	30	52	0	2	54	0	0
17	4535385	.	A	G	46	39	85	0	2	87	0	0
17	4535413	.	T	C	44	33	77	0	8	85	0	0
17	4538923	.	T	C	17	14	31	0	1	32	0	0
17	4539171	.	G	T	29	25	54	0	1	55	0	0
17	4542717	.	G	A	32	27	59	1	5	66	0	1
17	4575283	.	A	G	22	21	43	0	4	47	0	0
17	4578741	.	A	G	37	44	81	0	4	85	0	0
17	4578930	.	T	C	49	44	93	0	3	96	0	0
17	4579638	.	G	A	33	25	58	0	6	65	1	0
17	4586220	.	G	A	16	21	37	0	1	38	0	0
17	4619213	.	C	T	18	17	35	0	1	36	0	0
17	4646772	.	A	G	43	19	62	0	4	67	1	0
17	4647002	.	A	G	26	20	46	0	5	51	0	0
17	4647044	.	C	T	35	31	66	0	4	70	0	0
17	4648262	.	T	G	17	19	36	0	1	37	0	0
17	4712241	.	G	A	8	14	22	0	0	22	0	0
17	4712269	.	G	A	12	16	28	0	1	29	0	0
17	4712757	.	G	A	16	15	31	0	2	33	0	0
17	4718776	.	G	A	78	71	149	0	5	154	0	0
17	4721728	.	C	A	23	16	39	0	7	46	0	0
17	4722133	.	C	T	29	23	52	0	3	55	0	0
17	4722698	.	C	G	18	14	32	0	4	36	0	0
17	4722825	.	G	A	27	25	52	0	2	54	0	0
17	4725920	.	T	C	13	19	32	0	2	35	1	0
17	4725937	.	C	T	28	15	43	0	1	44	0	0
17	4800290	.	C	T	16	14	30	0	1	32	0	1
17	4800304	.	G	A	18	13	31	0	3	35	0	1
17	4801163	.	C	A	12	8	20	0	3	23	0	0
17	4802778	.	G	C	12	12	24	0	4	28	0	0
17	4847849	.	C	T	54	58	112	0	4	116	0	0
17	4856421	.	G	A	24	23	47	0	5	52	0	0
17	4856466	.	C	G	35	32	67	0	1	68	0	0
17	4858299	.	A	G	16	7	23	0	3	26	0	0
17	4858311	.	T	C	20	10	30	0	2	32	0	0
17	4858823	.	G	A	28	43	71	0	5	76	0	0
17	4859112	.	C	T	3	18	21	2	3	26	0	0
17	4859134	.	C	T	10	12	22	4	2	28	0	0
17	4859145	.	C	T	18	7	25	4	2	31	0	0
17	4860256	.	C	T	34	29	63	0	2	65	0	0
17	4862652	.	C	T	23	27	50	0	5	56	0	1
17	4893672	.	C	T	15	17	32	0	1	33	0	0
17	4903395	.	T	C	42	21	63	0	1	64	0	0
17	4905231	.	C	A	21	18	39	0	1	40	0	0
17	4906710	.	G	A	10	10	20	0	0	20	0	0
17	4908378	.	G	A	12	15	27	0	2	30	0	1
17	4918122	.	A	G	27	20	47	0	1	49	0	1
17	4923757	.	G	A	22	18	40	0	1	41	0	0
17	4923987	.	A	C	34	39	73	0	6	79	0	0
17	4925196	.	G	A	24	26	50	0	1	51	0	0
17	4925674	.	C	T	56	48	104	0	8	112	0	0
17	4926860	.	C	A	33	19	52	0	4	56	0	0
17	4936178	.	A	G	40	30	70	0	4	74	0	0
17	5013095	.	G	A	52	38	90	0	5	95	0	0
17	5024419	.	T	C	63	66	129	0	4	133	0	0
17	5034048	.	A	G	81	96	177	0	9	186	0	0
17	5035998	.	C	T	69	15	84	1	6	92	0	1
17	5036023	.	G	C	62	16	78	2	3	84	0	1
17	5036024	.	G	A	62	15	77	2	4	84	0	1
17	5036043	.	T	C	67	15	82	1	2	86	0	1
17	5036214	.	C	T	128	20	148	6	8	175	0	13
17	5036224	.	C	G	128	24	152	5	6	178	1	14
17	5036274	.	C	A	120	27	147	1	2	168	0	18
17	5036281	.	G	C	112	31	143	1	1	161	0	16
17	5036290	.	T	C	111	32	143	0	2	160	0	15
17	5036329	.	A	G	102	30	132	1	3	146	0	10
17	5036723	.	C	G	122	19	141	6	6	155	0	2
17	5036728	.	C	T	123	21	144	6	4	157	0	3
17	5036732	.	C	A	120	23	143	5	5	156	0	3
17	5036740	.	C	G	127	23	150	5	8	168	0	5
17	5036748	.	G	T	137	25	162	8	7	183	0	6
17	5036761	.	A	C	138	24	162	7	7	182	0	6
17	5036784	.	C	T	125	25	150	9	13	179	0	7
17	5036823	.	T	C	122	26	148	11	9	172	0	4
17	5036834	.	G	A	109	22	131	11	4	149	0	3
17	5036838	.	G	A	106	22	128	11	4	145	0	2
17	5036843	.	C	A	103	22	125	11	5	142	0	1
17	5036849	.	T	C	91	24	115	9	9	134	0	1
17	5036864	.	C	T	89	27	116	7	4	129	0	2
17	5036923	.	C	A	37	13	50	4	7	62	0	1
17	5042346	.	C	A	40	39	79	0	3	83	1	0
17	5047727	.	G	A	11	9	20	0	1	21	0	0
17	5084754	.	T	G	88	74	162	2	2	166	0	0
17	5084763	.	G	A	79	78	157	2	4	163	0	0
17	5241493	.	C	G	26	17	43	0	1	44	0	0
17	5257792	.	T	G	28	21	49	0	1	50	0	0
17	5347576	.	G	A	50	56	106	0	8	114	0	0
17	5354077	.	C	T	50	63	113	0	3	117	1	0
17	5356839	.	T	C	38	37	75	0	2	77	0	0
17	5364286	.	C	T	19	22	41	0	1	43	1	0
17	5383701	.	C	T	21	14	35	0	3	38	0	0
17	5386025	.	A	G	13	16	29	0	0	29	0	0
17	5393168	.	C	T	22	22	44	0	0	44	0	0
17	5393603	.	C	T	33	24	57	0	0	57	0	0
17	5394090	.	G	T	25	23	48	0	2	50	0	0
17	5403723	.	C	T	14	9	23	0	1	24	0	0
17	5404011	.	T	C	27	17	44	0	1	45	0	0
17	5404262	.	G	C	19	16	35	0	3	38	0	0
17	5405341	.	G	C	11	14	25	0	2	28	0	1
17	5415623	.	C	T	45	40	85	0	2	87	0	0
17	5421005	.	T	A	35	15	50	0	2	52	0	0
17	5421006	.	C	A	35	16	51	0	1	52	0	0
17	5425077	.	T	C	12	13	25	0	1	26	0	0
17	5462674	.	T	C	23	16	39	0	2	41	0	0
17	5486843	.	C	A	24	18	42	0	1	43	0	0
17	6021541	.	C	T	26	15	41	0	2	43	0	0
17	6021671	.	G	T	12	8	20	0	1	21	0	0
17	6329917	.	C	T	31	31	62	0	2	64	0	0
17	6330068	.	T	C	34	34	68	0	2	70	0	0
17	6330153	.	C	T	26	27	53	0	5	58	0	0
17	6330187	.	C	T	36	26	62	0	2	64	0	0
17	6331803	.	T	C	32	29	61	0	5	66	0	0
17	6331836	.	T	G	23	29	52	0	1	53	0	0
17	6338224	.	G	T	23	27	50	0	0	50	0	0
17	6338284	.	A	G	31	39	70	0	3	73	0	0
17	6338293	.	G	A	33	38	71	0	1	72	0	0
17	6349565	.	G	T	16	20	36	0	4	40	0	0
17	6350727	.	C	T	35	17	52	0	2	54	0	0
17	6358989	.	G	C	14	14	28	0	0	28	0	0
17	6364881	.	T	C	39	22	61	0	4	65	0	0
17	6366943	.	A	G	16	11	27	0	2	29	0	0
17	6371780	.	T	A	25	20	45	0	8	53	0	0
17	6377986	.	T	C	28	32	60	0	3	63	0	0
17	6377999	.	G	A	25	19	44	0	2	46	0	0
17	6381939	.	G	A	47	38	85	0	3	88	0	0
17	6387482	.	G	C	50	43	93	0	6	99	0	0
17	6406883	.	C	T	10	14	24	0	1	25	0	0
17	6441207	.	C	T	14	15	29	0	0	30	0	1
17	6442483	.	G	A	9	16	25	0	0	25	0	0
17	6483046	.	T	C	20	28	48	0	3	51	0	0
17	6493198	.	T	C	28	25	53	0	7	60	0	0
17	6502399	.	A	G	14	7	21	0	0	21	0	0
17	6502769	.	A	T	12	17	29	0	1	30	0	0
17	6511781	.	A	G	31	39	70	0	2	72	0	0
17	6515387	.	A	G	46	39	85	0	3	88	0	0
17	6515392	.	T	G	48	35	83	0	3	86	0	0
17	6524358	.	G	A	26	23	49	0	3	52	0	0
17	6531552	.	A	C	60	63	123	0	7	130	0	0
17	6531648	.	A	G	68	59	127	0	4	131	0	0
17	6538355	.	G	A	70	45	115	0	8	123	0	0
17	6543158	.	G	A	50	40	90	0	7	97	0	0
17	6545702	.	C	T	24	18	42	0	1	43	0	0
17	6546167	.	G	A	20	17	37	0	2	40	0	1
17	6553543	.	A	T	21	27	48	0	1	49	0	0
17	6553583	.	G	A	35	17	52	0	0	52	0	0
17	6556022	.	A	G	40	29	69	0	3	72	0	0
17	6556082	.	G	A	50	42	92	0	4	97	0	1
17	6560491	.	C	T	30	42	72	2	6	81	0	1
17	6561116	.	C	G	63	48	111	0	10	121	0	0
17	6563484	.	A	G	34	17	51	0	0	51	0	0
17	6589350	.	A	T	31	45	76	0	6	82	0	0
17	6616450	.	C	G	20	15	35	0	0	35	0	0
17	6653229	.	C	T	21	20	41	0	2	43	0	0
17	6653368	.	T	C	9	26	35	0	1	36	0	0
17	6659324	.	A	G	19	23	42	0	6	48	0	0
17	6659384	.	G	T	24	33	57	0	2	59	0	0
17	6661831	.	G	A	44	41	85	2	11	98	0	0
17	6662320	.	G	T	8	15	23	0	2	25	0	0
17	6663808	.	C	T	21	24	45	0	1	46	0	0
17	6663867	.	T	C	25	34	59	0	0	59	0	0
17	6674016	.	G	A	26	27	53	0	1	54	0	0
17	6674320	.	C	T	24	26	50	0	1	51	0	0
17	6674376	.	G	A	19	11	30	0	2	32	0	0
17	6690161	.	C	T	65	55	120	0	4	125	0	1
17	6690354	.	T	A	28	25	53	0	3	56	0	0
17	6719020	.	A	G	11	10	21	0	2	23	0	0
17	6719393	.	C	T	12	19	31	0	4	35	0	0
17	6733473	.	A	G	10	15	25	0	0	26	0	1
17	6733494	.	A	G	12	20	32	0	0	33	0	1
17	6797932	.	A	T	16	27	43	0	7	50	0	0
17	6798378	.	G	T	14	13	27	0	3	30	0	0
17	6799433	.	G	A	13	16	29	0	2	32	0	1
17	6802264	.	T	C	23	25	48	0	6	56	0	2
17	6802289	.	C	T	18	18	36	0	6	43	0	1
17	6802640	.	G	C	17	19	36	0	0	36	0	0
17	6900362	.	C	T	25	29	54	0	3	57	0	0
17	6900444	.	T	G	17	11	28	0	2	30	0	0
17	6902743	.	G	A	43	50	93	0	5	98	0	0
17	6902760	.	A	G	41	47	88	0	5	93	0	0
17	6902887	.	A	G	17	20	37	0	3	40	0	0
17	6903537	.	G	A	10	12	22	0	3	25	0	0
17	6904934	.	A	G	31	32	63	0	6	69	0	0
17	6905061	.	T	G	22	17	39	0	2	41	0	0
17	6905624	.	T	C	26	13	39	0	3	42	0	0
17	6905643	.	T	C	29	22	51	0	2	53	0	0
17	6915401	.	C	G	19	18	37	0	1	38	0	0
17	6928608	.	G	C	16	11	27	0	1	28	0	0
17	6930139	.	C	T	21	25	46	0	4	51	0	1
17	6930790	.	G	T	40	23	63	0	2	65	0	0
17	6943266	.	G	A	10	17	27	0	2	29	0	0
17	6946287	.	T	C	19	22	41	0	6	47	0	0
17	6978677	.	A	G	32	25	57	0	3	60	0	0
17	6980273	.	C	T	22	21	43	0	2	45	0	0
17	6981353	.	G	C	51	44	95	0	6	101	0	0
17	6981979	.	G	A	28	17	45	0	3	48	0	0
17	7080069	.	A	G	16	13	29	0	1	30	0	0
17	7080316	.	C	T	21	17	38	0	0	38	0	0
17	7099973	.	C	T	14	16	30	0	0	30	0	0
17	7106475	.	A	G	48	46	94	0	1	95	0	0
17	7111624	.	T	C	22	26	48	0	17	65	0	0
17	7124115	.	A	G	28	23	51	0	3	54	0	0
17	7124751	.	T	C	6	15	21	0	0	22	0	1
17	7124768	.	T	C	13	29	42	0	4	46	0	0
17	7124791	.	A	C	22	39	61	0	6	67	0	0
17	7125936	.	G	T	19	18	37	0	4	41	0	0
17	7127718	.	T	C	26	29	55	0	2	57	0	0
17	7128272	.	C	G	38	37	75	0	6	81	0	0
17	7129840	.	T	C	21	30	51	0	2	53	0	0
17	7129974	.	A	G	33	18	51	0	2	54	1	0
17	7133594	.	A	G	47	42	89	0	4	95	1	1
17	7147667	.	C	A	18	14	32	0	0	32	0	0
17	7187123	.	T	C	13	17	30	0	0	30	0	0
17	7193192	.	C	T	16	18	34	0	5	39	0	0
17	7217484	.	G	A	64	56	120	0	1	122	0	1
17	7227694	.	C	T	36	30	66	0	11	77	0	0
17	7239911	.	A	G	5	17	22	0	4	26	0	0
17	7245371	.	A	G	57	56	113	0	7	120	0	0
17	7245661	.	G	A	50	28	78	0	5	83	0	0
17	7246940	.	T	G	32	44	76	0	1	77	0	0
17	7249671	.	C	A	78	82	160	0	4	164	0	0
17	7249974	.	G	C	18	18	36	0	1	37	0	0
17	7251605	.	G	C	26	24	50	0	2	52	0	0
17	7252148	.	G	T	12	13	25	0	2	27	0	0
17	7256325	.	G	A	30	26	56	0	7	63	0	0
17	7257185	.	C	T	34	23	57	0	2	59	0	0
17	7257669	.	C	A	32	35	67	0	4	71	0	0
17	7258861	.	C	A	28	20	48	0	2	50	0	0
17	7259668	.	T	C	16	33	49	0	2	51	0	0
17	7286039	.	G	A	11	10	21	0	0	21	0	0
17	7286426	.	C	T	24	35	59	0	4	63	0	0
17	7290375	.	G	A	19	9	28	0	0	28	0	0
17	7291943	.	G	C	36	34	70	0	3	73	0	0
17	7292107	.	G	A	30	24	54	0	3	57	0	0
17	7293303	.	G	A	25	16	41	0	3	44	0	0
17	7293488	.	G	A	25	28	53	0	5	58	0	0
17	7293715	.	C	T	16	14	30	0	1	31	0	0
17	7296182	.	G	A	47	59	106	0	6	112	0	0
17	7297452	.	A	G	18	24	42	0	1	43	0	0
17	7306431	.	G	A	25	24	49	0	4	53	0	0
17	7307287	.	T	C	29	20	49	0	3	52	0	0
17	7318396	.	C	T	29	18	47	0	2	49	0	0
17	7329332	.	C	T	53	26	79	0	4	83	0	0
17	7329361	.	C	T	41	37	78	0	2	81	0	1
17	7345106	.	C	T	55	52	107	0	4	111	0	0
17	7346302	.	T	C	23	28	51	0	1	53	0	1
17	7350686	.	C	T	15	18	33	0	0	33	0	0
17	7358803	.	G	A	36	25	61	0	5	66	0	0
17	7359795	.	T	G	13	22	35	0	0	35	0	0
17	7460559	.	T	G	22	27	49	0	3	52	0	0
17	7530147	.	G	C	30	20	50	0	2	52	0	0
17	7533717	.	T	C	47	33	80	0	2	82	0	0
17	7554772	.	C	T	21	19	40	0	0	40	0	0
17	7558596	.	G	A	46	45	91	0	4	95	0	0
17	7578115	.	T	C	20	31	51	0	3	54	0	0
17	7579472	.	G	C	19	28	47	0	2	49	0	0
17	7605552	.	G	T	18	13	31	0	12	43	0	0
17	7613765	.	G	A	15	22	37	0	4	41	0	0
17	7630295	.	G	A	26	35	61	0	3	65	0	1
17	7630301	.	C	G	29	35	64	0	5	70	0	1
17	7657817	.	A	G	35	38	73	0	3	76	0	0
17	7658029	.	G	T	47	47	94	0	5	99	0	0
17	7664154	.	T	C	46	68	114	0	3	119	0	2
17	7669731	.	C	A	19	16	35	0	1	36	0	0
17	7673928	.	C	G	52	51	103	0	4	109	1	1
17	7677927	.	A	G	17	10	27	0	0	27	0	0
17	7680955	.	G	A	38	26	64	0	5	69	0	0
17	7681093	.	A	G	15	10	25	0	2	27	0	0
17	7681412	.	C	G	25	22	47	0	5	52	0	0
17	7682831	.	A	C	21	25	46	0	3	49	0	0
17	7691202	.	G	A	33	44	77	0	3	80	0	0
17	7691505	.	C	T	17	25	42	0	0	42	0	0
17	7701204	.	A	G	15	13	28	0	2	30	0	0
17	7701806	.	C	T	23	19	42	0	2	44	0	0
17	7702357	.	C	T	11	14	25	0	0	25	0	0
17	7720858	.	A	T	21	22	43	0	3	46	0	0
17	7722048	.	G	A	25	17	42	0	0	43	0	1
17	7722663	.	G	A	27	11	38	0	0	38	0	0
17	7942434	.	A	G	18	20	38	0	2	40	0	0
17	7945593	.	G	T	18	19	37	0	1	38	0	0
17	7948175	.	C	T	45	36	81	0	6	87	0	0
17	7949905	.	G	A	11	18	29	0	1	31	0	1
17	7949939	.	A	C	14	21	35	0	1	38	0	2
17	7950538	.	G	C	29	24	53	0	1	55	0	1
17	7950952	.	C	A	21	22	43	0	1	45	1	0
17	7950958	.	G	A	23	22	45	0	2	47	0	0
17	7951268	.	T	C	38	46	84	0	3	87	0	0
17	7951819	.	A	G	39	28	67	0	6	73	0	0
17	7960625	.	C	T	26	32	58	0	1	59	0	0
17	7979455	.	T	C	24	29	53	0	2	55	0	0
17	7979724	.	C	G	11	14	25	0	1	26	0	0
17	7983799	.	A	G	48	46	94	0	1	96	1	0
17	7983969	.	G	C	38	42	80	0	10	90	0	0
17	7989668	.	A	G	12	8	20	0	2	22	0	0
17	7990437	.	G	A	9	13	22	0	6	28	0	0
17	7999957	.	G	A	67	59	126	0	10	136	0	0
17	8012294	.	C	T	21	10	31	0	2	33	0	0
17	8012476	.	G	T	65	63	128	0	12	140	0	0
17	8015579	.	G	C	13	17	30	0	2	32	0	0
17	8019125	.	C	T	20	15	35	0	1	36	0	0
17	8022065	.	G	A	29	29	58	0	3	61	0	0
17	8022139	.	C	A	13	17	30	0	4	34	0	0
17	8024121	.	C	T	39	31	70	0	0	70	0	0
17	8027318	.	A	G	33	55	88	0	9	97	0	0
17	8053085	.	T	G	42	30	72	0	2	74	0	0
17	8062993	.	G	A	17	19	36	0	4	40	0	0
17	8132247	.	A	C	19	14	33	0	3	37	0	1
17	8132763	.	T	C	19	19	38	0	0	38	0	0
17	8134514	.	A	G	34	26	60	0	3	63	0	0
17	8135061	.	T	C	20	24	44	0	2	46	0	0
17	8135146	.	A	C	34	25	59	0	4	63	0	0
17	8135184	.	G	A	28	22	50	0	5	56	1	0
17	8135446	.	G	A	15	14	29	0	0	29	0	0
17	8139339	.	T	C	34	30	64	0	1	65	0	0
17	8141779	.	T	C	61	54	115	0	5	120	0	0
17	8146227	.	T	C	10	12	22	0	1	23	0	0
17	8157310	.	C	T	58	55	113	0	6	119	0	0
17	8159232	.	A	G	58	50	108	0	6	114	0	0
17	8161117	.	C	G	28	27	55	0	2	57	0	0
17	8166091	.	A	G	17	29	46	0	5	51	0	0
17	8166097	.	G	C	22	33	55	0	2	57	0	0
17	8166378	.	T	C	56	56	112	0	3	115	0	0
17	8166618	.	G	T	17	15	32	0	1	33	0	0
17	8167600	.	T	C	39	20	59	0	12	72	0	1
17	8168224	.	T	C	25	24	49	0	2	51	0	0
17	8168805	.	A	G	56	43	99	0	7	106	0	0
17	8169006	.	T	C	15	20	35	0	2	37	0	0
17	8194319	.	T	C	12	20	32	0	2	35	0	1
17	8195663	.	C	T	14	13	27	0	1	28	0	0
17	8216468	.	T	C	35	43	78	0	4	82	0	0
17	8274554	.	G	T	41	27	68	0	8	76	0	0
17	8371021	.	C	T	30	27	57	0	3	60	0	0
17	8383894	.	A	G	22	16	38	0	1	39	0	0
17	8390733	.	A	G	37	24	61	0	2	63	0	0
17	8396010	.	A	G	30	5	35	0	4	39	0	0
17	8411812	.	C	T	41	27	68	0	2	70	0	0
17	8412094	.	A	G	22	10	32	0	0	32	0	0
17	8416089	.	A	G	15	13	28	0	0	28	0	0
17	8416729	.	G	C	27	29	56	0	2	58	0	0
17	8416737	.	T	C	28	30	58	0	2	60	0	0
17	8445443	.	G	A	37	51	88	0	4	93	0	1
17	8464856	.	G	A	23	24	47	0	5	52	0	0
17	8644768	.	G	A	33	27	60	0	3	64	0	1
17	8644770	.	C	G	32	28	60	0	2	63	0	1
17	8647127	.	C	T	7	14	21	0	3	24	0	0
17	8647816	.	G	A	13	45	58	0	8	67	0	1
17	8660469	.	C	T	26	27	53	0	4	59	1	1
17	8662026	.	A	G	9	12	21	0	1	22	0	0
17	8701116	.	G	A	25	34	59	0	4	63	0	0
17	8701343	.	G	A	11	13	24	0	3	27	0	0
17	8701799	.	G	T	22	19	41	0	5	46	0	0
17	8725874	.	T	C	38	34	72	0	4	76	0	0
17	8726022	.	T	C	29	30	59	0	5	65	1	0
17	8726123	.	A	C	20	19	39	0	1	40	0	0
17	8726251	.	G	A	42	39	81	0	4	85	0	0
17	8736433	.	C	T	17	17	34	0	0	34	0	0
17	8738553	.	G	A	29	28	57	0	2	59	0	0
17	8742830	.	C	T	10	11	21	0	0	21	0	0
17	8742862	.	C	T	17	17	34	0	0	34	0	0
17	8743118	.	G	A	15	12	27	0	1	29	0	1
17	8753004	.	G	T	11	22	33	0	2	35	0	0
17	8778034	.	T	G	16	18	34	0	0	34	0	0
17	8784149	.	T	C	44	26	70	0	1	71	0	0
17	8784361	.	A	G	32	28	60	0	3	63	0	0
17	8784759	.	T	C	14	12	26	0	0	26	0	0
17	8785083	.	C	T	43	42	85	0	2	87	0	0
17	8785092	.	C	T	43	40	83	0	4	87	0	0
17	8787955	.	T	C	18	27	45	0	3	48	0	0
17	8788014	.	C	T	22	26	48	0	2	50	0	0
17	8788154	.	C	A	12	18	30	0	1	31	0	0
17	8789471	.	C	T	10	15	25	0	0	25	0	0
17	8789516	.	A	C	15	19	34	0	6	40	0	0
17	8789674	.	C	A	24	19	43	0	8	51	0	0
17	8790074	.	G	A	10	13	23	0	2	26	1	0
17	8790177	.	G	A	4	16	20	0	2	22	0	0
17	8790193	.	T	C	4	17	21	0	2	23	0	0
17	8790234	.	A	C	6	15	21	0	1	22	0	0
17	8790383	.	A	G	24	31	55	0	5	60	0	0
17	8790473	.	G	A	27	25	52	0	3	55	0	0
17	8790628	.	T	A	23	14	37	0	1	38	0	0
17	8790810	.	C	G	30	18	48	0	3	52	0	1
17	8790811	.	G	C	29	20	49	0	2	52	0	1
17	8790812	.	A	C	27	20	47	0	3	51	0	1
17	8790850	.	G	A	25	14	39	0	3	43	0	1
17	8791403	.	G	A	17	17	34	0	1	35	0	0
17	8792029	.	A	G	19	24	43	0	1	44	0	0
17	8792514	.	G	A	31	27	58	0	3	61	0	0
17	8793905	.	T	C	14	11	25	0	0	25	0	0
17	9057860	.	T	C	32	28	60	0	5	65	0	0
17	9065935	.	T	C	18	15	33	0	0	33	0	0
17	9066001	.	C	T	27	22	49	0	2	51	0	0
17	9066098	.	C	T	40	29	69	0	8	77	0	0
17	9083022	.	C	G	21	10	31	0	2	34	0	1
17	9086344	.	G	A	26	52	78	0	7	85	0	0
17	9086528	.	A	G	27	17	44	0	2	46	0	0
17	9086632	.	A	G	34	18	52	0	4	56	0	0
17	9153861	.	G	C	11	14	25	0	2	27	0	0
17	9395034	.	T	C	25	8	33	0	0	33	0	0
17	9408593	.	C	T	19	21	40	0	0	42	0	2
17	9515777	.	G	A	22	14	36	0	1	37	0	0
17	9559656	.	C	T	43	54	97	0	4	101	0	0
17	9559818	.	G	A	42	35	77	0	6	83	0	0
17	9559862	.	C	T	38	37	75	0	1	76	0	0
17	9586165	.	C	T	76	73	149	0	9	158	0	0
17	9590319	.	T	G	16	8	24	0	1	25	0	0
17	9596222	.	A	G	12	9	21	0	1	22	0	0
17	9631107	.	G	A	10	15	25	0	1	27	0	1
17	9631887	.	C	G	27	14	41	0	2	43	0	0
17	9680451	.	T	C	15	18	33	0	0	33	0	0
17	9711971	.	A	G	13	7	20	0	1	21	0	0
17	9712025	.	G	A	13	7	20	0	1	21	0	0
17	9712092	.	G	A	22	15	37	0	0	37	0	0
17	9712239	.	G	C	21	22	43	0	5	48	0	0
17	9712255	.	G	A	25	21	46	0	5	51	0	0
17	9725175	.	C	A	39	49	88	0	1	89	0	0
17	9751947	.	T	A	30	18	48	0	4	52	0	0
17	9760716	.	G	T	49	32	81	0	7	88	0	0
17	9763199	.	C	T	31	29	60	0	8	68	0	0
17	9769199	.	T	C	47	30	77	0	0	77	0	0
17	9769278	.	G	C	24	22	46	0	0	46	0	0
17	9783446	.	C	T	28	14	42	0	1	43	0	0
17	9791304	.	G	A	46	65	111	0	5	116	0	0
17	9792774	.	C	T	58	40	98	0	3	101	0	0
17	9800957	.	C	A	18	14	32	0	1	33	0	0
17	9814202	.	C	G	14	17	31	0	1	32	0	0
17	9822758	.	T	C	9	11	20	0	1	21	0	0
17	9828905	.	G	A	41	47	88	0	8	97	0	1
17	9828950	.	C	A	31	32	63	0	1	64	0	0
17	9829052	.	C	T	16	10	26	0	1	27	0	0
17	9830171	.	C	T	15	11	26	0	2	28	0	0
17	9846521	.	G	C	48	57	105	0	9	114	0	0
17	9846631	.	G	A	24	30	54	0	3	57	0	0
17	9850440	.	C	T	10	10	20	0	1	21	0	0
17	9862659	.	C	T	23	22	45	0	3	48	0	0
17	9943064	.	C	T	20	19	39	0	1	40	0	0
17	9974015	.	C	T	9	13	22	0	0	22	0	0
17	10097546	.	A	T	18	18	36	0	1	37	0	0
17	10214310	.	A	G	32	34	66	0	2	68	0	0
17	10214628	.	C	T	26	32	58	0	3	61	0	0
17	10216027	.	G	A	33	36	69	0	7	76	0	0
17	10221956	.	A	G	10	17	27	0	1	28	0	0
17	10221970	.	A	G	14	19	33	0	1	34	0	0
17	10222149	.	A	G	69	57	126	0	13	139	0	0
17	10223422	.	G	A	54	48	102	0	7	110	0	1
17	10223586	.	A	G	62	49	111	0	5	116	0	0
17	10223697	.	G	T	64	41	105	0	2	108	0	1
17	10223714	.	T	C	42	55	97	0	2	100	0	1
17	10225047	.	T	G	35	40	75	0	2	77	0	0
17	10243589	.	C	A	27	36	63	0	3	66	0	0
17	10243717	.	G	A	24	26	50	0	4	54	0	0
17	10243789	.	T	C	17	14	31	0	2	33	0	0
17	10249087	.	G	A	11	9	20	0	3	24	0	1
17	10258155	.	T	C	43	31	74	0	5	80	0	1
17	10258787	.	G	A	13	21	34	0	1	35	0	0
17	10267610	.	C	T	36	36	72	0	2	74	0	0
17	10297658	.	A	G	28	38	66	0	8	74	0	0
17	10298301	.	T	C	19	22	41	0	1	42	0	0
17	10303144	.	G	C	11	9	20	0	0	20	0	0
17	10304261	.	G	A	25	41	66	0	2	68	0	0
17	10309962	.	C	T	39	33	72	0	1	74	0	1
17	10312792	.	C	T	59	44	103	0	0	103	0	0
17	10314375	.	G	A	11	14	25	0	1	26	0	0
17	10317125	.	G	A	26	21	47	0	4	51	0	0
17	10317831	.	A	G	15	13	28	0	0	29	0	1
17	10317842	.	A	G	11	14	25	0	2	28	0	1
17	10346781	.	T	C	69	59	128	0	3	131	0	0
17	10348354	.	T	C	89	75	164	0	8	172	0	0
17	10351577	.	T	C	12	12	24	0	2	26	0	0
17	10355371	.	C	T	82	57	139	0	5	145	0	1
17	10355763	.	T	C	46	35	81	0	5	86	0	0
17	10356816	.	C	G	48	43	91	0	4	96	0	1
17	10357281	.	T	G	48	43	91	0	1	92	0	0
17	10360016	.	C	G	10	11	21	0	1	22	0	0
17	10362746	.	A	G	61	67	128	0	2	131	0	1
17	10363410	.	A	G	54	49	103	0	2	105	0	0
17	10364191	.	T	C	46	35	81	0	1	82	0	0
17	10399897	.	A	G	42	31	73	0	0	74	0	1
17	10400963	.	C	G	42	29	71	0	2	73	0	0
17	10411632	.	A	G	19	14	33	0	2	35	0	0
17	10426343	.	C	T	10	12	22	0	0	22	0	0
17	10427924	.	G	A	48	50	98	4	7	109	0	0
17	10432638	.	T	C	52	41	93	0	3	96	0	0
17	10434925	.	T	C	59	46	105	0	4	109	0	0
17	10439926	.	G	A	23	15	38	0	0	39	0	1
17	10442977	.	T	C	19	19	38	0	1	39	0	0
17	10446182	.	C	T	39	33	72	0	3	75	0	0
17	10446508	.	T	G	23	25	48	0	0	48	0	0
17	10448769	.	A	T	68	57	125	0	9	134	0	0
17	10450816	.	T	C	62	59	121	0	6	127	0	0
17	10535349	.	C	G	26	24	50	0	0	51	1	0
17	10554992	.	G	A	43	43	86	0	4	90	0	0
17	10598926	.	T	C	18	13	31	0	0	31	0	0
17	10609928	.	C	T	33	35	68	0	2	70	0	0
17	10614442	.	A	G	32	26	58	0	0	58	0	0
17	10614673	.	G	A	18	17	35	0	0	36	0	1
17	10614787	.	A	C	29	34	63	0	3	66	0	0
17	10614867	.	C	T	55	39	94	0	1	95	0	0
17	10614869	.	G	T	54	39	93	0	2	95	0	0
17	10618752	.	C	T	31	29	60	0	2	62	0	0
17	10619377	.	T	C	15	15	30	0	1	31	0	0
17	10619583	.	T	A	40	38	78	0	2	81	0	1
17	10628207	.	C	G	15	25	40	0	1	41	0	0
17	10632249	.	A	G	17	18	35	0	2	37	0	0
17	10632499	.	G	A	16	5	21	0	0	21	0	0
17	10707285	.	C	T	10	11	21	0	0	21	0	0
17	11461978	.	G	A	27	12	39	0	2	41	0	0
17	11511412	.	A	G	40	37	77	0	1	78	0	0
17	11513661	.	C	T	9	15	24	0	0	24	0	0
17	11515171	.	G	C	63	41	104	0	3	107	0	0
17	11515208	.	G	A	39	25	64	0	2	66	0	0
17	11523082	.	A	G	22	13	35	0	1	36	0	0
17	11572669	.	G	A	20	34	54	0	4	58	0	0
17	11593657	.	C	T	35	31	66	0	4	70	0	0
17	11603274	.	A	C	18	12	30	0	0	30	0	0
17	11608142	.	C	A	9	11	20	0	1	21	0	0
17	11622460	.	C	T	21	10	31	0	0	31	0	0
17	11622494	.	A	G	22	17	39	0	0	39	0	0
17	11622729	.	C	T	28	28	56	0	3	59	0	0
17	11622837	.	G	T	15	18	33	0	2	36	0	1
17	11648332	.	C	T	32	40	72	0	3	75	0	0
17	11648444	.	T	C	27	34	61	0	3	64	0	0
17	11660722	.	G	T	31	31	62	0	5	67	0	0
17	11671913	.	G	C	35	46	81	0	1	83	0	1
17	11784829	.	T	C	19	17	36	0	1	38	0	1
17	11826949	.	C	G	10	13	23	0	1	24	0	0
17	11826952	.	T	C	9	14	23	0	2	25	0	0
17	11827112	.	G	A	46	43	89	0	7	96	0	0
17	11827113	.	C	A	45	46	91	0	5	96	0	0
17	11827353	.	T	C	60	58	118	0	6	124	0	0
17	11835321	.	C	T	41	50	91	0	3	94	0	0
17	11840528	.	A	C	35	52	87	0	4	91	0	0
17	11865110	.	G	A	27	24	51	0	7	58	0	0
17	11865462	.	G	A	28	25	53	0	1	54	0	0
17	11999147	.	G	A	14	11	25	0	0	26	1	0
17	12620761	.	A	G	15	25	40	0	1	42	0	1
17	12642373	.	A	C	25	19	44	0	0	44	0	0
17	12647490	.	T	C	26	18	44	0	1	46	0	1
17	12798396	.	C	T	11	12	23	0	1	24	0	0
17	12799768	.	G	C	37	34	71	0	4	76	0	1
17	12812343	.	C	T	51	44	95	0	1	96	0	0
17	12822892	.	G	A	12	13	25	0	1	26	0	0
17	12822905	.	A	G	14	14	28	0	1	29	0	0
17	12823271	.	A	G	14	10	24	0	0	24	0	0
17	12858969	.	G	A	17	15	32	0	1	33	0	0
17	12859289	.	A	G	19	28	47	0	1	49	0	1
17	12859363	.	C	T	20	19	39	0	3	42	0	0
17	12894200	.	C	A	11	9	20	0	0	20	0	0
17	12897293	.	A	C	10	12	22	0	0	22	0	0
17	12903599	.	A	G	23	25	48	0	1	49	0	0
17	12905731	.	C	T	41	37	78	0	8	86	0	0
17	13399616	.	A	T	19	30	49	96	2	147	0	0
17	13446924	.	G	A	11	10	21	0	2	23	0	0
17	14005373	.	C	T	54	72	126	0	1	127	0	0
17	14005386	.	T	C	64	68	132	0	2	134	0	0
17	14005439	.	G	A	76	59	135	0	2	137	0	0
17	14005726	.	T	G	22	15	37	0	0	38	0	1
17	14608457	.	C	G	21	23	44	0	2	46	0	0
17	14608487	.	C	T	22	21	43	0	1	44	0	0
17	14608685	.	G	A	26	35	61	0	4	65	0	0
17	14608855	.	A	G	23	22	45	0	4	49	0	0
17	14614348	.	G	C	23	25	48	0	0	48	0	0
17	14624206	.	G	A	35	22	57	0	0	57	0	0
17	14624232	.	T	C	23	19	42	0	0	42	0	0
17	15142945	.	C	T	31	23	54	0	3	57	0	0
17	15162389	.	T	C	32	27	59	0	1	60	0	0
17	15207364	.	T	G	43	45	88	0	3	91	0	0
17	15440278	.	G	T	49	36	85	12	0	98	0	1
17	15441330	.	G	C	24	13	37	6	1	45	1	0
17	15441486	.	G	A	54	39	93	1	3	97	0	0
17	15442317	.	G	A	13	14	27	0	0	27	0	0
17	15443742	.	C	G	33	31	64	79	0	143	0	0
17	15458722	.	T	C	59	50	109	2	3	114	0	0
17	15468718	.	G	A	34	21	55	8	2	66	0	1
17	15469278	.	C	G	112	25	137	39	5	182	0	1
17	15492110	.	C	T	23	20	43	2	5	50	0	0
17	15495266	.	C	A	13	14	27	1	4	32	0	0
17	15495401	.	A	G	14	10	24	0	2	26	0	0
17	15496612	.	G	A	137	109	246	47	3	296	0	0
17	15496730	.	A	G	93	100	193	4	6	203	0	0
17	15498181	.	A	G	74	36	110	6	12	128	0	0
17	15501658	.	G	A	10	10	20	2	2	24	0	0
17	15502013	.	A	G	48	14	62	8	1	71	0	0
17	15508352	.	G	T	22	8	30	2	1	33	0	0
17	15508447	.	C	A	40	14	54	8	3	65	0	0
17	15508521	.	T	C	53	16	69	8	1	78	0	0
17	15511012	.	T	C	63	70	133	12	2	149	1	1
17	15516147	.	C	A	36	43	79	0	10	89	0	0
17	15517373	.	G	A	26	23	49	7	3	59	0	0
17	15531942	.	C	A	36	33	69	31	9	109	0	0
17	15532430	.	G	A	52	47	99	17	4	120	0	0
17	15535167	.	C	T	9	13	22	4	1	27	0	0
17	15554504	.	G	A	45	54	99	0	4	103	0	0
17	15554561	.	C	A	71	52	123	0	4	127	0	0
17	15636667	.	C	T	5	16	21	5	0	26	0	0
17	15639254	.	G	C	33	23	56	6	0	62	0	0
17	15640647	.	A	G	28	11	39	21	5	65	0	0
17	15644392	.	T	C	35	54	89	0	6	96	0	1
17	15644745	.	G	C	7	29	36	0	0	36	0	0
17	15672118	.	A	G	12	21	33	5	3	41	0	0
17	15672125	.	C	G	21	13	34	5	2	41	0	0
17	15672820	.	A	G	53	10	63	6	2	71	0	0
17	15673773	.	G	A	53	19	72	0	2	74	0	0
17	15673784	.	C	T	47	30	77	0	1	78	0	0
17	15673991	.	T	C	23	12	35	0	3	38	0	0
17	15674261	.	C	T	21	10	31	12	3	46	0	0
17	15674337	.	G	A	15	7	22	15	0	37	0	0
17	15674590	.	C	T	14	8	22	9	0	31	0	0
17	15686884	.	C	G	56	55	111	0	4	116	0	1
17	15687250	.	T	C	66	55	121	0	4	125	0	0
17	15687604	.	G	A	64	46	110	0	1	112	0	1
17	15688147	.	G	T	13	13	26	0	3	29	0	0
17	15689939	.	A	G	17	30	47	0	3	52	0	2
17	15690164	.	T	A	18	23	41	13	0	55	0	1
17	15690281	.	C	T	36	27	63	17	4	84	0	0
17	15690793	.	T	C	116	126	242	2	8	252	0	0
17	15720719	.	G	T	16	16	32	0	4	36	0	0
17	15720914	.	C	T	68	59	127	4	5	136	0	0
17	15720967	.	C	G	52	55	107	4	12	123	0	0
17	15878893	.	C	G	51	50	101	0	2	103	0	0
17	15881327	.	C	T	47	30	77	0	1	78	0	0
17	15884561	.	C	T	11	17	28	0	1	29	0	0
17	15905078	.	T	C	10	10	20	0	0	20	0	0
17	15905190	.	A	G	18	22	40	0	2	42	0	0
17	15928178	.	T	C	16	9	25	0	0	25	0	0
17	15931062	.	T	C	24	29	53	0	4	58	0	1
17	15935823	.	A	G	23	12	35	0	3	38	0	0
17	15947929	.	C	T	34	32	66	0	4	70	0	0
17	15950198	.	G	A	37	20	57	0	2	59	0	0
17	15961951	.	A	G	28	23	51	0	0	52	0	1
17	15973844	.	A	T	48	46	94	0	3	97	0	0
17	15974831	.	C	T	63	73	136	0	10	146	0	0
17	16022883	.	T	C	12	9	21	0	0	21	0	0
17	16029644	.	T	C	12	13	25	0	0	25	0	0
17	16283143	.	G	A	19	31	50	0	5	55	0	0
17	16322676	.	T	C	39	17	56	0	3	59	0	0
17	16323416	.	A	G	38	31	69	0	4	73	0	0
17	16326253	.	G	T	20	13	33	0	0	33	0	0
17	16329745	.	C	T	21	19	40	0	3	43	0	0
17	16329815	.	G	A	29	19	48	0	7	55	0	0
17	16331820	.	T	C	22	20	42	0	3	45	0	0
17	16335191	.	C	A	27	29	56	0	6	62	0	0
17	16336828	.	G	A	57	34	91	0	7	98	0	0
17	16336992	.	C	G	46	38	84	0	0	84	0	0
17	16342687	.	T	A	28	22	50	0	12	62	0	0
17	16342813	.	T	C	33	46	79	0	4	83	0	0
17	16344600	.	T	C	58	42	100	0	0	100	0	0
17	16344601	.	G	C	56	40	96	0	2	98	0	0
17	16346932	.	G	T	32	21	53	0	0	53	0	0
17	16347205	.	C	T	64	59	123	0	5	129	0	1
17	16350156	.	T	C	31	23	54	0	5	59	0	0
17	16350239	.	A	G	22	24	46	0	12	58	0	0
17	16351041	.	G	A	9	23	32	0	7	39	0	0
17	16456614	.	T	G	27	16	43	0	2	45	0	0
17	16470548	.	C	T	25	18	43	0	1	44	0	0
17	16520240	.	T	C	22	21	43	0	1	45	0	1
17	16520433	.	C	G	43	40	83	2	5	90	0	0
17	16538181	.	C	T	10	11	21	0	0	21	0	0
17	16552807	.	G	A	12	8	20	0	0	20	0	0
17	16552913	.	C	A	17	26	43	0	0	43	0	0
17	16586722	.	A	G	16	15	31	0	1	32	0	0
17	16587108	.	C	T	31	70	101	0	5	106	0	0
17	16587263	.	G	T	79	69	148	5	7	160	0	0
17	16587281	.	C	A	83	69	152	5	2	159	0	0
17	16593500	.	T	C	39	28	67	16	3	86	0	0
17	16593732	.	A	G	64	53	117	34	17	168	0	0
17	16593861	.	C	G	51	33	84	0	6	90	0	0
17	16594071	.	C	T	32	9	41	1	5	47	0	0
17	16608312	.	A	G	31	24	55	8	3	67	0	1
17	16610767	.	T	C	101	40	141	12	1	154	0	0
17	16610859	.	G	T	77	48	125	6	3	136	0	2
17	16612114	.	C	T	145	146	291	0	9	300	0	0
17	16612183	.	A	T	140	134	274	58	5	337	0	0
17	16612681	.	T	C	102	39	141	19	1	161	0	0
17	16613592	.	A	G	44	34	78	11	2	91	0	0
17	16613740	.	A	G	208	165	373	45	56	476	0	2
17	16614065	.	C	T	15	22	37	3	0	40	0	0
17	16615361	.	T	C	13	9	22	1	2	26	0	1
17	16623760	.	C	A	38	26	64	42	3	109	0	0
17	16623795	.	C	T	36	27	63	46	3	112	0	0
17	16624057	.	T	C	64	41	105	32	1	140	0	2
17	16638824	.	C	T	18	33	51	97	0	148	0	0
17	16648341	.	A	G	12	12	24	13	0	37	0	0
17	16648350	.	T	C	17	10	27	13	0	40	0	0
17	16648540	.	C	T	14	14	28	10	0	38	0	0
17	16664991	.	G	A	11	93	104	35	1	140	0	0
17	16676047	.	C	T	72	47	119	32	8	160	0	1
17	16691274	.	C	T	10	11	21	3	0	24	0	0
17	16693283	.	A	C	14	10	24	11	0	35	0	0
17	16696055	.	C	G	26	21	47	0	0	47	0	0
17	16699167	.	A	G	8	20	28	0	0	28	0	0
17	16699727	.	G	T	46	41	87	20	1	109	0	1
17	16703251	.	T	C	60	39	99	39	6	144	0	0
17	16703624	.	G	A	126	107	233	12	7	252	0	0
17	16703770	.	G	C	28	113	141	25	11	177	0	0
17	16733621	.	G	A	10	14	24	44	1	69	0	0
17	16734163	.	C	T	27	20	47	4	1	52	0	0
17	16734229	.	T	C	34	30	64	3	2	70	0	1
17	16734971	.	A	T	73	23	96	15	8	119	0	0
17	16735480	.	G	A	49	18	67	21	6	95	0	1
17	16735532	.	T	C	75	30	105	34	3	143	0	1
17	16735868	.	G	T	59	70	129	116	21	266	0	0
17	16736293	.	G	A	13	11	24	67	0	91	0	0
17	16744793	.	A	T	6	19	25	2	5	32	0	0
17	16744951	.	C	T	15	14	29	3	5	37	0	0
17	16746343	.	C	T	96	41	137	44	6	188	1	0
17	16746358	.	G	A	44	85	129	52	6	187	0	0
17	16746817	.	C	T	35	18	53	29	1	83	0	0
17	16746881	.	C	T	78	48	126	9	4	140	1	0
17	16746950	.	C	T	97	49	146	65	8	219	0	0
17	16747452	.	C	T	30	18	48	17	6	71	0	0
17	16748746	.	G	A	31	43	74	155	10	240	0	1
17	16749529	.	C	T	41	49	90	9	7	107	0	1
17	16753633	.	G	A	53	60	113	189	3	306	0	1
17	16785579	.	G	A	19	18	37	0	1	38	0	0
17	16785929	.	G	A	25	17	42	0	1	43	0	0
17	16785932	.	A	C	24	16	40	0	1	41	0	0
17	16796691	.	C	T	60	53	113	0	4	117	0	0
17	16796859	.	C	T	13	16	29	0	0	29	0	0
17	16796872	.	T	C	15	9	24	0	0	24	0	0
17	16828390	.	G	A	7	14	21	0	1	22	0	0
17	16828570	.	G	A	33	36	69	0	4	73	0	0
17	16828571	.	C	T	34	36	70	0	5	75	0	0
17	16828610	.	G	T	42	32	74	0	4	78	0	0
17	16828650	.	A	G	50	35	85	0	4	89	0	0
17	16828713	.	A	T	48	41	89	0	2	91	0	0
17	16828765	.	G	A	33	26	59	0	1	60	0	0
17	16828949	.	G	C	19	20	39	0	6	45	0	0
17	16829072	.	A	T	28	33	61	0	3	64	0	0
17	16829138	.	C	T	55	57	112	0	5	117	0	0
17	16829669	.	T	A	21	21	42	0	4	46	0	0
17	16829919	.	C	T	14	9	23	0	2	25	0	0
17	16830149	.	T	C	18	25	43	0	0	43	0	0
17	16830410	.	T	C	14	16	30	0	5	35	0	0
17	16830419	.	A	G	19	15	34	0	2	36	0	0
17	16842912	.	A	G	27	24	51	0	6	57	0	0
17	16892334	.	C	T	9	12	21	0	0	21	0	0
17	17035036	.	A	G	31	40	71	0	3	74	0	0
17	17046736	.	T	G	42	30	72	0	5	77	0	0
17	17047002	.	T	G	43	54	97	0	9	106	0	0
17	17049426	.	G	A	21	28	49	0	3	53	1	0
17	17053401	.	T	C	63	43	106	0	2	109	0	1
17	17124815	.	C	T	43	39	82	0	9	91	0	0
17	17145431	.	C	G	32	30	62	0	3	65	0	0
17	17150952	.	A	G	15	18	33	0	1	34	0	0
17	17168316	.	A	T	30	24	54	0	1	55	0	0
17	17179299	.	C	G	25	24	49	0	0	49	0	0
17	17184076	.	C	A	12	8	20	0	2	23	0	1
17	17184399	.	A	C	25	19	44	0	5	49	0	0
17	17286927	.	G	T	25	26	51	0	4	55	0	0
17	17287228	.	G	T	13	9	22	0	1	24	0	1
17	17287269	.	G	A	10	15	25	0	2	28	0	1
17	17287323	.	T	C	14	15	29	0	2	32	0	1
17	17287353	.	A	C	11	10	21	0	1	23	0	1
17	17380293	.	G	A	25	25	50	0	3	53	0	0
17	17410507	.	T	C	12	16	28	0	2	30	0	0
17	17410522	.	A	G	16	13	29	0	0	29	0	0
17	17495090	.	C	T	13	8	21	0	0	21	0	0
17	17696531	.	G	C	29	27	56	0	2	58	0	0
17	17696755	.	C	A	32	27	59	0	7	67	0	1
17	17697102	.	G	A	45	27	72	0	5	77	0	0
17	17698254	.	G	A	29	31	60	0	4	64	0	0
17	17700573	.	T	C	20	18	38	0	5	44	0	1
17	17700792	.	C	T	37	33	70	0	8	78	0	0
17	17715101	.	G	A	22	28	50	0	1	51	0	0
17	17715317	.	C	G	27	20	47	0	0	47	0	0
17	17718284	.	G	A	20	22	42	0	2	44	0	0
17	17719989	.	C	T	19	17	36	0	6	42	0	0
17	17720391	.	A	G	24	23	47	0	3	50	0	0
17	17748379	.	G	A	15	10	25	0	0	25	0	0
17	17766253	.	T	C	36	15	51	0	7	58	0	0
17	17772907	.	A	G	23	25	48	0	0	48	0	0
17	17816825	.	G	A	17	22	39	7	2	48	0	0
17	17875836	.	A	T	13	9	22	0	4	26	0	0
17	17880877	.	A	G	39	30	69	0	0	69	0	0
17	17884547	.	A	C	27	20	47	0	2	49	0	0
17	17884660	.	G	A	22	21	43	0	0	43	0	0
17	17896090	.	C	T	59	66	125	0	2	128	0	1
17	17896205	.	C	T	45	44	89	0	3	92	0	0
17	17897739	.	T	C	32	23	55	0	6	61	0	0
17	17900990	.	T	C	27	19	46	0	1	47	0	0
17	17919397	.	C	T	63	60	123	0	6	130	0	1
17	17929427	.	A	T	12	10	22	0	0	22	0	0
17	17948475	.	G	A	38	43	81	0	0	81	0	0
17	17957619	.	G	A	29	25	54	0	4	58	0	0
17	18005073	.	A	G	17	16	33	0	1	34	0	0
17	18030240	.	T	C	17	23	40	0	1	41	0	0
17	18030524	.	G	A	12	9	21	0	1	22	0	0
17	18041507	.	C	T	28	31	59	0	0	59	0	0
17	18042276	.	A	C	11	11	22	0	1	23	0	0
17	18043766	.	C	G	35	55	90	0	4	95	0	1
17	18043817	.	C	T	39	51	90	0	4	94	0	0
17	18045098	.	G	A	22	21	43	0	6	49	0	0
17	18045641	.	G	A	24	20	44	0	2	47	1	0
17	18046058	.	A	C	35	26	61	0	9	70	0	0
17	18046124	.	C	T	36	25	61	0	3	64	0	0
17	18046898	.	T	C	41	67	108	0	12	120	0	0
17	18047189	.	G	A	41	49	90	0	4	94	0	0
17	18051975	.	T	C	24	29	53	0	1	55	0	1
17	18054348	.	C	G	17	37	54	0	3	57	0	0
17	18054692	.	G	A	30	22	52	0	5	57	0	0
17	18054868	.	G	T	18	15	33	0	4	37	0	0
17	18055575	.	G	C	11	18	29	0	0	29	0	0
17	18059454	.	G	A	18	22	40	0	0	40	0	0
17	18062443	.	G	A	27	21	48	0	1	49	0	0
17	18064797	.	G	A	11	12	23	0	0	23	0	0
17	18070761	.	G	A	27	21	48	0	2	50	0	0
17	18077175	.	T	C	30	35	65	0	6	71	0	0
17	18088094	.	C	T	44	41	85	0	8	93	0	0
17	18088377	.	C	T	14	30	44	0	0	44	0	0
17	18111344	.	A	T	13	12	25	0	2	27	0	0
17	18111793	.	C	T	58	34	92	0	1	93	0	0
17	18111868	.	G	A	32	18	50	0	4	54	0	0
17	18112675	.	C	T	43	40	83	0	4	87	0	0
17	18133504	.	C	T	9	11	20	0	2	23	0	1
17	18135707	.	G	A	11	17	28	0	2	30	0	0
17	18141705	.	C	T	52	48	100	0	10	110	0	0
17	18141807	.	G	A	43	31	74	0	6	81	0	1
17	18141947	.	A	G	24	9	33	0	4	37	0	0
17	18144013	.	C	T	63	66	129	0	7	136	0	0
17	18144172	.	T	C	47	52	99	0	3	102	0	0
17	18144720	.	C	T	12	12	24	0	1	26	0	1
17	18148485	.	G	A	40	27	67	0	3	70	0	0
17	18194424	.	T	C	12	9	21	0	0	21	0	0
17	18301096	.	T	C	45	111	156	113	0	269	0	0
17	18301130	.	G	T	68	164	232	53	4	289	0	0
17	18301131	.	T	C	69	164	233	52	5	290	0	0
17	18301132	.	G	A	163	78	241	52	4	297	0	0
17	18301235	.	T	C	60	111	171	188	6	366	0	1
17	18301242	.	C	A	49	101	150	200	3	354	0	1
17	18301319	.	A	G	31	53	84	215	1	300	0	0
17	18301425	.	T	C	12	13	25	146	0	171	0	0
17	18301623	.	G	A	10	24	34	68	1	103	0	0
17	18301982	.	A	C	18	30	48	93	2	143	0	0
17	18302015	.	C	T	14	22	36	92	1	129	0	0
17	18314830	.	T	C	41	53	94	19	9	122	0	0
17	18314913	.	T	C	178	54	232	17	28	278	0	1
17	18314964	.	T	G	219	55	274	25	29	329	0	1
17	18315147	.	C	G	98	57	155	28	9	192	0	0
17	18325870	.	C	A	5	23	28	5	2	35	0	0
17	18343406	.	C	T	52	135	187	139	13	339	0	0
17	18344511	.	G	A	7	27	34	87	3	124	0	0
17	18344666	.	G	A	11	73	84	19	3	106	0	0
17	18345478	.	C	T	60	38	98	38	3	139	0	0
17	18345874	.	G	C	40	12	52	37	1	90	0	0
17	18353714	.	T	G	157	147	304	57	25	386	0	0
17	18354076	.	C	T	105	72	177	131	3	311	0	0
17	18363912	.	G	A	61	19	80	11	2	93	0	0
17	18364837	.	A	T	52	8	60	20	0	80	0	0
17	18365166	.	G	C	73	13	86	22	2	110	0	0
17	18365168	.	C	T	48	37	85	22	6	113	0	0
17	18365914	.	T	C	34	39	73	19	3	95	0	0
17	18366530	.	C	T	30	17	47	0	4	51	0	0
17	18366653	.	T	A	12	22	34	4	1	39	0	0
17	18370695	.	C	A	94	76	170	35	4	210	0	1
17	18370728	.	C	T	71	117	188	44	10	242	0	0
17	18380135	.	C	G	217	60	277	26	12	315	0	0
17	18380154	.	A	G	225	75	300	22	18	340	0	0
17	18387129	.	C	T	52	48	100	72	0	172	0	0
17	18387522	.	A	G	36	14	50	23	5	78	0	0
17	18389066	.	C	T	20	13	33	5	1	39	0	0
17	18390877	.	T	C	23	17	40	78	2	120	0	0
17	18390928	.	A	G	37	25	62	132	7	201	0	0
17	18390993	.	C	T	52	45	97	206	1	304	0	0
17	18391003	.	G	A	53	47	100	207	3	311	1	0
17	18391144	.	C	T	92	84	176	15	30	221	0	0
17	18392377	.	G	A	72	63	135	87	3	225	0	0
17	18393880	.	A	G	56	46	102	102	7	211	0	0
17	18394914	.	A	G	49	20	69	11	8	88	0	0
17	18396246	.	T	C	98	19	117	43	11	172	0	1
17	18396311	.	A	G	39	11	50	18	1	69	0	0
17	18396325	.	T	C	27	8	35	12	1	48	0	0
17	18396334	.	T	G	24	9	33	12	0	45	0	0
17	18397817	.	G	A	60	13	73	16	2	91	0	0
17	18402560	.	A	T	14	15	29	108	1	138	0	0
17	18402830	.	C	G	18	18	36	2	4	42	0	0
17	18403635	.	G	A	21	20	41	160	2	203	0	0
17	18406264	.	G	C	79	25	104	25	3	134	0	2
17	18406639	.	T	C	20	18	38	134	2	175	0	1
17	18417838	.	C	A	109	48	157	19	3	179	0	0
17	18417847	.	T	C	113	54	167	19	2	188	0	0
17	18429278	.	T	G	21	20	41	58	0	99	0	0
17	18486267	.	C	A	25	16	41	4	0	46	0	1
17	18542519	.	T	G	54	47	101	46	4	152	0	1
17	18542678	.	T	C	13	8	21	13	2	36	0	0
17	18544899	.	A	G	21	18	39	0	1	40	0	0
17	18554229	.	T	C	45	53	98	0	1	99	0	0
17	18554514	.	T	C	43	53	96	0	4	100	0	0
17	18554918	.	G	A	196	129	325	22	1	348	0	0
17	18555687	.	T	C	15	9	24	7	0	31	0	0
17	18565143	.	T	C	17	35	52	4	1	57	0	0
17	18565350	.	G	C	74	49	123	19	2	144	0	0
17	18565409	.	A	G	73	19	92	13	2	108	0	1
17	18565423	.	G	A	51	39	90	11	2	104	0	1
17	18569777	.	T	C	18	19	37	10	0	47	0	0
17	18569799	.	A	T	17	20	37	12	0	49	0	0
17	18573899	.	C	G	37	34	71	0	4	76	0	1
17	18574009	.	A	G	38	18	56	4	1	61	0	0
17	18574794	.	C	T	78	76	154	69	2	225	0	0
17	18574872	.	G	T	88	71	159	59	11	229	0	0
17	18574998	.	A	T	68	74	142	2	6	150	0	0
17	18575127	.	G	A	62	26	88	12	3	104	0	1
17	18575140	.	A	G	62	35	97	11	3	112	0	1
17	18575675	.	T	G	24	22	46	1	6	53	0	0
17	18584834	.	C	A	9	11	20	73	2	95	0	0
17	18630995	.	G	A	72	58	130	6	4	140	0	0
17	18638151	.	A	G	22	40	62	9	5	76	0	0
17	18654358	.	A	G	77	61	138	0	5	143	0	0
17	18682399	.	A	G	5	22	27	12	1	40	0	0
17	18793061	.	C	T	2	24	26	0	0	26	0	0
17	18855611	.	T	C	79	79	158	0	9	168	0	1
17	18856896	.	G	A	53	55	108	0	5	114	0	1
17	18857163	.	G	A	11	18	29	0	1	30	0	0
17	18863979	.	G	C	41	65	106	0	7	113	0	0
17	18872521	.	A	G	32	26	58	0	9	67	0	0
17	18872581	.	C	T	36	28	64	0	3	67	0	0
17	18874720	.	C	G	95	86	181	0	12	193	0	0
17	18881523	.	C	T	46	42	88	0	5	93	0	0
17	18882145	.	C	T	43	30	73	0	7	80	0	0
17	18882214	.	G	A	21	18	39	0	1	40	0	0
17	18918258	.	C	G	19	21	40	0	3	43	0	0
17	18997015	.	T	C	79	75	154	52	11	217	0	0
17	18997106	.	G	T	122	34	156	42	18	216	0	0
17	19091464	.	G	C	159	181	340	153	7	500	0	0
17	19238570	.	A	C	21	24	45	0	1	46	0	0
17	19247088	.	G	A	23	23	46	0	6	52	0	0
17	19314296	.	T	C	45	52	97	0	11	108	0	0
17	19314611	.	T	C	44	45	89	0	6	95	0	0
17	19314637	.	C	T	41	48	89	0	4	93	0	0
17	19318031	.	A	G	24	24	48	0	2	50	0	0
17	19349606	.	A	G	40	24	64	5	4	73	0	0
17	19437425	.	G	A	19	10	29	0	3	32	0	0
17	19445923	.	A	G	15	15	30	0	1	31	0	0
17	19458777	.	G	C	36	34	70	0	3	74	1	0
17	19463685	.	A	G	60	54	114	0	8	122	0	0
17	19470597	.	C	T	33	32	65	1	2	68	0	0
17	19491861	.	C	T	17	14	31	3	0	34	0	0
17	19555725	.	A	T	19	17	36	0	0	36	0	0
17	19555976	.	T	C	25	24	49	0	3	52	0	0
17	19559468	.	A	G	20	22	42	0	0	42	0	0
17	19559623	.	G	A	63	82	145	0	4	149	0	0
17	19559770	.	C	T	66	54	120	0	3	123	0	0
17	19578873	.	A	T	30	40	70	0	4	74	0	0
17	19607432	.	C	T	37	33	70	0	7	77	0	0
17	19610104	.	C	T	11	19	30	0	3	33	0	0
17	19617236	.	G	T	40	37	77	0	8	85	0	0
17	19651482	.	T	G	21	25	46	0	0	46	0	0
17	19651902	.	C	T	11	19	30	0	0	30	0	0
17	19658853	.	A	G	60	50	110	0	6	116	0	0
17	19658917	.	T	C	58	44	102	0	7	109	0	0
17	19659299	.	T	C	14	17	31	0	5	36	0	0
17	19678308	.	A	C	22	20	42	0	0	42	0	0
17	19699358	.	T	C	29	27	56	0	2	58	0	0
17	19729495	.	T	C	31	30	61	0	1	62	0	0
17	19741759	.	C	T	31	38	69	0	1	70	0	0
17	19741761	.	G	A	30	39	69	0	2	71	0	0
17	19752560	.	A	G	12	11	23	0	0	23	0	0
17	19768064	.	T	C	18	16	34	0	2	36	0	0
17	19768200	.	T	C	29	31	60	0	1	61	0	0
17	19999781	.	G	A	34	28	62	0	2	64	0	0
17	20000131	.	G	T	16	10	26	0	0	26	0	0
17	20013802	.	G	A	25	27	52	0	5	57	0	0
17	20015428	.	G	A	18	19	37	0	4	41	0	0
17	20107414	.	G	A	15	9	24	0	2	26	0	0
17	20108184	.	C	G	8	15	23	0	1	24	0	0
17	20243114	.	G	T	58	50	108	153	3	265	0	1
17	20243185	.	C	T	8	75	83	155	2	240	0	0
17	20269243	.	A	G	41	30	71	39	1	111	0	0
17	20279717	.	C	A	27	4	31	5	2	38	0	0
17	20321843	.	A	C	19	6	25	12	1	38	0	0
17	20332305	.	T	C	5	17	22	7	0	29	0	0
17	20335368	.	A	G	37	43	80	8	0	88	0	0
17	20346728	.	A	C	32	26	58	94	6	158	0	0
17	20356536	.	A	G	74	82	156	15	9	181	0	1
17	20361493	.	T	C	48	58	106	143	4	253	0	0
17	20361768	.	G	A	30	20	50	46	0	96	0	0
17	20363423	.	T	C	32	10	42	27	2	71	0	0
17	20380020	.	G	C	12	8	20	4	2	26	0	0
17	20384365	.	T	C	10	10	20	0	0	20	0	0
17	20384834	.	G	A	17	23	40	4	2	46	0	0
17	20397074	.	A	G	116	52	168	90	21	279	0	0
17	20397203	.	C	T	209	293	502	38	42	583	0	1
17	20397415	.	G	A	139	87	226	64	13	303	0	0
17	20397474	.	C	T	106	115	221	76	12	309	0	0
17	20406544	.	C	G	14	12	26	85	2	113	0	0
17	20407154	.	A	C	174	44	218	59	10	287	0	0
17	20407684	.	C	G	95	70	165	70	10	245	0	0
17	20417975	.	C	T	73	57	130	11	4	145	0	0
17	20418163	.	A	G	11	11	22	28	2	52	0	0
17	20420805	.	A	G	21	25	46	49	5	100	0	0
17	20422860	.	T	C	5	18	23	56	0	80	0	1
17	20423046	.	G	A	3	32	35	101	3	140	0	1
17	20424189	.	T	C	24	11	35	34	1	70	0	0
17	20426947	.	G	A	30	14	44	6	1	51	0	0
17	20435422	.	C	G	18	15	33	3	2	38	0	0
17	20435673	.	A	C	9	16	25	98	3	126	0	0
17	20436158	.	A	G	23	10	33	16	7	57	0	1
17	20448283	.	G	A	255	208	463	60	19	543	0	1
17	20448441	.	A	G	134	103	237	115	12	364	0	0
17	20448954	.	T	C	15	7	22	47	1	71	0	1
17	20449054	.	G	A	21	8	29	71	1	102	0	1
17	20450959	.	T	C	66	61	127	15	2	144	0	0
17	20451093	.	C	T	34	34	68	131	2	201	0	0
17	20451293	.	A	G	27	16	43	92	0	135	0	0
17	20452886	.	T	C	20	8	28	70	4	103	0	1
17	20452899	.	G	T	14	9	23	65	3	92	0	1
17	20453678	.	G	A	14	12	26	30	3	59	0	0
17	20453764	.	A	G	36	19	55	50	6	112	0	1
17	20453878	.	G	T	129	86	215	25	14	255	0	1
17	20454071	.	G	A	109	98	207	118	9	334	0	0
17	20454161	.	C	T	125	114	239	53	15	307	0	0
17	20454250	.	A	G	40	29	69	80	4	154	0	1
17	20454315	.	G	A	21	20	41	61	2	104	0	0
17	20454366	.	C	A	13	9	22	49	0	71	0	0
17	20459506	.	A	G	23	4	27	0	0	27	0	0
17	20487656	.	G	A	18	18	36	8	1	45	0	0
17	20492784	.	T	A	31	37	68	19	3	90	0	0
17	20513041	.	A	G	14	7	21	0	0	21	0	0
17	20602149	.	C	T	62	62	124	11	11	146	0	0
17	20620014	.	C	T	35	31	66	1	4	71	0	0
17	20624142	.	G	T	15	12	27	0	2	29	0	0
17	20625258	.	C	T	14	26	40	0	1	41	0	0
17	20628146	.	A	T	37	24	61	0	0	61	0	0
17	20634805	.	C	T	28	20	48	0	1	49	0	0
17	20634859	.	C	T	10	12	22	0	0	22	0	0
17	20635782	.	A	T	39	32	71	0	3	74	0	0
17	20636048	.	C	A	58	44	102	0	2	104	0	0
17	20640324	.	A	G	39	37	76	0	2	78	0	0
17	20640777	.	A	G	24	29	53	0	2	56	0	1
17	20640934	.	A	C	15	30	45	0	0	46	0	1
17	20641139	.	C	T	38	33	71	0	7	79	1	0
17	20643920	.	A	G	34	21	55	0	1	56	0	0
17	20692487	.	G	A	8	16	24	0	1	25	0	0
17	20744465	.	A	T	19	18	37	1	5	43	0	0
17	20744483	.	A	G	24	19	43	1	4	48	0	0
17	20744601	.	C	T	60	53	113	1	7	121	0	0
17	20744647	.	A	C	65	68	133	0	4	137	0	0
17	20744900	.	C	T	28	34	62	1	6	69	0	0
17	20747365	.	T	A	25	25	50	4	3	58	0	1
17	20768601	.	C	T	17	8	25	0	0	25	0	0
17	20768608	.	G	A	19	7	26	0	0	26	0	0
17	20768692	.	A	G	38	7	45	1	2	48	0	0
17	20768867	.	A	C	21	6	27	2	0	29	0	0
17	20769659	.	T	C	16	4	20	1	2	24	0	1
17	20872949	.	T	C	23	19	42	0	2	44	0	0
17	20884969	.	T	G	13	13	26	0	2	28	0	0
17	20898576	.	C	T	11	11	22	0	0	22	0	0
17	20899475	.	C	T	17	28	45	0	1	46	0	0
17	20908325	.	T	C	36	35	71	0	3	74	0	0
17	20911173	.	G	T	24	34	58	0	1	59	0	0
17	20914716	.	C	T	17	19	36	0	2	38	0	0
17	20916035	.	A	G	17	21	38	0	2	40	0	0
17	20921492	.	C	T	13	24	37	0	2	39	0	0
17	20924236	.	A	G	12	11	23	0	0	23	0	0
17	21075183	.	G	T	31	25	56	0	3	59	0	0
17	21087615	.	C	A	25	21	46	0	3	49	0	0
17	21087671	.	C	T	23	24	47	0	1	49	0	1
17	21088146	.	T	C	18	16	34	0	0	34	0	0
17	21144074	.	G	A	37	29	66	0	5	71	0	0
17	21144130	.	G	A	33	32	65	0	4	69	0	0
17	21146911	.	C	T	14	18	32	0	3	36	0	1
17	21201550	.	T	C	28	29	57	0	5	62	0	0
17	21201719	.	T	C	56	53	109	0	6	115	0	0
17	21201851	.	A	G	39	38	77	0	5	82	0	0
17	21201890	.	A	G	34	24	58	0	6	65	1	0
17	21201894	.	C	T	33	25	58	0	5	64	0	1
17	21201934	.	T	C	28	22	50	0	3	54	0	1
17	21201962	.	C	T	41	20	61	0	1	63	0	1
17	21201981	.	A	G	32	25	57	0	2	60	0	1
17	21202015	.	G	A	40	24	64	0	8	72	0	0
17	21202056	.	G	A	38	27	65	0	7	72	0	0
17	21202063	.	G	C	41	23	64	0	8	72	0	0
17	21202067	.	A	G	41	25	66	0	8	74	0	0
17	21202078	.	G	A	41	29	70	0	13	83	0	0
17	21202102	.	C	T	50	36	86	0	7	93	0	0
17	21202123	.	A	G	65	41	106	0	6	112	0	0
17	21202191	.	C	A	78	56	134	0	12	147	0	1
17	21202237	.	G	C	76	56	132	0	6	139	0	1
17	21202272	.	C	G	51	55	106	0	9	115	0	0
17	21202310	.	G	A	33	30	63	0	5	68	0	0
17	21202311	.	C	T	33	31	64	0	4	68	0	0
17	21202316	.	T	C	33	31	64	0	5	69	0	0
17	21202318	.	G	T	34	31	65	0	4	69	0	0
17	21202370	.	G	A	23	26	49	0	3	52	0	0
17	21202435	.	A	T	19	15	34	0	1	35	0	0
17	21202440	.	C	T	17	15	32	0	2	34	0	0
17	21203711	.	C	T	27	11	38	0	2	40	0	0
17	21203820	.	G	C	50	32	82	0	3	86	0	1
17	21203825	.	C	G	52	31	83	0	3	87	0	1
17	21203893	.	T	C	61	54	115	0	4	119	0	0
17	21203907	.	T	C	62	53	115	0	2	117	0	0
17	21203934	.	G	A	58	50	108	0	4	113	1	0
17	21203941	.	G	A	55	48	103	0	7	110	0	0
17	21203949	.	C	T	55	45	100	0	5	105	0	0
17	21203964	.	C	G	48	41	89	0	6	95	0	0
17	21203998	.	G	A	38	28	66	0	5	71	0	0
17	21204067	.	G	A	33	27	60	0	2	62	0	0
17	21204074	.	G	A	29	28	57	0	5	62	0	0
17	21204153	.	C	T	29	34	63	0	1	64	0	0
17	21204187	.	G	T	30	32	62	0	1	63	0	0
17	21204192	.	C	T	29	33	62	0	2	64	0	0
17	21204210	.	C	T	36	36	72	0	2	74	0	0
17	21204257	.	G	A	43	30	73	0	4	77	0	0
17	21204266	.	T	C	45	28	73	0	2	75	0	0
17	21204290	.	G	C	42	31	73	0	6	79	0	0
17	21204308	.	G	T	45	23	68	0	4	73	0	1
17	21204315	.	T	C	41	19	60	0	5	66	0	1
17	21204318	.	A	G	45	16	61	0	2	64	0	1
17	21204437	.	T	C	19	14	33	0	0	33	0	0
17	21204441	.	T	C	20	12	32	0	1	33	0	0
17	21205396	.	C	A	26	29	55	0	1	56	0	0
17	21205406	.	A	G	31	34	65	0	1	66	0	0
17	21205460	.	C	T	56	50	106	0	3	109	0	0
17	21205604	.	T	C	21	18	39	0	2	41	0	0
17	21205642	.	T	G	20	8	28	0	1	29	0	0
17	21205654	.	A	G	18	7	25	0	1	26	0	0
17	21205655	.	T	A	18	5	23	0	3	26	0	0
17	21206249	.	C	G	10	11	21	0	0	21	0	0
17	21206269	.	G	A	12	13	25	0	1	26	0	0
17	21206294	.	C	T	9	15	24	0	2	26	0	0
17	21206360	.	A	G	17	26	43	0	3	46	0	0
17	21206372	.	G	C	17	27	44	0	2	46	0	0
17	21206385	.	C	T	19	33	52	0	2	54	0	0
17	21206440	.	C	T	42	33	75	0	4	80	0	1
17	21206444	.	A	G	36	39	75	0	4	81	1	1
17	21206556	.	C	T	34	43	77	0	8	85	0	0
17	21206616	.	G	A	21	27	48	0	3	51	0	0
17	21206635	.	T	A	23	21	44	0	0	44	0	0
17	21206642	.	G	A	23	18	41	0	0	41	0	0
17	21206654	.	G	T	22	18	40	0	1	41	0	0
17	21206667	.	C	T	18	17	35	0	2	37	0	0
17	21206708	.	G	A	13	10	23	0	2	25	0	0
17	21207602	.	C	G	12	13	25	0	1	26	0	0
17	21207649	.	C	T	15	16	31	0	3	34	0	0
17	21207813	.	T	G	106	20	126	0	2	136	0	8
17	21207834	.	C	T	68	51	119	0	7	138	0	12
17	21207835	.	G	A	102	23	125	0	1	139	0	13
17	21207939	.	G	T	41	26	67	0	8	85	0	10
17	21207945	.	A	G	31	32	63	0	9	81	0	9
17	21207989	.	G	A	20	22	42	0	2	48	0	4
17	21207992	.	G	A	29	15	44	0	2	50	0	4
17	21208043	.	G	A	24	10	34	0	6	44	0	4
17	21208173	.	G	A	27	10	37	0	4	42	0	1
17	21208179	.	G	C	35	11	46	0	2	49	0	1
17	21208180	.	G	A	32	11	43	0	5	48	0	0
17	21208187	.	C	T	31	23	54	0	5	59	0	0
17	21208203	.	C	A	47	23	70	0	5	75	0	0
17	21208218	.	C	G	39	36	75	0	5	80	0	0
17	21208292	.	T	C	81	46	127	0	7	134	0	0
17	21208317	.	G	A	50	89	139	0	5	145	1	0
17	21208331	.	G	A	94	38	132	0	13	145	0	0
17	21208347	.	C	A	103	43	146	0	10	156	0	0
17	21208349	.	C	G	97	54	151	0	6	157	0	0
17	21208413	.	C	T	120	50	170	0	11	181	0	0
17	21208449	.	G	T	120	45	165	0	4	169	0	0
17	21208456	.	A	G	114	40	154	0	4	158	0	0
17	21215160	.	G	A	8	13	21	0	2	23	0	0
17	21215204	.	C	T	18	25	43	0	3	46	0	0
17	21215211	.	G	A	24	21	45	0	2	47	0	0
17	21215244	.	G	A	29	25	54	0	4	58	0	0
17	21215263	.	G	A	27	29	56	0	7	63	0	0
17	21215297	.	G	A	43	39	82	0	3	85	0	0
17	21215424	.	G	A	98	88	186	0	18	204	0	0
17	21215446	.	C	T	112	87	199	0	14	213	0	0
17	21215483	.	C	T	134	106	240	0	7	247	0	0
17	21215537	.	C	A	138	102	240	0	32	272	0	0
17	21215552	.	C	T	133	113	246	0	30	277	0	1
17	21215557	.	G	A	143	110	253	0	22	276	0	1
17	21215637	.	G	A	94	74	168	0	8	177	0	1
17	21215643	.	A	G	87	69	156	0	9	167	1	1
17	21215682	.	G	A	65	47	112	0	5	117	0	0
17	21215700	.	T	G	53	42	95	0	3	98	0	0
17	21215739	.	G	C	46	21	67	0	4	71	0	0
17	21215833	.	C	A	18	12	30	0	1	31	0	0
17	21216593	.	G	A	14	9	23	0	0	23	0	0
17	21216602	.	G	A	11	13	24	0	1	25	0	0
17	21216608	.	T	C	15	13	28	0	1	29	0	0
17	21216609	.	G	A	14	13	27	0	1	28	0	0
17	21216661	.	C	T	34	33	67	0	1	68	0	0
17	21216664	.	A	G	33	37	70	0	3	73	0	0
17	21216686	.	C	A	43	42	85	0	2	87	0	0
17	21216710	.	T	C	50	38	88	0	5	93	0	0
17	21216788	.	C	T	62	60	122	0	3	125	0	0
17	21216846	.	G	C	88	78	166	0	6	172	0	0
17	21216891	.	G	A	69	61	130	0	6	136	0	0
17	21216951	.	C	G	30	37	67	0	5	72	0	0
17	21217011	.	C	A	18	21	39	0	1	40	0	0
17	21217290	.	G	A	19	11	30	0	2	32	0	0
17	21217397	.	A	G	50	22	72	0	6	78	0	0
17	21217400	.	G	A	50	21	71	0	7	78	0	0
17	21217411	.	T	C	49	23	72	0	9	81	0	0
17	21217513	.	G	A	54	36	90	0	2	92	0	0
17	21217547	.	T	C	41	36	77	0	6	83	0	0
17	21217554	.	C	T	39	38	77	0	6	83	0	0
17	21217566	.	C	T	33	40	73	0	4	77	0	0
17	21217586	.	G	T	37	41	78	0	3	81	0	0
17	21217596	.	C	G	36	40	76	0	2	78	0	0
17	21217660	.	C	T	62	49	111	0	4	115	0	0
17	21217690	.	C	T	71	49	120	0	3	123	0	0
17	21217727	.	T	C	69	45	114	0	8	122	0	0
17	21217749	.	G	C	59	37	96	0	6	102	0	0
17	21217763	.	T	C	49	30	79	0	5	84	0	0
17	21217764	.	G	A	51	31	82	0	4	86	0	0
17	21217782	.	T	A	39	33	72	0	3	75	0	0
17	21217827	.	G	A	57	39	96	0	3	100	0	1
17	21217862	.	A	G	66	37	103	0	10	113	0	0
17	21217866	.	T	C	65	33	98	0	9	107	0	0
17	21217870	.	A	C	64	32	96	0	10	106	0	0
17	21217871	.	G	A	64	33	97	0	9	106	0	0
17	21217873	.	G	A	65	31	96	0	12	108	0	0
17	21218040	.	C	T	21	19	40	0	4	44	0	0
17	21218072	.	G	A	13	21	34	0	8	42	0	0
17	21218087	.	C	T	15	23	38	0	3	41	0	0
17	21218115	.	A	G	12	19	31	0	7	38	0	0
17	21218268	.	C	T	47	33	80	0	7	87	0	0
17	21218337	.	A	T	23	21	44	0	1	45	0	0
17	21218415	.	G	C	20	23	43	0	0	43	0	0
17	21318546	.	A	G	10	11	21	0	2	24	0	1
17	21318552	.	G	A	12	9	21	0	3	26	1	1
17	21318555	.	C	T	19	7	26	0	2	29	0	1
17	21318569	.	C	T	24	11	35	0	3	39	0	1
17	21318586	.	G	C	12	29	41	0	6	48	0	1
17	21318588	.	C	G	30	15	45	0	5	51	0	1
17	21318595	.	G	C	33	16	49	0	3	53	0	1
17	21318603	.	C	T	36	21	57	0	4	61	0	0
17	21318629	.	C	T	23	24	47	0	11	79	21	0
17	21318663	.	G	A	59	27	86	0	8	94	0	0
17	21318698	.	C	T	75	37	112	0	5	118	0	1
17	21318782	.	G	A	95	33	128	0	16	145	0	1
17	21318821	.	A	C	104	63	167	0	8	175	0	0
17	21318867	.	G	A	147	64	211	0	8	219	0	0
17	21318897	.	G	C	147	75	222	1	7	231	1	0
17	21318918	.	G	A	164	69	233	1	13	247	0	0
17	21318948	.	C	T	174	46	220	0	13	233	0	0
17	21318952	.	A	G	85	137	222	0	12	234	0	0
17	21318969	.	C	T	170	45	215	0	11	226	0	0
17	21318981	.	C	T	164	48	212	0	10	222	0	0
17	21319007	.	G	A	111	79	190	0	13	203	0	0
17	21319008	.	G	C	61	123	184	0	13	197	0	0
17	21319069	.	G	A	136	54	190	0	15	206	0	1
17	21319079	.	C	A	133	50	183	0	17	201	0	1
17	21319087	.	G	A	134	51	185	0	19	205	0	1
17	21319110	.	G	A	128	47	175	0	20	196	0	1
17	21319121	.	C	T	103	62	165	0	12	177	0	0
17	21319171	.	G	A	94	35	129	0	12	142	0	1
17	21319208	.	C	T	102	39	141	0	10	152	0	1
17	21319230	.	G	C	94	50	144	0	13	158	0	1
17	21319251	.	C	T	113	46	159	0	11	170	0	0
17	21319272	.	C	T	118	42	160	0	14	174	0	0
17	21319285	.	C	T	117	43	160	0	12	172	0	0
17	21319302	.	T	C	51	95	146	0	23	170	0	1
17	21319311	.	C	T	116	41	157	0	13	171	0	1
17	21319369	.	G	A	125	54	179	0	19	199	0	1
17	21319392	.	G	A	148	54	202	0	13	215	0	0
17	21319407	.	C	T	148	62	210	0	19	229	0	0
17	21319436	.	G	A	137	61	198	0	23	221	0	0
17	21319439	.	T	G	142	64	206	1	15	222	0	0
17	21319452	.	G	A	131	58	189	1	26	216	0	0
17	21319465	.	T	C	145	61	206	2	13	221	0	0
17	21319470	.	T	C	135	63	198	2	12	212	0	0
17	21319473	.	G	A	144	61	205	2	11	218	0	0
17	21319488	.	C	T	133	60	193	2	15	210	0	0
17	21319519	.	G	C	124	57	181	2	7	190	0	0
17	21319523	.	C	T	116	56	172	2	9	183	0	0
17	21319527	.	C	T	120	53	173	2	10	186	1	0
17	21319543	.	G	A	129	67	196	2	10	208	0	0
17	21319560	.	G	T	121	77	198	2	6	206	0	0
17	21319682	.	C	T	100	55	155	1	12	169	0	1
17	21319716	.	G	A	100	36	136	1	14	152	0	1
17	21319728	.	T	C	95	39	134	1	8	144	0	1
17	21319743	.	A	G	95	41	136	1	4	141	0	0
17	21319767	.	C	G	45	40	85	1	9	135	40	0
17	21319785	.	C	T	85	38	123	2	8	133	0	0
17	21319786	.	G	A	84	36	120	2	9	131	0	0
17	21319845	.	C	T	63	18	81	0	11	92	0	0
17	21319860	.	C	T	32	24	56	0	10	81	15	0
17	21319868	.	G	T	53	16	69	0	7	76	0	0
17	21319908	.	C	T	41	12	53	0	5	58	0	0
17	21319943	.	A	G	30	19	49	0	5	54	0	0
17	21319955	.	G	A	38	12	50	0	2	52	0	0
17	21319989	.	C	T	14	16	30	0	6	45	9	0
17	21319993	.	T	C	16	25	41	0	3	44	0	0
17	21320008	.	C	T	33	9	42	0	4	46	0	0
17	21320012	.	C	T	33	9	42	0	4	46	0	0
17	21320025	.	C	T	24	19	43	0	4	47	0	0
17	21320041	.	G	A	29	12	41	0	6	47	0	0
17	21320102	.	C	A	24	18	42	0	3	45	0	0
17	21320114	.	T	G	26	22	48	0	3	52	0	1
17	21320197	.	G	C	44	17	61	0	7	69	0	1
17	21320210	.	C	T	43	17	60	0	7	67	0	0
17	21320212	.	A	G	22	37	59	0	7	66	0	0
17	21320252	.	G	T	47	29	76	0	3	80	0	1
17	21320263	.	T	C	53	25	78	0	4	83	0	1
17	21320279	.	C	T	47	32	79	0	6	87	0	2
17	21320350	.	G	A	73	37	110	1	14	126	0	1
17	21320365	.	T	C	77	31	108	1	16	126	0	1
17	21320405	.	T	A	76	24	100	1	7	109	1	0
17	21320406	.	T	A	81	22	103	1	8	112	0	0
17	21320436	.	T	C	87	39	126	0	5	131	0	0
17	21320440	.	C	T	44	87	131	0	6	138	1	0
17	21320451	.	A	T	92	45	137	0	9	146	0	0
17	21320480	.	A	G	92	50	142	0	7	149	0	0
17	21320499	.	A	G	44	96	140	0	6	146	0	0
17	21320529	.	T	C	48	86	134	0	7	141	0	0
17	21320545	.	G	A	96	35	131	0	7	138	0	0
17	21320555	.	C	T	50	77	127	0	9	136	0	0
17	21320556	.	A	G	50	78	128	0	8	136	0	0
17	21320578	.	G	A	90	42	132	0	13	145	0	0
17	21320586	.	A	G	108	36	144	0	8	152	0	0
17	21320595	.	C	T	65	83	148	0	8	156	0	0
17	21320596	.	A	G	64	81	145	0	8	153	0	0
17	21320605	.	A	G	102	48	150	0	12	162	0	0
17	21320658	.	C	T	121	47	168	0	5	173	0	0
17	21320659	.	G	T	119	47	166	0	7	173	0	0
17	21320675	.	A	G	72	106	178	0	4	182	0	0
17	21320681	.	G	T	72	108	180	0	8	188	0	0
17	21320690	.	G	C	68	104	172	0	9	181	0	0
17	21320699	.	G	T	65	99	164	0	10	174	0	0
17	21320711	.	C	G	135	50	185	0	8	193	0	0
17	21320724	.	T	G	132	57	189	0	6	195	0	0
17	21320787	.	G	A	122	77	199	0	9	209	0	1
17	21320796	.	C	T	59	139	198	0	11	210	0	1
17	21320798	.	G	C	57	140	197	0	9	207	0	1
17	21320826	.	C	T	135	73	208	0	7	216	0	1
17	21320867	.	G	A	126	68	194	0	6	200	0	0
17	21320882	.	T	C	51	147	198	0	8	206	0	0
17	21320890	.	G	A	138	70	208	0	8	216	0	0
17	21320896	.	G	C	137	67	204	0	9	213	0	0
17	21320916	.	G	A	55	152	207	0	7	215	0	1
17	21320980	.	C	G	62	145	207	0	11	220	0	2
17	21320991	.	C	T	119	69	188	0	13	204	0	3
17	21320993	.	G	T	60	124	184	0	14	201	0	3
17	21321005	.	C	A	114	71	185	0	12	199	0	2
17	21321016	.	T	C	56	119	175	0	8	187	0	4
17	21321028	.	C	T	99	46	145	0	16	167	0	6
17	21321029	.	C	G	48	100	148	0	12	166	0	6
17	21321050	.	C	T	46	96	142	0	13	162	1	6
17	21321052	.	T	G	46	94	140	0	13	160	0	7
17	21321064	.	A	G	85	49	134	0	14	157	0	9
17	21321104	.	G	T	38	86	124	0	4	144	0	16
17	21321145	.	G	A	83	39	122	0	9	153	0	22
17	21321173	.	A	G	84	35	119	0	5	151	0	27
17	21321207	.	G	A	75	35	110	0	6	153	0	37
17	21321250	.	G	A	33	31	64	0	6	116	0	46
17	21321252	.	C	T	53	14	67	0	4	117	0	46
17	21322880	.	A	C	56	46	102	0	5	151	0	44
17	21322883	.	G	A	56	46	102	0	6	149	0	41
17	21322933	.	C	T	75	34	109	0	7	140	0	24
17	21322972	.	G	C	52	51	103	0	8	128	0	17
17	21322973	.	T	C	51	49	100	0	10	127	0	17
17	21322975	.	G	A	80	21	101	0	10	128	0	17
17	21323001	.	C	T	45	40	85	0	25	126	0	16
17	21323015	.	C	T	60	29	89	0	6	111	0	16
17	21323033	.	C	T	43	44	87	0	2	98	0	9
17	21323034	.	G	A	43	43	86	0	3	98	0	9
17	21323049	.	C	T	71	26	97	0	1	106	0	8
17	21323056	.	G	T	70	25	95	0	3	106	0	8
17	21323074	.	T	C	61	28	89	0	1	96	0	6
17	21323096	.	G	A	36	55	91	0	0	99	0	8
17	21323107	.	A	G	66	25	91	0	2	99	0	6
17	21323116	.	A	G	70	35	105	0	0	110	0	5
17	21323119	.	T	C	68	33	101	0	3	108	0	4
17	21323136	.	G	A	63	40	103	0	5	112	0	4
17	21323154	.	C	T	62	35	97	0	5	105	0	3
17	21323163	.	A	G	65	37	102	0	5	110	0	3
17	21323195	.	T	C	29	61	90	0	2	93	0	1
17	21323214	.	T	G	22	47	69	0	2	72	0	1
17	21323244	.	C	G	32	15	47	0	5	53	0	1
17	21323245	.	G	A	32	15	47	0	5	53	0	1
17	21323249	.	G	A	28	15	43	0	4	48	0	1
17	21323327	.	C	T	19	11	30	0	1	31	0	0
17	21323332	.	G	C	17	13	30	0	0	30	0	0
17	21323338	.	T	C	19	10	29	0	1	30	0	0
17	21323347	.	A	G	17	9	26	0	1	27	0	0
17	21323351	.	A	G	13	12	25	0	1	26	0	0
17	21323352	.	G	C	17	7	24	0	1	26	1	0
17	21323359	.	T	C	14	11	25	0	1	26	0	0
17	21323381	.	C	G	12	10	22	0	0	22	0	0
17	21348469	.	C	T	14	11	25	0	0	25	0	0
17	21348478	.	C	T	8	16	24	0	1	25	0	0
17	21348488	.	T	G	3	19	22	0	0	22	0	0
17	21517647	.	C	T	12	16	28	0	3	31	0	0
17	21517704	.	T	C	16	27	43	0	4	47	0	0
17	21517707	.	C	T	28	17	45	0	3	48	0	0
17	21517718	.	C	A	15	34	49	0	3	52	0	0
17	21517802	.	G	A	19	34	53	0	1	54	0	0
17	21517863	.	A	G	20	19	39	1	3	43	0	0
17	21517885	.	G	A	18	20	38	2	6	46	0	0
17	21517951	.	C	T	17	9	26	2	3	31	0	0
17	21517964	.	T	A	16	8	24	2	2	28	0	0
17	21518990	.	C	T	16	16	32	2	2	36	0	0
17	21518996	.	G	C	17	15	32	2	1	35	0	0
17	21519078	.	G	T	14	9	23	3	0	26	0	0
17	21519084	.	C	T	13	9	22	3	0	25	0	0
17	21535856	.	A	T	40	11	51	6	1	58	0	0
17	21535937	.	T	C	99	66	165	12	3	180	0	0
17	21535972	.	A	G	126	54	180	14	8	202	0	0
17	21536022	.	T	G	172	64	236	22	9	267	0	0
17	21536065	.	A	G	190	78	268	21	13	302	0	0
17	21536106	.	T	C	159	70	229	20	7	256	0	0
17	21536168	.	G	A	106	52	158	12	9	179	0	0
17	21536277	.	C	T	34	33	67	4	3	74	0	0
17	21544142	.	T	C	12	8	20	2	0	22	0	0
17	21544157	.	C	T	17	15	32	2	0	34	0	0
17	21544395	.	T	C	87	80	167	0	3	170	0	0
17	21544462	.	G	A	127	114	241	1	7	249	0	0
17	21544470	.	A	G	124	110	234	1	8	243	0	0
17	21544504	.	C	G	104	110	214	1	2	217	0	0
17	21544587	.	A	G	92	69	161	0	2	163	0	0
17	21544646	.	T	C	59	38	97	0	1	98	0	0
17	21544674	.	T	A	52	37	89	0	1	90	0	0
17	21548288	.	G	A	20	12	32	11	1	44	0	0
17	21548289	.	C	G	21	11	32	11	1	44	0	0
17	21548299	.	C	A	10	26	36	11	1	48	0	0
17	21548307	.	C	T	22	17	39	11	1	51	0	0
17	21548325	.	T	C	28	8	36	10	1	47	0	0
17	21548343	.	C	G	15	18	33	9	0	44	0	2
17	21548351	.	A	T	21	9	30	9	4	46	0	3
17	21548392	.	A	G	21	7	28	10	1	43	0	4
17	21548414	.	T	A	20	9	29	9	2	44	0	4
17	21548438	.	C	T	15	5	20	6	0	29	0	3
17	21548498	.	C	T	16	5	21	1	0	22	0	0
17	21548529	.	A	C	7	14	21	1	0	23	0	1
17	21548536	.	G	A	7	13	20	1	0	22	0	1
17	21549911	.	A	G	10	11	21	4	0	25	0	0
17	21549927	.	T	G	10	10	20	5	1	26	0	0
17	21556520	.	A	G	15	10	25	2	1	28	0	0
17	21556554	.	T	G	13	8	21	2	2	25	0	0
17	21556587	.	G	T	12	9	21	1	0	22	0	0
17	21556610	.	T	C	12	8	20	2	0	22	0	0
17	21556658	.	G	A	19	6	25	2	3	30	0	0
17	21556679	.	T	C	26	5	31	2	1	34	0	0
17	21556862	.	C	G	56	13	69	5	3	77	0	0
17	21556893	.	A	G	42	28	70	3	4	77	0	0
17	21556905	.	G	A	53	17	70	3	5	78	0	0
17	21556953	.	G	A	21	24	45	4	1	50	0	0
17	21556963	.	A	C	23	19	42	4	3	49	0	0
17	21556973	.	C	A	30	9	39	3	1	43	0	0
17	21557026	.	G	A	15	10	25	1	2	28	0	0
17	21557049	.	T	C	6	16	22	0	1	23	0	0
17	21557052	.	G	A	6	15	21	0	2	23	0	0
17	21560420	.	T	A	27	6	33	1	1	36	0	1
17	21560429	.	T	G	24	14	38	1	0	39	0	0
17	21560433	.	C	A	22	14	36	0	1	37	0	0
17	21560434	.	C	A	23	14	37	0	0	37	0	0
17	21560467	.	T	C	37	14	51	0	1	53	0	1
17	21560480	.	G	A	29	21	50	0	3	54	0	1
17	21560498	.	C	T	38	7	45	0	0	54	9	0
17	21560512	.	T	C	44	12	56	1	1	58	0	0
17	21560513	.	G	A	46	12	58	1	0	59	0	0
17	21560527	.	T	C	48	12	60	2	0	62	0	0
17	21560533	.	G	A	53	10	63	2	0	65	0	0
17	21560613	.	A	G	16	14	30	2	1	42	9	0
17	21560638	.	G	A	29	6	35	2	0	37	0	0
17	21560640	.	A	G	27	6	33	2	0	35	0	0
17	21560667	.	C	G	20	4	24	1	0	27	2	0
17	21560688	.	A	C	16	4	20	1	0	21	0	0
17	21560700	.	T	C	14	8	22	1	0	23	0	0
17	21560707	.	A	G	8	12	20	2	0	22	0	0
17	21561523	.	G	T	15	7	22	1	2	25	0	0
17	21561529	.	G	C	17	7	24	1	2	27	0	0
17	21561535	.	G	A	13	10	23	1	2	26	0	0
17	21561553	.	A	G	14	8	22	1	3	26	0	0
17	21561577	.	T	C	20	5	25	1	1	27	0	0
17	21561584	.	C	G	13	12	25	1	2	28	0	0
17	21561596	.	T	C	9	20	29	1	0	30	0	0
17	21561639	.	T	G	35	12	47	0	2	49	0	0
17	21561645	.	C	T	41	13	54	2	3	59	0	0
17	21561651	.	C	T	47	15	62	3	2	67	0	0
17	21561683	.	C	G	29	60	89	7	2	98	0	0
17	21561711	.	G	A	64	24	88	9	9	107	0	1
17	21561720	.	A	T	73	38	111	9	8	134	0	6
17	21561765	.	T	C	99	51	150	5	3	179	0	21
17	21561766	.	G	A	98	51	149	5	4	179	0	21
17	21561771	.	C	G	98	52	150	5	4	180	0	21
17	21561780	.	A	G	102	58	160	3	12	196	0	21
17	21561783	.	T	A	109	59	168	2	11	203	1	21
17	21561798	.	T	C	65	135	200	7	6	234	0	21
17	21561817	.	A	C	142	68	210	17	8	250	0	15
17	21561831	.	C	G	138	63	201	21	5	236	0	9
17	21561838	.	G	T	135	59	194	22	10	229	0	3
17	21561841	.	C	G	141	57	198	23	9	232	0	2
17	21561851	.	T	C	139	41	180	23	15	218	0	0
17	21561871	.	T	C	86	94	180	24	9	213	0	0
17	21561881	.	T	C	90	77	167	21	7	195	0	0
17	21561921	.	T	G	80	69	149	5	8	163	0	1
17	21562074	.	T	A	162	45	207	26	13	247	0	1
17	21562078	.	C	T	127	93	220	27	11	259	0	1
17	21562091	.	G	C	175	51	226	37	13	277	0	1
17	21562101	.	T	C	171	54	225	41	15	282	0	1
17	21562110	.	G	T	166	52	218	40	18	277	0	1
17	21562146	.	C	G	146	61	207	44	11	262	0	0
17	21562187	.	C	G	114	56	170	38	9	219	1	1
17	21562201	.	A	C	98	54	152	33	16	202	0	1
17	21562268	.	T	C	81	82	163	22	10	195	0	0
17	21562271	.	C	T	80	81	161	21	9	191	0	0
17	21562283	.	C	A	110	43	153	17	9	180	0	1
17	21562296	.	A	G	78	74	152	12	4	169	0	1
17	21562345	.	G	T	45	11	56	2	0	59	0	1
17	21562348	.	A	G	43	11	54	2	0	57	0	1
17	21562490	.	T	C	16	4	20	1	2	25	0	2
17	21562500	.	G	A	5	15	20	1	3	26	0	2
17	21904193	.	C	G	115	155	270	89	18	377	0	0
17	21904197	.	C	T	111	152	263	77	13	353	0	0
17	21906397	.	C	T	69	144	213	88	19	320	0	0
17	21906473	.	G	A	67	59	126	110	13	250	0	1
17	21906545	.	C	G	54	74	128	81	10	222	0	3
17	21906549	.	C	T	54	76	130	80	6	220	1	3
17	21906824	.	G	T	37	63	100	11	12	125	1	1
17	21907084	.	C	G	24	28	52	91	4	147	0	0
17	22247112	.	T	G	9	13	22	10	1	34	0	1
17	22247115	.	C	A	16	6	22	11	1	35	0	1
17	22249724	.	A	G	11	12	23	22	1	48	0	2
17	22249745	.	T	G	19	5	24	22	0	48	0	2
17	22249775	.	A	G	15	5	20	18	0	39	0	1
17	22249776	.	A	C	15	5	20	16	0	37	0	1
17	22252121	.	T	G	8	12	20	14	1	35	0	0
17	22252151	.	A	G	20	9	29	21	0	50	0	0
17	22252152	.	A	C	16	11	27	21	0	48	0	0
17	22252194	.	T	C	31	22	53	28	1	84	0	2
17	22252211	.	A	C	33	29	62	32	0	98	1	3
17	22252214	.	C	A	34	32	66	33	0	102	0	3
17	22252242	.	T	G	36	24	60	29	1	93	0	3
17	22252248	.	T	A	35	19	54	29	4	90	0	3
17	22252284	.	T	A	25	21	46	22	4	73	0	1
17	22252290	.	T	C	27	15	42	17	2	62	0	1
17	22252291	.	T	C	25	14	39	18	3	61	0	1
17	22252999	.	C	T	14	16	30	41	1	73	0	1
17	22253014	.	A	G	18	18	36	41	2	81	1	1
17	22253023	.	C	T	18	22	40	45	0	87	0	2
17	22253031	.	T	A	21	25	46	46	0	94	0	2
17	22253044	.	T	G	23	28	51	49	1	103	0	2
17	22253069	.	G	A	24	26	50	50	4	106	0	2
17	22253099	.	G	C	26	25	51	40	1	93	0	1
17	22253112	.	C	T	29	29	58	36	1	96	0	1
17	22253118	.	G	A	31	29	60	33	1	94	0	0
17	22253128	.	C	T	33	44	77	38	3	122	0	4
17	22253134	.	C	T	39	49	88	39	0	132	0	5
17	22253139	.	G	T	73	19	92	34	3	143	6	8
17	22253207	.	T	C	133	58	191	26	4	253	3	29
17	22253220	.	T	C	152	51	203	25	1	264	0	35
17	22253231	.	C	T	44	163	207	29	2	274	1	35
17	22253239	.	T	C	110	59	169	31	6	241	1	34
17	22253240	.	T	G	126	48	174	31	5	244	0	34
17	22253263	.	G	C	98	46	144	27	1	200	0	28
17	22253295	.	T	G	56	35	91	29	3	138	0	15
17	22253302	.	C	T	25	36	61	23	1	88	0	3
17	22253322	.	T	C	17	28	45	18	0	64	0	1
17	22253353	.	C	G	10	19	29	17	0	46	0	0
17	22254760	.	A	C	12	30	42	46	1	90	0	1
17	22254772	.	G	A	24	19	43	49	2	97	1	2
17	22254788	.	C	T	17	27	44	45	1	92	0	2
17	22254791	.	A	T	17	27	44	46	1	93	0	2
17	22254793	.	G	C	16	27	43	46	2	93	0	2
17	22254794	.	A	T	17	28	45	47	2	97	0	3
17	22254813	.	G	T	21	44	65	54	2	124	0	3
17	22254836	.	A	C	22	40	62	48	2	115	0	3
17	22254868	.	C	G	16	35	51	43	1	97	0	2
17	22254874	.	G	A	12	32	44	42	4	92	0	2
17	22254883	.	A	G	14	30	44	40	2	88	0	2
17	22258331	.	A	G	6	24	30	28	0	58	0	0
17	22258338	.	C	T	6	23	29	32	0	62	1	0
17	22258346	.	G	C	6	23	29	34	0	63	0	0
17	22258355	.	G	C	8	23	31	32	0	63	0	0
17	22258396	.	C	T	4	18	22	21	0	43	0	0
17	22258498	.	A	G	9	17	26	26	0	52	0	0
17	22258545	.	C	G	22	44	66	31	0	97	0	0
17	22258549	.	A	C	24	45	69	33	0	102	0	0
17	22258567	.	C	T	22	44	66	42	0	109	1	0
17	22258582	.	G	A	24	44	68	44	1	113	0	0
17	22258617	.	T	C	20	31	51	45	1	97	0	0
17	22258620	.	C	T	19	28	47	44	1	92	0	0
17	22258626	.	A	T	15	28	43	45	1	92	3	0
17	22258642	.	C	T	16	23	39	40	0	79	0	0
17	22258643	.	C	T	16	23	39	40	0	79	0	0
17	22258666	.	T	C	12	21	33	43	0	78	2	0
17	22258686	.	C	T	7	16	23	44	0	69	2	0
17	22260654	.	A	G	20	6	26	58	0	84	0	0
17	22260728	.	A	C	20	8	28	35	1	64	0	0
17	22260775	.	C	T	23	11	34	47	1	82	0	0
17	22260789	.	G	T	20	16	36	46	2	84	0	0
17	22260790	.	A	C	20	17	37	46	1	84	0	0
17	22260820	.	A	G	15	24	39	51	0	90	0	0
17	22260847	.	A	G	9	20	29	36	0	65	0	0
17	22260851	.	T	C	9	18	27	33	1	61	0	0
17	22260991	.	A	C	16	9	25	26	0	51	0	0
17	22260996	.	T	C	4	23	27	26	0	53	0	0
17	22260999	.	C	T	4	25	29	25	0	54	0	0
17	22261045	.	T	C	6	31	37	37	2	76	0	0
17	22261065	.	C	T	6	27	33	31	2	66	0	0
17	22261129	.	A	T	6	14	20	26	0	47	1	0
17	22261156	.	C	T	5	24	29	26	2	57	0	0
17	22261172	.	T	G	30	12	42	28	0	72	1	1
17	22261386	.	A	T	3	19	22	13	0	35	0	0
17	22261524	.	C	G	4	24	28	18	0	48	0	2
17	22261534	.	C	G	5	31	36	19	0	60	2	3
17	22261620	.	A	C	39	14	53	20	2	77	0	2
17	22261659	.	C	T	14	9	23	15	1	40	0	1
17	25289370	.	G	C	9	13	22	6	2	30	0	0
17	25289375	.	A	G	9	15	24	6	0	30	0	0
17	25289387	.	T	C	8	14	22	5	0	27	0	0
17	25289503	.	T	C	5	17	22	0	1	23	0	0
17	25294565	.	G	T	55	14	69	0	2	71	0	0
17	25294596	.	T	C	55	11	66	1	4	71	0	0
17	25294654	.	G	A	66	32	98	8	3	109	0	0
17	25294788	.	T	A	29	34	63	6	1	70	0	0
17	25294833	.	A	C	26	43	69	8	1	78	0	0
17	25294843	.	G	C	55	10	65	7	0	72	0	0
17	25294856	.	T	A	25	31	56	7	0	63	0	0
17	25302313	.	G	A	8	13	21	6	0	27	0	0
17	25302318	.	C	G	14	6	20	8	0	28	0	0
17	25302344	.	C	G	24	7	31	13	0	44	0	0
17	25302498	.	G	T	31	21	52	19	3	74	0	0
17	25302538	.	C	A	31	11	42	12	3	57	0	0
17	25302551	.	T	G	33	9	42	14	3	59	0	0
17	25302623	.	G	C	24	8	32	5	3	40	0	0
17	25302637	.	G	T	26	8	34	3	2	39	0	0
17	25637195	.	T	C	22	26	48	0	3	52	0	1
17	25909816	.	C	T	35	28	63	0	7	70	0	0
17	25909850	.	G	T	30	42	72	0	16	88	0	0
17	25928341	.	G	A	47	40	87	0	4	92	0	1
17	25928484	.	C	G	37	29	66	0	6	73	1	0
17	25928769	.	A	C	13	7	20	0	0	20	0	0
17	25930730	.	T	C	21	20	41	0	5	46	0	0
17	25931783	.	T	C	31	23	54	0	6	60	0	0
17	25944525	.	C	A	22	22	44	0	3	47	0	0
17	25967662	.	T	C	46	48	94	0	3	97	0	0
17	25969239	.	C	G	10	38	48	13	2	63	0	0
17	25970334	.	C	T	22	12	34	2	1	37	0	0
17	25970340	.	G	A	22	11	33	2	2	37	0	0
17	25970341	.	T	A	21	10	31	2	3	36	0	0
17	25970342	.	A	T	20	11	31	2	3	36	0	0
17	25970421	.	G	T	38	35	73	2	4	79	0	0
17	25972097	.	T	C	13	16	29	1	0	31	0	1
17	25974258	.	T	C	55	53	108	0	5	114	0	1
17	25974545	.	T	G	19	22	41	0	0	41	0	0
17	25975849	.	G	C	30	21	51	0	3	54	0	0
17	25976070	.	C	T	19	12	31	0	2	34	0	1
17	25981832	.	C	T	29	38	67	0	4	71	0	0
17	25982533	.	G	A	67	13	80	14	7	102	0	1
17	25982653	.	T	A	42	44	86	0	4	91	0	1
17	25984885	.	G	T	20	16	36	0	2	38	0	0
17	25985397	.	C	T	35	40	75	0	3	78	0	0
17	25985732	.	C	T	22	18	40	8	3	51	0	0
17	25991612	.	G	A	17	16	33	0	1	34	0	0
17	25993797	.	T	C	20	12	32	0	4	36	0	0
17	25993854	.	T	A	23	16	39	0	3	42	0	0
17	25995436	.	C	A	57	36	93	0	4	98	0	1
17	25995462	.	G	A	32	42	74	0	9	84	0	1
17	25995731	.	C	T	14	11	25	0	1	26	0	0
17	26008843	.	G	T	12	13	25	0	0	25	0	0
17	26022936	.	G	C	10	10	20	0	0	20	0	0
17	26073050	.	T	G	126	42	168	23	4	195	0	0
17	26073136	.	T	G	40	52	92	126	10	228	0	0
17	26074991	.	A	G	12	10	22	0	0	22	0	0
17	26075270	.	G	C	37	17	54	0	6	60	0	0
17	26075271	.	G	C	40	17	57	0	5	62	0	0
17	26075524	.	G	A	22	21	43	0	1	44	0	0
17	26076626	.	C	T	13	13	26	0	0	26	0	0
17	26076664	.	G	A	19	19	38	1	2	41	0	0
17	26076973	.	A	G	55	32	87	14	5	106	0	0
17	26076991	.	A	T	39	26	65	11	2	78	0	0
17	26077063	.	C	T	52	20	72	8	10	90	0	0
17	26078032	.	T	C	59	37	96	10	7	113	0	0
17	26078191	.	C	T	56	48	104	3	10	117	0	0
17	26079692	.	G	A	25	9	34	4	0	39	0	1
17	26080095	.	C	T	67	50	117	4	3	124	0	0
17	26081029	.	C	G	15	24	39	0	2	41	0	0
17	26085737	.	A	G	8	13	21	0	0	21	0	0
17	26085893	.	A	T	27	25	52	6	5	63	0	0
17	26087978	.	A	T	58	44	102	0	2	104	0	0
17	26089867	.	T	C	57	58	115	0	9	124	0	0
17	26090754	.	T	C	14	12	26	7	1	34	0	0
17	26091227	.	C	T	18	7	25	4	0	29	0	0
17	26092555	.	G	A	13	22	35	0	5	40	0	0
17	26092631	.	A	G	25	30	55	0	2	57	0	0
17	26101188	.	G	A	12	14	26	0	1	27	0	0
17	26101237	.	G	A	14	15	29	0	1	30	0	0
17	26349148	.	C	T	25	26	51	0	4	55	0	0
17	26370607	.	A	G	27	15	42	0	6	48	0	0
17	26561188	.	G	A	13	12	25	0	2	27	0	0
17	26575380	.	G	A	29	22	51	0	2	53	0	0
17	26596128	.	C	T	48	49	97	0	13	110	0	0
17	26598674	.	C	T	37	31	68	0	2	70	0	0
17	26652492	.	A	G	40	43	83	0	4	87	0	0
17	26668560	.	C	T	14	12	26	0	2	28	0	0
17	26676135	.	C	T	28	14	42	0	1	43	0	0
17	26678618	.	G	A	12	19	31	0	2	34	0	1
17	26678960	.	G	C	21	18	39	0	1	40	0	0
17	26686218	.	C	T	14	15	29	0	5	34	0	0
17	26691760	.	G	C	29	26	55	0	3	58	0	0
17	26691916	.	T	C	32	26	58	0	3	61	0	0
17	26694296	.	A	G	8	15	23	0	0	23	0	0
17	26694483	.	A	G	34	39	73	0	4	78	0	1
17	26694661	.	G	A	35	42	77	0	3	80	0	0
17	26694861	.	G	A	65	66	131	0	7	138	0	0
17	26696477	.	A	G	39	29	68	0	5	73	0	0
17	26696482	.	C	T	40	27	67	0	3	70	0	0
17	26708075	.	A	G	17	8	25	0	4	30	0	1
17	26729428	.	C	T	10	11	21	0	1	22	0	0
17	26744491	.	T	C	25	20	45	0	1	46	0	0
17	26794723	.	G	A	16	19	35	0	0	35	0	0
17	26794879	.	G	A	44	47	91	0	3	94	0	0
17	26795156	.	G	A	50	74	124	9	1	134	0	0
17	26795248	.	A	G	63	79	142	0	6	148	0	0
17	26795293	.	C	T	47	72	119	0	6	125	0	0
17	26817516	.	G	A	28	38	66	0	3	69	0	0
17	26821344	.	G	A	47	38	85	0	5	90	0	0
17	26851501	.	G	A	30	31	61	0	7	68	0	0
17	26855971	.	T	G	20	17	37	0	1	38	0	0
17	26855980	.	G	A	17	19	36	0	4	40	0	0
17	26856261	.	A	G	42	24	66	0	7	73	0	0
17	26864217	.	G	A	30	39	69	0	4	73	0	0
17	26864302	.	G	C	28	27	55	0	1	56	0	0
17	26864708	.	G	A	10	14	24	0	0	24	0	0
17	26887271	.	G	A	17	17	34	0	1	35	0	0
17	26912696	.	C	A	26	16	42	0	2	44	0	0
17	26947046	.	A	C	16	10	26	0	2	28	0	0
17	26947717	.	C	T	35	34	69	0	0	69	0	0
17	26955330	.	A	C	42	42	84	0	6	90	0	0
17	26966533	.	C	T	45	53	98	0	3	101	0	0
17	27004703	.	C	A	20	23	43	0	1	44	0	0
17	27011560	.	T	A	29	36	65	0	1	67	0	1
17	27013468	.	C	T	18	23	41	0	0	42	0	1
17	27014396	.	C	T	32	23	55	0	2	57	0	0
17	27014483	.	C	A	29	16	45	0	4	49	0	0
17	27018096	.	A	G	22	32	54	0	2	56	0	0
17	27028385	.	C	T	34	17	51	0	1	52	0	0
17	27038533	.	G	A	21	19	40	0	6	46	0	0
17	27052358	.	C	T	52	49	101	0	27	129	1	0
17	27062090	.	C	T	17	20	37	0	1	38	0	0
17	27075423	.	C	T	41	50	91	0	4	95	0	0
17	27085564	.	A	G	23	17	40	0	3	43	0	0
17	27185827	.	C	T	32	27	59	0	1	60	0	0
17	27207453	.	G	A	22	27	49	0	2	51	0	0
17	27207571	.	C	T	21	25	46	0	3	49	0	0
17	27210253	.	T	C	22	18	40	0	5	45	0	0
17	27251132	.	G	A	64	73	137	0	6	143	0	0
17	27308950	.	C	T	20	9	29	0	3	32	0	0
17	27401511	.	A	G	17	18	35	0	5	40	0	0
17	27407487	.	G	T	37	21	58	0	3	61	0	0
17	27413231	.	G	C	11	9	20	0	1	21	0	0
17	27413403	.	T	C	42	42	84	0	6	90	0	0
17	27417337	.	G	A	15	11	26	0	1	27	0	0
17	27419695	.	G	A	15	15	30	0	3	33	0	0
17	27420304	.	G	C	11	13	24	0	2	26	0	0
17	27421490	.	C	T	13	11	24	0	1	25	0	0
17	27421911	.	T	G	29	36	65	0	3	68	0	0
17	27422053	.	C	T	20	23	43	0	4	47	0	0
17	27424163	.	A	C	36	29	65	0	6	71	0	0
17	27424316	.	G	A	44	34	78	0	10	89	0	1
17	27425793	.	A	G	34	31	65	0	3	68	0	0
17	27437556	.	C	T	16	16	32	0	6	38	0	0
17	27438468	.	G	T	32	25	57	0	7	64	0	0
17	27438893	.	G	A	31	40	71	0	4	76	0	1
17	27441077	.	C	G	22	29	51	0	3	54	0	0
17	27442561	.	A	G	15	12	27	0	1	28	0	0
17	27442710	.	G	C	40	34	74	0	1	75	0	0
17	27444872	.	G	A	13	15	28	0	2	30	0	0
17	27448539	.	G	C	21	20	41	0	0	41	0	0
17	27454858	.	A	G	15	28	43	0	8	52	0	1
17	27455102	.	C	T	50	53	103	0	12	115	0	0
17	27455566	.	C	T	30	17	47	0	1	48	0	0
17	27467399	.	C	T	43	39	82	0	5	87	0	0
17	27467487	.	C	T	10	12	22	0	1	23	0	0
17	27580756	.	C	T	28	27	55	0	2	57	0	0
17	27588597	.	C	T	8	14	22	0	1	23	0	0
17	27588789	.	A	T	26	23	49	0	3	52	0	0
17	27591325	.	T	A	19	13	32	0	0	32	0	0
17	27620934	.	G	A	64	62	126	0	11	137	0	0
17	27809176	.	T	A	22	19	41	0	1	42	0	0
17	27809361	.	A	G	17	19	36	0	0	36	0	0
17	27825329	.	C	T	37	25	62	0	1	63	0	0
17	27857698	.	C	T	15	7	22	0	1	23	0	0
17	27889578	.	T	C	16	23	39	0	0	39	0	0
17	27889963	.	C	G	31	25	56	0	6	62	0	0
17	27898828	.	T	C	36	29	65	0	3	68	0	0
17	27900441	.	T	C	25	21	46	0	5	51	0	0
17	27900959	.	C	T	13	16	29	0	1	30	0	0
17	27901975	.	A	G	14	19	33	0	5	38	0	0
17	27905673	.	A	G	25	14	39	0	7	46	0	0
17	27936252	.	C	T	43	51	94	0	2	96	0	0
17	27937771	.	G	A	39	34	73	0	3	76	0	0
17	27939862	.	G	A	13	17	30	0	5	35	0	0
17	27954432	.	G	T	11	10	21	0	1	22	0	0
17	27959903	.	G	A	24	29	53	0	0	53	0	0
17	27963949	.	A	C	14	11	25	0	2	27	0	0
17	27977710	.	C	T	30	30	60	0	1	62	0	1
17	27994261	.	G	A	41	38	79	0	2	81	0	0
17	28183059	.	A	G	39	35	74	0	0	74	0	0
17	28183174	.	A	C	21	23	44	0	2	46	0	0
17	28256807	.	C	G	24	21	45	0	0	45	0	0
17	28268800	.	A	C	20	16	36	0	0	36	0	0
17	28268817	.	G	A	22	18	40	0	0	40	0	0
17	28296327	.	T	G	14	14	28	0	1	29	0	0
17	28320142	.	G	A	16	14	30	0	1	31	0	0
17	28378276	.	C	T	20	23	43	0	0	43	0	0
17	28380413	.	C	G	23	25	48	0	3	52	0	1
17	28380566	.	C	A	16	13	29	0	0	29	0	0
17	28380655	.	G	T	15	16	31	0	0	31	0	0
17	28408070	.	C	T	54	40	94	0	0	94	0	0
17	28408217	.	C	T	8	15	23	0	0	23	0	0
17	28417376	.	T	C	16	16	32	0	1	34	0	1
17	28417510	.	T	C	29	21	50	0	3	53	0	0
17	28444183	.	A	C	46	30	76	0	4	80	0	0
17	28505024	.	G	A	30	24	54	0	2	56	0	0
17	28511978	.	G	A	13	18	31	0	2	33	0	0
17	28512333	.	C	G	19	18	37	0	0	37	0	0
17	28538475	.	G	A	29	32	61	0	5	66	0	0
17	28538532	.	C	T	15	16	31	0	0	31	0	0
17	28601005	.	G	A	75	49	124	0	3	127	0	0
17	28769171	.	A	G	10	14	24	0	0	24	0	0
17	28804281	.	C	A	9	12	21	0	0	21	0	0
17	28853530	.	A	C	13	19	32	0	0	32	0	0
17	28856675	.	T	G	14	25	39	0	0	39	0	0
17	28861687	.	T	C	14	10	24	0	2	26	0	0
17	28862034	.	G	A	14	11	25	0	3	28	0	0
17	28862408	.	T	C	21	22	43	0	4	47	0	0
17	28868662	.	T	A	30	25	55	0	1	56	0	0
17	28869069	.	G	A	80	73	153	0	6	159	0	0
17	28883389	.	C	T	33	35	68	0	3	72	0	1
17	28883741	.	C	T	52	57	109	0	3	113	1	0
17	28884230	.	C	T	29	29	58	0	7	66	0	1
17	28885130	.	A	C	118	91	209	0	7	216	0	0
17	28886391	.	G	A	17	10	27	0	1	29	0	1
17	28889853	.	G	T	52	67	119	0	2	121	0	0
17	28890197	.	A	G	31	21	52	0	7	59	0	0
17	28900708	.	G	T	27	41	68	0	8	76	0	0
17	28903394	.	A	G	11	17	28	0	1	29	0	0
17	28928309	.	A	T	31	28	59	0	7	66	0	0
17	28935645	.	G	A	22	29	51	1	2	55	0	1
17	28943817	.	T	C	42	27	69	9	3	81	0	0
17	28951637	.	A	C	32	33	65	3	1	69	0	0
17	28952286	.	A	G	63	69	132	2	11	145	0	0
17	28959974	.	C	T	36	42	78	80	2	160	0	0
17	28990913	.	G	A	10	15	25	0	0	25	0	0
17	29000019	.	C	A	16	11	27	0	4	31	0	0
17	29059674	.	C	G	19	13	32	96	1	129	0	0
17	29086498	.	T	G	37	36	73	0	1	74	0	0
17	29124535	.	C	T	13	12	25	0	1	26	0	0
17	29205072	.	T	C	31	18	49	0	0	49	0	0
17	29250101	.	G	C	26	14	40	0	4	44	0	0
17	29271833	.	T	C	12	11	23	0	0	23	0	0
17	29280280	.	G	A	33	23	56	0	4	61	0	1
17	29281424	.	T	C	15	17	32	0	8	41	0	1
17	29315193	.	G	C	12	13	25	0	1	26	0	0
17	29336337	.	C	T	18	15	33	0	1	34	0	0
17	29351234	.	G	A	14	7	21	0	0	21	0	0
17	29356460	.	A	C	19	10	29	0	0	29	0	0
17	29365665	.	C	G	7	42	49	210	6	265	0	0
17	29369056	.	G	T	45	51	96	0	0	96	0	0
17	29372245	.	G	C	106	77	183	1	2	186	0	0
17	29372698	.	T	C	17	10	27	14	5	46	0	0
17	29374313	.	C	T	100	35	135	38	5	178	0	0
17	29376188	.	G	A	37	40	77	0	4	81	0	0
17	29376293	.	G	T	49	33	82	0	4	86	0	0
17	29376348	.	A	T	55	46	101	0	5	106	0	0
17	29376491	.	G	A	64	69	133	0	4	137	0	0
17	29376918	.	C	G	47	50	97	0	4	101	0	0
17	29377026	.	G	A	49	36	85	0	2	87	0	0
17	29377294	.	A	G	29	32	61	0	0	61	0	0
17	29377302	.	G	A	29	30	59	0	0	59	0	0
17	29378122	.	G	A	32	24	56	0	3	59	0	0
17	29474744	.	A	C	22	24	46	0	2	48	0	0
17	29482878	.	G	A	37	17	54	0	1	55	0	0
17	29486152	.	G	A	15	17	32	0	0	32	0	0
17	29496819	.	C	T	10	18	28	0	1	29	0	0
17	29508775	.	G	A	40	44	84	0	17	101	0	0
17	29509801	.	G	T	31	23	54	0	0	54	0	0
17	29527924	.	G	A	29	24	53	0	5	59	0	1
17	29541339	.	A	T	57	69	126	0	1	127	0	0
17	29552261	.	C	T	16	15	31	0	1	32	0	0
17	29553485	.	G	A	16	21	37	0	1	38	0	0
17	29559932	.	C	A	38	23	61	0	1	62	0	0
17	29563085	.	T	G	6	49	55	0	1	56	0	0
17	29592550	.	T	C	14	8	22	0	0	22	0	0
17	29654876	.	T	A	11	17	28	0	1	29	0	0
17	29663625	.	T	A	31	41	72	0	6	79	0	1
17	29664645	.	T	A	28	25	53	0	0	53	0	0
17	29671327	.	G	A	56	56	112	0	2	114	0	0
17	29673219	.	T	A	67	53	120	25	3	148	0	0
17	29679246	.	G	A	33	33	66	0	2	68	0	0
17	29708774	.	T	A	21	16	37	0	3	40	0	0
17	29761030	.	G	A	16	15	31	0	3	34	0	0
17	29848450	.	G	T	24	14	38	0	4	42	0	0
17	29850698	.	G	A	20	13	33	0	1	35	1	0
17	29855932	.	C	G	49	45	94	0	4	98	0	0
17	29857264	.	C	T	49	41	90	0	4	94	0	0
17	29857277	.	G	T	46	47	93	0	5	98	0	0
17	29859016	.	G	A	40	47	87	0	4	91	0	0
17	29859464	.	G	A	64	41	105	0	5	110	0	0
17	29859506	.	G	T	30	47	77	0	2	79	0	0
17	30036561	.	T	C	13	14	27	0	0	27	0	0
17	30036578	.	C	T	13	14	27	0	0	27	0	0
17	30036653	.	C	T	23	21	44	0	5	49	0	0
17	30211199	.	T	A	15	11	26	0	1	28	0	1
17	30221578	.	T	C	12	12	24	0	0	25	0	1
17	30228590	.	C	T	24	9	33	0	0	33	0	0
17	30228656	.	G	A	14	9	23	0	3	26	0	0
17	30267565	.	C	A	32	17	49	13	3	65	0	0
17	30300115	.	T	G	15	8	23	3	2	29	0	1
17	30300356	.	A	C	25	11	36	4	2	42	0	0
17	30321563	.	T	G	21	17	38	0	1	39	0	0
17	30321567	.	T	G	22	17	39	0	1	40	0	0
17	30330033	.	T	A	14	10	24	0	2	26	0	0
17	30372739	.	C	T	231	99	330	13	9	352	0	0
17	30372919	.	T	G	90	42	132	9	3	144	0	0
17	30372927	.	G	A	84	34	118	10	4	132	0	0
17	30372933	.	A	T	81	33	114	9	1	124	0	0
17	30373766	.	A	G	40	46	86	14	1	103	0	2
17	30375698	.	G	C	25	8	33	0	1	34	0	0
17	30375756	.	G	A	18	30	48	0	1	49	0	0
17	30376113	.	G	A	45	50	95	116	5	216	0	0
17	30376932	.	C	A	16	7	23	0	0	23	0	0
17	30377162	.	A	G	42	31	73	12	2	88	0	1
17	30406949	.	T	C	16	9	25	0	3	28	0	0
17	30632274	.	G	A	22	16	38	0	0	38	0	0
17	30665005	.	T	C	24	24	48	0	2	50	0	0
17	30671128	.	G	A	10	17	27	0	0	27	0	0
17	30687590	.	A	G	9	11	20	0	3	24	1	0
17	30822034	.	C	G	10	15	25	0	1	26	0	0
17	31266714	.	G	A	16	8	24	0	3	27	0	0
17	31268095	.	A	G	7	14	21	0	0	21	0	0
17	31318829	.	C	T	12	12	24	0	1	25	0	0
17	31319024	.	A	C	19	11	30	0	2	32	0	0
17	31319033	.	G	C	13	12	25	0	1	26	0	0
17	31320226	.	A	G	10	12	22	0	0	22	0	0
17	31323899	.	G	A	57	37	94	0	4	98	0	0
17	31324100	.	C	T	18	18	36	0	2	38	0	0
17	31342949	.	A	G	23	33	56	0	3	59	0	0
17	31343175	.	C	T	14	9	23	0	3	26	0	0
17	31351121	.	A	G	20	27	47	0	2	49	0	0
17	31438905	.	C	T	32	36	68	0	2	70	0	0
17	31612254	.	T	A	18	12	30	0	0	31	0	1
17	31618551	.	G	A	65	53	118	0	8	126	0	0
17	32363709	.	T	G	13	8	21	0	1	22	0	0
17	32364007	.	C	T	25	32	57	1	3	61	0	0
17	32364233	.	C	G	17	15	32	2	0	34	0	0
17	32365194	.	T	C	24	23	47	1	1	49	0	0
17	32421512	.	A	G	18	12	30	0	0	30	0	0
17	32421520	.	T	C	17	11	28	0	0	28	0	0
17	32483444	.	C	T	32	37	69	0	5	74	0	0
17	32582351	.	C	T	19	27	46	0	4	50	0	0
17	32583269	.	T	C	28	30	58	0	0	58	0	0
17	32646542	.	C	T	24	22	46	0	3	49	0	0
17	32646561	.	C	T	23	19	42	0	5	47	0	0
17	32684389	.	T	C	19	16	35	0	2	37	0	0
17	32904480	.	G	A	23	27	50	0	2	52	0	0
17	32904586	.	C	T	41	49	90	0	5	95	0	0
17	32908210	.	T	C	11	10	21	0	9	30	0	0
17	32908217	.	G	A	13	12	25	0	3	28	0	0
17	33255243	.	T	C	19	18	37	0	2	39	0	0
17	33313159	.	G	A	43	53	96	0	0	96	0	0
17	33339149	.	G	A	26	14	40	0	5	45	0	0
17	33343472	.	T	C	63	54	117	0	7	124	0	0
17	33353373	.	G	A	32	31	63	0	5	68	0	0
17	33446290	.	C	G	19	18	37	0	3	40	0	0
17	33446670	.	C	A	40	37	77	0	4	82	0	1
17	33463568	.	C	T	6	18	24	0	2	26	0	0
17	33463944	.	T	C	27	35	62	0	2	64	0	0
17	33467020	.	C	T	28	25	53	0	4	57	0	0
17	33469052	.	G	A	9	12	21	0	1	22	0	0
17	33482522	.	G	A	49	53	102	0	3	105	0	0
17	33490834	.	G	C	12	14	26	0	0	26	0	0
17	33497331	.	A	G	16	22	38	0	4	42	0	0
17	33498439	.	C	T	35	33	68	0	7	76	0	1
17	33501432	.	C	T	26	21	47	0	1	48	0	0
17	33502937	.	G	A	15	24	39	0	5	45	0	1
17	33510235	.	G	A	25	14	39	0	2	41	0	0
17	33513591	.	A	C	37	26	63	0	0	63	0	0
17	33513649	.	A	G	31	36	67	0	0	67	0	0
17	33518026	.	C	T	12	10	22	0	0	23	0	1
17	33518804	.	T	C	29	20	49	0	1	50	0	0
17	33520663	.	C	T	99	82	181	0	5	186	0	0
17	33545655	.	C	T	36	29	65	0	5	70	0	0
17	33548928	.	G	A	20	19	39	0	0	39	0	0
17	33550268	.	G	A	12	8	20	0	1	21	0	0
17	33550485	.	G	A	22	15	37	0	2	39	0	0
17	33586314	.	C	G	18	10	28	0	1	29	0	0
17	33591403	.	A	G	36	27	63	0	0	63	0	0
17	33592621	.	C	T	63	41	104	0	9	113	0	0
17	33680066	.	T	C	60	28	88	1	5	94	0	0
17	33704406	.	T	A	22	22	44	0	0	45	0	1
17	33734146	.	T	C	23	17	40	0	1	41	0	0
17	33749546	.	A	G	37	41	78	0	4	82	0	0
17	33768334	.	T	G	54	39	93	0	3	96	0	0
17	33769034	.	G	A	126	44	170	39	17	226	0	0
17	33770657	.	T	A	14	11	25	0	0	25	0	0
17	33770706	.	G	A	22	22	44	0	4	48	0	0
17	33770802	.	C	T	50	33	83	0	2	85	0	0
17	33802063	.	A	G	70	72	142	0	3	145	0	0
17	33819401	.	T	C	15	12	27	0	5	32	0	0
17	33849600	.	A	G	46	28	74	6	6	86	0	0
17	33849601	.	A	G	45	30	75	6	4	85	0	0
17	33876083	.	G	A	59	44	103	0	5	108	0	0
17	33879814	.	C	T	12	14	26	0	1	27	0	0
17	33884804	.	T	C	45	45	90	0	3	93	0	0
17	33893573	.	T	C	13	10	23	0	0	23	0	0
17	33901965	.	C	G	28	28	56	0	1	57	0	0
17	33902635	.	G	T	29	24	53	0	1	55	0	1
17	33966935	.	A	G	10	15	25	0	1	26	0	0
17	33969014	.	C	G	25	12	37	0	1	38	0	0
17	33998683	.	A	G	33	22	55	0	1	56	0	0
17	33998802	.	G	C	37	40	77	0	8	85	0	0
17	34051176	.	A	G	18	17	35	0	1	36	0	0
17	34067892	.	G	A	12	11	23	0	0	23	0	0
17	34068934	.	G	A	20	22	42	0	4	46	0	0
17	34069993	.	G	C	22	18	40	0	3	43	0	0
17	34070283	.	G	A	46	23	69	0	7	76	0	0
17	34072555	.	G	A	17	16	33	0	2	35	0	0
17	34122325	.	G	A	14	12	26	0	2	28	0	0
17	34149502	.	A	G	22	18	40	0	1	41	0	0
17	34151078	.	G	C	60	57	117	0	4	121	0	0
17	34182092	.	C	T	61	69	130	0	5	135	0	0
17	34188342	.	C	A	17	21	38	0	0	38	0	0
17	34191406	.	T	C	61	38	99	0	4	104	0	1
17	34191424	.	C	T	66	36	102	0	3	105	0	0
17	34199641	.	A	T	9	11	20	0	1	21	0	0
17	34235898	.	G	T	79	56	135	0	2	137	0	0
17	34241294	.	T	C	14	9	23	0	2	25	0	0
17	34252537	.	A	C	18	17	35	0	0	35	0	0
17	34257050	.	C	A	19	15	34	0	3	37	0	0
17	34257069	.	T	A	22	15	37	0	1	38	0	0
17	34305048	.	G	A	20	21	41	0	3	44	0	0
17	34305071	.	C	A	20	24	44	0	1	45	0	0
17	34305164	.	A	C	50	33	83	0	3	86	0	0
17	34328461	.	A	G	23	28	51	0	5	56	0	0
17	34328542	.	G	A	18	22	40	0	1	41	0	0
17	34340161	.	T	A	23	17	40	0	1	41	0	0
17	34341195	.	A	G	18	8	26	0	2	28	0	0
17	34391617	.	A	G	26	31	57	0	1	58	0	0
17	34416063	.	C	A	110	101	211	0	7	218	0	0
17	34416246	.	T	C	70	66	136	0	4	140	0	0
17	34416537	.	G	A	73	99	172	0	4	176	0	0
17	34416946	.	G	A	22	22	44	0	6	50	0	0
17	34417292	.	G	A	72	66	138	0	8	146	0	0
17	34417576	.	G	A	17	25	42	0	2	44	0	0
17	34431586	.	C	T	25	23	48	8	3	59	0	0
17	34431852	.	A	G	42	44	86	6	3	95	0	0
17	34432125	.	A	G	50	47	97	0	7	105	1	0
17	34434761	.	G	A	33	30	63	0	3	66	0	0
17	34434809	.	T	C	18	17	35	0	1	36	0	0
17	34484193	.	C	A	117	43	160	0	3	164	0	1
17	34489428	.	A	G	30	21	51	3	2	56	0	0
17	34489520	.	A	G	21	25	46	12	0	58	0	0
17	34489703	.	G	A	36	23	59	19	4	82	0	0
17	34499930	.	C	G	39	89	128	170	2	300	0	0
17	34503989	.	G	A	77	152	229	184	8	421	0	0
17	34539745	.	G	A	39	7	46	29	6	82	0	1
17	34587909	.	A	G	13	8	21	13	2	37	0	1
17	34587938	.	T	C	25	12	37	16	3	58	0	2
17	34587942	.	C	T	25	14	39	16	3	60	0	2
17	34641310	.	G	C	79	19	98	35	4	137	0	0
17	34746953	.	A	C	3	27	30	113	2	145	0	0
17	34757039	.	C	G	116	43	159	60	3	222	0	0
17	34757363	.	C	T	21	8	29	0	1	30	0	0
17	34797230	.	A	G	22	20	42	18	0	60	0	0
17	34842521	.	A	G	41	44	85	0	9	94	0	0
17	34848874	.	T	C	11	18	29	0	1	30	0	0
17	34849697	.	C	G	20	29	49	0	2	51	0	0
17	34849966	.	A	G	12	13	25	0	2	27	0	0
17	34855069	.	C	G	26	23	49	0	4	53	0	0
17	34856721	.	G	A	47	24	71	0	2	73	0	0
17	34858899	.	G	C	50	45	95	0	2	97	0	0
17	34862220	.	T	C	28	31	59	0	2	62	0	1
17	34862577	.	T	C	24	23	47	0	2	49	0	0
17	34863110	.	T	C	37	34	71	0	2	73	0	0
17	34866546	.	C	T	28	22	50	0	4	54	0	0
17	34869155	.	G	A	32	25	57	0	2	59	0	0
17	34871118	.	G	A	22	22	44	0	4	48	0	0
17	34871813	.	T	C	21	31	52	0	0	52	0	0
17	34894030	.	T	C	54	37	91	0	2	93	0	0
17	34895027	.	G	A	21	28	49	0	1	50	0	0
17	34900800	.	T	G	24	21	45	0	3	48	0	0
17	34900836	.	G	C	27	28	55	0	6	61	0	0
17	34935878	.	C	A	45	35	80	0	3	84	0	1
17	34942595	.	G	A	8	21	29	0	0	30	0	1
17	34943719	.	C	T	18	13	31	0	2	33	0	0
17	34951481	.	C	T	47	47	94	0	1	95	0	0
17	34958428	.	G	A	41	24	65	0	51	116	0	0
17	34964280	.	C	T	48	43	91	0	4	95	0	0
17	35307377	.	G	A	33	32	65	0	1	67	0	1
17	35307774	.	T	C	16	7	23	0	1	24	0	0
17	35346382	.	T	A	30	12	42	0	4	46	0	0
17	35346499	.	C	T	77	54	131	0	1	132	0	0
17	35452298	.	C	T	10	17	27	0	1	28	0	0
17	35519090	.	C	A	11	11	22	0	0	22	0	0
17	35538304	.	G	C	36	30	66	0	9	76	0	1
17	35545534	.	G	A	7	16	23	0	2	25	0	0
17	35549275	.	T	C	13	20	33	0	3	36	0	0
17	35550398	.	A	G	26	18	44	0	0	44	0	0
17	35550448	.	C	A	17	12	29	0	2	31	0	0
17	35564785	.	G	C	18	23	41	0	1	42	0	0
17	35578628	.	T	A	28	28	56	0	4	61	0	1
17	35608889	.	G	A	15	13	28	0	0	28	0	0
17	35609746	.	G	A	17	22	39	0	1	40	0	0
17	35630892	.	T	C	11	21	32	0	0	32	0	0
17	35632979	.	C	A	18	32	50	0	4	54	0	0
17	35639975	.	C	T	16	13	29	0	1	30	0	0
17	35692201	.	C	T	27	27	54	0	1	55	0	0
17	35771437	.	C	A	34	23	57	0	3	60	0	0
17	35902390	.	T	G	59	58	117	0	4	121	0	0
17	35921724	.	T	C	31	24	55	0	2	57	0	0
17	35956391	.	G	C	42	49	91	0	2	93	0	0
17	36047276	.	G	T	22	23	45	0	2	47	0	0
17	36047417	.	A	G	24	17	41	0	1	42	0	0
17	36058980	.	C	T	36	39	75	0	4	80	0	1
17	36058993	.	C	T	45	39	84	0	3	88	0	1
17	36059246	.	A	C	39	44	83	0	3	87	0	1
17	36059377	.	A	G	10	10	20	0	4	24	0	0
17	36070342	.	C	T	24	24	48	0	2	50	0	0
17	36206951	.	A	G	27	20	47	0	4	51	0	0
17	36213829	.	C	G	13	12	25	0	1	26	0	0
17	36223325	.	A	G	14	14	28	0	0	28	0	0
17	36233906	.	C	T	18	23	41	0	1	42	0	0
17	36243630	.	C	A	25	32	57	0	2	59	0	0
17	36243668	.	T	A	17	16	33	0	0	33	0	0
17	36297964	.	C	A	42	8	50	0	3	53	0	0
17	36298176	.	G	T	12	43	55	0	3	58	0	0
17	36298199	.	C	A	33	14	47	0	3	50	0	0
17	36317422	.	G	A	66	54	120	7	3	130	0	0
17	36317482	.	G	T	20	24	44	5	1	50	0	0
17	36333500	.	T	C	98	74	172	10	5	187	0	0
17	36348713	.	C	T	166	84	250	281	17	549	0	1
17	36348786	.	C	G	209	108	317	77	17	411	0	0
17	36348804	.	A	T	213	112	325	29	10	364	0	0
17	36348950	.	C	T	58	28	86	19	13	118	0	0
17	36352244	.	G	A	23	52	75	8	0	83	0	0
17	36352370	.	C	T	113	42	155	4	6	165	0	0
17	36352537	.	A	G	74	24	98	28	4	130	0	0
17	36352572	.	C	T	63	20	83	19	5	108	1	0
17	36353900	.	G	C	69	60	129	12	6	147	0	0
17	36353996	.	C	T	31	8	39	1	11	51	0	0
17	36361514	.	C	G	28	13	41	5	2	49	0	1
17	36361764	.	G	C	96	35	131	99	1	233	0	2
17	36365172	.	C	T	179	61	240	95	12	347	0	0
17	36365440	.	G	A	15	5	20	5	0	25	0	0
17	36374940	.	T	C	27	9	36	0	3	39	0	0
17	36411528	.	G	A	17	16	33	3	0	36	0	0
17	36452904	.	T	G	13	10	23	0	5	29	0	1
17	36453208	.	T	C	70	60	130	7	6	143	0	0
17	36453333	.	C	T	30	20	50	10	6	66	0	0
17	36474405	.	A	T	9	13	22	0	0	22	0	0
17	36482372	.	A	C	55	52	107	0	8	115	0	0
17	36483847	.	G	C	22	32	54	0	0	55	0	1
17	36485571	.	C	T	24	26	50	0	2	53	1	0
17	36486528	.	G	T	39	40	79	0	3	82	0	0
17	36491083	.	C	T	25	19	44	0	3	47	0	0
17	36617076	.	C	T	18	11	29	0	2	31	0	0
17	36623182	.	C	T	17	18	35	0	5	40	0	0
17	36623602	.	A	G	18	12	30	0	2	32	0	0
17	36625919	.	C	T	43	39	82	0	5	87	0	0
17	36626062	.	C	T	70	43	113	0	7	121	0	1
17	36634213	.	C	A	25	19	44	3	3	50	0	0
17	36634283	.	A	T	15	15	30	3	1	34	0	0
17	36638179	.	G	A	43	23	66	6	1	73	0	0
17	36638388	.	A	G	46	44	90	0	5	95	0	0
17	36638544	.	C	T	26	23	49	0	3	52	0	0
17	36638695	.	G	T	18	13	31	0	1	32	0	0
17	36646291	.	A	G	25	23	48	0	6	55	0	1
17	36655282	.	C	T	29	18	47	0	6	53	0	0
17	36705160	.	C	A	18	26	44	0	1	45	0	0
17	36707241	.	T	C	12	12	24	0	1	25	0	0
17	36708277	.	C	T	29	21	50	0	4	55	0	1
17	36868249	.	C	T	24	27	51	0	4	55	0	0
17	36875641	.	A	T	17	20	37	0	2	39	0	0
17	36889541	.	G	A	30	20	50	0	4	54	0	0
17	36890949	.	T	C	24	19	43	0	7	50	0	0
17	36891402	.	G	A	70	53	123	0	3	126	0	0
17	36894839	.	G	A	11	11	22	0	3	25	0	0
17	36895539	.	G	A	24	28	52	0	0	52	0	0
17	36896671	.	G	A	13	16	29	0	1	30	0	0
17	36904001	.	C	T	13	10	23	0	2	25	0	0
17	36912066	.	T	C	19	12	31	0	1	32	0	0
17	36918551	.	G	T	23	18	41	0	4	45	0	0
17	36920378	.	G	A	36	35	71	0	4	75	0	0
17	36922196	.	A	G	23	27	50	0	3	53	0	0
17	36925750	.	G	A	10	14	24	0	1	25	0	0
17	36934475	.	C	T	19	12	31	0	2	33	0	0
17	36935572	.	T	C	29	15	44	0	3	47	0	0
17	36935605	.	G	A	36	22	58	0	4	62	0	0
17	36962611	.	T	C	48	52	100	0	2	102	0	0
17	36962670	.	A	G	32	29	61	0	2	63	0	0
17	36962689	.	G	A	28	23	51	0	1	52	0	0
17	36963226	.	G	T	38	36	74	0	5	79	0	0
17	36963234	.	A	G	37	38	75	0	4	79	0	0
17	36968991	.	G	A	56	50	106	0	2	108	0	0
17	36977048	.	C	A	32	19	51	0	1	52	0	0
17	36997461	.	G	A	19	24	43	0	2	45	0	0
17	37054884	.	A	G	9	12	21	0	6	27	0	0
17	37070737	.	A	G	26	36	62	0	3	65	0	0
17	37184660	.	A	G	13	10	23	0	0	23	0	0
17	37187142	.	T	A	14	18	32	0	2	34	0	0
17	37188394	.	G	A	91	81	172	0	5	177	0	0
17	37190141	.	T	C	52	42	94	0	2	96	0	0
17	37201719	.	T	C	12	17	29	0	2	31	0	0
17	37201755	.	G	A	13	24	37	0	3	40	0	0
17	37202047	.	T	G	24	23	47	0	1	48	0	0
17	37213252	.	T	C	18	12	30	0	5	35	0	0
17	37213307	.	C	T	19	20	39	0	1	41	0	1
17	37213317	.	C	A	22	21	43	0	1	45	0	1
17	37228765	.	A	G	27	15	42	0	0	42	0	0
17	37234111	.	G	A	22	29	51	0	10	61	0	0
17	37288287	.	T	C	62	46	108	0	15	123	0	0
17	37316617	.	C	T	13	10	23	0	10	33	0	0
17	37319103	.	T	C	22	25	47	0	3	50	0	0
17	37321538	.	G	A	11	15	26	0	1	27	0	0
17	37322080	.	T	C	30	15	45	0	3	48	0	0
17	37340243	.	G	A	20	14	34	0	3	37	0	0
17	37351041	.	G	A	22	20	42	0	3	45	0	0
17	37356731	.	G	A	14	9	23	0	2	25	0	0
17	37360745	.	C	G	26	20	46	0	4	50	0	0
17	37361044	.	C	T	16	9	25	0	1	26	0	0
17	37369218	.	T	C	22	15	37	0	1	39	0	1
17	37369416	.	G	A	13	10	23	0	5	28	0	0
17	37421517	.	C	T	9	14	23	0	0	23	0	0
17	37441679	.	A	T	16	28	44	0	1	45	0	0
17	37453485	.	T	C	16	22	38	0	2	40	0	0
17	37457342	.	A	G	17	8	25	0	0	25	0	0
17	37557547	.	C	T	60	38	98	0	13	111	0	0
17	37575854	.	A	G	12	8	20	0	1	21	0	0
17	37619038	.	G	A	28	33	61	0	0	61	0	0
17	37666031	.	A	C	11	12	23	0	0	24	0	1
17	37673942	.	G	A	77	82	159	0	7	166	0	0
17	37682292	.	G	A	19	17	36	0	1	37	0	0
17	37687968	.	A	G	8	15	23	0	1	24	0	0
17	37786312	.	C	T	27	24	51	0	3	55	0	1
17	37816702	.	G	C	38	33	71	0	0	71	0	0
17	37817482	.	T	C	12	9	21	0	3	24	0	0
17	37822311	.	A	C	116	104	220	0	14	234	0	0
17	37829129	.	A	G	12	16	28	0	0	28	0	0
17	37829570	.	C	G	31	25	56	0	1	57	0	0
17	37829571	.	C	A	31	24	55	0	2	57	0	0
17	37829604	.	C	T	39	31	70	0	6	76	0	0
17	37830447	.	T	A	14	9	23	0	0	23	0	0
17	37830900	.	A	G	15	19	34	0	2	36	0	0
17	37840646	.	C	T	16	10	26	0	1	27	0	0
17	37864729	.	C	G	45	33	78	0	5	83	0	0
17	37866005	.	C	T	15	29	44	0	1	47	0	2
17	37868558	.	C	T	24	52	76	0	11	88	0	1
17	37872005	.	G	T	9	17	26	0	1	27	0	0
17	37872050	.	A	G	14	19	33	0	2	35	0	0
17	37898475	.	G	A	21	14	35	0	1	36	0	0
17	37898909	.	A	C	20	23	43	0	3	46	0	0
17	37900750	.	A	G	12	16	28	0	11	39	0	0
17	37903241	.	G	A	45	43	88	0	2	90	0	0
17	37903256	.	G	A	28	33	61	0	5	66	0	0
17	37903437	.	G	A	45	43	88	0	4	92	0	0
17	37933823	.	A	G	53	39	92	0	3	95	0	0
17	37985801	.	A	G	12	11	23	0	1	24	0	0
17	37988293	.	C	T	9	11	20	0	0	20	0	0
17	37991328	.	C	G	22	26	48	0	8	56	0	0
17	37991631	.	T	C	16	20	36	0	1	37	0	0
17	37992001	.	G	C	36	37	73	0	2	75	0	0
17	38020419	.	T	C	26	28	54	0	8	62	0	0
17	38020470	.	G	A	21	16	37	0	6	43	0	0
17	38026804	.	G	A	19	15	34	0	3	37	0	0
17	38027583	.	A	G	14	13	27	0	0	27	0	0
17	38028478	.	C	G	10	15	25	0	1	26	0	0
17	38028634	.	G	T	18	27	45	0	0	45	0	0
17	38029120	.	C	G	34	26	60	0	2	62	0	0
17	38029160	.	T	G	50	35	85	0	2	87	0	0
17	38031714	.	C	T	16	11	27	0	1	28	0	0
17	38033277	.	A	C	31	19	50	0	1	51	0	0
17	38061054	.	G	A	40	37	77	0	8	85	0	0
17	38065024	.	C	A	13	15	28	0	4	32	0	0
17	38065424	.	C	G	14	13	27	0	0	28	0	1
17	38066240	.	T	C	30	27	57	0	2	59	0	0
17	38066267	.	G	T	16	18	34	0	1	35	0	0
17	38068514	.	T	C	44	48	92	0	2	94	0	0
17	38098027	.	G	A	9	11	20	0	1	21	0	0
17	38100129	.	G	A	15	17	32	0	1	33	0	0
17	38100134	.	G	C	17	14	31	0	2	33	0	0
17	38100633	.	C	T	17	16	33	0	1	34	0	0
17	38121993	.	G	A	23	21	44	0	1	45	0	0
17	38122117	.	G	A	25	22	47	0	7	54	0	0
17	38122200	.	G	A	20	12	32	0	1	33	0	0
17	38122686	.	G	A	24	11	35	0	5	40	0	0
17	38128648	.	C	T	7	14	21	0	1	22	0	0
17	38128714	.	G	A	10	13	23	0	2	25	0	0
17	38129996	.	A	T	40	27	67	0	4	71	0	0
17	38130139	.	C	T	30	21	51	0	3	54	0	0
17	38130523	.	T	C	14	18	32	0	1	34	0	1
17	38131187	.	C	A	28	12	40	0	1	41	0	0
17	38137033	.	A	G	26	34	60	0	7	67	0	0
17	38142677	.	A	C	19	14	33	0	0	34	0	1
17	38142978	.	C	T	41	36	77	0	1	78	0	0
17	38144780	.	C	T	32	32	64	0	1	65	0	0
17	38145088	.	C	G	65	69	134	0	6	140	0	0
17	38146154	.	T	C	23	32	55	0	2	57	0	0
17	38153554	.	G	C	42	43	85	0	9	94	0	0
17	38154084	.	G	C	20	24	44	0	2	47	0	1
17	38171668	.	C	G	38	31	69	0	2	71	0	0
17	38171845	.	A	G	48	41	89	0	9	98	0	0
17	38173737	.	C	T	13	14	27	0	2	29	0	0
17	38175866	.	G	A	56	63	119	0	8	127	0	0
17	38178627	.	A	G	37	20	57	0	3	60	0	0
17	38179290	.	G	A	17	16	33	0	4	37	0	0
17	38179667	.	A	G	20	21	41	0	1	42	0	0
17	38182844	.	T	C	26	29	55	0	3	58	0	0
17	38186106	.	C	T	58	54	112	0	6	119	0	1
17	38189793	.	T	C	15	10	25	0	5	30	0	0
17	38191924	.	A	G	23	7	30	0	1	31	0	0
17	38346802	.	C	G	36	43	79	0	4	83	0	0
17	38348616	.	G	A	27	12	39	0	3	43	0	1
17	38350730	.	C	G	52	53	105	0	4	109	0	0
17	38447569	.	T	C	23	17	40	0	2	42	0	0
17	38450788	.	T	A	12	13	25	0	1	26	0	0
17	38457151	.	G	A	20	24	44	0	3	47	0	0
17	38511878	.	A	G	16	11	27	0	2	29	0	0
17	38512197	.	T	C	14	11	25	0	1	26	0	0
17	38636235	.	G	A	14	8	22	0	0	22	0	0
17	38644752	.	G	A	27	24	51	0	2	53	0	0
17	38645125	.	A	G	32	35	67	0	3	70	0	0
17	38785421	.	T	C	7	15	22	0	0	22	0	0
17	38792103	.	T	A	27	21	48	0	1	49	0	0
17	38905477	.	T	G	17	27	44	0	0	44	0	0
17	38933903	.	C	A	49	34	83	0	6	89	0	0
17	38935876	.	C	T	49	35	84	0	9	93	0	0
17	38938222	.	T	C	23	22	45	0	2	47	0	0
17	38938591	.	C	G	44	36	80	0	6	86	0	0
17	38955173	.	G	A	24	17	41	0	0	41	0	0
17	38955274	.	A	C	24	15	39	0	2	41	0	0
17	38955961	.	G	A	21	22	43	0	2	45	0	0
17	38975051	.	G	A	26	20	46	0	4	50	0	0
17	38976978	.	C	A	19	23	42	0	0	42	0	0
17	38977048	.	T	C	15	12	27	0	0	27	0	0
17	38977222	.	A	C	39	26	65	0	1	66	0	0
17	38978462	.	C	T	46	46	92	0	7	99	0	0
17	38979070	.	T	C	5	15	20	0	1	21	0	0
17	38990679	.	T	A	23	22	45	0	5	50	0	0
17	38991003	.	T	C	40	31	71	0	4	75	0	0
17	38992521	.	G	T	19	21	40	0	10	50	0	0
17	38992571	.	T	A	8	12	20	0	2	22	0	0
17	39020861	.	T	C	14	21	35	0	0	35	0	0
17	39020869	.	A	C	15	20	35	0	0	35	0	0
17	39020926	.	T	C	23	30	53	0	1	54	0	0
17	39032768	.	A	T	18	14	32	0	1	33	0	0
17	39033467	.	T	C	13	10	23	0	0	23	0	0
17	39081546	.	A	G	21	20	41	0	1	42	0	0
17	39081713	.	A	G	56	59	115	0	4	121	0	2
17	39084313	.	G	A	10	10	20	0	1	21	0	0
17	39084504	.	T	C	44	39	83	0	6	89	0	0
17	39086013	.	G	A	15	6	21	0	1	22	0	0
17	39086014	.	A	C	14	7	21	0	1	22	0	0
17	39087508	.	C	T	14	12	26	0	1	27	0	0
17	39087546	.	G	A	15	12	27	0	2	29	0	0
17	39087551	.	C	T	14	12	26	0	3	29	0	0
17	39087559	.	G	A	15	15	30	0	3	33	0	0
17	39114962	.	C	T	36	50	86	0	7	93	0	0
17	39120542	.	T	C	39	24	63	0	0	63	0	0
17	39120795	.	T	C	40	63	103	0	4	107	0	0
17	39134561	.	C	T	19	21	40	0	3	43	0	0
17	39134576	.	A	C	18	21	39	0	2	41	0	0
17	39134585	.	G	A	14	17	31	0	2	33	0	0
17	39134931	.	T	C	15	19	34	0	1	35	0	0
17	39134990	.	A	G	18	19	37	0	1	38	0	0
17	39135084	.	A	G	39	39	78	0	5	84	0	1
17	39135214	.	T	C	32	40	72	0	2	74	0	0
17	39135322	.	C	T	23	20	43	0	1	44	0	0
17	39135369	.	A	G	10	10	20	0	0	20	0	0
17	39137104	.	A	G	26	25	51	0	3	55	0	1
17	39137154	.	C	G	23	15	38	0	1	40	0	1
17	39137290	.	C	T	27	22	49	0	2	51	0	0
17	39137387	.	C	T	22	19	41	0	3	44	0	0
17	39138436	.	A	G	20	9	29	0	1	30	0	0
17	39138476	.	C	T	34	15	49	0	1	51	1	0
17	39138477	.	G	A	34	17	51	0	2	53	0	0
17	39138712	.	G	A	28	14	42	0	1	43	0	0
17	39139348	.	A	G	16	11	27	0	0	27	0	0
17	39139370	.	G	A	10	14	24	0	1	25	0	0
17	39139957	.	A	G	13	12	25	0	1	26	0	0
17	39139961	.	C	T	14	13	27	0	1	28	0	0
17	39140221	.	C	T	63	63	126	0	8	134	0	0
17	39140272	.	A	G	55	60	115	0	2	117	0	0
17	39140417	.	T	C	29	25	54	0	5	60	0	1
17	39150284	.	A	G	51	61	112	7	0	119	0	0
17	39150357	.	A	G	28	29	57	0	1	59	0	1
17	39155758	.	G	A	35	24	59	0	3	62	0	0
17	39155881	.	C	T	77	35	112	0	7	119	0	0
17	39155923	.	G	A	27	79	106	0	5	111	0	0
17	39155969	.	A	G	84	31	115	1	5	121	0	0
17	39156067	.	A	G	78	32	110	0	8	119	0	1
17	39156084	.	T	C	77	34	111	0	7	118	0	0
17	39156224	.	C	G	16	15	31	0	1	32	0	0
17	39183254	.	T	C	100	108	208	0	9	217	0	0
17	39183304	.	C	T	98	98	196	0	9	206	0	1
17	39183465	.	G	T	49	41	90	0	4	94	0	0
17	39185865	.	A	C	26	28	54	0	4	58	0	0
17	39186052	.	G	A	45	49	94	0	7	101	0	0
17	39186168	.	A	C	47	58	105	0	7	112	0	0
17	39186195	.	C	T	44	51	95	0	9	104	0	0
17	39186196	.	A	G	46	49	95	0	7	102	0	0
17	39190830	.	C	T	94	86	180	0	8	190	0	2
17	39190939	.	G	A	99	80	179	2	6	194	0	7
17	39191188	.	A	T	26	14	40	0	1	45	0	4
17	39197538	.	G	T	99	18	117	1	2	144	0	24
17	39197605	.	G	T	77	16	93	2	2	97	0	0
17	39197609	.	C	A	74	19	93	3	3	99	0	0
17	39197614	.	G	A	76	25	101	2	1	104	0	0
17	39197638	.	A	G	61	36	97	2	1	100	0	0
17	39202927	.	T	A	30	29	59	0	5	64	0	0
17	39203345	.	G	A	22	14	36	50	2	88	0	0
17	39203490	.	G	C	31	31	62	37	2	101	0	0
17	39203553	.	G	T	42	28	70	33	3	106	0	0
17	39210931	.	C	T	36	25	61	0	0	68	0	7
17	39216019	.	G	A	29	41	70	26	7	103	0	0
17	39216256	.	C	G	56	33	89	17	8	114	0	0
17	39222068	.	C	G	62	57	119	24	4	147	0	0
17	39254133	.	G	T	99	50	149	25	9	192	0	9
17	39254142	.	A	G	51	76	127	23	12	168	0	6
17	39262317	.	G	C	68	67	135	0	2	138	1	0
17	39296254	.	C	T	213	95	308	2	22	424	0	92
17	39296361	.	A	G	233	84	317	7	44	456	0	88
17	39382942	.	C	A	69	170	239	60	12	353	0	42
17	39383012	.	C	T	45	202	247	51	14	329	0	17
17	39389673	.	G	A	118	22	140	4	0	146	0	2
17	39389698	.	T	C	114	20	134	5	2	142	0	1
17	39389710	.	A	G	107	17	124	6	1	132	0	1
17	39389731	.	G	A	97	17	114	8	1	124	0	1
17	39389787	.	G	T	54	13	67	6	2	75	0	0
17	39389807	.	G	A	44	13	57	5	1	63	0	0
17	39389818	.	A	C	41	10	51	6	1	58	0	0
17	39389821	.	C	T	40	8	48	6	0	54	0	0
17	39406663	.	G	C	211	52	263	15	6	285	0	1
17	39406676	.	T	G	199	53	252	16	6	275	0	1
17	39406679	.	G	A	197	52	249	16	9	275	0	1
17	39406685	.	G	A	200	63	263	16	11	291	0	1
17	39406691	.	G	A	195	65	260	16	10	289	0	3
17	39406713	.	C	G	184	78	262	15	13	293	0	3
17	39406737	.	T	A	181	89	270	3	7	283	0	3
17	39406752	.	T	C	169	86	255	3	6	267	0	3
17	39406755	.	T	C	163	83	246	2	6	256	0	2
17	39406763	.	C	T	156	94	250	2	2	256	0	2
17	39406774	.	T	C	158	90	248	5	2	257	0	2
17	39406812	.	C	T	124	47	171	5	6	182	0	0
17	39406820	.	C	A	114	44	158	5	2	165	0	0
17	39406838	.	G	A	101	24	125	5	3	133	0	0
17	39406929	.	A	T	72	13	85	7	1	93	0	0
17	39406949	.	A	G	61	10	71	4	2	77	0	0
17	39406991	.	G	T	42	10	52	1	2	56	0	1
17	39407025	.	C	T	31	7	38	2	0	41	0	1
17	39407034	.	C	G	30	6	36	2	1	44	4	1
17	39407042	.	A	T	29	10	39	1	1	42	0	1
17	39407054	.	T	C	30	10	40	1	2	44	0	1
17	39407072	.	G	A	27	7	34	2	2	39	0	1
17	39407077	.	G	A	24	7	31	2	2	35	0	0
17	39407078	.	G	C	24	7	31	2	1	34	0	0
17	39407079	.	G	A	24	7	31	2	0	34	1	0
17	39407088	.	T	G	22	6	28	2	1	31	0	0
17	39407099	.	A	G	21	6	27	2	1	30	0	0
17	39407109	.	T	A	22	5	27	1	2	30	0	0
17	39471888	.	C	T	15	7	22	0	1	23	0	0
17	39482441	.	G	A	32	32	64	0	3	68	0	1
17	39482464	.	C	A	39	36	75	0	5	80	0	0
17	39483297	.	G	A	24	29	53	0	5	58	0	0
17	39483541	.	A	G	28	19	47	0	4	51	0	0
17	39484621	.	T	C	48	41	89	0	8	97	0	0
17	39484791	.	C	T	23	26	49	0	2	51	0	0
17	39502398	.	A	G	30	63	93	0	2	95	0	0
17	39503163	.	G	A	74	53	127	13	10	150	0	0
17	39504593	.	G	C	12	16	28	0	0	28	0	0
17	39507115	.	T	C	14	14	28	0	5	33	0	0
17	39521015	.	T	C	27	28	55	0	0	55	0	0
17	39521248	.	A	C	44	52	96	4	9	109	0	0
17	39526155	.	A	G	8	12	20	0	3	23	0	0
17	39535388	.	T	C	72	69	141	0	13	154	0	0
17	39538442	.	C	A	81	94	175	0	12	188	0	1
17	39550252	.	T	C	16	23	39	0	3	42	0	0
17	39552453	.	C	T	11	9	20	0	2	22	0	0
17	39552544	.	A	G	28	18	46	0	2	48	0	0
17	39553811	.	G	T	23	28	51	0	3	54	0	0
17	39579147	.	C	T	49	44	93	0	3	96	0	0
17	39594185	.	T	C	14	13	27	0	0	27	0	0
17	39594204	.	T	A	19	17	36	0	1	37	0	0
17	39595661	.	T	A	22	15	37	0	2	39	0	0
17	39596393	.	C	A	30	26	56	0	4	60	0	0
17	39596402	.	G	A	27	25	52	0	8	60	0	0
17	39596538	.	C	T	42	34	76	0	5	81	0	0
17	39596611	.	T	C	48	35	83	0	5	88	0	0
17	39605580	.	C	T	13	14	27	0	4	31	0	0
17	39616430	.	G	T	47	69	116	0	3	119	0	0
17	39619093	.	G	A	38	47	85	0	5	90	0	0
17	39619094	.	T	C	37	50	87	0	3	90	0	0
17	39619115	.	G	A	38	49	87	0	5	92	0	0
17	39619219	.	G	A	32	63	95	0	4	99	0	0
17	39619388	.	C	A	11	15	26	0	2	29	0	1
17	39619435	.	G	A	7	13	20	0	1	22	0	1
17	39620557	.	C	T	25	21	46	0	1	47	0	0
17	39621944	.	A	G	16	21	37	0	5	42	0	0
17	39622472	.	G	A	21	12	33	0	1	35	0	1
17	39633137	.	T	A	26	26	52	0	0	52	0	0
17	39633349	.	G	C	16	14	30	0	2	32	0	0
17	39633608	.	A	G	18	20	38	0	3	41	0	0
17	39635574	.	T	C	71	51	122	0	10	132	0	0
17	39644057	.	G	A	13	8	21	0	1	23	0	1
17	39646021	.	A	G	25	31	56	0	3	60	0	1
17	39670939	.	G	A	15	11	26	0	0	26	0	0
17	39672547	.	C	T	25	14	39	0	2	41	0	0
17	39674407	.	G	A	13	16	29	0	0	29	0	0
17	39674641	.	T	C	84	82	166	0	14	181	0	1
17	39680935	.	A	G	17	28	45	0	3	50	0	2
17	39681475	.	A	G	27	35	62	0	2	64	0	0
17	39684410	.	G	A	22	26	48	0	5	53	0	0
17	39741124	.	A	G	20	13	33	0	2	35	0	0
17	39741280	.	A	G	43	30	73	0	3	76	0	0
17	39742492	.	G	C	58	50	108	0	7	115	0	0
17	39742718	.	A	G	115	95	210	10	21	241	0	0
17	39742807	.	C	T	124	119	243	0	16	259	0	0
17	39742894	.	G	A	88	95	183	0	21	205	0	1
17	39742898	.	G	A	93	98	191	0	17	209	0	1
17	39743081	.	G	A	137	149	286	3	18	308	1	0
17	39743180	.	G	A	67	66	133	0	10	144	0	1
17	39767947	.	C	T	99	102	201	0	18	219	0	0
17	39769201	.	G	A	22	34	56	0	2	58	0	0
17	39778974	.	C	T	27	20	47	0	6	53	0	0
17	39779160	.	G	C	58	50	108	0	9	117	0	0
17	39780140	.	T	C	28	22	50	0	2	52	0	0
17	39780803	.	A	G	51	45	96	0	7	104	0	1
17	39782702	.	G	A	21	21	42	0	3	45	0	0
17	39785241	.	C	G	60	76	136	0	5	141	0	0
17	39786865	.	G	A	38	34	72	0	3	76	0	1
17	39791652	.	C	T	41	46	87	0	8	95	0	0
17	39871696	.	G	C	34	30	64	0	4	68	0	0
17	39872026	.	T	A	36	42	78	0	10	88	0	0
17	39880545	.	C	T	42	46	88	0	10	98	0	0
17	39880571	.	C	A	45	38	83	0	7	90	0	0
17	39880573	.	G	A	37	45	82	0	6	88	0	0
17	39880656	.	G	T	23	12	35	0	4	39	0	0
17	39880680	.	C	T	24	10	34	0	2	37	1	0
17	39880966	.	G	T	24	22	46	0	2	48	0	0
17	39881003	.	C	T	20	20	40	0	1	41	0	0
17	39883721	.	C	T	36	27	63	0	2	66	0	1
17	39883789	.	A	G	17	18	35	0	2	37	0	0
17	39884419	.	C	T	45	51	96	0	8	104	0	0
17	39884583	.	G	A	43	38	81	0	3	84	0	0
17	39884627	.	T	C	33	29	62	0	2	64	0	0
17	39884684	.	C	T	16	22	38	0	6	44	0	0
17	39887720	.	C	G	71	56	127	0	6	134	0	1
17	39959433	.	A	G	19	14	33	0	2	35	0	0
17	39959511	.	C	T	27	15	42	0	3	45	0	0
17	40039454	.	C	T	17	13	30	0	3	33	0	0
17	40075058	.	C	G	23	13	36	0	7	43	0	0
17	40099542	.	T	C	13	12	25	0	0	25	0	0
17	40125864	.	G	A	21	20	41	0	0	41	0	0
17	40126187	.	G	A	27	45	72	0	3	75	0	0
17	40126251	.	T	C	15	28	43	0	4	47	0	0
17	40142121	.	C	T	15	13	28	0	0	28	0	0
17	40152451	.	A	G	85	67	152	0	2	154	0	0
17	40180910	.	G	A	27	19	46	0	5	51	0	0
17	40183707	.	G	C	64	56	120	0	9	129	0	0
17	40213963	.	G	A	17	27	44	0	2	46	0	0
17	40255812	.	C	T	28	24	52	0	7	60	0	1
17	40277941	.	T	C	36	29	65	0	4	71	1	1
17	40337347	.	A	G	50	36	86	0	6	92	0	0
17	40352581	.	G	A	10	20	30	0	0	30	0	0
17	40353722	.	A	G	35	34	69	0	0	69	0	0
17	40354723	.	T	C	45	45	90	0	4	94	0	0
17	40375205	.	C	G	13	11	24	0	1	25	0	0
17	40384208	.	C	T	26	36	62	0	1	63	0	0
17	40441819	.	A	G	9	15	24	0	4	28	0	0
17	40447558	.	T	C	11	9	20	0	3	23	0	0
17	40451844	.	T	C	61	53	114	136	8	258	0	0
17	40453076	.	A	C	20	18	38	0	2	40	0	0
17	40456759	.	C	T	12	10	22	0	2	24	0	0
17	40469180	.	G	A	19	15	34	0	1	35	0	0
17	40481529	.	G	C	28	34	62	0	0	62	0	0
17	40483403	.	C	T	17	11	28	0	0	28	0	0
17	40489758	.	A	T	17	20	37	0	0	37	0	0
17	40500265	.	C	A	13	17	30	0	2	32	0	0
17	40639422	.	G	A	22	16	38	0	1	39	0	0
17	40642452	.	T	C	29	18	47	0	5	52	0	0
17	40672922	.	T	C	28	40	68	0	0	68	0	0
17	40673154	.	G	A	29	35	64	0	5	69	0	0
17	40689453	.	T	A	35	34	69	0	5	74	0	0
17	40690610	.	G	C	17	11	28	0	4	33	0	1
17	40693324	.	C	T	11	9	20	0	2	22	0	0
17	40694899	.	G	A	46	57	103	0	3	106	0	0
17	40696233	.	C	G	14	17	31	0	3	34	0	0
17	40705086	.	G	A	35	31	66	0	4	70	0	0
17	40705100	.	C	T	38	37	75	0	1	76	0	0
17	40705724	.	T	G	39	23	62	0	2	64	0	0
17	40717159	.	C	G	19	23	42	0	2	44	0	0
17	40719474	.	T	C	28	30	58	0	4	62	0	0
17	40721360	.	C	A	29	40	69	0	4	73	0	0
17	40721668	.	A	C	28	24	52	0	2	54	0	0
17	40725656	.	G	C	24	20	44	0	2	46	0	0
17	40731734	.	C	T	26	38	64	0	5	69	0	0
17	40731802	.	A	T	49	46	95	0	5	102	1	1
17	40732698	.	A	G	21	24	45	0	4	49	0	0
17	40737043	.	G	C	16	30	46	0	1	47	0	0
17	40737117	.	G	A	41	32	73	0	1	74	0	0
17	40738610	.	T	C	14	14	28	0	0	28	0	0
17	40764409	.	A	G	44	46	90	0	2	92	0	0
17	40766546	.	C	G	37	28	65	5	10	80	0	0
17	40799895	.	A	G	15	17	32	0	2	34	0	0
17	40811781	.	C	T	29	26	55	0	3	58	0	0
17	40811919	.	A	G	47	19	66	0	4	70	0	0
17	40811997	.	G	T	60	14	74	0	4	78	0	0
17	40818281	.	C	T	45	45	90	4	5	101	0	2
17	40819809	.	G	A	10	23	33	0	2	35	0	0
17	40822877	.	G	T	13	11	24	0	5	29	0	0
17	40838753	.	C	G	13	17	30	0	2	32	0	0
17	40838829	.	T	C	20	34	54	0	3	57	0	0
17	40841001	.	G	C	18	30	48	0	4	53	0	1
17	40841397	.	C	T	11	9	20	0	0	20	0	0
17	40842084	.	G	A	34	35	69	0	0	69	0	0
17	40854883	.	C	A	17	18	35	0	0	36	1	0
17	40858020	.	C	T	57	46	103	0	6	109	0	0
17	40912812	.	A	T	19	17	36	0	3	39	0	0
17	40925462	.	C	A	33	27	60	0	3	63	0	0
17	40928352	.	C	T	38	26	64	0	2	67	0	1
17	40931054	.	T	C	50	50	100	0	5	105	0	0
17	40935883	.	C	A	35	38	73	0	9	82	0	0
17	40939283	.	A	G	16	18	34	0	4	38	0	0
17	40939460	.	C	T	25	28	53	0	6	59	0	0
17	40939855	.	G	T	30	34	64	0	6	70	0	0
17	40945529	.	G	C	36	15	51	0	4	55	0	0
17	40946913	.	C	T	24	18	42	0	4	46	0	0
17	40947163	.	G	A	63	64	127	0	6	133	0	0
17	40947320	.	C	T	31	26	57	0	5	62	0	0
17	40957849	.	G	A	41	37	78	0	3	81	0	0
17	40970224	.	A	G	39	33	72	0	3	75	0	0
17	40970466	.	G	A	53	24	77	0	6	83	0	0
17	40972669	.	C	T	27	28	55	0	0	55	0	0
17	40975715	.	C	G	13	14	27	0	1	28	0	0
17	40976000	.	C	G	17	15	32	0	3	36	1	0
17	40976245	.	G	A	12	10	22	0	5	27	0	0
17	40985717	.	C	T	28	33	61	0	4	65	0	0
17	40985792	.	G	C	26	27	53	0	1	54	0	0
17	40986019	.	A	G	14	7	21	0	1	22	0	0
17	41020105	.	T	C	32	24	56	3	4	63	0	0
17	41020450	.	T	C	41	39	80	0	6	86	0	0
17	41021023	.	G	C	11	13	24	0	3	27	0	0
17	41024420	.	A	C	46	35	81	0	4	85	0	0
17	41024426	.	G	A	49	38	87	0	3	90	0	0
17	41026484	.	C	T	21	14	35	2	2	39	0	0
17	41059631	.	G	A	24	18	42	0	0	42	0	0
17	41061262	.	T	A	55	70	125	0	2	127	0	0
17	41107774	.	G	C	19	19	38	0	2	40	0	0
17	41116234	.	G	A	43	27	70	0	3	73	0	0
17	41116565	.	G	T	21	21	42	0	1	43	0	0
17	41121217	.	G	A	23	29	52	0	8	60	0	0
17	41121218	.	G	A	23	30	53	0	6	59	0	0
17	41121263	.	G	A	17	31	48	0	2	50	0	0
17	41122443	.	T	C	10	19	29	0	3	32	0	0
17	41131613	.	T	C	37	36	73	0	3	76	0	0
17	41132578	.	T	C	10	26	36	0	5	42	0	1
17	41133071	.	T	C	15	12	27	0	1	28	0	0
17	41133242	.	G	A	12	10	22	0	2	24	0	0
17	41150521	.	C	T	10	15	25	0	3	29	0	1
17	41150629	.	C	T	31	23	54	0	1	55	0	0
17	41150983	.	T	C	12	11	23	0	4	27	0	0
17	41154600	.	C	T	38	49	87	0	6	94	1	0
17	41154817	.	A	C	111	101	212	0	9	221	0	0
17	41164220	.	C	G	13	15	28	0	3	31	0	0
17	41165262	.	G	A	49	47	96	0	4	100	0	0
17	41165432	.	T	C	9	13	22	0	3	25	0	0
17	41165734	.	C	T	21	20	41	0	2	43	0	0
17	41166417	.	G	A	16	8	24	0	0	24	0	0
17	41243190	.	T	G	9	14	23	0	1	24	0	0
17	41246494	.	C	A	49	31	80	0	2	82	0	0
17	41329876	.	T	G	18	9	27	0	1	28	0	0
17	41348426	.	A	G	16	10	26	0	3	29	0	0
17	41351990	.	A	G	11	9	20	0	0	21	0	1
17	41380634	.	C	G	14	39	53	0	3	56	0	0
17	41380772	.	G	A	10	13	23	0	0	23	0	0
17	41380777	.	A	G	8	13	21	0	0	21	0	0
17	41465708	.	T	C	21	12	33	0	0	34	0	1
17	41465717	.	C	A	25	11	36	0	2	39	0	1
17	41465721	.	G	A	28	10	38	0	2	41	0	1
17	41465722	.	A	G	29	11	40	0	2	43	0	1
17	41465732	.	A	T	30	15	45	2	4	52	0	1
17	41465737	.	G	C	29	15	44	2	3	50	0	1
17	41465747	.	A	G	29	15	44	2	7	54	0	1
17	41465756	.	C	G	35	14	49	2	4	57	1	1
17	41465877	.	A	C	58	64	122	0	8	136	0	6
17	41465893	.	C	A	57	63	120	0	11	137	0	6
17	41465894	.	T	C	58	66	124	0	8	137	0	5
17	41466019	.	T	G	26	50	76	0	4	83	0	3
17	41466022	.	G	C	26	54	80	0	3	87	0	4
17	41466035	.	A	C	22	62	84	0	7	97	0	6
17	41466049	.	A	G	21	65	86	0	8	100	0	6
17	41466055	.	G	C	23	74	97	0	6	110	0	7
17	41466073	.	T	C	48	64	112	0	5	126	0	9
17	41466096	.	A	G	21	92	113	0	9	132	0	10
17	41466108	.	G	C	19	93	112	0	7	128	0	9
17	41466399	.	A	C	1	21	22	0	0	23	1	0
17	41522213	.	T	A	25	31	56	0	3	60	0	1
17	41597727	.	G	A	26	19	45	0	2	47	0	0
17	41598940	.	T	C	20	21	41	0	1	42	0	0
17	41719175	.	G	C	11	19	30	0	0	30	0	0
17	41797254	.	C	G	102	104	206	0	4	210	0	0
17	41797692	.	A	C	35	47	82	0	1	83	0	0
17	41843979	.	C	G	22	14	36	0	0	36	0	0
17	41844689	.	C	T	14	16	30	0	2	33	0	1
17	41851992	.	T	C	22	21	43	0	1	44	0	0
17	41857869	.	C	T	28	18	46	0	3	50	0	1
17	41858383	.	C	T	12	18	30	0	0	31	1	0
17	41891473	.	A	G	25	23	48	0	7	55	0	0
17	41895252	.	C	G	27	37	64	0	6	70	0	0
17	41895254	.	C	G	26	35	61	0	6	67	0	0
17	41905213	.	C	T	32	39	71	0	4	76	0	1
17	41907195	.	G	A	14	21	35	0	1	36	0	0
17	41907509	.	A	G	19	25	44	0	3	47	0	0
17	41909216	.	A	G	13	18	31	0	3	34	0	0
17	41930994	.	G	T	15	13	28	0	0	28	0	0
17	41931375	.	A	G	21	23	44	0	5	49	0	0
17	41935255	.	G	A	41	41	82	0	3	85	0	0
17	41935391	.	C	T	12	17	29	0	1	30	0	0
17	41981743	.	C	T	30	35	65	0	3	68	0	0
17	41996733	.	G	T	74	72	146	0	15	162	0	1
17	42002464	.	C	T	49	48	97	0	5	102	0	0
17	42003277	.	C	T	14	7	21	0	3	24	0	0
17	42003397	.	G	A	7	18	25	0	1	26	0	0
17	42007027	.	G	A	13	16	29	0	2	31	0	0
17	42018471	.	T	C	30	20	50	0	2	52	0	0
17	42018541	.	T	C	24	26	50	0	2	52	0	0
17	42018876	.	A	G	29	28	57	0	0	57	0	0
17	42030409	.	G	A	30	52	82	0	6	89	0	1
17	42030528	.	A	G	31	32	63	0	1	64	0	0
17	42030531	.	G	C	30	33	63	0	1	64	0	0
17	42030981	.	G	A	17	16	33	0	2	35	0	0
17	42031331	.	C	T	20	8	28	0	0	28	0	0
17	42035146	.	G	A	18	16	34	0	3	37	0	0
17	42035215	.	G	A	26	22	48	0	3	51	0	0
17	42085972	.	C	T	27	31	58	0	2	60	0	0
17	42090587	.	G	C	18	17	35	0	3	39	0	1
17	42092267	.	C	T	31	21	52	0	2	54	0	0
17	42117371	.	C	G	18	13	31	0	0	31	0	0
17	42152143	.	A	G	34	38	72	0	4	76	0	0
17	42152789	.	C	T	61	49	110	0	6	116	0	0
17	42156471	.	A	C	29	31	60	0	2	63	0	1
17	42157704	.	T	C	18	22	40	0	5	45	0	0
17	42157739	.	C	T	24	26	50	0	3	53	0	0
17	42158253	.	A	G	47	47	94	0	5	100	0	1
17	42164885	.	G	C	30	39	69	0	4	73	0	0
17	42171206	.	T	C	36	24	60	0	6	66	0	0
17	42188311	.	C	G	26	34	60	0	2	62	0	0
17	42225301	.	C	T	23	30	53	0	4	57	0	0
17	42248358	.	C	T	51	60	111	0	5	116	0	0
17	42267949	.	G	A	55	48	103	0	3	106	0	0
17	42337091	.	C	T	36	24	60	0	7	67	0	0
17	42389764	.	C	T	47	41	88	0	6	94	0	0
17	42398656	.	C	T	25	22	47	0	3	50	0	0
17	42399754	.	C	T	22	25	47	0	6	53	0	0
17	42483233	.	T	A	5	32	37	0	1	38	0	0
17	42751607	.	C	T	12	11	23	0	3	27	0	1
17	42766835	.	C	T	39	26	65	0	5	70	0	0
17	42797898	.	A	G	13	11	24	0	2	26	0	0
17	42807464	.	G	A	27	22	49	0	2	51	0	0
17	42818558	.	G	T	16	17	33	0	5	38	0	0
17	42824402	.	C	A	11	12	23	0	0	24	0	1
17	42824731	.	G	A	26	14	40	0	4	44	0	0
17	42828069	.	G	A	36	37	73	0	5	78	0	0
17	42847033	.	C	G	12	11	23	0	0	23	0	0
17	42851729	.	C	T	10	11	21	0	4	25	0	0
17	42852604	.	G	T	58	47	105	0	4	111	0	2
17	42853694	.	C	T	14	11	25	0	3	28	0	0
17	42853998	.	C	T	12	13	25	0	4	29	0	0
17	42854055	.	G	T	28	17	45	0	4	49	0	0
17	42854208	.	G	A	32	30	62	0	4	66	0	0
17	42854502	.	G	A	39	39	78	1	4	83	0	0
17	42854610	.	T	C	38	31	69	0	2	71	0	0
17	42855248	.	T	C	75	55	130	0	9	139	0	0
17	42855472	.	T	C	39	47	86	0	5	91	0	0
17	42855554	.	T	C	37	27	64	0	4	68	0	0
17	42857023	.	A	G	21	22	43	0	4	48	0	1
17	42857430	.	G	A	33	34	67	0	4	71	0	0
17	42857517	.	C	T	34	27	61	0	1	63	0	1
17	42857538	.	C	T	24	29	53	0	4	58	0	1
17	42857679	.	C	A	18	16	34	0	2	36	0	0
17	42858315	.	T	C	19	8	27	0	2	29	0	0
17	42925559	.	C	T	20	40	60	0	0	60	0	0
17	42926796	.	G	T	32	25	57	0	1	58	0	0
17	42928054	.	T	C	12	16	28	0	2	30	0	0
17	42929970	.	T	C	20	11	31	0	3	34	0	0
17	42934372	.	A	G	12	12	24	0	3	27	0	0
17	42934582	.	C	T	15	12	27	0	0	27	0	0
17	42945296	.	A	G	19	27	46	0	1	47	0	0
17	42949992	.	C	T	17	14	31	0	2	33	0	0
17	42957855	.	A	G	12	10	22	0	1	23	0	0
17	42961009	.	C	T	35	42	77	0	1	79	0	1
17	42981336	.	A	G	20	20	40	0	1	42	0	1
17	42988924	.	T	G	18	19	37	0	6	43	0	0
17	42988959	.	T	C	14	19	33	0	3	37	0	1
17	42990742	.	G	A	20	18	38	0	2	40	0	0
17	42990810	.	G	A	15	17	32	0	1	33	0	0
17	43003484	.	T	C	34	36	70	0	6	77	0	1
17	43010064	.	G	A	59	48	107	0	3	110	0	0
17	43131480	.	A	T	15	17	32	0	1	33	0	0
17	43163851	.	T	C	24	29	53	0	2	55	0	0
17	43164015	.	A	G	49	43	92	0	2	94	0	0
17	43171154	.	C	T	38	41	79	0	2	81	0	0
17	43176622	.	G	A	20	28	48	0	5	53	0	0
17	43176632	.	A	C	18	30	48	0	5	53	0	0
17	43180617	.	C	T	16	16	32	0	0	32	0	0
17	43183028	.	G	A	56	49	105	0	3	108	0	0
17	43183108	.	G	A	42	39	81	0	3	84	0	0
17	43184933	.	A	G	17	16	33	0	0	33	0	0
17	43185820	.	T	C	11	14	25	0	0	26	0	1
17	43189951	.	C	T	34	34	68	0	4	73	0	1
17	43190542	.	A	G	45	48	93	0	10	103	0	0
17	43192821	.	A	G	21	15	36	0	2	38	0	0
17	43196013	.	C	T	19	22	41	0	1	42	0	0
17	43197593	.	G	A	26	22	48	0	3	51	0	0
17	43197675	.	T	C	42	38	80	0	9	89	0	0
17	43197682	.	G	A	38	46	84	0	8	92	0	0
17	43216472	.	A	G	42	26	68	0	1	69	0	0
17	43228491	.	C	T	17	21	38	0	0	38	0	0
17	43229299	.	A	C	26	24	50	0	1	51	0	0
17	43309685	.	C	T	54	48	102	0	5	107	0	0
17	43322775	.	A	G	30	30	60	0	1	61	0	0
17	43323384	.	A	G	15	19	34	0	2	36	0	0
17	43327944	.	G	A	12	23	35	0	2	37	0	0
17	43327946	.	T	C	12	23	35	0	2	37	0	0
17	43332015	.	A	G	16	19	35	0	1	36	0	0
17	43332365	.	A	G	34	15	49	0	2	51	0	0
17	43332366	.	C	T	35	16	51	0	1	52	0	0
17	43333972	.	T	A	10	12	22	0	1	23	0	0
17	43351039	.	C	G	39	45	84	0	11	95	0	0
17	43474440	.	C	G	22	27	49	0	3	52	0	0
17	43514537	.	G	C	18	20	38	0	0	38	0	0
17	43551672	.	C	T	28	40	68	0	2	70	0	0
17	43553150	.	T	C	28	26	54	0	1	55	0	0
17	43611642	.	A	C	22	20	42	59	5	108	0	2
17	43611708	.	A	C	11	18	29	13	3	45	0	0
17	43625348	.	C	T	126	64	190	52	4	247	0	1
17	43625357	.	C	G	131	50	181	43	4	229	0	1
17	43664212	.	C	G	82	72	154	7	4	166	1	0
17	43678741	.	C	A	24	21	45	0	1	46	0	0
17	43678798	.	A	C	18	20	38	20	2	60	0	0
17	43907639	.	C	A	23	28	51	0	8	59	0	0
17	43910402	.	G	C	34	36	70	0	1	71	0	0
17	43910653	.	T	C	17	16	33	0	0	33	0	0
17	43912342	.	G	A	28	41	69	0	4	74	1	0
17	43922640	.	G	A	26	28	54	0	1	56	0	1
17	43923898	.	A	G	17	28	45	0	9	54	0	0
17	44087500	.	A	G	12	11	23	0	1	24	0	0
17	44109474	.	G	A	27	27	54	0	4	58	0	0
17	44110670	.	C	G	13	20	33	0	1	36	1	1
17	44116950	.	T	G	13	12	25	0	1	26	0	0
17	44159706	.	C	G	27	27	54	0	1	56	0	1
17	44270181	.	G	A	15	26	41	0	3	44	0	0
17	44343902	.	G	A	18	13	31	0	3	34	0	0
17	44363136	.	G	C	14	7	21	0	0	21	0	0
17	44363298	.	A	G	53	47	100	2	6	108	0	0
17	44388450	.	A	T	11	15	26	23	0	50	0	1
17	44410114	.	C	A	21	26	47	30	1	78	0	0
17	44590284	.	G	A	135	60	195	70	15	280	0	0
17	44827105	.	T	C	44	41	85	0	0	85	0	0
17	44832598	.	C	T	15	10	25	0	0	25	0	0
17	44834852	.	A	C	23	18	41	0	1	42	0	0
17	44949763	.	C	A	12	8	20	0	2	22	0	0
17	45013088	.	C	G	29	30	59	0	3	62	0	0
17	45102165	.	C	A	114	38	152	17	3	174	0	2
17	45102413	.	G	T	10	10	20	6	0	26	0	0
17	45104755	.	A	G	31	22	53	0	2	55	0	0
17	45126998	.	G	A	62	42	104	76	8	188	0	0
17	45195850	.	G	A	23	22	45	0	1	46	0	0
17	45198343	.	C	T	11	11	22	0	1	23	0	0
17	45214685	.	T	C	11	14	25	0	2	27	0	0
17	45237204	.	C	T	12	13	25	0	1	26	0	0
17	45266432	.	C	G	17	14	31	0	8	39	0	0
17	45300218	.	C	T	46	54	100	0	4	104	0	0
17	45362004	.	C	T	52	30	82	0	5	87	0	0
17	45377837	.	C	T	39	59	98	0	3	102	0	1
17	45385012	.	C	T	29	32	61	0	2	63	0	0
17	45389540	.	A	G	59	36	95	0	2	97	0	0
17	45419467	.	A	T	20	23	43	0	0	43	0	0
17	45421563	.	G	A	26	22	48	0	0	48	0	0
17	45422605	.	G	A	15	15	30	0	1	31	0	0
17	45422628	.	A	G	11	11	22	0	3	25	0	0
17	45425115	.	G	A	29	18	47	0	0	47	0	0
17	45438690	.	G	C	33	21	54	0	1	55	0	0
17	45438876	.	C	A	21	28	49	0	1	50	0	0
17	45445229	.	C	T	19	13	32	0	1	34	0	1
17	45446158	.	A	G	11	14	25	0	0	25	0	0
17	45446529	.	C	T	10	13	23	0	0	23	0	0
17	45456460	.	A	C	9	12	21	0	0	22	0	1
17	45468842	.	A	T	37	34	71	0	1	72	0	0
17	45479446	.	A	C	37	27	64	0	3	67	0	0
17	45481057	.	C	T	11	9	20	0	1	21	0	0
17	45490251	.	C	T	43	38	81	0	0	81	0	0
17	45503257	.	C	T	43	46	89	0	2	91	0	0
17	45503539	.	T	C	25	36	61	0	5	66	0	0
17	45517771	.	T	A	26	19	45	0	1	47	0	1
17	45517774	.	G	T	26	20	46	0	1	48	0	1
17	45523449	.	G	A	11	14	25	2	0	27	0	0
17	45534062	.	A	G	12	20	32	1	1	34	0	0
17	45534145	.	T	C	17	12	29	1	1	31	0	0
17	45569850	.	A	C	45	36	81	22	3	106	0	0
17	45569957	.	C	A	39	18	57	9	5	71	0	0
17	45623162	.	C	T	17	17	34	1	3	38	0	0
17	45668339	.	T	G	62	30	92	42	4	138	0	0
17	45669115	.	G	A	20	6	26	8	1	35	0	0
17	45678816	.	T	C	49	32	81	0	2	83	0	0
17	45691188	.	A	G	16	15	31	0	0	31	0	0
17	45742233	.	T	A	14	19	33	0	3	36	0	0
17	45750596	.	G	A	28	28	56	0	3	59	0	0
17	45752310	.	C	G	26	31	57	0	2	59	0	0
17	45757598	.	G	A	13	23	36	0	0	36	0	0
17	45759767	.	C	T	49	55	104	0	3	107	0	0
17	45774072	.	T	C	14	9	23	0	2	25	0	0
17	45811210	.	A	G	13	11	24	0	2	26	0	0
17	45887951	.	G	T	31	41	72	0	5	77	0	0
17	45890898	.	A	G	22	33	55	0	3	58	0	0
17	45896478	.	T	C	14	21	35	0	5	40	0	0
17	45897531	.	C	A	34	39	73	0	4	77	0	0
17	45897582	.	G	A	36	39	75	0	5	80	0	0
17	45915086	.	G	A	16	9	25	0	0	25	0	0
17	45993467	.	C	T	28	30	58	0	6	64	0	0
17	46030675	.	G	T	16	9	25	0	0	25	0	0
17	46055106	.	C	T	41	39	80	0	4	84	0	0
17	46106634	.	G	T	25	17	42	0	2	44	0	0
17	46110044	.	T	C	24	21	45	0	3	48	0	0
17	46114692	.	C	G	28	31	59	0	10	69	0	0
17	46126265	.	C	G	37	32	69	0	3	72	0	0
17	46128122	.	A	G	32	27	59	0	1	60	0	0
17	46128359	.	G	C	37	53	90	0	8	99	0	1
17	46135645	.	C	T	27	33	60	0	4	64	0	0
17	46147807	.	T	A	26	21	47	0	2	49	0	0
17	46152333	.	A	G	13	17	30	0	1	31	0	0
17	46153580	.	A	G	54	48	102	0	2	104	0	0
17	46154202	.	A	G	39	56	95	0	3	98	0	0
17	46188187	.	C	G	26	19	45	0	2	47	0	0
17	46190819	.	G	A	24	20	44	0	2	46	0	0
17	46198876	.	G	C	50	45	95	0	6	101	0	0
17	46199592	.	C	G	19	16	35	0	2	37	0	0
17	46248088	.	T	C	30	24	54	0	1	55	0	0
17	46262171	.	C	T	25	19	44	0	2	46	0	0
17	46419865	.	T	C	19	13	32	0	1	33	0	0
17	46423402	.	T	G	17	13	30	0	0	30	0	0
17	46440998	.	G	A	19	10	29	0	3	32	0	0
17	46474118	.	G	T	3	17	20	0	1	21	0	0
17	46620288	.	G	A	90	71	161	0	4	167	1	1
17	46622106	.	G	A	45	42	87	0	8	95	0	0
17	46627394	.	T	C	38	20	58	0	7	66	0	1
17	46653033	.	A	G	8	13	21	0	2	23	0	0
17	46653602	.	G	A	24	21	45	0	3	48	0	0
17	46670422	.	G	C	28	27	55	0	4	59	0	0
17	46673723	.	T	G	12	20	32	0	4	36	0	0
17	46673724	.	C	T	11	21	32	0	4	36	0	0
17	46682334	.	G	A	15	12	27	0	1	28	0	0
17	46684929	.	A	G	18	20	38	0	0	39	1	0
17	46689559	.	T	G	19	21	40	0	5	45	0	0
17	46690777	.	A	G	30	31	61	0	3	64	0	0
17	46698492	.	C	T	23	12	35	0	0	36	0	1
17	46699669	.	A	T	26	33	59	0	1	61	0	1
17	46709835	.	A	G	14	20	34	0	5	39	0	0
17	46802008	.	C	G	21	23	44	0	5	49	0	0
17	46805221	.	C	T	22	16	38	0	1	39	0	0
17	46805443	.	A	G	45	41	86	0	1	87	0	0
17	46805590	.	G	A	67	62	129	0	13	142	0	0
17	46868710	.	C	T	44	42	86	0	5	91	0	0
17	46881748	.	T	C	24	12	36	0	2	38	0	0
17	46882429	.	A	G	11	11	22	0	2	24	0	0
17	46894377	.	A	C	66	55	121	0	10	131	0	0
17	46918978	.	G	A	27	21	48	0	0	48	0	0
17	46940469	.	T	C	13	17	30	0	3	33	0	0
17	47133301	.	C	T	12	11	23	0	0	23	0	0
17	47210429	.	A	G	50	62	112	0	7	121	0	2
17	47233651	.	G	A	8	13	21	0	0	21	0	0
17	47234117	.	T	G	18	17	35	0	0	35	0	0
17	47246247	.	C	T	18	33	51	0	4	55	0	0
17	47284683	.	C	T	36	27	63	0	4	67	0	0
17	47293848	.	C	T	22	19	41	0	0	42	0	1
17	47300823	.	G	A	34	36	70	0	6	76	0	0
17	47374886	.	G	A	14	10	24	0	0	24	0	0
17	47390014	.	G	C	11	12	23	0	1	24	0	0
17	47486895	.	T	G	29	20	49	0	7	56	0	0
17	47500845	.	C	T	12	13	25	12	0	37	0	0
17	47588000	.	C	T	17	18	35	0	2	37	0	0
17	47655916	.	C	T	24	19	43	0	5	48	0	0
17	47676880	.	G	T	16	9	25	0	3	28	0	0
17	47685050	.	T	G	13	10	23	0	3	26	0	0
17	47696820	.	G	A	8	13	21	0	1	22	0	0
17	47778793	.	C	T	33	17	50	0	0	50	0	0
17	47781677	.	T	C	23	9	32	0	0	32	0	0
17	47794831	.	T	C	15	12	27	0	1	28	0	0
17	47797758	.	C	T	19	12	31	0	3	35	0	1
17	47903146	.	G	A	12	10	22	0	0	22	0	0
17	47917188	.	C	G	32	31	63	0	2	65	0	0
17	48016501	.	T	C	20	15	35	0	4	39	0	0
17	48017030	.	T	C	8	15	23	0	1	24	0	0
17	48072225	.	G	A	57	45	102	0	12	114	0	0
17	48072426	.	G	A	17	17	34	0	4	38	0	0
17	48141956	.	T	C	27	13	40	0	3	43	0	0
17	48145269	.	G	A	10	15	25	0	0	26	0	1
17	48148230	.	C	T	13	17	30	0	1	31	0	0
17	48148422	.	G	A	15	10	25	0	0	25	0	0
17	48149386	.	C	T	30	16	46	0	0	46	0	0
17	48158685	.	C	T	46	31	77	0	5	82	0	0
17	48166331	.	T	C	27	33	60	0	1	61	0	0
17	48172779	.	A	C	27	23	50	0	4	54	0	0
17	48184288	.	G	A	11	9	20	0	1	21	0	0
17	48184377	.	A	G	16	20	36	0	0	36	0	0
17	48185834	.	C	A	25	23	48	0	4	52	0	0
17	48195818	.	C	T	11	12	23	0	0	23	0	0
17	48211533	.	T	G	17	15	32	0	6	38	0	0
17	48212431	.	G	A	17	21	38	0	1	39	0	0
17	48212910	.	A	G	17	18	35	0	2	37	0	0
17	48245180	.	C	T	13	13	26	0	0	26	0	0
17	48245269	.	C	A	20	13	33	0	4	37	0	0
17	48246162	.	G	A	12	9	21	0	0	21	0	0
17	48248906	.	C	G	23	22	45	0	3	48	0	0
17	48249450	.	C	G	29	24	53	0	1	54	0	0
17	48258321	.	C	T	25	22	47	0	12	59	0	0
17	48261780	.	A	T	26	15	41	0	7	48	0	0
17	48262775	.	A	G	20	7	27	0	5	32	0	0
17	48265426	.	A	G	39	47	86	0	4	90	0	0
17	48267291	.	G	C	69	50	119	0	13	132	0	0
17	48270117	.	C	G	44	54	98	0	4	102	0	0
17	48272469	.	G	C	29	24	53	0	2	55	0	0
17	48273155	.	A	C	21	18	39	0	2	41	0	0
17	48273439	.	T	C	21	21	42	0	2	44	0	0
17	48273464	.	T	C	23	24	47	0	1	48	0	0
17	48274291	.	T	G	15	16	31	0	3	34	0	0
17	48274309	.	T	C	18	16	34	0	1	35	0	0
17	48274624	.	T	C	40	12	52	0	2	54	0	0
17	48275227	.	G	A	19	19	38	0	3	41	0	0
17	48275285	.	A	G	24	19	43	0	1	44	0	0
17	48275292	.	T	G	24	17	41	0	2	44	0	1
17	48275450	.	T	C	15	9	24	0	3	27	0	0
17	48278570	.	C	T	13	15	28	0	3	31	0	0
17	48313291	.	T	C	31	26	57	0	4	61	0	0
17	48355968	.	C	T	30	33	63	0	4	67	0	0
17	48434008	.	C	T	21	22	43	0	5	48	0	0
17	48437282	.	C	T	25	18	43	0	2	46	0	1
17	48437859	.	C	T	10	10	20	0	4	24	0	0
17	48453219	.	G	A	37	40	77	0	1	78	0	0
17	48458784	.	A	G	29	27	56	0	3	59	0	0
17	48458925	.	C	T	15	21	36	0	1	37	0	0
17	48462835	.	C	T	13	8	21	0	1	22	0	0
17	48470010	.	T	C	14	27	41	0	5	46	0	0
17	48472264	.	G	A	35	45	80	0	1	82	0	1
17	48550035	.	T	G	13	10	23	0	1	24	0	0
17	48557163	.	T	G	95	96	191	0	7	199	1	0
17	48560883	.	A	G	27	21	48	0	3	51	0	0
17	48562047	.	T	G	51	50	101	0	13	114	0	0
17	48594775	.	C	T	37	29	66	0	3	69	0	0
17	48600174	.	G	A	40	21	61	0	2	63	0	0
17	48600338	.	C	A	46	42	88	0	7	95	0	0
17	48606508	.	C	A	17	12	29	0	1	31	1	0
17	48606616	.	C	T	15	9	24	0	1	25	0	0
17	48608717	.	T	C	20	17	37	0	2	39	0	0
17	48608763	.	G	A	22	15	37	0	1	38	0	0
17	48613837	.	A	G	9	11	20	0	0	20	0	0
17	48616114	.	C	G	22	9	31	0	0	31	0	0
17	48618106	.	A	G	32	13	45	0	0	45	0	0
17	48625928	.	C	G	44	49	93	0	7	101	0	1
17	48626389	.	C	T	48	52	100	0	13	113	0	0
17	48626398	.	C	T	43	51	94	0	8	102	0	0
17	48626575	.	C	T	25	24	49	0	5	55	0	1
17	48626626	.	G	A	11	13	24	0	4	28	0	0
17	48627148	.	G	C	18	16	34	0	0	34	0	0
17	48628092	.	A	G	47	42	89	0	9	98	0	0
17	48628160	.	A	G	43	37	80	0	1	81	0	0
17	48629291	.	G	A	33	28	61	0	3	64	0	0
17	48631857	.	G	A	18	13	31	0	2	33	0	0
17	48632401	.	G	A	9	11	20	0	0	20	0	0
17	48633043	.	G	A	16	18	34	0	0	34	0	0
17	48646374	.	T	G	41	21	62	0	4	66	0	0
17	48646375	.	G	T	35	24	59	0	7	66	0	0
17	48646376	.	T	G	23	28	51	0	4	55	0	0
17	48650035	.	C	T	33	32	65	0	4	69	0	0
17	48652806	.	G	A	25	19	44	0	3	47	0	0
17	48684036	.	C	T	9	13	22	0	1	23	0	0
17	48685019	.	C	A	25	27	52	0	1	53	0	0
17	48687430	.	C	T	11	11	22	0	4	26	0	0
17	48692881	.	C	T	31	26	57	0	7	65	0	1
17	48693760	.	G	C	35	38	73	0	2	75	0	0
17	48698906	.	C	A	24	30	54	0	2	56	0	0
17	48703752	.	T	C	16	13	29	0	2	31	0	0
17	48703986	.	G	A	11	12	23	0	2	25	0	0
17	48746923	.	G	C	12	14	26	0	1	27	0	0
17	48750804	.	G	T	38	40	78	0	1	80	1	0
17	48753423	.	C	T	38	31	69	0	6	75	0	0
17	48755388	.	C	T	55	46	101	0	9	111	0	1
17	48761409	.	C	T	38	31	69	0	5	74	0	0
17	48774585	.	G	T	14	15	29	0	0	29	0	0
17	48821201	.	T	C	24	22	46	0	0	46	0	0
17	48823815	.	C	T	9	18	27	0	1	28	0	0
17	48830549	.	G	A	10	11	21	0	0	21	0	0
17	48838632	.	C	T	12	12	24	0	0	24	0	0
17	48840599	.	A	C	23	36	59	0	2	62	0	1
17	48840957	.	A	G	54	40	94	0	1	95	0	0
17	48917333	.	C	T	28	38	66	0	5	71	0	0
17	48940422	.	T	C	21	30	51	0	1	52	0	0
17	49043640	.	T	C	19	11	30	0	1	31	0	0
17	49067763	.	T	C	25	32	57	0	1	59	0	1
17	49073719	.	C	T	22	25	47	0	2	49	0	0
17	49076769	.	C	A	21	24	45	0	2	47	0	0
17	49083619	.	G	C	31	26	57	0	2	59	0	0
17	49133728	.	C	A	24	30	54	0	1	55	0	0
17	49156907	.	A	G	23	28	51	0	0	52	0	1
17	49231520	.	C	T	13	7	20	0	0	20	0	0
17	49231623	.	C	G	41	27	68	0	2	70	0	0
17	49231627	.	G	A	41	29	70	0	2	72	0	0
17	49237562	.	C	T	33	36	69	0	3	72	0	0
17	49239036	.	C	A	22	31	53	0	1	54	0	0
17	49249068	.	A	G	14	12	26	0	1	27	0	0
17	49258091	.	G	T	43	39	82	0	5	87	0	0
17	49294633	.	G	T	16	16	32	0	1	33	0	0
17	49343658	.	A	G	13	27	40	0	2	42	0	0
17	49371505	.	C	G	14	12	26	0	0	27	0	1
17	49567749	.	T	C	88	105	193	0	5	198	0	0
17	49579945	.	T	C	21	26	47	0	0	47	0	0
17	49708933	.	T	G	35	27	62	0	1	63	0	0
17	49709016	.	G	A	17	16	33	0	1	34	0	0
17	49730877	.	T	C	21	24	45	0	3	48	0	0
17	49752043	.	G	A	15	15	30	0	3	33	0	0
17	49825248	.	G	T	54	54	108	0	2	110	0	0
17	51512293	.	G	C	7	14	21	0	1	22	0	0
17	51512340	.	A	G	16	10	26	0	1	27	0	0
17	51614979	.	G	A	25	24	49	0	1	50	0	0
17	51615120	.	G	A	16	17	33	0	0	33	0	0
17	51834381	.	T	C	32	27	59	0	2	61	0	0
17	51835145	.	G	C	17	10	27	0	3	30	0	0
17	51835242	.	A	G	15	7	22	0	0	22	0	0
17	51900776	.	G	C	17	22	39	0	4	43	0	0
17	51901084	.	A	G	16	19	35	0	3	40	0	2
17	51901246	.	C	T	26	30	56	0	2	58	0	0
17	51901503	.	G	C	31	38	69	0	2	72	0	1
17	51901537	.	T	C	45	41	86	0	2	89	0	1
17	51901553	.	G	A	50	43	93	0	6	100	0	1
17	51901643	.	C	T	44	44	88	0	0	91	0	3
17	51901703	.	C	G	40	43	83	0	1	86	0	2
17	51902252	.	C	T	29	27	56	0	3	60	0	1
17	52030228	.	T	C	17	13	30	0	1	31	0	0
17	52030586	.	T	A	41	36	77	0	0	77	0	0
17	52030913	.	T	C	23	34	57	0	1	58	0	0
17	52539165	.	A	T	20	18	38	0	1	39	0	0
17	53084790	.	C	T	43	46	89	0	4	93	0	0
17	53158492	.	G	A	56	51	107	0	1	108	0	0
17	53392852	.	G	A	11	18	29	0	0	29	0	0
17	53400110	.	T	C	25	20	45	0	1	46	0	0
17	53488570	.	T	C	45	38	83	0	4	87	0	0
17	53638804	.	C	T	20	30	50	0	5	55	0	0
17	53798440	.	C	T	28	18	46	0	3	49	0	0
17	54124970	.	A	G	13	11	24	0	3	27	0	0
17	54230917	.	C	A	25	25	50	0	5	55	0	0
17	54231002	.	C	T	13	14	27	0	1	28	0	0
17	54446119	.	A	T	21	13	34	0	3	37	0	0
17	54450038	.	C	A	34	29	63	0	3	67	0	1
17	54450134	.	G	A	23	31	54	0	2	57	0	1
17	54526567	.	C	T	23	18	41	0	1	42	0	0
17	54534634	.	G	A	13	15	28	0	2	30	0	0
17	54534747	.	G	A	12	12	24	0	0	25	0	1
17	54534936	.	G	A	17	6	23	0	3	26	0	0
17	54554790	.	G	C	14	20	34	0	0	34	0	0
17	54555098	.	G	T	33	17	50	0	0	50	0	0
17	54569789	.	G	A	12	14	26	0	1	27	0	0
17	54576402	.	G	C	20	19	39	0	1	40	0	0
17	54981918	.	G	T	24	43	67	0	1	68	0	0
17	54990797	.	T	C	48	48	96	0	12	108	0	0
17	54991084	.	A	C	14	17	31	0	2	33	0	0
17	55026912	.	A	G	31	31	62	0	6	68	0	0
17	55062861	.	C	T	39	18	57	0	5	62	0	0
17	55072686	.	G	C	12	14	26	0	3	29	0	0
17	55123297	.	G	A	58	65	123	0	15	138	0	0
17	55187594	.	G	A	26	23	49	0	4	54	0	1
17	55189913	.	C	T	38	37	75	0	4	79	0	0
17	55193401	.	T	C	90	56	146	0	12	158	0	0
17	55709221	.	G	T	9	26	35	0	2	37	0	0
17	55822171	.	T	C	21	30	51	0	3	54	0	0
17	55822214	.	T	A	28	34	62	0	6	69	1	0
17	55822467	.	G	A	23	20	43	0	7	50	0	0
17	55822569	.	A	G	26	19	45	0	0	46	0	1
17	55917353	.	C	G	10	10	20	0	4	24	0	0
17	55927394	.	T	G	41	43	84	0	2	87	1	0
17	55944566	.	G	C	17	12	29	0	2	31	0	0
17	55950064	.	C	T	55	63	118	0	9	127	0	0
17	55950082	.	G	A	56	64	120	0	9	129	0	0
17	55950300	.	T	C	20	19	39	0	2	42	0	1
17	56049483	.	G	C	26	29	55	0	3	58	0	0
17	56050162	.	T	C	9	13	22	0	0	22	0	0
17	56051260	.	T	A	24	17	41	0	0	41	0	0
17	56056550	.	C	G	43	49	92	0	1	94	0	1
17	56056706	.	C	T	32	20	52	0	2	54	0	0
17	56056726	.	G	A	20	22	42	0	2	44	0	0
17	56057773	.	T	C	16	13	29	0	0	29	0	0
17	56059127	.	G	A	21	29	50	0	3	53	0	0
17	56060215	.	T	C	76	70	146	0	4	151	1	0
17	56060793	.	C	T	39	24	63	0	1	64	0	0
17	56232977	.	C	T	51	42	93	0	4	97	0	0
17	56233034	.	C	A	45	34	79	0	6	85	0	0
17	56234927	.	T	G	39	46	85	0	4	89	0	0
17	56247101	.	C	A	53	42	95	0	5	100	0	0
17	56270121	.	T	C	18	19	37	0	1	38	0	0
17	56276940	.	A	C	38	41	79	0	3	82	0	0
17	56277187	.	T	G	16	10	26	0	4	30	0	0
17	56283449	.	C	G	48	53	101	0	3	105	0	1
17	56293960	.	T	C	19	46	65	0	1	66	0	0
17	56294141	.	C	T	48	32	80	0	4	84	0	0
17	56296130	.	A	C	21	34	55	0	0	55	0	0
17	56327999	.	A	G	29	19	48	0	3	51	0	0
17	56332327	.	G	A	31	28	59	0	1	60	0	0
17	56348230	.	T	G	39	56	95	0	6	101	0	0
17	56350304	.	G	A	19	23	42	0	1	43	0	0
17	56358184	.	A	G	19	15	34	0	0	34	0	0
17	56385997	.	G	A	46	56	102	0	18	120	0	0
17	56388848	.	G	A	29	19	48	0	2	50	0	0
17	56389732	.	T	C	21	30	51	0	5	56	0	0
17	56390133	.	G	A	17	14	31	0	3	34	0	0
17	56397925	.	C	G	28	19	47	0	5	52	0	0
17	56398006	.	C	G	13	12	25	0	2	27	0	0
17	56400499	.	C	T	14	12	26	0	2	28	0	0
17	56431453	.	A	G	18	21	39	0	1	40	0	0
17	56432362	.	C	G	27	15	42	0	3	46	1	0
17	56432376	.	G	A	28	16	44	0	1	45	0	0
17	56434481	.	C	G	14	7	21	0	1	22	0	0
17	56435080	.	G	C	30	39	69	0	5	75	0	1
17	56440526	.	G	A	61	49	110	0	6	116	0	0
17	56440542	.	G	T	60	51	111	0	8	119	0	0
17	56448297	.	C	T	27	30	57	0	9	66	0	0
17	56492800	.	T	C	36	28	64	0	3	67	0	0
17	56535932	.	A	G	17	15	32	0	2	34	0	0
17	56539890	.	C	T	17	6	23	0	0	23	0	0
17	56540110	.	G	A	78	73	151	0	5	157	1	0
17	56567764	.	A	G	19	20	39	0	2	42	0	1
17	56572070	.	G	A	14	10	24	0	0	24	0	0
17	56584205	.	A	C	15	15	30	0	4	34	0	0
17	56584508	.	T	C	28	30	58	0	1	59	0	0
17	56606398	.	C	G	20	16	36	0	0	36	0	0
17	56774236	.	A	G	57	54	111	0	3	114	0	0
17	56798207	.	T	C	11	9	20	0	0	20	0	0
17	57022789	.	C	A	8	12	20	0	1	21	0	0
17	57023324	.	T	A	7	16	23	0	0	23	0	0
17	57059257	.	A	G	50	68	118	0	3	121	0	0
17	57094617	.	T	C	32	27	59	0	1	60	0	0
17	57466917	.	A	G	16	11	27	0	1	28	0	0
17	57478069	.	C	G	37	35	72	0	4	76	0	0
17	57478253	.	A	C	65	60	125	0	7	132	0	0
17	57643273	.	C	A	18	15	33	0	3	37	0	1
17	57725043	.	T	G	23	24	47	0	2	49	0	0
17	57737988	.	C	T	28	32	60	0	2	62	0	0
17	57758898	.	A	G	10	10	20	0	2	22	0	0
17	57895025	.	G	T	25	23	48	0	1	49	0	0
17	57955754	.	G	C	8	14	22	0	2	24	0	0
17	57963537	.	A	G	38	42	80	0	2	82	0	0
17	58013909	.	A	G	20	18	38	0	1	39	0	0
17	58019993	.	A	G	76	79	155	0	7	162	0	0
17	58020031	.	T	G	70	59	129	0	6	136	0	1
17	58024275	.	A	G	27	28	55	0	2	57	0	0
17	58082363	.	C	G	12	8	20	0	0	20	0	0
17	58086503	.	G	A	51	26	77	86	12	175	0	0
17	58087754	.	A	G	97	40	137	46	7	190	0	0
17	58088185	.	A	G	59	16	75	7	3	85	0	0
17	58089066	.	C	T	90	36	126	39	8	173	0	0
17	58090283	.	T	C	80	64	144	11	2	160	0	3
17	58090711	.	C	G	29	12	41	18	8	68	0	1
17	58094562	.	C	T	171	144	315	90	7	413	0	1
17	58096419	.	A	T	84	75	159	9	5	173	0	0
17	58132761	.	A	G	10	10	20	0	2	22	0	0
17	58235343	.	C	T	13	12	25	0	2	27	0	0
17	58235779	.	G	A	31	18	49	0	1	50	0	0
17	58236802	.	G	A	16	14	30	0	2	32	0	0
17	58251888	.	C	A	16	19	35	0	1	36	0	0
17	58252164	.	C	T	11	15	26	0	0	27	0	1
17	58258476	.	C	T	16	12	28	0	1	29	0	0
17	58263031	.	G	A	66	57	123	1	5	129	0	0
17	58282719	.	A	G	29	11	40	7	0	47	0	0
17	58289316	.	C	T	12	12	24	1	0	25	0	0
17	58322729	.	C	T	14	10	24	0	2	26	0	0
17	58355629	.	C	T	9	13	22	0	0	22	0	0
17	58503446	.	G	C	75	62	137	0	3	140	0	0
17	58503732	.	A	C	12	10	22	0	6	28	0	0
17	58506748	.	C	T	28	26	54	0	5	59	0	0
17	58507055	.	T	C	29	33	62	0	5	67	0	0
17	58508582	.	G	A	21	12	33	0	2	35	0	0
17	58511154	.	A	G	13	9	22	0	0	22	0	0
17	58520542	.	G	A	44	34	78	0	1	79	0	0
17	58521039	.	A	G	21	25	46	0	0	46	0	0
17	58529574	.	A	G	13	11	24	0	0	24	0	0
17	58539153	.	G	A	18	16	34	0	2	36	0	0
17	58539440	.	A	G	33	24	57	0	0	57	0	0
17	58539507	.	G	T	18	16	34	0	0	34	0	0
17	58541527	.	T	C	10	14	24	0	1	25	0	0
17	58571814	.	C	T	16	18	34	0	0	34	0	0
17	58577869	.	T	C	25	25	50	0	2	53	0	1
17	58590834	.	T	G	15	13	28	0	3	31	0	0
17	58603001	.	T	C	10	10	20	0	0	20	0	0
17	58603017	.	A	G	14	10	24	0	0	24	0	0
17	58603344	.	A	G	36	28	64	0	8	73	0	1
17	58701192	.	G	C	16	12	28	0	0	28	0	0
17	58733845	.	A	T	19	22	41	0	6	47	0	0
17	58734091	.	A	C	36	26	62	0	1	63	0	0
17	58740288	.	C	G	33	22	55	0	0	55	0	0
17	58741272	.	A	T	26	17	43	0	0	43	0	0
17	58766925	.	C	T	16	10	26	0	1	27	0	0
17	58786681	.	A	G	19	27	46	0	2	48	0	0
17	58804719	.	C	T	36	33	69	0	1	70	0	0
17	58804868	.	A	G	15	10	25	0	2	27	0	0
17	58824498	.	A	G	10	13	23	0	0	23	0	0
17	58887860	.	A	G	11	14	25	0	1	26	0	0
17	58888380	.	A	G	39	26	65	0	2	67	0	0
17	58945949	.	G	A	20	22	42	0	0	42	0	0
17	58987841	.	G	A	34	15	49	0	0	49	0	0
17	59104266	.	C	T	49	41	90	0	3	93	0	0
17	59104873	.	G	A	3	24	27	0	0	27	0	0
17	59111921	.	C	T	25	20	45	0	0	45	0	0
17	59162396	.	T	G	20	16	36	0	1	37	0	0
17	59162645	.	C	T	22	18	40	0	0	40	0	0
17	59454010	.	A	G	30	22	52	0	1	53	0	0
17	59469302	.	C	G	49	29	78	0	1	79	0	0
17	59485393	.	C	T	64	57	121	0	4	125	0	0
17	59486085	.	G	T	17	12	29	0	1	30	0	0
17	59535050	.	A	G	26	9	35	0	1	36	0	0
17	59543079	.	A	T	33	26	59	0	2	61	0	0
17	59543080	.	G	T	34	27	61	0	2	63	0	0
17	59544863	.	G	A	54	69	123	0	6	130	0	1
17	59557433	.	T	C	33	24	57	0	3	60	0	0
17	59561190	.	A	C	31	21	52	0	2	54	0	0
17	59667893	.	G	T	50	44	94	0	6	101	1	0
17	59760996	.	A	G	47	37	84	0	1	86	0	1
17	59763347	.	A	G	34	42	76	0	2	78	0	0
17	59820170	.	C	A	10	12	22	0	0	22	0	0
17	59853798	.	C	G	20	24	44	0	0	44	0	0
17	59870901	.	C	T	17	27	44	0	0	44	0	0
17	59924612	.	G	C	36	26	62	0	1	63	0	0
17	60062549	.	T	C	16	10	26	0	2	28	0	0
17	60215103	.	C	A	45	30	75	0	6	82	0	1
17	60215433	.	G	A	51	46	97	0	5	102	0	0
17	60217236	.	A	G	55	47	102	0	4	106	0	0
17	60217817	.	C	T	40	38	78	2	5	85	0	0
17	60217841	.	G	C	42	35	77	0	4	81	0	0
17	60304320	.	T	G	17	14	31	20	0	53	0	2
17	60307644	.	T	C	56	64	120	7	2	130	0	1
17	60309159	.	G	A	24	5	29	2	1	32	0	0
17	60320253	.	C	T	18	16	34	0	1	35	0	0
17	60324593	.	C	T	29	14	43	1	0	44	0	0
17	60333385	.	T	G	59	48	107	1	2	110	0	0
17	60342432	.	T	C	44	80	124	85	4	213	0	0
17	60342552	.	T	C	112	64	176	127	8	332	0	21
17	60344343	.	A	G	46	73	119	68	9	197	0	1
17	60345508	.	A	G	177	62	239	83	9	331	0	0
17	60346089	.	C	T	14	19	33	44	2	80	0	1
17	60346891	.	T	C	96	85	181	69	7	257	0	0
17	60347157	.	G	A	208	85	293	63	6	362	0	0
17	60347987	.	A	G	18	13	31	5	1	37	0	0
17	60353006	.	T	C	69	34	103	21	1	125	0	0
17	60353214	.	G	A	28	17	45	3	1	50	1	0
17	60353229	.	C	T	16	25	41	3	1	45	0	0
17	60365762	.	C	T	49	19	68	14	0	82	0	0
17	60369283	.	C	T	10	36	46	23	2	71	0	0
17	60386384	.	C	T	25	17	42	0	1	43	0	0
17	60391980	.	A	G	15	14	29	0	1	30	0	0
17	60398204	.	G	A	13	14	27	0	0	27	0	0
17	60398431	.	C	G	36	38	74	0	1	75	0	0
17	60405483	.	G	A	17	27	44	0	1	45	0	0
17	60446371	.	C	T	15	9	24	0	0	24	0	0
17	60447689	.	G	T	24	22	46	0	0	47	1	0
17	60455506	.	T	C	11	11	22	0	0	22	0	0
17	60464688	.	C	T	22	36	58	0	0	58	0	0
17	60469394	.	T	C	15	24	39	0	2	41	0	0
17	60503636	.	A	C	36	28	64	4	2	70	0	0
17	60503892	.	A	G	37	24	61	0	3	64	0	0
17	60512751	.	C	T	49	45	94	5	3	102	0	0
17	60512842	.	G	A	63	54	117	0	3	120	0	0
17	60558617	.	A	G	26	15	41	0	1	42	0	0
17	60598246	.	C	T	45	33	78	0	2	80	0	0
17	60598325	.	G	C	32	24	56	0	2	58	0	0
17	60651627	.	A	G	17	25	42	0	1	45	0	2
17	60673879	.	G	A	28	35	63	0	1	64	0	0
17	60751597	.	A	G	43	31	74	0	2	76	0	0
17	60753904	.	A	C	30	23	53	0	7	60	0	0
17	60754519	.	G	A	34	36	70	0	1	71	0	0
17	60756104	.	G	C	11	9	20	0	4	24	0	0
17	60757467	.	C	T	26	27	53	0	5	58	0	0
17	60757983	.	G	C	6	19	25	0	0	25	0	0
17	60758273	.	G	C	14	32	46	0	4	50	0	0
17	60766733	.	G	A	13	9	22	0	0	22	0	0
17	60767015	.	G	A	19	21	40	0	4	44	0	0
17	60767135	.	A	G	33	31	64	0	7	71	0	0
17	60767151	.	C	T	31	34	65	0	9	74	0	0
17	60767934	.	A	G	34	29	63	0	1	64	0	0
17	60768151	.	G	A	31	23	54	0	8	62	0	0
17	60769803	.	A	G	41	27	68	0	3	72	0	1
17	60779181	.	G	A	35	23	58	0	4	62	0	0
17	60802418	.	C	T	24	15	39	0	1	40	0	0
17	60813944	.	G	A	20	21	41	0	3	44	0	0
17	60827839	.	A	G	32	22	54	0	0	54	0	0
17	60918602	.	T	A	22	24	46	0	2	48	0	0
17	61151186	.	G	A	16	15	31	0	0	31	0	0
17	61315172	.	C	T	43	27	70	0	0	70	0	0
17	61345371	.	C	G	18	14	32	0	2	34	0	0
17	61482501	.	G	C	36	35	71	0	3	74	0	0
17	61511752	.	G	A	15	18	33	0	0	34	1	0
17	61514954	.	G	A	14	13	27	0	11	38	0	0
17	61556298	.	C	G	19	20	39	0	1	40	0	0
17	61557200	.	C	T	41	33	74	0	2	76	0	0
17	61558565	.	A	G	18	11	29	0	2	31	0	0
17	61560763	.	T	C	26	32	58	0	4	63	0	1
17	61563848	.	T	C	26	24	50	0	1	51	0	0
17	61571452	.	C	T	27	27	54	0	6	60	0	0
17	61573761	.	T	C	17	17	34	0	3	37	0	0
17	61574492	.	G	A	14	9	23	0	1	24	0	0
17	61584143	.	A	G	24	25	49	0	1	50	0	0
17	61584522	.	C	T	39	27	66	0	3	69	0	0
17	61584526	.	T	C	38	26	64	0	7	71	0	0
17	61584720	.	A	T	39	26	65	0	3	69	0	1
17	61584729	.	A	G	30	37	67	0	4	72	0	1
17	61584914	.	T	C	33	34	67	0	3	70	0	0
17	61585011	.	G	A	30	37	67	0	2	70	0	1
17	61585407	.	T	C	29	37	66	0	7	73	0	0
17	61585510	.	G	C	53	54	107	0	3	110	0	0
17	61586471	.	A	G	50	25	75	0	0	75	0	0
17	61586890	.	C	T	26	26	52	0	3	55	0	0
17	61586918	.	G	A	27	23	50	0	1	51	0	0
17	61587562	.	A	C	14	12	26	0	0	26	0	0
17	61587595	.	G	T	16	20	36	0	2	38	0	0
17	61587605	.	G	A	13	20	33	0	4	37	0	0
17	61587729	.	C	A	35	29	64	0	2	66	0	0
17	61587792	.	G	A	28	23	51	0	2	53	0	0
17	61587893	.	G	A	13	19	32	0	0	32	0	0
17	61601468	.	A	G	66	58	124	0	5	129	0	0
17	61622311	.	T	C	13	12	25	0	3	28	0	0
17	61622703	.	A	G	13	13	26	0	0	26	0	0
17	61670678	.	A	G	40	33	73	0	6	79	0	0
17	61710010	.	G	A	85	64	149	0	3	152	0	0
17	61712207	.	C	T	20	8	28	0	0	28	0	0
17	61763031	.	G	C	21	19	40	0	3	44	0	1
17	61766880	.	C	A	17	15	32	0	3	35	0	0
17	61769687	.	G	A	17	22	39	0	5	45	0	1
17	61772050	.	C	G	18	19	37	0	2	40	0	1
17	61773767	.	C	G	28	26	54	0	2	56	0	0
17	61776479	.	T	C	16	16	32	0	1	33	0	0
17	61782325	.	T	C	43	33	76	0	7	83	0	0
17	61783908	.	A	G	22	28	50	0	2	52	0	0
17	61805747	.	G	A	16	20	36	0	1	37	0	0
17	61823899	.	C	T	22	21	43	0	0	43	0	0
17	61838259	.	G	A	18	21	39	0	5	44	0	0
17	61843130	.	G	A	9	17	26	0	1	27	0	0
17	61852429	.	G	C	36	32	68	0	5	74	0	1
17	61852719	.	T	C	8	12	20	0	1	21	0	0
17	61878144	.	G	A	23	17	40	0	1	42	1	0
17	61888340	.	T	G	15	11	26	0	0	26	0	0
17	61896004	.	T	C	46	35	81	0	4	85	0	0
17	61896127	.	C	G	58	59	117	0	1	118	0	0
17	61898135	.	C	A	34	28	62	0	0	62	0	0
17	61898700	.	C	G	65	49	114	0	5	119	0	0
17	61901197	.	T	A	28	29	57	0	9	66	0	0
17	61901439	.	T	C	36	30	66	0	3	69	0	0
17	61901641	.	T	C	21	17	38	0	0	38	0	0
17	61901657	.	A	G	25	20	45	0	1	46	0	0
17	61902822	.	C	G	38	28	66	0	4	70	0	0
17	61903445	.	G	C	32	28	60	0	2	62	0	0
17	61904724	.	T	C	24	39	63	0	0	63	0	0
17	61904728	.	G	A	26	38	64	0	2	66	0	0
17	61906846	.	T	C	65	58	123	0	3	126	0	0
17	61908271	.	C	T	27	37	64	0	2	66	0	0
17	61908316	.	G	A	33	23	56	0	0	56	0	0
17	61909485	.	T	A	13	20	33	0	3	36	0	0
17	61910167	.	G	A	23	18	41	0	1	42	0	0
17	61912261	.	C	T	13	18	31	0	3	35	0	1
17	61932204	.	A	G	36	34	70	0	0	71	0	1
17	61934783	.	T	C	20	17	37	0	2	40	0	1
17	61936710	.	T	C	38	42	80	0	2	82	0	0
17	61937179	.	G	A	27	27	54	0	2	56	0	0
17	61938100	.	C	T	28	35	63	0	6	69	0	0
17	61938248	.	G	T	14	23	37	0	1	39	0	1
17	61948390	.	A	G	59	65	124	0	3	127	0	0
17	61948537	.	A	G	74	59	133	3	3	140	0	1
17	61949279	.	C	T	18	9	27	2	1	31	0	1
17	61949612	.	T	C	185	90	275	14	10	299	0	0
17	61950932	.	C	T	53	46	99	30	8	137	0	0
17	61958669	.	G	T	54	36	90	0	5	95	0	0
17	61959099	.	C	A	57	64	121	0	11	132	0	0
17	61963199	.	T	C	29	17	46	3	2	51	0	0
17	61963203	.	C	G	30	18	48	3	1	52	0	0
17	61963236	.	C	A	29	20	49	7	2	58	0	0
17	61971404	.	C	G	66	57	123	6	5	134	0	0
17	61971635	.	T	C	13	7	20	2	1	23	0	0
17	61972176	.	T	C	16	17	33	1	1	35	0	0
17	61978686	.	T	G	64	16	80	5	3	88	0	0
17	61978689	.	G	A	60	15	75	5	2	82	0	0
17	61978738	.	T	C	39	7	46	4	2	52	0	0
17	61978749	.	A	G	32	6	38	5	2	45	0	0
17	61978765	.	G	A	10	23	33	5	2	40	0	0
17	61978776	.	C	T	9	15	24	5	2	32	0	1
17	61986217	.	G	T	23	33	56	0	3	59	0	0
17	61986834	.	A	T	11	14	25	0	3	28	0	0
17	61987570	.	G	T	74	73	147	0	7	154	0	0
17	61987837	.	G	T	86	88	174	0	2	176	0	0
17	61988335	.	A	G	35	24	59	0	9	68	0	0
17	61988708	.	G	T	34	36	70	0	2	72	0	0
17	61995030	.	A	T	66	56	122	0	3	125	0	0
17	61996174	.	T	G	66	58	124	0	6	131	0	1
17	61996204	.	T	C	53	54	107	0	4	112	0	1
17	62016435	.	G	C	19	20	39	0	1	40	0	0
17	62016520	.	T	C	10	18	28	0	2	30	0	0
17	62018109	.	T	C	38	35	73	0	5	78	0	0
17	62018164	.	A	C	40	45	85	0	2	87	0	0
17	62018239	.	G	A	39	56	95	0	9	106	1	1
17	62019103	.	G	T	34	37	71	0	7	78	0	0
17	62021003	.	G	T	13	18	31	0	5	36	0	0
17	62021374	.	C	T	23	21	44	0	5	49	0	0
17	62025238	.	G	T	31	28	59	0	4	64	0	1
17	62029006	.	A	G	32	30	62	0	14	76	0	0
17	62034479	.	C	T	33	33	66	0	3	70	0	1
17	62041317	.	G	T	18	13	31	0	0	31	0	0
17	62042078	.	T	C	9	22	31	0	3	35	0	1
17	62043537	.	A	G	39	25	64	0	3	67	0	0
17	62043758	.	G	C	19	23	42	0	2	44	0	0
17	62044016	.	C	T	13	8	21	0	2	23	0	0
17	62076509	.	G	T	21	22	43	0	1	44	0	0
17	62078377	.	G	C	24	29	53	0	2	55	0	0
17	62078584	.	C	T	31	47	78	0	5	83	0	0
17	62083929	.	A	G	11	16	27	0	2	29	0	0
17	62121480	.	T	C	79	75	154	0	18	172	0	0
17	62126615	.	C	T	22	14	36	0	1	37	0	0
17	62145672	.	A	G	29	31	60	0	4	64	0	0
17	62145728	.	A	G	24	25	49	0	0	49	0	0
17	62158012	.	T	C	17	16	33	0	0	33	0	0
17	62158278	.	T	C	23	31	54	0	1	55	0	0
17	62158300	.	C	T	16	25	41	0	2	43	0	0
17	62158319	.	T	C	15	19	34	0	2	36	0	0
17	62175827	.	C	A	57	51	108	0	5	113	0	0
17	62248386	.	C	G	8	21	29	0	0	29	0	0
17	62270941	.	C	T	34	33	67	0	1	68	0	0
17	62291105	.	G	A	52	48	100	0	3	103	0	0
17	62386078	.	T	C	30	12	42	4	4	50	0	0
17	62401118	.	T	C	28	34	62	0	1	63	0	0
17	62406971	.	A	G	10	14	24	0	2	26	0	0
17	62745638	.	T	G	15	11	26	0	0	26	0	0
17	62747004	.	T	C	48	43	91	0	1	92	0	0
17	62747661	.	G	A	32	23	55	0	2	57	0	0
17	62758714	.	C	T	55	51	106	0	3	109	0	0
17	62758795	.	G	A	32	39	71	0	4	75	0	0
17	62758867	.	G	A	19	17	36	0	1	37	0	0
17	62775218	.	G	A	49	26	75	0	6	81	0	0
17	62781579	.	T	C	23	23	46	0	2	49	0	1
17	62796261	.	T	C	27	24	51	27	7	85	0	0
17	62796928	.	G	A	36	28	64	2	5	72	1	0
17	62817264	.	C	T	60	43	103	7	8	118	0	0
17	62818084	.	G	A	38	40	78	1	5	84	0	0
17	62820588	.	T	C	11	10	21	4	0	25	0	0
17	62825154	.	A	G	126	40	166	3	5	174	0	0
17	62825204	.	C	T	182	82	264	8	14	286	0	0
17	62825269	.	A	G	108	63	171	50	28	249	0	0
17	62854937	.	C	G	63	34	97	0	7	104	0	0
17	62856621	.	T	C	55	70	125	0	2	127	0	0
17	62858191	.	G	A	24	6	30	6	14	50	0	0
17	62892297	.	T	C	82	63	145	43	4	192	0	0
17	62923716	.	G	A	47	39	86	0	3	90	0	1
17	62952689	.	C	G	44	34	78	31	4	113	0	0
17	62952821	.	G	A	38	31	69	0	1	70	0	0
17	62969369	.	G	A	31	26	57	0	0	57	0	0
17	62969471	.	C	A	28	32	60	0	1	61	0	0
17	62969602	.	T	G	14	10	24	0	3	27	0	0
17	62971344	.	T	A	24	35	59	0	5	65	0	1
17	62971478	.	G	C	23	17	40	0	0	40	0	0
17	63097115	.	G	A	9	11	20	0	0	20	0	0
17	63154324	.	G	A	32	32	64	0	7	71	0	0
17	63156467	.	G	A	30	23	53	0	3	56	0	0
17	63173738	.	A	G	46	43	89	0	1	90	0	0
17	63174051	.	C	T	25	26	51	0	1	52	0	0
17	63186095	.	G	A	15	7	22	0	2	24	0	0
17	63200479	.	G	A	53	27	80	0	2	82	0	0
17	63204209	.	A	G	27	22	49	0	0	49	0	0
17	63223788	.	A	G	82	68	150	0	5	155	0	0
17	63224001	.	G	A	27	16	43	0	1	44	0	0
17	63526187	.	G	A	37	28	65	0	1	67	0	1
17	63532948	.	A	T	25	27	52	0	2	54	0	0
17	63545622	.	T	C	26	20	46	0	4	50	0	0
17	63633209	.	T	C	44	44	88	0	3	91	0	0
17	63639115	.	C	A	9	14	23	0	1	24	0	0
17	63639717	.	G	A	14	20	34	0	2	36	0	0
17	63639892	.	C	A	62	37	99	0	4	103	0	0
17	63640635	.	C	T	36	25	61	0	3	65	0	1
17	63651087	.	T	C	14	15	29	0	2	31	0	0
17	63651402	.	G	C	21	23	44	0	1	45	0	0
17	63996434	.	G	A	11	13	24	0	2	26	0	0
17	63996645	.	T	G	33	25	58	1	9	68	0	0
17	63996820	.	G	C	28	11	39	0	2	41	0	0
17	63996851	.	A	G	25	20	45	0	1	46	0	0
17	63997069	.	A	G	20	21	41	0	2	43	0	0
17	63997184	.	C	G	16	16	32	0	1	33	0	0
17	64001925	.	G	A	21	20	41	0	0	41	0	0
17	64023483	.	A	G	23	12	35	0	2	38	0	1
17	64023624	.	T	C	61	43	104	0	1	105	0	0
17	64023642	.	A	G	39	54	93	0	1	94	0	0
17	64023800	.	T	C	7	16	23	0	0	23	0	0
17	64024303	.	G	A	13	9	22	0	3	25	0	0
17	64024340	.	T	C	16	16	32	0	3	35	0	0
17	64024375	.	G	A	21	23	44	0	1	45	0	0
17	64025093	.	G	A	10	17	27	0	0	27	0	0
17	64025331	.	A	G	67	61	128	0	2	132	0	2
17	64049733	.	A	G	29	32	61	0	4	65	0	0
17	64050007	.	G	A	73	57	130	0	3	133	0	0
17	64050062	.	G	A	30	40	70	0	1	71	0	0
17	64050123	.	C	T	16	15	31	0	1	32	0	0
17	64050156	.	T	C	12	12	24	0	1	25	0	0
17	64128760	.	A	T	13	14	27	0	0	27	0	0
17	64193824	.	T	C	23	28	51	0	3	54	0	0
17	64210757	.	C	A	51	48	99	0	4	103	0	0
17	64213133	.	C	G	29	22	51	0	2	53	0	0
17	64493875	.	A	T	11	17	28	0	2	30	0	0
17	64497737	.	A	G	9	12	21	0	0	21	0	0
17	64503779	.	G	A	38	32	70	0	0	71	0	1
17	64515406	.	T	C	26	25	51	0	1	53	0	1
17	64515731	.	C	A	34	18	52	0	1	53	0	0
17	64519790	.	G	A	17	21	38	0	2	40	0	0
17	64519899	.	A	G	11	13	24	0	2	26	0	0
17	64528105	.	G	C	8	16	24	0	2	26	0	0
17	64528207	.	A	G	24	18	42	0	3	45	0	0
17	64529642	.	C	T	37	31	68	0	0	68	0	0
17	64633295	.	G	A	22	27	49	0	0	49	0	0
17	64728707	.	C	T	31	33	64	0	0	64	0	0
17	64783166	.	T	C	52	45	97	0	2	99	0	0
17	64783434	.	A	G	17	17	34	0	1	35	0	0
17	64783477	.	A	G	15	11	26	0	0	26	0	0
17	64783759	.	A	G	16	10	26	0	0	26	0	0
17	64800430	.	A	G	31	23	54	0	1	55	0	0
17	64800552	.	A	G	29	25	54	0	2	56	0	0
17	65029052	.	C	T	20	22	42	0	1	43	0	0
17	65051180	.	A	G	38	42	80	0	2	82	0	0
17	65052605	.	T	C	42	18	60	0	3	63	0	0
17	65069309	.	T	C	13	20	33	0	0	33	0	0
17	65069318	.	A	C	14	20	34	0	0	34	0	0
17	65074779	.	A	G	18	10	28	0	1	29	0	0
17	65104538	.	G	C	17	18	35	0	2	37	0	0
17	65110436	.	A	G	34	27	61	0	3	64	0	0
17	65156919	.	G	C	35	22	57	0	6	63	0	0
17	65163524	.	G	A	12	14	26	0	0	26	0	0
17	65186152	.	T	C	28	29	57	0	1	58	0	0
17	65191647	.	T	G	9	20	29	0	0	29	0	0
17	65199627	.	T	C	42	35	77	0	1	79	0	1
17	65199653	.	T	C	29	34	63	0	1	65	0	1
17	65199728	.	T	C	12	13	25	0	1	26	0	0
17	65212042	.	C	T	26	14	40	0	0	40	0	0
17	65220889	.	G	A	16	18	34	0	0	34	0	0
17	65220910	.	A	G	16	15	31	0	2	33	0	0
17	65341770	.	T	C	15	12	27	0	2	29	0	0
17	65341976	.	A	G	24	22	46	0	0	46	0	0
17	65362552	.	T	A	45	51	96	0	10	106	0	0
17	65528801	.	C	T	22	11	33	0	1	34	0	0
17	65665534	.	A	G	28	35	63	0	3	66	0	0
17	65714232	.	C	G	16	22	38	0	8	46	0	0
17	65718839	.	C	T	11	15	26	0	4	30	0	0
17	65718874	.	C	A	13	15	28	0	3	31	0	0
17	65718934	.	C	T	12	10	22	0	1	23	0	0
17	65720346	.	A	G	13	19	32	0	1	33	0	0
17	65730404	.	G	A	16	19	35	0	0	35	0	0
17	65732959	.	A	G	8	12	20	0	0	21	1	0
17	65733119	.	T	C	11	13	24	1	0	25	0	0
17	65735563	.	G	A	13	25	38	0	3	41	0	0
17	65736912	.	A	G	22	30	52	0	0	52	0	0
17	65739627	.	A	G	30	29	59	0	3	62	0	0
17	65739789	.	A	G	49	38	87	0	2	89	0	0
17	65739797	.	A	T	59	38	97	0	2	99	0	0
17	65850029	.	G	A	32	47	79	0	1	80	0	0
17	65871559	.	G	A	18	12	30	0	2	32	0	0
17	65887887	.	T	C	8	13	21	0	1	22	0	0
17	65907663	.	C	G	16	21	37	0	0	37	0	0
17	65918887	.	A	T	11	16	27	0	2	29	0	0
17	65955651	.	T	C	16	21	37	0	2	39	0	0
17	65977366	.	A	G	12	16	28	0	1	29	0	0
17	65978851	.	T	G	23	23	46	0	0	46	0	0
17	65980289	.	G	A	44	31	75	1	0	76	0	0
17	65988049	.	T	C	54	48	102	0	4	106	0	0
17	65989048	.	T	C	22	30	52	0	7	59	0	0
17	66038181	.	C	G	26	28	54	0	2	56	0	0
17	66038597	.	A	C	37	27	64	0	1	65	0	0
17	66038958	.	C	T	11	9	20	0	6	26	0	0
17	66039350	.	A	G	63	68	131	0	1	132	0	0
17	66118288	.	G	A	78	66	144	0	2	146	0	0
17	66121976	.	A	G	19	16	35	0	15	50	0	0
17	66122423	.	A	G	37	25	62	1	6	69	0	0
17	66123432	.	T	G	8	19	27	0	1	28	0	0
17	66123818	.	T	C	37	33	70	0	5	75	0	0
17	66123968	.	C	A	42	28	70	0	2	72	0	0
17	66124111	.	G	T	41	30	71	0	1	72	0	0
17	66124570	.	T	C	18	26	44	0	1	45	0	0
17	66125453	.	T	C	43	36	79	1	0	80	0	0
17	66125486	.	G	A	35	26	61	1	1	63	0	0
17	66125489	.	C	T	33	25	58	1	3	62	0	0
17	66125508	.	T	A	30	28	58	1	2	61	0	0
17	66125572	.	T	A	19	15	34	0	1	35	0	0
17	66131231	.	C	T	44	45	89	0	0	90	0	1
17	66136734	.	A	C	43	31	74	0	1	75	0	0
17	66137448	.	C	G	24	18	42	0	0	42	0	0
17	66140668	.	T	C	16	13	29	0	0	29	0	0
17	66145975	.	G	A	125	111	236	0	6	242	0	0
17	66147562	.	C	G	29	32	61	0	4	65	0	0
17	66148587	.	G	A	12	23	35	0	1	36	0	0
17	66193317	.	G	A	19	21	40	0	1	41	0	0
17	66202281	.	C	A	11	13	24	0	2	26	0	0
17	66202370	.	A	G	12	11	23	4	0	27	0	0
17	66244578	.	T	C	22	21	43	0	0	43	0	0
17	66246735	.	C	T	18	19	37	0	0	38	0	1
17	66250522	.	C	A	33	52	85	0	1	86	0	0
17	66264542	.	A	T	43	34	77	1	1	79	0	0
17	66265360	.	G	A	20	20	40	111	3	154	0	0
17	66265367	.	T	C	18	19	37	107	2	146	0	0
17	66267650	.	T	G	64	38	102	0	1	104	0	1
17	66364691	.	C	G	13	17	30	0	2	32	0	0
17	66366739	.	C	T	40	20	60	0	1	61	0	0
17	66422158	.	A	G	10	14	24	0	0	25	0	1
17	66426133	.	G	A	74	67	141	0	7	148	0	0
17	66446803	.	T	C	36	36	72	0	4	76	0	0
17	66446827	.	G	A	53	37	90	0	1	91	0	0
17	66524987	.	G	A	35	33	68	0	1	69	0	0
17	66526027	.	G	T	112	96	208	0	1	209	0	0
17	66527834	.	T	C	41	34	75	0	1	76	0	0
17	66528367	.	C	T	43	47	90	0	0	90	0	0
17	66533655	.	A	G	37	37	74	0	1	76	0	1
17	66533733	.	G	A	40	38	78	0	5	84	0	1
17	66536219	.	G	C	12	9	21	0	0	21	0	0
17	66538792	.	C	T	50	44	94	0	6	100	0	0
17	66551010	.	T	C	28	29	57	0	3	61	0	1
17	66872802	.	G	C	42	32	74	0	2	76	0	0
17	66873548	.	G	C	69	70	139	0	2	142	0	1
17	66878324	.	A	T	10	10	20	0	1	21	0	0
17	66880405	.	T	C	16	15	31	0	0	31	0	0
17	66883367	.	G	C	26	22	48	0	1	50	0	1
17	66890339	.	C	T	32	34	66	0	0	66	0	0
17	66899710	.	C	G	12	17	29	0	2	31	0	0
17	66899725	.	C	G	11	16	27	0	1	28	0	0
17	66899733	.	C	T	13	12	25	0	0	25	0	0
17	66928460	.	T	C	41	24	65	0	0	65	0	0
17	66928468	.	G	C	39	23	62	0	5	67	0	0
17	66928470	.	C	T	41	23	64	0	3	67	0	0
17	66928688	.	C	T	17	12	29	0	3	32	0	0
17	66928731	.	T	C	15	12	27	0	2	29	0	0
17	66928743	.	G	A	15	14	29	0	1	30	0	0
17	66933003	.	C	T	15	20	35	0	1	36	0	0
17	66936783	.	A	T	15	12	27	0	1	28	0	0
17	66938232	.	A	G	9	15	24	0	0	25	1	0
17	66979699	.	T	G	10	10	20	0	0	20	0	0
17	66980111	.	C	T	39	41	80	0	3	83	0	0
17	66985847	.	C	T	17	18	35	0	2	37	0	0
17	66987202	.	A	T	20	10	30	0	0	30	0	0
17	66987229	.	A	G	16	6	22	0	0	22	0	0
17	67004386	.	A	G	18	11	29	0	0	29	0	0
17	67023755	.	A	G	19	20	39	0	2	41	0	0
17	67024585	.	T	C	11	14	25	0	5	30	0	0
17	67024799	.	T	A	22	23	45	0	2	47	0	0
17	67028212	.	G	C	89	60	149	0	3	152	0	0
17	67040609	.	T	G	21	12	33	0	0	33	0	0
17	67081718	.	C	T	13	10	23	0	3	26	0	0
17	67081830	.	T	C	17	13	30	0	0	30	0	0
17	67099129	.	A	G	23	23	46	0	0	46	0	0
17	67109662	.	G	A	39	36	75	0	2	77	0	0
17	67109673	.	A	G	43	34	77	0	3	80	0	0
17	67109894	.	C	T	37	33	70	0	0	70	0	0
17	67119593	.	G	C	10	19	29	0	0	29	0	0
17	67125840	.	C	T	13	16	29	0	0	29	0	0
17	67133352	.	T	G	19	18	37	0	0	37	0	0
17	67144884	.	G	T	24	31	55	0	1	56	0	0
17	67160148	.	T	C	11	13	24	0	0	24	0	0
17	67160186	.	T	C	16	16	32	0	1	33	0	0
17	67170736	.	A	G	35	36	71	0	1	73	0	1
17	67178316	.	A	G	48	30	78	0	0	78	0	0
17	67178713	.	A	G	14	13	27	0	0	27	0	0
17	67178954	.	C	T	11	13	24	0	9	33	0	0
17	67181540	.	C	A	25	23	48	0	1	49	0	0
17	67181548	.	T	G	24	24	48	0	2	50	0	0
17	67197475	.	T	C	11	13	24	0	2	26	0	0
17	67197491	.	T	C	16	17	33	0	0	33	0	0
17	67197886	.	A	G	17	11	28	0	0	28	0	0
17	67210992	.	T	C	15	24	39	0	1	40	0	0
17	67212031	.	A	G	20	17	37	0	2	39	0	0
17	67212423	.	G	A	27	20	47	0	0	47	0	0
17	67212574	.	A	C	12	25	37	0	0	37	0	0
17	67215712	.	C	T	11	20	31	0	0	31	0	0
17	67257812	.	T	C	33	35	68	0	1	70	0	1
17	67260926	.	A	G	18	11	29	0	0	29	0	0
17	67282332	.	T	C	37	41	78	0	4	82	0	0
17	67285206	.	A	G	22	11	33	0	0	33	0	0
17	67287534	.	T	C	8	13	21	0	0	21	0	0
17	67297176	.	T	C	24	14	38	0	2	40	0	0
17	67502138	.	G	A	17	12	29	0	0	29	0	0
17	67513003	.	C	A	81	63	144	0	8	152	0	0
17	67513055	.	A	G	48	43	91	0	5	96	0	0
17	67519542	.	G	A	21	18	39	0	1	40	0	0
17	67522919	.	C	T	23	16	39	0	1	40	0	0
17	68127190	.	T	A	33	23	56	0	2	58	0	0
17	68127193	.	C	T	33	21	54	0	4	58	0	0
17	68128259	.	A	G	37	39	76	0	2	78	0	0
17	68128900	.	A	C	15	9	24	0	2	26	0	0
17	68130359	.	C	G	44	37	81	0	4	85	0	0
17	68131426	.	G	A	32	32	64	0	0	64	0	0
17	68171840	.	C	T	26	24	50	0	7	57	0	0
17	68172600	.	G	A	14	14	28	0	0	28	0	0
17	68173022	.	C	T	37	35	72	0	6	78	0	0
17	68173088	.	G	A	35	18	53	0	0	53	0	0
17	68173296	.	G	A	23	19	42	0	4	46	0	0
17	68173662	.	A	G	19	19	38	0	0	38	0	0
17	68173715	.	C	T	21	24	45	0	5	50	0	0
17	68173730	.	C	T	18	20	38	0	1	39	0	0
17	68858080	.	A	G	23	17	40	0	0	40	0	0
17	68860294	.	C	T	32	16	48	0	2	50	0	0
17	68872952	.	G	A	27	24	51	0	2	53	0	0
17	68888753	.	A	G	27	27	54	0	0	54	0	0
17	68905861	.	A	C	36	27	63	0	2	65	0	0
17	68905950	.	C	T	31	28	59	0	1	61	0	1
17	68923526	.	T	C	13	15	28	0	0	28	0	0
17	68926882	.	T	A	13	17	30	0	0	30	0	0
17	68941608	.	T	C	22	11	33	0	0	33	0	0
17	68943013	.	C	T	10	11	21	0	0	21	0	0
17	70118699	.	G	A	24	25	49	0	2	51	0	0
17	70118723	.	G	A	32	34	66	0	3	69	0	0
17	70642742	.	T	C	11	22	33	0	2	35	0	0
17	70642923	.	A	C	11	20	31	0	2	33	0	0
17	70643565	.	A	G	18	7	25	0	0	25	0	0
17	70710688	.	T	C	14	11	25	0	1	26	0	0
17	70943990	.	T	C	54	78	132	0	8	140	0	0
17	71027797	.	C	A	20	19	39	0	2	41	0	0
17	71027833	.	A	G	19	17	36	0	1	37	0	0
17	71165318	.	C	G	10	12	22	0	0	22	0	0
17	71166701	.	A	G	20	17	37	0	0	37	0	0
17	71167102	.	T	C	36	39	75	0	6	81	0	0
17	71167133	.	T	C	50	54	104	0	2	106	0	0
17	71167541	.	G	A	23	21	44	0	0	44	0	0
17	71189182	.	A	G	22	9	31	0	6	37	0	0
17	71192468	.	C	T	20	18	38	0	0	38	0	0
17	71192955	.	C	T	16	16	32	0	2	34	0	0
17	71193594	.	G	A	31	31	62	0	1	63	0	0
17	71195949	.	C	T	8	17	25	0	0	25	0	0
17	71196809	.	A	G	26	24	50	0	2	52	0	0
17	71196995	.	G	A	10	10	20	0	0	21	0	1
17	71197323	.	G	C	22	15	37	0	3	40	0	0
17	71197748	.	G	A	24	28	52	0	2	54	0	0
17	71199562	.	C	T	20	21	41	0	1	42	0	0
17	71204440	.	C	T	25	27	52	0	0	52	0	0
17	71223501	.	T	C	17	15	32	0	0	32	0	0
17	71231604	.	A	C	26	42	68	0	2	70	0	0
17	71232687	.	T	C	49	36	85	0	2	87	0	0
17	71232807	.	T	C	46	36	82	0	0	82	0	0
17	71232881	.	G	C	50	33	83	0	2	85	0	0
17	71233130	.	A	G	20	15	35	0	1	36	0	0
17	71238433	.	G	A	38	37	75	0	3	78	0	0
17	71238525	.	A	G	29	32	61	0	1	62	0	0
17	71238592	.	A	G	12	16	28	0	0	28	0	0
17	71238608	.	T	C	14	12	26	0	1	27	0	0
17	71238624	.	C	T	14	11	25	0	1	26	0	0
17	71238976	.	G	A	17	17	34	0	2	36	0	0
17	71239000	.	T	C	17	24	41	0	2	43	0	0
17	71239016	.	C	T	19	27	46	0	2	48	0	0
17	71239190	.	A	T	12	11	23	1	2	26	0	0
17	71243508	.	C	T	20	34	54	0	2	56	0	0
17	71244630	.	C	T	25	21	46	0	4	50	0	0
17	71244716	.	G	A	23	14	37	0	3	40	0	0
17	71245120	.	A	T	20	29	49	0	0	49	0	0
17	71247236	.	G	A	23	19	42	0	1	43	0	0
17	71334473	.	G	A	31	23	54	0	0	55	0	1
17	71334907	.	G	T	31	32	63	0	7	70	0	0
17	71344889	.	C	T	10	15	25	0	1	26	0	0
17	71346329	.	T	C	31	8	39	0	1	40	0	0
17	71346353	.	A	C	30	16	46	0	2	49	0	1
17	71346750	.	C	G	26	24	50	0	2	52	0	0
17	71346943	.	A	G	18	21	39	0	1	40	0	0
17	71347027	.	G	A	13	9	22	0	1	23	0	0
17	71357810	.	G	A	28	22	50	0	1	51	0	0
17	71358035	.	C	A	13	13	26	0	2	28	0	0
17	71375794	.	C	T	6	14	20	0	4	24	0	0
17	71376869	.	C	T	17	22	39	0	3	42	0	0
17	71386857	.	G	A	14	12	26	0	6	32	0	0
17	71390366	.	C	A	46	39	85	0	7	93	0	1
17	71391218	.	C	T	30	34	64	0	1	65	0	0
17	71394066	.	C	G	23	27	50	0	5	55	0	0
17	71395173	.	G	A	11	11	22	0	2	24	0	0
17	71396961	.	T	A	10	12	22	0	0	22	0	0
17	71397085	.	C	A	35	38	73	0	4	77	0	0
17	71397366	.	G	A	23	21	44	0	1	45	0	0
17	71397375	.	T	G	20	26	46	0	0	46	0	0
17	71415201	.	C	T	37	25	62	0	4	66	0	0
17	71418375	.	C	T	33	23	56	0	2	58	0	0
17	71452208	.	C	T	35	40	75	0	5	80	0	0
17	71503636	.	T	C	29	28	57	0	3	60	0	0
17	71746479	.	C	G	36	43	79	0	6	86	0	1
17	71746508	.	T	C	44	52	96	0	4	101	0	1
17	71746560	.	G	A	58	55	113	0	9	122	0	0
17	72240168	.	G	A	59	48	107	0	7	114	0	0
17	72240336	.	G	A	8	12	20	0	0	20	0	0
17	72256972	.	G	A	6	20	26	0	2	28	0	0
17	72277879	.	A	G	21	14	35	0	1	36	0	0
17	72281367	.	A	G	17	12	29	0	0	29	0	0
17	72297167	.	C	T	36	34	70	0	2	72	0	0
17	72301501	.	G	A	55	39	94	0	7	101	0	0
17	72301673	.	T	C	15	15	30	0	2	32	0	0
17	72305688	.	T	C	14	13	27	0	3	30	0	0
17	72306291	.	G	A	31	31	62	0	4	67	0	1
17	72340896	.	C	T	33	33	66	0	5	71	0	0
17	72340953	.	C	T	44	41	85	0	6	91	0	0
17	72346918	.	C	T	34	32	66	0	7	73	0	0
17	72348810	.	A	C	10	14	24	0	0	24	0	0
17	72350277	.	T	G	26	30	56	0	4	60	0	0
17	72350402	.	G	A	14	18	32	0	1	33	0	0
17	72351024	.	T	C	27	21	48	0	2	50	0	0
17	72351088	.	T	C	24	17	41	0	5	46	0	0
17	72351406	.	C	T	37	27	64	0	9	73	0	0
17	72355974	.	C	T	13	9	22	0	2	24	0	0
17	72356522	.	G	A	17	10	27	0	0	27	0	0
17	72357806	.	G	A	25	18	43	0	11	54	0	0
17	72357975	.	C	G	36	26	62	0	4	66	0	0
17	72366593	.	C	T	19	26	45	0	0	45	0	0
17	72436120	.	A	G	31	38	69	0	4	73	0	0
17	72463021	.	C	T	14	21	35	0	2	37	0	0
17	72469966	.	G	A	47	34	81	1	3	85	0	0
17	72470114	.	T	C	10	16	26	0	1	27	0	0
17	72470930	.	C	G	9	19	28	0	1	29	0	0
17	72478025	.	C	G	17	13	30	0	1	31	0	0
17	72519904	.	A	C	10	10	20	0	0	20	0	0
17	72540936	.	G	A	49	40	89	0	4	93	0	0
17	72545372	.	G	A	19	12	31	0	1	32	0	0
17	72556807	.	C	T	10	16	26	0	2	28	0	0
17	72556822	.	T	A	17	9	26	0	3	29	0	0
17	72584764	.	C	T	44	31	75	0	3	78	0	0
17	72588778	.	C	T	49	34	83	0	3	86	0	0
17	72691928	.	T	C	37	41	78	0	4	82	0	0
17	72699384	.	C	A	11	18	29	0	1	30	0	0
17	72700943	.	A	G	27	27	54	0	0	54	0	0
17	72745115	.	C	G	8	13	21	0	0	21	0	0
17	72768970	.	G	A	30	45	75	0	4	79	0	0
17	72769877	.	C	T	23	19	42	0	2	44	0	0
17	72773333	.	A	G	22	23	45	0	10	55	0	0
17	72773387	.	G	A	40	35	75	0	7	83	1	0
17	72838738	.	C	T	11	19	30	0	7	37	0	0
17	72851133	.	A	G	9	20	29	0	4	33	0	0
17	72889676	.	G	C	14	8	22	14	1	37	0	0
17	72889685	.	G	A	11	11	22	16	2	40	0	0
17	72937605	.	G	A	44	44	88	0	8	96	0	0
17	72939446	.	C	T	26	24	50	1	0	52	0	1
17	72939663	.	G	A	46	39	85	0	3	88	0	0
17	72942740	.	C	A	33	28	61	0	6	67	0	0
17	72943126	.	G	A	30	31	61	0	2	63	0	0
17	72945334	.	T	C	32	28	60	0	1	61	0	0
17	72949167	.	T	C	44	34	78	0	3	81	0	0
17	72950441	.	G	A	37	43	80	0	4	85	0	1
17	72950472	.	G	A	31	37	68	0	6	75	0	1
17	72951957	.	G	A	24	27	51	0	0	51	0	0
17	72952017	.	A	G	12	21	33	0	3	36	0	0
17	72958955	.	C	T	28	36	64	0	4	68	0	0
17	72995377	.	C	A	32	28	60	0	6	66	0	0
17	73016723	.	A	G	20	20	40	0	1	41	0	0
17	73016829	.	G	A	5	33	38	0	0	39	0	1
17	73038746	.	T	C	5	34	39	0	2	41	0	0
17	73070405	.	T	C	14	9	23	0	2	25	0	0
17	73089671	.	G	T	17	10	27	0	1	28	0	0
17	73089677	.	T	C	18	10	28	0	1	29	0	0
17	73089679	.	C	G	18	10	28	0	1	29	0	0
17	73094140	.	G	A	24	24	48	0	1	49	0	0
17	73094407	.	C	T	19	8	27	0	1	28	0	0
17	73110188	.	G	A	40	28	68	0	3	71	0	0
17	73110279	.	C	T	52	41	93	0	6	99	0	0
17	73124925	.	G	A	19	14	33	0	0	33	0	0
17	73125048	.	G	A	17	17	34	0	5	39	0	0
17	73170720	.	T	C	13	28	41	0	1	42	0	0
17	73235650	.	G	T	31	30	61	0	2	65	0	2
17	73258087	.	C	G	1	23	24	0	5	29	0	0
17	73484694	.	C	T	21	19	40	0	2	42	0	0
17	73489567	.	C	G	24	25	49	0	2	51	0	0
17	73491484	.	C	T	74	55	129	0	3	132	0	0
17	73494826	.	G	A	30	25	55	0	3	58	0	0
17	73496786	.	C	G	13	13	26	0	2	28	0	0
17	73500073	.	G	T	18	18	36	0	1	37	0	0
17	73500241	.	G	A	51	17	68	1	8	77	0	0
17	73500263	.	C	T	50	26	76	1	6	83	0	0
17	73500288	.	G	T	52	31	83	1	8	92	0	0
17	73502118	.	G	A	5	15	20	0	0	20	0	0
17	73502219	.	G	T	12	11	23	0	1	24	0	0
17	73502645	.	G	A	20	22	42	0	1	43	0	0
17	73510012	.	A	T	10	12	22	0	2	24	0	0
17	73519413	.	C	T	40	33	73	0	2	75	0	0
17	73519584	.	G	A	31	27	58	0	4	62	0	0
17	73539385	.	T	C	32	24	56	0	0	57	0	1
17	73554523	.	C	G	28	33	61	0	3	64	0	0
17	73559063	.	G	A	43	36	79	0	4	83	0	0
17	73559342	.	G	A	54	63	117	0	4	122	1	0
17	73559363	.	C	T	54	61	115	0	4	119	0	0
17	73559365	.	C	T	61	58	119	0	3	122	0	0
17	73559563	.	G	A	24	25	49	0	4	53	0	0
17	73559629	.	A	G	23	18	41	0	4	45	0	0
17	73560203	.	G	A	15	19	34	0	0	34	0	0
17	73560218	.	A	G	16	21	37	0	1	38	0	0
17	73564968	.	G	A	35	61	96	0	11	107	0	0
17	73565449	.	C	T	17	14	31	0	1	32	0	0
17	73566094	.	G	C	43	43	86	0	5	92	1	0
17	73566424	.	C	G	50	55	105	0	3	108	0	0
17	73566469	.	C	T	47	49	96	0	5	101	0	0
17	73567646	.	C	T	20	23	43	0	3	46	0	0
17	73567846	.	C	T	85	77	162	0	4	166	0	0
17	73568984	.	G	A	34	22	56	0	4	60	0	0
17	73569386	.	C	T	52	68	120	0	10	130	0	0
17	73570718	.	C	G	20	19	39	0	5	44	0	0
17	73570756	.	G	T	21	18	39	0	5	44	0	0
17	73570774	.	G	A	20	18	38	0	2	40	0	0
17	73570814	.	G	A	11	21	32	0	3	35	0	0
17	73570842	.	T	C	12	20	32	0	3	35	0	0
17	73570888	.	G	T	24	25	49	0	1	50	0	0
17	73587274	.	A	G	47	41	88	0	5	93	0	0
17	73587414	.	C	T	22	19	41	0	6	48	0	1
17	73587640	.	T	C	22	19	41	0	1	42	0	0
17	73587784	.	A	G	28	24	52	0	1	54	0	1
17	73587910	.	C	T	9	11	20	0	1	21	0	0
17	73588067	.	A	G	16	7	23	0	4	27	0	0
17	73592352	.	G	A	35	48	83	0	2	85	0	0
17	73592733	.	C	G	25	33	58	0	3	61	0	0
17	73598374	.	G	T	17	14	31	0	0	31	0	0
17	73598904	.	C	G	10	19	29	0	1	30	0	0
17	73602081	.	G	A	54	57	111	0	10	121	0	0
17	73608203	.	T	C	25	20	45	0	7	52	0	0
17	73609112	.	G	A	53	47	100	0	5	105	0	0
17	73609139	.	C	T	41	47	88	0	10	98	0	0
17	73609946	.	G	A	12	23	35	0	5	40	0	0
17	73610203	.	C	T	31	25	56	0	6	62	0	0
17	73610276	.	C	G	48	45	93	0	7	100	0	0
17	73611068	.	C	G	47	44	91	0	1	94	0	2
17	73611467	.	A	G	19	12	31	0	3	34	0	0
17	73611885	.	G	A	22	36	58	0	6	64	0	0
17	73612327	.	G	A	26	38	64	0	9	74	0	1
17	73612430	.	G	T	59	65	124	0	8	132	0	0
17	73612839	.	C	T	57	45	102	0	3	105	0	0
17	73616239	.	C	G	21	17	38	0	1	39	0	0
17	73617158	.	C	T	22	24	46	0	5	51	0	0
17	73617228	.	C	T	20	16	36	0	3	39	0	0
17	73619953	.	C	G	25	19	44	0	8	53	0	1
17	73619954	.	T	G	25	20	45	0	6	52	0	1
17	73620804	.	C	A	65	53	118	0	6	125	0	1
17	73625629	.	A	C	12	27	39	0	4	43	0	0
17	73626817	.	G	A	29	27	56	0	8	64	0	0
17	73626924	.	G	T	19	30	49	0	21	70	0	0
17	73626983	.	G	C	38	43	81	0	9	91	0	1
17	73627381	.	T	C	27	24	51	0	3	54	0	0
17	73627440	.	C	T	33	38	71	0	3	75	0	1
17	73627539	.	T	C	42	44	86	0	6	92	0	0
17	73646738	.	G	A	27	19	46	0	2	48	0	0
17	73647138	.	C	T	16	15	31	0	0	31	0	0
17	73654642	.	G	A	13	9	22	0	1	23	0	0
17	73663296	.	C	A	24	21	45	0	4	50	0	1
17	73663297	.	T	G	23	22	45	0	4	50	0	1
17	73663313	.	C	A	26	23	49	0	4	54	0	1
17	73687495	.	G	A	25	15	40	0	2	42	0	0
17	73698680	.	A	G	36	20	56	0	1	57	0	0
17	73701929	.	T	C	18	8	26	0	0	26	0	0
17	73720638	.	C	T	9	13	22	0	2	24	0	0
17	73720900	.	A	G	20	14	34	0	1	35	0	0
17	73725298	.	C	T	23	22	45	0	5	50	0	0
17	73725301	.	C	T	21	21	42	0	7	49	0	0
17	73725304	.	C	G	23	19	42	0	11	53	0	0
17	73732025	.	C	T	11	14	25	0	1	26	0	0
17	73732045	.	T	C	13	13	26	0	3	29	0	0
17	73732428	.	G	A	30	24	54	0	1	55	0	0
17	73732522	.	T	G	16	22	38	0	1	39	0	0
17	73733315	.	G	C	23	25	48	0	3	51	0	0
17	73735736	.	C	T	57	51	108	0	6	114	0	0
17	73735920	.	G	A	21	21	42	0	6	49	0	1
17	73736312	.	G	C	21	12	33	0	4	38	0	1
17	73736342	.	C	G	23	20	43	0	1	45	0	1
17	73736740	.	G	C	15	27	42	0	4	48	0	2
17	73738489	.	C	T	47	41	88	0	1	89	0	0
17	73738615	.	T	C	46	46	92	0	8	101	0	1
17	73739986	.	C	T	30	25	55	0	2	58	0	1
17	73745899	.	T	C	9	19	28	0	2	30	0	0
17	73746146	.	T	C	41	68	109	0	13	122	0	0
17	73746427	.	A	G	16	20	36	0	1	37	0	0
17	73752999	.	C	G	29	16	45	0	1	46	0	0
17	73753009	.	A	G	30	14	44	0	2	46	0	0
17	73753440	.	A	G	44	26	70	0	2	74	0	2
17	73753661	.	C	T	36	28	64	0	2	66	0	0
17	73760144	.	C	T	38	32	70	0	1	71	0	0
17	73774841	.	G	A	44	30	74	0	8	83	0	1
17	73774877	.	G	A	32	44	76	0	4	81	0	1
17	73775270	.	G	C	24	25	49	0	7	56	0	0
17	73780685	.	G	A	27	21	48	0	3	51	0	0
17	73805823	.	G	A	30	25	55	0	7	62	0	0
17	73809442	.	A	G	16	18	34	0	2	36	0	0
17	73809979	.	G	C	22	21	43	0	1	44	0	0
17	73813250	.	C	T	21	25	46	0	2	49	0	1
17	73817381	.	T	C	29	29	58	0	1	60	0	1
17	73817593	.	C	A	20	20	40	0	2	42	0	0
17	73823982	.	G	A	13	31	44	1	16	61	0	0
17	73824067	.	A	G	62	38	100	0	7	107	0	0
17	73843697	.	G	A	31	17	48	0	5	53	0	0
17	73843756	.	G	T	21	20	41	0	6	47	0	0
17	73887473	.	C	T	22	27	49	0	7	57	0	1
17	73897013	.	C	T	29	32	61	0	7	68	0	0
17	73897046	.	A	G	43	35	78	0	4	83	0	1
17	73897344	.	G	A	37	26	63	0	2	65	0	0
17	73908475	.	C	G	31	33	64	0	5	69	0	0
17	73909971	.	G	A	38	50	88	0	17	105	0	0
17	73911352	.	C	T	19	19	38	0	1	39	0	0
17	73916423	.	A	T	32	17	49	0	2	51	0	0
17	73917426	.	A	T	25	20	45	0	5	50	0	0
17	73917455	.	G	A	31	25	56	0	1	57	0	0
17	73918264	.	A	G	17	15	32	0	5	37	0	0
17	73919538	.	G	A	51	52	103	0	6	111	0	2
17	73924065	.	C	T	17	14	31	0	1	32	0	0
17	73924086	.	G	A	17	19	36	0	2	38	0	0
17	73926231	.	G	A	12	14	26	0	2	28	0	0
17	73933182	.	C	G	16	28	44	0	2	47	0	1
17	73944569	.	A	C	25	24	49	0	2	51	0	0
17	73974560	.	C	T	28	26	54	0	3	58	0	1
17	73987652	.	C	T	21	40	61	0	3	64	0	0
17	74003574	.	G	A	29	30	59	0	6	65	0	0
17	74006079	.	G	A	24	29	53	0	4	57	0	0
17	74006286	.	G	T	57	37	94	0	3	97	0	0
17	74010970	.	C	T	12	15	27	0	3	30	0	0
17	74011452	.	G	A	16	25	41	0	5	46	0	0
17	74014604	.	G	A	23	29	52	0	9	62	1	0
17	74014615	.	G	T	25	27	52	0	9	61	0	0
17	74014628	.	G	A	26	20	46	0	3	49	0	0
17	74015393	.	C	T	12	8	20	0	1	21	0	0
17	74015590	.	C	T	27	21	48	0	3	52	0	1
17	74015595	.	T	C	24	20	44	0	3	48	0	1
17	74018640	.	C	G	25	17	42	0	5	47	0	0
17	74035543	.	T	C	13	16	29	0	0	29	0	0
17	74041110	.	A	C	8	14	22	0	4	26	0	0
17	74072900	.	C	T	41	38	79	0	5	84	0	0
17	74076290	.	G	A	23	17	40	0	4	44	0	0
17	74076415	.	G	A	26	42	68	0	7	75	0	0
17	74079838	.	A	G	17	20	37	0	4	41	0	0
17	74080081	.	C	G	31	29	60	0	7	67	0	0
17	74083905	.	C	T	20	13	33	0	3	36	0	0
17	74084029	.	C	T	16	21	37	0	0	37	0	0
17	74084441	.	C	T	9	17	26	0	3	29	0	0
17	74084449	.	C	T	8	17	25	0	4	29	0	0
17	74084737	.	T	C	36	30	66	0	1	67	0	0
17	74085012	.	G	A	27	30	57	0	3	60	0	0
17	74086186	.	G	T	19	14	33	0	4	37	0	0
17	74086633	.	C	G	19	19	38	0	5	43	0	0
17	74089543	.	A	G	24	17	41	0	4	45	0	0
17	74090326	.	T	C	11	11	22	0	0	22	0	0
17	74090385	.	G	A	22	20	42	0	0	42	0	0
17	74094105	.	C	G	22	14	36	0	0	36	0	0
17	74150458	.	A	C	13	18	31	0	1	32	0	0
17	74152366	.	A	G	14	14	28	0	1	29	0	0
17	74163490	.	G	A	23	23	46	0	2	48	0	0
17	74208469	.	G	A	37	36	73	0	1	74	0	0
17	74222499	.	G	A	37	30	67	0	3	70	0	0
17	74223003	.	G	A	28	40	68	0	9	77	0	0
17	74271752	.	C	T	11	17	28	0	0	28	0	0
17	74276694	.	C	T	27	29	56	0	1	57	0	0
17	74283214	.	C	A	38	24	62	0	3	65	0	0
17	74288410	.	C	T	64	31	95	8	3	106	0	0
17	74289242	.	T	C	56	44	100	0	0	102	1	1
17	74289883	.	C	G	25	34	59	0	4	63	0	0
17	74300431	.	T	C	26	18	44	0	1	45	0	0
17	74300497	.	G	A	26	40	66	0	3	69	0	0
17	74300916	.	G	C	21	29	50	0	4	54	0	0
17	74301070	.	G	A	18	11	29	0	4	33	0	0
17	74307506	.	A	G	17	16	33	0	2	35	0	0
17	74307737	.	T	C	36	35	71	0	5	76	0	0
17	74308891	.	T	G	19	18	37	0	0	37	0	0
17	74310084	.	A	C	13	8	21	0	1	22	0	0
17	74381797	.	G	A	38	28	66	0	2	68	0	0
17	74382632	.	T	A	35	31	66	0	6	72	0	0
17	74466193	.	G	A	16	11	27	0	1	29	0	1
17	74468552	.	A	G	19	16	35	0	6	41	0	0
17	74469415	.	G	T	15	33	48	0	1	49	0	0
17	74472998	.	G	A	28	23	51	0	5	56	0	0
17	74473958	.	G	A	11	9	20	0	3	23	0	0
17	74475035	.	C	T	13	8	21	0	4	25	0	0
17	74475409	.	G	A	37	23	60	0	6	66	0	0
17	74475582	.	G	A	20	20	40	0	7	47	0	0
17	74475975	.	C	A	46	48	94	0	4	98	0	0
17	74476045	.	G	C	42	34	76	0	0	76	0	0
17	74477340	.	A	G	27	19	46	0	2	48	0	0
17	74524651	.	T	G	29	33	62	0	7	69	0	0
17	74524652	.	T	G	29	35	64	0	5	69	0	0
17	74527210	.	G	T	31	24	55	0	8	63	0	0
17	74527355	.	C	A	13	8	21	0	1	22	0	0
17	74527873	.	C	T	12	8	20	0	0	21	0	1
17	74557239	.	G	C	26	47	73	0	4	78	0	1
17	74557721	.	C	A	33	31	64	0	2	67	0	1
17	74557887	.	C	T	20	14	34	0	0	34	0	0
17	74559287	.	T	C	19	23	42	0	0	42	0	0
17	74559314	.	A	C	18	12	30	0	1	31	0	0
17	74570436	.	G	T	34	23	57	0	5	62	0	0
17	74639811	.	A	G	27	28	55	0	0	55	0	0
17	74646654	.	C	T	16	20	36	0	7	44	0	1
17	74646757	.	T	C	12	22	34	0	0	34	0	0
17	74646817	.	A	G	7	14	21	0	0	22	1	0
17	74647976	.	T	C	24	33	57	0	2	59	0	0
17	74648029	.	G	A	21	27	48	0	0	48	0	0
17	74684080	.	G	A	16	22	38	0	8	46	0	0
17	74684598	.	C	T	25	25	50	0	0	50	0	0
17	74716326	.	G	A	11	15	26	0	0	26	0	0
17	74733379	.	C	T	11	14	25	0	1	26	0	0
17	74750045	.	C	T	16	15	31	0	0	31	0	0
17	74846672	.	C	G	35	30	65	0	4	70	0	1
17	74898557	.	T	C	40	30	70	0	3	74	0	1
17	74898598	.	G	A	41	35	76	0	9	85	0	0
17	74899373	.	C	T	23	23	46	0	2	48	0	0
17	74900249	.	G	A	26	17	43	0	4	47	0	0
17	74900300	.	C	T	29	36	65	0	7	72	0	0
17	74900585	.	C	A	23	21	44	0	2	46	0	0
17	74900630	.	C	T	14	15	29	0	2	31	0	0
17	74901177	.	C	G	31	19	50	0	5	55	0	0
17	74902069	.	T	C	50	48	98	0	1	99	0	0
17	74920933	.	G	A	23	22	45	0	0	46	1	0
17	74920957	.	G	T	33	25	58	0	1	59	0	0
17	74921072	.	G	C	20	31	51	0	2	53	0	0
17	74922507	.	A	G	13	11	24	0	2	26	0	0
17	74922578	.	T	C	17	18	35	0	0	35	0	0
17	74922636	.	G	A	25	24	49	0	4	53	0	0
17	74922652	.	C	T	32	26	58	0	3	61	0	0
17	74928931	.	C	T	14	9	23	0	4	27	0	0
17	74929442	.	A	G	19	21	40	0	5	46	0	1
17	74936576	.	G	A	21	7	28	0	6	34	0	0
17	74942478	.	C	T	26	31	57	0	2	59	0	0
17	74944585	.	T	C	19	24	43	0	1	45	0	1
17	74944934	.	G	A	41	39	80	0	10	90	0	0
17	74946060	.	G	A	25	15	40	0	4	45	0	1
17	74946138	.	C	T	46	38	84	0	12	97	0	1
17	75085260	.	C	G	18	41	59	0	3	62	0	0
17	75085322	.	A	G	50	33	83	0	6	89	0	0
17	75085434	.	G	A	37	54	91	0	3	94	0	0
17	75190962	.	C	T	20	18	38	0	2	40	0	0
17	75203092	.	C	T	13	11	24	0	1	25	0	0
17	75207966	.	A	G	17	11	28	0	4	32	0	0
17	75212475	.	G	T	12	11	23	2	4	29	0	0
17	75316497	.	C	T	18	21	39	0	2	41	0	0
17	75369578	.	T	C	16	8	24	0	0	24	0	0
17	75404842	.	T	C	22	17	39	0	1	40	0	0
17	75425206	.	A	G	37	42	79	0	3	82	0	0
17	75425451	.	G	T	15	18	33	0	6	39	0	0
17	75425589	.	G	T	37	23	60	0	2	62	0	0
17	75425718	.	C	A	49	39	88	0	4	92	0	0
17	75426015	.	C	T	51	33	84	0	4	88	0	0
17	75426786	.	A	C	23	15	38	0	2	40	0	0
17	75489186	.	G	C	38	30	68	0	1	69	0	0
17	75494705	.	A	G	18	15	33	0	1	34	0	0
17	76109073	.	C	T	42	36	78	0	1	79	0	0
17	76109358	.	G	A	43	45	88	0	6	94	0	0
17	76114941	.	C	T	10	11	21	0	5	26	0	0
17	76115181	.	A	T	12	13	25	0	0	25	0	0
17	76116153	.	T	C	16	17	33	0	0	33	0	0
17	76118489	.	G	A	15	9	24	0	0	24	0	0
17	76119930	.	T	C	13	18	31	0	1	32	0	0
17	76120993	.	G	A	10	18	28	0	1	29	0	0
17	76121004	.	G	A	12	16	28	0	1	29	0	0
17	76121031	.	C	T	9	15	24	0	3	27	0	0
17	76121864	.	A	G	52	70	122	0	7	131	0	2
17	76122220	.	A	G	18	22	40	0	2	42	0	0
17	76130264	.	G	A	14	13	27	0	1	28	0	0
17	76131070	.	G	A	56	55	111	0	6	117	0	0
17	76133746	.	A	G	40	34	74	0	2	76	0	0
17	76134676	.	C	T	28	31	59	0	0	59	0	0
17	76143009	.	G	A	21	16	37	0	3	40	0	0
17	76153948	.	C	T	39	41	80	1	15	96	0	0
17	76155095	.	C	A	19	24	43	0	3	46	0	0
17	76156825	.	C	T	11	12	23	0	0	23	0	0
17	76156864	.	A	G	18	19	37	0	0	37	0	0
17	76160881	.	C	A	8	22	30	0	1	31	0	0
17	76161913	.	G	A	17	16	33	0	0	33	0	0
17	76167267	.	G	T	6	14	20	0	0	20	0	0
17	76170735	.	C	T	40	39	79	0	12	92	1	0
17	76201182	.	A	G	23	33	56	0	10	66	0	0
17	76203085	.	G	A	26	22	48	0	2	50	0	0
17	76233906	.	C	T	20	21	41	0	0	41	0	0
17	76235015	.	G	A	39	40	79	0	7	86	0	0
17	76267843	.	G	A	14	10	24	0	4	28	0	0
17	76388502	.	G	A	27	19	46	0	4	51	1	0
17	76393975	.	G	T	9	12	21	0	0	21	0	0
17	76394042	.	G	A	17	15	32	0	5	37	0	0
17	76394449	.	C	T	36	39	75	0	4	79	0	0
17	76394526	.	T	A	32	20	52	0	3	55	0	0
17	76395421	.	G	A	34	35	69	0	4	73	0	0
17	76395430	.	C	T	35	33	68	0	5	73	0	0
17	76396610	.	G	A	14	22	36	0	1	37	0	0
17	76396963	.	A	G	29	29	58	0	6	64	0	0
17	76397128	.	A	G	17	14	31	0	2	34	0	1
17	76397133	.	A	G	17	14	31	0	1	33	0	1
17	76397219	.	A	T	18	20	38	0	2	40	0	0
17	76397309	.	C	T	10	11	21	0	1	22	0	0
17	76399404	.	C	T	12	9	21	0	1	22	0	0
17	76399552	.	G	A	41	34	75	0	2	78	0	1
17	76400105	.	T	G	59	59	118	0	5	123	0	0
17	76400236	.	G	A	21	17	38	0	3	41	0	0
17	76400258	.	G	A	16	17	33	0	1	34	0	0
17	76400268	.	C	G	18	18	36	0	4	40	0	0
17	76400329	.	G	A	12	12	24	0	6	30	0	0
17	76400337	.	C	A	10	10	20	0	7	27	0	0
17	76421443	.	G	A	53	43	96	0	4	100	0	0
17	76423097	.	G	A	43	41	84	0	2	86	0	0
17	76433685	.	A	G	42	41	83	0	5	88	0	0
17	76440672	.	G	A	23	19	42	0	4	46	0	0
17	76441830	.	G	T	20	15	35	0	2	37	0	0
17	76449510	.	C	T	33	25	58	0	3	61	0	0
17	76449612	.	C	T	28	18	46	0	2	48	0	0
17	76451921	.	A	G	17	16	33	0	1	34	0	0
17	76456125	.	C	G	28	25	53	0	6	59	0	0
17	76456211	.	C	T	28	37	65	0	2	68	0	1
17	76458911	.	G	A	42	30	72	0	6	78	0	0
17	76459334	.	A	G	9	12	21	0	2	23	0	0
17	76468839	.	C	T	45	43	88	0	4	92	0	0
17	76468843	.	C	T	44	43	87	0	3	90	0	0
17	76468908	.	G	A	33	27	60	0	7	67	0	0
17	76469012	.	C	G	12	16	28	0	3	31	0	0
17	76471366	.	G	A	19	15	34	0	3	37	0	0
17	76472829	.	A	G	26	36	62	0	2	64	0	0
17	76472855	.	C	T	30	21	51	0	2	53	0	0
17	76472914	.	C	T	24	18	42	0	2	44	0	0
17	76472976	.	G	A	13	11	24	0	0	24	0	0
17	76472986	.	A	C	12	9	21	0	0	21	0	0
17	76475140	.	G	A	31	23	54	0	2	56	0	0
17	76475811	.	T	G	14	15	29	0	2	31	0	0
17	76476538	.	A	T	17	13	30	0	0	30	0	0
17	76476642	.	G	T	47	32	79	0	3	82	0	0
17	76476915	.	A	G	35	37	72	0	9	81	0	0
17	76477038	.	T	C	10	11	21	0	2	23	0	0
17	76481180	.	G	A	20	20	40	0	4	44	0	0
17	76481289	.	C	T	13	14	27	0	2	29	0	0
17	76481613	.	G	A	14	24	38	0	15	53	0	0
17	76486870	.	G	A	54	48	102	0	11	113	0	0
17	76487348	.	T	C	17	17	34	0	2	36	0	0
17	76488613	.	A	G	14	7	21	0	3	24	0	0
17	76490083	.	G	A	19	21	40	0	3	43	0	0
17	76490978	.	C	G	26	26	52	0	12	65	1	0
17	76491194	.	G	A	23	17	40	0	1	41	0	0
17	76491211	.	G	A	21	11	32	0	0	32	0	0
17	76496294	.	G	A	15	20	35	0	2	37	0	0
17	76496330	.	G	A	25	22	47	0	4	51	0	0
17	76497100	.	T	C	16	7	23	0	0	23	0	0
17	76497920	.	C	A	26	29	55	0	2	57	0	0
17	76498393	.	A	G	101	68	169	0	13	183	1	0
17	76498844	.	A	G	24	23	47	0	5	52	0	0
17	76501653	.	C	T	11	9	20	0	2	22	0	0
17	76510704	.	G	A	15	10	25	0	1	26	0	0
17	76525475	.	T	G	38	43	81	0	8	89	0	0
17	76525565	.	A	G	65	73	138	0	9	148	0	1
17	76525647	.	G	A	67	88	155	0	14	169	0	0
17	76525805	.	C	G	29	40	69	0	8	77	0	0
17	76525901	.	T	C	9	18	27	0	3	30	0	0
17	76526299	.	G	A	10	14	24	0	3	27	0	0
17	76528591	.	C	T	13	8	21	0	2	23	0	0
17	76528790	.	A	G	29	26	55	0	2	57	0	0
17	76528831	.	G	A	27	25	52	0	2	54	0	0
17	76549032	.	A	C	24	14	38	0	1	39	0	0
17	76554114	.	A	G	14	15	29	0	1	30	0	0
17	76556982	.	T	C	54	27	81	0	3	84	0	0
17	76567910	.	G	A	6	16	22	0	1	23	0	0
17	76568763	.	A	C	24	15	39	0	2	41	0	0
17	76670233	.	C	G	64	32	96	0	3	99	0	0
17	76676126	.	G	A	13	20	33	0	3	37	0	1
17	76694269	.	A	G	16	13	29	0	3	32	0	0
17	76694293	.	A	G	20	21	41	0	2	43	0	0
17	76697803	.	T	C	32	30	62	0	2	64	0	0
17	76795695	.	C	T	13	17	30	0	2	32	0	0
17	76802174	.	G	A	22	29	51	0	3	54	0	0
17	76817121	.	G	A	17	18	35	0	2	37	0	0
17	76825016	.	G	A	20	27	47	0	0	47	0	0
17	76831414	.	G	A	78	59	137	0	9	146	0	0
17	76867185	.	G	T	9	12	21	0	2	23	0	0
17	76886569	.	T	C	13	17	30	0	1	31	0	0
17	76886570	.	G	A	13	17	30	0	0	30	0	0
17	76888041	.	T	C	31	35	66	0	9	75	0	0
17	77040128	.	T	C	51	43	94	0	8	102	0	0
17	77042718	.	C	T	19	21	40	0	8	48	0	0
17	77073566	.	G	A	36	38	74	0	6	81	0	1
17	77074013	.	G	T	8	13	21	0	3	24	0	0
17	77076440	.	G	T	38	29	67	0	6	73	0	0
17	77077170	.	A	G	18	10	28	0	0	28	0	0
17	77078109	.	A	G	65	58	123	0	5	129	0	1
17	77078226	.	G	A	37	34	71	0	3	74	0	0
17	77078698	.	G	C	22	20	42	0	1	43	0	0
17	77078838	.	A	G	79	55	134	0	9	143	0	0
17	77078871	.	C	A	57	56	113	0	5	118	0	0
17	77078955	.	T	C	49	29	78	0	3	81	0	0
17	77078965	.	T	G	48	29	77	0	2	79	0	0
17	77079326	.	G	A	14	8	22	0	1	23	0	0
17	77079430	.	A	G	16	7	23	0	4	27	0	0
17	77079576	.	A	G	48	35	83	0	8	91	0	0
17	77079854	.	A	G	56	41	97	0	4	101	0	0
17	77080169	.	A	G	17	16	33	0	2	35	0	0
17	77080471	.	C	T	15	13	28	0	2	30	0	0
17	77080554	.	T	A	26	20	46	0	4	50	0	0
17	77081200	.	A	C	15	5	20	0	2	22	0	0
17	77081222	.	C	T	14	9	23	0	1	24	0	0
17	77081388	.	G	A	17	34	51	0	6	57	0	0
17	77082390	.	G	A	47	43	90	0	2	92	0	0
17	77086806	.	A	G	20	8	28	0	4	32	0	0
17	77093026	.	T	C	22	21	43	0	4	48	0	1
17	77102901	.	G	A	104	99	203	0	27	230	0	0
17	77679698	.	C	T	31	45	76	0	8	84	0	0
17	77679838	.	G	A	11	15	26	0	10	36	0	0
17	77679861	.	A	G	10	17	27	0	3	30	0	0
17	77704912	.	T	C	53	48	101	0	11	112	0	0
17	77708793	.	G	C	19	11	30	0	1	31	0	0
17	77711264	.	C	T	16	17	33	0	4	37	0	0
17	77711269	.	G	A	17	22	39	0	2	41	0	0
17	77711689	.	C	T	30	35	65	0	2	67	0	0
17	77757819	.	C	A	23	14	37	0	2	39	0	0
17	77922612	.	C	T	24	16	40	0	3	43	0	0
17	77924776	.	C	T	18	16	34	0	5	39	0	0
17	77926297	.	T	C	13	15	28	0	3	31	0	0
17	77926491	.	G	A	42	38	80	0	6	86	0	0
17	77983885	.	G	T	10	18	28	0	2	30	0	0
17	77983967	.	A	G	30	24	54	0	5	59	0	0
17	77983988	.	G	A	32	35	67	0	7	74	0	0
17	77984008	.	C	T	39	41	80	0	8	88	0	0
17	77984252	.	C	T	46	43	89	0	7	96	0	0
17	78013697	.	G	A	23	12	35	0	0	35	0	0
17	78021037	.	A	G	21	18	39	0	0	39	0	0
17	78021214	.	T	C	14	9	23	0	2	25	0	0
17	78021260	.	T	C	10	13	23	0	0	23	0	0
17	78022605	.	G	A	31	24	55	0	0	55	0	0
17	78023614	.	G	A	20	15	35	0	2	38	0	1
17	78024054	.	C	T	22	19	41	0	2	43	0	0
17	78039309	.	G	T	25	23	48	0	3	51	0	0
17	78039713	.	T	C	13	7	20	0	1	21	0	0
17	78039850	.	A	T	24	26	50	0	3	53	0	0
17	78039902	.	T	C	30	21	51	0	3	54	0	0
17	78040098	.	T	A	11	9	20	0	0	20	0	0
17	78041266	.	T	A	17	20	37	0	2	39	0	0
17	78041296	.	T	C	24	24	48	0	1	49	0	0
17	78041522	.	T	G	23	23	46	0	7	53	0	0
17	78055758	.	T	G	24	16	40	0	1	42	0	1
17	78058432	.	G	A	23	28	51	0	2	53	0	0
17	78061979	.	A	C	13	16	29	0	2	31	0	0
17	78063957	.	A	G	36	22	58	4	2	64	0	0
17	78063964	.	A	G	35	19	54	4	7	65	0	0
17	78063966	.	A	G	33	20	53	6	6	65	0	0
17	78063996	.	A	G	24	8	32	9	4	45	0	0
17	78068948	.	C	T	21	17	38	0	3	41	0	0
17	78069324	.	C	A	15	23	38	0	1	39	0	0
17	78071247	.	A	G	26	25	51	0	3	54	0	0
17	78071327	.	C	A	19	20	39	0	2	41	0	0
17	78073355	.	A	G	32	15	47	0	6	53	0	0
17	78073562	.	A	G	25	20	45	0	5	50	0	0
17	78073589	.	T	C	31	20	51	0	3	54	0	0
17	78073723	.	T	C	10	11	21	0	0	22	0	1
17	78079481	.	C	G	18	17	35	0	4	39	0	0
17	78079509	.	T	G	18	25	43	0	3	46	0	0
17	78079544	.	C	G	21	28	49	0	0	49	0	0
17	78079597	.	A	G	23	33	56	0	4	60	0	0
17	78079669	.	G	A	44	27	71	0	8	79	0	0
17	78079837	.	A	G	11	13	24	0	3	27	0	0
17	78081278	.	C	T	8	17	25	0	4	29	0	0
17	78081551	.	T	C	28	27	55	0	6	61	0	0
17	78081707	.	G	A	13	9	22	0	3	27	1	1
17	78082005	.	C	T	25	28	53	0	2	56	0	1
17	78082504	.	G	A	24	30	54	0	1	56	0	1
17	78082759	.	G	A	11	15	26	0	0	26	0	0
17	78083565	.	G	A	30	25	55	0	7	62	0	0
17	78084418	.	G	A	20	20	40	0	3	43	0	0
17	78084507	.	G	C	44	43	87	0	2	90	0	1
17	78084688	.	C	A	36	29	65	0	10	76	1	0
17	78084769	.	G	A	22	32	54	0	4	58	0	0
17	78084867	.	G	T	13	10	23	0	0	23	0	0
17	78086043	.	C	T	13	13	26	0	1	27	0	0
17	78090932	.	T	C	32	27	59	0	3	62	0	0
17	78091513	.	G	A	13	20	33	0	0	33	0	0
17	78092063	.	G	A	24	28	52	0	4	56	0	0
17	78092381	.	G	C	43	41	84	0	4	88	0	0
17	78092585	.	C	T	26	22	48	0	3	51	0	0
17	78092844	.	C	T	23	24	47	0	3	50	0	0
17	78093133	.	G	A	75	99	174	0	14	188	0	0
17	78111909	.	T	G	39	35	74	0	1	75	0	0
17	78113832	.	G	A	23	18	41	0	2	43	0	0
17	78117841	.	G	A	37	32	69	0	6	75	0	0
17	78155182	.	A	C	19	13	32	0	1	33	0	0
17	78169636	.	G	A	9	16	25	0	0	25	0	0
17	78172292	.	G	A	49	49	98	0	3	101	0	0
17	78175483	.	T	C	21	27	48	0	15	63	0	0
17	78177695	.	A	C	32	20	52	0	4	56	0	0
17	78177805	.	C	G	23	13	36	0	3	39	0	0
17	78178916	.	C	T	63	69	132	0	13	145	0	0
17	78180587	.	A	G	13	24	37	0	0	37	0	0
17	78180618	.	A	C	26	38	64	0	0	64	0	0
17	78182014	.	G	A	60	50	110	0	5	115	0	0
17	78186077	.	T	C	20	13	33	0	4	37	0	0
17	78187954	.	A	G	15	25	40	0	5	46	0	1
17	78199567	.	G	A	19	17	36	0	4	40	0	0
17	78199722	.	C	T	35	34	69	0	5	74	0	0
17	78199777	.	G	A	17	23	40	0	4	44	0	0
17	78201686	.	C	T	55	64	119	0	6	125	0	0
17	78210569	.	A	T	10	14	24	0	0	24	0	0
17	78215587	.	C	T	17	17	34	0	3	37	0	0
17	78219065	.	C	A	41	36	77	0	3	80	0	0
17	78219733	.	A	G	11	10	21	0	3	25	0	1
17	78219908	.	T	C	47	31	78	0	5	83	0	0
17	78220083	.	G	A	26	22	48	0	3	51	0	0
17	78221850	.	A	G	24	25	49	0	1	50	0	0
17	78222064	.	T	G	40	27	67	0	6	74	0	1
17	78222594	.	A	G	22	24	46	0	3	49	0	0
17	78222661	.	C	T	16	18	34	0	2	36	0	0
17	78261805	.	A	G	10	13	23	0	0	24	0	1
17	78262161	.	T	C	29	22	51	0	3	56	0	2
17	78263429	.	C	G	14	10	24	0	10	34	0	0
17	78263486	.	T	C	16	18	34	0	3	37	0	0
17	78263514	.	G	A	17	17	34	0	2	36	0	0
17	78264181	.	C	T	20	11	31	0	2	33	0	0
17	78264231	.	C	G	18	13	31	0	2	33	0	0
17	78264298	.	G	A	34	38	72	0	2	74	0	0
17	78264436	.	A	G	43	33	76	0	2	78	0	0
17	78265659	.	C	T	23	20	43	0	3	46	0	0
17	78265667	.	T	C	21	18	39	0	3	42	0	0
17	78268496	.	C	G	31	28	59	0	0	59	0	0
17	78269111	.	T	C	10	10	20	0	2	22	0	0
17	78290883	.	C	G	28	18	46	0	6	53	0	1
17	78292877	.	G	C	13	8	21	0	1	22	0	0
17	78292945	.	G	A	25	20	45	0	0	45	0	0
17	78311647	.	G	A	47	26	73	0	6	79	0	0
17	78348338	.	G	A	61	53	114	0	6	120	0	0
17	78396251	.	T	C	12	8	20	0	0	20	0	0
17	78406817	.	C	A	22	12	34	0	1	35	0	0
17	78407030	.	A	G	29	17	46	0	2	48	0	0
17	78410034	.	G	A	17	27	44	41	12	97	0	0
17	78445702	.	A	G	32	40	72	0	6	78	0	0
17	78446932	.	C	A	17	16	33	0	1	34	0	0
17	78599562	.	C	G	24	26	50	0	3	53	0	0
17	78700833	.	C	T	38	49	87	0	4	91	0	0
17	78700939	.	T	C	67	60	127	0	14	141	0	0
17	78701117	.	C	T	82	49	131	0	4	135	0	0
17	78701234	.	C	T	63	60	123	0	8	131	0	0
17	78820195	.	G	A	17	18	35	0	7	42	0	0
17	78820212	.	G	A	17	21	38	0	6	44	0	0
17	78820329	.	C	T	34	25	59	0	6	65	0	0
17	78829069	.	C	A	27	23	50	0	2	52	0	0
17	78829484	.	T	G	9	18	27	0	2	30	0	1
17	78831549	.	T	C	14	11	25	0	3	28	0	0
17	78854376	.	C	T	11	10	21	0	0	21	0	0
17	78858816	.	C	T	69	52	121	0	8	129	0	0
17	78858990	.	T	C	26	26	52	0	2	54	0	0
17	78865491	.	C	G	33	32	65	0	2	67	0	0
17	78882424	.	G	A	28	23	51	0	1	52	0	0
17	78882840	.	A	G	10	11	21	0	1	22	0	0
17	78896637	.	G	A	13	17	30	0	1	31	0	0
17	78897084	.	C	T	27	21	48	0	6	54	0	0
17	78897117	.	C	T	32	36	68	1	6	75	0	0
17	78897734	.	G	A	15	7	22	0	3	25	0	0
17	78919387	.	G	A	15	15	30	0	4	34	0	0
17	78919558	.	C	T	24	25	49	0	4	53	0	0
17	78923126	.	T	G	24	14	38	0	3	41	0	0
17	78931414	.	A	G	20	40	60	0	2	62	0	0
17	78934034	.	G	C	49	42	91	0	2	93	0	0
17	78934088	.	G	A	30	30	60	0	5	65	0	0
17	78934140	.	G	A	12	16	28	0	2	30	0	0
17	78936705	.	C	T	22	15	37	0	2	39	0	0
17	78950448	.	C	A	36	14	50	0	0	50	0	0
17	78969590	.	T	C	23	25	48	0	1	49	0	0
17	78972141	.	T	C	56	30	86	0	5	91	0	0
17	79004616	.	C	T	11	15	26	0	6	33	0	1
17	79004973	.	C	T	39	30	69	0	3	72	0	0
17	79005030	.	C	T	40	31	71	0	8	81	1	1
17	79009030	.	T	G	16	7	23	0	0	23	0	0
17	79027601	.	C	T	20	9	29	3	0	32	0	0
17	79031825	.	G	A	12	24	36	0	1	37	0	0
17	79059230	.	C	T	71	58	129	0	15	144	0	0
17	79060180	.	C	T	43	35	78	0	4	83	0	1
17	79077957	.	T	C	19	20	39	0	3	42	0	0
17	79077980	.	A	C	11	16	27	0	4	31	0	0
17	79082862	.	G	A	17	15	32	0	2	34	0	0
17	79084072	.	T	G	45	27	72	0	3	75	0	0
17	79084250	.	T	A	40	24	64	0	2	66	0	0
17	79089428	.	A	C	11	19	30	0	3	33	0	0
17	79090198	.	C	T	17	23	40	0	3	43	0	0
17	79095144	.	G	A	22	21	43	0	3	46	0	0
17	79104762	.	C	T	47	37	84	0	5	89	0	0
17	79106575	.	C	T	15	17	32	0	1	33	0	0
17	79108318	.	T	C	38	21	59	0	7	66	0	0
17	79140752	.	C	T	13	13	26	0	5	31	0	0
17	79152798	.	G	A	44	35	79	0	5	84	0	0
17	79155017	.	C	G	15	15	30	0	2	32	0	0
17	79164950	.	G	C	32	30	62	0	7	69	0	0
17	79166201	.	C	T	17	17	34	0	7	41	0	0
17	79166384	.	C	T	17	9	26	0	2	28	0	0
17	79169552	.	G	A	17	23	40	0	2	42	0	0
17	79169641	.	G	A	36	34	70	0	3	73	0	0
17	79169837	.	G	C	15	23	38	0	3	41	0	0
17	79170267	.	C	T	16	9	25	0	3	28	0	0
17	79170576	.	C	T	59	74	133	0	19	152	0	0
17	79170578	.	C	T	83	59	142	0	12	154	0	0
17	79171805	.	C	A	39	26	65	0	6	71	0	0
17	79193592	.	C	A	17	21	38	0	3	41	0	0
17	79193657	.	G	T	32	45	77	0	3	80	0	0
17	79193730	.	C	T	50	59	109	0	7	116	0	0
17	79193908	.	G	A	41	51	92	0	8	100	0	0
17	79194005	.	T	C	20	26	46	0	6	53	0	1
17	79205931	.	G	A	25	20	45	0	9	54	0	0
17	79207061	.	C	T	14	15	29	0	2	31	0	0
17	79210707	.	G	A	23	30	53	0	2	56	0	1
17	79214722	.	A	G	21	15	36	0	3	39	0	0
17	79219452	.	G	C	23	28	51	0	3	54	0	0
17	79219566	.	C	G	30	23	53	0	5	58	0	0
17	79224985	.	C	T	21	13	34	1	0	35	0	0
17	79225000	.	A	G	17	12	29	2	1	32	0	0
17	79225026	.	C	T	17	7	24	2	1	27	0	0
17	79225047	.	C	T	20	8	28	1	1	30	0	0
17	79225056	.	T	A	18	9	27	1	2	30	0	0
17	79225092	.	C	G	22	18	40	1	1	44	1	1
17	79225851	.	G	A	22	31	53	0	5	58	0	0
17	79227090	.	G	A	14	26	40	0	0	40	0	0
17	79227092	.	G	A	14	24	38	0	1	39	0	0
17	79234241	.	C	G	32	21	53	0	6	59	0	0
17	79257138	.	G	A	19	16	35	0	1	36	0	0
17	79278357	.	C	G	35	27	62	0	4	67	0	1
17	79278401	.	G	A	62	32	94	0	1	96	0	1
17	79278537	.	C	T	59	70	129	0	10	139	0	0
17	79287477	.	G	A	34	27	61	0	3	64	0	0
17	79287521	.	G	A	26	35	61	0	5	66	0	0
17	79288337	.	C	G	22	30	52	0	6	58	0	0
17	79375360	.	G	A	15	23	38	0	2	40	0	0
17	79389171	.	G	A	27	26	53	0	3	56	0	0
17	79389865	.	G	A	215	234	449	3	45	499	0	2
17	79390197	.	C	T	246	196	442	2	28	474	0	2
17	79390301	.	A	G	288	106	394	28	28	451	0	1
17	79390306	.	T	C	405	90	495	31	32	559	0	1
17	79390323	.	G	A	364	123	487	24	19	531	0	1
17	79390324	.	G	A	365	123	488	21	23	533	0	1
17	79390508	.	C	T	84	81	165	0	10	175	0	0
17	79433415	.	G	A	41	48	89	0	6	96	1	0
17	79477055	.	G	A	20	22	42	0	1	44	0	1
17	79477099	.	C	T	22	21	43	0	1	45	0	1
17	79477190	.	A	G	26	24	50	0	1	51	0	0
17	79477346	.	C	T	25	25	50	0	4	54	0	0
17	79477432	.	T	C	18	15	33	0	3	36	0	0
17	79477524	.	C	G	27	17	44	0	0	44	0	0
17	79477716	.	T	C	51	43	94	0	5	100	0	1
17	79477818	.	A	G	54	41	95	0	10	105	0	0
17	79477830	.	C	T	59	45	104	0	11	115	0	0
17	79477891	.	A	G	55	49	104	0	9	114	0	1
17	79478019	.	G	A	78	70	148	0	6	154	0	0
17	79478181	.	T	A	56	56	112	0	5	117	0	0
17	79478916	.	G	T	49	41	90	0	9	99	0	0
17	79479469	.	A	C	13	12	25	0	0	25	0	0
17	79495809	.	G	A	12	17	29	0	2	31	0	0
17	79497036	.	C	A	13	12	25	0	2	27	0	0
17	79498347	.	A	G	15	10	25	1	7	33	0	0
17	79508263	.	A	G	24	32	56	0	2	58	0	0
17	79508470	.	C	A	32	24	56	0	7	63	0	0
17	79508484	.	G	A	22	34	56	0	2	58	0	0
17	79510899	.	A	G	25	15	40	0	2	42	0	0
17	79511135	.	A	G	44	49	93	0	11	104	0	0
17	79514832	.	G	A	21	32	53	0	5	58	0	0
17	79516190	.	T	C	35	31	66	0	9	75	0	0
17	79516216	.	G	A	30	26	56	0	3	59	0	0
17	79526569	.	C	G	19	15	34	0	3	38	0	1
17	79532654	.	G	A	13	10	23	0	0	23	0	0
17	79534593	.	A	G	15	14	29	0	3	32	0	0
17	79536001	.	G	A	12	14	26	0	0	26	0	0
17	79567270	.	A	C	10	12	22	0	3	25	0	0
17	79567292	.	T	C	17	16	33	0	1	34	0	0
17	79589006	.	G	A	13	13	26	0	1	27	0	0
17	79589032	.	T	C	19	19	38	0	1	39	0	0
17	79589242	.	G	A	64	45	109	0	3	113	0	1
17	79589359	.	C	T	27	22	49	0	2	51	0	0
17	79609410	.	G	T	19	27	46	0	1	47	0	0
17	79609550	.	C	T	19	24	43	0	3	46	0	0
17	79612161	.	C	T	34	39	73	0	6	79	0	0
17	79612333	.	G	A	71	31	102	0	9	111	0	0
17	79612382	.	T	C	81	48	129	0	14	143	0	0
17	79612413	.	T	C	91	66	157	0	13	170	0	0
17	79612443	.	T	C	91	67	158	0	6	164	0	0
17	79618059	.	C	T	28	31	59	0	5	64	0	0
17	79618252	.	G	A	20	18	38	0	3	41	0	0
17	79618844	.	G	A	20	14	34	0	10	44	0	0
17	79634774	.	A	T	37	27	64	0	3	68	0	1
17	79634813	.	T	C	25	19	44	0	1	46	0	1
17	79637367	.	C	G	17	14	31	0	1	32	0	0
17	79638805	.	C	T	61	42	103	0	3	106	0	0
17	79639198	.	C	T	26	29	55	0	4	59	0	0
17	79650181	.	A	G	29	37	66	0	1	67	0	0
17	79657136	.	G	C	23	31	54	0	4	58	0	0
17	79660950	.	G	T	17	21	38	0	4	42	0	0
17	79663741	.	C	T	41	40	81	0	10	91	0	0
17	79663931	.	T	C	28	23	51	0	6	57	0	0
17	79668226	.	A	G	19	25	44	0	5	49	0	0
17	79682558	.	T	C	48	29	77	0	3	81	0	1
17	79682650	.	G	A	21	22	43	0	4	47	0	0
17	79682677	.	C	T	25	22	47	0	4	51	0	0
17	79683698	.	T	C	23	27	50	0	5	55	0	0
17	79791597	.	A	G	20	24	44	0	5	49	0	0
17	79804721	.	A	G	24	17	41	0	2	45	0	2
17	79817106	.	G	A	25	29	54	0	4	58	0	0
17	79852274	.	G	A	30	29	59	0	7	66	0	0
17	79857221	.	T	G	32	28	60	0	3	63	0	0
17	79862824	.	A	G	42	42	84	0	4	88	0	0
17	79864274	.	C	G	18	13	31	0	1	32	0	0
17	79866423	.	A	G	19	10	29	0	4	33	0	0
17	79868804	.	G	C	20	34	54	0	9	63	0	0
17	79870236	.	T	C	38	37	75	0	3	78	0	0
17	79871981	.	A	G	30	30	60	0	5	65	0	0
17	79873470	.	A	G	11	14	25	0	1	26	0	0
17	79892062	.	G	A	7	16	23	0	0	23	0	0
17	79892586	.	A	G	26	20	46	0	4	50	0	0
17	79892994	.	C	T	23	27	50	0	5	55	0	0
17	79893962	.	G	A	28	46	74	0	4	78	0	0
17	79898644	.	G	A	34	30	64	0	4	68	0	0
17	79899495	.	G	A	29	32	61	0	1	63	0	1
17	79899698	.	G	A	26	27	53	0	6	59	0	0
17	79912103	.	C	T	31	43	74	0	2	76	0	0
17	79914661	.	T	C	32	25	57	0	6	63	0	0
17	79915035	.	C	T	21	16	37	0	4	41	0	0
17	79915629	.	A	G	17	12	29	0	4	33	0	0
17	79915647	.	A	G	19	16	35	0	4	39	0	0
17	79915863	.	A	G	8	13	21	0	2	23	0	0
17	79954544	.	T	A	33	33	66	0	2	68	0	0
17	79967486	.	G	C	43	18	61	3	10	74	0	0
17	79972901	.	C	T	21	33	54	0	1	55	0	0
17	79974731	.	T	C	61	58	119	0	3	123	0	1
17	79994019	.	A	G	32	22	54	0	3	57	0	0
17	79994026	.	G	A	27	22	49	0	4	53	0	0
17	79994600	.	C	T	36	33	69	0	3	72	0	0
17	80006783	.	C	G	62	15	77	2	19	98	0	0
17	80006812	.	C	T	49	39	88	3	24	115	0	0
17	80006957	.	A	C	86	90	176	0	5	182	0	1
17	80007004	.	G	C	68	76	144	0	11	156	0	1
17	80007050	.	G	C	31	41	72	0	36	108	0	0
17	80007887	.	A	G	46	50	96	0	2	98	0	0
17	80007897	.	G	T	46	47	93	0	5	98	0	0
17	80008018	.	A	G	13	16	29	0	2	31	0	0
17	80008392	.	G	T	51	46	97	0	4	101	0	0
17	80019794	.	C	T	27	20	47	0	2	49	0	0
17	80020812	.	C	T	26	24	50	0	4	54	0	0
17	80037058	.	G	A	38	47	85	0	1	86	0	0
17	80041397	.	C	T	33	31	64	0	4	68	0	0
17	80042369	.	C	T	32	30	62	0	4	66	0	0
17	80042633	.	G	A	45	38	83	0	7	91	0	1
17	80043349	.	C	T	25	14	39	0	2	41	0	0
17	80045924	.	G	A	23	32	55	0	3	58	0	0
17	80050804	.	G	A	21	11	32	0	3	35	0	0
17	80059596	.	T	C	23	25	48	0	2	50	0	0
17	80059758	.	G	A	31	23	54	0	1	55	0	0
17	80065295	.	C	T	25	28	53	0	11	64	0	0
17	80065619	.	T	C	12	11	23	0	1	24	0	0
17	80071244	.	T	C	21	28	49	0	6	55	0	0
17	80085144	.	G	C	17	18	35	0	1	36	0	0
17	80085210	.	A	G	29	22	51	0	3	54	0	0
17	80085246	.	C	T	38	10	48	0	3	51	0	0
17	80085283	.	C	T	52	24	76	0	2	78	0	0
17	80085326	.	G	A	52	39	91	0	5	96	0	0
17	80085341	.	A	G	55	41	96	0	5	101	0	0
17	80085433	.	C	T	23	22	45	0	2	47	0	0
17	80085633	.	A	G	16	27	43	0	4	47	0	0
17	80085703	.	G	T	24	28	52	0	6	58	0	0
17	80085916	.	C	T	15	15	30	0	0	30	0	0
17	80086386	.	C	T	60	35	95	0	10	105	0	0
17	80086395	.	T	C	61	39	100	0	3	103	0	0
17	80086547	.	C	T	30	33	63	0	2	65	0	0
17	80086597	.	C	T	18	24	42	0	4	46	0	0
17	80091790	.	G	T	26	10	36	0	0	36	0	0
17	80091941	.	G	A	41	34	75	0	1	76	0	0
17	80103737	.	T	C	44	56	100	0	5	105	0	0
17	80109326	.	T	C	13	11	24	1	3	29	0	1
17	80115399	.	A	G	19	22	41	0	2	43	0	0
17	80115447	.	G	A	25	30	55	0	3	58	0	0
17	80121275	.	A	G	21	15	36	0	1	37	0	0
17	80136418	.	C	T	46	51	97	0	6	103	0	0
17	80151501	.	A	G	23	35	58	0	6	65	0	1
17	80151805	.	T	C	21	17	38	0	3	41	0	0
17	80151881	.	G	A	19	13	32	0	3	35	0	0
17	80153294	.	C	T	12	10	22	0	1	23	0	0
17	80159283	.	C	A	17	11	28	0	0	28	0	0
17	80159796	.	C	T	17	8	25	0	3	28	0	0
17	80193882	.	G	A	49	36	85	0	2	87	0	0
17	80194777	.	G	A	21	14	35	0	1	36	0	0
17	80207992	.	A	G	29	18	47	0	7	54	0	0
17	80208209	.	G	A	9	12	21	0	2	23	0	0
17	80218800	.	G	A	31	22	53	0	4	57	0	0
17	80273407	.	G	C	27	17	44	0	3	47	0	0
17	80275253	.	T	C	8	12	20	0	3	23	0	0
17	80276261	.	G	A	90	72	162	2	25	191	0	2
17	80276274	.	T	C	85	94	179	2	21	204	0	2
17	80276673	.	G	A	94	104	198	2	25	225	0	0
17	80277044	.	G	A	105	103	208	0	36	244	0	0
17	80277252	.	G	A	107	121	228	0	32	260	0	0
17	80280940	.	T	C	11	10	21	0	1	22	0	0
17	80282566	.	C	T	33	25	58	0	2	60	0	0
17	80377690	.	T	G	24	22	46	0	2	48	0	0
17	80391684	.	A	G	34	28	62	0	4	67	0	1
17	80394923	.	C	G	20	28	48	0	4	52	0	0
17	80397484	.	A	G	77	62	139	0	13	152	0	0
17	80399923	.	G	A	40	35	75	0	1	78	0	2
17	80401576	.	G	T	66	80	146	0	5	151	0	0
17	80401650	.	C	T	46	52	98	17	6	122	0	1
17	80402041	.	G	A	38	40	78	0	7	85	0	0
17	80402045	.	T	C	37	36	73	0	5	78	0	0
17	80402490	.	C	T	18	19	37	0	1	38	0	0
17	80403894	.	G	A	12	23	35	0	4	39	0	0
17	80404416	.	C	T	50	38	88	0	5	93	0	0
17	80404722	.	C	A	22	21	43	0	4	47	0	0
17	80405552	.	T	C	29	14	43	0	4	47	0	0
17	80417718	.	C	T	16	19	35	0	0	35	0	0
17	80442647	.	G	A	98	95	193	0	3	197	0	1
17	80442722	.	T	C	92	97	189	0	5	194	0	0
17	80442953	.	T	G	71	63	134	0	2	136	0	0
17	80443309	.	G	A	11	23	34	0	2	36	0	0
17	80521135	.	T	C	29	29	58	0	1	59	0	0
17	80529495	.	G	A	15	9	24	0	1	25	0	0
17	80532116	.	T	C	19	15	34	0	3	37	0	0
17	80532170	.	T	C	11	9	20	0	5	25	0	0
17	80534539	.	G	A	11	12	23	0	3	26	0	0
17	80542101	.	C	T	29	23	52	0	2	54	0	0
17	80544855	.	T	C	11	18	29	0	0	29	0	0
17	80558978	.	G	A	9	14	23	0	6	29	0	0
17	80559266	.	A	C	27	24	51	0	7	58	0	0
17	80560842	.	A	C	34	24	58	0	0	59	0	1
17	80573685	.	C	G	31	23	54	0	7	61	0	0
17	80575102	.	C	T	23	26	49	0	6	55	0	0
17	80615643	.	G	A	15	12	27	0	1	28	0	0
17	80622286	.	G	A	19	16	35	0	7	42	0	0
17	80622290	.	A	G	21	18	39	0	4	43	0	0
17	80622483	.	G	T	24	29	53	0	7	62	0	2
17	80680449	.	G	T	11	9	20	0	3	23	0	0
17	80680494	.	A	G	18	16	34	0	2	36	0	0
17	80684245	.	C	G	28	26	54	0	2	56	0	0
17	80684909	.	C	T	36	42	78	0	3	82	0	1
17	80696133	.	A	G	12	18	30	0	4	34	0	0
17	80699093	.	A	G	15	20	35	0	0	37	0	2
17	80706928	.	G	A	26	27	53	0	5	58	0	0
17	80759327	.	C	T	21	18	39	1	4	45	0	1
17	80759541	.	G	C	21	12	33	4	20	57	0	0
17	80759568	.	C	T	9	18	27	4	13	44	0	0
17	80759801	.	C	T	36	37	73	0	16	94	0	5
17	80759836	.	A	G	26	30	56	0	8	69	0	5
17	80759915	.	C	T	18	20	38	0	2	40	0	0
17	80759933	.	C	T	16	18	34	0	3	37	0	0
17	80765322	.	C	A	11	12	23	0	1	24	0	0
17	80786587	.	G	A	31	22	53	0	2	55	0	0
17	80786641	.	C	T	22	15	37	0	1	38	0	0
17	80788465	.	T	C	48	44	92	1	6	100	0	1
17	80788492	.	A	G	54	53	107	1	3	111	0	0
17	80789628	.	T	C	41	31	72	0	6	79	0	1
17	80790054	.	T	C	60	63	123	0	3	126	0	0
17	80790388	.	G	A	63	47	110	0	6	116	0	0
17	80827903	.	C	T	25	34	59	0	3	62	0	0
17	80828057	.	G	A	77	85	162	0	10	172	0	0
17	80847384	.	G	A	32	32	64	0	1	65	0	0
17	80850971	.	C	T	18	20	38	0	1	39	0	0
17	80851100	.	T	C	43	43	86	0	3	89	0	0
17	80851107	.	C	T	42	40	82	0	4	86	0	0
17	80861377	.	C	T	18	29	47	0	2	49	0	0
17	80863658	.	C	T	14	7	21	20	0	41	0	0
17	80863686	.	C	A	24	7	31	15	6	52	0	0
17	80865526	.	G	A	19	24	43	0	3	46	0	0
17	80866427	.	G	T	6	17	23	0	1	24	0	0
17	80867281	.	C	A	21	14	35	1	4	40	0	0
17	80867333	.	C	T	17	10	27	1	3	31	0	0
17	80869501	.	A	G	10	15	25	0	0	25	0	0
17	80869775	.	T	C	17	13	30	0	5	35	0	0
17	80878608	.	A	G	16	10	26	0	0	26	0	0
17	80881450	.	G	C	17	15	32	0	2	35	0	1
17	80881720	.	C	T	13	17	30	0	3	33	0	0
17	80884247	.	T	C	31	25	56	0	1	57	0	0
17	80884858	.	G	A	20	13	33	0	3	36	0	0
17	80886748	.	G	A	33	28	61	0	3	64	0	0
17	80887206	.	A	G	57	44	101	0	10	112	0	1
17	80888248	.	G	A	12	8	20	0	2	22	0	0
17	80888472	.	C	T	46	50	96	0	4	100	0	0
17	80890638	.	T	C	42	27	69	0	0	69	0	0
17	80914429	.	C	T	26	19	45	0	0	45	0	0
17	80923432	.	T	C	11	16	27	0	4	31	0	0
17	80963572	.	C	T	26	22	48	0	2	50	0	0
17	81006629	.	C	T	31	31	62	0	4	66	0	0
17	81042757	.	C	T	65	51	116	0	13	129	0	0
17	81043039	.	A	G	83	60	143	0	7	150	0	0
17	81180259	.	C	G	18	6	24	6	0	34	4	0
17	81180323	.	G	C	20	4	24	8	0	32	0	0
17	81180336	.	A	T	18	5	23	9	0	32	0	0
17	81180342	.	T	A	18	5	23	10	0	33	0	0
18	47554	.	G	A	64	66	130	28	8	166	0	0
18	49125	.	G	T	53	16	69	8	9	86	0	0
18	49490	.	T	C	45	16	61	4	6	71	0	0
18	49583	.	C	G	87	33	120	12	8	140	0	0
18	49588	.	G	A	88	39	127	12	8	147	0	0
18	49591	.	C	T	86	40	126	12	9	147	0	0
18	49769	.	T	G	84	11	95	6	4	105	0	0
18	73090	.	C	T	12	10	22	0	1	23	0	0
18	73271	.	T	C	24	6	30	0	3	33	0	0
18	73323	.	T	C	12	19	31	0	3	34	0	0
18	75718	.	C	G	17	5	22	2	3	27	0	0
18	75857	.	C	T	15	5	20	1	3	24	0	0
18	84200	.	C	A	44	49	93	0	8	101	0	0
18	107892	.	G	C	9	20	29	13	0	43	0	1
18	107984	.	A	C	16	5	21	29	1	52	1	0
18	108052	.	A	C	20	20	40	43	0	85	2	0
18	108058	.	G	C	26	21	47	43	1	95	4	0
18	108059	.	G	A	27	24	51	43	1	96	1	0
18	108075	.	C	A	35	53	88	54	2	144	0	0
18	108090	.	A	T	37	66	103	62	3	170	2	0
18	108106	.	G	T	93	30	123	70	3	201	4	1
18	108116	.	T	G	55	75	130	78	6	216	1	1
18	108128	.	C	A	44	76	120	75	4	204	4	1
18	108131	.	T	C	48	68	116	74	1	200	8	1
18	108165	.	G	T	41	74	115	80	0	197	1	1
18	108232	.	C	A	80	46	126	62	5	194	0	1
18	108260	.	G	T	64	38	102	64	1	170	2	1
18	108379	.	C	A	13	9	22	31	1	55	0	1
18	108399	.	G	T	35	9	44	40	0	90	0	6
18	108400	.	C	A	32	12	44	39	1	91	1	6
18	108457	.	C	A	57	29	86	51	2	147	2	6
18	108459	.	T	C	58	30	88	51	2	147	0	6
18	108505	.	G	A	11	45	56	39	1	99	2	1
18	108515	.	T	C	40	18	58	43	1	103	1	0
18	108535	.	G	A	35	12	47	42	1	93	3	0
18	108542	.	G	A	32	13	45	48	2	95	0	0
18	110425	.	G	T	38	17	55	18	0	76	2	1
18	110717	.	G	T	26	7	33	19	0	52	0	0
18	118580	.	T	C	13	13	26	48	0	74	0	0
18	120645	.	C	T	36	26	62	8	2	72	0	0
18	196829	.	G	A	15	16	31	0	0	31	0	0
18	203081	.	A	C	20	18	38	0	1	39	0	0
18	210044	.	C	T	46	45	91	0	1	92	0	0
18	210453	.	T	C	26	30	56	0	2	58	0	0
18	214950	.	C	T	30	22	52	0	5	57	0	0
18	216332	.	A	G	19	24	43	0	3	47	1	0
18	219008	.	T	C	18	8	26	2	1	29	0	0
18	223309	.	G	T	15	14	29	0	3	32	0	0
18	223885	.	G	A	13	17	30	0	1	31	0	0
18	223974	.	G	A	27	18	45	0	1	46	0	0
18	224184	.	C	G	60	57	117	0	2	120	1	0
18	224854	.	C	T	14	13	27	0	2	29	0	0
18	225027	.	G	A	30	24	54	0	1	56	0	1
18	226664	.	A	G	29	11	40	0	0	40	0	0
18	226672	.	G	A	30	12	42	0	0	42	0	0
18	264012	.	G	A	16	15	31	0	2	33	0	0
18	332814	.	T	C	8	13	21	0	0	21	0	0
18	334742	.	C	T	37	20	57	0	3	61	0	1
18	357570	.	T	C	18	22	40	0	0	40	0	0
18	581123	.	T	C	22	22	44	0	5	49	0	0
18	581446	.	A	T	51	50	101	0	2	103	0	0
18	649759	.	T	C	25	15	40	0	0	40	0	0
18	658423	.	A	G	19	10	29	0	3	32	0	0
18	659829	.	A	G	11	22	33	0	0	33	0	0
18	659871	.	A	G	11	12	23	0	0	23	0	0
18	662103	.	G	A	47	44	91	0	4	95	0	0
18	662370	.	T	C	16	15	31	0	2	33	0	0
18	670414	.	C	T	11	11	22	0	0	22	0	0
18	670541	.	A	G	45	19	64	0	2	66	0	0
18	671520	.	C	T	33	22	55	0	0	55	0	0
18	671648	.	A	T	16	6	22	0	1	23	0	0
18	673016	.	C	T	14	23	37	0	1	38	0	0
18	674440	.	A	C	30	33	63	0	6	69	0	0
18	675272	.	C	T	18	17	35	0	1	36	0	0
18	677302	.	G	A	12	15	27	0	0	27	0	0
18	677621	.	T	G	11	14	25	0	0	25	0	0
18	685797	.	C	T	15	25	40	0	2	43	0	1
18	688428	.	G	A	12	14	26	0	0	26	0	0
18	688463	.	G	T	13	21	34	0	2	36	0	0
18	690436	.	C	T	38	34	72	0	2	74	0	0
18	690810	.	C	T	16	15	31	0	2	33	0	0
18	691173	.	G	A	42	34	76	0	1	77	0	0
18	691266	.	A	G	15	29	44	0	3	47	0	0
18	693767	.	C	T	21	21	42	0	1	43	0	0
18	693828	.	A	C	29	39	68	0	1	69	0	0
18	694049	.	C	T	18	14	32	0	0	32	0	0
18	694206	.	A	G	31	19	50	0	4	54	0	0
18	706558	.	C	T	31	19	50	0	3	53	0	0
18	706589	.	A	G	26	18	44	0	0	44	0	0
18	712356	.	G	T	14	15	29	3	9	41	0	0
18	712554	.	G	A	19	22	41	0	3	44	0	0
18	712568	.	G	A	20	16	36	0	3	39	0	0
18	722118	.	A	G	48	45	93	0	1	94	0	0
18	742858	.	C	T	26	14	40	0	0	40	0	0
18	743226	.	A	G	45	49	94	0	4	99	0	1
18	743436	.	T	C	39	36	75	0	1	76	0	0
18	745884	.	A	C	48	43	91	0	2	93	0	0
18	747825	.	A	G	13	9	22	0	1	23	0	0
18	832217	.	C	T	14	10	24	0	3	27	0	0
18	832220	.	C	T	13	10	23	0	4	27	0	0
18	832355	.	T	C	32	23	55	0	1	57	0	1
18	832484	.	G	C	14	21	35	0	2	37	0	0
18	832521	.	C	A	15	13	28	0	1	29	0	0
18	832539	.	A	C	16	11	27	0	1	28	0	0
18	856645	.	C	T	12	26	38	0	4	42	0	0
18	907521	.	A	G	11	11	22	0	3	25	0	0
18	907564	.	C	A	11	17	28	0	3	31	0	0
18	907566	.	T	C	11	19	30	0	3	33	0	0
18	909561	.	A	G	35	39	74	0	5	79	0	0
18	1363606	.	A	G	17	14	31	1	0	32	0	0
18	2538905	.	T	C	14	13	27	0	1	28	0	0
18	2554807	.	T	G	41	44	85	0	4	89	0	0
18	2554836	.	A	G	43	39	82	0	2	84	0	0
18	2555002	.	C	T	21	19	40	0	3	43	0	0
18	2555005	.	C	T	19	18	37	0	3	40	0	0
18	2555008	.	T	G	20	16	36	0	3	39	0	0
18	2577587	.	A	G	28	17	45	0	1	46	0	0
18	2578157	.	T	C	25	13	38	0	0	39	0	1
18	2585077	.	G	A	45	26	71	0	2	73	0	0
18	2601406	.	G	A	52	51	103	0	3	106	0	0
18	2610857	.	A	G	45	34	79	0	1	80	0	0
18	2666046	.	A	C	12	9	21	0	0	21	0	0
18	2666084	.	T	C	12	16	28	0	0	28	0	0
18	2666256	.	G	C	29	31	60	0	0	61	0	1
18	2666279	.	T	C	24	23	47	0	0	48	0	1
18	2667063	.	T	C	35	25	60	0	1	61	0	0
18	2688163	.	C	A	15	11	26	0	0	28	0	2
18	2688798	.	G	A	8	13	21	0	0	21	0	0
18	2698125	.	T	C	18	21	39	0	2	41	0	0
18	2698172	.	A	G	11	9	20	0	1	21	0	0
18	2726365	.	C	G	16	11	27	0	2	29	0	0
18	2751475	.	A	G	8	13	21	0	1	22	0	0
18	2761953	.	A	G	12	18	30	0	0	30	0	0
18	2771516	.	G	T	60	59	119	0	4	123	0	0
18	2885110	.	C	T	25	22	47	0	1	48	0	0
18	2891847	.	C	T	19	16	35	0	0	35	0	0
18	2892474	.	G	A	17	21	38	0	0	38	0	0
18	2909531	.	C	G	12	9	21	0	2	23	0	0
18	2913357	.	C	T	30	25	55	0	1	56	0	0
18	2913431	.	T	C	16	21	37	0	0	37	0	0
18	2937650	.	A	G	49	43	92	0	2	94	0	0
18	2945860	.	C	A	26	29	55	0	5	60	0	0
18	3025041	.	A	T	53	46	99	0	7	106	0	0
18	3025464	.	A	G	38	33	71	0	5	76	0	0
18	3075746	.	G	A	28	27	55	0	1	56	0	0
18	3075778	.	A	C	13	13	26	0	0	26	0	0
18	3084007	.	A	G	32	29	61	0	3	64	0	0
18	3094316	.	A	C	30	27	57	0	3	60	0	0
18	3099988	.	G	T	17	13	30	0	1	31	0	0
18	3112231	.	G	C	21	25	46	0	1	47	0	0
18	3112568	.	C	A	14	19	33	0	1	34	0	0
18	3112621	.	G	A	12	10	22	0	1	23	0	0
18	3120060	.	G	A	18	21	39	0	4	43	0	0
18	3126576	.	A	G	11	28	39	0	1	40	0	0
18	3126811	.	A	G	66	71	137	0	4	142	0	1
18	3134610	.	A	G	40	27	67	0	9	76	0	0
18	3173873	.	G	A	11	11	22	0	1	24	0	1
18	3173964	.	G	A	27	32	59	0	4	63	0	0
18	3174056	.	C	A	35	24	59	0	1	60	0	0
18	3253048	.	T	C	17	5	22	0	1	23	0	0
18	3253543	.	G	A	15	22	37	0	2	40	0	1
18	3253569	.	C	T	11	20	31	0	3	35	0	1
18	3255725	.	C	T	30	27	57	0	0	57	0	0
18	3447871	.	T	C	16	21	37	0	1	38	0	0
18	3451762	.	C	T	22	20	42	0	1	43	0	0
18	3451896	.	G	A	52	40	92	0	5	97	0	0
18	3457244	.	G	C	13	10	23	0	2	25	0	0
18	3457539	.	A	G	27	28	55	0	2	57	0	0
18	3457607	.	C	T	31	24	55	0	3	59	0	1
18	3534175	.	G	A	30	33	63	0	2	65	0	0
18	3580742	.	A	G	42	33	75	0	6	81	0	0
18	3580849	.	G	A	12	10	22	0	1	23	0	0
18	3582272	.	A	C	33	40	73	0	2	75	0	0
18	3715807	.	A	C	8	16	24	0	1	25	0	0
18	3729175	.	C	T	55	62	117	0	9	126	0	0
18	3742572	.	C	G	22	17	39	0	0	39	0	0
18	3814325	.	C	T	13	10	23	0	2	27	0	2
18	3874336	.	C	T	19	29	48	0	1	50	0	1
18	5003023	.	C	T	27	24	51	0	4	55	0	0
18	5003071	.	C	T	21	19	40	0	2	42	0	0
18	5145609	.	G	T	72	51	123	0	1	124	0	0
18	5196981	.	G	A	56	42	98	0	6	104	0	0
18	5292030	.	A	G	37	42	79	0	2	81	0	0
18	5293319	.	C	T	29	33	62	0	2	64	0	0
18	5392653	.	T	A	10	14	24	0	1	25	0	0
18	5399356	.	C	T	9	12	21	0	3	24	0	0
18	5410574	.	A	G	39	38	77	0	1	79	0	1
18	5410749	.	C	T	11	15	26	0	1	27	0	0
18	5416431	.	G	A	10	10	20	0	1	21	0	0
18	5420021	.	A	G	16	18	34	0	1	35	0	0
18	5423631	.	A	T	13	22	35	0	1	36	0	0
18	5433570	.	A	C	12	17	29	0	0	29	0	0
18	5437967	.	C	T	8	13	21	0	0	21	0	0
18	5577258	.	T	C	14	8	22	0	1	23	0	0
18	5891637	.	C	A	35	39	74	0	3	77	0	0
18	5956116	.	G	A	28	16	44	0	2	46	0	0
18	5956145	.	T	C	29	25	54	0	1	55	0	0
18	5956182	.	G	A	27	23	50	0	3	53	0	0
18	5956238	.	C	T	31	26	57	0	1	58	0	0
18	5956395	.	A	G	24	20	44	0	0	44	0	0
18	5956425	.	C	T	13	17	30	0	1	31	0	0
18	5956483	.	G	C	14	6	20	0	1	21	0	0
18	5969292	.	G	C	21	19	40	0	6	46	0	0
18	6302059	.	C	T	21	21	42	0	3	45	0	0
18	6302077	.	C	T	19	19	38	0	2	40	0	0
18	6462642	.	C	G	36	29	65	0	5	70	0	0
18	6882312	.	G	A	23	25	48	0	1	49	0	0
18	6889973	.	A	G	22	19	41	0	3	44	0	0
18	6890434	.	A	G	33	27	60	0	3	63	0	0
18	6890591	.	C	T	10	16	26	0	0	26	0	0
18	6896450	.	C	T	32	30	62	0	2	64	0	0
18	6898415	.	C	T	13	21	34	0	1	35	0	0
18	6908976	.	G	A	27	26	53	0	1	55	0	1
18	6912143	.	A	C	12	12	24	0	1	25	0	0
18	6943147	.	T	C	67	60	127	0	5	133	1	0
18	6943343	.	G	A	86	104	190	0	4	194	0	0
18	6949047	.	A	G	22	17	39	0	0	39	0	0
18	6949052	.	A	G	22	17	39	0	0	39	0	0
18	6949058	.	A	C	22	19	41	0	0	41	0	0
18	6950734	.	T	C	21	13	34	0	0	34	0	0
18	6956415	.	T	C	42	46	88	0	6	94	0	0
18	6980457	.	T	C	35	28	63	0	1	64	0	0
18	6980487	.	C	T	41	33	74	0	1	75	0	0
18	6985506	.	T	C	30	30	60	0	3	63	0	0
18	6985655	.	C	T	15	16	31	0	1	32	0	0
18	6986227	.	G	A	54	53	107	0	10	117	0	0
18	6995243	.	G	C	31	34	65	0	1	66	0	0
18	6995512	.	G	A	22	20	42	0	1	43	0	0
18	6999368	.	C	T	20	17	37	0	0	37	0	0
18	6999694	.	T	C	10	10	20	0	3	23	0	0
18	7008591	.	T	C	29	16	45	0	0	45	0	0
18	7009999	.	A	T	7	13	20	0	0	20	0	0
18	7011371	.	G	A	35	42	77	0	2	79	0	0
18	7011413	.	G	A	42	42	84	0	5	89	0	0
18	7011959	.	T	A	27	29	56	0	5	61	0	0
18	7012123	.	A	G	34	33	67	0	1	68	0	0
18	7017322	.	A	G	34	30	64	0	2	66	0	0
18	7023371	.	A	G	20	27	47	0	2	49	0	0
18	7024345	.	C	T	15	9	24	0	1	25	0	0
18	7032221	.	A	G	15	15	30	0	3	33	0	0
18	7033037	.	G	A	25	26	51	0	2	53	0	0
18	7034354	.	A	T	14	8	22	0	0	22	0	0
18	7034448	.	G	A	28	25	53	0	2	55	0	0
18	7034464	.	T	A	32	28	60	0	2	62	0	0
18	7035915	.	A	C	22	15	37	0	0	37	0	0
18	7036022	.	G	A	30	36	66	0	4	71	0	1
18	7037428	.	G	A	15	21	36	0	0	36	0	0
18	7039943	.	G	A	12	8	20	0	0	20	0	0
18	7040197	.	T	C	34	32	66	0	0	66	0	0
18	7042099	.	A	G	12	13	25	0	0	25	0	0
18	7043121	.	T	A	16	16	32	0	1	33	0	0
18	7043335	.	A	G	40	49	89	0	0	89	0	0
18	8114901	.	T	C	27	28	55	0	0	55	0	0
18	8218332	.	C	G	26	15	41	0	0	41	0	0
18	8244335	.	G	A	14	9	23	0	0	23	0	0
18	8248041	.	G	T	46	40	86	0	7	95	0	2
18	8252317	.	T	C	15	13	28	0	1	29	0	0
18	8343333	.	G	A	24	17	41	0	0	41	0	0
18	8379095	.	G	C	12	8	20	0	4	24	0	0
18	8380473	.	T	A	10	17	27	0	0	27	0	0
18	8384827	.	C	G	12	14	26	0	1	27	0	0
18	8387058	.	T	G	59	41	100	0	6	106	0	0
18	8387219	.	G	C	26	50	76	1	13	90	0	0
18	8387306	.	A	T	32	18	50	0	2	52	0	0
18	8546673	.	T	A	14	16	30	0	1	31	0	0
18	8624752	.	G	A	11	9	20	0	2	22	0	0
18	8633485	.	T	G	18	18	36	0	0	36	0	0
18	8707600	.	C	G	27	14	41	0	2	43	0	0
18	8707603	.	A	G	25	14	39	0	3	42	0	0
18	8720368	.	C	T	24	22	46	0	0	46	0	0
18	8778916	.	A	G	22	17	39	0	3	42	0	0
18	8784370	.	A	T	44	61	105	0	11	119	3	0
18	8786354	.	G	A	26	31	57	0	5	62	0	0
18	8798374	.	G	A	15	19	34	0	0	34	0	0
18	8809445	.	G	C	20	10	30	0	0	30	0	0
18	8824509	.	G	A	10	14	24	0	1	25	0	0
18	8824519	.	A	G	15	9	24	0	0	24	0	0
18	8824529	.	G	A	10	20	30	0	0	30	0	0
18	8825399	.	C	T	28	31	59	0	3	62	0	0
18	8826083	.	G	C	36	38	74	0	4	78	0	0
18	8827648	.	G	A	46	45	91	0	6	97	0	0
18	8827705	.	C	T	29	29	58	0	4	62	0	0
18	8831698	.	C	A	37	33	70	0	7	77	0	0
18	9105108	.	C	T	16	12	28	0	0	28	0	0
18	9117867	.	T	C	41	34	75	0	2	77	0	0
18	9255302	.	G	A	19	10	29	0	1	30	0	0
18	9525965	.	G	A	11	20	31	0	3	34	0	0
18	9536249	.	C	T	20	25	45	0	1	46	0	0
18	9536315	.	C	A	21	19	40	0	2	42	0	0
18	9549120	.	A	G	26	19	45	0	2	48	0	1
18	9549149	.	C	G	32	29	61	0	2	64	0	1
18	9570029	.	T	C	12	15	27	0	0	27	0	0
18	9678826	.	C	T	9	22	31	0	1	32	0	0
18	9696211	.	A	G	19	5	24	0	1	25	0	0
18	9696571	.	T	C	18	21	39	0	0	39	0	0
18	9815252	.	A	G	59	34	93	1	5	99	0	0
18	9815277	.	C	G	44	27	71	2	4	77	0	0
18	9815287	.	A	G	38	24	62	2	5	69	0	0
18	9886874	.	A	T	43	41	84	0	12	96	0	0
18	9887429	.	C	T	41	17	58	12	2	72	0	0
18	9887433	.	A	G	42	13	55	12	3	70	0	0
18	9888069	.	A	G	48	37	85	0	2	88	0	1
18	9936132	.	T	C	18	11	29	0	2	31	0	0
18	9944956	.	T	C	34	22	56	0	3	59	0	0
18	9944960	.	A	G	35	22	57	0	2	59	0	0
18	9954913	.	C	T	16	15	31	0	0	31	0	0
18	10468358	.	A	G	72	67	139	0	3	142	0	0
18	10468453	.	C	T	119	90	209	0	11	220	0	0
18	10485931	.	G	A	9	13	22	0	3	25	0	0
18	10487918	.	C	T	31	21	52	0	2	54	0	0
18	10488091	.	G	T	32	16	48	0	1	49	0	0
18	10526068	.	C	A	19	22	41	0	2	43	0	0
18	10548853	.	A	C	25	14	39	0	1	40	0	0
18	10623762	.	C	G	56	15	71	1	3	75	0	0
18	10639370	.	A	G	13	15	28	2	4	35	0	1
18	10677979	.	T	C	20	16	36	0	3	40	0	1
18	10677992	.	G	T	17	15	32	0	3	36	0	1
18	10689479	.	C	T	11	9	20	0	0	20	0	0
18	10691215	.	C	T	40	43	83	0	3	86	0	0
18	10696039	.	C	A	27	23	50	0	0	50	0	0
18	10701798	.	A	C	8	14	22	0	2	24	0	0
18	10701810	.	T	G	9	15	24	0	1	25	0	0
18	10701862	.	G	C	22	20	42	0	6	48	0	0
18	10701898	.	C	T	30	25	55	0	0	55	0	0
18	10705618	.	G	A	29	33	62	0	6	68	0	0
18	10715851	.	A	G	16	15	31	0	0	31	0	0
18	10718383	.	T	C	13	11	24	0	1	26	0	1
18	10718400	.	A	C	12	9	21	0	1	23	0	1
18	10718430	.	T	C	11	9	20	0	0	20	0	0
18	10724430	.	C	G	28	20	48	0	1	49	0	0
18	10724835	.	G	C	76	74	150	0	9	159	0	0
18	10724911	.	A	G	55	51	106	0	11	119	0	2
18	10725037	.	T	C	46	46	92	0	6	98	0	0
18	10725415	.	A	G	37	30	67	0	6	73	0	0
18	10725444	.	T	A	42	29	71	0	3	74	0	0
18	10726143	.	G	A	29	26	55	0	1	56	0	0
18	10726261	.	G	A	13	14	27	0	0	27	0	0
18	10728146	.	C	T	16	14	30	0	1	31	0	0
18	10735099	.	G	A	7	18	25	0	0	25	0	0
18	10752666	.	C	T	35	38	73	0	3	76	0	0
18	10757868	.	A	G	11	16	27	0	1	28	0	0
18	10758023	.	G	A	29	42	71	0	1	73	0	1
18	10759935	.	A	G	14	9	23	0	0	23	0	0
18	10762699	.	C	T	8	17	25	0	1	27	0	1
18	10762810	.	G	A	16	14	30	0	1	31	0	0
18	10762962	.	G	A	38	29	67	0	1	69	0	1
18	10774074	.	G	A	23	18	41	0	0	41	0	0
18	10780218	.	T	C	11	17	28	0	0	29	0	1
18	10787047	.	G	A	24	19	43	0	0	43	0	0
18	10789014	.	G	A	13	13	26	0	1	27	0	0
18	10801375	.	A	T	19	13	32	0	1	33	0	0
18	11609421	.	A	G	17	11	28	0	0	28	0	0
18	11609487	.	T	G	48	26	74	5	6	85	0	0
18	11609530	.	G	A	65	38	103	6	5	114	0	0
18	11609727	.	C	A	89	85	174	5	7	186	0	0
18	11609949	.	T	C	74	50	124	4	8	137	0	1
18	11609978	.	C	T	70	35	105	6	6	117	0	0
18	11609981	.	T	C	68	38	106	6	7	119	0	0
18	11609994	.	C	T	70	41	111	7	5	123	0	0
18	11610001	.	A	G	70	38	108	10	5	123	0	0
18	11610024	.	A	G	68	42	110	10	4	124	0	0
18	11610042	.	G	A	72	52	124	10	3	137	0	0
18	11610121	.	G	A	71	51	122	9	4	135	0	0
18	11610149	.	G	A	85	36	121	19	5	145	0	0
18	11610162	.	G	A	84	24	108	21	9	138	0	0
18	11610332	.	G	T	53	99	152	31	7	191	0	1
18	11610349	.	G	A	95	42	137	34	7	180	1	1
18	11610382	.	C	A	91	33	124	51	6	182	0	1
18	11610629	.	T	C	28	14	42	50	6	99	0	1
18	11610728	.	G	A	13	9	22	17	3	44	0	2
18	11610732	.	T	C	13	8	21	15	3	41	0	2
18	11619382	.	T	C	29	18	47	3	0	50	0	0
18	11619471	.	C	T	40	37	77	5	4	86	0	0
18	11619552	.	C	T	59	42	101	3	3	107	0	0
18	11619908	.	A	G	35	15	50	5	2	57	0	0
18	11621028	.	T	C	70	47	117	22	6	146	0	1
18	11621447	.	A	G	89	65	154	17	4	177	1	1
18	11621458	.	A	G	90	53	143	21	7	172	0	1
18	11625272	.	A	G	16	8	24	6	1	31	0	0
18	11625365	.	C	T	31	27	58	9	6	73	0	0
18	11628794	.	A	T	16	16	32	4	0	36	0	0
18	11629251	.	T	A	13	9	22	8	1	32	0	1
18	11629364	.	C	T	18	16	34	1	2	37	0	0
18	11639246	.	T	C	88	37	125	25	3	153	0	0
18	11639356	.	G	C	100	121	221	8	8	237	0	0
18	11644581	.	G	A	108	63	171	39	8	218	0	0
18	11644679	.	G	T	117	67	184	50	6	240	0	0
18	11644683	.	A	G	104	80	184	46	6	236	0	0
18	11644733	.	T	C	92	52	144	49	4	199	0	2
18	11644798	.	G	T	55	43	98	58	3	159	0	0
18	11644810	.	G	A	47	38	85	50	2	137	0	0
18	11644839	.	G	C	29	29	58	41	4	103	0	0
18	11644844	.	T	C	27	29	56	39	6	101	0	0
18	11644845	.	G	A	28	30	58	39	4	101	0	0
18	11753992	.	T	C	35	25	60	0	0	60	0	0
18	11824870	.	G	T	9	12	21	0	0	21	0	0
18	11853419	.	G	A	24	27	51	0	2	53	0	0
18	11881539	.	T	C	10	10	20	0	0	20	0	0
18	11883524	.	T	C	15	9	24	0	1	25	0	0
18	11884881	.	T	C	30	27	57	0	2	59	0	0
18	11885084	.	T	C	49	46	95	0	2	97	0	0
18	11885912	.	C	A	4	24	28	0	0	29	0	1
18	11886867	.	G	A	25	14	39	0	0	39	0	0
18	11887031	.	C	T	26	16	42	0	4	46	0	0
18	11888815	.	C	T	14	23	37	0	1	38	0	0
18	12009798	.	T	C	14	16	30	0	0	30	0	0
18	12012451	.	G	A	13	8	21	0	3	24	0	0
18	12057403	.	A	G	68	37	105	0	5	110	0	0
18	12075501	.	T	C	45	35	80	0	3	83	0	0
18	12190117	.	G	A	36	10	46	1	1	48	0	0
18	12201262	.	G	T	20	4	24	4	0	28	0	0
18	12211858	.	G	T	40	20	60	2	2	74	0	10
18	12211936	.	C	G	81	17	98	1	7	117	0	11
18	12274104	.	G	T	25	19	44	0	3	47	0	0
18	12324971	.	C	G	8	12	20	0	3	23	0	0
18	12329536	.	C	G	24	11	35	0	2	37	0	0
18	12329562	.	C	T	26	14	40	0	1	41	0	0
18	12351342	.	C	T	22	29	51	0	3	54	0	0
18	12359920	.	G	A	20	24	44	0	2	47	0	1
18	12421442	.	T	A	55	53	108	0	6	114	0	0
18	12421518	.	T	C	77	88	165	0	3	169	0	1
18	12429313	.	C	T	22	30	52	0	3	56	0	1
18	12449750	.	G	A	38	39	77	0	2	79	0	0
18	12588264	.	T	A	31	19	50	0	1	51	0	0
18	12588265	.	T	A	31	18	49	0	1	51	1	0
18	12588407	.	C	A	62	46	108	0	0	108	0	0
18	12588422	.	T	C	60	40	100	0	1	101	0	0
18	12634986	.	T	G	26	26	52	0	8	61	0	1
18	12635166	.	A	C	21	9	30	0	1	32	0	1
18	12658600	.	A	G	34	32	66	0	4	71	0	1
18	12686246	.	A	G	21	37	58	0	0	58	0	0
18	12700849	.	G	A	8	13	21	0	0	21	0	0
18	12703067	.	A	G	83	66	149	0	13	162	0	0
18	12703192	.	C	T	44	48	92	0	7	99	0	0
18	12718593	.	A	G	25	30	55	0	2	57	0	0
18	12718760	.	G	C	15	7	22	0	1	23	0	0
18	12725236	.	G	T	13	13	26	0	1	27	0	0
18	12725401	.	A	T	32	33	65	0	4	69	0	0
18	12788197	.	G	A	16	14	30	0	0	30	0	0
18	12825680	.	C	T	14	14	28	0	1	30	0	1
18	12859014	.	C	T	14	17	31	0	0	31	0	0
18	12951916	.	T	G	28	36	64	0	5	69	0	0
18	12955341	.	A	G	23	11	34	1	0	35	0	0
18	12978733	.	C	G	31	30	61	0	3	65	0	1
18	12979041	.	A	T	19	16	35	0	1	36	0	0
18	13001512	.	G	C	30	20	50	0	0	50	0	0
18	13015246	.	T	C	9	24	33	0	1	34	0	0
18	13029575	.	A	G	17	15	32	0	0	32	0	0
18	13030617	.	T	C	42	34	76	0	3	79	0	0
18	13052828	.	A	C	35	32	67	0	0	67	0	0
18	13072979	.	T	C	42	47	89	0	2	91	0	0
18	13087404	.	T	G	26	17	43	0	2	45	0	0
18	13116358	.	C	T	23	19	42	0	1	43	0	0
18	13387627	.	G	A	21	17	38	0	7	45	0	0
18	13387813	.	T	G	17	14	31	0	0	31	0	0
18	13621342	.	A	C	11	12	23	0	2	25	0	0
18	13666617	.	G	A	66	64	130	0	5	135	0	0
18	13666768	.	A	G	23	26	49	0	1	50	0	0
18	13666845	.	G	A	11	13	24	0	1	25	0	0
18	13746023	.	C	G	16	10	26	0	0	26	0	0
18	13760290	.	T	C	53	44	97	0	1	98	0	0
18	13823942	.	C	G	3	21	24	0	3	28	1	0
18	13823959	.	A	G	10	45	55	0	6	61	0	0
18	13884566	.	C	T	20	16	36	0	1	37	0	0
18	13915410	.	C	A	11	16	27	0	2	29	0	0
18	13919713	.	A	G	20	21	41	0	2	43	0	0
18	14144681	.	A	G	21	24	45	0	5	50	0	0
18	14144900	.	C	T	21	14	35	0	5	40	0	0
18	14146162	.	G	A	16	11	27	0	0	27	0	0
18	14146257	.	G	A	16	15	31	1	1	33	0	0
18	14146531	.	A	T	15	16	31	1	5	37	0	0
18	14146579	.	C	T	19	18	37	0	5	42	0	0
18	14147219	.	A	T	11	11	22	0	4	26	0	0
18	14147526	.	A	G	15	15	30	0	3	33	0	0
18	14147920	.	G	A	9	17	26	0	0	27	0	1
18	14147977	.	T	C	30	17	47	0	1	48	0	0
18	14148519	.	C	T	20	10	30	0	2	32	0	0
18	14148522	.	G	T	21	9	30	0	1	31	0	0
18	14148539	.	A	G	14	25	39	0	3	42	0	0
18	14148574	.	T	C	28	22	50	0	5	55	0	0
18	14148651	.	G	A	45	31	76	0	2	78	0	0
18	14150875	.	C	T	22	20	42	0	1	43	0	0
18	14150922	.	T	C	32	37	69	0	3	72	0	0
18	14151269	.	T	A	17	14	31	0	0	32	1	0
18	14157329	.	C	G	42	37	79	0	1	80	0	0
18	14173930	.	G	T	33	7	40	3	1	44	0	0
18	14174044	.	C	T	26	10	36	6	1	43	0	0
18	14179603	.	A	G	61	34	95	0	3	98	0	0
18	14183270	.	G	A	17	4	21	0	0	21	0	0
18	14183308	.	T	C	12	16	28	0	1	29	0	0
18	14183414	.	C	A	39	30	69	3	1	74	0	1
18	14183436	.	T	C	65	11	76	5	1	83	0	1
18	14183442	.	G	A	69	15	84	6	0	90	0	0
18	14183451	.	G	A	76	16	92	6	0	99	1	0
18	14183462	.	A	G	71	25	96	9	4	109	0	0
18	14183509	.	A	G	104	29	133	7	5	145	0	0
18	14183517	.	C	T	120	26	146	7	2	155	0	0
18	14183550	.	G	A	106	102	208	4	3	215	0	0
18	14183720	.	C	T	157	127	284	18	9	311	0	0
18	14183747	.	T	C	222	50	272	17	9	298	0	0
18	14183840	.	T	A	214	71	285	12	6	303	0	0
18	14186391	.	G	C	23	7	30	2	1	33	0	0
18	14186401	.	C	T	28	9	37	2	0	39	0	0
18	14187346	.	A	G	12	17	29	0	1	30	0	0
18	14192006	.	G	A	30	17	47	3	1	52	0	1
18	14214461	.	A	G	18	8	26	1	1	28	0	0
18	14218709	.	T	C	14	9	23	0	0	23	0	0
18	14220161	.	T	C	56	49	105	0	1	106	0	0
18	14222004	.	G	A	19	21	40	0	5	45	0	0
18	14225747	.	C	G	112	114	226	3	4	233	0	0
18	14227514	.	G	A	36	40	76	1	1	78	0	0
18	14227971	.	A	C	9	13	22	3	0	25	0	0
18	14242304	.	C	T	124	95	219	4	3	226	0	0
18	14242541	.	G	C	50	34	84	0	1	85	0	0
18	14242660	.	G	T	13	21	34	1	3	38	0	0
18	14243212	.	A	T	64	64	128	5	5	140	0	2
18	14244421	.	C	G	23	31	54	0	1	55	0	0
18	14248255	.	C	A	62	45	107	19	2	129	0	1
18	14249072	.	G	A	4	17	21	0	0	21	0	0
18	14251678	.	T	A	105	63	168	56	6	237	7	0
18	14251859	.	G	A	38	33	71	2	6	79	0	0
18	14251908	.	G	A	53	8	61	17	4	82	0	0
18	14251971	.	T	C	31	10	41	13	2	56	0	0
18	14251996	.	C	A	29	7	36	10	0	46	0	0
18	14252011	.	G	A	26	6	32	5	0	37	0	0
18	14295100	.	T	G	8	14	22	0	0	22	0	0
18	14295417	.	C	T	11	9	20	0	0	20	0	0
18	14311339	.	C	G	15	5	20	10	0	30	0	0
18	14330534	.	C	A	10	22	32	10	4	46	0	0
18	14330552	.	G	C	28	18	46	10	3	59	0	0
18	14330556	.	G	A	35	11	46	11	3	60	0	0
18	14330643	.	C	G	7	18	25	7	0	32	0	0
18	14336933	.	G	T	11	11	22	0	3	25	0	0
18	14337478	.	T	C	41	43	84	0	1	85	0	0
18	14337497	.	G	A	30	40	70	0	5	75	0	0
18	14338738	.	C	T	17	17	34	0	2	36	0	0
18	14339363	.	A	T	37	37	74	5	2	81	0	0
18	14339562	.	C	A	38	54	92	0	6	98	0	0
18	14361475	.	C	A	43	64	107	0	8	115	0	0
18	14377290	.	G	T	13	9	22	0	0	22	0	0
18	14377394	.	C	T	29	33	62	2	0	64	0	0
18	14377682	.	C	T	38	55	93	0	0	93	0	0
18	14378533	.	G	C	14	11	25	0	4	29	0	0
18	14475665	.	A	C	82	98	180	0	12	192	0	0
18	14478229	.	T	C	34	45	79	1	4	84	0	0
18	14478894	.	T	A	29	30	59	4	4	67	0	0
18	14513535	.	T	C	39	34	73	0	0	73	0	0
18	14518231	.	T	C	28	8	36	2	1	39	0	0
18	14523016	.	A	G	10	12	22	3	2	27	0	0
18	14533105	.	G	C	91	89	180	51	3	234	0	0
18	14538010	.	T	C	143	127	270	23	5	298	0	0
18	14542890	.	G	C	222	134	356	24	15	395	0	0
18	14542909	.	G	A	254	125	379	32	18	429	0	0
18	14542979	.	A	G	237	125	362	45	19	426	0	0
18	14613120	.	C	T	19	6	25	6	1	32	0	0
18	14613454	.	T	G	70	70	140	2	5	147	0	0
18	14613815	.	A	G	94	88	182	15	2	199	0	0
18	14629834	.	T	C	20	15	35	4	0	39	0	0
18	14697985	.	A	G	19	6	25	4	0	29	0	0
18	14698090	.	T	A	30	20	50	3	1	54	0	0
18	14706391	.	T	C	61	61	122	0	4	126	0	0
18	14706566	.	T	C	43	35	78	0	2	80	0	0
18	14748376	.	G	A	9	16	25	0	0	25	0	0
18	14752768	.	G	A	49	46	95	0	5	100	0	0
18	14752957	.	G	A	50	44	94	0	1	95	0	0
18	14757632	.	A	T	13	12	25	0	2	27	0	0
18	14771476	.	C	T	15	11	26	0	0	26	0	0
18	14771480	.	C	A	15	10	25	0	0	25	0	0
18	14771484	.	C	T	13	10	23	0	0	23	0	0
18	14779969	.	C	G	39	46	85	0	5	90	0	0
18	14780082	.	G	A	31	24	55	0	1	56	0	0
18	14791876	.	C	T	14	6	20	2	3	25	0	0
18	14791916	.	A	G	13	9	22	2	0	24	0	0
18	14791932	.	G	C	14	12	26	2	0	28	0	0
18	14795992	.	A	G	19	17	36	0	0	37	0	1
18	14796214	.	G	T	88	91	179	0	3	182	0	0
18	14796443	.	G	T	39	41	80	0	0	80	0	0
18	14797913	.	C	T	29	24	53	1	0	54	0	0
18	14797914	.	A	G	29	24	53	1	0	54	0	0
18	14803745	.	A	G	35	6	41	14	2	57	0	0
18	14804559	.	G	C	17	13	30	0	0	31	0	1
18	14809946	.	C	T	96	82	178	8	1	187	0	0
18	14822318	.	T	G	38	33	71	6	3	80	0	0
18	14828446	.	C	A	10	15	25	0	0	25	0	0
18	14848821	.	G	A	25	19	44	4	1	49	0	0
18	14848935	.	C	T	28	15	43	3	3	49	0	0
18	14850375	.	G	A	44	44	88	7	1	96	0	0
18	14851756	.	G	A	69	28	97	13	1	111	0	0
18	14867515	.	C	T	13	9	22	0	1	23	0	0
18	14887513	.	G	A	17	10	27	4	0	31	0	0
18	14887709	.	A	G	11	14	25	1	1	27	0	0
18	14890131	.	G	A	95	93	188	0	6	194	0	0
18	14999255	.	C	T	26	14	40	2	1	43	0	0
18	15165587	.	C	A	13	8	21	1	0	22	0	0
18	15179763	.	T	C	14	6	20	8	0	28	0	0
18	15179881	.	G	T	25	12	37	11	0	48	0	0
18	15179884	.	T	G	9	29	38	15	0	53	0	0
18	15179894	.	C	T	29	17	46	19	2	67	0	0
18	15179949	.	T	G	53	15	68	25	3	97	1	0
18	15180003	.	C	G	52	12	64	29	2	95	0	0
18	15180021	.	T	C	36	22	58	26	1	85	0	0
18	15192550	.	C	T	25	23	48	0	1	49	0	0
18	15192638	.	A	T	25	17	42	0	1	43	0	0
18	15197488	.	T	C	16	12	28	0	2	30	0	0
18	15197499	.	T	C	18	15	33	0	2	35	0	0
18	15197704	.	C	G	17	14	31	0	1	32	0	0
18	15250200	.	G	A	13	15	28	5	0	33	0	0
18	15271531	.	T	C	59	54	113	0	3	116	0	0
18	18511716	.	T	C	11	9	20	9	1	34	0	4
18	18511729	.	T	A	16	5	21	9	2	35	0	3
18	18512154	.	G	C	14	8	22	5	0	30	0	3
18	18512159	.	T	G	19	4	23	6	1	33	0	3
18	18512162	.	T	C	13	10	23	6	1	33	0	3
18	18512170	.	C	G	14	6	20	6	0	33	4	3
18	18512174	.	G	A	16	9	25	7	1	36	0	3
18	18512328	.	C	T	11	11	22	5	0	31	0	4
18	18512331	.	G	A	11	12	23	5	0	32	0	4
18	18512337	.	C	T	3	19	22	5	0	31	0	4
18	18512346	.	C	G	19	4	23	5	0	32	0	4
18	18512353	.	A	T	11	10	21	4	0	29	0	4
18	18512861	.	A	C	16	12	28	14	0	78	0	36
18	18512870	.	C	G	23	8	31	14	0	86	0	41
18	18512878	.	C	G	12	19	31	15	0	89	0	43
18	18512911	.	G	A	24	7	31	14	0	87	0	42
18	18512924	.	G	A	15	10	25	11	1	77	1	39
18	18512925	.	T	A	22	4	26	11	1	77	0	39
18	18514905	.	A	G	17	4	21	7	0	28	0	0
18	18514907	.	G	A	4	16	20	6	0	26	0	0
18	18514928	.	T	A	9	12	21	7	0	30	0	2
18	18514942	.	A	G	15	15	30	8	0	45	1	6
18	18514943	.	G	A	11	19	30	8	1	46	1	6
18	18514952	.	A	C	11	21	32	12	1	54	1	8
18	18514978	.	A	G	10	26	36	15	1	68	1	15
18	18514985	.	T	A	21	20	41	18	0	77	0	18
18	18514992	.	T	A	21	21	42	18	0	79	0	19
18	18514994	.	A	G	17	23	40	18	1	81	3	19
18	18515016	.	A	G	29	13	42	21	0	83	0	20
18	18515018	.	A	G	13	26	39	18	0	75	0	18
18	18515021	.	C	A	17	21	38	18	0	73	1	16
18	18515069	.	C	A	10	19	29	24	1	63	0	9
18	18515748	.	C	G	15	6	21	11	1	38	1	4
18	18515774	.	T	A	15	5	20	10	2	38	2	4
18	18515798	.	A	G	23	13	36	7	2	51	0	6
18	18515809	.	G	T	27	7	34	5	0	47	2	6
18	18515813	.	T	G	17	19	36	5	1	49	0	7
18	18515822	.	C	T	17	20	37	5	1	50	0	7
18	18515827	.	C	A	12	24	36	5	1	47	0	5
18	18515835	.	A	C	33	7	40	4	1	50	0	5
18	18515841	.	T	G	20	20	40	4	2	51	0	5
18	18515852	.	A	C	31	9	40	6	1	52	1	4
18	18515855	.	A	G	32	7	39	6	1	51	1	4
18	18515879	.	G	C	13	11	24	4	0	30	0	2
18	18515887	.	T	C	12	9	21	4	2	28	0	1
18	18515895	.	C	T	10	10	20	5	2	31	3	1
18	18515899	.	A	G	18	7	25	6	0	32	0	1
18	18515915	.	C	A	15	11	26	7	2	35	0	0
18	18515924	.	T	C	22	12	34	7	0	42	0	1
18	18515956	.	A	T	16	15	31	5	2	40	1	1
18	18515963	.	A	T	16	18	34	7	1	43	0	1
18	18515978	.	G	A	26	9	35	7	0	45	1	2
18	18515995	.	T	C	22	5	27	8	0	38	1	2
18	18516088	.	G	A	15	6	21	10	0	37	1	5
18	18516104	.	G	C	23	7	30	10	0	46	0	6
18	18516105	.	T	G	23	7	30	10	0	47	1	6
18	18516106	.	T	A	26	5	31	10	0	47	0	6
18	18516108	.	G	T	28	5	33	10	0	49	0	6
18	18516121	.	T	C	21	14	35	10	0	58	2	11
18	18516123	.	G	A	22	13	35	10	1	57	0	11
18	18516143	.	T	G	28	6	34	10	0	63	5	14
18	18516155	.	T	A	26	8	34	9	1	67	3	20
18	18516157	.	A	G	26	11	37	9	0	66	0	20
18	18516159	.	G	T	19	17	36	9	0	68	2	21
18	18516181	.	T	C	15	12	27	6	0	57	6	18
18	18516193	.	A	C	23	7	30	9	0	55	0	16
18	18516194	.	T	C	23	6	29	9	0	54	0	16
18	18516203	.	A	T	24	6	30	10	0	58	0	18
18	18516204	.	A	G	22	7	29	10	0	57	0	18
18	18516220	.	A	G	19	4	23	9	0	46	0	14
18	18517151	.	A	C	16	11	27	10	0	45	0	8
18	18517177	.	G	A	16	15	31	8	0	47	0	8
18	18517216	.	A	C	8	19	27	6	1	40	1	5
18	18517245	.	T	A	7	13	20	3	0	25	0	2
18	18517247	.	C	T	7	13	20	3	0	25	0	2
18	18517272	.	C	A	25	10	35	25	0	83	0	23
18	18517273	.	A	G	24	10	34	25	1	83	0	23
18	18517278	.	T	A	23	12	35	27	1	88	0	25
18	18517289	.	A	T	22	13	35	32	1	116	14	34
18	18517292	.	T	C	16	29	45	32	0	115	4	34
18	18517298	.	T	G	20	32	52	33	1	123	0	37
18	18517299	.	C	A	19	31	50	33	2	124	0	39
18	18517310	.	C	A	45	15	60	59	1	194	3	71
18	18517329	.	G	C	43	20	63	68	1	203	0	71
18	18517345	.	A	C	14	39	53	64	1	174	1	55
18	18517349	.	C	T	11	33	44	63	3	171	6	55
18	18517369	.	A	G	12	32	44	62	3	154	1	44
18	18517608	.	A	C	37	8	45	30	1	108	0	32
18	18517617	.	G	C	35	8	43	18	0	86	0	25
18	18517625	.	C	G	8	37	45	23	0	95	0	27
18	18517667	.	G	A	5	19	24	21	0	55	0	10
18	18517672	.	T	A	13	9	22	21	0	54	1	10
18	18517707	.	A	G	14	12	26	17	0	50	0	7
18	18517714	.	T	A	13	13	26	17	0	49	0	6
18	18517716	.	T	C	12	14	26	17	0	48	0	5
18	18518888	.	T	C	16	7	23	15	1	44	0	5
18	18518890	.	T	C	20	7	27	15	1	49	0	6
18	18518905	.	C	A	30	8	38	20	1	81	0	22
18	18518907	.	A	G	30	8	38	25	1	88	0	24
18	18518915	.	G	C	29	31	60	29	2	135	0	44
18	18518920	.	G	A	44	15	59	36	1	150	1	53
18	18518925	.	C	T	24	39	63	33	1	151	0	54
18	18518934	.	A	G	52	10	62	35	0	152	0	55
18	18518937	.	A	C	40	23	63	35	0	154	1	55
18	18518938	.	C	T	51	11	62	34	0	151	0	55
18	18518940	.	A	C	26	34	60	33	0	150	2	55
18	18518945	.	A	T	38	22	60	36	0	151	0	55
18	18518950	.	T	C	50	11	61	35	0	150	0	54
18	18518957	.	C	G	39	20	59	36	1	150	0	54
18	18518962	.	C	G	10	52	62	34	0	150	0	54
18	18518969	.	A	T	50	11	61	34	0	152	3	54
18	18519333	.	G	A	14	9	23	44	0	84	0	17
18	18519334	.	T	G	13	8	21	44	0	82	0	17
18	18519341	.	A	G	13	7	20	41	0	74	0	13
18	18519346	.	A	G	13	8	21	40	0	72	0	11
18	18519348	.	A	G	13	8	21	40	0	71	0	10
18	18520013	.	T	G	9	26	35	18	1	55	0	1
18	18520021	.	A	G	22	10	32	17	3	53	0	1
18	18520022	.	G	A	26	4	30	17	2	50	0	1
18	18520024	.	C	T	10	21	31	18	1	51	0	1
18	18520035	.	A	C	24	11	35	17	2	58	1	3
18	18520051	.	T	A	9	23	32	15	4	54	0	3
18	18520060	.	A	G	3	25	28	16	2	51	2	3
18	18520063	.	T	G	19	11	30	16	2	51	0	3
18	18520065	.	A	C	6	23	29	10	2	44	0	3
18	18520104	.	T	C	11	29	40	5	0	52	0	7
18	18520130	.	A	G	38	5	43	7	1	59	0	8
18	18520137	.	G	T	12	30	42	6	2	58	1	7
18	18520163	.	C	A	39	7	46	18	2	86	3	17
18	18520177	.	C	G	39	11	50	24	1	112	0	37
18	18520178	.	C	T	9	40	49	24	2	111	0	36
18	18520181	.	T	G	25	37	62	30	1	153	0	60
18	18520200	.	G	C	24	42	66	35	1	168	0	66
18	18520205	.	A	T	44	23	67	34	1	170	0	68
18	18520214	.	C	A	38	27	65	35	2	174	2	70
18	18520233	.	T	G	38	24	62	37	1	182	5	77
18	18520234	.	T	G	38	26	64	38	0	183	0	81
18	18520235	.	T	C	39	26	65	37	0	184	0	82
18	18520254	.	T	G	46	29	75	43	1	228	0	109
18	18520255	.	T	C	62	13	75	42	1	228	0	110
18	18520256	.	C	T	23	52	75	43	0	230	0	112
18	18520259	.	C	A	53	24	77	39	1	225	0	108
18	18520261	.	A	G	41	22	63	39	0	228	14	112
18	18520284	.	G	A	43	16	59	29	0	162	0	74
18	18520285	.	T	C	46	10	56	29	3	161	0	73
18	18520299	.	C	G	39	10	49	22	0	142	0	71
18	18520300	.	T	G	41	7	48	23	0	142	0	71
18	18520301	.	A	G	35	13	48	23	0	142	0	71
18	18520308	.	G	C	25	17	42	20	0	129	0	67
18	18520313	.	T	A	23	17	40	20	1	128	0	67
18	18520316	.	C	G	30	9	39	18	1	124	0	66
18	18520333	.	A	C	21	7	28	13	1	97	0	55
18	18529837	.	C	T	25	32	57	3	1	61	0	0
18	18559675	.	G	C	20	17	37	0	2	39	0	0
18	18586605	.	T	C	20	27	47	0	0	47	0	0
18	18623974	.	C	A	22	16	38	0	0	38	0	0
18	19021602	.	G	A	35	37	72	0	0	72	0	0
18	19034556	.	T	C	40	32	72	0	1	73	0	0
18	19048509	.	A	G	18	16	34	0	1	35	0	0
18	19048666	.	A	G	52	42	94	0	1	95	0	0
18	19291997	.	C	T	35	17	52	0	1	53	0	0
18	19408891	.	A	G	25	29	54	0	4	58	0	0
18	19427096	.	A	G	14	17	31	0	0	31	0	0
18	19444661	.	A	C	45	44	89	0	2	91	0	0
18	19446993	.	G	C	32	25	57	0	2	60	0	1
18	19780858	.	G	A	42	44	86	0	7	93	0	0
18	19998775	.	T	C	44	31	75	0	2	78	0	1
18	20555219	.	T	C	16	14	30	0	1	31	0	0
18	20576511	.	C	T	9	11	20	0	1	21	0	0
18	20586489	.	G	A	13	13	26	0	1	27	0	0
18	20814418	.	A	G	28	36	64	0	4	68	0	0
18	20917958	.	C	T	14	19	33	0	2	35	0	0
18	21044087	.	C	T	40	47	87	0	1	88	0	0
18	21047639	.	T	C	5	30	35	0	3	38	0	0
18	21099253	.	G	T	16	15	31	0	0	31	0	0
18	21100014	.	G	C	28	16	44	0	0	44	0	0
18	21103909	.	T	C	15	8	23	0	1	24	0	0
18	21109145	.	G	A	41	48	89	0	5	94	0	0
18	21109466	.	G	T	15	16	31	0	2	33	0	0
18	21119291	.	A	G	24	28	52	0	3	55	0	0
18	21121026	.	G	A	26	23	49	0	2	51	0	0
18	21136233	.	G	A	39	35	74	0	6	81	0	1
18	21214102	.	G	A	17	17	34	0	3	37	0	0
18	21252592	.	A	G	36	28	64	0	3	67	0	0
18	21364336	.	A	T	3	18	21	0	1	22	0	0
18	21501476	.	A	G	23	29	52	0	2	54	0	0
18	21644091	.	G	T	42	34	76	0	4	81	0	1
18	21662736	.	C	T	30	25	55	0	1	57	0	1
18	21662816	.	A	C	44	38	82	0	3	85	0	0
18	21696599	.	A	C	13	14	27	0	1	28	0	0
18	21698036	.	G	T	34	40	74	0	6	80	0	0
18	21710602	.	T	C	15	26	41	0	0	41	0	0
18	21740003	.	A	G	39	30	69	0	4	73	0	0
18	21752366	.	A	G	44	36	80	0	1	81	0	0
18	22010421	.	C	T	17	16	33	0	0	33	0	0
18	22020359	.	G	A	15	18	33	0	0	33	0	0
18	22056615	.	C	T	13	23	36	0	0	36	0	0
18	22869123	.	G	A	34	33	67	0	1	68	0	0
18	23619435	.	A	C	20	27	47	0	1	48	0	0
18	23807044	.	T	C	11	12	23	0	0	23	0	0
18	23915250	.	T	C	55	34	89	0	2	91	0	0
18	24035675	.	T	C	28	20	48	0	1	49	0	0
18	24127313	.	C	T	33	39	72	0	2	74	0	0
18	24179856	.	G	A	18	19	37	0	0	38	0	1
18	24180263	.	G	A	38	24	62	0	1	64	0	1
18	24180297	.	T	C	34	22	56	0	1	58	0	1
18	24180457	.	G	A	10	10	20	0	0	20	0	0
18	24412161	.	A	G	15	20	35	0	0	35	0	0
18	24412310	.	G	A	10	12	22	0	1	23	0	0
18	24435818	.	C	T	17	21	38	0	0	38	0	0
18	24435892	.	G	A	25	16	41	0	0	41	0	0
18	24440884	.	C	T	23	14	37	0	3	40	0	0
18	24441050	.	A	G	19	21	40	0	2	42	0	0
18	24510753	.	G	A	35	25	60	0	6	66	0	0
18	24510763	.	A	G	29	22	51	0	8	60	1	0
18	24510833	.	A	G	14	17	31	0	3	34	0	0
18	25033053	.	A	G	37	35	72	0	1	73	0	0
18	25033282	.	T	A	27	33	60	0	2	63	0	1
18	25543387	.	G	A	29	33	62	0	0	62	0	0
18	25572849	.	T	C	19	14	33	0	1	34	0	0
18	25727570	.	T	C	15	15	30	0	3	33	0	0
18	26233039	.	T	C	18	19	37	0	0	37	0	0
18	26233372	.	G	T	11	10	21	0	0	21	0	0
18	28576756	.	C	T	37	38	75	0	2	77	0	0
18	28576762	.	C	T	38	39	77	0	3	80	0	0
18	28587180	.	T	C	13	11	24	0	2	26	0	0
18	28588537	.	C	T	20	19	39	0	0	39	0	0
18	28598784	.	A	G	15	15	30	0	0	30	0	0
18	28605715	.	A	T	12	26	38	0	2	40	0	0
18	28609204	.	T	C	14	6	20	0	2	22	0	0
18	28609220	.	C	T	13	11	24	0	1	25	0	0
18	28610887	.	A	G	17	13	30	0	0	30	0	0
18	28610988	.	C	T	44	45	89	0	1	90	0	0
18	28611061	.	A	T	33	29	62	0	2	64	0	0
18	28649166	.	A	G	17	19	36	0	1	37	0	0
18	28670899	.	A	G	9	25	34	0	2	36	0	0
18	28898201	.	A	G	20	22	42	0	0	42	0	0
18	28898294	.	A	G	32	31	63	0	0	63	0	0
18	28916290	.	G	A	28	15	43	0	0	43	0	0
18	28916649	.	A	G	26	13	39	0	0	39	0	0
18	28919658	.	C	A	23	25	48	0	2	50	0	0
18	28919779	.	A	C	23	38	61	0	0	61	0	0
18	28919794	.	C	A	24	37	61	0	0	62	1	0
18	28923983	.	A	C	15	13	28	0	0	28	0	0
18	28934772	.	A	T	50	39	89	0	3	92	0	0
18	28966518	.	G	C	10	11	21	0	1	22	0	0
18	28968371	.	G	A	41	34	75	0	4	79	0	0
18	28969008	.	C	T	25	27	52	0	0	52	0	0
18	28969018	.	T	G	26	24	50	0	0	50	0	0
18	28969044	.	T	C	24	19	43	0	1	44	0	0
18	28970525	.	G	A	11	24	35	0	1	36	0	0
18	28970982	.	G	A	37	42	79	0	1	80	0	0
18	28989232	.	C	T	11	11	22	0	1	23	0	0
18	28993589	.	C	T	14	15	29	0	0	29	0	0
18	29039179	.	A	G	24	24	48	0	3	51	0	0
18	29098323	.	G	A	15	18	33	0	0	33	0	0
18	29098345	.	C	T	13	11	24	0	1	25	0	0
18	29100701	.	C	G	43	38	81	0	4	85	0	0
18	29104564	.	C	A	15	11	26	0	0	26	0	0
18	29104878	.	G	A	25	35	60	0	2	62	0	0
18	29125854	.	A	G	16	20	36	0	1	37	0	0
18	29126670	.	T	C	16	20	36	0	3	39	0	0
18	29304255	.	G	T	14	15	29	0	4	33	0	0
18	29410919	.	T	C	4	17	21	0	1	22	0	0
18	29419434	.	G	A	10	13	23	0	6	29	0	0
18	29429699	.	T	C	32	26	58	0	0	58	0	0
18	29488174	.	T	G	20	10	30	0	1	31	0	0
18	29523097	.	T	G	24	29	53	0	3	56	0	0
18	29542204	.	A	G	16	13	29	0	4	33	0	0
18	29542554	.	T	C	24	40	64	0	5	69	0	0
18	29542839	.	C	G	29	22	51	0	1	52	0	0
18	29543204	.	T	C	22	19	41	0	2	43	0	0
18	29543270	.	G	A	17	20	37	0	1	38	0	0
18	29543337	.	A	G	17	17	34	0	2	36	0	0
18	29547027	.	C	G	19	17	36	0	1	37	0	0
18	29547104	.	G	A	19	20	39	0	3	42	0	0
18	29599192	.	T	G	14	10	24	0	4	28	0	0
18	29672559	.	A	G	5	18	23	0	1	25	0	1
18	29704652	.	G	C	39	41	80	0	2	82	0	0
18	29850296	.	G	A	38	19	57	0	4	61	0	0
18	29890042	.	T	C	23	15	38	0	2	40	0	0
18	29890297	.	G	C	39	31	70	0	2	73	0	1
18	29890411	.	C	T	16	13	29	0	1	30	0	0
18	29890448	.	A	G	14	9	23	0	0	23	0	0
18	29890456	.	G	T	11	10	21	0	0	21	0	0
18	29992418	.	C	G	22	16	38	0	4	43	0	1
18	30091940	.	A	C	24	33	57	0	0	57	0	0
18	30092327	.	G	A	26	21	47	0	1	48	0	0
18	30252515	.	A	G	23	24	47	0	0	48	0	1
18	30257000	.	C	G	16	15	31	0	0	31	0	0
18	30350165	.	G	A	36	46	82	0	4	86	0	0
18	30517962	.	A	G	52	55	107	0	1	108	0	0
18	30926099	.	A	T	13	8	21	0	0	21	0	0
18	30926190	.	A	G	34	31	65	0	0	65	0	0
18	30928776	.	G	A	17	11	28	0	1	29	0	0
18	30950168	.	T	C	14	13	27	0	0	27	0	0
18	31140906	.	A	G	10	13	23	0	1	24	0	0
18	31140930	.	A	C	10	10	20	0	0	20	0	0
18	31226313	.	T	C	11	16	27	0	2	29	0	0
18	31431804	.	T	C	23	16	39	0	0	39	0	0
18	31463111	.	G	A	11	10	21	0	1	22	0	0
18	31463184	.	A	C	27	28	55	0	0	55	0	0
18	31599738	.	A	G	11	12	23	0	0	23	0	0
18	32346149	.	G	T	12	11	23	0	1	24	0	0
18	32408900	.	T	C	32	35	67	0	2	70	0	1
18	32418186	.	T	A	15	13	28	0	1	29	0	0
18	32418189	.	A	G	15	12	27	0	0	27	0	0
18	32444166	.	A	G	11	14	25	0	4	29	0	0
18	32461896	.	A	G	15	21	36	0	1	37	0	0
18	32462984	.	G	C	22	24	46	0	1	47	0	0
18	32470291	.	G	A	142	145	287	0	14	301	0	0
18	32470939	.	T	A	20	31	51	0	3	54	0	0
18	32887591	.	A	G	25	24	49	0	1	50	0	0
18	32887914	.	A	G	14	9	23	0	0	23	0	0
18	32887933	.	A	G	15	10	25	0	1	26	0	0
18	32889432	.	C	T	12	12	24	0	3	27	0	0
18	32890451	.	G	A	14	23	37	0	1	38	0	0
18	32917644	.	T	C	13	12	25	0	3	28	0	0
18	32919217	.	A	C	41	46	87	0	0	88	1	0
18	33048554	.	C	T	29	24	53	0	1	54	0	0
18	33048617	.	G	A	30	31	61	0	0	61	0	0
18	33058203	.	A	G	38	27	65	0	0	65	0	0
18	33077660	.	A	G	25	26	51	0	13	64	0	0
18	33422218	.	A	T	25	19	44	0	0	44	0	0
18	33422315	.	T	A	25	32	57	0	0	57	0	0
18	33422665	.	A	G	13	17	30	0	0	30	0	0
18	33694120	.	G	A	28	29	57	0	2	59	0	0
18	33696772	.	A	C	33	24	57	0	2	59	0	0
18	33696865	.	T	G	16	11	27	0	1	28	0	0
18	33704403	.	T	C	18	8	26	0	2	28	0	0
18	33709762	.	G	C	24	25	49	0	5	54	0	0
18	33713132	.	T	C	12	17	29	0	3	32	0	0
18	33713287	.	T	A	31	54	85	0	1	86	0	0
18	33718326	.	A	C	60	51	111	0	8	119	0	0
18	33722107	.	T	C	15	28	43	0	1	44	0	0
18	33722425	.	A	G	17	17	34	0	0	34	0	0
18	33725874	.	T	G	26	18	44	0	2	47	0	1
18	33725931	.	G	A	33	23	56	0	0	56	0	0
18	33744677	.	T	C	39	33	72	0	2	74	0	0
18	33744766	.	T	G	10	14	24	0	0	24	0	0
18	33750046	.	C	T	88	92	180	0	10	191	0	1
18	33750314	.	G	A	11	10	21	0	3	24	0	0
18	33767749	.	G	A	30	40	70	0	0	71	0	1
18	33828980	.	C	G	22	16	38	0	0	38	0	0
18	33829077	.	T	C	11	9	20	0	0	20	0	0
18	33831044	.	C	T	15	8	23	0	1	24	0	0
18	33839956	.	C	T	41	52	93	0	4	98	0	1
18	33840189	.	T	C	17	22	39	0	1	40	0	0
18	34156277	.	C	T	17	15	32	0	3	35	0	0
18	34156278	.	T	G	16	17	33	0	1	34	0	0
18	34156497	.	A	G	56	52	108	0	6	114	0	0
18	34192160	.	C	T	16	15	31	0	4	35	0	0
18	34205245	.	G	A	9	12	21	0	1	22	0	0
18	34205268	.	T	C	14	13	27	0	1	28	0	0
18	34205385	.	A	G	33	37	70	0	3	73	0	0
18	34205415	.	T	C	48	35	83	0	4	87	0	0
18	34232610	.	C	T	25	16	41	0	5	46	0	0
18	34238059	.	C	T	36	27	63	0	3	67	1	0
18	34261559	.	T	A	44	22	66	0	5	71	0	0
18	34273250	.	C	T	21	21	42	0	7	51	0	2
18	34320630	.	G	A	20	13	33	0	1	34	0	0
18	34324091	.	G	A	27	15	42	0	1	43	0	0
18	34324287	.	T	G	14	16	30	0	0	30	0	0
18	34338772	.	C	G	8	14	22	0	2	24	0	0
18	34340447	.	T	C	40	37	77	0	3	80	0	0
18	34340651	.	C	T	51	43	94	0	5	99	0	0
18	34340850	.	G	A	13	11	24	0	1	25	0	0
18	34647423	.	C	T	15	15	30	0	3	33	0	0
18	34802294	.	G	A	23	21	44	0	1	45	0	0
18	34802320	.	G	A	21	17	38	0	2	40	0	0
18	34833046	.	G	A	28	19	47	0	6	53	0	0
18	34850846	.	G	A	16	14	30	0	3	33	0	0
18	35066814	.	A	G	46	63	109	0	7	116	0	0
18	36915043	.	G	C	40	33	73	1	5	79	0	0
18	36915294	.	G	A	31	29	60	0	3	63	0	0
18	36915385	.	G	T	22	22	44	4	2	50	0	0
18	39537375	.	A	T	13	10	23	0	0	23	0	0
18	39647222	.	A	C	55	40	95	0	1	96	0	0
18	40503349	.	G	C	14	9	23	0	0	23	0	0
18	40857391	.	A	G	20	19	39	0	0	40	0	1
18	41559142	.	G	A	17	14	31	0	3	34	0	0
18	41559268	.	T	G	45	32	77	0	7	84	0	0
18	41559321	.	C	G	47	42	89	0	1	90	0	0
18	42358797	.	A	C	73	86	159	0	7	166	0	0
18	42359004	.	G	A	28	26	54	0	4	58	0	0
18	42393311	.	T	C	11	12	23	0	1	24	0	0
18	42435226	.	T	G	10	76	86	0	3	90	0	1
18	42529996	.	G	C	12	13	25	0	1	26	0	0
18	43310180	.	A	G	8	15	23	0	0	23	0	0
18	43310313	.	G	A	19	20	39	0	3	42	0	0
18	43310415	.	G	A	17	21	38	0	0	38	0	0
18	43310845	.	G	C	15	14	29	0	0	29	0	0
18	43311054	.	G	A	50	44	94	0	4	98	0	0
18	43311131	.	G	A	47	41	88	0	3	91	0	0
18	43318924	.	C	G	14	18	32	0	0	33	0	1
18	43319060	.	T	C	59	54	113	0	4	118	0	1
18	43329590	.	T	G	22	21	43	0	2	45	0	0
18	43427623	.	G	A	18	20	38	0	0	38	0	0
18	43438436	.	T	A	18	25	43	0	0	43	0	0
18	43445816	.	G	C	20	25	45	0	2	47	0	0
18	43447504	.	T	C	25	25	50	0	1	51	0	0
18	43450351	.	T	C	10	12	22	0	0	22	0	0
18	43450358	.	G	A	13	10	23	0	0	23	0	0
18	43456296	.	C	T	20	22	42	0	2	44	0	0
18	43460182	.	G	A	9	15	24	0	1	25	0	0
18	43468003	.	T	C	13	8	21	0	1	22	0	0
18	43497506	.	G	A	20	23	43	0	1	44	0	0
18	43508788	.	A	C	14	17	31	0	1	32	0	0
18	43568717	.	T	C	10	13	23	0	0	23	0	0
18	43579395	.	T	C	50	47	97	0	3	100	0	0
18	43608511	.	T	C	17	8	25	0	0	25	0	0
18	43666607	.	A	G	15	16	31	0	2	33	0	0
18	43684418	.	G	A	64	80	144	0	27	172	0	1
18	44040873	.	C	A	16	16	32	0	3	36	0	1
18	44064952	.	C	T	30	35	65	0	12	77	0	0
18	44065232	.	G	C	9	17	26	0	3	29	0	0
18	44068950	.	C	T	44	36	80	0	0	80	0	0
18	44109088	.	C	A	62	51	113	0	6	119	0	0
18	44124800	.	T	C	38	28	66	0	4	70	0	0
18	44135027	.	A	G	14	13	27	0	1	28	0	0
18	44135050	.	G	A	14	16	30	0	0	30	0	0
18	44135143	.	T	C	25	19	44	0	1	45	0	0
18	44139626	.	G	A	27	24	51	0	2	53	0	0
18	44143153	.	C	T	14	16	30	0	1	31	0	0
18	44149569	.	C	A	23	26	49	0	2	51	0	0
18	44149703	.	T	C	14	8	22	0	0	22	0	0
18	44157772	.	C	T	35	41	76	0	5	81	0	0
18	44171827	.	G	A	27	29	56	0	4	60	0	0
18	44174499	.	G	T	11	11	22	0	0	22	0	0
18	44268822	.	A	C	28	37	65	0	5	70	0	0
18	44268858	.	G	A	29	30	59	0	3	62	0	0
18	44271993	.	G	A	27	28	55	0	2	57	0	0
18	44409581	.	C	A	29	24	53	0	0	53	0	0
18	44409625	.	C	T	54	44	98	0	1	99	0	0
18	44426877	.	C	T	9	16	25	0	1	26	0	0
18	44559170	.	A	T	29	27	56	0	6	62	0	0
18	44560429	.	C	A	78	60	138	0	6	145	0	1
18	44561385	.	C	G	31	34	65	1	6	72	0	0
18	44601611	.	A	G	50	31	81	0	3	84	0	0
18	44610879	.	A	G	17	9	26	0	0	26	0	0
18	44771295	.	A	C	18	28	46	0	0	46	0	0
18	45359664	.	T	A	14	8	22	0	0	22	0	0
18	45364523	.	T	G	26	24	50	0	3	54	0	1
18	45555613	.	G	C	42	34	76	0	3	79	0	0
18	45706779	.	T	C	15	6	21	0	0	21	0	0
18	45711740	.	T	C	21	22	43	0	2	45	0	0
18	46343806	.	G	A	26	26	52	0	4	56	0	0
18	46383889	.	G	A	33	17	50	0	10	60	0	0
18	46385671	.	C	T	25	13	38	0	1	39	0	0
18	46388853	.	C	T	38	47	85	0	3	88	0	0
18	46389069	.	G	T	21	12	33	0	6	39	0	0
18	46996347	.	C	T	24	18	42	0	2	44	0	0
18	47010098	.	G	A	31	29	60	0	1	61	0	0
18	47015978	.	C	T	26	25	51	0	2	54	0	1
18	47016025	.	T	C	15	12	27	0	1	29	0	1
18	47017362	.	A	G	34	26	60	0	3	63	0	0
18	47021762	.	C	T	15	10	25	0	4	29	0	0
18	47022926	.	G	T	7	14	21	0	1	22	0	0
18	47088690	.	C	A	12	18	30	0	28	58	0	0
18	47088741	.	C	T	30	31	61	0	10	71	0	0
18	47102117	.	C	T	15	14	29	0	1	30	0	0
18	47107654	.	A	G	26	26	52	0	2	54	0	0
18	47108606	.	G	A	30	19	49	0	3	52	0	0
18	47113008	.	C	T	12	9	21	0	1	22	0	0
18	47116820	.	G	A	21	17	38	0	0	38	0	0
18	47313643	.	A	C	34	17	51	0	6	57	0	0
18	47352733	.	G	T	35	4	39	1	0	40	0	0
18	47352742	.	T	G	22	16	38	2	0	40	0	0
18	47352955	.	T	G	25	18	43	0	0	43	0	0
18	47361598	.	C	T	11	10	21	0	0	21	0	0
18	47367536	.	C	G	11	9	20	0	1	21	0	0
18	47369863	.	A	G	19	22	41	0	2	43	0	0
18	47398504	.	T	C	30	24	54	0	6	60	0	0
18	47398549	.	G	A	37	40	77	0	3	81	0	1
18	47401835	.	A	G	14	10	24	0	0	24	0	0
18	47401880	.	G	A	25	18	43	0	1	44	0	0
18	47401935	.	C	T	31	34	65	0	2	67	0	0
18	47401999	.	A	T	48	43	91	0	0	91	0	0
18	47404009	.	A	T	13	20	33	0	2	35	0	0
18	47404399	.	A	G	14	9	23	0	0	23	0	0
18	47405282	.	T	C	43	32	75	0	7	82	0	0
18	47405304	.	A	G	40	37	77	0	15	92	0	0
18	47405525	.	T	C	32	36	68	0	0	68	0	0
18	47405530	.	C	T	31	36	67	0	1	68	0	0
18	47406943	.	T	G	15	18	33	0	1	34	0	0
18	47455718	.	T	C	22	19	41	0	0	41	0	0
18	47455783	.	T	C	21	26	47	0	0	47	0	0
18	47463404	.	C	T	17	12	29	0	2	31	0	0
18	47480660	.	G	A	29	28	57	0	5	62	0	0
18	47480805	.	C	T	32	29	61	0	2	63	0	0
18	47480898	.	T	C	27	23	50	0	2	52	0	0
18	47480987	.	C	T	11	9	20	0	1	21	0	0
18	47488625	.	A	G	60	39	99	0	2	101	0	0
18	47489410	.	G	A	14	6	20	0	2	22	0	0
18	47506874	.	G	T	23	14	37	0	0	37	0	0
18	47563429	.	G	A	23	27	50	0	5	55	0	0
18	47769194	.	T	C	34	29	63	0	2	65	0	0
18	47777012	.	C	T	10	10	20	0	1	21	0	0
18	47777358	.	T	A	65	60	125	0	3	129	0	1
18	47787402	.	G	A	66	67	133	0	4	139	0	2
18	47788256	.	C	T	19	17	36	0	0	36	0	0
18	47802458	.	C	A	15	12	27	0	1	29	0	1
18	47802971	.	A	G	34	17	51	0	3	55	0	1
18	47809564	.	G	A	16	23	39	0	5	45	0	1
18	47810251	.	C	G	26	30	56	0	1	58	0	1
18	47810351	.	A	G	11	18	29	0	0	29	0	0
18	47810731	.	T	C	62	52	114	0	6	121	0	1
18	47902337	.	A	G	18	14	32	0	0	32	0	0
18	47906336	.	T	C	16	11	27	0	0	27	0	0
18	47906416	.	A	G	20	18	38	0	1	39	0	0
18	47911471	.	A	G	17	25	42	0	1	43	0	0
18	47911496	.	G	A	18	25	43	0	1	44	0	0
18	47911550	.	A	C	37	21	58	0	2	60	0	0
18	47911631	.	A	G	27	31	58	0	1	59	0	0
18	47917280	.	A	G	10	14	24	0	0	24	0	0
18	47917308	.	A	G	10	11	21	0	1	22	0	0
18	47918536	.	C	T	25	34	59	0	2	61	0	0
18	47927301	.	C	T	15	18	33	0	0	34	0	1
18	47927624	.	G	A	15	11	26	0	1	27	0	0
18	47985051	.	T	A	20	14	34	0	1	35	0	0
18	48255343	.	C	G	14	16	30	0	2	32	0	0
18	48255598	.	C	G	25	26	51	0	3	54	0	0
18	48325926	.	G	A	13	12	25	0	0	25	0	0
18	48326352	.	C	A	34	25	59	0	2	61	0	0
18	48326378	.	G	T	33	28	61	0	4	65	0	0
18	48327815	.	G	A	16	18	34	0	1	35	0	0
18	48331451	.	G	A	14	9	23	0	2	25	0	0
18	48331457	.	G	A	16	10	26	0	1	27	0	0
18	48446953	.	C	T	29	25	54	0	2	57	0	1
18	48575389	.	T	C	14	18	32	0	0	32	0	0
18	48591762	.	G	A	54	42	96	0	5	101	0	0
18	49371424	.	C	A	22	8	30	0	2	32	0	0
18	50225998	.	A	T	28	32	60	0	0	60	0	0
18	50450240	.	T	G	29	26	55	0	0	55	0	0
18	50451500	.	A	C	17	17	34	0	1	35	0	0
18	50451821	.	T	G	20	25	45	0	1	46	0	0
18	50961532	.	G	T	22	20	42	0	2	44	0	0
18	50994208	.	G	T	34	43	77	0	0	77	0	0
18	51053176	.	T	G	21	16	37	0	1	38	0	0
18	51681244	.	T	C	42	34	76	0	1	77	0	0
18	51686057	.	G	C	23	21	44	0	1	45	0	0
18	51731308	.	G	A	15	22	37	0	2	39	0	0
18	51796003	.	G	A	8	15	23	0	3	26	0	0
18	51803898	.	A	T	16	14	30	0	1	31	0	0
18	51850947	.	G	A	18	24	42	0	1	43	0	0
18	51880841	.	C	T	46	27	73	0	3	76	0	0
18	52258715	.	A	C	13	10	23	0	0	23	0	0
18	52265308	.	A	C	28	13	41	0	3	44	0	0
18	52555398	.	G	A	16	13	29	0	0	29	0	0
18	52609725	.	G	A	16	14	30	0	1	31	0	0
18	52895418	.	G	A	29	28	57	0	0	57	0	0
18	52895657	.	C	T	19	12	31	0	2	33	0	0
18	52896000	.	A	G	30	19	49	0	2	52	0	1
18	52896003	.	A	G	28	18	46	0	4	51	0	1
18	52901607	.	A	G	14	18	32	0	4	36	0	0
18	52921673	.	T	C	19	17	36	0	1	37	0	0
18	53070914	.	G	A	18	11	29	0	3	32	0	0
18	53131208	.	T	A	4	18	22	1	4	27	0	0
18	53158629	.	G	C	28	27	55	0	1	56	0	0
18	53158650	.	A	G	33	31	64	0	1	65	0	0
18	53177670	.	T	C	19	16	35	0	1	36	0	0
18	53177740	.	A	T	37	23	60	0	3	63	0	0
18	53177774	.	G	C	44	29	73	0	1	74	0	0
18	53253387	.	C	G	26	20	46	2	8	56	0	0
18	53253410	.	G	C	51	16	67	2	5	74	0	0
18	53253431	.	G	C	47	30	77	2	3	82	0	0
18	53253649	.	G	A	20	25	45	0	0	45	0	0
18	53696010	.	A	G	25	16	41	0	1	42	0	0
18	53696180	.	C	A	59	36	95	0	2	97	0	0
18	54281831	.	T	C	27	20	47	0	1	48	0	0
18	54354074	.	C	T	69	66	135	0	2	137	0	0
18	54359062	.	G	A	13	15	28	0	0	28	0	0
18	54363747	.	A	G	20	19	39	0	0	40	0	1
18	54448778	.	G	A	18	29	47	0	1	48	0	0
18	54591354	.	C	T	62	49	111	0	6	117	0	0
18	54605919	.	A	C	18	15	33	0	0	33	0	0
18	54687813	.	G	A	11	10	21	0	3	24	0	0
18	54694151	.	A	G	10	13	23	0	0	23	0	0
18	54694452	.	C	T	24	26	50	0	9	60	1	0
18	54694681	.	T	C	18	10	28	0	1	29	0	0
18	54694726	.	C	T	18	16	34	0	2	36	0	0
18	54815247	.	C	G	29	15	44	0	1	45	0	0
18	54815257	.	T	C	29	17	46	0	2	48	0	0
18	54815307	.	A	G	28	17	45	0	2	48	0	1
18	55021588	.	C	T	33	38	71	0	5	76	0	0
18	55021725	.	A	C	37	30	67	0	2	70	0	1
18	55024099	.	G	A	15	16	31	0	0	31	0	0
18	55028642	.	G	A	10	15	25	0	0	25	0	0
18	55143766	.	C	T	30	36	66	0	2	68	0	0
18	55144035	.	C	T	35	34	69	0	2	71	0	0
18	55144045	.	G	A	38	31	69	0	4	73	0	0
18	55144264	.	G	A	16	21	37	0	2	39	0	0
18	55144748	.	G	A	42	53	95	0	4	99	0	0
18	55144957	.	G	A	15	15	30	0	1	31	0	0
18	55145034	.	G	A	16	18	34	0	1	35	0	0
18	55145116	.	A	G	22	22	44	0	0	44	0	0
18	55145575	.	C	G	22	15	37	0	0	37	0	0
18	55145692	.	A	T	21	12	33	0	0	33	0	0
18	55145765	.	G	C	21	15	36	0	0	36	0	0
18	55146343	.	A	G	30	19	49	0	1	50	0	0
18	55146436	.	C	A	13	11	24	0	2	26	0	0
18	55146682	.	A	G	47	47	94	0	4	98	0	0
18	55146886	.	C	T	27	31	58	0	5	63	0	0
18	55150271	.	A	C	35	24	59	0	3	62	0	0
18	55150413	.	T	C	16	20	36	0	2	39	1	0
18	55150993	.	A	C	21	17	38	0	0	38	0	0
18	55153266	.	T	C	27	23	50	0	0	50	0	0
18	55155641	.	A	G	13	19	32	0	3	35	0	0
18	55155711	.	C	G	32	24	56	0	1	57	0	0
18	55155870	.	G	A	31	29	60	0	3	63	0	0
18	55158130	.	C	T	25	34	59	0	3	62	0	0
18	55218139	.	C	T	22	22	44	0	5	49	0	0
18	55226254	.	T	C	13	9	22	0	0	22	0	0
18	55240505	.	C	T	36	37	73	0	2	75	0	0
18	55247360	.	T	C	37	25	62	0	5	67	0	0
18	55283236	.	T	C	25	28	53	0	4	57	0	0
18	55288007	.	G	A	18	25	43	0	0	43	0	0
18	55289076	.	C	T	14	19	33	0	1	34	0	0
18	55334295	.	G	A	21	13	34	0	0	34	0	0
18	55338656	.	G	A	55	47	102	0	2	104	0	0
18	55338866	.	A	T	18	20	38	0	2	40	0	0
18	55358917	.	G	A	19	15	34	0	2	36	0	0
18	55368149	.	G	A	16	13	29	0	1	30	0	0
18	55431330	.	T	C	21	22	43	0	4	48	0	1
18	55431407	.	C	T	14	17	31	0	4	35	0	0
18	55431414	.	C	T	18	13	31	0	5	36	0	0
18	55506125	.	G	T	24	16	40	0	0	40	0	0
18	55506887	.	C	T	9	11	20	0	2	22	0	0
18	55832896	.	C	T	37	40	77	0	0	77	0	0
18	55983330	.	T	C	23	29	52	0	4	56	0	0
18	56063314	.	C	T	34	35	69	0	0	70	0	1
18	56118493	.	C	T	8	21	29	0	0	29	0	0
18	56149099	.	T	C	34	32	66	0	1	67	0	0
18	56182145	.	A	G	18	10	28	0	1	29	0	0
18	56196451	.	C	T	25	21	46	0	1	47	0	0
18	56202768	.	C	A	49	39	88	0	4	92	0	0
18	56203074	.	G	A	64	74	138	0	5	143	0	0
18	56203120	.	C	T	66	60	126	0	4	130	0	0
18	56204410	.	C	T	55	35	90	0	4	94	0	0
18	56204644	.	T	G	34	30	64	0	7	71	0	0
18	56204671	.	A	T	28	26	54	0	6	60	0	0
18	56204932	.	T	G	36	45	81	0	1	82	0	0
18	56204945	.	C	G	39	41	80	0	3	83	0	0
18	56204977	.	C	T	45	41	86	0	4	90	0	0
18	56204991	.	C	T	51	42	93	0	2	95	0	0
18	56205262	.	A	C	79	77	156	0	5	161	0	0
18	56205481	.	G	A	17	17	34	0	0	34	0	0
18	56246442	.	T	C	25	22	47	0	3	50	0	0
18	56247180	.	T	C	81	81	162	0	5	167	0	0
18	56247567	.	A	G	120	100	220	0	8	228	0	0
18	56247600	.	C	A	118	93	211	0	9	220	0	0
18	56376936	.	A	G	13	7	20	0	2	22	0	0
18	56400547	.	T	G	24	22	46	0	0	46	0	0
18	56400826	.	T	C	22	22	44	0	1	45	0	0
18	56409002	.	A	C	11	12	23	0	0	23	0	0
18	56413121	.	G	C	14	11	25	0	0	25	0	0
18	56615656	.	C	G	14	11	25	0	0	25	0	0
18	56817003	.	A	G	11	14	25	0	2	27	0	0
18	56892947	.	T	C	31	25	56	0	4	60	0	0
18	56963902	.	G	T	25	30	55	0	2	57	0	0
18	57000303	.	G	A	20	24	44	0	2	46	0	0
18	57016610	.	T	C	14	14	28	0	3	31	0	0
18	57022754	.	T	C	49	51	100	0	2	102	0	0
18	57103015	.	G	A	39	33	72	0	3	75	0	0
18	57122073	.	C	T	33	23	56	0	1	58	0	1
18	57136971	.	G	A	13	12	25	0	3	28	0	0
18	57147351	.	G	A	17	10	27	0	0	27	0	0
18	57147390	.	C	G	19	11	30	0	1	31	0	0
18	57147392	.	G	T	20	10	30	0	0	30	0	0
18	57567641	.	C	A	44	35	79	0	4	83	0	0
18	57638330	.	G	A	71	43	114	0	1	115	0	0
18	57864092	.	C	G	32	27	59	0	0	59	0	0
18	59166541	.	C	T	30	28	58	0	8	66	0	0
18	59174817	.	C	A	26	19	45	0	3	48	0	0
18	59206145	.	G	A	11	12	23	0	1	24	0	0
18	59482283	.	A	G	16	24	40	0	3	43	0	0
18	59483514	.	A	G	36	35	71	0	1	72	0	0
18	59624771	.	C	T	28	21	49	0	1	50	0	0
18	59741966	.	C	A	28	12	40	0	0	41	0	1
18	59777011	.	T	C	15	13	28	0	0	28	0	0
18	59805329	.	T	C	15	9	24	0	0	24	0	0
18	59805366	.	T	C	25	16	41	0	2	43	0	0
18	59805400	.	T	G	31	24	55	0	0	55	0	0
18	59806342	.	T	A	13	9	22	0	0	22	0	0
18	59807604	.	G	A	17	10	27	0	0	27	0	0
18	59807635	.	T	C	13	16	29	0	1	31	0	1
18	59807758	.	A	G	15	7	22	0	0	22	0	0
18	59810563	.	A	G	37	21	58	0	1	59	0	0
18	59813265	.	A	T	22	26	48	0	1	50	0	1
18	59821952	.	A	G	9	11	20	0	0	20	0	0
18	59911950	.	C	T	89	83	172	0	2	174	0	0
18	59942777	.	T	A	16	22	38	0	5	43	0	0
18	59947988	.	G	A	28	19	47	0	1	48	0	0
18	59948027	.	T	C	16	11	27	0	2	29	0	0
18	59954765	.	G	T	20	20	40	0	1	41	0	0
18	59958678	.	G	A	35	32	67	0	0	67	0	0
18	59972793	.	C	A	56	40	96	0	1	97	0	0
18	59972841	.	G	A	60	39	99	0	3	102	0	0
18	60027005	.	T	A	19	7	26	0	0	26	0	0
18	60027149	.	T	A	38	26	64	0	2	66	0	0
18	60027171	.	C	T	45	28	73	0	1	74	0	0
18	60027241	.	C	T	37	35	72	0	3	75	0	0
18	60027361	.	G	A	29	13	42	0	3	45	0	0
18	60028762	.	G	A	10	15	25	0	2	27	0	0
18	60028842	.	G	A	33	27	60	0	2	62	0	0
18	60036531	.	G	A	30	40	70	0	3	73	0	0
18	60083076	.	G	C	25	33	58	0	1	59	0	0
18	60109717	.	C	T	48	48	96	0	12	108	0	0
18	60110284	.	T	C	59	44	103	0	3	106	0	0
18	60110529	.	A	T	19	18	37	0	1	38	0	0
18	60223457	.	A	G	34	27	61	0	4	65	0	0
18	60230188	.	A	G	32	33	65	0	1	66	0	0
18	60241257	.	G	C	45	33	78	0	3	82	1	0
18	60241732	.	C	T	42	47	89	0	5	95	0	1
18	60243876	.	G	A	43	51	94	0	4	98	0	0
18	60505973	.	C	T	17	9	26	0	2	28	0	0
18	60562298	.	A	T	44	39	83	0	5	88	0	0
18	60806872	.	C	T	28	25	53	0	4	57	0	0
18	60985879	.	T	C	34	35	69	0	6	75	0	0
18	61018083	.	C	T	21	15	36	0	0	36	0	0
18	61022634	.	T	C	28	23	51	0	1	52	0	0
18	61022791	.	C	T	22	27	49	0	0	49	0	0
18	61027121	.	T	C	17	9	26	0	1	27	0	0
18	61034175	.	A	G	10	12	22	0	0	22	0	0
18	61151535	.	T	C	11	10	21	0	0	21	0	0
18	61151659	.	G	T	34	33	67	0	3	70	0	0
18	61154351	.	T	C	22	16	38	0	2	40	0	0
18	61156606	.	G	C	18	16	34	0	0	34	0	0
18	61160035	.	G	A	35	29	64	0	1	65	0	0
18	61160287	.	T	C	31	36	67	0	3	70	0	0
18	61160320	.	G	C	24	25	49	0	3	52	0	0
18	61225801	.	C	T	26	28	54	0	3	57	0	0
18	61226588	.	G	A	17	6	23	0	0	23	0	0
18	61226694	.	G	A	24	24	48	0	2	50	0	0
18	61226740	.	G	A	43	44	87	0	3	90	0	0
18	61228248	.	T	C	19	18	37	0	1	38	0	0
18	61231417	.	A	G	22	11	33	0	1	34	0	0
18	61233739	.	T	C	19	20	39	0	0	39	0	0
18	61260216	.	G	A	16	13	29	0	2	31	0	0
18	61261565	.	C	G	30	25	55	0	4	59	0	0
18	61264468	.	C	T	13	20	33	0	3	36	0	0
18	61271065	.	G	A	9	12	21	0	0	22	1	0
18	61271070	.	G	A	11	10	21	0	0	21	0	0
18	61304960	.	G	A	48	47	95	0	2	97	0	0
18	61305079	.	T	G	63	48	111	0	5	116	0	0
18	61307083	.	T	C	16	9	25	0	2	27	0	0
18	61308295	.	A	T	34	27	61	0	0	61	0	0
18	61308858	.	T	C	23	24	47	0	2	49	0	0
18	61308958	.	A	C	44	46	90	0	3	93	0	0
18	61308963	.	A	G	44	47	91	0	1	92	0	0
18	61310738	.	T	C	104	95	199	6	2	207	0	0
18	61322849	.	G	C	38	36	74	1	0	75	0	0
18	61322865	.	C	T	32	37	69	2	0	71	0	0
18	61322998	.	G	A	60	62	122	0	4	126	0	0
18	61323228	.	C	G	71	77	148	1	8	159	1	1
18	61323259	.	A	T	65	49	114	3	2	120	0	1
18	61323339	.	T	C	43	34	77	1	1	79	0	0
18	61325905	.	T	G	36	33	69	0	1	70	0	0
18	61328260	.	G	C	92	79	171	0	8	179	0	0
18	61329180	.	C	T	60	61	121	0	3	125	0	1
18	61383254	.	T	A	17	20	37	0	2	39	0	0
18	61444932	.	C	T	16	16	32	0	2	34	0	0
18	61460286	.	A	T	13	10	23	0	0	23	0	0
18	61466024	.	C	T	25	26	51	0	1	52	0	0
18	61466058	.	T	C	19	24	43	0	0	43	0	0
18	61468085	.	T	A	24	21	45	0	1	46	0	0
18	61468306	.	G	C	14	14	28	0	0	28	0	0
18	61471529	.	C	T	41	36	77	0	2	79	0	0
18	61471887	.	G	A	13	14	27	0	0	27	0	0
18	61558478	.	G	A	20	31	51	0	1	52	0	0
18	61558656	.	C	G	44	58	102	0	5	107	0	0
18	61562690	.	C	T	51	46	97	0	0	97	0	0
18	61564742	.	T	C	16	26	42	0	1	43	0	0
18	61565014	.	C	T	32	40	72	0	1	73	0	0
18	61568869	.	A	T	15	26	41	0	0	42	0	1
18	61582867	.	A	G	18	22	40	0	0	40	0	0
18	61584817	.	T	C	27	14	41	0	0	42	0	1
18	61587053	.	G	A	34	30	64	0	5	69	0	0
18	61587067	.	C	T	28	31	59	0	5	64	0	0
18	61587241	.	G	A	32	28	60	0	1	61	0	0
18	61597534	.	C	T	13	8	21	0	0	21	0	0
18	61600384	.	C	T	39	33	72	0	2	74	0	0
18	61602360	.	G	A	25	20	45	0	1	46	0	0
18	61637225	.	A	G	13	25	38	0	3	41	0	0
18	61638526	.	C	T	26	15	41	0	0	41	0	0
18	61647069	.	G	A	23	19	42	0	0	42	0	0
18	61648837	.	G	A	23	17	40	0	0	41	0	1
18	61649170	.	A	G	21	13	34	0	1	35	0	0
18	61650865	.	G	A	21	31	52	0	1	53	0	0
18	61653570	.	C	G	31	23	54	0	0	55	0	1
18	61739645	.	A	C	10	10	20	0	0	20	0	0
18	61747443	.	C	G	18	16	34	0	1	35	0	0
18	63430129	.	T	A	37	25	62	0	6	68	0	0
18	63430340	.	G	A	22	19	41	0	0	41	0	0
18	63491766	.	T	G	9	11	20	0	0	20	0	0
18	63491797	.	A	G	16	15	31	0	1	32	0	0
18	63492124	.	G	A	29	25	54	0	1	55	0	0
18	63511176	.	T	C	50	67	117	0	3	120	0	0
18	63527083	.	C	T	30	20	50	0	0	50	0	0
18	63527085	.	A	T	29	19	48	0	2	50	0	0
18	66364396	.	G	A	17	13	30	0	0	30	0	0
18	66377209	.	A	T	17	16	33	0	0	33	0	0
18	66378567	.	G	T	28	25	53	0	1	54	0	0
18	66381217	.	G	A	20	14	34	0	1	35	0	0
18	66506039	.	G	A	28	33	61	0	2	63	0	0
18	66513615	.	A	G	11	11	22	0	2	24	0	0
18	66513662	.	T	C	10	12	22	0	2	24	0	0
18	66542006	.	G	T	38	27	65	0	1	66	0	0
18	67344770	.	A	G	13	7	20	0	0	21	0	1
18	67345034	.	T	C	61	54	115	0	2	117	0	0
18	67365577	.	G	A	22	31	53	0	4	58	0	1
18	67365585	.	A	G	25	34	59	0	4	64	0	1
18	67531642	.	T	C	29	26	55	0	2	57	0	0
18	67534642	.	C	T	47	40	87	0	4	91	0	0
18	67724840	.	G	C	12	9	21	0	1	22	0	0
18	67844029	.	T	C	24	37	61	0	2	63	0	0
18	68097717	.	C	T	16	14	30	0	2	32	0	0
18	70204283	.	T	C	13	7	20	0	0	20	0	0
18	70208898	.	G	T	39	38	77	0	3	80	0	0
18	70416119	.	T	C	25	24	49	0	2	51	0	0
18	70532977	.	A	G	13	14	27	0	1	28	0	0
18	71749359	.	G	A	15	17	32	0	3	35	0	0
18	71790637	.	T	A	22	21	43	0	1	44	0	0
18	71797439	.	A	G	8	14	22	0	1	23	0	0
18	71815965	.	C	A	29	28	57	0	7	64	0	0
18	71816278	.	G	A	9	13	22	0	0	22	0	0
18	71822321	.	A	G	29	35	64	0	5	69	0	0
18	72109428	.	G	A	22	8	30	0	1	31	0	0
18	72114181	.	C	T	12	10	22	0	6	29	0	1
18	72178368	.	A	T	20	16	36	0	2	38	0	0
18	72178410	.	C	T	14	8	22	0	1	23	0	0
18	72180723	.	G	A	29	17	46	0	9	55	0	0
18	72185918	.	G	A	47	32	79	0	4	83	0	0
18	72186404	.	G	A	14	13	27	0	0	27	0	0
18	72187160	.	C	T	18	17	35	0	1	36	0	0
18	72226809	.	C	A	21	12	33	0	3	36	0	0
18	72229212	.	G	A	11	14	25	0	1	26	0	0
18	72234635	.	C	T	27	27	54	0	2	56	0	0
18	72247278	.	C	T	26	21	47	0	1	48	0	0
18	72250762	.	T	C	74	79	153	0	0	154	0	1
18	72264387	.	T	G	40	30	70	0	2	72	0	0
18	72264397	.	A	C	29	38	67	0	7	74	0	0
18	72264473	.	C	T	59	44	103	0	5	108	0	0
18	72343181	.	A	G	28	24	52	0	2	54	0	0
18	72344223	.	T	C	14	15	29	0	1	30	0	0
18	72345890	.	A	C	19	20	39	0	3	42	0	0
18	72347482	.	T	C	31	28	59	0	1	60	0	0
18	72776121	.	G	A	43	33	76	0	5	82	1	0
18	73122128	.	G	A	48	57	105	0	4	109	0	0
18	74091235	.	G	C	34	15	49	0	4	53	0	0
18	74153775	.	C	T	15	18	33	0	5	38	0	0
18	74606855	.	A	G	18	12	30	0	2	32	0	0
18	74610875	.	G	A	13	14	27	0	1	28	0	0
18	74611127	.	A	G	24	23	47	0	1	48	0	0
18	74611130	.	C	T	23	20	43	0	1	44	0	0
18	74622529	.	A	G	11	9	20	0	0	20	0	0
18	74627577	.	C	T	32	29	61	0	1	63	0	1
18	74636976	.	A	G	16	16	32	0	5	38	0	1
18	74637067	.	T	C	32	34	66	0	1	68	0	1
18	74638878	.	T	C	17	10	27	0	0	27	0	0
18	74639340	.	G	A	15	19	34	0	3	37	0	0
18	74671441	.	C	T	47	45	92	0	2	94	0	0
18	74721697	.	G	A	30	37	67	0	3	70	0	0
18	74722006	.	C	T	15	20	35	0	2	37	0	0
18	74778239	.	A	G	43	33	76	0	4	80	0	0
18	74778245	.	G	A	43	37	80	0	3	83	0	0
18	74778515	.	G	T	71	54	125	0	4	129	0	0
18	74779595	.	C	T	13	16	29	0	0	29	0	0
18	74779604	.	C	G	15	16	31	0	0	31	0	0
18	74779612	.	T	C	15	15	30	0	0	30	0	0
18	74779614	.	C	A	14	15	29	0	0	29	0	0
18	74779653	.	A	G	17	23	40	0	3	43	0	0
18	74779866	.	G	A	52	34	86	0	5	91	0	0
18	74780001	.	G	T	14	15	29	0	2	31	0	0
18	74780020	.	T	C	11	15	26	0	2	28	0	0
18	74780966	.	G	A	42	33	75	0	5	80	0	0
18	74781011	.	T	C	43	25	68	0	3	71	0	0
18	74781086	.	A	C	17	18	35	0	4	39	0	0
18	74980809	.	G	A	17	12	29	0	0	29	0	0
18	75147497	.	A	G	13	7	20	0	1	21	0	0
18	75148002	.	A	G	15	14	29	0	2	32	1	0
18	75148016	.	G	A	20	13	33	0	2	35	0	0
18	75148028	.	A	C	20	14	34	0	0	34	0	0
18	75148377	.	G	A	7	16	23	0	0	23	0	0
18	75148536	.	T	C	10	12	22	0	0	22	0	0
18	76754367	.	C	T	25	16	41	0	5	46	0	0
18	76754466	.	C	T	15	17	32	0	0	32	0	0
18	76754871	.	G	T	15	18	33	0	2	35	0	0
18	76870347	.	T	G	21	16	37	0	1	38	0	0
18	76870397	.	G	A	27	28	55	0	3	58	0	0
18	77063702	.	G	A	10	12	22	0	0	22	0	0
18	77067171	.	C	T	41	38	79	0	1	80	0	0
18	77096714	.	G	A	17	10	27	0	3	30	0	0
18	77097146	.	A	C	14	9	23	0	4	28	0	1
18	77097186	.	C	A	17	6	23	0	2	25	0	0
18	77106116	.	G	A	15	18	33	0	3	36	0	0
18	77170569	.	G	A	44	42	86	0	8	94	0	0
18	77210764	.	C	G	15	12	27	0	3	30	0	0
18	77211595	.	T	C	32	26	58	0	6	64	0	0
18	77211764	.	T	C	47	50	97	0	10	107	0	0
18	77221207	.	C	A	29	30	59	0	4	63	0	0
18	77221264	.	C	T	44	30	74	0	10	84	0	0
18	77221278	.	G	A	50	40	90	0	8	98	0	0
18	77221393	.	T	C	82	16	98	0	5	103	0	0
18	77221409	.	G	A	68	26	94	0	5	100	1	0
18	77221412	.	T	C	64	27	91	0	6	97	0	0
18	77221420	.	C	G	54	33	87	0	5	92	0	0
18	77227217	.	A	G	24	4	28	0	0	28	0	0
18	77227394	.	G	A	36	68	104	2	12	118	0	0
18	77227476	.	A	G	90	56	146	0	7	153	0	0
18	77246142	.	C	A	22	20	42	0	2	45	0	1
18	77254190	.	G	C	14	10	24	3	0	27	0	0
18	77254194	.	G	A	19	9	28	6	1	35	0	0
18	77254221	.	A	G	16	14	30	12	1	43	0	0
18	77254325	.	A	G	20	7	27	40	6	73	0	0
18	77254469	.	A	G	9	12	21	69	4	94	0	0
18	77254471	.	C	G	7	16	23	70	2	95	0	0
18	77255969	.	A	G	16	5	21	0	2	23	0	0
18	77255970	.	A	G	16	5	21	0	2	23	0	0
18	77256005	.	G	A	22	5	27	0	3	30	0	0
18	77256331	.	G	A	15	16	31	0	1	32	0	0
18	77287760	.	G	A	15	13	28	0	1	29	0	0
18	77287776	.	A	G	15	12	27	0	0	27	0	0
18	77287875	.	G	A	15	8	23	0	2	26	0	1
18	77455116	.	G	A	18	21	39	0	3	42	0	0
18	77455227	.	C	T	55	31	86	0	10	96	0	0
18	77456172	.	A	G	13	9	22	0	3	25	0	0
18	77465031	.	A	G	25	20	45	0	3	48	0	0
18	77470122	.	A	G	12	11	23	0	0	23	0	0
18	77470259	.	T	G	24	34	58	0	0	58	0	0
18	77470303	.	C	T	34	46	80	0	0	80	0	0
18	77473086	.	G	A	25	37	62	0	3	66	0	1
18	77474921	.	G	A	17	13	30	0	1	31	0	0
18	77498826	.	G	A	23	31	54	0	2	56	0	0
18	77514253	.	G	A	7	15	22	0	0	22	0	0
18	77659495	.	T	C	15	25	40	0	1	41	0	0
18	77703476	.	A	G	41	45	86	0	3	89	0	0
18	77703935	.	C	A	49	36	85	0	8	94	0	1
18	77728135	.	G	T	17	15	32	0	1	33	0	0
18	77730282	.	A	G	16	12	28	0	0	28	0	0
18	77733976	.	A	G	18	4	22	0	1	23	0	0
18	77736735	.	T	C	18	27	45	0	1	46	0	0
18	77797321	.	C	T	27	20	47	0	2	49	0	0
18	77802008	.	G	A	17	12	29	0	1	30	0	0
18	77805949	.	A	C	24	32	56	0	7	63	0	0
18	77891079	.	T	G	17	9	26	0	1	27	0	0
18	77936017	.	G	A	27	30	57	0	4	61	0	0
19	27732070	.	A	T	16	54	70	19	2	182	47	44
19	27732077	.	T	C	69	59	128	18	3	204	1	54
19	27732101	.	T	C	41	82	123	21	8	208	0	56
19	27732159	.	T	G	17	105	122	30	7	242	0	83
19	27732170	.	T	C	95	21	116	35	10	245	4	80
19	27732180	.	T	A	28	98	126	36	4	233	0	67
19	27732201	.	T	C	57	90	147	38	11	250	0	54
19	27732257	.	G	C	91	58	149	42	4	242	1	46
19	27732258	.	C	T	58	89	147	41	5	239	0	46
19	27732665	.	T	C	10	71	81	36	1	141	0	23
19	27732670	.	A	C	8	78	86	38	1	149	0	24
19	27733152	.	T	C	8	54	62	46	2	135	0	25
19	27733167	.	G	C	8	38	46	47	0	112	0	19
19	27733170	.	G	C	8	36	44	47	0	108	0	17
19	27733187	.	T	C	10	46	56	56	3	138	0	23
19	27734319	.	A	C	81	41	122	20	4	165	0	19
19	27734353	.	C	G	60	51	111	28	4	145	0	2
19	27735339	.	A	C	15	7	22	5	0	45	0	18
19	27735373	.	C	G	6	16	22	5	0	42	0	15
19	27736228	.	G	C	33	3	36	22	2	69	0	9
19	27736231	.	G	C	32	5	37	23	3	72	0	9
19	27736248	.	T	C	41	5	46	25	1	81	0	9
19	27736270	.	G	A	6	36	42	25	1	76	0	8
19	27736287	.	C	T	5	61	66	25	2	101	0	8
19	27736291	.	G	C	5	60	65	26	1	103	3	8
19	27736302	.	A	C	34	44	78	27	3	116	0	8
19	27736312	.	A	T	24	46	70	18	0	92	0	4
19	27736331	.	T	G	24	42	66	28	3	98	0	1
19	27736340	.	T	C	15	51	66	29	4	101	0	2
19	27736699	.	A	C	22	9	31	24	0	69	0	14
19	27736733	.	C	G	17	19	36	28	1	86	0	21
20	25755441	.	A	C	4	22	26	17	2	45	0	0
20	25755461	.	C	T	22	13	35	21	0	60	0	4
20	25755462	.	G	T	26	7	33	21	1	59	0	4
20	25755465	.	C	G	8	30	38	22	0	64	0	4
20	25755475	.	T	C	9	29	38	19	2	65	0	6
20	25755526	.	C	T	21	17	38	19	1	71	0	13
20	25755549	.	C	A	25	7	32	13	1	59	0	13
20	25755558	.	G	T	8	18	26	12	1	49	0	10
20	25755562	.	A	C	15	7	22	12	2	45	0	9
20	25829260	.	C	T	26	50	76	54	3	133	0	0
20	25829329	.	A	T	19	35	54	49	0	103	0	0
20	25836376	.	T	C	15	21	36	0	1	40	0	3
20	25836401	.	G	T	26	15	41	1	0	45	0	3
20	25836414	.	T	C	15	24	39	2	0	44	0	3
20	25836497	.	C	T	11	13	24	9	3	36	0	0
20	25836558	.	G	A	7	19	26	8	2	36	0	0
20	25840530	.	C	T	26	3	29	12	2	54	0	11
20	25840551	.	C	G	18	13	31	17	2	68	0	18
20	25840598	.	A	G	22	10	32	16	1	65	0	16
20	25846292	.	C	T	16	4	20	13	1	61	0	27
20	25846298	.	G	C	17	5	22	14	1	64	0	27
20	25846306	.	A	C	3	19	22	15	1	66	0	28
20	25848512	.	G	T	7	13	20	11	1	32	0	0
20	25848532	.	G	A	6	20	26	12	0	38	0	0
20	25848542	.	C	T	18	7	25	16	1	45	2	1
20	25848548	.	G	C	11	22	33	17	0	51	0	1
20	25848556	.	G	C	26	11	37	19	1	58	0	1
20	25848562	.	G	A	23	11	34	20	3	59	0	2
20	25848566	.	G	A	13	21	34	18	2	56	0	2
20	25848572	.	C	A	23	8	31	10	2	46	0	3
20	25848580	.	G	A	13	15	28	15	2	48	0	3
20	25848587	.	A	T	12	10	22	7	0	32	0	3
20	25848589	.	C	G	12	8	20	7	2	32	0	3
20	25848605	.	C	T	8	23	31	13	1	58	0	13
20	25848614	.	C	A	26	14	40	16	2	74	0	16
20	25848620	.	C	T	32	10	42	18	2	78	0	16
20	25848627	.	G	C	35	12	47	18	1	82	0	16
20	25848631	.	T	C	35	13	48	19	3	86	0	16
20	25848643	.	C	T	17	35	52	20	1	91	0	18
20	25848666	.	A	C	24	18	42	22	3	89	6	16
20	25848690	.	C	G	25	11	36	23	4	71	1	7
20	25848691	.	T	C	24	12	36	23	4	70	0	7
20	25848716	.	C	T	6	27	33	16	3	57	0	5
20	25848719	.	C	G	25	5	30	15	4	55	1	5
20	25848723	.	A	G	25	4	29	14	2	50	0	5
20	25848735	.	C	A	27	6	33	19	3	58	0	3
20	25848746	.	A	C	10	19	29	15	4	50	0	2
20	25848768	.	C	A	11	17	28	13	0	43	0	2
20	25848770	.	A	C	16	9	25	13	1	41	0	2
20	25848776	.	G	T	6	16	22	12	1	36	0	1
GL000199.1	168302	.	A	T	15	8	23	7	0	43	0	13
