# The following table is formatted as tab separated values. 
#GeneName	GeneId	TranscriptId	BioType	variants_impact_HIGH	variants_impact_LOW	variants_impact_MODERATE	variants_impact_MODIFIER	variants_effect_3_prime_UTR_variant	variants_effect_5_prime_UTR_premature_start_codon_gain_variant	variants_effect_5_prime_UTR_variant	variants_effect_downstream_gene_variant	variants_effect_intron_variant	variants_effect_missense_variant	variants_effect_non_coding_transcript_exon_variant	variants_effect_splice_acceptor_variant	variants_effect_splice_donor_variant	variants_effect_splice_region_variant	variants_effect_start_lost	variants_effect_stop_gained	variants_effect_stop_lost	variants_effect_stop_retained_variant	variants_effect_synonymous_variant	variants_effect_upstream_gene_variant
	.1094	uc001hof.1		0	0	0	1	0	0	0	1	0	0	0	0	0	0	0	0	0	0	0	0
	.11	uc002khh.3		0	0	0	1	0	0	0	0	0	0	1	0	0	0	0	0	0	0	0	0
	.11344	uc011edc.1		1	0	0	27	0	0	0	0	6	0	22	0	1	0	0	0	0	0	0	0
	.11344	uc011edd.1		1	1	0	26	0	0	0	0	2	0	26	0	1	1	0	0	0	0	0	0
	.12185	uc003tso.1		0	0	0	68	0	0	0	18	0	0	5	0	0	0	0	0	0	0	0	45
	.13298	uc004adn.4		0	0	0	2	0	0	0	0	0	0	2	0	0	0	0	0	0	0	0	0
	.1653	uc001ksz.2		0	0	0	4	0	0	0	0	4	0	0	0	0	0	0	0	0	0	0	0
	.1785	uc001lnz.2		0	0	0	15	0	0	0	0	10	0	0	0	0	0	0	0	0	0	0	5
	.2515	uc010sdk.1		0	0	0	8	0	0	0	5	1	0	2	0	0	0	0	0	0	0	0	0
	.3971	uc021sev.1		0	0	0	1	0	0	0	1	0	0	0	0	0	0	0	0	0	0	0	0
	.3972	uc010tyw.1		0	0	0	8	0	0	0	3	0	0	0	0	0	0	0	0	0	0	0	5
	.3973	uc021sew.1		0	0	0	11	0	0	0	6	0	0	0	0	0	0	0	0	0	0	0	5
	.3974	uc001ytf.1		0	2	0	27	0	0	0	4	16	0	7	0	0	2	0	0	0	0	0	2
	.3975	uc010tyx.1		0	1	0	29	0	0	0	1	18	0	11	0	0	1	0	0	0	0	0	0
	.3976	uc001ytj.3		0	0	0	2	0	0	0	0	0	0	2	0	0	0	0	0	0	0	0	0
	.3977	uc021sex.1		0	0	0	17	0	0	0	13	0	0	0	0	0	0	0	0	0	0	0	4
	.3978	uc010tzb.1		0	0	0	18	0	0	0	8	0	0	0	0	0	0	0	0	0	0	0	10
	.3979	uc021sey.1		0	0	0	16	0	0	0	0	0	0	0	0	0	0	0	0	0	0	0	16
	.3980	uc001ytn.3		0	0	0	9	0	0	0	2	0	0	0	0	0	0	0	0	0	0	0	7
	.3981	uc021sez.1		0	0	0	12	0	0	0	2	0	0	0	0	0	0	0	0	0	0	0	10
	.3982	uc001ytp.3		0	0	0	18	0	0	0	3	0	0	0	0	0	0	0	0	0	0	0	15
	.3983	uc001ytq.2		0	0	0	16	0	0	0	15	0	0	0	0	0	0	0	0	0	0	0	1
	.3984	uc021sfa.1		0	0	0	13	0	0	0	1	0	0	0	0	0	0	0	0	0	0	0	12
	.3985	uc010tzd.2		0	1	0	19	0	0	0	5	10	0	5	0	0	1	0	0	0	0	0	0
	.3986	uc021sfb.1		0	0	0	1	0	0	0	0	0	0	0	0	0	0	0	0	0	0	0	1
	.3987	uc021sfc.1		0	0	0	1	0	0	0	0	0	0	0	0	0	0	0	0	0	0	0	1
	.3988	uc010tzf.2		0	0	0	14	0	0	0	1	10	0	3	0	0	0	0	0	0	0	0	0
	.3989	uc001ytv.1		0	0	0	15	0	0	0	0	4	0	3	0	0	0	0	0	0	0	0	8
	.3990	uc001ytw.2		0	0	0	2	0	0	0	0	0	0	1	0	0	0	0	0	0	0	0	1
	.3993	uc010tzj.1		0	0	0	19	0	0	0	0	0	0	19	0	0	0	0	0	0	0	0	0
	.3994	uc010tzk.1	protein_coding	0	0	2	2	1	0	0	1	0	2	0	0	0	0	0	0	0	0	0	0
	.3995	uc021sfd.1		0	0	0	2	0	0	0	0	0	0	0	0	0	0	0	0	0	0	0	2
	.3996	uc010tzl.2		0	0	0	2	0	0	0	0	0	0	0	0	0	0	0	0	0	0	0	2
	.3997	uc001yts.3		0	0	0	2	0	0	0	2	0	0	0	0	0	0	0	0	0	0	0	0
	.3998	uc010tzm.2		0	0	0	2	0	0	0	0	0	0	0	0	0	0	0	0	0	0	0	2
	.3999	uc021sfe.1		0	0	0	2	0	0	0	2	0	0	0	0	0	0	0	0	0	0	0	0
	.4000	uc010tzn.1		0	0	0	2	0	0	0	2	0	0	0	0	0	0	0	0	0	0	0	0
	.4001	uc001ytt.2		0	0	0	2	0	0	0	0	0	0	0	0	0	0	0	0	0	0	0	2
	.4002	uc010tzo.2		0	0	0	2	0	0	0	2	0	0	0	0	0	0	0	0	0	0	0	0
	.4003	uc010tzp.1		0	0	0	2	0	0	0	2	0	0	0	0	0	0	0	0	0	0	0	0
	.4004	uc010tzq.2		0	0	0	9	0	0	0	0	8	0	1	0	0	0	0	0	0	0	0	0
	.4005	uc001ytz.1		0	0	0	34	0	0	0	0	33	0	1	0	0	0	0	0	0	0	0	0
	.4005	uc001yua.3		0	0	0	39	0	0	0	0	34	0	5	0	0	0	0	0	0	0	0	0
	.4005	uc001yub.1		0	0	0	45	0	0	0	0	35	0	5	0	0	0	0	0	0	0	0	5
	.4005	uc001yuj.2		0	0	0	158	0	0	0	0	156	0	2	0	0	0	0	0	0	0	0	0
	.4005	uc001yuk.3		0	0	0	23	0	0	0	19	0	0	1	0	0	0	0	0	0	0	0	3
	.4005	uc001yum.3		0	0	0	13	0	0	0	0	0	0	0	0	0	0	0	0	0	0	0	13
	.4005	uc010tzs.1		0	0	0	14	0	0	0	0	5	0	2	0	0	0	0	0	0	0	0	7
	.4005	uc010tzw.1		0	0	0	22	0	0	0	2	0	0	0	0	0	0	0	0	0	0	0	20
	.4005	uc010tzy.1		0	0	0	3	0	0	0	2	0	0	0	0	0	0	0	0	0	0	0	1
	.4005	uc021sff.1		0	0	0	2	0	0	0	0	0	0	1	0	0	0	0	0	0	0	0	1
	.4005	uc021sfg.1		0	0	0	7	0	0	0	0	4	0	1	0	0	0	0	0	0	0	0	2
	.4005	uc021sfi.1		0	0	0	21	0	0	0	2	0	0	0	0	0	0	0	0	0	0	0	19
	.4005	uc021sfj.1		0	0	0	18	0	0	0	0	0	0	0	0	0	0	0	0	0	0	0	18
	.4005	uc021sfk.1		0	0	0	3	0	0	0	0	0	0	0	0	0	0	0	0	0	0	0	3
	.4005	uc021sfl.1		0	0	0	6	0	0	0	3	0	0	0	0	0	0	0	0	0	0	0	3
	.4006	uc010axz.1	protein_coding	0	0	0	8	0	0	0	0	6	0	0	0	0	0	0	0	0	0	0	2
	.4007	uc001yvf.2		0	0	0	79	0	0	0	0	78	0	1	0	0	0	0	0	0	0	0	0
	.4008	uc001yvg.3		0	1	0	10	0	0	0	1	7	0	3	0	0	1	0	0	0	0	0	0
	.4008	uc010ayc.3		0	1	0	9	0	0	0	0	8	0	2	0	0	1	0	0	0	0	0	0
	.4008	uc010ayd.3		0	1	0	9	0	0	0	0	8	0	2	0	0	1	0	0	0	0	0	0
	.4008	uc010aye.1		0	1	0	9	0	0	0	0	6	0	3	0	0	1	0	0	0	0	0	1
	.4009	uc001yvi.3		0	0	0	31	0	0	0	6	0	0	0	0	0	0	0	0	0	0	0	25
	.4010	uc021sfm.1		0	0	0	38	0	0	0	8	0	0	1	0	0	0	0	0	0	0	0	29
	.4011	uc021sfn.1		0	0	0	39	0	0	0	10	0	0	0	0	0	0	0	0	0	0	0	29
	.4012	uc001yvl.3		0	0	0	43	0	0	0	11	0	0	0	0	0	0	0	0	0	0	0	32
	.4013	uc001yvm.3		0	0	0	44	0	0	0	24	0	0	0	0	0	0	0	0	0	0	0	20
	.4014	uc021sfo.1		0	0	0	39	0	0	0	29	0	0	0	0	0	0	0	0	0	0	0	10
	.4015	uc021sfp.1		0	0	0	38	0	0	0	6	0	0	1	0	0	0	0	0	0	0	0	31
	.4016	uc001yvo.4		0	0	0	31	0	0	0	0	20	0	6	0	0	0	0	0	0	0	0	5
	.4016	uc001yvp.4		1	0	0	36	0	0	0	0	25	0	11	0	1	0	0	0	0	0	0	1
	.4016	uc001yvq.2		0	1	0	29	0	0	0	0	18	0	4	0	0	1	0	0	0	0	0	8
	.4016	uc010ayf.1		0	0	0	25	0	0	0	6	13	0	6	0	0	0	0	0	0	0	0	0
	.4017	uc001yvs.3		0	0	0	2	0	0	0	0	0	0	0	0	0	0	0	0	0	0	0	2
	.4018	uc021sfq.1		0	0	0	10	0	0	0	7	0	0	0	0	0	0	0	0	0	0	0	3
	.4019	uc010uac.1		0	0	0	8	0	0	0	3	0	0	0	0	0	0	0	0	0	0	0	5
	.4020	uc002ceb.3		0	0	0	8	0	0	0	1	0	0	0	0	0	0	0	0	0	0	0	7
	.4021	uc002cdv.2		0	0	0	5	0	0	0	1	0	0	0	0	0	0	0	0	0	0	0	4
	.4022	uc021sfr.1		0	0	0	6	0	0	0	2	0	0	0	0	0	0	0	0	0	0	0	4
	.4023	uc001yvx.2		0	0	0	6	0	0	0	4	0	0	0	0	0	0	0	0	0	0	0	2
	.4024	uc021sfs.1		0	0	0	6	0	0	0	2	0	0	0	0	0	0	0	0	0	0	0	4
	.4025	uc021sft.1		0	0	0	10	0	0	0	7	0	0	0	0	0	0	0	0	0	0	0	3
	.4026	uc021sfu.1		0	0	0	8	0	0	0	4	0	0	0	0	0	0	0	0	0	0	0	4
	.4027	uc001ywc.3		0	0	0	8	0	0	0	1	0	0	0	0	0	0	0	0	0	0	0	7
	.4028	uc001ywd.3		0	0	0	11	0	0	0	3	0	0	0	0	0	0	0	0	0	0	0	8
	.4028	uc001ywe.3		0	0	0	23	0	0	0	10	0	0	0	0	0	0	0	0	0	0	0	13
	.4028	uc001ywf.3		0	0	0	15	0	0	0	12	0	0	1	0	0	0	0	0	0	0	0	2
	.4028	uc021sfv.2		0	1	0	24	0	0	0	0	18	0	7	0	0	1	0	0	0	0	0	0
	.4028	uc021sfw.1		0	0	0	15	0	0	0	2	0	0	0	0	0	0	0	0	0	0	0	13
	.4029	uc021sfx.1	protein_coding	0	1	8	60	0	0	1	4	0	8	0	0	0	0	0	0	0	0	1	55
	.4030	uc010ayh.2		0	0	0	79	0	0	0	43	28	0	8	0	0	0	0	0	0	0	0	0
	.4033	uc001ywm.3		0	0	0	1	0	0	0	0	1	0	0	0	0	0	0	0	0	0	0	0
	.4034	uc001yxa.1		0	0	0	1	0	0	0	0	1	0	0	0	0	0	0	0	0	0	0	0
	.4034	uc001yxb.4		0	0	0	1	0	0	0	1	0	0	0	0	0	0	0	0	0	0	0	0
	.4034	uc001yxc.3		0	0	0	1	0	0	0	0	1	0	0	0	0	0	0	0	0	0	0	0
	.4034	uc001yxd.3	protein_coding	0	0	0	1	1	0	0	0	0	0	0	0	0	0	0	0	0	0	0	0
	.4036	uc001yxf.1		0	0	0	1	0	0	0	1	0	0	0	0	0	0	0	0	0	0	0	0
	.4037	uc001yxg.3		0	0	0	1	0	0	0	1	0	0	0	0	0	0	0	0	0	0	0	0
	.4038	uc001yxh.1		0	0	0	5	0	0	0	0	4	0	1	0	0	0	0	0	0	0	0	0
	.4038	uc001yxi.3		0	0	0	1	0	0	0	0	0	0	0	0	0	0	0	0	0	0	0	1
	.4038	uc001yxj.1		0	0	0	3	0	0	0	2	0	0	0	0	0	0	0	0	0	0	0	1
	.4038	uc001yxk.3		0	0	0	1	0	0	0	0	0	0	0	0	0	0	0	0	0	0	0	1
	.4038	uc001yxl.4		0	0	0	1	0	0	0	1	0	0	0	0	0	0	0	0	0	0	0	0
	.4038	uc001yxm.1		0	0	0	4	0	0	0	0	3	0	1	0	0	0	0	0	0	0	0	0
	.4038	uc001yxn.4		0	0	0	4	0	0	0	0	3	0	1	0	0	0	0	0	0	0	0	0
	.4038	uc001yxo.3		0	0	0	2	0	0	0	1	0	0	1	0	0	0	0	0	0	0	0	0
	.4038	uc001yxp.4		0	0	0	2	0	0	0	0	0	0	1	0	0	0	0	0	0	0	0	1
	.4038	uc001yxy.3		0	0	0	2	0	0	0	0	1	0	1	0	0	0	0	0	0	0	0	0
	.4038	uc001yxz.3		0	0	0	1	0	0	0	1	0	0	0	0	0	0	0	0	0	0	0	0
	.4038	uc001yya.3		0	0	0	2	0	0	0	2	0	0	0	0	0	0	0	0	0	0	0	0
	.4038	uc001yyb.4		0	0	0	2	0	0	0	0	1	0	1	0	0	0	0	0	0	0	0	0
	.4038	uc001yyc.3		0	0	0	2	0	0	0	2	0	0	0	0	0	0	0	0	0	0	0	0
	.4038	uc001yyd.3		0	0	0	2	0	0	0	0	1	0	1	0	0	0	0	0	0	0	0	0
	.4038	uc001yye.1		0	0	0	2	0	0	0	1	0	0	0	0	0	0	0	0	0	0	0	1
	.4038	uc001yyf.3		0	0	0	2	0	0	0	0	0	0	0	0	0	0	0	0	0	0	0	2
	.4038	uc001yyg.1		0	0	0	2	0	0	0	0	0	0	0	0	0	0	0	0	0	0	0	2
	.4038	uc001yyh.3		0	0	0	1	0	0	0	0	0	0	0	0	0	0	0	0	0	0	0	1
	.4038	uc001yyi.1	protein_coding	0	0	0	1	0	0	0	1	0	0	0	0	0	0	0	0	0	0	0	0
	.4038	uc001yyp.1		0	0	0	8	0	0	0	4	2	0	2	0	0	0	0	0	0	0	0	0
	.4038	uc001yyq.1		0	0	0	5	0	0	0	4	0	0	0	0	0	0	0	0	0	0	0	1
	.4038	uc001yyr.1		0	0	0	5	0	0	0	1	0	0	0	0	0	0	0	0	0	0	0	4
	.4038	uc001yys.1		0	0	0	17	0	0	0	5	6	0	2	0	0	0	0	0	0	0	0	4
	.4038	uc001yyt.1		0	0	0	8	0	0	0	4	0	0	0	0	0	0	0	0	0	0	0	4
	.4038	uc001yyu.1		0	0	0	8	0	0	0	6	0	0	0	0	0	0	0	0	0	0	0	2
	.4038	uc001yyv.1		0	0	0	9	0	0	0	6	0	0	1	0	0	0	0	0	0	0	0	2
	.4038	uc001yyx.1		0	0	0	12	0	0	0	8	0	0	0	0	0	0	0	0	0	0	0	4
	.4038	uc001yyy.2	protein_coding	0	0	2	12	0	0	1	2	3	2	0	0	0	0	0	0	0	0	0	6
	.4038	uc001yyz.2		0	0	0	12	0	0	0	5	0	0	0	0	0	0	0	0	0	0	0	7
	.4038	uc001yza.1		0	0	0	14	0	0	0	2	3	0	2	0	0	0	0	0	0	0	0	7
	.4038	uc001yzb.1		0	0	0	11	0	0	0	4	0	0	1	0	0	0	0	0	0	0	0	6
	.4038	uc001yzc.1		0	0	0	10	0	0	0	2	0	0	0	0	0	0	0	0	0	0	0	8
	.4038	uc010ayk.3		0	0	0	2	0	0	0	1	0	0	1	0	0	0	0	0	0	0	0	0
	.4039	uc001yzd.1		0	0	0	7	0	0	0	2	0	0	0	0	0	0	0	0	0	0	0	5
	.4040	uc001yze.1		0	0	0	7	0	0	0	3	0	0	0	0	0	0	0	0	0	0	0	4
	.4041	uc001yzf.1		0	0	0	12	0	0	0	4	5	0	1	0	0	0	0	0	0	0	0	2
	.4041	uc001yzg.1		0	0	0	7	0	0	0	5	0	0	0	0	0	0	0	0	0	0	0	2
	.4041	uc001yzh.2		0	0	0	9	0	0	0	7	0	0	1	0	0	0	0	0	0	0	0	1
	.4041	uc001yzj.1		0	0	0	9	0	0	0	5	0	0	0	0	0	0	0	0	0	0	0	4
	.4041	uc001yzk.1		0	0	0	30	0	0	0	12	12	0	0	0	0	0	0	0	0	0	0	6
	.4041	uc001yzm.1		0	0	0	8	0	0	0	2	0	0	0	0	0	0	0	0	0	0	0	6
	.4041	uc001yzn.1		0	0	0	9	0	0	0	4	0	0	0	0	0	0	0	0	0	0	0	5
	.4041	uc001yzo.1		0	0	0	7	0	0	0	5	0	0	0	0	0	0	0	0	0	0	0	2
	.4041	uc001yzp.1		0	0	0	7	0	0	0	5	0	0	0	0	0	0	0	0	0	0	0	2
	.4041	uc001yzq.1		0	0	0	29	0	0	0	3	22	0	1	0	0	0	0	0	0	0	0	3
	.4041	uc001yzr.1		0	0	0	8	0	0	0	5	0	0	0	0	0	0	0	0	0	0	0	3
	.4041	uc001yzs.2		0	0	0	14	0	0	0	11	0	0	1	0	0	0	0	0	0	0	0	2
	.4041	uc001yzt.1		0	0	0	18	0	0	0	1	14	0	1	0	0	0	0	0	0	0	0	2
	.4041	uc001yzu.1		0	0	0	16	0	0	0	11	0	0	0	0	0	0	0	0	0	0	0	5
	.4041	uc001yzv.2		0	0	0	15	0	0	0	3	0	0	0	0	0	0	0	0	0	0	0	12
	.4041	uc001yzw.1		0	0	0	24	0	0	0	4	6	0	3	0	0	0	0	0	0	0	0	11
	.4041	uc001yzx.1		0	0	0	8	0	0	0	4	0	0	0	0	0	0	0	0	0	0	0	4
	.4041	uc001yzy.1		0	0	0	6	0	0	0	4	0	0	0	0	0	0	0	0	0	0	0	2
	.4041	uc001yzz.1		0	0	0	4	0	0	0	3	0	0	0	0	0	0	0	0	0	0	0	1
	.4041	uc001zaa.1		0	0	0	4	0	0	0	0	0	0	0	0	0	0	0	0	0	0	0	4
	.4041	uc001zab.1		0	0	0	5	0	0	0	1	0	0	0	0	0	0	0	0	0	0	0	4
	.4041	uc001zac.1		0	0	0	4	0	0	0	3	0	0	0	0	0	0	0	0	0	0	0	1
	.4041	uc010ayo.1		0	0	0	30	0	0	0	12	12	0	0	0	0	0	0	0	0	0	0	6
	.4041	uc010ayp.1		0	0	0	14	0	0	0	12	0	0	0	0	0	0	0	0	0	0	0	2
	.4041	uc010ayq.1		0	0	0	11	0	0	0	0	0	0	0	0	0	0	0	0	0	0	0	11
	.4041	uc010ayr.1		0	0	0	8	0	0	0	4	0	0	0	0	0	0	0	0	0	0	0	4
	.4042	uc001zad.1		0	0	0	5	0	0	0	3	0	0	0	0	0	0	0	0	0	0	0	2
	.4043	uc001zae.3		0	0	0	23	0	0	0	0	17	0	4	0	0	0	0	0	0	0	0	2
	.4043	uc001zaf.1		0	0	0	6	0	0	0	2	0	0	0	0	0	0	0	0	0	0	0	4
	.4043	uc001zag.1		0	0	0	9	0	0	0	5	0	0	0	0	0	0	0	0	0	0	0	4
	.4043	uc001zah.1		0	0	0	9	0	0	0	7	0	0	0	0	0	0	0	0	0	0	0	2
	.4043	uc001zai.1		0	0	0	8	0	0	0	5	0	0	1	0	0	0	0	0	0	0	0	2
	.4043	uc001zaj.1		0	0	0	9	0	0	0	2	0	0	0	0	0	0	0	0	0	0	0	7
	.4043	uc001zak.1		0	0	0	10	0	0	0	4	0	0	0	0	0	0	0	0	0	0	0	6
	.4043	uc001zal.1		0	0	0	6	0	0	0	3	0	0	0	0	0	0	0	0	0	0	0	3
	.4043	uc001zam.1		0	0	0	4	0	0	0	1	0	0	1	0	0	0	0	0	0	0	0	2
	.4043	uc001zan.1		0	0	0	5	0	0	0	2	3	0	0	0	0	0	0	0	0	0	0	0
	.4043	uc001zap.1		0	0	0	3	0	0	0	3	0	0	0	0	0	0	0	0	0	0	0	0
	.4044	uc001zau.2		0	0	0	1	0	0	0	0	1	0	0	0	0	0	0	0	0	0	0	0
	.4045	uc001zav.1		0	0	0	1	0	0	0	0	0	0	0	0	0	0	0	0	0	0	0	1
	.4047	uc021sgd.1		0	0	0	1	0	0	0	0	0	0	0	0	0	0	0	0	0	0	0	1
	.4051	uc001zbe.1		0	0	0	4	0	0	0	0	0	0	1	0	0	0	0	0	0	0	0	3
	.4052	uc001zbk.1	protein_coding	0	1	2	12	0	0	0	1	6	2	0	0	0	0	0	0	0	0	1	5
	.4053	uc001zbl.2	protein_coding	0	4	0	66	0	2	8	1	58	0	0	0	0	1	0	0	0	0	1	0
	.4054	uc002ceh.1		0	0	0	3	0	0	0	2	0	0	0	0	0	0	0	0	0	0	0	1
	.4055	uc002cei.1		0	0	0	5	0	0	0	4	0	0	0	0	0	0	0	0	0	0	0	1
	.4056	uc021sgj.1		0	0	0	4	0	0	0	0	0	0	0	0	0	0	0	0	0	0	0	4
	.4057	uc001zbq.3		0	0	0	6	0	0	0	0	0	0	0	0	0	0	0	0	0	0	0	6
	.4058	uc021sgk.1		0	0	0	10	0	0	0	0	0	0	0	0	0	0	0	0	0	0	0	10
	.4059	uc001zbs.3		0	0	0	10	0	0	0	10	0	0	0	0	0	0	0	0	0	0	0	0
	.4060	uc021sgl.1		0	0	0	10	0	0	0	0	0	0	0	0	0	0	0	0	0	0	0	10
	.4063	uc021sgo.1		0	0	0	3	0	0	0	0	0	0	0	0	0	0	0	0	0	0	0	3
	.4064	uc001zbw.3		0	0	0	3	0	0	0	2	0	0	0	0	0	0	0	0	0	0	0	1
	.4065	uc002cdz.3		0	0	0	5	0	0	0	3	0	0	0	0	0	0	0	0	0	0	0	2
	.4066	uc001zbx.3		0	0	0	3	0	0	0	1	0	0	0	0	0	0	0	0	0	0	0	2
	.4067	uc010uai.2		0	0	0	1	0	0	0	0	0	0	0	0	0	0	0	0	0	0	0	1
	.4068	uc021sgp.1		0	0	0	1	0	0	0	0	0	0	0	0	0	0	0	0	0	0	0	1
	.4069	uc001zca.1		0	0	0	3	0	0	0	1	0	0	0	0	0	0	0	0	0	0	0	2
	.4069	uc010uaj.1	protein_coding	0	0	0	3	0	0	0	2	0	0	0	0	0	0	0	0	0	0	0	1
	.4070	uc010ayz.1		0	0	0	2	0	0	0	0	2	0	0	0	0	0	0	0	0	0	0	0
	.4071	uc010aza.1		0	1	0	5	0	0	0	1	4	0	1	0	0	1	0	0	0	0	0	0
	.4071	uc010azb.1		0	0	0	6	0	0	0	1	4	0	1	0	0	0	0	0	0	0	0	0
	.4072	uc010uam.1		0	0	0	11	0	0	0	10	0	0	0	0	0	0	0	0	0	0	0	1
	.4073	uc010azc.3		0	1	0	30	0	0	0	0	21	0	10	0	0	1	0	0	0	0	0	0
	.4073	uc010uan.1		0	0	0	14	0	0	0	0	5	0	8	0	0	0	0	0	0	0	0	1
	.4073	uc010uao.1		0	0	0	22	0	0	0	0	9	0	7	0	0	0	0	0	0	0	0	6
	.4074	uc021sgq.1		0	0	0	15	0	0	0	4	0	0	0	0	0	0	0	0	0	0	0	11
	.4075	uc001zcc.3		0	0	0	15	0	0	0	7	0	0	1	0	0	0	0	0	0	0	0	7
	.4076	uc001zcd.3		0	0	0	18	0	0	0	8	0	0	0	0	0	0	0	0	0	0	0	10
	.4077	uc001zce.1		0	0	0	17	0	0	0	8	0	0	0	0	0	0	0	0	0	0	0	9
	.4078	uc021sgr.1		0	0	0	15	0	0	0	6	0	0	0	0	0	0	0	0	0	0	0	9
	.4079	uc001zcg.2		0	0	0	14	0	0	0	6	0	0	0	0	0	0	0	0	0	0	0	8
	.4080	uc001zci.1		0	0	0	1	0	0	0	0	0	0	1	0	0	0	0	0	0	0	0	0
	.4080	uc010azf.3		0	0	0	1	0	0	0	1	0	0	0	0	0	0	0	0	0	0	0	0
	.4080	uc010azg.1		0	0	0	1	0	0	0	0	0	0	1	0	0	0	0	0	0	0	0	0
	.4080	uc010azh.1		0	0	0	1	0	0	0	0	0	0	1	0	0	0	0	0	0	0	0	0
	.4080	uc010azi.1		0	0	0	1	0	0	0	0	0	0	1	0	0	0	0	0	0	0	0	0
	.4080	uc010uap.2		0	0	0	1	0	0	0	0	0	0	1	0	0	0	0	0	0	0	0	0
	.4081	uc021sgs.1		0	0	0	3	0	0	0	2	0	0	1	0	0	0	0	0	0	0	0	0
	.4082	uc001zcj.3		0	0	0	11	0	0	0	8	2	0	1	0	0	0	0	0	0	0	0	0
	.4082	uc021sgt.1		0	1	0	50	0	0	0	0	44	0	6	0	0	1	0	0	0	0	0	1
	.4084	uc001zct.2		0	0	0	8	0	0	0	1	0	0	0	0	0	0	0	0	0	0	0	7
	.4084	uc001zcu.2	protein_coding	0	1	1	12	0	0	0	12	0	1	0	0	0	0	0	0	0	0	1	0
	.4084	uc001zcw.1		0	0	0	9	0	0	0	1	0	0	0	0	0	0	0	0	0	0	0	8
	.4084	uc021sgu.1		0	0	0	9	0	0	0	1	0	0	0	0	0	0	0	0	0	0	0	8
	.4085	uc001zcx.2		0	0	0	16	0	0	0	6	0	0	0	0	0	0	0	0	0	0	0	10
	.4086	uc021sgv.1		0	0	0	17	0	0	0	9	0	0	0	0	0	0	0	0	0	0	0	8
	.4087	uc021sgw.1		0	0	0	17	0	0	0	8	0	0	0	0	0	0	0	0	0	0	0	9
	.4088	uc021sgx.1		0	0	0	16	0	0	0	6	0	0	1	0	0	0	0	0	0	0	0	9
	.4089	uc021sgy.1		0	1	0	15	0	0	0	4	1	0	0	0	0	1	0	0	0	0	0	11
	.4090	uc010uav.1		0	0	0	1	0	0	0	1	0	0	0	0	0	0	0	0	0	0	0	0
	.4091	uc001zcz.3		0	0	0	1	0	0	0	1	0	0	0	0	0	0	0	0	0	0	0	0
	.4092	uc001zda.3		0	0	0	1	0	0	0	1	0	0	0	0	0	0	0	0	0	0	0	0
	.4093	uc010uaw.2		0	0	0	1	0	0	0	1	0	0	0	0	0	0	0	0	0	0	0	0
	.4094	uc001zdb.2		0	0	0	1	0	0	0	1	0	0	0	0	0	0	0	0	0	0	0	0
	.4095	uc001zdd.3		0	0	0	1	0	0	0	1	0	0	0	0	0	0	0	0	0	0	0	0
	.4096	uc001zde.3		0	0	0	1	0	0	0	1	0	0	0	0	0	0	0	0	0	0	0	0
	.4097	uc001zdf.3		0	0	0	1	0	0	0	1	0	0	0	0	0	0	0	0	0	0	0	0
	.4097	uc021sgz.1		0	0	0	1	0	0	0	0	0	0	0	0	0	0	0	0	0	0	0	1
	.4099	uc001zdk.3		0	0	0	2	0	0	0	2	0	0	0	0	0	0	0	0	0	0	0	0
	.4100	uc001zdl.2		0	0	0	4	0	0	0	2	0	0	0	0	0	0	0	0	0	0	0	2
	.4100	uc010azm.1	protein_coding	0	0	0	7	0	0	0	5	2	0	0	0	0	0	0	0	0	0	0	0
	.4100	uc021shb.1		0	0	0	5	0	0	0	2	0	0	0	0	0	0	0	0	0	0	0	3
	.4100	uc021shc.1		0	0	0	5	0	0	0	2	0	0	0	0	0	0	0	0	0	0	0	3
	.4101	uc001zdn.3		0	0	0	6	0	0	0	1	0	0	0	0	0	0	0	0	0	0	0	5
	.4102	uc021shd.1		0	0	0	6	0	0	0	3	0	0	0	0	0	0	0	0	0	0	0	3
	.4103	uc001zdo.3		0	0	0	6	0	0	0	3	0	0	0	0	0	0	0	0	0	0	0	3
	.4104	uc021she.1		0	0	0	6	0	0	0	1	0	0	0	0	0	0	0	0	0	0	0	5
	.4105	uc001zdp.2		0	0	0	4	0	0	0	2	0	0	0	0	0	0	0	0	0	0	0	2
	.4106	uc001zdq.3		0	0	0	4	0	0	0	2	0	0	0	0	0	0	0	0	0	0	0	2
	.4107	uc001zds.2		0	0	0	4	0	0	0	1	3	0	0	0	0	0	0	0	0	0	0	0
	.4107	uc001zdv.3		0	0	0	2	0	0	0	1	0	0	0	0	0	0	0	0	0	0	0	1
	.4117	uc010ubb.1		0	0	0	1	0	0	0	1	0	0	0	0	0	0	0	0	0	0	0	0
	.4118	uc021shi.1		0	0	0	13	0	0	0	1	0	0	0	0	0	0	0	0	0	0	0	12
	.4119	uc021shj.1		0	0	0	13	0	0	0	1	0	0	0	0	0	0	0	0	0	0	0	12
	.4120	uc001zed.3		0	0	0	13	0	0	0	9	0	0	0	0	0	0	0	0	0	0	0	4
	.4121	uc021shk.1		0	0	0	13	0	0	0	5	0	0	0	0	0	0	0	0	0	0	0	8
	.4122	uc001zef.3		0	0	0	13	0	0	0	8	0	0	0	0	0	0	0	0	0	0	0	5
	.4123	uc021shm.1		0	0	0	12	0	0	0	0	0	0	0	0	0	0	0	0	0	0	0	12
	.4124	uc001zeg.2		0	0	0	10	0	0	0	0	0	0	0	0	0	0	0	0	0	0	0	10
	.4125	uc010azq.2		0	0	0	3	0	0	0	0	0	0	0	0	0	0	0	0	0	0	0	3
	.4125	uc021shn.1		0	0	0	3	0	0	0	3	0	0	0	0	0	0	0	0	0	0	0	0
	.4126	uc001zek.3		0	0	0	3	0	0	0	3	0	0	0	0	0	0	0	0	0	0	0	0
	.4127	uc021sho.1		0	0	0	3	0	0	0	0	0	0	0	0	0	0	0	0	0	0	0	3
	.4128	uc010ube.1		0	0	0	3	0	0	0	3	0	0	0	0	0	0	0	0	0	0	0	0
	.4129	uc021shp.1		0	0	0	4	0	0	0	4	0	0	0	0	0	0	0	0	0	0	0	0
	.4130	uc021shq.1		0	0	0	4	0	0	0	4	0	0	0	0	0	0	0	0	0	0	0	0
	.4131	uc010ubf.1		0	0	0	4	0	0	0	4	0	0	0	0	0	0	0	0	0	0	0	0
	.4132	uc001zel.3		0	0	0	4	0	0	0	4	0	0	0	0	0	0	0	0	0	0	0	0
	.4133	uc001zem.3		0	0	0	4	0	0	0	4	0	0	0	0	0	0	0	0	0	0	0	0
	.4134	uc010ubg.2		0	0	0	4	0	0	0	4	0	0	0	0	0	0	0	0	0	0	0	0
	.4135	uc010ubh.2		0	0	0	4	0	0	0	4	0	0	0	0	0	0	0	0	0	0	0	0
	.4136	uc001zen.3		0	0	0	4	0	0	0	4	0	0	0	0	0	0	0	0	0	0	0	0
	.4137	uc001zeo.2		0	0	0	4	0	0	0	4	0	0	0	0	0	0	0	0	0	0	0	0
	.4138	uc001zep.3		0	0	0	4	0	0	0	4	0	0	0	0	0	0	0	0	0	0	0	0
	.4138	uc021shr.1		0	0	0	4	0	0	0	0	0	0	0	0	0	0	0	0	0	0	0	4
	.4139	uc001zeq.3		0	0	0	4	0	0	0	4	0	0	0	0	0	0	0	0	0	0	0	0
	.4140	uc001zer.4		0	1	0	4	0	0	0	3	2	0	0	0	0	1	0	0	0	0	0	0
	.4140	uc010azt.3		0	2	0	3	0	0	0	3	2	0	0	0	0	2	0	0	0	0	0	0
	.4140	uc010ubi.2		0	2	0	3	0	0	0	3	2	0	0	0	0	2	0	0	0	0	0	0
	.4141	uc001zes.2		0	0	0	10	0	0	0	7	0	0	0	0	0	0	0	0	0	0	0	3
	.4142	uc021shs.1		0	0	0	3	0	0	0	3	0	0	0	0	0	0	0	0	0	0	0	0
	.4143	uc001zeu.3		0	1	0	3	0	0	0	0	3	0	1	0	0	1	0	0	0	0	0	0
	.4143	uc001zev.3		0	0	0	5	0	0	0	0	3	0	1	0	0	0	0	0	0	0	0	1
	.4143	uc010azu.1		0	0	0	1	0	0	0	1	0	0	0	0	0	0	0	0	0	0	0	0
	.4143	uc010azv.1		0	0	0	4	0	0	0	0	4	0	0	0	0	0	0	0	0	0	0	0
	.4143	uc021sht.1		0	0	0	4	0	0	0	0	3	0	1	0	0	0	0	0	0	0	0	0
	.4143	uc021shu.1		0	0	0	4	0	0	0	0	3	0	1	0	0	0	0	0	0	0	0	0
	.4144	uc001zex.2		0	0	0	10	0	0	0	3	0	0	0	0	0	0	0	0	0	0	0	7
	.4145	uc021shv.1		0	0	0	11	0	0	0	4	0	0	0	0	0	0	0	0	0	0	0	7
	.4146	uc021shw.1		0	0	0	8	0	0	0	3	0	0	0	0	0	0	0	0	0	0	0	5
	.4147	uc001zfa.3		0	0	0	8	0	0	0	7	0	0	0	0	0	0	0	0	0	0	0	1
	.4148	uc001zfb.3		0	0	0	7	0	0	0	7	0	0	0	0	0	0	0	0	0	0	0	0
	.4149	uc021shx.1		0	0	0	6	0	0	0	0	0	0	0	0	0	0	0	0	0	0	0	6
	.4150	uc021shy.1		0	0	0	6	0	0	0	0	0	0	0	0	0	0	0	0	0	0	0	6
	.4151	uc031qre.1	protein_coding	0	0	0	11	0	0	0	0	6	0	0	0	0	0	0	0	0	0	0	5
	.4152	uc010ubl.1		0	0	0	2	0	0	0	0	0	0	0	0	0	0	0	0	0	0	0	2
	.4153	uc001zfl.3		0	0	0	28	0	0	0	0	22	0	3	0	0	0	0	0	0	0	0	3
	.4153	uc010ubm.1		0	0	0	11	0	0	0	6	0	0	0	0	0	0	0	0	0	0	0	5
	.4154	uc010ubn.1		0	0	0	9	0	0	0	1	0	0	1	0	0	0	0	0	0	0	0	7
	.4156	uc001zfs.1		0	0	0	14	0	0	0	0	14	0	0	0	0	0	0	0	0	0	0	0
	.4157	uc001zfu.3		0	0	0	3	0	0	0	2	0	0	0	0	0	0	0	0	0	0	0	1
	.4157	uc001zfv.1		0	0	0	7	0	0	0	1	6	0	0	0	0	0	0	0	0	0	0	0
	.4157	uc010bad.3		0	0	0	3	0	0	0	0	3	0	0	0	0	0	0	0	0	0	0	0
	.4157	uc010bae.3		0	0	0	6	0	0	0	2	4	0	0	0	0	0	0	0	0	0	0	0
	.4157	uc010bag.1		0	0	0	3	0	0	0	0	3	0	0	0	0	0	0	0	0	0	0	0
	.4157	uc010bah.1		0	0	0	6	0	0	0	2	4	0	0	0	0	0	0	0	0	0	0	0
	.4157	uc010bai.2	protein_coding	0	0	0	4	0	0	0	1	3	0	0	0	0	0	0	0	0	0	0	0
	.4158	uc001zfx.2		0	0	0	11	0	0	0	7	0	0	0	0	0	0	0	0	0	0	0	4
	.4159	uc001zfy.2		0	0	0	11	0	0	0	7	0	0	0	0	0	0	0	0	0	0	0	4
	.4160	uc021sid.1		0	0	0	18	0	0	0	5	0	0	0	0	0	0	0	0	0	0	0	13
	.4161	uc001zfz.2		0	0	0	18	0	0	0	11	0	0	0	0	0	0	0	0	0	0	0	7
	.4162	uc021sie.1		0	0	0	18	0	0	0	9	0	0	0	0	0	0	0	0	0	0	0	9
	.4163	uc001zga.2		0	0	0	18	0	0	0	6	0	0	0	0	0	0	0	0	0	0	0	12
	.4164	uc001zgb.3		0	0	0	22	0	0	0	11	7	0	2	0	0	0	0	0	0	0	0	2
	.4164	uc001zgc.3		0	0	0	9	0	0	0	2	0	0	0	0	0	0	0	0	0	0	0	7
	.4164	uc001zgd.3		0	0	0	8	0	0	0	0	5	0	2	0	0	0	0	0	0	0	0	1
	.4164	uc001zge.3		0	0	0	9	0	0	0	0	6	0	1	0	0	0	0	0	0	0	0	2
	.4164	uc010ubo.1		0	0	0	12	0	0	0	2	0	0	0	0	0	0	0	0	0	0	0	10
	.4164	uc010ubp.2		0	0	0	8	0	0	0	0	5	0	1	0	0	0	0	0	0	0	0	2
	.4165	uc001zgf.3		0	0	0	4	0	0	0	2	0	0	0	0	0	0	0	0	0	0	0	2
	.4166	uc001zgh.3		0	0	0	4	0	0	0	1	0	0	0	0	0	0	0	0	0	0	0	3
	.4166	uc021sif.1		0	0	0	4	0	0	0	3	0	0	0	0	0	0	0	0	0	0	0	1
	.4167	uc001zgi.2		0	0	0	4	0	0	0	1	0	0	0	0	0	0	0	0	0	0	0	3
	.4168	uc001zgj.3		0	0	0	4	0	0	0	1	0	0	0	0	0	0	0	0	0	0	0	3
	.4169	uc010ubq.2		0	0	0	4	0	0	0	1	0	0	0	0	0	0	0	0	0	0	0	3
	.4170	uc010ubr.2		0	0	0	4	0	0	0	1	0	0	0	0	0	0	0	0	0	0	0	3
	.4171	uc001zgl.3		0	0	0	4	0	0	0	1	0	0	0	0	0	0	0	0	0	0	0	3
	.4172	uc001zgm.3		0	0	0	4	0	0	0	1	0	0	0	0	0	0	0	0	0	0	0	3
	.4173	uc010ubs.1		0	0	0	4	0	0	0	1	0	0	0	0	0	0	0	0	0	0	0	3
	.4174	uc021sig.1		0	0	0	1	0	0	0	0	0	0	0	0	0	0	0	0	0	0	0	1
	.4175	uc001zgn.2		0	0	0	1	0	0	0	1	0	0	0	0	0	0	0	0	0	0	0	0
	.4176	uc021sih.1		0	0	0	1	0	0	0	0	0	0	0	0	0	0	0	0	0	0	0	1
	.4177	uc001zgo.3		0	0	0	2	0	0	0	2	0	0	0	0	0	0	0	0	0	0	0	0
	.4178	uc021sij.1		0	0	0	2	0	0	0	2	0	0	0	0	0	0	0	0	0	0	0	0
	.4179	uc001zgr.1		0	0	0	4	0	0	0	0	2	0	2	0	0	0	0	0	0	0	0	0
	.4179	uc021sik.1		0	0	0	4	0	0	0	0	2	0	2	0	0	0	0	0	0	0	0	0
	.4181	uc010bao.1		0	0	0	7	0	0	0	0	0	0	0	0	0	0	0	0	0	0	0	7
	.4182	uc021sil.1		0	0	0	4	0	0	0	2	0	0	0	0	0	0	0	0	0	0	0	2
	.4183	uc001zgu.3		0	0	0	3	0	0	0	1	0	0	0	0	0	0	0	0	0	0	0	2
	.4184	uc001zgv.2		0	0	0	2	0	0	0	0	0	0	0	0	0	0	0	0	0	0	0	2
	.4185	uc021sim.1		0	0	0	2	0	0	0	0	0	0	0	0	0	0	0	0	0	0	0	2
	.4186	uc021sin.1		0	0	0	2	0	0	0	0	0	0	0	0	0	0	0	0	0	0	0	2
	.4189	uc021sip.1		0	0	0	1	0	0	0	0	0	0	0	0	0	0	0	0	0	0	0	1
	.4190	uc031qri.1		0	0	0	9	0	0	0	0	7	0	2	0	0	0	0	0	0	0	0	0
	.4191	uc021siq.1		0	0	0	3	0	0	0	2	0	0	1	0	0	0	0	0	0	0	0	0
	.4192	uc001zht.3		0	0	0	12	0	0	0	3	4	0	5	0	0	0	0	0	0	0	0	0
	.4192	uc001zhy.3		0	1	0	20	0	0	0	3	9	0	8	0	0	1	0	0	0	0	0	1
	.4192	uc001zhz.3		0	1	0	20	0	0	0	3	9	0	8	0	0	1	0	0	0	0	0	1
	.4193	uc021sis.1		0	0	0	1	0	0	0	1	0	0	0	0	0	0	0	0	0	0	0	0
	.4194	uc021sit.1		0	0	0	6	0	0	0	4	0	0	0	0	0	0	0	0	0	0	0	2
	.4195	uc001zil.3		0	0	0	6	0	0	0	2	0	0	0	0	0	0	0	0	0	0	0	4
	.4196	uc021siu.1		0	0	0	5	0	0	0	2	0	0	0	0	0	0	0	0	0	0	0	3
	.4197	uc021siv.1		0	0	0	2	0	0	0	2	0	0	0	0	0	0	0	0	0	0	0	0
	.4198	uc021siw.1		0	0	0	25	0	0	0	15	0	0	1	0	0	0	0	0	0	0	0	9
	.4199	uc001zio.3		0	0	0	28	0	0	0	15	0	0	0	0	0	0	0	0	0	0	0	13
	.4200	uc010uce.2		0	0	0	32	0	0	0	18	0	0	0	0	0	0	0	0	0	0	0	14
	.4201	uc021six.1		0	0	0	22	0	0	0	19	0	0	0	0	0	0	0	0	0	0	0	3
	.4202	uc001zir.3		0	0	0	20	0	0	0	3	0	0	0	0	0	0	0	0	0	0	0	17
	.4203	uc010uch.1		0	0	0	8	0	0	0	2	0	0	0	0	0	0	0	0	0	0	0	6
	.4204	uc001zit.1		0	0	0	2	0	0	0	0	1	0	0	0	0	0	0	0	0	0	0	1
	.4205	uc001zix.1		0	0	0	5	0	0	0	5	0	0	0	0	0	0	0	0	0	0	0	0
	.4206	uc001ziy.3		0	0	0	2	0	0	0	0	0	0	1	0	0	0	0	0	0	0	0	1
	.4207	uc021siz.1		0	0	0	1	0	0	0	1	0	0	0	0	0	0	0	0	0	0	0	0
	.4208	uc001zjc.3		0	0	0	1	0	0	0	0	0	0	0	0	0	0	0	0	0	0	0	1
	.4210	uc001zjg.4		0	0	0	2	0	0	0	0	0	0	1	0	0	0	0	0	0	0	0	1
	.4210	uc031qrj.1		0	0	0	2	0	0	0	0	0	0	1	0	0	0	0	0	0	0	0	1
	.4214	uc010bbe.3		0	0	0	3	0	0	0	0	2	0	1	0	0	0	0	0	0	0	0	0
	.4215	uc010bbk.1		0	1	0	14	0	0	0	5	9	0	1	0	0	1	0	0	0	0	0	0
	.4216	uc001zks.2		0	0	0	6	0	0	0	0	0	0	1	0	0	0	0	0	0	0	0	5
	.4216	uc021sjc.1		0	0	0	5	0	0	0	0	0	0	0	0	0	0	0	0	0	0	0	5
	.4216	uc021sjd.1		0	0	0	5	0	0	0	0	0	0	0	0	0	0	0	0	0	0	0	5
	.4216	uc021sje.1		0	0	0	6	0	0	0	0	0	0	1	0	0	0	0	0	0	0	0	5
	.4218	uc001zlm.3		0	0	0	2	0	0	0	0	1	0	1	0	0	0	0	0	0	0	0	0
	.4218	uc001zln.3		0	0	0	2	0	0	0	0	1	0	1	0	0	0	0	0	0	0	0	0
	.4219	uc001zlz.2	protein_coding	0	0	1	0	0	0	0	0	0	1	0	0	0	0	0	0	0	0	0	0
	.4222	uc001zmm.1		0	0	0	1	0	0	0	0	1	0	0	0	0	0	0	0	0	0	0	0
	.4223	uc010bbz.2		0	0	0	17	0	0	0	6	9	0	1	0	0	0	0	0	0	0	0	1
	.4223	uc010bca.2		0	0	0	17	0	0	0	7	8	0	1	0	0	0	0	0	0	0	0	1
	.4223	uc010bcb.2		0	0	0	17	0	0	0	7	8	0	1	0	0	0	0	0	0	0	0	1
	.4225	uc010ucu.2		0	0	0	15	0	0	0	1	13	0	1	0	0	0	0	0	0	0	0	0
	.4226	uc021sjk.1		0	0	0	3	0	0	0	0	1	0	2	0	0	0	0	0	0	0	0	0
	.4226	uc021sjl.1		0	0	0	3	0	0	0	0	1	0	2	0	0	0	0	0	0	0	0	0
	.4227	uc001znm.4		0	0	0	2	0	0	0	0	0	0	0	0	0	0	0	0	0	0	0	2
	.4229	uc010bcf.3		0	0	0	1	0	0	0	0	0	0	1	0	0	0	0	0	0	0	0	0
	.4230	uc031qrm.1	protein_coding	0	1	0	11	0	0	1	3	0	0	0	0	0	0	0	0	0	0	1	7
	.4232	uc001zol.3		0	0	0	4	0	0	0	4	0	0	0	0	0	0	0	0	0	0	0	0
	.4233	uc010bcm.1		0	0	0	3	0	0	0	1	0	0	0	0	0	0	0	0	0	0	0	2
	.4234	uc001zor.1	protein_coding	0	3	2	24	1	3	6	7	3	2	0	0	0	0	0	0	0	0	0	7
	.4235	uc021sjn.1		0	0	0	17	0	0	0	8	0	0	0	0	0	0	0	0	0	0	0	9
	.4236	uc021sjo.1		0	0	0	9	0	0	0	7	0	0	0	0	0	0	0	0	0	0	0	2
	.4237	uc010bcq.3	protein_coding	0	0	1	21	1	0	1	0	8	1	0	0	0	0	0	0	0	0	0	11
	.4238	uc021sjq.1		0	0	0	3	0	0	0	2	0	0	1	0	0	0	0	0	0	0	0	0
	.4239	uc010bcw.3		0	0	0	20	0	0	0	6	6	0	8	0	0	0	0	0	0	0	0	0
	.4240	uc001zqj.3		0	2	0	24	0	0	0	2	11	0	6	0	0	2	0	0	0	0	0	7
	.4241	uc010bcx.1		0	0	0	17	0	0	0	13	2	0	0	0	0	0	0	0	0	0	0	2
	.4242	uc001zqm.3		0	0	0	4	0	0	0	2	0	0	0	0	0	0	0	0	0	0	0	2
	.4242	uc001zqn.2		0	0	0	2	0	0	0	0	0	0	0	0	0	0	0	0	0	0	0	2
	.4243	uc021sju.1		0	1	0	6	0	0	0	0	6	0	1	0	0	1	0	0	0	0	0	0
	.4245	uc001zrl.1		0	0	0	9	0	0	0	1	6	0	2	0	0	0	0	0	0	0	0	0
	.4246	uc010bdh.3		0	0	0	10	0	0	0	3	7	0	0	0	0	0	0	0	0	0	0	0
	.4247	uc021sjx.1	protein_coding	0	0	0	4	1	0	0	2	1	0	0	0	0	0	0	0	0	0	0	0
	.4248	uc010bdj.3		0	0	0	11	0	0	0	7	3	0	1	0	0	0	0	0	0	0	0	0
	.4248	uc010udw.1		0	0	0	7	0	0	0	7	0	0	0	0	0	0	0	0	0	0	0	0
	.4248	uc010udy.1		0	0	0	8	0	0	0	7	1	0	0	0	0	0	0	0	0	0	0	0
	.4249	uc001zse.3	protein_coding	0	2	0	12	0	0	1	4	7	0	0	0	0	1	0	0	0	0	2	0
	.4249	uc031qro.1		0	0	0	12	0	0	0	5	0	0	0	0	0	0	0	0	0	0	0	7
	.4250	uc001zsl.1		0	0	0	2	0	0	0	0	1	0	1	0	0	0	0	0	0	0	0	0
	.4250	uc010bdm.3		0	0	0	11	0	0	0	0	10	0	1	0	0	0	0	0	0	0	0	0
	.4250	uc010udz.1		0	0	0	9	0	0	0	1	3	0	0	0	0	0	0	0	0	0	0	5
	.4250	uc021ska.1		0	0	0	10	0	0	0	8	0	0	0	0	0	0	0	0	0	0	0	2
	.4251	uc010ueb.1		0	0	0	5	0	0	0	5	0	0	0	0	0	0	0	0	0	0	0	0
	.4252	uc001zsq.1	protein_coding	0	0	0	2	0	0	0	2	0	0	0	0	0	0	0	0	0	0	0	0
	.4253	uc010uec.1		0	0	0	4	0	0	0	1	1	0	0	0	0	0	0	0	0	0	0	2
	.4254	uc001zss.3		0	0	0	3	0	0	0	1	1	0	1	0	0	0	0	0	0	0	0	0
	.4254	uc001zst.3		0	0	0	2	0	0	0	0	0	0	1	0	0	0	0	0	0	0	0	1
	.4255	uc001zsy.3		0	0	0	3	0	0	0	0	0	0	1	0	0	0	0	0	0	0	0	2
	.4256	uc001ztc.2		0	0	0	8	0	0	0	2	4	0	0	0	0	0	0	0	0	0	0	2
	.4256	uc010uee.2		0	0	0	7	0	0	0	5	1	0	1	0	0	0	0	0	0	0	0	0
	.4256	uc021ske.1		0	0	0	5	0	0	0	2	0	0	0	0	0	0	0	0	0	0	0	3
	.4258	uc010bdu.2		0	0	0	3	0	0	0	0	2	0	1	0	0	0	0	0	0	0	0	0
	.4259	uc001ztu.3		0	0	0	1	0	0	0	1	0	0	0	0	0	0	0	0	0	0	0	0
	.4259	uc021skh.1		0	0	0	1	0	0	0	1	0	0	0	0	0	0	0	0	0	0	0	0
	.4261	uc031qrq.1	protein_coding	0	0	0	1	0	0	0	1	0	0	0	0	0	0	0	0	0	0	0	0
	.4262	uc001zue.3		0	0	0	2	0	0	0	2	0	0	0	0	0	0	0	0	0	0	0	0
	.4263	uc021ski.1		0	0	0	1	0	0	0	1	0	0	0	0	0	0	0	0	0	0	0	0
	.4265	uc010uel.2		0	0	0	24	0	0	0	11	11	0	2	0	0	0	0	0	0	0	0	0
	.4266	uc010beb.3		0	2	0	10	0	0	0	0	6	0	0	0	0	2	0	0	0	0	0	6
	.4269	uc001zvd.3		0	0	0	12	0	0	0	2	1	0	1	0	0	0	0	0	0	0	0	8
	.4269	uc001zvf.3		0	0	0	11	0	0	0	0	3	0	7	0	0	0	0	0	0	0	0	1
	.4269	uc021sko.2	protein_coding	0	0	0	2	0	0	0	0	0	0	0	0	0	0	0	0	0	0	0	2
	.4270	uc021skp.1		0	0	0	6	0	0	0	0	0	0	0	0	0	0	0	0	0	0	0	6
	.4271	uc001zvi.1		0	0	0	1	0	0	0	0	0	0	0	0	0	0	0	0	0	0	0	1
	.4272	uc001zvk.3		0	0	0	1	0	0	0	1	0	0	0	0	0	0	0	0	0	0	0	0
	.4272	uc001zvm.1		0	0	0	2	0	0	0	0	2	0	0	0	0	0	0	0	0	0	0	0
	.4272	uc010beg.1		0	0	0	2	0	0	0	0	2	0	0	0	0	0	0	0	0	0	0	0
	.4272	uc010beh.1		0	0	0	2	0	0	0	0	2	0	0	0	0	0	0	0	0	0	0	0
	.4272	uc010bei.1		0	0	0	2	0	0	0	0	2	0	0	0	0	0	0	0	0	0	0	0
	.4272	uc010bej.1		0	0	0	2	0	0	0	0	2	0	0	0	0	0	0	0	0	0	0	0
	.4273	uc001zvr.3		0	0	0	3	0	0	0	0	3	0	0	0	0	0	0	0	0	0	0	0
	.4273	uc001zvs.3		0	0	0	3	0	0	0	0	3	0	0	0	0	0	0	0	0	0	0	0
	.4274	uc001zwf.1		0	0	0	2	0	0	0	1	0	0	0	0	0	0	0	0	0	0	0	1
	.4275	uc001zwk.3	protein_coding	0	0	0	1	0	0	0	0	1	0	0	0	0	0	0	0	0	0	0	0
	.4276	uc001zwl.3	protein_coding	0	0	0	5	0	0	1	1	3	0	0	0	0	0	0	0	0	0	0	0
	.4277	uc010beo.2		0	0	0	14	0	0	0	0	9	0	4	0	0	0	0	0	0	0	0	1
	.4279	uc021sks.2	protein_coding	0	0	0	1	0	0	0	0	0	0	0	0	0	0	0	0	0	0	0	1
	.4281	uc001zxk.2		0	0	0	5	0	0	0	1	3	0	1	0	0	0	0	0	0	0	0	0
	.4282	uc001zxp.4		0	0	0	5	0	0	0	0	2	0	3	0	0	0	0	0	0	0	0	0
	.4283	uc001zxv.1	protein_coding	0	0	1	1	0	0	0	0	1	1	0	0	0	0	0	0	0	0	0	0
	.4283	uc010ufe.2		0	0	0	12	0	0	0	0	6	0	6	0	0	0	0	0	0	0	0	0
	.4285	uc010bet.2	protein_coding	0	0	1	1	0	0	0	0	1	1	0	0	0	0	0	0	0	0	0	0
	.4288	uc001zyk.1	protein_coding	0	1	0	1	0	0	0	0	1	0	0	0	0	0	0	0	0	0	1	0
	.4288	uc010bev.1	protein_coding	0	1	0	1	0	0	0	0	1	0	0	0	0	0	0	0	0	0	1	0
	.4289	uc001zyo.1		0	0	0	2	0	0	0	0	0	0	0	0	0	0	0	0	0	0	0	2
	.4291	uc010ufj.2		0	0	0	11	0	0	0	0	10	0	1	0	0	0	0	0	0	0	0	0
	.4291	uc010ufk.2		0	0	0	11	0	0	0	0	10	0	1	0	0	0	0	0	0	0	0	0
	.4291	uc010ufl.2		0	0	0	7	0	0	0	0	0	0	6	0	0	0	0	0	0	0	0	1
	.4292	uc010bex.1		0	0	0	6	0	0	0	1	1	0	3	0	0	0	0	0	0	0	0	1
	.4293	uc001zzc.1		0	0	0	7	0	0	0	4	1	0	1	0	0	0	0	0	0	0	0	1
	.4294	uc021sla.1		0	0	0	2	0	0	0	2	0	0	0	0	0	0	0	0	0	0	0	0
	.4297	uc010bez.1	protein_coding	0	1	0	0	0	0	0	0	1	0	0	0	0	1	0	0	0	0	0	0
	.4299	uc002abg.3	protein_coding	0	0	0	1	0	0	1	0	0	0	0	0	0	0	0	0	0	0	0	0
	.4301	uc010uga.2		0	1	0	28	0	0	0	0	26	0	3	0	0	1	0	0	0	0	0	0
	.4301	uc010ugb.2		0	0	0	21	0	0	0	1	18	0	2	0	0	0	0	0	0	0	0	0
	.4301	uc021smp.1		0	0	0	1	0	0	0	1	0	0	0	0	0	0	0	0	0	0	0	0
	.4301	uc031qsa.1		0	0	0	4	0	0	0	1	3	0	0	0	0	0	0	0	0	0	0	0
	.4302	uc002abz.1		0	0	0	1	0	0	0	0	1	0	0	0	0	0	0	0	0	0	0	0
	.4303	uc002ach.4		0	0	0	9	0	0	0	0	4	0	5	0	0	0	0	0	0	0	0	0
	.4305	uc010bfh.1		0	0	0	1	0	0	0	0	1	0	0	0	0	0	0	0	0	0	0	0
	.4305	uc031qsc.1		0	0	0	1	0	0	0	0	1	0	0	0	0	0	0	0	0	0	0	0
	.4307	uc002acl.3	protein_coding	0	1	0	10	0	0	0	0	10	0	0	0	0	1	0	0	0	0	0	1
	.4308	uc002acm.3	protein_coding	0	1	0	6	2	0	0	0	4	0	0	0	0	0	0	0	0	0	1	0
	.4311	uc010ugh.1		0	0	0	12	0	0	0	0	10	0	2	0	0	0	0	0	0	0	0	0
	.4311	uc010ugi.2		0	0	0	11	0	0	0	0	9	0	2	0	0	0	0	0	0	0	0	0
	.4313	uc031qsf.1		0	0	0	3	0	0	0	0	0	0	0	0	0	0	0	0	0	0	0	3
	.4314	uc002adk.3		0	1	0	13	0	0	0	0	10	0	4	0	0	1	0	0	0	0	0	0
	.4315	uc010ugk.1		0	0	0	3	0	0	0	0	1	0	2	0	0	0	0	0	0	0	0	0
	.4316	uc002ads.3		0	0	0	3	0	0	0	0	0	0	0	0	0	0	0	0	0	0	0	3
	.4317	uc010bfp.3		0	0	0	10	0	0	0	0	5	0	5	0	0	0	0	0	0	0	0	0
	.4317	uc010bfr.1		0	0	0	4	0	0	0	0	3	0	1	0	0	0	0	0	0	0	0	0
	.4318	uc002adz.1		0	0	0	1	0	0	0	0	0	0	0	0	0	0	0	0	0	0	0	1
	.4319	uc010bfs.3	protein_coding	0	0	0	15	0	0	0	0	15	0	0	0	0	0	0	0	0	0	0	0
	.4322	uc021smw.1		0	0	0	5	0	0	0	0	0	0	1	0	0	0	0	0	0	0	0	4
	.4323	uc002aek.3		0	1	0	15	0	0	0	1	12	0	3	0	0	1	0	0	0	0	0	0
	.4323	uc002ael.3		0	0	0	16	0	0	0	1	14	0	1	0	0	0	0	0	0	0	0	0
	.4323	uc002aen.3		0	1	0	15	0	0	0	0	14	0	2	0	0	1	0	0	0	0	0	0
	.4323	uc002aep.3		0	1	0	15	0	0	0	0	12	0	4	0	0	1	0	0	0	0	0	0
	.4323	uc002aeq.3		0	1	0	15	0	0	0	0	14	0	2	0	0	1	0	0	0	0	0	0
	.4323	uc002aer.1		0	0	0	4	0	0	0	1	2	0	1	0	0	0	0	0	0	0	0	0
	.4323	uc010bfx.3		0	1	0	15	0	0	0	0	14	0	2	0	0	1	0	0	0	0	0	0
	.4323	uc010bfy.3		0	1	0	15	0	0	0	0	14	0	2	0	0	1	0	0	0	0	0	0
	.4323	uc010ugu.2		0	0	0	1	0	0	0	0	0	0	1	0	0	0	0	0	0	0	0	0
	.4324	uc002afb.1	protein_coding	0	0	0	2	0	0	0	2	0	0	0	0	0	0	0	0	0	0	0	0
	.4326	uc002afe.1		0	0	0	16	0	0	0	0	15	0	1	0	0	0	0	0	0	0	0	0
	.4326	uc002aff.1	protein_coding	0	0	0	2	0	0	0	0	2	0	0	0	0	0	0	0	0	0	0	0
	.4326	uc010bgc.1		0	0	0	16	0	0	0	0	15	0	1	0	0	0	0	0	0	0	0	0
	.4328	uc002afk.3		0	0	0	6	0	0	0	0	3	0	3	0	0	0	0	0	0	0	0	0
	.4328	uc002afl.3		0	0	0	6	0	0	0	0	3	0	3	0	0	0	0	0	0	0	0	0
	.4329	uc002afm.3		0	0	0	1	0	0	0	1	0	0	0	0	0	0	0	0	0	0	0	0
	.4330	uc002afy.4	protein_coding	0	0	0	5	1	0	0	0	3	0	0	0	0	0	0	0	0	0	0	1
	.4331	uc021smy.1		0	0	0	3	0	0	0	0	0	0	0	0	0	0	0	0	0	0	0	3
	.4333	uc010uhd.2		0	0	0	14	0	0	0	0	13	0	1	0	0	0	0	0	0	0	0	0
	.4333	uc021snb.1		0	0	0	5	0	0	0	5	0	0	0	0	0	0	0	0	0	0	0	0
	.4333	uc021snc.1		0	0	0	5	0	0	0	0	0	0	0	0	0	0	0	0	0	0	0	5
	.4333	uc021snd.1		0	0	0	8	0	0	0	6	0	0	0	0	0	0	0	0	0	0	0	2
	.4333	uc021sne.1		0	0	0	8	0	0	0	6	0	0	0	0	0	0	0	0	0	0	0	2
	.4333	uc021snf.1		0	0	0	8	0	0	0	3	0	0	0	0	0	0	0	0	0	0	0	5
	.4333	uc021sng.1		0	0	0	3	0	0	0	3	0	0	0	0	0	0	0	0	0	0	0	0
	.4333	uc021snh.1		0	0	0	3	0	0	0	3	0	0	0	0	0	0	0	0	0	0	0	0
	.4334	uc002ags.1		0	0	0	7	0	0	0	1	6	0	0	0	0	0	0	0	0	0	0	0
	.4336	uc021snk.1		0	0	0	1	0	0	0	0	0	0	0	0	0	0	0	0	0	0	0	1
	.4338	uc002ahd.1	protein_coding	0	0	0	2	0	0	0	0	1	0	0	0	0	0	0	0	0	0	0	1
	.4363	uc002ahw.3		0	0	0	2	0	0	0	2	0	0	0	0	0	0	0	0	0	0	0	0
	.4364	uc002ahx.1		0	0	0	2	0	0	0	2	0	0	0	0	0	0	0	0	0	0	0	0
	.4365	uc002ahy.2		0	0	0	2	0	0	0	2	0	0	0	0	0	0	0	0	0	0	0	0
	.4366	uc002ahz.3		0	0	0	2	0	0	0	2	0	0	0	0	0	0	0	0	0	0	0	0
	.4367	uc031qsk.1		0	0	0	2	0	0	0	2	0	0	0	0	0	0	0	0	0	0	0	0
	.4368	uc021snx.1		0	0	0	2	0	0	0	2	0	0	0	0	0	0	0	0	0	0	0	0
	.4369	uc021sny.1		0	0	0	2	0	0	0	2	0	0	0	0	0	0	0	0	0	0	0	0
	.4370	uc002aic.2		0	0	0	2	0	0	0	2	0	0	0	0	0	0	0	0	0	0	0	0
	.4371	uc002aid.3		0	0	0	2	0	0	0	2	0	0	0	0	0	0	0	0	0	0	0	0
	.4372	uc002aie.3		0	0	0	2	0	0	0	2	0	0	0	0	0	0	0	0	0	0	0	0
	.4373	uc010uhj.2		0	0	0	2	0	0	0	2	0	0	0	0	0	0	0	0	0	0	0	0
	.4374	uc002aif.1		0	0	0	2	0	0	0	2	0	0	0	0	0	0	0	0	0	0	0	0
	.4375	uc010uhk.1		0	0	0	2	0	0	0	2	0	0	0	0	0	0	0	0	0	0	0	0
	.4376	uc002aig.1		0	0	0	2	0	0	0	2	0	0	0	0	0	0	0	0	0	0	0	0
	.4377	uc002aih.3		0	0	0	2	0	0	0	2	0	0	0	0	0	0	0	0	0	0	0	0
	.4378	uc002aii.2		0	0	0	2	0	0	0	2	0	0	0	0	0	0	0	0	0	0	0	0
	.4379	uc002aij.3		0	0	0	2	0	0	0	2	0	0	0	0	0	0	0	0	0	0	0	0
	.4380	uc002aik.3		0	0	0	2	0	0	0	2	0	0	0	0	0	0	0	0	0	0	0	0
	.4381	uc010uhl.2		0	0	0	2	0	0	0	2	0	0	0	0	0	0	0	0	0	0	0	0
	.4382	uc021snz.1		0	0	0	7	0	0	0	7	0	0	0	0	0	0	0	0	0	0	0	0
	.4383	uc010uhm.1		0	0	0	7	0	0	0	7	0	0	0	0	0	0	0	0	0	0	0	0
	.4384	uc002aim.3		0	0	0	7	0	0	0	7	0	0	0	0	0	0	0	0	0	0	0	0
	.4385	uc002ain.1		0	0	0	13	0	0	0	1	6	0	1	0	0	0	0	0	0	0	0	5
	.4385	uc002aio.3		0	0	0	7	0	0	0	6	0	0	0	0	0	0	0	0	0	0	0	1
	.4385	uc002aip.3		0	0	0	7	0	0	0	6	0	0	0	0	0	0	0	0	0	0	0	1
	.4385	uc002air.2		0	0	0	8	0	0	0	7	0	0	0	0	0	0	0	0	0	0	0	1
	.4385	uc002ais.3		0	0	0	8	0	0	0	7	0	0	0	0	0	0	0	0	0	0	0	1
	.4385	uc002ait.3		0	0	0	8	0	0	0	7	0	0	0	0	0	0	0	0	0	0	0	1
	.4385	uc002aiu.3		0	0	0	8	0	0	0	7	0	0	0	0	0	0	0	0	0	0	0	1
	.4385	uc002aix.2		0	0	0	8	0	0	0	6	0	0	0	0	0	0	0	0	0	0	0	2
	.4385	uc002aiy.3		0	0	0	8	0	0	0	6	0	0	0	0	0	0	0	0	0	0	0	2
	.4385	uc002aiz.1		0	0	0	8	0	0	0	6	0	0	0	0	0	0	0	0	0	0	0	2
	.4385	uc002aja.3		0	0	0	8	0	0	0	6	0	0	0	0	0	0	0	0	0	0	0	2
	.4385	uc002ajb.3		0	0	0	8	0	0	0	6	0	0	0	0	0	0	0	0	0	0	0	2
	.4385	uc002ajc.3		0	0	0	8	0	0	0	6	0	0	0	0	0	0	0	0	0	0	0	2
	.4385	uc002ajd.3		0	0	0	8	0	0	0	6	0	0	0	0	0	0	0	0	0	0	0	2
	.4385	uc002aje.2		0	0	0	8	0	0	0	6	0	0	0	0	0	0	0	0	0	0	0	2
	.4385	uc002ajf.3		0	0	0	9	0	0	0	7	0	0	0	0	0	0	0	0	0	0	0	2
	.4385	uc002ajg.1		0	0	0	9	0	0	0	7	0	0	0	0	0	0	0	0	0	0	0	2
	.4385	uc002aji.3		0	0	0	9	0	0	0	7	0	0	0	0	0	0	0	0	0	0	0	2
	.4385	uc002ajk.3		0	0	0	9	0	0	0	7	0	0	0	0	0	0	0	0	0	0	0	2
	.4385	uc002ajl.3		0	0	0	9	0	0	0	7	0	0	0	0	0	0	0	0	0	0	0	2
	.4385	uc002ajm.2		0	0	0	9	0	0	0	7	0	0	0	0	0	0	0	0	0	0	0	2
	.4385	uc002ajn.2		0	0	0	10	0	0	0	8	0	0	0	0	0	0	0	0	0	0	0	2
	.4385	uc002ajo.3		0	0	0	10	0	0	0	8	0	0	0	0	0	0	0	0	0	0	0	2
	.4385	uc002ajq.3		0	0	0	10	0	0	0	8	0	0	0	0	0	0	0	0	0	0	0	2
	.4385	uc002ajr.2		0	0	0	11	0	0	0	7	0	0	2	0	0	0	0	0	0	0	0	2
	.4385	uc002ajt.3		0	0	0	11	0	0	0	4	0	0	0	0	0	0	0	0	0	0	0	7
	.4385	uc002ajw.3		0	0	0	11	0	0	0	5	0	0	0	0	0	0	0	0	0	0	0	6
	.4385	uc002ajx.3		0	0	0	11	0	0	0	4	0	0	0	0	0	0	0	0	0	0	0	7
	.4385	uc002ajy.3		0	0	0	11	0	0	0	4	0	0	0	0	0	0	0	0	0	0	0	7
	.4385	uc010uhn.1		0	0	0	9	0	0	0	7	0	0	0	0	0	0	0	0	0	0	0	2
	.4385	uc010uho.2		0	0	0	9	0	0	0	7	0	0	0	0	0	0	0	0	0	0	0	2
	.4385	uc010uhp.1		0	0	0	11	0	0	0	4	0	0	0	0	0	0	0	0	0	0	0	7
	.4385	uc010uhq.2		0	0	0	11	0	0	0	4	0	0	0	0	0	0	0	0	0	0	0	7
	.4385	uc021soa.1		0	0	0	7	0	0	0	6	0	0	0	0	0	0	0	0	0	0	0	1
	.4385	uc021sob.1		0	0	0	8	0	0	0	7	0	0	0	0	0	0	0	0	0	0	0	1
	.4385	uc021soc.1		0	0	0	9	0	0	0	7	0	0	0	0	0	0	0	0	0	0	0	2
	.4385	uc021sod.1		0	0	0	10	0	0	0	8	0	0	0	0	0	0	0	0	0	0	0	2
	.4385	uc021soe.1		0	0	0	11	0	0	0	7	0	0	0	0	0	0	0	0	0	0	0	4
	.4385	uc021sof.1		0	0	0	11	0	0	0	5	0	0	0	0	0	0	0	0	0	0	0	6
	.4385	uc021sog.1		0	0	0	11	0	0	0	5	0	0	0	0	0	0	0	0	0	0	0	6
	.4386	uc021soh.1		0	0	0	15	0	0	0	8	0	0	0	0	0	0	0	0	0	0	0	7
	.4387	uc021soi.1		0	0	0	15	0	0	0	8	0	0	0	0	0	0	0	0	0	0	0	7
	.4388	uc010uhr.2		0	0	0	15	0	0	0	8	0	0	0	0	0	0	0	0	0	0	0	7
	.4389	uc021soj.1		0	0	0	15	0	0	0	8	0	0	0	0	0	0	0	0	0	0	0	7
	.4390	uc021sok.1		0	0	0	15	0	0	0	8	0	0	0	0	0	0	0	0	0	0	0	7
	.4391	uc002ake.3		0	0	0	15	0	0	0	8	0	0	0	0	0	0	0	0	0	0	0	7
	.4392	uc002akf.1		0	0	0	15	0	0	0	8	0	0	0	0	0	0	0	0	0	0	0	7
	.4393	uc002akh.3		0	0	0	12	0	0	0	8	0	0	0	0	0	0	0	0	0	0	0	4
	.4394	uc021sol.1		0	0	0	12	0	0	0	7	0	0	0	0	0	0	0	0	0	0	0	5
	.4395	uc002akj.3		0	0	0	12	0	0	0	8	0	0	0	0	0	0	0	0	0	0	0	4
	.4396	uc021som.1		0	0	0	12	0	0	0	8	0	0	0	0	0	0	0	0	0	0	0	4
	.4397	uc021son.1		0	0	0	12	0	0	0	8	0	0	0	0	0	0	0	0	0	0	0	4
	.4398	uc010uhs.1		0	0	0	12	0	0	0	8	0	0	0	0	0	0	0	0	0	0	0	4
	.4399	uc002akl.2		0	0	0	12	0	0	0	6	0	0	0	0	0	0	0	0	0	0	0	6
	.4400	uc002akm.3		0	0	0	12	0	0	0	6	0	0	0	0	0	0	0	0	0	0	0	6
	.4401	uc021soo.1		0	0	0	12	0	0	0	5	0	0	0	0	0	0	0	0	0	0	0	7
	.4402	uc002ako.2		0	0	0	12	0	0	0	5	0	0	0	0	0	0	0	0	0	0	0	7
	.4403	uc002akp.3		0	0	0	12	0	0	0	5	0	0	0	0	0	0	0	0	0	0	0	7
	.4404	uc010uht.2		0	0	0	12	0	0	0	5	0	0	0	0	0	0	0	0	0	0	0	7
	.4405	uc002akq.3		0	0	0	12	0	0	0	3	0	0	0	0	0	0	0	0	0	0	0	9
	.4406	uc010uhu.1		0	0	0	13	0	0	0	4	0	0	0	0	0	0	0	0	0	0	0	9
	.4407	uc021sop.1		0	0	0	13	0	0	0	4	0	0	0	0	0	0	0	0	0	0	0	9
	.4408	uc002akr.3		0	0	0	13	0	0	0	5	0	0	0	0	0	0	0	0	0	0	0	8
	.4409	uc021soq.1		0	0	0	13	0	0	0	5	0	0	0	0	0	0	0	0	0	0	0	8
	.4410	uc010uhv.1		0	0	0	13	0	0	0	5	0	0	0	0	0	0	0	0	0	0	0	8
	.4411	uc010uhw.2		0	0	0	13	0	0	0	5	0	0	0	0	0	0	0	0	0	0	0	8
	.4412	uc010uhx.1		0	0	0	13	0	0	0	5	0	0	0	0	0	0	0	0	0	0	0	8
	.4412	uc021sor.1		0	0	0	13	0	0	0	8	0	0	0	0	0	0	0	0	0	0	0	5
	.4413	uc021sos.1		0	0	0	15	0	0	0	7	0	0	0	0	0	0	0	0	0	0	0	8
	.4414	uc002akv.3		0	0	0	14	0	0	0	5	0	0	0	0	0	0	0	0	0	0	0	9
	.4415	uc010uhy.2		0	0	0	14	0	0	0	5	0	0	0	0	0	0	0	0	0	0	0	9
	.4416	uc021sot.1		0	0	0	12	0	0	0	5	0	0	0	0	0	0	0	0	0	0	0	7
	.4417	uc002aky.3		0	0	0	12	0	0	0	5	0	0	0	0	0	0	0	0	0	0	0	7
	.4418	uc010uhz.1		0	0	0	4	0	0	0	0	0	0	0	0	0	0	0	0	0	0	0	4
	.4419	uc010uia.1		0	0	0	4	0	0	0	0	0	0	0	0	0	0	0	0	0	0	0	4
	.4420	uc002ala.3		0	0	0	1	0	0	0	0	0	0	0	0	0	0	0	0	0	0	0	1
	.4420	uc010uib.1		0	0	0	1	0	0	0	0	0	0	0	0	0	0	0	0	0	0	0	1
	.4422	uc002ale.1		0	0	0	5	0	0	0	0	0	0	1	0	0	0	0	0	0	0	0	4
	.4423	uc010bgo.3	protein_coding	0	0	1	3	0	0	1	1	1	1	0	0	0	0	0	0	0	0	0	0
	.4424	uc021sou.1		0	0	0	3	0	0	0	0	0	0	2	0	0	0	0	0	0	0	0	1
	.4425	uc002alx.3		0	0	0	1	0	0	0	0	1	0	0	0	0	0	0	0	0	0	0	0
	.4427	uc002amj.3		0	0	0	1	0	0	0	0	1	0	0	0	0	0	0	0	0	0	0	0
	.4427	uc002amk.3		0	0	0	1	0	0	0	0	1	0	0	0	0	0	0	0	0	0	0	0
	.4428	uc002amo.3		0	0	0	1	0	0	0	0	0	0	1	0	0	0	0	0	0	0	0	0
	.4429	uc010bgt.1	protein_coding	0	0	0	4	0	0	0	1	3	0	0	0	0	0	0	0	0	0	0	0
	.4431	uc010uim.2		0	0	0	13	0	0	0	0	12	0	1	0	0	0	0	0	0	0	0	0
	.4432	uc002ana.1	protein_coding	0	0	0	2	0	0	0	1	0	0	0	0	0	0	0	0	0	0	0	1
	.4432	uc002anb.1		0	0	0	2	0	0	0	1	0	0	0	0	0	0	0	0	0	0	0	1
	.4432	uc021sow.1		0	0	0	1	0	0	0	0	0	0	1	0	0	0	0	0	0	0	0	0
	.4433	uc002ane.3		0	1	0	1	0	0	0	0	1	0	1	0	0	1	0	0	0	0	0	0
	.4435	uc002any.3	protein_coding	0	1	0	5	0	0	0	1	5	0	0	0	0	1	0	0	0	0	0	0
	.4435	uc002anz.3	protein_coding	0	1	0	5	0	0	0	1	5	0	0	0	0	1	0	0	0	0	0	0
	.4435	uc002aoc.3		0	0	0	10	0	0	0	0	7	0	1	0	0	0	0	0	0	0	0	2
	.4437	uc010uiu.2		0	0	0	4	0	0	0	0	3	0	1	0	0	0	0	0	0	0	0	0
	.4438	uc002aor.1	protein_coding	0	1	0	6	1	1	1	1	0	0	0	0	0	0	0	0	0	0	0	3
	.4439	uc010uiv.2		0	0	0	3	0	0	0	0	3	0	0	0	0	0	0	0	0	0	0	0
	.4444	uc010ujl.1	protein_coding	0	0	0	7	0	0	0	2	5	0	0	0	0	0	0	0	0	0	0	0
	.4445	uc010bhp.1		0	0	0	3	0	0	0	0	0	0	0	0	0	0	0	0	0	0	0	3
	.4446	uc002apt.1	protein_coding	0	0	0	3	0	0	0	0	2	0	0	0	0	0	0	0	0	0	0	1
	.4447	uc010bhs.1		0	0	0	7	0	0	0	2	0	0	1	0	0	0	0	0	0	0	0	4
	.4448	uc002apy.1		0	0	0	7	0	0	0	4	0	0	0	0	0	0	0	0	0	0	0	3
	.4449	uc010bht.3		0	0	0	7	0	0	0	4	0	0	0	0	0	0	0	0	0	0	0	3
	.4450	uc002apz.1		0	1	0	6	0	0	0	4	0	0	1	0	0	1	0	0	0	0	0	2
	.4451	uc010bhw.3	protein_coding	0	0	0	8	0	0	0	0	8	0	0	0	0	0	0	0	0	0	0	0
	.4452	uc010bhx.3		0	0	0	2	0	0	0	0	1	0	1	0	0	0	0	0	0	0	0	0
	.4456	uc002aqr.2		0	0	0	3	0	0	0	1	2	0	0	0	0	0	0	0	0	0	0	0
	.4456	uc021spf.1		0	0	0	3	0	0	0	1	2	0	0	0	0	0	0	0	0	0	0	0
	.4457	uc002ard.3		0	0	0	1	0	0	0	0	0	0	1	0	0	0	0	0	0	0	0	0
	.4457	uc002are.3		0	0	0	1	0	0	0	0	0	0	1	0	0	0	0	0	0	0	0	0
	.4457	uc010bhz.3		0	0	0	1	0	0	0	0	0	0	1	0	0	0	0	0	0	0	0	0
	.4458	uc031qso.1	protein_coding	0	0	0	6	2	0	0	1	3	0	0	0	0	0	0	0	0	0	0	0
	.4459	uc021spk.1		0	0	0	1	0	0	0	1	0	0	0	0	0	0	0	0	0	0	0	0
	.4460	uc010uka.2	protein_coding	0	0	0	1	0	0	0	1	0	0	0	0	0	0	0	0	0	0	0	0
	.4461	uc010bif.2		0	0	0	11	0	0	0	0	7	0	4	0	0	0	0	0	0	0	0	0
	.4461	uc021spl.1		0	0	0	14	0	0	0	0	13	0	0	0	0	0	0	0	0	0	0	1
	.4462	uc010bih.2		0	0	0	5	0	0	0	2	3	0	0	0	0	0	0	0	0	0	0	0
	.4466	uc010bim.1		0	0	0	1	0	0	0	0	0	0	0	0	0	0	0	0	0	0	0	1
	.4467	uc021spm.1		0	0	0	1	0	0	0	1	0	0	0	0	0	0	0	0	0	0	0	0
	.4469	uc021spo.1		0	0	0	2	0	0	0	0	0	0	0	0	0	0	0	0	0	0	0	2
	.4472	uc002atd.1	protein_coding	0	1	0	15	1	0	0	0	14	0	0	0	0	0	0	0	0	0	1	0
	.4473	uc002atg.1	protein_coding	0	0	0	6	0	0	1	0	4	0	0	0	0	0	0	0	0	0	0	1
	.4474	uc002atr.1	protein_coding	0	0	0	2	0	0	0	1	1	0	0	0	0	0	0	0	0	0	0	0
	.4474	uc021spv.1		0	0	0	2	0	0	0	1	0	0	0	0	0	0	0	0	0	0	0	1
	.4475	uc002aub.3		0	0	0	8	0	0	0	0	6	0	1	0	0	0	0	0	0	0	0	1
	.4475	uc002aud.4		0	0	0	8	0	0	0	0	7	0	1	0	0	0	0	0	0	0	0	0
	.4475	uc002aug.3		0	0	0	12	0	0	0	2	6	0	4	0	0	0	0	0	0	0	0	0
	.4475	uc002auk.3		0	0	0	13	0	0	0	0	10	0	2	0	0	0	0	0	0	0	0	1
	.4475	uc010biv.1		0	0	0	5	0	0	0	2	3	0	0	0	0	0	0	0	0	0	0	0
	.4475	uc010ukp.1		0	0	0	1	0	0	0	1	0	0	0	0	0	0	0	0	0	0	0	0
	.4476	uc002aur.3		0	0	0	1	0	0	0	1	0	0	0	0	0	0	0	0	0	0	0	0
	.4477	uc021spw.1		0	0	0	1	0	0	0	0	0	0	0	0	0	0	0	0	0	0	0	1
	.4478	uc010ukq.1		0	0	0	22	0	0	0	10	0	0	0	0	0	0	0	0	0	0	0	12
	.4479	uc010ukr.1		0	0	0	20	0	0	0	17	0	0	0	0	0	0	0	0	0	0	0	3
	.4480	uc002auu.1		0	0	0	15	0	0	0	15	0	0	0	0	0	0	0	0	0	0	0	0
	.4481	uc002auv.1		0	0	0	4	0	0	0	0	0	0	0	0	0	0	0	0	0	0	0	4
	.4482	uc021spx.1		0	0	0	14	0	0	0	4	0	0	0	0	0	0	0	0	0	0	0	10
	.4483	uc002aux.1		0	0	0	14	0	0	0	6	0	0	0	0	0	0	0	0	0	0	0	8
	.4484	uc002auy.1		0	0	0	13	0	0	0	7	0	0	0	0	0	0	0	0	0	0	0	6
	.4485	uc002ava.3		0	0	0	2	0	0	0	0	1	0	0	0	0	0	0	0	0	0	0	1
	.4486	uc010bja.3	protein_coding	0	1	1	4	0	0	0	2	2	1	0	0	0	0	0	0	0	0	1	0
	.4489	uc021sqb.1		0	0	0	9	0	0	0	9	0	0	0	0	0	0	0	0	0	0	0	0
	.4490	uc010ulf.1		0	0	0	9	0	0	0	8	0	0	0	0	0	0	0	0	0	0	0	1
	.4491	uc010ulg.2		0	0	0	10	0	0	0	5	0	0	0	0	0	0	0	0	0	0	0	5
	.4492	uc021sqc.1		0	0	0	11	0	0	0	4	0	0	0	0	0	0	0	0	0	0	0	7
	.4493	uc021sqd.1		0	0	0	11	0	0	0	2	0	0	0	0	0	0	0	0	0	0	0	9
	.4494	uc010bjj.1		0	0	0	11	0	0	0	2	7	0	2	0	0	0	0	0	0	0	0	0
	.4494	uc021sqh.1		0	0	0	1	0	0	0	1	0	0	0	0	0	0	0	0	0	0	0	0
	.4495	uc021sqi.2		0	0	0	2	0	0	0	0	2	0	0	0	0	0	0	0	0	0	0	0
	.4497	uc002axu.3		0	0	0	1	0	0	0	1	0	0	0	0	0	0	0	0	0	0	0	0
	.4498	uc002aya.3		0	0	0	1	0	0	0	0	0	0	0	0	0	0	0	0	0	0	0	1
	.4498	uc002ayb.3		0	0	0	1	0	0	0	0	0	0	0	0	0	0	0	0	0	0	0	1
	.4499	uc002ayf.1		0	0	0	2	0	0	0	0	0	0	0	0	0	0	0	0	0	0	0	2
	.4501	uc010bka.3	protein_coding	0	0	0	10	1	0	0	9	0	0	0	0	0	0	0	0	0	0	0	0
	.4503	uc002azt.2		0	0	0	5	0	0	0	1	0	0	0	0	0	0	0	0	0	0	0	4
	.4504	uc002azu.1		0	0	0	5	0	0	0	0	0	0	0	0	0	0	0	0	0	0	0	5
	.4505	uc010ulz.1		0	0	0	6	0	0	0	0	0	0	0	0	0	0	0	0	0	0	0	6
	.4509	uc021sqo.1		0	0	0	3	0	0	0	1	0	0	0	0	0	0	0	0	0	0	0	2
	.4510	uc010umj.2		0	0	0	5	0	0	0	3	0	0	0	0	0	0	0	0	0	0	0	2
	.4510	uc010umk.2		0	0	0	3	0	0	0	1	0	0	0	0	0	0	0	0	0	0	0	2
	.4513	uc021sqr.1		0	0	0	4	0	0	0	0	0	0	0	0	0	0	0	0	0	0	0	4
	.4514	uc002bba.1		0	0	0	6	0	0	0	1	0	0	0	0	0	0	0	0	0	0	0	5
	.4515	uc021sqs.1		0	0	0	14	0	0	0	3	0	0	0	0	0	0	0	0	0	0	0	11
	.4516	uc021sqt.1		0	0	0	14	0	0	0	3	0	0	0	0	0	0	0	0	0	0	0	11
	.4517	uc002bbb.1		0	0	0	14	0	0	0	3	0	0	0	0	0	0	0	0	0	0	0	11
	.4518	uc002bbc.2		0	0	0	14	0	0	0	12	0	0	0	0	0	0	0	0	0	0	0	2
	.4519	uc021squ.1		0	0	0	14	0	0	0	13	0	0	0	0	0	0	0	0	0	0	0	1
	.4520	uc002bbe.2		0	0	0	1	0	0	0	0	0	0	0	0	0	0	0	0	0	0	0	1
	.4521	uc002bbf.1		0	0	0	1	0	0	0	1	0	0	0	0	0	0	0	0	0	0	0	0
	.4522	uc002bbm.1		0	0	0	1	0	0	0	1	0	0	0	0	0	0	0	0	0	0	0	0
	.4523	uc010bkm.1		0	0	0	1	0	0	0	0	1	0	0	0	0	0	0	0	0	0	0	0
	.4524	uc021sqv.1		0	0	0	23	0	0	0	1	0	0	5	0	0	0	0	0	0	0	0	17
	.4525	uc021sqw.1		0	1	0	3	0	0	0	0	2	0	2	0	0	1	0	0	0	0	0	0
	.4527	uc021sqx.1		0	0	0	2	0	0	0	2	0	0	0	0	0	0	0	0	0	0	0	0
	.4528	uc002bci.1		0	0	0	6	0	0	0	0	3	0	0	0	0	0	0	0	0	0	0	3
	.4528	uc010bkt.1		0	0	0	14	0	0	0	0	13	0	1	0	0	0	0	0	0	0	0	0
	.4528	uc010bkv.1		0	0	0	13	0	0	0	4	8	0	1	0	0	0	0	0	0	0	0	0
	.4529	uc021sqz.1	protein_coding	0	0	0	1	1	0	0	0	0	0	0	0	0	0	0	0	0	0	0	0
	.4532	uc002bcv.3	protein_coding	0	0	0	2	0	0	0	0	2	0	0	0	0	0	0	0	0	0	0	0
	.4533	uc031qsy.1		0	0	0	1	0	0	0	0	1	0	0	0	0	0	0	0	0	0	0	0
	.4534	uc021srb.1		0	0	0	18	0	0	0	10	0	0	0	0	0	0	0	0	0	0	0	8
	.4535	uc021src.1		0	0	0	3	0	0	0	2	0	0	0	0	0	0	0	0	0	0	0	1
	.4536	uc002bcw.1		0	0	0	15	0	0	0	7	0	0	1	0	0	0	0	0	0	0	0	7
	.4537	uc002bcx.1		0	0	0	16	0	0	0	5	0	0	0	0	0	0	0	0	0	0	0	11
	.4538	uc010umr.3	protein_coding	0	0	0	2	0	0	0	1	0	0	0	0	0	0	0	0	0	0	0	1
	.4539	uc021srd.1		0	0	0	1	0	0	0	0	0	0	0	0	0	0	0	0	0	0	0	1
	.4541	uc021sre.1		0	0	0	1	0	0	0	0	0	0	0	0	0	0	0	0	0	0	0	1
	.4542	uc021srf.1		0	0	0	8	0	0	0	4	3	0	1	0	0	0	0	0	0	0	0	0
	.4543	uc010blc.1	protein_coding	0	0	1	2	0	0	0	1	1	1	0	0	0	0	0	0	0	0	0	0
	.4543	uc010umz.1		0	0	0	5	0	0	0	2	3	0	0	0	0	0	0	0	0	0	0	0
	.4545	uc002bea.3		0	2	0	6	0	0	0	1	3	0	2	0	0	2	0	0	0	0	0	2
	.4545	uc010blg.2		0	0	0	1	0	0	0	1	0	0	0	0	0	0	0	0	0	0	0	0
	.4546	uc002bef.1		0	0	0	3	0	0	0	1	0	0	0	0	0	0	0	0	0	0	0	2
	.4547	uc021srh.1		0	0	0	8	0	0	0	8	0	0	0	0	0	0	0	0	0	0	0	0
	.4548	uc002beg.1		0	0	0	8	0	0	0	6	0	0	0	0	0	0	0	0	0	0	0	2
	.4549	uc021sri.1		0	0	0	2	0	0	0	0	0	0	0	0	0	0	0	0	0	0	0	2
	.4551	uc002bei.3		0	0	0	2	0	0	0	2	0	0	0	0	0	0	0	0	0	0	0	0
	.4552	uc021srj.1		0	0	0	1	0	0	0	0	0	0	0	0	0	0	0	0	0	0	0	1
	.4553	uc010bli.2	protein_coding	0	0	0	7	1	0	0	1	5	0	0	0	0	0	0	0	0	0	0	0
	.4554	uc010unf.1		0	1	0	9	0	0	0	0	6	0	4	0	0	1	0	0	0	0	0	0
	.4555	uc010uni.2		0	0	0	2	0	0	0	1	0	0	0	0	0	0	0	0	0	0	0	1
	.4555	uc021srl.1		0	0	0	2	0	0	0	0	2	0	0	0	0	0	0	0	0	0	0	0
	.4556	uc002bev.3		0	0	0	8	0	0	0	0	6	0	2	0	0	0	0	0	0	0	0	0
	.4560	uc002bfa.4		0	0	0	16	0	0	0	0	8	0	1	0	0	0	0	0	0	0	0	7
	.4560	uc021sru.1		0	0	0	16	0	0	0	0	8	0	1	0	0	0	0	0	0	0	0	7
	.4561	uc021srz.1		0	0	0	3	0	0	0	2	1	0	0	0	0	0	0	0	0	0	0	0
	.4562	uc010bln.1		0	0	0	9	0	0	0	2	2	0	0	0	0	0	0	0	0	0	0	5
	.4562	uc010blo.1		0	0	0	9	0	0	0	2	2	0	0	0	0	0	0	0	0	0	0	5
	.4564	uc002bfo.3		0	0	0	1	0	0	0	0	1	0	0	0	0	0	0	0	0	0	0	0
	.4565	uc002bfp.1		0	0	0	1	0	0	0	1	0	0	0	0	0	0	0	0	0	0	0	0
	.4568	uc002bfx.3		0	0	0	12	0	0	0	1	9	0	2	0	0	0	0	0	0	0	0	0
	.4568	uc010uno.2		0	0	0	12	0	0	0	1	11	0	0	0	0	0	0	0	0	0	0	0
	.4570	uc002bgc.2		0	0	0	2	0	0	0	0	2	0	0	0	0	0	0	0	0	0	0	0
	.4570	uc002bge.4		0	0	0	7	0	0	0	0	3	0	4	0	0	0	0	0	0	0	0	0
	.4570	uc002bgn.3	protein_coding	0	0	0	7	0	0	0	3	4	0	0	0	0	0	0	0	0	0	0	0
	.4571	uc010blr.1		0	0	0	15	0	0	0	0	12	0	3	0	0	0	0	0	0	0	0	0
	.4572	uc002bgr.3		0	0	0	3	0	0	0	1	1	0	1	0	0	0	0	0	0	0	0	0
	.4573	uc010uns.2		0	0	0	1	0	0	0	0	0	0	1	0	0	0	0	0	0	0	0	0
	.4574	uc010bls.1		0	0	0	5	0	0	0	0	0	0	5	0	0	0	0	0	0	0	0	0
	.4574	uc021ssl.1		0	1	0	8	0	0	0	1	4	0	4	0	0	1	0	0	0	0	0	0
	.4575	uc002bgz.3		0	0	0	5	0	0	0	0	5	0	0	0	0	0	0	0	0	0	0	0
	.4575	uc010unu.2		0	0	0	5	0	0	0	0	5	0	0	0	0	0	0	0	0	0	0	0
	.4576	uc002bhb.4		0	0	0	2	0	0	0	2	0	0	0	0	0	0	0	0	0	0	0	0
	.4577	uc002bhc.3		0	0	0	2	0	0	0	0	0	0	0	0	0	0	0	0	0	0	0	2
	.4577	uc021ssp.1		0	0	0	2	0	0	0	2	0	0	0	0	0	0	0	0	0	0	0	0
	.4578	uc002bhd.1		0	0	0	2	0	0	0	2	0	0	0	0	0	0	0	0	0	0	0	0
	.4581	uc002bhm.2		0	0	0	34	0	0	0	0	30	0	4	0	0	0	0	0	0	0	0	0
	.4581	uc002bhp.2		0	0	0	1	0	0	0	0	0	0	0	0	0	0	0	0	0	0	0	1
	.4581	uc002bhz.3		0	0	0	6	0	0	0	1	0	0	0	0	0	0	0	0	0	0	0	5
	.4581	uc010unz.2		0	0	0	6	0	0	0	5	0	0	0	0	0	0	0	0	0	0	0	1
	.4581	uc021sss.1		0	0	0	6	0	0	0	0	1	0	2	0	0	0	0	0	0	0	0	3
	.4581	uc021sst.1		0	0	0	1	0	0	0	1	0	0	0	0	0	0	0	0	0	0	0	0
	.4581	uc021ssu.2		0	0	0	7	0	0	0	1	6	0	0	0	0	0	0	0	0	0	0	0
	.4581	uc021ssv.1		0	1	0	5	0	0	0	0	1	0	4	0	0	1	0	0	0	0	0	1
	.4581	uc021sta.1		1	0	0	6	0	0	0	4	1	0	2	0	1	0	0	0	0	0	0	0
	.4582	uc002bim.3		0	0	0	1	0	0	0	0	0	0	0	0	0	0	0	0	0	0	0	1
	.4582	uc021std.1		0	0	0	1	0	0	0	1	0	0	0	0	0	0	0	0	0	0	0	0
	.4583	uc031qtd.1		0	0	0	1	0	0	0	0	0	0	1	0	0	0	0	0	0	0	0	0
	.4586	uc002bjc.3		0	0	0	1	0	0	0	1	0	0	0	0	0	0	0	0	0	0	0	0
	.4588	uc002bjk.1		0	0	0	1	0	0	0	0	0	0	0	0	0	0	0	0	0	0	0	1
	.4589	uc010uoq.2		0	0	0	4	0	0	0	0	1	0	3	0	0	0	0	0	0	0	0	0
	.4591	uc010bmr.3		0	0	0	5	0	0	0	1	4	0	0	0	0	0	0	0	0	0	0	0
	.4592	uc002bjv.3		0	0	0	3	0	0	0	0	3	0	0	0	0	0	0	0	0	0	0	0
	.4593	uc002bjy.1	protein_coding	0	0	2	4	0	0	0	0	4	2	0	0	0	0	0	0	0	0	0	0
	.4594	uc021stg.1	protein_coding	0	0	1	4	0	0	0	0	3	1	0	0	0	0	0	0	0	0	0	1
	.4595	uc010uou.2		0	0	0	2	0	0	0	1	0	0	0	0	0	0	0	0	0	0	0	1
	.4595	uc021sth.1		0	0	0	2	0	0	0	1	0	0	0	0	0	0	0	0	0	0	0	1
	.4596	uc021sti.1		0	0	0	2	0	0	0	1	0	0	0	0	0	0	0	0	0	0	0	1
	.4597	uc002bka.3		0	0	0	9	0	0	0	3	2	0	3	0	0	0	0	0	0	0	0	1
	.4597	uc002bkb.3		0	0	0	9	0	0	0	3	2	0	3	0	0	0	0	0	0	0	0	1
	.4597	uc002bkd.3		0	0	0	5	0	0	0	2	0	0	0	0	0	0	0	0	0	0	0	3
	.4597	uc010bmv.2		0	0	0	6	0	0	0	4	1	0	0	0	0	0	0	0	0	0	0	1
	.4597	uc010bmw.1		0	0	0	4	0	0	0	4	0	0	0	0	0	0	0	0	0	0	0	0
	.4597	uc021stk.1		0	1	0	28	0	0	0	0	5	0	5	0	0	1	0	0	0	0	0	19
	.4597	uc021stl.1		0	0	0	5	0	0	0	3	0	0	0	0	0	0	0	0	0	0	0	2
	.4598	uc021stm.1		0	0	0	4	0	0	0	3	0	0	0	0	0	0	0	0	0	0	0	1
	.4599	uc002bke.2		0	0	0	35	0	0	0	6	0	0	7	0	0	0	0	0	0	0	0	22
	.4600	uc021sto.1		0	0	0	30	0	0	0	9	0	0	0	0	0	0	0	0	0	0	0	21
	.4601	uc002bkg.2		0	0	0	38	0	0	0	8	0	0	0	0	0	0	0	0	0	0	0	30
	.4602	uc021stp.1		0	0	0	41	0	0	0	17	0	0	0	0	0	0	0	0	0	0	0	24
	.4603	uc002bki.3		0	0	0	6	0	0	0	3	0	0	0	0	0	0	0	0	0	0	0	3
	.4603	uc021stq.1		0	0	0	6	0	0	0	3	0	0	0	0	0	0	0	0	0	0	0	3
	.4604	uc002bkj.1		0	0	0	2	0	0	0	0	0	0	0	0	0	0	0	0	0	0	0	2
	.4604	uc002bkl.1		0	0	0	2	0	0	0	2	0	0	0	0	0	0	0	0	0	0	0	0
	.4604	uc002bkm.2		0	0	0	6	0	0	0	2	3	0	1	0	0	0	0	0	0	0	0	0
	.4604	uc021str.1	protein_coding	0	1	1	0	0	0	0	0	0	1	0	0	0	0	0	0	0	0	1	0
	.4604	uc021sts.1		0	0	0	2	0	0	0	2	0	0	0	0	0	0	0	0	0	0	0	0
	.4605	uc002bkn.1		0	0	0	10	0	0	0	0	8	0	2	0	0	0	0	0	0	0	0	0
	.4605	uc002bko.2		0	0	0	3	0	0	0	0	0	0	0	0	0	0	0	0	0	0	0	3
	.4605	uc021stt.1		0	1	0	2	0	0	0	0	1	0	0	0	0	1	0	0	0	0	0	2
	.4605	uc021stu.1		0	0	0	3	0	0	0	0	0	0	0	0	0	0	0	0	0	0	0	3
	.4606	uc002bkt.2		0	0	0	8	0	0	0	2	5	0	1	0	0	0	0	0	0	0	0	0
	.4606	uc002bku.2		0	0	0	8	0	0	0	2	3	0	3	0	0	0	0	0	0	0	0	0
	.4607	uc002bkv.2		0	0	0	9	0	0	0	0	0	0	3	0	0	0	0	0	0	0	0	6
	.4607	uc002bkx.2		0	0	0	9	0	0	0	0	1	0	3	0	0	0	0	0	0	0	0	5
	.4607	uc002bky.1	protein_coding	0	1	0	2	0	0	0	1	0	0	0	0	0	0	0	0	0	0	1	1
	.4608	uc031qth.1		0	0	0	3	0	0	0	0	3	0	0	0	0	0	0	0	0	0	0	0
	.4609	uc010upb.2		0	0	0	5	0	0	0	0	3	0	2	0	0	0	0	0	0	0	0	0
	.4610	uc002blm.3		0	0	0	6	0	0	0	4	0	0	1	0	0	0	0	0	0	0	0	1
	.4611	uc002blo.2		0	0	0	8	0	0	0	5	2	0	1	0	0	0	0	0	0	0	0	0
	.4611	uc002blq.3		0	0	0	4	0	0	0	2	0	0	0	0	0	0	0	0	0	0	0	2
	.4611	uc010upi.1		0	0	0	3	0	0	0	1	2	0	0	0	0	0	0	0	0	0	0	0
	.4612	uc002blr.1		0	0	0	25	0	0	0	20	0	0	0	0	0	0	0	0	0	0	0	5
	.4612	uc010upk.1		0	1	0	27	0	0	0	7	7	0	3	0	0	1	0	0	0	0	0	11
	.4613	uc021stx.1		0	0	0	2	0	0	0	2	0	0	0	0	0	0	0	0	0	0	0	0
	.4616	uc031qtm.1		0	0	0	3	0	0	0	3	0	0	0	0	0	0	0	0	0	0	0	0
	.4617	uc002bmc.1		0	0	0	1	0	0	0	0	1	0	0	0	0	0	0	0	0	0	0	0
	.4619	uc010bni.2		0	0	0	4	0	0	0	0	1	0	3	0	0	0	0	0	0	0	0	0
	.4621	uc010bnj.3		0	0	0	20	0	0	0	1	5	0	7	0	0	0	0	0	0	0	0	7
	.4622	uc002bmo.1		0	0	0	1	0	0	0	0	0	0	0	0	0	0	0	0	0	0	0	1
	.4623	uc002bmp.4		0	0	0	8	0	0	0	0	8	0	0	0	0	0	0	0	0	0	0	0
	.4623	uc010bnk.2		0	0	0	8	0	0	0	0	8	0	0	0	0	0	0	0	0	0	0	0
	.4624	uc002bms.1		0	0	0	2	0	0	0	1	0	0	0	0	0	0	0	0	0	0	0	1
	.4625	uc021suc.1		0	0	0	4	0	0	0	4	0	0	0	0	0	0	0	0	0	0	0	0
	.4626	uc010upm.2		0	0	0	4	0	0	0	0	0	0	0	0	0	0	0	0	0	0	0	4
	.4626	uc021sud.1		0	0	0	4	0	0	0	4	0	0	0	0	0	0	0	0	0	0	0	0
	.4627	uc002bmu.1		0	0	0	6	0	0	0	0	4	0	2	0	0	0	0	0	0	0	0	0
	.4627	uc010upn.1		0	0	0	6	0	0	0	0	3	0	3	0	0	0	0	0	0	0	0	0
	.4628	uc002bna.2		0	1	0	33	0	0	0	4	17	0	13	0	0	1	0	0	0	0	0	0
	.4628	uc002bnb.1		0	0	0	4	0	0	0	3	0	0	0	0	0	0	0	0	0	0	0	1
	.4629	uc002bne.3		0	0	0	16	0	0	0	8	5	0	3	0	0	0	0	0	0	0	0	0
	.4630	uc010bno.3	protein_coding	0	0	1	2	0	0	0	1	1	1	0	0	0	0	0	0	0	0	0	0
	.4631	uc010ups.1		0	0	0	3	0	0	0	0	3	0	0	0	0	0	0	0	0	0	0	0
	.4632	uc002bnn.1		0	0	0	40	0	0	0	8	29	0	3	0	0	0	0	0	0	0	0	0
	.4633	uc021sue.1		0	0	0	2	0	0	0	0	0	0	0	0	0	0	0	0	0	0	0	2
	.4634	uc002bnu.3		0	0	0	1	0	0	0	1	0	0	0	0	0	0	0	0	0	0	0	0
	.4634	uc002bnv.2		0	0	0	2	0	0	0	0	2	0	0	0	0	0	0	0	0	0	0	0
	.4634	uc002bnw.2		0	0	0	1	0	0	0	0	0	0	0	0	0	0	0	0	0	0	0	1
	.4635	uc002boa.2		0	0	0	16	0	0	0	1	12	0	3	0	0	0	0	0	0	0	0	0
	.4637	uc002bog.2	protein_coding	0	0	0	8	0	0	1	4	3	0	0	0	0	0	0	0	0	0	0	0
	.4638	uc002bor.4		0	0	0	6	0	0	0	2	3	0	1	0	0	0	0	0	0	0	0	0
	.4638	uc010bns.3		0	0	0	6	0	0	0	2	3	0	1	0	0	0	0	0	0	0	0	0
	.4639	uc002bot.1		0	0	0	4	0	0	0	0	2	0	2	0	0	0	0	0	0	0	0	0
	.4640	uc002bow.3		0	0	0	2	0	0	0	1	0	0	0	0	0	0	0	0	0	0	0	1
	.4641	uc002bpe.1		0	1	0	24	0	0	0	4	17	0	1	0	0	1	0	0	0	0	0	3
	.4641	uc031qtq.1	protein_coding	0	0	0	17	0	0	0	11	6	0	0	0	0	0	0	0	0	0	0	0
	.4641	uc031qtr.1	protein_coding	0	0	0	38	0	0	0	11	26	0	0	0	0	0	0	0	0	0	0	1
	.4642	uc021sui.1		0	0	0	11	0	0	0	3	0	0	0	0	0	0	0	0	0	0	0	8
	.4643	uc002bph.1		0	0	0	11	0	0	0	7	0	0	0	0	0	0	0	0	0	0	0	4
	.4644	uc002bpi.1		0	0	0	3	0	0	0	3	0	0	0	0	0	0	0	0	0	0	0	0
	.4645	uc002bpj.1		0	0	0	1	0	0	0	1	0	0	0	0	0	0	0	0	0	0	0	0
	.4646	uc010uqf.2		0	0	0	12	0	0	0	0	2	0	10	0	0	0	0	0	0	0	0	0
	.4648	uc010uqn.1		0	1	0	12	0	0	0	1	3	0	1	0	0	1	0	0	0	0	0	8
	.4649	uc010uqp.1		0	0	0	7	0	0	0	2	4	0	0	0	0	0	0	0	0	0	0	1
	.4650	uc010bob.4		0	0	0	7	0	0	0	4	3	0	0	0	0	0	0	0	0	0	0	0
	.4650	uc021suk.1		0	0	0	7	0	0	0	4	0	0	0	0	0	0	0	0	0	0	0	3
	.4651	uc031qts.1		0	0	0	16	0	0	0	0	13	0	1	0	0	0	0	0	0	0	0	2
	.4652	uc002bqr.2		0	0	0	27	0	0	0	26	0	0	0	0	0	0	0	0	0	0	0	1
	.4653	uc002bqu.4		0	0	0	37	0	0	0	0	30	0	7	0	0	0	0	0	0	0	0	0
	.4654	uc002bqw.3		0	0	0	1	0	0	0	0	1	0	0	0	0	0	0	0	0	0	0	0
	.4656	uc010boc.1		0	0	0	21	0	0	0	0	20	0	1	0	0	0	0	0	0	0	0	0
	.4657	uc021sum.1		0	0	0	1	0	0	0	0	0	0	0	0	0	0	0	0	0	0	0	1
	.4658	uc010bod.1		0	0	0	7	0	0	0	0	3	0	4	0	0	0	0	0	0	0	0	0
	.4659	uc002brd.2		0	0	0	1	0	0	0	0	0	0	1	0	0	0	0	0	0	0	0	0
	.4659	uc031qtt.1		0	0	0	1	0	0	0	1	0	0	0	0	0	0	0	0	0	0	0	0
	.4660	uc021sun.1		0	0	0	1	0	0	0	1	0	0	0	0	0	0	0	0	0	0	0	0
	.4661	uc002brg.2		0	0	0	1	0	0	0	1	0	0	0	0	0	0	0	0	0	0	0	0
	.4662	uc002brh.1		0	0	0	1	0	0	0	1	0	0	0	0	0	0	0	0	0	0	0	0
	.4663	uc021suo.1		0	0	0	1	0	0	0	1	0	0	0	0	0	0	0	0	0	0	0	0
	.4664	uc002bri.3		0	0	0	1	0	0	0	1	0	0	0	0	0	0	0	0	0	0	0	0
	.4665	uc002brj.3		0	0	0	1	0	0	0	1	0	0	0	0	0	0	0	0	0	0	0	0
	.4666	uc021sup.1		0	0	0	1	0	0	0	1	0	0	0	0	0	0	0	0	0	0	0	0
	.4670	uc021sus.1		0	0	0	1	0	0	0	0	0	0	0	0	0	0	0	0	0	0	0	1
	.4671	uc031qtv.1		0	0	0	1	0	0	0	0	0	0	0	0	0	0	0	0	0	0	0	1
	.4672	uc002brl.3		0	0	0	1	0	0	0	0	0	0	0	0	0	0	0	0	0	0	0	1
	.4673	uc021sut.1		0	0	0	1	0	0	0	0	0	0	0	0	0	0	0	0	0	0	0	1
	.4674	uc021suu.1		0	0	0	1	0	0	0	0	0	0	0	0	0	0	0	0	0	0	0	1
	.4675	uc021suv.1		0	0	0	1	0	0	0	0	0	0	0	0	0	0	0	0	0	0	0	1
	.4676	uc002brn.2		0	0	0	1	0	0	0	0	0	0	0	0	0	0	0	0	0	0	0	1
	.4677	uc021suw.1		0	0	0	1	0	0	0	0	0	0	0	0	0	0	0	0	0	0	0	1
	.4678	uc002bro.1		0	0	0	1	0	0	0	0	0	0	0	0	0	0	0	0	0	0	0	1
	.4679	uc002brp.1		0	0	0	1	0	0	0	0	0	0	0	0	0	0	0	0	0	0	0	1
	.4680	uc002brq.1		0	0	0	1	0	0	0	1	0	0	0	0	0	0	0	0	0	0	0	0
	.4681	uc002brr.1		0	0	0	1	0	0	0	1	0	0	0	0	0	0	0	0	0	0	0	0
	.4682	uc021suy.1		0	0	0	1	0	0	0	1	0	0	0	0	0	0	0	0	0	0	0	0
	.4683	uc010uqw.1		0	0	0	1	0	0	0	0	0	0	0	0	0	0	0	0	0	0	0	1
	.4684	uc021sva.1		0	0	0	1	0	0	0	0	0	0	0	0	0	0	0	0	0	0	0	1
	.4685	uc021svb.1		0	0	0	1	0	0	0	0	0	0	0	0	0	0	0	0	0	0	0	1
	.4686	uc021svc.1		0	0	0	1	0	0	0	0	0	0	0	0	0	0	0	0	0	0	0	1
	.4687	uc021svd.1		0	0	0	1	0	0	0	0	0	0	0	0	0	0	0	0	0	0	0	1
	.4688	uc002bru.1		0	0	0	1	0	0	0	0	0	0	0	0	0	0	0	0	0	0	0	1
	.4689	uc002brv.3		0	0	0	1	0	0	0	0	0	0	0	0	0	0	0	0	0	0	0	1
	.4690	uc031qtw.1		0	0	0	1	0	0	0	0	0	0	0	0	0	0	0	0	0	0	0	1
	.4691	uc021sve.1		0	0	0	1	0	0	0	0	0	0	0	0	0	0	0	0	0	0	0	1
	.4692	uc002bry.3		0	0	0	1	0	0	0	0	0	0	0	0	0	0	0	0	0	0	0	1
	.4693	uc021svf.1		0	0	0	1	0	0	0	0	0	0	0	0	0	0	0	0	0	0	0	1
	.4694	uc010uqx.1		0	0	0	1	0	0	0	0	0	0	0	0	0	0	0	0	0	0	0	1
	.4695	uc021svg.1		0	0	0	1	0	0	0	0	0	0	0	0	0	0	0	0	0	0	0	1
	.4696	uc002brz.1		0	0	0	1	0	0	0	0	0	0	0	0	0	0	0	0	0	0	0	1
	.4697	uc002bsa.3		0	0	0	1	0	0	0	0	0	0	0	0	0	0	0	0	0	0	0	1
	.4698	uc002bsb.2		0	0	0	1	0	0	0	0	0	0	0	0	0	0	0	0	0	0	0	1
	.4699	uc002bsc.1		0	0	0	1	0	0	0	0	0	0	0	0	0	0	0	0	0	0	0	1
	.4700	uc021svh.1		0	0	0	1	0	0	0	0	0	0	0	0	0	0	0	0	0	0	0	1
	.4708	uc031qtx.1		0	0	0	1	0	0	0	1	0	0	0	0	0	0	0	0	0	0	0	0
	.4709	uc021svi.1		0	0	0	1	0	0	0	1	0	0	0	0	0	0	0	0	0	0	0	0
	.4710	uc021svj.1		0	0	0	2	0	0	0	1	0	0	0	0	0	0	0	0	0	0	0	1
	.4711	uc021svl.1		0	0	0	2	0	0	0	1	0	0	0	0	0	0	0	0	0	0	0	1
	.4712	uc002bsj.1		0	0	0	2	0	0	0	1	0	0	0	0	0	0	0	0	0	0	0	1
	.4713	uc031qty.1		0	0	0	3	0	0	0	2	0	0	0	0	0	0	0	0	0	0	0	1
	.4714	uc002bsl.4		0	0	0	15	0	0	0	2	13	0	0	0	0	0	0	0	0	0	0	0
	.4715	uc021svm.2	protein_coding	0	0	1	3	0	0	2	1	0	1	0	0	0	0	0	0	0	0	0	0
	.4718	uc010bof.1		0	0	0	1	0	0	0	0	0	0	0	0	0	0	0	0	0	0	0	1
	.4719	uc010bog.1	protein_coding	0	0	1	5	0	0	0	0	4	1	0	0	0	0	0	0	0	0	0	1
	.4720	uc021svv.1		0	0	0	2	0	0	0	1	0	0	0	0	0	0	0	0	0	0	0	1
	.4721	uc002bsu.1		0	0	0	14	0	0	0	0	14	0	0	0	0	0	0	0	0	0	0	0
	.4721	uc002btd.3		0	0	0	8	0	0	0	8	0	0	0	0	0	0	0	0	0	0	0	0
	.4722	uc002bte.1	protein_coding	0	0	0	11	0	0	0	0	11	0	0	0	0	0	0	0	0	0	0	0
	.4723	uc002btf.1		0	0	0	2	0	0	0	0	0	0	1	0	0	0	0	0	0	0	0	1
	.4724	uc031quc.1	protein_coding	0	1	2	3	3	0	0	0	0	2	0	0	0	0	0	0	0	0	1	0
	.4726	uc002btn.3		0	0	0	1	0	0	0	1	0	0	0	0	0	0	0	0	0	0	0	0
	.4726	uc010urh.2		0	0	0	1	0	0	0	1	0	0	0	0	0	0	0	0	0	0	0	0
	.4738	uc002btz.3		0	0	0	1	0	0	0	0	0	0	0	0	0	0	0	0	0	0	0	1
	.4738	uc002bua.1		0	0	0	1	0	0	0	0	0	0	0	0	0	0	0	0	0	0	0	1
	.4738	uc002bub.3		0	0	0	1	0	0	0	0	0	0	0	0	0	0	0	0	0	0	0	1
	.4738	uc002buc.1		0	0	0	1	0	0	0	0	0	0	0	0	0	0	0	0	0	0	0	1
	.4738	uc002bud.2		0	0	0	3	0	0	0	0	0	0	0	0	0	0	0	0	0	0	0	3
	.4738	uc010urm.2		0	0	0	1	0	0	0	0	0	0	0	0	0	0	0	0	0	0	0	1
	.4738	uc010urn.2		0	0	0	1	0	0	0	0	0	0	0	0	0	0	0	0	0	0	0	1
	.4738	uc010uro.2		0	0	0	3	0	0	0	0	0	0	0	0	0	0	0	0	0	0	0	3
	.4738	uc010urp.2		0	0	0	3	0	0	0	0	0	0	0	0	0	0	0	0	0	0	0	3
	.4738	uc021sws.1		0	0	0	1	0	0	0	0	0	0	0	0	0	0	0	0	0	0	0	1
	.4738	uc021swt.1		0	0	0	1	0	0	0	0	0	0	0	0	0	0	0	0	0	0	0	1
	.4738	uc021swu.1		0	0	0	1	0	0	0	0	0	0	0	0	0	0	0	0	0	0	0	1
	.4738	uc021swv.1		0	0	0	1	0	0	0	0	0	0	0	0	0	0	0	0	0	0	0	1
	.4738	uc021sww.1		0	0	0	3	0	0	0	0	0	0	0	0	0	0	0	0	0	0	0	3
	.4738	uc021swx.1		0	0	0	3	0	0	0	0	0	0	0	0	0	0	0	0	0	0	0	3
	.4738	uc021swy.1		0	0	0	3	0	0	0	0	0	0	0	0	0	0	0	0	0	0	0	3
	.4738	uc021sxb.1		0	0	0	3	0	0	0	0	0	0	0	0	0	0	0	0	0	0	0	3
	.4738	uc021sxc.1		0	0	0	3	0	0	0	0	0	0	0	0	0	0	0	0	0	0	0	3
	.4738	uc021sxe.1		0	0	0	3	0	0	0	0	0	0	0	0	0	0	0	0	0	0	0	3
	.4738	uc021sxf.1		0	0	0	3	0	0	0	0	0	0	0	0	0	0	0	0	0	0	0	3
	.4738	uc031qug.1		0	0	0	3	0	0	0	0	0	0	0	0	0	0	0	0	0	0	0	3
	.4738	uc031qui.1		0	0	0	3	0	0	0	0	0	0	0	0	0	0	0	0	0	0	0	3
	.4739	uc021sxg.1		0	0	0	1	0	0	0	1	0	0	0	0	0	0	0	0	0	0	0	0
	.4741	uc002bug.1		0	0	0	6	0	0	0	0	6	0	0	0	0	0	0	0	0	0	0	0
	.4744	uc010urr.1	protein_coding	0	0	0	8	0	0	0	2	3	0	0	0	0	0	0	0	0	0	0	3
	.4745	uc010boo.1		0	0	0	15	0	0	0	3	9	0	0	0	0	0	0	0	0	0	0	3
	.4746	uc010bop.3	protein_coding	0	0	1	7	0	0	0	4	3	1	0	0	0	0	0	0	0	0	0	0
	.4747	uc021sxj.1		0	0	0	2	0	0	0	2	0	0	0	0	0	0	0	0	0	0	0	0
	.4748	uc002buq.3		0	0	0	14	0	0	0	3	10	0	1	0	0	0	0	0	0	0	0	0
	.4749	uc010boq.3		0	0	0	16	0	0	0	2	12	0	2	0	0	0	0	0	0	0	0	0
	.4750	uc010urs.1		0	0	0	7	0	0	0	0	7	0	0	0	0	0	0	0	0	0	0	0
	.4752	uc002bvj.1		0	0	0	8	0	0	0	2	5	0	1	0	0	0	0	0	0	0	0	0
	.4752	uc010bou.1		0	0	0	8	0	0	0	2	5	0	1	0	0	0	0	0	0	0	0	0
	.4753	uc021sxl.1		0	0	0	48	0	0	0	0	11	0	4	0	0	0	0	0	0	0	0	33
	.4754	uc021sxm.1		0	0	0	53	0	0	0	21	0	0	0	0	0	0	0	0	0	0	0	32
	.4755	uc002bvp.3		0	0	0	44	0	0	0	22	0	0	0	0	0	0	0	0	0	0	0	22
	.4756	uc002bvq.3		0	0	0	41	0	0	0	17	0	0	0	0	0	0	0	0	0	0	0	24
	.4757	uc021sxo.1		0	0	0	42	0	0	0	16	0	0	1	0	0	0	0	0	0	0	0	25
	.4758	uc002bvt.1		0	0	0	42	0	0	0	9	0	0	0	0	0	0	0	0	0	0	0	33
	.4759	uc010box.3		0	0	0	6	0	0	0	0	1	0	1	0	0	0	0	0	0	0	0	4
	.4760	uc002bvw.1		0	0	0	13	0	0	0	3	2	0	8	0	0	0	0	0	0	0	0	0
	.4761	uc021sxp.1		0	0	0	6	0	0	0	5	0	0	0	0	0	0	0	0	0	0	0	1
	.4762	uc010boy.2		0	0	0	5	0	0	0	2	3	0	0	0	0	0	0	0	0	0	0	0
	.4762	uc010boz.2		0	0	0	5	0	0	0	2	0	0	3	0	0	0	0	0	0	0	0	0
	.4763	uc002bwc.1		0	0	0	22	0	0	0	0	0	0	1	0	0	0	0	0	0	0	0	21
	.4763	uc031qul.1	protein_coding	0	0	0	27	26	0	0	1	0	0	0	0	0	0	0	0	0	0	0	0
	.4765	uc021sxr.1		0	0	0	1	0	0	0	0	0	0	0	0	0	0	0	0	0	0	0	1
	.4766	uc002bwo.1		0	0	0	6	0	0	0	0	6	0	0	0	0	0	0	0	0	0	0	0
	.4766	uc002bwp.3		0	0	0	2	0	0	0	0	1	0	1	0	0	0	0	0	0	0	0	0
	.4766	uc021sxs.1		0	0	0	3	0	0	0	2	0	0	0	0	0	0	0	0	0	0	0	1
	.4767	uc002bws.3		0	0	0	16	0	0	0	0	5	0	3	0	0	0	0	0	0	0	0	8
	.4767	uc010usb.2		0	0	0	48	0	0	0	0	41	0	6	0	0	0	0	0	0	0	0	1
	.4767	uc010usc.2		0	0	0	48	0	0	0	0	42	0	5	0	0	0	0	0	0	0	0	1
	.4768	uc002bwx.3		0	1	0	7	0	0	0	0	8	0	0	0	0	1	0	0	0	0	0	0
	.4768	uc010bpc.3		0	0	0	8	0	0	0	0	8	0	0	0	0	0	0	0	0	0	0	0
	.4769	uc021sxw.2	protein_coding	0	0	0	1	0	0	0	0	0	0	0	0	0	0	0	0	0	0	0	1
	.4770	uc021sxx.1		0	0	0	4	0	0	0	1	0	0	0	0	0	0	0	0	0	0	0	3
	.4771	uc002bxl.3	protein_coding	0	0	0	8	0	0	0	4	4	0	0	0	0	0	0	0	0	0	0	0
	.4771	uc010usi.2		0	0	0	10	0	0	0	4	6	0	0	0	0	0	0	0	0	0	0	0
	.4772	uc002bxo.3		0	0	0	43	0	0	0	15	0	0	1	0	0	0	0	0	0	0	0	27
	.4772	uc002bxp.4		0	0	0	41	0	0	0	21	0	0	5	0	0	0	0	0	0	0	0	15
	.4772	uc002bxq.2		0	0	0	41	0	0	0	15	0	0	1	0	0	0	0	0	0	0	0	25
	.4772	uc002bxr.3		0	0	0	40	0	0	0	17	0	0	2	0	0	0	0	0	0	0	0	21
	.4772	uc002bxs.3		0	0	0	39	0	0	0	18	0	0	0	0	0	0	0	0	0	0	0	21
	.4772	uc002bxu.1		0	0	0	39	0	0	0	18	0	0	0	0	0	0	0	0	0	0	0	21
	.4772	uc002bxv.1		0	0	0	39	0	0	0	18	0	0	0	0	0	0	0	0	0	0	0	21
	.4772	uc002bxw.1		0	0	0	39	0	0	0	19	0	0	0	0	0	0	0	0	0	0	0	20
	.4772	uc002bxy.2		0	0	0	39	0	0	0	20	0	0	1	0	0	0	0	0	0	0	0	18
	.4772	uc002bxz.4		0	0	0	39	0	0	0	17	0	0	2	0	0	0	0	0	0	0	0	20
	.4772	uc002byb.1		0	0	0	40	0	0	0	31	0	0	0	0	0	0	0	0	0	0	0	9
	.4772	uc010usj.2	protein_coding	2	3	3	40	0	1	1	7	31	3	0	0	1	1	0	1	0	0	1	3
	.4772	uc021sxy.1		0	0	0	39	0	0	0	20	0	0	1	0	0	0	0	0	0	0	0	18
	.4772	uc021sxz.1		0	0	0	39	0	0	0	19	0	0	0	0	0	0	0	0	0	0	0	20
	.4772	uc021sya.1		0	0	0	39	0	0	0	19	0	0	0	0	0	0	0	0	0	0	0	20
	.4772	uc021syb.1		0	0	0	39	0	0	0	20	0	0	0	0	0	0	0	0	0	0	0	19
	.4772	uc021syc.1		0	0	0	39	0	0	0	9	0	0	4	0	0	0	0	0	0	0	0	26
	.4772	uc021syd.1		0	0	0	40	0	0	0	31	0	0	0	0	0	0	0	0	0	0	0	9
	.4772	uc021sye.1		0	0	0	40	0	0	0	9	0	0	0	0	0	0	0	0	0	0	0	31
	.4773	uc002byc.3		0	0	0	40	0	0	0	33	0	0	0	0	0	0	0	0	0	0	0	7
	.4773	uc002byd.3		0	0	0	40	0	0	0	7	0	0	0	0	0	0	0	0	0	0	0	33
	.4774	uc002bye.3		0	0	0	40	0	0	0	7	0	0	0	0	0	0	0	0	0	0	0	33
	.4774	uc021syf.1		0	0	0	40	0	0	0	33	0	0	0	0	0	0	0	0	0	0	0	7
	.4775	uc002byf.1		0	0	0	41	0	0	0	8	0	0	0	0	0	0	0	0	0	0	0	33
	.4776	uc002byg.3		0	0	0	41	0	0	0	8	0	0	0	0	0	0	0	0	0	0	0	33
	.4776	uc002byh.2		0	0	0	41	0	0	0	33	0	0	0	0	0	0	0	0	0	0	0	8
	.4777	uc021syg.1		0	0	0	42	0	0	0	9	0	0	0	0	0	0	0	0	0	0	0	33
	.4778	uc002byi.3		0	0	0	42	0	0	0	9	0	0	0	0	0	0	0	0	0	0	0	33
	.4778	uc002byj.3		0	0	0	42	0	0	0	33	0	0	0	0	0	0	0	0	0	0	0	9
	.4779	uc002byk.3		0	0	0	42	0	0	0	9	0	0	0	0	0	0	0	0	0	0	0	33
	.4779	uc002byl.2		0	0	0	42	0	0	0	33	0	0	0	0	0	0	0	0	0	0	0	9
	.4780	uc002bym.3		0	0	0	42	0	0	0	9	0	0	0	0	0	0	0	0	0	0	0	33
	.4781	uc010usl.2		0	0	0	43	0	0	0	33	0	0	0	0	0	0	0	0	0	0	0	10
	.4781	uc010usm.2		0	0	0	44	0	0	0	11	0	0	0	0	0	0	0	0	0	0	0	33
	.4782	uc010usn.2		0	0	0	44	0	0	0	34	0	0	0	0	0	0	0	0	0	0	0	10
	.4782	uc021syh.1		0	0	0	44	0	0	0	10	0	0	0	0	0	0	0	0	0	0	0	34
	.4783	uc002byq.3		0	0	0	46	0	0	0	34	0	0	0	0	0	0	0	0	0	0	0	12
	.4783	uc002byr.3		0	0	0	46	0	0	0	12	0	0	0	0	0	0	0	0	0	0	0	34
	.4784	uc021syi.1		0	0	0	48	0	0	0	14	0	0	0	0	0	0	0	0	0	0	0	34
	.4785	uc002bys.3		0	0	0	48	0	0	0	14	0	0	0	0	0	0	0	0	0	0	0	34
	.4785	uc021syj.1		0	0	0	48	0	0	0	34	0	0	0	0	0	0	0	0	0	0	0	14
	.4785	uc021syk.1		0	0	0	48	0	0	0	34	0	0	0	0	0	0	0	0	0	0	0	14
	.4786	uc002byu.3		0	0	0	47	0	0	0	34	0	0	0	0	0	0	0	0	0	0	0	13
	.4786	uc002byv.3		0	0	0	46	0	0	0	13	0	0	0	0	0	0	0	0	0	0	0	33
	.4787	uc002byx.4		0	0	0	46	0	0	0	13	0	0	0	0	0	0	0	0	0	0	0	33
	.4788	uc021syl.1		0	0	0	46	0	0	0	13	0	0	0	0	0	0	0	0	0	0	0	33
	.4789	uc002byy.1		0	0	0	46	0	0	0	33	0	0	0	0	0	0	0	0	0	0	0	13
	.4790	uc002byz.2		0	0	0	47	0	0	0	33	0	0	0	0	0	0	0	0	0	0	0	14
	.4790	uc002bza.3		0	0	0	48	0	0	0	15	0	0	0	0	0	0	0	0	0	0	0	33
	.4791	uc002bzb.3		0	0	0	50	0	0	0	17	0	0	0	0	0	0	0	0	0	0	0	33
	.4792	uc002bzc.1		0	0	0	50	0	0	0	16	0	0	1	0	0	0	0	0	0	0	0	33
	.4793	uc002bze.3		0	0	0	50	0	0	0	16	0	0	0	0	0	0	0	0	0	0	0	34
	.4794	uc002bzg.2		0	0	0	48	0	0	0	16	0	0	0	0	0	0	0	0	0	0	0	32
	.4795	uc002bzh.1		0	0	0	47	0	0	0	31	0	0	0	0	0	0	0	0	0	0	0	16
	.4796	uc002bzi.2		0	0	0	47	0	0	0	16	0	0	0	0	0	0	0	0	0	0	0	31
	.4796	uc021sym.1		0	0	0	47	0	0	0	31	0	0	0	0	0	0	0	0	0	0	0	16
	.4797	uc002bzk.3		0	0	0	46	0	0	0	30	0	0	0	0	0	0	0	0	0	0	0	16
	.4797	uc002bzl.3		0	0	0	46	0	0	0	16	0	0	0	0	0	0	0	0	0	0	0	30
	.4798	uc002bzm.3		0	0	0	46	0	0	0	16	0	0	0	0	0	0	0	0	0	0	0	30
	.4799	uc002bzo.3		0	0	0	46	0	0	0	16	0	0	0	0	0	0	0	0	0	0	0	30
	.4800	uc002bzp.3		0	0	0	46	0	0	0	16	0	0	0	0	0	0	0	0	0	0	0	30
	.4800	uc010uso.1		0	0	0	46	0	0	0	30	0	0	0	0	0	0	0	0	0	0	0	16
	.4800	uc021syn.1		0	0	0	46	0	0	0	30	0	0	0	0	0	0	0	0	0	0	0	16
	.4801	uc002bzq.3		0	0	0	45	0	0	0	16	0	0	0	0	0	0	0	0	0	0	0	29
	.4802	uc002bzr.3		0	0	0	45	0	0	0	14	0	0	2	0	0	0	0	0	0	0	0	29
	.4802	uc002bzs.3		0	0	0	45	0	0	0	31	0	0	0	0	0	0	0	0	0	0	0	14
	.4803	uc002bzt.3		0	0	0	42	0	0	0	14	0	0	0	0	0	0	0	0	0	0	0	28
	.4804	uc010usp.1		0	0	0	41	0	0	0	14	0	0	0	0	0	0	0	0	0	0	0	27
	.4805	uc002bzu.2		0	0	0	40	0	0	0	14	0	0	0	0	0	0	0	0	0	0	0	26
	.4806	uc002bzv.4		0	0	0	40	0	0	0	14	0	0	0	0	0	0	0	0	0	0	0	26
	.4807	uc010uss.2		0	0	0	39	0	0	0	18	0	0	0	0	0	0	0	0	0	0	0	21
	.4808	uc021syo.1		0	0	0	39	0	0	0	21	0	0	0	0	0	0	0	0	0	0	0	18
	.4809	uc002bzz.3		0	0	0	41	0	0	0	20	0	0	0	0	0	0	0	0	0	0	0	21
	.4809	uc021syp.1		0	0	0	40	0	0	0	21	0	0	0	0	0	0	0	0	0	0	0	19
	.4810	uc002cab.3		0	0	0	43	0	0	0	22	0	0	0	0	0	0	0	0	0	0	0	21
	.4810	uc021syq.1		0	0	0	43	0	0	0	21	0	0	0	0	0	0	0	0	0	0	0	22
	.4811	uc002cac.3		0	0	0	43	0	0	0	22	0	0	0	0	0	0	0	0	0	0	0	21
	.4812	uc002cad.3		0	0	0	42	0	0	0	22	0	0	0	0	0	0	0	0	0	0	0	20
	.4813	uc010usu.2		0	0	0	42	0	0	0	22	0	0	0	0	0	0	0	0	0	0	0	20
	.4814	uc002cae.3		0	0	0	42	0	0	0	22	0	0	0	0	0	0	0	0	0	0	0	20
	.4815	uc002caf.3		0	0	0	42	0	0	0	22	0	0	0	0	0	0	0	0	0	0	0	20
	.4816	uc021syr.1		0	0	0	42	0	0	0	19	0	0	0	0	0	0	0	0	0	0	0	23
	.4816	uc021sys.1		0	0	0	42	0	0	0	23	0	0	0	0	0	0	0	0	0	0	0	19
	.4817	uc002cag.3		0	0	0	45	0	0	0	26	0	0	0	0	0	0	0	0	0	0	0	19
	.4818	uc002cah.3		0	0	0	35	0	0	0	26	0	0	0	0	0	0	0	0	0	0	0	9
	.4819	uc010usw.2		0	0	0	37	0	0	0	28	0	0	0	0	0	0	0	0	0	0	0	9
	.4820	uc021syt.1		0	0	0	40	0	0	0	31	0	0	0	0	0	0	0	0	0	0	0	9
	.4821	uc002caj.3		0	0	0	42	0	0	0	35	0	0	0	0	0	0	0	0	0	0	0	7
	.4822	uc002cak.3		0	0	0	43	0	0	0	36	0	0	0	0	0	0	0	0	0	0	0	7
	.4822	uc021syu.1		0	0	0	43	0	0	0	7	0	0	0	0	0	0	0	0	0	0	0	36
	.4823	uc021syv.1		0	0	0	43	0	0	0	35	0	0	1	0	0	0	0	0	0	0	0	7
	.4824	uc002cal.3		0	0	0	45	0	0	0	37	0	0	0	0	0	0	0	0	0	0	0	8
	.4825	uc021syw.1		0	0	0	48	0	0	0	39	0	0	0	0	0	0	0	0	0	0	0	9
	.4826	uc002cao.3		0	0	0	48	0	0	0	39	0	0	0	0	0	0	0	0	0	0	0	9
	.4827	uc002cap.3		0	0	0	48	0	0	0	39	0	0	0	0	0	0	0	0	0	0	0	9
	.4828	uc002caq.3		0	0	0	48	0	0	0	38	0	0	0	0	0	0	0	0	0	0	0	10
	.4829	uc002car.3		0	0	0	48	0	0	0	11	0	0	0	0	0	0	0	0	0	0	0	37
	.4829	uc010uta.1		0	0	0	47	0	0	0	37	0	0	0	0	0	0	0	0	0	0	0	10
	.4830	uc002cas.3		0	0	0	47	0	0	0	36	0	0	1	0	0	0	0	0	0	0	0	10
	.4831	uc002cat.1		0	0	0	47	0	0	0	34	0	0	0	0	0	0	0	0	0	0	0	13
	.4832	uc002cau.3		0	0	0	47	0	0	0	33	0	0	0	0	0	0	0	0	0	0	0	14
	.4833	uc010utb.1		0	0	0	47	0	0	0	33	0	0	0	0	0	0	0	0	0	0	0	14
	.4834	uc002cav.3		0	0	0	49	0	0	0	36	0	0	0	0	0	0	0	0	0	0	0	13
	.4835	uc021syx.1		0	0	0	57	0	0	0	43	0	0	1	0	0	0	0	0	0	0	0	13
	.4836	uc002cax.3		0	0	0	61	0	0	0	45	0	0	1	0	0	0	0	0	0	0	0	15
	.4837	uc002cay.3		0	0	0	63	0	0	0	46	0	0	1	0	0	0	0	0	0	0	0	16
	.4838	uc002cbc.1		0	0	0	61	0	0	0	45	0	0	0	0	0	0	0	0	0	0	0	16
	.4839	uc002cbe.3		0	0	0	62	0	0	0	46	0	0	0	0	0	0	0	0	0	0	0	16
	.4840	uc002cbg.3		0	0	0	62	0	0	0	46	0	0	0	0	0	0	0	0	0	0	0	16
	.4841	uc002cbh.3		0	0	0	62	0	0	0	46	0	0	0	0	0	0	0	0	0	0	0	16
	.4842	uc002cbi.3		0	0	0	62	0	0	0	46	0	0	0	0	0	0	0	0	0	0	0	16
	.4843	uc002cbk.3		0	0	0	62	0	0	0	46	0	0	0	0	0	0	0	0	0	0	0	16
	.4844	uc002cbm.3		0	0	0	60	0	0	0	46	0	0	0	0	0	0	0	0	0	0	0	14
	.4845	uc010ute.2		0	0	0	60	0	0	0	46	0	0	0	0	0	0	0	0	0	0	0	14
	.4845	uc021syy.1		0	0	0	60	0	0	0	14	0	0	0	0	0	0	0	0	0	0	0	46
	.4846	uc002cbo.3		0	0	0	60	0	0	0	45	0	0	0	0	0	0	0	0	0	0	0	15
	.4847	uc021syz.1		0	0	0	61	0	0	0	43	0	0	0	0	0	0	0	0	0	0	0	18
	.4848	uc002cbr.2		0	0	0	61	0	0	0	41	0	0	1	0	0	0	0	0	0	0	0	19
	.4849	uc002cbs.3		0	0	0	61	0	0	0	39	0	0	1	0	0	0	0	0	0	0	0	21
	.4850	uc002cbt.2		0	0	0	61	0	0	0	39	0	0	0	0	0	0	0	0	0	0	0	22
	.4851	uc002cbu.1		0	0	0	61	0	0	0	39	0	0	0	0	0	0	0	0	0	0	0	22
	.4852	uc002cbv.3		0	0	0	61	0	0	0	39	0	0	0	0	0	0	0	0	0	0	0	22
	.4853	uc002cbw.3		0	0	0	61	0	0	0	39	0	0	0	0	0	0	0	0	0	0	0	22
	.4854	uc002cby.3		0	0	0	61	0	0	0	39	0	0	0	0	0	0	0	0	0	0	0	22
	.4855	uc021sza.1		0	0	0	61	0	0	0	39	0	0	0	0	0	0	0	0	0	0	0	22
	.4856	uc010utg.1		0	0	0	61	0	0	0	35	0	0	0	0	0	0	0	0	0	0	0	26
	.4857	uc002ccb.4		0	0	0	61	0	0	0	33	0	0	2	0	0	0	0	0	0	0	0	26
	.4858	uc002ccf.4		0	0	0	60	0	0	0	26	0	0	3	0	0	0	0	0	0	0	0	31
	.4859	uc002ccg.4		0	0	0	60	0	0	0	24	0	0	0	0	0	0	0	0	0	0	0	36
	.4860	uc010uth.2		0	0	0	59	0	0	0	20	0	0	0	0	0	0	0	0	0	0	0	39
	.4861	uc002cci.3		0	0	0	59	0	0	0	20	0	0	0	0	0	0	0	0	0	0	0	39
	.4862	uc002ccj.3		0	0	0	58	0	0	0	20	0	0	0	0	0	0	0	0	0	0	0	38
	.4863	uc002cck.3		0	0	0	58	0	0	0	20	0	0	0	0	0	0	0	0	0	0	0	38
	.4864	uc002ccl.1		0	0	0	57	0	0	0	20	0	0	0	0	0	0	0	0	0	0	0	37
	.4865	uc002ccm.1		0	0	0	50	0	0	0	4	0	0	0	0	0	0	0	0	0	0	0	46
	.4866	uc010uti.2		0	0	0	25	0	0	0	5	0	0	0	0	0	0	0	0	0	0	0	20
	.4867	uc021szb.1		0	0	0	9	0	0	0	6	0	0	0	0	0	0	0	0	0	0	0	3
	.4868	uc010utj.2		0	0	0	9	0	0	0	5	0	0	1	0	0	0	0	0	0	0	0	3
	.4869	uc010utk.2		0	0	0	9	0	0	0	5	0	0	0	0	0	0	0	0	0	0	0	4
	.4870	uc021szc.1		0	0	0	9	0	0	0	5	0	0	0	0	0	0	0	0	0	0	0	4
	.4871	uc010utl.2		0	0	0	9	0	0	0	5	0	0	0	0	0	0	0	0	0	0	0	4
	.4872	uc010utm.1		0	0	0	9	0	0	0	5	0	0	0	0	0	0	0	0	0	0	0	4
	.4873	uc021szd.1		0	0	0	9	0	0	0	5	0	0	0	0	0	0	0	0	0	0	0	4
	.4874	uc002ccq.3		0	0	0	9	0	0	0	5	0	0	0	0	0	0	0	0	0	0	0	4
	.4875	uc010utn.2		0	0	0	9	0	0	0	5	0	0	0	0	0	0	0	0	0	0	0	4
	.4876	uc021sze.1		0	0	0	8	0	0	0	5	0	0	0	0	0	0	0	0	0	0	0	3
	.4877	uc002ccs.1		0	0	0	8	0	0	0	3	0	0	1	0	0	0	0	0	0	0	0	4
	.4878	uc010uto.1		0	0	0	10	0	0	0	4	0	0	1	0	0	0	0	0	0	0	0	5
	.4879	uc002cct.1		0	0	0	10	0	0	0	4	0	0	0	0	0	0	0	0	0	0	0	6
	.4880	uc002ccu.3		0	0	0	11	0	0	0	5	0	0	0	0	0	0	0	0	0	0	0	6
	.4881	uc002ccv.1		0	0	0	11	0	0	0	5	0	0	0	0	0	0	0	0	0	0	0	6
	.4882	uc010utp.2		0	0	0	10	0	0	0	5	0	0	0	0	0	0	0	0	0	0	0	5
	.4883	uc021szf.1		0	0	0	10	0	0	0	5	0	0	0	0	0	0	0	0	0	0	0	5
	.4884	uc002ccx.3		0	0	0	10	0	0	0	5	0	0	0	0	0	0	0	0	0	0	0	5
	.4885	uc021szg.1		0	0	0	11	0	0	0	6	0	0	0	0	0	0	0	0	0	0	0	5
	.4886	uc002ccz.3		0	0	0	11	0	0	0	6	0	0	0	0	0	0	0	0	0	0	0	5
	.4887	uc021szh.1		0	0	0	11	0	0	0	6	0	0	0	0	0	0	0	0	0	0	0	5
	.4888	uc021szi.1		0	0	0	11	0	0	0	6	0	0	0	0	0	0	0	0	0	0	0	5
	.4889	uc002cdb.3		0	0	0	9	0	0	0	5	0	0	0	0	0	0	0	0	0	0	0	4
	.4890	uc010utq.2		0	0	0	7	0	0	0	1	0	0	0	0	0	0	0	0	0	0	0	6
	.4892	uc002cdj.3		0	0	0	20	0	0	0	1	13	0	0	0	0	0	0	0	0	0	0	6
	.4892	uc002cdq.3		0	0	0	21	0	0	0	1	7	0	8	0	0	0	0	0	0	0	0	5
	.4892	uc002cdr.3		0	0	0	21	0	0	0	1	5	0	8	0	0	0	0	0	0	0	0	7
	.4892	uc002cds.2		0	0	0	21	0	0	0	20	0	0	1	0	0	0	0	0	0	0	0	0
	.4892	uc010bpk.1		0	0	0	40	0	0	0	16	23	0	1	0	0	0	0	0	0	0	0	0
	.4892	uc010bpl.1		0	0	0	40	0	0	0	16	23	0	1	0	0	0	0	0	0	0	0	0
	.4892	uc010bpo.3		0	0	0	21	0	0	0	1	7	0	8	0	0	0	0	0	0	0	0	5
	.4892	uc010utt.1		0	0	0	40	0	0	0	16	23	0	1	0	0	0	0	0	0	0	0	0
	.4892	uc010utu.2		0	0	0	40	0	0	0	14	25	0	1	0	0	0	0	0	0	0	0	0
	.4892	uc010utw.1		0	0	0	21	0	0	0	20	0	0	1	0	0	0	0	0	0	0	0	0
	.4893	uc010bqm.2		0	0	0	25	0	0	0	20	3	0	2	0	0	0	0	0	0	0	0	0
	.4894	uc002cfh.3		0	0	0	10	0	0	0	2	0	0	1	0	0	0	0	0	0	0	0	7
	.4895	uc010bqo.1		0	1	0	17	0	0	0	8	9	0	1	0	0	1	0	0	0	0	0	0
	.4896	uc002cfp.2		0	0	0	22	0	0	0	4	16	0	2	0	0	0	0	0	0	0	0	0
	.4896	uc010uua.1		0	0	0	22	0	0	0	4	16	0	2	0	0	0	0	0	0	0	0	0
	.4897	uc002cgd.1		0	0	0	5	0	0	0	0	3	0	1	0	0	0	0	0	0	0	0	1
	.4897	uc010bqq.1	protein_coding	0	0	0	2	1	0	0	0	0	0	0	0	0	0	0	0	0	0	0	1
	.4898	uc010bqr.2		0	0	0	23	0	0	0	5	16	0	0	0	0	0	0	0	0	0	0	2
	.4898	uc010uud.1		0	2	0	34	0	0	0	6	23	0	5	0	0	2	0	0	0	0	0	2
	.4899	uc002cgw.1		0	0	0	15	0	0	0	0	0	0	0	0	0	0	0	0	0	0	0	15
	.4900	uc021szp.1		0	0	0	9	0	0	0	6	3	0	0	0	0	0	0	0	0	0	0	0
	.4901	uc002che.1		0	0	0	7	0	0	0	0	3	0	0	0	0	0	0	0	0	0	0	4
	.4902	uc010uuh.1		0	0	0	3	0	0	0	1	0	0	0	0	0	0	0	0	0	0	0	2
	.4903	uc002chg.3		0	0	0	6	0	0	0	3	2	0	1	0	0	0	0	0	0	0	0	0
	.4903	uc031qun.1		0	0	0	1	0	0	0	1	0	0	0	0	0	0	0	0	0	0	0	0
	.4904	uc021szr.1		0	0	0	4	0	0	0	0	0	0	1	0	0	0	0	0	0	0	0	3
	.4905	uc002chj.3	protein_coding	0	1	0	27	3	0	2	2	1	0	0	0	0	0	0	0	0	0	1	19
	.4906	uc002chs.1	protein_coding	0	1	0	3	2	0	1	0	0	0	0	0	0	0	0	0	0	0	1	0
	.4907	uc021szx.1		0	0	0	1	0	0	0	1	0	0	0	0	0	0	0	0	0	0	0	0
	.4907	uc021szy.1		0	0	0	1	0	0	0	1	0	0	0	0	0	0	0	0	0	0	0	0
	.4908	uc002cid.1		0	0	0	3	0	0	0	3	0	0	0	0	0	0	0	0	0	0	0	0
	.4908	uc021szz.1		0	0	0	3	0	0	0	3	0	0	0	0	0	0	0	0	0	0	0	0
	.4909	uc002cij.1		0	0	0	53	0	0	0	11	37	0	4	0	0	0	0	0	0	0	0	1
	.4909	uc002cil.1		0	0	0	50	0	0	0	11	23	0	9	0	0	0	0	0	0	0	0	7
	.4910	uc002cja.3	protein_coding	0	0	0	4	2	0	0	2	0	0	0	0	0	0	0	0	0	0	0	0
	.4912	uc010uuq.1	protein_coding	0	0	0	4	0	0	0	1	0	0	0	0	0	0	0	0	0	0	0	3
	.4912	uc021tab.1		0	0	0	4	0	0	0	1	3	0	0	0	0	0	0	0	0	0	0	0
	.4913	uc021tac.1		0	0	0	34	0	0	0	19	0	0	1	0	0	0	0	0	0	0	0	14
	.4914	uc010bre.1		0	0	0	29	0	0	0	14	3	0	4	0	0	0	0	0	0	0	0	8
	.4915	uc010brg.2		0	0	0	3	0	0	0	1	1	0	0	0	0	0	0	0	0	0	0	1
	.4916	uc010uuv.1		0	0	0	40	0	0	0	2	34	0	4	0	0	0	0	0	0	0	0	0
	.4917	uc002ckm.1		0	0	0	8	0	0	0	0	0	0	1	0	0	0	0	0	0	0	0	7
	.4918	uc002ckp.1		0	0	0	7	0	0	0	1	0	0	0	0	0	0	0	0	0	0	0	6
	.4919	uc002ckx.3	protein_coding	0	4	1	23	2	1	8	3	9	1	0	0	0	1	0	0	0	0	2	2
	.4919	uc010brk.1		0	0	0	30	0	0	0	6	12	0	12	0	0	0	0	0	0	0	0	0
	.4920	uc010uvd.2	protein_coding	0	1	1	7	0	0	0	0	2	1	0	0	0	0	0	0	0	0	1	5
	.4921	uc010brp.3	protein_coding	1	2	1	22	0	0	2	5	0	1	0	0	0	0	0	1	0	0	2	15
	.4922	uc010brs.1		0	0	0	5	0	0	0	1	0	0	0	0	0	0	0	0	0	0	0	4
	.4923	uc002cmf.3		0	0	0	21	0	0	0	0	18	0	2	0	0	0	0	0	0	0	0	1
	.4923	uc010brt.3		0	0	0	3	0	0	0	0	1	0	0	0	0	0	0	0	0	0	0	2
	.4924	uc002cmj.1		0	0	0	8	0	0	0	2	5	0	1	0	0	0	0	0	0	0	0	0
	.4924	uc021tai.1		0	0	0	1	0	0	0	0	0	0	0	0	0	0	0	0	0	0	0	1
	.4925	uc010brv.3		0	0	0	16	0	0	0	13	0	0	1	0	0	0	0	0	0	0	0	2
	.4926	uc002cnm.2		0	0	0	7	0	0	0	2	2	0	2	0	0	0	0	0	0	0	0	1
	.4926	uc002cnp.1		0	0	0	7	0	0	0	2	0	0	0	0	0	0	0	0	0	0	0	5
	.4926	uc002cnq.2		0	0	0	7	0	0	0	2	0	0	0	0	0	0	0	0	0	0	0	5
	.4926	uc002cnr.3		0	0	0	7	0	0	0	0	0	0	1	0	0	0	0	0	0	0	0	6
	.4926	uc002cns.1		0	0	0	7	0	0	0	0	0	0	0	0	0	0	0	0	0	0	0	7
	.4926	uc002cnw.1		0	1	0	24	0	0	0	9	4	0	2	0	0	1	0	0	0	0	0	10
	.4926	uc010bse.1		0	0	0	32	0	0	0	8	6	0	5	0	0	0	0	0	0	0	0	13
	.4926	uc010uvt.1	protein_coding	0	5	0	21	0	1	2	9	6	0	0	0	0	2	0	0	0	0	2	6
	.4926	uc021tak.1		0	0	0	203	0	0	0	1	201	0	0	0	0	0	0	0	0	0	0	1
	.4926	uc021tap.1		0	0	0	9	0	0	0	6	0	0	0	0	0	0	0	0	0	0	0	3
	.4929	uc002cov.1		0	0	0	3	0	0	0	3	0	0	0	0	0	0	0	0	0	0	0	0
	.4930	uc002cph.3		0	0	0	9	0	0	0	8	1	0	0	0	0	0	0	0	0	0	0	0
	.4931	uc010uwa.2		0	0	0	3	0	0	0	0	2	0	1	0	0	0	0	0	0	0	0	0
	.4934	uc021tau.1		0	0	0	5	0	0	0	5	0	0	0	0	0	0	0	0	0	0	0	0
	.4935	uc002cqa.1		0	0	0	7	0	0	0	2	3	0	2	0	0	0	0	0	0	0	0	0
	.4935	uc002cqb.1		0	0	0	6	0	0	0	4	0	0	2	0	0	0	0	0	0	0	0	0
	.4935	uc002cqc.1		0	0	0	28	0	0	0	1	17	0	10	0	0	0	0	0	0	0	0	0
	.4936	uc031qur.1	protein_coding	0	0	0	1	0	0	0	0	0	0	0	0	0	0	0	0	0	0	0	1
	.4938	uc021taw.1		0	0	0	1	0	0	0	0	0	0	0	0	0	0	0	0	0	0	0	1
	.4941	uc002cqx.3		0	0	0	2	0	0	0	0	0	0	1	0	0	0	0	0	0	0	0	1
	.4941	uc002cqy.3		0	0	0	3	0	0	0	0	2	0	0	0	0	0	0	0	0	0	0	1
	.4942	uc002cra.1	protein_coding	0	0	0	1	1	0	0	0	0	0	0	0	0	0	0	0	0	0	0	0
	.4943	uc010uwf.2		0	0	0	1	0	0	0	0	0	0	0	0	0	0	0	0	0	0	0	1
	.4945	uc010bst.1	protein_coding	0	0	0	2	1	0	0	1	0	0	0	0	0	0	0	0	0	0	0	0
	.4946	uc002crh.1		0	0	0	4	0	0	0	0	4	0	0	0	0	0	0	0	0	0	0	0
	.4946	uc002cri.1		0	0	0	4	0	0	0	0	4	0	0	0	0	0	0	0	0	0	0	0
	.4946	uc010uwg.1		0	0	0	5	0	0	0	0	4	0	0	0	0	0	0	0	0	0	0	1
	.4947	uc031qut.1		0	0	0	3	0	0	0	2	1	0	0	0	0	0	0	0	0	0	0	0
	.4948	uc010uwn.2		0	1	0	4	0	0	0	3	1	0	1	0	0	1	0	0	0	0	0	0
	.4949	uc002csr.2		0	0	0	6	0	0	0	2	3	0	0	0	0	0	0	0	0	0	0	1
	.4949	uc002css.1		0	0	0	6	0	0	0	2	0	0	0	0	0	0	0	0	0	0	0	4
	.4950	uc021tax.1		0	0	0	7	0	0	0	3	1	0	1	0	0	0	0	0	0	0	0	2
	.4950	uc021tay.1		0	0	0	7	0	0	0	3	2	0	0	0	0	0	0	0	0	0	0	2
	.4950	uc021taz.1		0	0	0	7	0	0	0	3	1	0	1	0	0	0	0	0	0	0	0	2
	.4950	uc021tba.1		0	0	0	7	0	0	0	3	2	0	0	0	0	0	0	0	0	0	0	2
	.4951	uc010bta.1	protein_coding	0	1	0	10	0	0	0	5	0	0	0	0	0	0	0	0	0	0	1	5
	.4952	uc002ctg.3		0	0	0	7	0	0	0	6	0	0	0	0	0	0	0	0	0	0	0	1
	.4952	uc031quv.1		0	1	0	9	0	0	0	0	3	0	4	0	0	1	0	0	0	0	0	3
	.4953	uc002ctj.1		0	0	0	14	0	0	0	3	9	0	1	0	0	0	0	0	0	0	0	1
	.4954	uc021tbc.1		0	0	0	11	0	0	0	1	6	0	3	0	0	0	0	0	0	0	0	1
	.4955	uc002ctz.3		0	0	0	4	0	0	0	0	0	0	1	0	0	0	0	0	0	0	0	3
	.4955	uc010btd.2	protein_coding	0	0	0	3	0	0	0	0	0	0	0	0	0	0	0	0	0	0	0	3
	.4955	uc010bte.2		0	0	0	4	0	0	0	0	0	0	1	0	0	0	0	0	0	0	0	3
	.4956	uc002cuc.3		0	0	0	1	0	0	0	1	0	0	0	0	0	0	0	0	0	0	0	0
	.4957	uc002cud.3		0	0	0	15	0	0	0	8	4	0	3	0	0	0	0	0	0	0	0	0
	.4958	uc021tbd.1		0	0	0	4	0	0	0	0	0	0	0	0	0	0	0	0	0	0	0	4
	.4959	uc021tbe.1		0	0	0	4	0	0	0	4	0	0	0	0	0	0	0	0	0	0	0	0
	.4960	uc021tbf.1		0	0	0	3	0	0	0	0	0	0	0	0	0	0	0	0	0	0	0	3
	.4961	uc021tbg.1		0	0	0	1	0	0	0	0	0	0	0	0	0	0	0	0	0	0	0	1
	.4962	uc021tbh.1		0	0	0	1	0	0	0	1	0	0	0	0	0	0	0	0	0	0	0	0
	.4963	uc021tbi.1		0	0	0	1	0	0	0	0	0	0	0	0	0	0	0	0	0	0	0	1
	.4968	uc021tbn.1		0	0	0	1	0	0	0	0	0	0	0	0	0	0	0	0	0	0	0	1
	.4969	uc021tbo.1		0	0	0	2	0	0	0	0	0	0	0	0	0	0	0	0	0	0	0	2
	.4970	uc021tbp.1		0	0	0	2	0	0	0	1	0	0	0	0	0	0	0	0	0	0	0	1
	.4971	uc021tbq.1		0	0	0	2	0	0	0	0	0	0	0	0	0	0	0	0	0	0	0	2
	.4972	uc021tbr.1		0	0	0	1	0	0	0	0	0	0	0	0	0	0	0	0	0	0	0	1
	.4977	uc021tby.1	protein_coding	0	0	0	14	0	0	0	0	14	0	0	0	0	0	0	0	0	0	0	0
	.4977	uc021tbz.1	protein_coding	0	0	0	14	0	0	3	0	11	0	0	0	0	0	0	0	0	0	0	0
	.4977	uc021tca.1		0	0	0	14	0	0	0	0	7	0	7	0	0	0	0	0	0	0	0	0
	.4977	uc021tcb.1	protein_coding	0	3	0	11	0	0	0	0	11	0	0	0	0	0	0	0	0	0	3	0
	.4979	uc002cuv.4		0	0	0	6	0	0	0	1	4	0	0	0	0	0	0	0	0	0	0	1
	.4980	uc021tcd.1		0	0	0	2	0	0	0	2	0	0	0	0	0	0	0	0	0	0	0	0
	.4981	uc010btl.3	protein_coding	0	1	1	9	1	0	1	5	2	1	0	0	0	0	0	0	0	0	1	0
	.4981	uc010uxd.2		0	0	0	11	0	0	0	3	3	0	5	0	0	0	0	0	0	0	0	0
	.4981	uc010uxe.2		0	0	0	11	0	0	0	3	3	0	5	0	0	0	0	0	0	0	0	0
	.4982	uc002cvn.1		0	0	0	4	0	0	0	4	0	0	0	0	0	0	0	0	0	0	0	0
	.4983	uc010bto.1	protein_coding	0	0	0	13	0	0	0	2	7	0	0	0	0	0	0	0	0	0	0	4
	.4984	uc002cvq.1	protein_coding	0	1	0	9	1	0	0	8	0	0	0	0	0	0	0	0	0	0	1	0
	.4985	uc002cvu.3		0	0	0	7	0	0	0	2	0	0	2	0	0	0	0	0	0	0	0	3
	.4986	uc002cvy.4		0	0	0	45	0	0	0	0	37	0	7	0	0	0	0	0	0	0	0	1
	.4987	uc002cwa.1		0	0	0	2	0	0	0	1	0	0	0	0	0	0	0	0	0	0	0	1
	.4988	uc002cwe.3		0	0	0	39	0	0	0	4	32	0	2	0	0	0	0	0	0	0	0	1
	.4988	uc010uxj.1		0	0	0	28	0	0	0	2	25	0	1	0	0	0	0	0	0	0	0	0
	.4989	uc010btu.3		0	0	0	3	0	0	0	1	0	0	2	0	0	0	0	0	0	0	0	0
	.4990	uc002cwy.3	protein_coding	0	0	0	4	0	0	1	3	0	0	0	0	0	0	0	0	0	0	0	0
	.4991	uc010uxq.2		0	0	0	4	0	0	0	0	2	0	2	0	0	0	0	0	0	0	0	0
	.4992	uc002cxh.2		0	0	0	2	0	0	0	0	0	0	0	0	0	0	0	0	0	0	0	2
	.4993	uc010bty.3		0	0	0	6	0	0	0	0	5	0	1	0	0	0	0	0	0	0	0	0
	.4994	uc010bub.1		0	0	0	12	0	0	0	9	0	0	0	0	0	0	0	0	0	0	0	3
	.4995	uc002cxy.3		0	0	0	10	0	0	0	5	2	0	3	0	0	0	0	0	0	0	0	0
	.4996	uc002cyh.3		0	0	0	10	0	0	0	1	2	0	7	0	0	0	0	0	0	0	0	0
	.4996	uc010buc.3	protein_coding	0	1	1	8	5	0	0	1	2	1	0	0	0	0	0	0	0	0	1	0
	.4996	uc021tco.1		0	0	0	3	0	0	0	2	0	0	0	0	0	0	0	0	0	0	0	1
	.4997	uc002cyq.1	protein_coding	0	0	1	41	0	0	0	1	38	1	0	0	0	0	0	0	0	0	0	2
	.4999	uc002czb.3	protein_coding	0	1	1	26	2	0	0	0	0	1	0	0	0	0	0	0	0	0	1	24
	.4999	uc021tcq.1		0	0	0	48	0	0	0	4	37	0	6	0	0	0	0	0	0	0	0	1
	.5001	uc021tcs.1		0	0	0	6	0	0	0	0	0	0	0	0	0	0	0	0	0	0	0	6
	.5002	uc010buj.3		0	0	0	7	0	0	0	0	6	0	0	0	0	0	0	0	0	0	0	1
	.5002	uc010uyf.2		0	0	0	7	0	0	0	0	6	0	0	0	0	0	0	0	0	0	0	1
	.5003	uc010uyl.1		0	0	0	21	0	0	0	6	15	0	0	0	0	0	0	0	0	0	0	0
	.5004	uc002czn.3		0	0	0	2	0	0	0	1	0	0	0	0	0	0	0	0	0	0	0	1
	.5008	uc021tcw.1		0	0	0	22	0	0	0	16	0	0	1	0	0	0	0	0	0	0	0	5
	.5009	uc002czt.1		0	0	0	22	0	0	0	21	0	0	0	0	0	0	0	0	0	0	0	1
	.5010	uc010buk.3	protein_coding	0	0	0	4	0	0	0	3	1	0	0	0	0	0	0	0	0	0	0	0
	.5011	uc010uyo.2		0	1	0	9	0	0	0	0	7	0	3	0	0	1	0	0	0	0	0	0
	.5011	uc010uyq.2		0	1	0	7	0	0	0	0	4	0	3	0	0	1	0	0	0	0	0	1
	.5012	uc002dad.3		0	0	0	13	0	0	0	0	13	0	0	0	0	0	0	0	0	0	0	0
	.5012	uc002daf.1		0	1	0	12	0	0	0	1	10	0	2	0	0	1	0	0	0	0	0	0
	.5012	uc010bun.2		0	0	0	13	0	0	0	0	13	0	0	0	0	0	0	0	0	0	0	0
	.5012	uc010uyr.1		0	0	0	13	0	0	0	0	13	0	0	0	0	0	0	0	0	0	0	0
	.5012	uc010uys.1		0	0	0	13	0	0	0	0	13	0	0	0	0	0	0	0	0	0	0	0
	.5012	uc010uyt.1		0	0	0	13	0	0	0	0	13	0	0	0	0	0	0	0	0	0	0	0
	.5012	uc010uyu.1		0	0	0	13	0	0	0	0	13	0	0	0	0	0	0	0	0	0	0	0
	.5014	uc002daq.1		0	0	0	17	0	0	0	0	16	0	1	0	0	0	0	0	0	0	0	0
	.5015	uc002dax.1		0	4	0	55	0	0	0	3	44	0	7	0	0	4	0	0	0	0	0	5
	.5016	uc002dbj.3		0	1	0	8	0	0	0	0	7	0	1	0	0	1	0	0	0	0	0	1
	.5017	uc010buw.2		0	0	0	4	0	0	0	1	2	0	1	0	0	0	0	0	0	0	0	0
	.5021	uc002dcf.3		0	0	0	1	0	0	0	1	0	0	0	0	0	0	0	0	0	0	0	0
	.5024	uc021tdg.1		0	0	0	2	0	0	0	1	0	0	0	0	0	0	0	0	0	0	0	1
	.5025	uc021tdh.1		0	0	0	2	0	0	0	1	0	0	0	0	0	0	0	0	0	0	0	1
	.5025	uc021tdi.1		0	0	0	2	0	0	0	1	0	0	0	0	0	0	0	0	0	0	0	1
	.5026	uc010uzg.2		0	0	0	1	0	0	0	0	1	0	0	0	0	0	0	0	0	0	0	0
	.5027	uc021tdj.1		0	0	0	2	0	0	0	1	0	0	0	0	0	0	0	0	0	0	0	1
	.5030	uc021tdl.1		0	0	0	1	0	0	0	0	0	0	0	0	0	0	0	0	0	0	0	1
	.5031	uc002dcx.4		0	1	0	9	0	0	0	0	9	0	1	0	0	1	0	0	0	0	0	0
	.5032	uc010bvc.1	protein_coding	0	0	1	10	0	0	1	0	9	1	0	0	0	0	0	0	0	0	0	0
	.5033	uc010uzs.1		0	0	0	16	0	0	0	0	7	0	4	0	0	0	0	0	0	0	0	5
	.5033	uc021tdm.1		0	0	0	2	0	0	0	0	0	0	0	0	0	0	0	0	0	0	0	2
	.5034	uc002ddj.1		0	0	0	11	0	0	0	5	1	0	4	0	0	0	0	0	0	0	0	1
	.5035	uc021tdn.1		0	0	0	1	0	0	0	0	0	0	0	0	0	0	0	0	0	0	0	1
	.5036	uc021tdo.1		0	0	0	2	0	0	0	0	0	0	0	0	0	0	0	0	0	0	0	2
	.5038	uc002ddz.1		0	0	0	13	0	0	0	0	0	0	4	0	0	0	0	0	0	0	0	9
	.5039	uc002dea.1	protein_coding	0	2	1	11	0	0	0	3	6	1	0	0	0	0	0	0	0	0	2	2
	.5040	uc002ded.2		0	0	0	2	0	0	0	0	2	0	0	0	0	0	0	0	0	0	0	0
	.5041	uc010bvn.3	protein_coding	0	5	0	11	0	0	0	0	11	0	0	0	0	1	0	0	0	0	4	1
	.5042	uc021tds.1		0	0	0	9	0	0	0	1	0	0	2	0	0	0	0	0	0	0	0	6
	.5043	uc010bvo.3		0	1	0	39	0	0	0	0	31	0	7	0	0	1	0	0	0	0	0	2
	.5047	uc002der.3		0	0	0	7	0	0	0	2	4	0	1	0	0	0	0	0	0	0	0	0
	.5048	uc010vad.1		0	0	0	9	0	0	0	0	1	0	3	0	0	0	0	0	0	0	0	5
	.5048	uc010vae.1		0	0	0	7	0	0	0	1	1	0	2	0	0	0	0	0	0	0	0	3
	.5049	uc021tdw.1		0	0	0	16	0	0	0	7	0	0	0	0	0	0	0	0	0	0	0	9
	.5050	uc010vaf.1		0	0	0	20	0	0	0	9	0	0	0	0	0	0	0	0	0	0	0	11
	.5051	uc021tdx.1	protein_coding	0	1	0	2	0	1	2	0	0	0	0	0	0	0	0	0	0	0	0	0
	.5052	uc010vaj.1		0	0	0	6	0	0	0	0	0	0	2	0	0	0	0	0	0	0	0	4
	.5053	uc010vak.1		0	0	0	6	0	0	0	5	0	0	0	0	0	0	0	0	0	0	0	1
	.5054	uc021tdz.1		0	0	0	2	0	0	0	1	0	0	0	0	0	0	0	0	0	0	0	1
	.5058	uc002dfj.1		0	0	0	4	0	0	0	0	1	0	0	0	0	0	0	0	0	0	0	3
	.5059	uc010bvz.1		0	0	0	9	0	0	0	1	5	0	1	0	0	0	0	0	0	0	0	2
	.5060	uc021tec.1		0	0	0	3	0	0	0	0	0	0	1	0	0	0	0	0	0	0	0	2
	.5061	uc021ted.1	protein_coding	0	1	0	9	0	0	0	0	7	0	0	0	0	0	0	0	0	0	1	2
	.5062	uc002dgj.3		0	0	0	2	0	0	0	1	0	0	1	0	0	0	0	0	0	0	0	0
	.5063	uc010vas.2		0	0	0	21	0	0	0	1	18	0	1	0	0	0	0	0	0	0	0	1
	.5064	uc002dgs.3		0	0	0	8	0	0	0	2	3	0	2	0	0	0	0	0	0	0	0	1
	.5064	uc010bwc.3		0	0	0	7	0	0	0	2	3	0	2	0	0	0	0	0	0	0	0	0
	.5065	uc010bwd.1		0	0	0	4	0	0	0	1	2	0	1	0	0	0	0	0	0	0	0	0
	.5066	uc002dhi.1		0	0	0	3	0	0	0	0	0	0	0	0	0	0	0	0	0	0	0	3
	.5067	uc021teg.1		0	0	0	16	0	0	0	12	0	0	0	0	0	0	0	0	0	0	0	4
	.5068	uc002dhn.1		1	1	0	18	0	0	0	3	14	0	3	0	1	1	0	0	0	0	0	0
	.5069	uc010bwi.1		0	0	0	1	0	0	0	0	1	0	0	0	0	0	0	0	0	0	0	0
	.5069	uc010bwk.3		0	0	0	1	0	0	0	0	1	0	0	0	0	0	0	0	0	0	0	0
	.5069	uc010bwm.3		0	0	0	1	0	0	0	0	1	0	0	0	0	0	0	0	0	0	0	0
	.5070	uc002dig.4		0	0	0	2	0	0	0	0	1	0	1	0	0	0	0	0	0	0	0	0
	.5071	uc010bwq.1		0	0	0	10	0	0	0	1	8	0	1	0	0	0	0	0	0	0	0	0
	.5073	uc002dir.1		0	0	0	1	0	0	0	1	0	0	0	0	0	0	0	0	0	0	0	0
	.5073	uc002diu.1		0	0	0	2	0	0	0	0	1	0	1	0	0	0	0	0	0	0	0	0
	.5073	uc002dja.3		0	0	0	10	0	0	0	0	6	0	3	0	0	0	0	0	0	0	0	1
	.5073	uc002djl.3		0	1	0	0	0	0	0	0	0	0	1	0	0	1	0	0	0	0	0	0
	.5073	uc010bwt.2		0	0	0	2	0	0	0	1	0	0	1	0	0	0	0	0	0	0	0	0
	.5073	uc010vbh.1		0	0	0	1	0	0	0	1	0	0	0	0	0	0	0	0	0	0	0	0
	.5073	uc021tej.1		0	0	0	1	0	0	0	1	0	0	0	0	0	0	0	0	0	0	0	0
	.5073	uc021tek.1		0	0	0	2	0	0	0	2	0	0	0	0	0	0	0	0	0	0	0	0
	.5073	uc021tel.1		0	0	0	30	0	0	0	1	29	0	0	0	0	0	0	0	0	0	0	0
	.5073	uc021ten.1		0	0	0	2	0	0	0	1	0	0	1	0	0	0	0	0	0	0	0	0
	.5073	uc021tep.1		0	0	0	2	0	0	0	1	0	0	0	0	0	0	0	0	0	0	0	1
	.5074	uc002djs.3		0	0	0	10	0	0	0	0	7	0	2	0	0	0	0	0	0	0	0	1
	.5074	uc002dju.1		0	0	0	4	0	0	0	0	1	0	1	0	0	0	0	0	0	0	0	2
	.5074	uc010vbo.1		0	0	0	5	0	0	0	0	3	0	1	0	0	0	0	0	0	0	0	1
	.5075	uc021teq.1		0	0	0	3	0	0	0	2	0	0	0	0	0	0	0	0	0	0	0	1
	.5077	uc010bxd.3		0	0	0	8	0	0	0	0	3	0	3	0	0	0	0	0	0	0	0	2
	.5079	uc002dkh.3		0	0	0	17	0	0	0	0	14	0	3	0	0	0	0	0	0	0	0	0
	.5081	uc002dkp.2		0	0	0	1	0	0	0	0	1	0	0	0	0	0	0	0	0	0	0	0
	.5081	uc002dkt.1		0	0	0	2	0	0	0	1	0	0	0	0	0	0	0	0	0	0	0	1
	.5081	uc010bxf.3		0	0	0	3	0	0	0	0	1	0	1	0	0	0	0	0	0	0	0	1
	.5081	uc010vbu.1		0	0	0	1	0	0	0	0	1	0	0	0	0	0	0	0	0	0	0	0
	.5084	uc021tey.1		0	0	0	4	0	0	0	2	0	0	0	0	0	0	0	0	0	0	0	2
	.5085	uc010vbx.1		0	0	0	4	0	0	0	2	0	0	0	0	0	0	0	0	0	0	0	2
	.5086	uc002dky.1		0	0	0	4	0	0	0	4	0	0	0	0	0	0	0	0	0	0	0	0
	.5087	uc002dla.1		0	0	0	4	0	0	0	4	0	0	0	0	0	0	0	0	0	0	0	0
	.5088	uc021tez.1		0	0	0	4	0	0	0	4	0	0	0	0	0	0	0	0	0	0	0	0
	.5089	uc021tfa.1		0	0	0	4	0	0	0	4	0	0	0	0	0	0	0	0	0	0	0	0
	.5090	uc002dlf.1		0	0	0	4	0	0	0	4	0	0	0	0	0	0	0	0	0	0	0	0
	.5091	uc021tfb.1		0	0	0	4	0	0	0	4	0	0	0	0	0	0	0	0	0	0	0	0
	.5092	uc021tfc.1		0	0	0	1	0	0	0	0	1	0	0	0	0	0	0	0	0	0	0	0
	.5092	uc021tfd.1		0	0	0	1	0	0	0	0	1	0	0	0	0	0	0	0	0	0	0	0
	.5093	uc021tff.1		0	0	0	1	0	0	0	0	0	0	0	0	0	0	0	0	0	0	0	1
	.5094	uc002dlp.3		0	0	0	3	0	0	0	3	0	0	0	0	0	0	0	0	0	0	0	0
	.5095	uc010bxo.2		0	0	0	11	0	0	0	1	9	0	1	0	0	0	0	0	0	0	0	0
	.5096	uc002dlr.4		0	0	0	9	0	0	0	0	4	0	4	0	0	0	0	0	0	0	0	1
	.5096	uc002dls.4		0	1	0	10	0	0	0	0	5	0	4	0	0	1	0	0	0	0	0	2
	.5097	uc021tfg.1		0	0	0	7	0	0	0	0	0	0	1	0	0	0	0	0	0	0	0	6
	.5098	uc010bxq.1	protein_coding	0	0	0	11	1	0	1	1	8	0	0	0	0	0	0	0	0	0	0	0
	.5100	uc021tfl.1		0	0	0	1	0	0	0	0	0	0	1	0	0	0	0	0	0	0	0	0
	.5101	uc021tfm.1		0	0	0	3	0	0	0	0	0	0	0	0	0	0	0	0	0	0	0	3
	.5102	uc002dml.1	protein_coding	0	0	0	2	1	0	0	0	1	0	0	0	0	0	0	0	0	0	0	0
	.5103	uc002dnd.1		0	0	0	4	0	0	0	1	0	0	3	0	0	0	0	0	0	0	0	0
	.5104	uc010vcg.2		0	0	0	1	0	0	0	1	0	0	0	0	0	0	0	0	0	0	0	0
	.5105	uc010bxu.3		0	0	0	3	0	0	0	0	0	0	2	0	0	0	0	0	0	0	0	1
	.5122	uc002dob.2		0	0	0	1	0	0	0	1	0	0	0	0	0	0	0	0	0	0	0	0
	.5123	uc021tfq.1		0	0	0	2	0	0	0	2	0	0	0	0	0	0	0	0	0	0	0	0
	.5125	uc002doj.1		0	0	0	7	0	0	0	0	6	0	1	0	0	0	0	0	0	0	0	0
	.5126	uc002dot.3		0	0	0	4	0	0	0	4	0	0	0	0	0	0	0	0	0	0	0	0
	.5129	uc002dpr.1		0	0	0	2	0	0	0	0	1	0	0	0	0	0	0	0	0	0	0	1
	.5129	uc002dpz.1		0	0	0	2	0	0	0	0	1	0	0	0	0	0	0	0	0	0	0	1
	.5129	uc010byf.1		0	0	0	2	0	0	0	0	1	0	0	0	0	0	0	0	0	0	0	1
	.5131	uc021tft.1		0	0	0	2	0	0	0	0	0	0	0	0	0	0	0	0	0	0	0	2
	.5132	uc031qvh.1	protein_coding	0	0	0	2	0	0	0	0	0	0	0	0	0	0	0	0	0	0	0	2
	.5132	uc031qvi.1	protein_coding	0	0	0	2	0	0	0	0	0	0	0	0	0	0	0	0	0	0	0	2
	.5132	uc031qvj.1	protein_coding	0	0	0	2	0	0	0	0	0	0	0	0	0	0	0	0	0	0	0	2
	.5132	uc031qvk.1	protein_coding	0	0	0	2	0	0	0	0	0	0	0	0	0	0	0	0	0	0	0	2
	.5133	uc010bym.1		0	0	0	3	0	0	0	1	0	0	0	0	0	0	0	0	0	0	0	2
	.5134	uc021tfu.1		0	0	0	4	0	0	0	1	0	0	0	0	0	0	0	0	0	0	0	3
	.5135	uc002dsf.4		0	0	0	22	0	0	0	3	17	0	1	0	0	0	0	0	0	0	0	1
	.5135	uc002dsg.4		0	0	0	22	0	0	0	3	17	0	1	0	0	0	0	0	0	0	0	1
	.5135	uc002dsh.1		0	0	0	5	0	0	0	2	2	0	1	0	0	0	0	0	0	0	0	0
	.5135	uc010vdm.1		0	0	0	10	0	0	0	2	7	0	0	0	0	0	0	0	0	0	0	1
	.5135	uc010vdn.2		0	0	0	22	0	0	0	3	17	0	1	0	0	0	0	0	0	0	0	1
	.5136	uc002dsk.1		0	0	0	4	0	0	0	4	0	0	0	0	0	0	0	0	0	0	0	0
	.5136	uc010bys.1		0	0	0	19	0	0	0	0	17	0	1	0	0	0	0	0	0	0	0	1
	.5136	uc021tfv.1		0	0	0	12	0	0	0	0	10	0	2	0	0	0	0	0	0	0	0	0
	.5136	uc021tfx.1		0	1	0	4	0	0	0	1	2	0	2	0	0	1	0	0	0	0	0	0
	.5138	uc002dso.3		0	0	0	2	0	0	0	0	2	0	0	0	0	0	0	0	0	0	0	0
	.5138	uc002dsp.3		0	0	0	13	0	0	0	0	10	0	3	0	0	0	0	0	0	0	0	0
	.5138	uc002dsq.1		0	0	0	2	0	0	0	0	0	0	0	0	0	0	0	0	0	0	0	2
	.5138	uc002dtj.2		0	0	0	4	0	0	0	0	3	0	1	0	0	0	0	0	0	0	0	0
	.5138	uc002duc.1		0	0	0	5	0	0	0	0	1	0	1	0	0	0	0	0	0	0	0	3
	.5138	uc002duh.2	protein_coding	0	0	0	3	0	0	0	3	0	0	0	0	0	0	0	0	0	0	0	0
	.5138	uc002duo.2		0	0	0	2	0	0	0	1	0	0	0	0	0	0	0	0	0	0	0	1
	.5138	uc002duu.3		0	0	0	8	0	0	0	0	5	0	0	0	0	0	0	0	0	0	0	3
	.5138	uc002dvh.1		0	0	0	6	0	0	0	1	2	0	0	0	0	0	0	0	0	0	0	3
	.5138	uc002dvv.1		0	0	0	1	0	0	0	1	0	0	0	0	0	0	0	0	0	0	0	0
	.5138	uc002dwo.2		0	0	0	1	0	0	0	1	0	0	0	0	0	0	0	0	0	0	0	0
	.5138	uc002dwz.1		0	0	0	1	0	0	0	0	0	0	0	0	0	0	0	0	0	0	0	1
	.5138	uc002frc.1		0	0	0	3	0	0	0	1	0	0	0	0	0	0	0	0	0	0	0	2
	.5138	uc010bza.1		0	0	0	5	0	0	0	0	3	0	1	0	0	0	0	0	0	0	0	1
	.5138	uc010bzb.2		0	0	0	89	0	0	0	0	88	0	0	0	0	0	0	0	0	0	0	1
	.5138	uc010bzi.2		0	0	0	8	0	0	0	0	5	0	0	0	0	0	0	0	0	0	0	3
	.5138	uc010bzo.2		0	0	0	4	0	0	0	0	3	0	0	0	0	0	0	0	0	0	0	1
	.5138	uc010vds.1		0	0	0	8	0	0	0	0	2	0	5	0	0	0	0	0	0	0	0	1
	.5138	uc010vdt.2		0	0	0	8	0	0	0	1	2	0	4	0	0	0	0	0	0	0	0	1
	.5138	uc010vdu.2		0	0	0	4	0	0	0	0	3	0	1	0	0	0	0	0	0	0	0	0
	.5138	uc010veb.1		0	0	0	2	0	0	0	1	0	0	0	0	0	0	0	0	0	0	0	1
	.5138	uc010vef.2		0	0	0	3	0	0	0	2	1	0	0	0	0	0	0	0	0	0	0	0
	.5138	uc021tge.2		0	0	0	5	0	0	0	1	2	0	2	0	0	0	0	0	0	0	0	0
	.5138	uc021tgg.1		0	0	0	3	0	0	0	3	0	0	0	0	0	0	0	0	0	0	0	0
	.5138	uc031qvp.1	protein_coding	0	0	0	3	1	0	1	0	1	0	0	0	0	0	0	0	0	0	0	0
	.5139	uc002dxl.3	protein_coding	0	0	0	1	1	0	0	0	0	0	0	0	0	0	0	0	0	0	0	0
	.5142	uc002dxp.1		0	0	0	3	0	0	0	0	2	0	1	0	0	0	0	0	0	0	0	0
	.5145	uc010veu.1		0	0	0	4	0	0	0	1	3	0	0	0	0	0	0	0	0	0	0	0
	.5146	uc021tgm.1		0	0	0	2	0	0	0	1	0	0	0	0	0	0	0	0	0	0	0	1
	.5149	uc002dzf.4		0	0	0	13	0	0	0	8	3	0	2	0	0	0	0	0	0	0	0	0
	.5149	uc002dzh.1		0	0	0	2	0	0	0	2	0	0	0	0	0	0	0	0	0	0	0	0
	.5150	uc021tgp.2	protein_coding	0	0	0	5	0	0	0	0	3	0	0	0	0	0	0	0	0	0	0	2
	.5151	uc021tgr.1		0	0	0	1	0	0	0	1	0	0	0	0	0	0	0	0	0	0	0	0
	.5152	uc002dzu.4	protein_coding	0	0	0	1	0	0	0	0	0	0	0	0	0	0	0	0	0	0	0	1
	.5154	uc031qvu.1	protein_coding	0	0	0	7	0	0	0	5	0	0	0	0	0	0	0	0	0	0	0	2
	.5155	uc002ebk.1		0	0	0	9	0	0	0	4	0	0	0	0	0	0	0	0	0	0	0	5
	.5156	uc002ebp.1		0	0	0	5	0	0	0	0	0	0	0	0	0	0	0	0	0	0	0	5
	.5157	uc010vfj.1		0	0	0	8	0	0	0	5	0	0	1	0	0	0	0	0	0	0	0	2
	.5158	uc002ecg.4		0	0	0	1	0	0	0	1	0	0	0	0	0	0	0	0	0	0	0	0
	.5158	uc010car.3		0	0	0	1	0	0	0	0	1	0	0	0	0	0	0	0	0	0	0	0
	.5159	uc010vfr.1	protein_coding	0	0	1	6	1	0	0	5	0	1	0	0	0	0	0	0	0	0	0	0
	.5160	uc002eck.4		0	1	0	9	0	0	0	5	3	0	1	0	0	1	0	0	0	0	0	1
	.5160	uc002ecl.4		0	1	0	9	0	0	0	5	3	0	1	0	0	1	0	0	0	0	0	1
	.5160	uc002ecm.4		0	1	0	9	0	0	0	5	3	0	1	0	0	1	0	0	0	0	0	1
	.5161	uc002ecr.3		0	0	0	2	0	0	0	2	0	0	0	0	0	0	0	0	0	0	0	0
	.5162	uc002ect.3		0	0	0	1	0	0	0	1	0	0	0	0	0	0	0	0	0	0	0	0
	.5163	uc031qvy.1		0	0	0	5	0	0	0	5	0	0	0	0	0	0	0	0	0	0	0	0
	.5164	uc002ecu.3		0	0	0	1	0	0	0	1	0	0	0	0	0	0	0	0	0	0	0	0
	.5164	uc010vft.2		0	0	0	3	0	0	0	2	0	0	0	0	0	0	0	0	0	0	0	1
	.5164	uc010vfu.3		0	0	0	5	0	0	0	1	3	0	0	0	0	0	0	0	0	0	0	1
	.5164	uc031qvz.1		0	0	0	3	0	0	0	1	0	0	0	0	0	0	0	0	0	0	0	2
	.5165	uc002ecx.4	protein_coding	0	0	0	4	0	0	1	0	0	0	0	0	0	0	0	0	0	0	0	3
	.5166	uc010vfv.1		0	0	0	16	0	0	0	1	6	0	9	0	0	0	0	0	0	0	0	0
	.5167	uc002ecy.3		0	0	0	5	0	0	0	0	2	0	3	0	0	0	0	0	0	0	0	0
	.5169	uc002edb.3		0	0	0	1	0	0	0	0	1	0	0	0	0	0	0	0	0	0	0	0
	.5170	uc021tha.1		0	0	0	4	0	0	0	1	0	0	0	0	0	0	0	0	0	0	0	3
	.5173	uc002edi.1		0	0	0	1	0	0	0	0	1	0	0	0	0	0	0	0	0	0	0	0
	.5174	uc010vfz.1		0	0	0	2	0	0	0	1	0	0	0	0	0	0	0	0	0	0	0	1
	.5174	uc021thc.2		0	0	0	15	0	0	0	0	15	0	0	0	0	0	0	0	0	0	0	0
	.5174	uc021the.1		0	0	0	1	0	0	0	1	0	0	0	0	0	0	0	0	0	0	0	0
	.5176	uc002edq.3		0	0	0	6	0	0	0	1	5	0	0	0	0	0	0	0	0	0	0	0
	.5176	uc021thh.1		0	0	0	1	0	0	0	1	0	0	0	0	0	0	0	0	0	0	0	0
	.5177	uc021thi.1		0	0	0	1	0	0	0	0	0	0	0	0	0	0	0	0	0	0	0	1
	.5182	uc021thk.2		0	0	0	2	0	0	0	2	0	0	0	0	0	0	0	0	0	0	0	0
	.5185	uc002edv.1		0	0	0	3	0	0	0	0	0	0	3	0	0	0	0	0	0	0	0	0
	.5190	uc002eeb.3	protein_coding	0	0	0	19	0	0	2	16	1	0	0	0	0	0	0	0	0	0	0	0
	.5190	uc010cbd.2		0	0	0	16	0	0	0	16	0	0	0	0	0	0	0	0	0	0	0	0
	.5191	uc021thq.1		0	0	0	1	0	0	0	1	0	0	0	0	0	0	0	0	0	0	0	0
	.5193	uc002eey.1		0	1	0	15	0	0	0	0	8	0	8	0	0	1	0	0	0	0	0	0
	.5193	uc002eez.1		0	1	0	15	0	0	0	0	9	0	7	0	0	1	0	0	0	0	0	0
	.5193	uc002efa.1		0	1	0	15	0	0	0	0	9	0	7	0	0	1	0	0	0	0	0	0
	.5193	uc002efb.1		0	1	0	15	0	0	0	0	9	0	7	0	0	1	0	0	0	0	0	0
	.5193	uc002efd.1		0	1	0	15	0	0	0	0	9	0	7	0	0	1	0	0	0	0	0	0
	.5193	uc010vgj.1		0	0	0	1	0	0	0	0	0	0	1	0	0	0	0	0	0	0	0	0
	.5194	uc010vgk.1		0	0	0	4	0	0	0	0	2	0	2	0	0	0	0	0	0	0	0	0
	.5195	uc002efk.2		0	0	0	1	0	0	0	1	0	0	0	0	0	0	0	0	0	0	0	0
	.5195	uc002efl.3		0	0	0	1	0	0	0	0	1	0	0	0	0	0	0	0	0	0	0	0
	.5195	uc021thr.1		0	0	0	1	0	0	0	0	1	0	0	0	0	0	0	0	0	0	0	0
	.5195	uc021tht.1		0	0	0	1	0	0	0	1	0	0	0	0	0	0	0	0	0	0	0	0
	.5196	uc021thu.1		0	0	0	1	0	0	0	0	0	0	0	0	0	0	0	0	0	0	0	1
	.5197	uc002efv.3		0	0	0	6	0	0	0	1	3	0	2	0	0	0	0	0	0	0	0	0
	.5198	uc002efy.3		0	0	0	1	0	0	0	0	0	0	0	0	0	0	0	0	0	0	0	1
	.5199	uc010cbi.2		0	0	0	6	0	0	0	0	5	0	0	0	0	0	0	0	0	0	0	1
	.5201	uc002egj.3		0	0	0	1	0	0	0	1	0	0	0	0	0	0	0	0	0	0	0	0
	.5201	uc021thz.1		0	0	0	1	0	0	0	0	0	0	1	0	0	0	0	0	0	0	0	0
	.5202	uc010cbn.1		0	0	0	6	0	0	0	1	2	0	3	0	0	0	0	0	0	0	0	0
	.5202	uc010cbo.1		0	0	0	6	0	0	0	1	2	0	3	0	0	0	0	0	0	0	0	0
	.5202	uc010cbp.1		0	0	0	6	0	0	0	1	2	0	0	0	0	0	0	0	0	0	0	3
	.5202	uc010cbq.1	protein_coding	0	0	0	6	0	0	0	1	2	0	0	0	0	0	0	0	0	0	0	3
	.5202	uc010cbr.1		0	0	0	6	0	0	0	1	2	0	0	0	0	0	0	0	0	0	0	3
	.5202	uc010vgq.1	protein_coding	0	0	0	4	0	0	0	0	4	0	0	0	0	0	0	0	0	0	0	0
	.5203	uc021tic.1		0	0	0	1	0	0	0	1	0	0	0	0	0	0	0	0	0	0	0	0
	.5206	uc021tii.1		0	0	0	1	0	0	0	1	0	0	0	0	0	0	0	0	0	0	0	0
	.5208	uc002ehe.1	protein_coding	0	0	0	1	0	0	0	0	0	0	0	0	0	0	0	0	0	0	0	1
	.5212	uc002ehs.3		0	0	0	1	0	0	0	0	1	0	0	0	0	0	0	0	0	0	0	0
	.5213	uc002ehu.3		0	0	0	2	0	0	0	0	0	0	0	0	0	0	0	0	0	0	0	2
	.5214	uc010ccb.1		0	1	0	12	0	0	0	9	2	0	0	0	0	1	0	0	0	0	0	2
	.5215	uc021tip.1		0	0	0	5	0	0	0	0	1	0	0	0	0	0	0	0	0	0	0	4
	.5216	uc021tiq.1		0	0	0	18	0	0	0	0	14	0	4	0	0	0	0	0	0	0	0	0
	.5217	uc002eis.1		0	0	0	2	0	0	0	0	1	0	0	0	0	0	0	0	0	0	0	1
	.5218	uc002eiv.2	protein_coding	0	1	0	0	0	0	0	0	0	0	0	0	0	0	0	0	0	0	1	0
	.5220	uc002eji.3		0	0	0	18	0	0	0	3	15	0	0	0	0	0	0	0	0	0	0	0
	.5220	uc002ejj.4		0	0	0	4	0	0	0	0	3	0	0	0	0	0	0	0	0	0	0	1
	.5220	uc002ejo.1		0	0	0	10	0	0	0	4	3	0	0	0	0	0	0	0	0	0	0	3
	.5220	uc002ejp.1		0	0	0	10	0	0	0	4	0	0	3	0	0	0	0	0	0	0	0	3
	.5220	uc010vhe.2		0	0	0	13	0	0	0	5	5	0	2	0	0	0	0	0	0	0	0	1
	.5221	uc010cci.3		0	1	0	5	0	0	0	2	0	0	2	0	0	1	0	0	0	0	0	2
	.5221	uc010vhf.2		0	0	0	6	0	0	0	2	0	0	0	0	0	0	0	0	0	0	0	4
	.5222	uc002ejv.1		1	0	0	15	0	0	0	7	2	0	1	1	0	0	0	0	0	0	0	6
	.5223	uc010ccj.1	protein_coding	0	0	2	2	1	0	0	0	0	2	0	0	0	0	0	0	0	0	0	1
	.5223	uc010ccl.3		0	0	0	3	0	0	0	0	1	0	0	0	0	0	0	0	0	0	0	2
	.5223	uc010vhg.2		0	0	0	3	0	0	0	0	1	0	0	0	0	0	0	0	0	0	0	2
	.5223	uc010vhh.2		0	0	0	3	0	0	0	0	1	0	0	0	0	0	0	0	0	0	0	2
	.5224	uc002ejz.3		0	0	0	4	0	0	0	1	3	0	0	0	0	0	0	0	0	0	0	0
	.5225	uc002ekc.3		0	0	0	1	0	0	0	1	0	0	0	0	0	0	0	0	0	0	0	0
	.5226	uc002eko.1		0	1	0	22	0	0	0	0	13	0	3	0	0	1	0	0	0	0	0	7
	.5226	uc010ccq.1		0	0	0	30	0	0	0	0	21	0	5	0	0	0	0	0	0	0	0	4
	.5226	uc010ccr.1		0	1	0	34	0	0	0	0	23	0	7	0	0	1	0	0	0	0	0	5
	.5226	uc010ccs.1		0	1	0	26	0	0	0	0	18	0	5	0	0	1	0	0	0	0	0	4
	.5227	uc002ekt.1	protein_coding	0	0	0	6	1	0	0	0	3	0	0	0	0	0	0	0	0	0	0	2
	.5228	uc021tix.1		0	0	0	2	0	0	0	0	2	0	0	0	0	0	0	0	0	0	0	0
	.5229	uc021tja.1		0	0	0	2	0	0	0	2	0	0	0	0	0	0	0	0	0	0	0	0
	.5230	uc010ccy.1		0	0	0	1	0	0	0	1	0	0	0	0	0	0	0	0	0	0	0	0
	.5233	uc010cdd.3		0	0	0	8	0	0	0	0	4	0	1	0	0	0	0	0	0	0	0	3
	.5233	uc010cde.3	protein_coding	0	1	0	4	0	0	0	0	1	0	0	0	0	0	0	0	0	0	1	3
	.5234	uc002emn.3		0	0	0	11	0	0	0	1	7	0	2	0	0	0	0	0	0	0	0	1
	.5234	uc010cdg.1		0	0	0	7	0	0	0	5	2	0	0	0	0	0	0	0	0	0	0	0
	.5235	uc002emy.3		0	0	0	2	0	0	0	1	0	0	0	0	0	0	0	0	0	0	0	1
	.5236	uc021tjf.1		0	0	0	2	0	0	0	1	0	0	0	0	0	0	0	0	0	0	0	1
	.5236	uc031qwj.1	protein_coding	0	0	0	2	0	0	0	1	1	0	0	0	0	0	0	0	0	0	0	0
	.5238	uc002enw.4		0	1	0	28	0	0	0	3	23	0	3	0	0	1	0	0	0	0	0	0
	.5238	uc002eny.1		0	0	0	8	0	0	0	6	0	0	0	0	0	0	0	0	0	0	0	2
	.5238	uc002eoa.1		0	0	0	1	0	0	0	1	0	0	0	0	0	0	0	0	0	0	0	0
	.5238	uc010cdm.3		0	0	0	10	0	0	0	2	0	0	2	0	0	0	0	0	0	0	0	6
	.5239	uc031qwk.1		0	0	0	7	0	0	0	0	7	0	0	0	0	0	0	0	0	0	0	0
	.5241	uc002eok.1		0	0	0	2	0	0	0	0	0	0	2	0	0	0	0	0	0	0	0	0
	.5241	uc010cdn.3		0	0	0	9	0	0	0	0	7	0	2	0	0	0	0	0	0	0	0	0
	.5242	uc002eol.1		0	0	0	5	0	0	0	0	5	0	0	0	0	0	0	0	0	0	0	0
	.5242	uc010cdo.1		0	0	0	5	0	0	0	0	5	0	0	0	0	0	0	0	0	0	0	0
	.5242	uc010cdp.1		0	0	0	5	0	0	0	0	5	0	0	0	0	0	0	0	0	0	0	0
	.5245	uc002eop.2		0	0	0	3	0	0	0	0	3	0	0	0	0	0	0	0	0	0	0	0
	.5245	uc021tjp.1		0	0	0	4	0	0	0	0	4	0	0	0	0	0	0	0	0	0	0	0
	.5246	uc021tjr.1		0	0	0	2	0	0	0	1	0	0	0	0	0	0	0	0	0	0	0	1
	.5247	uc002epb.4		0	0	0	2	0	0	0	1	0	0	1	0	0	0	0	0	0	0	0	0
	.5247	uc002epc.4		0	0	0	2	0	0	0	1	0	0	1	0	0	0	0	0	0	0	0	0
	.5247	uc002epd.4		0	0	0	2	0	0	0	1	0	0	1	0	0	0	0	0	0	0	0	0
	.5247	uc002epe.4		0	0	0	2	0	0	0	1	0	0	1	0	0	0	0	0	0	0	0	0
	.5247	uc002epf.4		0	0	0	2	0	0	0	1	0	0	1	0	0	0	0	0	0	0	0	0
	.5247	uc002epg.4		0	0	0	2	0	0	0	1	0	0	1	0	0	0	0	0	0	0	0	0
	.5247	uc002epm.4		0	0	0	2	0	0	0	1	0	0	1	0	0	0	0	0	0	0	0	0
	.5247	uc002epo.4		0	0	0	2	0	0	0	1	0	0	1	0	0	0	0	0	0	0	0	0
	.5247	uc002epp.4		0	0	0	2	0	0	0	1	0	0	1	0	0	0	0	0	0	0	0	0
	.5247	uc002epq.4		0	0	0	2	0	0	0	1	0	0	1	0	0	0	0	0	0	0	0	0
	.5247	uc010cds.3		0	0	0	2	0	0	0	1	0	0	1	0	0	0	0	0	0	0	0	0
	.5250	uc002eqc.1		0	0	0	3	0	0	0	0	2	0	1	0	0	0	0	0	0	0	0	0
	.5251	uc002eqh.3		0	0	0	2	0	0	0	0	2	0	0	0	0	0	0	0	0	0	0	0
	.5253	uc002erg.1	protein_coding	0	0	0	2	0	0	0	0	0	0	0	0	0	0	0	0	0	0	0	2
	.5254	uc002ern.1		0	0	0	2	0	0	0	1	0	0	0	0	0	0	0	0	0	0	0	1
	.5254	uc010cec.1		0	0	0	2	0	0	0	1	0	0	0	0	0	0	0	0	0	0	0	1
	.5255	uc002err.3		0	0	0	3	0	0	0	1	0	0	0	0	0	0	0	0	0	0	0	2
	.5256	uc002erv.1		0	1	0	7	0	0	0	0	4	0	3	0	0	1	0	0	0	0	0	1
	.5257	uc010vjf.1		0	0	0	6	0	0	0	4	0	0	0	0	0	0	0	0	0	0	0	2
	.5258	uc002esj.2		0	0	0	3	0	0	0	2	0	0	1	0	0	0	0	0	0	0	0	0
	.5259	uc010vjh.1	protein_coding	0	0	0	8	0	0	0	3	5	0	0	0	0	0	0	0	0	0	0	0
	.5260	uc002esn.1		0	0	0	1	0	0	0	0	0	0	0	0	0	0	0	0	0	0	0	1
	.5261	uc002esw.3		0	0	0	7	0	0	0	1	3	0	3	0	0	0	0	0	0	0	0	0
	.5261	uc010ceh.3	protein_coding	0	0	1	4	0	0	0	3	1	1	0	0	0	0	0	0	0	0	0	0
	.5262	uc021tkb.1		0	0	0	1	0	0	0	0	0	0	1	0	0	0	0	0	0	0	0	0
	.5263	uc010vjs.1		0	0	0	2	0	0	0	2	0	0	0	0	0	0	0	0	0	0	0	0
	.5264	uc002etx.1	protein_coding	0	0	0	1	0	0	0	0	0	0	0	0	0	0	0	0	0	0	0	1
	.5264	uc002etz.3		0	0	0	1	0	0	0	0	0	0	0	0	0	0	0	0	0	0	0	1
	.5266	uc010cep.2	protein_coding	0	0	0	4	0	0	0	2	1	0	0	0	0	0	0	0	0	0	0	1
	.5267	uc002evb.2		0	0	0	2	0	0	0	0	1	0	1	0	0	0	0	0	0	0	0	0
	.5267	uc010cev.1		0	0	0	1	0	0	0	0	0	0	0	0	0	0	0	0	0	0	0	1
	.5268	uc002evf.3		0	0	0	4	0	0	0	0	2	0	1	0	0	0	0	0	0	0	0	1
	.5271	uc002evv.2		0	0	0	3	0	0	0	1	1	0	1	0	0	0	0	0	0	0	0	0
	.5271	uc010cfc.1		0	0	0	3	0	0	0	1	1	0	1	0	0	0	0	0	0	0	0	0
	.5272	uc021tke.1		0	0	0	2	0	0	0	2	0	0	0	0	0	0	0	0	0	0	0	0
	.5273	uc010cfd.1	protein_coding	0	1	0	11	0	0	0	4	3	0	0	0	0	0	0	0	0	0	1	4
	.5274	uc021tkf.1		0	0	0	1	0	0	0	1	0	0	0	0	0	0	0	0	0	0	0	0
	.5275	uc002ewb.3	protein_coding	0	0	1	9	3	0	0	0	6	1	0	0	0	0	0	0	0	0	0	0
	.5275	uc002ewc.3	protein_coding	0	0	1	9	3	0	0	0	6	1	0	0	0	0	0	0	0	0	0	0
	.5276	uc010vlj.1		0	0	0	6	0	0	0	1	4	0	1	0	0	0	0	0	0	0	0	0
	.5277	uc010cfj.1	protein_coding	0	0	0	1	0	0	0	1	0	0	0	0	0	0	0	0	0	0	0	0
	.5279	uc021tkh.1		0	0	0	1	0	0	0	0	0	0	0	0	0	0	0	0	0	0	0	1
	.5280	uc002exh.2	protein_coding	0	0	0	5	0	0	0	1	4	0	0	0	0	0	0	0	0	0	0	0
	.5281	uc002exo.2		0	0	0	11	0	0	0	1	0	0	8	0	0	0	0	0	0	0	0	2
	.5282	uc002exx.1		0	0	0	15	0	0	0	9	0	0	0	0	0	0	0	0	0	0	0	6
	.5283	uc002eyb.3		0	1	0	31	0	0	0	0	26	0	6	0	0	1	0	0	0	0	0	0
	.5283	uc002eyc.3		0	1	0	31	0	0	0	0	25	0	7	0	0	1	0	0	0	0	0	0
	.5283	uc021tki.1		0	0	0	2	0	0	0	2	0	0	0	0	0	0	0	0	0	0	0	0
	.5283	uc031qww.1		0	0	0	5	0	0	0	2	0	0	0	0	0	0	0	0	0	0	0	3
	.5284	uc002eyi.1		0	0	0	14	0	0	0	8	0	0	0	0	0	0	0	0	0	0	0	6
	.5284	uc021tkj.1		0	0	0	11	0	0	0	0	0	0	1	0	0	0	0	0	0	0	0	10
	.5285	uc002eyl.1		0	0	0	8	0	0	0	0	2	0	2	0	0	0	0	0	0	0	0	4
	.5286	uc010cfp.1		0	1	0	8	0	0	0	3	2	0	3	0	0	1	0	0	0	0	0	1
	.5287	uc002eyt.3		0	0	0	9	0	0	0	1	7	0	1	0	0	0	0	0	0	0	0	0
	.5289	uc010cfu.3		0	1	0	22	0	0	0	2	17	0	4	0	0	1	0	0	0	0	0	0
	.5290	uc010cfv.2		0	0	0	3	0	0	0	2	0	0	0	0	0	0	0	0	0	0	0	1
	.5291	uc002ezg.1		0	0	0	7	0	0	0	3	0	0	1	0	0	0	0	0	0	0	0	3
	.5292	uc002ezo.1		0	0	0	6	0	0	0	3	0	0	1	0	0	0	0	0	0	0	0	2
	.5293	uc010cfx.1	protein_coding	0	0	0	11	0	0	0	2	9	0	0	0	0	0	0	0	0	0	0	0
	.5294	uc002ezq.3		0	0	0	2	0	0	0	0	0	0	0	0	0	0	0	0	0	0	0	2
	.5295	uc021tkl.1		0	0	0	3	0	0	0	1	0	0	0	0	0	0	0	0	0	0	0	2
	.5295	uc021tkm.1		0	0	0	3	0	0	0	1	0	0	0	0	0	0	0	0	0	0	0	2
	.5296	uc021tkn.1		0	0	0	3	0	0	0	1	0	0	0	0	0	0	0	0	0	0	0	2
	.5297	uc021tko.1		0	0	0	2	0	0	0	0	0	0	0	0	0	0	0	0	0	0	0	2
	.5298	uc021tkp.1		0	0	0	2	0	0	0	0	0	0	0	0	0	0	0	0	0	0	0	2
	.5299	uc010cfy.4		0	0	0	13	0	0	0	0	11	0	0	0	0	0	0	0	0	0	0	2
	.5300	uc010vme.2		0	0	0	12	0	0	0	0	11	0	1	0	0	0	0	0	0	0	0	0
	.5304	uc002fav.3		0	0	0	11	0	0	0	0	10	0	0	0	0	0	0	0	0	0	0	1
	.5304	uc021tkv.1		0	0	0	5	0	0	0	1	0	0	4	0	0	0	0	0	0	0	0	0
	.5305	uc021tkw.1		0	0	0	2	0	0	0	0	0	0	0	0	0	0	0	0	0	0	0	2
	.5306	uc021tkx.1		0	0	0	3	0	0	0	2	0	0	0	0	0	0	0	0	0	0	0	1
	.5307	uc002fbc.1		0	0	0	4	0	0	0	3	0	0	0	0	0	0	0	0	0	0	0	1
	.5308	uc010vmg.1		0	1	0	9	0	0	0	4	6	0	0	0	0	1	0	0	0	0	0	0
	.5309	uc010vml.2	protein_coding	0	0	0	7	3	0	0	3	1	0	0	0	0	0	0	0	0	0	0	0
	.5310	uc010cgl.2		0	0	0	23	0	0	0	0	18	0	0	0	0	0	0	0	0	0	0	5
	.5311	uc010cgn.1		0	0	0	17	0	0	0	10	3	0	1	0	0	0	0	0	0	0	0	3
	.5312	uc002fce.3		0	0	0	11	0	0	0	0	10	0	1	0	0	0	0	0	0	0	0	0
	.5312	uc010cgo.1	protein_coding	0	0	0	9	0	0	0	6	2	0	0	0	0	0	0	0	0	0	0	1
	.5313	uc002fch.1		0	0	0	2	0	0	0	0	0	0	1	0	0	0	0	0	0	0	0	1
	.5314	uc002fci.1		0	0	0	2	0	0	0	0	0	0	0	0	0	0	0	0	0	0	0	2
	.5315	uc002fcj.1		0	0	0	1	0	0	0	0	1	0	0	0	0	0	0	0	0	0	0	0
	.5317	uc010vmq.2		0	0	0	2	0	0	0	0	1	0	1	0	0	0	0	0	0	0	0	0
	.5318	uc002fcn.4	protein_coding	0	0	0	2	0	0	0	0	0	0	0	0	0	0	0	0	0	0	0	2
	.5318	uc002fco.2		0	0	0	2	0	0	0	0	0	0	0	0	0	0	0	0	0	0	0	2
	.5319	uc021tlf.1		0	0	0	1	0	0	0	1	0	0	0	0	0	0	0	0	0	0	0	0
	.5322	uc002fcr.2	protein_coding	0	0	1	10	0	0	3	0	7	1	0	0	0	0	0	0	0	0	0	0
	.5322	uc010vms.1		0	0	0	11	0	0	0	0	7	0	4	0	0	0	0	0	0	0	0	0
	.5323	uc010vmv.1	protein_coding	0	1	2	23	0	0	0	17	4	2	0	0	0	0	0	0	0	0	1	2
	.5324	uc010vmy.2		0	1	0	8	0	0	0	1	5	0	3	0	0	1	0	0	0	0	0	0
	.5326	uc002feg.1		0	0	0	1	0	0	0	0	0	0	1	0	0	0	0	0	0	0	0	0
	.5327	uc021tll.1		0	0	0	1	0	0	0	1	0	0	0	0	0	0	0	0	0	0	0	0
	.5329	uc010cha.1	protein_coding	0	0	0	2	0	0	0	0	2	0	0	0	0	0	0	0	0	0	0	0
	.5330	uc021tlm.1		0	0	0	1	0	0	0	0	0	0	0	0	0	0	0	0	0	0	0	1
	.5333	uc002ffb.3		0	0	0	11	0	0	0	0	0	0	3	0	0	0	0	0	0	0	0	8
	.5334	uc010vni.1		0	2	0	12	0	0	0	2	9	0	1	0	0	2	0	0	0	0	0	2
	.5336	uc002ffp.3		0	0	0	8	0	0	0	0	7	0	1	0	0	0	0	0	0	0	0	0
	.5336	uc002ffq.3		0	0	0	8	0	0	0	0	6	0	2	0	0	0	0	0	0	0	0	0
	.5339	uc002fge.3		0	0	0	1	0	0	0	0	1	0	0	0	0	0	0	0	0	0	0	0
	.5340	uc002fgg.1		0	1	0	83	0	0	0	0	58	0	23	0	0	1	0	0	0	0	0	3
	.5340	uc031qxa.1		0	1	0	115	0	0	0	0	80	0	35	0	0	1	0	0	0	0	0	1
	.5342	uc021tlt.1		0	0	0	3	0	0	0	2	0	0	0	0	0	0	0	0	0	0	0	1
	.5344	uc021tlu.1		0	0	0	4	0	0	0	0	0	0	0	0	0	0	0	0	0	0	0	4
	.5346	uc021tlx.1		0	0	0	1	0	0	0	1	0	0	0	0	0	0	0	0	0	0	0	0
	.5349	uc002fih.3		0	0	0	5	0	0	0	0	0	0	0	0	0	0	0	0	0	0	0	5
	.5350	uc002fir.1		0	0	0	9	0	0	0	0	4	0	5	0	0	0	0	0	0	0	0	0
	.5352	uc021tmc.1		1	0	0	2	0	0	0	0	2	0	1	0	1	0	0	0	0	0	0	0
	.5354	uc021tme.1		0	0	0	6	0	0	0	6	0	0	0	0	0	0	0	0	0	0	0	0
	.5356	uc002fjj.2		0	0	0	5	0	0	0	0	4	0	1	0	0	0	0	0	0	0	0	0
	.5356	uc010chq.2		0	0	0	4	0	0	0	0	2	0	2	0	0	0	0	0	0	0	0	0
	.5356	uc010chr.2		0	0	0	5	0	0	0	0	4	0	1	0	0	0	0	0	0	0	0	0
	.5356	uc010von.1		0	0	0	4	0	0	0	0	3	0	1	0	0	0	0	0	0	0	0	0
	.5357	uc002fjk.2		0	0	0	2	0	0	0	0	0	0	0	0	0	0	0	0	0	0	0	2
	.5357	uc021tmg.1		0	0	0	2	0	0	0	0	0	0	0	0	0	0	0	0	0	0	0	2
	.5358	uc010vos.1	protein_coding	0	0	0	2	0	0	0	0	0	0	0	0	0	0	0	0	0	0	0	2
	.5360	uc002fjt.1		0	0	0	12	0	0	0	0	9	0	2	0	0	0	0	0	0	0	0	1
	.5360	uc031qxc.1		0	0	0	1	0	0	0	0	1	0	0	0	0	0	0	0	0	0	0	0
	.5362	uc010chs.3		0	0	0	6	0	0	0	1	2	0	3	0	0	0	0	0	0	0	0	0
	.5363	uc002fka.1		0	0	0	13	0	0	0	5	5	0	3	0	0	0	0	0	0	0	0	0
	.5364	uc002fkc.2		0	0	0	5	0	0	0	0	5	0	0	0	0	0	0	0	0	0	0	0
	.5365	uc002fke.3		0	0	0	4	0	0	0	3	0	0	0	0	0	0	0	0	0	0	0	1
	.5365	uc010vou.2		0	0	0	8	0	0	0	0	6	0	2	0	0	0	0	0	0	0	0	0
	.5366	uc002fkh.1		0	0	0	4	0	0	0	0	3	0	0	0	0	0	0	0	0	0	0	1
	.5366	uc021tmk.2	protein_coding	0	0	1	2	0	0	0	0	0	1	0	0	0	0	0	0	0	0	0	2
	.5367	uc002fkt.1	protein_coding	0	0	1	9	4	0	1	0	4	1	0	0	0	0	0	0	0	0	0	0
	.5368	uc031qxh.1		0	0	0	1	0	0	0	1	0	0	0	0	0	0	0	0	0	0	0	0
	.5369	uc010vpa.1	protein_coding	0	1	0	4	0	0	0	1	2	0	0	0	0	0	0	0	0	0	1	1
	.5370	uc010chw.3		0	0	0	9	0	0	0	0	5	0	1	0	0	0	0	0	0	0	0	3
	.5371	uc002flc.1		0	0	0	8	0	0	0	2	0	0	2	0	0	0	0	0	0	0	0	4
	.5372	uc002fle.1	protein_coding	0	1	0	8	0	0	0	4	0	0	0	0	0	0	0	0	0	0	1	4
	.5373	uc002flh.2		0	0	0	5	0	0	0	4	0	0	0	0	0	0	0	0	0	0	0	1
	.5373	uc002fli.4		0	0	0	6	0	0	0	0	5	0	0	0	0	0	0	0	0	0	0	1
	.5373	uc010chy.3		0	0	0	5	0	0	0	4	0	0	0	0	0	0	0	0	0	0	0	1
	.5374	uc002flo.5	protein_coding	0	0	0	21	0	0	1	13	0	0	0	0	0	0	0	0	0	0	0	7
	.5374	uc021tmp.1		0	0	0	22	0	0	0	14	0	0	0	0	0	0	0	0	0	0	0	8
	.5375	uc010vpc.1		0	0	0	50	0	0	0	16	15	0	7	0	0	0	0	0	0	0	0	12
	.5376	uc010cic.1		0	0	0	25	0	0	0	1	0	0	9	0	0	0	0	0	0	0	0	15
	.5377	uc010cie.3		0	1	0	13	0	0	0	7	5	0	2	0	0	1	0	0	0	0	0	0
	.5378	uc002fmg.3		0	0	0	15	0	0	0	6	0	0	2	0	0	0	0	0	0	0	0	7
	.5380	uc010cii.3		0	1	0	31	0	0	0	3	20	0	9	0	0	1	0	0	0	0	0	0
	.5380	uc031qxj.1		0	0	0	7	0	0	0	3	3	0	1	0	0	0	0	0	0	0	0	0
	.5381	uc002fms.3		0	0	0	5	0	0	0	1	2	0	1	0	0	0	0	0	0	0	0	1
	.5382	uc010cij.1	protein_coding	0	0	0	4	0	0	0	1	1	0	0	0	0	0	0	0	0	0	0	2
	.5383	uc002fmz.1		0	0	0	3	0	0	0	2	0	0	1	0	0	0	0	0	0	0	0	0
	.5384	uc002fna.1	protein_coding	0	1	0	5	0	0	0	2	0	0	0	0	0	0	0	0	0	0	1	3
	.5385	uc002fnd.3	protein_coding	0	1	0	6	0	0	0	2	4	0	0	0	0	0	0	0	0	0	1	0
	.5385	uc002fne.4	protein_coding	0	1	0	7	0	0	0	2	5	0	0	0	0	0	0	0	0	0	1	0
	.5388	uc010cim.1		0	0	0	5	0	0	0	5	0	0	0	0	0	0	0	0	0	0	0	0
	.5389	uc031qxm.1		0	0	0	3	0	0	0	0	2	0	0	0	0	0	0	0	0	0	0	1
	.5390	uc002fny.3		0	0	0	2	0	0	0	0	0	0	1	0	0	0	0	0	0	0	0	1
	.5390	uc031qxp.1		0	0	0	2	0	0	0	0	0	0	1	0	0	0	0	0	0	0	0	1
	.5391	uc002fnz.4		0	0	0	2	0	0	0	0	0	0	0	0	0	0	0	0	0	0	0	2
	.5392	uc002foi.3		0	0	0	8	0	0	0	3	0	0	0	0	0	0	0	0	0	0	0	5
	.5393	uc002fon.1		0	0	0	9	0	0	0	0	0	0	5	0	0	0	0	0	0	0	0	4
	.5393	uc002foo.1	protein_coding	0	0	1	5	1	0	1	0	1	1	0	0	0	0	0	0	0	0	0	2
	.5394	uc002fot.4		0	0	0	13	0	0	0	1	3	0	5	0	0	0	0	0	0	0	0	4
	.5394	uc010cir.3		0	0	0	13	0	0	0	1	3	0	5	0	0	0	0	0	0	0	0	4
	.5395	uc010ciy.1		0	0	0	18	0	0	0	3	0	0	12	0	0	0	0	0	0	0	0	3
	.5396	uc010cja.3	protein_coding	0	0	0	6	0	0	0	2	1	0	0	0	0	0	0	0	0	0	0	3
	.5397	uc031qxr.1		0	0	0	3	0	0	0	2	0	0	0	0	0	0	0	0	0	0	0	1
	.5398	uc002fps.1		0	0	0	12	0	0	0	5	3	0	1	0	0	0	0	0	0	0	0	3
	.5398	uc002fpt.1		0	0	0	17	0	0	0	3	10	0	1	0	0	0	0	0	0	0	0	3
	.5398	uc002fpu.1		0	0	0	17	0	0	0	3	11	0	0	0	0	0	0	0	0	0	0	3
	.5398	uc002fpv.1		0	0	0	17	0	0	0	3	11	0	0	0	0	0	0	0	0	0	0	3
	.5398	uc002fpw.1		0	0	0	17	0	0	0	3	11	0	0	0	0	0	0	0	0	0	0	3
	.5398	uc002fpx.1		0	0	0	17	0	0	0	0	13	0	1	0	0	0	0	0	0	0	0	3
	.5398	uc002fpy.1	protein_coding	0	0	0	9	0	0	0	5	3	0	0	0	0	0	0	0	0	0	0	1
	.5398	uc002fpz.1	protein_coding	0	0	0	9	0	0	0	5	3	0	0	0	0	0	0	0	0	0	0	1
	.5398	uc002fqa.1		0	0	0	14	0	0	0	3	9	0	0	0	0	0	0	0	0	0	0	2
	.5398	uc002fqb.1		0	0	0	12	0	0	0	0	4	0	1	0	0	0	0	0	0	0	0	7
	.5398	uc002fqc.1		0	0	0	9	0	0	0	3	1	0	1	0	0	0	0	0	0	0	0	4
	.5398	uc002fqd.1		0	0	0	3	0	0	0	0	1	0	2	0	0	0	0	0	0	0	0	0
	.5399	uc002fqg.1		0	0	0	4	0	0	0	2	2	0	0	0	0	0	0	0	0	0	0	0
	.5400	uc002fqm.2	protein_coding	0	0	0	11	0	0	0	7	0	0	0	0	0	0	0	0	0	0	0	4
	.5401	uc010cjh.1		0	0	0	7	0	0	0	2	5	0	0	0	0	0	0	0	0	0	0	0
	.5402	uc002fqq.3	protein_coding	1	4	7	24	7	0	0	1	9	7	0	0	0	0	0	1	0	0	4	7
	.5403	uc002fqr.2		0	0	0	6	0	0	0	0	1	0	1	0	0	0	0	0	0	0	0	4
	.5404	uc021tmw.1		0	0	0	27	0	0	0	3	0	0	0	0	0	0	0	0	0	0	0	24
	.5405	uc002fqw.3		0	0	0	11	0	0	0	4	2	0	2	0	0	0	0	0	0	0	0	3
	.5406	uc021tmy.1		0	0	0	1	0	0	0	0	0	0	0	0	0	0	0	0	0	0	0	1
	.5407	uc010vpz.1		0	0	0	10	0	0	0	0	2	0	4	0	0	0	0	0	0	0	0	4
	.5408	uc002frl.2		0	1	0	25	0	0	0	2	20	0	3	0	0	1	0	0	0	0	0	1
	.5409	uc031qxt.1		0	0	0	3	0	0	0	1	0	0	0	0	0	0	0	0	0	0	0	2
	.5410	uc010vqb.2	protein_coding	0	0	0	2	2	0	0	0	0	0	0	0	0	0	0	0	0	0	0	0
	.5411	uc002frx.1		0	0	0	3	0	0	0	1	0	0	2	0	0	0	0	0	0	0	0	0
	.5412	uc021tnb.1		0	0	0	4	0	0	0	1	0	0	1	0	0	0	0	0	0	0	0	2
	.5413	uc021tnc.1		0	0	0	2	0	0	0	1	0	0	0	0	0	0	0	0	0	0	0	1
	.5414	uc010vqh.2		0	0	0	6	0	0	0	1	5	0	0	0	0	0	0	0	0	0	0	0
	.5414	uc010vqi.2		0	0	0	6	0	0	0	1	5	0	0	0	0	0	0	0	0	0	0	0
	.5415	uc021tne.1		0	0	0	8	0	0	0	6	0	0	2	0	0	0	0	0	0	0	0	0
	.5416	uc010vqn.1		0	0	0	2	0	0	0	1	1	0	0	0	0	0	0	0	0	0	0	0
	.5417	uc010vqo.1	protein_coding	0	0	0	4	0	0	0	4	0	0	0	0	0	0	0	0	0	0	0	0
	.5418	uc002fta.2		0	0	0	7	0	0	0	0	0	0	5	0	0	0	0	0	0	0	0	2
	.5420	uc002ftq.3		0	0	0	1	0	0	0	1	0	0	0	0	0	0	0	0	0	0	0	0
	.5421	uc031qxv.1	protein_coding	0	0	0	3	0	0	0	0	1	0	0	0	0	0	0	0	0	0	0	2
	.5424	uc021tno.1		0	0	0	2	0	0	0	1	0	0	0	0	0	0	0	0	0	0	0	1
	.5425	uc002fuc.1		0	0	0	2	0	0	0	1	0	0	0	0	0	0	0	0	0	0	0	1
	.5428	uc021tnp.1		0	0	0	16	0	0	0	11	0	0	0	0	0	0	0	0	0	0	0	5
	.5429	uc002fuq.3	protein_coding	0	0	0	8	0	0	0	0	1	0	0	0	0	0	0	0	0	0	0	7
	.5430	uc002fuu.4		0	0	0	8	0	0	0	1	7	0	0	0	0	0	0	0	0	0	0	0
	.5430	uc010cka.3		0	0	0	8	0	0	0	1	7	0	0	0	0	0	0	0	0	0	0	0
	.5430	uc010vqx.1		0	0	0	8	0	0	0	1	7	0	0	0	0	0	0	0	0	0	0	0
	.5431	uc021tnq.1		0	0	0	1	0	0	0	1	0	0	0	0	0	0	0	0	0	0	0	0
	.5432	uc010ckb.2		0	0	0	9	0	0	0	0	8	0	1	0	0	0	0	0	0	0	0	0
	.5433	uc010ckc.1	protein_coding	0	2	0	10	2	0	0	0	3	0	0	0	0	1	0	0	0	0	1	6
	.5435	uc002fvs.2		0	0	0	27	0	0	0	1	18	0	7	0	0	0	0	0	0	0	0	1
	.5435	uc010vrk.2		0	0	0	34	0	0	0	1	23	0	10	0	0	0	0	0	0	0	0	0
	.5435	uc010vrm.2		0	0	0	31	0	0	0	1	22	0	8	0	0	0	0	0	0	0	0	0
	.5436	uc002fwd.3		0	0	0	13	0	0	0	5	6	0	2	0	0	0	0	0	0	0	0	0
	.5436	uc002fwe.1	protein_coding	0	1	0	7	3	0	0	4	0	0	0	0	0	0	0	0	0	0	1	0
	.5437	uc002fwn.4		0	0	0	14	0	0	0	0	3	0	0	0	0	0	0	0	0	0	0	11
	.5438	uc031qya.1	protein_coding	0	0	0	4	0	0	0	3	0	0	0	0	0	0	0	0	0	0	0	1
	.5439	uc010ckm.1	protein_coding	0	0	0	4	0	0	0	2	1	0	0	0	0	0	0	0	0	0	0	1
	.5440	uc021tnv.1		0	0	0	4	0	0	0	0	3	0	0	0	0	0	0	0	0	0	0	1
	.5440	uc021tnw.1		0	0	0	4	0	0	0	3	0	0	0	0	0	0	0	0	0	0	0	1
	.5441	uc002fxg.1	protein_coding	0	1	0	16	0	1	3	4	1	0	0	0	0	0	0	0	0	0	0	8
	.5442	uc021tnx.1		0	0	0	2	0	0	0	1	0	0	0	0	0	0	0	0	0	0	0	1
	.5443	uc002fxw.1		0	0	0	8	0	0	0	1	0	0	3	0	0	0	0	0	0	0	0	4
	.5444	uc002fxy.2	protein_coding	0	1	0	16	1	0	0	5	1	0	0	0	0	0	0	0	0	0	1	9
	.5445	uc021tny.1		0	0	0	1	0	0	0	1	0	0	0	0	0	0	0	0	0	0	0	0
	.5448	uc002fyz.2	protein_coding	0	0	2	3	0	0	0	3	0	2	0	0	0	0	0	0	0	0	0	0
	.5449	uc021toa.1		0	0	0	2	0	0	0	1	0	0	0	0	0	0	0	0	0	0	0	1
	.5450	uc021toc.1		0	0	0	2	0	0	0	1	0	0	0	0	0	0	0	0	0	0	0	1
	.5451	uc021tof.1		0	0	0	1	0	0	0	0	0	0	0	0	0	0	0	0	0	0	0	1
	.5452	uc010vsu.2	protein_coding	0	0	1	5	0	0	0	2	2	1	0	0	0	0	0	0	0	0	0	1
	.5453	uc002gaw.3	protein_coding	0	5	13	15	0	0	0	3	14	13	0	0	0	6	0	0	0	0	2	1
	.5453	uc002gay.1		0	0	0	29	0	0	0	1	0	0	0	0	0	0	0	0	0	0	0	28
	.5453	uc002gba.3		0	0	0	29	0	0	0	27	0	0	1	0	0	0	0	0	0	0	0	1
	.5453	uc002gbb.3		0	0	0	29	0	0	0	29	0	0	0	0	0	0	0	0	0	0	0	0
	.5453	uc021toh.1		0	0	0	29	0	0	0	0	0	0	0	0	0	0	0	0	0	0	0	29
	.5453	uc021toi.1		0	0	0	29	0	0	0	17	0	0	0	0	0	0	0	0	0	0	0	12
	.5454	uc021toj.1		0	0	0	32	0	0	0	29	0	0	0	0	0	0	0	0	0	0	0	3
	.5455	uc021tok.1		0	0	0	32	0	0	0	29	0	0	0	0	0	0	0	0	0	0	0	3
	.5456	uc002gbd.3		0	0	0	31	0	0	0	28	0	0	0	0	0	0	0	0	0	0	0	3
	.5457	uc002gbg.2		0	0	0	4	0	0	0	1	3	0	0	0	0	0	0	0	0	0	0	0
	.5458	uc002gbj.3	protein_coding	0	0	0	4	0	0	0	1	3	0	0	0	0	0	0	0	0	0	0	0
	.5458	uc002gbk.2	protein_coding	0	0	0	4	1	0	0	0	3	0	0	0	0	0	0	0	0	0	0	0
	.5459	uc002gbn.3		0	0	0	14	0	0	0	0	6	0	0	0	0	0	0	0	0	0	0	8
	.5460	uc002gbp.1	protein_coding	0	0	0	9	0	0	3	0	4	0	0	0	0	0	0	0	0	0	0	2
	.5460	uc002gbr.2		0	0	0	9	0	0	0	0	4	0	3	0	0	0	0	0	0	0	0	2
	.5460	uc002gbs.2	protein_coding	0	0	0	9	0	0	3	0	4	0	0	0	0	0	0	0	0	0	0	2
	.5460	uc002gbv.2		0	0	0	9	0	0	0	0	4	0	3	0	0	0	0	0	0	0	0	2
	.5460	uc002gbx.1		0	0	0	1	0	0	0	0	0	0	0	0	0	0	0	0	0	0	0	1
	.5462	uc002gcm.3		0	0	0	17	0	0	0	4	13	0	0	0	0	0	0	0	0	0	0	0
	.5464	uc021top.1		0	0	0	1	0	0	0	1	0	0	0	0	0	0	0	0	0	0	0	0
	.5465	uc002gdh.4		0	0	0	18	0	0	0	8	6	0	1	0	0	0	0	0	0	0	0	3
	.5466	uc021tos.1		0	0	0	11	0	0	0	5	0	0	0	0	0	0	0	0	0	0	0	6
	.5466	uc021tot.1		0	0	0	11	0	0	0	6	0	0	0	0	0	0	0	0	0	0	0	5
	.5467	uc031qyl.1	protein_coding	0	0	0	9	0	0	0	0	6	0	0	0	0	0	0	0	0	0	0	3
	.5468	uc002gdl.1	protein_coding	0	1	0	5	0	0	0	2	3	0	0	0	0	0	0	0	0	0	1	0
	.5469	uc010cls.1		0	0	0	10	0	0	0	1	7	0	1	0	0	0	0	0	0	0	0	1
	.5470	uc002gdu.1		0	0	0	5	0	0	0	4	1	0	0	0	0	0	0	0	0	0	0	0
	.5470	uc002gdv.3		0	0	0	5	0	0	0	0	5	0	0	0	0	0	0	0	0	0	0	0
	.5470	uc002gdw.3		0	0	0	5	0	0	0	0	5	0	0	0	0	0	0	0	0	0	0	0
	.5471	uc002gdz.4	protein_coding	0	0	0	3	0	0	0	3	0	0	0	0	0	0	0	0	0	0	0	0
	.5471	uc021tou.1		0	0	0	15	0	0	0	0	11	0	0	0	0	0	0	0	0	0	0	4
	.5471	uc021tov.1		0	0	0	1	0	0	0	1	0	0	0	0	0	0	0	0	0	0	0	0
	.5472	uc021tow.2		0	0	0	4	0	0	0	1	0	0	3	0	0	0	0	0	0	0	0	0
	.5473	uc010vtj.2		0	0	0	5	0	0	0	4	0	0	0	0	0	0	0	0	0	0	0	1
	.5473	uc021tox.1		0	0	0	6	0	0	0	4	0	0	0	0	0	0	0	0	0	0	0	2
	.5474	uc010vtl.1		0	0	0	1	0	0	0	0	1	0	0	0	0	0	0	0	0	0	0	0
	.5475	uc010vtm.2		0	0	0	6	0	0	0	1	3	0	0	0	0	0	0	0	0	0	0	2
	.5476	uc002gey.2		0	0	0	11	0	0	0	7	0	0	0	0	0	0	0	0	0	0	0	4
	.5477	uc010clz.1	protein_coding	0	0	0	10	0	0	0	5	2	0	0	0	0	0	0	0	0	0	0	3
	.5478	uc021toz.1		0	0	0	5	0	0	0	4	0	0	0	0	0	0	0	0	0	0	0	1
	.5479	uc010cmd.3		0	0	0	4	0	0	0	1	1	0	1	0	0	0	0	0	0	0	0	1
	.5480	uc002gfy.1		0	1	0	2	0	0	0	0	1	0	0	0	0	1	0	0	0	0	0	2
	.5481	uc002ggc.1	protein_coding	0	0	0	3	0	0	0	0	3	0	0	0	0	0	0	0	0	0	0	0
	.5482	uc002ggp.3		0	0	0	7	0	0	0	3	0	0	4	0	0	0	0	0	0	0	0	0
	.5482	uc010cmf.3		0	1	0	8	0	0	0	4	2	0	3	0	0	1	0	0	0	0	0	0
	.5483	uc010cmh.1		0	0	0	7	0	0	0	3	2	0	1	0	0	0	0	0	0	0	0	1
	.5484	uc002ghh.3		0	0	0	1	0	0	0	0	0	0	1	0	0	0	0	0	0	0	0	0
	.5485	uc002ghs.1		0	0	0	1	0	0	0	0	0	0	0	0	0	0	0	0	0	0	0	1
	.5486	uc002ght.3		0	0	0	1	0	0	0	0	0	0	0	0	0	0	0	0	0	0	0	1
	.5490	uc002gib.1		0	0	0	3	0	0	0	0	1	0	0	0	0	0	0	0	0	0	0	2
	.5491	uc010cne.1		0	0	0	5	0	0	0	0	0	0	0	0	0	0	0	0	0	0	0	5
	.5491	uc010cnj.1		0	0	0	5	0	0	0	1	1	0	0	0	0	0	0	0	0	0	0	3
	.5491	uc021tpe.1		0	0	0	5	0	0	0	5	0	0	0	0	0	0	0	0	0	0	0	0
	.5491	uc021tpf.1		0	0	0	5	0	0	0	4	0	0	0	0	0	0	0	0	0	0	0	1
	.5491	uc021tpg.1		0	0	0	5	0	0	0	4	0	0	0	0	0	0	0	0	0	0	0	1
	.5491	uc021tph.1		0	0	0	5	0	0	0	3	0	0	0	0	0	0	0	0	0	0	0	2
	.5491	uc031qyp.1		1	0	0	4	0	0	0	0	4	0	1	1	0	0	0	0	0	0	0	0
	.5491	uc031qyr.1		0	0	0	1	0	0	0	1	0	0	0	0	0	0	0	0	0	0	0	0
	.5491	uc031qys.1		0	0	0	5	0	0	0	5	0	0	0	0	0	0	0	0	0	0	0	0
	.5491	uc031qyt.1		0	0	0	5	0	0	0	5	0	0	0	0	0	0	0	0	0	0	0	0
	.5491	uc031qyu.1		0	0	0	5	0	0	0	3	0	0	0	0	0	0	0	0	0	0	0	2
	.5491	uc031qyv.1		0	0	0	5	0	0	0	3	0	0	0	0	0	0	0	0	0	0	0	2
	.5491	uc031qyw.1		0	0	0	5	0	0	0	2	0	0	0	0	0	0	0	0	0	0	0	3
	.5491	uc031qyx.1		0	0	0	5	0	0	0	1	0	0	0	0	0	0	0	0	0	0	0	4
	.5492	uc002giq.3		0	0	0	5	0	0	0	0	3	0	2	0	0	0	0	0	0	0	0	0
	.5493	uc002giv.3		0	0	0	1	0	0	0	0	0	0	1	0	0	0	0	0	0	0	0	0
	.5495	uc002gji.1		0	0	0	1	0	0	0	1	0	0	0	0	0	0	0	0	0	0	0	0
	.5496	uc002gjj.2	protein_coding	0	0	0	1	0	0	0	0	0	0	0	0	0	0	0	0	0	0	0	1
	.5497	uc021tpj.1	protein_coding	0	0	0	1	0	0	0	1	0	0	0	0	0	0	0	0	0	0	0	0
	.5500	uc002gjx.1	protein_coding	0	0	1	2	1	0	1	0	0	1	0	0	0	0	0	0	0	0	0	0
	.5501	uc010cnq.2		0	0	0	9	0	0	0	4	0	0	2	0	0	0	0	0	0	0	0	3
	.5502	uc021tpn.1		0	0	0	10	0	0	0	5	0	0	0	0	0	0	0	0	0	0	0	5
	.5503	uc010vup.2		0	0	0	13	0	0	0	3	4	0	3	0	0	0	0	0	0	0	0	3
	.5504	uc021tpo.1		0	0	0	7	0	0	0	4	0	0	0	0	0	0	0	0	0	0	0	3
	.5505	uc021tpp.1		0	0	0	8	0	0	0	5	0	0	0	0	0	0	0	0	0	0	0	3
	.5506	uc021tpq.1		0	0	0	8	0	0	0	3	0	0	0	0	0	0	0	0	0	0	0	5
	.5507	uc021tpr.1		0	0	0	5	0	0	0	0	0	0	0	0	0	0	0	0	0	0	0	5
	.5510	uc010vuq.2		0	0	0	1	0	0	0	0	0	0	1	0	0	0	0	0	0	0	0	0
	.5517	uc002gkp.4		0	0	0	3	0	0	0	0	0	0	2	0	0	0	0	0	0	0	0	1
	.5517	uc021tpz.1		0	0	0	2	0	0	0	2	0	0	0	0	0	0	0	0	0	0	0	0
	.5518	uc010cnv.3		0	2	0	14	0	0	0	2	11	0	3	0	0	2	0	0	0	0	0	0
	.5519	uc002gkz.1		0	0	0	3	0	0	0	0	3	0	0	0	0	0	0	0	0	0	0	0
	.5521	uc002glk.1		0	0	0	2	0	0	0	0	0	0	2	0	0	0	0	0	0	0	0	0
	.5522	uc021tqb.1		0	0	0	5	0	0	0	5	0	0	0	0	0	0	0	0	0	0	0	0
	.5523	uc010cny.1		0	0	0	11	0	0	0	4	7	0	0	0	0	0	0	0	0	0	0	0
	.5524	uc002glr.1		0	0	0	30	0	0	0	3	27	0	0	0	0	0	0	0	0	0	0	0
	.5524	uc002gls.1		0	0	0	30	0	0	0	3	25	0	2	0	0	0	0	0	0	0	0	0
	.5525	uc010cog.1		0	0	0	10	0	0	0	1	2	0	0	0	0	0	0	0	0	0	0	7
	.5526	uc002gmf.1		0	0	0	2	0	0	0	1	0	0	0	0	0	0	0	0	0	0	0	1
	.5527	uc010vve.1	protein_coding	0	0	0	11	1	0	0	5	5	0	0	0	0	0	0	0	0	0	0	0
	.5528	uc010vvf.1	protein_coding	0	0	0	7	0	0	0	3	1	0	0	0	0	0	0	0	0	0	0	3
	.5529	uc002gml.1		0	0	0	43	0	0	0	0	43	0	0	0	0	0	0	0	0	0	0	0
	.5530	uc002gmu.3		0	0	0	14	0	0	0	3	4	0	5	0	0	0	0	0	0	0	0	2
	.5530	uc002gmv.3		0	0	0	14	0	0	0	3	4	0	5	0	0	0	0	0	0	0	0	2
	.5531	uc031qyz.1		0	0	0	9	0	0	0	6	0	0	2	0	0	0	0	0	0	0	0	1
	.5532	uc002gmz.3		0	0	0	2	0	0	0	0	0	0	2	0	0	0	0	0	0	0	0	0
	.5532	uc031qza.1		0	0	0	6	0	0	0	0	0	0	1	0	0	0	0	0	0	0	0	5
	.5532	uc031qzb.1	protein_coding	0	1	0	8	0	0	0	0	3	0	0	0	0	0	0	0	0	0	1	5
	.5535	uc002gnl.2		0	0	0	5	0	0	0	0	5	0	0	0	0	0	0	0	0	0	0	0
	.5535	uc002gnm.2		0	0	0	5	0	0	0	0	5	0	0	0	0	0	0	0	0	0	0	0
	.5536	uc010vvn.2		0	0	0	23	0	0	0	3	17	0	3	0	0	0	0	0	0	0	0	0
	.5536	uc021tqh.1		0	0	0	7	0	0	0	5	0	0	1	0	0	0	0	0	0	0	0	1
	.5539	uc002goe.1		0	0	0	1	0	0	0	0	0	0	0	0	0	0	0	0	0	0	0	1
	.5540	uc021tqi.1		0	0	0	1	0	0	0	0	0	0	1	0	0	0	0	0	0	0	0	0
	.5541	uc010vvv.2		0	0	0	1	0	0	0	0	0	0	0	0	0	0	0	0	0	0	0	1
	.5546	uc021tqn.1		0	0	0	1	0	0	0	1	0	0	0	0	0	0	0	0	0	0	0	0
	.5547	uc002gou.2	protein_coding	0	0	0	17	1	0	0	7	8	0	0	0	0	0	0	0	0	0	0	1
	.5548	uc002gpb.4		0	1	0	26	0	0	0	1	22	0	3	0	0	1	0	0	0	0	0	1
	.5549	uc021tqo.1		0	0	0	11	0	0	0	8	3	0	0	0	0	0	0	0	0	0	0	0
	.5550	uc002gpg.3		0	0	0	11	0	0	0	1	4	0	1	0	0	0	0	0	0	0	0	5
	.5551	uc021tqq.1		0	0	0	2	0	0	0	0	0	0	0	0	0	0	0	0	0	0	0	2
	.5552	uc021tqr.1		0	0	0	1	0	0	0	0	0	0	0	0	0	0	0	0	0	0	0	1
	.5553	uc002gpz.4		0	1	0	19	0	0	0	5	11	0	4	0	0	1	0	0	0	0	0	0
	.5554	uc002gqa.4		0	0	0	12	0	0	0	6	4	0	1	0	0	0	0	0	0	0	0	1
	.5554	uc002gqb.4		0	0	0	12	0	0	0	6	4	0	1	0	0	0	0	0	0	0	0	1
	.5554	uc002gqf.1		0	0	0	10	0	0	0	4	0	0	2	0	0	0	0	0	0	0	0	4
	.5554	uc002gqg.2	protein_coding	1	0	0	12	3	0	1	5	3	0	0	0	0	0	0	0	1	0	0	0
	.5554	uc010cpd.3		0	0	0	12	0	0	0	6	4	0	1	0	0	0	0	0	0	0	0	1
	.5554	uc010cpe.2		0	0	0	14	0	0	0	0	12	0	1	0	0	0	0	0	0	0	0	1
	.5554	uc010cpf.3		0	0	0	10	0	0	0	7	0	0	0	0	0	0	0	0	0	0	0	3
	.5554	uc010cpg.1		0	0	0	10	0	0	0	7	0	0	0	0	0	0	0	0	0	0	0	3
	.5554	uc010vwf.2		0	0	0	10	0	0	0	6	2	0	1	0	0	0	0	0	0	0	0	1
	.5554	uc010vwg.2		0	0	0	12	0	0	0	6	4	0	1	0	0	0	0	0	0	0	0	1
	.5554	uc010vwh.2		0	0	0	12	0	0	0	6	4	0	1	0	0	0	0	0	0	0	0	1
	.5554	uc010vwi.2		0	0	0	12	0	0	0	6	4	0	1	0	0	0	0	0	0	0	0	1
	.5554	uc010vwj.2		0	0	0	12	0	0	0	6	4	0	1	0	0	0	0	0	0	0	0	1
	.5554	uc010vwk.2		0	0	0	12	0	0	0	6	4	0	1	0	0	0	0	0	0	0	0	1
	.5554	uc010vwl.1		0	0	0	14	0	0	0	0	12	0	1	0	0	0	0	0	0	0	0	1
	.5554	uc010vwm.1		0	0	0	14	0	0	0	0	12	0	1	0	0	0	0	0	0	0	0	1
	.5554	uc010vwn.1		0	0	0	14	0	0	0	0	12	0	1	0	0	0	0	0	0	0	0	1
	.5554	uc010vwo.1		0	0	0	14	0	0	0	0	12	0	1	0	0	0	0	0	0	0	0	1
	.5554	uc010vwp.1		0	0	0	14	0	0	0	0	12	0	1	0	0	0	0	0	0	0	0	1
	.5554	uc021tqu.1		0	0	0	10	0	0	0	6	2	0	1	0	0	0	0	0	0	0	0	1
	.5554	uc021tqv.1		0	0	0	12	0	0	0	6	4	0	1	0	0	0	0	0	0	0	0	1
	.5554	uc021tqw.1		0	0	0	12	0	0	0	6	4	0	1	0	0	0	0	0	0	0	0	1
	.5554	uc021tqx.1		0	0	0	12	0	0	0	6	4	0	1	0	0	0	0	0	0	0	0	1
	.5554	uc021tqy.1		0	0	0	12	0	0	0	6	4	0	1	0	0	0	0	0	0	0	0	1
	.5554	uc021tra.1		0	0	0	14	0	0	0	0	12	0	1	0	0	0	0	0	0	0	0	1
	.5554	uc021trb.1		0	0	0	14	0	0	0	0	13	0	0	0	0	0	0	0	0	0	0	1
	.5554	uc021trc.1		0	0	0	14	0	0	0	0	12	0	1	0	0	0	0	0	0	0	0	1
	.5555	uc002gqm.2		0	0	0	20	0	0	0	0	9	0	10	0	0	0	0	0	0	0	0	1
	.5555	uc010cpj.1		0	0	0	47	0	0	0	0	25	0	12	0	0	0	0	0	0	0	0	10
	.5555	uc010cpk.1		0	0	0	20	0	0	0	0	10	0	10	0	0	0	0	0	0	0	0	0
	.5555	uc010vwq.1		0	0	0	20	0	0	0	6	9	0	4	0	0	0	0	0	0	0	0	1
	.5556	uc002gqr.1		0	1	0	35	0	0	0	1	25	0	8	0	0	1	0	0	0	0	0	2
	.5556	uc010vws.1		0	0	0	32	0	0	0	27	2	0	2	0	0	0	0	0	0	0	0	1
	.5556	uc010vwt.1		0	1	0	35	0	0	0	28	8	0	0	0	0	1	0	0	0	0	0	0
	.5557	uc010cpn.3		0	0	0	6	0	0	0	0	5	0	0	0	0	0	0	0	0	0	0	1
	.5558	uc002gro.4		0	1	0	3	0	0	0	0	1	0	1	0	0	1	0	0	0	0	0	2
	.5559	uc021trh.1		0	0	0	5	0	0	0	2	0	0	0	0	0	0	0	0	0	0	0	3
	.5560	uc002gsd.1		0	0	0	5	0	0	0	0	4	0	1	0	0	0	0	0	0	0	0	0
	.5560	uc010cps.1		0	0	0	1	0	0	0	1	0	0	0	0	0	0	0	0	0	0	0	0
	.5561	uc002gsn.2		0	0	0	4	0	0	0	1	1	0	0	0	0	0	0	0	0	0	0	2
	.5561	uc010cpv.3		0	0	0	4	0	0	0	0	2	0	1	0	0	0	0	0	0	0	0	1
	.5562	uc010vxp.1		0	0	0	2	0	0	0	2	0	0	0	0	0	0	0	0	0	0	0	0
	.5563	uc010cqa.1		0	0	0	10	0	0	0	0	7	0	1	0	0	0	0	0	0	0	0	2
	.5564	uc002gtc.1	protein_coding	0	0	0	6	2	0	0	3	0	0	0	0	0	0	0	0	0	0	0	1
	.5565	uc021trn.1		0	0	0	4	0	0	0	4	0	0	0	0	0	0	0	0	0	0	0	0
	.5566	uc021tro.1		0	0	0	5	0	0	0	4	0	0	0	0	0	0	0	0	0	0	0	1
	.5567	uc002gtg.1		0	0	0	8	0	0	0	4	0	0	0	0	0	0	0	0	0	0	0	4
	.5568	uc002gth.2		0	0	0	10	0	0	0	4	0	0	0	0	0	0	0	0	0	0	0	6
	.5569	uc002gti.3		0	0	0	14	0	0	0	4	0	0	0	0	0	0	0	0	0	0	0	10
	.5570	uc010vxv.2		0	0	0	17	0	0	0	4	0	0	0	0	0	0	0	0	0	0	0	13
	.5571	uc002gtj.3		0	0	0	18	0	0	0	4	0	0	0	0	0	0	0	0	0	0	0	14
	.5572	uc002gtk.1		0	0	0	16	0	0	0	1	0	0	0	0	0	0	0	0	0	0	0	15
	.5573	uc021trp.1		0	0	0	18	0	0	0	0	0	0	0	0	0	0	0	0	0	0	0	18
	.5574	uc021trq.1		0	0	0	26	0	0	0	2	0	0	12	0	0	0	0	0	0	0	0	12
	.5575	uc021trr.1		0	0	0	26	0	0	0	11	0	0	0	0	0	0	0	0	0	0	0	15
	.5576	uc021trs.1		0	0	0	26	0	0	0	19	0	0	0	0	0	0	0	0	0	0	0	7
	.5577	uc021trt.1		0	0	0	26	0	0	0	19	0	0	0	0	0	0	0	0	0	0	0	7
	.5578	uc002gto.3		0	0	0	26	0	0	0	20	0	0	0	0	0	0	0	0	0	0	0	6
	.5579	uc021tru.1		0	0	0	26	0	0	0	22	0	0	0	0	0	0	0	0	0	0	0	4
	.5580	uc002gtp.3		0	0	0	25	0	0	0	25	0	0	0	0	0	0	0	0	0	0	0	0
	.5581	uc021trv.1		0	0	0	25	0	0	0	25	0	0	0	0	0	0	0	0	0	0	0	0
	.5582	uc021trw.1		0	0	0	23	0	0	0	23	0	0	0	0	0	0	0	0	0	0	0	0
	.5583	uc010vxx.1		0	0	0	21	0	0	0	21	0	0	0	0	0	0	0	0	0	0	0	0
	.5584	uc002gtt.1		0	0	0	4	0	0	0	0	0	0	4	0	0	0	0	0	0	0	0	0
	.5585	uc010vxy.2		1	0	0	8	0	0	0	4	2	0	3	1	0	0	0	0	0	0	0	0
	.5586	uc010vxz.2		0	1	0	10	0	0	0	2	3	0	1	0	0	1	0	0	0	0	0	5
	.5587	uc010vya.2		0	0	0	9	0	0	0	0	1	0	8	0	0	0	0	0	0	0	0	0
	.5588	uc002gty.3		0	0	0	8	0	0	0	1	5	0	1	0	0	0	0	0	0	0	0	1
	.5588	uc002gua.4		0	0	0	6	0	0	0	0	5	0	1	0	0	0	0	0	0	0	0	0
	.5588	uc010cqe.3		0	0	0	7	0	0	0	1	4	0	1	0	0	0	0	0	0	0	0	1
	.5588	uc010cqf.3		0	0	0	7	0	0	0	1	5	0	1	0	0	0	0	0	0	0	0	0
	.5588	uc010vyc.2		0	0	0	3	0	0	0	1	1	0	1	0	0	0	0	0	0	0	0	0
	.5589	uc010vye.1		0	0	0	15	0	0	0	4	0	0	11	0	0	0	0	0	0	0	0	0
	.5590	uc002guf.2		0	0	0	3	0	0	0	0	2	0	1	0	0	0	0	0	0	0	0	0
	.5591	uc002gus.1		0	0	0	7	0	0	0	1	2	0	4	0	0	0	0	0	0	0	0	0
	.5592	uc002gux.1		0	0	0	2	0	0	0	0	0	0	0	0	0	0	0	0	0	0	0	2
	.5593	uc010vym.1		0	0	0	6	0	0	0	1	0	0	0	0	0	0	0	0	0	0	0	5
	.5595	uc021trx.1		0	0	0	8	0	0	0	1	0	0	0	0	0	0	0	0	0	0	0	7
	.5596	uc021try.1		0	0	0	8	0	0	0	8	0	0	0	0	0	0	0	0	0	0	0	0
	.5601	uc021trz.1		0	0	0	3	0	0	0	2	0	0	0	0	0	0	0	0	0	0	0	1
	.5602	uc010vyt.1		0	0	0	2	0	0	0	0	0	0	0	0	0	0	0	0	0	0	0	2
	.5603	uc021tsa.1		0	0	0	4	0	0	0	0	1	0	2	0	0	0	0	0	0	0	0	1
	.5605	uc002gvz.1		0	0	0	4	0	0	0	2	0	0	0	0	0	0	0	0	0	0	0	2
	.5605	uc010vyy.1		0	0	0	5	0	0	0	2	3	0	0	0	0	0	0	0	0	0	0	0
	.5607	uc021tsd.1		0	0	0	3	0	0	0	1	0	0	0	0	0	0	0	0	0	0	0	2
	.5608	uc002gwh.4		0	0	0	10	0	0	0	1	6	0	3	0	0	0	0	0	0	0	0	0
	.5608	uc002gwi.3		0	0	0	10	0	0	0	1	7	0	2	0	0	0	0	0	0	0	0	0
	.5608	uc010cqs.1		0	0	0	10	0	0	0	1	6	0	3	0	0	0	0	0	0	0	0	0
	.5608	uc010cqt.1		0	0	0	8	0	0	0	0	5	0	2	0	0	0	0	0	0	0	0	1
	.5609	uc021tse.1		0	0	0	1	0	0	0	1	0	0	0	0	0	0	0	0	0	0	0	0
	.5610	uc021tsf.1		0	0	0	2	0	0	0	2	0	0	0	0	0	0	0	0	0	0	0	0
	.5611	uc010vze.2	protein_coding	0	0	1	2	0	0	0	0	1	1	0	0	0	0	0	0	0	0	0	1
	.5612	uc010cqy.1		0	0	0	16	0	0	0	0	11	0	5	0	0	0	0	0	0	0	0	0
	.5613	uc002gwx.3		0	0	0	3	0	0	0	2	0	0	0	0	0	0	0	0	0	0	0	1
	.5613	uc010vzg.1		0	0	0	3	0	0	0	2	1	0	0	0	0	0	0	0	0	0	0	0
	.5614	uc010cqz.3		0	0	0	7	0	0	0	3	2	0	2	0	0	0	0	0	0	0	0	0
	.5615	uc002gwy.3		0	0	0	19	0	0	0	3	13	0	1	0	0	0	0	0	0	0	0	2
	.5616	uc002gxb.3		0	0	0	9	0	0	0	0	3	0	6	0	0	0	0	0	0	0	0	0
	.5617	uc002gxc.1		0	0	0	20	0	0	0	3	3	0	8	0	0	0	0	0	0	0	0	6
	.5618	uc010vzi.1		0	0	0	15	0	0	0	15	0	0	0	0	0	0	0	0	0	0	0	0
	.5619	uc002gxe.2		0	0	0	15	0	0	0	15	0	0	0	0	0	0	0	0	0	0	0	0
	.5620	uc021tsg.1		0	0	0	15	0	0	0	15	0	0	0	0	0	0	0	0	0	0	0	0
	.5621	uc010vzj.2		0	0	0	15	0	0	0	15	0	0	0	0	0	0	0	0	0	0	0	0
	.5622	uc010vzk.2		0	0	0	17	0	0	0	17	0	0	0	0	0	0	0	0	0	0	0	0
	.5623	uc002gxh.3		0	0	0	18	0	0	0	16	0	0	0	0	0	0	0	0	0	0	0	2
	.5624	uc002gxi.3		0	0	0	18	0	0	0	15	0	0	0	0	0	0	0	0	0	0	0	3
	.5625	uc002gxj.1		0	0	0	18	0	0	0	15	0	0	0	0	0	0	0	0	0	0	0	3
	.5626	uc021tsh.1		0	0	0	18	0	0	0	15	0	0	0	0	0	0	0	0	0	0	0	3
	.5627	uc010vzl.1		0	0	0	23	0	0	0	15	0	0	0	0	0	0	0	0	0	0	0	8
	.5628	uc002gxm.1		0	0	0	25	0	0	0	8	0	0	0	0	0	0	0	0	0	0	0	17
	.5628	uc021tsi.1		0	0	0	25	0	0	0	17	0	0	0	0	0	0	0	0	0	0	0	8
	.5629	uc010vzm.1		0	0	0	25	0	0	0	17	0	0	0	0	0	0	0	0	0	0	0	8
	.5630	uc010vzn.2		0	0	0	25	0	0	0	17	0	0	0	0	0	0	0	0	0	0	0	8
	.5631	uc010vzo.2		0	0	0	25	0	0	0	17	0	0	0	0	0	0	0	0	0	0	0	8
	.5632	uc010vzp.1		0	0	0	25	0	0	0	17	0	0	0	0	0	0	0	0	0	0	0	8
	.5633	uc010vzr.2		0	0	0	26	0	0	0	12	0	0	0	0	0	0	0	0	0	0	0	14
	.5634	uc010vzs.2		0	0	0	26	0	0	0	11	0	0	0	0	0	0	0	0	0	0	0	15
	.5635	uc010vzt.2		0	0	0	26	0	0	0	11	0	0	0	0	0	0	0	0	0	0	0	15
	.5636	uc021tsj.1		0	0	0	26	0	0	0	11	0	0	0	0	0	0	0	0	0	0	0	15
	.5637	uc010vzu.2		0	0	0	26	0	0	0	11	0	0	0	0	0	0	0	0	0	0	0	15
	.5638	uc010vzv.1		0	0	0	26	0	0	0	11	0	0	0	0	0	0	0	0	0	0	0	15
	.5639	uc010vzw.1		0	0	0	26	0	0	0	9	0	0	0	0	0	0	0	0	0	0	0	17
	.5640	uc021tsk.1		0	0	0	21	0	0	0	6	0	0	0	0	0	0	0	0	0	0	0	15
	.5641	uc002gxw.2		0	0	0	19	0	0	0	3	0	0	0	0	0	0	0	0	0	0	0	16
	.5642	uc002gxx.3		0	0	0	19	0	0	0	2	0	0	0	0	0	0	0	0	0	0	0	17
	.5643	uc002gxy.3		0	0	0	19	0	0	0	2	0	0	0	0	0	0	0	0	0	0	0	17
	.5644	uc021tsl.1		0	0	0	19	0	0	0	2	0	0	0	0	0	0	0	0	0	0	0	17
	.5645	uc021tsm.1		0	0	0	19	0	0	0	2	0	0	0	0	0	0	0	0	0	0	0	17
	.5646	uc002gyb.1		0	0	0	13	0	0	0	2	0	0	0	0	0	0	0	0	0	0	0	11
	.5647	uc002gyc.3		0	0	0	7	0	0	0	2	0	0	0	0	0	0	0	0	0	0	0	5
	.5648	uc031qzh.1		0	0	0	15	0	0	0	1	10	0	4	0	0	0	0	0	0	0	0	0
	.5650	uc010crb.2		0	0	0	7	0	0	0	0	2	0	5	0	0	0	0	0	0	0	0	0
	.5651	uc002gyg.1		0	0	0	3	0	0	0	0	0	0	0	0	0	0	0	0	0	0	0	3
	.5651	uc002gyh.1		0	0	0	3	0	0	0	0	0	0	0	0	0	0	0	0	0	0	0	3
	.5652	uc002gyi.1		0	0	0	1	0	0	0	0	0	0	1	0	0	0	0	0	0	0	0	0
	.5652	uc002gyj.3		0	0	0	1	0	0	0	0	0	0	1	0	0	0	0	0	0	0	0	0
	.5652	uc002gyk.2	protein_coding	0	0	1	6	0	0	0	0	5	1	0	0	0	0	0	0	0	0	0	1
	.5654	uc010crc.1	protein_coding	0	0	0	2	0	0	0	1	1	0	0	0	0	0	0	0	0	0	0	0
	.5655	uc002gyq.2	protein_coding	0	0	0	1	0	0	0	0	1	0	0	0	0	0	0	0	0	0	0	0
	.5657	uc002gza.2		0	0	0	39	0	0	0	0	27	0	7	0	0	0	0	0	0	0	0	5
	.5658	uc021tsu.1		0	0	0	4	0	0	0	3	0	0	0	0	0	0	0	0	0	0	0	1
	.5659	uc021tsv.1		0	0	0	4	0	0	0	3	0	0	0	0	0	0	0	0	0	0	0	1
	.5660	uc021tsw.1		0	0	0	4	0	0	0	3	0	0	0	0	0	0	0	0	0	0	0	1
	.5661	uc021tsx.1		0	0	0	3	0	0	0	3	0	0	0	0	0	0	0	0	0	0	0	0
	.5662	uc021tsy.1		0	0	0	3	0	0	0	3	0	0	0	0	0	0	0	0	0	0	0	0
	.5663	uc021tsz.1		0	0	0	3	0	0	0	3	0	0	0	0	0	0	0	0	0	0	0	0
	.5664	uc021tta.1		0	0	0	3	0	0	0	3	0	0	0	0	0	0	0	0	0	0	0	0
	.5665	uc021ttb.1		0	0	0	4	0	0	0	3	0	0	0	0	0	0	0	0	0	0	0	1
	.5666	uc021ttc.1		0	0	0	4	0	0	0	1	0	0	0	0	0	0	0	0	0	0	0	3
	.5667	uc021ttd.1		0	0	0	3	0	0	0	1	0	0	0	0	0	0	0	0	0	0	0	2
	.5668	uc021tte.1		0	0	0	1	0	0	0	1	0	0	0	0	0	0	0	0	0	0	0	0
	.5669	uc021ttf.1		0	0	0	1	0	0	0	0	0	0	0	0	0	0	0	0	0	0	0	1
	.5670	uc002gzf.1		0	1	0	8	0	0	0	0	5	0	4	0	0	1	0	0	0	0	0	0
	.5671	uc002gzg.3		0	0	0	16	0	0	0	0	13	0	3	0	0	0	0	0	0	0	0	0
	.5671	uc002gzh.1		0	0	0	15	0	0	0	6	0	0	0	0	0	0	0	0	0	0	0	9
	.5671	uc002gzi.1		0	0	0	15	0	0	0	10	0	0	0	0	0	0	0	0	0	0	0	5
	.5671	uc021ttg.1		0	0	0	16	0	0	0	1	15	0	0	0	0	0	0	0	0	0	0	0
	.5672	uc002gzj.1		0	0	0	23	0	0	0	1	22	0	0	0	0	0	0	0	0	0	0	0
	.5673	uc002gzo.1		0	0	0	2	0	0	0	2	0	0	0	0	0	0	0	0	0	0	0	0
	.5674	uc021tth.1		0	0	0	12	0	0	0	5	0	0	0	0	0	0	0	0	0	0	0	7
	.5676	uc010wac.2	protein_coding	0	0	0	1	0	0	0	1	0	0	0	0	0	0	0	0	0	0	0	0
	.5677	uc002hac.3		0	0	0	1	0	0	0	0	0	0	0	0	0	0	0	0	0	0	0	1
	.5678	uc002had.3		0	0	0	1	0	0	0	0	0	0	0	0	0	0	0	0	0	0	0	1
	.5678	uc021tti.1		0	0	0	1	0	0	0	0	0	0	0	0	0	0	0	0	0	0	0	1
	.5679	uc002hae.2		0	0	0	2	0	0	0	0	0	0	0	0	0	0	0	0	0	0	0	2
	.5680	uc021ttj.1		0	0	0	2	0	0	0	0	0	0	0	0	0	0	0	0	0	0	0	2
	.5681	uc002haf.2		0	0	0	2	0	0	0	0	0	0	0	0	0	0	0	0	0	0	0	2
	.5682	uc002hah.3		0	0	0	2	0	0	0	0	0	0	0	0	0	0	0	0	0	0	0	2
	.5682	uc021ttk.1		0	0	0	2	0	0	0	0	0	0	0	0	0	0	0	0	0	0	0	2
	.5683	uc002hai.2		0	0	0	2	0	0	0	0	0	0	0	0	0	0	0	0	0	0	0	2
	.5684	uc021ttl.1		0	0	0	2	0	0	0	0	0	0	0	0	0	0	0	0	0	0	0	2
	.5685	uc002hak.2		0	0	0	2	0	0	0	0	0	0	0	0	0	0	0	0	0	0	0	2
	.5686	uc002hal.3		0	0	0	2	0	0	0	0	0	0	0	0	0	0	0	0	0	0	0	2
	.5687	uc021ttm.1		0	0	0	2	0	0	0	0	0	0	0	0	0	0	0	0	0	0	0	2
	.5688	uc002hao.3		0	0	0	2	0	0	0	0	0	0	0	0	0	0	0	0	0	0	0	2
	.5688	uc021ttn.1		0	0	0	2	0	0	0	0	0	0	0	0	0	0	0	0	0	0	0	2
	.5689	uc021tto.1		0	0	0	2	0	0	0	1	0	0	0	0	0	0	0	0	0	0	0	1
	.5690	uc002har.3		0	0	0	2	0	0	0	1	0	0	0	0	0	0	0	0	0	0	0	1
	.5691	uc021ttp.1		0	0	0	2	0	0	0	2	0	0	0	0	0	0	0	0	0	0	0	0
	.5692	uc010wag.2		0	0	0	6	0	0	0	2	2	0	1	0	0	0	0	0	0	0	0	1
	.5693	uc021ttq.2		0	0	0	4	0	0	0	3	0	0	0	0	0	0	0	0	0	0	0	1
	.5694	uc010waj.1		0	0	0	24	0	0	0	1	17	0	5	0	0	0	0	0	0	0	0	1
	.5695	uc021tts.1		0	0	0	1	0	0	0	1	0	0	0	0	0	0	0	0	0	0	0	0
	.5697	uc002hbz.1	protein_coding	0	1	0	5	0	0	0	0	0	0	0	0	0	0	0	0	0	0	1	5
	.5698	uc002hcj.1		0	0	0	1	0	0	0	1	0	0	0	0	0	0	0	0	0	0	0	0
	.5699	uc002hcl.2		0	0	0	1	0	0	0	1	0	0	0	0	0	0	0	0	0	0	0	0
	.5700	uc002hcm.1		0	0	0	1	0	0	0	1	0	0	0	0	0	0	0	0	0	0	0	0
	.5701	uc002hcn.1		0	0	0	1	0	0	0	1	0	0	0	0	0	0	0	0	0	0	0	0
	.5702	uc002hcz.1		0	0	0	3	0	0	0	0	2	0	0	0	0	0	0	0	0	0	0	1
	.5703	uc021ttv.1		0	0	0	2	0	0	0	2	0	0	0	0	0	0	0	0	0	0	0	0
	.5703	uc021ttw.1		0	0	0	2	0	0	0	0	0	0	0	0	0	0	0	0	0	0	0	2
	.5704	uc010waz.1		0	0	0	2	0	0	0	2	0	0	0	0	0	0	0	0	0	0	0	0
	.5705	uc021ttx.1		0	0	0	2	0	0	0	2	0	0	0	0	0	0	0	0	0	0	0	0
	.5706	uc002hdf.3		0	0	0	3	0	0	0	1	0	0	1	0	0	0	0	0	0	0	0	1
	.5707	uc002hdl.3		0	0	0	1	0	0	0	0	0	0	0	0	0	0	0	0	0	0	0	1
	.5708	uc002hdm.2		0	0	0	4	0	0	0	0	1	0	3	0	0	0	0	0	0	0	0	0
	.5710	uc002hej.3		0	0	0	6	0	0	0	1	3	0	2	0	0	0	0	0	0	0	0	0
	.5711	uc021ttz.1		0	0	0	1	0	0	0	1	0	0	0	0	0	0	0	0	0	0	0	0
	.5713	uc010csd.3		0	0	0	12	0	0	0	0	4	0	8	0	0	0	0	0	0	0	0	0
	.5714	uc002hew.1		0	0	0	1	0	0	0	0	0	0	1	0	0	0	0	0	0	0	0	0
	.5714	uc021tub.1		0	0	0	1	0	0	0	0	0	0	0	0	0	0	0	0	0	0	0	1
	.5715	uc010csg.4		0	0	0	3	0	0	0	0	0	0	0	0	0	0	0	0	0	0	0	3
	.5716	uc021tuc.1		0	0	0	3	0	0	0	2	0	0	0	0	0	0	0	0	0	0	0	1
	.5718	uc010wbp.2		0	0	0	9	0	0	0	0	8	0	1	0	0	0	0	0	0	0	0	0
	.5719	uc002hfg.1		0	0	0	8	0	0	0	1	0	0	0	0	0	0	0	0	0	0	0	7
	.5720	uc002hfi.3		0	0	0	11	0	0	0	1	3	0	1	0	0	0	0	0	0	0	0	6
	.5720	uc002hfj.1		0	0	0	10	0	0	0	7	0	0	0	0	0	0	0	0	0	0	0	3
	.5720	uc021tue.1		0	0	0	10	0	0	0	7	0	0	0	0	0	0	0	0	0	0	0	3
	.5721	uc010csi.2		0	0	0	7	0	0	0	0	7	0	0	0	0	0	0	0	0	0	0	0
	.5721	uc010csj.3	protein_coding	0	0	0	8	1	0	0	0	7	0	0	0	0	0	0	0	0	0	0	0
	.5721	uc010wbq.1		0	0	0	13	0	0	0	0	9	0	1	0	0	0	0	0	0	0	0	3
	.5721	uc021tuf.1		0	0	0	3	0	0	0	0	0	0	3	0	0	0	0	0	0	0	0	0
	.5722	uc002hfp.3		0	1	0	6	0	0	0	1	6	0	0	0	0	1	0	0	0	0	0	0
	.5722	uc002hfq.3		0	0	0	8	0	0	0	0	2	0	1	0	0	0	0	0	0	0	0	5
	.5722	uc021tug.1		0	0	0	10	0	0	0	0	9	0	0	0	0	0	0	0	0	0	0	1
	.5723	uc002hfv.2		0	1	0	3	0	0	0	1	2	0	0	0	0	1	0	0	0	0	0	1
	.5724	uc010csl.3		0	0	0	6	0	0	0	0	6	0	0	0	0	0	0	0	0	0	0	0
	.5726	uc021tuh.1		0	0	0	1	0	0	0	0	0	0	1	0	0	0	0	0	0	0	0	0
	.5728	uc010wbt.1	protein_coding	0	0	0	7	0	0	0	0	4	0	0	0	0	0	0	0	0	0	0	3
	.5728	uc010wbu.1		0	0	0	10	0	0	0	0	7	0	0	0	0	0	0	0	0	0	0	3
	.5728	uc021tum.1		0	0	0	2	0	0	0	1	0	0	1	0	0	0	0	0	0	0	0	0
	.5729	uc021tun.1		0	0	0	11	0	0	0	4	0	0	0	0	0	0	0	0	0	0	0	7
	.5735	uc010css.3		0	0	0	4	0	0	0	0	2	0	1	0	0	0	0	0	0	0	0	1
	.5736	uc021tuu.1		0	0	0	3	0	0	0	3	0	0	0	0	0	0	0	0	0	0	0	0
	.5737	uc021tuv.1	protein_coding	0	0	0	5	0	0	0	5	0	0	0	0	0	0	0	0	0	0	0	0
	.5738	uc010csv.3		0	0	0	2	0	0	0	0	2	0	0	0	0	0	0	0	0	0	0	0
	.5740	uc002hhl.1		0	0	0	2	0	0	0	0	2	0	0	0	0	0	0	0	0	0	0	0
	.5741	uc010ctc.3	protein_coding	0	0	0	2	0	0	0	2	0	0	0	0	0	0	0	0	0	0	0	0
	.5742	uc010cte.1		0	0	0	15	0	0	0	0	8	0	1	0	0	0	0	0	0	0	0	6
	.5743	uc002hhv.3		0	0	0	1	0	0	0	0	0	0	0	0	0	0	0	0	0	0	0	1
	.5747	uc002hiv.1		0	0	0	5	0	0	0	0	1	0	0	0	0	0	0	0	0	0	0	4
	.5747	uc002hiw.1		0	0	0	5	0	0	0	0	1	0	0	0	0	0	0	0	0	0	0	4
	.5747	uc010ctl.1		0	0	0	5	0	0	0	0	1	0	0	0	0	0	0	0	0	0	0	4
	.5747	uc010ctm.1		0	0	0	5	0	0	0	0	1	0	0	0	0	0	0	0	0	0	0	4
	.5747	uc010wcf.1		0	0	0	5	0	0	0	0	3	0	0	0	0	0	0	0	0	0	0	2
	.5748	uc021tuz.1		0	0	0	5	0	0	0	2	0	0	0	0	0	0	0	0	0	0	0	3
	.5749	uc002hjo.1		0	0	0	2	0	0	0	2	0	0	0	0	0	0	0	0	0	0	0	0
	.5750	uc002hjw.1		0	0	0	3	0	0	0	0	2	0	1	0	0	0	0	0	0	0	0	0
	.5750	uc002hjz.1		0	0	0	2	0	0	0	1	0	0	1	0	0	0	0	0	0	0	0	0
	.5751	uc010ctw.1		0	1	0	1	0	0	0	0	2	0	0	0	0	1	0	0	0	0	0	0
	.5752	uc010wck.1		0	0	0	6	0	0	0	0	4	0	1	0	0	0	0	0	0	0	0	1
	.5753	uc010wcn.1		0	0	0	2	0	0	0	2	0	0	0	0	0	0	0	0	0	0	0	0
	.5754	uc010cty.3		0	0	0	6	0	0	0	2	3	0	1	0	0	0	0	0	0	0	0	0
	.5754	uc010cub.4	protein_coding	0	0	1	5	0	0	0	2	3	1	0	0	0	0	0	0	0	0	0	0
	.5754	uc010cue.3		0	0	0	6	0	0	0	2	3	0	1	0	0	0	0	0	0	0	0	0
	.5754	uc010cuf.3		0	0	0	6	0	0	0	2	3	0	1	0	0	0	0	0	0	0	0	0
	.5754	uc010cug.3		0	0	0	6	0	0	0	2	3	0	1	0	0	0	0	0	0	0	0	0
	.5755	uc002hkm.3		0	0	0	3	0	0	0	0	3	0	0	0	0	0	0	0	0	0	0	0
	.5756	uc010wcs.2		0	0	0	4	0	0	0	0	2	0	2	0	0	0	0	0	0	0	0	0
	.5756	uc010wct.2		0	0	0	4	0	0	0	0	2	0	2	0	0	0	0	0	0	0	0	0
	.5757	uc002hkx.1		0	0	0	11	0	0	0	5	5	0	1	0	0	0	0	0	0	0	0	0
	.5758	uc002hkz.2		0	0	0	14	0	0	0	6	0	0	0	0	0	0	0	0	0	0	0	8
	.5759	uc002hla.1		0	0	0	12	0	0	0	7	0	0	0	0	0	0	0	0	0	0	0	5
	.5759	uc002khr.3		0	0	0	12	0	0	0	5	0	0	0	0	0	0	0	0	0	0	0	7
	.5760	uc021tva.1		0	0	0	11	0	0	0	5	0	0	0	0	0	0	0	0	0	0	0	6
	.5761	uc021tvb.1		0	0	0	10	0	0	0	6	0	0	0	0	0	0	0	0	0	0	0	4
	.5762	uc002hlc.3		0	0	0	10	0	0	0	6	0	0	0	0	0	0	0	0	0	0	0	4
	.5763	uc021tvc.1		0	0	0	10	0	0	0	3	0	0	1	0	0	0	0	0	0	0	0	6
	.5764	uc021tvd.1		0	0	0	9	0	0	0	2	0	0	0	0	0	0	0	0	0	0	0	7
	.5765	uc002hle.2		0	0	0	1	0	0	0	0	0	0	0	0	0	0	0	0	0	0	0	1
	.5766	uc002hlh.1		0	0	0	2	0	0	0	0	2	0	0	0	0	0	0	0	0	0	0	0
	.5766	uc002hli.1		0	0	0	2	0	0	0	0	0	0	2	0	0	0	0	0	0	0	0	0
	.5766	uc002hlj.2		0	0	0	2	0	0	0	0	1	0	1	0	0	0	0	0	0	0	0	0
	.5766	uc010cuk.1		0	0	0	2	0	0	0	0	1	0	1	0	0	0	0	0	0	0	0	0
	.5767	uc010cul.1		0	0	0	3	0	0	0	0	0	0	1	0	0	0	0	0	0	0	0	2
	.5768	uc010cum.2	protein_coding	0	0	0	3	0	0	0	1	0	0	0	0	0	0	0	0	0	0	0	2
	.5769	uc002hlm.2		0	0	0	27	0	0	0	1	24	0	2	0	0	0	0	0	0	0	0	0
	.5769	uc002hln.2		0	0	0	5	0	0	0	3	0	0	0	0	0	0	0	0	0	0	0	2
	.5769	uc002hlo.1		0	0	0	5	0	0	0	2	0	0	0	0	0	0	0	0	0	0	0	3
	.5769	uc002hlq.3		0	0	0	3	0	0	0	3	0	0	0	0	0	0	0	0	0	0	0	0
	.5769	uc002hlx.3		0	0	0	2	0	0	0	0	2	0	0	0	0	0	0	0	0	0	0	0
	.5769	uc002hly.2		0	0	0	2	0	0	0	0	2	0	0	0	0	0	0	0	0	0	0	0
	.5769	uc002hmd.3		0	0	0	8	0	0	0	0	1	0	6	0	0	0	0	0	0	0	0	1
	.5769	uc002hmf.3		0	0	0	4	0	0	0	0	0	0	0	0	0	0	0	0	0	0	0	4
	.5769	uc002hmh.3		0	0	0	4	0	0	0	4	0	0	0	0	0	0	0	0	0	0	0	0
	.5769	uc002hmi.3		0	0	0	4	0	0	0	4	0	0	0	0	0	0	0	0	0	0	0	0
	.5769	uc002hmk.1		0	0	0	7	0	0	0	0	0	0	0	0	0	0	0	0	0	0	0	7
	.5769	uc002hml.1		0	0	0	7	0	0	0	0	0	0	0	0	0	0	0	0	0	0	0	7
	.5769	uc002hmn.3		0	0	0	7	0	0	0	0	0	0	0	0	0	0	0	0	0	0	0	7
	.5769	uc002kim.1		0	0	0	6	0	0	0	3	0	0	0	0	0	0	0	0	0	0	0	3
	.5769	uc010cuo.1		0	0	0	2	0	0	0	0	2	0	0	0	0	0	0	0	0	0	0	0
	.5769	uc010wcw.2		0	0	0	5	0	0	0	3	0	0	0	0	0	0	0	0	0	0	0	2
	.5769	uc021tve.1		0	0	0	3	0	0	0	3	0	0	0	0	0	0	0	0	0	0	0	0
	.5769	uc021tvf.1		0	0	0	3	0	0	0	0	0	0	2	0	0	0	0	0	0	0	0	1
	.5769	uc021tvg.1		0	0	0	3	0	0	0	0	0	0	0	0	0	0	0	0	0	0	0	3
	.5769	uc021tvi.1		0	0	0	5	0	0	0	4	0	0	0	0	0	0	0	0	0	0	0	1
	.5769	uc021tvj.1		0	0	0	5	0	0	0	1	0	0	0	0	0	0	0	0	0	0	0	4
	.5769	uc021tvk.1		0	0	0	4	0	0	0	4	0	0	0	0	0	0	0	0	0	0	0	0
	.5769	uc021tvl.1		0	0	0	4	0	0	0	4	0	0	0	0	0	0	0	0	0	0	0	0
	.5769	uc021tvm.1		0	0	0	7	0	0	0	7	0	0	0	0	0	0	0	0	0	0	0	0
	.5769	uc021tvn.1		0	0	0	7	0	0	0	0	0	0	0	0	0	0	0	0	0	0	0	7
	.5770	uc002hmt.1		0	0	0	6	0	0	0	2	3	0	1	0	0	0	0	0	0	0	0	0
	.5770	uc010cut.1		0	0	0	8	0	0	0	2	3	0	3	0	0	0	0	0	0	0	0	0
	.5770	uc010cuu.3		0	0	0	21	0	0	0	3	14	0	2	0	0	0	0	0	0	0	0	2
	.5770	uc010wcz.1		0	0	0	15	0	0	0	2	8	0	3	0	0	0	0	0	0	0	0	2
	.5770	uc031qzw.1	protein_coding	0	0	1	5	0	0	0	2	0	1	0	0	0	0	0	0	0	0	0	3
	.5774	uc002hnp.1		0	0	0	2	0	0	0	0	2	0	0	0	0	0	0	0	0	0	0	0
	.5774	uc002hnq.2	protein_coding	0	0	0	6	0	0	0	0	4	0	0	0	0	0	0	0	0	0	0	2
	.5774	uc002hnr.1		0	0	0	2	0	0	0	0	2	0	0	0	0	0	0	0	0	0	0	0
	.5775	uc002hoj.1	protein_coding	0	0	0	4	0	0	0	1	0	0	0	0	0	0	0	0	0	0	0	3
	.5776	uc002hom.1		0	0	0	15	0	0	0	0	5	0	8	0	0	0	0	0	0	0	0	2
	.5776	uc002hon.1		0	0	0	17	0	0	0	0	8	0	9	0	0	0	0	0	0	0	0	0
	.5777	uc002hop.2		0	0	0	5	0	0	0	5	0	0	0	0	0	0	0	0	0	0	0	0
	.5778	uc002how.1		0	0	0	4	0	0	0	2	0	0	2	0	0	0	0	0	0	0	0	0
	.5779	uc002hpn.2	protein_coding	0	0	0	3	0	0	0	2	0	0	0	0	0	0	0	0	0	0	0	1
	.5780	uc002hpq.2		0	0	0	16	0	0	0	2	0	0	3	0	0	0	0	0	0	0	0	11
	.5780	uc002hps.3		0	0	0	2	0	0	0	1	0	0	0	0	0	0	0	0	0	0	0	1
	.5780	uc002hpt.2		0	0	0	7	0	0	0	5	0	0	0	0	0	0	0	0	0	0	0	2
	.5780	uc002hpu.3		0	0	0	7	0	0	0	5	0	0	0	0	0	0	0	0	0	0	0	2
	.5780	uc002hpv.1		0	0	0	6	0	0	0	5	0	0	0	0	0	0	0	0	0	0	0	1
	.5780	uc002hpx.2		0	0	0	9	0	0	0	5	3	0	1	0	0	0	0	0	0	0	0	0
	.5780	uc010wdn.1		0	0	0	29	0	0	0	1	23	0	5	0	0	0	0	0	0	0	0	0
	.5780	uc021twa.1		0	0	0	2	0	0	0	1	0	0	0	0	0	0	0	0	0	0	0	1
	.5780	uc021twb.1		0	0	0	2	0	0	0	1	0	0	0	0	0	0	0	0	0	0	0	1
	.5780	uc021twc.1		0	0	0	7	0	0	0	5	0	0	0	0	0	0	0	0	0	0	0	2
	.5781	uc002hqb.3		0	0	0	2	0	0	0	0	2	0	0	0	0	0	0	0	0	0	0	0
	.5782	uc021twf.1		0	0	0	1	0	0	0	0	0	0	0	0	0	0	0	0	0	0	0	1
	.5783	uc021twg.1		0	0	0	2	0	0	0	1	0	0	0	0	0	0	0	0	0	0	0	1
	.5784	uc021twh.1	protein_coding	0	0	0	5	1	0	0	2	1	0	0	0	0	0	0	0	0	0	0	1
	.5785	uc021twi.1		0	0	0	5	0	0	0	1	0	0	0	0	0	0	0	0	0	0	0	4
	.5786	uc010wdw.1		0	1	0	9	0	0	0	2	6	0	2	0	0	1	0	0	0	0	0	0
	.5786	uc010wdx.1		0	1	0	10	0	0	0	6	4	0	1	0	0	1	0	0	0	0	0	0
	.5788	uc021twl.1		0	0	0	1	0	0	0	0	0	0	0	0	0	0	0	0	0	0	0	1
	.5789	uc002hqz.1		0	0	0	1	0	0	0	0	0	0	0	0	0	0	0	0	0	0	0	1
	.5794	uc002hrd.1		0	0	0	13	0	0	0	3	4	0	3	0	0	0	0	0	0	0	0	3
	.5795	uc002hre.1		0	0	0	8	0	0	0	1	3	0	3	0	0	0	0	0	0	0	0	1
	.5795	uc002hrh.2		0	0	0	11	0	0	0	0	9	0	2	0	0	0	0	0	0	0	0	0
	.5795	uc002hri.2		0	0	0	11	0	0	0	0	9	0	2	0	0	0	0	0	0	0	0	0
	.5795	uc002hrj.1		0	0	0	11	0	0	0	0	9	0	2	0	0	0	0	0	0	0	0	0
	.5795	uc002hrk.1		0	0	0	11	0	0	0	0	9	0	2	0	0	0	0	0	0	0	0	0
	.5798	uc031qzy.1		0	0	0	4	0	0	0	3	0	0	1	0	0	0	0	0	0	0	0	0
	.5799	uc010weh.2		0	0	0	5	0	0	0	1	2	0	1	0	0	0	0	0	0	0	0	1
	.5800	uc010cvy.3		0	0	0	8	0	0	0	0	7	0	1	0	0	0	0	0	0	0	0	0
	.5801	uc031raa.1		0	0	0	2	0	0	0	1	0	0	0	0	0	0	0	0	0	0	0	1
	.5803	uc002htb.4		0	0	0	15	0	0	0	0	11	0	3	0	0	0	0	0	0	0	0	1
	.5804	uc010cwk.3		0	0	0	10	0	0	0	0	8	0	1	0	0	0	0	0	0	0	0	1
	.5804	uc010cwl.3		0	0	0	10	0	0	0	0	8	0	1	0	0	0	0	0	0	0	0	1
	.5805	uc002hti.1		0	0	0	1	0	0	0	0	0	0	1	0	0	0	0	0	0	0	0	0
	.5806	uc010wen.2		0	0	0	15	0	0	0	0	11	0	3	0	0	0	0	0	0	0	0	1
	.5807	uc010wet.2		0	0	0	22	0	0	0	9	12	0	1	0	0	0	0	0	0	0	0	0
	.5807	uc010wex.1	protein_coding	0	1	0	10	0	0	0	4	6	0	0	0	0	0	0	0	0	0	1	0
	.5807	uc010wez.1	protein_coding	0	0	0	7	0	0	0	2	2	0	0	0	0	0	0	0	0	0	0	3
	.5807	uc031rac.1		0	0	0	5	0	0	0	3	0	0	0	0	0	0	0	0	0	0	0	2
	.5808	uc010cwq.3		0	0	0	5	0	0	0	1	4	0	0	0	0	0	0	0	0	0	0	0
	.5808	uc010cwr.2	protein_coding	0	0	0	5	0	0	0	1	2	0	0	0	0	0	0	0	0	0	0	2
	.5808	uc031rad.1	protein_coding	0	0	0	5	0	0	0	1	0	0	0	0	0	0	0	0	0	0	0	4
	.5811	uc002hur.1	protein_coding	0	0	0	3	0	0	0	1	0	0	0	0	0	0	0	0	0	0	0	2
	.5812	uc010wfm.1	protein_coding	0	0	1	8	0	0	1	1	5	1	0	0	0	0	0	0	0	0	0	1
	.5813	uc002hvq.1		0	0	0	35	0	0	0	0	20	0	15	0	0	0	0	0	0	0	0	0
	.5814	uc010cxm.1		0	0	0	12	0	0	0	7	1	0	4	0	0	0	0	0	0	0	0	0
	.5815	uc021txj.1		0	0	0	1	0	0	0	0	0	0	0	0	0	0	0	0	0	0	0	1
	.5816	uc002hxc.1		0	0	0	10	0	0	0	6	0	0	0	0	0	0	0	0	0	0	0	4
	.5818	uc002hxi.1		0	1	0	21	0	0	0	5	13	0	4	0	0	1	0	0	0	0	0	0
	.5818	uc010cxq.1		0	0	0	22	0	0	0	5	10	0	4	0	0	0	0	0	0	0	0	3
	.5820	uc021txq.1		0	0	0	1	0	0	0	1	0	0	0	0	0	0	0	0	0	0	0	0
	.5821	uc010cxw.3		0	1	0	4	0	0	0	0	3	0	0	0	0	1	0	0	0	0	0	2
	.5822	uc002hyv.3		0	1	0	8	0	0	0	0	6	0	2	0	0	1	0	0	0	0	0	1
	.5823	uc010cxz.2		0	0	0	1	0	0	0	1	0	0	0	0	0	0	0	0	0	0	0	0
	.5824	uc010cyd.1	protein_coding	0	0	0	1	0	0	0	0	0	0	0	0	0	0	0	0	0	0	0	1
	.5825	uc021txs.1		0	0	0	2	0	0	0	0	0	0	0	0	0	0	0	0	0	0	0	2
	.5826	uc010cyf.1	protein_coding	0	0	0	2	1	0	0	0	0	0	0	0	0	0	0	0	0	0	0	1
	.5827	uc021txt.1		0	0	0	2	0	0	0	1	0	0	0	0	0	0	0	0	0	0	0	1
	.5829	uc002hzp.1	protein_coding	0	0	0	1	0	0	0	0	1	0	0	0	0	0	0	0	0	0	0	0
	.5830	uc002hzt.3	protein_coding	0	0	0	3	1	0	0	0	1	0	0	0	0	0	0	0	0	0	0	1
	.5830	uc002hzu.3	protein_coding	0	0	0	2	1	0	0	0	1	0	0	0	0	0	0	0	0	0	0	0
	.5831	uc002hzy.3	protein_coding	0	1	1	2	0	0	1	1	0	1	0	0	0	0	0	0	0	0	1	0
	.5831	uc010wgm.2		0	0	0	6	0	0	0	0	3	0	0	0	0	0	0	0	0	0	0	3
	.5832	uc002iae.4	protein_coding	0	0	0	5	0	0	0	4	1	0	0	0	0	0	0	0	0	0	0	0
	.5833	uc010wgo.2		0	0	0	8	0	0	0	4	1	0	0	0	0	0	0	0	0	0	0	3
	.5833	uc010wgp.2		0	0	0	8	0	0	0	4	1	0	0	0	0	0	0	0	0	0	0	3
	.5834	uc002iat.2		0	0	0	6	0	0	0	4	1	0	0	0	0	0	0	0	0	0	0	1
	.5834	uc002iav.3		0	0	0	6	0	0	0	4	2	0	0	0	0	0	0	0	0	0	0	0
	.5835	uc010wgs.2		0	0	0	9	0	0	0	2	6	0	1	0	0	0	0	0	0	0	0	0
	.5836	uc010cyr.1	protein_coding	0	0	0	1	0	0	0	1	0	0	0	0	0	0	0	0	0	0	0	0
	.5838	uc002ibe.4		0	0	0	2	0	0	0	0	2	0	0	0	0	0	0	0	0	0	0	0
	.5838	uc002ibf.4		0	0	0	2	0	0	0	0	2	0	0	0	0	0	0	0	0	0	0	0
	.5839	uc021txv.1		0	0	0	2	0	0	0	0	0	0	0	0	0	0	0	0	0	0	0	2
	.5840	uc010whd.3		0	0	0	3	0	0	0	0	3	0	0	0	0	0	0	0	0	0	0	0
	.5842	uc002ibw.1	protein_coding	0	0	0	6	3	0	0	3	0	0	0	0	0	0	0	0	0	0	0	0
	.5842	uc002ibx.3	protein_coding	0	0	0	6	1	0	1	3	1	0	0	0	0	0	0	0	0	0	0	0
	.5843	uc002iby.2		0	0	0	7	0	0	0	5	2	0	0	0	0	0	0	0	0	0	0	0
	.5843	uc002ibz.2		0	0	0	7	0	0	0	5	2	0	0	0	0	0	0	0	0	0	0	0
	.5844	uc002idf.3		0	0	0	3	0	0	0	1	2	0	0	0	0	0	0	0	0	0	0	0
	.5844	uc002idg.3		0	0	0	3	0	0	0	0	3	0	0	0	0	0	0	0	0	0	0	0
	.5844	uc002idh.3		0	0	0	3	0	0	0	0	3	0	0	0	0	0	0	0	0	0	0	0
	.5844	uc002idi.1		0	0	0	1	0	0	0	1	0	0	0	0	0	0	0	0	0	0	0	0
	.5844	uc010czb.2		0	0	0	3	0	0	0	1	2	0	0	0	0	0	0	0	0	0	0	0
	.5845	uc010czc.3		0	0	0	1	0	0	0	0	1	0	0	0	0	0	0	0	0	0	0	0
	.5846	uc031ras.1		0	0	0	30	0	0	0	0	3	0	0	0	0	0	0	0	0	0	0	27
	.5847	uc010wia.1		0	0	0	30	0	0	0	0	0	0	20	0	0	0	0	0	0	0	0	10
	.5848	uc010czf.3		0	0	0	103	0	0	0	0	23	0	25	0	0	0	0	0	0	0	0	55
	.5848	uc010wib.1		0	0	0	103	0	0	0	0	23	0	25	0	0	0	0	0	0	0	0	55
	.5848	uc010wid.2		0	0	0	103	0	0	0	0	23	0	25	0	0	0	0	0	0	0	0	55
	.5848	uc010wie.2		0	0	0	103	0	0	0	0	23	0	25	0	0	0	0	0	0	0	0	55
	.5849	uc021txz.1		0	0	0	1	0	0	0	0	0	0	1	0	0	0	0	0	0	0	0	0
	.5850	uc021tya.1		0	0	0	10	0	0	0	0	3	0	4	0	0	0	0	0	0	0	0	3
	.5851	uc002iej.3		0	0	0	8	0	0	0	0	8	0	0	0	0	0	0	0	0	0	0	0
	.5851	uc010czj.2	protein_coding	0	0	0	5	1	0	0	2	2	0	0	0	0	0	0	0	0	0	0	0
	.5852	uc010wir.1		0	0	0	9	0	0	0	3	0	0	0	0	0	0	0	0	0	0	0	6
	.5853	uc002iet.3	protein_coding	0	0	0	6	1	0	0	2	3	0	0	0	0	0	0	0	0	0	0	0
	.5854	uc002iew.1		0	0	0	2	0	0	0	1	1	0	0	0	0	0	0	0	0	0	0	0
	.5855	uc002ifa.1	protein_coding	0	0	0	3	0	0	0	3	0	0	0	0	0	0	0	0	0	0	0	0
	.5856	uc002ifk.1		0	0	0	4	0	0	0	0	1	0	3	0	0	0	0	0	0	0	0	0
	.5857	uc002ifm.1		0	1	0	7	0	0	0	1	3	0	3	0	0	1	0	0	0	0	0	1
	.5857	uc002ifn.4		0	0	0	14	0	0	0	2	1	0	4	0	0	0	0	0	0	0	0	7
	.5857	uc021tyb.2		0	0	0	5	0	0	0	0	0	0	3	0	0	0	0	0	0	0	0	2
	.5857	uc031rat.1		1	0	0	13	0	0	0	2	5	0	0	1	0	0	0	0	0	0	0	7
	.5858	uc002ify.3		0	0	0	9	0	0	0	2	0	0	3	0	0	0	0	0	0	0	0	4
	.5859	uc002igh.3		0	0	0	1	0	0	0	0	0	0	0	0	0	0	0	0	0	0	0	1
	.5861	uc021tyd.1		0	0	0	2	0	0	0	2	0	0	0	0	0	0	0	0	0	0	0	0
	.5862	uc010wja.1		0	0	0	1	0	0	0	0	1	0	0	0	0	0	0	0	0	0	0	0
	.5862	uc021tye.1		0	0	0	1	0	0	0	1	0	0	0	0	0	0	0	0	0	0	0	0
	.5863	uc010wjb.1		0	1	0	2	0	0	0	0	2	0	1	0	0	1	0	0	0	0	0	0
	.5864	uc002ihi.3	protein_coding	0	0	4	13	2	0	0	0	3	4	0	0	0	0	0	0	0	0	0	8
	.5865	uc021tyg.1	protein_coding	0	0	0	3	0	0	0	1	0	0	0	0	0	0	0	0	0	0	0	2
	.5866	uc010wjg.2		0	0	0	4	0	0	0	0	3	0	1	0	0	0	0	0	0	0	0	0
	.5867	uc010dac.1		0	0	0	4	0	0	0	0	3	0	1	0	0	0	0	0	0	0	0	0
	.5870	uc002iio.3	protein_coding	0	0	0	8	0	0	0	3	3	0	0	0	0	0	0	0	0	0	0	2
	.5870	uc002iip.1	protein_coding	0	0	0	6	0	0	0	1	0	0	0	0	0	0	0	0	0	0	0	5
	.5871	uc010dag.3		0	0	0	9	0	0	0	2	2	0	1	0	0	0	0	0	0	0	0	4
	.5872	uc002iit.4		0	0	0	4	0	0	0	1	3	0	0	0	0	0	0	0	0	0	0	0
	.5872	uc010dah.3		0	0	0	13	0	0	0	1	8	0	0	0	0	0	0	0	0	0	0	4
	.5872	uc010dai.3		0	0	0	4	0	0	0	1	3	0	0	0	0	0	0	0	0	0	0	0
	.5872	uc010daj.1		0	0	0	7	0	0	0	0	3	0	2	0	0	0	0	0	0	0	0	2
	.5873	uc002iiy.1		0	0	0	1	0	0	0	1	0	0	0	0	0	0	0	0	0	0	0	0
	.5874	uc002ijb.4		0	0	0	6	0	0	0	1	4	0	1	0	0	0	0	0	0	0	0	0
	.5874	uc021tyl.1		0	0	0	2	0	0	0	2	0	0	0	0	0	0	0	0	0	0	0	0
	.5874	uc021tym.1		0	0	0	2	0	0	0	1	0	0	0	0	0	0	0	0	0	0	0	1
	.5875	uc002ije.3		0	0	0	3	0	0	0	0	0	0	0	0	0	0	0	0	0	0	0	3
	.5875	uc010wjr.1		0	0	0	4	0	0	0	0	0	0	0	0	0	0	0	0	0	0	0	4
	.5875	uc010wju.2		0	0	0	4	0	0	0	0	0	0	3	0	0	0	0	0	0	0	0	1
	.5875	uc021tyo.1		0	0	0	3	0	0	0	0	0	0	0	0	0	0	0	0	0	0	0	3
	.5875	uc021typ.1		0	0	0	4	0	0	0	2	0	0	0	0	0	0	0	0	0	0	0	2
	.5875	uc021tyq.2	protein_coding	0	0	0	10	0	0	0	0	8	0	0	0	0	0	0	0	0	0	0	2
	.5875	uc021tyr.1		0	0	0	2	0	0	0	2	0	0	0	0	0	0	0	0	0	0	0	0
	.5875	uc031rbc.1		0	0	0	10	0	0	0	0	8	0	0	0	0	0	0	0	0	0	0	2
	.5875	uc031rbd.1		0	0	0	10	0	0	0	0	8	0	0	0	0	0	0	0	0	0	0	2
	.5875	uc031rbf.1	protein_coding	0	0	0	10	0	0	0	2	6	0	0	0	0	0	0	0	0	0	0	2
	.5875	uc031rbg.1	protein_coding	0	0	0	10	0	0	0	2	6	0	0	0	0	0	0	0	0	0	0	2
	.5875	uc031rbh.1	protein_coding	0	0	0	10	0	0	0	2	6	0	0	0	0	0	0	0	0	0	0	2
	.5875	uc031rbk.1	protein_coding	0	0	1	9	0	0	0	2	5	1	0	0	0	0	0	0	0	0	0	2
	.5875	uc031rbm.1	protein_coding	0	0	0	10	0	0	0	2	6	0	0	0	0	0	0	0	0	0	0	2
	.5875	uc031rbn.1	protein_coding	0	0	0	10	0	0	0	2	6	0	0	0	0	0	0	0	0	0	0	2
	.5875	uc031rbo.1	protein_coding	0	0	0	10	0	0	0	2	6	0	0	0	0	0	0	0	0	0	0	2
	.5875	uc031rbp.1	protein_coding	0	0	0	10	0	0	0	4	4	0	0	0	0	0	0	0	0	0	0	2
	.5876	uc031rbq.1		0	0	0	4	0	0	0	2	0	0	0	0	0	0	0	0	0	0	0	2
	.5876	uc031rbr.1		0	0	0	4	0	0	0	2	0	0	0	0	0	0	0	0	0	0	0	2
	.5877	uc010wjw.1	protein_coding	0	0	0	5	4	0	0	1	0	0	0	0	0	0	0	0	0	0	0	0
	.5878	uc002ijj.4		0	0	0	2	0	0	0	1	1	0	0	0	0	0	0	0	0	0	0	0
	.5878	uc010dan.3		0	0	0	2	0	0	0	1	1	0	0	0	0	0	0	0	0	0	0	0
	.5879	uc002ijk.4		0	0	0	1	0	0	0	0	0	0	1	0	0	0	0	0	0	0	0	0
	.5879	uc010wjy.2		0	0	0	1	0	0	0	0	1	0	0	0	0	0	0	0	0	0	0	0
	.5879	uc021tyt.1		0	0	0	1	0	0	0	0	0	0	1	0	0	0	0	0	0	0	0	0
	.5880	uc010wjz.2		0	0	0	4	0	0	0	0	4	0	0	0	0	0	0	0	0	0	0	0
	.5882	uc002ike.3		0	0	0	1	0	0	0	0	0	0	0	0	0	0	0	0	0	0	0	1
	.5883	uc002ikf.3		0	0	0	9	0	0	0	1	8	0	0	0	0	0	0	0	0	0	0	0
	.5885	uc021tza.1		0	0	0	3	0	0	0	0	0	0	0	0	0	0	0	0	0	0	0	3
	.5885	uc031rcz.1		0	0	0	5	0	0	0	1	4	0	0	0	0	0	0	0	0	0	0	0
	.5886	uc010wkl.2		0	0	0	1	0	0	0	0	0	0	1	0	0	0	0	0	0	0	0	0
	.5886	uc021tzb.1		0	0	0	2	0	0	0	1	1	0	0	0	0	0	0	0	0	0	0	0
	.5887	uc010wkq.1		0	0	0	8	0	0	0	2	6	0	0	0	0	0	0	0	0	0	0	0
	.5888	uc010wkr.1		0	1	0	14	0	0	0	4	9	0	2	0	0	1	0	0	0	0	0	0
	.5889	uc002ilp.2		0	0	0	9	0	0	0	2	1	0	5	0	0	0	0	0	0	0	0	1
	.5889	uc002ilq.3		0	0	0	7	0	0	0	0	1	0	5	0	0	0	0	0	0	0	0	1
	.5890	uc010dba.1	protein_coding	0	0	0	7	0	0	0	4	2	0	0	0	0	0	0	0	0	0	0	1
	.5891	uc002imi.3		0	0	0	1	0	0	0	0	0	0	0	0	0	0	0	0	0	0	0	1
	.5893	uc002imm.3		0	0	0	5	0	0	0	0	5	0	0	0	0	0	0	0	0	0	0	0
	.5894	uc010wld.1		0	0	0	4	0	0	0	2	0	0	0	0	0	0	0	0	0	0	0	2
	.5896	uc031rdb.1		0	0	0	3	0	0	0	0	2	0	0	0	0	0	0	0	0	0	0	1
	.5897	uc002inq.3		0	0	0	3	0	0	0	3	0	0	0	0	0	0	0	0	0	0	0	0
	.5898	uc021tzh.1		0	0	0	10	0	0	0	4	6	0	0	0	0	0	0	0	0	0	0	0
	.5898	uc021tzi.1		0	0	0	7	0	0	0	2	4	0	0	0	0	0	0	0	0	0	0	1
	.5898	uc021tzj.1		0	0	0	10	0	0	0	4	5	0	0	0	0	0	0	0	0	0	0	1
	.5899	uc010wln.1		0	0	0	1	0	0	0	1	0	0	0	0	0	0	0	0	0	0	0	0
	.5900	uc021tzl.1		0	0	0	5	0	0	0	2	0	0	0	0	0	0	0	0	0	0	0	3
	.5901	uc010dbi.3		0	0	0	3	0	0	0	0	3	0	0	0	0	0	0	0	0	0	0	0
	.5903	uc002iot.2		0	0	0	1	0	0	0	0	0	0	1	0	0	0	0	0	0	0	0	0
	.5904	uc002iou.4		0	0	0	3	0	0	0	0	3	0	0	0	0	0	0	0	0	0	0	0
	.5906	uc010wlx.1		0	0	0	2	0	0	0	1	1	0	0	0	0	0	0	0	0	0	0	0
	.5907	uc002ipt.3		0	0	0	2	0	0	0	2	0	0	0	0	0	0	0	0	0	0	0	0
	.5907	uc002ipu.3		0	0	0	2	0	0	0	2	0	0	0	0	0	0	0	0	0	0	0	0
	.5909	uc002iqk.3	protein_coding	0	1	1	11	2	0	0	5	1	1	0	0	0	0	0	0	0	0	1	3
	.5909	uc010dbn.1		0	0	0	8	0	0	0	1	0	0	2	0	0	0	0	0	0	0	0	5
	.5909	uc010wmi.2		0	0	0	10	0	0	0	1	8	0	1	0	0	0	0	0	0	0	0	0
	.5910	uc021tzy.1		0	0	0	11	0	0	0	8	0	0	0	0	0	0	0	0	0	0	0	3
	.5910	uc031rdc.1		0	1	0	31	0	0	0	3	23	0	4	0	0	1	0	0	0	0	0	2
	.5910	uc031rdd.1		0	0	0	14	0	0	0	7	0	0	0	0	0	0	0	0	0	0	0	7
	.5911	uc010dbo.3		0	0	0	7	0	0	0	0	3	0	4	0	0	0	0	0	0	0	0	0
	.5912	uc010dbq.2		0	0	0	8	0	0	0	4	0	0	2	0	0	0	0	0	0	0	0	2
	.5913	uc010wmk.1		0	0	0	6	0	0	0	2	0	0	0	0	0	0	0	0	0	0	0	4
	.5914	uc010dbt.1	protein_coding	0	0	0	7	0	0	0	1	1	0	0	0	0	0	0	0	0	0	0	5
	.5915	uc010wmq.1		0	0	0	5	0	0	0	0	5	0	0	0	0	0	0	0	0	0	0	0
	.5916	uc002iqz.3		0	0	0	14	0	0	0	0	8	0	6	0	0	0	0	0	0	0	0	0
	.5917	uc010wmt.2		0	0	0	11	0	0	0	2	3	0	0	0	0	0	0	0	0	0	0	6
	.5918	uc002irg.3		0	3	0	16	0	0	0	0	12	0	7	0	0	3	0	0	0	0	0	0
	.5919	uc002irh.3		0	0	0	10	0	0	0	10	0	0	0	0	0	0	0	0	0	0	0	0
	.5920	uc002ism.3	protein_coding	0	0	0	3	0	0	0	2	0	0	0	0	0	0	0	0	0	0	0	1
	.5921	uc002isn.3	protein_coding	0	1	1	4	0	0	0	0	2	1	0	0	0	0	0	0	0	0	1	2
	.5922	uc021uaa.1		0	0	0	1	0	0	0	1	0	0	0	0	0	0	0	0	0	0	0	0
	.5923	uc002isp.2		0	0	0	3	0	0	0	1	2	0	0	0	0	0	0	0	0	0	0	0
	.5924	uc002ist.1		0	0	0	2	0	0	0	0	0	0	1	0	0	0	0	0	0	0	0	1
	.5925	uc031rdf.1	protein_coding	0	0	0	4	0	0	0	0	4	0	0	0	0	0	0	0	0	0	0	0
	.5926	uc002isy.4	protein_coding	0	0	0	1	0	0	0	0	0	0	0	0	0	0	0	0	0	0	0	1
	.5928	uc010wna.1		0	0	0	8	0	0	0	0	0	0	7	0	0	0	0	0	0	0	0	1
	.5931	uc010dcb.1		0	0	0	1	0	0	0	0	1	0	0	0	0	0	0	0	0	0	0	0
	.5937	uc010dcl.3		0	0	0	9	0	0	0	0	9	0	0	0	0	0	0	0	0	0	0	0
	.5938	uc002iuw.3		0	0	0	1	0	0	0	0	0	0	1	0	0	0	0	0	0	0	0	0
	.5939	uc002iuy.3		0	0	0	8	0	0	0	1	4	0	3	0	0	0	0	0	0	0	0	0
	.5943	uc002ivn.3		0	0	0	7	0	0	0	0	0	0	3	0	0	0	0	0	0	0	0	4
	.5944	uc002ivv.3	protein_coding	0	1	0	2	0	0	0	0	0	0	0	0	0	0	0	0	0	0	1	2
	.5944	uc002ivw.4	protein_coding	0	0	0	3	0	0	0	0	1	0	0	0	0	0	0	0	0	0	0	2
	.5945	uc002ivz.3		0	0	0	8	0	0	0	7	1	0	0	0	0	0	0	0	0	0	0	0
	.5945	uc002iwa.3		0	0	0	8	0	0	0	7	1	0	0	0	0	0	0	0	0	0	0	0
	.5945	uc002iwb.3		0	0	0	8	0	0	0	7	1	0	0	0	0	0	0	0	0	0	0	0
	.5945	uc002iwc.3		0	0	0	8	0	0	0	7	1	0	0	0	0	0	0	0	0	0	0	0
	.5945	uc010dct.2		0	0	0	9	0	0	0	7	1	0	0	0	0	0	0	0	0	0	0	1
	.5945	uc010dcu.2		0	0	0	9	0	0	0	7	1	0	0	0	0	0	0	0	0	0	0	1
	.5945	uc010dcv.2		0	0	0	8	0	0	0	7	1	0	0	0	0	0	0	0	0	0	0	0
	.5945	uc010wnu.1		0	0	0	1	0	0	0	1	0	0	0	0	0	0	0	0	0	0	0	0
	.5945	uc021uan.1		0	0	0	12	0	0	0	7	2	0	0	0	0	0	0	0	0	0	0	3
	.5945	uc021uao.1		0	0	0	9	0	0	0	7	1	0	0	0	0	0	0	0	0	0	0	1
	.5945	uc031rdg.1		0	0	0	1	0	0	0	0	0	0	0	0	0	0	0	0	0	0	0	1
	.5945	uc031rdh.1		0	0	0	7	0	0	0	0	1	0	0	0	0	0	0	0	0	0	0	6
	.5946	uc002iww.3		0	0	0	3	0	0	0	0	3	0	0	0	0	0	0	0	0	0	0	0
	.5946	uc010wob.1		0	0	0	1	0	0	0	0	1	0	0	0	0	0	0	0	0	0	0	0
	.5948	uc021uar.1		0	1	0	6	0	0	0	0	7	0	0	0	0	1	0	0	0	0	0	0
	.5951	uc002ixs.3		0	0	0	1	0	0	0	0	0	0	0	0	0	0	0	0	0	0	0	1
	.5954	uc002iyb.3		0	0	0	3	0	0	0	0	2	0	1	0	0	0	0	0	0	0	0	0
	.5954	uc002iyc.4		0	0	0	3	0	0	0	0	2	0	1	0	0	0	0	0	0	0	0	0
	.5955	uc002iye.1		0	0	0	2	0	0	0	1	0	0	0	0	0	0	0	0	0	0	0	1
	.5956	uc010woq.2		0	0	0	23	0	0	0	14	0	0	1	0	0	0	0	0	0	0	0	8
	.5957	uc010wor.1		0	0	0	24	0	0	0	10	0	0	0	0	0	0	0	0	0	0	0	14
	.5957	uc021uaw.1		0	0	0	24	0	0	0	14	0	0	0	0	0	0	0	0	0	0	0	10
	.5958	uc021uax.1		0	0	0	26	0	0	0	8	0	0	0	0	0	0	0	0	0	0	0	18
	.5959	uc021uay.1		0	0	0	24	0	0	0	5	0	0	0	0	0	0	0	0	0	0	0	19
	.5960	uc021uaz.1		0	0	0	21	0	0	0	5	0	0	0	0	0	0	0	0	0	0	0	16
	.5963	uc010wou.2		0	0	0	8	0	0	0	2	5	0	1	0	0	0	0	0	0	0	0	0
	.5965	uc002iyr.1		0	0	0	5	0	0	0	4	0	0	1	0	0	0	0	0	0	0	0	0
	.5966	uc010ddm.2		0	0	0	6	0	0	0	0	3	0	3	0	0	0	0	0	0	0	0	0
	.5968	uc002izb.4		0	0	0	6	0	0	0	0	6	0	0	0	0	0	0	0	0	0	0	0
	.5968	uc002izc.4		0	0	0	6	0	0	0	0	6	0	0	0	0	0	0	0	0	0	0	0
	.5971	uc010woz.2		0	2	0	48	0	0	0	3	22	0	23	0	0	2	0	0	0	0	0	2
	.5971	uc010wpa.1		0	0	0	45	0	0	0	36	0	0	0	0	0	0	0	0	0	0	0	9
	.5971	uc010wpb.2		0	0	0	45	0	0	0	9	0	0	0	0	0	0	0	0	0	0	0	36
	.5971	uc021ube.1		0	0	0	41	0	0	0	3	0	0	0	0	0	0	0	0	0	0	0	38
	.5971	uc021ubf.1		0	0	0	28	0	0	0	5	0	0	0	0	0	0	0	0	0	0	0	23
	.5971	uc021ubg.1		0	0	0	28	0	0	0	4	0	0	0	0	0	0	0	0	0	0	0	24
	.5971	uc021ubh.1		0	0	0	17	0	0	0	4	0	0	0	0	0	0	0	0	0	0	0	13
	.5973	uc010ddq.1		0	0	0	10	0	0	0	3	5	0	0	0	0	0	0	0	0	0	0	2
	.5974	uc002jaj.1		0	0	0	7	0	0	0	0	3	0	2	0	0	0	0	0	0	0	0	2
	.5974	uc002jak.3		0	0	0	7	0	0	0	0	4	0	1	0	0	0	0	0	0	0	0	2
	.5977	uc002jam.1	protein_coding	0	0	0	3	0	0	0	1	2	0	0	0	0	0	0	0	0	0	0	0
	.5977	uc002jan.1	protein_coding	0	0	0	1	1	0	0	0	0	0	0	0	0	0	0	0	0	0	0	0
	.5978	uc002jaw.2		0	2	0	39	0	0	0	4	18	0	16	0	0	2	0	0	0	0	0	3
	.5978	uc010ddu.2	protein_coding	0	1	0	7	0	0	0	3	4	0	0	0	0	0	0	0	0	0	1	0
	.5979	uc002jbb.4		0	0	0	1	0	0	0	0	1	0	0	0	0	0	0	0	0	0	0	0
	.5979	uc021ubl.1		0	0	0	1	0	0	0	1	0	0	0	0	0	0	0	0	0	0	0	0
	.5979	uc021ubm.2	protein_coding	0	0	0	1	1	0	0	0	0	0	0	0	0	0	0	0	0	0	0	0
	.5980	uc031rdk.1		0	0	0	4	0	0	0	2	0	0	0	0	0	0	0	0	0	0	0	2
	.5981	uc031rdl.1		0	1	0	5	0	0	0	0	0	0	5	0	0	1	0	0	0	0	0	1
	.5982	uc031rdm.1	protein_coding	0	0	0	8	2	0	2	1	3	0	0	0	0	0	0	0	0	0	0	0
	.5983	uc002jdy.1		0	0	0	5	0	0	0	0	0	0	0	0	0	0	0	0	0	0	0	5
	.5984	uc010dee.1		0	0	0	1	0	0	0	1	0	0	0	0	0	0	0	0	0	0	0	0
	.5985	uc002jeb.3		0	0	0	1	0	0	0	1	0	0	0	0	0	0	0	0	0	0	0	0
	.5986	uc002jef.2		0	0	0	3	0	0	0	0	1	0	2	0	0	0	0	0	0	0	0	0
	.5987	uc021ubp.1	protein_coding	0	0	0	1	0	0	0	0	1	0	0	0	0	0	0	0	0	0	0	0
	.5988	uc021ubr.2		0	0	0	9	0	0	0	4	0	0	0	0	0	0	0	0	0	0	0	5
	.5989	uc021ubs.1		0	0	0	10	0	0	0	4	0	0	0	0	0	0	0	0	0	0	0	6
	.5990	uc002jen.3		0	0	0	9	0	0	0	0	0	0	0	0	0	0	0	0	0	0	0	9
	.5991	uc002jet.1		0	0	0	9	0	0	0	1	4	0	2	0	0	0	0	0	0	0	0	2
	.5991	uc002jeu.3	protein_coding	0	0	0	3	1	0	0	0	1	0	0	0	0	0	0	0	0	0	0	1
	.5991	uc002jev.3		0	0	0	19	0	0	0	0	12	0	7	0	0	0	0	0	0	0	0	0
	.5991	uc010wqc.2		0	0	0	13	0	0	0	1	8	0	2	0	0	0	0	0	0	0	0	2
	.5991	uc010wqd.1	protein_coding	0	0	0	9	2	0	0	1	4	0	0	0	0	0	0	0	0	0	0	2
	.5991	uc010wqe.2		0	0	0	15	0	0	0	1	10	0	4	0	0	0	0	0	0	0	0	0
	.5991	uc021ubu.1		0	0	0	5	0	0	0	2	0	0	0	0	0	0	0	0	0	0	0	3
	.5992	uc021ubv.1		0	0	0	5	0	0	0	2	0	0	0	0	0	0	0	0	0	0	0	3
	.5993	uc002jez.3		0	0	0	5	0	0	0	0	0	0	3	0	0	0	0	0	0	0	0	2
	.5993	uc002jfa.3		0	0	0	5	0	0	0	0	0	0	5	0	0	0	0	0	0	0	0	0
	.5993	uc002jfb.3		0	0	0	5	0	0	0	0	0	0	5	0	0	0	0	0	0	0	0	0
	.5993	uc010del.2		0	0	0	5	0	0	0	0	5	0	0	0	0	0	0	0	0	0	0	0
	.5994	uc002jfq.1		0	0	0	1	0	0	0	0	1	0	0	0	0	0	0	0	0	0	0	0
	.5995	uc021ubx.1		0	0	0	8	0	0	0	5	0	0	0	0	0	0	0	0	0	0	0	3
	.5996	uc021uby.1		0	0	0	3	0	0	0	2	0	0	0	0	0	0	0	0	0	0	0	1
	.5998	uc002jfv.4		0	1	0	23	0	0	0	1	16	0	7	0	0	1	0	0	0	0	0	0
	.5998	uc010der.3	protein_coding	0	1	1	2	1	0	0	0	0	1	0	0	0	0	0	0	0	0	1	1
	.5999	uc010dev.3		0	0	0	7	0	0	0	3	0	0	1	0	0	0	0	0	0	0	0	3
	.6001	uc002jgq.3		0	0	0	17	0	0	0	1	3	0	13	0	0	0	0	0	0	0	0	0
	.6002	uc010wqn.2	protein_coding	0	0	0	7	1	0	0	0	0	0	0	0	0	0	0	0	0	0	0	6
	.6004	uc010dex.1		0	0	0	2	0	0	0	1	1	0	0	0	0	0	0	0	0	0	0	0
	.6005	uc021ucf.1		0	0	0	2	0	0	0	0	0	0	0	0	0	0	0	0	0	0	0	2
	.6006	uc021ucg.1		0	0	0	1	0	0	0	0	0	0	0	0	0	0	0	0	0	0	0	1
	.6006	uc031reg.1		0	0	0	1	0	0	0	1	0	0	0	0	0	0	0	0	0	0	0	0
	.6007	uc002jhz.3		0	0	0	5	0	0	0	0	0	0	2	0	0	0	0	0	0	0	0	3
	.6007	uc010dfd.1		0	0	0	5	0	0	0	5	0	0	0	0	0	0	0	0	0	0	0	0
	.6007	uc010wqt.1		0	2	0	28	0	0	0	0	23	0	7	0	0	2	0	0	0	0	0	0
	.6008	uc002jie.2		0	0	0	14	0	0	0	0	10	0	3	0	0	0	0	0	0	0	0	1
	.6013	uc002jit.1		0	0	0	3	0	0	0	0	0	0	3	0	0	0	0	0	0	0	0	0
	.6014	uc002jiv.3		0	0	0	4	0	0	0	0	0	0	0	0	0	0	0	0	0	0	0	4
	.6016	uc002jiz.2		0	0	0	4	0	0	0	0	4	0	0	0	0	0	0	0	0	0	0	0
	.6017	uc021ucl.1		0	0	0	2	0	0	0	0	2	0	0	0	0	0	0	0	0	0	0	0
	.6018	uc002jjv.1		0	0	0	9	0	0	0	8	0	0	0	0	0	0	0	0	0	0	0	1
	.6019	uc021uco.1		0	0	0	2	0	0	0	2	0	0	0	0	0	0	0	0	0	0	0	0
	.6020	uc002jjy.1	protein_coding	0	0	0	1	0	0	0	0	0	0	0	0	0	0	0	0	0	0	0	1
	.6021	uc002jkb.3		0	0	0	1	0	0	0	0	0	0	0	0	0	0	0	0	0	0	0	1
	.6022	uc002jke.3		0	0	0	1	0	0	0	1	0	0	0	0	0	0	0	0	0	0	0	0
	.6023	uc002jkh.1	protein_coding	0	0	0	9	2	0	2	1	0	0	0	0	0	0	0	0	0	0	0	4
	.6023	uc002jki.3		0	0	0	9	0	0	0	0	5	0	3	0	0	0	0	0	0	0	0	1
	.6023	uc010dfp.3		0	0	0	11	0	0	0	0	9	0	2	0	0	0	0	0	0	0	0	0
	.6025	uc002jku.3	protein_coding	0	1	0	3	0	0	0	0	3	0	0	0	0	0	0	0	0	0	1	0
	.6026	uc031rej.1		0	0	0	16	0	0	0	0	8	0	5	0	0	0	0	0	0	0	0	3
	.6027	uc010dfw.3		0	0	0	3	0	0	0	0	1	0	2	0	0	0	0	0	0	0	0	0
	.6028	uc002jln.1		0	0	0	1	0	0	0	1	0	0	0	0	0	0	0	0	0	0	0	0
	.6029	uc010wrh.1		0	0	0	4	0	0	0	1	0	0	3	0	0	0	0	0	0	0	0	0
	.6030	uc002jmb.3		0	0	0	2	0	0	0	0	2	0	0	0	0	0	0	0	0	0	0	0
	.6031	uc002jmf.1	protein_coding	0	1	0	3	1	0	0	2	1	0	0	0	0	1	0	0	0	0	0	0
	.6032	uc002jmq.3		0	0	0	7	0	0	0	0	3	0	3	0	0	0	0	0	0	0	0	1
	.6032	uc010dfy.1		0	0	0	3	0	0	0	2	1	0	0	0	0	0	0	0	0	0	0	0
	.6032	uc010dfz.3		0	0	0	7	0	0	0	0	4	0	3	0	0	0	0	0	0	0	0	0
	.6032	uc021ucv.1		0	0	0	1	0	0	0	1	0	0	0	0	0	0	0	0	0	0	0	0
	.6033	uc002jmy.3		0	0	0	3	0	0	0	2	1	0	0	0	0	0	0	0	0	0	0	0
	.6033	uc010dga.1		0	0	0	5	0	0	0	1	0	0	2	0	0	0	0	0	0	0	0	2
	.6034	uc021ucz.1		0	0	0	1	0	0	0	1	0	0	0	0	0	0	0	0	0	0	0	0
	.6035	uc002jok.3		0	0	0	21	0	0	0	12	0	0	0	0	0	0	0	0	0	0	0	9
	.6036	uc002jom.1		0	0	0	27	0	0	0	10	11	0	6	0	0	0	0	0	0	0	0	0
	.6036	uc002joo.1		0	1	0	29	0	0	0	4	17	0	9	0	0	1	0	0	0	0	0	0
	.6036	uc002joq.4	protein_coding	0	1	0	4	1	1	1	2	0	0	0	0	0	0	0	0	0	0	0	0
	.6036	uc002jor.1	protein_coding	0	5	1	24	0	2	6	8	10	1	0	0	0	1	0	0	0	0	2	1
	.6036	uc010dgh.3		0	0	0	47	0	0	0	13	20	0	14	0	0	0	0	0	0	0	0	0
	.6036	uc010dgi.1		0	1	0	19	0	0	0	3	8	0	8	0	0	1	0	0	0	0	0	1
	.6036	uc010dgj.1	protein_coding	0	1	1	12	0	0	0	4	1	1	0	0	0	0	0	0	0	0	1	7
	.6036	uc010wse.2		0	1	0	46	0	0	0	13	20	0	14	0	0	1	0	0	0	0	0	0
	.6037	uc010wsf.1		0	1	0	10	0	0	0	0	10	0	0	0	0	1	0	0	0	0	0	1
	.6037	uc021udb.1		0	1	0	10	0	0	0	0	10	0	0	0	0	1	0	0	0	0	0	1
	.6038	uc010wsh.1	protein_coding	0	1	0	12	1	0	0	6	2	0	0	0	0	0	0	0	0	0	1	3
	.6039	uc021udc.1		0	0	0	1	0	0	0	0	0	0	1	0	0	0	0	0	0	0	0	0
	.6040	uc002jpn.4		0	0	0	1	0	0	0	0	0	0	0	0	0	0	0	0	0	0	0	1
	.6040	uc002jpo.4		0	0	0	1	0	0	0	0	0	0	0	0	0	0	0	0	0	0	0	1
	.6041	uc021ude.1		0	0	0	11	0	0	0	7	0	0	0	0	0	0	0	0	0	0	0	4
	.6042	uc002jpz.1		0	0	0	8	0	0	0	0	2	0	2	0	0	0	0	0	0	0	0	4
	.6042	uc002jqa.1		0	0	0	19	0	0	0	0	14	0	5	0	0	0	0	0	0	0	0	0
	.6042	uc002jqb.3		0	0	0	13	0	0	0	1	6	0	0	0	0	0	0	0	0	0	0	6
	.6043	uc002jqo.2		0	0	0	4	0	0	0	2	1	0	0	0	0	0	0	0	0	0	0	1
	.6043	uc002jqp.2	protein_coding	0	2	0	7	0	0	0	2	2	0	0	0	0	2	0	0	0	0	0	5
	.6043	uc010dgu.2		0	0	0	4	0	0	0	2	1	0	0	0	0	0	0	0	0	0	0	1
	.6044	uc002jqy.2		0	0	0	3	0	0	0	0	1	0	2	0	0	0	0	0	0	0	0	0
	.6045	uc002jrb.1		0	0	0	3	0	0	0	0	0	0	0	0	0	0	0	0	0	0	0	3
	.6047	uc010wte.2		0	0	0	3	0	0	0	2	0	0	1	0	0	0	0	0	0	0	0	0
	.6049	uc002jrw.1	protein_coding	0	1	0	8	0	0	0	1	6	0	0	0	0	0	0	0	0	0	1	1
	.6049	uc002jrz.1		0	0	0	4	0	0	0	0	2	0	0	0	0	0	0	0	0	0	0	2
	.6050	uc002jsa.2		0	0	0	10	0	0	0	2	6	0	2	0	0	0	0	0	0	0	0	0
	.6050	uc002jsb.2		0	0	0	10	0	0	0	2	6	0	2	0	0	0	0	0	0	0	0	0
	.6050	uc002jsd.2		0	0	0	10	0	0	0	2	6	0	2	0	0	0	0	0	0	0	0	0
	.6050	uc002jse.2		0	0	0	8	0	0	0	3	0	0	1	0	0	0	0	0	0	0	0	4
	.6050	uc010dgx.1		0	0	0	8	0	0	0	8	0	0	0	0	0	0	0	0	0	0	0	0
	.6050	uc010dgy.1		0	0	0	8	0	0	0	6	0	0	2	0	0	0	0	0	0	0	0	0
	.6050	uc021udi.1		0	0	0	10	0	0	0	2	6	0	2	0	0	0	0	0	0	0	0	0
	.6050	uc021udj.1		0	0	0	10	0	0	0	2	6	0	2	0	0	0	0	0	0	0	0	0
	.6051	uc002jsj.3		0	0	0	4	0	0	0	0	2	0	2	0	0	0	0	0	0	0	0	0
	.6052	uc002jsu.3		0	0	0	7	0	0	0	6	1	0	0	0	0	0	0	0	0	0	0	0
	.6053	uc002jsw.2		0	0	0	7	0	0	0	1	1	0	1	0	0	0	0	0	0	0	0	4
	.6053	uc002jsz.1		0	0	0	7	0	0	0	1	2	0	2	0	0	0	0	0	0	0	0	2
	.6053	uc021udo.1		0	0	0	7	0	0	0	3	0	0	0	0	0	0	0	0	0	0	0	4
	.6054	uc002jtf.3	protein_coding	0	1	0	0	0	0	0	0	0	0	0	0	0	0	0	0	0	0	1	0
	.6055	uc002jtj.3	protein_coding	0	1	0	12	8	0	0	1	3	0	0	0	0	0	0	0	0	0	1	0
	.6056	uc002jtl.3		0	0	0	2	0	0	0	0	0	0	1	0	0	0	0	0	0	0	0	1
	.6056	uc021udp.1		0	0	0	2	0	0	0	0	1	0	1	0	0	0	0	0	0	0	0	0
	.6056	uc021udq.1		0	0	0	2	0	0	0	0	1	0	1	0	0	0	0	0	0	0	0	0
	.6056	uc021udr.1		0	0	0	2	0	0	0	0	1	0	1	0	0	0	0	0	0	0	0	0
	.6056	uc021uds.1		0	0	0	2	0	0	0	0	1	0	1	0	0	0	0	0	0	0	0	0
	.6056	uc021udt.1		0	0	0	2	0	0	0	0	1	0	1	0	0	0	0	0	0	0	0	0
	.6056	uc021udu.1		0	0	0	2	0	0	0	0	1	0	1	0	0	0	0	0	0	0	0	0
	.6057	uc010wtj.1	protein_coding	0	0	0	6	1	0	0	2	3	0	0	0	0	0	0	0	0	0	0	0
	.6060	uc021udz.1		0	0	0	1	0	0	0	1	0	0	0	0	0	0	0	0	0	0	0	0
	.6061	uc002jub.3	protein_coding	0	0	0	1	0	0	0	1	0	0	0	0	0	0	0	0	0	0	0	0
	.6063	uc002juc.2		0	0	0	2	0	0	0	1	1	0	0	0	0	0	0	0	0	0	0	0
	.6064	uc002juh.3		0	0	0	5	0	0	0	1	0	0	2	0	0	0	0	0	0	0	0	2
	.6064	uc010dhe.2		0	0	0	5	0	0	0	1	0	0	2	0	0	0	0	0	0	0	0	2
	.6065	uc010dhh.1	protein_coding	0	0	0	6	0	0	0	4	0	0	0	0	0	0	0	0	0	0	0	2
	.6066	uc002jur.1	protein_coding	0	1	1	6	0	0	0	1	0	1	0	0	0	0	0	0	0	0	1	5
	.6066	uc010wtr.1	protein_coding	0	1	1	6	0	0	0	3	1	1	0	0	0	0	0	0	0	0	1	2
	.6067	uc021ueb.1		0	1	0	6	0	0	0	4	0	0	1	0	0	1	0	0	0	0	0	2
	.6068	uc002juy.3		0	0	0	5	0	0	0	2	0	0	0	0	0	0	0	0	0	0	0	3
	.6069	uc002jvi.3		0	0	0	1	0	0	0	0	0	0	1	0	0	0	0	0	0	0	0	0
	.6069	uc010dhk.1		0	0	0	1	0	0	0	1	0	0	0	0	0	0	0	0	0	0	0	0
	.6069	uc010dhl.1	protein_coding	0	0	0	1	0	0	0	1	0	0	0	0	0	0	0	0	0	0	0	0
	.6069	uc021uec.1		0	0	0	1	0	0	0	1	0	0	0	0	0	0	0	0	0	0	0	0
	.6070	uc031ren.1		0	0	0	2	0	0	0	0	0	0	1	0	0	0	0	0	0	0	0	1
	.6071	uc002jvo.3		0	0	0	31	0	0	0	6	19	0	3	0	0	0	0	0	0	0	0	3
	.6071	uc002jvs.3		0	0	0	36	0	0	0	0	17	0	6	0	0	0	0	0	0	0	0	13
	.6071	uc010dho.3		0	0	0	31	0	0	0	6	19	0	4	0	0	0	0	0	0	0	0	2
	.6071	uc010wtt.2		0	2	0	31	0	0	0	6	24	0	3	0	0	2	0	0	0	0	0	0
	.6072	uc031reo.1		0	0	0	43	0	0	0	2	22	0	13	0	0	0	0	0	0	0	0	6
	.6073	uc021uef.1		0	0	0	9	0	0	0	9	0	0	0	0	0	0	0	0	0	0	0	0
	.6074	uc010wtv.2		0	0	0	7	0	0	0	0	4	0	3	0	0	0	0	0	0	0	0	0
	.6075	uc021ueh.1		0	0	0	3	0	0	0	1	0	0	0	0	0	0	0	0	0	0	0	2
	.6076	uc002jvy.1	protein_coding	0	0	0	7	0	0	0	0	2	0	0	0	0	0	0	0	0	0	0	5
	.6077	uc002jwl.2		0	0	0	4	0	0	0	0	2	0	2	0	0	0	0	0	0	0	0	0
	.6077	uc021uej.1		0	0	0	3	0	0	0	2	0	0	0	0	0	0	0	0	0	0	0	1
	.6079	uc021uel.1		0	0	0	9	0	0	0	7	0	0	1	0	0	0	0	0	0	0	0	1
	.6080	uc002jxf.2		0	0	0	3	0	0	0	2	0	0	0	0	0	0	0	0	0	0	0	1
	.6081	uc002jxt.2		0	0	0	20	0	0	0	2	13	0	5	0	0	0	0	0	0	0	0	0
	.6081	uc002jxu.1		0	0	0	3	0	0	0	3	0	0	0	0	0	0	0	0	0	0	0	0
	.6081	uc010wud.1		0	0	0	18	0	0	0	6	9	0	2	0	0	0	0	0	0	0	0	1
	.6082	uc031ret.1	protein_coding	0	1	1	12	0	0	0	10	2	1	0	0	0	1	0	0	0	0	1	0
	.6083	uc002jyi.2	protein_coding	0	0	0	22	1	0	0	3	18	0	0	0	0	0	0	0	0	0	0	0
	.6083	uc010dhx.3	protein_coding	0	0	2	5	0	0	1	0	3	2	0	0	0	0	0	0	0	0	0	1
	.6084	uc021uep.1		0	0	0	16	0	0	0	0	8	0	8	0	0	0	0	0	0	0	0	0
	.6084	uc021ueq.1		0	0	0	16	0	0	0	0	8	0	8	0	0	0	0	0	0	0	0	0
	.6084	uc021uer.1		0	0	0	16	0	0	0	0	8	0	8	0	0	0	0	0	0	0	0	0
	.6084	uc021ues.1		0	0	0	16	0	0	0	0	8	0	8	0	0	0	0	0	0	0	0	0
	.6084	uc021uet.1		0	0	0	3	0	0	0	3	0	0	0	0	0	0	0	0	0	0	0	0
	.6086	uc002jyv.2	protein_coding	0	0	0	7	2	0	0	4	1	0	0	0	0	0	0	0	0	0	0	0
	.6087	uc002jyx.1		0	0	0	7	0	0	0	0	0	0	1	0	0	0	0	0	0	0	0	6
	.6088	uc002jyy.2	protein_coding	0	0	0	6	4	0	0	0	0	0	0	0	0	0	0	0	0	0	0	2
	.6089	uc010dhz.3		0	0	0	7	0	0	0	1	0	0	1	0	0	0	0	0	0	0	0	5
	.6090	uc021uev.1		0	0	0	8	0	0	0	3	0	0	0	0	0	0	0	0	0	0	0	5
	.6091	uc010wuj.2		0	0	0	8	0	0	0	4	0	0	0	0	0	0	0	0	0	0	0	4
	.6091	uc021uew.1		0	0	0	8	0	0	0	4	0	0	0	0	0	0	0	0	0	0	0	4
	.6092	uc021uex.1		0	0	0	7	0	0	0	6	0	0	0	0	0	0	0	0	0	0	0	1
	.6093	uc010wul.1		0	0	0	7	0	0	0	0	3	0	3	0	0	0	0	0	0	0	0	1
	.6094	uc002jzw.1		0	0	0	9	0	0	0	2	0	0	6	0	0	0	0	0	0	0	0	1
	.6095	uc010dib.1		0	0	0	4	0	0	0	2	0	0	0	0	0	0	0	0	0	0	0	2
	.6096	uc031reu.1	protein_coding	0	2	0	7	0	0	0	0	0	0	0	0	0	0	0	0	0	0	2	7
	.6097	uc021uez.1		0	0	0	1	0	0	0	0	0	0	0	0	0	0	0	0	0	0	0	1
	.6098	uc021ufa.1		0	0	0	4	0	0	0	2	0	0	0	0	0	0	0	0	0	0	0	2
	.6099	uc002kag.3		0	0	0	16	0	0	0	3	4	0	9	0	0	0	0	0	0	0	0	0
	.6099	uc021ufb.1		0	0	0	16	0	0	0	9	0	0	0	0	0	0	0	0	0	0	0	7
	.6100	uc010wuq.1		0	0	0	17	0	0	0	1	13	0	3	0	0	0	0	0	0	0	0	0
	.6101	uc002kar.3		0	0	0	5	0	0	0	0	1	0	3	0	0	0	0	0	0	0	0	1
	.6101	uc002kas.3	protein_coding	0	0	0	9	3	0	0	0	3	0	0	0	0	0	0	0	0	0	0	3
	.6101	uc010dic.3		0	0	0	7	0	0	0	0	1	0	3	0	0	0	0	0	0	0	0	3
	.6102	uc002kav.1		0	0	0	3	0	0	0	3	0	0	0	0	0	0	0	0	0	0	0	0
	.6103	uc010did.2		0	0	0	13	0	0	0	3	3	0	7	0	0	0	0	0	0	0	0	0
	.6104	uc002kaz.3		0	0	0	5	0	0	0	0	3	0	1	0	0	0	0	0	0	0	0	1
	.6105	uc021ufd.2		0	0	0	2	0	0	0	1	1	0	0	0	0	0	0	0	0	0	0	0
	.6106	uc010dig.2		0	0	0	1	0	0	0	0	0	0	1	0	0	0	0	0	0	0	0	0
	.6106	uc021ufe.1	protein_coding	0	0	0	1	1	0	0	0	0	0	0	0	0	0	0	0	0	0	0	0
	.6107	uc002kco.4		0	0	0	4	0	0	0	4	0	0	0	0	0	0	0	0	0	0	0	0
	.6107	uc021ufh.1		0	0	0	4	0	0	0	4	0	0	0	0	0	0	0	0	0	0	0	0
	.6108	uc021ufl.1	protein_coding	0	2	1	19	12	0	4	0	0	1	0	0	0	0	0	0	0	0	2	3
	.6109	uc002kdv.1		0	0	0	10	0	0	0	1	3	0	1	0	0	0	0	0	0	0	0	5
	.6110	uc002kdw.1	protein_coding	0	1	0	10	0	0	0	6	2	0	0	0	0	0	0	0	0	0	1	2
	.6111	uc010dik.1	protein_coding	0	1	0	19	2	1	1	6	8	0	0	0	0	0	0	0	0	0	0	2
	.6112	uc010dil.3		0	0	0	5	0	0	0	4	0	0	1	0	0	0	0	0	0	0	0	0
	.6112	uc010dim.1	protein_coding	0	0	0	1	1	0	0	0	0	0	0	0	0	0	0	0	0	0	0	0
	.6115	uc010dip.2		0	0	0	2	0	0	0	0	1	0	0	0	0	0	0	0	0	0	0	1
	.6116	uc010wvm.2		0	0	0	11	0	0	0	7	3	0	1	0	0	0	0	0	0	0	0	0
	.6117	uc021ufv.1		0	0	0	3	0	0	0	3	0	0	0	0	0	0	0	0	0	0	0	0
	.6119	uc002kfo.3		0	0	0	2	0	0	0	0	0	0	2	0	0	0	0	0	0	0	0	0
	.6119	uc002kfp.3		0	0	0	2	0	0	0	0	0	0	2	0	0	0	0	0	0	0	0	0
	.6120	uc002kfr.3		0	0	0	12	0	0	0	4	6	0	2	0	0	0	0	0	0	0	0	0
	.6121	uc002kfs.3		0	0	0	12	0	0	0	1	8	0	3	0	0	0	0	0	0	0	0	0
	.6123	uc002kge.1		0	0	0	12	0	0	0	5	7	0	0	0	0	0	0	0	0	0	0	0
	.6124	uc021ufy.1		0	0	0	4	0	0	0	0	2	0	2	0	0	0	0	0	0	0	0	0
	.6136	uc002kke.3		0	1	0	80	0	0	0	0	33	0	4	0	0	1	0	0	0	0	0	44
	.6136	uc021ugi.1		0	0	0	79	0	0	0	1	78	0	0	0	0	0	0	0	0	0	0	0
	.6137	uc002kkh.4	protein_coding	0	1	0	12	0	0	0	2	9	0	0	0	0	1	0	0	0	0	0	2
	.6138	uc010dke.3		0	0	0	37	0	0	0	0	24	0	13	0	0	0	0	0	0	0	0	0
	.6138	uc010wyt.1		0	0	0	15	0	0	0	6	5	0	4	0	0	0	0	0	0	0	0	0
	.6139	uc002klb.1		0	0	0	2	0	0	0	0	0	0	0	0	0	0	0	0	0	0	0	2
	.6139	uc002klc.1		0	0	0	2	0	0	0	0	0	0	0	0	0	0	0	0	0	0	0	2
	.6139	uc002kld.1		0	0	0	2	0	0	0	0	2	0	0	0	0	0	0	0	0	0	0	0
	.6139	uc002kle.1		0	0	0	2	0	0	0	0	0	0	0	0	0	0	0	0	0	0	0	2
	.6139	uc002klf.1		0	0	0	2	0	0	0	0	0	0	0	0	0	0	0	0	0	0	0	2
	.6139	uc002klg.2		0	0	0	2	0	0	0	0	0	0	0	0	0	0	0	0	0	0	0	2
	.6139	uc010dki.1		0	0	0	2	0	0	0	0	0	0	0	0	0	0	0	0	0	0	0	2
	.6140	uc021ugl.1		0	0	0	2	0	0	0	0	0	0	0	0	0	0	0	0	0	0	0	2
	.6141	uc002klk.4		0	0	0	13	0	0	0	0	11	0	0	0	0	0	0	0	0	0	0	2
	.6141	uc002kll.4		0	0	0	11	0	0	0	0	9	0	0	0	0	0	0	0	0	0	0	2
	.6142	uc010wyu.2	protein_coding	0	0	1	2	2	0	0	0	0	1	0	0	0	0	0	0	0	0	0	0
	.6143	uc002kmd.2		0	0	0	2	0	0	0	0	0	0	0	0	0	0	0	0	0	0	0	2
	.6144	uc002kmi.3		0	0	0	1	0	0	0	1	0	0	0	0	0	0	0	0	0	0	0	0
	.6144	uc002kmj.1		0	0	0	1	0	0	0	1	0	0	0	0	0	0	0	0	0	0	0	0
	.6145	uc002kml.1		0	0	0	2	0	0	0	0	1	0	0	0	0	0	0	0	0	0	0	1
	.6146	uc002kmm.3		0	0	0	1	0	0	0	0	1	0	0	0	0	0	0	0	0	0	0	0
	.6149	uc002kmv.1	protein_coding	0	0	0	9	0	0	2	2	5	0	0	0	0	0	0	0	0	0	0	0
	.6149	uc021ugo.1		0	0	0	1	0	0	0	0	0	0	0	0	0	0	0	0	0	0	0	1
	.6155	uc002kng.1		0	0	0	9	0	0	0	0	7	0	2	0	0	0	0	0	0	0	0	0
	.6155	uc002knh.3		0	0	0	9	0	0	0	1	6	0	2	0	0	0	0	0	0	0	0	0
	.6155	uc002kni.1	protein_coding	0	0	2	7	0	0	1	1	4	2	0	0	0	0	0	0	0	0	0	1
	.6156	uc021ugt.1		0	0	0	2	0	0	0	1	0	0	0	0	0	0	0	0	0	0	0	1
	.6158	uc021ugu.1		0	0	0	3	0	0	0	1	0	0	0	0	0	0	0	0	0	0	0	2
	.6160	uc002knt.3		0	0	0	7	0	0	0	0	0	0	2	0	0	0	0	0	0	0	0	5
	.6161	uc021ugv.1		0	0	0	2	0	0	0	0	0	0	0	0	0	0	0	0	0	0	0	2
	.6162	uc002kof.3		0	0	0	11	0	0	0	0	11	0	0	0	0	0	0	0	0	0	0	0
	.6164	uc002kol.1		0	0	0	5	0	0	0	1	1	0	3	0	0	0	0	0	0	0	0	0
	.6165	uc002kot.1	protein_coding	0	0	1	12	1	0	1	5	4	1	0	0	0	0	0	0	0	0	0	1
	.6166	uc002kov.2		0	0	0	1	0	0	0	1	0	0	0	0	0	0	0	0	0	0	0	0
	.6167	uc002kow.1	protein_coding	0	0	0	4	0	0	0	0	4	0	0	0	0	0	0	0	0	0	0	0
	.6217	uc002kqg.3		0	1	0	20	0	0	0	3	11	0	5	0	0	1	0	0	0	0	0	2
	.6217	uc002kqh.3		0	1	0	20	0	0	0	3	11	0	5	0	0	1	0	0	0	0	0	2
	.6217	uc002kqi.3		0	1	0	20	0	0	0	3	11	0	5	0	0	1	0	0	0	0	0	2
	.6218	uc010dlb.2	protein_coding	0	0	0	9	0	0	0	0	9	0	0	0	0	0	0	0	0	0	0	0
	.6218	uc021uhq.1	protein_coding	0	0	0	10	0	0	0	0	10	0	0	0	0	0	0	0	0	0	0	0
	.6219	uc031rhl.1		0	0	0	8	0	0	0	0	6	0	1	0	0	0	0	0	0	0	0	1
	.6220	uc010dlc.3		0	0	0	9	0	0	0	0	6	0	3	0	0	0	0	0	0	0	0	0
	.6221	uc002kqy.3	protein_coding	0	0	0	6	3	0	0	0	2	0	0	0	0	0	0	0	0	0	0	1
	.6221	uc010dld.3		0	0	0	6	0	0	0	3	1	0	1	0	0	0	0	0	0	0	0	1
	.6222	uc002krc.3		0	1	0	15	0	0	0	1	12	0	3	0	0	1	0	0	0	0	0	0
	.6223	uc002krf.1		0	0	0	2	0	0	0	1	0	0	1	0	0	0	0	0	0	0	0	0
	.6224	uc002kru.3		0	0	0	24	0	0	0	0	19	0	4	0	0	0	0	0	0	0	0	1
	.6224	uc002kry.3		0	0	0	10	0	0	0	0	3	0	2	0	0	0	0	0	0	0	0	5
	.6224	uc010dlf.1		0	0	0	24	0	0	0	2	18	0	3	0	0	0	0	0	0	0	0	1
	.6225	uc002krz.3		0	0	0	1	0	0	0	0	1	0	0	0	0	0	0	0	0	0	0	0
	.6229	uc021uhr.1		0	0	0	1	0	0	0	1	0	0	0	0	0	0	0	0	0	0	0	0
	.6230	uc010dlj.3		0	0	0	5	0	0	0	0	4	0	1	0	0	0	0	0	0	0	0	0
	.6231	uc010xae.1		0	0	0	11	0	0	0	0	11	0	0	0	0	0	0	0	0	0	0	0
	.6232	uc002ksq.2		0	0	0	4	0	0	0	0	4	0	0	0	0	0	0	0	0	0	0	0
	.6232	uc002ksr.2		0	0	0	4	0	0	0	0	4	0	0	0	0	0	0	0	0	0	0	0
	.6233	uc002ksv.2	protein_coding	0	1	2	28	3	0	0	1	3	2	0	0	0	1	0	0	0	0	0	22
	.6233	uc002ksw.2		0	2	0	66	0	0	0	4	51	0	6	0	0	2	0	0	0	0	0	7
	.6234	uc021uht.1		0	0	0	14	0	0	0	4	0	0	0	0	0	0	0	0	0	0	0	10
	.6235	uc002ksx.1		0	0	0	14	0	0	0	14	0	0	0	0	0	0	0	0	0	0	0	0
	.6236	uc002ksy.1		0	0	0	15	0	0	0	1	0	0	0	0	0	0	0	0	0	0	0	14
	.6237	uc002ksz.1		0	0	0	12	0	0	0	11	0	0	0	0	0	0	0	0	0	0	0	1
	.6238	uc002kta.1		0	0	0	21	0	0	0	11	0	0	0	0	0	0	0	0	0	0	0	10
	.6239	uc002ktb.3		0	0	0	16	0	0	0	0	3	0	7	0	0	0	0	0	0	0	0	6
	.624	uc031poh.1		0	0	0	1	0	0	0	0	0	0	1	0	0	0	0	0	0	0	0	0
	.6240	uc010xai.2		0	0	0	5	0	0	0	1	2	0	2	0	0	0	0	0	0	0	0	0
	.6245	uc010xaj.2		0	0	0	16	0	0	0	0	7	0	9	0	0	0	0	0	0	0	0	0
	.6246	uc010xak.2		0	0	0	31	0	0	0	0	27	0	4	0	0	0	0	0	0	0	0	0
	.6247	uc021uhz.1		0	0	0	1	0	0	0	0	0	0	0	0	0	0	0	0	0	0	0	1
	.6248	uc002ktd.1		0	0	0	1	0	0	0	0	1	0	0	0	0	0	0	0	0	0	0	0
	.6249	uc002kti.1		0	0	0	6	0	0	0	0	4	0	2	0	0	0	0	0	0	0	0	0
	.6251	uc002ktr.3		0	0	0	2	0	0	0	0	0	0	2	0	0	0	0	0	0	0	0	0
	.6251	uc002kts.3		0	0	0	2	0	0	0	0	0	0	2	0	0	0	0	0	0	0	0	0
	.6251	uc021uib.1		0	0	0	2	0	0	0	0	0	0	0	0	0	0	0	0	0	0	0	2
	.6251	uc021uic.1		0	0	0	2	0	0	0	2	0	0	0	0	0	0	0	0	0	0	0	0
	.6254	uc010xap.2	protein_coding	0	0	0	4	0	0	0	0	2	0	0	0	0	0	0	0	0	0	0	2
	.6255	uc002kue.3		0	0	0	1	0	0	0	0	1	0	0	0	0	0	0	0	0	0	0	0
	.6255	uc002kug.3		0	0	0	4	0	0	0	0	3	0	1	0	0	0	0	0	0	0	0	0
	.6255	uc002kuh.3		0	0	0	4	0	0	0	0	3	0	1	0	0	0	0	0	0	0	0	0
	.6255	uc010xaq.2		0	0	0	13	0	0	0	0	12	0	1	0	0	0	0	0	0	0	0	0
	.6255	uc010xar.2		0	0	0	4	0	0	0	0	3	0	1	0	0	0	0	0	0	0	0	0
	.6256	uc010dlu.1		0	0	0	7	0	0	0	1	1	0	4	0	0	0	0	0	0	0	0	1
	.6257	uc021uif.1		0	0	0	3	0	0	0	2	0	0	0	0	0	0	0	0	0	0	0	1
	.6258	uc010dlw.3		0	0	0	6	0	0	0	2	2	0	2	0	0	0	0	0	0	0	0	0
	.6259	uc021uih.1		0	0	0	2	0	0	0	0	0	0	0	0	0	0	0	0	0	0	0	2
	.6260	uc002kvj.1		0	0	0	1	0	0	0	0	0	0	1	0	0	0	0	0	0	0	0	0
	.6261	uc010xbe.1		0	0	0	9	0	0	0	0	9	0	0	0	0	0	0	0	0	0	0	0
	.6263	uc002kvs.4		0	0	0	8	0	0	0	0	6	0	2	0	0	0	0	0	0	0	0	0
	.6265	uc002kwb.2		0	0	0	6	0	0	0	0	2	0	2	0	0	0	0	0	0	0	0	2
	.6265	uc010xbm.2		0	0	0	9	0	0	0	0	7	0	0	0	0	0	0	0	0	0	0	2
	.6266	uc002kwf.2	protein_coding	0	0	0	4	0	0	0	0	4	0	0	0	0	0	0	0	0	0	0	0
	.6270	uc010xbo.1	protein_coding	0	0	0	1	0	0	0	1	0	0	0	0	0	0	0	0	0	0	0	0
	.6271	uc002kwo.1		0	0	0	2	0	0	0	1	0	0	1	0	0	0	0	0	0	0	0	0
	.6272	uc021uin.1		0	0	0	2	0	0	0	2	0	0	0	0	0	0	0	0	0	0	0	0
	.6273	uc002kwv.4		0	0	0	3	0	0	0	1	1	0	1	0	0	0	0	0	0	0	0	0
	.6274	uc002kwy.4		0	0	0	5	0	0	0	0	2	0	0	0	0	0	0	0	0	0	0	3
	.6275	uc002kxd.4		0	1	0	16	0	0	0	0	9	0	7	0	0	1	0	0	0	0	0	1
	.6276	uc010dmc.3		0	0	0	2	0	0	0	0	0	0	2	0	0	0	0	0	0	0	0	0
	.6277	uc010xbq.1		0	0	0	2	0	0	0	0	1	0	1	0	0	0	0	0	0	0	0	0
	.6281	uc010dmv.2		0	0	0	1	0	0	0	0	0	0	0	0	0	0	0	0	0	0	0	1
	.6282	uc002kzl.2		0	1	0	23	0	0	0	0	18	0	3	0	0	1	0	0	0	0	0	3
	.6283	uc002kzp.3		0	0	0	1	0	0	0	0	0	0	0	0	0	0	0	0	0	0	0	1
	.6284	uc002kzu.1	protein_coding	0	1	1	13	0	0	0	0	13	1	0	0	0	0	0	0	0	0	1	0
	.6285	uc010dnb.1	protein_coding	0	0	1	8	0	0	1	0	7	1	0	0	0	0	0	0	0	0	0	0
	.6286	uc021uiw.1	protein_coding	0	0	0	1	0	0	0	0	1	0	0	0	0	0	0	0	0	0	0	0
	.6288	uc002laj.1	protein_coding	0	0	0	4	1	0	0	1	2	0	0	0	0	0	0	0	0	0	0	0
	.6291	uc002lak.1		0	0	0	5	0	0	0	0	5	0	0	0	0	0	0	0	0	0	0	0
	.6291	uc002lal.1		0	0	0	8	0	0	0	0	7	0	0	0	0	0	0	0	0	0	0	1
	.6291	uc010xcj.1		0	0	0	7	0	0	0	0	7	0	0	0	0	0	0	0	0	0	0	0
	.6295	uc002lao.3	protein_coding	0	0	0	3	0	0	0	0	3	0	0	0	0	0	0	0	0	0	0	0
	.6296	uc002lar.1	protein_coding	0	0	0	3	0	0	0	0	2	0	0	0	0	0	0	0	0	0	0	1
	.6298	uc010dng.3		0	0	0	1	0	0	0	0	0	0	1	0	0	0	0	0	0	0	0	0
	.6301	uc002lbc.1		0	0	0	2	0	0	0	0	2	0	0	0	0	0	0	0	0	0	0	0
	.6301	uc002lbd.1		0	0	0	1	0	0	0	0	1	0	0	0	0	0	0	0	0	0	0	0
	.6302	uc021ujf.1		0	0	0	1	0	0	0	1	0	0	0	0	0	0	0	0	0	0	0	0
	.6303	uc002lbg.4		0	0	0	15	0	0	0	0	10	0	4	0	0	0	0	0	0	0	0	1
	.6304	uc010xcp.1		0	0	0	6	0	0	0	2	2	0	1	0	0	0	0	0	0	0	0	1
	.6305	uc010xcr.1		0	0	0	25	0	0	0	2	19	0	3	0	0	0	0	0	0	0	0	1
	.6305	uc010xcs.1		0	0	0	25	0	0	0	2	19	0	3	0	0	0	0	0	0	0	0	1
	.6306	uc021ujh.1		0	0	0	1	0	0	0	1	0	0	0	0	0	0	0	0	0	0	0	0
	.6307	uc021uji.1		0	0	0	2	0	0	0	2	0	0	0	0	0	0	0	0	0	0	0	0
	.6308	uc021ujj.1		0	0	0	13	0	0	0	10	0	0	0	0	0	0	0	0	0	0	0	3
	.6309	uc002lcc.2		0	0	0	1	0	0	0	1	0	0	0	0	0	0	0	0	0	0	0	0
	.6309	uc031rie.1		0	0	0	1	0	0	0	1	0	0	0	0	0	0	0	0	0	0	0	0
	.6310	uc010xcx.1		0	0	0	15	0	0	0	3	7	0	2	0	0	0	0	0	0	0	0	3
	.6311	uc002lch.1		0	0	0	1	0	0	0	0	0	0	0	0	0	0	0	0	0	0	0	1
	.6312	uc010dno.1	protein_coding	0	0	0	6	2	0	0	2	2	0	0	0	0	0	0	0	0	0	0	0
	.6314	uc002lcx.4	protein_coding	0	0	0	8	0	0	0	0	8	0	0	0	0	0	0	0	0	0	0	0
	.6315	uc021ujn.1		0	0	0	2	0	0	0	2	0	0	0	0	0	0	0	0	0	0	0	0
	.6317	uc021ujp.1		0	0	0	2	0	0	0	0	0	0	0	0	0	0	0	0	0	0	0	2
	.6318	uc021ujq.2		0	0	0	2	0	0	0	1	0	0	0	0	0	0	0	0	0	0	0	1
	.6319	uc021ujs.1		0	0	0	1	0	0	0	0	0	0	0	0	0	0	0	0	0	0	0	1
	.6320	uc021uju.1		0	0	0	4	0	0	0	3	0	0	0	0	0	0	0	0	0	0	0	1
	.6321	uc002ldr.2		0	0	0	3	0	0	0	0	0	0	0	0	0	0	0	0	0	0	0	3
	.6322	uc002lds.1		0	0	0	6	0	0	0	3	0	0	0	0	0	0	0	0	0	0	0	3
	.6323	uc002ldt.2		0	0	0	7	0	0	0	3	0	0	0	0	0	0	0	0	0	0	0	4
	.6324	uc002ldy.1		0	0	0	2	0	0	0	1	0	0	0	0	0	0	0	0	0	0	0	1
	.6325	uc021uka.1		0	0	0	7	0	0	0	0	0	0	0	0	0	0	0	0	0	0	0	7
	.6327	uc021ukc.1		0	0	0	1	0	0	0	0	0	0	0	0	0	0	0	0	0	0	0	1
	.6328	uc010doz.3	protein_coding	0	0	0	6	1	0	0	1	3	0	0	0	0	0	0	0	0	0	0	1
	.6329	uc010xdo.1		0	0	0	2	0	0	0	0	2	0	0	0	0	0	0	0	0	0	0	0
	.6330	uc010xdq.1		0	0	0	2	0	0	0	0	2	0	0	0	0	0	0	0	0	0	0	0
	.6330	uc021ukf.2		0	0	0	1	0	0	0	0	1	0	0	0	0	0	0	0	0	0	0	0
	.6334	uc021ukm.1	protein_coding	0	0	0	3	0	0	0	1	1	0	0	0	0	0	0	0	0	0	0	1
	.6339	uc002lgh.3		0	1	0	3	0	0	0	1	2	0	1	0	0	1	0	0	0	0	0	0
	.6339	uc010xdz.2		0	1	0	3	0	0	0	1	2	0	1	0	0	1	0	0	0	0	0	0
	.6340	uc010dpk.1		0	0	0	19	0	0	0	0	17	0	2	0	0	0	0	0	0	0	0	0
	.6343	uc010xeb.1		0	0	0	10	0	0	0	1	7	0	1	0	0	0	0	0	0	0	0	1
	.6344	uc002lgv.1		0	0	0	27	0	0	0	0	25	0	2	0	0	0	0	0	0	0	0	0
	.6345	uc002lha.1		0	0	0	4	0	0	0	0	3	0	0	0	0	0	0	0	0	0	0	1
	.6346	uc010dpl.2		0	0	0	4	0	0	0	1	3	0	0	0	0	0	0	0	0	0	0	0
	.6347	uc010xef.1		0	0	0	1	0	0	0	1	0	0	0	0	0	0	0	0	0	0	0	0
	.6347	uc021uku.1		0	0	0	1	0	0	0	0	0	0	0	0	0	0	0	0	0	0	0	1
	.6352	uc021uky.1		0	0	0	3	0	0	0	1	2	0	0	0	0	0	0	0	0	0	0	0
	.6353	uc021ukz.1		0	0	0	2	0	0	0	0	0	0	0	0	0	0	0	0	0	0	0	2
	.6355	uc031rip.1		0	0	0	10	0	0	0	0	7	0	3	0	0	0	0	0	0	0	0	0
	.6356	uc002lio.2		0	0	0	10	0	0	0	0	5	0	5	0	0	0	0	0	0	0	0	0
	.6356	uc002lir.2	protein_coding	0	0	0	1	0	0	0	0	0	0	0	0	0	0	0	0	0	0	0	1
	.6360	uc021ulh.1		0	0	0	4	0	0	0	0	4	0	0	0	0	0	0	0	0	0	0	0
	.6361	uc002lkh.2		0	0	0	2	0	0	0	0	0	0	0	0	0	0	0	0	0	0	0	2
	.6362	uc002lko.2		0	0	0	16	0	0	0	0	13	0	3	0	0	0	0	0	0	0	0	0
	.6362	uc010dqp.2	protein_coding	0	1	1	3	0	0	0	0	3	1	0	0	0	0	0	0	0	0	1	0
	.6367	uc002lld.2		0	0	0	1	0	0	0	0	1	0	0	0	0	0	0	0	0	0	0	0
	.6369	uc002llp.1		0	0	0	3	0	0	0	3	0	0	0	0	0	0	0	0	0	0	0	0
	.6370	uc002llr.3		0	0	0	6	0	0	0	0	0	0	3	0	0	0	0	0	0	0	0	3
	.6371	uc010dqt.3		0	0	0	5	0	0	0	0	0	0	4	0	0	0	0	0	0	0	0	1
	.6374	uc002lmd.3		0	0	0	4	0	0	0	2	0	0	1	0	0	0	0	0	0	0	0	1
	.6376	uc002lmh.1		0	0	0	3	0	0	0	0	0	0	3	0	0	0	0	0	0	0	0	0
	.6378	uc021ulr.1		0	0	0	1	0	0	0	0	0	0	0	0	0	0	0	0	0	0	0	1
	.6379	uc002lmj.3		0	0	0	25	0	0	0	0	15	0	9	0	0	0	0	0	0	0	0	1
	.6381	uc002lmv.1		0	1	0	3	0	0	0	0	2	0	2	0	0	1	0	0	0	0	0	0
	.6381	uc002lmy.1		0	1	0	2	0	0	0	0	2	0	1	0	0	1	0	0	0	0	0	0
	.6382	uc002lna.3	protein_coding	0	0	0	7	0	0	0	0	7	0	0	0	0	0	0	0	0	0	0	0
	.6382	uc002lnb.1	protein_coding	0	0	0	7	0	0	0	2	5	0	0	0	0	0	0	0	0	0	0	0
	.6382	uc010drb.3		0	0	0	7	0	0	0	0	4	0	0	0	0	0	0	0	0	0	0	3
	.6383	uc010drc.3		0	0	0	3	0	0	0	0	0	0	3	0	0	0	0	0	0	0	0	0
	.6384	uc002lnm.2		0	0	0	2	0	0	0	0	0	0	0	0	0	0	0	0	0	0	0	2
	.6385	uc010drf.3		0	0	0	4	0	0	0	2	2	0	0	0	0	0	0	0	0	0	0	0
	.6386	uc002lnu.4		0	0	0	3	0	0	0	0	1	0	0	0	0	0	0	0	0	0	0	2
	.6386	uc010dri.2		0	0	0	5	0	0	0	0	5	0	0	0	0	0	0	0	0	0	0	0
	.6386	uc031ris.1		0	0	0	1	0	0	0	0	1	0	0	0	0	0	0	0	0	0	0	0
	.6387	uc002lnx.2		0	0	0	4	0	0	0	0	2	0	2	0	0	0	0	0	0	0	0	0
	.6387	uc010xfo.2		0	0	0	6	0	0	0	0	5	0	1	0	0	0	0	0	0	0	0	0
	.7428	uc021vkw.1		0	0	0	13	0	0	0	0	13	0	0	0	0	0	0	0	0	0	0	0
	.7428	uc031rom.1		0	0	0	13	0	0	0	0	13	0	0	0	0	0	0	0	0	0	0	0
	.7433	uc002str.1		0	0	0	2	0	0	0	0	0	0	0	0	0	0	0	0	0	0	0	2
	.7655	uc002ttj.3		0	0	0	8	0	0	0	0	8	0	0	0	0	0	0	0	0	0	0	0
	.8117	uc002wvd.1		1	2	0	350	0	0	0	6	300	0	32	0	1	2	0	0	0	0	0	15
	.8117	uc002wve.3		0	1	0	333	0	0	0	0	159	0	24	0	0	1	0	0	0	0	0	151
	.8117	uc010zth.1		0	0	0	22	0	0	0	6	16	0	0	0	0	0	0	0	0	0	0	0
	.8117	uc010zti.2		0	0	0	16	0	0	0	0	16	0	0	0	0	0	0	0	0	0	0	0
	.8117	uc031rsn.1		0	0	0	114	0	0	0	0	6	0	23	0	0	0	0	0	0	0	0	85
	.8120	uc010gdq.3		0	0	0	3	0	0	0	0	3	0	0	0	0	0	0	0	0	0	0	0
	.8121	uc002wvj.5		0	0	0	13	0	0	0	8	1	0	3	0	0	0	0	0	0	0	0	1
	.9526	uc011buq.1		0	0	0	5	0	0	0	0	5	0	0	0	0	0	0	0	0	0	0	0
	.9847	uc003icc.1		0	0	0	1	0	0	0	0	0	0	1	0	0	0	0	0	0	0	0	0
	.9848	uc021xrc.1		0	0	0	1	0	0	0	0	0	0	0	0	0	0	0	0	0	0	0	1
A0PJ48	A0PJ48	uc002dvb.2	protein_coding	0	0	0	4	0	0	0	1	3	0	0	0	0	0	0	0	0	0	0	0
A0PJ50	A0PJ50	uc002aua.3	protein_coding	0	0	0	8	1	0	0	0	6	0	0	0	0	0	0	0	0	0	0	1
A0PJK1	A0PJK1	uc002guu.2	protein_coding	0	1	0	17	0	0	0	0	16	0	0	0	0	0	0	0	0	0	1	1
A0PJK1-2	A0PJK1-2	uc002guv.2	protein_coding	0	1	0	17	0	0	0	0	16	0	0	0	0	0	0	0	0	0	1	1
A0PJK1-3	A0PJK1-3	uc002gur.2	protein_coding	0	0	0	18	0	0	0	0	18	0	0	0	0	0	0	0	0	0	0	0
A0PJK1-4	A0PJK1-4	uc002gut.2	protein_coding	0	1	0	17	0	0	0	0	16	0	0	0	0	0	0	0	0	0	1	1
A0PJZ0	A0PJZ0	uc010xag.2	protein_coding	0	4	1	32	1	0	0	7	19	1	0	0	0	2	0	0	0	0	2	7
A0PK06	A0PK06	uc002lah.2	protein_coding	0	1	0	4	0	0	0	1	1	0	0	0	0	0	0	0	0	0	1	2
A1A4V9	A1A4V9	uc002dzm.3	protein_coding	0	0	0	5	0	0	0	0	3	0	0	0	0	0	0	0	0	0	0	2
A1A4V9-2	A1A4V9-2	uc002dzo.4	protein_coding	0	0	0	5	0	0	0	0	3	0	0	0	0	0	0	0	0	0	0	2
A1A5D9	A1A5D9	uc002cte.4	protein_coding	0	0	0	12	0	0	1	4	1	0	0	0	0	0	0	0	0	0	0	6
A1A5D9	A1A5D9	uc002ctf.4	protein_coding	1	1	1	10	0	0	0	4	3	1	0	0	0	0	0	1	0	0	1	3
A1L183	A1L183	uc010uab.1	protein_coding	0	0	1	8	0	0	0	3	4	1	0	0	0	0	0	0	0	0	0	1
A1L183	A1L183.2	uc001zby.2	protein_coding	0	0	0	1	0	0	0	1	0	0	0	0	0	0	0	0	0	0	0	0
A1L188	A1L188	uc002jzx.2	protein_coding	0	0	0	4	0	0	0	2	0	0	0	0	0	0	0	0	0	0	0	2
A1L3A6	A1L3A6	uc002hdx.4	protein_coding	0	1	0	5	2	0	0	1	2	0	0	0	0	0	0	0	0	0	1	0
A1L4K1	A1L4K1	uc002bjd.2	protein_coding	0	1	0	8	0	0	0	0	8	0	0	0	0	0	0	0	0	0	1	0
A1YPR0	A1YPR0	uc002ldb.3	protein_coding	0	0	0	8	1	0	0	1	6	0	0	0	0	0	0	0	0	0	0	0
A1YPR0	A1YPR0	uc010dnu.3	protein_coding	0	0	0	10	1	0	2	1	6	0	0	0	0	0	0	0	0	0	0	0
A1YPR0	A1YPR0	uc010dnv.3	protein_coding	0	0	0	10	1	0	2	1	6	0	0	0	0	0	0	0	0	0	0	0
A1YPR0	A1YPR0	uc010dnw.3	protein_coding	0	0	0	16	1	0	0	1	14	0	0	0	0	0	0	0	0	0	0	0
A1YPR0	A1YPR0	uc010dnx.1	protein_coding	0	0	0	8	0	0	2	3	3	0	0	0	0	0	0	0	0	0	0	0
A1YPR0	A1YPR0	uc010dny.1	protein_coding	0	0	0	14	0	0	0	3	10	0	0	0	0	0	0	0	0	0	0	1
A1YPR0	A1YPR0	uc010dnz.1	protein_coding	0	0	0	14	0	0	1	3	9	0	0	0	0	0	0	0	0	0	0	1
A1YPR0	A1YPR0	uc010doa.1	protein_coding	0	0	0	14	0	0	0	3	11	0	0	0	0	0	0	0	0	0	0	0
A1YPR0	A1YPR0	uc010dob.1	protein_coding	0	0	0	14	0	0	1	3	10	0	0	0	0	0	0	0	0	0	0	0
A1YPR0	A1YPR0	uc010doc.1	protein_coding	0	0	0	14	0	0	0	3	11	0	0	0	0	0	0	0	0	0	0	0
A1YPR0	A1YPR0	uc010dod.1	protein_coding	0	0	0	14	0	0	0	3	11	0	0	0	0	0	0	0	0	0	0	0
A1YPR0	A1YPR0	uc010doe.1	protein_coding	0	0	0	14	0	0	0	3	11	0	0	0	0	0	0	0	0	0	0	0
A1YPR0	A1YPR0	uc010dof.1	protein_coding	0	0	0	14	0	0	0	3	11	0	0	0	0	0	0	0	0	0	0	0
A1YPR0	A1YPR0	uc010dog.1	protein_coding	0	0	0	14	0	0	0	3	11	0	0	0	0	0	0	0	0	0	0	0
A1YPR0	A1YPR0	uc010doh.1	protein_coding	0	0	0	14	0	0	0	3	11	0	0	0	0	0	0	0	0	0	0	0
A1YPR0	A1YPR0	uc010doi.1	protein_coding	0	0	0	14	0	0	0	3	11	0	0	0	0	0	0	0	0	0	0	0
A1YPR0	A1YPR0	uc010doj.1	protein_coding	0	0	0	14	0	0	0	3	11	0	0	0	0	0	0	0	0	0	0	0
A1YPR0	A1YPR0	uc010dok.1	protein_coding	0	0	0	14	0	0	1	3	10	0	0	0	0	0	0	0	0	0	0	0
A1YPR0	A1YPR0	uc010dol.1	protein_coding	0	0	0	14	0	0	0	3	11	0	0	0	0	0	0	0	0	0	0	0
A1YPR0	A1YPR0	uc010dom.1	protein_coding	0	0	0	14	0	0	0	3	11	0	0	0	0	0	0	0	0	0	0	0
A1YPR0	A1YPR0	uc010don.1	protein_coding	0	0	0	14	0	0	2	3	9	0	0	0	0	0	0	0	0	0	0	0
A1YPR0	A1YPR0	uc010doo.1	protein_coding	0	0	0	14	0	0	2	3	9	0	0	0	0	0	0	0	0	0	0	0
A1YPR0	A1YPR0	uc010dop.1	protein_coding	0	0	0	14	0	0	0	3	11	0	0	0	0	0	0	0	0	0	0	0
A1YPR0	A1YPR0	uc010doq.1	protein_coding	0	0	0	14	0	0	0	3	11	0	0	0	0	0	0	0	0	0	0	0
A1YPR0	A1YPR0	uc010dor.1	protein_coding	0	0	0	14	0	0	0	3	11	0	0	0	0	0	0	0	0	0	0	0
A1YPR0	A1YPR0	uc010dos.1	protein_coding	0	0	0	14	0	0	0	3	11	0	0	0	0	0	0	0	0	0	0	0
A1YPR0	A1YPR0	uc010dot.1	protein_coding	0	0	0	14	0	0	0	3	11	0	0	0	0	0	0	0	0	0	0	0
A1YPR0	A1YPR0	uc010dou.1	protein_coding	0	0	0	14	0	0	1	3	10	0	0	0	0	0	0	0	0	0	0	0
A2A2B2	A2A2B2	uc002clj.3	protein_coding	0	2	2	27	2	0	0	1	18	2	0	0	0	1	0	0	0	0	1	7
A2IDD5	A2IDD5	uc002cjg.3	protein_coding	0	0	0	1	0	0	0	0	0	0	0	0	0	0	0	0	0	0	0	1
A2IDD5-4	A2IDD5-4	uc010uuo.1	protein_coding	0	0	0	1	0	0	0	0	0	0	0	0	0	0	0	0	0	0	0	1
A2IDD5-5	A2IDD5-5	uc002cji.3	protein_coding	0	0	0	1	0	0	0	0	0	0	0	0	0	0	0	0	0	0	0	1
A2IDD5-6	A2IDD5-6	uc002cjj.3	protein_coding	0	0	0	1	0	0	0	0	0	0	0	0	0	0	0	0	0	0	0	1
A2IDD5-6	A2IDD5-6	uc002cjk.2	protein_coding	0	0	0	1	0	0	0	0	0	0	0	0	0	0	0	0	0	0	0	1
A2RTX5	A2RTX5	uc002bxm.3	protein_coding	0	0	0	10	0	0	0	4	6	0	0	0	0	0	0	0	0	0	0	0
A2RTY3	A2RTY3	uc002hke.1	protein_coding	0	0	1	5	0	0	0	0	4	1	0	0	0	0	0	0	0	0	0	1
A2RTY3	A2RTY3	uc031qzv.1	protein_coding	0	0	1	5	0	0	0	0	4	1	0	0	0	0	0	0	0	0	0	1
A2RTY3-3	A2RTY3-3	uc010wcl.1	protein_coding	0	0	1	5	0	0	0	0	4	1	0	0	0	0	0	0	0	0	0	1
A2RTY3-4	A2RTY3-4	uc010wcm.1	protein_coding	0	0	0	6	0	0	0	1	4	0	0	0	0	0	0	0	0	0	0	1
A2RU49	A2RU49	uc010unc.2	protein_coding	0	1	0	1	0	0	0	0	1	0	0	0	0	0	0	0	0	0	1	0
A2RU49-3	A2RU49-3	uc002bdt.3	protein_coding	0	0	0	2	0	0	0	2	0	0	0	0	0	0	0	0	0	0	0	0
A2RUB1	A2RUB1	uc002iha.3	protein_coding	0	0	0	2	1	0	0	0	1	0	0	0	0	0	0	0	0	0	0	0
A2RUB1-1	A2RUB1-1	uc002igz.3	protein_coding	0	0	0	1	0	0	0	1	0	0	0	0	0	0	0	0	0	0	0	0
A2RUQ5	A2RUQ5	uc002hie.1	protein_coding	0	0	1	4	1	0	0	0	0	1	0	0	0	0	0	0	0	0	0	3
A2RUR9	A2RUR9	uc002gqk.1	protein_coding	0	1	5	25	0	0	0	0	25	5	0	0	0	1	0	0	0	0	0	1
A4FTZ9	A4FTZ9	uc010bcv.1	protein_coding	0	0	0	20	0	0	0	1	11	0	0	0	0	0	0	0	0	0	0	8
A4FU16	A4FU16	uc010csx.1	protein_coding	0	0	0	2	0	0	0	0	2	0	0	0	0	0	0	0	0	0	0	0
A4FU65	A4FU65	uc010dad.1	protein_coding	0	0	1	7	0	0	0	4	1	1	0	0	0	0	0	0	0	0	0	2
A4FU69-3	A4FU69-3	uc010cse.3	protein_coding	0	2	6	7	0	0	0	0	7	6	0	0	0	0	0	0	0	0	2	0
A4FU69-4	A4FU69-4	uc010csf.3	protein_coding	0	1	5	9	0	0	0	0	9	5	0	0	0	0	0	0	0	0	1	0
A4GXA9	A4GXA9	uc002cmq.1	protein_coding	0	0	0	10	0	0	0	3	2	0	0	0	0	0	0	0	0	0	0	5
A4QMQ2	A4QMQ2	uc010dfo.2	protein_coding	0	1	2	2	0	0	0	0	2	2	0	0	0	0	0	0	0	0	1	0
A4UAE9	A4UAE9	uc031qwg.1	protein_coding	0	0	0	7	1	0	1	1	4	0	0	0	0	0	0	0	0	0	0	0
A5D8T8	A5D8T8	uc002exy.4	protein_coding	0	1	3	88	0	0	0	0	88	3	0	0	0	0	0	0	0	0	1	0
A5D8T8	A5D8T8	uc002exz.4	protein_coding	0	1	3	5	0	0	0	0	5	3	0	0	0	0	0	0	0	0	1	0
A5D8T8	A5D8T8	uc002eya.4	protein_coding	0	1	3	5	0	0	0	0	5	3	0	0	0	0	0	0	0	0	1	0
A5D8T8	A5D8T8	uc010vlo.3	protein_coding	0	1	3	5	0	0	0	0	5	3	0	0	0	0	0	0	0	0	1	0
A5D8T8	A5D8T8	uc010vlp.2	protein_coding	0	1	3	5	0	0	0	2	3	3	0	0	0	0	0	0	0	0	1	0
A5D8T8	A5D8T8	uc031qwv.1	protein_coding	0	1	3	5	0	0	0	0	5	3	0	0	0	0	0	0	0	0	1	0
A5PKU7	A5PKU7	uc010ddo.3	protein_coding	0	1	0	10	2	0	0	0	9	0	0	0	0	1	0	0	0	0	0	0
A5PKU7	A5PKU7	uc010woy.2	protein_coding	0	1	0	10	2	0	0	0	9	0	0	0	0	1	0	0	0	0	0	0
A5PKV6	A5PKV6	uc010bva.3	protein_coding	0	1	0	7	0	0	0	4	3	0	0	0	0	1	0	0	0	0	0	1
A5PLM3	A5PLM3	uc002jvb.3	protein_coding	0	0	0	9	1	0	0	0	5	0	0	0	0	0	0	0	0	0	0	3
A5PLM3	A5PLM3	uc010dhj.3	protein_coding	0	0	0	9	0	0	0	3	3	0	0	0	0	0	0	0	0	0	0	3
A5X8Z9	A5X8Z9	uc010bel.3	protein_coding	0	0	1	1	0	0	0	0	1	1	0	0	0	0	0	0	0	0	0	0
A5XEI3	A5XEI3	uc010dov.1	protein_coding	0	0	0	4	0	0	0	0	4	0	0	0	0	0	0	0	0	0	0	0
A5YKK6	A5YKK6	uc002env.4	protein_coding	0	4	0	25	0	0	0	3	23	0	0	0	0	1	0	0	0	0	3	0
A5YKK6	A5YKK6	uc010vik.3	protein_coding	0	3	0	21	0	0	0	3	17	0	0	0	0	1	0	0	0	0	2	2
A5YKK6-2	A5YKK6-2	uc002enu.5	protein_coding	0	4	0	25	0	0	0	3	23	0	0	0	0	1	0	0	0	0	3	0
A5YKK6-4	A5YKK6-4	uc002enx.4	protein_coding	0	3	0	17	1	0	0	4	12	0	0	0	0	0	0	0	0	0	3	0
A6BM72	A6BM72	uc002apm.2	protein_coding	0	1	3	7	0	0	0	0	7	3	0	0	0	0	0	0	0	0	1	0
A6BM72	A6BM72	uc002apn.1	protein_coding	0	1	3	7	0	0	0	0	7	3	0	0	0	0	0	0	0	0	1	0
A6BM72-2	A6BM72-2	uc002apl.2	protein_coding	0	1	2	8	0	0	0	0	8	2	0	0	0	0	0	0	0	0	1	0
A6NC57	A6NC57	uc031rhk.1	protein_coding	0	1	4	25	0	1	1	5	16	4	0	0	0	0	0	0	0	0	0	3
A6NCC3	A6NCC3	uc021sii.2	protein_coding	0	0	0	2	0	0	0	0	0	0	0	0	0	0	0	0	0	0	0	2
A6NCC3	A6NCC3.2	uc010ubv.2	protein_coding	0	0	0	3	0	0	0	2	0	0	0	0	0	0	0	0	0	0	0	1
A6NCI4	A6NCI4	uc010vbq.2	protein_coding	0	0	3	6	0	0	0	0	6	3	0	0	0	0	0	0	0	0	0	0
A6NCI4-3	A6NCI4-3	uc002dkg.4	protein_coding	0	0	1	2	0	0	1	0	1	1	0	0	0	0	0	0	0	0	0	0
A6NCI4-4	A6NCI4-4	uc010bxe.1	protein_coding	0	0	1	2	0	0	0	0	1	1	0	0	0	0	0	0	0	0	0	1
A6NCK0	A6NCK0	uc010cdv.3	protein_coding	0	0	0	4	0	0	0	0	4	0	0	0	0	0	0	0	0	0	0	0
A6NCP5	A6NCP5	uc002gns.4	protein_coding	0	1	0	22	1	0	1	3	17	0	0	0	0	0	0	0	0	0	1	0
A6NCP5	A6NCP5	uc010vvl.2	protein_coding	0	2	0	21	1	0	0	3	17	0	0	0	0	0	0	0	0	0	2	0
A6NCP5	A6NCP5	uc010vvm.2	protein_coding	0	2	0	21	1	0	0	3	17	0	0	0	0	0	0	0	0	0	2	0
A6NCQ9	A6NCQ9	uc010vuy.1	protein_coding	0	0	2	0	0	0	0	0	0	2	0	0	0	0	0	0	0	0	0	0
A6NCQ9	A6NCQ9	uc021tqa.1	protein_coding	0	0	2	0	0	0	0	0	0	2	0	0	0	0	0	0	0	0	0	0
A6ND36	A6ND36	uc002guw.3	protein_coding	0	3	1	4	0	0	0	1	4	1	0	0	0	1	0	0	0	0	2	0
A6NDG6	A6NDG6	uc002cpk.1	protein_coding	0	0	0	9	5	0	0	4	0	0	0	0	0	0	0	0	0	0	0	0
A6NDK9	A6NDK9	uc002azs.2	protein_coding	0	2	1	7	2	0	0	2	4	1	0	0	0	1	0	0	0	0	1	0
A6NDK9	A6NDK9.2	uc010bky.2	protein_coding	1	2	4	14	0	0	0	1	14	4	0	1	0	0	0	0	0	0	2	0
A6NDL0	A6NDL0	uc010cvj.1	protein_coding	0	1	0	15	1	0	1	2	0	0	0	0	0	0	0	0	0	0	1	11
A6NDN3	A6NDN3	uc010uks.1	protein_coding	0	2	0	14	2	0	0	1	12	0	0	0	0	1	0	0	0	0	1	0
A6NDP7	A6NDP7	uc010wvf.1	protein_coding	0	2	0	6	2	1	1	3	0	0	0	0	0	0	0	0	0	0	1	0
A6NDP7	A6NDP7	uc021ufi.1	protein_coding	0	1	0	4	0	0	0	3	0	0	0	0	0	0	0	0	0	0	1	1
A6NDR6	A6NDR6	uc002gpc.3	protein_coding	0	1	1	7	0	0	1	0	0	1	0	0	0	0	0	0	0	0	1	6
A6NDS4	A6NDS4	uc002hky.2	protein_coding	0	1	1	21	2	0	0	9	9	1	0	0	0	1	0	0	0	0	0	2
A6NDY0	A6NDY0	uc010vpe.2	protein_coding	0	0	0	15	1	0	0	8	5	0	0	0	0	0	0	0	0	0	0	1
A6NDY0-2	A6NDY0-2	uc002fmi.3	protein_coding	0	0	0	15	1	0	0	8	5	0	0	0	0	0	0	0	0	0	0	1
A6NDY0-4	A6NDY0-4	uc031qxi.1	protein_coding	0	0	0	16	0	0	0	9	6	0	0	0	0	0	0	0	0	0	0	1
A6NE02	A6NE02	uc002jkn.2	protein_coding	0	0	0	10	0	0	0	6	4	0	0	0	0	0	0	0	0	0	0	0
A6NED2	A6NED2	uc002bqj.3	protein_coding	0	0	0	8	0	0	0	4	3	0	0	0	0	0	0	0	0	0	0	1
A6NED2	A6NED2	uc002bqk.3	protein_coding	0	0	0	8	0	0	0	4	3	0	0	0	0	0	0	0	0	0	0	1
A6NEF6	A6NEF6	uc002jdk.3	protein_coding	0	0	0	5	0	0	1	0	1	0	0	0	0	0	0	0	0	0	0	3
A6NEM1	A6NEM1	uc010blt.3	protein_coding	0	0	0	2	0	0	0	2	0	0	0	0	0	0	0	0	0	0	0	0
A6NEM1	A6NEM1.2	uc021ssr.1	protein_coding	0	0	0	34	0	0	0	0	34	0	0	0	0	0	0	0	0	0	0	0
A6NER0	A6NER0	uc010wdj.1	protein_coding	0	0	0	5	0	0	0	5	0	0	0	0	0	0	0	0	0	0	0	0
A6NER0	A6NER0.2	uc002hpp.2	protein_coding	0	1	1	14	0	0	1	2	0	1	0	0	0	0	0	0	0	0	1	11
A6NER6	A6NER6	uc002fac.4	protein_coding	0	0	0	12	1	0	0	0	11	0	0	0	0	0	0	0	0	0	0	0
A6NEY3	A6NEY3	uc010upj.1	protein_coding	0	0	5	16	0	0	0	12	4	5	0	0	0	0	0	0	0	0	0	0
A6NFC5	A6NFC5	uc021ued.1	protein_coding	0	0	0	3	0	0	0	1	2	0	0	0	0	0	0	0	0	0	0	0
A6NFC5-2	A6NFC5-2	uc002jvk.3	protein_coding	0	0	0	3	0	0	0	1	2	0	0	0	0	0	0	0	0	0	0	0
A6NFC5-3	A6NFC5-3	uc010dhm.2	protein_coding	0	0	0	3	0	0	0	1	2	0	0	0	0	0	0	0	0	0	0	0
A6NFD7	A6NFD7	uc010cvf.1	protein_coding	0	0	0	5	0	0	0	5	0	0	0	0	0	0	0	0	0	0	0	0
A6NFN3	A6NFN3	uc010dhs.4	protein_coding	0	1	0	45	2	0	1	7	36	0	0	0	0	1	0	0	0	0	0	0
A6NFU0	A6NFU0	uc002ihp.1	protein_coding	0	0	1	0	0	0	0	0	0	1	0	0	0	0	0	0	0	0	0	0
A6NFU8	A6NFU8	uc002bum.3	protein_coding	0	0	1	7	0	0	0	4	3	1	0	0	0	0	0	0	0	0	0	0
A6NG32	A6NG32	uc002fnt.4	protein_coding	0	0	0	1	0	0	0	0	0	0	0	0	0	0	0	0	0	0	0	1
A6NG32	A6NG32	uc002fnv.4	protein_coding	0	0	0	3	0	0	0	0	2	0	0	0	0	0	0	0	0	0	0	1
A6NG99	A6NG99	uc002hll.1	protein_coding	0	0	1	26	1	0	0	1	24	1	0	0	0	0	0	0	0	0	0	0
A6NGA9	A6NGA9	uc002auq.3	protein_coding	0	0	0	1	0	0	0	1	0	0	0	0	0	0	0	0	0	0	0	0
A6NGC4	A6NGC4	uc021tnh.1	protein_coding	0	0	0	1	0	0	0	1	0	0	0	0	0	0	0	0	0	0	0	0
A6NGP5	A6NGP5	uc010uvk.2	protein_coding	0	0	0	3	0	0	0	0	1	0	0	0	0	0	0	0	0	0	0	2
A6NH21	A6NH21	uc031qrp.1	protein_coding	0	0	0	8	0	0	0	2	5	0	0	0	0	0	0	0	0	0	0	1
A6NH21-2	A6NH21-2	uc001zte.2	protein_coding	0	0	0	8	0	0	0	2	5	0	0	0	0	0	0	0	0	0	0	1
A6NH21-2	A6NH21-2	uc010bds.2	protein_coding	0	0	0	8	0	0	1	2	4	0	0	0	0	0	0	0	0	0	0	1
A6NH52	A6NH52	uc002dae.1	protein_coding	0	0	0	9	3	0	0	1	5	0	0	0	0	0	0	0	0	0	0	0
A6NH52	A6NH52	uc010buo.1	protein_coding	0	1	0	12	2	0	0	1	10	0	0	0	0	1	0	0	0	0	0	0
A6NH57	A6NH57	uc010wea.2	protein_coding	0	0	1	3	0	0	1	0	2	1	0	0	0	0	0	0	0	0	0	0
A6NHN6	A6NHN6	uc010vmt.1	protein_coding	0	0	7	11	0	0	0	0	10	7	0	0	0	0	0	0	0	0	0	1
A6NHR9	A6NHR9	uc002klm.4	protein_coding	0	1	0	25	0	0	0	0	25	0	0	0	0	0	0	0	0	0	1	0
A6NI86	A6NI86	uc021ssn.1	protein_coding	0	2	7	3	0	0	0	1	3	7	0	0	0	1	0	0	0	0	1	0
A6NI86	A6NI86.2	uc021ssz.1	protein_coding	1	4	2	2	0	0	0	2	1	2	0	0	1	0	0	0	0	0	4	0
A6NIB2	A6NIB2	uc002ase.1	protein_coding	0	0	0	2	0	0	0	0	1	0	0	0	0	0	0	0	0	0	0	1
A6NIN4	A6NIN4	uc002gjl.3	protein_coding	0	0	0	1	0	0	0	1	0	0	0	0	0	0	0	0	0	0	0	0
A6NIT4	A6NIT4	uc002jci.3	protein_coding	0	0	0	6	1	0	0	3	2	0	0	0	0	0	0	0	0	0	0	0
A6NJU9	A6NJU9	uc010vel.2	protein_coding	0	0	0	1	0	0	0	0	0	0	0	0	0	0	0	0	0	0	0	1
A6NJU9	A6NJU9	uc010vem.2	protein_coding	0	0	0	1	0	0	0	0	0	0	0	0	0	0	0	0	0	0	0	1
A6NJW4	A6NJW4	uc021twv.1	protein_coding	0	1	0	2	0	0	0	0	2	0	0	0	0	0	0	0	0	0	1	0
A6NK28	A6NK28	uc002aqx.3	protein_coding	0	0	0	16	0	0	1	1	14	0	0	0	0	0	0	0	0	0	0	0
A6NKC9	A6NKC9	uc010blb.1	protein_coding	0	0	2	2	0	0	0	1	1	2	0	0	0	0	0	0	0	0	0	0
A6NKL6	A6NKL6	uc002kmx.1	protein_coding	0	1	0	0	0	0	0	0	0	0	0	0	0	0	0	0	0	0	1	0
A6NKN2	A6NKN2	uc002ktz.3	protein_coding	0	0	0	6	0	0	0	0	6	0	0	0	0	0	0	0	0	0	0	0
A6NL45	A6NL45	uc021skc.1	protein_coding	0	0	0	7	0	0	1	5	1	0	0	0	0	0	0	0	0	0	0	0
A6NLD9	A6NLD9	uc002jgw.1	protein_coding	0	0	1	2	0	0	1	0	1	1	0	0	0	0	0	0	0	0	0	0
A6NLF2	A6NLF2	uc021ujk.1	protein_coding	0	0	0	1	0	0	0	0	0	0	0	0	0	0	0	0	0	0	0	1
A6NLX3	A6NLX3	uc010cnz.1	protein_coding	0	0	0	3	0	0	0	1	1	0	0	0	0	0	0	0	0	0	0	1
A6NM11	A6NM11	uc002ikn.1	protein_coding	0	0	2	2	0	0	0	0	2	2	0	0	0	0	0	0	0	0	0	0
A6NM11	A6NM11	uc031rci.1	protein_coding	0	0	2	2	0	0	0	0	2	2	0	0	0	0	0	0	0	0	0	0
A6NM11	A6NM11	uc031rcj.1	protein_coding	0	0	1	3	1	0	0	0	2	1	0	0	0	0	0	0	0	0	0	0
A6NM11	A6NM11	uc031rck.1	protein_coding	0	0	1	3	1	0	0	0	2	1	0	0	0	0	0	0	0	0	0	0
A6NM11	A6NM11	uc031rcl.1	protein_coding	0	0	2	2	0	0	0	0	2	2	0	0	0	0	0	0	0	0	0	0
A6NM11	A6NM11	uc031rcm.1	protein_coding	0	0	1	3	1	0	0	0	2	1	0	0	0	0	0	0	0	0	0	0
A6NM11	A6NM11	uc031rcn.1	protein_coding	0	0	2	2	0	0	0	0	2	2	0	0	0	0	0	0	0	0	0	0
A6NM11	A6NM11	uc031rco.1	protein_coding	0	0	1	3	1	0	0	0	2	1	0	0	0	0	0	0	0	0	0	0
A6NM11	A6NM11	uc031rcp.1	protein_coding	0	0	1	3	1	0	0	0	2	1	0	0	0	0	0	0	0	0	0	0
A6NM11	A6NM11	uc031rcq.1	protein_coding	0	0	2	2	0	0	0	0	2	2	0	0	0	0	0	0	0	0	0	0
A6NM11	A6NM11	uc031rcr.1	protein_coding	0	0	1	3	1	0	0	0	2	1	0	0	0	0	0	0	0	0	0	0
A6NM11	A6NM11	uc031rcs.1	protein_coding	0	0	2	2	0	0	0	0	2	2	0	0	0	0	0	0	0	0	0	0
A6NM11	A6NM11	uc031rct.1	protein_coding	0	0	2	2	0	0	0	0	2	2	0	0	0	0	0	0	0	0	0	0
A6NM11	A6NM11	uc031rcu.1	protein_coding	0	0	1	3	1	0	0	0	2	1	0	0	0	0	0	0	0	0	0	0
A6NM11	A6NM11	uc031rcv.1	protein_coding	0	0	2	2	0	0	0	0	2	2	0	0	0	0	0	0	0	0	0	0
A6NM11	A6NM11	uc031rcw.1	protein_coding	0	0	1	3	1	0	0	0	2	1	0	0	0	0	0	0	0	0	0	0
A6NM95	A6NM95	uc001zwa.3	protein_coding	0	1	2	12	2	0	0	0	10	2	0	0	0	0	0	0	0	0	1	0
A6NMI8	A6NMI8	uc002bjo.3	protein_coding	0	0	0	5	2	0	0	1	2	0	0	0	0	0	0	0	0	0	0	0
A6NMK7	A6NMK7	uc010dfk.1	protein_coding	0	0	0	10	1	0	0	1	6	0	0	0	0	0	0	0	0	0	0	2
A6NMP3	A6NMP3	uc010dkf.3	protein_coding	0	1	1	35	11	0	0	0	22	1	0	0	0	0	0	0	0	0	1	2
A6NMS7	A6NMS7	uc002ikg.3	protein_coding	0	0	3	5	0	0	0	0	5	3	0	0	0	0	0	0	0	0	0	0
A6NMS7	A6NMS7	uc031rbs.1	protein_coding	0	0	1	6	1	0	0	1	4	1	0	0	0	0	0	0	0	0	0	0
A6NMS7	A6NMS7	uc031rbt.1	protein_coding	0	0	2	5	1	0	0	1	3	2	0	0	0	0	0	0	0	0	0	0
A6NMS7	A6NMS7	uc031rbu.1	protein_coding	0	0	2	5	0	0	0	1	4	2	0	0	0	0	0	0	0	0	0	0
A6NMS7	A6NMS7	uc031rbv.1	protein_coding	0	0	1	6	1	0	0	1	4	1	0	0	0	0	0	0	0	0	0	0
A6NMS7	A6NMS7	uc031rbw.1	protein_coding	0	0	2	5	0	0	0	1	4	2	0	0	0	0	0	0	0	0	0	0
A6NMS7	A6NMS7	uc031rbx.1	protein_coding	0	0	1	6	1	0	0	1	4	1	0	0	0	0	0	0	0	0	0	0
A6NMS7	A6NMS7	uc031rby.1	protein_coding	0	0	1	6	1	0	0	1	4	1	0	0	0	0	0	0	0	0	0	0
A6NMS7	A6NMS7	uc031rbz.1	protein_coding	0	0	3	4	0	0	0	1	3	3	0	0	0	0	0	0	0	0	0	0
A6NMS7	A6NMS7	uc031rca.1	protein_coding	0	0	2	5	1	0	0	1	3	2	0	0	0	0	0	0	0	0	0	0
A6NMS7	A6NMS7	uc031rcb.1	protein_coding	0	0	3	4	0	0	0	1	3	3	0	0	0	0	0	0	0	0	0	0
A6NMS7	A6NMS7	uc031rcc.1	protein_coding	0	0	3	4	0	0	0	1	3	3	0	0	0	0	0	0	0	0	0	0
A6NMS7	A6NMS7	uc031rcd.1	protein_coding	0	0	1	6	1	0	0	1	4	1	0	0	0	0	0	0	0	0	0	0
A6NMS7	A6NMS7	uc031rce.1	protein_coding	0	0	3	4	0	0	0	1	3	3	0	0	0	0	0	0	0	0	0	0
A6NMS7	A6NMS7	uc031rcf.1	protein_coding	0	0	2	5	1	0	0	1	3	2	0	0	0	0	0	0	0	0	0	0
A6NMS7	A6NMS7	uc031rcg.1	protein_coding	0	0	2	5	0	0	0	1	4	2	0	0	0	0	0	0	0	0	0	0
A6NNM0	A6NNM0	uc002ctu.3	protein_coding	0	2	1	8	1	0	0	1	5	1	0	0	0	0	0	0	0	0	2	1
A6NNM8-2	A6NNM8-2	uc002bpd.1	protein_coding	0	0	0	15	0	0	0	1	11	0	0	0	0	0	0	0	0	0	0	3
A6NNN8	A6NNN8	uc002fhg.1	protein_coding	0	4	0	20	0	0	0	1	20	0	0	0	0	1	0	0	0	0	3	0
A6NNS2	A6NNS2	uc010vvb.2	protein_coding	0	0	0	2	0	0	0	0	2	0	0	0	0	0	0	0	0	0	0	0
A6NNT2	A6NNT2	uc010uxn.2	protein_coding	0	2	1	2	0	0	0	0	3	1	0	0	0	1	0	0	0	0	1	0
A6XGL4	A6XGL4	uc010clb.2	protein_coding	0	0	0	4	0	0	0	0	3	0	0	0	0	0	0	0	0	0	0	1
A7E2F4	A7E2F4	uc001zih.3	protein_coding	0	0	2	4	2	0	0	0	0	2	0	0	0	0	0	0	0	0	0	2
A7E2F4-3	A7E2F4-3	uc001zii.3	protein_coding	0	0	3	3	2	0	0	0	1	3	0	0	0	0	0	0	0	0	0	0
A7L9S6	A7L9S6	uc010cyt.3	protein_coding	0	0	0	2	0	0	0	0	0	0	0	0	0	0	0	0	0	0	0	2
A7MBM2	A7MBM2	uc001zlk.1	protein_coding	0	2	3	1	1	0	0	0	0	3	0	0	0	0	0	0	0	0	2	0
A7MCY6	A7MCY6	uc002ilu.3	protein_coding	0	1	0	1	0	0	0	0	2	0	0	0	0	1	0	0	0	0	0	0
A7Y2D6	A7Y2D6	uc010bfl.1	protein_coding	0	0	0	4	0	0	0	0	3	0	0	0	0	0	0	0	0	0	0	1
A8CDT9	A8CDT9	uc002abx.3	protein_coding	0	3	2	24	2	0	0	0	22	2	0	0	0	0	0	0	0	0	3	0
A8K070	A8K070	uc010dij.1	protein_coding	0	0	0	27	0	0	0	4	2	0	0	0	0	0	0	0	0	0	0	21
A8K186	A8K186	uc002for.4	protein_coding	0	1	0	12	4	0	0	1	3	0	0	0	0	0	0	0	0	0	1	4
A8K186	A8K186	uc010ciq.3	protein_coding	0	1	0	12	4	0	0	1	3	0	0	0	0	0	0	0	0	0	1	4
A8K1U8	A8K1U8	uc001ztj.1	protein_coding	0	0	0	2	0	0	0	0	2	0	0	0	0	0	0	0	0	0	0	0
A8K1U8	A8K1U8	uc001ztm.3	protein_coding	0	0	0	5	0	0	0	0	5	0	0	0	0	0	0	0	0	0	0	0
A8K1U8	A8K1U8	uc010uef.2	protein_coding	0	0	0	2	0	0	0	0	2	0	0	0	0	0	0	0	0	0	0	0
A8K2M7	A8K2M7	uc010ujj.1	protein_coding	0	0	0	3	0	0	0	0	3	0	0	0	0	0	0	0	0	0	0	0
A8K370	A8K370	uc010cip.2	protein_coding	0	0	0	9	2	0	0	3	4	0	0	0	0	0	0	0	0	0	0	0
A8K398	A8K398	uc002gsw.1	protein_coding	0	0	1	9	0	0	0	0	7	1	0	0	0	0	0	0	0	0	0	2
A8K398	A8K398	uc010cpz.1	protein_coding	0	0	1	4	0	0	1	0	1	1	0	0	0	0	0	0	0	0	0	2
A8K3N4	A8K3N4	uc002krl.3	protein_coding	0	0	0	9	1	0	0	0	8	0	0	0	0	0	0	0	0	0	0	0
A8K541	A8K541	uc010dml.3	protein_coding	0	0	0	16	2	0	0	0	14	0	0	0	0	0	0	0	0	0	0	0
A8K5M9	A8K5M9	uc010bby.3	protein_coding	0	0	0	17	3	0	1	8	0	0	0	0	0	0	0	0	0	0	0	5
A8K6K1	A8K6K1	uc010caa.3	protein_coding	0	2	1	7	0	1	2	2	0	1	0	0	0	0	0	0	0	0	1	3
A8K7A9	A8K7A9	uc010czq.2	protein_coding	0	0	2	2	1	0	0	0	1	2	0	0	0	0	0	0	0	0	0	0
A8K968	A8K968	uc010dkq.1	protein_coding	0	1	0	21	2	0	1	0	17	0	0	0	0	0	0	0	0	0	1	1
A8K979	A8K979	uc002dht.3	protein_coding	0	2	1	12	0	0	0	0	12	1	0	0	0	0	0	0	0	0	2	0
A8K979	A8K979	uc010bwh.2	protein_coding	0	2	1	1	0	0	0	0	0	1	0	0	0	0	0	0	0	0	2	1
A8K979	A8K979	uc010vbb.1	protein_coding	0	2	1	1	0	0	0	0	0	1	0	0	0	0	0	0	0	0	2	1
A8K979	A8K979	uc010vbc.1	protein_coding	0	1	1	2	0	0	0	0	1	1	0	0	0	0	0	0	0	0	1	1
A8K979-3	A8K979-3	uc002dhu.1	protein_coding	0	1	0	3	1	0	0	0	1	0	0	0	0	0	0	0	0	0	1	1
A8K979-4	A8K979-4	uc002dhs.3	protein_coding	0	1	0	10	0	0	0	1	8	0	0	0	0	0	0	0	0	0	1	1
A8K9Q6	A8K9Q6	uc001zup.4	protein_coding	0	1	0	9	0	1	1	8	0	0	0	0	0	0	0	0	0	0	0	0
A8K9Q6	A8K9Q6	uc010bec.4	protein_coding	0	1	0	9	0	1	1	8	0	0	0	0	0	0	0	0	0	0	0	0
A8K9T0	A8K9T0	uc002acy.3	protein_coding	0	1	0	13	1	0	2	0	10	0	0	0	0	0	0	0	0	0	1	0
A8K9T0	A8K9T0	uc010bfk.2	protein_coding	0	1	0	2	1	0	0	0	1	0	0	0	0	0	0	0	0	0	1	0
A8KA13	A8KA13	uc010clt.1	protein_coding	0	2	0	4	0	0	0	0	3	0	0	0	0	0	0	0	0	0	2	1
A8KAH5	A8KAH5	uc010cgh.2	protein_coding	0	0	0	11	3	0	0	3	5	0	0	0	0	0	0	0	0	0	0	0
A8MQT2	A8MQT2	uc001zip.3	protein_coding	0	0	2	36	15	0	2	18	1	2	0	0	0	0	0	0	0	0	0	0
A8MQT2	A8MQT2	uc001ziq.3	protein_coding	0	0	4	34	15	0	0	18	1	4	0	0	0	0	0	0	0	0	0	0
A8MQT2	A8MQT2	uc010ucf.2	protein_coding	0	0	2	36	15	0	2	18	1	2	0	0	0	0	0	0	0	0	0	0
A8MRA6	A8MRA6	uc010wuo.2	protein_coding	0	0	0	14	0	0	1	7	6	0	0	0	0	0	0	0	0	0	0	0
A8MRT5	A8MRT5	uc010bxg.3	protein_coding	0	2	2	1	0	0	0	0	1	2	0	0	0	0	0	0	0	0	2	0
A8MRT5	A8MRT5	uc010bxi.3	protein_coding	0	2	2	0	0	0	0	0	0	2	0	0	0	0	0	0	0	0	2	0
A8MRT5	A8MRT5	uc010bxk.3	protein_coding	0	2	2	0	0	0	0	0	0	2	0	0	0	0	0	0	0	0	2	0
A8MRT5	A8MRT5	uc010vbv.2	protein_coding	0	2	2	0	0	0	0	0	0	2	0	0	0	0	0	0	0	0	2	0
A8MRT5	A8MRT5	uc021tew.1	protein_coding	0	2	2	0	0	0	0	0	0	2	0	0	0	0	0	0	0	0	2	0
A8MSI8	A8MSI8	uc002gzx.3	protein_coding	0	0	0	2	1	0	0	0	1	0	0	0	0	0	0	0	0	0	0	0
A8MSP2	A8MSP2	uc002jld.2	protein_coding	0	0	0	11	0	0	0	0	11	0	0	0	0	0	0	0	0	0	0	0
A8MT21	A8MT21	uc002hwz.3	protein_coding	0	1	1	6	0	0	0	0	6	1	0	0	0	0	0	0	0	0	1	0
A8MT21	A8MT21	uc002hxa.3	protein_coding	0	1	1	6	0	0	0	0	6	1	0	0	0	0	0	0	0	0	1	0
A8MT33	A8MT33	uc010vnh.1	protein_coding	0	1	2	14	1	0	0	0	9	2	0	0	0	0	0	0	0	0	1	4
A8MT69	A8MT69	uc031rey.1	protein_coding	0	0	0	2	0	0	0	1	1	0	0	0	0	0	0	0	0	0	0	0
A8MT69-2	A8MT69-2	uc002kdc.4	protein_coding	0	0	0	2	0	0	0	1	1	0	0	0	0	0	0	0	0	0	0	0
A8MT69-3	A8MT69-3	uc002kdd.4	protein_coding	0	0	0	2	0	0	0	1	1	0	0	0	0	0	0	0	0	0	0	0
A8MTU8	A8MTU8	uc002grp.2	protein_coding	0	1	1	4	2	0	0	0	1	1	0	0	0	0	0	0	0	0	1	1
A8MTY7	A8MTY7	uc031rah.1	protein_coding	0	1	2	3	0	0	0	3	0	2	0	0	0	0	0	0	0	0	1	0
A8MUP8	A8MUP8	uc031rae.1	protein_coding	0	0	0	4	0	0	0	0	3	0	0	0	0	0	0	0	0	0	0	1
A8MUS3	A8MUS3	uc021ttu.1	protein_coding	0	0	0	3	0	0	0	3	0	0	0	0	0	0	0	0	0	0	0	0
A8MUU7	A8MUU7	uc002jlc.2	protein_coding	0	0	0	11	0	0	0	0	11	0	0	0	0	0	0	0	0	0	0	0
A8MUW5	A8MUW5	uc001zkc.3	protein_coding	0	0	0	2	0	0	0	0	2	0	0	0	0	0	0	0	0	0	0	0
A8MUX0	A8MUX0	uc021txi.1	protein_coding	0	0	0	1	0	0	0	1	0	0	0	0	0	0	0	0	0	0	0	0
A8MV24	A8MV24	uc002hqv.2	protein_coding	0	0	1	1	0	0	0	0	1	1	0	0	0	0	0	0	0	0	0	0
A8MV67	A8MV67	uc001yte.1	protein_coding	0	1	1	9	0	0	0	0	1	1	0	0	0	1	0	0	0	0	0	9
A8MVA2	A8MVA2	uc031rag.1	protein_coding	0	0	2	0	0	0	0	0	0	2	0	0	0	0	0	0	0	0	0	0
A8MVM2	A8MVM2	uc002gvs.3	protein_coding	0	0	0	2	0	0	0	1	1	0	0	0	0	0	0	0	0	0	0	0
A8MWC2	A8MWC2	uc002gdy.3	protein_coding	0	0	0	14	3	0	0	7	0	0	0	0	0	0	0	0	0	0	0	4
A8MWK3	A8MWK3	uc010xbn.1	protein_coding	0	3	0	5	1	0	0	0	4	0	0	0	0	0	0	0	0	0	3	0
A8MWR2	A8MWR2	uc010cwx.1	protein_coding	0	0	0	1	1	0	0	0	0	0	0	0	0	0	0	0	0	0	0	0
A8MWU4	A8MWU4	uc010wde.2	protein_coding	0	2	1	6	0	0	0	0	6	1	0	0	0	2	0	0	0	0	1	1
A8MWX3	A8MWX3	uc002cfg.1	protein_coding	0	3	3	23	0	1	3	11	7	3	0	0	0	1	0	0	0	0	1	3
A8MX34	A8MX34	uc031rai.1	protein_coding	0	1	0	1	0	0	0	0	0	0	0	0	0	0	0	0	0	0	1	1
A8MXR7	A8MXR7	uc021twx.1	protein_coding	0	0	0	12	2	0	1	3	6	0	0	0	0	0	0	0	0	0	0	0
A8MXV6	A8MXV6	uc021tsn.1	protein_coding	0	0	0	1	0	0	0	1	0	0	0	0	0	0	0	0	0	0	0	0
A8MXW0	A8MXW0	uc021ufg.1	protein_coding	0	0	0	1	1	0	0	0	0	0	0	0	0	0	0	0	0	0	0	0
A8MXZ3	A8MXZ3	uc021txf.1	protein_coding	0	0	1	3	0	0	0	0	0	1	0	0	0	0	0	0	0	0	0	3
A8MY68	A8MY68	uc002hki.3	protein_coding	0	0	1	3	0	0	0	0	3	1	0	0	0	0	0	0	0	0	0	0
A8MY87	A8MY87	uc002gzm.3	protein_coding	0	0	0	16	0	0	0	0	14	0	0	0	0	0	0	0	0	0	0	2
A8MYD5	A8MYD5	uc021tpb.1	protein_coding	0	0	0	1	0	0	0	0	0	0	0	0	0	0	0	0	0	0	0	1
A8MYE0	A8MYE0	uc002hog.1	protein_coding	0	1	1	2	0	0	0	0	3	1	0	0	0	2	0	0	0	0	0	0
A8MYE0	A8MYE0	uc010wdh.1	protein_coding	0	1	1	3	0	0	0	0	3	1	0	0	0	2	0	0	0	0	0	1
A8MYH2	A8MYH2	uc001zsm.2	protein_coding	0	0	0	1	0	0	0	0	1	0	0	0	0	0	0	0	0	0	0	0
A8MYJ1	A8MYJ1	uc002blx.2	protein_coding	0	0	0	12	1	0	0	1	10	0	0	0	0	0	0	0	0	0	0	0
A8MYP9	A8MYP9	uc010waw.2	protein_coding	0	1	0	2	0	0	0	0	0	0	0	0	0	0	0	0	0	0	1	2
A8MYT4	A8MYT4	uc010xcl.2	protein_coding	0	0	0	9	0	0	0	0	9	0	0	0	0	0	0	0	0	0	0	0
A8MZ36	A8MZ36	uc002gte.3	protein_coding	0	2	1	2	0	0	0	0	2	1	0	0	0	0	0	0	0	0	2	0
A8MZ66	A8MZ66	uc010vwx.3	protein_coding	0	1	1	6	0	0	0	0	6	1	0	0	0	0	0	0	0	0	1	0
A8MZA4	A8MZA4	uc001ytk.2	protein_coding	1	6	4	9	2	0	0	2	5	4	0	0	0	0	0	1	0	0	6	0
A8MZE6	A8MZE6	uc002ffy.4	protein_coding	0	0	2	6	0	0	0	0	6	2	0	0	0	0	0	0	0	0	0	0
A8MZG2-2	A8MZG2-2	uc002cvi.3	protein_coding	0	0	0	6	0	0	0	2	1	0	0	0	0	0	0	0	0	0	0	3
A8QM57	A8QM57	uc010xfp.2	protein_coding	0	0	0	1	0	0	0	1	0	0	0	0	0	0	0	0	0	0	0	0
A9CQZ8	A9CQZ8	uc010azl.3	protein_coding	0	2	0	5	0	0	0	0	5	0	0	0	0	0	0	0	0	0	2	0
A9UHW6	A9UHW6	uc002jnr.3	protein_coding	0	0	0	4	0	0	0	3	0	0	0	0	0	0	0	0	0	0	0	1
A9UHW6	A9UHW6	uc021ucx.1	protein_coding	0	0	0	4	0	0	0	3	0	0	0	0	0	0	0	0	0	0	0	1
A9UHW6-2	A9UHW6-2	uc002jnp.3	protein_coding	0	0	0	4	0	0	0	3	0	0	0	0	0	0	0	0	0	0	0	1
B0AZU4	B0AZU4	uc010bne.1	protein_coding	0	1	0	16	0	0	0	0	6	0	0	0	0	0	0	0	0	0	1	10
B0FWH5	B0FWH5	uc010cnc.2	protein_coding	0	0	0	4	0	0	0	1	2	0	0	0	0	0	0	0	0	0	0	1
B0FWH6	B0FWH6	uc010cnd.2	protein_coding	0	0	0	4	0	0	0	1	2	0	0	0	0	0	0	0	0	0	0	1
B0FWH7	B0FWH7	uc010cna.2	protein_coding	0	0	0	4	0	0	0	1	2	0	0	0	0	0	0	0	0	0	0	1
B0I1S3	B0I1S3	uc002jvq.3	protein_coding	0	2	1	12	0	0	0	0	8	1	0	0	0	0	0	0	0	0	2	4
B0I4X3	B0I4X3	uc010cpq.1	protein_coding	0	0	0	7	0	0	0	3	4	0	0	0	0	0	0	0	0	0	0	0
B0I4X4	B0I4X4	uc010cpp.1	protein_coding	0	0	0	6	0	0	0	3	1	0	0	0	0	0	0	0	0	0	0	2
B0QYN7	B0QYN7	uc002clh.1	protein_coding	0	2	2	23	1	0	0	11	8	2	0	0	0	0	0	0	0	0	2	3
B0QYN7	B0QYN7	uc002cli.1	protein_coding	0	2	2	23	1	0	0	11	8	2	0	0	0	0	0	0	0	0	2	3
B0YJ33	B0YJ33	uc002kus.4	protein_coding	0	2	2	14	2	0	0	0	14	2	0	0	0	2	0	0	0	0	0	0
B1A4G7	B1A4G7	uc002jdi.3	protein_coding	0	0	0	5	0	0	1	0	1	0	0	0	0	0	0	0	0	0	0	3
B1A4G9	B1A4G9	uc002jdl.3	protein_coding	0	0	0	5	0	0	1	0	1	0	0	0	0	0	0	0	0	0	0	3
B1A4H0	B1A4H0	uc002jdm.3	protein_coding	0	0	0	5	0	0	1	0	1	0	0	0	0	0	0	0	0	0	0	3
B1A4H9	B1A4H9	uc002jcg.3	protein_coding	0	1	0	5	0	0	0	3	2	0	0	0	0	0	0	0	0	0	1	0
B1AA16	B1AA16	uc002frk.3	protein_coding	0	1	0	24	1	0	1	0	22	0	0	0	0	0	0	0	0	0	1	0
B1AK40	B1AK40	uc002cnd.3	protein_coding	0	1	0	40	3	0	0	10	22	0	0	0	0	0	0	0	0	0	1	5
B1N7F6	B1N7F6	uc010bab.3	protein_coding	0	0	0	3	0	0	0	0	3	0	0	0	0	0	0	0	0	0	0	0
B1N7G4	B1N7G4	uc010bac.3	protein_coding	0	0	0	3	0	0	0	0	3	0	0	0	0	0	0	0	0	0	0	0
B1N7G6	B1N7G6	uc010baj.1	protein_coding	0	0	0	6	0	0	0	1	3	0	0	0	0	0	0	0	0	0	0	2
B1PS43	B1PS43	uc010bvg.3	protein_coding	0	9	0	35	0	1	1	1	33	0	0	0	0	0	0	0	0	0	8	0
B2KJ49	B2KJ49	uc010xbd.2	protein_coding	0	0	0	1	0	0	0	0	1	0	0	0	0	0	0	0	0	0	0	0
B2RD01	B2RD01	uc002fpr.3	protein_coding	0	1	1	5	0	1	1	3	0	1	0	0	0	0	0	0	0	0	0	1
B2RTY4	B2RTY4	uc002atl.5	protein_coding	0	1	2	11	0	0	0	0	11	2	0	0	0	0	0	0	0	0	1	0
B2RTY4-3	B2RTY4-3	uc002ato.4	protein_coding	0	0	0	3	0	0	0	0	3	0	0	0	0	0	0	0	0	0	0	0
B2RTY4-4	B2RTY4-4	uc002atn.1	protein_coding	0	1	1	6	0	0	0	0	6	1	0	0	0	0	0	0	0	0	1	0
B2RU33	B2RU33	uc010dln.3	protein_coding	0	4	4	9	0	1	2	0	7	4	0	0	0	0	0	0	0	0	3	0
B2RV13	B2RV13	uc002ieg.3	protein_coding	0	1	0	2	0	0	0	0	2	0	0	0	0	0	0	0	0	0	1	0
B2RWP9	B2RWP9	uc010cnx.4	protein_coding	0	2	0	28	1	0	0	0	27	0	0	0	0	0	0	0	0	0	2	0
B3KMI4	B3KMI4	uc010wps.2	protein_coding	0	0	0	10	2	0	0	7	0	0	0	0	0	0	0	0	0	0	0	1
B3KN43	B3KN43	uc002iqr.2	protein_coding	0	0	0	4	0	0	0	0	2	0	0	0	0	0	0	0	0	0	0	2
B3KNR9	B3KNR9	uc002kfw.1	protein_coding	0	2	0	7	0	0	1	2	4	0	0	0	0	0	0	0	0	0	2	0
B3KNS3	B3KNS3	uc002bbs.3	protein_coding	0	0	2	4	2	0	0	1	1	2	0	0	0	0	0	0	0	0	0	0
B3KNW1	B3KNW1	uc002faz.3	protein_coding	0	0	0	3	0	0	0	2	0	0	0	0	0	0	0	0	0	0	0	1
B3KP25	B3KP25	uc002cre.3	protein_coding	0	0	0	2	0	0	0	1	1	0	0	0	0	0	0	0	0	0	0	0
B3KP81	B3KP81	uc001zjn.3	protein_coding	0	0	0	9	0	0	0	0	9	0	0	0	0	0	0	0	0	0	0	0
B3KP96	B3KP96	uc002goy.3	protein_coding	0	1	1	9	0	0	0	1	8	1	0	0	0	0	0	0	0	0	1	0
B3KPV9	B3KPV9	uc002jzh.2	protein_coding	0	0	1	10	0	0	0	1	9	1	0	0	0	0	0	0	0	0	0	0
B3KPW6	B3KPW6	uc002enz.2	protein_coding	0	1	0	13	0	0	0	5	8	0	0	0	0	0	0	0	0	0	1	0
B3KPZ0	B3KPZ0	uc010ckp.3	protein_coding	0	3	0	23	4	0	0	0	19	0	0	0	0	0	0	0	0	0	3	0
B3KQ66	B3KQ66	uc001zsv.1	protein_coding	0	0	0	5	1	0	0	2	1	0	0	0	0	0	0	0	0	0	0	1
B3KQJ3	B3KQJ3	uc002foa.2	protein_coding	0	0	0	8	0	0	0	5	3	0	0	0	0	0	0	0	0	0	0	0
B3KQW7	B3KQW7	uc002ftv.3	protein_coding	0	1	0	2	0	0	0	0	1	0	0	0	0	0	0	0	0	0	1	1
B3KQW7	B3KQW7	uc002ftw.3	protein_coding	0	1	0	2	0	0	0	0	1	0	0	0	0	0	0	0	0	0	1	1
B3KR45	B3KR45	uc002fmk.2	protein_coding	0	1	0	9	1	0	0	0	4	0	0	0	0	0	0	0	0	0	1	4
B3KRA2	B3KRA2	uc002hxb.1	protein_coding	0	1	0	11	5	0	0	0	2	0	0	0	0	0	0	0	0	0	1	4
B3KRC7	B3KRC7	uc010wof.2	protein_coding	0	0	0	1	0	0	0	0	0	0	0	0	0	0	0	0	0	0	0	1
B3KRF4	B3KRF4	uc002kxr.4	protein_coding	0	0	0	5	1	0	0	0	4	0	0	0	0	0	0	0	0	0	0	0
B3KRK3	B3KRK3	uc001zyp.4	protein_coding	0	0	0	2	0	0	0	0	2	0	0	0	0	0	0	0	0	0	0	0
B3KRL4	B3KRL4	uc002fkz.3	protein_coding	0	0	0	5	1	0	0	0	1	0	0	0	0	0	0	0	0	0	0	3
B3KRR7	B3KRR7	uc002chp.3	protein_coding	0	0	0	1	0	0	0	0	0	0	0	0	0	0	0	0	0	0	0	1
B3KRT6	B3KRT6	uc002axi.3	protein_coding	0	0	0	12	1	0	0	1	9	0	0	0	0	0	0	0	0	0	0	1
B3KRX8	B3KRX8	uc002gvj.3	protein_coding	0	0	1	5	0	0	0	1	3	1	0	0	0	0	0	0	0	0	0	1
B3KS60	B3KS60	uc002ent.4	protein_coding	0	1	0	9	0	1	1	3	2	0	0	0	0	0	0	0	0	0	0	3
B3KSB2	B3KSB2	uc002jae.4	protein_coding	0	2	0	19	0	0	0	0	14	0	0	0	0	0	0	0	0	0	2	5
B3KSE1	B3KSE1	uc002eyh.2	protein_coding	0	2	1	19	6	0	0	0	8	1	0	0	0	1	0	0	0	0	1	6
B3KSE1	B3KSE1	uc010vls.1	protein_coding	0	2	1	19	6	0	0	0	8	1	0	0	0	1	0	0	0	0	1	6
B3KSI2	B3KSI2	uc002hbe.1	protein_coding	0	0	0	8	2	0	0	0	0	0	0	0	0	0	0	0	0	0	0	6
B3KSM8	B3KSM8	uc002ezl.3	protein_coding	0	0	0	14	0	0	0	3	11	0	0	0	0	0	0	0	0	0	0	0
B3KSR9	B3KSR9	uc002coq.3	protein_coding	0	1	1	12	0	0	0	5	4	1	0	0	0	0	0	0	0	0	1	3
B3KSU9	B3KSU9	uc002gnx.4	protein_coding	0	1	0	8	2	0	0	4	3	0	0	0	0	1	0	0	0	0	0	0
B3KSY6	B3KSY6	uc002fnl.3	protein_coding	0	0	0	4	0	0	0	4	0	0	0	0	0	0	0	0	0	0	0	0
B3KT23	B3KT23	uc002gpj.3	protein_coding	0	0	0	4	1	0	1	1	1	0	0	0	0	0	0	0	0	0	0	0
B3KT23	B3KT23	uc002gpk.4	protein_coding	0	0	0	4	2	0	1	1	0	0	0	0	0	0	0	0	0	0	0	0
B3KT50	B3KT50	uc002kms.1	protein_coding	0	0	0	13	2	0	1	0	8	0	0	0	0	0	0	0	0	0	0	2
B3KT62	B3KT62	uc002lfx.2	protein_coding	0	1	1	14	2	0	0	0	12	1	0	0	0	0	0	0	0	0	1	0
B3KTC5	B3KTC5	uc002hoq.2	protein_coding	0	0	0	5	0	0	0	5	0	0	0	0	0	0	0	0	0	0	0	0
B3KTM3	B3KTM3	uc002iqe.4	protein_coding	0	0	0	7	0	0	0	5	1	0	0	0	0	0	0	0	0	0	0	1
B3KTQ9	B3KTQ9	uc002kbl.1	protein_coding	0	0	0	2	0	0	0	1	1	0	0	0	0	0	0	0	0	0	0	0
B3KTQ9	B3KTQ9	uc002kbm.1	protein_coding	0	0	0	4	0	0	1	1	2	0	0	0	0	0	0	0	0	0	0	0
B3KTR9	B3KTR9	uc001zhd.2	protein_coding	0	0	0	8	7	0	0	1	0	0	0	0	0	0	0	0	0	0	0	0
B3KTU5	B3KTU5	uc002jum.4	protein_coding	0	1	3	21	2	0	1	8	10	3	0	0	0	1	0	0	0	0	0	1
B3KUB4	B3KUB4	uc002ame.3	protein_coding	0	0	0	7	2	0	0	1	4	0	0	0	0	0	0	0	0	0	0	0
B3KUC0	B3KUC0	uc002lfy.2	protein_coding	0	1	0	22	2	0	0	0	20	0	0	0	0	0	0	0	0	0	1	0
B3KUD9	B3KUD9	uc002clu.3	protein_coding	0	1	0	21	0	0	1	9	7	0	0	0	0	1	0	0	0	0	0	5
B3KUH7	B3KUH7	uc002cwi.1	protein_coding	0	0	1	28	1	0	0	1	25	1	0	0	0	0	0	0	0	0	0	1
B3KUQ8	B3KUQ8	uc002dgd.1	protein_coding	0	0	1	13	0	0	0	1	12	1	0	0	0	0	0	0	0	0	0	0
B3KUS7	B3KUS7	uc002jjp.1	protein_coding	0	0	0	1	1	0	0	0	0	0	0	0	0	0	0	0	0	0	0	0
B3KUU5	B3KUU5	uc002jqj.2	protein_coding	0	0	0	5	1	0	0	0	4	0	0	0	0	0	0	0	0	0	0	0
B3KV57	B3KV57	uc002bll.3	protein_coding	0	0	0	3	0	0	0	0	2	0	0	0	0	0	0	0	0	0	0	1
B3KVD1	B3KVD1	uc010dnn.2	protein_coding	0	0	0	7	0	0	0	1	6	0	0	0	0	0	0	0	0	0	0	0
B3KVI7	B3KVI7	uc001zlq.2	protein_coding	0	0	1	9	1	0	0	0	8	1	0	0	0	0	0	0	0	0	0	0
B3KVT9	B3KVT9	uc001zrp.3	protein_coding	0	0	0	3	0	0	0	1	2	0	0	0	0	0	0	0	0	0	0	0
B3KVX5	B3KVX5	uc002eew.4	protein_coding	0	0	0	2	0	0	0	0	0	0	0	0	0	0	0	0	0	0	0	2
B3KWE2	B3KWE2	uc002fdu.3	protein_coding	0	2	0	6	0	0	0	1	3	0	0	0	0	0	0	0	0	0	2	2
B3KWS6	B3KWS6	uc002fdt.3	protein_coding	0	1	0	6	0	1	2	1	2	0	0	0	0	0	0	0	0	0	0	1
B3KWV4	B3KWV4	uc002gjh.2	protein_coding	0	0	0	1	0	0	0	0	1	0	0	0	0	0	0	0	0	0	0	0
B3KWV6	B3KWV6	uc010aya.1	protein_coding	0	1	2	16	0	0	0	0	16	2	0	0	0	0	0	0	0	0	1	0
B3KX23	B3KX23	uc002jbw.1	protein_coding	0	0	0	2	0	0	0	0	2	0	0	0	0	0	0	0	0	0	0	0
B3KX47	B3KX47	uc002joj.3	protein_coding	0	2	5	31	2	0	0	0	31	5	0	0	0	2	0	0	0	0	0	0
B3KXH7	B3KXH7	uc002fiz.3	protein_coding	0	1	1	11	2	0	0	1	6	1	0	0	0	0	0	0	0	0	1	2
B3KXJ3	B3KXJ3	uc002lbh.4	protein_coding	0	1	0	14	0	0	0	0	13	0	0	0	0	0	0	0	0	0	1	1
B3KXM6	B3KXM6	uc002ebs.1	protein_coding	0	1	1	10	0	0	0	7	3	1	0	0	0	0	0	0	0	0	1	0
B3KXM6	B3KXM6	uc010can.3	protein_coding	0	1	2	10	2	0	0	1	7	2	0	0	0	0	0	0	0	0	1	0
B3KXR0	B3KXR0	uc002gdk.3	protein_coding	0	0	0	13	4	0	0	0	9	0	0	0	0	0	0	0	0	0	0	0
B3KXT2	B3KXT2	uc002agq.4	protein_coding	0	0	1	6	1	0	0	1	1	1	0	0	0	0	0	0	0	0	0	3
B3KXW5	B3KXW5	uc002fbb.3	protein_coding	0	1	0	12	0	0	0	2	11	0	0	0	0	1	0	0	0	0	0	0
B3KXX3	B3KXX3	uc001zhu.3	protein_coding	0	4	0	12	4	1	1	3	4	0	0	0	0	1	0	0	0	0	2	0
B3KY10	B3KY10	uc001zpb.3	protein_coding	0	0	0	14	0	0	0	8	3	0	0	0	0	0	0	0	0	0	0	3
B3KY17	B3KY17	uc002drp.1	protein_coding	0	1	0	8	1	0	0	1	6	0	0	0	0	0	0	0	0	0	1	0
B3KY62	B3KY62	uc002bgi.1	protein_coding	0	1	0	6	0	0	0	3	3	0	0	0	0	0	0	0	0	0	1	0
B3KY94	B3KY94	uc002duk.3	protein_coding	0	0	0	1	0	0	0	0	1	0	0	0	0	0	0	0	0	0	0	0
B3KYA8	B3KYA8	uc002ldf.3	protein_coding	0	0	0	5	0	0	0	1	4	0	0	0	0	0	0	0	0	0	0	0
B3RFR9	B3RFR9	uc010cyi.3	protein_coding	0	1	1	2	0	0	0	0	1	1	0	0	0	0	0	0	0	0	1	1
B3SHH9	B3SHH9	uc010uyd.2	protein_coding	0	0	0	2	1	0	0	1	0	0	0	0	0	0	0	0	0	0	0	0
B3TIK8	B3TIK8	uc010dao.3	protein_coding	0	0	0	5	1	0	0	0	4	0	0	0	0	0	0	0	0	0	0	0
B4DDD1	B4DDD1	uc021sjh.1	protein_coding	0	0	0	2	0	0	0	0	0	0	0	0	0	0	0	0	0	0	0	2
B4DDF0	B4DDF0	uc010ums.2	protein_coding	0	1	0	5	0	0	0	0	5	0	0	0	0	0	0	0	0	0	1	0
B4DDH6	B4DDH6	uc010ujz.2	protein_coding	0	0	0	7	0	0	0	1	6	0	0	0	0	0	0	0	0	0	0	0
B4DDI9	B4DDI9	uc010wrj.3	protein_coding	0	0	0	2	0	0	0	0	2	0	0	0	0	0	0	0	0	0	0	0
B4DDJ0	B4DDJ0	uc010bjn.2	protein_coding	0	0	0	1	0	0	0	0	1	0	0	0	0	0	0	0	0	0	0	0
B4DDK2	B4DDK2	uc010wqm.1	protein_coding	0	0	0	3	0	0	0	0	3	0	0	0	0	0	0	0	0	0	0	0
B4DDR0	B4DDR0	uc010vbt.3	protein_coding	0	1	1	11	0	0	0	0	12	1	0	0	0	1	0	0	0	0	0	0
B4DDS9	B4DDS9	uc010dlr.1	protein_coding	0	1	0	7	0	0	0	0	7	0	0	0	0	0	0	0	0	0	1	0
B4DDX0	B4DDX0	uc010vfk.1	protein_coding	0	0	1	5	0	0	0	1	0	1	0	0	0	0	0	0	0	0	0	4
B4DDZ0	B4DDZ0	uc010vng.2	protein_coding	0	2	0	5	3	0	0	0	1	0	0	0	0	0	0	0	0	0	2	1
B4DE42	B4DE42	uc002fya.4	protein_coding	0	0	2	12	0	0	1	8	2	2	0	0	0	0	0	0	0	0	0	1
B4DE42	B4DE42	uc010vsa.2	protein_coding	0	0	2	12	0	0	0	8	4	2	0	0	0	0	0	0	0	0	0	0
B4DE54	B4DE54	uc010vow.2	protein_coding	0	3	0	18	0	0	0	0	18	0	0	0	0	0	0	0	0	0	3	0
B4DE59	B4DE59	uc010wfs.2	protein_coding	0	3	0	97	0	0	0	0	98	0	0	0	0	1	0	0	0	0	2	0
B4DEC1	B4DEC1	uc010vbf.2	protein_coding	0	0	1	1	0	0	0	0	1	1	0	0	0	0	0	0	0	0	0	0
B4DED4	B4DED4	uc010uup.1	protein_coding	0	0	0	3	0	0	0	3	0	0	0	0	0	0	0	0	0	0	0	0
B4DED7	B4DED7	uc010woj.2	protein_coding	0	0	0	2	0	0	1	0	1	0	0	0	0	0	0	0	0	0	0	0
B4DEE7	B4DEE7	uc010brc.1	protein_coding	0	0	0	4	0	0	0	3	1	0	0	0	0	0	0	0	0	0	0	0
B4DEE7	B4DEE7	uc010uur.1	protein_coding	0	0	0	4	0	0	0	3	1	0	0	0	0	0	0	0	0	0	0	0
B4DEG2	B4DEG2	uc010vrx.2	protein_coding	0	0	0	4	0	0	0	0	4	0	0	0	0	0	0	0	0	0	0	0
B4DEJ1	B4DEJ1	uc010ult.1	protein_coding	0	0	0	3	0	0	0	3	0	0	0	0	0	0	0	0	0	0	0	0
B4DEJ1	B4DEJ1	uc010ulu.1	protein_coding	0	0	0	3	0	0	0	3	0	0	0	0	0	0	0	0	0	0	0	0
B4DEM0	B4DEM0	uc010ubz.2	protein_coding	0	0	0	6	1	0	0	1	4	0	0	0	0	0	0	0	0	0	0	0
B4DEN0	B4DEN0	uc010umf.1	protein_coding	0	0	0	4	2	0	0	0	2	0	0	0	0	0	0	0	0	0	0	0
B4DEN2	B4DEN2	uc010vfc.1	protein_coding	0	1	0	1	0	0	1	0	0	0	0	0	0	0	0	0	0	0	1	0
B4DEQ2	B4DEQ2	uc010vkf.1	protein_coding	0	0	1	1	0	0	0	0	1	1	0	0	0	0	0	0	0	0	0	0
B4DES0	B4DES0	uc010whp.2	protein_coding	0	0	0	10	0	0	0	0	10	0	0	0	0	0	0	0	0	0	0	0
B4DET3	B4DET3	uc010xaz.2	protein_coding	0	1	2	10	0	0	0	4	7	2	0	0	0	1	0	0	0	0	0	0
B4DEU3	B4DEU3	uc010xcm.2	protein_coding	0	0	0	1	0	0	1	0	0	0	0	0	0	0	0	0	0	0	0	0
B4DEU5	B4DEU5	uc010vmb.1	protein_coding	0	3	0	11	0	1	1	7	3	0	0	0	0	0	0	0	0	0	2	0
B4DEU9	B4DEU9	uc010uqm.2	protein_coding	0	4	1	11	0	0	0	1	7	1	0	0	0	1	0	0	0	0	3	4
B4DEV1	B4DEV1	uc010bwo.3	protein_coding	0	1	1	7	0	0	0	3	4	1	0	0	0	0	0	0	0	0	1	0
B4DEV9	B4DEV9	uc010wmp.2	protein_coding	0	0	2	3	0	0	0	2	1	2	0	0	0	0	0	0	0	0	0	0
B4DEY3	B4DEY3	uc010uus.1	protein_coding	0	2	0	24	3	0	0	12	1	0	0	0	0	0	0	0	0	0	2	8
B4DF02	B4DF02	uc010vao.1	protein_coding	0	0	0	17	0	0	0	1	16	0	0	0	0	0	0	0	0	0	0	0
B4DF26	B4DF26	uc010uwe.2	protein_coding	0	0	0	1	0	0	0	0	1	0	0	0	0	0	0	0	0	0	0	0
B4DF29	B4DF29	uc010wua.2	protein_coding	0	1	0	38	1	0	1	2	35	0	0	0	0	1	0	0	0	0	0	0
B4DF38	B4DF38	uc010vqz.2	protein_coding	0	1	0	8	3	0	0	2	1	0	0	0	0	0	0	0	0	0	1	2
B4DFC7	B4DFC7	uc010vxi.2	protein_coding	0	1	0	10	1	0	0	0	3	0	0	0	0	0	0	0	0	0	1	6
B4DFE2	B4DFE2	uc010wbb.1	protein_coding	0	1	0	1	0	0	0	0	1	0	0	0	0	0	0	0	0	0	1	0
B4DFF4	B4DFF4	uc021trg.1	protein_coding	0	0	0	2	2	0	0	0	0	0	0	0	0	0	0	0	0	0	0	0
B4DFG2	B4DFG2	uc010wsm.2	protein_coding	0	3	0	10	1	0	0	6	6	0	0	0	0	3	0	0	0	0	0	0
B4DFG5	B4DFG5	uc010wiw.1	protein_coding	0	0	1	6	0	0	0	1	5	1	0	0	0	0	0	0	0	0	0	0
B4DFK3	B4DFK3	uc010uun.1	protein_coding	0	0	0	8	0	0	0	2	0	0	0	0	0	0	0	0	0	0	0	6
B4DFL0	B4DFL0	uc031qwm.1	protein_coding	0	1	0	2	0	0	0	2	0	0	0	0	0	0	0	0	0	0	1	0
B4DFN6	B4DFN6	uc010wga.1	protein_coding	0	1	0	5	3	0	0	1	1	0	0	0	0	0	0	0	0	0	1	0
B4DFP5	B4DFP5	uc010wus.2	protein_coding	0	0	0	5	0	0	0	1	2	0	0	0	0	0	0	0	0	0	0	2
B4DFQ6	B4DFQ6	uc010wmm.1	protein_coding	0	1	0	8	0	0	0	1	7	0	0	0	0	0	0	0	0	0	1	0
B4DFS6	B4DFS6	uc010ulp.1	protein_coding	0	0	0	3	0	0	0	0	3	0	0	0	0	0	0	0	0	0	0	0
B4DFS6	B4DFS6	uc010ulr.1	protein_coding	0	0	0	3	0	0	0	0	3	0	0	0	0	0	0	0	0	0	0	0
B4DFT0	B4DFT0	uc010ulq.1	protein_coding	0	0	0	3	0	0	0	0	3	0	0	0	0	0	0	0	0	0	0	0
B4DFT5	B4DFT5	uc010vcx.1	protein_coding	0	0	0	3	0	0	0	0	1	0	0	0	0	0	0	0	0	0	0	2
B4DFU1	B4DFU1	uc010uxl.2	protein_coding	0	0	0	3	2	0	0	1	0	0	0	0	0	0	0	0	0	0	0	0
B4DFU2	B4DFU2	uc010vfa.2	protein_coding	0	2	0	8	0	1	3	2	0	0	0	0	0	0	0	0	0	0	1	3
B4DFY1	B4DFY1	uc021tcg.2	protein_coding	0	1	0	17	0	0	1	3	11	0	0	0	0	1	0	0	0	0	0	3
B4DFY5	B4DFY5	uc010ujp.2	protein_coding	0	0	0	3	1	0	0	2	0	0	0	0	0	0	0	0	0	0	0	0
B4DG89	B4DG89	uc010wur.1	protein_coding	0	1	0	11	0	1	2	1	8	0	0	0	0	0	0	0	0	0	0	0
B4DGA0	B4DGA0	uc001abe.4	protein_coding	0	0	0	1	1	0	0	0	0	0	0	0	0	0	0	0	0	0	0	0
B4DGA0	B4DGA0	uc009vjm.3	protein_coding	0	0	0	1	1	0	0	0	0	0	0	0	0	0	0	0	0	0	0	0
B4DGA2	B4DGA2	uc010uvb.2	protein_coding	0	2	1	24	0	0	0	5	13	1	0	0	0	1	0	0	0	0	1	7
B4DGB8	B4DGB8	uc010vzz.1	protein_coding	0	1	0	8	0	0	1	5	3	0	0	0	0	1	0	0	0	0	0	0
B4DGF3	B4DGF3	uc010uic.2	protein_coding	0	2	0	5	2	0	0	0	4	0	0	0	0	1	0	0	0	0	1	0
B4DGH8	B4DGH8	uc010wmg.2	protein_coding	0	0	0	2	0	0	0	0	1	0	0	0	0	0	0	0	0	0	0	1
B4DGK7	B4DGK7	uc010wej.2	protein_coding	0	0	0	8	0	0	0	0	8	0	0	0	0	0	0	0	0	0	0	0
B4DGK9	B4DGK9	uc010wfd.1	protein_coding	0	0	0	4	2	0	0	0	2	0	0	0	0	0	0	0	0	0	0	0
B4DGQ0	B4DGQ0	uc010wdz.2	protein_coding	0	1	0	6	0	0	0	0	6	0	0	0	0	0	0	0	0	0	1	0
B4DGS6	B4DGS6	uc010xbx.2	protein_coding	0	0	0	16	2	0	0	0	14	0	0	0	0	0	0	0	0	0	0	0
B4DGT4	B4DGT4	uc002ifh.2	protein_coding	0	1	1	7	0	0	0	5	3	1	0	0	0	1	0	0	0	0	0	0
B4DGT6	B4DGT6	uc010xec.2	protein_coding	0	0	0	10	0	0	1	1	7	0	0	0	0	0	0	0	0	0	0	1
B4DGW0	B4DGW0	uc010xda.2	protein_coding	0	0	0	3	0	0	0	0	3	0	0	0	0	0	0	0	0	0	0	0
B4DGW3	B4DGW3	uc010xct.1	protein_coding	0	0	0	15	0	0	1	10	2	0	0	0	0	0	0	0	0	0	0	2
B4DGW5	B4DGW5	uc010ulo.1	protein_coding	0	0	1	5	0	0	0	5	0	1	0	0	0	0	0	0	0	0	0	0
B4DGX6	B4DGX6	uc010uzk.2	protein_coding	0	1	0	7	0	0	0	0	8	0	0	0	0	1	0	0	0	0	0	0
B4DGX6	B4DGX6.2	uc010vac.2	protein_coding	0	0	0	7	0	0	1	2	1	0	0	0	0	0	0	0	0	0	0	3
B4DGZ1	B4DGZ1	uc010umq.1	protein_coding	0	1	0	15	0	0	0	1	0	0	0	0	0	0	0	0	0	0	1	14
B4DGZ7	B4DGZ7	uc010woi.2	protein_coding	0	0	0	2	0	0	1	0	1	0	0	0	0	0	0	0	0	0	0	0
B4DH34	B4DH34	uc010udu.2	protein_coding	0	0	0	8	1	0	0	7	0	0	0	0	0	0	0	0	0	0	0	0
B4DHA8	B4DHA8	uc002lai.2	protein_coding	0	1	0	17	0	0	1	0	15	0	0	0	0	0	0	0	0	0	1	1
B4DHC2	B4DHC2	uc002hqe.2	protein_coding	0	0	1	10	1	0	0	0	9	1	0	0	0	0	0	0	0	0	0	0
B4DHE8	B4DHE8	uc010wnm.1	protein_coding	0	0	0	13	0	0	0	0	13	0	0	0	0	0	0	0	0	0	0	0
B4DHL3	B4DHL3	uc010uru.1	protein_coding	0	0	0	7	0	0	0	0	7	0	0	0	0	0	0	0	0	0	0	0
B4DHL4	B4DHL4	uc010wop.1	protein_coding	0	0	0	2	0	0	0	1	1	0	0	0	0	0	0	0	0	0	0	0
B4DHL8	B4DHL8	uc002dix.1	protein_coding	0	0	1	1	0	0	0	0	1	1	0	0	0	0	0	0	0	0	0	0
B4DHL8	B4DHL8	uc010bwu.1	protein_coding	0	0	1	1	0	0	0	0	0	1	0	0	0	0	0	0	0	0	0	1
B4DHL9	B4DHL9	uc010vjy.1	protein_coding	0	0	0	2	0	0	0	0	1	0	0	0	0	0	0	0	0	0	0	1
B4DHN4	B4DHN4	uc010vha.2	protein_coding	0	0	0	8	0	0	0	0	8	0	0	0	0	0	0	0	0	0	0	0
B4DHR0	B4DHR0	uc010vdf.2	protein_coding	0	0	0	8	0	0	0	4	4	0	0	0	0	0	0	0	0	0	0	0
B4DHT3	B4DHT3.2	uc021szk.1	protein_coding	0	0	1	39	0	0	0	16	23	1	0	0	0	0	0	0	0	0	0	0
B4DHT5	B4DHT5	uc010wmn.1	protein_coding	0	1	0	8	0	0	0	1	7	0	0	0	0	0	0	0	0	0	1	0
B4DHT8	B4DHT8	uc010vco.2	protein_coding	0	0	0	1	1	0	0	0	0	0	0	0	0	0	0	0	0	0	0	0
B4DHW6	B4DHW6	uc002ihg.4	protein_coding	0	1	0	1	0	0	0	0	1	0	0	0	0	1	0	0	0	0	1	0
B4DHX5	B4DHX5	uc010wrl.2	protein_coding	0	0	0	2	0	0	0	0	2	0	0	0	0	0	0	0	0	0	0	0
B4DI05	B4DI05	uc002cur.2	protein_coding	0	0	0	6	1	0	1	0	1	0	0	0	0	0	0	0	0	0	0	3
B4DI05	B4DI05	uc010uww.2	protein_coding	0	0	0	5	1	0	1	0	3	0	0	0	0	0	0	0	0	0	0	0
B4DI06	B4DI06	uc010wfz.1	protein_coding	0	1	0	5	3	0	0	1	1	0	0	0	0	0	0	0	0	0	1	0
B4DI20	B4DI20	uc010upa.1	protein_coding	0	1	0	8	1	0	0	1	1	0	0	0	0	0	0	0	0	0	1	5
B4DI41	B4DI41	uc010xdi.2	protein_coding	0	0	0	8	0	0	0	0	3	0	0	0	0	0	0	0	0	0	0	5
B4DI49	B4DI49	uc010vur.1	protein_coding	0	1	0	0	0	0	0	0	0	0	0	0	0	0	0	0	0	0	1	0
B4DI93	B4DI93	uc010wix.1	protein_coding	0	0	1	5	2	0	0	0	3	1	0	0	0	0	0	0	0	0	0	0
B4DIA8	B4DIA8	uc002dqa.2	protein_coding	0	0	0	3	0	0	0	0	1	0	0	0	0	0	0	0	0	0	0	2
B4DID0	B4DID0	uc010vjv.2	protein_coding	0	0	0	3	1	0	0	0	1	0	0	0	0	0	0	0	0	0	0	1
B4DIE3	B4DIE3	uc010xfa.1	protein_coding	0	0	0	6	1	0	0	0	5	0	0	0	0	0	0	0	0	0	0	0
B4DIG2	B4DIG2	uc010vxg.2	protein_coding	0	0	0	2	2	0	0	0	0	0	0	0	0	0	0	0	0	0	0	0
B4DIG6	B4DIG6	uc010wdb.2	protein_coding	0	1	0	3	0	0	0	0	3	0	0	0	0	0	0	0	0	0	1	0
B4DIH5	B4DIH5	uc010ufa.2	protein_coding	0	0	0	7	1	0	1	0	5	0	0	0	0	0	0	0	0	0	0	0
B4DIJ9	B4DIJ9	uc002keh.3	protein_coding	0	0	0	5	0	0	0	4	1	0	0	0	0	0	0	0	0	0	0	0
B4DIJ9	B4DIJ9	uc010wvj.2	protein_coding	0	0	0	3	0	0	1	0	2	0	0	0	0	0	0	0	0	0	0	0
B4DIL8	B4DIL8	uc010uvw.2	protein_coding	0	1	1	20	0	0	0	5	14	1	0	0	0	0	0	0	0	0	1	1
B4DIM6	B4DIM6	uc010wot.1	protein_coding	0	0	0	1	0	0	0	0	0	0	0	0	0	0	0	0	0	0	0	1
B4DIQ5	B4DIQ5	uc010wni.1	protein_coding	0	0	0	2	1	0	0	0	1	0	0	0	0	0	0	0	0	0	0	0
B4DIR0	B4DIR0	uc010xbz.2	protein_coding	0	1	0	18	2	0	0	0	17	0	0	0	0	1	0	0	0	0	0	0
B4DIT3	B4DIT3	uc010cit.2	protein_coding	0	0	1	7	0	0	0	4	3	1	0	0	0	0	0	0	0	0	0	0
B4DIT3	B4DIT3	uc010vpm.2	protein_coding	0	0	1	10	4	0	0	1	3	1	0	0	0	0	0	0	0	0	0	2
B4DIV2	B4DIV2	uc010vho.2	protein_coding	0	0	0	4	0	0	0	0	3	0	0	0	0	0	0	0	0	0	0	1
B4DJ07	B4DJ07	uc010wsv.2	protein_coding	0	4	0	14	0	0	0	2	16	0	0	0	0	4	0	0	0	0	0	0
B4DJ11	B4DJ11	uc002jhr.3	protein_coding	0	1	3	11	0	0	0	1	10	3	0	0	0	0	0	0	0	0	1	0
B4DJ17	B4DJ17	uc010wak.2	protein_coding	0	0	0	1	0	0	0	1	0	0	0	0	0	0	0	0	0	0	0	0
B4DJ25	B4DJ25	uc010vwb.2	protein_coding	0	1	0	21	0	0	0	2	20	0	0	0	0	1	0	0	0	0	0	0
B4DJ40	B4DJ40	uc010wmf.2	protein_coding	0	0	0	2	0	0	0	0	1	0	0	0	0	0	0	0	0	0	0	1
B4DJ50	B4DJ50	uc010vvt.2	protein_coding	0	0	1	9	0	0	1	0	8	1	0	0	0	0	0	0	0	0	0	0
B4DJ94	B4DJ94	uc002lmu.3	protein_coding	0	2	0	0	0	0	0	0	1	0	0	0	0	1	0	0	0	0	1	0
B4DJ96	B4DJ96	uc010wmw.2	protein_coding	0	0	0	5	0	0	0	2	3	0	0	0	0	0	0	0	0	0	0	0
B4DJC5	B4DJC5	uc010wba.2	protein_coding	0	0	1	2	0	0	0	1	1	1	0	0	0	0	0	0	0	0	0	0
B4DJD7	B4DJD7	uc002gzr.3	protein_coding	0	1	0	31	2	0	0	3	25	0	0	0	0	1	0	0	0	0	0	2
B4DJG9	B4DJG9	uc010wly.1	protein_coding	0	0	0	3	0	0	0	1	2	0	0	0	0	0	0	0	0	0	0	0
B4DJI4	B4DJI4	uc010wdy.1	protein_coding	0	0	1	1	0	0	0	0	1	1	0	0	0	0	0	0	0	0	0	0
B4DJI7	B4DJI7	uc010wlj.1	protein_coding	0	0	0	3	1	0	0	0	2	0	0	0	0	0	0	0	0	0	0	0
B4DJK2	B4DJK2	uc010wdv.3	protein_coding	0	2	1	8	0	0	0	0	9	1	0	0	0	1	0	0	0	0	1	0
B4DJL6	B4DJL6	uc010uix.3	protein_coding	0	1	0	2	0	1	1	1	0	0	0	0	0	0	0	0	0	0	0	0
B4DJP2	B4DJP2	uc010vfq.2	protein_coding	0	0	0	4	0	0	0	0	3	0	0	0	0	0	0	0	0	0	0	1
B4DJS1	B4DJS1	uc010vej.2	protein_coding	0	1	0	0	0	0	0	0	0	0	0	0	0	0	0	0	0	0	1	0
B4DJV8	B4DJV8	uc021uca.1	protein_coding	0	1	0	8	0	0	0	4	5	0	0	0	0	1	0	0	0	0	0	0
B4DJW2	B4DJW2	uc002aoj.1	protein_coding	0	1	0	3	2	0	0	1	0	0	0	0	0	0	0	0	0	0	1	0
B4DJW9	B4DJW9	uc010bdi.3	protein_coding	0	0	0	8	1	0	0	7	0	0	0	0	0	0	0	0	0	0	0	0
B4DK11	B4DK11	uc010uxu.3	protein_coding	0	0	0	12	0	0	0	9	0	0	0	0	0	0	0	0	0	0	0	3
B4DK22	B4DK22	uc010urt.1	protein_coding	0	0	0	7	0	0	0	0	7	0	0	0	0	0	0	0	0	0	0	0
B4DK26	B4DK26	uc010ulb.1	protein_coding	0	0	0	3	0	0	0	0	3	0	0	0	0	0	0	0	0	0	0	0
B4DK60	B4DK60	uc031rhr.1	protein_coding	0	0	0	9	1	0	0	0	8	0	0	0	0	0	0	0	0	0	0	0
B4DK66	B4DK66	uc010vii.2	protein_coding	0	2	0	14	2	0	0	2	8	0	0	0	0	0	0	0	0	0	2	2
B4DK80	B4DK80	uc010vxs.1	protein_coding	0	0	2	13	0	0	1	0	10	2	0	0	0	0	0	0	0	0	0	2
B4DKA8	B4DKA8	uc010ufh.2	protein_coding	0	1	0	3	0	0	0	0	3	0	0	0	0	0	0	0	0	0	1	0
B4DKD1	B4DKD1	uc010wqw.2	protein_coding	0	3	2	24	1	0	0	0	22	2	0	0	0	0	0	0	0	0	3	1
B4DKD2	B4DKD2	uc010wjd.2	protein_coding	0	3	0	20	5	0	0	0	15	0	0	0	0	0	0	0	0	0	3	0
B4DKH3	B4DKH3	uc010uyp.2	protein_coding	0	2	2	6	0	0	0	0	7	2	0	0	0	1	0	0	0	0	1	0
B4DKH7	B4DKH7	uc010wli.1	protein_coding	0	0	0	3	1	0	0	0	2	0	0	0	0	0	0	0	0	0	0	0
B4DKL7	B4DKL7	uc010wrg.1	protein_coding	0	0	1	17	0	0	0	2	10	1	0	0	0	0	0	0	0	0	0	5
B4DKQ1	B4DKQ1	uc010cao.1	protein_coding	0	0	0	5	1	0	0	2	2	0	0	0	0	0	0	0	0	0	0	0
B4DKS1	B4DKS1	uc010wiv.2	protein_coding	0	0	0	9	1	0	0	8	0	0	0	0	0	0	0	0	0	0	0	0
B4DL24	B4DL24	uc010vbs.3	protein_coding	0	1	1	11	0	0	0	0	12	1	0	0	0	1	0	0	0	0	0	0
B4DL80	B4DL80	uc010wkp.2	protein_coding	0	2	0	6	1	0	0	0	5	0	0	0	0	0	0	0	0	0	2	0
B4DLB6	B4DLB6	uc001zfi.1	protein_coding	0	0	0	11	4	0	0	0	7	0	0	0	0	0	0	0	0	0	0	0
B4DLE5	B4DLE5	uc010vnj.2	protein_coding	0	0	0	3	0	0	0	0	3	0	0	0	0	0	0	0	0	0	0	0
B4DLE6	B4DLE6	uc010uqo.1	protein_coding	0	0	0	7	0	0	0	2	4	0	0	0	0	0	0	0	0	0	0	1
B4DLH4	B4DLH4	uc010uvi.2	protein_coding	0	0	0	3	0	0	0	0	1	0	0	0	0	0	0	0	0	0	0	2
B4DLK6	B4DLK6	uc010vtt.2	protein_coding	0	0	0	6	0	0	1	2	2	0	0	0	0	0	0	0	0	0	0	1
B4DLN1	B4DLN1	uc010wut.3	protein_coding	0	1	0	6	0	0	0	0	4	0	0	0	0	0	0	0	0	0	1	2
B4DLN5	B4DLN5	uc010vdd.2	protein_coding	0	0	0	1	0	0	0	0	1	0	0	0	0	0	0	0	0	0	0	0
B4DLR8	B4DLR8	uc010vll.2	protein_coding	0	0	0	3	0	0	0	1	1	0	0	0	0	0	0	0	0	0	0	1
B4DLU3	B4DLU3	uc002jvn.3	protein_coding	0	0	1	30	1	0	1	6	19	1	0	0	0	0	0	0	0	0	0	3
B4DLU3	B4DLU3	uc002jvp.1	protein_coding	0	0	1	26	0	0	0	3	14	1	0	0	0	0	0	0	0	0	0	9
B4DLV9	B4DLV9	uc010vxl.1	protein_coding	0	0	0	4	0	0	0	1	2	0	0	0	0	0	0	0	0	0	0	1
B4DLW8	B4DLW8	uc010wqa.1	protein_coding	0	0	0	13	0	0	0	4	6	0	0	0	0	0	0	0	0	0	0	3
B4DM44	B4DM44	uc010vts.1	protein_coding	0	0	1	6	0	0	0	4	1	1	0	0	0	0	0	0	0	0	0	1
B4DMF6	B4DMF6	uc010upy.3	protein_coding	0	1	0	7	0	1	2	0	5	0	0	0	0	0	0	0	0	0	0	0
B4DMG6	B4DMG6	uc010uwt.3	protein_coding	0	0	0	15	2	0	0	8	5	0	0	0	0	0	0	0	0	0	0	0
B4DMR5	B4DMR5	uc002ijp.3	protein_coding	0	0	0	7	1	0	0	0	6	0	0	0	0	0	0	0	0	0	0	0
B4DMU0	B4DMU0	uc010wvd.1	protein_coding	0	3	0	6	0	0	0	0	2	0	0	0	0	0	0	0	0	0	3	4
B4DMU9	B4DMU9	uc010vxk.1	protein_coding	0	0	0	10	0	0	0	1	3	0	0	0	0	0	0	0	0	0	0	6
B4DMX0	B4DMX0	uc010xem.2	protein_coding	0	1	0	5	0	0	0	0	5	0	0	0	0	0	0	0	0	0	1	0
B4DMY6	B4DMY6	uc002dpt.1	protein_coding	0	0	0	2	0	0	0	0	1	0	0	0	0	0	0	0	0	0	0	1
B4DMY6	B4DMY6	uc010vcu.2	protein_coding	0	0	0	2	0	0	0	0	1	0	0	0	0	0	0	0	0	0	0	1
B4DN60	B4DN60	uc010xea.1	protein_coding	0	0	0	10	0	0	1	0	8	0	0	0	0	0	0	0	0	0	0	1
B4DN64	B4DN64	uc010cqn.2	protein_coding	0	0	0	3	0	0	0	2	1	0	0	0	0	0	0	0	0	0	0	0
B4DN89	B4DN89	uc010wtg.2	protein_coding	0	2	0	5	1	0	1	1	0	0	0	0	0	0	0	0	0	0	2	2
B4DNA7	B4DNA7	uc010vsv.1	protein_coding	0	0	1	0	0	0	0	0	0	1	0	0	0	0	0	0	0	0	0	0
B4DNK4	B4DNK4	uc010ukk.2	protein_coding	0	0	0	3	0	0	0	1	2	0	0	0	0	0	0	0	0	0	0	0
B4DNN6	B4DNN6	uc010vqd.2	protein_coding	0	0	0	36	1	0	0	2	30	0	0	0	0	0	0	0	0	0	0	3
B4DNN9	B4DNN9	uc010uxt.1	protein_coding	0	1	0	3	0	0	1	1	1	0	0	0	0	0	0	0	0	0	1	0
B4DNP4	B4DNP4	uc010uqg.1	protein_coding	0	1	0	12	2	0	0	1	6	0	0	0	0	1	0	0	0	0	0	4
B4DNP7	B4DNP7	uc002evg.3	protein_coding	0	0	0	4	1	0	0	1	1	0	0	0	0	0	0	0	0	0	0	1
B4DNU9	B4DNU9	uc010wgi.2	protein_coding	0	0	0	2	0	0	0	0	2	0	0	0	0	0	0	0	0	0	0	0
B4DNW2	B4DNW2	uc010vjg.2	protein_coding	0	0	0	8	0	0	0	5	0	0	0	0	0	0	0	0	0	0	0	3
B4DNW9	B4DNW9	uc010wvk.1	protein_coding	0	0	0	10	0	0	0	1	1	0	0	0	0	0	0	0	0	0	0	8
B4DP36	B4DP36	uc010wlr.3	protein_coding	0	0	1	8	1	0	0	0	7	1	0	0	0	0	0	0	0	0	0	0
B4DP49	B4DP49	uc031qyg.1	protein_coding	0	0	1	2	0	0	0	0	1	1	0	0	0	0	0	0	0	0	0	1
B4DP81	B4DP81	uc010xab.2	protein_coding	0	0	0	7	0	0	1	0	3	0	0	0	0	0	0	0	0	0	0	3
B4DPA7	B4DPA7	uc010vzc.1	protein_coding	0	0	0	5	0	0	0	0	4	0	0	0	0	0	0	0	0	0	0	1
B4DPA8	B4DPA8	uc021tjx.1	protein_coding	0	0	1	3	0	0	0	0	3	1	0	0	0	0	0	0	0	0	0	0
B4DPD9	B4DPD9	uc010whe.1	protein_coding	0	0	0	4	0	0	0	3	1	0	0	0	0	0	0	0	0	0	0	0
B4DPI0	B4DPI0	uc010vyl.2	protein_coding	0	1	0	17	0	0	0	0	16	0	0	0	0	0	0	0	0	0	1	1
B4DPL6	B4DPL6	uc021tvu.1	protein_coding	0	0	0	12	3	0	0	0	9	0	0	0	0	0	0	0	0	0	0	0
B4DPU1	B4DPU1	uc010wbs.1	protein_coding	0	0	0	3	0	0	0	2	0	0	0	0	0	0	0	0	0	0	0	1
B4DPV2	B4DPV2	uc010wqs.1	protein_coding	0	0	0	10	2	0	0	0	8	0	0	0	0	0	0	0	0	0	0	0
B4DPX4	B4DPX4	uc010whk.1	protein_coding	0	0	0	11	0	0	0	8	3	0	0	0	0	0	0	0	0	0	0	0
B4DPY5	B4DPY5	uc010wlg.1	protein_coding	0	0	0	3	1	0	0	0	2	0	0	0	0	0	0	0	0	0	0	0
B4DPY5	B4DPY5	uc010wlh.1	protein_coding	0	0	0	3	1	0	0	0	2	0	0	0	0	0	0	0	0	0	0	0
B4DQ71	B4DQ71	uc010wqz.1	protein_coding	0	0	0	2	0	0	0	0	1	0	0	0	0	0	0	0	0	0	0	1
B4DQC0	B4DQC0	uc010umo.1	protein_coding	0	0	1	13	0	0	1	2	10	1	0	0	0	0	0	0	0	0	0	0
B4DQH9	B4DQH9	uc010vju.2	protein_coding	0	0	0	3	1	0	0	0	1	0	0	0	0	0	0	0	0	0	0	1
B4DQJ3	B4DQJ3	uc010vxm.2	protein_coding	0	0	0	5	1	0	0	0	2	0	0	0	0	0	0	0	0	0	0	2
B4DQQ4	B4DQQ4	uc010wrm.2	protein_coding	0	0	0	2	0	0	0	0	2	0	0	0	0	0	0	0	0	0	0	0
B4DQV3	B4DQV3	uc010xeh.2	protein_coding	0	0	0	2	0	0	0	0	2	0	0	0	0	0	0	0	0	0	0	0
B4DR07	B4DR07	uc002ehd.2	protein_coding	0	1	0	1	0	0	0	0	1	0	0	0	0	0	0	0	0	0	1	0
B4DR13	B4DR13	uc002ate.2	protein_coding	0	1	0	16	1	0	0	0	15	0	0	0	0	0	0	0	0	0	1	0
B4DR24	B4DR24	uc010uxa.1	protein_coding	0	0	0	5	0	0	0	0	1	0	0	0	0	0	0	0	0	0	0	4
B4DR45	B4DR45	uc010vlu.1	protein_coding	0	3	2	11	1	0	0	2	9	2	0	0	0	1	0	0	0	0	2	0
B4DRE4	B4DRE4	uc010uha.2	protein_coding	0	0	0	3	0	0	0	0	3	0	0	0	0	0	0	0	0	0	0	0
B4DRF4	B4DRF4	uc010uiw.2	protein_coding	0	0	0	4	1	0	0	0	2	0	0	0	0	0	0	0	0	0	0	1
B4DRX1	B4DRX1	uc010wjn.1	protein_coding	0	0	0	5	0	0	0	2	3	0	0	0	0	0	0	0	0	0	0	0
B4DRZ7	B4DRZ7	uc002eys.4	protein_coding	0	0	0	15	0	0	0	0	14	0	0	0	0	0	0	0	0	0	0	1
B4DS77	B4DS77	uc010uyy.2	protein_coding	0	0	0	16	0	0	0	0	16	0	0	0	0	0	0	0	0	0	0	0
B4DS77-3	B4DS77-3	uc002dcd.2	protein_coding	0	0	1	4	1	0	0	0	3	1	0	0	0	0	0	0	0	0	0	0
B4DS96	B4DS96	uc010vmh.1	protein_coding	0	1	0	5	0	0	0	1	5	0	0	0	0	1	0	0	0	0	0	0
B4DSB0	B4DSB0	uc010uzf.2	protein_coding	0	0	0	1	0	0	0	0	1	0	0	0	0	0	0	0	0	0	0	0
B4DSF2	B4DSF2	uc010wqf.1	protein_coding	0	0	2	7	0	0	0	0	7	2	0	0	0	0	0	0	0	0	0	0
B4DSF2	B4DSF2	uc031rdn.1	protein_coding	0	0	1	5	0	0	0	3	2	1	0	0	0	0	0	0	0	0	0	0
B4DSF2	B4DSF2	uc031rdo.1	protein_coding	0	0	1	5	0	0	0	3	2	1	0	0	0	0	0	0	0	0	0	0
B4DSL5	B4DSL5	uc010wda.1	protein_coding	0	1	0	10	2	0	0	3	3	0	0	0	0	0	0	0	0	0	1	2
B4DSP4	B4DSP4	uc010und.1	protein_coding	0	2	1	22	3	0	0	2	17	1	0	0	0	0	0	0	0	0	2	0
B4DSQ6	B4DSQ6	uc010wes.2	protein_coding	0	2	0	20	0	0	0	9	8	0	0	0	0	0	0	0	0	0	2	3
B4DSS5	B4DSS5	uc010voj.2	protein_coding	0	1	0	13	1	0	0	0	12	0	0	0	0	0	0	0	0	0	1	0
B4DT74	B4DT74	uc010vuc.1	protein_coding	0	0	0	1	0	0	0	1	0	0	0	0	0	0	0	0	0	0	0	0
B4DTD2	B4DTD2	uc031qum.1	protein_coding	0	0	1	33	0	0	0	16	4	1	0	0	0	0	0	0	0	0	0	13
B4DTL1	B4DTL1	uc010vzy.1	protein_coding	0	1	1	6	0	0	1	4	2	1	0	0	0	1	0	0	0	0	0	0
B4DTM5	B4DTM5	uc010vbm.2	protein_coding	0	0	0	1	0	0	0	0	0	0	0	0	0	0	0	0	0	0	0	1
B4DTR1	B4DTR1	uc010wek.2	protein_coding	0	2	0	4	0	0	0	0	3	0	0	0	0	0	0	0	0	0	2	1
B4DTR8	B4DTR8	uc010xdh.2	protein_coding	0	2	0	12	0	0	0	0	11	0	0	0	0	0	0	0	0	0	2	1
B4DTS5	B4DTS5	uc010wbz.2	protein_coding	0	0	0	1	0	0	0	0	1	0	0	0	0	0	0	0	0	0	0	0
B4DU28	B4DU28	uc010ugz.1	protein_coding	0	0	0	16	0	0	1	0	15	0	0	0	0	0	0	0	0	0	0	0
B4DU37	B4DU37	uc010upc.2	protein_coding	0	0	0	8	3	0	0	0	1	0	0	0	0	0	0	0	0	0	0	4
B4DU66	B4DU66	uc010wph.2	protein_coding	0	0	0	5	0	0	0	5	0	0	0	0	0	0	0	0	0	0	0	0
B4DU67	B4DU67	uc010bkd.2	protein_coding	0	0	1	5	0	0	0	5	0	1	0	0	0	0	0	0	0	0	0	0
B4DU82	B4DU82	uc010uir.1	protein_coding	0	1	0	6	2	0	0	1	0	0	0	0	0	0	0	0	0	0	1	3
B4DUG4	B4DUG4	uc010wit.2	protein_coding	0	0	0	2	0	0	0	1	1	0	0	0	0	0	0	0	0	0	0	0
B4DUH9	B4DUH9	uc010dco.2	protein_coding	1	0	0	4	1	0	0	2	1	0	0	0	0	0	0	0	1	0	0	0
B4DUH9	B4DUH9	uc010wnr.1	protein_coding	1	0	0	4	1	0	0	2	1	0	0	0	0	0	0	0	1	0	0	0
B4DUI3	B4DUI3	uc010ueg.2	protein_coding	0	0	0	8	2	0	0	1	4	0	0	0	0	0	0	0	0	0	0	1
B4DUM7	B4DUM7	uc002jnq.3	protein_coding	0	0	0	4	0	0	0	3	0	0	0	0	0	0	0	0	0	0	0	1
B4DUU5	B4DUU5	uc010uld.3	protein_coding	0	1	0	1	0	0	0	0	1	0	0	0	0	0	0	0	0	0	1	0
B4DUW5	B4DUW5	uc010wnd.1	protein_coding	0	0	0	1	0	0	0	0	1	0	0	0	0	0	0	0	0	0	0	0
B4DV07	B4DV07	uc010wsn.1	protein_coding	0	1	0	11	0	0	0	6	6	0	0	0	0	1	0	0	0	0	0	0
B4DV17	B4DV17	uc010vkc.2	protein_coding	0	0	0	3	0	0	0	1	2	0	0	0	0	0	0	0	0	0	0	0
B4DV17	B4DV17	uc031qwr.1	protein_coding	0	0	0	3	0	0	0	1	2	0	0	0	0	0	0	0	0	0	0	0
B4DV38	B4DV38	uc010vgo.2	protein_coding	0	0	0	6	4	0	0	0	1	0	0	0	0	0	0	0	0	0	0	1
B4DV88	B4DV88	uc031qtn.1	protein_coding	0	1	0	6	0	0	1	0	5	0	0	0	0	0	0	0	0	0	1	0
B4DVA4	B4DVA4	uc010wru.1	protein_coding	0	0	0	5	2	0	0	1	2	0	0	0	0	0	0	0	0	0	0	0
B4DVF2	B4DVF2	uc010vpp.1	protein_coding	0	0	0	2	0	0	0	2	0	0	0	0	0	0	0	0	0	0	0	0
B4DVG8	B4DVG8	uc010vmp.2	protein_coding	0	3	0	25	1	0	0	0	22	0	0	0	0	1	0	0	0	0	2	3
B4DVH2	B4DVH2	uc010ugc.2	protein_coding	0	0	1	7	0	0	0	3	4	1	0	0	0	0	0	0	0	0	0	0
B4DVI0	B4DVI0	uc010vjt.1	protein_coding	0	0	0	3	1	0	0	2	0	0	0	0	0	0	0	0	0	0	0	0
B4DVJ7	B4DVJ7	uc010vfi.2	protein_coding	0	1	1	6	0	0	1	4	0	1	0	0	0	0	0	0	0	0	1	1
B4DVL9	B4DVL9	uc010wiy.1	protein_coding	0	0	1	5	2	0	0	0	3	1	0	0	0	0	0	0	0	0	0	0
B4DVP6	B4DVP6	uc010umi.2	protein_coding	0	0	0	5	0	0	0	2	1	0	0	0	0	0	0	0	0	0	0	2
B4DVT3	B4DVT3	uc010uiz.2	protein_coding	0	0	0	2	0	0	0	1	1	0	0	0	0	0	0	0	0	0	0	0
B4DVV0	B4DVV0	uc010xek.1	protein_coding	0	1	0	0	0	0	0	0	0	0	0	0	0	0	0	0	0	0	1	0
B4DWA1	B4DWA1	uc010wui.2	protein_coding	0	0	0	6	0	0	0	2	3	0	0	0	0	0	0	0	0	0	0	1
B4DWE9	B4DWE9	uc010vcf.2	protein_coding	0	0	0	19	1	0	0	1	16	0	0	0	0	0	0	0	0	0	0	1
B4DWG4	B4DWG4	uc010wci.2	protein_coding	0	1	0	17	1	0	0	0	16	0	0	0	0	0	0	0	0	0	1	0
B4DWG5	B4DWG5	uc010weg.2	protein_coding	0	0	0	4	0	0	0	3	0	0	0	0	0	0	0	0	0	0	0	1
B4DWM0	B4DWM0	uc010vjb.1	protein_coding	0	0	0	1	0	0	0	0	0	0	0	0	0	0	0	0	0	0	0	1
B4DWN7	B4DWN7	uc002hnc.1	protein_coding	0	1	0	2	0	0	0	1	1	0	0	0	0	0	0	0	0	0	1	0
B4DWP2	B4DWP2	uc010vfe.2	protein_coding	0	0	0	9	0	0	0	6	1	0	0	0	0	0	0	0	0	0	0	2
B4DWP4	B4DWP4	uc010vkd.1	protein_coding	0	0	0	3	0	0	0	1	2	0	0	0	0	0	0	0	0	0	0	0
B4DWP7	B4DWP7	uc010waa.2	protein_coding	0	1	0	31	2	0	0	3	25	0	0	0	0	1	0	0	0	0	0	2
B4DX20	B4DX20	uc010ctg.3	protein_coding	0	0	1	8	0	0	0	1	5	1	0	0	0	0	0	0	0	0	0	2
B4DX24	B4DX24	uc002jlz.3	protein_coding	0	0	0	2	0	0	0	0	2	0	0	0	0	0	0	0	0	0	0	0
B4DX48	B4DX48	uc002eii.3	protein_coding	0	0	0	8	0	0	0	0	7	0	0	0	0	0	0	0	0	0	0	1
B4DXA5	B4DXA5	uc002bhl.2	protein_coding	0	1	3	30	0	0	0	0	30	3	0	0	0	0	0	0	0	0	1	0
B4DXD0	B4DXD0	uc010vka.2	protein_coding	0	0	0	5	0	0	0	2	2	0	0	0	0	0	0	0	0	0	0	1
B4DXD4	B4DXD4	uc002cso.3	protein_coding	0	1	0	5	1	0	0	3	1	0	0	0	0	1	0	0	0	0	0	0
B4DXE1	B4DXE1	uc010vat.2	protein_coding	0	0	0	7	1	0	0	2	4	0	0	0	0	0	0	0	0	0	0	0
B4DXF6	B4DXF6	uc010uwl.2	protein_coding	0	0	0	5	0	0	0	4	1	0	0	0	0	0	0	0	0	0	0	0
B4DXG4	B4DXG4	uc010wgy.1	protein_coding	0	0	0	11	0	0	1	3	4	0	0	0	0	0	0	0	0	0	0	3
B4DXH1	B4DXH1	uc010cso.3	protein_coding	0	0	0	13	1	0	0	1	11	0	0	0	0	0	0	0	0	0	0	0
B4DXL3	B4DXL3	uc010vcv.2	protein_coding	0	0	0	3	0	0	0	0	1	0	0	0	0	0	0	0	0	0	0	2
B4DXV2	B4DXV2	uc010wfv.1	protein_coding	0	1	0	6	0	0	0	3	1	0	0	0	0	0	0	0	0	0	1	2
B4DY75	B4DY75	uc010uxm.2	protein_coding	0	0	0	3	2	0	0	1	0	0	0	0	0	0	0	0	0	0	0	0
B4DY83	B4DY83	uc010uaf.1	protein_coding	0	2	0	3	0	0	0	1	3	0	0	0	0	1	0	0	0	0	1	0
B4DYE1	B4DYE1	uc010wle.2	protein_coding	0	0	0	3	0	0	0	0	1	0	0	0	0	0	0	0	0	0	0	2
B4DYM5	B4DYM5.2	uc002fqs.2	protein_coding	0	1	2	21	1	0	1	19	0	2	0	0	0	0	0	0	0	0	1	0
B4DYN4	B4DYN4	uc010vwd.2	protein_coding	0	0	0	4	0	0	0	0	4	0	0	0	0	0	0	0	0	0	0	0
B4DYU0	B4DYU0	uc002gid.3	protein_coding	0	0	0	4	0	0	0	1	2	0	0	0	0	0	0	0	0	0	0	1
B4DYU0	B4DYU0	uc010cmu.2	protein_coding	0	0	0	4	0	0	0	1	3	0	0	0	0	0	0	0	0	0	0	0
B4DYY0	B4DYY0	uc010vtq.2	protein_coding	0	0	1	10	1	0	0	4	3	1	0	0	0	0	0	0	0	0	0	2
B4DZ21	B4DZ21	uc010vrz.2	protein_coding	0	0	0	3	0	0	0	0	3	0	0	0	0	0	0	0	0	0	0	0
B4DZ24	B4DZ24	uc010voy.1	protein_coding	0	0	0	11	0	0	0	0	11	0	0	0	0	0	0	0	0	0	0	0
B4DZ74	B4DZ74	uc010wcp.2	protein_coding	0	0	1	3	0	0	0	0	3	1	0	0	0	0	0	0	0	0	0	0
B4DZB5	B4DZB5	uc010vxu.1	protein_coding	0	0	0	6	0	0	0	2	4	0	0	0	0	0	0	0	0	0	0	0
B4DZC5	B4DZC5	uc010wmv.1	protein_coding	0	0	3	16	2	0	0	11	3	3	0	0	0	0	0	0	0	0	0	0
B4DZE6	B4DZE6	uc010umm.1	protein_coding	0	0	0	15	0	0	0	11	4	0	0	0	0	0	0	0	0	0	0	0
B4DZG9	B4DZG9	uc010uxx.2	protein_coding	0	0	0	2	0	0	0	2	0	0	0	0	0	0	0	0	0	0	0	0
B4DZH5	B4DZH5	uc010ugm.1	protein_coding	0	0	0	15	0	0	0	0	15	0	0	0	0	0	0	0	0	0	0	0
B4DZL0	B4DZL0	uc010uqq.1	protein_coding	0	0	0	7	0	0	0	2	4	0	0	0	0	0	0	0	0	0	0	1
B4DZN8	B4DZN8	uc010vpk.2	protein_coding	0	0	0	2	0	0	0	0	1	0	0	0	0	0	0	0	0	0	0	1
B4DZP2	B4DZP2	uc010ugq.2	protein_coding	0	0	0	6	0	0	0	0	4	0	0	0	0	0	0	0	0	0	0	2
B4DZP2	B4DZP2	uc010ugr.1	protein_coding	0	0	0	5	0	0	0	0	4	0	0	0	0	0	0	0	0	0	0	1
B4DZP4	B4DZP4	uc010vis.1	protein_coding	0	0	0	5	0	0	0	0	5	0	0	0	0	0	0	0	0	0	0	0
B4DZR5	B4DZR5	uc010wbk.2	protein_coding	0	1	3	10	0	0	0	0	9	3	0	0	0	0	0	0	0	0	1	1
B4DZV9	B4DZV9	uc021txw.1	protein_coding	0	0	1	4	1	0	0	0	0	1	0	0	0	0	0	0	0	0	0	3
B4DZZ6	B4DZZ6	uc010wvp.1	protein_coding	0	0	0	7	2	0	0	3	2	0	0	0	0	0	0	0	0	0	0	0
B4E003	B4E003	uc010wtp.1	protein_coding	0	0	3	17	0	0	1	15	0	3	0	0	0	0	0	0	0	0	0	1
B4E021	B4E021	uc010vev.2	protein_coding	0	0	0	10	0	0	0	0	10	0	0	0	0	0	0	0	0	0	0	0
B4E039	B4E039	uc010wpn.3	protein_coding	0	0	0	1	1	0	0	0	0	0	0	0	0	0	0	0	0	0	0	0
B4E068	B4E068	uc010vuj.2	protein_coding	0	0	0	2	1	0	0	1	0	0	0	0	0	0	0	0	0	0	0	0
B4E076	B4E076	uc002dop.5	protein_coding	0	3	5	9	2	0	0	0	7	5	0	0	0	0	0	0	0	0	3	0
B4E080	B4E080	uc002ddi.3	protein_coding	0	0	1	10	0	0	0	1	3	1	0	0	0	0	0	0	0	0	0	6
B4E0F2	B4E0F2	uc010btp.1	protein_coding	0	0	1	27	0	0	0	3	24	1	0	0	0	0	0	0	0	0	0	0
B4E0I4	B4E0I4	uc010veq.1	protein_coding	0	1	0	4	0	0	0	3	1	0	0	0	0	0	0	0	0	0	1	0
B4E0Q0	B4E0Q0	uc010vvw.2	protein_coding	0	1	0	14	0	0	0	0	13	0	0	0	0	1	0	0	0	0	0	2
B4E0S4	B4E0S4	uc010vgx.2	protein_coding	0	0	0	1	0	0	0	1	0	0	0	0	0	0	0	0	0	0	0	0
B4E0U3	B4E0U3	uc010vhp.2	protein_coding	0	0	0	4	0	0	0	0	3	0	0	0	0	0	0	0	0	0	0	1
B4E0Z0	B4E0Z0	uc010wtq.1	protein_coding	0	0	0	16	2	0	0	13	0	0	0	0	0	0	0	0	0	0	0	1
B4E102	B4E102	uc031qyn.1	protein_coding	0	0	0	1	0	0	0	0	0	0	0	0	0	0	0	0	0	0	0	1
B4E128	B4E128	uc010wcg.2	protein_coding	0	0	1	3	1	0	0	0	2	1	0	0	0	0	0	0	0	0	0	0
B4E148	B4E148	uc010vhr.2	protein_coding	0	0	0	3	0	0	1	0	2	0	0	0	0	0	0	0	0	0	0	0
B4E152	B4E152	uc010wlb.2	protein_coding	0	0	0	3	0	0	0	2	1	0	0	0	0	0	0	0	0	0	0	0
B4E157	B4E157	uc001zfg.1	protein_coding	0	0	0	9	1	0	0	0	5	0	0	0	0	0	0	0	0	0	0	3
B4E157	B4E157	uc010ubk.1	protein_coding	0	0	0	8	1	0	0	0	5	0	0	0	0	0	0	0	0	0	0	2
B4E188	B4E188	uc010ukh.2	protein_coding	0	0	0	1	0	0	0	0	1	0	0	0	0	0	0	0	0	0	0	0
B4E1A8	B4E1A8	uc010wsj.1	protein_coding	0	1	0	2	1	0	0	0	1	0	0	0	0	0	0	0	0	0	1	0
B4E1D2	B4E1D2	uc010clw.2	protein_coding	0	0	0	1	0	0	0	0	1	0	0	0	0	0	0	0	0	0	0	0
B4E1D7	B4E1D7	uc010wkz.2	protein_coding	0	0	0	3	0	0	0	2	1	0	0	0	0	0	0	0	0	0	0	0
B4E1J6	B4E1J6	uc010ukg.1	protein_coding	0	1	0	8	0	0	0	0	8	0	0	0	0	0	0	0	0	0	1	0
B4E1K0	B4E1K0	uc010ukc.2	protein_coding	0	2	0	3	1	0	1	0	1	0	0	0	0	0	0	0	0	0	2	0
B4E1L1	B4E1L1	uc010vog.1	protein_coding	0	0	0	29	1	0	1	1	26	0	0	0	0	0	0	0	0	0	0	0
B4E1P3	B4E1P3	uc010uvj.2	protein_coding	0	0	0	3	0	0	0	0	1	0	0	0	0	0	0	0	0	0	0	2
B4E1Q4	B4E1Q4	uc010xas.2	protein_coding	0	0	0	6	0	0	0	0	6	0	0	0	0	0	0	0	0	0	0	0
B4E1W1	B4E1W1	uc010ugo.2	protein_coding	0	0	0	9	0	0	0	0	9	0	0	0	0	0	0	0	0	0	0	0
B4E1Y2	B4E1Y2	uc010vjx.1	protein_coding	0	0	0	2	0	0	0	0	1	0	0	0	0	0	0	0	0	0	0	1
B4E238	B4E238	uc010uqt.2	protein_coding	0	1	1	8	0	0	0	6	0	1	0	0	0	0	0	0	0	0	1	2
B4E288	B4E288	uc010wrt.2	protein_coding	0	3	0	3	0	0	0	0	5	0	0	0	0	2	0	0	0	0	1	0
B4E2E0	B4E2E0	uc010viu.2	protein_coding	0	0	0	4	0	0	0	2	2	0	0	0	0	0	0	0	0	0	0	0
B4E2F8	B4E2F8	uc010wpv.2	protein_coding	0	1	0	7	3	0	0	1	3	0	0	0	0	0	0	0	0	0	1	0
B4E2J5	B4E2J5	uc010vwr.1	protein_coding	0	2	2	10	3	0	1	4	0	2	0	0	0	0	0	0	0	0	2	2
B4E2J6	B4E2J6	uc010xbg.2	protein_coding	0	0	0	6	1	0	0	0	4	0	0	0	0	0	0	0	0	0	0	1
B4E2J6	B4E2J6	uc010xbh.2	protein_coding	0	0	0	6	1	0	0	0	4	0	0	0	0	0	0	0	0	0	0	1
B4E2M2	B4E2M2	uc010unr.2	protein_coding	0	0	1	0	0	0	0	0	0	1	0	0	0	0	0	0	0	0	0	0
B4E2P9	B4E2P9	uc010wft.2	protein_coding	0	0	0	8	2	0	1	0	2	0	0	0	0	0	0	0	0	0	0	3
B4E2R3	B4E2R3	uc010uvy.2	protein_coding	0	0	0	4	0	0	0	4	0	0	0	0	0	0	0	0	0	0	0	0
B4E350	B4E350	uc010xat.2	protein_coding	0	0	0	5	0	0	0	0	4	0	0	0	0	0	0	0	0	0	0	1
B4E387	B4E387	uc010una.1	protein_coding	0	0	0	5	0	0	0	2	3	0	0	0	0	0	0	0	0	0	0	0
B4E3B2	B4E3B2	uc010vza.1	protein_coding	0	0	0	5	0	0	0	0	4	0	0	0	0	0	0	0	0	0	0	1
B4E3E2	B4E3E2	uc002bok.4	protein_coding	0	2	1	14	0	0	0	8	1	1	0	0	0	0	0	0	0	0	2	5
B4E3N8	B4E3N8	uc031qwf.1	protein_coding	0	0	0	5	0	0	1	4	0	0	0	0	0	0	0	0	0	0	0	0
B4E3P0	B4E3P0	uc010wfy.2	protein_coding	0	1	1	22	1	0	0	0	21	1	0	0	0	0	0	0	0	0	1	0
B4E3Q0	B4E3Q0	uc010uty.2	protein_coding	0	1	1	17	0	0	0	9	9	1	0	0	0	1	0	0	0	0	0	0
B4E3Q8	B4E3Q8	uc021tjh.1	protein_coding	0	0	0	8	1	0	0	1	0	0	0	0	0	0	0	0	0	0	0	6
B4E3R2	B4E3R2	uc010bvw.2	protein_coding	0	0	1	3	0	0	0	3	0	1	0	0	0	0	0	0	0	0	0	0
B5B2M5	B5B2M5	uc002lnf.3	protein_coding	0	3	0	41	3	0	0	0	38	0	0	0	0	0	0	0	0	0	3	0
B5B2M6	B5B2M6	uc010xfh.2	protein_coding	0	3	0	41	3	0	0	0	38	0	0	0	0	0	0	0	0	0	3	0
B5B2M7	B5B2M7	uc010xfk.2	protein_coding	0	3	0	41	3	0	0	0	38	0	0	0	0	0	0	0	0	0	3	0
B5B2M9	B5B2M9	uc002lng.3	protein_coding	0	3	0	41	3	0	0	0	38	0	0	0	0	0	0	0	0	0	3	0
B5B2N1	B5B2N1	uc010xfi.1	protein_coding	0	3	0	22	0	0	0	0	22	0	0	0	0	0	0	0	0	0	3	0
B5M0B8	B5M0B8	uc001zur.2	protein_coding	0	1	0	9	0	1	1	8	0	0	0	0	0	0	0	0	0	0	0	0
B5M0B8	B5M0B8	uc010bed.2	protein_coding	0	0	0	9	0	0	0	8	1	0	0	0	0	0	0	0	0	0	0	0
B5M0C0	B5M0C0	uc010uem.3	protein_coding	0	0	0	8	0	0	0	8	0	0	0	0	0	0	0	0	0	0	0	0
B5MCY9	B5MCY9	uc002jqv.2	protein_coding	0	0	0	2	0	0	0	1	1	0	0	0	0	0	0	0	0	0	0	0
B5MDD6	B5MDD6	uc021txh.1	protein_coding	0	0	0	19	1	0	0	0	0	0	0	0	0	0	0	0	0	0	0	18
B5ME19	B5ME19.2	uc010byj.3	protein_coding	0	0	0	1	0	0	0	1	0	0	0	0	0	0	0	0	0	0	0	0
B7WNW7	B7WNW7	uc002efx.3	protein_coding	0	3	0	2	0	0	0	0	4	0	0	0	0	2	0	0	0	0	1	0
B7WPD3	B7WPD3	uc002crm.3	protein_coding	0	0	1	4	0	0	0	3	1	1	0	0	0	0	0	0	0	0	0	0
B7WPI0	B7WPI0	uc010vdj.2	protein_coding	0	0	0	9	0	0	0	0	4	0	0	0	0	0	0	0	0	0	0	5
B7WPN2	B7WPN2	uc021sjp.1	protein_coding	0	3	2	42	0	0	0	0	40	2	0	0	0	1	0	0	0	0	2	3
B7Z1C3	B7Z1C3	uc010vtx.2	protein_coding	0	1	0	5	0	0	0	2	2	0	0	0	0	0	0	0	0	0	1	1
B7Z1K9	B7Z1K9	uc010xcy.1	protein_coding	0	2	0	5	0	0	0	1	4	0	0	0	0	0	0	0	0	0	2	0
B7Z1L1	B7Z1L1	uc010wmh.1	protein_coding	0	0	0	8	0	0	0	3	5	0	0	0	0	0	0	0	0	0	0	0
B7Z1S9	B7Z1S9	uc010vpi.2	protein_coding	0	0	0	1	0	0	0	0	0	0	0	0	0	0	0	0	0	0	0	1
B7Z1U7	B7Z1U7	uc010uxz.1	protein_coding	0	0	0	63	0	0	0	6	57	0	0	0	0	0	0	0	0	0	0	0
B7Z1V9	B7Z1V9	uc002ils.1	protein_coding	0	0	0	3	0	0	0	0	1	0	0	0	0	0	0	0	0	0	0	2
B7Z1X3	B7Z1X3	uc010vpv.1	protein_coding	0	1	0	31	0	0	0	8	23	0	0	0	0	0	0	0	0	0	1	0
B7Z285	B7Z285	uc010uue.2	protein_coding	0	2	0	12	0	0	0	9	4	0	0	0	0	1	0	0	0	0	1	0
B7Z294	B7Z294	uc010tyz.1	protein_coding	0	0	2	6	0	0	0	2	2	2	0	0	0	0	0	0	0	0	0	2
B7Z2A9	B7Z2A9	uc010wgj.2	protein_coding	0	0	0	6	1	0	0	0	5	0	0	0	0	0	0	0	0	0	0	0
B7Z2B8	B7Z2B8	uc010uvu.1	protein_coding	0	0	0	2	0	0	0	1	0	0	0	0	0	0	0	0	0	0	0	1
B7Z2L1	B7Z2L1	uc010vvd.1	protein_coding	0	2	0	24	6	0	0	1	17	0	0	0	0	0	0	0	0	0	2	0
B7Z2L7	B7Z2L7	uc010vwy.2	protein_coding	0	0	0	8	2	0	0	0	5	0	0	0	0	0	0	0	0	0	0	1
B7Z2M6	B7Z2M6	uc010vtz.1	protein_coding	0	1	0	6	1	1	2	1	0	0	0	0	0	0	0	0	0	0	0	2
B7Z2R6	B7Z2R6	uc010wgz.2	protein_coding	0	0	0	4	1	0	0	3	0	0	0	0	0	0	0	0	0	0	0	0
B7Z2U2	B7Z2U2	uc010vxa.2	protein_coding	0	0	0	8	2	0	0	0	5	0	0	0	0	0	0	0	0	0	0	1
B7Z2X3	B7Z2X3	uc010wvn.1	protein_coding	0	0	0	8	0	0	0	5	1	0	0	0	0	0	0	0	0	0	0	2
B7Z2Y1	B7Z2Y1	uc010xau.2	protein_coding	0	3	0	10	0	0	0	2	9	0	0	0	0	2	0	0	0	0	2	0
B7Z316	B7Z316	uc010wpx.1	protein_coding	0	0	0	6	0	0	0	5	1	0	0	0	0	0	0	0	0	0	0	0
B7Z319	B7Z319	uc010vpl.1	protein_coding	0	0	0	9	2	0	0	3	4	0	0	0	0	0	0	0	0	0	0	0
B7Z329	B7Z329	uc010vce.3	protein_coding	0	4	1	11	0	0	0	0	11	1	0	0	0	0	0	0	0	0	4	0
B7Z377	B7Z377	uc010vhq.2	protein_coding	0	1	1	8	2	0	0	3	2	1	0	0	0	0	0	0	0	0	1	1
B7Z378	B7Z378	uc010ung.1	protein_coding	0	1	1	6	0	0	1	3	3	1	0	0	0	1	0	0	0	0	0	0
B7Z383	B7Z383	uc010uuj.2	protein_coding	0	0	0	1	0	0	0	1	0	0	0	0	0	0	0	0	0	0	0	0
B7Z3E5	B7Z3E5	uc010vqk.1	protein_coding	0	1	0	25	0	0	0	15	10	0	0	0	0	0	0	0	0	0	1	0
B7Z3E7	B7Z3E7	uc010udq.1	protein_coding	0	2	3	5	0	0	0	0	6	3	0	0	0	1	0	0	0	0	1	0
B7Z3H4	B7Z3H4	uc001ktc.4	protein_coding	0	0	0	4	0	0	0	0	4	0	0	0	0	0	0	0	0	0	0	0
B7Z3I4	B7Z3I4	uc010urb.2	protein_coding	0	0	0	3	0	0	0	1	2	0	0	0	0	0	0	0	0	0	0	0
B7Z3I6	B7Z3I6	uc002emr.1	protein_coding	0	1	0	9	0	0	0	1	8	0	0	0	0	0	0	0	0	0	1	0
B7Z3L6	B7Z3L6	uc010upe.2	protein_coding	0	2	3	30	1	0	0	1	28	3	0	0	0	0	0	0	0	0	2	0
B7Z3M4	B7Z3M4	uc010upd.1	protein_coding	1	1	3	22	0	1	1	0	22	3	0	0	1	0	0	0	0	0	0	0
B7Z3M6	B7Z3M6	uc010uye.1	protein_coding	0	0	0	5	0	0	0	3	1	0	0	0	0	0	0	0	0	0	0	1
B7Z3Q5	B7Z3Q5	uc021ucy.1	protein_coding	0	0	0	1	1	0	0	0	0	0	0	0	0	0	0	0	0	0	0	0
B7Z3X3	B7Z3X3	uc010xby.1	protein_coding	0	1	0	18	2	0	0	0	17	0	0	0	0	1	0	0	0	0	0	0
B7Z3Y6	B7Z3Y6	uc010xfe.1	protein_coding	0	0	0	2	0	0	0	0	2	0	0	0	0	0	0	0	0	0	0	0
B7Z403	B7Z403	uc010vqc.2	protein_coding	0	0	0	2	0	0	0	0	1	0	0	0	0	0	0	0	0	0	0	1
B7Z419	B7Z419	uc010uyh.2	protein_coding	0	0	0	7	0	0	0	0	6	0	0	0	0	0	0	0	0	0	0	1
B7Z455	B7Z455	uc010wgf.1	protein_coding	0	1	2	6	0	0	1	0	5	2	0	0	0	1	0	0	0	0	0	1
B7Z484	B7Z484	uc010vhz.2	protein_coding	0	2	0	9	0	0	0	1	8	0	0	0	0	0	0	0	0	0	2	0
B7Z4A7	B7Z4A7	uc010csq.2	protein_coding	0	0	0	1	0	0	0	0	0	0	0	0	0	0	0	0	0	0	0	1
B7Z4N8	B7Z4N8	uc010wyr.1	protein_coding	0	1	0	8	0	0	0	2	6	0	0	0	0	0	0	0	0	0	1	0
B7Z4S6	B7Z4S6	uc010wae.2	protein_coding	0	0	0	3	0	0	0	2	1	0	0	0	0	0	0	0	0	0	0	0
B7Z4W2	B7Z4W2	uc010unl.2	protein_coding	0	0	0	8	1	0	0	0	7	0	0	0	0	0	0	0	0	0	0	0
B7Z533	B7Z533	uc010upg.1	protein_coding	1	3	4	29	0	0	0	1	29	4	0	0	1	0	0	0	0	0	3	0
B7Z590	B7Z590	uc010vnu.2	protein_coding	0	3	0	38	0	0	0	0	38	0	0	0	0	0	0	0	0	0	3	0
B7Z596	B7Z596	uc010uif.2	protein_coding	0	0	0	8	0	0	0	1	6	0	0	0	0	0	0	0	0	0	0	1
B7Z5F4	B7Z5F4	uc010wih.2	protein_coding	0	0	0	1	0	0	0	0	1	0	0	0	0	0	0	0	0	0	0	0
B7Z5G7	B7Z5G7	uc010ulh.2	protein_coding	0	0	0	12	1	0	0	1	10	0	0	0	0	0	0	0	0	0	0	0
B7Z5I3	B7Z5I3	uc010vne.1	protein_coding	0	0	0	1	0	0	0	1	0	0	0	0	0	0	0	0	0	0	0	0
B7Z5I6	B7Z5I6	uc010vsy.2	protein_coding	0	1	0	24	0	0	0	8	10	0	0	0	0	0	0	0	0	0	1	6
B7Z5M6	B7Z5M6	uc010xdy.1	protein_coding	0	1	0	26	2	0	0	0	24	0	0	0	0	0	0	0	0	0	1	0
B7Z5N5	B7Z5N5	uc010xdd.2	protein_coding	0	0	0	1	1	0	0	0	0	0	0	0	0	0	0	0	0	0	0	0
B7Z5R6	B7Z5R6	uc010whw.2	protein_coding	0	1	0	4	0	0	0	0	4	0	0	0	0	1	0	0	0	0	0	1
B7Z5S8	B7Z5S8	uc010urc.2	protein_coding	0	1	1	19	2	0	0	6	9	1	0	0	0	0	0	0	0	0	1	2
B7Z5V9	B7Z5V9	uc010deu.1	protein_coding	0	1	0	16	0	0	0	0	14	0	0	0	0	0	0	0	0	0	1	2
B7Z5Z1	B7Z5Z1	uc010umy.2	protein_coding	0	0	0	12	0	0	0	4	8	0	0	0	0	0	0	0	0	0	0	0
B7Z641	B7Z641	uc010wgk.2	protein_coding	0	0	0	6	1	0	0	0	5	0	0	0	0	0	0	0	0	0	0	0
B7Z683	B7Z683	uc010vqg.3	protein_coding	0	2	0	37	3	0	0	4	30	0	0	0	0	1	0	0	0	0	1	1
B7Z6H7	B7Z6H7	uc002fsf.4	protein_coding	0	3	1	14	3	1	1	4	6	1	0	0	0	1	0	0	0	0	1	1
B7Z6L1	B7Z6L1	uc010vxj.1	protein_coding	0	0	0	8	0	0	0	1	1	0	0	0	0	0	0	0	0	0	0	6
B7Z6L6	B7Z6L6	uc010vtd.2	protein_coding	0	1	1	7	1	0	0	0	6	1	0	0	0	0	0	0	0	0	1	0
B7Z6P0	B7Z6P0	uc002cmx.4	protein_coding	0	1	0	21	1	0	0	8	8	0	0	0	0	0	0	0	0	0	1	4
B7Z6Q0	B7Z6Q0	uc021szm.1	protein_coding	0	0	2	18	0	0	0	3	15	2	0	0	0	0	0	0	0	0	0	0
B7Z6Q0	B7Z6Q0	uc021szn.1	protein_coding	0	0	2	18	0	0	0	3	15	2	0	0	0	0	0	0	0	0	0	0
B7Z6T0	B7Z6T0	uc010wjl.1	protein_coding	0	0	0	4	0	0	0	3	1	0	0	0	0	0	0	0	0	0	0	0
B7Z6V3	B7Z6V3	uc010vqq.1	protein_coding	0	5	0	11	3	1	1	2	4	0	0	0	0	0	0	0	0	0	4	1
B7Z6V7	B7Z6V7	uc010vfl.1	protein_coding	0	0	0	9	0	0	0	3	4	0	0	0	0	0	0	0	0	0	0	2
B7Z6Y4	B7Z6Y4	uc010vpo.2	protein_coding	0	0	1	9	0	0	0	3	4	1	0	0	0	0	0	0	0	0	0	2
B7Z6Z6	B7Z6Z6	uc010unh.1	protein_coding	0	0	0	9	0	0	1	2	5	0	0	0	0	0	0	0	0	0	0	1
B7Z722	B7Z722	uc010uig.2	protein_coding	0	0	0	10	2	0	0	0	7	0	0	0	0	0	0	0	0	0	0	1
B7Z773	B7Z773	uc010xde.2	protein_coding	0	0	0	5	0	0	0	1	4	0	0	0	0	0	0	0	0	0	0	0
B7Z775	B7Z775	uc010wpf.2	protein_coding	0	0	0	4	1	0	0	0	2	0	0	0	0	0	0	0	0	0	0	1
B7Z776	B7Z776	uc010uuk.2	protein_coding	0	0	0	1	0	0	0	0	0	0	0	0	0	0	0	0	0	0	0	1
B7Z7B3	B7Z7B3	uc010vjk.2	protein_coding	0	1	1	5	0	0	0	1	4	1	0	0	0	0	0	0	0	0	1	0
B7Z7E2	B7Z7E2	uc010wrw.2	protein_coding	0	0	1	17	0	0	0	4	12	1	0	0	0	1	0	0	0	0	0	1
B7Z7G2	B7Z7G2	uc010wri.2	protein_coding	0	0	0	2	0	0	0	0	2	0	0	0	0	0	0	0	0	0	0	0
B7Z7H0	B7Z7H0	uc010vvh.1	protein_coding	0	0	0	8	0	0	0	0	7	0	0	0	0	0	0	0	0	0	0	1
B7Z7H9	B7Z7H9	uc010uvm.2	protein_coding	0	0	0	14	1	0	0	2	4	0	0	0	0	0	0	0	0	0	0	7
B7Z7M0	B7Z7M0	uc010uar.2	protein_coding	1	3	1	29	0	0	0	13	15	1	0	0	0	1	0	1	0	0	3	1
B7Z7N7	B7Z7N7	uc010xbv.1	protein_coding	0	0	0	2	0	0	0	0	2	0	0	0	0	0	0	0	0	0	0	0
B7Z7Q3	B7Z7Q3	uc010wlz.2	protein_coding	0	0	0	3	0	0	1	1	1	0	0	0	0	0	0	0	0	0	0	0
B7Z7U4	B7Z7U4	uc010upl.1	protein_coding	0	3	0	14	0	0	0	0	14	0	0	0	0	0	0	0	0	0	3	0
B7Z7V6	B7Z7V6	uc021tli.1	protein_coding	0	0	0	12	0	0	0	6	6	0	0	0	0	0	0	0	0	0	0	0
B7Z7V8	B7Z7V8	uc010vkg.1	protein_coding	0	1	0	1	0	0	0	0	0	0	0	0	0	0	0	0	0	0	1	1
B7Z815	B7Z815	uc002czk.2	protein_coding	0	1	0	22	0	0	0	0	22	0	0	0	0	0	0	0	0	0	1	0
B7Z831	B7Z831	uc010vav.2	protein_coding	0	1	0	5	0	0	0	1	4	0	0	0	0	0	0	0	0	0	1	0
B7Z839	B7Z839	uc010ucv.2	protein_coding	0	5	1	7	1	0	0	0	9	1	0	0	0	3	0	0	0	0	2	0
B7Z845	B7Z845	uc010xbp.2	protein_coding	0	1	0	3	1	0	0	0	2	0	0	0	0	0	0	0	0	0	1	0
B7Z874	B7Z874	uc010vqv.1	protein_coding	0	0	0	10	0	0	0	1	9	0	0	0	0	0	0	0	0	0	0	0
B7Z874	B7Z874	uc031qxx.1	protein_coding	0	0	0	10	0	0	0	1	9	0	0	0	0	0	0	0	0	0	0	0
B7Z896	B7Z896	uc010vhx.2	protein_coding	0	2	0	9	0	0	0	1	7	0	0	0	0	0	0	0	0	0	2	1
B7Z8F1	B7Z8F1	uc010vtu.1	protein_coding	0	0	0	1	0	0	0	1	0	0	0	0	0	0	0	0	0	0	0	0
B7Z8H4	B7Z8H4	uc002jrs.1	protein_coding	0	1	0	11	0	0	0	2	8	0	0	0	0	0	0	0	0	0	1	1
B7Z8H4	B7Z8H4	uc010wtf.1	protein_coding	0	1	0	13	0	0	0	3	9	0	0	0	0	0	0	0	0	0	1	1
B7Z8J9	B7Z8J9	uc011edb.1	protein_coding	1	0	3	8	3	0	0	0	1	3	0	0	1	0	0	0	0	0	0	5
B7Z8M8	B7Z8M8	uc010dkr.2	protein_coding	0	1	0	12	2	0	0	0	9	0	0	0	0	0	0	0	0	0	1	1
B7Z8M8	B7Z8M8	uc010wzg.1	protein_coding	0	0	0	13	2	0	1	0	8	0	0	0	0	0	0	0	0	0	0	2
B7Z8T1	B7Z8T1	uc010wve.1	protein_coding	0	1	0	4	1	0	0	1	1	0	0	0	0	0	0	0	0	0	1	1
B7Z8T6	B7Z8T6	uc002fdd.2	protein_coding	0	3	1	5	1	0	0	1	3	1	0	0	0	1	0	0	0	0	2	1
B7Z8Y8	B7Z8Y8	uc002fql.3	protein_coding	0	1	1	10	0	0	0	4	6	1	0	0	0	0	0	0	0	0	1	0
B7Z8Y8	B7Z8Y8	uc010cjd.3	protein_coding	0	1	2	5	2	0	0	0	3	2	0	0	0	0	0	0	0	0	1	0
B7Z8Y9	B7Z8Y9	uc010vdg.1	protein_coding	0	0	1	4	0	0	0	3	1	1	0	0	0	0	0	0	0	0	0	0
B7Z905	B7Z905	uc010vsj.2	protein_coding	0	1	0	19	0	0	0	11	8	0	0	0	0	0	0	0	0	0	1	0
B7Z913	B7Z913	uc010vgw.2	protein_coding	0	0	0	8	0	0	0	1	7	0	0	0	0	0	0	0	0	0	0	0
B7Z922	B7Z922	uc010uyi.2	protein_coding	0	0	0	7	0	0	0	0	6	0	0	0	0	0	0	0	0	0	0	1
B7Z9A2	B7Z9A2	uc010wrz.2	protein_coding	0	0	0	14	1	0	0	3	7	0	0	0	0	0	0	0	0	0	0	3
B7Z9B0	B7Z9B0	uc010vpt.1	protein_coding	0	0	0	24	3	0	0	1	20	0	0	0	0	0	0	0	0	0	0	0
B7Z9B2	B7Z9B2	uc010vob.2	protein_coding	0	0	1	1	0	0	0	1	0	1	0	0	0	0	0	0	0	0	0	0
B7Z9X4	B7Z9X4	uc010vih.2	protein_coding	0	2	0	14	2	0	0	2	8	0	0	0	0	0	0	0	0	0	2	2
B7ZA11	B7ZA11	uc010vsd.2	protein_coding	0	2	0	11	1	0	0	0	11	0	0	0	0	1	0	0	0	0	1	0
B7ZA26	B7ZA26	uc010wzt.2	protein_coding	0	0	0	34	9	0	0	6	16	0	0	0	0	0	0	0	0	0	0	3
B7ZA62	B7ZA62	uc010vvj.2	protein_coding	0	0	0	1	0	0	0	0	1	0	0	0	0	0	0	0	0	0	0	0
B7ZGX9	B7ZGX9.2	uc010utv.1	protein_coding	0	0	0	21	1	0	0	20	0	0	0	0	0	0	0	0	0	0	0	0
B7ZKN0	B7ZKN0	uc002avn.4	protein_coding	0	2	1	8	0	0	0	0	8	1	0	0	0	0	0	0	0	0	2	0
B7ZKN0	B7ZKN0	uc010ukx.2	protein_coding	0	2	1	8	0	0	0	0	8	1	0	0	0	0	0	0	0	0	2	0
B7ZKN0	B7ZKN0	uc010ukz.2	protein_coding	0	1	1	9	0	0	1	0	8	1	0	0	0	0	0	0	0	0	1	0
B7ZKR7	B7ZKR7	uc010uoj.2	protein_coding	0	0	0	1	0	0	0	0	1	0	0	0	0	0	0	0	0	0	0	0
B7ZKS0	B7ZKS0	uc010uoi.2	protein_coding	0	0	0	1	0	0	0	0	1	0	0	0	0	0	0	0	0	0	0	0
B7ZKV6	B7ZKV6	uc010xep.2	protein_coding	0	1	1	6	0	0	0	1	5	1	0	0	0	0	0	0	0	0	1	0
B7ZKY4	B7ZKY4	uc010upw.1	protein_coding	0	2	0	17	2	0	0	2	10	0	0	0	0	1	0	0	0	0	1	4
B7ZKZ1	B7ZKZ1	uc010vyk.2	protein_coding	0	1	0	14	1	0	0	0	13	0	0	0	0	0	0	0	0	0	1	0
B7ZL82	B7ZL82	uc010vlh.2	protein_coding	0	1	0	12	3	0	0	4	5	0	0	0	0	0	0	0	0	0	1	0
B7ZLH8	B7ZLH8	uc010wss.1	protein_coding	0	5	2	12	1	0	0	0	12	2	0	0	0	1	0	0	0	0	4	0
B7ZLH9	B7ZLH9	uc010uyc.1	protein_coding	0	0	0	29	6	0	0	0	23	0	0	0	0	0	0	0	0	0	0	0
B7ZLM8	B7ZLM8	uc010ucr.1	protein_coding	0	0	0	13	1	0	0	5	5	0	0	0	0	0	0	0	0	0	0	2
B7ZLT0	B7ZLT0	uc010qvk.2	protein_coding	0	0	0	11	0	0	0	0	0	0	0	0	0	0	0	0	0	0	0	11
B7ZM01	B7ZM01	uc010uff.2	protein_coding	0	0	1	1	0	0	0	0	1	1	0	0	0	0	0	0	0	0	0	0
B7ZM02	B7ZM02	uc010uol.1	protein_coding	0	1	0	8	0	0	0	0	8	0	0	0	0	0	0	0	0	0	1	0
B7ZM02	B7ZM02	uc010uom.1	protein_coding	0	1	0	8	0	0	0	0	8	0	0	0	0	0	0	0	0	0	1	0
B7ZM10	B7ZM10	uc010vcp.2	protein_coding	0	1	0	13	0	0	0	0	13	0	0	0	0	0	0	0	0	0	1	0
B7ZM88	B7ZM88	uc021tgf.1	protein_coding	0	0	0	4	0	0	0	1	3	0	0	0	0	0	0	0	0	0	0	0
B7ZMF3	B7ZMF3	uc010uvl.2	protein_coding	0	1	1	34	2	0	0	3	29	1	0	0	0	0	0	0	0	0	1	0
B7ZMK8	B7ZMK8	uc010vfg.3	protein_coding	0	1	0	5	0	0	0	1	4	0	0	0	0	0	0	0	0	0	1	0
B7ZVX5	B7ZVX5	uc010vva.3	protein_coding	0	3	0	16	0	0	0	0	15	0	0	0	0	0	0	0	0	0	3	1
B7ZW05	B7ZW05	uc002blw.2	protein_coding	0	0	0	15	1	0	0	1	13	0	0	0	0	0	0	0	0	0	0	0
B8Q191	B8Q191	uc010uwr.2	protein_coding	0	2	1	8	1	0	0	1	5	1	0	0	0	0	0	0	0	0	2	1
B8X2Z3	B8X2Z3	uc010vjr.2	protein_coding	0	0	0	6	0	0	0	3	3	0	0	0	0	0	0	0	0	0	0	0
B8ZZU0	B8ZZU0	uc031rba.1	protein_coding	0	0	0	1	0	0	0	1	0	0	0	0	0	0	0	0	0	0	0	0
B9A003	B9A003	uc002ich.3	protein_coding	0	0	0	13	0	0	0	3	7	0	0	0	0	0	0	0	0	0	0	3
B9A026	B9A026	uc010bdq.3	protein_coding	0	0	0	7	0	0	1	5	1	0	0	0	0	0	0	0	0	0	0	0
B9A6M2	B9A6M2	uc010ulc.2	protein_coding	0	0	0	7	0	0	0	1	6	0	0	0	0	0	0	0	0	0	0	0
B9EGH5	B9EGH5	uc010ucm.2	protein_coding	0	2	0	14	0	0	0	0	12	0	0	0	0	0	0	0	0	0	2	2
B9EGL1	B9EGL1	uc010vto.2	protein_coding	0	0	0	16	0	0	1	1	7	0	0	0	0	0	0	0	0	0	0	7
B9TX62	B9TX62	uc010wer.2	protein_coding	0	1	0	14	0	0	0	9	3	0	0	0	0	0	0	0	0	0	1	2
B9TX63	B9TX63	uc010wfa.1	protein_coding	0	0	0	7	0	0	0	2	5	0	0	0	0	0	0	0	0	0	0	0
B9TX64	B9TX64	uc010wfc.1	protein_coding	0	0	0	7	0	0	0	3	4	0	0	0	0	0	0	0	0	0	0	0
B9TX73	B9TX73	uc010weq.2	protein_coding	0	1	0	13	0	0	0	9	1	0	0	0	0	0	0	0	0	0	1	3
C0IMW4	C0IMW4	uc002huy.2	protein_coding	0	0	0	5	1	0	0	0	3	0	0	0	0	0	0	0	0	0	0	1
C0IMW5	C0IMW5	uc010wff.1	protein_coding	0	0	0	5	1	0	0	0	3	0	0	0	0	0	0	0	0	0	0	1
C0IMW7	C0IMW7	uc010wfg.1	protein_coding	0	0	0	5	1	0	0	0	3	0	0	0	0	0	0	0	0	0	0	1
C3TX97	C3TX97	uc031qyy.1	protein_coding	0	1	0	0	0	0	0	0	0	0	0	0	0	0	0	0	0	0	1	0
C4AMC7	C4AMC7	uc002cdi.3	protein_coding	1	2	3	35	3	1	1	1	30	3	0	0	0	0	0	1	0	0	1	0
C4B7M2	C4B7M2	uc010uei.2	protein_coding	0	0	1	5	0	0	0	3	2	1	0	0	0	0	0	0	0	0	0	0
C5J4B4	C5J4B4	uc010ujx.2	protein_coding	0	0	0	2	0	0	0	0	2	0	0	0	0	0	0	0	0	0	0	0
C6EVS3	C6EVS3	uc010udf.1	protein_coding	0	0	1	41	1	0	0	1	30	1	0	0	0	0	0	0	0	0	0	9
C6EVS4	C6EVS4	uc010udg.1	protein_coding	0	0	1	41	1	0	0	1	30	1	0	0	0	0	0	0	0	0	0	9
C6G488	C6G488	uc002brb.3	protein_coding	0	2	0	12	0	0	0	5	8	0	0	0	0	1	0	0	0	0	1	0
C6G496	C6G496	uc010vdx.3	protein_coding	0	0	0	6	1	0	0	3	1	0	0	0	0	0	0	0	0	0	0	1
C6GKH1	C6GKH1	uc010uwp.2	protein_coding	0	2	1	8	1	0	0	1	6	1	0	0	0	0	0	0	0	0	2	0
C6YB45	C6YB45	uc010whm.2	protein_coding	0	0	0	7	0	0	0	0	6	0	0	0	0	0	0	0	0	0	0	1
C6YB46	C6YB46	uc010who.3	protein_coding	0	0	0	7	0	0	0	0	6	0	0	0	0	0	0	0	0	0	0	1
C7C5T6	C7C5T6	uc010vdl.1	protein_coding	0	0	0	9	0	0	0	1	3	0	0	0	0	0	0	0	0	0	0	5
C9J0S1	C9J0S1	uc010uvq.1	protein_coding	0	1	2	51	0	0	0	1	50	2	0	0	0	0	0	0	0	0	1	0
C9J2Z9	C9J2Z9	uc002eae.1	protein_coding	0	0	0	3	0	0	0	0	1	0	0	0	0	0	0	0	0	0	0	2
C9J4G0	C9J4G0	uc002ged.3	protein_coding	0	1	0	4	0	0	3	1	0	0	0	0	0	1	0	0	0	0	1	0
C9J4L2	C9J4L2	uc021oeg.2	protein_coding	0	0	0	1	1	0	0	0	0	0	0	0	0	0	0	0	0	0	0	0
C9J5X1	C9J5X1	uc010bon.3	protein_coding	0	1	0	48	12	0	0	3	33	0	0	0	0	0	0	0	0	0	1	0
C9J7Z8	C9J7Z8	uc010clr.1	protein_coding	0	2	1	8	0	0	2	0	5	1	0	0	0	0	0	0	0	0	2	1
C9JC47	C9JC47	uc011bup.1	protein_coding	0	0	1	4	0	0	0	0	4	1	0	0	0	1	0	0	0	0	0	0
C9JCN9	C9JCN9	uc002lno.4	protein_coding	0	0	1	2	0	0	0	1	1	1	0	0	0	0	0	0	0	0	0	0
C9JE40	C9JE40	uc001zub.4	protein_coding	0	0	0	1	0	0	0	0	1	0	0	0	0	0	0	0	0	0	0	0
C9JE40	C9JE40	uc010uej.2	protein_coding	0	0	1	0	0	0	0	0	0	1	0	0	0	0	0	0	0	0	0	0
C9JEK9	C9JEK9	uc002fmj.3	protein_coding	0	0	0	15	1	0	0	8	5	0	0	0	0	0	0	0	0	0	0	1
C9JFE4	C9JFE4	uc002kdm.1	protein_coding	0	0	0	27	0	0	0	4	2	0	0	0	0	0	0	0	0	0	0	21
C9JFF1	C9JFF1	uc010crz.1	protein_coding	0	0	1	4	0	0	0	2	2	1	0	0	0	0	0	0	0	0	0	0
C9JGW6	C9JGW6	uc021txp.1	protein_coding	0	0	0	6	0	0	0	2	4	0	0	0	0	0	0	0	0	0	0	0
C9JHD5	C9JHD5	uc002liv.1	protein_coding	0	1	0	0	0	0	0	0	0	0	0	0	0	0	0	0	0	0	1	0
C9JHD5	C9JHD5	uc021ulf.1	protein_coding	0	1	0	0	0	0	0	0	0	0	0	0	0	0	0	0	0	0	1	0
C9JHH8	C9JHH8	uc021tgt.1	protein_coding	0	0	2	0	0	0	0	0	0	2	0	0	0	0	0	0	0	0	0	0
C9JJ19	C9JJ19	uc021taj.1	protein_coding	0	0	0	15	0	0	0	12	0	0	0	0	0	0	0	0	0	0	0	3
C9JKC4	C9JKC4	uc021txo.1	protein_coding	0	2	2	7	0	0	0	3	4	2	0	0	0	0	0	0	0	0	2	0
C9JL75	C9JL75	uc010wsa.2	protein_coding	0	3	0	23	0	0	0	11	14	0	0	0	0	2	0	0	0	0	1	0
C9JLW8	C9JLW8	uc010wuy.1	protein_coding	0	0	0	1	0	0	0	0	0	0	0	0	0	0	0	0	0	0	0	1
C9JLW8	C9JLW8	uc010wuz.1	protein_coding	0	0	0	1	0	0	0	0	0	0	0	0	0	0	0	0	0	0	0	1
C9JQ15	C9JQ15	uc010vsi.2	protein_coding	0	0	0	5	0	0	0	2	1	0	0	0	0	0	0	0	0	0	0	2
C9JQE6	C9JQE6	uc002jhq.3	protein_coding	0	2	3	22	0	0	0	0	22	3	0	0	0	0	0	0	0	0	2	0
C9JQE6	C9JQE6	uc010wqq.2	protein_coding	0	2	3	22	0	0	0	0	22	3	0	0	0	0	0	0	0	0	2	0
C9JR60	C9JR60	uc010woe.2	protein_coding	0	0	0	3	0	0	0	0	3	0	0	0	0	0	0	0	0	0	0	0
C9JR72	C9JR72	uc010uis.2	protein_coding	0	1	1	1	1	0	0	0	0	1	0	0	0	0	0	0	0	0	1	0
C9JT09	C9JT09	uc010xad.2	protein_coding	0	0	4	20	0	0	0	0	19	4	0	0	0	0	0	0	0	0	0	1
C9JT33	C9JT33	uc010dbj.3	protein_coding	0	0	0	8	4	0	0	0	4	0	0	0	0	0	0	0	0	0	0	0
C9JTQ0	C9JTQ0	uc021sjf.1	protein_coding	0	0	0	2	0	0	0	2	0	0	0	0	0	0	0	0	0	0	0	0
C9JU50	C9JU50	uc002adn.1	protein_coding	0	1	1	1	0	0	0	0	1	1	0	0	0	0	0	0	0	0	1	0
C9JVA8	C9JVA8	uc002ljs.1	protein_coding	0	0	1	7	0	0	0	3	4	1	0	0	0	0	0	0	0	0	0	0
C9JY26	C9JY26	uc031qzp.1	protein_coding	0	0	0	2	0	0	0	2	0	0	0	0	0	0	0	0	0	0	0	0
C9K0I3	C9K0I3	uc001zom.2	protein_coding	0	0	0	4	0	0	0	1	1	0	0	0	0	0	0	0	0	0	0	2
C9K0J8	C9K0J8	uc001zrm.3	protein_coding	0	0	1	6	1	0	0	1	4	1	0	0	0	0	0	0	0	0	0	0
C9K0J8	C9K0J8	uc010bdf.1	protein_coding	0	0	1	8	1	0	0	1	6	1	0	0	0	0	0	0	0	0	0	0
C9K0X5	C9K0X5	uc002bap.3	protein_coding	0	0	0	3	0	0	0	0	3	0	0	0	0	0	0	0	0	0	0	0
D2DFB0	D2DFB0	uc021tef.1	protein_coding	0	1	0	4	0	0	0	1	3	0	0	0	0	0	0	0	0	0	1	0
D2DGW5	D2DGW5	uc021uiq.1	protein_coding	0	0	0	6	0	0	0	0	6	0	0	0	0	0	0	0	0	0	0	0
D2DGW6	D2DGW6	uc021uir.1	protein_coding	0	0	0	6	0	0	0	0	6	0	0	0	0	0	0	0	0	0	0	0
D3DTL4	D3DTL4	uc010vsr.2	protein_coding	0	1	0	11	4	0	0	3	3	0	0	0	0	0	0	0	0	0	1	1
D3DTM1	D3DTM1	uc002gbf.3	protein_coding	0	0	0	3	0	0	0	2	1	0	0	0	0	0	0	0	0	0	0	0
D3DTM5	D3DTM5	uc010clp.1	protein_coding	0	0	0	9	2	0	0	3	0	0	0	0	0	0	0	0	0	0	0	4
D3DTT2	D3DTT2	uc002gop.2	protein_coding	0	0	0	1	0	0	0	0	1	0	0	0	0	0	0	0	0	0	0	0
D3DTV8	D3DTV8	uc021tzg.2	protein_coding	0	0	0	7	0	0	0	2	5	0	0	0	0	0	0	0	0	0	0	0
D3DTV9	D3DTV9	uc002inz.2	protein_coding	0	0	1	4	0	0	0	2	0	1	0	0	0	0	0	0	0	0	0	2
D3DTX6	D3DTX6	uc002iqh.4	protein_coding	0	1	0	3	2	0	0	0	2	0	0	0	0	1	0	0	0	0	0	0
D3DU13	D3DU13	uc010ddv.2	protein_coding	0	2	0	6	0	0	0	0	3	0	0	0	0	0	0	0	0	0	2	3
D3DU63	D3DU63	uc002cjh.3	protein_coding	0	0	0	1	0	0	0	0	0	0	0	0	0	0	0	0	0	0	0	1
D3DU79	D3DU79	uc031quq.1	protein_coding	0	1	0	13	0	0	0	2	4	0	0	0	0	0	0	0	0	0	1	7
D3DU85	D3DU85	uc002coj.3	protein_coding	0	0	0	11	0	0	0	0	6	0	0	0	0	0	0	0	0	0	0	5
D3DU95	D3DU95	uc002cqg.2	protein_coding	0	1	0	1	0	1	1	0	0	0	0	0	0	0	0	0	0	0	0	0
D3DUA0	D3DUA0	uc002crw.3	protein_coding	0	1	0	5	1	0	0	2	1	0	0	0	0	0	0	0	0	0	1	1
D3DUA0	D3DUA0	uc002crx.3	protein_coding	0	1	0	5	1	0	1	2	1	0	0	0	0	0	0	0	0	0	1	0
D3DUB7	D3DUB7	uc002cul.3	protein_coding	0	2	0	4	0	1	1	0	3	0	0	0	0	1	0	0	0	0	0	0
D3DUB7	D3DUB7	uc002cum.3	protein_coding	0	2	0	4	0	1	1	0	3	0	0	0	0	1	0	0	0	0	0	0
D3DUB7	D3DUB7	uc010bti.2	protein_coding	0	2	0	4	0	1	1	0	3	0	0	0	0	1	0	0	0	0	0	0
D3DUG6	D3DUG6	uc010uyv.2	protein_coding	0	0	0	1	0	0	0	1	0	0	0	0	0	0	0	0	0	0	0	0
D3DUG6	D3DUG6	uc031qve.1	protein_coding	0	0	0	1	0	0	0	1	0	0	0	0	0	0	0	0	0	0	0	0
D3DW56	D3DW56	uc002axx.1	protein_coding	0	1	1	0	0	0	0	0	0	1	0	0	0	0	0	0	0	0	1	0
D3DW85	D3DW85	uc002bdr.2	protein_coding	0	2	2	8	1	1	1	0	6	2	0	0	0	0	0	0	0	0	1	0
D3DX46	D3DX46	uc002ieh.3	protein_coding	0	0	0	8	0	0	0	0	8	0	0	0	0	0	0	0	0	0	0	0
D3DX46	D3DX46	uc010wik.2	protein_coding	0	0	0	8	0	0	0	3	5	0	0	0	0	0	0	0	0	0	0	0
D6RAR2	D6RAR2	uc002gzy.1	protein_coding	0	0	0	2	1	0	0	0	1	0	0	0	0	0	0	0	0	0	0	0
D6REA6	D6REA6	uc002cia.1	protein_coding	0	0	0	3	0	0	0	3	0	0	0	0	0	0	0	0	0	0	0	0
D6RJ88	D6RJ88	uc002aqm.3	protein_coding	0	0	0	3	0	0	0	0	3	0	0	0	0	0	0	0	0	0	0	0
D9IDV3	D9IDV3	uc021sia.1	protein_coding	0	2	3	26	0	0	0	0	26	3	0	0	0	0	0	0	0	0	2	0
D9YZV2	D9YZV2	uc002alh.3	protein_coding	0	0	0	8	0	0	0	0	8	0	0	0	0	0	0	0	0	0	0	0
D9YZV3	D9YZV3	uc002ali.3	protein_coding	0	0	0	10	2	0	0	0	8	0	0	0	0	0	0	0	0	0	0	0
D9YZV5	D9YZV5	uc002alk.3	protein_coding	0	0	0	10	2	0	0	0	8	0	0	0	0	0	0	0	0	0	0	0
D9YZV7	D9YZV7	uc002als.3	protein_coding	0	0	0	10	0	0	0	2	7	0	0	0	0	0	0	0	0	0	0	1
D9YZV8	D9YZV8	uc002all.3	protein_coding	0	0	0	10	2	0	0	0	8	0	0	0	0	0	0	0	0	0	0	0
E0YMJ6	E0YMJ6	uc010wdi.2	protein_coding	0	0	0	13	3	0	0	0	10	0	0	0	0	0	0	0	0	0	0	0
E0YMJ9	E0YMJ9	uc021tvw.1	protein_coding	0	0	0	13	3	0	0	0	10	0	0	0	0	0	0	0	0	0	0	0
E1B6X3	E1B6X3	uc002kfc.4	protein_coding	0	0	0	9	1	0	0	2	6	0	0	0	0	0	0	0	0	0	0	0
E1P660	E1P660	uc002hhj.4	protein_coding	0	0	0	2	0	0	0	0	2	0	0	0	0	0	0	0	0	0	0	0
E1P660	E1P660	uc010csz.3	protein_coding	0	0	0	2	0	0	0	0	2	0	0	0	0	0	0	0	0	0	0	0
E2JEQ6	E2JEQ6	uc010cbj.1	protein_coding	0	0	0	4	0	0	0	1	3	0	0	0	0	0	0	0	0	0	0	0
E2QRB3	E2QRB3	uc002kcu.1	protein_coding	0	2	0	7	0	0	0	0	3	0	0	0	0	0	0	0	0	0	2	4
E2QRD5	E2QRD5	uc002bos.4	protein_coding	0	0	0	10	0	0	0	2	8	0	0	0	0	0	0	0	0	0	0	0
E5F5Q0	E5F5Q0	uc021uiv.1	protein_coding	0	4	3	29	0	0	0	0	29	3	0	0	0	0	0	0	0	0	4	0
E5KLB6	E5KLB6	uc002hij.3	protein_coding	0	0	0	7	1	0	0	0	4	0	0	0	0	0	0	0	0	0	0	2
E5RFP5	E5RFP5	uc010dfc.1	protein_coding	0	2	2	9	0	0	0	1	8	2	0	0	0	1	0	0	0	0	2	0
E5RFW0	E5RFW0	uc002jyj.1	protein_coding	0	0	0	5	0	0	0	5	0	0	0	0	0	0	0	0	0	0	0	0
E5RI47	E5RI47	uc010czm.1	protein_coding	0	2	2	8	0	0	0	2	6	2	0	0	0	0	0	0	0	0	2	0
E5RJ01	E5RJ01	uc010ckr.3	protein_coding	0	0	0	8	0	0	0	2	0	0	0	0	0	0	0	0	0	0	0	6
E7EM88	E7EM88	uc010vnp.1	protein_coding	0	1	1	5	0	0	0	0	5	1	0	0	0	0	0	0	0	0	1	0
E7EMD6	E7EMD6	uc010cqw.2	protein_coding	0	0	2	3	0	0	0	0	2	2	0	0	0	0	0	0	0	0	0	1
E7EME3	E7EME3	uc002jaf.4	protein_coding	0	1	1	19	0	0	0	0	14	1	0	0	0	0	0	0	0	0	1	5
E7EMH5	E7EMH5	uc010uzm.2	protein_coding	0	2	1	33	1	0	0	7	26	1	0	0	0	1	0	0	0	0	1	0
E7EMK4	E7EMK4	uc010vlv.3	protein_coding	0	1	0	10	0	0	0	0	10	0	0	0	0	0	0	0	0	0	1	0
E7EMN3	E7EMN3	uc010wbn.2	protein_coding	0	0	0	6	0	0	0	0	6	0	0	0	0	0	0	0	0	0	0	0
E7EMY2	E7EMY2	uc010vyi.2	protein_coding	0	0	0	15	1	0	0	0	14	0	0	0	0	0	0	0	0	0	0	0
E7EN12	E7EN12	uc010vqa.1	protein_coding	0	0	0	8	1	0	0	5	0	0	0	0	0	0	0	0	0	0	0	2
E7EN93	E7EN93	uc010uvp.2	protein_coding	0	2	0	44	2	1	1	0	28	0	0	0	0	0	0	0	0	0	1	13
E7ENB2	E7ENB2	uc002elz.1	protein_coding	0	1	0	8	0	0	0	3	3	0	0	0	0	0	0	0	0	0	1	2
E7ENC3	E7ENC3	uc010vzb.1	protein_coding	0	0	0	5	0	0	0	0	4	0	0	0	0	0	0	0	0	0	0	1
E7ENI0	E7ENI0	uc010ucy.2	protein_coding	0	0	1	5	1	0	0	0	4	1	0	0	0	0	0	0	0	0	0	0
E7ENJ7	E7ENJ7	uc010vkb.2	protein_coding	0	0	0	5	0	0	0	2	2	0	0	0	0	0	0	0	0	0	0	1
E7ENM8	E7ENM8	uc010bny.3	protein_coding	0	2	0	10	0	0	0	0	4	0	0	0	0	0	0	0	0	0	2	6
E7ENU5	E7ENU5	uc031qrg.1	protein_coding	0	0	0	4	0	0	0	2	2	0	0	0	0	0	0	0	0	0	0	0
E7ENV9	E7ENV9	uc010upp.1	protein_coding	0	7	5	22	1	0	0	4	18	5	0	0	0	1	0	0	0	0	6	0
E7ENZ0	E7ENZ0	uc002kdy.3	protein_coding	0	2	4	26	0	0	0	3	23	4	0	0	0	1	0	0	0	0	1	1
E7EP17	E7EP17	uc010coo.3	protein_coding	0	4	4	30	0	0	0	0	30	4	0	0	0	0	0	0	0	0	4	0
E7EP23	E7EP23	uc010xcg.2	protein_coding	0	2	2	20	0	0	0	0	18	2	0	0	0	1	0	0	0	0	1	3
E7EPC3	E7EPC3	uc002ikx.1	protein_coding	0	0	1	3	0	0	0	0	3	1	0	0	0	0	0	0	0	0	0	0
E7EPL3	E7EPL3	uc002api.3	protein_coding	0	1	0	6	0	0	0	0	6	0	0	0	0	0	0	0	0	0	1	0
E7EPL4	E7EPL4	uc010uzn.2	protein_coding	0	2	2	32	1	0	0	7	25	2	0	0	0	1	0	0	0	0	1	0
E7EPP7	E7EPP7	uc010dcd.1	protein_coding	0	2	1	6	0	0	0	0	7	1	0	0	0	1	0	0	0	0	1	0
E7EPP8	E7EPP8	uc010bjq.3	protein_coding	0	0	0	1	0	0	0	0	1	0	0	0	0	0	0	0	0	0	0	0
E7EPS7	E7EPS7	uc010usg.1	protein_coding	0	0	0	6	0	0	0	0	4	0	0	0	0	0	0	0	0	0	0	2
E7EQ34	E7EQ34	uc010wkh.1	protein_coding	0	0	0	7	0	0	1	0	6	0	0	0	0	0	0	0	0	0	0	0
E7EQ78	E7EQ78	uc010vro.2	protein_coding	0	0	1	8	0	0	0	0	6	1	0	0	0	0	0	0	0	0	0	2
E7EQC1	E7EQC1	uc010wrk.2	protein_coding	0	0	0	2	0	0	0	0	2	0	0	0	0	0	0	0	0	0	0	0
E7EQM8	E7EQM8	uc010xdr.1	protein_coding	0	0	0	23	0	0	0	0	23	0	0	0	0	0	0	0	0	0	0	0
E7EQX7	E7EQX7	uc002gig.1	protein_coding	0	0	1	4	0	0	0	0	4	1	0	0	0	0	0	0	0	0	0	0
E7EQX7	E7EQX7	uc010vug.3	protein_coding	0	0	1	7	1	0	1	1	1	1	0	0	0	0	0	0	0	0	0	3
E7ER15	E7ER15	uc010wma.2	protein_coding	0	1	0	2	0	0	0	0	2	0	0	0	0	0	0	0	0	0	1	0
E7ER66	E7ER66	uc001zwz.3	protein_coding	0	2	1	7	0	0	0	0	8	1	0	0	0	1	0	0	0	0	1	0
E7ERK8	E7ERK8	uc010vvk.2	protein_coding	0	2	0	21	1	0	0	3	17	0	0	0	0	0	0	0	0	0	2	0
E7ERL0	E7ERL0	uc010dbx.2	protein_coding	0	0	0	7	1	0	2	3	1	0	0	0	0	0	0	0	0	0	0	0
E7ERP4	E7ERP4	uc010uui.2	protein_coding	0	0	0	3	0	0	0	0	2	0	0	0	0	0	0	0	0	0	0	1
E7ERR5	E7ERR5	uc010ucw.2	protein_coding	0	0	0	5	0	0	0	0	4	0	0	0	0	0	0	0	0	0	0	1
E7ERS3	E7ERS3	uc010voz.2	protein_coding	0	1	0	16	1	0	0	0	15	0	0	0	0	0	0	0	0	0	1	0
E7ERT9	E7ERT9	uc010vct.2	protein_coding	0	0	0	176	0	0	0	0	176	0	0	0	0	0	0	0	0	0	0	0
E7ERV5	E7ERV5	uc010ugd.1	protein_coding	0	2	0	6	2	1	1	0	3	0	0	0	0	0	0	0	0	0	1	0
E7ES00	E7ES00	uc002jfh.3	protein_coding	0	3	0	4	0	0	0	0	4	0	0	0	0	0	0	0	0	0	3	0
E7ES00	E7ES00	uc010den.1	protein_coding	0	0	1	14	0	0	0	3	7	1	0	0	0	0	0	0	0	0	0	4
E7ES30	E7ES30	uc010vnl.1	protein_coding	0	1	2	5	0	0	0	0	6	2	0	0	0	1	0	0	0	0	0	0
E7ES32	E7ES32	uc010uxk.2	protein_coding	0	1	1	13	1	0	1	1	10	1	0	0	0	0	0	0	0	0	1	0
E7ES60	E7ES60	uc010wav.1	protein_coding	0	0	0	2	0	0	0	2	0	0	0	0	0	0	0	0	0	0	0	0
E7ES66	E7ES66	uc021tnz.1	protein_coding	0	1	0	2	0	0	1	1	0	0	0	0	0	1	0	0	0	0	0	0
E7ES66	E7ES66	uc021tob.1	protein_coding	0	0	0	2	0	0	0	1	0	0	0	0	0	0	0	0	0	0	0	1
E7ES67	E7ES67	uc010unx.1	protein_coding	0	1	4	0	0	0	0	0	0	4	0	0	0	0	0	0	0	0	1	0
E7ES68	E7ES68	uc010vvo.2	protein_coding	0	1	0	8	2	0	0	4	3	0	0	0	0	1	0	0	0	0	0	0
E7ES94	E7ES94	uc010chj.3	protein_coding	0	3	2	39	0	0	0	1	39	2	0	0	0	1	0	0	0	0	2	0
E7ESC0	E7ESC0	uc010bje.4	protein_coding	0	1	0	1	0	0	0	0	1	0	0	0	0	0	0	0	0	0	1	0
E7ESJ2	E7ESJ2	uc010vrp.2	protein_coding	0	0	1	8	0	0	0	0	6	1	0	0	0	0	0	0	0	0	0	2
E7ESS1	E7ESS1	uc002gio.3	protein_coding	0	0	0	8	0	0	0	1	4	0	0	0	0	0	0	0	0	0	0	3
E7ESS3	E7ESS3	uc010wiu.2	protein_coding	0	0	1	8	2	0	0	2	4	1	0	0	0	0	0	0	0	0	0	0
E7ESU9	E7ESU9	uc010wts.1	protein_coding	0	0	1	8	2	0	0	0	2	1	0	0	0	0	0	0	0	0	0	4
E7ESV1	E7ESV1	uc010ujy.2	protein_coding	0	0	0	5	0	0	0	1	4	0	0	0	0	0	0	0	0	0	0	0
E7ESW8	E7ESW8	uc010uzz.1	protein_coding	0	3	2	16	0	0	0	2	13	2	0	0	0	1	0	0	0	0	2	2
E7ETG2	E7ETG2	uc010bxp.3	protein_coding	0	0	1	14	0	0	1	4	9	1	0	0	0	0	0	0	0	0	0	0
E7ETH5	E7ETH5	uc010wan.2	protein_coding	0	1	1	3	0	0	0	0	3	1	0	0	0	0	0	0	0	0	1	0
E7ETP5	E7ETP5	uc010wls.3	protein_coding	0	0	1	8	1	0	0	0	7	1	0	0	0	0	0	0	0	0	0	0
E7ETR2	E7ETR2	uc010whl.2	protein_coding	0	0	0	7	0	0	0	0	6	0	0	0	0	0	0	0	0	0	0	1
E7ETS3	E7ETS3	uc010vnm.1	protein_coding	0	1	1	6	0	0	0	0	7	1	0	0	0	1	0	0	0	0	0	0
E7EU93	E7EU93	uc010vwc.2	protein_coding	0	2	0	15	0	0	0	3	13	0	0	0	0	1	0	0	0	0	1	0
E7EUB9	E7EUB9	uc010uvc.1	protein_coding	0	2	1	21	2	0	0	1	14	1	0	0	0	1	0	0	0	0	1	5
E7EUF8	E7EUF8	uc010wzf.1	protein_coding	0	0	0	13	2	0	1	0	8	0	0	0	0	0	0	0	0	0	0	2
E7EUK6	E7EUK6	uc010ugy.2	protein_coding	0	3	2	20	0	0	0	0	20	2	0	0	0	0	0	0	0	0	3	0
E7EUM2	E7EUM2	uc002idc.1	protein_coding	0	0	0	6	0	0	0	0	5	0	0	0	0	0	0	0	0	0	0	1
E7EUN9	E7EUN9	uc010vkk.3	protein_coding	0	1	0	3	0	0	1	0	3	0	0	0	0	1	0	0	0	0	0	0
E7EUP3	E7EUP3	uc010wme.2	protein_coding	0	1	0	2	0	0	0	0	2	0	0	0	0	0	0	0	0	0	1	0
E7EUT2	E7EUT2	uc002flp.4	protein_coding	0	3	0	25	0	0	2	13	1	0	0	0	0	0	0	0	0	0	3	9
E7EUT2	E7EUT2	uc002flq.4	protein_coding	0	3	0	25	0	0	0	13	3	0	0	0	0	0	0	0	0	0	3	9
E7EV54	E7EV54	uc010vsf.2	protein_coding	0	0	0	14	0	0	0	0	14	0	0	0	0	0	0	0	0	0	0	0
E7EV80	E7EV80	uc010wip.1	protein_coding	0	2	2	10	2	0	0	0	7	2	0	0	0	0	0	0	0	0	2	1
E7EV84	E7EV84	uc010whc.1	protein_coding	0	0	0	7	0	0	0	1	6	0	0	0	0	0	0	0	0	0	0	0
E7EVE8	E7EVE8	uc010ucd.2	protein_coding	0	1	3	17	0	0	0	5	6	3	0	0	0	0	0	0	0	0	1	6
E7EVM7	E7EVM7	uc002kou.2	protein_coding	0	4	0	16	0	0	0	1	14	0	0	0	0	0	0	0	0	0	4	1
E7EVT8	E7EVT8	uc010cjp.1	protein_coding	0	2	0	23	0	1	1	0	21	0	0	0	0	0	0	0	0	0	1	1
E7EVU5	E7EVU5	uc002gps.2	protein_coding	0	0	0	4	0	0	0	0	4	0	0	0	0	0	0	0	0	0	0	0
E7EVV8	E7EVV8	uc002kao.1	protein_coding	0	1	3	13	1	0	1	1	7	3	0	0	0	0	0	0	0	0	1	3
E7EVX9	E7EVX9	uc010wzl.2	protein_coding	0	3	0	33	0	0	0	0	34	0	0	0	0	1	0	0	0	0	2	0
E7EW32	E7EW32	uc010vnf.2	protein_coding	0	2	0	5	3	0	0	0	1	0	0	0	0	0	0	0	0	0	2	1
E7EW50	E7EW50	uc010cpa.2	protein_coding	0	0	0	4	0	0	0	0	4	0	0	0	0	0	0	0	0	0	0	0
E7EWB6	E7EWB6	uc010ude.1	protein_coding	0	0	1	6	0	0	0	4	1	1	0	0	0	1	0	0	0	0	0	1
E7EWK6	E7EWK6	uc010vph.1	protein_coding	0	0	0	1	0	0	0	0	0	0	0	0	0	0	0	0	0	0	0	1
E7EWU5	E7EWU5	uc010cku.2	protein_coding	0	2	1	7	0	1	1	1	4	1	0	0	0	0	0	0	0	0	1	1
E7EWW0	E7EWW0	uc002dgn.3	protein_coding	0	2	0	46	0	0	0	1	44	0	0	0	0	0	0	0	0	0	2	1
E7EX01	E7EX01	uc010wim.1	protein_coding	0	2	2	9	2	0	0	0	5	2	0	0	0	0	0	0	0	0	2	2
E7EX01	E7EX01	uc010wio.1	protein_coding	0	2	2	9	2	0	0	0	7	2	0	0	0	0	0	0	0	0	2	0
E7EX56	E7EX56	uc010vfh.3	protein_coding	0	1	0	5	0	0	0	1	4	0	0	0	0	0	0	0	0	0	1	0
E7EX57	E7EX57	uc010vyz.1	protein_coding	0	0	0	6	0	0	0	0	6	0	0	0	0	0	0	0	0	0	0	0
E7EX88	E7EX88	uc010upo.1	protein_coding	0	7	6	21	1	0	0	4	17	6	0	0	0	1	0	0	0	0	6	0
E9NSU1	E9NSU1	uc021ujg.1	protein_coding	0	2	3	9	0	0	0	0	7	3	0	0	0	0	0	0	0	0	2	2
E9PAM0	E9PAM0	uc002ios.2	protein_coding	0	0	0	2	1	0	0	1	0	0	0	0	0	0	0	0	0	0	0	0
E9PAM0	E9PAM0	uc021tzr.1	protein_coding	0	0	0	2	0	0	0	2	0	0	0	0	0	0	0	0	0	0	0	0
E9PAT1	E9PAT1	uc001zmz.3	protein_coding	0	0	0	3	0	0	0	3	0	0	0	0	0	0	0	0	0	0	0	0
E9PAT5	E9PAT5	uc010dpa.3	protein_coding	0	2	1	12	0	0	0	0	10	1	0	0	0	1	0	0	0	0	2	2
E9PAU8	E9PAU8	uc002ein.3	protein_coding	0	4	4	32	0	0	2	0	30	4	0	0	0	1	0	0	0	0	4	0
E9PAU9	E9PAU9	uc010vsh.2	protein_coding	0	0	0	5	0	0	0	2	1	0	0	0	0	0	0	0	0	0	0	2
E9PAX0	E9PAX0	uc002epn.4	protein_coding	0	1	0	1	0	0	0	1	0	0	0	0	0	0	0	0	0	0	1	0
E9PAX3	E9PAX3	uc002ihr.3	protein_coding	0	1	0	3	0	0	0	0	3	0	0	0	0	0	0	0	0	0	1	0
E9PAY9	E9PAY9	uc002ksf.3	protein_coding	0	0	0	2	0	0	0	0	2	0	0	0	0	0	0	0	0	0	0	0
E9PAZ8	E9PAZ8	uc010wgd.2	protein_coding	0	0	0	5	0	0	0	3	1	0	0	0	0	0	0	0	0	0	0	1
E9PB12	E9PB12	uc001yuq.2	protein_coding	0	1	1	10	0	0	0	1	9	1	0	0	0	0	0	0	0	0	1	0
E9PB15	E9PB15	uc010whh.2	protein_coding	0	0	1	12	0	0	0	3	6	1	0	0	0	0	0	0	0	0	0	3
E9PB21	E9PB21	uc010cdj.3	protein_coding	0	0	0	1	1	0	0	0	0	0	0	0	0	0	0	0	0	0	0	0
E9PB61	E9PB61	uc002kbu.2	protein_coding	0	0	0	1	0	0	0	0	0	0	0	0	0	0	0	0	0	0	0	1
E9PBC1	E9PBC1	uc002gvh.1	protein_coding	0	0	1	5	0	0	0	1	4	1	0	0	0	0	0	0	0	0	0	0
E9PBC2	E9PBC2	uc002gve.4	protein_coding	0	0	1	5	1	0	0	1	3	1	0	0	0	0	0	0	0	0	0	0
E9PBC2	E9PBC2	uc010vyq.2	protein_coding	0	0	1	5	1	0	0	1	3	1	0	0	0	0	0	0	0	0	0	0
E9PBE5	E9PBE5	uc010wlp.3	protein_coding	0	0	1	8	1	0	0	0	7	1	0	0	0	0	0	0	0	0	0	0
E9PBI3	E9PBI3	uc010dpb.3	protein_coding	0	1	1	13	0	0	0	0	11	1	0	0	0	1	0	0	0	0	1	2
E9PBL8	E9PBL8	uc002jjf.1	protein_coding	0	1	2	17	2	0	1	2	12	2	0	0	0	0	0	0	0	0	1	0
E9PBQ3	E9PBQ3	uc010wah.1	protein_coding	0	0	5	18	0	0	0	0	18	5	0	0	0	0	0	0	0	0	0	0
E9PBR7	E9PBR7	uc002awp.3	protein_coding	0	0	0	8	1	0	0	0	7	0	0	0	0	0	0	0	0	0	0	0
E9PBV5	E9PBV5	uc002imf.3	protein_coding	0	0	1	4	1	0	0	0	2	1	0	0	0	0	0	0	0	0	0	1
E9PBX2	E9PBX2	uc002hht.3	protein_coding	0	2	0	14	1	0	0	0	13	0	0	0	0	0	0	0	0	0	2	0
E9PCA7	E9PCA7	uc010wok.2	protein_coding	0	0	1	5	0	0	0	1	4	1	0	0	0	0	0	0	0	0	0	0
E9PCL5	E9PCL5	uc010vnb.2	protein_coding	0	2	0	12	0	0	0	1	7	0	0	0	0	0	0	0	0	0	2	4
E9PCP8	E9PCP8	uc010udv.1	protein_coding	0	0	0	8	0	0	0	7	1	0	0	0	0	0	0	0	0	0	0	0
E9PCP8	E9PCP8.2	uc010bdo.2	protein_coding	0	0	0	5	2	0	0	3	0	0	0	0	0	0	0	0	0	0	0	0
E9PCQ8	E9PCQ8	uc010ddf.2	protein_coding	0	0	1	5	0	0	0	1	4	1	0	0	0	0	0	0	0	0	0	0
E9PCS7	E9PCS7	uc010dmt.3	protein_coding	0	1	0	4	1	0	0	0	3	0	0	0	0	0	0	0	0	0	1	0
E9PCT4	E9PCT4	uc010wkc.2	protein_coding	0	0	1	4	0	0	0	2	2	1	0	0	0	0	0	0	0	0	0	0
E9PCV2	E9PCV2	uc002fdx.3	protein_coding	0	2	0	12	0	0	0	1	11	0	0	0	0	0	0	0	0	0	2	0
E9PCW1	E9PCW1	uc002hfd.3	protein_coding	0	0	0	3	1	0	0	1	0	0	0	0	0	0	0	0	0	0	0	1
E9PCX0	E9PCX0	uc002kzo.2	protein_coding	0	2	2	20	0	0	0	0	18	2	0	0	0	1	0	0	0	0	1	3
E9PCY9	E9PCY9	uc010cnk.2	protein_coding	0	0	1	7	0	0	0	3	1	1	0	0	0	0	0	0	0	0	0	3
E9PD64	E9PD64	uc010bil.1	protein_coding	0	5	0	12	0	0	0	0	13	0	0	0	0	1	0	0	0	0	4	0
E9PD91	E9PD91	uc010dem.3	protein_coding	0	0	0	21	0	0	0	2	19	0	0	0	0	0	0	0	0	0	0	0
E9PDB5	E9PDB5	uc010wgg.2	protein_coding	0	0	0	2	1	0	0	1	0	0	0	0	0	0	0	0	0	0	0	0
E9PDB9	E9PDB9	uc002clw.3	protein_coding	0	3	0	50	0	0	0	9	41	0	0	0	0	1	0	0	0	0	2	1
E9PDE2	E9PDE2	uc021teh.1	protein_coding	0	0	0	3	0	0	0	0	2	0	0	0	0	0	0	0	0	0	0	1
E9PDE2	E9PDE2.2	uc002dsj.1	protein_coding	0	1	0	0	0	0	0	0	0	0	0	0	0	0	0	0	0	0	1	0
E9PDE2	E9PDE2.2	uc031qvl.1	protein_coding	0	1	0	12	0	0	1	0	11	0	0	0	0	0	0	0	0	0	1	0
E9PDG9	E9PDG9	uc002gbt.2	protein_coding	0	0	0	9	0	0	3	0	4	0	0	0	0	0	0	0	0	0	0	2
E9PDM9	E9PDM9	uc002bdk.3	protein_coding	0	2	1	5	1	0	0	1	2	1	0	0	0	0	0	0	0	0	2	1
E9PDN6	E9PDN6	uc002fex.1	protein_coding	0	0	1	25	1	0	0	0	24	1	0	0	0	0	0	0	0	0	0	0
E9PDW4	E9PDW4	uc001zwq.4	protein_coding	0	1	1	14	1	0	0	0	11	1	0	0	0	1	0	0	0	0	1	2
E9PDW4	E9PDW4	uc010bem.3	protein_coding	0	1	1	15	1	0	0	0	14	1	0	0	0	1	0	0	0	0	1	0
E9PE19	E9PE19	uc002jgg.3	protein_coding	0	1	0	8	4	0	0	0	5	0	0	0	0	1	0	0	0	0	0	0
E9PE19	E9PE19	uc002jgh.3	protein_coding	0	1	0	8	0	0	0	4	4	0	0	0	0	1	0	0	0	0	0	1
E9PE29	E9PE29	uc001zpx.3	protein_coding	0	2	0	21	1	0	0	8	12	0	0	0	0	1	0	0	0	0	1	1
E9PE45	E9PE45	uc010ccc.3	protein_coding	0	3	0	13	0	0	0	0	13	0	0	0	0	0	0	0	0	0	3	0
E9PE50	E9PE50	uc002gcg.1	protein_coding	0	0	2	15	0	0	0	4	11	2	0	0	0	0	0	0	0	0	0	0
E9PEA4	E9PEA4	uc002dhb.3	protein_coding	0	1	0	2	0	0	0	1	1	0	0	0	0	0	0	0	0	0	1	0
E9PEJ9	E9PEJ9	uc010wau.1	protein_coding	0	0	0	2	0	0	0	2	0	0	0	0	0	0	0	0	0	0	0	0
E9PEP1	E9PEP1	uc010cvm.1	protein_coding	0	1	1	1	0	0	0	1	0	1	0	0	0	0	0	0	0	0	1	0
E9PEP1	E9PEP1	uc010wdr.2	protein_coding	0	1	1	1	0	0	0	1	0	1	0	0	0	0	0	0	0	0	1	0
E9PES3	E9PES3	uc010vsz.1	protein_coding	0	0	0	9	0	0	3	0	4	0	0	0	0	0	0	0	0	0	0	2
E9PF16	E9PF16	uc010wml.1	protein_coding	0	1	0	8	0	0	0	1	7	0	0	0	0	0	0	0	0	0	1	0
E9PF51	E9PF51	uc002djh.3	protein_coding	0	1	0	4	0	0	0	0	5	0	0	0	0	1	0	0	0	0	0	0
E9PF74	E9PF74	uc010dge.3	protein_coding	0	0	0	5	1	0	0	0	3	0	0	0	0	0	0	0	0	0	0	1
E9PF99	E9PF99	uc010xac.2	protein_coding	0	0	5	27	0	0	0	0	26	5	0	0	0	0	0	0	0	0	0	1
E9PFE0	E9PFE0	uc002dak.4	protein_coding	0	1	2	33	1	0	0	1	29	2	0	0	0	0	0	0	0	0	1	2
E9PFH7	E9PFH7	uc002cml.3	protein_coding	0	1	1	34	2	0	0	3	29	1	0	0	0	0	0	0	0	0	1	0
E9PFH7	E9PFH7	uc021tah.1	protein_coding	0	1	1	34	2	0	0	3	29	1	0	0	0	0	0	0	0	0	1	0
E9PFL1	E9PFL1	uc010wfb.1	protein_coding	0	0	0	7	0	0	0	2	5	0	0	0	0	0	0	0	0	0	0	0
E9PFL6	E9PFL6	uc010ckn.2	protein_coding	0	2	0	13	0	0	1	1	12	0	0	0	0	1	0	0	0	0	1	0
E9PFT5	E9PFT5	uc002gin.3	protein_coding	0	0	0	8	0	0	0	1	4	0	0	0	0	0	0	0	0	0	0	3
E9PFU2	E9PFU2	uc010dpc.3	protein_coding	0	1	0	14	0	0	0	0	14	0	0	0	0	1	0	0	0	0	1	0
E9PFU2	E9PFU2	uc010xdn.2	protein_coding	0	1	0	14	0	0	1	0	11	0	0	0	0	1	0	0	0	0	1	2
E9PG89	E9PG89	uc002gjd.2	protein_coding	0	0	0	1	0	0	0	0	1	0	0	0	0	0	0	0	0	0	0	0
E9PGI4	E9PGI4	uc001zcl.3	protein_coding	0	1	1	30	0	0	1	0	29	1	0	0	0	0	0	0	0	0	1	0
E9PGI4	E9PGI4	uc010azj.2	protein_coding	0	1	2	31	0	0	1	0	30	2	0	0	0	0	0	0	0	0	1	0
E9PGI4	E9PGI4	uc010uat.2	protein_coding	0	1	1	32	0	0	1	0	31	1	0	0	0	0	0	0	0	0	1	0
E9PGL4	E9PGL4	uc010uko.1	protein_coding	0	0	1	10	0	0	0	3	6	1	0	0	0	0	0	0	0	0	0	1
E9PGL5	E9PGL5	uc010wpw.2	protein_coding	0	2	1	5	2	0	0	1	2	1	0	0	0	0	0	0	0	1	1	0
E9PGP4	E9PGP4	uc002fyy.3	protein_coding	0	0	0	5	0	0	0	2	1	0	0	0	0	0	0	0	0	0	0	2
E9PGU3	E9PGU3	uc010uvn.2	protein_coding	0	2	0	17	0	0	1	9	2	0	0	0	0	0	0	0	0	0	2	5
E9PGV6	E9PGV6	uc002gpr.3	protein_coding	0	0	0	8	1	0	0	0	7	0	0	0	0	0	0	0	0	0	0	0
E9PGW1	E9PGW1	uc010cnb.2	protein_coding	0	0	0	4	0	0	0	1	2	0	0	0	0	0	0	0	0	0	0	1
E9PGY0	E9PGY0	uc010ugn.1	protein_coding	0	0	0	15	0	0	0	0	15	0	0	0	0	0	0	0	0	0	0	0
E9PH57	E9PH57	uc002lga.3	protein_coding	0	1	1	28	2	0	0	0	26	1	0	0	0	0	0	0	0	0	1	0
E9PHD0	E9PHD0	uc002bbi.2	protein_coding	0	0	1	11	2	0	0	5	4	1	0	0	0	0	0	0	0	0	0	0
E9PHE8	E9PHE8	uc002bee.1	protein_coding	0	1	1	3	0	0	0	0	3	1	0	0	0	0	0	0	0	0	1	0
E9PHR3	E9PHR3	uc010xcc.3	protein_coding	0	0	0	1	0	0	0	0	1	0	0	0	0	0	0	0	0	0	0	0
E9PHR7	E9PHR7	uc002exl.2	protein_coding	0	1	0	14	7	0	0	1	6	0	0	0	0	0	0	0	0	0	1	0
E9PI66	E9PI66	uc031rdi.1	protein_coding	0	0	0	1	0	0	0	1	0	0	0	0	0	0	0	0	0	0	0	0
E9PIL3	E9PIL3	uc010cdt.2	protein_coding	0	1	0	0	0	0	0	0	0	0	0	0	0	0	0	0	0	0	1	0
E9PJ23	E9PJ23	uc010vcr.2	protein_coding	0	0	1	0	0	0	0	0	0	1	0	0	0	0	0	0	0	0	0	0
E9PJI5	E9PJI5	uc010vag.1	protein_coding	0	0	0	4	0	0	0	3	0	0	0	0	0	0	0	0	0	0	0	1
E9PJI5	E9PJI5.2	uc010vai.1	protein_coding	0	0	0	2	0	0	0	2	0	0	0	0	0	0	0	0	0	0	0	0
E9PKD4	E9PKD4	uc010uzu.3	protein_coding	0	0	1	2	0	0	0	0	1	1	0	0	0	0	0	0	0	0	0	1
E9PLK3	E9PLK3	uc010wkt.2	protein_coding	0	0	0	11	0	0	0	0	11	0	0	0	0	0	0	0	0	0	0	0
E9PMD0	E9PMD0	uc010waq.1	protein_coding	0	0	0	1	0	0	0	0	1	0	0	0	0	0	0	0	0	0	0	0
E9PMG4	E9PMG4	uc010cnl.3	protein_coding	0	0	2	3	0	0	0	0	3	2	0	0	0	0	0	0	0	0	0	0
E9PMS4	E9PMS4	uc002jmk.2	protein_coding	0	0	0	11	0	0	0	6	5	0	0	0	0	0	0	0	0	0	0	0
E9PNT5	E9PNT5	uc001zmn.1	protein_coding	0	0	0	1	0	0	0	0	1	0	0	0	0	0	0	0	0	0	0	0
E9PP10	E9PP10	uc002ikj.3	protein_coding	0	0	1	2	0	0	0	0	2	1	0	0	0	0	0	0	0	0	0	0
E9PP10	E9PP10	uc010daw.2	protein_coding	0	0	1	2	0	0	0	2	0	1	0	0	0	0	0	0	0	0	0	0
E9PP10	E9PP10	uc031rch.1	protein_coding	0	0	1	1	0	0	0	1	0	1	0	0	0	0	0	0	0	0	0	0
E9PP86	E9PP86	uc021sky.1	protein_coding	0	1	0	6	0	0	0	2	4	0	0	0	0	0	0	0	0	0	1	0
E9PS57	E9PS57	uc010vcq.2	protein_coding	0	0	1	0	0	0	0	0	0	1	0	0	0	0	0	0	0	0	0	0
E9PSG2	E9PSG2	uc021tju.1	protein_coding	0	0	0	4	0	0	0	1	2	0	0	0	0	0	0	0	0	0	0	1
F1D8N9	F1D8N9	uc002hun.2	protein_coding	0	0	0	4	0	0	0	0	3	0	0	0	0	0	0	0	0	0	0	1
F1DAL0	F1DAL0	uc021sni.1	protein_coding	0	1	0	8	0	0	0	0	8	0	0	0	0	0	0	0	0	0	1	0
F1T0B5	F1T0B5	uc021tor.1	protein_coding	0	2	1	10	0	0	0	2	8	1	0	0	0	0	0	0	0	0	2	0
F1T0C4	F1T0C4	uc002gcs.3	protein_coding	0	2	1	10	0	0	0	2	8	1	0	0	0	0	0	0	0	0	2	0
F1T0K8	F1T0K8	uc002jwz.3	protein_coding	0	0	0	10	0	0	0	1	1	0	0	0	0	0	0	0	0	0	0	8
F5GWB9	F5GWB9	uc010vrg.2	protein_coding	0	1	0	17	0	1	1	0	6	0	0	0	0	0	0	0	0	0	0	10
F5GWF1	F5GWF1	uc010ufy.2	protein_coding	0	0	1	7	0	0	1	0	6	1	0	0	0	0	0	0	0	0	0	0
F5GWL4	F5GWL4	uc010utz.2	protein_coding	0	1	1	20	0	0	0	9	9	1	0	0	0	1	0	0	0	0	0	3
F5GWQ8	F5GWQ8	uc010wys.2	protein_coding	0	0	0	9	0	0	0	0	9	0	0	0	0	0	0	0	0	0	0	0
F5GWQ9	F5GWQ9	uc010wcv.1	protein_coding	0	0	1	26	1	0	0	1	24	1	0	0	0	0	0	0	0	0	0	0
F5GWS3	F5GWS3	uc010vod.2	protein_coding	0	2	3	13	4	0	0	0	7	3	0	0	0	0	0	0	0	0	2	2
F5GWT8	F5GWT8	uc010dqd.3	protein_coding	0	1	1	12	1	0	1	1	9	1	0	0	0	0	0	0	0	0	1	0
F5GWT8	F5GWT8	uc010dqe.3	protein_coding	0	2	2	10	1	0	1	5	3	2	0	0	0	0	0	0	0	0	2	0
F5GWT8	F5GWT8	uc010xes.2	protein_coding	0	2	2	10	1	0	1	5	3	2	0	0	0	0	0	0	0	0	2	0
F5GWV6	F5GWV6	uc010wal.1	protein_coding	0	1	0	4	0	0	0	2	2	0	0	0	0	0	0	0	0	0	1	0
F5GWW8	F5GWW8	uc021ter.1	protein_coding	0	0	0	1	0	0	0	1	0	0	0	0	0	0	0	0	0	0	0	0
F5GX05	F5GX05	uc010wzh.1	protein_coding	0	1	1	17	2	0	0	0	15	1	0	0	0	0	0	0	0	0	1	0
F5GX13	F5GX13	uc002dzp.3	protein_coding	0	0	0	5	0	0	0	2	1	0	0	0	0	0	0	0	0	0	0	2
F5GX60	F5GX60	uc010csm.3	protein_coding	0	0	0	2	1	0	0	0	1	0	0	0	0	0	0	0	0	0	0	0
F5GX92	F5GX92	uc010uon.2	protein_coding	0	0	2	3	1	0	0	0	2	2	0	0	0	0	0	0	0	0	0	0
F5GXA2	F5GXA2	uc010vna.2	protein_coding	0	2	0	6	0	0	0	1	5	0	0	0	0	0	0	0	0	0	2	0
F5GXA4	F5GXA4	uc010bdl.3	protein_coding	0	2	1	11	0	0	0	4	7	1	0	0	0	1	0	0	0	0	2	0
F5GXC5	F5GXC5	uc010vgh.2	protein_coding	0	1	0	4	0	0	0	0	3	0	0	0	0	1	0	0	0	0	1	1
F5GXH5	F5GXH5	uc010vxb.2	protein_coding	0	0	0	5	0	0	0	2	2	0	0	0	0	0	0	0	0	0	0	1
F5GXU7	F5GXU7	uc010vdc.2	protein_coding	0	0	0	1	0	0	0	0	1	0	0	0	0	0	0	0	0	0	0	0
F5GXV6	F5GXV6	uc010vnc.2	protein_coding	0	2	0	12	0	0	0	1	7	0	0	0	0	0	0	0	0	0	2	4
F5GXV9	F5GXV9	uc010wuf.1	protein_coding	0	1	0	35	0	0	1	0	34	0	0	0	0	0	0	0	0	0	1	0
F5GXZ0	F5GXZ0	uc010vqm.2	protein_coding	0	1	0	14	1	0	0	1	4	0	0	0	0	0	0	0	0	0	1	8
F5GY04	F5GY04	uc010uos.1	protein_coding	0	1	0	4	2	0	0	0	2	0	0	0	0	1	0	0	0	0	0	1
F5GY10	F5GY10	uc010bft.3	protein_coding	0	0	0	9	0	0	0	0	9	0	0	0	0	0	0	0	0	0	0	0
F5GY18	F5GY18	uc010uoy.1	protein_coding	0	0	1	4	0	0	0	0	4	1	0	0	0	0	0	0	0	0	0	0
F5GY21	F5GY21	uc010uih.2	protein_coding	0	0	0	4	1	0	1	0	2	0	0	0	0	0	0	0	0	0	0	0
F5GY65	F5GY65	uc021toe.1	protein_coding	0	0	0	4	0	0	0	2	0	0	0	0	0	0	0	0	0	0	0	2
F5GY69	F5GY69	uc010dqf.3	protein_coding	0	2	3	9	1	0	0	5	3	3	0	0	0	0	0	0	0	0	2	0
F5GYB0	F5GYB0	uc010uok.1	protein_coding	0	0	0	1	0	0	0	0	1	0	0	0	0	0	0	0	0	0	0	0
F5GYB6	F5GYB6	uc002ecq.3	protein_coding	0	0	0	7	1	0	0	0	1	0	0	0	0	0	0	0	0	0	0	5
F5GYB6	F5GYB6	uc010vfs.2	protein_coding	0	0	0	7	1	0	0	0	1	0	0	0	0	0	0	0	0	0	0	5
F5GYE8	F5GYE8	uc010dep.2	protein_coding	0	2	1	47	0	0	0	0	47	1	0	0	0	0	0	0	0	0	2	0
F5GYG9	F5GYG9	uc010wcj.2	protein_coding	0	1	0	14	1	0	0	0	13	0	0	0	0	0	0	0	0	0	1	0
F5GYI8	F5GYI8	uc010uli.2	protein_coding	0	0	0	12	1	0	0	1	10	0	0	0	0	0	0	0	0	0	0	0
F5GYK4	F5GYK4	uc010cdr.3	protein_coding	0	0	0	6	0	0	1	0	4	0	0	0	0	0	0	0	0	0	0	1
F5GYL2	F5GYL2	uc010wbi.1	protein_coding	0	1	4	8	0	0	0	1	6	4	0	0	0	0	0	0	0	0	1	1
F5GYM5	F5GYM5	uc021shl.1	protein_coding	0	1	3	9	0	0	0	5	3	3	0	0	0	2	0	0	0	0	0	2
F5GYM7	F5GYM7	uc010ula.2	protein_coding	0	0	0	1	0	0	0	1	0	0	0	0	0	0	0	0	0	0	0	0
F5GYQ1	F5GYQ1	uc010vjo.1	protein_coding	0	0	0	4	0	0	0	2	1	0	0	0	0	0	0	0	0	0	0	1
F5GYQ8	F5GYQ8	uc010wsq.2	protein_coding	0	0	0	10	0	0	0	2	8	0	0	0	0	0	0	0	0	0	0	0
F5GYU8	F5GYU8	uc010vaq.2	protein_coding	0	0	1	22	2	0	0	1	19	1	0	0	0	0	0	0	0	0	0	0
F5GYW9	F5GYW9	uc002ljj.4	protein_coding	0	2	2	10	1	0	1	5	3	2	0	0	0	0	0	0	0	0	2	0
F5GYW9	F5GYW9	uc002ljk.4	protein_coding	0	2	3	9	1	0	0	5	3	3	0	0	0	0	0	0	0	0	2	0
F5GZ04	F5GZ04	uc010uox.1	protein_coding	0	0	1	4	0	0	0	0	4	1	0	0	0	0	0	0	0	0	0	0
F5GZ47	F5GZ47	uc002krx.3	protein_coding	0	0	2	12	0	0	0	0	8	2	0	0	0	0	0	0	0	0	0	4
F5GZ52	F5GZ52	uc010uyn.2	protein_coding	0	3	0	13	0	0	0	1	13	0	0	0	0	1	0	0	0	0	2	0
F5GZB4	F5GZB4	uc002lcg.1	protein_coding	0	1	4	32	0	1	1	1	28	4	0	0	0	0	0	0	0	0	0	2
F5GZB4	F5GZB4	uc010xcw.1	protein_coding	0	0	5	36	0	0	0	0	36	5	0	0	0	0	0	0	0	0	0	0
F5GZC0	F5GZC0	uc010xet.3	protein_coding	0	0	1	12	1	0	0	0	11	1	0	0	0	0	0	0	0	0	0	0
F5GZH6	F5GZH6	uc010wbo.2	protein_coding	0	0	0	9	1	0	0	0	8	0	0	0	0	0	0	0	0	0	0	0
F5GZM0	F5GZM0	uc021tml.1	protein_coding	0	3	0	18	0	0	0	0	18	0	0	0	0	0	0	0	0	0	3	0
F5GZN3	F5GZN3	uc010upq.2	protein_coding	0	0	1	2	0	0	0	0	2	1	0	0	0	0	0	0	0	0	0	0
F5H008	F5H008	uc010uqu.1	protein_coding	0	1	1	8	0	0	0	0	8	1	0	0	0	0	0	0	0	0	1	0
F5H015	F5H015	uc010xed.2	protein_coding	0	0	0	10	0	0	1	1	7	0	0	0	0	0	0	0	0	0	0	1
F5H066	F5H066	uc010vkh.1	protein_coding	0	0	0	2	0	0	0	0	2	0	0	0	0	0	0	0	0	0	0	0
F5H081	F5H081	uc021tpa.1	protein_coding	0	1	0	3	0	0	0	1	1	0	0	0	0	0	0	0	0	0	1	1
F5H0G2	F5H0G2	uc010wei.2	protein_coding	0	0	1	4	0	0	0	1	2	1	0	0	0	0	0	0	0	0	0	1
F5H0G8	F5H0G8	uc010vse.2	protein_coding	0	2	0	11	1	0	0	0	11	0	0	0	0	1	0	0	0	0	1	0
F5H0M0	F5H0M0	uc010wsr.2	protein_coding	0	0	0	10	0	0	0	2	8	0	0	0	0	0	0	0	0	0	0	0
F5H0M1	F5H0M1	uc010uya.1	protein_coding	0	0	0	54	0	0	0	6	48	0	0	0	0	0	0	0	0	0	0	0
F5H0S9	F5H0S9	uc010ceu.2	protein_coding	0	0	1	1	0	0	0	0	1	1	0	0	0	0	0	0	0	0	0	0
F5H0W0	F5H0W0	uc010uyg.2	protein_coding	0	0	0	7	0	0	0	0	6	0	0	0	0	0	0	0	0	0	0	1
F5H0W7	F5H0W7	uc002jnh.1	protein_coding	0	1	0	10	0	0	0	5	1	0	0	0	0	0	0	0	0	0	1	4
F5H127	F5H127	uc010ujd.1	protein_coding	0	0	1	1	0	0	0	0	0	1	0	0	0	0	0	0	0	0	0	1
F5H127	F5H127	uc010uje.1	protein_coding	0	0	1	1	0	0	0	0	0	1	0	0	0	0	0	0	0	0	0	1
F5H144	F5H144	uc010vhu.1	protein_coding	0	1	0	5	2	0	0	0	3	0	0	0	0	0	0	0	0	0	1	0
F5H148	F5H148	uc010uzq.2	protein_coding	0	0	1	9	0	0	0	0	9	1	0	0	0	1	0	0	0	0	0	0
F5H156	F5H156	uc010vfo.2	protein_coding	0	1	1	6	0	0	1	1	4	1	0	0	0	0	0	0	0	0	1	0
F5H1A6	F5H1A6	uc010uij.3	protein_coding	0	0	0	1	0	0	0	1	0	0	0	0	0	0	0	0	0	0	0	0
F5H1B7	F5H1B7	uc010wlf.2	protein_coding	0	0	0	3	0	0	0	0	1	0	0	0	0	0	0	0	0	0	0	2
F5H1J4	F5H1J4	uc002asu.3	protein_coding	0	0	0	8	0	0	0	0	8	0	0	0	0	0	0	0	0	0	0	0
F5H1K1	F5H1K1	uc010wpi.2	protein_coding	0	1	0	6	0	0	0	2	4	0	0	0	0	0	0	0	0	0	1	0
F5H1S0	F5H1S0	uc010ull.2	protein_coding	0	0	0	1	0	0	0	0	1	0	0	0	0	0	0	0	0	0	0	0
F5H1S2	F5H1S2	uc010vpj.2	protein_coding	0	0	0	5	0	0	0	0	5	0	0	0	0	0	0	0	0	0	0	0
F5H1T4	F5H1T4	uc002hsl.3	protein_coding	0	3	0	4	0	0	0	0	3	0	0	0	0	0	0	0	0	0	3	1
F5H1V8	F5H1V8	uc002kyh.4	protein_coding	0	0	0	1	0	0	0	0	1	0	0	0	0	0	0	0	0	0	0	0
F5H293	F5H293	uc010ved.2	protein_coding	0	1	1	7	0	0	0	0	7	1	0	0	0	0	0	0	0	0	1	0
F5H2A9	F5H2A9	uc010vtp.3	protein_coding	0	2	1	9	0	0	0	3	8	1	0	0	0	2	0	0	0	0	0	0
F5H2B9	F5H2B9	uc010uke.2	protein_coding	0	3	0	4	0	0	0	0	5	0	0	0	0	1	0	0	0	0	2	0
F5H2J3	F5H2J3	uc010woh.2	protein_coding	0	0	0	2	0	0	1	0	1	0	0	0	0	0	0	0	0	0	0	0
F5H2Z1	F5H2Z1	uc010vzf.2	protein_coding	0	2	0	6	0	0	0	0	7	0	0	0	0	1	0	0	0	0	1	0
F5H355	F5H355	uc010cld.1	protein_coding	0	1	0	12	0	0	0	5	8	0	0	0	0	1	0	0	0	0	0	0
F5H355	F5H355	uc010vsw.1	protein_coding	0	4	0	17	0	0	0	8	10	0	0	0	0	1	0	0	0	0	3	0
F5H3B4	F5H3B4	uc002auf.1	protein_coding	0	0	0	8	0	0	0	1	7	0	0	0	0	0	0	0	0	0	0	0
F5H3C0	F5H3C0	uc010vkj.1	protein_coding	0	0	0	2	0	0	0	0	2	0	0	0	0	0	0	0	0	0	0	0
F5H3F3	F5H3F3	uc010uoz.1	protein_coding	0	0	1	4	0	0	0	0	4	1	0	0	0	0	0	0	0	0	0	0
F5H3H7	F5H3H7	uc002kdh.3	protein_coding	0	0	1	21	1	0	3	0	13	1	0	0	0	0	0	0	0	0	0	4
F5H3I5	F5H3I5	uc010wlc.3	protein_coding	0	0	0	8	0	0	0	0	8	0	0	0	0	0	0	0	0	0	0	0
F5H3M2	F5H3M2	uc010vhw.2	protein_coding	0	2	0	8	0	0	0	1	7	0	0	0	0	0	0	0	0	0	2	0
F5H3N6	F5H3N6	uc010ueh.2	protein_coding	0	0	1	5	0	0	0	3	2	1	0	0	0	0	0	0	0	0	0	0
F5H3S2	F5H3S2	uc010vqf.3	protein_coding	0	2	0	19	3	0	0	4	13	0	0	0	0	1	0	0	0	0	1	0
F5H3S6	F5H3S6	uc010vwz.2	protein_coding	0	0	0	8	2	0	0	0	5	0	0	0	0	0	0	0	0	0	0	1
F5H407	F5H407	uc010vxo.2	protein_coding	0	1	0	7	0	0	0	2	4	0	0	0	0	0	0	0	0	0	1	1
F5H415	F5H415	uc002btg.4	protein_coding	0	2	1	13	0	0	1	0	12	1	0	0	0	1	0	0	0	0	1	0
F5H415	F5H415	uc002bth.4	protein_coding	0	2	1	13	0	0	1	0	12	1	0	0	0	1	0	0	0	0	1	0
F5H415	F5H415	uc010urg.1	protein_coding	0	2	1	17	0	0	1	1	15	1	0	0	0	1	0	0	0	0	1	0
F5H478	F5H478	uc010dgm.1	protein_coding	0	0	1	4	0	0	0	1	2	1	0	0	0	0	0	0	0	0	0	1
F5H496	F5H496	uc010cmc.3	protein_coding	0	0	0	2	1	0	0	1	0	0	0	0	0	0	0	0	0	0	0	0
F5H4B8	F5H4B8	uc002dhh.4	protein_coding	0	0	2	4	1	0	0	0	3	2	0	0	0	0	0	0	0	0	0	0
F5H4D1	F5H4D1	uc002egb.1	protein_coding	0	1	0	11	0	0	0	2	8	0	0	0	0	0	0	0	0	0	1	1
F5H4D1	F5H4D1	uc002egc.2	protein_coding	0	1	0	13	0	0	0	2	10	0	0	0	0	0	0	0	0	0	1	1
F5H4I6	F5H4I6	uc010ucc.2	protein_coding	0	1	4	16	0	0	0	5	5	4	0	0	0	0	0	0	0	0	1	6
F5H4I9	F5H4I9	uc010vhy.2	protein_coding	0	2	0	9	0	0	0	1	8	0	0	0	0	0	0	0	0	0	2	0
F5H4R7	F5H4R7	uc010wkx.1	protein_coding	0	1	0	9	3	0	0	0	7	0	0	0	0	1	0	0	0	0	0	0
F5H4S8	F5H4S8	uc010xfj.2	protein_coding	0	2	0	42	3	0	0	0	39	0	0	0	0	0	0	0	0	0	2	0
F5H4W1	F5H4W1	uc010vje.1	protein_coding	0	1	2	5	0	0	0	2	3	2	0	0	0	1	0	0	0	0	0	1
F5H527	F5H527	uc010wbh.1	protein_coding	0	1	1	14	2	0	0	0	11	1	0	0	0	0	0	0	0	0	1	1
F5H560	F5H560	uc010upf.1	protein_coding	1	3	4	29	0	0	0	1	29	4	0	0	1	0	0	0	0	0	3	0
F5H563	F5H563	uc010udm.2	protein_coding	0	0	1	4	0	0	0	1	3	1	0	0	0	0	0	0	0	0	0	0
F5H5S4	F5H5S4	uc002eqv.3	protein_coding	0	0	1	1	0	0	0	0	1	1	0	0	0	0	0	0	0	0	0	0
F5H5X9	F5H5X9	uc002lka.3	protein_coding	0	3	0	10	0	0	0	0	10	0	0	0	0	0	0	0	0	0	3	0
F5H5Y1	F5H5Y1	uc010ckx.3	protein_coding	0	0	2	3	1	0	1	1	0	2	0	0	0	0	0	0	0	0	0	0
F5H5Z8	F5H5Z8	uc010vuf.1	protein_coding	0	0	0	4	0	0	0	1	2	0	0	0	0	0	0	0	0	0	0	1
F5H625	F5H625	uc002iyf.2	protein_coding	0	0	0	35	0	0	0	0	34	0	0	0	0	0	0	0	0	0	0	1
F5H635	F5H635	uc010byo.2	protein_coding	0	0	1	0	0	0	0	0	0	1	0	0	0	0	0	0	0	0	0	0
F5H658	F5H658	uc010wig.2	protein_coding	0	1	0	5	0	0	0	0	6	0	0	0	0	1	0	0	0	0	0	0
F5H6G3	F5H6G3	uc021tuy.1	protein_coding	0	1	2	7	0	0	0	1	1	2	0	0	0	0	0	0	0	0	1	5
F5H6V3	F5H6V3	uc010vmc.2	protein_coding	0	1	0	11	0	0	0	0	11	0	0	0	0	0	0	0	0	0	1	0
F5H6W7	F5H6W7	uc001ppb.1	protein_coding	0	5	2	23	0	1	1	0	23	2	0	0	0	1	0	0	0	0	3	0
F5H6Z4	F5H6Z4	uc010wqr.2	protein_coding	0	1	3	19	0	0	0	6	13	3	0	0	0	0	0	0	0	0	1	0
F5H733	F5H733	uc010cbv.3	protein_coding	0	0	1	3	0	0	0	0	3	1	0	0	0	0	0	0	0	0	0	0
F5H7D6	F5H7D6	uc002ask.2	protein_coding	0	5	0	12	0	0	0	0	13	0	0	0	0	1	0	0	0	0	4	0
F5H7I8	F5H7I8	uc010ukv.2	protein_coding	0	2	1	8	0	0	0	0	8	1	0	0	0	1	0	0	0	0	1	1
F5H7J5	F5H7J5	uc010wug.1	protein_coding	0	4	0	83	1	0	0	3	79	0	0	0	0	0	0	0	0	0	4	0
F5H7K1	F5H7K1	uc002dgo.2	protein_coding	0	2	0	46	0	0	0	1	44	0	0	0	0	0	0	0	0	0	2	1
F5H7K2	F5H7K2	uc010ucz.2	protein_coding	0	0	1	5	1	0	0	0	4	1	0	0	0	0	0	0	0	0	0	0
F5H7N0	F5H7N0	uc001zbb.3	protein_coding	0	0	0	13	2	0	0	0	8	0	0	0	0	0	0	0	0	0	0	3
F5H7N9	F5H7N9	uc010bnn.3	protein_coding	0	0	1	2	0	0	0	0	2	1	0	0	0	0	0	0	0	0	0	0
F5H7P9	F5H7P9	uc010czk.3	protein_coding	0	0	1	5	2	0	0	0	3	1	0	0	0	0	0	0	0	0	0	0
F5H7S3	F5H7S3	uc002alr.3	protein_coding	0	0	0	10	0	0	0	2	7	0	0	0	0	0	0	0	0	0	0	1
F5H7W5	F5H7W5	uc010wze.1	protein_coding	0	0	0	13	2	0	1	0	8	0	0	0	0	0	0	0	0	0	0	2
F5H7X8	F5H7X8	uc002bbx.3	protein_coding	0	4	0	10	0	0	0	0	11	0	0	0	0	2	0	0	0	0	2	1
F5H7X8	F5H7X8	uc010bkr.3	protein_coding	0	1	0	7	0	0	0	0	6	0	0	0	0	0	0	0	0	0	1	1
F5H7Z0	F5H7Z0	uc002fdw.3	protein_coding	0	2	0	12	0	0	0	1	7	0	0	0	0	0	0	0	0	0	2	4
F5H824	F5H824	uc002bui.4	protein_coding	0	0	0	3	1	0	0	0	2	0	0	0	0	0	0	0	0	0	0	0
F5H885	F5H885	uc021uam.1	protein_coding	0	1	0	7	0	0	0	0	7	0	0	0	0	0	0	0	0	0	1	0
F5H897	F5H897	uc010uxf.2	protein_coding	0	2	0	13	0	0	0	2	11	0	0	0	0	0	0	0	0	0	2	0
F5H8B1	F5H8B1	uc002kch.2	protein_coding	0	1	0	17	0	0	0	1	8	0	0	0	0	1	0	0	0	0	0	9
F5H8D1	F5H8D1	uc010xcz.1	protein_coding	0	2	0	5	0	0	0	1	4	0	0	0	0	0	0	0	0	0	2	0
F5H8D5	F5H8D5	uc002fox.1	protein_coding	0	0	1	5	1	0	0	0	4	1	0	0	0	0	0	0	0	0	0	0
F5H8F9	F5H8F9	uc002dyh.1	protein_coding	0	0	0	2	1	0	0	0	0	0	0	0	0	0	0	0	0	0	0	1
F6QWW5	F6QWW5	uc010wms.2	protein_coding	0	0	0	11	0	0	0	2	3	0	0	0	0	0	0	0	0	0	0	6
F6TF62	F6TF62	uc002chz.1	protein_coding	0	0	0	3	0	0	0	3	0	0	0	0	0	0	0	0	0	0	0	0
F6U074	F6U074	uc002hox.2	protein_coding	0	1	1	11	0	0	0	2	0	1	0	0	0	0	0	0	0	0	1	9
F6UYM1	F6UYM1	uc010won.3	protein_coding	0	1	0	6	1	0	0	1	5	0	0	0	0	1	0	0	0	0	0	0
F6VM53	F6VM53	uc002chw.1	protein_coding	0	0	0	3	0	0	0	3	0	0	0	0	0	0	0	0	0	0	0	0
F6X3S4	F6X3S4	uc010wpk.2	protein_coding	0	1	0	6	0	0	0	0	4	0	0	0	0	0	0	0	0	0	1	2
F6XG23	F6XG23	uc010bot.3	protein_coding	0	2	0	11	1	0	0	0	10	0	0	0	0	1	0	0	0	0	2	0
F8VPA5	F8VPA5	uc002bep.3	protein_coding	0	2	0	20	1	0	0	0	19	0	0	0	0	1	0	0	0	0	1	1
F8VPC9	F8VPC9	uc002gkb.2	protein_coding	0	0	0	8	2	0	0	3	2	0	0	0	0	0	0	0	0	0	0	1
F8VR27	F8VR27	uc002cyr.1	protein_coding	0	0	0	50	0	0	0	0	50	0	0	0	0	0	0	0	0	0	0	0
F8VTL3	F8VTL3	uc002glm.4	protein_coding	0	2	0	28	1	0	0	0	27	0	0	0	0	0	0	0	0	0	2	0
F8VW50	F8VW50	uc002jkl.2	protein_coding	0	3	0	9	0	0	0	6	4	0	0	0	0	1	0	0	0	0	2	0
F8VW57	F8VW57	uc010vlq.1	protein_coding	0	0	2	16	3	0	0	0	12	2	0	0	0	0	0	0	0	0	0	1
F8VY86	F8VY86	uc001zrq.4	protein_coding	0	2	3	8	0	0	0	1	8	3	0	0	0	1	0	0	0	0	1	0
F8VY86	F8VY86	uc010udp.2	protein_coding	0	2	3	8	0	0	0	1	8	3	0	0	0	1	0	0	0	0	1	0
F8W164	F8W164	uc002csm.3	protein_coding	0	1	0	5	1	0	0	3	1	0	0	0	0	1	0	0	0	0	0	0
F8W1H5	F8W1H5	uc010cxx.3	protein_coding	0	1	0	8	0	0	0	3	5	0	0	0	0	0	0	0	0	0	1	0
F8W1J9	F8W1J9	uc010dkm.1	protein_coding	0	0	0	9	0	0	1	4	2	0	0	0	0	0	0	0	0	0	0	2
F8W1W9	F8W1W9	uc010byk.3	protein_coding	0	0	0	1	0	0	0	0	1	0	0	0	0	0	0	0	0	0	0	0
F8W1W9	F8W1W9	uc010vcz.2	protein_coding	0	0	0	1	0	0	0	0	1	0	0	0	0	0	0	0	0	0	0	0
F8W1W9	F8W1W9	uc010vda.2	protein_coding	0	0	0	1	0	0	0	0	1	0	0	0	0	0	0	0	0	0	0	0
F8W648	F8W648	uc010wjm.2	protein_coding	0	0	0	6	1	0	0	1	4	0	0	0	0	0	0	0	0	0	0	0
F8W6V4	F8W6V4	uc010uen.2	protein_coding	0	0	1	8	0	0	0	5	3	1	0	0	0	0	0	0	0	0	0	0
F8W6V4	F8W6V4	uc010ueo.2	protein_coding	0	0	1	8	0	0	0	5	3	1	0	0	0	0	0	0	0	0	0	0
F8W6Y4	F8W6Y4	uc002arc.3	protein_coding	1	0	0	0	0	0	0	0	0	0	0	0	0	0	0	1	0	0	0	0
F8W6Z1	F8W6Z1	uc010vrw.2	protein_coding	0	0	1	10	1	0	0	4	5	1	0	0	0	0	0	0	0	0	0	0
F8W6Z3	F8W6Z3	uc001loc.3	protein_coding	0	0	0	11	0	0	0	0	0	0	0	0	0	0	0	0	0	0	0	11
F8W7A7	F8W7A7	uc010xbr.1	protein_coding	0	1	2	10	1	0	0	0	9	2	0	0	0	0	0	0	0	0	1	0
F8W7N2	F8W7N2	uc010clq.3	protein_coding	0	0	0	13	4	0	0	0	9	0	0	0	0	0	0	0	0	0	0	0
F8W7X0	F8W7X0	uc002jex.1	protein_coding	0	0	2	4	0	0	0	0	4	2	0	0	0	0	0	0	0	0	0	0
F8W7Y8	F8W7Y8	uc001yva.3	protein_coding	0	0	0	3	0	0	0	2	1	0	0	0	0	0	0	0	0	0	0	0
F8W7Y8	F8W7Y8	uc010ayb.3	protein_coding	0	0	0	3	0	0	0	2	1	0	0	0	0	0	0	0	0	0	0	0
F8W865	F8W865	uc021shz.1	protein_coding	0	2	3	25	0	0	0	0	25	3	0	0	0	0	0	0	0	0	2	0
F8W878	F8W878	uc010wuh.1	protein_coding	0	0	0	22	0	0	0	1	17	0	0	0	0	0	0	0	0	0	0	4
F8W8Z4	F8W8Z4	uc010vfb.2	protein_coding	0	2	1	7	0	1	1	2	0	1	0	0	0	0	0	0	0	0	1	4
F8W964	F8W964	uc010ukd.1	protein_coding	0	5	0	12	0	0	0	0	13	0	0	0	0	1	0	0	0	0	4	0
F8W9E7	F8W9E7	uc002esb.3	protein_coding	0	0	1	10	0	0	0	5	3	1	0	0	0	0	0	0	0	0	0	2
F8W9M3	F8W9M3	uc010wil.2	protein_coding	0	0	1	5	2	0	0	0	3	1	0	0	0	0	0	0	0	0	0	0
F8W9R9	F8W9R9	uc010weu.2	protein_coding	0	2	0	20	0	0	0	9	11	0	0	0	0	0	0	0	0	0	2	0
F8W9S8	F8W9S8	uc002kmy.4	protein_coding	0	0	1	17	3	0	0	0	14	1	0	0	0	0	0	0	0	0	0	0
F8WA52	F8WA52	uc010xcv.2	protein_coding	0	0	2	21	0	0	0	0	17	2	0	0	0	0	0	0	0	0	0	4
F8WA69	F8WA69	uc010cgu.3	protein_coding	0	3	0	6	0	0	0	1	5	0	0	0	0	1	0	0	0	0	2	1
F8WBX1	F8WBX1	uc010dak.3	protein_coding	0	0	0	4	2	0	0	0	2	0	0	0	0	0	0	0	0	0	0	0
F8WC21	F8WC21	uc010udb.2	protein_coding	0	2	1	6	1	0	0	0	6	1	0	0	0	1	0	0	0	0	1	0
F8WCY5	F8WCY5	uc031qsx.1	protein_coding	0	0	0	2	2	0	0	0	0	0	0	0	0	0	0	0	0	0	0	0
F8WD03	F8WD03	uc002ezw.4	protein_coding	0	1	0	11	0	0	0	0	11	0	0	0	0	0	0	0	0	0	1	0
F8WD16	F8WD16	uc002izq.2	protein_coding	1	1	0	46	0	0	0	34	10	0	0	0	0	2	0	0	1	0	1	2
F8WD31	F8WD31	uc010uoo.1	protein_coding	0	0	2	3	0	0	0	1	2	2	0	0	0	0	0	0	0	0	0	0
F8WDP5	F8WDP5	uc002hmb.2	protein_coding	0	1	0	7	3	0	0	0	1	0	0	0	0	0	0	0	0	0	1	3
F8WEE6	F8WEE6	uc010woc.2	protein_coding	0	0	0	4	0	0	0	0	4	0	0	0	0	0	0	0	0	0	0	0
F8WEU4	F8WEU4	uc021ull.1	protein_coding	0	0	0	3	0	0	0	0	3	0	0	0	0	0	0	0	0	0	0	0
F8WEW5	F8WEW5	uc010cln.3	protein_coding	0	3	1	28	2	0	0	6	16	1	0	0	0	1	0	0	0	0	2	5
F8WFD2	F8WFD2.2	uc002dct.4	protein_coding	0	0	0	3	0	0	0	2	1	0	0	0	0	0	0	0	0	0	0	0
G0LNU5	G0LNU5	uc021ukl.1	protein_coding	0	1	0	26	2	0	0	0	24	0	0	0	0	0	0	0	0	0	1	0
G0ZCM3	G0ZCM3	uc021tdr.1	protein_coding	0	0	0	6	0	0	0	1	4	0	0	0	0	0	0	0	0	0	0	1
G0ZCM4	G0ZCM4	uc021tdq.1	protein_coding	0	0	0	8	0	0	0	1	5	0	0	0	0	0	0	0	0	0	0	2
G0ZCM5	G0ZCM5	uc021tdt.1	protein_coding	0	0	1	8	0	0	0	1	1	1	0	0	0	0	0	0	0	0	0	6
G1UI21	G1UI21	uc002alc.4	protein_coding	0	2	0	19	2	0	2	0	15	0	0	0	0	1	0	0	0	0	1	1
G1UI29	G1UI29	uc021tgn.1	protein_coding	0	1	0	3	0	0	0	1	2	0	0	0	0	0	0	0	0	0	1	0
G1UI35	G1UI35	uc002hbv.3	protein_coding	0	0	0	1	0	0	0	0	1	0	0	0	0	0	0	0	0	0	0	0
G3V0H8	G3V0H8	uc002fro.2	protein_coding	0	2	1	22	0	1	1	0	20	1	0	0	0	0	0	0	0	0	1	1
G3V0I9	G3V0I9	uc021szq.1	protein_coding	0	0	1	15	0	0	0	3	3	1	0	0	0	0	0	0	0	0	0	9
G3V128	G3V128	uc002ilm.3	protein_coding	0	2	2	23	0	0	0	0	23	2	0	0	0	0	0	0	0	0	2	0
G3V1C4	G3V1C4	uc002ile.4	protein_coding	0	2	0	6	1	0	0	0	5	0	0	0	0	0	0	0	0	0	2	0
G3V1L2	G3V1L2	uc002hbi.3	protein_coding	0	1	1	3	0	0	0	0	3	1	0	0	0	0	0	0	0	0	1	0
G3V1Q5	G3V1Q5	uc002jah.2	protein_coding	0	0	2	8	0	0	0	2	6	2	0	0	0	0	0	0	0	0	0	0
G3V1Q7	G3V1Q7	uc002fcc.4	protein_coding	0	0	1	10	1	0	0	0	9	1	0	0	0	0	0	0	0	0	0	0
G3V1U4	G3V1U4	uc002jql.2	protein_coding	0	1	0	13	1	0	0	0	11	0	0	0	0	0	0	0	0	0	1	1
G3V1Z9	G3V1Z9	uc002gea.4	protein_coding	0	0	0	4	3	0	0	1	0	0	0	0	0	0	0	0	0	0	0	0
G3V201	G3V201	uc002cin.1	protein_coding	0	3	2	39	0	0	3	11	12	2	0	0	0	0	0	0	0	0	3	13
G3V201	G3V201	uc002cio.1	protein_coding	0	4	2	30	0	1	3	11	3	2	0	0	0	0	0	0	0	0	3	13
G3V594	G3V594	uc001zbf.4	protein_coding	0	1	0	10	1	0	0	0	9	0	0	0	0	0	0	0	0	0	1	0
G3XA83	G3XA83	uc010dma.3	protein_coding	0	0	0	7	0	0	0	0	7	0	0	0	0	0	0	0	0	0	0	0
G3XA99	G3XA99	uc002dbw.3	protein_coding	0	0	0	9	0	0	0	0	9	0	0	0	0	0	0	0	0	0	0	0
G3XAB8	G3XAB8	uc002jue.2	protein_coding	0	1	1	5	0	0	0	0	5	1	0	0	0	0	0	0	0	0	1	0
G3XAB8	G3XAB8	uc002juf.2	protein_coding	0	2	1	15	0	0	0	4	11	1	0	0	0	0	0	0	0	0	2	0
G3XAC3	G3XAC3	uc010whn.2	protein_coding	0	0	0	7	0	0	0	0	6	0	0	0	0	0	0	0	0	0	0	1
G3XAG2	G3XAG2	uc002asq.3	protein_coding	0	3	0	3	0	0	1	0	3	0	0	0	0	1	0	0	0	0	2	0
G3XAG2	G3XAG2	uc010bin.1	protein_coding	0	3	0	2	0	0	1	0	2	0	0	0	0	1	0	0	0	0	2	0
G4V2I7	G4V2I7	uc021tyc.1	protein_coding	0	0	0	1	0	0	0	0	1	0	0	0	0	0	0	0	0	0	0	0
G5E927	G5E927	uc002dtx.4	protein_coding	0	1	0	5	1	0	0	3	0	0	0	0	0	0	0	0	0	0	1	1
G5E934	G5E934	uc001ztp.3	protein_coding	0	1	0	4	0	0	0	0	4	0	0	0	0	0	0	0	0	0	1	0
G5E939	G5E939	uc010cly.3	protein_coding	0	0	0	13	0	0	0	1	6	0	0	0	0	0	0	0	0	0	0	6
G5E957	G5E957	uc002heq.3	protein_coding	0	0	0	3	0	0	0	0	2	0	0	0	0	0	0	0	0	0	0	1
G5E981	G5E981	uc002fwl.3	protein_coding	0	0	0	4	0	0	0	0	4	0	0	0	0	0	0	0	0	0	0	0
G5E989	G5E989	uc002lnk.2	protein_coding	0	0	0	6	0	0	0	1	5	0	0	0	0	0	0	0	0	0	0	0
G5E9D5	G5E9D5	uc010vvp.3	protein_coding	0	1	0	8	2	0	0	4	3	0	0	0	0	1	0	0	0	0	0	0
G5E9E7	G5E9E7	uc001zcq.3	protein_coding	0	2	0	5	0	0	0	0	5	0	0	0	0	0	0	0	0	0	2	0
G5E9J2	G5E9J2	uc002flw.3	protein_coding	0	0	0	12	2	0	0	10	0	0	0	0	0	0	0	0	0	0	0	0
G5E9K0	G5E9K0	uc002dba.3	protein_coding	0	0	0	4	0	0	0	0	4	0	0	0	0	0	0	0	0	0	0	0
G5E9K3	G5E9K3	uc002dsc.3	protein_coding	0	1	0	11	0	1	1	0	4	0	0	0	0	0	0	0	0	0	0	6
G5E9K7	G5E9K7	uc002ipl.2	protein_coding	0	1	0	2	0	0	0	0	2	0	0	0	0	0	0	0	0	0	1	0
G5E9R2	G5E9R2	uc001zky.4	protein_coding	0	0	0	7	1	0	0	1	5	0	0	0	0	0	0	0	0	0	0	0
G5E9R8	G5E9R8	uc002hcb.3	protein_coding	0	0	0	3	0	0	0	1	0	0	0	0	0	0	0	0	0	0	0	2
G5E9T5	G5E9T5	uc002asx.3	protein_coding	0	0	0	5	0	0	0	0	3	0	0	0	0	0	0	0	0	0	0	2
G5E9T5	G5E9T5	uc002asz.3	protein_coding	0	0	0	5	0	0	0	0	1	0	0	0	0	0	0	0	0	0	0	4
G5EA00	G5EA00	uc002bjm.3	protein_coding	0	0	2	2	1	0	0	0	1	2	0	0	0	0	0	0	0	0	0	0
G5EA36	G5EA36	uc002ilf.4	protein_coding	0	2	0	6	1	0	0	0	5	0	0	0	0	0	0	0	0	0	2	0
G5EA52	G5EA52	uc010bdp.3	protein_coding	0	0	0	9	0	0	1	3	4	0	0	0	0	0	0	0	0	0	0	1
G8JLI7	G8JLI7	uc002bip.3	protein_coding	0	2	0	2	0	0	0	0	2	0	0	0	0	0	0	0	0	0	2	0
G8JLI7	G8JLI7	uc010uod.2	protein_coding	0	2	0	3	0	0	0	0	3	0	0	0	0	0	0	0	0	0	2	0
G8JLP4	G8JLP4	uc002ddq.3	protein_coding	0	1	0	13	0	0	0	1	13	0	0	0	0	1	0	0	0	0	0	0
G9JV18	G9JV18	uc010uve.2	protein_coding	0	2	4	37	1	0	0	5	23	4	0	0	0	0	0	0	0	0	2	8
H0UIC3	H0UIC3	uc010csn.2	protein_coding	0	2	1	11	1	0	0	0	8	1	0	0	0	0	0	0	0	0	2	2
H0UID0	H0UID0	uc002hiu.2	protein_coding	0	1	0	5	0	1	1	0	2	0	0	0	0	0	0	0	0	0	0	2
H0Y2M5	H0Y2M5	uc010uio.2	protein_coding	0	1	0	7	0	0	0	1	5	0	0	0	0	0	0	0	0	0	1	1
H0Y2S9	H0Y2S9	uc002gqx.2	protein_coding	0	0	0	2	0	0	0	0	2	0	0	0	0	0	0	0	0	0	0	0
H0Y2S9	H0Y2S9	uc002gqy.2	protein_coding	0	0	0	2	0	0	0	0	2	0	0	0	0	0	0	0	0	0	0	0
H0Y2V8	H0Y2V8	uc002jlu.1	protein_coding	0	1	0	3	0	0	0	2	0	0	0	0	0	0	0	0	0	0	1	1
H0Y2X5	H0Y2X5	uc010bpb.3	protein_coding	0	0	0	6	2	0	0	0	4	0	0	0	0	0	0	0	0	0	0	0
H0Y3H2	H0Y3H2	uc010bsk.1	protein_coding	0	3	0	24	0	1	3	0	22	0	0	0	0	1	0	0	0	0	1	0
H0Y3Q0	H0Y3Q0	uc010bpd.3	protein_coding	0	1	0	46	1	0	0	0	43	0	0	0	0	0	0	0	0	0	1	2
H0Y459	H0Y459	uc002gpq.1	protein_coding	0	0	0	1	0	0	0	0	1	0	0	0	0	0	0	0	0	0	0	0
H0Y4U7	H0Y4U7	uc010dez.3	protein_coding	0	0	1	16	0	0	0	0	15	1	0	0	0	0	0	0	0	0	0	1
H0Y4Z0	H0Y4Z0	uc010bsn.4	protein_coding	0	0	0	2	1	0	0	0	1	0	0	0	0	0	0	0	0	0	0	0
H0Y626	H0Y626	uc002gor.1	protein_coding	0	3	3	28	1	0	0	0	26	3	0	0	0	0	0	0	0	0	3	1
H0Y688	H0Y688	uc010vsg.2	protein_coding	0	0	0	5	0	0	0	0	5	0	0	0	0	0	0	0	0	0	0	0
H0YAN0	H0YAN0	uc002isj.3	protein_coding	0	0	0	6	0	0	0	3	3	0	0	0	0	0	0	0	0	0	0	0
H0YB77	H0YB77	uc010wdk.1	protein_coding	0	0	0	5	0	0	0	5	0	0	0	0	0	0	0	0	0	0	0	0
H0YB77	H0YB77.2	uc010wdl.1	protein_coding	0	1	1	7	0	0	0	2	0	1	0	0	0	0	0	0	0	0	1	5
H0YFS6	H0YFS6	uc002ctw.1	protein_coding	0	0	0	3	0	0	0	0	2	0	0	0	0	0	0	0	0	0	0	1
H0YG80	H0YG80	uc002amn.4	protein_coding	0	1	0	0	0	0	0	0	0	0	0	0	0	0	0	0	0	0	1	0
H0YGE2	H0YGE2	uc021tiv.1	protein_coding	0	5	1	23	0	1	1	0	17	1	0	0	0	1	0	0	0	0	4	5
H0YGE2	H0YGE2	uc021tiw.1	protein_coding	0	5	1	23	0	1	1	0	17	1	0	0	0	1	0	0	0	0	4	5
H0YGH1	H0YGH1	uc002gks.3	protein_coding	0	0	0	8	0	0	0	0	0	0	0	0	0	0	0	0	0	0	0	8
H0YGN7	H0YGN7	uc010voq.2	protein_coding	0	1	1	20	0	0	0	18	3	1	0	0	0	1	0	0	0	0	0	0
H0YGT6	H0YGT6	uc002ekr.1	protein_coding	0	1	0	16	1	0	1	0	9	0	0	0	0	1	0	0	0	0	1	5
H0YGW8	H0YGW8	uc002kdp.4	protein_coding	0	3	0	6	0	0	0	2	2	0	0	0	0	0	0	0	0	0	3	2
H0YK33	H0YK33	uc002bpn.4	protein_coding	0	0	1	7	1	0	0	3	3	1	0	0	0	0	0	0	0	0	0	0
H0YK42	H0YK42	uc010bgv.3	protein_coding	0	0	0	7	0	0	1	1	4	0	0	0	0	0	0	0	0	0	0	1
H0YK72	H0YK72	uc031qtf.1	protein_coding	0	0	0	3	0	0	0	0	3	0	0	0	0	0	0	0	0	0	0	0
H0YK83	H0YK83	uc031qtg.1	protein_coding	0	0	0	3	0	0	0	0	3	0	0	0	0	0	0	0	0	0	0	0
H0YKA8	H0YKA8	uc010uet.1	protein_coding	0	0	1	3	0	0	0	1	2	1	0	0	0	0	0	0	0	0	0	0
H0YKR2	H0YKR2	uc010bjb.3	protein_coding	0	0	0	2	0	0	0	0	2	0	0	0	0	0	0	0	0	0	0	0
H0YKT4	H0YKT4	uc031qtj.1	protein_coding	0	0	0	3	0	0	0	0	3	0	0	0	0	0	0	0	0	0	0	0
H0YKT7	H0YKT7	uc010cux.1	protein_coding	0	0	0	3	0	0	0	3	0	0	0	0	0	0	0	0	0	0	0	0
H0YKU0	H0YKU0	uc002bdq.3	protein_coding	0	1	1	4	0	1	1	1	2	1	0	0	0	0	0	0	0	0	0	0
H0YKW6	H0YKW6	uc001ztk.1	protein_coding	0	0	0	5	0	0	0	0	5	0	0	0	0	0	0	0	0	0	0	0
H0YKY4	H0YKY4	uc010beq.2	protein_coding	0	1	0	2	0	0	0	1	1	0	0	0	0	0	0	0	0	0	1	0
H0YKZ5	H0YKZ5	uc010uqa.2	protein_coding	0	0	0	1	0	0	0	0	0	0	0	0	0	0	0	0	0	0	0	1
H0YL09	H0YL09	uc021stj.1	protein_coding	0	0	0	4	0	0	0	3	1	0	0	0	0	0	0	0	0	0	0	0
H0YL38	H0YL38	uc002adw.1	protein_coding	0	0	1	10	1	0	0	0	8	1	0	0	0	0	0	0	0	0	0	1
H0YL72	H0YL72	uc010umt.2	protein_coding	0	0	0	8	0	0	0	4	4	0	0	0	0	0	0	0	0	0	0	0
H0YL84	H0YL84	uc021tvv.1	protein_coding	0	0	0	13	3	0	0	0	10	0	0	0	0	0	0	0	0	0	0	0
H0YL95	H0YL95	uc010ufi.2	protein_coding	0	0	1	10	0	0	0	0	10	1	0	0	0	0	0	0	0	0	0	0
H0YLB9	H0YLB9	uc010uql.2	protein_coding	0	4	1	11	0	0	0	1	9	1	0	0	0	1	0	0	0	0	3	2
H0YLD1	H0YLD1	uc002adh.3	protein_coding	0	1	0	3	0	0	0	0	0	0	0	0	0	0	0	0	0	0	1	3
H0YLE6	H0YLE6	uc002afr.1	protein_coding	0	1	0	4	1	1	1	1	1	0	0	0	0	0	0	0	0	0	0	0
H0YLF0	H0YLF0	uc010beu.2	protein_coding	0	0	1	1	0	0	0	0	1	1	0	0	0	0	0	0	0	0	0	0
H0YLH9	H0YLH9	uc010unq.1	protein_coding	0	1	0	4	0	0	0	3	0	0	0	0	0	0	0	0	0	0	1	1
H0YLJ3	H0YLJ3	uc010blj.2	protein_coding	0	0	0	8	0	0	0	1	7	0	0	0	0	0	0	0	0	0	0	0
H0YLK7	H0YLK7	uc010bdw.3	protein_coding	0	0	0	4	0	0	0	3	1	0	0	0	0	0	0	0	0	0	0	0
H0YLL1	H0YLL1	uc021ssg.1	protein_coding	0	0	0	2	0	0	0	0	2	0	0	0	0	0	0	0	0	0	0	0
H0YLM1	H0YLM1	uc010ueu.2	protein_coding	0	0	1	3	0	0	0	1	2	1	0	0	0	0	0	0	0	0	0	0
H0YLM8	H0YLM8	uc002abd.3	protein_coding	0	0	0	4	0	0	0	0	4	0	0	0	0	0	0	0	0	0	0	0
H0YLN4	H0YLN4	uc010ukf.2	protein_coding	0	0	0	5	0	0	0	0	3	0	0	0	0	0	0	0	0	0	0	2
H0YLN8	H0YLN8	uc010bew.2	protein_coding	0	0	0	24	0	0	0	1	23	0	0	0	0	0	0	0	0	0	0	0
H0YLZ3	H0YLZ3	uc002adq.1	protein_coding	0	0	0	1	0	0	0	0	0	0	0	0	0	0	0	0	0	0	0	1
H0YM71	H0YM71	uc031qta.1	protein_coding	0	1	0	5	0	0	0	0	5	0	0	0	0	0	0	0	0	0	1	0
H0YM88	H0YM88	uc002buh.1	protein_coding	0	0	0	6	0	0	0	0	6	0	0	0	0	0	0	0	0	0	0	0
H0YM90	H0YM90	uc010bnh.1	protein_coding	0	3	0	17	0	0	0	0	17	0	0	0	0	0	0	0	0	0	3	0
H0YMB8	H0YMB8	uc002axp.3	protein_coding	0	0	0	10	0	0	0	0	9	0	0	0	0	0	0	0	0	0	0	1
H0YME5	H0YME5	uc001zkn.1	protein_coding	0	2	1	20	0	1	2	5	12	1	0	0	0	1	0	0	0	0	0	2
H0YME5	H0YME5	uc010bbj.1	protein_coding	0	1	3	33	0	0	0	5	28	3	0	0	0	1	0	0	0	0	0	1
H0YMF8	H0YMF8	uc010bnq.1	protein_coding	0	0	1	11	0	0	0	1	10	1	0	0	0	0	0	0	0	0	0	0
H0YMG7	H0YMG7	uc010ugw.2	protein_coding	0	1	0	20	5	0	0	0	15	0	0	0	0	0	0	0	0	0	1	0
H0YMI4	H0YMI4	uc010bgs.4	protein_coding	0	0	0	1	0	0	0	1	0	0	0	0	0	0	0	0	0	0	0	0
H0YML8	H0YML8	uc010cca.1	protein_coding	0	0	0	3	0	0	0	3	0	0	0	0	0	0	0	0	0	0	0	0
H0YMQ4	H0YMQ4	uc002amm.2	protein_coding	0	1	0	0	0	0	0	0	0	0	0	0	0	0	0	0	0	0	1	0
H0YMS0	H0YMS0	uc010uas.1	protein_coding	0	1	1	8	0	0	1	0	7	1	0	0	0	0	0	0	0	0	1	0
H0YMS7	H0YMS7	uc002ehw.3	protein_coding	0	0	0	3	3	0	0	0	0	0	0	0	0	0	0	0	0	0	0	0
H0YMW2	H0YMW2	uc002blt.2	protein_coding	0	4	7	15	0	0	0	0	15	7	0	0	0	0	0	0	0	0	4	0
H0YN01	H0YN01	uc002ald.3	protein_coding	0	0	0	8	0	0	0	0	6	0	0	0	0	0	0	0	0	0	0	2
H0YN34	H0YN34	uc001zua.1	protein_coding	0	0	1	1	0	0	0	0	1	1	0	0	0	0	0	0	0	0	0	0
H0YN37	H0YN37	uc001zfn.4	protein_coding	1	0	1	9	0	0	0	7	2	1	0	0	0	0	1	0	0	0	0	0
H0YN55	H0YN55	uc002aft.4	protein_coding	0	2	0	9	1	0	0	0	8	0	0	0	0	0	0	0	0	0	2	0
H0YN66	H0YN66	uc010baa.1	protein_coding	0	0	0	14	1	0	0	0	13	0	0	0	0	0	0	0	0	0	0	0
H0YNB1	H0YNB1	uc010uil.1	protein_coding	0	0	2	9	0	0	0	1	8	2	0	0	0	0	0	0	0	0	0	0
H0YNC6	H0YNC6	uc002aqe.3	protein_coding	1	0	1	5	1	0	0	0	3	1	0	0	0	1	0	1	0	0	0	1
H0YND1	H0YND1	uc002bmh.2	protein_coding	0	3	0	20	1	0	0	0	19	0	0	0	0	0	0	0	0	0	3	0
H0YND1	H0YND1	uc021sua.1	protein_coding	0	3	0	20	1	0	0	0	19	0	0	0	0	0	0	0	0	0	3	0
H0YNM0	H0YNM0	uc001zyr.3	protein_coding	0	1	0	7	1	0	0	0	2	0	0	0	0	0	0	0	0	0	1	4
H0YNN7	H0YNN7	uc010unk.1	protein_coding	0	2	2	1	1	0	0	0	0	2	0	0	0	0	0	0	0	0	2	0
H0YNP8	H0YNP8	uc010ugp.2	protein_coding	0	0	0	6	0	0	0	0	4	0	0	0	0	0	0	0	0	0	0	2
H0YNU5	H0YNU5	uc010bnx.3	protein_coding	0	2	0	1	0	0	0	0	2	0	0	0	0	1	0	0	0	0	1	0
H0YNU9	H0YNU9	uc002agr.1	protein_coding	0	0	0	5	0	0	0	1	4	0	0	0	0	0	0	0	0	0	0	0
H0YNU9	H0YNU9	uc010bgk.4	protein_coding	0	0	0	5	0	0	0	1	4	0	0	0	0	0	0	0	0	0	0	0
H1UBN3	H1UBN3	uc031qsi.1	protein_coding	0	0	0	2	0	0	0	0	2	0	0	0	0	0	0	0	0	0	0	0
H3BLT4	H3BLT4	uc002jvf.3	protein_coding	0	0	1	0	0	0	0	0	0	1	0	0	0	0	0	0	0	0	0	0
H3BM37	H3BM37	uc002eeq.2	protein_coding	0	0	0	1	1	0	0	0	0	0	0	0	0	0	0	0	0	0	0	0
H3BM39	H3BM39	uc010bxv.2	protein_coding	0	0	0	4	0	0	0	0	3	0	0	0	0	0	0	0	0	0	0	1
H3BM52	H3BM52	uc010vhl.2	protein_coding	0	0	0	2	0	0	0	1	1	0	0	0	0	0	0	0	0	0	0	0
H3BM60	H3BM60	uc001zqk.3	protein_coding	0	6	1	21	2	1	2	2	15	1	0	0	0	2	0	0	0	0	3	2
H3BMB5	H3BMB5	uc010buy.3	protein_coding	0	0	1	6	1	0	1	0	4	1	0	0	0	0	0	0	0	0	0	0
H3BMC3	H3BMC3	uc010uag.1	protein_coding	0	1	4	5	0	0	0	2	4	4	0	0	0	1	0	0	0	0	0	0
H3BMC3	H3BMC3.2	uc010uah.2	protein_coding	0	0	1	5	0	0	0	1	4	1	0	0	0	0	0	0	0	0	0	0
H3BMC5	H3BMC5	uc002eoc.1	protein_coding	0	0	0	3	0	0	0	0	3	0	0	0	0	0	0	0	0	0	0	0
H3BMJ2	H3BMJ2	uc021sqm.1	protein_coding	0	2	2	2	0	0	0	1	0	2	0	0	0	0	0	0	0	0	2	1
H3BMK7	H3BMK7	uc010ujc.2	protein_coding	0	0	0	1	0	0	0	0	1	0	0	0	0	0	0	0	0	0	0	0
H3BMM1	H3BMM1	uc010biq.4	protein_coding	0	1	1	6	1	0	0	1	4	1	0	0	0	0	0	0	0	0	1	0
H3BMM8	H3BMM8	uc010bru.3	protein_coding	0	0	0	3	0	0	0	0	1	0	0	0	0	0	0	0	0	0	0	2
H3BMV4	H3BMV4	uc010cam.1	protein_coding	0	0	0	11	0	0	0	6	2	0	0	0	0	0	0	0	0	0	0	3
H3BMW6	H3BMW6	uc002ckv.3	protein_coding	0	6	1	26	0	0	0	9	12	1	0	0	0	0	0	0	0	0	6	5
H3BMX2	H3BMX2	uc010bkk.4	protein_coding	0	1	0	5	0	0	0	1	2	0	0	0	0	0	0	0	0	0	1	2
H3BMX5	H3BMX5	uc002eba.3	protein_coding	0	2	0	6	2	0	0	2	0	0	0	0	0	0	0	0	0	0	2	2
H3BN02	H3BN02	uc002ebt.3	protein_coding	0	0	2	12	1	0	0	0	11	2	0	0	0	0	0	0	0	0	0	0
H3BN09	H3BN09	uc010cdh.2	protein_coding	0	4	1	18	0	0	0	0	19	1	0	0	0	2	0	0	0	0	3	0
H3BN51	H3BN51	uc021tfj.1	protein_coding	0	1	0	4	2	0	0	0	2	0	0	0	0	0	0	0	0	0	1	0
H3BN52	H3BN52	uc010vic.1	protein_coding	0	0	0	1	0	0	0	0	0	0	0	0	0	0	0	0	0	0	0	1
H3BN68	H3BN68	uc002dgf.4	protein_coding	0	0	0	17	2	0	0	1	14	0	0	0	0	0	0	0	0	0	0	0
H3BN78	H3BN78	uc002dfy.3	protein_coding	0	0	0	7	0	0	0	1	6	0	0	0	0	0	0	0	0	0	0	0
H3BN99	H3BN99	uc001zph.3	protein_coding	0	2	1	11	0	0	0	0	10	1	0	0	0	1	0	0	0	0	2	1
H3BNH2	H3BNH2	uc010cif.1	protein_coding	0	2	0	16	0	0	0	5	12	0	0	0	0	1	0	0	0	0	1	0
H3BNM1	H3BNM1	uc002bet.3	protein_coding	0	1	0	3	3	0	0	0	0	0	0	0	0	0	0	0	0	0	1	0
H3BNM1	H3BNM1	uc021srm.1	protein_coding	0	1	0	3	0	0	0	3	0	0	0	0	0	0	0	0	0	0	1	0
H3BNM9	H3BNM9	uc010usa.2	protein_coding	0	2	1	16	1	0	0	10	4	1	0	0	0	0	0	0	0	0	2	1
H3BNR7	H3BNR7	uc002bby.3	protein_coding	0	3	1	10	0	0	0	0	11	1	0	0	0	1	0	0	0	0	2	0
H3BNT0	H3BNT0	uc010brj.3	protein_coding	0	6	1	26	0	0	0	9	12	1	0	0	0	0	0	0	0	0	6	5
H3BNU2	H3BNU2	uc002fma.3	protein_coding	0	0	0	9	0	0	0	0	0	0	0	0	0	0	0	0	0	0	0	9
H3BNU4	H3BNU4	uc002fnf.1	protein_coding	0	0	0	3	0	0	0	0	3	0	0	0	0	0	0	0	0	0	0	0
H3BNU4	H3BNU4	uc002fng.1	protein_coding	0	0	0	4	0	0	0	0	4	0	0	0	0	0	0	0	0	0	0	0
H3BNW8	H3BNW8	uc002dfp.2	protein_coding	0	0	0	18	1	0	0	0	17	0	0	0	0	0	0	0	0	0	0	0
H3BNX5	H3BNX5	uc001zpy.1	protein_coding	0	0	1	4	0	0	0	0	3	1	0	0	0	0	0	0	0	0	0	1
H3BNX5	H3BNX5	uc010udh.1	protein_coding	0	0	1	3	0	0	0	1	2	1	0	0	0	0	0	0	0	0	0	0
H3BNZ1	H3BNZ1	uc002ddb.4	protein_coding	0	2	2	32	1	0	0	7	25	2	0	0	0	1	0	0	0	0	1	0
H3BNZ7	H3BNZ7	uc021tmh.1	protein_coding	0	1	1	8	1	1	1	0	6	1	0	0	0	0	0	0	0	0	0	0
H3BP20	H3BP20	uc010ukn.2	protein_coding	0	1	1	9	0	0	0	0	8	1	0	0	0	0	0	0	0	0	1	1
H3BP28	H3BP28	uc002dfs.3	protein_coding	0	0	0	5	0	0	0	0	2	0	0	0	0	0	0	0	0	0	0	3
H3BP97	H3BP97	uc021tjm.1	protein_coding	0	0	1	3	0	0	0	0	3	1	0	0	0	0	0	0	0	0	0	0
H3BP97	H3BP97	uc021tjo.1	protein_coding	0	0	1	1	0	0	0	0	1	1	0	0	0	0	0	0	0	0	0	0
H3BP97	H3BP97	uc021tjq.1	protein_coding	0	0	1	1	0	0	0	0	0	1	0	0	0	0	0	0	0	0	0	1
H3BPA2	H3BPA2	uc002fgm.1	protein_coding	0	0	0	2	0	0	0	1	1	0	0	0	0	0	0	0	0	0	0	0
H3BPA4	H3BPA4	uc002ery.1	protein_coding	0	1	2	5	0	0	0	2	3	2	0	0	0	1	0	0	0	0	0	1
H3BPD3	H3BPD3	uc002eqm.3	protein_coding	0	0	1	3	0	0	0	0	3	1	0	0	0	0	0	0	0	0	0	0
H3BPL9	H3BPL9	uc002aza.1	protein_coding	0	0	0	6	0	0	0	3	2	0	0	0	0	0	0	0	0	0	0	1
H3BPQ3	H3BPQ3	uc002enq.1	protein_coding	0	0	0	14	0	0	0	2	9	0	0	0	0	0	0	0	0	0	0	3
H3BPR3	H3BPR3	uc002bav.3	protein_coding	0	0	0	2	2	0	0	0	0	0	0	0	0	0	0	0	0	0	0	0
H3BPT9	H3BPT9.2	uc002dxa.3	protein_coding	0	0	0	1	0	0	0	0	0	0	0	0	0	0	0	0	0	0	0	1
H3BQ60	H3BQ60	uc002esr.1	protein_coding	0	0	0	4	0	0	0	4	0	0	0	0	0	0	0	0	0	0	0	0
H3BQ75	H3BQ75	uc021srr.1	protein_coding	0	0	0	17	0	0	0	0	10	0	0	0	0	0	0	0	0	0	0	7
H3BQ89	H3BQ89	uc010vgi.1	protein_coding	0	0	0	1	0	0	0	0	1	0	0	0	0	0	0	0	0	0	0	0
H3BQA4	H3BQA4	uc021tfh.1	protein_coding	0	0	0	1	0	0	0	0	1	0	0	0	0	0	0	0	0	0	0	0
H3BQD6	H3BQD6	uc031qvn.1	protein_coding	0	0	0	6	1	0	0	3	1	0	0	0	0	0	0	0	0	0	0	1
H3BQF0	H3BQF0	uc010uyx.1	protein_coding	0	1	0	12	0	0	0	2	10	0	0	0	0	0	0	0	0	0	1	0
H3BQL2	H3BQL2	uc021sha.1	protein_coding	0	0	0	10	1	0	0	2	7	0	0	0	0	0	0	0	0	0	0	0
H3BQL7	H3BQL7	uc002bak.4	protein_coding	0	0	0	2	0	0	0	0	0	0	0	0	0	0	0	0	0	0	0	2
H3BQM5	H3BQM5	uc010cge.4	protein_coding	0	0	1	5	0	0	1	4	0	1	0	0	0	0	0	0	0	0	0	0
H3BQQ4	H3BQQ4	uc002coc.3	protein_coding	0	0	0	9	0	0	0	3	0	0	0	0	0	0	0	0	0	0	0	6
H3BQQ5	H3BQQ5	uc002axc.2	protein_coding	0	0	0	1	0	0	0	0	1	0	0	0	0	0	0	0	0	0	0	0
H3BQQ9	H3BQQ9	uc002cle.2	protein_coding	0	1	0	19	2	0	0	9	5	0	0	0	0	0	0	0	0	0	1	3
H3BQY8	H3BQY8	uc002bag.4	protein_coding	0	1	0	5	0	0	0	1	2	0	0	0	0	0	0	0	0	0	1	2
H3BR20	H3BR20	uc002jtg.4	protein_coding	0	0	1	6	1	0	0	2	3	1	0	0	0	0	0	0	0	0	0	0
H3BR52	H3BR52	uc002fld.2	protein_coding	0	2	1	8	0	0	0	2	3	1	0	0	0	1	0	0	0	0	1	4
H3BR52	H3BR52	uc010chx.2	protein_coding	0	2	1	8	0	0	0	2	3	1	0	0	0	1	0	0	0	0	1	4
H3BRB0	H3BRB0	uc002drf.3	protein_coding	0	0	0	4	0	0	0	0	4	0	0	0	0	0	0	0	0	0	0	0
H3BRB0	H3BRB0	uc002drg.3	protein_coding	0	0	0	3	0	0	0	0	1	0	0	0	0	0	0	0	0	0	0	2
H3BRB6	H3BRB6	uc010vmz.1	protein_coding	0	0	0	6	0	0	0	4	2	0	0	0	0	0	0	0	0	0	0	0
H3BRE9	H3BRE9	uc002eij.3	protein_coding	0	0	0	7	0	0	0	0	6	0	0	0	0	0	0	0	0	0	0	1
H3BRF3	H3BRF3	uc002exw.2	protein_coding	0	4	0	20	3	0	2	2	13	0	0	0	0	0	0	0	0	0	4	0
H3BRF5	H3BRF5	uc002dlu.3	protein_coding	0	3	1	7	1	0	0	1	4	1	0	0	0	1	0	0	0	0	2	2
H3BRG2	H3BRG2	uc010umn.1	protein_coding	0	0	0	12	3	0	0	5	4	0	0	0	0	0	0	0	0	0	0	0
H3BRH8	H3BRH8	uc010bms.2	protein_coding	0	0	0	1	0	0	0	0	1	0	0	0	0	0	0	0	0	0	0	0
H3BRJ2	H3BRJ2	uc010vgl.1	protein_coding	0	1	0	2	0	0	0	2	0	0	0	0	0	0	0	0	0	0	1	0
H3BRN8	H3BRN8	uc002ada.3	protein_coding	0	0	0	3	0	0	0	1	2	0	0	0	0	0	0	0	0	0	0	0
H3BRP3	H3BRP3	uc002awg.4	protein_coding	0	1	0	1	0	0	0	0	1	0	0	0	0	0	0	0	0	0	1	0
H3BRQ8	H3BRQ8	uc002fff.3	protein_coding	0	0	0	1	0	0	0	0	1	0	0	0	0	0	0	0	0	0	0	0
H3BRU4	H3BRU4	uc010cdc.3	protein_coding	0	0	0	6	0	0	0	2	1	0	0	0	0	0	0	0	0	0	0	3
H3BRV0	H3BRV0	uc010vcy.2	protein_coding	0	0	0	1	0	0	0	1	0	0	0	0	0	0	0	0	0	0	0	0
H3BRX0	H3BRX0	uc002azz.3	protein_coding	0	0	0	4	0	0	0	0	4	0	0	0	0	0	0	0	0	0	0	0
H3BS18	H3BS18	uc002fkb.3	protein_coding	0	2	0	4	0	0	0	1	3	0	0	0	0	0	0	0	0	0	2	0
H3BS25	H3BS25	uc002bcb.1	protein_coding	0	2	1	4	0	0	0	0	5	1	0	0	0	1	0	0	0	0	1	0
H3BS47	H3BS47	uc010vgy.2	protein_coding	0	0	0	4	2	0	0	0	2	0	0	0	0	0	0	0	0	0	0	0
H3BS47	H3BS47	uc010vgz.1	protein_coding	0	0	0	3	0	0	0	1	2	0	0	0	0	0	0	0	0	0	0	0
H3BS51	H3BS51	uc010cfe.3	protein_coding	0	1	0	12	3	0	0	4	5	0	0	0	0	0	0	0	0	0	1	0
H3BSD1	H3BSD1	uc002fjp.2	protein_coding	0	0	0	3	0	0	0	0	3	0	0	0	0	0	0	0	0	0	0	0
H3BSL4	H3BSL4	uc010bsj.3	protein_coding	0	1	1	6	0	0	0	2	4	1	0	0	0	0	0	0	0	0	1	0
H3BSM0	H3BSM0	uc010vba.2	protein_coding	0	1	1	9	0	0	0	3	6	1	0	0	0	0	0	0	0	0	1	0
H3BSP3	H3BSP3	uc002egz.1	protein_coding	0	0	0	2	0	0	0	2	0	0	0	0	0	0	0	0	0	0	0	0
H3BSR3	H3BSR3	uc002dvf.3	protein_coding	0	0	0	3	1	0	0	0	2	0	0	0	0	0	0	0	0	0	0	0
H3BSR5	H3BSR5	uc010vpn.1	protein_coding	0	1	3	36	1	0	0	1	35	3	0	0	0	1	0	0	0	0	0	0
H3BST3	H3BST3	uc031qsr.1	protein_coding	0	1	0	1	0	0	0	0	1	0	0	0	0	0	0	0	0	0	1	0
H3BSV6	H3BSV6	uc002cok.3	protein_coding	0	0	0	5	0	0	0	0	4	0	0	0	0	0	0	0	0	0	0	1
H3BSW6	H3BSW6	uc010chz.3	protein_coding	0	1	4	19	0	0	0	6	13	4	0	0	0	0	0	0	0	0	1	0
H3BSZ1	H3BSZ1	uc010ulj.1	protein_coding	0	0	0	1	0	0	0	0	1	0	0	0	0	0	0	0	0	0	0	0
H3BSZ7	H3BSZ7	uc002drt.3	protein_coding	0	0	0	6	0	0	0	0	6	0	0	0	0	0	0	0	0	0	0	0
H3BT11	H3BT11	uc010vbr.3	protein_coding	0	1	1	11	0	0	0	0	12	1	0	0	0	1	0	0	0	0	0	0
H3BT24	H3BT24	uc002lgc.4	protein_coding	0	0	0	6	0	0	0	1	4	0	0	0	0	0	0	0	0	0	0	1
H3BT57	H3BT57	uc002awj.1	protein_coding	0	0	0	8	5	0	0	0	3	0	0	0	0	0	0	0	0	0	0	0
H3BT95	H3BT95	uc021uko.2	protein_coding	0	0	0	7	0	0	0	1	3	0	0	0	0	0	0	0	0	0	0	3
H3BT95	H3BT95	uc021ukp.1	protein_coding	0	0	1	6	0	0	0	1	5	1	0	0	0	0	0	0	0	0	0	0
H3BTF4	H3BTF4	uc001zog.1	protein_coding	0	0	1	0	0	0	0	0	0	1	0	0	0	0	0	0	0	0	0	0
H3BTH8	H3BTH8	uc002bnd.3	protein_coding	1	3	1	11	0	0	0	8	3	1	0	0	0	0	0	1	0	0	3	0
H3BTP3	H3BTP3	uc010dpi.3	protein_coding	0	1	0	26	2	0	0	0	24	0	0	0	0	0	0	0	0	0	1	0
H3BTP8	H3BTP8	uc021tiz.1	protein_coding	0	0	0	2	0	0	0	0	2	0	0	0	0	0	0	0	0	0	0	0
H3BTR5	H3BTR5	uc010vyx.1	protein_coding	0	0	0	4	0	0	0	0	1	0	0	0	0	0	0	0	0	0	0	3
H3BTU8	H3BTU8	uc021tmo.1	protein_coding	0	0	0	7	0	0	0	0	2	0	0	0	0	0	0	0	0	0	0	5
H3BTV1	H3BTV1	uc002dun.3	protein_coding	0	0	0	1	0	0	0	0	1	0	0	0	0	0	0	0	0	0	0	0
H3BTW2	H3BTW2	uc002fhe.3	protein_coding	0	2	4	33	0	0	0	0	34	4	0	0	0	1	0	0	0	0	1	0
H3BU10	H3BU10	uc010uvr.2	protein_coding	0	1	1	52	0	0	0	1	51	1	0	0	0	0	0	0	0	0	1	0
H3BU53	H3BU53	uc010uda.1	protein_coding	0	0	0	5	0	0	0	1	4	0	0	0	0	0	0	0	0	0	0	0
H3BU56	H3BU56	uc010bmq.3	protein_coding	0	0	0	5	0	0	0	1	4	0	0	0	0	0	0	0	0	0	0	0
H3BU65	H3BU65	uc010boh.1	protein_coding	0	1	0	5	0	0	0	0	4	0	0	0	0	0	0	0	0	0	1	1
H3BU97	H3BU97	uc002dqb.2	protein_coding	0	2	1	3	0	0	0	3	0	1	0	0	0	0	0	0	0	0	2	0
H3BU97	H3BU97	uc010byg.2	protein_coding	0	2	1	4	0	1	1	3	0	1	0	0	0	0	0	0	0	0	1	0
H3BUA8	H3BUA8	uc002cku.3	protein_coding	0	6	1	26	0	0	0	9	12	1	0	0	0	0	0	0	0	0	6	5
H3BUA9	H3BUA9	uc002biu.3	protein_coding	0	2	1	3	0	0	0	0	3	1	0	0	0	0	0	0	0	0	2	0
H3BUB8	H3BUB8	uc021tlp.1	protein_coding	0	0	1	2	0	0	0	0	2	1	0	0	0	0	0	0	0	0	0	0
H3BUF6	H3BUF6	uc010vdb.3	protein_coding	0	1	0	3	0	0	0	0	3	0	0	0	0	0	0	0	0	0	1	0
H3BUG4	H3BUG4	uc010vhm.1	protein_coding	0	0	0	5	0	0	1	3	1	0	0	0	0	0	0	0	0	0	0	0
H3BUG7	H3BUG7	uc010vpr.2	protein_coding	0	0	0	6	2	0	0	3	1	0	0	0	0	0	0	0	0	0	0	0
H3BUH8	H3BUH8	uc010uva.2	protein_coding	0	2	1	28	2	0	0	1	19	1	0	0	0	1	0	0	0	0	1	7
H3BUJ5	H3BUJ5	uc002awx.3	protein_coding	0	0	0	8	3	0	0	0	5	0	0	0	0	0	0	0	0	0	0	0
H3BUJ7	H3BUJ7	uc010bsi.3	protein_coding	0	0	1	7	1	0	0	2	4	1	0	0	0	0	0	0	0	0	0	0
H3BUQ3	H3BUQ3	uc031rik.1	protein_coding	0	0	0	13	0	0	0	0	13	0	0	0	0	0	0	0	0	0	0	0
H3BUS3	H3BUS3	uc010bxc.2	protein_coding	0	0	1	5	0	0	0	0	5	1	0	0	0	0	0	0	0	0	0	0
H3BUT6	H3BUT6	uc002bah.4	protein_coding	0	1	0	5	0	0	0	1	2	0	0	0	0	0	0	0	0	0	1	2
H3BUX1	H3BUX1	uc002cjy.1	protein_coding	0	2	2	26	0	0	0	16	1	2	0	0	0	0	0	0	0	0	2	9
H3BV03	H3BV03	uc010cbx.3	protein_coding	0	0	0	4	2	0	0	0	2	0	0	0	0	0	0	0	0	0	0	0
H3BV44	H3BV44	uc002atk.3	protein_coding	0	0	1	9	0	0	2	0	7	1	0	0	0	0	0	0	0	0	0	0
H3BV44	H3BV44	uc002atm.1	protein_coding	0	0	1	8	0	0	2	0	6	1	0	0	0	0	0	0	0	0	0	0
H3BVA4	H3BVA4	uc031qsv.1	protein_coding	0	0	0	10	0	0	2	0	3	0	0	0	0	0	0	0	0	0	0	5
H3BVC2	H3BVC2	uc002fji.3	protein_coding	0	0	0	1	0	0	0	0	1	0	0	0	0	0	0	0	0	0	0	0
H3BVF7	H3BVF7	uc010bda.3	protein_coding	0	0	0	8	0	0	0	5	1	0	0	0	0	0	0	0	0	0	0	2
H3BVG6	H3BVG6	uc010bcg.2	protein_coding	0	0	0	7	0	0	0	0	4	0	0	0	0	0	0	0	0	0	0	3
H3BVG8	H3BVG8	uc002dgm.2	protein_coding	0	1	1	20	0	0	0	0	19	1	0	0	0	0	0	0	0	0	1	1
H3BVI3	H3BVI3	uc021tag.1	protein_coding	0	2	1	28	2	0	0	1	19	1	0	0	0	1	0	0	0	0	1	7
H6UMI0	H6UMI0	uc031qxe.1	protein_coding	0	0	0	5	2	0	0	1	2	0	0	0	0	0	0	0	0	0	0	0
H6UMI1	H6UMI1	uc031qym.1	protein_coding	0	0	0	4	0	0	0	2	1	0	0	0	0	0	0	0	0	0	0	1
H7BXQ6	H7BXQ6	uc002dus.4	protein_coding	0	0	1	8	0	0	0	0	8	1	0	0	0	0	0	0	0	0	0	0
H7BXT8	H7BXT8	uc002gql.1	protein_coding	0	1	2	23	0	0	0	0	21	2	0	0	0	1	0	0	0	0	0	3
H7BY07	H7BY07	uc002fcf.3	protein_coding	0	0	1	10	0	0	0	0	10	1	0	0	0	0	0	0	0	0	0	0
H7BYF0	H7BYF0	uc002dnw.2	protein_coding	0	0	2	6	0	0	0	6	0	2	0	0	0	0	0	0	0	0	0	0
H7BYS2	H7BYS2	uc002ljp.1	protein_coding	0	0	1	9	0	0	1	4	3	1	0	0	0	0	0	0	0	0	0	1
H7BYU0	H7BYU0	uc031qzi.1	protein_coding	0	0	0	26	0	0	2	0	24	0	0	0	0	0	0	0	0	0	0	0
H7BYU0	H7BYU0	uc031qzj.1	protein_coding	0	1	1	17	0	0	0	0	16	1	0	0	0	0	0	0	0	0	1	1
H7BYV8	H7BYV8	uc021sgg.1	protein_coding	0	0	0	2	2	0	0	0	0	0	0	0	0	0	0	0	0	0	0	0
H7BYW2	H7BYW2	uc002ktf.1	protein_coding	0	1	0	6	0	0	0	0	6	0	0	0	0	0	0	0	0	0	1	0
H7BYY1	H7BYY1	uc002alt.3	protein_coding	0	0	0	10	2	0	0	0	7	0	0	0	0	0	0	0	0	0	0	1
H7C004	H7C004	uc002ljq.1	protein_coding	0	0	1	9	0	0	1	4	3	1	0	0	0	0	0	0	0	0	0	1
H7C2P2	H7C2P2	uc002jjt.4	protein_coding	0	1	1	29	2	0	0	0	27	1	0	0	0	0	0	0	0	0	1	0
H7C2Q6	H7C2Q6	uc001zsg.1	protein_coding	0	0	0	1	0	0	0	1	0	0	0	0	0	0	0	0	0	0	0	0
H7C3B5	H7C3B5	uc010cho.3	protein_coding	0	2	1	8	3	0	0	1	4	1	0	0	0	0	0	0	0	0	2	0
H7C3F4	H7C3F4	uc002afn.3	protein_coding	0	1	0	2	0	0	0	0	1	0	0	0	0	0	0	0	0	0	1	1
H7C3G6	H7C3G6	uc010cpl.2	protein_coding	0	0	0	2	0	0	0	0	2	0	0	0	0	0	0	0	0	0	0	0
H7C3G6	H7C3G6	uc010cpm.2	protein_coding	0	0	0	2	0	0	0	0	2	0	0	0	0	0	0	0	0	0	0	0
H7C3H8	H7C3H8	uc002hgb.3	protein_coding	0	0	0	2	1	0	0	0	1	0	0	0	0	0	0	0	0	0	0	0
H7C600	H7C600	uc010vig.2	protein_coding	0	2	0	14	2	0	0	2	8	0	0	0	0	0	0	0	0	0	2	2
H8Y6P7	H8Y6P7	uc031qsg.1	protein_coding	0	4	0	12	0	0	0	0	12	0	0	0	0	1	0	0	0	0	4	0
I0CMK4	I0CMK4	uc002fqp.4	protein_coding	0	5	9	23	1	1	6	1	15	9	0	0	0	0	0	0	0	0	4	0
I3L072	I3L072	uc010wqu.1	protein_coding	0	1	4	18	0	0	0	4	13	4	0	0	0	0	0	0	0	0	1	1
I3L077	I3L077	uc002jos.4	protein_coding	0	0	1	24	0	0	1	13	4	1	0	0	0	0	0	0	0	0	0	6
I3L087	I3L087	uc010tzx.1	protein_coding	0	0	1	5	0	0	0	3	2	1	0	0	0	0	0	0	0	0	0	0
I3L0B8	I3L0B8	uc002kxa.3	protein_coding	0	0	1	0	0	0	0	0	0	1	0	0	0	0	0	0	0	0	0	0
I3L0H8	I3L0H8	uc010vlz.2	protein_coding	0	0	0	4	0	0	0	0	4	0	0	0	0	0	0	0	0	0	0	0
I3L0M2	I3L0M2	uc010wue.1	protein_coding	0	1	0	11	0	0	0	4	4	0	0	0	0	1	0	0	0	0	0	4
I3L0S3	I3L0S3	uc031qvv.1	protein_coding	0	0	0	1	0	0	0	0	1	0	0	0	0	0	0	0	0	0	0	0
I3L0X7	I3L0X7	uc031qws.1	protein_coding	0	0	0	10	0	0	0	0	10	0	0	0	0	0	0	0	0	0	0	0
I3L161	I3L161	uc002ggq.2	protein_coding	0	1	1	5	1	0	1	3	0	1	0	0	0	0	0	0	0	0	1	0
I3L1D5	I3L1D5	uc010vun.2	protein_coding	0	4	1	7	0	0	0	0	7	1	0	0	0	0	0	0	0	0	4	0
I3L1E0	I3L1E0	uc002jxk.2	protein_coding	0	0	0	8	0	0	0	2	2	0	0	0	0	0	0	0	0	0	0	4
I3L1G4	I3L1G4	uc010cms.2	protein_coding	0	0	0	4	0	0	0	1	3	0	0	0	0	0	0	0	0	0	0	0
I3L1G4	I3L1G4	uc010cmx.2	protein_coding	0	0	0	4	0	0	0	1	2	0	0	0	0	0	0	0	0	0	0	1
I3L1G8	I3L1G8	uc021sqg.1	protein_coding	0	0	0	12	1	0	0	1	10	0	0	0	0	0	0	0	0	0	0	0
I3L1H5	I3L1H5	uc002ftt.3	protein_coding	0	1	0	5	0	0	0	0	2	0	0	0	0	0	0	0	0	0	1	3
I3L1J1	I3L1J1	uc010cmp.2	protein_coding	0	0	0	4	0	0	0	1	3	0	0	0	0	0	0	0	0	0	0	0
I3L1J1	I3L1J1	uc010cmz.2	protein_coding	0	0	0	4	0	0	0	1	2	0	0	0	0	0	0	0	0	0	0	1
I3L1L8	I3L1L8	uc010wuv.2	protein_coding	0	0	0	1	0	0	0	1	0	0	0	0	0	0	0	0	0	0	0	0
I3L1N7	I3L1N7	uc010vue.1	protein_coding	0	0	0	4	0	0	0	1	2	0	0	0	0	0	0	0	0	0	0	1
I3L1S0	I3L1S0	uc002crp.1	protein_coding	0	0	0	1	0	0	0	0	0	0	0	0	0	0	0	0	0	0	0	1
I3L1X7	I3L1X7	uc010cbf.1	protein_coding	0	0	0	1	0	0	0	0	0	0	0	0	0	0	0	0	0	0	0	1
I3L1Z6	I3L1Z6	uc002dcu.2	protein_coding	0	0	0	1	0	0	0	0	1	0	0	0	0	0	0	0	0	0	0	0
I3L208	I3L208	uc002kbb.3	protein_coding	0	0	0	6	0	0	0	0	0	0	0	0	0	0	0	0	0	0	0	6
I3L246	I3L246	uc002dfk.1	protein_coding	0	0	0	4	0	0	0	0	1	0	0	0	0	0	0	0	0	0	0	3
I3L265	I3L265	uc002csl.4	protein_coding	0	0	0	6	2	0	0	1	2	0	0	0	0	0	0	0	0	0	0	1
I3L296	I3L296	uc002fyu.3	protein_coding	0	0	0	6	0	0	0	0	5	0	0	0	0	0	0	0	0	0	0	1
I3L2B2	I3L2B2	uc010vyp.2	protein_coding	0	0	1	5	1	0	0	1	3	1	0	0	0	0	0	0	0	0	0	0
I3L2C5	I3L2C5	uc002fxp.3	protein_coding	0	3	0	23	4	0	0	0	19	0	0	0	0	0	0	0	0	0	3	0
I3L2C9	I3L2C9	uc002fzd.3	protein_coding	0	2	1	17	0	0	0	0	17	1	0	0	0	1	0	0	0	0	2	0
I3L2D4	I3L2D4	uc002fzw.2	protein_coding	0	0	0	4	0	0	0	3	0	0	0	0	0	0	0	0	0	0	0	1
I3L2E6	I3L2E6	uc002kgb.1	protein_coding	0	2	0	30	0	0	1	4	22	0	0	0	0	0	0	0	0	0	2	3
I3L2F1	I3L2F1	uc010cmq.2	protein_coding	0	0	0	4	0	0	0	1	3	0	0	0	0	0	0	0	0	0	0	0
I3L2F1	I3L2F1	uc010cmv.2	protein_coding	0	0	0	4	0	0	0	1	2	0	0	0	0	0	0	0	0	0	0	1
I3L2F4	I3L2F4	uc002eut.1	protein_coding	0	0	0	2	1	0	0	0	0	0	0	0	0	0	0	0	0	0	0	1
I3L2G4	I3L2G4	uc002ezk.1	protein_coding	0	0	0	8	0	0	0	1	2	0	0	0	0	0	0	0	0	0	0	5
I3L2H1	I3L2H1	uc010vyo.2	protein_coding	0	0	1	5	1	0	0	1	3	1	0	0	0	0	0	0	0	0	0	0
I3L2H2	I3L2H2	uc002cva.2	protein_coding	0	1	0	4	0	0	1	3	0	0	0	0	0	0	0	0	0	0	1	0
I3L2J8	I3L2J8	uc010wum.1	protein_coding	0	3	5	15	0	0	0	0	15	5	0	0	0	0	0	0	0	0	3	0
I3L2K5	I3L2K5	uc002dbm.2	protein_coding	0	2	0	13	0	0	0	4	10	0	0	0	0	1	0	0	0	0	1	0
I3L2L7	I3L2L7	uc010uwz.1	protein_coding	0	0	0	3	0	0	0	0	1	0	0	0	0	0	0	0	0	0	0	2
I3L2N2	I3L2N2	uc010vtr.1	protein_coding	0	2	0	12	0	0	0	6	3	0	0	0	0	0	0	0	0	0	2	3
I3L2R1	I3L2R1	uc010cqm.1	protein_coding	0	0	0	6	1	0	0	1	3	0	0	0	0	0	0	0	0	0	0	1
I3L2S2	I3L2S2	uc010bsx.3	protein_coding	0	0	0	5	0	0	0	4	1	0	0	0	0	0	0	0	0	0	0	0
I3L2T4	I3L2T4	uc002kae.2	protein_coding	0	2	2	16	0	0	1	8	7	2	0	0	0	1	0	0	0	0	1	1
I3L2T6	I3L2T6	uc002dbe.3	protein_coding	0	0	1	2	0	0	0	1	1	1	0	0	0	0	0	0	0	0	0	0
I3L2V3	I3L2V3	uc010uwy.1	protein_coding	0	0	0	5	0	0	0	0	1	0	0	0	0	0	0	0	0	0	0	4
I3L2X4	I3L2X4	uc010cmo.2	protein_coding	0	0	0	4	0	0	0	1	3	0	0	0	0	0	0	0	0	0	0	0
I3L2X7	I3L2X7	uc002jzm.1	protein_coding	0	2	1	12	0	0	0	0	6	1	0	0	0	0	0	0	0	0	2	6
I3L345	I3L345	uc010cqp.1	protein_coding	0	0	0	6	0	0	0	0	6	0	0	0	0	0	0	0	0	0	0	0
I3L347	I3L347	uc021tzk.1	protein_coding	0	0	0	7	0	0	0	2	2	0	0	0	0	0	0	0	0	0	0	3
I3L356	I3L356	uc010cql.1	protein_coding	0	0	1	4	0	0	0	1	3	1	0	0	0	0	0	0	0	0	0	0
I3L3A0	I3L3A0	uc010bum.1	protein_coding	0	0	0	1	1	0	0	0	0	0	0	0	0	0	0	0	0	0	0	0
I3L3E6	I3L3E6	uc010clj.3	protein_coding	0	1	0	6	1	0	1	0	4	0	0	0	0	0	0	0	0	0	1	0
I3L3E6	I3L3E6	uc031qyk.1	protein_coding	0	1	0	6	1	0	0	0	5	0	0	0	0	0	0	0	0	0	1	0
I3L3F1	I3L3F1	uc010dhu.1	protein_coding	0	0	0	9	1	0	0	2	3	0	0	0	0	0	0	0	0	0	0	3
I3L3M8	I3L3M8	uc010wtz.1	protein_coding	0	3	0	25	6	0	1	10	8	0	0	0	0	0	0	0	0	0	3	0
I3L3N0	I3L3N0	uc002fuh.1	protein_coding	0	0	0	4	0	0	0	3	1	0	0	0	0	0	0	0	0	0	0	0
I3L3Q6	I3L3Q6	uc010cxf.1	protein_coding	0	1	1	10	0	0	0	2	8	1	0	0	0	0	0	0	0	0	1	0
I3L3S9	I3L3S9	uc002cvj.2	protein_coding	0	3	1	27	2	0	3	0	20	1	0	0	0	2	0	0	0	0	1	4
I3L3T4	I3L3T4	uc002iub.3	protein_coding	0	0	0	1	1	0	0	0	0	0	0	0	0	0	0	0	0	0	0	0
I3L3W2	I3L3W2	uc010dkj.3	protein_coding	0	1	2	8	2	0	3	0	3	2	0	0	0	0	0	0	0	0	1	0
I3L402	I3L402	uc010vrn.1	protein_coding	0	0	1	20	0	0	2	11	4	1	0	0	0	0	0	0	0	0	0	3
I3L416	I3L416	uc002cwf.3	protein_coding	0	0	1	38	0	0	0	4	34	1	0	0	0	0	0	0	0	0	0	0
I3L435	I3L435	uc010vys.2	protein_coding	0	1	0	2	0	0	0	0	2	0	0	0	0	0	0	0	0	0	1	0
I3L454	I3L454	uc010wux.2	protein_coding	0	0	1	0	0	0	0	0	0	1	0	0	0	0	0	0	0	0	0	0
I3L473	I3L473	uc010btf.3	protein_coding	0	0	1	14	6	0	0	8	0	1	0	0	0	0	0	0	0	0	0	0
I3L4B6	I3L4B6	uc002kgf.1	protein_coding	0	1	0	12	0	1	1	1	10	0	0	0	0	0	0	0	0	0	0	0
I3L4B9	I3L4B9	uc010cmr.2	protein_coding	0	0	0	4	0	0	0	1	3	0	0	0	0	0	0	0	0	0	0	0
I3L4B9	I3L4B9	uc010cmw.2	protein_coding	0	0	0	4	0	0	0	1	2	0	0	0	0	0	0	0	0	0	0	1
I3L4C2	I3L4C2	uc002jze.2	protein_coding	0	0	0	22	0	0	0	1	17	0	0	0	0	0	0	0	0	0	0	4
I3L4C3	I3L4C3	uc002gaf.3	protein_coding	0	1	0	10	1	0	0	7	2	0	0	0	0	1	0	0	0	0	0	1
I3L4I4	I3L4I4	uc010wnb.1	protein_coding	0	0	0	1	0	0	0	0	1	0	0	0	0	0	0	0	0	0	0	0
I3L4J6	I3L4J6	uc002gar.1	protein_coding	0	0	1	0	0	0	0	0	0	1	0	0	0	0	0	0	0	0	0	0
I3L4M5	I3L4M5	uc002jzq.3	protein_coding	0	0	0	12	0	0	0	0	5	0	0	0	0	0	0	0	0	0	0	7
I3L4N4	I3L4N4	uc010cmi.3	protein_coding	0	1	0	7	0	1	1	2	3	0	0	0	0	0	0	0	0	0	0	1
I3L4Q0	I3L4Q0	uc002kjd.2	protein_coding	0	0	0	1	0	0	0	0	0	0	0	0	0	0	0	0	0	0	0	1
I3L4U2	I3L4U2	uc002jxi.4	protein_coding	0	0	0	8	1	0	0	0	3	0	0	0	0	0	0	0	0	0	0	4
I3L4X2	I3L4X2	uc002del.4	protein_coding	0	7	1	38	2	0	0	0	36	1	0	0	0	1	0	0	0	0	6	1
I3L4X5	I3L4X5	uc002dlk.3	protein_coding	0	0	0	1	1	0	0	0	0	0	0	0	0	0	0	0	0	0	0	0
I3L4X5	I3L4X5	uc010bxm.3	protein_coding	0	0	0	1	1	0	0	0	0	0	0	0	0	0	0	0	0	0	0	0
I3L4X5	I3L4X5	uc010vca.2	protein_coding	0	0	0	1	1	0	0	0	0	0	0	0	0	0	0	0	0	0	0	0
I3L4X8	I3L4X8	uc002ili.1	protein_coding	0	0	1	0	0	0	0	0	0	1	0	0	0	0	0	0	0	0	0	0
I3L4Y1	I3L4Y1	uc010cjq.1	protein_coding	0	0	0	7	0	0	0	1	6	0	0	0	0	0	0	0	0	0	0	0
I3L4Y5	I3L4Y5	uc002dmw.3	protein_coding	0	0	0	7	1	0	0	1	4	0	0	0	0	0	0	0	0	0	0	1
I3L520	I3L520	uc010cnm.1	protein_coding	0	0	2	3	0	0	0	0	3	2	0	0	0	0	0	0	0	0	0	0
I3L522	I3L522	uc002ddu.1	protein_coding	0	0	1	2	0	0	0	1	1	1	0	0	0	0	0	0	0	0	0	0
I3NI31	I3NI31	uc010cjs.2	protein_coding	0	0	0	10	0	0	0	2	0	0	0	0	0	0	0	0	0	0	0	8
I4EC36	I4EC36	uc031rin.1	protein_coding	0	0	1	10	0	0	0	0	10	1	0	0	0	0	0	0	0	0	0	0
I4EC38	I4EC38	uc031rio.1	protein_coding	0	0	1	10	0	0	0	0	10	1	0	0	0	0	0	0	0	0	0	0
I4EC39	I4EC39	uc010dpv.4	protein_coding	0	0	1	10	0	0	0	0	10	1	0	0	0	0	0	0	0	0	0	0
I6L8A6	I6L8A6	uc002kua.3	protein_coding	0	0	0	6	0	0	0	0	6	0	0	0	0	0	0	0	0	0	0	0
I6L969	I6L969	uc010dgr.2	protein_coding	0	0	0	14	0	0	1	1	9	0	0	0	0	0	0	0	0	0	0	3
I7GGY3	I7GGY3	uc002bgj.3	protein_coding	0	2	0	4	2	0	0	0	1	0	0	0	0	0	0	0	0	0	2	1
I7HAS0	I7HAS0	uc031rih.1	protein_coding	0	0	0	8	2	0	0	0	3	0	0	0	0	0	0	0	0	0	0	3
I7HFJ6	I7HFJ6	uc002lfo.5	protein_coding	0	0	0	8	2	0	0	0	3	0	0	0	0	0	0	0	0	0	0	3
I7HFJ6	I7HFJ6	uc031rii.1	protein_coding	0	0	0	8	2	0	0	0	3	0	0	0	0	0	0	0	0	0	0	3
J3KMX1	J3KMX1	uc010vsx.2	protein_coding	0	4	0	25	0	0	0	4	16	0	0	0	0	1	0	0	0	0	3	6
J3KMZ5	J3KMZ5	uc021udg.1	protein_coding	0	0	0	3	1	0	0	2	0	0	0	0	0	0	0	0	0	0	0	0
J3KN21	J3KN21	uc001znt.4	protein_coding	0	0	2	3	0	0	0	0	2	2	0	0	0	0	0	0	0	0	0	1
J3KN28	J3KN28	uc010uoe.2	protein_coding	0	2	0	3	0	0	0	0	3	0	0	0	0	0	0	0	0	0	2	0
J3KN59	J3KN59	uc010uhc.2	protein_coding	0	0	1	12	1	0	0	0	9	1	0	0	0	0	0	0	0	0	0	2
J3KN62	J3KN62	uc010vns.2	protein_coding	0	3	0	38	0	0	0	0	38	0	0	0	0	0	0	0	0	0	3	0
J3KNC9	J3KNC9	uc002ffh.5	protein_coding	0	1	0	4	1	0	0	1	2	0	0	0	0	0	0	0	0	0	1	0
J3KNF1	J3KNF1	uc010vgf.2	protein_coding	0	0	0	2	1	0	0	0	1	0	0	0	0	0	0	0	0	0	0	0
J3KNF8	J3KNF8	uc002exf.3	protein_coding	0	0	0	2	0	0	0	0	1	0	0	0	0	0	0	0	0	0	0	1
J3KNF8	J3KNF8	uc002exg.1	protein_coding	0	0	0	4	2	0	0	0	1	0	0	0	0	0	0	0	0	0	0	1
J3KNG6	J3KNG6	uc010wzx.2	protein_coding	0	1	0	16	1	0	0	1	13	0	0	0	0	0	0	0	0	0	1	1
J3KNH8	J3KNH8	uc010vtb.1	protein_coding	0	0	0	9	0	0	3	0	4	0	0	0	0	0	0	0	0	0	0	2
J3KNI1	J3KNI1	uc002ezc.3	protein_coding	0	2	1	20	1	0	0	2	18	1	0	0	0	1	0	0	0	0	1	0
J3KNP2	J3KNP2	uc010bsc.1	protein_coding	0	5	1	19	0	0	0	9	6	1	0	0	0	2	0	0	0	0	3	6
J3KNP4	J3KNP4	uc002boy.3	protein_coding	0	3	1	24	3	0	0	8	13	1	0	0	0	0	0	0	0	0	3	0
J3KNP4	J3KNP4	uc002boz.3	protein_coding	0	3	1	24	3	0	0	8	13	1	0	0	0	0	0	0	0	0	3	0
J3KNW1	J3KNW1	uc010bsv.3	protein_coding	0	1	1	10	2	0	0	0	7	1	0	0	0	1	0	0	0	0	0	2
J3KP33	J3KP33	uc002gih.3	protein_coding	1	0	1	3	0	0	0	0	4	1	0	1	0	0	0	0	0	0	0	0
J3KPH2	J3KPH2	uc002gka.3	protein_coding	0	1	0	18	0	0	0	4	8	0	0	0	0	0	0	0	0	0	1	6
J3KPJ0	J3KPJ0	uc010vsc.2	protein_coding	0	0	1	5	0	0	0	4	0	1	0	0	0	0	0	0	0	0	0	1
J3KPP4	J3KPP4	uc002isq.3	protein_coding	0	0	0	5	1	0	0	1	3	0	0	0	0	0	0	0	0	0	0	0
J3KPT3	J3KPT3	uc010vxq.2	protein_coding	0	1	0	1	0	0	0	0	0	0	0	0	0	0	0	0	0	0	1	1
J3KPT5	J3KPT5	uc010cqg.1	protein_coding	0	0	1	5	0	0	1	0	4	1	0	0	0	0	0	0	0	0	0	0
J3KPT5	J3KPT5	uc010vyf.1	protein_coding	0	0	1	5	0	0	1	0	4	1	0	0	0	0	0	0	0	0	0	0
J3KQ09	J3KQ09	uc010xds.2	protein_coding	0	1	1	3	0	0	0	0	2	1	0	0	0	0	0	0	0	0	1	1
J3KQ26	J3KQ26	uc010vfn.2	protein_coding	0	1	1	6	0	0	0	1	5	1	0	0	0	0	0	0	0	0	1	0
J3KQ93	J3KQ93	uc010udt.2	protein_coding	0	0	0	8	1	0	0	7	0	0	0	0	0	0	0	0	0	0	0	0
J3KQF3	J3KQF3	uc002ict.3	protein_coding	1	0	1	5	0	0	0	0	4	1	0	0	0	0	0	1	0	0	0	1
J3KQF4	J3KQF4	uc010vjz.1	protein_coding	0	0	0	5	0	0	0	2	2	0	0	0	0	0	0	0	0	0	0	1
J3KQG6	J3KQG6	uc002dbt.3	protein_coding	0	1	1	4	0	0	0	0	4	1	0	0	0	0	0	0	0	0	1	0
J3KQM2	J3KQM2	uc010bib.3	protein_coding	0	6	2	22	1	0	0	0	21	2	0	0	0	1	0	0	0	0	6	0
J3KQM8	J3KQM8	uc010wpc.2	protein_coding	0	1	0	7	0	0	0	0	6	0	0	0	0	1	0	0	0	0	0	2
J3KQP9	J3KQP9	uc002beq.3	protein_coding	0	2	0	20	1	0	0	0	19	0	0	0	0	1	0	0	0	0	1	1
J3KQP9	J3KQP9	uc010blm.1	protein_coding	0	2	0	16	0	0	0	1	16	0	0	0	0	1	0	0	0	0	1	0
J3KQR5	J3KQR5	uc010wzw.2	protein_coding	0	1	0	16	1	0	0	1	13	0	0	0	0	0	0	0	0	0	1	1
J3KQT3	J3KQT3	uc010cib.3	protein_coding	0	4	0	61	0	0	0	13	35	0	0	0	0	0	0	0	0	0	4	13
J3KQT5	J3KQT5	uc010xbj.3	protein_coding	0	1	0	6	2	0	0	1	2	0	0	0	0	0	0	0	0	0	1	1
J3KQU4	J3KQU4	uc010dca.1	protein_coding	0	0	0	1	0	0	0	0	1	0	0	0	0	0	0	0	0	0	0	0
J3KQW8	J3KQW8	uc010was.1	protein_coding	0	0	0	2	0	0	0	2	0	0	0	0	0	0	0	0	0	0	0	0
J3KR54	J3KR54	uc001zls.3	protein_coding	0	0	1	9	1	0	0	0	8	1	0	0	0	0	0	0	0	0	0	0
J3KR97	J3KR97	uc002kfy.1	protein_coding	0	2	4	79	0	0	0	1	76	4	0	0	0	0	0	0	0	0	2	2
J3KRG6	J3KRG6	uc010crf.1	protein_coding	0	0	0	9	0	0	1	5	3	0	0	0	0	0	0	0	0	0	0	0
J3KRL0	J3KRL0	uc010wcb.2	protein_coding	0	0	0	2	0	0	0	1	1	0	0	0	0	0	0	0	0	0	0	0
J3KRL2	J3KRL2	uc010cgz.3	protein_coding	0	0	0	8	1	0	0	6	1	0	0	0	0	0	0	0	0	0	0	0
J3KRM2	J3KRM2	uc021ubq.1	protein_coding	0	0	0	9	0	0	0	0	4	0	0	0	0	0	0	0	0	0	0	5
J3KRN4	J3KRN4	uc010wpp.2	protein_coding	0	1	0	7	1	0	0	2	4	0	0	0	0	0	0	0	0	0	1	0
J3KRP9	J3KRP9	uc010wpe.2	protein_coding	0	2	1	5	0	0	0	0	6	1	0	0	0	1	0	0	0	0	1	0
J3KRR7	J3KRR7	uc010cbs.1	protein_coding	0	0	0	1	0	0	0	0	1	0	0	0	0	0	0	0	0	0	0	0
J3KRS9	J3KRS9	uc002jkq.3	protein_coding	0	0	0	4	1	0	0	2	1	0	0	0	0	0	0	0	0	0	0	0
J3KRT5	J3KRT5	uc010dmf.1	protein_coding	0	0	0	13	1	0	0	0	12	0	0	0	0	0	0	0	0	0	0	0
J3KS48	J3KS48	uc010wvo.1	protein_coding	0	0	0	7	0	0	0	5	2	0	0	0	0	0	0	0	0	0	0	0
J3KS51	J3KS51	uc010cpb.2	protein_coding	0	0	0	4	0	0	0	0	4	0	0	0	0	0	0	0	0	0	0	0
J3KS52	J3KS52	uc010wra.2	protein_coding	0	0	2	2	0	0	0	0	2	2	0	0	0	0	0	0	0	0	0	0
J3KS92	J3KS92	uc002kxp.3	protein_coding	0	1	2	9	0	0	0	0	9	2	0	0	0	0	0	0	0	0	1	0
J3KSB3	J3KSB3	uc010vji.2	protein_coding	0	3	0	6	1	0	0	0	4	0	0	0	0	1	0	0	0	0	2	2
J3KSC0	J3KSC0	uc021ugs.1	protein_coding	0	0	0	2	0	0	0	0	2	0	0	0	0	0	0	0	0	0	0	0
J3KSE3	J3KSE3	uc010dcw.3	protein_coding	0	0	1	11	1	0	1	5	4	1	0	0	0	0	0	0	0	0	0	0
J3KSE4	J3KSE4	uc002hqj.3	protein_coding	0	0	0	3	0	0	0	1	1	0	0	0	0	0	0	0	0	0	0	1
J3KSG1	J3KSG1	uc002kvy.3	protein_coding	0	0	0	4	1	0	0	3	0	0	0	0	0	0	0	0	0	0	0	0
J3KSL5	J3KSL5	uc002jaq.3	protein_coding	0	0	0	3	1	0	0	0	2	0	0	0	0	0	0	0	0	0	0	0
J3KSL9	J3KSL9	uc002gpl.3	protein_coding	0	0	0	13	0	0	0	2	7	0	0	0	0	0	0	0	0	0	0	4
J3KSM0	J3KSM0	uc010das.2	protein_coding	0	0	0	5	0	0	0	4	0	0	0	0	0	0	0	0	0	0	0	1
J3KSM2	J3KSM2	uc002fas.2	protein_coding	0	0	1	1	0	0	1	0	0	1	0	0	0	0	0	0	0	0	0	0
J3KSP6	J3KSP6	uc002eyz.3	protein_coding	0	2	1	22	0	0	3	5	14	1	0	0	0	0	0	0	0	0	2	0
J3KSS8	J3KSS8	uc010cqq.1	protein_coding	0	0	0	5	0	0	0	0	5	0	0	0	0	0	0	0	0	0	0	0
J3KSU3	J3KSU3	uc010dme.1	protein_coding	0	0	1	3	1	0	1	0	1	1	0	0	0	0	0	0	0	0	0	0
J3KSV7	J3KSV7	uc002lkn.2	protein_coding	0	1	0	1	0	0	0	0	1	0	0	0	0	0	0	0	0	0	1	0
J3KSW2	J3KSW2	uc010dpg.3	protein_coding	0	0	1	0	0	0	0	0	0	1	0	0	0	0	0	0	0	0	0	0
J3KSW6	J3KSW6	uc002ixo.1	protein_coding	0	0	0	2	0	0	0	0	2	0	0	0	0	0	0	0	0	0	0	0
J3KSW8	J3KSW8	uc002gqw.2	protein_coding	0	0	0	7	0	0	0	0	6	0	0	0	0	0	0	0	0	0	0	1
J3KSX7	J3KSX7	uc002hha.3	protein_coding	0	0	0	2	0	0	0	0	2	0	0	0	0	0	0	0	0	0	0	0
J3KT20	J3KT20	uc010des.1	protein_coding	0	0	1	6	1	0	0	0	5	1	0	0	0	0	0	0	0	0	0	0
J3KT39	J3KT39	uc010cxa.1	protein_coding	0	0	0	1	0	0	0	0	0	0	0	0	0	0	0	0	0	0	0	1
J3KT41	J3KT41	uc002hqh.1	protein_coding	0	0	0	4	0	0	0	0	4	0	0	0	0	0	0	0	0	0	0	0
J3KT77	J3KT77	uc010cvx.3	protein_coding	0	0	0	2	1	0	0	0	1	0	0	0	0	0	0	0	0	0	0	0
J3KT91	J3KT91	uc031rbe.1	protein_coding	0	0	1	9	0	0	0	0	7	1	0	0	0	0	0	0	0	0	0	2
J3KT91	J3KT91	uc031rbi.1	protein_coding	0	0	1	9	0	0	0	2	5	1	0	0	0	0	0	0	0	0	0	2
J3KT91	J3KT91	uc031rbj.1	protein_coding	0	0	1	9	0	0	0	2	5	1	0	0	0	0	0	0	0	0	0	2
J3KT91	J3KT91	uc031rbl.1	protein_coding	0	0	1	9	0	0	0	2	5	1	0	0	0	0	0	0	0	0	0	2
J3KT95	J3KT95	uc010dcx.1	protein_coding	0	0	0	3	0	0	0	2	0	0	0	0	0	0	0	0	0	0	0	1
J3KT98	J3KT98	uc010cnw.1	protein_coding	0	0	1	7	0	0	0	3	2	1	0	0	0	0	0	0	0	0	0	2
J3KTA4	J3KTA4	uc010deh.2	protein_coding	0	1	0	12	0	0	1	4	4	0	0	0	0	1	0	0	0	0	0	4
J3KTC9	J3KTC9	uc010wpr.2	protein_coding	0	0	0	6	0	0	1	1	3	0	0	0	0	0	0	0	0	0	0	1
J3KTD8	J3KTD8	uc010vja.2	protein_coding	0	0	0	1	1	0	0	0	0	0	0	0	0	0	0	0	0	0	0	0
J3KTF7	J3KTF7	uc010vvz.2	protein_coding	0	0	0	13	3	0	0	0	9	0	0	0	0	0	0	0	0	0	0	1
J3KTG7	J3KTG7	uc002hfw.2	protein_coding	0	0	0	3	2	0	0	0	0	0	0	0	0	0	0	0	0	0	0	1
J3KTH2	J3KTH2	uc002kvt.4	protein_coding	0	2	0	6	0	0	0	0	6	0	0	0	0	0	0	0	0	0	2	0
J3KTH8	J3KTH8	uc010wep.2	protein_coding	0	0	0	12	2	0	2	3	5	0	0	0	0	0	0	0	0	0	0	0
J3KTN3	J3KTN3	uc002lfl.1	protein_coding	0	0	0	4	0	0	1	0	2	0	0	0	0	0	0	0	0	0	0	1
J3KTN9	J3KTN9	uc010dds.3	protein_coding	0	0	2	8	1	0	0	0	7	2	0	0	0	0	0	0	0	0	0	0
J3QK85	J3QK85	uc010vrq.2	protein_coding	0	0	1	8	0	0	0	0	6	1	0	0	0	0	0	0	0	0	0	2
J3QKK3	J3QKK3	uc010woa.1	protein_coding	0	0	0	3	0	0	0	0	3	0	0	0	0	0	0	0	0	0	0	0
J3QKM3	J3QKM3	uc002hfl.3	protein_coding	0	0	0	7	0	0	0	0	7	0	0	0	0	0	0	0	0	0	0	0
J3QKN3	J3QKN3	uc010ddt.3	protein_coding	0	0	0	4	1	0	0	0	2	0	0	0	0	0	0	0	0	0	0	1
J3QKP9	J3QKP9	uc010wvi.1	protein_coding	0	3	0	5	0	0	0	3	2	0	0	0	0	0	0	0	0	0	3	0
J3QKS7	J3QKS7	uc010wfj.1	protein_coding	0	0	0	2	0	0	0	0	1	0	0	0	0	0	0	0	0	0	0	1
J3QKU0	J3QKU0	uc010cvz.3	protein_coding	0	0	0	8	0	0	0	0	8	0	0	0	0	0	0	0	0	0	0	0
J3QKX4	J3QKX4	uc021ubo.1	protein_coding	0	0	1	7	3	0	0	1	3	1	0	0	0	0	0	0	0	0	0	0
J3QKX9	J3QKX9	uc002lce.4	protein_coding	0	0	1	21	0	0	1	0	16	1	0	0	0	0	0	0	0	0	0	4
J3QL09	J3QL09	uc031qzk.1	protein_coding	0	0	0	3	0	0	0	2	1	0	0	0	0	0	0	0	0	0	0	0
J3QL11	J3QL11	uc010dkv.3	protein_coding	0	3	0	43	0	0	1	0	43	0	0	0	0	1	0	0	0	0	2	0
J3QL25	J3QL25	uc002jgx.1	protein_coding	0	0	1	2	0	0	0	1	1	1	0	0	0	0	0	0	0	0	0	0
J3QL51	J3QL51	uc002ldm.2	protein_coding	0	0	1	7	0	0	0	0	3	1	0	0	0	0	0	0	0	0	0	4
J3QL66	J3QL66	uc002hva.3	protein_coding	0	0	0	2	0	0	0	1	0	0	0	0	0	0	0	0	0	0	0	1
J3QL92	J3QL92	uc010dkw.1	protein_coding	0	0	3	5	1	0	0	0	1	3	0	0	0	0	0	0	0	0	0	3
J3QLC4	J3QLC4	uc002ghr.1	protein_coding	0	0	0	1	0	0	0	0	0	0	0	0	0	0	0	0	0	0	0	1
J3QLG3	J3QLG3	uc031qzd.1	protein_coding	0	1	0	7	0	0	0	2	4	0	0	0	0	0	0	0	0	0	1	1
J3QLK5	J3QLK5	uc002izx.4	protein_coding	0	0	0	6	0	0	0	0	6	0	0	0	0	0	0	0	0	0	0	0
J3QLM0	J3QLM0	uc010din.3	protein_coding	0	0	0	10	0	0	0	1	1	0	0	0	0	0	0	0	0	0	0	8
J3QLU7	J3QLU7	uc010vmk.2	protein_coding	0	0	0	11	3	0	0	3	4	0	0	0	0	0	0	0	0	0	0	1
J3QLU7	J3QLU7	uc031qwz.1	protein_coding	0	0	0	11	3	0	0	3	4	0	0	0	0	0	0	0	0	0	0	1
J3QLU9	J3QLU9	uc010cwb.3	protein_coding	0	3	0	3	0	0	0	0	2	0	0	0	0	0	0	0	0	0	3	1
J3QQK8	J3QQK8	uc002gnd.1	protein_coding	0	0	0	5	2	0	0	0	2	0	0	0	0	0	0	0	0	0	0	1
J3QQU3	J3QQU3	uc002hdk.1	protein_coding	0	0	0	1	0	0	0	1	0	0	0	0	0	0	0	0	0	0	0	0
J3QQW9	J3QQW9	uc002hgt.2	protein_coding	0	0	0	10	0	0	0	1	9	0	0	0	0	0	0	0	0	0	0	0
J3QQY8	J3QQY8	uc002inc.1	protein_coding	0	0	0	5	0	0	2	1	1	0	0	0	0	0	0	0	0	0	0	1
J3QR20	J3QR20	uc002jgc.4	protein_coding	0	0	0	10	0	0	0	0	10	0	0	0	0	0	0	0	0	0	0	0
J3QR92	J3QR92	uc010wpu.2	protein_coding	0	1	0	7	3	0	0	1	3	0	0	0	0	0	0	0	0	0	1	0
J3QRA5	J3QRA5	uc010cdw.1	protein_coding	0	0	0	3	1	0	0	1	1	0	0	0	0	0	0	0	0	0	0	0
J3QRB6	J3QRB6	uc002jbh.3	protein_coding	0	1	0	7	1	0	0	2	4	0	0	0	0	0	0	0	0	0	1	0
J3QRB8	J3QRB8	uc010vyu.2	protein_coding	0	1	0	4	0	1	2	1	0	0	0	0	0	0	0	0	0	0	0	1
J3QRE2	J3QRE2	uc010cew.1	protein_coding	0	0	0	2	0	0	0	1	1	0	0	0	0	0	0	0	0	0	0	0
J3QRK4	J3QRK4	uc002jfj.1	protein_coding	0	0	0	1	0	0	0	1	0	0	0	0	0	0	0	0	0	0	0	0
J3QRN1	J3QRN1	uc002jod.4	protein_coding	0	0	0	19	0	0	1	11	7	0	0	0	0	0	0	0	0	0	0	0
J3QRN6	J3QRN6	uc002hhp.1	protein_coding	0	1	0	3	0	0	0	0	4	0	0	0	0	1	0	0	0	0	0	0
J3QRR1	J3QRR1	uc002kuv.3	protein_coding	0	0	0	1	0	0	0	0	0	0	0	0	0	0	0	0	0	0	0	1
J3QRS3	J3QRS3	uc002kls.3	protein_coding	0	0	0	7	0	0	0	0	6	0	0	0	0	0	0	0	0	0	0	1
J3QRS9	J3QRS9	uc002hhk.1	protein_coding	0	0	0	2	0	0	0	0	2	0	0	0	0	0	0	0	0	0	0	0
J3QRU3	J3QRU3	uc010dcy.2	protein_coding	0	0	0	3	0	0	0	1	2	0	0	0	0	0	0	0	0	0	0	0
J3QRV5	J3QRV5	uc010dgg.2	protein_coding	0	3	4	32	2	0	0	0	32	4	0	0	0	2	0	0	0	0	1	0
J3QRV5	J3QRV5	uc010wsd.2	protein_coding	0	3	4	30	2	0	0	0	22	4	0	0	0	2	0	0	0	0	1	8
J3QRY7	J3QRY7	uc002job.4	protein_coding	0	0	0	21	0	0	1	11	2	0	0	0	0	0	0	0	0	0	0	7
J3QRZ5	J3QRZ5	uc002kkg.1	protein_coding	0	1	0	8	0	0	0	2	6	0	0	0	0	0	0	0	0	0	1	0
J3QS41	J3QS41	uc010wqk.2	protein_coding	0	2	2	20	4	0	0	1	16	2	0	0	0	1	0	0	0	0	1	0
J3QS60	J3QS60	uc002glb.2	protein_coding	0	0	0	2	1	0	0	1	0	0	0	0	0	0	0	0	0	0	0	0
J3QS93	J3QS93	uc010dpf.2	protein_coding	0	0	1	17	1	0	0	0	16	1	0	0	0	0	0	0	0	0	0	0
J3QSA1	J3QSA1	uc002kxe.2	protein_coding	0	0	1	6	0	0	0	1	3	1	0	0	0	0	0	0	0	0	0	2
J3QSA1	J3QSA1	uc021uio.1	protein_coding	0	0	1	6	0	0	0	1	3	1	0	0	0	0	0	0	0	0	0	2
J3QSB4	J3QSB4	uc002fno.2	protein_coding	0	0	0	5	0	0	0	0	5	0	0	0	0	0	0	0	0	0	0	0
J3QSF1	J3QSF1	uc002jel.1	protein_coding	0	0	0	9	0	0	0	0	0	0	0	0	0	0	0	0	0	0	0	9
J3QSG8	J3QSG8	uc002gzn.3	protein_coding	0	0	0	4	0	0	0	0	3	0	0	0	0	0	0	0	0	0	0	1
J3QSY2	J3QSY2	uc021uem.1	protein_coding	0	5	5	27	0	0	0	2	24	5	0	0	0	0	0	0	0	0	5	1
J3QSZ2	J3QSZ2	uc010clx.1	protein_coding	0	0	0	4	0	0	1	1	2	0	0	0	0	0	0	0	0	0	0	0
J3QSZ9	J3QSZ9	uc002bma.1	protein_coding	0	5	1	5	0	0	0	0	5	1	0	0	0	0	0	0	0	0	5	0
J3QT06	J3QT06	uc021ubn.1	protein_coding	0	0	2	10	2	0	0	5	0	2	0	0	0	0	0	0	0	0	0	3
J3QT32	J3QT32	uc002gli.4	protein_coding	0	0	0	4	1	0	1	0	2	0	0	0	0	0	0	0	0	0	0	0
J3QT56	J3QT56	uc001ztg.1	protein_coding	0	0	0	6	1	0	0	0	0	0	0	0	0	0	0	0	0	0	0	5
J3QT61	J3QT61	uc002hcx.1	protein_coding	0	0	0	3	0	0	0	2	0	0	0	0	0	0	0	0	0	0	0	1
J3QTJ5	J3QTJ5	uc010wqg.1	protein_coding	0	0	2	8	0	0	0	0	8	2	0	0	0	0	0	0	0	0	0	0
J3QTP8	J3QTP8	uc002jyg.1	protein_coding	1	1	5	21	0	0	1	2	17	5	0	0	0	1	1	0	0	0	1	1
J7M3T8	J7M3T8	uc031qsq.1	protein_coding	0	0	0	7	0	0	0	0	6	0	0	0	0	0	0	0	0	0	0	1
J7MDH3	J7MDH3	uc031qsp.1	protein_coding	0	0	0	8	0	0	0	1	6	0	0	0	0	0	0	0	0	0	0	1
J9JIC7	J9JIC7	uc010dcn.1	protein_coding	0	2	0	5	0	0	0	0	4	0	0	0	0	0	0	0	0	0	2	1
J9JID4	J9JID4	uc010wpl.2	protein_coding	0	2	0	11	0	0	1	0	9	0	0	0	0	0	0	0	0	0	2	1
J9JID4	J9JID4	uc010wpm.2	protein_coding	0	2	0	11	0	0	1	0	9	0	0	0	0	0	0	0	0	0	2	1
J9JID8	J9JID8	uc010cvl.3	protein_coding	0	0	0	2	0	0	0	0	2	0	0	0	0	0	0	0	0	0	0	0
J9JIF2	J9JIF2	uc010dqw.2	protein_coding	0	0	0	1	1	0	0	0	0	0	0	0	0	0	0	0	0	0	0	0
J9JIF8	J9JIF8	uc002kxz.2	protein_coding	0	1	0	23	2	0	0	0	22	0	0	0	0	1	0	0	0	0	0	0
J9JIH9	J9JIH9	uc002hgy.3	protein_coding	0	0	0	2	0	0	0	0	2	0	0	0	0	0	0	0	0	0	0	0
K4DID9	K4DID9	uc010wdc.2	protein_coding	0	1	0	5	0	0	0	0	5	0	0	0	0	0	0	0	0	0	1	0
NP_000079	NP_000079	uc002iqm.3	protein_coding	0	2	1	29	2	0	0	3	23	1	0	0	0	1	0	0	0	0	1	2
NP_000129	NP_000129	uc001zwx.2	protein_coding	0	3	1	24	4	0	0	0	21	1	0	0	0	1	0	0	0	0	2	0
NP_000237	NP_000237	uc002dai.4	protein_coding	0	2	5	29	1	0	0	1	25	5	0	0	0	0	0	0	0	0	2	2
NP_000250	NP_000250	uc002aby.2	protein_coding	0	3	2	24	2	0	0	0	22	2	0	0	0	0	0	0	0	0	3	0
NP_000330	NP_000330	uc002ekd.4	protein_coding	0	3	1	13	0	0	0	0	12	1	0	0	0	1	0	0	0	0	2	2
NP_000412	NP_000412	uc002hvi.3	protein_coding	0	0	3	5	0	0	0	0	4	3	0	0	0	0	0	0	0	0	0	1
NP_000517	NP_000517	uc002hxf.2	protein_coding	0	5	2	3	0	0	0	0	2	2	0	0	0	0	0	0	0	0	5	1
NP_000928	NP_000928	uc002ghf.4	protein_coding	0	1	1	2	0	0	0	0	2	1	0	0	0	0	0	0	0	0	1	0
NP_000933	NP_000933	uc010bgx.1	protein_coding	0	0	0	1	0	0	0	1	0	0	0	0	0	0	0	0	0	0	0	0
NP_001002033	NP_001002033	uc002jmz.1	protein_coding	0	0	0	4	0	0	0	1	3	0	0	0	0	0	0	0	0	0	0	0
NP_001002843	NP_001002843	uc002adv.3	protein_coding	0	2	1	8	1	0	0	0	7	1	0	0	0	0	0	0	0	0	2	0
NP_001003788	NP_001003788	uc002jbn.3	protein_coding	0	0	0	6	0	0	1	1	3	0	0	0	0	0	0	0	0	0	0	1
NP_001005862	NP_001005862	uc002hsm.3	protein_coding	0	3	0	4	0	0	0	0	3	0	0	0	0	0	0	0	0	0	3	1
NP_001005920	NP_001005920	uc002ciw.1	protein_coding	0	0	0	3	1	0	0	1	0	0	0	0	0	0	0	0	0	0	0	1
NP_001007025	NP_001007025	uc002hff.3	protein_coding	0	0	0	3	1	0	0	1	0	0	0	0	0	0	0	0	0	0	0	1
NP_001008240	NP_001008240	uc002lbx.3	protein_coding	0	0	0	2	2	0	0	0	0	0	0	0	0	0	0	0	0	0	0	0
NP_001009606	NP_001009606	uc002cnf.3	protein_coding	0	1	3	6	0	0	0	3	2	3	0	0	0	0	0	0	0	0	1	1
NP_001009944	NP_001009944	uc002cos.1	protein_coding	0	17	7	29	1	0	0	6	23	7	0	0	0	1	0	0	0	0	16	0
NP_001010000	NP_001010000	uc002kne.3	protein_coding	0	2	2	13	2	0	0	0	11	2	0	0	0	0	0	0	0	0	2	0
NP_001010845	NP_001010845	uc010bwe.3	protein_coding	0	0	3	6	1	0	0	0	5	3	0	0	0	0	0	0	0	0	0	0
NP_001012270	NP_001012270	uc002jve.1	protein_coding	0	0	0	1	0	0	0	1	0	0	0	0	0	0	0	0	0	0	0	0
NP_001012271	NP_001012271	uc002jvd.2	protein_coding	0	0	0	1	0	0	0	1	0	0	0	0	0	0	0	0	0	0	0	0
NP_001013725	NP_001013725	uc001zko.1	protein_coding	0	1	0	16	0	0	0	5	10	0	0	0	0	1	0	0	0	0	0	2
NP_001013865	NP_001013865	uc002afo.3	protein_coding	0	2	0	4	0	1	1	0	3	0	0	0	0	0	0	0	0	0	1	0
NP_001014435	NP_001014435	uc002eqj.3	protein_coding	0	0	0	2	0	0	0	0	2	0	0	0	0	0	0	0	0	0	0	0
NP_001014444	NP_001014444	uc002dil.3	protein_coding	0	1	0	8	0	0	0	0	8	0	0	0	0	0	0	0	0	0	1	0
NP_001014985	NP_001014985	uc002fza.2	protein_coding	0	1	1	1	0	0	0	0	0	1	0	0	0	1	0	0	0	0	1	1
NP_001015002	NP_001015002	uc002jog.1	protein_coding	0	0	0	23	0	0	0	6	13	0	0	0	0	0	0	0	0	0	0	4
NP_001015002	NP_001015002	uc010dgf.1	protein_coding	0	0	0	23	0	0	0	6	13	0	0	0	0	0	0	0	0	0	0	4
NP_001015054	NP_001015054	uc002cfm.4	protein_coding	0	1	0	10	0	0	0	5	5	0	0	0	0	0	0	0	0	0	1	0
NP_001018099	NP_001018099	uc002ago.4	protein_coding	0	1	0	13	3	0	0	0	10	0	0	0	0	0	0	0	0	0	1	0
NP_001018170	NP_001018170	uc002eqg.3	protein_coding	0	0	0	4	0	0	0	0	4	0	0	0	0	0	0	0	0	0	0	0
NP_001026885	NP_001026885	uc002aqo.2	protein_coding	0	1	1	5	0	0	0	0	5	1	0	0	0	0	0	0	0	0	1	0
NP_001028174	NP_001028174	uc002gbq.2	protein_coding	0	0	0	9	0	0	3	0	4	0	0	0	0	0	0	0	0	0	0	2
NP_001030013	NP_001030013	uc002dft.3	protein_coding	0	0	0	1	1	0	0	0	0	0	0	0	0	0	0	0	0	0	0	0
NP_001033073	NP_001033073	uc021uey.1	protein_coding	0	2	0	5	0	0	0	0	0	0	0	0	0	0	0	0	0	0	2	5
NP_001033707	NP_001033707	uc002kff.4	protein_coding	0	1	0	6	0	0	0	0	6	0	0	0	0	0	0	0	0	0	1	0
NP_001033793	NP_001033793	uc002iwq.2	protein_coding	0	1	1	1	0	0	0	0	0	1	0	0	0	0	0	0	0	0	1	1
NP_001034271	NP_001034271.2	uc002dxb.3	protein_coding	0	0	0	1	0	0	0	0	0	0	0	0	0	0	0	0	0	0	0	1
NP_001034565	NP_001034565	uc002cfq.3	protein_coding	0	0	2	18	0	0	0	3	15	2	0	0	0	0	0	0	0	0	0	0
NP_001034792	NP_001034792	uc031poc.1	protein_coding	0	0	0	1	0	0	0	0	1	0	0	0	0	0	0	0	0	0	0	0
NP_001035022	NP_001035022	uc002jdp.1	protein_coding	0	1	0	5	3	0	0	0	2	0	0	0	0	0	0	0	0	0	1	0
NP_001035091	NP_001035091	uc002ieb.3	protein_coding	0	0	0	3	1	0	0	0	2	0	0	0	0	0	0	0	0	0	0	0
NP_001035375	NP_001035375	uc002efz.3	protein_coding	0	0	0	6	4	0	0	0	1	0	0	0	0	0	0	0	0	0	0	1
NP_001035517	NP_001035517	uc002cmz.3	protein_coding	0	2	0	44	2	1	1	0	28	0	0	0	0	0	0	0	0	0	1	13
NP_001035706	NP_001035706	uc002bwd.3	protein_coding	0	3	3	9	0	0	2	1	2	3	0	0	0	0	0	0	0	0	3	4
NP_001035706	NP_001035706	uc002bwg.3	protein_coding	0	5	5	9	0	0	0	1	7	5	0	0	0	0	0	0	0	0	5	1
NP_001035948	NP_001035948	uc002dqd.1	protein_coding	0	0	0	1	0	0	0	0	0	0	0	0	0	0	0	0	0	0	0	1
NP_001035960	NP_001035960	uc001zia.3	protein_coding	0	3	0	22	4	0	0	3	10	0	0	0	0	1	0	0	0	0	3	5
NP_001035960	NP_001035960	uc001zid.3	protein_coding	0	3	0	23	4	0	0	3	10	0	0	0	0	1	0	0	0	0	3	6
NP_001070884	NP_001070884	uc002fek.4	protein_coding	0	1	1	0	0	0	0	0	0	1	0	0	0	0	0	0	0	0	1	0
NP_001073001	NP_001073001	uc002bir.3	protein_coding	0	2	0	3	0	0	0	0	3	0	0	0	0	0	0	0	0	0	2	0
NP_001073315	NP_001073315	uc002cvw.3	protein_coding	0	0	0	1	0	0	0	0	1	0	0	0	0	0	0	0	0	0	0	0
NP_001075956	NP_001075956	uc002etr.4	protein_coding	0	1	1	1	0	0	0	0	1	1	0	0	0	0	0	0	0	0	1	0
NP_001077081	NP_001077081	uc010ble.3	protein_coding	0	0	0	3	0	0	0	1	2	0	0	0	0	0	0	0	0	0	0	0
NP_001078899	NP_001078899	uc002iuq.4	protein_coding	0	0	0	3	0	0	0	0	1	0	0	0	0	0	0	0	0	0	0	2
NP_001093243	NP_001093243	uc002axs.2	protein_coding	0	0	0	1	0	0	0	0	0	0	0	0	0	0	0	0	0	0	0	1
NP_001093243	NP_001093243	uc010bjm.1	protein_coding	0	0	0	1	0	0	0	0	0	0	0	0	0	0	0	0	0	0	0	1
NP_001094091	NP_001094091	uc002jjl.4	protein_coding	0	1	4	20	3	0	0	4	13	4	0	0	0	0	0	0	0	0	1	0
NP_001094092	NP_001094092	uc002jjk.1	protein_coding	0	1	5	16	0	0	0	4	12	5	0	0	0	0	0	0	0	0	1	0
NP_001096134	NP_001096134	uc002gvf.4	protein_coding	0	0	1	5	1	0	0	1	3	1	0	0	0	0	0	0	0	0	0	0
NP_001096138	NP_001096138	uc002bdv.4	protein_coding	0	1	0	6	0	0	0	0	6	0	0	0	0	0	0	0	0	0	1	0
NP_001096138	NP_001096138	uc002bdx.4	protein_coding	0	1	0	6	0	0	0	0	6	0	0	0	0	0	0	0	0	0	1	0
NP_001099041	NP_001099041	uc010cof.3	protein_coding	0	0	0	2	0	0	0	0	2	0	0	0	0	0	0	0	0	0	0	0
NP_001106966	NP_001106966	uc002jtt.4	protein_coding	0	0	1	46	3	0	0	1	42	1	0	0	0	0	0	0	0	0	0	0
NP_001106968	NP_001106968	uc002jty.4	protein_coding	0	0	1	26	3	0	0	1	22	1	0	0	0	0	0	0	0	0	0	0
NP_001106968	NP_001106968	uc010wtm.2	protein_coding	0	0	1	26	3	0	0	1	22	1	0	0	0	0	0	0	0	0	0	0
NP_001106968	NP_001106968	uc010wtn.2	protein_coding	0	0	1	26	3	0	0	1	22	1	0	0	0	0	0	0	0	0	0	0
NP_001108086	NP_001108086	uc002bnh.4	protein_coding	0	0	1	2	0	0	0	0	2	1	0	0	0	0	0	0	0	0	0	0
NP_001116429	NP_001116429	uc002eav.5	protein_coding	0	0	0	1	0	0	0	0	1	0	0	0	0	0	0	0	0	0	0	0
NP_001119574	NP_001119574	uc010cgm.3	protein_coding	0	0	0	10	0	0	0	3	5	0	0	0	0	0	0	0	0	0	0	2
NP_001119574	NP_001119574	uc021tld.1	protein_coding	0	0	1	9	0	0	0	3	4	1	0	0	0	0	0	0	0	0	0	2
NP_001119579	NP_001119579	uc010ccn.3	protein_coding	0	3	1	13	0	0	0	0	12	1	0	0	0	1	0	0	0	0	2	2
NP_001119580	NP_001119580	uc010ccm.3	protein_coding	0	3	1	13	0	0	0	0	12	1	0	0	0	1	0	0	0	0	2	2
NP_001119590	NP_001119590	uc031qyq.1	protein_coding	1	0	1	6	0	0	1	0	3	1	0	1	0	0	0	0	0	0	0	3
NP_001121364	NP_001121364	uc021tid.1	protein_coding	0	1	0	3	1	0	0	0	1	0	0	0	0	0	0	0	0	0	1	1
NP_001121364	NP_001121364	uc021tif.1	protein_coding	0	1	1	2	0	0	0	0	2	1	0	0	0	0	0	0	0	0	1	0
NP_001123230	NP_001123230	uc010cex.3	protein_coding	0	0	0	2	0	0	0	0	2	0	0	0	0	0	0	0	0	0	0	0
NP_001123478	NP_001123478	uc002dbu.3	protein_coding	0	1	1	4	0	0	0	0	4	1	0	0	0	0	0	0	0	0	1	0
NP_001124303	NP_001124303	uc002gmi.2	protein_coding	0	2	0	24	6	0	0	1	17	0	0	0	0	0	0	0	0	0	2	0
NP_001124390	NP_001124390	uc021tzm.1	protein_coding	0	0	1	6	0	0	0	0	6	1	0	0	0	0	0	0	0	0	0	0
NP_001127945	NP_001127945	uc002fiw.3	protein_coding	0	1	1	16	2	0	0	1	13	1	0	0	0	0	0	0	0	0	1	0
NP_001127949	NP_001127949	uc010uzc.2	protein_coding	0	0	0	1	0	0	0	0	1	0	0	0	0	0	0	0	0	0	0	0
NP_001128658	NP_001128658	uc002ioq.1	protein_coding	0	0	1	4	0	0	0	1	2	1	0	0	0	0	0	0	0	0	0	1
NP_001129578	NP_001129578	uc002eoq.3	protein_coding	0	0	0	3	0	0	0	0	3	0	0	0	0	0	0	0	0	0	0	0
NP_001135444	NP_001135444	uc001zjb.2	protein_coding	0	0	0	1	0	0	0	0	1	0	0	0	0	0	0	0	0	0	0	0
NP_001135747	NP_001135747	uc001yve.3	protein_coding	0	1	0	6	5	0	0	0	1	0	0	0	0	0	0	0	0	0	1	0
NP_001135760	NP_001135760	uc010vol.2	protein_coding	0	0	0	2	0	0	0	0	2	0	0	0	0	0	0	0	0	0	0	0
NP_001135922	NP_001135922	uc002drx.2	protein_coding	0	1	0	14	1	0	0	4	8	0	0	0	0	0	0	0	0	0	1	1
NP_001135941	NP_001135941	uc002ddp.3	protein_coding	0	1	0	18	2	1	1	1	14	0	0	0	0	0	0	0	0	0	0	0
NP_001136077	NP_001136077	uc010wje.1	protein_coding	0	1	0	19	1	0	0	3	15	0	0	0	0	1	0	0	0	0	0	1
NP_001136096	NP_001136096	uc010wat.1	protein_coding	0	0	0	2	0	0	0	2	0	0	0	0	0	0	0	0	0	0	0	0
NP_001136115	NP_001136115	uc010wsc.3	protein_coding	0	1	1	21	1	0	0	4	15	1	0	0	0	1	0	0	0	0	0	2
NP_001137298	NP_001137298	uc010xcb.3	protein_coding	0	0	0	1	0	0	0	0	1	0	0	0	0	0	0	0	0	0	0	0
NP_001137298	NP_001137298	uc010xcd.3	protein_coding	0	0	0	1	0	0	0	0	1	0	0	0	0	0	0	0	0	0	0	0
NP_001137473	NP_001137473	uc010wti.2	protein_coding	0	1	1	8	3	0	0	0	5	1	0	0	0	0	0	0	0	0	1	0
NP_001138238	NP_001138238	uc002hyp.3	protein_coding	0	1	0	10	0	0	1	5	4	0	0	0	0	1	0	0	0	0	0	1
NP_001138238	NP_001138238	uc010wgb.2	protein_coding	0	1	0	10	0	0	0	5	4	0	0	0	0	1	0	0	0	0	0	2
NP_001138438	NP_001138438	uc002lhd.2	protein_coding	0	0	0	14	0	0	0	1	13	0	0	0	0	0	0	0	0	0	0	0
NP_001138438	NP_001138438	uc002lhg.3	protein_coding	0	0	0	11	0	0	0	1	10	0	0	0	0	0	0	0	0	0	0	0
NP_001138438	NP_001138438	uc010xee.1	protein_coding	0	0	0	15	0	0	0	1	13	0	0	0	0	0	0	0	0	0	0	1
NP_001138525	NP_001138525	uc010wbj.2	protein_coding	0	1	5	8	0	0	0	0	7	5	0	0	0	0	0	0	0	0	1	1
NP_001138576	NP_001138576	uc010ujt.2	protein_coding	0	0	0	8	2	0	0	1	3	0	0	0	0	0	0	0	0	0	0	2
NP_001138629	NP_001138629	uc010urj.2	protein_coding	0	0	0	1	1	0	0	0	0	0	0	0	0	0	0	0	0	0	0	0
NP_001138629	NP_001138629	uc010urk.2	protein_coding	0	0	0	1	1	0	0	0	0	0	0	0	0	0	0	0	0	0	0	0
NP_001138944	NP_001138944	uc002lcf.4	protein_coding	0	0	2	21	0	0	0	0	17	2	0	0	0	0	0	0	0	0	0	4
NP_001139017	NP_001139017	uc010vcm.2	protein_coding	0	0	0	3	2	0	0	0	0	0	0	0	0	0	0	0	0	0	0	1
NP_001139245	NP_001139245	uc010vht.1	protein_coding	0	1	0	6	2	0	0	0	4	0	0	0	0	0	0	0	0	0	1	0
NP_001139280	NP_001139280	uc002ebr.3	protein_coding	0	1	2	20	2	0	0	1	16	2	0	0	0	0	0	0	0	0	1	1
NP_001139433	NP_001139433	uc010vki.1	protein_coding	0	0	0	2	0	0	0	0	2	0	0	0	0	0	0	0	0	0	0	0
NP_001139502	NP_001139502	uc010ulk.2	protein_coding	0	0	0	1	0	0	0	0	1	0	0	0	0	0	0	0	0	0	0	0
NP_001151733	NP_001151733	uc002glo.3	protein_coding	0	0	0	13	0	0	0	0	11	0	0	0	0	0	0	0	0	0	0	2
NP_001152852	NP_001152852	uc010voo.2	protein_coding	0	0	1	21	0	0	0	18	3	1	0	0	0	0	0	0	0	0	0	0
NP_001152860	NP_001152860	uc010wlt.1	protein_coding	1	1	0	6	0	0	0	0	5	0	0	0	0	0	0	1	0	0	1	1
NP_001152980	NP_001152980	uc001zlr.2	protein_coding	0	0	0	7	1	0	0	0	2	0	0	0	0	0	0	0	0	0	0	4
NP_001153218	NP_001153218	uc002fse.4	protein_coding	0	2	0	48	3	0	0	4	42	0	0	0	0	1	0	0	0	0	1	0
NP_001153585	NP_001153585	uc010uor.1	protein_coding	0	0	2	2	0	0	0	1	1	2	0	0	0	0	0	0	0	0	0	0
NP_001153586	NP_001153586	uc010uop.2	protein_coding	0	0	2	2	1	0	0	0	1	2	0	0	0	0	0	0	0	0	0	0
NP_001153718	NP_001153718	uc002gbu.2	protein_coding	0	0	0	9	0	0	3	0	4	0	0	0	0	0	0	0	0	0	0	2
NP_001153718	NP_001153718	uc002gbw.2	protein_coding	0	0	0	9	0	0	3	0	4	0	0	0	0	0	0	0	0	0	0	2
NP_001153836	NP_001153836	uc010vap.2	protein_coding	0	0	0	21	0	0	0	3	18	0	0	0	0	0	0	0	0	0	0	0
NP_001153839	NP_001153839	uc002foe.3	protein_coding	0	0	0	9	0	0	0	3	6	0	0	0	0	0	0	0	0	0	0	0
NP_001153839	NP_001153839	uc002foh.4	protein_coding	0	0	0	9	0	0	0	3	6	0	0	0	0	0	0	0	0	0	0	0
NP_001155843	NP_001155843	uc010vtc.2	protein_coding	0	1	1	3	2	0	0	0	0	1	0	0	0	0	0	0	0	0	1	1
NP_001157017	NP_001157017	uc002hoc.3	protein_coding	0	3	0	6	0	0	0	0	7	0	0	0	0	2	0	0	0	0	1	1
NP_001157018	NP_001157018	uc002hod.3	protein_coding	0	2	1	6	0	0	0	0	6	1	0	0	0	2	0	0	0	0	1	1
NP_001157018	NP_001157018	uc010cvd.1	protein_coding	0	0	0	2	0	0	0	0	2	0	0	0	0	0	0	0	0	0	0	0
NP_001157729	NP_001157729	uc002jdt.4	protein_coding	0	1	1	6	3	0	0	1	2	1	0	0	0	0	0	0	0	0	1	0
NP_001158238	NP_001158238	uc002fcl.3	protein_coding	0	3	0	10	0	0	0	0	11	0	0	0	0	1	0	0	0	0	2	0
NP_001158729	NP_001158729	uc010ufz.2	protein_coding	0	0	0	1	0	0	0	0	1	0	0	0	0	0	0	0	0	0	0	0
NP_001158889	NP_001158889	uc021tod.1	protein_coding	0	0	0	4	0	0	0	2	0	0	0	0	0	0	0	0	0	0	0	2
NP_001159	NP_001159	uc002jvg.3	protein_coding	0	0	1	0	0	0	0	0	0	1	0	0	0	0	0	0	0	0	0	0
NP_001159405	NP_001159405	uc021ubw.1	protein_coding	0	0	0	18	0	0	0	0	18	0	0	0	0	0	0	0	0	0	0	0
NP_001159761	NP_001159761	uc002bsq.2	protein_coding	0	1	1	19	2	0	0	6	8	1	0	0	0	0	0	0	0	0	1	3
NP_001159761	NP_001159761	uc021svs.1	protein_coding	0	2	1	19	2	1	1	6	8	1	0	0	0	0	0	0	0	0	1	2
NP_001159761	NP_001159761	uc021svt.1	protein_coding	0	2	1	19	2	1	1	6	8	1	0	0	0	0	0	0	0	0	1	2
NP_001159761	NP_001159761	uc021svu.1	protein_coding	0	1	1	22	2	0	1	6	13	1	0	0	0	0	0	0	0	0	1	0
NP_001161052	NP_001161052	uc010uqv.2	protein_coding	0	4	0	33	2	0	0	0	31	0	0	0	0	0	0	0	0	0	4	0
NP_001161374	NP_001161374	uc002bun.3	protein_coding	0	0	1	7	0	0	0	4	3	1	0	0	0	0	0	0	0	0	0	0
NP_001161413	NP_001161413	uc021skg.1	protein_coding	0	0	1	0	0	0	0	0	0	1	0	0	0	0	0	0	0	0	0	0
NP_001162	NP_001162	uc002den.4	protein_coding	0	6	4	30	0	0	0	0	29	4	0	0	0	1	0	0	0	0	5	2
NP_001164408	NP_001164408	uc002ebe.2	protein_coding	0	4	0	7	0	0	1	0	6	0	0	0	0	1	0	0	0	0	3	1
NP_001165287	NP_001165287	uc021tmn.1	protein_coding	0	1	0	4	0	1	1	0	1	0	0	0	0	0	0	0	0	0	0	2
NP_001166174	NP_001166174	uc002jnk.2	protein_coding	0	0	1	17	0	0	0	4	10	1	0	0	0	1	0	0	0	0	0	3
NP_001166174	NP_001166174	uc010wry.2	protein_coding	0	0	1	17	0	0	0	4	12	1	0	0	0	1	0	0	0	0	0	1
NP_001166932	NP_001166932	uc010con.3	protein_coding	0	0	0	5	1	0	0	0	2	0	0	0	0	0	0	0	0	0	0	2
NP_001171272	NP_001171272	uc002gkx.3	protein_coding	0	0	0	3	0	0	0	3	0	0	0	0	0	0	0	0	0	0	0	0
NP_001171528	NP_001171528	uc010wpj.2	protein_coding	0	1	0	7	0	0	0	0	4	0	0	0	0	0	0	0	0	0	1	3
NP_001171618	NP_001171618	uc021tww.1	protein_coding	0	0	0	12	2	0	1	3	6	0	0	0	0	0	0	0	0	0	0	0
NP_001177130	NP_001177130	uc002eqy.3	protein_coding	0	0	1	1	0	0	0	0	1	1	0	0	0	0	0	0	0	0	0	0
NP_001177386	NP_001177386	uc010bic.3	protein_coding	0	1	0	15	2	0	0	0	13	0	0	0	0	1	0	0	0	0	0	1
NP_001177386	NP_001177386	uc021spj.1	protein_coding	0	1	0	15	2	0	0	0	14	0	0	0	0	1	0	0	0	0	0	0
NP_001177750	NP_001177750	uc021ujr.1	protein_coding	0	0	0	5	0	0	0	1	4	0	0	0	0	0	0	0	0	0	0	0
NP_001177912	NP_001177912	uc021tee.1	protein_coding	0	0	0	5	0	0	0	0	2	0	0	0	0	0	0	0	0	0	0	3
NP_001178249	NP_001178249	uc021sgh.1	protein_coding	0	0	0	3	2	0	0	0	1	0	0	0	0	0	0	0	0	0	0	0
NP_001180317	NP_001180317	uc031qup.1	protein_coding	0	1	0	26	1	0	0	1	24	0	0	0	0	0	0	0	0	0	1	0
NP_001180381	NP_001180381	uc021tci.1	protein_coding	0	0	0	3	0	0	0	1	0	0	0	0	0	0	0	0	0	0	0	2
NP_001180394	NP_001180394	uc010dav.3	protein_coding	0	0	2	6	0	0	0	2	4	2	0	0	0	0	0	0	0	0	0	0
NP_001180541	NP_001180541	uc010ddh.2	protein_coding	0	0	0	6	0	0	1	1	4	0	0	0	0	0	0	0	0	0	0	0
NP_001180542	NP_001180542	uc010wol.2	protein_coding	0	0	0	6	0	0	0	1	5	0	0	0	0	0	0	0	0	0	0	0
NP_001181887	NP_001181887	uc021tss.1	protein_coding	0	31	26	305	88	1	6	64	111	26	0	0	0	1	0	0	0	1	28	37
NP_001182068	NP_001182068	uc002ezd.3	protein_coding	0	2	1	20	1	0	0	2	18	1	0	0	0	1	0	0	0	0	1	0
NP_001182121	NP_001182121	uc002ill.1	protein_coding	0	0	1	17	0	0	1	3	13	1	0	0	0	0	0	0	0	0	0	0
NP_001182147	NP_001182147	uc021ufk.1	protein_coding	0	1	0	3	0	0	0	1	2	0	0	0	0	0	0	0	0	0	1	0
NP_001184110	NP_001184110	uc002fpj.1	protein_coding	0	0	0	3	1	0	1	0	1	0	0	0	0	0	0	0	0	0	0	0
NP_001184110	NP_001184110	uc010ciz.1	protein_coding	0	0	0	6	1	0	0	0	2	0	0	0	0	0	0	0	0	0	0	3
NP_001184153	NP_001184153	uc021tjn.1	protein_coding	0	0	0	4	1	0	0	0	3	0	0	0	0	0	0	0	0	0	0	0
NP_001185465	NP_001185465	uc021tbw.1	protein_coding	0	4	0	10	0	0	0	0	10	0	0	0	0	0	0	0	0	0	4	0
NP_001185475	NP_001185475	uc010xbu.2	protein_coding	0	0	0	5	1	0	0	0	4	0	0	0	0	0	0	0	0	0	0	0
NP_001185478	NP_001185478	uc010xbs.2	protein_coding	0	0	0	5	1	0	0	0	4	0	0	0	0	0	0	0	0	0	0	0
NP_001185611	NP_001185611	uc021uae.1	protein_coding	0	0	0	5	1	0	0	0	1	0	0	0	0	0	0	0	0	0	0	3
NP_001185867	NP_001185867	uc010dmj.3	protein_coding	0	1	1	22	1	0	0	0	22	1	0	0	0	1	0	0	0	0	0	0
NP_001185951	NP_001185951	uc002dgl.4	protein_coding	0	3	3	10	1	0	0	2	7	3	0	0	0	0	0	0	0	0	3	0
NP_001186026	NP_001186026	uc010uuz.2	protein_coding	0	2	1	28	2	0	0	1	19	1	0	0	0	1	0	0	0	0	1	7
NP_001186054	NP_001186054	uc010vwv.2	protein_coding	0	0	0	9	0	0	0	2	5	0	0	0	0	0	0	0	0	0	0	2
NP_001186092	NP_001186092	uc002jcd.3	protein_coding	0	2	0	12	0	0	0	2	2	0	0	0	0	1	0	0	0	0	1	9
NP_001186104	NP_001186104	uc002cpb.3	protein_coding	0	0	0	9	0	0	0	8	1	0	0	0	0	0	0	0	0	0	0	0
NP_001186274	NP_001186274	uc010xdg.2	protein_coding	0	0	0	8	0	0	0	1	3	0	0	0	0	0	0	0	0	0	0	4
NP_001186285	NP_001186285	uc021ujt.1	protein_coding	0	0	1	7	0	0	0	0	3	1	0	0	0	0	0	0	0	0	0	4
NP_001186306	NP_001186306	uc010umw.2	protein_coding	0	3	1	13	1	0	0	1	11	1	0	0	0	0	0	0	0	0	3	0
NP_001186628	NP_001186628	uc002gcb.3	protein_coding	0	2	0	4	0	0	0	0	4	0	0	0	0	0	0	0	0	0	2	0
NP_001186687	NP_001186687	uc021srq.1	protein_coding	0	0	0	2	0	0	0	0	1	0	0	0	0	0	0	0	0	0	0	1
NP_001186807	NP_001186807	uc021skd.1	protein_coding	0	0	0	7	0	0	1	5	0	0	0	0	0	0	0	0	0	0	0	1
NP_001186814	NP_001186814	uc021skf.1	protein_coding	0	0	0	6	1	0	0	0	0	0	0	0	0	0	0	0	0	0	0	5
NP_001186828	NP_001186828	uc002iqb.3	protein_coding	0	0	0	7	0	0	0	0	6	0	0	0	0	0	0	0	0	0	0	1
NP_001186828	NP_001186828	uc021tzx.1	protein_coding	0	0	0	6	0	0	0	0	5	0	0	0	0	0	0	0	0	0	0	1
NP_001186829	NP_001186829	uc021tzw.1	protein_coding	0	0	0	6	0	0	1	5	0	0	0	0	0	0	0	0	0	0	0	0
NP_001188336	NP_001188336	uc021tms.1	protein_coding	0	5	3	7	0	0	0	0	7	3	0	0	0	0	0	0	0	0	5	0
NP_001188401	NP_001188401	uc010uxh.2	protein_coding	0	0	1	28	0	0	0	0	28	1	0	0	0	0	0	0	0	0	0	0
NP_001188485	NP_001188485	uc021tlc.1	protein_coding	0	0	0	6	0	0	0	2	4	0	0	0	0	0	0	0	0	0	0	0
NP_001189433	NP_001189433	uc021ult.1	protein_coding	0	4	0	13	1	0	1	1	10	0	0	0	0	1	0	0	0	0	3	0
NP_001189438	NP_001189438	uc002eps.4	protein_coding	0	0	0	2	0	0	0	1	0	0	0	0	0	0	0	0	0	0	0	1
NP_001191027	NP_001191027	uc021tjs.1	protein_coding	0	0	0	4	0	0	0	1	2	0	0	0	0	0	0	0	0	0	0	1
NP_001191028	NP_001191028	uc021tjt.1	protein_coding	0	0	0	4	0	0	0	1	2	0	0	0	0	0	0	0	0	0	0	1
NP_001191065	NP_001191065	uc002lem.4	protein_coding	0	0	0	8	0	0	0	0	3	0	0	0	0	0	0	0	0	0	0	5
NP_001191067	NP_001191067	uc021ukd.1	protein_coding	0	0	0	8	0	0	0	0	3	0	0	0	0	0	0	0	0	0	0	5
NP_001191069	NP_001191069	uc021uke.1	protein_coding	0	0	0	8	0	0	0	0	3	0	0	0	0	0	0	0	0	0	0	5
NP_001191070	NP_001191070	uc002leg.3	protein_coding	0	0	0	9	0	0	0	1	3	0	0	0	0	0	0	0	0	0	0	5
NP_001191072	NP_001191072	uc010xdj.2	protein_coding	0	0	0	8	0	0	0	0	3	0	0	0	0	0	0	0	0	0	0	5
NP_001191337	NP_001191337	uc010dhc.3	protein_coding	0	1	1	8	0	0	0	0	8	1	0	0	0	0	0	0	0	0	1	0
NP_001191337	NP_001191337	uc021udw.1	protein_coding	0	1	1	10	0	0	1	0	9	1	0	0	0	0	0	0	0	0	1	0
NP_001191627	NP_001191627	uc021tnt.1	protein_coding	0	1	0	8	1	0	0	5	2	0	0	0	0	0	0	0	0	0	1	0
NP_001193725	NP_001193725	uc010uki.2	protein_coding	0	0	0	3	0	0	0	1	2	0	0	0	0	0	0	0	0	0	0	0
NP_001193728	NP_001193728	uc010bit.1	protein_coding	0	0	0	3	0	0	0	1	1	0	0	0	0	0	0	0	0	0	0	1
NP_001193916	NP_001193916	uc002jst.3	protein_coding	0	0	0	7	0	0	0	6	1	0	0	0	0	0	0	0	0	0	0	0
NP_001193916	NP_001193916	uc021udm.1	protein_coding	0	0	0	7	0	0	0	6	1	0	0	0	0	0	0	0	0	0	0	0
NP_001193916	NP_001193916	uc021udn.1	protein_coding	0	0	0	7	0	0	0	6	1	0	0	0	0	0	0	0	0	0	0	0
NP_001193942	NP_001193942	uc002krn.3	protein_coding	0	0	0	9	1	0	0	0	8	0	0	0	0	0	0	0	0	0	0	0
NP_001193963	NP_001193963	uc010cab.3	protein_coding	0	2	1	7	0	1	2	2	0	1	0	0	0	0	0	0	0	0	1	3
NP_001193987	NP_001193987	uc010uja.2	protein_coding	0	0	0	2	0	0	0	1	1	0	0	0	0	0	0	0	0	0	0	0
NP_001201836	NP_001201836	uc021tgj.1	protein_coding	0	0	0	8	1	0	1	0	4	0	0	0	0	0	0	0	0	0	0	2
NP_001202	NP_001202	uc001zkx.4	protein_coding	0	4	3	10	1	0	1	0	8	3	0	0	0	0	0	0	0	0	4	0
NP_001205	NP_001205	uc002fqk.1	protein_coding	0	1	6	14	0	1	2	4	0	6	0	0	0	0	0	0	0	0	0	8
NP_001207419	NP_001207419	uc010vnt.2	protein_coding	0	2	0	39	0	0	0	0	39	0	0	0	0	0	0	0	0	0	2	0
NP_001229633	NP_001229633	uc021txr.1	protein_coding	0	2	0	6	0	0	0	1	3	0	0	0	0	0	0	0	0	0	2	2
NP_001229686	NP_001229686	uc021tmr.1	protein_coding	0	0	0	3	0	0	0	1	1	0	0	0	0	0	0	0	0	0	0	1
NP_001229692	NP_001229692	uc010wyx.2	protein_coding	0	1	0	13	0	0	0	0	13	0	0	0	0	0	0	0	0	0	1	0
NP_001229709	NP_001229709	uc021tmz.1	protein_coding	0	0	0	1	0	0	0	0	0	0	0	0	0	0	0	0	0	0	0	1
NP_001229725	NP_001229725	uc002ekb.3	protein_coding	0	1	0	10	0	0	0	0	10	0	0	0	0	0	0	0	0	0	1	0
NP_001229725	NP_001229725	uc010vhi.2	protein_coding	0	1	0	10	0	0	0	0	10	0	0	0	0	0	0	0	0	0	1	0
NP_001229733	NP_001229733	uc002lgu.2	protein_coding	0	0	0	12	1	0	0	2	9	0	0	0	0	0	0	0	0	0	0	0
NP_001229746	NP_001229746	uc002fpq.2	protein_coding	0	0	0	5	2	0	0	3	0	0	0	0	0	0	0	0	0	0	0	0
NP_001229746	NP_001229746	uc010vpq.2	protein_coding	0	0	0	6	2	0	0	3	1	0	0	0	0	0	0	0	0	0	0	0
NP_001229847	NP_001229847	uc021srv.1	protein_coding	0	0	0	1	0	0	0	0	1	0	0	0	0	0	0	0	0	0	0	0
NP_001229858	NP_001229858	uc021tck.1	protein_coding	0	0	0	4	0	0	0	0	4	0	0	0	0	0	0	0	0	0	0	0
NP_001230059	NP_001230059	uc021tmt.1	protein_coding	0	0	0	5	0	0	0	0	5	0	0	0	0	0	0	0	0	0	0	0
NP_001230066	NP_001230066	uc021stv.1	protein_coding	0	0	0	18	0	0	0	0	17	0	0	0	0	0	0	0	0	0	0	1
NP_001230088	NP_001230088	uc010vny.2	protein_coding	0	1	0	1	0	0	1	0	0	0	0	0	0	0	0	0	0	0	1	0
NP_001230089	NP_001230089	uc002fho.3	protein_coding	0	1	0	1	0	0	1	0	0	0	0	0	0	0	0	0	0	0	1	0
NP_001230162	NP_001230162	uc010xdu.1	protein_coding	0	1	0	15	2	0	0	0	12	0	0	0	0	0	0	0	0	0	1	1
NP_001230162	NP_001230162	uc010xdv.1	protein_coding	0	1	0	15	2	0	0	0	12	0	0	0	0	0	0	0	0	0	1	1
NP_001230162	NP_001230162	uc010xdw.1	protein_coding	0	1	0	15	2	0	0	0	13	0	0	0	0	0	0	0	0	0	1	0
NP_001230165	NP_001230165	uc021ukg.1	protein_coding	0	1	0	13	2	0	0	0	11	0	0	0	0	0	0	0	0	0	1	0
NP_001230176	NP_001230176	uc021szl.1	protein_coding	0	0	2	18	0	0	0	3	15	2	0	0	0	0	0	0	0	0	0	0
NP_001230241	NP_001230241	uc021trf.1	protein_coding	0	1	2	1	0	0	0	0	1	2	0	0	0	0	0	0	0	0	1	0
NP_001230261	NP_001230261	uc010vec.2	protein_coding	0	1	1	7	0	0	0	0	7	1	0	0	0	0	0	0	0	0	1	0
NP_001230402	NP_001230402	uc010vyr.2	protein_coding	0	1	0	2	0	0	0	0	2	0	0	0	0	0	0	0	0	0	1	0
NP_001230467	NP_001230467	uc021sib.1	protein_coding	0	0	0	1	0	0	0	0	0	0	0	0	0	0	0	0	0	0	0	1
NP_001230470	NP_001230470	uc021uei.1	protein_coding	0	1	1	7	0	1	1	2	4	1	0	0	0	0	0	0	0	0	0	0
NP_001230589	NP_001230589	uc021tlq.1	protein_coding	0	0	0	3	0	0	0	0	3	0	0	0	0	0	0	0	0	0	0	0
NP_001230675	NP_001230675	uc010wqp.2	protein_coding	0	0	2	5	0	0	1	2	2	2	0	0	0	0	0	0	0	0	0	0
NP_001230814	NP_001230814	uc021uac.1	protein_coding	0	1	0	0	0	0	0	0	0	0	0	0	0	0	0	0	0	0	1	0
NP_001230871	NP_001230871	uc002guo.2	protein_coding	0	0	0	15	1	0	1	0	13	0	0	0	0	0	0	0	0	0	0	0
NP_001230871	NP_001230871	uc010vyj.2	protein_coding	0	0	0	15	1	0	1	0	13	0	0	0	0	0	0	0	0	0	0	0
NP_001231684	NP_001231684	uc021tlr.1	protein_coding	0	1	0	4	1	0	0	1	1	0	0	0	0	0	0	0	0	0	1	1
NP_001238780	NP_001238780	uc021tqc.1	protein_coding	0	3	0	37	1	1	2	3	31	0	0	0	0	0	0	0	0	0	2	0
NP_001238781	NP_001238781	uc010cob.2	protein_coding	0	3	0	37	1	1	2	3	31	0	0	0	0	0	0	0	0	0	2	0
NP_001238782	NP_001238782	uc010coa.2	protein_coding	0	3	0	37	1	1	2	3	31	0	0	0	0	0	0	0	0	0	2	0
NP_001238784	NP_001238784	uc002glu.4	protein_coding	0	3	0	37	1	1	2	3	31	0	0	0	0	0	0	0	0	0	2	0
NP_001239004	NP_001239004	uc021tao.1	protein_coding	0	0	0	5	0	0	0	0	4	0	0	0	0	0	0	0	0	0	0	1
NP_001239005	NP_001239005	uc021tan.1	protein_coding	0	0	0	5	0	0	0	0	4	0	0	0	0	0	0	0	0	0	0	1
NP_001239056	NP_001239056	uc021skz.1	protein_coding	0	1	1	17	2	0	0	1	14	1	0	0	0	0	0	0	0	0	1	0
NP_001239126	NP_001239126	uc021tin.1	protein_coding	0	0	0	3	3	0	0	0	0	0	0	0	0	0	0	0	0	0	0	0
NP_001239306	NP_001239306	uc021ucw.1	protein_coding	0	0	0	3	0	0	0	2	1	0	0	0	0	0	0	0	0	0	0	0
NP_001239607	NP_001239607	uc002avc.3	protein_coding	0	2	1	8	0	0	0	0	8	1	0	0	0	1	0	0	0	0	1	1
NP_001240722	NP_001240722	uc021tcl.1	protein_coding	0	0	0	18	0	0	0	9	3	0	0	0	0	0	0	0	0	0	0	6
NP_001240722	NP_001240722	uc021tcn.1	protein_coding	0	0	0	12	0	0	0	9	3	0	0	0	0	0	0	0	0	0	0	0
NP_001240723	NP_001240723	uc002cxt.3	protein_coding	0	0	0	18	0	0	0	9	3	0	0	0	0	0	0	0	0	0	0	6
NP_001240723	NP_001240723	uc010btz.1	protein_coding	0	0	2	10	0	0	0	9	0	2	0	0	0	0	0	0	0	0	0	1
NP_001240723	NP_001240723	uc021tcm.1	protein_coding	0	0	0	12	0	0	0	9	3	0	0	0	0	0	0	0	0	0	0	0
NP_001241685	NP_001241685	uc002fxl.5	protein_coding	0	0	0	4	0	0	0	0	3	0	0	0	0	0	0	0	0	0	0	1
NP_001241685	NP_001241685	uc010cko.3	protein_coding	0	0	0	4	0	0	0	0	3	0	0	0	0	0	0	0	0	0	0	1
NP_001242944	NP_001242944	uc010wgn.2	protein_coding	0	0	0	8	0	0	0	4	1	0	0	0	0	0	0	0	0	0	0	3
NP_001242945	NP_001242945	uc031ral.1	protein_coding	0	0	0	8	0	0	0	4	1	0	0	0	0	0	0	0	0	0	0	3
NP_001243053	NP_001243053	uc031rek.1	protein_coding	0	2	2	6	0	0	0	0	3	2	0	0	0	0	0	0	0	0	2	3
NP_001243199	NP_001243199	uc010vdv.2	protein_coding	0	2	0	1	0	0	0	1	0	0	0	0	0	0	0	0	0	0	2	0
NP_001243199	NP_001243199	uc010vdw.1	protein_coding	0	2	0	1	0	0	0	1	0	0	0	0	0	0	0	0	0	0	2	0
NP_001243228	NP_001243228	uc002ijo.2	protein_coding	0	0	0	5	1	0	0	0	4	0	0	0	0	0	0	0	0	0	0	0
NP_001243228	NP_001243228	uc010daq.3	protein_coding	0	0	0	5	1	0	0	0	4	0	0	0	0	0	0	0	0	0	0	0
NP_001243228	NP_001243228	uc010wjx.2	protein_coding	0	0	0	7	1	0	0	0	6	0	0	0	0	0	0	0	0	0	0	0
NP_001243362	NP_001243362	uc031rex.1	protein_coding	0	1	0	17	0	0	0	1	8	0	0	0	0	1	0	0	0	0	0	9
NP_001243363	NP_001243363	uc002kci.2	protein_coding	0	1	0	17	0	0	0	1	8	0	0	0	0	1	0	0	0	0	0	9
NP_001243364	NP_001243364	uc002kce.2	protein_coding	0	2	0	17	0	1	2	1	6	0	0	0	0	1	0	0	0	0	0	9
NP_001243364	NP_001243364	uc010wvc.2	protein_coding	0	2	0	17	0	1	1	1	7	0	0	0	0	1	0	0	0	0	0	9
NP_001243481	NP_001243481	uc002bae.4	protein_coding	0	1	0	3	0	0	0	2	1	0	0	0	0	0	0	0	0	0	1	0
NP_001243601	NP_001243601	uc002awf.4	protein_coding	0	1	0	1	0	0	0	0	1	0	0	0	0	0	0	0	0	0	1	0
NP_001243649	NP_001243649	uc031qvg.1	protein_coding	0	1	0	8	1	0	0	0	6	0	0	0	0	0	0	0	0	0	1	1
NP_001243751	NP_001243751	uc002iwk.2	protein_coding	0	0	0	3	0	0	0	1	1	0	0	0	0	0	0	0	0	0	0	1
NP_001243751	NP_001243751	uc002iwl.2	protein_coding	0	0	0	3	0	0	0	1	1	0	0	0	0	0	0	0	0	0	0	1
NP_001243751	NP_001243751	uc010wnw.3	protein_coding	0	0	0	3	0	0	0	1	1	0	0	0	0	0	0	0	0	0	0	1
NP_001243758	NP_001243758	uc031qvt.1	protein_coding	0	0	0	8	0	0	0	8	0	0	0	0	0	0	0	0	0	0	0	0
NP_001243846	NP_001243846	uc031qxd.1	protein_coding	0	2	0	8	1	1	1	0	6	0	0	0	0	0	0	0	0	0	1	0
NP_001244104	NP_001244104	uc010vlx.3	protein_coding	0	1	0	10	0	0	0	0	9	0	0	0	0	0	0	0	0	0	1	1
NP_001244104	NP_001244104.2	uc010cfq.1	protein_coding	0	0	0	4	0	0	0	2	2	0	0	0	0	0	0	0	0	0	0	0
NP_001244258	NP_001244258	uc031qyc.1	protein_coding	0	0	0	5	0	0	0	0	5	0	0	0	0	0	0	0	0	0	0	0
NP_001244258	NP_001244258	uc031qyd.1	protein_coding	0	0	0	5	0	0	0	0	5	0	0	0	0	0	0	0	0	0	0	0
NP_001244263	NP_001244263	uc031rid.1	protein_coding	0	1	0	16	1	0	0	0	15	0	0	0	0	1	0	0	0	0	0	1
NP_001244264	NP_001244264	uc002lbs.2	protein_coding	0	1	0	16	1	0	0	0	15	0	0	0	0	1	0	0	0	0	0	1
NP_001244264	NP_001244264	uc010dnl.2	protein_coding	0	1	0	16	1	0	0	0	15	0	0	0	0	1	0	0	0	0	0	1
NP_001244299	NP_001244299	uc010brw.1	protein_coding	0	0	0	10	0	0	0	3	2	0	0	0	0	0	0	0	0	0	0	5
NP_001244899	NP_001244899	uc002jxv.3	protein_coding	0	1	1	14	0	0	0	6	8	1	0	0	0	0	0	0	0	0	1	0
NP_001244899	NP_001244899	uc031rer.1	protein_coding	0	1	1	14	0	0	0	6	8	1	0	0	0	0	0	0	0	0	1	0
NP_001244926	NP_001244926	uc002doo.4	protein_coding	0	3	5	9	2	0	0	0	7	5	0	0	0	0	0	0	0	0	3	0
NP_001244964	NP_001244964	uc002dkm.4	protein_coding	0	1	1	11	0	0	0	0	12	1	0	0	0	1	0	0	0	0	0	0
NP_001245151	NP_001245151	uc031rhu.1	protein_coding	0	0	0	12	2	0	0	1	9	0	0	0	0	0	0	0	0	0	0	0
NP_001245283	NP_001245283	uc010wjf.1	protein_coding	0	1	0	19	1	0	0	3	15	0	0	0	0	1	0	0	0	0	0	1
NP_001245302	NP_001245302	uc002ire.3	protein_coding	0	3	4	12	1	0	0	0	13	4	0	0	0	2	0	0	0	0	1	0
NP_001245327	NP_001245327	uc031raz.1	protein_coding	0	0	0	1	0	0	0	1	0	0	0	0	0	0	0	0	0	0	0	0
NP_001245328	NP_001245328	uc031raw.1	protein_coding	0	0	0	1	0	0	0	1	0	0	0	0	0	0	0	0	0	0	0	0
NP_001245342	NP_001245342	uc002dms.4	protein_coding	0	4	1	11	0	0	0	0	11	1	0	0	0	0	0	0	0	0	4	0
NP_001245342	NP_001245342	uc010bxt.4	protein_coding	0	4	1	11	0	0	0	0	11	1	0	0	0	0	0	0	0	0	4	0
NP_001245350	NP_001245350	uc001zmv.2	protein_coding	0	1	2	1	0	0	0	0	1	2	0	0	0	0	0	0	0	0	1	0
NP_001245380	NP_001245380	uc002csq.3	protein_coding	0	1	0	5	1	0	0	3	1	0	0	0	0	1	0	0	0	0	0	0
NP_001248324	NP_001248324	uc010wlq.3	protein_coding	0	0	1	8	1	0	0	0	7	1	0	0	0	0	0	0	0	0	0	0
NP_001248359	NP_001248359	uc031rar.1	protein_coding	0	0	1	12	0	0	0	3	6	1	0	0	0	0	0	0	0	0	0	3
NP_001248367	NP_001248367	uc002idy.1	protein_coding	0	0	0	1	0	0	0	0	1	0	0	0	0	0	0	0	0	0	0	0
NP_001248367	NP_001248367	uc010wii.2	protein_coding	0	0	0	1	0	0	0	0	1	0	0	0	0	0	0	0	0	0	0	0
NP_001248367	NP_001248367	uc010wij.3	protein_coding	0	0	0	1	0	0	0	0	1	0	0	0	0	0	0	0	0	0	0	0
NP_001248368	NP_001248368	uc002idv.4	protein_coding	0	0	0	1	0	0	0	0	0	0	0	0	0	0	0	0	0	0	0	1
NP_001248396	NP_001248396	uc002hev.4	protein_coding	0	0	1	2	0	0	0	0	2	1	0	0	0	0	0	0	0	0	0	0
NP_001248396	NP_001248396	uc002hex.4	protein_coding	0	0	1	1	0	0	0	0	1	1	0	0	0	0	0	0	0	0	0	0
NP_001248396	NP_001248396	uc010wbl.3	protein_coding	0	0	1	2	0	0	0	0	2	1	0	0	0	0	0	0	0	0	0	0
NP_001248396	NP_001248396	uc010wbm.3	protein_coding	0	0	1	2	0	0	0	0	2	1	0	0	0	0	0	0	0	0	0	0
NP_001248764	NP_001248764	uc010wnt.3	protein_coding	0	0	3	5	0	0	0	0	5	3	0	0	0	0	0	0	0	0	0	0
NP_001251503	NP_001251503	uc002iht.4	protein_coding	0	1	0	2	1	0	0	0	1	0	0	0	0	0	0	0	0	0	1	0
NP_001251503	NP_001251503	uc031rbb.1	protein_coding	0	1	0	2	1	0	0	0	1	0	0	0	0	0	0	0	0	0	1	0
NP_001252506	NP_001252506	uc010wjh.3	protein_coding	0	2	0	1	0	0	0	0	1	0	0	0	0	0	0	0	0	0	2	0
NP_001252517	NP_001252517	uc031qvx.1	protein_coding	0	0	1	3	0	0	0	0	3	1	0	0	0	0	0	0	0	0	0	0
NP_001252534	NP_001252534	uc010une.3	protein_coding	0	0	0	8	0	0	0	0	8	0	0	0	0	0	0	0	0	0	0	0
NP_001252534	NP_001252534	uc031qtb.1	protein_coding	0	0	0	8	0	0	0	0	8	0	0	0	0	0	0	0	0	0	0	0
NP_001252534	NP_001252534	uc031qtc.1	protein_coding	0	0	0	8	0	0	0	0	8	0	0	0	0	0	0	0	0	0	0	0
NP_001253974	NP_001253974	uc002ibs.4	protein_coding	1	0	0	2	0	0	0	0	3	0	0	1	0	0	0	0	0	0	0	0
NP_001254465	NP_001254465	uc021stn.2	protein_coding	0	3	1	17	0	0	0	15	2	1	0	0	0	2	0	0	0	0	2	1
NP_001254480	NP_001254480	uc031qzc.1	protein_coding	0	0	1	7	0	0	0	0	7	1	0	0	0	0	0	0	0	0	0	0
NP_001254509	NP_001254509	uc010uqs.3	protein_coding	0	1	1	16	4	0	0	0	10	1	0	0	0	0	0	0	0	0	1	2
NP_001254707	NP_001254707	uc031qzm.1	protein_coding	0	0	0	3	0	0	0	2	1	0	0	0	0	0	0	0	0	0	0	0
NP_001257326	NP_001257326	uc010whf.2	protein_coding	0	0	1	6	0	0	0	0	6	1	0	0	0	0	0	0	0	0	0	0
NP_001257377	NP_001257377	uc002gex.4	protein_coding	0	2	1	9	0	0	0	3	6	1	0	0	0	2	0	0	0	0	0	2
NP_001257381	NP_001257381	uc031qus.1	protein_coding	0	0	0	3	0	0	0	2	1	0	0	0	0	0	0	0	0	0	0	0
NP_001257384	NP_001257384	uc031qwu.1	protein_coding	0	1	0	6	0	0	0	0	5	0	0	0	0	0	0	0	0	0	1	1
NP_001257458	NP_001257458	uc002afu.4	protein_coding	0	2	0	9	1	0	0	0	8	0	0	0	0	0	0	0	0	0	2	0
NP_001257475	NP_001257475	uc031qtl.1	protein_coding	0	1	0	16	1	0	0	1	14	0	0	0	0	0	0	0	0	0	1	0
NP_001257695	NP_001257695	uc010uzo.3	protein_coding	0	1	2	14	0	0	0	8	6	2	0	0	0	0	0	0	0	0	1	0
NP_001257696	NP_001257696	uc031qvf.1	protein_coding	0	1	2	14	0	0	0	8	6	2	0	0	0	0	0	0	0	0	1	0
NP_001257869	NP_001257869	uc002dpb.2	protein_coding	0	1	0	13	0	0	0	0	13	0	0	0	0	0	0	0	0	0	1	0
NP_001257882	NP_001257882	uc031rew.1	protein_coding	0	1	0	4	0	0	0	0	4	0	0	0	0	0	0	0	0	0	1	0
NP_001258349	NP_001258349	uc021tqp.2	protein_coding	0	1	0	10	1	1	1	1	7	0	0	0	0	0	0	0	0	0	0	0
NP_001258537	NP_001258537	uc010cvq.3	protein_coding	0	0	1	6	0	0	0	0	6	1	0	0	0	0	0	0	0	0	0	0
NP_001258549	NP_001258549	uc031qwe.1	protein_coding	0	2	0	13	0	0	0	0	13	0	0	0	0	0	0	0	0	0	2	0
NP_001258593	NP_001258593	uc031qrb.1	protein_coding	0	1	3	8	0	0	0	3	4	3	0	0	0	0	0	0	0	0	1	1
NP_001258814	NP_001258814	uc010uju.3	protein_coding	0	0	1	6	0	0	0	0	6	1	0	0	0	0	0	0	0	0	0	0
NP_001258815	NP_001258815	uc031qsm.1	protein_coding	0	0	1	6	0	0	0	0	5	1	0	0	0	0	0	0	0	0	0	1
NP_001258817	NP_001258817	uc002bdc.2	protein_coding	0	1	0	5	0	0	0	0	5	0	0	0	0	0	0	0	0	0	1	0
NP_001258837	NP_001258837	uc031qxn.1	protein_coding	0	0	0	2	0	0	0	0	1	0	0	0	0	0	0	0	0	0	0	1
NP_001258838	NP_001258838	uc031qxq.1	protein_coding	0	0	0	2	0	0	1	0	0	0	0	0	0	0	0	0	0	0	0	1
NP_001258839	NP_001258839	uc031qxo.1	protein_coding	0	0	0	2	0	0	0	0	1	0	0	0	0	0	0	0	0	0	0	1
NP_001258847	NP_001258847	uc002blc.2	protein_coding	0	0	0	3	0	0	0	0	3	0	0	0	0	0	0	0	0	0	0	0
NP_001258848	NP_001258848	uc031qti.1	protein_coding	0	0	0	3	0	0	0	0	3	0	0	0	0	0	0	0	0	0	0	0
NP_001258864	NP_001258864	uc010cdq.3	protein_coding	0	0	0	6	0	0	0	0	5	0	0	0	0	0	0	0	0	0	0	1
NP_001258934	NP_001258934	uc010wrq.3	protein_coding	0	2	2	11	0	0	0	6	4	2	0	0	0	1	0	0	0	0	1	2
NP_001258973	NP_001258973	uc010wom.3	protein_coding	0	1	0	6	1	0	0	1	5	0	0	0	0	1	0	0	0	0	0	0
NP_001258979	NP_001258979	uc010vip.2	protein_coding	0	0	0	6	0	0	0	0	4	0	0	0	0	0	0	0	0	0	0	2
NP_001259022	NP_001259022	uc031rir.1	protein_coding	0	0	0	1	0	0	0	0	0	0	0	0	0	0	0	0	0	0	0	1
NP_001263178	NP_001263178	uc002ksg.2	protein_coding	0	0	0	2	0	0	0	0	2	0	0	0	0	0	0	0	0	0	0	0
NP_001263219	NP_001263219	uc031ref.1	protein_coding	0	0	0	8	0	0	0	1	7	0	0	0	0	0	0	0	0	0	0	0
NP_001263240	NP_001263240	uc031qwp.1	protein_coding	0	1	0	3	0	1	1	2	0	0	0	0	0	0	0	0	0	0	0	0
NP_001263271	NP_001263271	uc010xav.2	protein_coding	0	3	0	10	0	0	0	2	9	0	0	0	0	2	0	0	0	0	2	0
NP_001263382	NP_001263382	uc010wkw.1	protein_coding	0	1	0	9	3	0	0	0	7	0	0	0	0	1	0	0	0	0	0	0
NP_001263419	NP_001263419	uc010xex.2	protein_coding	0	0	1	8	0	0	2	0	5	1	0	0	0	0	0	0	0	0	0	1
NP_001263626	NP_001263626	uc002gii.2	protein_coding	1	0	0	4	0	0	1	0	2	0	0	1	0	0	0	0	0	0	0	2
NP_001263627	NP_001263627	uc010cng.2	protein_coding	1	0	0	4	0	0	1	0	2	0	0	1	0	0	0	0	0	0	0	2
NP_001263628	NP_001263628	uc010cnf.2	protein_coding	1	0	0	4	0	0	1	0	2	0	0	1	0	0	0	0	0	0	0	2
NP_001263689	NP_001263689	uc002gij.3	protein_coding	1	0	1	6	0	0	0	0	4	1	0	1	0	0	0	0	0	0	0	3
NP_001263690	NP_001263690	uc002gim.3	protein_coding	1	0	1	6	0	0	0	0	4	1	0	1	0	0	0	0	0	0	0	3
NP_001264105	NP_001264105	uc031qsd.1	protein_coding	0	0	0	1	0	0	0	0	1	0	0	0	0	0	0	0	0	0	0	0
NP_001264693	NP_001264693	uc031qtp.1	protein_coding	0	0	0	17	0	0	0	11	6	0	0	0	0	0	0	0	0	0	0	0
NP_001264992	NP_001264992	uc031rif.1	protein_coding	0	0	1	2	0	0	0	0	2	1	0	0	0	0	0	0	0	0	0	0
NP_001265127	NP_001265127	uc002imq.2	protein_coding	0	0	0	8	0	0	1	0	7	0	0	0	0	0	0	0	0	0	0	0
NP_001265145	NP_001265145	uc031rda.1	protein_coding	0	0	0	8	0	0	1	0	7	0	0	0	0	0	0	0	0	0	0	0
NP_001265196	NP_001265196	uc021ott.2	protein_coding	0	0	0	1	0	0	0	0	1	0	0	0	0	0	0	0	0	0	0	0
NP_001265197	NP_001265197	uc031rim.1	protein_coding	0	1	2	8	0	0	0	0	8	2	0	0	0	0	0	0	0	0	1	0
NP_001265208	NP_001265208	uc031qzx.1	protein_coding	0	1	1	5	0	1	1	2	2	1	0	0	0	0	0	0	0	0	0	0
NP_001309	NP_001309	uc002jdb.1	protein_coding	0	2	1	10	1	1	1	4	2	1	0	0	0	0	0	0	0	0	1	2
NP_001897	NP_001897	uc002fds.3	protein_coding	0	0	0	1	0	0	0	0	1	0	0	0	0	0	0	0	0	0	0	0
NP_002265	NP_002265	uc002hwv.1	protein_coding	0	2	1	4	2	0	0	0	1	1	0	0	0	0	0	0	0	0	2	1
NP_002266	NP_002266	uc002hwy.3	protein_coding	0	0	2	6	0	0	0	0	6	2	0	0	0	0	0	0	0	0	0	0
NP_002552	NP_002552	uc002fwm.2	protein_coding	0	0	0	1	0	0	0	1	0	0	0	0	0	0	0	0	0	0	0	0
NP_002638	NP_002638	uc002laq.3	protein_coding	0	0	0	6	0	0	0	0	6	0	0	0	0	0	0	0	0	0	0	0
NP_002696	NP_002696	uc002cyd.1	protein_coding	0	3	1	31	3	0	0	6	22	1	0	0	0	0	0	0	0	0	3	0
NP_002728	NP_002728	uc002jfp.1	protein_coding	0	0	1	48	4	0	0	0	44	1	0	0	0	0	0	0	0	0	0	0
NP_002738	NP_002738	uc031rig.1	protein_coding	0	0	0	1	0	0	0	0	0	0	0	0	0	0	0	0	0	0	0	1
NP_002747	NP_002747	uc002gyt.3	protein_coding	1	17	10	260	29	0	1	39	193	10	0	0	0	6	0	1	0	0	14	1
NP_002747	NP_002747	uc021tsq.1	protein_coding	1	17	10	259	29	0	0	39	193	10	0	0	0	6	0	1	0	0	14	1
NP_002747	NP_002747	uc021tsr.1	protein_coding	1	18	10	258	29	1	2	39	183	10	0	0	0	6	0	1	0	0	14	8
NP_003143	NP_003143	uc010cye.1	protein_coding	0	0	0	1	0	0	0	0	0	0	0	0	0	0	0	0	0	0	0	1
NP_003312	NP_003312	uc002drh.2	protein_coding	0	0	0	2	0	0	0	0	2	0	0	0	0	0	0	0	0	0	0	0
NP_003576	NP_003576	uc010vpx.1	protein_coding	0	2	0	17	0	0	0	1	15	0	0	0	0	0	0	0	0	0	2	1
NP_003604	NP_003604	uc002aon.2	protein_coding	0	0	4	9	0	0	0	0	9	4	0	0	0	1	0	0	0	0	0	0
NP_003825	NP_003825	uc002cgi.1	protein_coding	0	2	1	15	1	0	0	5	10	1	0	0	0	1	0	0	0	0	1	0
NP_003860	NP_003860	uc002eqr.3	protein_coding	0	0	0	1	0	0	0	0	1	0	0	0	0	0	0	0	0	0	0	0
NP_003972	NP_003972	uc002bqm.4	protein_coding	0	1	1	16	4	0	0	0	10	1	0	0	0	0	0	0	0	0	1	2
NP_004019	NP_004019	uc002kvz.3	protein_coding	0	1	0	4	2	0	0	0	1	0	0	0	0	0	0	0	0	0	1	1
NP_004131	NP_004131	uc002gsp.3	protein_coding	0	2	2	15	0	0	0	3	12	2	0	0	0	0	0	0	0	0	2	0
NP_004151	NP_004151	uc002ieq.3	protein_coding	0	0	3	11	0	0	1	0	6	3	0	0	0	0	0	0	0	0	0	4
NP_004646	NP_004646	uc002jfi.3	protein_coding	0	3	0	4	0	0	0	0	4	0	0	0	0	0	0	0	0	0	3	0
NP_004764	NP_004764	uc010cus.1	protein_coding	0	0	0	4	1	0	1	2	0	0	0	0	0	0	0	0	0	0	0	0
NP_004911	NP_004911	uc021ueu.1	protein_coding	0	1	0	15	0	0	0	1	8	0	0	0	0	0	0	0	0	0	1	6
NP_004961	NP_004961	uc010uvo.2	protein_coding	0	1	0	18	0	0	1	9	7	0	0	0	0	0	0	0	0	0	1	1
NP_005548	NP_005548	uc021txm.1	protein_coding	0	0	0	7	0	0	0	6	0	0	0	0	0	0	0	0	0	0	0	1
NP_005594	NP_005594	uc002lgw.3	protein_coding	0	2	1	30	1	0	0	0	29	1	0	0	0	1	0	0	0	0	2	0
NP_005643	NP_005643	uc002exd.4	protein_coding	0	0	1	2	0	0	0	0	2	1	0	0	0	0	0	0	0	0	0	0
NP_005883	NP_005883	uc002iin.3	protein_coding	0	1	2	12	0	0	0	2	10	2	0	0	0	0	0	0	0	0	1	0
NP_005883	NP_005883	uc021tyj.1	protein_coding	0	0	1	8	1	0	0	2	1	1	0	0	0	0	0	0	0	0	0	4
NP_005919	NP_005919	uc002bng.4	protein_coding	0	0	1	2	0	0	0	0	2	1	0	0	0	0	0	0	0	0	0	0
NP_005928	NP_005928	uc002hqi.4	protein_coding	0	1	1	5	1	0	0	2	2	1	0	0	0	0	0	0	0	0	1	0
NP_005928	NP_005928	uc002hqk.4	protein_coding	0	1	0	5	1	1	1	2	1	0	0	0	0	0	0	0	0	0	0	0
NP_006031	NP_006031	uc002dof.3	protein_coding	0	0	0	10	1	0	0	0	9	0	0	0	0	0	0	0	0	0	0	0
NP_006153	NP_006153	uc002lnd.3	protein_coding	0	3	0	41	3	0	0	0	38	0	0	0	0	0	0	0	0	0	3	0
NP_006456	NP_006456	uc010bjs.1	protein_coding	0	0	0	2	0	0	0	2	0	0	0	0	0	0	0	0	0	0	0	0
NP_006488	NP_006488	uc002fty.4	protein_coding	0	0	0	1	0	0	0	0	1	0	0	0	0	0	0	0	0	0	0	0
NP_006488	NP_006488	uc002ftz.4	protein_coding	0	0	0	1	0	0	0	0	1	0	0	0	0	0	0	0	0	0	0	0
NP_006488	NP_006488	uc021tnn.1	protein_coding	0	0	0	1	0	0	0	0	0	0	0	0	0	0	0	0	0	0	0	1
NP_006569	NP_006569	uc002abr.1	protein_coding	0	0	1	1	0	0	0	0	1	1	0	0	0	0	0	0	0	0	0	0
NP_006859	NP_006859	uc002kog.2	protein_coding	0	0	0	12	0	0	0	0	12	0	0	0	0	0	0	0	0	0	0	0
NP_009094	NP_009094	uc002lbb.3	protein_coding	0	0	1	9	1	0	0	0	8	1	0	0	0	0	0	0	0	0	0	0
NP_009228	NP_009228	uc010cyx.3	protein_coding	1	0	1	5	0	0	0	0	4	1	0	0	0	0	0	1	0	0	0	1
NP_036599	NP_036599	uc002ckw.2	protein_coding	0	1	3	37	0	0	0	8	4	3	0	0	0	0	0	0	0	0	1	25
NP_037408	NP_037408	uc002fvz.1	protein_coding	0	0	2	7	0	0	0	0	6	2	0	0	0	0	0	0	0	0	0	1
NP_037434	NP_037434	uc002dki.3	protein_coding	0	1	2	14	2	0	0	0	12	2	0	0	0	0	0	0	0	0	1	0
NP_055113	NP_055113	uc002dto.3	protein_coding	0	0	2	2	0	0	0	0	2	2	0	0	0	0	0	0	0	0	0	0
NP_055334	NP_055334	uc002gat.3	protein_coding	0	0	1	2	0	0	0	0	1	1	0	0	0	0	0	0	0	0	0	1
NP_055526	NP_055526	uc002dgk.4	protein_coding	0	3	3	10	1	0	0	2	7	3	0	0	0	0	0	0	0	0	3	0
NP_055586	NP_055586	uc002dzq.3	protein_coding	0	2	1	7	0	1	2	2	0	1	0	0	0	0	0	0	0	0	1	3
NP_055587	NP_055587	uc002lde.4	protein_coding	0	0	0	24	3	0	0	0	19	0	0	0	0	0	0	0	0	0	0	2
NP_055674	NP_055674	uc002gnt.1	protein_coding	0	1	0	5	0	0	0	0	5	0	0	0	0	0	0	0	0	0	1	0
NP_055692	NP_055692	uc002jfx.4	protein_coding	0	2	2	20	4	0	0	1	16	2	0	0	0	1	0	0	0	0	1	0
NP_055754	NP_055754	uc002kxc.4	protein_coding	0	2	3	12	1	0	0	0	9	3	0	0	0	1	0	0	0	0	2	2
NP_055835	NP_055835	uc002fay.1	protein_coding	0	0	0	9	0	0	0	1	6	0	0	0	0	0	0	0	0	0	0	2
NP_056101	NP_056101	uc002buo.3	protein_coding	0	3	1	10	0	0	0	3	7	1	0	0	0	0	0	0	0	0	3	0
NP_056258	NP_056258	uc002ikc.3	protein_coding	0	0	2	6	0	0	0	2	3	2	0	0	0	0	0	0	0	0	0	1
NP_056258	NP_056258	uc002ikd.3	protein_coding	0	1	2	5	0	0	0	2	4	2	0	0	0	1	0	0	0	0	0	0
NP_056307	NP_056307	uc002azq.4	protein_coding	0	3	3	2	0	0	0	2	0	3	0	0	0	0	0	0	0	0	3	0
NP_057011	NP_057011	uc021tgx.1	protein_coding	0	0	0	1	0	0	0	0	0	0	0	0	0	0	0	0	0	0	0	1
NP_057216	NP_057216	uc001zwi.4	protein_coding	0	0	2	4	1	0	0	0	3	2	0	0	0	0	0	0	0	0	0	0
NP_057423	NP_057423	uc010cwu.1	protein_coding	0	0	0	4	2	0	0	0	2	0	0	0	0	0	0	0	0	0	0	0
NP_057430	NP_057430	uc002ath.1	protein_coding	0	0	1	1	0	0	0	0	1	1	0	0	0	0	0	0	0	0	0	0
NP_057460	NP_057460	uc002fxr.4	protein_coding	0	1	0	6	0	0	0	2	4	0	0	0	0	0	0	0	0	0	1	0
NP_057512	NP_057512	uc002iop.1	protein_coding	0	0	1	4	0	0	0	1	2	1	0	0	0	0	0	0	0	0	0	1
NP_057723	NP_057723	uc031quu.1	protein_coding	0	0	0	5	0	0	0	3	1	0	0	0	0	0	0	0	0	0	0	1
NP_057726	NP_057726	uc001zos.4	protein_coding	0	4	8	51	1	0	0	12	38	8	0	0	0	2	0	0	0	0	2	2
NP_060000	NP_060000	uc002fbf.3	protein_coding	0	0	0	6	0	0	0	2	4	0	0	0	0	0	0	0	0	0	0	0
NP_060000	NP_060000	uc002fbh.4	protein_coding	0	0	0	6	0	0	0	2	4	0	0	0	0	0	0	0	0	0	0	0
NP_060009	NP_060009	uc010vbd.2	protein_coding	0	2	5	11	0	0	0	0	7	5	0	0	0	0	0	0	0	0	2	4
NP_060142	NP_060142	uc001zyu.3	protein_coding	0	0	0	5	0	0	0	1	4	0	0	0	0	0	0	0	0	0	0	0
NP_060328	NP_060328	uc002apr.2	protein_coding	0	1	2	2	0	0	0	1	1	2	0	0	0	0	0	0	0	0	1	0
NP_060411	NP_060411	uc002jjm.4	protein_coding	0	1	5	19	3	0	0	4	12	5	0	0	0	0	0	0	0	0	1	0
NP_060502	NP_060502	uc002cga.1	protein_coding	0	0	0	5	0	0	0	0	4	0	0	0	0	0	0	0	0	0	0	1
NP_060502	NP_060502	uc002cge.1	protein_coding	0	0	0	5	0	0	0	0	4	0	0	0	0	0	0	0	0	0	0	1
NP_060594	NP_060594	uc010vmx.2	protein_coding	0	1	1	5	0	0	0	0	3	1	0	0	0	0	0	0	0	0	1	2
NP_060909	NP_060909	uc002kvh.4	protein_coding	0	0	1	12	0	0	0	0	12	1	0	0	0	0	0	0	0	0	0	0
NP_061939	NP_061939	uc001ywj.4	protein_coding	0	0	2	1	1	0	0	0	0	2	0	0	0	0	0	0	0	0	0	0
NP_064708	NP_064708	uc002els.3	protein_coding	0	0	0	5	0	0	0	4	0	0	0	0	0	0	0	0	0	0	0	1
NP_065138	NP_065138	uc010cvr.1	protein_coding	0	0	0	5	2	0	0	0	3	0	0	0	0	0	0	0	0	0	0	0
NP_065704	NP_065704	uc002gqi.2	protein_coding	0	0	0	2	0	0	0	0	2	0	0	0	0	0	0	0	0	0	0	0
NP_065704	NP_065704	uc021trd.1	protein_coding	0	0	0	2	0	0	0	0	2	0	0	0	0	0	0	0	0	0	0	0
NP_065799	NP_065799	uc002izn.3	protein_coding	0	0	1	7	0	0	0	0	7	1	0	0	0	0	0	0	0	0	0	0
NP_065963	NP_065963	uc002csb.3	protein_coding	0	1	1	14	0	1	1	0	13	1	0	0	0	0	0	0	0	0	0	0
NP_066015	NP_066015	uc010xcq.1	protein_coding	0	0	3	22	0	0	1	2	18	3	0	0	0	0	0	0	0	0	0	1
NP_066271	NP_066271	uc002jch.3	protein_coding	0	1	0	5	0	0	0	3	2	0	0	0	0	0	0	0	0	0	1	0
NP_071319	NP_071319	uc002jkp.3	protein_coding	0	0	0	4	1	0	0	2	1	0	0	0	0	0	0	0	0	0	0	0
NP_071342	NP_071342	uc002fyr.4	protein_coding	0	0	0	7	0	0	1	1	1	0	0	0	0	0	0	0	0	0	0	4
NP_071342	NP_071342	uc002fys.4	protein_coding	0	0	0	7	0	0	1	1	1	0	0	0	0	0	0	0	0	0	0	4
NP_071750	NP_071750	uc002eve.4	protein_coding	0	0	1	2	0	0	0	0	2	1	0	0	0	0	0	0	0	0	0	0
NP_071752	NP_071752	uc002evc.4	protein_coding	0	0	0	2	0	0	0	0	2	0	0	0	0	0	0	0	0	0	0	0
NP_073752	NP_073752	uc010bfn.3	protein_coding	0	1	1	5	1	0	0	0	4	1	0	0	0	0	0	0	0	0	1	0
NP_076936	NP_076936	uc002dzb.1	protein_coding	0	0	1	1	0	0	0	1	0	1	0	0	0	0	0	0	0	0	0	0
NP_077019	NP_077019	uc010rid.2	protein_coding	0	0	0	2	0	0	0	0	0	0	0	0	0	0	0	0	0	0	0	2
NP_077078	NP_077078	uc002cky.3	protein_coding	0	6	6	15	2	0	0	3	10	6	0	0	0	0	0	0	0	0	6	0
NP_078982	NP_078982	uc002eao.3	protein_coding	0	0	2	0	0	0	0	0	0	2	0	0	0	0	0	0	0	0	0	0
NP_078982	NP_078982	uc010caf.3	protein_coding	0	0	2	0	0	0	0	0	0	2	0	0	0	0	0	0	0	0	0	0
NP_078982	NP_078982	uc010cag.2	protein_coding	0	0	2	0	0	0	0	0	0	2	0	0	0	0	0	0	0	0	0	0
NP_079018	NP_079018	uc002eca.4	protein_coding	0	1	1	6	1	0	1	1	3	1	0	0	0	0	0	0	0	0	1	0
NP_079021	NP_079021	uc002eec.4	protein_coding	0	0	1	6	1	0	0	0	4	1	0	0	0	0	0	0	0	0	0	1
NP_079057	NP_079057	uc002lki.2	protein_coding	0	3	3	8	0	0	0	0	9	3	0	0	0	1	0	0	0	0	2	0
NP_079057	NP_079057	uc002lkk.2	protein_coding	0	3	3	10	0	0	0	0	9	3	0	0	0	1	0	0	0	0	2	2
NP_079069	NP_079069	uc002cvm.2	protein_coding	0	1	1	22	0	0	0	3	14	1	0	0	0	1	0	0	0	0	0	6
NP_079203	NP_079203	uc002iau.3	protein_coding	0	0	0	6	0	0	0	4	2	0	0	0	0	0	0	0	0	0	0	0
NP_079411	NP_079411	uc002kzr.1	protein_coding	0	2	1	22	0	0	0	0	22	1	0	0	0	0	0	0	0	0	2	0
NP_079411	NP_079411	uc010dna.1	protein_coding	0	1	0	5	0	1	2	2	1	0	0	0	0	0	0	0	0	0	0	0
NP_112228	NP_112228	uc002hvv.3	protein_coding	0	1	1	7	1	0	0	5	0	1	0	0	0	0	0	0	0	0	1	1
NP_112238	NP_112238	uc010cxk.2	protein_coding	0	4	2	1	1	0	0	0	0	2	0	0	0	0	0	0	0	0	4	0
NP_112593	NP_112593	uc002lco.3	protein_coding	0	0	0	18	0	0	1	0	16	0	0	0	0	0	0	0	0	0	0	1
NP_114151	NP_114151	uc010die.3	protein_coding	0	3	3	7	0	0	1	3	3	3	0	0	0	0	0	0	0	0	3	0
NP_114432	NP_114432	uc002izk.2	protein_coding	0	3	1	6	1	0	0	0	5	1	0	0	0	0	0	0	0	0	3	0
NP_114432	NP_114432	uc002izl.1	protein_coding	0	2	1	4	0	0	0	2	2	1	0	0	0	0	0	0	0	0	2	0
NP_115509	NP_115509	uc010wmr.2	protein_coding	0	3	3	8	0	0	0	0	8	3	0	0	0	0	0	0	0	0	3	0
NP_115582	NP_115582	uc002ekq.1	protein_coding	0	1	0	18	1	0	2	0	9	0	0	0	0	1	0	0	0	0	0	6
NP_115619	NP_115619	uc002koh.4	protein_coding	0	2	3	2	0	0	0	0	1	3	0	0	0	0	0	0	0	0	2	1
NP_115619	NP_115619	uc021ugx.1	protein_coding	0	2	3	2	0	0	0	0	0	3	0	0	0	0	0	0	0	0	2	2
NP_115888	NP_115888	uc001zjf.3	protein_coding	0	0	0	22	0	0	1	0	21	0	0	0	0	0	0	0	0	0	0	0
NP_115888	NP_115888	uc010bbb.1	protein_coding	0	0	0	22	0	0	1	0	21	0	0	0	0	0	0	0	0	0	0	0
NP_115888	NP_115888	uc010uci.2	protein_coding	0	0	0	13	0	0	1	0	12	0	0	0	0	0	0	0	0	0	0	0
NP_115958	NP_115958	uc002cxx.4	protein_coding	0	1	1	8	1	0	0	5	2	1	0	0	0	0	0	0	0	0	1	0
NP_116038	NP_116038	uc002llq.3	protein_coding	0	1	1	9	0	0	0	0	9	1	0	0	0	0	0	0	0	0	1	0
NP_116324	NP_116324	uc002eje.1	protein_coding	0	0	2	3	0	0	0	0	1	2	0	0	0	0	0	0	0	0	0	2
NP_149049	NP_149049	uc002hwe.4	protein_coding	0	1	2	8	2	0	0	0	4	2	0	0	0	1	0	0	0	0	0	3
NP_149050	NP_149050	uc010wfn.2	protein_coding	0	0	3	5	2	0	0	1	0	3	0	0	0	0	0	0	0	0	0	2
NP_149051	NP_149051	uc002hwd.3	protein_coding	0	0	1	5	2	0	1	0	0	1	0	0	0	0	0	0	0	0	0	2
NP_150296	NP_150296	uc002dma.4	protein_coding	0	0	1	14	0	0	1	4	9	1	0	0	0	0	0	0	0	0	0	0
NP_203693	NP_203693	uc002fso.3	protein_coding	0	1	2	26	1	0	0	1	22	2	0	0	0	0	0	0	0	0	1	2
NP_438170	NP_438170	uc002jxx.3	protein_coding	0	0	1	9	0	0	0	2	4	1	0	0	0	0	0	0	0	0	0	3
NP_443070	NP_443070	uc002dxy.4	protein_coding	0	1	0	4	0	0	0	2	2	0	0	0	0	0	0	0	0	0	1	0
NP_443090	NP_443090	uc002fat.4	protein_coding	0	0	1	1	0	0	1	0	0	1	0	0	0	0	0	0	0	0	0	0
NP_525021	NP_525021	uc010dfb.1	protein_coding	0	1	1	15	0	0	1	0	10	1	0	0	0	1	0	0	0	0	0	5
NP_542164	NP_542164	uc002kvf.3	protein_coding	0	1	0	6	0	0	0	0	6	0	0	0	0	0	0	0	0	0	1	0
NP_550434	NP_550434	uc002gep.3	protein_coding	0	0	0	1	0	0	0	0	1	0	0	0	0	0	0	0	0	0	0	0
NP_550434	NP_550434	uc002ger.3	protein_coding	0	0	0	1	0	0	0	0	1	0	0	0	0	0	0	0	0	0	0	0
NP_550436	NP_550436	uc002gen.1	protein_coding	0	0	0	1	0	0	0	0	1	0	0	0	0	0	0	0	0	0	0	0
NP_569057	NP_569057	uc002kkm.3	protein_coding	0	1	2	11	2	0	0	0	8	2	0	0	0	1	0	0	0	0	1	1
NP_569118	NP_569118	uc002aox.3	protein_coding	0	0	0	3	0	0	0	0	3	0	0	0	0	0	0	0	0	0	0	0
NP_569118	NP_569118	uc021soz.1	protein_coding	0	0	0	3	0	0	0	0	3	0	0	0	0	0	0	0	0	0	0	0
NP_569731	NP_569731	uc021tei.1	protein_coding	0	0	1	1	0	0	0	0	1	1	0	0	0	0	0	0	0	0	0	0
NP_570122	NP_570122	uc002fsq.3	protein_coding	0	1	0	14	1	0	0	1	4	0	0	0	0	0	0	0	0	0	1	8
NP_570122	NP_570122	uc002fss.3	protein_coding	0	1	0	14	1	0	0	1	4	0	0	0	0	0	0	0	0	0	1	8
NP_570122	NP_570122	uc010cjr.3	protein_coding	0	1	0	14	1	0	0	1	4	0	0	0	0	0	0	0	0	0	1	8
NP_570853	NP_570853	uc001zar.3	protein_coding	0	1	1	3	0	0	0	0	3	1	0	0	0	0	0	0	0	0	1	0
NP_570853	NP_570853	uc001zat.3	protein_coding	0	1	1	3	0	0	0	0	3	1	0	0	0	0	0	0	0	0	1	0
NP_588616	NP_588616	uc002app.3	protein_coding	0	0	1	8	0	0	0	1	7	1	0	0	0	0	0	0	0	0	0	0
NP_612193	NP_612193	uc002bxa.2	protein_coding	0	2	0	47	0	0	0	2	45	0	0	0	0	0	0	0	0	0	2	0
NP_612194	NP_612194	uc002bxb.2	protein_coding	0	2	0	47	0	0	0	2	45	0	0	0	0	0	0	0	0	0	2	0
NP_612198	NP_612198	uc002bxe.3	protein_coding	0	2	0	32	1	0	0	1	30	0	0	0	0	0	0	0	0	0	2	0
NP_612365	NP_612365	uc001zuy.3	protein_coding	0	0	1	8	0	0	0	5	3	1	0	0	0	0	0	0	0	0	0	0
NP_612456	NP_612456	uc010bzy.4	protein_coding	0	0	0	1	0	0	0	0	0	0	0	0	0	0	0	0	0	0	0	1
NP_612456	NP_612456	uc031qvq.1	protein_coding	0	0	0	1	0	0	0	0	0	0	0	0	0	0	0	0	0	0	0	1
NP_612456	NP_612456	uc031qvr.1	protein_coding	0	0	0	1	0	0	0	0	0	0	0	0	0	0	0	0	0	0	0	1
NP_620416	NP_620416	uc002lkw.3	protein_coding	0	0	1	5	0	0	0	0	5	1	0	0	0	0	0	0	0	0	0	0
NP_620416	NP_620416	uc002lky.2	protein_coding	0	0	1	5	0	0	0	0	5	1	0	0	0	0	0	0	0	0	0	0
NP_620601	NP_620601	uc002gvo.3	protein_coding	0	0	0	2	0	0	0	1	1	0	0	0	0	0	0	0	0	0	0	0
NP_644670	NP_644670	uc001zou.2	protein_coding	0	0	0	1	0	0	0	0	0	0	0	0	0	0	0	0	0	0	0	1
NP_653276	NP_653276	uc002doy.2	protein_coding	0	0	0	10	0	0	0	0	10	0	0	0	0	0	0	0	0	0	0	0
NP_653280	NP_653280	uc002jzr.2	protein_coding	0	0	0	8	1	0	0	0	4	0	0	0	0	0	0	0	0	0	0	3
NP_660337	NP_660337	uc002cim.1	protein_coding	0	2	2	35	2	0	0	12	11	2	0	0	0	0	0	0	0	0	2	10
NP_663780	NP_663780	uc002bup.3	protein_coding	0	3	2	9	0	0	0	3	6	2	0	0	0	0	0	0	0	0	3	0
NP_671692	NP_671692	uc002krg.3	protein_coding	0	1	0	15	0	0	0	0	14	0	0	0	0	0	0	0	0	0	1	1
NP_683709	NP_683709	uc001zdu.1	protein_coding	0	1	0	4	0	0	0	0	4	0	0	0	0	0	0	0	0	0	1	0
NP_683709	NP_683709	uc010azn.2	protein_coding	0	1	0	4	0	0	0	0	4	0	0	0	0	0	0	0	0	0	1	0
NP_683709	NP_683709.2	uc010baf.4	protein_coding	0	1	0	6	0	0	0	0	6	0	0	0	0	0	0	0	0	0	1	0
NP_689500	NP_689500	uc002foq.4	protein_coding	0	0	1	12	4	0	0	1	3	1	0	0	0	0	0	0	0	0	0	4
NP_689528	NP_689528	uc001ppa.3	protein_coding	0	0	0	30	0	0	0	0	29	0	0	0	0	0	0	0	0	0	0	1
NP_689551	NP_689551	uc002dtr.4	protein_coding	0	0	3	4	0	0	0	0	4	3	0	0	0	0	0	0	0	0	0	0
NP_689889	NP_689889	uc002lle.2	protein_coding	0	1	0	5	0	0	0	0	2	0	0	0	0	0	0	0	0	0	1	3
NP_694943	NP_694943	uc002kuu.3	protein_coding	0	2	0	18	0	0	0	0	19	0	0	0	0	1	0	0	0	0	1	0
NP_705694	NP_705694	uc002hwu.1	protein_coding	0	2	1	4	2	0	0	0	1	1	0	0	0	0	0	0	0	0	2	1
NP_705841	NP_705841	uc010bav.1	protein_coding	0	0	0	7	0	0	0	5	2	0	0	0	0	0	0	0	0	0	0	0
NP_733798	NP_733798	uc002aew.3	protein_coding	0	1	0	11	5	0	0	0	6	0	0	0	0	0	0	0	0	0	1	0
NP_741982	NP_741982	uc002alv.3	protein_coding	0	0	0	1	0	0	0	0	1	0	0	0	0	0	0	0	0	0	0	0
NP_765976	NP_765976	uc002lne.3	protein_coding	0	2	0	42	3	0	0	0	39	0	0	0	0	0	0	0	0	0	2	0
NP_775102	NP_775102	uc002ici.1	protein_coding	0	0	1	7	0	0	0	3	1	1	0	0	0	0	0	0	0	0	0	3
NP_775322	NP_775322	uc002exi.3	protein_coding	0	1	0	10	0	0	0	4	6	0	0	0	0	0	0	0	0	0	1	0
NP_775322	NP_775322	uc002exj.2	protein_coding	0	1	0	14	7	0	0	1	6	0	0	0	0	0	0	0	0	0	1	0
NP_775322	NP_775322	uc002exk.2	protein_coding	0	1	0	14	7	0	0	1	6	0	0	0	0	0	0	0	0	0	1	0
NP_775885	NP_775885	uc002dff.3	protein_coding	0	0	1	0	0	0	0	0	0	1	0	0	0	0	0	0	0	0	0	0
NP_775894	NP_775894	uc002iob.3	protein_coding	0	0	0	3	0	0	0	0	3	0	0	0	0	0	0	0	0	0	0	0
NP_775899	NP_775899	uc010dhp.2	protein_coding	0	15	8	96	0	0	0	0	95	8	0	0	0	0	0	0	0	0	15	1
NP_776065	NP_776065	uc010vvq.2	protein_coding	0	1	0	8	2	0	0	4	3	0	0	0	0	1	0	0	0	0	0	0
NP_777480	NP_777480	uc002klu.3	protein_coding	0	1	1	12	0	0	0	0	12	1	0	0	0	0	0	0	0	0	1	0
NP_777480	NP_777480	uc002klx.3	protein_coding	0	1	1	7	0	0	0	0	5	1	0	0	0	0	0	0	0	0	1	2
NP_777480	NP_777480	uc002kma.3	protein_coding	0	1	1	7	0	0	1	0	3	1	0	0	0	0	0	0	0	0	1	3
NP_777480	NP_777480	uc002kmb.3	protein_coding	0	1	1	5	0	0	0	0	2	1	0	0	0	0	0	0	0	0	1	3
NP_777480	NP_777480	uc002kmc.3	protein_coding	0	1	1	5	0	0	0	0	2	1	0	0	0	0	0	0	0	0	1	3
NP_777552	NP_777552	uc002jkx.2	protein_coding	0	0	0	2	0	0	0	0	1	0	0	0	0	0	0	0	0	0	0	1
NP_786883	NP_786883	uc001zif.3	protein_coding	0	1	3	17	0	0	1	5	5	3	0	0	0	0	0	0	0	0	1	6
NP_789846	NP_789846	uc002ejn.3	protein_coding	0	0	1	7	1	0	0	5	1	1	0	0	0	0	0	0	0	0	0	0
NP_803190	NP_803190	uc002ifp.3	protein_coding	0	0	1	8	2	0	0	2	4	1	0	0	0	0	0	0	0	0	0	0
NP_803190	NP_803190	uc002ift.3	protein_coding	0	1	1	8	2	1	1	2	3	1	0	0	0	0	0	0	0	0	0	0
NP_803564	NP_803564	uc002dqg.2	protein_coding	0	0	1	6	0	0	0	1	2	1	0	0	0	0	0	0	0	0	0	3
NP_803564	NP_803564	uc002dqh.2	protein_coding	0	0	1	6	0	0	0	1	2	1	0	0	0	0	0	0	0	0	0	3
NP_835229	NP_835229	uc002jmd.1	protein_coding	0	2	0	2	0	0	0	0	1	0	0	0	0	0	0	0	0	0	2	1
NP_835461	NP_835461	uc002coe.2	protein_coding	1	2	0	20	1	1	1	8	6	0	0	0	0	0	1	0	0	0	1	4
NP_835461	NP_835461	uc002cof.2	protein_coding	0	2	1	20	1	0	0	8	10	1	0	0	0	0	0	0	0	0	2	1
NP_848666	NP_848666	uc010cov.3	protein_coding	0	2	2	23	1	1	1	0	21	2	0	0	0	1	0	0	0	0	0	1
NP_851565	NP_851565	uc002dor.2	protein_coding	0	0	0	9	0	0	0	0	9	0	0	0	0	0	0	0	0	0	0	0
NP_852606	NP_852606	uc002hsb.3	protein_coding	0	0	0	2	1	0	0	0	1	0	0	0	0	0	0	0	0	0	0	0
NP_852606	NP_852606	uc002hsc.3	protein_coding	0	0	0	2	1	0	0	0	1	0	0	0	0	0	0	0	0	0	0	0
NP_891552	NP_891552	uc021thw.1	protein_coding	0	1	0	2	0	0	0	0	2	0	0	0	0	1	0	0	0	0	0	1
NP_892003	NP_892003	uc002eax.3	protein_coding	0	2	1	7	1	0	0	2	4	1	0	0	0	0	0	0	0	0	2	0
NP_892026	NP_892026	uc002fhb.4	protein_coding	0	3	0	9	0	0	1	0	9	0	0	0	0	1	0	0	0	0	2	0
NP_892026	NP_892026	uc002fhc.3	protein_coding	0	3	0	9	0	0	0	0	3	0	0	0	0	1	0	0	0	0	2	7
NP_932327	NP_932327	uc002eqq.3	protein_coding	0	0	0	1	0	0	0	0	1	0	0	0	0	0	0	0	0	0	0	0
NP_932348	NP_932348	uc002kdx.1	protein_coding	0	3	7	45	0	0	0	1	45	7	0	0	0	1	0	0	0	0	2	0
NP_938406	NP_938406	uc002iru.2	protein_coding	0	5	0	23	0	0	0	1	23	0	0	0	0	1	0	0	0	0	4	0
NP_940903	NP_940903	uc002fye.2	protein_coding	0	2	0	1	0	0	0	0	1	0	0	0	0	0	0	0	0	0	2	0
NP_940931	NP_940931	uc002het.3	protein_coding	1	2	6	9	0	0	1	0	8	6	0	0	0	0	1	0	0	0	2	0
NP_940996	NP_940996	uc002jwq.4	protein_coding	0	1	0	7	0	1	1	0	6	0	0	0	0	0	0	0	0	0	0	0
NP_942135	NP_942135	uc002hnk.3	protein_coding	0	2	0	15	0	0	0	0	16	0	0	0	0	1	0	0	0	0	1	0
NP_945355	NP_945355	uc002fyk.3	protein_coding	0	0	0	5	0	0	0	0	5	0	0	0	0	0	0	0	0	0	0	0
NP_954712	NP_954712	uc002jpq.1	protein_coding	0	0	0	23	0	0	1	6	10	0	0	0	0	0	0	0	0	0	0	6
NP_954712	NP_954712	uc010dgq.1	protein_coding	0	1	0	16	0	0	0	4	5	0	0	0	0	0	0	0	0	0	1	7
NP_954976	NP_954976	uc002iix.3	protein_coding	0	0	0	4	2	0	0	0	2	0	0	0	0	0	0	0	0	0	0	0
NP_955389	NP_955389	uc001zgw.3	protein_coding	0	0	0	2	0	0	0	0	1	0	0	0	0	0	0	0	0	0	0	1
NP_955445	NP_955445	uc002bqn.4	protein_coding	0	1	1	16	4	0	0	0	10	1	0	0	0	0	0	0	0	0	1	2
NP_982249	NP_982249	uc002izh.1	protein_coding	0	0	1	1	0	0	0	0	0	1	0	0	0	0	0	0	0	0	0	1
NP_998827	NP_998827	uc002hzk.1	protein_coding	0	0	0	7	1	0	0	0	6	0	0	0	0	0	0	0	0	0	0	0
O00142	O00142	uc002eos.3	protein_coding	0	0	0	6	0	0	1	0	4	0	0	0	0	0	0	0	0	0	0	1
O00142-2	O00142-2	uc002eor.3	protein_coding	0	0	0	6	0	0	0	0	5	0	0	0	0	0	0	0	0	0	0	1
O00142-3	O00142-3	uc010vir.2	protein_coding	0	0	0	6	0	0	1	0	4	0	0	0	0	0	0	0	0	0	0	1
O00142-4	O00142-4	uc010viq.2	protein_coding	0	0	0	6	0	0	1	0	4	0	0	0	0	0	0	0	0	0	0	1
O00159	O00159	uc002fsp.3	protein_coding	0	1	2	27	1	0	0	1	23	2	0	0	0	0	0	0	0	0	1	2
O00159	O00159	uc010vqj.1	protein_coding	0	1	2	24	0	0	0	6	18	2	0	0	0	0	0	0	0	0	1	0
O00159-3	O00159-3	uc002fsn.3	protein_coding	0	1	2	24	1	0	0	1	22	2	0	0	0	0	0	0	0	0	1	0
O00161	O00161	uc001zpz.2	protein_coding	0	1	0	0	0	0	0	0	0	0	0	0	0	0	0	0	0	0	1	0
O00161-2	O00161-2	uc001zqa.2	protein_coding	0	0	0	1	0	0	0	0	1	0	0	0	0	0	0	0	0	0	0	0
O00182	O00182	uc002gzp.3	protein_coding	0	0	1	31	2	0	0	3	24	1	0	0	0	0	0	0	0	0	0	2
O00182-2	O00182-2	uc002gzq.3	protein_coding	0	0	1	31	2	0	0	3	24	1	0	0	0	0	0	0	0	0	0	2
O00194	O00194	uc002lfr.3	protein_coding	0	0	0	2	0	0	0	0	2	0	0	0	0	0	0	0	0	0	0	0
O00231	O00231	uc002hhm.4	protein_coding	0	0	0	1	0	0	0	0	1	0	0	0	0	0	0	0	0	0	0	0
O00231	O00231	uc010cta.2	protein_coding	0	0	0	1	0	0	0	0	1	0	0	0	0	0	0	0	0	0	0	0
O00232	O00232	uc002jfy.3	protein_coding	0	2	0	2	0	0	0	0	3	0	0	0	0	1	0	0	0	0	1	0
O00232	O00232	uc002jfz.3	protein_coding	0	1	0	3	0	0	1	0	3	0	0	0	0	1	0	0	0	0	0	0
O00232	O00232	uc010det.1	protein_coding	0	2	0	2	1	0	0	1	1	0	0	0	0	1	0	0	0	0	1	0
O00232-2	O00232-2	uc002jga.3	protein_coding	0	2	0	2	0	0	0	0	3	0	0	0	0	1	0	0	0	0	1	0
O00253	O00253	uc002etg.1	protein_coding	0	0	0	1	0	0	0	1	0	0	0	0	0	0	0	0	0	0	0	0
O00257	O00257	uc002jxe.3	protein_coding	0	0	0	2	0	0	0	0	1	0	0	0	0	0	0	0	0	0	0	1
O00308	O00308	uc002exu.2	protein_coding	0	6	0	27	3	0	0	2	21	0	0	0	0	0	0	0	0	0	6	1
O00308	O00308	uc002exv.2	protein_coding	0	6	0	27	3	0	0	2	21	0	0	0	0	0	0	0	0	0	6	1
O00308	O00308	uc010vlm.2	protein_coding	0	5	0	22	3	0	0	2	17	0	0	0	0	0	0	0	0	0	5	0
O00308	O00308	uc010vln.2	protein_coding	0	5	0	21	3	0	0	2	15	0	0	0	0	0	0	0	0	0	5	1
O00337	O00337	uc002blg.3	protein_coding	1	3	4	27	1	0	0	1	26	4	0	0	1	0	0	0	0	0	3	0
O00337	O00337	uc010bnb.3	protein_coding	0	3	4	28	1	0	0	1	26	4	0	0	0	0	0	0	0	0	3	0
O00337-2	O00337-2	uc002blf.3	protein_coding	1	2	0	7	0	0	0	0	8	0	0	0	1	0	0	0	0	0	2	0
O00623	O00623	uc002hjp.3	protein_coding	0	0	0	2	2	0	0	0	0	0	0	0	0	0	0	0	0	0	0	0
O00626	O00626	uc002elh.3	protein_coding	0	0	1	1	0	0	0	0	1	1	0	0	0	0	0	0	0	0	0	0
O00746	O00746	uc002cgz.3	protein_coding	0	2	0	8	0	0	0	2	6	0	0	0	0	0	0	0	0	0	2	0
O00748	O00748	uc002eqs.3	protein_coding	0	0	0	1	0	0	0	0	1	0	0	0	0	0	0	0	0	0	0	0
O14490	O14490	uc002kmf.3	protein_coding	0	1	0	17	0	0	0	0	17	0	0	0	0	0	0	0	0	0	1	0
O14490-2	O14490-2	uc002kme.2	protein_coding	0	1	0	12	0	0	0	0	12	0	0	0	0	0	0	0	0	0	1	0
O14490-3	O14490-3	uc002kmg.3	protein_coding	0	1	0	12	0	0	0	0	12	0	0	0	0	0	0	0	0	0	1	0
O14490-4	O14490-4	uc010wyw.2	protein_coding	0	1	0	13	0	0	0	0	12	0	0	0	0	0	0	0	0	0	1	1
O14490-5	O14490-5	uc010wyy.2	protein_coding	0	1	0	13	0	0	0	0	13	0	0	0	0	0	0	0	0	0	1	0
O14490-6	O14490-6	uc010dkn.3	protein_coding	0	1	0	12	0	0	0	0	12	0	0	0	0	0	0	0	0	0	1	0
O14490-7	O14490-7	uc010wyz.2	protein_coding	0	1	0	17	0	0	0	0	17	0	0	0	0	0	0	0	0	0	1	0
O14498	O14498	uc002axg.1	protein_coding	0	1	0	2	0	0	0	2	0	0	0	0	0	0	0	0	0	0	1	0
O14498	O14498	uc002axh.1	protein_coding	0	1	0	2	0	0	0	2	0	0	0	0	0	0	0	0	0	0	1	0
O14498	O14498	uc021sqf.1	protein_coding	0	1	0	2	0	0	0	2	0	0	0	0	0	0	0	0	0	0	1	0
O14512	O14512	uc002hqa.3	protein_coding	0	0	0	2	0	0	0	0	2	0	0	0	0	0	0	0	0	0	0	0
O14561	O14561	uc002dlw.3	protein_coding	0	0	0	1	1	0	0	0	0	0	0	0	0	0	0	0	0	0	0	0
O14562	O14562	uc002dlv.3	protein_coding	0	0	0	9	7	0	1	0	1	0	0	0	0	0	0	0	0	0	0	0
O14610	O14610	uc002ioo.2	protein_coding	0	0	0	1	0	0	0	0	1	0	0	0	0	0	0	0	0	0	0	0
O14610	O14610	uc021tzo.1	protein_coding	0	0	0	1	0	0	0	0	1	0	0	0	0	0	0	0	0	0	0	0
O14610	O14610	uc021tzp.1	protein_coding	0	0	0	1	0	0	0	0	1	0	0	0	0	0	0	0	0	0	0	0
O14610	O14610	uc021tzq.1	protein_coding	0	0	0	1	0	0	0	0	1	0	0	0	0	0	0	0	0	0	0	0
O14641	O14641	uc002gez.1	protein_coding	0	2	0	12	0	0	0	6	3	0	0	0	0	0	0	0	0	0	2	3
O14647	O14647	uc002bsp.3	protein_coding	0	4	0	22	5	0	0	0	17	0	0	0	0	0	0	0	0	0	4	0
O14647-2	O14647-2	uc002bso.1	protein_coding	0	3	0	22	1	0	0	6	15	0	0	0	0	0	0	0	0	0	3	0
O14647-3	O14647-3	uc002bsn.3	protein_coding	0	0	0	3	0	0	0	1	2	0	0	0	0	0	0	0	0	0	0	0
O14653	O14653	uc002ila.3	protein_coding	0	0	0	3	0	0	1	0	2	0	0	0	0	0	0	0	0	0	0	0
O14653-2	O14653-2	uc002ikz.3	protein_coding	0	0	0	3	0	0	1	0	2	0	0	0	0	0	0	0	0	0	0	0
O14653-3	O14653-3	uc002iky.3	protein_coding	0	0	0	3	1	0	1	0	1	0	0	0	0	0	0	0	0	0	0	0
O14672	O14672	uc002afd.1	protein_coding	0	0	0	16	0	0	1	0	15	0	0	0	0	0	0	0	0	0	0	0
O14730	O14730	uc002kui.4	protein_coding	0	0	0	6	0	0	0	0	6	0	0	0	0	0	0	0	0	0	0	0
O14730-2	O14730-2	uc010dls.3	protein_coding	0	0	0	6	0	0	0	0	6	0	0	0	0	0	0	0	0	0	0	0
O14732	O14732	uc002kqp.2	protein_coding	0	0	0	10	0	0	0	0	10	0	0	0	0	0	0	0	0	0	0	0
O14735	O14735	uc002dul.3	protein_coding	0	0	0	1	0	0	0	0	1	0	0	0	0	0	0	0	0	0	0	0
O14735	O14735	uc002dum.3	protein_coding	0	0	0	1	0	0	0	0	1	0	0	0	0	0	0	0	0	0	0	0
O14745	O14745	uc002jlo.4	protein_coding	0	0	0	6	1	0	0	4	1	0	0	0	0	0	0	0	0	0	0	0
O14770	O14770	uc001zjr.4	protein_coding	0	0	0	9	0	0	0	0	9	0	0	0	0	0	0	0	0	0	0	0
O14770-2	O14770-2	uc001zjo.4	protein_coding	0	0	0	9	0	0	0	0	9	0	0	0	0	0	0	0	0	0	0	0
O14770-3	O14770-3	uc001zjp.4	protein_coding	0	0	0	9	0	0	0	0	9	0	0	0	0	0	0	0	0	0	0	0
O14770-4	O14770-4	uc001zjs.4	protein_coding	0	0	0	9	0	0	0	0	9	0	0	0	0	0	0	0	0	0	0	0
O14770-4	O14770-4	uc001zjt.3	protein_coding	0	0	0	9	0	0	0	0	9	0	0	0	0	0	0	0	0	0	0	0
O14770-4	O14770-4	uc010ucj.2	protein_coding	0	0	0	9	0	0	1	0	8	0	0	0	0	0	0	0	0	0	0	0
O14770-6	O14770-6	uc001zjm.3	protein_coding	0	0	0	9	0	0	0	0	9	0	0	0	0	0	0	0	0	0	0	0
O14770-7	O14770-7	uc001zju.3	protein_coding	0	0	0	9	0	0	0	0	9	0	0	0	0	0	0	0	0	0	0	0
O14770-8	O14770-8	uc001zjl.3	protein_coding	0	0	0	9	0	0	1	0	8	0	0	0	0	0	0	0	0	0	0	0
O14771	O14771	uc010bth.3	protein_coding	0	1	0	14	2	0	0	8	4	0	0	0	0	0	0	0	0	0	1	0
O14771	O14771	uc010uws.2	protein_coding	0	1	0	14	2	0	0	8	4	0	0	0	0	0	0	0	0	0	1	0
O14775	O14775	uc002abt.1	protein_coding	0	0	1	3	0	0	0	0	1	1	0	0	0	0	0	0	0	0	0	2
O14775-3	O14775-3	uc002abs.1	protein_coding	0	0	1	1	0	0	0	0	1	1	0	0	0	0	0	0	0	0	0	0
O14777	O14777	uc002kli.3	protein_coding	0	2	0	9	0	0	0	0	6	0	0	0	0	0	0	0	0	0	2	3
O14835	O14835	uc002lnr.3	protein_coding	0	0	0	4	1	0	0	2	1	0	0	0	0	0	0	0	0	0	0	0
O14836	O14836	uc002gqs.1	protein_coding	0	2	0	2	1	0	0	0	1	0	0	0	0	0	0	0	0	0	2	0
O14836-2	O14836-2	uc002gqt.1	protein_coding	0	1	0	3	1	0	0	0	2	0	0	0	0	0	0	0	0	0	1	0
O14863	O14863	uc001zvj.3	protein_coding	0	2	0	2	1	0	0	0	1	0	0	0	0	0	0	0	0	0	2	0
O14874	O14874	uc002eaw.5	protein_coding	0	0	0	1	0	0	0	0	1	0	0	0	0	0	0	0	0	0	0	0
O14894	O14894	uc002fyw.1	protein_coding	0	1	0	2	0	0	0	1	2	0	0	0	0	1	0	0	0	0	0	0
O14905	O14905	uc002ikw.1	protein_coding	0	0	1	3	0	0	0	0	3	1	0	0	0	0	0	0	0	0	0	0
O14907	O14907	uc002fwc.3	protein_coding	0	1	0	8	1	0	0	5	2	0	0	0	0	0	0	0	0	0	1	0
O14909	O14909	uc002geu.3	protein_coding	0	0	0	10	0	0	0	0	4	0	0	0	0	0	0	0	0	0	0	6
O14926	O14926	uc010wup.2	protein_coding	0	0	0	14	0	0	1	7	6	0	0	0	0	0	0	0	0	0	0	0
O14939	O14939	uc002fzc.3	protein_coding	0	2	1	17	0	0	0	0	17	1	0	0	0	1	0	0	0	0	2	0
O14950	O14950	uc002klt.4	protein_coding	0	1	0	9	0	0	0	0	10	0	0	0	0	1	0	0	0	0	0	0
O14950	O14950	uc010dkl.3	protein_coding	0	1	0	9	0	0	0	0	10	0	0	0	0	1	0	0	0	0	0	0
O14950	O14950	uc010wyv.2	protein_coding	0	1	0	9	0	0	0	0	10	0	0	0	0	1	0	0	0	0	0	0
O14964	O14964	uc002kbg.3	protein_coding	0	2	0	6	0	0	0	0	4	0	0	0	0	0	0	0	0	0	2	2
O14975	O14975	uc001zxw.3	protein_coding	0	1	1	6	0	0	0	0	6	1	0	0	0	0	0	0	0	0	1	0
O14975	O14975	uc001zxx.3	protein_coding	0	0	0	6	0	0	0	0	6	0	0	0	0	0	0	0	0	0	0	0
O14975-2	O14975-2	uc010bes.3	protein_coding	0	1	1	6	0	0	0	0	6	1	0	0	0	0	0	0	0	0	1	0
O14978	O14978	uc002cuq.3	protein_coding	0	0	1	4	1	0	0	0	3	1	0	0	0	0	0	0	0	0	0	0
O14983	O14983	uc002dro.1	protein_coding	0	1	0	8	1	0	0	1	6	0	0	0	0	0	0	0	0	0	1	0
O14983-2	O14983-2	uc002drn.1	protein_coding	0	1	0	8	1	0	0	1	6	0	0	0	0	0	0	0	0	0	1	0
O15014	O15014	uc002ann.3	protein_coding	0	2	0	6	1	0	0	2	3	0	0	0	0	1	0	0	0	0	2	0
O15015	O15015	uc021tgu.1	protein_coding	0	0	0	5	2	0	0	3	0	0	0	0	0	0	0	0	0	0	0	0
O15015-2	O15015-2	uc002eap.3	protein_coding	0	0	0	5	1	0	0	3	1	0	0	0	0	0	0	0	0	0	0	0
O15047	O15047	uc002ead.1	protein_coding	0	0	0	5	0	0	0	2	1	0	0	0	0	0	0	0	0	0	0	2
O15067	O15067	uc002gkr.3	protein_coding	0	3	2	7	0	0	0	0	9	2	0	0	0	2	0	0	0	0	1	0
O15067	O15067	uc010vuv.2	protein_coding	0	3	1	8	0	0	1	0	9	1	0	0	0	2	0	0	0	0	1	0
O15105	O15105	uc002ldg.3	protein_coding	0	0	0	5	0	0	0	1	4	0	0	0	0	0	0	0	0	0	0	0
O15118	O15118	uc002kum.4	protein_coding	0	1	2	10	0	0	0	4	7	2	0	0	0	1	0	0	0	0	0	0
O15118	O15118	uc010xba.1	protein_coding	0	1	2	4	0	0	0	1	4	2	0	0	0	1	0	0	0	0	0	0
O15127	O15127	uc002azb.1	protein_coding	0	0	0	4	0	0	0	1	3	0	0	0	0	0	0	0	0	0	0	0
O15165	O15165	uc031rhm.1	protein_coding	0	0	0	9	0	0	2	0	7	0	0	0	0	0	0	0	0	0	0	0
O15165	O15165	uc031rhn.1	protein_coding	0	0	0	9	0	0	2	0	7	0	0	0	0	0	0	0	0	0	0	0
O15165-2	O15165-2	uc002ksb.3	protein_coding	0	0	0	12	0	0	2	0	10	0	0	0	0	0	0	0	0	0	0	0
O15165-3	O15165-3	uc002ksh.1	protein_coding	0	0	0	1	0	0	0	0	1	0	0	0	0	0	0	0	0	0	0	0
O15165-4	O15165-4	uc002ksi.1	protein_coding	0	0	0	1	0	0	0	0	1	0	0	0	0	0	0	0	0	0	0	0
O15165-6	O15165-6	uc002kse.3	protein_coding	0	0	0	2	0	0	0	0	2	0	0	0	0	0	0	0	0	0	0	0
O15169	O15169	uc002cgp.2	protein_coding	0	5	0	32	3	0	1	13	12	0	0	0	0	1	0	0	0	0	5	3
O15169-2	O15169-2	uc002cgq.2	protein_coding	0	5	0	32	3	0	1	13	12	0	0	0	0	1	0	0	0	0	5	3
O15273	O15273	uc002hsh.3	protein_coding	0	1	0	3	0	0	0	0	0	0	0	0	0	0	0	0	0	0	1	3
O15296	O15296	uc002gju.3	protein_coding	0	4	1	7	0	0	0	0	7	1	0	0	0	0	0	0	0	0	4	0
O15296	O15296	uc010cnp.3	protein_coding	0	3	1	8	0	0	2	0	6	1	0	0	0	0	0	0	0	0	3	0
O15296-2	O15296-2	uc002gjw.3	protein_coding	0	4	1	7	0	0	0	0	7	1	0	0	0	0	0	0	0	0	4	0
O15296-4	O15296-4	uc002gjv.3	protein_coding	0	4	1	7	0	0	0	0	7	1	0	0	0	0	0	0	0	0	4	0
O15297	O15297	uc002iyt.2	protein_coding	0	2	0	4	1	0	0	0	3	0	0	0	0	0	0	0	0	0	2	0
O15305	O15305	uc002czf.4	protein_coding	0	0	0	7	0	0	0	0	6	0	0	0	0	0	0	0	0	0	0	1
O15335	O15335	uc010dbr.3	protein_coding	0	0	0	8	0	0	0	5	2	0	0	0	0	0	0	0	0	0	0	1
O15335	O15335	uc010dbs.3	protein_coding	0	0	0	8	0	0	0	5	2	0	0	0	0	0	0	0	0	0	0	1
O15353	O15353	uc002hbj.3	protein_coding	0	1	1	7	0	0	0	0	6	1	0	0	0	0	0	0	0	0	1	1
O15353	O15353	uc010crm.3	protein_coding	0	1	1	7	0	0	0	0	7	1	0	0	0	0	0	0	0	0	1	0
O15360	O15360	uc002fou.1	protein_coding	0	1	3	36	1	0	0	1	35	3	0	0	0	1	0	0	0	0	0	0
O15360-2	O15360-2	uc002fow.1	protein_coding	0	0	1	5	1	0	0	0	4	1	0	0	0	0	0	0	0	0	0	0
O15375	O15375	uc002jmr.4	protein_coding	0	3	0	4	0	0	0	0	5	0	0	0	0	2	0	0	0	0	1	1
O15375	O15375	uc002jmt.4	protein_coding	0	3	0	4	0	0	0	0	5	0	0	0	0	2	0	0	0	0	1	1
O15375	O15375	uc002jmu.4	protein_coding	0	3	0	4	0	0	0	0	5	0	0	0	0	2	0	0	0	0	1	1
O15392-3	O15392-3	uc002jvh.3	protein_coding	0	1	0	0	0	0	0	0	0	0	0	0	0	0	0	0	0	0	1	0
O15403	O15403	uc002jgz.2	protein_coding	0	1	2	2	1	0	0	0	1	2	0	0	0	0	0	0	0	0	1	0
O15403	O15403	uc002jha.2	protein_coding	0	1	2	2	1	0	0	0	1	2	0	0	0	0	0	0	0	0	1	0
O15405	O15405	uc002egw.2	protein_coding	0	0	1	1	0	0	0	0	1	1	0	0	0	0	0	0	0	0	0	0
O15405-2	O15405-2	uc010vgt.1	protein_coding	0	0	1	1	0	0	0	0	1	1	0	0	0	0	0	0	0	0	0	0
O15427	O15427	uc002kea.3	protein_coding	0	1	0	12	0	0	1	3	8	0	0	0	0	0	0	0	0	0	1	0
O15427	O15427	uc002keb.3	protein_coding	0	1	0	12	0	0	1	3	8	0	0	0	0	0	0	0	0	0	1	0
O15427	O15427	uc002kec.3	protein_coding	0	1	0	12	0	0	1	3	8	0	0	0	0	0	0	0	0	0	1	0
O15427	O15427	uc002ked.3	protein_coding	0	3	0	12	0	2	5	3	1	0	0	0	0	0	0	0	0	0	1	3
O15427	O15427	uc021ufm.1	protein_coding	0	1	0	12	0	0	1	3	8	0	0	0	0	0	0	0	0	0	1	0
O15427	O15427	uc021ufn.1	protein_coding	0	1	0	12	0	0	1	3	5	0	0	0	0	0	0	0	0	0	1	3
O15427	O15427	uc021ufo.1	protein_coding	0	1	0	12	0	0	1	3	1	0	0	0	0	0	0	0	0	0	1	7
O15438	O15438	uc002isl.3	protein_coding	0	2	1	10	0	0	0	0	10	1	0	0	0	0	0	0	0	0	2	0
O15438-5	O15438-5	uc002isk.4	protein_coding	0	0	0	5	0	0	0	2	3	0	0	0	0	0	0	0	0	0	0	0
O15466	O15466	uc002lci.1	protein_coding	0	0	0	6	0	0	1	1	4	0	0	0	0	0	0	0	0	0	0	0
O15466	O15466	uc002lcj.1	protein_coding	0	2	0	5	0	0	0	1	4	0	0	0	0	0	0	0	0	0	2	0
O15467	O15467	uc002hkl.3	protein_coding	0	0	0	3	0	0	0	0	3	0	0	0	0	0	0	0	0	0	0	0
O15524	O15524	uc002dar.1	protein_coding	0	0	0	2	0	0	0	1	0	0	0	0	0	0	0	0	0	0	0	1
O15524	O15524	uc021tcz.1	protein_coding	0	0	0	2	0	0	0	1	0	0	0	0	0	0	0	0	0	0	0	1
O15525	O15525	uc002kcm.3	protein_coding	0	0	0	8	0	0	0	8	0	0	0	0	0	0	0	0	0	0	0	0
O15525	O15525	uc002kcn.3	protein_coding	0	0	0	8	0	0	0	8	0	0	0	0	0	0	0	0	0	0	0	0
O15530	O15530	uc002cqs.4	protein_coding	0	0	0	2	1	0	0	0	1	0	0	0	0	0	0	0	0	0	0	0
O15530	O15530	uc002cqu.4	protein_coding	0	0	0	2	1	0	0	0	1	0	0	0	0	0	0	0	0	0	0	0
O15530-4	O15530-4	uc002cqt.4	protein_coding	0	0	0	2	1	0	0	0	1	0	0	0	0	0	0	0	0	0	0	0
O15534	O15534	uc002gkd.3	protein_coding	0	1	0	0	0	0	0	0	0	0	0	0	0	0	0	0	0	0	1	0
O15553	O15553	uc002cun.1	protein_coding	0	8	0	6	0	0	0	0	6	0	0	0	0	0	0	0	0	0	8	0
O15553-1	O15553-1	uc021tbx.1	protein_coding	0	3	0	11	0	0	0	0	11	0	0	0	0	0	0	0	0	0	3	0
O43147	O43147	uc002fun.4	protein_coding	0	1	3	23	0	0	0	0	23	3	0	0	0	0	0	0	0	0	1	0
O43147-2	O43147-2	uc002fum.4	protein_coding	0	1	4	22	0	0	0	0	22	4	0	0	0	0	0	0	0	0	1	0
O43147-5	O43147-5	uc010vqw.2	protein_coding	0	1	3	23	0	0	0	0	23	3	0	0	0	0	0	0	0	0	1	0
O43148	O43148	uc002ksk.1	protein_coding	0	0	0	11	0	0	0	2	9	0	0	0	0	0	0	0	0	0	0	0
O43148	O43148	uc002ksl.1	protein_coding	0	0	0	11	2	0	0	0	9	0	0	0	0	0	0	0	0	0	0	0
O43148	O43148	uc002ksm.1	protein_coding	0	0	0	11	2	0	0	0	9	0	0	0	0	0	0	0	0	0	0	0
O43148-2	O43148-2	uc010dlk.2	protein_coding	0	0	0	11	0	0	0	0	11	0	0	0	0	0	0	0	0	0	0	0
O43149	O43149	uc002fxe.3	protein_coding	0	7	4	35	0	0	0	3	31	4	0	0	0	0	0	0	0	0	7	1
O43149-2	O43149-2	uc002fxh.3	protein_coding	0	1	3	20	0	0	1	8	7	3	0	0	0	0	0	0	0	0	1	4
O43149-2	O43149-2	uc002fxi.3	protein_coding	0	2	3	20	0	1	2	8	9	3	0	0	0	0	0	0	0	0	1	1
O43149-2	O43149-2	uc002fxj.1	protein_coding	0	3	2	13	0	0	0	2	8	2	0	0	0	0	0	0	0	0	3	3
O43149-3	O43149-3	uc002fxk.1	protein_coding	0	1	0	13	0	0	0	3	9	0	0	0	0	0	0	0	0	0	1	1
O43173	O43173	uc002lgn.3	protein_coding	0	0	1	4	2	0	0	0	2	1	0	0	0	0	0	0	0	0	0	0
O43236	O43236	uc002iwm.2	protein_coding	0	0	0	3	0	0	0	1	2	0	0	0	0	0	0	0	0	0	0	0
O43236-2	O43236-2	uc002iwo.2	protein_coding	0	0	0	3	0	0	0	1	2	0	0	0	0	0	0	0	0	0	0	0
O43236-3	O43236-3	uc010wny.2	protein_coding	0	0	0	5	0	0	0	1	2	0	0	0	0	0	0	0	0	0	0	2
O43236-4	O43236-4	uc010wnx.2	protein_coding	0	0	0	5	0	0	0	1	2	0	0	0	0	0	0	0	0	0	0	2
O43236-6	O43236-6	uc002iwp.2	protein_coding	0	0	0	3	0	0	0	1	2	0	0	0	0	0	0	0	0	0	0	0
O43237	O43237	uc002eqb.1	protein_coding	0	0	0	5	0	0	0	0	5	0	0	0	0	0	0	0	0	0	0	0
O43237	O43237	uc010vit.2	protein_coding	0	0	0	4	0	0	0	2	2	0	0	0	0	0	0	0	0	0	0	0
O43242	O43242	uc002htn.2	protein_coding	0	2	0	13	2	0	1	0	10	0	0	0	0	0	0	0	0	0	2	0
O43242	O43242	uc010weo.2	protein_coding	0	1	0	14	2	0	1	0	10	0	0	0	0	0	0	0	0	0	1	1
O43278	O43278	uc001zna.3	protein_coding	0	3	0	1	0	0	0	0	1	0	0	0	0	0	0	0	0	0	3	0
O43278	O43278	uc010ucs.2	protein_coding	0	3	0	1	0	0	0	0	1	0	0	0	0	0	0	0	0	0	3	0
O43278-2	O43278-2	uc001znb.3	protein_coding	0	3	0	1	0	0	0	0	1	0	0	0	0	0	0	0	0	0	3	0
O43278-2	O43278-2	uc001znc.3	protein_coding	0	3	0	1	0	0	0	0	1	0	0	0	0	0	0	0	0	0	3	0
O43294	O43294	uc002ecd.2	protein_coding	0	0	0	1	0	0	0	0	0	0	0	0	0	0	0	0	0	0	0	1
O43304	O43304	uc002cye.2	protein_coding	0	1	0	22	1	0	0	1	19	0	0	0	0	0	0	0	0	0	1	1
O43310	O43310	uc002ldc.3	protein_coding	0	1	0	31	3	0	0	0	28	0	0	0	0	0	0	0	0	0	1	0
O43310-2	O43310-2	uc002ldd.3	protein_coding	0	1	0	31	3	0	0	0	28	0	0	0	0	0	0	0	0	0	1	0
O43313	O43313	uc002ffz.1	protein_coding	0	1	0	4	1	0	0	0	3	0	0	0	0	0	0	0	0	0	1	0
O43313	O43313	uc002fga.2	protein_coding	0	1	0	4	1	0	0	0	3	0	0	0	0	0	0	0	0	0	1	0
O43313	O43313	uc002fgb.1	protein_coding	0	1	0	4	1	0	2	0	1	0	0	0	0	0	0	0	0	0	1	0
O43313	O43313	uc010vnn.1	protein_coding	0	1	0	4	1	0	0	0	3	0	0	0	0	0	0	0	0	0	1	0
O43315	O43315	uc002aez.2	protein_coding	0	1	1	7	1	0	0	0	6	1	0	0	0	0	0	0	0	0	1	0
O43315	O43315	uc010ugx.1	protein_coding	0	1	1	7	1	0	0	0	6	1	0	0	0	0	0	0	0	0	1	0
O43325	O43325	uc002dia.4	protein_coding	0	0	0	1	0	0	0	0	1	0	0	0	0	0	0	0	0	0	0	0
O43325	O43325	uc002dib.3	protein_coding	0	0	0	1	0	0	0	0	1	0	0	0	0	0	0	0	0	0	0	0
O43325	O43325	uc010bwj.3	protein_coding	0	0	0	1	0	0	0	0	1	0	0	0	0	0	0	0	0	0	0	0
O43325	O43325	uc010bwl.3	protein_coding	0	0	0	1	0	0	0	0	1	0	0	0	0	0	0	0	0	0	0	0
O43396	O43396	uc002lgg.3	protein_coding	0	2	0	3	0	1	1	1	2	0	0	0	0	1	0	0	0	0	0	0
O43396	O43396	uc002lgi.3	protein_coding	0	1	0	3	0	0	0	1	3	0	0	0	0	1	0	0	0	0	0	0
O43396	O43396	uc002lgj.1	protein_coding	0	1	0	2	0	0	0	0	2	0	0	0	0	1	0	0	0	0	0	1
O43402	O43402	uc002fjd.3	protein_coding	0	0	0	2	0	0	0	0	2	0	0	0	0	0	0	0	0	0	0	0
O43482	O43482	uc001znp.3	protein_coding	0	0	0	3	0	0	0	0	3	0	0	0	0	0	0	0	0	0	0	0
O43497	O43497	uc002irk.2	protein_coding	0	5	0	23	0	0	0	1	23	0	0	0	0	1	0	0	0	0	4	0
O43497	O43497	uc031rde.1	protein_coding	0	1	0	18	0	0	0	3	15	0	0	0	0	0	0	0	0	0	1	0
O43497-10	O43497-10	uc002irw.2	protein_coding	0	5	0	23	0	0	0	1	23	0	0	0	0	1	0	0	0	0	4	0
O43502	O43502	uc002iwu.3	protein_coding	0	0	0	3	0	0	0	0	3	0	0	0	0	0	0	0	0	0	0	0
O43502-2	O43502-2	uc002iwt.1	protein_coding	0	0	0	1	0	0	0	1	0	0	0	0	0	0	0	0	0	0	0	0
O43508	O43508	uc002ghg.3	protein_coding	0	1	0	0	0	0	0	0	0	0	0	0	0	0	0	0	0	0	1	0
O43541	O43541	uc002aqf.3	protein_coding	0	0	0	2	0	0	1	0	1	0	0	0	0	0	0	0	0	0	0	0
O43541-2	O43541-2	uc002aqg.3	protein_coding	0	0	0	1	0	0	0	0	1	0	0	0	0	0	0	0	0	0	0	0
O43548	O43548	uc001zrc.2	protein_coding	0	0	1	2	0	0	0	0	2	1	0	0	0	0	0	0	0	0	0	0
O43548	O43548	uc001zrd.2	protein_coding	0	1	1	6	0	0	0	0	4	1	0	0	0	0	0	0	0	0	1	2
O43548-2	O43548-2	uc001zre.2	protein_coding	0	1	1	6	0	0	0	0	4	1	0	0	0	0	0	0	0	0	1	2
O43561	O43561	uc002dsd.3	protein_coding	0	1	0	11	0	1	1	0	4	0	0	0	0	0	0	0	0	0	0	6
O43561	O43561	uc010vdk.1	protein_coding	0	0	0	9	0	0	0	1	3	0	0	0	0	0	0	0	0	0	0	5
O43561-2	O43561-2	uc002dsb.3	protein_coding	0	1	0	11	0	1	1	0	4	0	0	0	0	0	0	0	0	0	0	6
O43570	O43570	uc002amc.3	protein_coding	0	0	0	7	2	0	0	1	4	0	0	0	0	0	0	0	0	0	0	0
O43570-2	O43570-2	uc002amd.3	protein_coding	0	0	0	7	2	0	0	1	4	0	0	0	0	0	0	0	0	0	0	0
O43572	O43572	uc002gwo.4	protein_coding	0	0	2	3	0	0	0	0	2	2	0	0	0	0	0	0	0	0	0	1
O43572	O43572	uc002gwp.2	protein_coding	0	0	2	3	0	0	0	0	2	2	0	0	0	0	0	0	0	0	0	1
O43586	O43586	uc002bcf.2	protein_coding	0	1	0	13	0	0	0	0	13	0	0	0	0	0	0	0	0	0	1	0
O43586	O43586	uc010bku.1	protein_coding	0	1	0	13	0	0	0	0	13	0	0	0	0	0	0	0	0	0	1	0
O43586-2	O43586-2	uc010bkw.1	protein_coding	0	1	0	13	0	0	0	0	13	0	0	0	0	0	0	0	0	0	1	0
O43603	O43603	uc002jqm.1	protein_coding	0	1	0	2	0	0	0	1	0	0	0	0	0	0	0	0	0	0	1	1
O43612	O43612	uc002hzc.1	protein_coding	0	0	0	2	0	0	0	0	1	0	0	0	0	0	0	0	0	0	0	1
O43670	O43670	uc002hhh.4	protein_coding	0	0	0	2	0	0	0	0	2	0	0	0	0	0	0	0	0	0	0	0
O43670-2	O43670-2	uc002hhi.4	protein_coding	0	0	0	2	0	0	0	0	2	0	0	0	0	0	0	0	0	0	0	0
O43745	O43745	uc002dmb.1	protein_coding	0	0	0	3	0	0	0	0	2	0	0	0	0	0	0	0	0	0	0	1
O43747	O43747	uc010cgg.3	protein_coding	0	1	0	12	0	0	0	2	11	0	0	0	0	1	0	0	0	0	0	0
O43747-2	O43747-2	uc021tky.1	protein_coding	0	1	0	12	0	0	0	2	11	0	0	0	0	1	0	0	0	0	0	0
O43747-2	O43747-2	uc021tkz.1	protein_coding	0	1	0	12	0	0	0	2	11	0	0	0	0	1	0	0	0	0	0	0
O43749	O43749	uc010uwu.2	protein_coding	0	1	1	0	0	0	0	0	0	1	0	0	0	0	0	0	0	0	1	0
O43760	O43760	uc002juu.1	protein_coding	0	0	0	4	1	0	0	1	0	0	0	0	0	0	0	0	0	0	0	2
O43761	O43761	uc002cod.3	protein_coding	0	0	0	13	1	0	0	9	0	0	0	0	0	0	0	0	0	0	0	3
O43776	O43776	uc002lgs.2	protein_coding	0	0	0	10	0	0	1	0	8	0	0	0	0	0	0	0	0	0	0	1
O43791	O43791	uc002ipb.3	protein_coding	0	0	0	3	0	0	0	0	3	0	0	0	0	0	0	0	0	0	0	0
O43791	O43791	uc002ipc.3	protein_coding	0	0	0	3	0	0	0	0	3	0	0	0	0	0	0	0	0	0	0	0
O43791	O43791	uc002ipd.3	protein_coding	0	0	0	3	0	0	0	0	3	0	0	0	0	0	0	0	0	0	0	0
O43791	O43791	uc002ipe.3	protein_coding	0	0	0	3	0	0	0	0	3	0	0	0	0	0	0	0	0	0	0	0
O43791	O43791	uc002ipf.3	protein_coding	0	0	0	3	0	0	0	0	3	0	0	0	0	0	0	0	0	0	0	0
O43791	O43791	uc002ipg.3	protein_coding	0	0	0	3	0	0	0	0	3	0	0	0	0	0	0	0	0	0	0	0
O43791	O43791	uc010dbk.3	protein_coding	0	0	0	3	0	0	0	0	3	0	0	0	0	0	0	0	0	0	0	0
O43809	O43809	uc002eja.3	protein_coding	0	0	0	2	0	0	0	0	1	0	0	0	0	0	0	0	0	0	0	1
O43829	O43829	uc002kmq.3	protein_coding	0	2	0	1	0	1	1	0	0	0	0	0	0	0	0	0	0	0	1	0
O43829	O43829	uc002kmr.3	protein_coding	0	2	0	1	0	1	1	0	0	0	0	0	0	0	0	0	0	0	1	0
O43829	O43829	uc010dkp.3	protein_coding	0	2	0	1	0	1	1	0	0	0	0	0	0	0	0	0	0	0	1	0
O43829	O43829	uc021ugn.1	protein_coding	0	2	0	1	0	1	1	0	0	0	0	0	0	0	0	0	0	0	1	0
O43861	O43861	uc002lmx.3	protein_coding	0	3	0	10	0	0	0	0	11	0	0	0	0	1	0	0	0	0	2	0
O43861	O43861	uc002lmz.1	protein_coding	0	1	0	9	0	0	0	0	7	0	0	0	0	0	0	0	0	0	1	2
O43861-2	O43861-2	uc002lmw.1	protein_coding	0	3	0	10	0	0	0	0	11	0	0	0	0	1	0	0	0	0	2	0
O43868	O43868	uc001zva.2	protein_coding	0	1	1	11	1	0	0	0	10	1	0	0	0	0	0	0	0	0	1	0
O43896	O43896	uc002gan.2	protein_coding	0	2	1	14	0	0	0	2	11	1	0	0	0	0	0	0	0	0	2	1
O43923	O43923	uc002cti.1	protein_coding	0	1	0	13	4	0	0	6	2	0	0	0	0	0	0	0	0	0	1	1
O43934	O43934	uc002jta.2	protein_coding	0	0	0	10	1	0	2	0	5	0	0	0	0	0	0	0	0	0	0	2
O43934	O43934	uc002jtb.3	protein_coding	0	0	0	10	1	0	0	0	4	0	0	0	0	0	0	0	0	0	0	5
O43934	O43934	uc002jtc.3	protein_coding	0	0	0	10	1	0	0	0	4	0	0	0	0	0	0	0	0	0	0	5
O43934	O43934	uc002jtd.4	protein_coding	0	0	0	10	1	0	0	0	4	0	0	0	0	0	0	0	0	0	0	5
O43934	O43934	uc002jte.3	protein_coding	0	0	0	10	1	0	1	0	3	0	0	0	0	0	0	0	0	0	0	5
O43934-2	O43934-2	uc010dha.3	protein_coding	0	0	0	10	1	0	0	0	4	0	0	0	0	0	0	0	0	0	0	5
O43934-2	O43934-2	uc010dhb.3	protein_coding	0	0	0	10	1	0	0	0	4	0	0	0	0	0	0	0	0	0	0	5
O60240	O60240	uc002boh.2	protein_coding	0	1	1	10	0	0	0	1	7	1	0	0	0	0	0	0	0	0	1	2
O60240	O60240	uc010upx.1	protein_coding	0	1	1	10	0	0	0	1	7	1	0	0	0	0	0	0	0	0	1	2
O60256	O60256	uc002gup.2	protein_coding	0	1	0	14	1	0	0	0	13	0	0	0	0	0	0	0	0	0	1	0
O60268	O60268	uc002fit.3	protein_coding	0	0	0	8	2	0	0	1	5	0	0	0	0	0	0	0	0	0	0	0
O60268	O60268	uc002fiu.3	protein_coding	0	1	0	13	1	0	0	0	12	0	0	0	0	0	0	0	0	0	1	0
O60271	O60271	uc002itc.3	protein_coding	0	0	0	7	0	0	0	0	7	0	0	0	0	0	0	0	0	0	0	0
O60271-2	O60271-2	uc002itd.3	protein_coding	0	0	0	7	0	0	0	0	7	0	0	0	0	0	0	0	0	0	0	0
O60271-3	O60271-3	uc002ite.3	protein_coding	0	0	0	4	0	0	0	0	4	0	0	0	0	0	0	0	0	0	0	0
O60271-4	O60271-4	uc002itb.3	protein_coding	0	0	0	7	0	0	0	0	7	0	0	0	0	0	0	0	0	0	0	0
O60271-5	O60271-5	uc002itf.3	protein_coding	0	0	0	6	0	0	0	0	6	0	0	0	0	0	0	0	0	0	0	0
O60271-9	O60271-9	uc002ita.3	protein_coding	0	0	0	5	0	0	0	0	5	0	0	0	0	0	0	0	0	0	0	0
O60291	O60291	uc002cwz.3	protein_coding	0	0	0	4	2	0	0	0	2	0	0	0	0	0	0	0	0	0	0	0
O60291-2	O60291-2	uc002cxa.3	protein_coding	0	0	0	4	2	0	0	0	2	0	0	0	0	0	0	0	0	0	0	0
O60291-3	O60291-3	uc010uxo.2	protein_coding	0	0	0	4	2	0	0	0	2	0	0	0	0	0	0	0	0	0	0	0
O60291-4	O60291-4	uc010uxp.2	protein_coding	0	0	0	4	2	0	0	0	2	0	0	0	0	0	0	0	0	0	0	0
O60294	O60294	uc001zrg.3	protein_coding	0	1	0	1	0	0	0	0	0	0	0	0	0	0	0	0	0	0	1	1
O60303	O60303	uc002dow.3	protein_coding	0	0	1	7	1	0	0	0	6	1	0	0	0	0	0	0	0	0	0	0
O60304	O60304	uc002cxo.1	protein_coding	0	0	0	4	0	0	2	1	1	0	0	0	0	0	0	0	0	0	0	0
O60304	O60304	uc002cxp.1	protein_coding	0	1	0	3	0	0	1	1	1	0	0	0	0	0	0	0	0	0	1	0
O60306	O60306	uc001ziv.3	protein_coding	0	2	0	6	0	0	0	0	6	0	0	0	0	0	0	0	0	0	2	0
O60309	O60309	uc002jey.2	protein_coding	0	1	4	5	0	0	0	0	5	4	0	0	0	0	0	0	0	0	1	0
O60309	O60309	uc010dek.2	protein_coding	0	1	3	5	0	0	0	3	2	3	0	0	0	0	0	0	0	0	1	0
O60309	O60309	uc031rdp.1	protein_coding	0	1	2	6	1	0	0	3	2	2	0	0	0	0	0	0	0	0	1	0
O60309	O60309	uc031rdq.1	protein_coding	0	1	3	5	0	0	0	3	2	3	0	0	0	0	0	0	0	0	1	0
O60309	O60309	uc031rdr.1	protein_coding	0	1	2	6	1	0	0	3	2	2	0	0	0	0	0	0	0	0	1	0
O60309	O60309	uc031rds.1	protein_coding	0	1	2	6	1	0	0	3	2	2	0	0	0	0	0	0	0	0	1	0
O60309	O60309	uc031rdt.1	protein_coding	0	1	2	6	1	0	0	3	2	2	0	0	0	0	0	0	0	0	1	0
O60309	O60309	uc031rdu.1	protein_coding	0	1	3	5	0	0	0	3	2	3	0	0	0	0	0	0	0	0	1	0
O60309	O60309	uc031rdv.1	protein_coding	0	1	2	6	1	0	0	3	2	2	0	0	0	0	0	0	0	0	1	0
O60309	O60309	uc031rdw.1	protein_coding	0	1	2	6	1	0	0	3	2	2	0	0	0	0	0	0	0	0	1	0
O60309	O60309	uc031rdx.1	protein_coding	0	1	3	5	0	0	0	3	2	3	0	0	0	0	0	0	0	0	1	0
O60309	O60309	uc031rdy.1	protein_coding	0	1	2	6	1	0	0	3	2	2	0	0	0	0	0	0	0	0	1	0
O60309	O60309	uc031rdz.1	protein_coding	0	1	3	5	0	0	0	3	2	3	0	0	0	0	0	0	0	0	1	0
O60309	O60309	uc031rea.1	protein_coding	0	1	3	5	0	0	0	3	2	3	0	0	0	0	0	0	0	0	1	0
O60309	O60309	uc031reb.1	protein_coding	0	1	3	5	0	0	0	3	2	3	0	0	0	0	0	0	0	0	1	0
O60309	O60309	uc031rec.1	protein_coding	0	1	2	6	1	0	0	3	2	2	0	0	0	0	0	0	0	0	1	0
O60309	O60309	uc031red.1	protein_coding	0	1	2	5	0	0	0	5	0	2	0	0	0	0	0	0	0	0	1	0
O60312	O60312	uc010ayu.3	protein_coding	0	5	3	23	0	0	0	0	23	3	0	0	0	0	0	0	0	0	5	0
O60320	O60320	uc001zcn.2	protein_coding	0	5	2	10	0	0	0	0	11	2	0	0	0	1	0	0	0	0	4	0
O60320	O60320	uc010azk.1	protein_coding	0	6	2	18	0	0	0	0	19	2	0	0	0	1	0	0	0	0	5	0
O60336	O60336	uc001zok.4	protein_coding	0	2	1	6	1	0	0	0	6	1	0	0	0	1	0	0	0	0	1	0
O60336	O60336	uc010bcj.3	protein_coding	0	2	0	7	1	0	1	0	6	0	0	0	0	1	0	0	0	0	1	0
O60336-2	O60336-2	uc010bci.3	protein_coding	0	1	1	7	1	0	0	0	6	1	0	0	0	0	0	0	0	0	1	0
O60336-3	O60336-3	uc010bcl.3	protein_coding	0	2	0	7	1	0	0	0	7	0	0	0	0	1	0	0	0	0	1	0
O60336-4	O60336-4	uc010bck.3	protein_coding	0	1	0	8	1	0	2	0	6	0	0	0	0	1	0	0	0	0	0	0
O60336-6	O60336-6	uc001zoj.4	protein_coding	0	2	1	6	1	0	0	0	6	1	0	0	0	1	0	0	0	0	1	0
O60346	O60346	uc021ule.1	protein_coding	0	1	0	5	0	0	0	0	5	0	0	0	0	0	0	0	0	0	1	0
O60356	O60356	uc002dqe.1	protein_coding	0	0	0	1	0	0	0	0	0	0	0	0	0	0	0	0	0	0	0	1
O60359	O60359	uc002dmf.3	protein_coding	0	0	0	1	0	0	0	0	1	0	0	0	0	0	0	0	0	0	0	0
O60479	O60479	uc002ipy.3	protein_coding	0	2	0	5	1	1	1	0	3	0	0	0	0	0	0	0	0	0	1	0
O60503	O60503	uc002cvx.3	protein_coding	0	2	2	23	7	0	0	0	16	2	0	0	0	0	0	0	0	0	2	0
O60543	O60543	uc002kqt.4	protein_coding	0	0	1	8	0	0	0	0	8	1	0	0	0	0	0	0	0	0	0	0
O60565	O60565	uc001zhe.2	protein_coding	0	0	0	8	7	0	0	1	0	0	0	0	0	0	0	0	0	0	0	0
O60565	O60565	uc021sio.1	protein_coding	0	0	0	8	0	0	0	8	0	0	0	0	0	0	0	0	0	0	0	0
O60565-2	O60565-2	uc010uby.2	protein_coding	0	0	0	8	7	0	0	1	0	0	0	0	0	0	0	0	0	0	0	0
O60566	O60566	uc010ucl.1	protein_coding	0	1	2	4	0	0	0	1	3	2	0	0	0	0	0	0	0	0	1	0
O60637	O60637	uc002bcj.3	protein_coding	0	1	0	1	1	0	0	0	0	0	0	0	0	0	0	0	0	0	1	0
O60637-2	O60637-2	uc002bck.3	protein_coding	0	1	0	1	1	0	0	0	0	0	0	0	0	0	0	0	0	0	1	0
O60637-3	O60637-3	uc010ump.2	protein_coding	0	1	0	1	1	0	0	0	0	0	0	0	0	0	0	0	0	0	1	0
O60658	O60658	uc002blh.3	protein_coding	0	0	0	18	0	0	0	0	17	0	0	0	0	0	0	0	0	0	0	1
O60658	O60658	uc002blj.3	protein_coding	0	0	0	18	0	0	0	0	17	0	0	0	0	0	0	0	0	0	0	1
O60658	O60658	uc002blk.3	protein_coding	0	0	0	13	0	0	1	0	12	0	0	0	0	0	0	0	0	0	0	0
O60658	O60658	uc010bnc.3	protein_coding	0	0	0	18	0	0	0	0	17	0	0	0	0	0	0	0	0	0	0	1
O60658	O60658	uc010bnd.3	protein_coding	0	0	0	18	0	0	0	0	17	0	0	0	0	0	0	0	0	0	0	1
O60658-2	O60658-2	uc002bli.3	protein_coding	0	0	0	18	0	0	0	0	17	0	0	0	0	0	0	0	0	0	0	1
O60721	O60721	uc010ujf.2	protein_coding	0	0	1	0	0	0	0	0	0	1	0	0	0	0	0	0	0	0	0	0
O60721-2	O60721-2	uc010ujh.2	protein_coding	0	0	1	0	0	0	0	0	0	1	0	0	0	0	0	0	0	0	0	0
O60861	O60861	uc002gmg.1	protein_coding	0	2	0	29	6	0	0	1	22	0	0	0	0	0	0	0	0	0	2	0
O60861	O60861	uc010vvc.1	protein_coding	0	2	0	20	6	0	0	1	12	0	0	0	0	0	0	0	0	0	2	1
O60861-2	O60861-2	uc002gmh.1	protein_coding	0	2	0	20	6	0	1	1	12	0	0	0	0	0	0	0	0	0	2	0
O60861-4	O60861-4	uc002gmj.1	protein_coding	0	2	0	25	6	0	0	1	17	0	0	0	0	0	0	0	0	0	2	1
O60861-4	O60861-4	uc010coh.1	protein_coding	0	2	0	26	6	0	1	1	18	0	0	0	0	0	0	0	0	0	2	0
O60884	O60884	uc002eeo.2	protein_coding	0	0	0	1	0	0	0	0	1	0	0	0	0	0	0	0	0	0	0	0
O60895	O60895	uc002ibg.3	protein_coding	0	0	0	2	0	0	0	0	0	0	0	0	0	0	0	0	0	0	0	2
O60931	O60931	uc002fwb.3	protein_coding	0	0	1	10	1	0	0	4	5	1	0	0	0	0	0	0	0	0	0	0
O60931	O60931	uc010vrv.2	protein_coding	0	0	1	10	1	0	0	4	5	1	0	0	0	0	0	0	0	0	0	0
O60931-2	O60931-2	uc002fwa.3	protein_coding	0	0	1	10	1	0	0	4	5	1	0	0	0	0	0	0	0	0	0	0
O60931-2	O60931-2	uc010ckj.3	protein_coding	0	0	1	10	1	0	0	4	5	1	0	0	0	0	0	0	0	0	0	0
O60936	O60936	uc010vjd.3	protein_coding	0	1	0	3	0	1	1	2	0	0	0	0	0	0	0	0	0	0	0	0
O75078	O75078	uc002ihh.3	protein_coding	0	3	0	20	5	0	0	0	15	0	0	0	0	0	0	0	0	0	3	0
O75081	O75081	uc002fmm.2	protein_coding	0	3	0	24	1	0	0	0	24	0	0	0	0	1	0	0	0	0	2	0
O75081	O75081	uc002fmn.2	protein_coding	0	2	0	21	0	0	0	4	18	0	0	0	0	1	0	0	0	0	1	0
O75081-2	O75081-2	uc002fml.2	protein_coding	0	3	0	16	1	0	0	0	16	0	0	0	0	1	0	0	0	0	2	0
O75113	O75113	uc002efp.3	protein_coding	0	0	0	1	1	0	0	0	0	0	0	0	0	0	0	0	0	0	0	0
O75150	O75150	uc002dzr.3	protein_coding	0	2	1	7	0	1	1	2	0	1	0	0	0	0	0	0	0	0	1	4
O75153	O75153	uc002fux.1	protein_coding	0	3	0	13	2	0	0	0	11	0	0	0	0	1	0	0	0	0	2	1
O75153	O75153	uc002fuy.1	protein_coding	0	3	0	13	2	0	0	0	12	0	0	0	0	1	0	0	0	0	2	0
O75154	O75154	uc002chf.3	protein_coding	0	2	0	28	0	0	0	1	28	0	0	0	0	1	0	0	0	0	1	0
O75154-2	O75154-2	uc010uuf.2	protein_coding	0	2	0	19	0	0	0	1	19	0	0	0	0	1	0	0	0	0	1	0
O75154-3	O75154-3	uc010uug.2	protein_coding	0	2	0	18	0	0	0	1	18	0	0	0	0	1	0	0	0	0	1	0
O75185	O75185	uc002fhx.3	protein_coding	0	3	1	40	0	0	0	1	40	1	0	0	0	1	0	0	0	0	2	0
O75185	O75185	uc002fhz.3	protein_coding	0	2	0	40	0	0	0	1	39	0	0	0	0	1	0	0	0	0	1	1
O75185-2	O75185-2	uc002fhy.3	protein_coding	0	2	2	38	0	0	0	1	38	2	0	0	0	1	0	0	0	0	1	0
O75192	O75192	uc002boi.4	protein_coding	0	1	0	6	0	0	1	0	5	0	0	0	0	0	0	0	0	0	1	0
O75200	O75200	uc002dpe.2	protein_coding	0	0	0	1	0	0	0	1	0	0	0	0	0	0	0	0	0	0	0	0
O75200	O75200.2	uc002dpk.2	protein_coding	0	0	0	2	0	0	0	0	2	0	0	0	0	0	0	0	0	0	0	0
O75200	O75200.3	uc002dqq.2	protein_coding	0	0	0	1	0	0	0	0	1	0	0	0	0	0	0	0	0	0	0	0
O75200	O75200.4	uc002dqw.2	protein_coding	0	0	0	1	0	0	0	0	1	0	0	0	0	0	0	0	0	0	0	0
O75208	O75208	uc002elq.3	protein_coding	0	0	0	8	0	0	0	4	3	0	0	0	0	0	0	0	0	0	0	1
O75208	O75208	uc010vhn.2	protein_coding	0	0	0	4	1	0	0	0	2	0	0	0	0	0	0	0	0	0	0	1
O75208-2	O75208-2	uc002elp.2	protein_coding	0	0	0	4	0	0	0	1	2	0	0	0	0	0	0	0	0	0	0	1
O75309	O75309	uc002eql.3	protein_coding	0	0	1	3	0	0	0	0	3	1	0	0	0	0	0	0	0	0	0	0
O75309-2	O75309-2	uc010cdy.3	protein_coding	0	0	1	3	0	0	0	0	3	1	0	0	0	0	0	0	0	0	0	0
O75324	O75324	uc002dbf.3	protein_coding	0	3	0	14	7	1	1	3	3	0	0	0	0	0	0	0	0	0	2	0
O75324	O75324	uc021tda.1	protein_coding	0	2	0	14	0	0	0	10	0	0	0	0	0	0	0	0	0	0	2	4
O75326	O75326	uc002axv.3	protein_coding	0	0	0	1	0	0	0	0	1	0	0	0	0	0	0	0	0	0	0	0
O75342	O75342	uc002gjy.1	protein_coding	0	1	0	18	0	0	1	0	12	0	0	0	0	1	0	0	0	0	0	6
O75376	O75376	uc002gpo.3	protein_coding	0	2	0	28	0	0	0	2	27	0	0	0	0	1	0	0	0	0	1	0
O75376	O75376	uc010coy.3	protein_coding	0	2	0	20	0	0	0	2	19	0	0	0	0	1	0	0	0	0	1	0
O75376-2	O75376-2	uc002gpn.3	protein_coding	0	2	0	28	0	0	0	2	27	0	0	0	0	1	0	0	0	0	1	0
O75376-2	O75376-2	uc002gpp.1	protein_coding	0	2	0	14	0	0	0	2	13	0	0	0	0	1	0	0	0	0	1	0
O75391	O75391	uc002gae.3	protein_coding	0	1	0	10	1	0	0	7	2	0	0	0	0	1	0	0	0	0	0	1
O75444	O75444	uc002ffn.3	protein_coding	0	0	0	4	4	0	0	0	0	0	0	0	0	0	0	0	0	0	0	0
O75444-1	O75444-1	uc002ffm.3	protein_coding	0	0	0	4	0	0	0	0	4	0	0	0	0	0	0	0	0	0	0	0
O75448	O75448	uc002hts.3	protein_coding	0	2	0	20	0	0	0	9	11	0	0	0	0	0	0	0	0	0	2	0
O75448	O75448	uc002htt.3	protein_coding	0	2	0	20	0	0	0	9	11	0	0	0	0	0	0	0	0	0	2	0
O75448	O75448	uc010wev.1	protein_coding	0	1	0	14	0	0	0	4	10	0	0	0	0	0	0	0	0	0	1	0
O75448	O75448	uc010wew.1	protein_coding	0	1	0	12	0	0	0	4	8	0	0	0	0	0	0	0	0	0	1	0
O75448-2	O75448-2	uc002htu.3	protein_coding	0	2	0	20	0	0	0	9	11	0	0	0	0	0	0	0	0	0	2	0
O75448-2	O75448-2	uc010cwn.3	protein_coding	0	2	0	20	0	0	0	9	11	0	0	0	0	0	0	0	0	0	2	0
O75460	O75460	uc002jdz.2	protein_coding	0	3	0	21	0	0	0	0	21	0	0	0	0	0	0	0	0	0	3	0
O75478	O75478	uc002hnt.3	protein_coding	0	0	1	6	0	0	1	0	5	1	0	0	0	0	0	0	0	0	0	0
O75478	O75478	uc002hnv.3	protein_coding	0	0	1	6	0	0	1	0	5	1	0	0	0	0	0	0	0	0	0	0
O75478	O75478	uc002hnw.3	protein_coding	0	0	0	5	0	0	0	0	5	0	0	0	0	0	0	0	0	0	0	0
O75478-2	O75478-2	uc002hnu.1	protein_coding	0	0	1	6	0	0	1	1	4	1	0	0	0	0	0	0	0	0	0	0
O75506	O75506	uc002fgy.2	protein_coding	0	0	0	2	0	0	1	0	1	0	0	0	0	0	0	0	0	0	0	0
O75541	O75541	uc002fbe.3	protein_coding	0	0	0	6	0	0	0	2	3	0	0	0	0	0	0	0	0	0	0	1
O75541	O75541	uc002fbg.4	protein_coding	0	0	0	6	0	0	0	2	4	0	0	0	0	0	0	0	0	0	0	0
O75541	O75541	uc010vmj.2	protein_coding	0	0	0	6	0	0	0	2	4	0	0	0	0	0	0	0	0	0	0	0
O75541	O75541	uc021tlb.1	protein_coding	0	0	0	6	0	0	0	2	4	0	0	0	0	0	0	0	0	0	0	0
O75616	O75616	uc002hcy.1	protein_coding	0	1	0	2	0	0	0	0	1	0	0	0	0	0	0	0	0	0	1	1
O75616	O75616	uc002hda.1	protein_coding	0	1	0	1	0	0	0	0	1	0	0	0	0	0	0	0	0	0	1	0
O75635	O75635	uc002ljl.4	protein_coding	0	0	1	12	1	0	0	0	11	1	0	0	0	0	0	0	0	0	0	0
O75635	O75635	uc002ljm.4	protein_coding	0	0	1	12	1	0	0	0	11	1	0	0	0	0	0	0	0	0	0	0
O75635	O75635	uc010dqg.4	protein_coding	0	0	1	12	1	0	0	0	10	1	0	0	0	0	0	0	0	0	0	1
O75674	O75674	uc002iud.2	protein_coding	0	0	0	1	0	0	0	0	1	0	0	0	0	0	0	0	0	0	0	0
O75674	O75674	uc010dbz.2	protein_coding	0	0	0	1	0	0	0	0	1	0	0	0	0	0	0	0	0	0	0	0
O75674	O75674	uc010wnc.1	protein_coding	0	0	0	1	0	0	0	0	1	0	0	0	0	0	0	0	0	0	0	0
O75771	O75771	uc002hir.2	protein_coding	0	1	0	5	0	1	1	0	2	0	0	0	0	0	0	0	0	0	0	2
O75771	O75771	uc002hit.2	protein_coding	0	1	0	5	0	1	1	0	2	0	0	0	0	0	0	0	0	0	0	2
O75771	O75771	uc010ctk.2	protein_coding	0	1	0	5	0	1	1	0	2	0	0	0	0	0	0	0	0	0	0	2
O75771	O75771	uc010wce.1	protein_coding	0	1	0	5	0	1	1	0	2	0	0	0	0	0	0	0	0	0	0	2
O75771-3	O75771-3	uc002his.2	protein_coding	0	1	0	5	0	1	1	0	2	0	0	0	0	0	0	0	0	0	0	2
O75771-8	O75771-8	uc010wcd.1	protein_coding	0	1	0	5	0	1	1	0	2	0	0	0	0	0	0	0	0	0	0	2
O75783	O75783	uc002cis.1	protein_coding	0	0	0	7	0	0	0	2	0	0	0	0	0	0	0	0	0	0	0	5
O75783-2	O75783-2	uc002cir.1	protein_coding	0	0	0	8	0	0	0	2	0	0	0	0	0	0	0	0	0	0	0	6
O75808	O75808	uc002chi.3	protein_coding	0	4	0	30	3	0	0	2	26	0	0	0	0	1	0	0	0	0	3	0
O75808-2	O75808-2	uc002chh.1	protein_coding	0	0	0	28	0	0	0	22	6	0	0	0	0	0	0	0	0	0	0	0
O75822	O75822	uc001ztv.3	protein_coding	0	0	1	7	2	0	0	1	3	1	0	0	0	0	0	0	0	0	0	1
O75838	O75838	uc002bdb.2	protein_coding	0	1	0	5	0	0	0	0	5	0	0	0	0	0	0	0	0	0	1	0
O75880	O75880	uc002gmr.4	protein_coding	0	0	0	4	0	0	0	0	4	0	0	0	0	0	0	0	0	0	0	0
O75888	O75888	uc002ghk.2	protein_coding	0	0	0	1	0	0	0	0	0	0	0	0	0	0	0	0	0	0	0	1
O75888-2	O75888-2	uc002ghl.2	protein_coding	0	0	0	1	0	0	0	0	0	0	0	0	0	0	0	0	0	0	0	1
O75888-3	O75888-3	uc002ghj.2	protein_coding	0	0	0	1	0	0	0	0	0	0	0	0	0	0	0	0	0	0	0	1
O75888-4	O75888-4	uc010vua.1	protein_coding	0	0	0	1	0	0	0	0	0	0	0	0	0	0	0	0	0	0	0	1
O75916	O75916	uc002jfe.3	protein_coding	0	0	0	22	1	0	0	2	19	0	0	0	0	0	0	0	0	0	0	0
O75916	O75916	uc002jfg.3	protein_coding	0	0	0	13	1	0	3	2	7	0	0	0	0	0	0	0	0	0	0	0
O75916-5	O75916-5	uc002jfd.3	protein_coding	0	0	0	22	1	0	0	2	19	0	0	0	0	0	0	0	0	0	0	0
O75925	O75925	uc002aqz.3	protein_coding	0	0	0	5	0	0	0	0	5	0	0	0	0	0	0	0	0	0	0	0
O75928	O75928	uc002lck.3	protein_coding	0	0	0	3	0	0	0	0	3	0	0	0	0	0	0	0	0	0	0	0
O75928	O75928	uc010dnp.3	protein_coding	0	0	0	3	0	0	0	0	3	0	0	0	0	0	0	0	0	0	0	0
O75928-2	O75928-2	uc002lcl.3	protein_coding	0	0	0	3	0	0	0	0	3	0	0	0	0	0	0	0	0	0	0	0
O75928-3	O75928-3	uc002lcn.1	protein_coding	0	0	0	1	0	0	0	0	1	0	0	0	0	0	0	0	0	0	0	0
O75947	O75947	uc002jmn.1	protein_coding	0	0	0	1	0	0	1	0	0	0	0	0	0	0	0	0	0	0	0	0
O75947-2	O75947-2	uc002jmo.1	protein_coding	0	0	0	1	0	0	1	0	0	0	0	0	0	0	0	0	0	0	0	0
O75951	O75951	uc002hkj.2	protein_coding	0	0	0	4	0	0	0	3	1	0	0	0	0	0	0	0	0	0	0	0
O75951	O75951	uc002hkk.2	protein_coding	0	0	0	4	0	0	0	3	1	0	0	0	0	0	0	0	0	0	0	0
O75952	O75952	uc002kux.3	protein_coding	0	0	1	5	2	0	0	2	1	1	0	0	0	0	0	0	0	0	0	0
O75952	O75952	uc010xbb.1	protein_coding	0	0	1	5	2	0	0	3	0	1	0	0	0	0	0	0	0	0	0	0
O75952-2	O75952-2	uc002kva.3	protein_coding	0	0	1	5	2	0	0	2	1	1	0	0	0	0	0	0	0	0	0	0
O75952-3	O75952-3	uc002kuy.3	protein_coding	0	1	1	4	0	0	0	2	2	1	0	0	0	0	0	0	0	0	1	0
O75952-3	O75952-3	uc002kvc.3	protein_coding	0	1	1	4	0	0	0	2	2	1	0	0	0	0	0	0	0	0	1	0
O75952-3	O75952-3	uc021uig.1	protein_coding	0	1	1	4	0	0	0	3	1	1	0	0	0	0	0	0	0	0	1	0
O75952-4	O75952-4	uc002kuz.3	protein_coding	0	0	1	5	0	0	0	2	3	1	0	0	0	0	0	0	0	0	0	0
O75952-5	O75952-5	uc002kvb.3	protein_coding	0	1	1	4	0	0	0	2	2	1	0	0	0	0	0	0	0	0	1	0
O75971	O75971	uc002apu.1	protein_coding	0	0	0	7	0	0	0	0	3	0	0	0	0	0	0	0	0	0	0	4
O75973	O75973	uc002ihv.3	protein_coding	0	0	0	1	0	0	0	0	1	0	0	0	0	0	0	0	0	0	0	0
O75976	O75976	uc002hfb.2	protein_coding	0	0	0	9	1	0	0	0	8	0	0	0	0	0	0	0	0	0	0	0
O76009	O76009	uc002hwk.2	protein_coding	0	1	1	4	0	0	0	1	2	1	0	0	0	0	0	0	0	0	1	1
O76011	O76011	uc002hwm.3	protein_coding	0	1	2	2	1	0	0	0	1	2	0	0	0	0	0	0	0	0	1	0
O76013	O76013	uc002hwt.3	protein_coding	0	1	0	2	0	0	0	0	1	0	0	0	0	0	0	0	0	0	1	1
O76014	O76014	uc002hwp.1	protein_coding	0	1	0	0	0	0	0	0	0	0	0	0	0	0	0	0	0	0	1	0
O76015	O76015	uc002hwq.1	protein_coding	0	0	1	7	0	0	0	0	7	1	0	0	0	0	0	0	0	0	0	0
O76021	O76021	uc002dbp.1	protein_coding	0	1	0	3	1	0	0	0	2	0	0	0	0	0	0	0	0	0	1	0
O76021	O76021	uc010buv.1	protein_coding	0	1	0	3	1	0	0	0	2	0	0	0	0	0	0	0	0	0	1	0
O76021	O76021	uc010uyw.1	protein_coding	0	0	0	4	1	0	1	0	2	0	0	0	0	0	0	0	0	0	0	0
O76031	O76031	uc002aom.3	protein_coding	0	0	0	4	0	0	0	0	4	0	0	0	0	0	0	0	0	0	0	0
O76031	O76031	uc010bhg.1	protein_coding	0	0	0	4	1	0	0	1	2	0	0	0	0	0	0	0	0	0	0	0
O94762	O94762	uc010dgl.3	protein_coding	0	3	1	19	0	0	0	4	15	1	0	0	0	1	0	0	0	0	2	1
O94762-2	O94762-2	uc002jpb.2	protein_coding	0	0	0	6	2	0	0	1	2	0	0	0	0	0	0	0	0	0	0	1
O94762-3	O94762-3	uc002joz.4	protein_coding	0	1	0	5	0	0	0	1	3	0	0	0	0	0	0	0	0	0	1	1
O94762-3	O94762-3	uc002jpa.4	protein_coding	0	1	0	5	0	0	0	1	3	0	0	0	0	0	0	0	0	0	1	1
O94778	O94778	uc002doc.3	protein_coding	0	1	0	2	0	0	0	0	1	0	0	0	0	0	0	0	0	0	1	1
O94788	O94788	uc002aex.3	protein_coding	0	1	0	11	5	0	0	0	6	0	0	0	0	0	0	0	0	0	1	0
O94788-2	O94788-2	uc002aey.3	protein_coding	0	1	0	11	5	0	0	0	6	0	0	0	0	0	0	0	0	0	1	0
O94788-3	O94788-3	uc010ugv.2	protein_coding	0	1	0	11	5	0	0	0	6	0	0	0	0	0	0	0	0	0	1	0
O94810	O94810	uc002cgj.1	protein_coding	0	2	1	15	1	0	0	5	10	1	0	0	0	1	0	0	0	0	1	0
O94810	O94810	uc002cgk.1	protein_coding	0	0	1	17	1	0	1	5	10	1	0	0	0	0	0	0	0	0	0	0
O94810-2	O94810-2	uc010bqs.1	protein_coding	0	2	1	15	1	0	0	5	10	1	0	0	0	1	0	0	0	0	1	0
O94812	O94812	uc002clk.2	protein_coding	0	2	1	27	2	0	0	1	18	1	0	0	0	1	0	0	0	0	1	7
O94818	O94818	uc010dmi.3	protein_coding	0	0	0	5	1	0	0	0	4	0	0	0	0	0	0	0	0	0	0	0
O94818-2	O94818-2	uc002kxt.4	protein_coding	0	0	0	5	1	0	0	0	4	0	0	0	0	0	0	0	0	0	0	0
O94818-3	O94818-3	uc010dmh.3	protein_coding	0	0	0	5	1	0	0	0	4	0	0	0	0	0	0	0	0	0	0	0
O94818-3	O94818-3	uc010xbt.2	protein_coding	0	0	0	5	1	0	0	0	4	0	0	0	0	0	0	0	0	0	0	0
O94832	O94832	uc002hho.1	protein_coding	0	1	0	7	2	0	0	0	6	0	0	0	0	1	0	0	0	0	0	0
O94911	O94911	uc002jhp.3	protein_coding	0	2	3	22	0	0	0	0	22	3	0	0	0	0	0	0	0	0	2	0
O94911-2	O94911-2	uc002jhs.3	protein_coding	0	1	2	6	2	0	0	0	4	2	0	0	0	0	0	0	0	0	1	0
O94911-2	O94911-2	uc002jht.3	protein_coding	0	1	2	6	2	0	0	0	4	2	0	0	0	0	0	0	0	0	1	0
O94916	O94916	uc002exm.2	protein_coding	0	1	0	14	7	0	0	1	6	0	0	0	0	0	0	0	0	0	1	0
O94916-4	O94916-4	uc002exn.2	protein_coding	0	1	0	14	7	0	0	1	6	0	0	0	0	0	0	0	0	0	1	0
O94923	O94923	uc002ary.1	protein_coding	0	0	1	2	2	0	0	0	0	1	0	0	0	0	0	0	0	0	0	0
O94972	O94972	uc002iwy.4	protein_coding	0	0	0	7	0	0	0	1	6	0	0	0	0	0	0	0	0	0	0	0
O94972	O94972	uc002iwz.4	protein_coding	0	0	0	4	0	0	0	0	4	0	0	0	0	0	0	0	0	0	0	0
O94972-2	O94972-2	uc002ixa.4	protein_coding	0	0	0	4	0	0	0	0	4	0	0	0	0	0	0	0	0	0	0	0
O94983	O94983	uc002gah.2	protein_coding	0	1	1	7	0	0	0	1	5	1	0	0	0	0	0	0	0	0	1	1
O94983	O94983	uc010ckv.1	protein_coding	0	1	0	6	0	0	1	1	3	0	0	0	0	0	0	0	0	0	1	1
O94983-3	O94983-3	uc002gai.2	protein_coding	0	1	1	7	0	0	0	1	5	1	0	0	0	0	0	0	0	0	1	1
O94983-4	O94983-4	uc002gag.2	protein_coding	0	2	1	7	0	1	1	1	4	1	0	0	0	0	0	0	0	0	1	1
O94986	O94986	uc001zwy.3	protein_coding	0	2	1	7	0	0	0	0	8	1	0	0	0	1	0	0	0	0	1	0
O94986-1	O94986-1	uc001zxa.2	protein_coding	0	1	1	8	0	0	0	1	8	1	0	0	0	1	0	0	0	0	0	0
O94989	O94989	uc002glc.3	protein_coding	0	0	1	1	0	0	0	0	1	1	0	0	0	0	0	0	0	0	0	0
O94989	O94989	uc002gld.3	protein_coding	0	0	1	1	0	0	0	0	1	1	0	0	0	0	0	0	0	0	0	0
O94989	O94989	uc010vuw.2	protein_coding	0	0	0	2	0	0	0	0	2	0	0	0	0	0	0	0	0	0	0	0
O94992	O94992	uc002iig.3	protein_coding	0	0	0	2	1	0	1	0	0	0	0	0	0	0	0	0	0	0	0	0
O95067	O95067	uc002afz.3	protein_coding	0	0	0	2	0	0	0	0	2	0	0	0	0	0	0	0	0	0	0	0
O95086	O95086	uc002dpu.1	protein_coding	0	0	0	2	0	0	0	0	1	0	0	0	0	0	0	0	0	0	0	1
O95089	O95089	uc002dps.1	protein_coding	0	0	0	2	0	0	0	0	1	0	0	0	0	0	0	0	0	0	0	1
O95089	O95089	uc002dpw.1	protein_coding	0	0	0	2	0	0	0	0	1	0	0	0	0	0	0	0	0	0	0	1
O95089	O95089	uc021tfs.1	protein_coding	0	0	0	1	0	0	0	0	1	0	0	0	0	0	0	0	0	0	0	0
O95090	O95090	uc002dpx.1	protein_coding	0	0	0	2	0	0	0	0	1	0	0	0	0	0	0	0	0	0	0	1
O95093	O95093	uc002dpy.1	protein_coding	0	0	0	2	0	0	0	0	1	0	0	0	0	0	0	0	0	0	0	1
O95149	O95149	uc002ban.3	protein_coding	0	0	0	3	0	0	0	0	1	0	0	0	0	0	0	0	0	0	0	2
O95149	O95149	uc002baq.3	protein_coding	0	0	0	3	0	0	0	0	3	0	0	0	0	0	0	0	0	0	0	0
O95149	O95149	uc002bar.3	protein_coding	0	0	0	3	0	0	0	0	3	0	0	0	0	0	0	0	0	0	0	0
O95149	O95149	uc002bas.3	protein_coding	0	0	0	3	0	0	0	0	3	0	0	0	0	0	0	0	0	0	0	0
O95153	O95153	uc002ivx.5	protein_coding	0	0	3	5	0	0	0	0	5	3	0	0	0	0	0	0	0	0	0	0
O95153-2	O95153-2	uc010dcs.4	protein_coding	0	0	3	5	0	0	0	0	5	3	0	0	0	0	0	0	0	0	0	0
O95157	O95157	uc002ipa.3	protein_coding	0	0	0	2	0	0	0	0	2	0	0	0	0	0	0	0	0	0	0	0
O95166	O95166	uc002gfb.3	protein_coding	0	0	0	5	0	0	0	3	1	0	0	0	0	0	0	0	0	0	0	1
O95170	O95170	uc002gov.4	protein_coding	0	2	3	19	1	0	0	0	17	3	0	0	0	0	0	0	0	0	2	1
O95170-2	O95170-2	uc010vvy.2	protein_coding	0	1	2	10	1	0	0	0	8	2	0	0	0	0	0	0	0	0	1	1
O95180	O95180	uc002cks.3	protein_coding	0	7	2	34	0	0	0	9	25	2	0	0	0	0	0	0	0	0	7	0
O95180-2	O95180-2	uc002ckt.3	protein_coding	0	7	2	34	0	0	0	9	25	2	0	0	0	0	0	0	0	0	7	0
O95190	O95190	uc002ano.2	protein_coding	0	0	0	2	0	0	0	1	1	0	0	0	0	0	0	0	0	0	0	0
O95201	O95201	uc002cua.3	protein_coding	0	1	1	3	0	0	0	1	2	1	0	0	0	0	0	0	0	0	1	0
O95201	O95201	uc002cub.3	protein_coding	0	1	1	3	0	0	0	1	2	1	0	0	0	0	0	0	0	0	1	0
O95201	O95201	uc031quw.1	protein_coding	0	1	1	3	0	0	0	1	2	1	0	0	0	0	0	0	0	0	1	0
O95208	O95208	uc002gvd.4	protein_coding	0	0	1	5	1	0	0	1	3	1	0	0	0	0	0	0	0	0	0	0
O95232	O95232	uc002isr.3	protein_coding	0	0	0	5	0	0	0	1	4	0	0	0	0	0	0	0	0	0	0	0
O95232	O95232	uc002iss.3	protein_coding	0	0	0	5	1	0	0	1	3	0	0	0	0	0	0	0	0	0	0	0
O95249	O95249	uc002hfe.3	protein_coding	0	0	0	3	1	0	0	1	0	0	0	0	0	0	0	0	0	0	0	1
O95251	O95251	uc002ipm.3	protein_coding	0	1	0	2	0	0	0	0	2	0	0	0	0	0	0	0	0	0	1	0
O95251	O95251	uc010wmd.2	protein_coding	0	1	0	2	0	0	0	0	2	0	0	0	0	0	0	0	0	0	1	0
O95251-2	O95251-2	uc010wmb.2	protein_coding	0	1	0	2	0	0	0	0	2	0	0	0	0	0	0	0	0	0	1	0
O95251-3	O95251-3	uc010wmc.2	protein_coding	0	1	0	2	0	0	0	0	2	0	0	0	0	0	0	0	0	0	1	0
O95267	O95267	uc001zke.4	protein_coding	0	1	0	3	0	0	0	0	3	0	0	0	0	0	0	0	0	0	1	0
O95267-2	O95267-2	uc001zkd.4	protein_coding	0	1	0	3	0	0	0	0	3	0	0	0	0	0	0	0	0	0	1	0
O95267-3	O95267-3	uc010bbf.3	protein_coding	0	1	0	2	0	0	0	0	2	0	0	0	0	0	0	0	0	0	1	0
O95267-5	O95267-5	uc010bbg.3	protein_coding	0	1	0	2	0	0	0	0	2	0	0	0	0	0	0	0	0	0	1	0
O95273	O95273	uc001zqv.3	protein_coding	0	1	0	6	0	0	1	0	6	0	0	0	0	1	0	0	0	0	0	0
O95273	O95273	uc001zqy.3	protein_coding	0	1	0	6	0	0	2	0	4	0	0	0	0	1	0	0	0	0	0	1
O95273	O95273	uc010bdb.3	protein_coding	0	1	0	6	0	0	1	0	6	0	0	0	0	1	0	0	0	0	0	0
O95273	O95273	uc010udl.2	protein_coding	0	1	0	6	0	0	1	0	6	0	0	0	0	1	0	0	0	0	0	0
O95273	O95273	uc021sjt.1	protein_coding	0	1	0	6	0	0	1	0	6	0	0	0	0	1	0	0	0	0	0	0
O95273	O95273	uc031qrn.1	protein_coding	0	1	0	6	0	0	1	0	6	0	0	0	0	1	0	0	0	0	0	0
O95273-4	O95273-4	uc021sjs.1	protein_coding	0	0	0	7	0	0	3	2	2	0	0	0	0	0	0	0	0	0	0	0
O95317	O95317	uc002aca.1	protein_coding	0	1	0	3	0	1	1	1	1	0	0	0	0	0	0	0	0	0	0	0
O95318	O95318	uc002acb.1	protein_coding	0	1	0	3	0	1	1	1	1	0	0	0	0	0	0	0	0	0	0	0
O95361	O95361	uc002gow.3	protein_coding	0	1	1	2	0	0	0	1	1	1	0	0	0	0	0	0	0	0	1	0
O95361	O95361	uc002gox.3	protein_coding	0	2	2	7	0	0	0	1	6	2	0	0	0	0	0	0	0	0	2	0
O95371	O95371	uc002cuw.1	protein_coding	0	2	1	5	0	0	0	3	0	1	0	0	0	0	0	0	0	0	2	2
O95395	O95395	uc002agd.3	protein_coding	0	0	0	5	1	0	0	4	0	0	0	0	0	0	0	0	0	0	0	0
O95395	O95395	uc002age.3	protein_coding	0	0	0	5	1	0	0	4	0	0	0	0	0	0	0	0	0	0	0	0
O95395	O95395	uc021smz.1	protein_coding	0	0	0	4	0	0	0	4	0	0	0	0	0	0	0	0	0	0	0	0
O95411	O95411	uc002hdv.1	protein_coding	0	0	0	2	0	0	1	0	0	0	0	0	0	0	0	0	0	0	0	1
O95424	O95424	uc002dal.3	protein_coding	0	0	0	2	0	0	0	2	0	0	0	0	0	0	0	0	0	0	0	0
O95427	O95427	uc021ulb.1	protein_coding	1	3	1	13	0	0	0	0	15	1	0	1	0	1	0	0	0	0	2	0
O95427	O95427	uc021ulc.1	protein_coding	1	2	0	16	0	1	3	0	15	0	0	1	0	1	0	0	0	0	0	0
O95427	O95427	uc021uld.1	protein_coding	1	2	0	16	0	1	3	0	15	0	0	1	0	1	0	0	0	0	0	0
O95453	O95453	uc010uzd.2	protein_coding	0	0	0	1	0	0	0	0	1	0	0	0	0	0	0	0	0	0	0	0
O95453-3	O95453-3	uc010uze.2	protein_coding	0	0	0	1	0	0	0	0	1	0	0	0	0	0	0	0	0	0	0	0
O95466-2	O95466-2	uc002iiq.3	protein_coding	0	1	2	6	0	0	0	2	2	2	0	0	0	0	0	0	0	0	1	2
O95471	O95471	uc002gfm.4	protein_coding	0	0	1	1	0	0	0	1	0	1	0	0	0	0	0	0	0	0	0	0
O95471	O95471	uc002gfn.4	protein_coding	0	0	1	1	0	0	0	1	0	1	0	0	0	0	0	0	0	0	0	0
O95476	O95476	uc002gfd.2	protein_coding	0	1	0	7	0	0	0	2	1	0	0	0	0	0	0	0	0	0	1	4
O95476	O95476	uc002gfe.2	protein_coding	0	1	0	7	0	0	0	2	1	0	0	0	0	0	0	0	0	0	1	4
O95484	O95484	uc010uwo.1	protein_coding	0	0	0	2	0	0	0	1	0	0	0	0	0	0	0	0	0	0	0	1
O95631	O95631	uc002glw.4	protein_coding	0	0	0	23	0	0	0	0	23	0	0	0	0	0	0	0	0	0	0	0
O95644	O95644	uc010xff.1	protein_coding	0	1	2	22	0	0	0	0	22	2	0	0	0	0	0	0	0	0	1	0
O95644	O95644	uc010xfg.2	protein_coding	0	3	0	41	3	0	0	0	38	0	0	0	0	0	0	0	0	0	3	0
O95714	O95714	uc001zbj.4	protein_coding	0	14	7	119	1	0	0	1	118	7	0	0	0	1	0	0	0	0	13	0
O95740	O95740	uc010dqb.3	protein_coding	0	2	1	15	3	0	1	9	2	1	0	0	0	0	0	0	0	0	2	0
O95838	O95838	uc002gmd.1	protein_coding	0	0	1	35	0	0	0	0	28	1	0	0	0	0	0	0	0	0	0	7
O95947	O95947	uc010veh.2	protein_coding	0	1	0	1	0	0	0	1	0	0	0	0	0	0	0	0	0	0	1	0
O95948	O95948	uc002lgo.3	protein_coding	0	1	0	36	33	0	0	0	3	0	0	0	0	0	0	0	0	0	1	0
O95976	O95976	uc002djg.2	protein_coding	0	0	0	4	1	0	0	0	2	0	0	0	0	0	0	0	0	0	0	1
O95976	O95976	uc010vbi.2	protein_coding	0	0	0	4	1	0	0	1	1	0	0	0	0	0	0	0	0	0	0	1
O95995	O95995	uc002fqh.2	protein_coding	0	2	0	30	4	0	0	2	24	0	0	0	0	0	0	0	0	0	2	0
O95995	O95995	uc002fqi.1	protein_coding	0	2	0	30	4	0	0	2	24	0	0	0	0	0	0	0	0	0	2	0
O95995	O95995	uc002fqj.1	protein_coding	0	2	0	30	4	0	0	2	24	0	0	0	0	0	0	0	0	0	2	0
O95995	O95995	uc010cjc.1	protein_coding	0	2	0	30	4	0	0	2	24	0	0	0	0	0	0	0	0	0	2	0
O95995	O95995	uc010vps.1	protein_coding	0	2	0	30	4	0	0	2	24	0	0	0	0	0	0	0	0	0	2	0
O95995	O95995	uc010vpw.1	protein_coding	0	2	0	30	4	0	0	2	24	0	0	0	0	0	0	0	0	0	2	0
O96000	O96000	uc002cni.2	protein_coding	0	0	0	8	0	0	0	5	2	0	0	0	0	0	0	0	0	0	0	1
P00167	P00167	uc002lli.3	protein_coding	0	0	0	3	0	0	0	0	3	0	0	0	0	0	0	0	0	0	0	0
P00167-2	P00167-2	uc002llh.3	protein_coding	0	0	0	3	0	0	0	0	3	0	0	0	0	0	0	0	0	0	0	0
P00738	P00738	uc002fbr.4	protein_coding	0	0	1	9	0	0	0	3	4	1	0	0	0	0	0	0	0	0	0	2
P00739	P00739	uc002fby.3	protein_coding	0	1	1	7	0	0	0	0	6	1	0	0	0	0	0	0	0	0	1	1
P01241	P01241	uc002jdj.3	protein_coding	0	0	0	5	0	0	1	0	1	0	0	0	0	0	0	0	0	0	0	3
P01241	P01241	uc002jdn.3	protein_coding	0	0	0	5	0	0	1	0	1	0	0	0	0	0	0	0	0	0	0	3
P01242	P01242	uc002jco.2	protein_coding	0	0	0	5	0	0	0	0	2	0	0	0	0	0	0	0	0	0	0	3
P01242-2	P01242-2	uc002jcl.2	protein_coding	0	0	0	5	0	0	0	0	2	0	0	0	0	0	0	0	0	0	0	3
P01242-3	P01242-3	uc002jcn.2	protein_coding	0	0	0	5	0	0	0	0	2	0	0	0	0	0	0	0	0	0	0	3
P01242-4	P01242-4	uc002jcm.2	protein_coding	0	0	0	5	0	0	0	0	2	0	0	0	0	0	0	0	0	0	0	3
P01243	P01243	uc002jcs.2	protein_coding	0	2	0	13	0	0	0	2	0	0	0	0	0	0	0	0	0	0	2	11
P01298	P01298	uc002iep.3	protein_coding	0	1	1	1	0	0	0	0	1	1	0	0	0	0	0	0	0	0	1	0
P01350	P01350	uc002hxl.3	protein_coding	0	2	1	4	0	0	0	4	1	1	0	0	0	1	0	0	0	0	1	0
P02008	P02008	uc002cft.1	protein_coding	0	0	0	2	0	0	1	0	1	0	0	0	0	0	0	0	0	0	0	0
P02686	P02686	uc010xfd.2	protein_coding	0	0	0	21	0	0	0	0	21	0	0	0	0	0	0	0	0	0	0	0
P02686-2	P02686-2	uc002lmr.3	protein_coding	0	0	0	21	0	0	0	2	19	0	0	0	0	0	0	0	0	0	0	0
P02686-3	P02686-3	uc002lml.3	protein_coding	0	0	0	2	0	0	0	0	2	0	0	0	0	0	0	0	0	0	0	0
P02686-4	P02686-4	uc002lmn.3	protein_coding	0	0	0	2	0	0	0	0	2	0	0	0	0	0	0	0	0	0	0	0
P02686-6	P02686-6	uc002lmp.3	protein_coding	0	0	0	2	0	0	0	0	2	0	0	0	0	0	0	0	0	0	0	0
P02730	P02730	uc002igf.4	protein_coding	0	0	0	1	0	0	0	0	1	0	0	0	0	0	0	0	0	0	0	0
P02749	P02749	uc002jfn.4	protein_coding	0	0	1	7	1	0	0	0	6	1	0	0	0	0	0	0	0	0	0	0
P04004	P04004	uc002hbc.3	protein_coding	0	1	1	13	0	0	0	4	5	1	0	0	0	0	0	0	0	0	1	4
P04075	P04075	uc002dvw.3	protein_coding	0	0	0	4	0	0	0	0	3	0	0	0	0	0	0	0	0	0	0	1
P04075	P04075	uc002dvx.3	protein_coding	0	0	0	4	0	0	0	0	3	0	0	0	0	0	0	0	0	0	0	1
P04075	P04075	uc002dvz.3	protein_coding	0	0	0	1	0	0	0	0	1	0	0	0	0	0	0	0	0	0	0	0
P04075	P04075	uc002dwa.4	protein_coding	0	0	0	1	0	0	0	0	1	0	0	0	0	0	0	0	0	0	0	0
P04075	P04075	uc002dwc.3	protein_coding	0	0	0	1	0	0	0	0	1	0	0	0	0	0	0	0	0	0	0	0
P04075	P04075	uc010veg.2	protein_coding	0	0	0	1	0	0	0	0	1	0	0	0	0	0	0	0	0	0	0	0
P04180	P04180	uc002euy.1	protein_coding	0	0	0	1	0	0	0	1	0	0	0	0	0	0	0	0	0	0	0	0
P04183	P04183	uc002juw.2	protein_coding	0	2	0	3	1	0	0	1	1	0	0	0	0	0	0	0	0	0	2	0
P04278	P04278	uc002gie.2	protein_coding	0	0	0	4	0	0	0	1	2	0	0	0	0	0	0	0	0	0	0	1
P04278	P04278	uc010cmt.2	protein_coding	0	0	0	4	0	0	0	1	3	0	0	0	0	0	0	0	0	0	0	0
P04278	P04278	uc010cmy.2	protein_coding	0	0	0	4	0	0	0	1	2	0	0	0	0	0	0	0	0	0	0	1
P04553	P04553	uc002dav.3	protein_coding	0	0	0	2	0	0	0	1	0	0	0	0	0	0	0	0	0	0	0	1
P04554	P04554	uc002dau.1	protein_coding	0	0	0	7	1	0	0	5	1	0	0	0	0	0	0	0	0	0	0	0
P04626	P04626	uc002hso.3	protein_coding	0	3	0	3	0	0	0	0	2	0	0	0	0	0	0	0	0	0	3	1
P04626	P04626	uc002hsp.3	protein_coding	0	2	0	4	0	0	1	0	2	0	0	0	0	0	0	0	0	0	2	1
P04626-4	P04626-4	uc010cwa.3	protein_coding	0	3	0	4	0	0	0	0	3	0	0	0	0	0	0	0	0	0	3	1
P04637-5	P04637-5	uc010cni.2	protein_coding	1	0	1	6	0	0	0	0	4	1	0	1	0	0	0	0	0	0	0	3
P04637-6	P04637-6	uc010cnh.2	protein_coding	1	0	1	6	0	0	0	0	4	1	0	1	0	0	0	0	0	0	0	3
P04731	P04731	uc002ejq.3	protein_coding	0	0	0	11	0	0	0	3	2	0	0	0	0	0	0	0	0	0	0	6
P04732	P04732	uc002ejl.3	protein_coding	0	0	0	1	0	0	0	0	1	0	0	0	0	0	0	0	0	0	0	0
P04732-2	P04732-2	uc002ejm.3	protein_coding	0	0	0	1	0	0	0	0	1	0	0	0	0	0	0	0	0	0	0	0
P04733	P04733	uc002ejt.3	protein_coding	0	0	0	7	0	0	0	6	0	0	0	0	0	0	0	0	0	0	0	1
P04818	P04818	uc010dka.1	protein_coding	0	0	0	26	1	0	0	10	15	0	0	0	0	0	0	0	0	0	0	0
P05106	P05106	uc002ilj.3	protein_coding	0	1	1	7	2	0	0	0	6	1	0	0	0	1	0	0	0	0	0	0
P05108	P05108	uc002axt.2	protein_coding	0	0	0	1	0	0	0	0	1	0	0	0	0	0	0	0	0	0	0	0
P05120	P05120	uc002ljo.3	protein_coding	0	1	0	6	0	0	0	0	6	0	0	0	0	0	0	0	0	0	1	0
P05120	P05120	uc010xeu.2	protein_coding	0	1	0	6	0	0	0	0	6	0	0	0	0	0	0	0	0	0	1	0
P05164	P05164	uc002ivu.1	protein_coding	0	1	0	2	0	0	0	1	2	0	0	0	0	1	0	0	0	0	0	0
P05177-2	P05177-2	uc002ayr.1	protein_coding	0	0	0	1	0	0	0	0	1	0	0	0	0	0	0	0	0	0	0	0
P05386	P05386	uc002asd.1	protein_coding	0	0	0	2	0	0	0	0	1	0	0	0	0	0	0	0	0	0	0	1
P05408	P05408	uc001zha.2	protein_coding	0	0	0	1	0	0	0	0	1	0	0	0	0	0	0	0	0	0	0	0
P05496	P05496	uc002iog.3	protein_coding	0	0	0	2	0	0	1	0	1	0	0	0	0	0	0	0	0	0	0	0
P05496	P05496	uc002ioh.3	protein_coding	0	0	0	2	0	0	0	0	2	0	0	0	0	0	0	0	0	0	0	0
P05771	P05771	uc002dmd.3	protein_coding	0	4	0	35	1	0	0	0	35	0	0	0	0	1	0	0	0	0	3	0
P05771-2	P05771-2	uc002dme.3	protein_coding	0	4	0	35	6	0	0	0	30	0	0	0	0	1	0	0	0	0	3	0
P05813	P05813	uc002hdw.3	protein_coding	0	1	0	0	0	0	0	0	0	0	0	0	0	0	0	0	0	0	1	0
P06865	P06865	uc002aun.4	protein_coding	0	1	1	9	0	0	0	0	8	1	0	0	0	0	0	0	0	0	1	1
P06865	P06865	uc010bix.3	protein_coding	0	1	1	9	0	0	0	0	8	1	0	0	0	0	0	0	0	0	1	1
P06865	P06865	uc010biy.2	protein_coding	0	0	1	10	0	0	0	3	6	1	0	0	0	0	0	0	0	0	0	1
P07237	P07237	uc002kbn.1	protein_coding	0	1	0	3	0	0	0	1	2	0	0	0	0	0	0	0	0	0	1	0
P07306	P07306	uc002ges.4	protein_coding	0	1	0	3	0	0	0	1	2	0	0	0	0	0	0	0	0	0	1	0
P07306-2	P07306-2	uc021toy.1	protein_coding	0	1	0	3	0	0	0	1	2	0	0	0	0	0	0	0	0	0	1	0
P07307-3	P07307-3	uc002geq.3	protein_coding	0	0	0	1	0	0	0	0	1	0	0	0	0	0	0	0	0	0	0	0
P07332	P07332	uc002bpv.3	protein_coding	0	3	0	10	0	0	0	0	5	0	0	0	0	1	0	0	0	0	2	6
P07332	P07332	uc010uqk.2	protein_coding	0	2	0	11	0	0	0	0	5	0	0	0	0	0	0	0	0	0	2	6
P07332-2	P07332-2	uc010uqj.2	protein_coding	0	2	0	11	0	0	0	0	5	0	0	0	0	0	0	0	0	0	2	6
P07332-3	P07332-3	uc002bpy.3	protein_coding	0	2	0	10	0	0	0	0	4	0	0	0	0	0	0	0	0	0	2	6
P07332-4	P07332-4	uc002bpx.3	protein_coding	0	3	0	9	0	0	0	0	4	0	0	0	0	1	0	0	0	0	2	6
P07355	P07355	uc002agk.3	protein_coding	0	0	1	13	0	0	0	0	13	1	0	0	0	0	0	0	0	0	0	0
P07355	P07355	uc002agl.3	protein_coding	0	0	1	13	0	0	0	0	13	1	0	0	0	0	0	0	0	0	0	0
P07355	P07355	uc002agn.3	protein_coding	0	0	1	13	0	0	0	0	13	1	0	0	0	0	0	0	0	0	0	0
P07355	P07355	uc010bgj.3	protein_coding	0	0	1	13	1	0	0	6	6	1	0	0	0	0	0	0	0	0	0	0
P07355-2	P07355-2	uc002agm.3	protein_coding	0	1	1	12	0	0	0	0	12	1	0	0	0	0	0	0	0	0	1	0
P07438	P07438	uc002ejs.3	protein_coding	0	0	0	6	0	0	0	1	2	0	0	0	0	0	0	0	0	0	0	3
P07492	P07492	uc002lhv.3	protein_coding	0	1	1	3	0	0	0	0	3	1	0	0	0	0	0	0	0	0	1	0
P07492-2	P07492-2	uc002lhu.3	protein_coding	0	1	1	3	0	0	0	0	3	1	0	0	0	1	0	0	0	0	1	0
P07492-3	P07492-3	uc002lhw.3	protein_coding	0	1	1	3	0	0	0	0	3	1	0	0	0	0	0	0	0	0	1	0
P07737	P07737	uc002gaa.4	protein_coding	0	0	0	5	0	0	0	2	1	0	0	0	0	0	0	0	0	0	0	2
P07741	P07741	uc002flv.3	protein_coding	0	0	0	12	2	0	0	10	0	0	0	0	0	0	0	0	0	0	0	0
P07911	P07911	uc002dgz.3	protein_coding	0	1	0	2	0	0	0	1	1	0	0	0	0	0	0	0	0	0	1	0
P07911	P07911	uc002dha.3	protein_coding	0	1	0	2	0	0	0	1	1	0	0	0	0	0	0	0	0	0	1	0
P07947	P07947	uc002kky.3	protein_coding	0	1	0	8	2	0	0	0	6	0	0	0	0	0	0	0	0	0	1	0
P07947	P07947	uc002kkz.3	protein_coding	0	1	0	8	2	0	0	0	6	0	0	0	0	0	0	0	0	0	1	0
P07996	P07996	uc001zkh.3	protein_coding	0	2	1	11	0	0	1	0	10	1	0	0	0	1	0	0	0	0	2	0
P07996	P07996	uc010bbi.3	protein_coding	0	1	0	8	0	0	0	0	4	0	0	0	0	0	0	0	0	0	1	4
P08069	P08069	uc002bul.3	protein_coding	0	1	0	48	12	0	0	3	33	0	0	0	0	0	0	0	0	0	1	0
P08069	P08069	uc010urq.2	protein_coding	0	0	0	20	0	0	0	2	18	0	0	0	0	0	0	0	0	0	0	0
P08138	P08138	uc002ioz.4	protein_coding	0	1	0	1	0	0	0	0	1	0	0	0	0	0	0	0	0	0	1	0
P08253	P08253	uc002ehz.4	protein_coding	0	3	0	13	0	0	0	0	13	0	0	0	0	0	0	0	0	0	3	0
P08253	P08253	uc010vhd.2	protein_coding	0	3	0	13	0	0	0	0	13	0	0	0	0	0	0	0	0	0	3	0
P08514	P08514	uc002igt.1	protein_coding	0	0	0	1	0	0	0	0	0	0	0	0	0	0	0	0	0	0	0	1
P08697	P08697	uc002ftk.1	protein_coding	0	0	2	14	1	0	0	2	7	2	0	0	0	0	0	0	0	0	0	4
P08697	P08697	uc021tnm.1	protein_coding	0	0	2	14	1	0	0	2	7	2	0	0	0	0	0	0	0	0	0	4
P08697-2	P08697-2	uc010vqr.1	protein_coding	0	0	2	14	1	0	0	2	7	2	0	0	0	0	0	0	0	0	0	4
P08727	P08727	uc002hxd.4	protein_coding	0	3	1	2	0	0	0	0	3	1	0	0	0	1	0	0	0	0	2	0
P08779	P08779	uc002hxg.4	protein_coding	0	2	0	5	0	0	0	2	2	0	0	0	0	0	0	0	0	0	2	1
P08910	P08910	uc002bnj.2	protein_coding	0	0	0	21	9	0	0	1	11	0	0	0	0	0	0	0	0	0	0	0
P08910	P08910	uc002bnk.2	protein_coding	0	0	0	21	9	0	0	1	11	0	0	0	0	0	0	0	0	0	0	0
P08912	P08912	uc001zhk.1	protein_coding	0	0	1	2	2	0	0	0	0	1	0	0	0	0	0	0	0	0	0	0
P08912	P08912	uc001zhl.1	protein_coding	0	0	1	2	2	0	0	0	0	1	0	0	0	0	0	0	0	0	0	0
P08912	P08912	uc021sir.1	protein_coding	0	0	1	2	0	0	0	2	0	1	0	0	0	0	0	0	0	0	0	0
P08949	P08949	uc002bkz.3	protein_coding	0	2	1	4	1	0	0	2	1	1	0	0	0	1	0	0	0	1	0	0
P08949-2	P08949-2	uc002bla.3	protein_coding	0	1	2	4	1	0	0	2	1	2	0	0	0	1	0	0	0	0	0	0
P09067	P09067	uc002inr.3	protein_coding	0	1	0	4	1	0	0	0	1	0	0	0	0	0	0	0	0	0	1	2
P09105	P09105	uc002cfz.3	protein_coding	0	0	0	1	0	0	0	0	0	0	0	0	0	0	0	0	0	0	0	1
P09471	P09471	uc002eiu.4	protein_coding	0	1	0	5	0	0	0	1	4	0	0	0	0	0	0	0	0	0	1	0
P09471-2	P09471-2	uc002eit.4	protein_coding	0	1	0	4	2	0	0	0	2	0	0	0	0	0	0	0	0	0	1	0
P09493	P09493	uc002alg.3	protein_coding	0	0	0	8	0	0	0	0	8	0	0	0	0	0	0	0	0	0	0	0
P09493	P09493	uc002alp.3	protein_coding	0	0	0	8	0	0	0	0	8	0	0	0	0	0	0	0	0	0	0	0
P09493-6	P09493-6	uc010uie.2	protein_coding	0	0	0	8	0	0	0	1	7	0	0	0	0	0	0	0	0	0	0	0
P09493-7	P09493-7	uc002alj.3	protein_coding	0	0	0	10	2	0	0	0	8	0	0	0	0	0	0	0	0	0	0	0
P09543	P09543	uc002hyl.1	protein_coding	0	1	0	5	3	0	0	1	1	0	0	0	0	0	0	0	0	0	1	0
P09543	P09543	uc002hym.1	protein_coding	0	1	0	5	3	0	0	1	1	0	0	0	0	0	0	0	0	0	1	0
P09564	P09564	uc002kel.1	protein_coding	0	0	0	10	0	0	0	0	2	0	0	0	0	0	0	0	0	0	0	8
P09629	P09629	uc002inv.3	protein_coding	0	0	1	7	1	0	0	2	1	1	0	0	0	0	0	0	0	0	0	3
P09661	P09661	uc002bww.3	protein_coding	0	1	0	7	0	0	0	0	8	0	0	0	0	1	0	0	0	0	0	0
P09668	P09668	uc021srk.1	protein_coding	0	3	1	6	0	0	1	0	6	1	0	0	0	1	0	0	0	0	2	0
P09681	P09681	uc002iol.1	protein_coding	0	0	0	3	0	0	0	0	3	0	0	0	0	0	0	0	0	0	0	0
P09919	P09919	uc002htp.3	protein_coding	0	0	0	12	2	0	1	3	6	0	0	0	0	0	0	0	0	0	0	0
P09958	P09958	uc002bpu.1	protein_coding	0	1	0	15	1	0	0	7	7	0	0	0	0	0	0	0	0	0	1	0
P0C024	P0C024	uc010chd.3	protein_coding	0	0	1	2	0	0	0	0	2	1	0	0	0	0	0	0	0	0	0	0
P0C2S0	P0C2S0	uc001zwm.1	protein_coding	0	0	0	1	0	0	0	1	0	0	0	0	0	0	0	0	0	0	0	0
P0C5K7	P0C5K7	uc002ata.2	protein_coding	0	0	0	3	1	0	0	0	2	0	0	0	0	0	0	0	0	0	0	0
P0C5Y4	P0C5Y4	uc031raf.1	protein_coding	0	2	2	8	0	0	0	4	0	2	0	0	0	0	0	0	0	0	2	4
P0C6P0	P0C6P0	uc010tze.1	protein_coding	0	1	3	16	2	0	0	4	9	3	0	0	0	1	0	0	0	0	0	1
P0C7H8	P0C7H8	uc002hvx.3	protein_coding	0	0	2	2	0	0	0	2	0	2	0	0	0	0	0	0	0	0	0	0
P0C7H8	P0C7H8.2	uc002hvy.3	protein_coding	0	0	1	0	0	0	0	0	0	1	0	0	0	0	0	0	0	0	0	0
P0C7P0	P0C7P0	uc010wds.1	protein_coding	0	0	1	9	2	0	0	6	0	1	0	0	0	0	0	0	0	0	0	1
P0C7P3	P0C7P3	uc010ctu.1	protein_coding	0	3	3	4	0	0	0	0	4	3	0	0	0	0	0	0	0	0	3	0
P0C7T5	P0C7T5	uc002fbd.3	protein_coding	0	0	0	6	6	0	0	0	0	0	0	0	0	0	0	0	0	0	0	0
P0C7T5	P0C7T5	uc021tla.1	protein_coding	0	0	0	6	0	0	0	6	0	0	0	0	0	0	0	0	0	0	0	0
P0C7X1	P0C7X1	uc002hmc.3	protein_coding	0	2	0	7	3	1	1	0	2	0	0	0	0	0	0	0	0	0	1	1
P0C869	P0C869	uc001zoq.4	protein_coding	0	5	1	27	0	2	2	9	16	1	0	0	0	1	0	0	0	0	2	1
P0C869	P0C869	uc010bco.3	protein_coding	0	4	1	26	0	0	0	9	17	1	0	0	0	1	0	0	0	0	3	1
P0C869-6	P0C869-6	uc001zoo.4	protein_coding	0	4	1	28	0	0	0	9	18	1	0	0	0	1	0	0	0	0	3	2
P0C869-7	P0C869-7	uc010bcn.3	protein_coding	0	3	2	28	0	0	0	9	18	2	0	0	0	1	0	0	0	0	2	2
P0C870	P0C870	uc001zon.2	protein_coding	0	0	0	18	1	0	0	14	1	0	0	0	0	0	0	0	0	0	0	2
P0C870	P0C870	uc001zop.1	protein_coding	0	0	0	7	0	0	0	6	1	0	0	0	0	0	0	0	0	0	0	0
P0CAP1	P0CAP1	uc002aei.3	protein_coding	0	3	0	12	0	0	0	0	12	0	0	0	0	1	0	0	0	0	3	0
P0CAP1-11	P0CAP1-11	uc002aem.3	protein_coding	0	3	0	13	0	0	0	0	13	0	0	0	0	1	0	0	0	0	3	0
P0CAP1-2	P0CAP1-2	uc002aeo.3	protein_coding	0	3	0	13	0	0	0	0	13	0	0	0	0	1	0	0	0	0	3	0
P0CAP1-4	P0CAP1-4	uc002aej.3	protein_coding	0	3	0	12	0	0	0	0	12	0	0	0	0	1	0	0	0	0	3	0
P0CAP2	P0CAP2	uc002aet.4	protein_coding	0	1	0	0	0	0	0	0	0	0	0	0	0	0	0	0	0	0	1	0
P0CAP2-2	P0CAP2-2	uc002aes.3	protein_coding	0	0	0	3	0	0	0	0	3	0	0	0	0	0	0	0	0	0	0	0
P0CAP2-2	P0CAP2-2	uc002aeu.4	protein_coding	0	0	0	1	0	0	0	0	1	0	0	0	0	0	0	0	0	0	0	0
P0CB46	P0CB46	uc002cuf.1	protein_coding	0	2	0	14	0	0	2	0	8	0	0	0	0	1	0	0	0	0	1	4
P0CG20	P0CG20	uc002chk.3	protein_coding	0	1	0	3	0	0	0	0	1	0	0	0	0	0	0	0	0	0	1	2
P0CG21	P0CG21	uc002chl.3	protein_coding	0	0	0	2	0	0	0	1	0	0	0	0	0	0	0	0	0	0	0	1
P0CG21	P0CG21	uc021szs.1	protein_coding	0	0	0	2	0	0	0	1	0	0	0	0	0	0	0	0	0	0	0	1
P0CG31	P0CG31	uc010vyd.1	protein_coding	0	1	2	13	1	0	0	0	11	2	0	0	0	0	0	0	0	0	1	1
P0CG33	P0CG33	uc010uma.2	protein_coding	0	0	0	6	0	0	0	6	0	0	0	0	0	0	0	0	0	0	0	0
P0CG47	P0CG47	uc002gpx.3	protein_coding	0	0	0	1	0	0	0	0	0	0	0	0	0	0	0	0	0	0	0	1
P0CG47	P0CG47	uc010vwe.1	protein_coding	0	0	0	1	0	0	0	0	0	0	0	0	0	0	0	0	0	0	0	1
P0CG47	P0CG47	uc021tqs.1	protein_coding	0	0	0	1	0	0	0	0	0	0	0	0	0	0	0	0	0	0	0	1
P0CH98	P0CH98	uc002gqo.2	protein_coding	0	0	0	4	1	0	0	2	0	0	0	0	0	0	0	0	0	0	0	1
P0CJ68	P0CJ68	uc002gzb.2	protein_coding	0	0	0	4	1	0	0	2	0	0	0	0	0	0	0	0	0	0	0	1
P0CJ71	P0CJ71	uc021tce.1	protein_coding	0	0	0	2	2	0	0	0	0	0	0	0	0	0	0	0	0	0	0	0
P0CW22	P0CW22	uc002bhr.1	protein_coding	0	0	0	4	0	0	0	1	0	0	0	0	0	0	0	0	0	0	0	3
P0CW22	P0CW22.2	uc002bio.1	protein_coding	0	0	0	1	0	0	0	1	0	0	0	0	0	0	0	0	0	0	0	0
P0CW23	P0CW23	uc010wzc.1	protein_coding	0	0	1	2	0	0	0	0	2	1	0	0	0	0	0	0	0	0	0	0
P0DI80	P0DI80	uc002joy.3	protein_coding	0	0	0	3	1	0	0	2	0	0	0	0	0	0	0	0	0	0	0	0
P0DI80	P0DI80	uc021uda.1	protein_coding	0	0	0	3	0	0	0	3	0	0	0	0	0	0	0	0	0	0	0	0
P0DI83	P0DI83	uc031qzq.1	protein_coding	0	0	0	2	0	0	0	2	0	0	0	0	0	0	0	0	0	0	0	0
P10082	P10082	uc002ier.1	protein_coding	0	0	3	7	1	0	1	0	2	3	0	0	0	0	0	0	0	0	0	3
P10147	P10147	uc002hkv.3	protein_coding	0	1	1	6	0	0	0	0	5	1	0	0	0	0	0	0	0	0	1	1
P10253	P10253	uc002jxo.3	protein_coding	0	4	5	36	1	0	0	1	25	5	0	0	0	1	0	0	0	0	3	10
P10253	P10253	uc002jxp.3	protein_coding	0	4	5	36	1	0	0	1	25	5	0	0	0	1	0	0	0	0	3	10
P10253	P10253	uc002jxq.3	protein_coding	0	4	5	36	1	0	0	1	25	5	0	0	0	1	0	0	0	0	3	10
P10276	P10276	uc002huk.2	protein_coding	0	0	0	5	0	0	0	0	5	0	0	0	0	0	0	0	0	0	0	0
P10276	P10276	uc002hul.4	protein_coding	0	0	0	5	0	0	0	0	5	0	0	0	0	0	0	0	0	0	0	0
P10276	P10276	uc021txb.1	protein_coding	0	0	0	8	0	0	0	1	6	0	0	0	0	0	0	0	0	0	0	1
P10276-3	P10276-3	uc010wfe.2	protein_coding	0	0	0	5	0	0	0	0	5	0	0	0	0	0	0	0	0	0	0	0
P10415	P10415	uc002lit.1	protein_coding	0	1	0	5	1	0	0	0	4	0	0	0	0	0	0	0	0	0	1	0
P10415	P10415	uc002liu.1	protein_coding	0	1	0	5	1	0	0	0	4	0	0	0	0	0	0	0	0	0	1	0
P10636	P10636	uc002ijr.4	protein_coding	0	0	0	10	2	0	0	2	6	0	0	0	0	0	0	0	0	0	0	0
P10636-2	P10636-2	uc002iju.4	protein_coding	0	0	0	10	2	0	0	2	6	0	0	0	0	0	0	0	0	0	0	0
P10636-4	P10636-4	uc021tyw.1	protein_coding	0	0	0	10	2	0	0	2	6	0	0	0	0	0	0	0	0	0	0	0
P10636-5	P10636-5	uc021tyv.1	protein_coding	0	0	0	10	2	0	0	2	6	0	0	0	0	0	0	0	0	0	0	0
P10636-6	P10636-6	uc002ijt.4	protein_coding	0	0	0	10	2	0	0	2	6	0	0	0	0	0	0	0	0	0	0	0
P10636-7	P10636-7	uc002ijx.4	protein_coding	0	0	0	10	2	0	0	2	6	0	0	0	0	0	0	0	0	0	0	0
P10636-8	P10636-8	uc002ijs.4	protein_coding	0	0	0	10	2	0	0	2	6	0	0	0	0	0	0	0	0	0	0	0
P10636-9	P10636-9	uc010dau.3	protein_coding	0	0	0	10	2	0	0	2	6	0	0	0	0	0	0	0	0	0	0	0
P10644	P10644	uc002jhg.4	protein_coding	0	0	0	6	2	0	0	2	2	0	0	0	0	0	0	0	0	0	0	0
P10644	P10644	uc002jhh.4	protein_coding	0	0	0	6	2	0	0	2	2	0	0	0	0	0	0	0	0	0	0	0
P10644	P10644	uc002jhi.4	protein_coding	0	0	0	6	2	0	0	2	2	0	0	0	0	0	0	0	0	0	0	0
P10644	P10644	uc002jhj.4	protein_coding	0	0	0	6	2	0	0	2	2	0	0	0	0	0	0	0	0	0	0	0
P10644	P10644	uc002jhk.4	protein_coding	0	0	0	6	2	0	0	2	2	0	0	0	0	0	0	0	0	0	0	0
P10644	P10644	uc002jhl.4	protein_coding	0	0	0	6	2	0	0	2	2	0	0	0	0	0	0	0	0	0	0	0
P10827	P10827	uc002htw.3	protein_coding	0	0	0	5	0	0	0	4	1	0	0	0	0	0	0	0	0	0	0	0
P10827	P10827	uc010cwp.1	protein_coding	0	0	0	1	0	0	0	1	0	0	0	0	0	0	0	0	0	0	0	0
P10827	P10827	uc021twy.1	protein_coding	0	0	0	5	0	0	0	4	1	0	0	0	0	0	0	0	0	0	0	0
P10827-3	P10827-3	uc002htx.3	protein_coding	0	0	0	5	0	0	0	4	1	0	0	0	0	0	0	0	0	0	0	0
P11055	P11055	uc002gmq.2	protein_coding	0	1	0	0	0	0	0	0	1	0	0	0	0	1	0	0	0	0	0	0
P11086	P11086	uc002hsi.2	protein_coding	0	0	0	8	0	0	0	7	0	0	0	0	0	0	0	0	0	0	0	1
P11086	P11086	uc031qzz.1	protein_coding	0	0	0	8	0	0	0	7	0	0	0	0	0	0	0	0	0	0	0	1
P11150	P11150	uc002afa.2	protein_coding	0	3	2	20	0	0	0	0	20	2	0	0	0	0	0	0	0	0	3	0
P11150	P11150	uc010bfz.1	protein_coding	0	2	2	20	0	0	0	0	20	2	0	0	0	0	0	0	0	0	2	0
P11150	P11150	uc010bga.2	protein_coding	0	3	2	20	0	0	0	0	20	2	0	0	0	0	0	0	0	0	3	0
P11150	P11150	uc010bgb.1	protein_coding	0	2	2	21	0	0	0	1	20	2	0	0	0	0	0	0	0	0	2	0
P11215	P11215	uc002ebq.3	protein_coding	0	1	2	20	2	0	0	1	16	2	0	0	0	0	0	0	0	0	1	1
P11230	P11230	uc002ghb.3	protein_coding	0	0	0	7	0	0	0	0	4	0	0	0	0	0	0	0	0	0	0	3
P11230	P11230	uc010vty.2	protein_coding	0	0	0	7	0	0	0	0	4	0	0	0	0	0	0	0	0	0	0	3
P11388	P11388	uc002huq.3	protein_coding	0	0	0	4	0	0	0	0	4	0	0	0	0	0	0	0	0	0	0	0
P11511	P11511	uc001zyz.4	protein_coding	0	1	0	10	2	0	0	0	8	0	0	0	0	0	0	0	0	0	1	0
P11511	P11511	uc001zza.4	protein_coding	0	1	0	10	2	0	0	0	8	0	0	0	0	0	0	0	0	0	1	0
P11511	P11511	uc001zzb.2	protein_coding	0	1	0	10	0	0	0	2	8	0	0	0	0	0	0	0	0	0	1	0
P11597	P11597	uc002eki.2	protein_coding	0	2	0	18	0	0	0	0	15	0	0	0	0	1	0	0	0	0	1	4
P11597-2	P11597-2	uc002ekj.2	protein_coding	0	2	0	18	0	0	0	0	15	0	0	0	0	1	0	0	0	0	1	4
P11678	P11678	uc002ivq.3	protein_coding	0	1	1	3	0	0	1	1	0	1	0	0	0	0	0	0	0	0	1	1
P11801	P11801	uc002euv.3	protein_coding	0	0	0	1	0	0	0	1	0	0	0	0	0	0	0	0	0	0	0	0
P12271	P12271	uc002bnl.3	protein_coding	0	0	1	4	1	0	0	0	3	1	0	0	0	0	0	0	0	0	0	0
P12532	P12532	uc001zsc.3	protein_coding	0	0	0	11	1	0	0	7	3	0	0	0	0	0	0	0	0	0	0	0
P12532	P12532	uc010udx.2	protein_coding	0	0	0	8	1	0	0	7	0	0	0	0	0	0	0	0	0	0	0	0
P12532	P12532.2	uc001zsn.3	protein_coding	0	0	0	7	1	0	0	2	4	0	0	0	0	0	0	0	0	0	0	0
P12532-2	P12532-2	uc010uds.2	protein_coding	0	0	0	11	1	0	0	7	3	0	0	0	0	0	0	0	0	0	0	0
P12532-2	P12532-2.2	uc010uea.2	protein_coding	0	0	0	7	1	0	0	2	4	0	0	0	0	0	0	0	0	0	0	0
P12821	P12821	uc002jau.2	protein_coding	0	3	0	7	0	0	0	0	7	0	0	0	0	0	0	0	0	0	3	0
P12821	P12821	uc031rdj.1	protein_coding	0	3	0	7	0	0	0	0	7	0	0	0	0	0	0	0	0	0	3	0
P12821-3	P12821-3	uc002jav.2	protein_coding	0	2	0	6	0	0	0	0	3	0	0	0	0	0	0	0	0	0	2	3
P12829	P12829	uc002ilg.3	protein_coding	0	0	0	2	0	0	0	0	2	0	0	0	0	0	0	0	0	0	0	0
P12829	P12829	uc002ilh.3	protein_coding	0	0	0	2	0	0	0	0	2	0	0	0	0	0	0	0	0	0	0	0
P12830	P12830	uc002ewg.1	protein_coding	0	1	0	5	0	0	0	1	4	0	0	0	0	0	0	0	0	0	1	0
P12882	P12882	uc002gmo.3	protein_coding	0	1	0	9	0	0	0	0	7	0	0	0	0	0	0	0	0	0	1	2
P13236	P13236	uc002hkw.1	protein_coding	0	1	0	10	0	0	1	5	4	0	0	0	0	0	0	0	0	0	1	0
P13498	P13498	uc002flb.4	protein_coding	0	2	1	10	2	0	0	2	3	1	0	0	0	1	0	0	0	0	1	4
P13500	P13500	uc002hhy.3	protein_coding	0	2	0	3	0	1	1	0	1	0	0	0	0	0	0	0	0	0	1	1
P13501	P13501	uc002hkf.3	protein_coding	0	0	0	1	0	0	0	0	1	0	0	0	0	0	0	0	0	0	0	0
P13535	P13535	uc002gmm.2	protein_coding	0	3	1	7	0	0	0	0	7	1	0	0	0	0	0	0	0	0	3	0
P13598	P13598	uc002jdu.4	protein_coding	0	0	0	8	0	0	0	5	3	0	0	0	0	0	0	0	0	0	0	0
P13598	P13598	uc002jdv.4	protein_coding	0	0	0	8	0	0	0	5	3	0	0	0	0	0	0	0	0	0	0	0
P13598	P13598	uc002jdw.4	protein_coding	0	0	0	8	0	0	0	5	3	0	0	0	0	0	0	0	0	0	0	0
P13598	P13598	uc002jdx.4	protein_coding	0	0	0	8	0	0	0	5	3	0	0	0	0	0	0	0	0	0	0	0
P13598	P13598	uc010ded.3	protein_coding	0	0	0	8	0	0	0	5	3	0	0	0	0	0	0	0	0	0	0	0
P13640-2	P13640-2	uc002eju.1	protein_coding	0	1	0	15	1	0	0	7	2	0	0	0	0	1	0	0	0	0	0	6
P13646	P13646	uc010cxo.3	protein_coding	0	2	1	4	0	0	0	2	1	1	0	0	0	0	0	0	0	0	2	1
P13646	P13646	uc010wfr.2	protein_coding	0	0	1	6	0	0	0	2	3	1	0	0	0	0	0	0	0	0	0	1
P13646	P13646	uc021txk.1	protein_coding	0	0	1	6	0	0	1	2	1	1	0	0	0	0	0	0	0	0	0	2
P13804	P13804	uc002bbt.2	protein_coding	0	0	0	25	1	0	0	0	24	0	0	0	0	0	0	0	0	0	0	0
P13804-2	P13804-2	uc010bkq.1	protein_coding	0	0	0	25	1	0	0	0	24	0	0	0	0	0	0	0	0	0	0	0
P13929	P13929	uc002gab.4	protein_coding	0	1	0	11	0	0	0	2	8	0	0	0	0	0	0	0	0	0	1	1
P13929	P13929	uc002gac.4	protein_coding	0	1	0	11	0	0	0	2	8	0	0	0	0	0	0	0	0	0	1	1
P13929	P13929	uc010vst.2	protein_coding	0	1	0	10	0	0	0	2	6	0	0	0	0	0	0	0	0	0	1	2
P13929-3	P13929-3	uc010vss.2	protein_coding	0	1	0	11	0	0	0	2	8	0	0	0	0	0	0	0	0	0	1	1
P14061	P14061	uc002hzw.3	protein_coding	0	0	0	6	0	0	0	0	3	0	0	0	0	0	0	0	0	0	0	3
P14136	P14136	uc002ihq.3	protein_coding	0	1	0	4	0	0	0	1	3	0	0	0	0	0	0	0	0	0	1	0
P14136-2	P14136-2	uc021tyh.1	protein_coding	0	1	0	3	0	0	0	0	3	0	0	0	0	0	0	0	0	0	1	0
P14415	P14415	uc002gif.1	protein_coding	0	1	0	4	1	0	1	0	2	0	0	0	0	0	0	0	0	0	1	0
P14618	P14618	uc002aty.2	protein_coding	0	0	0	3	0	0	0	1	2	0	0	0	0	0	0	0	0	0	0	0
P14618-2	P14618-2	uc002atv.2	protein_coding	0	0	0	3	0	0	0	1	2	0	0	0	0	0	0	0	0	0	0	0
P14618-2	P14618-2	uc002atw.2	protein_coding	0	0	0	3	0	0	0	1	2	0	0	0	0	0	0	0	0	0	0	0
P14618-2	P14618-2	uc002atx.2	protein_coding	0	0	0	3	0	0	0	1	2	0	0	0	0	0	0	0	0	0	0	0
P14618-2	P14618-2	uc010biu.1	protein_coding	0	0	0	2	0	0	0	1	0	0	0	0	0	0	0	0	0	0	0	1
P14618-3	P14618-3	uc010ukj.2	protein_coding	0	0	0	3	0	0	0	1	2	0	0	0	0	0	0	0	0	0	0	0
P14651	P14651	uc002inn.3	protein_coding	0	0	0	2	1	0	0	1	0	0	0	0	0	0	0	0	0	0	0	0
P14651	P14651	uc002ino.3	protein_coding	0	0	0	5	1	0	0	1	0	0	0	0	0	0	0	0	0	0	0	3
P14651	P14651	uc010dbf.3	protein_coding	0	0	0	8	1	0	0	1	3	0	0	0	0	0	0	0	0	0	0	3
P14651	P14651	uc010dbg.3	protein_coding	0	0	0	8	1	0	0	1	3	0	0	0	0	0	0	0	0	0	0	3
P14651	P14651	uc010wlk.2	protein_coding	0	0	0	5	1	0	0	1	0	0	0	0	0	0	0	0	0	0	0	3
P14651	P14651	uc010wll.2	protein_coding	0	0	0	5	1	0	0	1	3	0	0	0	0	0	0	0	0	0	0	0
P14651	P14651	uc010wlm.2	protein_coding	0	0	0	8	1	0	0	1	3	0	0	0	0	0	0	0	0	0	0	3
P14652	P14652	uc002inm.3	protein_coding	0	1	0	1	1	0	0	0	0	0	0	0	0	0	0	0	0	0	1	0
P14653	P14653	uc002ink.1	protein_coding	0	0	1	0	0	0	0	0	0	1	0	0	0	0	0	0	0	0	0	0
P14672	P14672	uc002gfp.3	protein_coding	0	1	0	3	0	0	0	1	1	0	0	0	0	0	0	0	0	0	1	1
P14923	P14923	uc002hxq.2	protein_coding	0	1	1	16	1	0	0	2	13	1	0	0	0	1	0	0	0	0	1	0
P14923	P14923	uc002hxr.2	protein_coding	0	1	1	16	1	0	0	2	13	1	0	0	0	1	0	0	0	0	1	0
P14923	P14923	uc002hxs.2	protein_coding	0	1	1	16	3	0	0	2	11	1	0	0	0	1	0	0	0	0	1	0
P15144	P15144	uc002bop.4	protein_coding	0	1	1	14	2	0	1	1	10	1	0	0	0	0	0	0	0	0	1	0
P15170	P15170	uc010bux.3	protein_coding	0	1	0	5	0	0	0	0	5	0	0	0	0	0	0	0	0	0	1	0
P15391	P15391	uc002drs.3	protein_coding	0	0	1	0	0	0	0	0	0	1	0	0	0	0	0	0	0	0	0	0
P15531	P15531	uc002iti.2	protein_coding	0	0	0	7	1	0	0	1	5	0	0	0	0	0	0	0	0	0	0	0
P15531-2	P15531-2	uc002ith.2	protein_coding	0	0	0	7	1	0	2	1	3	0	0	0	0	0	0	0	0	0	0	0
P15559	P15559	uc002exp.3	protein_coding	0	0	0	3	0	0	0	1	1	0	0	0	0	0	0	0	0	0	0	1
P15559-2	P15559-2	uc002exq.3	protein_coding	0	0	0	3	0	0	0	1	1	0	0	0	0	0	0	0	0	0	0	1
P15559-3	P15559-3	uc002exr.3	protein_coding	0	0	0	3	0	0	0	1	1	0	0	0	0	0	0	0	0	0	0	1
P15735	P15735	uc002dzk.2	protein_coding	0	0	0	15	3	0	0	2	10	0	0	0	0	0	0	0	0	0	0	0
P15735-2	P15735-2	uc021tgo.1	protein_coding	0	0	0	15	1	0	0	2	12	0	0	0	0	0	0	0	0	0	0	0
P15880	P15880	uc002cnn.2	protein_coding	0	2	0	5	0	0	0	2	2	0	0	0	0	0	0	0	0	0	2	1
P15880	P15880	uc002cno.2	protein_coding	0	2	0	5	0	0	0	2	2	0	0	0	0	0	0	0	0	0	2	1
P15884	P15884	uc002lfz.2	protein_coding	0	1	0	26	2	0	0	0	24	0	0	0	0	0	0	0	0	0	1	0
P15884	P15884	uc010xdx.1	protein_coding	0	1	0	26	2	0	0	0	21	0	0	0	0	0	0	0	0	0	1	3
P15884-2	P15884-2	uc002lfw.4	protein_coding	0	1	0	13	2	0	0	0	11	0	0	0	0	0	0	0	0	0	1	0
P15884-3	P15884-3	uc010dph.1	protein_coding	0	1	0	26	2	0	0	0	24	0	0	0	0	0	0	0	0	0	1	0
P15884-4	P15884-4	uc021ukk.1	protein_coding	0	1	0	26	2	0	0	0	24	0	0	0	0	0	0	0	0	0	1	0
P15884-5	P15884-5	uc021ukj.1	protein_coding	0	1	0	26	2	0	0	0	24	0	0	0	0	0	0	0	0	0	1	0
P15884-6	P15884-6	uc021ukh.1	protein_coding	0	1	0	13	2	0	0	0	11	0	0	0	0	0	0	0	0	0	1	0
P15884-7	P15884-7	uc021uki.1	protein_coding	0	1	1	14	2	0	0	0	12	1	0	0	0	0	0	0	0	0	1	0
P16035	P16035	uc002jwe.3	protein_coding	0	0	0	4	0	0	0	0	2	0	0	0	0	0	0	0	0	0	0	2
P16035	P16035	uc002jwf.3	protein_coding	0	0	0	12	0	0	0	0	12	0	0	0	0	0	0	0	0	0	0	0
P16035	P16035	uc010wty.2	protein_coding	0	0	0	12	0	0	0	0	12	0	0	0	0	0	0	0	0	0	0	0
P16050	P16050	uc002fyh.3	protein_coding	0	2	0	11	1	0	0	0	11	0	0	0	0	1	0	0	0	0	1	0
P16144	P16144	uc002jpg.3	protein_coding	0	1	1	22	1	0	0	0	21	1	0	0	0	0	0	0	0	0	1	0
P16144-2	P16144-2	uc002jph.3	protein_coding	0	1	1	22	1	0	0	0	21	1	0	0	0	0	0	0	0	0	1	0
P16144-2	P16144-2	uc002jpi.4	protein_coding	0	1	1	22	1	0	0	0	21	1	0	0	0	0	0	0	0	0	1	0
P16144-3	P16144-3	uc002jpj.3	protein_coding	0	1	1	22	1	0	0	0	20	1	0	0	0	0	0	0	0	0	1	1
P16144-4	P16144-4	uc010dgo.3	protein_coding	0	1	0	17	0	0	0	3	14	0	0	0	0	0	0	0	0	0	1	0
P16144-5	P16144-5	uc010dgp.1	protein_coding	0	1	1	16	0	0	0	1	14	1	0	0	0	0	0	0	0	0	1	1
P16150	P16150	uc002dtm.4	protein_coding	0	0	0	8	6	0	0	0	1	0	0	0	0	0	0	0	0	0	0	1
P16150	P16150	uc002dtn.4	protein_coding	0	0	0	8	6	0	0	0	1	0	0	0	0	0	0	0	0	0	0	1
P16150	P16150	uc021tgd.1	protein_coding	0	0	0	8	0	0	0	6	0	0	0	0	0	0	0	0	0	0	0	2
P16444	P16444	uc002fnr.4	protein_coding	0	0	0	1	0	0	0	0	1	0	0	0	0	0	0	0	0	0	0	0
P16444	P16444	uc002fns.4	protein_coding	0	0	0	1	0	0	0	0	1	0	0	0	0	0	0	0	0	0	0	0
P16444	P16444	uc010cin.3	protein_coding	0	0	0	1	0	0	0	0	1	0	0	0	0	0	0	0	0	0	0	0
P16452	P16452	uc001zqz.4	protein_coding	0	0	1	4	0	0	0	1	1	1	0	0	0	0	0	0	0	0	0	2
P16452	P16452	uc001zra.4	protein_coding	0	0	1	4	0	0	0	1	3	1	0	0	0	0	0	0	0	0	0	0
P16452-2	P16452-2	uc001zrb.4	protein_coding	0	0	1	4	0	0	0	1	3	1	0	0	0	0	0	0	0	0	0	0
P16619	P16619	uc002hlf.2	protein_coding	0	0	0	1	0	0	1	0	0	0	0	0	0	0	0	0	0	0	0	0
P16885	P16885	uc002fgt.3	protein_coding	0	6	0	44	1	0	0	1	44	0	0	0	0	2	0	0	0	0	4	0
P16885	P16885	uc010chg.1	protein_coding	0	4	0	31	0	0	1	1	26	0	0	0	0	1	0	0	0	0	3	4
P16930	P16930	uc002bfm.2	protein_coding	0	1	0	18	0	0	1	0	18	0	0	0	0	1	0	0	0	0	0	0
P16930	P16930	uc002bfn.2	protein_coding	0	1	0	18	0	0	2	0	16	0	0	0	0	1	0	0	0	0	0	1
P17023	P17023	uc002fak.1	protein_coding	0	1	1	1	0	0	0	0	1	1	0	0	0	0	0	0	0	0	1	0
P17023	P17023	uc002fal.1	protein_coding	0	1	1	1	0	0	0	0	1	1	0	0	0	0	0	0	0	0	1	0
P17023	P17023	uc002fam.1	protein_coding	0	1	1	1	0	0	0	0	1	1	0	0	0	0	0	0	0	0	1	0
P17023	P17023	uc010cgc.1	protein_coding	0	1	1	1	0	0	0	0	1	1	0	0	0	0	0	0	0	0	1	0
P17027	P17027	uc002fad.3	protein_coding	0	0	0	2	0	0	1	0	0	0	0	0	0	0	0	0	0	0	0	1
P17027	P17027	uc002faf.3	protein_coding	0	0	1	1	0	0	0	0	1	1	0	0	0	0	0	0	0	0	0	0
P17027	P17027	uc002fag.3	protein_coding	0	0	0	2	0	0	1	0	1	0	0	0	0	0	0	0	0	0	0	0
P17027	P17027	uc002fah.3	protein_coding	0	0	1	1	0	0	0	0	1	1	0	0	0	0	0	0	0	0	0	0
P17027	P17027	uc002fai.3	protein_coding	0	0	1	4	0	0	0	0	4	1	0	0	0	0	0	0	0	0	0	0
P17027	P17027	uc010vmf.2	protein_coding	0	0	0	2	0	0	0	0	2	0	0	0	0	0	0	0	0	0	0	0
P17028	P17028	uc002kys.2	protein_coding	0	0	1	2	0	0	1	0	1	1	0	0	0	0	0	0	0	0	0	0
P17028	P17028	uc002kyt.2	protein_coding	0	0	1	2	0	0	1	0	1	1	0	0	0	0	0	0	0	0	0	0
P17028-2	P17028-2	uc002kyu.1	protein_coding	0	0	0	3	0	0	1	1	1	0	0	0	0	0	0	0	0	0	0	0
P17152	P17152	uc002gyp.2	protein_coding	0	0	0	1	0	0	0	0	1	0	0	0	0	0	0	0	0	0	0	0
P17252	P17252	uc002jfo.1	protein_coding	0	0	0	33	1	0	0	0	32	0	0	0	0	0	0	0	0	0	0	0
P17480	P17480	uc010czs.3	protein_coding	0	1	0	5	1	0	0	0	4	0	0	0	0	0	0	0	0	0	1	0
P17480	P17480	uc010czt.3	protein_coding	0	1	0	5	1	0	0	0	4	0	0	0	0	0	0	0	0	0	1	0
P17480-2	P17480-2	uc002igc.3	protein_coding	0	1	0	5	1	0	0	0	4	0	0	0	0	0	0	0	0	0	1	0
P17480-2	P17480-2	uc002igd.3	protein_coding	0	1	0	5	1	0	0	0	4	0	0	0	0	0	0	0	0	0	1	0
P17480-2	P17480-2	uc002ige.2	protein_coding	0	1	0	5	0	0	0	1	4	0	0	0	0	0	0	0	0	0	1	0
P17481	P17481	uc002inw.3	protein_coding	0	1	0	5	1	0	0	4	0	0	0	0	0	0	0	0	0	0	1	0
P17482	P17482	uc002inx.3	protein_coding	0	0	0	4	3	0	0	1	0	0	0	0	0	0	0	0	0	0	0	0
P17483	P17483	uc002inp.3	protein_coding	0	0	0	3	3	0	0	0	0	0	0	0	0	0	0	0	0	0	0	0
P17509	P17509	uc002ins.1	protein_coding	0	0	0	9	2	0	1	3	0	0	0	0	0	0	0	0	0	0	0	3
P17509	P17509	uc010dbh.1	protein_coding	0	0	0	9	2	0	1	3	0	0	0	0	0	0	0	0	0	0	0	3
P17509-2	P17509-2	uc002int.1	protein_coding	0	0	0	5	2	0	0	3	0	0	0	0	0	0	0	0	0	0	0	0
P17706	P17706	uc002krp.3	protein_coding	0	0	0	8	0	0	0	2	6	0	0	0	0	0	0	0	0	0	0	0
P17706-3	P17706-3	uc002krm.3	protein_coding	0	0	0	9	1	0	0	0	8	0	0	0	0	0	0	0	0	0	0	0
P17735	P17735	uc002fap.2	protein_coding	0	1	1	3	0	0	0	0	3	1	0	0	0	0	0	0	0	0	1	0
P17844	P17844	uc002jej.2	protein_coding	0	0	0	13	0	0	0	4	6	0	0	0	0	0	0	0	0	0	0	3
P17844	P17844	uc002jek.2	protein_coding	0	0	0	13	0	0	0	4	6	0	0	0	0	0	0	0	0	0	0	3
P18054	P18054	uc002gdx.4	protein_coding	0	2	2	9	0	0	0	3	6	2	0	0	0	0	0	0	0	0	2	0
P18509	P18509	uc010dkg.3	protein_coding	0	2	0	6	0	0	0	0	6	0	0	0	0	0	0	0	0	0	2	0
P18509	P18509	uc010dkh.4	protein_coding	0	2	0	6	0	0	1	0	5	0	0	0	0	0	0	0	0	0	2	0
P18545	P18545	uc002kay.3	protein_coding	0	0	0	5	1	0	0	0	3	0	0	0	0	0	0	0	0	0	0	1
P18621	P18621	uc002ldp.3	protein_coding	0	0	0	8	0	0	0	1	3	0	0	0	0	0	0	0	0	0	0	4
P18621	P18621	uc002ldq.3	protein_coding	0	0	0	8	0	0	0	1	3	0	0	0	0	0	0	0	0	0	0	4
P18621	P18621	uc021ujv.1	protein_coding	0	0	0	8	0	0	0	1	3	0	0	0	0	0	0	0	0	0	0	4
P18621	P18621	uc021ujw.1	protein_coding	0	0	0	8	0	0	0	1	3	0	0	0	0	0	0	0	0	0	0	4
P18621	P18621	uc021ujx.1	protein_coding	0	0	0	8	0	0	0	1	3	0	0	0	0	0	0	0	0	0	0	4
P18621	P18621	uc021ujy.1	protein_coding	0	0	0	8	0	0	0	1	3	0	0	0	0	0	0	0	0	0	0	4
P18621	P18621	uc021ujz.1	protein_coding	0	0	0	8	0	0	0	1	3	0	0	0	0	0	0	0	0	0	0	4
P19022	P19022	uc002kwg.2	protein_coding	0	3	0	7	1	0	0	0	6	0	0	0	0	0	0	0	0	0	3	0
P19105	P19105	uc002klr.3	protein_coding	0	0	0	7	0	0	0	0	7	0	0	0	0	0	0	0	0	0	0	0
P19113	P19113	uc001zxz.3	protein_coding	0	0	1	1	0	0	0	0	1	1	0	0	0	0	0	0	0	0	0	0
P19387	P19387	uc002elt.1	protein_coding	0	2	0	12	0	0	0	7	5	0	0	0	0	1	0	0	0	0	1	1
P19404	P19404	uc002knu.3	protein_coding	0	0	1	4	0	0	0	0	4	1	0	0	0	0	0	0	0	0	0	0
P19784	P19784	uc002enc.3	protein_coding	0	0	0	2	1	0	0	0	1	0	0	0	0	0	0	0	0	0	0	0
P20393	P20393	uc002htz.3	protein_coding	0	0	0	5	0	0	0	1	4	0	0	0	0	0	0	0	0	0	0	0
P20701	P20701	uc002dyi.4	protein_coding	0	0	1	9	0	0	0	0	9	1	0	0	0	0	0	0	0	0	0	0
P20701-3	P20701-3	uc002dyj.4	protein_coding	0	0	1	9	0	0	0	0	9	1	0	0	0	0	0	0	0	0	0	0
P20702	P20702	uc002ebu.1	protein_coding	0	0	2	12	3	0	0	0	9	2	0	0	0	0	0	0	0	0	0	0
P20807	P20807	uc001zpn.1	protein_coding	0	0	1	32	1	0	0	1	30	1	0	0	0	0	0	0	0	0	0	0
P20807-2	P20807-2	uc001zpp.1	protein_coding	0	0	1	32	1	0	0	1	30	1	0	0	0	0	0	0	0	0	0	0
P20807-3	P20807-3	uc001zpk.1	protein_coding	0	2	1	43	1	1	2	1	37	1	0	0	0	1	0	0	0	0	0	2
P20807-3	P20807-3	uc001zpl.1	protein_coding	0	2	1	43	1	1	2	1	37	1	0	0	0	1	0	0	0	0	0	2
P20807-3	P20807-3	uc001zpo.1	protein_coding	0	0	1	32	1	0	0	1	30	1	0	0	0	0	0	0	0	0	0	0
P20807-4	P20807-4	uc001zpq.1	protein_coding	0	0	0	21	1	0	1	1	15	0	0	0	0	0	0	0	0	0	0	3
P20807-5	P20807-5	uc001zpr.1	protein_coding	0	0	0	20	1	0	0	1	10	0	0	0	0	0	0	0	0	0	0	8
P20807-5	P20807-5	uc001zps.1	protein_coding	0	0	0	20	1	0	0	1	10	0	0	0	0	0	0	0	0	0	0	8
P20807-5	P20807-5	uc001zpt.1	protein_coding	0	0	0	20	1	0	0	1	10	0	0	0	0	0	0	0	0	0	0	8
P21359	P21359	uc002hgg.3	protein_coding	0	2	1	25	1	0	0	1	23	1	0	0	0	0	0	0	0	0	2	0
P21359-2	P21359-2	uc002hgh.3	protein_coding	0	2	1	25	1	0	0	1	23	1	0	0	0	0	0	0	0	0	2	0
P21359-3	P21359-3	uc002hge.2	protein_coding	0	1	0	7	0	0	0	0	7	0	0	0	0	0	0	0	0	0	1	0
P21359-5	P21359-5	uc002hgf.2	protein_coding	0	1	0	9	0	0	0	2	7	0	0	0	0	0	0	0	0	0	1	0
P21781	P21781	uc001zxn.3	protein_coding	0	0	0	2	1	0	0	0	0	0	0	0	0	0	0	0	0	0	0	1
P22079	P22079	uc002ivt.3	protein_coding	0	0	1	7	0	0	0	2	5	1	0	0	0	0	0	0	0	0	0	0
P22079	P22079	uc010dcq.3	protein_coding	0	0	1	7	0	0	0	2	4	1	0	0	0	0	0	0	0	0	0	1
P22079	P22079	uc010wns.2	protein_coding	0	0	1	7	0	0	0	2	5	1	0	0	0	0	0	0	0	0	0	0
P22079-2	P22079-2	uc010dcp.3	protein_coding	0	0	1	7	0	0	0	2	5	1	0	0	0	0	0	0	0	0	0	0
P22223	P22223	uc002ewf.2	protein_coding	0	5	1	23	1	0	0	0	22	1	0	0	0	0	0	0	0	0	5	0
P22223	P22223	uc010vli.1	protein_coding	0	5	1	23	1	0	0	0	22	1	0	0	0	0	0	0	0	0	5	0
P22362	P22362	uc002hid.1	protein_coding	0	0	0	2	0	0	0	2	0	0	0	0	0	0	0	0	0	0	0	0
P22392	P22392	uc002itl.3	protein_coding	0	0	0	5	1	0	0	0	1	0	0	0	0	0	0	0	0	0	0	3
P22392	P22392	uc002itm.3	protein_coding	0	0	0	5	1	0	0	0	1	0	0	0	0	0	0	0	0	0	0	3
P22392	P22392	uc002itn.3	protein_coding	0	0	0	5	1	0	0	0	1	0	0	0	0	0	0	0	0	0	0	3
P22392	P22392	uc002ito.3	protein_coding	0	0	0	4	1	0	0	0	1	0	0	0	0	0	0	0	0	0	0	2
P22392-2	P22392-2	uc002itj.3	protein_coding	0	0	0	9	1	0	0	0	8	0	0	0	0	0	0	0	0	0	0	0
P22570	P22570	uc002jly.3	protein_coding	0	0	0	2	0	0	0	0	2	0	0	0	0	0	0	0	0	0	0	0
P22570-2	P22570-2	uc002jlx.3	protein_coding	0	0	0	2	0	0	0	0	2	0	0	0	0	0	0	0	0	0	0	0
P22676	P22676	uc002faa.4	protein_coding	0	0	0	12	1	0	0	0	11	0	0	0	0	0	0	0	0	0	0	0
P22695	P22695	uc002djx.3	protein_coding	0	0	0	2	0	0	0	0	2	0	0	0	0	0	0	0	0	0	0	0
P22695	P22695	uc002djz.1	protein_coding	0	0	0	2	0	0	0	1	1	0	0	0	0	0	0	0	0	0	0	0
P22748	P22748	uc002iym.4	protein_coding	0	0	1	5	1	0	0	1	3	1	0	0	0	0	0	0	0	0	0	0
P22794	P22794	uc002hgm.3	protein_coding	0	0	0	2	0	0	1	0	0	0	0	0	0	0	0	0	0	0	0	1
P22794	P22794	uc021tul.1	protein_coding	0	0	0	1	0	0	0	0	0	0	0	0	0	0	0	0	0	0	0	1
P22794-2	P22794-2	uc002hgl.3	protein_coding	0	1	0	1	0	0	0	0	0	0	0	0	0	0	0	0	0	0	1	1
P22830	P22830	uc002lgq.4	protein_coding	0	2	2	5	0	0	0	0	5	2	0	0	0	0	0	0	0	0	2	0
P22830	P22830	uc002lgr.4	protein_coding	0	2	0	7	0	0	2	0	5	0	0	0	0	0	0	0	0	0	2	0
P22830-2	P22830-2	uc002lgp.4	protein_coding	0	2	2	5	0	0	0	0	5	2	0	0	0	0	0	0	0	0	2	0
P23141	P23141	uc002eim.3	protein_coding	0	4	4	32	0	0	2	0	30	4	0	0	0	1	0	0	0	0	4	0
P23141-2	P23141-2	uc002eil.3	protein_coding	0	4	4	32	0	0	2	0	30	4	0	0	0	0	0	0	0	0	4	0
P23258	P23258	uc002ian.3	protein_coding	0	1	0	2	0	0	1	0	1	0	0	0	0	0	0	0	0	0	1	0
P23284	P23284	uc002and.3	protein_coding	0	0	0	1	0	0	0	0	1	0	0	0	0	0	0	0	0	0	0	0
P23368	P23368	uc002ley.3	protein_coding	0	0	0	2	0	0	0	0	2	0	0	0	0	0	0	0	0	0	0	0
P23368-2	P23368-2	uc010dpd.3	protein_coding	0	0	0	2	0	0	0	0	2	0	0	0	0	0	0	0	0	0	0	0
P23434	P23434	uc002fgd.3	protein_coding	0	0	0	1	0	0	0	0	1	0	0	0	0	0	0	0	0	0	0	0
P23443	P23443	uc002ixy.4	protein_coding	0	1	0	6	1	0	0	1	5	0	0	0	0	1	0	0	0	0	0	0
P23443	P23443	uc010woo.2	protein_coding	0	1	0	6	1	0	0	1	4	0	0	0	0	1	0	0	0	0	0	1
P23677	P23677	uc001znz.3	protein_coding	0	0	0	2	0	0	0	2	0	0	0	0	0	0	0	0	0	0	0	0
P23975	P23975	uc002eif.3	protein_coding	0	0	0	8	0	0	0	0	8	0	0	0	0	0	0	0	0	0	0	0
P23975	P23975	uc002eig.3	protein_coding	0	0	0	8	0	0	0	0	8	0	0	0	0	0	0	0	0	0	0	0
P23975-2	P23975-2	uc021tio.1	protein_coding	0	0	0	8	0	0	0	0	8	0	0	0	0	0	0	0	0	0	0	0
P24001	P24001	uc002cto.3	protein_coding	0	2	1	8	1	0	0	1	6	1	0	0	0	0	0	0	0	0	2	0
P24001	P24001	uc002ctq.3	protein_coding	0	2	1	8	1	0	1	1	5	1	0	0	0	0	0	0	0	0	2	0
P24001-2	P24001-2	uc002ctl.3	protein_coding	0	2	1	8	1	0	1	1	5	1	0	0	0	0	0	0	0	0	2	0
P24001-2	P24001-2	uc002ctm.3	protein_coding	0	2	1	8	1	0	0	1	6	1	0	0	0	0	0	0	0	0	2	0
P24001-2	P24001-2	uc002ctn.3	protein_coding	0	2	1	8	1	0	0	1	6	1	0	0	0	0	0	0	0	0	2	0
P24001-2	P24001-2	uc002ctt.3	protein_coding	0	2	1	8	1	0	0	1	5	1	0	0	0	0	0	0	0	0	2	1
P24001-3	P24001-3	uc010btb.3	protein_coding	0	2	1	8	1	0	0	1	6	1	0	0	0	0	0	0	0	0	2	0
P24001-4	P24001-4	uc002ctk.3	protein_coding	0	1	1	9	1	0	0	1	7	1	0	0	0	0	0	0	0	0	1	0
P24001-5	P24001-5	uc002ctp.3	protein_coding	0	2	1	8	1	0	1	1	5	1	0	0	0	0	0	0	0	0	2	0
P24001-5	P24001-5	uc002ctr.3	protein_coding	0	2	1	8	1	0	1	1	5	1	0	0	0	0	0	0	0	0	2	0
P24394	P24394	uc002don.4	protein_coding	0	3	5	9	2	0	0	0	7	5	0	0	0	0	0	0	0	0	3	0
P24394	P24394	uc010bxy.4	protein_coding	0	3	5	9	2	0	0	0	7	5	0	0	0	0	0	0	0	0	3	0
P24468	P24468	uc010uri.2	protein_coding	0	0	0	1	1	0	0	0	0	0	0	0	0	0	0	0	0	0	0	0
P24468-2	P24468-2	uc002btp.3	protein_coding	0	0	0	1	1	0	0	0	0	0	0	0	0	0	0	0	0	0	0	0
P24855	P24855	uc002cvr.3	protein_coding	0	0	1	3	0	0	0	2	1	1	0	0	0	0	0	0	0	0	0	0
P25391	P25391	uc002knm.3	protein_coding	0	9	7	64	0	0	0	0	64	7	0	0	0	0	0	0	0	0	9	0
P25391	P25391	uc010wzj.2	protein_coding	0	10	5	66	0	1	4	0	62	5	0	0	0	0	0	0	0	0	9	0
P25705	P25705	uc002lbr.2	protein_coding	0	1	0	16	1	0	0	0	15	0	0	0	0	1	0	0	0	0	0	1
P25705	P25705	uc002lbt.1	protein_coding	0	1	0	18	1	0	0	0	16	0	0	0	0	1	0	0	0	0	0	2
P25789	P25789	uc002bdu.4	protein_coding	0	1	0	6	0	0	0	0	6	0	0	0	0	0	0	0	0	0	1	0
P25789	P25789	uc002bdw.4	protein_coding	0	1	0	6	0	0	1	0	5	0	0	0	0	0	0	0	0	0	1	0
P25789	P25789	uc010blf.3	protein_coding	0	1	0	6	0	0	0	0	6	0	0	0	0	0	0	0	0	0	1	0
P26006	P26006	uc010dbl.3	protein_coding	0	5	0	14	1	0	0	1	12	0	0	0	0	0	0	0	0	0	5	0
P26006-1	P26006-1	uc010dbm.3	protein_coding	0	5	0	14	1	0	0	1	12	0	0	0	0	0	0	0	0	0	5	0
P26373	P26373	uc002fnm.2	protein_coding	0	0	0	5	0	0	0	0	5	0	0	0	0	0	0	0	0	0	0	0
P26373	P26373	uc002fnn.2	protein_coding	0	0	0	5	0	0	0	0	5	0	0	0	0	0	0	0	0	0	0	0
P27361	P27361	uc002dwr.3	protein_coding	0	0	0	1	1	0	0	0	0	0	0	0	0	0	0	0	0	0	0	0
P27361	P27361	uc002dws.3	protein_coding	0	0	0	1	1	0	0	0	0	0	0	0	0	0	0	0	0	0	0	0
P27361-2	P27361-2	uc002dwv.4	protein_coding	0	0	0	1	1	0	0	0	0	0	0	0	0	0	0	0	0	0	0	0
P27361-3	P27361-3	uc002dwt.3	protein_coding	0	0	0	1	1	0	0	0	0	0	0	0	0	0	0	0	0	0	0	0
P27694	P27694	uc002fto.2	protein_coding	0	1	0	20	1	0	0	0	17	0	0	0	0	0	0	0	0	0	1	2
P28472	P28472	uc001zaz.3	protein_coding	0	0	0	5	2	0	0	0	3	0	0	0	0	0	0	0	0	0	0	0
P28472-2	P28472-2	uc001zba.3	protein_coding	0	0	0	5	2	0	0	0	3	0	0	0	0	0	0	0	0	0	0	0
P28827	P28827	uc002knn.4	protein_coding	0	3	0	43	0	0	1	0	43	0	0	0	0	1	0	0	0	0	2	0
P29122	P29122	uc002bwy.3	protein_coding	0	2	0	48	1	0	0	0	47	0	0	0	0	0	0	0	0	0	2	0
P29122-2	P29122-2	uc010bpe.3	protein_coding	0	2	0	48	1	0	0	0	47	0	0	0	0	0	0	0	0	0	2	0
P29122-3	P29122-3	uc002bxg.1	protein_coding	0	0	0	20	0	0	0	6	14	0	0	0	0	0	0	0	0	0	0	0
P29122-4	P29122-4	uc002bxc.1	protein_coding	0	2	0	37	2	0	0	0	35	0	0	0	0	0	0	0	0	0	2	0
P29122-5	P29122-5	uc002bxd.1	protein_coding	0	2	0	37	2	0	0	0	35	0	0	0	0	0	0	0	0	0	2	0
P29275	P29275	uc002gpd.1	protein_coding	0	0	0	3	1	0	0	2	0	0	0	0	0	0	0	0	0	0	0	0
P29372	P29372	uc002cfn.4	protein_coding	0	2	0	10	0	1	2	5	3	0	0	0	0	0	0	0	0	0	1	0
P29372	P29372	uc010bqp.3	protein_coding	0	1	0	6	0	0	0	2	4	0	0	0	0	0	0	0	0	0	1	0
P29376	P29376	uc001zoa.3	protein_coding	0	0	0	7	0	0	0	0	4	0	0	0	0	0	0	0	0	0	0	3
P29376-4	P29376-4	uc001zob.3	protein_coding	0	0	0	7	0	0	0	0	4	0	0	0	0	0	0	0	0	0	0	3
P29376-5	P29376-5	uc010ucx.1	protein_coding	0	0	0	7	0	0	0	0	4	0	0	0	0	0	0	0	0	0	0	3
P29508	P29508	uc002lji.3	protein_coding	0	0	3	15	3	0	1	0	11	3	0	0	0	0	0	0	0	0	0	0
P29508-2	P29508-2	uc010dqa.3	protein_coding	0	0	3	15	3	0	1	0	11	3	0	0	0	0	0	0	0	0	0	0
P29590	P29590	uc002awv.3	protein_coding	0	1	0	10	0	0	0	0	10	0	0	0	0	0	0	0	0	0	1	0
P29590	P29590	uc010ule.2	protein_coding	0	1	0	10	0	0	0	0	10	0	0	0	0	0	0	0	0	0	1	0
P29590-11	P29590-11	uc002awu.3	protein_coding	0	1	0	10	0	0	0	0	10	0	0	0	0	0	0	0	0	0	1	0
P29590-12	P29590-12	uc002aws.3	protein_coding	0	0	0	11	0	0	0	2	9	0	0	0	0	0	0	0	0	0	0	0
P29590-13	P29590-13	uc002awo.3	protein_coding	0	0	2	6	1	0	0	0	5	2	0	0	0	0	0	0	0	0	0	0
P29590-14	P29590-14	uc002awl.3	protein_coding	0	0	0	8	3	0	0	0	5	0	0	0	0	0	0	0	0	0	0	0
P29590-14	P29590-14	uc002awt.3	protein_coding	0	0	0	11	0	0	0	2	9	0	0	0	0	0	0	0	0	0	0	0
P29590-2	P29590-2	uc002awm.3	protein_coding	0	0	0	8	3	0	0	0	5	0	0	0	0	0	0	0	0	0	0	0
P29590-4	P29590-4	uc002awn.3	protein_coding	0	0	0	8	3	0	0	0	5	0	0	0	0	0	0	0	0	0	0	0
P29590-4	P29590-4	uc002awq.3	protein_coding	0	0	0	11	0	0	0	2	9	0	0	0	0	0	0	0	0	0	0	0
P29590-5	P29590-5	uc002awr.3	protein_coding	0	0	0	11	0	0	0	2	9	0	0	0	0	0	0	0	0	0	0	0
P29590-8	P29590-8	uc002awk.3	protein_coding	0	0	2	6	1	0	0	0	5	2	0	0	0	0	0	0	0	0	0	0
P29762	P29762	uc002bdp.2	protein_coding	0	1	0	2	0	0	0	0	1	0	0	0	0	0	0	0	0	0	1	1
P30047	P30047	uc001zmr.1	protein_coding	0	0	0	13	1	0	0	5	5	0	0	0	0	0	0	0	0	0	0	2
P30101	P30101	uc001zsu.3	protein_coding	0	0	0	9	0	0	0	3	5	0	0	0	0	0	0	0	0	0	0	1
P30101	P30101	uc010ued.2	protein_coding	0	0	0	9	0	0	0	3	5	0	0	0	0	0	0	0	0	0	0	1
P30260	P30260	uc002ild.4	protein_coding	0	2	0	6	1	0	0	0	5	0	0	0	0	0	0	0	0	0	2	0
P30419	P30419	uc002ihz.3	protein_coding	0	1	1	15	4	0	0	3	8	1	0	0	0	0	0	0	0	0	1	0
P30519	P30519	uc002cwq.4	protein_coding	0	0	0	6	0	0	0	2	1	0	0	0	0	0	0	0	0	0	0	3
P30519	P30519	uc002cwr.4	protein_coding	0	0	0	6	0	0	0	2	1	0	0	0	0	0	0	0	0	0	0	3
P30519	P30519	uc002cwt.3	protein_coding	0	0	0	3	0	0	0	2	1	0	0	0	0	0	0	0	0	0	0	0
P30519	P30519	uc010bts.3	protein_coding	0	0	0	6	0	0	0	2	1	0	0	0	0	0	0	0	0	0	0	3
P30519	P30519	uc010btt.3	protein_coding	0	0	0	3	0	0	0	2	1	0	0	0	0	0	0	0	0	0	0	0
P30532	P30532	uc002bdy.3	protein_coding	0	1	0	2	0	0	0	0	2	0	0	0	0	0	0	0	0	0	1	0
P30838	P30838	uc002gwj.3	protein_coding	0	0	2	3	0	0	0	1	1	2	0	0	0	0	0	0	0	0	0	1
P30838	P30838	uc002gwl.1	protein_coding	0	0	2	3	0	0	0	1	0	2	0	0	0	0	0	0	0	0	0	2
P30838	P30838	uc010cqu.3	protein_coding	0	0	2	3	0	0	0	1	0	2	0	0	0	0	0	0	0	0	0	2
P30838	P30838	uc010cqv.3	protein_coding	0	0	2	3	0	0	0	1	1	2	0	0	0	0	0	0	0	0	0	1
P30838	P30838	uc010vzd.2	protein_coding	0	0	2	3	0	0	0	1	0	2	0	0	0	0	0	0	0	0	0	2
P30874	P30874	uc002jje.3	protein_coding	0	0	0	5	4	0	0	0	1	0	0	0	0	0	0	0	0	0	0	0
P30874	P30874	uc021ucm.1	protein_coding	0	0	0	5	0	0	0	4	0	0	0	0	0	0	0	0	0	0	0	1
P30926	P30926	uc002bed.1	protein_coding	0	0	0	5	2	0	0	0	3	0	0	0	0	0	0	0	0	0	0	0
P30926	P30926	uc010blh.1	protein_coding	0	0	0	9	0	0	0	2	3	0	0	0	0	0	0	0	0	0	0	4
P30953	P30953	uc002fvj.1	protein_coding	0	2	0	0	0	0	0	0	0	0	0	0	0	0	0	0	0	0	2	0
P31146	P31146	uc002dww.3	protein_coding	0	1	0	0	0	0	0	0	0	0	0	0	0	0	0	0	0	0	1	0
P31146	P31146	uc010bzq.3	protein_coding	0	1	0	0	0	0	0	0	0	0	0	0	0	0	0	0	0	0	1	0
P31152	P31152	uc002lev.3	protein_coding	0	0	1	5	0	0	0	1	3	1	0	0	0	0	0	0	0	0	0	1
P31152	P31152	uc010xdm.2	protein_coding	0	0	1	5	0	0	0	1	3	1	0	0	0	0	0	0	0	0	0	1
P31639	P31639	uc002ecf.4	protein_coding	0	0	0	1	0	0	0	0	1	0	0	0	0	0	0	0	0	0	0	0
P31644	P31644	uc001zbd.2	protein_coding	0	1	0	8	1	0	0	0	7	0	0	0	0	0	0	0	0	0	1	0
P31644	P31644	uc021sgi.1	protein_coding	0	1	0	8	1	0	0	0	7	0	0	0	0	0	0	0	0	0	1	0
P31645	P31645	uc002hey.5	protein_coding	0	0	0	5	0	0	1	0	4	0	0	0	0	0	0	0	0	0	0	0
P32121	P32121	uc002fyj.3	protein_coding	0	0	0	5	0	0	0	0	5	0	0	0	0	0	0	0	0	0	0	0
P32121	P32121	uc002fyn.3	protein_coding	0	0	0	5	0	0	0	0	5	0	0	0	0	0	0	0	0	0	0	0
P32121-2	P32121-2	uc002fym.3	protein_coding	0	0	0	5	0	0	0	0	5	0	0	0	0	0	0	0	0	0	0	0
P32121-3	P32121-3	uc002fyl.3	protein_coding	0	0	0	5	0	0	0	0	5	0	0	0	0	0	0	0	0	0	0	0
P32297	P32297	uc002bec.3	protein_coding	0	4	0	4	0	0	0	1	3	0	0	0	0	2	0	0	0	0	2	2
P32297-3	P32297-3	uc002beb.3	protein_coding	0	4	0	4	0	0	0	1	3	0	0	0	0	2	0	0	0	0	2	2
P32322	P32322	uc002kcr.1	protein_coding	0	3	0	6	0	0	0	0	2	0	0	0	0	0	0	0	0	0	3	4
P32322	P32322	uc002kct.1	protein_coding	0	3	0	6	0	0	0	0	2	0	0	0	0	0	0	0	0	0	3	4
P32322-2	P32322-2	uc002kcp.3	protein_coding	0	2	0	7	0	0	0	0	3	0	0	0	0	0	0	0	0	0	2	4
P32926	P32926	uc002kws.3	protein_coding	0	0	1	1	0	0	0	0	1	1	0	0	0	0	0	0	0	0	0	0
P32969	P32969	uc021sso.1	protein_coding	0	0	0	4	0	0	0	4	0	0	0	0	0	0	0	0	0	0	0	0
P33032	P33032	uc010xaf.2	protein_coding	0	3	1	9	1	1	1	0	0	1	0	0	0	0	0	0	0	0	2	7
P33076	P33076	uc002dag.2	protein_coding	0	1	5	20	1	0	0	6	11	5	0	0	0	0	0	0	0	0	1	2
P33076	P33076	uc002daj.4	protein_coding	0	2	5	29	1	0	0	1	25	5	0	0	0	0	0	0	0	0	2	2
P33151	P33151	uc002eom.4	protein_coding	0	0	0	1	0	0	0	0	1	0	0	0	0	0	0	0	0	0	0	0
P33151	P33151	uc002eon.1	protein_coding	0	0	0	1	0	0	0	1	0	0	0	0	0	0	0	0	0	0	0	0
P33527	P33527	uc010bvi.3	protein_coding	0	7	1	39	2	0	0	0	38	1	0	0	0	1	0	0	0	0	6	0
P34059	P34059	uc002fly.4	protein_coding	0	1	2	28	0	0	0	2	18	2	0	0	0	1	0	0	0	0	0	9
P34059	P34059	uc010cid.3	protein_coding	0	2	3	26	0	0	0	2	16	3	0	0	0	1	0	0	0	0	1	9
P34896	P34896	uc002gsz.3	protein_coding	0	0	0	8	1	0	1	1	5	0	0	0	0	0	0	0	0	0	0	0
P34896	P34896	uc002gta.3	protein_coding	0	0	0	11	1	0	0	1	9	0	0	0	0	0	0	0	0	0	0	0
P34896	P34896	uc002gtd.1	protein_coding	0	0	0	10	0	0	0	4	6	0	0	0	0	0	0	0	0	0	0	0
P34896	P34896	uc010vxt.2	protein_coding	0	0	0	11	1	0	0	1	9	0	0	0	0	0	0	0	0	0	0	0
P34896-2	P34896-2	uc002gtb.3	protein_coding	0	0	0	11	1	0	0	1	9	0	0	0	0	0	0	0	0	0	0	0
P34910	P34910	uc002hgk.2	protein_coding	0	0	0	1	0	0	0	0	0	0	0	0	0	0	0	0	0	0	0	1
P34982	P34982	uc010vrb.2	protein_coding	0	1	1	0	0	0	0	0	0	1	0	0	0	0	0	0	0	0	1	0
P34998	P34998	uc010dap.3	protein_coding	0	0	0	5	1	0	0	0	4	0	0	0	0	0	0	0	0	0	0	0
P34998-2	P34998-2	uc002ijm.3	protein_coding	0	0	0	5	1	0	0	0	4	0	0	0	0	0	0	0	0	0	0	0
P34998-3	P34998-3	uc002ijn.3	protein_coding	0	0	0	5	1	0	0	0	4	0	0	0	0	0	0	0	0	0	0	0
P34998-4	P34998-4	uc010dar.3	protein_coding	0	0	0	5	1	0	0	0	4	0	0	0	0	0	0	0	0	0	0	0
P34998-4	P34998-4	uc021tyu.1	protein_coding	0	0	0	4	1	0	0	0	3	0	0	0	0	0	0	0	0	0	0	0
P35125	P35125	uc002gau.1	protein_coding	0	5	14	19	0	0	0	0	22	14	0	0	0	6	0	0	0	0	2	0
P35125	P35125	uc002gav.1	protein_coding	0	5	14	18	0	0	0	0	20	14	0	0	0	6	0	0	0	0	2	1
P35125-2	P35125-2	uc010ckz.1	protein_coding	0	10	2	32	0	4	16	0	18	2	0	0	0	6	0	0	0	0	0	1
P35218	P35218	uc002fkn.1	protein_coding	0	0	2	19	0	0	0	2	17	2	0	0	0	0	0	0	0	0	0	0
P35227	P35227	uc002hqp.1	protein_coding	0	1	0	11	2	0	1	1	6	0	0	0	0	0	0	0	0	0	1	1
P35228	P35228	uc002gzu.3	protein_coding	0	3	0	25	0	0	0	7	19	0	0	0	0	1	0	0	0	0	2	0
P35228	P35228	uc010crh.1	protein_coding	0	0	0	13	0	0	0	4	9	0	0	0	0	0	0	0	0	0	0	0
P35228	P35228	uc010wab.1	protein_coding	0	0	0	15	0	0	0	6	9	0	0	0	0	0	0	0	0	0	0	0
P35232	P35232	uc002iox.1	protein_coding	0	0	0	2	1	0	0	0	1	0	0	0	0	0	0	0	0	0	0	0
P35243	P35243	uc002gme.1	protein_coding	0	0	0	3	0	0	0	1	0	0	0	0	0	0	0	0	0	0	0	2
P35346	P35346	uc002ckq.3	protein_coding	0	1	1	5	2	0	0	2	0	1	0	0	0	0	0	0	0	0	1	1
P35346	P35346	uc021taf.1	protein_coding	0	1	1	5	2	0	0	2	1	1	0	0	0	0	0	0	0	0	1	0
P35398	P35398	uc002agv.3	protein_coding	0	1	0	8	0	0	0	0	8	0	0	0	0	0	0	0	0	0	1	0
P35398-2	P35398-2	uc002agx.3	protein_coding	0	1	0	13	0	0	0	0	10	0	0	0	0	0	0	0	0	0	1	3
P35398-3	P35398-3	uc002agw.3	protein_coding	0	1	0	8	0	0	0	0	8	0	0	0	0	0	0	0	0	0	1	0
P35398-4	P35398-4	uc002agt.4	protein_coding	0	1	0	8	0	0	0	0	8	0	0	0	0	0	0	0	0	0	1	0
P35499	P35499	uc002jds.1	protein_coding	0	6	2	21	3	0	0	0	18	2	0	0	0	0	0	0	0	0	6	0
P35527	P35527	uc002hxe.4	protein_coding	0	0	0	3	0	0	0	0	3	0	0	0	0	0	0	0	0	0	0	0
P35575	P35575	uc002icb.2	protein_coding	0	1	0	6	0	0	0	0	6	0	0	0	0	0	0	0	0	0	1	0
P35580	P35580	uc002gll.4	protein_coding	0	2	0	28	1	0	0	0	27	0	0	0	0	0	0	0	0	0	2	0
P35637	P35637	uc002ebf.3	protein_coding	0	4	0	7	0	0	1	0	6	0	0	0	0	1	0	0	0	0	3	1
P35637-2	P35637-2	uc002ebh.3	protein_coding	0	4	0	7	0	0	1	0	6	0	0	0	0	1	0	0	0	0	3	1
P35680	P35680	uc002hok.4	protein_coding	0	0	0	13	3	0	0	0	10	0	0	0	0	0	0	0	0	0	0	0
P35680-3	P35680-3	uc010cve.1	protein_coding	0	0	0	1	1	0	0	0	0	0	0	0	0	0	0	0	0	0	0	0
P35749	P35749	uc002ddy.3	protein_coding	0	9	0	34	0	0	0	1	33	0	0	0	0	0	0	0	0	0	9	0
P35749-2	P35749-2	uc002ddx.3	protein_coding	0	9	0	34	0	0	0	1	33	0	0	0	0	0	0	0	0	0	9	0
P35749-3	P35749-3	uc002ddv.3	protein_coding	0	9	0	34	0	0	0	1	33	0	0	0	0	0	0	0	0	0	9	0
P35749-4	P35749-4	uc002ddw.3	protein_coding	0	9	0	34	0	0	0	1	33	0	0	0	0	0	0	0	0	0	9	0
P35858	P35858	uc002cmy.3	protein_coding	0	2	0	17	0	0	1	9	2	0	0	0	0	0	0	0	0	0	2	5
P35900	P35900	uc002hvl.3	protein_coding	0	0	0	3	0	0	0	0	3	0	0	0	0	0	0	0	0	0	0	0
P36544	P36544	uc001zft.4	protein_coding	0	1	0	6	0	0	0	0	6	0	0	0	0	0	0	0	0	0	1	0
P36544	P36544	uc010bak.3	protein_coding	0	1	0	5	0	0	0	0	3	0	0	0	0	0	0	0	0	0	1	2
P36544-2	P36544-2	uc021sic.2	protein_coding	0	1	0	6	0	0	0	0	6	0	0	0	0	0	0	0	0	0	1	0
P36578	P36578	uc002apv.3	protein_coding	0	0	0	9	0	0	0	1	6	0	0	0	0	0	0	0	0	0	0	2
P36578	P36578	uc002apx.3	protein_coding	0	0	0	20	0	0	0	1	18	0	0	0	0	0	0	0	0	0	0	1
P36578	P36578	uc010ujq.2	protein_coding	0	0	0	8	2	0	0	1	3	0	0	0	0	0	0	0	0	0	0	2
P36952	P36952	uc002liz.4	protein_coding	0	2	2	5	0	0	1	0	4	2	0	0	0	0	0	0	0	0	2	0
P36952-2	P36952-2	uc002liy.2	protein_coding	0	1	2	5	0	0	1	0	4	2	0	0	0	0	0	0	0	0	1	0
P36955	P36955	uc002ftl.3	protein_coding	0	1	2	10	0	0	0	3	6	2	0	0	0	0	0	0	0	0	1	1
P36956	P36956	uc002grq.2	protein_coding	0	1	1	6	2	0	0	0	1	1	0	0	0	0	0	0	0	0	1	3
P36956	P36956	uc002grr.2	protein_coding	0	1	1	6	2	0	0	0	1	1	0	0	0	0	0	0	0	0	1	3
P36956	P36956	uc002gru.2	protein_coding	0	1	1	7	2	0	0	0	5	1	0	0	0	0	0	0	0	0	1	0
P36956-4	P36956-4	uc002grs.2	protein_coding	0	1	1	6	2	0	0	0	2	1	0	0	0	0	0	0	0	0	1	2
P36956-4	P36956-4	uc002grt.2	protein_coding	0	1	1	7	2	0	0	0	5	1	0	0	0	0	0	0	0	0	1	0
P37059	P37059	uc002fgv.3	protein_coding	0	0	0	4	0	0	0	0	4	0	0	0	0	0	0	0	0	0	0	0
P37108	P37108	uc001zkq.2	protein_coding	0	1	1	4	0	0	0	1	2	1	0	0	0	0	0	0	0	0	1	1
P37108	P37108	uc001zkr.2	protein_coding	0	1	0	5	1	0	0	1	2	0	0	0	0	0	0	0	0	0	1	1
P38398	P38398	uc002icq.3	protein_coding	1	0	1	5	0	0	0	0	4	1	0	0	0	0	0	1	0	0	0	1
P38398	P38398	uc002ide.1	protein_coding	1	0	1	2	0	0	0	1	0	1	0	0	0	0	0	1	0	0	0	1
P38398	P38398	uc010cyy.1	protein_coding	1	0	1	3	0	0	0	1	1	1	0	0	0	0	0	1	0	0	0	1
P38398	P38398	uc010cyz.2	protein_coding	1	0	1	3	0	0	0	1	1	1	0	0	0	0	0	1	0	0	0	1
P38398	P38398	uc010cza.2	protein_coding	1	0	1	3	0	0	0	1	1	1	0	0	0	0	0	1	0	0	0	1
P38398	P38398	uc010whs.1	protein_coding	1	0	1	3	0	0	0	1	1	1	0	0	0	0	0	1	0	0	0	1
P38398	P38398	uc010wht.1	protein_coding	1	0	1	3	0	0	0	1	1	1	0	0	0	0	0	1	0	0	0	1
P38398-2	P38398-2	uc002icp.4	protein_coding	1	0	1	5	0	0	0	0	4	1	0	0	0	0	0	1	0	0	0	1
P38398-3	P38398-3	uc010whq.1	protein_coding	0	0	0	5	0	0	0	0	4	0	0	0	0	0	0	0	0	0	0	1
P38398-3	P38398-3	uc010whr.1	protein_coding	0	0	0	6	0	0	0	0	5	0	0	0	0	0	0	0	0	0	0	1
P38398-6	P38398-6	uc002icu.3	protein_coding	0	0	0	7	0	0	0	0	6	0	0	0	0	0	0	0	0	0	0	1
P38405	P38405	uc002kqd.3	protein_coding	0	0	0	43	9	0	0	6	27	0	0	0	0	0	0	0	0	0	0	1
P38405	P38405	uc010dkz.3	protein_coding	0	0	0	44	9	0	0	6	27	0	0	0	0	0	0	0	0	0	0	2
P38405	P38405	uc031rhj.1	protein_coding	0	0	0	44	9	0	0	6	27	0	0	0	0	0	0	0	0	0	0	2
P38405-2	P38405-2	uc002kqc.3	protein_coding	0	0	0	45	9	0	0	6	30	0	0	0	0	0	0	0	0	0	0	0
P38432	P38432	uc002iuu.3	protein_coding	0	1	0	2	0	0	0	0	1	0	0	0	0	0	0	0	0	0	1	1
P38570	P38570	uc002fwo.4	protein_coding	0	4	4	31	0	0	0	0	30	4	0	0	0	1	0	0	0	0	3	2
P38919	P38919	uc002jxs.3	protein_coding	0	1	0	8	0	0	0	0	8	0	0	0	0	0	0	0	0	0	1	0
P38919	P38919	uc010wuc.2	protein_coding	0	1	0	8	0	0	0	0	8	0	0	0	0	0	0	0	0	0	1	0
P39687	P39687	uc002arl.3	protein_coding	0	0	0	2	0	0	0	0	2	0	0	0	0	0	0	0	0	0	0	0
P40259	P40259	uc002jdq.1	protein_coding	0	1	0	5	3	0	0	0	2	0	0	0	0	0	0	0	0	0	1	0
P40259-2	P40259-2	uc002jdr.1	protein_coding	0	0	0	6	3	0	0	0	3	0	0	0	0	0	0	0	0	0	0	0
P40306	P40306	uc002eux.2	protein_coding	0	1	0	1	0	0	0	1	0	0	0	0	0	0	0	0	0	0	1	0
P40313	P40313	uc002euw.3	protein_coding	0	0	1	1	0	0	0	0	0	1	0	0	0	0	0	0	0	0	0	1
P40763	P40763	uc002hzl.1	protein_coding	0	0	0	7	1	0	0	0	6	0	0	0	0	0	0	0	0	0	0	0
P40763	P40763	uc002hzn.1	protein_coding	0	0	0	7	1	0	0	0	6	0	0	0	0	0	0	0	0	0	0	0
P40763	P40763	uc010wgh.1	protein_coding	0	0	0	7	1	0	0	0	6	0	0	0	0	0	0	0	0	0	0	0
P40763-2	P40763-2	uc002hzm.1	protein_coding	0	0	0	7	1	0	0	0	6	0	0	0	0	0	0	0	0	0	0	0
P40818	P40818	uc001zyl.4	protein_coding	0	1	0	3	0	0	0	0	3	0	0	0	0	0	0	0	0	0	1	0
P40818	P40818	uc001zym.4	protein_coding	0	1	0	3	0	0	0	0	3	0	0	0	0	0	0	0	0	0	1	0
P40818	P40818	uc001zyn.4	protein_coding	0	1	0	3	0	0	0	0	3	0	0	0	0	0	0	0	0	0	1	0
P41002	P41002	uc002cqd.1	protein_coding	0	1	0	18	0	0	0	1	15	0	0	0	0	1	0	0	0	0	0	3
P41002	P41002	uc002cqe.1	protein_coding	0	1	0	18	0	0	0	1	15	0	0	0	0	1	0	0	0	0	0	3
P41240	P41240	uc002ays.2	protein_coding	0	1	0	9	3	0	0	0	6	0	0	0	0	0	0	0	0	0	1	0
P41240	P41240	uc010bkb.1	protein_coding	0	1	0	9	3	0	0	0	6	0	0	0	0	0	0	0	0	0	1	0
P41240	P41240	uc010bkc.1	protein_coding	0	1	0	9	3	0	0	0	5	0	0	0	0	0	0	0	0	0	1	1
P42126	P42126	uc002cpr.3	protein_coding	0	0	0	6	0	0	0	2	3	0	0	0	0	0	0	0	0	0	0	1
P42126-2	P42126-2	uc002cps.3	protein_coding	0	0	0	6	0	0	0	2	3	0	0	0	0	0	0	0	0	0	0	1
P42229	P42229	uc002hzj.2	protein_coding	0	0	1	11	0	0	0	1	10	1	0	0	0	0	0	0	0	0	0	0
P42229	P42229	uc010cya.2	protein_coding	0	0	1	11	0	0	0	1	10	1	0	0	0	0	0	0	0	0	0	0
P42765	P42765	uc002ldw.4	protein_coding	0	0	0	7	0	0	0	1	5	0	0	0	0	0	0	0	0	0	0	1
P43034	P43034	uc002fuw.4	protein_coding	0	1	0	10	3	0	0	2	5	0	0	0	0	0	0	0	0	0	1	0
P43146	P43146	uc002lfe.2	protein_coding	0	0	2	29	1	0	0	0	28	2	0	0	0	0	0	0	0	0	0	0
P43166	P43166	uc002eqi.3	protein_coding	0	0	0	2	0	0	0	0	2	0	0	0	0	0	0	0	0	0	0	0
P43268	P43268	uc002idw.3	protein_coding	0	0	0	1	0	0	0	0	1	0	0	0	0	0	0	0	0	0	0	0
P43268	P43268	uc002idx.4	protein_coding	0	0	0	1	0	0	0	0	1	0	0	0	0	0	0	0	0	0	0	0
P43268	P43268	uc010czh.3	protein_coding	0	0	0	1	0	0	0	0	1	0	0	0	0	0	0	0	0	0	0	0
P43378	P43378	uc002bal.3	protein_coding	0	0	0	1	0	0	0	0	1	0	0	0	0	0	0	0	0	0	0	0
P45381	P45381	uc002fvq.3	protein_coding	0	0	0	1	1	0	0	0	0	0	0	0	0	0	0	0	0	0	0	0
P45381	P45381	uc010ckg.3	protein_coding	0	0	0	1	1	0	0	0	0	0	0	0	0	0	0	0	0	0	0	0
P45985	P45985	uc002gnj.3	protein_coding	0	0	0	1	0	0	0	0	1	0	0	0	0	0	0	0	0	0	0	0
P45985	P45985	uc010vvi.2	protein_coding	0	0	0	1	0	0	0	0	1	0	0	0	0	0	0	0	0	0	0	0
P45985-2	P45985-2	uc002gnk.3	protein_coding	0	0	0	1	0	0	0	0	1	0	0	0	0	0	0	0	0	0	0	0
P46092	P46092	uc002iax.4	protein_coding	0	0	0	5	0	0	0	1	0	0	0	0	0	0	0	0	0	0	0	4
P46108	P46108	uc002fsl.3	protein_coding	0	1	0	2	0	0	0	0	2	0	0	0	0	0	0	0	0	0	1	0
P46108-2	P46108-2	uc002fsm.3	protein_coding	0	1	0	2	0	0	0	0	2	0	0	0	0	0	0	0	0	0	1	0
P46459	P46459	uc002iku.3	protein_coding	0	0	0	7	0	0	0	1	6	0	0	0	0	0	0	0	0	0	0	0
P46459	P46459	uc010wke.2	protein_coding	0	0	0	7	0	0	0	1	6	0	0	0	0	0	0	0	0	0	0	0
P46459	P46459	uc010wkf.2	protein_coding	0	0	0	7	0	0	0	1	6	0	0	0	0	0	0	0	0	0	0	0
P46459	P46459	uc010wkg.2	protein_coding	0	0	0	7	0	0	0	1	6	0	0	0	0	0	0	0	0	0	0	0
P46734	P46734	uc002gys.3	protein_coding	1	17	10	260	29	0	0	39	194	10	0	0	0	6	0	1	0	0	14	1
P46934	P46934	uc002adj.3	protein_coding	0	3	2	9	0	0	0	0	10	2	0	0	0	1	0	0	0	0	2	0
P46934	P46934	uc010bfm.3	protein_coding	0	3	2	9	0	0	0	0	10	2	0	0	0	1	0	0	0	0	2	0
P46934-2	P46934-2	uc010ugj.2	protein_coding	0	3	2	9	0	0	0	0	10	2	0	0	0	1	0	0	0	0	2	0
P46934-3	P46934-3	uc002adi.3	protein_coding	0	3	2	9	0	0	0	0	10	2	0	0	0	1	0	0	0	0	2	0
P46934-4	P46934-4	uc002adl.3	protein_coding	0	2	2	13	0	0	0	0	14	2	0	0	0	1	0	0	0	0	1	0
P46940	P46940	uc002bpl.1	protein_coding	0	3	0	30	2	0	0	1	28	0	0	0	0	2	0	0	0	0	1	1
P47211	P47211	uc002lms.4	protein_coding	0	0	1	1	0	0	0	0	1	1	0	0	0	0	0	0	0	0	0	0
P47871	P47871	uc010wuw.2	protein_coding	0	0	1	0	0	0	0	0	0	1	0	0	0	0	0	0	0	0	0	0
P47881	P47881	uc002fvh.1	protein_coding	0	0	1	0	0	0	0	0	0	1	0	0	0	0	0	0	0	0	0	0
P47883	P47883	uc002fvi.2	protein_coding	0	0	1	1	0	0	0	0	0	1	0	0	0	0	0	0	0	0	0	1
P47884	P47884	uc002fvf.3	protein_coding	0	0	1	0	0	0	0	0	0	1	0	0	0	0	0	0	0	0	0	0
P47887	P47887	uc010vre.2	protein_coding	0	0	1	0	0	0	0	0	0	1	0	0	0	0	0	0	0	0	0	0
P47888	P47888	uc010vrd.2	protein_coding	0	1	2	0	0	0	0	0	0	2	0	0	0	0	0	0	0	0	1	0
P47890	P47890	uc002fvc.1	protein_coding	0	0	1	0	0	0	0	0	0	1	0	0	0	0	0	0	0	0	0	0
P47893	P47893	uc002fvg.3	protein_coding	0	0	0	2	0	0	0	0	0	0	0	0	0	0	0	0	0	0	0	2
P47895	P47895	uc002bwn.4	protein_coding	0	0	0	6	2	0	0	0	4	0	0	0	0	0	0	0	0	0	0	0
P48200	P48200	uc010unb.1	protein_coding	0	2	1	9	1	1	2	0	6	1	0	0	0	0	0	0	0	0	1	0
P48436	P48436	uc002jiw.3	protein_coding	0	0	0	5	3	0	0	0	2	0	0	0	0	0	0	0	0	0	0	0
P48594	P48594	uc002ljf.3	protein_coding	0	1	2	8	0	0	0	0	8	2	0	0	0	0	0	0	0	0	1	0
P48595	P48595	uc010xev.2	protein_coding	0	0	5	3	0	0	0	0	3	5	0	0	0	0	0	0	0	0	0	0
P48595	P48595	uc010xew.2	protein_coding	0	0	5	3	0	0	0	0	3	5	0	0	0	0	0	0	0	0	0	0
P48730	P48730	uc002kej.3	protein_coding	0	0	0	7	0	0	1	4	2	0	0	0	0	0	0	0	0	0	0	0
P48730-2	P48730-2	uc002kei.3	protein_coding	0	0	0	7	0	0	1	4	2	0	0	0	0	0	0	0	0	0	0	0
P48735	P48735	uc002box.3	protein_coding	0	0	0	7	0	0	0	1	6	0	0	0	0	0	0	0	0	0	0	0
P48735	P48735	uc010uqb.2	protein_coding	0	0	0	7	0	0	0	1	6	0	0	0	0	0	0	0	0	0	0	0
P48735	P48735	uc010uqc.2	protein_coding	0	0	0	7	0	0	0	1	6	0	0	0	0	0	0	0	0	0	0	0
P48742	P48742	uc002hnh.2	protein_coding	0	1	0	3	0	0	0	1	2	0	0	0	0	0	0	0	0	0	1	0
P49257	P49257	uc002lhz.3	protein_coding	0	1	0	2	0	0	0	0	2	0	0	0	0	0	0	0	0	0	1	0
P49327	P49327	uc002kdu.3	protein_coding	0	4	0	14	0	0	0	1	9	0	0	0	0	0	0	0	0	0	4	4
P49447	P49447	uc002jap.3	protein_coding	0	0	0	3	1	0	1	0	0	0	0	0	0	0	0	0	0	0	0	1
P49447	P49447	uc002jar.3	protein_coding	0	0	0	3	1	0	0	0	2	0	0	0	0	0	0	0	0	0	0	0
P49447	P49447	uc002jas.3	protein_coding	0	0	0	4	1	0	0	0	2	0	0	0	0	0	0	0	0	0	0	1
P49447	P49447	uc002jat.3	protein_coding	0	0	0	4	1	0	0	0	2	0	0	0	0	0	0	0	0	0	0	1
P49447	P49447	uc010wpg.2	protein_coding	0	0	0	4	1	0	0	0	2	0	0	0	0	0	0	0	0	0	0	1
P49588	P49588	uc002eyn.1	protein_coding	0	3	1	13	1	0	0	2	11	1	0	0	0	1	0	0	0	0	2	0
P49641	P49641	uc002bqc.3	protein_coding	0	4	1	11	0	0	0	1	11	1	0	0	0	1	0	0	0	0	3	0
P49641	P49641	uc010bnz.2	protein_coding	0	4	1	11	0	0	0	1	11	1	0	0	0	1	0	0	0	0	3	0
P49641	P49641	uc010boa.3	protein_coding	0	1	1	12	1	0	0	5	6	1	0	0	0	0	0	0	0	0	1	0
P49720	P49720	uc002hqr.3	protein_coding	0	1	0	7	0	0	1	1	5	0	0	0	0	0	0	0	0	0	1	0
P49748	P49748	uc002gev.4	protein_coding	0	2	1	9	0	0	0	3	6	1	0	0	0	2	0	0	0	0	0	2
P49748-2	P49748-2	uc002gew.4	protein_coding	0	2	1	9	0	0	0	3	6	1	0	0	0	2	0	0	0	0	0	2
P49815	P49815	uc002con.3	protein_coding	0	1	1	20	0	0	0	5	14	1	0	0	0	0	0	0	0	0	1	1
P49815-3	P49815-3	uc002cop.3	protein_coding	0	1	1	20	0	0	0	5	14	1	0	0	0	0	0	0	0	0	1	1
P49815-4	P49815-4	uc010bsd.3	protein_coding	0	1	1	20	0	0	0	5	14	1	0	0	0	0	0	0	0	0	1	1
P49815-5	P49815-5	uc002coo.3	protein_coding	0	1	1	20	0	0	0	5	14	1	0	0	0	0	0	0	0	0	1	1
P49815-6	P49815-6	uc010uvv.2	protein_coding	0	1	1	20	0	0	0	5	14	1	0	0	0	0	0	0	0	0	1	1
P49914	P49914	uc002bex.4	protein_coding	0	0	0	2	0	0	0	0	1	0	0	0	0	0	0	0	0	0	0	1
P49914	P49914	uc021srp.1	protein_coding	0	0	0	2	0	0	0	0	1	0	0	0	0	0	0	0	0	0	0	1
P49916	P49916	uc002hik.2	protein_coding	0	0	0	7	0	0	0	0	5	0	0	0	0	0	0	0	0	0	0	2
P49916	P49916	uc010cth.1	protein_coding	0	0	0	5	0	0	0	0	3	0	0	0	0	0	0	0	0	0	0	2
P50213	P50213	uc002bdd.3	protein_coding	0	0	0	8	0	0	0	4	4	0	0	0	0	0	0	0	0	0	0	0
P50213	P50213	uc002bdf.3	protein_coding	0	0	0	8	0	0	1	4	3	0	0	0	0	0	0	0	0	0	0	0
P50213	P50213	uc002bdg.3	protein_coding	0	0	0	8	0	0	0	4	3	0	0	0	0	0	0	0	0	0	0	1
P50213	P50213	uc010umu.2	protein_coding	0	0	0	8	0	0	0	4	4	0	0	0	0	0	0	0	0	0	0	0
P50213	P50213	uc010umv.2	protein_coding	0	0	0	8	0	0	0	4	4	0	0	0	0	0	0	0	0	0	0	0
P50221	P50221	uc002idz.3	protein_coding	0	0	0	3	1	0	0	0	2	0	0	0	0	0	0	0	0	0	0	0
P50221-2	P50221-2	uc002iea.3	protein_coding	0	0	0	3	1	0	0	0	2	0	0	0	0	0	0	0	0	0	0	0
P50224	P50224.2	uc002dxf.3	protein_coding	0	0	0	2	0	0	0	1	1	0	0	0	0	0	0	0	0	0	0	0
P50224	P50224.2	uc002dxi.3	protein_coding	0	0	0	2	0	0	0	1	1	0	0	0	0	0	0	0	0	0	0	0
P50224	P50224.2	uc002dxj.3	protein_coding	0	0	0	2	0	0	0	1	1	0	0	0	0	0	0	0	0	0	0	0
P50224	P50224.2	uc002dxk.3	protein_coding	0	0	0	2	0	0	0	1	0	0	0	0	0	0	0	0	0	0	0	1
P50224-2	P50224-2.2	uc010vek.2	protein_coding	0	0	0	2	0	0	0	1	0	0	0	0	0	0	0	0	0	0	0	1
P50225	P50225	uc002dqi.3	protein_coding	0	2	1	17	2	1	2	5	2	1	0	0	0	0	0	0	0	0	1	6
P50225	P50225	uc002dqj.3	protein_coding	0	1	1	17	2	0	1	5	3	1	0	0	0	0	0	0	0	0	1	6
P50225	P50225	uc002dqk.3	protein_coding	0	1	1	19	2	0	2	5	5	1	0	0	0	0	0	0	0	0	1	5
P50225	P50225	uc002dql.3	protein_coding	0	1	1	19	2	0	2	5	5	1	0	0	0	0	0	0	0	0	1	5
P50225	P50225	uc002dqn.3	protein_coding	0	1	3	19	2	0	0	5	12	3	0	0	0	0	0	0	0	0	1	0
P50225	P50225	uc002dqp.3	protein_coding	0	1	1	21	2	0	2	5	12	1	0	0	0	0	0	0	0	0	1	0
P50225-2	P50225-2	uc002dqm.3	protein_coding	0	1	1	21	2	0	0	5	14	1	0	0	0	0	0	0	0	0	1	0
P50440	P50440	uc001zvb.3	protein_coding	0	2	0	4	0	1	3	0	1	0	0	0	0	0	0	0	0	0	1	0
P50440	P50440	uc001zvc.3	protein_coding	0	1	1	3	0	0	0	0	3	1	0	0	0	0	0	0	0	0	1	0
P50440-3	P50440-3	uc010uev.1	protein_coding	0	0	1	4	0	0	0	1	3	1	0	0	0	0	0	0	0	0	0	0
P50452	P50452	uc002lju.3	protein_coding	0	1	2	6	0	0	0	0	5	2	0	0	0	0	0	0	0	0	1	1
P50452	P50452	uc002ljv.3	protein_coding	0	1	2	6	0	0	0	0	5	2	0	0	0	0	0	0	0	0	1	1
P50452-2	P50452-2	uc002ljt.3	protein_coding	0	1	1	7	1	0	0	1	4	1	0	0	0	0	0	0	0	0	1	1
P50616	P50616	uc002isw.3	protein_coding	0	1	0	0	0	0	0	0	0	0	0	0	0	0	0	0	0	0	1	0
P50616	P50616	uc010wmz.2	protein_coding	0	1	0	0	0	0	0	0	0	0	0	0	0	0	0	0	0	0	1	0
P50616	P50616	uc021uad.1	protein_coding	0	1	0	0	0	0	0	0	0	0	0	0	0	0	0	0	0	0	1	0
P51116	P51116	uc002gia.2	protein_coding	0	0	0	3	0	0	0	0	3	0	0	0	0	0	0	0	0	0	0	0
P51148	P51148	uc002hyz.3	protein_coding	0	1	0	8	0	0	0	3	5	0	0	0	0	0	0	0	0	0	1	0
P51148	P51148	uc002hza.3	protein_coding	0	1	0	8	0	0	0	3	5	0	0	0	0	0	0	0	0	0	1	0
P51159	P51159	uc002aco.3	protein_coding	0	0	0	1	1	0	0	0	0	0	0	0	0	0	0	0	0	0	0	0
P51159	P51159	uc002acp.3	protein_coding	0	0	0	1	1	0	0	0	0	0	0	0	0	0	0	0	0	0	0	0
P51159	P51159	uc002acq.3	protein_coding	0	0	0	1	1	0	0	0	0	0	0	0	0	0	0	0	0	0	0	0
P51159	P51159	uc002acr.3	protein_coding	0	0	0	1	1	0	0	0	0	0	0	0	0	0	0	0	0	0	0	0
P51168	P51168	uc002dln.3	protein_coding	0	1	0	19	1	0	0	0	18	0	0	0	0	0	0	0	0	0	1	0
P51170	P51170	uc002dlm.1	protein_coding	0	0	0	2	0	0	0	0	2	0	0	0	0	0	0	0	0	0	0	0
P51452	P51452	uc002ied.4	protein_coding	0	0	0	10	4	0	0	0	3	0	0	0	0	0	0	0	0	0	0	3
P51452	P51452	uc002iee.4	protein_coding	0	0	0	10	4	0	0	0	3	0	0	0	0	0	0	0	0	0	0	3
P51511	P51511	uc002ena.3	protein_coding	0	0	0	1	1	0	0	0	0	0	0	0	0	0	0	0	0	0	0	0
P51570	P51570	uc002jpk.3	protein_coding	0	1	0	6	0	0	0	4	2	0	0	0	0	0	0	0	0	0	1	0
P51575	P51575	uc002fww.3	protein_coding	0	0	0	10	0	0	0	1	8	0	0	0	0	0	0	0	0	0	0	1
P51648	P51648	uc002gwb.1	protein_coding	0	1	1	8	0	0	0	1	7	1	0	0	0	1	0	0	0	0	1	0
P51648	P51648	uc002gwd.1	protein_coding	0	2	0	8	0	1	3	1	2	0	0	0	0	1	0	0	0	0	1	2
P51648	P51648	uc010cqr.1	protein_coding	0	1	0	9	0	0	1	1	7	0	0	0	0	1	0	0	0	0	1	0
P51648-2	P51648-2	uc002gwa.1	protein_coding	0	1	1	9	1	0	0	1	7	1	0	0	0	1	0	0	0	0	0	0
P51688	P51688	uc002jxz.4	protein_coding	0	1	0	13	0	0	0	6	4	0	0	0	0	1	0	0	0	0	0	4
P51688	P51688	uc002jya.4	protein_coding	0	1	0	13	0	0	0	6	4	0	0	0	0	1	0	0	0	0	0	4
P51692	P51692	uc002hzh.3	protein_coding	0	0	0	8	2	0	0	0	6	0	0	0	0	0	0	0	0	0	0	0
P51798	P51798	uc002clv.3	protein_coding	0	3	0	50	0	0	0	9	41	0	0	0	0	1	0	0	0	0	2	1
P51828	P51828	uc002egd.1	protein_coding	0	1	0	13	0	0	0	1	12	0	0	0	0	0	0	0	0	0	1	0
P52179	P52179	uc002klp.3	protein_coding	0	3	4	37	1	0	0	0	36	4	0	0	0	1	0	0	0	0	3	0
P52179-2	P52179-2	uc002klq.3	protein_coding	0	3	4	37	1	0	0	0	36	4	0	0	0	1	0	0	0	0	3	0
P52198	P52198	uc002icn.3	protein_coding	0	0	0	1	0	0	0	0	0	0	0	0	0	0	0	0	0	0	0	1
P52292	P52292	uc002jgk.3	protein_coding	0	1	0	6	0	0	0	1	5	0	0	0	0	0	0	0	0	0	1	0
P52292	P52292	uc002jgl.3	protein_coding	0	1	0	6	0	0	0	1	5	0	0	0	0	0	0	0	0	0	1	0
P52429	P52429	uc002iur.3	protein_coding	0	1	0	7	0	0	0	0	7	0	0	0	0	0	0	0	0	0	1	0
P52429	P52429	uc002ius.1	protein_coding	0	1	0	7	2	0	0	0	4	0	0	0	0	0	0	0	0	0	1	1
P52564	P52564	uc002jii.3	protein_coding	0	1	0	3	0	0	0	2	1	0	0	0	0	0	0	0	0	0	1	0
P52564	P52564	uc002jij.3	protein_coding	0	1	0	5	0	0	0	0	5	0	0	0	0	0	0	0	0	0	1	0
P52565	P52565	uc002kbq.3	protein_coding	0	0	0	1	1	0	0	0	0	0	0	0	0	0	0	0	0	0	0	0
P52565	P52565	uc021uff.1	protein_coding	0	0	0	1	1	0	0	0	0	0	0	0	0	0	0	0	0	0	0	0
P52657	P52657	uc002agg.3	protein_coding	0	0	0	5	1	0	1	0	3	0	0	0	0	0	0	0	0	0	0	0
P52815	P52815	uc002kbh.2	protein_coding	0	0	0	2	0	0	0	0	0	0	0	0	0	0	0	0	0	0	0	2
P53350	P53350	uc002dlz.1	protein_coding	0	0	0	5	1	0	0	0	4	0	0	0	0	0	0	0	0	0	0	0
P53384	P53384	uc002daa.1	protein_coding	0	0	0	9	1	0	0	5	3	0	0	0	0	0	0	0	0	0	0	0
P53384-2	P53384-2	uc002dab.1	protein_coding	0	0	0	9	1	0	0	5	3	0	0	0	0	0	0	0	0	0	0	0
P53396	P53396	uc002hyg.3	protein_coding	0	1	1	22	1	0	0	0	21	1	0	0	0	0	0	0	0	0	1	0
P53396-2	P53396-2	uc002hyh.3	protein_coding	0	1	1	22	1	0	0	0	21	1	0	0	0	0	0	0	0	0	1	0
P53396-2	P53396-2	uc010wfx.2	protein_coding	0	1	1	22	1	0	0	0	21	1	0	0	0	0	0	0	0	0	1	0
P53602	P53602	uc002flf.1	protein_coding	0	0	0	11	0	0	1	4	4	0	0	0	0	0	0	0	0	0	0	2
P53602	P53602	uc002flg.1	protein_coding	0	1	0	11	0	0	0	4	6	0	0	0	0	0	0	0	0	0	1	1
P53990-2	P53990-2	uc002fbl.2	protein_coding	0	0	0	11	3	0	0	3	4	0	0	0	0	0	0	0	0	0	0	1
P53990-3	P53990-3	uc002fbk.2	protein_coding	0	0	0	11	3	0	0	3	4	0	0	0	0	0	0	0	0	0	0	1
P53990-4	P53990-4	uc002fbm.2	protein_coding	0	0	0	11	3	0	0	3	4	0	0	0	0	0	0	0	0	0	0	1
P54098	P54098	uc002bnr.4	protein_coding	0	1	0	31	0	0	0	4	27	0	0	0	0	0	0	0	0	0	1	0
P54098	P54098	uc002bns.4	protein_coding	0	1	0	31	0	0	0	4	27	0	0	0	0	0	0	0	0	0	1	0
P54132	P54132	uc002bpr.3	protein_coding	0	2	0	1	0	0	0	0	2	0	0	0	0	1	0	0	0	0	1	0
P54132	P54132	uc010uqh.2	protein_coding	0	2	0	1	0	0	0	0	2	0	0	0	0	1	0	0	0	0	1	0
P54132	P54132	uc010uqi.2	protein_coding	0	2	0	1	0	0	0	0	2	0	0	0	0	1	0	0	0	0	1	0
P54257	P54257	uc002hxm.1	protein_coding	0	2	4	24	7	0	0	6	12	4	0	0	0	2	0	0	0	0	1	0
P54257-2	P54257-2	uc002hxn.1	protein_coding	0	1	4	25	7	0	0	6	13	4	0	0	0	2	0	0	0	0	0	0
P54257-3	P54257-3	uc002hxp.1	protein_coding	0	0	4	26	7	0	0	6	13	4	0	0	0	1	0	0	0	0	0	0
P54257-4	P54257-4	uc002hxo.1	protein_coding	0	0	4	26	7	0	0	6	13	4	0	0	0	1	0	0	0	0	0	0
P54578	P54578	uc002kkf.1	protein_coding	0	1	0	8	0	0	0	2	6	0	0	0	0	0	0	0	0	0	1	0
P54802	P54802	uc002hzv.3	protein_coding	0	1	2	13	0	0	0	4	8	2	0	0	0	0	0	0	0	0	1	1
P54851	P54851	uc002czx.3	protein_coding	0	1	0	8	6	0	0	0	2	0	0	0	0	0	0	0	0	0	1	0
P55039	P55039	uc002gsh.2	protein_coding	0	1	0	4	1	0	0	1	3	0	0	0	0	1	0	0	0	0	0	0
P55042	P55042	uc002eqn.2	protein_coding	0	0	0	1	0	0	0	1	0	0	0	0	0	0	0	0	0	0	0	0
P55042	P55042	uc002eqo.2	protein_coding	0	0	0	1	0	0	0	1	0	0	0	0	0	0	0	0	0	0	0	0
P55081	P55081	uc001zth.1	protein_coding	0	0	0	3	0	0	0	1	1	0	0	0	0	0	0	0	0	0	0	1
P55083	P55083	uc002gvt.3	protein_coding	0	0	0	2	0	0	0	1	1	0	0	0	0	0	0	0	0	0	0	0
P55087	P55087	uc002kwa.3	protein_coding	0	1	0	4	2	0	0	0	2	0	0	0	0	0	0	0	0	0	1	0
P55259	P55259	uc002dgv.3	protein_coding	0	1	0	4	2	0	0	0	2	0	0	0	0	0	0	0	0	0	1	0
P55259-2	P55259-2	uc002dgx.3	protein_coding	0	1	0	4	2	0	0	0	2	0	0	0	0	0	0	0	0	0	1	0
P55259-3	P55259-3	uc002dgw.3	protein_coding	0	1	0	4	2	0	0	0	2	0	0	0	0	0	0	0	0	0	1	0
P55259-4	P55259-4	uc002dgy.3	protein_coding	0	1	0	4	2	0	0	0	2	0	0	0	0	0	0	0	0	0	1	0
P55286	P55286	uc002eog.2	protein_coding	0	0	0	2	0	0	0	0	2	0	0	0	0	0	0	0	0	0	0	0
P55287	P55287	uc002eoi.3	protein_coding	0	0	2	7	1	0	0	0	6	2	0	0	0	0	0	0	0	0	0	0
P55287	P55287	uc010vin.2	protein_coding	0	0	2	7	1	0	0	0	6	2	0	0	0	0	0	0	0	0	0	0
P55287-2	P55287-2	uc002eoj.3	protein_coding	0	0	2	7	1	0	0	0	6	2	0	0	0	0	0	0	0	0	0	0
P55290	P55290	uc002fgx.3	protein_coding	0	3	0	38	0	0	0	0	38	0	0	0	0	0	0	0	0	0	3	0
P55290-2	P55290-2	uc010chh.3	protein_coding	0	2	0	9	0	0	0	0	9	0	0	0	0	0	0	0	0	0	2	0
P55290-3	P55290-3	uc021tlw.1	protein_coding	0	1	0	10	1	0	0	0	9	0	0	0	0	0	0	0	0	0	1	0
P55291	P55291	uc002fmt.3	protein_coding	0	0	0	6	0	0	0	2	2	0	0	0	0	0	0	0	0	0	0	2
P55773	P55773	uc002hkt.1	protein_coding	0	0	0	2	1	0	0	0	1	0	0	0	0	0	0	0	0	0	0	0
P55773-2	P55773-2	uc002hks.1	protein_coding	0	0	0	2	1	0	0	0	1	0	0	0	0	0	0	0	0	0	0	0
P55774	P55774	uc002hku.3	protein_coding	0	0	0	1	0	0	0	0	0	0	0	0	0	0	0	0	0	0	0	1
P55786	P55786	uc002ilr.4	protein_coding	0	0	0	11	0	0	0	0	11	0	0	0	0	0	0	0	0	0	0	0
P55786	P55786	uc010wku.2	protein_coding	0	0	0	11	0	0	0	0	11	0	0	0	0	0	0	0	0	0	0	0
P55786	P55786	uc010wkv.2	protein_coding	0	0	0	10	0	0	0	0	8	0	0	0	0	0	0	0	0	0	0	2
P55789	P55789	uc002cob.3	protein_coding	0	0	0	10	0	0	0	3	1	0	0	0	0	0	0	0	0	0	0	6
P56211	P56211	uc002acd.1	protein_coding	0	0	0	6	6	0	0	0	0	0	0	0	0	0	0	0	0	0	0	0
P56211	P56211	uc002ace.1	protein_coding	0	0	0	6	6	0	0	0	0	0	0	0	0	0	0	0	0	0	0	0
P56270	P56270	uc002dty.4	protein_coding	0	0	0	6	1	0	0	3	1	0	0	0	0	0	0	0	0	0	0	1
P56703	P56703	uc002ikv.3	protein_coding	0	0	0	4	0	0	0	0	4	0	0	0	0	0	0	0	0	0	0	0
P56747	P56747	uc002csu.4	protein_coding	0	0	1	2	0	0	0	1	0	1	0	0	0	0	0	0	0	0	0	1
P56747	P56747	uc021tbb.1	protein_coding	0	0	1	0	0	0	0	0	0	1	0	0	0	0	0	0	0	0	0	0
P56945	P56945	uc002fdv.3	protein_coding	0	2	0	7	0	0	0	1	5	0	0	0	0	0	0	0	0	0	2	1
P56945-2	P56945-2	uc010vnd.2	protein_coding	0	2	0	12	0	0	0	1	8	0	0	0	0	0	0	0	0	0	2	3
P57073	P57073	uc002ckn.3	protein_coding	0	3	0	8	4	0	0	1	2	0	0	0	0	0	0	0	0	0	3	1
P57082	P57082	uc002izi.3	protein_coding	0	1	0	10	2	0	0	0	9	0	0	0	0	1	0	0	0	0	0	0
P57678	P57678	uc002frs.1	protein_coding	0	0	6	4	0	0	0	2	0	6	0	0	0	0	0	0	0	0	0	2
P57737	P57737	uc002cwg.4	protein_coding	0	0	1	28	0	0	0	0	28	1	0	0	0	0	0	0	0	0	0	0
P57737	P57737	uc002cwh.4	protein_coding	0	0	1	28	0	0	0	0	28	1	0	0	0	0	0	0	0	0	0	0
P57737-2	P57737-2	uc010uxi.2	protein_coding	0	0	1	28	0	0	0	0	28	1	0	0	0	0	0	0	0	0	0	0
P58170	P58170	uc021tns.1	protein_coding	0	1	2	1	0	0	0	1	0	2	0	0	0	0	0	0	0	0	1	0
P58180	P58180	uc010wnp.2	protein_coding	0	0	1	0	0	0	0	0	0	1	0	0	0	0	0	0	0	0	0	0
P58872	P58872	uc002hhe.1	protein_coding	0	0	0	2	0	0	0	0	2	0	0	0	0	0	0	0	0	0	0	0
P58872	P58872	uc002hhf.1	protein_coding	0	0	0	2	0	0	0	0	2	0	0	0	0	0	0	0	0	0	0	0
P58872	P58872	uc010csy.1	protein_coding	0	0	0	2	0	0	0	0	2	0	0	0	0	0	0	0	0	0	0	0
P59095	P59095	uc010xdt.2	protein_coding	0	0	0	5	0	0	0	1	3	0	0	0	0	0	0	0	0	0	0	1
P59780	P59780	uc002boq.4	protein_coding	0	0	0	6	0	0	1	2	3	0	0	0	0	0	0	0	0	0	0	0
P60008	P60008	uc010wmj.2	protein_coding	0	0	1	7	0	0	0	5	1	1	0	0	0	0	0	0	0	0	0	1
P60510	P60510	uc002dwe.3	protein_coding	0	0	0	2	0	0	0	1	1	0	0	0	0	0	0	0	0	0	0	0
P60510	P60510	uc002dwf.3	protein_coding	0	0	0	2	0	0	0	1	1	0	0	0	0	0	0	0	0	0	0	0
P60763	P60763	uc002kdf.3	protein_coding	0	0	0	4	0	0	0	4	0	0	0	0	0	0	0	0	0	0	0	0
P60827	P60827	uc010uuw.1	protein_coding	0	0	0	3	2	0	0	0	1	0	0	0	0	0	0	0	0	0	0	0
P60842	P60842	uc002gho.2	protein_coding	0	0	0	2	0	0	0	0	1	0	0	0	0	0	0	0	0	0	0	1
P61201	P61201	uc001zxf.3	protein_coding	0	0	0	7	1	0	1	0	5	0	0	0	0	0	0	0	0	0	0	0
P61201-2	P61201-2	uc001zxh.3	protein_coding	0	0	0	7	1	0	1	0	5	0	0	0	0	0	0	0	0	0	0	0
P61254	P61254	uc002glh.1	protein_coding	0	0	0	1	0	0	0	0	1	0	0	0	0	0	0	0	0	0	0	0
P61266	P61266	uc010cad.2	protein_coding	0	1	0	8	2	0	0	2	5	0	0	0	0	1	0	0	0	0	0	0
P61289	P61289	uc002ibp.3	protein_coding	0	0	0	6	0	0	0	0	3	0	0	0	0	0	0	0	0	0	0	3
P61289	P61289	uc002ibr.4	protein_coding	0	0	0	3	0	0	0	0	3	0	0	0	0	0	0	0	0	0	0	0
P61289	P61289	uc031ram.1	protein_coding	0	0	0	3	0	0	0	0	3	0	0	0	0	0	0	0	0	0	0	0
P61289-2	P61289-2	uc002ibq.4	protein_coding	0	0	0	3	0	0	0	0	3	0	0	0	0	0	0	0	0	0	0	0
P61353	P61353	uc002icj.3	protein_coding	0	0	0	6	0	0	1	0	5	0	0	0	0	0	0	0	0	0	0	0
P61421	P61421	uc002ete.1	protein_coding	0	0	0	4	0	0	0	2	1	0	0	0	0	0	0	0	0	0	0	1
P61421	P61421	uc010vjn.1	protein_coding	0	0	0	3	0	0	0	2	1	0	0	0	0	0	0	0	0	0	0	0
P61956	P61956	uc002jne.3	protein_coding	0	0	0	4	0	0	0	1	2	0	0	0	0	0	0	0	0	0	0	1
P61956-2	P61956-2	uc002jnf.3	protein_coding	0	0	0	4	0	0	0	1	2	0	0	0	0	0	0	0	0	0	0	1
P61962	P61962	uc002jbc.4	protein_coding	0	0	0	1	1	0	0	0	0	0	0	0	0	0	0	0	0	0	0	0
P61970	P61970	uc002eup.3	protein_coding	0	0	0	2	0	0	0	0	2	0	0	0	0	0	0	0	0	0	0	0
P62195	P62195	uc002jcb.3	protein_coding	0	2	0	12	0	0	0	2	2	0	0	0	0	1	0	0	0	0	1	9
P62195	P62195	uc010ddy.3	protein_coding	0	1	1	12	0	0	0	2	1	1	0	0	0	0	0	0	0	0	1	9
P62244	P62244	uc002dfh.1	protein_coding	0	0	0	4	0	0	0	0	1	0	0	0	0	0	0	0	0	0	0	3
P62244	P62244	uc002dfi.1	protein_coding	0	0	0	4	0	0	0	0	1	0	0	0	0	0	0	0	0	0	0	3
P62253	P62253	uc002fxs.3	protein_coding	0	0	0	10	2	0	0	0	8	0	0	0	0	0	0	0	0	0	0	0
P62258	P62258	uc002fsj.3	protein_coding	0	0	0	6	0	0	0	1	5	0	0	0	0	0	0	0	0	0	0	0
P62258	P62258	uc002fsk.3	protein_coding	0	0	0	6	0	0	0	1	5	0	0	0	0	0	0	0	0	0	0	0
P62314	P62314	uc002ktj.1	protein_coding	0	0	0	2	0	0	0	0	1	0	0	0	0	0	0	0	0	0	0	1
P62750	P62750	uc002hci.3	protein_coding	0	0	0	3	0	0	0	3	0	0	0	0	0	0	0	0	0	0	0	0
P62829	P62829	uc002hqx.1	protein_coding	0	0	0	1	0	0	0	0	0	0	0	0	0	0	0	0	0	0	0	1
P62829	P62829	uc002hqy.1	protein_coding	0	0	0	1	0	0	0	0	0	0	0	0	0	0	0	0	0	0	0	1
P62993	P62993	uc002jnx.4	protein_coding	0	1	0	3	1	0	0	0	2	0	0	0	0	1	0	0	0	0	0	1
P62993-2	P62993-2	uc002jny.4	protein_coding	0	1	0	3	1	0	0	0	2	0	0	0	0	1	0	0	0	0	0	1
P63010	P63010	uc002hjr.3	protein_coding	0	1	0	17	1	0	0	0	16	0	0	0	0	0	0	0	0	0	1	0
P63010	P63010	uc002hjs.3	protein_coding	0	1	0	17	1	0	0	0	16	0	0	0	0	0	0	0	0	0	1	0
P63010-2	P63010-2	uc002hjq.3	protein_coding	0	1	0	17	1	0	0	0	16	0	0	0	0	0	0	0	0	0	1	0
P63010-2	P63010-2	uc002hjt.3	protein_coding	0	1	0	17	1	0	0	0	16	0	0	0	0	0	0	0	0	0	1	0
P63010-2	P63010-2	uc010ctv.3	protein_coding	0	1	0	17	1	0	0	0	16	0	0	0	0	0	0	0	0	0	1	0
P63162	P63162	uc001ywp.1	protein_coding	0	0	0	2	0	0	0	0	2	0	0	0	0	0	0	0	0	0	0	0
P63162	P63162	uc001ywq.1	protein_coding	0	0	0	2	0	0	0	0	2	0	0	0	0	0	0	0	0	0	0	0
P63162	P63162	uc001ywr.1	protein_coding	0	0	0	2	0	0	0	0	2	0	0	0	0	0	0	0	0	0	0	0
P63162	P63162	uc001yws.1	protein_coding	0	0	0	2	0	0	0	0	2	0	0	0	0	0	0	0	0	0	0	0
P63162	P63162	uc001ywt.1	protein_coding	0	0	0	2	0	0	0	0	2	0	0	0	0	0	0	0	0	0	0	0
P63173	P63173	uc002jjz.3	protein_coding	0	0	0	2	0	0	0	1	0	0	0	0	0	0	0	0	0	0	0	1
P63173	P63173	uc002jka.3	protein_coding	0	0	0	2	0	0	0	1	0	0	0	0	0	0	0	0	0	0	0	1
P63241	P63241	uc002gft.3	protein_coding	0	0	0	1	0	0	0	1	0	0	0	0	0	0	0	0	0	0	0	0
P63241	P63241	uc002gfu.3	protein_coding	0	0	0	1	0	0	0	1	0	0	0	0	0	0	0	0	0	0	0	0
P63241	P63241	uc010vtv.2	protein_coding	0	0	0	1	0	0	0	1	0	0	0	0	0	0	0	0	0	0	0	0
P63241-2	P63241-2	uc002gfr.3	protein_coding	0	0	0	1	0	0	0	1	0	0	0	0	0	0	0	0	0	0	0	0
P63252	P63252	uc002jir.3	protein_coding	0	1	0	9	8	0	0	1	0	0	0	0	0	0	0	0	0	0	1	0
P63252	P63252	uc010dfg.3	protein_coding	0	1	0	9	8	0	0	1	0	0	0	0	0	0	0	0	0	0	1	0
P63252	P63252	uc021ucj.1	protein_coding	0	1	0	9	0	0	0	9	0	0	0	0	0	0	0	0	0	0	1	0
P63261	P63261	uc002kak.2	protein_coding	0	4	0	12	6	0	0	3	3	0	0	0	0	0	0	0	0	1	3	0
P63261	P63261	uc002kal.2	protein_coding	0	4	0	12	6	0	0	3	3	0	0	0	0	0	0	0	0	1	3	0
P63272	P63272	uc002iwe.2	protein_coding	0	0	0	7	0	0	0	0	1	0	0	0	0	0	0	0	0	0	0	6
P63279	P63279	uc002clc.2	protein_coding	0	1	0	37	3	0	0	8	23	0	0	0	0	0	0	0	0	0	1	3
P63279	P63279	uc002cld.2	protein_coding	0	1	0	37	3	0	0	8	23	0	0	0	0	0	0	0	0	0	1	3
P63279	P63279	uc002clf.2	protein_coding	0	1	0	37	3	0	0	8	23	0	0	0	0	0	0	0	0	0	1	3
P63279	P63279	uc002clg.2	protein_coding	0	1	0	37	3	0	0	8	23	0	0	0	0	0	0	0	0	0	1	3
P67812	P67812	uc002blb.2	protein_coding	0	0	0	3	0	0	0	0	3	0	0	0	0	0	0	0	0	0	0	0
P68032	P68032	uc001ziu.1	protein_coding	0	0	0	1	0	0	0	0	1	0	0	0	0	0	0	0	0	0	0	0
P69905	P69905	uc002cfv.4	protein_coding	0	0	0	5	1	0	0	2	2	0	0	0	0	0	0	0	0	0	0	0
P69905	P69905.2	uc002cfx.1	protein_coding	0	0	0	5	0	0	0	0	1	0	0	0	0	0	0	0	0	0	0	4
P78352	P78352	uc010vtn.2	protein_coding	0	0	0	6	0	0	0	1	3	0	0	0	0	0	0	0	0	0	0	2
P78352-2	P78352-2	uc002get.4	protein_coding	0	0	0	16	0	0	1	1	7	0	0	0	0	0	0	0	0	0	0	7
P78356	P78356	uc002hqs.3	protein_coding	0	0	0	11	2	0	0	2	4	0	0	0	0	0	0	0	0	0	0	3
P78356-2	P78356-2	uc021twj.1	protein_coding	0	0	0	7	0	0	0	0	4	0	0	0	0	0	0	0	0	0	0	3
P78357	P78357	uc002iay.3	protein_coding	0	0	1	8	0	0	0	2	6	1	0	0	0	0	0	0	0	0	0	0
P78383	P78383	uc002iph.1	protein_coding	0	0	0	3	1	0	0	0	2	0	0	0	0	0	0	0	0	0	0	0
P78383	P78383	uc002ipj.1	protein_coding	0	0	0	3	1	0	0	0	2	0	0	0	0	0	0	0	0	0	0	0
P78411	P78411	uc002ehv.3	protein_coding	0	0	0	3	3	0	0	0	0	0	0	0	0	0	0	0	0	0	0	0
P78412	P78412	uc002ehx.3	protein_coding	0	1	0	12	0	0	0	0	13	0	0	0	0	1	0	0	0	0	0	0
P78412	P78412	uc002ehy.3	protein_coding	0	1	0	12	0	0	0	0	13	0	0	0	0	1	0	0	0	0	0	0
P78415	P78415	uc002eht.1	protein_coding	0	0	0	2	0	0	0	0	2	0	0	0	0	0	0	0	0	0	0	0
P78423	P78423	uc002eli.3	protein_coding	0	1	0	1	1	0	0	0	0	0	0	0	0	0	0	0	0	0	1	0
P78549	P78549	uc002col.1	protein_coding	0	0	0	5	0	0	0	4	1	0	0	0	0	0	0	0	0	0	0	0
P78559	P78559	uc001zrt.3	protein_coding	0	2	2	4	2	0	0	1	1	2	0	0	0	0	0	0	0	0	2	0
P80075	P80075	uc002hib.3	protein_coding	0	1	1	1	0	0	1	0	0	1	0	0	0	0	0	0	0	0	1	0
P80217-2	P80217-2	uc021txx.1	protein_coding	0	1	2	9	1	0	0	2	4	2	0	0	0	1	0	0	0	0	1	2
P80294	P80294	uc002ejw.3	protein_coding	0	0	0	12	0	0	1	2	4	0	0	0	0	0	0	0	0	0	0	5
P80297	P80297	uc002ejy.3	protein_coding	0	0	0	4	0	0	0	1	3	0	0	0	0	0	0	0	0	0	0	0
P80365	P80365	uc002etd.3	protein_coding	0	1	1	1	0	0	0	1	0	1	0	0	0	0	0	0	0	0	1	0
P80404	P80404	uc002czc.4	protein_coding	0	2	0	30	1	0	0	0	29	0	0	0	0	0	0	0	0	0	2	0
P80404	P80404	uc002czd.4	protein_coding	0	2	0	26	1	0	0	0	25	0	0	0	0	0	0	0	0	0	2	0
P80404	P80404	uc010buh.3	protein_coding	0	1	0	27	1	0	0	0	26	0	0	0	0	0	0	0	0	0	1	0
P80404	P80404	uc010bui.3	protein_coding	0	2	0	26	1	0	0	0	25	0	0	0	0	0	0	0	0	0	2	0
P82912	P82912	uc002bml.3	protein_coding	0	1	2	17	1	0	1	1	7	2	0	0	0	0	0	0	0	0	1	7
P82912-2	P82912-2	uc002bmn.3	protein_coding	0	1	2	17	1	0	1	1	7	2	0	0	0	0	0	0	0	0	1	7
P82912-3	P82912-3	uc002bmm.3	protein_coding	0	0	2	18	1	0	1	1	8	2	0	0	0	0	0	0	0	0	0	7
P82930	P82930	uc002cmo.3	protein_coding	0	0	0	15	0	0	0	12	0	0	0	0	0	0	0	0	0	0	0	3
P82987	P82987	uc002bjz.4	protein_coding	0	3	5	17	0	0	0	0	17	5	0	0	0	0	0	0	0	0	3	0
P82987	P82987	uc010bmt.1	protein_coding	0	3	4	16	0	0	0	0	16	4	0	0	0	0	0	0	0	0	3	0
P83111	P83111	uc002alw.3	protein_coding	0	0	1	1	0	0	0	0	1	1	0	0	0	0	0	0	0	0	0	0
P83436	P83436	uc002dlo.3	protein_coding	0	0	0	13	2	0	0	0	11	0	0	0	0	0	0	0	0	0	0	0
P83876	P83876	uc002lnp.3	protein_coding	0	0	0	4	0	0	0	2	2	0	0	0	0	0	0	0	0	0	0	0
P83876	P83876	uc010drg.3	protein_coding	0	0	0	7	0	0	0	2	3	0	0	0	0	0	0	0	0	0	0	2
P83916	P83916	uc002ind.4	protein_coding	0	0	0	5	1	0	0	0	4	0	0	0	0	0	0	0	0	0	0	0
P83916	P83916	uc002ine.4	protein_coding	0	0	0	5	1	0	0	0	4	0	0	0	0	0	0	0	0	0	0	0
P84022	P84022	uc002aqj.3	protein_coding	0	1	0	9	2	0	0	1	6	0	0	0	0	0	0	0	0	0	1	0
P84022	P84022	uc010ujr.2	protein_coding	0	1	0	10	2	1	1	1	6	0	0	0	0	0	0	0	0	0	0	0
P84022-2	P84022-2	uc010ujs.2	protein_coding	0	1	0	9	2	0	0	1	4	0	0	0	0	0	0	0	0	0	1	2
P84098	P84098	uc002hrq.1	protein_coding	0	0	0	5	0	0	0	1	4	0	0	0	0	0	0	0	0	0	0	0
P84101	P84101	uc001zsz.4	protein_coding	0	0	0	10	0	0	1	5	1	0	0	0	0	0	0	0	0	0	0	3
P84101	P84101	uc021skb.1	protein_coding	0	0	0	7	0	0	1	5	1	0	0	0	0	0	0	0	0	0	0	0
P84157	P84157	uc002jsk.1	protein_coding	0	0	0	5	0	0	0	0	5	0	0	0	0	0	0	0	0	0	0	0
P84157-2	P84157-2	uc002jsm.3	protein_coding	0	0	0	5	0	0	0	0	5	0	0	0	0	0	0	0	0	0	0	0
P84157-3	P84157-3	uc002jsl.3	protein_coding	0	0	0	5	0	0	0	0	5	0	0	0	0	0	0	0	0	0	0	0
P84243	P84243.2	uc002jpl.3	protein_coding	0	1	0	3	0	0	0	0	3	0	0	0	0	1	0	0	0	0	0	1
P84550-2	P84550-2	uc031qsn.1	protein_coding	0	0	1	6	0	0	0	0	6	1	0	0	0	0	0	0	0	0	0	0
P98161-3	P98161-3	uc002cot.1	protein_coding	0	17	7	29	1	0	0	6	23	7	0	0	0	1	0	0	0	0	16	0
P98182	P98182	uc002cuj.2	protein_coding	0	2	0	4	0	1	1	0	3	0	0	0	0	1	0	0	0	0	0	0
P98182	P98182	uc002cuk.2	protein_coding	0	2	0	4	0	1	1	0	3	0	0	0	0	1	0	0	0	0	0	0
P98182-2	P98182-2	uc002cui.2	protein_coding	0	2	0	4	0	1	1	0	3	0	0	0	0	1	0	0	0	0	0	0
Q00169	Q00169	uc010cjt.3	protein_coding	0	0	0	12	5	0	0	2	5	0	0	0	0	0	0	0	0	0	0	0
Q00169	Q00169	uc021tnf.1	protein_coding	0	0	0	12	5	0	0	2	5	0	0	0	0	0	0	0	0	0	0	0
Q00169	Q00169	uc021tng.1	protein_coding	0	0	0	12	0	0	0	8	4	0	0	0	0	0	0	0	0	0	0	0
Q00526	Q00526	uc010dgt.3	protein_coding	0	0	0	5	0	0	0	4	1	0	0	0	0	0	0	0	0	0	0	0
Q00610	Q00610	uc002ixq.1	protein_coding	0	0	0	7	0	0	0	0	7	0	0	0	0	0	0	0	0	0	0	0
Q00610	Q00610	uc002ixr.1	protein_coding	0	0	0	7	0	0	0	0	7	0	0	0	0	0	0	0	0	0	0	0
Q00610-2	Q00610-2	uc002ixp.3	protein_coding	0	0	0	7	0	0	0	0	7	0	0	0	0	0	0	0	0	0	0	0
Q00722	Q00722	uc001zld.3	protein_coding	0	2	0	14	0	0	0	0	12	0	0	0	0	0	0	0	0	0	2	2
Q00722-2	Q00722-2	uc010bbo.3	protein_coding	0	2	0	14	0	0	0	0	12	0	0	0	0	0	0	0	0	0	2	2
Q00796	Q00796	uc001zul.4	protein_coding	0	1	3	20	6	0	0	0	14	3	0	0	0	0	0	0	0	0	1	0
Q00796	Q00796	uc010bdz.3	protein_coding	0	1	3	20	6	0	1	0	13	3	0	0	0	0	0	0	0	0	1	0
Q00LT1	Q00LT1	uc002jrx.2	protein_coding	0	0	0	4	1	0	0	1	2	0	0	0	0	0	0	0	0	0	0	0
Q01130	Q01130	uc002jsv.3	protein_coding	0	2	0	5	1	0	1	1	0	0	0	0	0	0	0	0	0	0	2	2
Q01130	Q01130	uc002jsy.4	protein_coding	0	2	0	5	1	0	1	1	0	0	0	0	0	0	0	0	0	0	2	2
Q01167	Q01167	uc002kfn.3	protein_coding	0	1	1	21	1	0	0	0	21	1	0	0	0	1	0	0	0	0	0	0
Q01167-2	Q01167-2	uc002kfm.1	protein_coding	0	1	0	20	0	0	0	0	21	0	0	0	0	1	0	0	0	0	0	0
Q01167-3	Q01167-3	uc010diu.3	protein_coding	0	0	1	22	1	0	0	0	21	1	0	0	0	0	0	0	0	0	0	0
Q01415	Q01415	uc001zxj.1	protein_coding	0	1	0	4	0	0	0	1	3	0	0	0	0	0	0	0	0	0	1	0
Q01415	Q01415	uc010ufb.1	protein_coding	0	1	0	4	0	0	0	1	3	0	0	0	0	0	0	0	0	0	1	0
Q01415	Q01415	uc010ufc.1	protein_coding	0	1	0	4	0	0	0	1	3	0	0	0	0	0	0	0	0	0	1	0
Q01415-2	Q01415-2	uc001zxi.1	protein_coding	0	1	0	5	0	0	0	1	3	0	0	0	0	0	0	0	0	0	1	1
Q01453	Q01453	uc002goj.3	protein_coding	0	0	0	4	1	0	0	0	3	0	0	0	0	0	0	0	0	0	0	0
Q01453	Q01453	uc002gok.3	protein_coding	0	0	0	4	1	0	0	0	3	0	0	0	0	0	0	0	0	0	0	0
Q01453	Q01453	uc002gol.3	protein_coding	0	0	0	4	1	0	0	0	3	0	0	0	0	0	0	0	0	0	0	0
Q01650	Q01650	uc002fkm.3	protein_coding	0	1	0	18	1	0	0	0	17	0	0	0	0	0	0	0	0	0	1	0
Q01664	Q01664	uc010uxg.2	protein_coding	0	0	1	2	1	0	0	0	1	1	0	0	0	0	0	0	0	0	0	0
Q01718	Q01718	uc002ksp.1	protein_coding	0	0	0	5	1	0	0	0	1	0	0	0	0	0	0	0	0	0	0	3
Q01718	Q01718	uc021uhs.1	protein_coding	0	0	0	1	0	0	0	1	0	0	0	0	0	0	0	0	0	0	0	0
Q01726	Q01726	uc002fpe.4	protein_coding	0	1	1	15	1	1	1	0	0	1	0	0	0	0	0	0	0	0	0	13
Q01850	Q01850	uc002dkn.3	protein_coding	0	0	0	1	0	0	0	0	1	0	0	0	0	0	0	0	0	0	0	0
Q01954	Q01954	uc002bjt.1	protein_coding	0	1	0	4	2	0	0	0	2	0	0	0	0	1	0	0	0	0	0	1
Q02078	Q02078	uc010urw.2	protein_coding	0	2	0	11	1	0	0	0	10	0	0	0	0	1	0	0	0	0	2	0
Q02078-2	Q02078-2	uc002bve.3	protein_coding	0	2	0	12	1	0	0	0	10	0	0	0	0	1	0	0	0	0	2	1
Q02078-5	Q02078-5	uc002bvf.3	protein_coding	0	2	0	12	1	0	0	0	10	0	0	0	0	1	0	0	0	0	2	1
Q02078-6	Q02078-6	uc002bvg.3	protein_coding	0	2	0	12	1	0	0	0	10	0	0	0	0	1	0	0	0	0	2	1
Q02078-6	Q02078-6	uc002bvi.3	protein_coding	0	2	0	11	1	0	0	0	10	0	0	0	0	1	0	0	0	0	2	0
Q02078-6	Q02078-6	uc010bos.3	protein_coding	0	2	0	12	1	0	0	0	10	0	0	0	0	1	0	0	0	0	2	1
Q02078-7	Q02078-7	uc010urv.2	protein_coding	0	2	0	12	1	0	0	0	10	0	0	0	0	1	0	0	0	0	2	1
Q02086	Q02086	uc002imk.3	protein_coding	0	4	0	6	0	0	0	3	3	0	0	0	0	0	0	0	0	0	4	0
Q02086	Q02086	uc002iml.3	protein_coding	0	4	0	6	0	0	0	3	3	0	0	0	0	0	0	0	0	0	4	0
Q02127	Q02127	uc002fbp.3	protein_coding	0	1	1	17	0	0	0	0	6	1	0	0	0	1	0	0	0	0	1	11
Q02221	Q02221	uc002ebx.2	protein_coding	0	0	0	8	0	0	0	6	2	0	0	0	0	0	0	0	0	0	0	0
Q02223	Q02223	uc002dbv.3	protein_coding	0	1	1	5	0	0	1	0	4	1	0	0	0	0	0	0	0	0	1	0
Q02241	Q02241	uc002asb.3	protein_coding	0	2	0	4	1	0	0	0	3	0	0	0	0	0	0	0	0	0	2	0
Q02241	Q02241	uc010bii.3	protein_coding	0	2	0	4	1	0	0	0	3	0	0	0	0	0	0	0	0	0	2	0
Q02241-2	Q02241-2	uc002asc.3	protein_coding	0	2	0	4	1	0	0	0	3	0	0	0	0	0	0	0	0	0	2	0
Q02413	Q02413	uc002kwp.3	protein_coding	0	1	1	7	1	0	1	0	5	1	0	0	0	0	0	0	0	0	1	0
Q02487	Q02487	uc002kwl.4	protein_coding	0	0	1	4	0	0	0	0	4	1	0	0	0	0	0	0	0	0	0	0
Q02487-2	Q02487-2	uc002kwk.4	protein_coding	0	0	1	4	0	0	0	0	4	1	0	0	0	0	0	0	0	0	0	0
Q02556	Q02556	uc002fjh.3	protein_coding	0	1	0	5	0	0	0	0	5	0	0	0	0	0	0	0	0	0	1	0
Q02641	Q02641	uc002hrl.1	protein_coding	0	0	0	4	0	0	0	0	2	0	0	0	0	0	0	0	0	0	0	2
Q02641	Q02641	uc002hrm.2	protein_coding	0	0	0	6	0	0	0	0	4	0	0	0	0	0	0	0	0	0	0	2
Q02641-2	Q02641-2	uc002hro.3	protein_coding	0	0	0	6	0	0	0	0	4	0	0	0	0	0	0	0	0	0	0	2
Q02641-3	Q02641-3	uc002hrn.3	protein_coding	0	0	0	6	0	0	0	0	4	0	0	0	0	0	0	0	0	0	0	2
Q02750	Q02750	uc010bhq.3	protein_coding	0	0	0	4	1	0	0	2	1	0	0	0	0	0	0	0	0	0	0	0
Q02978	Q02978	uc002fzo.2	protein_coding	0	0	0	4	0	0	0	2	0	0	0	0	0	0	0	0	0	0	0	2
Q02978	Q02978	uc002fzp.2	protein_coding	0	0	0	3	0	0	0	2	0	0	0	0	0	0	0	0	0	0	0	1
Q04671	Q04671	uc001zbh.4	protein_coding	0	3	1	20	1	0	0	0	20	1	0	0	0	1	0	0	0	0	2	0
Q04671-2	Q04671-2	uc010ayv.3	protein_coding	0	3	0	21	1	0	0	0	21	0	0	0	0	1	0	0	0	0	2	0
Q04695	Q04695	uc002hxh.2	protein_coding	0	0	0	8	0	0	1	0	4	0	0	0	0	0	0	0	0	0	0	3
Q04726	Q04726	uc002asm.2	protein_coding	0	5	0	12	0	0	0	0	13	0	0	0	0	1	0	0	0	0	4	0
Q04726-2	Q04726-2	uc002asn.2	protein_coding	0	5	0	12	0	0	0	0	13	0	0	0	0	1	0	0	0	0	4	0
Q04726-3	Q04726-3	uc002asp.2	protein_coding	0	5	0	12	0	0	0	0	13	0	0	0	0	1	0	0	0	0	4	0
Q04726-4	Q04726-4	uc002asl.2	protein_coding	0	5	0	12	0	0	0	0	13	0	0	0	0	1	0	0	0	0	4	0
Q04844	Q04844	uc002fzk.1	protein_coding	0	0	0	12	3	0	1	7	1	0	0	0	0	0	0	0	0	0	0	0
Q05086	Q05086	uc001zaq.3	protein_coding	0	1	1	3	0	0	0	0	3	1	0	0	0	0	0	0	0	0	1	0
Q05086-3	Q05086-3	uc001zas.3	protein_coding	0	1	1	3	0	0	0	0	3	1	0	0	0	0	0	0	0	0	1	0
Q05952	Q05952	uc002das.3	protein_coding	0	0	0	5	0	0	0	0	1	0	0	0	0	0	0	0	0	0	0	4
Q05996	Q05996	uc002dii.2	protein_coding	0	1	1	9	0	0	0	0	9	1	0	0	0	0	0	0	0	0	1	0
Q05BE5	Q05BE5	uc010clf.3	protein_coding	0	1	0	5	0	0	0	0	5	0	0	0	0	0	0	0	0	0	1	0
Q05BE6	Q05BE6	uc002bgl.1	protein_coding	0	2	0	3	0	0	0	3	1	0	0	0	0	1	0	0	0	0	1	0
Q05BF1	Q05BF1	uc002dmt.4	protein_coding	0	1	2	13	0	0	0	0	13	2	0	0	0	0	0	0	0	0	1	0
Q05BF1	Q05BF1	uc002dmv.4	protein_coding	0	0	0	4	0	0	0	0	1	0	0	0	0	0	0	0	0	0	0	3
Q05BQ5	Q05BQ5	uc002itq.4	protein_coding	0	0	0	5	0	0	0	0	3	0	0	0	0	0	0	0	0	0	0	2
Q05BQ5	Q05BQ5	uc002itr.4	protein_coding	0	0	0	7	1	0	0	0	4	0	0	0	0	0	0	0	0	0	0	2
Q05BQ5-3	Q05BQ5-3	uc002itp.4	protein_coding	0	0	0	2	0	0	0	0	2	0	0	0	0	0	0	0	0	0	0	0
Q05BX6	Q05BX6	uc010clc.1	protein_coding	0	1	0	12	0	0	0	5	8	0	0	0	0	1	0	0	0	0	0	0
Q05D32	Q05D32	uc001ztr.3	protein_coding	0	1	0	4	1	0	1	0	2	0	0	0	0	0	0	0	0	0	1	0
Q05D32	Q05D32	uc001zts.3	protein_coding	0	1	0	4	1	0	0	0	2	0	0	0	0	0	0	0	0	0	1	1
Q05D32	Q05D32	uc001ztt.3	protein_coding	0	1	0	4	1	0	0	0	2	0	0	0	0	0	0	0	0	0	1	1
Q05D32-2	Q05D32-2	uc010bdv.3	protein_coding	0	0	0	4	1	0	0	0	3	0	0	0	0	0	0	0	0	0	0	0
Q06136	Q06136	uc010dpw.3	protein_coding	0	1	0	5	0	0	0	0	5	0	0	0	0	0	0	0	0	0	1	0
Q06418	Q06418	uc001zof.2	protein_coding	0	2	2	10	0	0	0	1	11	2	0	0	0	2	0	0	0	0	0	0
Q06432	Q06432	uc002jfu.3	protein_coding	0	0	0	2	1	0	0	0	1	0	0	0	0	0	0	0	0	0	0	0
Q06547	Q06547	uc001zyb.3	protein_coding	0	0	0	1	1	0	0	0	0	0	0	0	0	0	0	0	0	0	0	0
Q06547	Q06547	uc010ufg.2	protein_coding	0	0	0	1	1	0	0	0	0	0	0	0	0	0	0	0	0	0	0	0
Q06547-2	Q06547-2	uc001zya.3	protein_coding	0	0	0	1	1	0	0	0	0	0	0	0	0	0	0	0	0	0	0	0
Q06609	Q06609	uc001zmi.4	protein_coding	0	0	0	2	0	0	0	1	1	0	0	0	0	0	0	0	0	0	0	0
Q06609-3	Q06609-3	uc010bbw.3	protein_coding	0	0	0	2	0	0	0	1	1	0	0	0	0	0	0	0	0	0	0	0
Q06609-4	Q06609-4	uc001zml.4	protein_coding	0	0	0	2	0	0	0	1	1	0	0	0	0	0	0	0	0	0	0	0
Q06609-4	Q06609-4	uc010bbx.3	protein_coding	0	0	0	2	0	0	0	1	1	0	0	0	0	0	0	0	0	0	0	0
Q07157	Q07157	uc001zcr.3	protein_coding	0	2	0	5	0	0	0	0	5	0	0	0	0	0	0	0	0	0	2	0
Q07157-2	Q07157-2	uc001zcs.3	protein_coding	0	2	0	5	0	0	0	0	5	0	0	0	0	0	0	0	0	0	2	0
Q07627	Q07627	uc002hvw.1	protein_coding	0	1	1	0	0	0	0	0	0	1	0	0	0	0	0	0	0	0	1	0
Q08380	Q08380	uc002jwh.3	protein_coding	0	2	0	1	0	0	0	0	1	0	0	0	0	0	0	0	0	0	2	0
Q08380	Q08380	uc002jwi.3	protein_coding	0	1	0	3	0	1	1	0	2	0	0	0	0	0	0	0	0	0	0	0
Q08397	Q08397	uc002awc.1	protein_coding	0	0	0	4	2	0	0	0	2	0	0	0	0	0	0	0	0	0	0	0
Q08431	Q08431	uc002bnf.4	protein_coding	0	1	0	3	0	1	1	0	2	0	0	0	0	0	0	0	0	0	0	0
Q08554	Q08554	uc002kwn.3	protein_coding	0	0	0	3	0	0	0	0	3	0	0	0	0	0	0	0	0	0	0	0
Q08708	Q08708	uc002jky.2	protein_coding	0	1	1	10	0	0	1	1	4	1	0	0	0	1	0	0	0	0	0	5
Q08999	Q08999	uc002ehi.4	protein_coding	0	3	0	5	0	0	0	1	4	0	0	0	0	0	0	0	0	0	3	0
Q08999	Q08999	uc010vgv.1	protein_coding	0	2	0	4	0	0	0	1	3	0	0	0	0	0	0	0	0	0	2	0
Q08AE8	Q08AE8	uc002kre.3	protein_coding	0	1	0	17	1	0	0	1	13	0	0	0	0	0	0	0	0	0	1	2
Q08AE8-2	Q08AE8-2	uc010wzy.2	protein_coding	0	1	0	17	1	0	0	1	13	0	0	0	0	0	0	0	0	0	1	2
Q08AF3	Q08AF3	uc002hjf.4	protein_coding	0	0	3	1	0	0	0	0	1	3	0	0	0	0	0	0	0	0	0	0
Q08AF3-2	Q08AF3-2	uc002hje.3	protein_coding	0	0	1	2	0	0	0	2	0	1	0	0	0	0	0	0	0	0	0	0
Q08AF8	Q08AF8	uc001zbp.3	protein_coding	0	1	4	5	0	0	0	0	6	4	0	0	0	1	0	0	0	0	0	0
Q08AF8	Q08AF8	uc031qrc.1	protein_coding	0	1	4	5	0	0	0	0	6	4	0	0	0	1	0	0	0	0	0	0
Q08AF8	Q08AF8.2	uc001zbt.3	protein_coding	0	0	1	5	0	0	0	0	5	1	0	0	0	0	0	0	0	0	0	0
Q08AF8	Q08AF8.2	uc031qrd.1	protein_coding	0	1	1	5	0	1	2	0	3	1	0	0	0	0	0	0	0	0	0	0
Q08AF8-3	Q08AF8-3	uc001zbn.2	protein_coding	0	1	4	5	0	0	0	0	6	4	0	0	0	1	0	0	0	0	0	0
Q08AF8-3	Q08AF8-3.2	uc001zbu.2	protein_coding	0	0	1	5	0	0	0	0	5	1	0	0	0	0	0	0	0	0	0	0
Q08AH1	Q08AH1	uc002dhm.1	protein_coding	0	2	1	17	1	0	0	3	13	1	0	0	0	1	0	0	0	0	2	0
Q08AH1	Q08AH1	uc010bwg.1	protein_coding	0	2	1	18	1	0	0	3	13	1	0	0	0	1	0	0	0	0	2	1
Q08AH3	Q08AH3	uc002dhf.4	protein_coding	0	0	3	6	1	0	0	0	5	3	0	0	0	0	0	0	0	0	0	0
Q08AH3	Q08AH3	uc002dhg.4	protein_coding	0	0	3	6	1	0	0	0	5	3	0	0	0	0	0	0	0	0	0	0
Q08AH3	Q08AH3	uc010vax.1	protein_coding	0	0	3	6	0	0	0	3	3	3	0	0	0	0	0	0	0	0	0	0
Q08AH3	Q08AH3	uc010vay.2	protein_coding	0	0	3	6	1	0	0	0	5	3	0	0	0	0	0	0	0	0	0	0
Q08AM6	Q08AM6	uc002ezm.3	protein_coding	0	4	0	25	0	0	0	3	23	0	0	0	0	1	0	0	0	0	3	0
Q08AM6	Q08AM6	uc010cfw.3	protein_coding	0	3	0	27	0	1	2	3	23	0	0	0	0	1	0	0	0	0	1	0
Q0D2H9	Q0D2H9	uc010axw.2	protein_coding	0	1	3	21	1	0	0	0	21	3	0	0	0	1	0	0	0	0	0	0
Q0D2H9	Q0D2H9	uc010axx.2	protein_coding	0	1	3	21	1	0	0	0	21	3	0	0	0	1	0	0	0	0	0	0
Q0P5N6	Q0P5N6	uc002kbf.3	protein_coding	0	0	0	3	0	0	0	1	2	0	0	0	0	0	0	0	0	0	0	0
Q0P618	Q0P618	uc002dew.4	protein_coding	0	1	0	6	0	1	1	1	1	0	0	0	0	0	0	0	0	0	0	3
Q0P618	Q0P618.2	uc002dfc.4	protein_coding	0	1	0	2	0	1	1	0	0	0	0	0	0	0	0	0	0	0	0	1
Q0P656	Q0P656	uc002ldz.3	protein_coding	0	4	1	9	4	0	1	1	3	1	0	0	0	0	0	0	0	0	4	0
Q0P670	Q0P670	uc002ggw.3	protein_coding	0	1	1	0	0	0	0	0	0	1	0	0	0	0	0	0	0	0	1	0
Q0P6D2	Q0P6D2	uc002llk.3	protein_coding	0	0	3	3	1	0	0	0	2	3	0	0	0	0	0	0	0	0	0	0
Q0P6H9	Q0P6H9	uc001zqr.3	protein_coding	0	0	0	8	0	0	0	5	1	0	0	0	0	0	0	0	0	0	0	2
Q0VAC5	Q0VAC5	uc002fbt.5	protein_coding	0	0	1	9	0	0	0	3	4	1	0	0	0	0	0	0	0	0	0	2
Q0VAP4	Q0VAP4	uc010ciu.1	protein_coding	0	0	1	5	1	0	0	0	4	1	0	0	0	0	0	0	0	0	0	0
Q0VD86	Q0VD86	uc002gaj.3	protein_coding	0	0	0	7	0	0	0	1	2	0	0	0	0	0	0	0	0	0	0	4
Q0VD86	Q0VD86	uc002gak.3	protein_coding	0	0	0	7	0	0	0	1	2	0	0	0	0	0	0	0	0	0	0	4
Q0VD86-2	Q0VD86-2	uc002gal.3	protein_coding	0	0	0	7	0	0	0	1	2	0	0	0	0	0	0	0	0	0	0	4
Q0VD86-2	Q0VD86-2	uc002gam.3	protein_coding	0	0	0	7	0	0	0	1	2	0	0	0	0	0	0	0	0	0	0	4
Q0VD96	Q0VD96	uc010wos.2	protein_coding	0	0	0	1	0	0	0	0	1	0	0	0	0	0	0	0	0	0	0	0
Q0VF96	Q0VF96	uc002aeg.3	protein_coding	0	0	2	18	1	0	0	0	17	2	0	0	0	0	0	0	0	0	0	0
Q0VF96	Q0VF96	uc010bfw.3	protein_coding	0	0	2	18	1	0	0	0	17	2	0	0	0	0	0	0	0	0	0	0
Q0VG06	Q0VG06	uc002kap.3	protein_coding	0	1	2	14	1	0	0	1	12	2	0	0	0	0	0	0	0	0	1	0
Q0VG06	Q0VG06	uc002kaq.3	protein_coding	0	1	2	14	1	0	0	1	12	2	0	0	0	0	0	0	0	0	1	0
Q12767	Q12767	uc002jnz.4	protein_coding	0	3	0	23	0	0	0	11	14	0	0	0	0	2	0	0	0	0	1	0
Q12767	Q12767	uc010wsb.2	protein_coding	0	3	0	23	0	0	0	11	10	0	0	0	0	2	0	0	0	0	1	4
Q12788	Q12788	uc002cnu.1	protein_coding	0	5	1	19	0	0	0	9	12	1	0	0	0	2	0	0	0	0	3	0
Q12788	Q12788	uc002cnv.1	protein_coding	0	5	1	19	0	0	1	9	11	1	0	0	0	2	0	0	0	0	3	0
Q12789	Q12789	uc002dov.2	protein_coding	0	1	1	3	0	0	0	0	2	1	0	0	0	0	0	0	0	0	1	1
Q12789-3	Q12789-3	uc002dou.3	protein_coding	0	1	1	3	0	0	0	0	2	1	0	0	0	0	0	0	0	0	1	1
Q12798	Q12798	uc002kko.1	protein_coding	0	0	0	2	2	0	0	0	0	0	0	0	0	0	0	0	0	0	0	0
Q12802	Q12802	uc002blv.2	protein_coding	0	4	7	26	1	0	0	1	24	7	0	0	0	0	0	0	0	0	4	0
Q12802-2	Q12802-2	uc002blu.2	protein_coding	0	4	7	26	1	0	0	1	24	7	0	0	0	0	0	0	0	0	4	0
Q12802-5	Q12802-5	uc002bls.4	protein_coding	0	1	0	6	1	0	0	0	5	0	0	0	0	0	0	0	0	0	1	0
Q12829	Q12829	uc002kft.3	protein_coding	0	0	0	12	3	0	0	1	8	0	0	0	0	0	0	0	0	0	0	0
Q12830-2	Q12830-2	uc002jgf.3	protein_coding	0	2	1	12	4	0	0	0	9	1	0	0	0	1	0	0	0	0	1	0
Q12830-4	Q12830-4	uc002jge.3	protein_coding	0	2	1	12	4	0	0	0	9	1	0	0	0	1	0	0	0	0	1	0
Q12873	Q12873	uc002gje.2	protein_coding	0	0	0	1	0	0	0	0	1	0	0	0	0	0	0	0	0	0	0	0
Q12873-2	Q12873-2	uc002gjf.2	protein_coding	0	0	0	1	0	0	0	0	1	0	0	0	0	0	0	0	0	0	0	0
Q12879	Q12879	uc002czo.4	protein_coding	0	3	0	41	1	0	0	0	41	0	0	0	0	1	0	0	0	0	2	0
Q12879	Q12879	uc010uym.2	protein_coding	0	3	0	41	1	0	0	0	41	0	0	0	0	1	0	0	0	0	2	0
Q12879-2	Q12879-2	uc002czr.4	protein_coding	0	3	0	41	0	0	0	1	41	0	0	0	0	1	0	0	0	0	2	0
Q12887	Q12887	uc002gof.4	protein_coding	0	1	1	8	0	0	1	0	7	1	0	0	0	0	0	0	0	0	1	0
Q12887	Q12887	uc010vvs.2	protein_coding	0	0	0	10	0	0	2	0	8	0	0	0	0	0	0	0	0	0	0	0
Q12888	Q12888	uc001zrs.3	protein_coding	0	2	3	9	0	0	0	1	8	3	0	0	0	1	0	0	0	0	1	1
Q12888-2	Q12888-2	uc001zrr.4	protein_coding	0	2	3	8	0	0	0	1	8	3	0	0	0	1	0	0	0	0	1	0
Q12931	Q12931	uc002cvs.3	protein_coding	0	2	0	9	0	0	0	2	5	0	0	0	0	0	0	0	0	0	2	2
Q12931	Q12931	uc002cvt.4	protein_coding	0	2	0	13	0	0	0	2	11	0	0	0	0	0	0	0	0	0	2	0
Q12946	Q12946	uc002fjl.3	protein_coding	0	0	0	3	1	0	0	1	1	0	0	0	0	0	0	0	0	0	0	0
Q12965	Q12965	uc002aga.4	protein_coding	0	2	1	33	2	0	0	0	32	1	0	0	0	2	0	0	0	0	1	0
Q12979	Q12979	uc002fsd.4	protein_coding	0	2	0	48	3	0	0	4	42	0	0	0	0	1	0	0	0	0	1	0
Q12979-2	Q12979-2	uc002fsg.4	protein_coding	0	2	0	40	3	0	0	4	34	0	0	0	0	1	0	0	0	0	1	0
Q12980	Q12980	uc002cfr.3	protein_coding	0	0	2	18	0	0	0	3	15	2	0	0	0	0	0	0	0	0	0	0
Q12982-2	Q12982-2	uc010uhb.2	protein_coding	0	0	0	13	1	0	0	0	9	0	0	0	0	0	0	0	0	0	0	3
Q13045	Q13045	uc002gsq.2	protein_coding	0	1	0	7	0	0	0	2	4	0	0	0	0	0	0	0	0	0	1	1
Q13045	Q13045	uc002gsr.2	protein_coding	0	1	0	7	0	0	0	2	4	0	0	0	0	0	0	0	0	0	1	1
Q13045	Q13045	uc002gss.2	protein_coding	0	0	0	6	0	0	0	2	3	0	0	0	0	0	0	0	0	0	0	1
Q13045	Q13045	uc010vxn.2	protein_coding	0	1	0	7	0	0	0	2	4	0	0	0	0	0	0	0	0	0	1	1
Q13057	Q13057	uc002hzz.4	protein_coding	0	0	0	5	0	0	0	4	1	0	0	0	0	0	0	0	0	0	0	0
Q13057	Q13057	uc002iad.4	protein_coding	0	0	0	5	0	0	0	4	1	0	0	0	0	0	0	0	0	0	0	0
Q13057-2	Q13057-2	uc010cyj.4	protein_coding	0	0	0	5	0	0	0	4	1	0	0	0	0	0	0	0	0	0	0	0
Q13084	Q13084	uc002cgs.2	protein_coding	0	2	1	26	0	0	0	4	9	1	0	0	0	1	0	0	0	0	1	14
Q13085	Q13085	uc002hnm.3	protein_coding	0	2	0	17	0	0	0	0	18	0	0	0	0	1	0	0	0	0	1	0
Q13085	Q13085	uc002hnn.3	protein_coding	0	2	0	19	0	0	0	0	18	0	0	0	0	1	0	0	0	0	1	2
Q13085	Q13085	uc010cuz.3	protein_coding	0	0	0	7	1	0	0	0	6	0	0	0	0	0	0	0	0	0	0	0
Q13085-2	Q13085-2	uc002hnl.3	protein_coding	0	2	0	15	0	0	0	0	16	0	0	0	0	1	0	0	0	0	1	0
Q13085-4	Q13085-4	uc002hno.3	protein_coding	0	2	0	19	0	0	0	0	18	0	0	0	0	1	0	0	0	0	1	2
Q13087	Q13087	uc002cgn.1	protein_coding	0	2	3	17	1	0	5	8	4	3	0	0	0	1	0	0	0	0	1	0
Q13087	Q13087	uc002cgo.1	protein_coding	0	2	3	17	1	0	4	8	3	3	0	0	0	1	0	0	0	0	1	2
Q13087	Q13087	uc010bqt.1	protein_coding	0	2	3	17	1	0	4	8	3	3	0	0	0	1	0	0	0	0	1	2
Q13098	Q13098	uc002kdl.1	protein_coding	0	0	0	27	0	0	0	4	2	0	0	0	0	0	0	0	0	0	0	21
Q13098	Q13098	uc010wvh.1	protein_coding	0	0	0	27	0	0	0	4	2	0	0	0	0	0	0	0	0	0	0	21
Q13098-5	Q13098-5	uc002kdn.1	protein_coding	0	0	0	27	0	0	0	4	2	0	0	0	0	0	0	0	0	0	0	21
Q13098-7	Q13098-7	uc002kdk.1	protein_coding	0	0	0	27	0	0	0	4	2	0	0	0	0	0	0	0	0	0	0	21
Q13137	Q13137	uc002iof.4	protein_coding	0	0	1	8	1	0	0	0	7	1	0	0	0	0	0	0	0	0	0	0
Q13163	Q13163	uc002aqu.3	protein_coding	0	0	0	22	0	0	0	1	21	0	0	0	0	0	0	0	0	0	0	0
Q13163-2	Q13163-2	uc002aqv.3	protein_coding	0	0	0	22	0	0	0	1	21	0	0	0	0	0	0	0	0	0	0	0
Q13163-4	Q13163-4	uc010ujw.2	protein_coding	0	0	0	22	0	0	0	1	21	0	0	0	0	0	0	0	0	0	0	0
Q13164	Q13164	uc002gvn.3	protein_coding	0	0	0	2	0	0	0	1	1	0	0	0	0	0	0	0	0	0	0	0
Q13164	Q13164	uc002gvp.3	protein_coding	0	0	0	2	0	0	0	1	1	0	0	0	0	0	0	0	0	0	0	0
Q13164	Q13164	uc002gvq.3	protein_coding	0	0	0	2	0	0	0	1	1	0	0	0	0	0	0	0	0	0	0	0
Q13183	Q13183	uc002hbh.3	protein_coding	0	1	1	3	0	0	0	0	3	1	0	0	0	0	0	0	0	0	1	0
Q13183	Q13183	uc010wam.2	protein_coding	0	1	1	3	0	0	0	0	3	1	0	0	0	0	0	0	0	0	1	0
Q13207	Q13207	uc002izg.3	protein_coding	0	0	0	3	0	0	0	1	2	0	0	0	0	0	0	0	0	0	0	0
Q13207	Q13207	uc010wox.2	protein_coding	0	0	0	3	0	0	0	1	2	0	0	0	0	0	0	0	0	0	0	0
Q13227	Q13227	uc002gfw.1	protein_coding	0	1	0	0	0	0	0	0	1	0	0	0	0	1	0	0	0	0	0	0
Q13227	Q13227	uc002gfx.1	protein_coding	0	1	0	0	0	0	0	0	1	0	0	0	0	1	0	0	0	0	0	0
Q13227	Q13227	uc002gfz.1	protein_coding	0	1	0	2	0	0	0	0	1	0	0	0	0	1	0	0	0	0	0	2
Q13232	Q13232	uc002cmm.3	protein_coding	0	0	0	16	1	0	0	13	0	0	0	0	0	0	0	0	0	0	0	2
Q13253	Q13253	uc002iup.2	protein_coding	0	0	0	2	0	0	0	2	0	0	0	0	0	0	0	0	0	0	0	0
Q13286	Q13286	uc002dpm.3	protein_coding	0	0	0	2	0	0	0	0	1	0	0	0	0	0	0	0	0	0	0	1
Q13286	Q13286	uc002dpo.3	protein_coding	0	0	0	2	0	0	0	0	1	0	0	0	0	0	0	0	0	0	0	1
Q13286	Q13286	uc002dpp.3	protein_coding	0	0	0	3	0	0	0	0	1	0	0	0	0	0	0	0	0	0	0	2
Q13286	Q13286	uc010vcw.1	protein_coding	0	0	0	3	0	0	0	0	1	0	0	0	0	0	0	0	0	0	0	2
Q13286-2	Q13286-2	uc002dpq.1	protein_coding	0	0	0	2	0	0	0	0	1	0	0	0	0	0	0	0	0	0	0	1
Q13286-3	Q13286-3	uc010bye.1	protein_coding	0	0	0	2	0	0	0	0	1	0	0	0	0	0	0	0	0	0	0	1
Q13336	Q13336	uc002lbf.4	protein_coding	0	2	3	10	0	0	0	0	9	3	0	0	0	0	0	0	0	0	2	1
Q13336	Q13336	uc002lbi.4	protein_coding	0	1	0	14	0	0	0	0	13	0	0	0	0	0	0	0	0	0	1	1
Q13336	Q13336	uc002lbk.4	protein_coding	0	2	3	9	0	0	1	0	7	3	0	0	0	0	0	0	0	0	2	1
Q13336	Q13336	uc010xcn.2	protein_coding	0	2	3	10	0	0	0	0	9	3	0	0	0	0	0	0	0	0	2	1
Q13336	Q13336	uc010xco.2	protein_coding	0	1	0	14	0	0	2	0	11	0	0	0	0	0	0	0	0	0	1	1
Q13336-2	Q13336-2	uc002lbj.4	protein_coding	0	2	3	10	0	0	0	0	9	3	0	0	0	0	0	0	0	0	2	1
Q13336-2	Q13336-2	uc010dnk.3	protein_coding	0	2	3	10	0	0	0	0	9	3	0	0	0	0	0	0	0	0	2	1
Q13349	Q13349	uc002ebv.1	protein_coding	0	3	0	15	0	0	0	2	12	0	0	0	0	1	0	0	0	0	2	2
Q13349	Q13349	uc010cap.1	protein_coding	0	3	0	15	0	0	0	2	12	0	0	0	0	1	0	0	0	0	2	2
Q13367	Q13367	uc010uoh.2	protein_coding	0	0	0	1	0	0	0	0	1	0	0	0	0	0	0	0	0	0	0	0
Q13368	Q13368	uc002iei.4	protein_coding	0	0	0	8	0	0	0	0	8	0	0	0	0	0	0	0	0	0	0	0
Q13368	Q13368	uc010czi.2	protein_coding	0	0	0	8	0	0	0	3	5	0	0	0	0	0	0	0	0	0	0	0
Q13421	Q13421	uc002cjw.2	protein_coding	0	2	2	26	1	0	0	16	10	2	0	0	0	1	0	0	0	0	1	0
Q13421-3	Q13421-3	uc002cjt.1	protein_coding	0	2	2	26	1	0	0	16	10	2	0	0	0	1	0	0	0	0	1	0
Q13421-3	Q13421-3	uc002cju.1	protein_coding	0	2	2	26	1	0	0	16	10	2	0	0	0	1	0	0	0	0	1	0
Q13421-4	Q13421-4	uc010brd.1	protein_coding	0	2	2	26	1	0	0	16	10	2	0	0	0	1	0	0	0	0	1	0
Q13432	Q13432	uc002hbk.2	protein_coding	0	0	0	1	0	0	0	0	0	0	0	0	0	0	0	0	0	0	0	1
Q13432-2	Q13432-2	uc002hbm.2	protein_coding	0	0	0	1	0	0	0	0	0	0	0	0	0	0	0	0	0	0	0	1
Q13433	Q13433	uc010dmy.3	protein_coding	0	1	1	11	0	0	0	0	5	1	0	0	0	0	0	0	0	0	1	6
Q13433-2	Q13433-2	uc002kzj.2	protein_coding	0	1	0	12	0	0	0	0	6	0	0	0	0	0	0	0	0	0	1	6
Q13464	Q13464	uc002kte.3	protein_coding	0	0	0	8	2	0	0	0	6	0	0	0	0	0	0	0	0	0	0	0
Q13470	Q13470	uc002ggi.4	protein_coding	0	1	2	6	0	0	0	4	2	2	0	0	0	1	0	0	0	0	1	0
Q13470-2	Q13470-2	uc002ggj.4	protein_coding	0	1	2	6	0	0	0	4	2	2	0	0	0	1	0	0	0	0	1	0
Q13472	Q13472	uc002gsx.1	protein_coding	0	0	2	13	0	0	1	0	10	2	0	0	0	0	0	0	0	0	0	2
Q13472	Q13472	uc010vxr.1	protein_coding	0	0	1	4	0	0	1	0	3	1	0	0	0	0	0	0	0	0	0	0
Q13485	Q13485	uc002lfb.4	protein_coding	0	0	0	2	0	0	0	0	1	0	0	0	0	0	0	0	0	0	0	1
Q13485	Q13485	uc010xdp.2	protein_coding	0	0	0	3	0	0	0	0	2	0	0	0	0	0	0	0	0	0	0	1
Q13509	Q13509	uc002fpf.2	protein_coding	0	1	1	18	1	1	1	0	3	1	0	0	0	0	0	0	0	0	0	13
Q13509	Q13509	uc002fph.2	protein_coding	0	0	0	6	1	0	0	0	2	0	0	0	0	0	0	0	0	0	0	3
Q13509	Q13509	uc002fpk.1	protein_coding	0	0	0	3	1	0	1	0	0	0	0	0	0	0	0	0	0	0	0	1
Q13564	Q13564	uc002eqf.3	protein_coding	0	0	0	4	0	0	0	0	4	0	0	0	0	0	0	0	0	0	0	0
Q13564-2	Q13564-2	uc002eqe.3	protein_coding	0	0	0	4	0	0	0	0	4	0	0	0	0	0	0	0	0	0	0	0
Q13596	Q13596	uc002amv.3	protein_coding	0	1	0	7	0	0	0	1	5	0	0	0	0	0	0	0	0	0	1	1
Q13596-2	Q13596-2	uc002amx.3	protein_coding	0	1	0	7	0	0	0	1	5	0	0	0	0	0	0	0	0	0	1	1
Q13621	Q13621	uc001zwn.4	protein_coding	0	1	1	15	1	0	0	0	14	1	0	0	0	1	0	0	0	0	1	0
Q13621	Q13621	uc001zwr.4	protein_coding	0	1	1	14	1	0	2	0	9	1	0	0	0	1	0	0	0	0	1	2
Q13621	Q13621	uc010uew.1	protein_coding	0	1	0	14	0	0	0	1	13	0	0	0	0	0	0	0	0	0	1	0
Q13794	Q13794	uc002lic.2	protein_coding	0	0	0	1	0	0	0	0	1	0	0	0	0	0	0	0	0	0	0	0
Q13829	Q13829	uc002hax.2	protein_coding	0	0	0	8	0	0	0	3	4	0	0	0	0	0	0	0	0	0	0	1
Q13829	Q13829	uc002hay.3	protein_coding	0	0	0	7	0	0	0	3	3	0	0	0	0	0	0	0	0	0	0	1
Q13829	Q13829	uc010waf.2	protein_coding	0	0	0	7	0	0	0	3	3	0	0	0	0	0	0	0	0	0	0	1
Q13867	Q13867	uc002hez.2	protein_coding	0	0	0	6	0	0	0	0	6	0	0	0	0	0	0	0	0	0	0	0
Q13951	Q13951	uc002era.3	protein_coding	0	0	0	1	1	0	0	0	0	0	0	0	0	0	0	0	0	0	0	0
Q13951-2	Q13951-2	uc002erb.3	protein_coding	0	0	0	1	1	0	0	0	0	0	0	0	0	0	0	0	0	0	0	0
Q13972-2	Q13972-2	uc002beo.3	protein_coding	0	1	0	13	1	0	0	0	11	0	0	0	0	0	0	0	0	0	1	1
Q14005	Q14005	uc010blq.1	protein_coding	0	1	0	6	0	0	0	3	3	0	0	0	0	0	0	0	0	0	1	0
Q14005	Q14005	uc021ssh.1	protein_coding	0	2	0	5	2	0	0	0	3	0	0	0	0	0	0	0	0	0	2	0
Q14005-2	Q14005-2	uc002bgg.3	protein_coding	0	2	0	5	2	0	0	0	3	0	0	0	0	0	0	0	0	0	2	0
Q14005-2	Q14005-2	uc010unp.2	protein_coding	0	2	0	5	2	0	0	0	3	0	0	0	0	0	0	0	0	0	2	0
Q14005-3	Q14005-3	uc021ssi.1	protein_coding	0	2	0	3	2	0	0	0	1	0	0	0	0	0	0	0	0	0	2	0
Q14019	Q14019	uc002fid.3	protein_coding	0	0	0	8	5	0	0	0	3	0	0	0	0	0	0	0	0	0	0	0
Q14028	Q14028	uc002emt.2	protein_coding	0	4	1	18	0	0	0	0	19	1	0	0	0	2	0	0	0	0	3	0
Q14028-3	Q14028-3	uc002emu.2	protein_coding	0	1	1	6	0	0	0	1	5	1	0	0	0	0	0	0	0	0	1	0
Q14119	Q14119	uc002ivf.1	protein_coding	0	2	0	9	3	0	0	1	5	0	0	0	0	0	0	0	0	0	2	0
Q14126	Q14126	uc002kwu.4	protein_coding	0	3	0	8	0	0	0	0	8	0	0	0	0	0	0	0	0	0	3	0
Q14162	Q14162	uc002fsz.2	protein_coding	0	1	4	2	0	0	0	0	0	4	0	0	0	0	0	0	0	0	1	2
Q14162	Q14162	uc031qxu.1	protein_coding	0	1	4	2	0	0	0	0	0	4	0	0	0	0	0	0	0	0	1	2
Q14162-3	Q14162-3	uc002fsy.2	protein_coding	0	1	1	5	3	0	0	0	0	1	0	0	0	0	0	0	0	0	1	2
Q14168	Q14168	uc010win.1	protein_coding	0	2	0	12	2	1	3	0	7	0	0	0	0	0	0	0	0	0	1	0
Q14168-2	Q14168-2	uc002ieo.1	protein_coding	0	2	2	9	2	0	0	0	7	2	0	0	0	0	0	0	0	0	2	0
Q14168-3	Q14168-3	uc002ien.1	protein_coding	0	2	2	9	2	0	0	0	5	2	0	0	0	0	0	0	0	0	2	2
Q14183	Q14183	uc002dvn.3	protein_coding	0	0	0	3	0	0	0	2	1	0	0	0	0	0	0	0	0	0	0	0
Q14183	Q14183	uc002dvo.3	protein_coding	0	0	0	3	0	0	0	2	1	0	0	0	0	0	0	0	0	0	0	0
Q14183	Q14183	uc002dvp.3	protein_coding	0	0	0	3	0	0	0	2	1	0	0	0	0	0	0	0	0	0	0	0
Q14183	Q14183	uc002dvq.3	protein_coding	0	0	0	3	0	0	0	2	1	0	0	0	0	0	0	0	0	0	0	0
Q14197	Q14197	uc002jmm.3	protein_coding	0	1	1	4	0	0	0	0	4	1	0	0	0	1	0	0	0	0	1	0
Q14254	Q14254	uc002hdc.3	protein_coding	0	1	0	7	3	0	0	0	3	0	0	0	0	1	0	0	0	0	0	2
Q14257	Q14257	uc002bcd.3	protein_coding	0	0	0	2	2	0	0	0	0	0	0	0	0	0	0	0	0	0	0	0
Q14258	Q14258	uc002iut.3	protein_coding	0	0	3	5	0	0	1	0	4	3	0	0	0	0	0	0	0	0	0	0
Q14258	Q14258	uc010dcj.3	protein_coding	0	0	1	7	0	0	3	0	4	1	0	0	0	0	0	0	0	0	0	0
Q14344	Q14344	uc002jfc.3	protein_coding	0	0	0	2	0	0	0	0	2	0	0	0	0	0	0	0	0	0	0	0
Q14344	Q14344	uc010wqh.2	protein_coding	0	0	0	2	0	0	0	0	2	0	0	0	0	0	0	0	0	0	0	0
Q14406	Q14406	uc002jda.1	protein_coding	0	1	2	9	1	0	0	4	2	2	0	0	0	0	0	0	0	0	1	2
Q14406-2	Q14406-2	uc002jcz.1	protein_coding	0	1	1	10	1	0	0	4	3	1	0	0	0	0	0	0	0	0	1	2
Q14406-3	Q14406-3	uc002jdc.1	protein_coding	0	1	1	10	1	0	0	4	3	1	0	0	0	0	0	0	0	0	1	2
Q14406-3	Q14406-3	uc002jdd.1	protein_coding	0	1	1	10	1	0	0	4	3	1	0	0	0	0	0	0	0	0	1	2
Q14451	Q14451	uc002hsr.3	protein_coding	0	1	0	6	3	0	1	0	2	0	0	0	0	0	0	0	0	0	1	0
Q14451	Q14451	uc002hss.3	protein_coding	0	1	0	6	3	0	1	0	2	0	0	0	0	0	0	0	0	0	1	0
Q14451	Q14451	uc010cwc.3	protein_coding	0	1	0	6	3	0	1	0	2	0	0	0	0	0	0	0	0	0	1	0
Q14451-2	Q14451-2	uc002hst.3	protein_coding	0	1	0	6	3	0	1	0	1	0	0	0	0	0	0	0	0	0	1	1
Q14451-3	Q14451-3	uc021twu.1	protein_coding	0	1	1	5	3	0	0	0	2	1	0	0	0	0	0	0	0	0	1	0
Q14457	Q14457	uc002ibn.2	protein_coding	0	0	0	7	0	0	0	1	6	0	0	0	0	0	0	0	0	0	0	0
Q14457	Q14457	uc002ibo.3	protein_coding	0	0	0	7	0	0	0	1	6	0	0	0	0	0	0	0	0	0	0	0
Q14457	Q14457	uc010whb.1	protein_coding	0	0	0	7	0	0	0	1	6	0	0	0	0	0	0	0	0	0	0	0
Q14494	Q14494	uc002imz.4	protein_coding	0	0	0	5	0	0	2	0	2	0	0	0	0	0	0	0	0	0	0	1
Q14494-2	Q14494-2	uc002ina.4	protein_coding	0	0	0	5	0	0	1	0	3	0	0	0	0	0	0	0	0	0	0	1
Q14494-2	Q14494-2	uc002inb.4	protein_coding	0	0	0	5	0	0	2	0	2	0	0	0	0	0	0	0	0	0	0	1
Q14500	Q14500	uc002gyv.1	protein_coding	0	31	26	324	88	1	5	64	167	26	0	0	0	1	0	0	0	1	28	1
Q14500	Q14500	uc021tst.1	protein_coding	0	29	26	165	0	0	0	103	0	26	0	0	0	1	0	0	0	1	28	62
Q14525	Q14525	uc002hwl.4	protein_coding	0	0	1	3	0	0	0	0	2	1	0	0	0	0	0	0	0	0	0	1
Q14526	Q14526	uc010cjy.3	protein_coding	0	0	0	1	0	0	0	0	1	0	0	0	0	0	0	0	0	0	0	0
Q14532	Q14532	uc002hwr.3	protein_coding	0	2	4	5	0	0	0	0	5	4	0	0	0	0	0	0	0	0	2	0
Q14558	Q14558	uc010wtb.1	protein_coding	0	1	0	13	1	0	0	2	10	0	0	0	0	0	0	0	0	0	1	0
Q14558-2	Q14558-2	uc010wta.1	protein_coding	0	1	0	13	1	0	0	2	10	0	0	0	0	0	0	0	0	0	1	0
Q14562	Q14562	uc002idu.1	protein_coding	0	1	0	5	0	0	0	0	6	0	0	0	0	1	0	0	0	0	0	0
Q14562	Q14562	uc010wif.1	protein_coding	0	0	0	6	0	0	0	3	3	0	0	0	0	0	0	0	0	0	0	0
Q14574	Q14574	uc002kwj.4	protein_coding	2	1	3	12	0	0	0	0	14	3	0	1	1	0	0	0	0	0	1	0
Q14574-2	Q14574-2	uc002kwi.4	protein_coding	2	1	3	12	0	0	0	0	14	3	0	1	1	0	0	0	0	0	1	0
Q14586	Q14586	uc002ecs.5	protein_coding	0	0	1	3	0	0	0	0	3	1	0	0	0	0	0	0	0	0	0	0
Q14586	Q14586	uc031qvw.1	protein_coding	0	0	1	3	0	0	0	0	3	1	0	0	0	0	0	0	0	0	0	0
Q14591-2	Q14591-2	uc002kyp.4	protein_coding	0	0	1	4	4	0	0	0	0	1	0	0	0	0	0	0	0	0	0	0
Q14591-2	Q14591-2	uc002kyq.4	protein_coding	0	0	1	4	4	0	0	0	0	1	0	0	0	0	0	0	0	0	0	0
Q14591-2	Q14591-2	uc002kyr.4	protein_coding	0	0	1	4	4	0	0	0	0	1	0	0	0	0	0	0	0	0	0	0
Q14596	Q14596	uc010czd.3	protein_coding	0	1	0	4	0	0	0	0	4	0	0	0	0	1	0	0	0	0	0	1
Q14596	Q14596	uc010diz.3	protein_coding	0	1	0	4	0	0	0	0	4	0	0	0	0	1	0	0	0	0	0	1
Q14596	Q14596	uc010whv.2	protein_coding	0	1	0	4	0	0	0	0	4	0	0	0	0	1	0	0	0	0	0	1
Q14596-2	Q14596-2	uc010whu.2	protein_coding	0	1	0	4	0	0	0	0	4	0	0	0	0	1	0	0	0	0	0	1
Q14667	Q14667	uc002hbu.3	protein_coding	0	0	1	2	0	0	0	0	2	1	0	0	0	0	0	0	0	0	0	0
Q14667-4	Q14667-4	uc010crr.2	protein_coding	0	0	0	1	0	0	0	1	0	0	0	0	0	0	0	0	0	0	0	0
Q14681	Q14681	uc002jmp.3	protein_coding	0	0	0	7	3	0	0	0	3	0	0	0	0	0	0	0	0	0	0	1
Q14687	Q14687	uc002fix.4	protein_coding	0	1	1	16	2	0	0	1	13	1	0	0	0	0	0	0	0	0	1	0
Q14687-3	Q14687-3	uc002fiy.4	protein_coding	0	1	1	16	2	0	0	1	13	1	0	0	0	0	0	0	0	0	1	0
Q14694	Q14694	uc002fii.3	protein_coding	0	1	0	11	0	0	0	0	11	0	0	0	0	0	0	0	0	0	1	0
Q14694-3	Q14694-3	uc010voe.2	protein_coding	0	1	0	11	0	0	0	0	11	0	0	0	0	0	0	0	0	0	1	0
Q14696	Q14696	uc002bfy.1	protein_coding	0	0	0	10	2	0	0	1	7	0	0	0	0	0	0	0	0	0	0	0
Q14703	Q14703	uc002fhh.3	protein_coding	0	1	0	8	2	0	0	0	6	0	0	0	0	0	0	0	0	0	1	0
Q14703	Q14703	uc002fhi.3	protein_coding	0	2	0	15	2	0	1	0	12	0	0	0	0	0	0	0	0	0	2	0
Q14781	Q14781	uc002jxc.3	protein_coding	0	1	1	4	2	0	0	0	2	1	0	0	0	0	0	0	0	0	1	0
Q14781-2	Q14781-2	uc002jxb.2	protein_coding	0	0	0	6	0	0	0	5	1	0	0	0	0	0	0	0	0	0	0	0
Q14807	Q14807	uc002dts.4	protein_coding	0	2	0	1	0	0	0	1	0	0	0	0	0	0	0	0	0	0	2	0
Q14847	Q14847	uc002hra.3	protein_coding	0	1	0	6	0	0	0	0	6	0	0	0	0	0	0	0	0	0	1	0
Q14849	Q14849	uc002hsd.3	protein_coding	0	0	1	4	0	0	0	1	2	1	0	0	0	0	0	0	0	0	0	1
Q14849-2	Q14849-2	uc002hse.3	protein_coding	0	0	1	4	0	0	0	1	2	1	0	0	0	0	0	0	0	0	0	1
Q14849-2	Q14849-2	uc002hsf.3	protein_coding	0	0	1	3	0	0	0	1	2	1	0	0	0	0	0	0	0	0	0	0
Q14894	Q14894	uc002dim.3	protein_coding	0	1	0	8	0	0	0	0	8	0	0	0	0	0	0	0	0	0	1	0
Q14940	Q14940	uc002esm.3	protein_coding	0	3	0	6	1	0	0	0	4	0	0	0	0	1	0	0	0	0	2	2
Q14940	Q14940	uc010cee.3	protein_coding	0	3	0	6	1	0	0	0	4	0	0	0	0	1	0	0	0	0	2	2
Q14957	Q14957	uc002jlt.1	protein_coding	0	1	1	2	1	0	0	1	0	1	0	0	0	0	0	0	0	0	1	0
Q14974	Q14974	uc002ilt.2	protein_coding	0	1	0	9	3	0	0	0	7	0	0	0	0	1	0	0	0	0	0	0
Q14CW9	Q14CW9	uc002iga.3	protein_coding	0	0	0	9	1	0	0	8	0	0	0	0	0	0	0	0	0	0	0	0
Q14CW9-2	Q14CW9-2	uc002ifz.3	protein_coding	0	0	0	9	1	0	0	8	0	0	0	0	0	0	0	0	0	0	0	0
Q14CZ0	Q14CZ0	uc002czm.3	protein_coding	0	0	0	5	2	0	0	0	3	0	0	0	0	0	0	0	0	0	0	0
Q15011	Q15011	uc002eke.2	protein_coding	0	0	0	7	1	0	1	1	4	0	0	0	0	0	0	0	0	0	0	0
Q15011	Q15011	uc002ekh.1	protein_coding	0	0	0	7	1	0	0	1	4	0	0	0	0	0	0	0	0	0	0	1
Q15011-2	Q15011-2	uc002ekf.2	protein_coding	0	0	0	7	1	0	1	1	4	0	0	0	0	0	0	0	0	0	0	0
Q15011-3	Q15011-3	uc031qwh.1	protein_coding	0	0	0	7	1	0	1	1	4	0	0	0	0	0	0	0	0	0	0	0
Q15022	Q15022	uc002hgs.2	protein_coding	0	0	0	10	0	0	0	1	9	0	0	0	0	0	0	0	0	0	0	0
Q15027	Q15027	uc002ggd.2	protein_coding	0	1	0	15	0	0	1	6	6	0	0	0	0	0	0	0	0	0	1	2
Q15029	Q15029	uc002ihn.2	protein_coding	0	1	0	19	1	0	0	3	15	0	0	0	0	1	0	0	0	0	0	1
Q15029	Q15029	uc031rav.1	protein_coding	0	1	0	19	1	0	0	3	15	0	0	0	0	1	0	0	0	0	0	1
Q15041	Q15041	uc002dfl.1	protein_coding	0	0	0	9	1	0	0	1	5	0	0	0	0	0	0	0	0	0	0	2
Q15041	Q15041	uc010van.1	protein_coding	0	0	0	9	1	0	1	1	4	0	0	0	0	0	0	0	0	0	0	2
Q15046	Q15046	uc002feq.3	protein_coding	0	0	0	11	0	0	0	0	9	0	0	0	0	0	0	0	0	0	0	2
Q15046-2	Q15046-2	uc002fer.3	protein_coding	0	0	0	11	0	0	0	0	9	0	0	0	0	0	0	0	0	0	0	2
Q15067	Q15067	uc002jqf.3	protein_coding	0	0	0	10	0	0	0	2	8	0	0	0	0	0	0	0	0	0	0	0
Q15067-2	Q15067-2	uc002jqe.3	protein_coding	0	0	0	10	0	0	0	2	8	0	0	0	0	0	0	0	0	0	0	0
Q15078	Q15078	uc002hhn.3	protein_coding	0	0	0	4	0	0	0	4	0	0	0	0	0	0	0	0	0	0	0	0
Q15078	Q15078	uc010wca.1	protein_coding	0	0	0	1	0	0	0	1	0	0	0	0	0	0	0	0	0	0	0	0
Q15078	Q15078	uc021tux.1	protein_coding	0	0	0	1	0	0	0	1	0	0	0	0	0	0	0	0	0	0	0	0
Q15119	Q15119	uc002iqc.3	protein_coding	0	0	0	6	0	0	1	0	5	0	0	0	0	0	0	0	0	0	0	0
Q15131	Q15131	uc010cio.3	protein_coding	0	0	0	9	0	0	0	3	6	0	0	0	0	0	0	0	0	0	0	0
Q15131-3	Q15131-3	uc002fof.3	protein_coding	0	0	0	9	0	0	0	3	6	0	0	0	0	0	0	0	0	0	0	0
Q15131-4	Q15131-4	uc002fod.3	protein_coding	0	0	0	9	0	0	0	3	6	0	0	0	0	0	0	0	0	0	0	0
Q15131-4	Q15131-4	uc002fog.4	protein_coding	0	0	0	9	0	0	0	3	6	0	0	0	0	0	0	0	0	0	0	0
Q15155	Q15155	uc002dcv.3	protein_coding	0	1	2	10	1	0	0	0	10	2	0	0	0	1	0	0	0	0	0	0
Q15276	Q15276	uc002gbm.4	protein_coding	0	4	0	17	0	0	0	8	10	0	0	0	0	1	0	0	0	0	3	0
Q15276-2	Q15276-2	uc002gbl.4	protein_coding	0	4	0	17	0	0	0	8	10	0	0	0	0	1	0	0	0	0	3	0
Q15287	Q15287	uc002cpt.3	protein_coding	0	0	0	3	1	0	0	0	2	0	0	0	0	0	0	0	0	0	0	0
Q15287	Q15287	uc002cpu.3	protein_coding	0	0	0	3	1	0	0	0	2	0	0	0	0	0	0	0	0	0	0	0
Q15287	Q15287	uc002cpw.3	protein_coding	0	0	0	3	1	0	0	0	2	0	0	0	0	0	0	0	0	0	0	0
Q15287-2	Q15287-2	uc002cpx.3	protein_coding	0	0	0	3	1	0	0	0	2	0	0	0	0	0	0	0	0	0	0	0
Q15311	Q15311	uc002kob.3	protein_coding	0	0	0	12	3	0	1	0	8	0	0	0	0	0	0	0	0	0	0	0
Q15311	Q15311	uc002koc.3	protein_coding	0	0	0	12	3	0	0	0	8	0	0	0	0	0	0	0	0	0	0	1
Q15323	Q15323	uc002hwn.3	protein_coding	0	0	0	5	1	0	1	0	3	0	0	0	0	0	0	0	0	0	0	0
Q15323	Q15323	uc010cxn.3	protein_coding	0	0	0	5	1	0	1	0	3	0	0	0	0	0	0	0	0	0	0	0
Q15370	Q15370	uc002crn.3	protein_coding	0	0	0	5	1	0	0	3	1	0	0	0	0	0	0	0	0	0	0	0
Q15393	Q15393	uc002ezf.3	protein_coding	0	2	0	21	0	0	0	0	19	0	0	0	0	0	0	0	0	0	2	2
Q15413	Q15413	uc001zhi.3	protein_coding	0	6	3	100	1	0	0	1	98	3	0	0	0	1	0	0	0	0	6	0
Q15413-2	Q15413-2	uc010bar.3	protein_coding	0	6	3	100	1	0	0	1	98	3	0	0	0	1	0	0	0	0	6	0
Q15438	Q15438	uc010wtw.1	protein_coding	0	1	0	2	0	0	0	1	1	0	0	0	0	0	0	0	0	0	1	0
Q15438	Q15438	uc010wtx.1	protein_coding	0	1	0	3	0	0	0	1	1	0	0	0	0	0	0	0	0	0	1	1
Q15438	Q15438	uc021ueg.1	protein_coding	0	1	0	10	3	0	0	0	7	0	0	0	0	0	0	0	0	0	1	0
Q15438-2	Q15438-2	uc002jvw.3	protein_coding	0	1	0	10	3	0	0	0	7	0	0	0	0	0	0	0	0	0	1	0
Q15532	Q15532	uc002kvm.3	protein_coding	0	0	0	6	1	0	0	0	4	0	0	0	0	0	0	0	0	0	0	1
Q15532	Q15532	uc010dlz.1	protein_coding	0	0	0	5	0	0	0	1	3	0	0	0	0	0	0	0	0	0	0	1
Q15532	Q15532	uc010xbf.2	protein_coding	0	0	0	6	1	0	0	0	4	0	0	0	0	0	0	0	0	0	0	1
Q15532	Q15532	uc010xbi.2	protein_coding	0	0	0	6	1	0	0	0	5	0	0	0	0	0	0	0	0	0	0	0
Q15546	Q15546	uc002iui.3	protein_coding	0	0	0	1	0	0	0	0	1	0	0	0	0	0	0	0	0	0	0	0
Q15554-2	Q15554-2	uc002exe.4	protein_coding	0	0	0	1	0	0	0	1	0	0	0	0	0	0	0	0	0	0	0	0
Q15555	Q15555	uc002kyg.4	protein_coding	0	0	0	1	0	0	0	0	1	0	0	0	0	0	0	0	0	0	0	0
Q15555-2	Q15555-2	uc002kyf.2	protein_coding	0	0	0	1	0	0	0	0	1	0	0	0	0	0	0	0	0	0	0	0
Q15572	Q15572	uc002fhn.3	protein_coding	0	1	1	0	0	0	0	0	0	1	0	0	0	0	0	0	0	0	1	0
Q15572	Q15572	uc010vnz.2	protein_coding	0	1	0	1	0	0	1	0	0	0	0	0	0	0	0	0	0	0	1	0
Q15572	Q15572	uc010voa.2	protein_coding	0	1	0	1	0	0	0	0	1	0	0	0	0	0	0	0	0	0	1	0
Q15572-2	Q15572-2	uc002fhm.3	protein_coding	0	1	1	0	0	0	0	0	0	1	0	0	0	0	0	0	0	0	1	0
Q15572-6	Q15572-6	uc010vnx.2	protein_coding	0	1	1	0	0	0	0	0	0	1	0	0	0	0	0	0	0	0	1	0
Q15583	Q15583	uc002klz.3	protein_coding	0	1	1	7	0	0	2	0	2	1	0	0	0	0	0	0	0	0	1	3
Q15583-2	Q15583-2	uc002klw.3	protein_coding	0	1	1	7	0	0	1	0	4	1	0	0	0	0	0	0	0	0	1	2
Q15583-2	Q15583-2	uc002kly.3	protein_coding	0	1	1	7	0	0	1	0	4	1	0	0	0	0	0	0	0	0	1	2
Q15583-3	Q15583-3	uc002klv.3	protein_coding	0	1	1	7	0	0	0	0	7	1	0	0	0	0	0	0	0	0	1	0
Q15599	Q15599	uc002coi.3	protein_coding	0	0	0	11	0	0	0	0	6	0	0	0	0	0	0	0	0	0	0	5
Q15615	Q15615	uc010wno.2	protein_coding	0	0	2	5	0	0	0	4	0	2	0	0	0	0	0	0	0	0	0	1
Q15628	Q15628	uc002eri.1	protein_coding	0	0	0	1	0	0	0	0	0	0	0	0	0	0	0	0	0	0	0	1
Q15648	Q15648	uc002hrv.4	protein_coding	0	0	0	7	1	0	0	1	5	0	0	0	0	0	0	0	0	0	0	0
Q15648	Q15648	uc010wee.2	protein_coding	0	0	0	7	1	0	0	1	5	0	0	0	0	0	0	0	0	0	0	0
Q15648-3	Q15648-3	uc002hru.2	protein_coding	0	0	0	7	0	0	0	1	6	0	0	0	0	0	0	0	0	0	0	0
Q15649	Q15649	uc002hms.1	protein_coding	0	0	0	6	0	0	1	2	3	0	0	0	0	0	0	0	0	0	0	0
Q15650	Q15650	uc002anm.3	protein_coding	0	1	0	2	0	0	0	0	2	0	0	0	0	0	0	0	0	0	1	0
Q15661	Q15661	uc002ckz.3	protein_coding	0	3	7	11	2	0	0	0	8	7	0	0	0	0	0	0	0	0	3	1
Q15661-2	Q15661-2	uc010uux.2	protein_coding	0	2	4	16	2	1	5	0	4	4	0	0	0	0	0	0	0	0	1	5
Q15697	Q15697	uc002cvc.3	protein_coding	0	1	0	4	0	0	1	0	3	0	0	0	0	0	0	0	0	0	1	0
Q15697-2	Q15697-2	uc002cvb.3	protein_coding	0	1	0	4	0	0	1	3	0	0	0	0	0	0	0	0	0	0	1	0
Q15751	Q15751	uc002amp.3	protein_coding	0	5	4	14	0	0	0	0	16	4	0	0	0	2	0	0	0	0	3	0
Q15762	Q15762	uc002lkm.4	protein_coding	0	0	2	4	0	0	0	0	4	2	0	0	0	0	0	0	0	0	0	0
Q15762	Q15762	uc010dqo.3	protein_coding	0	0	2	4	0	0	0	0	4	2	0	0	0	0	0	0	0	0	0	0
Q15762	Q15762	uc021uli.1	protein_coding	0	0	2	4	0	0	0	0	4	2	0	0	0	0	0	0	0	0	0	0
Q15768	Q15768	uc002gis.3	protein_coding	0	0	0	6	2	0	0	2	0	0	0	0	0	0	0	0	0	0	0	2
Q15796	Q15796	uc002lcy.4	protein_coding	0	0	0	4	2	0	0	1	1	0	0	0	0	0	0	0	0	0	0	0
Q15796	Q15796	uc002lcz.4	protein_coding	0	0	0	4	2	0	0	1	1	0	0	0	0	0	0	0	0	0	0	0
Q15796-2	Q15796-2	uc010xdc.3	protein_coding	0	0	0	4	2	0	0	1	1	0	0	0	0	0	0	0	0	0	0	0
Q15818	Q15818	uc002jyp.1	protein_coding	0	2	0	6	0	0	0	0	6	0	0	0	0	0	0	0	0	0	2	0
Q15846	Q15846	uc002kkp.3	protein_coding	0	0	0	9	0	0	0	0	9	0	0	0	0	0	0	0	0	0	0	0
Q15846	Q15846	uc002kkq.3	protein_coding	0	0	0	8	0	0	0	0	8	0	0	0	0	0	0	0	0	0	0	0
Q15849	Q15849	uc002lbe.3	protein_coding	0	0	2	8	1	0	0	0	7	2	0	0	0	0	0	0	0	0	0	0
Q15849	Q15849	uc010dnj.3	protein_coding	0	0	2	12	1	0	0	0	11	2	0	0	0	0	0	0	0	0	0	0
Q15911	Q15911	uc002fck.3	protein_coding	0	4	2	7	0	0	0	0	8	2	0	0	0	1	0	0	0	0	3	0
Q16221	Q16221	uc002dzl.1	protein_coding	0	1	0	9	1	0	0	0	8	0	0	0	0	0	0	0	0	0	1	0
Q16254	Q16254	uc002erz.3	protein_coding	0	0	0	7	0	0	0	4	2	0	0	0	0	0	0	0	0	0	0	1
Q16288	Q16288	uc002bme.2	protein_coding	0	3	0	20	1	0	0	0	19	0	0	0	0	0	0	0	0	0	3	0
Q16288-3	Q16288-3	uc002bmf.2	protein_coding	0	3	0	20	1	0	0	0	19	0	0	0	0	0	0	0	0	0	3	0
Q16515	Q16515	uc002hhu.3	protein_coding	0	1	0	33	1	0	0	0	32	0	0	0	0	0	0	0	0	0	1	0
Q16534	Q16534	uc002iug.1	protein_coding	0	0	0	2	1	0	0	0	1	0	0	0	0	0	0	0	0	0	0	0
Q16534	Q16534	uc002iuh.2	protein_coding	0	0	0	2	1	0	0	0	1	0	0	0	0	0	0	0	0	0	0	0
Q16534	Q16534	uc010dce.1	protein_coding	0	0	0	2	1	0	0	0	1	0	0	0	0	0	0	0	0	0	0	0
Q16548	Q16548	uc002bfc.4	protein_coding	0	0	2	3	0	0	0	0	3	2	0	0	0	0	0	0	0	0	0	0
Q16548-2	Q16548-2	uc002bfd.4	protein_coding	0	1	2	2	0	0	0	0	2	2	0	0	0	0	0	0	0	0	1	0
Q16586	Q16586	uc002iqi.3	protein_coding	0	0	0	10	1	0	0	1	8	0	0	0	0	0	0	0	0	0	0	0
Q16586-2	Q16586-2	uc002iqj.3	protein_coding	0	0	0	10	1	0	0	1	8	0	0	0	0	0	0	0	0	0	0	0
Q16613	Q16613	uc002jro.3	protein_coding	0	0	0	3	1	0	0	2	0	0	0	0	0	0	0	0	0	0	0	0
Q16619	Q16619	uc002dzw.3	protein_coding	0	0	0	1	1	0	0	0	0	0	0	0	0	0	0	0	0	0	0	0
Q16619-2	Q16619-2	uc002dzx.3	protein_coding	0	0	0	1	1	0	0	0	0	0	0	0	0	0	0	0	0	0	0	0
Q16651	Q16651	uc002ebc.4	protein_coding	0	0	0	9	0	0	0	6	1	0	0	0	0	0	0	0	0	0	0	2
Q16659	Q16659	uc002abp.3	protein_coding	0	0	1	1	0	0	1	0	0	1	0	0	0	1	0	0	0	0	0	0
Q16663	Q16663	uc010wcu.2	protein_coding	0	0	1	3	0	0	1	0	2	1	0	0	0	0	0	0	0	0	0	0
Q16775	Q16775	uc002cna.3	protein_coding	0	2	0	44	2	1	1	0	28	0	0	0	0	0	0	0	0	0	1	13
Q16775	Q16775	uc010bry.1	protein_coding	0	2	1	32	0	1	1	5	13	1	0	0	0	0	0	0	0	0	1	13
Q16787	Q16787	uc002kuq.3	protein_coding	0	5	2	25	2	0	0	0	25	2	0	0	0	2	0	0	0	0	3	0
Q16787-3	Q16787-3	uc002kur.3	protein_coding	0	5	2	25	2	0	0	0	25	2	0	0	0	2	0	0	0	0	3	0
Q16820	Q16820	uc002kxj.4	protein_coding	0	0	1	11	1	0	0	0	10	1	0	0	0	0	0	0	0	0	0	0
Q16842	Q16842	uc002eyw.2	protein_coding	0	1	0	1	0	0	0	0	2	0	0	0	0	1	0	0	0	0	0	0
Q16842	Q16842	uc002eyx.2	protein_coding	0	1	0	1	0	0	0	0	2	0	0	0	0	1	0	0	0	0	0	0
Q17R89	Q17R89	uc002gnr.4	protein_coding	0	2	0	21	1	0	0	3	17	0	0	0	0	0	0	0	0	0	2	0
Q17RC9	Q17RC9	uc010csu.3	protein_coding	0	1	1	9	0	0	0	0	10	1	0	0	0	1	0	0	0	0	0	0
Q17RC9	Q17RC9	uc031qzs.1	protein_coding	0	0	1	9	0	0	0	4	5	1	0	0	0	0	0	0	0	0	0	0
Q17RG1	Q17RG1	uc002est.2	protein_coding	0	1	0	7	0	0	0	2	5	0	0	0	0	0	0	0	0	0	1	0
Q17RG1	Q17RG1	uc002esu.2	protein_coding	0	1	0	7	0	0	0	2	5	0	0	0	0	0	0	0	0	0	1	0
Q17RG1	Q17RG1	uc010vjj.1	protein_coding	0	1	0	7	0	0	0	2	5	0	0	0	0	0	0	0	0	0	1	0
Q17RM9	Q17RM9	uc010ujg.2	protein_coding	0	0	1	0	0	0	0	0	0	1	0	0	0	0	0	0	0	0	0	0
Q19AV6	Q19AV6	uc002gpe.3	protein_coding	0	0	0	11	1	0	0	1	4	0	0	0	0	0	0	0	0	0	0	5
Q19AV6	Q19AV6	uc002gpf.3	protein_coding	0	0	0	11	2	0	0	1	3	0	0	0	0	0	0	0	0	0	0	5
Q19QY8	Q19QY8	uc002ise.2	protein_coding	0	5	0	23	0	0	0	1	23	0	0	0	0	1	0	0	0	0	4	0
Q19QY9	Q19QY9	uc002irv.2	protein_coding	0	5	0	23	0	0	0	1	23	0	0	0	0	1	0	0	0	0	4	0
Q19QZ1	Q19QZ1	uc002ish.2	protein_coding	0	5	0	23	0	0	0	1	23	0	0	0	0	1	0	0	0	0	4	0
Q19QZ2	Q19QZ2	uc002irr.2	protein_coding	0	5	0	23	0	0	0	1	23	0	0	0	0	1	0	0	0	0	4	0
Q19QZ3	Q19QZ3	uc002isa.2	protein_coding	0	5	0	23	0	0	0	1	23	0	0	0	0	1	0	0	0	0	4	0
Q19QZ4	Q19QZ4	uc002isg.2	protein_coding	0	5	0	23	0	0	0	1	23	0	0	0	0	1	0	0	0	0	4	0
Q19QZ5	Q19QZ5	uc002isi.2	protein_coding	0	5	0	23	0	0	0	1	23	0	0	0	0	1	0	0	0	0	4	0
Q19QZ6	Q19QZ6	uc002isb.2	protein_coding	0	5	0	23	0	0	0	1	23	0	0	0	0	1	0	0	0	0	4	0
Q19QZ7	Q19QZ7	uc002isc.2	protein_coding	0	5	0	23	0	0	0	1	23	0	0	0	0	1	0	0	0	0	4	0
Q19QZ8	Q19QZ8	uc002irs.2	protein_coding	0	5	0	23	0	0	0	1	23	0	0	0	0	1	0	0	0	0	4	0
Q19R00	Q19R00	uc002iry.2	protein_coding	0	5	0	23	0	0	0	1	23	0	0	0	0	1	0	0	0	0	4	0
Q19R02	Q19R02	uc002irp.2	protein_coding	0	5	0	23	0	0	0	1	23	0	0	0	0	1	0	0	0	0	4	0
Q19R04	Q19R04	uc002irx.2	protein_coding	0	5	0	23	0	0	0	1	23	0	0	0	0	1	0	0	0	0	4	0
Q19R06	Q19R06	uc002irz.2	protein_coding	0	5	0	23	0	0	0	1	23	0	0	0	0	1	0	0	0	0	4	0
Q19R07	Q19R07	uc002isf.2	protein_coding	0	5	0	23	0	0	0	1	23	0	0	0	0	1	0	0	0	0	4	0
Q19R08	Q19R08	uc002irt.2	protein_coding	0	5	0	23	0	0	0	1	23	0	0	0	0	1	0	0	0	0	4	0
Q19R10	Q19R10	uc002isd.2	protein_coding	0	5	0	23	0	0	0	1	23	0	0	0	0	1	0	0	0	0	4	0
Q19R11	Q19R11	uc002irm.2	protein_coding	0	5	0	23	0	0	0	1	23	0	0	0	0	1	0	0	0	0	4	0
Q19R12	Q19R12	uc002iro.2	protein_coding	0	5	0	23	0	0	0	1	23	0	0	0	0	1	0	0	0	0	4	0
Q19R13	Q19R13	uc002irj.2	protein_coding	0	5	0	23	0	0	0	1	23	0	0	0	0	1	0	0	0	0	4	0
Q19R17	Q19R17	uc002irn.2	protein_coding	0	5	0	23	0	0	0	1	23	0	0	0	0	1	0	0	0	0	4	0
Q1A5Y0	Q1A5Y0	uc010tzc.1	protein_coding	0	1	5	13	0	0	1	0	12	5	0	0	0	1	0	0	0	0	1	0
Q1A5Y0	Q1A5Y0.2	uc001yvu.3	protein_coding	0	0	1	7	1	0	0	1	4	1	0	0	0	0	0	0	0	0	0	1
Q1ED39	Q1ED39	uc002dgq.3	protein_coding	0	0	0	10	0	0	0	1	9	0	0	0	0	0	0	0	0	0	0	0
Q1ET66	Q1ET66.2	uc010bzt.3	protein_coding	0	0	0	2	0	0	0	1	0	0	0	0	0	0	0	0	0	0	0	1
Q1HG43	Q1HG43	uc001zuq.2	protein_coding	0	0	0	8	0	0	0	8	0	0	0	0	0	0	0	0	0	0	0	0
Q1HG44	Q1HG44	uc001zuo.3	protein_coding	0	2	0	10	0	0	0	0	6	0	0	0	0	2	0	0	0	0	0	6
Q1KLZ6	Q1KLZ6	uc010cyc.2	protein_coding	0	0	1	11	0	0	0	1	10	1	0	0	0	0	0	0	0	0	0	0
Q1RN03	Q1RN03	uc002eix.3	protein_coding	0	0	0	7	2	0	0	0	4	0	0	0	0	0	0	0	0	0	0	1
Q1WWK5	Q1WWK5	uc002jtx.1	protein_coding	0	0	1	32	0	0	0	15	17	1	0	0	0	0	0	0	0	0	0	0
Q1X8D7	Q1X8D7	uc002esv.3	protein_coding	0	2	2	3	0	0	0	1	2	2	0	0	0	0	0	0	0	0	2	0
Q1X8D7-2	Q1X8D7-2	uc002esx.3	protein_coding	0	2	2	3	0	0	0	1	2	2	0	0	0	0	0	0	0	0	2	0
Q24JQ0	Q24JQ0	uc002kuf.3	protein_coding	0	0	0	4	0	0	1	0	3	0	0	0	0	0	0	0	0	0	0	0
Q24JQ0	Q24JQ0	uc031rhs.1	protein_coding	0	0	0	4	0	0	1	0	3	0	0	0	0	0	0	0	0	0	0	0
Q29675	Q29675	uc002dah.2	protein_coding	0	1	4	21	1	0	0	6	12	4	0	0	0	0	0	0	0	0	1	2
Q29704	Q29704	uc010bup.1	protein_coding	0	0	2	24	0	0	0	3	19	2	0	0	0	0	0	0	0	0	0	2
Q2KHM9	Q2KHM9	uc002gde.4	protein_coding	0	4	3	18	1	0	0	0	8	3	0	0	0	0	0	0	0	0	4	9
Q2KHM9	Q2KHM9	uc010clo.3	protein_coding	0	2	2	12	1	0	3	0	5	2	0	0	0	0	0	0	0	0	2	3
Q2KHM9	Q2KHM9	uc010vte.2	protein_coding	0	2	2	21	1	0	2	0	9	2	0	0	0	0	0	0	0	0	2	9
Q2KHN1	Q2KHN1	uc002cnt.1	protein_coding	0	0	0	8	0	0	0	3	0	0	0	0	0	0	0	0	0	0	0	5
Q2KHT3	Q2KHT3	uc002dao.3	protein_coding	0	2	0	24	1	0	0	0	23	0	0	0	0	0	0	0	0	0	2	0
Q2KHT3	Q2KHT3	uc021tcy.1	protein_coding	0	2	0	24	1	0	0	0	23	0	0	0	0	0	0	0	0	0	2	0
Q2KHT3-2	Q2KHT3-2	uc002dan.4	protein_coding	0	2	0	18	0	0	0	0	18	0	0	0	0	0	0	0	0	0	2	0
Q2KHT3-3	Q2KHT3-3	uc002dap.3	protein_coding	0	0	0	6	1	0	0	0	5	0	0	0	0	0	0	0	0	0	0	0
Q2L4Q9	Q2L4Q9	uc002eaq.3	protein_coding	0	0	0	6	1	0	0	2	2	0	0	0	0	0	0	0	0	0	0	1
Q2L4Q9	Q2L4Q9	uc002ear.3	protein_coding	0	0	0	7	1	0	0	2	4	0	0	0	0	0	0	0	0	0	0	0
Q2M1K9	Q2M1K9	uc010vgn.3	protein_coding	0	2	0	8	0	0	0	0	7	0	0	0	0	0	0	0	0	0	2	1
Q2M1K9	Q2M1K9	uc031qwd.1	protein_coding	0	2	0	13	0	0	0	0	12	0	0	0	0	0	0	0	0	0	2	1
Q2M1P5	Q2M1P5	uc002bof.2	protein_coding	0	3	0	17	2	0	0	2	14	0	0	0	0	1	0	0	0	0	2	0
Q2M1S3	Q2M1S3	uc002lnc.1	protein_coding	0	3	0	22	0	0	0	0	22	0	0	0	0	0	0	0	0	0	3	0
Q2M238	Q2M238	uc010vbl.1	protein_coding	0	1	0	1	0	0	1	0	0	0	0	0	0	1	0	0	0	0	0	0
Q2M296	Q2M296	uc002fjn.3	protein_coding	0	0	1	21	0	0	0	18	3	1	0	0	0	0	0	0	0	0	0	0
Q2M296	Q2M296	uc002fjo.3	protein_coding	0	1	1	20	0	0	0	18	3	1	0	0	0	1	0	0	0	0	0	0
Q2M296	Q2M296	uc010vop.2	protein_coding	0	0	1	21	0	0	0	18	3	1	0	0	0	0	0	0	0	0	0	0
Q2M296-2	Q2M296-2	uc002fjm.3	protein_coding	0	0	1	21	0	0	0	18	3	1	0	0	0	0	0	0	0	0	0	0
Q2M296-3	Q2M296-3	uc010vor.2	protein_coding	0	1	1	20	0	0	0	18	3	1	0	0	0	1	0	0	0	0	0	0
Q2M2D7	Q2M2D7	uc002gud.2	protein_coding	0	1	2	17	1	1	1	0	12	2	0	0	0	0	0	0	0	0	0	3
Q2M2E3	Q2M2E3	uc002gle.1	protein_coding	0	1	0	0	0	0	0	0	0	0	0	0	0	0	0	0	0	0	1	0
Q2M2I5	Q2M2I5	uc002hvd.3	protein_coding	0	0	0	1	0	0	0	0	1	0	0	0	0	0	0	0	0	0	0	0
Q2M2W7	Q2M2W7	uc002jgi.4	protein_coding	0	0	1	1	0	0	0	0	1	1	0	0	0	0	0	0	0	0	0	0
Q2M2W7-2	Q2M2W7-2	uc002jgj.4	protein_coding	0	0	1	1	1	0	0	0	0	1	0	0	0	0	0	0	0	0	0	0
Q2M2W7-2	Q2M2W7-2	uc021ucb.1	protein_coding	0	0	1	1	0	0	0	1	0	1	0	0	0	0	0	0	0	0	0	0
Q2M3C6	Q2M3C6	uc002bbq.3	protein_coding	0	0	2	6	2	0	0	1	3	2	0	0	0	0	0	0	0	0	0	0
Q2M3C6	Q2M3C6	uc002bbr.3	protein_coding	0	0	2	6	2	0	0	1	3	2	0	0	0	0	0	0	0	0	0	0
Q2M3C6	Q2M3C6	uc010bkp.3	protein_coding	0	0	2	7	0	0	0	0	7	2	0	0	0	0	0	0	0	0	0	0
Q2NKJ3	Q2NKJ3	uc002gkq.4	protein_coding	0	3	1	12	0	0	0	2	11	1	0	0	0	2	0	0	0	0	2	0
Q2NL67	Q2NL67	uc002auc.3	protein_coding	0	0	0	8	1	0	0	0	7	0	0	0	0	0	0	0	0	0	0	0
Q2NL82	Q2NL82	uc002fuj.3	protein_coding	0	0	0	3	1	0	0	2	0	0	0	0	0	0	0	0	0	0	0	0
Q2QBA2	Q2QBA2	uc010cmk.2	protein_coding	0	0	0	1	0	0	0	0	0	0	0	0	0	0	0	0	0	0	0	1
Q2T9L4	Q2T9L4	uc002avy.3	protein_coding	0	1	0	1	0	0	0	0	1	0	0	0	0	0	0	0	0	0	1	0
Q2TA70	Q2TA70	uc002dpl.3	protein_coding	0	0	0	4	0	0	0	2	1	0	0	0	0	0	0	0	0	0	0	1
Q2TA77	Q2TA77	uc002lcm.3	protein_coding	0	0	0	3	0	0	0	0	3	0	0	0	0	0	0	0	0	0	0	0
Q2TAA8	Q2TAA8	uc002euh.4	protein_coding	0	0	0	5	0	0	0	2	2	0	0	0	0	0	0	0	0	0	0	1
Q2TAA8	Q2TAA8	uc002eui.4	protein_coding	0	0	0	5	0	0	0	2	2	0	0	0	0	0	0	0	0	0	0	1
Q2TAA8	Q2TAA8	uc002euj.3	protein_coding	0	0	0	5	0	0	1	2	1	0	0	0	0	0	0	0	0	0	0	1
Q2TAA8	Q2TAA8	uc002euk.3	protein_coding	0	0	0	3	0	0	0	2	1	0	0	0	0	0	0	0	0	0	0	0
Q2TAA8-2	Q2TAA8-2	uc002euf.4	protein_coding	0	0	0	5	0	0	0	2	2	0	0	0	0	0	0	0	0	0	0	1
Q2TAC2-2	Q2TAC2-2	uc002kdz.1	protein_coding	0	3	2	20	2	0	0	6	13	2	0	0	0	1	0	0	0	0	2	0
Q2TAC4	Q2TAC4	uc002irl.2	protein_coding	0	5	0	23	0	0	0	1	23	0	0	0	0	1	0	0	0	0	4	0
Q2TAC6	Q2TAC6	uc002jkm.4	protein_coding	0	5	2	7	1	0	0	2	6	2	0	0	0	2	0	0	0	0	3	0
Q2TAC6-2	Q2TAC6-2	uc002jkj.2	protein_coding	0	3	0	9	0	0	0	6	4	0	0	0	0	1	0	0	0	0	2	0
Q2TAC6-3	Q2TAC6-3	uc002jkk.2	protein_coding	0	3	0	9	0	0	0	6	4	0	0	0	0	1	0	0	0	0	2	0
Q2TAK2	Q2TAK2	uc002hdh.1	protein_coding	0	0	0	2	0	0	1	0	1	0	0	0	0	0	0	0	0	0	0	0
Q2TAK2	Q2TAK2	uc002hdi.1	protein_coding	0	1	0	1	0	0	0	0	1	0	0	0	0	0	0	0	0	0	1	0
Q2TAL5	Q2TAL5	uc002fyf.1	protein_coding	0	2	0	1	0	0	0	0	1	0	0	0	0	0	0	0	0	0	2	0
Q2TQ40	Q2TQ40	uc010buz.3	protein_coding	0	1	0	6	0	0	1	0	5	0	0	0	0	0	0	0	0	0	1	0
Q2V2M9	Q2V2M9	uc002kzt.1	protein_coding	0	4	2	30	0	0	0	0	30	2	0	0	0	0	0	0	0	0	4	0
Q2V2M9-2	Q2V2M9-2	uc010dmz.1	protein_coding	0	3	1	24	0	0	0	0	24	1	0	0	0	0	0	0	0	0	3	0
Q2V2M9-3	Q2V2M9-3	uc002kzs.1	protein_coding	0	4	2	30	0	0	0	0	30	2	0	0	0	0	0	0	0	0	4	0
Q2V6Q1	Q2V6Q1	uc010csk.3	protein_coding	0	0	0	6	0	0	0	0	6	0	0	0	0	0	0	0	0	0	0	0
Q2VPK5	Q2VPK5	uc002flm.3	protein_coding	0	1	3	20	0	0	0	6	14	3	0	0	0	0	0	0	0	0	1	0
Q2VPK5	Q2VPK5	uc010cia.3	protein_coding	0	1	3	20	0	0	0	6	14	3	0	0	0	0	0	0	0	0	1	0
Q2VPK5-5	Q2VPK5-5	uc002fln.3	protein_coding	0	1	3	20	0	0	0	6	14	3	0	0	0	0	0	0	0	0	1	0
Q2VPS2	Q2VPS2	uc010vfd.2	protein_coding	0	1	0	7	0	0	0	3	5	0	0	0	0	1	0	0	0	0	0	0
Q2VWA4-2	Q2VWA4-2	uc010dnt.2	protein_coding	0	0	1	0	0	0	0	0	0	1	0	0	0	0	0	0	0	0	0	0
Q2VWP7	Q2VWP7	uc002adg.3	protein_coding	0	1	1	10	0	0	0	0	10	1	0	0	0	0	0	0	0	0	1	0
Q309B1	Q309B1	uc002gug.1	protein_coding	0	0	1	5	0	0	1	0	4	1	0	0	0	0	0	0	0	0	0	0
Q309B1	Q309B1	uc002guh.1	protein_coding	0	0	1	5	0	0	1	0	4	1	0	0	0	0	0	0	0	0	0	0
Q309B1	Q309B1	uc002gui.1	protein_coding	0	0	1	2	0	0	0	0	2	1	0	0	0	0	0	0	0	0	0	0
Q309B1	Q309B1	uc010vyg.1	protein_coding	0	0	1	2	0	0	0	0	2	1	0	0	0	0	0	0	0	0	0	0
Q309B1-2	Q309B1-2	uc010vyh.1	protein_coding	0	0	1	2	0	0	0	0	2	1	0	0	0	0	0	0	0	0	0	0
Q32M92	Q32M92	uc002brc.1	protein_coding	0	0	1	6	0	0	3	0	3	1	0	0	0	0	0	0	0	0	0	0
Q32MH5	Q32MH5	uc002acg.4	protein_coding	0	3	2	4	0	0	0	0	4	2	0	0	0	0	0	0	0	0	3	0
Q32MH5	Q32MH5	uc010bfg.1	protein_coding	0	3	2	4	0	0	0	0	4	2	0	0	0	0	0	0	0	0	3	0
Q32MH5-3	Q32MH5-3	uc010ugf.2	protein_coding	0	3	2	4	0	0	0	0	4	2	0	0	0	0	0	0	0	0	3	0
Q32MK0	Q32MK0	uc002eei.4	protein_coding	0	0	1	5	0	0	0	0	4	1	0	0	0	0	0	0	0	0	0	1
Q32MK0	Q32MK0	uc010vge.2	protein_coding	0	1	0	6	0	1	1	0	5	0	0	0	0	0	0	0	0	0	0	0
Q32MK0-4	Q32MK0-4	uc002eej.1	protein_coding	0	0	0	3	0	0	0	0	1	0	0	0	0	0	0	0	0	0	0	2
Q32MQ0	Q32MQ0	uc002kga.3	protein_coding	0	2	2	7	0	0	2	3	2	2	0	0	0	0	0	0	0	0	2	0
Q32NB8	Q32NB8	uc002jvm.3	protein_coding	0	2	1	30	1	0	0	6	24	1	0	0	0	2	0	0	0	0	1	0
Q32Q12	Q32Q12	uc002itk.3	protein_coding	0	0	0	9	1	0	2	0	6	0	0	0	0	0	0	0	0	0	0	0
Q32VQ0	Q32VQ0	uc021szj.1	protein_coding	0	0	0	1	0	0	1	0	0	0	0	0	0	0	0	0	0	0	0	0
Q38SD2	Q38SD2	uc002bwr.3	protein_coding	0	5	0	45	0	0	1	0	42	0	0	0	0	0	0	0	0	0	5	2
Q38SD2-2	Q38SD2-2	uc002bwq.1	protein_coding	0	1	0	13	0	0	1	0	10	0	0	0	0	0	0	0	0	0	1	2
Q3B7S5	Q3B7S5	uc002lma.1	protein_coding	0	0	0	1	1	0	0	0	0	0	0	0	0	0	0	0	0	0	0	0
Q3B7T3	Q3B7T3	uc021tjl.1	protein_coding	0	0	0	3	0	0	0	0	3	0	0	0	0	0	0	0	0	0	0	0
Q3B8N2	Q3B8N2	uc002gxa.1	protein_coding	0	1	1	16	0	0	2	2	12	1	0	0	0	1	0	0	0	0	0	1
Q3B8N2	Q3B8N2	uc010vzh.1	protein_coding	0	2	0	17	0	1	3	2	12	0	0	0	0	1	0	0	0	0	0	1
Q3B8N2-2	Q3B8N2-2	uc002gwz.1	protein_coding	0	1	1	16	0	0	2	2	12	1	0	0	0	1	0	0	0	0	0	1
Q3KNT9	Q3KNT9	uc002ggh.1	protein_coding	0	0	0	6	0	0	0	0	3	0	0	0	0	0	0	0	0	0	0	3
Q3KNT9-2	Q3KNT9-2	uc002ggf.1	protein_coding	0	0	0	6	0	0	0	0	3	0	0	0	0	0	0	0	0	0	0	3
Q3KNT9-3	Q3KNT9-3	uc002ggg.1	protein_coding	0	0	0	6	0	0	0	0	3	0	0	0	0	0	0	0	0	0	0	3
Q3KNW1	Q3KNW1	uc002flj.3	protein_coding	0	0	0	5	3	0	0	1	1	0	0	0	0	0	0	0	0	0	0	0
Q3KQZ1	Q3KQZ1	uc002gla.4	protein_coding	0	0	0	3	1	0	0	0	2	0	0	0	0	0	0	0	0	0	0	0
Q3KQZ1-4	Q3KQZ1-4	uc002gkt.3	protein_coding	0	0	0	3	0	0	0	0	3	0	0	0	0	0	0	0	0	0	0	0
Q3KQZ1-4	Q3KQZ1-4	uc002gku.1	protein_coding	0	0	0	3	0	0	0	0	3	0	0	0	0	0	0	0	0	0	0	0
Q3KQZ2	Q3KQZ2	uc002jut.3	protein_coding	0	0	0	4	1	0	0	1	0	0	0	0	0	0	0	0	0	0	0	2
Q3KRB8	Q3KRB8	uc001zet.1	protein_coding	0	0	1	2	0	0	0	0	2	1	0	0	0	1	0	0	0	0	0	0
Q3L8U1	Q3L8U1	uc002ehb.3	protein_coding	0	1	1	5	1	0	0	0	4	1	0	0	0	0	0	0	0	0	1	0
Q3L8U1	Q3L8U1	uc002ehg.2	protein_coding	0	0	1	4	1	0	0	0	3	1	0	0	0	0	0	0	0	0	0	0
Q3L8U1-2	Q3L8U1-2	uc002egy.3	protein_coding	0	1	1	5	1	0	0	0	4	1	0	0	0	0	0	0	0	0	1	0
Q3L8U1-2	Q3L8U1-2	uc002ehf.3	protein_coding	0	0	1	5	1	0	0	0	3	1	0	0	0	0	0	0	0	0	0	1
Q3L8U1-3	Q3L8U1-3	uc002ehc.3	protein_coding	0	1	1	5	1	0	0	0	4	1	0	0	0	0	0	0	0	0	1	0
Q3LID3	Q3LID3	uc002eoh.3	protein_coding	0	0	0	1	0	0	0	0	1	0	0	0	0	0	0	0	0	0	0	0
Q3LIE5	Q3LIE5	uc002gmt.3	protein_coding	0	0	1	13	4	0	0	3	4	1	0	0	0	0	0	0	0	0	0	2
Q3LIE5	Q3LIE5	uc010vvg.1	protein_coding	0	0	0	8	0	0	0	7	0	0	0	0	0	0	0	0	0	0	0	1
Q3LRI0	Q3LRI0	uc010whx.1	protein_coding	0	0	0	2	0	0	0	2	0	0	0	0	0	0	0	0	0	0	0	0
Q3MHD2	Q3MHD2	uc002iev.3	protein_coding	0	0	0	2	0	0	0	1	1	0	0	0	0	0	0	0	0	0	0	0
Q3MHU9	Q3MHU9	uc002ddf.1	protein_coding	0	0	1	8	0	0	0	1	7	1	0	0	0	1	0	0	0	0	0	0
Q3MIP1	Q3MIP1	uc002dfu.4	protein_coding	0	0	0	1	1	0	0	0	0	0	0	0	0	0	0	0	0	0	0	0
Q3MJ13	Q3MJ13	uc002acj.2	protein_coding	0	1	1	8	0	0	1	0	7	1	0	0	0	0	0	0	0	0	1	0
Q3MJ13	Q3MJ13	uc010bfi.1	protein_coding	0	1	1	7	0	0	1	0	6	1	0	0	0	0	0	0	0	0	1	0
Q3MJ13	Q3MJ13	uc031qse.1	protein_coding	0	1	1	8	0	0	1	0	7	1	0	0	0	0	0	0	0	0	1	0
Q3MJ16	Q3MJ16	uc001zov.2	protein_coding	0	3	0	18	0	0	1	0	7	0	0	0	0	1	0	0	0	0	2	11
Q3MJ16-2	Q3MJ16-2	uc010udc.2	protein_coding	0	2	0	20	0	1	2	0	7	0	0	0	0	1	0	0	0	0	0	12
Q3MJ40-2	Q3MJ40-2	uc002guc.2	protein_coding	0	1	0	1	1	0	0	0	0	0	0	0	0	0	0	0	0	0	1	0
Q3SY56	Q3SY56	uc002img.2	protein_coding	0	0	0	3	0	0	0	1	0	0	0	0	0	0	0	0	0	0	0	2
Q3SY56	Q3SY56	uc002imh.1	protein_coding	0	0	0	4	0	0	0	1	0	0	0	0	0	0	0	0	0	0	0	3
Q3SY56	Q3SY56	uc021tzc.1	protein_coding	0	0	0	1	0	0	0	1	0	0	0	0	0	0	0	0	0	0	0	0
Q3SYB4	Q3SYB4	uc010xeo.2	protein_coding	0	0	0	8	0	0	0	0	8	0	0	0	0	0	0	0	0	0	0	0
Q3SYP4	Q3SYP4	uc001yvd.3	protein_coding	0	0	0	7	5	0	1	0	1	0	0	0	0	0	0	0	0	0	0	0
Q3V5L5	Q3V5L5	uc031rem.1	protein_coding	0	3	1	57	8	0	0	1	48	1	0	0	0	0	0	0	0	0	3	0
Q3V5L5-2	Q3V5L5-2	uc002jti.3	protein_coding	0	3	1	57	8	0	0	1	47	1	0	0	0	0	0	0	0	0	3	1
Q3V5L5-5	Q3V5L5-5	uc002jth.3	protein_coding	0	3	1	57	8	0	0	1	48	1	0	0	0	0	0	0	0	0	3	0
Q3ZCQ3	Q3ZCQ3	uc010boe.3	protein_coding	0	1	0	6	0	0	0	2	3	0	0	0	0	0	0	0	0	0	1	1
Q401N2	Q401N2	uc002jqn.2	protein_coding	0	0	0	4	0	0	0	2	1	0	0	0	0	0	0	0	0	0	0	1
Q494R0	Q494R0	uc002dzy.3	protein_coding	0	0	0	1	0	0	0	0	0	0	0	0	0	0	0	0	0	0	0	1
Q494W8	Q494W8	uc001zdt.1	protein_coding	0	1	0	4	0	0	0	0	4	0	0	0	0	0	0	0	0	0	1	0
Q495B1	Q495B1	uc002aoa.3	protein_coding	0	2	0	9	0	0	0	0	10	0	0	0	0	1	0	0	0	0	1	0
Q495B1-2	Q495B1-2	uc002anx.1	protein_coding	0	1	0	5	0	0	0	1	5	0	0	0	0	1	0	0	0	0	0	0
Q495B1-2	Q495B1-2	uc010bha.3	protein_coding	0	0	0	10	0	0	0	0	8	0	0	0	0	0	0	0	0	0	0	2
Q495M9	Q495M9	uc002jme.1	protein_coding	0	0	0	5	2	0	0	0	1	0	0	0	0	0	0	0	0	0	0	2
Q495M9	Q495M9	uc010wro.1	protein_coding	0	0	0	5	2	0	0	0	1	0	0	0	0	0	0	0	0	0	0	2
Q495Y5	Q495Y5	uc010csw.1	protein_coding	0	0	0	2	0	0	0	0	2	0	0	0	0	0	0	0	0	0	0	0
Q496H8	Q496H8	uc002euu.3	protein_coding	0	0	1	0	0	0	0	0	0	1	0	0	0	0	0	0	0	0	0	0
Q49A26-2	Q49A26-2	uc002cxz.1	protein_coding	0	1	1	4	0	0	0	2	2	1	0	0	0	0	0	0	0	0	1	0
Q49A26-3	Q49A26-3	uc002cya.2	protein_coding	0	1	1	4	0	0	0	2	2	1	0	0	0	0	0	0	0	0	1	0
Q49A26-5	Q49A26-5	uc010uxv.1	protein_coding	0	1	1	4	0	0	0	2	2	1	0	0	0	0	0	0	0	0	1	0
Q4G0H5	Q4G0H5	uc031req.1	protein_coding	0	0	1	9	0	0	0	0	9	1	0	0	0	0	0	0	0	0	0	0
Q4G0H6	Q4G0H6	uc002fus.3	protein_coding	0	0	0	1	0	0	0	0	1	0	0	0	0	0	0	0	0	0	0	0
Q4G0I0	Q4G0I0	uc002clr.4	protein_coding	0	0	1	0	0	0	0	0	0	1	0	0	0	0	0	0	0	0	0	0
Q4G0P3	Q4G0P3	uc031qwy.1	protein_coding	0	1	3	40	0	0	1	0	39	3	0	0	0	0	0	0	0	0	1	0
Q4G0P3-5	Q4G0P3-5	uc010cfz.2	protein_coding	0	1	0	9	0	0	0	0	8	0	0	0	0	0	0	0	0	0	1	1
Q4G0P3-5	Q4G0P3-5	uc021tkq.2	protein_coding	0	1	0	11	0	0	1	0	10	0	0	0	0	0	0	0	0	0	1	0
Q4G0P3-8	Q4G0P3-8	uc010vmd.2	protein_coding	0	1	0	11	0	0	0	0	11	0	0	0	0	0	0	0	0	0	1	0
Q4G0X9	Q4G0X9	uc010dht.3	protein_coding	0	7	1	42	2	0	0	3	36	1	0	0	0	0	0	0	0	0	7	1
Q4G0X9-3	Q4G0X9-3	uc002jxm.4	protein_coding	0	5	1	40	2	0	1	3	29	1	0	0	0	0	0	0	0	0	5	5
Q4G0X9-3	Q4G0X9-3	uc002jxn.4	protein_coding	0	4	0	24	2	0	0	3	19	0	0	0	0	0	0	0	0	0	4	0
Q4G0X9-5	Q4G0X9-5	uc010wub.2	protein_coding	0	3	0	19	2	0	0	2	14	0	0	0	0	0	0	0	0	0	3	1
Q4G112	Q4G112	uc002iwi.1	protein_coding	0	0	1	6	0	0	0	1	4	1	0	0	0	0	0	0	0	0	0	1
Q4G140	Q4G140	uc002deb.3	protein_coding	0	1	0	11	0	0	0	1	10	0	0	0	0	0	0	0	0	0	1	0
Q4G176	Q4G176	uc002fmp.3	protein_coding	0	7	2	23	1	0	0	3	20	2	0	0	0	1	0	0	0	0	6	0
Q4G176	Q4G176	uc010cig.2	protein_coding	0	7	2	23	1	0	0	3	20	2	0	0	0	1	0	0	0	0	6	0
Q4G176	Q4G176	uc010cih.2	protein_coding	0	0	1	31	1	0	0	3	27	1	0	0	0	0	0	0	0	0	0	0
Q4G176	Q4G176	uc021tmq.1	protein_coding	0	7	2	23	1	0	0	3	20	2	0	0	0	1	0	0	0	0	6	0
Q4G177	Q4G177	uc010bvx.3	protein_coding	0	0	1	0	0	0	0	0	0	1	0	0	0	0	0	0	0	0	0	0
Q4KMP7	Q4KMP7	uc002dxu.2	protein_coding	0	0	0	2	0	0	0	0	1	0	0	0	0	0	0	0	0	0	0	1
Q4KMX7	Q4KMX7	uc002gtz.2	protein_coding	0	0	0	1	1	0	0	0	0	0	0	0	0	0	0	0	0	0	0	0
Q4LE36	Q4LE36	uc002hyi.3	protein_coding	0	1	1	22	1	0	0	0	21	1	0	0	0	0	0	0	0	0	1	0
Q4VAP1	Q4VAP1	uc010bwn.1	protein_coding	0	1	1	9	0	0	0	0	9	1	0	0	0	0	0	0	0	0	1	0
Q4VAX0	Q4VAX0	uc002kvn.3	protein_coding	0	0	0	6	1	0	0	0	4	0	0	0	0	0	0	0	0	0	0	1
Q4VB03	Q4VB03	uc021tzf.1	protein_coding	0	0	0	1	1	0	0	0	0	0	0	0	0	0	0	0	0	0	0	0
Q4VC44	Q4VC44	uc002csd.3	protein_coding	0	1	1	16	2	1	1	0	13	1	0	0	0	0	0	0	0	0	0	0
Q4VC44-2	Q4VC44-2	uc002csc.3	protein_coding	0	1	1	16	2	1	1	0	13	1	0	0	0	0	0	0	0	0	0	0
Q4VC44-5	Q4VC44-5	uc002cse.3	protein_coding	0	0	1	9	2	0	0	0	3	1	0	0	0	0	0	0	0	0	0	4
Q52LJ0	Q52LJ0	uc001zkb.1	protein_coding	0	0	0	2	0	0	0	0	2	0	0	0	0	0	0	0	0	0	0	0
Q53EL9	Q53EL9	uc002hdp.2	protein_coding	0	1	2	2	0	0	0	0	2	2	0	0	0	0	0	0	0	0	1	0
Q53EL9	Q53EL9	uc002hdq.1	protein_coding	0	1	1	3	0	0	1	0	2	1	0	0	0	0	0	0	0	0	1	0
Q53EL9-3	Q53EL9-3	uc010cry.1	protein_coding	0	1	2	2	0	0	0	0	2	2	0	0	0	0	0	0	0	0	1	0
Q53F19	Q53F19	uc002fwr.3	protein_coding	0	0	1	5	0	0	0	1	3	1	0	0	0	0	0	0	0	0	0	1
Q53F19	Q53F19	uc010ckl.2	protein_coding	0	0	1	5	0	0	0	1	4	1	0	0	0	0	0	0	0	0	0	0
Q53F19	Q53F19	uc031qxz.1	protein_coding	0	0	1	5	0	0	0	1	3	1	0	0	0	0	0	0	0	0	0	1
Q53F39	Q53F39	uc002kqf.3	protein_coding	0	2	1	18	2	0	0	3	12	1	0	0	0	1	0	0	0	0	1	2
Q53F39-3	Q53F39-3	uc010dla.2	protein_coding	0	2	1	16	0	0	0	10	5	1	0	0	0	1	0	0	0	0	1	2
Q53F39-4	Q53F39-4	uc002kqm.3	protein_coding	0	2	0	19	2	0	0	3	13	0	0	0	0	1	0	0	0	0	1	2
Q53F39-4	Q53F39-4	uc002kqn.3	protein_coding	0	2	0	19	2	0	0	3	13	0	0	0	0	1	0	0	0	0	1	2
Q53FZ2	Q53FZ2	uc002dhr.3	protein_coding	0	1	1	9	0	0	0	3	6	1	0	0	0	0	0	0	0	0	1	0
Q53FZ2-2	Q53FZ2-2	uc002dhq.3	protein_coding	0	1	1	6	0	0	0	2	4	1	0	0	0	0	0	0	0	0	1	0
Q53H64	Q53H64	uc021uab.1	protein_coding	0	0	0	4	1	0	0	3	0	0	0	0	0	0	0	0	0	0	0	0
Q562E7	Q562E7	uc002ftj.2	protein_coding	0	7	0	10	3	0	0	2	4	0	0	0	0	0	0	0	0	0	7	1
Q562E7-3	Q562E7-3	uc002fth.2	protein_coding	0	5	0	12	3	0	0	2	7	0	0	0	0	0	0	0	0	0	5	0
Q562E7-5	Q562E7-5	uc010vqp.1	protein_coding	0	5	0	12	3	0	0	2	7	0	0	0	0	0	0	0	0	0	5	0
Q562E7-6	Q562E7-6	uc002fti.2	protein_coding	0	5	0	12	3	0	0	2	6	0	0	0	0	0	0	0	0	0	5	1
Q566Q1	Q566Q1	uc010dlv.2	protein_coding	0	0	0	2	0	0	0	0	2	0	0	0	0	0	0	0	0	0	0	0
Q567P6	Q567P6	uc010coj.3	protein_coding	0	3	0	10	0	0	0	0	11	0	0	0	0	1	0	0	0	0	2	0
Q56VW5	Q56VW5	uc002fsb.2	protein_coding	0	1	0	26	0	0	0	1	26	0	0	0	0	1	0	0	0	0	0	0
Q58EX2	Q58EX2	uc010dfm.3	protein_coding	0	2	1	54	2	0	0	0	52	1	0	0	0	0	0	0	0	0	2	0
Q58EX2-2	Q58EX2-2	uc010dfn.2	protein_coding	0	1	0	38	1	0	0	0	37	0	0	0	0	0	0	0	0	0	1	0
Q58EX7	Q58EX7	uc002eso.4	protein_coding	0	0	3	5	0	0	0	2	3	3	0	0	0	0	0	0	0	0	0	0
Q58EX7	Q58EX7	uc002esp.4	protein_coding	0	0	3	5	0	0	0	2	3	3	0	0	0	0	0	0	0	0	0	0
Q58EX7	Q58EX7	uc002esq.4	protein_coding	0	0	3	5	0	0	0	2	3	3	0	0	0	0	0	0	0	0	0	0
Q58EX7	Q58EX7	uc002ess.4	protein_coding	0	0	3	5	0	0	0	2	3	3	0	0	0	0	0	0	0	0	0	0
Q58EX7	Q58EX7	uc010cef.3	protein_coding	0	0	3	5	0	0	0	2	3	3	0	0	0	0	0	0	0	0	0	0
Q58EX7-2	Q58EX7-2	uc010ceg.3	protein_coding	0	0	3	5	0	0	0	2	3	3	0	0	0	0	0	0	0	0	0	0
Q58FF3	Q58FF3	uc031quj.1	protein_coding	0	0	1	3	1	0	1	0	0	1	0	0	0	0	0	0	0	0	0	1
Q58FF6	Q58FF6	uc031qsh.1	protein_coding	0	1	2	4	4	0	0	0	0	2	0	0	0	0	0	0	0	0	1	0
Q59EB1	Q59EB1	uc002jxy.2	protein_coding	0	0	1	13	1	0	0	6	2	1	0	0	0	0	0	0	0	0	0	4
Q59EC8	Q59EC8	uc002lep.4	protein_coding	0	1	0	6	0	0	0	1	4	0	0	0	0	0	0	0	0	0	1	1
Q59EI2	Q59EI2	uc002fob.2	protein_coding	0	0	0	9	0	0	0	3	6	0	0	0	0	0	0	0	0	0	0	0
Q59EK9	Q59EK9	uc002igl.4	protein_coding	0	0	0	8	0	0	0	6	2	0	0	0	0	0	0	0	0	0	0	0
Q59EK9-2	Q59EK9-2	uc002igj.3	protein_coding	0	0	0	6	0	0	0	4	2	0	0	0	0	0	0	0	0	0	0	0
Q59EK9-3	Q59EK9-3	uc002igi.3	protein_coding	0	0	0	6	0	0	0	4	2	0	0	0	0	0	0	0	0	0	0	0
Q59EP6	Q59EP6	uc002lef.3	protein_coding	0	0	0	4	0	0	0	1	2	0	0	0	0	0	0	0	0	0	0	1
Q59FG3	Q59FG3	uc002bek.1	protein_coding	0	2	1	20	0	0	0	6	14	1	0	0	0	0	0	0	0	0	2	0
Q59FL0	Q59FL0	uc031qyf.1	protein_coding	0	0	2	20	2	0	1	2	15	2	0	0	0	1	0	0	0	0	0	0
Q59FQ9	Q59FQ9	uc010cfs.3	protein_coding	0	0	0	4	0	0	0	0	4	0	0	0	0	0	0	0	0	0	0	0
Q59FT1	Q59FT1	uc002ize.3	protein_coding	0	0	0	3	1	0	0	1	1	0	0	0	0	0	0	0	0	0	0	0
Q59FX3	Q59FX3	uc002hgi.1	protein_coding	0	0	0	11	0	0	2	1	8	0	0	0	0	0	0	0	0	0	0	0
Q59FY4	Q59FY4	uc010cuy.3	protein_coding	0	2	0	10	0	0	0	0	10	0	0	0	0	1	0	0	0	0	1	1
Q59GK7	Q59GK7	uc002kxy.2	protein_coding	0	1	0	23	2	0	0	0	22	0	0	0	0	1	0	0	0	0	0	0
Q59GP8	Q59GP8	uc002dtz.1	protein_coding	0	0	0	6	2	0	0	3	0	0	0	0	0	0	0	0	0	0	0	1
Q59GQ8	Q59GQ8	uc002aww.1	protein_coding	0	0	0	3	1	0	0	1	1	0	0	0	0	0	0	0	0	0	0	0
Q59GU6	Q59GU6	uc010bgw.3	protein_coding	0	1	0	7	0	0	0	1	5	0	0	0	0	0	0	0	0	0	1	1
Q59GY7	Q59GY7	uc010cyb.2	protein_coding	0	0	1	11	0	0	0	1	10	1	0	0	0	0	0	0	0	0	0	0
Q59H54	Q59H54	uc010ccg.2	protein_coding	0	0	1	2	1	0	0	0	0	1	0	0	0	0	0	0	0	0	0	1
Q59H57	Q59H57	uc002ebg.3	protein_coding	0	2	0	9	0	0	3	0	6	0	0	0	0	1	0	0	0	0	1	1
Q59H73	Q59H73	uc002ilw.1	protein_coding	0	2	0	9	1	0	0	1	3	0	0	0	0	0	0	0	0	0	2	4
Q59HE8	Q59HE8	uc002jtm.3	protein_coding	0	1	1	8	3	0	0	0	5	1	0	0	0	0	0	0	0	0	1	0
Q59HE8	Q59HE8	uc002jto.3	protein_coding	0	1	1	8	3	0	0	0	5	1	0	0	0	0	0	0	0	0	1	0
Q59HE8	Q59HE8	uc010wth.2	protein_coding	0	1	1	8	3	0	0	0	5	1	0	0	0	0	0	0	0	0	1	0
Q59HE8	Q59HE8	uc021udx.1	protein_coding	0	1	1	10	3	0	1	0	6	1	0	0	0	0	0	0	0	0	1	0
Q5BIX2	Q5BIX2	uc002lbw.3	protein_coding	0	0	0	2	2	0	0	0	0	0	0	0	0	0	0	0	0	0	0	0
Q5BJE1	Q5BJE1	uc002kxn.2	protein_coding	0	1	2	10	1	0	0	0	9	2	0	0	0	0	0	0	0	0	1	0
Q5BJE1-2	Q5BJE1-2	uc002kxo.2	protein_coding	0	1	2	10	1	0	0	0	9	2	0	0	0	0	0	0	0	0	1	0
Q5BJF2	Q5BJF2	uc002hat.3	protein_coding	0	0	0	4	1	0	0	1	1	0	0	0	0	0	0	0	0	0	0	1
Q5BJH6	Q5BJH6	uc002eou.3	protein_coding	0	0	0	3	0	0	0	1	1	0	0	0	0	0	0	0	0	0	0	1
Q5BKU6	Q5BKU6	uc021tfy.1	protein_coding	0	0	0	7	0	0	0	7	0	0	0	0	0	0	0	0	0	0	0	0
Q5BKU9	Q5BKU9	uc002kba.3	protein_coding	0	0	0	6	0	0	0	0	0	0	0	0	0	0	0	0	0	0	0	6
Q5FWF5	Q5FWF5	uc002kth.1	protein_coding	0	1	1	4	0	0	0	0	4	1	0	0	0	0	0	0	0	0	1	0
Q5G0E1	Q5G0E1	uc010dgv.2	protein_coding	0	4	0	14	0	0	0	2	15	0	0	0	0	4	0	0	0	0	0	1
Q5GJ75	Q5GJ75	uc001zyy.3	protein_coding	0	0	0	1	0	0	0	0	1	0	0	0	0	0	0	0	0	0	0	0
Q5I2A4	Q5I2A4	uc010cdu.3	protein_coding	0	0	1	2	0	0	0	0	2	1	0	0	0	0	0	0	0	0	0	0
Q5J8M3	Q5J8M3	uc001zhq.3	protein_coding	0	1	0	7	0	0	0	4	2	0	0	0	0	0	0	0	0	0	1	1
Q5J8M3-2	Q5J8M3-2	uc001zhs.3	protein_coding	0	1	0	7	0	0	0	4	2	0	0	0	0	0	0	0	0	0	1	1
Q5J8M3-3	Q5J8M3-3	uc010ucb.1	protein_coding	0	1	0	6	0	0	0	5	0	0	0	0	0	0	0	0	0	0	1	1
Q5J9I4	Q5J9I4	uc002cfo.4	protein_coding	0	1	0	10	0	0	0	5	5	0	0	0	0	0	0	0	0	0	1	0
Q5JB41	Q5JB41	uc010cbw.3	protein_coding	0	0	1	4	1	0	0	0	3	1	0	0	0	0	0	0	0	0	0	0
Q5JPE7	Q5JPE7	uc002dfe.3	protein_coding	0	0	1	0	0	0	0	0	0	1	0	0	0	0	0	0	0	0	0	0
Q5JPH6	Q5JPH6	uc002dlt.4	protein_coding	0	3	1	7	1	0	0	0	5	1	0	0	0	1	0	0	0	0	2	2
Q5K4E3	Q5K4E3	uc002ebd.4	protein_coding	0	1	0	5	0	0	0	1	4	0	0	0	0	0	0	0	0	0	1	0
Q5K4E3	Q5K4E3	uc010vff.3	protein_coding	0	1	0	5	0	0	0	1	4	0	0	0	0	0	0	0	0	0	1	0
Q5K684	Q5K684	uc002ljg.3	protein_coding	0	1	1	27	0	0	0	0	26	1	0	0	0	0	0	0	0	0	1	1
Q5M775	Q5M775	uc002gwq.3	protein_coding	0	3	2	11	0	0	0	0	12	2	0	0	0	1	0	0	0	0	2	0
Q5M775	Q5M775	uc002gws.3	protein_coding	0	3	2	11	0	0	0	0	12	2	0	0	0	1	0	0	0	0	2	0
Q5M775-2	Q5M775-2	uc002gwr.3	protein_coding	0	1	2	8	0	0	0	0	8	2	0	0	0	0	0	0	0	0	1	0
Q5M775-2	Q5M775-2	uc010cqx.3	protein_coding	0	1	2	8	0	0	0	0	8	2	0	0	0	0	0	0	0	0	1	0
Q5M775-3	Q5M775-3	uc002gwt.3	protein_coding	0	0	2	1	0	0	0	0	1	2	0	0	0	0	0	0	0	0	0	0
Q5M775-4	Q5M775-4	uc002gwv.3	protein_coding	0	2	2	4	0	0	0	0	5	2	0	0	0	1	0	0	0	0	1	0
Q5M775-5	Q5M775-5	uc002gwu.3	protein_coding	0	0	2	1	0	0	0	0	1	2	0	0	0	0	0	0	0	0	0	0
Q5M7Z0	Q5M7Z0	uc002iya.3	protein_coding	0	1	0	2	0	0	0	0	2	0	0	0	0	0	0	0	0	0	1	0
Q5M7Z0-2	Q5M7Z0-2	uc002iyd.4	protein_coding	0	0	0	1	0	0	0	1	0	0	0	0	0	0	0	0	0	0	0	0
Q5MNV8	Q5MNV8	uc002hrc.2	protein_coding	0	0	1	0	0	0	0	0	0	1	0	0	0	0	0	0	0	0	0	0
Q5MNZ6	Q5MNZ6	uc002kfq.3	protein_coding	0	0	0	12	2	0	0	4	6	0	0	0	0	0	0	0	0	0	0	0
Q5MNZ9	Q5MNZ9	uc010dey.3	protein_coding	0	1	1	11	0	0	0	0	12	1	0	0	0	1	0	0	0	0	0	0
Q5MNZ9	Q5MNZ9	uc010wqo.2	protein_coding	0	1	0	12	0	0	0	0	13	0	0	0	0	1	0	0	0	0	0	0
Q5PXE8	Q5PXE8	uc002chq.3	protein_coding	0	0	0	4	0	0	0	4	0	0	0	0	0	0	0	0	0	0	0	0
Q5RKV6	Q5RKV6	uc002eym.1	protein_coding	0	0	1	10	0	0	0	4	0	1	0	0	0	0	0	0	0	0	0	6
Q5TZN6	Q5TZN6	uc002erp.4	protein_coding	0	1	0	3	0	1	1	2	0	0	0	0	0	0	0	0	0	0	0	0
Q5TZN6	Q5TZN6	uc031qwn.1	protein_coding	0	1	0	3	0	1	1	2	0	0	0	0	0	0	0	0	0	0	0	0
Q5TZN6	Q5TZN6	uc031qwo.1	protein_coding	0	0	0	3	0	0	0	2	1	0	0	0	0	0	0	0	0	0	0	0
Q5U4P2	Q5U4P2	uc002dut.3	protein_coding	0	0	0	6	0	0	0	2	1	0	0	0	0	0	0	0	0	0	0	3
Q5U623	Q5U623	uc002czu.3	protein_coding	0	2	2	6	0	0	0	0	7	2	0	0	0	1	0	0	0	0	1	0
Q5U623-2	Q5U623-2	uc002czv.3	protein_coding	0	1	2	7	1	0	0	0	7	2	0	0	0	1	0	0	0	0	0	0
Q5UE93	Q5UE93	uc002glq.1	protein_coding	0	0	0	30	0	0	0	3	27	0	0	0	0	0	0	0	0	0	0	0
Q5VIR6	Q5VIR6	uc002frn.2	protein_coding	0	2	1	22	0	1	1	0	20	1	0	0	0	0	0	0	0	0	1	1
Q5VIR6-2	Q5VIR6-2	uc002frm.2	protein_coding	0	2	1	22	0	1	1	0	20	1	0	0	0	0	0	0	0	0	1	1
Q5VIR6-4	Q5VIR6-4	uc010cjo.2	protein_coding	0	2	1	27	1	1	1	0	24	1	0	0	0	0	0	0	0	0	1	1
Q5W5X9	Q5W5X9	uc002bur.3	protein_coding	0	2	0	14	0	0	0	2	12	0	0	0	0	0	0	0	0	0	2	0
Q5W5X9	Q5W5X9	uc002bus.3	protein_coding	0	2	0	14	0	0	0	2	12	0	0	0	0	0	0	0	0	0	2	0
Q5W5X9	Q5W5X9	uc002but.3	protein_coding	0	2	0	14	0	0	0	2	12	0	0	0	0	0	0	0	0	0	2	0
Q5W5X9	Q5W5X9	uc002buu.3	protein_coding	0	2	0	14	0	0	0	2	12	0	0	0	0	0	0	0	0	0	2	0
Q5W5X9	Q5W5X9	uc002buv.3	protein_coding	0	2	0	14	0	0	0	2	12	0	0	0	0	0	0	0	0	0	2	0
Q5W5X9	Q5W5X9	uc002buw.3	protein_coding	0	2	0	14	0	0	0	2	12	0	0	0	0	0	0	0	0	0	2	0
Q5W5X9	Q5W5X9	uc002bux.3	protein_coding	0	2	0	14	0	0	0	2	12	0	0	0	0	0	0	0	0	0	2	0
Q5W5X9	Q5W5X9	uc002buy.3	protein_coding	0	2	0	14	0	0	0	2	12	0	0	0	0	0	0	0	0	0	2	0
Q5W5X9	Q5W5X9	uc010bor.3	protein_coding	0	2	0	15	0	0	0	2	12	0	0	0	0	0	0	0	0	0	2	1
Q5W5X9-2	Q5W5X9-2	uc002buz.2	protein_coding	0	1	0	9	0	0	0	0	8	0	0	0	0	0	0	0	0	0	1	1
Q5XG92	Q5XG92	uc002eqx.3	protein_coding	0	0	1	1	0	0	0	0	1	1	0	0	0	0	0	0	0	0	0	0
Q5XG92-5	Q5XG92-5	uc010vix.2	protein_coding	0	0	1	1	0	0	0	0	1	1	0	0	0	0	0	0	0	0	0	0
Q5XG92-7	Q5XG92-7	uc010viy.2	protein_coding	0	0	1	1	0	0	0	0	1	1	0	0	0	0	0	0	0	0	0	0
Q5XG92-8	Q5XG92-8	uc002eqw.3	protein_coding	0	0	1	1	0	0	0	0	1	1	0	0	0	0	0	0	0	0	0	0
Q5XG99	Q5XG99	uc002bvk.3	protein_coding	0	1	0	4	1	0	0	0	3	0	0	0	0	0	0	0	0	0	1	0
Q5XG99	Q5XG99	uc010bov.3	protein_coding	0	1	0	4	1	0	0	0	3	0	0	0	0	0	0	0	0	0	1	0
Q5XG99-2	Q5XG99-2	uc002bvl.3	protein_coding	0	1	0	4	1	0	0	0	3	0	0	0	0	0	0	0	0	0	1	0
Q5XLQ3	Q5XLQ3	uc010dpm.1	protein_coding	0	0	0	2	0	0	0	0	2	0	0	0	0	0	0	0	0	0	0	0
Q5XUX0	Q5XUX0	uc002fjw.3	protein_coding	0	0	0	2	1	0	0	0	1	0	0	0	0	0	0	0	0	0	0	0
Q5XUX0	Q5XUX0	uc010vot.2	protein_coding	0	0	0	2	1	0	0	0	1	0	0	0	0	0	0	0	0	0	0	0
Q5XUX0-2	Q5XUX0-2	uc002fjv.3	protein_coding	0	0	0	2	1	0	0	0	1	0	0	0	0	0	0	0	0	0	0	0
Q5XX13	Q5XX13	uc002guk.3	protein_coding	0	0	3	17	0	0	0	5	12	3	0	0	0	0	0	0	0	0	0	0
Q5XX13	Q5XX13	uc031qze.1	protein_coding	0	0	2	18	1	0	0	5	12	2	0	0	0	0	0	0	0	0	0	0
Q5XX13-2	Q5XX13-2	uc002gul.3	protein_coding	0	0	3	17	0	0	0	5	12	3	0	0	0	0	0	0	0	0	0	0
Q5XX13-3	Q5XX13-3	uc010cqh.2	protein_coding	0	0	3	17	0	0	0	5	12	3	0	0	0	0	0	0	0	0	0	0
Q5YKG5	Q5YKG5	uc002ikq.1	protein_coding	0	0	1	0	0	0	0	0	0	1	0	0	0	0	0	0	0	0	0	0
Q5YKG5	Q5YKG5	uc010dax.2	protein_coding	0	0	1	0	0	0	0	0	0	1	0	0	0	0	0	0	0	0	0	0
Q5YKG5	Q5YKG5	uc031rcx.1	protein_coding	0	0	1	0	0	0	0	0	0	1	0	0	0	0	0	0	0	0	0	0
Q5YLB2	Q5YLB2	uc002idd.3	protein_coding	1	0	1	3	1	0	0	0	1	1	0	0	0	0	0	1	0	0	0	1
Q5ZPR3	Q5ZPR3	uc002avv.1	protein_coding	0	0	0	3	0	0	0	0	3	0	0	0	0	0	0	0	0	0	0	0
Q5ZPR3	Q5ZPR3	uc010bjd.1	protein_coding	0	0	0	3	0	0	0	1	2	0	0	0	0	0	0	0	0	0	0	0
Q5ZPR3-2	Q5ZPR3-2	uc002avw.1	protein_coding	0	0	0	3	0	0	0	0	3	0	0	0	0	0	0	0	0	0	0	0
Q5ZPR3-4	Q5ZPR3-4	uc002avu.1	protein_coding	0	0	0	3	1	0	0	0	2	0	0	0	0	0	0	0	0	0	0	0
Q63HK3	Q63HK3	uc002dod.4	protein_coding	0	3	3	6	3	0	0	0	3	3	0	0	0	0	0	0	0	0	3	0
Q63HK3	Q63HK3	uc010vcl.2	protein_coding	0	2	3	7	3	0	1	0	3	3	0	0	0	0	0	0	0	0	2	0
Q63HK3-2	Q63HK3-2	uc002doe.2	protein_coding	0	2	1	3	0	0	0	1	2	1	0	0	0	0	0	0	0	0	2	0
Q63HM1	Q63HM1	uc002jva.3	protein_coding	0	0	1	8	1	0	0	0	4	1	0	0	0	0	0	0	0	0	0	3
Q63HM1-2	Q63HM1-2	uc002juz.3	protein_coding	0	0	1	8	1	0	0	0	4	1	0	0	0	0	0	0	0	0	0	3
Q63HN8	Q63HN8	uc021uen.2	protein_coding	0	7	10	36	0	0	0	0	36	10	0	0	0	1	0	0	0	0	7	0
Q63HN8-5	Q63HN8-5	uc002jyf.4	protein_coding	0	2	3	19	0	0	0	1	18	3	0	0	0	1	0	0	0	0	2	0
Q63ZY4	Q63ZY4	uc002dre.4	protein_coding	0	1	0	3	0	0	0	0	3	0	0	0	0	0	0	0	0	0	1	0
Q641Q3	Q641Q3	uc002kgh.3	protein_coding	0	1	0	2	0	0	0	0	2	0	0	0	0	0	0	0	0	0	1	0
Q641Q3	Q641Q3	uc002kgi.3	protein_coding	0	1	0	2	0	0	1	0	1	0	0	0	0	0	0	0	0	0	1	0
Q643R3	Q643R3	uc001zig.3	protein_coding	0	0	0	10	0	0	0	3	7	0	0	0	0	0	0	0	0	0	0	0
Q658L1	Q658L1	uc002bgv.3	protein_coding	0	0	1	0	0	0	0	0	0	1	0	0	0	0	0	0	0	0	0	0
Q658N2	Q658N2	uc002gcn.3	protein_coding	0	1	0	6	1	0	1	0	4	0	0	0	0	0	0	0	0	0	1	0
Q658N2	Q658N2	uc002gco.3	protein_coding	0	1	0	6	1	0	1	0	4	0	0	0	0	0	0	0	0	0	1	0
Q658N2	Q658N2	uc010cli.3	protein_coding	0	1	0	6	1	0	1	0	4	0	0	0	0	0	0	0	0	0	1	0
Q659A1	Q659A1	uc002agp.4	protein_coding	0	1	0	13	3	0	0	0	10	0	0	0	0	0	0	0	0	0	1	0
Q659W3	Q659W3	uc010cll.3	protein_coding	0	1	0	12	2	0	0	0	10	0	0	0	0	0	0	0	0	0	1	0
Q659W4	Q659W4	uc010clk.3	protein_coding	0	2	0	11	2	0	0	0	9	0	0	0	0	0	0	0	0	0	2	0
Q66K41-2	Q66K41-2	uc031raj.1	protein_coding	0	0	0	5	0	0	1	1	0	0	0	0	0	0	0	0	0	0	0	3
Q66K89	Q66K89	uc002cpm.3	protein_coding	0	1	1	6	0	0	0	2	4	1	0	0	0	0	0	0	0	0	1	0
Q67FW5	Q67FW5	uc002kgg.1	protein_coding	0	1	0	11	0	0	0	1	10	0	0	0	0	0	0	0	0	0	1	0
Q684P5	Q684P5	uc010ckd.3	protein_coding	0	3	1	48	6	0	0	0	42	1	0	0	0	1	0	0	0	0	2	1
Q684P5-2	Q684P5-2	uc010cke.3	protein_coding	0	3	1	48	6	0	0	0	42	1	0	0	0	1	0	0	0	0	2	1
Q68CK6	Q68CK6	uc002dhj.4	protein_coding	0	1	3	23	2	0	0	0	21	3	0	0	0	1	0	0	0	0	1	0
Q68CK6	Q68CK6	uc002dhk.4	protein_coding	0	1	3	23	2	0	0	0	21	3	0	0	0	1	0	0	0	0	1	0
Q68CK6	Q68CK6	uc010bwf.1	protein_coding	0	0	3	22	0	0	0	6	16	3	0	0	0	1	0	0	0	0	0	0
Q68CZ1	Q68CZ1	uc002ehp.3	protein_coding	0	0	0	4	2	0	0	0	2	0	0	0	0	0	0	0	0	0	0	0
Q68CZ1-2	Q68CZ1-2	uc002eho.4	protein_coding	0	0	0	4	2	0	0	0	2	0	0	0	0	0	0	0	0	0	0	0
Q68D06	Q68D06	uc002hjk.1	protein_coding	0	3	2	3	0	0	1	0	3	2	0	0	0	1	0	0	0	0	2	0
Q68D06	Q68D06	uc002hjl.2	protein_coding	0	3	2	3	0	0	0	0	4	2	0	0	0	1	0	0	0	0	2	0
Q68D06	Q68D06	uc002hjm.2	protein_coding	0	3	2	3	0	0	0	0	4	2	0	0	0	1	0	0	0	0	2	0
Q68D06	Q68D06	uc010wch.1	protein_coding	0	3	2	3	0	0	0	0	4	2	0	0	0	1	0	0	0	0	2	0
Q68D06-2	Q68D06-2	uc010ctt.2	protein_coding	0	3	2	3	0	0	0	0	4	2	0	0	0	1	0	0	0	0	2	0
Q68D28	Q68D28	uc002itv.4	protein_coding	0	0	0	13	2	0	0	0	11	0	0	0	0	0	0	0	0	0	0	0
Q68D86	Q68D86	uc002lkj.1	protein_coding	0	3	3	5	0	0	0	0	6	3	0	0	0	1	0	0	0	0	2	0
Q68D98	Q68D98	uc010vpu.1	protein_coding	0	3	0	21	0	0	0	1	20	0	0	0	0	0	0	0	0	0	3	0
Q68DA7	Q68DA7	uc031qrh.1	protein_coding	0	1	2	18	0	0	0	0	18	2	0	0	0	0	0	0	0	0	1	0
Q68DA7-3	Q68DA7-3	uc001zhg.3	protein_coding	0	0	2	1	0	0	0	0	1	2	0	0	0	0	0	0	0	0	0	0
Q68DA7-5	Q68DA7-5	uc001zhf.5	protein_coding	0	1	3	15	0	0	0	0	15	3	0	0	0	0	0	0	0	0	1	0
Q68DD2	Q68DD2	uc001zoy.3	protein_coding	0	3	1	22	1	0	1	0	11	1	0	0	0	0	0	0	0	0	3	9
Q68DD2	Q68DD2	uc001zoz.3	protein_coding	0	5	3	28	1	0	0	0	26	3	0	0	0	0	0	0	0	0	5	1
Q68DD2	Q68DD2	uc001zpa.3	protein_coding	0	3	2	31	1	0	3	0	26	2	0	0	0	0	0	0	0	0	3	1
Q68DD2	Q68DD2	uc010bcr.3	protein_coding	0	3	2	31	1	0	3	0	26	2	0	0	0	0	0	0	0	0	3	1
Q68DD2	Q68DD2	uc010bcs.3	protein_coding	0	3	2	31	1	0	3	0	26	2	0	0	0	0	0	0	0	0	3	1
Q68DL7	Q68DL7	uc002llj.3	protein_coding	0	0	2	2	0	0	0	0	2	2	0	0	0	0	0	0	0	0	0	0
Q68DV7	Q68DV7	uc002iwf.3	protein_coding	0	0	3	9	3	0	0	0	6	3	0	0	0	0	0	0	0	0	0	0
Q68DV7	Q68DV7	uc002iwg.4	protein_coding	0	0	3	9	3	0	0	0	6	3	0	0	0	0	0	0	0	0	0	0
Q68DV7	Q68DV7	uc002iwh.4	protein_coding	0	0	3	9	3	0	0	0	6	3	0	0	0	0	0	0	0	0	0	0
Q68DV7-2	Q68DV7-2	uc010wnv.2	protein_coding	0	0	2	10	3	0	0	0	7	2	0	0	0	0	0	0	0	0	0	0
Q68EM7	Q68EM7	uc002dna.3	protein_coding	0	0	0	14	1	0	1	1	10	0	0	0	0	0	0	0	0	0	0	1
Q68EM7	Q68EM7	uc002dnb.3	protein_coding	0	0	0	19	1	0	0	1	16	0	0	0	0	0	0	0	0	0	0	1
Q68EM7-2	Q68EM7-2	uc002dnc.3	protein_coding	0	0	0	19	1	0	0	1	16	0	0	0	0	0	0	0	0	0	0	1
Q68EM7-4	Q68EM7-4	uc002dng.1	protein_coding	0	0	0	9	0	0	0	2	6	0	0	0	0	0	0	0	0	0	0	1
Q68EM7-7	Q68EM7-7	uc002dmy.3	protein_coding	0	0	0	8	1	0	1	1	4	0	0	0	0	0	0	0	0	0	0	1
Q68EM7-7	Q68EM7-7	uc002dmz.3	protein_coding	0	0	0	8	1	0	0	1	6	0	0	0	0	0	0	0	0	0	0	0
Q68EN5	Q68EN5	uc002ert.3	protein_coding	0	1	0	7	0	0	0	1	1	0	0	0	0	0	0	0	0	0	1	5
Q68EN5-2	Q68EN5-2	uc002eru.3	protein_coding	0	1	0	7	0	0	0	1	1	0	0	0	0	0	0	0	0	0	1	5
Q68EN5-3	Q68EN5-3	uc002ers.3	protein_coding	0	0	0	3	0	0	0	1	0	0	0	0	0	0	0	0	0	0	0	2
Q693B1	Q693B1	uc002gge.4	protein_coding	0	0	1	7	2	0	0	3	0	1	0	0	0	0	0	0	0	0	0	2
Q69YJ1	Q69YJ1	uc002ijc.3	protein_coding	0	0	0	1	0	0	0	0	1	0	0	0	0	0	0	0	0	0	0	0
Q69YJ1	Q69YJ1.2	uc002jew.4	protein_coding	1	1	4	13	0	1	1	1	11	4	0	0	0	0	0	1	0	0	0	0
Q6A162	Q6A162	uc010cxh.1	protein_coding	0	5	9	21	1	0	0	0	20	9	0	0	0	0	0	0	0	0	5	0
Q6A163	Q6A163	uc002hvo.1	protein_coding	0	0	1	8	0	0	1	1	5	1	0	0	0	0	0	0	0	0	0	1
Q6A1A2	Q6A1A2.2	uc002cqz.1	protein_coding	0	0	0	3	0	0	0	1	2	0	0	0	0	0	0	0	0	0	0	0
Q6AI05	Q6AI05	uc002bsm.2	protein_coding	0	0	0	2	0	0	0	0	2	0	0	0	0	0	0	0	0	0	0	0
Q6AI08	Q6AI08	uc002iyk.1	protein_coding	0	0	0	1	0	0	0	0	1	0	0	0	0	0	0	0	0	0	0	0
Q6AI08	Q6AI08	uc010ddk.1	protein_coding	0	0	0	1	0	0	0	0	1	0	0	0	0	0	0	0	0	0	0	0
Q6AI12	Q6AI12	uc002iso.3	protein_coding	0	0	0	2	0	0	0	1	1	0	0	0	0	0	0	0	0	0	0	0
Q6B0K9	Q6B0K9	uc002cfu.1	protein_coding	0	0	0	3	0	0	0	0	0	0	0	0	0	0	0	0	0	0	0	3
Q6DHV7	Q6DHV7	uc001zri.2	protein_coding	0	1	0	12	0	0	1	2	6	0	0	0	0	1	0	0	0	0	0	3
Q6DHV7-2	Q6DHV7-2	uc001zrh.3	protein_coding	0	2	0	11	0	1	1	0	9	0	0	0	0	1	0	0	0	0	1	1
Q6DHV7-3	Q6DHV7-3	uc010udo.2	protein_coding	0	2	0	13	0	1	1	2	9	0	0	0	0	1	0	0	0	0	1	1
Q6DHY5	Q6DHY5	uc002hmm.4	protein_coding	0	1	2	4	2	0	0	2	0	2	0	0	0	0	0	0	0	0	1	0
Q6DHY5	Q6DHY5	uc010wcx.1	protein_coding	0	2	0	7	3	1	2	0	1	0	0	0	0	0	0	0	0	0	1	1
Q6DHY5	Q6DHY5	uc021tvh.1	protein_coding	0	1	0	14	3	0	0	0	11	0	0	0	0	0	0	0	0	0	1	0
Q6DKI0	Q6DKI0	uc002jyu.1	protein_coding	0	0	0	19	1	0	0	3	10	0	0	0	0	0	0	0	0	0	0	5
Q6DKI2	Q6DKI2	uc002gtw.3	protein_coding	0	1	3	31	1	0	2	8	20	3	0	0	0	0	0	0	0	0	1	0
Q6DKI2	Q6DKI2	uc010vyb.2	protein_coding	0	1	3	31	1	0	2	8	20	3	0	0	0	0	0	0	0	0	1	0
Q6DKJ4	Q6DKJ4	uc002fsa.3	protein_coding	0	1	0	58	1	0	0	2	56	0	0	0	0	1	0	0	0	0	0	0
Q6DKJ4-3	Q6DKJ4-3	uc010vqe.2	protein_coding	0	1	0	52	1	0	0	2	50	0	0	0	0	1	0	0	0	0	0	0
Q6DKK2	Q6DKK2	uc002gph.3	protein_coding	0	1	0	10	1	1	1	1	7	0	0	0	0	0	0	0	0	0	0	0
Q6DN12	Q6DN12	uc002bti.2	protein_coding	0	2	1	22	0	0	1	2	19	1	0	0	0	1	0	0	0	0	1	0
Q6DN12	Q6DN12	uc002btj.3	protein_coding	0	2	2	27	0	0	1	0	25	2	0	0	0	2	0	0	0	0	2	1
Q6DN12	Q6DN12	uc002btl.3	protein_coding	0	1	1	14	0	0	0	0	13	1	0	0	0	2	0	0	0	0	1	1
Q6DN12	Q6DN12	uc010boj.3	protein_coding	0	3	1	28	0	0	2	0	26	1	0	0	0	3	0	0	0	0	2	0
Q6DN12-2	Q6DN12-2	uc010bok.3	protein_coding	0	2	2	27	0	0	1	0	25	2	0	0	0	2	0	0	0	0	2	1
Q6DN12-4	Q6DN12-4	uc002btk.4	protein_coding	0	0	2	10	0	0	0	0	9	2	0	0	0	1	0	0	0	0	0	1
Q6DWJ6	Q6DWJ6	uc002dgu.1	protein_coding	0	1	0	2	0	0	0	0	1	0	0	0	0	0	0	0	0	0	1	1
Q6DWJ6	Q6DWJ6	uc010vaw.1	protein_coding	0	1	0	2	0	0	0	0	1	0	0	0	0	0	0	0	0	0	1	1
Q6EEV4	Q6EEV4	uc002aev.1	protein_coding	0	0	0	1	1	0	0	0	0	0	0	0	0	0	0	0	0	0	0	0
Q6EMK4	Q6EMK4	uc002cwj.1	protein_coding	0	1	1	10	1	0	0	5	1	1	0	0	0	0	0	0	0	0	1	3
Q6EMK4	Q6EMK4	uc021tch.1	protein_coding	0	1	1	4	0	0	0	3	0	1	0	0	0	0	0	0	0	0	1	1
Q6F5E8	Q6F5E8	uc002etn.3	protein_coding	0	0	0	6	0	0	0	3	3	0	0	0	0	0	0	0	0	0	0	0
Q6F5E8	Q6F5E8	uc010cel.1	protein_coding	0	0	0	5	0	0	0	2	3	0	0	0	0	0	0	0	0	0	0	0
Q6FH41	Q6FH41	uc002htv.3	protein_coding	0	0	0	1	1	0	0	0	0	0	0	0	0	0	0	0	0	0	0	0
Q6FH65	Q6FH65	uc002hto.3	protein_coding	0	0	0	12	2	0	1	3	6	0	0	0	0	0	0	0	0	0	0	0
Q6FHD0	Q6FHD0	uc001zgz.2	protein_coding	0	0	0	1	0	0	0	0	1	0	0	0	0	0	0	0	0	0	0	0
Q6FI81	Q6FI81	uc002ell.1	protein_coding	0	0	0	7	0	0	1	0	5	0	0	0	0	0	0	0	0	0	0	1
Q6FI81-3	Q6FI81-3	uc002elm.1	protein_coding	0	0	0	7	0	0	1	0	5	0	0	0	0	0	0	0	0	0	0	1
Q6FIC9	Q6FIC9	uc002jot.4	protein_coding	0	0	0	17	0	0	0	4	1	0	0	0	0	0	0	0	0	0	0	12
Q6FIF0	Q6FIF0	uc002bfe.2	protein_coding	0	0	0	1	0	0	0	0	1	0	0	0	0	0	0	0	0	0	0	0
Q6FIF0	Q6FIF0	uc002bff.2	protein_coding	0	0	0	1	0	0	0	0	1	0	0	0	0	0	0	0	0	0	0	0
Q6FIF0	Q6FIF0	uc002bfh.2	protein_coding	0	0	0	1	0	0	0	0	1	0	0	0	0	0	0	0	0	0	0	0
Q6FIF0	Q6FIF0	uc002bfi.2	protein_coding	0	0	0	1	0	0	0	0	1	0	0	0	0	0	0	0	0	0	0	0
Q6FIF0	Q6FIF0	uc021srw.1	protein_coding	0	0	0	1	0	0	0	0	1	0	0	0	0	0	0	0	0	0	0	0
Q6FIF0	Q6FIF0	uc021srx.1	protein_coding	0	0	0	1	0	0	0	0	1	0	0	0	0	0	0	0	0	0	0	0
Q6FIF0	Q6FIF0	uc021sry.1	protein_coding	0	0	0	1	0	0	0	0	1	0	0	0	0	0	0	0	0	0	0	0
Q6FIF0-2	Q6FIF0-2	uc002bfg.2	protein_coding	0	0	0	1	0	0	0	0	1	0	0	0	0	0	0	0	0	0	0	0
Q6GPH4	Q6GPH4	uc002gdm.1	protein_coding	0	2	2	12	1	0	2	3	4	2	0	0	0	0	0	0	0	0	2	2
Q6GPH4	Q6GPH4	uc002gdn.3	protein_coding	0	2	1	15	1	0	2	3	7	1	0	0	0	0	0	0	0	0	2	2
Q6GPH4-2	Q6GPH4-2	uc002gdo.3	protein_coding	0	2	1	15	1	0	2	3	7	1	0	0	0	0	0	0	0	0	2	2
Q6GPH4-6	Q6GPH4-6	uc002gdp.4	protein_coding	0	0	3	15	1	0	2	3	7	3	0	0	0	0	0	0	0	0	0	2
Q6GPH4-6	Q6GPH4-6	uc002gdq.4	protein_coding	0	0	0	18	1	0	2	3	10	0	0	0	0	0	0	0	0	0	0	2
Q6GPH4-6	Q6GPH4-6	uc002gdr.4	protein_coding	0	0	3	15	1	0	2	3	7	3	0	0	0	0	0	0	0	0	0	2
Q6GPI1	Q6GPI1	uc002fdr.3	protein_coding	0	0	1	3	0	0	0	1	1	1	0	0	0	0	0	0	0	0	0	1
Q6GSK5	Q6GSK5	uc002kvd.3	protein_coding	0	1	0	10	0	0	0	3	7	0	0	0	0	0	0	0	0	0	1	0
Q6IA86	Q6IA86	uc002kzk.2	protein_coding	0	2	2	20	0	0	0	0	18	2	0	0	0	1	0	0	0	0	1	3
Q6IA86-2	Q6IA86-2	uc002kzn.2	protein_coding	0	2	2	20	0	0	0	0	18	2	0	0	0	1	0	0	0	0	1	3
Q6IA86-3	Q6IA86-3	uc002kzm.2	protein_coding	0	2	2	20	0	0	0	0	18	2	0	0	0	1	0	0	0	0	1	3
Q6IA86-5	Q6IA86-5	uc010xch.2	protein_coding	0	2	2	20	0	0	0	0	18	2	0	0	0	1	0	0	0	0	1	3
Q6IAN0	Q6IAN0	uc002gyo.3	protein_coding	0	0	0	7	0	0	0	0	7	0	0	0	0	0	0	0	0	0	0	0
Q6IEE7	Q6IEE7	uc002hif.3	protein_coding	0	1	0	12	4	0	1	0	5	0	0	0	0	0	0	0	0	0	1	2
Q6IEE8-2	Q6IEE8-2	uc002hjn.3	protein_coding	0	1	2	13	0	0	4	1	8	2	0	0	0	0	0	0	0	0	1	0
Q6IN51	Q6IN51	uc010vus.1	protein_coding	0	1	0	0	0	0	0	0	0	0	0	0	0	0	0	0	0	0	1	0
Q6IN84	Q6IN84	uc002hne.3	protein_coding	0	1	0	2	0	0	0	0	1	0	0	0	0	0	0	0	0	0	1	1
Q6IN84-2	Q6IN84-2	uc002hnf.3	protein_coding	0	0	0	3	0	0	1	0	1	0	0	0	0	0	0	0	0	0	0	1
Q6IPX1	Q6IPX1	uc002hlk.2	protein_coding	0	1	1	7	1	0	0	1	3	1	0	0	0	1	0	0	0	0	0	3
Q6IQ21	Q6IQ21	uc001ziw.3	protein_coding	0	2	0	3	1	0	1	0	1	0	0	0	0	0	0	0	0	0	2	0
Q6IQ21	Q6IQ21	uc021siy.1	protein_coding	0	2	0	3	0	0	0	1	0	0	0	0	0	0	0	0	0	0	2	2
Q6IQ22	Q6IQ22	uc002knp.3	protein_coding	0	0	0	4	1	0	0	1	2	0	0	0	0	0	0	0	0	0	0	0
Q6IQ32	Q6IQ32	uc002lnw.3	protein_coding	0	1	0	1	0	0	0	0	2	0	0	0	0	1	0	0	0	0	0	0
Q6IQ55	Q6IQ55	uc001zqo.2	protein_coding	0	1	2	12	0	0	1	0	11	2	0	0	0	0	0	0	0	0	1	0
Q6IQ55	Q6IQ55	uc010bcy.2	protein_coding	0	1	1	13	0	0	2	0	11	1	0	0	0	0	0	0	0	0	1	0
Q6IQ55-3	Q6IQ55-3	uc001zqp.3	protein_coding	0	0	1	12	0	0	1	0	11	1	0	0	0	0	0	0	0	0	0	0
Q6IS01	Q6IS01	uc002kmk.2	protein_coding	0	1	0	8	0	0	0	1	6	0	0	0	0	0	0	0	0	0	1	1
Q6JEL2	Q6JEL2	uc010cxr.3	protein_coding	0	1	0	6	0	0	0	0	4	0	0	0	0	0	0	0	0	0	1	2
Q6JEL2	Q6JEL2	uc010wfw.2	protein_coding	0	1	0	7	0	1	1	0	4	0	0	0	0	0	0	0	0	0	0	2
Q6JHV3	Q6JHV3	uc002amh.4	protein_coding	0	0	0	1	0	0	0	1	0	0	0	0	0	0	0	0	0	0	0	0
Q6JVM2	Q6JVM2	uc002cpn.3	protein_coding	0	0	0	6	0	0	0	1	1	0	0	0	0	0	0	0	0	0	0	4
Q6MZH7	Q6MZH7	uc002jik.3	protein_coding	0	1	0	3	0	0	0	2	1	0	0	0	0	0	0	0	0	0	1	0
Q6N043	Q6N043	uc002adu.3	protein_coding	0	2	1	8	1	0	0	0	7	1	0	0	0	0	0	0	0	0	2	0
Q6N043	Q6N043	uc010bfq.3	protein_coding	0	2	1	8	1	0	0	0	7	1	0	0	0	0	0	0	0	0	2	0
Q6N043-5	Q6N043-5	uc002adt.3	protein_coding	0	2	0	1	1	0	0	0	0	0	0	0	0	0	0	0	0	0	2	0
Q6N065	Q6N065	uc002gnq.2	protein_coding	0	0	0	4	0	0	0	0	0	0	0	0	0	0	0	0	0	0	0	4
Q6N074	Q6N074	uc021sjj.1	protein_coding	0	0	0	6	2	0	0	0	4	0	0	0	0	0	0	0	0	0	0	0
Q6NSF1	Q6NSF1	uc002bcc.1	protein_coding	0	0	1	4	0	0	0	0	4	1	0	0	0	0	0	0	0	0	0	0
Q6NT04	Q6NT04	uc002cus.3	protein_coding	0	1	0	1	0	0	0	0	0	0	0	0	0	0	0	0	0	0	1	1
Q6NT04	Q6NT04	uc021tcc.1	protein_coding	0	1	0	0	0	0	0	0	0	0	0	0	0	0	0	0	0	0	1	0
Q6NT09	Q6NT09	uc010dmb.3	protein_coding	0	0	0	7	0	0	0	0	7	0	0	0	0	0	0	0	0	0	0	0
Q6NT32	Q6NT32	uc002eip.2	protein_coding	0	3	2	20	0	0	2	0	18	2	0	0	0	0	0	0	0	0	3	0
Q6NT32	Q6NT32	uc002eiq.2	protein_coding	0	2	1	23	0	0	2	0	21	1	0	0	0	0	0	0	0	0	2	0
Q6NT32	Q6NT32	uc002eir.2	protein_coding	0	2	1	23	0	0	2	0	21	1	0	0	0	0	0	0	0	0	2	0
Q6NT32-2	Q6NT32-2	uc002eio.2	protein_coding	0	2	2	21	0	0	2	0	19	2	0	0	0	0	0	0	0	0	2	0
Q6NT32-4	Q6NT32-4	uc021tir.1	protein_coding	0	3	2	21	0	0	0	0	21	2	0	0	0	0	0	0	0	0	3	0
Q6NUI1	Q6NUI1	uc002gyf.3	protein_coding	0	0	0	3	2	0	0	0	1	0	0	0	0	0	0	0	0	0	0	0
Q6NUN0	Q6NUN0	uc002dhe.3	protein_coding	0	0	0	1	0	0	0	0	1	0	0	0	0	0	0	0	0	0	0	0
Q6NX45	Q6NX45	uc002bpk.4	protein_coding	0	1	2	18	0	0	1	1	4	2	0	0	0	0	0	0	0	0	1	12
Q6NYC1	Q6NYC1	uc002jso.3	protein_coding	0	0	0	2	0	0	0	0	2	0	0	0	0	0	0	0	0	0	0	0
Q6NYC1-3	Q6NYC1-3	uc002jsn.1	protein_coding	0	0	0	3	0	0	0	1	2	0	0	0	0	0	0	0	0	0	0	0
Q6NZI2	Q6NZI2	uc002hzo.3	protein_coding	0	0	0	2	0	0	0	0	2	0	0	0	0	0	0	0	0	0	0	0
Q6P1M3	Q6P1M3	uc002joh.3	protein_coding	0	3	4	36	2	0	0	0	32	4	0	0	0	2	0	0	0	0	1	4
Q6P1M3-2	Q6P1M3-2	uc002joi.3	protein_coding	0	2	5	36	2	0	0	0	32	5	0	0	0	2	0	0	0	0	0	4
Q6P1R4	Q6P1R4	uc002kdq.4	protein_coding	0	3	0	6	0	0	0	2	4	0	0	0	0	0	0	0	0	0	3	0
Q6P1R4	Q6P1R4	uc002kdr.4	protein_coding	0	3	0	6	0	0	0	2	4	0	0	0	0	0	0	0	0	0	3	0
Q6P2C0	Q6P2C0	uc002boj.3	protein_coding	0	6	2	43	0	0	0	9	30	2	0	0	0	1	0	0	0	0	5	5
Q6P2C0	Q6P2C0	uc010upz.2	protein_coding	0	3	0	25	0	0	0	9	15	0	0	0	0	1	0	0	0	0	2	2
Q6P2C0-2	Q6P2C0-2	uc010bnr.3	protein_coding	0	6	2	43	0	0	0	9	30	2	0	0	0	1	0	0	0	0	5	5
Q6P2D0	Q6P2D0	uc002fdo.3	protein_coding	0	0	0	7	0	0	0	0	7	0	0	0	0	0	0	0	0	0	0	0
Q6P2D0	Q6P2D0	uc002fdp.3	protein_coding	0	0	0	7	0	0	0	0	7	0	0	0	0	0	0	0	0	0	0	0
Q6P2D0	Q6P2D0	uc002fdq.3	protein_coding	0	0	0	7	0	0	0	0	7	0	0	0	0	0	0	0	0	0	0	0
Q6P2D0	Q6P2D0	uc010cgs.3	protein_coding	0	0	0	7	0	0	0	0	7	0	0	0	0	0	0	0	0	0	0	0
Q6P2D0	Q6P2D0	uc010cgt.3	protein_coding	0	0	0	7	0	0	0	0	7	0	0	0	0	0	0	0	0	0	0	0
Q6P2E9	Q6P2E9	uc002eur.3	protein_coding	0	1	0	2	0	0	0	1	0	0	0	0	0	0	0	0	0	0	1	1
Q6P2E9	Q6P2E9	uc002eus.3	protein_coding	0	0	0	2	0	0	1	1	0	0	0	0	0	0	0	0	0	0	0	0
Q6P2E9	Q6P2E9	uc010cer.3	protein_coding	0	0	0	3	0	0	1	1	0	0	0	0	0	0	0	0	0	0	0	1
Q6P2I0	Q6P2I0	uc002fij.3	protein_coding	0	1	0	11	0	0	0	0	11	0	0	0	0	0	0	0	0	0	1	0
Q6P2I0	Q6P2I0	uc010vof.2	protein_coding	0	1	0	11	0	0	0	0	11	0	0	0	0	0	0	0	0	0	1	0
Q6P2Q9	Q6P2Q9	uc002fte.3	protein_coding	0	5	0	11	0	0	0	2	10	0	0	0	0	1	0	0	0	0	4	0
Q6P387	Q6P387	uc002fgc.4	protein_coding	0	1	0	1	1	0	0	0	0	0	0	0	0	0	0	0	0	0	1	0
Q6P387-2	Q6P387-2	uc010chf.3	protein_coding	0	1	0	1	0	0	0	0	1	0	0	0	0	0	0	0	0	0	1	0
Q6P4D7	Q6P4D7	uc002bjq.3	protein_coding	0	0	0	5	0	0	0	1	4	0	0	0	0	0	0	0	0	0	0	0
Q6P4E1	Q6P4E1	uc001zto.2	protein_coding	0	1	0	4	0	0	0	0	4	0	0	0	0	0	0	0	0	0	1	0
Q6P4E1-2	Q6P4E1-2	uc001ztq.3	protein_coding	0	1	0	4	0	0	0	0	4	0	0	0	0	0	0	0	0	0	1	0
Q6P4F7	Q6P4F7	uc001zgy.1	protein_coding	0	0	0	2	0	0	0	0	1	0	0	0	0	0	0	0	0	0	0	1
Q6P4F7	Q6P4F7	uc010ubw.1	protein_coding	0	0	0	2	0	0	0	0	2	0	0	0	0	0	0	0	0	0	0	0
Q6P4F7	Q6P4F7	uc010ubx.1	protein_coding	0	0	0	2	0	0	0	0	1	0	0	0	0	0	0	0	0	0	0	1
Q6P4G0	Q6P4G0	uc010dgk.3	protein_coding	0	3	1	18	0	0	0	4	15	1	0	0	0	1	0	0	0	0	2	0
Q6P4I2	Q6P4I2	uc002bkw.2	protein_coding	0	2	0	7	1	0	0	0	1	0	0	0	0	0	0	0	0	0	2	5
Q6P531	Q6P531	uc002fyd.4	protein_coding	0	0	1	5	0	0	0	4	0	1	0	0	0	0	0	0	0	0	0	1
Q6P531	Q6P531	uc010vsb.2	protein_coding	0	0	0	6	0	0	1	4	0	0	0	0	0	0	0	0	0	0	0	1
Q6P531-2	Q6P531-2	uc002fyc.4	protein_coding	0	0	1	5	0	0	0	4	0	1	0	0	0	0	0	0	0	0	0	1
Q6P587	Q6P587	uc002cnc.1	protein_coding	0	1	0	17	9	0	0	3	0	0	0	0	0	0	0	0	0	0	1	5
Q6P587-2	Q6P587-2	uc010brz.3	protein_coding	0	1	0	40	3	0	0	10	22	0	0	0	0	0	0	0	0	0	1	5
Q6P5P9	Q6P5P9	uc002cpz.1	protein_coding	0	1	0	9	0	1	3	0	3	0	0	0	0	0	0	0	0	0	0	3
Q6P656	Q6P656	uc002bgb.3	protein_coding	0	1	0	4	0	0	0	0	2	0	0	0	0	1	0	0	0	0	0	3
Q6P656	Q6P656	uc010blp.1	protein_coding	0	1	0	7	0	0	0	0	8	0	0	0	0	1	0	0	0	0	0	0
Q6P6C2	Q6P6C2	uc010cpw.3	protein_coding	0	1	0	7	3	0	0	0	3	0	0	0	0	0	0	0	0	0	1	1
Q6P6D3	Q6P6D3	uc002knk.3	protein_coding	0	0	1	14	0	0	2	0	9	1	0	0	0	0	0	0	0	0	0	3
Q6P6D3	Q6P6D3	uc002knl.3	protein_coding	0	0	2	20	0	0	1	0	18	2	0	0	0	0	0	0	0	0	0	1
Q6P988	Q6P988	uc010wvg.2	protein_coding	0	0	0	6	0	0	0	0	6	0	0	0	0	0	0	0	0	0	0	0
Q6P996	Q6P996	uc002dda.4	protein_coding	0	3	2	31	1	0	0	7	24	2	0	0	0	1	0	0	0	0	2	0
Q6P996	Q6P996	uc010uzl.2	protein_coding	0	3	2	31	1	0	0	7	24	2	0	0	0	1	0	0	0	0	2	0
Q6P996-2	Q6P996-2	uc002dcz.3	protein_coding	0	1	2	20	1	0	0	4	15	2	0	0	0	0	0	0	0	0	1	0
Q6P9B6	Q6P9B6	uc002fib.3	protein_coding	0	2	3	13	4	0	0	0	7	3	0	0	0	0	0	0	0	0	2	2
Q6PCB6	Q6PCB6	uc002bfu.3	protein_coding	0	1	0	0	0	0	0	0	0	0	0	0	0	0	0	0	0	0	1	0
Q6PCB6-2	Q6PCB6-2	uc002bft.3	protein_coding	0	1	0	0	0	0	0	0	0	0	0	0	0	0	0	0	0	0	1	0
Q6PCC5	Q6PCC5	uc002jlv.1	protein_coding	0	1	0	1	0	0	0	0	0	0	0	0	0	0	0	0	0	0	1	1
Q6PCD5	Q6PCD5	uc002fda.3	protein_coding	0	2	2	9	0	0	0	0	8	2	0	0	0	0	0	0	0	0	2	1
Q6PCD5	Q6PCD5	uc010cgq.3	protein_coding	0	2	2	9	0	0	0	0	8	2	0	0	0	0	0	0	0	0	2	1
Q6PCT2	Q6PCT2	uc002dzz.1	protein_coding	0	0	0	4	0	0	0	2	2	0	0	0	0	0	0	0	0	0	0	0
Q6PCT2	Q6PCT2	uc002eab.2	protein_coding	0	0	1	3	0	0	0	2	1	1	0	0	0	0	0	0	0	0	0	0
Q6PCT2-2	Q6PCT2-2	uc002eaa.2	protein_coding	0	0	1	3	0	0	0	2	1	1	0	0	0	0	0	0	0	0	0	0
Q6PD74	Q6PD74	uc002aqk.5	protein_coding	0	0	1	6	0	0	0	0	5	1	0	0	0	0	0	0	0	0	0	1
Q6PEW0	Q6PEW0	uc002enf.3	protein_coding	0	1	1	5	1	0	0	2	1	1	0	0	0	0	0	0	0	0	1	1
Q6PEW0	Q6PEW0	uc002eng.3	protein_coding	0	1	1	5	1	0	0	2	1	1	0	0	0	0	0	0	0	0	1	1
Q6PEW0	Q6PEW0	uc010vie.2	protein_coding	0	0	1	6	1	0	1	2	1	1	0	0	0	0	0	0	0	0	0	1
Q6PFW1	Q6PFW1	uc001zrw.3	protein_coding	0	0	0	4	1	0	0	2	1	0	0	0	0	0	0	0	0	0	0	0
Q6PFW1-3	Q6PFW1-3	uc001zry.4	protein_coding	0	0	0	4	1	0	0	2	1	0	0	0	0	0	0	0	0	0	0	0
Q6PFW1-3	Q6PFW1-3	uc021sjw.1	protein_coding	0	0	0	4	1	0	0	2	1	0	0	0	0	0	0	0	0	0	0	0
Q6PFW1-3	Q6PFW1-3.2	uc010bdn.1	protein_coding	0	0	0	1	0	0	0	0	1	0	0	0	0	0	0	0	0	0	0	0
Q6PFW1-7	Q6PFW1-7	uc001zrx.2	protein_coding	0	0	0	4	1	0	0	2	1	0	0	0	0	0	0	0	0	0	0	0
Q6PG43	Q6PG43	uc001zxt.3	protein_coding	0	1	1	3	2	0	0	0	1	1	0	0	0	0	0	0	0	0	1	0
Q6PG48	Q6PG48	uc010wzn.2	protein_coding	0	0	0	1	0	0	0	0	1	0	0	0	0	0	0	0	0	0	0	0
Q6PGR4	Q6PGR4	uc010coz.2	protein_coding	0	0	0	4	0	0	0	0	4	0	0	0	0	0	0	0	0	0	0	0
Q6PHR2	Q6PHR2	uc010bkf.1	protein_coding	0	0	0	3	0	0	0	0	3	0	0	0	0	0	0	0	0	0	0	0
Q6PHR2	Q6PHR2	uc010uls.1	protein_coding	0	0	0	3	0	0	0	0	3	0	0	0	0	0	0	0	0	0	0	0
Q6PHR2-3	Q6PHR2-3	uc002ayv.2	protein_coding	0	0	0	3	0	0	0	0	3	0	0	0	0	0	0	0	0	0	0	0
Q6PI57	Q6PI57	uc002aso.2	protein_coding	0	5	0	12	0	0	0	0	13	0	0	0	0	1	0	0	0	0	4	0
Q6PI98	Q6PI98	uc002kyx.4	protein_coding	0	1	0	4	1	0	0	0	2	0	0	0	0	0	0	0	0	0	1	1
Q6PI98	Q6PI98	uc002kyy.4	protein_coding	0	1	0	4	1	0	0	0	3	0	0	0	0	0	0	0	0	0	1	0
Q6PI98-3	Q6PI98-3	uc002kyw.1	protein_coding	0	0	0	5	0	0	0	0	5	0	0	0	0	0	0	0	0	0	0	0
Q6PID9	Q6PID9	uc002bmx.3	protein_coding	0	3	0	12	0	0	0	4	8	0	0	0	0	0	0	0	0	0	3	0
Q6PII5	Q6PII5	uc002cjl.1	protein_coding	0	0	0	3	0	0	0	3	0	0	0	0	0	0	0	0	0	0	0	0
Q6PII5-2	Q6PII5-2	uc002cjo.1	protein_coding	0	0	0	3	0	0	0	3	0	0	0	0	0	0	0	0	0	0	0	0
Q6PII5-3	Q6PII5-3	uc002cjn.1	protein_coding	0	0	0	3	0	0	0	3	0	0	0	0	0	0	0	0	0	0	0	0
Q6PJ21	Q6PJ21	uc002cmt.3	protein_coding	0	1	0	13	0	0	1	2	3	0	0	0	0	0	0	0	0	0	1	7
Q6PJ21	Q6PJ21	uc002cmu.3	protein_coding	0	1	0	13	0	0	0	2	4	0	0	0	0	0	0	0	0	0	1	7
Q6PJ65	Q6PJ65	uc002kaw.2	protein_coding	0	3	3	6	0	0	1	2	3	3	0	0	0	0	0	0	0	0	3	0
Q6PJ65	Q6PJ65	uc021ufc.1	protein_coding	0	3	4	3	0	0	0	0	3	4	0	0	0	0	0	0	0	0	3	0
Q6PJ69	Q6PJ69	uc002jpx.4	protein_coding	0	2	2	6	0	0	0	0	3	2	0	0	0	0	0	0	0	0	2	3
Q6PJF5	Q6PJF5	uc002jrq.2	protein_coding	0	2	1	11	0	0	0	1	11	1	0	0	0	1	0	0	0	0	1	0
Q6PJF5-2	Q6PJF5-2	uc021udh.1	protein_coding	0	2	0	12	0	0	0	1	11	0	0	0	0	1	0	0	0	0	1	1
Q6PJI9	Q6PJI9	uc002fdg.1	protein_coding	0	2	1	9	0	0	0	0	7	1	0	0	0	0	0	0	0	0	2	2
Q6PJI9	Q6PJI9	uc002fdh.1	protein_coding	0	2	1	13	0	0	0	0	13	1	0	0	0	0	0	0	0	0	2	0
Q6PJI9	Q6PJI9	uc002fdi.3	protein_coding	0	2	1	9	0	0	0	0	9	1	0	0	0	0	0	0	0	0	2	0
Q6PJI9-4	Q6PJI9-4	uc002fdf.1	protein_coding	0	0	0	8	0	0	0	0	4	0	0	0	0	0	0	0	0	0	0	4
Q6PJP3	Q6PJP3	uc002huu.4	protein_coding	0	0	0	8	0	0	0	0	7	0	0	0	0	0	0	0	0	0	0	1
Q6PK04	Q6PK04	uc002kbc.4	protein_coding	0	2	3	4	0	0	0	1	3	3	0	0	0	0	0	0	0	0	2	0
Q6PK18	Q6PK18	uc002keu.2	protein_coding	0	0	0	2	0	0	0	0	1	0	0	0	0	0	0	0	0	0	0	1
Q6PK18-2	Q6PK18-2	uc002ket.2	protein_coding	0	0	0	2	0	0	0	0	1	0	0	0	0	0	0	0	0	0	0	1
Q6PK57	Q6PK57	uc002azx.1	protein_coding	0	0	0	13	3	0	0	5	4	0	0	0	0	0	0	0	0	0	0	1
Q6PKC3	Q6PKC3	uc010buu.1	protein_coding	0	1	1	18	0	0	0	10	8	1	0	0	0	0	0	0	0	0	1	0
Q6PKC3-2	Q6PKC3-2	uc002dbg.1	protein_coding	0	1	1	18	0	0	0	10	8	1	0	0	0	0	0	0	0	0	1	0
Q6PKX4	Q6PKX4	uc002lkl.3	protein_coding	0	1	0	5	0	0	0	0	5	0	0	0	0	0	0	0	0	0	1	0
Q6PL45	Q6PL45	uc010bsh.3	protein_coding	0	0	1	8	0	0	0	1	2	1	0	0	0	0	0	0	0	0	0	5
Q6PL45-2	Q6PL45-2	uc002cpi.2	protein_coding	0	0	1	8	0	0	0	1	2	1	0	0	0	0	0	0	0	0	0	5
Q6PRD1	Q6PRD1	uc002hpz.3	protein_coding	0	3	5	3	0	0	0	1	2	5	0	0	0	0	0	0	0	0	3	0
Q6PRD7	Q6PRD7	uc002cqr.3	protein_coding	0	0	0	1	0	0	0	0	0	0	0	0	0	0	0	0	0	0	0	1
Q6Q0C0	Q6Q0C0	uc002cow.3	protein_coding	0	1	0	20	1	0	0	2	15	0	0	0	0	1	0	0	0	0	0	3
Q6QAJ8	Q6QAJ8	uc002gmx.3	protein_coding	0	0	0	15	1	0	1	5	8	0	0	0	0	0	0	0	0	0	0	0
Q6QAJ8-2	Q6QAJ8-2	uc002gmy.3	protein_coding	0	0	0	15	1	0	1	5	8	0	0	0	0	0	0	0	0	0	0	0
Q6QEF8-2	Q6QEF8-2	uc031qzr.1	protein_coding	0	0	0	4	1	0	0	3	0	0	0	0	0	0	0	0	0	0	0	0
Q6QEF8-4	Q6QEF8-4	uc002hem.3	protein_coding	0	0	0	4	1	0	0	3	0	0	0	0	0	0	0	0	0	0	0	0
Q6QEF8-4	Q6QEF8-4	uc002hen.3	protein_coding	0	0	0	4	1	0	0	3	0	0	0	0	0	0	0	0	0	0	0	0
Q6QEF8-5	Q6QEF8-5	uc002hel.2	protein_coding	0	0	0	4	1	0	0	3	0	0	0	0	0	0	0	0	0	0	0	0
Q6RVD6	Q6RVD6	uc002bue.3	protein_coding	0	0	0	3	1	0	1	0	1	0	0	0	0	0	0	0	0	0	0	0
Q6S5H4	Q6S5H4	uc031qqz.1	protein_coding	0	1	2	11	0	0	0	1	10	2	0	0	0	0	0	0	0	0	1	0
Q6S5H4	Q6S5H4.2	uc031qra.1	protein_coding	0	0	1	8	0	0	0	0	8	1	0	0	0	0	0	0	0	0	0	0
Q6S5L8	Q6S5L8	uc001zxb.1	protein_coding	0	1	0	10	1	0	0	0	9	0	0	0	0	0	0	0	0	0	1	0
Q6S5L8	Q6S5L8	uc010uez.1	protein_coding	0	1	0	8	1	0	0	0	6	0	0	0	0	0	0	0	0	0	1	1
Q6S5L8-2	Q6S5L8-2	uc010uey.1	protein_coding	0	1	0	8	1	0	0	0	6	0	0	0	0	0	0	0	0	0	1	1
Q6SZW1	Q6SZW1	uc010crl.1	protein_coding	0	1	5	15	2	0	0	0	2	5	0	0	0	0	0	0	0	0	1	11
Q6TME4	Q6TME4	uc002hrp.2	protein_coding	0	0	0	6	0	0	0	1	3	0	0	0	0	0	0	0	0	0	0	2
Q6TME4	Q6TME4	uc010web.1	protein_coding	0	0	0	4	0	0	0	2	0	0	0	0	0	0	0	0	0	0	0	2
Q6UB98	Q6UB98	uc002knv.3	protein_coding	0	1	1	2	0	0	0	0	2	1	0	0	0	0	0	0	0	0	1	0
Q6UB98	Q6UB98	uc010dkx.1	protein_coding	0	1	1	1	0	0	0	0	1	1	0	0	0	0	0	0	0	0	1	0
Q6UB98-2	Q6UB98-2	uc002knw.3	protein_coding	0	1	1	2	0	0	0	0	2	1	0	0	0	0	0	0	0	0	1	0
Q6UB98-2	Q6UB98-2	uc002knx.3	protein_coding	0	1	1	2	0	0	0	0	2	1	0	0	0	0	0	0	0	0	1	0
Q6UB99	Q6UB99	uc002fmx.2	protein_coding	0	2	2	10	0	0	0	0	10	2	0	0	0	0	0	0	0	0	2	0
Q6UB99	Q6UB99	uc002fmy.2	protein_coding	0	2	2	10	0	0	0	0	10	2	0	0	0	0	0	0	0	0	2	0
Q6UB99	Q6UB99	uc002fnb.1	protein_coding	0	2	2	5	0	0	0	3	2	2	0	0	0	0	0	0	0	0	2	0
Q6UB99	Q6UB99	uc002fnc.2	protein_coding	0	2	2	10	0	0	0	0	10	2	0	0	0	0	0	0	0	0	2	0
Q6URK8	Q6URK8	uc002emw.4	protein_coding	0	0	1	3	0	0	0	0	3	1	0	0	0	0	0	0	0	0	0	0
Q6URK8-2	Q6URK8-2	uc002emv.4	protein_coding	0	0	1	3	0	0	0	0	3	1	0	0	0	0	0	0	0	0	0	0
Q6UUV7	Q6UUV7	uc002bpp.4	protein_coding	0	0	1	25	3	0	0	1	21	1	0	0	0	0	0	0	0	0	0	0
Q6UUV7-3	Q6UUV7-3	uc002bpo.4	protein_coding	0	0	1	25	3	0	0	1	21	1	0	0	0	0	0	0	0	0	0	0
Q6UVK1	Q6UVK1	uc002baw.3	protein_coding	0	0	1	2	1	0	0	0	1	1	0	0	0	0	0	0	0	0	0	0
Q6UW49	Q6UW49	uc002arn.2	protein_coding	0	0	1	0	0	0	0	0	0	1	0	0	0	0	0	0	0	0	0	0
Q6UWF3	Q6UWF3	uc002gbh.3	protein_coding	0	0	0	4	0	0	0	0	3	0	0	0	0	0	0	0	0	0	0	1
Q6UWF3-2	Q6UWF3-2	uc002gbi.3	protein_coding	0	0	0	4	0	0	0	0	3	0	0	0	0	0	0	0	0	0	0	1
Q6UWM7	Q6UWM7	uc002aqc.3	protein_coding	0	0	0	8	0	0	1	0	6	0	0	0	0	0	0	0	0	0	0	1
Q6UWM7	Q6UWM7	uc002aqd.4	protein_coding	0	0	0	8	0	0	0	0	8	0	0	0	0	0	0	0	0	0	0	0
Q6UWP2	Q6UWP2	uc002hnd.3	protein_coding	0	1	0	5	0	0	0	1	3	0	0	0	0	0	0	0	0	0	1	1
Q6UWV6	Q6UWV6	uc002jxa.3	protein_coding	0	2	1	8	0	0	0	0	7	1	0	0	0	0	0	0	0	0	2	1
Q6UX07	Q6UX07	uc002hdd.4	protein_coding	0	0	1	2	0	0	0	1	1	1	0	0	0	0	0	0	0	0	0	0
Q6UX07	Q6UX07	uc002hde.4	protein_coding	0	0	1	2	0	0	0	1	1	1	0	0	0	0	0	0	0	0	0	0
Q6UX52	Q6UX52	uc002jus.4	protein_coding	0	0	1	11	0	0	0	0	10	1	0	0	0	0	0	0	0	0	0	1
Q6UX72	Q6UX72	uc002erf.3	protein_coding	0	0	0	2	0	0	0	2	0	0	0	0	0	0	0	0	0	0	0	0
Q6UX72	Q6UX72	uc021tka.1	protein_coding	0	0	0	2	0	0	0	2	0	0	0	0	0	0	0	0	0	0	0	0
Q6UX73	Q6UX73	uc010bud.3	protein_coding	0	1	0	9	1	0	0	0	8	0	0	0	0	0	0	0	0	0	1	0
Q6UX73-2	Q6UX73-2	uc002cyk.4	protein_coding	0	1	0	9	1	0	0	0	8	0	0	0	0	0	0	0	0	0	1	0
Q6UXD5	Q6UXD5	uc002duq.4	protein_coding	0	1	1	7	0	0	0	0	7	1	0	0	0	0	0	0	0	0	1	0
Q6UXD5-2	Q6UXD5-2	uc002dur.4	protein_coding	0	1	0	8	0	0	0	0	8	0	0	0	0	0	0	0	0	0	1	0
Q6UXD5-3	Q6UXD5-3	uc002dup.4	protein_coding	0	1	0	8	0	0	0	0	8	0	0	0	0	0	0	0	0	0	1	0
Q6UXF7	Q6UXF7	uc002fct.3	protein_coding	0	1	4	26	0	0	1	0	23	4	0	0	0	0	0	0	0	0	1	2
Q6UXF7	Q6UXF7	uc002fcu.3	protein_coding	0	1	4	26	0	0	1	0	23	4	0	0	0	0	0	0	0	0	1	2
Q6UXF7-2	Q6UXF7-2	uc010vmu.1	protein_coding	0	0	1	30	12	0	1	8	7	1	0	0	0	0	0	0	0	0	0	2
Q6UXG3	Q6UXG3	uc002iem.3	protein_coding	0	0	1	5	0	0	0	0	5	1	0	0	0	0	0	0	0	0	0	0
Q6UXG3-2	Q6UXG3-2	uc002iel.2	protein_coding	0	0	1	5	0	0	0	2	3	1	0	0	0	0	0	0	0	0	0	0
Q6UXG3-3	Q6UXG3-3	uc010czl.3	protein_coding	0	0	1	5	2	0	0	0	3	1	0	0	0	0	0	0	0	0	0	0
Q6UXH8	Q6UXH8	uc002lia.3	protein_coding	0	0	0	5	1	0	0	0	4	0	0	0	0	0	0	0	0	0	0	0
Q6UXH8	Q6UXH8	uc002lib.3	protein_coding	0	0	0	15	1	0	0	0	14	0	0	0	0	0	0	0	0	0	0	0
Q6UXH8-2	Q6UXH8-2	uc010dpq.3	protein_coding	0	0	0	5	1	0	0	0	4	0	0	0	0	0	0	0	0	0	0	0
Q6UXK2	Q6UXK2	uc002axd.3	protein_coding	0	0	0	1	0	0	0	0	0	0	0	0	0	0	0	0	0	0	0	1
Q6UXK2	Q6UXK2	uc002axe.3	protein_coding	0	0	0	1	0	0	0	0	0	0	0	0	0	0	0	0	0	0	0	1
Q6UXK2	Q6UXK2	uc010bjf.3	protein_coding	0	0	0	1	0	0	0	0	0	0	0	0	0	0	0	0	0	0	0	1
Q6UXK2	Q6UXK2	uc010bjg.3	protein_coding	0	0	0	1	0	0	0	0	0	0	0	0	0	0	0	0	0	0	0	1
Q6UXK2	Q6UXK2	uc021sqe.1	protein_coding	0	0	0	1	0	0	0	0	0	0	0	0	0	0	0	0	0	0	0	1
Q6UXQ9	Q6UXQ9	uc002fia.3	protein_coding	0	1	0	17	0	0	0	1	11	0	0	0	0	0	0	0	0	0	1	5
Q6UXS0	Q6UXS0	uc002dga.5	protein_coding	0	1	0	8	1	0	0	3	3	0	0	0	0	0	0	0	0	0	1	1
Q6UXT9	Q6UXT9	uc002hed.2	protein_coding	0	1	1	2	1	0	0	0	0	1	0	0	0	0	0	0	0	0	1	1
Q6UXU4	Q6UXU4	uc002doz.2	protein_coding	0	1	0	15	0	0	0	0	15	0	0	0	0	0	0	0	0	0	1	0
Q6UXU4-3	Q6UXU4-3	uc010bya.1	protein_coding	0	1	0	15	0	0	0	0	15	0	0	0	0	0	0	0	0	0	1	0
Q6UXU4-4	Q6UXU4-4	uc010bxz.1	protein_coding	0	0	0	10	0	0	0	0	10	0	0	0	0	0	0	0	0	0	0	0
Q6UXU6	Q6UXU6	uc002iqn.2	protein_coding	0	1	1	0	0	0	0	0	0	1	0	0	0	0	0	0	0	0	1	0
Q6UXU6	Q6UXU6	uc021tzz.1	protein_coding	0	1	1	0	0	0	0	0	0	1	0	0	0	0	0	0	0	0	1	0
Q6UXY8	Q6UXY8	uc002dgc.4	protein_coding	0	0	1	22	2	0	0	1	19	1	0	0	0	0	0	0	0	0	0	0
Q6UXY8	Q6UXY8	uc002dgg.4	protein_coding	0	0	0	17	2	0	0	1	14	0	0	0	0	0	0	0	0	0	0	0
Q6UXY8	Q6UXY8	uc010var.2	protein_coding	0	0	1	22	2	0	0	1	19	1	0	0	0	0	0	0	0	0	0	0
Q6UXY8-2	Q6UXY8-2	uc002dgb.4	protein_coding	0	0	1	22	2	0	0	1	19	1	0	0	0	0	0	0	0	0	0	0
Q6UXY8-3	Q6UXY8-3	uc002dge.4	protein_coding	0	0	1	16	2	0	0	1	13	1	0	0	0	0	0	0	0	0	0	0
Q6UXZ0	Q6UXZ0	uc002hfa.1	protein_coding	0	0	0	1	0	0	0	0	1	0	0	0	0	0	0	0	0	0	0	0
Q6UXZ0-2	Q6UXZ0-2	uc010csh.1	protein_coding	0	0	0	1	0	0	0	0	1	0	0	0	0	0	0	0	0	0	0	0
Q6UXZ3	Q6UXZ3	uc002jkz.2	protein_coding	0	0	2	6	0	0	0	0	2	2	0	0	0	0	0	0	0	0	0	4
Q6V1X1	Q6V1X1	uc002aov.3	protein_coding	0	0	0	3	0	0	0	0	3	0	0	0	0	0	0	0	0	0	0	0
Q6V1X1	Q6V1X1	uc002aow.3	protein_coding	0	0	0	3	0	0	0	0	3	0	0	0	0	0	0	0	0	0	0	0
Q6V1X1	Q6V1X1	uc010bhj.3	protein_coding	0	0	0	3	0	0	0	0	3	0	0	0	0	0	0	0	0	0	0	0
Q6V1X1-2	Q6V1X1-2	uc002aoy.3	protein_coding	0	0	0	3	0	0	0	0	3	0	0	0	0	0	0	0	0	0	0	0
Q6V1X1-4	Q6V1X1-4	uc002aoz.3	protein_coding	0	0	0	3	0	0	0	0	3	0	0	0	0	0	0	0	0	0	0	0
Q6V703	Q6V703	uc001zjj.3	protein_coding	0	1	0	1	0	0	0	0	1	0	0	0	0	0	0	0	0	0	1	0
Q6V703	Q6V703	uc001zjk.3	protein_coding	0	1	0	1	0	0	0	0	1	0	0	0	0	0	0	0	0	0	1	0
Q6VN20	Q6VN20	uc002eud.3	protein_coding	0	0	0	3	1	0	0	0	1	0	0	0	0	0	0	0	0	0	0	1
Q6VN20	Q6VN20	uc010ceo.3	protein_coding	0	0	0	3	1	0	0	0	1	0	0	0	0	0	0	0	0	0	0	1
Q6VU69	Q6VU69	uc002kut.4	protein_coding	0	2	2	14	2	0	0	0	14	2	0	0	0	2	0	0	0	0	0	0
Q6WCQ1	Q6WCQ1	uc002gqu.2	protein_coding	0	0	0	8	0	0	0	0	8	0	0	0	0	0	0	0	0	0	0	0
Q6WCQ1-2	Q6WCQ1-2	uc002gqv.2	protein_coding	0	0	0	8	0	0	0	0	8	0	0	0	0	0	0	0	0	0	0	0
Q6WMU8	Q6WMU8	uc002cux.4	protein_coding	0	0	0	5	0	0	0	0	1	0	0	0	0	0	0	0	0	0	0	4
Q6X784	Q6X784	uc002hte.3	protein_coding	0	0	1	10	1	0	0	0	7	1	0	0	0	0	0	0	0	0	0	2
Q6X784-2	Q6X784-2	uc002htf.3	protein_coding	0	0	1	10	1	0	0	0	7	1	0	0	0	0	0	0	0	0	0	2
Q6ZMC9	Q6ZMC9	uc002lbl.1	protein_coding	0	0	1	5	0	0	0	2	3	1	0	0	0	0	0	0	0	0	0	0
Q6ZMD2	Q6ZMD2	uc002fxt.3	protein_coding	0	0	0	23	1	0	0	1	21	0	0	0	0	0	0	0	0	0	0	0
Q6ZMD2-2	Q6ZMD2-2	uc002fxu.3	protein_coding	0	0	0	23	1	0	0	1	21	0	0	0	0	0	0	0	0	0	0	0
Q6ZMF1	Q6ZMF1	uc002fcz.4	protein_coding	0	1	0	18	1	0	1	0	16	0	0	0	0	0	0	0	0	0	1	0
Q6ZMH6	Q6ZMH6	uc002jwr.4	protein_coding	0	3	0	4	0	0	0	0	4	0	0	0	0	0	0	0	0	0	3	0
Q6ZMH6	Q6ZMH6	uc002jwt.3	protein_coding	0	3	2	2	0	0	0	0	2	2	0	0	0	0	0	0	0	0	3	0
Q6ZMI3	Q6ZMI3	uc002aba.3	protein_coding	0	1	0	1	0	0	0	0	2	0	0	0	0	1	0	0	0	0	0	0
Q6ZMI3	Q6ZMI3	uc002abb.3	protein_coding	0	1	0	1	0	0	0	0	2	0	0	0	0	1	0	0	0	0	0	0
Q6ZMJ4	Q6ZMJ4	uc002ezh.2	protein_coding	0	0	1	3	0	0	1	2	0	1	0	0	0	0	0	0	0	0	0	0
Q6ZMJ4	Q6ZMJ4	uc021tkk.1	protein_coding	0	0	1	3	0	0	1	2	0	1	0	0	0	0	0	0	0	0	0	0
Q6ZMJ4-2	Q6ZMJ4-2	uc002ezi.2	protein_coding	0	0	1	3	0	0	1	2	0	1	0	0	0	0	0	0	0	0	0	0
Q6ZMP0	Q6ZMP0	uc002atb.1	protein_coding	0	1	0	26	1	0	0	0	25	0	0	0	0	0	0	0	0	0	1	0
Q6ZMQ8	Q6ZMQ8	uc010dia.3	protein_coding	0	1	0	24	0	0	0	1	21	0	0	0	0	0	0	0	0	0	1	2
Q6ZMT1	Q6ZMT1	uc002hrs.3	protein_coding	0	0	0	7	1	0	1	0	5	0	0	0	0	0	0	0	0	0	0	0
Q6ZMT1	Q6ZMT1	uc010cvt.3	protein_coding	0	0	0	7	1	0	1	0	5	0	0	0	0	0	0	0	0	0	0	0
Q6ZMU5	Q6ZMU5	uc002ebn.2	protein_coding	0	2	0	6	0	0	0	0	6	0	0	0	0	0	0	0	0	0	2	0
Q6ZMZ1	Q6ZMZ1	uc002iiu.1	protein_coding	0	1	1	3	1	0	0	0	2	1	0	0	0	0	0	0	0	0	1	0
Q6ZN04	Q6ZN04	uc002bgq.2	protein_coding	0	0	0	1	1	0	0	0	0	0	0	0	0	0	0	0	0	0	0	0
Q6ZN40	Q6ZN40	uc002alm.3	protein_coding	0	0	0	10	2	0	0	0	8	0	0	0	0	0	0	0	0	0	0	0
Q6ZN54	Q6ZN54	uc002fpn.2	protein_coding	0	0	0	6	2	0	0	3	1	0	0	0	0	0	0	0	0	0	0	0
Q6ZN54	Q6ZN54	uc002fpo.2	protein_coding	0	0	0	6	2	0	0	3	1	0	0	0	0	0	0	0	0	0	0	0
Q6ZN54	Q6ZN54	uc021tmv.1	protein_coding	0	0	0	6	2	0	0	3	1	0	0	0	0	0	0	0	0	0	0	0
Q6ZN54-2	Q6ZN54-2	uc002fpl.3	protein_coding	0	0	0	1	0	0	0	0	1	0	0	0	0	0	0	0	0	0	0	0
Q6ZN54-2	Q6ZN54-2	uc002fpm.3	protein_coding	0	0	0	1	0	0	0	0	1	0	0	0	0	0	0	0	0	0	0	0
Q6ZN54-2	Q6ZN54-2	uc021tmu.1	protein_coding	0	0	0	1	0	0	0	0	1	0	0	0	0	0	0	0	0	0	0	0
Q6ZN54-3	Q6ZN54-3	uc002fpp.2	protein_coding	0	0	0	6	2	0	0	3	1	0	0	0	0	0	0	0	0	0	0	0
Q6ZNA4	Q6ZNA4	uc002afv.4	protein_coding	0	2	0	9	1	0	0	0	8	0	0	0	0	0	0	0	0	0	2	0
Q6ZNA4	Q6ZNA4	uc002afx.4	protein_coding	0	1	0	6	1	0	0	0	5	0	0	0	0	0	0	0	0	0	1	0
Q6ZNA4-2	Q6ZNA4-2	uc002afs.4	protein_coding	0	2	0	9	1	0	0	0	8	0	0	0	0	0	0	0	0	0	2	0
Q6ZNA4-3	Q6ZNA4-3	uc002afw.4	protein_coding	0	2	0	8	1	0	0	0	7	0	0	0	0	0	0	0	0	0	2	0
Q6ZNG9	Q6ZNG9	uc002glf.1	protein_coding	0	0	0	4	1	0	0	0	1	0	0	0	0	0	0	0	0	0	0	2
Q6ZNG9	Q6ZNG9	uc002glg.1	protein_coding	0	0	0	4	1	0	0	0	3	0	0	0	0	0	0	0	0	0	0	0
Q6ZNL0	Q6ZNL0	uc002ddh.2	protein_coding	0	1	2	14	1	1	1	0	7	2	0	0	0	0	0	0	0	0	0	5
Q6ZNL0	Q6ZNL0	uc010uzt.2	protein_coding	0	1	1	10	0	1	1	1	3	1	0	0	0	0	0	0	0	0	0	5
Q6ZNQ9	Q6ZNQ9	uc001zlc.3	protein_coding	0	0	0	6	0	0	0	0	4	0	0	0	0	0	0	0	0	0	0	2
Q6ZNT2	Q6ZNT2	uc002gzl.1	protein_coding	0	0	0	8	0	0	0	2	4	0	0	0	0	0	0	0	0	0	0	2
Q6ZNV2	Q6ZNV2	uc031qxk.1	protein_coding	0	1	0	1	0	0	0	1	0	0	0	0	0	0	0	0	0	0	1	0
Q6ZNW5	Q6ZNW5	uc002bpc.3	protein_coding	0	0	4	11	0	0	0	2	0	4	0	0	0	0	0	0	0	0	0	9
Q6ZNW5	Q6ZNW5	uc021suh.1	protein_coding	0	0	4	2	0	0	0	2	0	4	0	0	0	0	0	0	0	0	0	0
Q6ZP00	Q6ZP00	uc002jtr.2	protein_coding	0	0	0	6	1	0	0	2	2	0	0	0	0	0	0	0	0	0	0	1
Q6ZQX7-4	Q6ZQX7-4	uc021tna.1	protein_coding	0	3	3	3	0	0	0	1	2	3	0	0	0	0	0	0	0	0	3	0
Q6ZR64	Q6ZR64	uc031rel.1	protein_coding	0	1	0	3	0	0	0	0	3	0	0	0	0	0	0	0	0	0	1	0
Q6ZR85	Q6ZR85	uc002fzl.3	protein_coding	0	0	0	8	1	0	0	1	0	0	0	0	0	0	0	0	0	0	0	6
Q6ZR87	Q6ZR87	uc002ffa.3	protein_coding	0	2	0	5	3	0	0	0	0	0	0	0	0	0	0	0	0	0	2	2
Q6ZRI6	Q6ZRI6	uc002azp.4	protein_coding	0	3	3	2	0	0	0	2	0	3	0	0	0	0	0	0	0	0	3	0
Q6ZRS2	Q6ZRS2	uc002dze.1	protein_coding	0	2	0	3	0	0	0	0	3	0	0	0	0	0	0	0	0	0	2	0
Q6ZRS2-2	Q6ZRS2-2	uc002dzg.1	protein_coding	0	2	0	3	0	0	0	0	3	0	0	0	0	0	0	0	0	0	2	0
Q6ZRU5	Q6ZRU5	uc002gtv.3	protein_coding	0	1	0	8	3	0	0	4	0	0	0	0	0	0	0	0	0	0	1	1
Q6ZRY4	Q6ZRY4	uc002anq.3	protein_coding	0	1	0	5	0	0	0	0	6	0	0	0	0	1	0	0	0	0	0	0
Q6ZS02	Q6ZS02	uc010bow.3	protein_coding	0	2	3	42	0	0	1	26	13	3	0	0	0	1	0	0	0	0	1	3
Q6ZSG1	Q6ZSG1	uc002lby.1	protein_coding	0	0	0	7	0	0	0	1	6	0	0	0	0	0	0	0	0	0	0	0
Q6ZSG1	Q6ZSG1	uc002lcb.1	protein_coding	0	0	0	7	0	0	0	1	6	0	0	0	0	0	0	0	0	0	0	0
Q6ZSH3	Q6ZSH3	uc010vox.1	protein_coding	0	0	1	4	0	0	0	3	1	1	0	0	0	0	0	0	0	0	0	0
Q6ZSJ9	Q6ZSJ9	uc002gna.4	protein_coding	0	0	0	9	1	0	0	0	8	0	0	0	0	0	0	0	0	0	0	0
Q6ZSJ9-2	Q6ZSJ9-2	uc010com.3	protein_coding	0	0	0	9	1	0	0	0	8	0	0	0	0	0	0	0	0	0	0	0
Q6ZSJ9-3	Q6ZSJ9-3	uc002gnc.2	protein_coding	0	0	0	9	1	0	0	0	8	0	0	0	0	0	0	0	0	0	0	0
Q6ZT60	Q6ZT60	uc002fsh.1	protein_coding	0	0	0	34	0	0	0	6	27	0	0	0	0	0	0	0	0	0	0	1
Q6ZT90	Q6ZT90	uc010wuk.1	protein_coding	0	0	2	5	1	0	0	0	3	2	0	0	0	0	0	0	0	0	0	1
Q6ZTF9	Q6ZTF9	uc002amz.1	protein_coding	0	0	0	2	0	0	0	1	0	0	0	0	0	0	0	0	0	0	0	1
Q6ZTP6	Q6ZTP6	uc002guq.2	protein_coding	0	0	0	1	1	0	0	0	0	0	0	0	0	0	0	0	0	0	0	0
Q6ZTR7	Q6ZTR7	uc021tlz.1	protein_coding	0	0	0	6	0	0	0	0	6	0	0	0	0	0	0	0	0	0	0	0
Q6ZTR7	Q6ZTR7	uc021tma.1	protein_coding	0	0	0	6	0	0	0	0	6	0	0	0	0	0	0	0	0	0	0	0
Q6ZUB2	Q6ZUB2	uc002edh.1	protein_coding	0	0	0	1	0	0	0	0	1	0	0	0	0	0	0	0	0	0	0	0
Q6ZUB2	Q6ZUB2.2	uc010vgb.2	protein_coding	0	0	0	4	0	0	0	0	0	0	0	0	0	0	0	0	0	0	0	4
Q6ZUM4-4	Q6ZUM4-4	uc010dal.3	protein_coding	0	0	0	2	0	0	1	0	0	0	0	0	0	0	0	0	0	0	0	1
Q6ZUM4-4	Q6ZUM4-4	uc021tyk.1	protein_coding	0	0	0	1	0	0	0	0	0	0	0	0	0	0	0	0	0	0	0	1
Q6ZUT6	Q6ZUT6	uc001zlh.4	protein_coding	0	0	0	1	0	0	0	0	1	0	0	0	0	0	0	0	0	0	0	0
Q6ZUT6-2	Q6ZUT6-2	uc010ucn.2	protein_coding	0	0	0	1	0	0	0	0	0	0	0	0	0	0	0	0	0	0	0	1
Q6ZUT6-3	Q6ZUT6-3	uc001zli.1	protein_coding	0	1	0	1	0	1	1	0	0	0	0	0	0	0	0	0	0	0	0	0
Q6ZVB1	Q6ZVB1	uc001zcm.1	protein_coding	0	0	1	21	0	0	2	2	17	1	0	0	0	0	0	0	0	0	0	0
Q6ZVD8	Q6ZVD8	uc002fax.3	protein_coding	0	0	0	16	4	0	0	1	11	0	0	0	0	0	0	0	0	0	0	0
Q6ZVD8-3	Q6ZVD8-3	uc010cgf.3	protein_coding	0	0	0	16	4	0	0	1	11	0	0	0	0	0	0	0	0	0	0	0
Q6ZVJ0	Q6ZVJ0	uc002dey.2	protein_coding	0	0	2	13	0	0	1	0	2	2	0	0	0	0	0	0	0	0	0	10
Q6ZVJ0	Q6ZVJ0.2	uc010bvu.2	protein_coding	0	0	0	4	0	0	0	0	2	0	0	0	0	0	0	0	0	0	0	2
Q6ZVM7	Q6ZVM7	uc002grz.4	protein_coding	0	0	0	8	2	0	0	0	5	0	0	0	0	0	0	0	0	0	0	1
Q6ZVM7-2	Q6ZVM7-2	uc002gry.4	protein_coding	0	0	0	8	2	0	0	0	5	0	0	0	0	0	0	0	0	0	0	1
Q6ZVM7-3	Q6ZVM7-3	uc010cpr.3	protein_coding	0	0	0	8	2	0	0	0	5	0	0	0	0	0	0	0	0	0	0	1
Q6ZVQ0	Q6ZVQ0	uc002hrf.1	protein_coding	0	0	0	12	0	0	0	1	8	0	0	0	0	0	0	0	0	0	0	3
Q6ZW13	Q6ZW13	uc002ety.3	protein_coding	0	0	0	1	0	0	0	0	0	0	0	0	0	0	0	0	0	0	0	1
Q6ZW76	Q6ZW76	uc002cxi.2	protein_coding	0	0	0	4	0	0	0	0	3	0	0	0	0	0	0	0	0	0	0	1
Q6ZW76	Q6ZW76	uc002cxj.2	protein_coding	0	0	0	4	0	0	0	0	4	0	0	0	0	0	0	0	0	0	0	0
Q6ZW76	Q6ZW76	uc002cxk.3	protein_coding	0	0	0	4	0	0	0	0	4	0	0	0	0	0	0	0	0	0	0	0
Q6ZW76	Q6ZW76	uc010uxs.2	protein_coding	0	0	0	4	0	0	0	0	4	0	0	0	0	0	0	0	0	0	0	0
Q6ZW76	Q6ZW76	uc021tcj.1	protein_coding	0	0	0	4	0	0	0	0	4	0	0	0	0	0	0	0	0	0	0	0
Q6ZW98	Q6ZW98	uc002dwy.1	protein_coding	0	0	0	1	0	0	1	0	0	0	0	0	0	0	0	0	0	0	0	0
Q6ZWA7	Q6ZWA7	uc002cxm.3	protein_coding	0	0	0	4	1	0	0	0	3	0	0	0	0	0	0	0	0	0	0	0
Q6ZWJ1	Q6ZWJ1	uc002iuf.1	protein_coding	0	2	1	6	0	0	0	0	7	1	0	0	0	1	0	0	0	0	1	0
Q6ZWJ1-2	Q6ZWJ1-2	uc010dcc.1	protein_coding	1	0	1	5	1	0	0	0	5	1	0	1	0	0	0	0	0	0	0	0
Q6ZWP8	Q6ZWP8	uc002jrr.1	protein_coding	0	2	0	11	1	0	3	1	7	0	0	0	0	1	0	0	0	0	1	0
Q709C8	Q709C8	uc002agz.3	protein_coding	0	0	1	12	0	0	0	0	12	1	0	0	0	0	0	0	0	0	0	0
Q709C8-2	Q709C8-2	uc002ahb.2	protein_coding	0	0	1	12	0	0	0	0	12	1	0	0	0	0	0	0	0	0	0	0
Q709C8-3	Q709C8-3	uc002aha.3	protein_coding	0	0	1	12	0	0	0	0	12	1	0	0	0	0	0	0	0	0	0	0
Q709C8-4	Q709C8-4	uc002ahc.2	protein_coding	0	0	1	12	0	0	0	0	12	1	0	0	0	0	0	0	0	0	0	0
Q70CQ4	Q70CQ4	uc002dll.3	protein_coding	0	0	0	1	1	0	0	0	0	0	0	0	0	0	0	0	0	0	0	0
Q70EL3	Q70EL3	uc021skx.1	protein_coding	0	1	0	6	0	0	0	2	4	0	0	0	0	0	0	0	0	0	1	0
Q70EL4	Q70EL4	uc002gma.4	protein_coding	0	1	0	18	0	0	1	0	16	0	0	0	0	0	0	0	0	0	1	1
Q70EL4	Q70EL4	uc010cod.4	protein_coding	0	3	0	16	0	0	0	0	15	0	0	0	0	0	0	0	0	0	3	1
Q70EL4	Q70EL4	uc010coe.3	protein_coding	1	1	0	15	0	0	0	0	14	0	0	0	0	0	0	1	0	0	1	1
Q70EL4-2	Q70EL4-2	uc002gmc.4	protein_coding	0	0	0	6	0	0	0	0	6	0	0	0	0	0	0	0	0	0	0	0
Q70J99	Q70J99	uc002jpp.3	protein_coding	0	3	1	23	1	0	0	4	12	1	0	0	0	0	0	0	0	0	3	6
Q70J99	Q70J99	uc010wsk.1	protein_coding	0	1	1	21	0	0	0	5	10	1	0	0	0	0	0	0	0	0	1	6
Q70T18	Q70T18	uc010caj.1	protein_coding	0	1	0	6	0	0	0	1	1	0	0	0	0	0	0	0	0	0	1	4
Q70WD9	Q70WD9	uc002iyx.1	protein_coding	0	0	0	3	0	0	0	1	2	0	0	0	0	0	0	0	0	0	0	0
Q719H9	Q719H9	uc002kvw.4	protein_coding	0	0	0	7	2	0	1	1	3	0	0	0	0	0	0	0	0	0	0	0
Q719H9	Q719H9	uc010xbk.3	protein_coding	0	0	0	12	2	0	0	1	8	0	0	0	0	0	0	0	0	0	0	1
Q719H9	Q719H9	uc031rht.1	protein_coding	0	0	0	7	2	0	0	1	4	0	0	0	0	0	0	0	0	0	0	0
Q71MG5	Q71MG5	uc002jhn.3	protein_coding	0	0	2	4	0	0	0	2	2	2	0	0	0	0	0	0	0	0	0	0
Q71RA7	Q71RA7	uc002awy.3	protein_coding	0	0	2	6	1	0	0	0	4	2	0	0	0	0	0	0	0	0	0	1
Q71RC9	Q71RC9	uc002jow.2	protein_coding	0	0	0	12	0	0	0	0	0	0	0	0	0	0	0	0	0	0	0	12
Q71RG4	Q71RG4	uc002ifo.3	protein_coding	0	0	1	8	2	0	0	2	4	1	0	0	0	0	0	0	0	0	0	0
Q71RG4-4	Q71RG4-4	uc002ifr.3	protein_coding	0	0	0	9	3	0	0	2	4	0	0	0	0	0	0	0	0	0	0	0
Q71RG4-4	Q71RG4-4	uc002ifx.3	protein_coding	0	0	0	9	3	0	0	2	3	0	0	0	0	0	0	0	0	0	0	1
Q71RH2	Q71RH2	uc002dvt.3	protein_coding	0	1	0	3	0	0	1	2	0	0	0	0	0	0	0	0	0	0	1	0
Q71RS6	Q71RS6	uc001zwe.3	protein_coding	0	0	1	1	0	0	0	0	1	1	0	0	0	0	0	0	0	0	0	0
Q71UM5	Q71UM5	uc002aly.3	protein_coding	0	0	0	1	0	0	0	0	1	0	0	0	0	0	0	0	0	0	0	0
Q765P7	Q765P7	uc002ezj.3	protein_coding	0	0	0	13	0	0	0	2	9	0	0	0	0	0	0	0	0	0	0	2
Q76I76	Q76I76	uc002heo.1	protein_coding	0	1	1	14	2	0	0	0	11	1	0	0	0	0	0	0	0	0	1	1
Q76I76-3	Q76I76-3	uc002her.3	protein_coding	0	0	0	10	0	0	0	0	9	0	0	0	0	0	0	0	0	0	0	1
Q76I76-3	Q76I76-3	uc010csc.1	protein_coding	0	0	0	10	0	0	0	0	9	0	0	0	0	0	0	0	0	0	0	1
Q76I76-4	Q76I76-4	uc002hep.1	protein_coding	0	1	0	11	0	0	0	0	10	0	0	0	0	0	0	0	0	0	1	1
Q7KZ85	Q7KZ85	uc002hby.3	protein_coding	0	4	0	8	0	1	1	0	7	0	0	0	0	1	0	0	0	0	2	0
Q7KZ85	Q7KZ85	uc010crt.3	protein_coding	0	4	0	8	0	1	1	0	7	0	0	0	0	1	0	0	0	0	2	0
Q7KZJ4	Q7KZJ4	uc021tyn.2	protein_coding	0	0	0	10	0	0	0	2	8	0	0	0	0	0	0	0	0	0	0	0
Q7L1I2	Q7L1I2	uc002bqt.3	protein_coding	0	2	0	27	0	0	1	8	18	0	0	0	0	0	0	0	0	0	2	0
Q7L1I2	Q7L1I2	uc002bqv.3	protein_coding	0	4	0	33	2	0	1	0	30	0	0	0	0	0	0	0	0	0	4	0
Q7L1S5	Q7L1S5	uc002kwd.4	protein_coding	0	0	0	6	0	0	0	1	5	0	0	0	0	0	0	0	0	0	0	0
Q7L1S5	Q7L1S5	uc002kwe.4	protein_coding	0	0	0	6	0	0	0	1	5	0	0	0	0	0	0	0	0	0	0	0
Q7L1S5-2	Q7L1S5-2	uc021uij.2	protein_coding	0	0	0	6	0	0	0	1	5	0	0	0	0	0	0	0	0	0	0	0
Q7L1V2	Q7L1V2	uc002fez.3	protein_coding	0	2	0	5	3	0	0	0	1	0	0	0	0	0	0	0	0	0	2	1
Q7L2K0	Q7L2K0	uc002cqh.3	protein_coding	0	0	0	1	0	0	0	0	1	0	0	0	0	0	0	0	0	0	0	0
Q7L2K0	Q7L2K0	uc002cqi.3	protein_coding	0	0	0	1	0	0	0	0	1	0	0	0	0	0	0	0	0	0	0	0
Q7L2K0-3	Q7L2K0-3	uc010uwb.2	protein_coding	0	0	0	1	0	0	0	0	0	0	0	0	0	0	0	0	0	0	0	1
Q7L576	Q7L576	uc001yus.3	protein_coding	0	1	1	19	0	0	0	0	19	1	0	0	0	0	0	0	0	0	1	0
Q7L576	Q7L576	uc001yut.3	protein_coding	0	1	1	19	0	0	0	0	19	1	0	0	0	0	0	0	0	0	1	0
Q7L576-2	Q7L576-2	uc001yuu.3	protein_coding	0	1	2	5	0	0	0	0	4	2	0	0	0	0	0	0	0	0	1	1
Q7L576-3	Q7L576-3	uc001yuv.3	protein_coding	0	0	1	4	0	0	0	0	2	1	0	0	0	0	0	0	0	0	0	2
Q7L5A8	Q7L5A8	uc002fde.2	protein_coding	0	3	0	6	1	0	0	1	5	0	0	0	0	1	0	0	0	0	2	0
Q7L5L3	Q7L5L3	uc002dwp.3	protein_coding	0	0	0	2	0	0	0	0	1	0	0	0	0	0	0	0	0	0	0	1
Q7L5L3	Q7L5L3	uc002dwq.3	protein_coding	0	0	0	2	0	0	0	0	1	0	0	0	0	0	0	0	0	0	0	1
Q7L5N7	Q7L5N7	uc002eic.3	protein_coding	0	1	0	12	0	0	0	0	8	0	0	0	0	0	0	0	0	0	1	4
Q7L5N7	Q7L5N7	uc002eie.4	protein_coding	0	1	2	12	0	0	0	0	11	2	0	0	0	0	0	0	0	0	1	1
Q7L5Y1	Q7L5Y1	uc002kku.4	protein_coding	0	1	3	33	11	0	0	0	22	3	0	0	0	0	0	0	0	0	1	0
Q7L5Y1	Q7L5Y1	uc002kkw.4	protein_coding	0	1	0	37	11	1	3	0	23	0	0	0	0	0	0	0	0	0	0	0
Q7L5Y1-2	Q7L5Y1-2	uc002kkt.4	protein_coding	0	1	1	36	9	1	3	0	24	1	0	0	0	0	0	0	0	0	0	0
Q7L5Y6	Q7L5Y6	uc002bmr.2	protein_coding	0	0	0	8	0	0	0	0	8	0	0	0	0	0	0	0	0	0	0	0
Q7L5Y6-2	Q7L5Y6-2	uc002bmq.2	protein_coding	0	0	0	8	0	0	0	0	8	0	0	0	0	0	0	0	0	0	0	0
Q7L7X3	Q7L7X3	uc002hdz.2	protein_coding	0	2	0	4	1	0	0	0	4	0	0	0	0	1	0	0	0	0	1	0
Q7L7X3-2	Q7L7X3-2	uc002heb.1	protein_coding	0	2	0	2	0	0	0	0	3	0	0	0	0	1	0	0	0	0	1	0
Q7L7X3-3	Q7L7X3-3	uc010wbe.2	protein_coding	0	2	0	4	1	0	0	0	4	0	0	0	0	1	0	0	0	0	1	0
Q7L8W6	Q7L8W6	uc001zja.3	protein_coding	0	0	0	7	1	0	0	0	6	0	0	0	0	0	0	0	0	0	0	0
Q7LBR1	Q7LBR1	uc002kqe.3	protein_coding	0	0	0	3	3	0	0	0	0	0	0	0	0	0	0	0	0	0	0	0
Q7M4L6	Q7M4L6	uc010ues.1	protein_coding	0	0	1	3	0	0	0	1	2	1	0	0	0	0	0	0	0	0	0	0
Q7RTN6	Q7RTN6	uc002jbm.3	protein_coding	0	0	0	6	0	0	1	1	3	0	0	0	0	0	0	0	0	0	0	1
Q7RTN6	Q7RTN6	uc010ddw.3	protein_coding	0	0	0	6	0	0	1	1	3	0	0	0	0	0	0	0	0	0	0	1
Q7RTN6-2	Q7RTN6-2	uc002jbp.3	protein_coding	0	0	0	6	0	0	1	1	3	0	0	0	0	0	0	0	0	0	0	1
Q7RTN6-3	Q7RTN6-3	uc002jbo.3	protein_coding	0	0	0	6	0	0	1	1	3	0	0	0	0	0	0	0	0	0	0	1
Q7RTN6-4	Q7RTN6-4	uc010wpq.2	protein_coding	0	0	0	6	0	0	1	1	3	0	0	0	0	0	0	0	0	0	0	1
Q7RTP0	Q7RTP0	uc001yvc.3	protein_coding	0	1	0	6	5	0	0	0	1	0	0	0	0	0	0	0	0	0	1	0
Q7RTR2	Q7RTR2	uc010btn.3	protein_coding	0	3	4	23	0	0	1	0	19	4	0	0	0	1	0	0	0	0	2	4
Q7RTS5	Q7RTS5	uc010wrr.3	protein_coding	0	2	2	11	0	0	0	6	4	2	0	0	0	1	0	0	0	0	1	2
Q7RTS6	Q7RTS6	uc010wrp.2	protein_coding	0	2	0	3	0	0	0	0	4	0	0	0	0	1	0	0	0	0	1	0
Q7RTS9	Q7RTS9	uc002ldi.1	protein_coding	0	0	0	12	0	0	0	0	12	0	0	0	0	0	0	0	0	0	0	0
Q7RTS9-2	Q7RTS9-2	uc010xdf.1	protein_coding	0	0	0	12	0	0	0	0	12	0	0	0	0	0	0	0	0	0	0	0
Q7RTU4	Q7RTU4	uc021tnd.1	protein_coding	0	0	0	4	0	0	0	4	0	0	0	0	0	0	0	0	0	0	0	0
Q7RTU9	Q7RTU9	uc001zsf.3	protein_coding	0	2	1	11	0	0	0	4	7	1	0	0	0	1	0	0	0	0	2	0
Q7RTW8	Q7RTW8	uc010vbk.2	protein_coding	0	1	0	3	0	0	0	0	4	0	0	0	0	1	0	0	0	0	0	0
Q7RTW8-2	Q7RTW8-2	uc002dji.3	protein_coding	0	1	0	3	0	0	0	0	4	0	0	0	0	1	0	0	0	0	0	0
Q7RTW8-3	Q7RTW8-3	uc002dlh.3	protein_coding	0	1	0	5	1	1	1	0	3	0	0	0	0	0	0	0	0	0	0	0
Q7RTW8-4	Q7RTW8-4	uc010vbj.2	protein_coding	0	1	0	4	0	0	0	0	5	0	0	0	0	1	0	0	0	0	0	0
Q7RTY0	Q7RTY0	uc002geh.3	protein_coding	0	2	0	3	0	1	1	1	1	0	0	0	0	0	0	0	0	0	1	0
Q7RTY9	Q7RTY9	uc010uwi.2	protein_coding	0	1	0	1	0	0	0	0	2	0	0	0	0	1	0	0	0	0	0	0
Q7Z2F6	Q7Z2F6	uc002ecn.4	protein_coding	0	0	0	7	1	0	0	0	1	0	0	0	0	0	0	0	0	0	0	5
Q7Z2F6-2	Q7Z2F6-2	uc002ecp.1	protein_coding	0	0	0	7	0	0	0	1	1	0	0	0	0	0	0	0	0	0	0	5
Q7Z2Z1	Q7Z2Z1	uc002boe.3	protein_coding	0	1	2	31	0	0	0	5	26	2	0	0	0	0	0	0	0	0	1	0
Q7Z2Z1-2	Q7Z2Z1-2	uc021sug.1	protein_coding	0	1	2	31	0	0	0	5	26	2	0	0	0	0	0	0	0	0	1	0
Q7Z2Z2	Q7Z2Z2	uc002bgt.1	protein_coding	0	3	3	7	0	0	0	0	7	3	0	0	0	0	0	0	0	0	3	0
Q7Z2Z2-2	Q7Z2Z2-2	uc002bgu.1	protein_coding	0	3	3	7	0	0	0	0	7	3	0	0	0	0	0	0	0	0	3	0
Q7Z2Z5	Q7Z2Z5	uc002kwt.3	protein_coding	0	0	1	0	0	0	0	0	0	1	0	0	0	0	0	0	0	0	0	0
Q7Z382	Q7Z382	uc002gsm.1	protein_coding	0	0	0	3	0	0	0	1	0	0	0	0	0	0	0	0	0	0	0	2
Q7Z3B3-2	Q7Z3B3-2	uc010wkb.2	protein_coding	0	0	1	4	0	0	0	2	2	1	0	0	0	0	0	0	0	0	0	0
Q7Z3J2	Q7Z3J2	uc002dgp.2	protein_coding	0	1	0	40	0	0	2	1	37	0	0	0	0	0	0	0	0	0	1	0
Q7Z3L2	Q7Z3L2	uc002ehj.3	protein_coding	0	3	0	5	0	0	0	1	4	0	0	0	0	0	0	0	0	0	3	0
Q7Z3Y7	Q7Z3Y7	uc002hvh.1	protein_coding	0	3	1	2	0	0	0	0	3	1	0	0	0	1	0	0	0	0	2	0
Q7Z3Y8	Q7Z3Y8	uc002hvg.3	protein_coding	0	0	3	2	0	0	0	0	2	3	0	0	0	0	0	0	0	0	0	0
Q7Z3Z0	Q7Z3Z0	uc002hve.3	protein_coding	0	0	0	1	0	0	0	0	1	0	0	0	0	0	0	0	0	0	0	0
Q7Z401	Q7Z401	uc002aph.3	protein_coding	0	1	0	6	0	0	0	0	6	0	0	0	0	0	0	0	0	0	1	0
Q7Z401	Q7Z401	uc002apj.3	protein_coding	0	1	0	3	0	0	0	0	3	0	0	0	0	0	0	0	0	0	1	0
Q7Z402	Q7Z402	uc002dfq.3	protein_coding	0	0	0	21	0	0	0	3	18	0	0	0	0	0	0	0	0	0	0	0
Q7Z403	Q7Z403	uc002juj.1	protein_coding	0	1	4	24	1	0	0	2	22	4	0	0	0	1	0	0	0	0	0	0
Q7Z403	Q7Z403	uc002juk.2	protein_coding	0	1	4	25	1	0	0	2	22	4	0	0	0	1	0	0	0	0	0	1
Q7Z403	Q7Z403	uc002jul.1	protein_coding	0	1	4	28	1	0	0	2	22	4	0	0	0	1	0	0	0	0	0	4
Q7Z403	Q7Z403	uc002jun.4	protein_coding	0	1	4	21	2	0	0	8	11	4	0	0	0	1	0	0	0	0	0	1
Q7Z403	Q7Z403	uc010dhf.1	protein_coding	0	1	3	26	1	0	2	2	21	3	0	0	0	1	0	0	0	0	0	1
Q7Z403-2	Q7Z403-2	uc010dhg.1	protein_coding	0	1	4	25	1	0	0	2	22	4	0	0	0	1	0	0	0	0	0	1
Q7Z403-3	Q7Z403-3	uc002jui.1	protein_coding	0	0	0	29	1	0	0	2	18	0	0	0	0	0	0	0	0	0	0	8
Q7Z403-4	Q7Z403-4	uc002juo.2	protein_coding	0	1	0	25	2	0	1	8	14	0	0	0	0	1	0	0	0	0	0	1
Q7Z417	Q7Z417	uc002hdy.4	protein_coding	0	1	0	5	2	0	0	1	2	0	0	0	0	0	0	0	0	0	1	0
Q7Z442-3	Q7Z442-3	uc002fgj.3	protein_coding	1	1	13	51	2	0	0	16	32	13	0	0	0	0	0	1	0	0	1	1
Q7Z442-4	Q7Z442-4	uc002fgi.3	protein_coding	0	0	3	31	2	0	0	16	10	3	0	0	0	0	0	0	0	0	0	3
Q7Z442-5	Q7Z442-5	uc002fgf.1	protein_coding	0	2	2	21	0	1	2	0	17	2	0	0	0	0	0	0	0	0	1	2
Q7Z442-6	Q7Z442-6	uc002fgk.1	protein_coding	0	1	2	18	1	0	0	9	3	2	0	0	0	0	0	0	0	0	1	5
Q7Z442-6	Q7Z442-6	uc002fgl.1	protein_coding	0	1	3	20	1	0	0	9	7	3	0	0	0	0	0	0	0	0	1	3
Q7Z443	Q7Z443	uc010vmm.2	protein_coding	0	7	7	27	0	0	0	1	25	7	0	0	0	1	0	0	0	0	6	2
Q7Z4B0	Q7Z4B0	uc010dqk.2	protein_coding	0	0	0	1	1	0	0	0	0	0	0	0	0	0	0	0	0	0	0	0
Q7Z4B0-2	Q7Z4B0-2	uc002ljw.4	protein_coding	0	0	0	1	1	0	0	0	0	0	0	0	0	0	0	0	0	0	0	0
Q7Z4D5	Q7Z4D5	uc002bdm.2	protein_coding	0	2	0	5	1	1	1	1	1	0	0	0	0	0	0	0	0	0	1	1
Q7Z4G9	Q7Z4G9	uc002geo.2	protein_coding	0	0	0	1	0	0	0	0	1	0	0	0	0	0	0	0	0	0	0	0
Q7Z4M0	Q7Z4M0	uc002avq.3	protein_coding	0	0	0	2	0	0	0	0	2	0	0	0	0	0	0	0	0	0	0	0
Q7Z4N2	Q7Z4N2	uc001zfm.3	protein_coding	1	2	2	25	0	0	0	0	25	2	0	0	0	0	1	0	0	0	2	0
Q7Z4N2-3	Q7Z4N2-3	uc010azy.3	protein_coding	0	2	1	25	0	0	0	0	22	1	0	0	0	0	0	0	0	0	2	3
Q7Z4Q2	Q7Z4Q2	uc002efw.3	protein_coding	0	3	0	2	0	0	0	0	4	0	0	0	0	2	0	0	0	0	1	0
Q7Z4Q2-3	Q7Z4Q2-3	uc021thv.1	protein_coding	0	2	0	2	1	0	0	1	1	0	0	0	0	1	0	0	0	0	1	0
Q7Z4W1	Q7Z4W1	uc002kdg.3	protein_coding	0	1	0	3	0	0	0	1	2	0	0	0	0	0	0	0	0	0	1	0
Q7Z5J4	Q7Z5J4	uc002grm.3	protein_coding	0	4	2	4	0	0	0	3	1	2	0	0	0	0	0	0	0	0	4	0
Q7Z5J4	Q7Z5J4	uc002grn.1	protein_coding	0	4	2	0	0	0	0	0	0	2	0	0	0	0	0	0	0	0	4	0
Q7Z5L0	Q7Z5L0	uc002fyx.3	protein_coding	0	0	0	5	0	0	0	2	1	0	0	0	0	0	0	0	0	0	0	2
Q7Z5M5	Q7Z5M5	uc021ssj.1	protein_coding	0	1	0	14	2	0	0	0	12	0	0	0	0	0	0	0	0	0	1	0
Q7Z5M5	Q7Z5M5	uc021ssk.1	protein_coding	0	1	2	12	0	0	0	0	12	2	0	0	0	0	0	0	0	0	1	0
Q7Z5M5-2	Q7Z5M5-2	uc002bgp.3	protein_coding	0	1	0	13	0	0	0	2	11	0	0	0	0	0	0	0	0	0	1	0
Q7Z5T3	Q7Z5T3	uc010wov.1	protein_coding	0	0	0	7	0	0	0	1	6	0	0	0	0	0	0	0	0	0	0	0
Q7Z601	Q7Z601	uc010wqy.2	protein_coding	0	1	1	3	0	0	0	1	2	1	0	0	0	0	0	0	0	0	1	0
Q7Z601	Q7Z601	uc021ucp.1	protein_coding	0	1	1	3	0	0	0	1	2	1	0	0	0	0	0	0	0	0	1	0
Q7Z614	Q7Z614	uc002egk.2	protein_coding	0	1	0	0	0	0	0	0	0	0	0	0	0	0	0	0	0	0	1	0
Q7Z614-3	Q7Z614-3	uc010vgp.1	protein_coding	0	1	0	0	0	0	0	0	0	0	0	0	0	0	0	0	0	0	1	0
Q7Z614-4	Q7Z614-4	uc002egi.3	protein_coding	0	1	0	0	0	0	0	0	0	0	0	0	0	0	0	0	0	0	1	0
Q7Z699	Q7Z699	uc001zka.4	protein_coding	0	3	0	15	2	0	0	0	14	0	0	0	0	1	0	0	0	0	2	0
Q7Z6E9	Q7Z6E9	uc002dmh.3	protein_coding	0	4	0	6	0	0	0	1	7	0	0	0	0	2	0	0	0	0	2	0
Q7Z6E9	Q7Z6E9	uc010vcb.1	protein_coding	0	3	0	7	0	0	0	3	6	0	0	0	0	2	0	0	0	0	1	0
Q7Z6E9-2	Q7Z6E9-2	uc002dmi.3	protein_coding	0	4	0	6	0	0	0	1	7	0	0	0	0	2	0	0	0	0	2	0
Q7Z6E9-2	Q7Z6E9-2	uc002dmk.3	protein_coding	0	4	0	5	0	0	0	1	6	0	0	0	0	2	0	0	0	0	2	0
Q7Z6E9-3	Q7Z6E9-3	uc002dmg.3	protein_coding	0	0	0	1	0	0	0	0	1	0	0	0	0	0	0	0	0	0	0	0
Q7Z6E9-4	Q7Z6E9-4	uc010bxr.3	protein_coding	0	2	0	8	0	0	0	1	7	0	0	0	0	0	0	0	0	0	2	0
Q7Z6G3	Q7Z6G3	uc002fhd.3	protein_coding	0	3	3	36	0	0	0	0	34	3	0	0	0	1	0	0	0	0	2	3
Q7Z6J6	Q7Z6J6	uc001ztl.3	protein_coding	0	0	0	5	0	0	0	0	5	0	0	0	0	0	0	0	0	0	0	0
Q7Z6J6	Q7Z6J6	uc001ztn.3	protein_coding	0	0	0	5	0	0	0	0	5	0	0	0	0	0	0	0	0	0	0	0
Q7Z6J9	Q7Z6J9	uc002jof.1	protein_coding	0	1	1	4	0	0	0	0	2	1	0	0	0	0	0	0	0	0	1	2
Q7Z6J9-2	Q7Z6J9-2	uc002joe.1	protein_coding	0	0	0	6	0	0	0	2	2	0	0	0	0	0	0	0	0	0	0	2
Q7Z6K5	Q7Z6K5	uc002bou.2	protein_coding	0	0	0	4	1	0	0	0	3	0	0	0	0	0	0	0	0	0	0	0
Q7Z6L0	Q7Z6L0	uc002due.4	protein_coding	0	2	0	3	1	0	0	0	0	0	0	0	0	0	0	0	0	0	2	2
Q7Z6L0-2	Q7Z6L0-2	uc002dud.3	protein_coding	0	2	0	3	1	0	0	0	0	0	0	0	0	0	0	0	0	0	2	2
Q7Z6L0-3	Q7Z6L0-3	uc002duf.2	protein_coding	0	2	0	3	1	0	0	0	0	0	0	0	0	0	0	0	0	0	2	2
Q7Z6L0-3	Q7Z6L0-3	uc031qvo.1	protein_coding	0	2	0	3	0	0	0	1	0	0	0	0	0	0	0	0	0	0	2	2
Q7Z6M3	Q7Z6M3	uc010wpz.2	protein_coding	0	0	0	1	0	0	0	0	1	0	0	0	0	0	0	0	0	0	0	0
Q7Z721	Q7Z721	uc010ddj.3	protein_coding	0	1	0	6	0	0	0	1	6	0	0	0	0	1	0	0	0	0	0	0
Q7Z736-2	Q7Z736-2	uc002iaw.2	protein_coding	0	0	0	6	0	0	0	4	2	0	0	0	0	0	0	0	0	0	0	0
Q7Z790	Q7Z790	uc002hiq.2	protein_coding	0	1	1	9	0	0	0	0	7	1	0	0	0	0	0	0	0	0	1	2
Q7Z7A5	Q7Z7A5	uc021ukb.1	protein_coding	0	1	2	15	0	0	0	3	12	2	0	0	0	1	0	0	0	0	1	0
Q7Z7B1	Q7Z7B1	uc002hmy.1	protein_coding	0	1	0	2	1	0	0	0	0	0	0	0	0	0	0	0	0	0	1	1
Q7Z7B1	Q7Z7B1	uc002hmz.1	protein_coding	0	1	0	2	1	0	0	0	0	0	0	0	0	0	0	0	0	0	1	1
Q7Z7B1	Q7Z7B1	uc021tvq.1	protein_coding	0	1	0	1	0	0	0	1	0	0	0	0	0	0	0	0	0	0	1	0
Q7Z7G2	Q7Z7G2	uc002lhy.3	protein_coding	0	0	0	2	2	0	0	0	0	0	0	0	0	0	0	0	0	0	0	0
Q7Z7H8	Q7Z7H8	uc002ilz.3	protein_coding	0	0	0	6	0	0	0	3	3	0	0	0	0	0	0	0	0	0	0	0
Q7Z7H8	Q7Z7H8	uc010wky.2	protein_coding	0	0	0	6	0	0	0	3	3	0	0	0	0	0	0	0	0	0	0	0
Q7Z7H8-2	Q7Z7H8-2	uc002ily.3	protein_coding	0	0	0	6	0	0	0	3	3	0	0	0	0	0	0	0	0	0	0	0
Q7Z7K6-3	Q7Z7K6-3	uc002gpw.3	protein_coding	0	0	0	2	0	0	0	0	2	0	0	0	0	0	0	0	0	0	0	0
Q7Z7L1	Q7Z7L1	uc002hjg.4	protein_coding	0	2	2	3	0	0	0	0	2	2	0	0	0	0	0	0	0	0	2	1
Q7Z7L1	Q7Z7L1	uc002hjh.4	protein_coding	0	2	2	3	0	0	0	0	2	2	0	0	0	0	0	0	0	0	2	1
Q7Z7L1	Q7Z7L1	uc010ctp.3	protein_coding	0	2	2	3	0	0	0	0	2	2	0	0	0	0	0	0	0	0	2	1
Q7Z7L1	Q7Z7L1	uc010ctq.3	protein_coding	0	2	2	3	0	0	0	0	2	2	0	0	0	0	0	0	0	0	2	1
Q7Z7L1	Q7Z7L1	uc010ctr.3	protein_coding	0	2	2	3	0	0	0	0	2	2	0	0	0	0	0	0	0	0	2	1
Q7Z7L9	Q7Z7L9	uc002bkr.3	protein_coding	0	0	1	4	1	0	0	0	3	1	0	0	0	0	0	0	0	0	0	0
Q7Z7L9	Q7Z7L9	uc010bmz.1	protein_coding	0	0	1	4	1	0	0	0	3	1	0	0	0	0	0	0	0	0	0	0
Q7Z7L9	Q7Z7L9	uc010bna.3	protein_coding	0	0	1	4	1	0	0	0	3	1	0	0	0	0	0	0	0	0	0	0
Q7Z7L9-3	Q7Z7L9-3	uc002bkp.3	protein_coding	0	0	1	0	0	0	0	0	0	1	0	0	0	0	0	0	0	0	0	0
Q7Z7L9-4	Q7Z7L9-4	uc002bkq.3	protein_coding	0	0	0	4	0	0	0	2	2	0	0	0	0	0	0	0	0	0	0	0
Q7Z7R0	Q7Z7R0	uc010bvh.3	protein_coding	0	6	0	10	0	0	0	2	8	0	0	0	0	0	0	0	0	0	6	0
Q86SG4	Q86SG4	uc001zvn.2	protein_coding	0	0	0	2	0	0	0	0	2	0	0	0	0	0	0	0	0	0	0	0
Q86SG6	Q86SG6	uc002hcp.3	protein_coding	0	1	0	4	0	0	0	0	3	0	0	0	0	0	0	0	0	0	1	1
Q86SJ6	Q86SJ6	uc002kwq.2	protein_coding	0	3	1	8	0	0	0	0	8	1	0	0	0	0	0	0	0	0	3	0
Q86SJ6-2	Q86SJ6-2	uc002kwr.2	protein_coding	0	3	1	8	0	0	0	0	8	1	0	0	0	0	0	0	0	0	3	0
Q86T90	Q86T90	uc002kzz.3	protein_coding	0	2	1	10	3	0	0	0	7	1	0	0	0	0	0	0	0	0	2	0
Q86T90	Q86T90	uc002lac.1	protein_coding	0	2	2	7	3	0	0	0	4	2	0	0	0	0	0	0	0	0	2	0
Q86T90-3	Q86T90-3	uc002lab.3	protein_coding	0	2	2	7	3	0	0	0	4	2	0	0	0	0	0	0	0	0	2	0
Q86T90-4	Q86T90-4	uc002lad.3	protein_coding	0	2	1	0	0	0	0	0	0	1	0	0	0	0	0	0	0	0	2	0
Q86TB3	Q86TB3	uc002lhj.4	protein_coding	0	14	13	10	1	0	0	0	9	13	0	0	0	1	0	0	0	0	13	1
Q86TB3	Q86TB3	uc002lhk.1	protein_coding	0	11	10	3	0	0	0	1	1	10	0	0	0	1	0	0	0	0	10	2
Q86TD4-2	Q86TD4-2	uc002cvz.4	protein_coding	0	1	0	44	3	0	0	0	40	0	0	0	0	0	0	0	0	0	1	1
Q86TN1	Q86TN1	uc002bfq.3	protein_coding	0	0	0	2	0	0	0	0	2	0	0	0	0	0	0	0	0	0	0	0
Q86UD7-2	Q86UD7-2	uc010cou.1	protein_coding	0	1	2	24	0	1	1	7	15	2	0	0	0	0	0	0	0	0	0	1
Q86UE8	Q86UE8	uc010ddp.3	protein_coding	0	0	0	6	0	0	0	0	6	0	0	0	0	0	0	0	0	0	0	0
Q86UE8-2	Q86UE8-2	uc002izz.4	protein_coding	0	0	0	6	0	0	0	0	6	0	0	0	0	0	0	0	0	0	0	0
Q86UE8-3	Q86UE8-3	uc002jaa.4	protein_coding	0	0	0	6	0	0	0	0	6	0	0	0	0	0	0	0	0	0	0	0
Q86UE8-3	Q86UE8-3	uc010wpd.2	protein_coding	0	0	0	6	0	0	0	0	6	0	0	0	0	0	0	0	0	0	0	0
Q86UN2	Q86UN2	uc002ftp.3	protein_coding	0	1	0	16	4	0	0	2	8	0	0	0	0	0	0	0	0	0	1	2
Q86US8	Q86US8	uc002fub.1	protein_coding	0	3	1	14	0	0	0	1	13	1	0	0	0	0	0	0	0	0	3	0
Q86US8-2	Q86US8-2	uc031qxw.1	protein_coding	0	1	0	7	0	1	4	1	2	0	0	0	0	0	0	0	0	0	0	0
Q86UU9	Q86UU9	uc002ipo.1	protein_coding	0	0	0	2	0	0	0	0	2	0	0	0	0	0	0	0	0	0	0	0
Q86UU9-2	Q86UU9-2	uc002ipr.1	protein_coding	0	0	0	2	0	0	0	0	2	0	0	0	0	0	0	0	0	0	0	0
Q86UU9-3	Q86UU9-3	uc002ipq.1	protein_coding	0	0	0	2	0	0	0	0	2	0	0	0	0	0	0	0	0	0	0	0
Q86UU9-4	Q86UU9-4	uc002ips.1	protein_coding	0	0	0	2	0	0	0	0	2	0	0	0	0	0	0	0	0	0	0	0
Q86UU9-5	Q86UU9-5	uc002ipp.1	protein_coding	0	0	0	2	0	0	0	0	2	0	0	0	0	0	0	0	0	0	0	0
Q86UW2	Q86UW2	uc002aog.3	protein_coding	0	0	0	4	0	0	0	3	1	0	0	0	0	0	0	0	0	0	0	0
Q86V37	Q86V37	uc010bzm.2	protein_coding	0	0	0	4	0	0	0	1	3	0	0	0	0	0	0	0	0	0	0	0
Q86VD5	Q86VD5	uc010bvf.1	protein_coding	0	0	1	2	0	0	0	0	1	1	0	0	0	0	0	0	0	0	0	1
Q86VD5	Q86VD5.2	uc002dev.4	protein_coding	0	1	0	6	0	1	1	1	2	0	0	0	0	0	0	0	0	0	0	2
Q86VD5	Q86VD5.3	uc002dfd.4	protein_coding	0	1	0	2	0	1	1	0	0	0	0	0	0	0	0	0	0	0	0	1
Q86VD5	Q86VD5.3	uc021tdy.1	protein_coding	0	0	0	9	0	0	0	2	5	0	0	0	0	0	0	0	0	0	0	2
Q86VH3	Q86VH3	uc021tmj.1	protein_coding	0	0	0	4	0	0	0	3	0	0	0	0	0	0	0	0	0	0	0	1
Q86VI1	Q86VI1	uc002erw.1	protein_coding	0	1	1	5	0	0	0	2	4	1	0	0	0	1	0	0	0	0	0	0
Q86VI1	Q86VI1	uc002erx.1	protein_coding	0	2	1	5	0	0	0	2	3	1	0	0	0	1	0	0	0	0	1	1
Q86VL8	Q86VL8	uc002gwe.4	protein_coding	0	2	0	8	0	0	1	1	6	0	0	0	0	0	0	0	0	0	2	0
Q86VL8-3	Q86VL8-3	uc002gwg.4	protein_coding	0	2	0	8	0	0	1	1	6	0	0	0	0	0	0	0	0	0	2	0
Q86VL8-4	Q86VL8-4	uc002gwf.4	protein_coding	0	2	0	8	0	0	1	1	6	0	0	0	0	0	0	0	0	0	2	0
Q86VM9	Q86VM9	uc002fky.3	protein_coding	0	1	0	16	1	0	0	0	15	0	0	0	0	0	0	0	0	0	1	0
Q86VM9-2	Q86VM9-2	uc021tmm.1	protein_coding	0	1	0	10	0	0	0	0	10	0	0	0	0	0	0	0	0	0	1	0
Q86VQ3	Q86VQ3	uc002koi.4	protein_coding	0	2	3	2	0	0	0	0	1	3	0	0	0	0	0	0	0	0	2	1
Q86VR2	Q86VR2	uc002ial.2	protein_coding	0	0	0	8	3	0	0	0	3	0	0	0	0	0	0	0	0	0	0	2
Q86VR2	Q86VR2	uc002iam.1	protein_coding	0	0	0	8	0	0	0	3	3	0	0	0	0	0	0	0	0	0	0	2
Q86VR2	Q86VR2	uc010cyk.1	protein_coding	0	0	0	9	0	0	0	3	4	0	0	0	0	0	0	0	0	0	0	2
Q86VR2	Q86VR2	uc010wgq.1	protein_coding	0	0	0	8	3	0	0	0	3	0	0	0	0	0	0	0	0	0	0	2
Q86VS3-2	Q86VS3-2	uc002aqq.2	protein_coding	0	1	1	5	0	0	0	0	5	1	0	0	0	0	0	0	0	0	1	0
Q86VS3-3	Q86VS3-3	uc002aqn.2	protein_coding	0	0	0	4	0	0	0	0	4	0	0	0	0	0	0	0	0	0	0	0
Q86VS3-3	Q86VS3-3	uc010ujv.2	protein_coding	0	0	0	4	0	0	0	0	4	0	0	0	0	0	0	0	0	0	0	0
Q86VS3-4	Q86VS3-4	uc002aqp.2	protein_coding	0	1	1	5	0	0	0	0	5	1	0	0	0	0	0	0	0	0	1	0
Q86VV8	Q86VV8	uc002lkp.2	protein_coding	0	1	3	13	0	0	0	0	13	3	0	0	0	0	0	0	0	0	1	0
Q86VV8	Q86VV8	uc010xfb.1	protein_coding	0	1	1	15	0	0	2	0	13	1	0	0	0	0	0	0	0	0	1	0
Q86VV8-2	Q86VV8-2	uc002lkq.1	protein_coding	0	0	2	1	0	0	0	0	1	2	0	0	0	0	0	0	0	0	0	0
Q86W34	Q86W34	uc002jgr.1	protein_coding	0	0	1	2	0	0	0	0	2	1	0	0	0	0	0	0	0	0	0	0
Q86W34	Q86W34	uc002jgs.1	protein_coding	0	0	1	2	0	0	0	0	2	1	0	0	0	0	0	0	0	0	0	0
Q86W34	Q86W34	uc002jgt.1	protein_coding	0	0	1	2	0	0	0	0	2	1	0	0	0	0	0	0	0	0	0	0
Q86W34	Q86W34	uc002jgu.1	protein_coding	0	0	1	2	0	0	0	0	2	1	0	0	0	0	0	0	0	0	0	0
Q86W34	Q86W34	uc002jgv.1	protein_coding	0	0	1	2	0	0	1	0	1	1	0	0	0	0	0	0	0	0	0	0
Q86W34	Q86W34	uc002jgy.1	protein_coding	0	0	1	2	0	0	0	0	1	1	0	0	0	0	0	0	0	0	0	1
Q86W42	Q86W42	uc002cta.2	protein_coding	0	0	0	7	0	0	0	3	3	0	0	0	0	0	0	0	0	0	0	1
Q86W42	Q86W42	uc002ctb.2	protein_coding	0	1	0	6	0	0	0	3	3	0	0	0	0	1	0	0	0	0	0	1
Q86W42-3	Q86W42-3	uc002ctd.2	protein_coding	0	1	0	6	0	0	0	3	3	0	0	0	0	1	0	0	0	0	0	1
Q86W50	Q86W50	uc002fut.3	protein_coding	0	0	0	8	0	0	0	1	7	0	0	0	0	0	0	0	0	0	0	0
Q86W50	Q86W50	uc010vqy.1	protein_coding	0	0	0	8	0	0	0	1	7	0	0	0	0	0	0	0	0	0	0	0
Q86W50-2	Q86W50-2	uc002fuv.3	protein_coding	0	0	0	8	0	0	0	1	7	0	0	0	0	0	0	0	0	0	0	0
Q86WA9	Q86WA9	uc002jyb.2	protein_coding	0	3	1	24	0	0	0	0	26	1	0	0	0	2	0	0	0	0	1	0
Q86WA9	Q86WA9	uc002jyc.2	protein_coding	0	3	1	24	0	0	0	0	26	1	0	0	0	2	0	0	0	0	1	0
Q86WA9	Q86WA9	uc002jyd.2	protein_coding	0	3	1	24	0	0	0	0	26	1	0	0	0	2	0	0	0	0	1	0
Q86WA9	Q86WA9	uc010dhv.2	protein_coding	0	3	1	24	0	0	0	0	26	1	0	0	0	2	0	0	0	0	1	0
Q86WC6	Q86WC6	uc002kbj.1	protein_coding	0	0	0	1	1	0	0	0	0	0	0	0	0	0	0	0	0	0	0	0
Q86WC6	Q86WC6	uc002kbk.1	protein_coding	0	0	0	1	1	0	0	0	0	0	0	0	0	0	0	0	0	0	0	0
Q86WI3	Q86WI3	uc021tiu.1	protein_coding	0	4	2	34	1	0	0	0	29	2	0	0	0	1	0	0	0	0	4	4
Q86WI3-2	Q86WI3-2	uc021tit.1	protein_coding	0	1	1	15	0	0	0	3	12	1	0	0	0	0	0	0	0	0	1	0
Q86WR6	Q86WR6	uc002iyq.3	protein_coding	0	2	1	5	0	0	0	1	4	1	0	0	0	0	0	0	0	0	2	0
Q86WT6	Q86WT6	uc001zuf.2	protein_coding	0	1	3	8	1	0	1	0	6	3	0	0	0	1	0	0	0	0	1	0
Q86WT6	Q86WT6	uc001zug.1	protein_coding	0	1	3	8	1	0	1	0	5	3	0	0	0	1	0	0	0	0	1	1
Q86WT6	Q86WT6	uc001zui.1	protein_coding	0	2	0	11	1	1	2	0	7	0	0	0	0	0	0	0	0	0	1	1
Q86WT6-2	Q86WT6-2	uc001zuh.1	protein_coding	0	1	1	10	1	0	1	0	7	1	0	0	0	0	0	0	0	0	1	1
Q86WT6-4	Q86WT6-4	uc010bdy.1	protein_coding	0	2	0	11	1	1	2	0	7	0	0	0	0	0	0	0	0	0	1	1
Q86WU2	Q86WU2	uc002fdm.3	protein_coding	0	0	0	6	0	0	1	2	2	0	0	0	0	0	0	0	0	0	0	1
Q86WU2-2	Q86WU2-2	uc002fdn.3	protein_coding	0	0	0	6	0	0	1	2	2	0	0	0	0	0	0	0	0	0	0	1
Q86WV1	Q86WV1	uc002ini.1	protein_coding	0	1	0	6	0	0	0	0	6	0	0	0	0	0	0	0	0	0	1	0
Q86WV1	Q86WV1	uc010dbe.1	protein_coding	0	1	0	6	0	0	0	0	6	0	0	0	0	0	0	0	0	0	1	0
Q86WV1-2	Q86WV1-2	uc002inj.1	protein_coding	0	1	0	6	0	0	0	0	6	0	0	0	0	0	0	0	0	0	1	0
Q86WV1-2	Q86WV1-2	uc010dbd.1	protein_coding	0	0	0	7	0	0	1	0	6	0	0	0	0	0	0	0	0	0	0	0
Q86X02	Q86X02	uc002jml.4	protein_coding	0	1	1	5	3	0	0	0	2	1	0	0	0	0	0	0	0	0	1	0
Q86X40	Q86X40	uc002bva.1	protein_coding	0	0	0	7	0	0	0	0	7	0	0	0	0	0	0	0	0	0	0	0
Q86X40	Q86X40	uc002bvb.1	protein_coding	0	0	0	7	0	0	0	0	7	0	0	0	0	0	0	0	0	0	0	0
Q86X40-2	Q86X40-2	uc002bvc.1	protein_coding	0	0	0	7	0	0	0	0	7	0	0	0	0	0	0	0	0	0	0	0
Q86X52	Q86X52	uc010usd.2	protein_coding	0	2	0	6	3	0	0	2	1	0	0	0	0	0	0	0	0	0	2	0
Q86X52	Q86X52	uc021sxt.1	protein_coding	0	3	0	13	3	0	0	2	8	0	0	0	0	0	0	0	0	0	3	0
Q86XA0	Q86XA0	uc002jsr.3	protein_coding	0	0	0	7	0	0	0	6	1	0	0	0	0	0	0	0	0	0	0	0
Q86XA0	Q86XA0	uc021udk.1	protein_coding	0	0	0	7	0	0	0	6	1	0	0	0	0	0	0	0	0	0	0	0
Q86XA0	Q86XA0	uc021udl.1	protein_coding	0	0	0	7	0	0	0	6	1	0	0	0	0	0	0	0	0	0	0	0
Q86XC3	Q86XC3	uc002fnx.5	protein_coding	0	0	0	2	0	0	0	0	1	0	0	0	0	0	0	0	0	0	0	1
Q86XE2	Q86XE2	uc002ddc.3	protein_coding	0	1	2	63	0	0	0	0	63	2	0	0	0	0	0	0	0	0	1	0
Q86XP0	Q86XP0	uc001zox.3	protein_coding	0	0	0	10	0	0	0	0	10	0	0	0	0	0	0	0	0	0	0	0
Q86XP3	Q86XP3	uc002jbu.3	protein_coding	0	0	0	12	2	0	0	7	3	0	0	0	0	0	0	0	0	0	0	0
Q86XP3	Q86XP3	uc002jbv.3	protein_coding	0	0	0	12	2	0	0	7	3	0	0	0	0	0	0	0	0	0	0	0
Q86XP3	Q86XP3	uc002jbx.3	protein_coding	0	0	0	11	2	0	0	7	2	0	0	0	0	0	0	0	0	0	0	0
Q86XP3	Q86XP3	uc002jby.3	protein_coding	0	0	0	11	2	0	1	7	0	0	0	0	0	0	0	0	0	0	0	1
Q86XT9	Q86XT9	uc002duw.2	protein_coding	0	0	0	2	0	0	0	0	2	0	0	0	0	0	0	0	0	0	0	0
Q86Y34	Q86Y34	uc002emh.3	protein_coding	0	1	0	7	0	0	0	0	4	0	0	0	0	0	0	0	0	0	1	3
Q86Y34	Q86Y34	uc010vhv.2	protein_coding	0	1	0	7	0	0	0	0	4	0	0	0	0	0	0	0	0	0	1	3
Q86Y38	Q86Y38	uc002dfa.3	protein_coding	0	3	0	41	11	0	0	0	30	0	0	0	0	0	0	0	0	0	3	0
Q86YC2	Q86YC2	uc002dlx.1	protein_coding	0	0	0	3	0	0	0	0	2	0	0	0	0	0	0	0	0	0	0	1
Q86YC8	Q86YC8	uc002jbr.3	protein_coding	0	0	0	6	0	0	1	1	3	0	0	0	0	0	0	0	0	0	0	1
Q86YJ7	Q86YJ7	uc002heh.3	protein_coding	0	2	0	4	0	0	0	1	3	0	0	0	0	0	0	0	0	0	2	0
Q86YJ7	Q86YJ7	uc002hei.3	protein_coding	0	2	0	4	0	0	0	1	3	0	0	0	0	0	0	0	0	0	2	0
Q86YR6	Q86YR6	uc002yjb.1	protein_coding	0	0	0	3	0	0	0	0	3	0	0	0	0	0	0	0	0	0	0	0
Q86YS3	Q86YS3	uc002hgn.1	protein_coding	0	0	0	28	8	0	0	0	20	0	0	0	0	0	0	0	0	0	0	0
Q86YS3-2	Q86YS3-2	uc002hgo.2	protein_coding	0	0	0	25	8	0	0	0	17	0	0	0	0	0	0	0	0	0	0	0
Q86YT5	Q86YT5	uc002gdj.3	protein_coding	0	0	0	13	4	0	0	0	9	0	0	0	0	0	0	0	0	0	0	0
Q86YT5-2	Q86YT5-2	uc010vtf.2	protein_coding	0	0	0	13	4	0	0	0	9	0	0	0	0	0	0	0	0	0	0	0
Q86YT6	Q86YT6	uc002ktp.3	protein_coding	0	0	0	9	3	0	0	0	6	0	0	0	0	0	0	0	0	0	0	0
Q86YT6	Q86YT6	uc002ktq.3	protein_coding	0	0	0	8	3	0	0	0	5	0	0	0	0	0	0	0	0	0	0	0
Q86YY1	Q86YY1	uc002gpm.3	protein_coding	0	0	0	19	0	0	0	2	14	0	0	0	0	0	0	0	0	0	0	3
Q8IU68	Q8IU68	uc002jup.2	protein_coding	0	2	1	10	1	0	0	3	4	1	0	0	0	0	0	0	0	0	2	2
Q8IU68	Q8IU68	uc002juq.2	protein_coding	0	2	1	10	1	0	0	3	4	1	0	0	0	0	0	0	0	0	2	2
Q8IU89	Q8IU89	uc002bvz.3	protein_coding	0	1	2	24	1	0	0	0	18	2	0	0	0	0	0	0	0	0	1	5
Q8IU89	Q8IU89	uc002bwa.3	protein_coding	0	1	2	24	1	0	0	0	18	2	0	0	0	0	0	0	0	0	1	5
Q8IU89	Q8IU89	uc002bwb.3	protein_coding	0	1	2	24	1	0	0	0	19	2	0	0	0	0	0	0	0	0	1	4
Q8IU89	Q8IU89	uc031quk.1	protein_coding	0	1	2	24	1	0	0	0	19	2	0	0	0	0	0	0	0	0	1	4
Q8IUA7	Q8IUA7	uc002jhu.3	protein_coding	0	0	1	16	0	0	0	0	16	1	0	0	0	0	0	0	0	0	0	0
Q8IUA7-5	Q8IUA7-5	uc002jhv.3	protein_coding	0	0	0	2	0	0	0	0	2	0	0	0	0	0	0	0	0	0	0	0
Q8IUD6	Q8IUD6	uc002hfz.3	protein_coding	0	0	0	2	1	0	0	0	1	0	0	0	0	0	0	0	0	0	0	0
Q8IUD6-2	Q8IUD6-2	uc002hga.3	protein_coding	0	0	0	2	1	0	0	0	1	0	0	0	0	0	0	0	0	0	0	0
Q8IUH8	Q8IUH8	uc010wka.2	protein_coding	0	1	1	1	1	0	0	0	0	1	0	0	0	0	0	0	0	0	1	0
Q8IUI4	Q8IUI4	uc021tfw.1	protein_coding	0	1	0	0	0	0	0	0	0	0	0	0	0	0	0	0	0	0	1	0
Q8IUI8	Q8IUI8	uc002hfr.4	protein_coding	0	0	0	1	0	0	0	0	1	0	0	0	0	0	0	0	0	0	0	0
Q8IUI8	Q8IUI8	uc010wbr.2	protein_coding	0	0	0	1	0	0	0	0	1	0	0	0	0	0	0	0	0	0	0	0
Q8IUK5	Q8IUK5	uc002hrg.2	protein_coding	0	0	0	11	2	0	0	0	9	0	0	0	0	0	0	0	0	0	0	0
Q8IUK8	Q8IUK8	uc002lku.2	protein_coding	0	0	0	1	0	0	0	0	1	0	0	0	0	0	0	0	0	0	0	0
Q8IUK8	Q8IUK8	uc002lkv.2	protein_coding	0	0	0	1	0	0	0	0	1	0	0	0	0	0	0	0	0	0	0	0
Q8IUN5	Q8IUN5	uc010uex.2	protein_coding	0	0	0	7	0	0	0	0	7	0	0	0	0	0	0	0	0	0	0	0
Q8IUN9	Q8IUN9	uc002gek.3	protein_coding	1	2	2	10	0	0	0	0	11	2	0	0	1	0	0	0	0	0	2	0
Q8IUN9-2	Q8IUN9-2	uc002gej.3	protein_coding	1	2	2	10	0	0	0	0	11	2	0	0	1	0	0	0	0	0	2	0
Q8IUN9-3	Q8IUN9-3	uc010clv.2	protein_coding	0	2	2	11	1	0	0	0	10	2	0	0	0	0	0	0	0	0	2	0
Q8IUQ4	Q8IUQ4	uc002efo.1	protein_coding	0	0	0	1	0	0	0	0	1	0	0	0	0	0	0	0	0	0	0	0
Q8IUQ4	Q8IUQ4	uc021ths.1	protein_coding	0	0	0	1	0	0	0	0	0	0	0	0	0	0	0	0	0	0	0	1
Q8IUQ4-2	Q8IUQ4-2	uc002efn.1	protein_coding	0	0	0	1	0	0	0	0	1	0	0	0	0	0	0	0	0	0	0	0
Q8IUU5	Q8IUU5	uc002ber.4	protein_coding	0	3	1	14	0	0	0	1	13	1	0	0	0	1	0	0	0	0	2	1
Q8IUW3	Q8IUW3	uc002foj.3	protein_coding	0	1	0	5	2	0	0	3	0	0	0	0	0	0	0	0	0	0	1	0
Q8IUW3-2	Q8IUW3-2	uc002fok.3	protein_coding	0	0	1	5	1	0	0	3	1	1	0	0	0	0	0	0	0	0	0	0
Q8IUY3	Q8IUY3	uc002atq.3	protein_coding	0	0	0	4	0	0	0	0	3	0	0	0	0	0	0	0	0	0	0	1
Q8IUY3	Q8IUY3	uc010bis.2	protein_coding	0	0	0	4	0	0	0	0	3	0	0	0	0	0	0	0	0	0	0	1
Q8IUZ0	Q8IUZ0	uc002asw.3	protein_coding	0	0	0	5	0	0	0	0	3	0	0	0	0	0	0	0	0	0	0	2
Q8IUZ0	Q8IUZ0	uc002asy.3	protein_coding	0	0	0	5	0	0	0	0	1	0	0	0	0	0	0	0	0	0	0	4
Q8IV36	Q8IV36	uc002jmj.4	protein_coding	0	5	0	13	0	0	0	3	10	0	0	0	0	0	0	0	0	0	5	0
Q8IV36	Q8IV36	uc010wrs.2	protein_coding	0	5	0	13	0	0	0	3	10	0	0	0	0	0	0	0	0	0	5	0
Q8IVU1	Q8IVU1	uc002aos.2	protein_coding	0	2	0	8	2	0	0	0	4	0	0	0	0	0	0	0	0	0	2	2
Q8IVU1	Q8IVU1	uc031qsl.1	protein_coding	0	1	0	6	0	0	0	2	4	0	0	0	0	0	0	0	0	0	1	0
Q8IVV2-4	Q8IVV2-4	uc002lcd.4	protein_coding	0	0	1	5	0	0	0	0	4	1	0	0	0	0	0	0	0	0	0	1
Q8IVV2-5	Q8IVV2-5	uc010xcu.1	protein_coding	0	0	1	5	0	0	0	0	4	1	0	0	0	0	0	0	0	0	0	1
Q8IVV7	Q8IVV7	uc002gsg.1	protein_coding	0	1	0	2	0	0	0	0	2	0	0	0	0	0	0	0	0	0	1	0
Q8IVW1	Q8IVW1	uc002ikk.3	protein_coding	0	0	0	3	1	0	0	2	0	0	0	0	0	0	0	0	0	0	0	0
Q8IVW1	Q8IVW1.2	uc002iks.2	protein_coding	0	0	0	1	0	0	0	1	0	0	0	0	0	0	0	0	0	0	0	0
Q8IVW1-2	Q8IVW1-2	uc002iki.4	protein_coding	0	0	0	8	0	0	0	2	6	0	0	0	0	0	0	0	0	0	0	0
Q8IVW1-2	Q8IVW1-2.2	uc002iko.4	protein_coding	0	0	0	4	0	0	0	1	3	0	0	0	0	0	0	0	0	0	0	0
Q8IVW6	Q8IVW6	uc002aye.3	protein_coding	0	0	0	2	2	0	0	0	0	0	0	0	0	0	0	0	0	0	0	0
Q8IVW6-4	Q8IVW6-4	uc002ayd.3	protein_coding	0	0	0	2	2	0	0	0	0	0	0	0	0	0	0	0	0	0	0	0
Q8IVW8	Q8IVW8	uc002fxx.2	protein_coding	0	0	0	24	2	0	0	5	17	0	0	0	0	0	0	0	0	0	0	0
Q8IW40	Q8IW40	uc002iho.4	protein_coding	0	0	0	1	0	0	0	1	0	0	0	0	0	0	0	0	0	0	0	0
Q8IW40	Q8IW40	uc031rax.1	protein_coding	0	0	0	1	0	0	0	1	0	0	0	0	0	0	0	0	0	0	0	0
Q8IW40	Q8IW40	uc031ray.1	protein_coding	0	0	0	1	0	0	0	1	0	0	0	0	0	0	0	0	0	0	0	0
Q8IWB6	Q8IWB6	uc010dcz.2	protein_coding	0	1	1	6	0	0	0	0	5	1	0	0	0	0	0	0	0	0	1	1
Q8IWB6-2	Q8IWB6-2	uc002iwr.2	protein_coding	0	1	1	6	0	0	0	0	5	1	0	0	0	0	0	0	0	0	1	1
Q8IWB6-3	Q8IWB6-3	uc002iws.2	protein_coding	0	1	0	7	0	0	0	0	6	0	0	0	0	0	0	0	0	0	1	1
Q8IWB6-3	Q8IWB6-3	uc010dda.2	protein_coding	0	1	0	7	0	0	0	0	6	0	0	0	0	0	0	0	0	0	1	1
Q8IWB9	Q8IWB9	uc002jec.3	protein_coding	0	1	1	7	0	0	0	0	7	1	0	0	0	0	0	0	0	0	1	0
Q8IWB9	Q8IWB9	uc002jee.3	protein_coding	0	1	1	7	0	0	0	0	7	1	0	0	0	0	0	0	0	0	1	0
Q8IWB9-2	Q8IWB9-2	uc002jed.3	protein_coding	0	1	1	7	0	0	0	0	7	1	0	0	0	0	0	0	0	0	1	0
Q8IWD5	Q8IWD5	uc002glp.2	protein_coding	0	1	2	3	0	0	0	0	0	2	0	0	0	0	0	0	0	0	1	3
Q8IWE4	Q8IWE4	uc002dhz.3	protein_coding	0	1	0	4	2	0	0	0	2	0	0	0	0	0	0	0	0	0	1	0
Q8IWI9-2	Q8IWI9-2	uc001zoi.3	protein_coding	0	0	0	2	0	0	0	1	0	0	0	0	0	0	0	0	0	0	0	1
Q8IWL8	Q8IWL8	uc002ijy.2	protein_coding	0	0	0	3	1	0	0	1	0	0	0	0	0	0	0	0	0	0	0	1
Q8IWR0	Q8IWR0	uc002dbl.3	protein_coding	0	2	0	13	0	0	0	0	14	0	0	0	0	1	0	0	0	0	1	0
Q8IWR0-2	Q8IWR0-2	uc002dbh.3	protein_coding	0	0	0	6	0	0	0	0	1	0	0	0	0	0	0	0	0	0	0	5
Q8IWR0-2	Q8IWR0-2	uc002dbi.3	protein_coding	0	0	0	7	0	0	1	0	6	0	0	0	0	0	0	0	0	0	0	0
Q8IWV7	Q8IWV7	uc001zqq.3	protein_coding	0	1	0	15	2	0	0	0	13	0	0	0	0	0	0	0	0	0	1	0
Q8IWV7	Q8IWV7	uc010udk.1	protein_coding	0	0	0	7	0	0	0	0	7	0	0	0	0	0	0	0	0	0	0	0
Q8IWX7	Q8IWX7	uc002hja.3	protein_coding	0	1	0	14	2	0	0	4	8	0	0	0	0	0	0	0	0	0	1	0
Q8IWX7-2	Q8IWX7-2	uc010cto.3	protein_coding	0	1	0	14	2	0	0	4	8	0	0	0	0	0	0	0	0	0	1	0
Q8IWX7-3	Q8IWX7-3	uc002hjb.3	protein_coding	0	1	0	14	2	0	0	4	8	0	0	0	0	0	0	0	0	0	1	0
Q8IWX7-3	Q8IWX7-3	uc002hjc.3	protein_coding	0	1	0	14	2	0	0	4	8	0	0	0	0	0	0	0	0	0	1	0
Q8IWY8	Q8IWY8	uc001zrj.1	protein_coding	0	0	0	9	1	0	0	1	5	0	0	0	0	0	0	0	0	0	0	2
Q8IWY8	Q8IWY8	uc001zrk.1	protein_coding	0	0	1	8	1	0	0	1	6	1	0	0	0	0	0	0	0	0	0	0
Q8IWY8-4	Q8IWY8-4	uc010bdg.1	protein_coding	0	0	1	8	1	0	0	1	6	1	0	0	0	0	0	0	0	0	0	0
Q8IWY9	Q8IWY9	uc001zql.3	protein_coding	0	7	2	18	2	0	0	2	16	2	0	0	0	2	0	0	0	0	5	0
Q8IX07	Q8IX07	uc002fkv.3	protein_coding	0	0	1	8	1	0	0	1	6	1	0	0	0	0	0	0	0	0	0	0
Q8IX18	Q8IX18	uc002ixn.2	protein_coding	0	0	0	3	0	0	0	0	3	0	0	0	0	0	0	0	0	0	0	0
Q8IXA3	Q8IXA3	uc002ang.1	protein_coding	0	1	0	1	0	0	0	0	1	0	0	0	0	1	0	0	0	0	1	0
Q8IXA3	Q8IXA3	uc002anh.1	protein_coding	0	1	0	1	0	0	0	0	1	0	0	0	0	1	0	0	0	0	1	0
Q8IXA5	Q8IXA5	uc002hhs.1	protein_coding	0	0	1	14	0	0	0	0	13	1	0	0	0	0	0	0	0	0	0	1
Q8IXB3	Q8IXB3	uc002fsi.1	protein_coding	0	0	2	11	1	0	1	0	6	2	0	0	0	0	0	0	0	0	0	3
Q8IXI1	Q8IXI1	uc002cip.3	protein_coding	0	4	2	21	1	0	0	0	6	2	0	0	0	0	0	0	0	0	4	14
Q8IXI1	Q8IXI1	uc002ciq.3	protein_coding	1	2	1	23	1	0	2	0	6	1	0	0	0	0	1	0	0	0	2	14
Q8IXI1	Q8IXI1	uc010bqy.3	protein_coding	0	2	1	18	1	1	1	0	2	1	0	0	0	0	0	0	0	0	1	14
Q8IXI2	Q8IXI2	uc002hgv.3	protein_coding	0	0	0	1	0	0	0	0	1	0	0	0	0	0	0	0	0	0	0	0
Q8IXI2	Q8IXI2	uc002hgx.3	protein_coding	0	0	0	2	0	0	0	0	2	0	0	0	0	0	0	0	0	0	0	0
Q8IXI2	Q8IXI2	uc002hgz.3	protein_coding	0	0	0	2	0	0	0	0	2	0	0	0	0	0	0	0	0	0	0	0
Q8IXI2	Q8IXI2	uc002hhb.3	protein_coding	0	0	0	2	0	0	0	0	2	0	0	0	0	0	0	0	0	0	0	0
Q8IXI2-2	Q8IXI2-2	uc010wby.2	protein_coding	0	0	0	2	0	0	0	0	2	0	0	0	0	0	0	0	0	0	0	0
Q8IXI2-3	Q8IXI2-3	uc002hgw.3	protein_coding	0	0	0	2	0	0	0	0	2	0	0	0	0	0	0	0	0	0	0	0
Q8IXM2	Q8IXM2	uc002gec.3	protein_coding	0	1	0	4	0	0	3	1	0	0	0	0	0	1	0	0	0	0	1	0
Q8IXM2-2	Q8IXM2-2	uc010vti.2	protein_coding	0	0	0	5	0	0	3	1	1	0	0	0	0	0	0	0	0	0	0	0
Q8IXQ8-2	Q8IXQ8-2	uc002dka.2	protein_coding	0	0	0	1	0	0	0	1	0	0	0	0	0	0	0	0	0	0	0	0
Q8IXW9	Q8IXW9	uc002jwd.1	protein_coding	0	2	0	3	0	0	0	1	2	0	0	0	0	0	0	0	0	0	2	0
Q8IY22	Q8IY22	uc002fgp.3	protein_coding	0	1	0	28	2	0	0	1	25	0	0	0	0	0	0	0	0	0	1	0
Q8IY22	Q8IY22	uc010vnq.2	protein_coding	0	1	0	18	2	0	0	1	13	0	0	0	0	0	0	0	0	0	1	2
Q8IY22-2	Q8IY22-2	uc002fgq.2	protein_coding	0	1	0	21	2	0	0	1	18	0	0	0	0	0	0	0	0	0	1	0
Q8IY22-3	Q8IY22-3	uc002fgr.2	protein_coding	0	1	0	14	2	0	1	1	10	0	0	0	0	0	0	0	0	0	1	0
Q8IY31	Q8IY31	uc002haw.2	protein_coding	0	0	0	3	0	0	0	2	1	0	0	0	0	0	0	0	0	0	0	0
Q8IY31	Q8IY31	uc031qzl.1	protein_coding	0	0	0	3	0	0	0	2	1	0	0	0	0	0	0	0	0	0	0	0
Q8IY31-2	Q8IY31-2	uc002hav.2	protein_coding	0	0	0	3	0	0	0	2	1	0	0	0	0	0	0	0	0	0	0	0
Q8IY31-3	Q8IY31-3	uc002hau.2	protein_coding	0	0	0	3	0	0	0	2	1	0	0	0	0	0	0	0	0	0	0	0
Q8IY81	Q8IY81	uc002jbz.3	protein_coding	0	1	2	14	1	0	0	2	7	2	0	0	0	1	0	0	0	0	0	5
Q8IY81	Q8IY81	uc002jca.3	protein_coding	0	1	2	15	1	0	2	2	7	2	0	0	0	1	0	0	0	0	0	4
Q8IY82	Q8IY82	uc002emi.3	protein_coding	0	0	3	4	0	0	0	1	3	3	0	0	0	0	0	0	0	0	0	0
Q8IY82	Q8IY82	uc002emj.3	protein_coding	0	0	3	4	0	0	0	1	3	3	0	0	0	0	0	0	0	0	0	0
Q8IY82-2	Q8IY82-2	uc002emk.3	protein_coding	0	0	2	5	0	0	0	1	4	2	0	0	0	0	0	0	0	0	0	0
Q8IY85	Q8IY85	uc002iln.3	protein_coding	0	2	3	26	0	0	0	2	24	3	0	0	0	0	0	0	0	0	2	0
Q8IY92	Q8IY92	uc002cvp.2	protein_coding	0	8	4	19	3	0	0	3	13	4	0	0	0	0	0	0	0	0	8	0
Q8IYD9	Q8IYD9	uc002lfn.5	protein_coding	0	0	0	8	2	0	0	0	3	0	0	0	0	0	0	0	0	0	0	3
Q8IYD9	Q8IYD9	uc031rij.1	protein_coding	0	0	0	8	2	0	0	0	3	0	0	0	0	0	0	0	0	0	0	3
Q8IYF1	Q8IYF1	uc002lcr.1	protein_coding	0	0	2	3	1	0	0	2	0	2	0	0	0	0	0	0	0	0	0	0
Q8IYJ7	Q8IYJ7	uc001zzd.3	protein_coding	0	1	0	4	0	0	0	2	2	0	0	0	0	0	0	0	0	0	1	0
Q8IYJ7	Q8IYJ7	uc010bey.1	protein_coding	0	1	0	4	0	0	0	2	2	0	0	0	0	0	0	0	0	0	1	0
Q8IYM1	Q8IYM1	uc002cxq.3	protein_coding	0	1	0	5	0	0	0	0	5	0	0	0	0	0	0	0	0	0	1	0
Q8IYM1-2	Q8IYM1-2	uc002cxr.3	protein_coding	0	0	0	6	0	0	0	0	6	0	0	0	0	0	0	0	0	0	0	0
Q8IYM2	Q8IYM2	uc002hji.4	protein_coding	0	0	1	4	0	0	0	1	3	1	0	0	0	0	0	0	0	0	0	0
Q8IYM2	Q8IYM2	uc002hjj.4	protein_coding	0	0	1	4	0	0	0	1	3	1	0	0	0	0	0	0	0	0	0	0
Q8IYM2	Q8IYM2	uc010cts.3	protein_coding	0	0	1	4	0	0	0	1	3	1	0	0	0	0	0	0	0	0	0	0
Q8IYN6	Q8IYN6	uc010wsy.1	protein_coding	0	1	0	3	0	0	0	2	1	0	0	0	0	0	0	0	0	0	1	0
Q8IYR2	Q8IYR2	uc002ftm.4	protein_coding	0	2	2	17	1	0	0	4	11	2	0	0	0	0	0	0	0	0	2	1
Q8IYR2	Q8IYR2	uc002ftn.1	protein_coding	0	0	1	14	0	0	1	5	5	1	0	0	0	0	0	0	0	0	0	3
Q8IYS4	Q8IYS4	uc002cxn.3	protein_coding	0	0	0	2	0	0	0	0	1	0	0	0	0	0	0	0	0	0	0	1
Q8IYS8	Q8IYS8	uc002lgm.3	protein_coding	0	0	0	4	4	0	0	0	0	0	0	0	0	0	0	0	0	0	0	0
Q8IYT2	Q8IYT2	uc002ezy.4	protein_coding	0	0	2	1	1	0	0	0	0	2	0	0	0	0	0	0	0	0	0	0
Q8IYT2	Q8IYT2	uc002ezz.4	protein_coding	0	0	2	1	1	0	0	0	0	2	0	0	0	0	0	0	0	0	0	0
Q8IYT2	Q8IYT2	uc010cga.3	protein_coding	0	0	2	1	1	0	0	0	0	2	0	0	0	0	0	0	0	0	0	0
Q8IYT2	Q8IYT2	uc021tkr.1	protein_coding	0	0	2	1	0	0	0	1	0	2	0	0	0	0	0	0	0	0	0	0
Q8IYT8	Q8IYT8	uc002gwm.4	protein_coding	0	1	1	13	0	0	0	0	13	1	0	0	0	0	0	0	0	0	1	0
Q8IYT8	Q8IYT8	uc002gwn.3	protein_coding	0	1	1	13	2	0	0	0	11	1	0	0	0	0	0	0	0	0	1	0
Q8IYX1	Q8IYX1	uc002avz.3	protein_coding	0	0	0	7	0	0	0	1	6	0	0	0	0	0	0	0	0	0	0	0
Q8IZ73	Q8IZ73	uc001zmd.1	protein_coding	0	0	0	2	0	0	0	0	0	0	0	0	0	0	0	0	0	0	0	2
Q8IZ96	Q8IZ96	uc002epi.4	protein_coding	0	1	0	1	0	0	0	1	0	0	0	0	0	0	0	0	0	0	1	0
Q8IZ96-15	Q8IZ96-15	uc002epa.4	protein_coding	0	1	0	1	0	0	0	1	0	0	0	0	0	0	0	0	0	0	1	0
Q8IZ96-17	Q8IZ96-17	uc002epr.4	protein_coding	0	1	0	1	0	0	0	1	0	0	0	0	0	0	0	0	0	0	1	0
Q8IZ96-4	Q8IZ96-4	uc002eph.4	protein_coding	0	1	0	1	0	0	0	1	0	0	0	0	0	0	0	0	0	0	1	0
Q8IZ96-5	Q8IZ96-5	uc002epl.4	protein_coding	0	1	0	1	0	0	0	1	0	0	0	0	0	0	0	0	0	0	1	0
Q8IZ96-6	Q8IZ96-6	uc002epk.4	protein_coding	0	1	0	1	0	0	0	1	0	0	0	0	0	0	0	0	0	0	1	0
Q8IZ96-7	Q8IZ96-7	uc002epj.4	protein_coding	0	1	0	1	0	0	0	1	0	0	0	0	0	0	0	0	0	0	1	0
Q8IZD0	Q8IZD0	uc002iqg.4	protein_coding	0	0	0	8	0	0	0	5	2	0	0	0	0	0	0	0	0	0	0	1
Q8IZD0-2	Q8IZD0-2	uc002iqf.4	protein_coding	0	0	0	8	0	0	0	5	2	0	0	0	0	0	0	0	0	0	0	1
Q8IZF4	Q8IZF4	uc002elx.4	protein_coding	0	0	0	3	0	0	1	0	2	0	0	0	0	0	0	0	0	0	0	0
Q8IZF4	Q8IZF4	uc002ely.3	protein_coding	0	0	0	3	0	0	1	0	2	0	0	0	0	0	0	0	0	0	0	0
Q8IZK7	Q8IZK7	uc002ghi.1	protein_coding	0	0	0	1	0	0	0	0	1	0	0	0	0	0	0	0	0	0	0	0
Q8IZL8	Q8IZL8	uc002fyi.4	protein_coding	0	1	0	13	0	0	0	0	13	0	0	0	0	0	0	0	0	0	1	0
Q8IZP1	Q8IZP1	uc002hoo.2	protein_coding	0	0	0	5	0	0	0	5	0	0	0	0	0	0	0	0	0	0	0	0
Q8IZP1	Q8IZP1.2	uc002hpr.2	protein_coding	0	1	1	22	0	0	2	2	12	1	0	0	0	0	0	0	0	0	1	6
Q8IZP1	Q8IZP1.2	uc010cvk.2	protein_coding	0	1	1	28	0	0	2	2	14	1	0	0	0	0	0	0	0	0	1	10
Q8IZP1	Q8IZP1.2	uc010wdm.1	protein_coding	0	1	1	14	0	0	1	2	0	1	0	0	0	0	0	0	0	0	1	11
Q8IZQ8	Q8IZQ8	uc002gnn.2	protein_coding	0	0	0	5	0	0	0	0	5	0	0	0	0	0	0	0	0	0	0	0
Q8IZQ8-2	Q8IZQ8-2	uc002gnp.1	protein_coding	0	0	0	5	0	0	0	0	4	0	0	0	0	0	0	0	0	0	0	1
Q8IZQ8-3	Q8IZQ8-3	uc002gno.2	protein_coding	0	0	0	5	0	0	0	0	5	0	0	0	0	0	0	0	0	0	0	0
Q8IZW8	Q8IZW8	uc010cxb.3	protein_coding	0	0	1	10	0	0	0	0	10	1	0	0	0	0	0	0	0	0	0	0
Q8J025	Q8J025	uc002kom.4	protein_coding	0	1	0	8	1	0	0	0	7	0	0	0	0	0	0	0	0	0	1	0
Q8MH63	Q8MH63	uc002dtl.1	protein_coding	0	1	0	1	0	0	0	1	0	0	0	0	0	0	0	0	0	0	1	0
Q8N0V3	Q8N0V3	uc002lns.3	protein_coding	0	0	1	3	0	0	0	0	3	1	0	0	0	0	0	0	0	0	0	0
Q8N0V3-2	Q8N0V3-2	uc010drh.3	protein_coding	0	0	0	4	1	0	0	0	3	0	0	0	0	0	0	0	0	0	0	0
Q8N0W3	Q8N0W3	uc002eyy.3	protein_coding	0	8	1	17	0	1	1	5	11	1	0	0	0	0	0	0	0	0	7	0
Q8N0W3-2	Q8N0W3-2	uc010cft.3	protein_coding	0	8	1	17	0	1	1	5	11	1	0	0	0	0	0	0	0	0	7	0
Q8N0W5	Q8N0W5	uc002dgr.3	protein_coding	0	0	1	7	1	0	0	2	3	1	0	0	0	0	0	0	0	0	0	1
Q8N0W5	Q8N0W5	uc010vau.2	protein_coding	0	0	1	6	1	0	0	2	3	1	0	0	0	0	0	0	0	0	0	0
Q8N0X1	Q8N0X1	uc001yuf.3	protein_coding	0	1	1	2	0	0	1	1	0	1	0	0	0	0	0	0	0	0	1	0
Q8N0Y3	Q8N0Y3	uc001yuc.1	protein_coding	0	6	5	35	1	1	2	0	27	5	0	0	0	0	0	0	0	0	5	5
Q8N0Y3	Q8N0Y3	uc010tzv.2	protein_coding	0	5	5	2	1	0	0	0	0	5	0	0	0	0	0	0	0	0	5	1
Q8N122	Q8N122	uc002jyt.1	protein_coding	0	5	0	82	1	0	0	3	78	0	0	0	0	0	0	0	0	0	5	0
Q8N122-2	Q8N122-2	uc002jys.3	protein_coding	0	1	0	28	1	0	0	1	26	0	0	0	0	0	0	0	0	0	1	0
Q8N138	Q8N138	uc002htj.2	protein_coding	0	0	0	1	1	0	0	0	0	0	0	0	0	0	0	0	0	0	0	0
Q8N138	Q8N138	uc002htk.2	protein_coding	0	0	0	1	1	0	0	0	0	0	0	0	0	0	0	0	0	0	0	0
Q8N139	Q8N139	uc002jhw.1	protein_coding	0	0	3	18	1	0	0	0	17	3	0	0	0	0	0	0	0	0	0	0
Q8N139-3	Q8N139-3	uc002jhy.3	protein_coding	0	0	0	2	0	0	0	0	2	0	0	0	0	0	0	0	0	0	0	0
Q8N143	Q8N143	uc002geg.2	protein_coding	0	2	0	4	0	0	0	0	3	0	0	0	0	0	0	0	0	0	2	1
Q8N144	Q8N144	uc010cwz.3	protein_coding	0	0	0	1	0	0	0	1	0	0	0	0	0	0	0	0	0	0	0	0
Q8N159	Q8N159	uc002ies.3	protein_coding	0	0	0	6	1	0	0	2	3	0	0	0	0	0	0	0	0	0	0	0
Q8N159	Q8N159	uc010czn.3	protein_coding	0	0	0	6	1	0	0	2	3	0	0	0	0	0	0	0	0	0	0	0
Q8N1A0	Q8N1A0	uc002hvb.2	protein_coding	0	0	0	3	0	0	0	0	3	0	0	0	0	0	0	0	0	0	0	0
Q8N1A0	Q8N1A0	uc002hvc.2	protein_coding	0	0	0	3	0	0	0	0	3	0	0	0	0	0	0	0	0	0	0	0
Q8N1A0-2	Q8N1A0-2	uc010cxc.3	protein_coding	0	0	0	3	1	0	0	0	2	0	0	0	0	0	0	0	0	0	0	0
Q8N1F1	Q8N1F1	uc002gqc.3	protein_coding	0	0	1	11	0	0	0	6	4	1	0	0	0	0	0	0	0	0	0	1
Q8N1F1	Q8N1F1	uc021tqt.1	protein_coding	0	0	1	9	0	0	0	7	1	1	0	0	0	0	0	0	0	0	0	1
Q8N1F1	Q8N1F1	uc021tqz.1	protein_coding	0	0	1	11	0	0	0	6	4	1	0	0	0	0	0	0	0	0	0	1
Q8N1F7	Q8N1F7	uc002eka.3	protein_coding	0	2	0	10	0	0	0	0	10	0	0	0	0	0	0	0	0	0	2	0
Q8N1N2	Q8N1N2	uc002lfq.1	protein_coding	0	0	2	1	0	0	0	0	1	2	0	0	0	0	0	0	0	0	0	0
Q8N1P8	Q8N1P8	uc002fhs.1	protein_coding	0	1	3	9	0	0	2	0	6	3	0	0	0	1	0	0	0	0	0	2
Q8N1S5	Q8N1S5	uc002jjb.3	protein_coding	0	1	1	15	2	0	0	1	12	1	0	0	0	0	0	0	0	0	1	0
Q8N1S5-2	Q8N1S5-2	uc002jja.3	protein_coding	0	1	1	15	2	0	0	1	12	1	0	0	0	0	0	0	0	0	1	0
Q8N1V2	Q8N1V2	uc002gly.3	protein_coding	0	0	1	4	1	0	0	1	2	1	0	0	0	0	0	0	0	0	0	0
Q8N1V2-2	Q8N1V2-2	uc010coc.3	protein_coding	0	0	1	4	1	0	0	1	2	1	0	0	0	0	0	0	0	0	0	0
Q8N1V2-3	Q8N1V2-3	uc002glz.3	protein_coding	0	0	1	4	1	0	0	1	2	1	0	0	0	0	0	0	0	0	0	0
Q8N1W2	Q8N1W2	uc002bov.2	protein_coding	0	2	0	12	0	0	0	1	10	0	0	0	0	0	0	0	0	0	2	1
Q8N2G8	Q8N2G8	uc002hzd.3	protein_coding	0	0	0	2	1	0	0	1	0	0	0	0	0	0	0	0	0	0	0	0
Q8N2G8	Q8N2G8	uc002hzf.4	protein_coding	0	0	0	2	1	0	0	1	0	0	0	0	0	0	0	0	0	0	0	0
Q8N2G8	Q8N2G8	uc002hzg.2	protein_coding	0	0	0	2	1	0	0	1	0	0	0	0	0	0	0	0	0	0	0	0
Q8N2G8-2	Q8N2G8-2	uc002hze.4	protein_coding	0	0	0	2	1	0	0	1	0	0	0	0	0	0	0	0	0	0	0	0
Q8N2U0	Q8N2U0	uc002ggs.3	protein_coding	0	0	1	3	0	0	0	0	2	1	0	0	0	0	0	0	0	0	0	1
Q8N2U9	Q8N2U9	uc002lnl.2	protein_coding	0	0	0	6	0	0	0	1	5	0	0	0	0	0	0	0	0	0	0	0
Q8N2U9	Q8N2U9	uc010dre.2	protein_coding	0	0	0	6	0	0	0	1	5	0	0	0	0	0	0	0	0	0	0	0
Q8N2U9-3	Q8N2U9-3	uc010xfm.1	protein_coding	0	0	0	6	0	0	0	1	5	0	0	0	0	0	0	0	0	0	0	0
Q8N370	Q8N370	uc002fsv.3	protein_coding	0	0	0	16	2	0	0	3	11	0	0	0	0	0	0	0	0	0	0	0
Q8N370-2	Q8N370-2	uc002fsw.3	protein_coding	0	0	1	8	0	0	0	0	8	1	0	0	0	0	0	0	0	0	0	0
Q8N370-2	Q8N370-2	uc002fsx.3	protein_coding	0	0	1	8	0	0	0	0	8	1	0	0	0	0	0	0	0	0	0	0
Q8N370-3	Q8N370-3	uc002fsu.3	protein_coding	0	0	0	16	2	0	0	3	11	0	0	0	0	0	0	0	0	0	0	0
Q8N371	Q8N371	uc002doh.2	protein_coding	0	0	0	4	0	0	0	0	3	0	0	0	0	0	0	0	0	0	0	1
Q8N371-3	Q8N371-3	uc010vcn.1	protein_coding	0	0	0	4	0	0	1	0	1	0	0	0	0	0	0	0	0	0	0	2
Q8N3E9	Q8N3E9	uc002iib.3	protein_coding	0	2	0	10	1	0	0	1	7	0	0	0	0	0	0	0	0	0	2	1
Q8N3J2	Q8N3J2	uc002klh.4	protein_coding	0	4	4	8	1	1	1	0	6	4	0	0	0	0	0	0	0	0	3	0
Q8N3J3	Q8N3J3	uc002ifi.2	protein_coding	0	0	2	2	1	0	0	0	1	2	0	0	0	0	0	0	0	0	0	0
Q8N3J3-3	Q8N3J3-3	uc002ifj.2	protein_coding	0	0	2	2	1	0	0	0	1	2	0	0	0	0	0	0	0	0	0	0
Q8N3Z4	Q8N3Z4	uc002jxg.2	protein_coding	0	0	0	8	1	0	0	0	3	0	0	0	0	0	0	0	0	0	0	4
Q8N461	Q8N461	uc002cjb.3	protein_coding	0	0	0	4	2	0	0	2	0	0	0	0	0	0	0	0	0	0	0	0
Q8N461	Q8N461	uc021taa.1	protein_coding	0	0	0	5	2	0	0	2	0	0	0	0	0	0	0	0	0	0	0	1
Q8N4B4	Q8N4B4	uc010vtg.2	protein_coding	0	1	1	12	1	0	0	0	9	1	0	0	0	0	0	0	0	0	1	2
Q8N4C8	Q8N4C8	uc010vsl.2	protein_coding	0	1	2	19	2	0	0	2	15	2	0	0	0	1	0	0	0	0	1	0
Q8N4C8-2	Q8N4C8-2	uc010vsn.2	protein_coding	0	1	2	19	2	0	0	2	15	2	0	0	0	1	0	0	0	0	1	0
Q8N4C8-2	Q8N4C8-2	uc010vso.2	protein_coding	0	1	2	19	2	0	0	2	15	2	0	0	0	1	0	0	0	0	1	0
Q8N4C8-3	Q8N4C8-3	uc010vsk.2	protein_coding	0	1	2	19	2	0	0	2	15	2	0	0	0	1	0	0	0	0	1	0
Q8N4C8-3	Q8N4C8-3	uc010vsp.2	protein_coding	0	0	2	13	2	0	1	2	7	2	0	0	0	1	0	0	0	0	0	1
Q8N4C8-4	Q8N4C8-4	uc010vsm.2	protein_coding	0	1	2	19	2	0	0	2	15	2	0	0	0	1	0	0	0	0	1	0
Q8N4L4	Q8N4L4	uc002ggv.3	protein_coding	0	0	0	2	0	0	0	2	0	0	0	0	0	0	0	0	0	0	0	0
Q8N4N3	Q8N4N3	uc002fig.3	protein_coding	0	1	0	4	0	0	0	3	1	0	0	0	0	0	0	0	0	0	1	0
Q8N4N3-2	Q8N4N3-2	uc010chl.3	protein_coding	0	1	0	4	0	0	0	3	1	0	0	0	0	0	0	0	0	0	1	0
Q8N4N8	Q8N4N8	uc002iua.2	protein_coding	0	3	4	1	0	0	0	1	0	4	0	0	0	0	0	0	0	0	3	0
Q8N4P3-2	Q8N4P3-2	uc002bqe.4	protein_coding	0	0	0	2	0	0	0	0	0	0	0	0	0	0	0	0	0	0	0	2
Q8N4S7	Q8N4S7	uc002csj.4	protein_coding	0	0	0	6	2	0	0	1	2	0	0	0	0	0	0	0	0	0	0	1
Q8N4S7	Q8N4S7	uc010uwm.2	protein_coding	0	0	0	6	2	0	1	1	0	0	0	0	0	0	0	0	0	0	0	2
Q8N4S7-2	Q8N4S7-2	uc002csk.4	protein_coding	0	0	0	6	2	0	0	1	2	0	0	0	0	0	0	0	0	0	0	1
Q8N4W3	Q8N4W3	uc002htq.3	protein_coding	0	0	0	12	2	0	2	3	5	0	0	0	0	0	0	0	0	0	0	0
Q8N511	Q8N511	uc002hba.3	protein_coding	0	0	0	4	0	0	0	3	1	0	0	0	0	0	0	0	0	0	0	0
Q8N543	Q8N543	uc002ejb.3	protein_coding	0	0	0	2	0	0	0	0	2	0	0	0	0	0	0	0	0	0	0	0
Q8N543	Q8N543	uc002ejc.3	protein_coding	0	0	0	2	0	0	0	0	2	0	0	0	0	0	0	0	0	0	0	0
Q8N554	Q8N554	uc002fos.4	protein_coding	0	0	1	12	4	0	0	1	3	1	0	0	0	0	0	0	0	0	0	4
Q8N554	Q8N554	uc010cis.3	protein_coding	0	0	1	12	4	0	0	1	3	1	0	0	0	0	0	0	0	0	0	4
Q8N584	Q8N584	uc002kuw.3	protein_coding	0	2	0	17	0	0	0	0	17	0	0	0	0	1	0	0	0	0	1	1
Q8N589	Q8N589	uc002lid.2	protein_coding	0	0	0	1	0	0	0	0	1	0	0	0	0	0	0	0	0	0	0	0
Q8N5C7	Q8N5C7	uc001zxq.3	protein_coding	0	0	1	4	0	0	1	0	3	1	0	0	0	0	0	0	0	0	0	0
Q8N5C7	Q8N5C7	uc001zxs.3	protein_coding	0	0	1	4	0	0	1	0	3	1	0	0	0	0	0	0	0	0	0	0
Q8N5C7-2	Q8N5C7-2	uc001zxr.3	protein_coding	0	0	0	5	0	0	2	0	3	0	0	0	0	0	0	0	0	0	0	0
Q8N5M1	Q8N5M1	uc002gse.1	protein_coding	0	0	0	5	1	0	0	1	3	0	0	0	0	0	0	0	0	0	0	0
Q8N5P9	Q8N5P9	uc002kqu.4	protein_coding	1	0	1	7	0	0	1	0	6	1	0	0	0	0	1	0	0	0	0	0
Q8N5R6-4	Q8N5R6-4	uc002axr.4	protein_coding	0	0	0	2	0	0	0	0	2	0	0	0	0	0	0	0	0	0	0	0
Q8N5R6-5	Q8N5R6-5	uc002axq.4	protein_coding	0	0	0	2	0	0	0	0	2	0	0	0	0	0	0	0	0	0	0	0
Q8N5R6-5	Q8N5R6-5	uc031qss.1	protein_coding	0	0	0	2	0	0	0	0	2	0	0	0	0	0	0	0	0	0	0	0
Q8N5R6-6	Q8N5R6-6	uc002axo.4	protein_coding	0	1	0	12	0	1	1	0	11	0	0	0	0	0	0	0	0	0	0	0
Q8N5S9	Q8N5S9	uc002fwt.3	protein_coding	0	2	1	28	4	0	0	2	20	1	0	0	0	0	0	0	0	0	2	2
Q8N5S9	Q8N5S9	uc002fwu.3	protein_coding	0	2	1	28	4	0	0	2	22	1	0	0	0	0	0	0	0	0	2	0
Q8N5S9-2	Q8N5S9-2	uc002fwv.3	protein_coding	0	2	0	27	0	0	0	6	21	0	0	0	0	0	0	0	0	0	2	0
Q8N5T8	Q8N5T8	uc002gyz.4	protein_coding	0	0	2	5	0	0	0	2	2	2	0	0	0	0	0	0	0	0	0	1
Q8N5W9	Q8N5W9	uc002frj.3	protein_coding	0	0	0	4	1	0	0	2	0	0	0	0	0	0	0	0	0	0	0	1
Q8N5Y8	Q8N5Y8	uc002aoo.3	protein_coding	0	1	0	1	0	0	0	0	1	0	0	0	0	0	0	0	0	0	1	0
Q8N5Y8-2	Q8N5Y8-2	uc002aop.3	protein_coding	0	1	0	1	0	0	0	0	1	0	0	0	0	0	0	0	0	0	1	0
Q8N5Y8-3	Q8N5Y8-3	uc002aoq.3	protein_coding	0	1	0	1	0	0	0	0	1	0	0	0	0	0	0	0	0	0	1	0
Q8N635	Q8N635	uc002cne.2	protein_coding	0	1	2	51	0	0	0	1	50	2	0	0	0	0	0	0	0	0	1	0
Q8N6D5	Q8N6D5	uc002kun.3	protein_coding	0	1	0	3	1	0	0	0	2	0	0	0	0	0	0	0	0	0	1	0
Q8N6D5-3	Q8N6D5-3	uc002kuo.3	protein_coding	0	1	0	3	1	0	0	0	2	0	0	0	0	0	0	0	0	0	1	0
Q8N6N6	Q8N6N6	uc010vzx.2	protein_coding	0	0	0	9	6	0	0	0	3	0	0	0	0	0	0	0	0	0	0	0
Q8N6Q1	Q8N6Q1	uc001zjw.3	protein_coding	0	1	0	0	0	0	0	0	1	0	0	0	0	1	0	0	0	0	0	0
Q8N6Q1	Q8N6Q1	uc010bbc.1	protein_coding	0	1	0	0	0	0	0	0	1	0	0	0	0	1	0	0	0	0	0	0
Q8N6Q1-2	Q8N6Q1-2	uc001zjv.1	protein_coding	0	1	0	1	0	0	0	0	2	0	0	0	0	1	0	0	0	0	0	0
Q8N6V9	Q8N6V9	uc002adp.3	protein_coding	0	1	0	9	0	0	0	0	9	0	0	0	0	1	0	0	0	0	0	1
Q8N6V9	Q8N6V9	uc010ugl.2	protein_coding	0	1	0	9	0	0	0	0	9	0	0	0	0	1	0	0	0	0	0	1
Q8N729	Q8N729	uc002coh.4	protein_coding	0	0	2	14	0	0	1	5	0	2	0	0	0	0	0	0	0	0	0	8
Q8N749	Q8N749	uc002iuc.3	protein_coding	0	0	0	1	0	0	0	0	1	0	0	0	0	0	0	0	0	0	0	0
Q8N7B9	Q8N7B9	uc002izu.2	protein_coding	0	0	0	5	0	0	0	0	4	0	0	0	0	0	0	0	0	0	0	1
Q8N7Q0	Q8N7Q0	uc002has.3	protein_coding	0	0	0	2	0	0	0	1	1	0	0	0	0	0	0	0	0	0	0	0
Q8N7U2	Q8N7U2	uc010daz.1	protein_coding	0	1	3	15	0	0	0	0	15	3	0	0	0	0	0	0	0	0	1	0
Q8N7Z3	Q8N7Z3	uc021tzs.1	protein_coding	0	0	1	0	0	0	0	0	0	1	0	0	0	0	0	0	0	0	0	0
Q8N803	Q8N803	uc002dox.1	protein_coding	0	0	0	3	0	0	0	0	2	0	0	0	0	0	0	0	0	0	0	1
Q8N807	Q8N807	uc002dhc.1	protein_coding	0	2	2	5	0	0	0	0	6	2	0	0	0	1	0	0	0	0	1	0
Q8N808	Q8N808	uc002hjd.2	protein_coding	0	0	1	3	1	0	0	2	0	1	0	0	0	0	0	0	0	0	0	0
Q8N815	Q8N815	uc002ibm.4	protein_coding	0	0	1	3	0	0	0	0	0	1	0	0	0	0	0	0	0	0	0	3
Q8N815	Q8N815	uc010wha.2	protein_coding	0	0	1	3	0	0	0	0	0	1	0	0	0	0	0	0	0	0	0	3
Q8N816	Q8N816	uc002hvj.1	protein_coding	0	2	1	11	1	0	1	1	7	1	0	0	0	0	0	0	0	0	2	1
Q8N816	Q8N816	uc021txc.1	protein_coding	0	2	1	11	1	0	1	1	7	1	0	0	0	0	0	0	0	0	2	1
Q8N816	Q8N816	uc021txd.1	protein_coding	0	2	1	11	1	0	1	1	7	1	0	0	0	0	0	0	0	0	2	1
Q8N816	Q8N816	uc021txe.1	protein_coding	0	2	1	3	0	0	0	2	0	1	0	0	0	0	0	0	0	0	2	1
Q8N841	Q8N841	uc002ioc.3	protein_coding	0	0	0	7	0	0	2	0	5	0	0	0	0	0	0	0	0	0	0	0
Q8N841	Q8N841	uc002iod.3	protein_coding	0	0	0	7	0	0	2	0	5	0	0	0	0	0	0	0	0	0	0	0
Q8N8A8	Q8N8A8	uc002buk.1	protein_coding	0	2	1	11	6	0	0	0	5	1	0	0	0	0	0	0	0	0	2	0
Q8N8E3	Q8N8E3	uc002jfl.3	protein_coding	0	2	1	47	0	0	0	0	47	1	0	0	0	0	0	0	0	0	2	0
Q8N8E3	Q8N8E3	uc002jfm.3	protein_coding	0	2	1	47	0	0	0	0	47	1	0	0	0	0	0	0	0	0	2	0
Q8N8E3	Q8N8E3	uc010deo.3	protein_coding	0	2	1	45	0	0	0	0	44	1	0	0	0	0	0	0	0	0	2	1
Q8N8E3-2	Q8N8E3-2	uc002jfk.3	protein_coding	0	0	0	14	0	0	0	0	14	0	0	0	0	0	0	0	0	0	0	0
Q8N8G6	Q8N8G6	uc001zkg.2	protein_coding	0	0	0	5	5	0	0	0	0	0	0	0	0	0	0	0	0	0	0	0
Q8N8G6	Q8N8G6	uc021sjb.1	protein_coding	0	0	0	5	0	0	0	5	0	0	0	0	0	0	0	0	0	0	0	0
Q8N8I6	Q8N8I6	uc002kac.1	protein_coding	0	0	3	4	1	0	0	0	0	3	0	0	0	0	0	0	0	0	0	3
Q8N8N0	Q8N8N0	uc002lih.1	protein_coding	0	1	0	2	0	0	0	1	1	0	0	0	0	0	0	0	0	0	1	0
Q8N8N0	Q8N8N0	uc021ula.1	protein_coding	0	1	0	1	0	0	0	1	0	0	0	0	0	0	0	0	0	0	1	0
Q8N8Q3	Q8N8Q3	uc021ueo.1	protein_coding	0	0	0	16	8	0	0	0	8	0	0	0	0	0	0	0	0	0	0	0
Q8N8Q3-2	Q8N8Q3-2	uc002jyl.2	protein_coding	0	0	0	16	8	0	0	0	8	0	0	0	0	0	0	0	0	0	0	0
Q8N8Q3-3	Q8N8Q3-3	uc002jyk.3	protein_coding	0	0	0	8	1	0	0	1	6	0	0	0	0	0	0	0	0	0	0	0
Q8N8Q9	Q8N8Q9	uc001yux.3	protein_coding	0	0	0	3	0	0	0	2	1	0	0	0	0	0	0	0	0	0	0	0
Q8N8Q9	Q8N8Q9	uc001yuy.3	protein_coding	0	0	0	3	0	0	0	2	1	0	0	0	0	0	0	0	0	0	0	0
Q8N8Q9	Q8N8Q9	uc001yuz.3	protein_coding	0	0	0	3	0	0	0	2	1	0	0	0	0	0	0	0	0	0	0	0
Q8N8Q9	Q8N8Q9	uc001yvb.3	protein_coding	0	0	0	3	0	0	0	2	1	0	0	0	0	0	0	0	0	0	0	0
Q8N8U2	Q8N8U2	uc002ffs.3	protein_coding	0	0	0	8	0	0	0	0	8	0	0	0	0	0	0	0	0	0	0	0
Q8N8V4	Q8N8V4	uc010bwp.1	protein_coding	0	0	0	1	0	0	0	0	1	0	0	0	0	0	0	0	0	0	0	0
Q8N8V8	Q8N8V8	uc002kad.2	protein_coding	0	0	2	7	1	0	0	0	3	2	0	0	0	0	0	0	0	0	0	3
Q8N8X6-2	Q8N8X6-2	uc002ajj.1	protein_coding	0	0	0	13	0	0	0	2	6	0	0	0	0	0	0	0	0	0	0	5
Q8N957	Q8N957	uc002iun.1	protein_coding	0	3	1	9	0	0	0	0	9	1	0	0	0	0	0	0	0	0	3	0
Q8N9A8	Q8N9A8	uc002efu.3	protein_coding	0	0	0	6	2	0	0	1	3	0	0	0	0	0	0	0	0	0	0	0
Q8N9A8-2	Q8N9A8-2	uc002eft.3	protein_coding	0	0	0	6	2	0	0	1	3	0	0	0	0	0	0	0	0	0	0	0
Q8N9D1	Q8N9D1	uc002ezp.2	protein_coding	0	0	0	7	1	0	0	1	5	0	0	0	0	0	0	0	0	0	0	0
Q8N9F7	Q8N9F7	uc002ixk.2	protein_coding	0	0	0	3	0	0	0	0	3	0	0	0	0	0	0	0	0	0	0	0
Q8N9F7-2	Q8N9F7-2	uc002ixj.3	protein_coding	0	0	0	3	0	0	0	0	3	0	0	0	0	0	0	0	0	0	0	0
Q8N9F7-3	Q8N9F7-3	uc021uas.1	protein_coding	0	0	0	3	0	0	0	0	3	0	0	0	0	0	0	0	0	0	0	0
Q8N9M5	Q8N9M5	uc002ggx.1	protein_coding	0	0	0	4	0	0	1	3	0	0	0	0	0	0	0	0	0	0	0	0
Q8N9M5	Q8N9M5	uc002ggy.2	protein_coding	0	0	0	4	0	0	0	3	0	0	0	0	0	0	0	0	0	0	0	1
Q8N9N5	Q8N9N5	uc002fko.1	protein_coding	0	2	0	17	0	0	1	1	15	0	0	0	0	0	0	0	0	0	2	0
Q8N9N5	Q8N9N5	uc002fkr.3	protein_coding	0	3	0	18	0	0	0	0	18	0	0	0	0	0	0	0	0	0	3	0
Q8N9N5-2	Q8N9N5-2	uc002fkq.3	protein_coding	0	3	0	18	0	0	0	0	18	0	0	0	0	0	0	0	0	0	3	0
Q8N9N5-4	Q8N9N5-4	uc002fkp.3	protein_coding	0	3	0	18	0	0	0	0	18	0	0	0	0	0	0	0	0	0	3	0
Q8N9N5-5	Q8N9N5-5	uc010vov.2	protein_coding	0	3	0	18	0	0	0	0	18	0	0	0	0	0	0	0	0	0	3	0
Q8N9N5-6	Q8N9N5-6	uc002fks.4	protein_coding	0	3	0	18	0	0	0	0	18	0	0	0	0	0	0	0	0	0	3	0
Q8N9N7	Q8N9N7	uc001zqc.3	protein_coding	0	0	0	1	0	0	0	0	1	0	0	0	0	0	0	0	0	0	0	0
Q8N9N7	Q8N9N7	uc001zqd.2	protein_coding	0	0	0	1	0	0	0	0	1	0	0	0	0	0	0	0	0	0	0	0
Q8N9R6	Q8N9R6	uc021tqm.1	protein_coding	0	0	0	15	0	0	0	0	13	0	0	0	0	0	0	0	0	0	0	2
Q8N9T9	Q8N9T9	uc002gwk.3	protein_coding	0	0	2	3	0	0	0	1	1	2	0	0	0	0	0	0	0	0	0	1
Q8N9W4	Q8N9W4	uc021sfy.1	protein_coding	0	1	8	70	0	0	0	43	27	8	0	0	0	0	0	0	0	0	1	0
Q8NA03	Q8NA03	uc001zki.3	protein_coding	0	0	2	16	0	0	0	0	16	2	0	0	0	0	0	0	0	0	0	0
Q8NA19	Q8NA19	uc002kmz.4	protein_coding	0	0	1	17	3	0	0	0	14	1	0	0	0	0	0	0	0	0	0	0
Q8NA19	Q8NA19	uc010dkt.3	protein_coding	0	0	1	17	3	0	0	0	14	1	0	0	0	0	0	0	0	0	0	0
Q8NA31	Q8NA31	uc010viv.2	protein_coding	0	1	0	2	0	0	0	0	2	0	0	0	0	0	0	0	0	0	1	0
Q8NA31-2	Q8NA31-2	uc002eqd.1	protein_coding	0	1	0	2	0	0	0	0	2	0	0	0	0	0	0	0	0	0	1	0
Q8NA68	Q8NA68	uc001yvh.1	protein_coding	1	2	5	40	1	0	1	17	20	5	0	0	0	1	0	1	0	0	2	1
Q8NA82	Q8NA82	uc002jag.4	protein_coding	0	0	2	8	1	0	0	0	7	2	0	0	0	0	0	0	0	0	0	0
Q8NA82	Q8NA82	uc010ddr.3	protein_coding	0	0	2	8	1	0	0	0	7	2	0	0	0	0	0	0	0	0	0	0
Q8NAA5	Q8NAA5	uc010cph.2	protein_coding	0	2	0	11	1	0	0	5	5	0	0	0	0	0	0	0	0	0	2	0
Q8NAA5-2	Q8NAA5-2	uc002gqh.3	protein_coding	0	0	1	12	2	0	0	5	5	1	0	0	0	0	0	0	0	0	0	0
Q8NAA6	Q8NAA6	uc001zkf.1	protein_coding	0	0	1	5	2	0	0	0	2	1	0	0	0	0	0	0	0	0	0	1
Q8NAJ1	Q8NAJ1	uc002alq.1	protein_coding	0	1	1	2	1	0	1	0	0	1	0	0	0	0	0	0	0	0	1	0
Q8NB16	Q8NB16	uc002fdb.2	protein_coding	0	0	0	7	1	0	0	1	5	0	0	0	0	0	0	0	0	0	0	0
Q8NB16-2	Q8NB16-2	uc002fdc.2	protein_coding	0	0	0	7	1	0	0	1	5	0	0	0	0	0	0	0	0	0	0	0
Q8NB66	Q8NB66	uc021smr.1	protein_coding	0	3	1	33	2	0	0	0	31	1	0	0	0	1	0	0	0	0	2	1
Q8NB66	Q8NB66	uc021sms.1	protein_coding	0	3	1	33	2	0	0	0	31	1	0	0	0	1	0	0	0	0	2	1
Q8NBB2	Q8NBB2	uc002bfb.2	protein_coding	0	0	1	12	6	0	0	1	0	1	0	0	0	0	0	0	0	0	0	5
Q8NBN3	Q8NBN3	uc021sjr.1	protein_coding	0	0	0	12	1	0	0	0	9	0	0	0	0	0	0	0	0	0	0	2
Q8NBN3-2	Q8NBN3-2	uc001zpg.2	protein_coding	0	0	0	4	0	0	0	0	2	0	0	0	0	0	0	0	0	0	0	2
Q8NBN3-3	Q8NBN3-3	uc001zpf.4	protein_coding	0	0	0	11	0	0	0	4	5	0	0	0	0	0	0	0	0	0	0	2
Q8NBN3-3	Q8NBN3-3	uc010bcu.1	protein_coding	0	0	0	9	0	0	0	4	3	0	0	0	0	0	0	0	0	0	0	2
Q8NBR0	Q8NBR0	uc002hee.3	protein_coding	0	0	0	6	0	0	0	5	1	0	0	0	0	0	0	0	0	0	0	0
Q8NBR6	Q8NBR6	uc002afj.3	protein_coding	0	0	0	6	3	0	0	0	3	0	0	0	0	0	0	0	0	0	0	0
Q8NBR6-2	Q8NBR6-2	uc002afi.3	protein_coding	0	0	0	6	3	0	0	0	3	0	0	0	0	0	0	0	0	0	0	0
Q8NBZ0	Q8NBZ0	uc002dvg.1	protein_coding	0	0	0	6	0	0	0	1	2	0	0	0	0	0	0	0	0	0	0	3
Q8NC03	Q8NC03	uc002jmi.3	protein_coding	0	3	0	12	0	1	2	3	2	0	0	0	0	0	0	0	0	0	2	5
Q8NC06	Q8NC06	uc002iid.2	protein_coding	0	0	1	2	0	0	0	0	2	1	0	0	0	0	0	0	0	0	0	0
Q8NC06-2	Q8NC06-2	uc002iic.3	protein_coding	0	0	1	3	0	0	0	1	2	1	0	0	0	0	0	0	0	0	0	0
Q8NC06-2	Q8NC06-2	uc002iif.3	protein_coding	0	0	1	3	0	0	0	1	2	1	0	0	0	0	0	0	0	0	0	0
Q8NC06-3	Q8NC06-3	uc002iie.3	protein_coding	0	0	1	3	0	0	0	1	2	1	0	0	0	0	0	0	0	0	0	0
Q8NC06-3	Q8NC06-3	uc010dae.3	protein_coding	0	0	1	3	0	0	1	1	1	1	0	0	0	0	0	0	0	0	0	0
Q8NC06-3	Q8NC06-3	uc010wjj.2	protein_coding	0	0	1	4	0	0	0	1	2	1	0	0	0	0	0	0	0	0	0	1
Q8NC67	Q8NC67	uc002eer.2	protein_coding	0	0	0	2	1	0	0	0	1	0	0	0	0	0	0	0	0	0	0	0
Q8NCF0	Q8NCF0	uc002eyk.3	protein_coding	0	3	2	3	0	0	0	0	3	2	0	0	0	0	0	0	0	0	3	0
Q8NCF0-2	Q8NCF0-2	uc010vmw.1	protein_coding	0	1	0	30	0	0	0	24	6	0	0	0	0	0	0	0	0	0	1	0
Q8NCF5	Q8NCF5	uc002dru.3	protein_coding	0	0	1	5	0	0	0	0	5	1	0	0	0	0	0	0	0	0	0	0
Q8NCF5-2	Q8NCF5-2	uc002drv.3	protein_coding	0	0	0	6	0	0	0	0	4	0	0	0	0	0	0	0	0	0	0	2
Q8NCF5-3	Q8NCF5-3	uc010vdh.2	protein_coding	0	0	0	4	0	0	0	0	1	0	0	0	0	0	0	0	0	0	0	3
Q8NCH0	Q8NCH0	uc001zlw.3	protein_coding	0	0	0	5	0	0	0	0	0	0	0	0	0	0	0	0	0	0	0	5
Q8NCK7	Q8NCK7	uc002gei.1	protein_coding	0	1	0	3	0	0	0	2	0	0	0	0	0	0	0	0	0	0	1	1
Q8NCN5	Q8NCN5	uc002eyf.1	protein_coding	0	4	3	34	6	0	0	0	31	3	0	0	0	3	0	0	0	0	1	0
Q8NCN5	Q8NCN5	uc002eyg.1	protein_coding	0	3	1	36	6	0	0	0	20	1	0	0	0	2	0	0	0	0	1	12
Q8NCN5	Q8NCN5	uc010vlr.1	protein_coding	0	4	3	34	6	0	0	0	31	3	0	0	0	3	0	0	0	0	1	0
Q8NCQ5	Q8NCQ5	uc002llf.2	protein_coding	0	1	0	5	0	0	0	0	2	0	0	0	0	0	0	0	0	0	1	3
Q8NCQ7	Q8NCQ7	uc010crv.2	protein_coding	0	0	0	3	0	0	0	1	0	0	0	0	0	0	0	0	0	0	0	2
Q8NCQ7	Q8NCQ7	uc031qzo.1	protein_coding	0	0	0	2	0	0	0	1	0	0	0	0	0	0	0	0	0	0	0	1
Q8NCQ7-2	Q8NCQ7-2	uc002hca.1	protein_coding	0	0	0	3	0	0	0	1	1	0	0	0	0	0	0	0	0	0	0	1
Q8NCR1	Q8NCR1	uc031qxs.1	protein_coding	0	0	0	5	1	0	0	0	4	0	0	0	0	0	0	0	0	0	0	0
Q8NCT1	Q8NCT1	uc010bom.3	protein_coding	0	0	0	3	1	0	0	0	2	0	0	0	0	0	0	0	0	0	0	0
Q8NCU7	Q8NCU7	uc002ahf.4	protein_coding	0	0	0	1	1	0	0	0	0	0	0	0	0	0	0	0	0	0	0	0
Q8NCU7	Q8NCU7	uc021snl.1	protein_coding	0	0	0	1	0	0	0	1	0	0	0	0	0	0	0	0	0	0	0	0
Q8NCV1	Q8NCV1	uc002fhr.2	protein_coding	0	3	1	9	0	0	0	2	8	1	0	0	0	1	0	0	0	0	2	0
Q8NCV1-2	Q8NCV1-2	uc002fhq.2	protein_coding	0	4	1	8	0	0	0	2	7	1	0	0	0	2	0	0	0	0	3	0
Q8NCW0	Q8NCW0	uc002csg.3	protein_coding	0	0	0	5	0	0	0	4	1	0	0	0	0	0	0	0	0	0	0	0
Q8NCW0-2	Q8NCW0-2	uc010bsw.2	protein_coding	0	0	0	4	0	0	0	3	1	0	0	0	0	0	0	0	0	0	0	0
Q8NCW0-3	Q8NCW0-3	uc002csh.3	protein_coding	0	0	0	5	0	0	0	4	1	0	0	0	0	0	0	0	0	0	0	0
Q8NCW0-4	Q8NCW0-4	uc002csi.3	protein_coding	0	0	0	5	0	0	0	4	1	0	0	0	0	0	0	0	0	0	0	0
Q8ND04	Q8ND04	uc002ixi.3	protein_coding	0	2	0	0	0	0	0	0	0	0	0	0	0	0	0	0	0	0	2	0
Q8ND25	Q8ND25	uc002fdk.3	protein_coding	0	0	0	7	0	0	0	3	4	0	0	0	0	0	0	0	0	0	0	0
Q8ND25	Q8ND25	uc002fdl.1	protein_coding	0	0	0	8	2	0	0	2	4	0	0	0	0	0	0	0	0	0	0	0
Q8ND25-2	Q8ND25-2	uc010cgr.1	protein_coding	0	0	0	8	2	0	0	2	4	0	0	0	0	0	0	0	0	0	0	0
Q8ND39	Q8ND39	uc001zbi.4	protein_coding	0	2	1	5	1	0	0	1	3	1	0	0	0	0	0	0	0	0	2	0
Q8ND77	Q8ND77	uc002djc.3	protein_coding	0	0	1	2	0	0	0	1	1	1	0	0	0	0	0	0	0	0	0	0
Q8NDV7	Q8NDV7	uc002dmm.3	protein_coding	0	1	0	3	0	0	0	0	3	0	0	0	0	0	0	0	0	0	1	0
Q8NDV7	Q8NDV7	uc010bxs.3	protein_coding	0	1	0	2	0	0	0	0	2	0	0	0	0	0	0	0	0	0	1	0
Q8NDV7-2	Q8NDV7-2	uc010vcc.1	protein_coding	0	1	0	1	0	0	0	0	1	0	0	0	0	0	0	0	0	0	1	0
Q8NDV7-4	Q8NDV7-4	uc002dmr.3	protein_coding	0	0	0	1	0	0	0	0	1	0	0	0	0	0	0	0	0	0	0	0
Q8NDV7-6	Q8NDV7-6	uc002dmn.3	protein_coding	0	1	0	2	0	0	0	0	2	0	0	0	0	0	0	0	0	0	1	0
Q8NDV7-6	Q8NDV7-6	uc002dmo.3	protein_coding	0	1	0	2	0	0	0	0	2	0	0	0	0	0	0	0	0	0	1	0
Q8NE00	Q8NE00	uc002jls.4	protein_coding	0	0	1	17	1	0	0	2	9	1	0	0	0	0	0	0	0	0	0	5
Q8NE00	Q8NE00	uc010dfx.3	protein_coding	0	0	1	17	1	0	0	2	9	1	0	0	0	0	0	0	0	0	0	5
Q8NE00-2	Q8NE00-2	uc010wrf.1	protein_coding	0	0	1	17	0	0	0	2	10	1	0	0	0	0	0	0	0	0	0	5
Q8NEB9	Q8NEB9	uc002lap.3	protein_coding	0	0	0	9	0	0	0	0	9	0	0	0	0	0	0	0	0	0	0	0
Q8NEH6	Q8NEH6	uc002adr.2	protein_coding	0	0	1	10	1	0	0	3	6	1	0	0	0	0	0	0	0	0	0	0
Q8NEH6	Q8NEH6	uc010bfo.2	protein_coding	0	0	0	11	1	0	1	3	6	0	0	0	0	0	0	0	0	0	0	0
Q8NEP3	Q8NEP3	uc002fhl.4	protein_coding	0	0	0	2	0	0	0	1	1	0	0	0	0	0	0	0	0	0	0	0
Q8NEP3-2	Q8NEP3-2	uc010vnw.2	protein_coding	0	0	0	2	0	0	0	1	1	0	0	0	0	0	0	0	0	0	0	0
Q8NER1	Q8NER1	uc010vrr.2	protein_coding	0	0	1	8	0	0	0	0	6	1	0	0	0	0	0	0	0	0	0	2
Q8NER1	Q8NER1	uc010vrs.2	protein_coding	0	0	1	8	0	0	0	0	7	1	0	0	0	0	0	0	0	0	0	1
Q8NER1	Q8NER1	uc010vrt.2	protein_coding	0	0	1	9	0	0	0	0	8	1	0	0	0	0	0	0	0	0	0	1
Q8NER1	Q8NER1	uc010vru.2	protein_coding	0	0	1	10	0	0	0	0	9	1	0	0	0	0	0	0	0	0	0	1
Q8NET8	Q8NET8	uc002fvt.2	protein_coding	0	2	2	30	5	0	1	1	23	2	0	0	0	0	0	0	0	0	2	0
Q8NET8	Q8NET8	uc010vrh.2	protein_coding	0	2	1	28	5	0	0	1	22	1	0	0	0	0	0	0	0	0	2	0
Q8NET8	Q8NET8	uc010vri.2	protein_coding	0	1	1	29	5	0	0	1	23	1	0	0	0	0	0	0	0	0	1	0
Q8NET8	Q8NET8	uc010vrj.2	protein_coding	0	2	1	31	5	0	2	1	23	1	0	0	0	0	0	0	0	0	2	0
Q8NET8-2	Q8NET8-2	uc002fvr.3	protein_coding	0	2	2	30	5	0	1	1	23	2	0	0	0	0	0	0	0	0	2	0
Q8NET8-2	Q8NET8-2	uc010vrl.2	protein_coding	0	2	1	28	5	0	0	1	22	1	0	0	0	0	0	0	0	0	2	0
Q8NET8-3	Q8NET8-3	uc002fvu.3	protein_coding	0	2	2	30	2	0	1	6	21	2	0	0	0	0	0	0	0	0	2	0
Q8NEV9	Q8NEV9	uc002dqc.3	protein_coding	0	0	0	7	0	0	0	4	2	0	0	0	0	0	0	0	0	0	0	1
Q8NEZ5	Q8NEZ5	uc002bbk.3	protein_coding	0	0	0	10	0	0	2	0	3	0	0	0	0	0	0	0	0	0	0	5
Q8NEZ5	Q8NEZ5	uc002bbl.3	protein_coding	0	0	0	10	0	0	2	0	3	0	0	0	0	0	0	0	0	0	0	5
Q8NEZ5-3	Q8NEZ5-3	uc002bbj.2	protein_coding	0	0	0	10	0	0	2	0	3	0	0	0	0	0	0	0	0	0	0	5
Q8NF86	Q8NF86	uc002cro.1	protein_coding	0	0	0	1	0	0	0	0	0	0	0	0	0	0	0	0	0	0	0	1
Q8NFA0	Q8NFA0	uc002iyn.1	protein_coding	0	0	0	16	0	0	0	3	12	0	0	0	0	0	0	0	0	0	0	1
Q8NFA0	Q8NFA0	uc002iyo.1	protein_coding	0	0	0	20	0	0	0	3	17	0	0	0	0	0	0	0	0	0	0	0
Q8NFA2	Q8NFA2	uc002cnx.4	protein_coding	0	2	0	21	0	0	1	16	3	0	0	0	0	1	0	0	0	0	1	2
Q8NFA2-2	Q8NFA2-2	uc002coa.4	protein_coding	0	2	0	21	0	0	1	16	3	0	0	0	0	1	0	0	0	0	1	2
Q8NFA2-3	Q8NFA2-3	uc002cny.4	protein_coding	0	2	0	21	0	0	1	16	3	0	0	0	0	1	0	0	0	0	1	2
Q8NFA2-4	Q8NFA2-4	uc002cnz.4	protein_coding	0	2	0	21	0	0	1	16	3	0	0	0	0	1	0	0	0	0	1	2
Q8NFG4	Q8NFG4	uc002gra.4	protein_coding	0	0	0	6	1	0	0	0	4	0	0	0	0	0	0	0	0	0	0	1
Q8NFG4-2	Q8NFG4-2	uc002grb.4	protein_coding	0	0	1	3	0	0	0	1	1	1	0	0	0	0	0	0	0	0	0	1
Q8NFG4-3	Q8NFG4-3	uc002grc.2	protein_coding	0	0	0	3	0	0	0	1	1	0	0	0	0	0	0	0	0	0	0	1
Q8NFI3	Q8NFI3	uc002jwv.4	protein_coding	0	8	2	22	0	0	0	4	18	2	0	0	0	0	0	0	0	0	8	0
Q8NFI3	Q8NFI3	uc002jww.4	protein_coding	0	3	5	24	0	0	6	4	7	5	0	0	0	1	0	0	0	0	2	8
Q8NFI3-3	Q8NFI3-3	uc002jwu.1	protein_coding	0	7	0	21	6	0	0	10	5	0	0	0	0	0	0	0	0	0	7	0
Q8NFT6	Q8NFT6	uc002ihf.3	protein_coding	0	2	0	7	0	0	0	0	7	0	0	0	0	1	0	0	0	0	2	0
Q8NFT6-2	Q8NFT6-2	uc010wjc.2	protein_coding	0	1	0	8	0	0	0	0	8	0	0	0	0	1	0	0	0	0	1	0
Q8NFT6-3	Q8NFT6-3	uc002ihe.3	protein_coding	0	2	0	8	1	0	1	1	5	0	0	0	0	1	0	0	0	0	1	0
Q8NFY4	Q8NFY4	uc001zvy.3	protein_coding	0	2	2	11	1	0	0	0	10	2	0	0	0	0	0	0	0	0	2	0
Q8NFY4	Q8NFY4	uc010bek.3	protein_coding	0	2	2	11	1	0	0	0	10	2	0	0	0	0	0	0	0	0	2	0
Q8NFY4-2	Q8NFY4-2	uc001zvw.3	protein_coding	0	2	2	14	1	0	0	0	13	2	0	0	0	0	0	0	0	0	2	0
Q8NFY4-2	Q8NFY4-2	uc001zwb.3	protein_coding	0	2	2	11	1	0	0	0	10	2	0	0	0	0	0	0	0	0	2	0
Q8NFY4-3	Q8NFY4-3	uc001zwc.3	protein_coding	0	2	2	11	1	0	0	0	10	2	0	0	0	0	0	0	0	0	2	0
Q8NFY4-4	Q8NFY4-4	uc001zvz.3	protein_coding	0	2	2	11	1	0	0	0	10	2	0	0	0	0	0	0	0	0	2	0
Q8NFY4-7	Q8NFY4-7	uc001zvx.1	protein_coding	0	1	1	11	0	0	0	3	8	1	0	0	0	0	0	0	0	0	1	0
Q8NFZ4	Q8NFZ4	uc002ggt.1	protein_coding	0	1	0	4	0	0	0	0	1	0	0	0	0	0	0	0	0	0	1	3
Q8NG31	Q8NG31	uc010bbs.1	protein_coding	0	0	2	3	0	0	0	0	3	2	0	0	0	0	0	0	0	0	0	0
Q8NG31	Q8NG31	uc010ucq.1	protein_coding	0	1	1	3	0	0	1	2	0	1	0	0	0	1	0	0	0	0	0	0
Q8NG31-2	Q8NG31-2	uc010bbt.1	protein_coding	0	0	2	3	0	0	0	0	3	2	0	0	0	0	0	0	0	0	0	0
Q8NG31-4	Q8NG31-4	uc001zme.3	protein_coding	0	0	2	2	0	0	0	2	0	2	0	0	0	0	0	0	0	0	0	0
Q8NG41	Q8NG41	uc002kcd.3	protein_coding	0	0	0	4	0	0	0	3	0	0	0	0	0	0	0	0	0	0	0	1
Q8NG48-2	Q8NG48-2	uc002bwi.3	protein_coding	0	2	2	15	1	0	0	10	3	2	0	0	0	0	0	0	0	0	2	1
Q8NG50	Q8NG50	uc002hkh.3	protein_coding	0	0	1	5	0	0	0	2	3	1	0	0	0	0	0	0	0	0	0	0
Q8NG50-10	Q8NG50-10	uc010cuc.3	protein_coding	0	0	1	5	0	0	0	2	3	1	0	0	0	0	0	0	0	0	0	0
Q8NG50-11	Q8NG50-11	uc010ctz.3	protein_coding	0	0	1	5	0	0	0	2	3	1	0	0	0	0	0	0	0	0	0	0
Q8NG50-2	Q8NG50-2	uc010cua.3	protein_coding	0	0	1	5	0	0	0	2	3	1	0	0	0	0	0	0	0	0	0	0
Q8NG50-4	Q8NG50-4	uc010wco.2	protein_coding	0	0	1	3	0	0	0	0	3	1	0	0	0	0	0	0	0	0	0	0
Q8NG50-5	Q8NG50-5	uc010cud.3	protein_coding	0	0	1	5	0	0	0	2	3	1	0	0	0	0	0	0	0	0	0	0
Q8NG50-6	Q8NG50-6	uc002hkg.4	protein_coding	0	0	1	5	0	0	0	2	3	1	0	0	0	0	0	0	0	0	0	0
Q8NG57	Q8NG57	uc021ujl.1	protein_coding	0	0	1	3	0	0	0	0	0	1	0	0	0	0	0	0	0	0	0	3
Q8NG57	Q8NG57.2	uc010xdb.2	protein_coding	0	0	1	5	0	0	0	2	0	1	0	0	0	0	0	0	0	0	0	3
Q8NGB6	Q8NGB6	uc010tzu.2	protein_coding	0	1	4	0	0	0	0	0	0	4	0	0	0	0	0	0	0	0	1	0
Q8NHP7	Q8NHP7	uc001znk.3	protein_coding	0	5	1	7	1	0	0	0	9	1	0	0	0	3	0	0	0	0	2	0
Q8NHP7-2	Q8NHP7-2	uc001znj.3	protein_coding	0	1	1	5	1	0	0	0	1	1	0	0	0	0	0	0	0	0	1	3
Q8NHR7	Q8NHR7	uc001zuk.4	protein_coding	0	0	0	3	1	0	0	0	2	0	0	0	0	0	0	0	0	0	0	0
Q8NHW4	Q8NHW4	uc010cuj.3	protein_coding	0	1	0	1	0	0	0	0	1	0	0	0	0	0	0	0	0	0	1	0
Q8NHW4	Q8NHW4.2	uc002hlw.3	protein_coding	0	0	0	2	0	0	0	0	2	0	0	0	0	0	0	0	0	0	0	0
Q8NHY0	Q8NHY0	uc002ion.2	protein_coding	1	2	0	5	0	0	0	0	4	0	0	0	0	0	0	1	0	0	2	1
Q8NHY0-2	Q8NHY0-2	uc010wlu.1	protein_coding	1	1	0	6	0	0	0	0	5	0	0	0	0	0	0	1	0	0	1	1
Q8NHY3	Q8NHY3	uc002hjv.2	protein_coding	0	0	1	3	0	0	0	3	0	1	0	0	0	0	0	0	0	0	0	0
Q8TAA3	Q8TAA3	uc002kvq.3	protein_coding	0	0	0	1	0	0	0	0	1	0	0	0	0	0	0	0	0	0	0	0
Q8TAA3-2	Q8TAA3-2	uc002kvo.3	protein_coding	0	0	0	1	0	0	0	0	1	0	0	0	0	0	0	0	0	0	0	0
Q8TAA3-5	Q8TAA3-5	uc002kvp.3	protein_coding	0	0	0	1	0	0	0	0	1	0	0	0	0	0	0	0	0	0	0	0
Q8TAA3-5	Q8TAA3-5	uc002kvr.3	protein_coding	0	0	0	1	0	0	0	0	1	0	0	0	0	0	0	0	0	0	0	0
Q8TAC9	Q8TAC9	uc002azk.2	protein_coding	0	2	0	11	3	0	0	1	7	0	0	0	0	0	0	0	0	0	2	0
Q8TAC9	Q8TAC9	uc002azl.2	protein_coding	0	2	0	11	3	0	0	1	7	0	0	0	0	0	0	0	0	0	2	0
Q8TAC9	Q8TAC9	uc002azm.2	protein_coding	0	2	0	11	3	0	0	1	7	0	0	0	0	0	0	0	0	0	2	0
Q8TAC9-2	Q8TAC9-2	uc002azn.2	protein_coding	0	2	0	11	3	0	0	1	7	0	0	0	0	0	0	0	0	0	2	0
Q8TAC9-3	Q8TAC9-3	uc010uly.2	protein_coding	0	1	0	12	3	0	1	1	7	0	0	0	0	0	0	0	0	0	1	0
Q8TAI1	Q8TAI1	uc002kkr.3	protein_coding	0	0	0	8	1	0	0	0	0	0	0	0	0	0	0	0	0	0	0	7
Q8TAJ8	Q8TAJ8	uc002aob.3	protein_coding	0	0	0	6	0	0	0	1	5	0	0	0	0	0	0	0	0	0	0	0
Q8TAP6	Q8TAP6	uc002krh.4	protein_coding	0	0	0	12	1	0	1	1	6	0	0	0	0	0	0	0	0	0	0	3
Q8TAP6	Q8TAP6	uc002kri.4	protein_coding	0	0	0	10	0	0	1	0	6	0	0	0	0	0	0	0	0	0	0	3
Q8TAP6-2	Q8TAP6-2	uc010wzz.3	protein_coding	0	0	0	10	0	0	1	0	6	0	0	0	0	0	0	0	0	0	0	3
Q8TAP6-3	Q8TAP6-3	uc010xaa.1	protein_coding	0	0	0	9	0	0	0	1	3	0	0	0	0	0	0	0	0	0	0	5
Q8TAT6	Q8TAT6	uc002kat.4	protein_coding	0	2	0	12	3	0	0	0	9	0	0	0	0	0	0	0	0	0	2	0
Q8TAT6-2	Q8TAT6-2	uc002kau.3	protein_coding	0	2	0	9	0	0	0	1	8	0	0	0	0	0	0	0	0	0	2	0
Q8TAX9-2	Q8TAX9-2	uc002htg.3	protein_coding	0	0	0	10	1	0	0	0	8	0	0	0	0	0	0	0	0	0	0	1
Q8TAX9-3	Q8TAX9-3	uc002hth.3	protein_coding	0	0	0	10	1	0	0	0	8	0	0	0	0	0	0	0	0	0	0	1
Q8TAX9-4	Q8TAX9-4	uc010cwj.3	protein_coding	0	0	0	10	1	0	0	0	8	0	0	0	0	0	0	0	0	0	0	1
Q8TAX9-5	Q8TAX9-5	uc010cwi.3	protein_coding	0	0	0	8	1	0	0	0	0	0	0	0	0	0	0	0	0	0	0	7
Q8TAX9-5	Q8TAX9-5	uc010cwm.4	protein_coding	0	0	0	10	1	0	0	0	8	0	0	0	0	0	0	0	0	0	0	1
Q8TAX9-5	Q8TAX9-5	uc031rab.1	protein_coding	0	0	0	8	1	0	0	0	0	0	0	0	0	0	0	0	0	0	0	7
Q8TAX9-6	Q8TAX9-6	uc010wem.2	protein_coding	0	0	0	10	1	0	0	0	8	0	0	0	0	0	0	0	0	0	0	1
Q8TAZ6	Q8TAZ6	uc002ept.3	protein_coding	0	0	1	2	0	0	0	0	2	1	0	0	0	0	0	0	0	0	0	0
Q8TB05	Q8TB05	uc002cwx.2	protein_coding	0	1	0	3	1	0	1	1	0	0	0	0	0	0	0	0	0	0	1	0
Q8TB22	Q8TB22	uc002irc.3	protein_coding	0	3	3	16	1	0	1	0	13	3	0	0	0	2	0	0	0	0	1	3
Q8TB22	Q8TB22	uc002irf.3	protein_coding	0	3	4	12	1	0	0	0	13	4	0	0	0	2	0	0	0	0	1	0
Q8TB22-2	Q8TB22-2	uc002ird.3	protein_coding	0	3	4	12	1	0	0	0	13	4	0	0	0	2	0	0	0	0	1	0
Q8TB69	Q8TB69	uc002kst.2	protein_coding	0	0	1	3	0	0	0	0	3	1	0	0	0	0	0	0	0	0	0	0
Q8TB96	Q8TB96	uc002eet.3	protein_coding	0	1	0	4	0	0	0	0	3	0	0	0	0	1	0	0	0	0	1	1
Q8TB96	Q8TB96	uc010vgg.2	protein_coding	0	1	0	3	0	0	0	0	3	0	0	0	0	1	0	0	0	0	1	0
Q8TBB5	Q8TBB5	uc002fki.3	protein_coding	0	0	1	16	0	0	0	1	15	1	0	0	0	0	0	0	0	0	0	0
Q8TBB5	Q8TBB5	uc010chu.1	protein_coding	0	0	1	16	0	0	0	3	13	1	0	0	0	0	0	0	0	0	0	0
Q8TBB5-2	Q8TBB5-2	uc002fkl.3	protein_coding	0	0	1	16	0	0	0	1	15	1	0	0	0	0	0	0	0	0	0	0
Q8TBB5-3	Q8TBB5-3	uc002fkj.3	protein_coding	0	0	1	16	0	0	0	1	15	1	0	0	0	0	0	0	0	0	0	0
Q8TBE0	Q8TBE0	uc001zlu.2	protein_coding	0	0	1	5	4	0	0	1	0	1	0	0	0	0	0	0	0	0	0	0
Q8TBE0-2	Q8TBE0-2	uc001zlt.2	protein_coding	0	0	1	5	4	0	0	1	0	1	0	0	0	0	0	0	0	0	0	0
Q8TBE0-2	Q8TBE0-2	uc010bbp.1	protein_coding	0	0	1	5	4	0	0	1	0	1	0	0	0	0	0	0	0	0	0	0
Q8TBE0-3	Q8TBE0-3	uc001zlv.2	protein_coding	0	0	1	5	4	0	0	1	0	1	0	0	0	0	0	0	0	0	0	0
Q8TBF8	Q8TBF8	uc002agc.2	protein_coding	0	1	0	6	0	0	0	0	6	0	0	0	0	0	0	0	0	0	1	0
Q8TBK2	Q8TBK2	uc002ens.3	protein_coding	0	2	0	8	0	0	0	2	0	0	0	0	0	0	0	0	0	0	2	6
Q8TBK2	Q8TBK2	uc010cdl.2	protein_coding	0	1	0	7	0	0	0	1	0	0	0	0	0	0	0	0	0	0	1	6
Q8TBK2-2	Q8TBK2-2	uc002enr.3	protein_coding	0	2	0	8	0	0	0	2	0	0	0	0	0	0	0	0	0	0	2	6
Q8TBP0	Q8TBP0	uc002jxj.4	protein_coding	0	4	1	16	1	0	0	0	12	1	0	0	0	0	0	0	0	0	4	3
Q8TBR7	Q8TBR7	uc002frp.3	protein_coding	0	0	0	10	0	0	0	6	4	0	0	0	0	0	0	0	0	0	0	0
Q8TBR7	Q8TBR7	uc002frr.3	protein_coding	0	0	0	10	0	0	0	6	4	0	0	0	0	0	0	0	0	0	0	0
Q8TBR7-1	Q8TBR7-1	uc002frq.3	protein_coding	0	0	0	10	0	0	0	6	4	0	0	0	0	0	0	0	0	0	0	0
Q8TBY8-2	Q8TBY8-2	uc002fcd.3	protein_coding	0	0	1	10	0	0	0	0	10	1	0	0	0	0	0	0	0	0	0	0
Q8TC99	Q8TC99	uc002hix.3	protein_coding	0	0	1	3	0	0	0	0	1	1	0	0	0	0	0	0	0	0	0	2
Q8TCD1	Q8TCD1	uc002ldk.2	protein_coding	0	1	0	3	0	0	0	0	0	0	0	0	0	0	0	0	0	0	1	3
Q8TCD1	Q8TCD1	uc002ldl.3	protein_coding	0	1	0	3	0	0	0	0	0	0	0	0	0	0	0	0	0	0	1	3
Q8TCD5	Q8TCD5	uc002jmx.3	protein_coding	0	0	0	3	0	0	0	2	1	0	0	0	0	0	0	0	0	0	0	0
Q8TCK0	Q8TCK0	uc002gsl.3	protein_coding	0	0	1	5	1	0	0	1	2	1	0	0	0	0	0	0	0	0	0	1
Q8TCT1	Q8TCT1	uc010wlv.1	protein_coding	0	0	0	2	1	0	0	1	0	0	0	0	0	0	0	0	0	0	0	0
Q8TCT8	Q8TCT8	uc001zyv.3	protein_coding	0	0	0	4	0	0	0	0	4	0	0	0	0	0	0	0	0	0	0	0
Q8TCY8	Q8TCY8	uc002deo.4	protein_coding	0	0	0	5	1	0	0	2	0	0	0	0	0	0	0	0	0	0	0	2
Q8TD33	Q8TD33	uc001loa.1	protein_coding	0	1	2	8	0	0	1	4	2	2	0	0	0	0	0	0	0	0	1	1
Q8TD55	Q8TD55	uc002anv.3	protein_coding	0	0	0	5	1	0	0	0	4	0	0	0	0	0	0	0	0	0	0	0
Q8TD55-2	Q8TD55-2	uc002anw.3	protein_coding	0	0	0	5	1	0	0	0	4	0	0	0	0	0	0	0	0	0	0	0
Q8TD57	Q8TD57	uc010vbe.2	protein_coding	1	4	8	20	0	0	0	0	20	8	0	0	0	0	0	1	0	0	4	0
Q8TD57-2	Q8TD57-2	uc002die.2	protein_coding	0	0	1	4	0	0	0	0	4	1	0	0	0	0	0	0	0	0	0	0
Q8TDF5-1	Q8TDF5-1	uc002lkz.3	protein_coding	0	0	0	3	0	0	1	0	1	0	0	0	0	0	0	0	0	0	0	1
Q8TDJ6	Q8TDJ6	uc002abf.3	protein_coding	0	0	1	7	0	0	1	0	6	1	0	0	0	0	0	0	0	0	0	0
Q8TDJ6-2	Q8TDJ6-2	uc010bfa.3	protein_coding	0	0	1	7	0	0	1	0	6	1	0	0	0	0	0	0	0	0	0	0
Q8TDN1	Q8TDN1	uc010voc.2	protein_coding	0	1	2	4	1	0	0	0	3	2	0	0	0	0	0	0	0	0	1	0
Q8TDN1-2	Q8TDN1-2	uc002fhu.1	protein_coding	0	1	1	2	0	0	0	0	2	1	0	0	0	0	0	0	0	0	1	0
Q8TDN4	Q8TDN4	uc002kuc.2	protein_coding	0	0	0	9	1	0	0	0	8	0	0	0	0	0	0	0	0	0	0	0
Q8TDN4-2	Q8TDN4-2	uc002kud.2	protein_coding	0	0	0	7	1	0	0	0	6	0	0	0	0	0	0	0	0	0	0	0
Q8TDN4-3	Q8TDN4-3	uc002kub.2	protein_coding	0	0	0	9	1	0	0	0	8	0	0	0	0	0	0	0	0	0	0	0
Q8TDQ1	Q8TDQ1	uc002jlg.3	protein_coding	0	0	2	2	0	0	0	0	2	2	0	0	0	0	0	0	0	0	0	0
Q8TDQ1-2	Q8TDQ1-2	uc002jlj.1	protein_coding	0	1	1	1	0	0	0	0	1	1	0	0	0	0	0	0	0	0	1	0
Q8TDQ1-4	Q8TDQ1-4	uc002jli.3	protein_coding	0	1	1	2	0	0	0	0	2	1	0	0	0	0	0	0	0	0	1	0
Q8TDQ1-5	Q8TDQ1-5	uc002jlh.3	protein_coding	0	1	1	2	0	0	0	0	2	1	0	0	0	0	0	0	0	0	1	0
Q8TDQ1-6	Q8TDQ1-6	uc002jlf.3	protein_coding	0	0	2	1	0	0	0	0	1	2	0	0	0	0	0	0	0	0	0	0
Q8TDY8	Q8TDY8	uc002aot.1	protein_coding	0	1	1	5	2	0	0	0	3	1	0	0	0	0	0	0	0	0	1	0
Q8TDY8	Q8TDY8	uc002aou.1	protein_coding	0	1	2	6	2	0	0	0	4	2	0	0	0	0	0	0	0	0	1	0
Q8TE02	Q8TE02	uc002gfg.1	protein_coding	0	0	0	8	0	0	0	1	5	0	0	0	0	0	0	0	0	0	0	2
Q8TE02	Q8TE02	uc002gfh.1	protein_coding	0	0	0	8	0	0	0	1	5	0	0	0	0	0	0	0	0	0	0	2
Q8TE02	Q8TE02	uc002gfi.1	protein_coding	0	0	0	8	0	0	0	1	5	0	0	0	0	0	0	0	0	0	0	2
Q8TE02-2	Q8TE02-2	uc002gfj.3	protein_coding	0	0	0	8	1	0	0	1	4	0	0	0	0	0	0	0	0	0	0	2
Q8TE02-2	Q8TE02-2	uc010cmb.3	protein_coding	0	0	0	8	1	0	0	1	4	0	0	0	0	0	0	0	0	0	0	2
Q8TE02-3	Q8TE02-3	uc002gfk.1	protein_coding	1	0	0	5	0	0	0	1	3	0	0	0	0	0	0	0	1	0	0	1
Q8TE49	Q8TE49	uc001zfq.3	protein_coding	0	2	0	14	0	0	0	0	12	0	0	0	0	0	0	0	0	0	2	2
Q8TE49-2	Q8TE49-2	uc001zfr.3	protein_coding	0	2	0	24	0	0	0	0	24	0	0	0	0	0	0	0	0	0	2	0
Q8TE56	Q8TE56	uc002bvv.1	protein_coding	0	6	2	76	6	0	0	3	67	2	0	0	0	1	0	0	0	0	5	1
Q8TE56-2	Q8TE56-2	uc002bvx.1	protein_coding	1	7	0	56	0	1	1	1	53	0	0	0	0	1	0	0	1	0	5	2
Q8TE60	Q8TE60	uc002ffc.4	protein_coding	0	4	1	22	5	0	0	0	17	1	0	0	0	2	0	0	0	0	2	2
Q8TE60	Q8TE60	uc002ffe.1	protein_coding	0	3	1	13	0	0	0	2	11	1	0	0	0	2	0	0	0	0	1	2
Q8TE60-2	Q8TE60-2	uc010chc.1	protein_coding	0	2	1	13	0	0	0	2	8	1	0	0	0	1	0	0	0	0	1	4
Q8TEP8-2	Q8TEP8-2	uc002krs.1	protein_coding	0	0	1	16	0	0	0	1	14	1	0	0	0	0	0	0	0	0	0	1
Q8TEQ0	Q8TEQ0	uc002dby.5	protein_coding	0	2	0	79	3	0	0	0	76	0	0	0	0	0	0	0	0	0	2	0
Q8TER9	Q8TER9	uc002bmi.1	protein_coding	0	1	0	12	0	0	1	0	1	0	0	0	0	0	0	0	0	0	1	10
Q8TES7	Q8TES7	uc002jqd.1	protein_coding	0	0	3	12	0	0	0	3	9	3	0	0	0	0	0	0	0	0	0	0
Q8TES7-5	Q8TES7-5	uc002jqc.3	protein_coding	0	0	3	16	0	0	0	1	15	3	0	0	0	0	0	0	0	0	0	0
Q8TES7-6	Q8TES7-6	uc010wsp.2	protein_coding	0	0	3	16	0	0	0	1	15	3	0	0	0	0	0	0	0	0	0	0
Q8TET4	Q8TET4	uc001zpi.3	protein_coding	0	2	3	24	4	0	0	1	18	3	0	0	0	2	0	0	0	0	2	1
Q8TEU8	Q8TEU8	uc002isv.4	protein_coding	0	1	0	0	0	0	0	0	0	0	0	0	0	0	0	0	0	0	1	0
Q8TEU8	Q8TEU8	uc010dbu.3	protein_coding	0	1	0	0	0	0	0	0	0	0	0	0	0	0	0	0	0	0	1	0
Q8TEV8	Q8TEV8	uc010cpo.1	protein_coding	0	0	0	1	0	0	0	1	0	0	0	0	0	0	0	0	0	0	0	0
Q8TEV9	Q8TEV9	uc002gsy.4	protein_coding	0	0	2	10	1	0	0	4	1	2	0	0	0	0	0	0	0	0	0	4
Q8TEW6	Q8TEW6	uc002elv.4	protein_coding	0	0	0	10	3	0	0	3	4	0	0	0	0	0	0	0	0	0	0	0
Q8TEW6	Q8TEW6	uc010cdb.3	protein_coding	0	0	0	10	3	0	0	3	4	0	0	0	0	0	0	0	0	0	0	0
Q8TF05	Q8TF05	uc002koe.2	protein_coding	0	0	0	11	0	0	0	0	11	0	0	0	0	0	0	0	0	0	0	0
Q8TF05	Q8TF05	uc010wzo.2	protein_coding	0	0	0	11	0	0	0	0	11	0	0	0	0	0	0	0	0	0	0	0
Q8TF05-2	Q8TF05-2	uc002kod.2	protein_coding	0	0	0	11	0	0	0	0	11	0	0	0	0	0	0	0	0	0	0	0
Q8TF09	Q8TF09	uc002ffo.3	protein_coding	0	0	0	8	0	0	1	0	7	0	0	0	0	0	0	0	0	0	0	0
Q8TF30	Q8TF30	uc002bje.3	protein_coding	0	0	0	1	0	0	0	0	1	0	0	0	0	0	0	0	0	0	0	0
Q8TF46	Q8TF46	uc010bho.3	protein_coding	0	0	1	8	0	0	0	1	7	1	0	0	0	0	0	0	0	0	0	0
Q8TF46	Q8TF46	uc010ujm.2	protein_coding	0	0	1	8	0	0	0	1	7	1	0	0	0	0	0	0	0	0	0	0
Q8TF46-3	Q8TF46-3	uc002apq.2	protein_coding	0	0	0	7	0	0	0	2	5	0	0	0	0	0	0	0	0	0	0	0
Q8TF47	Q8TF47	uc002ewd.3	protein_coding	0	2	0	8	2	0	0	0	6	0	0	0	0	0	0	0	0	0	2	0
Q8TF47	Q8TF47	uc002ewe.3	protein_coding	0	2	0	8	2	0	0	0	6	0	0	0	0	0	0	0	0	0	2	0
Q8TF47	Q8TF47	uc010cff.3	protein_coding	0	2	0	8	2	0	0	0	6	0	0	0	0	0	0	0	0	0	2	0
Q8TF62	Q8TF62	uc001zxu.3	protein_coding	0	1	3	8	2	0	0	0	6	3	0	0	0	0	0	0	0	0	1	0
Q8TF62	Q8TF62	uc010ber.3	protein_coding	0	1	3	8	2	0	0	0	6	3	0	0	0	0	0	0	0	0	1	0
Q8TF62	Q8TF62	uc010ufd.2	protein_coding	0	1	3	8	2	0	0	0	6	3	0	0	0	0	0	0	0	0	1	0
Q8TF74	Q8TF74	uc002hug.1	protein_coding	0	0	0	1	1	0	0	0	0	0	0	0	0	0	0	0	0	0	0	0
Q8TF74	Q8TF74	uc002huh.1	protein_coding	0	0	0	1	1	0	0	0	0	0	0	0	0	0	0	0	0	0	0	0
Q8TF74	Q8TF74	uc002hui.1	protein_coding	0	0	0	1	1	0	0	0	0	0	0	0	0	0	0	0	0	0	0	0
Q8TF74	Q8TF74	uc010cww.1	protein_coding	0	0	0	1	1	0	0	0	0	0	0	0	0	0	0	0	0	0	0	0
Q8TF74	Q8TF74	uc010cwy.1	protein_coding	0	0	0	1	1	0	0	0	0	0	0	0	0	0	0	0	0	0	0	0
Q8TF76	Q8TF76	uc002fwp.3	protein_coding	0	1	2	11	2	0	0	7	0	2	0	0	0	0	0	0	0	0	1	2
Q8WTP8	Q8WTP8	uc002bmt.2	protein_coding	0	0	0	1	1	0	0	0	0	0	0	0	0	0	0	0	0	0	0	0
Q8WTP8	Q8WTP8	uc010bnl.2	protein_coding	0	0	0	1	0	0	0	1	0	0	0	0	0	0	0	0	0	0	0	0
Q8WTP8	Q8WTP8	uc010bnm.1	protein_coding	0	0	0	1	0	0	0	0	1	0	0	0	0	0	0	0	0	0	0	0
Q8WTQ4	Q8WTQ4	uc002efr.3	protein_coding	0	0	0	1	0	0	0	0	1	0	0	0	0	0	0	0	0	0	0	0
Q8WTW3	Q8WTW3	uc002jjg.3	protein_coding	0	1	2	17	0	0	1	2	14	2	0	0	0	0	0	0	0	0	1	0
Q8WTW3	Q8WTW3	uc002jjh.3	protein_coding	0	1	2	17	0	0	1	2	14	2	0	0	0	0	0	0	0	0	1	0
Q8WTX9	Q8WTX9	uc010vjm.2	protein_coding	0	0	0	3	0	0	0	1	2	0	0	0	0	0	0	0	0	0	0	0
Q8WU58	Q8WU58	uc002hct.1	protein_coding	0	1	0	4	0	0	0	1	3	0	0	0	0	0	0	0	0	0	1	0
Q8WU58	Q8WU58	uc002hcw.3	protein_coding	0	1	0	4	0	0	0	1	3	0	0	0	0	0	0	0	0	0	1	0
Q8WU58	Q8WU58	uc010wax.1	protein_coding	0	1	0	4	0	0	0	1	3	0	0	0	0	0	0	0	0	0	1	0
Q8WU58	Q8WU58	uc010way.1	protein_coding	0	1	0	4	0	0	0	1	3	0	0	0	0	0	0	0	0	0	1	0
Q8WUJ1	Q8WUJ1	uc002fxm.4	protein_coding	0	0	0	4	0	0	0	0	3	0	0	0	0	0	0	0	0	0	0	1
Q8WUJ3	Q8WUJ3	uc002bfw.1	protein_coding	0	1	0	11	0	0	0	0	11	0	0	0	0	0	0	0	0	0	1	0
Q8WUJ3	Q8WUJ3	uc010unn.1	protein_coding	0	1	0	11	0	0	0	0	11	0	0	0	0	0	0	0	0	0	1	0
Q8WUS2	Q8WUS2	uc002bvd.1	protein_coding	0	0	0	7	0	0	0	0	7	0	0	0	0	0	0	0	0	0	0	0
Q8WUS8	Q8WUS8	uc002fgu.3	protein_coding	0	0	3	0	0	0	0	0	0	3	0	0	0	0	0	0	0	0	0	0
Q8WUZ0-2	Q8WUZ0-2	uc021tgq.1	protein_coding	0	0	0	8	0	0	0	2	6	0	0	0	0	0	0	0	0	0	0	0
Q8WV22	Q8WV22	uc002doi.1	protein_coding	0	0	1	6	0	0	0	0	6	1	0	0	0	0	0	0	0	0	0	0
Q8WV35	Q8WV35	uc002esd.3	protein_coding	0	0	1	5	1	0	0	1	3	1	0	0	0	0	0	0	0	0	0	0
Q8WV35	Q8WV35	uc002ese.3	protein_coding	0	0	1	8	1	0	0	1	3	1	0	0	0	0	0	0	0	0	0	3
Q8WV35	Q8WV35	uc002esf.3	protein_coding	0	0	1	8	1	0	0	1	3	1	0	0	0	0	0	0	0	0	0	3
Q8WV35	Q8WV35	uc002esg.3	protein_coding	0	0	1	8	3	0	0	1	1	1	0	0	0	0	0	0	0	0	0	3
Q8WV41	Q8WV41	uc002bau.3	protein_coding	0	0	0	2	2	0	0	0	0	0	0	0	0	0	0	0	0	0	0	0
Q8WVB3	Q8WVB3	uc002kew.3	protein_coding	0	1	1	10	0	0	0	7	3	1	0	0	0	0	0	0	0	0	1	0
Q8WVB3-2	Q8WVB3-2	uc002kev.4	protein_coding	0	1	1	10	0	0	0	7	3	1	0	0	0	0	0	0	0	0	1	0
Q8WVB6	Q8WVB6	uc002cke.4	protein_coding	0	4	3	30	0	0	0	8	15	3	0	0	0	1	0	0	0	0	3	8
Q8WVB6	Q8WVB6	uc002ckg.4	protein_coding	0	3	1	34	0	1	4	8	15	1	0	0	0	1	0	0	0	0	1	8
Q8WVB6	Q8WVB6	uc010brf.3	protein_coding	0	3	1	34	0	1	5	8	14	1	0	0	0	1	0	0	0	0	1	8
Q8WVB6-2	Q8WVB6-2	uc002ckf.4	protein_coding	0	4	3	30	0	0	0	8	15	3	0	0	0	1	0	0	0	0	3	8
Q8WVC0	Q8WVC0	uc002abo.3	protein_coding	0	0	0	2	0	0	0	0	1	0	0	0	0	0	0	0	0	0	0	1
Q8WVC0-2	Q8WVC0-2	uc010bfd.3	protein_coding	0	0	0	2	0	0	0	0	1	0	0	0	0	0	0	0	0	0	0	1
Q8WVC6	Q8WVC6	uc002ihx.2	protein_coding	0	0	0	3	1	0	0	1	1	0	0	0	0	0	0	0	0	0	0	0
Q8WVC6	Q8WVC6	uc010daa.1	protein_coding	0	0	0	5	1	0	0	1	1	0	0	0	0	0	0	0	0	0	0	2
Q8WVC6	Q8WVC6	uc010dab.1	protein_coding	0	0	0	5	1	0	0	1	3	0	0	0	0	0	0	0	0	0	0	0
Q8WVC6-2	Q8WVC6-2	uc002ihy.3	protein_coding	0	0	0	2	0	0	0	0	0	0	0	0	0	0	0	0	0	0	0	2
Q8WVD3	Q8WVD3	uc002kxg.3	protein_coding	0	0	0	2	0	0	0	0	2	0	0	0	0	0	0	0	0	0	0	0
Q8WVD3	Q8WVD3	uc021uip.2	protein_coding	0	0	0	2	0	0	0	0	2	0	0	0	0	0	0	0	0	0	0	0
Q8WVD3-2	Q8WVD3-2	uc002kxh.3	protein_coding	0	0	0	2	0	0	0	0	2	0	0	0	0	0	0	0	0	0	0	0
Q8WVH0	Q8WVH0	uc002ayu.1	protein_coding	0	0	0	6	0	0	0	0	2	0	0	0	0	0	0	0	0	0	0	4
Q8WVN6	Q8WVN6	uc002keo.3	protein_coding	0	0	1	12	0	0	0	9	3	1	0	0	0	0	0	0	0	0	0	0
Q8WVN8	Q8WVN8	uc002bbg.2	protein_coding	0	0	0	12	3	0	0	5	4	0	0	0	0	0	0	0	0	0	0	0
Q8WVN8	Q8WVN8	uc002bbh.2	protein_coding	0	0	0	12	3	0	0	5	4	0	0	0	0	0	0	0	0	0	0	0
Q8WVQ1	Q8WVQ1	uc002jwj.3	protein_coding	0	1	0	3	1	0	0	0	2	0	0	0	0	0	0	0	0	0	1	0
Q8WVQ1	Q8WVQ1	uc002jwk.3	protein_coding	0	1	0	3	1	0	0	0	2	0	0	0	0	0	0	0	0	0	1	0
Q8WVQ1	Q8WVQ1	uc002jwn.3	protein_coding	0	1	0	3	1	0	0	0	2	0	0	0	0	0	0	0	0	0	1	0
Q8WW18	Q8WW18	uc002hjx.3	protein_coding	0	0	1	1	0	0	0	0	0	1	0	0	0	0	0	0	0	0	0	1
Q8WW22	Q8WW22	uc002bdj.2	protein_coding	0	2	0	6	1	0	0	1	4	0	0	0	0	0	0	0	0	0	2	0
Q8WW22-2	Q8WW22-2	uc002bdi.3	protein_coding	0	2	0	6	1	0	0	1	4	0	0	0	0	0	0	0	0	0	2	0
Q8WW43	Q8WW43	uc002ama.3	protein_coding	0	0	0	5	0	0	0	0	5	0	0	0	0	0	0	0	0	0	0	0
Q8WW43	Q8WW43	uc010bgq.3	protein_coding	0	0	0	5	0	0	0	0	5	0	0	0	0	0	0	0	0	0	0	0
Q8WW43-2	Q8WW43-2	uc002amb.3	protein_coding	0	0	0	5	0	0	0	0	5	0	0	0	0	0	0	0	0	0	0	0
Q8WW55	Q8WW55	uc002hzi.3	protein_coding	0	0	0	4	0	0	0	0	4	0	0	0	0	0	0	0	0	0	0	0
Q8WW62	Q8WW62	uc002exc.2	protein_coding	0	0	0	1	0	0	0	0	1	0	0	0	0	0	0	0	0	0	0	0
Q8WW92	Q8WW92	uc002faq.3	protein_coding	0	0	1	2	0	0	0	2	0	1	0	0	0	0	0	0	0	0	0	0
Q8WW92	Q8WW92	uc002far.3	protein_coding	0	0	1	2	0	0	0	2	0	1	0	0	0	0	0	0	0	0	0	0
Q8WWG1	Q8WWG1	uc002bbo.3	protein_coding	0	0	0	1	0	0	0	0	1	0	0	0	0	0	0	0	0	0	0	0
Q8WWL2	Q8WWL2	uc002foz.1	protein_coding	0	0	0	4	0	0	0	0	4	0	0	0	0	0	0	0	0	0	0	0
Q8WWL2	Q8WWL2	uc010civ.1	protein_coding	0	0	0	4	0	0	0	2	2	0	0	0	0	0	0	0	0	0	0	0
Q8WWL2-2	Q8WWL2-2	uc010ciw.1	protein_coding	0	0	0	4	0	0	0	0	4	0	0	0	0	0	0	0	0	0	0	0
Q8WWL2-3	Q8WWL2-3	uc002fpa.1	protein_coding	0	0	0	4	0	0	0	0	3	0	0	0	0	0	0	0	0	0	0	1
Q8WWL2-4	Q8WWL2-4	uc010cix.1	protein_coding	0	0	0	4	0	0	0	0	3	0	0	0	0	0	0	0	0	0	0	1
Q8WWM7	Q8WWM7	uc002drc.4	protein_coding	0	1	0	3	0	0	0	0	3	0	0	0	0	0	0	0	0	0	1	0
Q8WWM7	Q8WWM7	uc010byl.2	protein_coding	0	1	0	3	0	0	0	1	2	0	0	0	0	0	0	0	0	0	1	0
Q8WWM7-2	Q8WWM7-2	uc002drb.4	protein_coding	0	1	0	3	0	0	0	0	3	0	0	0	0	0	0	0	0	0	1	0
Q8WWM7-3	Q8WWM7-3	uc002dqy.4	protein_coding	0	1	0	3	0	0	0	0	3	0	0	0	0	0	0	0	0	0	1	0
Q8WWM7-4	Q8WWM7-4	uc002dra.4	protein_coding	0	1	0	3	0	0	0	0	3	0	0	0	0	0	0	0	0	0	1	0
Q8WWM7-8	Q8WWM7-8	uc002dqz.4	protein_coding	0	1	0	3	0	0	0	0	3	0	0	0	0	0	0	0	0	0	1	0
Q8WWM9	Q8WWM9	uc002jru.2	protein_coding	0	0	0	6	2	0	0	1	2	0	0	0	0	0	0	0	0	0	0	1
Q8WWX8	Q8WWX8	uc002dmu.4	protein_coding	0	4	1	11	0	0	0	0	11	1	0	0	0	0	0	0	0	0	4	0
Q8WWX8-2	Q8WWX8-2	uc010vcd.3	protein_coding	0	4	1	11	0	0	0	0	11	1	0	0	0	0	0	0	0	0	4	0
Q8WWZ4	Q8WWZ4	uc010dfa.1	protein_coding	0	3	3	26	2	0	0	0	23	3	0	0	0	2	0	0	0	0	2	2
Q8WWZ7	Q8WWZ7	uc002jic.2	protein_coding	0	2	1	7	0	0	0	0	7	1	0	0	0	0	0	0	0	0	2	0
Q8WWZ7	Q8WWZ7	uc002jif.2	protein_coding	0	2	1	11	0	0	0	0	11	1	0	0	0	0	0	0	0	0	2	0
Q8WWZ7	Q8WWZ7	uc002jig.2	protein_coding	0	2	1	11	0	0	0	0	11	1	0	0	0	0	0	0	0	0	2	0
Q8WWZ7	Q8WWZ7	uc010dfe.2	protein_coding	0	0	1	8	0	0	0	0	8	1	0	0	0	0	0	0	0	0	0	0
Q8WWZ7-2	Q8WWZ7-2	uc002jih.2	protein_coding	0	0	1	8	0	0	0	0	8	1	0	0	0	0	0	0	0	0	0	0
Q8WWZ7-3	Q8WWZ7-3	uc002jib.2	protein_coding	0	2	0	3	0	0	0	0	3	0	0	0	0	0	0	0	0	0	2	0
Q8WWZ7-3	Q8WWZ7-3	uc002jid.2	protein_coding	0	2	0	9	0	0	1	0	7	0	0	0	0	0	0	0	0	0	2	1
Q8WXC3	Q8WXC3	uc002ebo.3	protein_coding	0	0	0	6	0	0	0	0	2	0	0	0	0	0	0	0	0	0	0	4
Q8WXC3	Q8WXC3	uc021tgv.1	protein_coding	0	0	0	6	0	0	0	2	0	0	0	0	0	0	0	0	0	0	0	4
Q8WXD2	Q8WXD2	uc002abh.3	protein_coding	0	0	0	1	0	0	0	0	1	0	0	0	0	0	0	0	0	0	0	0
Q8WXD9	Q8WXD9	uc010bsg.1	protein_coding	0	2	1	7	1	0	0	2	4	1	0	0	0	0	0	0	0	0	2	0
Q8WXE0	Q8WXE0	uc002joc.4	protein_coding	0	1	1	21	1	0	1	4	16	1	0	0	0	1	0	0	0	0	0	0
Q8WXH2	Q8WXH2	uc002fkd.4	protein_coding	0	2	0	6	0	0	0	0	6	0	0	0	0	0	0	0	0	0	2	0
Q8WXU2	Q8WXU2	uc002adc.3	protein_coding	0	0	0	8	0	0	2	0	6	0	0	0	0	0	0	0	0	0	0	0
Q8WXU2-2	Q8WXU2-2	uc002adb.3	protein_coding	0	0	0	11	0	0	2	0	9	0	0	0	0	0	0	0	0	0	0	0
Q8WXU2-3	Q8WXU2-3	uc002add.3	protein_coding	0	0	0	8	0	0	2	0	6	0	0	0	0	0	0	0	0	0	0	0
Q8WY54-2	Q8WY54-2	uc002iwx.4	protein_coding	0	0	0	9	1	0	0	2	6	0	0	0	0	0	0	0	0	0	0	0
Q8WY54-3	Q8WY54-3	uc010ddd.4	protein_coding	0	0	0	9	1	0	0	2	6	0	0	0	0	0	0	0	0	0	0	0
Q8WYK3	Q8WYK3	uc010dkb.1	protein_coding	0	0	0	26	1	0	0	10	15	0	0	0	0	0	0	0	0	0	0	0
Q8WYK4	Q8WYK4	uc010dkc.1	protein_coding	0	0	0	26	1	0	0	10	15	0	0	0	0	0	0	0	0	0	0	0
Q8WYQ9	Q8WYQ9	uc002fjz.1	protein_coding	0	2	0	11	1	0	0	5	5	0	0	0	0	0	0	0	0	0	2	0
Q8WYR1	Q8WYR1	uc002glt.3	protein_coding	0	4	0	35	1	0	0	3	31	0	0	0	0	0	0	0	0	0	4	0
Q8WYR1	Q8WYR1	uc010vuz.2	protein_coding	0	4	0	35	1	0	0	3	31	0	0	0	0	0	0	0	0	0	4	0
Q8WZ19	Q8WZ19	uc002duv.4	protein_coding	0	0	0	5	1	0	0	1	3	0	0	0	0	0	0	0	0	0	0	0
Q8WZ73	Q8WZ73	uc002hin.1	protein_coding	0	1	1	4	0	0	0	0	4	1	0	0	0	0	0	0	0	0	1	0
Q8WZ73	Q8WZ73	uc002hio.2	protein_coding	0	1	1	4	0	0	0	0	4	1	0	0	0	0	0	0	0	0	1	0
Q8WZ73	Q8WZ73	uc010cti.1	protein_coding	0	1	1	4	0	0	0	0	4	1	0	0	0	0	0	0	0	0	1	0
Q8WZ73-2	Q8WZ73-2	uc002him.1	protein_coding	0	1	1	4	0	0	0	0	4	1	0	0	0	0	0	0	0	0	1	0
Q8WZ73-3	Q8WZ73-3	uc002hip.2	protein_coding	0	1	1	4	0	0	0	0	4	1	0	0	0	0	0	0	0	0	1	0
Q8WZ82	Q8WZ82	uc002ftx.3	protein_coding	0	0	0	2	0	0	0	0	0	0	0	0	0	0	0	0	0	0	0	2
Q92186	Q92186	uc002bra.3	protein_coding	0	2	0	12	0	0	0	5	8	0	0	0	0	1	0	0	0	0	1	0
Q92503	Q92503	uc021udv.1	protein_coding	0	1	1	6	0	0	1	2	3	1	0	0	0	0	0	0	0	0	1	0
Q92508	Q92508	uc010vpb.2	protein_coding	0	10	5	68	0	0	0	13	59	5	0	0	0	4	0	0	0	0	6	0
Q92521	Q92521	uc002act.3	protein_coding	0	0	1	3	0	0	0	0	3	1	0	0	0	0	0	0	0	0	0	0
Q92521	Q92521	uc010ugg.2	protein_coding	0	0	1	3	0	0	0	0	3	1	0	0	0	0	0	0	0	0	0	0
Q92526	Q92526	uc002hig.3	protein_coding	0	0	1	8	0	0	0	1	5	1	0	0	0	0	0	0	0	0	0	2
Q92526-2	Q92526-2	uc010wcc.2	protein_coding	0	0	1	8	0	0	0	1	5	1	0	0	0	0	0	0	0	0	0	2
Q92536	Q92536	uc002evt.2	protein_coding	0	0	0	3	2	0	0	1	0	0	0	0	0	0	0	0	0	0	0	0
Q92536	Q92536	uc002evu.2	protein_coding	0	0	0	3	2	0	0	1	0	0	0	0	0	0	0	0	0	0	0	0
Q92539	Q92539	uc002klo.3	protein_coding	0	0	0	16	0	0	0	3	13	0	0	0	0	0	0	0	0	0	0	0
Q92541	Q92541	uc001zny.3	protein_coding	0	0	0	2	1	0	0	0	1	0	0	0	0	0	0	0	0	0	0	0
Q92583	Q92583	uc002elj.1	protein_coding	0	0	1	0	0	0	0	0	0	1	0	0	0	0	0	0	0	0	0	0
Q92583	Q92583	uc010ccz.1	protein_coding	0	0	1	0	0	0	0	0	0	1	0	0	0	0	0	0	0	0	0	0
Q92610	Q92610	uc002bld.3	protein_coding	0	1	0	5	1	0	0	0	4	0	0	0	0	0	0	0	0	0	1	0
Q92614	Q92614	uc002hdt.1	protein_coding	0	5	0	35	1	0	0	0	33	0	0	0	0	0	0	0	0	0	5	1
Q92614-2	Q92614-2	uc010wbd.1	protein_coding	0	5	0	25	0	0	1	6	17	0	0	0	0	0	0	0	0	0	5	1
Q92614-3	Q92614-3	uc010csa.1	protein_coding	0	5	0	35	1	0	0	0	33	0	0	0	0	0	0	0	0	0	5	1
Q92614-4	Q92614-4	uc002hdu.1	protein_coding	0	5	0	35	1	0	0	0	33	0	0	0	0	0	0	0	0	0	5	1
Q92614-5	Q92614-5	uc002hds.2	protein_coding	0	5	0	33	1	0	1	0	30	0	0	0	0	0	0	0	0	0	5	1
Q92614-5	Q92614-5	uc010wbc.1	protein_coding	0	5	0	27	1	0	0	0	26	0	0	0	0	0	0	0	0	0	5	0
Q92617-2	Q92617-2	uc002djq.3	protein_coding	0	1	1	2	0	1	1	0	1	1	0	0	0	0	0	0	0	0	0	0
Q92617-2	Q92617-2	uc002djr.3	protein_coding	0	0	1	5	0	0	0	0	4	1	0	0	0	0	0	0	0	0	0	1
Q92617-2	Q92617-2	uc010vbn.1	protein_coding	0	0	1	2	0	0	0	0	2	1	0	0	0	0	0	0	0	0	0	0
Q92617-3	Q92617-3	uc021tem.1	protein_coding	0	0	1	1	0	0	0	0	1	1	0	0	0	0	0	0	0	0	0	0
Q92618	Q92618	uc021ulp.1	protein_coding	0	2	0	5	0	0	0	2	3	0	0	0	0	0	0	0	0	0	2	0
Q92620	Q92620	uc002fcb.3	protein_coding	0	7	0	21	1	0	0	0	18	0	0	0	0	1	0	0	0	0	6	3
Q92624	Q92624	uc002iys.1	protein_coding	0	0	1	21	7	0	1	0	13	1	0	0	0	0	0	0	0	0	0	0
Q92624	Q92624	uc010ddl.1	protein_coding	0	0	1	21	7	0	1	0	13	1	0	0	0	0	0	0	0	0	0	0
Q92667	Q92667	uc002iux.3	protein_coding	0	3	0	5	0	0	0	0	5	0	0	0	0	0	0	0	0	0	3	0
Q92667	Q92667	uc010dcm.3	protein_coding	0	3	0	5	0	0	0	0	5	0	0	0	0	0	0	0	0	0	3	0
Q92667	Q92667	uc010wnl.2	protein_coding	0	3	0	5	0	0	0	0	5	0	0	0	0	0	0	0	0	0	3	0
Q92667	Q92667	uc021uak.1	protein_coding	0	3	0	5	0	0	0	0	5	0	0	0	0	0	0	0	0	0	3	0
Q92750	Q92750	uc002kvu.4	protein_coding	0	2	0	6	0	0	0	0	6	0	0	0	0	0	0	0	0	0	2	0
Q92764	Q92764	uc002hws.3	protein_coding	0	2	2	6	1	0	0	0	5	2	0	0	0	0	0	0	0	0	2	0
Q92791	Q92791	uc002hxt.3	protein_coding	0	0	0	5	2	0	0	1	2	0	0	0	0	0	0	0	0	0	0	0
Q92791	Q92791	uc002hxu.3	protein_coding	0	0	0	5	2	0	0	1	2	0	0	0	0	0	0	0	0	0	0	0
Q92793	Q92793	uc002cvv.3	protein_coding	0	0	0	1	0	0	0	0	1	0	0	0	0	0	0	0	0	0	0	0
Q92800	Q92800	uc002iaz.3	protein_coding	0	1	0	3	1	0	0	1	2	0	0	0	0	1	0	0	0	0	0	0
Q92800	Q92800	uc002iba.3	protein_coding	0	1	0	3	1	0	0	1	2	0	0	0	0	1	0	0	0	0	0	0
Q92800	Q92800	uc010cyp.2	protein_coding	0	1	0	2	0	0	0	2	1	0	0	0	0	1	0	0	0	0	0	0
Q92800	Q92800	uc010cyq.2	protein_coding	0	1	0	2	0	0	0	2	1	0	0	0	0	1	0	0	0	0	0	0
Q92800	Q92800	uc010wgt.2	protein_coding	0	1	0	3	1	0	0	1	2	0	0	0	0	1	0	0	0	0	0	0
Q92800-2	Q92800-2	uc010wgu.2	protein_coding	0	1	0	3	1	0	0	1	2	0	0	0	0	1	0	0	0	0	0	0
Q92800-3	Q92800-3	uc010wgv.2	protein_coding	0	1	0	3	1	0	0	1	2	0	0	0	0	1	0	0	0	0	0	0
Q92800-5	Q92800-5	uc010cyo.1	protein_coding	0	1	0	2	0	0	0	2	1	0	0	0	0	1	0	0	0	0	0	0
Q92800-5	Q92800-5	uc010wgw.2	protein_coding	0	1	0	3	1	0	0	1	2	0	0	0	0	1	0	0	0	0	0	0
Q92804	Q92804	uc002hkd.4	protein_coding	0	1	0	1	0	0	0	0	2	0	0	0	0	1	0	0	0	0	0	0
Q92804-2	Q92804-2	uc002hkc.4	protein_coding	0	1	0	1	0	0	0	0	2	0	0	0	0	1	0	0	0	0	0	0
Q92817	Q92817	uc002jqi.2	protein_coding	0	5	2	12	1	0	0	0	12	2	0	0	0	1	0	0	0	0	4	0
Q92817	Q92817	uc010wst.1	protein_coding	0	6	0	15	1	2	4	0	11	0	0	0	0	1	0	0	0	0	3	0
Q92826	Q92826	uc002ioa.3	protein_coding	0	2	0	3	0	0	0	3	0	0	0	0	0	0	0	0	0	0	2	0
Q92830	Q92830	uc002hyx.2	protein_coding	0	0	0	15	0	0	0	3	9	0	0	0	0	0	0	0	0	0	0	3
Q92859	Q92859	uc002avm.4	protein_coding	0	2	1	8	0	0	0	0	8	1	0	0	0	0	0	0	0	0	2	0
Q92859-3	Q92859-3	uc010uky.2	protein_coding	0	2	1	8	0	0	0	0	8	1	0	0	0	0	0	0	0	0	2	0
Q92874	Q92874	uc002cpo.3	protein_coding	0	0	0	6	0	0	0	1	1	0	0	0	0	0	0	0	0	0	0	4
Q92874	Q92874	uc002cpp.3	protein_coding	0	0	0	6	0	0	0	1	1	0	0	0	0	0	0	0	0	0	0	4
Q92874	Q92874	uc002cpq.3	protein_coding	0	0	0	6	0	0	0	1	1	0	0	0	0	0	0	0	0	0	0	4
Q92889	Q92889	uc002dce.2	protein_coding	0	1	0	10	1	0	0	0	9	0	0	0	0	1	0	0	0	0	0	1
Q92889	Q92889	uc010uyz.1	protein_coding	0	0	0	10	1	0	1	0	6	0	0	0	0	0	0	0	0	0	0	2
Q92896	Q92896	uc002fcy.4	protein_coding	0	2	0	17	1	0	0	0	16	0	0	0	0	0	0	0	0	0	2	0
Q92896-2	Q92896-2	uc002fcx.3	protein_coding	0	2	0	17	1	0	0	0	16	0	0	0	0	0	0	0	0	0	2	0
Q92896-3	Q92896-3	uc002fcw.4	protein_coding	0	2	0	17	1	0	0	0	16	0	0	0	0	0	0	0	0	0	2	0
Q92901	Q92901	uc002cnh.3	protein_coding	0	0	1	14	3	0	0	1	9	1	0	0	0	0	0	0	0	0	0	1
Q92908	Q92908	uc002ktt.2	protein_coding	0	1	0	3	1	0	0	0	3	0	0	0	0	1	0	0	0	0	0	0
Q92908	Q92908	uc002ktu.2	protein_coding	0	1	0	3	1	0	0	0	3	0	0	0	0	1	0	0	0	0	0	0
Q92914	Q92914	uc002ggz.3	protein_coding	0	1	0	6	0	0	0	2	2	0	0	0	0	0	0	0	0	0	1	2
Q92925	Q92925	uc010dea.1	protein_coding	0	0	0	7	2	0	0	5	0	0	0	0	0	0	0	0	0	0	0	0
Q92925	Q92925	uc010deb.1	protein_coding	0	0	0	7	2	0	0	5	0	0	0	0	0	0	0	0	0	0	0	0
Q92925-3	Q92925-3	uc010wpt.1	protein_coding	0	0	0	7	2	0	0	5	0	0	0	0	0	0	0	0	0	0	0	0
Q92930	Q92930	uc002alz.3	protein_coding	0	0	0	4	1	0	1	0	2	0	0	0	0	0	0	0	0	0	0	0
Q93009	Q93009	uc002czl.2	protein_coding	0	0	0	24	0	0	0	0	24	0	0	0	0	0	0	0	0	0	0	0
Q93009	Q93009	uc010uyj.1	protein_coding	0	0	0	23	0	0	1	0	22	0	0	0	0	0	0	0	0	0	0	0
Q93009	Q93009	uc010uyk.1	protein_coding	0	0	0	24	0	0	0	1	23	0	0	0	0	0	0	0	0	0	0	0
Q93050	Q93050	uc002hzr.3	protein_coding	0	0	0	6	1	0	0	0	5	0	0	0	0	0	0	0	0	0	0	0
Q93050	Q93050	uc010cyg.3	protein_coding	0	0	0	6	1	0	0	0	5	0	0	0	0	0	0	0	0	0	0	0
Q93050	Q93050	uc010wgl.2	protein_coding	0	0	0	6	1	0	0	0	4	0	0	0	0	0	0	0	0	0	0	1
Q93050-1	Q93050-1	uc002hzq.3	protein_coding	0	0	0	6	1	0	0	0	5	0	0	0	0	0	0	0	0	0	0	0
Q93050-3	Q93050-3	uc002hzs.3	protein_coding	0	0	0	6	1	0	0	0	5	0	0	0	0	0	0	0	0	0	0	0
Q93073	Q93073	uc001zxe.2	protein_coding	0	1	1	4	1	0	0	0	3	1	0	0	0	0	0	0	0	0	1	0
Q93073	Q93073	uc010bep.2	protein_coding	0	1	1	4	0	1	1	0	3	1	0	0	0	0	0	0	0	0	0	0
Q93073-2	Q93073-2	uc001zxd.2	protein_coding	0	1	1	4	1	0	0	0	3	1	0	0	0	0	0	0	0	0	1	0
Q93084	Q93084	uc002fxb.2	protein_coding	0	5	1	17	0	0	0	1	17	1	0	0	0	2	0	0	0	0	4	0
Q93084-2	Q93084-2	uc002fxc.2	protein_coding	0	5	1	17	0	0	0	1	17	1	0	0	0	2	0	0	0	0	4	0
Q93084-3	Q93084-3	uc002fwx.2	protein_coding	0	5	1	17	0	0	0	1	17	1	0	0	0	2	0	0	0	0	4	0
Q93084-3	Q93084-3	uc002fxa.2	protein_coding	0	5	1	17	0	0	0	1	17	1	0	0	0	2	0	0	0	0	4	0
Q93084-4	Q93084-4	uc002fxd.2	protein_coding	0	5	1	17	0	0	0	1	17	1	0	0	0	2	0	0	0	0	4	0
Q93084-5	Q93084-5	uc002fwy.2	protein_coding	0	5	1	17	0	0	0	1	17	1	0	0	0	2	0	0	0	0	4	0
Q93084-6	Q93084-6	uc002fwz.2	protein_coding	0	5	1	17	0	0	0	1	17	1	0	0	0	2	0	0	0	0	4	0
Q93086	Q93086	uc002fwi.3	protein_coding	0	0	0	4	0	0	0	0	4	0	0	0	0	0	0	0	0	0	0	0
Q93086-1	Q93086-1	uc002fwk.3	protein_coding	0	0	0	4	0	0	0	0	4	0	0	0	0	0	0	0	0	0	0	0
Q93086-2	Q93086-2	uc002fwj.3	protein_coding	0	0	0	4	0	0	0	0	4	0	0	0	0	0	0	0	0	0	0	0
Q93100	Q93100	uc002eev.4	protein_coding	0	1	1	6	0	0	0	0	7	1	0	0	0	1	0	0	0	0	0	0
Q93100-4	Q93100-4	uc002eeu.4	protein_coding	0	1	1	6	0	0	0	0	7	1	0	0	0	1	0	0	0	0	0	0
Q969G3	Q969G3	uc002hux.2	protein_coding	0	0	0	5	1	0	0	0	3	0	0	0	0	0	0	0	0	0	0	1
Q969G3	Q969G3	uc010wfh.1	protein_coding	0	0	0	5	1	0	0	0	3	0	0	0	0	0	0	0	0	0	0	1
Q969G3	Q969G3	uc010wfi.1	protein_coding	0	0	0	5	1	0	0	0	3	0	0	0	0	0	0	0	0	0	0	1
Q969G9	Q969G9	uc002egg.2	protein_coding	0	1	0	5	0	0	0	1	5	0	0	0	0	1	0	0	0	0	0	0
Q969P4	Q969P4	uc002kex.3	protein_coding	0	0	1	8	0	0	1	2	2	1	0	0	0	0	0	0	0	0	0	3
Q969P4	Q969P4	uc002key.3	protein_coding	0	0	1	8	0	0	0	2	6	1	0	0	0	0	0	0	0	0	0	0
Q969P4	Q969P4	uc002kfd.4	protein_coding	0	0	1	8	0	0	0	2	6	1	0	0	0	0	0	0	0	0	0	0
Q969P4	Q969P4	uc002kfe.4	protein_coding	0	0	1	8	0	0	0	2	6	1	0	0	0	0	0	0	0	0	0	0
Q969P4	Q969P4	uc021ufr.1	protein_coding	0	0	1	8	0	0	0	2	6	1	0	0	0	0	0	0	0	0	0	0
Q969P4	Q969P4	uc021ufu.1	protein_coding	0	0	1	8	0	0	0	2	6	1	0	0	0	0	0	0	0	0	0	0
Q969P4	Q969P4	uc031rez.1	protein_coding	0	0	1	8	0	0	1	2	5	1	0	0	0	0	0	0	0	0	0	0
Q969T7	Q969T7	uc002hxy.4	protein_coding	0	2	2	7	0	0	0	3	4	2	0	0	0	0	0	0	0	0	2	0
Q969T7	Q969T7	uc021txn.1	protein_coding	0	2	2	7	0	0	0	3	4	2	0	0	0	0	0	0	0	0	2	0
Q969T9	Q969T9	uc002jps.3	protein_coding	0	3	0	10	1	0	0	6	6	0	0	0	0	3	0	0	0	0	0	0
Q969T9	Q969T9	uc010wsl.2	protein_coding	0	3	0	10	1	0	0	6	6	0	0	0	0	3	0	0	0	0	0	0
Q969U7	Q969U7	uc002krj.2	protein_coding	0	1	0	10	2	0	1	0	3	0	0	0	0	0	0	0	0	0	1	4
Q969U7	Q969U7	uc002krk.3	protein_coding	0	1	0	10	0	0	1	0	5	0	0	0	0	0	0	0	0	0	1	4
Q969V4	Q969V4	uc002gdt.3	protein_coding	0	1	0	5	0	0	0	1	4	0	0	0	0	0	0	0	0	0	1	0
Q969V4	Q969V4	uc010vth.2	protein_coding	0	0	0	6	0	0	1	1	4	0	0	0	0	0	0	0	0	0	0	0
Q969W3	Q969W3	uc002jji.4	protein_coding	0	1	0	17	3	0	0	4	4	0	0	0	0	0	0	0	0	0	1	6
Q969W3-2	Q969W3-2	uc002jjj.4	protein_coding	0	1	0	17	3	0	0	4	4	0	0	0	0	0	0	0	0	0	1	6
Q969X6	Q969X6	uc002ews.4	protein_coding	0	0	1	0	0	0	0	0	0	1	0	0	0	0	0	0	0	0	0	0
Q969X6	Q969X6	uc002ewt.4	protein_coding	0	0	1	0	0	0	0	0	0	1	0	0	0	0	0	0	0	0	0	0
Q969X6-2	Q969X6-2	uc010cfi.3	protein_coding	0	0	0	1	0	0	0	0	1	0	0	0	0	0	0	0	0	0	0	0
Q969X6-3	Q969X6-3	uc002ewr.2	protein_coding	0	0	1	0	0	0	0	0	0	1	0	0	0	0	0	0	0	0	0	0
Q96A19	Q96A19	uc002elw.3	protein_coding	0	0	0	3	1	0	0	0	2	0	0	0	0	0	0	0	0	0	0	0
Q96A32	Q96A32	uc002dxv.1	protein_coding	0	0	0	5	0	0	0	3	2	0	0	0	0	0	0	0	0	0	0	0
Q96A33	Q96A33	uc002jbs.4	protein_coding	0	0	0	4	1	0	0	0	2	0	0	0	0	0	0	0	0	0	0	1
Q96A33	Q96A33	uc010ddx.3	protein_coding	0	0	0	4	1	0	0	0	2	0	0	0	0	0	0	0	0	0	0	1
Q96A33-2	Q96A33-2	uc002jbt.2	protein_coding	0	0	0	3	0	0	0	0	2	0	0	0	0	0	0	0	0	0	0	1
Q96A37	Q96A37	uc002flk.3	protein_coding	0	1	0	6	0	0	0	0	1	0	0	0	0	0	0	0	0	0	1	5
Q96A47	Q96A47	uc002bbw.1	protein_coding	0	2	0	2	0	0	0	0	3	0	0	0	0	1	0	0	0	0	1	0
Q96A59-2	Q96A59-2	uc002fau.4	protein_coding	0	0	1	5	0	0	1	4	0	1	0	0	0	0	0	0	0	0	0	0
Q96A99-2	Q96A99-2	uc010uvf.2	protein_coding	0	2	5	5	0	0	0	0	4	5	0	0	0	0	0	0	0	0	2	1
Q96AB6	Q96AB6	uc002ddd.4	protein_coding	0	1	2	14	0	0	0	8	6	2	0	0	0	0	0	0	0	0	1	0
Q96AG4	Q96AG4	uc002iqt.3	protein_coding	0	0	0	8	3	0	0	1	4	0	0	0	0	0	0	0	0	0	0	0
Q96AJ1	Q96AJ1	uc002cvk.2	protein_coding	0	3	1	30	0	0	3	3	22	1	0	0	0	2	0	0	0	0	1	4
Q96AP0	Q96AP0	uc002etq.4	protein_coding	0	1	1	1	0	0	0	0	1	1	0	0	0	0	0	0	0	0	1	0
Q96AP0-2	Q96AP0-2	uc002etp.4	protein_coding	0	1	1	1	0	0	0	0	1	1	0	0	0	0	0	0	0	0	1	0
Q96AX2	Q96AX2	uc002jlk.3	protein_coding	0	0	0	4	0	0	0	0	1	0	0	0	0	0	0	0	0	0	0	3
Q96AX2	Q96AX2	uc010wrb.2	protein_coding	0	0	0	4	0	0	0	0	1	0	0	0	0	0	0	0	0	0	0	3
Q96AX2-2	Q96AX2-2	uc010dfu.3	protein_coding	0	0	0	11	0	0	0	0	11	0	0	0	0	0	0	0	0	0	0	0
Q96AX2-3	Q96AX2-3	uc010wrc.2	protein_coding	0	0	0	4	0	0	0	0	1	0	0	0	0	0	0	0	0	0	0	3
Q96AX2-4	Q96AX2-4	uc010wre.2	protein_coding	0	0	0	4	0	0	0	0	1	0	0	0	0	0	0	0	0	0	0	3
Q96AY2	Q96AY2	uc002iqs.2	protein_coding	0	0	2	8	1	0	0	4	1	2	0	0	0	0	0	0	0	0	0	2
Q96AY2-2	Q96AY2-2	uc010dbp.2	protein_coding	0	0	2	8	1	0	0	4	1	2	0	0	0	0	0	0	0	0	0	2
Q96AY3	Q96AY3	uc002hxv.2	protein_coding	0	0	0	7	0	0	0	5	2	0	0	0	0	0	0	0	0	0	0	0
Q96AZ6	Q96AZ6	uc002bmv.1	protein_coding	0	1	0	5	0	0	1	0	4	0	0	0	0	0	0	0	0	0	1	0
Q96B77	Q96B77	uc002cze.3	protein_coding	0	0	0	2	1	0	0	0	0	0	0	0	0	0	0	0	0	0	0	1
Q96B86	Q96B86	uc002bsr.2	protein_coding	0	2	1	19	2	1	1	6	8	1	0	0	0	0	0	0	0	0	1	2
Q96B86	Q96B86	uc002bss.2	protein_coding	0	1	1	22	2	0	0	6	14	1	0	0	0	0	0	0	0	0	1	0
Q96B86	Q96B86	uc010boi.2	protein_coding	0	2	1	19	2	1	1	6	8	1	0	0	0	0	0	0	0	0	1	2
Q96B96	Q96B96	uc002dif.4	protein_coding	0	0	1	1	0	0	0	0	1	1	0	0	0	0	0	0	0	0	0	0
Q96B96	Q96B96	uc002dih.4	protein_coding	0	0	1	1	0	0	0	0	1	1	0	0	0	0	0	0	0	0	0	0
Q96BD8	Q96BD8	uc002let.3	protein_coding	0	2	1	9	0	0	0	0	9	1	0	0	0	0	0	0	0	0	2	0
Q96BD8	Q96BD8	uc002leu.3	protein_coding	0	2	1	9	0	0	0	0	9	1	0	0	0	0	0	0	0	0	2	0
Q96BD8-2	Q96BD8-2	uc010xdl.2	protein_coding	0	1	1	10	0	0	0	0	10	1	0	0	0	0	0	0	0	0	1	0
Q96BJ8	Q96BJ8	uc002esc.3	protein_coding	0	0	0	11	0	0	0	5	3	0	0	0	0	0	0	0	0	0	0	3
Q96BJ8-3	Q96BJ8-3	uc002esa.3	protein_coding	0	0	1	10	0	0	0	5	3	1	0	0	0	0	0	0	0	0	0	2
Q96BT3	Q96BT3	uc002eun.4	protein_coding	0	0	0	3	0	0	0	1	2	0	0	0	0	0	0	0	0	0	0	0
Q96C03	Q96C03	uc002gst.3	protein_coding	0	1	0	1	0	0	0	0	1	0	0	0	0	0	0	0	0	0	1	0
Q96C03-2	Q96C03-2	uc002gsu.3	protein_coding	0	0	0	2	1	0	0	0	1	0	0	0	0	0	0	0	0	0	0	0
Q96C10	Q96C10	uc002hyw.3	protein_coding	0	1	2	6	0	0	1	0	5	2	0	0	0	1	0	0	0	0	0	1
Q96C12	Q96C12	uc002ecb.2	protein_coding	0	1	1	6	0	0	0	1	4	1	0	0	0	0	0	0	0	0	1	1
Q96C12	Q96C12	uc002ecc.3	protein_coding	0	1	1	6	0	0	1	1	4	1	0	0	0	0	0	0	0	0	1	0
Q96C12	Q96C12	uc010vfp.2	protein_coding	0	1	1	6	0	0	0	1	4	1	0	0	0	0	0	0	0	0	1	1
Q96CC6	Q96CC6	uc002cfl.4	protein_coding	0	3	1	18	0	0	0	8	11	1	0	0	0	1	0	0	0	0	2	0
Q96CD0	Q96CD0	uc002erk.1	protein_coding	0	1	0	0	0	0	0	0	0	0	0	0	0	0	0	0	0	0	1	0
Q96CD2	Q96CD2	uc002azo.3	protein_coding	0	0	1	7	0	0	0	0	3	1	0	0	0	1	0	0	0	0	0	4
Q96CM8	Q96CM8	uc002iqu.2	protein_coding	0	1	0	8	0	0	0	1	7	0	0	0	0	0	0	0	0	0	1	0
Q96CM8	Q96CM8	uc010wmo.1	protein_coding	0	1	0	8	0	0	0	1	7	0	0	0	0	0	0	0	0	0	1	0
Q96CN5	Q96CN5	uc002kde.3	protein_coding	0	0	0	4	0	0	0	3	0	0	0	0	0	0	0	0	0	0	0	1
Q96CP2	Q96CP2	uc002csa.3	protein_coding	0	1	1	4	2	0	0	1	2	1	0	0	0	1	0	0	0	0	0	0
Q96CP2	Q96CP2	uc010uwj.2	protein_coding	0	1	1	4	2	0	0	1	2	1	0	0	0	1	0	0	0	0	0	0
Q96CP2	Q96CP2	uc010uwk.2	protein_coding	0	1	1	4	2	0	0	1	2	1	0	0	0	1	0	0	0	0	0	0
Q96CP7	Q96CP7	uc002hco.3	protein_coding	0	1	0	2	0	0	0	0	0	0	0	0	0	0	0	0	0	0	1	2
Q96CS2	Q96CS2	uc002lbu.3	protein_coding	0	0	0	14	1	0	0	0	12	0	0	0	0	0	0	0	0	0	0	1
Q96CS2	Q96CS2	uc002lbv.3	protein_coding	0	0	0	14	1	0	0	0	12	0	0	0	0	0	0	0	0	0	0	1
Q96CS4	Q96CS4	uc002dyx.4	protein_coding	0	0	0	1	0	0	0	0	0	0	0	0	0	0	0	0	0	0	0	1
Q96CW6	Q96CW6	uc002evw.2	protein_coding	0	0	1	4	0	0	0	2	1	1	0	0	0	0	0	0	0	0	0	1
Q96CY4	Q96CY4	uc002bmg.3	protein_coding	0	3	0	14	2	0	0	0	12	0	0	0	0	0	0	0	0	0	3	0
Q96DA0	Q96DA0	uc002cru.3	protein_coding	0	1	2	8	2	1	1	1	2	2	0	0	0	0	0	0	0	0	0	2
Q96DF0	Q96DF0	uc002hii.3	protein_coding	0	0	0	5	0	0	0	1	2	0	0	0	0	0	0	0	0	0	0	2
Q96DH6	Q96DH6	uc002iuz.1	protein_coding	0	0	0	13	0	0	0	0	13	0	0	0	0	0	0	0	0	0	0	0
Q96DH6-2	Q96DH6-2	uc002iva.3	protein_coding	0	0	0	7	1	0	0	0	6	0	0	0	0	0	0	0	0	0	0	0
Q96DM1	Q96DM1	uc001zho.3	protein_coding	0	0	0	2	0	0	0	1	0	0	0	0	0	0	0	0	0	0	0	1
Q96DM3	Q96DM3	uc010xaw.2	protein_coding	0	3	0	10	0	0	0	2	9	0	0	0	0	2	0	0	0	0	2	0
Q96DM3	Q96DM3	uc021uie.2	protein_coding	0	3	0	10	0	0	0	2	9	0	0	0	0	2	0	0	0	0	2	0
Q96DP5	Q96DP5	uc002aof.4	protein_coding	0	0	0	1	0	0	0	0	1	0	0	0	0	0	0	0	0	0	0	0
Q96DV4	Q96DV4	uc010wso.1	protein_coding	0	1	1	2	0	0	0	0	2	1	0	0	0	0	0	0	0	0	1	0
Q96DX4	Q96DX4	uc002elb.3	protein_coding	0	0	0	7	0	0	0	0	6	0	0	0	0	0	0	0	0	0	0	1
Q96DX4	Q96DX4	uc002elc.3	protein_coding	0	0	0	7	0	0	1	0	5	0	0	0	0	0	0	0	0	0	0	1
Q96DX4	Q96DX4	uc002eld.3	protein_coding	0	0	0	7	0	0	0	0	6	0	0	0	0	0	0	0	0	0	0	1
Q96DX4-2	Q96DX4-2	uc002ele.1	protein_coding	0	0	0	2	0	0	1	0	0	0	0	0	0	0	0	0	0	0	0	1
Q96E14	Q96E14	uc002daw.1	protein_coding	0	0	0	4	1	0	0	0	3	0	0	0	0	0	0	0	0	0	0	0
Q96EE3	Q96EE3	uc002krr.3	protein_coding	0	0	1	12	1	0	0	0	11	1	0	0	0	0	0	0	0	0	0	0
Q96EE3-1	Q96EE3-1	uc002krq.3	protein_coding	0	0	1	12	0	0	0	0	12	1	0	0	0	0	0	0	0	0	0	0
Q96EG1	Q96EG1	uc002jhc.2	protein_coding	0	1	2	13	0	0	0	1	11	2	0	0	0	1	0	0	0	0	1	1
Q96EG1	Q96EG1	uc031ree.1	protein_coding	0	1	2	7	0	0	0	1	6	2	0	0	0	1	0	0	0	0	1	0
Q96EN8	Q96EN8	uc002kzq.4	protein_coding	0	2	4	15	0	0	0	0	15	4	0	0	0	0	0	0	0	0	2	0
Q96EQ8	Q96EQ8	uc002kxf.1	protein_coding	0	0	0	8	0	0	0	1	7	0	0	0	0	0	0	0	0	0	0	0
Q96ES7	Q96ES7	uc002dqf.3	protein_coding	0	2	0	6	1	1	1	3	1	0	0	0	0	1	0	0	0	0	0	0
Q96ET8	Q96ET8	uc002goq.2	protein_coding	0	0	0	13	0	0	0	0	11	0	0	0	0	0	0	0	0	0	0	2
Q96ET8-2	Q96ET8-2	uc010vvx.2	protein_coding	0	0	0	15	0	0	0	0	13	0	0	0	0	0	0	0	0	0	0	2
Q96ET8-3	Q96ET8-3	uc010cor.2	protein_coding	0	0	2	10	3	0	0	1	4	2	0	0	0	0	0	0	0	0	0	2
Q96EY1	Q96EY1	uc002cwk.3	protein_coding	0	2	1	12	1	0	1	1	9	1	0	0	0	0	0	0	0	0	2	0
Q96EY1-2	Q96EY1-2	uc002cwl.3	protein_coding	0	2	1	12	1	0	1	1	9	1	0	0	0	0	0	0	0	0	2	0
Q96F10	Q96F10	uc002gic.2	protein_coding	0	0	0	3	0	0	0	0	1	0	0	0	0	0	0	0	0	0	0	2
Q96F32	Q96F32	uc002abu.3	protein_coding	0	0	0	1	1	0	0	0	0	0	0	0	0	0	0	0	0	0	0	0
Q96FE5	Q96FE5	uc002bct.1	protein_coding	0	3	0	4	2	0	0	1	1	0	0	0	0	0	0	0	0	0	3	0
Q96FE5	Q96FE5	uc002bcu.1	protein_coding	0	3	0	7	2	0	0	1	4	0	0	0	0	0	0	0	0	0	3	0
Q96FI4	Q96FI4	uc002bad.4	protein_coding	0	1	0	3	0	0	0	2	1	0	0	0	0	0	0	0	0	0	1	0
Q96FI4	Q96FI4	uc031qst.1	protein_coding	0	1	0	3	0	0	0	2	1	0	0	0	0	0	0	0	0	0	1	0
Q96FL8	Q96FL8	uc002gvy.1	protein_coding	0	0	0	6	0	0	0	0	6	0	0	0	0	0	0	0	0	0	0	0
Q96FL8-3	Q96FL8-3	uc002gvx.3	protein_coding	0	0	0	6	0	0	0	0	6	0	0	0	0	0	0	0	0	0	0	0
Q96FM1	Q96FM1	uc002hsj.3	protein_coding	0	1	0	7	0	0	0	0	7	0	0	0	0	0	0	0	0	0	1	0
Q96FM1-2	Q96FM1-2	uc002hsk.3	protein_coding	0	1	0	7	0	0	0	0	7	0	0	0	0	0	0	0	0	0	1	0
Q96FN4	Q96FN4	uc002eks.2	protein_coding	0	0	0	11	0	0	0	0	11	0	0	0	0	0	0	0	0	0	0	0
Q96FN4	Q96FN4	uc010cct.2	protein_coding	0	0	0	11	0	0	1	0	10	0	0	0	0	0	0	0	0	0	0	0
Q96FN4	Q96FN4	uc010ccu.2	protein_coding	0	0	0	10	0	0	0	0	8	0	0	0	0	0	0	0	0	0	0	2
Q96FV0	Q96FV0	uc002ima.3	protein_coding	0	0	0	7	0	0	0	4	0	0	0	0	0	0	0	0	0	0	0	3
Q96FV2	Q96FV2	uc002imd.3	protein_coding	0	0	1	4	1	0	0	0	2	1	0	0	0	0	0	0	0	0	0	1
Q96FV9	Q96FV9	uc002kkj.4	protein_coding	0	2	0	15	0	0	0	2	13	0	0	0	0	1	0	0	0	0	1	1
Q96FV9-2	Q96FV9-2	uc002kkl.2	protein_coding	0	1	0	11	0	0	0	6	4	0	0	0	0	0	0	0	0	0	1	1
Q96FZ7	Q96FZ7	uc002jyw.4	protein_coding	0	0	0	14	0	0	0	1	13	0	0	0	0	0	0	0	0	0	0	0
Q96G04	Q96G04	uc002cyo.2	protein_coding	0	1	0	33	2	0	0	4	23	0	0	0	0	0	0	0	0	0	1	4
Q96G04-2	Q96G04-2	uc002cyp.2	protein_coding	0	1	0	33	2	0	0	4	23	0	0	0	0	0	0	0	0	0	1	4
Q96G95	Q96G95	uc010cai.4	protein_coding	0	0	0	1	0	0	0	0	1	0	0	0	0	0	0	0	0	0	0	0
Q96GC9	Q96GC9	uc002ixu.4	protein_coding	0	0	0	2	0	0	1	0	1	0	0	0	0	0	0	0	0	0	0	0
Q96GC9	Q96GC9	uc010wog.2	protein_coding	0	0	0	2	0	0	1	0	1	0	0	0	0	0	0	0	0	0	0	0
Q96GE4	Q96GE4	uc002jem.3	protein_coding	0	0	0	9	0	0	0	0	0	0	0	0	0	0	0	0	0	0	0	9
Q96GE4	Q96GE4	uc010wqb.2	protein_coding	0	0	0	9	0	0	0	0	0	0	0	0	0	0	0	0	0	0	0	9
Q96GE6	Q96GE6	uc002arb.3	protein_coding	1	0	0	0	0	0	0	0	0	0	0	0	0	0	0	1	0	0	0	0
Q96GK1	Q96GK1	uc002jrh.2	protein_coding	0	0	0	3	0	0	0	0	2	0	0	0	0	0	0	0	0	0	0	1
Q96GQ5	Q96GQ5	uc002eci.3	protein_coding	0	0	0	5	0	0	0	1	3	0	0	0	0	0	0	0	0	0	0	1
Q96GQ5-2	Q96GQ5-2	uc002ech.3	protein_coding	0	0	0	1	0	0	0	1	0	0	0	0	0	0	0	0	0	0	0	0
Q96GR2	Q96GR2	uc002bdh.3	protein_coding	0	3	1	13	1	0	0	1	11	1	0	0	0	0	0	0	0	0	3	0
Q96GR2	Q96GR2	uc010umx.2	protein_coding	0	3	1	13	1	0	0	1	11	1	0	0	0	0	0	0	0	0	3	0
Q96GX8	Q96GX8	uc002fjc.4	protein_coding	0	0	0	13	0	0	0	0	13	0	0	0	0	0	0	0	0	0	0	0
Q96H20	Q96H20	uc002ioj.3	protein_coding	0	0	0	3	1	0	0	0	2	0	0	0	0	0	0	0	0	0	0	0
Q96H20-2	Q96H20-2	uc002iok.3	protein_coding	0	0	0	3	1	0	0	0	2	0	0	0	0	0	0	0	0	0	0	0
Q96H22	Q96H22	uc002ffx.2	protein_coding	0	1	2	5	0	0	0	0	6	2	0	0	0	1	0	0	0	0	0	0
Q96H22-2	Q96H22-2	uc002ffw.4	protein_coding	0	0	1	2	0	0	0	0	2	1	0	0	0	0	0	0	0	0	0	0
Q96H55	Q96H55	uc010wcy.2	protein_coding	0	1	1	19	0	0	0	3	14	1	0	0	0	0	0	0	0	0	1	2
Q96H55-2	Q96H55-2	uc002hmx.2	protein_coding	0	1	0	10	2	0	0	3	3	0	0	0	0	0	0	0	0	0	1	2
Q96H55-4	Q96H55-4	uc002hmw.3	protein_coding	0	1	1	19	0	0	0	3	14	1	0	0	0	0	0	0	0	0	1	2
Q96HE9	Q96HE9	uc002ixf.2	protein_coding	0	1	0	7	0	0	0	1	7	0	0	0	0	1	0	0	0	0	0	0
Q96I49	Q96I49	uc002flz.4	protein_coding	0	2	0	30	0	1	1	2	19	0	0	0	0	1	0	0	0	0	0	9
Q96IC2	Q96IC2	uc002dhv.3	protein_coding	0	1	0	6	2	0	0	0	4	0	0	0	0	0	0	0	0	0	1	0
Q96IC2	Q96IC2	uc002dhy.4	protein_coding	0	1	0	6	2	0	0	0	4	0	0	0	0	0	0	0	0	0	1	0
Q96IC2-2	Q96IC2-2	uc002dhx.3	protein_coding	0	0	0	7	2	0	0	0	5	0	0	0	0	0	0	0	0	0	0	0
Q96IG2	Q96IG2	uc002hrt.3	protein_coding	0	0	0	10	0	0	0	1	8	0	0	0	0	0	0	0	0	0	0	1
Q96IG2-2	Q96IG2-2	uc010cvu.3	protein_coding	0	0	0	10	0	0	0	1	8	0	0	0	0	0	0	0	0	0	0	1
Q96II6	Q96II6	uc002cnj.2	protein_coding	0	0	0	8	1	0	0	5	1	0	0	0	0	0	0	0	0	0	0	1
Q96IK0	Q96IK0	uc002ieu.3	protein_coding	0	1	0	6	1	0	0	4	1	0	0	0	0	0	0	0	0	0	1	0
Q96IK0	Q96IK0	uc010wis.2	protein_coding	0	0	0	7	1	0	0	4	2	0	0	0	0	0	0	0	0	0	0	0
Q96IZ6	Q96IZ6	uc002izv.2	protein_coding	0	1	1	7	0	0	0	0	7	1	0	0	0	0	0	0	0	0	1	0
Q96IZ6	Q96IZ6	uc002izw.3	protein_coding	0	1	1	7	0	0	0	0	7	1	0	0	0	0	0	0	0	0	1	0
Q96J65	Q96J65	uc002efc.1	protein_coding	0	4	4	8	0	0	0	0	8	4	0	0	0	1	0	0	0	0	4	0
Q96J65-4	Q96J65-4	uc002efe.1	protein_coding	0	1	0	4	1	0	0	2	1	0	0	0	0	0	0	0	0	0	1	0
Q96J66	Q96J66	uc002eff.1	protein_coding	0	3	0	2	0	0	0	0	2	0	0	0	0	0	0	0	0	0	3	0
Q96J66	Q96J66	uc002efg.1	protein_coding	0	3	0	2	0	0	0	0	2	0	0	0	0	0	0	0	0	0	3	0
Q96J66-2	Q96J66-2	uc002efh.1	protein_coding	0	3	0	2	0	0	0	0	2	0	0	0	0	0	0	0	0	0	3	0
Q96J87	Q96J87	uc002auh.2	protein_coding	0	0	0	2	1	0	0	0	1	0	0	0	0	0	0	0	0	0	0	0
Q96J87	Q96J87	uc002aui.2	protein_coding	0	0	0	2	1	0	0	0	1	0	0	0	0	0	0	0	0	0	0	0
Q96J87-2	Q96J87-2	uc002auj.2	protein_coding	0	0	0	2	1	0	0	0	1	0	0	0	0	0	0	0	0	0	0	0
Q96J87-2	Q96J87-2	uc010biw.2	protein_coding	0	0	0	2	1	0	0	0	1	0	0	0	0	0	0	0	0	0	0	0
Q96J87-3	Q96J87-3	uc010ukm.1	protein_coding	0	0	0	2	1	0	0	0	1	0	0	0	0	0	0	0	0	0	0	0
Q96J87-4	Q96J87-4	uc010ukl.1	protein_coding	0	0	0	2	1	0	0	0	1	0	0	0	0	0	0	0	0	0	0	0
Q96J92	Q96J92	uc002ibj.3	protein_coding	0	2	3	8	0	0	0	0	6	3	0	0	0	0	0	0	0	0	2	2
Q96J92	Q96J92	uc002ibk.1	protein_coding	0	2	4	6	0	0	0	0	4	4	0	0	0	0	0	0	0	0	2	2
Q96J92	Q96J92	uc010wgx.2	protein_coding	0	2	3	8	0	0	0	0	6	3	0	0	0	0	0	0	0	0	2	2
Q96JB5	Q96JB5	uc002imr.4	protein_coding	0	0	0	8	0	0	0	0	8	0	0	0	0	0	0	0	0	0	0	0
Q96JB5-2	Q96JB5-2	uc002ims.4	protein_coding	0	0	0	8	0	0	1	0	7	0	0	0	0	0	0	0	0	0	0	0
Q96JC1	Q96JC1	uc001zpd.3	protein_coding	0	2	0	22	0	0	0	8	13	0	0	0	0	0	0	0	0	0	2	1
Q96JC1-2	Q96JC1-2	uc001zpc.3	protein_coding	0	2	0	22	0	0	0	8	13	0	0	0	0	0	0	0	0	0	2	1
Q96JF6	Q96JF6	uc010cla.1	protein_coding	0	0	0	2	2	0	0	0	0	0	0	0	0	0	0	0	0	0	0	0
Q96JF6	Q96JF6	uc021tol.1	protein_coding	0	0	0	2	0	0	0	2	0	0	0	0	0	0	0	0	0	0	0	0
Q96JG9	Q96JG9	uc002fku.2	protein_coding	0	9	8	1	0	0	0	1	0	8	0	0	0	0	0	0	0	0	9	0
Q96JI7	Q96JI7	uc001ztx.3	protein_coding	0	0	1	5	0	0	0	3	2	1	0	0	0	0	0	0	0	0	0	0
Q96JJ7	Q96JJ7	uc002lkf.3	protein_coding	0	0	0	8	0	0	0	0	8	0	0	0	0	0	0	0	0	0	0	0
Q96JJ7	Q96JJ7	uc010xez.2	protein_coding	0	0	0	8	0	0	0	0	8	0	0	0	0	0	0	0	0	0	0	0
Q96JJ7-2	Q96JJ7-2	uc002lkg.4	protein_coding	0	0	0	5	1	0	0	0	4	0	0	0	0	0	0	0	0	0	0	0
Q96JN8	Q96JN8	uc002gga.1	protein_coding	0	0	0	6	0	0	0	1	3	0	0	0	0	0	0	0	0	0	0	2
Q96JN8-2	Q96JN8-2	uc002ggb.1	protein_coding	0	0	0	6	0	0	0	1	3	0	0	0	0	0	0	0	0	0	0	2
Q96JP2	Q96JP2	uc002jon.1	protein_coding	0	3	8	17	0	0	0	4	14	8	0	0	0	1	0	0	0	0	2	0
Q96K21	Q96K21	uc001zmt.1	protein_coding	0	1	2	1	0	0	0	0	1	2	0	0	0	0	0	0	0	0	1	0
Q96K21-2	Q96K21-2	uc031qrk.1	protein_coding	0	1	2	1	0	0	0	0	1	2	0	0	0	0	0	0	0	0	1	0
Q96K21-3	Q96K21-3	uc001zmu.1	protein_coding	0	0	2	2	0	0	0	0	2	2	0	0	0	0	0	0	0	0	0	0
Q96K29	Q96K29	uc002ifg.1	protein_coding	0	0	0	7	0	0	0	5	1	0	0	0	0	0	0	0	0	0	0	1
Q96K83	Q96K83	uc002kvk.2	protein_coding	0	0	0	9	0	0	0	0	9	0	0	0	0	0	0	0	0	0	0	0
Q96K83	Q96K83	uc002kvl.2	protein_coding	0	0	0	9	0	0	0	0	9	0	0	0	0	0	0	0	0	0	0	0
Q96K83	Q96K83	uc010dly.2	protein_coding	0	0	0	9	0	0	0	0	9	0	0	0	0	0	0	0	0	0	0	0
Q96KF2	Q96KF2	uc002iny.3	protein_coding	0	1	0	3	0	1	1	0	1	0	0	0	0	0	0	0	0	0	0	1
Q96KN2	Q96KN2	uc002lls.3	protein_coding	0	1	0	4	0	0	0	0	4	0	0	0	0	0	0	0	0	0	1	0
Q96KP4	Q96KP4	uc002llm.2	protein_coding	0	0	0	8	0	0	0	0	8	0	0	0	0	0	0	0	0	0	0	0
Q96KP4-2	Q96KP4-2	uc002lln.2	protein_coding	0	0	0	8	0	0	0	0	8	0	0	0	0	0	0	0	0	0	0	0
Q96KV7	Q96KV7	uc002cii.1	protein_coding	0	8	6	39	0	0	0	11	27	6	0	0	0	0	0	0	0	0	8	1
Q96KV7	Q96KV7	uc002cik.1	protein_coding	0	5	4	32	2	0	0	12	14	4	0	0	0	0	0	0	0	0	5	4
Q96KV7-3	Q96KV7-3	uc002cig.1	protein_coding	0	3	2	18	1	0	0	13	3	2	0	0	0	0	0	0	0	0	3	1
Q96KV7-5	Q96KV7-5	uc002cih.1	protein_coding	0	3	2	18	1	0	0	13	3	2	0	0	0	0	0	0	0	0	3	1
Q96KV7-7	Q96KV7-7	uc010bqx.1	protein_coding	0	4	2	30	0	1	3	11	3	2	0	0	0	0	0	0	0	0	3	13
Q96L33	Q96L33	uc001znd.3	protein_coding	0	0	0	2	0	0	0	0	2	0	0	0	0	0	0	0	0	0	0	0
Q96L46	Q96L46	uc002eid.1	protein_coding	0	0	1	0	0	0	0	0	0	1	0	0	0	0	0	0	0	0	0	0
Q96L94	Q96L94	uc002anc.1	protein_coding	0	0	0	2	1	0	0	0	0	0	0	0	0	0	0	0	0	0	0	1
Q96L96	Q96L96	uc002ble.3	protein_coding	0	2	5	12	3	0	0	0	9	5	0	0	0	0	0	0	0	0	2	0
Q96LC9	Q96LC9	uc001zkv.4	protein_coding	0	0	0	5	3	0	0	0	2	0	0	0	0	0	0	0	0	0	0	0
Q96LC9	Q96LC9	uc001zkw.4	protein_coding	0	0	0	5	3	0	0	0	2	0	0	0	0	0	0	0	0	0	0	0
Q96LC9-2	Q96LC9-2	uc001zkt.4	protein_coding	0	0	0	5	3	0	0	0	2	0	0	0	0	0	0	0	0	0	0	0
Q96LC9-3	Q96LC9-3	uc001zku.4	protein_coding	0	0	0	5	3	0	0	0	2	0	0	0	0	0	0	0	0	0	0	0
Q96LD4	Q96LD4	uc002jpv.3	protein_coding	0	0	0	4	0	0	0	0	4	0	0	0	0	0	0	0	0	0	0	0
Q96LD4	Q96LD4	uc002jpw.3	protein_coding	0	0	0	4	0	0	0	0	4	0	0	0	0	0	0	0	0	0	0	0
Q96LD8	Q96LD8	uc002atp.3	protein_coding	0	0	1	3	1	0	0	1	1	1	0	0	0	0	0	0	0	0	0	0
Q96LD8	Q96LD8	uc021spq.1	protein_coding	0	0	1	3	1	0	0	1	1	1	0	0	0	0	0	0	0	0	0	0
Q96LD8	Q96LD8	uc021spr.1	protein_coding	0	0	1	3	1	0	0	1	1	1	0	0	0	0	0	0	0	0	0	0
Q96LD8	Q96LD8	uc021sps.1	protein_coding	0	0	1	3	1	0	0	1	1	1	0	0	0	0	0	0	0	0	0	0
Q96LD8	Q96LD8	uc021spt.1	protein_coding	0	0	1	3	1	0	0	1	1	1	0	0	0	0	0	0	0	0	0	0
Q96LD8	Q96LD8	uc021spu.1	protein_coding	0	0	1	3	0	0	0	2	0	1	0	0	0	0	0	0	0	0	0	1
Q96LK8	Q96LK8	uc002iis.1	protein_coding	0	0	0	7	0	0	0	1	3	0	0	0	0	0	0	0	0	0	0	3
Q96LK8	Q96LK8	uc010wjk.1	protein_coding	0	0	0	7	0	0	0	1	3	0	0	0	0	0	0	0	0	0	0	3
Q96LL3	Q96LL3	uc002dvs.2	protein_coding	0	0	0	3	0	0	0	1	0	0	0	0	0	0	0	0	0	0	0	2
Q96LL3-2	Q96LL3-2	uc002dvr.2	protein_coding	0	0	0	3	0	0	0	1	0	0	0	0	0	0	0	0	0	0	0	2
Q96LX8	Q96LX8	uc002cvd.3	protein_coding	0	1	0	7	2	0	0	0	5	0	0	0	0	0	0	0	0	0	1	0
Q96M29	Q96M29	uc002czz.1	protein_coding	0	0	1	18	0	0	0	1	17	1	0	0	0	0	0	0	0	0	0	0
Q96M60	Q96M60	uc001zxl.2	protein_coding	0	0	0	15	0	0	1	1	10	0	0	0	0	0	0	0	0	0	0	3
Q96M60-2	Q96M60-2	uc001zxm.3	protein_coding	0	0	0	10	0	0	1	1	5	0	0	0	0	0	0	0	0	0	0	3
Q96M80	Q96M80	uc002few.2	protein_coding	0	0	0	20	0	0	0	3	17	0	0	0	0	0	0	0	0	0	0	0
Q96M91	Q96M91	uc002lee.2	protein_coding	0	0	0	9	0	0	0	0	9	0	0	0	0	0	0	0	0	0	0	0
Q96M95	Q96M95	uc002gln.3	protein_coding	0	0	0	13	0	0	0	0	11	0	0	0	0	0	0	0	0	0	0	2
Q96MC4	Q96MC4	uc002jwg.2	protein_coding	0	1	1	7	0	1	1	2	4	1	0	0	0	0	0	0	0	0	0	0
Q96MC5	Q96MC5	uc002ddo.3	protein_coding	0	0	0	20	2	0	0	1	17	0	0	0	0	0	0	0	0	0	0	0
Q96MG7	Q96MG7	uc001zco.3	protein_coding	0	0	1	0	0	0	0	0	0	1	0	0	0	0	0	0	0	0	0	0
Q96MI9	Q96MI9	uc002blz.1	protein_coding	0	9	3	29	0	0	0	1	28	3	0	0	0	0	0	0	0	0	9	0
Q96MI9-2	Q96MI9-2	uc002bmb.1	protein_coding	0	5	1	6	0	1	1	0	5	1	0	0	0	0	0	0	0	0	4	0
Q96MJ9	Q96MJ9	uc002cko.3	protein_coding	0	2	3	11	0	0	0	0	5	3	0	0	0	0	0	0	0	0	2	6
Q96MK3	Q96MK3	uc002jho.3	protein_coding	0	1	2	4	0	0	0	2	2	2	0	0	0	0	0	0	0	0	1	0
Q96MU5	Q96MU5	uc002jla.1	protein_coding	0	0	2	6	3	0	0	0	2	2	0	0	0	0	0	0	0	0	0	1
Q96MU5	Q96MU5	uc021ucq.1	protein_coding	0	0	2	5	0	0	0	3	0	2	0	0	0	0	0	0	0	0	0	2
Q96MU6	Q96MU6	uc002fmv.3	protein_coding	0	5	3	7	0	0	0	0	7	3	0	0	0	0	0	0	0	0	5	0
Q96MU6	Q96MU6	uc010vpg.2	protein_coding	0	5	2	8	0	0	1	0	7	2	0	0	0	0	0	0	0	0	5	0
Q96MU6-2	Q96MU6-2	uc002fmw.2	protein_coding	0	5	3	7	0	0	0	0	7	3	0	0	0	0	0	0	0	0	5	0
Q96MW1	Q96MW1	uc002ihc.2	protein_coding	0	0	0	2	0	0	0	1	1	0	0	0	0	0	0	0	0	0	0	0
Q96MW1-2	Q96MW1-2	uc010czw.1	protein_coding	0	0	0	2	0	0	0	1	1	0	0	0	0	0	0	0	0	0	0	0
Q96MW5	Q96MW5	uc002ewy.2	protein_coding	0	0	0	1	0	0	0	0	0	0	0	0	0	0	0	0	0	0	0	1
Q96MX3	Q96MX3	uc002dya.2	protein_coding	0	0	1	2	1	0	0	0	1	1	0	0	0	0	0	0	0	0	0	0
Q96MX3	Q96MX3	uc021tgi.1	protein_coding	0	0	1	7	1	0	0	0	4	1	0	0	0	0	0	0	0	0	0	2
Q96MX3	Q96MX3	uc021tgk.1	protein_coding	0	0	1	2	1	0	0	0	1	1	0	0	0	0	0	0	0	0	0	0
Q96N06	Q96N06	uc002fnw.2	protein_coding	0	0	0	2	0	0	0	0	1	0	0	0	0	0	0	0	0	0	0	1
Q96N20	Q96N20	uc002cut.4	protein_coding	0	0	0	6	0	0	0	1	5	0	0	0	0	0	0	0	0	0	0	0
Q96N21	Q96N21	uc002jzu.2	protein_coding	0	0	0	9	1	0	0	0	8	0	0	0	0	0	0	0	0	0	0	0
Q96N21	Q96N21	uc002jzv.2	protein_coding	0	0	0	9	1	0	0	0	8	0	0	0	0	0	0	0	0	0	0	0
Q96N21-2	Q96N21-2	uc002jzs.2	protein_coding	0	0	0	9	1	0	0	0	8	0	0	0	0	0	0	0	0	0	0	0
Q96N21-2	Q96N21-2	uc002jzt.2	protein_coding	0	0	0	9	1	0	0	0	8	0	0	0	0	0	0	0	0	0	0	0
Q96N28	Q96N28	uc002kra.3	protein_coding	0	0	0	5	0	0	0	0	5	0	0	0	0	0	0	0	0	0	0	0
Q96N28	Q96N28	uc010wzu.2	protein_coding	0	0	0	5	0	0	0	0	5	0	0	0	0	0	0	0	0	0	0	0
Q96N28	Q96N28	uc010wzv.2	protein_coding	0	0	0	5	0	0	0	0	5	0	0	0	0	0	0	0	0	0	0	0
Q96N93	Q96N93	uc002ica.2	protein_coding	0	0	0	4	0	0	0	3	1	0	0	0	0	0	0	0	0	0	0	0
Q96NA2	Q96NA2	uc002ftd.3	protein_coding	0	0	0	3	0	0	0	1	1	0	0	0	0	0	0	0	0	0	0	1
Q96NB1	Q96NB1	uc002dec.1	protein_coding	0	1	0	1	0	0	0	0	2	0	0	0	0	1	0	0	0	0	0	0
Q96NB3	Q96NB3	uc002hih.4	protein_coding	0	0	1	5	1	0	0	0	0	1	0	0	0	0	0	0	0	0	0	4
Q96ND0	Q96ND0	uc002ksj.4	protein_coding	0	1	0	4	0	0	0	0	4	0	0	0	0	0	0	0	0	0	1	0
Q96ND0	Q96ND0	uc010dlg.3	protein_coding	0	0	0	3	1	0	0	0	2	0	0	0	0	0	0	0	0	0	0	0
Q96ND0	Q96ND0	uc010dlh.3	protein_coding	0	1	0	4	0	0	0	0	4	0	0	0	0	0	0	0	0	0	1	0
Q96ND0	Q96ND0	uc010dli.3	protein_coding	0	1	0	4	0	0	0	0	4	0	0	0	0	0	0	0	0	0	1	0
Q96NG3	Q96NG3	uc002hyj.4	protein_coding	0	0	0	6	0	0	0	0	6	0	0	0	0	0	0	0	0	0	0	0
Q96NJ6	Q96NJ6	uc002gaq.3	protein_coding	0	0	0	8	6	0	0	1	1	0	0	0	0	0	0	0	0	0	0	0
Q96NJ6	Q96NJ6	uc021tog.1	protein_coding	0	0	0	7	0	0	0	7	0	0	0	0	0	0	0	0	0	0	0	0
Q96NS5	Q96NS5	uc002ifl.1	protein_coding	0	2	3	3	0	0	0	1	2	3	0	0	0	1	0	0	0	0	1	1
Q96NT5	Q96NT5	uc002hbf.2	protein_coding	0	0	0	2	1	0	0	0	1	0	0	0	0	0	0	0	0	0	0	0
Q96NT5-2	Q96NT5-2	uc021ttr.1	protein_coding	0	0	0	2	1	0	0	0	1	0	0	0	0	0	0	0	0	0	0	0
Q96NZ8	Q96NZ8	uc002cht.1	protein_coding	0	0	0	4	0	0	0	0	1	0	0	0	0	0	0	0	0	0	0	3
Q96P16	Q96P16	uc002kzg.3	protein_coding	0	1	0	1	0	0	0	0	1	0	0	0	0	0	0	0	0	0	1	0
Q96P16	Q96P16	uc010dmx.3	protein_coding	0	1	0	1	0	0	0	0	1	0	0	0	0	0	0	0	0	0	1	0
Q96P16-3	Q96P16-3	uc002kze.1	protein_coding	0	0	0	2	0	0	1	0	1	0	0	0	0	0	0	0	0	0	0	0
Q96P16-3	Q96P16-3	uc010dmw.3	protein_coding	0	0	0	2	0	0	1	0	1	0	0	0	0	0	0	0	0	0	0	0
Q96P56	Q96P56	uc001zsh.3	protein_coding	1	2	1	7	0	0	0	0	10	1	0	1	0	2	0	0	0	0	0	0
Q96P56-2	Q96P56-2	uc001zsi.3	protein_coding	0	1	1	9	0	0	0	0	10	1	0	0	0	1	0	0	0	0	0	0
Q96P56-2	Q96P56-2	uc001zsj.3	protein_coding	0	1	1	9	0	0	0	0	10	1	0	0	0	1	0	0	0	0	0	0
Q96P56-4	Q96P56-4	uc001zsk.3	protein_coding	0	0	1	2	1	0	0	1	0	1	0	0	0	0	0	0	0	0	0	0
Q96P63	Q96P63	uc010xen.2	protein_coding	0	0	0	8	0	0	0	0	8	0	0	0	0	0	0	0	0	0	0	0
Q96PF1	Q96PF1	uc001zrf.1	protein_coding	0	2	0	3	0	0	0	0	3	0	0	0	0	0	0	0	0	0	2	0
Q96PH1	Q96PH1	uc002arp.2	protein_coding	1	2	0	9	1	0	0	0	8	0	0	0	0	0	0	1	0	0	2	0
Q96PH1	Q96PH1	uc002ars.2	protein_coding	1	2	0	8	1	0	0	0	7	0	0	0	0	0	0	1	0	0	2	0
Q96PH1	Q96PH1	uc010bie.2	protein_coding	1	2	0	8	1	0	0	0	7	0	0	0	0	0	0	1	0	0	2	0
Q96PH1-3	Q96PH1-3	uc002arr.2	protein_coding	1	2	0	8	1	0	0	0	7	0	0	0	0	0	0	1	0	0	2	0
Q96PH1-4	Q96PH1-4	uc002arq.2	protein_coding	1	2	0	9	1	0	0	0	8	0	0	0	0	0	0	1	0	0	2	0
Q96PH1-6	Q96PH1-6	uc010bid.2	protein_coding	1	2	0	9	1	0	0	0	8	0	0	0	0	0	0	1	0	0	2	0
Q96PU5	Q96PU5	uc002lgy.3	protein_coding	0	0	0	15	0	0	0	1	14	0	0	0	0	0	0	0	0	0	0	0
Q96PU5-2	Q96PU5-2	uc002lgz.3	protein_coding	0	0	0	15	0	0	0	1	14	0	0	0	0	0	0	0	0	0	0	0
Q96PU5-3	Q96PU5-3	uc002lhh.2	protein_coding	0	0	0	11	0	0	0	1	10	0	0	0	0	0	0	0	0	0	0	0
Q96PU5-5	Q96PU5-5	uc002lgx.3	protein_coding	0	0	0	15	0	0	0	1	14	0	0	0	0	0	0	0	0	0	0	0
Q96PU5-6	Q96PU5-6	uc002lhe.2	protein_coding	0	0	0	14	0	0	0	1	13	0	0	0	0	0	0	0	0	0	0	0
Q96PU5-7	Q96PU5-7	uc002lhc.2	protein_coding	0	0	0	14	0	0	0	1	13	0	0	0	0	0	0	0	0	0	0	0
Q96PU5-9	Q96PU5-9	uc002lhb.2	protein_coding	0	0	0	14	0	0	0	1	13	0	0	0	0	0	0	0	0	0	0	0
Q96PU5-9	Q96PU5-9	uc002lhf.3	protein_coding	0	0	0	11	0	0	0	1	10	0	0	0	0	0	0	0	0	0	0	0
Q96PU9	Q96PU9	uc001lob.3	protein_coding	0	0	0	11	0	0	0	0	0	0	0	0	0	0	0	0	0	0	0	11
Q96PX1	Q96PX1	uc002jqz.3	protein_coding	0	1	0	9	0	0	0	0	9	0	0	0	0	0	0	0	0	0	1	0
Q96PX1-2	Q96PX1-2	uc002jra.3	protein_coding	0	1	0	9	0	0	0	0	9	0	0	0	0	0	0	0	0	0	1	0
Q96Q15	Q96Q15	uc002dfm.3	protein_coding	0	3	0	54	0	0	1	3	50	0	0	0	0	0	0	0	0	0	3	0
Q96Q15	Q96Q15	uc010bwa.3	protein_coding	0	2	0	25	0	0	1	3	17	0	0	0	0	0	0	0	0	0	2	4
Q96Q15	Q96Q15	uc010bwb.3	protein_coding	0	3	0	53	0	0	0	3	47	0	0	0	0	0	0	0	0	0	3	3
Q96QA5	Q96QA5	uc002htl.1	protein_coding	0	2	3	13	0	0	0	2	11	3	0	0	0	1	0	0	0	0	1	1
Q96QA5	Q96QA5	uc002htm.1	protein_coding	0	2	3	12	0	0	0	2	11	3	0	0	0	1	0	0	0	0	1	0
Q96QA6	Q96QA6	uc002ixm.1	protein_coding	0	0	0	12	8	0	0	0	4	0	0	0	0	0	0	0	0	0	0	0
Q96QE3	Q96QE3	uc002hfs.1	protein_coding	0	1	2	5	0	0	0	2	2	2	0	0	0	0	0	0	0	0	1	1
Q96QE3	Q96QE3	uc002hft.1	protein_coding	0	0	0	4	0	0	1	0	1	0	0	0	0	0	0	0	0	0	0	2
Q96QE4	Q96QE4	uc002hgu.3	protein_coding	0	1	1	9	0	0	0	0	10	1	0	0	0	1	0	0	0	0	0	0
Q96QE4	Q96QE4	uc010wbx.2	protein_coding	0	1	1	9	0	0	0	0	10	1	0	0	0	1	0	0	0	0	0	0
Q96QE4	Q96QE4	uc031qzt.1	protein_coding	0	0	0	10	0	0	0	4	6	0	0	0	0	0	0	0	0	0	0	0
Q96QE4	Q96QE4	uc031qzu.1	protein_coding	0	0	1	9	0	0	0	4	5	1	0	0	0	0	0	0	0	0	0	0
Q96QE5	Q96QE5	uc002hfu.2	protein_coding	0	1	0	3	0	0	0	1	2	0	0	0	0	1	0	0	0	0	0	1
Q96QI9	Q96QI9	uc002hfc.1	protein_coding	0	0	0	1	0	0	0	0	0	0	0	0	0	0	0	0	0	0	0	1
Q96QK1	Q96QK1	uc002eed.3	protein_coding	0	1	0	6	0	0	0	1	2	0	0	0	0	0	0	0	0	0	1	3
Q96QK1	Q96QK1	uc002eee.3	protein_coding	0	1	0	9	0	0	0	1	6	0	0	0	0	0	0	0	0	0	1	2
Q96QK1	Q96QK1	uc002eef.4	protein_coding	0	1	0	9	0	0	0	1	6	0	0	0	0	0	0	0	0	0	1	2
Q96QT4	Q96QT4	uc001zyt.4	protein_coding	0	1	0	27	1	0	0	0	26	0	0	0	0	0	0	0	0	0	1	0
Q96QT6	Q96QT6	uc002hdg.1	protein_coding	0	1	0	1	0	0	0	0	1	0	0	0	0	0	0	0	0	0	1	0
Q96QT6-2	Q96QT6-2	uc002hdj.1	protein_coding	0	1	0	1	0	0	0	1	0	0	0	0	0	0	0	0	0	0	1	0
Q96QT6-2	Q96QT6-2	uc010crw.1	protein_coding	0	0	0	2	0	0	0	1	1	0	0	0	0	0	0	0	0	0	0	0
Q96QU8	Q96QU8	uc002dpa.2	protein_coding	0	1	0	13	0	0	0	0	13	0	0	0	0	0	0	0	0	0	1	0
Q96R06	Q96R06	uc002hbq.3	protein_coding	0	0	0	1	0	0	0	0	1	0	0	0	0	0	0	0	0	0	0	0
Q96R69	Q96R69	uc002cdf.1	protein_coding	0	0	0	5	0	0	0	2	0	0	0	0	0	0	0	0	0	0	0	3
Q96R84	Q96R84	uc010uwv.2	protein_coding	0	0	1	3	0	0	0	2	0	1	0	0	0	0	0	0	0	0	0	1
Q96RK4	Q96RK4	uc002avb.3	protein_coding	0	2	1	8	0	0	0	0	8	1	0	0	0	1	0	0	0	0	1	1
Q96RK4-2	Q96RK4-2	uc002avd.3	protein_coding	0	2	1	8	0	0	0	0	8	1	0	0	0	1	0	0	0	0	1	1
Q96RT6	Q96RT6	uc002ktv.1	protein_coding	0	0	1	1	0	0	0	0	0	1	0	0	0	0	0	0	0	0	0	1
Q96RT8	Q96RT8	uc001yur.4	protein_coding	0	1	1	10	1	0	0	0	9	1	0	0	0	0	0	0	0	0	1	0
Q96RY5	Q96RY5	uc010uvh.2	protein_coding	0	2	1	22	2	0	0	0	19	1	0	0	0	0	0	0	0	0	2	1
Q96RY7	Q96RY7	uc002clz.3	protein_coding	0	4	2	36	1	0	0	9	23	2	0	0	0	0	0	0	0	0	4	3
Q96RY7	Q96RY7	uc002cmb.3	protein_coding	0	5	3	50	1	0	1	9	38	3	0	0	0	0	0	0	0	0	5	1
Q96S06	Q96S06	uc002ckk.2	protein_coding	0	0	1	50	0	0	4	1	38	1	0	0	0	0	0	0	0	0	0	7
Q96S06	Q96S06	uc010bri.2	protein_coding	0	0	1	42	0	0	0	1	41	1	0	0	0	0	0	0	0	0	0	0
Q96S06	Q96S06	uc010uuu.2	protein_coding	0	1	1	42	0	1	5	1	36	1	0	0	0	0	0	0	0	0	0	0
Q96S06	Q96S06	uc021tad.1	protein_coding	0	2	1	40	0	0	2	1	37	1	0	0	0	0	0	0	0	0	2	0
Q96S06	Q96S06	uc021tae.1	protein_coding	0	3	2	38	0	0	0	1	37	2	0	0	0	0	0	0	0	0	3	0
Q96S07	Q96S07	uc010uut.2	protein_coding	0	1	4	5	0	0	0	1	1	4	0	0	0	0	0	0	0	0	1	3
Q96S15-2	Q96S15-2	uc002ciz.1	protein_coding	0	1	0	6	0	0	0	2	0	0	0	0	0	0	0	0	0	0	1	4
Q96S16-2	Q96S16-2	uc002ciy.1	protein_coding	0	0	0	3	1	0	0	1	0	0	0	0	0	0	0	0	0	0	0	1
Q96S19	Q96S19	uc002chv.1	protein_coding	0	0	0	3	0	0	0	3	0	0	0	0	0	0	0	0	0	0	0	0
Q96S19-2	Q96S19-2	uc021szw.1	protein_coding	0	0	0	2	0	0	0	2	0	0	0	0	0	0	0	0	0	0	0	0
Q96S19-3	Q96S19-3	uc002cib.1	protein_coding	0	0	0	3	0	0	0	3	0	0	0	0	0	0	0	0	0	0	0	0
Q96S21	Q96S21	uc002chr.3	protein_coding	0	0	0	4	0	0	0	4	0	0	0	0	0	0	0	0	0	0	0	0
Q96S21	Q96S21	uc021szt.1	protein_coding	0	0	0	4	0	0	0	4	0	0	0	0	0	0	0	0	0	0	0	0
Q96S21	Q96S21	uc021szu.1	protein_coding	0	0	0	4	0	0	0	4	0	0	0	0	0	0	0	0	0	0	0	0
Q96S21	Q96S21	uc021szv.1	protein_coding	0	0	0	4	0	0	0	4	0	0	0	0	0	0	0	0	0	0	0	0
Q96S52	Q96S52	uc002hbo.2	protein_coding	0	0	0	3	0	0	0	0	3	0	0	0	0	0	0	0	0	0	0	0
Q96S52	Q96S52	uc010wap.1	protein_coding	0	0	0	3	0	0	0	0	3	0	0	0	0	0	0	0	0	0	0	0
Q96S52-2	Q96S52-2	uc002hbn.2	protein_coding	0	0	0	3	0	0	0	0	3	0	0	0	0	0	0	0	0	0	0	0
Q96S79	Q96S79	uc002hju.3	protein_coding	0	0	0	5	3	0	0	1	1	0	0	0	0	0	0	0	0	0	0	0
Q96S82	Q96S82	uc002axw.1	protein_coding	0	1	1	0	0	0	0	0	0	1	0	0	0	0	0	0	0	0	1	0
Q96S82	Q96S82	uc002axy.1	protein_coding	0	1	1	0	0	0	0	0	0	1	0	0	0	0	0	0	0	0	1	0
Q96S82	Q96S82	uc002axz.1	protein_coding	0	1	1	0	0	0	0	0	0	1	0	0	0	0	0	0	0	0	1	0
Q96S86	Q96S86	uc002bnc.3	protein_coding	0	3	0	13	0	0	0	8	5	0	0	0	0	0	0	0	0	0	3	0
Q96ST3	Q96ST3	uc002bai.3	protein_coding	0	0	0	5	0	0	0	0	3	0	0	0	0	0	0	0	0	0	0	2
Q96ST3	Q96ST3	uc002baj.3	protein_coding	0	0	0	5	0	0	0	0	3	0	0	0	0	0	0	0	0	0	0	2
Q96ST3	Q96ST3	uc010uml.2	protein_coding	0	0	0	5	0	0	0	0	5	0	0	0	0	0	0	0	0	0	0	0
Q96SY0	Q96SY0	uc002apd.4	protein_coding	0	1	0	2	0	1	1	1	0	0	0	0	0	0	0	0	0	0	0	0
Q96SY0	Q96SY0	uc002ape.4	protein_coding	0	0	0	2	0	0	0	1	1	0	0	0	0	0	0	0	0	0	0	0
Q96SY0	Q96SY0	uc010uiy.2	protein_coding	0	0	0	2	0	0	0	1	1	0	0	0	0	0	0	0	0	0	0	0
Q96SY0-3	Q96SY0-3	uc010ujb.2	protein_coding	0	0	0	2	0	0	0	1	1	0	0	0	0	0	0	0	0	0	0	0
Q96SZ4	Q96SZ4	uc002ctv.1	protein_coding	0	0	0	3	0	0	0	0	2	0	0	0	0	0	0	0	0	0	0	1
Q96SZ4	Q96SZ4	uc002ctx.1	protein_coding	0	1	0	3	0	1	2	0	1	0	0	0	0	0	0	0	0	0	0	0
Q96SZ4	Q96SZ4	uc002cty.1	protein_coding	0	0	0	5	0	0	0	0	3	0	0	0	0	0	0	0	0	0	0	2
Q96T59	Q96T59	uc010vvu.2	protein_coding	0	1	1	3	0	0	0	0	3	1	0	0	0	1	0	0	0	0	1	0
Q96TC7	Q96TC7	uc001zmo.1	protein_coding	0	0	0	4	0	0	0	0	4	0	0	0	0	0	0	0	0	0	0	0
Q96TC7	Q96TC7	uc001zmp.1	protein_coding	0	0	0	4	0	0	0	0	4	0	0	0	0	0	0	0	0	0	0	0
Q96TC7	Q96TC7	uc001zmq.1	protein_coding	0	1	0	4	0	1	1	0	3	0	0	0	0	0	0	0	0	0	0	0
Q99081	Q99081	uc002aec.3	protein_coding	0	0	0	15	0	0	0	0	15	0	0	0	0	0	0	0	0	0	0	0
Q99081	Q99081	uc002aed.3	protein_coding	0	0	0	15	0	0	0	0	15	0	0	0	0	0	0	0	0	0	0	0
Q99081-2	Q99081-2	uc002aee.3	protein_coding	0	0	0	9	0	0	0	0	9	0	0	0	0	0	0	0	0	0	0	0
Q99081-3	Q99081-3	uc002aea.3	protein_coding	0	0	0	15	0	0	0	0	15	0	0	0	0	0	0	0	0	0	0	0
Q99081-3	Q99081-3	uc002aeb.3	protein_coding	0	0	0	15	0	0	0	0	15	0	0	0	0	0	0	0	0	0	0	0
Q99447	Q99447	uc002kcf.2	protein_coding	0	1	0	17	0	0	0	1	8	0	0	0	0	1	0	0	0	0	0	9
Q99447	Q99447	uc010wvb.2	protein_coding	0	1	0	17	0	0	1	1	7	0	0	0	0	1	0	0	0	0	0	9
Q99456	Q99456	uc002hvk.2	protein_coding	0	0	0	3	0	0	0	0	3	0	0	0	0	0	0	0	0	0	0	0
Q99536	Q99536	uc002icm.1	protein_coding	0	0	0	11	0	0	0	8	3	0	0	0	0	0	0	0	0	0	0	0
Q99536	Q99536	uc010cyw.1	protein_coding	0	0	0	11	0	0	0	8	2	0	0	0	0	0	0	0	0	0	0	1
Q99547	Q99547	uc002fgw.3	protein_coding	0	2	1	8	1	0	0	0	7	1	0	0	0	0	0	0	0	0	2	0
Q99558	Q99558	uc002iiv.1	protein_coding	0	1	0	6	1	0	0	0	5	0	0	0	0	0	0	0	0	0	1	0
Q99558	Q99558	uc002iiw.1	protein_coding	0	1	0	6	1	0	0	0	5	0	0	0	0	0	0	0	0	0	1	0
Q99567	Q99567	uc002gbo.2	protein_coding	0	4	0	25	0	0	0	4	16	0	0	0	0	1	0	0	0	0	3	6
Q99567	Q99567	uc010cle.2	protein_coding	0	1	0	24	0	0	0	7	11	0	0	0	0	0	0	0	0	0	1	6
Q99578	Q99578	uc002lav.4	protein_coding	0	2	0	8	0	1	1	0	7	0	0	0	0	0	0	0	0	0	1	0
Q99578-2	Q99578-2	uc010dnf.4	protein_coding	0	1	0	9	1	1	1	0	7	0	0	0	0	0	0	0	0	0	0	0
Q99583	Q99583	uc002fur.3	protein_coding	0	0	0	1	0	0	0	0	1	0	0	0	0	0	0	0	0	0	0	0
Q99611	Q99611	uc021tgl.1	protein_coding	0	0	0	2	1	0	0	0	0	0	0	0	0	0	0	0	0	0	0	1
Q99613	Q99613.2	uc002dqs.4	protein_coding	0	0	0	1	0	0	0	1	0	0	0	0	0	0	0	0	0	0	0	0
Q99613	Q99613.2	uc002dqt.4	protein_coding	0	0	0	1	0	0	0	1	0	0	0	0	0	0	0	0	0	0	0	0
Q99613	Q99613.2	uc002dqu.5	protein_coding	0	0	0	1	0	0	0	1	0	0	0	0	0	0	0	0	0	0	0	0
Q99613	Q99613.2	uc002dqv.4	protein_coding	0	0	0	1	0	0	0	1	0	0	0	0	0	0	0	0	0	0	0	0
Q99613	Q99613.2	uc010byi.3	protein_coding	0	0	0	1	0	0	0	1	0	0	0	0	0	0	0	0	0	0	0	0
Q99615	Q99615	uc002hyo.3	protein_coding	0	1	0	10	0	0	1	5	4	0	0	0	0	1	0	0	0	0	0	1
Q99615	Q99615	uc010wgc.2	protein_coding	0	1	0	11	0	1	2	5	3	0	0	0	0	0	0	0	0	0	0	1
Q99616	Q99616	uc002hic.3	protein_coding	0	0	0	2	0	0	0	1	1	0	0	0	0	0	0	0	0	0	0	0
Q99640	Q99640	uc002csn.3	protein_coding	0	1	0	5	1	0	0	3	1	0	0	0	0	1	0	0	0	0	0	0
Q99640	Q99640	uc010bsy.1	protein_coding	0	0	0	5	0	0	0	4	1	0	0	0	0	0	0	0	0	0	0	0
Q99653	Q99653	uc001znl.3	protein_coding	0	0	0	3	2	0	0	0	1	0	0	0	0	0	0	0	0	0	0	0
Q99708	Q99708	uc002ktw.3	protein_coding	0	0	0	6	0	0	0	0	6	0	0	0	0	0	0	0	0	0	0	0
Q99708	Q99708	uc002ktx.1	protein_coding	0	0	0	5	0	0	0	3	2	0	0	0	0	0	0	0	0	0	0	0
Q99708	Q99708	uc002kty.3	protein_coding	0	0	0	6	0	0	0	0	6	0	0	0	0	0	0	0	0	0	0	0
Q99732	Q99732	uc002daz.3	protein_coding	0	0	0	4	0	0	0	0	4	0	0	0	0	0	0	0	0	0	0	0
Q99732	Q99732	uc002dbb.3	protein_coding	0	0	0	4	0	0	0	0	4	0	0	0	0	0	0	0	0	0	0	0
Q99732	Q99732	uc002dbd.3	protein_coding	0	0	0	4	0	0	0	0	4	0	0	0	0	0	0	0	0	0	0	0
Q99741	Q99741	uc002huj.1	protein_coding	0	1	1	1	0	0	0	0	1	1	0	0	0	0	0	0	0	0	1	0
Q99747	Q99747	uc002kon.3	protein_coding	0	0	0	12	0	0	1	0	10	0	0	0	0	0	0	0	0	0	0	1
Q99747	Q99747	uc002kop.3	protein_coding	0	1	0	5	0	1	1	0	4	0	0	0	0	0	0	0	0	0	0	0
Q99747	Q99747	uc010wzr.2	protein_coding	0	0	0	12	0	0	1	0	10	0	0	0	0	0	0	0	0	0	0	1
Q99758	Q99758	uc002cpy.1	protein_coding	0	3	0	24	0	1	3	0	22	0	0	0	0	1	0	0	0	0	1	0
Q99758	Q99758	uc010bsl.1	protein_coding	0	2	0	19	0	1	3	3	14	0	0	0	0	1	0	0	0	0	0	0
Q99759	Q99759	uc002jbg.3	protein_coding	0	1	0	7	1	0	0	2	4	0	0	0	0	0	0	0	0	0	1	0
Q99759	Q99759	uc010wpo.2	protein_coding	0	1	0	7	1	0	0	2	4	0	0	0	0	0	0	0	0	0	1	0
Q99759-2	Q99759-2	uc002jbe.3	protein_coding	0	1	0	7	1	0	0	2	4	0	0	0	0	0	0	0	0	0	1	0
Q99759-2	Q99759-2	uc002jbf.3	protein_coding	0	1	0	7	1	0	0	2	4	0	0	0	0	0	0	0	0	0	1	0
Q99767	Q99767	uc001zck.3	protein_coding	0	1	1	30	0	0	1	0	29	1	0	0	0	0	0	0	0	0	1	0
Q99807	Q99807	uc002dfr.3	protein_coding	0	0	0	5	0	0	0	0	3	0	0	0	0	0	0	0	0	0	0	2
Q99819	Q99819	uc002cgm.1	protein_coding	0	1	0	17	4	0	0	12	1	0	0	0	0	0	0	0	0	0	1	0
Q99828	Q99828	uc002bpb.4	protein_coding	0	0	0	17	0	0	0	11	6	0	0	0	0	0	0	0	0	0	0	0
Q99928	Q99928	uc001zbg.2	protein_coding	0	3	0	15	0	0	0	0	15	0	0	0	0	0	0	0	0	0	3	0
Q99958	Q99958	uc002fjq.3	protein_coding	0	0	0	2	0	0	0	2	0	0	0	0	0	0	0	0	0	0	0	0
Q99963	Q99963	uc002bjw.3	protein_coding	0	0	0	3	0	0	0	0	3	0	0	0	0	0	0	0	0	0	0	0
Q99963	Q99963	uc002bjx.3	protein_coding	0	0	0	3	0	0	0	0	3	0	0	0	0	0	0	0	0	0	0	0
Q99963	Q99963	uc010uot.1	protein_coding	0	0	0	3	0	0	0	1	2	0	0	0	0	0	0	0	0	0	0	0
Q99963-3	Q99963-3	uc002bju.3	protein_coding	0	0	0	3	0	0	0	0	3	0	0	0	0	0	0	0	0	0	0	0
Q9BPU5	Q9BPU5	uc001ywz.2	protein_coding	0	0	0	1	0	0	0	0	1	0	0	0	0	0	0	0	0	0	0	0
Q9BQ52	Q9BQ52	uc002gnz.4	protein_coding	0	1	0	8	2	0	0	4	3	0	0	0	0	1	0	0	0	0	0	0
Q9BQ52-3	Q9BQ52-3	uc002gnv.4	protein_coding	0	1	0	8	2	0	0	4	3	0	0	0	0	1	0	0	0	0	0	0
Q9BQ52-4	Q9BQ52-4	uc010vvr.2	protein_coding	0	1	0	8	2	0	0	4	3	0	0	0	0	1	0	0	0	0	0	0
Q9BQ65	Q9BQ65	uc002emz.3	protein_coding	0	0	0	2	0	0	0	0	1	0	0	0	0	0	0	0	0	0	0	1
Q9BQ65-2	Q9BQ65-2	uc010vib.2	protein_coding	0	0	0	2	0	0	0	0	1	0	0	0	0	0	0	0	0	0	0	1
Q9BQ65-3	Q9BQ65-3	uc010via.2	protein_coding	0	0	0	2	0	0	0	1	0	0	0	0	0	0	0	0	0	0	0	1
Q9BQ66	Q9BQ66	uc002hwa.3	protein_coding	0	0	0	4	0	0	0	3	0	0	0	0	0	0	0	0	0	0	0	1
Q9BQ70	Q9BQ70	uc002fpb.2	protein_coding	0	1	0	24	0	0	0	13	12	0	0	0	0	1	0	0	0	0	0	0
Q9BQ83	Q9BQ83.2	uc002dxg.3	protein_coding	0	0	0	1	0	0	0	0	1	0	0	0	0	0	0	0	0	0	0	0
Q9BQ83-2	Q9BQ83-2.2	uc002dxh.3	protein_coding	0	0	0	1	0	0	0	0	1	0	0	0	0	0	0	0	0	0	0	0
Q9BQA9	Q9BQA9	uc002kfa.3	protein_coding	0	0	0	9	1	0	0	2	6	0	0	0	0	0	0	0	0	0	0	0
Q9BQA9	Q9BQA9	uc002kfb.4	protein_coding	0	0	0	9	1	0	0	2	6	0	0	0	0	0	0	0	0	0	0	0
Q9BQA9	Q9BQA9	uc010dir.3	protein_coding	0	0	0	9	1	0	0	2	6	0	0	0	0	0	0	0	0	0	0	0
Q9BQA9	Q9BQA9	uc010dis.2	protein_coding	0	0	0	8	0	0	0	5	3	0	0	0	0	0	0	0	0	0	0	0
Q9BQA9	Q9BQA9	uc021ufq.1	protein_coding	0	0	0	9	1	0	0	2	6	0	0	0	0	0	0	0	0	0	0	0
Q9BQA9	Q9BQA9	uc021ufs.1	protein_coding	0	0	0	9	1	0	0	2	6	0	0	0	0	0	0	0	0	0	0	0
Q9BQA9	Q9BQA9	uc021uft.1	protein_coding	0	0	0	9	1	0	0	2	6	0	0	0	0	0	0	0	0	0	0	0
Q9BQB4	Q9BQB4	uc002iec.1	protein_coding	0	0	0	1	0	0	0	1	0	0	0	0	0	0	0	0	0	0	0	0
Q9BQB6	Q9BQB6	uc002eas.3	protein_coding	0	0	0	4	0	0	0	2	2	0	0	0	0	0	0	0	0	0	0	0
Q9BQB6-2	Q9BQB6-2	uc002eau.3	protein_coding	0	0	0	4	0	0	0	2	2	0	0	0	0	0	0	0	0	0	0	0
Q9BQB6-3	Q9BQB6-3	uc002eat.3	protein_coding	0	0	0	4	0	0	0	2	2	0	0	0	0	0	0	0	0	0	0	0
Q9BQG0	Q9BQG0	uc002fyb.4	protein_coding	0	1	2	16	0	0	0	8	7	2	0	0	0	0	0	0	0	0	1	1
Q9BQG0-2	Q9BQG0-2	uc002fxz.4	protein_coding	0	1	2	16	0	0	0	8	7	2	0	0	0	0	0	0	0	0	1	1
Q9BQR3	Q9BQR3	uc002crf.3	protein_coding	0	0	0	2	0	0	0	1	1	0	0	0	0	0	0	0	0	0	0	0
Q9BQR3	Q9BQR3	uc002crg.3	protein_coding	0	0	0	2	0	0	0	1	1	0	0	0	0	0	0	0	0	0	0	0
Q9BQS6	Q9BQS6	uc002hyy.2	protein_coding	0	0	1	12	0	0	0	4	0	1	0	0	0	0	0	0	0	0	0	8
Q9BRA2	Q9BRA2	uc002gdf.4	protein_coding	0	1	0	12	1	1	2	2	4	0	0	0	0	0	0	0	0	0	0	3
Q9BRB3	Q9BRB3	uc002cho.3	protein_coding	0	0	0	3	0	0	0	0	3	0	0	0	0	0	0	0	0	0	0	0
Q9BRB3-2	Q9BRB3-2	uc002chn.3	protein_coding	0	0	0	3	0	0	0	0	3	0	0	0	0	0	0	0	0	0	0	0
Q9BRB3-2	Q9BRB3-2	uc010bqw.3	protein_coding	0	0	0	4	0	0	0	0	3	0	0	0	0	0	0	0	0	0	0	1
Q9BRB3-3	Q9BRB3-3	uc002chm.3	protein_coding	0	0	0	3	0	0	0	1	2	0	0	0	0	0	0	0	0	0	0	0
Q9BRF8	Q9BRF8	uc002dca.4	protein_coding	0	0	2	5	0	0	0	0	5	2	0	0	0	0	0	0	0	0	0	0
Q9BRF8-2	Q9BRF8-2	uc002dcb.4	protein_coding	0	0	2	5	0	0	0	0	5	2	0	0	0	0	0	0	0	0	0	0
Q9BRG1	Q9BRG1	uc002ibi.3	protein_coding	0	1	0	5	0	0	1	2	2	0	0	0	0	0	0	0	0	0	1	0
Q9BRJ2	Q9BRJ2	uc002hpy.3	protein_coding	0	1	1	5	0	1	1	2	2	1	0	0	0	0	0	0	0	0	0	0
Q9BRJ7	Q9BRJ7	uc002cxe.3	protein_coding	0	0	0	3	0	0	0	1	0	0	0	0	0	0	0	0	0	0	0	2
Q9BRJ7-2	Q9BRJ7-2	uc002cxf.2	protein_coding	0	0	0	3	0	0	0	1	0	0	0	0	0	0	0	0	0	0	0	2
Q9BRJ9	Q9BRJ9	uc002bol.3	protein_coding	0	0	0	14	2	0	0	8	0	0	0	0	0	0	0	0	0	0	0	4
Q9BRN9	Q9BRN9	uc002bxh.3	protein_coding	0	0	0	5	0	0	0	0	2	0	0	0	0	0	0	0	0	0	0	3
Q9BRN9	Q9BRN9	uc002bxi.3	protein_coding	0	0	0	6	0	0	0	0	4	0	0	0	0	0	0	0	0	0	0	2
Q9BRN9	Q9BRN9	uc010ush.1	protein_coding	0	0	0	6	0	0	0	0	4	0	0	0	0	0	0	0	0	0	0	2
Q9BRN9-2	Q9BRN9-2	uc002bxj.3	protein_coding	0	0	0	6	0	0	0	0	4	0	0	0	0	0	0	0	0	0	0	2
Q9BRQ5	Q9BRQ5	uc002eac.3	protein_coding	0	1	0	1	0	0	0	0	1	0	0	0	0	0	0	0	0	0	1	0
Q9BRR6	Q9BRR6	uc002avg.4	protein_coding	0	2	1	3	1	0	0	0	2	1	0	0	0	0	0	0	0	0	2	0
Q9BRR6	Q9BRR6	uc002avh.4	protein_coding	0	0	0	6	1	0	2	0	3	0	0	0	0	0	0	0	0	0	0	0
Q9BRR6	Q9BRR6	uc010ukw.2	protein_coding	0	2	1	3	1	0	0	0	2	1	0	0	0	0	0	0	0	0	2	0
Q9BRR6-2	Q9BRR6-2	uc002avf.4	protein_coding	0	2	1	3	1	0	0	0	2	1	0	0	0	0	0	0	0	0	2	0
Q9BRR6-2	Q9BRR6-2	uc002avi.4	protein_coding	0	2	1	3	1	0	0	0	2	1	0	0	0	0	0	0	0	0	2	0
Q9BRR6-4	Q9BRR6-4	uc002ave.4	protein_coding	0	0	0	5	1	0	0	0	1	0	0	0	0	0	0	0	0	0	0	3
Q9BRS8	Q9BRS8	uc002ass.3	protein_coding	0	1	0	0	0	0	0	0	0	0	0	0	0	0	0	0	0	0	1	0
Q9BRX5	Q9BRX5	uc002enh.4	protein_coding	0	0	0	1	1	0	0	0	0	0	0	0	0	0	0	0	0	0	0	0
Q9BRX5-2	Q9BRX5-2	uc002enj.4	protein_coding	0	0	0	1	1	0	0	0	0	0	0	0	0	0	0	0	0	0	0	0
Q9BSA4	Q9BSA4	uc002jkc.3	protein_coding	0	4	2	23	1	0	0	0	23	2	0	0	0	1	0	0	0	0	3	0
Q9BSA4-2	Q9BSA4-2	uc002jkd.3	protein_coding	0	2	0	26	1	0	1	0	21	0	0	0	0	0	0	0	0	0	2	3
Q9BSJ5-2	Q9BSJ5-2	uc010dfj.3	protein_coding	0	1	4	21	3	0	0	4	13	4	0	0	0	0	0	0	0	0	1	1
Q9BSJ6	Q9BSJ6	uc002gcw.2	protein_coding	0	1	0	10	0	0	0	3	8	0	0	0	0	1	0	0	0	0	0	0
Q9BSJ6-2	Q9BSJ6-2	uc002gcu.2	protein_coding	0	1	0	10	0	0	0	3	8	0	0	0	0	1	0	0	0	0	0	0
Q9BSN7	Q9BSN7	uc002cmc.3	protein_coding	0	1	0	18	2	0	0	2	7	0	0	0	0	0	0	0	0	0	1	7
Q9BSN7	Q9BSN7	uc002cmd.3	protein_coding	0	1	0	11	2	0	0	2	6	0	0	0	0	0	0	0	0	0	1	1
Q9BSU1	Q9BSU1	uc002erc.3	protein_coding	0	0	0	2	1	0	0	0	1	0	0	0	0	0	0	0	0	0	0	0
Q9BSU1	Q9BSU1	uc002erd.3	protein_coding	0	0	0	2	1	0	0	0	1	0	0	0	0	0	0	0	0	0	0	0
Q9BSW7	Q9BSW7	uc002dfw.3	protein_coding	0	0	0	7	0	0	0	1	6	0	0	0	0	0	0	0	0	0	0	0
Q9BSW7	Q9BSW7	uc002dfx.3	protein_coding	0	0	0	7	0	0	0	1	6	0	0	0	0	0	0	0	0	0	0	0
Q9BT22	Q9BT22	uc002cyj.3	protein_coding	0	0	0	35	4	0	0	6	24	0	0	0	0	0	0	0	0	0	0	1
Q9BT22	Q9BT22	uc002cym.3	protein_coding	0	0	0	24	4	0	0	6	14	0	0	0	0	0	0	0	0	0	0	0
Q9BT22	Q9BT22	uc010bue.3	protein_coding	0	0	0	24	4	0	0	6	14	0	0	0	0	0	0	0	0	0	0	0
Q9BT23	Q9BT23	uc002jbj.4	protein_coding	0	0	0	6	1	0	0	3	1	0	0	0	0	0	0	0	0	0	0	1
Q9BT23	Q9BT23	uc002jbl.4	protein_coding	0	0	0	6	1	0	0	3	1	0	0	0	0	0	0	0	0	0	0	1
Q9BT40	Q9BT40	uc002fsr.3	protein_coding	0	1	0	14	1	0	0	1	4	0	0	0	0	0	0	0	0	0	1	8
Q9BT40	Q9BT40	uc010vql.2	protein_coding	0	1	0	14	1	0	0	1	4	0	0	0	0	0	0	0	0	0	1	8
Q9BTE0	Q9BTE0	uc002jlq.3	protein_coding	0	0	0	9	0	0	0	2	5	0	0	0	0	0	0	0	0	0	0	2
Q9BTE0-2	Q9BTE0-2	uc002jlr.3	protein_coding	0	0	0	9	0	0	0	2	5	0	0	0	0	0	0	0	0	0	0	2
Q9BTE1	Q9BTE1	uc002dly.2	protein_coding	0	1	0	4	2	0	0	0	2	0	0	0	0	0	0	0	0	0	1	0
Q9BTE1	Q9BTE1	uc021tfi.1	protein_coding	0	1	0	4	2	0	0	0	2	0	0	0	0	0	0	0	0	0	1	0
Q9BTE6	Q9BTE6	uc010cyu.2	protein_coding	0	1	0	11	0	0	0	5	1	0	0	0	0	0	0	0	0	0	1	5
Q9BTE6	Q9BTE6	uc031raq.1	protein_coding	0	1	0	11	0	0	0	0	6	0	0	0	0	0	0	0	0	0	1	5
Q9BTE6-2	Q9BTE6-2	uc002icd.3	protein_coding	0	1	1	17	0	0	0	0	14	1	0	0	0	0	0	0	0	0	1	3
Q9BTE6-3	Q9BTE6-3	uc010whg.2	protein_coding	0	1	1	17	0	0	0	0	14	1	0	0	0	0	0	0	0	0	1	3
Q9BTK6	Q9BTK6	uc002dug.4	protein_coding	0	0	0	3	0	0	0	0	0	0	0	0	0	0	0	0	0	0	0	3
Q9BTL3	Q9BTL3	uc002bjl.2	protein_coding	0	0	1	0	0	0	0	0	0	1	0	0	0	0	0	0	0	0	0	0
Q9BTW9	Q9BTW9	uc002kfz.3	protein_coding	0	2	2	81	0	0	0	0	79	2	0	0	0	0	0	0	0	0	2	2
Q9BTW9-2	Q9BTW9-2	uc002kgd.3	protein_coding	0	2	1	15	0	1	3	0	6	1	0	0	0	0	0	0	0	0	1	6
Q9BTW9-5	Q9BTW9-5	uc002kfx.1	protein_coding	0	0	1	70	0	0	0	4	64	1	0	0	0	0	0	0	0	0	0	2
Q9BTX3	Q9BTX3	uc002esi.2	protein_coding	0	1	0	2	0	0	0	2	0	0	0	0	0	0	0	0	0	0	1	0
Q9BU68	Q9BU68	uc002imp.4	protein_coding	0	0	0	2	1	0	0	0	1	0	0	0	0	0	0	0	0	0	0	0
Q9BU68	Q9BU68	uc021tzd.1	protein_coding	0	0	0	2	0	0	0	1	0	0	0	0	0	0	0	0	0	0	0	1
Q9BUB4	Q9BUB4	uc002feo.2	protein_coding	0	0	2	4	0	0	0	0	3	2	0	0	0	0	0	0	0	0	0	1
Q9BUB4	Q9BUB4	uc002fep.2	protein_coding	0	0	2	4	0	0	0	0	3	2	0	0	0	0	0	0	0	0	0	1
Q9BUF5	Q9BUF5	uc002kqv.3	protein_coding	0	0	0	6	0	0	1	3	1	0	0	0	0	0	0	0	0	0	0	1
Q9BUF5	Q9BUF5	uc002kqw.3	protein_coding	0	0	0	6	0	0	0	3	2	0	0	0	0	0	0	0	0	0	0	1
Q9BUL5	Q9BUL5	uc002gfa.3	protein_coding	0	0	0	6	0	0	1	2	2	0	0	0	0	0	0	0	0	0	0	1
Q9BUL5	Q9BUL5	uc010cma.3	protein_coding	0	0	0	6	0	0	1	2	2	0	0	0	0	0	0	0	0	0	0	1
Q9BUM1	Q9BUM1	uc002iex.3	protein_coding	0	1	1	5	0	0	0	5	1	1	0	0	0	1	0	0	0	0	0	0
Q9BUM1	Q9BUM1	uc002iey.3	protein_coding	0	1	1	5	0	0	0	5	1	1	0	0	0	1	0	0	0	0	0	0
Q9BUM1	Q9BUM1	uc002iez.3	protein_coding	0	1	1	5	0	0	0	5	1	1	0	0	0	1	0	0	0	0	0	0
Q9BUR4	Q9BUR4	uc002gip.3	protein_coding	0	0	2	3	0	0	0	0	3	2	0	0	0	0	0	0	0	0	0	0
Q9BUR4	Q9BUR4	uc002gir.3	protein_coding	0	0	2	3	0	0	0	0	3	2	0	0	0	0	0	0	0	0	0	0
Q9BUR4	Q9BUR4	uc010vuh.2	protein_coding	0	0	2	3	0	0	0	0	3	2	0	0	0	0	0	0	0	0	0	0
Q9BUR4	Q9BUR4	uc010vui.2	protein_coding	0	0	2	3	0	0	0	0	3	2	0	0	0	0	0	0	0	0	0	0
Q9BUT9	Q9BUT9	uc002cic.1	protein_coding	0	0	0	3	0	0	0	3	0	0	0	0	0	0	0	0	0	0	0	0
Q9BUU2	Q9BUU2	uc002cyz.3	protein_coding	0	3	1	44	1	0	1	4	37	1	0	0	0	0	0	0	0	0	3	1
Q9BUX1	Q9BUX1	uc001znh.2	protein_coding	0	0	0	1	0	0	0	0	1	0	0	0	0	0	0	0	0	0	0	0
Q9BUX1-2	Q9BUX1-2	uc010uct.1	protein_coding	0	0	0	1	0	0	0	0	1	0	0	0	0	0	0	0	0	0	0	0
Q9BUZ4	Q9BUZ4	uc002hcs.3	protein_coding	0	1	0	1	0	0	0	1	0	0	0	0	0	0	0	0	0	0	1	0
Q9BUZ4-2	Q9BUZ4-2	uc002hcq.1	protein_coding	0	0	0	1	0	0	0	0	1	0	0	0	0	0	0	0	0	0	0	0
Q9BV29	Q9BV29	uc001zmb.1	protein_coding	1	1	0	1	0	0	0	0	2	0	0	0	1	1	0	0	0	0	0	1
Q9BV29	Q9BV29	uc001zmc.1	protein_coding	0	1	0	2	0	0	0	0	2	0	0	0	0	1	0	0	0	0	0	1
Q9BV29-2	Q9BV29-2	uc001zma.1	protein_coding	0	1	0	2	0	0	1	0	1	0	0	0	0	1	0	0	0	0	0	1
Q9BV29-3	Q9BV29-3	uc001zly.3	protein_coding	1	1	0	2	0	0	0	0	3	0	0	0	1	1	0	0	0	0	0	1
Q9BV29-3	Q9BV29-3	uc010bbr.3	protein_coding	0	0	0	3	1	0	0	0	1	0	0	0	0	0	0	0	0	0	0	1
Q9BV81	Q9BV81	uc002fwf.1	protein_coding	0	0	0	4	0	0	0	1	0	0	0	0	0	0	0	0	0	0	0	3
Q9BV81	Q9BV81	uc002fwg.1	protein_coding	0	0	0	4	0	0	0	1	0	0	0	0	0	0	0	0	0	0	0	3
Q9BV81	Q9BV81	uc021tnu.1	protein_coding	0	0	0	4	0	0	0	1	0	0	0	0	0	0	0	0	0	0	0	3
Q9BV90	Q9BV90	uc002cfj.4	protein_coding	0	0	0	16	2	0	0	7	4	0	0	0	0	0	0	0	0	0	0	3
Q9BVA0	Q9BVA0	uc002eml.1	protein_coding	0	2	0	9	0	0	0	2	7	0	0	0	0	1	0	0	0	0	1	1
Q9BVC1	Q9BVC1	uc031qzn.1	protein_coding	0	0	1	2	0	0	0	0	0	1	0	0	0	0	0	0	0	0	0	2
Q9BVC4	Q9BVC4	uc002coy.3	protein_coding	0	0	1	8	0	0	0	8	0	1	0	0	0	0	0	0	0	0	0	0
Q9BVC4	Q9BVC4	uc002coz.3	protein_coding	0	0	0	9	0	0	0	8	1	0	0	0	0	0	0	0	0	0	0	0
Q9BVC4	Q9BVC4	uc002cpc.3	protein_coding	0	0	0	9	0	0	0	8	1	0	0	0	0	0	0	0	0	0	0	0
Q9BVC4	Q9BVC4	uc002cpd.3	protein_coding	0	0	0	9	0	0	0	8	1	0	0	0	0	0	0	0	0	0	0	0
Q9BVC4	Q9BVC4	uc002cpe.3	protein_coding	0	0	0	9	0	0	0	8	1	0	0	0	0	0	0	0	0	0	0	0
Q9BVC4	Q9BVC4	uc002cpf.3	protein_coding	0	0	0	9	0	0	0	8	1	0	0	0	0	0	0	0	0	0	0	0
Q9BVC4	Q9BVC4	uc010uvx.2	protein_coding	0	0	0	9	0	0	0	8	1	0	0	0	0	0	0	0	0	0	0	0
Q9BVG8	Q9BVG8	uc002emp.3	protein_coding	0	2	0	9	0	0	0	1	8	0	0	0	0	0	0	0	0	0	2	0
Q9BVG8-2	Q9BVG8-2	uc002emq.3	protein_coding	0	2	0	9	0	0	0	1	8	0	0	0	0	0	0	0	0	0	2	0
Q9BVG8-5	Q9BVG8-5	uc002emm.3	protein_coding	0	2	0	9	0	0	0	1	7	0	0	0	0	0	0	0	0	0	2	1
Q9BVG8-5	Q9BVG8-5	uc002emo.4	protein_coding	0	2	0	9	0	0	0	1	8	0	0	0	0	0	0	0	0	0	2	0
Q9BVG8-5	Q9BVG8-5	uc010cdf.3	protein_coding	0	2	0	9	0	0	0	1	8	0	0	0	0	0	0	0	0	0	2	0
Q9BVQ7	Q9BVQ7	uc001zve.3	protein_coding	0	6	1	7	0	3	3	0	3	1	0	0	0	0	0	0	0	0	3	1
Q9BVR0	Q9BVR0	uc001ytg.3	protein_coding	0	6	5	21	2	2	2	0	18	5	0	0	0	1	0	0	0	0	3	0
Q9BVR0	Q9BVR0	uc001yth.4	protein_coding	0	6	4	17	0	2	2	0	16	4	0	0	0	1	0	0	0	0	3	0
Q9BVR0	Q9BVR0	uc010tyy.2	protein_coding	0	3	4	17	3	0	0	4	8	4	0	0	0	0	0	0	0	0	3	2
Q9BVR0	Q9BVR0.2	uc001yvr.2	protein_coding	1	3	3	18	0	0	1	5	12	3	0	0	0	0	0	1	0	0	3	0
Q9BVT6	Q9BVT6	uc001zle.4	protein_coding	0	0	0	10	0	0	0	5	3	0	0	0	0	0	0	0	0	0	0	2
Q9BVV7	Q9BVV7	uc010dqr.1	protein_coding	0	0	1	4	1	0	1	0	1	1	0	0	0	0	0	0	0	0	0	1
Q9BVW5	Q9BVW5	uc010ujn.1	protein_coding	0	1	1	3	0	0	0	1	0	1	0	0	0	0	0	0	0	0	1	2
Q9BVW5	Q9BVW5	uc010ujo.1	protein_coding	0	2	1	3	0	1	1	1	1	1	0	0	0	0	0	0	0	0	1	0
Q9BW27	Q9BW27	uc002jng.1	protein_coding	0	2	0	13	0	0	0	5	8	0	0	0	0	1	0	0	0	0	2	0
Q9BW27	Q9BW27	uc010wrv.1	protein_coding	0	2	0	13	0	0	0	5	8	0	0	0	0	1	0	0	0	0	2	0
Q9BW30	Q9BW30	uc002esz.3	protein_coding	0	0	0	3	0	0	0	2	1	0	0	0	0	0	0	0	0	0	0	0
Q9BW30	Q9BW30	uc002eta.3	protein_coding	0	0	0	3	0	0	0	2	1	0	0	0	0	0	0	0	0	0	0	0
Q9BW30	Q9BW30	uc002etb.3	protein_coding	0	0	0	3	0	0	0	2	1	0	0	0	0	0	0	0	0	0	0	0
Q9BW71	Q9BW71	uc002dve.3	protein_coding	0	0	1	2	1	0	0	0	1	1	0	0	0	0	0	0	0	0	0	0
Q9BWH6	Q9BWH6	uc001zod.3	protein_coding	0	3	4	17	1	0	0	3	13	4	0	0	0	0	0	0	0	0	3	0
Q9BWN1	Q9BWN1	uc002dyy.3	protein_coding	0	0	1	2	0	0	0	2	0	1	0	0	0	0	0	0	0	0	0	0
Q9BWN1	Q9BWN1	uc002dyz.3	protein_coding	0	0	1	2	0	0	0	2	0	1	0	0	0	0	0	0	0	0	0	0
Q9BWN1	Q9BWN1	uc002dza.3	protein_coding	0	0	1	2	0	0	0	2	0	1	0	0	0	0	0	0	0	0	0	0
Q9BX79	Q9BX79	uc002axk.3	protein_coding	0	0	0	12	1	0	0	1	10	0	0	0	0	0	0	0	0	0	0	0
Q9BX79	Q9BX79	uc002axl.3	protein_coding	0	0	0	12	1	0	0	1	10	0	0	0	0	0	0	0	0	0	0	0
Q9BX79	Q9BX79	uc002axm.3	protein_coding	0	0	0	12	1	0	0	1	10	0	0	0	0	0	0	0	0	0	0	0
Q9BX79	Q9BX79	uc010bji.3	protein_coding	0	0	0	12	1	0	0	1	10	0	0	0	0	0	0	0	0	0	0	0
Q9BX79-2	Q9BX79-2	uc010bjk.3	protein_coding	0	0	0	6	0	0	0	5	1	0	0	0	0	0	0	0	0	0	0	0
Q9BX79-3	Q9BX79-3	uc002axn.3	protein_coding	0	0	0	12	1	0	0	1	10	0	0	0	0	0	0	0	0	0	0	0
Q9BX79-4	Q9BX79-4	uc002axj.3	protein_coding	0	0	0	12	1	0	0	1	10	0	0	0	0	0	0	0	0	0	0	0
Q9BXA9	Q9BXA9	uc002lmt.3	protein_coding	0	4	1	1	0	0	0	0	1	1	0	0	0	0	0	0	0	0	4	0
Q9BXA9-3	Q9BXA9-3	uc010dra.3	protein_coding	0	4	0	3	0	1	1	0	0	0	0	0	0	0	0	0	0	0	3	2
Q9BXC9	Q9BXC9	uc002ejd.2	protein_coding	0	0	1	3	0	0	0	0	2	1	0	0	0	0	0	0	0	0	0	1
Q9BXF9	Q9BXF9	uc002gon.3	protein_coding	0	1	0	0	0	0	0	0	0	0	0	0	0	0	0	0	0	0	1	0
Q9BXJ1	Q9BXJ1	uc002jwp.4	protein_coding	0	3	0	4	0	0	0	0	4	0	0	0	0	0	0	0	0	0	3	0
Q9BXJ1	Q9BXJ1	uc002jws.4	protein_coding	0	3	0	4	0	0	0	0	4	0	0	0	0	0	0	0	0	0	3	0
Q9BXJ1	Q9BXJ1	uc031rep.1	protein_coding	0	3	0	4	0	0	0	0	4	0	0	0	0	0	0	0	0	0	3	0
Q9BXL6	Q9BXL6	uc002jxw.2	protein_coding	0	2	2	16	1	0	0	2	13	2	0	0	0	0	0	0	0	0	2	0
Q9BXL6	Q9BXL6	uc031res.1	protein_coding	0	2	2	16	1	0	0	2	13	2	0	0	0	0	0	0	0	0	2	0
Q9BXM8	Q9BXM8	uc031qte.1	protein_coding	0	0	1	6	0	0	0	4	0	1	0	0	0	0	0	0	0	0	0	2
Q9BXM8	Q9BXM8.2	uc031qtk.1	protein_coding	0	1	0	6	0	0	0	4	0	0	0	0	0	0	0	0	0	0	1	2
Q9BXS6	Q9BXS6	uc001zns.4	protein_coding	0	0	2	3	0	0	0	0	2	2	0	0	0	0	0	0	0	0	0	1
Q9BXS6-2	Q9BXS6-2	uc001znr.4	protein_coding	0	0	2	3	0	0	0	0	2	2	0	0	0	0	0	0	0	0	0	1
Q9BXS6-3	Q9BXS6-3	uc001znv.4	protein_coding	0	0	2	3	0	0	0	0	2	2	0	0	0	0	0	0	0	0	0	1
Q9BXS6-4	Q9BXS6-4	uc001znw.4	protein_coding	0	0	0	4	0	0	2	0	2	0	0	0	0	0	0	0	0	0	0	0
Q9BXS6-5	Q9BXS6-5	uc001znu.4	protein_coding	0	0	2	3	0	0	0	0	2	2	0	0	0	0	0	0	0	0	0	1
Q9BXW6	Q9BXW6	uc002kve.3	protein_coding	0	2	0	17	0	0	0	3	14	0	0	0	0	0	0	0	0	0	2	0
Q9BXW6	Q9BXW6	uc010xbc.2	protein_coding	0	1	0	14	0	0	0	3	8	0	0	0	0	0	0	0	0	0	1	3
Q9BXX0	Q9BXX0	uc002kln.3	protein_coding	0	4	1	6	1	0	0	0	5	1	0	0	0	0	0	0	0	0	4	0
Q9BXX2	Q9BXX2	uc010dlo.2	protein_coding	0	6	2	33	0	0	1	1	33	2	0	0	0	2	0	0	0	0	4	0
Q9BXX2	Q9BXX2	uc021uhy.1	protein_coding	0	6	2	33	0	0	1	1	33	2	0	0	0	2	0	0	0	0	4	0
Q9BY12	Q9BY12	uc002bca.1	protein_coding	0	3	0	6	0	1	1	1	5	0	0	0	0	1	0	0	0	0	1	0
Q9BY12-2	Q9BY12-2	uc002bbz.1	protein_coding	0	3	0	11	1	0	0	0	11	0	0	0	0	1	0	0	0	0	2	0
Q9BY50	Q9BY50	uc002lht.3	protein_coding	0	0	0	4	0	0	0	0	4	0	0	0	0	0	0	0	0	0	0	0
Q9BY50	Q9BY50	uc010dpo.1	protein_coding	0	0	0	4	0	0	0	1	3	0	0	0	0	0	0	0	0	0	0	0
Q9BY50	Q9BY50	uc010xej.1	protein_coding	0	0	0	4	0	0	0	1	3	0	0	0	0	0	0	0	0	0	0	0
Q9BYE0	Q9BYE0	uc002gkc.3	protein_coding	0	0	0	8	2	0	0	3	2	0	0	0	0	0	0	0	0	0	0	1
Q9BYF7	Q9BYF7	uc002lje.3	protein_coding	0	1	2	8	0	0	0	0	7	2	0	0	0	0	0	0	0	0	1	1
Q9BYG4	Q9BYG4	uc002lny.3	protein_coding	0	0	0	6	2	0	0	0	4	0	0	0	0	0	0	0	0	0	0	0
Q9BYG7	Q9BYG7	uc002lew.4	protein_coding	0	2	0	13	0	0	1	0	10	0	0	0	0	1	0	0	0	0	2	2
Q9BYG7	Q9BYG7	uc002lex.4	protein_coding	0	2	0	13	0	0	1	0	12	0	0	0	0	1	0	0	0	0	2	0
Q9BYH9	Q9BYH9	uc010dqc.2	protein_coding	0	0	0	18	0	0	1	16	1	0	0	0	0	0	0	0	0	0	0	0
Q9BYJ1	Q9BYJ1	uc010cnr.3	protein_coding	0	1	0	18	0	0	0	4	8	0	0	0	0	0	0	0	0	0	1	6
Q9BYJ1-2	Q9BYJ1-2	uc010vuo.2	protein_coding	0	1	1	17	0	0	2	4	8	1	0	0	0	0	0	0	0	0	1	3
Q9BYP8	Q9BYP8	uc002hwj.3	protein_coding	0	1	0	0	0	0	0	0	0	0	0	0	0	0	0	0	0	0	1	0
Q9BYQ0	Q9BYQ0	uc002hwh.4	protein_coding	0	1	2	36	9	0	0	8	0	2	0	0	0	0	0	0	0	0	1	19
Q9BYQ2	Q9BYQ2	uc002hwi.3	protein_coding	0	1	1	23	20	0	1	2	0	1	0	0	0	0	0	0	0	0	1	0
Q9BYQ3	Q9BYQ3	uc021txg.1	protein_coding	0	1	0	20	10	0	0	10	0	0	0	0	0	0	0	0	0	0	1	0
Q9BYQ4	Q9BYQ4	uc002hwf.3	protein_coding	0	2	2	2	0	0	0	1	0	2	0	0	0	0	0	0	0	0	2	1
Q9BYQ6	Q9BYQ6	uc002hvz.3	protein_coding	0	4	4	0	0	0	0	0	0	4	0	0	0	0	0	0	0	0	4	0
Q9BYQ8	Q9BYQ8	uc010wfp.2	protein_coding	0	1	1	8	1	0	0	1	0	1	0	0	0	0	0	0	0	0	1	6
Q9BYQ9	Q9BYQ9	uc010wfo.2	protein_coding	0	3	7	8	4	0	0	0	0	7	0	0	0	0	0	0	0	0	3	4
Q9BYR2	Q9BYR2	uc002hwb.3	protein_coding	0	0	1	1	0	0	0	0	0	1	0	0	0	0	0	0	0	0	0	1
Q9BYR6	Q9BYR6	uc002hvr.1	protein_coding	0	1	0	2	0	0	1	0	0	0	0	0	0	0	0	0	0	0	1	1
Q9BYR7	Q9BYR7	uc002hvs.3	protein_coding	0	3	2	3	1	0	0	0	0	2	0	0	0	0	0	0	0	0	3	2
Q9BYR8	Q9BYR8	uc002hvt.1	protein_coding	0	0	0	2	1	0	0	1	0	0	0	0	0	0	0	0	0	0	0	0
Q9BYS1	Q9BYS1	uc002hvu.3	protein_coding	0	0	2	6	0	0	0	0	0	2	0	0	0	0	0	0	0	0	0	6
Q9BYT5	Q9BYT5	uc010cxj.3	protein_coding	1	0	0	3	1	0	0	0	0	0	0	0	0	0	0	1	0	0	0	2
Q9BYU5	Q9BYU5	uc010cxi.3	protein_coding	0	0	1	3	1	0	1	0	0	1	0	0	0	0	0	0	0	0	0	1
Q9BYZ2	Q9BYZ2	uc002agb.4	protein_coding	0	2	4	5	0	0	0	1	0	4	0	0	0	0	0	0	0	0	2	4
Q9BZ71	Q9BZ71	uc002gdd.4	protein_coding	0	3	1	28	2	0	0	6	16	1	0	0	0	1	0	0	0	0	2	5
Q9BZ71-2	Q9BZ71-2	uc010clm.3	protein_coding	0	2	0	18	2	0	0	6	9	0	0	0	0	1	0	0	0	0	1	2
Q9BZB8	Q9BZB8	uc002bit.3	protein_coding	0	2	0	4	0	0	1	0	3	0	0	0	0	0	0	0	0	0	2	0
Q9BZB8-3	Q9BZB8-3	uc002biv.3	protein_coding	0	2	0	5	0	0	0	0	5	0	0	0	0	0	0	0	0	0	2	0
Q9BZB8-4	Q9BZB8-4	uc002biq.3	protein_coding	0	2	0	3	0	0	0	0	3	0	0	0	0	0	0	0	0	0	2	0
Q9BZB8-4	Q9BZB8-4	uc002bis.3	protein_coding	0	3	0	3	0	1	1	0	2	0	0	0	0	0	0	0	0	0	2	0
Q9BZB8-4	Q9BZB8-4	uc010uof.2	protein_coding	0	2	0	5	0	0	0	0	5	0	0	0	0	0	0	0	0	0	2	0
Q9BZC1	Q9BZC1	uc002lae.2	protein_coding	0	1	0	18	0	0	1	0	16	0	0	0	0	0	0	0	0	0	1	1
Q9BZC1-2	Q9BZC1-2	uc002laf.2	protein_coding	0	1	0	18	0	0	1	0	16	0	0	0	0	0	0	0	0	0	1	1
Q9BZC1-3	Q9BZC1-3	uc021uix.1	protein_coding	0	1	0	18	0	0	1	0	16	0	0	0	0	0	0	0	0	0	1	1
Q9BZC1-4	Q9BZC1-4	uc021uiy.1	protein_coding	0	1	0	18	0	0	1	0	16	0	0	0	0	0	0	0	0	0	1	1
Q9BZC1-5	Q9BZC1-5	uc002lag.2	protein_coding	0	1	0	18	0	0	1	0	16	0	0	0	0	0	0	0	0	0	1	1
Q9BZE0	Q9BZE0	uc002cwc.1	protein_coding	0	2	0	11	1	0	1	6	3	0	0	0	0	0	0	0	0	0	2	0
Q9BZE9	Q9BZE9	uc002kcx.3	protein_coding	0	1	1	5	0	0	0	1	4	1	0	0	0	0	0	0	0	0	1	0
Q9BZE9	Q9BZE9	uc002kdb.1	protein_coding	0	0	1	4	0	0	0	3	1	1	0	0	0	0	0	0	0	0	0	0
Q9BZE9	Q9BZE9	uc021ufj.1	protein_coding	0	1	1	5	0	0	0	1	4	1	0	0	0	0	0	0	0	0	1	0
Q9BZE9-2	Q9BZE9-2	uc002kcy.3	protein_coding	0	1	1	5	0	0	0	1	4	1	0	0	0	0	0	0	0	0	1	0
Q9BZE9-3	Q9BZE9-3	uc002kda.3	protein_coding	0	1	1	5	0	0	0	1	4	1	0	0	0	0	0	0	0	0	1	0
Q9BZF2	Q9BZF2	uc002ilx.1	protein_coding	0	3	0	8	1	0	0	1	6	0	0	0	0	0	0	0	0	0	3	0
Q9BZF9	Q9BZF9	uc002asr.3	protein_coding	0	3	0	4	0	0	0	0	5	0	0	0	0	1	0	0	0	0	2	0
Q9BZG1	Q9BZG1	uc002hce.2	protein_coding	0	0	0	2	0	0	0	2	0	0	0	0	0	0	0	0	0	0	0	0
Q9BZG1	Q9BZG1	uc002hch.2	protein_coding	0	0	0	2	0	0	0	2	0	0	0	0	0	0	0	0	0	0	0	0
Q9BZG1-2	Q9BZG1-2	uc002hcg.2	protein_coding	0	0	0	2	0	0	0	2	0	0	0	0	0	0	0	0	0	0	0	0
Q9BZG8	Q9BZG8	uc002fts.3	protein_coding	0	1	0	5	0	0	0	0	2	0	0	0	0	0	0	0	0	0	1	3
Q9BZG8	Q9BZG8	uc010cjx.3	protein_coding	0	1	0	5	0	0	0	0	2	0	0	0	0	0	0	0	0	0	1	3
Q9BZG8	Q9BZG8	uc010vqs.2	protein_coding	0	1	0	4	0	0	0	0	2	0	0	0	0	0	0	0	0	0	1	2
Q9BZJ3	Q9BZJ3	uc002clb.1	protein_coding	0	7	7	13	0	0	0	6	3	7	0	0	0	0	0	0	0	0	7	4
Q9BZJ3-2	Q9BZJ3-2	uc010brm.1	protein_coding	0	7	4	16	0	0	0	6	1	4	0	0	0	1	0	0	0	0	6	10
Q9BZJ4	Q9BZJ4	uc002ign.2	protein_coding	0	0	1	6	0	0	0	1	5	1	0	0	0	0	0	0	0	0	0	0
Q9BZJ4-2	Q9BZJ4-2	uc002igm.2	protein_coding	0	0	1	6	0	0	0	1	5	1	0	0	0	0	0	0	0	0	0	0
Q9BZW5	Q9BZW5	uc002bjp.3	protein_coding	0	0	0	5	0	0	0	1	4	0	0	0	0	0	0	0	0	0	0	0
Q9BZW5	Q9BZW5	uc002bjr.3	protein_coding	0	0	0	4	0	0	0	1	2	0	0	0	0	0	0	0	0	0	0	1
Q9C000	Q9C000	uc002gci.3	protein_coding	0	0	2	10	0	0	0	3	7	2	0	0	0	0	0	0	0	0	0	0
Q9C000	Q9C000	uc010clh.3	protein_coding	0	0	1	3	0	0	0	0	3	1	0	0	0	0	0	0	0	0	0	0
Q9C000-2	Q9C000-2	uc002gch.4	protein_coding	0	0	2	10	0	0	0	3	7	2	0	0	0	0	0	0	0	0	0	0
Q9C000-2	Q9C000-2	uc002gck.3	protein_coding	0	0	2	10	0	0	0	3	7	2	0	0	0	0	0	0	0	0	0	0
Q9C000-3	Q9C000-3	uc002gcl.3	protein_coding	0	0	2	10	0	0	0	3	7	2	0	0	0	0	0	0	0	0	0	0
Q9C000-4	Q9C000-4	uc002gcj.3	protein_coding	0	0	2	10	0	0	0	3	7	2	0	0	0	0	0	0	0	0	0	0
Q9C002	Q9C002	uc001zvg.4	protein_coding	0	1	0	5	0	0	0	0	6	0	0	0	0	1	0	0	0	0	0	0
Q9C002	Q9C002	uc001zvh.4	protein_coding	0	1	0	5	0	0	0	0	6	0	0	0	0	1	0	0	0	0	0	0
Q9C073	Q9C073	uc002ipk.3	protein_coding	0	0	1	2	0	0	0	1	1	1	0	0	0	0	0	0	0	0	0	0
Q9C075	Q9C075	uc002hvm.1	protein_coding	0	1	1	10	0	0	0	2	8	1	0	0	0	0	0	0	0	0	1	0
Q9C075	Q9C075	uc002hvn.1	protein_coding	0	0	0	10	0	0	0	4	6	0	0	0	0	0	0	0	0	0	0	0
Q9C075	Q9C075	uc010cxg.3	protein_coding	0	1	1	10	1	0	0	2	7	1	0	0	0	0	0	0	0	0	1	0
Q9C075	Q9C075	uc010wfl.1	protein_coding	0	1	1	10	0	0	0	2	8	1	0	0	0	0	0	0	0	0	1	0
Q9C091	Q9C091	uc010xam.2	protein_coding	0	1	0	14	0	0	0	0	14	0	0	0	0	0	0	0	0	0	1	0
Q9C091	Q9C091	uc010xan.1	protein_coding	0	1	0	7	0	0	0	0	7	0	0	0	0	0	0	0	0	0	1	0
Q9C091-3	Q9C091-3	uc010dlp.1	protein_coding	0	0	0	13	0	0	0	2	11	0	0	0	0	0	0	0	0	0	0	0
Q9C0A0	Q9C0A0	uc002feu.1	protein_coding	0	0	1	28	1	0	1	0	26	1	0	0	0	0	0	0	0	0	0	0
Q9C0A0-2	Q9C0A0-2	uc002fev.1	protein_coding	0	0	1	28	1	0	1	0	26	1	0	0	0	0	0	0	0	0	0	0
Q9C0A0-2	Q9C0A0-2	uc010chb.1	protein_coding	0	0	1	25	1	0	0	0	24	1	0	0	0	0	0	0	0	0	0	0
Q9C0B0	Q9C0B0	uc021udd.2	protein_coding	0	3	0	14	0	0	0	4	9	0	0	0	0	0	0	0	0	0	3	1
Q9C0B1	Q9C0B1	uc002ehr.3	protein_coding	0	0	0	8	0	0	0	0	8	0	0	0	0	0	0	0	0	0	0	0
Q9C0B1-4	Q9C0B1-4	uc010cbz.3	protein_coding	0	0	0	1	0	0	0	0	1	0	0	0	0	0	0	0	0	0	0	0
Q9C0B7	Q9C0B7	uc002ewi.4	protein_coding	0	0	0	3	0	0	0	0	3	0	0	0	0	0	0	0	0	0	0	0
Q9C0B9	Q9C0B9	uc002lip.4	protein_coding	0	4	0	6	2	0	0	0	4	0	0	0	0	0	0	0	0	0	4	0
Q9C0B9	Q9C0B9	uc002liq.3	protein_coding	0	2	0	6	2	0	0	0	2	0	0	0	0	0	0	0	0	0	2	2
Q9C0C9	Q9C0C9	uc002jrl.4	protein_coding	0	0	0	6	0	0	0	2	1	0	0	0	0	0	0	0	0	0	0	3
Q9C0C9	Q9C0C9	uc002jrm.4	protein_coding	0	0	0	7	0	0	0	2	5	0	0	0	0	0	0	0	0	0	0	0
Q9C0C9	Q9C0C9	uc002jrn.4	protein_coding	0	0	0	5	0	0	0	0	5	0	0	0	0	0	0	0	0	0	0	0
Q9C0F0	Q9C0F0	uc002kxq.2	protein_coding	0	0	2	12	0	0	1	0	11	2	0	0	0	0	0	0	0	0	0	0
Q9C0F0	Q9C0F0	uc010dmg.1	protein_coding	0	1	2	11	0	0	0	0	11	2	0	0	0	0	0	0	0	0	1	0
Q9C0G0	Q9C0G0	uc002llu.2	protein_coding	0	3	2	6	0	0	0	0	1	2	0	0	0	0	0	0	0	0	3	5
Q9C0G0	Q9C0G0	uc002llw.2	protein_coding	0	4	2	4	0	0	0	0	3	2	0	0	0	0	0	0	0	0	4	1
Q9C0G0-2	Q9C0G0-2	uc010dqu.2	protein_coding	0	3	2	4	0	0	0	0	3	2	0	0	0	0	0	0	0	0	3	1
Q9C0G0-3	Q9C0G0-3	uc010xfc.2	protein_coding	0	3	2	2	0	0	0	0	1	2	0	0	0	0	0	0	0	0	3	1
Q9C0H9-2	Q9C0H9-2	uc002hqf.1	protein_coding	0	0	1	10	1	0	0	0	7	1	0	0	0	0	0	0	0	0	0	2
Q9C0H9-4	Q9C0H9-4	uc002hqg.3	protein_coding	0	0	1	6	0	0	0	4	1	1	0	0	0	0	0	0	0	0	0	1
Q9C0H9-5	Q9C0H9-5	uc002hqd.3	protein_coding	0	0	1	12	0	0	0	0	12	1	0	0	0	0	0	0	0	0	0	0
Q9GIP4	Q9GIP4	uc002djd.3	protein_coding	0	1	2	1	0	0	0	0	0	2	0	0	0	0	0	0	0	0	1	1
Q9GZM8	Q9GZM8	uc002glj.4	protein_coding	0	0	0	4	1	0	1	0	2	0	0	0	0	0	0	0	0	0	0	0
Q9GZN4	Q9GZN4	uc002cry.1	protein_coding	0	0	0	2	0	0	0	1	1	0	0	0	0	0	0	0	0	0	0	0
Q9GZN7	Q9GZN7	uc002cxu.4	protein_coding	0	0	0	15	2	0	0	3	7	0	0	0	0	0	0	0	0	0	0	3
Q9GZN7	Q9GZN7	uc002cxv.4	protein_coding	0	0	0	15	2	0	0	3	7	0	0	0	0	0	0	0	0	0	0	3
Q9GZN7	Q9GZN7	uc002cxw.4	protein_coding	0	0	0	15	2	0	0	3	7	0	0	0	0	0	0	0	0	0	0	3
Q9GZP9	Q9GZP9	uc002gcc.1	protein_coding	0	1	0	8	0	0	0	0	3	0	0	0	0	1	0	0	0	0	0	6
Q9GZQ8	Q9GZQ8	uc002fjx.3	protein_coding	0	0	0	6	3	0	0	1	2	0	0	0	0	0	0	0	0	0	0	0
Q9GZS0	Q9GZS0	uc002jkf.3	protein_coding	0	1	2	8	0	0	0	0	8	2	0	0	0	0	0	0	0	0	1	0
Q9GZS0-2	Q9GZS0-2	uc002jkg.3	protein_coding	0	1	2	8	0	0	0	0	8	2	0	0	0	0	0	0	0	0	1	0
Q9GZS3	Q9GZS3	uc002bdn.3	protein_coding	0	0	0	8	0	0	0	2	6	0	0	0	0	0	0	0	0	0	0	0
Q9GZS3	Q9GZS3	uc002bdo.3	protein_coding	0	0	0	8	0	0	1	2	5	0	0	0	0	0	0	0	0	0	0	0
Q9GZS9	Q9GZS9	uc002fei.3	protein_coding	0	2	1	5	0	1	4	0	0	1	0	0	0	0	0	0	0	0	1	1
Q9GZS9	Q9GZS9	uc021tlk.1	protein_coding	0	1	1	4	0	0	0	0	0	1	0	0	0	0	0	0	0	0	1	4
Q9GZS9-2	Q9GZS9-2	uc002fej.1	protein_coding	0	1	0	6	0	0	0	0	6	0	0	0	0	0	0	0	0	0	1	0
Q9GZT4	Q9GZT4	uc002fue.1	protein_coding	0	0	0	10	0	0	0	0	5	0	0	0	0	0	0	0	0	0	0	5
Q9GZT4	Q9GZT4	uc002fui.1	protein_coding	0	0	0	4	0	0	0	0	3	0	0	0	0	0	0	0	0	0	0	1
Q9GZU8	Q9GZU8	uc021tiy.1	protein_coding	0	0	0	6	0	0	0	0	4	0	0	0	0	0	0	0	0	0	0	2
Q9GZW5-2	Q9GZW5-2	uc002bks.3	protein_coding	0	0	0	7	0	0	1	1	5	0	0	0	0	0	0	0	0	0	0	0
Q9GZX3	Q9GZX3	uc002fef.3	protein_coding	0	1	0	0	0	0	0	0	0	0	0	0	0	0	0	0	0	0	1	0
Q9GZX3	Q9GZX3	uc002feh.1	protein_coding	0	1	0	0	0	0	0	0	0	0	0	0	0	0	0	0	0	0	1	0
Q9GZX3	Q9GZX3	uc021tlj.1	protein_coding	0	1	0	0	0	0	0	0	0	0	0	0	0	0	0	0	0	0	1	0
Q9GZX9	Q9GZX9	uc002knz.3	protein_coding	0	0	0	4	2	0	0	0	2	0	0	0	0	0	0	0	0	0	0	0
Q9GZX9	Q9GZX9	uc002koa.3	protein_coding	0	0	0	4	2	0	0	0	2	0	0	0	0	0	0	0	0	0	0	0
Q9H009	Q9H009	uc002izj.2	protein_coding	0	0	0	1	1	0	0	0	0	0	0	0	0	0	0	0	0	0	0	0
Q9H038	Q9H038	uc010dnq.1	protein_coding	0	1	0	17	0	0	0	0	17	0	0	0	0	0	0	0	0	0	1	0
Q9H069	Q9H069	uc021trj.1	protein_coding	0	2	2	9	0	0	0	4	5	2	0	0	0	1	0	0	0	0	1	1
Q9H069	Q9H069	uc021trk.1	protein_coding	0	2	2	9	0	0	0	4	5	2	0	0	0	1	0	0	0	0	1	1
Q9H069-2	Q9H069-2	uc010vxe.2	protein_coding	0	2	1	5	0	0	0	0	5	1	0	0	0	1	0	0	0	0	1	1
Q9H069-2	Q9H069-2	uc021tri.1	protein_coding	0	2	1	5	0	0	0	0	5	1	0	0	0	1	0	0	0	0	1	1
Q9H079	Q9H079	uc001zhp.3	protein_coding	0	0	0	6	0	0	0	0	6	0	0	0	0	0	0	0	0	0	0	0
Q9H079	Q9H079	uc010uca.1	protein_coding	0	0	0	6	0	0	0	2	4	0	0	0	0	0	0	0	0	0	0	0
Q9H081	Q9H081	uc002gcd.4	protein_coding	0	0	0	8	4	0	1	1	0	0	0	0	0	0	0	0	0	0	0	2
Q9H081	Q9H081	uc002gce.4	protein_coding	0	0	0	8	4	0	1	1	0	0	0	0	0	0	0	0	0	0	0	2
Q9H081	Q9H081	uc021tom.1	protein_coding	0	0	0	7	0	0	0	5	0	0	0	0	0	0	0	0	0	0	0	2
Q9H081	Q9H081	uc031qyh.1	protein_coding	0	0	0	8	4	0	1	1	0	0	0	0	0	0	0	0	0	0	0	2
Q9H081	Q9H081	uc031qyi.1	protein_coding	0	0	0	8	4	0	1	1	0	0	0	0	0	0	0	0	0	0	0	2
Q9H081	Q9H081	uc031qyj.1	protein_coding	0	0	0	8	4	0	1	1	0	0	0	0	0	0	0	0	0	0	0	2
Q9H091	Q9H091	uc002fyv.3	protein_coding	0	0	0	6	0	0	0	0	5	0	0	0	0	0	0	0	0	0	0	1
Q9H091-2	Q9H091-2	uc002fyt.3	protein_coding	0	0	0	6	0	0	0	0	5	0	0	0	0	0	0	0	0	0	0	1
Q9H0A8	Q9H0A8	uc002azy.3	protein_coding	0	0	0	4	0	0	0	0	4	0	0	0	0	0	0	0	0	0	0	0
Q9H0A8-2	Q9H0A8-2	uc002baa.3	protein_coding	0	0	0	4	0	0	0	0	4	0	0	0	0	0	0	0	0	0	0	0
Q9H0B8	Q9H0B8	uc010voh.1	protein_coding	0	2	1	26	1	0	1	1	24	1	0	0	0	1	0	0	0	0	1	0
Q9H0B8-2	Q9H0B8-2	uc002fin.4	protein_coding	0	1	1	22	0	0	1	0	22	1	0	0	0	1	0	0	0	0	0	0
Q9H0B8-3	Q9H0B8-3	uc002fim.2	protein_coding	0	1	1	22	2	0	1	6	14	1	0	0	0	1	0	0	0	0	0	0
Q9H0B8-4	Q9H0B8-4	uc002fik.4	protein_coding	0	0	0	1	0	0	1	0	0	0	0	0	0	0	0	0	0	0	0	0
Q9H0B8-5	Q9H0B8-5	uc002fil.2	protein_coding	0	0	0	8	0	0	1	5	2	0	0	0	0	0	0	0	0	0	0	0
Q9H0C5	Q9H0C5	uc002bjn.3	protein_coding	0	0	0	5	2	0	0	1	2	0	0	0	0	0	0	0	0	0	0	0
Q9H0G5	Q9H0G5	uc002heu.4	protein_coding	0	0	1	2	0	0	0	0	2	1	0	0	0	0	0	0	0	0	0	0
Q9H0H0	Q9H0H0	uc002izm.3	protein_coding	0	0	1	7	0	0	0	0	7	1	0	0	0	0	0	0	0	0	0	0
Q9H0H3	Q9H0H3	uc002bly.3	protein_coding	0	0	1	2	1	0	0	0	1	1	0	0	0	0	0	0	0	0	0	0
Q9H0H3	Q9H0H3	uc021stw.1	protein_coding	0	0	1	1	0	0	0	0	0	1	0	0	0	0	0	0	0	0	0	1
Q9H0I2	Q9H0I2	uc002etw.1	protein_coding	0	0	0	2	0	0	0	1	1	0	0	0	0	0	0	0	0	0	0	0
Q9H0I2-2	Q9H0I2-2	uc002etv.1	protein_coding	0	0	0	2	0	0	0	1	0	0	0	0	0	0	0	0	0	0	0	1
Q9H0I3	Q9H0I3	uc002ene.3	protein_coding	0	0	0	6	2	0	0	2	2	0	0	0	0	0	0	0	0	0	0	0
Q9H0I3-2	Q9H0I3-2	uc010vid.2	protein_coding	0	0	0	6	2	0	0	2	2	0	0	0	0	0	0	0	0	0	0	0
Q9H0J4	Q9H0J4	uc002jrd.1	protein_coding	0	8	11	24	0	0	0	2	19	11	0	0	0	1	0	0	0	0	8	3
Q9H0J4-3	Q9H0J4-3	uc010dgw.1	protein_coding	0	1	2	41	0	0	3	2	33	2	0	0	0	1	0	0	0	0	0	3
Q9H0R4	Q9H0R4	uc002lcs.3	protein_coding	0	0	0	3	1	0	0	0	2	0	0	0	0	0	0	0	0	0	0	0
Q9H0R4	Q9H0R4	uc002lct.3	protein_coding	0	0	0	3	1	0	0	0	2	0	0	0	0	0	0	0	0	0	0	0
Q9H0X4	Q9H0X4	uc002cgf.3	protein_coding	0	2	0	29	0	0	0	9	19	0	0	0	0	1	0	0	0	0	1	2
Q9H0X4	Q9H0X4	uc002cgh.3	protein_coding	0	2	0	25	0	0	0	9	17	0	0	0	0	1	0	0	0	0	1	0
Q9H0X4-2	Q9H0X4-2	uc002cgg.2	protein_coding	0	2	0	30	0	0	0	8	21	0	0	0	0	1	0	0	0	0	1	2
Q9H1A3	Q9H1A3	uc002dje.3	protein_coding	0	0	0	5	0	0	0	0	5	0	0	0	0	0	0	0	0	0	0	0
Q9H1A3-2	Q9H1A3-2	uc002djf.3	protein_coding	0	0	0	5	0	0	0	0	5	0	0	0	0	0	0	0	0	0	0	0
Q9H1B5	Q9H1B5	uc002iqo.3	protein_coding	0	1	1	5	2	0	0	0	3	1	0	0	0	0	0	0	0	0	1	0
Q9H1K6	Q9H1K6	uc002bfz.3	protein_coding	0	0	0	3	0	0	0	3	0	0	0	0	0	0	0	0	0	0	0	0
Q9H201	Q9H201	uc002ira.4	protein_coding	0	0	0	11	0	0	0	2	3	0	0	0	0	0	0	0	0	0	0	6
Q9H201	Q9H201	uc010wmu.2	protein_coding	0	0	0	5	0	0	0	2	3	0	0	0	0	0	0	0	0	0	0	0
Q9H211	Q9H211	uc002flu.3	protein_coding	0	4	3	6	2	0	0	2	1	3	0	0	0	0	0	0	0	0	4	1
Q9H223	Q9H223	uc001zot.3	protein_coding	0	1	0	5	1	0	0	2	1	0	0	0	0	0	0	0	0	0	1	1
Q9H239	Q9H239	uc002hjy.1	protein_coding	0	1	0	1	0	0	0	1	0	0	0	0	0	0	0	0	0	0	1	0
Q9H239-2	Q9H239-2	uc002hka.3	protein_coding	0	1	0	0	0	0	0	0	0	0	0	0	0	0	0	0	0	0	1	0
Q9H252	Q9H252	uc002jay.3	protein_coding	0	2	0	11	0	0	1	0	9	0	0	0	0	0	0	0	0	0	2	1
Q9H252-2	Q9H252-2	uc002jaz.1	protein_coding	0	2	0	11	0	0	1	0	9	0	0	0	0	0	0	0	0	0	2	1
Q9H252-3	Q9H252-3	uc002jax.1	protein_coding	0	2	0	8	0	0	1	1	5	0	0	0	0	0	0	0	0	0	2	1
Q9H267	Q9H267	uc002bqp.1	protein_coding	0	1	1	8	0	0	0	0	8	1	0	0	0	0	0	0	0	0	1	0
Q9H267	Q9H267	uc002bqq.1	protein_coding	0	1	1	8	0	0	0	0	8	1	0	0	0	0	0	0	0	0	1	0
Q9H2B2	Q9H2B2	uc002law.3	protein_coding	0	0	0	1	0	0	1	0	0	0	0	0	0	0	0	0	0	0	0	0
Q9H2C0	Q9H2C0	uc002fgo.3	protein_coding	0	0	0	10	5	0	0	0	5	0	0	0	0	0	0	0	0	0	0	0
Q9H2F3	Q9H2F3	uc002eaf.2	protein_coding	0	0	1	5	0	0	0	4	1	1	0	0	0	0	0	0	0	0	0	0
Q9H2F3	Q9H2F3	uc002eah.2	protein_coding	0	0	1	5	0	0	1	4	0	1	0	0	0	0	0	0	0	0	0	0
Q9H2F3-2	Q9H2F3-2	uc002eag.2	protein_coding	0	0	0	6	1	0	1	4	0	0	0	0	0	0	0	0	0	0	0	0
Q9H2F3-2	Q9H2F3-2	uc010cac.2	protein_coding	0	0	0	6	1	0	0	4	1	0	0	0	0	0	0	0	0	0	0	0
Q9H2F9	Q9H2F9	uc002lfs.3	protein_coding	0	0	0	10	1	0	0	0	9	0	0	0	0	0	0	0	0	0	0	0
Q9H2F9	Q9H2F9	uc002lft.3	protein_coding	0	0	0	10	1	0	0	0	9	0	0	0	0	0	0	0	0	0	0	0
Q9H2V7	Q9H2V7	uc002dsa.2	protein_coding	0	1	0	14	1	0	0	4	8	0	0	0	0	0	0	0	0	0	1	1
Q9H2V7	Q9H2V7	uc010vdi.1	protein_coding	0	1	0	14	1	0	0	4	8	0	0	0	0	0	0	0	0	0	1	1
Q9H2V7-2	Q9H2V7-2	uc002drz.2	protein_coding	0	0	0	15	1	0	0	4	9	0	0	0	0	0	0	0	0	0	0	1
Q9H2V7-3	Q9H2V7-3	uc010byp.2	protein_coding	0	0	0	15	1	0	0	4	9	0	0	0	0	0	0	0	0	0	0	1
Q9H2V7-5	Q9H2V7-5	uc002dry.2	protein_coding	0	0	0	11	2	0	0	5	3	0	0	0	0	0	0	0	0	0	0	1
Q9H2W6	Q9H2W6	uc002bmj.2	protein_coding	0	1	1	12	0	0	0	0	4	1	0	0	0	0	0	0	0	0	1	8
Q9H2Y7	Q9H2Y7	uc001zpu.3	protein_coding	0	2	0	17	1	0	0	8	8	0	0	0	0	1	0	0	0	0	1	1
Q9H2Y7	Q9H2Y7	uc001zpv.3	protein_coding	0	2	0	19	1	0	0	8	11	0	0	0	0	1	0	0	0	0	1	0
Q9H2Y7	Q9H2Y7	uc001zpw.3	protein_coding	0	2	1	18	1	0	0	8	10	1	0	0	0	1	0	0	0	0	1	0
Q9H305	Q9H305	uc002cwu.3	protein_coding	0	0	0	3	2	0	0	1	0	0	0	0	0	0	0	0	0	0	0	0
Q9H305	Q9H305	uc002cwv.3	protein_coding	0	0	0	3	2	0	0	1	0	0	0	0	0	0	0	0	0	0	0	0
Q9H305	Q9H305	uc002cww.3	protein_coding	0	0	0	3	2	0	0	1	0	0	0	0	0	0	0	0	0	0	0	0
Q9H384	Q9H384	uc002fpc.2	protein_coding	0	1	0	24	0	0	0	13	12	0	0	0	0	1	0	0	0	0	0	0
Q9H3C7	Q9H3C7	uc002hnb.3	protein_coding	0	1	0	6	0	0	2	1	3	0	0	0	0	0	0	0	0	0	1	0
Q9H3C7-3	Q9H3C7-3	uc002hna.3	protein_coding	0	0	0	6	0	0	2	2	2	0	0	0	0	0	0	0	0	0	0	0
Q9H3M1	Q9H3M1	uc010dcr.3	protein_coding	0	1	0	7	0	1	1	2	2	0	0	0	0	0	0	0	0	0	0	2
Q9H3N8	Q9H3N8	uc002kvi.3	protein_coding	0	0	0	1	0	0	0	0	1	0	0	0	0	0	0	0	0	0	0	0
Q9H3N8-2	Q9H3N8-2	uc010dlx.3	protein_coding	0	0	0	1	0	0	0	0	1	0	0	0	0	0	0	0	0	0	0	0
Q9H3Q1	Q9H3Q1	uc002jjn.3	protein_coding	0	0	0	1	1	0	0	0	0	0	0	0	0	0	0	0	0	0	0	0
Q9H3Q1	Q9H3Q1	uc002jjo.3	protein_coding	0	0	0	1	1	0	0	0	0	0	0	0	0	0	0	0	0	0	0	0
Q9H3Q1	Q9H3Q1	uc021ucn.1	protein_coding	0	0	0	1	0	0	0	1	0	0	0	0	0	0	0	0	0	0	0	0
Q9H3U1	Q9H3U1	uc002bqg.3	protein_coding	0	0	0	9	0	0	0	0	8	0	0	0	0	0	0	0	0	0	0	1
Q9H3U1-2	Q9H3U1-2	uc002bqd.3	protein_coding	0	0	0	9	0	0	0	0	9	0	0	0	0	0	0	0	0	0	0	0
Q9H3U1-3	Q9H3U1-3	uc021suj.1	protein_coding	0	0	0	4	0	0	1	0	0	0	0	0	0	0	0	0	0	0	0	3
Q9H479	Q9H479	uc010wvs.1	protein_coding	0	1	0	8	0	0	0	1	7	0	0	0	0	0	0	0	0	0	1	0
Q9H4A9	Q9H4A9	uc010cey.3	protein_coding	0	0	1	2	0	0	0	0	2	1	0	0	0	0	0	0	0	0	0	0
Q9H4L4	Q9H4L4	uc002ghm.3	protein_coding	0	0	0	2	1	0	0	0	0	0	0	0	0	0	0	0	0	0	0	1
Q9H5I5	Q9H5I5	uc002kos.2	protein_coding	0	7	1	80	0	0	0	0	81	1	0	0	0	1	0	0	0	0	6	0
Q9H5I5-3	Q9H5I5-3	uc002koq.3	protein_coding	0	1	0	13	0	0	0	0	10	0	0	0	0	1	0	0	0	0	0	4
Q9H5N1	Q9H5N1	uc002drq.3	protein_coding	0	0	0	8	0	0	0	4	4	0	0	0	0	0	0	0	0	0	0	0
Q9H5N1	Q9H5N1	uc002drr.3	protein_coding	0	0	0	4	1	0	0	1	2	0	0	0	0	0	0	0	0	0	0	0
Q9H5N1-2	Q9H5N1-2	uc010byn.3	protein_coding	0	0	0	8	0	0	0	4	4	0	0	0	0	0	0	0	0	0	0	0
Q9H5X1	Q9H5X1	uc002amt.1	protein_coding	0	1	0	6	2	0	0	0	4	0	0	0	0	0	0	0	0	0	1	0
Q9H5X1-2	Q9H5X1-2	uc002amu.1	protein_coding	0	1	0	6	2	0	0	0	4	0	0	0	0	0	0	0	0	0	1	0
Q9H5X1-2	Q9H5X1-2	uc010uin.2	protein_coding	0	1	0	6	0	0	0	3	3	0	0	0	0	0	0	0	0	0	1	0
Q9H611	Q9H611	uc002ans.2	protein_coding	0	0	1	6	0	0	0	0	6	1	0	0	0	0	0	0	0	0	0	0
Q9H611	Q9H611	uc002ant.2	protein_coding	0	0	1	6	0	0	0	0	6	1	0	0	0	0	0	0	0	0	0	0
Q9H611	Q9H611	uc010uiq.1	protein_coding	0	0	1	6	0	0	0	0	6	1	0	0	0	0	0	0	0	0	0	0
Q9H611-2	Q9H611-2	uc002anu.3	protein_coding	0	0	0	4	0	0	0	4	0	0	0	0	0	0	0	0	0	0	0	0
Q9H672	Q9H672	uc002bwk.3	protein_coding	0	0	0	6	0	0	0	1	3	0	0	0	0	0	0	0	0	0	0	2
Q9H672-2	Q9H672-2	uc002bwj.3	protein_coding	0	0	0	4	0	0	0	1	1	0	0	0	0	0	0	0	0	0	0	2
Q9H693	Q9H693	uc002fju.3	protein_coding	0	1	1	8	1	1	1	0	6	1	0	0	0	0	0	0	0	0	0	0
Q9H6J3	Q9H6J3	uc002hxw.1	protein_coding	0	0	0	7	0	0	0	5	2	0	0	0	0	0	0	0	0	0	0	0
Q9H6L2	Q9H6L2	uc002fel.4	protein_coding	0	1	0	1	0	0	1	0	0	0	0	0	0	0	0	0	0	0	1	0
Q9H6L2	Q9H6L2	uc002fem.4	protein_coding	0	1	1	0	0	0	0	0	0	1	0	0	0	0	0	0	0	0	1	0
Q9H6L4	Q9H6L4	uc002jmw.1	protein_coding	0	0	2	3	0	0	0	1	2	2	0	0	0	0	0	0	0	0	0	0
Q9H6Q4	Q9H6Q4	uc002cjp.3	protein_coding	0	0	0	4	0	0	0	0	4	0	0	0	0	0	0	0	0	0	0	0
Q9H6Q4	Q9H6Q4	uc002cjr.3	protein_coding	0	0	0	4	0	0	0	0	4	0	0	0	0	0	0	0	0	0	0	0
Q9H6R0	Q9H6R0	uc002gbz.3	protein_coding	0	2	0	4	0	0	0	0	3	0	0	0	0	0	0	0	0	0	2	1
Q9H6R0	Q9H6R0	uc002gca.3	protein_coding	0	2	0	4	0	0	0	0	4	0	0	0	0	0	0	0	0	0	2	0
Q9H6U6	Q9H6U6	uc002iyv.4	protein_coding	0	3	1	22	0	0	0	0	22	1	0	0	0	0	0	0	0	0	3	0
Q9H6U6-2	Q9H6U6-2	uc002iyu.4	protein_coding	0	2	1	23	0	0	0	0	23	1	0	0	0	0	0	0	0	0	2	0
Q9H6U6-3	Q9H6U6-3	uc002iza.4	protein_coding	0	0	0	15	0	0	0	0	15	0	0	0	0	0	0	0	0	0	0	0
Q9H6U6-6	Q9H6U6-6	uc002iyy.4	protein_coding	0	0	0	17	0	0	0	0	17	0	0	0	0	0	0	0	0	0	0	0
Q9H6U6-6	Q9H6U6-6	uc010wow.1	protein_coding	0	0	0	16	0	0	0	0	16	0	0	0	0	0	0	0	0	0	0	0
Q9H6U6-7	Q9H6U6-7	uc002iyw.4	protein_coding	0	2	1	23	0	0	0	0	23	1	0	0	0	0	0	0	0	0	2	0
Q9H6U6-8	Q9H6U6-8	uc002iyz.4	protein_coding	0	1	0	14	0	0	0	0	14	0	0	0	0	0	0	0	0	0	1	0
Q9H6Y6	Q9H6Y6	uc002lea.2	protein_coding	0	5	1	26	4	0	0	1	20	1	0	0	0	0	0	0	0	0	5	1
Q9H6Y7	Q9H6Y7	uc002fzs.3	protein_coding	0	1	0	3	1	0	0	1	1	0	0	0	0	1	0	0	0	0	0	1
Q9H6Y7	Q9H6Y7	uc002fzu.3	protein_coding	0	1	0	3	1	0	0	1	1	0	0	0	0	1	0	0	0	0	0	1
Q9H706	Q9H706	uc002kxl.3	protein_coding	0	1	0	6	0	0	0	0	6	0	0	0	0	0	0	0	0	0	1	0
Q9H706-3	Q9H706-3	uc002kxk.2	protein_coding	0	1	0	6	0	0	0	0	6	0	0	0	0	0	0	0	0	0	1	0
Q9H792	Q9H792	uc002bcn.2	protein_coding	0	0	0	1	0	0	0	0	1	0	0	0	0	0	0	0	0	0	0	0
Q9H792	Q9H792	uc021sqy.1	protein_coding	0	0	1	9	1	0	0	0	8	1	0	0	0	0	0	0	0	0	0	0
Q9H7X0	Q9H7X0	uc002cvg.2	protein_coding	0	1	0	10	0	0	0	9	1	0	0	0	0	0	0	0	0	0	1	0
Q9H7X0	Q9H7X0	uc002cvh.4	protein_coding	0	1	0	13	5	0	0	3	2	0	0	0	0	0	0	0	0	0	1	3
Q9H7X0	Q9H7X0	uc010btk.1	protein_coding	0	1	0	10	0	0	0	9	1	0	0	0	0	0	0	0	0	0	1	0
Q9H7X0	Q9H7X0	uc010btm.3	protein_coding	0	1	0	10	5	0	0	3	2	0	0	0	0	0	0	0	0	0	1	0
Q9H7X0	Q9H7X0	uc021tcf.1	protein_coding	0	1	0	10	5	0	0	3	2	0	0	0	0	0	0	0	0	0	1	0
Q9H7X0-2	Q9H7X0-2	uc010uxb.1	protein_coding	0	1	0	13	0	0	0	9	1	0	0	0	0	0	0	0	0	0	1	3
Q9H7Y8	Q9H7Y8	uc031qxy.1	protein_coding	0	3	1	2	0	0	0	1	1	1	0	0	0	0	0	0	0	0	3	0
Q9H7Z6	Q9H7Z6	uc002eay.3	protein_coding	0	2	0	8	0	0	0	2	6	0	0	0	0	0	0	0	0	0	2	0
Q9H832	Q9H832	uc002ioi.3	protein_coding	0	1	0	1	0	0	0	1	0	0	0	0	0	0	0	0	0	0	1	0
Q9H8H0	Q9H8H0	uc002jgd.1	protein_coding	0	1	0	16	0	0	0	0	16	0	0	0	0	0	0	0	0	0	1	0
Q9H8H0	Q9H8H0	uc010wql.1	protein_coding	0	1	0	16	0	0	0	0	16	0	0	0	0	0	0	0	0	0	1	0
Q9H8T0	Q9H8T0	uc002ehk.3	protein_coding	0	0	0	1	0	0	0	0	1	0	0	0	0	0	0	0	0	0	0	0
Q9H8T0	Q9H8T0	uc002ehl.3	protein_coding	0	0	0	1	0	0	0	0	1	0	0	0	0	0	0	0	0	0	0	0
Q9H8T0-2	Q9H8T0-2	uc002ehm.3	protein_coding	0	0	0	1	0	0	0	0	1	0	0	0	0	0	0	0	0	0	0	0
Q9H900	Q9H900	uc002aqa.3	protein_coding	0	0	0	24	1	0	1	1	15	0	0	0	0	0	0	0	0	0	0	6
Q9H900	Q9H900	uc002aqb.3	protein_coding	0	0	0	24	1	0	0	1	16	0	0	0	0	0	0	0	0	0	0	6
Q9H900	Q9H900	uc010bhu.1	protein_coding	0	0	0	24	0	0	1	2	15	0	0	0	0	0	0	0	0	0	0	6
Q9H900	Q9H900	uc010bhv.3	protein_coding	0	0	0	24	1	0	0	1	16	0	0	0	0	0	0	0	0	0	0	6
Q9H910	Q9H910	uc002cmg.3	protein_coding	0	0	0	3	0	0	0	0	1	0	0	0	0	0	0	0	0	0	0	2
Q9H939	Q9H939	uc002lbp.4	protein_coding	0	1	1	8	0	0	0	0	7	1	0	0	0	1	0	0	0	0	0	2
Q9H939-2	Q9H939-2	uc002lbq.4	protein_coding	0	2	0	8	0	0	0	0	7	0	0	0	0	1	0	0	0	0	1	2
Q9H967	Q9H967	uc001zti.2	protein_coding	0	0	1	0	0	0	0	0	0	1	0	0	0	0	0	0	0	0	0	0
Q9H9E3	Q9H9E3	uc002eze.3	protein_coding	0	2	1	21	1	1	4	2	15	1	0	0	0	1	0	0	0	0	0	0
Q9H9P5	Q9H9P5	uc010brn.3	protein_coding	0	1	0	26	0	0	0	2	24	0	0	0	0	0	0	0	0	0	1	0
Q9H9P5-1	Q9H9P5-1	uc002cln.3	protein_coding	0	0	0	12	1	0	0	1	9	0	0	0	0	0	0	0	0	0	0	1
Q9H9P5-2	Q9H9P5-2	uc002clp.3	protein_coding	0	0	0	12	1	0	0	1	9	0	0	0	0	0	0	0	0	0	0	1
Q9H9P5-3	Q9H9P5-3	uc002clo.3	protein_coding	0	1	0	11	1	0	0	1	8	0	0	0	0	0	0	0	0	0	1	1
Q9H9P5-5	Q9H9P5-5	uc002clq.3	protein_coding	0	0	0	14	0	0	0	5	9	0	0	0	0	0	0	0	0	0	0	0
Q9H9R9	Q9H9R9	uc002fqf.1	protein_coding	0	0	0	4	0	0	0	2	2	0	0	0	0	0	0	0	0	0	0	0
Q9H9R9-2	Q9H9R9-2	uc002fqe.1	protein_coding	0	0	0	4	0	0	0	2	2	0	0	0	0	0	0	0	0	0	0	0
Q9HA44	Q9HA44	uc002dwk.1	protein_coding	0	0	0	2	0	0	0	2	0	0	0	0	0	0	0	0	0	0	0	0
Q9HA64	Q9HA64	uc002kfu.3	protein_coding	0	2	0	9	1	0	0	0	4	0	0	0	0	0	0	0	0	0	2	4
Q9HA64	Q9HA64	uc010wvr.2	protein_coding	0	2	0	10	1	1	1	0	4	0	0	0	0	0	0	0	0	0	1	4
Q9HA92	Q9HA92	uc002iqw.1	protein_coding	0	0	2	3	0	0	0	0	3	2	0	0	0	0	0	0	0	0	0	0
Q9HAH7	Q9HAH7	uc002dzc.4	protein_coding	0	0	0	4	0	0	0	1	2	0	0	0	0	0	0	0	0	0	0	1
Q9HAH7	Q9HAH7	uc002dzd.4	protein_coding	0	0	0	3	0	0	0	1	0	0	0	0	0	0	0	0	0	0	0	2
Q9HAS0	Q9HAS0	uc002hhg.3	protein_coding	0	0	0	4	0	0	0	0	3	0	0	0	0	0	0	0	0	0	0	1
Q9HAT1	Q9HAT1	uc002ayt.1	protein_coding	0	2	1	5	0	0	0	2	4	1	0	0	0	1	0	0	0	0	1	0
Q9HAT1-3	Q9HAT1-3	uc010bke.1	protein_coding	0	2	1	5	0	0	0	2	4	1	0	0	0	1	0	0	0	0	1	0
Q9HAU4	Q9HAU4	uc002jep.1	protein_coding	0	0	0	5	1	0	0	0	4	0	0	0	0	0	0	0	0	0	0	0
Q9HAU4	Q9HAU4	uc002jeq.1	protein_coding	0	0	0	5	1	0	0	0	4	0	0	0	0	0	0	0	0	0	0	0
Q9HAU4	Q9HAU4	uc002jer.1	protein_coding	0	0	0	5	1	0	0	0	4	0	0	0	0	0	0	0	0	0	0	0
Q9HAY6	Q9HAY6	uc002fgn.1	protein_coding	0	1	1	5	0	0	0	0	5	1	0	0	0	0	0	0	0	0	1	0
Q9HB00	Q9HB00	uc002kwm.3	protein_coding	0	0	0	3	0	0	0	0	3	0	0	0	0	0	0	0	0	0	0	0
Q9HB31	Q9HB31	uc010wai.1	protein_coding	0	1	1	9	0	0	0	0	1	1	0	0	0	0	0	0	0	0	1	8
Q9HB40	Q9HB40	uc002iuv.4	protein_coding	0	0	0	9	0	0	0	0	9	0	0	0	0	0	0	0	0	0	0	0
Q9HB40	Q9HB40	uc010wnk.2	protein_coding	0	0	0	9	0	0	0	0	9	0	0	0	0	0	0	0	0	0	0	0
Q9HB65	Q9HB65	uc001zsw.1	protein_coding	0	0	1	4	1	0	0	2	1	1	0	0	0	0	0	0	0	0	0	0
Q9HB65	Q9HB65	uc001zsx.1	protein_coding	0	0	0	13	1	0	0	2	8	0	0	0	0	0	0	0	0	0	0	2
Q9HBE5	Q9HBE5	uc002doq.2	protein_coding	0	0	0	9	0	0	0	0	9	0	0	0	0	0	0	0	0	0	0	0
Q9HBE5	Q9HBE5	uc002dos.2	protein_coding	0	0	0	8	0	0	0	0	8	0	0	0	0	0	0	0	0	0	0	0
Q9HBF5	Q9HBF5	uc002bez.4	protein_coding	0	0	1	7	0	0	0	0	2	1	0	0	0	0	0	0	0	0	0	5
Q9HBF5	Q9HBF5	uc021srs.1	protein_coding	0	0	1	15	0	0	0	0	8	1	0	0	0	0	0	0	0	0	0	7
Q9HBF5	Q9HBF5	uc021srt.1	protein_coding	0	0	1	15	0	0	0	0	8	1	0	0	0	0	0	0	0	0	0	7
Q9HBL8	Q9HBL8	uc002cwm.3	protein_coding	0	1	0	10	1	0	1	0	8	0	0	0	0	0	0	0	0	0	1	0
Q9HBL8	Q9HBL8	uc002cwn.3	protein_coding	0	1	0	10	1	0	1	0	8	0	0	0	0	0	0	0	0	0	1	0
Q9HBL8	Q9HBL8	uc002cwo.3	protein_coding	0	1	0	10	1	0	1	0	8	0	0	0	0	0	0	0	0	0	1	0
Q9HBR0	Q9HBR0	uc002jzy.1	protein_coding	0	3	1	16	0	0	1	0	14	1	0	0	0	0	0	0	0	0	3	1
Q9HBR0	Q9HBR0	uc002jzz.1	protein_coding	0	3	1	17	0	0	0	0	17	1	0	0	0	0	0	0	0	0	3	0
Q9HBR0-2	Q9HBR0-2	uc002kab.3	protein_coding	0	1	2	16	0	0	0	4	12	2	0	0	0	0	0	0	0	0	1	0
Q9HBT6	Q9HBT6	uc002lif.2	protein_coding	0	2	0	5	0	0	1	0	4	0	0	0	0	0	0	0	0	0	2	0
Q9HBT6	Q9HBT6	uc010dps.1	protein_coding	0	2	0	5	0	0	1	0	4	0	0	0	0	0	0	0	0	0	2	0
Q9HBT8	Q9HBT8	uc002goz.4	protein_coding	0	1	0	5	2	0	1	0	2	0	0	0	0	0	0	0	0	0	1	0
Q9HBT8	Q9HBT8	uc002gpa.3	protein_coding	0	1	0	5	2	0	1	0	2	0	0	0	0	0	0	0	0	0	1	0
Q9HBT8	Q9HBT8	uc010cot.3	protein_coding	0	1	0	5	2	0	1	0	2	0	0	0	0	0	0	0	0	0	1	0
Q9HBT8	Q9HBT8	uc010vwa.2	protein_coding	0	1	0	5	2	0	1	0	2	0	0	0	0	0	0	0	0	0	1	0
Q9HBZ2	Q9HBZ2	uc002bfr.3	protein_coding	0	0	0	6	1	0	0	0	5	0	0	0	0	0	0	0	0	0	0	0
Q9HBZ2	Q9HBZ2	uc002bfs.3	protein_coding	0	0	0	4	1	0	0	0	3	0	0	0	0	0	0	0	0	0	0	0
Q9HBZ2	Q9HBZ2	uc010unm.2	protein_coding	0	0	0	5	1	0	0	0	3	0	0	0	0	0	0	0	0	0	0	1
Q9HC21	Q9HC21	uc002jns.4	protein_coding	0	1	0	4	1	0	1	0	2	0	0	0	0	0	0	0	0	0	1	0
Q9HC21	Q9HC21	uc002jnt.4	protein_coding	0	1	0	4	1	0	0	0	3	0	0	0	0	0	0	0	0	0	1	0
Q9HC21	Q9HC21	uc002jnu.4	protein_coding	0	1	0	4	1	0	0	0	3	0	0	0	0	0	0	0	0	0	1	0
Q9HC21	Q9HC21	uc002jnv.4	protein_coding	0	1	0	4	1	0	0	0	3	0	0	0	0	0	0	0	0	0	1	0
Q9HC21	Q9HC21	uc002jnw.4	protein_coding	0	1	0	4	1	0	0	0	3	0	0	0	0	0	0	0	0	0	1	0
Q9HC29	Q9HC29	uc002egl.1	protein_coding	0	1	2	4	0	0	1	0	2	2	0	0	0	0	0	0	0	0	1	1
Q9HC29	Q9HC29	uc002egm.1	protein_coding	0	1	2	8	0	0	1	0	6	2	0	0	0	0	0	0	0	0	1	1
Q9HC29	Q9HC29	uc010cbk.1	protein_coding	0	1	2	4	0	0	0	0	4	2	0	0	0	0	0	0	0	0	1	0
Q9HC29	Q9HC29	uc010cbl.1	protein_coding	0	1	2	3	0	0	0	1	2	2	0	0	0	0	0	0	0	0	1	0
Q9HC29	Q9HC29	uc010cbm.1	protein_coding	0	1	2	3	0	0	0	1	2	2	0	0	0	0	0	0	0	0	1	0
Q9HC29	Q9HC29	uc021tia.1	protein_coding	0	1	2	4	0	0	0	0	4	2	0	0	0	0	0	0	0	0	1	0
Q9HC36	Q9HC36	uc002frw.3	protein_coding	0	0	0	3	0	0	0	2	1	0	0	0	0	0	0	0	0	0	0	0
Q9HC38	Q9HC38	uc002frt.3	protein_coding	0	0	0	1	0	0	1	0	0	0	0	0	0	0	0	0	0	0	0	0
Q9HC38	Q9HC38	uc002frv.3	protein_coding	0	0	0	2	0	0	0	0	1	0	0	0	0	0	0	0	0	0	0	1
Q9HC38-2	Q9HC38-2	uc002fru.3	protein_coding	0	0	0	2	0	0	0	0	1	0	0	0	0	0	0	0	0	0	0	1
Q9HC52	Q9HC52	uc002jxd.2	protein_coding	0	0	1	2	0	0	0	0	0	1	0	0	0	0	0	0	0	0	0	2
Q9HC57	Q9HC57	uc002fhv.3	protein_coding	0	1	0	12	0	1	1	0	9	0	0	0	0	0	0	0	0	0	0	2
Q9HC57	Q9HC57	uc002fhw.3	protein_coding	0	1	0	12	0	1	1	0	9	0	0	0	0	0	0	0	0	0	0	2
Q9HCD6	Q9HCD6	uc002jal.4	protein_coding	0	2	1	6	0	0	0	0	7	1	0	0	0	1	0	0	0	0	1	0
Q9HCD6-2	Q9HCD6-2	uc002jao.4	protein_coding	0	0	1	1	0	0	0	0	1	1	0	0	0	0	0	0	0	0	0	0
Q9HCE0	Q9HCE0	uc002lbm.3	protein_coding	0	1	3	37	2	0	0	2	33	3	0	0	0	0	0	0	0	0	1	0
Q9HCE0	Q9HCE0	uc002lbn.2	protein_coding	0	1	3	22	0	0	0	2	19	3	0	0	0	0	0	0	0	0	1	1
Q9HCE0	Q9HCE0	uc002lbo.1	protein_coding	0	1	0	16	0	0	0	1	15	0	0	0	0	0	0	0	0	0	1	0
Q9HCE3	Q9HCE3	uc002lho.3	protein_coding	0	0	0	2	0	0	0	0	2	0	0	0	0	0	0	0	0	0	0	0
Q9HCE3	Q9HCE3	uc002lhp.3	protein_coding	0	0	0	2	0	0	0	0	2	0	0	0	0	0	0	0	0	0	0	0
Q9HCE3	Q9HCE3	uc002lhr.3	protein_coding	0	0	0	2	0	0	0	0	2	0	0	0	0	0	0	0	0	0	0	0
Q9HCE3	Q9HCE3	uc002lhs.3	protein_coding	0	0	0	2	0	0	0	0	2	0	0	0	0	0	0	0	0	0	0	0
Q9HCE3	Q9HCE3	uc010xeg.2	protein_coding	0	0	0	2	0	0	0	0	2	0	0	0	0	0	0	0	0	0	0	0
Q9HCJ0	Q9HCJ0	uc002jud.2	protein_coding	0	1	1	16	0	0	0	4	12	1	0	0	0	0	0	0	0	0	1	0
Q9HCJ6	Q9HCJ6	uc002ffg.1	protein_coding	0	2	0	9	2	0	0	0	7	0	0	0	0	0	0	0	0	0	2	0
Q9HCK3	Q9HCK3	uc002krv.3	protein_coding	0	0	3	15	0	0	1	0	12	3	0	0	0	0	0	0	0	0	0	2
Q9HCN3	Q9HCN3	uc002cgu.4	protein_coding	0	3	3	39	1	0	0	11	27	3	0	0	0	0	0	0	0	0	3	0
Q9HCN3	Q9HCN3	uc002cgv.4	protein_coding	0	1	2	43	1	1	3	11	28	2	0	0	0	0	0	0	0	0	0	0
Q9HCP0	Q9HCP0	uc002anf.3	protein_coding	0	1	0	1	0	0	0	0	1	0	0	0	0	1	0	0	0	0	1	0
Q9HCP0-2	Q9HCP0-2	uc002anj.3	protein_coding	0	1	0	1	0	0	0	0	1	0	0	0	0	1	0	0	0	0	1	0
Q9HD42	Q9HD42	uc002fnu.4	protein_coding	0	0	0	3	0	0	0	0	2	0	0	0	0	0	0	0	0	0	0	1
Q9HD47	Q9HD47	uc002gkv.3	protein_coding	0	0	0	3	0	0	0	3	0	0	0	0	0	0	0	0	0	0	0	0
Q9HD47-3	Q9HD47-3	uc002gky.3	protein_coding	0	0	0	3	0	0	0	3	0	0	0	0	0	0	0	0	0	0	0	0
Q9HD47-4	Q9HD47-4	uc002gkw.3	protein_coding	0	0	0	3	0	0	0	3	0	0	0	0	0	0	0	0	0	0	0	0
Q9NNZ6	Q9NNZ6	uc002dat.1	protein_coding	0	0	1	7	0	0	0	2	0	1	0	0	0	0	0	0	0	0	0	5
Q9NP66	Q9NP66	uc002bcr.3	protein_coding	0	0	0	4	0	0	0	0	3	0	0	0	0	0	0	0	0	0	0	1
Q9NP66	Q9NP66	uc002bcs.3	protein_coding	0	0	0	4	0	0	0	0	3	0	0	0	0	0	0	0	0	0	0	1
Q9NP66-2	Q9NP66-2	uc002bcq.1	protein_coding	0	0	0	4	0	0	0	1	2	0	0	0	0	0	0	0	0	0	0	1
Q9NP84	Q9NP84	uc002csv.4	protein_coding	0	0	0	5	0	0	0	3	1	0	0	0	0	0	0	0	0	0	0	1
Q9NP84-2	Q9NP84-2	uc002csw.4	protein_coding	0	0	0	5	0	0	0	3	1	0	0	0	0	0	0	0	0	0	0	1
Q9NPA0	Q9NPA0	uc001zhm.3	protein_coding	0	1	0	1	0	0	0	0	0	0	0	0	0	0	0	0	0	0	1	1
Q9NPA2	Q9NPA2	uc002cth.3	protein_coding	0	1	1	13	1	0	0	1	11	1	0	0	0	0	0	0	0	0	1	0
Q9NPB6	Q9NPB6	uc002ett.3	protein_coding	0	0	0	4	0	0	0	1	0	0	0	0	0	0	0	0	0	0	0	3
Q9NPB6-2	Q9NPB6-2	uc002ets.3	protein_coding	0	0	0	4	0	0	0	1	0	0	0	0	0	0	0	0	0	0	0	3
Q9NPE2	Q9NPE2	uc002bpf.1	protein_coding	0	1	1	9	0	0	0	4	4	1	0	0	0	1	0	0	0	0	0	2
Q9NPE2	Q9NPE2	uc002bpg.1	protein_coding	0	1	1	9	0	0	0	4	4	1	0	0	0	1	0	0	0	0	0	2
Q9NPE3	Q9NPE3	uc001zie.1	protein_coding	0	0	0	11	4	0	0	1	2	0	0	0	0	0	0	0	0	0	0	4
Q9NPF8	Q9NPF8	uc002hfx.3	protein_coding	0	0	0	6	0	0	0	0	6	0	0	0	0	0	0	0	0	0	0	0
Q9NPF8-2	Q9NPF8-2	uc002hfy.3	protein_coding	0	0	0	6	0	0	0	0	6	0	0	0	0	0	0	0	0	0	0	0
Q9NPG3	Q9NPG3	uc002cyb.3	protein_coding	0	1	0	20	5	0	0	7	8	0	0	0	0	0	0	0	0	0	1	0
Q9NPG3	Q9NPG3	uc002cyc.3	protein_coding	0	1	0	20	5	0	0	7	8	0	0	0	0	0	0	0	0	0	1	0
Q9NPG3-2	Q9NPG3-2	uc010uxw.2	protein_coding	0	1	0	20	5	0	0	7	8	0	0	0	0	0	0	0	0	0	1	0
Q9NPI1	Q9NPI1	uc021thx.1	protein_coding	0	1	0	5	0	0	0	1	4	0	0	0	0	0	0	0	0	0	1	0
Q9NPI1-2	Q9NPI1-2	uc002ege.2	protein_coding	0	1	0	5	0	0	0	1	4	0	0	0	0	0	0	0	0	0	1	0
Q9NPI9	Q9NPI9	uc002jin.4	protein_coding	0	1	1	4	2	0	0	0	2	1	0	0	0	0	0	0	0	0	1	0
Q9NPI9	Q9NPI9	uc002jio.4	protein_coding	0	1	1	4	2	0	0	0	2	1	0	0	0	0	0	0	0	0	1	0
Q9NPI9	Q9NPI9	uc002jip.4	protein_coding	0	1	1	4	2	0	0	0	2	1	0	0	0	0	0	0	0	0	1	0
Q9NPI9	Q9NPI9	uc002jiq.3	protein_coding	0	1	1	4	2	0	0	0	2	1	0	0	0	0	0	0	0	0	1	0
Q9NPI9	Q9NPI9	uc021uch.1	protein_coding	0	1	1	4	0	0	0	2	0	1	0	0	0	0	0	0	0	0	1	2
Q9NPI9	Q9NPI9	uc031reh.1	protein_coding	0	1	1	4	2	0	0	0	2	1	0	0	0	0	0	0	0	0	1	0
Q9NPN3	Q9NPN3	uc002azr.4	protein_coding	0	0	0	8	1	0	0	2	0	0	0	0	0	0	0	0	0	0	0	5
Q9NPR2	Q9NPR2	uc002bpa.3	protein_coding	0	3	1	21	3	0	0	8	10	1	0	0	0	0	0	0	0	0	3	0
Q9NPR2	Q9NPR2	uc010uqd.2	protein_coding	0	3	1	24	3	0	0	8	13	1	0	0	0	0	0	0	0	0	3	0
Q9NQ29	Q9NQ29	uc002cgb.1	protein_coding	0	0	0	3	0	0	0	0	3	0	0	0	0	0	0	0	0	0	0	0
Q9NQ29	Q9NQ29	uc002cgc.1	protein_coding	0	0	0	5	0	0	0	0	4	0	0	0	0	0	0	0	0	0	0	1
Q9NQ29	Q9NQ29	uc021szo.1	protein_coding	0	0	0	73	0	0	0	0	73	0	0	0	0	0	0	0	0	0	0	0
Q9NQ84	Q9NQ84	uc002jkt.3	protein_coding	0	0	0	4	0	0	0	0	4	0	0	0	0	0	0	0	0	0	0	0
Q9NQ84-2	Q9NQ84-2	uc002jkr.3	protein_coding	0	0	0	4	1	0	0	2	1	0	0	0	0	0	0	0	0	0	0	0
Q9NQ92	Q9NQ92	uc002hgp.3	protein_coding	0	0	1	3	0	0	0	0	2	1	0	0	0	0	0	0	0	0	0	1
Q9NQC7	Q9NQC7	uc002egp.1	protein_coding	0	0	0	1	0	0	0	0	1	0	0	0	0	0	0	0	0	0	0	0
Q9NQC7	Q9NQC7	uc021tib.1	protein_coding	0	0	0	1	0	0	0	0	1	0	0	0	0	0	0	0	0	0	0	0
Q9NQC7-2	Q9NQC7-2	uc002egq.1	protein_coding	0	0	0	1	0	0	0	0	1	0	0	0	0	0	0	0	0	0	0	0
Q9NQC7-2	Q9NQC7-2	uc002egr.1	protein_coding	0	0	0	1	0	0	0	0	1	0	0	0	0	0	0	0	0	0	0	0
Q9NQS1	Q9NQS1	uc001zhj.3	protein_coding	0	0	0	4	0	0	0	3	1	0	0	0	0	0	0	0	0	0	0	0
Q9NQU5	Q9NQU5	uc001zlb.3	protein_coding	0	0	0	6	0	0	0	1	5	0	0	0	0	0	0	0	0	0	0	0
Q9NQU5	Q9NQU5	uc010bbl.3	protein_coding	0	0	0	14	1	0	1	1	9	0	0	0	0	0	0	0	0	0	0	2
Q9NQU5	Q9NQU5	uc010bbm.3	protein_coding	0	0	0	14	1	0	1	1	9	0	0	0	0	0	0	0	0	0	0	2
Q9NQU5	Q9NQU5	uc010bbn.4	protein_coding	0	0	0	7	1	0	0	1	5	0	0	0	0	0	0	0	0	0	0	0
Q9NQW5	Q9NQW5	uc010cje.3	protein_coding	0	0	0	7	2	0	0	0	5	0	0	0	0	0	0	0	0	0	0	0
Q9NQW5-2	Q9NQW5-2	uc002fqo.3	protein_coding	0	0	0	5	2	0	0	0	1	0	0	0	0	0	0	0	0	0	0	2
Q9NQW5-2	Q9NQW5-2	uc010cjf.3	protein_coding	0	0	0	7	2	0	0	0	5	0	0	0	0	0	0	0	0	0	0	0
Q9NQW5-2	Q9NQW5-2	uc010cjg.1	protein_coding	0	0	0	5	0	0	0	2	1	0	0	0	0	0	0	0	0	0	0	2
Q9NQX4	Q9NQX4	uc010bff.3	protein_coding	0	5	0	24	0	0	0	0	25	0	0	0	0	1	0	0	0	0	4	0
Q9NR61	Q9NR61	uc001zng.2	protein_coding	0	0	0	3	1	0	0	0	2	0	0	0	0	0	0	0	0	0	0	0
Q9NRC8	Q9NRC8	uc002kcj.2	protein_coding	0	2	0	12	1	0	0	5	6	0	0	0	0	0	0	0	0	0	2	0
Q9NRD8	Q9NRD8	uc001zun.3	protein_coding	0	5	3	22	0	0	0	0	17	3	0	0	0	1	0	0	0	0	4	6
Q9NRD8	Q9NRD8	uc010bea.3	protein_coding	0	5	3	22	0	0	0	0	17	3	0	0	0	1	0	0	0	0	4	6
Q9NRD9	Q9NRD9	uc001zus.1	protein_coding	0	2	0	13	4	0	0	1	7	0	0	0	0	0	0	0	0	0	2	1
Q9NRD9	Q9NRD9	uc001zut.1	protein_coding	0	2	0	13	4	0	0	1	7	0	0	0	0	0	0	0	0	0	2	1
Q9NRD9	Q9NRD9	uc010bee.1	protein_coding	0	1	0	15	4	1	2	1	7	0	0	0	0	0	0	0	0	0	0	1
Q9NRF2	Q9NRF2	uc002dri.3	protein_coding	0	0	0	3	0	0	0	0	1	0	0	0	0	0	0	0	0	0	0	2
Q9NRF2	Q9NRF2	uc002drl.3	protein_coding	0	0	0	1	0	0	0	0	1	0	0	0	0	0	0	0	0	0	0	0
Q9NRF2-2	Q9NRF2-2	uc002drk.3	protein_coding	0	0	0	1	0	0	0	0	1	0	0	0	0	0	0	0	0	0	0	0
Q9NRF2-2	Q9NRF2-2	uc002drm.3	protein_coding	0	0	0	1	0	0	0	0	1	0	0	0	0	0	0	0	0	0	0	0
Q9NRF2-2	Q9NRF2-2	uc010vde.2	protein_coding	0	0	0	1	0	0	0	0	1	0	0	0	0	0	0	0	0	0	0	0
Q9NRF2-3	Q9NRF2-3	uc002drj.3	protein_coding	0	0	0	1	0	0	0	0	1	0	0	0	0	0	0	0	0	0	0	0
Q9NRH3	Q9NRH3	uc002iap.3	protein_coding	0	0	0	8	0	0	2	2	4	0	0	0	0	0	0	0	0	0	0	0
Q9NRH3	Q9NRH3	uc010wgr.2	protein_coding	0	1	0	7	0	0	0	2	5	0	0	0	0	0	0	0	0	0	1	0
Q9NRP2	Q9NRP2	uc002ffu.3	protein_coding	0	0	0	2	0	0	0	0	1	0	0	0	0	0	0	0	0	0	0	1
Q9NRY6	Q9NRY6	uc002ggm.2	protein_coding	0	1	1	5	1	0	1	3	0	1	0	0	0	0	0	0	0	0	1	0
Q9NRY6	Q9NRY6	uc002ggn.2	protein_coding	0	1	1	5	1	0	1	3	0	1	0	0	0	0	0	0	0	0	1	0
Q9NRY6	Q9NRY6	uc002ggo.2	protein_coding	0	1	1	5	1	0	1	3	0	1	0	0	0	0	0	0	0	0	1	0
Q9NRY6	Q9NRY6	uc002ggr.2	protein_coding	0	1	1	9	1	0	1	3	3	1	0	0	0	0	0	0	0	0	1	1
Q9NRY6	Q9NRY6	uc010cmg.2	protein_coding	0	1	1	9	1	0	1	3	3	1	0	0	0	0	0	0	0	0	1	1
Q9NS85	Q9NS85	uc002itw.4	protein_coding	0	0	0	13	2	0	0	0	11	0	0	0	0	0	0	0	0	0	0	0
Q9NS85	Q9NS85	uc002itx.4	protein_coding	0	0	0	13	2	0	0	0	11	0	0	0	0	0	0	0	0	0	0	0
Q9NS85	Q9NS85	uc002ity.4	protein_coding	0	0	0	13	2	0	0	0	11	0	0	0	0	0	0	0	0	0	0	0
Q9NS85	Q9NS85	uc002itz.2	protein_coding	0	0	0	13	0	0	0	3	10	0	0	0	0	0	0	0	0	0	0	0
Q9NSB8	Q9NSB8	uc002bjg.3	protein_coding	0	0	1	8	0	0	0	0	8	1	0	0	0	0	0	0	0	0	0	0
Q9NSB8-2	Q9NSB8-2	uc002bjh.3	protein_coding	0	0	1	8	0	0	0	0	8	1	0	0	0	0	0	0	0	0	0	0
Q9NSC2	Q9NSC2	uc021tie.1	protein_coding	0	1	0	3	1	0	0	0	2	0	0	0	0	0	0	0	0	0	1	0
Q9NSC7	Q9NSC7	uc002jsh.3	protein_coding	0	0	0	4	1	0	1	0	2	0	0	0	0	0	0	0	0	0	0	0
Q9NSC7	Q9NSC7	uc002jsi.3	protein_coding	0	0	0	4	1	0	1	0	2	0	0	0	0	0	0	0	0	0	0	0
Q9NSI9	Q9NSI9	uc010xal.1	protein_coding	0	4	1	3	0	0	0	1	3	1	0	0	0	1	0	0	0	0	3	0
Q9NSY2	Q9NSY2	uc002bgm.3	protein_coding	0	0	0	7	0	0	0	3	4	0	0	0	0	0	0	0	0	0	0	0
Q9NT13	Q9NT13	uc001zuu.3	protein_coding	0	0	0	3	0	0	0	0	0	0	0	0	0	0	0	0	0	0	0	3
Q9NTJ4	Q9NTJ4	uc002baf.4	protein_coding	0	1	0	5	0	0	0	1	2	0	0	0	0	0	0	0	0	0	1	2
Q9NUI1	Q9NUI1	uc002chb.3	protein_coding	0	0	0	16	0	0	0	0	7	0	0	0	0	0	0	0	0	0	0	9
Q9NUI1	Q9NUI1	uc002chc.3	protein_coding	0	1	0	16	0	1	1	0	6	0	0	0	0	0	0	0	0	0	0	9
Q9NUI1	Q9NUI1	uc002chd.3	protein_coding	0	1	0	16	0	1	1	0	6	0	0	0	0	0	0	0	0	0	0	9
Q9NUL7	Q9NUL7	uc002evh.2	protein_coding	0	0	1	0	0	0	0	0	0	1	0	0	0	0	0	0	0	0	0	0
Q9NUU7	Q9NUU7	uc002eyv.3	protein_coding	0	0	0	4	0	0	0	0	4	0	0	0	0	0	0	0	0	0	0	0
Q9NUU7	Q9NUU7	uc010cfr.3	protein_coding	0	0	0	4	0	0	0	0	4	0	0	0	0	0	0	0	0	0	0	0
Q9NUU7	Q9NUU7	uc010vma.3	protein_coding	0	0	0	4	0	0	0	0	4	0	0	0	0	0	0	0	0	0	0	0
Q9NV29	Q9NV29	uc002iuj.4	protein_coding	0	0	0	1	0	0	1	0	0	0	0	0	0	0	0	0	0	0	0	0
Q9NV29	Q9NV29	uc002iuk.4	protein_coding	0	0	0	1	0	0	1	0	0	0	0	0	0	0	0	0	0	0	0	0
Q9NV29	Q9NV29	uc021uai.1	protein_coding	0	0	0	1	0	0	0	0	0	0	0	0	0	0	0	0	0	0	0	1
Q9NV31	Q9NV31	uc002bat.2	protein_coding	0	0	0	1	1	0	0	0	0	0	0	0	0	0	0	0	0	0	0	0
Q9NV31	Q9NV31	uc010bkl.2	protein_coding	0	0	0	1	1	0	0	0	0	0	0	0	0	0	0	0	0	0	0	0
Q9NVC3	Q9NVC3	uc002eod.1	protein_coding	0	0	0	3	0	0	0	0	3	0	0	0	0	0	0	0	0	0	0	0
Q9NVC3	Q9NVC3	uc002eoe.1	protein_coding	0	0	0	3	0	0	0	1	2	0	0	0	0	0	0	0	0	0	0	0
Q9NVC3	Q9NVC3	uc010vil.1	protein_coding	0	0	0	3	0	0	0	0	3	0	0	0	0	0	0	0	0	0	0	0
Q9NVI1	Q9NVI1	uc002bnq.1	protein_coding	0	2	0	27	2	0	1	8	13	0	0	0	0	0	0	0	0	0	2	3
Q9NVI1	Q9NVI1	uc010bnp.1	protein_coding	0	2	0	38	2	0	0	8	28	0	0	0	0	0	0	0	0	0	2	0
Q9NVI1-1	Q9NVI1-1	uc002bnm.1	protein_coding	0	1	0	39	2	0	0	8	29	0	0	0	0	0	0	0	0	0	1	0
Q9NVI1-2	Q9NVI1-2	uc002bnp.1	protein_coding	0	1	0	36	2	0	0	8	22	0	0	0	0	0	0	0	0	0	1	4
Q9NVI1-4	Q9NVI1-4	uc002bno.3	protein_coding	0	0	0	10	0	0	0	2	8	0	0	0	0	0	0	0	0	0	0	0
Q9NVM4	Q9NVM4	uc002evy.2	protein_coding	0	2	0	17	0	1	1	4	11	0	0	0	0	0	0	0	0	0	1	1
Q9NVM4-2	Q9NVM4-2	uc002evz.2	protein_coding	0	1	0	15	0	0	0	4	10	0	0	0	0	0	0	0	0	0	1	1
Q9NVM4-3	Q9NVM4-3	uc010vlg.2	protein_coding	0	2	0	17	0	1	1	4	11	0	0	0	0	0	0	0	0	0	1	1
Q9NVM6	Q9NVM6	uc001zms.2	protein_coding	0	0	1	23	0	0	0	7	15	1	0	0	0	0	0	0	0	0	0	1
Q9NVR0	Q9NVR0	uc002hyf.1	protein_coding	0	1	0	6	0	0	0	0	0	0	0	0	0	0	0	0	0	0	1	6
Q9NVS9	Q9NVS9	uc002imo.3	protein_coding	0	0	0	3	0	0	0	2	1	0	0	0	0	0	0	0	0	0	0	0
Q9NVS9	Q9NVS9	uc010wla.2	protein_coding	0	0	0	3	0	0	0	2	1	0	0	0	0	0	0	0	0	0	0	0
Q9NVU0	Q9NVU0	uc002dkk.4	protein_coding	0	1	1	11	0	0	0	0	12	1	0	0	0	1	0	0	0	0	0	0
Q9NVU0-2	Q9NVU0-2	uc002dkl.4	protein_coding	0	1	1	11	0	0	0	0	12	1	0	0	0	1	0	0	0	0	0	0
Q9NVU0-3	Q9NVU0-3	uc002dkj.2	protein_coding	0	1	1	11	1	0	0	0	11	1	0	0	0	1	0	0	0	0	0	0
Q9NVX0	Q9NVX0	uc001zqe.3	protein_coding	0	0	0	3	0	0	0	0	2	0	0	0	0	0	0	0	0	0	0	1
Q9NVX0	Q9NVX0	uc001zqf.3	protein_coding	0	0	0	3	0	0	0	0	2	0	0	0	0	0	0	0	0	0	0	1
Q9NVX0-3	Q9NVX0-3	uc010udi.2	protein_coding	0	0	0	3	0	0	0	0	2	0	0	0	0	0	0	0	0	0	0	1
Q9NVX2	Q9NVX2	uc002hiy.1	protein_coding	0	2	1	2	0	0	0	0	2	1	0	0	0	0	0	0	0	0	2	0
Q9NVX2-2	Q9NVX2-2	uc002hiz.1	protein_coding	0	1	0	5	0	1	3	0	2	0	0	0	0	0	0	0	0	0	0	0
Q9NW56	Q9NW56	uc002ezn.3	protein_coding	0	2	0	28	0	1	2	3	24	0	0	0	0	1	0	0	0	0	0	0
Q9NWA0	Q9NWA0	uc002grh.1	protein_coding	0	0	0	3	0	0	0	2	0	0	0	0	0	0	0	0	0	0	0	1
Q9NWB1	Q9NWB1	uc002cys.2	protein_coding	0	0	0	63	6	0	0	0	57	0	0	0	0	0	0	0	0	0	0	0
Q9NWB1	Q9NWB1	uc002cyv.1	protein_coding	0	0	0	41	0	0	0	0	41	0	0	0	0	0	0	0	0	0	0	0
Q9NWB1	Q9NWB1	uc010buf.1	protein_coding	0	0	0	50	0	0	0	0	50	0	0	0	0	0	0	0	0	0	0	0
Q9NWB1	Q9NWB1	uc010uyb.1	protein_coding	0	0	0	42	6	0	0	0	36	0	0	0	0	0	0	0	0	0	0	0
Q9NWB1-2	Q9NWB1-2	uc002cyy.2	protein_coding	0	0	0	29	6	0	0	0	23	0	0	0	0	0	0	0	0	0	0	0
Q9NWB1-3	Q9NWB1-3	uc002cyt.2	protein_coding	0	0	0	63	6	0	0	0	57	0	0	0	0	0	0	0	0	0	0	0
Q9NWB1-4	Q9NWB1-4	uc002cyx.2	protein_coding	0	0	0	29	6	0	0	0	23	0	0	0	0	0	0	0	0	0	0	0
Q9NWB1-5	Q9NWB1-5	uc002cyw.2	protein_coding	0	0	0	29	6	0	0	0	23	0	0	0	0	0	0	0	0	0	0	0
Q9NWF4	Q9NWF4	uc002gao.4	protein_coding	0	0	2	3	1	0	1	1	0	2	0	0	0	0	0	0	0	0	0	0
Q9NWF4	Q9NWF4	uc002gap.4	protein_coding	0	0	2	3	1	0	1	1	0	2	0	0	0	0	0	0	0	0	0	0
Q9NWF4	Q9NWF4	uc010ckw.3	protein_coding	0	0	1	4	1	0	2	1	0	1	0	0	0	0	0	0	0	0	0	0
Q9NWH9	Q9NWH9	uc002afp.3	protein_coding	0	2	0	4	0	1	1	0	3	0	0	0	0	0	0	0	0	0	1	0
Q9NWH9	Q9NWH9	uc002afq.3	protein_coding	0	2	0	4	0	1	1	0	3	0	0	0	0	0	0	0	0	0	1	0
Q9NWH9	Q9NWH9	uc010bgd.3	protein_coding	0	2	0	4	0	1	1	0	3	0	0	0	0	0	0	0	0	0	1	0
Q9NWM3	Q9NWM3	uc002ivd.2	protein_coding	0	2	0	7	0	0	1	0	6	0	0	0	0	0	0	0	0	0	2	0
Q9NWM3	Q9NWM3	uc002ive.2	protein_coding	0	2	0	7	0	0	1	0	6	0	0	0	0	0	0	0	0	0	2	0
Q9NWW0	Q9NWW0	uc002csx.1	protein_coding	0	0	0	6	0	0	0	1	0	0	0	0	0	0	0	0	0	0	0	5
Q9NWW0	Q9NWW0	uc002csy.1	protein_coding	0	0	0	6	0	0	0	1	0	0	0	0	0	0	0	0	0	0	0	5
Q9NWW0-2	Q9NWW0-2	uc002csz.1	protein_coding	0	0	0	6	0	0	0	1	0	0	0	0	0	0	0	0	0	0	0	5
Q9NWW5	Q9NWW5	uc002arf.3	protein_coding	0	0	0	5	0	0	0	1	4	0	0	0	0	0	0	0	0	0	0	0
Q9NX01	Q9NX01	uc002fca.3	protein_coding	0	0	0	8	0	0	0	0	3	0	0	0	0	0	0	0	0	0	0	5
Q9NX01	Q9NX01	uc010vmn.2	protein_coding	0	0	0	9	0	0	0	0	3	0	0	0	0	0	0	0	0	0	0	6
Q9NX01	Q9NX01	uc010vmo.2	protein_coding	0	0	0	10	0	0	0	0	3	0	0	0	0	0	0	0	0	0	0	7
Q9NX55	Q9NX55	uc001ztb.3	protein_coding	0	0	1	7	0	0	1	0	6	1	0	0	0	0	0	0	0	0	0	0
Q9NX55	Q9NX55	uc001ztf.3	protein_coding	0	0	1	5	0	0	0	0	0	1	0	0	0	0	0	0	0	0	0	5
Q9NX65	Q9NX65	uc002cuy.4	protein_coding	0	0	0	5	0	0	0	0	1	0	0	0	0	0	0	0	0	0	0	4
Q9NX65	Q9NX65	uc002cuz.3	protein_coding	0	0	0	5	0	0	0	0	1	0	0	0	0	0	0	0	0	0	0	4
Q9NX65	Q9NX65	uc010uwx.2	protein_coding	0	0	0	5	0	0	0	0	1	0	0	0	0	0	0	0	0	0	0	4
Q9NX74	Q9NX74	uc002evi.4	protein_coding	0	1	0	3	0	0	1	0	3	0	0	0	0	1	0	0	0	0	0	0
Q9NX74	Q9NX74	uc002evj.4	protein_coding	0	1	0	3	0	0	1	0	3	0	0	0	0	1	0	0	0	0	0	0
Q9NXB0	Q9NXB0	uc002ivr.2	protein_coding	0	1	0	7	0	0	0	0	7	0	0	0	0	0	0	0	0	0	1	0
Q9NXB0	Q9NXB0	uc010wnq.2	protein_coding	0	1	0	7	0	0	0	0	7	0	0	0	0	0	0	0	0	0	1	0
Q9NXD2	Q9NXD2	uc001zfh.1	protein_coding	0	0	0	11	1	0	0	0	10	0	0	0	0	0	0	0	0	0	0	0
Q9NXD2	Q9NXD2	uc010azx.1	protein_coding	0	0	0	11	1	0	0	0	10	0	0	0	0	0	0	0	0	0	0	0
Q9NXD2-2	Q9NXD2-2	uc001zfj.3	protein_coding	0	0	0	10	1	0	0	4	5	0	0	0	0	0	0	0	0	0	0	0
Q9NXE8	Q9NXE8	uc002hqu.4	protein_coding	0	2	1	8	0	0	0	0	9	1	0	0	0	1	0	0	0	0	1	0
Q9NXF8	Q9NXF8	uc002fiq.2	protein_coding	0	1	0	8	5	0	0	0	3	0	0	0	0	0	0	0	0	0	1	0
Q9NXF8-2	Q9NXF8-2	uc010voi.1	protein_coding	0	1	0	8	5	0	0	0	3	0	0	0	0	0	0	0	0	0	1	0
Q9NXG2	Q9NXG2	uc002dho.3	protein_coding	0	0	0	9	1	0	1	4	3	0	0	0	0	0	0	0	0	0	0	0
Q9NXG2	Q9NXG2	uc002dhp.3	protein_coding	0	0	0	9	1	0	1	4	3	0	0	0	0	0	0	0	0	0	0	0
Q9NXG2	Q9NXG2	uc010vaz.2	protein_coding	0	0	0	9	1	0	0	4	0	0	0	0	0	0	0	0	0	0	0	4
Q9NXH3	Q9NXH3	uc001zmy.3	protein_coding	0	0	0	3	0	0	0	3	0	0	0	0	0	0	0	0	0	0	0	0
Q9NXK6	Q9NXK6	uc002arz.2	protein_coding	0	0	0	10	1	0	0	0	9	0	0	0	0	0	0	0	0	0	0	0
Q9NXK6	Q9NXK6	uc002asa.2	protein_coding	0	0	0	10	1	0	0	0	9	0	0	0	0	0	0	0	0	0	0	0
Q9NXR1	Q9NXR1	uc002ddt.1	protein_coding	0	0	0	6	0	0	0	1	5	0	0	0	0	0	0	0	0	0	0	0
Q9NXR1-2	Q9NXR1-2	uc002dds.3	protein_coding	0	0	0	23	3	0	0	0	20	0	0	0	0	0	0	0	0	0	0	0
Q9NXR1-2	Q9NXR1-2	uc010uzy.2	protein_coding	0	0	0	23	3	0	0	0	20	0	0	0	0	0	0	0	0	0	0	0
Q9NXS9	Q9NXS9	uc002ldj.3	protein_coding	0	0	0	7	0	0	0	0	7	0	0	0	0	0	0	0	0	0	0	0
Q9NXV2	Q9NXV2	uc002crd.3	protein_coding	0	1	0	13	1	0	0	1	11	0	0	0	0	0	0	0	0	0	1	0
Q9NY59	Q9NY59	uc002ewa.3	protein_coding	0	1	0	14	3	0	0	4	7	0	0	0	0	0	0	0	0	0	1	0
Q9NY61	Q9NY61	uc002hni.3	protein_coding	0	1	0	6	0	1	1	0	5	0	0	0	0	0	0	0	0	0	0	0
Q9NYA1	Q9NYA1	uc002jrf.1	protein_coding	0	0	0	4	0	0	1	0	2	0	0	0	0	0	0	0	0	0	0	1
Q9NYA1	Q9NYA1	uc002jrg.1	protein_coding	0	0	0	3	0	0	1	0	1	0	0	0	0	0	0	0	0	0	0	1
Q9NYA1	Q9NYA1	uc002jri.2	protein_coding	0	0	0	3	0	0	0	0	2	0	0	0	0	0	0	0	0	0	0	1
Q9NYA1	Q9NYA1	uc002jrk.3	protein_coding	0	0	0	2	0	0	0	0	2	0	0	0	0	0	0	0	0	0	0	0
Q9NYA1-2	Q9NYA1-2	uc002jrj.2	protein_coding	0	0	0	3	0	0	0	0	2	0	0	0	0	0	0	0	0	0	0	1
Q9NYA3	Q9NYA3	uc002axa.1	protein_coding	0	1	0	12	0	0	0	2	10	0	0	0	0	0	0	0	0	0	1	0
Q9NYA4	Q9NYA4	uc002iwj.2	protein_coding	0	0	2	5	1	0	0	0	4	2	0	0	0	0	0	0	0	0	0	0
Q9NYB0	Q9NYB0	uc002fet.2	protein_coding	0	0	1	4	0	0	1	0	2	1	0	0	0	0	0	0	0	0	0	1
Q9NYC9	Q9NYC9	uc002gne.3	protein_coding	0	5	5	36	0	0	0	0	35	5	0	0	0	0	0	0	0	0	5	1
Q9NYC9-3	Q9NYC9-3	uc002gnf.3	protein_coding	0	0	1	11	0	0	0	0	10	1	0	0	0	0	0	0	0	0	0	1
Q9NYF8	Q9NYF8	uc003qgx.1	protein_coding	1	8	11	8	3	0	5	0	2	11	0	0	1	1	0	0	0	0	7	0
Q9NYF8-2	Q9NYF8-2	uc011ede.1	protein_coding	1	8	11	8	3	0	5	0	2	11	0	0	1	1	0	0	0	0	7	0
Q9NYF8-3	Q9NYF8-3	uc003qgy.1	protein_coding	1	8	11	8	3	0	5	0	2	11	0	0	1	1	0	0	0	0	7	0
Q9NYF8-4	Q9NYF8-4	uc003qgw.1	protein_coding	1	6	8	13	3	0	5	0	6	8	0	0	1	0	0	0	0	0	6	0
Q9NYG5	Q9NYG5	uc002kbv.1	protein_coding	0	0	0	4	0	0	0	2	2	0	0	0	0	0	0	0	0	0	0	0
Q9NYG5	Q9NYG5	uc002kbw.1	protein_coding	0	0	0	4	0	0	0	2	2	0	0	0	0	0	0	0	0	0	0	0
Q9NYG5	Q9NYG5	uc002kbx.1	protein_coding	0	0	0	4	0	0	0	2	2	0	0	0	0	0	0	0	0	0	0	0
Q9NYG5	Q9NYG5	uc002kbz.1	protein_coding	0	0	0	4	0	0	0	2	2	0	0	0	0	0	0	0	0	0	0	0
Q9NYG5	Q9NYG5	uc002kca.1	protein_coding	0	0	0	4	0	0	0	2	2	0	0	0	0	0	0	0	0	0	0	0
Q9NYG5	Q9NYG5	uc002kcb.1	protein_coding	0	0	0	4	0	0	0	2	2	0	0	0	0	0	0	0	0	0	0	0
Q9NYG5	Q9NYG5	uc002kcc.1	protein_coding	0	0	0	4	0	0	0	2	2	0	0	0	0	0	0	0	0	0	0	0
Q9NYG5	Q9NYG5	uc010dih.1	protein_coding	0	0	0	4	0	0	0	2	1	0	0	0	0	0	0	0	0	0	0	1
Q9NYG5-2	Q9NYG5-2	uc002kby.1	protein_coding	0	1	0	3	0	0	0	2	1	0	0	0	0	0	0	0	0	0	1	0
Q9NYH9	Q9NYH9	uc002hgq.3	protein_coding	0	0	0	10	1	0	1	2	6	0	0	0	0	0	0	0	0	0	0	0
Q9NYH9	Q9NYH9	uc002hgr.3	protein_coding	0	0	0	12	1	0	1	2	8	0	0	0	0	0	0	0	0	0	0	0
Q9NYH9	Q9NYH9	uc010wbw.1	protein_coding	0	0	0	6	0	0	1	0	5	0	0	0	0	0	0	0	0	0	0	0
Q9NYL9	Q9NYL9	uc002abn.3	protein_coding	0	0	0	3	0	0	0	0	3	0	0	0	0	0	0	0	0	0	0	0
Q9NYN1	Q9NYN1	uc002aoi.1	protein_coding	0	1	0	3	2	0	0	1	0	0	0	0	0	0	0	0	0	0	1	0
Q9NYR9	Q9NYR9	uc002hyq.3	protein_coding	0	0	0	5	0	0	0	3	1	0	0	0	0	0	0	0	0	0	0	1
Q9NYR9	Q9NYR9	uc002hyr.3	protein_coding	0	0	0	5	0	0	0	3	1	0	0	0	0	0	0	0	0	0	0	1
Q9NYR9	Q9NYR9	uc002hys.3	protein_coding	0	0	0	5	0	0	0	3	1	0	0	0	0	0	0	0	0	0	0	1
Q9NYR9	Q9NYR9	uc002hyt.3	protein_coding	0	0	0	5	0	0	0	3	1	0	0	0	0	0	0	0	0	0	0	1
Q9NYR9-3	Q9NYR9-3	uc010wge.2	protein_coding	0	0	0	5	0	0	0	3	1	0	0	0	0	0	0	0	0	0	0	1
Q9NYV4	Q9NYV4	uc010cvv.3	protein_coding	0	2	0	5	2	0	0	0	3	0	0	0	0	0	0	0	0	0	2	0
Q9NYV4	Q9NYV4	uc010wef.1	protein_coding	0	2	0	3	0	0	0	0	3	0	0	0	0	0	0	0	0	0	2	0
Q9NYV4-2	Q9NYV4-2	uc002hrw.4	protein_coding	0	2	0	5	2	0	0	0	3	0	0	0	0	0	0	0	0	0	2	0
Q9NYV6	Q9NYV6	uc002dde.3	protein_coding	0	0	1	9	0	0	0	0	9	1	0	0	0	1	0	0	0	0	0	0
Q9NYV6	Q9NYV6	uc010uzp.2	protein_coding	0	0	1	7	0	0	0	0	7	1	0	0	0	1	0	0	0	0	0	0
Q9NYZ1	Q9NYZ1	uc002gum.2	protein_coding	0	1	1	10	1	0	0	0	4	1	0	0	0	0	0	0	0	0	1	5
Q9NZ52	Q9NZ52	uc002jni.2	protein_coding	0	0	1	17	0	0	0	4	10	1	0	0	0	1	0	0	0	0	0	3
Q9NZ52	Q9NZ52	uc010wrx.2	protein_coding	0	0	1	16	0	0	0	3	10	1	0	0	0	1	0	0	0	0	0	3
Q9NZ52-2	Q9NZ52-2	uc002jnj.2	protein_coding	0	0	1	17	0	0	0	4	10	1	0	0	0	1	0	0	0	0	0	3
Q9NZC3	Q9NZC3	uc002dgh.3	protein_coding	0	0	0	9	0	0	0	3	5	0	0	0	0	0	0	0	0	0	0	1
Q9NZC3	Q9NZC3	uc002dgi.3	protein_coding	0	0	0	9	0	0	0	3	5	0	0	0	0	0	0	0	0	0	0	1
Q9NZC7	Q9NZC7	uc002ffk.3	protein_coding	0	1	1	28	0	0	1	0	28	1	0	0	0	1	0	0	0	0	0	0
Q9NZC7	Q9NZC7	uc010vnk.2	protein_coding	0	1	1	28	0	0	1	0	28	1	0	0	0	1	0	0	0	0	0	0
Q9NZC7-3	Q9NZC7-3	uc002ffj.2	protein_coding	0	1	0	12	0	0	1	0	12	0	0	0	0	1	0	0	0	0	0	0
Q9NZC7-4	Q9NZC7-4	uc002ffi.2	protein_coding	0	0	0	3	0	0	1	2	0	0	0	0	0	0	0	0	0	0	0	0
Q9NZC7-5	Q9NZC7-5	uc002ffl.3	protein_coding	0	1	0	29	0	0	1	0	29	0	0	0	0	1	0	0	0	0	0	0
Q9NZC7-6	Q9NZC7-6	uc010che.3	protein_coding	0	0	0	30	0	0	1	0	29	0	0	0	0	0	0	0	0	0	0	0
Q9NZD4	Q9NZD4	uc002ecj.3	protein_coding	0	1	0	2	0	0	0	0	1	0	0	0	0	0	0	0	0	0	1	1
Q9NZD8	Q9NZD8	uc002aod.3	protein_coding	0	0	0	2	0	0	0	0	2	0	0	0	0	0	0	0	0	0	0	0
Q9NZD8	Q9NZD8	uc002aoe.3	protein_coding	0	0	0	2	0	0	0	0	2	0	0	0	0	0	0	0	0	0	0	0
Q9NZD8-2	Q9NZD8-2	uc010bhb.3	protein_coding	0	0	0	2	0	0	0	0	2	0	0	0	0	0	0	0	0	0	0	0
Q9NZH0	Q9NZH0	uc002dgt.3	protein_coding	0	1	0	5	0	0	0	1	4	0	0	0	0	0	0	0	0	0	1	0
Q9NZI8	Q9NZI8	uc002iom.3	protein_coding	0	0	0	8	4	0	0	0	4	0	0	0	0	0	0	0	0	0	0	0
Q9NZN9	Q9NZN9	uc002gcp.3	protein_coding	0	2	0	11	2	0	0	0	9	0	0	0	0	0	0	0	0	0	2	0
Q9NZN9	Q9NZN9	uc021toq.1	protein_coding	0	2	0	11	2	0	2	0	7	0	0	0	0	0	0	0	0	0	2	0
Q9NZN9-2	Q9NZN9-2	uc002gcq.3	protein_coding	0	2	0	11	2	0	0	0	9	0	0	0	0	0	0	0	0	0	2	0
Q9NZN9-3	Q9NZN9-3	uc002gcr.3	protein_coding	0	1	0	12	2	0	0	0	10	0	0	0	0	0	0	0	0	0	1	0
Q9NZP6	Q9NZP6	uc001ywo.3	protein_coding	0	2	3	9	8	0	0	1	0	3	0	0	0	0	0	0	0	0	2	0
Q9NZR1	Q9NZR1	uc002abk.3	protein_coding	0	0	0	3	0	0	0	0	3	0	0	0	0	0	0	0	0	0	0	0
Q9NZR1	Q9NZR1	uc010bfb.3	protein_coding	0	0	0	3	0	0	0	0	3	0	0	0	0	0	0	0	0	0	0	0
Q9NZR1-2	Q9NZR1-2	uc002abl.4	protein_coding	0	0	0	3	0	0	0	0	3	0	0	0	0	0	0	0	0	0	0	0
Q9NZV6	Q9NZV6	uc021tam.1	protein_coding	0	0	0	13	1	0	0	1	1	0	0	0	0	0	0	0	0	0	0	10
Q9P035	Q9P035	uc002apc.3	protein_coding	0	0	0	4	1	0	0	0	2	0	0	0	0	0	0	0	0	0	0	1
Q9P086	Q9P086	uc002fyp.3	protein_coding	0	0	0	2	1	0	0	1	0	0	0	0	0	0	0	0	0	0	0	0
Q9P0L0	Q9P0L0	uc002kok.3	protein_coding	0	1	0	7	1	0	0	0	6	0	0	0	0	0	0	0	0	0	1	0
Q9P0L0-2	Q9P0L0-2	uc002koj.3	protein_coding	0	2	1	5	1	0	0	0	4	1	0	0	0	0	0	0	0	0	2	0
Q9P0M4	Q9P0M4	uc002fla.3	protein_coding	0	0	0	4	0	0	0	2	2	0	0	0	0	0	0	0	0	0	0	0
Q9P0M9	Q9P0M9	uc002iqq.3	protein_coding	0	0	0	4	0	0	0	0	2	0	0	0	0	0	0	0	0	0	0	2
Q9P0U4	Q9P0U4	uc002leq.4	protein_coding	0	2	0	6	0	1	1	1	4	0	0	0	0	0	0	0	0	0	1	0
Q9P0U4	Q9P0U4	uc010doy.3	protein_coding	0	2	0	6	0	1	1	1	4	0	0	0	0	0	0	0	0	0	1	0
Q9P0U4-2	Q9P0U4-2	uc002ler.4	protein_coding	0	2	0	6	0	1	1	1	4	0	0	0	0	0	0	0	0	0	1	0
Q9P1H1	Q9P1H1	uc002bdl.3	protein_coding	0	1	0	5	1	0	0	2	0	0	0	0	0	0	0	0	0	0	1	2
Q9P1Q5	Q9P1Q5	uc010vrc.2	protein_coding	0	2	1	0	0	0	0	0	0	1	0	0	0	0	0	0	0	0	2	0
Q9P1Z0	Q9P1Z0	uc002ghc.4	protein_coding	0	0	0	2	0	0	0	2	0	0	0	0	0	0	0	0	0	0	0	0
Q9P1Z0	Q9P1Z0	uc002ghd.4	protein_coding	0	0	0	2	0	0	0	2	0	0	0	0	0	0	0	0	0	0	0	0
Q9P225	Q9P225	uc002giu.1	protein_coding	0	4	4	15	0	0	0	0	16	4	0	0	0	1	0	0	0	0	3	0
Q9P225-3	Q9P225-3	uc002git.3	protein_coding	0	0	0	6	0	0	0	0	5	0	0	0	0	0	0	0	0	0	0	1
Q9P225-3	Q9P225-3	uc010vuk.2	protein_coding	0	0	0	5	0	0	0	0	5	0	0	0	0	0	0	0	0	0	0	0
Q9P227	Q9P227	uc021twd.1	protein_coding	0	4	1	24	0	0	0	0	25	1	0	0	0	1	0	0	0	0	3	0
Q9P227-2	Q9P227-2	uc002hqc.3	protein_coding	0	3	1	22	0	0	1	0	22	1	0	0	0	1	0	0	0	0	2	0
Q9P227-2	Q9P227-2	uc021twe.1	protein_coding	0	4	1	24	0	0	0	1	24	1	0	0	0	1	0	0	0	0	3	0
Q9P253	Q9P253	uc001zne.3	protein_coding	0	0	0	4	0	0	0	0	4	0	0	0	0	0	0	0	0	0	0	0
Q9P260	Q9P260	uc002lik.1	protein_coding	0	0	1	7	0	0	0	3	4	1	0	0	0	0	0	0	0	0	0	0
Q9P260	Q9P260	uc002lil.3	protein_coding	0	0	0	14	2	0	0	0	12	0	0	0	0	0	0	0	0	0	0	0
Q9P260-2	Q9P260-2	uc002lim.3	protein_coding	0	0	0	14	2	0	0	0	12	0	0	0	0	0	0	0	0	0	0	0
Q9P260-2	Q9P260-2	uc010xel.2	protein_coding	0	0	0	14	2	0	0	0	12	0	0	0	0	0	0	0	0	0	0	0
Q9P275	Q9P275	uc002jwc.1	protein_coding	0	1	1	7	0	0	1	2	4	1	0	0	0	0	0	0	0	0	1	0
Q9P275-2	Q9P275-2	uc002jvz.1	protein_coding	0	4	1	8	0	0	0	0	8	1	0	0	0	0	0	0	0	0	4	0
Q9P275-2	Q9P275-2	uc002jwa.1	protein_coding	0	4	1	8	0	0	0	0	8	1	0	0	0	0	0	0	0	0	4	0
Q9P275-2	Q9P275-2	uc002jwb.1	protein_coding	0	1	1	5	0	0	0	2	3	1	0	0	0	0	0	0	0	0	1	0
Q9P281	Q9P281	uc002kaf.2	protein_coding	0	3	3	26	2	0	0	2	23	3	0	0	0	1	0	0	0	0	2	0
Q9P298	Q9P298	uc002ihm.4	protein_coding	0	1	0	5	0	0	0	3	2	0	0	0	0	0	0	0	0	0	1	0
Q9P298	Q9P298	uc031rau.1	protein_coding	0	1	0	5	0	0	0	3	2	0	0	0	0	0	0	0	0	0	1	0
Q9P299	Q9P299	uc002imy.3	protein_coding	0	1	0	4	0	0	0	0	4	0	0	0	0	1	0	0	0	0	0	1
Q9P2F9	Q9P2F9	uc002emx.1	protein_coding	0	1	0	0	0	0	0	0	0	0	0	0	0	0	0	0	0	0	1	0
Q9P2F9	Q9P2F9	uc021tjd.1	protein_coding	0	1	0	0	0	0	0	0	0	0	0	0	0	0	0	0	0	0	1	0
Q9P2G3	Q9P2G3	uc002kxm.1	protein_coding	0	1	0	4	0	0	0	1	3	0	0	0	0	0	0	0	0	0	1	0
Q9P2J8	Q9P2J8	uc010cpi.2	protein_coding	0	0	1	7	0	0	0	3	4	1	0	0	0	0	0	0	0	0	0	0
Q9P2J8	Q9P2J8	uc021tre.1	protein_coding	0	0	1	3	0	0	0	3	0	1	0	0	0	0	0	0	0	0	0	0
Q9P2J9	Q9P2J9	uc002eqk.2	protein_coding	0	0	0	2	2	0	0	0	0	0	0	0	0	0	0	0	0	0	0	0
Q9P2J9	Q9P2J9	uc021tjw.1	protein_coding	0	0	0	2	0	0	0	2	0	0	0	0	0	0	0	0	0	0	0	0
Q9P2K5-2	Q9P2K5-2	uc001zwj.4	protein_coding	0	0	2	4	1	0	0	0	3	2	0	0	0	0	0	0	0	0	0	0
Q9P2K5-3	Q9P2K5-3	uc001zwg.4	protein_coding	0	0	0	2	1	0	0	0	0	0	0	0	0	0	0	0	0	0	0	1
Q9P2K5-3	Q9P2K5-3	uc001zwh.4	protein_coding	0	0	1	1	1	0	0	0	0	1	0	0	0	0	0	0	0	0	0	0
Q9P2K8	Q9P2K8	uc001zkm.1	protein_coding	0	2	3	33	0	0	0	5	29	3	0	0	0	1	0	0	0	0	1	0
Q9P2K8-3	Q9P2K8-3	uc001zkl.3	protein_coding	0	1	2	12	0	0	0	8	4	2	0	0	0	0	0	0	0	0	1	0
Q9P2N2	Q9P2N2	uc010wzi.2	protein_coding	0	2	2	13	2	0	0	0	11	2	0	0	0	0	0	0	0	0	2	0
Q9P2N2-2	Q9P2N2-2	uc002knc.3	protein_coding	0	2	0	10	0	0	0	0	10	0	0	0	0	0	0	0	0	0	2	0
Q9P2N2-3	Q9P2N2-3	uc002knf.3	protein_coding	0	2	0	10	0	0	0	0	9	0	0	0	0	0	0	0	0	0	2	1
Q9P2P6	Q9P2P6	uc010udj.2	protein_coding	0	6	4	19	0	0	0	6	15	4	0	0	0	2	0	0	0	0	4	0
Q9P2R3	Q9P2R3	uc002fxq.1	protein_coding	0	3	0	22	0	0	0	4	18	0	0	0	0	0	0	0	0	0	3	0
Q9P2R3-2	Q9P2R3-2	uc002fxo.3	protein_coding	0	3	0	23	4	0	0	0	19	0	0	0	0	0	0	0	0	0	3	0
Q9P2R3-4	Q9P2R3-4	uc002fxn.3	protein_coding	0	3	1	22	4	0	0	0	18	1	0	0	0	0	0	0	0	0	3	0
Q9P2W1	Q9P2W1	uc002iai.3	protein_coding	0	0	0	8	0	0	0	4	1	0	0	0	0	0	0	0	0	0	0	3
Q9P2W1	Q9P2W1	uc002iaj.4	protein_coding	0	0	0	8	0	0	0	4	1	0	0	0	0	0	0	0	0	0	0	3
Q9P2W1-2	Q9P2W1-2	uc002iak.3	protein_coding	0	0	0	8	0	0	0	4	1	0	0	0	0	0	0	0	0	0	0	3
Q9P2W3	Q9P2W3	uc002ckh.4	protein_coding	0	1	0	25	5	0	0	14	2	0	0	0	0	0	0	0	0	0	1	4
Q9P2X3	Q9P2X3	uc002kvg.4	protein_coding	0	0	1	12	0	0	1	0	11	1	0	0	0	0	0	0	0	0	0	0
Q9P2Z0	Q9P2Z0	uc002asv.3	protein_coding	0	2	0	3	0	0	0	0	1	0	0	0	0	0	0	0	0	0	2	2
Q9UBB5	Q9UBB5	uc002lfg.2	protein_coding	0	0	0	6	2	0	0	0	4	0	0	0	0	0	0	0	0	0	0	0
Q9UBB5-3	Q9UBB5-3	uc002lfh.2	protein_coding	0	0	0	1	0	0	0	0	1	0	0	0	0	0	0	0	0	0	0	0
Q9UBD6	Q9UBD6	uc002bnz.2	protein_coding	0	0	1	15	2	0	0	1	12	1	0	0	0	0	0	0	0	0	0	0
Q9UBE8	Q9UBE8	uc010crj.3	protein_coding	0	0	0	2	0	0	0	0	2	0	0	0	0	0	0	0	0	0	0	0
Q9UBG0	Q9UBG0	uc002jad.4	protein_coding	0	2	0	23	0	0	0	0	23	0	0	0	0	0	0	0	0	0	2	0
Q9UBI4	Q9UBI4	uc002awe.4	protein_coding	0	1	0	1	0	0	0	0	1	0	0	0	0	0	0	0	0	0	1	0
Q9UBI4-2	Q9UBI4-2	uc002awh.4	protein_coding	0	1	0	1	0	0	0	0	1	0	0	0	0	0	0	0	0	0	1	0
Q9UBL6	Q9UBL6	uc002fnp.3	protein_coding	0	3	0	11	1	0	0	0	10	0	0	0	0	0	0	0	0	0	3	0
Q9UBL6-2	Q9UBL6-2	uc002fnq.3	protein_coding	0	1	0	13	1	0	0	0	12	0	0	0	0	0	0	0	0	0	1	0
Q9UBM1	Q9UBM1	uc002grj.3	protein_coding	0	0	1	7	0	0	0	0	7	1	0	0	0	0	0	0	0	0	0	0
Q9UBM1	Q9UBM1	uc002grk.3	protein_coding	0	0	1	7	0	0	0	0	7	1	0	0	0	0	0	0	0	0	0	0
Q9UBM1-2	Q9UBM1-2	uc002grl.4	protein_coding	0	0	1	7	0	0	0	0	7	1	0	0	0	0	0	0	0	0	0	0
Q9UBN1	Q9UBN1	uc002jft.2	protein_coding	0	0	0	3	1	0	0	0	2	0	0	0	0	0	0	0	0	0	0	0
Q9UBR5	Q9UBR5	uc002eow.3	protein_coding	0	0	0	3	0	0	0	1	1	0	0	0	0	0	0	0	0	0	0	1
Q9UBR5-3	Q9UBR5-3	uc002eov.3	protein_coding	0	0	0	3	0	0	0	1	1	0	0	0	0	0	0	0	0	0	0	1
Q9UBR5-4	Q9UBR5-4	uc002eot.3	protein_coding	0	0	0	3	0	0	0	1	1	0	0	0	0	0	0	0	0	0	0	1
Q9UBR5-5	Q9UBR5-5	uc002eox.2	protein_coding	0	0	0	3	0	0	0	1	1	0	0	0	0	0	0	0	0	0	0	1
Q9UBU8	Q9UBU8	uc002bel.4	protein_coding	0	0	0	8	0	0	0	0	8	0	0	0	0	0	0	0	0	0	0	0
Q9UBU8-2	Q9UBU8-2	uc002bem.4	protein_coding	0	0	0	8	0	0	0	0	8	0	0	0	0	0	0	0	0	0	0	0
Q9UBX3	Q9UBX3	uc002kbi.4	protein_coding	0	1	0	4	0	0	0	0	4	0	0	0	0	0	0	0	0	0	1	0
Q9UBX3	Q9UBX3	uc010wuu.3	protein_coding	0	1	0	4	0	0	0	0	4	0	0	0	0	0	0	0	0	0	1	0
Q9UBX3-2	Q9UBX3-2	uc010dif.4	protein_coding	0	1	0	4	0	0	0	0	4	0	0	0	0	0	0	0	0	0	1	0
Q9UBX8	Q9UBX8	uc002kwz.4	protein_coding	0	0	0	7	0	0	0	0	7	0	0	0	0	0	0	0	0	0	0	0
Q9UD71	Q9UD71	uc002hrz.3	protein_coding	0	0	0	2	1	0	0	0	1	0	0	0	0	0	0	0	0	0	0	0
Q9UDY8	Q9UDY8	uc002lhm.1	protein_coding	0	0	0	16	0	0	0	0	16	0	0	0	0	0	0	0	0	0	0	0
Q9UDY8-2	Q9UDY8-2	uc002lhn.1	protein_coding	0	0	0	16	0	0	0	0	16	0	0	0	0	0	0	0	0	0	0	0
Q9UEE9	Q9UEE9	uc002fdy.3	protein_coding	0	1	0	7	0	0	0	0	7	0	0	0	0	0	0	0	0	0	1	0
Q9UEE9	Q9UEE9	uc002fdz.3	protein_coding	0	1	0	7	0	0	0	0	7	0	0	0	0	0	0	0	0	0	1	0
Q9UEE9	Q9UEE9	uc002fea.1	protein_coding	0	0	0	6	0	0	0	0	6	0	0	0	0	0	0	0	0	0	0	0
Q9UEG4	Q9UEG4	uc002dzs.1	protein_coding	0	0	0	4	2	0	0	0	1	0	0	0	0	0	0	0	0	0	0	1
Q9UES5	Q9UES5	uc002acc.1	protein_coding	0	1	0	3	0	1	1	1	1	0	0	0	0	0	0	0	0	0	0	0
Q9UF02	Q9UF02	uc010wqi.2	protein_coding	0	0	0	7	1	0	0	0	6	0	0	0	0	0	0	0	0	0	0	0
Q9UF02	Q9UF02	uc010wqj.2	protein_coding	0	0	0	5	1	0	0	0	3	0	0	0	0	0	0	0	0	0	0	1
Q9UF94	Q9UF94	uc010cht.2	protein_coding	0	0	1	16	0	0	0	1	14	1	0	0	0	0	0	0	0	0	0	1
Q9UFH2-4	Q9UFH2-4	uc002jvv.2	protein_coding	0	1	1	18	0	0	0	5	9	1	0	0	0	0	0	0	0	0	1	4
Q9UFV1	Q9UFV1	uc002hfh.3	protein_coding	0	0	0	11	0	0	1	1	3	0	0	0	0	0	0	0	0	0	0	6
Q9UGJ1	Q9UGJ1	uc001zro.3	protein_coding	0	0	0	15	0	0	0	3	7	0	0	0	0	0	0	0	0	0	0	5
Q9UGJ1-2	Q9UGJ1-2	uc001zrn.3	protein_coding	0	0	0	15	0	0	0	3	7	0	0	0	0	0	0	0	0	0	0	5
Q9UGN4	Q9UGN4	uc002jkv.4	protein_coding	0	1	1	14	2	0	0	0	9	1	0	0	0	0	0	0	0	0	1	3
Q9UGN4-2	Q9UGN4-2	uc002jkw.4	protein_coding	0	0	0	16	2	0	0	0	11	0	0	0	0	0	0	0	0	0	0	3
Q9UGN4-3	Q9UGN4-3	uc010dfs.4	protein_coding	0	0	0	16	2	0	0	0	11	0	0	0	0	0	0	0	0	0	0	3
Q9UGN4-4	Q9UGN4-4	uc010dfr.4	protein_coding	0	0	0	16	2	0	0	0	11	0	0	0	0	0	0	0	0	0	0	3
Q9UH92	Q9UH92	uc002iag.3	protein_coding	0	0	0	6	0	0	0	1	4	0	0	0	0	0	0	0	0	0	0	1
Q9UH92-2	Q9UH92-2	uc002iah.3	protein_coding	0	0	0	6	0	0	0	1	4	0	0	0	0	0	0	0	0	0	0	1
Q9UH92-3	Q9UH92-3	uc002iaf.3	protein_coding	0	0	0	6	0	0	0	1	4	0	0	0	0	0	0	0	0	0	0	1
Q9UHA3	Q9UHA3	uc002acn.3	protein_coding	0	1	0	2	0	0	1	0	1	0	0	0	0	0	0	0	0	0	1	0
Q9UHB9	Q9UHB9	uc002jqk.2	protein_coding	0	1	0	13	1	0	0	0	11	0	0	0	0	0	0	0	0	0	1	1
Q9UHB9	Q9UHB9	uc010wsu.2	protein_coding	0	1	0	13	1	0	0	0	11	0	0	0	0	0	0	0	0	0	1	1
Q9UHD8	Q9UHD8	uc002jts.4	protein_coding	0	0	1	46	3	0	0	1	42	1	0	0	0	0	0	0	0	0	0	0
Q9UHD8	Q9UHD8	uc002jtw.3	protein_coding	0	0	1	42	3	0	0	1	36	1	0	0	0	0	0	0	0	0	0	2
Q9UHD8-2	Q9UHD8-2	uc002jtu.4	protein_coding	0	0	1	45	3	0	0	1	40	1	0	0	0	0	0	0	0	0	0	1
Q9UHD8-5	Q9UHD8-5	uc002jtv.3	protein_coding	0	0	1	42	3	0	1	1	37	1	0	0	0	0	0	0	0	0	0	0
Q9UHD8-7	Q9UHD8-7	uc010wtk.2	protein_coding	0	0	1	46	3	0	0	1	42	1	0	0	0	0	0	0	0	0	0	0
Q9UHD8-8	Q9UHD8-8	uc010dhd.3	protein_coding	0	0	1	25	3	0	0	1	20	1	0	0	0	0	0	0	0	0	0	1
Q9UHD8-9	Q9UHD8-9	uc010wtl.2	protein_coding	0	0	1	40	3	0	0	1	35	1	0	0	0	0	0	0	0	0	0	1
Q9UHN1	Q9UHN1	uc002jei.3	protein_coding	0	0	1	8	0	0	1	0	6	1	0	0	0	0	0	0	0	0	0	1
Q9UHN1	Q9UHN1	uc010deg.2	protein_coding	0	0	1	6	1	0	1	0	3	1	0	0	0	0	0	0	0	0	0	1
Q9UHQ1	Q9UHQ1	uc002kfg.4	protein_coding	0	1	0	6	0	0	0	0	6	0	0	0	0	0	0	0	0	0	1	0
Q9UHQ1-2	Q9UHQ1-2	uc010dit.3	protein_coding	0	1	0	6	0	0	0	0	6	0	0	0	0	0	0	0	0	0	1	0
Q9UHQ1-3	Q9UHQ1-3	uc002kfj.4	protein_coding	0	1	0	6	0	0	0	0	6	0	0	0	0	0	0	0	0	0	1	0
Q9UHR5	Q9UHR5	uc002jpe.3	protein_coding	0	1	0	10	0	0	0	0	10	0	0	0	0	1	0	0	0	0	0	1
Q9UHR5-2	Q9UHR5-2	uc002jpf.3	protein_coding	0	1	0	10	0	0	0	0	10	0	0	0	0	1	0	0	0	0	0	1
Q9UHV7	Q9UHV7	uc002izo.3	protein_coding	0	2	0	9	0	0	0	0	9	0	0	0	0	0	0	0	0	0	2	0
Q9UHW9	Q9UHW9	uc001zhw.3	protein_coding	0	3	0	18	4	0	1	3	9	0	0	0	0	1	0	0	0	0	3	1
Q9UHW9	Q9UHW9	uc001zib.3	protein_coding	0	3	0	22	4	0	0	3	10	0	0	0	0	1	0	0	0	0	3	5
Q9UHW9	Q9UHW9	uc001zic.3	protein_coding	0	3	0	22	4	0	0	3	10	0	0	0	0	1	0	0	0	0	3	5
Q9UHW9	Q9UHW9	uc010bau.3	protein_coding	0	3	0	23	4	0	0	3	10	0	0	0	0	1	0	0	0	0	3	6
Q9UHW9-2	Q9UHW9-2	uc001zhv.3	protein_coding	0	3	0	13	4	0	1	3	4	0	0	0	0	1	0	0	0	0	3	1
Q9UHW9-3	Q9UHW9-3	uc001zhx.3	protein_coding	0	3	0	18	4	0	1	3	9	0	0	0	0	1	0	0	0	0	3	1
Q9UIC8	Q9UIC8	uc002dnx.1	protein_coding	0	1	0	12	0	0	0	0	13	0	0	0	0	1	0	0	0	0	0	0
Q9UIC8-3	Q9UIC8-3	uc002dny.1	protein_coding	0	1	0	12	0	0	0	0	13	0	0	0	0	1	0	0	0	0	0	0
Q9UIG8	Q9UIG8	uc002bqx.2	protein_coding	0	0	1	22	2	0	0	0	20	1	0	0	0	0	0	0	0	0	0	0
Q9UIG8	Q9UIG8	uc002bqz.1	protein_coding	0	0	1	22	0	0	0	2	20	1	0	0	0	0	0	0	0	0	0	0
Q9UIG8-2	Q9UIG8-2	uc002bqy.2	protein_coding	0	0	1	27	2	0	0	2	23	1	0	0	0	0	0	0	0	0	0	0
Q9UII8	Q9UII8	uc010cfg.1	protein_coding	0	1	0	5	0	0	0	1	4	0	0	0	0	0	0	0	0	0	1	0
Q9UIK4	Q9UIK4	uc002amr.3	protein_coding	0	0	0	13	0	0	0	0	13	0	0	0	0	0	0	0	0	0	0	0
Q9UIK4	Q9UIK4	uc010bgu.1	protein_coding	0	0	0	8	0	0	0	3	5	0	0	0	0	0	0	0	0	0	0	0
Q9UIS9	Q9UIS9	uc002lei.4	protein_coding	0	0	0	8	0	0	0	0	3	0	0	0	0	0	0	0	0	0	0	5
Q9UIS9	Q9UIS9	uc010dow.2	protein_coding	0	0	0	9	0	0	0	1	3	0	0	0	0	0	0	0	0	0	0	5
Q9UIS9-2	Q9UIS9-2	uc002lel.4	protein_coding	0	0	0	8	0	0	0	0	3	0	0	0	0	0	0	0	0	0	0	5
Q9UIS9-4	Q9UIS9-4	uc002lej.4	protein_coding	0	0	0	8	0	0	0	0	3	0	0	0	0	0	0	0	0	0	0	5
Q9UIS9-5	Q9UIS9-5	uc002lek.4	protein_coding	0	0	0	8	0	0	0	0	3	0	0	0	0	0	0	0	0	0	0	5
Q9UIS9-6	Q9UIS9-6	uc002len.3	protein_coding	0	0	0	8	0	0	0	0	3	0	0	0	0	0	0	0	0	0	0	5
Q9UIS9-6	Q9UIS9-6	uc002leo.2	protein_coding	0	0	0	8	0	0	0	0	3	0	0	0	0	0	0	0	0	0	0	5
Q9UIS9-7	Q9UIS9-7	uc002leh.4	protein_coding	0	0	0	8	0	0	0	0	3	0	0	0	0	0	0	0	0	0	0	5
Q9UIS9-8	Q9UIS9-8	uc010dox.1	protein_coding	0	0	0	7	0	0	0	0	3	0	0	0	0	0	0	0	0	0	0	4
Q9UIS9-9	Q9UIS9-9	uc010xdk.2	protein_coding	0	0	0	8	0	0	0	0	3	0	0	0	0	0	0	0	0	0	0	5
Q9UIV8	Q9UIV8	uc002ljc.3	protein_coding	0	1	1	6	0	0	0	1	5	1	0	0	0	0	0	0	0	0	1	0
Q9UIV8	Q9UIV8	uc002ljd.3	protein_coding	0	1	1	6	0	0	0	1	5	1	0	0	0	0	0	0	0	0	1	0
Q9UIV8	Q9UIV8	uc010xeq.2	protein_coding	0	1	1	6	0	0	0	1	5	1	0	0	0	0	0	0	0	0	1	0
Q9UIV8	Q9UIV8	uc010xer.2	protein_coding	0	1	1	6	0	0	0	1	5	1	0	0	0	0	0	0	0	0	1	0
Q9UJ37	Q9UJ37	uc002jsg.4	protein_coding	0	0	0	16	0	0	0	8	7	0	0	0	0	0	0	0	0	0	0	1
Q9UJ96	Q9UJ96	uc010xfl.2	protein_coding	0	1	0	0	0	0	0	0	0	0	0	0	0	0	0	0	0	0	1	0
Q9UJJ7	Q9UJJ7	uc002cka.3	protein_coding	0	3	0	14	0	1	1	1	5	0	0	0	0	0	0	0	0	0	2	7
Q9UJJ7	Q9UJJ7	uc002ckb.3	protein_coding	0	2	0	14	0	0	0	1	6	0	0	0	0	0	0	0	0	0	2	7
Q9UJJ9	Q9UJJ9	uc002clm.3	protein_coding	0	0	0	8	1	0	0	2	3	0	0	0	0	0	0	0	0	0	0	2
Q9UJK0	Q9UJK0	uc002cll.3	protein_coding	0	0	0	7	0	0	0	4	0	0	0	0	0	0	0	0	0	0	0	3
Q9UJT1	Q9UJT1	uc002ixw.2	protein_coding	0	0	1	5	0	0	0	1	4	1	0	0	0	0	0	0	0	0	0	0
Q9UJT1	Q9UJT1	uc010ddg.2	protein_coding	0	0	1	5	0	0	0	1	4	1	0	0	0	0	0	0	0	0	0	0
Q9UJT1-2	Q9UJT1-2	uc002ixx.2	protein_coding	0	0	1	5	0	0	0	1	4	1	0	0	0	0	0	0	0	0	0	0
Q9UJT1-3	Q9UJT1-3	uc010ddi.2	protein_coding	0	0	0	6	0	0	0	1	5	0	0	0	0	0	0	0	0	0	0	0
Q9UJX0	Q9UJX0	uc002fha.4	protein_coding	0	4	3	5	0	0	1	0	5	3	0	0	0	1	0	0	0	0	3	0
Q9UJY4	Q9UJY4	uc002dlq.3	protein_coding	0	0	1	12	2	0	0	0	10	1	0	0	0	0	0	0	0	0	0	0
Q9UK23	Q9UK23	uc002cyg.3	protein_coding	0	1	1	8	5	0	0	1	2	1	0	0	0	0	0	0	0	0	1	0
Q9UK73	Q9UK73	uc002arg.3	protein_coding	0	2	0	0	0	0	0	0	0	0	0	0	0	0	0	0	0	0	2	0
Q9UK73	Q9UK73	uc002arh.3	protein_coding	0	2	0	0	0	0	0	0	0	0	0	0	0	0	0	0	0	0	2	0
Q9UK76	Q9UK76	uc002jna.1	protein_coding	0	0	0	4	0	0	0	1	3	0	0	0	0	0	0	0	0	0	0	0
Q9UK76-2	Q9UK76-2	uc002jnb.1	protein_coding	0	0	0	4	0	0	0	1	3	0	0	0	0	0	0	0	0	0	0	0
Q9UK79	Q9UK79	uc002hsn.1	protein_coding	0	1	0	5	1	0	0	2	1	0	0	0	0	0	0	0	0	0	1	1
Q9UKF7-2	Q9UKF7-2	uc002jgb.4	protein_coding	0	0	0	10	0	0	0	0	10	0	0	0	0	0	0	0	0	0	0	0
Q9UKJ3	Q9UKJ3	uc002igv.2	protein_coding	0	1	0	7	0	0	0	1	6	0	0	0	0	0	0	0	0	0	1	0
Q9UKJ3	Q9UKJ3	uc002igw.2	protein_coding	0	1	0	7	0	0	0	1	6	0	0	0	0	0	0	0	0	0	1	0
Q9UKJ3	Q9UKJ3	uc010wiz.2	protein_coding	0	1	0	7	0	0	0	1	6	0	0	0	0	0	0	0	0	0	1	0
Q9UKL4	Q9UKL4	uc001zis.2	protein_coding	0	0	0	1	0	0	0	0	0	0	0	0	0	0	0	0	0	0	0	1
Q9UKN7	Q9UKN7	uc021trl.1	protein_coding	0	5	3	33	1	0	1	1	28	3	0	0	0	0	0	0	0	0	5	2
Q9UKN7	Q9UKN7	uc021trm.1	protein_coding	0	5	3	30	1	0	1	1	25	3	0	0	0	0	0	0	0	0	5	2
Q9UKP4	Q9UKP4	uc002bej.4	protein_coding	0	5	1	21	0	0	0	2	19	1	0	0	0	0	0	0	0	0	5	0
Q9UKT9	Q9UKT9	uc002hsu.4	protein_coding	0	0	0	15	2	0	1	0	11	0	0	0	0	0	0	0	0	0	0	1
Q9UKT9	Q9UKT9	uc002htc.4	protein_coding	0	0	0	15	2	0	1	0	11	0	0	0	0	0	0	0	0	0	0	1
Q9UKT9	Q9UKT9	uc010wel.3	protein_coding	0	0	0	3	2	0	0	0	1	0	0	0	0	0	0	0	0	0	0	0
Q9UKT9-10	Q9UKT9-10	uc010cwd.4	protein_coding	0	0	0	15	2	0	1	0	11	0	0	0	0	0	0	0	0	0	0	1
Q9UKT9-11	Q9UKT9-11	uc010cwf.4	protein_coding	0	0	0	15	2	0	1	0	11	0	0	0	0	0	0	0	0	0	0	1
Q9UKT9-12	Q9UKT9-12	uc010cwg.4	protein_coding	0	0	0	15	2	0	1	0	11	0	0	0	0	0	0	0	0	0	0	1
Q9UKT9-13	Q9UKT9-13	uc010cwe.4	protein_coding	0	0	0	15	2	0	1	0	11	0	0	0	0	0	0	0	0	0	0	1
Q9UKT9-2	Q9UKT9-2	uc002hsx.4	protein_coding	0	0	0	15	2	0	1	0	11	0	0	0	0	0	0	0	0	0	0	1
Q9UKT9-3	Q9UKT9-3	uc002hsw.4	protein_coding	0	0	0	15	2	0	1	0	11	0	0	0	0	0	0	0	0	0	0	1
Q9UKT9-4	Q9UKT9-4	uc002hsy.4	protein_coding	0	0	0	15	2	0	1	0	11	0	0	0	0	0	0	0	0	0	0	1
Q9UKT9-5	Q9UKT9-5	uc002hsz.4	protein_coding	0	0	0	15	2	0	1	0	11	0	0	0	0	0	0	0	0	0	0	1
Q9UKT9-6	Q9UKT9-6	uc002hta.4	protein_coding	0	0	0	15	2	0	1	0	11	0	0	0	0	0	0	0	0	0	0	1
Q9UKT9-7	Q9UKT9-7	uc002htd.4	protein_coding	0	0	0	15	2	0	1	0	11	0	0	0	0	0	0	0	0	0	0	1
Q9UKT9-8	Q9UKT9-8	uc002hsv.4	protein_coding	0	0	0	15	2	0	1	0	11	0	0	0	0	0	0	0	0	0	0	1
Q9UKT9-9	Q9UKT9-9	uc010cwh.4	protein_coding	0	0	0	15	2	0	1	0	11	0	0	0	0	0	0	0	0	0	0	1
Q9UKV5	Q9UKV5	uc002eiy.4	protein_coding	0	0	0	8	2	0	0	0	6	0	0	0	0	0	0	0	0	0	0	0
Q9UKX2	Q9UKX2	uc002gmp.4	protein_coding	0	4	0	9	0	0	0	0	10	0	0	0	0	1	0	0	0	0	3	0
Q9UKX2	Q9UKX2	uc010coi.3	protein_coding	0	4	0	9	0	0	0	0	10	0	0	0	0	1	0	0	0	0	3	0
Q9UKX3	Q9UKX3	uc002gmk.1	protein_coding	0	2	3	21	0	0	0	0	21	3	0	0	0	1	0	0	0	0	2	0
Q9UKX5	Q9UKX5	uc002ari.3	protein_coding	0	6	2	22	1	0	0	0	22	2	0	0	0	1	0	0	0	0	5	0
Q9UKY3	Q9UKY3	uc002eik.3	protein_coding	0	3	4	59	1	2	11	7	39	4	0	0	0	1	0	0	0	0	0	2
Q9UKY3	Q9UKY3	uc010cce.3	protein_coding	0	1	4	60	1	1	1	7	49	4	0	0	0	0	0	0	0	0	0	2
Q9UL17	Q9UL17	uc002ilv.1	protein_coding	0	1	0	0	0	0	0	0	0	0	0	0	0	0	0	0	0	0	1	0
Q9UL33	Q9UL33	uc002fmc.3	protein_coding	0	1	0	13	1	0	0	7	5	0	0	0	0	1	0	0	0	0	0	1
Q9UL33-2	Q9UL33-2	uc002fmd.3	protein_coding	0	1	0	14	1	0	0	8	5	0	0	0	0	1	0	0	0	0	0	1
Q9UL33-2	Q9UL33-2	uc002fme.3	protein_coding	0	1	0	14	1	0	0	8	5	0	0	0	0	1	0	0	0	0	0	1
Q9UL36	Q9UL36	uc002lmi.3	protein_coding	0	4	2	19	3	0	0	0	15	2	0	0	0	0	0	0	0	0	4	1
Q9UL45	Q9UL45	uc001zvq.3	protein_coding	0	0	0	3	0	0	0	0	3	0	0	0	0	0	0	0	0	0	0	0
Q9UL54	Q9UL54	uc002dva.2	protein_coding	0	0	0	4	0	0	0	1	3	0	0	0	0	0	0	0	0	0	0	0
Q9UL54-2	Q9UL54-2	uc002dvc.2	protein_coding	0	0	0	6	0	0	0	3	3	0	0	0	0	0	0	0	0	0	0	0
Q9UL54-3	Q9UL54-3	uc002dvd.2	protein_coding	0	0	0	4	0	0	0	1	1	0	0	0	0	0	0	0	0	0	0	2
Q9ULB5	Q9ULB5	uc002ljz.3	protein_coding	0	3	0	10	0	0	0	0	10	0	0	0	0	0	0	0	0	0	3	0
Q9ULB5	Q9ULB5	uc002lkb.3	protein_coding	0	3	0	10	0	0	0	0	10	0	0	0	0	0	0	0	0	0	3	0
Q9ULG1	Q9ULG1	uc001zni.3	protein_coding	0	0	0	15	1	0	0	1	13	0	0	0	0	0	0	0	0	0	0	0
Q9ULG6	Q9ULG6	uc002acv.2	protein_coding	0	1	0	2	1	0	0	0	1	0	0	0	0	0	0	0	0	0	1	0
Q9ULG6	Q9ULG6	uc002acw.2	protein_coding	0	1	0	2	1	0	0	0	1	0	0	0	0	0	0	0	0	0	1	0
Q9ULG6	Q9ULG6	uc002acz.2	protein_coding	0	1	0	2	1	0	0	0	1	0	0	0	0	0	0	0	0	0	1	0
Q9ULG6-2	Q9ULG6-2	uc002acu.2	protein_coding	0	1	0	1	1	0	0	0	0	0	0	0	0	0	0	0	0	0	1	0
Q9ULG6-2	Q9ULG6-2	uc021smu.1	protein_coding	0	0	0	2	0	0	0	1	0	0	0	0	0	0	0	0	0	0	0	1
Q9ULG6-3	Q9ULG6-3	uc002acx.3	protein_coding	0	1	0	2	1	0	0	0	2	0	0	0	0	1	0	0	0	0	0	0
Q9ULP0	Q9ULP0	uc002eno.3	protein_coding	0	2	0	14	2	0	0	2	8	0	0	0	0	0	0	0	0	0	2	2
Q9ULP0-2	Q9ULP0-2	uc002enp.3	protein_coding	0	2	0	14	2	0	0	2	8	0	0	0	0	0	0	0	0	0	2	2
Q9ULP0-3	Q9ULP0-3	uc002enk.3	protein_coding	0	2	0	17	2	0	0	2	13	0	0	0	0	0	0	0	0	0	2	0
Q9ULP0-3	Q9ULP0-3	uc010vif.2	protein_coding	0	2	0	17	2	0	0	2	13	0	0	0	0	0	0	0	0	0	2	0
Q9ULP0-5	Q9ULP0-5	uc010cdk.3	protein_coding	0	2	0	14	2	0	0	2	8	0	0	0	0	0	0	0	0	0	2	2
Q9ULP0-6	Q9ULP0-6	uc002enm.3	protein_coding	0	2	0	17	2	0	0	2	13	0	0	0	0	0	0	0	0	0	2	0
Q9ULV0	Q9ULV0	uc002leb.2	protein_coding	0	6	3	45	4	0	0	1	40	3	0	0	0	1	0	0	0	0	6	0
Q9ULV5	Q9ULV5	uc002erl.2	protein_coding	0	0	0	2	0	0	0	1	0	0	0	0	0	0	0	0	0	0	0	1
Q9ULV5-2	Q9ULV5-2	uc002erm.2	protein_coding	0	0	0	2	0	0	0	1	0	0	0	0	0	0	0	0	0	0	0	1
Q9ULW5	Q9ULW5	uc002cou.3	protein_coding	0	0	0	4	1	0	0	1	2	0	0	0	0	0	0	0	0	0	0	0
Q9ULW5	Q9ULW5	uc010bsf.3	protein_coding	0	0	0	4	1	0	0	1	2	0	0	0	0	0	0	0	0	0	0	0
Q9ULX3	Q9ULX3	uc002exs.4	protein_coding	0	0	0	5	0	0	0	0	1	0	0	0	0	0	0	0	0	0	0	4
Q9ULX3	Q9ULX3	uc031qwt.1	protein_coding	0	0	0	5	0	0	0	0	1	0	0	0	0	0	0	0	0	0	0	4
Q9ULX5	Q9ULX5	uc010vyw.2	protein_coding	0	1	0	4	0	1	2	0	1	0	0	0	0	0	0	0	0	0	0	1
Q9ULZ0-2	Q9ULZ0-2	uc021tgy.1	protein_coding	0	0	0	5	3	0	0	0	2	0	0	0	0	0	0	0	0	0	0	0
Q9ULZ3	Q9ULZ3	uc010cak.3	protein_coding	0	0	0	1	0	0	0	0	1	0	0	0	0	0	0	0	0	0	0	0
Q9ULZ3-2	Q9ULZ3-2	uc002ebm.3	protein_coding	0	0	0	1	0	0	0	0	1	0	0	0	0	0	0	0	0	0	0	0
Q9UMR2	Q9UMR2	uc002eyo.4	protein_coding	0	2	0	9	0	0	0	0	8	0	0	0	0	0	0	0	0	0	2	1
Q9UMR2	Q9UMR2	uc002eyq.4	protein_coding	0	1	0	10	0	0	1	0	8	0	0	0	0	0	0	0	0	0	1	1
Q9UMR2	Q9UMR2	uc010vlw.3	protein_coding	0	1	0	10	0	0	1	0	9	0	0	0	0	0	0	0	0	0	1	0
Q9UMR2	Q9UMR2	uc031qwx.1	protein_coding	0	1	0	10	0	0	1	0	9	0	0	0	0	0	0	0	0	0	1	0
Q9UMR2-2	Q9UMR2-2	uc002eyp.4	protein_coding	0	1	0	10	0	0	0	0	9	0	0	0	0	0	0	0	0	0	1	1
Q9UMZ2	Q9UMZ2	uc002hoa.3	protein_coding	0	2	1	6	0	0	0	0	6	1	0	0	0	2	0	0	0	0	1	1
Q9UMZ2	Q9UMZ2	uc002hof.3	protein_coding	0	1	0	4	0	0	0	2	1	0	0	0	0	0	0	0	0	0	1	1
Q9UMZ2-3	Q9UMZ2-3	uc010wdf.2	protein_coding	0	2	1	6	0	0	0	0	6	1	0	0	0	2	0	0	0	0	1	1
Q9UMZ2-4	Q9UMZ2-4	uc002hoe.3	protein_coding	0	2	1	6	0	0	0	0	6	1	0	0	0	2	0	0	0	0	1	1
Q9UMZ2-5	Q9UMZ2-5	uc002hob.3	protein_coding	0	2	1	6	0	0	0	0	6	1	0	0	0	2	0	0	0	0	1	1
Q9UMZ2-6	Q9UMZ2-6	uc010wdg.2	protein_coding	0	2	1	6	0	0	0	0	6	1	0	0	0	2	0	0	0	0	1	1
Q9UN37	Q9UN37	uc002eww.3	protein_coding	0	0	0	1	0	0	0	0	1	0	0	0	0	0	0	0	0	0	0	0
Q9UNA4	Q9UNA4	uc002lfj.4	protein_coding	0	1	1	3	0	0	0	0	2	1	0	0	0	0	0	0	0	0	1	1
Q9UNA4	Q9UNA4	uc002lfk.4	protein_coding	0	0	1	4	0	0	1	0	2	1	0	0	0	0	0	0	0	0	0	1
Q9UND3	Q9UND3	uc002dcy.4	protein_coding	0	0	1	1	0	0	0	0	1	1	0	0	0	0	0	0	0	0	0	0
Q9UNE2	Q9UNE2	uc002fre.2	protein_coding	0	0	0	40	0	0	0	0	39	0	0	0	0	0	0	0	0	0	0	1
Q9UNE2	Q9UNE2	uc010vpy.2	protein_coding	0	0	0	39	0	0	0	0	38	0	0	0	0	0	0	0	0	0	0	1
Q9UNE2	Q9UNE2	uc021tmx.1	protein_coding	0	0	0	40	0	0	0	0	39	0	0	0	0	0	0	0	0	0	0	1
Q9UNE2-2	Q9UNE2-2	uc002frf.2	protein_coding	0	0	0	40	0	0	0	0	39	0	0	0	0	0	0	0	0	0	0	1
Q9UNE2-2	Q9UNE2-2	uc010cjl.2	protein_coding	0	0	0	40	0	0	0	0	39	0	0	0	0	0	0	0	0	0	0	1
Q9UNE7	Q9UNE7	uc002cit.3	protein_coding	0	0	0	3	0	0	0	1	2	0	0	0	0	0	0	0	0	0	0	0
Q9UNE7	Q9UNE7	uc002ciu.3	protein_coding	0	0	0	3	0	0	0	1	2	0	0	0	0	0	0	0	0	0	0	0
Q9UNK0	Q9UNK0	uc002glx.3	protein_coding	0	0	0	7	0	0	0	0	7	0	0	0	0	0	0	0	0	0	0	0
Q9UNK0	Q9UNK0	uc021tqd.1	protein_coding	0	0	0	7	0	0	0	0	7	0	0	0	0	0	0	0	0	0	0	0
Q9UNS2	Q9UNS2	uc002grd.3	protein_coding	0	0	0	9	0	0	0	2	7	0	0	0	0	0	0	0	0	0	0	0
Q9UNS2	Q9UNS2	uc010vww.2	protein_coding	0	0	0	9	0	0	0	2	7	0	0	0	0	0	0	0	0	0	0	0
Q9UP95	Q9UP95	uc002euz.2	protein_coding	0	0	0	2	0	0	0	0	2	0	0	0	0	0	0	0	0	0	0	0
Q9UP95-2	Q9UP95-2	uc002eva.2	protein_coding	0	0	0	2	0	0	0	0	2	0	0	0	0	0	0	0	0	0	0	0
Q9UPM8	Q9UPM8	uc001zyx.2	protein_coding	0	1	1	17	2	0	0	1	14	1	0	0	0	0	0	0	0	0	1	0
Q9UPM9	Q9UPM9	uc002gvk.4	protein_coding	0	0	0	3	0	0	0	0	3	0	0	0	0	0	0	0	0	0	0	0
Q9UPN4	Q9UPN4	uc002jzp.1	protein_coding	0	3	5	15	0	0	0	0	15	5	0	0	0	0	0	0	0	0	3	0
Q9UPN4-2	Q9UPN4-2	uc002jzn.1	protein_coding	0	3	5	15	0	0	0	0	15	5	0	0	0	0	0	0	0	0	3	0
Q9UPN4-3	Q9UPN4-3	uc002jzo.1	protein_coding	0	3	5	15	0	0	0	0	15	5	0	0	0	0	0	0	0	0	3	0
Q9UPT5	Q9UPT5	uc002jqs.3	protein_coding	0	4	0	14	0	0	0	2	16	0	0	0	0	4	0	0	0	0	0	0
Q9UPT5-1	Q9UPT5-1	uc002jqq.3	protein_coding	0	4	0	14	0	0	0	2	16	0	0	0	0	4	0	0	0	0	0	0
Q9UPT5-2	Q9UPT5-2	uc002jqr.3	protein_coding	0	4	0	14	0	0	0	2	16	0	0	0	0	4	0	0	0	0	0	0
Q9UPT5-4	Q9UPT5-4	uc002jqu.2	protein_coding	0	1	0	13	2	0	0	8	4	0	0	0	0	1	0	0	0	0	0	0
Q9UPT5-5	Q9UPT5-5	uc010wsx.2	protein_coding	0	4	0	14	0	0	0	2	16	0	0	0	0	4	0	0	0	0	0	0
Q9UPT5-6	Q9UPT5-6	uc010wsw.2	protein_coding	0	4	0	14	0	0	0	2	16	0	0	0	0	4	0	0	0	0	0	0
Q9UPT6	Q9UPT6	uc002cmk.3	protein_coding	0	1	1	34	2	0	0	3	29	1	0	0	0	0	0	0	0	0	1	0
Q9UPT6-2	Q9UPT6-2	uc002cmi.1	protein_coding	0	0	0	8	1	0	0	2	5	0	0	0	0	0	0	0	0	0	0	0
Q9UPT9	Q9UPT9	uc002gyl.4	protein_coding	0	0	0	25	0	0	0	9	16	0	0	0	0	0	0	0	0	0	0	0
Q9UPT9	Q9UPT9	uc002gym.4	protein_coding	0	0	0	25	0	0	0	9	16	0	0	0	0	0	0	0	0	0	0	0
Q9UPT9-2	Q9UPT9-2	uc002gyn.4	protein_coding	0	0	0	25	0	0	0	9	16	0	0	0	0	0	0	0	0	0	0	0
Q9UPU7	Q9UPU7	uc002bcy.4	protein_coding	0	0	1	3	1	0	0	0	2	1	0	0	0	0	0	0	0	0	0	0
Q9UPU7-2	Q9UPU7-2	uc010bla.3	protein_coding	0	0	1	3	1	0	0	0	2	1	0	0	0	0	0	0	0	0	0	0
Q9UPX6	Q9UPX6	uc002bew.1	protein_coding	0	2	2	2	1	0	0	0	1	2	0	0	0	0	0	0	0	0	2	0
Q9UQ03	Q9UQ03	uc002arj.4	protein_coding	0	1	0	15	2	0	0	0	14	0	0	0	0	1	0	0	0	0	0	0
Q9UQ03	Q9UQ03	uc002ark.3	protein_coding	0	1	0	9	2	0	0	0	7	0	0	0	0	1	0	0	0	0	0	1
Q9UQ05	Q9UQ05	uc002hzb.2	protein_coding	0	0	0	1	0	0	0	0	0	0	0	0	0	0	0	0	0	0	0	1
Q9UQ35	Q9UQ35	uc002crj.1	protein_coding	0	3	0	7	0	0	0	3	4	0	0	0	0	0	0	0	0	0	3	0
Q9UQ35	Q9UQ35	uc002crk.3	protein_coding	0	4	0	7	1	0	0	2	4	0	0	0	0	0	0	0	0	0	4	0
Q9UQ35	Q9UQ35	uc002crl.1	protein_coding	0	3	0	7	0	0	0	3	4	0	0	0	0	0	0	0	0	0	3	0
Q9UQ35	Q9UQ35	uc010bsu.1	protein_coding	0	3	0	7	0	0	0	3	4	0	0	0	0	0	0	0	0	0	3	0
Q9UQ90	Q9UQ90	uc002fnj.3	protein_coding	0	0	1	4	0	0	0	4	0	1	0	0	0	0	0	0	0	0	0	0
Q9UQ90-2	Q9UQ90-2	uc002fni.3	protein_coding	0	0	1	0	0	0	0	0	0	1	0	0	0	0	0	0	0	0	0	0
Q9UQB8	Q9UQB8	uc002jyz.4	protein_coding	0	0	0	20	0	0	0	2	14	0	0	0	0	0	0	0	0	0	0	4
Q9UQB8	Q9UQB8	uc002jzg.2	protein_coding	0	0	0	22	0	0	0	1	17	0	0	0	0	0	0	0	0	0	0	4
Q9UQB8-2	Q9UQB8-2	uc002jzf.2	protein_coding	0	0	0	22	0	0	0	1	17	0	0	0	0	0	0	0	0	0	0	4
Q9UQB8-4	Q9UQB8-4	uc002jza.2	protein_coding	0	0	0	20	2	0	0	0	14	0	0	0	0	0	0	0	0	0	0	4
Q9UQB8-4	Q9UQB8-4	uc002jzb.2	protein_coding	0	0	0	20	2	0	0	0	14	0	0	0	0	0	0	0	0	0	0	4
Q9UQB8-5	Q9UQB8-5	uc002jzd.2	protein_coding	0	0	0	22	0	0	0	1	17	0	0	0	0	0	0	0	0	0	0	4
Q9UQB8-6	Q9UQB8-6	uc002jzc.2	protein_coding	0	0	0	20	2	0	0	0	14	0	0	0	0	0	0	0	0	0	0	4
Q9UQL6	Q9UQL6	uc002ifd.1	protein_coding	0	2	1	8	1	0	0	2	7	1	0	0	0	2	0	0	0	0	0	0
Q9UQL6	Q9UQL6	uc002ife.1	protein_coding	0	2	1	8	1	0	0	2	7	1	0	0	0	2	0	0	0	0	0	0
Q9UQL6-2	Q9UQL6-2	uc010czp.1	protein_coding	0	2	1	8	1	0	0	2	7	1	0	0	0	2	0	0	0	0	0	0
Q9UQL6-3	Q9UQL6-3	uc002iff.1	protein_coding	0	2	1	8	1	0	0	2	7	1	0	0	0	2	0	0	0	0	0	0
Q9Y221	Q9Y221	uc002exa.3	protein_coding	0	0	0	1	0	0	0	1	0	0	0	0	0	0	0	0	0	0	0	0
Q9Y221-2	Q9Y221-2	uc002exb.3	protein_coding	0	0	0	1	0	0	0	1	0	0	0	0	0	0	0	0	0	0	0	0
Q9Y248	Q9Y248	uc002fja.3	protein_coding	0	1	0	7	1	0	1	2	3	0	0	0	0	0	0	0	0	0	1	0
Q9Y248	Q9Y248	uc002fjb.2	protein_coding	0	1	0	5	1	0	1	1	2	0	0	0	0	0	0	0	0	0	1	0
Q9Y272	Q9Y272	uc002gri.3	protein_coding	0	0	0	2	2	0	0	0	0	0	0	0	0	0	0	0	0	0	0	0
Q9Y278	Q9Y278	uc002dli.3	protein_coding	0	2	0	9	2	0	0	1	6	0	0	0	0	0	0	0	0	0	2	0
Q9Y297	Q9Y297	uc001kta.4	protein_coding	0	0	0	4	0	0	0	0	4	0	0	0	0	0	0	0	0	0	0	0
Q9Y297-2	Q9Y297-2	uc001ktb.4	protein_coding	0	0	0	4	0	0	0	0	4	0	0	0	0	0	0	0	0	0	0	0
Q9Y2B2	Q9Y2B2	uc002gpv.3	protein_coding	0	0	0	4	0	0	0	0	4	0	0	0	0	0	0	0	0	0	0	0
Q9Y2B5	Q9Y2B5	uc002fol.1	protein_coding	0	3	0	7	0	0	0	0	6	0	0	0	0	0	0	0	0	0	3	1
Q9Y2B5	Q9Y2B5	uc002fom.1	protein_coding	0	3	0	7	0	0	0	0	6	0	0	0	0	0	0	0	0	0	3	1
Q9Y2D9	Q9Y2D9	uc002iov.4	protein_coding	0	0	0	3	2	0	0	0	1	0	0	0	0	0	0	0	0	0	0	0
Q9Y2D9	Q9Y2D9	uc002iow.3	protein_coding	0	0	0	3	2	0	0	0	1	0	0	0	0	0	0	0	0	0	0	0
Q9Y2J2	Q9Y2J2	uc002kmt.1	protein_coding	0	1	1	17	2	0	0	0	15	1	0	0	0	0	0	0	0	0	1	0
Q9Y2J2-2	Q9Y2J2-2	uc002kmu.1	protein_coding	0	1	1	17	2	0	0	0	15	1	0	0	0	0	0	0	0	0	1	0
Q9Y2J2-3	Q9Y2J2-3	uc010dks.1	protein_coding	0	0	1	7	0	0	0	1	6	1	0	0	0	0	0	0	0	0	0	0
Q9Y2L5	Q9Y2L5	uc002kxb.4	protein_coding	0	2	3	12	1	0	0	0	9	3	0	0	0	1	0	0	0	0	2	2
Q9Y2M0	Q9Y2M0	uc001zfe.3	protein_coding	0	2	0	21	3	1	1	2	12	0	0	0	0	0	0	0	0	0	1	3
Q9Y2M0	Q9Y2M0	uc001zff.3	protein_coding	0	1	1	20	3	0	0	2	12	1	0	0	0	0	0	0	0	0	1	3
Q9Y2M0-2	Q9Y2M0-2	uc001zfc.3	protein_coding	0	0	1	5	0	0	0	1	1	1	0	0	0	0	0	0	0	0	0	3
Q9Y2M0-2	Q9Y2M0-2	uc001zfd.3	protein_coding	0	0	1	5	0	0	0	1	1	1	0	0	0	0	0	0	0	0	0	3
Q9Y2M0-2	Q9Y2M0-2	uc010azw.2	protein_coding	0	0	1	5	0	0	0	1	1	1	0	0	0	0	0	0	0	0	0	3
Q9Y2R0	Q9Y2R0	uc002ibl.4	protein_coding	0	0	0	4	0	0	0	4	0	0	0	0	0	0	0	0	0	0	0	0
Q9Y2R4	Q9Y2R4	uc002hoh.2	protein_coding	0	2	1	3	1	0	0	0	2	1	0	0	0	1	0	0	0	0	1	1
Q9Y2R4	Q9Y2R4	uc002hoi.2	protein_coding	0	2	1	3	1	0	0	0	2	1	0	0	0	1	0	0	0	0	1	1
Q9Y2R9	Q9Y2R9	uc002jnm.4	protein_coding	0	0	1	2	0	0	1	0	1	1	0	0	0	0	0	0	0	0	0	0
Q9Y2S7	Q9Y2S7	uc002haz.3	protein_coding	0	1	0	5	0	0	0	2	2	0	0	0	0	0	0	0	0	0	1	1
Q9Y2T7	Q9Y2T7	uc002gfq.2	protein_coding	0	0	0	2	0	0	0	1	1	0	0	0	0	0	0	0	0	0	0	0
Q9Y2V0	Q9Y2V0	uc001zje.4	protein_coding	0	0	1	21	0	0	0	0	21	1	0	0	0	0	0	0	0	0	0	0
Q9Y2V2	Q9Y2V2	uc002czh.2	protein_coding	0	1	0	2	1	0	0	0	1	0	0	0	0	0	0	0	0	0	1	0
Q9Y2V2	Q9Y2V2	uc002czi.2	protein_coding	0	1	0	2	1	0	0	0	1	0	0	0	0	0	0	0	0	0	1	0
Q9Y2V2	Q9Y2V2	uc031qux.1	protein_coding	0	1	0	2	1	0	0	0	0	0	0	0	0	0	0	0	0	0	1	1
Q9Y2V2	Q9Y2V2	uc031quy.1	protein_coding	0	1	0	2	1	0	0	0	0	0	0	0	0	0	0	0	0	0	1	1
Q9Y2V2	Q9Y2V2	uc031quz.1	protein_coding	0	1	0	2	1	0	0	0	0	0	0	0	0	0	0	0	0	0	1	1
Q9Y2V2	Q9Y2V2	uc031qva.1	protein_coding	0	1	0	2	1	0	0	0	1	0	0	0	0	0	0	0	0	0	1	0
Q9Y2V2	Q9Y2V2	uc031qvb.1	protein_coding	0	1	0	2	1	0	0	0	1	0	0	0	0	0	0	0	0	0	1	0
Q9Y2V2	Q9Y2V2	uc031qvc.1	protein_coding	0	1	0	2	1	0	0	0	1	0	0	0	0	0	0	0	0	0	1	0
Q9Y2V2	Q9Y2V2	uc031qvd.1	protein_coding	0	1	0	2	1	0	0	0	1	0	0	0	0	0	0	0	0	0	1	0
Q9Y2X7	Q9Y2X7	uc002hef.2	protein_coding	0	0	0	8	0	0	0	2	6	0	0	0	0	0	0	0	0	0	0	0
Q9Y2X7-3	Q9Y2X7-3	uc002heg.2	protein_coding	0	0	0	8	0	0	0	2	6	0	0	0	0	0	0	0	0	0	0	0
Q9Y2X7-3	Q9Y2X7-3	uc010wbg.1	protein_coding	0	0	0	8	0	0	0	2	6	0	0	0	0	0	0	0	0	0	0	0
Q9Y2Y0	Q9Y2Y0	uc002elf.1	protein_coding	0	0	0	2	0	0	0	1	1	0	0	0	0	0	0	0	0	0	0	0
Q9Y2Y1	Q9Y2Y1	uc002cfi.2	protein_coding	0	0	1	12	1	0	0	0	4	1	0	0	0	0	0	0	0	0	0	7
Q9Y2Y6	Q9Y2Y6	uc002hhq.3	protein_coding	0	0	0	4	2	0	0	0	2	0	0	0	0	0	0	0	0	0	0	0
Q9Y2Y6	Q9Y2Y6	uc002hhr.3	protein_coding	0	0	0	4	2	0	0	0	2	0	0	0	0	0	0	0	0	0	0	0
Q9Y2Y9	Q9Y2Y9	uc001zfo.3	protein_coding	0	0	0	3	2	0	0	1	0	0	0	0	0	0	0	0	0	0	0	0
Q9Y303	Q9Y303	uc002cqq.3	protein_coding	0	0	0	1	0	0	0	1	0	0	0	0	0	0	0	0	0	0	0	0
Q9Y303-2	Q9Y303-2	uc002cqp.3	protein_coding	0	0	0	1	0	0	0	1	0	0	0	0	0	0	0	0	0	0	0	0
Q9Y303-3	Q9Y303-3	uc010uwc.2	protein_coding	0	0	0	1	0	0	0	1	0	0	0	0	0	0	0	0	0	0	0	0
Q9Y303-3	Q9Y303-3	uc010uwd.2	protein_coding	0	0	0	1	0	0	0	1	0	0	0	0	0	0	0	0	0	0	0	0
Q9Y342	Q9Y342	uc002elg.2	protein_coding	0	0	0	3	1	0	0	0	0	0	0	0	0	0	0	0	0	0	0	2
Q9Y375	Q9Y375	uc001znx.3	protein_coding	0	1	0	0	0	0	0	0	0	0	0	0	0	0	0	0	0	0	1	0
Q9Y3C7	Q9Y3C7	uc002gdg.4	protein_coding	0	0	0	18	1	0	0	8	6	0	0	0	0	0	0	0	0	0	0	3
Q9Y3D7	Q9Y3D7	uc002cwd.3	protein_coding	0	0	0	11	0	0	0	4	6	0	0	0	0	0	0	0	0	0	0	1
Q9Y3D9	Q9Y3D9	uc002ivc.3	protein_coding	0	0	0	2	0	0	1	0	1	0	0	0	0	0	0	0	0	0	0	0
Q9Y3E1	Q9Y3E1	uc002bjs.2	protein_coding	0	0	0	2	0	0	0	0	2	0	0	0	0	0	0	0	0	0	0	0
Q9Y3E5	Q9Y3E5	uc002ixt.3	protein_coding	0	0	0	1	0	0	0	0	0	0	0	0	0	0	0	0	0	0	0	1
Q9Y3Q3	Q9Y3Q3	uc002beu.3	protein_coding	0	2	0	6	0	0	0	0	6	0	0	0	0	0	0	0	0	0	2	0
Q9Y3Q3-2	Q9Y3Q3-2	uc010unj.1	protein_coding	0	1	0	9	0	0	0	0	9	0	0	0	0	0	0	0	0	0	1	0
Q9Y3Q4	Q9Y3Q4	uc002avp.3	protein_coding	0	1	0	5	1	0	0	0	4	0	0	0	0	0	0	0	0	0	1	0
Q9Y3Y4	Q9Y3Y4	uc002adf.1	protein_coding	0	0	0	4	0	0	0	0	3	0	0	0	0	0	0	0	0	0	0	1
Q9Y448	Q9Y448	uc001zll.3	protein_coding	0	0	0	2	1	0	0	0	1	0	0	0	0	0	0	0	0	0	0	0
Q9Y448-2	Q9Y448-2	uc010ucp.2	protein_coding	0	0	0	2	1	0	0	0	1	0	0	0	0	0	0	0	0	0	0	0
Q9Y448-3	Q9Y448-3	uc001zlo.3	protein_coding	0	0	0	2	1	0	0	0	1	0	0	0	0	0	0	0	0	0	0	0
Q9Y4B5	Q9Y4B5	uc002knq.2	protein_coding	0	4	1	28	2	0	0	0	26	1	0	0	0	0	0	0	0	0	4	0
Q9Y4B5-3	Q9Y4B5-3	uc002knr.2	protein_coding	0	4	1	26	2	0	0	0	24	1	0	0	0	0	0	0	0	0	4	0
Q9Y4B5-4	Q9Y4B5-4	uc002kns.2	protein_coding	1	3	1	21	1	0	0	0	17	1	0	1	0	0	0	0	0	0	3	4
Q9Y4E6	Q9Y4E6	uc002lgk.1	protein_coding	0	3	0	26	4	0	0	0	23	0	0	0	0	1	0	0	0	0	2	0
Q9Y4E6-2	Q9Y4E6-2	uc002lgl.1	protein_coding	0	3	0	26	4	0	0	0	23	0	0	0	0	1	0	0	0	0	2	0
Q9Y4F3	Q9Y4F3	uc002ddr.3	protein_coding	0	1	0	13	0	0	0	1	13	0	0	0	0	1	0	0	0	0	0	0
Q9Y4F3-4	Q9Y4F3-4	uc010uzv.2	protein_coding	0	1	0	13	0	0	0	1	13	0	0	0	0	1	0	0	0	0	0	0
Q9Y4F3-5	Q9Y4F3-5	uc010uzw.2	protein_coding	0	1	0	13	0	0	0	1	13	0	0	0	0	1	0	0	0	0	0	0
Q9Y4F3-6	Q9Y4F3-6	uc010uzx.2	protein_coding	0	0	0	3	0	0	0	3	0	0	0	0	0	0	0	0	0	0	0	0
Q9Y4G2	Q9Y4G2	uc002ija.3	protein_coding	0	0	0	6	1	0	0	1	4	0	0	0	0	0	0	0	0	0	0	0
Q9Y4G6	Q9Y4G6	uc002alb.4	protein_coding	0	5	0	38	2	0	0	0	37	0	0	0	0	2	0	0	0	0	3	1
Q9Y4I1-2	Q9Y4I1-2	uc010uge.1	protein_coding	0	2	1	19	0	0	0	0	19	1	0	0	0	0	0	0	0	0	2	0
Q9Y4J8	Q9Y4J8	uc010dmn.1	protein_coding	0	1	0	23	2	0	0	0	22	0	0	0	0	1	0	0	0	0	0	0
Q9Y4J8-10	Q9Y4J8-10	uc010xca.2	protein_coding	0	1	0	18	2	0	0	0	17	0	0	0	0	1	0	0	0	0	0	0
Q9Y4J8-2	Q9Y4J8-2	uc002kxw.2	protein_coding	0	1	0	23	2	0	0	0	22	0	0	0	0	1	0	0	0	0	0	0
Q9Y4J8-3	Q9Y4J8-3	uc010dmm.3	protein_coding	0	0	0	16	2	0	0	0	14	0	0	0	0	0	0	0	0	0	0	0
Q9Y4J8-4	Q9Y4J8-4	uc002kyb.4	protein_coding	0	0	0	16	2	0	0	0	14	0	0	0	0	0	0	0	0	0	0	0
Q9Y4J8-5	Q9Y4J8-5	uc002kxv.4	protein_coding	0	0	0	16	2	0	0	0	14	0	0	0	0	0	0	0	0	0	0	0
Q9Y4J8-6	Q9Y4J8-6	uc002kye.3	protein_coding	0	1	0	18	2	0	0	0	17	0	0	0	0	1	0	0	0	0	0	0
Q9Y4J8-7	Q9Y4J8-7	uc002kxu.2	protein_coding	0	0	0	9	0	0	0	0	9	0	0	0	0	0	0	0	0	0	0	0
Q9Y4J8-8	Q9Y4J8-8	uc002kyd.4	protein_coding	0	0	0	11	2	0	0	0	9	0	0	0	0	0	0	0	0	0	0	0
Q9Y4J8-8	Q9Y4J8-8	uc010dmo.3	protein_coding	0	0	0	11	2	0	0	0	9	0	0	0	0	0	0	0	0	0	0	0
Q9Y4J8-9	Q9Y4J8-9	uc002kxx.2	protein_coding	0	0	0	9	0	0	0	0	9	0	0	0	0	0	0	0	0	0	0	0
Q9Y4L6	Q9Y4L6	uc002fzy.3	protein_coding	0	1	0	2	1	0	0	1	1	0	0	0	0	1	0	0	0	0	0	0
Q9Y4R8	Q9Y4R8	uc002cly.3	protein_coding	0	2	3	17	1	0	0	2	12	3	0	0	0	0	0	0	0	0	2	2
Q9Y4R8	Q9Y4R8	uc010uvg.1	protein_coding	0	1	2	9	0	0	0	3	4	2	0	0	0	0	0	0	0	0	1	2
Q9Y4W6	Q9Y4W6	uc002kqz.2	protein_coding	0	3	0	5	3	0	0	1	2	0	0	0	0	1	0	0	0	0	2	0
Q9Y4X5	Q9Y4X5	uc002aut.4	protein_coding	0	0	0	1	1	0	0	0	0	0	0	0	0	0	0	0	0	0	0	0
Q9Y584	Q9Y584	uc002fsc.3	protein_coding	0	0	0	11	1	0	0	7	3	0	0	0	0	0	0	0	0	0	0	0
Q9Y585	Q9Y585	uc002fvd.1	protein_coding	0	1	0	0	0	0	0	0	0	0	0	0	0	0	0	0	0	0	1	0
Q9Y5B0	Q9Y5B0	uc002lnh.2	protein_coding	0	3	1	12	1	0	0	1	10	1	0	0	0	1	0	0	0	0	3	0
Q9Y5B0	Q9Y5B0	uc010drd.2	protein_coding	0	2	1	13	2	0	0	1	10	1	0	0	0	1	0	0	0	0	2	0
Q9Y5B0-4	Q9Y5B0-4	uc002lni.2	protein_coding	0	2	1	13	2	0	0	1	10	1	0	0	0	1	0	0	0	0	2	0
Q9Y5J1	Q9Y5J1	uc002its.3	protein_coding	0	0	0	5	0	0	0	0	5	0	0	0	0	0	0	0	0	0	0	0
Q9Y5M1	Q9Y5M1	uc010wiq.1	protein_coding	0	0	0	2	0	0	0	1	0	0	0	0	0	0	0	0	0	0	0	1
Q9Y5N6	Q9Y5N6	uc002eeg.1	protein_coding	0	0	0	3	0	0	1	0	1	0	0	0	0	0	0	0	0	0	0	1
Q9Y5N6	Q9Y5N6	uc002eeh.3	protein_coding	0	0	0	3	0	0	1	0	1	0	0	0	0	0	0	0	0	0	0	1
Q9Y5N6	Q9Y5N6	uc010cbe.2	protein_coding	0	0	0	3	0	0	1	0	1	0	0	0	0	0	0	0	0	0	0	1
Q9Y5N6	Q9Y5N6	uc021thp.1	protein_coding	0	0	0	3	0	0	1	0	1	0	0	0	0	0	0	0	0	0	0	1
Q9Y5S1	Q9Y5S1	uc002gpy.3	protein_coding	0	4	0	17	1	0	0	5	11	0	0	0	0	1	0	0	0	0	3	0
Q9Y5U9	Q9Y5U9	uc002lcu.3	protein_coding	0	1	0	2	0	1	1	0	1	0	0	0	0	0	0	0	0	0	0	0
Q9Y5W9	Q9Y5W9	uc002inf.1	protein_coding	0	0	0	3	1	0	0	0	2	0	0	0	0	0	0	0	0	0	0	0
Q9Y5W9	Q9Y5W9	uc002ing.1	protein_coding	0	0	0	3	1	0	0	0	2	0	0	0	0	0	0	0	0	0	0	0
Q9Y5W9	Q9Y5W9	uc002inh.1	protein_coding	0	0	0	3	1	0	0	0	2	0	0	0	0	0	0	0	0	0	0	0
Q9Y5X4	Q9Y5X4	uc002ati.3	protein_coding	0	0	1	1	0	0	0	0	1	1	0	0	0	0	0	0	0	0	0	0
Q9Y5X9	Q9Y5X9	uc002ldv.3	protein_coding	0	2	0	12	0	0	0	0	11	0	0	0	0	0	0	0	0	0	2	1
Q9Y5X9-2	Q9Y5X9-2	uc002ldu.1	protein_coding	0	2	0	10	0	0	0	2	7	0	0	0	0	0	0	0	0	0	2	1
Q9Y5Y2	Q9Y5Y2	uc002cmw.4	protein_coding	0	2	0	20	1	0	0	8	7	0	0	0	0	0	0	0	0	0	2	4
Q9Y613	Q9Y613	uc002esl.3	protein_coding	0	2	0	6	0	0	0	1	5	0	0	0	0	0	0	0	0	0	2	0
Q9Y613	Q9Y613	uc010ced.3	protein_coding	0	3	0	6	0	1	1	1	4	0	0	0	0	0	0	0	0	0	2	0
Q9Y623	Q9Y623	uc002gmn.3	protein_coding	0	2	4	5	0	0	0	0	6	4	0	0	0	1	0	0	0	0	1	0
Q9Y639	Q9Y639	uc002avs.3	protein_coding	0	0	0	1	0	0	0	1	0	0	0	0	0	0	0	0	0	0	0	0
Q9Y639-1	Q9Y639-1	uc002avt.3	protein_coding	0	0	0	1	0	0	0	1	0	0	0	0	0	0	0	0	0	0	0	0
Q9Y639-3	Q9Y639-3	uc002avr.3	protein_coding	0	0	0	1	0	0	0	1	0	0	0	0	0	0	0	0	0	0	0	0
Q9Y639-5	Q9Y639-5	uc010bjc.3	protein_coding	0	0	0	1	0	0	0	1	0	0	0	0	0	0	0	0	0	0	0	0
Q9Y644	Q9Y644	uc002kdj.3	protein_coding	0	2	1	19	1	0	0	0	18	1	0	0	0	1	0	0	0	0	1	1
Q9Y645	Q9Y645	uc002anr.2	protein_coding	0	0	1	6	0	0	0	0	5	1	0	0	0	0	0	0	0	0	0	1
Q9Y653	Q9Y653	uc002ema.1	protein_coding	0	1	0	8	2	0	0	0	4	0	0	0	0	0	0	0	0	0	1	2
Q9Y653	Q9Y653	uc002emb.2	protein_coding	0	1	0	8	2	0	0	0	4	0	0	0	0	0	0	0	0	0	1	2
Q9Y653	Q9Y653	uc010vhs.1	protein_coding	0	1	0	6	2	0	0	0	4	0	0	0	0	0	0	0	0	0	1	0
Q9Y653-2	Q9Y653-2	uc002emc.2	protein_coding	0	1	0	8	2	0	0	0	4	0	0	0	0	0	0	0	0	0	1	2
Q9Y653-2	Q9Y653-2	uc002emd.2	protein_coding	0	1	0	6	2	0	0	0	4	0	0	0	0	0	0	0	0	0	1	0
Q9Y653-2	Q9Y653-2	uc002eme.2	protein_coding	0	1	0	6	2	0	0	0	4	0	0	0	0	0	0	0	0	0	1	0
Q9Y653-2	Q9Y653-2	uc002emf.2	protein_coding	0	1	0	6	2	0	0	0	4	0	0	0	0	0	0	0	0	0	1	0
Q9Y653-2	Q9Y653-2	uc002emg.3	protein_coding	0	1	0	5	2	0	0	0	3	0	0	0	0	0	0	0	0	0	1	0
Q9Y662	Q9Y662	uc002goh.1	protein_coding	0	0	0	1	0	0	0	0	1	0	0	0	0	0	0	0	0	0	0	0
Q9Y663	Q9Y663	uc002gob.1	protein_coding	0	1	0	2	0	0	0	0	2	0	0	0	0	0	0	0	0	0	1	0
Q9Y6B2	Q9Y6B2	uc001zxc.1	protein_coding	0	0	0	3	1	0	0	1	0	0	0	0	0	0	0	0	0	0	0	1
Q9Y6I4	Q9Y6I4	uc002amf.4	protein_coding	0	0	0	1	0	0	0	1	0	0	0	0	0	0	0	0	0	0	0	0
Q9Y6I4	Q9Y6I4	uc002amg.4	protein_coding	0	0	0	1	0	0	0	1	0	0	0	0	0	0	0	0	0	0	0	0
Q9Y6I4	Q9Y6I4	uc002ami.4	protein_coding	0	0	0	1	0	0	0	1	0	0	0	0	0	0	0	0	0	0	0	0
Q9Y6I4	Q9Y6I4	uc010uik.3	protein_coding	0	0	0	1	0	0	0	1	0	0	0	0	0	0	0	0	0	0	0	0
Q9Y6I7	Q9Y6I7	uc002gzd.1	protein_coding	0	2	1	6	1	0	1	0	5	1	0	0	0	1	0	0	0	0	1	0
Q9Y6I7-2	Q9Y6I7-2	uc002gze.1	protein_coding	0	1	0	8	1	0	1	0	6	0	0	0	0	0	0	0	0	0	1	0
Q9Y6M0	Q9Y6M0	uc002crt.4	protein_coding	0	0	0	3	0	0	0	2	1	0	0	0	0	0	0	0	0	0	0	0
Q9Y6M0-2	Q9Y6M0-2	uc002crs.4	protein_coding	0	0	0	3	0	0	0	2	1	0	0	0	0	0	0	0	0	0	0	0
Q9Y6M0-3	Q9Y6M0-3	uc002crr.4	protein_coding	0	0	0	3	0	0	0	2	1	0	0	0	0	0	0	0	0	0	0	0
Q9Y6N5	Q9Y6N5	uc001zvu.4	protein_coding	0	0	0	6	0	0	0	0	6	0	0	0	0	0	0	0	0	0	0	0
Q9Y6N5	Q9Y6N5	uc001zvv.4	protein_coding	0	0	0	6	0	0	0	0	6	0	0	0	0	0	0	0	0	0	0	0
Q9Y6Q6	Q9Y6Q6	uc002lin.4	protein_coding	0	1	2	8	0	0	0	0	8	2	0	0	0	0	0	0	0	0	1	0
Q9Y6X0	Q9Y6X0	uc010dni.3	protein_coding	0	1	1	16	0	0	0	0	16	1	0	0	0	0	0	0	0	0	1	0
Q9Y6X0-2	Q9Y6X0-2	uc002lay.3	protein_coding	0	0	0	13	0	0	0	0	13	0	0	0	0	0	0	0	0	0	0	0
