ReadGroup,CovariateValue,CovariateName,EventType,Observations,Errors,EmpiricalQuality,AverageReportedQuality,Accuracy,Recalibration
TCGA-A7-A4SE-Control,AA,Context,Base Substitution,107676357,248190.18,26.00,27.88,-1.88,Before
TCGA-A7-A4SE-Control,AAA,Context,Base Insertion,36242351,6560.46,38.00,45.00,-7.00,Before
TCGA-A7-A4SE-Control,AAA,Context,Base Deletion,36242351,15971.15,34.00,45.00,-11.00,Before
TCGA-A7-A4SE-Control,CA,Context,Base Substitution,118923561,313047.36,26.00,28.20,-2.20,Before
TCGA-A7-A4SE-Control,CAA,Context,Base Insertion,24134909,875.94,44.00,45.00,-1.00,Before
TCGA-A7-A4SE-Control,CAA,Context,Base Deletion,24134909,1328.32,43.00,45.00,-2.00,Before
TCGA-A7-A4SE-Control,GA,Context,Base Substitution,95510566,367745.24,24.00,24.82,-0.82,Before
TCGA-A7-A4SE-Control,GAA,Context,Base Insertion,27433807,1024.89,44.00,45.00,-1.00,Before
TCGA-A7-A4SE-Control,GAA,Context,Base Deletion,27433807,1248.99,44.00,45.00,-1.00,Before
TCGA-A7-A4SE-Control,TA,Context,Base Substitution,63629811,257104.84,24.00,25.31,-1.31,Before
TCGA-A7-A4SE-Control,TAA,Context,Base Insertion,18423916,862.08,43.00,45.00,-2.00,Before
TCGA-A7-A4SE-Control,TAA,Context,Base Deletion,18423916,1083.70,42.00,45.00,-3.00,Before
TCGA-A7-A4SE-Control,AC,Context,Base Substitution,79431039,197691.66,26.00,28.05,-2.05,Before
TCGA-A7-A4SE-Control,ACA,Context,Base Insertion,27566816,1680.46,42.00,45.00,-3.00,Before
TCGA-A7-A4SE-Control,ACA,Context,Base Deletion,27566816,2498.46,41.00,45.00,-4.00,Before
TCGA-A7-A4SE-Control,CC,Context,Base Substitution,115380984,216331.88,27.00,28.78,-1.78,Before
TCGA-A7-A4SE-Control,CCA,Context,Base Insertion,35445033,593.19,47.00,45.00,2.00,Before
TCGA-A7-A4SE-Control,CCA,Context,Base Deletion,35445033,1271.68,44.00,45.00,-1.00,Before
TCGA-A7-A4SE-Control,GC,Context,Base Substitution,91962146,281743.03,25.00,25.46,-0.46,Before
TCGA-A7-A4SE-Control,GCA,Context,Base Insertion,26794645,569.22,47.00,45.00,2.00,Before
TCGA-A7-A4SE-Control,GCA,Context,Base Deletion,26794645,846.05,45.00,45.00,0.00,Before
TCGA-A7-A4SE-Control,TC,Context,Base Substitution,96805576,156007.46,28.00,29.62,-1.62,Before
TCGA-A7-A4SE-Control,TCA,Context,Base Insertion,27643730,560.23,47.00,45.00,2.00,Before
TCGA-A7-A4SE-Control,TCA,Context,Base Deletion,27643730,1202.55,44.00,45.00,-1.00,Before
TCGA-A7-A4SE-Control,AG,Context,Base Substitution,115899150,235616.67,27.00,27.88,-0.88,Before
TCGA-A7-A4SE-Control,AGA,Context,Base Insertion,31067078,954.78,45.00,45.00,0.00,Before
TCGA-A7-A4SE-Control,AGA,Context,Base Deletion,31067078,1436.89,43.00,45.00,-2.00,Before
TCGA-A7-A4SE-Control,CG,Context,Base Substitution,32195515,211151.64,22.00,22.43,-0.43,Before
TCGA-A7-A4SE-Control,CGA,Context,Base Insertion,6401848,145.60,46.00,45.00,1.00,Before
TCGA-A7-A4SE-Control,CGA,Context,Base Deletion,6401848,137.04,46.00,45.00,1.00,Before
TCGA-A7-A4SE-Control,GG,Context,Base Substitution,111689644,275110.44,26.00,26.67,-0.67,Before
TCGA-A7-A4SE-Control,GGA,Context,Base Insertion,29624192,708.47,46.00,45.00,1.00,Before
TCGA-A7-A4SE-Control,GGA,Context,Base Deletion,29624192,1220.68,44.00,45.00,-1.00,Before
TCGA-A7-A4SE-Control,TG,Context,Base Substitution,118151265,231502.05,27.00,28.11,-1.11,Before
TCGA-A7-A4SE-Control,TGA,Context,Base Insertion,27604439,939.80,45.00,45.00,0.00,Before
TCGA-A7-A4SE-Control,TGA,Context,Base Deletion,27604439,975.93,45.00,45.00,0.00,Before
TCGA-A7-A4SE-Control,AT,Context,Base Substitution,83402801,209279.86,26.00,28.38,-2.38,Before
TCGA-A7-A4SE-Control,ATA,Context,Base Insertion,16677872,547.79,45.00,45.00,0.00,Before
TCGA-A7-A4SE-Control,ATA,Context,Base Deletion,16677872,949.95,43.00,45.00,-2.00,Before
TCGA-A7-A4SE-Control,CT,Context,Base Substitution,117412894,198493.49,28.00,30.18,-2.18,Before
TCGA-A7-A4SE-Control,CTA,Context,Base Insertion,14079449,265.31,47.00,45.00,2.00,Before
TCGA-A7-A4SE-Control,CTA,Context,Base Deletion,14079449,634.80,44.00,45.00,-1.00,Before
TCGA-A7-A4SE-Control,GT,Context,Base Substitution,77351736,204675.52,26.00,27.69,-1.69,Before
TCGA-A7-A4SE-Control,GTA,Context,Base Insertion,13455684,481.69,45.00,45.00,0.00,Before
TCGA-A7-A4SE-Control,GTA,Context,Base Deletion,13455684,489.51,44.00,45.00,-1.00,Before
TCGA-A7-A4SE-Control,TT,Context,Base Substitution,107967208,237777.77,27.00,28.18,-1.18,Before
TCGA-A7-A4SE-Control,TTA,Context,Base Insertion,18525891,724.35,44.00,45.00,-1.00,Before
TCGA-A7-A4SE-Control,TTA,Context,Base Deletion,18525891,1283.25,42.00,45.00,-3.00,Before
TCGA-A7-A4SE-Control,AAC,Context,Base Insertion,18934187,724.54,44.00,45.00,-1.00,Before
TCGA-A7-A4SE-Control,AAC,Context,Base Deletion,18934187,1127.30,42.00,45.00,-3.00,Before
TCGA-A7-A4SE-Control,CAC,Context,Base Insertion,27715662,1308.38,43.00,45.00,-2.00,Before
TCGA-A7-A4SE-Control,CAC,Context,Base Deletion,27715662,2290.87,41.00,45.00,-4.00,Before
TCGA-A7-A4SE-Control,GAC,Context,Base Insertion,18110589,826.38,44.00,45.00,-1.00,Before
TCGA-A7-A4SE-Control,GAC,Context,Base Deletion,18110589,872.33,43.00,45.00,-2.00,Before
TCGA-A7-A4SE-Control,TAC,Context,Base Insertion,14063773,504.33,45.00,45.00,0.00,Before
TCGA-A7-A4SE-Control,TAC,Context,Base Deletion,14063773,519.00,44.00,45.00,-1.00,Before
TCGA-A7-A4SE-Control,ACC,Context,Base Insertion,22413447,595.16,46.00,45.00,1.00,Before
TCGA-A7-A4SE-Control,ACC,Context,Base Deletion,22413447,893.72,44.00,45.00,-1.00,Before
TCGA-A7-A4SE-Control,CCC,Context,Base Insertion,32751419,1799.03,43.00,45.00,-2.00,Before
TCGA-A7-A4SE-Control,CCC,Context,Base Deletion,32751419,2777.66,41.00,45.00,-4.00,Before
TCGA-A7-A4SE-Control,GCC,Context,Base Insertion,28575054,898.97,45.00,45.00,0.00,Before
TCGA-A7-A4SE-Control,GCC,Context,Base Deletion,28575054,861.50,45.00,45.00,0.00,Before
TCGA-A7-A4SE-Control,TCC,Context,Base Insertion,30380466,932.60,45.00,45.00,0.00,Before
TCGA-A7-A4SE-Control,TCC,Context,Base Deletion,30380466,1093.60,44.00,45.00,-1.00,Before
TCGA-A7-A4SE-Control,AGC,Context,Base Insertion,27624932,622.00,46.00,45.00,1.00,Before
TCGA-A7-A4SE-Control,AGC,Context,Base Deletion,27624932,629.82,46.00,45.00,1.00,Before
TCGA-A7-A4SE-Control,CGC,Context,Base Insertion,8401684,130.42,47.00,45.00,2.00,Before
TCGA-A7-A4SE-Control,CGC,Context,Base Deletion,8401684,251.18,45.00,45.00,0.00,Before
TCGA-A7-A4SE-Control,GGC,Context,Base Insertion,28418362,591.00,47.00,45.00,2.00,Before
TCGA-A7-A4SE-Control,GGC,Context,Base Deletion,28418362,899.45,45.00,45.00,0.00,Before
TCGA-A7-A4SE-Control,TGC,Context,Base Insertion,27055462,780.44,45.00,45.00,0.00,Before
TCGA-A7-A4SE-Control,TGC,Context,Base Deletion,27055462,895.73,45.00,45.00,0.00,Before
TCGA-A7-A4SE-Control,ATC,Context,Base Insertion,18346686,418.63,46.00,45.00,1.00,Before
TCGA-A7-A4SE-Control,ATC,Context,Base Deletion,18346686,574.24,45.00,45.00,0.00,Before
TCGA-A7-A4SE-Control,CTC,Context,Base Insertion,31861590,2255.84,42.00,45.00,-3.00,Before
TCGA-A7-A4SE-Control,CTC,Context,Base Deletion,31861590,1923.69,42.00,45.00,-3.00,Before
TCGA-A7-A4SE-Control,GTC,Context,Base Insertion,17878417,453.51,46.00,45.00,1.00,Before
TCGA-A7-A4SE-Control,GTC,Context,Base Deletion,17878417,451.02,46.00,45.00,1.00,Before
TCGA-A7-A4SE-Control,TTC,Context,Base Insertion,27794191,1344.79,43.00,45.00,-2.00,Before
TCGA-A7-A4SE-Control,TTC,Context,Base Deletion,27794191,1650.13,42.00,45.00,-3.00,Before
TCGA-A7-A4SE-Control,AAG,Context,Base Insertion,28622845,853.31,45.00,45.00,0.00,Before
TCGA-A7-A4SE-Control,AAG,Context,Base Deletion,28622845,1481.44,43.00,45.00,-2.00,Before
TCGA-A7-A4SE-Control,CAG,Context,Base Insertion,41080013,989.13,46.00,45.00,1.00,Before
TCGA-A7-A4SE-Control,CAG,Context,Base Deletion,41080013,1072.73,46.00,45.00,1.00,Before
TCGA-A7-A4SE-Control,GAG,Context,Base Insertion,30741563,661.01,47.00,45.00,2.00,Before
TCGA-A7-A4SE-Control,GAG,Context,Base Deletion,30741563,1336.17,44.00,45.00,-1.00,Before
TCGA-A7-A4SE-Control,TAG,Context,Base Insertion,13919298,342.63,46.00,45.00,1.00,Before
TCGA-A7-A4SE-Control,TAG,Context,Base Deletion,13919298,523.63,44.00,45.00,-1.00,Before
TCGA-A7-A4SE-Control,ACG,Context,Base Insertion,7032781,155.05,46.00,45.00,1.00,Before
TCGA-A7-A4SE-Control,ACG,Context,Base Deletion,7032781,242.03,45.00,45.00,0.00,Before
TCGA-A7-A4SE-Control,CCG,Context,Base Insertion,10212431,277.48,46.00,45.00,1.00,Before
TCGA-A7-A4SE-Control,CCG,Context,Base Deletion,10212431,350.40,45.00,45.00,0.00,Before
TCGA-A7-A4SE-Control,GCG,Context,Base Insertion,8200483,274.16,45.00,45.00,0.00,Before
TCGA-A7-A4SE-Control,GCG,Context,Base Deletion,8200483,361.65,44.00,45.00,-1.00,Before
TCGA-A7-A4SE-Control,TCG,Context,Base Insertion,6306916,196.13,45.00,45.00,0.00,Before
TCGA-A7-A4SE-Control,TCG,Context,Base Deletion,6306916,225.51,45.00,45.00,0.00,Before
TCGA-A7-A4SE-Control,AGG,Context,Base Insertion,34678166,1038.79,45.00,45.00,0.00,Before
TCGA-A7-A4SE-Control,AGG,Context,Base Deletion,34678166,1135.42,45.00,45.00,0.00,Before
TCGA-A7-A4SE-Control,CGG,Context,Base Insertion,10118345,262.04,46.00,45.00,1.00,Before
TCGA-A7-A4SE-Control,CGG,Context,Base Deletion,10118345,404.97,44.00,45.00,-1.00,Before
TCGA-A7-A4SE-Control,GGG,Context,Base Insertion,31469014,1692.81,43.00,45.00,-2.00,Before
TCGA-A7-A4SE-Control,GGG,Context,Base Deletion,31469014,2582.05,41.00,45.00,-4.00,Before
TCGA-A7-A4SE-Control,TGG,Context,Base Insertion,34538703,1061.02,45.00,45.00,0.00,Before
TCGA-A7-A4SE-Control,TGG,Context,Base Deletion,34538703,1187.75,45.00,45.00,0.00,Before
TCGA-A7-A4SE-Control,ATG,Context,Base Insertion,24716530,792.09,45.00,45.00,0.00,Before
TCGA-A7-A4SE-Control,ATG,Context,Base Deletion,24716530,845.03,45.00,45.00,0.00,Before
TCGA-A7-A4SE-Control,CTG,Context,Base Insertion,41136879,797.78,47.00,45.00,2.00,Before
TCGA-A7-A4SE-Control,CTG,Context,Base Deletion,41136879,1261.90,45.00,45.00,0.00,Before
TCGA-A7-A4SE-Control,GTG,Context,Base Insertion,26651351,1079.20,44.00,45.00,-1.00,Before
TCGA-A7-A4SE-Control,GTG,Context,Base Deletion,26651351,2030.72,41.00,45.00,-4.00,Before
TCGA-A7-A4SE-Control,TTG,Context,Base Insertion,24115257,730.42,45.00,45.00,0.00,Before
TCGA-A7-A4SE-Control,TTG,Context,Base Deletion,24115257,1016.89,44.00,45.00,-1.00,Before
TCGA-A7-A4SE-Control,AAT,Context,Base Insertion,22706682,563.66,46.00,45.00,1.00,Before
TCGA-A7-A4SE-Control,AAT,Context,Base Deletion,22706682,1199.42,43.00,45.00,-2.00,Before
TCGA-A7-A4SE-Control,CAT,Context,Base Insertion,24771174,555.89,46.00,45.00,1.00,Before
TCGA-A7-A4SE-Control,CAT,Context,Base Deletion,24771174,1009.68,44.00,45.00,-1.00,Before
TCGA-A7-A4SE-Control,GAT,Context,Base Insertion,18324298,552.33,45.00,45.00,0.00,Before
TCGA-A7-A4SE-Control,GAT,Context,Base Deletion,18324298,653.17,45.00,45.00,0.00,Before
TCGA-A7-A4SE-Control,TAT,Context,Base Insertion,16649741,559.47,45.00,45.00,0.00,Before
TCGA-A7-A4SE-Control,TAT,Context,Base Deletion,16649741,841.71,43.00,45.00,-2.00,Before
TCGA-A7-A4SE-Control,ACT,Context,Base Insertion,21541678,654.67,45.00,45.00,0.00,Before
TCGA-A7-A4SE-Control,ACT,Context,Base Deletion,21541678,896.08,44.00,45.00,-1.00,Before
TCGA-A7-A4SE-Control,CCT,Context,Base Insertion,35603164,731.92,47.00,45.00,2.00,Before
TCGA-A7-A4SE-Control,CCT,Context,Base Deletion,35603164,1417.69,44.00,45.00,-1.00,Before
TCGA-A7-A4SE-Control,GCT,Context,Base Insertion,27458192,527.67,47.00,45.00,2.00,Before
TCGA-A7-A4SE-Control,GCT,Context,Base Deletion,27458192,817.54,45.00,45.00,0.00,Before
TCGA-A7-A4SE-Control,TCT,Context,Base Insertion,31439455,1100.35,45.00,45.00,0.00,Before
TCGA-A7-A4SE-Control,TCT,Context,Base Deletion,31439455,1759.41,43.00,45.00,-2.00,Before
TCGA-A7-A4SE-Control,AGT,Context,Base Insertion,20991100,527.38,46.00,45.00,1.00,Before
TCGA-A7-A4SE-Control,AGT,Context,Base Deletion,20991100,616.73,45.00,45.00,0.00,Before
TCGA-A7-A4SE-Control,CGT,Context,Base Insertion,7108836,171.81,46.00,45.00,1.00,Before
TCGA-A7-A4SE-Control,CGT,Context,Base Deletion,7108836,238.18,45.00,45.00,0.00,Before
TCGA-A7-A4SE-Control,GGT,Context,Base Insertion,21146444,485.09,46.00,45.00,1.00,Before
TCGA-A7-A4SE-Control,GGT,Context,Base Deletion,21146444,865.55,44.00,45.00,-1.00,Before
TCGA-A7-A4SE-Control,TGT,Context,Base Insertion,27513109,1090.44,44.00,45.00,-1.00,Before
TCGA-A7-A4SE-Control,TGT,Context,Base Deletion,27513109,2190.78,41.00,45.00,-4.00,Before
TCGA-A7-A4SE-Control,ATT,Context,Base Insertion,22837802,799.05,45.00,45.00,0.00,Before
TCGA-A7-A4SE-Control,ATT,Context,Base Deletion,22837802,1153.82,43.00,45.00,-2.00,Before
TCGA-A7-A4SE-Control,CTT,Context,Base Insertion,29135722,1302.73,44.00,45.00,-1.00,Before
TCGA-A7-A4SE-Control,CTT,Context,Base Deletion,29135722,1657.86,43.00,45.00,-2.00,Before
TCGA-A7-A4SE-Control,GTT,Context,Base Insertion,18724870,724.42,44.00,45.00,-1.00,Before
TCGA-A7-A4SE-Control,GTT,Context,Base Deletion,18724870,916.20,43.00,45.00,-2.00,Before
TCGA-A7-A4SE-Control,TTT,Context,Base Insertion,36361902,5124.48,39.00,45.00,-6.00,Before
TCGA-A7-A4SE-Control,TTT,Context,Base Deletion,36361902,12695.91,35.00,45.00,-10.00,Before
TCGA-A7-A4SE-Control,1,Cycle,Base Substitution,8063709,38488.09,23.00,23.86,-0.86,Before
TCGA-A7-A4SE-Control,-1,Cycle,Base Substitution,7974914,19966.66,26.00,26.37,-0.37,Before
TCGA-A7-A4SE-Control,2,Cycle,Base Substitution,8098958,17077.37,27.00,27.52,-0.52,Before
TCGA-A7-A4SE-Control,-2,Cycle,Base Substitution,7970260,25572.09,25.00,25.65,-0.65,Before
TCGA-A7-A4SE-Control,3,Cycle,Base Substitution,8098996,20319.95,26.00,26.97,-0.97,Before
TCGA-A7-A4SE-Control,-3,Cycle,Base Substitution,7971355,27786.03,25.00,25.17,-0.17,Before
TCGA-A7-A4SE-Control,4,Cycle,Base Substitution,8090442,23298.87,25.00,26.57,-1.57,Before
TCGA-A7-A4SE-Control,-4,Cycle,Base Substitution,7970341,25335.82,25.00,25.71,-0.71,Before
TCGA-A7-A4SE-Control,5,Cycle,Base Substitution,8095445,18161.76,27.00,27.87,-0.87,Before
TCGA-A7-A4SE-Control,5,Cycle,Base Insertion,8095430,272.79,45.00,45.00,0.00,Before
TCGA-A7-A4SE-Control,5,Cycle,Base Deletion,8095430,221.42,45.00,45.00,0.00,Before
TCGA-A7-A4SE-Control,-5,Cycle,Base Substitution,7966831,20281.09,26.00,27.25,-1.25,Before
TCGA-A7-A4SE-Control,-5,Cycle,Base Insertion,7966809,269.51,45.00,45.00,0.00,Before
TCGA-A7-A4SE-Control,-5,Cycle,Base Deletion,7966809,269.97,45.00,45.00,0.00,Before
TCGA-A7-A4SE-Control,6,Cycle,Base Substitution,8093355,20179.87,26.00,27.68,-1.68,Before
TCGA-A7-A4SE-Control,6,Cycle,Base Insertion,8093334,295.06,45.00,45.00,0.00,Before
TCGA-A7-A4SE-Control,6,Cycle,Base Deletion,8093334,253.90,45.00,45.00,0.00,Before
TCGA-A7-A4SE-Control,-6,Cycle,Base Substitution,7956978,22484.59,25.00,26.87,-1.87,Before
TCGA-A7-A4SE-Control,-6,Cycle,Base Insertion,7956958,329.92,44.00,45.00,-1.00,Before
TCGA-A7-A4SE-Control,-6,Cycle,Base Deletion,7956958,305.39,44.00,45.00,-1.00,Before
TCGA-A7-A4SE-Control,7,Cycle,Base Substitution,8090350,21730.22,26.00,27.28,-1.28,Before
TCGA-A7-A4SE-Control,7,Cycle,Base Insertion,8090326,310.75,44.00,45.00,-1.00,Before
TCGA-A7-A4SE-Control,7,Cycle,Base Deletion,8090326,299.18,44.00,45.00,-1.00,Before
TCGA-A7-A4SE-Control,-7,Cycle,Base Substitution,7954606,21538.30,26.00,26.92,-0.92,Before
TCGA-A7-A4SE-Control,-7,Cycle,Base Insertion,7954587,321.68,44.00,45.00,-1.00,Before
TCGA-A7-A4SE-Control,-7,Cycle,Base Deletion,7954587,347.77,44.00,45.00,-1.00,Before
TCGA-A7-A4SE-Control,8,Cycle,Base Substitution,8094925,17721.67,27.00,28.51,-1.51,Before
TCGA-A7-A4SE-Control,8,Cycle,Base Insertion,8094903,327.54,44.00,45.00,-1.00,Before
TCGA-A7-A4SE-Control,8,Cycle,Base Deletion,8094903,345.35,44.00,45.00,-1.00,Before
TCGA-A7-A4SE-Control,-8,Cycle,Base Substitution,7951674,19788.46,26.00,27.48,-1.48,Before
TCGA-A7-A4SE-Control,-8,Cycle,Base Insertion,7951656,358.92,44.00,45.00,-1.00,Before
TCGA-A7-A4SE-Control,-8,Cycle,Base Deletion,7951656,400.17,43.00,45.00,-2.00,Before
TCGA-A7-A4SE-Control,9,Cycle,Base Substitution,8094140,21089.97,26.00,27.43,-1.43,Before
TCGA-A7-A4SE-Control,9,Cycle,Base Insertion,8094120,351.78,44.00,45.00,-1.00,Before
TCGA-A7-A4SE-Control,9,Cycle,Base Deletion,8094120,394.16,43.00,45.00,-2.00,Before
TCGA-A7-A4SE-Control,-9,Cycle,Base Substitution,7947611,22624.62,25.00,26.73,-1.73,Before
TCGA-A7-A4SE-Control,-9,Cycle,Base Insertion,7947592,368.06,44.00,45.00,-1.00,Before
TCGA-A7-A4SE-Control,-9,Cycle,Base Deletion,7947592,439.71,43.00,45.00,-2.00,Before
TCGA-A7-A4SE-Control,10,Cycle,Base Substitution,8094416,18870.01,26.00,28.13,-2.13,Before
TCGA-A7-A4SE-Control,10,Cycle,Base Insertion,8094398,384.30,44.00,45.00,-1.00,Before
TCGA-A7-A4SE-Control,10,Cycle,Base Deletion,8094398,454.94,43.00,45.00,-2.00,Before
TCGA-A7-A4SE-Control,-10,Cycle,Base Substitution,7943551,21769.63,26.00,26.95,-0.95,Before
TCGA-A7-A4SE-Control,-10,Cycle,Base Insertion,7943527,385.50,43.00,45.00,-2.00,Before
TCGA-A7-A4SE-Control,-10,Cycle,Base Deletion,7943527,487.54,43.00,45.00,-2.00,Before
TCGA-A7-A4SE-Control,11,Cycle,Base Substitution,8091659,21727.62,26.00,27.10,-1.10,Before
TCGA-A7-A4SE-Control,11,Cycle,Base Insertion,8091640,384.29,44.00,45.00,-1.00,Before
TCGA-A7-A4SE-Control,11,Cycle,Base Deletion,8091640,479.54,43.00,45.00,-2.00,Before
TCGA-A7-A4SE-Control,-11,Cycle,Base Substitution,7940204,21446.88,26.00,27.02,-1.02,Before
TCGA-A7-A4SE-Control,-11,Cycle,Base Insertion,7940185,359.19,44.00,45.00,-1.00,Before
TCGA-A7-A4SE-Control,-11,Cycle,Base Deletion,7940185,527.92,42.00,45.00,-3.00,Before
TCGA-A7-A4SE-Control,12,Cycle,Base Substitution,8094251,19837.58,26.00,27.74,-1.74,Before
TCGA-A7-A4SE-Control,12,Cycle,Base Insertion,8094230,387.11,44.00,45.00,-1.00,Before
TCGA-A7-A4SE-Control,12,Cycle,Base Deletion,8094230,509.88,42.00,45.00,-3.00,Before
TCGA-A7-A4SE-Control,-12,Cycle,Base Substitution,7932498,22816.96,25.00,26.69,-1.69,Before
TCGA-A7-A4SE-Control,-12,Cycle,Base Insertion,7932477,370.94,44.00,45.00,-1.00,Before
TCGA-A7-A4SE-Control,-12,Cycle,Base Deletion,7932477,545.27,42.00,45.00,-3.00,Before
TCGA-A7-A4SE-Control,13,Cycle,Base Substitution,8093357,20234.48,26.00,27.44,-1.44,Before
TCGA-A7-A4SE-Control,13,Cycle,Base Insertion,8093335,390.84,43.00,45.00,-2.00,Before
TCGA-A7-A4SE-Control,13,Cycle,Base Deletion,8093335,544.42,42.00,45.00,-3.00,Before
TCGA-A7-A4SE-Control,-13,Cycle,Base Substitution,7931088,21471.87,26.00,26.85,-0.85,Before
TCGA-A7-A4SE-Control,-13,Cycle,Base Insertion,7931064,388.01,43.00,45.00,-2.00,Before
TCGA-A7-A4SE-Control,-13,Cycle,Base Deletion,7931064,577.50,42.00,45.00,-3.00,Before
TCGA-A7-A4SE-Control,14,Cycle,Base Substitution,8091517,21626.62,26.00,27.33,-1.33,Before
TCGA-A7-A4SE-Control,14,Cycle,Base Insertion,8091498,415.73,43.00,45.00,-2.00,Before
TCGA-A7-A4SE-Control,14,Cycle,Base Deletion,8091498,550.47,42.00,45.00,-3.00,Before
TCGA-A7-A4SE-Control,-14,Cycle,Base Substitution,7929684,19398.81,26.00,27.55,-1.55,Before
TCGA-A7-A4SE-Control,-14,Cycle,Base Insertion,7929665,396.49,43.00,45.00,-2.00,Before
TCGA-A7-A4SE-Control,-14,Cycle,Base Deletion,7929665,590.69,42.00,45.00,-3.00,Before
TCGA-A7-A4SE-Control,15,Cycle,Base Substitution,8092855,20884.40,26.00,27.33,-1.33,Before
TCGA-A7-A4SE-Control,15,Cycle,Base Insertion,8092831,398.14,43.00,45.00,-2.00,Before
TCGA-A7-A4SE-Control,15,Cycle,Base Deletion,8092831,572.32,42.00,45.00,-3.00,Before
TCGA-A7-A4SE-Control,-15,Cycle,Base Substitution,7924351,20564.00,26.00,27.02,-1.02,Before
TCGA-A7-A4SE-Control,-15,Cycle,Base Insertion,7924332,392.85,43.00,45.00,-2.00,Before
TCGA-A7-A4SE-Control,-15,Cycle,Base Deletion,7924332,600.71,42.00,45.00,-3.00,Before
TCGA-A7-A4SE-Control,16,Cycle,Base Substitution,8094691,17235.78,27.00,28.36,-1.36,Before
TCGA-A7-A4SE-Control,16,Cycle,Base Insertion,8094603,421.38,43.00,45.00,-2.00,Before
TCGA-A7-A4SE-Control,16,Cycle,Base Deletion,8094603,586.75,42.00,45.00,-3.00,Before
TCGA-A7-A4SE-Control,-16,Cycle,Base Substitution,7919408,19617.38,26.00,27.34,-1.34,Before
TCGA-A7-A4SE-Control,-16,Cycle,Base Insertion,7919160,408.61,43.00,45.00,-2.00,Before
TCGA-A7-A4SE-Control,-16,Cycle,Base Deletion,7919160,621.77,41.00,45.00,-4.00,Before
TCGA-A7-A4SE-Control,17,Cycle,Base Substitution,8095091,19433.96,26.00,27.72,-1.72,Before
TCGA-A7-A4SE-Control,17,Cycle,Base Insertion,8094926,427.04,43.00,45.00,-2.00,Before
TCGA-A7-A4SE-Control,17,Cycle,Base Deletion,8094926,595.16,42.00,45.00,-3.00,Before
TCGA-A7-A4SE-Control,-17,Cycle,Base Substitution,7913813,20678.84,26.00,27.13,-1.13,Before
TCGA-A7-A4SE-Control,-17,Cycle,Base Insertion,7913178,376.12,44.00,45.00,-1.00,Before
TCGA-A7-A4SE-Control,-17,Cycle,Base Deletion,7913178,629.07,41.00,45.00,-4.00,Before
TCGA-A7-A4SE-Control,18,Cycle,Base Substitution,8092261,20910.83,26.00,27.19,-1.19,Before
TCGA-A7-A4SE-Control,18,Cycle,Base Insertion,8092015,403.37,43.00,45.00,-2.00,Before
TCGA-A7-A4SE-Control,18,Cycle,Base Deletion,8092015,606.19,42.00,45.00,-3.00,Before
TCGA-A7-A4SE-Control,-18,Cycle,Base Substitution,7906863,22392.56,25.00,26.49,-1.49,Before
TCGA-A7-A4SE-Control,-18,Cycle,Base Insertion,7905828,389.55,43.00,45.00,-2.00,Before
TCGA-A7-A4SE-Control,-18,Cycle,Base Deletion,7905828,629.08,41.00,45.00,-4.00,Before
TCGA-A7-A4SE-Control,19,Cycle,Base Substitution,8094844,19319.86,26.00,27.68,-1.68,Before
TCGA-A7-A4SE-Control,19,Cycle,Base Insertion,8094538,395.74,43.00,45.00,-2.00,Before
TCGA-A7-A4SE-Control,19,Cycle,Base Deletion,8094538,629.97,42.00,45.00,-3.00,Before
TCGA-A7-A4SE-Control,-19,Cycle,Base Substitution,7907929,18847.59,26.00,27.51,-1.51,Before
TCGA-A7-A4SE-Control,-19,Cycle,Base Insertion,7906703,380.29,43.00,45.00,-2.00,Before
TCGA-A7-A4SE-Control,-19,Cycle,Base Deletion,7906703,649.84,41.00,45.00,-4.00,Before
TCGA-A7-A4SE-Control,20,Cycle,Base Substitution,8091843,20692.05,26.00,27.31,-1.31,Before
TCGA-A7-A4SE-Control,20,Cycle,Base Insertion,8091500,376.58,44.00,45.00,-1.00,Before
TCGA-A7-A4SE-Control,20,Cycle,Base Deletion,8091500,633.03,42.00,45.00,-3.00,Before
TCGA-A7-A4SE-Control,-20,Cycle,Base Substitution,7898211,22221.59,26.00,26.60,-0.60,Before
TCGA-A7-A4SE-Control,-20,Cycle,Base Insertion,7897059,382.48,43.00,45.00,-2.00,Before
TCGA-A7-A4SE-Control,-20,Cycle,Base Deletion,7897059,648.62,41.00,45.00,-4.00,Before
TCGA-A7-A4SE-Control,21,Cycle,Base Substitution,8091787,20950.96,26.00,27.18,-1.18,Before
TCGA-A7-A4SE-Control,21,Cycle,Base Insertion,8091404,388.74,43.00,45.00,-2.00,Before
TCGA-A7-A4SE-Control,21,Cycle,Base Deletion,8091404,629.10,42.00,45.00,-3.00,Before
TCGA-A7-A4SE-Control,-21,Cycle,Base Substitution,7894903,21974.37,26.00,26.55,-0.55,Before
TCGA-A7-A4SE-Control,-21,Cycle,Base Insertion,7893882,422.17,43.00,45.00,-2.00,Before
TCGA-A7-A4SE-Control,-21,Cycle,Base Deletion,7893882,636.48,41.00,45.00,-4.00,Before
TCGA-A7-A4SE-Control,22,Cycle,Base Substitution,8091223,20958.35,26.00,27.29,-1.29,Before
TCGA-A7-A4SE-Control,22,Cycle,Base Insertion,8090585,391.09,43.00,45.00,-2.00,Before
TCGA-A7-A4SE-Control,22,Cycle,Base Deletion,8090585,637.98,41.00,45.00,-4.00,Before
TCGA-A7-A4SE-Control,-22,Cycle,Base Substitution,7884777,24396.12,25.00,26.05,-1.05,Before
TCGA-A7-A4SE-Control,-22,Cycle,Base Insertion,7883811,401.21,43.00,45.00,-2.00,Before
TCGA-A7-A4SE-Control,-22,Cycle,Base Deletion,7883811,622.41,41.00,45.00,-4.00,Before
TCGA-A7-A4SE-Control,23,Cycle,Base Substitution,8092116,18827.81,26.00,27.84,-1.84,Before
TCGA-A7-A4SE-Control,23,Cycle,Base Insertion,8091102,387.61,43.00,45.00,-2.00,Before
TCGA-A7-A4SE-Control,23,Cycle,Base Deletion,8091102,658.30,41.00,45.00,-4.00,Before
TCGA-A7-A4SE-Control,-23,Cycle,Base Substitution,7882687,22986.39,25.00,26.52,-1.52,Before
TCGA-A7-A4SE-Control,-23,Cycle,Base Insertion,7881716,401.03,43.00,45.00,-2.00,Before
TCGA-A7-A4SE-Control,-23,Cycle,Base Deletion,7881716,635.72,41.00,45.00,-4.00,Before
TCGA-A7-A4SE-Control,24,Cycle,Base Substitution,8086007,23895.41,25.00,26.51,-1.51,Before
TCGA-A7-A4SE-Control,24,Cycle,Base Insertion,8084790,407.53,43.00,45.00,-2.00,Before
TCGA-A7-A4SE-Control,24,Cycle,Base Deletion,8084790,649.36,41.00,45.00,-4.00,Before
TCGA-A7-A4SE-Control,-24,Cycle,Base Substitution,7873608,24956.33,25.00,25.91,-0.91,Before
TCGA-A7-A4SE-Control,-24,Cycle,Base Insertion,7872624,361.46,44.00,45.00,-1.00,Before
TCGA-A7-A4SE-Control,-24,Cycle,Base Deletion,7872624,637.71,41.00,45.00,-4.00,Before
TCGA-A7-A4SE-Control,25,Cycle,Base Substitution,8082041,26049.39,25.00,26.10,-1.10,Before
TCGA-A7-A4SE-Control,25,Cycle,Base Insertion,8080746,410.38,43.00,45.00,-2.00,Before
TCGA-A7-A4SE-Control,25,Cycle,Base Deletion,8080746,641.54,41.00,45.00,-4.00,Before
TCGA-A7-A4SE-Control,-25,Cycle,Base Substitution,7871793,22471.68,25.00,26.36,-1.36,Before
TCGA-A7-A4SE-Control,-25,Cycle,Base Insertion,7870754,373.02,44.00,45.00,-1.00,Before
TCGA-A7-A4SE-Control,-25,Cycle,Base Deletion,7870754,634.63,41.00,45.00,-4.00,Before
TCGA-A7-A4SE-Control,26,Cycle,Base Substitution,8078916,25546.89,25.00,25.99,-0.99,Before
TCGA-A7-A4SE-Control,26,Cycle,Base Insertion,8077791,395.58,43.00,45.00,-2.00,Before
TCGA-A7-A4SE-Control,26,Cycle,Base Deletion,8077791,619.19,42.00,45.00,-3.00,Before
TCGA-A7-A4SE-Control,-26,Cycle,Base Substitution,7865089,22897.25,25.00,26.31,-1.31,Before
TCGA-A7-A4SE-Control,-26,Cycle,Base Insertion,7864017,411.92,43.00,45.00,-2.00,Before
TCGA-A7-A4SE-Control,-26,Cycle,Base Deletion,7864017,618.73,41.00,45.00,-4.00,Before
TCGA-A7-A4SE-Control,27,Cycle,Base Substitution,8077283,23171.52,25.00,26.53,-1.53,Before
TCGA-A7-A4SE-Control,27,Cycle,Base Insertion,8076379,405.17,43.00,45.00,-2.00,Before
TCGA-A7-A4SE-Control,27,Cycle,Base Deletion,8076379,644.29,41.00,45.00,-4.00,Before
TCGA-A7-A4SE-Control,-27,Cycle,Base Substitution,7855115,26006.76,25.00,25.81,-0.81,Before
TCGA-A7-A4SE-Control,-27,Cycle,Base Insertion,7854006,368.03,44.00,45.00,-1.00,Before
TCGA-A7-A4SE-Control,-27,Cycle,Base Deletion,7854006,606.15,42.00,45.00,-3.00,Before
TCGA-A7-A4SE-Control,28,Cycle,Base Substitution,8074948,23721.99,25.00,26.45,-1.45,Before
TCGA-A7-A4SE-Control,28,Cycle,Base Insertion,8074149,421.92,43.00,45.00,-2.00,Before
TCGA-A7-A4SE-Control,28,Cycle,Base Deletion,8074149,636.34,41.00,45.00,-4.00,Before
TCGA-A7-A4SE-Control,-28,Cycle,Base Substitution,7852390,29534.19,24.00,25.17,-1.17,Before
TCGA-A7-A4SE-Control,-28,Cycle,Base Insertion,7851252,354.06,44.00,45.00,-1.00,Before
TCGA-A7-A4SE-Control,-28,Cycle,Base Deletion,7851252,600.58,42.00,45.00,-3.00,Before
TCGA-A7-A4SE-Control,29,Cycle,Base Substitution,8072221,23730.66,25.00,26.26,-1.26,Before
TCGA-A7-A4SE-Control,29,Cycle,Base Insertion,8071396,407.18,43.00,45.00,-2.00,Before
TCGA-A7-A4SE-Control,29,Cycle,Base Deletion,8071396,605.96,42.00,45.00,-3.00,Before
TCGA-A7-A4SE-Control,-29,Cycle,Base Substitution,7850508,20571.81,26.00,26.97,-0.97,Before
TCGA-A7-A4SE-Control,-29,Cycle,Base Insertion,7849352,371.89,44.00,45.00,-1.00,Before
TCGA-A7-A4SE-Control,-29,Cycle,Base Deletion,7849352,619.26,41.00,45.00,-4.00,Before
TCGA-A7-A4SE-Control,30,Cycle,Base Substitution,8071170,23634.14,25.00,26.46,-1.46,Before
TCGA-A7-A4SE-Control,30,Cycle,Base Insertion,8070327,387.42,43.00,45.00,-2.00,Before
TCGA-A7-A4SE-Control,30,Cycle,Base Deletion,8070327,637.62,41.00,45.00,-4.00,Before
TCGA-A7-A4SE-Control,-30,Cycle,Base Substitution,7843975,22358.03,25.00,26.37,-1.37,Before
TCGA-A7-A4SE-Control,-30,Cycle,Base Insertion,7842829,349.59,44.00,45.00,-1.00,Before
TCGA-A7-A4SE-Control,-30,Cycle,Base Deletion,7842829,608.57,42.00,45.00,-3.00,Before
TCGA-A7-A4SE-Control,31,Cycle,Base Substitution,8070347,25055.10,25.00,26.08,-1.08,Before
TCGA-A7-A4SE-Control,31,Cycle,Base Insertion,8069434,385.40,44.00,45.00,-1.00,Before
TCGA-A7-A4SE-Control,31,Cycle,Base Deletion,8069434,628.06,42.00,45.00,-3.00,Before
TCGA-A7-A4SE-Control,-31,Cycle,Base Substitution,7838380,19634.75,26.00,27.35,-1.35,Before
TCGA-A7-A4SE-Control,-31,Cycle,Base Insertion,7837198,349.18,44.00,45.00,-1.00,Before
TCGA-A7-A4SE-Control,-31,Cycle,Base Deletion,7837198,595.69,42.00,45.00,-3.00,Before
TCGA-A7-A4SE-Control,32,Cycle,Base Substitution,8067276,23891.92,25.00,26.39,-1.39,Before
TCGA-A7-A4SE-Control,32,Cycle,Base Insertion,8066336,380.02,44.00,45.00,-1.00,Before
TCGA-A7-A4SE-Control,32,Cycle,Base Deletion,8066336,599.96,42.00,45.00,-3.00,Before
TCGA-A7-A4SE-Control,-32,Cycle,Base Substitution,7831728,19575.71,26.00,27.06,-1.06,Before
TCGA-A7-A4SE-Control,-32,Cycle,Base Insertion,7830479,340.78,44.00,45.00,-1.00,Before
TCGA-A7-A4SE-Control,-32,Cycle,Base Deletion,7830479,581.32,42.00,45.00,-3.00,Before
TCGA-A7-A4SE-Control,33,Cycle,Base Substitution,8062372,26563.81,25.00,25.73,-0.73,Before
TCGA-A7-A4SE-Control,33,Cycle,Base Insertion,8061386,388.69,43.00,45.00,-2.00,Before
TCGA-A7-A4SE-Control,33,Cycle,Base Deletion,8061386,616.20,42.00,45.00,-3.00,Before
TCGA-A7-A4SE-Control,-33,Cycle,Base Substitution,7824383,21365.83,26.00,26.87,-0.87,Before
TCGA-A7-A4SE-Control,-33,Cycle,Base Insertion,7823109,358.30,44.00,45.00,-1.00,Before
TCGA-A7-A4SE-Control,-33,Cycle,Base Deletion,7823109,581.53,42.00,45.00,-3.00,Before
TCGA-A7-A4SE-Control,34,Cycle,Base Substitution,8061635,21463.21,26.00,26.88,-0.88,Before
TCGA-A7-A4SE-Control,34,Cycle,Base Insertion,8060659,389.27,43.00,45.00,-2.00,Before
TCGA-A7-A4SE-Control,34,Cycle,Base Deletion,8060659,591.67,42.00,45.00,-3.00,Before
TCGA-A7-A4SE-Control,-34,Cycle,Base Substitution,7816751,22995.71,25.00,26.33,-1.33,Before
TCGA-A7-A4SE-Control,-34,Cycle,Base Insertion,7815506,357.69,44.00,45.00,-1.00,Before
TCGA-A7-A4SE-Control,-34,Cycle,Base Deletion,7815506,574.98,42.00,45.00,-3.00,Before
TCGA-A7-A4SE-Control,35,Cycle,Base Substitution,8060419,22414.63,26.00,26.56,-0.56,Before
TCGA-A7-A4SE-Control,35,Cycle,Base Insertion,8059437,362.20,44.00,45.00,-1.00,Before
TCGA-A7-A4SE-Control,35,Cycle,Base Deletion,8059437,592.47,42.00,45.00,-3.00,Before
TCGA-A7-A4SE-Control,-35,Cycle,Base Substitution,7809090,21585.45,26.00,26.46,-0.46,Before
TCGA-A7-A4SE-Control,-35,Cycle,Base Insertion,7807842,346.03,44.00,45.00,-1.00,Before
TCGA-A7-A4SE-Control,-35,Cycle,Base Deletion,7807842,579.64,42.00,45.00,-3.00,Before
TCGA-A7-A4SE-Control,36,Cycle,Base Substitution,8057930,21801.11,26.00,26.67,-0.67,Before
TCGA-A7-A4SE-Control,36,Cycle,Base Insertion,8056942,371.25,44.00,45.00,-1.00,Before
TCGA-A7-A4SE-Control,36,Cycle,Base Deletion,8056942,589.09,42.00,45.00,-3.00,Before
TCGA-A7-A4SE-Control,-36,Cycle,Base Substitution,7801613,22131.72,25.00,26.51,-1.51,Before
TCGA-A7-A4SE-Control,-36,Cycle,Base Insertion,7800376,352.76,44.00,45.00,-1.00,Before
TCGA-A7-A4SE-Control,-36,Cycle,Base Deletion,7800376,563.42,42.00,45.00,-3.00,Before
TCGA-A7-A4SE-Control,37,Cycle,Base Substitution,8051931,25652.81,25.00,25.72,-0.72,Before
TCGA-A7-A4SE-Control,37,Cycle,Base Insertion,8050941,352.25,44.00,45.00,-1.00,Before
TCGA-A7-A4SE-Control,37,Cycle,Base Deletion,8050941,578.60,42.00,45.00,-3.00,Before
TCGA-A7-A4SE-Control,-37,Cycle,Base Substitution,7793874,21542.53,26.00,26.54,-0.54,Before
TCGA-A7-A4SE-Control,-37,Cycle,Base Insertion,7792640,341.85,44.00,45.00,-1.00,Before
TCGA-A7-A4SE-Control,-37,Cycle,Base Deletion,7792640,543.21,42.00,45.00,-3.00,Before
TCGA-A7-A4SE-Control,38,Cycle,Base Substitution,8047232,25325.00,25.00,25.78,-0.78,Before
TCGA-A7-A4SE-Control,38,Cycle,Base Insertion,8046179,375.23,44.00,45.00,-1.00,Before
TCGA-A7-A4SE-Control,38,Cycle,Base Deletion,8046179,582.53,42.00,45.00,-3.00,Before
TCGA-A7-A4SE-Control,-38,Cycle,Base Substitution,7775132,31160.60,24.00,24.71,-0.71,Before
TCGA-A7-A4SE-Control,-38,Cycle,Base Insertion,7773868,345.62,44.00,45.00,-1.00,Before
TCGA-A7-A4SE-Control,-38,Cycle,Base Deletion,7773868,552.16,42.00,45.00,-3.00,Before
TCGA-A7-A4SE-Control,39,Cycle,Base Substitution,8046094,24642.02,25.00,26.11,-1.11,Before
TCGA-A7-A4SE-Control,39,Cycle,Base Insertion,8044953,358.42,44.00,45.00,-1.00,Before
TCGA-A7-A4SE-Control,39,Cycle,Base Deletion,8044953,586.27,42.00,45.00,-3.00,Before
TCGA-A7-A4SE-Control,-39,Cycle,Base Substitution,7777900,21208.76,26.00,26.44,-0.44,Before
TCGA-A7-A4SE-Control,-39,Cycle,Base Insertion,7776632,348.82,44.00,45.00,-1.00,Before
TCGA-A7-A4SE-Control,-39,Cycle,Base Deletion,7776632,540.29,42.00,45.00,-3.00,Before
TCGA-A7-A4SE-Control,40,Cycle,Base Substitution,8045089,22252.35,26.00,26.59,-0.59,Before
TCGA-A7-A4SE-Control,40,Cycle,Base Insertion,8043892,350.20,44.00,45.00,-1.00,Before
TCGA-A7-A4SE-Control,40,Cycle,Base Deletion,8043892,586.80,42.00,45.00,-3.00,Before
TCGA-A7-A4SE-Control,-40,Cycle,Base Substitution,7772425,18458.42,26.00,27.31,-1.31,Before
TCGA-A7-A4SE-Control,-40,Cycle,Base Insertion,7771146,356.09,44.00,45.00,-1.00,Before
TCGA-A7-A4SE-Control,-40,Cycle,Base Deletion,7771146,550.99,42.00,45.00,-3.00,Before
TCGA-A7-A4SE-Control,41,Cycle,Base Substitution,8040757,22839.17,25.00,26.44,-1.44,Before
TCGA-A7-A4SE-Control,41,Cycle,Base Insertion,8039626,328.25,44.00,45.00,-1.00,Before
TCGA-A7-A4SE-Control,41,Cycle,Base Deletion,8039626,574.40,42.00,45.00,-3.00,Before
TCGA-A7-A4SE-Control,-41,Cycle,Base Substitution,7764375,19199.82,26.00,27.19,-1.19,Before
TCGA-A7-A4SE-Control,-41,Cycle,Base Insertion,7763071,333.89,44.00,45.00,-1.00,Before
TCGA-A7-A4SE-Control,-41,Cycle,Base Deletion,7763071,548.27,42.00,45.00,-3.00,Before
TCGA-A7-A4SE-Control,42,Cycle,Base Substitution,8035002,25062.69,25.00,25.95,-0.95,Before
TCGA-A7-A4SE-Control,42,Cycle,Base Insertion,8033936,368.23,44.00,45.00,-1.00,Before
TCGA-A7-A4SE-Control,42,Cycle,Base Deletion,8033936,578.66,42.00,45.00,-3.00,Before
TCGA-A7-A4SE-Control,-42,Cycle,Base Substitution,7755488,18463.61,26.00,27.28,-1.28,Before
TCGA-A7-A4SE-Control,-42,Cycle,Base Insertion,7754159,328.29,44.00,45.00,-1.00,Before
TCGA-A7-A4SE-Control,-42,Cycle,Base Deletion,7754159,541.73,42.00,45.00,-3.00,Before
TCGA-A7-A4SE-Control,43,Cycle,Base Substitution,8032805,20094.98,26.00,27.09,-1.09,Before
TCGA-A7-A4SE-Control,43,Cycle,Base Insertion,8031779,332.33,44.00,45.00,-1.00,Before
TCGA-A7-A4SE-Control,43,Cycle,Base Deletion,8031779,578.68,42.00,45.00,-3.00,Before
TCGA-A7-A4SE-Control,-43,Cycle,Base Substitution,7746800,17241.78,27.00,27.75,-0.75,Before
TCGA-A7-A4SE-Control,-43,Cycle,Base Insertion,7745474,326.49,44.00,45.00,-1.00,Before
TCGA-A7-A4SE-Control,-43,Cycle,Base Deletion,7745474,546.20,42.00,45.00,-3.00,Before
TCGA-A7-A4SE-Control,44,Cycle,Base Substitution,8028658,20580.70,26.00,27.01,-1.01,Before
TCGA-A7-A4SE-Control,44,Cycle,Base Insertion,8027638,341.54,44.00,45.00,-1.00,Before
TCGA-A7-A4SE-Control,44,Cycle,Base Deletion,8027638,580.90,42.00,45.00,-3.00,Before
TCGA-A7-A4SE-Control,-44,Cycle,Base Substitution,7737159,19181.52,26.00,27.10,-1.10,Before
TCGA-A7-A4SE-Control,-44,Cycle,Base Insertion,7735803,311.02,44.00,45.00,-1.00,Before
TCGA-A7-A4SE-Control,-44,Cycle,Base Deletion,7735803,544.46,42.00,45.00,-3.00,Before
TCGA-A7-A4SE-Control,45,Cycle,Base Substitution,8023250,21752.33,26.00,26.80,-0.80,Before
TCGA-A7-A4SE-Control,45,Cycle,Base Insertion,8022264,353.43,44.00,45.00,-1.00,Before
TCGA-A7-A4SE-Control,45,Cycle,Base Deletion,8022264,582.47,42.00,45.00,-3.00,Before
TCGA-A7-A4SE-Control,-45,Cycle,Base Substitution,7729192,17964.57,26.00,27.59,-1.59,Before
TCGA-A7-A4SE-Control,-45,Cycle,Base Insertion,7727883,326.44,44.00,45.00,-1.00,Before
TCGA-A7-A4SE-Control,-45,Cycle,Base Deletion,7727883,556.51,42.00,45.00,-3.00,Before
TCGA-A7-A4SE-Control,46,Cycle,Base Substitution,8016664,22565.84,26.00,26.55,-0.55,Before
TCGA-A7-A4SE-Control,46,Cycle,Base Insertion,8015662,351.35,44.00,45.00,-1.00,Before
TCGA-A7-A4SE-Control,46,Cycle,Base Deletion,8015662,578.39,42.00,45.00,-3.00,Before
TCGA-A7-A4SE-Control,-46,Cycle,Base Substitution,7715992,20047.03,26.00,26.91,-0.91,Before
TCGA-A7-A4SE-Control,-46,Cycle,Base Insertion,7714726,315.95,44.00,45.00,-1.00,Before
TCGA-A7-A4SE-Control,-46,Cycle,Base Deletion,7714726,552.10,42.00,45.00,-3.00,Before
TCGA-A7-A4SE-Control,47,Cycle,Base Substitution,8012042,23511.45,25.00,26.40,-1.40,Before
TCGA-A7-A4SE-Control,47,Cycle,Base Insertion,8010999,352.22,44.00,45.00,-1.00,Before
TCGA-A7-A4SE-Control,47,Cycle,Base Deletion,8010999,578.08,42.00,45.00,-3.00,Before
TCGA-A7-A4SE-Control,-47,Cycle,Base Substitution,7708229,18387.72,26.00,27.31,-1.31,Before
TCGA-A7-A4SE-Control,-47,Cycle,Base Insertion,7706939,338.75,44.00,45.00,-1.00,Before
TCGA-A7-A4SE-Control,-47,Cycle,Base Deletion,7706939,553.10,42.00,45.00,-3.00,Before
TCGA-A7-A4SE-Control,48,Cycle,Base Substitution,8009084,20146.07,26.00,27.26,-1.26,Before
TCGA-A7-A4SE-Control,48,Cycle,Base Insertion,8008022,349.52,44.00,45.00,-1.00,Before
TCGA-A7-A4SE-Control,48,Cycle,Base Deletion,8008022,594.56,42.00,45.00,-3.00,Before
TCGA-A7-A4SE-Control,-48,Cycle,Base Substitution,7697406,19671.78,26.00,27.09,-1.09,Before
TCGA-A7-A4SE-Control,-48,Cycle,Base Insertion,7696139,327.40,44.00,45.00,-1.00,Before
TCGA-A7-A4SE-Control,-48,Cycle,Base Deletion,7696139,548.64,42.00,45.00,-3.00,Before
TCGA-A7-A4SE-Control,49,Cycle,Base Substitution,8007006,18032.14,26.00,27.83,-1.83,Before
TCGA-A7-A4SE-Control,49,Cycle,Base Insertion,8005847,316.14,44.00,45.00,-1.00,Before
TCGA-A7-A4SE-Control,49,Cycle,Base Deletion,8005847,578.24,42.00,45.00,-3.00,Before
TCGA-A7-A4SE-Control,-49,Cycle,Base Substitution,7686466,20212.31,26.00,26.94,-0.94,Before
TCGA-A7-A4SE-Control,-49,Cycle,Base Insertion,7685160,316.91,44.00,45.00,-1.00,Before
TCGA-A7-A4SE-Control,-49,Cycle,Base Deletion,7685160,547.23,42.00,45.00,-3.00,Before
TCGA-A7-A4SE-Control,50,Cycle,Base Substitution,8001357,20208.96,26.00,27.30,-1.30,Before
TCGA-A7-A4SE-Control,50,Cycle,Base Insertion,8000170,355.96,44.00,45.00,-1.00,Before
TCGA-A7-A4SE-Control,50,Cycle,Base Deletion,8000170,573.05,42.00,45.00,-3.00,Before
TCGA-A7-A4SE-Control,-50,Cycle,Base Substitution,7673740,21190.74,26.00,26.71,-0.71,Before
TCGA-A7-A4SE-Control,-50,Cycle,Base Insertion,7672377,336.12,44.00,45.00,-1.00,Before
TCGA-A7-A4SE-Control,-50,Cycle,Base Deletion,7672377,532.71,42.00,45.00,-3.00,Before
TCGA-A7-A4SE-Control,51,Cycle,Base Substitution,7997555,20588.04,26.00,27.26,-1.26,Before
TCGA-A7-A4SE-Control,51,Cycle,Base Insertion,7996329,337.13,44.00,45.00,-1.00,Before
TCGA-A7-A4SE-Control,51,Cycle,Base Deletion,7996329,562.65,42.00,45.00,-3.00,Before
TCGA-A7-A4SE-Control,-51,Cycle,Base Substitution,7663640,22448.09,25.00,26.30,-1.30,Before
TCGA-A7-A4SE-Control,-51,Cycle,Base Insertion,7662195,309.10,44.00,45.00,-1.00,Before
TCGA-A7-A4SE-Control,-51,Cycle,Base Deletion,7662195,529.63,42.00,45.00,-3.00,Before
TCGA-A7-A4SE-Control,52,Cycle,Base Substitution,7992999,19102.92,26.00,27.69,-1.69,Before
TCGA-A7-A4SE-Control,52,Cycle,Base Insertion,7991700,351.98,44.00,45.00,-1.00,Before
TCGA-A7-A4SE-Control,52,Cycle,Base Deletion,7991700,574.78,42.00,45.00,-3.00,Before
TCGA-A7-A4SE-Control,-52,Cycle,Base Substitution,7657457,20520.71,26.00,26.76,-0.76,Before
TCGA-A7-A4SE-Control,-52,Cycle,Base Insertion,7655925,332.32,44.00,45.00,-1.00,Before
TCGA-A7-A4SE-Control,-52,Cycle,Base Deletion,7655925,524.72,42.00,45.00,-3.00,Before
TCGA-A7-A4SE-Control,53,Cycle,Base Substitution,7985096,23765.47,25.00,26.64,-1.64,Before
TCGA-A7-A4SE-Control,53,Cycle,Base Insertion,7983725,343.87,44.00,45.00,-1.00,Before
TCGA-A7-A4SE-Control,53,Cycle,Base Deletion,7983725,564.02,42.00,45.00,-3.00,Before
TCGA-A7-A4SE-Control,-53,Cycle,Base Substitution,7651274,17857.05,26.00,27.40,-1.40,Before
TCGA-A7-A4SE-Control,-53,Cycle,Base Insertion,7649667,307.39,44.00,45.00,-1.00,Before
TCGA-A7-A4SE-Control,-53,Cycle,Base Deletion,7649667,520.54,42.00,45.00,-3.00,Before
TCGA-A7-A4SE-Control,54,Cycle,Base Substitution,7982904,19683.14,26.00,27.51,-1.51,Before
TCGA-A7-A4SE-Control,54,Cycle,Base Insertion,7981449,307.31,44.00,45.00,-1.00,Before
TCGA-A7-A4SE-Control,54,Cycle,Base Deletion,7981449,562.58,42.00,45.00,-3.00,Before
TCGA-A7-A4SE-Control,-54,Cycle,Base Substitution,7643174,18252.20,26.00,27.52,-1.52,Before
TCGA-A7-A4SE-Control,-54,Cycle,Base Insertion,7641570,285.77,44.00,45.00,-1.00,Before
TCGA-A7-A4SE-Control,-54,Cycle,Base Deletion,7641570,531.28,42.00,45.00,-3.00,Before
TCGA-A7-A4SE-Control,55,Cycle,Base Substitution,7975845,18798.85,26.00,27.70,-1.70,Before
TCGA-A7-A4SE-Control,55,Cycle,Base Insertion,7974360,321.44,44.00,45.00,-1.00,Before
TCGA-A7-A4SE-Control,55,Cycle,Base Deletion,7974360,582.06,42.00,45.00,-3.00,Before
TCGA-A7-A4SE-Control,-55,Cycle,Base Substitution,7631520,19043.94,26.00,27.24,-1.24,Before
TCGA-A7-A4SE-Control,-55,Cycle,Base Insertion,7629878,291.28,44.00,45.00,-1.00,Before
TCGA-A7-A4SE-Control,-55,Cycle,Base Deletion,7629878,529.97,42.00,45.00,-3.00,Before
TCGA-A7-A4SE-Control,56,Cycle,Base Substitution,7968541,22485.51,26.00,26.86,-0.86,Before
TCGA-A7-A4SE-Control,56,Cycle,Base Insertion,7967009,314.04,44.00,45.00,-1.00,Before
TCGA-A7-A4SE-Control,56,Cycle,Base Deletion,7967009,578.77,42.00,45.00,-3.00,Before
TCGA-A7-A4SE-Control,-56,Cycle,Base Substitution,7622638,19076.83,26.00,27.30,-1.30,Before
TCGA-A7-A4SE-Control,-56,Cycle,Base Insertion,7621011,281.69,44.00,45.00,-1.00,Before
TCGA-A7-A4SE-Control,-56,Cycle,Base Deletion,7621011,514.84,42.00,45.00,-3.00,Before
TCGA-A7-A4SE-Control,57,Cycle,Base Substitution,7960778,23895.86,25.00,26.51,-1.51,Before
TCGA-A7-A4SE-Control,57,Cycle,Base Insertion,7959230,351.74,44.00,45.00,-1.00,Before
TCGA-A7-A4SE-Control,57,Cycle,Base Deletion,7959230,573.29,42.00,45.00,-3.00,Before
TCGA-A7-A4SE-Control,-57,Cycle,Base Substitution,7612241,20326.91,26.00,26.98,-0.98,Before
TCGA-A7-A4SE-Control,-57,Cycle,Base Insertion,7610538,306.43,44.00,45.00,-1.00,Before
TCGA-A7-A4SE-Control,-57,Cycle,Base Deletion,7610538,521.80,42.00,45.00,-3.00,Before
TCGA-A7-A4SE-Control,58,Cycle,Base Substitution,7954172,22875.03,25.00,26.73,-1.73,Before
TCGA-A7-A4SE-Control,58,Cycle,Base Insertion,7952589,329.41,44.00,45.00,-1.00,Before
TCGA-A7-A4SE-Control,58,Cycle,Base Deletion,7952589,570.25,42.00,45.00,-3.00,Before
TCGA-A7-A4SE-Control,-58,Cycle,Base Substitution,7604858,16845.61,27.00,27.92,-0.92,Before
TCGA-A7-A4SE-Control,-58,Cycle,Base Insertion,7603089,290.69,44.00,45.00,-1.00,Before
TCGA-A7-A4SE-Control,-58,Cycle,Base Deletion,7603089,504.97,42.00,45.00,-3.00,Before
TCGA-A7-A4SE-Control,59,Cycle,Base Substitution,7949861,19525.95,26.00,27.44,-1.44,Before
TCGA-A7-A4SE-Control,59,Cycle,Base Insertion,7948225,334.33,44.00,45.00,-1.00,Before
TCGA-A7-A4SE-Control,59,Cycle,Base Deletion,7948225,565.61,42.00,45.00,-3.00,Before
TCGA-A7-A4SE-Control,-59,Cycle,Base Substitution,7594067,17532.71,26.00,27.77,-1.77,Before
TCGA-A7-A4SE-Control,-59,Cycle,Base Insertion,7592312,300.81,44.00,45.00,-1.00,Before
TCGA-A7-A4SE-Control,-59,Cycle,Base Deletion,7592312,511.31,42.00,45.00,-3.00,Before
TCGA-A7-A4SE-Control,60,Cycle,Base Substitution,7944347,18074.45,26.00,28.07,-2.07,Before
TCGA-A7-A4SE-Control,60,Cycle,Base Insertion,7942646,321.13,44.00,45.00,-1.00,Before
TCGA-A7-A4SE-Control,60,Cycle,Base Deletion,7942646,555.86,42.00,45.00,-3.00,Before
TCGA-A7-A4SE-Control,-60,Cycle,Base Substitution,7584259,16921.14,27.00,27.90,-0.90,Before
TCGA-A7-A4SE-Control,-60,Cycle,Base Insertion,7582447,303.24,44.00,45.00,-1.00,Before
TCGA-A7-A4SE-Control,-60,Cycle,Base Deletion,7582447,509.79,42.00,45.00,-3.00,Before
TCGA-A7-A4SE-Control,61,Cycle,Base Substitution,7936984,19176.19,26.00,27.60,-1.60,Before
TCGA-A7-A4SE-Control,61,Cycle,Base Insertion,7935219,330.07,44.00,45.00,-1.00,Before
TCGA-A7-A4SE-Control,61,Cycle,Base Deletion,7935219,575.75,42.00,45.00,-3.00,Before
TCGA-A7-A4SE-Control,-61,Cycle,Base Substitution,7575995,16150.76,27.00,28.16,-1.16,Before
TCGA-A7-A4SE-Control,-61,Cycle,Base Insertion,7574156,296.84,44.00,45.00,-1.00,Before
TCGA-A7-A4SE-Control,-61,Cycle,Base Deletion,7574156,515.06,42.00,45.00,-3.00,Before
TCGA-A7-A4SE-Control,62,Cycle,Base Substitution,7929147,20440.71,26.00,27.33,-1.33,Before
TCGA-A7-A4SE-Control,62,Cycle,Base Insertion,7927423,324.07,44.00,45.00,-1.00,Before
TCGA-A7-A4SE-Control,62,Cycle,Base Deletion,7927423,571.95,42.00,45.00,-3.00,Before
TCGA-A7-A4SE-Control,-62,Cycle,Base Substitution,7566193,16545.10,27.00,28.15,-1.15,Before
TCGA-A7-A4SE-Control,-62,Cycle,Base Insertion,7564288,304.49,44.00,45.00,-1.00,Before
TCGA-A7-A4SE-Control,-62,Cycle,Base Deletion,7564288,514.78,42.00,45.00,-3.00,Before
TCGA-A7-A4SE-Control,63,Cycle,Base Substitution,7921070,20687.33,26.00,27.31,-1.31,Before
TCGA-A7-A4SE-Control,63,Cycle,Base Insertion,7919216,333.56,44.00,45.00,-1.00,Before
TCGA-A7-A4SE-Control,63,Cycle,Base Deletion,7919216,573.49,42.00,45.00,-3.00,Before
TCGA-A7-A4SE-Control,-63,Cycle,Base Substitution,7557389,16108.40,27.00,28.31,-1.31,Before
TCGA-A7-A4SE-Control,-63,Cycle,Base Insertion,7555382,288.23,44.00,45.00,-1.00,Before
TCGA-A7-A4SE-Control,-63,Cycle,Base Deletion,7555382,508.17,42.00,45.00,-3.00,Before
TCGA-A7-A4SE-Control,64,Cycle,Base Substitution,7913703,18450.84,26.00,27.86,-1.86,Before
TCGA-A7-A4SE-Control,64,Cycle,Base Insertion,7911769,309.91,44.00,45.00,-1.00,Before
TCGA-A7-A4SE-Control,64,Cycle,Base Deletion,7911769,565.67,42.00,45.00,-3.00,Before
TCGA-A7-A4SE-Control,-64,Cycle,Base Substitution,7546859,16414.40,27.00,28.33,-1.33,Before
TCGA-A7-A4SE-Control,-64,Cycle,Base Insertion,7544755,279.05,44.00,45.00,-1.00,Before
TCGA-A7-A4SE-Control,-64,Cycle,Base Deletion,7544755,500.34,42.00,45.00,-3.00,Before
TCGA-A7-A4SE-Control,65,Cycle,Base Substitution,7904157,20893.68,26.00,27.27,-1.27,Before
TCGA-A7-A4SE-Control,65,Cycle,Base Insertion,7902150,303.76,44.00,45.00,-1.00,Before
TCGA-A7-A4SE-Control,65,Cycle,Base Deletion,7902150,555.47,42.00,45.00,-3.00,Before
TCGA-A7-A4SE-Control,-65,Cycle,Base Substitution,7538196,16091.27,27.00,28.37,-1.37,Before
TCGA-A7-A4SE-Control,-65,Cycle,Base Insertion,7535980,291.12,44.00,45.00,-1.00,Before
TCGA-A7-A4SE-Control,-65,Cycle,Base Deletion,7535980,496.25,42.00,45.00,-3.00,Before
TCGA-A7-A4SE-Control,66,Cycle,Base Substitution,7896134,19583.88,26.00,27.45,-1.45,Before
TCGA-A7-A4SE-Control,66,Cycle,Base Insertion,7893962,287.79,45.00,45.00,0.00,Before
TCGA-A7-A4SE-Control,66,Cycle,Base Deletion,7893962,548.51,42.00,45.00,-3.00,Before
TCGA-A7-A4SE-Control,-66,Cycle,Base Substitution,7525466,17190.26,26.00,28.03,-2.03,Before
TCGA-A7-A4SE-Control,-66,Cycle,Base Insertion,7523108,280.28,44.00,45.00,-1.00,Before
TCGA-A7-A4SE-Control,-66,Cycle,Base Deletion,7523108,492.42,42.00,45.00,-3.00,Before
TCGA-A7-A4SE-Control,67,Cycle,Base Substitution,7887362,20649.25,26.00,27.28,-1.28,Before
TCGA-A7-A4SE-Control,67,Cycle,Base Insertion,7885083,283.42,45.00,45.00,0.00,Before
TCGA-A7-A4SE-Control,67,Cycle,Base Deletion,7885083,535.85,42.00,45.00,-3.00,Before
TCGA-A7-A4SE-Control,-67,Cycle,Base Substitution,7517028,15480.49,27.00,28.62,-1.62,Before
TCGA-A7-A4SE-Control,-67,Cycle,Base Insertion,7514589,272.25,45.00,45.00,0.00,Before
TCGA-A7-A4SE-Control,-67,Cycle,Base Deletion,7514589,476.61,42.00,45.00,-3.00,Before
TCGA-A7-A4SE-Control,68,Cycle,Base Substitution,7881544,18887.66,26.00,27.88,-1.88,Before
TCGA-A7-A4SE-Control,68,Cycle,Base Insertion,7879186,307.42,44.00,45.00,-1.00,Before
TCGA-A7-A4SE-Control,68,Cycle,Base Deletion,7879186,540.53,42.00,45.00,-3.00,Before
TCGA-A7-A4SE-Control,-68,Cycle,Base Substitution,7505235,15445.04,27.00,28.69,-1.69,Before
TCGA-A7-A4SE-Control,-68,Cycle,Base Insertion,7502725,306.83,44.00,45.00,-1.00,Before
TCGA-A7-A4SE-Control,-68,Cycle,Base Deletion,7502725,486.86,42.00,45.00,-3.00,Before
TCGA-A7-A4SE-Control,69,Cycle,Base Substitution,7870225,19073.00,26.00,27.75,-1.75,Before
TCGA-A7-A4SE-Control,69,Cycle,Base Insertion,7867710,287.87,44.00,45.00,-1.00,Before
TCGA-A7-A4SE-Control,69,Cycle,Base Deletion,7867710,540.81,42.00,45.00,-3.00,Before
TCGA-A7-A4SE-Control,-69,Cycle,Base Substitution,7492627,15457.68,27.00,28.63,-1.63,Before
TCGA-A7-A4SE-Control,-69,Cycle,Base Insertion,7490002,276.20,44.00,45.00,-1.00,Before
TCGA-A7-A4SE-Control,-69,Cycle,Base Deletion,7490002,493.78,42.00,45.00,-3.00,Before
TCGA-A7-A4SE-Control,70,Cycle,Base Substitution,7859407,20792.13,26.00,27.28,-1.28,Before
TCGA-A7-A4SE-Control,70,Cycle,Base Insertion,7856772,299.80,44.00,45.00,-1.00,Before
TCGA-A7-A4SE-Control,70,Cycle,Base Deletion,7856772,531.90,42.00,45.00,-3.00,Before
TCGA-A7-A4SE-Control,-70,Cycle,Base Substitution,7476299,15648.74,27.00,28.47,-1.47,Before
TCGA-A7-A4SE-Control,-70,Cycle,Base Insertion,7473551,285.41,44.00,45.00,-1.00,Before
TCGA-A7-A4SE-Control,-70,Cycle,Base Deletion,7473551,488.65,42.00,45.00,-3.00,Before
TCGA-A7-A4SE-Control,71,Cycle,Base Substitution,7851042,18156.77,26.00,27.96,-1.96,Before
TCGA-A7-A4SE-Control,71,Cycle,Base Insertion,7848298,290.55,44.00,45.00,-1.00,Before
TCGA-A7-A4SE-Control,71,Cycle,Base Deletion,7848298,526.37,42.00,45.00,-3.00,Before
TCGA-A7-A4SE-Control,-71,Cycle,Base Substitution,7464160,16062.72,27.00,28.57,-1.57,Before
TCGA-A7-A4SE-Control,-71,Cycle,Base Insertion,7461231,272.08,45.00,45.00,0.00,Before
TCGA-A7-A4SE-Control,-71,Cycle,Base Deletion,7461231,479.17,42.00,45.00,-3.00,Before
TCGA-A7-A4SE-Control,72,Cycle,Base Substitution,7840930,18475.93,26.00,27.83,-1.83,Before
TCGA-A7-A4SE-Control,72,Cycle,Base Insertion,7837837,289.42,44.00,45.00,-1.00,Before
TCGA-A7-A4SE-Control,72,Cycle,Base Deletion,7837837,541.34,42.00,45.00,-3.00,Before
TCGA-A7-A4SE-Control,-72,Cycle,Base Substitution,7447709,16075.52,27.00,28.32,-1.32,Before
TCGA-A7-A4SE-Control,-72,Cycle,Base Insertion,7444495,281.86,44.00,45.00,-1.00,Before
TCGA-A7-A4SE-Control,-72,Cycle,Base Deletion,7444495,487.41,42.00,45.00,-3.00,Before
TCGA-A7-A4SE-Control,73,Cycle,Base Substitution,7829761,20028.58,26.00,27.57,-1.57,Before
TCGA-A7-A4SE-Control,73,Cycle,Base Insertion,7826401,281.57,45.00,45.00,0.00,Before
TCGA-A7-A4SE-Control,73,Cycle,Base Deletion,7826401,538.44,42.00,45.00,-3.00,Before
TCGA-A7-A4SE-Control,-73,Cycle,Base Substitution,7434361,17023.59,26.00,28.19,-2.19,Before
TCGA-A7-A4SE-Control,-73,Cycle,Base Insertion,7430924,270.98,45.00,45.00,0.00,Before
TCGA-A7-A4SE-Control,-73,Cycle,Base Deletion,7430924,478.55,42.00,45.00,-3.00,Before
TCGA-A7-A4SE-Control,74,Cycle,Base Substitution,7817303,21344.82,26.00,27.16,-1.16,Before
TCGA-A7-A4SE-Control,74,Cycle,Base Insertion,7813636,278.73,45.00,45.00,0.00,Before
TCGA-A7-A4SE-Control,74,Cycle,Base Deletion,7813636,510.52,42.00,45.00,-3.00,Before
TCGA-A7-A4SE-Control,-74,Cycle,Base Substitution,7417497,17374.98,26.00,27.94,-1.94,Before
TCGA-A7-A4SE-Control,-74,Cycle,Base Insertion,7413784,259.67,45.00,45.00,0.00,Before
TCGA-A7-A4SE-Control,-74,Cycle,Base Deletion,7413784,479.13,42.00,45.00,-3.00,Before
TCGA-A7-A4SE-Control,75,Cycle,Base Substitution,7806415,20651.25,26.00,27.22,-1.22,Before
TCGA-A7-A4SE-Control,75,Cycle,Base Insertion,7802421,277.30,45.00,45.00,0.00,Before
TCGA-A7-A4SE-Control,75,Cycle,Base Deletion,7802421,509.68,42.00,45.00,-3.00,Before
TCGA-A7-A4SE-Control,-75,Cycle,Base Substitution,7404789,16399.35,27.00,28.27,-1.27,Before
TCGA-A7-A4SE-Control,-75,Cycle,Base Insertion,7400657,267.81,45.00,45.00,0.00,Before
TCGA-A7-A4SE-Control,-75,Cycle,Base Deletion,7400657,464.84,42.00,45.00,-3.00,Before
TCGA-A7-A4SE-Control,76,Cycle,Base Substitution,7799727,18051.79,26.00,27.85,-1.85,Before
TCGA-A7-A4SE-Control,76,Cycle,Base Insertion,7795448,281.38,45.00,45.00,0.00,Before
TCGA-A7-A4SE-Control,76,Cycle,Base Deletion,7795448,498.60,42.00,45.00,-3.00,Before
TCGA-A7-A4SE-Control,-76,Cycle,Base Substitution,7390287,17341.86,26.00,27.96,-1.96,Before
TCGA-A7-A4SE-Control,-76,Cycle,Base Insertion,7385829,242.47,45.00,45.00,0.00,Before
TCGA-A7-A4SE-Control,-76,Cycle,Base Deletion,7385829,478.39,42.00,45.00,-3.00,Before
TCGA-A7-A4SE-Control,77,Cycle,Base Substitution,7789058,19455.41,26.00,27.66,-1.66,Before
TCGA-A7-A4SE-Control,77,Cycle,Base Insertion,7784278,269.09,45.00,45.00,0.00,Before
TCGA-A7-A4SE-Control,77,Cycle,Base Deletion,7784278,488.24,42.00,45.00,-3.00,Before
TCGA-A7-A4SE-Control,-77,Cycle,Base Substitution,7381474,16410.41,27.00,28.29,-1.29,Before
TCGA-A7-A4SE-Control,-77,Cycle,Base Insertion,7376412,265.39,45.00,45.00,0.00,Before
TCGA-A7-A4SE-Control,-77,Cycle,Base Deletion,7376412,462.36,42.00,45.00,-3.00,Before
TCGA-A7-A4SE-Control,78,Cycle,Base Substitution,7780290,17828.11,26.00,28.09,-2.09,Before
TCGA-A7-A4SE-Control,78,Cycle,Base Insertion,7774987,261.12,45.00,45.00,0.00,Before
TCGA-A7-A4SE-Control,78,Cycle,Base Deletion,7774987,487.39,42.00,45.00,-3.00,Before
TCGA-A7-A4SE-Control,-78,Cycle,Base Substitution,7362602,16257.11,27.00,28.21,-1.21,Before
TCGA-A7-A4SE-Control,-78,Cycle,Base Insertion,7356183,255.64,45.00,45.00,0.00,Before
TCGA-A7-A4SE-Control,-78,Cycle,Base Deletion,7356183,459.78,42.00,45.00,-3.00,Before
TCGA-A7-A4SE-Control,79,Cycle,Base Substitution,7768730,17034.19,27.00,28.24,-1.24,Before
TCGA-A7-A4SE-Control,79,Cycle,Base Insertion,7762791,264.37,45.00,45.00,0.00,Before
TCGA-A7-A4SE-Control,79,Cycle,Base Deletion,7762791,480.97,42.00,45.00,-3.00,Before
TCGA-A7-A4SE-Control,-79,Cycle,Base Substitution,7349975,16893.31,26.00,28.12,-2.12,Before
TCGA-A7-A4SE-Control,-79,Cycle,Base Insertion,7342815,254.90,45.00,45.00,0.00,Before
TCGA-A7-A4SE-Control,-79,Cycle,Base Deletion,7342815,456.33,43.00,45.00,-2.00,Before
TCGA-A7-A4SE-Control,80,Cycle,Base Substitution,7753857,18050.52,26.00,28.07,-2.07,Before
TCGA-A7-A4SE-Control,80,Cycle,Base Insertion,7747264,267.38,45.00,45.00,0.00,Before
TCGA-A7-A4SE-Control,80,Cycle,Base Deletion,7747264,455.26,43.00,45.00,-2.00,Before
TCGA-A7-A4SE-Control,-80,Cycle,Base Substitution,7335459,16138.63,27.00,28.23,-1.23,Before
TCGA-A7-A4SE-Control,-80,Cycle,Base Insertion,7327754,247.11,45.00,45.00,0.00,Before
TCGA-A7-A4SE-Control,-80,Cycle,Base Deletion,7327754,454.22,43.00,45.00,-2.00,Before
TCGA-A7-A4SE-Control,81,Cycle,Base Substitution,7744760,16859.25,27.00,28.38,-1.38,Before
TCGA-A7-A4SE-Control,81,Cycle,Base Insertion,7737571,245.26,45.00,45.00,0.00,Before
TCGA-A7-A4SE-Control,81,Cycle,Base Deletion,7737571,465.25,43.00,45.00,-2.00,Before
TCGA-A7-A4SE-Control,-81,Cycle,Base Substitution,7322293,16148.61,27.00,28.35,-1.35,Before
TCGA-A7-A4SE-Control,-81,Cycle,Base Insertion,7314157,230.76,45.00,45.00,0.00,Before
TCGA-A7-A4SE-Control,-81,Cycle,Base Deletion,7314157,434.94,43.00,45.00,-2.00,Before
TCGA-A7-A4SE-Control,82,Cycle,Base Substitution,7723726,18063.12,26.00,27.92,-1.92,Before
TCGA-A7-A4SE-Control,82,Cycle,Base Insertion,7715777,245.01,45.00,45.00,0.00,Before
TCGA-A7-A4SE-Control,82,Cycle,Base Deletion,7715777,452.13,43.00,45.00,-2.00,Before
TCGA-A7-A4SE-Control,-82,Cycle,Base Substitution,7306058,15220.14,27.00,28.67,-1.67,Before
TCGA-A7-A4SE-Control,-82,Cycle,Base Insertion,7297983,225.11,45.00,45.00,0.00,Before
TCGA-A7-A4SE-Control,-82,Cycle,Base Deletion,7297983,421.80,43.00,45.00,-2.00,Before
TCGA-A7-A4SE-Control,83,Cycle,Base Substitution,7706330,21704.43,26.00,27.12,-1.12,Before
TCGA-A7-A4SE-Control,83,Cycle,Base Insertion,7697644,212.45,45.00,45.00,0.00,Before
TCGA-A7-A4SE-Control,83,Cycle,Base Deletion,7697644,436.83,43.00,45.00,-2.00,Before
TCGA-A7-A4SE-Control,-83,Cycle,Base Substitution,7286812,15821.16,27.00,28.41,-1.41,Before
TCGA-A7-A4SE-Control,-83,Cycle,Base Insertion,7278297,235.98,45.00,45.00,0.00,Before
TCGA-A7-A4SE-Control,-83,Cycle,Base Deletion,7278297,414.72,43.00,45.00,-2.00,Before
TCGA-A7-A4SE-Control,84,Cycle,Base Substitution,7692905,16965.38,27.00,28.41,-1.41,Before
TCGA-A7-A4SE-Control,84,Cycle,Base Insertion,7683381,211.20,45.00,45.00,0.00,Before
TCGA-A7-A4SE-Control,84,Cycle,Base Deletion,7683381,428.87,43.00,45.00,-2.00,Before
TCGA-A7-A4SE-Control,-84,Cycle,Base Substitution,7271460,14528.43,27.00,28.77,-1.77,Before
TCGA-A7-A4SE-Control,-84,Cycle,Base Insertion,7262039,225.12,45.00,45.00,0.00,Before
TCGA-A7-A4SE-Control,-84,Cycle,Base Deletion,7262039,398.23,43.00,45.00,-2.00,Before
TCGA-A7-A4SE-Control,85,Cycle,Base Substitution,7672247,20206.31,26.00,27.59,-1.59,Before
TCGA-A7-A4SE-Control,85,Cycle,Base Insertion,7661741,220.90,45.00,45.00,0.00,Before
TCGA-A7-A4SE-Control,85,Cycle,Base Deletion,7661741,417.66,43.00,45.00,-2.00,Before
TCGA-A7-A4SE-Control,-85,Cycle,Base Substitution,7252437,15197.88,27.00,28.65,-1.65,Before
TCGA-A7-A4SE-Control,-85,Cycle,Base Insertion,7242035,222.33,45.00,45.00,0.00,Before
TCGA-A7-A4SE-Control,-85,Cycle,Base Deletion,7242035,397.63,43.00,45.00,-2.00,Before
TCGA-A7-A4SE-Control,86,Cycle,Base Substitution,7653736,18644.14,26.00,27.91,-1.91,Before
TCGA-A7-A4SE-Control,86,Cycle,Base Insertion,7642270,220.63,45.00,45.00,0.00,Before
TCGA-A7-A4SE-Control,86,Cycle,Base Deletion,7642270,411.43,43.00,45.00,-2.00,Before
TCGA-A7-A4SE-Control,-86,Cycle,Base Substitution,7232403,15071.87,27.00,28.79,-1.79,Before
TCGA-A7-A4SE-Control,-86,Cycle,Base Insertion,7221045,209.89,45.00,45.00,0.00,Before
TCGA-A7-A4SE-Control,-86,Cycle,Base Deletion,7221045,386.86,43.00,45.00,-2.00,Before
TCGA-A7-A4SE-Control,87,Cycle,Base Substitution,7630553,21936.76,25.00,26.97,-1.97,Before
TCGA-A7-A4SE-Control,87,Cycle,Base Insertion,7617690,225.03,45.00,45.00,0.00,Before
TCGA-A7-A4SE-Control,87,Cycle,Base Deletion,7617690,390.03,43.00,45.00,-2.00,Before
TCGA-A7-A4SE-Control,-87,Cycle,Base Substitution,7211688,14692.27,27.00,28.79,-1.79,Before
TCGA-A7-A4SE-Control,-87,Cycle,Base Insertion,7198850,192.12,46.00,45.00,1.00,Before
TCGA-A7-A4SE-Control,-87,Cycle,Base Deletion,7198850,371.02,43.00,45.00,-2.00,Before
TCGA-A7-A4SE-Control,88,Cycle,Base Substitution,7611644,17308.57,26.00,28.19,-2.19,Before
TCGA-A7-A4SE-Control,88,Cycle,Base Insertion,7597253,200.83,46.00,45.00,1.00,Before
TCGA-A7-A4SE-Control,88,Cycle,Base Deletion,7597253,375.40,43.00,45.00,-2.00,Before
TCGA-A7-A4SE-Control,-88,Cycle,Base Substitution,7187005,14929.43,27.00,28.69,-1.69,Before
TCGA-A7-A4SE-Control,-88,Cycle,Base Insertion,7172686,201.10,45.00,45.00,0.00,Before
TCGA-A7-A4SE-Control,-88,Cycle,Base Deletion,7172686,350.84,43.00,45.00,-2.00,Before
TCGA-A7-A4SE-Control,89,Cycle,Base Substitution,7585706,18920.70,26.00,27.80,-1.80,Before
TCGA-A7-A4SE-Control,89,Cycle,Base Insertion,7569592,193.88,46.00,45.00,1.00,Before
TCGA-A7-A4SE-Control,89,Cycle,Base Deletion,7569592,355.06,44.00,45.00,-1.00,Before
TCGA-A7-A4SE-Control,-89,Cycle,Base Substitution,7161814,15238.20,27.00,28.69,-1.69,Before
TCGA-A7-A4SE-Control,-89,Cycle,Base Insertion,7146045,171.85,46.00,45.00,1.00,Before
TCGA-A7-A4SE-Control,-89,Cycle,Base Deletion,7146045,343.85,44.00,45.00,-1.00,Before
TCGA-A7-A4SE-Control,90,Cycle,Base Substitution,7556532,17483.86,26.00,28.17,-2.17,Before
TCGA-A7-A4SE-Control,90,Cycle,Base Insertion,7538824,187.92,46.00,45.00,1.00,Before
TCGA-A7-A4SE-Control,90,Cycle,Base Deletion,7538824,339.43,44.00,45.00,-1.00,Before
TCGA-A7-A4SE-Control,-90,Cycle,Base Substitution,7137111,14122.94,27.00,29.03,-2.03,Before
TCGA-A7-A4SE-Control,-90,Cycle,Base Insertion,7119730,139.36,46.00,45.00,1.00,Before
TCGA-A7-A4SE-Control,-90,Cycle,Base Deletion,7119730,314.77,44.00,45.00,-1.00,Before
TCGA-A7-A4SE-Control,91,Cycle,Base Substitution,7530243,15439.44,27.00,28.86,-1.86,Before
TCGA-A7-A4SE-Control,91,Cycle,Base Insertion,7511165,154.48,46.00,45.00,1.00,Before
TCGA-A7-A4SE-Control,91,Cycle,Base Deletion,7511165,316.31,44.00,45.00,-1.00,Before
TCGA-A7-A4SE-Control,-91,Cycle,Base Substitution,7107785,13843.54,27.00,29.07,-2.07,Before
TCGA-A7-A4SE-Control,-91,Cycle,Base Insertion,7089051,144.32,46.00,45.00,1.00,Before
TCGA-A7-A4SE-Control,-91,Cycle,Base Deletion,7089051,282.18,44.00,45.00,-1.00,Before
TCGA-A7-A4SE-Control,92,Cycle,Base Substitution,7490854,17109.77,26.00,28.21,-2.21,Before
TCGA-A7-A4SE-Control,92,Cycle,Base Insertion,7468437,135.19,47.00,45.00,2.00,Before
TCGA-A7-A4SE-Control,92,Cycle,Base Deletion,7468437,281.80,44.00,45.00,-1.00,Before
TCGA-A7-A4SE-Control,-92,Cycle,Base Substitution,7075009,13182.50,27.00,29.40,-2.40,Before
TCGA-A7-A4SE-Control,-92,Cycle,Base Insertion,7053035,134.09,46.00,45.00,1.00,Before
TCGA-A7-A4SE-Control,-92,Cycle,Base Deletion,7053035,269.24,44.00,45.00,-1.00,Before
TCGA-A7-A4SE-Control,93,Cycle,Base Substitution,7451359,18343.53,26.00,27.83,-1.83,Before
TCGA-A7-A4SE-Control,93,Cycle,Base Insertion,7426577,140.70,46.00,45.00,1.00,Before
TCGA-A7-A4SE-Control,93,Cycle,Base Deletion,7426577,265.18,45.00,45.00,0.00,Before
TCGA-A7-A4SE-Control,-93,Cycle,Base Substitution,7037363,13421.68,27.00,29.30,-2.30,Before
TCGA-A7-A4SE-Control,-93,Cycle,Base Insertion,7012924,116.49,47.00,45.00,2.00,Before
TCGA-A7-A4SE-Control,-93,Cycle,Base Deletion,7012924,244.85,45.00,45.00,0.00,Before
TCGA-A7-A4SE-Control,94,Cycle,Base Substitution,7405438,17237.25,26.00,28.04,-2.04,Before
TCGA-A7-A4SE-Control,94,Cycle,Base Insertion,7377832,124.00,47.00,45.00,2.00,Before
TCGA-A7-A4SE-Control,94,Cycle,Base Deletion,7377832,244.60,45.00,45.00,0.00,Before
TCGA-A7-A4SE-Control,-94,Cycle,Base Substitution,6995108,12502.83,27.00,29.51,-2.51,Before
TCGA-A7-A4SE-Control,-94,Cycle,Base Insertion,6968057,112.35,47.00,45.00,2.00,Before
TCGA-A7-A4SE-Control,-94,Cycle,Base Deletion,6968057,232.70,45.00,45.00,0.00,Before
TCGA-A7-A4SE-Control,95,Cycle,Base Substitution,7353039,15312.52,27.00,28.70,-1.70,Before
TCGA-A7-A4SE-Control,95,Cycle,Base Insertion,7323180,103.04,47.00,45.00,2.00,Before
TCGA-A7-A4SE-Control,95,Cycle,Base Deletion,7323180,217.29,45.00,45.00,0.00,Before
TCGA-A7-A4SE-Control,-95,Cycle,Base Substitution,6947248,12287.92,28.00,29.55,-1.55,Before
TCGA-A7-A4SE-Control,-95,Cycle,Base Insertion,6917937,90.94,47.00,45.00,2.00,Before
TCGA-A7-A4SE-Control,-95,Cycle,Base Deletion,6917937,200.25,45.00,45.00,0.00,Before
TCGA-A7-A4SE-Control,96,Cycle,Base Substitution,7292758,15877.11,27.00,28.43,-1.43,Before
TCGA-A7-A4SE-Control,96,Cycle,Base Insertion,7264437,75.29,48.00,45.00,3.00,Before
TCGA-A7-A4SE-Control,96,Cycle,Base Deletion,7264437,183.67,46.00,45.00,1.00,Before
TCGA-A7-A4SE-Control,-96,Cycle,Base Substitution,6891768,11711.66,28.00,29.95,-1.95,Before
TCGA-A7-A4SE-Control,-96,Cycle,Base Insertion,6863835,74.76,48.00,45.00,3.00,Before
TCGA-A7-A4SE-Control,-96,Cycle,Base Deletion,6863835,179.11,46.00,45.00,1.00,Before
TCGA-A7-A4SE-Control,97,Cycle,Base Substitution,7226341,14168.74,27.00,28.86,-1.86,Before
TCGA-A7-A4SE-Control,-97,Cycle,Base Substitution,6829825,12093.39,28.00,29.26,-1.26,Before
TCGA-A7-A4SE-Control,98,Cycle,Base Substitution,7154439,14166.21,27.00,28.42,-1.42,Before
TCGA-A7-A4SE-Control,-98,Cycle,Base Substitution,6762693,13239.48,27.00,28.52,-1.52,Before
TCGA-A7-A4SE-Control,99,Cycle,Base Substitution,7082160,8552.88,29.00,29.67,-0.67,Before
TCGA-A7-A4SE-Control,-99,Cycle,Base Substitution,6698521,7374.40,30.00,30.01,-0.01,Before
TCGA-A7-A4SE-Control,100,Cycle,Base Substitution,7033425,7503.56,30.00,30.23,-0.23,Before
TCGA-A7-A4SE-Control,-100,Cycle,Base Substitution,6654341,6598.74,30.00,30.47,-0.47,Before
TCGA-A7-A4SE-Control,6,QualityScore,Base Substitution,622948,120633.04,7.00,6.00,1.00,Before
TCGA-A7-A4SE-Control,7,QualityScore,Base Substitution,892870,146602.56,8.00,7.00,1.00,Before
TCGA-A7-A4SE-Control,8,QualityScore,Base Substitution,1285053,185811.57,8.00,8.00,0.00,Before
TCGA-A7-A4SE-Control,9,QualityScore,Base Substitution,1718183,213825.08,9.00,9.00,0.00,Before
TCGA-A7-A4SE-Control,10,QualityScore,Base Substitution,2081180,211595.63,10.00,10.00,0.00,Before
TCGA-A7-A4SE-Control,11,QualityScore,Base Substitution,2156816,174800.11,11.00,11.00,0.00,Before
TCGA-A7-A4SE-Control,12,QualityScore,Base Substitution,1840023,120215.35,12.00,12.00,0.00,Before
TCGA-A7-A4SE-Control,13,QualityScore,Base Substitution,1529210,78264.38,13.00,13.00,0.00,Before
TCGA-A7-A4SE-Control,14,QualityScore,Base Substitution,1394040,56550.71,14.00,14.00,0.00,Before
TCGA-A7-A4SE-Control,15,QualityScore,Base Substitution,1446623,45871.47,15.00,15.00,0.00,Before
TCGA-A7-A4SE-Control,16,QualityScore,Base Substitution,1731973,43127.87,16.00,16.00,0.00,Before
TCGA-A7-A4SE-Control,17,QualityScore,Base Substitution,2441731,49348.43,17.00,17.00,0.00,Before
TCGA-A7-A4SE-Control,18,QualityScore,Base Substitution,3004644,47416.58,18.00,18.00,0.00,Before
TCGA-A7-A4SE-Control,19,QualityScore,Base Substitution,3663029,46545.72,19.00,19.00,0.00,Before
TCGA-A7-A4SE-Control,20,QualityScore,Base Substitution,4331786,44163.88,20.00,20.00,0.00,Before
TCGA-A7-A4SE-Control,21,QualityScore,Base Substitution,5452189,46178.89,21.00,21.00,0.00,Before
TCGA-A7-A4SE-Control,22,QualityScore,Base Substitution,6588676,47664.83,21.00,22.00,-1.00,Before
TCGA-A7-A4SE-Control,23,QualityScore,Base Substitution,8899581,54748.98,22.00,23.00,-1.00,Before
TCGA-A7-A4SE-Control,24,QualityScore,Base Substitution,11384413,58496.16,23.00,24.00,-1.00,Before
TCGA-A7-A4SE-Control,25,QualityScore,Base Substitution,15055739,66264.96,24.00,25.00,-1.00,Before
TCGA-A7-A4SE-Control,26,QualityScore,Base Substitution,23912534,92222.93,24.00,26.00,-2.00,Before
TCGA-A7-A4SE-Control,27,QualityScore,Base Substitution,27878255,81753.12,25.00,27.00,-2.00,Before
TCGA-A7-A4SE-Control,28,QualityScore,Base Substitution,44040327,109049.42,26.00,28.00,-2.00,Before
TCGA-A7-A4SE-Control,29,QualityScore,Base Substitution,59381912,115017.87,27.00,29.00,-2.00,Before
TCGA-A7-A4SE-Control,30,QualityScore,Base Substitution,91442990,156442.13,28.00,30.00,-2.00,Before
TCGA-A7-A4SE-Control,31,QualityScore,Base Substitution,174118114,263005.44,28.00,31.00,-3.00,Before
TCGA-A7-A4SE-Control,32,QualityScore,Base Substitution,332207519,437645.87,29.00,32.00,-3.00,Before
TCGA-A7-A4SE-Control,33,QualityScore,Base Substitution,302384354,363578.03,29.00,33.00,-4.00,Before
TCGA-A7-A4SE-Control,34,QualityScore,Base Substitution,244562536,260022.22,30.00,34.00,-4.00,Before
TCGA-A7-A4SE-Control,35,QualityScore,Base Substitution,130016302,124934.60,30.00,35.00,-5.00,Before
TCGA-A7-A4SE-Control,36,QualityScore,Base Substitution,39893698,36313.71,30.00,36.00,-6.00,Before
TCGA-A7-A4SE-Control,37,QualityScore,Base Substitution,2096266,1922.70,31.00,37.00,-6.00,Before
TCGA-A7-A4SE-Control,45,QualityScore,Base Insertion,1549455514,58997.79,44.00,45.00,-1.00,Before
TCGA-A7-A4SE-Control,45,QualityScore,Base Deletion,1549455514,95939.73,42.00,45.00,-3.00,Before
TCGA-A7-A4SE-Control,AA,Context,Base Substitution,107673030,246850.84,26.00,26.39,-0.39,After
TCGA-A7-A4SE-Control,AAA,Context,Base Insertion,36241273,6509.78,37.00,37.91,-0.91,After
TCGA-A7-A4SE-Control,AAA,Context,Base Deletion,36241273,15980.31,34.00,33.84,0.16,After
TCGA-A7-A4SE-Control,CA,Context,Base Substitution,118921735,313082.76,26.00,25.73,0.27,After
TCGA-A7-A4SE-Control,CAA,Context,Base Insertion,24134262,865.91,44.00,43.93,0.07,After
TCGA-A7-A4SE-Control,CAA,Context,Base Deletion,24134262,1323.69,43.00,42.83,0.17,After
TCGA-A7-A4SE-Control,GA,Context,Base Substitution,95510566,367382.34,24.00,24.16,-0.16,After
TCGA-A7-A4SE-Control,GAA,Context,Base Insertion,27432819,997.97,44.00,43.93,0.07,After
TCGA-A7-A4SE-Control,GAA,Context,Base Deletion,27432819,1228.06,43.00,42.84,0.16,After
TCGA-A7-A4SE-Control,TA,Context,Base Substitution,63629027,257276.91,24.00,23.97,0.03,After
TCGA-A7-A4SE-Control,TAA,Context,Base Insertion,18423302,865.61,43.00,42.92,0.08,After
TCGA-A7-A4SE-Control,TAA,Context,Base Deletion,18423302,1069.33,42.00,41.84,0.16,After
TCGA-A7-A4SE-Control,AC,Context,Base Substitution,79431039,197917.46,26.00,25.96,0.04,After
TCGA-A7-A4SE-Control,ACA,Context,Base Insertion,27566405,1671.20,42.00,41.93,0.07,After
TCGA-A7-A4SE-Control,ACA,Context,Base Deletion,27566405,2495.60,40.00,39.84,0.16,After
TCGA-A7-A4SE-Control,CC,Context,Base Substitution,115380984,216254.91,27.00,27.43,-0.43,After
TCGA-A7-A4SE-Control,CCA,Context,Base Insertion,35444613,630.10,47.00,46.93,0.07,After
TCGA-A7-A4SE-Control,CCA,Context,Base Deletion,35444613,1261.44,44.00,43.83,0.17,After
TCGA-A7-A4SE-Control,GC,Context,Base Substitution,91962146,281793.80,25.00,25.34,-0.34,After
TCGA-A7-A4SE-Control,GCA,Context,Base Insertion,26794223,572.33,47.00,45.93,1.07,After
TCGA-A7-A4SE-Control,GCA,Context,Base Deletion,26794223,841.09,45.00,44.83,0.17,After
TCGA-A7-A4SE-Control,TC,Context,Base Substitution,96805576,155684.50,28.00,27.76,0.24,After
TCGA-A7-A4SE-Control,TCA,Context,Base Insertion,27643157,546.02,47.00,46.93,0.07,After
TCGA-A7-A4SE-Control,TCA,Context,Base Deletion,27643157,1179.79,44.00,43.84,0.16,After
TCGA-A7-A4SE-Control,AG,Context,Base Substitution,115894223,234054.15,27.00,26.91,0.09,After
TCGA-A7-A4SE-Control,AGA,Context,Base Insertion,31067078,954.37,45.00,44.93,0.07,After
TCGA-A7-A4SE-Control,AGA,Context,Base Deletion,31067078,1434.00,43.00,42.84,0.16,After
TCGA-A7-A4SE-Control,CG,Context,Base Substitution,32195515,211218.75,22.00,21.71,0.29,After
TCGA-A7-A4SE-Control,CGA,Context,Base Insertion,6401848,142.91,46.00,45.94,0.06,After
TCGA-A7-A4SE-Control,CGA,Context,Base Deletion,6401848,139.05,46.00,44.83,1.17,After
TCGA-A7-A4SE-Control,GG,Context,Base Substitution,111688647,274294.63,26.00,26.09,-0.09,After
TCGA-A7-A4SE-Control,GGA,Context,Base Insertion,29624192,681.77,46.00,45.94,0.06,After
TCGA-A7-A4SE-Control,GGA,Context,Base Deletion,29624192,1199.10,44.00,43.84,0.16,After
TCGA-A7-A4SE-Control,TG,Context,Base Substitution,118139040,228752.32,27.00,27.12,-0.12,After
TCGA-A7-A4SE-Control,TGA,Context,Base Insertion,27604439,904.87,45.00,44.93,0.07,After
TCGA-A7-A4SE-Control,TGA,Context,Base Deletion,27604439,975.03,44.00,43.83,0.17,After
TCGA-A7-A4SE-Control,AT,Context,Base Substitution,83402801,209928.90,26.00,25.95,0.05,After
TCGA-A7-A4SE-Control,ATA,Context,Base Insertion,16677675,545.05,45.00,44.92,0.08,After
TCGA-A7-A4SE-Control,ATA,Context,Base Deletion,16677675,945.08,42.00,41.84,0.16,After
TCGA-A7-A4SE-Control,CT,Context,Base Substitution,117412894,198523.84,28.00,27.81,0.19,After
TCGA-A7-A4SE-Control,CTA,Context,Base Insertion,14079277,254.79,47.00,46.92,0.08,After
TCGA-A7-A4SE-Control,CTA,Context,Base Deletion,14079277,622.52,43.00,42.83,0.17,After
TCGA-A7-A4SE-Control,GT,Context,Base Substitution,77351736,204807.19,26.00,25.71,0.29,After
TCGA-A7-A4SE-Control,GTA,Context,Base Insertion,13455461,474.80,44.00,43.93,0.07,After
TCGA-A7-A4SE-Control,GTA,Context,Base Deletion,13455461,489.14,44.00,43.83,0.17,After
TCGA-A7-A4SE-Control,TT,Context,Base Substitution,107965064,236748.36,27.00,26.59,0.41,After
TCGA-A7-A4SE-Control,TTA,Context,Base Insertion,18525699,695.12,44.00,43.92,0.08,After
TCGA-A7-A4SE-Control,TTA,Context,Base Deletion,18525699,1282.39,42.00,41.84,0.16,After
TCGA-A7-A4SE-Control,AAC,Context,Base Insertion,18934187,728.96,44.00,43.93,0.07,After
TCGA-A7-A4SE-Control,AAC,Context,Base Deletion,18934187,1123.36,42.00,41.84,0.16,After
TCGA-A7-A4SE-Control,CAC,Context,Base Insertion,27715662,1306.23,43.00,42.93,0.07,After
TCGA-A7-A4SE-Control,CAC,Context,Base Deletion,27715662,2292.20,41.00,40.83,0.17,After
TCGA-A7-A4SE-Control,GAC,Context,Base Insertion,18110589,816.26,43.00,42.94,0.06,After
TCGA-A7-A4SE-Control,GAC,Context,Base Deletion,18110589,909.25,43.00,42.84,0.16,After
TCGA-A7-A4SE-Control,TAC,Context,Base Insertion,14063773,496.38,44.00,43.93,0.07,After
TCGA-A7-A4SE-Control,TAC,Context,Base Deletion,14063773,511.62,44.00,43.83,0.17,After
TCGA-A7-A4SE-Control,ACC,Context,Base Insertion,22413447,603.62,46.00,45.93,0.07,After
TCGA-A7-A4SE-Control,ACC,Context,Base Deletion,22413447,898.75,44.00,43.84,0.16,After
TCGA-A7-A4SE-Control,CCC,Context,Base Insertion,32751419,1796.17,43.00,42.92,0.08,After
TCGA-A7-A4SE-Control,CCC,Context,Base Deletion,32751419,2793.84,41.00,40.83,0.17,After
TCGA-A7-A4SE-Control,GCC,Context,Base Insertion,28575054,895.35,45.00,44.93,0.07,After
TCGA-A7-A4SE-Control,GCC,Context,Base Deletion,28575054,854.55,45.00,44.83,0.17,After
TCGA-A7-A4SE-Control,TCC,Context,Base Insertion,30380466,942.65,45.00,44.93,0.07,After
TCGA-A7-A4SE-Control,TCC,Context,Base Deletion,30380466,1100.73,44.00,43.84,0.16,After
TCGA-A7-A4SE-Control,AGC,Context,Base Insertion,27624932,620.50,46.00,45.93,0.07,After
TCGA-A7-A4SE-Control,AGC,Context,Base Deletion,27624932,625.67,46.00,45.84,0.16,After
TCGA-A7-A4SE-Control,CGC,Context,Base Insertion,8401684,130.62,48.00,46.92,1.08,After
TCGA-A7-A4SE-Control,CGC,Context,Base Deletion,8401684,250.04,45.00,44.83,0.17,After
TCGA-A7-A4SE-Control,GGC,Context,Base Insertion,28418362,576.18,47.00,46.93,0.07,After
TCGA-A7-A4SE-Control,GGC,Context,Base Deletion,28418362,888.16,45.00,44.83,0.17,After
TCGA-A7-A4SE-Control,TGC,Context,Base Insertion,27055462,780.76,45.00,44.93,0.07,After
TCGA-A7-A4SE-Control,TGC,Context,Base Deletion,27055462,884.61,45.00,44.83,0.17,After
TCGA-A7-A4SE-Control,ATC,Context,Base Insertion,18346686,414.73,46.00,45.93,0.07,After
TCGA-A7-A4SE-Control,ATC,Context,Base Deletion,18346686,575.14,45.00,44.84,0.16,After
TCGA-A7-A4SE-Control,CTC,Context,Base Insertion,31861590,2235.27,42.00,41.93,0.07,After
TCGA-A7-A4SE-Control,CTC,Context,Base Deletion,31861590,1931.09,42.00,41.84,0.16,After
TCGA-A7-A4SE-Control,GTC,Context,Base Insertion,17878417,461.02,46.00,45.93,0.07,After
TCGA-A7-A4SE-Control,GTC,Context,Base Deletion,17878417,449.85,46.00,44.83,1.17,After
TCGA-A7-A4SE-Control,TTC,Context,Base Insertion,27794191,1337.69,43.00,42.93,0.07,After
TCGA-A7-A4SE-Control,TTC,Context,Base Deletion,27794191,1641.56,42.00,41.84,0.16,After
TCGA-A7-A4SE-Control,AAG,Context,Base Insertion,28621425,859.51,45.00,44.93,0.07,After
TCGA-A7-A4SE-Control,AAG,Context,Base Deletion,28621425,1474.35,43.00,42.84,0.16,After
TCGA-A7-A4SE-Control,CAG,Context,Base Insertion,41078715,991.05,46.00,45.93,0.07,After
TCGA-A7-A4SE-Control,CAG,Context,Base Deletion,41078715,1060.10,46.00,45.83,0.17,After
TCGA-A7-A4SE-Control,GAG,Context,Base Insertion,30739988,646.59,47.00,45.94,1.06,After
TCGA-A7-A4SE-Control,GAG,Context,Base Deletion,30739988,1329.80,44.00,43.84,0.16,After
TCGA-A7-A4SE-Control,TAG,Context,Base Insertion,13918664,341.24,46.00,45.92,0.08,After
TCGA-A7-A4SE-Control,TAG,Context,Base Deletion,13918664,536.76,44.00,43.83,0.17,After
TCGA-A7-A4SE-Control,ACG,Context,Base Insertion,7032781,153.08,46.00,45.94,0.06,After
TCGA-A7-A4SE-Control,ACG,Context,Base Deletion,7032781,235.70,45.00,43.84,1.16,After
TCGA-A7-A4SE-Control,CCG,Context,Base Insertion,10212431,274.85,46.00,44.93,1.07,After
TCGA-A7-A4SE-Control,CCG,Context,Base Deletion,10212431,343.96,45.00,43.83,1.17,After
TCGA-A7-A4SE-Control,GCG,Context,Base Insertion,8200483,273.35,45.00,44.93,0.07,After
TCGA-A7-A4SE-Control,GCG,Context,Base Deletion,8200483,353.29,44.00,42.83,1.17,After
TCGA-A7-A4SE-Control,TCG,Context,Base Insertion,6306916,192.02,45.00,44.94,0.06,After
TCGA-A7-A4SE-Control,TCG,Context,Base Deletion,6306916,225.13,44.00,43.84,0.16,After
TCGA-A7-A4SE-Control,AGG,Context,Base Insertion,34677806,1030.42,45.00,44.93,0.07,After
TCGA-A7-A4SE-Control,AGG,Context,Base Deletion,34677806,1128.90,45.00,44.84,0.16,After
TCGA-A7-A4SE-Control,CGG,Context,Base Insertion,10118287,266.53,46.00,44.93,1.07,After
TCGA-A7-A4SE-Control,CGG,Context,Base Deletion,10118287,391.93,44.00,43.83,0.17,After
TCGA-A7-A4SE-Control,GGG,Context,Base Insertion,31468644,1673.32,43.00,42.93,0.07,After
TCGA-A7-A4SE-Control,GGG,Context,Base Deletion,31468644,2595.48,41.00,40.84,0.16,After
TCGA-A7-A4SE-Control,TGG,Context,Base Insertion,34538495,1063.02,45.00,44.93,0.07,After
TCGA-A7-A4SE-Control,TGG,Context,Base Deletion,34538495,1189.11,45.00,43.83,1.17,After
TCGA-A7-A4SE-Control,ATG,Context,Base Insertion,24713697,783.05,45.00,44.93,0.07,After
TCGA-A7-A4SE-Control,ATG,Context,Base Deletion,24713697,842.06,45.00,43.84,1.16,After
TCGA-A7-A4SE-Control,CTG,Context,Base Insertion,41133513,777.33,47.00,46.93,0.07,After
TCGA-A7-A4SE-Control,CTG,Context,Base Deletion,41133513,1261.75,45.00,44.84,0.16,After
TCGA-A7-A4SE-Control,GTG,Context,Base Insertion,26648275,1070.76,44.00,43.93,0.07,After
TCGA-A7-A4SE-Control,GTG,Context,Base Deletion,26648275,2039.76,41.00,40.83,0.17,After
TCGA-A7-A4SE-Control,TTG,Context,Base Insertion,24112310,725.50,45.00,44.93,0.07,After
TCGA-A7-A4SE-Control,TTG,Context,Base Deletion,24112310,1001.19,44.00,43.83,0.17,After
TCGA-A7-A4SE-Control,AAT,Context,Base Insertion,22706682,572.75,46.00,45.92,0.08,After
TCGA-A7-A4SE-Control,AAT,Context,Base Deletion,22706682,1190.22,43.00,42.83,0.17,After
TCGA-A7-A4SE-Control,CAT,Context,Base Insertion,24771174,555.81,46.00,45.93,0.07,After
TCGA-A7-A4SE-Control,CAT,Context,Base Deletion,24771174,1003.98,44.00,43.84,0.16,After
TCGA-A7-A4SE-Control,GAT,Context,Base Insertion,18324298,529.62,45.00,44.94,0.06,After
TCGA-A7-A4SE-Control,GAT,Context,Base Deletion,18324298,649.69,44.00,43.84,0.16,After
TCGA-A7-A4SE-Control,TAT,Context,Base Insertion,16649741,586.40,45.00,44.92,0.08,After
TCGA-A7-A4SE-Control,TAT,Context,Base Deletion,16649741,839.64,43.00,42.84,0.16,After
TCGA-A7-A4SE-Control,ACT,Context,Base Insertion,21541678,628.82,45.00,44.93,0.07,After
TCGA-A7-A4SE-Control,ACT,Context,Base Deletion,21541678,892.95,44.00,43.84,0.16,After
TCGA-A7-A4SE-Control,CCT,Context,Base Insertion,35603164,768.23,47.00,46.93,0.07,After
TCGA-A7-A4SE-Control,CCT,Context,Base Deletion,35603164,1412.64,44.00,43.84,0.16,After
TCGA-A7-A4SE-Control,GCT,Context,Base Insertion,27458192,537.03,47.00,46.93,0.07,After
TCGA-A7-A4SE-Control,GCT,Context,Base Deletion,27458192,806.81,45.00,44.84,0.16,After
TCGA-A7-A4SE-Control,TCT,Context,Base Insertion,31439455,1108.22,45.00,44.93,0.07,After
TCGA-A7-A4SE-Control,TCT,Context,Base Deletion,31439455,1756.40,43.00,42.84,0.16,After
TCGA-A7-A4SE-Control,AGT,Context,Base Insertion,20991100,526.03,46.00,45.93,0.07,After
TCGA-A7-A4SE-Control,AGT,Context,Base Deletion,20991100,582.61,46.00,44.84,1.16,After
TCGA-A7-A4SE-Control,CGT,Context,Base Insertion,7108836,172.83,46.00,45.93,0.07,After
TCGA-A7-A4SE-Control,CGT,Context,Base Deletion,7108836,234.07,45.00,43.84,1.16,After
TCGA-A7-A4SE-Control,GGT,Context,Base Insertion,21146444,487.94,46.00,45.93,0.07,After
TCGA-A7-A4SE-Control,GGT,Context,Base Deletion,21146444,839.37,44.00,43.83,0.17,After
TCGA-A7-A4SE-Control,TGT,Context,Base Insertion,27513109,1094.74,44.00,43.93,0.07,After
TCGA-A7-A4SE-Control,TGT,Context,Base Deletion,27513109,2177.88,41.00,40.84,0.16,After
TCGA-A7-A4SE-Control,ATT,Context,Base Insertion,22837340,758.56,45.00,44.92,0.08,After
TCGA-A7-A4SE-Control,ATT,Context,Base Deletion,22837340,1134.46,43.00,42.84,0.16,After
TCGA-A7-A4SE-Control,CTT,Context,Base Insertion,29135290,1307.56,43.00,43.93,-0.93,After
TCGA-A7-A4SE-Control,CTT,Context,Base Deletion,29135290,1672.13,42.00,41.84,0.16,After
TCGA-A7-A4SE-Control,GTT,Context,Base Insertion,18724275,714.91,44.00,43.92,0.08,After
TCGA-A7-A4SE-Control,GTT,Context,Base Deletion,18724275,911.95,43.00,42.83,0.17,After
TCGA-A7-A4SE-Control,TTT,Context,Base Insertion,36361250,5122.38,39.00,38.91,0.09,After
TCGA-A7-A4SE-Control,TTT,Context,Base Deletion,36361250,12698.23,35.00,34.83,0.17,After
TCGA-A7-A4SE-Control,1,Cycle,Base Substitution,8032311,29551.71,24.00,24.44,-0.44,After
TCGA-A7-A4SE-Control,-1,Cycle,Base Substitution,7974914,20039.41,26.00,25.85,0.15,After
TCGA-A7-A4SE-Control,2,Cycle,Base Substitution,8098954,18210.25,26.00,26.84,-0.84,After
TCGA-A7-A4SE-Control,-2,Cycle,Base Substitution,7970258,26975.30,25.00,25.17,-0.17,After
TCGA-A7-A4SE-Control,3,Cycle,Base Substitution,8098995,19508.17,26.00,26.38,-0.38,After
TCGA-A7-A4SE-Control,-3,Cycle,Base Substitution,7971355,26817.09,25.00,24.76,0.24,After
TCGA-A7-A4SE-Control,4,Cycle,Base Substitution,8077357,19354.85,26.00,26.25,-0.25,After
TCGA-A7-A4SE-Control,-4,Cycle,Base Substitution,7970341,25056.30,25.00,25.02,-0.02,After
TCGA-A7-A4SE-Control,5,Cycle,Base Substitution,8095443,17990.89,27.00,26.64,0.36,After
TCGA-A7-A4SE-Control,5,Cycle,Base Insertion,8095428,266.58,45.00,45.10,-0.10,After
TCGA-A7-A4SE-Control,5,Cycle,Base Deletion,8095428,219.54,45.00,44.90,0.10,After
TCGA-A7-A4SE-Control,-5,Cycle,Base Substitution,7966831,20107.26,26.00,25.85,0.15,After
TCGA-A7-A4SE-Control,-5,Cycle,Base Insertion,7966809,272.66,45.00,45.11,-0.11,After
TCGA-A7-A4SE-Control,-5,Cycle,Base Deletion,7966809,268.27,45.00,43.93,1.07,After
TCGA-A7-A4SE-Control,6,Cycle,Base Substitution,8091896,19882.78,26.00,26.14,-0.14,After
TCGA-A7-A4SE-Control,6,Cycle,Base Insertion,8091875,294.12,44.00,44.11,-0.11,After
TCGA-A7-A4SE-Control,6,Cycle,Base Deletion,8091875,251.59,45.00,43.95,1.05,After
TCGA-A7-A4SE-Control,-6,Cycle,Base Substitution,7956978,22530.92,25.00,25.61,-0.61,After
TCGA-A7-A4SE-Control,-6,Cycle,Base Insertion,7956958,317.36,44.00,44.12,-0.12,After
TCGA-A7-A4SE-Control,-6,Cycle,Base Deletion,7956958,304.62,44.00,43.97,0.03,After
TCGA-A7-A4SE-Control,7,Cycle,Base Substitution,8090249,21717.41,26.00,25.85,0.15,After
TCGA-A7-A4SE-Control,7,Cycle,Base Insertion,8090225,305.13,44.00,44.13,-0.13,After
TCGA-A7-A4SE-Control,7,Cycle,Base Deletion,8090225,297.57,44.00,43.98,0.02,After
TCGA-A7-A4SE-Control,-7,Cycle,Base Substitution,7954606,21495.38,26.00,25.56,0.44,After
TCGA-A7-A4SE-Control,-7,Cycle,Base Insertion,7954587,321.36,44.00,44.14,-0.14,After
TCGA-A7-A4SE-Control,-7,Cycle,Base Deletion,7954587,348.85,43.00,42.99,0.01,After
TCGA-A7-A4SE-Control,8,Cycle,Base Substitution,8094925,17703.67,27.00,26.60,0.40,After
TCGA-A7-A4SE-Control,8,Cycle,Base Insertion,8094903,324.17,44.00,44.13,-0.13,After
TCGA-A7-A4SE-Control,8,Cycle,Base Deletion,8094903,344.42,44.00,42.98,1.02,After
TCGA-A7-A4SE-Control,-8,Cycle,Base Substitution,7951674,19738.03,26.00,25.98,0.02,After
TCGA-A7-A4SE-Control,-8,Cycle,Base Insertion,7951656,349.59,44.00,44.13,-0.13,After
TCGA-A7-A4SE-Control,-8,Cycle,Base Deletion,7951656,400.34,43.00,42.97,0.03,After
TCGA-A7-A4SE-Control,9,Cycle,Base Substitution,8093917,20998.11,26.00,26.08,-0.08,After
TCGA-A7-A4SE-Control,9,Cycle,Base Insertion,8093897,353.65,44.00,44.12,-0.12,After
TCGA-A7-A4SE-Control,9,Cycle,Base Deletion,8093897,393.92,43.00,42.95,0.05,After
TCGA-A7-A4SE-Control,-9,Cycle,Base Substitution,7947611,22606.51,25.00,25.49,-0.49,After
TCGA-A7-A4SE-Control,-9,Cycle,Base Insertion,7947592,362.39,43.00,43.12,-0.12,After
TCGA-A7-A4SE-Control,-9,Cycle,Base Deletion,7947592,436.28,43.00,41.94,1.06,After
TCGA-A7-A4SE-Control,10,Cycle,Base Substitution,8094177,18842.59,26.00,26.33,-0.33,After
TCGA-A7-A4SE-Control,10,Cycle,Base Insertion,8094159,382.82,43.00,43.11,-0.11,After
TCGA-A7-A4SE-Control,10,Cycle,Base Deletion,8094159,454.57,42.00,41.94,0.06,After
TCGA-A7-A4SE-Control,-10,Cycle,Base Substitution,7943551,21771.19,26.00,25.60,0.40,After
TCGA-A7-A4SE-Control,-10,Cycle,Base Insertion,7943527,380.88,43.00,43.11,-0.11,After
TCGA-A7-A4SE-Control,-10,Cycle,Base Deletion,7943527,484.82,42.00,41.93,0.07,After
TCGA-A7-A4SE-Control,11,Cycle,Base Substitution,8090056,21377.68,26.00,25.88,0.12,After
TCGA-A7-A4SE-Control,11,Cycle,Base Insertion,8090037,379.91,43.00,43.12,-0.12,After
TCGA-A7-A4SE-Control,11,Cycle,Base Deletion,8090037,475.32,42.00,41.95,0.05,After
TCGA-A7-A4SE-Control,-11,Cycle,Base Substitution,7940204,21454.73,26.00,25.66,0.34,After
TCGA-A7-A4SE-Control,-11,Cycle,Base Insertion,7940185,354.45,44.00,44.11,-0.11,After
TCGA-A7-A4SE-Control,-11,Cycle,Base Deletion,7940185,525.11,42.00,41.94,0.06,After
TCGA-A7-A4SE-Control,12,Cycle,Base Substitution,8094249,19852.94,26.00,26.15,-0.15,After
TCGA-A7-A4SE-Control,12,Cycle,Base Insertion,8094228,384.49,43.00,43.12,-0.12,After
TCGA-A7-A4SE-Control,12,Cycle,Base Deletion,8094228,511.41,42.00,41.96,0.04,After
TCGA-A7-A4SE-Control,-12,Cycle,Base Substitution,7932498,22811.59,25.00,25.56,-0.56,After
TCGA-A7-A4SE-Control,-12,Cycle,Base Insertion,7932477,371.38,43.00,43.12,-0.12,After
TCGA-A7-A4SE-Control,-12,Cycle,Base Deletion,7932477,544.81,42.00,41.96,0.04,After
TCGA-A7-A4SE-Control,13,Cycle,Base Substitution,8088721,19051.06,26.00,26.37,-0.37,After
TCGA-A7-A4SE-Control,13,Cycle,Base Insertion,8088699,387.65,43.00,43.12,-0.12,After
TCGA-A7-A4SE-Control,13,Cycle,Base Deletion,8088699,540.22,42.00,41.95,0.05,After
TCGA-A7-A4SE-Control,-13,Cycle,Base Substitution,7931088,21467.76,26.00,25.56,0.44,After
TCGA-A7-A4SE-Control,-13,Cycle,Base Insertion,7931064,380.60,43.00,43.13,-0.13,After
TCGA-A7-A4SE-Control,-13,Cycle,Base Deletion,7931064,576.08,41.00,40.96,0.04,After
TCGA-A7-A4SE-Control,14,Cycle,Base Substitution,8091066,21551.29,26.00,25.81,0.19,After
TCGA-A7-A4SE-Control,14,Cycle,Base Insertion,8091047,413.18,43.00,43.12,-0.12,After
TCGA-A7-A4SE-Control,14,Cycle,Base Deletion,8091047,550.21,42.00,41.95,0.05,After
TCGA-A7-A4SE-Control,-14,Cycle,Base Substitution,7929684,19400.68,26.00,26.05,-0.05,After
TCGA-A7-A4SE-Control,-14,Cycle,Base Insertion,7929665,397.56,43.00,43.12,-0.12,After
TCGA-A7-A4SE-Control,-14,Cycle,Base Deletion,7929665,586.70,41.00,40.96,0.04,After
TCGA-A7-A4SE-Control,15,Cycle,Base Substitution,8092854,20887.60,26.00,25.98,0.02,After
TCGA-A7-A4SE-Control,15,Cycle,Base Insertion,8092830,394.89,43.00,43.12,-0.12,After
TCGA-A7-A4SE-Control,15,Cycle,Base Deletion,8092830,570.76,42.00,41.96,0.04,After
TCGA-A7-A4SE-Control,-15,Cycle,Base Substitution,7924351,20559.60,26.00,25.76,0.24,After
TCGA-A7-A4SE-Control,-15,Cycle,Base Insertion,7924332,387.31,43.00,43.13,-0.13,After
TCGA-A7-A4SE-Control,-15,Cycle,Base Deletion,7924332,597.69,41.00,40.97,0.03,After
TCGA-A7-A4SE-Control,16,Cycle,Base Substitution,8094691,17230.58,27.00,26.73,0.27,After
TCGA-A7-A4SE-Control,16,Cycle,Base Insertion,8094603,421.88,43.00,43.13,-0.13,After
TCGA-A7-A4SE-Control,16,Cycle,Base Deletion,8094603,584.93,41.00,40.98,0.02,After
TCGA-A7-A4SE-Control,-16,Cycle,Base Substitution,7919408,19616.51,26.00,26.00,-0.00,After
TCGA-A7-A4SE-Control,-16,Cycle,Base Insertion,7919160,410.51,43.00,43.14,-0.14,After
TCGA-A7-A4SE-Control,-16,Cycle,Base Deletion,7919160,622.28,41.00,40.99,0.01,After
TCGA-A7-A4SE-Control,17,Cycle,Base Substitution,8095090,19432.19,26.00,26.24,-0.24,After
TCGA-A7-A4SE-Control,17,Cycle,Base Insertion,8094925,427.83,43.00,43.14,-0.14,After
TCGA-A7-A4SE-Control,17,Cycle,Base Deletion,8094925,592.20,41.00,40.99,0.01,After
TCGA-A7-A4SE-Control,-17,Cycle,Base Substitution,7913813,20669.29,26.00,25.88,0.12,After
TCGA-A7-A4SE-Control,-17,Cycle,Base Insertion,7913178,373.39,43.00,43.15,-0.15,After
TCGA-A7-A4SE-Control,-17,Cycle,Base Deletion,7913178,627.68,41.00,41.01,-0.01,After
TCGA-A7-A4SE-Control,18,Cycle,Base Substitution,8092005,20852.19,26.00,25.91,0.09,After
TCGA-A7-A4SE-Control,18,Cycle,Base Insertion,8091759,400.39,43.00,43.14,-0.14,After
TCGA-A7-A4SE-Control,18,Cycle,Base Deletion,8091759,605.46,41.00,41.00,0.00,After
TCGA-A7-A4SE-Control,-18,Cycle,Base Substitution,7906863,22402.41,25.00,25.49,-0.49,After
TCGA-A7-A4SE-Control,-18,Cycle,Base Insertion,7905828,387.00,43.00,43.15,-0.15,After
TCGA-A7-A4SE-Control,-18,Cycle,Base Deletion,7905828,631.83,41.00,41.02,-0.02,After
TCGA-A7-A4SE-Control,19,Cycle,Base Substitution,8094842,19322.40,26.00,26.20,-0.20,After
TCGA-A7-A4SE-Control,19,Cycle,Base Insertion,8094536,392.73,43.00,43.15,-0.15,After
TCGA-A7-A4SE-Control,19,Cycle,Base Deletion,8094536,629.78,41.00,41.01,-0.01,After
TCGA-A7-A4SE-Control,-19,Cycle,Base Substitution,7907929,18859.26,26.00,26.27,-0.27,After
TCGA-A7-A4SE-Control,-19,Cycle,Base Insertion,7906703,379.29,43.00,43.16,-0.16,After
TCGA-A7-A4SE-Control,-19,Cycle,Base Deletion,7906703,646.30,41.00,41.03,-0.03,After
TCGA-A7-A4SE-Control,20,Cycle,Base Substitution,8091424,20619.11,26.00,26.01,-0.01,After
TCGA-A7-A4SE-Control,20,Cycle,Base Insertion,8091081,375.04,43.00,43.16,-0.16,After
TCGA-A7-A4SE-Control,20,Cycle,Base Deletion,8091081,631.43,41.00,41.02,-0.02,After
TCGA-A7-A4SE-Control,-20,Cycle,Base Substitution,7898210,22207.14,26.00,25.53,0.47,After
TCGA-A7-A4SE-Control,-20,Cycle,Base Insertion,7897058,380.65,43.00,43.17,-0.17,After
TCGA-A7-A4SE-Control,-20,Cycle,Base Deletion,7897058,647.33,41.00,41.04,-0.04,After
TCGA-A7-A4SE-Control,21,Cycle,Base Substitution,8090288,20635.15,26.00,25.89,0.11,After
TCGA-A7-A4SE-Control,21,Cycle,Base Insertion,8089905,382.64,43.00,43.16,-0.16,After
TCGA-A7-A4SE-Control,21,Cycle,Base Deletion,8089905,625.61,41.00,41.02,-0.02,After
TCGA-A7-A4SE-Control,-21,Cycle,Base Substitution,7894903,21975.95,26.00,25.62,0.38,After
TCGA-A7-A4SE-Control,-21,Cycle,Base Insertion,7893882,424.67,43.00,43.17,-0.17,After
TCGA-A7-A4SE-Control,-21,Cycle,Base Deletion,7893882,636.20,41.00,41.04,-0.04,After
TCGA-A7-A4SE-Control,22,Cycle,Base Substitution,8090987,20901.11,26.00,26.02,-0.02,After
TCGA-A7-A4SE-Control,22,Cycle,Base Insertion,8090349,392.44,43.00,43.16,-0.16,After
TCGA-A7-A4SE-Control,22,Cycle,Base Deletion,8090349,635.65,41.00,41.03,-0.03,After
TCGA-A7-A4SE-Control,-22,Cycle,Base Substitution,7884777,24419.64,25.00,25.17,-0.17,After
TCGA-A7-A4SE-Control,-22,Cycle,Base Insertion,7883811,403.73,43.00,43.17,-0.17,After
TCGA-A7-A4SE-Control,-22,Cycle,Base Deletion,7883811,622.54,41.00,41.04,-0.04,After
TCGA-A7-A4SE-Control,23,Cycle,Base Substitution,8092116,18836.23,26.00,26.42,-0.42,After
TCGA-A7-A4SE-Control,23,Cycle,Base Insertion,8091102,379.02,43.00,43.17,-0.17,After
TCGA-A7-A4SE-Control,23,Cycle,Base Deletion,8091102,659.34,41.00,41.04,-0.04,After
TCGA-A7-A4SE-Control,-23,Cycle,Base Substitution,7882687,22985.47,25.00,25.40,-0.40,After
TCGA-A7-A4SE-Control,-23,Cycle,Base Insertion,7881716,399.74,43.00,43.18,-0.18,After
TCGA-A7-A4SE-Control,-23,Cycle,Base Deletion,7881716,633.90,41.00,41.05,-0.05,After
TCGA-A7-A4SE-Control,24,Cycle,Base Substitution,8085785,23842.19,25.00,25.38,-0.38,After
TCGA-A7-A4SE-Control,24,Cycle,Base Insertion,8084568,408.25,43.00,43.17,-0.17,After
TCGA-A7-A4SE-Control,24,Cycle,Base Deletion,8084568,648.51,41.00,41.04,-0.04,After
TCGA-A7-A4SE-Control,-24,Cycle,Base Substitution,7873608,24944.56,25.00,24.98,0.02,After
TCGA-A7-A4SE-Control,-24,Cycle,Base Insertion,7872624,366.32,43.00,43.18,-0.18,After
TCGA-A7-A4SE-Control,-24,Cycle,Base Deletion,7872624,635.01,41.00,41.05,-0.05,After
TCGA-A7-A4SE-Control,25,Cycle,Base Substitution,8081467,25942.10,25.00,25.09,-0.09,After
TCGA-A7-A4SE-Control,25,Cycle,Base Insertion,8080173,404.33,43.00,43.17,-0.17,After
TCGA-A7-A4SE-Control,25,Cycle,Base Deletion,8080173,641.60,41.00,41.05,-0.05,After
TCGA-A7-A4SE-Control,-25,Cycle,Base Substitution,7871793,22475.75,25.00,25.47,-0.47,After
TCGA-A7-A4SE-Control,-25,Cycle,Base Insertion,7870754,367.87,43.00,43.18,-0.18,After
TCGA-A7-A4SE-Control,-25,Cycle,Base Deletion,7870754,632.73,41.00,41.06,-0.06,After
TCGA-A7-A4SE-Control,26,Cycle,Base Substitution,8078916,25543.48,25.00,25.22,-0.22,After
TCGA-A7-A4SE-Control,26,Cycle,Base Insertion,8077791,395.34,43.00,43.18,-0.18,After
TCGA-A7-A4SE-Control,26,Cycle,Base Deletion,8077791,618.01,41.00,41.06,-0.06,After
TCGA-A7-A4SE-Control,-26,Cycle,Base Substitution,7865088,22892.45,25.00,25.39,-0.39,After
TCGA-A7-A4SE-Control,-26,Cycle,Base Insertion,7864016,409.36,43.00,43.19,-0.19,After
TCGA-A7-A4SE-Control,-26,Cycle,Base Deletion,7864016,617.48,41.00,41.07,-0.07,After
TCGA-A7-A4SE-Control,27,Cycle,Base Substitution,8077283,23171.39,25.00,25.57,-0.57,After
TCGA-A7-A4SE-Control,27,Cycle,Base Insertion,8076379,404.16,43.00,43.18,-0.18,After
TCGA-A7-A4SE-Control,27,Cycle,Base Deletion,8076379,643.72,41.00,41.06,-0.06,After
TCGA-A7-A4SE-Control,-27,Cycle,Base Substitution,7855115,26008.12,25.00,24.90,0.10,After
TCGA-A7-A4SE-Control,-27,Cycle,Base Insertion,7854006,366.30,43.00,43.19,-0.19,After
TCGA-A7-A4SE-Control,-27,Cycle,Base Deletion,7854006,603.87,41.00,41.08,-0.08,After
TCGA-A7-A4SE-Control,28,Cycle,Base Substitution,8074948,23729.91,25.00,25.43,-0.43,After
TCGA-A7-A4SE-Control,28,Cycle,Base Insertion,8074149,422.67,43.00,43.19,-0.19,After
TCGA-A7-A4SE-Control,28,Cycle,Base Deletion,8074149,635.32,41.00,41.07,-0.07,After
TCGA-A7-A4SE-Control,-28,Cycle,Base Substitution,7852390,29541.40,24.00,24.37,-0.37,After
TCGA-A7-A4SE-Control,-28,Cycle,Base Insertion,7851252,354.75,44.00,44.19,-0.19,After
TCGA-A7-A4SE-Control,-28,Cycle,Base Deletion,7851252,599.86,41.00,41.08,-0.08,After
TCGA-A7-A4SE-Control,29,Cycle,Base Substitution,8072221,23738.56,25.00,25.52,-0.52,After
TCGA-A7-A4SE-Control,29,Cycle,Base Insertion,8071396,410.96,43.00,43.19,-0.19,After
TCGA-A7-A4SE-Control,29,Cycle,Base Deletion,8071396,604.82,41.00,41.07,-0.07,After
TCGA-A7-A4SE-Control,-29,Cycle,Base Substitution,7850508,20570.96,26.00,25.89,0.11,After
TCGA-A7-A4SE-Control,-29,Cycle,Base Insertion,7849352,372.43,43.00,43.20,-0.20,After
TCGA-A7-A4SE-Control,-29,Cycle,Base Deletion,7849352,620.99,41.00,41.08,-0.08,After
TCGA-A7-A4SE-Control,30,Cycle,Base Substitution,8071170,23644.29,25.00,25.48,-0.48,After
TCGA-A7-A4SE-Control,30,Cycle,Base Insertion,8070327,386.21,43.00,43.19,-0.19,After
TCGA-A7-A4SE-Control,30,Cycle,Base Deletion,8070327,637.25,41.00,41.07,-0.07,After
TCGA-A7-A4SE-Control,-30,Cycle,Base Substitution,7843975,22357.76,25.00,25.45,-0.45,After
TCGA-A7-A4SE-Control,-30,Cycle,Base Insertion,7842829,348.87,44.00,44.19,-0.19,After
TCGA-A7-A4SE-Control,-30,Cycle,Base Deletion,7842829,607.37,41.00,41.09,-0.09,After
TCGA-A7-A4SE-Control,31,Cycle,Base Substitution,8070347,25043.50,25.00,25.30,-0.30,After
TCGA-A7-A4SE-Control,31,Cycle,Base Insertion,8069434,382.06,43.00,43.19,-0.19,After
TCGA-A7-A4SE-Control,31,Cycle,Base Deletion,8069434,625.46,41.00,41.08,-0.08,After
TCGA-A7-A4SE-Control,-31,Cycle,Base Substitution,7838380,19652.39,26.00,26.01,-0.01,After
TCGA-A7-A4SE-Control,-31,Cycle,Base Insertion,7837198,346.71,44.00,44.20,-0.20,After
TCGA-A7-A4SE-Control,-31,Cycle,Base Deletion,7837198,597.41,41.00,41.09,-0.09,After
TCGA-A7-A4SE-Control,32,Cycle,Base Substitution,8067276,23882.67,25.00,25.35,-0.35,After
TCGA-A7-A4SE-Control,32,Cycle,Base Insertion,8066336,382.85,43.00,43.20,-0.20,After
TCGA-A7-A4SE-Control,32,Cycle,Base Deletion,8066336,598.82,41.00,41.08,-0.08,After
TCGA-A7-A4SE-Control,-32,Cycle,Base Substitution,7831728,19571.45,26.00,26.12,-0.12,After
TCGA-A7-A4SE-Control,-32,Cycle,Base Insertion,7830479,337.60,44.00,44.20,-0.20,After
TCGA-A7-A4SE-Control,-32,Cycle,Base Deletion,7830479,578.22,41.00,41.10,-0.10,After
TCGA-A7-A4SE-Control,33,Cycle,Base Substitution,8062372,26557.26,25.00,24.89,0.11,After
TCGA-A7-A4SE-Control,33,Cycle,Base Insertion,8061386,387.79,43.00,43.20,-0.20,After
TCGA-A7-A4SE-Control,33,Cycle,Base Deletion,8061386,614.89,41.00,41.09,-0.09,After
TCGA-A7-A4SE-Control,-33,Cycle,Base Substitution,7824380,21362.96,26.00,25.69,0.31,After
TCGA-A7-A4SE-Control,-33,Cycle,Base Insertion,7823106,360.92,43.00,43.21,-0.21,After
TCGA-A7-A4SE-Control,-33,Cycle,Base Deletion,7823106,577.47,41.00,41.10,-0.10,After
TCGA-A7-A4SE-Control,34,Cycle,Base Substitution,8061635,21476.24,26.00,25.72,0.28,After
TCGA-A7-A4SE-Control,34,Cycle,Base Insertion,8060659,388.53,43.00,43.20,-0.20,After
TCGA-A7-A4SE-Control,34,Cycle,Base Deletion,8060659,591.34,41.00,41.09,-0.09,After
TCGA-A7-A4SE-Control,-34,Cycle,Base Substitution,7816747,22995.39,25.00,25.32,-0.32,After
TCGA-A7-A4SE-Control,-34,Cycle,Base Insertion,7815502,356.56,43.00,43.21,-0.21,After
TCGA-A7-A4SE-Control,-34,Cycle,Base Deletion,7815502,573.96,41.00,41.10,-0.10,After
TCGA-A7-A4SE-Control,35,Cycle,Base Substitution,8060419,22407.47,26.00,25.64,0.36,After
TCGA-A7-A4SE-Control,35,Cycle,Base Insertion,8059437,361.10,44.00,44.20,-0.20,After
TCGA-A7-A4SE-Control,35,Cycle,Base Deletion,8059437,591.05,41.00,41.09,-0.09,After
TCGA-A7-A4SE-Control,-35,Cycle,Base Substitution,7809088,21574.67,26.00,25.62,0.38,After
TCGA-A7-A4SE-Control,-35,Cycle,Base Insertion,7807840,343.66,44.00,44.20,-0.20,After
TCGA-A7-A4SE-Control,-35,Cycle,Base Deletion,7807840,579.99,41.00,41.10,-0.10,After
TCGA-A7-A4SE-Control,36,Cycle,Base Substitution,8057930,21816.05,26.00,25.73,0.27,After
TCGA-A7-A4SE-Control,36,Cycle,Base Insertion,8056942,372.41,43.00,43.20,-0.20,After
TCGA-A7-A4SE-Control,36,Cycle,Base Deletion,8056942,589.04,41.00,41.09,-0.09,After
TCGA-A7-A4SE-Control,-36,Cycle,Base Substitution,7801613,22148.82,25.00,25.50,-0.50,After
TCGA-A7-A4SE-Control,-36,Cycle,Base Insertion,7800376,350.11,44.00,44.20,-0.20,After
TCGA-A7-A4SE-Control,-36,Cycle,Base Deletion,7800376,559.85,41.00,41.10,-0.10,After
TCGA-A7-A4SE-Control,37,Cycle,Base Substitution,8051931,25660.02,25.00,25.05,-0.05,After
TCGA-A7-A4SE-Control,37,Cycle,Base Insertion,8050941,353.92,44.00,44.20,-0.20,After
TCGA-A7-A4SE-Control,37,Cycle,Base Deletion,8050941,578.02,41.00,41.10,-0.10,After
TCGA-A7-A4SE-Control,-37,Cycle,Base Substitution,7793874,21549.87,26.00,25.57,0.43,After
TCGA-A7-A4SE-Control,-37,Cycle,Base Insertion,7792640,344.72,44.00,44.21,-0.21,After
TCGA-A7-A4SE-Control,-37,Cycle,Base Deletion,7792640,544.02,42.00,42.10,-0.10,After
TCGA-A7-A4SE-Control,38,Cycle,Base Substitution,8047232,25300.63,25.00,25.24,-0.24,After
TCGA-A7-A4SE-Control,38,Cycle,Base Insertion,8046179,372.29,43.00,43.20,-0.20,After
TCGA-A7-A4SE-Control,38,Cycle,Base Deletion,8046179,583.89,41.00,41.09,-0.09,After
TCGA-A7-A4SE-Control,-38,Cycle,Base Substitution,7773951,30945.55,24.00,24.04,-0.04,After
TCGA-A7-A4SE-Control,-38,Cycle,Base Insertion,7772688,342.42,44.00,44.21,-0.21,After
TCGA-A7-A4SE-Control,-38,Cycle,Base Deletion,7772688,551.18,42.00,42.10,-0.10,After
TCGA-A7-A4SE-Control,39,Cycle,Base Substitution,8046094,24639.42,25.00,25.17,-0.17,After
TCGA-A7-A4SE-Control,39,Cycle,Base Insertion,8044953,363.91,44.00,44.20,-0.20,After
TCGA-A7-A4SE-Control,39,Cycle,Base Deletion,8044953,585.22,41.00,41.10,-0.10,After
TCGA-A7-A4SE-Control,-39,Cycle,Base Substitution,7777900,21206.68,26.00,25.66,0.34,After
TCGA-A7-A4SE-Control,-39,Cycle,Base Insertion,7776632,350.47,44.00,44.21,-0.21,After
TCGA-A7-A4SE-Control,-39,Cycle,Base Deletion,7776632,541.68,42.00,42.11,-0.11,After
TCGA-A7-A4SE-Control,40,Cycle,Base Substitution,8045089,22256.17,26.00,25.67,0.33,After
TCGA-A7-A4SE-Control,40,Cycle,Base Insertion,8043892,349.16,44.00,44.21,-0.21,After
TCGA-A7-A4SE-Control,40,Cycle,Base Deletion,8043892,584.03,41.00,41.10,-0.10,After
TCGA-A7-A4SE-Control,-40,Cycle,Base Substitution,7772425,18469.00,26.00,26.12,-0.12,After
TCGA-A7-A4SE-Control,-40,Cycle,Base Insertion,7771146,354.32,43.00,43.21,-0.21,After
TCGA-A7-A4SE-Control,-40,Cycle,Base Deletion,7771146,549.21,42.00,42.11,-0.11,After
TCGA-A7-A4SE-Control,41,Cycle,Base Substitution,8040757,22850.36,25.00,25.53,-0.53,After
TCGA-A7-A4SE-Control,41,Cycle,Base Insertion,8039626,328.68,44.00,44.21,-0.21,After
TCGA-A7-A4SE-Control,41,Cycle,Base Deletion,8039626,571.15,42.00,42.10,-0.10,After
TCGA-A7-A4SE-Control,-41,Cycle,Base Substitution,7764375,19190.91,26.00,26.06,-0.06,After
TCGA-A7-A4SE-Control,-41,Cycle,Base Insertion,7763071,334.64,44.00,44.21,-0.21,After
TCGA-A7-A4SE-Control,-41,Cycle,Base Deletion,7763071,547.33,42.00,42.11,-0.11,After
TCGA-A7-A4SE-Control,42,Cycle,Base Substitution,8035002,25055.26,25.00,25.16,-0.16,After
TCGA-A7-A4SE-Control,42,Cycle,Base Insertion,8033936,371.34,43.00,43.21,-0.21,After
TCGA-A7-A4SE-Control,42,Cycle,Base Deletion,8033936,577.20,41.00,41.10,-0.10,After
TCGA-A7-A4SE-Control,-42,Cycle,Base Substitution,7755488,18473.87,26.00,26.27,-0.27,After
TCGA-A7-A4SE-Control,-42,Cycle,Base Insertion,7754159,324.67,44.00,44.21,-0.21,After
TCGA-A7-A4SE-Control,-42,Cycle,Base Deletion,7754159,539.77,42.00,42.11,-0.11,After
TCGA-A7-A4SE-Control,43,Cycle,Base Substitution,8032805,20089.13,26.00,26.09,-0.09,After
TCGA-A7-A4SE-Control,43,Cycle,Base Insertion,8031779,328.55,44.00,44.21,-0.21,After
TCGA-A7-A4SE-Control,43,Cycle,Base Deletion,8031779,578.48,41.00,41.11,-0.11,After
TCGA-A7-A4SE-Control,-43,Cycle,Base Substitution,7746800,17254.43,27.00,26.52,0.48,After
TCGA-A7-A4SE-Control,-43,Cycle,Base Insertion,7745474,326.95,44.00,44.21,-0.21,After
TCGA-A7-A4SE-Control,-43,Cycle,Base Deletion,7745474,545.38,42.00,42.11,-0.11,After
TCGA-A7-A4SE-Control,44,Cycle,Base Substitution,8028658,20597.51,26.00,25.90,0.10,After
TCGA-A7-A4SE-Control,44,Cycle,Base Insertion,8027638,340.02,44.00,44.20,-0.20,After
TCGA-A7-A4SE-Control,44,Cycle,Base Deletion,8027638,577.89,41.00,41.10,-0.10,After
TCGA-A7-A4SE-Control,-44,Cycle,Base Substitution,7737159,19168.08,26.00,26.14,-0.14,After
TCGA-A7-A4SE-Control,-44,Cycle,Base Insertion,7735803,305.44,44.00,44.21,-0.21,After
TCGA-A7-A4SE-Control,-44,Cycle,Base Deletion,7735803,543.91,42.00,42.11,-0.11,After
TCGA-A7-A4SE-Control,45,Cycle,Base Substitution,8023250,21749.14,26.00,25.84,0.16,After
TCGA-A7-A4SE-Control,45,Cycle,Base Insertion,8022264,352.87,44.00,44.21,-0.21,After
TCGA-A7-A4SE-Control,45,Cycle,Base Deletion,8022264,584.03,41.00,41.11,-0.11,After
TCGA-A7-A4SE-Control,-45,Cycle,Base Substitution,7729192,17954.70,26.00,26.27,-0.27,After
TCGA-A7-A4SE-Control,-45,Cycle,Base Insertion,7727883,323.90,44.00,44.21,-0.21,After
TCGA-A7-A4SE-Control,-45,Cycle,Base Deletion,7727883,551.49,41.00,41.12,-0.12,After
TCGA-A7-A4SE-Control,46,Cycle,Base Substitution,8016664,22556.58,26.00,25.55,0.45,After
TCGA-A7-A4SE-Control,46,Cycle,Base Insertion,8015662,348.63,44.00,44.21,-0.21,After
TCGA-A7-A4SE-Control,46,Cycle,Base Deletion,8015662,575.72,41.00,41.11,-0.11,After
TCGA-A7-A4SE-Control,-46,Cycle,Base Substitution,7715992,20047.93,26.00,25.90,0.10,After
TCGA-A7-A4SE-Control,-46,Cycle,Base Insertion,7714726,317.09,44.00,44.21,-0.21,After
TCGA-A7-A4SE-Control,-46,Cycle,Base Deletion,7714726,552.59,42.00,42.11,-0.11,After
TCGA-A7-A4SE-Control,47,Cycle,Base Substitution,8012042,23524.73,25.00,25.50,-0.50,After
TCGA-A7-A4SE-Control,47,Cycle,Base Insertion,8010999,350.70,44.00,44.21,-0.21,After
TCGA-A7-A4SE-Control,47,Cycle,Base Deletion,8010999,576.53,41.00,41.12,-0.12,After
TCGA-A7-A4SE-Control,-47,Cycle,Base Substitution,7708229,18395.53,26.00,26.24,-0.24,After
TCGA-A7-A4SE-Control,-47,Cycle,Base Insertion,7706939,335.52,44.00,44.22,-0.22,After
TCGA-A7-A4SE-Control,-47,Cycle,Base Deletion,7706939,552.40,42.00,42.12,-0.12,After
TCGA-A7-A4SE-Control,48,Cycle,Base Substitution,8009084,20143.89,26.00,25.99,0.01,After
TCGA-A7-A4SE-Control,48,Cycle,Base Insertion,8008022,348.15,44.00,44.21,-0.21,After
TCGA-A7-A4SE-Control,48,Cycle,Base Deletion,8008022,594.68,41.00,41.12,-0.12,After
TCGA-A7-A4SE-Control,-48,Cycle,Base Substitution,7697406,19674.96,26.00,25.94,0.06,After
TCGA-A7-A4SE-Control,-48,Cycle,Base Insertion,7696139,325.02,44.00,44.21,-0.21,After
TCGA-A7-A4SE-Control,-48,Cycle,Base Deletion,7696139,545.70,42.00,42.12,-0.12,After
TCGA-A7-A4SE-Control,49,Cycle,Base Substitution,8007006,18028.56,26.00,26.40,-0.40,After
TCGA-A7-A4SE-Control,49,Cycle,Base Insertion,8005847,315.48,44.00,44.21,-0.21,After
TCGA-A7-A4SE-Control,49,Cycle,Base Deletion,8005847,578.22,41.00,41.12,-0.12,After
TCGA-A7-A4SE-Control,-49,Cycle,Base Substitution,7686466,20192.76,26.00,25.82,0.18,After
TCGA-A7-A4SE-Control,-49,Cycle,Base Insertion,7685160,317.35,44.00,44.22,-0.22,After
TCGA-A7-A4SE-Control,-49,Cycle,Base Deletion,7685160,544.31,42.00,42.12,-0.12,After
TCGA-A7-A4SE-Control,50,Cycle,Base Substitution,8001357,20205.53,26.00,26.03,-0.03,After
TCGA-A7-A4SE-Control,50,Cycle,Base Insertion,8000170,353.24,44.00,44.21,-0.21,After
TCGA-A7-A4SE-Control,50,Cycle,Base Deletion,8000170,572.62,42.00,42.11,-0.11,After
TCGA-A7-A4SE-Control,-50,Cycle,Base Substitution,7673740,21199.68,26.00,25.61,0.39,After
TCGA-A7-A4SE-Control,-50,Cycle,Base Insertion,7672377,334.41,44.00,44.22,-0.22,After
TCGA-A7-A4SE-Control,-50,Cycle,Base Deletion,7672377,532.56,42.00,42.12,-0.12,After
TCGA-A7-A4SE-Control,51,Cycle,Base Substitution,7997555,20584.95,26.00,25.96,0.04,After
TCGA-A7-A4SE-Control,51,Cycle,Base Insertion,7996329,335.66,44.00,44.21,-0.21,After
TCGA-A7-A4SE-Control,51,Cycle,Base Deletion,7996329,556.34,42.00,42.11,-0.11,After
TCGA-A7-A4SE-Control,-51,Cycle,Base Substitution,7663640,22456.19,25.00,25.34,-0.34,After
TCGA-A7-A4SE-Control,-51,Cycle,Base Insertion,7662195,305.85,44.00,44.21,-0.21,After
TCGA-A7-A4SE-Control,-51,Cycle,Base Deletion,7662195,524.67,42.00,42.11,-0.11,After
TCGA-A7-A4SE-Control,52,Cycle,Base Substitution,7992999,19125.90,26.00,26.13,-0.13,After
TCGA-A7-A4SE-Control,52,Cycle,Base Insertion,7991700,352.93,44.00,44.21,-0.21,After
TCGA-A7-A4SE-Control,52,Cycle,Base Deletion,7991700,572.04,41.00,41.12,-0.12,After
TCGA-A7-A4SE-Control,-52,Cycle,Base Substitution,7657457,20511.49,26.00,25.67,0.33,After
TCGA-A7-A4SE-Control,-52,Cycle,Base Insertion,7655925,327.84,44.00,44.21,-0.21,After
TCGA-A7-A4SE-Control,-52,Cycle,Base Deletion,7655925,522.77,42.00,42.12,-0.12,After
TCGA-A7-A4SE-Control,53,Cycle,Base Substitution,7985096,23745.15,25.00,25.36,-0.36,After
TCGA-A7-A4SE-Control,53,Cycle,Base Insertion,7983725,338.79,44.00,44.22,-0.22,After
TCGA-A7-A4SE-Control,53,Cycle,Base Deletion,7983725,562.23,42.00,42.12,-0.12,After
TCGA-A7-A4SE-Control,-53,Cycle,Base Substitution,7651274,17857.17,26.00,26.22,-0.22,After
TCGA-A7-A4SE-Control,-53,Cycle,Base Insertion,7649667,304.58,44.00,44.22,-0.22,After
TCGA-A7-A4SE-Control,-53,Cycle,Base Deletion,7649667,520.14,42.00,42.12,-0.12,After
TCGA-A7-A4SE-Control,54,Cycle,Base Substitution,7982904,19663.19,26.00,26.08,-0.08,After
TCGA-A7-A4SE-Control,54,Cycle,Base Insertion,7981449,304.48,44.00,44.21,-0.21,After
TCGA-A7-A4SE-Control,54,Cycle,Base Deletion,7981449,560.88,42.00,42.12,-0.12,After
TCGA-A7-A4SE-Control,-54,Cycle,Base Substitution,7643174,18254.08,26.00,26.12,-0.12,After
TCGA-A7-A4SE-Control,-54,Cycle,Base Insertion,7641570,283.14,44.00,44.21,-0.21,After
TCGA-A7-A4SE-Control,-54,Cycle,Base Deletion,7641570,531.19,42.00,42.12,-0.12,After
TCGA-A7-A4SE-Control,55,Cycle,Base Substitution,7975845,18809.98,26.00,26.28,-0.28,After
TCGA-A7-A4SE-Control,55,Cycle,Base Insertion,7974360,319.08,44.00,44.22,-0.22,After
TCGA-A7-A4SE-Control,55,Cycle,Base Deletion,7974360,582.06,41.00,41.12,-0.12,After
TCGA-A7-A4SE-Control,-55,Cycle,Base Substitution,7631520,19034.76,26.00,25.91,0.09,After
TCGA-A7-A4SE-Control,-55,Cycle,Base Insertion,7629878,291.69,44.00,44.21,-0.21,After
TCGA-A7-A4SE-Control,-55,Cycle,Base Deletion,7629878,531.48,42.00,42.11,-0.11,After
TCGA-A7-A4SE-Control,56,Cycle,Base Substitution,7968541,22495.97,26.00,25.59,0.41,After
TCGA-A7-A4SE-Control,56,Cycle,Base Insertion,7967009,317.99,44.00,44.22,-0.22,After
TCGA-A7-A4SE-Control,56,Cycle,Base Deletion,7967009,577.16,41.00,41.12,-0.12,After
TCGA-A7-A4SE-Control,-56,Cycle,Base Substitution,7622638,19061.74,26.00,26.03,-0.03,After
TCGA-A7-A4SE-Control,-56,Cycle,Base Insertion,7621011,280.52,44.00,44.21,-0.21,After
TCGA-A7-A4SE-Control,-56,Cycle,Base Deletion,7621011,513.01,42.00,42.12,-0.12,After
TCGA-A7-A4SE-Control,57,Cycle,Base Substitution,7960778,23886.34,25.00,25.36,-0.36,After
TCGA-A7-A4SE-Control,57,Cycle,Base Insertion,7959230,342.12,44.00,44.21,-0.21,After
TCGA-A7-A4SE-Control,57,Cycle,Base Deletion,7959230,570.35,41.00,41.12,-0.12,After
TCGA-A7-A4SE-Control,-57,Cycle,Base Substitution,7612241,20327.34,26.00,25.83,0.17,After
TCGA-A7-A4SE-Control,-57,Cycle,Base Insertion,7610538,304.74,44.00,44.21,-0.21,After
TCGA-A7-A4SE-Control,-57,Cycle,Base Deletion,7610538,519.03,42.00,42.12,-0.12,After
TCGA-A7-A4SE-Control,58,Cycle,Base Substitution,7954172,22870.99,25.00,25.54,-0.54,After
TCGA-A7-A4SE-Control,58,Cycle,Base Insertion,7952589,333.46,44.00,44.22,-0.22,After
TCGA-A7-A4SE-Control,58,Cycle,Base Deletion,7952589,566.56,42.00,42.12,-0.12,After
TCGA-A7-A4SE-Control,-58,Cycle,Base Substitution,7604858,16852.86,27.00,26.48,0.52,After
TCGA-A7-A4SE-Control,-58,Cycle,Base Insertion,7603089,290.02,44.00,44.21,-0.21,After
TCGA-A7-A4SE-Control,-58,Cycle,Base Deletion,7603089,501.95,42.00,42.11,-0.11,After
TCGA-A7-A4SE-Control,59,Cycle,Base Substitution,7949861,19532.12,26.00,26.09,-0.09,After
TCGA-A7-A4SE-Control,59,Cycle,Base Insertion,7948225,330.28,44.00,44.22,-0.22,After
TCGA-A7-A4SE-Control,59,Cycle,Base Deletion,7948225,563.18,42.00,42.12,-0.12,After
TCGA-A7-A4SE-Control,-59,Cycle,Base Substitution,7594067,17545.97,26.00,26.33,-0.33,After
TCGA-A7-A4SE-Control,-59,Cycle,Base Insertion,7592312,295.06,44.00,44.21,-0.21,After
TCGA-A7-A4SE-Control,-59,Cycle,Base Deletion,7592312,509.72,42.00,42.11,-0.11,After
TCGA-A7-A4SE-Control,60,Cycle,Base Substitution,7944347,18074.23,26.00,26.40,-0.40,After
TCGA-A7-A4SE-Control,60,Cycle,Base Insertion,7942646,323.06,44.00,44.21,-0.21,After
TCGA-A7-A4SE-Control,60,Cycle,Base Deletion,7942646,555.84,42.00,42.12,-0.12,After
TCGA-A7-A4SE-Control,-60,Cycle,Base Substitution,7584259,16929.28,27.00,26.37,0.63,After
TCGA-A7-A4SE-Control,-60,Cycle,Base Insertion,7582447,294.83,44.00,44.21,-0.21,After
TCGA-A7-A4SE-Control,-60,Cycle,Base Deletion,7582447,509.01,42.00,42.12,-0.12,After
TCGA-A7-A4SE-Control,61,Cycle,Base Substitution,7936984,19183.74,26.00,26.14,-0.14,After
TCGA-A7-A4SE-Control,61,Cycle,Base Insertion,7935219,328.77,44.00,44.22,-0.22,After
TCGA-A7-A4SE-Control,61,Cycle,Base Deletion,7935219,572.84,41.00,41.12,-0.12,After
TCGA-A7-A4SE-Control,-61,Cycle,Base Substitution,7575995,16155.10,27.00,26.54,0.46,After
TCGA-A7-A4SE-Control,-61,Cycle,Base Insertion,7574156,300.75,44.00,44.22,-0.22,After
TCGA-A7-A4SE-Control,-61,Cycle,Base Deletion,7574156,513.97,42.00,42.12,-0.12,After
TCGA-A7-A4SE-Control,62,Cycle,Base Substitution,7929147,20443.02,26.00,25.99,0.01,After
TCGA-A7-A4SE-Control,62,Cycle,Base Insertion,7927423,322.16,44.00,44.22,-0.22,After
TCGA-A7-A4SE-Control,62,Cycle,Base Deletion,7927423,569.38,41.00,41.12,-0.12,After
TCGA-A7-A4SE-Control,-62,Cycle,Base Substitution,7566193,16551.82,27.00,26.55,0.45,After
TCGA-A7-A4SE-Control,-62,Cycle,Base Insertion,7564288,298.46,44.00,44.22,-0.22,After
TCGA-A7-A4SE-Control,-62,Cycle,Base Deletion,7564288,513.74,42.00,42.12,-0.12,After
TCGA-A7-A4SE-Control,63,Cycle,Base Substitution,7921070,20672.97,26.00,25.83,0.17,After
TCGA-A7-A4SE-Control,63,Cycle,Base Insertion,7919216,328.88,44.00,44.21,-0.21,After
TCGA-A7-A4SE-Control,63,Cycle,Base Deletion,7919216,570.58,41.00,41.12,-0.12,After
TCGA-A7-A4SE-Control,-63,Cycle,Base Substitution,7557389,16091.17,27.00,26.70,0.30,After
TCGA-A7-A4SE-Control,-63,Cycle,Base Insertion,7555382,287.39,44.00,44.22,-0.22,After
TCGA-A7-A4SE-Control,-63,Cycle,Base Deletion,7555382,508.33,42.00,42.12,-0.12,After
TCGA-A7-A4SE-Control,64,Cycle,Base Substitution,7913703,18457.61,26.00,26.28,-0.28,After
TCGA-A7-A4SE-Control,64,Cycle,Base Insertion,7911769,312.28,44.00,44.22,-0.22,After
TCGA-A7-A4SE-Control,64,Cycle,Base Deletion,7911769,563.36,42.00,42.12,-0.12,After
TCGA-A7-A4SE-Control,-64,Cycle,Base Substitution,7546859,16417.14,27.00,26.69,0.31,After
TCGA-A7-A4SE-Control,-64,Cycle,Base Insertion,7544755,273.62,44.00,44.22,-0.22,After
TCGA-A7-A4SE-Control,-64,Cycle,Base Deletion,7544755,500.54,42.00,42.12,-0.12,After
TCGA-A7-A4SE-Control,65,Cycle,Base Substitution,7904157,20884.34,26.00,25.82,0.18,After
TCGA-A7-A4SE-Control,65,Cycle,Base Insertion,7902150,296.12,44.00,44.22,-0.22,After
TCGA-A7-A4SE-Control,65,Cycle,Base Deletion,7902150,552.52,42.00,42.12,-0.12,After
TCGA-A7-A4SE-Control,-65,Cycle,Base Substitution,7538196,16100.19,27.00,26.58,0.42,After
TCGA-A7-A4SE-Control,-65,Cycle,Base Insertion,7535980,293.51,44.00,44.22,-0.22,After
TCGA-A7-A4SE-Control,-65,Cycle,Base Deletion,7535980,494.33,42.00,42.12,-0.12,After
TCGA-A7-A4SE-Control,66,Cycle,Base Substitution,7896134,19571.94,26.00,26.06,-0.06,After
TCGA-A7-A4SE-Control,66,Cycle,Base Insertion,7893962,285.29,44.00,44.22,-0.22,After
TCGA-A7-A4SE-Control,66,Cycle,Base Deletion,7893962,547.48,42.00,42.12,-0.12,After
TCGA-A7-A4SE-Control,-66,Cycle,Base Substitution,7525466,17160.65,26.00,26.37,-0.37,After
TCGA-A7-A4SE-Control,-66,Cycle,Base Insertion,7523108,276.30,44.00,44.22,-0.22,After
TCGA-A7-A4SE-Control,-66,Cycle,Base Deletion,7523108,490.39,42.00,42.12,-0.12,After
TCGA-A7-A4SE-Control,67,Cycle,Base Substitution,7887362,20653.70,26.00,25.90,0.10,After
TCGA-A7-A4SE-Control,67,Cycle,Base Insertion,7885083,277.95,45.00,44.22,0.78,After
TCGA-A7-A4SE-Control,67,Cycle,Base Deletion,7885083,536.27,42.00,42.12,-0.12,After
TCGA-A7-A4SE-Control,-67,Cycle,Base Substitution,7517028,15479.65,27.00,26.63,0.37,After
TCGA-A7-A4SE-Control,-67,Cycle,Base Insertion,7514589,269.91,44.00,44.22,-0.22,After
TCGA-A7-A4SE-Control,-67,Cycle,Base Deletion,7514589,469.46,42.00,42.12,-0.12,After
TCGA-A7-A4SE-Control,68,Cycle,Base Substitution,7881544,18890.81,26.00,26.18,-0.18,After
TCGA-A7-A4SE-Control,68,Cycle,Base Insertion,7879186,313.97,44.00,44.22,-0.22,After
TCGA-A7-A4SE-Control,68,Cycle,Base Deletion,7879186,540.70,42.00,42.12,-0.12,After
TCGA-A7-A4SE-Control,-68,Cycle,Base Substitution,7505235,15452.75,27.00,26.63,0.37,After
TCGA-A7-A4SE-Control,-68,Cycle,Base Insertion,7502725,303.73,44.00,44.22,-0.22,After
TCGA-A7-A4SE-Control,-68,Cycle,Base Deletion,7502725,485.88,42.00,42.12,-0.12,After
TCGA-A7-A4SE-Control,69,Cycle,Base Substitution,7870225,19078.96,26.00,26.18,-0.18,After
TCGA-A7-A4SE-Control,69,Cycle,Base Insertion,7867710,284.05,44.00,44.22,-0.22,After
TCGA-A7-A4SE-Control,69,Cycle,Base Deletion,7867710,540.87,42.00,42.13,-0.13,After
TCGA-A7-A4SE-Control,-69,Cycle,Base Substitution,7492627,15456.56,27.00,26.67,0.33,After
TCGA-A7-A4SE-Control,-69,Cycle,Base Insertion,7490002,278.77,44.00,44.22,-0.22,After
TCGA-A7-A4SE-Control,-69,Cycle,Base Deletion,7490002,490.01,42.00,42.13,-0.13,After
TCGA-A7-A4SE-Control,70,Cycle,Base Substitution,7859407,20802.30,26.00,25.81,0.19,After
TCGA-A7-A4SE-Control,70,Cycle,Base Insertion,7856772,298.11,44.00,44.22,-0.22,After
TCGA-A7-A4SE-Control,70,Cycle,Base Deletion,7856772,530.09,42.00,42.13,-0.13,After
TCGA-A7-A4SE-Control,-70,Cycle,Base Substitution,7476299,15638.52,27.00,26.67,0.33,After
TCGA-A7-A4SE-Control,-70,Cycle,Base Insertion,7473551,276.06,44.00,44.22,-0.22,After
TCGA-A7-A4SE-Control,-70,Cycle,Base Deletion,7473551,485.75,42.00,42.13,-0.13,After
TCGA-A7-A4SE-Control,71,Cycle,Base Substitution,7851042,18152.24,26.00,26.18,-0.18,After
TCGA-A7-A4SE-Control,71,Cycle,Base Insertion,7848298,290.45,44.00,44.22,-0.22,After
TCGA-A7-A4SE-Control,71,Cycle,Base Deletion,7848298,526.80,42.00,42.12,-0.12,After
TCGA-A7-A4SE-Control,-71,Cycle,Base Substitution,7464160,16077.24,27.00,26.59,0.41,After
TCGA-A7-A4SE-Control,-71,Cycle,Base Insertion,7461231,269.08,44.00,44.22,-0.22,After
TCGA-A7-A4SE-Control,-71,Cycle,Base Deletion,7461231,478.91,42.00,42.13,-0.13,After
TCGA-A7-A4SE-Control,72,Cycle,Base Substitution,7840930,18478.29,26.00,26.21,-0.21,After
TCGA-A7-A4SE-Control,72,Cycle,Base Insertion,7837837,286.52,44.00,44.22,-0.22,After
TCGA-A7-A4SE-Control,72,Cycle,Base Deletion,7837837,534.59,42.00,42.13,-0.13,After
TCGA-A7-A4SE-Control,-72,Cycle,Base Substitution,7447709,16062.61,27.00,26.62,0.38,After
TCGA-A7-A4SE-Control,-72,Cycle,Base Insertion,7444495,276.34,44.00,44.22,-0.22,After
TCGA-A7-A4SE-Control,-72,Cycle,Base Deletion,7444495,485.80,42.00,42.12,-0.12,After
TCGA-A7-A4SE-Control,73,Cycle,Base Substitution,7829761,20019.87,26.00,25.83,0.17,After
TCGA-A7-A4SE-Control,73,Cycle,Base Insertion,7826401,279.09,44.00,44.22,-0.22,After
TCGA-A7-A4SE-Control,73,Cycle,Base Deletion,7826401,536.24,42.00,42.12,-0.12,After
TCGA-A7-A4SE-Control,-73,Cycle,Base Substitution,7434361,17026.66,26.00,26.28,-0.28,After
TCGA-A7-A4SE-Control,-73,Cycle,Base Insertion,7430924,267.73,44.00,44.22,-0.22,After
TCGA-A7-A4SE-Control,-73,Cycle,Base Deletion,7430924,476.82,42.00,42.12,-0.12,After
TCGA-A7-A4SE-Control,74,Cycle,Base Substitution,7817303,21338.26,26.00,25.77,0.23,After
TCGA-A7-A4SE-Control,74,Cycle,Base Insertion,7813636,278.61,44.00,44.22,-0.22,After
TCGA-A7-A4SE-Control,74,Cycle,Base Deletion,7813636,506.86,42.00,42.13,-0.13,After
TCGA-A7-A4SE-Control,-74,Cycle,Base Substitution,7417497,17384.66,26.00,26.16,-0.16,After
TCGA-A7-A4SE-Control,-74,Cycle,Base Insertion,7413784,255.65,45.00,44.22,0.78,After
TCGA-A7-A4SE-Control,-74,Cycle,Base Deletion,7413784,473.11,42.00,42.12,-0.12,After
TCGA-A7-A4SE-Control,75,Cycle,Base Substitution,7806415,20653.60,26.00,25.83,0.17,After
TCGA-A7-A4SE-Control,75,Cycle,Base Insertion,7802421,274.92,45.00,44.22,0.78,After
TCGA-A7-A4SE-Control,75,Cycle,Base Deletion,7802421,505.72,42.00,42.12,-0.12,After
TCGA-A7-A4SE-Control,-75,Cycle,Base Substitution,7404789,16382.78,27.00,26.32,0.68,After
TCGA-A7-A4SE-Control,-75,Cycle,Base Insertion,7400657,263.28,44.00,44.22,-0.22,After
TCGA-A7-A4SE-Control,-75,Cycle,Base Deletion,7400657,460.31,42.00,42.12,-0.12,After
TCGA-A7-A4SE-Control,76,Cycle,Base Substitution,7799727,18045.66,26.00,26.23,-0.23,After
TCGA-A7-A4SE-Control,76,Cycle,Base Insertion,7795448,277.78,44.00,44.22,-0.22,After
TCGA-A7-A4SE-Control,76,Cycle,Base Deletion,7795448,498.47,42.00,42.12,-0.12,After
TCGA-A7-A4SE-Control,-76,Cycle,Base Substitution,7390287,17345.10,26.00,26.22,-0.22,After
TCGA-A7-A4SE-Control,-76,Cycle,Base Insertion,7385829,238.97,45.00,45.21,-0.21,After
TCGA-A7-A4SE-Control,-76,Cycle,Base Deletion,7385829,475.79,42.00,42.12,-0.12,After
TCGA-A7-A4SE-Control,77,Cycle,Base Substitution,7789058,19456.74,26.00,26.05,-0.05,After
TCGA-A7-A4SE-Control,77,Cycle,Base Insertion,7784278,264.28,45.00,44.22,0.78,After
TCGA-A7-A4SE-Control,77,Cycle,Base Deletion,7784278,488.79,42.00,42.13,-0.13,After
TCGA-A7-A4SE-Control,-77,Cycle,Base Substitution,7381474,16409.32,27.00,26.33,0.67,After
TCGA-A7-A4SE-Control,-77,Cycle,Base Insertion,7376412,261.06,45.00,44.22,0.78,After
TCGA-A7-A4SE-Control,-77,Cycle,Base Deletion,7376412,461.24,42.00,42.12,-0.12,After
TCGA-A7-A4SE-Control,78,Cycle,Base Substitution,7780290,17813.61,26.00,26.18,-0.18,After
TCGA-A7-A4SE-Control,78,Cycle,Base Insertion,7774987,262.20,45.00,45.22,-0.22,After
TCGA-A7-A4SE-Control,78,Cycle,Base Deletion,7774987,488.66,42.00,42.12,-0.12,After
TCGA-A7-A4SE-Control,-78,Cycle,Base Substitution,7362602,16232.16,27.00,26.50,0.50,After
TCGA-A7-A4SE-Control,-78,Cycle,Base Insertion,7356183,253.46,45.00,44.21,0.79,After
TCGA-A7-A4SE-Control,-78,Cycle,Base Deletion,7356183,459.78,42.00,42.12,-0.12,After
TCGA-A7-A4SE-Control,79,Cycle,Base Substitution,7768730,17044.79,27.00,26.42,0.58,After
TCGA-A7-A4SE-Control,79,Cycle,Base Insertion,7762791,261.31,45.00,45.22,-0.22,After
TCGA-A7-A4SE-Control,79,Cycle,Base Deletion,7762791,477.90,42.00,42.12,-0.12,After
TCGA-A7-A4SE-Control,-79,Cycle,Base Substitution,7349975,16894.27,26.00,26.22,-0.22,After
TCGA-A7-A4SE-Control,-79,Cycle,Base Insertion,7342815,252.33,45.00,44.22,0.78,After
TCGA-A7-A4SE-Control,-79,Cycle,Base Deletion,7342815,460.04,42.00,42.12,-0.12,After
TCGA-A7-A4SE-Control,80,Cycle,Base Substitution,7753857,18044.96,26.00,26.19,-0.19,After
TCGA-A7-A4SE-Control,80,Cycle,Base Insertion,7747264,266.17,45.00,44.22,0.78,After
TCGA-A7-A4SE-Control,80,Cycle,Base Deletion,7747264,448.97,42.00,42.12,-0.12,After
TCGA-A7-A4SE-Control,-80,Cycle,Base Substitution,7335459,16156.35,27.00,26.42,0.58,After
TCGA-A7-A4SE-Control,-80,Cycle,Base Insertion,7327754,244.34,45.00,45.21,-0.21,After
TCGA-A7-A4SE-Control,-80,Cycle,Base Deletion,7327754,454.07,42.00,42.12,-0.12,After
TCGA-A7-A4SE-Control,81,Cycle,Base Substitution,7744760,16854.29,27.00,26.22,0.78,After
TCGA-A7-A4SE-Control,81,Cycle,Base Insertion,7737571,238.49,45.00,45.21,-0.21,After
TCGA-A7-A4SE-Control,81,Cycle,Base Deletion,7737571,462.44,42.00,42.12,-0.12,After
TCGA-A7-A4SE-Control,-81,Cycle,Base Substitution,7322293,16159.79,27.00,26.39,0.61,After
TCGA-A7-A4SE-Control,-81,Cycle,Base Insertion,7314157,227.02,45.00,45.21,-0.21,After
TCGA-A7-A4SE-Control,-81,Cycle,Base Deletion,7314157,433.90,42.00,42.11,-0.11,After
TCGA-A7-A4SE-Control,82,Cycle,Base Substitution,7723726,18069.96,26.00,26.22,-0.22,After
TCGA-A7-A4SE-Control,82,Cycle,Base Insertion,7715777,241.59,45.00,45.22,-0.22,After
TCGA-A7-A4SE-Control,82,Cycle,Base Deletion,7715777,447.22,42.00,42.12,-0.12,After
TCGA-A7-A4SE-Control,-82,Cycle,Base Substitution,7306058,15193.47,27.00,26.57,0.43,After
TCGA-A7-A4SE-Control,-82,Cycle,Base Insertion,7297983,223.01,45.00,45.21,-0.21,After
TCGA-A7-A4SE-Control,-82,Cycle,Base Deletion,7297983,420.16,42.00,42.12,-0.12,After
TCGA-A7-A4SE-Control,83,Cycle,Base Substitution,7706330,21702.77,26.00,25.57,0.43,After
TCGA-A7-A4SE-Control,83,Cycle,Base Insertion,7697644,206.76,46.00,45.21,0.79,After
TCGA-A7-A4SE-Control,83,Cycle,Base Deletion,7697644,434.78,42.00,42.12,-0.12,After
TCGA-A7-A4SE-Control,-83,Cycle,Base Substitution,7286812,15833.53,27.00,26.52,0.48,After
TCGA-A7-A4SE-Control,-83,Cycle,Base Insertion,7278297,230.26,45.00,45.21,-0.21,After
TCGA-A7-A4SE-Control,-83,Cycle,Base Deletion,7278297,410.76,42.00,42.12,-0.12,After
TCGA-A7-A4SE-Control,84,Cycle,Base Substitution,7692905,16941.39,27.00,26.34,0.66,After
TCGA-A7-A4SE-Control,84,Cycle,Base Insertion,7683381,211.61,46.00,45.21,0.79,After
TCGA-A7-A4SE-Control,84,Cycle,Base Deletion,7683381,429.73,43.00,42.12,0.88,After
TCGA-A7-A4SE-Control,-84,Cycle,Base Substitution,7271460,14535.30,27.00,26.70,0.30,After
TCGA-A7-A4SE-Control,-84,Cycle,Base Insertion,7262039,224.14,45.00,45.21,-0.21,After
TCGA-A7-A4SE-Control,-84,Cycle,Base Deletion,7262039,395.33,43.00,43.11,-0.11,After
TCGA-A7-A4SE-Control,85,Cycle,Base Substitution,7672247,20228.32,26.00,25.73,0.27,After
TCGA-A7-A4SE-Control,85,Cycle,Base Insertion,7661741,216.48,45.00,45.21,-0.21,After
TCGA-A7-A4SE-Control,85,Cycle,Base Deletion,7661741,413.70,43.00,43.12,-0.12,After
TCGA-A7-A4SE-Control,-85,Cycle,Base Substitution,7252437,15193.83,27.00,26.52,0.48,After
TCGA-A7-A4SE-Control,-85,Cycle,Base Insertion,7242035,222.23,45.00,45.21,-0.21,After
TCGA-A7-A4SE-Control,-85,Cycle,Base Deletion,7242035,394.84,43.00,43.12,-0.12,After
TCGA-A7-A4SE-Control,86,Cycle,Base Substitution,7653736,18638.07,26.00,26.07,-0.07,After
TCGA-A7-A4SE-Control,86,Cycle,Base Insertion,7642270,224.02,45.00,45.22,-0.22,After
TCGA-A7-A4SE-Control,86,Cycle,Base Deletion,7642270,411.91,43.00,43.12,-0.12,After
TCGA-A7-A4SE-Control,-86,Cycle,Base Substitution,7232403,15070.75,27.00,26.49,0.51,After
TCGA-A7-A4SE-Control,-86,Cycle,Base Insertion,7221045,215.59,45.00,45.21,-0.21,After
TCGA-A7-A4SE-Control,-86,Cycle,Base Deletion,7221045,382.77,43.00,43.11,-0.11,After
TCGA-A7-A4SE-Control,87,Cycle,Base Substitution,7630553,21919.34,25.00,25.36,-0.36,After
TCGA-A7-A4SE-Control,87,Cycle,Base Insertion,7617690,219.31,45.00,45.21,-0.21,After
TCGA-A7-A4SE-Control,87,Cycle,Base Deletion,7617690,389.54,43.00,43.12,-0.12,After
TCGA-A7-A4SE-Control,-87,Cycle,Base Substitution,7211688,14679.79,27.00,26.69,0.31,After
TCGA-A7-A4SE-Control,-87,Cycle,Base Insertion,7198850,190.95,46.00,45.21,0.79,After
TCGA-A7-A4SE-Control,-87,Cycle,Base Deletion,7198850,369.35,43.00,43.11,-0.11,After
TCGA-A7-A4SE-Control,88,Cycle,Base Substitution,7611644,17302.52,26.00,26.38,-0.38,After
TCGA-A7-A4SE-Control,88,Cycle,Base Insertion,7597253,196.72,46.00,45.21,0.79,After
TCGA-A7-A4SE-Control,88,Cycle,Base Deletion,7597253,372.73,43.00,43.12,-0.12,After
TCGA-A7-A4SE-Control,-88,Cycle,Base Substitution,7187005,14931.05,27.00,26.59,0.41,After
TCGA-A7-A4SE-Control,-88,Cycle,Base Insertion,7172686,203.66,45.00,45.21,-0.21,After
TCGA-A7-A4SE-Control,-88,Cycle,Base Deletion,7172686,350.94,43.00,43.11,-0.11,After
TCGA-A7-A4SE-Control,89,Cycle,Base Substitution,7585706,18929.52,26.00,25.86,0.14,After
TCGA-A7-A4SE-Control,89,Cycle,Base Insertion,7569592,192.65,46.00,45.22,0.78,After
TCGA-A7-A4SE-Control,89,Cycle,Base Deletion,7569592,354.66,43.00,43.12,-0.12,After
TCGA-A7-A4SE-Control,-89,Cycle,Base Substitution,7161814,15238.82,27.00,26.70,0.30,After
TCGA-A7-A4SE-Control,-89,Cycle,Base Insertion,7146045,168.64,46.00,46.21,-0.21,After
TCGA-A7-A4SE-Control,-89,Cycle,Base Deletion,7146045,342.92,43.00,43.11,-0.11,After
TCGA-A7-A4SE-Control,90,Cycle,Base Substitution,7556532,17497.62,26.00,26.24,-0.24,After
TCGA-A7-A4SE-Control,90,Cycle,Base Insertion,7538824,186.65,46.00,45.21,0.79,After
TCGA-A7-A4SE-Control,90,Cycle,Base Deletion,7538824,338.36,43.00,43.12,-0.12,After
TCGA-A7-A4SE-Control,-90,Cycle,Base Substitution,7137111,14123.54,27.00,26.86,0.14,After
TCGA-A7-A4SE-Control,-90,Cycle,Base Insertion,7119730,140.70,47.00,46.21,0.79,After
TCGA-A7-A4SE-Control,-90,Cycle,Base Deletion,7119730,314.09,44.00,43.11,0.89,After
TCGA-A7-A4SE-Control,91,Cycle,Base Substitution,7530243,15420.29,27.00,26.69,0.31,After
TCGA-A7-A4SE-Control,91,Cycle,Base Insertion,7511165,156.56,47.00,46.21,0.79,After
TCGA-A7-A4SE-Control,91,Cycle,Base Deletion,7511165,315.61,44.00,43.12,0.88,After
TCGA-A7-A4SE-Control,-91,Cycle,Base Substitution,7107785,13823.29,27.00,26.72,0.28,After
TCGA-A7-A4SE-Control,-91,Cycle,Base Insertion,7089051,142.87,47.00,46.21,0.79,After
TCGA-A7-A4SE-Control,-91,Cycle,Base Deletion,7089051,280.99,44.00,44.11,-0.11,After
TCGA-A7-A4SE-Control,92,Cycle,Base Substitution,7490854,17090.73,26.00,26.34,-0.34,After
TCGA-A7-A4SE-Control,92,Cycle,Base Insertion,7468437,136.81,47.00,46.21,0.79,After
TCGA-A7-A4SE-Control,92,Cycle,Base Deletion,7468437,280.67,44.00,44.11,-0.11,After
TCGA-A7-A4SE-Control,-92,Cycle,Base Substitution,7075009,13173.13,27.00,27.05,-0.05,After
TCGA-A7-A4SE-Control,-92,Cycle,Base Insertion,7053035,134.82,47.00,46.21,0.79,After
TCGA-A7-A4SE-Control,-92,Cycle,Base Deletion,7053035,267.98,44.00,44.11,-0.11,After
TCGA-A7-A4SE-Control,93,Cycle,Base Substitution,7451359,18325.43,26.00,26.04,-0.04,After
TCGA-A7-A4SE-Control,93,Cycle,Base Insertion,7426577,141.74,47.00,46.21,0.79,After
TCGA-A7-A4SE-Control,93,Cycle,Base Deletion,7426577,264.44,44.00,44.11,-0.11,After
TCGA-A7-A4SE-Control,-93,Cycle,Base Substitution,7037363,13418.51,27.00,26.89,0.11,After
TCGA-A7-A4SE-Control,-93,Cycle,Base Insertion,7012924,116.63,47.00,46.21,0.79,After
TCGA-A7-A4SE-Control,-93,Cycle,Base Deletion,7012924,244.86,45.00,44.11,0.89,After
TCGA-A7-A4SE-Control,94,Cycle,Base Substitution,7405438,17230.27,26.00,26.29,-0.29,After
TCGA-A7-A4SE-Control,94,Cycle,Base Insertion,7377832,122.86,47.00,46.21,0.79,After
TCGA-A7-A4SE-Control,94,Cycle,Base Deletion,7377832,247.39,45.00,44.11,0.89,After
TCGA-A7-A4SE-Control,-94,Cycle,Base Substitution,6995108,12486.90,27.00,27.18,-0.18,After
TCGA-A7-A4SE-Control,-94,Cycle,Base Insertion,6968057,110.82,48.00,46.21,1.79,After
TCGA-A7-A4SE-Control,-94,Cycle,Base Deletion,6968057,231.99,45.00,44.11,0.89,After
TCGA-A7-A4SE-Control,95,Cycle,Base Substitution,7353039,15320.84,27.00,26.65,0.35,After
TCGA-A7-A4SE-Control,95,Cycle,Base Insertion,7323180,103.50,48.00,47.21,0.79,After
TCGA-A7-A4SE-Control,95,Cycle,Base Deletion,7323180,214.50,45.00,44.11,0.89,After
TCGA-A7-A4SE-Control,-95,Cycle,Base Substitution,6947248,12295.25,28.00,27.22,0.78,After
TCGA-A7-A4SE-Control,-95,Cycle,Base Insertion,6917937,88.74,48.00,47.21,0.79,After
TCGA-A7-A4SE-Control,-95,Cycle,Base Deletion,6917937,197.88,45.00,45.10,-0.10,After
TCGA-A7-A4SE-Control,96,Cycle,Base Substitution,7292758,15815.36,27.00,26.58,0.42,After
TCGA-A7-A4SE-Control,96,Cycle,Base Insertion,7264437,74.80,49.00,47.21,1.79,After
TCGA-A7-A4SE-Control,96,Cycle,Base Deletion,7264437,182.31,46.00,45.11,0.89,After
TCGA-A7-A4SE-Control,-96,Cycle,Base Substitution,6891757,11663.74,28.00,27.47,0.53,After
TCGA-A7-A4SE-Control,-96,Cycle,Base Insertion,6863824,75.35,49.00,47.20,1.80,After
TCGA-A7-A4SE-Control,-96,Cycle,Base Deletion,6863824,174.84,46.00,45.10,0.90,After
TCGA-A7-A4SE-Control,97,Cycle,Base Substitution,7226341,13818.11,27.00,27.24,-0.24,After
TCGA-A7-A4SE-Control,-97,Cycle,Base Substitution,6829816,11789.35,28.00,27.60,0.40,After
TCGA-A7-A4SE-Control,98,Cycle,Base Substitution,7154439,14467.75,27.00,27.12,-0.12,After
TCGA-A7-A4SE-Control,-98,Cycle,Base Substitution,6762693,13486.21,27.00,27.16,-0.16,After
TCGA-A7-A4SE-Control,99,Cycle,Base Substitution,7082160,8706.16,29.00,29.26,-0.26,After
TCGA-A7-A4SE-Control,-99,Cycle,Base Substitution,6698521,7486.58,30.00,29.57,0.43,After
TCGA-A7-A4SE-Control,100,Cycle,Base Substitution,7033425,7473.08,30.00,29.51,0.49,After
TCGA-A7-A4SE-Control,-100,Cycle,Base Substitution,6654341,6606.20,30.00,29.78,0.22,After
TCGA-A7-A4SE-Control,6,QualityScore,Base Substitution,96868,23078.65,6.00,6.00,0.00,After
TCGA-A7-A4SE-Control,7,QualityScore,Base Substitution,487108,99646.73,7.00,7.00,0.00,After
TCGA-A7-A4SE-Control,8,QualityScore,Base Substitution,1292367,205142.28,8.00,8.00,0.00,After
TCGA-A7-A4SE-Control,9,QualityScore,Base Substitution,2301193,299232.91,9.00,9.00,0.00,After
TCGA-A7-A4SE-Control,10,QualityScore,Base Substitution,2386100,248913.66,10.00,10.00,0.00,After
TCGA-A7-A4SE-Control,11,QualityScore,Base Substitution,2744408,216843.52,11.00,11.00,0.00,After
TCGA-A7-A4SE-Control,12,QualityScore,Base Substitution,1671842,100223.32,12.00,12.00,0.00,After
TCGA-A7-A4SE-Control,13,QualityScore,Base Substitution,1462450,69325.46,13.00,13.00,0.00,After
TCGA-A7-A4SE-Control,14,QualityScore,Base Substitution,1142901,43479.22,14.00,14.00,0.00,After
TCGA-A7-A4SE-Control,15,QualityScore,Base Substitution,1077116,32826.74,15.00,15.00,0.00,After
TCGA-A7-A4SE-Control,16,QualityScore,Base Substitution,1793803,45065.13,16.00,16.00,0.00,After
TCGA-A7-A4SE-Control,17,QualityScore,Base Substitution,2749163,54738.98,17.00,17.00,0.00,After
TCGA-A7-A4SE-Control,18,QualityScore,Base Substitution,3322758,52527.96,18.00,18.00,0.00,After
TCGA-A7-A4SE-Control,19,QualityScore,Base Substitution,4316718,52083.70,19.00,19.00,0.00,After
TCGA-A7-A4SE-Control,20,QualityScore,Base Substitution,4990638,48924.74,20.00,20.00,0.00,After
TCGA-A7-A4SE-Control,21,QualityScore,Base Substitution,5456935,43361.95,21.00,21.00,0.00,After
TCGA-A7-A4SE-Control,22,QualityScore,Base Substitution,14253336,88838.02,22.00,22.00,0.00,After
TCGA-A7-A4SE-Control,23,QualityScore,Base Substitution,31481347,155020.32,23.00,23.00,0.00,After
TCGA-A7-A4SE-Control,24,QualityScore,Base Substitution,12820079,50514.94,24.00,24.00,0.00,After
TCGA-A7-A4SE-Control,25,QualityScore,Base Substitution,17113116,53267.53,25.00,25.00,0.00,After
TCGA-A7-A4SE-Control,26,QualityScore,Base Substitution,60308685,144661.43,26.00,26.00,0.00,After
TCGA-A7-A4SE-Control,27,QualityScore,Base Substitution,135085524,253250.15,27.00,27.00,0.00,After
TCGA-A7-A4SE-Control,28,QualityScore,Base Substitution,317826619,514274.59,28.00,28.00,0.00,After
TCGA-A7-A4SE-Control,29,QualityScore,Base Substitution,328882145,401187.18,29.00,29.00,0.00,After
TCGA-A7-A4SE-Control,30,QualityScore,Base Substitution,456558856,469966.37,30.00,30.00,0.00,After
TCGA-A7-A4SE-Control,31,QualityScore,Base Substitution,123363398,106098.65,31.00,31.00,0.00,After
TCGA-A7-A4SE-Control,32,QualityScore,Base Substitution,14412413,11778.48,31.00,32.00,-1.00,After
TCGA-A7-A4SE-Control,33,QualityScore,Base Deletion,12452177,7396.49,32.00,33.00,-1.00,After
TCGA-A7-A4SE-Control,34,QualityScore,Base Deletion,30263034,12644.58,34.00,34.00,0.00,After
TCGA-A7-A4SE-Control,35,QualityScore,Base Deletion,20839345,6869.58,35.00,35.00,0.00,After
TCGA-A7-A4SE-Control,36,QualityScore,Base Deletion,5440309,1264.78,36.00,36.00,0.00,After
TCGA-A7-A4SE-Control,37,QualityScore,Base Insertion,9942752,2434.85,36.00,37.00,-1.00,After
TCGA-A7-A4SE-Control,37,QualityScore,Base Deletion,2890120,432.15,38.00,37.00,1.00,After
TCGA-A7-A4SE-Control,38,QualityScore,Base Insertion,29759289,5008.40,38.00,38.00,0.00,After
TCGA-A7-A4SE-Control,38,QualityScore,Base Deletion,723753,75.08,39.00,38.00,1.00,After
TCGA-A7-A4SE-Control,39,QualityScore,Base Insertion,23903073,3257.82,39.00,39.00,0.00,After
TCGA-A7-A4SE-Control,39,QualityScore,Base Deletion,9438853,1029.28,40.00,39.00,1.00,After
TCGA-A7-A4SE-Control,40,QualityScore,Base Insertion,5972797,682.21,39.00,40.00,-1.00,After
TCGA-A7-A4SE-Control,40,QualityScore,Base Deletion,63530261,5867.98,40.00,40.00,0.00,After
TCGA-A7-A4SE-Control,41,QualityScore,Base Insertion,17994794,1633.54,40.00,41.00,-1.00,After
TCGA-A7-A4SE-Control,41,QualityScore,Base Deletion,129248887,9950.14,41.00,41.00,0.00,After
TCGA-A7-A4SE-Control,42,QualityScore,Base Insertion,74646742,4571.50,42.00,42.00,0.00,After
TCGA-A7-A4SE-Control,42,QualityScore,Base Deletion,215584741,11386.55,43.00,42.00,1.00,After
TCGA-A7-A4SE-Control,43,QualityScore,Base Insertion,150933564,7325.16,43.00,43.00,0.00,After
TCGA-A7-A4SE-Control,43,QualityScore,Base Deletion,320521853,14801.41,43.00,43.00,0.00,After
TCGA-A7-A4SE-Control,44,QualityScore,Base Insertion,292907310,10742.93,44.00,44.00,0.00,After
TCGA-A7-A4SE-Control,44,QualityScore,Base Deletion,374855447,13974.81,44.00,44.00,0.00,After
TCGA-A7-A4SE-Control,45,QualityScore,Base Insertion,373238969,11296.85,45.00,45.00,0.00,After
TCGA-A7-A4SE-Control,45,QualityScore,Base Deletion,226664867,6909.48,45.00,45.00,0.00,After
TCGA-A7-A4SE-Control,46,QualityScore,Base Insertion,311572463,7421.24,46.00,46.00,0.00,After
TCGA-A7-A4SE-Control,46,QualityScore,Base Deletion,93708203,2300.18,46.00,46.00,0.00,After
TCGA-A7-A4SE-Control,47,QualityScore,Base Insertion,186643432,3404.28,47.00,47.00,0.00,After
TCGA-A7-A4SE-Control,47,QualityScore,Base Deletion,32438475,631.33,47.00,47.00,0.00,After
TCGA-A7-A4SE-Control,48,QualityScore,Base Insertion,50931116,711.89,48.00,48.00,0.00,After
TCGA-A7-A4SE-Control,48,QualityScore,Base Deletion,9489371,147.45,48.00,48.00,0.00,After
TCGA-A7-A4SE-Control,49,QualityScore,Base Insertion,16835722,176.00,50.00,49.00,1.00,After
TCGA-A7-A4SE-Control,49,QualityScore,Base Deletion,1308190,14.92,49.00,49.00,0.00,After
TCGA-A7-A4SE-Control,50,QualityScore,Base Insertion,4115863,39.94,50.00,50.00,0.00,After
