ReadGroup,CovariateValue,CovariateName,EventType,Observations,Errors,EmpiricalQuality,AverageReportedQuality,Accuracy,Recalibration
TCGA-A7-A4SE-Control,AA,Context,Base Substitution,94178426,184694.40,27.00,28.14,-1.14,Before
TCGA-A7-A4SE-Control,AAA,Context,Base Insertion,31947121,6301.82,37.00,45.00,-8.00,Before
TCGA-A7-A4SE-Control,AAA,Context,Base Deletion,31947121,14794.83,33.00,45.00,-12.00,Before
TCGA-A7-A4SE-Control,CA,Context,Base Substitution,102160536,219084.86,27.00,28.49,-1.49,Before
TCGA-A7-A4SE-Control,CAA,Context,Base Insertion,20924904,896.20,44.00,45.00,-1.00,Before
TCGA-A7-A4SE-Control,CAA,Context,Base Deletion,20924904,1263.84,42.00,45.00,-3.00,Before
TCGA-A7-A4SE-Control,GA,Context,Base Substitution,82354459,280208.79,25.00,25.17,-0.17,Before
TCGA-A7-A4SE-Control,GAA,Context,Base Insertion,23794095,1215.36,43.00,45.00,-2.00,Before
TCGA-A7-A4SE-Control,GAA,Context,Base Deletion,23794095,1253.59,43.00,45.00,-2.00,Before
TCGA-A7-A4SE-Control,TA,Context,Base Substitution,55795319,196199.03,25.00,25.58,-0.58,Before
TCGA-A7-A4SE-Control,TAA,Context,Base Insertion,16257152,871.17,43.00,45.00,-2.00,Before
TCGA-A7-A4SE-Control,TAA,Context,Base Deletion,16257152,1015.12,42.00,45.00,-3.00,Before
TCGA-A7-A4SE-Control,AC,Context,Base Substitution,68193999,127582.78,27.00,28.33,-1.33,Before
TCGA-A7-A4SE-Control,ACA,Context,Base Insertion,23774524,1743.86,42.00,45.00,-3.00,Before
TCGA-A7-A4SE-Control,ACA,Context,Base Deletion,23774524,2274.98,40.00,45.00,-5.00,Before
TCGA-A7-A4SE-Control,CC,Context,Base Substitution,98445541,146035.29,28.00,29.06,-1.06,Before
TCGA-A7-A4SE-Control,CCA,Context,Base Insertion,30322734,1092.91,44.00,45.00,-1.00,Before
TCGA-A7-A4SE-Control,CCA,Context,Base Deletion,30322734,1276.30,44.00,45.00,-1.00,Before
TCGA-A7-A4SE-Control,GC,Context,Base Substitution,78308567,201265.18,26.00,25.85,0.15,Before
TCGA-A7-A4SE-Control,GCA,Context,Base Insertion,22884633,735.57,45.00,45.00,0.00,Before
TCGA-A7-A4SE-Control,GCA,Context,Base Deletion,22884633,836.47,44.00,45.00,-1.00,Before
TCGA-A7-A4SE-Control,TC,Context,Base Substitution,83421609,104929.12,29.00,29.87,-0.87,Before
TCGA-A7-A4SE-Control,TCA,Context,Base Insertion,23917951,805.46,45.00,45.00,0.00,Before
TCGA-A7-A4SE-Control,TCA,Context,Base Deletion,23917951,1127.81,43.00,45.00,-2.00,Before
TCGA-A7-A4SE-Control,AG,Context,Base Substitution,99763673,168064.13,28.00,28.20,-0.20,Before
TCGA-A7-A4SE-Control,AGA,Context,Base Insertion,26907002,1017.74,44.00,45.00,-1.00,Before
TCGA-A7-A4SE-Control,AGA,Context,Base Deletion,26907002,1367.33,43.00,45.00,-2.00,Before
TCGA-A7-A4SE-Control,CG,Context,Base Substitution,26944878,131495.56,23.00,22.67,0.33,Before
TCGA-A7-A4SE-Control,CGA,Context,Base Insertion,5433513,137.81,46.00,45.00,1.00,Before
TCGA-A7-A4SE-Control,CGA,Context,Base Deletion,5433513,140.00,46.00,45.00,1.00,Before
TCGA-A7-A4SE-Control,GG,Context,Base Substitution,95506179,201169.63,27.00,27.00,0.00,Before
TCGA-A7-A4SE-Control,GGA,Context,Base Insertion,25411403,951.64,44.00,45.00,-1.00,Before
TCGA-A7-A4SE-Control,GGA,Context,Base Deletion,25411403,1155.22,44.00,45.00,-1.00,Before
TCGA-A7-A4SE-Control,TG,Context,Base Substitution,101686628,168744.20,28.00,28.43,-0.43,Before
TCGA-A7-A4SE-Control,TGA,Context,Base Insertion,23908879,1139.23,43.00,45.00,-2.00,Before
TCGA-A7-A4SE-Control,TGA,Context,Base Deletion,23908879,935.15,44.00,45.00,-1.00,Before
TCGA-A7-A4SE-Control,AT,Context,Base Substitution,72777216,146065.24,27.00,28.60,-1.60,Before
TCGA-A7-A4SE-Control,ATA,Context,Base Insertion,14691646,657.56,44.00,45.00,-1.00,Before
TCGA-A7-A4SE-Control,ATA,Context,Base Deletion,14691646,900.49,42.00,45.00,-3.00,Before
TCGA-A7-A4SE-Control,CT,Context,Base Substitution,101110973,139358.74,29.00,30.43,-1.43,Before
TCGA-A7-A4SE-Control,CTA,Context,Base Insertion,12280145,372.43,45.00,45.00,0.00,Before
TCGA-A7-A4SE-Control,CTA,Context,Base Deletion,12280145,636.75,43.00,45.00,-2.00,Before
TCGA-A7-A4SE-Control,GT,Context,Base Substitution,66692850,149242.08,27.00,27.89,-0.89,Before
TCGA-A7-A4SE-Control,GTA,Context,Base Insertion,11701207,578.18,43.00,45.00,-2.00,Before
TCGA-A7-A4SE-Control,GTA,Context,Base Deletion,11701207,504.44,44.00,45.00,-1.00,Before
TCGA-A7-A4SE-Control,TT,Context,Base Substitution,94471076,179070.50,27.00,28.40,-1.40,Before
TCGA-A7-A4SE-Control,TTA,Context,Base Insertion,16345738,734.28,44.00,45.00,-1.00,Before
TCGA-A7-A4SE-Control,TTA,Context,Base Deletion,16345738,1273.93,41.00,45.00,-4.00,Before
TCGA-A7-A4SE-Control,AAC,Context,Base Insertion,16401128,1015.76,42.00,45.00,-3.00,Before
TCGA-A7-A4SE-Control,AAC,Context,Base Deletion,16401128,1148.41,42.00,45.00,-3.00,Before
TCGA-A7-A4SE-Control,CAC,Context,Base Insertion,23624855,1420.95,42.00,45.00,-3.00,Before
TCGA-A7-A4SE-Control,CAC,Context,Base Deletion,23624855,2239.00,40.00,45.00,-5.00,Before
TCGA-A7-A4SE-Control,GAC,Context,Base Insertion,15466124,932.19,42.00,45.00,-3.00,Before
TCGA-A7-A4SE-Control,GAC,Context,Base Deletion,15466124,795.11,43.00,45.00,-2.00,Before
TCGA-A7-A4SE-Control,TAC,Context,Base Insertion,12183394,705.42,43.00,45.00,-2.00,Before
TCGA-A7-A4SE-Control,TAC,Context,Base Deletion,12183394,571.02,43.00,45.00,-2.00,Before
TCGA-A7-A4SE-Control,ACC,Context,Base Insertion,19118832,696.22,44.00,45.00,-1.00,Before
TCGA-A7-A4SE-Control,ACC,Context,Base Deletion,19118832,808.91,44.00,45.00,-1.00,Before
TCGA-A7-A4SE-Control,CCC,Context,Base Insertion,27926498,1900.22,42.00,45.00,-3.00,Before
TCGA-A7-A4SE-Control,CCC,Context,Base Deletion,27926498,2559.47,41.00,45.00,-4.00,Before
TCGA-A7-A4SE-Control,GCC,Context,Base Insertion,24283446,971.57,44.00,45.00,-1.00,Before
TCGA-A7-A4SE-Control,GCC,Context,Base Deletion,24283446,808.09,45.00,45.00,0.00,Before
TCGA-A7-A4SE-Control,TCC,Context,Base Insertion,26042620,1060.14,44.00,45.00,-1.00,Before
TCGA-A7-A4SE-Control,TCC,Context,Base Deletion,26042620,961.40,44.00,45.00,-1.00,Before
TCGA-A7-A4SE-Control,AGC,Context,Base Insertion,23608001,661.78,45.00,45.00,0.00,Before
TCGA-A7-A4SE-Control,AGC,Context,Base Deletion,23608001,673.53,45.00,45.00,0.00,Before
TCGA-A7-A4SE-Control,CGC,Context,Base Insertion,7027307,164.76,46.00,45.00,1.00,Before
TCGA-A7-A4SE-Control,CGC,Context,Base Deletion,7027307,261.68,44.00,45.00,-1.00,Before
TCGA-A7-A4SE-Control,GGC,Context,Base Insertion,24162918,672.90,45.00,45.00,0.00,Before
TCGA-A7-A4SE-Control,GGC,Context,Base Deletion,24162918,942.20,44.00,45.00,-1.00,Before
TCGA-A7-A4SE-Control,TGC,Context,Base Insertion,23121380,889.88,44.00,45.00,-1.00,Before
TCGA-A7-A4SE-Control,TGC,Context,Base Deletion,23121380,855.63,44.00,45.00,-1.00,Before
TCGA-A7-A4SE-Control,ATC,Context,Base Insertion,15894374,593.71,44.00,45.00,-1.00,Before
TCGA-A7-A4SE-Control,ATC,Context,Base Deletion,15894374,589.37,44.00,45.00,-1.00,Before
TCGA-A7-A4SE-Control,CTC,Context,Base Insertion,27311857,2600.05,40.00,45.00,-5.00,Before
TCGA-A7-A4SE-Control,CTC,Context,Base Deletion,27311857,1859.04,42.00,45.00,-3.00,Before
TCGA-A7-A4SE-Control,GTC,Context,Base Insertion,15311510,505.88,45.00,45.00,0.00,Before
TCGA-A7-A4SE-Control,GTC,Context,Base Deletion,15311510,426.31,45.00,45.00,0.00,Before
TCGA-A7-A4SE-Control,TTC,Context,Base Insertion,24108955,1574.68,42.00,45.00,-3.00,Before
TCGA-A7-A4SE-Control,TTC,Context,Base Deletion,24108955,1655.66,42.00,45.00,-3.00,Before
TCGA-A7-A4SE-Control,AAG,Context,Base Insertion,24798208,1284.71,43.00,45.00,-2.00,Before
TCGA-A7-A4SE-Control,AAG,Context,Base Deletion,24798208,1564.55,42.00,45.00,-3.00,Before
TCGA-A7-A4SE-Control,CAG,Context,Base Insertion,35112218,1003.54,45.00,45.00,0.00,Before
TCGA-A7-A4SE-Control,CAG,Context,Base Deletion,35112218,1186.82,45.00,45.00,0.00,Before
TCGA-A7-A4SE-Control,GAG,Context,Base Insertion,26389038,949.62,44.00,45.00,-1.00,Before
TCGA-A7-A4SE-Control,GAG,Context,Base Deletion,26389038,1274.58,43.00,45.00,-2.00,Before
TCGA-A7-A4SE-Control,TAG,Context,Base Insertion,12149708,549.25,44.00,45.00,-1.00,Before
TCGA-A7-A4SE-Control,TAG,Context,Base Deletion,12149708,488.24,44.00,45.00,-1.00,Before
TCGA-A7-A4SE-Control,ACG,Context,Base Insertion,5882247,180.75,45.00,45.00,0.00,Before
TCGA-A7-A4SE-Control,ACG,Context,Base Deletion,5882247,240.00,44.00,45.00,-1.00,Before
TCGA-A7-A4SE-Control,CCG,Context,Base Insertion,8533202,334.71,44.00,45.00,-1.00,Before
TCGA-A7-A4SE-Control,CCG,Context,Base Deletion,8533202,382.60,44.00,45.00,-1.00,Before
TCGA-A7-A4SE-Control,GCG,Context,Base Insertion,6838511,307.36,44.00,45.00,-1.00,Before
TCGA-A7-A4SE-Control,GCG,Context,Base Deletion,6838511,329.87,44.00,45.00,-1.00,Before
TCGA-A7-A4SE-Control,TCG,Context,Base Insertion,5321937,167.50,45.00,45.00,0.00,Before
TCGA-A7-A4SE-Control,TCG,Context,Base Deletion,5321937,224.73,44.00,45.00,-1.00,Before
TCGA-A7-A4SE-Control,AGG,Context,Base Insertion,29727242,1080.18,44.00,45.00,-1.00,Before
TCGA-A7-A4SE-Control,AGG,Context,Base Deletion,29727242,1082.35,44.00,45.00,-1.00,Before
TCGA-A7-A4SE-Control,CGG,Context,Base Insertion,8513034,284.15,45.00,45.00,0.00,Before
TCGA-A7-A4SE-Control,CGG,Context,Base Deletion,8513034,368.01,44.00,45.00,-1.00,Before
TCGA-A7-A4SE-Control,GGG,Context,Base Insertion,26896895,1723.73,42.00,45.00,-3.00,Before
TCGA-A7-A4SE-Control,GGG,Context,Base Deletion,26896895,2324.35,41.00,45.00,-4.00,Before
TCGA-A7-A4SE-Control,TGG,Context,Base Insertion,29622588,1174.57,44.00,45.00,-1.00,Before
TCGA-A7-A4SE-Control,TGG,Context,Base Deletion,29622588,1139.40,44.00,45.00,-1.00,Before
TCGA-A7-A4SE-Control,ATG,Context,Base Insertion,21374780,834.21,44.00,45.00,-1.00,Before
TCGA-A7-A4SE-Control,ATG,Context,Base Deletion,21374780,800.29,44.00,45.00,-1.00,Before
TCGA-A7-A4SE-Control,CTG,Context,Base Insertion,35205339,1109.35,45.00,45.00,0.00,Before
TCGA-A7-A4SE-Control,CTG,Context,Base Deletion,35205339,1293.02,44.00,45.00,-1.00,Before
TCGA-A7-A4SE-Control,GTG,Context,Base Insertion,22851108,1164.40,43.00,45.00,-2.00,Before
TCGA-A7-A4SE-Control,GTG,Context,Base Deletion,22851108,1857.17,41.00,45.00,-4.00,Before
TCGA-A7-A4SE-Control,TTG,Context,Base Insertion,20941831,952.21,44.00,45.00,-1.00,Before
TCGA-A7-A4SE-Control,TTG,Context,Base Deletion,20941831,1068.57,43.00,45.00,-2.00,Before
TCGA-A7-A4SE-Control,AAT,Context,Base Insertion,19995966,705.72,45.00,45.00,0.00,Before
TCGA-A7-A4SE-Control,AAT,Context,Base Deletion,19995966,1234.24,42.00,45.00,-3.00,Before
TCGA-A7-A4SE-Control,CAT,Context,Base Insertion,21413549,750.66,45.00,45.00,0.00,Before
TCGA-A7-A4SE-Control,CAT,Context,Base Deletion,21413549,948.05,44.00,45.00,-1.00,Before
TCGA-A7-A4SE-Control,GAT,Context,Base Insertion,15873286,608.04,44.00,45.00,-1.00,Before
TCGA-A7-A4SE-Control,GAT,Context,Base Deletion,15873286,643.29,44.00,45.00,-1.00,Before
TCGA-A7-A4SE-Control,TAT,Context,Base Insertion,14666633,665.99,44.00,45.00,-1.00,Before
TCGA-A7-A4SE-Control,TAT,Context,Base Deletion,14666633,863.01,43.00,45.00,-2.00,Before
TCGA-A7-A4SE-Control,ACT,Context,Base Insertion,18681146,695.34,44.00,45.00,-1.00,Before
TCGA-A7-A4SE-Control,ACT,Context,Base Deletion,18681146,833.88,44.00,45.00,-1.00,Before
TCGA-A7-A4SE-Control,CCT,Context,Base Insertion,30511140,982.86,45.00,45.00,0.00,Before
TCGA-A7-A4SE-Control,CCT,Context,Base Deletion,30511140,1501.86,43.00,45.00,-2.00,Before
TCGA-A7-A4SE-Control,GCT,Context,Base Insertion,23497739,632.08,46.00,45.00,1.00,Before
TCGA-A7-A4SE-Control,GCT,Context,Base Deletion,23497739,790.92,45.00,45.00,0.00,Before
TCGA-A7-A4SE-Control,TCT,Context,Base Insertion,27239813,1245.68,43.00,45.00,-2.00,Before
TCGA-A7-A4SE-Control,TCT,Context,Base Deletion,27239813,1637.48,42.00,45.00,-3.00,Before
TCGA-A7-A4SE-Control,AGT,Context,Base Insertion,18240333,591.80,45.00,45.00,0.00,Before
TCGA-A7-A4SE-Control,AGT,Context,Base Deletion,18240333,604.81,45.00,45.00,0.00,Before
TCGA-A7-A4SE-Control,CGT,Context,Base Insertion,5995814,165.25,45.00,45.00,0.00,Before
TCGA-A7-A4SE-Control,CGT,Context,Base Deletion,5995814,209.85,45.00,45.00,0.00,Before
TCGA-A7-A4SE-Control,GGT,Context,Base Insertion,18147770,654.13,44.00,45.00,-1.00,Before
TCGA-A7-A4SE-Control,GGT,Context,Base Deletion,18147770,838.12,43.00,45.00,-2.00,Before
TCGA-A7-A4SE-Control,TGT,Context,Base Insertion,23801368,1400.54,42.00,45.00,-3.00,Before
TCGA-A7-A4SE-Control,TGT,Context,Base Deletion,23801368,2048.20,41.00,45.00,-4.00,Before
TCGA-A7-A4SE-Control,ATT,Context,Base Insertion,20118075,917.58,44.00,45.00,-1.00,Before
TCGA-A7-A4SE-Control,ATT,Context,Base Deletion,20118075,1124.02,43.00,45.00,-2.00,Before
TCGA-A7-A4SE-Control,CTT,Context,Base Insertion,25253299,1568.58,42.00,45.00,-3.00,Before
TCGA-A7-A4SE-Control,CTT,Context,Base Deletion,25253299,1643.77,42.00,45.00,-3.00,Before
TCGA-A7-A4SE-Control,GTT,Context,Base Insertion,16270925,797.21,43.00,45.00,-2.00,Before
TCGA-A7-A4SE-Control,GTT,Context,Base Deletion,16270925,893.68,43.00,45.00,-2.00,Before
TCGA-A7-A4SE-Control,TTT,Context,Base Insertion,32036719,5111.73,38.00,45.00,-7.00,Before
TCGA-A7-A4SE-Control,TTT,Context,Base Deletion,32036719,11803.20,34.00,45.00,-11.00,Before
TCGA-A7-A4SE-Control,1,Cycle,Base Substitution,6918920,30438.39,24.00,24.17,-0.17,Before
TCGA-A7-A4SE-Control,-1,Cycle,Base Substitution,6858281,15560.04,26.00,26.58,-0.58,Before
TCGA-A7-A4SE-Control,2,Cycle,Base Substitution,6946619,13075.77,27.00,27.72,-0.72,Before
TCGA-A7-A4SE-Control,-2,Cycle,Base Substitution,6855315,20107.62,25.00,25.90,-0.90,Before
TCGA-A7-A4SE-Control,3,Cycle,Base Substitution,6946915,14977.02,27.00,27.09,-0.09,Before
TCGA-A7-A4SE-Control,-3,Cycle,Base Substitution,6856320,21236.04,25.00,25.37,-0.37,Before
TCGA-A7-A4SE-Control,4,Cycle,Base Substitution,6940003,17188.71,26.00,26.80,-0.80,Before
TCGA-A7-A4SE-Control,-4,Cycle,Base Substitution,6855548,18776.72,26.00,25.99,0.01,Before
TCGA-A7-A4SE-Control,5,Cycle,Base Substitution,6943557,12882.04,27.00,28.11,-1.11,Before
TCGA-A7-A4SE-Control,5,Cycle,Base Insertion,6943543,334.10,44.00,45.00,-1.00,Before
TCGA-A7-A4SE-Control,5,Cycle,Base Deletion,6943543,224.82,45.00,45.00,0.00,Before
TCGA-A7-A4SE-Control,-5,Cycle,Base Substitution,6852471,14452.63,27.00,27.52,-0.52,Before
TCGA-A7-A4SE-Control,-5,Cycle,Base Insertion,6852453,321.19,44.00,45.00,-1.00,Before
TCGA-A7-A4SE-Control,-5,Cycle,Base Deletion,6852453,264.14,44.00,45.00,-1.00,Before
TCGA-A7-A4SE-Control,6,Cycle,Base Substitution,6941981,14477.36,27.00,27.97,-0.97,Before
TCGA-A7-A4SE-Control,6,Cycle,Base Insertion,6941965,360.16,43.00,45.00,-2.00,Before
TCGA-A7-A4SE-Control,6,Cycle,Base Deletion,6941965,259.55,44.00,45.00,-1.00,Before
TCGA-A7-A4SE-Control,-6,Cycle,Base Substitution,6844848,16149.75,26.00,27.18,-1.18,Before
TCGA-A7-A4SE-Control,-6,Cycle,Base Insertion,6844832,380.27,43.00,45.00,-2.00,Before
TCGA-A7-A4SE-Control,-6,Cycle,Base Deletion,6844832,291.55,44.00,45.00,-1.00,Before
TCGA-A7-A4SE-Control,7,Cycle,Base Substitution,6939556,15721.75,26.00,27.58,-1.58,Before
TCGA-A7-A4SE-Control,7,Cycle,Base Insertion,6939537,373.38,43.00,45.00,-2.00,Before
TCGA-A7-A4SE-Control,7,Cycle,Base Deletion,6939537,301.41,44.00,45.00,-1.00,Before
TCGA-A7-A4SE-Control,-7,Cycle,Base Substitution,6842929,15404.77,26.00,27.22,-1.22,Before
TCGA-A7-A4SE-Control,-7,Cycle,Base Insertion,6842911,342.81,43.00,45.00,-2.00,Before
TCGA-A7-A4SE-Control,-7,Cycle,Base Deletion,6842911,334.58,43.00,45.00,-2.00,Before
TCGA-A7-A4SE-Control,8,Cycle,Base Substitution,6942968,12244.29,28.00,28.78,-0.78,Before
TCGA-A7-A4SE-Control,8,Cycle,Base Insertion,6942950,412.76,43.00,45.00,-2.00,Before
TCGA-A7-A4SE-Control,8,Cycle,Base Deletion,6942950,358.63,43.00,45.00,-2.00,Before
TCGA-A7-A4SE-Control,-8,Cycle,Base Substitution,6840687,14079.62,27.00,27.77,-0.77,Before
TCGA-A7-A4SE-Control,-8,Cycle,Base Insertion,6840670,416.86,43.00,45.00,-2.00,Before
TCGA-A7-A4SE-Control,-8,Cycle,Base Deletion,6840670,382.01,43.00,45.00,-2.00,Before
TCGA-A7-A4SE-Control,9,Cycle,Base Substitution,6942354,15231.61,27.00,27.73,-0.73,Before
TCGA-A7-A4SE-Control,9,Cycle,Base Insertion,6942339,416.72,43.00,45.00,-2.00,Before
TCGA-A7-A4SE-Control,9,Cycle,Base Deletion,6942339,397.42,43.00,45.00,-2.00,Before
TCGA-A7-A4SE-Control,-9,Cycle,Base Substitution,6837522,16242.88,26.00,27.04,-1.04,Before
TCGA-A7-A4SE-Control,-9,Cycle,Base Insertion,6837504,416.16,43.00,45.00,-2.00,Before
TCGA-A7-A4SE-Control,-9,Cycle,Base Deletion,6837504,420.64,43.00,45.00,-2.00,Before
TCGA-A7-A4SE-Control,10,Cycle,Base Substitution,6942558,13268.77,27.00,28.41,-1.41,Before
TCGA-A7-A4SE-Control,10,Cycle,Base Insertion,6942541,448.54,42.00,45.00,-3.00,Before
TCGA-A7-A4SE-Control,10,Cycle,Base Deletion,6942541,443.52,42.00,45.00,-3.00,Before
TCGA-A7-A4SE-Control,-10,Cycle,Base Substitution,6834275,15591.16,26.00,27.26,-1.26,Before
TCGA-A7-A4SE-Control,-10,Cycle,Base Insertion,6834253,446.06,42.00,45.00,-3.00,Before
TCGA-A7-A4SE-Control,-10,Cycle,Base Deletion,6834253,455.86,42.00,45.00,-3.00,Before
TCGA-A7-A4SE-Control,11,Cycle,Base Substitution,6940217,15827.94,26.00,27.39,-1.39,Before
TCGA-A7-A4SE-Control,11,Cycle,Base Insertion,6940201,425.27,43.00,45.00,-2.00,Before
TCGA-A7-A4SE-Control,11,Cycle,Base Deletion,6940201,460.12,42.00,45.00,-3.00,Before
TCGA-A7-A4SE-Control,-11,Cycle,Base Substitution,6831361,15308.07,27.00,27.33,-0.33,Before
TCGA-A7-A4SE-Control,-11,Cycle,Base Insertion,6831343,410.21,43.00,45.00,-2.00,Before
TCGA-A7-A4SE-Control,-11,Cycle,Base Deletion,6831343,497.56,42.00,45.00,-3.00,Before
TCGA-A7-A4SE-Control,12,Cycle,Base Substitution,6942164,14118.97,27.00,28.04,-1.04,Before
TCGA-A7-A4SE-Control,12,Cycle,Base Insertion,6942147,438.05,42.00,45.00,-3.00,Before
TCGA-A7-A4SE-Control,12,Cycle,Base Deletion,6942147,496.87,42.00,45.00,-3.00,Before
TCGA-A7-A4SE-Control,-12,Cycle,Base Substitution,6825560,16568.41,26.00,27.00,-1.00,Before
TCGA-A7-A4SE-Control,-12,Cycle,Base Insertion,6825540,438.77,42.00,45.00,-3.00,Before
TCGA-A7-A4SE-Control,-12,Cycle,Base Deletion,6825540,516.79,42.00,45.00,-3.00,Before
TCGA-A7-A4SE-Control,13,Cycle,Base Substitution,6941497,14434.74,27.00,27.73,-0.73,Before
TCGA-A7-A4SE-Control,13,Cycle,Base Insertion,6941479,463.98,42.00,45.00,-3.00,Before
TCGA-A7-A4SE-Control,13,Cycle,Base Deletion,6941479,530.47,42.00,45.00,-3.00,Before
TCGA-A7-A4SE-Control,-13,Cycle,Base Substitution,6824704,15423.45,26.00,27.14,-1.14,Before
TCGA-A7-A4SE-Control,-13,Cycle,Base Insertion,6824681,420.17,43.00,45.00,-2.00,Before
TCGA-A7-A4SE-Control,-13,Cycle,Base Deletion,6824681,546.53,41.00,45.00,-4.00,Before
TCGA-A7-A4SE-Control,14,Cycle,Base Substitution,6939888,15575.02,27.00,27.64,-0.64,Before
TCGA-A7-A4SE-Control,14,Cycle,Base Insertion,6939873,467.96,42.00,45.00,-3.00,Before
TCGA-A7-A4SE-Control,14,Cycle,Base Deletion,6939873,528.46,42.00,45.00,-3.00,Before
TCGA-A7-A4SE-Control,-14,Cycle,Base Substitution,6823285,13620.76,27.00,27.85,-0.85,Before
TCGA-A7-A4SE-Control,-14,Cycle,Base Insertion,6823266,425.05,43.00,45.00,-2.00,Before
TCGA-A7-A4SE-Control,-14,Cycle,Base Deletion,6823266,561.95,41.00,45.00,-4.00,Before
TCGA-A7-A4SE-Control,15,Cycle,Base Substitution,6941074,15088.73,27.00,27.61,-0.61,Before
TCGA-A7-A4SE-Control,15,Cycle,Base Insertion,6941055,453.63,42.00,45.00,-3.00,Before
TCGA-A7-A4SE-Control,15,Cycle,Base Deletion,6941055,552.70,41.00,45.00,-4.00,Before
TCGA-A7-A4SE-Control,-15,Cycle,Base Substitution,6819604,14913.37,27.00,27.32,-0.32,Before
TCGA-A7-A4SE-Control,-15,Cycle,Base Insertion,6819585,419.64,43.00,45.00,-2.00,Before
TCGA-A7-A4SE-Control,-15,Cycle,Base Deletion,6819585,576.04,41.00,45.00,-4.00,Before
TCGA-A7-A4SE-Control,16,Cycle,Base Substitution,6942576,12164.05,28.00,28.63,-0.63,Before
TCGA-A7-A4SE-Control,16,Cycle,Base Insertion,6942498,474.06,42.00,45.00,-3.00,Before
TCGA-A7-A4SE-Control,16,Cycle,Base Deletion,6942498,563.73,41.00,45.00,-4.00,Before
TCGA-A7-A4SE-Control,-16,Cycle,Base Substitution,6815351,13820.35,27.00,27.63,-0.63,Before
TCGA-A7-A4SE-Control,-16,Cycle,Base Insertion,6815138,455.32,42.00,45.00,-3.00,Before
TCGA-A7-A4SE-Control,-16,Cycle,Base Deletion,6815138,589.28,41.00,45.00,-4.00,Before
TCGA-A7-A4SE-Control,17,Cycle,Base Substitution,6942682,13844.46,27.00,28.00,-1.00,Before
TCGA-A7-A4SE-Control,17,Cycle,Base Insertion,6942533,460.72,42.00,45.00,-3.00,Before
TCGA-A7-A4SE-Control,17,Cycle,Base Deletion,6942533,574.27,41.00,45.00,-4.00,Before
TCGA-A7-A4SE-Control,-17,Cycle,Base Substitution,6810964,14702.48,27.00,27.41,-0.41,Before
TCGA-A7-A4SE-Control,-17,Cycle,Base Insertion,6810434,426.90,42.00,45.00,-3.00,Before
TCGA-A7-A4SE-Control,-17,Cycle,Base Deletion,6810434,597.83,41.00,45.00,-4.00,Before
TCGA-A7-A4SE-Control,18,Cycle,Base Substitution,6940384,15093.31,27.00,27.48,-0.48,Before
TCGA-A7-A4SE-Control,18,Cycle,Base Insertion,6940160,468.42,42.00,45.00,-3.00,Before
TCGA-A7-A4SE-Control,18,Cycle,Base Deletion,6940160,576.40,41.00,45.00,-4.00,Before
TCGA-A7-A4SE-Control,-18,Cycle,Base Substitution,6805470,16221.50,26.00,26.79,-0.79,Before
TCGA-A7-A4SE-Control,-18,Cycle,Base Insertion,6804615,428.65,42.00,45.00,-3.00,Before
TCGA-A7-A4SE-Control,-18,Cycle,Base Deletion,6804615,606.15,41.00,45.00,-4.00,Before
TCGA-A7-A4SE-Control,19,Cycle,Base Substitution,6942276,13639.20,27.00,27.96,-0.96,Before
TCGA-A7-A4SE-Control,19,Cycle,Base Insertion,6941999,449.40,42.00,45.00,-3.00,Before
TCGA-A7-A4SE-Control,19,Cycle,Base Deletion,6941999,605.70,41.00,45.00,-4.00,Before
TCGA-A7-A4SE-Control,-19,Cycle,Base Substitution,6806042,13303.32,27.00,27.79,-0.79,Before
TCGA-A7-A4SE-Control,-19,Cycle,Base Insertion,6805046,429.12,42.00,45.00,-3.00,Before
TCGA-A7-A4SE-Control,-19,Cycle,Base Deletion,6805046,612.22,41.00,45.00,-4.00,Before
TCGA-A7-A4SE-Control,20,Cycle,Base Substitution,6940282,14936.59,27.00,27.59,-0.59,Before
TCGA-A7-A4SE-Control,20,Cycle,Base Insertion,6939974,435.88,42.00,45.00,-3.00,Before
TCGA-A7-A4SE-Control,20,Cycle,Base Deletion,6939974,607.66,41.00,45.00,-4.00,Before
TCGA-A7-A4SE-Control,-20,Cycle,Base Substitution,6798501,16003.14,26.00,26.89,-0.89,Before
TCGA-A7-A4SE-Control,-20,Cycle,Base Insertion,6797558,427.60,42.00,45.00,-3.00,Before
TCGA-A7-A4SE-Control,-20,Cycle,Base Deletion,6797558,613.45,41.00,45.00,-4.00,Before
TCGA-A7-A4SE-Control,21,Cycle,Base Substitution,6939972,15002.95,27.00,27.47,-0.47,Before
TCGA-A7-A4SE-Control,21,Cycle,Base Insertion,6939632,424.03,43.00,45.00,-2.00,Before
TCGA-A7-A4SE-Control,21,Cycle,Base Deletion,6939632,599.62,41.00,45.00,-4.00,Before
TCGA-A7-A4SE-Control,-21,Cycle,Base Substitution,6796143,15810.15,26.00,26.86,-0.86,Before
TCGA-A7-A4SE-Control,-21,Cycle,Base Insertion,6795302,450.56,42.00,45.00,-3.00,Before
TCGA-A7-A4SE-Control,-21,Cycle,Base Deletion,6795302,601.50,41.00,45.00,-4.00,Before
TCGA-A7-A4SE-Control,22,Cycle,Base Substitution,6939527,15199.20,27.00,27.59,-0.59,Before
TCGA-A7-A4SE-Control,22,Cycle,Base Insertion,6938992,441.00,42.00,45.00,-3.00,Before
TCGA-A7-A4SE-Control,22,Cycle,Base Deletion,6938992,607.92,41.00,45.00,-4.00,Before
TCGA-A7-A4SE-Control,-22,Cycle,Base Substitution,6788081,17749.88,26.00,26.36,-0.36,Before
TCGA-A7-A4SE-Control,-22,Cycle,Base Insertion,6787280,455.00,42.00,45.00,-3.00,Before
TCGA-A7-A4SE-Control,-22,Cycle,Base Deletion,6787280,597.16,41.00,45.00,-4.00,Before
TCGA-A7-A4SE-Control,23,Cycle,Base Substitution,6939979,13261.39,27.00,28.13,-1.13,Before
TCGA-A7-A4SE-Control,23,Cycle,Base Insertion,6939138,438.51,42.00,45.00,-3.00,Before
TCGA-A7-A4SE-Control,23,Cycle,Base Deletion,6939138,610.38,41.00,45.00,-4.00,Before
TCGA-A7-A4SE-Control,-23,Cycle,Base Substitution,6786534,16448.64,26.00,26.84,-0.84,Before
TCGA-A7-A4SE-Control,-23,Cycle,Base Insertion,6785722,444.16,42.00,45.00,-3.00,Before
TCGA-A7-A4SE-Control,-23,Cycle,Base Deletion,6785722,596.13,41.00,45.00,-4.00,Before
TCGA-A7-A4SE-Control,24,Cycle,Base Substitution,6935398,17554.79,26.00,26.82,-0.82,Before
TCGA-A7-A4SE-Control,24,Cycle,Base Insertion,6934393,457.93,42.00,45.00,-3.00,Before
TCGA-A7-A4SE-Control,24,Cycle,Base Deletion,6934393,615.60,41.00,45.00,-4.00,Before
TCGA-A7-A4SE-Control,-24,Cycle,Base Substitution,6779248,18105.07,26.00,26.24,-0.24,Before
TCGA-A7-A4SE-Control,-24,Cycle,Base Insertion,6778444,400.71,43.00,45.00,-2.00,Before
TCGA-A7-A4SE-Control,-24,Cycle,Base Deletion,6778444,596.51,41.00,45.00,-4.00,Before
TCGA-A7-A4SE-Control,25,Cycle,Base Substitution,6932099,19296.46,26.00,26.41,-0.41,Before
TCGA-A7-A4SE-Control,25,Cycle,Base Insertion,6931037,455.48,42.00,45.00,-3.00,Before
TCGA-A7-A4SE-Control,25,Cycle,Base Deletion,6931037,607.41,41.00,45.00,-4.00,Before
TCGA-A7-A4SE-Control,-25,Cycle,Base Substitution,6778175,16169.14,26.00,26.67,-0.67,Before
TCGA-A7-A4SE-Control,-25,Cycle,Base Insertion,6777308,407.55,43.00,45.00,-2.00,Before
TCGA-A7-A4SE-Control,-25,Cycle,Base Deletion,6777308,594.17,41.00,45.00,-4.00,Before
TCGA-A7-A4SE-Control,26,Cycle,Base Substitution,6930173,18874.71,26.00,26.32,-0.32,Before
TCGA-A7-A4SE-Control,26,Cycle,Base Insertion,6929238,417.13,43.00,45.00,-2.00,Before
TCGA-A7-A4SE-Control,26,Cycle,Base Deletion,6929238,578.93,41.00,45.00,-4.00,Before
TCGA-A7-A4SE-Control,-26,Cycle,Base Substitution,6772910,16441.64,26.00,26.63,-0.63,Before
TCGA-A7-A4SE-Control,-26,Cycle,Base Insertion,6772040,442.24,42.00,45.00,-3.00,Before
TCGA-A7-A4SE-Control,-26,Cycle,Base Deletion,6772040,588.33,41.00,45.00,-4.00,Before
TCGA-A7-A4SE-Control,27,Cycle,Base Substitution,6928830,16808.34,26.00,26.86,-0.86,Before
TCGA-A7-A4SE-Control,27,Cycle,Base Insertion,6928070,501.48,42.00,45.00,-3.00,Before
TCGA-A7-A4SE-Control,27,Cycle,Base Deletion,6928070,604.65,41.00,45.00,-4.00,Before
TCGA-A7-A4SE-Control,-27,Cycle,Base Substitution,6765140,18839.82,26.00,26.14,-0.14,Before
TCGA-A7-A4SE-Control,-27,Cycle,Base Insertion,6764246,469.13,42.00,45.00,-3.00,Before
TCGA-A7-A4SE-Control,-27,Cycle,Base Deletion,6764246,570.59,41.00,45.00,-4.00,Before
TCGA-A7-A4SE-Control,28,Cycle,Base Substitution,6926974,17096.13,26.00,26.78,-0.78,Before
TCGA-A7-A4SE-Control,28,Cycle,Base Insertion,6926299,459.25,42.00,45.00,-3.00,Before
TCGA-A7-A4SE-Control,28,Cycle,Base Deletion,6926299,603.79,41.00,45.00,-4.00,Before
TCGA-A7-A4SE-Control,-28,Cycle,Base Substitution,6762922,21850.18,25.00,25.50,-0.50,Before
TCGA-A7-A4SE-Control,-28,Cycle,Base Insertion,6761988,400.78,43.00,45.00,-2.00,Before
TCGA-A7-A4SE-Control,-28,Cycle,Base Deletion,6761988,574.53,41.00,45.00,-4.00,Before
TCGA-A7-A4SE-Control,29,Cycle,Base Substitution,6924705,17175.87,26.00,26.60,-0.60,Before
TCGA-A7-A4SE-Control,29,Cycle,Base Insertion,6924013,443.80,42.00,45.00,-3.00,Before
TCGA-A7-A4SE-Control,29,Cycle,Base Deletion,6924013,574.87,41.00,45.00,-4.00,Before
TCGA-A7-A4SE-Control,-29,Cycle,Base Substitution,6761554,14537.34,27.00,27.27,-0.27,Before
TCGA-A7-A4SE-Control,-29,Cycle,Base Insertion,6760618,401.01,43.00,45.00,-2.00,Before
TCGA-A7-A4SE-Control,-29,Cycle,Base Deletion,6760618,588.25,41.00,45.00,-4.00,Before
TCGA-A7-A4SE-Control,30,Cycle,Base Substitution,6924106,17145.62,26.00,26.80,-0.80,Before
TCGA-A7-A4SE-Control,30,Cycle,Base Insertion,6923410,427.29,43.00,45.00,-2.00,Before
TCGA-A7-A4SE-Control,30,Cycle,Base Deletion,6923410,598.61,41.00,45.00,-4.00,Before
TCGA-A7-A4SE-Control,-30,Cycle,Base Substitution,6756491,16220.80,26.00,26.68,-0.68,Before
TCGA-A7-A4SE-Control,-30,Cycle,Base Insertion,6755533,396.23,43.00,45.00,-2.00,Before
TCGA-A7-A4SE-Control,-30,Cycle,Base Deletion,6755533,581.64,41.00,45.00,-4.00,Before
TCGA-A7-A4SE-Control,31,Cycle,Base Substitution,6923226,18286.03,26.00,26.42,-0.42,Before
TCGA-A7-A4SE-Control,31,Cycle,Base Insertion,6922469,425.02,43.00,45.00,-2.00,Before
TCGA-A7-A4SE-Control,31,Cycle,Base Deletion,6922469,591.88,41.00,45.00,-4.00,Before
TCGA-A7-A4SE-Control,-31,Cycle,Base Substitution,6752150,13884.54,27.00,27.63,-0.63,Before
TCGA-A7-A4SE-Control,-31,Cycle,Base Insertion,6751163,372.56,43.00,45.00,-2.00,Before
TCGA-A7-A4SE-Control,-31,Cycle,Base Deletion,6751163,570.35,41.00,45.00,-4.00,Before
TCGA-A7-A4SE-Control,32,Cycle,Base Substitution,6920825,17184.13,26.00,26.72,-0.72,Before
TCGA-A7-A4SE-Control,32,Cycle,Base Insertion,6920043,421.64,43.00,45.00,-2.00,Before
TCGA-A7-A4SE-Control,32,Cycle,Base Deletion,6920043,562.29,41.00,45.00,-4.00,Before
TCGA-A7-A4SE-Control,-32,Cycle,Base Substitution,6747148,13844.35,27.00,27.36,-0.36,Before
TCGA-A7-A4SE-Control,-32,Cycle,Base Insertion,6746103,374.89,43.00,45.00,-2.00,Before
TCGA-A7-A4SE-Control,-32,Cycle,Base Deletion,6746103,558.91,41.00,45.00,-4.00,Before
TCGA-A7-A4SE-Control,33,Cycle,Base Substitution,6916894,19456.18,26.00,26.07,-0.07,Before
TCGA-A7-A4SE-Control,33,Cycle,Base Insertion,6916073,435.18,42.00,45.00,-3.00,Before
TCGA-A7-A4SE-Control,33,Cycle,Base Deletion,6916073,578.50,41.00,45.00,-4.00,Before
TCGA-A7-A4SE-Control,-33,Cycle,Base Substitution,6741439,15209.68,26.00,27.16,-1.16,Before
TCGA-A7-A4SE-Control,-33,Cycle,Base Insertion,6740371,385.58,43.00,45.00,-2.00,Before
TCGA-A7-A4SE-Control,-33,Cycle,Base Deletion,6740371,553.30,41.00,45.00,-4.00,Before
TCGA-A7-A4SE-Control,34,Cycle,Base Substitution,6916535,15417.65,27.00,27.20,-0.20,Before
TCGA-A7-A4SE-Control,34,Cycle,Base Insertion,6915725,438.08,42.00,45.00,-3.00,Before
TCGA-A7-A4SE-Control,34,Cycle,Base Deletion,6915725,559.28,41.00,45.00,-4.00,Before
TCGA-A7-A4SE-Control,-34,Cycle,Base Substitution,6735505,16571.82,26.00,26.63,-0.63,Before
TCGA-A7-A4SE-Control,-34,Cycle,Base Insertion,6734465,410.55,43.00,45.00,-2.00,Before
TCGA-A7-A4SE-Control,-34,Cycle,Base Deletion,6734465,543.88,41.00,45.00,-4.00,Before
TCGA-A7-A4SE-Control,35,Cycle,Base Substitution,6915596,16086.52,26.00,26.89,-0.89,Before
TCGA-A7-A4SE-Control,35,Cycle,Base Insertion,6914763,410.84,43.00,45.00,-2.00,Before
TCGA-A7-A4SE-Control,35,Cycle,Base Deletion,6914763,554.61,41.00,45.00,-4.00,Before
TCGA-A7-A4SE-Control,-35,Cycle,Base Substitution,6729625,15440.41,26.00,26.77,-0.77,Before
TCGA-A7-A4SE-Control,-35,Cycle,Base Insertion,6728584,371.14,43.00,45.00,-2.00,Before
TCGA-A7-A4SE-Control,-35,Cycle,Base Deletion,6728584,548.31,41.00,45.00,-4.00,Before
TCGA-A7-A4SE-Control,36,Cycle,Base Substitution,6913482,15509.72,27.00,26.99,0.01,Before
TCGA-A7-A4SE-Control,36,Cycle,Base Insertion,6912646,430.13,43.00,45.00,-2.00,Before
TCGA-A7-A4SE-Control,36,Cycle,Base Deletion,6912646,553.64,41.00,45.00,-4.00,Before
TCGA-A7-A4SE-Control,-36,Cycle,Base Substitution,6723900,16034.47,26.00,26.81,-0.81,Before
TCGA-A7-A4SE-Control,-36,Cycle,Base Insertion,6722879,393.62,43.00,45.00,-2.00,Before
TCGA-A7-A4SE-Control,-36,Cycle,Base Deletion,6722879,533.94,42.00,45.00,-3.00,Before
TCGA-A7-A4SE-Control,37,Cycle,Base Substitution,6908846,18788.00,26.00,26.05,-0.05,Before
TCGA-A7-A4SE-Control,37,Cycle,Base Insertion,6908004,404.12,43.00,45.00,-2.00,Before
TCGA-A7-A4SE-Control,37,Cycle,Base Deletion,6908004,555.75,41.00,45.00,-4.00,Before
TCGA-A7-A4SE-Control,-37,Cycle,Base Substitution,6718126,15432.54,26.00,26.85,-0.85,Before
TCGA-A7-A4SE-Control,-37,Cycle,Base Insertion,6717083,383.41,43.00,45.00,-2.00,Before
TCGA-A7-A4SE-Control,-37,Cycle,Base Deletion,6717083,517.55,42.00,45.00,-3.00,Before
TCGA-A7-A4SE-Control,38,Cycle,Base Substitution,6905546,18517.62,26.00,26.12,-0.12,Before
TCGA-A7-A4SE-Control,38,Cycle,Base Insertion,6904652,449.66,42.00,45.00,-3.00,Before
TCGA-A7-A4SE-Control,38,Cycle,Base Deletion,6904652,561.47,41.00,45.00,-4.00,Before
TCGA-A7-A4SE-Control,-38,Cycle,Base Substitution,6703248,23949.43,24.00,25.01,-1.01,Before
TCGA-A7-A4SE-Control,-38,Cycle,Base Insertion,6702178,400.42,43.00,45.00,-2.00,Before
TCGA-A7-A4SE-Control,-38,Cycle,Base Deletion,6702178,521.65,42.00,45.00,-3.00,Before
TCGA-A7-A4SE-Control,39,Cycle,Base Substitution,6904587,17911.84,26.00,26.44,-0.44,Before
TCGA-A7-A4SE-Control,39,Cycle,Base Insertion,6903649,390.77,43.00,45.00,-2.00,Before
TCGA-A7-A4SE-Control,39,Cycle,Base Deletion,6903649,554.51,41.00,45.00,-4.00,Before
TCGA-A7-A4SE-Control,-39,Cycle,Base Substitution,6705661,15270.65,26.00,26.74,-0.74,Before
TCGA-A7-A4SE-Control,-39,Cycle,Base Insertion,6704593,380.56,43.00,45.00,-2.00,Before
TCGA-A7-A4SE-Control,-39,Cycle,Base Deletion,6704593,519.39,42.00,45.00,-3.00,Before
TCGA-A7-A4SE-Control,40,Cycle,Base Substitution,6904112,16050.78,26.00,26.92,-0.92,Before
TCGA-A7-A4SE-Control,40,Cycle,Base Insertion,6903123,386.94,43.00,45.00,-2.00,Before
TCGA-A7-A4SE-Control,40,Cycle,Base Deletion,6903123,559.94,41.00,45.00,-4.00,Before
TCGA-A7-A4SE-Control,-40,Cycle,Base Substitution,6701714,13039.84,27.00,27.60,-0.60,Before
TCGA-A7-A4SE-Control,-40,Cycle,Base Insertion,6700643,384.87,43.00,45.00,-2.00,Before
TCGA-A7-A4SE-Control,-40,Cycle,Base Deletion,6700643,525.64,42.00,45.00,-3.00,Before
TCGA-A7-A4SE-Control,41,Cycle,Base Substitution,6900459,16321.15,26.00,26.78,-0.78,Before
TCGA-A7-A4SE-Control,41,Cycle,Base Insertion,6899503,380.23,43.00,45.00,-2.00,Before
TCGA-A7-A4SE-Control,41,Cycle,Base Deletion,6899503,545.47,42.00,45.00,-3.00,Before
TCGA-A7-A4SE-Control,-41,Cycle,Base Substitution,6695436,13621.94,27.00,27.49,-0.49,Before
TCGA-A7-A4SE-Control,-41,Cycle,Base Insertion,6694360,387.67,43.00,45.00,-2.00,Before
TCGA-A7-A4SE-Control,-41,Cycle,Base Deletion,6694360,527.02,42.00,45.00,-3.00,Before
TCGA-A7-A4SE-Control,42,Cycle,Base Substitution,6896216,18343.67,26.00,26.28,-0.28,Before
TCGA-A7-A4SE-Control,42,Cycle,Base Insertion,6895300,399.41,43.00,45.00,-2.00,Before
TCGA-A7-A4SE-Control,42,Cycle,Base Deletion,6895300,551.20,41.00,45.00,-4.00,Before
TCGA-A7-A4SE-Control,-42,Cycle,Base Substitution,6688433,12991.12,27.00,27.56,-0.56,Before
TCGA-A7-A4SE-Control,-42,Cycle,Base Insertion,6687323,360.42,43.00,45.00,-2.00,Before
TCGA-A7-A4SE-Control,-42,Cycle,Base Deletion,6687323,508.77,42.00,45.00,-3.00,Before
TCGA-A7-A4SE-Control,43,Cycle,Base Substitution,6894832,14139.18,27.00,27.41,-0.41,Before
TCGA-A7-A4SE-Control,43,Cycle,Base Insertion,6893945,369.57,43.00,45.00,-2.00,Before
TCGA-A7-A4SE-Control,43,Cycle,Base Deletion,6893945,556.92,41.00,45.00,-4.00,Before
TCGA-A7-A4SE-Control,-43,Cycle,Base Substitution,6681799,12017.77,27.00,28.04,-1.04,Before
TCGA-A7-A4SE-Control,-43,Cycle,Base Insertion,6680680,356.94,43.00,45.00,-2.00,Before
TCGA-A7-A4SE-Control,-43,Cycle,Base Deletion,6680680,527.23,42.00,45.00,-3.00,Before
TCGA-A7-A4SE-Control,44,Cycle,Base Substitution,6891909,14622.04,27.00,27.34,-0.34,Before
TCGA-A7-A4SE-Control,44,Cycle,Base Insertion,6891030,398.46,43.00,45.00,-2.00,Before
TCGA-A7-A4SE-Control,44,Cycle,Base Deletion,6891030,554.82,41.00,45.00,-4.00,Before
TCGA-A7-A4SE-Control,-44,Cycle,Base Substitution,6674565,13589.86,27.00,27.41,-0.41,Before
TCGA-A7-A4SE-Control,-44,Cycle,Base Insertion,6673413,346.18,43.00,45.00,-2.00,Before
TCGA-A7-A4SE-Control,-44,Cycle,Base Deletion,6673413,513.30,42.00,45.00,-3.00,Before
TCGA-A7-A4SE-Control,45,Cycle,Base Substitution,6887456,15514.05,26.00,27.13,-1.13,Before
TCGA-A7-A4SE-Control,45,Cycle,Base Insertion,6886609,403.10,43.00,45.00,-2.00,Before
TCGA-A7-A4SE-Control,45,Cycle,Base Deletion,6886609,552.49,41.00,45.00,-4.00,Before
TCGA-A7-A4SE-Control,-45,Cycle,Base Substitution,6668483,12641.43,27.00,27.87,-0.87,Before
TCGA-A7-A4SE-Control,-45,Cycle,Base Insertion,6667381,351.49,43.00,45.00,-2.00,Before
TCGA-A7-A4SE-Control,-45,Cycle,Base Deletion,6667381,527.44,42.00,45.00,-3.00,Before
TCGA-A7-A4SE-Control,46,Cycle,Base Substitution,6882903,16262.54,26.00,26.87,-0.87,Before
TCGA-A7-A4SE-Control,46,Cycle,Base Insertion,6882044,397.24,43.00,45.00,-2.00,Before
TCGA-A7-A4SE-Control,46,Cycle,Base Deletion,6882044,551.62,41.00,45.00,-4.00,Before
TCGA-A7-A4SE-Control,-46,Cycle,Base Substitution,6658474,14270.81,27.00,27.20,-0.20,Before
TCGA-A7-A4SE-Control,-46,Cycle,Base Insertion,6657384,360.35,43.00,45.00,-2.00,Before
TCGA-A7-A4SE-Control,-46,Cycle,Base Deletion,6657384,527.97,42.00,45.00,-3.00,Before
TCGA-A7-A4SE-Control,47,Cycle,Base Substitution,6879394,17036.07,26.00,26.74,-0.74,Before
TCGA-A7-A4SE-Control,47,Cycle,Base Insertion,6878507,403.45,43.00,45.00,-2.00,Before
TCGA-A7-A4SE-Control,47,Cycle,Base Deletion,6878507,557.76,41.00,45.00,-4.00,Before
TCGA-A7-A4SE-Control,-47,Cycle,Base Substitution,6652505,13030.66,27.00,27.61,-0.61,Before
TCGA-A7-A4SE-Control,-47,Cycle,Base Insertion,6651401,371.20,43.00,45.00,-2.00,Before
TCGA-A7-A4SE-Control,-47,Cycle,Base Deletion,6651401,524.85,42.00,45.00,-3.00,Before
TCGA-A7-A4SE-Control,48,Cycle,Base Substitution,6877603,14298.14,27.00,27.57,-0.57,Before
TCGA-A7-A4SE-Control,48,Cycle,Base Insertion,6876701,404.85,43.00,45.00,-2.00,Before
TCGA-A7-A4SE-Control,48,Cycle,Base Deletion,6876701,561.74,41.00,45.00,-4.00,Before
TCGA-A7-A4SE-Control,-48,Cycle,Base Substitution,6644032,13910.02,27.00,27.40,-0.40,Before
TCGA-A7-A4SE-Control,-48,Cycle,Base Insertion,6642932,385.78,43.00,45.00,-2.00,Before
TCGA-A7-A4SE-Control,-48,Cycle,Base Deletion,6642932,521.90,42.00,45.00,-3.00,Before
TCGA-A7-A4SE-Control,49,Cycle,Base Substitution,6875781,12613.15,27.00,28.15,-1.15,Before
TCGA-A7-A4SE-Control,49,Cycle,Base Insertion,6874791,362.36,43.00,45.00,-2.00,Before
TCGA-A7-A4SE-Control,49,Cycle,Base Deletion,6874791,550.58,41.00,45.00,-4.00,Before
TCGA-A7-A4SE-Control,-49,Cycle,Base Substitution,6635748,14338.90,27.00,27.26,-0.26,Before
TCGA-A7-A4SE-Control,-49,Cycle,Base Insertion,6634618,351.63,43.00,45.00,-2.00,Before
TCGA-A7-A4SE-Control,-49,Cycle,Base Deletion,6634618,512.72,42.00,45.00,-3.00,Before
TCGA-A7-A4SE-Control,50,Cycle,Base Substitution,6871497,14297.69,27.00,27.63,-0.63,Before
TCGA-A7-A4SE-Control,50,Cycle,Base Insertion,6870476,395.28,43.00,45.00,-2.00,Before
TCGA-A7-A4SE-Control,50,Cycle,Base Deletion,6870476,538.88,42.00,45.00,-3.00,Before
TCGA-A7-A4SE-Control,-50,Cycle,Base Substitution,6626247,15196.40,26.00,27.01,-1.01,Before
TCGA-A7-A4SE-Control,-50,Cycle,Base Insertion,6625071,361.97,43.00,45.00,-2.00,Before
TCGA-A7-A4SE-Control,-50,Cycle,Base Deletion,6625071,505.18,42.00,45.00,-3.00,Before
TCGA-A7-A4SE-Control,51,Cycle,Base Substitution,6868511,14707.49,27.00,27.58,-0.58,Before
TCGA-A7-A4SE-Control,51,Cycle,Base Insertion,6867438,389.96,43.00,45.00,-2.00,Before
TCGA-A7-A4SE-Control,51,Cycle,Base Deletion,6867438,529.68,42.00,45.00,-3.00,Before
TCGA-A7-A4SE-Control,-51,Cycle,Base Substitution,6618536,16084.31,26.00,26.61,-0.61,Before
TCGA-A7-A4SE-Control,-51,Cycle,Base Insertion,6617287,375.41,43.00,45.00,-2.00,Before
TCGA-A7-A4SE-Control,-51,Cycle,Base Deletion,6617287,495.24,42.00,45.00,-3.00,Before
TCGA-A7-A4SE-Control,52,Cycle,Base Substitution,6864764,13314.77,27.00,28.01,-1.01,Before
TCGA-A7-A4SE-Control,52,Cycle,Base Insertion,6863627,387.59,43.00,45.00,-2.00,Before
TCGA-A7-A4SE-Control,52,Cycle,Base Deletion,6863627,541.50,42.00,45.00,-3.00,Before
TCGA-A7-A4SE-Control,-52,Cycle,Base Substitution,6613768,14727.23,27.00,27.05,-0.05,Before
TCGA-A7-A4SE-Control,-52,Cycle,Base Insertion,6612464,375.79,43.00,45.00,-2.00,Before
TCGA-A7-A4SE-Control,-52,Cycle,Base Deletion,6612464,496.66,42.00,45.00,-3.00,Before
TCGA-A7-A4SE-Control,53,Cycle,Base Substitution,6858810,17202.10,26.00,26.98,-0.98,Before
TCGA-A7-A4SE-Control,53,Cycle,Base Insertion,6857601,381.21,43.00,45.00,-2.00,Before
TCGA-A7-A4SE-Control,53,Cycle,Base Deletion,6857601,528.30,42.00,45.00,-3.00,Before
TCGA-A7-A4SE-Control,-53,Cycle,Base Substitution,6608899,12488.83,27.00,27.69,-0.69,Before
TCGA-A7-A4SE-Control,-53,Cycle,Base Insertion,6607534,331.74,43.00,45.00,-2.00,Before
TCGA-A7-A4SE-Control,-53,Cycle,Base Deletion,6607534,495.86,42.00,45.00,-3.00,Before
TCGA-A7-A4SE-Control,54,Cycle,Base Substitution,6856881,13832.07,27.00,27.83,-0.83,Before
TCGA-A7-A4SE-Control,54,Cycle,Base Insertion,6855612,373.70,43.00,45.00,-2.00,Before
TCGA-A7-A4SE-Control,54,Cycle,Base Deletion,6855612,528.75,42.00,45.00,-3.00,Before
TCGA-A7-A4SE-Control,-54,Cycle,Base Substitution,6602689,12920.25,27.00,27.81,-0.81,Before
TCGA-A7-A4SE-Control,-54,Cycle,Base Insertion,6601311,331.52,43.00,45.00,-2.00,Before
TCGA-A7-A4SE-Control,-54,Cycle,Base Deletion,6601311,499.31,42.00,45.00,-3.00,Before
TCGA-A7-A4SE-Control,55,Cycle,Base Substitution,6851655,13184.54,27.00,28.01,-1.01,Before
TCGA-A7-A4SE-Control,55,Cycle,Base Insertion,6850346,372.05,43.00,45.00,-2.00,Before
TCGA-A7-A4SE-Control,55,Cycle,Base Deletion,6850346,541.96,42.00,45.00,-3.00,Before
TCGA-A7-A4SE-Control,-55,Cycle,Base Substitution,6593659,13428.01,27.00,27.54,-0.54,Before
TCGA-A7-A4SE-Control,-55,Cycle,Base Insertion,6592236,335.63,43.00,45.00,-2.00,Before
TCGA-A7-A4SE-Control,-55,Cycle,Base Deletion,6592236,500.27,42.00,45.00,-3.00,Before
TCGA-A7-A4SE-Control,56,Cycle,Base Substitution,6846037,16356.56,26.00,27.20,-1.20,Before
TCGA-A7-A4SE-Control,56,Cycle,Base Insertion,6844688,364.79,43.00,45.00,-2.00,Before
TCGA-A7-A4SE-Control,56,Cycle,Base Deletion,6844688,549.49,41.00,45.00,-4.00,Before
TCGA-A7-A4SE-Control,-56,Cycle,Base Substitution,6587014,13589.30,27.00,27.60,-0.60,Before
TCGA-A7-A4SE-Control,-56,Cycle,Base Insertion,6585586,332.23,43.00,45.00,-2.00,Before
TCGA-A7-A4SE-Control,-56,Cycle,Base Deletion,6585586,484.88,42.00,45.00,-3.00,Before
TCGA-A7-A4SE-Control,57,Cycle,Base Substitution,6840053,17314.80,26.00,26.85,-0.85,Before
TCGA-A7-A4SE-Control,57,Cycle,Base Insertion,6838695,393.98,43.00,45.00,-2.00,Before
TCGA-A7-A4SE-Control,57,Cycle,Base Deletion,6838695,551.05,41.00,45.00,-4.00,Before
TCGA-A7-A4SE-Control,-57,Cycle,Base Substitution,6578559,14450.25,27.00,27.29,-0.29,Before
TCGA-A7-A4SE-Control,-57,Cycle,Base Insertion,6577064,340.90,43.00,45.00,-2.00,Before
TCGA-A7-A4SE-Control,-57,Cycle,Base Deletion,6577064,498.48,42.00,45.00,-3.00,Before
TCGA-A7-A4SE-Control,58,Cycle,Base Substitution,6835187,16507.14,26.00,27.06,-1.06,Before
TCGA-A7-A4SE-Control,58,Cycle,Base Insertion,6833798,373.36,43.00,45.00,-2.00,Before
TCGA-A7-A4SE-Control,58,Cycle,Base Deletion,6833798,550.70,41.00,45.00,-4.00,Before
TCGA-A7-A4SE-Control,-58,Cycle,Base Substitution,6573014,11764.71,27.00,28.18,-1.18,Before
TCGA-A7-A4SE-Control,-58,Cycle,Base Insertion,6571465,330.70,43.00,45.00,-2.00,Before
TCGA-A7-A4SE-Control,-58,Cycle,Base Deletion,6571465,476.78,42.00,45.00,-3.00,Before
TCGA-A7-A4SE-Control,59,Cycle,Base Substitution,6831880,13830.78,27.00,27.77,-0.77,Before
TCGA-A7-A4SE-Control,59,Cycle,Base Insertion,6830429,380.85,43.00,45.00,-2.00,Before
TCGA-A7-A4SE-Control,59,Cycle,Base Deletion,6830429,547.54,41.00,45.00,-4.00,Before
TCGA-A7-A4SE-Control,-59,Cycle,Base Substitution,6564758,12317.73,27.00,28.04,-1.04,Before
TCGA-A7-A4SE-Control,-59,Cycle,Base Insertion,6563216,337.46,43.00,45.00,-2.00,Before
TCGA-A7-A4SE-Control,-59,Cycle,Base Deletion,6563216,488.00,42.00,45.00,-3.00,Before
TCGA-A7-A4SE-Control,60,Cycle,Base Substitution,6827811,12567.32,27.00,28.38,-1.38,Before
TCGA-A7-A4SE-Control,60,Cycle,Base Insertion,6826306,360.81,43.00,45.00,-2.00,Before
TCGA-A7-A4SE-Control,60,Cycle,Base Deletion,6826306,541.22,42.00,45.00,-3.00,Before
TCGA-A7-A4SE-Control,-60,Cycle,Base Substitution,6557274,11896.30,27.00,28.18,-1.18,Before
TCGA-A7-A4SE-Control,-60,Cycle,Base Insertion,6555682,339.41,43.00,45.00,-2.00,Before
TCGA-A7-A4SE-Control,-60,Cycle,Base Deletion,6555682,483.52,42.00,45.00,-3.00,Before
TCGA-A7-A4SE-Control,61,Cycle,Base Substitution,6822133,13494.09,27.00,27.91,-0.91,Before
TCGA-A7-A4SE-Control,61,Cycle,Base Insertion,6820564,367.45,43.00,45.00,-2.00,Before
TCGA-A7-A4SE-Control,61,Cycle,Base Deletion,6820564,551.00,41.00,45.00,-4.00,Before
TCGA-A7-A4SE-Control,-61,Cycle,Base Substitution,6550710,11194.87,28.00,28.44,-0.44,Before
TCGA-A7-A4SE-Control,-61,Cycle,Base Insertion,6549090,331.69,43.00,45.00,-2.00,Before
TCGA-A7-A4SE-Control,-61,Cycle,Base Deletion,6549090,487.82,42.00,45.00,-3.00,Before
TCGA-A7-A4SE-Control,62,Cycle,Base Substitution,6816232,14544.14,27.00,27.65,-0.65,Before
TCGA-A7-A4SE-Control,62,Cycle,Base Insertion,6814695,352.46,43.00,45.00,-2.00,Before
TCGA-A7-A4SE-Control,62,Cycle,Base Deletion,6814695,541.89,42.00,45.00,-3.00,Before
TCGA-A7-A4SE-Control,-62,Cycle,Base Substitution,6543092,11593.83,28.00,28.42,-0.42,Before
TCGA-A7-A4SE-Control,-62,Cycle,Base Insertion,6541402,340.70,43.00,45.00,-2.00,Before
TCGA-A7-A4SE-Control,-62,Cycle,Base Deletion,6541402,488.26,42.00,45.00,-3.00,Before
TCGA-A7-A4SE-Control,63,Cycle,Base Substitution,6810339,14921.09,27.00,27.63,-0.63,Before
TCGA-A7-A4SE-Control,63,Cycle,Base Insertion,6808696,385.32,43.00,45.00,-2.00,Before
TCGA-A7-A4SE-Control,63,Cycle,Base Deletion,6808696,543.80,41.00,45.00,-4.00,Before
TCGA-A7-A4SE-Control,-63,Cycle,Base Substitution,6536522,11304.99,28.00,28.57,-0.57,Before
TCGA-A7-A4SE-Control,-63,Cycle,Base Insertion,6534738,324.67,43.00,45.00,-2.00,Before
TCGA-A7-A4SE-Control,-63,Cycle,Base Deletion,6534738,490.47,42.00,45.00,-3.00,Before
TCGA-A7-A4SE-Control,64,Cycle,Base Substitution,6804711,12834.89,27.00,28.17,-1.17,Before
TCGA-A7-A4SE-Control,64,Cycle,Base Insertion,6802983,358.15,43.00,45.00,-2.00,Before
TCGA-A7-A4SE-Control,64,Cycle,Base Deletion,6802983,531.17,42.00,45.00,-3.00,Before
TCGA-A7-A4SE-Control,-64,Cycle,Base Substitution,6528132,11459.27,28.00,28.60,-0.60,Before
TCGA-A7-A4SE-Control,-64,Cycle,Base Insertion,6526275,312.80,44.00,45.00,-1.00,Before
TCGA-A7-A4SE-Control,-64,Cycle,Base Deletion,6526275,479.66,42.00,45.00,-3.00,Before
TCGA-A7-A4SE-Control,65,Cycle,Base Substitution,6797382,14943.74,27.00,27.59,-0.59,Before
TCGA-A7-A4SE-Control,65,Cycle,Base Insertion,6795615,346.31,43.00,45.00,-2.00,Before
TCGA-A7-A4SE-Control,65,Cycle,Base Deletion,6795615,530.35,42.00,45.00,-3.00,Before
TCGA-A7-A4SE-Control,-65,Cycle,Base Substitution,6521389,11104.57,28.00,28.64,-0.64,Before
TCGA-A7-A4SE-Control,-65,Cycle,Base Insertion,6519436,323.39,43.00,45.00,-2.00,Before
TCGA-A7-A4SE-Control,-65,Cycle,Base Deletion,6519436,468.71,42.00,45.00,-3.00,Before
TCGA-A7-A4SE-Control,66,Cycle,Base Substitution,6791216,13825.46,27.00,27.76,-0.76,Before
TCGA-A7-A4SE-Control,66,Cycle,Base Insertion,6789308,340.25,43.00,45.00,-2.00,Before
TCGA-A7-A4SE-Control,66,Cycle,Base Deletion,6789308,520.84,42.00,45.00,-3.00,Before
TCGA-A7-A4SE-Control,-66,Cycle,Base Substitution,6511498,12004.82,27.00,28.31,-1.31,Before
TCGA-A7-A4SE-Control,-66,Cycle,Base Insertion,6509420,318.92,43.00,45.00,-2.00,Before
TCGA-A7-A4SE-Control,-66,Cycle,Base Deletion,6509420,476.98,42.00,45.00,-3.00,Before
TCGA-A7-A4SE-Control,67,Cycle,Base Substitution,6784788,14691.76,27.00,27.61,-0.61,Before
TCGA-A7-A4SE-Control,67,Cycle,Base Insertion,6782747,338.13,43.00,45.00,-2.00,Before
TCGA-A7-A4SE-Control,67,Cycle,Base Deletion,6782747,506.62,42.00,45.00,-3.00,Before
TCGA-A7-A4SE-Control,-67,Cycle,Base Substitution,6505023,10689.68,28.00,28.89,-0.89,Before
TCGA-A7-A4SE-Control,-67,Cycle,Base Insertion,6502850,323.13,43.00,45.00,-2.00,Before
TCGA-A7-A4SE-Control,-67,Cycle,Base Deletion,6502850,462.55,42.00,45.00,-3.00,Before
TCGA-A7-A4SE-Control,68,Cycle,Base Substitution,6779978,13198.23,27.00,28.19,-1.19,Before
TCGA-A7-A4SE-Control,68,Cycle,Base Insertion,6777882,361.31,43.00,45.00,-2.00,Before
TCGA-A7-A4SE-Control,68,Cycle,Base Deletion,6777882,520.15,42.00,45.00,-3.00,Before
TCGA-A7-A4SE-Control,-68,Cycle,Base Substitution,6495956,10766.10,28.00,28.95,-0.95,Before
TCGA-A7-A4SE-Control,-68,Cycle,Base Insertion,6493722,335.88,43.00,45.00,-2.00,Before
TCGA-A7-A4SE-Control,-68,Cycle,Base Deletion,6493722,474.15,42.00,45.00,-3.00,Before
TCGA-A7-A4SE-Control,69,Cycle,Base Substitution,6771541,13378.89,27.00,28.07,-1.07,Before
TCGA-A7-A4SE-Control,69,Cycle,Base Insertion,6769298,330.64,43.00,45.00,-2.00,Before
TCGA-A7-A4SE-Control,69,Cycle,Base Deletion,6769298,507.54,42.00,45.00,-3.00,Before
TCGA-A7-A4SE-Control,-69,Cycle,Base Substitution,6486164,10791.86,28.00,28.90,-0.90,Before
TCGA-A7-A4SE-Control,-69,Cycle,Base Insertion,6483856,319.42,43.00,45.00,-2.00,Before
TCGA-A7-A4SE-Control,-69,Cycle,Base Deletion,6483856,468.73,42.00,45.00,-3.00,Before
TCGA-A7-A4SE-Control,70,Cycle,Base Substitution,6763331,14819.85,27.00,27.59,-0.59,Before
TCGA-A7-A4SE-Control,70,Cycle,Base Insertion,6760988,360.67,43.00,45.00,-2.00,Before
TCGA-A7-A4SE-Control,70,Cycle,Base Deletion,6760988,503.58,42.00,45.00,-3.00,Before
TCGA-A7-A4SE-Control,-70,Cycle,Base Substitution,6473451,10868.50,28.00,28.73,-0.73,Before
TCGA-A7-A4SE-Control,-70,Cycle,Base Insertion,6471025,332.07,43.00,45.00,-2.00,Before
TCGA-A7-A4SE-Control,-70,Cycle,Base Deletion,6471025,479.15,42.00,45.00,-3.00,Before
TCGA-A7-A4SE-Control,71,Cycle,Base Substitution,6756823,12609.14,27.00,28.28,-1.28,Before
TCGA-A7-A4SE-Control,71,Cycle,Base Insertion,6754376,334.30,43.00,45.00,-2.00,Before
TCGA-A7-A4SE-Control,71,Cycle,Base Deletion,6754376,503.28,42.00,45.00,-3.00,Before
TCGA-A7-A4SE-Control,-71,Cycle,Base Substitution,6464191,11204.98,28.00,28.85,-0.85,Before
TCGA-A7-A4SE-Control,-71,Cycle,Base Insertion,6461588,315.51,43.00,45.00,-2.00,Before
TCGA-A7-A4SE-Control,-71,Cycle,Base Deletion,6461588,470.43,42.00,45.00,-3.00,Before
TCGA-A7-A4SE-Control,72,Cycle,Base Substitution,6749267,12969.76,27.00,28.15,-1.15,Before
TCGA-A7-A4SE-Control,72,Cycle,Base Insertion,6746511,344.18,43.00,45.00,-2.00,Before
TCGA-A7-A4SE-Control,72,Cycle,Base Deletion,6746511,512.16,42.00,45.00,-3.00,Before
TCGA-A7-A4SE-Control,-72,Cycle,Base Substitution,6451350,11260.92,28.00,28.60,-0.60,Before
TCGA-A7-A4SE-Control,-72,Cycle,Base Insertion,6448494,322.55,43.00,45.00,-2.00,Before
TCGA-A7-A4SE-Control,-72,Cycle,Base Deletion,6448494,476.67,42.00,45.00,-3.00,Before
TCGA-A7-A4SE-Control,73,Cycle,Base Substitution,6740681,14071.93,27.00,27.90,-0.90,Before
TCGA-A7-A4SE-Control,73,Cycle,Base Insertion,6737689,330.51,43.00,45.00,-2.00,Before
TCGA-A7-A4SE-Control,73,Cycle,Base Deletion,6737689,507.55,42.00,45.00,-3.00,Before
TCGA-A7-A4SE-Control,-73,Cycle,Base Substitution,6440804,11911.42,27.00,28.47,-1.47,Before
TCGA-A7-A4SE-Control,-73,Cycle,Base Insertion,6437742,313.03,44.00,45.00,-1.00,Before
TCGA-A7-A4SE-Control,-73,Cycle,Base Deletion,6437742,461.54,42.00,45.00,-3.00,Before
TCGA-A7-A4SE-Control,74,Cycle,Base Substitution,6731046,15275.18,26.00,27.48,-1.48,Before
TCGA-A7-A4SE-Control,74,Cycle,Base Insertion,6727776,312.85,44.00,45.00,-1.00,Before
TCGA-A7-A4SE-Control,74,Cycle,Base Deletion,6727776,489.51,42.00,45.00,-3.00,Before
TCGA-A7-A4SE-Control,-74,Cycle,Base Substitution,6427717,12253.58,27.00,28.23,-1.23,Before
TCGA-A7-A4SE-Control,-74,Cycle,Base Insertion,6424403,311.82,44.00,45.00,-1.00,Before
TCGA-A7-A4SE-Control,-74,Cycle,Base Deletion,6424403,456.63,42.00,45.00,-3.00,Before
TCGA-A7-A4SE-Control,75,Cycle,Base Substitution,6722636,14752.21,27.00,27.55,-0.55,Before
TCGA-A7-A4SE-Control,75,Cycle,Base Insertion,6719089,317.90,44.00,45.00,-1.00,Before
TCGA-A7-A4SE-Control,75,Cycle,Base Deletion,6719089,495.66,42.00,45.00,-3.00,Before
TCGA-A7-A4SE-Control,-75,Cycle,Base Substitution,6417698,11479.63,27.00,28.55,-1.55,Before
TCGA-A7-A4SE-Control,-75,Cycle,Base Insertion,6414072,298.08,44.00,45.00,-1.00,Before
TCGA-A7-A4SE-Control,-75,Cycle,Base Deletion,6414072,456.01,42.00,45.00,-3.00,Before
TCGA-A7-A4SE-Control,76,Cycle,Base Substitution,6717691,12665.30,27.00,28.17,-1.17,Before
TCGA-A7-A4SE-Control,76,Cycle,Base Insertion,6713895,322.58,44.00,45.00,-1.00,Before
TCGA-A7-A4SE-Control,76,Cycle,Base Deletion,6713895,477.00,42.00,45.00,-3.00,Before
TCGA-A7-A4SE-Control,-76,Cycle,Base Substitution,6405972,12150.98,27.00,28.24,-1.24,Before
TCGA-A7-A4SE-Control,-76,Cycle,Base Insertion,6402043,286.35,44.00,45.00,-1.00,Before
TCGA-A7-A4SE-Control,-76,Cycle,Base Deletion,6402043,462.93,42.00,45.00,-3.00,Before
TCGA-A7-A4SE-Control,77,Cycle,Base Substitution,6709384,13751.04,27.00,27.98,-0.98,Before
TCGA-A7-A4SE-Control,77,Cycle,Base Insertion,6705146,314.50,44.00,45.00,-1.00,Before
TCGA-A7-A4SE-Control,77,Cycle,Base Deletion,6705146,464.23,42.00,45.00,-3.00,Before
TCGA-A7-A4SE-Control,-77,Cycle,Base Substitution,6399695,11514.47,27.00,28.57,-1.57,Before
TCGA-A7-A4SE-Control,-77,Cycle,Base Insertion,6395223,295.69,44.00,45.00,-1.00,Before
TCGA-A7-A4SE-Control,-77,Cycle,Base Deletion,6395223,441.33,42.00,45.00,-3.00,Before
TCGA-A7-A4SE-Control,78,Cycle,Base Substitution,6702452,12483.00,27.00,28.41,-1.41,Before
TCGA-A7-A4SE-Control,78,Cycle,Base Insertion,6697716,310.35,44.00,45.00,-1.00,Before
TCGA-A7-A4SE-Control,78,Cycle,Base Deletion,6697716,472.20,42.00,45.00,-3.00,Before
TCGA-A7-A4SE-Control,-78,Cycle,Base Substitution,6384886,11456.51,27.00,28.49,-1.49,Before
TCGA-A7-A4SE-Control,-78,Cycle,Base Insertion,6379280,301.34,44.00,45.00,-1.00,Before
TCGA-A7-A4SE-Control,-78,Cycle,Base Deletion,6379280,435.91,42.00,45.00,-3.00,Before
TCGA-A7-A4SE-Control,79,Cycle,Base Substitution,6693613,11816.95,28.00,28.56,-0.56,Before
TCGA-A7-A4SE-Control,79,Cycle,Base Insertion,6688305,305.45,44.00,45.00,-1.00,Before
TCGA-A7-A4SE-Control,79,Cycle,Base Deletion,6688305,452.28,42.00,45.00,-3.00,Before
TCGA-A7-A4SE-Control,-79,Cycle,Base Substitution,6374900,11947.41,27.00,28.41,-1.41,Before
TCGA-A7-A4SE-Control,-79,Cycle,Base Insertion,6368602,280.76,44.00,45.00,-1.00,Before
TCGA-A7-A4SE-Control,-79,Cycle,Base Deletion,6368602,438.67,42.00,45.00,-3.00,Before
TCGA-A7-A4SE-Control,80,Cycle,Base Substitution,6682119,12694.68,27.00,28.39,-1.39,Before
TCGA-A7-A4SE-Control,80,Cycle,Base Insertion,6676231,303.18,44.00,45.00,-1.00,Before
TCGA-A7-A4SE-Control,80,Cycle,Base Deletion,6676231,446.14,42.00,45.00,-3.00,Before
TCGA-A7-A4SE-Control,-80,Cycle,Base Substitution,6363702,11311.27,28.00,28.51,-0.51,Before
TCGA-A7-A4SE-Control,-80,Cycle,Base Insertion,6356897,280.48,44.00,45.00,-1.00,Before
TCGA-A7-A4SE-Control,-80,Cycle,Base Deletion,6356897,434.17,42.00,45.00,-3.00,Before
TCGA-A7-A4SE-Control,81,Cycle,Base Substitution,6674948,11638.66,28.00,28.70,-0.70,Before
TCGA-A7-A4SE-Control,81,Cycle,Base Insertion,6668548,295.02,44.00,45.00,-1.00,Before
TCGA-A7-A4SE-Control,81,Cycle,Base Deletion,6668548,450.34,42.00,45.00,-3.00,Before
TCGA-A7-A4SE-Control,-81,Cycle,Base Substitution,6353174,11206.61,28.00,28.62,-0.62,Before
TCGA-A7-A4SE-Control,-81,Cycle,Base Insertion,6346005,273.48,44.00,45.00,-1.00,Before
TCGA-A7-A4SE-Control,-81,Cycle,Base Deletion,6346005,413.85,42.00,45.00,-3.00,Before
TCGA-A7-A4SE-Control,82,Cycle,Base Substitution,6658643,12606.07,27.00,28.22,-1.22,Before
TCGA-A7-A4SE-Control,82,Cycle,Base Insertion,6651589,281.92,44.00,45.00,-1.00,Before
TCGA-A7-A4SE-Control,82,Cycle,Base Deletion,6651589,439.92,42.00,45.00,-3.00,Before
TCGA-A7-A4SE-Control,-82,Cycle,Base Substitution,6340186,10582.90,28.00,28.94,-0.94,Before
TCGA-A7-A4SE-Control,-82,Cycle,Base Insertion,6333002,247.16,44.00,45.00,-1.00,Before
TCGA-A7-A4SE-Control,-82,Cycle,Base Deletion,6333002,419.66,42.00,45.00,-3.00,Before
TCGA-A7-A4SE-Control,83,Cycle,Base Substitution,6645205,15723.13,26.00,27.43,-1.43,Before
TCGA-A7-A4SE-Control,83,Cycle,Base Insertion,6637489,245.83,44.00,45.00,-1.00,Before
TCGA-A7-A4SE-Control,83,Cycle,Base Deletion,6637489,431.20,42.00,45.00,-3.00,Before
TCGA-A7-A4SE-Control,-83,Cycle,Base Substitution,6325387,11142.46,28.00,28.69,-0.69,Before
TCGA-A7-A4SE-Control,-83,Cycle,Base Insertion,6317795,268.33,44.00,45.00,-1.00,Before
TCGA-A7-A4SE-Control,-83,Cycle,Base Deletion,6317795,407.85,42.00,45.00,-3.00,Before
TCGA-A7-A4SE-Control,84,Cycle,Base Substitution,6634750,11689.03,28.00,28.70,-0.70,Before
TCGA-A7-A4SE-Control,84,Cycle,Base Insertion,6626262,274.14,44.00,45.00,-1.00,Before
TCGA-A7-A4SE-Control,84,Cycle,Base Deletion,6626262,418.57,42.00,45.00,-3.00,Before
TCGA-A7-A4SE-Control,-84,Cycle,Base Substitution,6312938,10008.48,28.00,29.05,-1.05,Before
TCGA-A7-A4SE-Control,-84,Cycle,Base Insertion,6304524,250.01,44.00,45.00,-1.00,Before
TCGA-A7-A4SE-Control,-84,Cycle,Base Deletion,6304524,396.50,43.00,45.00,-2.00,Before
TCGA-A7-A4SE-Control,85,Cycle,Base Substitution,6618663,14344.58,27.00,27.89,-0.89,Before
TCGA-A7-A4SE-Control,85,Cycle,Base Insertion,6609271,247.11,44.00,45.00,-1.00,Before
TCGA-A7-A4SE-Control,85,Cycle,Base Deletion,6609271,405.61,43.00,45.00,-2.00,Before
TCGA-A7-A4SE-Control,-85,Cycle,Base Substitution,6298178,10572.86,28.00,28.92,-0.92,Before
TCGA-A7-A4SE-Control,-85,Cycle,Base Insertion,6288885,251.99,44.00,45.00,-1.00,Before
TCGA-A7-A4SE-Control,-85,Cycle,Base Deletion,6288885,387.74,43.00,45.00,-2.00,Before
TCGA-A7-A4SE-Control,86,Cycle,Base Substitution,6604414,13301.46,27.00,28.22,-1.22,Before
TCGA-A7-A4SE-Control,86,Cycle,Base Insertion,6594171,253.09,44.00,45.00,-1.00,Before
TCGA-A7-A4SE-Control,86,Cycle,Base Deletion,6594171,392.42,43.00,45.00,-2.00,Before
TCGA-A7-A4SE-Control,-86,Cycle,Base Substitution,6282306,10386.69,28.00,29.06,-1.06,Before
TCGA-A7-A4SE-Control,-86,Cycle,Base Insertion,6272200,233.70,44.00,45.00,-1.00,Before
TCGA-A7-A4SE-Control,-86,Cycle,Base Deletion,6272200,379.42,43.00,45.00,-2.00,Before
TCGA-A7-A4SE-Control,87,Cycle,Base Substitution,6586443,15858.37,26.00,27.29,-1.29,Before
TCGA-A7-A4SE-Control,87,Cycle,Base Insertion,6575002,252.39,44.00,45.00,-1.00,Before
TCGA-A7-A4SE-Control,87,Cycle,Base Deletion,6575002,371.06,43.00,45.00,-2.00,Before
TCGA-A7-A4SE-Control,-87,Cycle,Base Substitution,6265941,10112.80,28.00,29.05,-1.05,Before
TCGA-A7-A4SE-Control,-87,Cycle,Base Insertion,6254554,227.30,45.00,45.00,0.00,Before
TCGA-A7-A4SE-Control,-87,Cycle,Base Deletion,6254554,357.77,43.00,45.00,-2.00,Before
TCGA-A7-A4SE-Control,88,Cycle,Base Substitution,6571825,12164.65,27.00,28.49,-1.49,Before
TCGA-A7-A4SE-Control,88,Cycle,Base Insertion,6559053,221.29,45.00,45.00,0.00,Before
TCGA-A7-A4SE-Control,88,Cycle,Base Deletion,6559053,362.15,43.00,45.00,-2.00,Before
TCGA-A7-A4SE-Control,-88,Cycle,Base Substitution,6246452,10269.49,28.00,28.96,-0.96,Before
TCGA-A7-A4SE-Control,-88,Cycle,Base Insertion,6233714,215.51,45.00,45.00,0.00,Before
TCGA-A7-A4SE-Control,-88,Cycle,Base Deletion,6233714,334.44,43.00,45.00,-2.00,Before
TCGA-A7-A4SE-Control,89,Cycle,Base Substitution,6551524,13440.27,27.00,28.10,-1.10,Before
TCGA-A7-A4SE-Control,89,Cycle,Base Insertion,6537294,222.48,45.00,45.00,0.00,Before
TCGA-A7-A4SE-Control,89,Cycle,Base Deletion,6537294,341.52,43.00,45.00,-2.00,Before
TCGA-A7-A4SE-Control,-89,Cycle,Base Substitution,6226733,10663.99,28.00,28.96,-0.96,Before
TCGA-A7-A4SE-Control,-89,Cycle,Base Insertion,6212723,195.31,45.00,45.00,0.00,Before
TCGA-A7-A4SE-Control,-89,Cycle,Base Deletion,6212723,332.61,43.00,45.00,-2.00,Before
TCGA-A7-A4SE-Control,90,Cycle,Base Substitution,6528790,12364.99,27.00,28.46,-1.46,Before
TCGA-A7-A4SE-Control,90,Cycle,Base Insertion,6513116,214.13,45.00,45.00,0.00,Before
TCGA-A7-A4SE-Control,90,Cycle,Base Deletion,6513116,337.92,43.00,45.00,-2.00,Before
TCGA-A7-A4SE-Control,-90,Cycle,Base Substitution,6207036,9827.81,28.00,29.28,-1.28,Before
TCGA-A7-A4SE-Control,-90,Cycle,Base Insertion,6191550,163.97,46.00,45.00,1.00,Before
TCGA-A7-A4SE-Control,-90,Cycle,Base Deletion,6191550,315.40,43.00,45.00,-2.00,Before
TCGA-A7-A4SE-Control,91,Cycle,Base Substitution,6507983,10569.03,28.00,29.15,-1.15,Before
TCGA-A7-A4SE-Control,91,Cycle,Base Insertion,6491126,170.91,46.00,45.00,1.00,Before
TCGA-A7-A4SE-Control,91,Cycle,Base Deletion,6491126,315.86,43.00,45.00,-2.00,Before
TCGA-A7-A4SE-Control,-91,Cycle,Base Substitution,6183750,9477.62,28.00,29.32,-1.32,Before
TCGA-A7-A4SE-Control,-91,Cycle,Base Insertion,6167087,168.51,45.00,45.00,0.00,Before
TCGA-A7-A4SE-Control,-91,Cycle,Base Deletion,6167087,284.39,44.00,45.00,-1.00,Before
TCGA-A7-A4SE-Control,92,Cycle,Base Substitution,6477521,12017.39,27.00,28.49,-1.49,Before
TCGA-A7-A4SE-Control,92,Cycle,Base Insertion,6457809,166.53,46.00,45.00,1.00,Before
TCGA-A7-A4SE-Control,92,Cycle,Base Deletion,6457809,284.92,44.00,45.00,-1.00,Before
TCGA-A7-A4SE-Control,-92,Cycle,Base Substitution,6157696,8971.65,28.00,29.65,-1.65,Before
TCGA-A7-A4SE-Control,-92,Cycle,Base Insertion,6138285,149.67,46.00,45.00,1.00,Before
TCGA-A7-A4SE-Control,-92,Cycle,Base Deletion,6138285,257.96,44.00,45.00,-1.00,Before
TCGA-A7-A4SE-Control,93,Cycle,Base Substitution,6446495,13123.00,27.00,28.11,-1.11,Before
TCGA-A7-A4SE-Control,93,Cycle,Base Insertion,6424699,145.82,46.00,45.00,1.00,Before
TCGA-A7-A4SE-Control,93,Cycle,Base Deletion,6424699,264.51,44.00,45.00,-1.00,Before
TCGA-A7-A4SE-Control,-93,Cycle,Base Substitution,6127960,9202.05,28.00,29.55,-1.55,Before
TCGA-A7-A4SE-Control,-93,Cycle,Base Insertion,6106385,145.84,46.00,45.00,1.00,Before
TCGA-A7-A4SE-Control,-93,Cycle,Base Deletion,6106385,235.75,44.00,45.00,-1.00,Before
TCGA-A7-A4SE-Control,94,Cycle,Base Substitution,6410453,12278.85,27.00,28.33,-1.33,Before
TCGA-A7-A4SE-Control,94,Cycle,Base Insertion,6386209,139.14,46.00,45.00,1.00,Before
TCGA-A7-A4SE-Control,94,Cycle,Base Deletion,6386209,238.32,44.00,45.00,-1.00,Before
TCGA-A7-A4SE-Control,-94,Cycle,Base Substitution,6094099,8566.36,29.00,29.74,-0.74,Before
TCGA-A7-A4SE-Control,-94,Cycle,Base Insertion,6070293,139.44,46.00,45.00,1.00,Before
TCGA-A7-A4SE-Control,-94,Cycle,Base Deletion,6070293,230.40,44.00,45.00,-1.00,Before
TCGA-A7-A4SE-Control,95,Cycle,Base Substitution,6369527,10593.45,28.00,28.96,-0.96,Before
TCGA-A7-A4SE-Control,95,Cycle,Base Insertion,6343184,119.55,46.00,45.00,1.00,Before
TCGA-A7-A4SE-Control,95,Cycle,Base Deletion,6343184,219.33,45.00,45.00,0.00,Before
TCGA-A7-A4SE-Control,-95,Cycle,Base Substitution,6056307,8378.70,29.00,29.77,-0.77,Before
TCGA-A7-A4SE-Control,-95,Cycle,Base Insertion,6030393,106.26,47.00,45.00,2.00,Before
TCGA-A7-A4SE-Control,-95,Cycle,Base Deletion,6030393,202.81,45.00,45.00,0.00,Before
TCGA-A7-A4SE-Control,96,Cycle,Base Substitution,6321995,11333.29,27.00,28.68,-1.68,Before
TCGA-A7-A4SE-Control,96,Cycle,Base Insertion,6296984,86.55,47.00,45.00,2.00,Before
TCGA-A7-A4SE-Control,96,Cycle,Base Deletion,6296984,180.55,45.00,45.00,0.00,Before
TCGA-A7-A4SE-Control,-96,Cycle,Base Substitution,6012266,8026.50,29.00,30.15,-1.15,Before
TCGA-A7-A4SE-Control,-96,Cycle,Base Insertion,5987574,85.17,47.00,45.00,2.00,Before
TCGA-A7-A4SE-Control,-96,Cycle,Base Deletion,5987574,179.14,45.00,45.00,0.00,Before
TCGA-A7-A4SE-Control,97,Cycle,Base Substitution,6269530,10038.82,28.00,29.02,-1.02,Before
TCGA-A7-A4SE-Control,-97,Cycle,Base Substitution,5962232,8498.81,28.00,29.39,-1.39,Before
TCGA-A7-A4SE-Control,98,Cycle,Base Substitution,6212786,10546.48,28.00,28.51,-0.51,Before
TCGA-A7-A4SE-Control,-98,Cycle,Base Substitution,5908114,9836.50,28.00,28.60,-0.60,Before
TCGA-A7-A4SE-Control,99,Cycle,Base Substitution,6154558,6608.56,30.00,29.75,0.25,Before
TCGA-A7-A4SE-Control,-99,Cycle,Base Substitution,5856242,5682.24,30.00,30.07,-0.07,Before
TCGA-A7-A4SE-Control,100,Cycle,Base Substitution,6115363,5796.90,30.00,30.32,-0.32,Before
TCGA-A7-A4SE-Control,-100,Cycle,Base Substitution,5820037,5083.93,31.00,30.54,0.46,Before
TCGA-A7-A4SE-Control,6,QualityScore,Base Substitution,480674,95074.51,7.00,6.00,1.00,Before
TCGA-A7-A4SE-Control,7,QualityScore,Base Substitution,691321,115652.73,8.00,7.00,1.00,Before
TCGA-A7-A4SE-Control,8,QualityScore,Base Substitution,999705,146663.29,8.00,8.00,0.00,Before
TCGA-A7-A4SE-Control,9,QualityScore,Base Substitution,1337926,168685.48,9.00,9.00,0.00,Before
TCGA-A7-A4SE-Control,10,QualityScore,Base Substitution,1621963,167363.40,10.00,10.00,0.00,Before
TCGA-A7-A4SE-Control,11,QualityScore,Base Substitution,1680175,138348.75,11.00,11.00,0.00,Before
TCGA-A7-A4SE-Control,12,QualityScore,Base Substitution,1434780,95004.25,12.00,12.00,0.00,Before
TCGA-A7-A4SE-Control,13,QualityScore,Base Substitution,1188794,61677.39,13.00,13.00,0.00,Before
TCGA-A7-A4SE-Control,14,QualityScore,Base Substitution,1081629,44668.84,14.00,14.00,0.00,Before
TCGA-A7-A4SE-Control,15,QualityScore,Base Substitution,1121356,36502.89,15.00,15.00,0.00,Before
TCGA-A7-A4SE-Control,16,QualityScore,Base Substitution,1346935,34145.65,16.00,16.00,0.00,Before
TCGA-A7-A4SE-Control,17,QualityScore,Base Substitution,1899203,38829.05,17.00,17.00,0.00,Before
TCGA-A7-A4SE-Control,18,QualityScore,Base Substitution,2337572,37275.48,18.00,18.00,0.00,Before
TCGA-A7-A4SE-Control,19,QualityScore,Base Substitution,2853404,36370.72,19.00,19.00,0.00,Before
TCGA-A7-A4SE-Control,20,QualityScore,Base Substitution,3376831,33852.22,20.00,20.00,0.00,Before
TCGA-A7-A4SE-Control,21,QualityScore,Base Substitution,4255399,34949.99,21.00,21.00,0.00,Before
TCGA-A7-A4SE-Control,22,QualityScore,Base Substitution,5161250,35729.88,22.00,22.00,0.00,Before
TCGA-A7-A4SE-Control,23,QualityScore,Base Substitution,6997286,39847.08,22.00,23.00,-1.00,Before
TCGA-A7-A4SE-Control,24,QualityScore,Base Substitution,9033622,41145.07,23.00,24.00,-1.00,Before
TCGA-A7-A4SE-Control,25,QualityScore,Base Substitution,12116994,44954.10,24.00,25.00,-1.00,Before
TCGA-A7-A4SE-Control,26,QualityScore,Base Substitution,19644315,61081.59,25.00,26.00,-1.00,Before
TCGA-A7-A4SE-Control,27,QualityScore,Base Substitution,22601593,56656.24,26.00,27.00,-1.00,Before
TCGA-A7-A4SE-Control,28,QualityScore,Base Substitution,36027296,75250.10,27.00,28.00,-1.00,Before
TCGA-A7-A4SE-Control,29,QualityScore,Base Substitution,48760577,81145.31,28.00,29.00,-1.00,Before
TCGA-A7-A4SE-Control,30,QualityScore,Base Substitution,76415013,109483.35,28.00,30.00,-2.00,Before
TCGA-A7-A4SE-Control,31,QualityScore,Base Substitution,148458453,179434.52,29.00,31.00,-2.00,Before
TCGA-A7-A4SE-Control,32,QualityScore,Base Substitution,290496502,289909.59,30.00,32.00,-2.00,Before
TCGA-A7-A4SE-Control,33,QualityScore,Base Substitution,263623665,230892.73,31.00,33.00,-2.00,Before
TCGA-A7-A4SE-Control,34,QualityScore,Base Substitution,215012016,159934.78,31.00,34.00,-3.00,Before
TCGA-A7-A4SE-Control,35,QualityScore,Base Substitution,115608661,76021.95,32.00,35.00,-3.00,Before
TCGA-A7-A4SE-Control,36,QualityScore,Base Substitution,36028399,21587.80,32.00,36.00,-4.00,Before
TCGA-A7-A4SE-Control,37,QualityScore,Base Substitution,1913522,1137.86,33.00,37.00,-4.00,Before
TCGA-A7-A4SE-Control,45,QualityScore,Base Insertion,1335606831,66790.98,43.00,45.00,-2.00,Before
TCGA-A7-A4SE-Control,45,QualityScore,Base Deletion,1335606831,91803.79,42.00,45.00,-3.00,Before
TCGA-A7-A4SE-Control,AA,Context,Base Substitution,94169071,181794.46,27.00,27.17,-0.17,After
TCGA-A7-A4SE-Control,AAA,Context,Base Insertion,31944353,6291.04,37.00,36.78,0.22,After
TCGA-A7-A4SE-Control,AAA,Context,Base Deletion,31944353,14810.09,33.00,32.46,0.54,After
TCGA-A7-A4SE-Control,CA,Context,Base Substitution,102158384,218757.29,27.00,26.54,0.46,After
TCGA-A7-A4SE-Control,CAA,Context,Base Insertion,20922899,889.13,44.00,43.80,0.20,After
TCGA-A7-A4SE-Control,CAA,Context,Base Deletion,20922899,1259.21,42.00,41.45,0.55,After
TCGA-A7-A4SE-Control,GA,Context,Base Substitution,82353455,279831.81,25.00,24.62,0.38,After
TCGA-A7-A4SE-Control,GAA,Context,Base Insertion,23791463,1203.70,43.00,42.80,0.20,After
TCGA-A7-A4SE-Control,GAA,Context,Base Deletion,23791463,1241.49,43.00,42.46,0.54,After
TCGA-A7-A4SE-Control,TA,Context,Base Substitution,55789688,194560.85,25.00,24.66,0.34,After
TCGA-A7-A4SE-Control,TAA,Context,Base Insertion,16255204,878.36,43.00,42.79,0.21,After
TCGA-A7-A4SE-Control,TAA,Context,Base Deletion,16255204,1011.98,42.00,41.46,0.54,After
TCGA-A7-A4SE-Control,AC,Context,Base Substitution,68193999,127610.72,27.00,27.22,-0.22,After
TCGA-A7-A4SE-Control,ACA,Context,Base Insertion,23774105,1756.59,41.00,40.80,0.20,After
TCGA-A7-A4SE-Control,ACA,Context,Base Deletion,23774105,2286.71,40.00,39.45,0.55,After
TCGA-A7-A4SE-Control,CC,Context,Base Substitution,98444365,145695.55,28.00,28.21,-0.21,After
TCGA-A7-A4SE-Control,CCA,Context,Base Insertion,30322305,1130.33,44.00,43.80,0.20,After
TCGA-A7-A4SE-Control,CCA,Context,Base Deletion,30322305,1269.87,44.00,43.45,0.55,After
TCGA-A7-A4SE-Control,GC,Context,Base Substitution,78308567,201355.29,26.00,26.02,-0.02,After
TCGA-A7-A4SE-Control,GCA,Context,Base Insertion,22884175,744.55,45.00,44.80,0.20,After
TCGA-A7-A4SE-Control,GCA,Context,Base Deletion,22884175,837.13,44.00,43.45,0.55,After
TCGA-A7-A4SE-Control,TC,Context,Base Substitution,83421609,104734.65,29.00,28.80,0.20,After
TCGA-A7-A4SE-Control,TCA,Context,Base Insertion,23917105,800.57,45.00,44.80,0.20,After
TCGA-A7-A4SE-Control,TCA,Context,Base Deletion,23917105,1116.98,43.00,42.45,0.55,After
TCGA-A7-A4SE-Control,AG,Context,Base Substitution,99756411,166056.33,28.00,27.55,0.45,After
TCGA-A7-A4SE-Control,AGA,Context,Base Insertion,26906644,1038.52,44.00,43.81,0.19,After
TCGA-A7-A4SE-Control,AGA,Context,Base Deletion,26906644,1369.28,43.00,42.46,0.54,After
TCGA-A7-A4SE-Control,CG,Context,Base Substitution,26944878,131175.33,23.00,23.14,-0.14,After
TCGA-A7-A4SE-Control,CGA,Context,Base Insertion,5433477,135.31,46.00,44.81,1.19,After
TCGA-A7-A4SE-Control,CGA,Context,Base Deletion,5433477,141.86,46.00,44.45,1.55,After
TCGA-A7-A4SE-Control,GG,Context,Base Substitution,95486992,195899.69,27.00,26.76,0.24,After
TCGA-A7-A4SE-Control,GGA,Context,Base Insertion,25410984,935.56,44.00,43.81,0.19,After
TCGA-A7-A4SE-Control,GGA,Context,Base Deletion,25410984,1146.76,43.00,42.46,0.54,After
TCGA-A7-A4SE-Control,TG,Context,Base Substitution,101676794,166342.66,28.00,27.79,0.21,After
TCGA-A7-A4SE-Control,TGA,Context,Base Insertion,23908688,1132.83,43.00,42.80,0.20,After
TCGA-A7-A4SE-Control,TGA,Context,Base Deletion,23908688,933.91,44.00,43.45,0.55,After
TCGA-A7-A4SE-Control,AT,Context,Base Substitution,72777216,146304.61,27.00,27.03,-0.03,After
TCGA-A7-A4SE-Control,ATA,Context,Base Insertion,14690405,649.06,43.00,42.79,0.21,After
TCGA-A7-A4SE-Control,ATA,Context,Base Deletion,14690405,895.43,42.00,41.46,0.54,After
TCGA-A7-A4SE-Control,CT,Context,Base Substitution,101110973,139395.86,29.00,28.61,0.39,After
TCGA-A7-A4SE-Control,CTA,Context,Base Insertion,12278685,366.97,45.00,44.79,0.21,After
TCGA-A7-A4SE-Control,CTA,Context,Base Deletion,12278685,621.93,43.00,42.45,0.55,After
TCGA-A7-A4SE-Control,GT,Context,Base Substitution,66692850,149330.30,27.00,26.41,0.59,After
TCGA-A7-A4SE-Control,GTA,Context,Base Insertion,11699796,571.20,43.00,42.80,0.20,After
TCGA-A7-A4SE-Control,GTA,Context,Base Deletion,11699796,504.62,44.00,42.45,1.55,After
TCGA-A7-A4SE-Control,TT,Context,Base Substitution,94467360,177902.39,27.00,27.25,-0.25,After
TCGA-A7-A4SE-Control,TTA,Context,Base Insertion,16344219,708.98,44.00,42.78,1.22,After
TCGA-A7-A4SE-Control,TTA,Context,Base Deletion,16344219,1270.88,41.00,40.46,0.54,After
TCGA-A7-A4SE-Control,AAC,Context,Base Insertion,16401128,1020.43,42.00,41.80,0.20,After
TCGA-A7-A4SE-Control,AAC,Context,Base Deletion,16401128,1142.97,42.00,41.46,0.54,After
TCGA-A7-A4SE-Control,CAC,Context,Base Insertion,23624855,1427.83,42.00,41.80,0.20,After
TCGA-A7-A4SE-Control,CAC,Context,Base Deletion,23624855,2236.91,40.00,39.45,0.55,After
TCGA-A7-A4SE-Control,GAC,Context,Base Insertion,15466124,927.16,42.00,41.81,0.19,After
TCGA-A7-A4SE-Control,GAC,Context,Base Deletion,15466124,800.05,43.00,42.46,0.54,After
TCGA-A7-A4SE-Control,TAC,Context,Base Insertion,12183394,698.99,42.00,41.80,0.20,After
TCGA-A7-A4SE-Control,TAC,Context,Base Deletion,12183394,570.52,43.00,42.45,0.55,After
TCGA-A7-A4SE-Control,ACC,Context,Base Insertion,19118645,714.44,44.00,43.80,0.20,After
TCGA-A7-A4SE-Control,ACC,Context,Base Deletion,19118645,809.93,44.00,43.45,0.55,After
TCGA-A7-A4SE-Control,CCC,Context,Base Insertion,27925840,1814.33,42.00,41.79,0.21,After
TCGA-A7-A4SE-Control,CCC,Context,Base Deletion,27925840,2571.25,40.00,39.45,0.55,After
TCGA-A7-A4SE-Control,GCC,Context,Base Insertion,24283159,979.38,44.00,43.80,0.20,After
TCGA-A7-A4SE-Control,GCC,Context,Base Deletion,24283159,803.63,45.00,44.45,0.55,After
TCGA-A7-A4SE-Control,TCC,Context,Base Insertion,26042576,1069.14,44.00,43.80,0.20,After
TCGA-A7-A4SE-Control,TCC,Context,Base Deletion,26042576,966.26,44.00,43.46,0.54,After
TCGA-A7-A4SE-Control,AGC,Context,Base Insertion,23608001,670.11,45.00,44.81,0.19,After
TCGA-A7-A4SE-Control,AGC,Context,Base Deletion,23608001,672.65,45.00,44.46,0.54,After
TCGA-A7-A4SE-Control,CGC,Context,Base Insertion,7027307,169.91,46.00,44.80,1.20,After
TCGA-A7-A4SE-Control,CGC,Context,Base Deletion,7027307,262.92,44.00,43.45,0.55,After
TCGA-A7-A4SE-Control,GGC,Context,Base Insertion,24162918,664.72,46.00,44.80,1.20,After
TCGA-A7-A4SE-Control,GGC,Context,Base Deletion,24162918,937.24,44.00,43.45,0.55,After
TCGA-A7-A4SE-Control,TGC,Context,Base Insertion,23121380,892.19,44.00,43.80,0.20,After
TCGA-A7-A4SE-Control,TGC,Context,Base Deletion,23121380,848.24,44.00,43.45,0.55,After
TCGA-A7-A4SE-Control,ATC,Context,Base Insertion,15894374,590.20,44.00,43.81,0.19,After
TCGA-A7-A4SE-Control,ATC,Context,Base Deletion,15894374,587.06,44.00,43.46,0.54,After
TCGA-A7-A4SE-Control,CTC,Context,Base Insertion,27311857,2594.15,40.00,39.80,0.20,After
TCGA-A7-A4SE-Control,CTC,Context,Base Deletion,27311857,1866.43,42.00,41.46,0.54,After
TCGA-A7-A4SE-Control,GTC,Context,Base Insertion,15311510,512.27,45.00,44.80,0.20,After
TCGA-A7-A4SE-Control,GTC,Context,Base Deletion,15311510,423.23,45.00,44.45,0.55,After
TCGA-A7-A4SE-Control,TTC,Context,Base Insertion,24108955,1565.43,42.00,41.80,0.20,After
TCGA-A7-A4SE-Control,TTC,Context,Base Deletion,24108955,1651.06,42.00,41.46,0.54,After
TCGA-A7-A4SE-Control,AAG,Context,Base Insertion,24796343,1283.92,43.00,42.80,0.20,After
TCGA-A7-A4SE-Control,AAG,Context,Base Deletion,24796343,1564.28,42.00,41.46,0.54,After
TCGA-A7-A4SE-Control,CAG,Context,Base Insertion,35110164,1009.39,45.00,44.81,0.19,After
TCGA-A7-A4SE-Control,CAG,Context,Base Deletion,35110164,1186.12,45.00,44.45,0.55,After
TCGA-A7-A4SE-Control,GAG,Context,Base Insertion,26386599,933.38,44.00,43.81,0.19,After
TCGA-A7-A4SE-Control,GAG,Context,Base Deletion,26386599,1271.60,43.00,42.46,0.54,After
TCGA-A7-A4SE-Control,TAG,Context,Base Insertion,12148804,549.19,43.00,42.80,0.20,After
TCGA-A7-A4SE-Control,TAG,Context,Base Deletion,12148804,493.59,44.00,43.45,0.55,After
TCGA-A7-A4SE-Control,ACG,Context,Base Insertion,5882247,178.45,45.00,44.81,0.19,After
TCGA-A7-A4SE-Control,ACG,Context,Base Deletion,5882247,247.94,44.00,42.45,1.55,After
TCGA-A7-A4SE-Control,CCG,Context,Base Insertion,8533202,338.01,44.00,43.80,0.20,After
TCGA-A7-A4SE-Control,CCG,Context,Base Deletion,8533202,377.01,43.00,42.45,0.55,After
TCGA-A7-A4SE-Control,GCG,Context,Base Insertion,6838511,299.69,43.00,42.80,0.20,After
TCGA-A7-A4SE-Control,GCG,Context,Base Deletion,6838511,326.89,43.00,42.44,0.56,After
TCGA-A7-A4SE-Control,TCG,Context,Base Insertion,5321937,163.09,45.00,43.81,1.19,After
TCGA-A7-A4SE-Control,TCG,Context,Base Deletion,5321937,225.23,44.00,42.45,1.55,After
TCGA-A7-A4SE-Control,AGG,Context,Base Insertion,29719912,1077.50,44.00,43.81,0.19,After
TCGA-A7-A4SE-Control,AGG,Context,Base Deletion,29719912,1084.61,44.00,43.46,0.54,After
TCGA-A7-A4SE-Control,CGG,Context,Base Insertion,8512723,283.55,45.00,43.80,1.20,After
TCGA-A7-A4SE-Control,CGG,Context,Base Deletion,8512723,367.91,44.00,42.45,1.55,After
TCGA-A7-A4SE-Control,GGG,Context,Base Insertion,26892855,1707.05,42.00,41.80,0.20,After
TCGA-A7-A4SE-Control,GGG,Context,Base Deletion,26892855,2339.59,41.00,40.46,0.54,After
TCGA-A7-A4SE-Control,TGG,Context,Base Insertion,29615083,1171.10,44.00,43.80,0.20,After
TCGA-A7-A4SE-Control,TGG,Context,Base Deletion,29615083,1139.37,44.00,43.45,0.55,After
TCGA-A7-A4SE-Control,ATG,Context,Base Insertion,21372476,829.68,44.00,43.80,0.20,After
TCGA-A7-A4SE-Control,ATG,Context,Base Deletion,21372476,799.29,44.00,43.45,0.55,After
TCGA-A7-A4SE-Control,CTG,Context,Base Insertion,35202679,1099.09,45.00,44.80,0.20,After
TCGA-A7-A4SE-Control,CTG,Context,Base Deletion,35202679,1293.80,44.00,43.45,0.55,After
TCGA-A7-A4SE-Control,GTG,Context,Base Insertion,22848651,1160.77,43.00,42.80,0.20,After
TCGA-A7-A4SE-Control,GTG,Context,Base Deletion,22848651,1860.96,41.00,40.45,0.55,After
TCGA-A7-A4SE-Control,TTG,Context,Base Insertion,20939421,945.83,43.00,42.80,0.20,After
TCGA-A7-A4SE-Control,TTG,Context,Base Deletion,20939421,1062.02,43.00,42.45,0.55,After
TCGA-A7-A4SE-Control,AAT,Context,Base Insertion,19995966,715.86,44.00,43.79,0.21,After
TCGA-A7-A4SE-Control,AAT,Context,Base Deletion,19995966,1230.40,42.00,41.46,0.54,After
TCGA-A7-A4SE-Control,CAT,Context,Base Insertion,21413549,754.72,44.00,43.80,0.20,After
TCGA-A7-A4SE-Control,CAT,Context,Base Deletion,21413549,948.96,43.00,42.46,0.54,After
TCGA-A7-A4SE-Control,GAT,Context,Base Insertion,15873286,600.46,44.00,43.81,0.19,After
TCGA-A7-A4SE-Control,GAT,Context,Base Deletion,15873286,641.25,44.00,43.46,0.54,After
TCGA-A7-A4SE-Control,TAT,Context,Base Insertion,14666633,744.57,43.00,42.79,0.21,After
TCGA-A7-A4SE-Control,TAT,Context,Base Deletion,14666633,862.12,42.00,41.46,0.54,After
TCGA-A7-A4SE-Control,ACT,Context,Base Insertion,18681146,677.14,44.00,43.80,0.20,After
TCGA-A7-A4SE-Control,ACT,Context,Base Deletion,18681146,832.03,43.00,42.45,0.55,After
TCGA-A7-A4SE-Control,CCT,Context,Base Insertion,30511140,1022.43,45.00,44.80,0.20,After
TCGA-A7-A4SE-Control,CCT,Context,Base Deletion,30511140,1504.46,43.00,42.46,0.54,After
TCGA-A7-A4SE-Control,GCT,Context,Base Insertion,23497739,654.00,46.00,44.80,1.20,After
TCGA-A7-A4SE-Control,GCT,Context,Base Deletion,23497739,788.99,45.00,44.45,0.55,After
TCGA-A7-A4SE-Control,TCT,Context,Base Insertion,27239813,1258.60,43.00,42.80,0.20,After
TCGA-A7-A4SE-Control,TCT,Context,Base Deletion,27239813,1639.07,42.00,41.46,0.54,After
TCGA-A7-A4SE-Control,AGT,Context,Base Insertion,18240333,595.36,45.00,44.80,0.20,After
TCGA-A7-A4SE-Control,AGT,Context,Base Deletion,18240333,590.19,45.00,43.45,1.55,After
TCGA-A7-A4SE-Control,CGT,Context,Base Insertion,5995814,167.57,45.00,44.80,0.20,After
TCGA-A7-A4SE-Control,CGT,Context,Base Deletion,5995814,209.10,44.00,43.45,0.55,After
TCGA-A7-A4SE-Control,GGT,Context,Base Insertion,18147770,656.18,44.00,43.80,0.20,After
TCGA-A7-A4SE-Control,GGT,Context,Base Deletion,18147770,833.71,43.00,42.45,0.55,After
TCGA-A7-A4SE-Control,TGT,Context,Base Insertion,23801368,1409.66,42.00,41.80,0.20,After
TCGA-A7-A4SE-Control,TGT,Context,Base Deletion,23801368,2046.64,41.00,40.45,0.55,After
TCGA-A7-A4SE-Control,ATT,Context,Base Insertion,20117312,893.00,43.00,42.79,0.21,After
TCGA-A7-A4SE-Control,ATT,Context,Base Deletion,20117312,1113.89,43.00,42.46,0.54,After
TCGA-A7-A4SE-Control,CTT,Context,Base Insertion,25252457,1572.93,42.00,41.80,0.20,After
TCGA-A7-A4SE-Control,CTT,Context,Base Deletion,25252457,1652.64,42.00,41.46,0.54,After
TCGA-A7-A4SE-Control,GTT,Context,Base Insertion,16269944,795.93,43.00,42.80,0.20,After
TCGA-A7-A4SE-Control,GTT,Context,Base Deletion,16269944,893.80,43.00,42.45,0.55,After
TCGA-A7-A4SE-Control,TTT,Context,Base Insertion,32035592,5119.58,38.00,37.78,0.22,After
TCGA-A7-A4SE-Control,TTT,Context,Base Deletion,32035592,11811.90,34.00,33.45,0.55,After
TCGA-A7-A4SE-Control,1,Cycle,Base Substitution,6894209,23277.58,25.00,24.95,0.05,After
TCGA-A7-A4SE-Control,-1,Cycle,Base Substitution,6858279,15456.19,26.00,26.43,-0.43,After
TCGA-A7-A4SE-Control,2,Cycle,Base Substitution,6946615,13384.89,27.00,27.31,-0.31,After
TCGA-A7-A4SE-Control,-2,Cycle,Base Substitution,6855312,20551.43,25.00,25.31,-0.31,After
TCGA-A7-A4SE-Control,3,Cycle,Base Substitution,6946913,14613.53,27.00,26.67,0.33,After
TCGA-A7-A4SE-Control,-3,Cycle,Base Substitution,6856320,21035.87,25.00,25.04,-0.04,After
TCGA-A7-A4SE-Control,4,Cycle,Base Substitution,6928655,13720.47,27.00,27.20,-0.20,After
TCGA-A7-A4SE-Control,-4,Cycle,Base Substitution,6855544,18520.65,26.00,25.58,0.42,After
TCGA-A7-A4SE-Control,5,Cycle,Base Substitution,6941489,12253.83,28.00,27.53,0.47,After
TCGA-A7-A4SE-Control,5,Cycle,Base Insertion,6941475,327.23,43.00,42.72,0.28,After
TCGA-A7-A4SE-Control,5,Cycle,Base Deletion,6941475,224.54,45.00,43.23,1.77,After
TCGA-A7-A4SE-Control,-5,Cycle,Base Substitution,6852469,14371.08,27.00,26.66,0.34,After
TCGA-A7-A4SE-Control,-5,Cycle,Base Insertion,6852451,318.48,43.00,42.73,0.27,After
TCGA-A7-A4SE-Control,-5,Cycle,Base Deletion,6852451,263.51,44.00,43.23,0.77,After
TCGA-A7-A4SE-Control,6,Cycle,Base Substitution,6940593,14180.81,27.00,26.95,0.05,After
TCGA-A7-A4SE-Control,6,Cycle,Base Insertion,6940577,359.85,43.00,42.72,0.28,After
TCGA-A7-A4SE-Control,6,Cycle,Base Deletion,6940577,258.72,44.00,43.27,0.73,After
TCGA-A7-A4SE-Control,-6,Cycle,Base Substitution,6844846,16167.02,26.00,26.25,-0.25,After
TCGA-A7-A4SE-Control,-6,Cycle,Base Insertion,6844830,374.04,43.00,42.73,0.27,After
TCGA-A7-A4SE-Control,-6,Cycle,Base Deletion,6844830,291.73,44.00,42.29,1.71,After
TCGA-A7-A4SE-Control,7,Cycle,Base Substitution,6939055,15583.09,26.00,26.56,-0.56,After
TCGA-A7-A4SE-Control,7,Cycle,Base Insertion,6939036,370.57,43.00,42.75,0.25,After
TCGA-A7-A4SE-Control,7,Cycle,Base Deletion,6939036,299.04,44.00,42.31,1.69,After
TCGA-A7-A4SE-Control,-7,Cycle,Base Substitution,6842928,15373.78,26.00,26.30,-0.30,After
TCGA-A7-A4SE-Control,-7,Cycle,Base Insertion,6842910,346.21,43.00,42.75,0.25,After
TCGA-A7-A4SE-Control,-7,Cycle,Base Deletion,6842910,336.04,43.00,42.31,0.69,After
TCGA-A7-A4SE-Control,8,Cycle,Base Substitution,6942967,12233.15,28.00,27.64,0.36,After
TCGA-A7-A4SE-Control,8,Cycle,Base Insertion,6942949,412.28,42.00,41.75,0.25,After
TCGA-A7-A4SE-Control,8,Cycle,Base Deletion,6942949,357.95,43.00,42.30,0.70,After
TCGA-A7-A4SE-Control,-8,Cycle,Base Substitution,6840612,14029.72,27.00,26.82,0.18,After
TCGA-A7-A4SE-Control,-8,Cycle,Base Insertion,6840595,411.94,42.00,41.75,0.25,After
TCGA-A7-A4SE-Control,-8,Cycle,Base Deletion,6840595,379.95,42.00,41.29,0.71,After
TCGA-A7-A4SE-Control,9,Cycle,Base Substitution,6941017,14848.08,27.00,26.69,0.31,After
TCGA-A7-A4SE-Control,9,Cycle,Base Insertion,6941002,419.15,42.00,41.74,0.26,After
TCGA-A7-A4SE-Control,9,Cycle,Base Deletion,6941002,396.65,42.00,41.28,0.72,After
TCGA-A7-A4SE-Control,-9,Cycle,Base Substitution,6837442,16218.45,26.00,26.09,-0.09,After
TCGA-A7-A4SE-Control,-9,Cycle,Base Insertion,6837424,414.38,42.00,41.73,0.27,After
TCGA-A7-A4SE-Control,-9,Cycle,Base Deletion,6837424,418.62,42.00,41.25,0.75,After
TCGA-A7-A4SE-Control,10,Cycle,Base Substitution,6942369,13244.66,27.00,27.41,-0.41,After
TCGA-A7-A4SE-Control,10,Cycle,Base Insertion,6942352,442.83,42.00,41.73,0.27,After
TCGA-A7-A4SE-Control,10,Cycle,Base Deletion,6942352,441.59,42.00,41.26,0.74,After
TCGA-A7-A4SE-Control,-10,Cycle,Base Substitution,6834146,15582.40,26.00,26.21,-0.21,After
TCGA-A7-A4SE-Control,-10,Cycle,Base Insertion,6834124,443.22,42.00,41.72,0.28,After
TCGA-A7-A4SE-Control,-10,Cycle,Base Deletion,6834124,452.05,42.00,41.24,0.76,After
TCGA-A7-A4SE-Control,11,Cycle,Base Substitution,6938377,15425.50,27.00,26.45,0.55,After
TCGA-A7-A4SE-Control,11,Cycle,Base Insertion,6938361,423.58,42.00,41.74,0.26,After
TCGA-A7-A4SE-Control,11,Cycle,Base Deletion,6938361,460.71,42.00,41.27,0.73,After
TCGA-A7-A4SE-Control,-11,Cycle,Base Substitution,6831279,15299.24,27.00,26.25,0.75,After
TCGA-A7-A4SE-Control,-11,Cycle,Base Insertion,6831261,409.67,42.00,41.73,0.27,After
TCGA-A7-A4SE-Control,-11,Cycle,Base Deletion,6831261,495.41,41.00,40.26,0.74,After
TCGA-A7-A4SE-Control,12,Cycle,Base Substitution,6941712,13978.15,27.00,27.01,-0.01,After
TCGA-A7-A4SE-Control,12,Cycle,Base Insertion,6941695,439.30,42.00,41.74,0.26,After
TCGA-A7-A4SE-Control,12,Cycle,Base Deletion,6941695,497.26,41.00,41.28,-0.28,After
TCGA-A7-A4SE-Control,-12,Cycle,Base Substitution,6825560,16570.04,26.00,25.95,0.05,After
TCGA-A7-A4SE-Control,-12,Cycle,Base Insertion,6825540,442.50,42.00,41.74,0.26,After
TCGA-A7-A4SE-Control,-12,Cycle,Base Deletion,6825540,518.83,41.00,40.28,0.72,After
TCGA-A7-A4SE-Control,13,Cycle,Base Substitution,6937537,13391.43,27.00,27.15,-0.15,After
TCGA-A7-A4SE-Control,13,Cycle,Base Insertion,6937519,460.45,42.00,41.74,0.26,After
TCGA-A7-A4SE-Control,13,Cycle,Base Deletion,6937519,529.57,41.00,40.28,0.72,After
TCGA-A7-A4SE-Control,-13,Cycle,Base Substitution,6824703,15420.39,26.00,26.51,-0.51,After
TCGA-A7-A4SE-Control,-13,Cycle,Base Insertion,6824680,418.74,42.00,41.74,0.26,After
TCGA-A7-A4SE-Control,-13,Cycle,Base Deletion,6824680,546.58,41.00,40.27,0.73,After
TCGA-A7-A4SE-Control,14,Cycle,Base Substitution,6938821,15237.15,27.00,26.68,0.32,After
TCGA-A7-A4SE-Control,14,Cycle,Base Insertion,6938806,470.19,42.00,41.74,0.26,After
TCGA-A7-A4SE-Control,14,Cycle,Base Deletion,6938806,528.16,41.00,40.28,0.72,After
TCGA-A7-A4SE-Control,-14,Cycle,Base Substitution,6823283,13621.73,27.00,26.97,0.03,After
TCGA-A7-A4SE-Control,-14,Cycle,Base Insertion,6823264,426.77,42.00,41.74,0.26,After
TCGA-A7-A4SE-Control,-14,Cycle,Base Deletion,6823264,560.64,41.00,40.28,0.72,After
TCGA-A7-A4SE-Control,15,Cycle,Base Substitution,6940900,15043.58,27.00,26.75,0.25,After
TCGA-A7-A4SE-Control,15,Cycle,Base Insertion,6940881,452.95,42.00,41.74,0.26,After
TCGA-A7-A4SE-Control,15,Cycle,Base Deletion,6940881,551.72,41.00,40.29,0.71,After
TCGA-A7-A4SE-Control,-15,Cycle,Base Substitution,6819485,14893.18,27.00,26.48,0.52,After
TCGA-A7-A4SE-Control,-15,Cycle,Base Insertion,6819466,419.18,42.00,41.75,0.25,After
TCGA-A7-A4SE-Control,-15,Cycle,Base Deletion,6819466,575.10,41.00,40.29,0.71,After
TCGA-A7-A4SE-Control,16,Cycle,Base Substitution,6942575,12161.04,28.00,27.67,0.33,After
TCGA-A7-A4SE-Control,16,Cycle,Base Insertion,6942497,476.32,42.00,41.75,0.25,After
TCGA-A7-A4SE-Control,16,Cycle,Base Deletion,6942497,562.62,41.00,40.30,0.70,After
TCGA-A7-A4SE-Control,-16,Cycle,Base Substitution,6815348,13817.30,27.00,26.83,0.17,After
TCGA-A7-A4SE-Control,-16,Cycle,Base Insertion,6815135,455.93,42.00,41.76,0.24,After
TCGA-A7-A4SE-Control,-16,Cycle,Base Deletion,6815135,590.67,41.00,40.31,0.69,After
TCGA-A7-A4SE-Control,17,Cycle,Base Substitution,6942679,13835.85,27.00,27.02,-0.02,After
TCGA-A7-A4SE-Control,17,Cycle,Base Insertion,6942530,466.98,42.00,41.76,0.24,After
TCGA-A7-A4SE-Control,17,Cycle,Base Deletion,6942530,574.17,41.00,40.32,0.68,After
TCGA-A7-A4SE-Control,-17,Cycle,Base Substitution,6810963,14694.72,27.00,26.59,0.41,After
TCGA-A7-A4SE-Control,-17,Cycle,Base Insertion,6810433,425.28,42.00,41.77,0.23,After
TCGA-A7-A4SE-Control,-17,Cycle,Base Deletion,6810433,598.70,41.00,40.33,0.67,After
TCGA-A7-A4SE-Control,18,Cycle,Base Substitution,6939789,14953.11,27.00,26.87,0.13,After
TCGA-A7-A4SE-Control,18,Cycle,Base Insertion,6939565,465.19,42.00,41.76,0.24,After
TCGA-A7-A4SE-Control,18,Cycle,Base Deletion,6939565,576.29,41.00,40.32,0.68,After
TCGA-A7-A4SE-Control,-18,Cycle,Base Substitution,6805382,16210.03,26.00,26.15,-0.15,After
TCGA-A7-A4SE-Control,-18,Cycle,Base Insertion,6804527,428.80,42.00,41.77,0.23,After
TCGA-A7-A4SE-Control,-18,Cycle,Base Deletion,6804527,607.16,40.00,40.34,-0.34,After
TCGA-A7-A4SE-Control,19,Cycle,Base Substitution,6942273,13646.53,27.00,26.99,0.01,After
TCGA-A7-A4SE-Control,19,Cycle,Base Insertion,6941996,451.35,42.00,41.77,0.23,After
TCGA-A7-A4SE-Control,19,Cycle,Base Deletion,6941996,607.62,41.00,40.34,0.66,After
TCGA-A7-A4SE-Control,-19,Cycle,Base Substitution,6805978,13294.06,27.00,27.07,-0.07,After
TCGA-A7-A4SE-Control,-19,Cycle,Base Insertion,6804982,430.27,42.00,41.78,0.22,After
TCGA-A7-A4SE-Control,-19,Cycle,Base Deletion,6804982,610.00,40.00,40.35,-0.35,After
TCGA-A7-A4SE-Control,20,Cycle,Base Substitution,6939730,14845.36,27.00,26.82,0.18,After
TCGA-A7-A4SE-Control,20,Cycle,Base Insertion,6939422,439.73,42.00,41.77,0.23,After
TCGA-A7-A4SE-Control,20,Cycle,Base Deletion,6939422,609.56,41.00,40.35,0.65,After
TCGA-A7-A4SE-Control,-20,Cycle,Base Substitution,6798499,15993.82,26.00,26.26,-0.26,After
TCGA-A7-A4SE-Control,-20,Cycle,Base Insertion,6797556,428.78,42.00,41.78,0.22,After
TCGA-A7-A4SE-Control,-20,Cycle,Base Deletion,6797556,614.15,40.00,40.36,-0.36,After
TCGA-A7-A4SE-Control,21,Cycle,Base Substitution,6938608,14690.62,27.00,26.89,0.11,After
TCGA-A7-A4SE-Control,21,Cycle,Base Insertion,6938268,414.35,42.00,41.77,0.23,After
TCGA-A7-A4SE-Control,21,Cycle,Base Deletion,6938268,599.20,41.00,40.35,0.65,After
TCGA-A7-A4SE-Control,-21,Cycle,Base Substitution,6796074,15804.91,26.00,26.36,-0.36,After
TCGA-A7-A4SE-Control,-21,Cycle,Base Insertion,6795233,450.76,42.00,41.78,0.22,After
TCGA-A7-A4SE-Control,-21,Cycle,Base Deletion,6795233,602.21,41.00,40.36,0.64,After
TCGA-A7-A4SE-Control,22,Cycle,Base Substitution,6939168,15111.71,27.00,26.68,0.32,After
TCGA-A7-A4SE-Control,22,Cycle,Base Insertion,6938634,445.86,42.00,41.78,0.22,After
TCGA-A7-A4SE-Control,22,Cycle,Base Deletion,6938634,607.84,41.00,40.36,0.64,After
TCGA-A7-A4SE-Control,-22,Cycle,Base Substitution,6788080,17761.69,26.00,25.75,0.25,After
TCGA-A7-A4SE-Control,-22,Cycle,Base Insertion,6787279,455.09,42.00,41.78,0.22,After
TCGA-A7-A4SE-Control,-22,Cycle,Base Deletion,6787279,597.32,41.00,40.36,0.64,After
TCGA-A7-A4SE-Control,23,Cycle,Base Substitution,6939976,13262.85,27.00,27.29,-0.29,After
TCGA-A7-A4SE-Control,23,Cycle,Base Insertion,6939135,437.65,42.00,41.78,0.22,After
TCGA-A7-A4SE-Control,23,Cycle,Base Deletion,6939135,611.28,41.00,40.37,0.63,After
TCGA-A7-A4SE-Control,-23,Cycle,Base Substitution,6786458,16430.02,26.00,26.17,-0.17,After
TCGA-A7-A4SE-Control,-23,Cycle,Base Insertion,6785646,443.72,42.00,41.79,0.21,After
TCGA-A7-A4SE-Control,-23,Cycle,Base Deletion,6785646,594.97,41.00,40.37,0.63,After
TCGA-A7-A4SE-Control,24,Cycle,Base Substitution,6934924,17430.56,26.00,26.15,-0.15,After
TCGA-A7-A4SE-Control,24,Cycle,Base Insertion,6933919,455.17,42.00,41.78,0.22,After
TCGA-A7-A4SE-Control,24,Cycle,Base Deletion,6933919,615.43,41.00,40.38,0.62,After
TCGA-A7-A4SE-Control,-24,Cycle,Base Substitution,6779169,18081.55,26.00,25.59,0.41,After
TCGA-A7-A4SE-Control,-24,Cycle,Base Insertion,6778365,403.19,42.00,41.79,0.21,After
TCGA-A7-A4SE-Control,-24,Cycle,Base Deletion,6778365,595.16,41.00,40.38,0.62,After
TCGA-A7-A4SE-Control,25,Cycle,Base Substitution,6930599,18943.38,26.00,25.58,0.42,After
TCGA-A7-A4SE-Control,25,Cycle,Base Insertion,6929538,456.62,42.00,41.79,0.21,After
TCGA-A7-A4SE-Control,25,Cycle,Base Deletion,6929538,608.38,41.00,40.38,0.62,After
TCGA-A7-A4SE-Control,-25,Cycle,Base Substitution,6778030,16150.97,26.00,26.17,-0.17,After
TCGA-A7-A4SE-Control,-25,Cycle,Base Insertion,6777163,403.85,42.00,41.80,0.20,After
TCGA-A7-A4SE-Control,-25,Cycle,Base Deletion,6777163,592.96,41.00,40.39,0.61,After
TCGA-A7-A4SE-Control,26,Cycle,Base Substitution,6928490,18360.38,26.00,25.88,0.12,After
TCGA-A7-A4SE-Control,26,Cycle,Base Insertion,6927555,417.07,42.00,41.79,0.21,After
TCGA-A7-A4SE-Control,26,Cycle,Base Deletion,6927555,578.19,41.00,40.39,0.61,After
TCGA-A7-A4SE-Control,-26,Cycle,Base Substitution,6772907,16433.35,26.00,26.05,-0.05,After
TCGA-A7-A4SE-Control,-26,Cycle,Base Insertion,6772037,445.93,42.00,41.80,0.20,After
TCGA-A7-A4SE-Control,-26,Cycle,Base Deletion,6772037,589.44,41.00,40.40,0.60,After
TCGA-A7-A4SE-Control,27,Cycle,Base Substitution,6928830,16812.34,26.00,26.23,-0.23,After
TCGA-A7-A4SE-Control,27,Cycle,Base Insertion,6928070,501.13,41.00,41.80,-0.80,After
TCGA-A7-A4SE-Control,27,Cycle,Base Deletion,6928070,606.17,41.00,40.40,0.60,After
TCGA-A7-A4SE-Control,-27,Cycle,Base Substitution,6765138,18836.53,26.00,25.61,0.39,After
TCGA-A7-A4SE-Control,-27,Cycle,Base Insertion,6764244,467.32,42.00,41.80,0.20,After
TCGA-A7-A4SE-Control,-27,Cycle,Base Deletion,6764244,571.62,41.00,40.41,0.59,After
TCGA-A7-A4SE-Control,28,Cycle,Base Substitution,6926974,17102.15,26.00,26.22,-0.22,After
TCGA-A7-A4SE-Control,28,Cycle,Base Insertion,6926299,458.92,42.00,41.80,0.20,After
TCGA-A7-A4SE-Control,28,Cycle,Base Deletion,6926299,605.69,41.00,40.41,0.59,After
TCGA-A7-A4SE-Control,-28,Cycle,Base Substitution,6762919,21848.71,25.00,24.96,0.04,After
TCGA-A7-A4SE-Control,-28,Cycle,Base Insertion,6761985,402.33,42.00,41.81,0.19,After
TCGA-A7-A4SE-Control,-28,Cycle,Base Deletion,6761985,573.96,41.00,40.41,0.59,After
TCGA-A7-A4SE-Control,29,Cycle,Base Substitution,6924705,17175.78,26.00,26.12,-0.12,After
TCGA-A7-A4SE-Control,29,Cycle,Base Insertion,6924013,445.88,42.00,41.80,0.20,After
TCGA-A7-A4SE-Control,29,Cycle,Base Deletion,6924013,574.75,41.00,40.40,0.60,After
TCGA-A7-A4SE-Control,-29,Cycle,Base Substitution,6759557,13977.66,27.00,26.86,0.14,After
TCGA-A7-A4SE-Control,-29,Cycle,Base Insertion,6758621,404.27,42.00,41.81,0.19,After
TCGA-A7-A4SE-Control,-29,Cycle,Base Deletion,6758621,588.74,41.00,40.41,0.59,After
TCGA-A7-A4SE-Control,30,Cycle,Base Substitution,6924106,17155.09,26.00,26.13,-0.13,After
TCGA-A7-A4SE-Control,30,Cycle,Base Insertion,6923410,429.63,42.00,41.80,0.20,After
TCGA-A7-A4SE-Control,30,Cycle,Base Deletion,6923410,598.25,41.00,40.41,0.59,After
TCGA-A7-A4SE-Control,-30,Cycle,Base Substitution,6756489,16226.97,26.00,26.17,-0.17,After
TCGA-A7-A4SE-Control,-30,Cycle,Base Insertion,6755531,392.97,42.00,41.81,0.19,After
TCGA-A7-A4SE-Control,-30,Cycle,Base Deletion,6755531,582.19,41.00,40.42,0.58,After
TCGA-A7-A4SE-Control,31,Cycle,Base Substitution,6923226,18281.73,26.00,25.92,0.08,After
TCGA-A7-A4SE-Control,31,Cycle,Base Insertion,6922469,421.24,42.00,41.81,0.19,After
TCGA-A7-A4SE-Control,31,Cycle,Base Deletion,6922469,591.80,41.00,40.41,0.59,After
TCGA-A7-A4SE-Control,-31,Cycle,Base Substitution,6752148,13891.16,27.00,26.90,0.10,After
TCGA-A7-A4SE-Control,-31,Cycle,Base Insertion,6751161,373.71,43.00,42.81,0.19,After
TCGA-A7-A4SE-Control,-31,Cycle,Base Deletion,6751161,571.57,41.00,40.43,0.57,After
TCGA-A7-A4SE-Control,32,Cycle,Base Substitution,6920825,17169.74,26.00,26.23,-0.23,After
TCGA-A7-A4SE-Control,32,Cycle,Base Insertion,6920043,424.52,42.00,41.81,0.19,After
TCGA-A7-A4SE-Control,32,Cycle,Base Deletion,6920043,562.50,41.00,40.42,0.58,After
TCGA-A7-A4SE-Control,-32,Cycle,Base Substitution,6747146,13840.63,27.00,26.97,0.03,After
TCGA-A7-A4SE-Control,-32,Cycle,Base Insertion,6746101,372.22,43.00,42.82,0.18,After
TCGA-A7-A4SE-Control,-32,Cycle,Base Deletion,6746101,559.49,41.00,40.43,0.57,After
TCGA-A7-A4SE-Control,33,Cycle,Base Substitution,6916894,19449.93,26.00,25.59,0.41,After
TCGA-A7-A4SE-Control,33,Cycle,Base Insertion,6916073,434.14,42.00,41.81,0.19,After
TCGA-A7-A4SE-Control,33,Cycle,Base Deletion,6916073,578.29,41.00,40.42,0.58,After
TCGA-A7-A4SE-Control,-33,Cycle,Base Substitution,6741430,15199.42,26.00,26.49,-0.49,After
TCGA-A7-A4SE-Control,-33,Cycle,Base Insertion,6740362,391.72,42.00,42.82,-0.82,After
TCGA-A7-A4SE-Control,-33,Cycle,Base Deletion,6740362,552.05,41.00,40.43,0.57,After
TCGA-A7-A4SE-Control,34,Cycle,Base Substitution,6916535,15426.52,27.00,26.46,0.54,After
TCGA-A7-A4SE-Control,34,Cycle,Base Insertion,6915725,437.35,42.00,41.81,0.19,After
TCGA-A7-A4SE-Control,34,Cycle,Base Deletion,6915725,558.47,41.00,40.43,0.57,After
TCGA-A7-A4SE-Control,-34,Cycle,Base Substitution,6735501,16572.49,26.00,26.07,-0.07,After
TCGA-A7-A4SE-Control,-34,Cycle,Base Insertion,6734461,409.31,42.00,41.82,0.18,After
TCGA-A7-A4SE-Control,-34,Cycle,Base Deletion,6734461,543.01,41.00,40.44,0.56,After
TCGA-A7-A4SE-Control,35,Cycle,Base Substitution,6915596,16079.74,26.00,26.32,-0.32,After
TCGA-A7-A4SE-Control,35,Cycle,Base Insertion,6914763,409.40,42.00,41.81,0.19,After
TCGA-A7-A4SE-Control,35,Cycle,Base Deletion,6914763,554.32,41.00,40.43,0.57,After
TCGA-A7-A4SE-Control,-35,Cycle,Base Substitution,6729621,15430.49,26.00,26.35,-0.35,After
TCGA-A7-A4SE-Control,-35,Cycle,Base Insertion,6728580,370.54,43.00,42.82,0.18,After
TCGA-A7-A4SE-Control,-35,Cycle,Base Deletion,6728580,550.21,41.00,40.44,0.56,After
TCGA-A7-A4SE-Control,36,Cycle,Base Substitution,6913482,15518.63,26.00,26.48,-0.48,After
TCGA-A7-A4SE-Control,36,Cycle,Base Insertion,6912646,434.86,42.00,41.81,0.19,After
TCGA-A7-A4SE-Control,36,Cycle,Base Deletion,6912646,554.39,41.00,40.43,0.57,After
TCGA-A7-A4SE-Control,-36,Cycle,Base Substitution,6723895,16042.49,26.00,26.25,-0.25,After
TCGA-A7-A4SE-Control,-36,Cycle,Base Insertion,6722874,394.57,42.00,41.82,0.18,After
TCGA-A7-A4SE-Control,-36,Cycle,Base Deletion,6722874,532.61,41.00,40.44,0.56,After
TCGA-A7-A4SE-Control,37,Cycle,Base Substitution,6908846,18796.55,26.00,25.63,0.37,After
TCGA-A7-A4SE-Control,37,Cycle,Base Insertion,6908004,404.17,42.00,41.82,0.18,After
TCGA-A7-A4SE-Control,37,Cycle,Base Deletion,6908004,556.62,41.00,40.43,0.57,After
TCGA-A7-A4SE-Control,-37,Cycle,Base Substitution,6718124,15440.40,26.00,26.37,-0.37,After
TCGA-A7-A4SE-Control,-37,Cycle,Base Insertion,6717081,379.69,42.00,42.82,-0.82,After
TCGA-A7-A4SE-Control,-37,Cycle,Base Deletion,6717081,518.14,41.00,40.44,0.56,After
TCGA-A7-A4SE-Control,38,Cycle,Base Substitution,6905546,18499.36,26.00,25.76,0.24,After
TCGA-A7-A4SE-Control,38,Cycle,Base Insertion,6904652,447.92,42.00,41.81,0.19,After
TCGA-A7-A4SE-Control,38,Cycle,Base Deletion,6904652,562.59,41.00,40.43,0.57,After
TCGA-A7-A4SE-Control,-38,Cycle,Base Substitution,6696841,22399.49,25.00,24.71,0.29,After
TCGA-A7-A4SE-Control,-38,Cycle,Base Insertion,6695774,400.59,42.00,41.82,0.18,After
TCGA-A7-A4SE-Control,-38,Cycle,Base Deletion,6695774,520.65,41.00,40.44,0.56,After
TCGA-A7-A4SE-Control,39,Cycle,Base Substitution,6904587,17900.05,26.00,25.92,0.08,After
TCGA-A7-A4SE-Control,39,Cycle,Base Insertion,6903649,393.89,42.00,42.81,-0.81,After
TCGA-A7-A4SE-Control,39,Cycle,Base Deletion,6903649,555.85,41.00,40.44,0.56,After
TCGA-A7-A4SE-Control,-39,Cycle,Base Substitution,6705660,15268.29,26.00,26.36,-0.36,After
TCGA-A7-A4SE-Control,-39,Cycle,Base Insertion,6704592,381.70,42.00,42.82,-0.82,After
TCGA-A7-A4SE-Control,-39,Cycle,Base Deletion,6704592,520.20,41.00,40.44,0.56,After
TCGA-A7-A4SE-Control,40,Cycle,Base Substitution,6904112,16057.52,26.00,26.46,-0.46,After
TCGA-A7-A4SE-Control,40,Cycle,Base Insertion,6903123,388.39,43.00,42.82,0.18,After
TCGA-A7-A4SE-Control,40,Cycle,Base Deletion,6903123,560.66,41.00,40.44,0.56,After
TCGA-A7-A4SE-Control,-40,Cycle,Base Substitution,6701713,13042.23,27.00,26.98,0.02,After
TCGA-A7-A4SE-Control,-40,Cycle,Base Insertion,6700642,383.95,42.00,42.82,-0.82,After
TCGA-A7-A4SE-Control,-40,Cycle,Base Deletion,6700642,526.05,41.00,40.45,0.55,After
TCGA-A7-A4SE-Control,41,Cycle,Base Substitution,6900459,16331.81,26.00,26.37,-0.37,After
TCGA-A7-A4SE-Control,41,Cycle,Base Insertion,6899503,375.71,43.00,42.82,0.18,After
TCGA-A7-A4SE-Control,41,Cycle,Base Deletion,6899503,543.24,41.00,40.44,0.56,After
TCGA-A7-A4SE-Control,-41,Cycle,Base Substitution,6695436,13614.96,27.00,26.88,0.12,After
TCGA-A7-A4SE-Control,-41,Cycle,Base Insertion,6694360,386.10,42.00,41.83,0.17,After
TCGA-A7-A4SE-Control,-41,Cycle,Base Deletion,6694360,528.02,41.00,40.45,0.55,After
TCGA-A7-A4SE-Control,42,Cycle,Base Substitution,6896216,18341.58,26.00,25.78,0.22,After
TCGA-A7-A4SE-Control,42,Cycle,Base Insertion,6895300,403.14,42.00,41.82,0.18,After
TCGA-A7-A4SE-Control,42,Cycle,Base Deletion,6895300,551.75,41.00,40.44,0.56,After
TCGA-A7-A4SE-Control,-42,Cycle,Base Substitution,6688431,12993.70,27.00,27.03,-0.03,After
TCGA-A7-A4SE-Control,-42,Cycle,Base Insertion,6687321,359.06,43.00,42.82,0.18,After
TCGA-A7-A4SE-Control,-42,Cycle,Base Deletion,6687321,506.84,41.00,40.45,0.55,After
TCGA-A7-A4SE-Control,43,Cycle,Base Substitution,6894832,14138.01,27.00,26.97,0.03,After
TCGA-A7-A4SE-Control,43,Cycle,Base Insertion,6893945,368.49,43.00,42.82,0.18,After
TCGA-A7-A4SE-Control,43,Cycle,Base Deletion,6893945,556.39,41.00,40.44,0.56,After
TCGA-A7-A4SE-Control,-43,Cycle,Base Substitution,6681798,12019.00,27.00,27.37,-0.37,After
TCGA-A7-A4SE-Control,-43,Cycle,Base Insertion,6680679,358.31,43.00,42.82,0.18,After
TCGA-A7-A4SE-Control,-43,Cycle,Base Deletion,6680679,525.80,41.00,40.45,0.55,After
TCGA-A7-A4SE-Control,44,Cycle,Base Substitution,6891909,14631.88,27.00,26.68,0.32,After
TCGA-A7-A4SE-Control,44,Cycle,Base Insertion,6891030,394.99,42.00,41.82,0.18,After
TCGA-A7-A4SE-Control,44,Cycle,Base Deletion,6891030,552.59,41.00,40.44,0.56,After
TCGA-A7-A4SE-Control,-44,Cycle,Base Substitution,6674562,13580.75,27.00,26.94,0.06,After
TCGA-A7-A4SE-Control,-44,Cycle,Base Insertion,6673410,344.69,43.00,42.83,0.17,After
TCGA-A7-A4SE-Control,-44,Cycle,Base Deletion,6673410,513.33,41.00,40.45,0.55,After
TCGA-A7-A4SE-Control,45,Cycle,Base Substitution,6887456,15507.99,26.00,26.50,-0.50,After
TCGA-A7-A4SE-Control,45,Cycle,Base Insertion,6886609,403.57,42.00,41.82,0.18,After
TCGA-A7-A4SE-Control,45,Cycle,Base Deletion,6886609,554.63,41.00,40.45,0.55,After
TCGA-A7-A4SE-Control,-45,Cycle,Base Substitution,6667284,12217.92,27.00,27.24,-0.24,After
TCGA-A7-A4SE-Control,-45,Cycle,Base Insertion,6666182,351.73,43.00,42.82,0.18,After
TCGA-A7-A4SE-Control,-45,Cycle,Base Deletion,6666182,526.28,41.00,40.45,0.55,After
TCGA-A7-A4SE-Control,46,Cycle,Base Substitution,6882903,16254.27,26.00,26.29,-0.29,After
TCGA-A7-A4SE-Control,46,Cycle,Base Insertion,6882044,398.94,42.00,41.82,0.18,After
TCGA-A7-A4SE-Control,46,Cycle,Base Deletion,6882044,550.68,41.00,40.45,0.55,After
TCGA-A7-A4SE-Control,-46,Cycle,Base Substitution,6658472,14270.73,27.00,26.74,0.26,After
TCGA-A7-A4SE-Control,-46,Cycle,Base Insertion,6657382,358.15,43.00,42.83,0.17,After
TCGA-A7-A4SE-Control,-46,Cycle,Base Deletion,6657382,529.26,41.00,40.45,0.55,After
TCGA-A7-A4SE-Control,47,Cycle,Base Substitution,6879394,17046.13,26.00,26.18,-0.18,After
TCGA-A7-A4SE-Control,47,Cycle,Base Insertion,6878507,404.19,42.00,41.83,0.17,After
TCGA-A7-A4SE-Control,47,Cycle,Base Deletion,6878507,557.26,41.00,40.46,0.54,After
TCGA-A7-A4SE-Control,-47,Cycle,Base Substitution,6650927,12561.25,27.00,27.16,-0.16,After
TCGA-A7-A4SE-Control,-47,Cycle,Base Insertion,6649823,372.61,43.00,42.83,0.17,After
TCGA-A7-A4SE-Control,-47,Cycle,Base Deletion,6649823,525.89,41.00,40.46,0.54,After
TCGA-A7-A4SE-Control,48,Cycle,Base Substitution,6877603,14289.85,27.00,26.79,0.21,After
TCGA-A7-A4SE-Control,48,Cycle,Base Insertion,6876701,406.07,42.00,41.83,0.17,After
TCGA-A7-A4SE-Control,48,Cycle,Base Deletion,6876701,561.61,41.00,40.46,0.54,After
TCGA-A7-A4SE-Control,-48,Cycle,Base Substitution,6644030,13903.39,27.00,26.75,0.25,After
TCGA-A7-A4SE-Control,-48,Cycle,Base Insertion,6642930,383.55,42.00,41.83,0.17,After
TCGA-A7-A4SE-Control,-48,Cycle,Base Deletion,6642930,520.58,41.00,40.46,0.54,After
TCGA-A7-A4SE-Control,49,Cycle,Base Substitution,6875781,12607.76,27.00,27.17,-0.17,After
TCGA-A7-A4SE-Control,49,Cycle,Base Insertion,6874791,360.06,43.00,42.83,0.17,After
TCGA-A7-A4SE-Control,49,Cycle,Base Deletion,6874791,551.79,41.00,40.46,0.54,After
TCGA-A7-A4SE-Control,-49,Cycle,Base Substitution,6635743,14322.44,27.00,26.56,0.44,After
TCGA-A7-A4SE-Control,-49,Cycle,Base Insertion,6634613,351.76,43.00,42.83,0.17,After
TCGA-A7-A4SE-Control,-49,Cycle,Base Deletion,6634613,511.70,41.00,40.46,0.54,After
TCGA-A7-A4SE-Control,50,Cycle,Base Substitution,6871497,14301.29,27.00,26.78,0.22,After
TCGA-A7-A4SE-Control,50,Cycle,Base Insertion,6870476,395.60,42.00,41.83,0.17,After
TCGA-A7-A4SE-Control,50,Cycle,Base Deletion,6870476,540.16,41.00,40.46,0.54,After
TCGA-A7-A4SE-Control,-50,Cycle,Base Substitution,6626243,15201.65,26.00,26.35,-0.35,After
TCGA-A7-A4SE-Control,-50,Cycle,Base Insertion,6625067,364.87,43.00,42.83,0.17,After
TCGA-A7-A4SE-Control,-50,Cycle,Base Deletion,6625067,505.30,41.00,40.46,0.54,After
TCGA-A7-A4SE-Control,51,Cycle,Base Substitution,6868511,14701.42,27.00,26.67,0.33,After
TCGA-A7-A4SE-Control,51,Cycle,Base Insertion,6867438,390.02,42.00,42.82,-0.82,After
TCGA-A7-A4SE-Control,51,Cycle,Base Deletion,6867438,526.75,41.00,40.45,0.55,After
TCGA-A7-A4SE-Control,-51,Cycle,Base Substitution,6618531,16084.94,26.00,26.06,-0.06,After
TCGA-A7-A4SE-Control,-51,Cycle,Base Insertion,6617282,374.06,42.00,42.83,-0.83,After
TCGA-A7-A4SE-Control,-51,Cycle,Base Deletion,6617282,493.53,41.00,40.46,0.54,After
TCGA-A7-A4SE-Control,52,Cycle,Base Substitution,6864764,13329.46,27.00,27.10,-0.10,After
TCGA-A7-A4SE-Control,52,Cycle,Base Insertion,6863627,386.98,42.00,42.83,-0.83,After
TCGA-A7-A4SE-Control,52,Cycle,Base Deletion,6863627,542.16,41.00,40.46,0.54,After
TCGA-A7-A4SE-Control,-52,Cycle,Base Substitution,6610867,13971.87,27.00,26.67,0.33,After
TCGA-A7-A4SE-Control,-52,Cycle,Base Insertion,6609564,375.45,42.00,42.83,-0.83,After
TCGA-A7-A4SE-Control,-52,Cycle,Base Deletion,6609564,497.95,41.00,40.46,0.54,After
TCGA-A7-A4SE-Control,53,Cycle,Base Substitution,6858810,17182.03,26.00,26.03,-0.03,After
TCGA-A7-A4SE-Control,53,Cycle,Base Insertion,6857601,382.22,43.00,42.83,0.17,After
TCGA-A7-A4SE-Control,53,Cycle,Base Deletion,6857601,529.10,41.00,40.46,0.54,After
TCGA-A7-A4SE-Control,-53,Cycle,Base Substitution,6608899,12487.99,27.00,27.04,-0.04,After
TCGA-A7-A4SE-Control,-53,Cycle,Base Insertion,6607534,331.00,43.00,42.83,0.17,After
TCGA-A7-A4SE-Control,-53,Cycle,Base Deletion,6607534,495.52,41.00,40.46,0.54,After
TCGA-A7-A4SE-Control,54,Cycle,Base Substitution,6856881,13820.08,27.00,26.93,0.07,After
TCGA-A7-A4SE-Control,54,Cycle,Base Insertion,6855612,372.86,43.00,42.83,0.17,After
TCGA-A7-A4SE-Control,54,Cycle,Base Deletion,6855612,528.30,41.00,40.46,0.54,After
TCGA-A7-A4SE-Control,-54,Cycle,Base Substitution,6602688,12922.30,27.00,26.93,0.07,After
TCGA-A7-A4SE-Control,-54,Cycle,Base Insertion,6601310,330.77,43.00,42.83,0.17,After
TCGA-A7-A4SE-Control,-54,Cycle,Base Deletion,6601310,501.29,41.00,40.46,0.54,After
TCGA-A7-A4SE-Control,55,Cycle,Base Substitution,6851655,13186.90,27.00,27.14,-0.14,After
TCGA-A7-A4SE-Control,55,Cycle,Base Insertion,6850346,371.08,43.00,42.83,0.17,After
TCGA-A7-A4SE-Control,55,Cycle,Base Deletion,6850346,540.31,41.00,40.46,0.54,After
TCGA-A7-A4SE-Control,-55,Cycle,Base Substitution,6592301,13066.38,27.00,26.94,0.06,After
TCGA-A7-A4SE-Control,-55,Cycle,Base Insertion,6590878,338.24,43.00,42.83,0.17,After
TCGA-A7-A4SE-Control,-55,Cycle,Base Deletion,6590878,501.96,41.00,40.45,0.55,After
TCGA-A7-A4SE-Control,56,Cycle,Base Substitution,6846037,16357.23,26.00,26.35,-0.35,After
TCGA-A7-A4SE-Control,56,Cycle,Base Insertion,6844688,369.04,43.00,42.83,0.17,After
TCGA-A7-A4SE-Control,56,Cycle,Base Deletion,6844688,548.48,41.00,40.46,0.54,After
TCGA-A7-A4SE-Control,-56,Cycle,Base Substitution,6587014,13580.08,27.00,26.83,0.17,After
TCGA-A7-A4SE-Control,-56,Cycle,Base Insertion,6585586,333.16,43.00,42.83,0.17,After
TCGA-A7-A4SE-Control,-56,Cycle,Base Deletion,6585586,485.18,41.00,40.46,0.54,After
TCGA-A7-A4SE-Control,57,Cycle,Base Substitution,6840053,17308.61,26.00,25.94,0.06,After
TCGA-A7-A4SE-Control,57,Cycle,Base Insertion,6838695,387.44,42.00,41.83,0.17,After
TCGA-A7-A4SE-Control,57,Cycle,Base Deletion,6838695,551.00,41.00,40.46,0.54,After
TCGA-A7-A4SE-Control,-57,Cycle,Base Substitution,6578559,14449.59,27.00,26.66,0.34,After
TCGA-A7-A4SE-Control,-57,Cycle,Base Insertion,6577064,340.82,43.00,42.83,0.17,After
TCGA-A7-A4SE-Control,-57,Cycle,Base Deletion,6577064,496.78,41.00,40.46,0.54,After
TCGA-A7-A4SE-Control,58,Cycle,Base Substitution,6835187,16500.58,26.00,26.25,-0.25,After
TCGA-A7-A4SE-Control,58,Cycle,Base Insertion,6833798,379.95,43.00,42.83,0.17,After
TCGA-A7-A4SE-Control,58,Cycle,Base Deletion,6833798,548.69,41.00,40.46,0.54,After
TCGA-A7-A4SE-Control,-58,Cycle,Base Substitution,6573014,11772.78,27.00,27.34,-0.34,After
TCGA-A7-A4SE-Control,-58,Cycle,Base Insertion,6571465,331.73,43.00,42.83,0.17,After
TCGA-A7-A4SE-Control,-58,Cycle,Base Deletion,6571465,475.94,41.00,40.46,0.54,After
TCGA-A7-A4SE-Control,59,Cycle,Base Substitution,6831880,13836.28,27.00,26.99,0.01,After
TCGA-A7-A4SE-Control,59,Cycle,Base Insertion,6830429,376.62,43.00,42.83,0.17,After
TCGA-A7-A4SE-Control,59,Cycle,Base Deletion,6830429,548.16,41.00,40.46,0.54,After
TCGA-A7-A4SE-Control,-59,Cycle,Base Substitution,6564758,12331.41,27.00,27.24,-0.24,After
TCGA-A7-A4SE-Control,-59,Cycle,Base Insertion,6563216,339.57,43.00,42.83,0.17,After
TCGA-A7-A4SE-Control,-59,Cycle,Base Deletion,6563216,486.41,41.00,40.45,0.55,After
TCGA-A7-A4SE-Control,60,Cycle,Base Substitution,6827811,12569.65,27.00,27.31,-0.31,After
TCGA-A7-A4SE-Control,60,Cycle,Base Insertion,6826306,360.78,43.00,42.83,0.17,After
TCGA-A7-A4SE-Control,60,Cycle,Base Deletion,6826306,542.75,41.00,40.46,0.54,After
TCGA-A7-A4SE-Control,-60,Cycle,Base Substitution,6557274,11901.37,27.00,27.30,-0.30,After
TCGA-A7-A4SE-Control,-60,Cycle,Base Insertion,6555682,331.66,43.00,42.83,0.17,After
TCGA-A7-A4SE-Control,-60,Cycle,Base Deletion,6555682,483.30,41.00,40.46,0.54,After
TCGA-A7-A4SE-Control,61,Cycle,Base Substitution,6822133,13500.91,27.00,26.97,0.03,After
TCGA-A7-A4SE-Control,61,Cycle,Base Insertion,6820564,371.64,43.00,42.83,0.17,After
TCGA-A7-A4SE-Control,61,Cycle,Base Deletion,6820564,550.27,41.00,40.46,0.54,After
TCGA-A7-A4SE-Control,-61,Cycle,Base Substitution,6550710,11191.10,28.00,27.42,0.58,After
TCGA-A7-A4SE-Control,-61,Cycle,Base Insertion,6549090,338.29,43.00,42.83,0.17,After
TCGA-A7-A4SE-Control,-61,Cycle,Base Deletion,6549090,486.83,41.00,40.46,0.54,After
TCGA-A7-A4SE-Control,62,Cycle,Base Substitution,6816232,14539.61,27.00,26.64,0.36,After
TCGA-A7-A4SE-Control,62,Cycle,Base Insertion,6814695,350.85,43.00,42.83,0.17,After
TCGA-A7-A4SE-Control,62,Cycle,Base Deletion,6814695,542.39,41.00,40.46,0.54,After
TCGA-A7-A4SE-Control,-62,Cycle,Base Substitution,6543092,11597.79,28.00,27.42,0.58,After
TCGA-A7-A4SE-Control,-62,Cycle,Base Insertion,6541402,336.79,43.00,42.83,0.17,After
TCGA-A7-A4SE-Control,-62,Cycle,Base Deletion,6541402,488.47,41.00,40.46,0.54,After
TCGA-A7-A4SE-Control,63,Cycle,Base Substitution,6810339,14906.68,27.00,26.55,0.45,After
TCGA-A7-A4SE-Control,63,Cycle,Base Insertion,6808696,384.79,42.00,42.83,-0.83,After
TCGA-A7-A4SE-Control,63,Cycle,Base Deletion,6808696,541.95,41.00,40.46,0.54,After
TCGA-A7-A4SE-Control,-63,Cycle,Base Substitution,6536522,11292.47,28.00,27.54,0.46,After
TCGA-A7-A4SE-Control,-63,Cycle,Base Insertion,6534738,326.23,43.00,42.83,0.17,After
TCGA-A7-A4SE-Control,-63,Cycle,Base Deletion,6534738,490.36,41.00,40.46,0.54,After
TCGA-A7-A4SE-Control,64,Cycle,Base Substitution,6804711,12828.22,27.00,27.23,-0.23,After
TCGA-A7-A4SE-Control,64,Cycle,Base Insertion,6802983,362.80,43.00,42.83,0.17,After
TCGA-A7-A4SE-Control,64,Cycle,Base Deletion,6802983,531.30,41.00,40.46,0.54,After
TCGA-A7-A4SE-Control,-64,Cycle,Base Substitution,6528132,11456.79,28.00,27.55,0.45,After
TCGA-A7-A4SE-Control,-64,Cycle,Base Insertion,6526275,311.56,43.00,42.83,0.17,After
TCGA-A7-A4SE-Control,-64,Cycle,Base Deletion,6526275,481.69,41.00,40.46,0.54,After
TCGA-A7-A4SE-Control,65,Cycle,Base Substitution,6797382,14932.03,27.00,26.67,0.33,After
TCGA-A7-A4SE-Control,65,Cycle,Base Insertion,6795615,339.41,43.00,42.83,0.17,After
TCGA-A7-A4SE-Control,65,Cycle,Base Deletion,6795615,530.27,41.00,40.46,0.54,After
TCGA-A7-A4SE-Control,-65,Cycle,Base Substitution,6521389,11102.69,28.00,27.49,0.51,After
TCGA-A7-A4SE-Control,-65,Cycle,Base Insertion,6519436,326.20,43.00,42.83,0.17,After
TCGA-A7-A4SE-Control,-65,Cycle,Base Deletion,6519436,469.07,41.00,41.46,-0.46,After
TCGA-A7-A4SE-Control,66,Cycle,Base Substitution,6791216,13808.36,27.00,26.79,0.21,After
TCGA-A7-A4SE-Control,66,Cycle,Base Insertion,6789308,337.62,43.00,42.83,0.17,After
TCGA-A7-A4SE-Control,66,Cycle,Base Deletion,6789308,521.00,41.00,40.47,0.53,After
TCGA-A7-A4SE-Control,-66,Cycle,Base Substitution,6511496,11981.96,27.00,27.29,-0.29,After
TCGA-A7-A4SE-Control,-66,Cycle,Base Insertion,6509418,317.98,43.00,42.83,0.17,After
TCGA-A7-A4SE-Control,-66,Cycle,Base Deletion,6509418,476.49,41.00,40.47,0.53,After
TCGA-A7-A4SE-Control,67,Cycle,Base Substitution,6784788,14697.94,27.00,26.62,0.38,After
TCGA-A7-A4SE-Control,67,Cycle,Base Insertion,6782747,333.33,43.00,42.83,0.17,After
TCGA-A7-A4SE-Control,67,Cycle,Base Deletion,6782747,505.03,41.00,40.47,0.53,After
TCGA-A7-A4SE-Control,-67,Cycle,Base Substitution,6505023,10687.69,28.00,27.59,0.41,After
TCGA-A7-A4SE-Control,-67,Cycle,Base Insertion,6502850,322.29,43.00,42.83,0.17,After
TCGA-A7-A4SE-Control,-67,Cycle,Base Deletion,6502850,458.71,42.00,41.46,0.54,After
TCGA-A7-A4SE-Control,68,Cycle,Base Substitution,6779978,13199.92,27.00,26.88,0.12,After
TCGA-A7-A4SE-Control,68,Cycle,Base Insertion,6777882,365.98,43.00,42.83,0.17,After
TCGA-A7-A4SE-Control,68,Cycle,Base Deletion,6777882,521.48,41.00,40.47,0.53,After
TCGA-A7-A4SE-Control,-68,Cycle,Base Substitution,6495956,10774.54,28.00,27.48,0.52,After
TCGA-A7-A4SE-Control,-68,Cycle,Base Insertion,6493722,336.26,43.00,42.83,0.17,After
TCGA-A7-A4SE-Control,-68,Cycle,Base Deletion,6493722,474.71,41.00,40.47,0.53,After
TCGA-A7-A4SE-Control,69,Cycle,Base Substitution,6771541,13375.15,27.00,26.95,0.05,After
TCGA-A7-A4SE-Control,69,Cycle,Base Insertion,6769298,328.39,43.00,42.83,0.17,After
TCGA-A7-A4SE-Control,69,Cycle,Base Deletion,6769298,506.72,41.00,40.47,0.53,After
TCGA-A7-A4SE-Control,-69,Cycle,Base Substitution,6486164,10784.34,28.00,27.48,0.52,After
TCGA-A7-A4SE-Control,-69,Cycle,Base Insertion,6483856,321.05,43.00,42.83,0.17,After
TCGA-A7-A4SE-Control,-69,Cycle,Base Deletion,6483856,467.20,41.00,40.47,0.53,After
TCGA-A7-A4SE-Control,70,Cycle,Base Substitution,6763331,14821.19,27.00,26.44,0.56,After
TCGA-A7-A4SE-Control,70,Cycle,Base Insertion,6760988,361.11,43.00,42.83,0.17,After
TCGA-A7-A4SE-Control,70,Cycle,Base Deletion,6760988,503.57,41.00,40.47,0.53,After
TCGA-A7-A4SE-Control,-70,Cycle,Base Substitution,6473451,10853.34,28.00,27.57,0.43,After
TCGA-A7-A4SE-Control,-70,Cycle,Base Insertion,6471025,328.09,43.00,42.83,0.17,After
TCGA-A7-A4SE-Control,-70,Cycle,Base Deletion,6471025,477.16,41.00,40.47,0.53,After
TCGA-A7-A4SE-Control,71,Cycle,Base Substitution,6756823,12609.21,27.00,27.21,-0.21,After
TCGA-A7-A4SE-Control,71,Cycle,Base Insertion,6754376,336.29,43.00,42.83,0.17,After
TCGA-A7-A4SE-Control,71,Cycle,Base Deletion,6754376,502.47,41.00,40.47,0.53,After
TCGA-A7-A4SE-Control,-71,Cycle,Base Substitution,6464191,11222.00,28.00,27.32,0.68,After
TCGA-A7-A4SE-Control,-71,Cycle,Base Insertion,6461588,322.73,43.00,42.84,0.16,After
TCGA-A7-A4SE-Control,-71,Cycle,Base Deletion,6461588,471.76,41.00,40.47,0.53,After
TCGA-A7-A4SE-Control,72,Cycle,Base Substitution,6749267,12973.19,27.00,27.02,-0.02,After
TCGA-A7-A4SE-Control,72,Cycle,Base Insertion,6746511,343.71,43.00,42.83,0.17,After
TCGA-A7-A4SE-Control,72,Cycle,Base Deletion,6746511,510.64,41.00,40.47,0.53,After
TCGA-A7-A4SE-Control,-72,Cycle,Base Substitution,6451350,11250.64,28.00,27.56,0.44,After
TCGA-A7-A4SE-Control,-72,Cycle,Base Insertion,6448494,315.16,43.00,42.83,0.17,After
TCGA-A7-A4SE-Control,-72,Cycle,Base Deletion,6448494,476.73,41.00,40.47,0.53,After
TCGA-A7-A4SE-Control,73,Cycle,Base Substitution,6740681,14063.96,27.00,26.72,0.28,After
TCGA-A7-A4SE-Control,73,Cycle,Base Insertion,6737689,330.01,43.00,42.83,0.17,After
TCGA-A7-A4SE-Control,73,Cycle,Base Deletion,6737689,508.08,41.00,40.47,0.53,After
TCGA-A7-A4SE-Control,-73,Cycle,Base Substitution,6440804,11906.40,27.00,27.11,-0.11,After
TCGA-A7-A4SE-Control,-73,Cycle,Base Insertion,6437742,315.12,43.00,42.83,0.17,After
TCGA-A7-A4SE-Control,-73,Cycle,Base Deletion,6437742,461.14,41.00,41.46,-0.46,After
TCGA-A7-A4SE-Control,74,Cycle,Base Substitution,6731046,15270.27,26.00,26.51,-0.51,After
TCGA-A7-A4SE-Control,74,Cycle,Base Insertion,6727776,313.20,43.00,42.83,0.17,After
TCGA-A7-A4SE-Control,74,Cycle,Base Deletion,6727776,487.11,41.00,40.47,0.53,After
TCGA-A7-A4SE-Control,-74,Cycle,Base Substitution,6427716,12252.11,27.00,26.97,0.03,After
TCGA-A7-A4SE-Control,-74,Cycle,Base Insertion,6424402,310.06,43.00,42.83,0.17,After
TCGA-A7-A4SE-Control,-74,Cycle,Base Deletion,6424402,453.77,42.00,41.46,0.54,After
TCGA-A7-A4SE-Control,75,Cycle,Base Substitution,6722636,14750.74,27.00,26.51,0.49,After
TCGA-A7-A4SE-Control,75,Cycle,Base Insertion,6719089,320.58,43.00,42.83,0.17,After
TCGA-A7-A4SE-Control,75,Cycle,Base Deletion,6719089,492.99,41.00,40.47,0.53,After
TCGA-A7-A4SE-Control,-75,Cycle,Base Substitution,6417698,11465.73,27.00,27.25,-0.25,After
TCGA-A7-A4SE-Control,-75,Cycle,Base Insertion,6414072,300.49,43.00,42.83,0.17,After
TCGA-A7-A4SE-Control,-75,Cycle,Base Deletion,6414072,454.43,42.00,41.46,0.54,After
TCGA-A7-A4SE-Control,76,Cycle,Base Substitution,6717691,12660.46,27.00,27.01,-0.01,After
TCGA-A7-A4SE-Control,76,Cycle,Base Insertion,6713895,320.16,43.00,42.83,0.17,After
TCGA-A7-A4SE-Control,76,Cycle,Base Deletion,6713895,477.14,41.00,41.46,-0.46,After
TCGA-A7-A4SE-Control,-76,Cycle,Base Substitution,6405971,12149.74,27.00,27.13,-0.13,After
TCGA-A7-A4SE-Control,-76,Cycle,Base Insertion,6402042,287.46,43.00,42.83,0.17,After
TCGA-A7-A4SE-Control,-76,Cycle,Base Deletion,6402042,461.91,41.00,40.46,0.54,After
TCGA-A7-A4SE-Control,77,Cycle,Base Substitution,6709384,13749.32,27.00,26.76,0.24,After
TCGA-A7-A4SE-Control,77,Cycle,Base Insertion,6705146,315.29,43.00,42.83,0.17,After
TCGA-A7-A4SE-Control,77,Cycle,Base Deletion,6705146,465.92,42.00,41.47,0.53,After
TCGA-A7-A4SE-Control,-77,Cycle,Base Substitution,6399695,11508.94,27.00,27.21,-0.21,After
TCGA-A7-A4SE-Control,-77,Cycle,Base Insertion,6395223,293.94,43.00,42.83,0.17,After
TCGA-A7-A4SE-Control,-77,Cycle,Base Deletion,6395223,441.40,42.00,41.46,0.54,After
TCGA-A7-A4SE-Control,78,Cycle,Base Substitution,6702452,12461.07,27.00,27.08,-0.08,After
TCGA-A7-A4SE-Control,78,Cycle,Base Insertion,6697716,308.86,43.00,42.83,0.17,After
TCGA-A7-A4SE-Control,78,Cycle,Base Deletion,6697716,473.10,42.00,41.46,0.54,After
TCGA-A7-A4SE-Control,-78,Cycle,Base Substitution,6384885,11438.40,27.00,27.30,-0.30,After
TCGA-A7-A4SE-Control,-78,Cycle,Base Insertion,6379279,299.58,43.00,42.83,0.17,After
TCGA-A7-A4SE-Control,-78,Cycle,Base Deletion,6379279,435.81,42.00,41.46,0.54,After
TCGA-A7-A4SE-Control,79,Cycle,Base Substitution,6693613,11825.51,28.00,27.39,0.61,After
TCGA-A7-A4SE-Control,79,Cycle,Base Insertion,6688305,306.42,43.00,42.83,0.17,After
TCGA-A7-A4SE-Control,79,Cycle,Base Deletion,6688305,450.37,42.00,41.47,0.53,After
TCGA-A7-A4SE-Control,-79,Cycle,Base Substitution,6374900,11939.47,27.00,27.03,-0.03,After
TCGA-A7-A4SE-Control,-79,Cycle,Base Insertion,6368602,280.82,43.00,42.83,0.17,After
TCGA-A7-A4SE-Control,-79,Cycle,Base Deletion,6368602,439.13,42.00,41.46,0.54,After
TCGA-A7-A4SE-Control,80,Cycle,Base Substitution,6682118,12688.00,27.00,27.11,-0.11,After
TCGA-A7-A4SE-Control,80,Cycle,Base Insertion,6676230,305.64,43.00,42.83,0.17,After
TCGA-A7-A4SE-Control,80,Cycle,Base Deletion,6676230,443.78,42.00,41.47,0.53,After
TCGA-A7-A4SE-Control,-80,Cycle,Base Substitution,6363701,11315.87,28.00,27.32,0.68,After
TCGA-A7-A4SE-Control,-80,Cycle,Base Insertion,6356896,281.97,43.00,42.83,0.17,After
TCGA-A7-A4SE-Control,-80,Cycle,Base Deletion,6356896,435.15,42.00,41.46,0.54,After
TCGA-A7-A4SE-Control,81,Cycle,Base Substitution,6674948,11623.64,28.00,27.28,0.72,After
TCGA-A7-A4SE-Control,81,Cycle,Base Insertion,6668548,291.63,43.00,42.83,0.17,After
TCGA-A7-A4SE-Control,81,Cycle,Base Deletion,6668548,448.77,42.00,41.46,0.54,After
TCGA-A7-A4SE-Control,-81,Cycle,Base Substitution,6353174,11212.57,28.00,27.41,0.59,After
TCGA-A7-A4SE-Control,-81,Cycle,Base Insertion,6346005,271.04,44.00,43.83,0.17,After
TCGA-A7-A4SE-Control,-81,Cycle,Base Deletion,6346005,414.59,42.00,41.46,0.54,After
TCGA-A7-A4SE-Control,82,Cycle,Base Substitution,6658643,12606.80,27.00,27.22,-0.22,After
TCGA-A7-A4SE-Control,82,Cycle,Base Insertion,6651589,284.32,44.00,43.83,0.17,After
TCGA-A7-A4SE-Control,82,Cycle,Base Deletion,6651589,435.85,42.00,41.46,0.54,After
TCGA-A7-A4SE-Control,-82,Cycle,Base Substitution,6340186,10563.59,28.00,27.52,0.48,After
TCGA-A7-A4SE-Control,-82,Cycle,Base Insertion,6333002,249.43,44.00,43.83,0.17,After
TCGA-A7-A4SE-Control,-82,Cycle,Base Deletion,6333002,420.42,42.00,41.46,0.54,After
TCGA-A7-A4SE-Control,83,Cycle,Base Substitution,6644257,15467.31,26.00,26.29,-0.29,After
TCGA-A7-A4SE-Control,83,Cycle,Base Insertion,6636541,241.28,44.00,43.83,0.17,After
TCGA-A7-A4SE-Control,83,Cycle,Base Deletion,6636541,430.51,42.00,41.46,0.54,After
TCGA-A7-A4SE-Control,-83,Cycle,Base Substitution,6325385,11145.13,28.00,27.44,0.56,After
TCGA-A7-A4SE-Control,-83,Cycle,Base Insertion,6317793,267.37,44.00,43.83,0.17,After
TCGA-A7-A4SE-Control,-83,Cycle,Base Deletion,6317793,408.09,42.00,41.46,0.54,After
TCGA-A7-A4SE-Control,84,Cycle,Base Substitution,6634750,11660.91,28.00,27.33,0.67,After
TCGA-A7-A4SE-Control,84,Cycle,Base Insertion,6626262,277.03,44.00,43.83,0.17,After
TCGA-A7-A4SE-Control,84,Cycle,Base Deletion,6626262,421.11,42.00,41.46,0.54,After
TCGA-A7-A4SE-Control,-84,Cycle,Base Substitution,6312938,10009.32,28.00,27.72,0.28,After
TCGA-A7-A4SE-Control,-84,Cycle,Base Insertion,6304524,248.40,44.00,43.83,0.17,After
TCGA-A7-A4SE-Control,-84,Cycle,Base Deletion,6304524,395.41,42.00,41.46,0.54,After
TCGA-A7-A4SE-Control,85,Cycle,Base Substitution,6618663,14346.71,27.00,26.56,0.44,After
TCGA-A7-A4SE-Control,85,Cycle,Base Insertion,6609271,245.16,44.00,43.83,0.17,After
TCGA-A7-A4SE-Control,85,Cycle,Base Deletion,6609271,403.86,42.00,41.46,0.54,After
TCGA-A7-A4SE-Control,-85,Cycle,Base Substitution,6298176,10561.73,28.00,27.48,0.52,After
TCGA-A7-A4SE-Control,-85,Cycle,Base Insertion,6288883,255.59,44.00,43.83,0.17,After
TCGA-A7-A4SE-Control,-85,Cycle,Base Deletion,6288883,386.11,42.00,41.46,0.54,After
TCGA-A7-A4SE-Control,86,Cycle,Base Substitution,6604414,13295.35,27.00,26.94,0.06,After
TCGA-A7-A4SE-Control,86,Cycle,Base Insertion,6594171,256.01,44.00,43.83,0.17,After
TCGA-A7-A4SE-Control,86,Cycle,Base Deletion,6594171,392.22,42.00,41.46,0.54,After
TCGA-A7-A4SE-Control,-86,Cycle,Base Substitution,6279654,9763.52,28.00,27.91,0.09,After
TCGA-A7-A4SE-Control,-86,Cycle,Base Insertion,6269551,235.84,44.00,43.83,0.17,After
TCGA-A7-A4SE-Control,-86,Cycle,Base Deletion,6269551,377.16,42.00,41.46,0.54,After
TCGA-A7-A4SE-Control,87,Cycle,Base Substitution,6586443,15846.86,26.00,26.16,-0.16,After
TCGA-A7-A4SE-Control,87,Cycle,Base Insertion,6575002,251.09,44.00,43.83,0.17,After
TCGA-A7-A4SE-Control,87,Cycle,Base Deletion,6575002,372.73,42.00,41.46,0.54,After
TCGA-A7-A4SE-Control,-87,Cycle,Base Substitution,6265939,10092.36,28.00,27.64,0.36,After
TCGA-A7-A4SE-Control,-87,Cycle,Base Insertion,6254552,228.04,44.00,43.83,0.17,After
TCGA-A7-A4SE-Control,-87,Cycle,Base Deletion,6254552,359.09,42.00,41.46,0.54,After
TCGA-A7-A4SE-Control,88,Cycle,Base Substitution,6571825,12160.11,27.00,27.21,-0.21,After
TCGA-A7-A4SE-Control,88,Cycle,Base Insertion,6559053,220.74,45.00,43.83,1.17,After
TCGA-A7-A4SE-Control,88,Cycle,Base Deletion,6559053,363.17,42.00,41.46,0.54,After
TCGA-A7-A4SE-Control,-88,Cycle,Base Substitution,6246450,10256.24,28.00,27.58,0.42,After
TCGA-A7-A4SE-Control,-88,Cycle,Base Insertion,6233712,212.44,44.00,43.83,0.17,After
TCGA-A7-A4SE-Control,-88,Cycle,Base Deletion,6233712,332.62,43.00,42.45,0.55,After
TCGA-A7-A4SE-Control,89,Cycle,Base Substitution,6551524,13436.17,27.00,26.79,0.21,After
TCGA-A7-A4SE-Control,89,Cycle,Base Insertion,6537294,226.00,44.00,43.83,0.17,After
TCGA-A7-A4SE-Control,89,Cycle,Base Deletion,6537294,341.28,43.00,42.46,0.54,After
TCGA-A7-A4SE-Control,-89,Cycle,Base Substitution,6226731,10663.31,28.00,27.47,0.53,After
TCGA-A7-A4SE-Control,-89,Cycle,Base Insertion,6212721,195.98,45.00,43.83,1.17,After
TCGA-A7-A4SE-Control,-89,Cycle,Base Deletion,6212721,332.50,43.00,42.45,0.55,After
TCGA-A7-A4SE-Control,90,Cycle,Base Substitution,6528790,12369.43,27.00,27.07,-0.07,After
TCGA-A7-A4SE-Control,90,Cycle,Base Insertion,6513116,211.75,45.00,43.83,1.17,After
TCGA-A7-A4SE-Control,90,Cycle,Base Deletion,6513116,338.14,43.00,42.46,0.54,After
TCGA-A7-A4SE-Control,-90,Cycle,Base Substitution,6204653,9267.65,28.00,27.93,0.07,After
TCGA-A7-A4SE-Control,-90,Cycle,Base Insertion,6189169,168.09,45.00,44.83,0.17,After
TCGA-A7-A4SE-Control,-90,Cycle,Base Deletion,6189169,316.03,43.00,42.45,0.55,After
TCGA-A7-A4SE-Control,91,Cycle,Base Substitution,6507983,10552.42,28.00,27.64,0.36,After
TCGA-A7-A4SE-Control,91,Cycle,Base Insertion,6491126,171.30,46.00,44.83,1.17,After
TCGA-A7-A4SE-Control,91,Cycle,Base Deletion,6491126,316.15,43.00,42.46,0.54,After
TCGA-A7-A4SE-Control,-91,Cycle,Base Substitution,6183750,9454.57,28.00,27.83,0.17,After
TCGA-A7-A4SE-Control,-91,Cycle,Base Insertion,6167087,167.80,45.00,44.83,0.17,After
TCGA-A7-A4SE-Control,-91,Cycle,Base Deletion,6167087,284.03,43.00,42.46,0.54,After
TCGA-A7-A4SE-Control,92,Cycle,Base Substitution,6477521,11998.08,27.00,27.24,-0.24,After
TCGA-A7-A4SE-Control,92,Cycle,Base Insertion,6457809,168.61,46.00,44.83,1.17,After
TCGA-A7-A4SE-Control,92,Cycle,Base Deletion,6457809,285.07,43.00,42.46,0.54,After
TCGA-A7-A4SE-Control,-92,Cycle,Base Substitution,6155594,8441.94,29.00,28.27,0.73,After
TCGA-A7-A4SE-Control,-92,Cycle,Base Insertion,6136188,151.45,46.00,44.83,1.17,After
TCGA-A7-A4SE-Control,-92,Cycle,Base Deletion,6136188,256.89,44.00,42.45,1.55,After
TCGA-A7-A4SE-Control,93,Cycle,Base Substitution,6446477,13104.67,27.00,26.78,0.22,After
TCGA-A7-A4SE-Control,93,Cycle,Base Insertion,6424681,148.00,46.00,44.82,1.18,After
TCGA-A7-A4SE-Control,93,Cycle,Base Deletion,6424681,264.52,44.00,42.45,1.55,After
TCGA-A7-A4SE-Control,-93,Cycle,Base Substitution,6125905,8713.39,28.00,28.16,-0.16,After
TCGA-A7-A4SE-Control,-93,Cycle,Base Insertion,6104331,146.70,46.00,44.82,1.18,After
TCGA-A7-A4SE-Control,-93,Cycle,Base Deletion,6104331,233.72,44.00,43.45,0.55,After
TCGA-A7-A4SE-Control,94,Cycle,Base Substitution,6410432,12265.16,27.00,27.10,-0.10,After
TCGA-A7-A4SE-Control,94,Cycle,Base Insertion,6386188,139.43,46.00,44.82,1.18,After
TCGA-A7-A4SE-Control,94,Cycle,Base Deletion,6386188,239.18,44.00,43.46,0.54,After
TCGA-A7-A4SE-Control,-94,Cycle,Base Substitution,6092388,8121.48,29.00,28.43,0.57,After
TCGA-A7-A4SE-Control,-94,Cycle,Base Insertion,6068585,140.13,46.00,44.83,1.17,After
TCGA-A7-A4SE-Control,-94,Cycle,Base Deletion,6068585,230.94,44.00,43.45,0.55,After
TCGA-A7-A4SE-Control,95,Cycle,Base Substitution,6369527,10584.35,28.00,27.80,0.20,After
TCGA-A7-A4SE-Control,95,Cycle,Base Insertion,6343184,118.84,47.00,45.82,1.18,After
TCGA-A7-A4SE-Control,95,Cycle,Base Deletion,6343184,217.80,44.00,43.45,0.55,After
TCGA-A7-A4SE-Control,-95,Cycle,Base Substitution,6056307,8374.01,29.00,28.33,0.67,After
TCGA-A7-A4SE-Control,-95,Cycle,Base Insertion,6030393,105.96,47.00,45.82,1.18,After
TCGA-A7-A4SE-Control,-95,Cycle,Base Deletion,6030393,200.95,45.00,43.45,1.55,After
TCGA-A7-A4SE-Control,96,Cycle,Base Substitution,6321986,11291.59,27.00,27.35,-0.35,After
TCGA-A7-A4SE-Control,96,Cycle,Base Insertion,6296975,88.56,47.00,45.82,1.18,After
TCGA-A7-A4SE-Control,96,Cycle,Base Deletion,6296975,179.11,45.00,43.46,1.54,After
TCGA-A7-A4SE-Control,-96,Cycle,Base Substitution,6012266,8014.00,29.00,28.42,0.58,After
TCGA-A7-A4SE-Control,-96,Cycle,Base Insertion,5987574,86.34,47.00,45.82,1.18,After
TCGA-A7-A4SE-Control,-96,Cycle,Base Deletion,5987574,176.59,45.00,43.44,1.56,After
TCGA-A7-A4SE-Control,97,Cycle,Base Substitution,6269530,9962.61,28.00,27.96,0.04,After
TCGA-A7-A4SE-Control,-97,Cycle,Base Substitution,5962232,8366.20,29.00,28.51,0.49,After
TCGA-A7-A4SE-Control,98,Cycle,Base Substitution,6212786,10604.90,28.00,27.93,0.07,After
TCGA-A7-A4SE-Control,-98,Cycle,Base Substitution,5908114,9917.52,28.00,27.87,0.13,After
TCGA-A7-A4SE-Control,99,Cycle,Base Substitution,6154558,6652.94,30.00,29.76,0.24,After
TCGA-A7-A4SE-Control,-99,Cycle,Base Substitution,5856242,5671.91,30.00,30.06,-0.06,After
TCGA-A7-A4SE-Control,100,Cycle,Base Substitution,6115363,5791.28,30.00,30.27,-0.27,After
TCGA-A7-A4SE-Control,-100,Cycle,Base Substitution,5820037,5104.23,31.00,30.44,0.56,After
TCGA-A7-A4SE-Control,6,QualityScore,Base Substitution,228235,51220.30,7.00,6.00,1.00,After
TCGA-A7-A4SE-Control,7,QualityScore,Base Substitution,509933,93582.73,7.00,7.00,0.00,After
TCGA-A7-A4SE-Control,8,QualityScore,Base Substitution,962679,145631.12,8.00,8.00,0.00,After
TCGA-A7-A4SE-Control,9,QualityScore,Base Substitution,1766832,223976.07,9.00,9.00,0.00,After
TCGA-A7-A4SE-Control,10,QualityScore,Base Substitution,1904176,194164.90,10.00,10.00,0.00,After
TCGA-A7-A4SE-Control,11,QualityScore,Base Substitution,1965698,153126.51,11.00,11.00,0.00,After
TCGA-A7-A4SE-Control,12,QualityScore,Base Substitution,1262529,75547.26,12.00,12.00,0.00,After
TCGA-A7-A4SE-Control,13,QualityScore,Base Substitution,1111991,52188.01,13.00,13.00,0.00,After
TCGA-A7-A4SE-Control,14,QualityScore,Base Substitution,1012035,38365.55,14.00,14.00,0.00,After
TCGA-A7-A4SE-Control,15,QualityScore,Base Substitution,950765,28257.04,15.00,15.00,0.00,After
TCGA-A7-A4SE-Control,16,QualityScore,Base Substitution,1322838,32157.49,16.00,16.00,0.00,After
TCGA-A7-A4SE-Control,17,QualityScore,Base Substitution,2092705,41220.62,17.00,17.00,0.00,After
TCGA-A7-A4SE-Control,18,QualityScore,Base Substitution,2702382,42347.22,18.00,18.00,0.00,After
TCGA-A7-A4SE-Control,19,QualityScore,Base Substitution,2916437,34907.43,19.00,19.00,0.00,After
TCGA-A7-A4SE-Control,20,QualityScore,Base Substitution,3895122,37866.69,20.00,20.00,0.00,After
TCGA-A7-A4SE-Control,21,QualityScore,Base Substitution,4605663,35854.16,21.00,21.00,0.00,After
TCGA-A7-A4SE-Control,22,QualityScore,Base Substitution,4978306,31762.29,22.00,22.00,0.00,After
TCGA-A7-A4SE-Control,23,QualityScore,Base Substitution,7594719,39042.00,23.00,23.00,0.00,After
TCGA-A7-A4SE-Control,24,QualityScore,Base Substitution,12385535,50901.73,24.00,24.00,0.00,After
TCGA-A7-A4SE-Control,25,QualityScore,Base Substitution,27189588,87187.56,25.00,25.00,0.00,After
TCGA-A7-A4SE-Control,26,QualityScore,Base Substitution,30521142,75154.97,26.00,26.00,0.00,After
TCGA-A7-A4SE-Control,27,QualityScore,Base Substitution,41407576,81701.33,27.00,27.00,0.00,After
TCGA-A7-A4SE-Control,28,QualityScore,Base Substitution,89693086,134701.28,28.00,28.00,0.00,After
TCGA-A7-A4SE-Control,29,QualityScore,Base Substitution,236240977,292500.68,29.00,29.00,0.00,After
TCGA-A7-A4SE-Control,30,QualityScore,Base Substitution,271190012,274610.17,30.00,30.00,0.00,After
TCGA-A7-A4SE-Control,31,QualityScore,Base Substitution,277697671,221393.12,31.00,31.00,0.00,After
TCGA-A7-A4SE-Control,32,QualityScore,Base Substitution,234610695,154631.87,32.00,32.00,0.00,After
TCGA-A7-A4SE-Control,32,QualityScore,Base Deletion,20364961,11422.87,33.00,32.00,1.00,After
TCGA-A7-A4SE-Control,33,QualityScore,Base Substitution,66311873,38123.61,32.00,33.00,-1.00,After
TCGA-A7-A4SE-Control,33,QualityScore,Base Deletion,28346851,11553.36,34.00,33.00,1.00,After
TCGA-A7-A4SE-Control,34,QualityScore,Base Substitution,6491601,3426.11,33.00,34.00,-1.00,After
TCGA-A7-A4SE-Control,34,QualityScore,Base Deletion,9843889,2689.01,36.00,34.00,2.00,After
TCGA-A7-A4SE-Control,35,QualityScore,Base Deletion,3825607,748.29,37.00,35.00,2.00,After
TCGA-A7-A4SE-Control,36,QualityScore,Base Insertion,11599546,2982.20,36.00,36.00,0.00,After
TCGA-A7-A4SE-Control,36,QualityScore,Base Deletion,1604504,212.49,38.00,36.00,2.00,After
TCGA-A7-A4SE-Control,37,QualityScore,Base Insertion,27410603,4917.21,37.00,37.00,0.00,After
TCGA-A7-A4SE-Control,38,QualityScore,Base Insertion,18330726,2781.82,38.00,38.00,0.00,After
TCGA-A7-A4SE-Control,39,QualityScore,Base Insertion,13698385,1793.58,39.00,39.00,0.00,After
TCGA-A7-A4SE-Control,39,QualityScore,Base Deletion,48477115,5251.50,40.00,39.00,1.00,After
TCGA-A7-A4SE-Control,40,QualityScore,Base Insertion,23917461,2089.86,41.00,40.00,1.00,After
TCGA-A7-A4SE-Control,40,QualityScore,Base Deletion,75786725,6905.64,40.00,40.00,0.00,After
TCGA-A7-A4SE-Control,41,QualityScore,Base Insertion,83550447,5993.36,41.00,41.00,0.00,After
TCGA-A7-A4SE-Control,41,QualityScore,Base Deletion,174935565,12485.34,41.00,41.00,0.00,After
TCGA-A7-A4SE-Control,42,QualityScore,Base Insertion,197157193,11758.99,42.00,42.00,0.00,After
TCGA-A7-A4SE-Control,42,QualityScore,Base Deletion,323695512,16479.40,43.00,42.00,1.00,After
TCGA-A7-A4SE-Control,43,QualityScore,Base Insertion,333564907,14567.07,44.00,43.00,1.00,After
TCGA-A7-A4SE-Control,43,QualityScore,Base Deletion,338436540,14332.76,44.00,43.00,1.00,After
TCGA-A7-A4SE-Control,44,QualityScore,Base Insertion,351628279,12744.28,44.00,44.00,0.00,After
TCGA-A7-A4SE-Control,44,QualityScore,Base Deletion,204550210,6929.08,45.00,44.00,1.00,After
TCGA-A7-A4SE-Control,45,QualityScore,Base Insertion,198311071,5700.49,45.00,45.00,0.00,After
TCGA-A7-A4SE-Control,45,QualityScore,Base Deletion,73142077,2028.07,46.00,45.00,1.00,After
TCGA-A7-A4SE-Control,46,QualityScore,Base Insertion,49953162,1032.02,47.00,46.00,1.00,After
TCGA-A7-A4SE-Control,46,QualityScore,Base Deletion,26318873,605.80,46.00,46.00,0.00,After
TCGA-A7-A4SE-Control,47,QualityScore,Base Insertion,20885365,346.94,48.00,47.00,1.00,After
TCGA-A7-A4SE-Control,47,QualityScore,Base Deletion,6194372,122.27,47.00,47.00,0.00,After
TCGA-A7-A4SE-Control,48,QualityScore,Base Insertion,5515656,86.45,48.00,48.00,0.00,After
