ReadGroup,CovariateValue,CovariateName,EventType,Observations,Errors,EmpiricalQuality,AverageReportedQuality,Accuracy,Recalibration
TCGA-A7-A4SE-Tumor,AA,Context,Base Substitution,72312542,111198.33,28.00,29.53,-1.53,Before
TCGA-A7-A4SE-Tumor,AAA,Context,Base Insertion,24251849,4684.53,37.00,45.00,-8.00,Before
TCGA-A7-A4SE-Tumor,AAA,Context,Base Deletion,24251849,11629.41,33.00,45.00,-12.00,Before
TCGA-A7-A4SE-Tumor,CA,Context,Base Substitution,81099339,139486.54,28.00,30.08,-2.08,Before
TCGA-A7-A4SE-Tumor,CAA,Context,Base Insertion,16355906,780.07,43.00,45.00,-2.00,Before
TCGA-A7-A4SE-Tumor,CAA,Context,Base Deletion,16355906,1085.71,42.00,45.00,-3.00,Before
TCGA-A7-A4SE-Tumor,GA,Context,Base Substitution,65063692,166174.47,26.00,26.28,-0.28,Before
TCGA-A7-A4SE-Tumor,GAA,Context,Base Insertion,18531421,890.54,43.00,45.00,-2.00,Before
TCGA-A7-A4SE-Tumor,GAA,Context,Base Deletion,18531421,1020.78,43.00,45.00,-2.00,Before
TCGA-A7-A4SE-Tumor,TA,Context,Base Substitution,42569561,116603.26,26.00,27.16,-1.16,Before
TCGA-A7-A4SE-Tumor,TAA,Context,Base Insertion,12228133,659.43,43.00,45.00,-2.00,Before
TCGA-A7-A4SE-Tumor,TAA,Context,Base Deletion,12228133,781.62,42.00,45.00,-3.00,Before
TCGA-A7-A4SE-Tumor,AC,Context,Base Substitution,53873753,85456.70,28.00,29.65,-1.65,Before
TCGA-A7-A4SE-Tumor,ACA,Context,Base Insertion,18696123,1405.99,41.00,45.00,-4.00,Before
TCGA-A7-A4SE-Tumor,ACA,Context,Base Deletion,18696123,1950.63,40.00,45.00,-5.00,Before
TCGA-A7-A4SE-Tumor,CC,Context,Base Substitution,78963662,97711.59,29.00,30.18,-1.18,Before
TCGA-A7-A4SE-Tumor,CCA,Context,Base Insertion,24267130,884.10,44.00,45.00,-1.00,Before
TCGA-A7-A4SE-Tumor,CCA,Context,Base Deletion,24267130,1053.06,44.00,45.00,-1.00,Before
TCGA-A7-A4SE-Tumor,GC,Context,Base Substitution,62745489,121248.50,27.00,27.40,-0.40,Before
TCGA-A7-A4SE-Tumor,GCA,Context,Base Insertion,18258384,679.60,44.00,45.00,-1.00,Before
TCGA-A7-A4SE-Tumor,GCA,Context,Base Deletion,18258384,660.52,44.00,45.00,-1.00,Before
TCGA-A7-A4SE-Tumor,TC,Context,Base Substitution,66049739,69215.46,30.00,31.33,-1.33,Before
TCGA-A7-A4SE-Tumor,TCA,Context,Base Insertion,18872887,676.33,45.00,45.00,0.00,Before
TCGA-A7-A4SE-Tumor,TCA,Context,Base Deletion,18872887,988.71,43.00,45.00,-2.00,Before
TCGA-A7-A4SE-Tumor,AG,Context,Base Substitution,78959464,79553.02,30.00,31.50,-1.50,Before
TCGA-A7-A4SE-Tumor,AGA,Context,Base Insertion,21047111,876.38,44.00,45.00,-1.00,Before
TCGA-A7-A4SE-Tumor,AGA,Context,Base Deletion,21047111,1063.36,43.00,45.00,-2.00,Before
TCGA-A7-A4SE-Tumor,CG,Context,Base Substitution,21871348,80169.29,24.00,25.20,-1.20,Before
TCGA-A7-A4SE-Tumor,CGA,Context,Base Insertion,4368168,88.20,46.00,45.00,1.00,Before
TCGA-A7-A4SE-Tumor,CGA,Context,Base Deletion,4368168,118.13,45.00,45.00,0.00,Before
TCGA-A7-A4SE-Tumor,GG,Context,Base Substitution,76657671,109122.14,28.00,28.93,-0.93,Before
TCGA-A7-A4SE-Tumor,GGA,Context,Base Insertion,20275169,763.24,44.00,45.00,-1.00,Before
TCGA-A7-A4SE-Tumor,GGA,Context,Base Deletion,20275169,993.72,43.00,45.00,-2.00,Before
TCGA-A7-A4SE-Tumor,TG,Context,Base Substitution,80713291,81528.78,30.00,31.73,-1.73,Before
TCGA-A7-A4SE-Tumor,TGA,Context,Base Insertion,18825534,900.38,43.00,45.00,-2.00,Before
TCGA-A7-A4SE-Tumor,TGA,Context,Base Deletion,18825534,759.10,44.00,45.00,-1.00,Before
TCGA-A7-A4SE-Tumor,AT,Context,Base Substitution,56128747,93069.48,28.00,30.01,-2.01,Before
TCGA-A7-A4SE-Tumor,ATA,Context,Base Insertion,11042322,498.17,44.00,45.00,-1.00,Before
TCGA-A7-A4SE-Tumor,ATA,Context,Base Deletion,11042322,694.92,42.00,45.00,-3.00,Before
TCGA-A7-A4SE-Tumor,CT,Context,Base Substitution,80072452,93823.55,29.00,31.87,-2.87,Before
TCGA-A7-A4SE-Tumor,CTA,Context,Base Insertion,9554868,320.85,45.00,45.00,0.00,Before
TCGA-A7-A4SE-Tumor,CTA,Context,Base Deletion,9554868,525.24,43.00,45.00,-2.00,Before
TCGA-A7-A4SE-Tumor,GT,Context,Base Substitution,52822911,91507.86,28.00,29.81,-1.81,Before
TCGA-A7-A4SE-Tumor,GTA,Context,Base Insertion,9075193,460.60,43.00,45.00,-2.00,Before
TCGA-A7-A4SE-Tumor,GTA,Context,Base Deletion,9075193,404.83,44.00,45.00,-1.00,Before
TCGA-A7-A4SE-Tumor,TT,Context,Base Substitution,72630338,110891.25,28.00,29.63,-1.63,Before
TCGA-A7-A4SE-Tumor,TTA,Context,Base Insertion,12299471,578.95,43.00,45.00,-2.00,Before
TCGA-A7-A4SE-Tumor,TTA,Context,Base Deletion,12299471,998.50,41.00,45.00,-4.00,Before
TCGA-A7-A4SE-Tumor,AAC,Context,Base Insertion,12752427,773.54,42.00,45.00,-3.00,Before
TCGA-A7-A4SE-Tumor,AAC,Context,Base Deletion,12752427,896.61,42.00,45.00,-3.00,Before
TCGA-A7-A4SE-Tumor,CAC,Context,Base Insertion,19014873,1229.11,42.00,45.00,-3.00,Before
TCGA-A7-A4SE-Tumor,CAC,Context,Base Deletion,19014873,1955.66,40.00,45.00,-5.00,Before
TCGA-A7-A4SE-Tumor,GAC,Context,Base Insertion,12293283,768.92,42.00,45.00,-3.00,Before
TCGA-A7-A4SE-Tumor,GAC,Context,Base Deletion,12293283,657.05,43.00,45.00,-2.00,Before
TCGA-A7-A4SE-Tumor,TAC,Context,Base Insertion,9416142,595.09,42.00,45.00,-3.00,Before
TCGA-A7-A4SE-Tumor,TAC,Context,Base Deletion,9416142,474.71,43.00,45.00,-2.00,Before
TCGA-A7-A4SE-Tumor,ACC,Context,Base Insertion,15232153,547.76,45.00,45.00,0.00,Before
TCGA-A7-A4SE-Tumor,ACC,Context,Base Deletion,15232153,666.00,44.00,45.00,-1.00,Before
TCGA-A7-A4SE-Tumor,CCC,Context,Base Insertion,22442761,1608.45,42.00,45.00,-3.00,Before
TCGA-A7-A4SE-Tumor,CCC,Context,Base Deletion,22442761,1999.91,41.00,45.00,-4.00,Before
TCGA-A7-A4SE-Tumor,GCC,Context,Base Insertion,19596754,788.19,44.00,45.00,-1.00,Before
TCGA-A7-A4SE-Tumor,GCC,Context,Base Deletion,19596754,661.80,45.00,45.00,0.00,Before
TCGA-A7-A4SE-Tumor,TCC,Context,Base Insertion,20813362,904.75,44.00,45.00,-1.00,Before
TCGA-A7-A4SE-Tumor,TCC,Context,Base Deletion,20813362,830.66,44.00,45.00,-1.00,Before
TCGA-A7-A4SE-Tumor,AGC,Context,Base Insertion,18812419,522.43,45.00,45.00,0.00,Before
TCGA-A7-A4SE-Tumor,AGC,Context,Base Deletion,18812419,603.48,45.00,45.00,0.00,Before
TCGA-A7-A4SE-Tumor,CGC,Context,Base Insertion,5680123,156.24,45.00,45.00,0.00,Before
TCGA-A7-A4SE-Tumor,CGC,Context,Base Deletion,5680123,207.09,45.00,45.00,0.00,Before
TCGA-A7-A4SE-Tumor,GGC,Context,Base Insertion,19488427,515.57,46.00,45.00,1.00,Before
TCGA-A7-A4SE-Tumor,GGC,Context,Base Deletion,19488427,749.51,44.00,45.00,-1.00,Before
TCGA-A7-A4SE-Tumor,TGC,Context,Base Insertion,18449801,730.17,44.00,45.00,-1.00,Before
TCGA-A7-A4SE-Tumor,TGC,Context,Base Deletion,18449801,739.03,44.00,45.00,-1.00,Before
TCGA-A7-A4SE-Tumor,ATC,Context,Base Insertion,12482148,472.85,44.00,45.00,-1.00,Before
TCGA-A7-A4SE-Tumor,ATC,Context,Base Deletion,12482148,495.88,44.00,45.00,-1.00,Before
TCGA-A7-A4SE-Tumor,CTC,Context,Base Insertion,21896251,2174.21,40.00,45.00,-5.00,Before
TCGA-A7-A4SE-Tumor,CTC,Context,Base Deletion,21896251,1510.65,42.00,45.00,-3.00,Before
TCGA-A7-A4SE-Tumor,GTC,Context,Base Insertion,12224763,400.31,45.00,45.00,0.00,Before
TCGA-A7-A4SE-Tumor,GTC,Context,Base Deletion,12224763,367.53,45.00,45.00,0.00,Before
TCGA-A7-A4SE-Tumor,TTC,Context,Base Insertion,18810994,1299.32,42.00,45.00,-3.00,Before
TCGA-A7-A4SE-Tumor,TTC,Context,Base Deletion,18810994,1407.28,41.00,45.00,-4.00,Before
TCGA-A7-A4SE-Tumor,AAG,Context,Base Insertion,19312994,979.63,43.00,45.00,-2.00,Before
TCGA-A7-A4SE-Tumor,AAG,Context,Base Deletion,19312994,1233.05,42.00,45.00,-3.00,Before
TCGA-A7-A4SE-Tumor,CAG,Context,Base Insertion,28037905,788.62,45.00,45.00,0.00,Before
TCGA-A7-A4SE-Tumor,CAG,Context,Base Deletion,28037905,993.93,45.00,45.00,0.00,Before
TCGA-A7-A4SE-Tumor,GAG,Context,Base Insertion,21129040,734.45,45.00,45.00,0.00,Before
TCGA-A7-A4SE-Tumor,GAG,Context,Base Deletion,21129040,993.54,43.00,45.00,-2.00,Before
TCGA-A7-A4SE-Tumor,TAG,Context,Base Insertion,9449407,428.52,44.00,45.00,-1.00,Before
TCGA-A7-A4SE-Tumor,TAG,Context,Base Deletion,9449407,352.13,44.00,45.00,-1.00,Before
TCGA-A7-A4SE-Tumor,ACG,Context,Base Insertion,4771342,205.70,44.00,45.00,-1.00,Before
TCGA-A7-A4SE-Tumor,ACG,Context,Base Deletion,4771342,211.77,44.00,45.00,-1.00,Before
TCGA-A7-A4SE-Tumor,CCG,Context,Base Insertion,6936565,295.40,44.00,45.00,-1.00,Before
TCGA-A7-A4SE-Tumor,CCG,Context,Base Deletion,6936565,319.55,44.00,45.00,-1.00,Before
TCGA-A7-A4SE-Tumor,GCG,Context,Base Insertion,5544826,236.97,44.00,45.00,-1.00,Before
TCGA-A7-A4SE-Tumor,GCG,Context,Base Deletion,5544826,306.34,43.00,45.00,-2.00,Before
TCGA-A7-A4SE-Tumor,TCG,Context,Base Insertion,4311242,150.28,45.00,45.00,0.00,Before
TCGA-A7-A4SE-Tumor,TCG,Context,Base Deletion,4311242,193.82,44.00,45.00,-1.00,Before
TCGA-A7-A4SE-Tumor,AGG,Context,Base Insertion,23786686,845.64,45.00,45.00,0.00,Before
TCGA-A7-A4SE-Tumor,AGG,Context,Base Deletion,23786686,881.19,44.00,45.00,-1.00,Before
TCGA-A7-A4SE-Tumor,CGG,Context,Base Insertion,6905554,234.21,45.00,45.00,0.00,Before
TCGA-A7-A4SE-Tumor,CGG,Context,Base Deletion,6905554,292.45,44.00,45.00,-1.00,Before
TCGA-A7-A4SE-Tumor,GGG,Context,Base Insertion,21623321,1459.94,42.00,45.00,-3.00,Before
TCGA-A7-A4SE-Tumor,GGG,Context,Base Deletion,21623321,1915.95,41.00,45.00,-4.00,Before
TCGA-A7-A4SE-Tumor,TGG,Context,Base Insertion,23739485,947.21,44.00,45.00,-1.00,Before
TCGA-A7-A4SE-Tumor,TGG,Context,Base Deletion,23739485,946.53,44.00,45.00,-1.00,Before
TCGA-A7-A4SE-Tumor,ATG,Context,Base Insertion,16775771,693.58,44.00,45.00,-1.00,Before
TCGA-A7-A4SE-Tumor,ATG,Context,Base Deletion,16775771,639.13,44.00,45.00,-1.00,Before
TCGA-A7-A4SE-Tumor,CTG,Context,Base Insertion,28096730,846.78,45.00,45.00,0.00,Before
TCGA-A7-A4SE-Tumor,CTG,Context,Base Deletion,28096730,1060.48,44.00,45.00,-1.00,Before
TCGA-A7-A4SE-Tumor,GTG,Context,Base Insertion,18395892,964.39,43.00,45.00,-2.00,Before
TCGA-A7-A4SE-Tumor,GTG,Context,Base Deletion,18395892,1611.38,41.00,45.00,-4.00,Before
TCGA-A7-A4SE-Tumor,TTG,Context,Base Insertion,16374063,755.28,44.00,45.00,-1.00,Before
TCGA-A7-A4SE-Tumor,TTG,Context,Base Deletion,16374063,878.39,43.00,45.00,-2.00,Before
TCGA-A7-A4SE-Tumor,AAT,Context,Base Insertion,15204408,546.36,45.00,45.00,0.00,Before
TCGA-A7-A4SE-Tumor,AAT,Context,Base Deletion,15204408,962.83,42.00,45.00,-3.00,Before
TCGA-A7-A4SE-Tumor,CAT,Context,Base Insertion,16833265,639.39,44.00,45.00,-1.00,Before
TCGA-A7-A4SE-Tumor,CAT,Context,Base Deletion,16833265,767.37,44.00,45.00,-1.00,Before
TCGA-A7-A4SE-Tumor,GAT,Context,Base Insertion,12444753,491.58,44.00,45.00,-1.00,Before
TCGA-A7-A4SE-Tumor,GAT,Context,Base Deletion,12444753,504.71,44.00,45.00,-1.00,Before
TCGA-A7-A4SE-Tumor,TAT,Context,Base Insertion,11040570,475.67,44.00,45.00,-1.00,Before
TCGA-A7-A4SE-Tumor,TAT,Context,Base Deletion,11040570,648.27,43.00,45.00,-2.00,Before
TCGA-A7-A4SE-Tumor,ACT,Context,Base Insertion,14615697,562.47,44.00,45.00,-1.00,Before
TCGA-A7-A4SE-Tumor,ACT,Context,Base Deletion,14615697,735.23,43.00,45.00,-2.00,Before
TCGA-A7-A4SE-Tumor,CCT,Context,Base Insertion,24443814,831.79,45.00,45.00,0.00,Before
TCGA-A7-A4SE-Tumor,CCT,Context,Base Deletion,24443814,1161.66,43.00,45.00,-2.00,Before
TCGA-A7-A4SE-Tumor,GCT,Context,Base Insertion,18735629,508.92,46.00,45.00,1.00,Before
TCGA-A7-A4SE-Tumor,GCT,Context,Base Deletion,18735629,667.91,45.00,45.00,0.00,Before
TCGA-A7-A4SE-Tumor,TCT,Context,Base Insertion,21367563,983.79,43.00,45.00,-2.00,Before
TCGA-A7-A4SE-Tumor,TCT,Context,Base Deletion,21367563,1417.64,42.00,45.00,-3.00,Before
TCGA-A7-A4SE-Tumor,AGT,Context,Base Insertion,14333571,374.72,46.00,45.00,1.00,Before
TCGA-A7-A4SE-Tumor,AGT,Context,Base Deletion,14333571,512.09,45.00,45.00,0.00,Before
TCGA-A7-A4SE-Tumor,CGT,Context,Base Insertion,4845619,128.64,45.00,45.00,0.00,Before
TCGA-A7-A4SE-Tumor,CGT,Context,Base Deletion,4845619,186.36,44.00,45.00,-1.00,Before
TCGA-A7-A4SE-Tumor,GGT,Context,Base Insertion,14519123,542.01,44.00,45.00,-1.00,Before
TCGA-A7-A4SE-Tumor,GGT,Context,Base Deletion,14519123,678.46,43.00,45.00,-2.00,Before
TCGA-A7-A4SE-Tumor,TGT,Context,Base Insertion,18734726,1127.45,42.00,45.00,-3.00,Before
TCGA-A7-A4SE-Tumor,TGT,Context,Base Deletion,18734726,1787.40,40.00,45.00,-5.00,Before
TCGA-A7-A4SE-Tumor,ATT,Context,Base Insertion,15297209,718.25,43.00,45.00,-2.00,Before
TCGA-A7-A4SE-Tumor,ATT,Context,Base Deletion,15297209,886.06,43.00,45.00,-2.00,Before
TCGA-A7-A4SE-Tumor,CTT,Context,Base Insertion,19693248,1212.43,42.00,45.00,-3.00,Before
TCGA-A7-A4SE-Tumor,CTT,Context,Base Deletion,19693248,1397.22,42.00,45.00,-3.00,Before
TCGA-A7-A4SE-Tumor,GTT,Context,Base Insertion,12681256,639.13,43.00,45.00,-2.00,Before
TCGA-A7-A4SE-Tumor,GTT,Context,Base Deletion,12681256,757.04,43.00,45.00,-2.00,Before
TCGA-A7-A4SE-Tumor,TTT,Context,Base Insertion,24359141,3949.70,38.00,45.00,-7.00,Before
TCGA-A7-A4SE-Tumor,TTT,Context,Base Deletion,24359141,9712.67,34.00,45.00,-11.00,Before
TCGA-A7-A4SE-Tumor,1,Cycle,Base Substitution,5409382,8768.02,28.00,28.85,-0.85,Before
TCGA-A7-A4SE-Tumor,-1,Cycle,Base Substitution,5387275,11886.12,27.00,27.41,-0.41,Before
TCGA-A7-A4SE-Tumor,2,Cycle,Base Substitution,5429387,7260.96,29.00,29.98,-0.98,Before
TCGA-A7-A4SE-Tumor,-2,Cycle,Base Substitution,5383933,11751.52,27.00,27.35,-0.35,Before
TCGA-A7-A4SE-Tumor,3,Cycle,Base Substitution,5430106,10242.04,27.00,27.99,-0.99,Before
TCGA-A7-A4SE-Tumor,-3,Cycle,Base Substitution,5382456,16038.96,25.00,25.85,-0.85,Before
TCGA-A7-A4SE-Tumor,4,Cycle,Base Substitution,5429241,7387.96,29.00,30.70,-1.70,Before
TCGA-A7-A4SE-Tumor,-4,Cycle,Base Substitution,5385426,10611.41,27.00,25.35,1.65,Before
TCGA-A7-A4SE-Tumor,5,Cycle,Base Substitution,5428707,6789.85,29.00,31.10,-2.10,Before
TCGA-A7-A4SE-Tumor,5,Cycle,Base Insertion,5428695,244.15,44.00,45.00,-1.00,Before
TCGA-A7-A4SE-Tumor,5,Cycle,Base Deletion,5428695,191.97,45.00,45.00,0.00,Before
TCGA-A7-A4SE-Tumor,-5,Cycle,Base Substitution,5381567,9275.68,28.00,28.63,-0.63,Before
TCGA-A7-A4SE-Tumor,-5,Cycle,Base Insertion,5381547,257.71,44.00,45.00,-1.00,Before
TCGA-A7-A4SE-Tumor,-5,Cycle,Base Deletion,5381547,213.78,44.00,45.00,-1.00,Before
TCGA-A7-A4SE-Tumor,6,Cycle,Base Substitution,5428497,7352.55,29.00,31.16,-2.16,Before
TCGA-A7-A4SE-Tumor,6,Cycle,Base Insertion,5428487,269.71,43.00,45.00,-2.00,Before
TCGA-A7-A4SE-Tumor,6,Cycle,Base Deletion,5428487,228.97,44.00,45.00,-1.00,Before
TCGA-A7-A4SE-Tumor,-6,Cycle,Base Substitution,5379636,9568.51,28.00,29.17,-1.17,Before
TCGA-A7-A4SE-Tumor,-6,Cycle,Base Insertion,5379613,284.54,43.00,45.00,-2.00,Before
TCGA-A7-A4SE-Tumor,-6,Cycle,Base Deletion,5379613,238.77,44.00,45.00,-1.00,Before
TCGA-A7-A4SE-Tumor,7,Cycle,Base Substitution,5428561,7105.89,29.00,31.56,-2.56,Before
TCGA-A7-A4SE-Tumor,7,Cycle,Base Insertion,5428550,286.04,43.00,45.00,-2.00,Before
TCGA-A7-A4SE-Tumor,7,Cycle,Base Deletion,5428550,244.07,44.00,45.00,-1.00,Before
TCGA-A7-A4SE-Tumor,-7,Cycle,Base Substitution,5377200,10097.99,27.00,28.76,-1.76,Before
TCGA-A7-A4SE-Tumor,-7,Cycle,Base Insertion,5377180,264.07,44.00,45.00,-1.00,Before
TCGA-A7-A4SE-Tumor,-7,Cycle,Base Deletion,5377180,269.50,43.00,45.00,-2.00,Before
TCGA-A7-A4SE-Tumor,8,Cycle,Base Substitution,5426740,8615.48,28.00,30.20,-2.20,Before
TCGA-A7-A4SE-Tumor,8,Cycle,Base Insertion,5426729,321.72,43.00,45.00,-2.00,Before
TCGA-A7-A4SE-Tumor,8,Cycle,Base Deletion,5426729,274.86,43.00,45.00,-2.00,Before
TCGA-A7-A4SE-Tumor,-8,Cycle,Base Substitution,5375728,9634.73,27.00,28.84,-1.84,Before
TCGA-A7-A4SE-Tumor,-8,Cycle,Base Insertion,5375704,325.97,43.00,45.00,-2.00,Before
TCGA-A7-A4SE-Tumor,-8,Cycle,Base Deletion,5375704,305.11,43.00,45.00,-2.00,Before
TCGA-A7-A4SE-Tumor,9,Cycle,Base Substitution,5428750,6844.34,29.00,31.48,-2.48,Before
TCGA-A7-A4SE-Tumor,9,Cycle,Base Insertion,5428736,342.04,43.00,45.00,-2.00,Before
TCGA-A7-A4SE-Tumor,9,Cycle,Base Deletion,5428736,304.01,43.00,45.00,-2.00,Before
TCGA-A7-A4SE-Tumor,-9,Cycle,Base Substitution,5374529,8960.16,28.00,29.37,-1.37,Before
TCGA-A7-A4SE-Tumor,-9,Cycle,Base Insertion,5374503,293.59,43.00,45.00,-2.00,Before
TCGA-A7-A4SE-Tumor,-9,Cycle,Base Deletion,5374503,349.98,42.00,45.00,-3.00,Before
TCGA-A7-A4SE-Tumor,10,Cycle,Base Substitution,5428615,6831.49,29.00,31.09,-2.09,Before
TCGA-A7-A4SE-Tumor,10,Cycle,Base Insertion,5428597,354.56,42.00,45.00,-3.00,Before
TCGA-A7-A4SE-Tumor,10,Cycle,Base Deletion,5428597,357.37,42.00,45.00,-3.00,Before
TCGA-A7-A4SE-Tumor,-10,Cycle,Base Substitution,5372732,8731.05,28.00,29.15,-1.15,Before
TCGA-A7-A4SE-Tumor,-10,Cycle,Base Insertion,5372709,358.99,42.00,45.00,-3.00,Before
TCGA-A7-A4SE-Tumor,-10,Cycle,Base Deletion,5372709,366.00,42.00,45.00,-3.00,Before
TCGA-A7-A4SE-Tumor,11,Cycle,Base Substitution,5428168,7537.91,29.00,30.59,-1.59,Before
TCGA-A7-A4SE-Tumor,11,Cycle,Base Insertion,5428152,343.91,43.00,45.00,-2.00,Before
TCGA-A7-A4SE-Tumor,11,Cycle,Base Deletion,5428152,377.15,42.00,45.00,-3.00,Before
TCGA-A7-A4SE-Tumor,-11,Cycle,Base Substitution,5369904,9544.37,28.00,28.67,-0.67,Before
TCGA-A7-A4SE-Tumor,-11,Cycle,Base Insertion,5369881,347.00,42.00,45.00,-3.00,Before
TCGA-A7-A4SE-Tumor,-11,Cycle,Base Deletion,5369881,390.80,42.00,45.00,-3.00,Before
TCGA-A7-A4SE-Tumor,12,Cycle,Base Substitution,5428477,7272.34,29.00,30.79,-1.79,Before
TCGA-A7-A4SE-Tumor,12,Cycle,Base Insertion,5428458,378.10,42.00,45.00,-3.00,Before
TCGA-A7-A4SE-Tumor,12,Cycle,Base Deletion,5428458,389.45,42.00,45.00,-3.00,Before
TCGA-A7-A4SE-Tumor,-12,Cycle,Base Substitution,5368981,9673.66,27.00,28.69,-1.69,Before
TCGA-A7-A4SE-Tumor,-12,Cycle,Base Insertion,5368962,345.29,43.00,45.00,-2.00,Before
TCGA-A7-A4SE-Tumor,-12,Cycle,Base Deletion,5368962,409.38,42.00,45.00,-3.00,Before
TCGA-A7-A4SE-Tumor,13,Cycle,Base Substitution,5427727,8028.84,28.00,30.28,-2.28,Before
TCGA-A7-A4SE-Tumor,13,Cycle,Base Insertion,5427710,357.10,42.00,45.00,-3.00,Before
TCGA-A7-A4SE-Tumor,13,Cycle,Base Deletion,5427710,421.29,42.00,45.00,-3.00,Before
TCGA-A7-A4SE-Tumor,-13,Cycle,Base Substitution,5366865,8785.38,28.00,29.17,-1.17,Before
TCGA-A7-A4SE-Tumor,-13,Cycle,Base Insertion,5366846,335.70,43.00,45.00,-2.00,Before
TCGA-A7-A4SE-Tumor,-13,Cycle,Base Deletion,5366846,430.98,42.00,45.00,-3.00,Before
TCGA-A7-A4SE-Tumor,14,Cycle,Base Substitution,5428743,7246.54,29.00,30.99,-1.99,Before
TCGA-A7-A4SE-Tumor,14,Cycle,Base Insertion,5428725,356.31,42.00,45.00,-3.00,Before
TCGA-A7-A4SE-Tumor,14,Cycle,Base Deletion,5428725,428.35,42.00,45.00,-3.00,Before
TCGA-A7-A4SE-Tumor,-14,Cycle,Base Substitution,5365628,8932.60,28.00,29.06,-1.06,Before
TCGA-A7-A4SE-Tumor,-14,Cycle,Base Insertion,5365611,365.64,42.00,45.00,-3.00,Before
TCGA-A7-A4SE-Tumor,-14,Cycle,Base Deletion,5365611,450.94,41.00,45.00,-4.00,Before
TCGA-A7-A4SE-Tumor,15,Cycle,Base Substitution,5428295,6922.72,29.00,30.46,-1.46,Before
TCGA-A7-A4SE-Tumor,15,Cycle,Base Insertion,5428273,362.96,42.00,45.00,-3.00,Before
TCGA-A7-A4SE-Tumor,15,Cycle,Base Deletion,5428273,425.67,42.00,45.00,-3.00,Before
TCGA-A7-A4SE-Tumor,-15,Cycle,Base Substitution,5363667,9303.10,28.00,28.56,-0.56,Before
TCGA-A7-A4SE-Tumor,-15,Cycle,Base Insertion,5363651,344.00,43.00,45.00,-2.00,Before
TCGA-A7-A4SE-Tumor,-15,Cycle,Base Deletion,5363651,476.02,41.00,45.00,-4.00,Before
TCGA-A7-A4SE-Tumor,16,Cycle,Base Substitution,5428081,7129.83,29.00,30.55,-1.55,Before
TCGA-A7-A4SE-Tumor,16,Cycle,Base Insertion,5427985,361.68,42.00,45.00,-3.00,Before
TCGA-A7-A4SE-Tumor,16,Cycle,Base Deletion,5427985,446.15,41.00,45.00,-4.00,Before
TCGA-A7-A4SE-Tumor,-16,Cycle,Base Substitution,5361652,9103.55,28.00,28.85,-0.85,Before
TCGA-A7-A4SE-Tumor,-16,Cycle,Base Insertion,5361512,351.05,42.00,45.00,-3.00,Before
TCGA-A7-A4SE-Tumor,-16,Cycle,Base Deletion,5361512,486.41,41.00,45.00,-4.00,Before
TCGA-A7-A4SE-Tumor,17,Cycle,Base Substitution,5427585,7590.18,29.00,30.12,-1.12,Before
TCGA-A7-A4SE-Tumor,17,Cycle,Base Insertion,5427402,371.11,42.00,45.00,-3.00,Before
TCGA-A7-A4SE-Tumor,17,Cycle,Base Deletion,5427402,455.09,41.00,45.00,-4.00,Before
TCGA-A7-A4SE-Tumor,-17,Cycle,Base Substitution,5359243,9054.97,28.00,28.74,-0.74,Before
TCGA-A7-A4SE-Tumor,-17,Cycle,Base Insertion,5358987,360.85,42.00,45.00,-3.00,Before
TCGA-A7-A4SE-Tumor,-17,Cycle,Base Deletion,5358987,475.76,41.00,45.00,-4.00,Before
TCGA-A7-A4SE-Tumor,18,Cycle,Base Substitution,5427510,7140.10,29.00,30.46,-1.46,Before
TCGA-A7-A4SE-Tumor,18,Cycle,Base Insertion,5427277,353.22,42.00,45.00,-3.00,Before
TCGA-A7-A4SE-Tumor,18,Cycle,Base Deletion,5427277,467.30,41.00,45.00,-4.00,Before
TCGA-A7-A4SE-Tumor,-18,Cycle,Base Substitution,5356935,9300.49,28.00,28.55,-0.55,Before
TCGA-A7-A4SE-Tumor,-18,Cycle,Base Insertion,5356580,357.18,42.00,45.00,-3.00,Before
TCGA-A7-A4SE-Tumor,-18,Cycle,Base Deletion,5356580,483.61,41.00,45.00,-4.00,Before
TCGA-A7-A4SE-Tumor,19,Cycle,Base Substitution,5427517,6932.55,29.00,30.51,-1.51,Before
TCGA-A7-A4SE-Tumor,19,Cycle,Base Insertion,5427237,373.38,42.00,45.00,-3.00,Before
TCGA-A7-A4SE-Tumor,19,Cycle,Base Deletion,5427237,482.61,41.00,45.00,-4.00,Before
TCGA-A7-A4SE-Tumor,-19,Cycle,Base Substitution,5355010,8856.77,28.00,28.71,-0.71,Before
TCGA-A7-A4SE-Tumor,-19,Cycle,Base Insertion,5354560,331.47,43.00,45.00,-2.00,Before
TCGA-A7-A4SE-Tumor,-19,Cycle,Base Deletion,5354560,483.38,41.00,45.00,-4.00,Before
TCGA-A7-A4SE-Tumor,20,Cycle,Base Substitution,5426895,7209.03,29.00,30.29,-1.29,Before
TCGA-A7-A4SE-Tumor,20,Cycle,Base Insertion,5426624,348.92,42.00,45.00,-3.00,Before
TCGA-A7-A4SE-Tumor,20,Cycle,Base Deletion,5426624,499.37,41.00,45.00,-4.00,Before
TCGA-A7-A4SE-Tumor,-20,Cycle,Base Substitution,5352757,9117.20,28.00,28.62,-0.62,Before
TCGA-A7-A4SE-Tumor,-20,Cycle,Base Insertion,5352291,379.07,42.00,45.00,-3.00,Before
TCGA-A7-A4SE-Tumor,-20,Cycle,Base Deletion,5352291,477.74,41.00,45.00,-4.00,Before
TCGA-A7-A4SE-Tumor,21,Cycle,Base Substitution,5426550,7527.76,29.00,30.12,-1.12,Before
TCGA-A7-A4SE-Tumor,21,Cycle,Base Insertion,5426292,356.98,42.00,45.00,-3.00,Before
TCGA-A7-A4SE-Tumor,21,Cycle,Base Deletion,5426292,498.24,41.00,45.00,-4.00,Before
TCGA-A7-A4SE-Tumor,-21,Cycle,Base Substitution,5350529,9266.04,28.00,28.61,-0.61,Before
TCGA-A7-A4SE-Tumor,-21,Cycle,Base Insertion,5350076,344.74,42.00,45.00,-3.00,Before
TCGA-A7-A4SE-Tumor,-21,Cycle,Base Deletion,5350076,482.71,41.00,45.00,-4.00,Before
TCGA-A7-A4SE-Tumor,22,Cycle,Base Substitution,5426023,7174.94,29.00,30.35,-1.35,Before
TCGA-A7-A4SE-Tumor,22,Cycle,Base Insertion,5425702,341.26,43.00,45.00,-2.00,Before
TCGA-A7-A4SE-Tumor,22,Cycle,Base Deletion,5425702,495.01,41.00,45.00,-4.00,Before
TCGA-A7-A4SE-Tumor,-22,Cycle,Base Substitution,5348458,8811.54,28.00,28.76,-0.76,Before
TCGA-A7-A4SE-Tumor,-22,Cycle,Base Insertion,5347968,352.86,42.00,45.00,-3.00,Before
TCGA-A7-A4SE-Tumor,-22,Cycle,Base Deletion,5347968,475.27,41.00,45.00,-4.00,Before
TCGA-A7-A4SE-Tumor,23,Cycle,Base Substitution,5424631,8118.15,28.00,29.77,-1.77,Before
TCGA-A7-A4SE-Tumor,23,Cycle,Base Insertion,5424274,338.16,43.00,45.00,-2.00,Before
TCGA-A7-A4SE-Tumor,23,Cycle,Base Deletion,5424274,493.82,41.00,45.00,-4.00,Before
TCGA-A7-A4SE-Tumor,-23,Cycle,Base Substitution,5346378,9700.52,27.00,28.48,-1.48,Before
TCGA-A7-A4SE-Tumor,-23,Cycle,Base Insertion,5345819,334.10,43.00,45.00,-2.00,Before
TCGA-A7-A4SE-Tumor,-23,Cycle,Base Deletion,5345819,485.77,41.00,45.00,-4.00,Before
TCGA-A7-A4SE-Tumor,24,Cycle,Base Substitution,5424957,7297.41,29.00,30.17,-1.17,Before
TCGA-A7-A4SE-Tumor,24,Cycle,Base Insertion,5424553,336.32,43.00,45.00,-2.00,Before
TCGA-A7-A4SE-Tumor,24,Cycle,Base Deletion,5424553,490.99,41.00,45.00,-4.00,Before
TCGA-A7-A4SE-Tumor,-24,Cycle,Base Substitution,5344083,9198.80,28.00,28.66,-0.66,Before
TCGA-A7-A4SE-Tumor,-24,Cycle,Base Insertion,5343445,329.51,43.00,45.00,-2.00,Before
TCGA-A7-A4SE-Tumor,-24,Cycle,Base Deletion,5343445,480.13,41.00,45.00,-4.00,Before
TCGA-A7-A4SE-Tumor,25,Cycle,Base Substitution,5423781,8011.23,28.00,29.65,-1.65,Before
TCGA-A7-A4SE-Tumor,25,Cycle,Base Insertion,5423382,351.91,42.00,45.00,-3.00,Before
TCGA-A7-A4SE-Tumor,25,Cycle,Base Deletion,5423382,482.86,41.00,45.00,-4.00,Before
TCGA-A7-A4SE-Tumor,-25,Cycle,Base Substitution,5341856,9252.40,28.00,28.72,-0.72,Before
TCGA-A7-A4SE-Tumor,-25,Cycle,Base Insertion,5341197,328.87,43.00,45.00,-2.00,Before
TCGA-A7-A4SE-Tumor,-25,Cycle,Base Deletion,5341197,472.05,41.00,45.00,-4.00,Before
TCGA-A7-A4SE-Tumor,26,Cycle,Base Substitution,5421768,8187.50,28.00,29.38,-1.38,Before
TCGA-A7-A4SE-Tumor,26,Cycle,Base Insertion,5421367,347.57,42.00,45.00,-3.00,Before
TCGA-A7-A4SE-Tumor,26,Cycle,Base Deletion,5421367,486.25,41.00,45.00,-4.00,Before
TCGA-A7-A4SE-Tumor,-26,Cycle,Base Substitution,5339123,10167.09,27.00,28.07,-1.07,Before
TCGA-A7-A4SE-Tumor,-26,Cycle,Base Insertion,5338442,344.37,42.00,45.00,-3.00,Before
TCGA-A7-A4SE-Tumor,-26,Cycle,Base Deletion,5338442,472.68,41.00,45.00,-4.00,Before
TCGA-A7-A4SE-Tumor,27,Cycle,Base Substitution,5420607,8944.72,28.00,29.00,-1.00,Before
TCGA-A7-A4SE-Tumor,27,Cycle,Base Insertion,5420174,392.84,42.00,45.00,-3.00,Before
TCGA-A7-A4SE-Tumor,27,Cycle,Base Deletion,5420174,493.16,41.00,45.00,-4.00,Before
TCGA-A7-A4SE-Tumor,-27,Cycle,Base Substitution,5333850,11480.91,27.00,27.51,-0.51,Before
TCGA-A7-A4SE-Tumor,-27,Cycle,Base Insertion,5333136,365.91,42.00,45.00,-3.00,Before
TCGA-A7-A4SE-Tumor,-27,Cycle,Base Deletion,5333136,480.10,41.00,45.00,-4.00,Before
TCGA-A7-A4SE-Tumor,28,Cycle,Base Substitution,5419666,9517.36,28.00,28.69,-0.69,Before
TCGA-A7-A4SE-Tumor,28,Cycle,Base Insertion,5419215,322.09,43.00,45.00,-2.00,Before
TCGA-A7-A4SE-Tumor,28,Cycle,Base Deletion,5419215,477.60,41.00,45.00,-4.00,Before
TCGA-A7-A4SE-Tumor,-28,Cycle,Base Substitution,5334235,9375.55,28.00,28.51,-0.51,Before
TCGA-A7-A4SE-Tumor,-28,Cycle,Base Insertion,5333476,307.61,43.00,45.00,-2.00,Before
TCGA-A7-A4SE-Tumor,-28,Cycle,Base Deletion,5333476,486.12,41.00,45.00,-4.00,Before
TCGA-A7-A4SE-Tumor,29,Cycle,Base Substitution,5418634,8236.00,28.00,29.35,-1.35,Before
TCGA-A7-A4SE-Tumor,29,Cycle,Base Insertion,5418145,330.91,43.00,45.00,-2.00,Before
TCGA-A7-A4SE-Tumor,29,Cycle,Base Deletion,5418145,463.63,41.00,45.00,-4.00,Before
TCGA-A7-A4SE-Tumor,-29,Cycle,Base Substitution,5330470,9554.78,27.00,28.34,-1.34,Before
TCGA-A7-A4SE-Tumor,-29,Cycle,Base Insertion,5329703,310.28,43.00,45.00,-2.00,Before
TCGA-A7-A4SE-Tumor,-29,Cycle,Base Deletion,5329703,466.76,41.00,45.00,-4.00,Before
TCGA-A7-A4SE-Tumor,30,Cycle,Base Substitution,5417651,8263.06,28.00,29.38,-1.38,Before
TCGA-A7-A4SE-Tumor,30,Cycle,Base Insertion,5417126,337.30,43.00,45.00,-2.00,Before
TCGA-A7-A4SE-Tumor,30,Cycle,Base Deletion,5417126,466.66,41.00,45.00,-4.00,Before
TCGA-A7-A4SE-Tumor,-30,Cycle,Base Substitution,5328231,9714.67,27.00,28.25,-1.25,Before
TCGA-A7-A4SE-Tumor,-30,Cycle,Base Insertion,5327453,330.09,43.00,45.00,-2.00,Before
TCGA-A7-A4SE-Tumor,-30,Cycle,Base Deletion,5327453,457.81,41.00,45.00,-4.00,Before
TCGA-A7-A4SE-Tumor,31,Cycle,Base Substitution,5416572,8542.50,28.00,29.31,-1.31,Before
TCGA-A7-A4SE-Tumor,31,Cycle,Base Insertion,5416066,315.79,43.00,45.00,-2.00,Before
TCGA-A7-A4SE-Tumor,31,Cycle,Base Deletion,5416066,463.47,41.00,45.00,-4.00,Before
TCGA-A7-A4SE-Tumor,-31,Cycle,Base Substitution,5325478,9686.35,27.00,28.47,-1.47,Before
TCGA-A7-A4SE-Tumor,-31,Cycle,Base Insertion,5324704,326.51,43.00,45.00,-2.00,Before
TCGA-A7-A4SE-Tumor,-31,Cycle,Base Deletion,5324704,447.51,41.00,45.00,-4.00,Before
TCGA-A7-A4SE-Tumor,32,Cycle,Base Substitution,5415106,8307.33,28.00,29.20,-1.20,Before
TCGA-A7-A4SE-Tumor,32,Cycle,Base Insertion,5414599,317.62,43.00,45.00,-2.00,Before
TCGA-A7-A4SE-Tumor,32,Cycle,Base Deletion,5414599,469.28,41.00,45.00,-4.00,Before
TCGA-A7-A4SE-Tumor,-32,Cycle,Base Substitution,5322391,9259.81,28.00,28.46,-0.46,Before
TCGA-A7-A4SE-Tumor,-32,Cycle,Base Insertion,5321631,312.93,43.00,45.00,-2.00,Before
TCGA-A7-A4SE-Tumor,-32,Cycle,Base Deletion,5321631,452.99,41.00,45.00,-4.00,Before
TCGA-A7-A4SE-Tumor,33,Cycle,Base Substitution,5414066,9317.38,28.00,28.71,-0.71,Before
TCGA-A7-A4SE-Tumor,33,Cycle,Base Insertion,5413556,335.84,43.00,45.00,-2.00,Before
TCGA-A7-A4SE-Tumor,33,Cycle,Base Deletion,5413556,455.20,41.00,45.00,-4.00,Before
TCGA-A7-A4SE-Tumor,-33,Cycle,Base Substitution,5319175,9532.46,27.00,28.31,-1.31,Before
TCGA-A7-A4SE-Tumor,-33,Cycle,Base Insertion,5318405,304.94,43.00,45.00,-2.00,Before
TCGA-A7-A4SE-Tumor,-33,Cycle,Base Deletion,5318405,450.77,41.00,45.00,-4.00,Before
TCGA-A7-A4SE-Tumor,34,Cycle,Base Substitution,5412740,8334.95,28.00,29.07,-1.07,Before
TCGA-A7-A4SE-Tumor,34,Cycle,Base Insertion,5412252,328.82,43.00,45.00,-2.00,Before
TCGA-A7-A4SE-Tumor,34,Cycle,Base Deletion,5412252,454.14,41.00,45.00,-4.00,Before
TCGA-A7-A4SE-Tumor,-34,Cycle,Base Substitution,5315527,9321.77,28.00,28.33,-0.33,Before
TCGA-A7-A4SE-Tumor,-34,Cycle,Base Insertion,5314755,292.40,43.00,45.00,-2.00,Before
TCGA-A7-A4SE-Tumor,-34,Cycle,Base Deletion,5314755,445.74,41.00,45.00,-4.00,Before
TCGA-A7-A4SE-Tumor,35,Cycle,Base Substitution,5411250,8441.95,28.00,29.13,-1.13,Before
TCGA-A7-A4SE-Tumor,35,Cycle,Base Insertion,5410751,352.71,42.00,45.00,-3.00,Before
TCGA-A7-A4SE-Tumor,35,Cycle,Base Deletion,5410751,452.65,41.00,45.00,-4.00,Before
TCGA-A7-A4SE-Tumor,-35,Cycle,Base Substitution,5312443,9442.02,28.00,28.37,-0.37,Before
TCGA-A7-A4SE-Tumor,-35,Cycle,Base Insertion,5311631,323.55,43.00,45.00,-2.00,Before
TCGA-A7-A4SE-Tumor,-35,Cycle,Base Deletion,5311631,436.73,41.00,45.00,-4.00,Before
TCGA-A7-A4SE-Tumor,36,Cycle,Base Substitution,5409651,9004.21,28.00,28.91,-0.91,Before
TCGA-A7-A4SE-Tumor,36,Cycle,Base Insertion,5409134,338.69,43.00,45.00,-2.00,Before
TCGA-A7-A4SE-Tumor,36,Cycle,Base Deletion,5409134,457.41,41.00,45.00,-4.00,Before
TCGA-A7-A4SE-Tumor,-36,Cycle,Base Substitution,5308357,9672.16,27.00,28.16,-1.16,Before
TCGA-A7-A4SE-Tumor,-36,Cycle,Base Insertion,5307526,301.25,43.00,45.00,-2.00,Before
TCGA-A7-A4SE-Tumor,-36,Cycle,Base Deletion,5307526,443.37,41.00,45.00,-4.00,Before
TCGA-A7-A4SE-Tumor,37,Cycle,Base Substitution,5408028,8490.77,28.00,29.03,-1.03,Before
TCGA-A7-A4SE-Tumor,37,Cycle,Base Insertion,5407485,331.43,43.00,45.00,-2.00,Before
TCGA-A7-A4SE-Tumor,37,Cycle,Base Deletion,5407485,427.14,42.00,45.00,-3.00,Before
TCGA-A7-A4SE-Tumor,-37,Cycle,Base Substitution,5304600,10399.77,27.00,27.87,-0.87,Before
TCGA-A7-A4SE-Tumor,-37,Cycle,Base Insertion,5303757,313.93,43.00,45.00,-2.00,Before
TCGA-A7-A4SE-Tumor,-37,Cycle,Base Deletion,5303757,432.33,42.00,45.00,-3.00,Before
TCGA-A7-A4SE-Tumor,38,Cycle,Base Substitution,5406452,8519.90,28.00,29.06,-1.06,Before
TCGA-A7-A4SE-Tumor,38,Cycle,Base Insertion,5405874,357.58,42.00,45.00,-3.00,Before
TCGA-A7-A4SE-Tumor,38,Cycle,Base Deletion,5405874,439.91,42.00,45.00,-3.00,Before
TCGA-A7-A4SE-Tumor,-38,Cycle,Base Substitution,5301145,9591.02,27.00,28.26,-1.26,Before
TCGA-A7-A4SE-Tumor,-38,Cycle,Base Insertion,5300338,315.76,43.00,45.00,-2.00,Before
TCGA-A7-A4SE-Tumor,-38,Cycle,Base Deletion,5300338,434.98,42.00,45.00,-3.00,Before
TCGA-A7-A4SE-Tumor,39,Cycle,Base Substitution,5405418,8011.45,28.00,29.42,-1.42,Before
TCGA-A7-A4SE-Tumor,39,Cycle,Base Insertion,5404830,347.82,42.00,45.00,-3.00,Before
TCGA-A7-A4SE-Tumor,39,Cycle,Base Deletion,5404830,448.69,41.00,45.00,-4.00,Before
TCGA-A7-A4SE-Tumor,-39,Cycle,Base Substitution,5296862,10569.45,27.00,27.67,-0.67,Before
TCGA-A7-A4SE-Tumor,-39,Cycle,Base Insertion,5296052,306.82,43.00,45.00,-2.00,Before
TCGA-A7-A4SE-Tumor,-39,Cycle,Base Deletion,5296052,446.25,41.00,45.00,-4.00,Before
TCGA-A7-A4SE-Tumor,40,Cycle,Base Substitution,5404258,8101.89,28.00,29.33,-1.33,Before
TCGA-A7-A4SE-Tumor,40,Cycle,Base Insertion,5403666,345.47,43.00,45.00,-2.00,Before
TCGA-A7-A4SE-Tumor,40,Cycle,Base Deletion,5403666,454.26,41.00,45.00,-4.00,Before
TCGA-A7-A4SE-Tumor,-40,Cycle,Base Substitution,5294690,9492.18,27.00,28.42,-1.42,Before
TCGA-A7-A4SE-Tumor,-40,Cycle,Base Insertion,5293865,304.93,43.00,45.00,-2.00,Before
TCGA-A7-A4SE-Tumor,-40,Cycle,Base Deletion,5293865,423.37,42.00,45.00,-3.00,Before
TCGA-A7-A4SE-Tumor,41,Cycle,Base Substitution,5401994,8771.93,28.00,29.12,-1.12,Before
TCGA-A7-A4SE-Tumor,41,Cycle,Base Insertion,5401400,344.67,43.00,45.00,-2.00,Before
TCGA-A7-A4SE-Tumor,41,Cycle,Base Deletion,5401400,449.52,41.00,45.00,-4.00,Before
TCGA-A7-A4SE-Tumor,-41,Cycle,Base Substitution,5290827,9206.22,28.00,28.67,-0.67,Before
TCGA-A7-A4SE-Tumor,-41,Cycle,Base Insertion,5290008,293.27,43.00,45.00,-2.00,Before
TCGA-A7-A4SE-Tumor,-41,Cycle,Base Deletion,5290008,422.54,42.00,45.00,-3.00,Before
TCGA-A7-A4SE-Tumor,42,Cycle,Base Substitution,5400467,8612.51,28.00,29.14,-1.14,Before
TCGA-A7-A4SE-Tumor,42,Cycle,Base Insertion,5399849,304.46,43.00,45.00,-2.00,Before
TCGA-A7-A4SE-Tumor,42,Cycle,Base Deletion,5399849,467.26,41.00,45.00,-4.00,Before
TCGA-A7-A4SE-Tumor,-42,Cycle,Base Substitution,5287064,8971.25,28.00,28.72,-0.72,Before
TCGA-A7-A4SE-Tumor,-42,Cycle,Base Insertion,5286255,291.46,43.00,45.00,-2.00,Before
TCGA-A7-A4SE-Tumor,-42,Cycle,Base Deletion,5286255,421.25,42.00,45.00,-3.00,Before
TCGA-A7-A4SE-Tumor,43,Cycle,Base Substitution,5398195,8358.44,28.00,29.29,-1.29,Before
TCGA-A7-A4SE-Tumor,43,Cycle,Base Insertion,5397588,296.95,43.00,45.00,-2.00,Before
TCGA-A7-A4SE-Tumor,43,Cycle,Base Deletion,5397588,461.60,41.00,45.00,-4.00,Before
TCGA-A7-A4SE-Tumor,-43,Cycle,Base Substitution,5282897,8835.99,28.00,28.74,-0.74,Before
TCGA-A7-A4SE-Tumor,-43,Cycle,Base Insertion,5282093,283.92,43.00,45.00,-2.00,Before
TCGA-A7-A4SE-Tumor,-43,Cycle,Base Deletion,5282093,424.35,42.00,45.00,-3.00,Before
TCGA-A7-A4SE-Tumor,44,Cycle,Base Substitution,5395952,8270.13,28.00,29.16,-1.16,Before
TCGA-A7-A4SE-Tumor,44,Cycle,Base Insertion,5395352,343.58,43.00,45.00,-2.00,Before
TCGA-A7-A4SE-Tumor,44,Cycle,Base Deletion,5395352,457.99,41.00,45.00,-4.00,Before
TCGA-A7-A4SE-Tumor,-44,Cycle,Base Substitution,5278699,8901.06,28.00,28.76,-0.76,Before
TCGA-A7-A4SE-Tumor,-44,Cycle,Base Insertion,5277911,285.26,43.00,45.00,-2.00,Before
TCGA-A7-A4SE-Tumor,-44,Cycle,Base Deletion,5277911,419.31,42.00,45.00,-3.00,Before
TCGA-A7-A4SE-Tumor,45,Cycle,Base Substitution,5393420,8732.21,28.00,29.02,-1.02,Before
TCGA-A7-A4SE-Tumor,45,Cycle,Base Insertion,5392784,313.16,43.00,45.00,-2.00,Before
TCGA-A7-A4SE-Tumor,45,Cycle,Base Deletion,5392784,458.90,41.00,45.00,-4.00,Before
TCGA-A7-A4SE-Tumor,-45,Cycle,Base Substitution,5275200,8921.54,28.00,28.85,-0.85,Before
TCGA-A7-A4SE-Tumor,-45,Cycle,Base Insertion,5274382,295.82,43.00,45.00,-2.00,Before
TCGA-A7-A4SE-Tumor,-45,Cycle,Base Deletion,5274382,425.45,42.00,45.00,-3.00,Before
TCGA-A7-A4SE-Tumor,46,Cycle,Base Substitution,5391687,8664.33,28.00,29.15,-1.15,Before
TCGA-A7-A4SE-Tumor,46,Cycle,Base Insertion,5391079,311.99,43.00,45.00,-2.00,Before
TCGA-A7-A4SE-Tumor,46,Cycle,Base Deletion,5391079,467.89,41.00,45.00,-4.00,Before
TCGA-A7-A4SE-Tumor,-46,Cycle,Base Substitution,5270194,8952.44,28.00,28.94,-0.94,Before
TCGA-A7-A4SE-Tumor,-46,Cycle,Base Insertion,5269354,265.45,43.00,45.00,-2.00,Before
TCGA-A7-A4SE-Tumor,-46,Cycle,Base Deletion,5269354,416.50,42.00,45.00,-3.00,Before
TCGA-A7-A4SE-Tumor,47,Cycle,Base Substitution,5389392,8868.19,28.00,29.02,-1.02,Before
TCGA-A7-A4SE-Tumor,47,Cycle,Base Insertion,5388752,284.11,43.00,45.00,-2.00,Before
TCGA-A7-A4SE-Tumor,47,Cycle,Base Deletion,5388752,462.75,41.00,45.00,-4.00,Before
TCGA-A7-A4SE-Tumor,-47,Cycle,Base Substitution,5265568,8811.95,28.00,28.93,-0.93,Before
TCGA-A7-A4SE-Tumor,-47,Cycle,Base Insertion,5264688,279.62,43.00,45.00,-2.00,Before
TCGA-A7-A4SE-Tumor,-47,Cycle,Base Deletion,5264688,415.75,42.00,45.00,-3.00,Before
TCGA-A7-A4SE-Tumor,48,Cycle,Base Substitution,5387020,8831.53,28.00,28.97,-0.97,Before
TCGA-A7-A4SE-Tumor,48,Cycle,Base Insertion,5386298,287.41,43.00,45.00,-2.00,Before
TCGA-A7-A4SE-Tumor,48,Cycle,Base Deletion,5386298,453.29,41.00,45.00,-4.00,Before
TCGA-A7-A4SE-Tumor,-48,Cycle,Base Substitution,5260931,8907.22,28.00,28.91,-0.91,Before
TCGA-A7-A4SE-Tumor,-48,Cycle,Base Insertion,5260044,259.40,44.00,45.00,-1.00,Before
TCGA-A7-A4SE-Tumor,-48,Cycle,Base Deletion,5260044,402.76,42.00,45.00,-3.00,Before
TCGA-A7-A4SE-Tumor,49,Cycle,Base Substitution,5384764,8745.41,28.00,28.98,-0.98,Before
TCGA-A7-A4SE-Tumor,49,Cycle,Base Insertion,5384019,299.67,43.00,45.00,-2.00,Before
TCGA-A7-A4SE-Tumor,49,Cycle,Base Deletion,5384019,454.40,41.00,45.00,-4.00,Before
TCGA-A7-A4SE-Tumor,-49,Cycle,Base Substitution,5255547,11076.06,27.00,27.89,-0.89,Before
TCGA-A7-A4SE-Tumor,-49,Cycle,Base Insertion,5254645,295.96,43.00,45.00,-2.00,Before
TCGA-A7-A4SE-Tumor,-49,Cycle,Base Deletion,5254645,403.76,42.00,45.00,-3.00,Before
TCGA-A7-A4SE-Tumor,50,Cycle,Base Substitution,5382526,8793.17,28.00,29.16,-1.16,Before
TCGA-A7-A4SE-Tumor,50,Cycle,Base Insertion,5381745,297.34,43.00,45.00,-2.00,Before
TCGA-A7-A4SE-Tumor,50,Cycle,Base Deletion,5381745,453.41,41.00,45.00,-4.00,Before
TCGA-A7-A4SE-Tumor,-50,Cycle,Base Substitution,5251231,8737.42,28.00,28.89,-0.89,Before
TCGA-A7-A4SE-Tumor,-50,Cycle,Base Insertion,5250304,288.02,43.00,45.00,-2.00,Before
TCGA-A7-A4SE-Tumor,-50,Cycle,Base Deletion,5250304,398.50,42.00,45.00,-3.00,Before
TCGA-A7-A4SE-Tumor,51,Cycle,Base Substitution,5379926,8575.27,28.00,29.20,-1.20,Before
TCGA-A7-A4SE-Tumor,51,Cycle,Base Insertion,5379040,314.00,43.00,45.00,-2.00,Before
TCGA-A7-A4SE-Tumor,51,Cycle,Base Deletion,5379040,444.56,41.00,45.00,-4.00,Before
TCGA-A7-A4SE-Tumor,-51,Cycle,Base Substitution,5246775,8716.02,28.00,28.86,-0.86,Before
TCGA-A7-A4SE-Tumor,-51,Cycle,Base Insertion,5245765,294.26,43.00,45.00,-2.00,Before
TCGA-A7-A4SE-Tumor,-51,Cycle,Base Deletion,5245765,407.72,42.00,45.00,-3.00,Before
TCGA-A7-A4SE-Tumor,52,Cycle,Base Substitution,5378672,8303.20,28.00,29.63,-1.63,Before
TCGA-A7-A4SE-Tumor,52,Cycle,Base Insertion,5377688,305.47,43.00,45.00,-2.00,Before
TCGA-A7-A4SE-Tumor,52,Cycle,Base Deletion,5377688,446.65,41.00,45.00,-4.00,Before
TCGA-A7-A4SE-Tumor,-52,Cycle,Base Substitution,5243131,8541.19,28.00,28.87,-0.87,Before
TCGA-A7-A4SE-Tumor,-52,Cycle,Base Insertion,5242023,292.07,43.00,45.00,-2.00,Before
TCGA-A7-A4SE-Tumor,-52,Cycle,Base Deletion,5242023,409.15,42.00,45.00,-3.00,Before
TCGA-A7-A4SE-Tumor,53,Cycle,Base Substitution,5376298,8009.78,28.00,29.71,-1.71,Before
TCGA-A7-A4SE-Tumor,53,Cycle,Base Insertion,5375199,299.92,43.00,45.00,-2.00,Before
TCGA-A7-A4SE-Tumor,53,Cycle,Base Deletion,5375199,451.63,41.00,45.00,-4.00,Before
TCGA-A7-A4SE-Tumor,-53,Cycle,Base Substitution,5240137,8379.93,28.00,28.99,-0.99,Before
TCGA-A7-A4SE-Tumor,-53,Cycle,Base Insertion,5238960,282.20,43.00,45.00,-2.00,Before
TCGA-A7-A4SE-Tumor,-53,Cycle,Base Deletion,5238960,417.01,42.00,45.00,-3.00,Before
TCGA-A7-A4SE-Tumor,54,Cycle,Base Substitution,5373896,8792.83,28.00,29.36,-1.36,Before
TCGA-A7-A4SE-Tumor,54,Cycle,Base Insertion,5372735,296.26,43.00,45.00,-2.00,Before
TCGA-A7-A4SE-Tumor,54,Cycle,Base Deletion,5372735,452.60,41.00,45.00,-4.00,Before
TCGA-A7-A4SE-Tumor,-54,Cycle,Base Substitution,5235647,8472.15,28.00,29.07,-1.07,Before
TCGA-A7-A4SE-Tumor,-54,Cycle,Base Insertion,5234380,269.47,43.00,45.00,-2.00,Before
TCGA-A7-A4SE-Tumor,-54,Cycle,Base Deletion,5234380,421.88,42.00,45.00,-3.00,Before
TCGA-A7-A4SE-Tumor,55,Cycle,Base Substitution,5370587,8742.73,28.00,29.46,-1.46,Before
TCGA-A7-A4SE-Tumor,55,Cycle,Base Insertion,5369348,273.91,43.00,45.00,-2.00,Before
TCGA-A7-A4SE-Tumor,55,Cycle,Base Deletion,5369348,439.50,42.00,45.00,-3.00,Before
TCGA-A7-A4SE-Tumor,-55,Cycle,Base Substitution,5231236,8589.62,28.00,29.04,-1.04,Before
TCGA-A7-A4SE-Tumor,-55,Cycle,Base Insertion,5229966,277.00,43.00,45.00,-2.00,Before
TCGA-A7-A4SE-Tumor,-55,Cycle,Base Deletion,5229966,423.64,42.00,45.00,-3.00,Before
TCGA-A7-A4SE-Tumor,56,Cycle,Base Substitution,5366689,8459.96,28.00,29.63,-1.63,Before
TCGA-A7-A4SE-Tumor,56,Cycle,Base Insertion,5365514,295.09,43.00,45.00,-2.00,Before
TCGA-A7-A4SE-Tumor,56,Cycle,Base Deletion,5365514,441.36,41.00,45.00,-4.00,Before
TCGA-A7-A4SE-Tumor,-56,Cycle,Base Substitution,5226559,8494.64,28.00,29.01,-1.01,Before
TCGA-A7-A4SE-Tumor,-56,Cycle,Base Insertion,5225270,261.08,43.00,45.00,-2.00,Before
TCGA-A7-A4SE-Tumor,-56,Cycle,Base Deletion,5225270,421.21,42.00,45.00,-3.00,Before
TCGA-A7-A4SE-Tumor,57,Cycle,Base Substitution,5364018,8235.10,28.00,29.64,-1.64,Before
TCGA-A7-A4SE-Tumor,57,Cycle,Base Insertion,5362820,298.68,43.00,45.00,-2.00,Before
TCGA-A7-A4SE-Tumor,57,Cycle,Base Deletion,5362820,454.63,41.00,45.00,-4.00,Before
TCGA-A7-A4SE-Tumor,-57,Cycle,Base Substitution,5223395,8453.69,28.00,29.29,-1.29,Before
TCGA-A7-A4SE-Tumor,-57,Cycle,Base Insertion,5222018,293.06,43.00,45.00,-2.00,Before
TCGA-A7-A4SE-Tumor,-57,Cycle,Base Deletion,5222018,420.76,42.00,45.00,-3.00,Before
TCGA-A7-A4SE-Tumor,58,Cycle,Base Substitution,5361405,8330.67,28.00,29.64,-1.64,Before
TCGA-A7-A4SE-Tumor,58,Cycle,Base Insertion,5360126,299.66,43.00,45.00,-2.00,Before
TCGA-A7-A4SE-Tumor,58,Cycle,Base Deletion,5360126,444.50,41.00,45.00,-4.00,Before
TCGA-A7-A4SE-Tumor,-58,Cycle,Base Substitution,5219225,8132.96,28.00,29.61,-1.61,Before
TCGA-A7-A4SE-Tumor,-58,Cycle,Base Insertion,5217855,301.79,43.00,45.00,-2.00,Before
TCGA-A7-A4SE-Tumor,-58,Cycle,Base Deletion,5217855,425.79,42.00,45.00,-3.00,Before
TCGA-A7-A4SE-Tumor,59,Cycle,Base Substitution,5357571,8116.94,28.00,29.67,-1.67,Before
TCGA-A7-A4SE-Tumor,59,Cycle,Base Insertion,5356254,305.97,43.00,45.00,-2.00,Before
TCGA-A7-A4SE-Tumor,59,Cycle,Base Deletion,5356254,446.53,41.00,45.00,-4.00,Before
TCGA-A7-A4SE-Tumor,-59,Cycle,Base Substitution,5214659,7935.38,28.00,29.58,-1.58,Before
TCGA-A7-A4SE-Tumor,-59,Cycle,Base Insertion,5213221,291.21,43.00,45.00,-2.00,Before
TCGA-A7-A4SE-Tumor,-59,Cycle,Base Deletion,5213221,431.91,41.00,45.00,-4.00,Before
TCGA-A7-A4SE-Tumor,60,Cycle,Base Substitution,5353766,8541.73,28.00,29.56,-1.56,Before
TCGA-A7-A4SE-Tumor,60,Cycle,Base Insertion,5352399,296.30,43.00,45.00,-2.00,Before
TCGA-A7-A4SE-Tumor,60,Cycle,Base Deletion,5352399,436.66,42.00,45.00,-3.00,Before
TCGA-A7-A4SE-Tumor,-60,Cycle,Base Substitution,5209743,8017.76,28.00,29.66,-1.66,Before
TCGA-A7-A4SE-Tumor,-60,Cycle,Base Insertion,5208223,261.19,43.00,45.00,-2.00,Before
TCGA-A7-A4SE-Tumor,-60,Cycle,Base Deletion,5208223,411.90,42.00,45.00,-3.00,Before
TCGA-A7-A4SE-Tumor,61,Cycle,Base Substitution,5351530,8274.08,28.00,29.63,-1.63,Before
TCGA-A7-A4SE-Tumor,61,Cycle,Base Insertion,5350077,300.99,43.00,45.00,-2.00,Before
TCGA-A7-A4SE-Tumor,61,Cycle,Base Deletion,5350077,442.21,41.00,45.00,-4.00,Before
TCGA-A7-A4SE-Tumor,-61,Cycle,Base Substitution,5204768,8148.31,28.00,29.66,-1.66,Before
TCGA-A7-A4SE-Tumor,-61,Cycle,Base Insertion,5203177,266.44,43.00,45.00,-2.00,Before
TCGA-A7-A4SE-Tumor,-61,Cycle,Base Deletion,5203177,409.22,42.00,45.00,-3.00,Before
TCGA-A7-A4SE-Tumor,62,Cycle,Base Substitution,5348001,8372.16,28.00,29.68,-1.68,Before
TCGA-A7-A4SE-Tumor,62,Cycle,Base Insertion,5346506,288.86,43.00,45.00,-2.00,Before
TCGA-A7-A4SE-Tumor,62,Cycle,Base Deletion,5346506,440.69,41.00,45.00,-4.00,Before
TCGA-A7-A4SE-Tumor,-62,Cycle,Base Substitution,5199237,8272.66,28.00,29.58,-1.58,Before
TCGA-A7-A4SE-Tumor,-62,Cycle,Base Insertion,5197565,260.97,43.00,45.00,-2.00,Before
TCGA-A7-A4SE-Tumor,-62,Cycle,Base Deletion,5197565,409.83,42.00,45.00,-3.00,Before
TCGA-A7-A4SE-Tumor,63,Cycle,Base Substitution,5343946,8289.69,28.00,29.64,-1.64,Before
TCGA-A7-A4SE-Tumor,63,Cycle,Base Insertion,5342350,291.29,43.00,45.00,-2.00,Before
TCGA-A7-A4SE-Tumor,63,Cycle,Base Deletion,5342350,440.99,41.00,45.00,-4.00,Before
TCGA-A7-A4SE-Tumor,-63,Cycle,Base Substitution,5193747,8790.95,28.00,29.40,-1.40,Before
TCGA-A7-A4SE-Tumor,-63,Cycle,Base Insertion,5191995,276.08,43.00,45.00,-2.00,Before
TCGA-A7-A4SE-Tumor,-63,Cycle,Base Deletion,5191995,410.44,42.00,45.00,-3.00,Before
TCGA-A7-A4SE-Tumor,64,Cycle,Base Substitution,5340710,8076.64,28.00,29.73,-1.73,Before
TCGA-A7-A4SE-Tumor,64,Cycle,Base Insertion,5339002,290.08,43.00,45.00,-2.00,Before
TCGA-A7-A4SE-Tumor,64,Cycle,Base Deletion,5339002,432.16,42.00,45.00,-3.00,Before
TCGA-A7-A4SE-Tumor,-64,Cycle,Base Substitution,5188508,7921.91,28.00,29.74,-1.74,Before
TCGA-A7-A4SE-Tumor,-64,Cycle,Base Insertion,5186709,264.85,43.00,45.00,-2.00,Before
TCGA-A7-A4SE-Tumor,-64,Cycle,Base Deletion,5186709,406.72,42.00,45.00,-3.00,Before
TCGA-A7-A4SE-Tumor,65,Cycle,Base Substitution,5337077,8214.06,28.00,29.65,-1.65,Before
TCGA-A7-A4SE-Tumor,65,Cycle,Base Insertion,5335325,296.59,43.00,45.00,-2.00,Before
TCGA-A7-A4SE-Tumor,65,Cycle,Base Deletion,5335325,428.39,42.00,45.00,-3.00,Before
TCGA-A7-A4SE-Tumor,-65,Cycle,Base Substitution,5182394,8085.28,28.00,29.68,-1.68,Before
TCGA-A7-A4SE-Tumor,-65,Cycle,Base Insertion,5180511,266.62,43.00,45.00,-2.00,Before
TCGA-A7-A4SE-Tumor,-65,Cycle,Base Deletion,5180511,403.96,42.00,45.00,-3.00,Before
TCGA-A7-A4SE-Tumor,66,Cycle,Base Substitution,5332425,8722.76,28.00,29.54,-1.54,Before
TCGA-A7-A4SE-Tumor,66,Cycle,Base Insertion,5330531,301.21,43.00,45.00,-2.00,Before
TCGA-A7-A4SE-Tumor,66,Cycle,Base Deletion,5330531,427.12,42.00,45.00,-3.00,Before
TCGA-A7-A4SE-Tumor,-66,Cycle,Base Substitution,5177053,7937.49,28.00,29.72,-1.72,Before
TCGA-A7-A4SE-Tumor,-66,Cycle,Base Insertion,5175039,248.14,44.00,45.00,-1.00,Before
TCGA-A7-A4SE-Tumor,-66,Cycle,Base Deletion,5175039,401.88,42.00,45.00,-3.00,Before
TCGA-A7-A4SE-Tumor,67,Cycle,Base Substitution,5328227,8408.91,28.00,29.68,-1.68,Before
TCGA-A7-A4SE-Tumor,67,Cycle,Base Insertion,5326249,273.35,43.00,45.00,-2.00,Before
TCGA-A7-A4SE-Tumor,67,Cycle,Base Deletion,5326249,428.44,42.00,45.00,-3.00,Before
TCGA-A7-A4SE-Tumor,-67,Cycle,Base Substitution,5171032,7706.02,28.00,29.77,-1.77,Before
TCGA-A7-A4SE-Tumor,-67,Cycle,Base Insertion,5168882,282.81,43.00,45.00,-2.00,Before
TCGA-A7-A4SE-Tumor,-67,Cycle,Base Deletion,5168882,395.13,42.00,45.00,-3.00,Before
TCGA-A7-A4SE-Tumor,68,Cycle,Base Substitution,5323877,8709.37,28.00,29.60,-1.60,Before
TCGA-A7-A4SE-Tumor,68,Cycle,Base Insertion,5321781,264.50,43.00,45.00,-2.00,Before
TCGA-A7-A4SE-Tumor,68,Cycle,Base Deletion,5321781,416.93,42.00,45.00,-3.00,Before
TCGA-A7-A4SE-Tumor,-68,Cycle,Base Substitution,5165096,7912.48,28.00,29.83,-1.83,Before
TCGA-A7-A4SE-Tumor,-68,Cycle,Base Insertion,5162820,269.77,43.00,45.00,-2.00,Before
TCGA-A7-A4SE-Tumor,-68,Cycle,Base Deletion,5162820,400.70,42.00,45.00,-3.00,Before
TCGA-A7-A4SE-Tumor,69,Cycle,Base Substitution,5319434,8198.09,28.00,29.65,-1.65,Before
TCGA-A7-A4SE-Tumor,69,Cycle,Base Insertion,5317149,262.33,44.00,45.00,-1.00,Before
TCGA-A7-A4SE-Tumor,69,Cycle,Base Deletion,5317149,410.10,42.00,45.00,-3.00,Before
TCGA-A7-A4SE-Tumor,-69,Cycle,Base Substitution,5157918,7671.43,28.00,29.81,-1.81,Before
TCGA-A7-A4SE-Tumor,-69,Cycle,Base Insertion,5155503,265.16,43.00,45.00,-2.00,Before
TCGA-A7-A4SE-Tumor,-69,Cycle,Base Deletion,5155503,391.75,42.00,45.00,-3.00,Before
TCGA-A7-A4SE-Tumor,70,Cycle,Base Substitution,5315034,8413.28,28.00,29.67,-1.67,Before
TCGA-A7-A4SE-Tumor,70,Cycle,Base Insertion,5312635,278.73,43.00,45.00,-2.00,Before
TCGA-A7-A4SE-Tumor,70,Cycle,Base Deletion,5312635,410.71,42.00,45.00,-3.00,Before
TCGA-A7-A4SE-Tumor,-70,Cycle,Base Substitution,5151420,7997.94,28.00,29.75,-1.75,Before
TCGA-A7-A4SE-Tumor,-70,Cycle,Base Insertion,5148879,275.35,43.00,45.00,-2.00,Before
TCGA-A7-A4SE-Tumor,-70,Cycle,Base Deletion,5148879,384.55,42.00,45.00,-3.00,Before
TCGA-A7-A4SE-Tumor,71,Cycle,Base Substitution,5310388,8208.24,28.00,29.70,-1.70,Before
TCGA-A7-A4SE-Tumor,71,Cycle,Base Insertion,5307765,260.90,44.00,45.00,-1.00,Before
TCGA-A7-A4SE-Tumor,71,Cycle,Base Deletion,5307765,406.92,42.00,45.00,-3.00,Before
TCGA-A7-A4SE-Tumor,-71,Cycle,Base Substitution,5145114,8810.30,28.00,29.25,-1.25,Before
TCGA-A7-A4SE-Tumor,-71,Cycle,Base Insertion,5142364,253.28,44.00,45.00,-1.00,Before
TCGA-A7-A4SE-Tumor,-71,Cycle,Base Deletion,5142364,371.44,42.00,45.00,-3.00,Before
TCGA-A7-A4SE-Tumor,72,Cycle,Base Substitution,5305399,8192.51,28.00,29.82,-1.82,Before
TCGA-A7-A4SE-Tumor,72,Cycle,Base Insertion,5302497,252.50,44.00,45.00,-1.00,Before
TCGA-A7-A4SE-Tumor,72,Cycle,Base Deletion,5302497,403.79,42.00,45.00,-3.00,Before
TCGA-A7-A4SE-Tumor,-72,Cycle,Base Substitution,5138332,7917.37,28.00,29.69,-1.69,Before
TCGA-A7-A4SE-Tumor,-72,Cycle,Base Insertion,5135235,236.02,44.00,45.00,-1.00,Before
TCGA-A7-A4SE-Tumor,-72,Cycle,Base Deletion,5135235,391.11,42.00,45.00,-3.00,Before
TCGA-A7-A4SE-Tumor,73,Cycle,Base Substitution,5299406,8825.46,28.00,29.58,-1.58,Before
TCGA-A7-A4SE-Tumor,73,Cycle,Base Insertion,5296209,244.95,44.00,45.00,-1.00,Before
TCGA-A7-A4SE-Tumor,73,Cycle,Base Deletion,5296209,402.67,42.00,45.00,-3.00,Before
TCGA-A7-A4SE-Tumor,-73,Cycle,Base Substitution,5130743,10103.41,27.00,28.68,-1.68,Before
TCGA-A7-A4SE-Tumor,-73,Cycle,Base Insertion,5127414,231.58,44.00,45.00,-1.00,Before
TCGA-A7-A4SE-Tumor,-73,Cycle,Base Deletion,5127414,385.36,42.00,45.00,-3.00,Before
TCGA-A7-A4SE-Tumor,74,Cycle,Base Substitution,5295243,8400.45,28.00,29.75,-1.75,Before
TCGA-A7-A4SE-Tumor,74,Cycle,Base Insertion,5291700,257.11,44.00,45.00,-1.00,Before
TCGA-A7-A4SE-Tumor,74,Cycle,Base Deletion,5291700,395.41,42.00,45.00,-3.00,Before
TCGA-A7-A4SE-Tumor,-74,Cycle,Base Substitution,5125180,8143.38,28.00,29.64,-1.64,Before
TCGA-A7-A4SE-Tumor,-74,Cycle,Base Insertion,5121545,253.13,44.00,45.00,-1.00,Before
TCGA-A7-A4SE-Tumor,-74,Cycle,Base Deletion,5121545,365.83,42.00,45.00,-3.00,Before
TCGA-A7-A4SE-Tumor,75,Cycle,Base Substitution,5287984,8196.12,28.00,29.78,-1.78,Before
TCGA-A7-A4SE-Tumor,75,Cycle,Base Insertion,5284149,235.40,44.00,45.00,-1.00,Before
TCGA-A7-A4SE-Tumor,75,Cycle,Base Deletion,5284149,403.63,42.00,45.00,-3.00,Before
TCGA-A7-A4SE-Tumor,-75,Cycle,Base Substitution,5117175,7885.71,28.00,29.71,-1.71,Before
TCGA-A7-A4SE-Tumor,-75,Cycle,Base Insertion,5113226,248.79,44.00,45.00,-1.00,Before
TCGA-A7-A4SE-Tumor,-75,Cycle,Base Deletion,5113226,374.23,42.00,45.00,-3.00,Before
TCGA-A7-A4SE-Tumor,76,Cycle,Base Substitution,5282994,8476.79,28.00,29.49,-1.49,Before
TCGA-A7-A4SE-Tumor,76,Cycle,Base Insertion,5278811,254.52,44.00,45.00,-1.00,Before
TCGA-A7-A4SE-Tumor,76,Cycle,Base Deletion,5278811,407.72,42.00,45.00,-3.00,Before
TCGA-A7-A4SE-Tumor,-76,Cycle,Base Substitution,5110012,7556.05,28.00,29.89,-1.89,Before
TCGA-A7-A4SE-Tumor,-76,Cycle,Base Insertion,5105762,258.95,43.00,45.00,-2.00,Before
TCGA-A7-A4SE-Tumor,-76,Cycle,Base Deletion,5105762,367.76,42.00,45.00,-3.00,Before
TCGA-A7-A4SE-Tumor,77,Cycle,Base Substitution,5279364,7862.94,28.00,29.90,-1.90,Before
TCGA-A7-A4SE-Tumor,77,Cycle,Base Insertion,5274605,268.33,43.00,45.00,-2.00,Before
TCGA-A7-A4SE-Tumor,77,Cycle,Base Deletion,5274605,425.00,42.00,45.00,-3.00,Before
TCGA-A7-A4SE-Tumor,-77,Cycle,Base Substitution,5102275,7723.74,28.00,29.71,-1.71,Before
TCGA-A7-A4SE-Tumor,-77,Cycle,Base Insertion,5097401,238.89,44.00,45.00,-1.00,Before
TCGA-A7-A4SE-Tumor,-77,Cycle,Base Deletion,5097401,382.02,42.00,45.00,-3.00,Before
TCGA-A7-A4SE-Tumor,78,Cycle,Base Substitution,5274237,7942.34,28.00,29.92,-1.92,Before
TCGA-A7-A4SE-Tumor,78,Cycle,Base Insertion,5268975,259.21,44.00,45.00,-1.00,Before
TCGA-A7-A4SE-Tumor,78,Cycle,Base Deletion,5268975,391.17,42.00,45.00,-3.00,Before
TCGA-A7-A4SE-Tumor,-78,Cycle,Base Substitution,5095044,8218.79,28.00,29.60,-1.60,Before
TCGA-A7-A4SE-Tumor,-78,Cycle,Base Insertion,5089681,226.82,44.00,45.00,-1.00,Before
TCGA-A7-A4SE-Tumor,-78,Cycle,Base Deletion,5089681,358.35,42.00,45.00,-3.00,Before
TCGA-A7-A4SE-Tumor,79,Cycle,Base Substitution,5268348,8012.59,28.00,29.93,-1.93,Before
TCGA-A7-A4SE-Tumor,79,Cycle,Base Insertion,5262454,241.17,44.00,45.00,-1.00,Before
TCGA-A7-A4SE-Tumor,79,Cycle,Base Deletion,5262454,378.38,42.00,45.00,-3.00,Before
TCGA-A7-A4SE-Tumor,-79,Cycle,Base Substitution,5086914,8032.55,28.00,29.75,-1.75,Before
TCGA-A7-A4SE-Tumor,-79,Cycle,Base Insertion,5081009,241.69,44.00,45.00,-1.00,Before
TCGA-A7-A4SE-Tumor,-79,Cycle,Base Deletion,5081009,352.86,42.00,45.00,-3.00,Before
TCGA-A7-A4SE-Tumor,80,Cycle,Base Substitution,5262124,8082.84,28.00,29.94,-1.94,Before
TCGA-A7-A4SE-Tumor,80,Cycle,Base Insertion,5255561,235.56,44.00,45.00,-1.00,Before
TCGA-A7-A4SE-Tumor,80,Cycle,Base Deletion,5255561,371.67,42.00,45.00,-3.00,Before
TCGA-A7-A4SE-Tumor,-80,Cycle,Base Substitution,5078058,7938.90,28.00,29.76,-1.76,Before
TCGA-A7-A4SE-Tumor,-80,Cycle,Base Insertion,5071484,250.18,44.00,45.00,-1.00,Before
TCGA-A7-A4SE-Tumor,-80,Cycle,Base Deletion,5071484,337.20,42.00,45.00,-3.00,Before
TCGA-A7-A4SE-Tumor,81,Cycle,Base Substitution,5254609,7954.61,28.00,29.89,-1.89,Before
TCGA-A7-A4SE-Tumor,81,Cycle,Base Insertion,5247569,253.90,44.00,45.00,-1.00,Before
TCGA-A7-A4SE-Tumor,81,Cycle,Base Deletion,5247569,384.03,42.00,45.00,-3.00,Before
TCGA-A7-A4SE-Tumor,-81,Cycle,Base Substitution,5069031,8138.26,28.00,29.63,-1.63,Before
TCGA-A7-A4SE-Tumor,-81,Cycle,Base Insertion,5062005,230.62,44.00,45.00,-1.00,Before
TCGA-A7-A4SE-Tumor,-81,Cycle,Base Deletion,5062005,342.32,42.00,45.00,-3.00,Before
TCGA-A7-A4SE-Tumor,82,Cycle,Base Substitution,5247341,8003.09,28.00,29.95,-1.95,Before
TCGA-A7-A4SE-Tumor,82,Cycle,Base Insertion,5239569,226.53,44.00,45.00,-1.00,Before
TCGA-A7-A4SE-Tumor,82,Cycle,Base Deletion,5239569,359.67,42.00,45.00,-3.00,Before
TCGA-A7-A4SE-Tumor,-82,Cycle,Base Substitution,5059737,7964.74,28.00,29.84,-1.84,Before
TCGA-A7-A4SE-Tumor,-82,Cycle,Base Insertion,5051927,226.08,44.00,45.00,-1.00,Before
TCGA-A7-A4SE-Tumor,-82,Cycle,Base Deletion,5051927,339.71,42.00,45.00,-3.00,Before
TCGA-A7-A4SE-Tumor,83,Cycle,Base Substitution,5239606,7870.53,28.00,29.98,-1.98,Before
TCGA-A7-A4SE-Tumor,83,Cycle,Base Insertion,5231045,225.20,44.00,45.00,-1.00,Before
TCGA-A7-A4SE-Tumor,83,Cycle,Base Deletion,5231045,363.50,42.00,45.00,-3.00,Before
TCGA-A7-A4SE-Tumor,-83,Cycle,Base Substitution,5050259,7824.22,28.00,29.88,-1.88,Before
TCGA-A7-A4SE-Tumor,-83,Cycle,Base Insertion,5041568,226.21,44.00,45.00,-1.00,Before
TCGA-A7-A4SE-Tumor,-83,Cycle,Base Deletion,5041568,332.53,42.00,45.00,-3.00,Before
TCGA-A7-A4SE-Tumor,84,Cycle,Base Substitution,5230871,8019.46,28.00,30.03,-2.03,Before
TCGA-A7-A4SE-Tumor,84,Cycle,Base Insertion,5221390,249.16,44.00,45.00,-1.00,Before
TCGA-A7-A4SE-Tumor,84,Cycle,Base Deletion,5221390,352.29,42.00,45.00,-3.00,Before
TCGA-A7-A4SE-Tumor,-84,Cycle,Base Substitution,5039526,7703.49,28.00,29.94,-1.94,Before
TCGA-A7-A4SE-Tumor,-84,Cycle,Base Insertion,5029904,206.37,44.00,45.00,-1.00,Before
TCGA-A7-A4SE-Tumor,-84,Cycle,Base Deletion,5029904,321.81,43.00,45.00,-2.00,Before
TCGA-A7-A4SE-Tumor,85,Cycle,Base Substitution,5221830,7842.46,28.00,30.01,-2.01,Before
TCGA-A7-A4SE-Tumor,85,Cycle,Base Insertion,5211281,229.99,44.00,45.00,-1.00,Before
TCGA-A7-A4SE-Tumor,85,Cycle,Base Deletion,5211281,344.21,42.00,45.00,-3.00,Before
TCGA-A7-A4SE-Tumor,-85,Cycle,Base Substitution,5028136,7863.80,28.00,29.92,-1.92,Before
TCGA-A7-A4SE-Tumor,-85,Cycle,Base Insertion,5017373,195.96,44.00,45.00,-1.00,Before
TCGA-A7-A4SE-Tumor,-85,Cycle,Base Deletion,5017373,298.02,43.00,45.00,-2.00,Before
TCGA-A7-A4SE-Tumor,86,Cycle,Base Substitution,5212048,7739.04,28.00,30.15,-2.15,Before
TCGA-A7-A4SE-Tumor,86,Cycle,Base Insertion,5200359,202.71,44.00,45.00,-1.00,Before
TCGA-A7-A4SE-Tumor,86,Cycle,Base Deletion,5200359,338.74,42.00,45.00,-3.00,Before
TCGA-A7-A4SE-Tumor,-86,Cycle,Base Substitution,5016215,7568.98,28.00,30.01,-2.01,Before
TCGA-A7-A4SE-Tumor,-86,Cycle,Base Insertion,5004380,204.64,44.00,45.00,-1.00,Before
TCGA-A7-A4SE-Tumor,-86,Cycle,Base Deletion,5004380,286.16,43.00,45.00,-2.00,Before
TCGA-A7-A4SE-Tumor,87,Cycle,Base Substitution,5201518,7681.29,28.00,30.26,-2.26,Before
TCGA-A7-A4SE-Tumor,87,Cycle,Base Insertion,5188324,192.86,44.00,45.00,-1.00,Before
TCGA-A7-A4SE-Tumor,87,Cycle,Base Deletion,5188324,316.02,43.00,45.00,-2.00,Before
TCGA-A7-A4SE-Tumor,-87,Cycle,Base Substitution,5003427,7681.63,28.00,29.99,-1.99,Before
TCGA-A7-A4SE-Tumor,-87,Cycle,Base Insertion,4990073,174.66,45.00,45.00,0.00,Before
TCGA-A7-A4SE-Tumor,-87,Cycle,Base Deletion,4990073,286.62,43.00,45.00,-2.00,Before
TCGA-A7-A4SE-Tumor,88,Cycle,Base Substitution,5189335,7693.56,28.00,30.15,-2.15,Before
TCGA-A7-A4SE-Tumor,88,Cycle,Base Insertion,5174682,177.91,45.00,45.00,0.00,Before
TCGA-A7-A4SE-Tumor,88,Cycle,Base Deletion,5174682,299.24,43.00,45.00,-2.00,Before
TCGA-A7-A4SE-Tumor,-88,Cycle,Base Substitution,4989887,7413.67,28.00,30.10,-2.10,Before
TCGA-A7-A4SE-Tumor,-88,Cycle,Base Insertion,4974978,165.71,45.00,45.00,0.00,Before
TCGA-A7-A4SE-Tumor,-88,Cycle,Base Deletion,4974978,274.93,43.00,45.00,-2.00,Before
TCGA-A7-A4SE-Tumor,89,Cycle,Base Substitution,5176328,7627.36,28.00,30.29,-2.29,Before
TCGA-A7-A4SE-Tumor,89,Cycle,Base Insertion,5160134,154.15,45.00,45.00,0.00,Before
TCGA-A7-A4SE-Tumor,89,Cycle,Base Deletion,5160134,281.66,43.00,45.00,-2.00,Before
TCGA-A7-A4SE-Tumor,-89,Cycle,Base Substitution,4975118,7382.82,28.00,30.30,-2.30,Before
TCGA-A7-A4SE-Tumor,-89,Cycle,Base Insertion,4958800,154.40,45.00,45.00,0.00,Before
TCGA-A7-A4SE-Tumor,-89,Cycle,Base Deletion,4958800,265.10,43.00,45.00,-2.00,Before
TCGA-A7-A4SE-Tumor,90,Cycle,Base Substitution,5162800,7314.71,29.00,30.46,-1.46,Before
TCGA-A7-A4SE-Tumor,90,Cycle,Base Insertion,5144973,160.35,45.00,45.00,0.00,Before
TCGA-A7-A4SE-Tumor,90,Cycle,Base Deletion,5144973,267.25,43.00,45.00,-2.00,Before
TCGA-A7-A4SE-Tumor,-90,Cycle,Base Substitution,4958701,7188.96,28.00,30.34,-2.34,Before
TCGA-A7-A4SE-Tumor,-90,Cycle,Base Insertion,4940751,142.60,45.00,45.00,0.00,Before
TCGA-A7-A4SE-Tumor,-90,Cycle,Base Deletion,4940751,261.39,43.00,45.00,-2.00,Before
TCGA-A7-A4SE-Tumor,91,Cycle,Base Substitution,5146713,7243.40,29.00,30.59,-1.59,Before
TCGA-A7-A4SE-Tumor,91,Cycle,Base Insertion,5127473,144.48,45.00,45.00,0.00,Before
TCGA-A7-A4SE-Tumor,91,Cycle,Base Deletion,5127473,248.49,44.00,45.00,-1.00,Before
TCGA-A7-A4SE-Tumor,-91,Cycle,Base Substitution,4940590,7093.87,28.00,30.38,-2.38,Before
TCGA-A7-A4SE-Tumor,-91,Cycle,Base Insertion,4921270,142.74,45.00,45.00,0.00,Before
TCGA-A7-A4SE-Tumor,-91,Cycle,Base Deletion,4921270,248.27,43.00,45.00,-2.00,Before
TCGA-A7-A4SE-Tumor,92,Cycle,Base Substitution,5128600,7104.34,29.00,30.60,-1.60,Before
TCGA-A7-A4SE-Tumor,92,Cycle,Base Insertion,5106850,124.49,46.00,45.00,1.00,Before
TCGA-A7-A4SE-Tumor,92,Cycle,Base Deletion,5106850,230.90,44.00,45.00,-1.00,Before
TCGA-A7-A4SE-Tumor,-92,Cycle,Base Substitution,4920594,7121.98,28.00,30.46,-2.46,Before
TCGA-A7-A4SE-Tumor,-92,Cycle,Base Insertion,4898715,134.93,45.00,45.00,0.00,Before
TCGA-A7-A4SE-Tumor,-92,Cycle,Base Deletion,4898715,217.92,44.00,45.00,-1.00,Before
TCGA-A7-A4SE-Tumor,93,Cycle,Base Substitution,5108079,6992.45,29.00,30.62,-1.62,Before
TCGA-A7-A4SE-Tumor,93,Cycle,Base Insertion,5084066,117.65,46.00,45.00,1.00,Before
TCGA-A7-A4SE-Tumor,93,Cycle,Base Deletion,5084066,223.25,44.00,45.00,-1.00,Before
TCGA-A7-A4SE-Tumor,-93,Cycle,Base Substitution,4898519,7116.02,28.00,30.35,-2.35,Before
TCGA-A7-A4SE-Tumor,-93,Cycle,Base Insertion,4874349,111.45,46.00,45.00,1.00,Before
TCGA-A7-A4SE-Tumor,-93,Cycle,Base Deletion,4874349,208.59,44.00,45.00,-1.00,Before
TCGA-A7-A4SE-Tumor,94,Cycle,Base Substitution,5084489,6841.16,29.00,30.64,-1.64,Before
TCGA-A7-A4SE-Tumor,94,Cycle,Base Insertion,5057919,96.21,46.00,45.00,1.00,Before
TCGA-A7-A4SE-Tumor,94,Cycle,Base Deletion,5057919,205.09,44.00,45.00,-1.00,Before
TCGA-A7-A4SE-Tumor,-94,Cycle,Base Substitution,4874668,6784.22,29.00,30.58,-1.58,Before
TCGA-A7-A4SE-Tumor,-94,Cycle,Base Insertion,4847935,101.55,46.00,45.00,1.00,Before
TCGA-A7-A4SE-Tumor,-94,Cycle,Base Deletion,4847935,196.03,44.00,45.00,-1.00,Before
TCGA-A7-A4SE-Tumor,95,Cycle,Base Substitution,5059088,6793.59,29.00,30.63,-1.63,Before
TCGA-A7-A4SE-Tumor,95,Cycle,Base Insertion,5030418,98.60,46.00,45.00,1.00,Before
TCGA-A7-A4SE-Tumor,95,Cycle,Base Deletion,5030418,183.79,45.00,45.00,0.00,Before
TCGA-A7-A4SE-Tumor,-95,Cycle,Base Substitution,4846546,6567.78,29.00,30.48,-1.48,Before
TCGA-A7-A4SE-Tumor,-95,Cycle,Base Insertion,4817922,92.01,46.00,45.00,1.00,Before
TCGA-A7-A4SE-Tumor,-95,Cycle,Base Deletion,4817922,178.82,45.00,45.00,0.00,Before
TCGA-A7-A4SE-Tumor,96,Cycle,Base Substitution,5028935,6383.99,29.00,30.76,-1.76,Before
TCGA-A7-A4SE-Tumor,96,Cycle,Base Insertion,5000388,69.75,47.00,45.00,2.00,Before
TCGA-A7-A4SE-Tumor,96,Cycle,Base Deletion,5000388,163.75,45.00,45.00,0.00,Before
TCGA-A7-A4SE-Tumor,-96,Cycle,Base Substitution,4815024,6261.55,29.00,30.62,-1.62,Before
TCGA-A7-A4SE-Tumor,-96,Cycle,Base Insertion,4786611,76.34,47.00,45.00,2.00,Before
TCGA-A7-A4SE-Tumor,-96,Cycle,Base Deletion,4786611,149.49,45.00,45.00,0.00,Before
TCGA-A7-A4SE-Tumor,97,Cycle,Base Substitution,4995643,6748.51,29.00,30.00,-1.00,Before
TCGA-A7-A4SE-Tumor,-97,Cycle,Base Substitution,4779258,6463.22,29.00,29.86,-0.86,Before
TCGA-A7-A4SE-Tumor,98,Cycle,Base Substitution,4959025,8326.15,28.00,28.45,-0.45,Before
TCGA-A7-A4SE-Tumor,-98,Cycle,Base Substitution,4740201,8109.78,28.00,28.44,-0.44,Before
TCGA-A7-A4SE-Tumor,99,Cycle,Base Substitution,4922124,4945.25,30.00,30.20,-0.20,Before
TCGA-A7-A4SE-Tumor,-99,Cycle,Base Substitution,4701211,4840.67,30.00,30.08,-0.08,Before
TCGA-A7-A4SE-Tumor,100,Cycle,Base Substitution,4895356,4378.22,30.00,30.55,-0.55,Before
TCGA-A7-A4SE-Tumor,-100,Cycle,Base Substitution,4670806,4245.17,30.00,30.34,-0.34,Before
TCGA-A7-A4SE-Tumor,6,QualityScore,Base Substitution,170626,29771.60,8.00,6.00,2.00,Before
TCGA-A7-A4SE-Tumor,7,QualityScore,Base Substitution,252753,31330.75,9.00,7.00,2.00,Before
TCGA-A7-A4SE-Tumor,8,QualityScore,Base Substitution,356582,44154.71,9.00,8.00,1.00,Before
TCGA-A7-A4SE-Tumor,9,QualityScore,Base Substitution,578075,69516.79,9.00,9.00,0.00,Before
TCGA-A7-A4SE-Tumor,10,QualityScore,Base Substitution,657114,66708.47,10.00,10.00,0.00,Before
TCGA-A7-A4SE-Tumor,11,QualityScore,Base Substitution,652245,55446.82,11.00,11.00,0.00,Before
TCGA-A7-A4SE-Tumor,12,QualityScore,Base Substitution,509054,30271.80,12.00,12.00,0.00,Before
TCGA-A7-A4SE-Tumor,13,QualityScore,Base Substitution,701372,35309.40,13.00,13.00,0.00,Before
TCGA-A7-A4SE-Tumor,14,QualityScore,Base Substitution,563859,24231.45,14.00,14.00,0.00,Before
TCGA-A7-A4SE-Tumor,15,QualityScore,Base Substitution,548249,18576.14,15.00,15.00,0.00,Before
TCGA-A7-A4SE-Tumor,16,QualityScore,Base Substitution,414531,11236.01,16.00,16.00,0.00,Before
TCGA-A7-A4SE-Tumor,17,QualityScore,Base Substitution,595878,10976.16,17.00,17.00,0.00,Before
TCGA-A7-A4SE-Tumor,18,QualityScore,Base Substitution,772587,12471.78,18.00,18.00,0.00,Before
TCGA-A7-A4SE-Tumor,19,QualityScore,Base Substitution,913028,11230.37,19.00,19.00,0.00,Before
TCGA-A7-A4SE-Tumor,20,QualityScore,Base Substitution,1556061,16114.10,20.00,20.00,0.00,Before
TCGA-A7-A4SE-Tumor,21,QualityScore,Base Substitution,2280877,18439.80,21.00,21.00,0.00,Before
TCGA-A7-A4SE-Tumor,22,QualityScore,Base Substitution,2869024,18178.04,22.00,22.00,0.00,Before
TCGA-A7-A4SE-Tumor,23,QualityScore,Base Substitution,3237900,16487.63,23.00,23.00,0.00,Before
TCGA-A7-A4SE-Tumor,24,QualityScore,Base Substitution,4564173,17826.22,24.00,24.00,0.00,Before
TCGA-A7-A4SE-Tumor,25,QualityScore,Base Substitution,5904816,21114.48,24.00,25.00,-1.00,Before
TCGA-A7-A4SE-Tumor,26,QualityScore,Base Substitution,12630631,41534.67,25.00,26.00,-1.00,Before
TCGA-A7-A4SE-Tumor,27,QualityScore,Base Substitution,15425845,42980.59,26.00,27.00,-1.00,Before
TCGA-A7-A4SE-Tumor,28,QualityScore,Base Substitution,18811569,40803.27,27.00,28.00,-1.00,Before
TCGA-A7-A4SE-Tumor,29,QualityScore,Base Substitution,29947482,55571.17,27.00,29.00,-2.00,Before
TCGA-A7-A4SE-Tumor,30,QualityScore,Base Substitution,48522446,73642.78,28.00,30.00,-2.00,Before
TCGA-A7-A4SE-Tumor,31,QualityScore,Base Substitution,100722221,131599.47,29.00,31.00,-2.00,Before
TCGA-A7-A4SE-Tumor,32,QualityScore,Base Substitution,220583968,237399.85,30.00,32.00,-2.00,Before
TCGA-A7-A4SE-Tumor,33,QualityScore,Base Substitution,211329151,203720.97,30.00,33.00,-3.00,Before
TCGA-A7-A4SE-Tumor,34,QualityScore,Base Substitution,183111705,151339.31,31.00,34.00,-3.00,Before
TCGA-A7-A4SE-Tumor,35,QualityScore,Base Substitution,106672614,81041.92,31.00,35.00,-4.00,Before
TCGA-A7-A4SE-Tumor,36,QualityScore,Base Substitution,49415446,32621.32,32.00,36.00,-4.00,Before
TCGA-A7-A4SE-Tumor,37,QualityScore,Base Substitution,23747483,13757.42,32.00,37.00,-5.00,Before
TCGA-A7-A4SE-Tumor,38,QualityScore,Base Substitution,4358903,2173.74,33.00,38.00,-5.00,Before
TCGA-A7-A4SE-Tumor,45,QualityScore,Base Insertion,1053378268,53357.14,43.00,45.00,-2.00,Before
TCGA-A7-A4SE-Tumor,45,QualityScore,Base Deletion,1053378268,75099.77,41.00,45.00,-4.00,Before
TCGA-A7-A4SE-Tumor,AA,Context,Base Substitution,72311885,110367.71,28.00,27.95,0.05,After
TCGA-A7-A4SE-Tumor,AAA,Context,Base Insertion,24251607,4688.50,37.00,36.76,0.24,After
TCGA-A7-A4SE-Tumor,AAA,Context,Base Deletion,24251607,11640.69,33.00,33.24,-0.24,After
TCGA-A7-A4SE-Tumor,CA,Context,Base Substitution,81099339,139625.08,28.00,27.44,0.56,After
TCGA-A7-A4SE-Tumor,CAA,Context,Base Insertion,16355775,768.99,43.00,42.78,0.22,After
TCGA-A7-A4SE-Tumor,CAA,Context,Base Deletion,16355775,1085.08,42.00,42.23,-0.23,After
TCGA-A7-A4SE-Tumor,GA,Context,Base Substitution,65063692,165593.99,26.00,25.81,0.19,After
TCGA-A7-A4SE-Tumor,GAA,Context,Base Insertion,18531175,872.74,43.00,42.78,0.22,After
TCGA-A7-A4SE-Tumor,GAA,Context,Base Deletion,18531175,1013.42,43.00,42.23,0.77,After
TCGA-A7-A4SE-Tumor,TA,Context,Base Substitution,42569434,116530.84,26.00,25.54,0.46,After
TCGA-A7-A4SE-Tumor,TAA,Context,Base Insertion,12228095,670.56,43.00,42.77,0.23,After
TCGA-A7-A4SE-Tumor,TAA,Context,Base Deletion,12228095,777.10,42.00,42.23,-0.23,After
TCGA-A7-A4SE-Tumor,AC,Context,Base Substitution,53873753,85570.23,28.00,27.79,0.21,After
TCGA-A7-A4SE-Tumor,ACA,Context,Base Insertion,18696123,1418.96,41.00,40.78,0.22,After
TCGA-A7-A4SE-Tumor,ACA,Context,Base Deletion,18696123,1957.03,40.00,40.23,-0.23,After
TCGA-A7-A4SE-Tumor,CC,Context,Base Substitution,78963653,97663.69,29.00,29.14,-0.14,After
TCGA-A7-A4SE-Tumor,CCA,Context,Base Insertion,24267130,911.41,44.00,43.78,0.22,After
TCGA-A7-A4SE-Tumor,CCA,Context,Base Deletion,24267130,1041.68,44.00,43.23,0.77,After
TCGA-A7-A4SE-Tumor,GC,Context,Base Substitution,62745489,121120.90,27.00,26.99,0.01,After
TCGA-A7-A4SE-Tumor,GCA,Context,Base Insertion,18258384,692.15,44.00,43.78,0.22,After
TCGA-A7-A4SE-Tumor,GCA,Context,Base Deletion,18258384,659.44,44.00,44.23,-0.23,After
TCGA-A7-A4SE-Tumor,TC,Context,Base Substitution,66049739,69069.30,30.00,29.77,0.23,After
TCGA-A7-A4SE-Tumor,TCA,Context,Base Insertion,18872887,671.45,44.00,43.78,0.22,After
TCGA-A7-A4SE-Tumor,TCA,Context,Base Deletion,18872887,978.56,43.00,43.23,-0.23,After
TCGA-A7-A4SE-Tumor,AG,Context,Base Substitution,78959464,80174.06,30.00,30.01,-0.01,After
TCGA-A7-A4SE-Tumor,AGA,Context,Base Insertion,21047111,891.81,44.00,43.79,0.21,After
TCGA-A7-A4SE-Tumor,AGA,Context,Base Deletion,21047111,1063.79,43.00,43.23,-0.23,After
TCGA-A7-A4SE-Tumor,CG,Context,Base Substitution,21869597,79766.96,24.00,24.21,-0.21,After
TCGA-A7-A4SE-Tumor,CGA,Context,Base Insertion,4368168,85.37,46.00,44.79,1.21,After
TCGA-A7-A4SE-Tumor,CGA,Context,Base Deletion,4368168,118.89,45.00,44.23,0.77,After
TCGA-A7-A4SE-Tumor,GG,Context,Base Substitution,76628550,99622.16,29.00,28.73,0.27,After
TCGA-A7-A4SE-Tumor,GGA,Context,Base Insertion,20275169,749.99,44.00,43.79,0.21,After
TCGA-A7-A4SE-Tumor,GGA,Context,Base Deletion,20275169,980.91,43.00,43.23,-0.23,After
TCGA-A7-A4SE-Tumor,TG,Context,Base Substitution,80713291,82285.11,30.00,29.96,0.04,After
TCGA-A7-A4SE-Tumor,TGA,Context,Base Insertion,18825534,889.90,43.00,42.78,0.22,After
TCGA-A7-A4SE-Tumor,TGA,Context,Base Deletion,18825534,764.42,44.00,44.23,-0.23,After
TCGA-A7-A4SE-Tumor,AT,Context,Base Substitution,56128747,93329.40,28.00,27.77,0.23,After
TCGA-A7-A4SE-Tumor,ATA,Context,Base Insertion,11042314,489.67,43.00,42.77,0.23,After
TCGA-A7-A4SE-Tumor,ATA,Context,Base Deletion,11042314,682.74,42.00,42.24,-0.24,After
TCGA-A7-A4SE-Tumor,CT,Context,Base Substitution,80072452,93702.73,29.00,29.52,-0.52,After
TCGA-A7-A4SE-Tumor,CTA,Context,Base Insertion,9554857,316.32,45.00,43.77,1.23,After
TCGA-A7-A4SE-Tumor,CTA,Context,Base Deletion,9554857,508.42,43.00,42.23,0.77,After
TCGA-A7-A4SE-Tumor,GT,Context,Base Substitution,52822911,91435.97,28.00,27.53,0.47,After
TCGA-A7-A4SE-Tumor,GTA,Context,Base Insertion,9075105,456.35,43.00,42.78,0.22,After
TCGA-A7-A4SE-Tumor,GTA,Context,Base Deletion,9075105,405.59,43.00,43.23,-0.23,After
TCGA-A7-A4SE-Tumor,TT,Context,Base Substitution,72630128,110378.40,28.00,27.99,0.01,After
TCGA-A7-A4SE-Tumor,TTA,Context,Base Insertion,12299451,551.34,43.00,42.77,0.23,After
TCGA-A7-A4SE-Tumor,TTA,Context,Base Deletion,12299451,996.67,41.00,41.24,-0.24,After
TCGA-A7-A4SE-Tumor,AAC,Context,Base Insertion,12752427,776.43,42.00,41.78,0.22,After
TCGA-A7-A4SE-Tumor,AAC,Context,Base Deletion,12752427,900.79,42.00,41.23,0.77,After
TCGA-A7-A4SE-Tumor,CAC,Context,Base Insertion,19014873,1231.33,42.00,41.78,0.22,After
TCGA-A7-A4SE-Tumor,CAC,Context,Base Deletion,19014873,1957.61,40.00,40.23,-0.23,After
TCGA-A7-A4SE-Tumor,GAC,Context,Base Insertion,12293283,772.09,42.00,41.79,0.21,After
TCGA-A7-A4SE-Tumor,GAC,Context,Base Deletion,12293283,664.57,43.00,43.23,-0.23,After
TCGA-A7-A4SE-Tumor,TAC,Context,Base Insertion,9416142,595.63,42.00,41.78,0.22,After
TCGA-A7-A4SE-Tumor,TAC,Context,Base Deletion,9416142,474.90,43.00,43.23,-0.23,After
TCGA-A7-A4SE-Tumor,ACC,Context,Base Insertion,15232148,553.18,44.00,43.78,0.22,After
TCGA-A7-A4SE-Tumor,ACC,Context,Base Deletion,15232148,666.84,44.00,43.23,0.77,After
TCGA-A7-A4SE-Tumor,CCC,Context,Base Insertion,22442757,1519.79,42.00,41.77,0.23,After
TCGA-A7-A4SE-Tumor,CCC,Context,Base Deletion,22442757,2018.64,40.00,41.23,-1.23,After
TCGA-A7-A4SE-Tumor,GCC,Context,Base Insertion,19596754,785.48,44.00,43.78,0.22,After
TCGA-A7-A4SE-Tumor,GCC,Context,Base Deletion,19596754,662.16,45.00,44.23,0.77,After
TCGA-A7-A4SE-Tumor,TCC,Context,Base Insertion,20813362,914.10,44.00,43.78,0.22,After
TCGA-A7-A4SE-Tumor,TCC,Context,Base Deletion,20813362,832.44,44.00,44.23,-0.23,After
TCGA-A7-A4SE-Tumor,AGC,Context,Base Insertion,18812419,521.49,46.00,44.79,1.21,After
TCGA-A7-A4SE-Tumor,AGC,Context,Base Deletion,18812419,603.48,45.00,45.23,-0.23,After
TCGA-A7-A4SE-Tumor,CGC,Context,Base Insertion,5680123,163.48,45.00,44.78,0.22,After
TCGA-A7-A4SE-Tumor,CGC,Context,Base Deletion,5680123,210.20,44.00,44.23,-0.23,After
TCGA-A7-A4SE-Tumor,GGC,Context,Base Insertion,19488427,509.10,46.00,44.78,1.22,After
TCGA-A7-A4SE-Tumor,GGC,Context,Base Deletion,19488427,748.29,44.00,44.23,-0.23,After
TCGA-A7-A4SE-Tumor,TGC,Context,Base Insertion,18449801,732.94,44.00,43.78,0.22,After
TCGA-A7-A4SE-Tumor,TGC,Context,Base Deletion,18449801,732.82,44.00,44.23,-0.23,After
TCGA-A7-A4SE-Tumor,ATC,Context,Base Insertion,12482148,472.03,44.00,43.78,0.22,After
TCGA-A7-A4SE-Tumor,ATC,Context,Base Deletion,12482148,494.13,44.00,44.23,-0.23,After
TCGA-A7-A4SE-Tumor,CTC,Context,Base Insertion,21896251,2161.47,40.00,39.78,0.22,After
TCGA-A7-A4SE-Tumor,CTC,Context,Base Deletion,21896251,1518.68,42.00,42.23,-0.23,After
TCGA-A7-A4SE-Tumor,GTC,Context,Base Insertion,12224763,404.27,45.00,44.78,0.22,After
TCGA-A7-A4SE-Tumor,GTC,Context,Base Deletion,12224763,367.18,45.00,45.23,-0.23,After
TCGA-A7-A4SE-Tumor,TTC,Context,Base Insertion,18810994,1294.97,42.00,41.78,0.22,After
TCGA-A7-A4SE-Tumor,TTC,Context,Base Deletion,18810994,1406.41,41.00,41.23,-0.23,After
TCGA-A7-A4SE-Tumor,AAG,Context,Base Insertion,19312994,989.29,43.00,42.79,0.21,After
TCGA-A7-A4SE-Tumor,AAG,Context,Base Deletion,19312994,1239.94,42.00,42.23,-0.23,After
TCGA-A7-A4SE-Tumor,CAG,Context,Base Insertion,28037905,796.05,45.00,44.78,0.22,After
TCGA-A7-A4SE-Tumor,CAG,Context,Base Deletion,28037905,994.15,45.00,44.23,0.77,After
TCGA-A7-A4SE-Tumor,GAG,Context,Base Insertion,21129040,728.16,45.00,43.79,1.21,After
TCGA-A7-A4SE-Tumor,GAG,Context,Base Deletion,21129040,996.52,43.00,43.23,-0.23,After
TCGA-A7-A4SE-Tumor,TAG,Context,Base Insertion,9449407,428.17,43.00,42.78,0.22,After
TCGA-A7-A4SE-Tumor,TAG,Context,Base Deletion,9449407,356.31,44.00,44.23,-0.23,After
TCGA-A7-A4SE-Tumor,ACG,Context,Base Insertion,4770766,206.73,43.00,42.79,0.21,After
TCGA-A7-A4SE-Tumor,ACG,Context,Base Deletion,4770766,214.68,43.00,43.23,-0.23,After
TCGA-A7-A4SE-Tumor,CCG,Context,Base Insertion,6936332,295.99,44.00,43.78,0.22,After
TCGA-A7-A4SE-Tumor,CCG,Context,Base Deletion,6936332,313.32,43.00,43.23,-0.23,After
TCGA-A7-A4SE-Tumor,GCG,Context,Base Insertion,5544801,230.06,44.00,43.78,0.22,After
TCGA-A7-A4SE-Tumor,GCG,Context,Base Deletion,5544801,303.26,43.00,42.23,0.77,After
TCGA-A7-A4SE-Tumor,TCG,Context,Base Insertion,4310325,147.26,44.00,43.79,0.21,After
TCGA-A7-A4SE-Tumor,TCG,Context,Base Deletion,4310325,192.34,43.00,43.23,-0.23,After
TCGA-A7-A4SE-Tumor,AGG,Context,Base Insertion,23775841,852.20,44.00,43.79,0.21,After
TCGA-A7-A4SE-Tumor,AGG,Context,Base Deletion,23775841,880.97,44.00,44.23,-0.23,After
TCGA-A7-A4SE-Tumor,CGG,Context,Base Insertion,6904978,237.54,44.00,43.78,0.22,After
TCGA-A7-A4SE-Tumor,CGG,Context,Base Deletion,6904978,289.59,44.00,43.23,0.77,After
TCGA-A7-A4SE-Tumor,GGG,Context,Base Insertion,21616061,1442.65,42.00,41.79,0.21,After
TCGA-A7-A4SE-Tumor,GGG,Context,Base Deletion,21616061,1927.71,41.00,41.23,-0.23,After
TCGA-A7-A4SE-Tumor,TGG,Context,Base Insertion,23729048,942.35,44.00,43.78,0.22,After
TCGA-A7-A4SE-Tumor,TGG,Context,Base Deletion,23729048,947.40,44.00,44.23,-0.23,After
TCGA-A7-A4SE-Tumor,ATG,Context,Base Insertion,16775771,691.61,44.00,43.78,0.22,After
TCGA-A7-A4SE-Tumor,ATG,Context,Base Deletion,16775771,637.90,44.00,44.23,-0.23,After
TCGA-A7-A4SE-Tumor,CTG,Context,Base Insertion,28096730,838.17,45.00,44.78,0.22,After
TCGA-A7-A4SE-Tumor,CTG,Context,Base Deletion,28096730,1066.87,44.00,44.23,-0.23,After
TCGA-A7-A4SE-Tumor,GTG,Context,Base Insertion,18395892,960.80,43.00,42.78,0.22,After
TCGA-A7-A4SE-Tumor,GTG,Context,Base Deletion,18395892,1619.15,41.00,41.23,-0.23,After
TCGA-A7-A4SE-Tumor,TTG,Context,Base Insertion,16374063,750.55,43.00,42.78,0.22,After
TCGA-A7-A4SE-Tumor,TTG,Context,Base Deletion,16374063,867.55,43.00,43.23,-0.23,After
TCGA-A7-A4SE-Tumor,AAT,Context,Base Insertion,15204408,553.93,44.00,43.77,0.23,After
TCGA-A7-A4SE-Tumor,AAT,Context,Base Deletion,15204408,956.47,42.00,42.23,-0.23,After
TCGA-A7-A4SE-Tumor,CAT,Context,Base Insertion,16833265,637.87,44.00,43.78,0.22,After
TCGA-A7-A4SE-Tumor,CAT,Context,Base Deletion,16833265,770.54,43.00,43.23,-0.23,After
TCGA-A7-A4SE-Tumor,GAT,Context,Base Insertion,12444753,483.58,44.00,43.79,0.21,After
TCGA-A7-A4SE-Tumor,GAT,Context,Base Deletion,12444753,505.20,44.00,44.23,-0.23,After
TCGA-A7-A4SE-Tumor,TAT,Context,Base Insertion,11040570,550.60,43.00,43.77,-0.77,After
TCGA-A7-A4SE-Tumor,TAT,Context,Base Deletion,11040570,646.81,42.00,42.23,-0.23,After
TCGA-A7-A4SE-Tumor,ACT,Context,Base Insertion,14615697,542.68,44.00,43.78,0.22,After
TCGA-A7-A4SE-Tumor,ACT,Context,Base Deletion,14615697,737.01,43.00,43.23,-0.23,After
TCGA-A7-A4SE-Tumor,CCT,Context,Base Insertion,24443814,886.99,44.00,44.78,-0.78,After
TCGA-A7-A4SE-Tumor,CCT,Context,Base Deletion,24443814,1166.37,43.00,43.24,-0.24,After
TCGA-A7-A4SE-Tumor,GCT,Context,Base Insertion,18735629,530.24,45.00,44.78,0.22,After
TCGA-A7-A4SE-Tumor,GCT,Context,Base Deletion,18735629,667.47,44.00,44.23,-0.23,After
TCGA-A7-A4SE-Tumor,TCT,Context,Base Insertion,21367563,991.15,43.00,42.77,0.23,After
TCGA-A7-A4SE-Tumor,TCT,Context,Base Deletion,21367563,1415.02,42.00,42.24,-0.24,After
TCGA-A7-A4SE-Tumor,AGT,Context,Base Insertion,14333571,375.67,46.00,44.78,1.22,After
TCGA-A7-A4SE-Tumor,AGT,Context,Base Deletion,14333571,497.79,45.00,44.23,0.77,After
TCGA-A7-A4SE-Tumor,CGT,Context,Base Insertion,4845619,131.42,45.00,44.78,0.22,After
TCGA-A7-A4SE-Tumor,CGT,Context,Base Deletion,4845619,185.84,44.00,43.23,0.77,After
TCGA-A7-A4SE-Tumor,GGT,Context,Base Insertion,14519123,543.84,44.00,43.78,0.22,After
TCGA-A7-A4SE-Tumor,GGT,Context,Base Deletion,14519123,669.86,43.00,43.23,-0.23,After
TCGA-A7-A4SE-Tumor,TGT,Context,Base Insertion,18734726,1134.49,42.00,41.78,0.22,After
TCGA-A7-A4SE-Tumor,TGT,Context,Base Deletion,18734726,1776.00,40.00,40.23,-0.23,After
TCGA-A7-A4SE-Tumor,ATT,Context,Base Insertion,15297198,697.84,43.00,42.77,0.23,After
TCGA-A7-A4SE-Tumor,ATT,Context,Base Deletion,15297198,879.92,42.00,42.23,-0.23,After
TCGA-A7-A4SE-Tumor,CTT,Context,Base Insertion,19693219,1212.63,42.00,41.78,0.22,After
TCGA-A7-A4SE-Tumor,CTT,Context,Base Deletion,19693219,1409.02,41.00,41.24,-0.24,After
TCGA-A7-A4SE-Tumor,GTT,Context,Base Insertion,12681164,641.48,43.00,42.78,0.22,After
TCGA-A7-A4SE-Tumor,GTT,Context,Base Deletion,12681164,763.03,42.00,42.23,-0.23,After
TCGA-A7-A4SE-Tumor,TTT,Context,Base Insertion,24359063,3950.01,38.00,37.76,0.24,After
TCGA-A7-A4SE-Tumor,TTT,Context,Base Deletion,24359063,9727.58,34.00,34.23,-0.23,After
TCGA-A7-A4SE-Tumor,1,Cycle,Base Substitution,5409382,8619.43,28.00,27.95,0.05,After
TCGA-A7-A4SE-Tumor,-1,Cycle,Base Substitution,5387275,12012.74,27.00,26.65,0.35,After
TCGA-A7-A4SE-Tumor,2,Cycle,Base Substitution,5429387,7541.31,29.00,28.85,0.15,After
TCGA-A7-A4SE-Tumor,-2,Cycle,Base Substitution,5383933,12651.76,26.00,26.67,-0.67,After
TCGA-A7-A4SE-Tumor,3,Cycle,Base Substitution,5430106,10213.96,27.00,27.22,-0.22,After
TCGA-A7-A4SE-Tumor,-3,Cycle,Base Substitution,5382456,15045.98,26.00,25.52,0.48,After
TCGA-A7-A4SE-Tumor,4,Cycle,Base Substitution,5429241,7117.89,29.00,28.78,0.22,After
TCGA-A7-A4SE-Tumor,-4,Cycle,Base Substitution,5385426,10387.24,27.00,27.27,-0.27,After
TCGA-A7-A4SE-Tumor,5,Cycle,Base Substitution,5428706,6706.78,29.00,28.86,0.14,After
TCGA-A7-A4SE-Tumor,5,Cycle,Base Insertion,5428694,238.56,43.00,42.72,0.28,After
TCGA-A7-A4SE-Tumor,5,Cycle,Base Deletion,5428694,190.76,45.00,44.14,0.86,After
TCGA-A7-A4SE-Tumor,-5,Cycle,Base Substitution,5381567,9269.07,28.00,27.59,0.41,After
TCGA-A7-A4SE-Tumor,-5,Cycle,Base Insertion,5381547,250.27,43.00,42.73,0.27,After
TCGA-A7-A4SE-Tumor,-5,Cycle,Base Deletion,5381547,214.14,44.00,43.16,0.84,After
TCGA-A7-A4SE-Tumor,6,Cycle,Base Substitution,5428496,7369.74,29.00,28.58,0.42,After
TCGA-A7-A4SE-Tumor,6,Cycle,Base Insertion,5428486,264.53,43.00,42.71,0.29,After
TCGA-A7-A4SE-Tumor,6,Cycle,Base Deletion,5428486,226.44,44.00,43.18,0.82,After
TCGA-A7-A4SE-Tumor,-6,Cycle,Base Substitution,5379636,9604.33,27.00,27.51,-0.51,After
TCGA-A7-A4SE-Tumor,-6,Cycle,Base Insertion,5379613,284.54,43.00,42.73,0.27,After
TCGA-A7-A4SE-Tumor,-6,Cycle,Base Deletion,5379613,237.56,44.00,43.20,0.80,After
TCGA-A7-A4SE-Tumor,7,Cycle,Base Substitution,5428561,7101.55,29.00,28.71,0.29,After
TCGA-A7-A4SE-Tumor,7,Cycle,Base Insertion,5428550,285.89,43.00,42.74,0.26,After
TCGA-A7-A4SE-Tumor,7,Cycle,Base Deletion,5428550,243.27,43.00,43.21,-0.21,After
TCGA-A7-A4SE-Tumor,-7,Cycle,Base Substitution,5377200,10073.47,27.00,27.27,-0.27,After
TCGA-A7-A4SE-Tumor,-7,Cycle,Base Insertion,5377180,261.02,43.00,42.75,0.25,After
TCGA-A7-A4SE-Tumor,-7,Cycle,Base Deletion,5377180,266.91,43.00,43.22,-0.22,After
TCGA-A7-A4SE-Tumor,8,Cycle,Base Substitution,5426460,8509.82,28.00,28.02,-0.02,After
TCGA-A7-A4SE-Tumor,8,Cycle,Base Insertion,5426449,314.91,42.00,41.74,0.26,After
TCGA-A7-A4SE-Tumor,8,Cycle,Base Deletion,5426449,272.87,43.00,43.20,-0.20,After
TCGA-A7-A4SE-Tumor,-8,Cycle,Base Substitution,5375728,9603.14,27.00,27.28,-0.28,After
TCGA-A7-A4SE-Tumor,-8,Cycle,Base Insertion,5375704,320.07,42.00,41.74,0.26,After
TCGA-A7-A4SE-Tumor,-8,Cycle,Base Deletion,5375704,304.61,42.00,42.20,-0.20,After
TCGA-A7-A4SE-Tumor,9,Cycle,Base Substitution,5428750,6848.73,29.00,28.79,0.21,After
TCGA-A7-A4SE-Tumor,9,Cycle,Base Insertion,5428736,343.43,42.00,41.73,0.27,After
TCGA-A7-A4SE-Tumor,9,Cycle,Base Deletion,5428736,303.93,43.00,42.18,0.82,After
TCGA-A7-A4SE-Tumor,-9,Cycle,Base Substitution,5374529,8942.17,28.00,27.68,0.32,After
TCGA-A7-A4SE-Tumor,-9,Cycle,Base Insertion,5374503,294.45,43.00,42.71,0.29,After
TCGA-A7-A4SE-Tumor,-9,Cycle,Base Deletion,5374503,346.74,42.00,42.16,-0.16,After
TCGA-A7-A4SE-Tumor,10,Cycle,Base Substitution,5428615,6802.11,29.00,28.95,0.05,After
TCGA-A7-A4SE-Tumor,10,Cycle,Base Insertion,5428597,357.32,42.00,41.72,0.28,After
TCGA-A7-A4SE-Tumor,10,Cycle,Base Deletion,5428597,355.29,42.00,42.17,-0.17,After
TCGA-A7-A4SE-Tumor,-10,Cycle,Base Substitution,5372732,8734.65,28.00,27.70,0.30,After
TCGA-A7-A4SE-Tumor,-10,Cycle,Base Insertion,5372709,358.12,42.00,41.71,0.29,After
TCGA-A7-A4SE-Tumor,-10,Cycle,Base Deletion,5372709,366.75,42.00,42.15,-0.15,After
TCGA-A7-A4SE-Tumor,11,Cycle,Base Substitution,5428168,7541.59,29.00,28.58,0.42,After
TCGA-A7-A4SE-Tumor,11,Cycle,Base Insertion,5428152,348.84,42.00,41.73,0.27,After
TCGA-A7-A4SE-Tumor,11,Cycle,Base Deletion,5428152,378.10,42.00,41.18,0.82,After
TCGA-A7-A4SE-Tumor,-11,Cycle,Base Substitution,5369904,9548.91,28.00,27.44,0.56,After
TCGA-A7-A4SE-Tumor,-11,Cycle,Base Insertion,5369881,344.98,42.00,41.73,0.27,After
TCGA-A7-A4SE-Tumor,-11,Cycle,Base Deletion,5369881,389.25,41.00,41.17,-0.17,After
TCGA-A7-A4SE-Tumor,12,Cycle,Base Substitution,5428477,7266.66,29.00,28.70,0.30,After
TCGA-A7-A4SE-Tumor,12,Cycle,Base Insertion,5428458,374.02,42.00,41.73,0.27,After
TCGA-A7-A4SE-Tumor,12,Cycle,Base Deletion,5428458,390.61,41.00,41.19,-0.19,After
TCGA-A7-A4SE-Tumor,-12,Cycle,Base Substitution,5368981,9657.42,27.00,27.36,-0.36,After
TCGA-A7-A4SE-Tumor,-12,Cycle,Base Insertion,5368962,347.62,42.00,41.73,0.27,After
TCGA-A7-A4SE-Tumor,-12,Cycle,Base Deletion,5368962,408.35,41.00,41.19,-0.19,After
TCGA-A7-A4SE-Tumor,13,Cycle,Base Substitution,5427727,8037.81,28.00,28.22,-0.22,After
TCGA-A7-A4SE-Tumor,13,Cycle,Base Insertion,5427710,354.12,42.00,41.73,0.27,After
TCGA-A7-A4SE-Tumor,13,Cycle,Base Deletion,5427710,422.21,41.00,41.19,-0.19,After
TCGA-A7-A4SE-Tumor,-13,Cycle,Base Substitution,5366865,8788.23,28.00,27.78,0.22,After
TCGA-A7-A4SE-Tumor,-13,Cycle,Base Insertion,5366846,333.99,42.00,41.74,0.26,After
TCGA-A7-A4SE-Tumor,-13,Cycle,Base Deletion,5366846,430.27,41.00,41.19,-0.19,After
TCGA-A7-A4SE-Tumor,14,Cycle,Base Substitution,5428743,7249.39,29.00,28.55,0.45,After
TCGA-A7-A4SE-Tumor,14,Cycle,Base Insertion,5428725,359.18,42.00,41.73,0.27,After
TCGA-A7-A4SE-Tumor,14,Cycle,Base Deletion,5428725,427.99,41.00,41.18,-0.18,After
TCGA-A7-A4SE-Tumor,-14,Cycle,Base Substitution,5365627,8942.33,28.00,27.75,0.25,After
TCGA-A7-A4SE-Tumor,-14,Cycle,Base Insertion,5365610,370.05,42.00,41.73,0.27,After
TCGA-A7-A4SE-Tumor,-14,Cycle,Base Deletion,5365610,449.53,41.00,41.19,-0.19,After
TCGA-A7-A4SE-Tumor,15,Cycle,Base Substitution,5428295,6903.26,29.00,28.87,0.13,After
TCGA-A7-A4SE-Tumor,15,Cycle,Base Insertion,5428273,361.82,42.00,41.73,0.27,After
TCGA-A7-A4SE-Tumor,15,Cycle,Base Deletion,5428273,424.77,41.00,41.18,-0.18,After
TCGA-A7-A4SE-Tumor,-15,Cycle,Base Substitution,5363667,9290.49,28.00,27.69,0.31,After
TCGA-A7-A4SE-Tumor,-15,Cycle,Base Insertion,5363651,341.40,42.00,41.74,0.26,After
TCGA-A7-A4SE-Tumor,-15,Cycle,Base Deletion,5363651,475.09,41.00,41.19,-0.19,After
TCGA-A7-A4SE-Tumor,16,Cycle,Base Substitution,5428081,7137.85,29.00,28.86,0.14,After
TCGA-A7-A4SE-Tumor,16,Cycle,Base Insertion,5427985,363.68,42.00,41.74,0.26,After
TCGA-A7-A4SE-Tumor,16,Cycle,Base Deletion,5427985,446.66,41.00,41.20,-0.20,After
TCGA-A7-A4SE-Tumor,-16,Cycle,Base Substitution,5361652,9105.95,28.00,27.82,0.18,After
TCGA-A7-A4SE-Tumor,-16,Cycle,Base Insertion,5361512,352.55,42.00,41.75,0.25,After
TCGA-A7-A4SE-Tumor,-16,Cycle,Base Deletion,5361512,488.15,40.00,41.21,-1.21,After
TCGA-A7-A4SE-Tumor,17,Cycle,Base Substitution,5427585,7577.14,29.00,28.58,0.42,After
TCGA-A7-A4SE-Tumor,17,Cycle,Base Insertion,5427402,374.20,42.00,41.74,0.26,After
TCGA-A7-A4SE-Tumor,17,Cycle,Base Deletion,5427402,456.12,41.00,41.21,-0.21,After
TCGA-A7-A4SE-Tumor,-17,Cycle,Base Substitution,5359243,9053.80,28.00,27.73,0.27,After
TCGA-A7-A4SE-Tumor,-17,Cycle,Base Insertion,5358987,362.73,42.00,41.75,0.25,After
TCGA-A7-A4SE-Tumor,-17,Cycle,Base Deletion,5358987,476.67,41.00,41.23,-0.23,After
TCGA-A7-A4SE-Tumor,18,Cycle,Base Substitution,5427510,7133.94,29.00,28.82,0.18,After
TCGA-A7-A4SE-Tumor,18,Cycle,Base Insertion,5427277,353.29,42.00,41.75,0.25,After
TCGA-A7-A4SE-Tumor,18,Cycle,Base Deletion,5427277,468.77,41.00,41.23,-0.23,After
TCGA-A7-A4SE-Tumor,-18,Cycle,Base Substitution,5356935,9303.85,28.00,27.64,0.36,After
TCGA-A7-A4SE-Tumor,-18,Cycle,Base Insertion,5356580,352.24,42.00,41.76,0.24,After
TCGA-A7-A4SE-Tumor,-18,Cycle,Base Deletion,5356580,485.80,41.00,41.24,-0.24,After
TCGA-A7-A4SE-Tumor,19,Cycle,Base Substitution,5427517,6928.15,29.00,28.88,0.12,After
TCGA-A7-A4SE-Tumor,19,Cycle,Base Insertion,5427237,372.21,42.00,41.76,0.24,After
TCGA-A7-A4SE-Tumor,19,Cycle,Base Deletion,5427237,482.30,41.00,41.24,-0.24,After
TCGA-A7-A4SE-Tumor,-19,Cycle,Base Substitution,5355010,8846.51,28.00,27.75,0.25,After
TCGA-A7-A4SE-Tumor,-19,Cycle,Base Insertion,5354560,334.93,42.00,41.77,0.23,After
TCGA-A7-A4SE-Tumor,-19,Cycle,Base Deletion,5354560,483.95,41.00,41.25,-0.25,After
TCGA-A7-A4SE-Tumor,20,Cycle,Base Substitution,5426895,7208.93,29.00,28.75,0.25,After
TCGA-A7-A4SE-Tumor,20,Cycle,Base Insertion,5426624,352.50,42.00,41.76,0.24,After
TCGA-A7-A4SE-Tumor,20,Cycle,Base Deletion,5426624,500.23,40.00,40.25,-0.25,After
TCGA-A7-A4SE-Tumor,-20,Cycle,Base Substitution,5352757,9114.10,28.00,27.70,0.30,After
TCGA-A7-A4SE-Tumor,-20,Cycle,Base Insertion,5352291,376.43,42.00,41.77,0.23,After
TCGA-A7-A4SE-Tumor,-20,Cycle,Base Deletion,5352291,479.37,41.00,41.27,-0.27,After
TCGA-A7-A4SE-Tumor,21,Cycle,Base Substitution,5426550,7535.54,29.00,28.65,0.35,After
TCGA-A7-A4SE-Tumor,21,Cycle,Base Insertion,5426292,351.65,42.00,41.76,0.24,After
TCGA-A7-A4SE-Tumor,21,Cycle,Base Deletion,5426292,497.39,40.00,40.26,-0.26,After
TCGA-A7-A4SE-Tumor,-21,Cycle,Base Substitution,5350529,9275.07,28.00,27.58,0.42,After
TCGA-A7-A4SE-Tumor,-21,Cycle,Base Insertion,5350076,345.28,42.00,41.77,0.23,After
TCGA-A7-A4SE-Tumor,-21,Cycle,Base Deletion,5350076,482.00,41.00,41.27,-0.27,After
TCGA-A7-A4SE-Tumor,22,Cycle,Base Substitution,5426023,7178.74,29.00,28.78,0.22,After
TCGA-A7-A4SE-Tumor,22,Cycle,Base Insertion,5425702,343.86,42.00,41.76,0.24,After
TCGA-A7-A4SE-Tumor,22,Cycle,Base Deletion,5425702,495.74,40.00,40.26,-0.26,After
TCGA-A7-A4SE-Tumor,-22,Cycle,Base Substitution,5348458,8800.64,28.00,27.73,0.27,After
TCGA-A7-A4SE-Tumor,-22,Cycle,Base Insertion,5347968,355.34,42.00,41.77,0.23,After
TCGA-A7-A4SE-Tumor,-22,Cycle,Base Deletion,5347968,475.38,41.00,41.27,-0.27,After
TCGA-A7-A4SE-Tumor,23,Cycle,Base Substitution,5424631,8108.61,28.00,28.39,-0.39,After
TCGA-A7-A4SE-Tumor,23,Cycle,Base Insertion,5424274,338.32,42.00,41.77,0.23,After
TCGA-A7-A4SE-Tumor,23,Cycle,Base Deletion,5424274,494.90,40.00,40.27,-0.27,After
TCGA-A7-A4SE-Tumor,-23,Cycle,Base Substitution,5346378,9700.94,27.00,27.50,-0.50,After
TCGA-A7-A4SE-Tumor,-23,Cycle,Base Insertion,5345819,331.53,42.00,41.78,0.22,After
TCGA-A7-A4SE-Tumor,-23,Cycle,Base Deletion,5345819,483.61,40.00,40.27,-0.27,After
TCGA-A7-A4SE-Tumor,24,Cycle,Base Substitution,5424957,7293.37,29.00,28.68,0.32,After
TCGA-A7-A4SE-Tumor,24,Cycle,Base Insertion,5424553,336.93,42.00,41.77,0.23,After
TCGA-A7-A4SE-Tumor,24,Cycle,Base Deletion,5424553,494.26,40.00,41.27,-1.27,After
TCGA-A7-A4SE-Tumor,-24,Cycle,Base Substitution,5344083,9203.17,28.00,27.60,0.40,After
TCGA-A7-A4SE-Tumor,-24,Cycle,Base Insertion,5343445,327.21,42.00,41.78,0.22,After
TCGA-A7-A4SE-Tumor,-24,Cycle,Base Deletion,5343445,482.36,41.00,41.28,-0.28,After
TCGA-A7-A4SE-Tumor,25,Cycle,Base Substitution,5423781,8026.48,28.00,28.30,-0.30,After
TCGA-A7-A4SE-Tumor,25,Cycle,Base Insertion,5423382,352.37,42.00,41.77,0.23,After
TCGA-A7-A4SE-Tumor,25,Cycle,Base Deletion,5423382,481.55,41.00,41.28,-0.28,After
TCGA-A7-A4SE-Tumor,-25,Cycle,Base Substitution,5341856,9251.88,28.00,27.64,0.36,After
TCGA-A7-A4SE-Tumor,-25,Cycle,Base Insertion,5341197,332.88,42.00,41.78,0.22,After
TCGA-A7-A4SE-Tumor,-25,Cycle,Base Deletion,5341197,471.91,41.00,41.28,-0.28,After
TCGA-A7-A4SE-Tumor,26,Cycle,Base Substitution,5421768,8178.58,28.00,28.34,-0.34,After
TCGA-A7-A4SE-Tumor,26,Cycle,Base Insertion,5421367,346.52,42.00,41.78,0.22,After
TCGA-A7-A4SE-Tumor,26,Cycle,Base Deletion,5421367,486.41,41.00,41.29,-0.29,After
TCGA-A7-A4SE-Tumor,-26,Cycle,Base Substitution,5339121,10161.07,27.00,27.21,-0.21,After
TCGA-A7-A4SE-Tumor,-26,Cycle,Base Insertion,5338440,342.26,42.00,41.79,0.21,After
TCGA-A7-A4SE-Tumor,-26,Cycle,Base Deletion,5338440,470.55,41.00,41.29,-0.29,After
TCGA-A7-A4SE-Tumor,27,Cycle,Base Substitution,5420607,8945.29,28.00,27.92,0.08,After
TCGA-A7-A4SE-Tumor,27,Cycle,Base Insertion,5420174,395.74,41.00,41.78,-0.78,After
TCGA-A7-A4SE-Tumor,27,Cycle,Base Deletion,5420174,495.08,40.00,40.29,-0.29,After
TCGA-A7-A4SE-Tumor,-27,Cycle,Base Substitution,5333850,11486.05,27.00,26.90,0.10,After
TCGA-A7-A4SE-Tumor,-27,Cycle,Base Insertion,5333136,366.78,42.00,41.79,0.21,After
TCGA-A7-A4SE-Tumor,-27,Cycle,Base Deletion,5333136,481.34,41.00,41.30,-0.30,After
TCGA-A7-A4SE-Tumor,28,Cycle,Base Substitution,5419666,9498.80,28.00,27.62,0.38,After
TCGA-A7-A4SE-Tumor,28,Cycle,Base Insertion,5419215,316.93,42.00,41.78,0.22,After
TCGA-A7-A4SE-Tumor,28,Cycle,Base Deletion,5419215,478.61,41.00,41.30,-0.30,After
TCGA-A7-A4SE-Tumor,-28,Cycle,Base Substitution,5334235,9362.60,28.00,27.63,0.37,After
TCGA-A7-A4SE-Tumor,-28,Cycle,Base Insertion,5333476,311.44,42.00,42.79,-0.79,After
TCGA-A7-A4SE-Tumor,-28,Cycle,Base Deletion,5333476,486.87,40.00,40.32,-0.32,After
TCGA-A7-A4SE-Tumor,29,Cycle,Base Substitution,5418634,8257.91,28.00,28.15,-0.15,After
TCGA-A7-A4SE-Tumor,29,Cycle,Base Insertion,5418145,331.85,42.00,41.79,0.21,After
TCGA-A7-A4SE-Tumor,29,Cycle,Base Deletion,5418145,463.90,41.00,41.30,-0.30,After
TCGA-A7-A4SE-Tumor,-29,Cycle,Base Substitution,5330470,9576.96,27.00,27.54,-0.54,After
TCGA-A7-A4SE-Tumor,-29,Cycle,Base Insertion,5329703,309.13,42.00,41.80,0.20,After
TCGA-A7-A4SE-Tumor,-29,Cycle,Base Deletion,5329703,466.33,41.00,41.31,-0.31,After
TCGA-A7-A4SE-Tumor,30,Cycle,Base Substitution,5417651,8263.52,28.00,28.17,-0.17,After
TCGA-A7-A4SE-Tumor,30,Cycle,Base Insertion,5417126,337.50,42.00,41.79,0.21,After
TCGA-A7-A4SE-Tumor,30,Cycle,Base Deletion,5417126,467.03,41.00,41.30,-0.30,After
TCGA-A7-A4SE-Tumor,-30,Cycle,Base Substitution,5328230,9730.03,27.00,27.42,-0.42,After
TCGA-A7-A4SE-Tumor,-30,Cycle,Base Insertion,5327452,326.05,42.00,41.80,0.20,After
TCGA-A7-A4SE-Tumor,-30,Cycle,Base Deletion,5327452,458.27,41.00,41.32,-0.32,After
TCGA-A7-A4SE-Tumor,31,Cycle,Base Substitution,5416572,8555.76,28.00,28.16,-0.16,After
TCGA-A7-A4SE-Tumor,31,Cycle,Base Insertion,5416066,314.13,42.00,41.79,0.21,After
TCGA-A7-A4SE-Tumor,31,Cycle,Base Deletion,5416066,463.42,41.00,41.31,-0.31,After
TCGA-A7-A4SE-Tumor,-31,Cycle,Base Substitution,5325478,9687.91,27.00,27.49,-0.49,After
TCGA-A7-A4SE-Tumor,-31,Cycle,Base Insertion,5324704,331.22,42.00,41.80,0.20,After
TCGA-A7-A4SE-Tumor,-31,Cycle,Base Deletion,5324704,447.02,41.00,41.33,-0.33,After
TCGA-A7-A4SE-Tumor,32,Cycle,Base Substitution,5415106,8304.18,28.00,28.12,-0.12,After
TCGA-A7-A4SE-Tumor,32,Cycle,Base Insertion,5414599,318.84,42.00,41.79,0.21,After
TCGA-A7-A4SE-Tumor,32,Cycle,Base Deletion,5414599,469.86,41.00,41.32,-0.32,After
TCGA-A7-A4SE-Tumor,-32,Cycle,Base Substitution,5322391,9241.24,28.00,27.52,0.48,After
TCGA-A7-A4SE-Tumor,-32,Cycle,Base Insertion,5321631,312.64,42.00,41.81,0.19,After
TCGA-A7-A4SE-Tumor,-32,Cycle,Base Deletion,5321631,452.82,41.00,41.33,-0.33,After
TCGA-A7-A4SE-Tumor,33,Cycle,Base Substitution,5414066,9316.80,28.00,27.71,0.29,After
TCGA-A7-A4SE-Tumor,33,Cycle,Base Insertion,5413556,334.68,42.00,41.79,0.21,After
TCGA-A7-A4SE-Tumor,33,Cycle,Base Deletion,5413556,455.15,41.00,41.32,-0.32,After
TCGA-A7-A4SE-Tumor,-33,Cycle,Base Substitution,5319174,9525.13,27.00,27.45,-0.45,After
TCGA-A7-A4SE-Tumor,-33,Cycle,Base Insertion,5318404,302.70,42.00,42.80,-0.80,After
TCGA-A7-A4SE-Tumor,-33,Cycle,Base Deletion,5318404,451.96,41.00,41.33,-0.33,After
TCGA-A7-A4SE-Tumor,34,Cycle,Base Substitution,5412740,8338.99,28.00,28.09,-0.09,After
TCGA-A7-A4SE-Tumor,34,Cycle,Base Insertion,5412252,330.14,42.00,41.80,0.20,After
TCGA-A7-A4SE-Tumor,34,Cycle,Base Deletion,5412252,453.89,41.00,41.32,-0.32,After
TCGA-A7-A4SE-Tumor,-34,Cycle,Base Substitution,5315527,9333.94,28.00,27.57,0.43,After
TCGA-A7-A4SE-Tumor,-34,Cycle,Base Insertion,5314755,297.20,43.00,42.81,0.19,After
TCGA-A7-A4SE-Tumor,-34,Cycle,Base Deletion,5314755,445.40,41.00,41.34,-0.34,After
TCGA-A7-A4SE-Tumor,35,Cycle,Base Substitution,5411250,8423.70,28.00,28.02,-0.02,After
TCGA-A7-A4SE-Tumor,35,Cycle,Base Insertion,5410751,358.46,42.00,41.80,0.20,After
TCGA-A7-A4SE-Tumor,35,Cycle,Base Deletion,5410751,451.26,41.00,41.32,-0.32,After
TCGA-A7-A4SE-Tumor,-35,Cycle,Base Substitution,5312443,9433.23,28.00,27.45,0.55,After
TCGA-A7-A4SE-Tumor,-35,Cycle,Base Insertion,5311631,323.23,42.00,41.81,0.19,After
TCGA-A7-A4SE-Tumor,-35,Cycle,Base Deletion,5311631,435.21,41.00,41.33,-0.33,After
TCGA-A7-A4SE-Tumor,36,Cycle,Base Substitution,5409650,8989.49,28.00,27.81,0.19,After
TCGA-A7-A4SE-Tumor,36,Cycle,Base Insertion,5409133,338.39,42.00,41.80,0.20,After
TCGA-A7-A4SE-Tumor,36,Cycle,Base Deletion,5409133,454.30,41.00,41.33,-0.33,After
TCGA-A7-A4SE-Tumor,-36,Cycle,Base Substitution,5308357,9671.30,27.00,27.35,-0.35,After
TCGA-A7-A4SE-Tumor,-36,Cycle,Base Insertion,5307526,302.16,42.00,42.81,-0.81,After
TCGA-A7-A4SE-Tumor,-36,Cycle,Base Deletion,5307526,442.55,41.00,41.34,-0.34,After
TCGA-A7-A4SE-Tumor,37,Cycle,Base Substitution,5408028,8508.44,28.00,28.01,-0.01,After
TCGA-A7-A4SE-Tumor,37,Cycle,Base Insertion,5407485,332.03,42.00,41.80,0.20,After
TCGA-A7-A4SE-Tumor,37,Cycle,Base Deletion,5407485,428.66,41.00,41.33,-0.33,After
TCGA-A7-A4SE-Tumor,-37,Cycle,Base Substitution,5304600,10410.22,27.00,27.06,-0.06,After
TCGA-A7-A4SE-Tumor,-37,Cycle,Base Insertion,5303757,310.23,42.00,41.81,0.19,After
TCGA-A7-A4SE-Tumor,-37,Cycle,Base Deletion,5303757,433.42,41.00,41.34,-0.34,After
TCGA-A7-A4SE-Tumor,38,Cycle,Base Substitution,5406452,8516.63,28.00,27.98,0.02,After
TCGA-A7-A4SE-Tumor,38,Cycle,Base Insertion,5405874,354.70,42.00,41.80,0.20,After
TCGA-A7-A4SE-Tumor,38,Cycle,Base Deletion,5405874,440.70,41.00,41.33,-0.33,After
TCGA-A7-A4SE-Tumor,-38,Cycle,Base Substitution,5301143,9579.99,27.00,27.39,-0.39,After
TCGA-A7-A4SE-Tumor,-38,Cycle,Base Insertion,5300336,317.15,42.00,41.81,0.19,After
TCGA-A7-A4SE-Tumor,-38,Cycle,Base Deletion,5300336,435.89,41.00,41.34,-0.34,After
TCGA-A7-A4SE-Tumor,39,Cycle,Base Substitution,5405417,7998.32,28.00,28.26,-0.26,After
TCGA-A7-A4SE-Tumor,39,Cycle,Base Insertion,5404829,348.43,42.00,41.80,0.20,After
TCGA-A7-A4SE-Tumor,39,Cycle,Base Deletion,5404829,447.95,41.00,41.33,-0.33,After
TCGA-A7-A4SE-Tumor,-39,Cycle,Base Substitution,5296862,10572.69,27.00,27.00,-0.00,After
TCGA-A7-A4SE-Tumor,-39,Cycle,Base Insertion,5296052,309.41,42.00,41.81,0.19,After
TCGA-A7-A4SE-Tumor,-39,Cycle,Base Deletion,5296052,446.93,41.00,41.34,-0.34,After
TCGA-A7-A4SE-Tumor,40,Cycle,Base Substitution,5404258,8090.74,28.00,28.18,-0.18,After
TCGA-A7-A4SE-Tumor,40,Cycle,Base Insertion,5403666,345.81,42.00,41.80,0.20,After
TCGA-A7-A4SE-Tumor,40,Cycle,Base Deletion,5403666,455.19,41.00,41.33,-0.33,After
TCGA-A7-A4SE-Tumor,-40,Cycle,Base Substitution,5294690,9482.94,27.00,27.46,-0.46,After
TCGA-A7-A4SE-Tumor,-40,Cycle,Base Insertion,5293865,301.09,42.00,42.81,-0.81,After
TCGA-A7-A4SE-Tumor,-40,Cycle,Base Deletion,5293865,422.45,41.00,41.34,-0.34,After
TCGA-A7-A4SE-Tumor,41,Cycle,Base Substitution,5401994,8789.58,28.00,27.93,0.07,After
TCGA-A7-A4SE-Tumor,41,Cycle,Base Insertion,5401400,344.82,42.00,41.80,0.20,After
TCGA-A7-A4SE-Tumor,41,Cycle,Base Deletion,5401400,450.90,41.00,41.33,-0.33,After
TCGA-A7-A4SE-Tumor,-41,Cycle,Base Substitution,5290827,9210.97,28.00,27.65,0.35,After
TCGA-A7-A4SE-Tumor,-41,Cycle,Base Insertion,5290008,293.49,43.00,42.81,0.19,After
TCGA-A7-A4SE-Tumor,-41,Cycle,Base Deletion,5290008,424.08,41.00,41.34,-0.34,After
TCGA-A7-A4SE-Tumor,42,Cycle,Base Substitution,5400467,8618.12,28.00,28.18,-0.18,After
TCGA-A7-A4SE-Tumor,42,Cycle,Base Insertion,5399849,305.06,42.00,42.80,-0.80,After
TCGA-A7-A4SE-Tumor,42,Cycle,Base Deletion,5399849,467.61,41.00,41.34,-0.34,After
TCGA-A7-A4SE-Tumor,-42,Cycle,Base Substitution,5287063,8982.36,28.00,27.72,0.28,After
TCGA-A7-A4SE-Tumor,-42,Cycle,Base Insertion,5286254,292.92,43.00,42.81,0.19,After
TCGA-A7-A4SE-Tumor,-42,Cycle,Base Deletion,5286254,423.82,41.00,41.35,-0.35,After
TCGA-A7-A4SE-Tumor,43,Cycle,Base Substitution,5398195,8360.71,28.00,28.27,-0.27,After
TCGA-A7-A4SE-Tumor,43,Cycle,Base Insertion,5397588,297.45,43.00,42.80,0.20,After
TCGA-A7-A4SE-Tumor,43,Cycle,Base Deletion,5397588,461.63,41.00,41.33,-0.33,After
TCGA-A7-A4SE-Tumor,-43,Cycle,Base Substitution,5282897,8817.14,28.00,27.77,0.23,After
TCGA-A7-A4SE-Tumor,-43,Cycle,Base Insertion,5282093,283.74,43.00,42.81,0.19,After
TCGA-A7-A4SE-Tumor,-43,Cycle,Base Deletion,5282093,425.55,41.00,41.34,-0.34,After
TCGA-A7-A4SE-Tumor,44,Cycle,Base Substitution,5395952,8259.42,28.00,28.08,-0.08,After
TCGA-A7-A4SE-Tumor,44,Cycle,Base Insertion,5395352,342.04,42.00,41.80,0.20,After
TCGA-A7-A4SE-Tumor,44,Cycle,Base Deletion,5395352,457.86,41.00,41.33,-0.33,After
TCGA-A7-A4SE-Tumor,-44,Cycle,Base Substitution,5278699,8903.68,28.00,27.71,0.29,After
TCGA-A7-A4SE-Tumor,-44,Cycle,Base Insertion,5277911,286.94,43.00,42.81,0.19,After
TCGA-A7-A4SE-Tumor,-44,Cycle,Base Deletion,5277911,420.06,41.00,41.35,-0.35,After
TCGA-A7-A4SE-Tumor,45,Cycle,Base Substitution,5393420,8733.00,28.00,27.93,0.07,After
TCGA-A7-A4SE-Tumor,45,Cycle,Base Insertion,5392784,311.32,42.00,41.80,0.20,After
TCGA-A7-A4SE-Tumor,45,Cycle,Base Deletion,5392784,458.69,41.00,41.34,-0.34,After
TCGA-A7-A4SE-Tumor,-45,Cycle,Base Substitution,5275200,8931.16,28.00,27.71,0.29,After
TCGA-A7-A4SE-Tumor,-45,Cycle,Base Insertion,5274382,291.91,43.00,42.81,0.19,After
TCGA-A7-A4SE-Tumor,-45,Cycle,Base Deletion,5274382,422.56,41.00,41.34,-0.34,After
TCGA-A7-A4SE-Tumor,46,Cycle,Base Substitution,5391687,8652.82,28.00,27.90,0.10,After
TCGA-A7-A4SE-Tumor,46,Cycle,Base Insertion,5391079,314.89,42.00,41.80,0.20,After
TCGA-A7-A4SE-Tumor,46,Cycle,Base Deletion,5391079,467.58,41.00,41.34,-0.34,After
TCGA-A7-A4SE-Tumor,-46,Cycle,Base Substitution,5270194,8940.33,28.00,27.69,0.31,After
TCGA-A7-A4SE-Tumor,-46,Cycle,Base Insertion,5269354,266.66,43.00,42.81,0.19,After
TCGA-A7-A4SE-Tumor,-46,Cycle,Base Deletion,5269354,416.40,41.00,41.35,-0.35,After
TCGA-A7-A4SE-Tumor,47,Cycle,Base Substitution,5389392,8902.14,28.00,27.83,0.17,After
TCGA-A7-A4SE-Tumor,47,Cycle,Base Insertion,5388752,283.24,43.00,42.81,0.19,After
TCGA-A7-A4SE-Tumor,47,Cycle,Base Deletion,5388752,461.01,41.00,41.34,-0.34,After
TCGA-A7-A4SE-Tumor,-47,Cycle,Base Substitution,5265568,8823.62,28.00,27.76,0.24,After
TCGA-A7-A4SE-Tumor,-47,Cycle,Base Insertion,5264688,278.45,43.00,42.82,0.18,After
TCGA-A7-A4SE-Tumor,-47,Cycle,Base Deletion,5264688,416.68,41.00,41.35,-0.35,After
TCGA-A7-A4SE-Tumor,48,Cycle,Base Substitution,5387019,8818.03,28.00,27.63,0.37,After
TCGA-A7-A4SE-Tumor,48,Cycle,Base Insertion,5386297,289.94,43.00,42.80,0.20,After
TCGA-A7-A4SE-Tumor,48,Cycle,Base Deletion,5386297,453.50,41.00,41.34,-0.34,After
TCGA-A7-A4SE-Tumor,-48,Cycle,Base Substitution,5260928,8888.56,28.00,27.69,0.31,After
TCGA-A7-A4SE-Tumor,-48,Cycle,Base Insertion,5260041,260.96,43.00,42.81,0.19,After
TCGA-A7-A4SE-Tumor,-48,Cycle,Base Deletion,5260041,403.07,41.00,41.35,-0.35,After
TCGA-A7-A4SE-Tumor,49,Cycle,Base Substitution,5384763,8745.13,28.00,27.95,0.05,After
TCGA-A7-A4SE-Tumor,49,Cycle,Base Insertion,5384018,299.83,43.00,42.80,0.20,After
TCGA-A7-A4SE-Tumor,49,Cycle,Base Deletion,5384018,453.10,41.00,41.34,-0.34,After
TCGA-A7-A4SE-Tumor,-49,Cycle,Base Substitution,5255547,11060.67,27.00,26.84,0.16,After
TCGA-A7-A4SE-Tumor,-49,Cycle,Base Insertion,5254645,292.91,43.00,42.82,0.18,After
TCGA-A7-A4SE-Tumor,-49,Cycle,Base Deletion,5254645,404.02,41.00,41.36,-0.36,After
TCGA-A7-A4SE-Tumor,50,Cycle,Base Substitution,5382526,8782.14,28.00,27.82,0.18,After
TCGA-A7-A4SE-Tumor,50,Cycle,Base Insertion,5381745,293.94,43.00,42.80,0.20,After
TCGA-A7-A4SE-Tumor,50,Cycle,Base Deletion,5381745,454.15,41.00,41.34,-0.34,After
TCGA-A7-A4SE-Tumor,-50,Cycle,Base Substitution,5251228,8746.17,28.00,27.86,0.14,After
TCGA-A7-A4SE-Tumor,-50,Cycle,Base Insertion,5250301,287.01,43.00,42.81,0.19,After
TCGA-A7-A4SE-Tumor,-50,Cycle,Base Deletion,5250301,398.00,41.00,41.35,-0.35,After
TCGA-A7-A4SE-Tumor,51,Cycle,Base Substitution,5379926,8562.83,28.00,27.87,0.13,After
TCGA-A7-A4SE-Tumor,51,Cycle,Base Insertion,5379040,314.19,42.00,41.81,0.19,After
TCGA-A7-A4SE-Tumor,51,Cycle,Base Deletion,5379040,444.91,41.00,41.35,-0.35,After
TCGA-A7-A4SE-Tumor,-51,Cycle,Base Substitution,5245808,8442.57,28.00,27.75,0.25,After
TCGA-A7-A4SE-Tumor,-51,Cycle,Base Insertion,5244798,293.24,43.00,42.81,0.19,After
TCGA-A7-A4SE-Tumor,-51,Cycle,Base Deletion,5244798,407.04,41.00,41.35,-0.35,After
TCGA-A7-A4SE-Tumor,52,Cycle,Base Substitution,5378672,8316.39,28.00,28.01,-0.01,After
TCGA-A7-A4SE-Tumor,52,Cycle,Base Insertion,5377688,306.88,42.00,42.81,-0.81,After
TCGA-A7-A4SE-Tumor,52,Cycle,Base Deletion,5377688,446.30,41.00,41.35,-0.35,After
TCGA-A7-A4SE-Tumor,-52,Cycle,Base Substitution,5242353,8272.79,28.00,27.78,0.22,After
TCGA-A7-A4SE-Tumor,-52,Cycle,Base Insertion,5241246,296.51,42.00,42.81,-0.81,After
TCGA-A7-A4SE-Tumor,-52,Cycle,Base Deletion,5241246,410.63,41.00,41.35,-0.35,After
TCGA-A7-A4SE-Tumor,53,Cycle,Base Substitution,5376297,8007.85,28.00,28.17,-0.17,After
TCGA-A7-A4SE-Tumor,53,Cycle,Base Insertion,5375198,300.04,43.00,42.81,0.19,After
TCGA-A7-A4SE-Tumor,53,Cycle,Base Deletion,5375198,451.90,41.00,41.35,-0.35,After
TCGA-A7-A4SE-Tumor,-53,Cycle,Base Substitution,5239446,8114.75,28.00,27.82,0.18,After
TCGA-A7-A4SE-Tumor,-53,Cycle,Base Insertion,5238269,280.79,43.00,42.81,0.19,After
TCGA-A7-A4SE-Tumor,-53,Cycle,Base Deletion,5238269,414.85,41.00,41.35,-0.35,After
TCGA-A7-A4SE-Tumor,54,Cycle,Base Substitution,5373896,8785.69,28.00,27.85,0.15,After
TCGA-A7-A4SE-Tumor,54,Cycle,Base Insertion,5372735,293.98,43.00,42.81,0.19,After
TCGA-A7-A4SE-Tumor,54,Cycle,Base Deletion,5372735,451.23,41.00,41.35,-0.35,After
TCGA-A7-A4SE-Tumor,-54,Cycle,Base Substitution,5235645,8466.51,28.00,27.80,0.20,After
TCGA-A7-A4SE-Tumor,-54,Cycle,Base Insertion,5234378,267.83,43.00,42.81,0.19,After
TCGA-A7-A4SE-Tumor,-54,Cycle,Base Deletion,5234378,420.59,41.00,41.35,-0.35,After
TCGA-A7-A4SE-Tumor,55,Cycle,Base Substitution,5370587,8731.19,28.00,27.71,0.29,After
TCGA-A7-A4SE-Tumor,55,Cycle,Base Insertion,5369348,273.99,43.00,42.81,0.19,After
TCGA-A7-A4SE-Tumor,55,Cycle,Base Deletion,5369348,438.55,41.00,41.35,-0.35,After
TCGA-A7-A4SE-Tumor,-55,Cycle,Base Substitution,5231236,8581.06,28.00,27.74,0.26,After
TCGA-A7-A4SE-Tumor,-55,Cycle,Base Insertion,5229966,277.11,43.00,42.81,0.19,After
TCGA-A7-A4SE-Tumor,-55,Cycle,Base Deletion,5229966,422.47,41.00,41.35,-0.35,After
TCGA-A7-A4SE-Tumor,56,Cycle,Base Substitution,5366688,8447.14,28.00,28.00,0.00,After
TCGA-A7-A4SE-Tumor,56,Cycle,Base Insertion,5365513,294.64,43.00,42.81,0.19,After
TCGA-A7-A4SE-Tumor,56,Cycle,Base Deletion,5365513,439.66,41.00,41.35,-0.35,After
TCGA-A7-A4SE-Tumor,-56,Cycle,Base Substitution,5226558,8491.62,28.00,27.70,0.30,After
TCGA-A7-A4SE-Tumor,-56,Cycle,Base Insertion,5225270,259.82,43.00,42.81,0.19,After
TCGA-A7-A4SE-Tumor,-56,Cycle,Base Deletion,5225270,419.48,41.00,41.35,-0.35,After
TCGA-A7-A4SE-Tumor,57,Cycle,Base Substitution,5364018,8225.88,28.00,27.89,0.11,After
TCGA-A7-A4SE-Tumor,57,Cycle,Base Insertion,5362820,300.10,43.00,42.81,0.19,After
TCGA-A7-A4SE-Tumor,57,Cycle,Base Deletion,5362820,452.37,41.00,41.35,-0.35,After
TCGA-A7-A4SE-Tumor,-57,Cycle,Base Substitution,5223394,8445.31,28.00,27.64,0.36,After
TCGA-A7-A4SE-Tumor,-57,Cycle,Base Insertion,5222017,293.35,43.00,42.81,0.19,After
TCGA-A7-A4SE-Tumor,-57,Cycle,Base Deletion,5222017,424.26,41.00,41.35,-0.35,After
TCGA-A7-A4SE-Tumor,58,Cycle,Base Substitution,5361403,8341.19,28.00,27.89,0.11,After
TCGA-A7-A4SE-Tumor,58,Cycle,Base Insertion,5360124,298.45,43.00,42.81,0.19,After
TCGA-A7-A4SE-Tumor,58,Cycle,Base Deletion,5360124,441.13,41.00,41.35,-0.35,After
TCGA-A7-A4SE-Tumor,-58,Cycle,Base Substitution,5219223,8133.74,28.00,27.91,0.09,After
TCGA-A7-A4SE-Tumor,-58,Cycle,Base Insertion,5217853,302.84,42.00,41.81,0.19,After
TCGA-A7-A4SE-Tumor,-58,Cycle,Base Deletion,5217853,425.81,41.00,41.35,-0.35,After
TCGA-A7-A4SE-Tumor,59,Cycle,Base Substitution,5357570,8126.04,28.00,27.90,0.10,After
TCGA-A7-A4SE-Tumor,59,Cycle,Base Insertion,5356253,305.50,42.00,42.81,-0.81,After
TCGA-A7-A4SE-Tumor,59,Cycle,Base Deletion,5356253,447.02,41.00,41.35,-0.35,After
TCGA-A7-A4SE-Tumor,-59,Cycle,Base Substitution,5214658,7948.18,28.00,28.13,-0.13,After
TCGA-A7-A4SE-Tumor,-59,Cycle,Base Insertion,5213220,289.62,43.00,42.81,0.19,After
TCGA-A7-A4SE-Tumor,-59,Cycle,Base Deletion,5213220,431.34,41.00,41.35,-0.35,After
TCGA-A7-A4SE-Tumor,60,Cycle,Base Substitution,5353765,8545.02,28.00,27.97,0.03,After
TCGA-A7-A4SE-Tumor,60,Cycle,Base Insertion,5352398,296.06,43.00,42.81,0.19,After
TCGA-A7-A4SE-Tumor,60,Cycle,Base Deletion,5352398,436.94,41.00,41.35,-0.35,After
TCGA-A7-A4SE-Tumor,-60,Cycle,Base Substitution,5209743,8012.99,28.00,28.02,-0.02,After
TCGA-A7-A4SE-Tumor,-60,Cycle,Base Insertion,5208223,262.11,43.00,42.81,0.19,After
TCGA-A7-A4SE-Tumor,-60,Cycle,Base Deletion,5208223,412.65,41.00,41.35,-0.35,After
TCGA-A7-A4SE-Tumor,61,Cycle,Base Substitution,5351530,8264.39,28.00,28.07,-0.07,After
TCGA-A7-A4SE-Tumor,61,Cycle,Base Insertion,5350077,298.35,43.00,42.81,0.19,After
TCGA-A7-A4SE-Tumor,61,Cycle,Base Deletion,5350077,443.83,41.00,41.35,-0.35,After
TCGA-A7-A4SE-Tumor,-61,Cycle,Base Substitution,5204768,8157.39,28.00,27.92,0.08,After
TCGA-A7-A4SE-Tumor,-61,Cycle,Base Insertion,5203177,264.11,43.00,42.82,0.18,After
TCGA-A7-A4SE-Tumor,-61,Cycle,Base Deletion,5203177,406.66,41.00,41.36,-0.36,After
TCGA-A7-A4SE-Tumor,62,Cycle,Base Substitution,5348000,8389.60,28.00,27.97,0.03,After
TCGA-A7-A4SE-Tumor,62,Cycle,Base Insertion,5346505,294.33,43.00,42.81,0.19,After
TCGA-A7-A4SE-Tumor,62,Cycle,Base Deletion,5346505,443.30,41.00,41.35,-0.35,After
TCGA-A7-A4SE-Tumor,-62,Cycle,Base Substitution,5199237,8285.18,28.00,27.94,0.06,After
TCGA-A7-A4SE-Tumor,-62,Cycle,Base Insertion,5197565,257.48,43.00,42.82,0.18,After
TCGA-A7-A4SE-Tumor,-62,Cycle,Base Deletion,5197565,409.70,41.00,41.36,-0.36,After
TCGA-A7-A4SE-Tumor,63,Cycle,Base Substitution,5343945,8271.25,28.00,28.04,-0.04,After
TCGA-A7-A4SE-Tumor,63,Cycle,Base Insertion,5342349,291.35,43.00,42.81,0.19,After
TCGA-A7-A4SE-Tumor,63,Cycle,Base Deletion,5342349,440.85,41.00,41.36,-0.36,After
TCGA-A7-A4SE-Tumor,-63,Cycle,Base Substitution,5193746,8780.40,28.00,27.62,0.38,After
TCGA-A7-A4SE-Tumor,-63,Cycle,Base Insertion,5191994,283.06,43.00,42.82,0.18,After
TCGA-A7-A4SE-Tumor,-63,Cycle,Base Deletion,5191994,407.88,41.00,41.36,-0.36,After
TCGA-A7-A4SE-Tumor,64,Cycle,Base Substitution,5340710,8058.61,28.00,28.06,-0.06,After
TCGA-A7-A4SE-Tumor,64,Cycle,Base Insertion,5339002,287.95,43.00,42.81,0.19,After
TCGA-A7-A4SE-Tumor,64,Cycle,Base Deletion,5339002,431.10,41.00,41.35,-0.35,After
TCGA-A7-A4SE-Tumor,-64,Cycle,Base Substitution,5188505,7919.86,28.00,28.00,-0.00,After
TCGA-A7-A4SE-Tumor,-64,Cycle,Base Insertion,5186707,263.27,43.00,42.82,0.18,After
TCGA-A7-A4SE-Tumor,-64,Cycle,Base Deletion,5186707,405.64,41.00,41.36,-0.36,After
TCGA-A7-A4SE-Tumor,65,Cycle,Base Substitution,5337076,8214.00,28.00,27.92,0.08,After
TCGA-A7-A4SE-Tumor,65,Cycle,Base Insertion,5335324,295.88,43.00,42.81,0.19,After
TCGA-A7-A4SE-Tumor,65,Cycle,Base Deletion,5335324,429.88,41.00,41.35,-0.35,After
TCGA-A7-A4SE-Tumor,-65,Cycle,Base Substitution,5182392,8072.73,28.00,27.95,0.05,After
TCGA-A7-A4SE-Tumor,-65,Cycle,Base Insertion,5180509,266.40,43.00,42.82,0.18,After
TCGA-A7-A4SE-Tumor,-65,Cycle,Base Deletion,5180509,403.44,41.00,41.36,-0.36,After
TCGA-A7-A4SE-Tumor,66,Cycle,Base Substitution,5332425,8703.11,28.00,27.81,0.19,After
TCGA-A7-A4SE-Tumor,66,Cycle,Base Insertion,5330531,297.15,43.00,42.81,0.19,After
TCGA-A7-A4SE-Tumor,66,Cycle,Base Deletion,5330531,426.70,41.00,41.35,-0.35,After
TCGA-A7-A4SE-Tumor,-66,Cycle,Base Substitution,5177052,7909.03,28.00,27.91,0.09,After
TCGA-A7-A4SE-Tumor,-66,Cycle,Base Insertion,5175038,245.88,43.00,42.82,0.18,After
TCGA-A7-A4SE-Tumor,-66,Cycle,Base Deletion,5175038,403.42,41.00,41.36,-0.36,After
TCGA-A7-A4SE-Tumor,67,Cycle,Base Substitution,5328227,8415.19,28.00,27.73,0.27,After
TCGA-A7-A4SE-Tumor,67,Cycle,Base Insertion,5326249,275.06,43.00,42.81,0.19,After
TCGA-A7-A4SE-Tumor,67,Cycle,Base Deletion,5326249,426.95,41.00,41.35,-0.35,After
TCGA-A7-A4SE-Tumor,-67,Cycle,Base Substitution,5171031,7699.96,28.00,28.13,-0.13,After
TCGA-A7-A4SE-Tumor,-67,Cycle,Base Insertion,5168881,284.97,43.00,42.82,0.18,After
TCGA-A7-A4SE-Tumor,-67,Cycle,Base Deletion,5168881,393.26,41.00,41.36,-0.36,After
TCGA-A7-A4SE-Tumor,68,Cycle,Base Substitution,5323877,8715.84,28.00,27.60,0.40,After
TCGA-A7-A4SE-Tumor,68,Cycle,Base Insertion,5321781,265.13,43.00,42.81,0.19,After
TCGA-A7-A4SE-Tumor,68,Cycle,Base Deletion,5321781,417.60,41.00,41.36,-0.36,After
TCGA-A7-A4SE-Tumor,-68,Cycle,Base Substitution,5165096,7904.07,28.00,27.80,0.20,After
TCGA-A7-A4SE-Tumor,-68,Cycle,Base Insertion,5162820,271.25,43.00,42.82,0.18,After
TCGA-A7-A4SE-Tumor,-68,Cycle,Base Deletion,5162820,399.03,41.00,41.36,-0.36,After
TCGA-A7-A4SE-Tumor,69,Cycle,Base Substitution,5319434,8181.75,28.00,27.87,0.13,After
TCGA-A7-A4SE-Tumor,69,Cycle,Base Insertion,5317149,263.96,43.00,42.81,0.19,After
TCGA-A7-A4SE-Tumor,69,Cycle,Base Deletion,5317149,410.42,41.00,41.36,-0.36,After
TCGA-A7-A4SE-Tumor,-69,Cycle,Base Substitution,5157916,7659.11,28.00,28.09,-0.09,After
TCGA-A7-A4SE-Tumor,-69,Cycle,Base Insertion,5155501,266.97,43.00,42.82,0.18,After
TCGA-A7-A4SE-Tumor,-69,Cycle,Base Deletion,5155501,393.18,41.00,41.36,-0.36,After
TCGA-A7-A4SE-Tumor,70,Cycle,Base Substitution,5315033,8426.37,28.00,27.89,0.11,After
TCGA-A7-A4SE-Tumor,70,Cycle,Base Insertion,5312634,279.07,43.00,42.81,0.19,After
TCGA-A7-A4SE-Tumor,70,Cycle,Base Deletion,5312634,410.41,41.00,41.36,-0.36,After
TCGA-A7-A4SE-Tumor,-70,Cycle,Base Substitution,5151419,8024.84,28.00,28.01,-0.01,After
TCGA-A7-A4SE-Tumor,-70,Cycle,Base Insertion,5148878,272.24,43.00,42.82,0.18,After
TCGA-A7-A4SE-Tumor,-70,Cycle,Base Deletion,5148878,383.68,41.00,41.36,-0.36,After
TCGA-A7-A4SE-Tumor,71,Cycle,Base Substitution,5310388,8203.59,28.00,27.79,0.21,After
TCGA-A7-A4SE-Tumor,71,Cycle,Base Insertion,5307765,260.38,43.00,42.81,0.19,After
TCGA-A7-A4SE-Tumor,71,Cycle,Base Deletion,5307765,406.98,41.00,41.36,-0.36,After
TCGA-A7-A4SE-Tumor,-71,Cycle,Base Substitution,5145112,8786.19,28.00,27.58,0.42,After
TCGA-A7-A4SE-Tumor,-71,Cycle,Base Insertion,5142362,247.67,43.00,42.82,0.18,After
TCGA-A7-A4SE-Tumor,-71,Cycle,Base Deletion,5142362,369.79,41.00,41.36,-0.36,After
TCGA-A7-A4SE-Tumor,72,Cycle,Base Substitution,5305398,8184.62,28.00,27.92,0.08,After
TCGA-A7-A4SE-Tumor,72,Cycle,Base Insertion,5302496,252.32,43.00,42.81,0.19,After
TCGA-A7-A4SE-Tumor,72,Cycle,Base Deletion,5302496,403.74,41.00,41.36,-0.36,After
TCGA-A7-A4SE-Tumor,-72,Cycle,Base Substitution,5138331,7910.54,28.00,27.80,0.20,After
TCGA-A7-A4SE-Tumor,-72,Cycle,Base Insertion,5135234,242.10,43.00,42.81,0.19,After
TCGA-A7-A4SE-Tumor,-72,Cycle,Base Deletion,5135234,389.42,41.00,41.35,-0.35,After
TCGA-A7-A4SE-Tumor,73,Cycle,Base Substitution,5299406,8822.47,28.00,27.68,0.32,After
TCGA-A7-A4SE-Tumor,73,Cycle,Base Insertion,5296209,244.29,43.00,42.81,0.19,After
TCGA-A7-A4SE-Tumor,73,Cycle,Base Deletion,5296209,402.64,41.00,41.36,-0.36,After
TCGA-A7-A4SE-Tumor,-73,Cycle,Base Substitution,5130741,10087.62,27.00,27.06,-0.06,After
TCGA-A7-A4SE-Tumor,-73,Cycle,Base Insertion,5127412,229.89,43.00,42.82,0.18,After
TCGA-A7-A4SE-Tumor,-73,Cycle,Base Deletion,5127412,383.97,41.00,41.36,-0.36,After
TCGA-A7-A4SE-Tumor,74,Cycle,Base Substitution,5295242,8401.78,28.00,27.62,0.38,After
TCGA-A7-A4SE-Tumor,74,Cycle,Base Insertion,5291700,253.92,43.00,42.81,0.19,After
TCGA-A7-A4SE-Tumor,74,Cycle,Base Deletion,5291700,394.65,41.00,41.36,-0.36,After
TCGA-A7-A4SE-Tumor,-74,Cycle,Base Substitution,5123899,7854.27,28.00,27.94,0.06,After
TCGA-A7-A4SE-Tumor,-74,Cycle,Base Insertion,5120264,247.68,43.00,42.82,0.18,After
TCGA-A7-A4SE-Tumor,-74,Cycle,Base Deletion,5120264,369.02,41.00,41.36,-0.36,After
TCGA-A7-A4SE-Tumor,75,Cycle,Base Substitution,5287984,8185.48,28.00,27.69,0.31,After
TCGA-A7-A4SE-Tumor,75,Cycle,Base Insertion,5284149,239.22,43.00,42.81,0.19,After
TCGA-A7-A4SE-Tumor,75,Cycle,Base Deletion,5284149,403.45,41.00,41.36,-0.36,After
TCGA-A7-A4SE-Tumor,-75,Cycle,Base Substitution,5117173,7868.10,28.00,27.97,0.03,After
TCGA-A7-A4SE-Tumor,-75,Cycle,Base Insertion,5113224,255.95,43.00,42.81,0.19,After
TCGA-A7-A4SE-Tumor,-75,Cycle,Base Deletion,5113224,374.06,41.00,41.35,-0.35,After
TCGA-A7-A4SE-Tumor,76,Cycle,Base Substitution,5282994,8460.42,28.00,27.94,0.06,After
TCGA-A7-A4SE-Tumor,76,Cycle,Base Insertion,5278811,253.55,43.00,42.81,0.19,After
TCGA-A7-A4SE-Tumor,76,Cycle,Base Deletion,5278811,409.88,41.00,41.35,-0.35,After
TCGA-A7-A4SE-Tumor,-76,Cycle,Base Substitution,5110007,7551.11,28.00,28.14,-0.14,After
TCGA-A7-A4SE-Tumor,-76,Cycle,Base Insertion,5105757,255.64,43.00,42.81,0.19,After
TCGA-A7-A4SE-Tumor,-76,Cycle,Base Deletion,5105757,366.97,41.00,41.35,-0.35,After
TCGA-A7-A4SE-Tumor,77,Cycle,Base Substitution,5279364,7860.31,28.00,27.85,0.15,After
TCGA-A7-A4SE-Tumor,77,Cycle,Base Insertion,5274605,268.90,43.00,42.81,0.19,After
TCGA-A7-A4SE-Tumor,77,Cycle,Base Deletion,5274605,425.44,41.00,41.35,-0.35,After
TCGA-A7-A4SE-Tumor,-77,Cycle,Base Substitution,5102268,7722.15,28.00,28.06,-0.06,After
TCGA-A7-A4SE-Tumor,-77,Cycle,Base Insertion,5097394,236.73,43.00,42.81,0.19,After
TCGA-A7-A4SE-Tumor,-77,Cycle,Base Deletion,5097394,380.73,41.00,41.35,-0.35,After
TCGA-A7-A4SE-Tumor,78,Cycle,Base Substitution,5274236,7928.29,28.00,27.86,0.14,After
TCGA-A7-A4SE-Tumor,78,Cycle,Base Insertion,5268974,259.69,43.00,42.81,0.19,After
TCGA-A7-A4SE-Tumor,78,Cycle,Base Deletion,5268974,391.00,41.00,41.36,-0.36,After
TCGA-A7-A4SE-Tumor,-78,Cycle,Base Substitution,5093662,7848.99,28.00,27.84,0.16,After
TCGA-A7-A4SE-Tumor,-78,Cycle,Base Insertion,5088299,226.95,43.00,42.81,0.19,After
TCGA-A7-A4SE-Tumor,-78,Cycle,Base Deletion,5088299,357.55,42.00,41.35,0.65,After
TCGA-A7-A4SE-Tumor,79,Cycle,Base Substitution,5268346,8001.26,28.00,27.89,0.11,After
TCGA-A7-A4SE-Tumor,79,Cycle,Base Insertion,5262452,240.15,43.00,42.81,0.19,After
TCGA-A7-A4SE-Tumor,79,Cycle,Base Deletion,5262452,378.13,41.00,41.36,-0.36,After
TCGA-A7-A4SE-Tumor,-79,Cycle,Base Substitution,5085764,7698.43,28.00,27.99,0.01,After
TCGA-A7-A4SE-Tumor,-79,Cycle,Base Insertion,5079860,241.48,43.00,42.81,0.19,After
TCGA-A7-A4SE-Tumor,-79,Cycle,Base Deletion,5079860,351.90,42.00,41.35,0.65,After
TCGA-A7-A4SE-Tumor,80,Cycle,Base Substitution,5262123,8074.28,28.00,27.89,0.11,After
TCGA-A7-A4SE-Tumor,80,Cycle,Base Insertion,5255560,234.06,43.00,42.81,0.19,After
TCGA-A7-A4SE-Tumor,80,Cycle,Base Deletion,5255560,372.39,41.00,41.36,-0.36,After
TCGA-A7-A4SE-Tumor,-80,Cycle,Base Substitution,5076706,7556.93,28.00,27.96,0.04,After
TCGA-A7-A4SE-Tumor,-80,Cycle,Base Insertion,5070132,251.28,43.00,42.81,0.19,After
TCGA-A7-A4SE-Tumor,-80,Cycle,Base Deletion,5070132,338.02,42.00,42.35,-0.35,After
TCGA-A7-A4SE-Tumor,81,Cycle,Base Substitution,5254608,7941.72,28.00,27.89,0.11,After
TCGA-A7-A4SE-Tumor,81,Cycle,Base Insertion,5247568,254.32,43.00,42.81,0.19,After
TCGA-A7-A4SE-Tumor,81,Cycle,Base Deletion,5247568,385.20,41.00,41.35,-0.35,After
TCGA-A7-A4SE-Tumor,-81,Cycle,Base Substitution,5067847,7773.18,28.00,27.95,0.05,After
TCGA-A7-A4SE-Tumor,-81,Cycle,Base Insertion,5060821,231.72,43.00,42.81,0.19,After
TCGA-A7-A4SE-Tumor,-81,Cycle,Base Deletion,5060821,343.03,42.00,42.35,-0.35,After
TCGA-A7-A4SE-Tumor,82,Cycle,Base Substitution,5246200,7769.46,28.00,27.99,0.01,After
TCGA-A7-A4SE-Tumor,82,Cycle,Base Insertion,5238430,228.94,43.00,42.81,0.19,After
TCGA-A7-A4SE-Tumor,82,Cycle,Base Deletion,5238430,359.39,42.00,42.35,-0.35,After
TCGA-A7-A4SE-Tumor,-82,Cycle,Base Substitution,5058638,7636.74,28.00,28.05,-0.05,After
TCGA-A7-A4SE-Tumor,-82,Cycle,Base Insertion,5050828,226.00,43.00,42.81,0.19,After
TCGA-A7-A4SE-Tumor,-82,Cycle,Base Deletion,5050828,338.32,42.00,42.34,-0.34,After
TCGA-A7-A4SE-Tumor,83,Cycle,Base Substitution,5239605,7866.34,28.00,27.89,0.11,After
TCGA-A7-A4SE-Tumor,83,Cycle,Base Insertion,5231044,227.77,43.00,42.81,0.19,After
TCGA-A7-A4SE-Tumor,83,Cycle,Base Deletion,5231044,363.97,42.00,41.36,0.64,After
TCGA-A7-A4SE-Tumor,-83,Cycle,Base Substitution,5049335,7555.03,28.00,28.06,-0.06,After
TCGA-A7-A4SE-Tumor,-83,Cycle,Base Insertion,5040644,228.87,43.00,42.81,0.19,After
TCGA-A7-A4SE-Tumor,-83,Cycle,Base Deletion,5040644,333.10,42.00,42.35,-0.35,After
TCGA-A7-A4SE-Tumor,84,Cycle,Base Substitution,5229967,7815.23,28.00,28.00,0.00,After
TCGA-A7-A4SE-Tumor,84,Cycle,Base Insertion,5220486,247.37,43.00,42.81,0.19,After
TCGA-A7-A4SE-Tumor,84,Cycle,Base Deletion,5220486,352.48,42.00,42.35,-0.35,After
TCGA-A7-A4SE-Tumor,-84,Cycle,Base Substitution,5038547,7422.40,28.00,28.07,-0.07,After
TCGA-A7-A4SE-Tumor,-84,Cycle,Base Insertion,5028926,204.53,44.00,43.81,0.19,After
TCGA-A7-A4SE-Tumor,-84,Cycle,Base Deletion,5028926,322.92,42.00,42.35,-0.35,After
TCGA-A7-A4SE-Tumor,85,Cycle,Base Substitution,5221829,7835.96,28.00,27.97,0.03,After
TCGA-A7-A4SE-Tumor,85,Cycle,Base Insertion,5211280,230.19,43.00,42.81,0.19,After
TCGA-A7-A4SE-Tumor,85,Cycle,Base Deletion,5211280,341.65,42.00,42.35,-0.35,After
TCGA-A7-A4SE-Tumor,-85,Cycle,Base Substitution,5027191,7532.07,28.00,28.11,-0.11,After
TCGA-A7-A4SE-Tumor,-85,Cycle,Base Insertion,5016429,193.55,44.00,43.81,0.19,After
TCGA-A7-A4SE-Tumor,-85,Cycle,Base Deletion,5016429,298.36,42.00,42.34,-0.34,After
TCGA-A7-A4SE-Tumor,86,Cycle,Base Substitution,5211124,7492.37,28.00,27.98,0.02,After
TCGA-A7-A4SE-Tumor,86,Cycle,Base Insertion,5199435,205.38,44.00,43.81,0.19,After
TCGA-A7-A4SE-Tumor,86,Cycle,Base Deletion,5199435,339.08,42.00,42.35,-0.35,After
TCGA-A7-A4SE-Tumor,-86,Cycle,Base Substitution,5015349,7289.27,28.00,28.04,-0.04,After
TCGA-A7-A4SE-Tumor,-86,Cycle,Base Insertion,5003514,205.79,44.00,43.81,0.19,After
TCGA-A7-A4SE-Tumor,-86,Cycle,Base Deletion,5003514,286.07,42.00,42.34,-0.34,After
TCGA-A7-A4SE-Tumor,87,Cycle,Base Substitution,5201517,7705.81,28.00,28.08,-0.08,After
TCGA-A7-A4SE-Tumor,87,Cycle,Base Insertion,5188323,194.37,44.00,43.81,0.19,After
TCGA-A7-A4SE-Tumor,87,Cycle,Base Deletion,5188323,317.14,42.00,42.36,-0.36,After
TCGA-A7-A4SE-Tumor,-87,Cycle,Base Substitution,5002419,7333.79,28.00,28.05,-0.05,After
TCGA-A7-A4SE-Tumor,-87,Cycle,Base Insertion,4989067,173.89,44.00,43.81,0.19,After
TCGA-A7-A4SE-Tumor,-87,Cycle,Base Deletion,4989067,286.69,42.00,42.34,-0.34,After
TCGA-A7-A4SE-Tumor,88,Cycle,Base Substitution,5188463,7471.48,28.00,28.17,-0.17,After
TCGA-A7-A4SE-Tumor,88,Cycle,Base Insertion,5173810,177.99,44.00,43.81,0.19,After
TCGA-A7-A4SE-Tumor,88,Cycle,Base Deletion,5173810,299.00,42.00,42.35,-0.35,After
TCGA-A7-A4SE-Tumor,-88,Cycle,Base Substitution,4989012,7096.80,28.00,28.16,-0.16,After
TCGA-A7-A4SE-Tumor,-88,Cycle,Base Insertion,4974105,166.55,45.00,43.81,1.19,After
TCGA-A7-A4SE-Tumor,-88,Cycle,Base Deletion,4974105,277.97,43.00,42.34,0.66,After
TCGA-A7-A4SE-Tumor,89,Cycle,Base Substitution,5175499,7433.62,28.00,28.25,-0.25,After
TCGA-A7-A4SE-Tumor,89,Cycle,Base Insertion,5159307,155.21,45.00,44.81,0.19,After
TCGA-A7-A4SE-Tumor,89,Cycle,Base Deletion,5159307,283.65,43.00,42.36,0.64,After
TCGA-A7-A4SE-Tumor,-89,Cycle,Base Substitution,4974235,7070.11,28.00,28.19,-0.19,After
TCGA-A7-A4SE-Tumor,-89,Cycle,Base Insertion,4957920,152.96,45.00,43.81,1.19,After
TCGA-A7-A4SE-Tumor,-89,Cycle,Base Deletion,4957920,263.38,43.00,42.34,0.66,After
TCGA-A7-A4SE-Tumor,90,Cycle,Base Substitution,5161974,7114.10,29.00,28.43,0.57,After
TCGA-A7-A4SE-Tumor,90,Cycle,Base Insertion,5144151,158.21,45.00,43.81,1.19,After
TCGA-A7-A4SE-Tumor,90,Cycle,Base Deletion,5144151,266.25,43.00,42.36,0.64,After
TCGA-A7-A4SE-Tumor,-90,Cycle,Base Substitution,4957787,6892.24,29.00,28.42,0.58,After
TCGA-A7-A4SE-Tumor,-90,Cycle,Base Insertion,4939840,144.87,45.00,44.81,0.19,After
TCGA-A7-A4SE-Tumor,-90,Cycle,Base Deletion,4939840,260.00,43.00,42.34,0.66,After
TCGA-A7-A4SE-Tumor,91,Cycle,Base Substitution,5145940,7011.09,29.00,28.45,0.55,After
TCGA-A7-A4SE-Tumor,91,Cycle,Base Insertion,5126700,144.71,45.00,44.81,0.19,After
TCGA-A7-A4SE-Tumor,91,Cycle,Base Deletion,5126700,247.94,43.00,43.35,-0.35,After
TCGA-A7-A4SE-Tumor,-91,Cycle,Base Substitution,4939772,6798.38,29.00,28.42,0.58,After
TCGA-A7-A4SE-Tumor,-91,Cycle,Base Insertion,4920455,142.77,45.00,44.81,0.19,After
TCGA-A7-A4SE-Tumor,-91,Cycle,Base Deletion,4920455,250.04,43.00,43.34,-0.34,After
TCGA-A7-A4SE-Tumor,92,Cycle,Base Substitution,5127856,6891.35,29.00,28.23,0.77,After
TCGA-A7-A4SE-Tumor,92,Cycle,Base Insertion,5106106,125.06,46.00,44.81,1.19,After
TCGA-A7-A4SE-Tumor,92,Cycle,Base Deletion,5106106,232.27,43.00,43.35,-0.35,After
TCGA-A7-A4SE-Tumor,-92,Cycle,Base Substitution,4919829,6835.57,29.00,28.30,0.70,After
TCGA-A7-A4SE-Tumor,-92,Cycle,Base Insertion,4897952,136.18,45.00,44.81,0.19,After
TCGA-A7-A4SE-Tumor,-92,Cycle,Base Deletion,4897952,216.48,44.00,43.34,0.66,After
TCGA-A7-A4SE-Tumor,93,Cycle,Base Substitution,5107358,6814.49,29.00,28.39,0.61,After
TCGA-A7-A4SE-Tumor,93,Cycle,Base Insertion,5083346,118.04,46.00,44.81,1.19,After
TCGA-A7-A4SE-Tumor,93,Cycle,Base Deletion,5083346,220.33,44.00,43.35,0.65,After
TCGA-A7-A4SE-Tumor,-93,Cycle,Base Substitution,4897762,6798.36,29.00,28.30,0.70,After
TCGA-A7-A4SE-Tumor,-93,Cycle,Base Insertion,4873594,111.59,46.00,44.81,1.19,After
TCGA-A7-A4SE-Tumor,-93,Cycle,Base Deletion,4873594,209.42,44.00,43.34,0.66,After
TCGA-A7-A4SE-Tumor,94,Cycle,Base Substitution,5083861,6669.74,29.00,28.46,0.54,After
TCGA-A7-A4SE-Tumor,94,Cycle,Base Insertion,5057294,99.43,47.00,45.81,1.19,After
TCGA-A7-A4SE-Tumor,94,Cycle,Base Deletion,5057294,205.70,44.00,43.35,0.65,After
TCGA-A7-A4SE-Tumor,-94,Cycle,Base Substitution,4874001,6524.00,29.00,28.54,0.46,After
TCGA-A7-A4SE-Tumor,-94,Cycle,Base Insertion,4847270,103.93,46.00,44.80,1.20,After
TCGA-A7-A4SE-Tumor,-94,Cycle,Base Deletion,4847270,197.51,44.00,43.33,0.67,After
TCGA-A7-A4SE-Tumor,95,Cycle,Base Substitution,5058556,6660.40,29.00,28.61,0.39,After
TCGA-A7-A4SE-Tumor,95,Cycle,Base Insertion,5029886,99.14,46.00,44.81,1.19,After
TCGA-A7-A4SE-Tumor,95,Cycle,Base Deletion,5029886,183.60,44.00,43.35,0.65,After
TCGA-A7-A4SE-Tumor,-95,Cycle,Base Substitution,4845984,6351.63,29.00,28.56,0.44,After
TCGA-A7-A4SE-Tumor,-95,Cycle,Base Insertion,4817360,92.73,46.00,44.81,1.19,After
TCGA-A7-A4SE-Tumor,-95,Cycle,Base Deletion,4817360,178.37,44.00,43.34,0.66,After
TCGA-A7-A4SE-Tumor,96,Cycle,Base Substitution,5028532,6247.72,29.00,28.78,0.22,After
TCGA-A7-A4SE-Tumor,96,Cycle,Base Insertion,4999987,71.63,47.00,45.81,1.19,After
TCGA-A7-A4SE-Tumor,96,Cycle,Base Deletion,4999987,162.22,45.00,44.35,0.65,After
TCGA-A7-A4SE-Tumor,-96,Cycle,Base Substitution,4814600,6049.86,29.00,28.94,0.06,After
TCGA-A7-A4SE-Tumor,-96,Cycle,Base Insertion,4786190,79.41,47.00,45.80,1.20,After
TCGA-A7-A4SE-Tumor,-96,Cycle,Base Deletion,4786190,149.53,45.00,44.33,0.67,After
TCGA-A7-A4SE-Tumor,97,Cycle,Base Substitution,4995065,6520.75,29.00,28.89,0.11,After
TCGA-A7-A4SE-Tumor,-97,Cycle,Base Substitution,4778990,6297.77,29.00,28.73,0.27,After
TCGA-A7-A4SE-Tumor,98,Cycle,Base Substitution,4959025,8351.38,28.00,27.83,0.17,After
TCGA-A7-A4SE-Tumor,-98,Cycle,Base Substitution,4740097,8119.07,28.00,27.77,0.23,After
TCGA-A7-A4SE-Tumor,99,Cycle,Base Substitution,4922124,4928.45,30.00,29.97,0.03,After
TCGA-A7-A4SE-Tumor,-99,Cycle,Base Substitution,4701211,4841.26,30.00,29.91,0.09,After
TCGA-A7-A4SE-Tumor,100,Cycle,Base Substitution,4895356,4387.99,30.00,30.34,-0.34,After
TCGA-A7-A4SE-Tumor,-100,Cycle,Base Substitution,4670806,4252.89,30.00,30.34,-0.34,After
TCGA-A7-A4SE-Tumor,6,QualityScore,Base Substitution,26612,5168.51,7.00,6.00,1.00,After
TCGA-A7-A4SE-Tumor,7,QualityScore,Base Substitution,100847,15937.44,8.00,7.00,1.00,After
TCGA-A7-A4SE-Tumor,8,QualityScore,Base Substitution,224556,33730.74,8.00,8.00,0.00,After
TCGA-A7-A4SE-Tumor,9,QualityScore,Base Substitution,1074007,131053.60,9.00,9.00,0.00,After
TCGA-A7-A4SE-Tumor,10,QualityScore,Base Substitution,577061,57630.64,10.00,10.00,0.00,After
TCGA-A7-A4SE-Tumor,11,QualityScore,Base Substitution,513944,41726.26,11.00,11.00,0.00,After
TCGA-A7-A4SE-Tumor,12,QualityScore,Base Substitution,589085,35982.45,12.00,12.00,0.00,After
TCGA-A7-A4SE-Tumor,13,QualityScore,Base Substitution,657912,32805.36,13.00,13.00,0.00,After
TCGA-A7-A4SE-Tumor,14,QualityScore,Base Substitution,738606,29321.21,14.00,14.00,0.00,After
TCGA-A7-A4SE-Tumor,15,QualityScore,Base Substitution,662178,20449.14,15.00,15.00,0.00,After
TCGA-A7-A4SE-Tumor,16,QualityScore,Base Substitution,445819,10905.42,16.00,16.00,0.00,After
TCGA-A7-A4SE-Tumor,17,QualityScore,Base Substitution,294704,5749.23,17.00,17.00,0.00,After
TCGA-A7-A4SE-Tumor,18,QualityScore,Base Substitution,578878,9290.82,18.00,18.00,0.00,After
TCGA-A7-A4SE-Tumor,19,QualityScore,Base Substitution,1165445,14176.07,19.00,19.00,0.00,After
TCGA-A7-A4SE-Tumor,20,QualityScore,Base Substitution,2200786,21430.31,20.00,20.00,0.00,After
TCGA-A7-A4SE-Tumor,21,QualityScore,Base Substitution,2311540,17696.10,21.00,21.00,0.00,After
TCGA-A7-A4SE-Tumor,22,QualityScore,Base Substitution,2789639,17316.00,22.00,22.00,0.00,After
TCGA-A7-A4SE-Tumor,23,QualityScore,Base Substitution,3469355,17780.14,23.00,23.00,0.00,After
TCGA-A7-A4SE-Tumor,24,QualityScore,Base Substitution,11142698,42144.37,24.00,24.00,0.00,After
TCGA-A7-A4SE-Tumor,25,QualityScore,Base Substitution,19010769,59709.28,25.00,25.00,0.00,After
TCGA-A7-A4SE-Tumor,26,QualityScore,Base Substitution,16970153,41605.04,26.00,26.00,0.00,After
TCGA-A7-A4SE-Tumor,27,QualityScore,Base Substitution,26464309,51381.95,27.00,27.00,0.00,After
TCGA-A7-A4SE-Tumor,28,QualityScore,Base Substitution,112120064,167688.51,28.00,28.00,0.00,After
TCGA-A7-A4SE-Tumor,29,QualityScore,Base Substitution,222453476,269783.97,29.00,29.00,0.00,After
TCGA-A7-A4SE-Tumor,30,QualityScore,Base Substitution,191384623,183626.76,30.00,30.00,0.00,After
TCGA-A7-A4SE-Tumor,31,QualityScore,Base Substitution,242104191,195134.38,31.00,31.00,0.00,After
TCGA-A7-A4SE-Tumor,32,QualityScore,Base Substitution,156076791,106807.90,32.00,32.00,0.00,After
TCGA-A7-A4SE-Tumor,32,QualityScore,Base Deletion,905480,653.01,31.00,32.00,-1.00,After
TCGA-A7-A4SE-Tumor,33,QualityScore,Base Substitution,33453007,19325.82,32.00,33.00,-1.00,After
TCGA-A7-A4SE-Tumor,33,QualityScore,Base Deletion,19017935,9857.68,33.00,33.00,0.00,After
TCGA-A7-A4SE-Tumor,34,QualityScore,Base Substitution,3745338,1675.15,34.00,34.00,0.00,After
TCGA-A7-A4SE-Tumor,34,QualityScore,Base Deletion,21068431,8978.39,34.00,34.00,0.00,After
TCGA-A7-A4SE-Tumor,35,QualityScore,Base Deletion,4913448,1439.25,35.00,35.00,0.00,After
TCGA-A7-A4SE-Tumor,36,QualityScore,Base Insertion,8596984,2166.81,36.00,36.00,0.00,After
TCGA-A7-A4SE-Tumor,36,QualityScore,Base Deletion,2334926,406.60,37.00,36.00,1.00,After
TCGA-A7-A4SE-Tumor,37,QualityScore,Base Insertion,21637952,3963.16,37.00,37.00,0.00,After
TCGA-A7-A4SE-Tumor,37,QualityScore,Base Deletion,375135,36.45,38.00,37.00,1.00,After
TCGA-A7-A4SE-Tumor,38,QualityScore,Base Insertion,13993409,2053.34,38.00,38.00,0.00,After
TCGA-A7-A4SE-Tumor,39,QualityScore,Base Insertion,9980517,1294.66,39.00,39.00,0.00,After
TCGA-A7-A4SE-Tumor,39,QualityScore,Base Deletion,2076061,221.18,40.00,39.00,1.00,After
TCGA-A7-A4SE-Tumor,40,QualityScore,Base Insertion,19855999,1813.55,40.00,40.00,0.00,After
TCGA-A7-A4SE-Tumor,40,QualityScore,Base Deletion,46917597,5132.36,40.00,40.00,0.00,After
TCGA-A7-A4SE-Tumor,41,QualityScore,Base Insertion,64760740,4905.08,41.00,41.00,0.00,After
TCGA-A7-A4SE-Tumor,41,QualityScore,Base Deletion,129638320,9668.16,41.00,41.00,0.00,After
TCGA-A7-A4SE-Tumor,42,QualityScore,Base Insertion,160150463,9642.62,42.00,42.00,0.00,After
TCGA-A7-A4SE-Tumor,42,QualityScore,Base Deletion,171453951,11189.71,42.00,42.00,0.00,After
TCGA-A7-A4SE-Tumor,43,QualityScore,Base Insertion,281034121,12341.20,44.00,43.00,1.00,After
TCGA-A7-A4SE-Tumor,43,QualityScore,Base Deletion,244433081,12265.18,43.00,43.00,0.00,After
TCGA-A7-A4SE-Tumor,44,QualityScore,Base Insertion,292561108,10582.76,44.00,44.00,0.00,After
TCGA-A7-A4SE-Tumor,44,QualityScore,Base Deletion,285109547,11413.98,44.00,44.00,0.00,After
TCGA-A7-A4SE-Tumor,45,QualityScore,Base Insertion,129818163,3585.67,46.00,45.00,1.00,After
TCGA-A7-A4SE-Tumor,45,QualityScore,Base Deletion,85059132,2830.31,45.00,45.00,0.00,After
TCGA-A7-A4SE-Tumor,46,QualityScore,Base Insertion,33034726,730.04,47.00,46.00,1.00,After
TCGA-A7-A4SE-Tumor,46,QualityScore,Base Deletion,32563108,853.49,46.00,46.00,0.00,After
TCGA-A7-A4SE-Tumor,47,QualityScore,Base Insertion,15315213,239.54,48.00,47.00,1.00,After
TCGA-A7-A4SE-Tumor,47,QualityScore,Base Deletion,7040852,147.90,47.00,47.00,0.00,After
TCGA-A7-A4SE-Tumor,48,QualityScore,Base Insertion,2606998,48.69,48.00,48.00,0.00,After
TCGA-A7-A4SE-Tumor,48,QualityScore,Base Deletion,439389,8.55,48.00,48.00,0.00,After
