ReadGroup,CovariateValue,CovariateName,EventType,Observations,Errors,EmpiricalQuality,AverageReportedQuality,Accuracy,Recalibration
TCGA-A7-A4SE-Tumor,AA,Context,Base Substitution,81109383,149460.35,27.00,29.36,-2.36,Before
TCGA-A7-A4SE-Tumor,AAA,Context,Base Insertion,27023575,4802.85,38.00,45.00,-7.00,Before
TCGA-A7-A4SE-Tumor,AAA,Context,Base Deletion,27023575,12440.59,33.00,45.00,-12.00,Before
TCGA-A7-A4SE-Tumor,CA,Context,Base Substitution,92313464,199438.54,27.00,29.88,-2.88,Before
TCGA-A7-A4SE-Tumor,CAA,Context,Base Insertion,18477216,739.34,44.00,45.00,-1.00,Before
TCGA-A7-A4SE-Tumor,CAA,Context,Base Deletion,18477216,1095.01,42.00,45.00,-3.00,Before
TCGA-A7-A4SE-Tumor,GA,Context,Base Substitution,73822291,214771.05,25.00,25.98,-0.98,Before
TCGA-A7-A4SE-Tumor,GAA,Context,Base Insertion,20926789,758.08,44.00,45.00,-1.00,Before
TCGA-A7-A4SE-Tumor,GAA,Context,Base Deletion,20926789,1010.17,43.00,45.00,-2.00,Before
TCGA-A7-A4SE-Tumor,TA,Context,Base Substitution,47666749,151815.91,25.00,26.96,-1.96,Before
TCGA-A7-A4SE-Tumor,TAA,Context,Base Insertion,13618881,602.24,44.00,45.00,-1.00,Before
TCGA-A7-A4SE-Tumor,TAA,Context,Base Deletion,13618881,831.36,42.00,45.00,-3.00,Before
TCGA-A7-A4SE-Tumor,AC,Context,Base Substitution,61381795,133842.13,27.00,29.45,-2.45,Before
TCGA-A7-A4SE-Tumor,ACA,Context,Base Insertion,21218937,1351.26,42.00,45.00,-3.00,Before
TCGA-A7-A4SE-Tumor,ACA,Context,Base Deletion,21218937,2073.80,40.00,45.00,-5.00,Before
TCGA-A7-A4SE-Tumor,CC,Context,Base Substitution,90365654,144967.33,28.00,29.97,-1.97,Before
TCGA-A7-A4SE-Tumor,CCA,Context,Base Insertion,27711338,510.41,47.00,45.00,2.00,Before
TCGA-A7-A4SE-Tumor,CCA,Context,Base Deletion,27711338,1015.22,44.00,45.00,-1.00,Before
TCGA-A7-A4SE-Tumor,GC,Context,Base Substitution,71927555,170083.11,26.00,27.07,-1.07,Before
TCGA-A7-A4SE-Tumor,GCA,Context,Base Insertion,20877035,482.07,46.00,45.00,1.00,Before
TCGA-A7-A4SE-Tumor,GCA,Context,Base Deletion,20877035,669.82,45.00,45.00,0.00,Before
TCGA-A7-A4SE-Tumor,TC,Context,Base Substitution,75003730,103353.89,29.00,31.17,-2.17,Before
TCGA-A7-A4SE-Tumor,TCA,Context,Base Insertion,21359918,510.20,46.00,45.00,1.00,Before
TCGA-A7-A4SE-Tumor,TCA,Context,Base Deletion,21359918,1017.01,43.00,45.00,-2.00,Before
TCGA-A7-A4SE-Tumor,AG,Context,Base Substitution,89710105,118894.62,29.00,31.28,-2.28,Before
TCGA-A7-A4SE-Tumor,AGA,Context,Base Insertion,23788616,809.74,45.00,45.00,0.00,Before
TCGA-A7-A4SE-Tumor,AGA,Context,Base Deletion,23788616,1116.45,43.00,45.00,-2.00,Before
TCGA-A7-A4SE-Tumor,CG,Context,Base Substitution,25494924,134843.14,23.00,25.06,-2.06,Before
TCGA-A7-A4SE-Tumor,CGA,Context,Base Insertion,5024150,84.51,47.00,45.00,2.00,Before
TCGA-A7-A4SE-Tumor,CGA,Context,Base Deletion,5024150,122.17,46.00,45.00,1.00,Before
TCGA-A7-A4SE-Tumor,GG,Context,Base Substitution,87563969,150308.63,28.00,28.66,-0.66,Before
TCGA-A7-A4SE-Tumor,GGA,Context,Base Insertion,23099104,572.25,46.00,45.00,1.00,Before
TCGA-A7-A4SE-Tumor,GGA,Context,Base Deletion,23099104,1022.08,44.00,45.00,-1.00,Before
TCGA-A7-A4SE-Tumor,TG,Context,Base Substitution,91729143,117262.01,29.00,31.53,-2.53,Before
TCGA-A7-A4SE-Tumor,TGA,Context,Base Insertion,21284144,784.79,44.00,45.00,-1.00,Before
TCGA-A7-A4SE-Tumor,TGA,Context,Base Deletion,21284144,776.72,44.00,45.00,-1.00,Before
TCGA-A7-A4SE-Tumor,AT,Context,Base Substitution,63101006,134802.22,27.00,29.89,-2.89,Before
TCGA-A7-A4SE-Tumor,ATA,Context,Base Insertion,12319758,404.68,45.00,45.00,0.00,Before
TCGA-A7-A4SE-Tumor,ATA,Context,Base Deletion,12319758,731.57,43.00,45.00,-2.00,Before
TCGA-A7-A4SE-Tumor,CT,Context,Base Substitution,90939806,132520.05,28.00,31.72,-3.72,Before
TCGA-A7-A4SE-Tumor,CTA,Context,Base Insertion,10742026,224.05,46.00,45.00,1.00,Before
TCGA-A7-A4SE-Tumor,CTA,Context,Base Deletion,10742026,514.26,43.00,45.00,-2.00,Before
TCGA-A7-A4SE-Tumor,GT,Context,Base Substitution,59972474,124912.41,27.00,29.69,-2.69,Before
TCGA-A7-A4SE-Tumor,GTA,Context,Base Insertion,10233571,327.34,45.00,45.00,0.00,Before
TCGA-A7-A4SE-Tumor,GTA,Context,Base Deletion,10233571,379.22,44.00,45.00,-1.00,Before
TCGA-A7-A4SE-Tumor,TT,Context,Base Substitution,81444524,145780.93,27.00,29.49,-2.49,Before
TCGA-A7-A4SE-Tumor,TTA,Context,Base Insertion,13699212,545.16,44.00,45.00,-1.00,Before
TCGA-A7-A4SE-Tumor,TTA,Context,Base Deletion,13699212,993.44,42.00,45.00,-3.00,Before
TCGA-A7-A4SE-Tumor,AAC,Context,Base Insertion,14423062,573.31,44.00,45.00,-1.00,Before
TCGA-A7-A4SE-Tumor,AAC,Context,Base Deletion,14423062,853.13,43.00,45.00,-2.00,Before
TCGA-A7-A4SE-Tumor,CAC,Context,Base Insertion,21792177,1107.25,43.00,45.00,-2.00,Before
TCGA-A7-A4SE-Tumor,CAC,Context,Base Deletion,21792177,1892.35,41.00,45.00,-4.00,Before
TCGA-A7-A4SE-Tumor,GAC,Context,Base Insertion,14061622,622.88,44.00,45.00,-1.00,Before
TCGA-A7-A4SE-Tumor,GAC,Context,Base Deletion,14061622,692.70,43.00,45.00,-2.00,Before
TCGA-A7-A4SE-Tumor,TAC,Context,Base Insertion,10651546,374.28,45.00,45.00,0.00,Before
TCGA-A7-A4SE-Tumor,TAC,Context,Base Deletion,10651546,435.26,44.00,45.00,-1.00,Before
TCGA-A7-A4SE-Tumor,ACC,Context,Base Insertion,17445380,469.42,46.00,45.00,1.00,Before
TCGA-A7-A4SE-Tumor,ACC,Context,Base Deletion,17445380,707.35,44.00,45.00,-1.00,Before
TCGA-A7-A4SE-Tumor,CCC,Context,Base Insertion,25684960,1461.33,43.00,45.00,-2.00,Before
TCGA-A7-A4SE-Tumor,CCC,Context,Base Deletion,25684960,2147.44,41.00,45.00,-4.00,Before
TCGA-A7-A4SE-Tumor,GCC,Context,Base Insertion,22494657,690.55,45.00,45.00,0.00,Before
TCGA-A7-A4SE-Tumor,GCC,Context,Base Deletion,22494657,707.70,45.00,45.00,0.00,Before
TCGA-A7-A4SE-Tumor,TCC,Context,Base Insertion,23733701,807.64,45.00,45.00,0.00,Before
TCGA-A7-A4SE-Tumor,TCC,Context,Base Deletion,23733701,911.28,44.00,45.00,-1.00,Before
TCGA-A7-A4SE-Tumor,AGC,Context,Base Insertion,21498625,491.27,46.00,45.00,1.00,Before
TCGA-A7-A4SE-Tumor,AGC,Context,Base Deletion,21498625,544.51,46.00,45.00,1.00,Before
TCGA-A7-A4SE-Tumor,CGC,Context,Base Insertion,6615826,118.19,47.00,45.00,2.00,Before
TCGA-A7-A4SE-Tumor,CGC,Context,Base Deletion,6615826,200.37,45.00,45.00,0.00,Before
TCGA-A7-A4SE-Tumor,GGC,Context,Base Insertion,22362008,413.41,47.00,45.00,2.00,Before
TCGA-A7-A4SE-Tumor,GGC,Context,Base Deletion,22362008,707.78,45.00,45.00,0.00,Before
TCGA-A7-A4SE-Tumor,TGC,Context,Base Insertion,21087044,637.47,45.00,45.00,0.00,Before
TCGA-A7-A4SE-Tumor,TGC,Context,Base Deletion,21087044,763.59,44.00,45.00,-1.00,Before
TCGA-A7-A4SE-Tumor,ATC,Context,Base Insertion,14114669,334.87,46.00,45.00,1.00,Before
TCGA-A7-A4SE-Tumor,ATC,Context,Base Deletion,14114669,475.30,45.00,45.00,0.00,Before
TCGA-A7-A4SE-Tumor,CTC,Context,Base Insertion,24960654,1828.68,42.00,45.00,-3.00,Before
TCGA-A7-A4SE-Tumor,CTC,Context,Base Deletion,24960654,1520.24,42.00,45.00,-3.00,Before
TCGA-A7-A4SE-Tumor,GTC,Context,Base Insertion,13957106,333.92,46.00,45.00,1.00,Before
TCGA-A7-A4SE-Tumor,GTC,Context,Base Deletion,13957106,374.31,46.00,45.00,1.00,Before
TCGA-A7-A4SE-Tumor,TTC,Context,Base Insertion,21248965,1102.18,43.00,45.00,-2.00,Before
TCGA-A7-A4SE-Tumor,TTC,Context,Base Deletion,21248965,1399.18,42.00,45.00,-3.00,Before
TCGA-A7-A4SE-Tumor,AAG,Context,Base Insertion,21827356,651.62,45.00,45.00,0.00,Before
TCGA-A7-A4SE-Tumor,AAG,Context,Base Deletion,21827356,1165.39,43.00,45.00,-2.00,Before
TCGA-A7-A4SE-Tumor,CAG,Context,Base Insertion,32032939,747.52,46.00,45.00,1.00,Before
TCGA-A7-A4SE-Tumor,CAG,Context,Base Deletion,32032939,882.04,46.00,45.00,1.00,Before
TCGA-A7-A4SE-Tumor,GAG,Context,Base Insertion,24058597,542.91,46.00,45.00,1.00,Before
TCGA-A7-A4SE-Tumor,GAG,Context,Base Deletion,24058597,1006.59,44.00,45.00,-1.00,Before
TCGA-A7-A4SE-Tumor,TAG,Context,Base Insertion,10616953,287.17,46.00,45.00,1.00,Before
TCGA-A7-A4SE-Tumor,TAG,Context,Base Deletion,10616953,367.60,45.00,45.00,0.00,Before
TCGA-A7-A4SE-Tumor,ACG,Context,Base Insertion,5567307,167.20,45.00,45.00,0.00,Before
TCGA-A7-A4SE-Tumor,ACG,Context,Base Deletion,5567307,205.73,44.00,45.00,-1.00,Before
TCGA-A7-A4SE-Tumor,CCG,Context,Base Insertion,8093004,213.65,46.00,45.00,1.00,Before
TCGA-A7-A4SE-Tumor,CCG,Context,Base Deletion,8093004,294.10,45.00,45.00,0.00,Before
TCGA-A7-A4SE-Tumor,GCG,Context,Base Insertion,6482167,208.82,45.00,45.00,0.00,Before
TCGA-A7-A4SE-Tumor,GCG,Context,Base Deletion,6482167,351.39,43.00,45.00,-2.00,Before
TCGA-A7-A4SE-Tumor,TCG,Context,Base Insertion,4991988,158.01,45.00,45.00,0.00,Before
TCGA-A7-A4SE-Tumor,TCG,Context,Base Deletion,4991988,181.19,45.00,45.00,0.00,Before
TCGA-A7-A4SE-Tumor,AGG,Context,Base Insertion,27114097,827.56,45.00,45.00,0.00,Before
TCGA-A7-A4SE-Tumor,AGG,Context,Base Deletion,27114097,913.23,45.00,45.00,0.00,Before
TCGA-A7-A4SE-Tumor,CGG,Context,Base Insertion,8004695,216.53,45.00,45.00,0.00,Before
TCGA-A7-A4SE-Tumor,CGG,Context,Base Deletion,8004695,318.78,44.00,45.00,-1.00,Before
TCGA-A7-A4SE-Tumor,GGG,Context,Base Insertion,24696603,1411.55,43.00,45.00,-2.00,Before
TCGA-A7-A4SE-Tumor,GGG,Context,Base Deletion,24696603,2089.47,41.00,45.00,-4.00,Before
TCGA-A7-A4SE-Tumor,TGG,Context,Base Insertion,27052568,893.40,45.00,45.00,0.00,Before
TCGA-A7-A4SE-Tumor,TGG,Context,Base Deletion,27052568,937.70,45.00,45.00,0.00,Before
TCGA-A7-A4SE-Tumor,ATG,Context,Base Insertion,18994685,622.30,45.00,45.00,0.00,Before
TCGA-A7-A4SE-Tumor,ATG,Context,Base Deletion,18994685,665.52,45.00,45.00,0.00,Before
TCGA-A7-A4SE-Tumor,CTG,Context,Base Insertion,32070084,642.64,47.00,45.00,2.00,Before
TCGA-A7-A4SE-Tumor,CTG,Context,Base Deletion,32070084,1012.19,45.00,45.00,0.00,Before
TCGA-A7-A4SE-Tumor,GTG,Context,Base Insertion,20974782,888.53,44.00,45.00,-1.00,Before
TCGA-A7-A4SE-Tumor,GTG,Context,Base Deletion,20974782,1718.83,41.00,45.00,-4.00,Before
TCGA-A7-A4SE-Tumor,TTG,Context,Base Insertion,18469197,588.45,45.00,45.00,0.00,Before
TCGA-A7-A4SE-Tumor,TTG,Context,Base Deletion,18469197,824.86,44.00,45.00,-1.00,Before
TCGA-A7-A4SE-Tumor,AAT,Context,Base Insertion,16959643,423.45,46.00,45.00,1.00,Before
TCGA-A7-A4SE-Tumor,AAT,Context,Base Deletion,16959643,936.90,43.00,45.00,-2.00,Before
TCGA-A7-A4SE-Tumor,CAT,Context,Base Insertion,19068657,491.92,46.00,45.00,1.00,Before
TCGA-A7-A4SE-Tumor,CAT,Context,Base Deletion,19068657,801.24,44.00,45.00,-1.00,Before
TCGA-A7-A4SE-Tumor,GAT,Context,Base Insertion,14070568,432.78,45.00,45.00,0.00,Before
TCGA-A7-A4SE-Tumor,GAT,Context,Base Deletion,14070568,508.01,45.00,45.00,0.00,Before
TCGA-A7-A4SE-Tumor,TAT,Context,Base Insertion,12320914,388.64,45.00,45.00,0.00,Before
TCGA-A7-A4SE-Tumor,TAT,Context,Base Deletion,12320914,647.24,43.00,45.00,-2.00,Before
TCGA-A7-A4SE-Tumor,ACT,Context,Base Insertion,16504412,524.40,45.00,45.00,0.00,Before
TCGA-A7-A4SE-Tumor,ACT,Context,Base Deletion,16504412,765.78,43.00,45.00,-2.00,Before
TCGA-A7-A4SE-Tumor,CCT,Context,Base Insertion,27867310,552.69,47.00,45.00,2.00,Before
TCGA-A7-A4SE-Tumor,CCT,Context,Base Deletion,27867310,1128.08,44.00,45.00,-1.00,Before
TCGA-A7-A4SE-Tumor,GCT,Context,Base Insertion,21385943,418.81,47.00,45.00,2.00,Before
TCGA-A7-A4SE-Tumor,GCT,Context,Base Deletion,21385943,673.71,45.00,45.00,0.00,Before
TCGA-A7-A4SE-Tumor,TCT,Context,Base Insertion,24150598,806.77,45.00,45.00,0.00,Before
TCGA-A7-A4SE-Tumor,TCT,Context,Base Deletion,24150598,1472.13,42.00,45.00,-3.00,Before
TCGA-A7-A4SE-Tumor,AGT,Context,Base Insertion,16164633,327.85,47.00,45.00,2.00,Before
TCGA-A7-A4SE-Tumor,AGT,Context,Base Deletion,16164633,509.69,45.00,45.00,0.00,Before
TCGA-A7-A4SE-Tumor,CGT,Context,Base Insertion,5608637,134.39,46.00,45.00,1.00,Before
TCGA-A7-A4SE-Tumor,CGT,Context,Base Deletion,5608637,211.73,44.00,45.00,-1.00,Before
TCGA-A7-A4SE-Tumor,GGT,Context,Base Insertion,16545944,371.37,46.00,45.00,1.00,Before
TCGA-A7-A4SE-Tumor,GGT,Context,Base Deletion,16545944,665.77,44.00,45.00,-1.00,Before
TCGA-A7-A4SE-Tumor,TGT,Context,Base Insertion,21209097,861.83,44.00,45.00,-1.00,Before
TCGA-A7-A4SE-Tumor,TGT,Context,Base Deletion,21209097,1894.59,41.00,45.00,-4.00,Before
TCGA-A7-A4SE-Tumor,ATT,Context,Base Insertion,17056006,613.88,45.00,45.00,0.00,Before
TCGA-A7-A4SE-Tumor,ATT,Context,Base Deletion,17056006,891.56,43.00,45.00,-2.00,Before
TCGA-A7-A4SE-Tumor,CTT,Context,Base Insertion,22252562,1005.92,44.00,45.00,-1.00,Before
TCGA-A7-A4SE-Tumor,CTT,Context,Base Deletion,22252562,1408.37,42.00,45.00,-3.00,Before
TCGA-A7-A4SE-Tumor,GTT,Context,Base Insertion,14305433,528.69,44.00,45.00,-1.00,Before
TCGA-A7-A4SE-Tumor,GTT,Context,Base Deletion,14305433,776.61,43.00,45.00,-2.00,Before
TCGA-A7-A4SE-Tumor,TTT,Context,Base Insertion,27158267,3938.18,39.00,45.00,-6.00,Before
TCGA-A7-A4SE-Tumor,TTT,Context,Base Deletion,27158267,10369.01,34.00,45.00,-11.00,Before
TCGA-A7-A4SE-Tumor,1,Cycle,Base Substitution,6157650,11059.84,27.00,28.65,-1.65,Before
TCGA-A7-A4SE-Tumor,-1,Cycle,Base Substitution,6128677,14767.88,26.00,27.23,-1.23,Before
TCGA-A7-A4SE-Tumor,2,Cycle,Base Substitution,6181147,9339.77,28.00,29.87,-1.87,Before
TCGA-A7-A4SE-Tumor,-2,Cycle,Base Substitution,6123972,14684.24,26.00,27.18,-1.18,Before
TCGA-A7-A4SE-Tumor,3,Cycle,Base Substitution,6181797,13595.07,27.00,27.94,-0.94,Before
TCGA-A7-A4SE-Tumor,-3,Cycle,Base Substitution,6121489,20427.24,25.00,25.71,-0.71,Before
TCGA-A7-A4SE-Tumor,4,Cycle,Base Substitution,6180911,10632.74,28.00,30.60,-2.60,Before
TCGA-A7-A4SE-Tumor,-4,Cycle,Base Substitution,6125727,14386.67,26.00,25.32,0.68,Before
TCGA-A7-A4SE-Tumor,5,Cycle,Base Substitution,6180332,10054.88,28.00,30.95,-2.95,Before
TCGA-A7-A4SE-Tumor,5,Cycle,Base Insertion,6180317,194.63,45.00,45.00,0.00,Before
TCGA-A7-A4SE-Tumor,5,Cycle,Base Deletion,6180317,194.51,45.00,45.00,0.00,Before
TCGA-A7-A4SE-Tumor,-5,Cycle,Base Substitution,6121026,12989.48,27.00,28.42,-1.42,Before
TCGA-A7-A4SE-Tumor,-5,Cycle,Base Insertion,6121002,203.27,45.00,45.00,0.00,Before
TCGA-A7-A4SE-Tumor,-5,Cycle,Base Deletion,6121002,216.42,45.00,45.00,0.00,Before
TCGA-A7-A4SE-Tumor,6,Cycle,Base Substitution,6180153,10564.17,28.00,31.02,-3.02,Before
TCGA-A7-A4SE-Tumor,6,Cycle,Base Insertion,6180141,220.45,45.00,45.00,0.00,Before
TCGA-A7-A4SE-Tumor,6,Cycle,Base Deletion,6180141,222.09,45.00,45.00,0.00,Before
TCGA-A7-A4SE-Tumor,-6,Cycle,Base Substitution,6118960,13338.27,27.00,28.93,-1.93,Before
TCGA-A7-A4SE-Tumor,-6,Cycle,Base Insertion,6118932,258.99,44.00,45.00,-1.00,Before
TCGA-A7-A4SE-Tumor,-6,Cycle,Base Deletion,6118932,244.31,44.00,45.00,-1.00,Before
TCGA-A7-A4SE-Tumor,7,Cycle,Base Substitution,6180612,10410.33,28.00,31.38,-3.38,Before
TCGA-A7-A4SE-Tumor,7,Cycle,Base Insertion,6180599,222.85,45.00,45.00,0.00,Before
TCGA-A7-A4SE-Tumor,7,Cycle,Base Deletion,6180599,243.40,44.00,45.00,-1.00,Before
TCGA-A7-A4SE-Tumor,-7,Cycle,Base Substitution,6115825,14099.40,26.00,28.50,-2.50,Before
TCGA-A7-A4SE-Tumor,-7,Cycle,Base Insertion,6115801,234.01,44.00,45.00,-1.00,Before
TCGA-A7-A4SE-Tumor,-7,Cycle,Base Deletion,6115801,273.28,44.00,45.00,-1.00,Before
TCGA-A7-A4SE-Tumor,8,Cycle,Base Substitution,6178333,12195.82,27.00,30.00,-3.00,Before
TCGA-A7-A4SE-Tumor,8,Cycle,Base Insertion,6178321,263.41,44.00,45.00,-1.00,Before
TCGA-A7-A4SE-Tumor,8,Cycle,Base Deletion,6178321,276.86,44.00,45.00,-1.00,Before
TCGA-A7-A4SE-Tumor,-8,Cycle,Base Substitution,6113867,13483.95,27.00,28.58,-1.58,Before
TCGA-A7-A4SE-Tumor,-8,Cycle,Base Insertion,6113838,270.49,44.00,45.00,-1.00,Before
TCGA-A7-A4SE-Tumor,-8,Cycle,Base Deletion,6113838,311.41,43.00,45.00,-2.00,Before
TCGA-A7-A4SE-Tumor,9,Cycle,Base Substitution,6180699,10094.89,28.00,31.31,-3.31,Before
TCGA-A7-A4SE-Tumor,9,Cycle,Base Insertion,6180684,282.12,44.00,45.00,-1.00,Before
TCGA-A7-A4SE-Tumor,9,Cycle,Base Deletion,6180684,307.73,43.00,45.00,-2.00,Before
TCGA-A7-A4SE-Tumor,-9,Cycle,Base Substitution,6112441,12621.04,27.00,29.13,-2.13,Before
TCGA-A7-A4SE-Tumor,-9,Cycle,Base Insertion,6112411,254.29,44.00,45.00,-1.00,Before
TCGA-A7-A4SE-Tumor,-9,Cycle,Base Deletion,6112411,358.70,43.00,45.00,-2.00,Before
TCGA-A7-A4SE-Tumor,10,Cycle,Base Substitution,6180612,10046.03,28.00,30.94,-2.94,Before
TCGA-A7-A4SE-Tumor,10,Cycle,Base Insertion,6180593,305.16,43.00,45.00,-2.00,Before
TCGA-A7-A4SE-Tumor,10,Cycle,Base Deletion,6180593,359.32,43.00,45.00,-2.00,Before
TCGA-A7-A4SE-Tumor,-10,Cycle,Base Substitution,6110338,12468.69,27.00,28.90,-1.90,Before
TCGA-A7-A4SE-Tumor,-10,Cycle,Base Insertion,6110313,304.66,43.00,45.00,-2.00,Before
TCGA-A7-A4SE-Tumor,-10,Cycle,Base Deletion,6110313,374.57,43.00,45.00,-2.00,Before
TCGA-A7-A4SE-Tumor,11,Cycle,Base Substitution,6180224,10866.40,28.00,30.41,-2.41,Before
TCGA-A7-A4SE-Tumor,11,Cycle,Base Insertion,6180207,296.21,44.00,45.00,-1.00,Before
TCGA-A7-A4SE-Tumor,11,Cycle,Base Deletion,6180207,385.03,43.00,45.00,-2.00,Before
TCGA-A7-A4SE-Tumor,-11,Cycle,Base Substitution,6106708,13426.50,27.00,28.43,-1.43,Before
TCGA-A7-A4SE-Tumor,-11,Cycle,Base Insertion,6106681,290.70,44.00,45.00,-1.00,Before
TCGA-A7-A4SE-Tumor,-11,Cycle,Base Deletion,6106681,408.41,42.00,45.00,-3.00,Before
TCGA-A7-A4SE-Tumor,12,Cycle,Base Substitution,6180490,10552.14,28.00,30.63,-2.63,Before
TCGA-A7-A4SE-Tumor,12,Cycle,Base Insertion,6180470,314.83,43.00,45.00,-2.00,Before
TCGA-A7-A4SE-Tumor,12,Cycle,Base Deletion,6180470,404.15,42.00,45.00,-3.00,Before
TCGA-A7-A4SE-Tumor,-12,Cycle,Base Substitution,6105519,13437.05,27.00,28.43,-1.43,Before
TCGA-A7-A4SE-Tumor,-12,Cycle,Base Insertion,6105497,296.52,44.00,45.00,-1.00,Before
TCGA-A7-A4SE-Tumor,-12,Cycle,Base Deletion,6105497,423.57,42.00,45.00,-3.00,Before
TCGA-A7-A4SE-Tumor,13,Cycle,Base Substitution,6179868,11539.91,27.00,30.09,-3.09,Before
TCGA-A7-A4SE-Tumor,13,Cycle,Base Insertion,6179851,317.49,43.00,45.00,-2.00,Before
TCGA-A7-A4SE-Tumor,13,Cycle,Base Deletion,6179851,425.90,42.00,45.00,-3.00,Before
TCGA-A7-A4SE-Tumor,-13,Cycle,Base Substitution,6103110,12499.61,27.00,28.94,-1.94,Before
TCGA-A7-A4SE-Tumor,-13,Cycle,Base Insertion,6103087,303.82,43.00,45.00,-2.00,Before
TCGA-A7-A4SE-Tumor,-13,Cycle,Base Deletion,6103087,447.14,42.00,45.00,-3.00,Before
TCGA-A7-A4SE-Tumor,14,Cycle,Base Substitution,6180904,10665.35,28.00,30.83,-2.83,Before
TCGA-A7-A4SE-Tumor,14,Cycle,Base Insertion,6180885,293.38,44.00,45.00,-1.00,Before
TCGA-A7-A4SE-Tumor,14,Cycle,Base Deletion,6180885,435.42,42.00,45.00,-3.00,Before
TCGA-A7-A4SE-Tumor,-14,Cycle,Base Substitution,6101347,12670.69,27.00,28.83,-1.83,Before
TCGA-A7-A4SE-Tumor,-14,Cycle,Base Insertion,6101326,317.73,43.00,45.00,-2.00,Before
TCGA-A7-A4SE-Tumor,-14,Cycle,Base Deletion,6101326,463.44,42.00,45.00,-3.00,Before
TCGA-A7-A4SE-Tumor,15,Cycle,Base Substitution,6180212,10153.33,28.00,30.32,-2.32,Before
TCGA-A7-A4SE-Tumor,15,Cycle,Base Insertion,6180188,308.30,43.00,45.00,-2.00,Before
TCGA-A7-A4SE-Tumor,15,Cycle,Base Deletion,6180188,436.77,42.00,45.00,-3.00,Before
TCGA-A7-A4SE-Tumor,-15,Cycle,Base Substitution,6098893,13085.03,27.00,28.33,-1.33,Before
TCGA-A7-A4SE-Tumor,-15,Cycle,Base Insertion,6098874,302.72,43.00,45.00,-2.00,Before
TCGA-A7-A4SE-Tumor,-15,Cycle,Base Deletion,6098874,492.87,41.00,45.00,-4.00,Before
TCGA-A7-A4SE-Tumor,16,Cycle,Base Substitution,6179869,10392.16,28.00,30.41,-2.41,Before
TCGA-A7-A4SE-Tumor,16,Cycle,Base Insertion,6179767,329.50,43.00,45.00,-2.00,Before
TCGA-A7-A4SE-Tumor,16,Cycle,Base Deletion,6179767,448.86,42.00,45.00,-3.00,Before
TCGA-A7-A4SE-Tumor,-16,Cycle,Base Substitution,6096650,12854.54,27.00,28.63,-1.63,Before
TCGA-A7-A4SE-Tumor,-16,Cycle,Base Insertion,6096499,308.86,43.00,45.00,-2.00,Before
TCGA-A7-A4SE-Tumor,-16,Cycle,Base Deletion,6096499,496.00,41.00,45.00,-4.00,Before
TCGA-A7-A4SE-Tumor,17,Cycle,Base Substitution,6179550,11104.47,27.00,29.95,-2.95,Before
TCGA-A7-A4SE-Tumor,17,Cycle,Base Insertion,6179353,325.77,43.00,45.00,-2.00,Before
TCGA-A7-A4SE-Tumor,17,Cycle,Base Deletion,6179353,461.41,42.00,45.00,-3.00,Before
TCGA-A7-A4SE-Tumor,-17,Cycle,Base Substitution,6093829,12814.11,27.00,28.52,-1.52,Before
TCGA-A7-A4SE-Tumor,-17,Cycle,Base Insertion,6093548,313.05,43.00,45.00,-2.00,Before
TCGA-A7-A4SE-Tumor,-17,Cycle,Base Deletion,6093548,492.25,42.00,45.00,-3.00,Before
TCGA-A7-A4SE-Tumor,18,Cycle,Base Substitution,6179582,10517.11,28.00,30.31,-2.31,Before
TCGA-A7-A4SE-Tumor,18,Cycle,Base Insertion,6179332,302.04,43.00,45.00,-2.00,Before
TCGA-A7-A4SE-Tumor,18,Cycle,Base Deletion,6179332,477.28,42.00,45.00,-3.00,Before
TCGA-A7-A4SE-Tumor,-18,Cycle,Base Substitution,6090868,13061.90,27.00,28.32,-1.32,Before
TCGA-A7-A4SE-Tumor,-18,Cycle,Base Insertion,6090476,315.43,43.00,45.00,-2.00,Before
TCGA-A7-A4SE-Tumor,-18,Cycle,Base Deletion,6090476,502.06,41.00,45.00,-4.00,Before
TCGA-A7-A4SE-Tumor,19,Cycle,Base Substitution,6179544,10072.19,28.00,30.37,-2.37,Before
TCGA-A7-A4SE-Tumor,19,Cycle,Base Insertion,6179246,321.27,43.00,45.00,-2.00,Before
TCGA-A7-A4SE-Tumor,19,Cycle,Base Deletion,6179246,492.90,42.00,45.00,-3.00,Before
TCGA-A7-A4SE-Tumor,-19,Cycle,Base Substitution,6088516,12516.68,27.00,28.48,-1.48,Before
TCGA-A7-A4SE-Tumor,-19,Cycle,Base Insertion,6088018,326.13,43.00,45.00,-2.00,Before
TCGA-A7-A4SE-Tumor,-19,Cycle,Base Deletion,6088018,503.86,41.00,45.00,-4.00,Before
TCGA-A7-A4SE-Tumor,20,Cycle,Base Substitution,6178985,10481.79,28.00,30.14,-2.14,Before
TCGA-A7-A4SE-Tumor,20,Cycle,Base Insertion,6178699,289.08,44.00,45.00,-1.00,Before
TCGA-A7-A4SE-Tumor,20,Cycle,Base Deletion,6178699,518.04,41.00,45.00,-4.00,Before
TCGA-A7-A4SE-Tumor,-20,Cycle,Base Substitution,6085868,12772.14,27.00,28.39,-1.39,Before
TCGA-A7-A4SE-Tumor,-20,Cycle,Base Insertion,6085344,324.06,43.00,45.00,-2.00,Before
TCGA-A7-A4SE-Tumor,-20,Cycle,Base Deletion,6085344,498.00,41.00,45.00,-4.00,Before
TCGA-A7-A4SE-Tumor,21,Cycle,Base Substitution,6178379,10784.94,28.00,29.95,-1.95,Before
TCGA-A7-A4SE-Tumor,21,Cycle,Base Insertion,6178103,307.02,43.00,45.00,-2.00,Before
TCGA-A7-A4SE-Tumor,21,Cycle,Base Deletion,6178103,505.01,41.00,45.00,-4.00,Before
TCGA-A7-A4SE-Tumor,-21,Cycle,Base Substitution,6083460,12966.38,27.00,28.39,-1.39,Before
TCGA-A7-A4SE-Tumor,-21,Cycle,Base Insertion,6082951,307.34,43.00,45.00,-2.00,Before
TCGA-A7-A4SE-Tumor,-21,Cycle,Base Deletion,6082951,501.91,41.00,45.00,-4.00,Before
TCGA-A7-A4SE-Tumor,22,Cycle,Base Substitution,6177777,10416.85,28.00,30.18,-2.18,Before
TCGA-A7-A4SE-Tumor,22,Cycle,Base Insertion,6177433,296.33,44.00,45.00,-1.00,Before
TCGA-A7-A4SE-Tumor,22,Cycle,Base Deletion,6177433,509.12,41.00,45.00,-4.00,Before
TCGA-A7-A4SE-Tumor,-22,Cycle,Base Substitution,6081001,12560.34,27.00,28.54,-1.54,Before
TCGA-A7-A4SE-Tumor,-22,Cycle,Base Insertion,6080447,317.71,43.00,45.00,-2.00,Before
TCGA-A7-A4SE-Tumor,-22,Cycle,Base Deletion,6080447,497.46,41.00,45.00,-4.00,Before
TCGA-A7-A4SE-Tumor,23,Cycle,Base Substitution,6176317,11595.55,27.00,29.60,-2.60,Before
TCGA-A7-A4SE-Tumor,23,Cycle,Base Insertion,6175927,308.44,43.00,45.00,-2.00,Before
TCGA-A7-A4SE-Tumor,23,Cycle,Base Deletion,6175927,510.25,41.00,45.00,-4.00,Before
TCGA-A7-A4SE-Tumor,-23,Cycle,Base Substitution,6078116,13541.65,27.00,28.25,-1.25,Before
TCGA-A7-A4SE-Tumor,-23,Cycle,Base Insertion,6077473,287.37,44.00,45.00,-1.00,Before
TCGA-A7-A4SE-Tumor,-23,Cycle,Base Deletion,6077473,503.53,41.00,45.00,-4.00,Before
TCGA-A7-A4SE-Tumor,24,Cycle,Base Substitution,6176593,10629.97,28.00,30.00,-2.00,Before
TCGA-A7-A4SE-Tumor,24,Cycle,Base Insertion,6176147,303.07,43.00,45.00,-2.00,Before
TCGA-A7-A4SE-Tumor,24,Cycle,Base Deletion,6176147,512.45,41.00,45.00,-4.00,Before
TCGA-A7-A4SE-Tumor,-24,Cycle,Base Substitution,6075608,12844.34,27.00,28.43,-1.43,Before
TCGA-A7-A4SE-Tumor,-24,Cycle,Base Insertion,6074872,308.42,43.00,45.00,-2.00,Before
TCGA-A7-A4SE-Tumor,-24,Cycle,Base Deletion,6074872,494.20,41.00,45.00,-4.00,Before
TCGA-A7-A4SE-Tumor,25,Cycle,Base Substitution,6175176,11354.12,27.00,29.46,-2.46,Before
TCGA-A7-A4SE-Tumor,25,Cycle,Base Insertion,6174731,305.92,43.00,45.00,-2.00,Before
TCGA-A7-A4SE-Tumor,25,Cycle,Base Deletion,6174731,507.03,41.00,45.00,-4.00,Before
TCGA-A7-A4SE-Tumor,-25,Cycle,Base Substitution,6072785,12919.22,27.00,28.50,-1.50,Before
TCGA-A7-A4SE-Tumor,-25,Cycle,Base Insertion,6072014,304.63,43.00,45.00,-2.00,Before
TCGA-A7-A4SE-Tumor,-25,Cycle,Base Deletion,6072014,498.93,41.00,45.00,-4.00,Before
TCGA-A7-A4SE-Tumor,26,Cycle,Base Substitution,6172837,11674.07,27.00,29.17,-2.17,Before
TCGA-A7-A4SE-Tumor,26,Cycle,Base Insertion,6172383,302.72,43.00,45.00,-2.00,Before
TCGA-A7-A4SE-Tumor,26,Cycle,Base Deletion,6172383,507.50,41.00,45.00,-4.00,Before
TCGA-A7-A4SE-Tumor,-26,Cycle,Base Substitution,6069440,14115.56,26.00,27.83,-1.83,Before
TCGA-A7-A4SE-Tumor,-26,Cycle,Base Insertion,6068634,296.34,44.00,45.00,-1.00,Before
TCGA-A7-A4SE-Tumor,-26,Cycle,Base Deletion,6068634,496.80,41.00,45.00,-4.00,Before
TCGA-A7-A4SE-Tumor,27,Cycle,Base Substitution,6171422,12643.16,27.00,28.78,-1.78,Before
TCGA-A7-A4SE-Tumor,27,Cycle,Base Insertion,6170935,292.49,44.00,45.00,-1.00,Before
TCGA-A7-A4SE-Tumor,27,Cycle,Base Deletion,6170935,513.00,41.00,45.00,-4.00,Before
TCGA-A7-A4SE-Tumor,-27,Cycle,Base Substitution,6062729,15580.09,26.00,27.26,-1.26,Before
TCGA-A7-A4SE-Tumor,-27,Cycle,Base Insertion,6061894,289.94,44.00,45.00,-1.00,Before
TCGA-A7-A4SE-Tumor,-27,Cycle,Base Deletion,6061894,497.47,41.00,45.00,-4.00,Before
TCGA-A7-A4SE-Tumor,28,Cycle,Base Substitution,6170245,13219.53,27.00,28.46,-1.46,Before
TCGA-A7-A4SE-Tumor,28,Cycle,Base Insertion,6169729,299.05,44.00,45.00,-1.00,Before
TCGA-A7-A4SE-Tumor,28,Cycle,Base Deletion,6169729,495.51,42.00,45.00,-3.00,Before
TCGA-A7-A4SE-Tumor,-28,Cycle,Base Substitution,6063134,13135.64,27.00,28.27,-1.27,Before
TCGA-A7-A4SE-Tumor,-28,Cycle,Base Insertion,6062254,278.54,44.00,45.00,-1.00,Before
TCGA-A7-A4SE-Tumor,-28,Cycle,Base Deletion,6062254,508.83,41.00,45.00,-4.00,Before
TCGA-A7-A4SE-Tumor,29,Cycle,Base Substitution,6169107,11737.97,27.00,29.12,-2.12,Before
TCGA-A7-A4SE-Tumor,29,Cycle,Base Insertion,6168546,288.46,44.00,45.00,-1.00,Before
TCGA-A7-A4SE-Tumor,29,Cycle,Base Deletion,6168546,481.74,42.00,45.00,-3.00,Before
TCGA-A7-A4SE-Tumor,-29,Cycle,Base Substitution,6058568,13361.90,27.00,28.11,-1.11,Before
TCGA-A7-A4SE-Tumor,-29,Cycle,Base Insertion,6057674,277.13,44.00,45.00,-1.00,Before
TCGA-A7-A4SE-Tumor,-29,Cycle,Base Deletion,6057674,487.01,42.00,45.00,-3.00,Before
TCGA-A7-A4SE-Tumor,30,Cycle,Base Substitution,6168170,11805.11,27.00,29.16,-2.16,Before
TCGA-A7-A4SE-Tumor,30,Cycle,Base Insertion,6167574,290.99,44.00,45.00,-1.00,Before
TCGA-A7-A4SE-Tumor,30,Cycle,Base Deletion,6167574,488.63,42.00,45.00,-3.00,Before
TCGA-A7-A4SE-Tumor,-30,Cycle,Base Substitution,6055767,13610.57,27.00,28.01,-1.01,Before
TCGA-A7-A4SE-Tumor,-30,Cycle,Base Insertion,6054871,283.11,44.00,45.00,-1.00,Before
TCGA-A7-A4SE-Tumor,-30,Cycle,Base Deletion,6054871,472.53,42.00,45.00,-3.00,Before
TCGA-A7-A4SE-Tumor,31,Cycle,Base Substitution,6166615,12156.05,27.00,29.08,-2.08,Before
TCGA-A7-A4SE-Tumor,31,Cycle,Base Insertion,6166035,281.04,44.00,45.00,-1.00,Before
TCGA-A7-A4SE-Tumor,31,Cycle,Base Deletion,6166035,474.57,42.00,45.00,-3.00,Before
TCGA-A7-A4SE-Tumor,-31,Cycle,Base Substitution,6052138,13474.48,27.00,28.24,-1.24,Before
TCGA-A7-A4SE-Tumor,-31,Cycle,Base Insertion,6051231,297.20,43.00,45.00,-2.00,Before
TCGA-A7-A4SE-Tumor,-31,Cycle,Base Deletion,6051231,466.67,42.00,45.00,-3.00,Before
TCGA-A7-A4SE-Tumor,32,Cycle,Base Substitution,6164901,11945.64,27.00,28.98,-1.98,Before
TCGA-A7-A4SE-Tumor,32,Cycle,Base Insertion,6164335,285.00,44.00,45.00,-1.00,Before
TCGA-A7-A4SE-Tumor,32,Cycle,Base Deletion,6164335,482.60,42.00,45.00,-3.00,Before
TCGA-A7-A4SE-Tumor,-32,Cycle,Base Substitution,6048361,12906.69,27.00,28.23,-1.23,Before
TCGA-A7-A4SE-Tumor,-32,Cycle,Base Insertion,6047467,274.84,44.00,45.00,-1.00,Before
TCGA-A7-A4SE-Tumor,-32,Cycle,Base Deletion,6047467,470.10,42.00,45.00,-3.00,Before
TCGA-A7-A4SE-Tumor,33,Cycle,Base Substitution,6163308,13004.34,27.00,28.46,-1.46,Before
TCGA-A7-A4SE-Tumor,33,Cycle,Base Insertion,6162737,297.06,44.00,45.00,-1.00,Before
TCGA-A7-A4SE-Tumor,33,Cycle,Base Deletion,6162737,468.86,42.00,45.00,-3.00,Before
TCGA-A7-A4SE-Tumor,-33,Cycle,Base Substitution,6044233,13358.87,27.00,28.07,-1.07,Before
TCGA-A7-A4SE-Tumor,-33,Cycle,Base Insertion,6043323,278.27,44.00,45.00,-1.00,Before
TCGA-A7-A4SE-Tumor,-33,Cycle,Base Deletion,6043323,468.09,42.00,45.00,-3.00,Before
TCGA-A7-A4SE-Tumor,34,Cycle,Base Substitution,6161796,11803.66,27.00,28.84,-1.84,Before
TCGA-A7-A4SE-Tumor,34,Cycle,Base Insertion,6161237,288.24,44.00,45.00,-1.00,Before
TCGA-A7-A4SE-Tumor,34,Cycle,Base Deletion,6161237,467.89,42.00,45.00,-3.00,Before
TCGA-A7-A4SE-Tumor,-34,Cycle,Base Substitution,6039737,12980.65,27.00,28.07,-1.07,Before
TCGA-A7-A4SE-Tumor,-34,Cycle,Base Insertion,6038834,252.94,44.00,45.00,-1.00,Before
TCGA-A7-A4SE-Tumor,-34,Cycle,Base Deletion,6038834,462.35,42.00,45.00,-3.00,Before
TCGA-A7-A4SE-Tumor,35,Cycle,Base Substitution,6159878,12089.59,27.00,28.91,-1.91,Before
TCGA-A7-A4SE-Tumor,35,Cycle,Base Insertion,6159309,308.42,43.00,45.00,-2.00,Before
TCGA-A7-A4SE-Tumor,35,Cycle,Base Deletion,6159309,474.46,42.00,45.00,-3.00,Before
TCGA-A7-A4SE-Tumor,-35,Cycle,Base Substitution,6035981,13211.08,27.00,28.12,-1.12,Before
TCGA-A7-A4SE-Tumor,-35,Cycle,Base Insertion,6035032,282.09,44.00,45.00,-1.00,Before
TCGA-A7-A4SE-Tumor,-35,Cycle,Base Deletion,6035032,454.59,42.00,45.00,-3.00,Before
TCGA-A7-A4SE-Tumor,36,Cycle,Base Substitution,6157694,12678.40,27.00,28.67,-1.67,Before
TCGA-A7-A4SE-Tumor,36,Cycle,Base Insertion,6157100,281.49,44.00,45.00,-1.00,Before
TCGA-A7-A4SE-Tumor,36,Cycle,Base Deletion,6157100,471.91,42.00,45.00,-3.00,Before
TCGA-A7-A4SE-Tumor,-36,Cycle,Base Substitution,6030888,13423.83,27.00,27.92,-0.92,Before
TCGA-A7-A4SE-Tumor,-36,Cycle,Base Insertion,6029917,257.38,44.00,45.00,-1.00,Before
TCGA-A7-A4SE-Tumor,-36,Cycle,Base Deletion,6029917,457.51,42.00,45.00,-3.00,Before
TCGA-A7-A4SE-Tumor,37,Cycle,Base Substitution,6155969,12052.02,27.00,28.79,-1.79,Before
TCGA-A7-A4SE-Tumor,37,Cycle,Base Insertion,6155353,300.31,44.00,45.00,-1.00,Before
TCGA-A7-A4SE-Tumor,37,Cycle,Base Deletion,6155353,448.91,42.00,45.00,-3.00,Before
TCGA-A7-A4SE-Tumor,-37,Cycle,Base Substitution,6026020,14220.31,26.00,27.62,-1.62,Before
TCGA-A7-A4SE-Tumor,-37,Cycle,Base Insertion,6025033,291.93,44.00,45.00,-1.00,Before
TCGA-A7-A4SE-Tumor,-37,Cycle,Base Deletion,6025033,442.92,42.00,45.00,-3.00,Before
TCGA-A7-A4SE-Tumor,38,Cycle,Base Substitution,6154003,12138.63,27.00,28.82,-1.82,Before
TCGA-A7-A4SE-Tumor,38,Cycle,Base Insertion,6153355,290.87,44.00,45.00,-1.00,Before
TCGA-A7-A4SE-Tumor,38,Cycle,Base Deletion,6153355,450.53,42.00,45.00,-3.00,Before
TCGA-A7-A4SE-Tumor,-38,Cycle,Base Substitution,6021694,13439.10,27.00,28.03,-1.03,Before
TCGA-A7-A4SE-Tumor,-38,Cycle,Base Insertion,6020747,272.27,44.00,45.00,-1.00,Before
TCGA-A7-A4SE-Tumor,-38,Cycle,Base Deletion,6020747,451.11,42.00,45.00,-3.00,Before
TCGA-A7-A4SE-Tumor,39,Cycle,Base Substitution,6152964,11679.57,27.00,29.19,-2.19,Before
TCGA-A7-A4SE-Tumor,39,Cycle,Base Insertion,6152309,303.55,43.00,45.00,-2.00,Before
TCGA-A7-A4SE-Tumor,39,Cycle,Base Deletion,6152309,466.34,42.00,45.00,-3.00,Before
TCGA-A7-A4SE-Tumor,-39,Cycle,Base Substitution,6016197,14591.57,26.00,27.40,-1.40,Before
TCGA-A7-A4SE-Tumor,-39,Cycle,Base Insertion,6015254,267.67,44.00,45.00,-1.00,Before
TCGA-A7-A4SE-Tumor,-39,Cycle,Base Deletion,6015254,453.59,42.00,45.00,-3.00,Before
TCGA-A7-A4SE-Tumor,40,Cycle,Base Substitution,6151291,11491.60,27.00,29.12,-2.12,Before
TCGA-A7-A4SE-Tumor,40,Cycle,Base Insertion,6150634,306.75,43.00,45.00,-2.00,Before
TCGA-A7-A4SE-Tumor,40,Cycle,Base Deletion,6150634,477.06,42.00,45.00,-3.00,Before
TCGA-A7-A4SE-Tumor,-40,Cycle,Base Substitution,6013516,13327.57,27.00,28.19,-1.19,Before
TCGA-A7-A4SE-Tumor,-40,Cycle,Base Insertion,6012564,265.13,44.00,45.00,-1.00,Before
TCGA-A7-A4SE-Tumor,-40,Cycle,Base Deletion,6012564,442.53,42.00,45.00,-3.00,Before
TCGA-A7-A4SE-Tumor,41,Cycle,Base Substitution,6148485,12434.26,27.00,28.88,-1.88,Before
TCGA-A7-A4SE-Tumor,41,Cycle,Base Insertion,6147827,298.30,44.00,45.00,-1.00,Before
TCGA-A7-A4SE-Tumor,41,Cycle,Base Deletion,6147827,469.05,42.00,45.00,-3.00,Before
TCGA-A7-A4SE-Tumor,-41,Cycle,Base Substitution,6008653,12779.91,27.00,28.42,-1.42,Before
TCGA-A7-A4SE-Tumor,-41,Cycle,Base Insertion,6007719,260.13,44.00,45.00,-1.00,Before
TCGA-A7-A4SE-Tumor,-41,Cycle,Base Deletion,6007719,432.52,42.00,45.00,-3.00,Before
TCGA-A7-A4SE-Tumor,42,Cycle,Base Substitution,6146604,12244.72,27.00,28.89,-1.89,Before
TCGA-A7-A4SE-Tumor,42,Cycle,Base Insertion,6145913,261.09,44.00,45.00,-1.00,Before
TCGA-A7-A4SE-Tumor,42,Cycle,Base Deletion,6145913,476.25,42.00,45.00,-3.00,Before
TCGA-A7-A4SE-Tumor,-42,Cycle,Base Substitution,6003862,12661.27,27.00,28.49,-1.49,Before
TCGA-A7-A4SE-Tumor,-42,Cycle,Base Insertion,6002940,247.09,44.00,45.00,-1.00,Before
TCGA-A7-A4SE-Tumor,-42,Cycle,Base Deletion,6002940,431.57,42.00,45.00,-3.00,Before
TCGA-A7-A4SE-Tumor,43,Cycle,Base Substitution,6143726,11920.58,27.00,29.04,-2.04,Before
TCGA-A7-A4SE-Tumor,43,Cycle,Base Insertion,6143057,272.95,44.00,45.00,-1.00,Before
TCGA-A7-A4SE-Tumor,43,Cycle,Base Deletion,6143057,465.25,42.00,45.00,-3.00,Before
TCGA-A7-A4SE-Tumor,-43,Cycle,Base Substitution,5998845,12480.70,27.00,28.50,-1.50,Before
TCGA-A7-A4SE-Tumor,-43,Cycle,Base Insertion,5997941,253.94,44.00,45.00,-1.00,Before
TCGA-A7-A4SE-Tumor,-43,Cycle,Base Deletion,5997941,434.94,42.00,45.00,-3.00,Before
TCGA-A7-A4SE-Tumor,44,Cycle,Base Substitution,6140754,11862.04,27.00,28.92,-1.92,Before
TCGA-A7-A4SE-Tumor,44,Cycle,Base Insertion,6140087,295.72,44.00,45.00,-1.00,Before
TCGA-A7-A4SE-Tumor,44,Cycle,Base Deletion,6140087,473.82,42.00,45.00,-3.00,Before
TCGA-A7-A4SE-Tumor,-44,Cycle,Base Substitution,5993357,12610.61,27.00,28.52,-1.52,Before
TCGA-A7-A4SE-Tumor,-44,Cycle,Base Insertion,5992472,247.06,44.00,45.00,-1.00,Before
TCGA-A7-A4SE-Tumor,-44,Cycle,Base Deletion,5992472,440.90,42.00,45.00,-3.00,Before
TCGA-A7-A4SE-Tumor,45,Cycle,Base Substitution,6137747,12495.41,27.00,28.76,-1.76,Before
TCGA-A7-A4SE-Tumor,45,Cycle,Base Insertion,6137034,284.03,44.00,45.00,-1.00,Before
TCGA-A7-A4SE-Tumor,45,Cycle,Base Deletion,6137034,471.87,42.00,45.00,-3.00,Before
TCGA-A7-A4SE-Tumor,-45,Cycle,Base Substitution,5988564,12401.26,27.00,28.64,-1.64,Before
TCGA-A7-A4SE-Tumor,-45,Cycle,Base Insertion,5987650,255.12,44.00,45.00,-1.00,Before
TCGA-A7-A4SE-Tumor,-45,Cycle,Base Deletion,5987650,438.45,42.00,45.00,-3.00,Before
TCGA-A7-A4SE-Tumor,46,Cycle,Base Substitution,6135328,12361.61,27.00,28.90,-1.90,Before
TCGA-A7-A4SE-Tumor,46,Cycle,Base Insertion,6134643,262.88,44.00,45.00,-1.00,Before
TCGA-A7-A4SE-Tumor,46,Cycle,Base Deletion,6134643,489.16,42.00,45.00,-3.00,Before
TCGA-A7-A4SE-Tumor,-46,Cycle,Base Substitution,5982551,12557.15,27.00,28.70,-1.70,Before
TCGA-A7-A4SE-Tumor,-46,Cycle,Base Insertion,5981607,242.59,44.00,45.00,-1.00,Before
TCGA-A7-A4SE-Tumor,-46,Cycle,Base Deletion,5981607,427.86,42.00,45.00,-3.00,Before
TCGA-A7-A4SE-Tumor,47,Cycle,Base Substitution,6132755,12593.91,27.00,28.76,-1.76,Before
TCGA-A7-A4SE-Tumor,47,Cycle,Base Insertion,6132034,244.88,44.00,45.00,-1.00,Before
TCGA-A7-A4SE-Tumor,47,Cycle,Base Deletion,6132034,481.14,42.00,45.00,-3.00,Before
TCGA-A7-A4SE-Tumor,-47,Cycle,Base Substitution,5976879,12440.22,27.00,28.70,-1.70,Before
TCGA-A7-A4SE-Tumor,-47,Cycle,Base Insertion,5975880,248.55,44.00,45.00,-1.00,Before
TCGA-A7-A4SE-Tumor,-47,Cycle,Base Deletion,5975880,429.59,42.00,45.00,-3.00,Before
TCGA-A7-A4SE-Tumor,48,Cycle,Base Substitution,6129670,12507.96,27.00,28.70,-1.70,Before
TCGA-A7-A4SE-Tumor,48,Cycle,Base Insertion,6128848,261.26,44.00,45.00,-1.00,Before
TCGA-A7-A4SE-Tumor,48,Cycle,Base Deletion,6128848,472.22,42.00,45.00,-3.00,Before
TCGA-A7-A4SE-Tumor,-48,Cycle,Base Substitution,5970995,12405.75,27.00,28.67,-1.67,Before
TCGA-A7-A4SE-Tumor,-48,Cycle,Base Insertion,5969982,247.45,44.00,45.00,-1.00,Before
TCGA-A7-A4SE-Tumor,-48,Cycle,Base Deletion,5969982,417.37,42.00,45.00,-3.00,Before
TCGA-A7-A4SE-Tumor,49,Cycle,Base Substitution,6126720,12502.95,27.00,28.72,-1.72,Before
TCGA-A7-A4SE-Tumor,49,Cycle,Base Insertion,6125868,267.08,44.00,45.00,-1.00,Before
TCGA-A7-A4SE-Tumor,49,Cycle,Base Deletion,6125868,463.79,42.00,45.00,-3.00,Before
TCGA-A7-A4SE-Tumor,-49,Cycle,Base Substitution,5964067,14971.20,26.00,27.64,-1.64,Before
TCGA-A7-A4SE-Tumor,-49,Cycle,Base Insertion,5963035,248.05,44.00,45.00,-1.00,Before
TCGA-A7-A4SE-Tumor,-49,Cycle,Base Deletion,5963035,418.18,42.00,45.00,-3.00,Before
TCGA-A7-A4SE-Tumor,50,Cycle,Base Substitution,6123880,12484.11,27.00,28.91,-1.91,Before
TCGA-A7-A4SE-Tumor,50,Cycle,Base Insertion,6122990,252.35,44.00,45.00,-1.00,Before
TCGA-A7-A4SE-Tumor,50,Cycle,Base Deletion,6122990,455.32,42.00,45.00,-3.00,Before
TCGA-A7-A4SE-Tumor,-50,Cycle,Base Substitution,5958333,12162.16,27.00,28.67,-1.67,Before
TCGA-A7-A4SE-Tumor,-50,Cycle,Base Insertion,5957281,238.49,44.00,45.00,-1.00,Before
TCGA-A7-A4SE-Tumor,-50,Cycle,Base Deletion,5957281,418.96,42.00,45.00,-3.00,Before
TCGA-A7-A4SE-Tumor,51,Cycle,Base Substitution,6120707,12194.36,27.00,28.94,-1.94,Before
TCGA-A7-A4SE-Tumor,51,Cycle,Base Insertion,6119706,277.21,44.00,45.00,-1.00,Before
TCGA-A7-A4SE-Tumor,51,Cycle,Base Deletion,6119706,463.23,42.00,45.00,-3.00,Before
TCGA-A7-A4SE-Tumor,-51,Cycle,Base Substitution,5952786,12154.41,27.00,28.65,-1.65,Before
TCGA-A7-A4SE-Tumor,-51,Cycle,Base Insertion,5951640,251.57,44.00,45.00,-1.00,Before
TCGA-A7-A4SE-Tumor,-51,Cycle,Base Deletion,5951640,424.11,42.00,45.00,-3.00,Before
TCGA-A7-A4SE-Tumor,52,Cycle,Base Substitution,6118943,11821.75,27.00,29.41,-2.41,Before
TCGA-A7-A4SE-Tumor,52,Cycle,Base Insertion,6117839,255.03,44.00,45.00,-1.00,Before
TCGA-A7-A4SE-Tumor,52,Cycle,Base Deletion,6117839,460.91,42.00,45.00,-3.00,Before
TCGA-A7-A4SE-Tumor,-52,Cycle,Base Substitution,5948160,12032.60,27.00,28.64,-1.64,Before
TCGA-A7-A4SE-Tumor,-52,Cycle,Base Insertion,5946919,249.25,44.00,45.00,-1.00,Before
TCGA-A7-A4SE-Tumor,-52,Cycle,Base Deletion,5946919,422.88,42.00,45.00,-3.00,Before
TCGA-A7-A4SE-Tumor,53,Cycle,Base Substitution,6115836,11580.19,27.00,29.48,-2.48,Before
TCGA-A7-A4SE-Tumor,53,Cycle,Base Insertion,6114603,253.57,44.00,45.00,-1.00,Before
TCGA-A7-A4SE-Tumor,53,Cycle,Base Deletion,6114603,459.49,42.00,45.00,-3.00,Before
TCGA-A7-A4SE-Tumor,-53,Cycle,Base Substitution,5944413,11948.33,27.00,28.76,-1.76,Before
TCGA-A7-A4SE-Tumor,-53,Cycle,Base Insertion,5943098,244.32,44.00,45.00,-1.00,Before
TCGA-A7-A4SE-Tumor,-53,Cycle,Base Deletion,5943098,431.60,42.00,45.00,-3.00,Before
TCGA-A7-A4SE-Tumor,54,Cycle,Base Substitution,6113128,12459.67,27.00,29.12,-2.12,Before
TCGA-A7-A4SE-Tumor,54,Cycle,Base Insertion,6111834,241.09,44.00,45.00,-1.00,Before
TCGA-A7-A4SE-Tumor,54,Cycle,Base Deletion,6111834,462.98,42.00,45.00,-3.00,Before
TCGA-A7-A4SE-Tumor,-54,Cycle,Base Substitution,5938962,11970.99,27.00,28.84,-1.84,Before
TCGA-A7-A4SE-Tumor,-54,Cycle,Base Insertion,5937556,237.39,44.00,45.00,-1.00,Before
TCGA-A7-A4SE-Tumor,-54,Cycle,Base Deletion,5937556,437.16,42.00,45.00,-3.00,Before
TCGA-A7-A4SE-Tumor,55,Cycle,Base Substitution,6109107,12493.85,27.00,29.22,-2.22,Before
TCGA-A7-A4SE-Tumor,55,Cycle,Base Insertion,6107740,225.52,44.00,45.00,-1.00,Before
TCGA-A7-A4SE-Tumor,55,Cycle,Base Deletion,6107740,447.45,42.00,45.00,-3.00,Before
TCGA-A7-A4SE-Tumor,-55,Cycle,Base Substitution,5933601,12169.34,27.00,28.82,-1.82,Before
TCGA-A7-A4SE-Tumor,-55,Cycle,Base Insertion,5932191,234.83,44.00,45.00,-1.00,Before
TCGA-A7-A4SE-Tumor,-55,Cycle,Base Deletion,5932191,447.07,42.00,45.00,-3.00,Before
TCGA-A7-A4SE-Tumor,56,Cycle,Base Substitution,6104134,12161.56,27.00,29.40,-2.40,Before
TCGA-A7-A4SE-Tumor,56,Cycle,Base Insertion,6102834,250.61,44.00,45.00,-1.00,Before
TCGA-A7-A4SE-Tumor,56,Cycle,Base Deletion,6102834,460.33,42.00,45.00,-3.00,Before
TCGA-A7-A4SE-Tumor,-56,Cycle,Base Substitution,5927704,12078.76,27.00,28.77,-1.77,Before
TCGA-A7-A4SE-Tumor,-56,Cycle,Base Insertion,5926268,222.31,44.00,45.00,-1.00,Before
TCGA-A7-A4SE-Tumor,-56,Cycle,Base Deletion,5926268,446.72,42.00,45.00,-3.00,Before
TCGA-A7-A4SE-Tumor,57,Cycle,Base Substitution,6100489,11839.20,27.00,29.42,-2.42,Before
TCGA-A7-A4SE-Tumor,57,Cycle,Base Insertion,6099153,249.63,44.00,45.00,-1.00,Before
TCGA-A7-A4SE-Tumor,57,Cycle,Base Deletion,6099153,469.41,42.00,45.00,-3.00,Before
TCGA-A7-A4SE-Tumor,-57,Cycle,Base Substitution,5923581,11842.76,27.00,29.07,-2.07,Before
TCGA-A7-A4SE-Tumor,-57,Cycle,Base Insertion,5922058,255.32,44.00,45.00,-1.00,Before
TCGA-A7-A4SE-Tumor,-57,Cycle,Base Deletion,5922058,433.70,42.00,45.00,-3.00,Before
TCGA-A7-A4SE-Tumor,58,Cycle,Base Substitution,6097185,11904.11,27.00,29.41,-2.41,Before
TCGA-A7-A4SE-Tumor,58,Cycle,Base Insertion,6095772,260.18,44.00,45.00,-1.00,Before
TCGA-A7-A4SE-Tumor,58,Cycle,Base Deletion,6095772,455.32,42.00,45.00,-3.00,Before
TCGA-A7-A4SE-Tumor,-58,Cycle,Base Substitution,5918610,11543.08,27.00,29.41,-2.41,Before
TCGA-A7-A4SE-Tumor,-58,Cycle,Base Insertion,5917081,256.89,44.00,45.00,-1.00,Before
TCGA-A7-A4SE-Tumor,-58,Cycle,Base Deletion,5917081,434.34,42.00,45.00,-3.00,Before
TCGA-A7-A4SE-Tumor,59,Cycle,Base Substitution,6092328,11643.15,27.00,29.43,-2.43,Before
TCGA-A7-A4SE-Tumor,59,Cycle,Base Insertion,6090871,266.13,44.00,45.00,-1.00,Before
TCGA-A7-A4SE-Tumor,59,Cycle,Base Deletion,6090871,459.10,42.00,45.00,-3.00,Before
TCGA-A7-A4SE-Tumor,-59,Cycle,Base Substitution,5912729,11245.83,27.00,29.36,-2.36,Before
TCGA-A7-A4SE-Tumor,-59,Cycle,Base Insertion,5911129,254.07,44.00,45.00,-1.00,Before
TCGA-A7-A4SE-Tumor,-59,Cycle,Base Deletion,5911129,447.10,42.00,45.00,-3.00,Before
TCGA-A7-A4SE-Tumor,60,Cycle,Base Substitution,6087589,12088.10,27.00,29.32,-2.32,Before
TCGA-A7-A4SE-Tumor,60,Cycle,Base Insertion,6086075,252.49,44.00,45.00,-1.00,Before
TCGA-A7-A4SE-Tumor,60,Cycle,Base Deletion,6086075,446.67,42.00,45.00,-3.00,Before
TCGA-A7-A4SE-Tumor,-60,Cycle,Base Substitution,5906603,11386.76,27.00,29.46,-2.46,Before
TCGA-A7-A4SE-Tumor,-60,Cycle,Base Insertion,5904927,231.62,44.00,45.00,-1.00,Before
TCGA-A7-A4SE-Tumor,-60,Cycle,Base Deletion,5904927,423.79,42.00,45.00,-3.00,Before
TCGA-A7-A4SE-Tumor,61,Cycle,Base Substitution,6084692,11886.01,27.00,29.40,-2.40,Before
TCGA-A7-A4SE-Tumor,61,Cycle,Base Insertion,6083082,249.08,44.00,45.00,-1.00,Before
TCGA-A7-A4SE-Tumor,61,Cycle,Base Deletion,6083082,461.41,42.00,45.00,-3.00,Before
TCGA-A7-A4SE-Tumor,-61,Cycle,Base Substitution,5900320,11490.55,27.00,29.45,-2.45,Before
TCGA-A7-A4SE-Tumor,-61,Cycle,Base Insertion,5898545,218.91,44.00,45.00,-1.00,Before
TCGA-A7-A4SE-Tumor,-61,Cycle,Base Deletion,5898545,415.79,42.00,45.00,-3.00,Before
TCGA-A7-A4SE-Tumor,62,Cycle,Base Substitution,6080235,11852.98,27.00,29.45,-2.45,Before
TCGA-A7-A4SE-Tumor,62,Cycle,Base Insertion,6078577,248.67,44.00,45.00,-1.00,Before
TCGA-A7-A4SE-Tumor,62,Cycle,Base Deletion,6078577,457.06,42.00,45.00,-3.00,Before
TCGA-A7-A4SE-Tumor,-62,Cycle,Base Substitution,5893366,11781.38,27.00,29.37,-2.37,Before
TCGA-A7-A4SE-Tumor,-62,Cycle,Base Insertion,5891501,222.47,44.00,45.00,-1.00,Before
TCGA-A7-A4SE-Tumor,-62,Cycle,Base Deletion,5891501,419.16,42.00,45.00,-3.00,Before
TCGA-A7-A4SE-Tumor,63,Cycle,Base Substitution,6075165,11882.79,27.00,29.42,-2.42,Before
TCGA-A7-A4SE-Tumor,63,Cycle,Base Insertion,6073389,250.47,44.00,45.00,-1.00,Before
TCGA-A7-A4SE-Tumor,63,Cycle,Base Deletion,6073389,451.19,42.00,45.00,-3.00,Before
TCGA-A7-A4SE-Tumor,-63,Cycle,Base Substitution,5886600,12238.38,27.00,29.18,-2.18,Before
TCGA-A7-A4SE-Tumor,-63,Cycle,Base Insertion,5884653,233.87,44.00,45.00,-1.00,Before
TCGA-A7-A4SE-Tumor,-63,Cycle,Base Deletion,5884653,427.06,42.00,45.00,-3.00,Before
TCGA-A7-A4SE-Tumor,64,Cycle,Base Substitution,6071007,11585.33,27.00,29.50,-2.50,Before
TCGA-A7-A4SE-Tumor,64,Cycle,Base Insertion,6069111,254.67,44.00,45.00,-1.00,Before
TCGA-A7-A4SE-Tumor,64,Cycle,Base Deletion,6069111,448.80,42.00,45.00,-3.00,Before
TCGA-A7-A4SE-Tumor,-64,Cycle,Base Substitution,5880088,11329.79,27.00,29.52,-2.52,Before
TCGA-A7-A4SE-Tumor,-64,Cycle,Base Insertion,5878078,222.67,44.00,45.00,-1.00,Before
TCGA-A7-A4SE-Tumor,-64,Cycle,Base Deletion,5878078,418.36,42.00,45.00,-3.00,Before
TCGA-A7-A4SE-Tumor,65,Cycle,Base Substitution,6066115,11744.43,27.00,29.41,-2.41,Before
TCGA-A7-A4SE-Tumor,65,Cycle,Base Insertion,6064166,252.38,44.00,45.00,-1.00,Before
TCGA-A7-A4SE-Tumor,65,Cycle,Base Deletion,6064166,433.12,42.00,45.00,-3.00,Before
TCGA-A7-A4SE-Tumor,-65,Cycle,Base Substitution,5872266,11442.36,27.00,29.47,-2.47,Before
TCGA-A7-A4SE-Tumor,-65,Cycle,Base Insertion,5870172,234.23,44.00,45.00,-1.00,Before
TCGA-A7-A4SE-Tumor,-65,Cycle,Base Deletion,5870172,419.81,42.00,45.00,-3.00,Before
TCGA-A7-A4SE-Tumor,66,Cycle,Base Substitution,6060530,12310.12,27.00,29.30,-2.30,Before
TCGA-A7-A4SE-Tumor,66,Cycle,Base Insertion,6058432,254.26,44.00,45.00,-1.00,Before
TCGA-A7-A4SE-Tumor,66,Cycle,Base Deletion,6058432,445.20,42.00,45.00,-3.00,Before
TCGA-A7-A4SE-Tumor,-66,Cycle,Base Substitution,5865624,11297.22,27.00,29.50,-2.50,Before
TCGA-A7-A4SE-Tumor,-66,Cycle,Base Insertion,5863391,225.94,44.00,45.00,-1.00,Before
TCGA-A7-A4SE-Tumor,-66,Cycle,Base Deletion,5863391,418.63,42.00,45.00,-3.00,Before
TCGA-A7-A4SE-Tumor,67,Cycle,Base Substitution,6055000,11942.01,27.00,29.44,-2.44,Before
TCGA-A7-A4SE-Tumor,67,Cycle,Base Insertion,6052815,226.62,44.00,45.00,-1.00,Before
TCGA-A7-A4SE-Tumor,67,Cycle,Base Deletion,6052815,430.83,42.00,45.00,-3.00,Before
TCGA-A7-A4SE-Tumor,-67,Cycle,Base Substitution,5858001,11041.77,27.00,29.55,-2.55,Before
TCGA-A7-A4SE-Tumor,-67,Cycle,Base Insertion,5855623,242.66,44.00,45.00,-1.00,Before
TCGA-A7-A4SE-Tumor,-67,Cycle,Base Deletion,5855623,411.25,42.00,45.00,-3.00,Before
TCGA-A7-A4SE-Tumor,68,Cycle,Base Substitution,6049883,12380.66,27.00,29.36,-2.36,Before
TCGA-A7-A4SE-Tumor,68,Cycle,Base Insertion,6047567,236.08,44.00,45.00,-1.00,Before
TCGA-A7-A4SE-Tumor,68,Cycle,Base Deletion,6047567,433.52,42.00,45.00,-3.00,Before
TCGA-A7-A4SE-Tumor,-68,Cycle,Base Substitution,5850708,11265.10,27.00,29.61,-2.61,Before
TCGA-A7-A4SE-Tumor,-68,Cycle,Base Insertion,5848181,241.93,44.00,45.00,-1.00,Before
TCGA-A7-A4SE-Tumor,-68,Cycle,Base Deletion,5848181,407.74,42.00,45.00,-3.00,Before
TCGA-A7-A4SE-Tumor,69,Cycle,Base Substitution,6044323,11718.37,27.00,29.40,-2.40,Before
TCGA-A7-A4SE-Tumor,69,Cycle,Base Insertion,6041802,228.67,44.00,45.00,-1.00,Before
TCGA-A7-A4SE-Tumor,69,Cycle,Base Deletion,6041802,434.54,42.00,45.00,-3.00,Before
TCGA-A7-A4SE-Tumor,-69,Cycle,Base Substitution,5841933,11067.90,27.00,29.59,-2.59,Before
TCGA-A7-A4SE-Tumor,-69,Cycle,Base Insertion,5839249,232.81,44.00,45.00,-1.00,Before
TCGA-A7-A4SE-Tumor,-69,Cycle,Base Deletion,5839249,400.90,42.00,45.00,-3.00,Before
TCGA-A7-A4SE-Tumor,70,Cycle,Base Substitution,6038790,11919.98,27.00,29.42,-2.42,Before
TCGA-A7-A4SE-Tumor,70,Cycle,Base Insertion,6036127,229.73,44.00,45.00,-1.00,Before
TCGA-A7-A4SE-Tumor,70,Cycle,Base Deletion,6036127,430.49,42.00,45.00,-3.00,Before
TCGA-A7-A4SE-Tumor,-70,Cycle,Base Substitution,5833668,11384.25,27.00,29.53,-2.53,Before
TCGA-A7-A4SE-Tumor,-70,Cycle,Base Insertion,5830864,227.80,44.00,45.00,-1.00,Before
TCGA-A7-A4SE-Tumor,-70,Cycle,Base Deletion,5830864,393.03,42.00,45.00,-3.00,Before
TCGA-A7-A4SE-Tumor,71,Cycle,Base Substitution,6032748,11661.55,27.00,29.47,-2.47,Before
TCGA-A7-A4SE-Tumor,71,Cycle,Base Insertion,6029844,223.81,44.00,45.00,-1.00,Before
TCGA-A7-A4SE-Tumor,71,Cycle,Base Deletion,6029844,430.77,42.00,45.00,-3.00,Before
TCGA-A7-A4SE-Tumor,-71,Cycle,Base Substitution,5825638,12274.70,27.00,29.01,-2.01,Before
TCGA-A7-A4SE-Tumor,-71,Cycle,Base Insertion,5822587,228.03,44.00,45.00,-1.00,Before
TCGA-A7-A4SE-Tumor,-71,Cycle,Base Deletion,5822587,382.04,42.00,45.00,-3.00,Before
TCGA-A7-A4SE-Tumor,72,Cycle,Base Substitution,6026631,11584.84,27.00,29.58,-2.58,Before
TCGA-A7-A4SE-Tumor,72,Cycle,Base Insertion,6023411,217.34,45.00,45.00,0.00,Before
TCGA-A7-A4SE-Tumor,72,Cycle,Base Deletion,6023411,416.06,42.00,45.00,-3.00,Before
TCGA-A7-A4SE-Tumor,-72,Cycle,Base Substitution,5817272,11245.88,27.00,29.46,-2.46,Before
TCGA-A7-A4SE-Tumor,-72,Cycle,Base Insertion,5813812,209.86,45.00,45.00,0.00,Before
TCGA-A7-A4SE-Tumor,-72,Cycle,Base Deletion,5813812,397.83,42.00,45.00,-3.00,Before
TCGA-A7-A4SE-Tumor,73,Cycle,Base Substitution,6019299,12490.57,27.00,29.32,-2.32,Before
TCGA-A7-A4SE-Tumor,73,Cycle,Base Insertion,6015724,227.49,44.00,45.00,-1.00,Before
TCGA-A7-A4SE-Tumor,73,Cycle,Base Deletion,6015724,419.93,42.00,45.00,-3.00,Before
TCGA-A7-A4SE-Tumor,-73,Cycle,Base Substitution,5808304,13794.68,26.00,28.44,-2.44,Before
TCGA-A7-A4SE-Tumor,-73,Cycle,Base Insertion,5804598,199.70,45.00,45.00,0.00,Before
TCGA-A7-A4SE-Tumor,-73,Cycle,Base Deletion,5804598,397.13,42.00,45.00,-3.00,Before
TCGA-A7-A4SE-Tumor,74,Cycle,Base Substitution,6013902,11948.62,27.00,29.50,-2.50,Before
TCGA-A7-A4SE-Tumor,74,Cycle,Base Insertion,6009915,217.94,45.00,45.00,0.00,Before
TCGA-A7-A4SE-Tumor,74,Cycle,Base Deletion,6009915,404.24,42.00,45.00,-3.00,Before
TCGA-A7-A4SE-Tumor,-74,Cycle,Base Substitution,5800964,11554.36,27.00,29.40,-2.40,Before
TCGA-A7-A4SE-Tumor,-74,Cycle,Base Insertion,5796881,210.89,45.00,45.00,0.00,Before
TCGA-A7-A4SE-Tumor,-74,Cycle,Base Deletion,5796881,382.84,42.00,45.00,-3.00,Before
TCGA-A7-A4SE-Tumor,75,Cycle,Base Substitution,6004880,11701.42,27.00,29.54,-2.54,Before
TCGA-A7-A4SE-Tumor,75,Cycle,Base Insertion,6000559,208.75,45.00,45.00,0.00,Before
TCGA-A7-A4SE-Tumor,75,Cycle,Base Deletion,6000559,410.23,42.00,45.00,-3.00,Before
TCGA-A7-A4SE-Tumor,-75,Cycle,Base Substitution,5791165,11152.82,27.00,29.48,-2.48,Before
TCGA-A7-A4SE-Tumor,-75,Cycle,Base Insertion,5786720,222.67,44.00,45.00,-1.00,Before
TCGA-A7-A4SE-Tumor,-75,Cycle,Base Deletion,5786720,386.44,42.00,45.00,-3.00,Before
TCGA-A7-A4SE-Tumor,76,Cycle,Base Substitution,5998722,12021.23,27.00,29.25,-2.25,Before
TCGA-A7-A4SE-Tumor,76,Cycle,Base Insertion,5994034,210.66,45.00,45.00,0.00,Before
TCGA-A7-A4SE-Tumor,76,Cycle,Base Deletion,5994034,413.24,42.00,45.00,-3.00,Before
TCGA-A7-A4SE-Tumor,-76,Cycle,Base Substitution,5782240,10707.45,27.00,29.66,-2.66,Before
TCGA-A7-A4SE-Tumor,-76,Cycle,Base Insertion,5777482,214.40,44.00,45.00,-1.00,Before
TCGA-A7-A4SE-Tumor,-76,Cycle,Base Deletion,5777482,378.83,42.00,45.00,-3.00,Before
TCGA-A7-A4SE-Tumor,77,Cycle,Base Substitution,5994169,11287.97,27.00,29.65,-2.65,Before
TCGA-A7-A4SE-Tumor,77,Cycle,Base Insertion,5988880,225.78,44.00,45.00,-1.00,Before
TCGA-A7-A4SE-Tumor,77,Cycle,Base Deletion,5988880,420.49,42.00,45.00,-3.00,Before
TCGA-A7-A4SE-Tumor,-77,Cycle,Base Substitution,5772517,11002.42,27.00,29.49,-2.49,Before
TCGA-A7-A4SE-Tumor,-77,Cycle,Base Insertion,5767068,206.42,45.00,45.00,0.00,Before
TCGA-A7-A4SE-Tumor,-77,Cycle,Base Deletion,5767068,384.88,42.00,45.00,-3.00,Before
TCGA-A7-A4SE-Tumor,78,Cycle,Base Substitution,5987544,11235.49,27.00,29.68,-2.68,Before
TCGA-A7-A4SE-Tumor,78,Cycle,Base Insertion,5981702,221.93,44.00,45.00,-1.00,Before
TCGA-A7-A4SE-Tumor,78,Cycle,Base Deletion,5981702,404.26,42.00,45.00,-3.00,Before
TCGA-A7-A4SE-Tumor,-78,Cycle,Base Substitution,5763602,11610.30,27.00,29.37,-2.37,Before
TCGA-A7-A4SE-Tumor,-78,Cycle,Base Insertion,5757639,178.53,45.00,45.00,0.00,Before
TCGA-A7-A4SE-Tumor,-78,Cycle,Base Deletion,5757639,365.32,43.00,45.00,-2.00,Before
TCGA-A7-A4SE-Tumor,79,Cycle,Base Substitution,5980439,11465.14,27.00,29.69,-2.69,Before
TCGA-A7-A4SE-Tumor,79,Cycle,Base Insertion,5973906,197.56,45.00,45.00,0.00,Before
TCGA-A7-A4SE-Tumor,79,Cycle,Base Deletion,5973906,389.10,42.00,45.00,-3.00,Before
TCGA-A7-A4SE-Tumor,-79,Cycle,Base Substitution,5753594,11507.08,27.00,29.53,-2.53,Before
TCGA-A7-A4SE-Tumor,-79,Cycle,Base Insertion,5747034,203.71,45.00,45.00,0.00,Before
TCGA-A7-A4SE-Tumor,-79,Cycle,Base Deletion,5747034,369.56,42.00,45.00,-3.00,Before
TCGA-A7-A4SE-Tumor,80,Cycle,Base Substitution,5972631,11535.30,27.00,29.70,-2.70,Before
TCGA-A7-A4SE-Tumor,80,Cycle,Base Insertion,5965312,190.30,45.00,45.00,0.00,Before
TCGA-A7-A4SE-Tumor,80,Cycle,Base Deletion,5965312,370.24,43.00,45.00,-2.00,Before
TCGA-A7-A4SE-Tumor,-80,Cycle,Base Substitution,5742909,11225.03,27.00,29.53,-2.53,Before
TCGA-A7-A4SE-Tumor,-80,Cycle,Base Insertion,5735584,209.45,45.00,45.00,0.00,Before
TCGA-A7-A4SE-Tumor,-80,Cycle,Base Deletion,5735584,350.91,43.00,45.00,-2.00,Before
TCGA-A7-A4SE-Tumor,81,Cycle,Base Substitution,5963653,11415.66,27.00,29.64,-2.64,Before
TCGA-A7-A4SE-Tumor,81,Cycle,Base Insertion,5955810,219.27,45.00,45.00,0.00,Before
TCGA-A7-A4SE-Tumor,81,Cycle,Base Deletion,5955810,394.44,42.00,45.00,-3.00,Before
TCGA-A7-A4SE-Tumor,-81,Cycle,Base Substitution,5731705,11463.28,27.00,29.39,-2.39,Before
TCGA-A7-A4SE-Tumor,-81,Cycle,Base Insertion,5723872,196.83,45.00,45.00,0.00,Before
TCGA-A7-A4SE-Tumor,-81,Cycle,Base Deletion,5723872,346.05,43.00,45.00,-2.00,Before
TCGA-A7-A4SE-Tumor,82,Cycle,Base Substitution,5954554,11536.21,27.00,29.71,-2.71,Before
TCGA-A7-A4SE-Tumor,82,Cycle,Base Insertion,5945916,186.61,45.00,45.00,0.00,Before
TCGA-A7-A4SE-Tumor,82,Cycle,Base Deletion,5945916,374.45,43.00,45.00,-2.00,Before
TCGA-A7-A4SE-Tumor,-82,Cycle,Base Substitution,5720177,11260.42,27.00,29.62,-2.62,Before
TCGA-A7-A4SE-Tumor,-82,Cycle,Base Insertion,5711469,178.12,45.00,45.00,0.00,Before
TCGA-A7-A4SE-Tumor,-82,Cycle,Base Deletion,5711469,348.57,43.00,45.00,-2.00,Before
TCGA-A7-A4SE-Tumor,83,Cycle,Base Substitution,5944777,11341.11,27.00,29.75,-2.75,Before
TCGA-A7-A4SE-Tumor,83,Cycle,Base Insertion,5935262,186.71,45.00,45.00,0.00,Before
TCGA-A7-A4SE-Tumor,83,Cycle,Base Deletion,5935262,364.56,43.00,45.00,-2.00,Before
TCGA-A7-A4SE-Tumor,-83,Cycle,Base Substitution,5708420,11004.67,27.00,29.66,-2.66,Before
TCGA-A7-A4SE-Tumor,-83,Cycle,Base Insertion,5698740,190.96,45.00,45.00,0.00,Before
TCGA-A7-A4SE-Tumor,-83,Cycle,Base Deletion,5698740,338.57,43.00,45.00,-2.00,Before
TCGA-A7-A4SE-Tumor,84,Cycle,Base Substitution,5933992,11511.11,27.00,29.79,-2.79,Before
TCGA-A7-A4SE-Tumor,84,Cycle,Base Insertion,5923482,206.69,45.00,45.00,0.00,Before
TCGA-A7-A4SE-Tumor,84,Cycle,Base Deletion,5923482,359.76,43.00,45.00,-2.00,Before
TCGA-A7-A4SE-Tumor,-84,Cycle,Base Substitution,5695451,10998.07,27.00,29.71,-2.71,Before
TCGA-A7-A4SE-Tumor,-84,Cycle,Base Insertion,5684750,181.97,45.00,45.00,0.00,Before
TCGA-A7-A4SE-Tumor,-84,Cycle,Base Deletion,5684750,331.62,43.00,45.00,-2.00,Before
TCGA-A7-A4SE-Tumor,85,Cycle,Base Substitution,5922977,11212.84,27.00,29.76,-2.76,Before
TCGA-A7-A4SE-Tumor,85,Cycle,Base Insertion,5911232,193.62,45.00,45.00,0.00,Before
TCGA-A7-A4SE-Tumor,85,Cycle,Base Deletion,5911232,351.87,43.00,45.00,-2.00,Before
TCGA-A7-A4SE-Tumor,-85,Cycle,Base Substitution,5681546,11071.73,27.00,29.69,-2.69,Before
TCGA-A7-A4SE-Tumor,-85,Cycle,Base Insertion,5669543,172.79,45.00,45.00,0.00,Before
TCGA-A7-A4SE-Tumor,-85,Cycle,Base Deletion,5669543,312.20,43.00,45.00,-2.00,Before
TCGA-A7-A4SE-Tumor,86,Cycle,Base Substitution,5910997,11175.90,27.00,29.90,-2.90,Before
TCGA-A7-A4SE-Tumor,86,Cycle,Base Insertion,5897981,171.90,45.00,45.00,0.00,Before
TCGA-A7-A4SE-Tumor,86,Cycle,Base Deletion,5897981,333.52,43.00,45.00,-2.00,Before
TCGA-A7-A4SE-Tumor,-86,Cycle,Base Substitution,5666884,10778.80,27.00,29.79,-2.79,Before
TCGA-A7-A4SE-Tumor,-86,Cycle,Base Insertion,5653667,178.38,45.00,45.00,0.00,Before
TCGA-A7-A4SE-Tumor,-86,Cycle,Base Deletion,5653667,294.01,43.00,45.00,-2.00,Before
TCGA-A7-A4SE-Tumor,87,Cycle,Base Substitution,5898061,11023.61,27.00,30.01,-3.01,Before
TCGA-A7-A4SE-Tumor,87,Cycle,Base Insertion,5883341,158.62,45.00,45.00,0.00,Before
TCGA-A7-A4SE-Tumor,87,Cycle,Base Deletion,5883341,323.01,43.00,45.00,-2.00,Before
TCGA-A7-A4SE-Tumor,-87,Cycle,Base Substitution,5650990,10957.59,27.00,29.77,-2.77,Before
TCGA-A7-A4SE-Tumor,-87,Cycle,Base Insertion,5636036,158.44,45.00,45.00,0.00,Before
TCGA-A7-A4SE-Tumor,-87,Cycle,Base Deletion,5636036,291.14,43.00,45.00,-2.00,Before
TCGA-A7-A4SE-Tumor,88,Cycle,Base Substitution,5883199,11138.70,27.00,29.92,-2.92,Before
TCGA-A7-A4SE-Tumor,88,Cycle,Base Insertion,5866819,153.76,46.00,45.00,1.00,Before
TCGA-A7-A4SE-Tumor,88,Cycle,Base Deletion,5866819,303.98,43.00,45.00,-2.00,Before
TCGA-A7-A4SE-Tumor,-88,Cycle,Base Substitution,5634714,10627.06,27.00,29.89,-2.89,Before
TCGA-A7-A4SE-Tumor,-88,Cycle,Base Insertion,5618033,142.15,46.00,45.00,1.00,Before
TCGA-A7-A4SE-Tumor,-88,Cycle,Base Deletion,5618033,272.50,44.00,45.00,-1.00,Before
TCGA-A7-A4SE-Tumor,89,Cycle,Base Substitution,5867142,10866.81,27.00,30.06,-3.06,Before
TCGA-A7-A4SE-Tumor,89,Cycle,Base Insertion,5849083,128.21,46.00,45.00,1.00,Before
TCGA-A7-A4SE-Tumor,89,Cycle,Base Deletion,5849083,293.92,43.00,45.00,-2.00,Before
TCGA-A7-A4SE-Tumor,-89,Cycle,Base Substitution,5616483,10484.64,27.00,30.08,-3.08,Before
TCGA-A7-A4SE-Tumor,-89,Cycle,Base Insertion,5598272,141.21,46.00,45.00,1.00,Before
TCGA-A7-A4SE-Tumor,-89,Cycle,Base Deletion,5598272,268.16,44.00,45.00,-1.00,Before
TCGA-A7-A4SE-Tumor,90,Cycle,Base Substitution,5850318,10524.01,27.00,30.22,-3.22,Before
TCGA-A7-A4SE-Tumor,90,Cycle,Base Insertion,5830355,129.49,46.00,45.00,1.00,Before
TCGA-A7-A4SE-Tumor,90,Cycle,Base Deletion,5830355,269.90,44.00,45.00,-1.00,Before
TCGA-A7-A4SE-Tumor,-90,Cycle,Base Substitution,5596816,10377.50,27.00,30.12,-3.12,Before
TCGA-A7-A4SE-Tumor,-90,Cycle,Base Insertion,5576744,121.11,46.00,45.00,1.00,Before
TCGA-A7-A4SE-Tumor,-90,Cycle,Base Deletion,5576744,268.28,44.00,45.00,-1.00,Before
TCGA-A7-A4SE-Tumor,91,Cycle,Base Substitution,5830668,10503.60,27.00,30.36,-3.36,Before
TCGA-A7-A4SE-Tumor,91,Cycle,Base Insertion,5809060,116.49,46.00,45.00,1.00,Before
TCGA-A7-A4SE-Tumor,91,Cycle,Base Deletion,5809060,250.07,44.00,45.00,-1.00,Before
TCGA-A7-A4SE-Tumor,-91,Cycle,Base Substitution,5574741,10349.61,27.00,30.15,-3.15,Before
TCGA-A7-A4SE-Tumor,-91,Cycle,Base Insertion,5553160,116.98,46.00,45.00,1.00,Before
TCGA-A7-A4SE-Tumor,-91,Cycle,Base Deletion,5553160,251.25,44.00,45.00,-1.00,Before
TCGA-A7-A4SE-Tumor,92,Cycle,Base Substitution,5808575,10353.20,28.00,30.37,-2.37,Before
TCGA-A7-A4SE-Tumor,92,Cycle,Base Insertion,5784041,102.44,47.00,45.00,2.00,Before
TCGA-A7-A4SE-Tumor,92,Cycle,Base Deletion,5784041,236.54,44.00,45.00,-1.00,Before
TCGA-A7-A4SE-Tumor,-92,Cycle,Base Substitution,5550289,10155.23,27.00,30.25,-3.25,Before
TCGA-A7-A4SE-Tumor,-92,Cycle,Base Insertion,5525690,116.53,46.00,45.00,1.00,Before
TCGA-A7-A4SE-Tumor,-92,Cycle,Base Deletion,5525690,226.57,44.00,45.00,-1.00,Before
TCGA-A7-A4SE-Tumor,93,Cycle,Base Substitution,5783423,10243.47,28.00,30.40,-2.40,Before
TCGA-A7-A4SE-Tumor,93,Cycle,Base Insertion,5756248,97.51,47.00,45.00,2.00,Before
TCGA-A7-A4SE-Tumor,93,Cycle,Base Deletion,5756248,221.07,44.00,45.00,-1.00,Before
TCGA-A7-A4SE-Tumor,-93,Cycle,Base Substitution,5523577,10214.28,27.00,30.14,-3.14,Before
TCGA-A7-A4SE-Tumor,-93,Cycle,Base Insertion,5496294,93.61,47.00,45.00,2.00,Before
TCGA-A7-A4SE-Tumor,-93,Cycle,Base Deletion,5496294,205.42,44.00,45.00,-1.00,Before
TCGA-A7-A4SE-Tumor,94,Cycle,Base Substitution,5754495,10111.75,28.00,30.42,-2.42,Before
TCGA-A7-A4SE-Tumor,94,Cycle,Base Insertion,5724476,82.47,47.00,45.00,2.00,Before
TCGA-A7-A4SE-Tumor,94,Cycle,Base Deletion,5724476,204.39,45.00,45.00,0.00,Before
TCGA-A7-A4SE-Tumor,-94,Cycle,Base Substitution,5494301,9749.66,28.00,30.38,-2.38,Before
TCGA-A7-A4SE-Tumor,-94,Cycle,Base Insertion,5464143,83.77,47.00,45.00,2.00,Before
TCGA-A7-A4SE-Tumor,-94,Cycle,Base Deletion,5464143,188.30,45.00,45.00,0.00,Before
TCGA-A7-A4SE-Tumor,95,Cycle,Base Substitution,5723015,9760.86,28.00,30.43,-2.43,Before
TCGA-A7-A4SE-Tumor,95,Cycle,Base Insertion,5690716,79.67,47.00,45.00,2.00,Before
TCGA-A7-A4SE-Tumor,95,Cycle,Base Deletion,5690716,177.60,45.00,45.00,0.00,Before
TCGA-A7-A4SE-Tumor,-95,Cycle,Base Substitution,5460110,9442.20,28.00,30.29,-2.29,Before
TCGA-A7-A4SE-Tumor,-95,Cycle,Base Insertion,5427812,78.58,47.00,45.00,2.00,Before
TCGA-A7-A4SE-Tumor,-95,Cycle,Base Deletion,5427812,183.67,45.00,45.00,0.00,Before
TCGA-A7-A4SE-Tumor,96,Cycle,Base Substitution,5686318,9346.16,28.00,30.59,-2.59,Before
TCGA-A7-A4SE-Tumor,96,Cycle,Base Insertion,5654162,64.42,47.00,45.00,2.00,Before
TCGA-A7-A4SE-Tumor,96,Cycle,Base Deletion,5654162,165.21,45.00,45.00,0.00,Before
TCGA-A7-A4SE-Tumor,-96,Cycle,Base Substitution,5421964,8985.93,28.00,30.46,-2.46,Before
TCGA-A7-A4SE-Tumor,-96,Cycle,Base Insertion,5390011,73.88,47.00,45.00,2.00,Before
TCGA-A7-A4SE-Tumor,-96,Cycle,Base Deletion,5390011,151.78,45.00,45.00,0.00,Before
TCGA-A7-A4SE-Tumor,97,Cycle,Base Substitution,5645666,9547.35,28.00,29.88,-1.88,Before
TCGA-A7-A4SE-Tumor,-97,Cycle,Base Substitution,5378899,9270.91,28.00,29.74,-1.74,Before
TCGA-A7-A4SE-Tumor,98,Cycle,Base Substitution,5601054,10948.42,27.00,28.41,-1.41,Before
TCGA-A7-A4SE-Tumor,-98,Cycle,Base Substitution,5331649,10787.41,27.00,28.40,-1.40,Before
TCGA-A7-A4SE-Tumor,99,Cycle,Base Substitution,5556795,6264.39,29.00,30.14,-1.14,Before
TCGA-A7-A4SE-Tumor,-99,Cycle,Base Substitution,5284600,6137.74,29.00,30.02,-1.02,Before
TCGA-A7-A4SE-Tumor,100,Cycle,Base Substitution,5524647,5547.46,30.00,30.49,-0.49,Before
TCGA-A7-A4SE-Tumor,-100,Cycle,Base Substitution,5248808,5386.79,30.00,30.29,-0.29,Before
TCGA-A7-A4SE-Tumor,6,QualityScore,Base Substitution,214726,36874.87,8.00,6.00,2.00,Before
TCGA-A7-A4SE-Tumor,7,QualityScore,Base Substitution,318918,39176.99,9.00,7.00,2.00,Before
TCGA-A7-A4SE-Tumor,8,QualityScore,Base Substitution,445330,54875.50,9.00,8.00,1.00,Before
TCGA-A7-A4SE-Tumor,9,QualityScore,Base Substitution,720225,86120.85,9.00,9.00,0.00,Before
TCGA-A7-A4SE-Tumor,10,QualityScore,Base Substitution,817431,81962.98,10.00,10.00,0.00,Before
TCGA-A7-A4SE-Tumor,11,QualityScore,Base Substitution,810456,68031.82,11.00,11.00,0.00,Before
TCGA-A7-A4SE-Tumor,12,QualityScore,Base Substitution,635813,37487.63,12.00,12.00,0.00,Before
TCGA-A7-A4SE-Tumor,13,QualityScore,Base Substitution,873905,43652.23,13.00,13.00,0.00,Before
TCGA-A7-A4SE-Tumor,14,QualityScore,Base Substitution,700785,29659.77,14.00,14.00,0.00,Before
TCGA-A7-A4SE-Tumor,15,QualityScore,Base Substitution,681724,22750.94,15.00,15.00,0.00,Before
TCGA-A7-A4SE-Tumor,16,QualityScore,Base Substitution,515707,13759.49,16.00,16.00,0.00,Before
TCGA-A7-A4SE-Tumor,17,QualityScore,Base Substitution,740703,13534.70,17.00,17.00,0.00,Before
TCGA-A7-A4SE-Tumor,18,QualityScore,Base Substitution,965719,15489.43,18.00,18.00,0.00,Before
TCGA-A7-A4SE-Tumor,19,QualityScore,Base Substitution,1140651,13928.87,19.00,19.00,0.00,Before
TCGA-A7-A4SE-Tumor,20,QualityScore,Base Substitution,1934221,20200.24,20.00,20.00,0.00,Before
TCGA-A7-A4SE-Tumor,21,QualityScore,Base Substitution,2817984,23226.60,21.00,21.00,0.00,Before
TCGA-A7-A4SE-Tumor,22,QualityScore,Base Substitution,3503423,23247.36,22.00,22.00,0.00,Before
TCGA-A7-A4SE-Tumor,23,QualityScore,Base Substitution,3959941,21760.82,23.00,23.00,0.00,Before
TCGA-A7-A4SE-Tumor,24,QualityScore,Base Substitution,5560176,24894.18,24.00,24.00,0.00,Before
TCGA-A7-A4SE-Tumor,25,QualityScore,Base Substitution,7190126,29819.90,24.00,25.00,-1.00,Before
TCGA-A7-A4SE-Tumor,26,QualityScore,Base Substitution,14927050,63954.42,24.00,26.00,-2.00,Before
TCGA-A7-A4SE-Tumor,27,QualityScore,Base Substitution,18332306,63903.94,25.00,27.00,-2.00,Before
TCGA-A7-A4SE-Tumor,28,QualityScore,Base Substitution,22381813,57387.92,26.00,28.00,-2.00,Before
TCGA-A7-A4SE-Tumor,29,QualityScore,Base Substitution,35381444,79422.60,27.00,29.00,-2.00,Before
TCGA-A7-A4SE-Tumor,30,QualityScore,Base Substitution,56792547,102536.48,27.00,30.00,-3.00,Before
TCGA-A7-A4SE-Tumor,31,QualityScore,Base Substitution,115951570,187136.67,28.00,31.00,-3.00,Before
TCGA-A7-A4SE-Tumor,32,QualityScore,Base Substitution,248255456,348811.72,29.00,32.00,-3.00,Before
TCGA-A7-A4SE-Tumor,33,QualityScore,Base Substitution,238660275,308115.19,29.00,33.00,-4.00,Before
TCGA-A7-A4SE-Tumor,34,QualityScore,Base Substitution,205889942,234787.33,29.00,34.00,-5.00,Before
TCGA-A7-A4SE-Tumor,35,QualityScore,Base Substitution,119307675,127543.61,30.00,35.00,-5.00,Before
TCGA-A7-A4SE-Tumor,36,QualityScore,Base Substitution,54744594,52853.89,30.00,36.00,-6.00,Before
TCGA-A7-A4SE-Tumor,37,QualityScore,Base Substitution,25977309,22496.95,31.00,37.00,-6.00,Before
TCGA-A7-A4SE-Tumor,38,QualityScore,Base Substitution,4741278,3689.00,31.00,38.00,-7.00,Before
TCGA-A7-A4SE-Tumor,45,QualityScore,Base Insertion,1195891223,46242.25,44.00,45.00,-1.00,Before
TCGA-A7-A4SE-Tumor,45,QualityScore,Base Deletion,1195891223,77272.55,42.00,45.00,-3.00,Before
TCGA-A7-A4SE-Tumor,AA,Context,Base Substitution,81109383,148653.83,27.00,27.25,-0.25,After
TCGA-A7-A4SE-Tumor,AAA,Context,Base Insertion,27023575,4756.31,38.00,37.88,0.12,After
TCGA-A7-A4SE-Tumor,AAA,Context,Base Deletion,27023575,12451.79,33.00,32.67,0.33,After
TCGA-A7-A4SE-Tumor,CA,Context,Base Substitution,92313464,199582.83,27.00,26.70,0.30,After
TCGA-A7-A4SE-Tumor,CAA,Context,Base Insertion,18477216,728.43,44.00,43.90,0.10,After
TCGA-A7-A4SE-Tumor,CAA,Context,Base Deletion,18477216,1094.15,42.00,41.67,0.33,After
TCGA-A7-A4SE-Tumor,GA,Context,Base Substitution,73822291,214091.70,25.00,25.19,-0.19,After
TCGA-A7-A4SE-Tumor,GAA,Context,Base Insertion,20926789,735.26,44.00,43.90,0.10,After
TCGA-A7-A4SE-Tumor,GAA,Context,Base Deletion,20926789,992.06,43.00,42.67,0.33,After
TCGA-A7-A4SE-Tumor,TA,Context,Base Substitution,47666686,151931.82,25.00,24.85,0.15,After
TCGA-A7-A4SE-Tumor,TAA,Context,Base Insertion,13618881,605.60,44.00,43.88,0.12,After
TCGA-A7-A4SE-Tumor,TAA,Context,Base Deletion,13618881,818.15,42.00,41.67,0.33,After
TCGA-A7-A4SE-Tumor,AC,Context,Base Substitution,61381795,134096.66,27.00,26.78,0.22,After
TCGA-A7-A4SE-Tumor,ACA,Context,Base Insertion,21218937,1345.64,42.00,41.90,0.10,After
TCGA-A7-A4SE-Tumor,ACA,Context,Base Deletion,21218937,2078.21,40.00,39.67,0.33,After
TCGA-A7-A4SE-Tumor,CC,Context,Base Substitution,90365654,144946.06,28.00,27.91,0.09,After
TCGA-A7-A4SE-Tumor,CCA,Context,Base Insertion,27711338,538.06,47.00,46.90,0.10,After
TCGA-A7-A4SE-Tumor,CCA,Context,Base Deletion,27711338,1001.80,44.00,43.67,0.33,After
TCGA-A7-A4SE-Tumor,GC,Context,Base Substitution,71927555,169984.91,26.00,26.18,-0.18,After
TCGA-A7-A4SE-Tumor,GCA,Context,Base Insertion,20877035,503.26,46.00,45.90,0.10,After
TCGA-A7-A4SE-Tumor,GCA,Context,Base Deletion,20877035,663.83,45.00,44.66,0.34,After
TCGA-A7-A4SE-Tumor,TC,Context,Base Substitution,75003730,103102.10,29.00,28.55,0.45,After
TCGA-A7-A4SE-Tumor,TCA,Context,Base Insertion,21359918,503.17,46.00,45.90,0.10,After
TCGA-A7-A4SE-Tumor,TCA,Context,Base Deletion,21359918,999.08,43.00,42.67,0.33,After
TCGA-A7-A4SE-Tumor,AG,Context,Base Substitution,89710105,119699.23,29.00,28.90,0.10,After
TCGA-A7-A4SE-Tumor,AGA,Context,Base Insertion,23788616,813.49,45.00,44.90,0.10,After
TCGA-A7-A4SE-Tumor,AGA,Context,Base Deletion,23788616,1112.26,43.00,42.67,0.33,After
TCGA-A7-A4SE-Tumor,CG,Context,Base Substitution,25493517,134995.99,23.00,22.32,0.68,After
TCGA-A7-A4SE-Tumor,CGA,Context,Base Insertion,5024150,80.57,47.00,45.90,1.10,After
TCGA-A7-A4SE-Tumor,CGA,Context,Base Deletion,5024150,121.94,46.00,44.66,1.34,After
TCGA-A7-A4SE-Tumor,GG,Context,Base Substitution,87542790,142316.81,28.00,27.66,0.34,After
TCGA-A7-A4SE-Tumor,GGA,Context,Base Insertion,23099104,553.66,46.00,45.90,0.10,After
TCGA-A7-A4SE-Tumor,GGA,Context,Base Deletion,23099104,997.98,44.00,42.67,1.33,After
TCGA-A7-A4SE-Tumor,TG,Context,Base Substitution,91729143,118083.21,29.00,29.04,-0.04,After
TCGA-A7-A4SE-Tumor,TGA,Context,Base Insertion,21284144,759.23,44.00,43.90,0.10,After
TCGA-A7-A4SE-Tumor,TGA,Context,Base Deletion,21284144,783.44,44.00,43.66,0.34,After
TCGA-A7-A4SE-Tumor,AT,Context,Base Substitution,63101006,135469.69,27.00,26.45,0.55,After
TCGA-A7-A4SE-Tumor,ATA,Context,Base Insertion,12319755,397.14,45.00,44.89,0.11,After
TCGA-A7-A4SE-Tumor,ATA,Context,Base Deletion,12319755,711.39,42.00,41.67,0.33,After
TCGA-A7-A4SE-Tumor,CT,Context,Base Substitution,90939806,132416.95,28.00,28.36,-0.36,After
TCGA-A7-A4SE-Tumor,CTA,Context,Base Insertion,10742020,214.02,47.00,45.89,1.11,After
TCGA-A7-A4SE-Tumor,CTA,Context,Base Deletion,10742020,501.14,43.00,42.67,0.33,After
TCGA-A7-A4SE-Tumor,GT,Context,Base Substitution,59972474,124877.68,27.00,26.56,0.44,After
TCGA-A7-A4SE-Tumor,GTA,Context,Base Insertion,10233531,323.07,45.00,44.90,0.10,After
TCGA-A7-A4SE-Tumor,GTA,Context,Base Deletion,10233531,379.95,44.00,43.66,0.34,After
TCGA-A7-A4SE-Tumor,TT,Context,Base Substitution,81444417,145050.59,28.00,27.23,0.77,After
TCGA-A7-A4SE-Tumor,TTA,Context,Base Insertion,13699198,510.36,44.00,43.88,0.12,After
TCGA-A7-A4SE-Tumor,TTA,Context,Base Deletion,13699198,988.64,41.00,40.67,0.33,After
TCGA-A7-A4SE-Tumor,AAC,Context,Base Insertion,14423062,578.67,44.00,43.90,0.10,After
TCGA-A7-A4SE-Tumor,AAC,Context,Base Deletion,14423062,858.18,42.00,41.67,0.33,After
TCGA-A7-A4SE-Tumor,CAC,Context,Base Insertion,21792177,1096.97,43.00,42.89,0.11,After
TCGA-A7-A4SE-Tumor,CAC,Context,Base Deletion,21792177,1895.98,41.00,40.66,0.34,After
TCGA-A7-A4SE-Tumor,GAC,Context,Base Insertion,14061622,622.34,44.00,43.90,0.10,After
TCGA-A7-A4SE-Tumor,GAC,Context,Base Deletion,14061622,719.48,43.00,42.67,0.33,After
TCGA-A7-A4SE-Tumor,TAC,Context,Base Insertion,10651546,373.35,44.00,43.89,0.11,After
TCGA-A7-A4SE-Tumor,TAC,Context,Base Deletion,10651546,434.45,44.00,43.67,0.33,After
TCGA-A7-A4SE-Tumor,ACC,Context,Base Insertion,17445380,470.23,46.00,44.90,1.10,After
TCGA-A7-A4SE-Tumor,ACC,Context,Base Deletion,17445380,709.62,44.00,43.67,0.33,After
TCGA-A7-A4SE-Tumor,CCC,Context,Base Insertion,25684960,1462.78,42.00,42.89,-0.89,After
TCGA-A7-A4SE-Tumor,CCC,Context,Base Deletion,25684960,2173.18,41.00,40.67,0.33,After
TCGA-A7-A4SE-Tumor,GCC,Context,Base Insertion,22494657,683.19,45.00,44.90,0.10,After
TCGA-A7-A4SE-Tumor,GCC,Context,Base Deletion,22494657,709.74,45.00,44.67,0.33,After
TCGA-A7-A4SE-Tumor,TCC,Context,Base Insertion,23733701,820.31,45.00,44.90,0.10,After
TCGA-A7-A4SE-Tumor,TCC,Context,Base Deletion,23733701,915.58,44.00,43.67,0.33,After
TCGA-A7-A4SE-Tumor,AGC,Context,Base Insertion,21498625,481.53,46.00,45.90,0.10,After
TCGA-A7-A4SE-Tumor,AGC,Context,Base Deletion,21498625,541.44,46.00,45.67,0.33,After
TCGA-A7-A4SE-Tumor,CGC,Context,Base Insertion,6615826,116.59,47.00,45.89,1.11,After
TCGA-A7-A4SE-Tumor,CGC,Context,Base Deletion,6615826,194.23,45.00,43.66,1.34,After
TCGA-A7-A4SE-Tumor,GGC,Context,Base Insertion,22362008,408.17,47.00,46.90,0.10,After
TCGA-A7-A4SE-Tumor,GGC,Context,Base Deletion,22362008,697.56,45.00,44.66,0.34,After
TCGA-A7-A4SE-Tumor,TGC,Context,Base Insertion,21087044,641.73,45.00,44.89,0.11,After
TCGA-A7-A4SE-Tumor,TGC,Context,Base Deletion,21087044,754.70,44.00,43.66,0.34,After
TCGA-A7-A4SE-Tumor,ATC,Context,Base Insertion,14114669,332.91,46.00,45.90,0.10,After
TCGA-A7-A4SE-Tumor,ATC,Context,Base Deletion,14114669,479.99,45.00,43.67,1.33,After
TCGA-A7-A4SE-Tumor,CTC,Context,Base Insertion,24960654,1805.75,41.00,40.89,0.11,After
TCGA-A7-A4SE-Tumor,CTC,Context,Base Deletion,24960654,1541.24,42.00,41.67,0.33,After
TCGA-A7-A4SE-Tumor,GTC,Context,Base Insertion,13957106,334.03,46.00,45.90,0.10,After
TCGA-A7-A4SE-Tumor,GTC,Context,Base Deletion,13957106,375.43,46.00,44.66,1.34,After
TCGA-A7-A4SE-Tumor,TTC,Context,Base Insertion,21248965,1095.43,43.00,42.89,0.11,After
TCGA-A7-A4SE-Tumor,TTC,Context,Base Deletion,21248965,1398.14,42.00,41.67,0.33,After
TCGA-A7-A4SE-Tumor,AAG,Context,Base Insertion,21827356,658.30,45.00,44.90,0.10,After
TCGA-A7-A4SE-Tumor,AAG,Context,Base Deletion,21827356,1167.92,43.00,42.67,0.33,After
TCGA-A7-A4SE-Tumor,CAG,Context,Base Insertion,32032939,748.19,46.00,45.90,0.10,After
TCGA-A7-A4SE-Tumor,CAG,Context,Base Deletion,32032939,876.21,46.00,44.67,1.33,After
TCGA-A7-A4SE-Tumor,GAG,Context,Base Insertion,24058597,541.56,46.00,45.90,0.10,After
TCGA-A7-A4SE-Tumor,GAG,Context,Base Deletion,24058597,1003.88,44.00,43.67,0.33,After
TCGA-A7-A4SE-Tumor,TAG,Context,Base Insertion,10616953,285.94,46.00,44.89,1.11,After
TCGA-A7-A4SE-Tumor,TAG,Context,Base Deletion,10616953,376.05,44.00,43.67,0.33,After
TCGA-A7-A4SE-Tumor,ACG,Context,Base Insertion,5566851,168.52,45.00,44.90,0.10,After
TCGA-A7-A4SE-Tumor,ACG,Context,Base Deletion,5566851,195.19,44.00,43.67,0.33,After
TCGA-A7-A4SE-Tumor,CCG,Context,Base Insertion,8092820,211.20,46.00,44.90,1.10,After
TCGA-A7-A4SE-Tumor,CCG,Context,Base Deletion,8092820,287.43,44.00,43.67,0.33,After
TCGA-A7-A4SE-Tumor,GCG,Context,Base Insertion,6482148,202.96,45.00,44.89,0.11,After
TCGA-A7-A4SE-Tumor,GCG,Context,Base Deletion,6482148,344.66,43.00,42.66,0.34,After
TCGA-A7-A4SE-Tumor,TCG,Context,Base Insertion,4991240,152.50,45.00,44.90,0.10,After
TCGA-A7-A4SE-Tumor,TCG,Context,Base Deletion,4991240,177.04,44.00,43.67,0.33,After
TCGA-A7-A4SE-Tumor,AGG,Context,Base Insertion,27106414,825.72,45.00,44.90,0.10,After
TCGA-A7-A4SE-Tumor,AGG,Context,Base Deletion,27106414,912.56,45.00,44.67,0.33,After
TCGA-A7-A4SE-Tumor,CGG,Context,Base Insertion,8004212,221.85,45.00,44.90,0.10,After
TCGA-A7-A4SE-Tumor,CGG,Context,Base Deletion,8004212,305.40,44.00,43.67,0.33,After
TCGA-A7-A4SE-Tumor,GGG,Context,Base Insertion,24691072,1392.47,42.00,42.90,-0.90,After
TCGA-A7-A4SE-Tumor,GGG,Context,Base Deletion,24691072,2094.23,41.00,40.67,0.33,After
TCGA-A7-A4SE-Tumor,TGG,Context,Base Insertion,27045088,893.47,45.00,44.90,0.10,After
TCGA-A7-A4SE-Tumor,TGG,Context,Base Deletion,27045088,939.08,45.00,43.66,1.34,After
TCGA-A7-A4SE-Tumor,ATG,Context,Base Insertion,18994685,615.17,45.00,44.90,0.10,After
TCGA-A7-A4SE-Tumor,ATG,Context,Base Deletion,18994685,665.72,44.00,43.67,0.33,After
TCGA-A7-A4SE-Tumor,CTG,Context,Base Insertion,32070084,626.86,47.00,46.90,0.10,After
TCGA-A7-A4SE-Tumor,CTG,Context,Base Deletion,32070084,1014.75,45.00,44.67,0.33,After
TCGA-A7-A4SE-Tumor,GTG,Context,Base Insertion,20974782,878.97,44.00,43.90,0.10,After
TCGA-A7-A4SE-Tumor,GTG,Context,Base Deletion,20974782,1730.55,41.00,40.66,0.34,After
TCGA-A7-A4SE-Tumor,TTG,Context,Base Insertion,18469197,578.48,45.00,44.89,0.11,After
TCGA-A7-A4SE-Tumor,TTG,Context,Base Deletion,18469197,806.99,44.00,42.66,1.34,After
TCGA-A7-A4SE-Tumor,AAT,Context,Base Insertion,16959643,436.86,46.00,45.89,0.11,After
TCGA-A7-A4SE-Tumor,AAT,Context,Base Deletion,16959643,929.63,43.00,42.67,0.33,After
TCGA-A7-A4SE-Tumor,CAT,Context,Base Insertion,19068657,487.75,46.00,45.90,0.10,After
TCGA-A7-A4SE-Tumor,CAT,Context,Base Deletion,19068657,793.73,44.00,43.67,0.33,After
TCGA-A7-A4SE-Tumor,GAT,Context,Base Insertion,14070568,415.24,45.00,44.90,0.10,After
TCGA-A7-A4SE-Tumor,GAT,Context,Base Deletion,14070568,507.42,44.00,43.67,0.33,After
TCGA-A7-A4SE-Tumor,TAT,Context,Base Insertion,12320914,408.71,45.00,44.89,0.11,After
TCGA-A7-A4SE-Tumor,TAT,Context,Base Deletion,12320914,643.80,43.00,42.67,0.33,After
TCGA-A7-A4SE-Tumor,ACT,Context,Base Insertion,16504412,500.78,45.00,44.90,0.10,After
TCGA-A7-A4SE-Tumor,ACT,Context,Base Deletion,16504412,768.25,43.00,42.67,0.33,After
TCGA-A7-A4SE-Tumor,CCT,Context,Base Insertion,27867310,587.45,47.00,46.90,0.10,After
TCGA-A7-A4SE-Tumor,CCT,Context,Base Deletion,27867310,1120.04,44.00,43.67,0.33,After
TCGA-A7-A4SE-Tumor,GCT,Context,Base Insertion,21385943,436.67,47.00,46.90,0.10,After
TCGA-A7-A4SE-Tumor,GCT,Context,Base Deletion,21385943,660.51,45.00,44.66,0.34,After
TCGA-A7-A4SE-Tumor,TCT,Context,Base Insertion,24150598,810.87,45.00,44.89,0.11,After
TCGA-A7-A4SE-Tumor,TCT,Context,Base Deletion,24150598,1464.56,42.00,41.67,0.33,After
TCGA-A7-A4SE-Tumor,AGT,Context,Base Insertion,16164633,324.47,47.00,45.90,1.10,After
TCGA-A7-A4SE-Tumor,AGT,Context,Base Deletion,16164633,478.73,45.00,44.67,0.33,After
TCGA-A7-A4SE-Tumor,CGT,Context,Base Insertion,5608637,136.04,46.00,44.90,1.10,After
TCGA-A7-A4SE-Tumor,CGT,Context,Base Deletion,5608637,207.78,44.00,43.67,0.33,After
TCGA-A7-A4SE-Tumor,GGT,Context,Base Insertion,16545944,371.76,46.00,45.90,0.10,After
TCGA-A7-A4SE-Tumor,GGT,Context,Base Deletion,16545944,644.38,44.00,43.66,0.34,After
TCGA-A7-A4SE-Tumor,TGT,Context,Base Insertion,21209097,863.32,44.00,43.89,0.11,After
TCGA-A7-A4SE-Tumor,TGT,Context,Base Deletion,21209097,1873.82,41.00,40.66,0.34,After
TCGA-A7-A4SE-Tumor,ATT,Context,Base Insertion,17055999,581.89,45.00,43.89,1.11,After
TCGA-A7-A4SE-Tumor,ATT,Context,Base Deletion,17055999,879.24,43.00,42.67,0.33,After
TCGA-A7-A4SE-Tumor,CTT,Context,Base Insertion,22252552,1000.37,43.00,42.89,0.11,After
TCGA-A7-A4SE-Tumor,CTT,Context,Base Deletion,22252552,1421.01,42.00,41.67,0.33,After
TCGA-A7-A4SE-Tumor,GTT,Context,Base Insertion,14305388,527.98,44.00,43.89,0.11,After
TCGA-A7-A4SE-Tumor,GTT,Context,Base Deletion,14305388,784.63,43.00,42.66,0.34,After
TCGA-A7-A4SE-Tumor,TTT,Context,Base Insertion,27158222,3930.39,38.00,38.88,-0.88,After
TCGA-A7-A4SE-Tumor,TTT,Context,Base Deletion,27158222,10379.30,34.00,33.67,0.33,After
TCGA-A7-A4SE-Tumor,1,Cycle,Base Substitution,6157650,10951.92,28.00,27.44,0.56,After
TCGA-A7-A4SE-Tumor,-1,Cycle,Base Substitution,6128677,15132.17,26.00,26.08,-0.08,After
TCGA-A7-A4SE-Tumor,2,Cycle,Base Substitution,6181147,10223.06,28.00,28.15,-0.15,After
TCGA-A7-A4SE-Tumor,-2,Cycle,Base Substitution,6123972,16178.70,26.00,26.41,-0.41,After
TCGA-A7-A4SE-Tumor,3,Cycle,Base Substitution,6181797,13203.74,27.00,27.17,-0.17,After
TCGA-A7-A4SE-Tumor,-3,Cycle,Base Substitution,6121489,18970.89,25.00,25.19,-0.19,After
TCGA-A7-A4SE-Tumor,4,Cycle,Base Substitution,6180911,10390.28,28.00,27.59,0.41,After
TCGA-A7-A4SE-Tumor,-4,Cycle,Base Substitution,6125727,14072.60,26.00,26.66,-0.66,After
TCGA-A7-A4SE-Tumor,5,Cycle,Base Substitution,6180332,9903.89,28.00,27.72,0.28,After
TCGA-A7-A4SE-Tumor,5,Cycle,Base Insertion,6180317,190.77,45.00,45.04,-0.04,After
TCGA-A7-A4SE-Tumor,5,Cycle,Base Deletion,6180317,191.14,45.00,43.53,1.47,After
TCGA-A7-A4SE-Tumor,-5,Cycle,Base Substitution,6121026,12931.59,27.00,26.60,0.40,After
TCGA-A7-A4SE-Tumor,-5,Cycle,Base Insertion,6121002,196.34,45.00,45.05,-0.05,After
TCGA-A7-A4SE-Tumor,-5,Cycle,Base Deletion,6121002,216.47,44.00,43.55,0.45,After
TCGA-A7-A4SE-Tumor,6,Cycle,Base Substitution,6180153,10598.95,28.00,27.47,0.53,After
TCGA-A7-A4SE-Tumor,6,Cycle,Base Insertion,6180141,212.53,45.00,44.03,0.97,After
TCGA-A7-A4SE-Tumor,6,Cycle,Base Deletion,6180141,218.99,44.00,43.57,0.43,After
TCGA-A7-A4SE-Tumor,-6,Cycle,Base Substitution,6118960,13420.78,27.00,26.58,0.42,After
TCGA-A7-A4SE-Tumor,-6,Cycle,Base Insertion,6118932,257.85,44.00,44.05,-0.05,After
TCGA-A7-A4SE-Tumor,-6,Cycle,Base Deletion,6118932,241.70,44.00,43.60,0.40,After
TCGA-A7-A4SE-Tumor,7,Cycle,Base Substitution,6180612,10396.94,28.00,27.48,0.52,After
TCGA-A7-A4SE-Tumor,7,Cycle,Base Insertion,6180599,218.10,45.00,44.06,0.94,After
TCGA-A7-A4SE-Tumor,7,Cycle,Base Deletion,6180599,242.61,44.00,43.60,0.40,After
TCGA-A7-A4SE-Tumor,-7,Cycle,Base Substitution,6115825,14056.65,26.00,26.35,-0.35,After
TCGA-A7-A4SE-Tumor,-7,Cycle,Base Insertion,6115801,229.13,44.00,44.07,-0.07,After
TCGA-A7-A4SE-Tumor,-7,Cycle,Base Deletion,6115801,269.69,43.00,42.62,0.38,After
TCGA-A7-A4SE-Tumor,8,Cycle,Base Substitution,6178333,12173.53,27.00,27.00,0.00,After
TCGA-A7-A4SE-Tumor,8,Cycle,Base Insertion,6178321,256.46,44.00,44.05,-0.05,After
TCGA-A7-A4SE-Tumor,8,Cycle,Base Deletion,6178321,273.51,43.00,42.59,0.41,After
TCGA-A7-A4SE-Tumor,-8,Cycle,Base Substitution,6113867,13455.75,27.00,26.46,0.54,After
TCGA-A7-A4SE-Tumor,-8,Cycle,Base Insertion,6113838,264.69,44.00,44.06,-0.06,After
TCGA-A7-A4SE-Tumor,-8,Cycle,Base Deletion,6113838,310.31,43.00,42.59,0.41,After
TCGA-A7-A4SE-Tumor,9,Cycle,Base Substitution,6180699,10091.90,28.00,27.63,0.37,After
TCGA-A7-A4SE-Tumor,9,Cycle,Base Insertion,6180684,280.52,44.00,44.04,-0.04,After
TCGA-A7-A4SE-Tumor,9,Cycle,Base Deletion,6180684,307.22,43.00,42.56,0.44,After
TCGA-A7-A4SE-Tumor,-9,Cycle,Base Substitution,6112441,12601.26,27.00,26.88,0.12,After
TCGA-A7-A4SE-Tumor,-9,Cycle,Base Insertion,6112411,253.40,44.00,44.04,-0.04,After
TCGA-A7-A4SE-Tumor,-9,Cycle,Base Deletion,6112411,354.05,42.00,41.55,0.45,After
TCGA-A7-A4SE-Tumor,10,Cycle,Base Substitution,6180612,10024.95,28.00,27.78,0.22,After
TCGA-A7-A4SE-Tumor,10,Cycle,Base Insertion,6180593,307.61,43.00,43.04,-0.04,After
TCGA-A7-A4SE-Tumor,10,Cycle,Base Deletion,6180593,355.95,42.00,41.56,0.44,After
TCGA-A7-A4SE-Tumor,-10,Cycle,Base Substitution,6110338,12469.30,27.00,26.85,0.15,After
TCGA-A7-A4SE-Tumor,-10,Cycle,Base Insertion,6110313,301.43,43.00,43.03,-0.03,After
TCGA-A7-A4SE-Tumor,-10,Cycle,Base Deletion,6110313,373.91,42.00,41.54,0.46,After
TCGA-A7-A4SE-Tumor,11,Cycle,Base Substitution,6180224,10880.45,28.00,27.58,0.42,After
TCGA-A7-A4SE-Tumor,11,Cycle,Base Insertion,6180207,295.53,43.00,43.05,-0.05,After
TCGA-A7-A4SE-Tumor,11,Cycle,Base Deletion,6180207,385.88,42.00,41.57,0.43,After
TCGA-A7-A4SE-Tumor,-11,Cycle,Base Substitution,6106708,13434.56,27.00,26.58,0.42,After
TCGA-A7-A4SE-Tumor,-11,Cycle,Base Insertion,6106681,287.10,43.00,43.05,-0.05,After
TCGA-A7-A4SE-Tumor,-11,Cycle,Base Deletion,6106681,408.16,42.00,41.56,0.44,After
TCGA-A7-A4SE-Tumor,12,Cycle,Base Substitution,6180490,10548.00,28.00,27.45,0.55,After
TCGA-A7-A4SE-Tumor,12,Cycle,Base Insertion,6180470,313.80,43.00,43.05,-0.05,After
TCGA-A7-A4SE-Tumor,12,Cycle,Base Deletion,6180470,404.05,42.00,41.58,0.42,After
TCGA-A7-A4SE-Tumor,-12,Cycle,Base Substitution,6105519,13429.15,27.00,26.62,0.38,After
TCGA-A7-A4SE-Tumor,-12,Cycle,Base Insertion,6105497,293.25,43.00,43.05,-0.05,After
TCGA-A7-A4SE-Tumor,-12,Cycle,Base Deletion,6105497,419.81,42.00,41.58,0.42,After
TCGA-A7-A4SE-Tumor,13,Cycle,Base Substitution,6179868,11545.90,27.00,27.23,-0.23,After
TCGA-A7-A4SE-Tumor,13,Cycle,Base Insertion,6179851,312.67,43.00,43.05,-0.05,After
TCGA-A7-A4SE-Tumor,13,Cycle,Base Deletion,6179851,423.63,42.00,41.57,0.43,After
TCGA-A7-A4SE-Tumor,-13,Cycle,Base Substitution,6103110,12500.04,27.00,26.85,0.15,After
TCGA-A7-A4SE-Tumor,-13,Cycle,Base Insertion,6103087,302.11,43.00,43.06,-0.06,After
TCGA-A7-A4SE-Tumor,-13,Cycle,Base Deletion,6103087,445.58,41.00,40.58,0.42,After
TCGA-A7-A4SE-Tumor,14,Cycle,Base Substitution,6180904,10671.86,28.00,27.45,0.55,After
TCGA-A7-A4SE-Tumor,14,Cycle,Base Insertion,6180885,295.07,43.00,43.04,-0.04,After
TCGA-A7-A4SE-Tumor,14,Cycle,Base Deletion,6180885,436.28,42.00,41.56,0.44,After
TCGA-A7-A4SE-Tumor,-14,Cycle,Base Substitution,6101347,12677.33,27.00,26.73,0.27,After
TCGA-A7-A4SE-Tumor,-14,Cycle,Base Insertion,6101326,318.38,43.00,43.05,-0.05,After
TCGA-A7-A4SE-Tumor,-14,Cycle,Base Deletion,6101326,462.34,41.00,40.58,0.42,After
TCGA-A7-A4SE-Tumor,15,Cycle,Base Substitution,6180212,10129.81,28.00,27.82,0.18,After
TCGA-A7-A4SE-Tumor,15,Cycle,Base Insertion,6180188,301.10,43.00,43.04,-0.04,After
TCGA-A7-A4SE-Tumor,15,Cycle,Base Deletion,6180188,435.57,42.00,41.57,0.43,After
TCGA-A7-A4SE-Tumor,-15,Cycle,Base Substitution,6098893,13074.88,27.00,26.80,0.20,After
TCGA-A7-A4SE-Tumor,-15,Cycle,Base Insertion,6098874,298.70,43.00,43.06,-0.06,After
TCGA-A7-A4SE-Tumor,-15,Cycle,Base Deletion,6098874,492.84,41.00,40.58,0.42,After
TCGA-A7-A4SE-Tumor,16,Cycle,Base Substitution,6179869,10402.18,28.00,27.84,0.16,After
TCGA-A7-A4SE-Tumor,16,Cycle,Base Insertion,6179767,327.74,43.00,43.05,-0.05,After
TCGA-A7-A4SE-Tumor,16,Cycle,Base Deletion,6179767,447.78,41.00,40.58,0.42,After
TCGA-A7-A4SE-Tumor,-16,Cycle,Base Substitution,6096650,12855.51,27.00,26.61,0.39,After
TCGA-A7-A4SE-Tumor,-16,Cycle,Base Insertion,6096499,307.89,43.00,43.07,-0.07,After
TCGA-A7-A4SE-Tumor,-16,Cycle,Base Deletion,6096499,497.47,41.00,40.60,0.40,After
TCGA-A7-A4SE-Tumor,17,Cycle,Base Substitution,6179550,11093.07,27.00,27.62,-0.62,After
TCGA-A7-A4SE-Tumor,17,Cycle,Base Insertion,6179353,324.98,43.00,43.06,-0.06,After
TCGA-A7-A4SE-Tumor,17,Cycle,Base Deletion,6179353,462.03,41.00,40.60,0.40,After
TCGA-A7-A4SE-Tumor,-17,Cycle,Base Substitution,6093829,12816.61,27.00,26.91,0.09,After
TCGA-A7-A4SE-Tumor,-17,Cycle,Base Insertion,6093548,314.61,43.00,43.08,-0.08,After
TCGA-A7-A4SE-Tumor,-17,Cycle,Base Deletion,6093548,492.93,41.00,40.62,0.38,After
TCGA-A7-A4SE-Tumor,18,Cycle,Base Substitution,6179582,10515.22,28.00,27.75,0.25,After
TCGA-A7-A4SE-Tumor,18,Cycle,Base Insertion,6179332,301.39,43.00,43.07,-0.07,After
TCGA-A7-A4SE-Tumor,18,Cycle,Base Deletion,6179332,479.62,41.00,40.62,0.38,After
TCGA-A7-A4SE-Tumor,-18,Cycle,Base Substitution,6090868,13068.54,27.00,26.76,0.24,After
TCGA-A7-A4SE-Tumor,-18,Cycle,Base Insertion,6090476,313.85,43.00,43.08,-0.08,After
TCGA-A7-A4SE-Tumor,-18,Cycle,Base Deletion,6090476,503.94,41.00,40.64,0.36,After
TCGA-A7-A4SE-Tumor,19,Cycle,Base Substitution,6179544,10077.00,28.00,27.83,0.17,After
TCGA-A7-A4SE-Tumor,19,Cycle,Base Insertion,6179246,317.65,43.00,43.08,-0.08,After
TCGA-A7-A4SE-Tumor,19,Cycle,Base Deletion,6179246,490.72,41.00,40.63,0.37,After
TCGA-A7-A4SE-Tumor,-19,Cycle,Base Substitution,6088516,12509.05,27.00,26.95,0.05,After
TCGA-A7-A4SE-Tumor,-19,Cycle,Base Insertion,6088018,329.66,43.00,43.09,-0.09,After
TCGA-A7-A4SE-Tumor,-19,Cycle,Base Deletion,6088018,503.19,41.00,40.65,0.35,After
TCGA-A7-A4SE-Tumor,20,Cycle,Base Substitution,6178985,10481.27,28.00,27.70,0.30,After
TCGA-A7-A4SE-Tumor,20,Cycle,Base Insertion,6178699,290.98,43.00,43.08,-0.08,After
TCGA-A7-A4SE-Tumor,20,Cycle,Base Deletion,6178699,517.24,41.00,40.64,0.36,After
TCGA-A7-A4SE-Tumor,-20,Cycle,Base Substitution,6085868,12772.01,27.00,26.77,0.23,After
TCGA-A7-A4SE-Tumor,-20,Cycle,Base Insertion,6085344,319.75,43.00,43.10,-0.10,After
TCGA-A7-A4SE-Tumor,-20,Cycle,Base Deletion,6085344,496.72,41.00,40.66,0.34,After
TCGA-A7-A4SE-Tumor,21,Cycle,Base Substitution,6178379,10792.12,28.00,27.51,0.49,After
TCGA-A7-A4SE-Tumor,21,Cycle,Base Insertion,6178103,302.11,43.00,43.08,-0.08,After
TCGA-A7-A4SE-Tumor,21,Cycle,Base Deletion,6178103,502.68,41.00,40.64,0.36,After
TCGA-A7-A4SE-Tumor,-21,Cycle,Base Substitution,6083460,12967.98,27.00,26.64,0.36,After
TCGA-A7-A4SE-Tumor,-21,Cycle,Base Insertion,6082951,307.78,43.00,43.09,-0.09,After
TCGA-A7-A4SE-Tumor,-21,Cycle,Base Deletion,6082951,501.19,41.00,40.66,0.34,After
TCGA-A7-A4SE-Tumor,22,Cycle,Base Substitution,6177777,10428.11,28.00,27.66,0.34,After
TCGA-A7-A4SE-Tumor,22,Cycle,Base Insertion,6177433,297.81,43.00,43.08,-0.08,After
TCGA-A7-A4SE-Tumor,22,Cycle,Base Deletion,6177433,509.01,41.00,40.65,0.35,After
TCGA-A7-A4SE-Tumor,-22,Cycle,Base Substitution,6081001,12558.37,27.00,26.87,0.13,After
TCGA-A7-A4SE-Tumor,-22,Cycle,Base Insertion,6080447,313.83,43.00,43.10,-0.10,After
TCGA-A7-A4SE-Tumor,-22,Cycle,Base Deletion,6080447,496.38,41.00,40.67,0.33,After
TCGA-A7-A4SE-Tumor,23,Cycle,Base Substitution,6176317,11582.52,27.00,27.39,-0.39,After
TCGA-A7-A4SE-Tumor,23,Cycle,Base Insertion,6175927,305.76,43.00,43.09,-0.09,After
TCGA-A7-A4SE-Tumor,23,Cycle,Base Deletion,6175927,511.41,41.00,40.66,0.34,After
TCGA-A7-A4SE-Tumor,-23,Cycle,Base Substitution,6078116,13541.44,27.00,26.50,0.50,After
TCGA-A7-A4SE-Tumor,-23,Cycle,Base Insertion,6077473,283.21,43.00,43.10,-0.10,After
TCGA-A7-A4SE-Tumor,-23,Cycle,Base Deletion,6077473,499.43,41.00,40.67,0.33,After
TCGA-A7-A4SE-Tumor,24,Cycle,Base Substitution,6176593,10627.19,28.00,27.64,0.36,After
TCGA-A7-A4SE-Tumor,24,Cycle,Base Insertion,6176147,306.69,43.00,43.09,-0.09,After
TCGA-A7-A4SE-Tumor,24,Cycle,Base Deletion,6176147,515.63,41.00,40.66,0.34,After
TCGA-A7-A4SE-Tumor,-24,Cycle,Base Substitution,6075608,12850.46,27.00,26.72,0.28,After
TCGA-A7-A4SE-Tumor,-24,Cycle,Base Insertion,6074872,306.74,43.00,43.10,-0.10,After
TCGA-A7-A4SE-Tumor,-24,Cycle,Base Deletion,6074872,493.38,41.00,40.67,0.33,After
TCGA-A7-A4SE-Tumor,25,Cycle,Base Substitution,6175176,11370.57,27.00,27.34,-0.34,After
TCGA-A7-A4SE-Tumor,25,Cycle,Base Insertion,6174731,301.19,43.00,43.09,-0.09,After
TCGA-A7-A4SE-Tumor,25,Cycle,Base Deletion,6174731,504.50,41.00,40.67,0.33,After
TCGA-A7-A4SE-Tumor,-25,Cycle,Base Substitution,6072785,12918.41,27.00,26.82,0.18,After
TCGA-A7-A4SE-Tumor,-25,Cycle,Base Insertion,6072014,303.44,43.00,43.10,-0.10,After
TCGA-A7-A4SE-Tumor,-25,Cycle,Base Deletion,6072014,501.32,41.00,40.68,0.32,After
TCGA-A7-A4SE-Tumor,26,Cycle,Base Substitution,6172837,11662.96,27.00,27.17,-0.17,After
TCGA-A7-A4SE-Tumor,26,Cycle,Base Insertion,6172383,301.68,43.00,43.10,-0.10,After
TCGA-A7-A4SE-Tumor,26,Cycle,Base Deletion,6172383,507.16,41.00,40.68,0.32,After
TCGA-A7-A4SE-Tumor,-26,Cycle,Base Substitution,6069438,14105.89,26.00,26.47,-0.47,After
TCGA-A7-A4SE-Tumor,-26,Cycle,Base Insertion,6068632,297.76,43.00,43.11,-0.11,After
TCGA-A7-A4SE-Tumor,-26,Cycle,Base Deletion,6068632,495.36,41.00,40.69,0.31,After
TCGA-A7-A4SE-Tumor,27,Cycle,Base Substitution,6171422,12647.70,27.00,26.98,0.02,After
TCGA-A7-A4SE-Tumor,27,Cycle,Base Insertion,6170935,290.98,43.00,43.10,-0.10,After
TCGA-A7-A4SE-Tumor,27,Cycle,Base Deletion,6170935,508.79,41.00,40.68,0.32,After
TCGA-A7-A4SE-Tumor,-27,Cycle,Base Substitution,6062729,15587.01,26.00,26.09,-0.09,After
TCGA-A7-A4SE-Tumor,-27,Cycle,Base Insertion,6061894,290.16,43.00,43.11,-0.11,After
TCGA-A7-A4SE-Tumor,-27,Cycle,Base Deletion,6061894,496.63,41.00,40.70,0.30,After
TCGA-A7-A4SE-Tumor,28,Cycle,Base Substitution,6170245,13193.77,27.00,26.79,0.21,After
TCGA-A7-A4SE-Tumor,28,Cycle,Base Insertion,6169729,295.76,43.00,43.11,-0.11,After
TCGA-A7-A4SE-Tumor,28,Cycle,Base Deletion,6169729,495.55,41.00,40.69,0.31,After
TCGA-A7-A4SE-Tumor,-28,Cycle,Base Substitution,6063134,13127.95,27.00,26.77,0.23,After
TCGA-A7-A4SE-Tumor,-28,Cycle,Base Insertion,6062254,281.31,43.00,44.12,-1.12,After
TCGA-A7-A4SE-Tumor,-28,Cycle,Base Deletion,6062254,506.62,41.00,40.71,0.29,After
TCGA-A7-A4SE-Tumor,29,Cycle,Base Substitution,6169107,11758.66,27.00,27.23,-0.23,After
TCGA-A7-A4SE-Tumor,29,Cycle,Base Insertion,6168546,286.84,43.00,43.11,-0.11,After
TCGA-A7-A4SE-Tumor,29,Cycle,Base Deletion,6168546,482.76,41.00,40.70,0.30,After
TCGA-A7-A4SE-Tumor,-29,Cycle,Base Substitution,6058568,13379.60,27.00,26.58,0.42,After
TCGA-A7-A4SE-Tumor,-29,Cycle,Base Insertion,6057674,278.22,44.00,44.12,-0.12,After
TCGA-A7-A4SE-Tumor,-29,Cycle,Base Deletion,6057674,485.01,41.00,40.71,0.29,After
TCGA-A7-A4SE-Tumor,30,Cycle,Base Substitution,6168170,11811.06,27.00,27.16,-0.16,After
TCGA-A7-A4SE-Tumor,30,Cycle,Base Insertion,6167574,289.31,43.00,43.11,-0.11,After
TCGA-A7-A4SE-Tumor,30,Cycle,Base Deletion,6167574,489.27,41.00,40.70,0.30,After
TCGA-A7-A4SE-Tumor,-30,Cycle,Base Substitution,6055766,13624.36,26.00,26.54,-0.54,After
TCGA-A7-A4SE-Tumor,-30,Cycle,Base Insertion,6054870,279.70,43.00,43.12,-0.12,After
TCGA-A7-A4SE-Tumor,-30,Cycle,Base Deletion,6054870,472.21,41.00,40.72,0.28,After
TCGA-A7-A4SE-Tumor,31,Cycle,Base Substitution,6166615,12169.32,27.00,27.07,-0.07,After
TCGA-A7-A4SE-Tumor,31,Cycle,Base Insertion,6166035,278.46,44.00,44.11,-0.11,After
TCGA-A7-A4SE-Tumor,31,Cycle,Base Deletion,6166035,472.85,41.00,40.70,0.30,After
TCGA-A7-A4SE-Tumor,-31,Cycle,Base Substitution,6052138,13476.81,27.00,26.60,0.40,After
TCGA-A7-A4SE-Tumor,-31,Cycle,Base Insertion,6051231,300.57,43.00,43.13,-0.13,After
TCGA-A7-A4SE-Tumor,-31,Cycle,Base Deletion,6051231,467.69,41.00,40.72,0.28,After
TCGA-A7-A4SE-Tumor,32,Cycle,Base Substitution,6164901,11941.32,27.00,27.15,-0.15,After
TCGA-A7-A4SE-Tumor,32,Cycle,Base Insertion,6164335,288.18,43.00,43.12,-0.12,After
TCGA-A7-A4SE-Tumor,32,Cycle,Base Deletion,6164335,480.58,41.00,40.71,0.29,After
TCGA-A7-A4SE-Tumor,-32,Cycle,Base Substitution,6048361,12893.72,27.00,26.73,0.27,After
TCGA-A7-A4SE-Tumor,-32,Cycle,Base Insertion,6047467,272.85,44.00,44.13,-0.13,After
TCGA-A7-A4SE-Tumor,-32,Cycle,Base Deletion,6047467,470.18,41.00,40.73,0.27,After
TCGA-A7-A4SE-Tumor,33,Cycle,Base Substitution,6163308,13006.49,27.00,26.79,0.21,After
TCGA-A7-A4SE-Tumor,33,Cycle,Base Insertion,6162737,292.87,43.00,43.12,-0.12,After
TCGA-A7-A4SE-Tumor,33,Cycle,Base Deletion,6162737,467.14,41.00,40.71,0.29,After
TCGA-A7-A4SE-Tumor,-33,Cycle,Base Substitution,6044232,13349.31,27.00,26.58,0.42,After
TCGA-A7-A4SE-Tumor,-33,Cycle,Base Insertion,6043322,274.66,44.00,44.13,-0.13,After
TCGA-A7-A4SE-Tumor,-33,Cycle,Base Deletion,6043322,467.64,41.00,40.73,0.27,After
TCGA-A7-A4SE-Tumor,34,Cycle,Base Substitution,6161796,11813.41,27.00,27.14,-0.14,After
TCGA-A7-A4SE-Tumor,34,Cycle,Base Insertion,6161237,287.69,43.00,43.12,-0.12,After
TCGA-A7-A4SE-Tumor,34,Cycle,Base Deletion,6161237,465.57,41.00,40.72,0.28,After
TCGA-A7-A4SE-Tumor,-34,Cycle,Base Substitution,6039737,12992.09,27.00,26.73,0.27,After
TCGA-A7-A4SE-Tumor,-34,Cycle,Base Insertion,6038834,254.34,44.00,44.13,-0.13,After
TCGA-A7-A4SE-Tumor,-34,Cycle,Base Deletion,6038834,459.99,41.00,40.73,0.27,After
TCGA-A7-A4SE-Tumor,35,Cycle,Base Substitution,6159878,12070.75,27.00,27.13,-0.13,After
TCGA-A7-A4SE-Tumor,35,Cycle,Base Insertion,6159309,311.75,43.00,43.12,-0.12,After
TCGA-A7-A4SE-Tumor,35,Cycle,Base Deletion,6159309,472.36,41.00,40.72,0.28,After
TCGA-A7-A4SE-Tumor,-35,Cycle,Base Substitution,6035981,13199.54,27.00,26.56,0.44,After
TCGA-A7-A4SE-Tumor,-35,Cycle,Base Insertion,6035032,279.74,43.00,43.13,-0.13,After
TCGA-A7-A4SE-Tumor,-35,Cycle,Base Deletion,6035032,450.29,41.00,40.73,0.27,After
TCGA-A7-A4SE-Tumor,36,Cycle,Base Substitution,6157694,12663.07,27.00,26.82,0.18,After
TCGA-A7-A4SE-Tumor,36,Cycle,Base Insertion,6157100,279.90,44.00,44.12,-0.12,After
TCGA-A7-A4SE-Tumor,36,Cycle,Base Deletion,6157100,468.39,41.00,40.72,0.28,After
TCGA-A7-A4SE-Tumor,-36,Cycle,Base Substitution,6030888,13428.62,27.00,26.51,0.49,After
TCGA-A7-A4SE-Tumor,-36,Cycle,Base Insertion,6029917,261.21,44.00,44.13,-0.13,After
TCGA-A7-A4SE-Tumor,-36,Cycle,Base Deletion,6029917,456.51,41.00,40.74,0.26,After
TCGA-A7-A4SE-Tumor,37,Cycle,Base Substitution,6155969,12078.31,27.00,27.02,-0.02,After
TCGA-A7-A4SE-Tumor,37,Cycle,Base Insertion,6155353,301.94,43.00,43.12,-0.12,After
TCGA-A7-A4SE-Tumor,37,Cycle,Base Deletion,6155353,450.03,41.00,40.72,0.28,After
TCGA-A7-A4SE-Tumor,-37,Cycle,Base Substitution,6026020,14232.17,26.00,26.34,-0.34,After
TCGA-A7-A4SE-Tumor,-37,Cycle,Base Insertion,6025033,290.52,43.00,43.13,-0.13,After
TCGA-A7-A4SE-Tumor,-37,Cycle,Base Deletion,6025033,442.23,41.00,40.74,0.26,After
TCGA-A7-A4SE-Tumor,38,Cycle,Base Substitution,6154003,12127.96,27.00,27.00,-0.00,After
TCGA-A7-A4SE-Tumor,38,Cycle,Base Insertion,6153355,287.89,43.00,43.12,-0.12,After
TCGA-A7-A4SE-Tumor,38,Cycle,Base Deletion,6153355,451.87,41.00,40.72,0.28,After
TCGA-A7-A4SE-Tumor,-38,Cycle,Base Substitution,6021692,13429.41,27.00,26.50,0.50,After
TCGA-A7-A4SE-Tumor,-38,Cycle,Base Insertion,6020745,275.86,44.00,44.13,-0.13,After
TCGA-A7-A4SE-Tumor,-38,Cycle,Base Deletion,6020745,452.87,41.00,40.74,0.26,After
TCGA-A7-A4SE-Tumor,39,Cycle,Base Substitution,6152964,11672.03,27.00,27.16,-0.16,After
TCGA-A7-A4SE-Tumor,39,Cycle,Base Insertion,6152309,306.95,43.00,43.12,-0.12,After
TCGA-A7-A4SE-Tumor,39,Cycle,Base Deletion,6152309,464.84,41.00,40.72,0.28,After
TCGA-A7-A4SE-Tumor,-39,Cycle,Base Substitution,6016197,14594.84,26.00,26.20,-0.20,After
TCGA-A7-A4SE-Tumor,-39,Cycle,Base Insertion,6015254,268.79,44.00,44.13,-0.13,After
TCGA-A7-A4SE-Tumor,-39,Cycle,Base Deletion,6015254,455.97,41.00,40.74,0.26,After
TCGA-A7-A4SE-Tumor,40,Cycle,Base Substitution,6151291,11472.61,27.00,27.22,-0.22,After
TCGA-A7-A4SE-Tumor,40,Cycle,Base Insertion,6150634,306.25,43.00,43.12,-0.12,After
TCGA-A7-A4SE-Tumor,40,Cycle,Base Deletion,6150634,480.50,41.00,40.72,0.28,After
TCGA-A7-A4SE-Tumor,-40,Cycle,Base Substitution,6013516,13324.02,27.00,26.57,0.43,After
TCGA-A7-A4SE-Tumor,-40,Cycle,Base Insertion,6012564,263.06,44.00,44.13,-0.13,After
TCGA-A7-A4SE-Tumor,-40,Cycle,Base Deletion,6012564,441.88,41.00,40.74,0.26,After
TCGA-A7-A4SE-Tumor,41,Cycle,Base Substitution,6148485,12460.83,27.00,27.02,-0.02,After
TCGA-A7-A4SE-Tumor,41,Cycle,Base Insertion,6147827,293.54,43.00,43.12,-0.12,After
TCGA-A7-A4SE-Tumor,41,Cycle,Base Deletion,6147827,468.16,41.00,40.73,0.27,After
TCGA-A7-A4SE-Tumor,-41,Cycle,Base Substitution,6008653,12780.76,27.00,26.73,0.27,After
TCGA-A7-A4SE-Tumor,-41,Cycle,Base Insertion,6007719,256.69,44.00,44.14,-0.14,After
TCGA-A7-A4SE-Tumor,-41,Cycle,Base Deletion,6007719,435.12,41.00,41.74,-0.74,After
TCGA-A7-A4SE-Tumor,42,Cycle,Base Substitution,6146604,12256.45,27.00,26.78,0.22,After
TCGA-A7-A4SE-Tumor,42,Cycle,Base Insertion,6145913,259.30,44.00,44.12,-0.12,After
TCGA-A7-A4SE-Tumor,42,Cycle,Base Deletion,6145913,478.14,41.00,40.73,0.27,After
TCGA-A7-A4SE-Tumor,-42,Cycle,Base Substitution,6003861,12675.21,27.00,26.69,0.31,After
TCGA-A7-A4SE-Tumor,-42,Cycle,Base Insertion,6002939,246.78,44.00,44.13,-0.13,After
TCGA-A7-A4SE-Tumor,-42,Cycle,Base Deletion,6002939,433.22,41.00,41.74,-0.74,After
TCGA-A7-A4SE-Tumor,43,Cycle,Base Substitution,6143726,11919.41,27.00,26.91,0.09,After
TCGA-A7-A4SE-Tumor,43,Cycle,Base Insertion,6143057,275.45,44.00,44.12,-0.12,After
TCGA-A7-A4SE-Tumor,43,Cycle,Base Deletion,6143057,463.12,41.00,40.73,0.27,After
TCGA-A7-A4SE-Tumor,-43,Cycle,Base Substitution,5998845,12456.34,27.00,26.80,0.20,After
TCGA-A7-A4SE-Tumor,-43,Cycle,Base Insertion,5997941,251.35,44.00,44.13,-0.13,After
TCGA-A7-A4SE-Tumor,-43,Cycle,Base Deletion,5997941,433.56,41.00,40.74,0.26,After
TCGA-A7-A4SE-Tumor,44,Cycle,Base Substitution,6140754,11849.09,27.00,27.09,-0.09,After
TCGA-A7-A4SE-Tumor,44,Cycle,Base Insertion,6140087,293.31,43.00,43.12,-0.12,After
TCGA-A7-A4SE-Tumor,44,Cycle,Base Deletion,6140087,468.63,41.00,40.73,0.27,After
TCGA-A7-A4SE-Tumor,-44,Cycle,Base Substitution,5993357,12617.07,27.00,26.61,0.39,After
TCGA-A7-A4SE-Tumor,-44,Cycle,Base Insertion,5992472,249.99,44.00,44.13,-0.13,After
TCGA-A7-A4SE-Tumor,-44,Cycle,Base Deletion,5992472,441.02,41.00,40.74,0.26,After
TCGA-A7-A4SE-Tumor,45,Cycle,Base Substitution,6137747,12500.02,27.00,26.70,0.30,After
TCGA-A7-A4SE-Tumor,45,Cycle,Base Insertion,6137034,282.11,43.00,43.13,-0.13,After
TCGA-A7-A4SE-Tumor,45,Cycle,Base Deletion,6137034,472.44,41.00,40.73,0.27,After
TCGA-A7-A4SE-Tumor,-45,Cycle,Base Substitution,5988564,12414.42,27.00,26.83,0.17,After
TCGA-A7-A4SE-Tumor,-45,Cycle,Base Insertion,5987650,250.18,44.00,44.13,-0.13,After
TCGA-A7-A4SE-Tumor,-45,Cycle,Base Deletion,5987650,434.17,41.00,40.74,0.26,After
TCGA-A7-A4SE-Tumor,46,Cycle,Base Substitution,6135328,12355.27,27.00,26.90,0.10,After
TCGA-A7-A4SE-Tumor,46,Cycle,Base Insertion,6134643,264.44,44.00,44.13,-0.13,After
TCGA-A7-A4SE-Tumor,46,Cycle,Base Deletion,6134643,488.79,41.00,40.73,0.27,After
TCGA-A7-A4SE-Tumor,-46,Cycle,Base Substitution,5982551,12549.59,27.00,26.59,0.41,After
TCGA-A7-A4SE-Tumor,-46,Cycle,Base Insertion,5981607,242.26,44.00,44.13,-0.13,After
TCGA-A7-A4SE-Tumor,-46,Cycle,Base Deletion,5981607,426.99,41.00,41.74,-0.74,After
TCGA-A7-A4SE-Tumor,47,Cycle,Base Substitution,6132755,12634.53,27.00,26.84,0.16,After
TCGA-A7-A4SE-Tumor,47,Cycle,Base Insertion,6132034,243.79,44.00,44.13,-0.13,After
TCGA-A7-A4SE-Tumor,47,Cycle,Base Deletion,6132034,478.38,41.00,40.74,0.26,After
TCGA-A7-A4SE-Tumor,-47,Cycle,Base Substitution,5976878,12453.38,27.00,26.76,0.24,After
TCGA-A7-A4SE-Tumor,-47,Cycle,Base Insertion,5975879,245.13,44.00,44.14,-0.14,After
TCGA-A7-A4SE-Tumor,-47,Cycle,Base Deletion,5975879,429.35,41.00,41.75,-0.75,After
TCGA-A7-A4SE-Tumor,48,Cycle,Base Substitution,6129670,12499.37,27.00,26.69,0.31,After
TCGA-A7-A4SE-Tumor,48,Cycle,Base Insertion,6128848,259.47,44.00,44.13,-0.13,After
TCGA-A7-A4SE-Tumor,48,Cycle,Base Deletion,6128848,471.00,41.00,40.74,0.26,After
TCGA-A7-A4SE-Tumor,-48,Cycle,Base Substitution,5970993,12377.83,27.00,26.56,0.44,After
TCGA-A7-A4SE-Tumor,-48,Cycle,Base Insertion,5969980,248.56,44.00,44.14,-0.14,After
TCGA-A7-A4SE-Tumor,-48,Cycle,Base Deletion,5969980,416.00,42.00,41.75,0.25,After
TCGA-A7-A4SE-Tumor,49,Cycle,Base Substitution,6126719,12511.80,27.00,26.72,0.28,After
TCGA-A7-A4SE-Tumor,49,Cycle,Base Insertion,6125867,262.03,44.00,44.13,-0.13,After
TCGA-A7-A4SE-Tumor,49,Cycle,Base Deletion,6125867,460.39,41.00,40.74,0.26,After
TCGA-A7-A4SE-Tumor,-49,Cycle,Base Substitution,5964067,14963.50,26.00,26.08,-0.08,After
TCGA-A7-A4SE-Tumor,-49,Cycle,Base Insertion,5963035,241.46,44.00,44.14,-0.14,After
TCGA-A7-A4SE-Tumor,-49,Cycle,Base Deletion,5963035,416.88,42.00,41.75,0.25,After
TCGA-A7-A4SE-Tumor,50,Cycle,Base Substitution,6123880,12464.22,27.00,26.69,0.31,After
TCGA-A7-A4SE-Tumor,50,Cycle,Base Insertion,6122990,254.66,44.00,44.13,-0.13,After
TCGA-A7-A4SE-Tumor,50,Cycle,Base Deletion,6122990,453.34,41.00,40.74,0.26,After
TCGA-A7-A4SE-Tumor,-50,Cycle,Base Substitution,5958330,12171.77,27.00,26.79,0.21,After
TCGA-A7-A4SE-Tumor,-50,Cycle,Base Insertion,5957278,241.45,44.00,44.14,-0.14,After
TCGA-A7-A4SE-Tumor,-50,Cycle,Base Deletion,5957278,417.42,42.00,41.75,0.25,After
TCGA-A7-A4SE-Tumor,51,Cycle,Base Substitution,6120707,12183.59,27.00,27.02,-0.02,After
TCGA-A7-A4SE-Tumor,51,Cycle,Base Insertion,6119706,272.22,44.00,44.13,-0.13,After
TCGA-A7-A4SE-Tumor,51,Cycle,Base Deletion,6119706,462.84,41.00,40.74,0.26,After
TCGA-A7-A4SE-Tumor,-51,Cycle,Base Substitution,5951754,11843.73,27.00,26.89,0.11,After
TCGA-A7-A4SE-Tumor,-51,Cycle,Base Insertion,5950608,245.41,44.00,44.14,-0.14,After
TCGA-A7-A4SE-Tumor,-51,Cycle,Base Deletion,5950608,422.05,41.00,41.75,-0.75,After
TCGA-A7-A4SE-Tumor,52,Cycle,Base Substitution,6118943,11849.21,27.00,27.10,-0.10,After
TCGA-A7-A4SE-Tumor,52,Cycle,Base Insertion,6117839,256.24,44.00,44.13,-0.13,After
TCGA-A7-A4SE-Tumor,52,Cycle,Base Deletion,6117839,460.32,41.00,40.75,0.25,After
TCGA-A7-A4SE-Tumor,-52,Cycle,Base Substitution,5947190,11707.14,27.00,26.90,0.10,After
TCGA-A7-A4SE-Tumor,-52,Cycle,Base Insertion,5945950,250.98,44.00,44.14,-0.14,After
TCGA-A7-A4SE-Tumor,-52,Cycle,Base Deletion,5945950,424.04,41.00,41.75,-0.75,After
TCGA-A7-A4SE-Tumor,53,Cycle,Base Substitution,6115836,11573.73,27.00,27.20,-0.20,After
TCGA-A7-A4SE-Tumor,53,Cycle,Base Insertion,6114603,251.20,44.00,44.13,-0.13,After
TCGA-A7-A4SE-Tumor,53,Cycle,Base Deletion,6114603,458.82,41.00,40.75,0.25,After
TCGA-A7-A4SE-Tumor,-53,Cycle,Base Substitution,5944411,11934.76,27.00,26.86,0.14,After
TCGA-A7-A4SE-Tumor,-53,Cycle,Base Insertion,5943096,242.11,44.00,44.14,-0.14,After
TCGA-A7-A4SE-Tumor,-53,Cycle,Base Deletion,5943096,432.44,41.00,40.75,0.25,After
TCGA-A7-A4SE-Tumor,54,Cycle,Base Substitution,6113128,12450.48,27.00,26.70,0.30,After
TCGA-A7-A4SE-Tumor,54,Cycle,Base Insertion,6111834,237.50,44.00,44.13,-0.13,After
TCGA-A7-A4SE-Tumor,54,Cycle,Base Deletion,6111834,462.54,41.00,40.75,0.25,After
TCGA-A7-A4SE-Tumor,-54,Cycle,Base Substitution,5938962,11969.85,27.00,26.83,0.17,After
TCGA-A7-A4SE-Tumor,-54,Cycle,Base Insertion,5937556,235.50,44.00,44.13,-0.13,After
TCGA-A7-A4SE-Tumor,-54,Cycle,Base Deletion,5937556,433.48,41.00,40.75,0.25,After
TCGA-A7-A4SE-Tumor,55,Cycle,Base Substitution,6109107,12483.71,27.00,26.75,0.25,After
TCGA-A7-A4SE-Tumor,55,Cycle,Base Insertion,6107740,227.58,44.00,44.14,-0.14,After
TCGA-A7-A4SE-Tumor,55,Cycle,Base Deletion,6107740,445.63,41.00,40.75,0.25,After
TCGA-A7-A4SE-Tumor,-55,Cycle,Base Substitution,5933600,12169.80,27.00,26.76,0.24,After
TCGA-A7-A4SE-Tumor,-55,Cycle,Base Insertion,5932190,231.97,44.00,44.14,-0.14,After
TCGA-A7-A4SE-Tumor,-55,Cycle,Base Deletion,5932190,443.22,41.00,40.75,0.25,After
TCGA-A7-A4SE-Tumor,56,Cycle,Base Substitution,6104134,12151.52,27.00,26.82,0.18,After
TCGA-A7-A4SE-Tumor,56,Cycle,Base Insertion,6102834,246.90,44.00,44.13,-0.13,After
TCGA-A7-A4SE-Tumor,56,Cycle,Base Deletion,6102834,457.29,41.00,40.75,0.25,After
TCGA-A7-A4SE-Tumor,-56,Cycle,Base Substitution,5927702,12087.83,27.00,26.78,0.22,After
TCGA-A7-A4SE-Tumor,-56,Cycle,Base Insertion,5926267,224.06,44.00,44.14,-0.14,After
TCGA-A7-A4SE-Tumor,-56,Cycle,Base Deletion,5926267,443.44,41.00,40.75,0.25,After
TCGA-A7-A4SE-Tumor,57,Cycle,Base Substitution,6100489,11836.82,27.00,26.92,0.08,After
TCGA-A7-A4SE-Tumor,57,Cycle,Base Insertion,6099153,251.01,44.00,44.13,-0.13,After
TCGA-A7-A4SE-Tumor,57,Cycle,Base Deletion,6099153,465.18,41.00,40.74,0.26,After
TCGA-A7-A4SE-Tumor,-57,Cycle,Base Substitution,5923580,11828.07,27.00,26.74,0.26,After
TCGA-A7-A4SE-Tumor,-57,Cycle,Base Insertion,5922057,254.15,44.00,44.14,-0.14,After
TCGA-A7-A4SE-Tumor,-57,Cycle,Base Deletion,5922057,435.12,41.00,40.75,0.25,After
TCGA-A7-A4SE-Tumor,58,Cycle,Base Substitution,6097185,11913.80,27.00,26.99,0.01,After
TCGA-A7-A4SE-Tumor,58,Cycle,Base Insertion,6095772,254.21,44.00,44.13,-0.13,After
TCGA-A7-A4SE-Tumor,58,Cycle,Base Deletion,6095772,449.43,41.00,40.75,0.25,After
TCGA-A7-A4SE-Tumor,-58,Cycle,Base Substitution,5918608,11549.54,27.00,26.84,0.16,After
TCGA-A7-A4SE-Tumor,-58,Cycle,Base Insertion,5917079,255.04,44.00,44.14,-0.14,After
TCGA-A7-A4SE-Tumor,-58,Cycle,Base Deletion,5917079,433.92,41.00,40.75,0.25,After
TCGA-A7-A4SE-Tumor,59,Cycle,Base Substitution,6092328,11660.39,27.00,26.96,0.04,After
TCGA-A7-A4SE-Tumor,59,Cycle,Base Insertion,6090871,261.64,44.00,44.13,-0.13,After
TCGA-A7-A4SE-Tumor,59,Cycle,Base Deletion,6090871,460.72,41.00,40.75,0.25,After
TCGA-A7-A4SE-Tumor,-59,Cycle,Base Substitution,5912728,11265.33,27.00,27.04,-0.04,After
TCGA-A7-A4SE-Tumor,-59,Cycle,Base Insertion,5911128,249.55,44.00,44.14,-0.14,After
TCGA-A7-A4SE-Tumor,-59,Cycle,Base Deletion,5911128,444.60,41.00,40.75,0.25,After
TCGA-A7-A4SE-Tumor,60,Cycle,Base Substitution,6087589,12092.89,27.00,26.84,0.16,After
TCGA-A7-A4SE-Tumor,60,Cycle,Base Insertion,6086075,249.89,44.00,44.13,-0.13,After
TCGA-A7-A4SE-Tumor,60,Cycle,Base Deletion,6086075,447.42,41.00,40.75,0.25,After
TCGA-A7-A4SE-Tumor,-60,Cycle,Base Substitution,5906603,11380.90,27.00,27.00,-0.00,After
TCGA-A7-A4SE-Tumor,-60,Cycle,Base Insertion,5904927,232.16,44.00,44.14,-0.14,After
TCGA-A7-A4SE-Tumor,-60,Cycle,Base Deletion,5904927,422.96,41.00,41.75,-0.75,After
TCGA-A7-A4SE-Tumor,61,Cycle,Base Substitution,6084692,11887.14,27.00,26.94,0.06,After
TCGA-A7-A4SE-Tumor,61,Cycle,Base Insertion,6083082,246.01,44.00,44.13,-0.13,After
TCGA-A7-A4SE-Tumor,61,Cycle,Base Deletion,6083082,462.23,41.00,40.75,0.25,After
TCGA-A7-A4SE-Tumor,-61,Cycle,Base Substitution,5900320,11507.22,27.00,27.03,-0.03,After
TCGA-A7-A4SE-Tumor,-61,Cycle,Base Insertion,5898545,212.78,44.00,44.14,-0.14,After
TCGA-A7-A4SE-Tumor,-61,Cycle,Base Deletion,5898545,409.50,42.00,41.76,0.24,After
TCGA-A7-A4SE-Tumor,62,Cycle,Base Substitution,6080235,11872.53,27.00,26.92,0.08,After
TCGA-A7-A4SE-Tumor,62,Cycle,Base Insertion,6078577,251.70,44.00,44.14,-0.14,After
TCGA-A7-A4SE-Tumor,62,Cycle,Base Deletion,6078577,458.48,41.00,40.75,0.25,After
TCGA-A7-A4SE-Tumor,-62,Cycle,Base Substitution,5893366,11800.31,27.00,26.63,0.37,After
TCGA-A7-A4SE-Tumor,-62,Cycle,Base Insertion,5891501,222.20,44.00,44.14,-0.14,After
TCGA-A7-A4SE-Tumor,-62,Cycle,Base Deletion,5891501,417.69,41.00,41.76,-0.76,After
TCGA-A7-A4SE-Tumor,63,Cycle,Base Substitution,6075165,11854.34,27.00,26.79,0.21,After
TCGA-A7-A4SE-Tumor,63,Cycle,Base Insertion,6073389,249.34,44.00,44.13,-0.13,After
TCGA-A7-A4SE-Tumor,63,Cycle,Base Deletion,6073389,449.25,41.00,40.76,0.24,After
TCGA-A7-A4SE-Tumor,-63,Cycle,Base Substitution,5886599,12220.99,27.00,26.68,0.32,After
TCGA-A7-A4SE-Tumor,-63,Cycle,Base Insertion,5884652,233.86,44.00,44.14,-0.14,After
TCGA-A7-A4SE-Tumor,-63,Cycle,Base Deletion,5884652,422.97,41.00,40.76,0.24,After
TCGA-A7-A4SE-Tumor,64,Cycle,Base Substitution,6071007,11576.30,27.00,26.96,0.04,After
TCGA-A7-A4SE-Tumor,64,Cycle,Base Insertion,6069111,250.45,44.00,44.13,-0.13,After
TCGA-A7-A4SE-Tumor,64,Cycle,Base Deletion,6069111,446.31,41.00,40.75,0.25,After
TCGA-A7-A4SE-Tumor,-64,Cycle,Base Substitution,5880085,11324.06,27.00,26.85,0.15,After
TCGA-A7-A4SE-Tumor,-64,Cycle,Base Insertion,5878076,219.49,44.00,44.14,-0.14,After
TCGA-A7-A4SE-Tumor,-64,Cycle,Base Deletion,5878076,416.37,42.00,41.75,0.25,After
TCGA-A7-A4SE-Tumor,65,Cycle,Base Substitution,6066115,11747.70,27.00,26.93,0.07,After
TCGA-A7-A4SE-Tumor,65,Cycle,Base Insertion,6064166,249.64,44.00,44.14,-0.14,After
TCGA-A7-A4SE-Tumor,65,Cycle,Base Deletion,6064166,434.62,41.00,41.75,-0.75,After
TCGA-A7-A4SE-Tumor,-65,Cycle,Base Substitution,5872265,11433.19,27.00,26.97,0.03,After
TCGA-A7-A4SE-Tumor,-65,Cycle,Base Insertion,5870171,234.12,44.00,44.14,-0.14,After
TCGA-A7-A4SE-Tumor,-65,Cycle,Base Deletion,5870171,419.55,41.00,41.75,-0.75,After
TCGA-A7-A4SE-Tumor,66,Cycle,Base Substitution,6060530,12285.64,27.00,26.70,0.30,After
TCGA-A7-A4SE-Tumor,66,Cycle,Base Insertion,6058432,247.67,44.00,44.13,-0.13,After
TCGA-A7-A4SE-Tumor,66,Cycle,Base Deletion,6058432,444.87,41.00,40.75,0.25,After
TCGA-A7-A4SE-Tumor,-66,Cycle,Base Substitution,5865624,11274.52,27.00,27.00,0.00,After
TCGA-A7-A4SE-Tumor,-66,Cycle,Base Insertion,5863391,220.47,44.00,44.14,-0.14,After
TCGA-A7-A4SE-Tumor,-66,Cycle,Base Deletion,5863391,419.26,41.00,41.76,-0.76,After
TCGA-A7-A4SE-Tumor,67,Cycle,Base Substitution,6055000,11947.98,27.00,26.75,0.25,After
TCGA-A7-A4SE-Tumor,67,Cycle,Base Insertion,6052815,226.45,44.00,44.13,-0.13,After
TCGA-A7-A4SE-Tumor,67,Cycle,Base Deletion,6052815,428.20,42.00,41.75,0.25,After
TCGA-A7-A4SE-Tumor,-67,Cycle,Base Substitution,5858001,11043.61,27.00,27.00,-0.00,After
TCGA-A7-A4SE-Tumor,-67,Cycle,Base Insertion,5855623,243.30,44.00,44.14,-0.14,After
TCGA-A7-A4SE-Tumor,-67,Cycle,Base Deletion,5855623,407.35,42.00,41.75,0.25,After
TCGA-A7-A4SE-Tumor,68,Cycle,Base Substitution,6049883,12382.33,27.00,26.72,0.28,After
TCGA-A7-A4SE-Tumor,68,Cycle,Base Insertion,6047567,233.47,44.00,44.14,-0.14,After
TCGA-A7-A4SE-Tumor,68,Cycle,Base Deletion,6047567,431.16,41.00,41.76,-0.76,After
TCGA-A7-A4SE-Tumor,-68,Cycle,Base Substitution,5850708,11259.01,27.00,26.92,0.08,After
TCGA-A7-A4SE-Tumor,-68,Cycle,Base Insertion,5848181,240.64,44.00,44.14,-0.14,After
TCGA-A7-A4SE-Tumor,-68,Cycle,Base Deletion,5848181,404.53,42.00,41.75,0.25,After
TCGA-A7-A4SE-Tumor,69,Cycle,Base Substitution,6044323,11699.69,27.00,26.88,0.12,After
TCGA-A7-A4SE-Tumor,69,Cycle,Base Insertion,6041802,226.75,44.00,44.13,-0.13,After
TCGA-A7-A4SE-Tumor,69,Cycle,Base Deletion,6041802,431.55,41.00,41.76,-0.76,After
TCGA-A7-A4SE-Tumor,-69,Cycle,Base Substitution,5841933,11065.94,27.00,26.95,0.05,After
TCGA-A7-A4SE-Tumor,-69,Cycle,Base Insertion,5839249,232.09,44.00,44.14,-0.14,After
TCGA-A7-A4SE-Tumor,-69,Cycle,Base Deletion,5839249,400.05,42.00,41.76,0.24,After
TCGA-A7-A4SE-Tumor,70,Cycle,Base Substitution,6038790,11933.83,27.00,26.75,0.25,After
TCGA-A7-A4SE-Tumor,70,Cycle,Base Insertion,6036127,229.68,44.00,44.14,-0.14,After
TCGA-A7-A4SE-Tumor,70,Cycle,Base Deletion,6036127,427.07,42.00,41.76,0.24,After
TCGA-A7-A4SE-Tumor,-70,Cycle,Base Substitution,5833668,11420.56,27.00,27.00,-0.00,After
TCGA-A7-A4SE-Tumor,-70,Cycle,Base Insertion,5830864,222.54,44.00,44.14,-0.14,After
TCGA-A7-A4SE-Tumor,-70,Cycle,Base Deletion,5830864,390.59,42.00,41.76,0.24,After
TCGA-A7-A4SE-Tumor,71,Cycle,Base Substitution,6032748,11659.44,27.00,26.84,0.16,After
TCGA-A7-A4SE-Tumor,71,Cycle,Base Insertion,6029844,223.26,44.00,44.14,-0.14,After
TCGA-A7-A4SE-Tumor,71,Cycle,Base Deletion,6029844,429.29,41.00,41.76,-0.76,After
TCGA-A7-A4SE-Tumor,-71,Cycle,Base Substitution,5825636,12251.53,27.00,26.68,0.32,After
TCGA-A7-A4SE-Tumor,-71,Cycle,Base Insertion,5822585,225.05,44.00,44.14,-0.14,After
TCGA-A7-A4SE-Tumor,-71,Cycle,Base Deletion,5822585,380.86,42.00,41.76,0.24,After
TCGA-A7-A4SE-Tumor,72,Cycle,Base Substitution,6026631,11592.52,27.00,26.89,0.11,After
TCGA-A7-A4SE-Tumor,72,Cycle,Base Insertion,6023411,214.91,44.00,44.14,-0.14,After
TCGA-A7-A4SE-Tumor,72,Cycle,Base Deletion,6023411,413.33,42.00,41.76,0.24,After
TCGA-A7-A4SE-Tumor,-72,Cycle,Base Substitution,5817272,11240.05,27.00,26.90,0.10,After
TCGA-A7-A4SE-Tumor,-72,Cycle,Base Insertion,5813812,211.79,44.00,44.14,-0.14,After
TCGA-A7-A4SE-Tumor,-72,Cycle,Base Deletion,5813812,395.31,42.00,41.75,0.25,After
TCGA-A7-A4SE-Tumor,73,Cycle,Base Substitution,6019299,12492.71,27.00,26.63,0.37,After
TCGA-A7-A4SE-Tumor,73,Cycle,Base Insertion,6015724,222.23,44.00,44.14,-0.14,After
TCGA-A7-A4SE-Tumor,73,Cycle,Base Deletion,6015724,418.94,42.00,41.75,0.25,After
TCGA-A7-A4SE-Tumor,-73,Cycle,Base Substitution,5808302,13776.94,26.00,26.25,-0.25,After
TCGA-A7-A4SE-Tumor,-73,Cycle,Base Insertion,5804596,198.63,45.00,44.14,0.86,After
TCGA-A7-A4SE-Tumor,-73,Cycle,Base Deletion,5804596,395.87,42.00,41.75,0.25,After
TCGA-A7-A4SE-Tumor,74,Cycle,Base Substitution,6013902,11954.56,27.00,26.73,0.27,After
TCGA-A7-A4SE-Tumor,74,Cycle,Base Insertion,6009915,211.18,45.00,44.14,0.86,After
TCGA-A7-A4SE-Tumor,74,Cycle,Base Deletion,6009915,403.00,42.00,41.75,0.25,After
TCGA-A7-A4SE-Tumor,-74,Cycle,Base Substitution,5800963,11571.19,27.00,26.90,0.10,After
TCGA-A7-A4SE-Tumor,-74,Cycle,Base Insertion,5796880,205.92,44.00,44.14,-0.14,After
TCGA-A7-A4SE-Tumor,-74,Cycle,Base Deletion,5796880,383.59,42.00,41.75,0.25,After
TCGA-A7-A4SE-Tumor,75,Cycle,Base Substitution,6004880,11691.49,27.00,26.82,0.18,After
TCGA-A7-A4SE-Tumor,75,Cycle,Base Insertion,6000559,210.28,45.00,44.14,0.86,After
TCGA-A7-A4SE-Tumor,75,Cycle,Base Deletion,6000559,410.09,42.00,41.75,0.25,After
TCGA-A7-A4SE-Tumor,-75,Cycle,Base Substitution,5791161,11136.34,27.00,26.86,0.14,After
TCGA-A7-A4SE-Tumor,-75,Cycle,Base Insertion,5786716,225.63,44.00,44.14,-0.14,After
TCGA-A7-A4SE-Tumor,-75,Cycle,Base Deletion,5786716,385.77,42.00,41.75,0.25,After
TCGA-A7-A4SE-Tumor,76,Cycle,Base Substitution,5998722,12005.72,27.00,26.96,0.04,After
TCGA-A7-A4SE-Tumor,76,Cycle,Base Insertion,5994034,206.47,45.00,44.14,0.86,After
TCGA-A7-A4SE-Tumor,76,Cycle,Base Deletion,5994034,414.95,42.00,41.75,0.25,After
TCGA-A7-A4SE-Tumor,-76,Cycle,Base Substitution,5782236,10708.39,27.00,27.15,-0.15,After
TCGA-A7-A4SE-Tumor,-76,Cycle,Base Insertion,5777478,211.62,44.00,44.14,-0.14,After
TCGA-A7-A4SE-Tumor,-76,Cycle,Base Deletion,5777478,377.38,42.00,41.74,0.26,After
TCGA-A7-A4SE-Tumor,77,Cycle,Base Substitution,5994169,11289.11,27.00,26.95,0.05,After
TCGA-A7-A4SE-Tumor,77,Cycle,Base Insertion,5988880,221.14,44.00,44.14,-0.14,After
TCGA-A7-A4SE-Tumor,77,Cycle,Base Deletion,5988880,420.58,42.00,41.75,0.25,After
TCGA-A7-A4SE-Tumor,-77,Cycle,Base Substitution,5772510,11004.51,27.00,27.07,-0.07,After
TCGA-A7-A4SE-Tumor,-77,Cycle,Base Insertion,5767061,202.77,45.00,44.14,0.86,After
TCGA-A7-A4SE-Tumor,-77,Cycle,Base Deletion,5767061,381.73,42.00,41.74,0.26,After
TCGA-A7-A4SE-Tumor,78,Cycle,Base Substitution,5987544,11230.74,27.00,27.02,-0.02,After
TCGA-A7-A4SE-Tumor,78,Cycle,Base Insertion,5981702,220.24,44.00,44.14,-0.14,After
TCGA-A7-A4SE-Tumor,78,Cycle,Base Deletion,5981702,399.98,42.00,41.76,0.24,After
TCGA-A7-A4SE-Tumor,-78,Cycle,Base Substitution,5762093,11191.78,27.00,26.85,0.15,After
TCGA-A7-A4SE-Tumor,-78,Cycle,Base Insertion,5756130,181.25,45.00,45.13,-0.13,After
TCGA-A7-A4SE-Tumor,-78,Cycle,Base Deletion,5756130,365.03,42.00,41.75,0.25,After
TCGA-A7-A4SE-Tumor,79,Cycle,Base Substitution,5980439,11461.20,27.00,26.83,0.17,After
TCGA-A7-A4SE-Tumor,79,Cycle,Base Insertion,5973906,196.10,45.00,45.14,-0.14,After
TCGA-A7-A4SE-Tumor,79,Cycle,Base Deletion,5973906,388.57,42.00,41.75,0.25,After
TCGA-A7-A4SE-Tumor,-79,Cycle,Base Substitution,5752167,11110.03,27.00,26.78,0.22,After
TCGA-A7-A4SE-Tumor,-79,Cycle,Base Insertion,5745608,199.94,45.00,44.14,0.86,After
TCGA-A7-A4SE-Tumor,-79,Cycle,Base Deletion,5745608,366.03,42.00,41.74,0.26,After
TCGA-A7-A4SE-Tumor,80,Cycle,Base Substitution,5972631,11526.58,27.00,26.92,0.08,After
TCGA-A7-A4SE-Tumor,80,Cycle,Base Insertion,5965312,185.10,45.00,45.14,-0.14,After
TCGA-A7-A4SE-Tumor,80,Cycle,Base Deletion,5965312,370.72,42.00,41.76,0.24,After
TCGA-A7-A4SE-Tumor,-80,Cycle,Base Substitution,5741478,10810.38,27.00,27.03,-0.03,After
TCGA-A7-A4SE-Tumor,-80,Cycle,Base Insertion,5734153,208.94,44.00,44.14,-0.14,After
TCGA-A7-A4SE-Tumor,-80,Cycle,Base Deletion,5734153,349.67,42.00,41.74,0.26,After
TCGA-A7-A4SE-Tumor,81,Cycle,Base Substitution,5963653,11405.97,27.00,26.86,0.14,After
TCGA-A7-A4SE-Tumor,81,Cycle,Base Insertion,5955810,220.17,44.00,44.13,-0.13,After
TCGA-A7-A4SE-Tumor,81,Cycle,Base Deletion,5955810,395.59,42.00,41.75,0.25,After
TCGA-A7-A4SE-Tumor,-81,Cycle,Base Substitution,5730297,11037.97,27.00,26.89,0.11,After
TCGA-A7-A4SE-Tumor,-81,Cycle,Base Insertion,5722464,195.28,45.00,44.14,0.86,After
TCGA-A7-A4SE-Tumor,-81,Cycle,Base Deletion,5722464,346.46,42.00,41.74,0.26,After
TCGA-A7-A4SE-Tumor,82,Cycle,Base Substitution,5954554,11547.41,27.00,26.89,0.11,After
TCGA-A7-A4SE-Tumor,82,Cycle,Base Insertion,5945916,185.18,45.00,45.13,-0.13,After
TCGA-A7-A4SE-Tumor,82,Cycle,Base Deletion,5945916,375.34,42.00,41.75,0.25,After
TCGA-A7-A4SE-Tumor,-82,Cycle,Base Substitution,5718821,10855.93,27.00,27.12,-0.12,After
TCGA-A7-A4SE-Tumor,-82,Cycle,Base Insertion,5710113,178.73,45.00,45.13,-0.13,After
TCGA-A7-A4SE-Tumor,-82,Cycle,Base Deletion,5710113,346.48,42.00,41.74,0.26,After
TCGA-A7-A4SE-Tumor,83,Cycle,Base Substitution,5944777,11341.18,27.00,26.90,0.10,After
TCGA-A7-A4SE-Tumor,83,Cycle,Base Insertion,5935262,184.74,45.00,45.14,-0.14,After
TCGA-A7-A4SE-Tumor,83,Cycle,Base Deletion,5935262,361.40,42.00,41.75,0.25,After
TCGA-A7-A4SE-Tumor,-83,Cycle,Base Substitution,5708415,11008.14,27.00,26.79,0.21,After
TCGA-A7-A4SE-Tumor,-83,Cycle,Base Insertion,5698735,190.74,45.00,45.14,-0.14,After
TCGA-A7-A4SE-Tumor,-83,Cycle,Base Deletion,5698735,337.03,42.00,41.74,0.26,After
TCGA-A7-A4SE-Tumor,84,Cycle,Base Substitution,5933992,11519.53,27.00,26.81,0.19,After
TCGA-A7-A4SE-Tumor,84,Cycle,Base Insertion,5923482,204.18,45.00,44.13,0.87,After
TCGA-A7-A4SE-Tumor,84,Cycle,Base Deletion,5923482,359.73,42.00,41.75,0.25,After
TCGA-A7-A4SE-Tumor,-84,Cycle,Base Substitution,5694492,10693.03,27.00,26.98,0.02,After
TCGA-A7-A4SE-Tumor,-84,Cycle,Base Insertion,5683792,178.06,45.00,45.13,-0.13,After
TCGA-A7-A4SE-Tumor,-84,Cycle,Base Deletion,5683792,330.17,42.00,41.74,0.26,After
TCGA-A7-A4SE-Tumor,85,Cycle,Base Substitution,5922977,11215.01,27.00,26.98,0.02,After
TCGA-A7-A4SE-Tumor,85,Cycle,Base Insertion,5911232,193.37,45.00,45.14,-0.14,After
TCGA-A7-A4SE-Tumor,85,Cycle,Base Deletion,5911232,348.15,42.00,41.75,0.25,After
TCGA-A7-A4SE-Tumor,-85,Cycle,Base Substitution,5680594,10719.37,27.00,26.95,0.05,After
TCGA-A7-A4SE-Tumor,-85,Cycle,Base Insertion,5668591,170.46,45.00,45.13,-0.13,After
TCGA-A7-A4SE-Tumor,-85,Cycle,Base Deletion,5668591,311.35,42.00,41.74,0.26,After
TCGA-A7-A4SE-Tumor,86,Cycle,Base Substitution,5910997,11153.36,27.00,27.00,0.00,After
TCGA-A7-A4SE-Tumor,86,Cycle,Base Insertion,5897981,169.55,45.00,45.14,-0.14,After
TCGA-A7-A4SE-Tumor,86,Cycle,Base Deletion,5897981,332.13,42.00,41.75,0.25,After
TCGA-A7-A4SE-Tumor,-86,Cycle,Base Substitution,5665816,10428.70,27.00,27.06,-0.06,After
TCGA-A7-A4SE-Tumor,-86,Cycle,Base Insertion,5652599,177.15,45.00,45.13,-0.13,After
TCGA-A7-A4SE-Tumor,-86,Cycle,Base Deletion,5652599,291.25,43.00,42.73,0.27,After
TCGA-A7-A4SE-Tumor,87,Cycle,Base Substitution,5898061,11065.28,27.00,26.95,0.05,After
TCGA-A7-A4SE-Tumor,87,Cycle,Base Insertion,5883341,162.40,46.00,45.13,0.87,After
TCGA-A7-A4SE-Tumor,87,Cycle,Base Deletion,5883341,321.85,42.00,41.75,0.25,After
TCGA-A7-A4SE-Tumor,-87,Cycle,Base Substitution,5649789,10548.94,27.00,26.88,0.12,After
TCGA-A7-A4SE-Tumor,-87,Cycle,Base Insertion,5634837,158.22,46.00,45.13,0.87,After
TCGA-A7-A4SE-Tumor,-87,Cycle,Base Deletion,5634837,291.26,43.00,42.74,0.26,After
TCGA-A7-A4SE-Tumor,88,Cycle,Base Substitution,5883199,11106.87,27.00,26.97,0.03,After
TCGA-A7-A4SE-Tumor,88,Cycle,Base Insertion,5866819,152.71,46.00,45.13,0.87,After
TCGA-A7-A4SE-Tumor,88,Cycle,Base Deletion,5866819,302.68,43.00,42.75,0.25,After
TCGA-A7-A4SE-Tumor,-88,Cycle,Base Substitution,5633642,10235.09,27.00,27.14,-0.14,After
TCGA-A7-A4SE-Tumor,-88,Cycle,Base Insertion,5616963,140.09,46.00,45.13,0.87,After
TCGA-A7-A4SE-Tumor,-88,Cycle,Base Deletion,5616963,275.60,43.00,42.73,0.27,After
TCGA-A7-A4SE-Tumor,89,Cycle,Base Substitution,5867141,10873.98,27.00,26.90,0.10,After
TCGA-A7-A4SE-Tumor,89,Cycle,Base Insertion,5849082,129.73,47.00,46.14,0.86,After
TCGA-A7-A4SE-Tumor,89,Cycle,Base Deletion,5849082,293.65,43.00,42.75,0.25,After
TCGA-A7-A4SE-Tumor,-89,Cycle,Base Substitution,5615416,10126.49,27.00,27.13,-0.13,After
TCGA-A7-A4SE-Tumor,-89,Cycle,Base Insertion,5597207,137.64,46.00,45.13,0.87,After
TCGA-A7-A4SE-Tumor,-89,Cycle,Base Deletion,5597207,265.59,43.00,42.73,0.27,After
TCGA-A7-A4SE-Tumor,90,Cycle,Base Substitution,5850318,10517.42,27.00,27.11,-0.11,After
TCGA-A7-A4SE-Tumor,90,Cycle,Base Insertion,5830355,125.95,47.00,46.14,0.86,After
TCGA-A7-A4SE-Tumor,90,Cycle,Base Deletion,5830355,270.34,43.00,42.76,0.24,After
TCGA-A7-A4SE-Tumor,-90,Cycle,Base Substitution,5595755,10033.93,27.00,27.13,-0.13,After
TCGA-A7-A4SE-Tumor,-90,Cycle,Base Insertion,5575685,122.87,47.00,46.13,0.87,After
TCGA-A7-A4SE-Tumor,-90,Cycle,Base Deletion,5575685,265.75,43.00,42.73,0.27,After
TCGA-A7-A4SE-Tumor,91,Cycle,Base Substitution,5829716,10245.07,28.00,27.18,0.82,After
TCGA-A7-A4SE-Tumor,91,Cycle,Base Insertion,5808108,113.90,47.00,46.13,0.87,After
TCGA-A7-A4SE-Tumor,91,Cycle,Base Deletion,5808108,248.16,44.00,42.75,1.25,After
TCGA-A7-A4SE-Tumor,-91,Cycle,Base Substitution,5573765,10003.92,27.00,27.18,-0.18,After
TCGA-A7-A4SE-Tumor,-91,Cycle,Base Insertion,5552187,115.89,47.00,46.13,0.87,After
TCGA-A7-A4SE-Tumor,-91,Cycle,Base Deletion,5552187,252.41,43.00,42.74,0.26,After
TCGA-A7-A4SE-Tumor,92,Cycle,Base Substitution,5808575,10328.52,28.00,27.08,0.92,After
TCGA-A7-A4SE-Tumor,92,Cycle,Base Insertion,5784041,100.86,47.00,46.13,0.87,After
TCGA-A7-A4SE-Tumor,92,Cycle,Base Deletion,5784041,237.59,44.00,42.75,1.25,After
TCGA-A7-A4SE-Tumor,-92,Cycle,Base Substitution,5549378,9832.11,28.00,27.19,0.81,After
TCGA-A7-A4SE-Tumor,-92,Cycle,Base Insertion,5524780,116.24,47.00,46.13,0.87,After
TCGA-A7-A4SE-Tumor,-92,Cycle,Base Deletion,5524780,223.36,44.00,42.73,1.27,After
TCGA-A7-A4SE-Tumor,93,Cycle,Base Substitution,5783423,10248.02,28.00,27.16,0.84,After
TCGA-A7-A4SE-Tumor,93,Cycle,Base Insertion,5756248,97.52,47.00,46.13,0.87,After
TCGA-A7-A4SE-Tumor,93,Cycle,Base Deletion,5756248,216.94,44.00,43.75,0.25,After
TCGA-A7-A4SE-Tumor,-93,Cycle,Base Substitution,5522658,9863.90,27.00,27.31,-0.31,After
TCGA-A7-A4SE-Tumor,-93,Cycle,Base Insertion,5495377,93.93,47.00,46.13,0.87,After
TCGA-A7-A4SE-Tumor,-93,Cycle,Base Deletion,5495377,208.28,44.00,43.73,0.27,After
TCGA-A7-A4SE-Tumor,94,Cycle,Base Substitution,5754495,10126.28,28.00,27.27,0.73,After
TCGA-A7-A4SE-Tumor,94,Cycle,Base Insertion,5724476,84.94,48.00,47.13,0.87,After
TCGA-A7-A4SE-Tumor,94,Cycle,Base Deletion,5724476,204.54,44.00,43.74,0.26,After
TCGA-A7-A4SE-Tumor,-94,Cycle,Base Substitution,5493509,9460.18,28.00,27.47,0.53,After
TCGA-A7-A4SE-Tumor,-94,Cycle,Base Insertion,5463353,86.26,48.00,46.12,1.88,After
TCGA-A7-A4SE-Tumor,-94,Cycle,Base Deletion,5463353,189.73,44.00,43.72,0.28,After
TCGA-A7-A4SE-Tumor,95,Cycle,Base Substitution,5723015,9759.56,28.00,27.42,0.58,After
TCGA-A7-A4SE-Tumor,95,Cycle,Base Insertion,5690716,79.94,48.00,47.13,0.87,After
TCGA-A7-A4SE-Tumor,95,Cycle,Base Deletion,5690716,177.15,45.00,43.75,1.25,After
TCGA-A7-A4SE-Tumor,-95,Cycle,Base Substitution,5459420,9201.59,28.00,27.44,0.56,After
TCGA-A7-A4SE-Tumor,-95,Cycle,Base Insertion,5427124,79.61,48.00,46.13,1.87,After
TCGA-A7-A4SE-Tumor,-95,Cycle,Base Deletion,5427124,182.38,45.00,43.73,1.27,After
TCGA-A7-A4SE-Tumor,96,Cycle,Base Substitution,5686318,9291.21,28.00,27.53,0.47,After
TCGA-A7-A4SE-Tumor,96,Cycle,Base Insertion,5654162,68.59,49.00,47.13,1.87,After
TCGA-A7-A4SE-Tumor,96,Cycle,Base Deletion,5654162,162.26,45.00,43.74,1.26,After
TCGA-A7-A4SE-Tumor,-96,Cycle,Base Substitution,5421450,8736.33,28.00,27.56,0.44,After
TCGA-A7-A4SE-Tumor,-96,Cycle,Base Insertion,5389501,76.61,48.00,47.12,0.88,After
TCGA-A7-A4SE-Tumor,-96,Cycle,Base Deletion,5389501,151.38,45.00,43.72,1.28,After
TCGA-A7-A4SE-Tumor,97,Cycle,Base Substitution,5645666,9435.90,28.00,27.88,0.12,After
TCGA-A7-A4SE-Tumor,-97,Cycle,Base Substitution,5378597,9078.40,28.00,27.83,0.17,After
TCGA-A7-A4SE-Tumor,98,Cycle,Base Substitution,5601054,10986.47,27.00,27.35,-0.35,After
TCGA-A7-A4SE-Tumor,-98,Cycle,Base Substitution,5331516,10739.83,27.00,27.36,-0.36,After
TCGA-A7-A4SE-Tumor,99,Cycle,Base Substitution,5556795,6359.97,29.00,29.43,-0.43,After
TCGA-A7-A4SE-Tumor,-99,Cycle,Base Substitution,5284600,6224.17,29.00,29.43,-0.43,After
TCGA-A7-A4SE-Tumor,100,Cycle,Base Substitution,5524647,5559.52,30.00,29.89,0.11,After
TCGA-A7-A4SE-Tumor,-100,Cycle,Base Substitution,5248808,5388.80,30.00,29.84,0.16,After
TCGA-A7-A4SE-Tumor,6,QualityScore,Base Substitution,23952,5840.08,6.00,6.00,0.00,After
TCGA-A7-A4SE-Tumor,7,QualityScore,Base Substitution,73878,12732.92,8.00,7.00,1.00,After
TCGA-A7-A4SE-Tumor,8,QualityScore,Base Substitution,329263,48661.53,8.00,8.00,0.00,After
TCGA-A7-A4SE-Tumor,9,QualityScore,Base Substitution,1327499,162161.33,9.00,9.00,0.00,After
TCGA-A7-A4SE-Tumor,10,QualityScore,Base Substitution,715477,71712.02,10.00,10.00,0.00,After
TCGA-A7-A4SE-Tumor,11,QualityScore,Base Substitution,636903,52107.77,11.00,11.00,0.00,After
TCGA-A7-A4SE-Tumor,12,QualityScore,Base Substitution,720613,44545.69,12.00,12.00,0.00,After
TCGA-A7-A4SE-Tumor,13,QualityScore,Base Substitution,850204,42192.38,13.00,13.00,0.00,After
TCGA-A7-A4SE-Tumor,14,QualityScore,Base Substitution,884177,35222.18,14.00,14.00,0.00,After
TCGA-A7-A4SE-Tumor,15,QualityScore,Base Substitution,814045,25272.79,15.00,15.00,0.00,After
TCGA-A7-A4SE-Tumor,16,QualityScore,Base Substitution,598581,14846.89,16.00,16.00,0.00,After
TCGA-A7-A4SE-Tumor,17,QualityScore,Base Substitution,304541,6029.86,17.00,17.00,0.00,After
TCGA-A7-A4SE-Tumor,18,QualityScore,Base Substitution,805558,13122.37,18.00,18.00,0.00,After
TCGA-A7-A4SE-Tumor,19,QualityScore,Base Substitution,1636977,19559.88,19.00,19.00,0.00,After
TCGA-A7-A4SE-Tumor,20,QualityScore,Base Substitution,2988746,28929.62,20.00,20.00,0.00,After
TCGA-A7-A4SE-Tumor,21,QualityScore,Base Substitution,4433150,32324.71,21.00,21.00,0.00,After
TCGA-A7-A4SE-Tumor,22,QualityScore,Base Substitution,14031826,76443.19,23.00,22.00,1.00,After
TCGA-A7-A4SE-Tumor,23,QualityScore,Base Substitution,13921652,66174.68,23.00,23.00,0.00,After
TCGA-A7-A4SE-Tumor,24,QualityScore,Base Substitution,10640176,40259.63,24.00,24.00,0.00,After
TCGA-A7-A4SE-Tumor,25,QualityScore,Base Substitution,12723920,38689.23,25.00,25.00,0.00,After
TCGA-A7-A4SE-Tumor,26,QualityScore,Base Substitution,37500725,84831.86,26.00,26.00,0.00,After
TCGA-A7-A4SE-Tumor,27,QualityScore,Base Substitution,132840727,253633.93,27.00,27.00,0.00,After
TCGA-A7-A4SE-Tumor,28,QualityScore,Base Substitution,268836145,419743.87,28.00,28.00,0.00,After
TCGA-A7-A4SE-Tumor,29,QualityScore,Base Substitution,314385512,378318.28,29.00,29.00,0.00,After
TCGA-A7-A4SE-Tumor,30,QualityScore,Base Substitution,263034362,272329.01,30.00,30.00,0.00,After
TCGA-A7-A4SE-Tumor,31,QualityScore,Base Substitution,97311549,89320.65,30.00,31.00,-1.00,After
TCGA-A7-A4SE-Tumor,32,QualityScore,Base Substitution,13394669,10514.88,31.00,32.00,-1.00,After
TCGA-A7-A4SE-Tumor,32,QualityScore,Base Deletion,12441661,7189.95,32.00,32.00,0.00,After
TCGA-A7-A4SE-Tumor,33,QualityScore,Base Substitution,103640,70.96,32.00,33.00,-1.00,After
TCGA-A7-A4SE-Tumor,33,QualityScore,Base Deletion,23289860,10221.14,34.00,33.00,1.00,After
TCGA-A7-A4SE-Tumor,34,QualityScore,Base Deletion,12710363,4284.19,35.00,34.00,1.00,After
TCGA-A7-A4SE-Tumor,35,QualityScore,Base Deletion,3952915,889.03,36.00,35.00,1.00,After
TCGA-A7-A4SE-Tumor,36,QualityScore,Base Deletion,1791928,250.24,38.00,36.00,2.00,After
TCGA-A7-A4SE-Tumor,37,QualityScore,Base Insertion,7888901,1884.07,36.00,37.00,-1.00,After
TCGA-A7-A4SE-Tumor,38,QualityScore,Base Insertion,22740523,3860.80,38.00,38.00,0.00,After
TCGA-A7-A4SE-Tumor,39,QualityScore,Base Insertion,17176854,2297.11,39.00,39.00,0.00,After
TCGA-A7-A4SE-Tumor,39,QualityScore,Base Deletion,9853557,1213.25,39.00,39.00,0.00,After
TCGA-A7-A4SE-Tumor,40,QualityScore,Base Insertion,11004432,1142.48,40.00,40.00,0.00,After
TCGA-A7-A4SE-Tumor,40,QualityScore,Base Deletion,67733936,6533.87,40.00,40.00,0.00,After
TCGA-A7-A4SE-Tumor,41,QualityScore,Base Insertion,21696061,1646.68,41.00,41.00,0.00,After
TCGA-A7-A4SE-Tumor,41,QualityScore,Base Deletion,121961466,8940.44,41.00,41.00,0.00,After
TCGA-A7-A4SE-Tumor,42,QualityScore,Base Insertion,47230457,2876.90,42.00,42.00,0.00,After
TCGA-A7-A4SE-Tumor,42,QualityScore,Base Deletion,205401820,10874.31,43.00,42.00,1.00,After
TCGA-A7-A4SE-Tumor,43,QualityScore,Base Insertion,123825732,6128.48,43.00,43.00,0.00,After
TCGA-A7-A4SE-Tumor,43,QualityScore,Base Deletion,272942175,12007.99,44.00,43.00,1.00,After
TCGA-A7-A4SE-Tumor,44,QualityScore,Base Insertion,249193885,9065.33,44.00,44.00,0.00,After
TCGA-A7-A4SE-Tumor,44,QualityScore,Base Deletion,263007352,9282.06,45.00,44.00,1.00,After
TCGA-A7-A4SE-Tumor,45,QualityScore,Base Insertion,297922638,8950.37,45.00,45.00,0.00,After
TCGA-A7-A4SE-Tumor,45,QualityScore,Base Deletion,136470654,3993.38,45.00,45.00,0.00,After
TCGA-A7-A4SE-Tumor,46,QualityScore,Base Insertion,228682856,5214.01,46.00,46.00,0.00,After
TCGA-A7-A4SE-Tumor,46,QualityScore,Base Deletion,47554683,1115.37,46.00,46.00,0.00,After
TCGA-A7-A4SE-Tumor,47,QualityScore,Base Insertion,120329033,2302.81,47.00,47.00,0.00,After
TCGA-A7-A4SE-Tumor,47,QualityScore,Base Deletion,15384933,292.90,47.00,47.00,0.00,After
TCGA-A7-A4SE-Tumor,48,QualityScore,Base Insertion,33541552,450.78,49.00,48.00,1.00,After
TCGA-A7-A4SE-Tumor,48,QualityScore,Base Deletion,1371164,20.57,48.00,48.00,0.00,After
TCGA-A7-A4SE-Tumor,49,QualityScore,Base Insertion,12081021,152.43,49.00,49.00,0.00,After
TCGA-A7-A4SE-Tumor,50,QualityScore,Base Insertion,2554522,37.12,49.00,50.00,-1.00,After
