ReadGroup,CovariateValue,CovariateName,EventType,Observations,Errors,EmpiricalQuality,AverageReportedQuality,Accuracy,Recalibration
TCGA-A7-A4SE-Tumor,AA,Context,Base Substitution,2805465,2756.26,30.00,29.33,0.67,Before
TCGA-A7-A4SE-Tumor,AAA,Context,Base Insertion,937675,175.63,40.00,45.00,-5.00,Before
TCGA-A7-A4SE-Tumor,AAA,Context,Base Deletion,937675,380.59,36.00,45.00,-9.00,Before
TCGA-A7-A4SE-Tumor,CA,Context,Base Substitution,3027823,3281.11,30.00,29.92,0.08,Before
TCGA-A7-A4SE-Tumor,CAA,Context,Base Insertion,638102,12.79,45.00,45.00,0.00,Before
TCGA-A7-A4SE-Tumor,CAA,Context,Base Deletion,638102,35.28,44.00,45.00,-1.00,Before
TCGA-A7-A4SE-Tumor,GA,Context,Base Substitution,2464666,5559.76,26.00,26.01,-0.01,Before
TCGA-A7-A4SE-Tumor,GAA,Context,Base Insertion,720338,28.30,45.00,45.00,0.00,Before
TCGA-A7-A4SE-Tumor,GAA,Context,Base Deletion,720338,45.71,44.00,45.00,-1.00,Before
TCGA-A7-A4SE-Tumor,TA,Context,Base Substitution,1635254,3554.33,27.00,26.97,0.03,Before
TCGA-A7-A4SE-Tumor,TAA,Context,Base Insertion,472347,9.20,45.00,45.00,0.00,Before
TCGA-A7-A4SE-Tumor,TAA,Context,Base Deletion,472347,20.84,45.00,45.00,0.00,Before
TCGA-A7-A4SE-Tumor,AC,Context,Base Substitution,2050320,1700.48,31.00,29.47,1.53,Before
TCGA-A7-A4SE-Tumor,ACA,Context,Base Insertion,712649,14.99,45.00,45.00,0.00,Before
TCGA-A7-A4SE-Tumor,ACA,Context,Base Deletion,712649,55.44,44.00,45.00,-1.00,Before
TCGA-A7-A4SE-Tumor,CC,Context,Base Substitution,2920233,2198.62,31.00,29.94,1.06,Before
TCGA-A7-A4SE-Tumor,CCA,Context,Base Insertion,894562,57.94,44.00,45.00,-1.00,Before
TCGA-A7-A4SE-Tumor,CCA,Context,Base Deletion,894562,32.02,45.00,45.00,0.00,Before
TCGA-A7-A4SE-Tumor,GC,Context,Base Substitution,2297750,3689.99,28.00,27.06,0.94,Before
TCGA-A7-A4SE-Tumor,GCA,Context,Base Insertion,675024,4.53,46.00,45.00,1.00,Before
TCGA-A7-A4SE-Tumor,GCA,Context,Base Deletion,675024,13.23,45.00,45.00,0.00,Before
TCGA-A7-A4SE-Tumor,TC,Context,Base Substitution,2506644,1346.09,33.00,31.17,1.83,Before
TCGA-A7-A4SE-Tumor,TCA,Context,Base Insertion,708021,23.39,45.00,45.00,0.00,Before
TCGA-A7-A4SE-Tumor,TCA,Context,Base Deletion,708021,22.53,45.00,45.00,0.00,Before
TCGA-A7-A4SE-Tumor,AG,Context,Base Substitution,2991336,1655.13,33.00,31.30,1.70,Before
TCGA-A7-A4SE-Tumor,AGA,Context,Base Insertion,808813,13.44,46.00,45.00,1.00,Before
TCGA-A7-A4SE-Tumor,AGA,Context,Base Deletion,808813,47.30,44.00,45.00,-1.00,Before
TCGA-A7-A4SE-Tumor,CG,Context,Base Substitution,810660,1364.74,28.00,25.07,2.93,Before
TCGA-A7-A4SE-Tumor,CGA,Context,Base Insertion,166033,3.18,45.00,45.00,0.00,Before
TCGA-A7-A4SE-Tumor,CGA,Context,Base Deletion,166033,8.27,45.00,45.00,0.00,Before
TCGA-A7-A4SE-Tumor,GG,Context,Base Substitution,2828759,3281.21,29.00,28.66,0.34,Before
TCGA-A7-A4SE-Tumor,GGA,Context,Base Insertion,766490,28.84,45.00,45.00,0.00,Before
TCGA-A7-A4SE-Tumor,GGA,Context,Base Deletion,766490,36.48,44.00,45.00,-1.00,Before
TCGA-A7-A4SE-Tumor,TG,Context,Base Substitution,3004080,1559.82,33.00,31.54,1.46,Before
TCGA-A7-A4SE-Tumor,TGA,Context,Base Insertion,702563,19.34,45.00,45.00,0.00,Before
TCGA-A7-A4SE-Tumor,TGA,Context,Base Deletion,702563,14.42,45.00,45.00,0.00,Before
TCGA-A7-A4SE-Tumor,AT,Context,Base Substitution,2095073,2120.80,30.00,29.89,0.11,Before
TCGA-A7-A4SE-Tumor,ATA,Context,Base Insertion,414734,7.90,45.00,45.00,0.00,Before
TCGA-A7-A4SE-Tumor,ATA,Context,Base Deletion,414734,19.23,45.00,45.00,0.00,Before
TCGA-A7-A4SE-Tumor,CT,Context,Base Substitution,3028805,2057.39,32.00,31.75,0.25,Before
TCGA-A7-A4SE-Tumor,CTA,Context,Base Insertion,364857,5.91,45.00,45.00,0.00,Before
TCGA-A7-A4SE-Tumor,CTA,Context,Base Deletion,364857,80.86,42.00,45.00,-3.00,Before
TCGA-A7-A4SE-Tumor,GT,Context,Base Substitution,2010709,2170.60,30.00,29.72,0.28,Before
TCGA-A7-A4SE-Tumor,GTA,Context,Base Insertion,353278,5.15,45.00,45.00,0.00,Before
TCGA-A7-A4SE-Tumor,GTA,Context,Base Deletion,353278,5.78,45.00,45.00,0.00,Before
TCGA-A7-A4SE-Tumor,TT,Context,Base Substitution,2813754,3159.35,30.00,29.48,0.52,Before
TCGA-A7-A4SE-Tumor,TTA,Context,Base Insertion,479360,34.19,44.00,45.00,-1.00,Before
TCGA-A7-A4SE-Tumor,TTA,Context,Base Deletion,479360,19.39,45.00,45.00,0.00,Before
TCGA-A7-A4SE-Tumor,AAC,Context,Base Insertion,510845,11.46,45.00,45.00,0.00,Before
TCGA-A7-A4SE-Tumor,AAC,Context,Base Deletion,510845,24.47,45.00,45.00,0.00,Before
TCGA-A7-A4SE-Tumor,CAC,Context,Base Insertion,693055,9.86,45.00,45.00,0.00,Before
TCGA-A7-A4SE-Tumor,CAC,Context,Base Deletion,693055,45.42,44.00,45.00,-1.00,Before
TCGA-A7-A4SE-Tumor,GAC,Context,Base Insertion,460352,11.31,45.00,45.00,0.00,Before
TCGA-A7-A4SE-Tumor,GAC,Context,Base Deletion,460352,16.35,45.00,45.00,0.00,Before
TCGA-A7-A4SE-Tumor,TAC,Context,Base Insertion,370921,11.87,45.00,45.00,0.00,Before
TCGA-A7-A4SE-Tumor,TAC,Context,Base Deletion,370921,33.16,44.00,45.00,-1.00,Before
TCGA-A7-A4SE-Tumor,ACC,Context,Base Insertion,576332,11.89,45.00,45.00,0.00,Before
TCGA-A7-A4SE-Tumor,ACC,Context,Base Deletion,576332,19.57,45.00,45.00,0.00,Before
TCGA-A7-A4SE-Tumor,CCC,Context,Base Insertion,824728,20.75,45.00,45.00,0.00,Before
TCGA-A7-A4SE-Tumor,CCC,Context,Base Deletion,824728,29.45,45.00,45.00,0.00,Before
TCGA-A7-A4SE-Tumor,GCC,Context,Base Insertion,699854,11.91,45.00,45.00,0.00,Before
TCGA-A7-A4SE-Tumor,GCC,Context,Base Deletion,699854,8.13,46.00,45.00,1.00,Before
TCGA-A7-A4SE-Tumor,TCC,Context,Base Insertion,787124,11.81,46.00,45.00,1.00,Before
TCGA-A7-A4SE-Tumor,TCC,Context,Base Deletion,787124,19.34,45.00,45.00,0.00,Before
TCGA-A7-A4SE-Tumor,AGC,Context,Base Insertion,709071,21.48,45.00,45.00,0.00,Before
TCGA-A7-A4SE-Tumor,AGC,Context,Base Deletion,709071,14.22,45.00,45.00,0.00,Before
TCGA-A7-A4SE-Tumor,CGC,Context,Base Insertion,201981,2.30,45.00,45.00,0.00,Before
TCGA-A7-A4SE-Tumor,CGC,Context,Base Deletion,201981,2.82,45.00,45.00,0.00,Before
TCGA-A7-A4SE-Tumor,GGC,Context,Base Insertion,695583,18.72,45.00,45.00,0.00,Before
TCGA-A7-A4SE-Tumor,GGC,Context,Base Deletion,695583,12.89,45.00,45.00,0.00,Before
TCGA-A7-A4SE-Tumor,TGC,Context,Base Insertion,679411,11.00,45.00,45.00,0.00,Before
TCGA-A7-A4SE-Tumor,TGC,Context,Base Deletion,679411,31.17,45.00,45.00,0.00,Before
TCGA-A7-A4SE-Tumor,ATC,Context,Base Insertion,468590,27.74,44.00,45.00,-1.00,Before
TCGA-A7-A4SE-Tumor,ATC,Context,Base Deletion,468590,5.06,45.00,45.00,0.00,Before
TCGA-A7-A4SE-Tumor,CTC,Context,Base Insertion,823302,40.80,44.00,45.00,-1.00,Before
TCGA-A7-A4SE-Tumor,CTC,Context,Base Deletion,823302,37.26,44.00,45.00,-1.00,Before
TCGA-A7-A4SE-Tumor,GTC,Context,Base Insertion,459315,8.22,45.00,45.00,0.00,Before
TCGA-A7-A4SE-Tumor,GTC,Context,Base Deletion,459315,8.13,45.00,45.00,0.00,Before
TCGA-A7-A4SE-Tumor,TTC,Context,Base Insertion,731587,28.51,45.00,45.00,0.00,Before
TCGA-A7-A4SE-Tumor,TTC,Context,Base Deletion,731587,57.67,43.00,45.00,-2.00,Before
TCGA-A7-A4SE-Tumor,AAG,Context,Base Insertion,762092,45.23,44.00,45.00,-1.00,Before
TCGA-A7-A4SE-Tumor,AAG,Context,Base Deletion,762092,55.75,44.00,45.00,-1.00,Before
TCGA-A7-A4SE-Tumor,CAG,Context,Base Insertion,1038581,9.02,46.00,45.00,1.00,Before
TCGA-A7-A4SE-Tumor,CAG,Context,Base Deletion,1038581,17.29,46.00,45.00,1.00,Before
TCGA-A7-A4SE-Tumor,GAG,Context,Base Insertion,789505,6.22,46.00,45.00,1.00,Before
TCGA-A7-A4SE-Tumor,GAG,Context,Base Deletion,789505,19.43,45.00,45.00,0.00,Before
TCGA-A7-A4SE-Tumor,TAG,Context,Base Insertion,362379,7.42,45.00,45.00,0.00,Before
TCGA-A7-A4SE-Tumor,TAG,Context,Base Deletion,362379,37.42,44.00,45.00,-1.00,Before
TCGA-A7-A4SE-Tumor,ACG,Context,Base Insertion,175016,3.25,45.00,45.00,0.00,Before
TCGA-A7-A4SE-Tumor,ACG,Context,Base Deletion,175016,8.27,45.00,45.00,0.00,Before
TCGA-A7-A4SE-Tumor,CCG,Context,Base Insertion,262587,5.79,45.00,45.00,0.00,Before
TCGA-A7-A4SE-Tumor,CCG,Context,Base Deletion,262587,2.96,45.00,45.00,0.00,Before
TCGA-A7-A4SE-Tumor,GCG,Context,Base Insertion,198633,1.90,45.00,45.00,0.00,Before
TCGA-A7-A4SE-Tumor,GCG,Context,Base Deletion,198633,11.49,45.00,45.00,0.00,Before
TCGA-A7-A4SE-Tumor,TCG,Context,Base Insertion,162684,3.43,45.00,45.00,0.00,Before
TCGA-A7-A4SE-Tumor,TCG,Context,Base Deletion,162684,7.87,45.00,45.00,0.00,Before
TCGA-A7-A4SE-Tumor,AGG,Context,Base Insertion,882561,41.90,44.00,45.00,-1.00,Before
TCGA-A7-A4SE-Tumor,AGG,Context,Base Deletion,882561,11.52,46.00,45.00,1.00,Before
TCGA-A7-A4SE-Tumor,CGG,Context,Base Insertion,260744,1.70,45.00,45.00,0.00,Before
TCGA-A7-A4SE-Tumor,CGG,Context,Base Deletion,260744,5.19,45.00,45.00,0.00,Before
TCGA-A7-A4SE-Tumor,GGG,Context,Base Insertion,791492,21.22,45.00,45.00,0.00,Before
TCGA-A7-A4SE-Tumor,GGG,Context,Base Deletion,791492,54.35,44.00,45.00,-1.00,Before
TCGA-A7-A4SE-Tumor,TGG,Context,Base Insertion,871607,72.84,43.00,45.00,-2.00,Before
TCGA-A7-A4SE-Tumor,TGG,Context,Base Deletion,871607,25.77,45.00,45.00,0.00,Before
TCGA-A7-A4SE-Tumor,ATG,Context,Base Insertion,623595,36.32,44.00,45.00,-1.00,Before
TCGA-A7-A4SE-Tumor,ATG,Context,Base Deletion,623595,10.02,45.00,45.00,0.00,Before
TCGA-A7-A4SE-Tumor,CTG,Context,Base Insertion,1034529,14.30,46.00,45.00,1.00,Before
TCGA-A7-A4SE-Tumor,CTG,Context,Base Deletion,1034529,27.44,45.00,45.00,0.00,Before
TCGA-A7-A4SE-Tumor,GTG,Context,Base Insertion,673411,19.58,45.00,45.00,0.00,Before
TCGA-A7-A4SE-Tumor,GTG,Context,Base Deletion,673411,40.90,44.00,45.00,-1.00,Before
TCGA-A7-A4SE-Tumor,TTG,Context,Base Insertion,633187,14.02,45.00,45.00,0.00,Before
TCGA-A7-A4SE-Tumor,TTG,Context,Base Deletion,633187,29.29,45.00,45.00,0.00,Before
TCGA-A7-A4SE-Tumor,AAT,Context,Base Insertion,564002,13.22,45.00,45.00,0.00,Before
TCGA-A7-A4SE-Tumor,AAT,Context,Base Deletion,564002,28.85,44.00,45.00,-1.00,Before
TCGA-A7-A4SE-Tumor,CAT,Context,Base Insertion,626188,8.87,45.00,45.00,0.00,Before
TCGA-A7-A4SE-Tumor,CAT,Context,Base Deletion,626188,13.79,45.00,45.00,0.00,Before
TCGA-A7-A4SE-Tumor,GAT,Context,Base Insertion,469403,12.23,45.00,45.00,0.00,Before
TCGA-A7-A4SE-Tumor,GAT,Context,Base Deletion,469403,11.77,45.00,45.00,0.00,Before
TCGA-A7-A4SE-Tumor,TAT,Context,Base Insertion,412436,27.94,44.00,45.00,-1.00,Before
TCGA-A7-A4SE-Tumor,TAT,Context,Base Deletion,412436,11.86,45.00,45.00,0.00,Before
TCGA-A7-A4SE-Tumor,ACT,Context,Base Insertion,564404,28.64,44.00,45.00,-1.00,Before
TCGA-A7-A4SE-Tumor,ACT,Context,Base Deletion,564404,70.56,43.00,45.00,-2.00,Before
TCGA-A7-A4SE-Tumor,CCT,Context,Base Insertion,906993,8.12,46.00,45.00,1.00,Before
TCGA-A7-A4SE-Tumor,CCT,Context,Base Deletion,906993,29.63,45.00,45.00,0.00,Before
TCGA-A7-A4SE-Tumor,GCT,Context,Base Insertion,701290,1.26,46.00,45.00,1.00,Before
TCGA-A7-A4SE-Tumor,GCT,Context,Base Deletion,701290,28.36,45.00,45.00,0.00,Before
TCGA-A7-A4SE-Tumor,TCT,Context,Base Insertion,822043,15.33,45.00,45.00,0.00,Before
TCGA-A7-A4SE-Tumor,TCT,Context,Base Deletion,822043,56.77,44.00,45.00,-1.00,Before
TCGA-A7-A4SE-Tumor,AGT,Context,Base Insertion,553295,10.07,45.00,45.00,0.00,Before
TCGA-A7-A4SE-Tumor,AGT,Context,Base Deletion,553295,35.43,44.00,45.00,-1.00,Before
TCGA-A7-A4SE-Tumor,CGT,Context,Base Insertion,181072,2.69,45.00,45.00,0.00,Before
TCGA-A7-A4SE-Tumor,CGT,Context,Base Deletion,181072,9.27,45.00,45.00,0.00,Before
TCGA-A7-A4SE-Tumor,GGT,Context,Base Insertion,547792,18.09,45.00,45.00,0.00,Before
TCGA-A7-A4SE-Tumor,GGT,Context,Base Deletion,547792,23.33,45.00,45.00,0.00,Before
TCGA-A7-A4SE-Tumor,TGT,Context,Base Insertion,713411,9.72,46.00,45.00,1.00,Before
TCGA-A7-A4SE-Tumor,TGT,Context,Base Deletion,713411,47.19,44.00,45.00,-1.00,Before
TCGA-A7-A4SE-Tumor,ATT,Context,Base Insertion,569333,49.12,44.00,45.00,-1.00,Before
TCGA-A7-A4SE-Tumor,ATT,Context,Base Deletion,569333,23.63,45.00,45.00,0.00,Before
TCGA-A7-A4SE-Tumor,CTT,Context,Base Insertion,774010,16.37,45.00,45.00,0.00,Before
TCGA-A7-A4SE-Tumor,CTT,Context,Base Deletion,774010,85.11,43.00,45.00,-2.00,Before
TCGA-A7-A4SE-Tumor,GTT,Context,Base Insertion,507651,19.53,45.00,45.00,0.00,Before
TCGA-A7-A4SE-Tumor,GTT,Context,Base Deletion,507651,29.74,44.00,45.00,-1.00,Before
TCGA-A7-A4SE-Tumor,TTT,Context,Base Insertion,939517,77.81,43.00,45.00,-2.00,Before
TCGA-A7-A4SE-Tumor,TTT,Context,Base Deletion,939517,328.65,37.00,45.00,-8.00,Before
TCGA-A7-A4SE-Tumor,1,Cycle,Base Substitution,204175,241.55,29.00,28.68,0.32,Before
TCGA-A7-A4SE-Tumor,-1,Cycle,Base Substitution,203200,352.16,28.00,27.27,0.73,Before
TCGA-A7-A4SE-Tumor,2,Cycle,Base Substitution,204913,178.70,30.00,29.86,0.14,Before
TCGA-A7-A4SE-Tumor,-2,Cycle,Base Substitution,203118,350.63,28.00,27.17,0.83,Before
TCGA-A7-A4SE-Tumor,3,Cycle,Base Substitution,204939,244.27,29.00,27.93,1.07,Before
TCGA-A7-A4SE-Tumor,-3,Cycle,Base Substitution,203045,448.62,26.00,25.63,0.37,Before
TCGA-A7-A4SE-Tumor,4,Cycle,Base Substitution,204971,187.76,30.00,30.60,-0.60,Before
TCGA-A7-A4SE-Tumor,-4,Cycle,Base Substitution,203188,322.95,28.00,25.28,2.72,Before
TCGA-A7-A4SE-Tumor,5,Cycle,Base Substitution,204902,139.29,31.00,30.99,0.01,Before
TCGA-A7-A4SE-Tumor,5,Cycle,Base Insertion,204902,5.33,45.00,45.00,0.00,Before
TCGA-A7-A4SE-Tumor,5,Cycle,Base Deletion,204902,4.64,45.00,45.00,0.00,Before
TCGA-A7-A4SE-Tumor,-5,Cycle,Base Substitution,202967,270.24,29.00,28.38,0.62,Before
TCGA-A7-A4SE-Tumor,-5,Cycle,Base Insertion,202967,3.80,45.00,45.00,0.00,Before
TCGA-A7-A4SE-Tumor,-5,Cycle,Base Deletion,202967,4.23,45.00,45.00,0.00,Before
TCGA-A7-A4SE-Tumor,6,Cycle,Base Substitution,204901,132.18,32.00,31.01,0.99,Before
TCGA-A7-A4SE-Tumor,6,Cycle,Base Insertion,204901,4.95,45.00,45.00,0.00,Before
TCGA-A7-A4SE-Tumor,6,Cycle,Base Deletion,204901,6.72,45.00,45.00,0.00,Before
TCGA-A7-A4SE-Tumor,-6,Cycle,Base Substitution,202901,234.03,29.00,28.93,0.07,Before
TCGA-A7-A4SE-Tumor,-6,Cycle,Base Insertion,202901,4.58,45.00,45.00,0.00,Before
TCGA-A7-A4SE-Tumor,-6,Cycle,Base Deletion,202901,6.76,45.00,45.00,0.00,Before
TCGA-A7-A4SE-Tumor,7,Cycle,Base Substitution,204894,159.58,31.00,31.35,-0.35,Before
TCGA-A7-A4SE-Tumor,7,Cycle,Base Insertion,204894,7.28,45.00,45.00,0.00,Before
TCGA-A7-A4SE-Tumor,7,Cycle,Base Deletion,204894,5.21,45.00,45.00,0.00,Before
TCGA-A7-A4SE-Tumor,-7,Cycle,Base Substitution,202837,258.97,29.00,28.62,0.38,Before
TCGA-A7-A4SE-Tumor,-7,Cycle,Base Insertion,202837,10.95,45.00,45.00,0.00,Before
TCGA-A7-A4SE-Tumor,-7,Cycle,Base Deletion,202837,9.03,45.00,45.00,0.00,Before
TCGA-A7-A4SE-Tumor,8,Cycle,Base Substitution,204859,203.92,30.00,29.90,0.10,Before
TCGA-A7-A4SE-Tumor,8,Cycle,Base Insertion,204859,7.00,45.00,45.00,0.00,Before
TCGA-A7-A4SE-Tumor,8,Cycle,Base Deletion,204859,7.26,45.00,45.00,0.00,Before
TCGA-A7-A4SE-Tumor,-8,Cycle,Base Substitution,202787,224.82,29.00,28.57,0.43,Before
TCGA-A7-A4SE-Tumor,-8,Cycle,Base Insertion,202787,7.86,45.00,45.00,0.00,Before
TCGA-A7-A4SE-Tumor,-8,Cycle,Base Deletion,202787,7.79,45.00,45.00,0.00,Before
TCGA-A7-A4SE-Tumor,9,Cycle,Base Substitution,204942,151.84,31.00,31.30,-0.30,Before
TCGA-A7-A4SE-Tumor,9,Cycle,Base Insertion,204942,5.61,45.00,45.00,0.00,Before
TCGA-A7-A4SE-Tumor,9,Cycle,Base Deletion,204942,7.06,45.00,45.00,0.00,Before
TCGA-A7-A4SE-Tumor,-9,Cycle,Base Substitution,202679,223.10,29.00,29.00,0.00,Before
TCGA-A7-A4SE-Tumor,-9,Cycle,Base Insertion,202679,6.93,45.00,45.00,0.00,Before
TCGA-A7-A4SE-Tumor,-9,Cycle,Base Deletion,202679,10.10,45.00,45.00,0.00,Before
TCGA-A7-A4SE-Tumor,10,Cycle,Base Substitution,204929,143.11,31.00,30.94,0.06,Before
TCGA-A7-A4SE-Tumor,10,Cycle,Base Insertion,204929,5.99,45.00,45.00,0.00,Before
TCGA-A7-A4SE-Tumor,10,Cycle,Base Deletion,204929,9.23,45.00,45.00,0.00,Before
TCGA-A7-A4SE-Tumor,-10,Cycle,Base Substitution,202619,241.90,29.00,28.82,0.18,Before
TCGA-A7-A4SE-Tumor,-10,Cycle,Base Insertion,202619,8.47,45.00,45.00,0.00,Before
TCGA-A7-A4SE-Tumor,-10,Cycle,Base Deletion,202619,8.84,45.00,45.00,0.00,Before
TCGA-A7-A4SE-Tumor,11,Cycle,Base Substitution,204880,165.35,31.00,30.41,0.59,Before
TCGA-A7-A4SE-Tumor,11,Cycle,Base Insertion,204880,5.62,45.00,45.00,0.00,Before
TCGA-A7-A4SE-Tumor,11,Cycle,Base Deletion,204880,11.69,45.00,45.00,0.00,Before
TCGA-A7-A4SE-Tumor,-11,Cycle,Base Substitution,202551,228.10,29.00,28.43,0.57,Before
TCGA-A7-A4SE-Tumor,-11,Cycle,Base Insertion,202551,7.30,45.00,45.00,0.00,Before
TCGA-A7-A4SE-Tumor,-11,Cycle,Base Deletion,202551,10.15,45.00,45.00,0.00,Before
TCGA-A7-A4SE-Tumor,12,Cycle,Base Substitution,204913,181.88,31.00,30.57,0.43,Before
TCGA-A7-A4SE-Tumor,12,Cycle,Base Insertion,204913,8.53,45.00,45.00,0.00,Before
TCGA-A7-A4SE-Tumor,12,Cycle,Base Deletion,204913,11.79,45.00,45.00,0.00,Before
TCGA-A7-A4SE-Tumor,-12,Cycle,Base Substitution,202467,265.99,29.00,28.44,0.56,Before
TCGA-A7-A4SE-Tumor,-12,Cycle,Base Insertion,202467,6.44,45.00,45.00,0.00,Before
TCGA-A7-A4SE-Tumor,-12,Cycle,Base Deletion,202467,10.37,45.00,45.00,0.00,Before
TCGA-A7-A4SE-Tumor,13,Cycle,Base Substitution,204854,189.96,30.00,30.04,-0.04,Before
TCGA-A7-A4SE-Tumor,13,Cycle,Base Insertion,204854,5.81,45.00,45.00,0.00,Before
TCGA-A7-A4SE-Tumor,13,Cycle,Base Deletion,204854,11.41,45.00,45.00,0.00,Before
TCGA-A7-A4SE-Tumor,-13,Cycle,Base Substitution,202361,243.00,29.00,28.85,0.15,Before
TCGA-A7-A4SE-Tumor,-13,Cycle,Base Insertion,202361,6.56,45.00,45.00,0.00,Before
TCGA-A7-A4SE-Tumor,-13,Cycle,Base Deletion,202361,11.66,45.00,45.00,0.00,Before
TCGA-A7-A4SE-Tumor,14,Cycle,Base Substitution,204913,168.97,31.00,30.82,0.18,Before
TCGA-A7-A4SE-Tumor,14,Cycle,Base Insertion,204913,6.00,45.00,45.00,0.00,Before
TCGA-A7-A4SE-Tumor,14,Cycle,Base Deletion,204913,10.43,45.00,45.00,0.00,Before
TCGA-A7-A4SE-Tumor,-14,Cycle,Base Substitution,202360,233.94,29.00,28.84,0.16,Before
TCGA-A7-A4SE-Tumor,-14,Cycle,Base Insertion,202360,10.03,45.00,45.00,0.00,Before
TCGA-A7-A4SE-Tumor,-14,Cycle,Base Deletion,202360,12.45,45.00,45.00,0.00,Before
TCGA-A7-A4SE-Tumor,15,Cycle,Base Substitution,204924,150.85,31.00,30.30,0.70,Before
TCGA-A7-A4SE-Tumor,15,Cycle,Base Insertion,204924,12.06,45.00,45.00,0.00,Before
TCGA-A7-A4SE-Tumor,15,Cycle,Base Deletion,204924,9.53,45.00,45.00,0.00,Before
TCGA-A7-A4SE-Tumor,-15,Cycle,Base Substitution,202262,242.22,29.00,28.36,0.64,Before
TCGA-A7-A4SE-Tumor,-15,Cycle,Base Insertion,202262,11.50,45.00,45.00,0.00,Before
TCGA-A7-A4SE-Tumor,-15,Cycle,Base Deletion,202262,14.84,44.00,45.00,-1.00,Before
TCGA-A7-A4SE-Tumor,16,Cycle,Base Substitution,204872,157.20,31.00,30.34,0.66,Before
TCGA-A7-A4SE-Tumor,16,Cycle,Base Insertion,204870,8.40,45.00,45.00,0.00,Before
TCGA-A7-A4SE-Tumor,16,Cycle,Base Deletion,204870,10.62,45.00,45.00,0.00,Before
TCGA-A7-A4SE-Tumor,-16,Cycle,Base Substitution,202170,247.10,29.00,28.68,0.32,Before
TCGA-A7-A4SE-Tumor,-16,Cycle,Base Insertion,202168,7.97,45.00,45.00,0.00,Before
TCGA-A7-A4SE-Tumor,-16,Cycle,Base Deletion,202168,14.42,45.00,45.00,0.00,Before
TCGA-A7-A4SE-Tumor,17,Cycle,Base Substitution,204860,156.59,31.00,29.99,1.01,Before
TCGA-A7-A4SE-Tumor,17,Cycle,Base Insertion,204856,8.23,45.00,45.00,0.00,Before
TCGA-A7-A4SE-Tumor,17,Cycle,Base Deletion,204856,10.32,45.00,45.00,0.00,Before
TCGA-A7-A4SE-Tumor,-17,Cycle,Base Substitution,202066,237.95,29.00,28.49,0.51,Before
TCGA-A7-A4SE-Tumor,-17,Cycle,Base Insertion,202064,9.03,45.00,45.00,0.00,Before
TCGA-A7-A4SE-Tumor,-17,Cycle,Base Deletion,202064,14.94,44.00,45.00,-1.00,Before
TCGA-A7-A4SE-Tumor,18,Cycle,Base Substitution,204866,141.09,31.00,30.26,0.74,Before
TCGA-A7-A4SE-Tumor,18,Cycle,Base Insertion,204860,10.73,45.00,45.00,0.00,Before
TCGA-A7-A4SE-Tumor,18,Cycle,Base Deletion,204860,13.04,45.00,45.00,0.00,Before
TCGA-A7-A4SE-Tumor,-18,Cycle,Base Substitution,201993,252.59,29.00,28.43,0.57,Before
TCGA-A7-A4SE-Tumor,-18,Cycle,Base Insertion,201991,7.20,45.00,45.00,0.00,Before
TCGA-A7-A4SE-Tumor,-18,Cycle,Base Deletion,201991,15.40,44.00,45.00,-1.00,Before
TCGA-A7-A4SE-Tumor,19,Cycle,Base Substitution,204873,126.73,32.00,30.40,1.60,Before
TCGA-A7-A4SE-Tumor,19,Cycle,Base Insertion,204866,9.17,45.00,45.00,0.00,Before
TCGA-A7-A4SE-Tumor,19,Cycle,Base Deletion,204866,11.30,45.00,45.00,0.00,Before
TCGA-A7-A4SE-Tumor,-19,Cycle,Base Substitution,201928,199.57,30.00,28.46,1.54,Before
TCGA-A7-A4SE-Tumor,-19,Cycle,Base Insertion,201923,7.35,45.00,45.00,0.00,Before
TCGA-A7-A4SE-Tumor,-19,Cycle,Base Deletion,201923,14.95,44.00,45.00,-1.00,Before
TCGA-A7-A4SE-Tumor,20,Cycle,Base Substitution,204847,159.49,31.00,30.09,0.91,Before
TCGA-A7-A4SE-Tumor,20,Cycle,Base Insertion,204839,9.72,45.00,45.00,0.00,Before
TCGA-A7-A4SE-Tumor,20,Cycle,Base Deletion,204839,12.14,45.00,45.00,0.00,Before
TCGA-A7-A4SE-Tumor,-20,Cycle,Base Substitution,201791,252.15,29.00,28.35,0.65,Before
TCGA-A7-A4SE-Tumor,-20,Cycle,Base Insertion,201783,10.11,45.00,45.00,0.00,Before
TCGA-A7-A4SE-Tumor,-20,Cycle,Base Deletion,201783,15.42,44.00,45.00,-1.00,Before
TCGA-A7-A4SE-Tumor,21,Cycle,Base Substitution,204838,147.33,31.00,29.87,1.13,Before
TCGA-A7-A4SE-Tumor,21,Cycle,Base Insertion,204832,6.75,45.00,45.00,0.00,Before
TCGA-A7-A4SE-Tumor,21,Cycle,Base Deletion,204832,11.68,45.00,45.00,0.00,Before
TCGA-A7-A4SE-Tumor,-21,Cycle,Base Substitution,201821,238.61,29.00,28.34,0.66,Before
TCGA-A7-A4SE-Tumor,-21,Cycle,Base Insertion,201811,8.56,45.00,45.00,0.00,Before
TCGA-A7-A4SE-Tumor,-21,Cycle,Base Deletion,201811,15.33,44.00,45.00,-1.00,Before
TCGA-A7-A4SE-Tumor,22,Cycle,Base Substitution,204788,158.12,31.00,30.22,0.78,Before
TCGA-A7-A4SE-Tumor,22,Cycle,Base Insertion,204780,6.37,45.00,45.00,0.00,Before
TCGA-A7-A4SE-Tumor,22,Cycle,Base Deletion,204780,13.79,45.00,45.00,0.00,Before
TCGA-A7-A4SE-Tumor,-22,Cycle,Base Substitution,201727,245.48,29.00,28.54,0.46,Before
TCGA-A7-A4SE-Tumor,-22,Cycle,Base Insertion,201710,6.32,45.00,45.00,0.00,Before
TCGA-A7-A4SE-Tumor,-22,Cycle,Base Deletion,201710,15.33,44.00,45.00,-1.00,Before
TCGA-A7-A4SE-Tumor,23,Cycle,Base Substitution,204736,164.63,31.00,29.67,1.33,Before
TCGA-A7-A4SE-Tumor,23,Cycle,Base Insertion,204725,9.67,45.00,45.00,0.00,Before
TCGA-A7-A4SE-Tumor,23,Cycle,Base Deletion,204725,14.04,45.00,45.00,0.00,Before
TCGA-A7-A4SE-Tumor,-23,Cycle,Base Substitution,201583,241.57,29.00,28.22,0.78,Before
TCGA-A7-A4SE-Tumor,-23,Cycle,Base Insertion,201566,6.98,45.00,45.00,0.00,Before
TCGA-A7-A4SE-Tumor,-23,Cycle,Base Deletion,201566,15.29,44.00,45.00,-1.00,Before
TCGA-A7-A4SE-Tumor,24,Cycle,Base Substitution,204795,187.13,30.00,29.99,0.01,Before
TCGA-A7-A4SE-Tumor,24,Cycle,Base Insertion,204782,9.63,45.00,45.00,0.00,Before
TCGA-A7-A4SE-Tumor,24,Cycle,Base Deletion,204782,13.74,45.00,45.00,0.00,Before
TCGA-A7-A4SE-Tumor,-24,Cycle,Base Substitution,201513,209.39,30.00,28.52,1.48,Before
TCGA-A7-A4SE-Tumor,-24,Cycle,Base Insertion,201496,7.91,45.00,45.00,0.00,Before
TCGA-A7-A4SE-Tumor,-24,Cycle,Base Deletion,201496,15.24,44.00,45.00,-1.00,Before
TCGA-A7-A4SE-Tumor,25,Cycle,Base Substitution,204736,176.38,30.00,29.56,0.44,Before
TCGA-A7-A4SE-Tumor,25,Cycle,Base Insertion,204725,8.97,45.00,45.00,0.00,Before
TCGA-A7-A4SE-Tumor,25,Cycle,Base Deletion,204725,14.73,44.00,45.00,-1.00,Before
TCGA-A7-A4SE-Tumor,-25,Cycle,Base Substitution,201426,219.70,29.00,28.52,0.48,Before
TCGA-A7-A4SE-Tumor,-25,Cycle,Base Insertion,201408,5.67,45.00,45.00,0.00,Before
TCGA-A7-A4SE-Tumor,-25,Cycle,Base Deletion,201408,17.77,44.00,45.00,-1.00,Before
TCGA-A7-A4SE-Tumor,26,Cycle,Base Substitution,204680,175.48,30.00,29.34,0.66,Before
TCGA-A7-A4SE-Tumor,26,Cycle,Base Insertion,204672,8.98,45.00,45.00,0.00,Before
TCGA-A7-A4SE-Tumor,26,Cycle,Base Deletion,204672,13.32,45.00,45.00,0.00,Before
TCGA-A7-A4SE-Tumor,-26,Cycle,Base Substitution,201317,270.49,29.00,27.82,1.18,Before
TCGA-A7-A4SE-Tumor,-26,Cycle,Base Insertion,201297,5.45,45.00,45.00,0.00,Before
TCGA-A7-A4SE-Tumor,-26,Cycle,Base Deletion,201297,18.09,44.00,45.00,-1.00,Before
TCGA-A7-A4SE-Tumor,27,Cycle,Base Substitution,204619,213.42,30.00,28.76,1.24,Before
TCGA-A7-A4SE-Tumor,27,Cycle,Base Insertion,204610,10.03,45.00,45.00,0.00,Before
TCGA-A7-A4SE-Tumor,27,Cycle,Base Deletion,204610,13.63,45.00,45.00,0.00,Before
TCGA-A7-A4SE-Tumor,-27,Cycle,Base Substitution,201080,319.15,28.00,27.33,0.67,Before
TCGA-A7-A4SE-Tumor,-27,Cycle,Base Insertion,201049,11.22,45.00,45.00,0.00,Before
TCGA-A7-A4SE-Tumor,-27,Cycle,Base Deletion,201049,16.21,44.00,45.00,-1.00,Before
TCGA-A7-A4SE-Tumor,28,Cycle,Base Substitution,204615,240.14,29.00,28.46,0.54,Before
TCGA-A7-A4SE-Tumor,28,Cycle,Base Insertion,204608,6.45,45.00,45.00,0.00,Before
TCGA-A7-A4SE-Tumor,28,Cycle,Base Deletion,204608,12.68,45.00,45.00,0.00,Before
TCGA-A7-A4SE-Tumor,-28,Cycle,Base Substitution,201135,234.21,29.00,28.28,0.72,Before
TCGA-A7-A4SE-Tumor,-28,Cycle,Base Insertion,201102,4.80,45.00,45.00,0.00,Before
TCGA-A7-A4SE-Tumor,-28,Cycle,Base Deletion,201102,17.45,44.00,45.00,-1.00,Before
TCGA-A7-A4SE-Tumor,29,Cycle,Base Substitution,204546,180.74,30.00,29.27,0.73,Before
TCGA-A7-A4SE-Tumor,29,Cycle,Base Insertion,204538,3.54,45.00,45.00,0.00,Before
TCGA-A7-A4SE-Tumor,29,Cycle,Base Deletion,204538,12.85,45.00,45.00,0.00,Before
TCGA-A7-A4SE-Tumor,-29,Cycle,Base Substitution,200970,238.24,29.00,28.15,0.85,Before
TCGA-A7-A4SE-Tumor,-29,Cycle,Base Insertion,200936,8.18,45.00,45.00,0.00,Before
TCGA-A7-A4SE-Tumor,-29,Cycle,Base Deletion,200936,14.72,44.00,45.00,-1.00,Before
TCGA-A7-A4SE-Tumor,30,Cycle,Base Substitution,204520,183.54,30.00,29.19,0.81,Before
TCGA-A7-A4SE-Tumor,30,Cycle,Base Insertion,204510,5.19,45.00,45.00,0.00,Before
TCGA-A7-A4SE-Tumor,30,Cycle,Base Deletion,204510,13.58,45.00,45.00,0.00,Before
TCGA-A7-A4SE-Tumor,-30,Cycle,Base Substitution,200904,256.46,29.00,28.02,0.98,Before
TCGA-A7-A4SE-Tumor,-30,Cycle,Base Insertion,200878,5.10,45.00,45.00,0.00,Before
TCGA-A7-A4SE-Tumor,-30,Cycle,Base Deletion,200878,14.76,44.00,45.00,-1.00,Before
TCGA-A7-A4SE-Tumor,31,Cycle,Base Substitution,204497,185.00,30.00,29.14,0.86,Before
TCGA-A7-A4SE-Tumor,31,Cycle,Base Insertion,204487,3.44,45.00,45.00,0.00,Before
TCGA-A7-A4SE-Tumor,31,Cycle,Base Deletion,204487,14.30,45.00,45.00,0.00,Before
TCGA-A7-A4SE-Tumor,-31,Cycle,Base Substitution,200756,266.30,29.00,28.23,0.77,Before
TCGA-A7-A4SE-Tumor,-31,Cycle,Base Insertion,200732,7.24,45.00,45.00,0.00,Before
TCGA-A7-A4SE-Tumor,-31,Cycle,Base Deletion,200732,15.45,44.00,45.00,-1.00,Before
TCGA-A7-A4SE-Tumor,32,Cycle,Base Substitution,204422,186.23,30.00,28.97,1.03,Before
TCGA-A7-A4SE-Tumor,32,Cycle,Base Insertion,204413,3.65,45.00,45.00,0.00,Before
TCGA-A7-A4SE-Tumor,32,Cycle,Base Deletion,204413,14.23,45.00,45.00,0.00,Before
TCGA-A7-A4SE-Tumor,-32,Cycle,Base Substitution,200633,262.22,29.00,28.20,0.80,Before
TCGA-A7-A4SE-Tumor,-32,Cycle,Base Insertion,200607,7.11,45.00,45.00,0.00,Before
TCGA-A7-A4SE-Tumor,-32,Cycle,Base Deletion,200607,14.89,44.00,45.00,-1.00,Before
TCGA-A7-A4SE-Tumor,33,Cycle,Base Substitution,204357,235.56,29.00,28.46,0.54,Before
TCGA-A7-A4SE-Tumor,33,Cycle,Base Insertion,204345,8.01,45.00,45.00,0.00,Before
TCGA-A7-A4SE-Tumor,33,Cycle,Base Deletion,204345,14.32,45.00,45.00,0.00,Before
TCGA-A7-A4SE-Tumor,-33,Cycle,Base Substitution,200535,239.32,29.00,28.12,0.88,Before
TCGA-A7-A4SE-Tumor,-33,Cycle,Base Insertion,200510,6.71,45.00,45.00,0.00,Before
TCGA-A7-A4SE-Tumor,-33,Cycle,Base Deletion,200510,14.35,45.00,45.00,0.00,Before
TCGA-A7-A4SE-Tumor,34,Cycle,Base Substitution,204336,175.88,30.00,28.87,1.13,Before
TCGA-A7-A4SE-Tumor,34,Cycle,Base Insertion,204321,6.25,45.00,45.00,0.00,Before
TCGA-A7-A4SE-Tumor,34,Cycle,Base Deletion,204321,14.28,45.00,45.00,0.00,Before
TCGA-A7-A4SE-Tumor,-34,Cycle,Base Substitution,200435,225.12,29.00,28.05,0.95,Before
TCGA-A7-A4SE-Tumor,-34,Cycle,Base Insertion,200410,6.50,45.00,45.00,0.00,Before
TCGA-A7-A4SE-Tumor,-34,Cycle,Base Deletion,200410,13.81,45.00,45.00,0.00,Before
TCGA-A7-A4SE-Tumor,35,Cycle,Base Substitution,204298,193.95,30.00,28.85,1.15,Before
TCGA-A7-A4SE-Tumor,35,Cycle,Base Insertion,204282,12.06,45.00,45.00,0.00,Before
TCGA-A7-A4SE-Tumor,35,Cycle,Base Deletion,204282,13.41,45.00,45.00,0.00,Before
TCGA-A7-A4SE-Tumor,-35,Cycle,Base Substitution,200207,225.55,29.00,28.22,0.78,Before
TCGA-A7-A4SE-Tumor,-35,Cycle,Base Insertion,200182,4.65,45.00,45.00,0.00,Before
TCGA-A7-A4SE-Tumor,-35,Cycle,Base Deletion,200182,17.25,44.00,45.00,-1.00,Before
TCGA-A7-A4SE-Tumor,36,Cycle,Base Substitution,204244,229.35,29.00,28.68,0.32,Before
TCGA-A7-A4SE-Tumor,36,Cycle,Base Insertion,204224,8.04,45.00,45.00,0.00,Before
TCGA-A7-A4SE-Tumor,36,Cycle,Base Deletion,204224,14.16,45.00,45.00,0.00,Before
TCGA-A7-A4SE-Tumor,-36,Cycle,Base Substitution,200114,266.88,29.00,27.94,1.06,Before
TCGA-A7-A4SE-Tumor,-36,Cycle,Base Insertion,200083,8.46,45.00,45.00,0.00,Before
TCGA-A7-A4SE-Tumor,-36,Cycle,Base Deletion,200083,14.62,44.00,45.00,-1.00,Before
TCGA-A7-A4SE-Tumor,37,Cycle,Base Substitution,204198,216.90,30.00,28.75,1.25,Before
TCGA-A7-A4SE-Tumor,37,Cycle,Base Insertion,204180,7.57,45.00,45.00,0.00,Before
TCGA-A7-A4SE-Tumor,37,Cycle,Base Deletion,204180,15.78,44.00,45.00,-1.00,Before
TCGA-A7-A4SE-Tumor,-37,Cycle,Base Substitution,199956,286.96,28.00,27.61,0.39,Before
TCGA-A7-A4SE-Tumor,-37,Cycle,Base Insertion,199927,7.88,45.00,45.00,0.00,Before
TCGA-A7-A4SE-Tumor,-37,Cycle,Base Deletion,199927,14.81,44.00,45.00,-1.00,Before
TCGA-A7-A4SE-Tumor,38,Cycle,Base Substitution,204099,219.51,29.00,28.90,0.10,Before
TCGA-A7-A4SE-Tumor,38,Cycle,Base Insertion,204085,8.15,45.00,45.00,0.00,Before
TCGA-A7-A4SE-Tumor,38,Cycle,Base Deletion,204085,16.44,44.00,45.00,-1.00,Before
TCGA-A7-A4SE-Tumor,-38,Cycle,Base Substitution,199848,270.33,29.00,27.95,1.05,Before
TCGA-A7-A4SE-Tumor,-38,Cycle,Base Insertion,199828,6.16,45.00,45.00,0.00,Before
TCGA-A7-A4SE-Tumor,-38,Cycle,Base Deletion,199828,14.86,44.00,45.00,-1.00,Before
TCGA-A7-A4SE-Tumor,39,Cycle,Base Substitution,204077,188.84,30.00,29.33,0.67,Before
TCGA-A7-A4SE-Tumor,39,Cycle,Base Insertion,204060,11.26,45.00,45.00,0.00,Before
TCGA-A7-A4SE-Tumor,39,Cycle,Base Deletion,204060,17.02,44.00,45.00,-1.00,Before
TCGA-A7-A4SE-Tumor,-39,Cycle,Base Substitution,199655,308.23,28.00,27.45,0.55,Before
TCGA-A7-A4SE-Tumor,-39,Cycle,Base Insertion,199631,6.40,45.00,45.00,0.00,Before
TCGA-A7-A4SE-Tumor,-39,Cycle,Base Deletion,199631,16.96,44.00,45.00,-1.00,Before
TCGA-A7-A4SE-Tumor,40,Cycle,Base Substitution,204046,215.04,30.00,29.10,0.90,Before
TCGA-A7-A4SE-Tumor,40,Cycle,Base Insertion,204030,4.82,45.00,45.00,0.00,Before
TCGA-A7-A4SE-Tumor,40,Cycle,Base Deletion,204030,16.02,44.00,45.00,-1.00,Before
TCGA-A7-A4SE-Tumor,-40,Cycle,Base Substitution,199564,236.17,29.00,28.19,0.81,Before
TCGA-A7-A4SE-Tumor,-40,Cycle,Base Insertion,199545,11.31,45.00,45.00,0.00,Before
TCGA-A7-A4SE-Tumor,-40,Cycle,Base Deletion,199545,15.84,44.00,45.00,-1.00,Before
TCGA-A7-A4SE-Tumor,41,Cycle,Base Substitution,203882,220.12,29.00,28.94,0.06,Before
TCGA-A7-A4SE-Tumor,41,Cycle,Base Insertion,203866,10.72,45.00,45.00,0.00,Before
TCGA-A7-A4SE-Tumor,41,Cycle,Base Deletion,203866,16.62,44.00,45.00,-1.00,Before
TCGA-A7-A4SE-Tumor,-41,Cycle,Base Substitution,199454,218.88,29.00,28.36,0.64,Before
TCGA-A7-A4SE-Tumor,-41,Cycle,Base Insertion,199441,6.05,45.00,45.00,0.00,Before
TCGA-A7-A4SE-Tumor,-41,Cycle,Base Deletion,199441,15.83,44.00,45.00,-1.00,Before
TCGA-A7-A4SE-Tumor,42,Cycle,Base Substitution,203877,243.19,29.00,28.82,0.18,Before
TCGA-A7-A4SE-Tumor,42,Cycle,Base Insertion,203862,8.71,45.00,45.00,0.00,Before
TCGA-A7-A4SE-Tumor,42,Cycle,Base Deletion,203862,15.71,44.00,45.00,-1.00,Before
TCGA-A7-A4SE-Tumor,-42,Cycle,Base Substitution,199262,224.76,29.00,28.62,0.38,Before
TCGA-A7-A4SE-Tumor,-42,Cycle,Base Insertion,199246,9.28,45.00,45.00,0.00,Before
TCGA-A7-A4SE-Tumor,-42,Cycle,Base Deletion,199246,16.35,44.00,45.00,-1.00,Before
TCGA-A7-A4SE-Tumor,43,Cycle,Base Substitution,203809,198.77,30.00,29.10,0.90,Before
TCGA-A7-A4SE-Tumor,43,Cycle,Base Insertion,203795,13.62,45.00,45.00,0.00,Before
TCGA-A7-A4SE-Tumor,43,Cycle,Base Deletion,203795,14.22,45.00,45.00,0.00,Before
TCGA-A7-A4SE-Tumor,-43,Cycle,Base Substitution,199135,218.13,29.00,28.49,0.51,Before
TCGA-A7-A4SE-Tumor,-43,Cycle,Base Insertion,199123,11.23,45.00,45.00,0.00,Before
TCGA-A7-A4SE-Tumor,-43,Cycle,Base Deletion,199123,14.10,45.00,45.00,0.00,Before
TCGA-A7-A4SE-Tumor,44,Cycle,Base Substitution,203653,206.28,30.00,28.91,1.09,Before
TCGA-A7-A4SE-Tumor,44,Cycle,Base Insertion,203641,11.10,45.00,45.00,0.00,Before
TCGA-A7-A4SE-Tumor,44,Cycle,Base Deletion,203641,14.40,45.00,45.00,0.00,Before
TCGA-A7-A4SE-Tumor,-44,Cycle,Base Substitution,198929,221.07,29.00,28.55,0.45,Before
TCGA-A7-A4SE-Tumor,-44,Cycle,Base Insertion,198918,5.20,45.00,45.00,0.00,Before
TCGA-A7-A4SE-Tumor,-44,Cycle,Base Deletion,198918,15.09,44.00,45.00,-1.00,Before
TCGA-A7-A4SE-Tumor,45,Cycle,Base Substitution,203581,222.52,29.00,28.84,0.16,Before
TCGA-A7-A4SE-Tumor,45,Cycle,Base Insertion,203567,10.95,45.00,45.00,0.00,Before
TCGA-A7-A4SE-Tumor,45,Cycle,Base Deletion,203567,15.92,44.00,45.00,-1.00,Before
TCGA-A7-A4SE-Tumor,-45,Cycle,Base Substitution,198789,243.43,29.00,28.57,0.43,Before
TCGA-A7-A4SE-Tumor,-45,Cycle,Base Insertion,198774,9.22,45.00,45.00,0.00,Before
TCGA-A7-A4SE-Tumor,-45,Cycle,Base Deletion,198774,14.60,44.00,45.00,-1.00,Before
TCGA-A7-A4SE-Tumor,46,Cycle,Base Substitution,203519,227.25,29.00,28.91,0.09,Before
TCGA-A7-A4SE-Tumor,46,Cycle,Base Insertion,203506,8.63,45.00,45.00,0.00,Before
TCGA-A7-A4SE-Tumor,46,Cycle,Base Deletion,203506,14.77,44.00,45.00,-1.00,Before
TCGA-A7-A4SE-Tumor,-46,Cycle,Base Substitution,198571,207.34,30.00,28.73,1.27,Before
TCGA-A7-A4SE-Tumor,-46,Cycle,Base Insertion,198551,7.66,45.00,45.00,0.00,Before
TCGA-A7-A4SE-Tumor,-46,Cycle,Base Deletion,198551,16.92,44.00,45.00,-1.00,Before
TCGA-A7-A4SE-Tumor,47,Cycle,Base Substitution,203394,229.11,29.00,28.80,0.20,Before
TCGA-A7-A4SE-Tumor,47,Cycle,Base Insertion,203382,7.79,45.00,45.00,0.00,Before
TCGA-A7-A4SE-Tumor,47,Cycle,Base Deletion,203382,14.64,44.00,45.00,-1.00,Before
TCGA-A7-A4SE-Tumor,-47,Cycle,Base Substitution,198462,229.88,29.00,28.67,0.33,Before
TCGA-A7-A4SE-Tumor,-47,Cycle,Base Insertion,198440,7.06,45.00,45.00,0.00,Before
TCGA-A7-A4SE-Tumor,-47,Cycle,Base Deletion,198440,13.42,45.00,45.00,0.00,Before
TCGA-A7-A4SE-Tumor,48,Cycle,Base Substitution,203315,249.34,29.00,28.69,0.31,Before
TCGA-A7-A4SE-Tumor,48,Cycle,Base Insertion,203300,8.09,45.00,45.00,0.00,Before
TCGA-A7-A4SE-Tumor,48,Cycle,Base Deletion,203300,15.07,44.00,45.00,-1.00,Before
TCGA-A7-A4SE-Tumor,-48,Cycle,Base Substitution,198175,219.52,29.00,28.63,0.37,Before
TCGA-A7-A4SE-Tumor,-48,Cycle,Base Insertion,198148,9.45,45.00,45.00,0.00,Before
TCGA-A7-A4SE-Tumor,-48,Cycle,Base Deletion,198148,13.67,45.00,45.00,0.00,Before
TCGA-A7-A4SE-Tumor,49,Cycle,Base Substitution,203181,222.64,29.00,28.78,0.22,Before
TCGA-A7-A4SE-Tumor,49,Cycle,Base Insertion,203160,7.81,45.00,45.00,0.00,Before
TCGA-A7-A4SE-Tumor,49,Cycle,Base Deletion,203160,16.38,44.00,45.00,-1.00,Before
TCGA-A7-A4SE-Tumor,-49,Cycle,Base Substitution,197958,313.51,28.00,27.61,0.39,Before
TCGA-A7-A4SE-Tumor,-49,Cycle,Base Insertion,197935,9.35,45.00,45.00,0.00,Before
TCGA-A7-A4SE-Tumor,-49,Cycle,Base Deletion,197935,13.65,45.00,45.00,0.00,Before
TCGA-A7-A4SE-Tumor,50,Cycle,Base Substitution,203126,240.83,29.00,28.96,0.04,Before
TCGA-A7-A4SE-Tumor,50,Cycle,Base Insertion,203104,7.49,45.00,45.00,0.00,Before
TCGA-A7-A4SE-Tumor,50,Cycle,Base Deletion,203104,19.20,44.00,45.00,-1.00,Before
TCGA-A7-A4SE-Tumor,-50,Cycle,Base Substitution,197805,191.19,30.00,28.64,1.36,Before
TCGA-A7-A4SE-Tumor,-50,Cycle,Base Insertion,197779,6.66,45.00,45.00,0.00,Before
TCGA-A7-A4SE-Tumor,-50,Cycle,Base Deletion,197779,15.50,44.00,45.00,-1.00,Before
TCGA-A7-A4SE-Tumor,51,Cycle,Base Substitution,203003,210.38,30.00,28.91,1.09,Before
TCGA-A7-A4SE-Tumor,51,Cycle,Base Insertion,202978,8.11,45.00,45.00,0.00,Before
TCGA-A7-A4SE-Tumor,51,Cycle,Base Deletion,202978,14.36,45.00,45.00,0.00,Before
TCGA-A7-A4SE-Tumor,-51,Cycle,Base Substitution,197632,237.81,29.00,28.66,0.34,Before
TCGA-A7-A4SE-Tumor,-51,Cycle,Base Insertion,197603,6.70,45.00,45.00,0.00,Before
TCGA-A7-A4SE-Tumor,-51,Cycle,Base Deletion,197603,16.88,44.00,45.00,-1.00,Before
TCGA-A7-A4SE-Tumor,52,Cycle,Base Substitution,202975,224.19,30.00,29.36,0.64,Before
TCGA-A7-A4SE-Tumor,52,Cycle,Base Insertion,202949,6.91,45.00,45.00,0.00,Before
TCGA-A7-A4SE-Tumor,52,Cycle,Base Deletion,202949,14.88,44.00,45.00,-1.00,Before
TCGA-A7-A4SE-Tumor,-52,Cycle,Base Substitution,197482,209.37,30.00,28.64,1.36,Before
TCGA-A7-A4SE-Tumor,-52,Cycle,Base Insertion,197457,12.66,45.00,45.00,0.00,Before
TCGA-A7-A4SE-Tumor,-52,Cycle,Base Deletion,197457,17.35,44.00,45.00,-1.00,Before
TCGA-A7-A4SE-Tumor,53,Cycle,Base Substitution,202823,193.02,30.00,29.48,0.52,Before
TCGA-A7-A4SE-Tumor,53,Cycle,Base Insertion,202798,6.69,45.00,45.00,0.00,Before
TCGA-A7-A4SE-Tumor,53,Cycle,Base Deletion,202798,15.63,44.00,45.00,-1.00,Before
TCGA-A7-A4SE-Tumor,-53,Cycle,Base Substitution,197390,223.93,29.00,28.79,0.21,Before
TCGA-A7-A4SE-Tumor,-53,Cycle,Base Insertion,197366,10.18,45.00,45.00,0.00,Before
TCGA-A7-A4SE-Tumor,-53,Cycle,Base Deletion,197366,14.26,45.00,45.00,0.00,Before
TCGA-A7-A4SE-Tumor,54,Cycle,Base Substitution,202817,237.79,29.00,29.06,-0.06,Before
TCGA-A7-A4SE-Tumor,54,Cycle,Base Insertion,202791,5.44,45.00,45.00,0.00,Before
TCGA-A7-A4SE-Tumor,54,Cycle,Base Deletion,202791,17.08,44.00,45.00,-1.00,Before
TCGA-A7-A4SE-Tumor,-54,Cycle,Base Substitution,197183,223.91,29.00,28.85,0.15,Before
TCGA-A7-A4SE-Tumor,-54,Cycle,Base Insertion,197163,10.34,45.00,45.00,0.00,Before
TCGA-A7-A4SE-Tumor,-54,Cycle,Base Deletion,197163,14.42,45.00,45.00,0.00,Before
TCGA-A7-A4SE-Tumor,55,Cycle,Base Substitution,202709,203.21,30.00,29.19,0.81,Before
TCGA-A7-A4SE-Tumor,55,Cycle,Base Insertion,202686,7.45,45.00,45.00,0.00,Before
TCGA-A7-A4SE-Tumor,55,Cycle,Base Deletion,202686,15.32,44.00,45.00,-1.00,Before
TCGA-A7-A4SE-Tumor,-55,Cycle,Base Substitution,197017,208.57,30.00,28.89,1.11,Before
TCGA-A7-A4SE-Tumor,-55,Cycle,Base Insertion,196991,11.24,45.00,45.00,0.00,Before
TCGA-A7-A4SE-Tumor,-55,Cycle,Base Deletion,196991,14.62,44.00,45.00,-1.00,Before
TCGA-A7-A4SE-Tumor,56,Cycle,Base Substitution,202506,210.74,30.00,29.47,0.53,Before
TCGA-A7-A4SE-Tumor,56,Cycle,Base Insertion,202486,11.62,45.00,45.00,0.00,Before
TCGA-A7-A4SE-Tumor,56,Cycle,Base Deletion,202486,17.20,44.00,45.00,-1.00,Before
TCGA-A7-A4SE-Tumor,-56,Cycle,Base Substitution,196789,187.78,30.00,28.84,1.16,Before
TCGA-A7-A4SE-Tumor,-56,Cycle,Base Insertion,196755,5.35,45.00,45.00,0.00,Before
TCGA-A7-A4SE-Tumor,-56,Cycle,Base Deletion,196755,16.44,44.00,45.00,-1.00,Before
TCGA-A7-A4SE-Tumor,57,Cycle,Base Substitution,202400,216.02,30.00,29.48,0.52,Before
TCGA-A7-A4SE-Tumor,57,Cycle,Base Insertion,202380,12.04,45.00,45.00,0.00,Before
TCGA-A7-A4SE-Tumor,57,Cycle,Base Deletion,202380,13.30,45.00,45.00,0.00,Before
TCGA-A7-A4SE-Tumor,-57,Cycle,Base Substitution,196708,212.47,30.00,29.22,0.78,Before
TCGA-A7-A4SE-Tumor,-57,Cycle,Base Insertion,196675,7.97,45.00,45.00,0.00,Before
TCGA-A7-A4SE-Tumor,-57,Cycle,Base Deletion,196675,15.14,44.00,45.00,-1.00,Before
TCGA-A7-A4SE-Tumor,58,Cycle,Base Substitution,202264,209.15,30.00,29.42,0.58,Before
TCGA-A7-A4SE-Tumor,58,Cycle,Base Insertion,202242,5.45,45.00,45.00,0.00,Before
TCGA-A7-A4SE-Tumor,58,Cycle,Base Deletion,202242,13.05,45.00,45.00,0.00,Before
TCGA-A7-A4SE-Tumor,-58,Cycle,Base Substitution,196520,205.69,30.00,29.40,0.60,Before
TCGA-A7-A4SE-Tumor,-58,Cycle,Base Insertion,196486,9.33,45.00,45.00,0.00,Before
TCGA-A7-A4SE-Tumor,-58,Cycle,Base Deletion,196486,14.12,45.00,45.00,0.00,Before
TCGA-A7-A4SE-Tumor,59,Cycle,Base Substitution,202101,214.52,30.00,29.50,0.50,Before
TCGA-A7-A4SE-Tumor,59,Cycle,Base Insertion,202072,6.40,45.00,45.00,0.00,Before
TCGA-A7-A4SE-Tumor,59,Cycle,Base Deletion,202072,14.67,44.00,45.00,-1.00,Before
TCGA-A7-A4SE-Tumor,-59,Cycle,Base Substitution,196354,206.27,30.00,29.37,0.63,Before
TCGA-A7-A4SE-Tumor,-59,Cycle,Base Insertion,196320,7.13,45.00,45.00,0.00,Before
TCGA-A7-A4SE-Tumor,-59,Cycle,Base Deletion,196320,14.71,44.00,45.00,-1.00,Before
TCGA-A7-A4SE-Tumor,60,Cycle,Base Substitution,202008,201.33,30.00,29.37,0.63,Before
TCGA-A7-A4SE-Tumor,60,Cycle,Base Insertion,201977,6.42,45.00,45.00,0.00,Before
TCGA-A7-A4SE-Tumor,60,Cycle,Base Deletion,201977,12.31,45.00,45.00,0.00,Before
TCGA-A7-A4SE-Tumor,-60,Cycle,Base Substitution,196180,185.22,30.00,29.56,0.44,Before
TCGA-A7-A4SE-Tumor,-60,Cycle,Base Insertion,196148,7.76,45.00,45.00,0.00,Before
TCGA-A7-A4SE-Tumor,-60,Cycle,Base Deletion,196148,14.05,45.00,45.00,0.00,Before
TCGA-A7-A4SE-Tumor,61,Cycle,Base Substitution,201957,200.99,30.00,29.43,0.57,Before
TCGA-A7-A4SE-Tumor,61,Cycle,Base Insertion,201924,14.18,45.00,45.00,0.00,Before
TCGA-A7-A4SE-Tumor,61,Cycle,Base Deletion,201924,12.60,45.00,45.00,0.00,Before
TCGA-A7-A4SE-Tumor,-61,Cycle,Base Substitution,196006,212.59,30.00,29.58,0.42,Before
TCGA-A7-A4SE-Tumor,-61,Cycle,Base Insertion,195965,7.29,45.00,45.00,0.00,Before
TCGA-A7-A4SE-Tumor,-61,Cycle,Base Deletion,195965,12.14,45.00,45.00,0.00,Before
TCGA-A7-A4SE-Tumor,62,Cycle,Base Substitution,201795,214.70,30.00,29.40,0.60,Before
TCGA-A7-A4SE-Tumor,62,Cycle,Base Insertion,201761,6.55,45.00,45.00,0.00,Before
TCGA-A7-A4SE-Tumor,62,Cycle,Base Deletion,201761,11.63,45.00,45.00,0.00,Before
TCGA-A7-A4SE-Tumor,-62,Cycle,Base Substitution,195773,203.71,30.00,29.41,0.59,Before
TCGA-A7-A4SE-Tumor,-62,Cycle,Base Insertion,195724,11.99,45.00,45.00,0.00,Before
TCGA-A7-A4SE-Tumor,-62,Cycle,Base Deletion,195724,11.60,45.00,45.00,0.00,Before
TCGA-A7-A4SE-Tumor,63,Cycle,Base Substitution,201607,208.44,30.00,29.40,0.60,Before
TCGA-A7-A4SE-Tumor,63,Cycle,Base Insertion,201573,6.68,45.00,45.00,0.00,Before
TCGA-A7-A4SE-Tumor,63,Cycle,Base Deletion,201573,12.06,45.00,45.00,0.00,Before
TCGA-A7-A4SE-Tumor,-63,Cycle,Base Substitution,195523,220.13,29.00,29.15,-0.15,Before
TCGA-A7-A4SE-Tumor,-63,Cycle,Base Insertion,195476,7.00,45.00,45.00,0.00,Before
TCGA-A7-A4SE-Tumor,-63,Cycle,Base Deletion,195476,12.04,45.00,45.00,0.00,Before
TCGA-A7-A4SE-Tumor,64,Cycle,Base Substitution,201499,192.29,30.00,29.42,0.58,Before
TCGA-A7-A4SE-Tumor,64,Cycle,Base Insertion,201455,6.14,45.00,45.00,0.00,Before
TCGA-A7-A4SE-Tumor,64,Cycle,Base Deletion,201455,13.40,45.00,45.00,0.00,Before
TCGA-A7-A4SE-Tumor,-64,Cycle,Base Substitution,195256,206.09,30.00,29.57,0.43,Before
TCGA-A7-A4SE-Tumor,-64,Cycle,Base Insertion,195209,8.47,45.00,45.00,0.00,Before
TCGA-A7-A4SE-Tumor,-64,Cycle,Base Deletion,195209,12.96,45.00,45.00,0.00,Before
TCGA-A7-A4SE-Tumor,65,Cycle,Base Substitution,201314,215.24,30.00,29.34,0.66,Before
TCGA-A7-A4SE-Tumor,65,Cycle,Base Insertion,201265,6.12,45.00,45.00,0.00,Before
TCGA-A7-A4SE-Tumor,65,Cycle,Base Deletion,201265,13.81,45.00,45.00,0.00,Before
TCGA-A7-A4SE-Tumor,-65,Cycle,Base Substitution,195066,223.29,29.00,29.46,-0.46,Before
TCGA-A7-A4SE-Tumor,-65,Cycle,Base Insertion,195020,6.66,45.00,45.00,0.00,Before
TCGA-A7-A4SE-Tumor,-65,Cycle,Base Deletion,195020,14.35,45.00,45.00,0.00,Before
TCGA-A7-A4SE-Tumor,66,Cycle,Base Substitution,201101,229.37,29.00,29.24,-0.24,Before
TCGA-A7-A4SE-Tumor,66,Cycle,Base Insertion,201049,6.32,45.00,45.00,0.00,Before
TCGA-A7-A4SE-Tumor,66,Cycle,Base Deletion,201049,15.28,44.00,45.00,-1.00,Before
TCGA-A7-A4SE-Tumor,-66,Cycle,Base Substitution,194838,161.81,31.00,29.61,1.39,Before
TCGA-A7-A4SE-Tumor,-66,Cycle,Base Insertion,194791,7.03,45.00,45.00,0.00,Before
TCGA-A7-A4SE-Tumor,-66,Cycle,Base Deletion,194791,14.67,44.00,45.00,-1.00,Before
TCGA-A7-A4SE-Tumor,67,Cycle,Base Substitution,201005,219.48,30.00,29.50,0.50,Before
TCGA-A7-A4SE-Tumor,67,Cycle,Base Insertion,200943,6.11,45.00,45.00,0.00,Before
TCGA-A7-A4SE-Tumor,67,Cycle,Base Deletion,200943,14.37,45.00,45.00,0.00,Before
TCGA-A7-A4SE-Tumor,-67,Cycle,Base Substitution,194571,177.54,30.00,29.64,0.36,Before
TCGA-A7-A4SE-Tumor,-67,Cycle,Base Insertion,194522,7.01,45.00,45.00,0.00,Before
TCGA-A7-A4SE-Tumor,-67,Cycle,Base Deletion,194522,12.94,45.00,45.00,0.00,Before
TCGA-A7-A4SE-Tumor,68,Cycle,Base Substitution,200837,190.12,30.00,29.42,0.58,Before
TCGA-A7-A4SE-Tumor,68,Cycle,Base Insertion,200782,4.87,45.00,45.00,0.00,Before
TCGA-A7-A4SE-Tumor,68,Cycle,Base Deletion,200782,15.02,44.00,45.00,-1.00,Before
TCGA-A7-A4SE-Tumor,-68,Cycle,Base Substitution,194279,190.78,30.00,29.62,0.38,Before
TCGA-A7-A4SE-Tumor,-68,Cycle,Base Insertion,194220,5.75,45.00,45.00,0.00,Before
TCGA-A7-A4SE-Tumor,-68,Cycle,Base Deletion,194220,12.65,45.00,45.00,0.00,Before
TCGA-A7-A4SE-Tumor,69,Cycle,Base Substitution,200650,202.65,30.00,29.47,0.53,Before
TCGA-A7-A4SE-Tumor,69,Cycle,Base Insertion,200590,4.61,45.00,45.00,0.00,Before
TCGA-A7-A4SE-Tumor,69,Cycle,Base Deletion,200590,13.89,45.00,45.00,0.00,Before
TCGA-A7-A4SE-Tumor,-69,Cycle,Base Substitution,194045,184.66,30.00,29.56,0.44,Before
TCGA-A7-A4SE-Tumor,-69,Cycle,Base Insertion,193988,8.14,45.00,45.00,0.00,Before
TCGA-A7-A4SE-Tumor,-69,Cycle,Base Deletion,193988,12.87,45.00,45.00,0.00,Before
TCGA-A7-A4SE-Tumor,70,Cycle,Base Substitution,200503,214.21,30.00,29.47,0.53,Before
TCGA-A7-A4SE-Tumor,70,Cycle,Base Insertion,200447,8.86,45.00,45.00,0.00,Before
TCGA-A7-A4SE-Tumor,70,Cycle,Base Deletion,200447,13.60,45.00,45.00,0.00,Before
TCGA-A7-A4SE-Tumor,-70,Cycle,Base Substitution,193795,217.64,29.00,29.57,-0.57,Before
TCGA-A7-A4SE-Tumor,-70,Cycle,Base Insertion,193737,8.39,45.00,45.00,0.00,Before
TCGA-A7-A4SE-Tumor,-70,Cycle,Base Deletion,193737,12.05,45.00,45.00,0.00,Before
TCGA-A7-A4SE-Tumor,71,Cycle,Base Substitution,200321,196.69,30.00,29.44,0.56,Before
TCGA-A7-A4SE-Tumor,71,Cycle,Base Insertion,200266,3.35,45.00,45.00,0.00,Before
TCGA-A7-A4SE-Tumor,71,Cycle,Base Deletion,200266,13.31,45.00,45.00,0.00,Before
TCGA-A7-A4SE-Tumor,-71,Cycle,Base Substitution,193528,254.61,29.00,28.93,0.07,Before
TCGA-A7-A4SE-Tumor,-71,Cycle,Base Insertion,193462,7.27,45.00,45.00,0.00,Before
TCGA-A7-A4SE-Tumor,-71,Cycle,Base Deletion,193462,12.48,45.00,45.00,0.00,Before
TCGA-A7-A4SE-Tumor,72,Cycle,Base Substitution,200071,201.83,30.00,29.69,0.31,Before
TCGA-A7-A4SE-Tumor,72,Cycle,Base Insertion,200002,4.81,45.00,45.00,0.00,Before
TCGA-A7-A4SE-Tumor,72,Cycle,Base Deletion,200002,13.59,45.00,45.00,0.00,Before
TCGA-A7-A4SE-Tumor,-72,Cycle,Base Substitution,193234,195.11,30.00,29.60,0.40,Before
TCGA-A7-A4SE-Tumor,-72,Cycle,Base Insertion,193157,5.49,45.00,45.00,0.00,Before
TCGA-A7-A4SE-Tumor,-72,Cycle,Base Deletion,193157,14.71,44.00,45.00,-1.00,Before
TCGA-A7-A4SE-Tumor,73,Cycle,Base Substitution,199861,270.16,29.00,29.24,-0.24,Before
TCGA-A7-A4SE-Tumor,73,Cycle,Base Insertion,199771,4.21,45.00,45.00,0.00,Before
TCGA-A7-A4SE-Tumor,73,Cycle,Base Deletion,199771,13.65,45.00,45.00,0.00,Before
TCGA-A7-A4SE-Tumor,-73,Cycle,Base Substitution,192945,293.52,28.00,28.44,-0.44,Before
TCGA-A7-A4SE-Tumor,-73,Cycle,Base Insertion,192849,3.93,45.00,45.00,0.00,Before
TCGA-A7-A4SE-Tumor,-73,Cycle,Base Deletion,192849,13.83,45.00,45.00,0.00,Before
TCGA-A7-A4SE-Tumor,74,Cycle,Base Substitution,199771,221.09,30.00,29.45,0.55,Before
TCGA-A7-A4SE-Tumor,74,Cycle,Base Insertion,199661,5.43,45.00,45.00,0.00,Before
TCGA-A7-A4SE-Tumor,74,Cycle,Base Deletion,199661,11.73,45.00,45.00,0.00,Before
TCGA-A7-A4SE-Tumor,-74,Cycle,Base Substitution,192746,193.59,30.00,29.44,0.56,Before
TCGA-A7-A4SE-Tumor,-74,Cycle,Base Insertion,192632,4.49,45.00,45.00,0.00,Before
TCGA-A7-A4SE-Tumor,-74,Cycle,Base Deletion,192632,14.57,44.00,45.00,-1.00,Before
TCGA-A7-A4SE-Tumor,75,Cycle,Base Substitution,199487,204.13,30.00,29.60,0.40,Before
TCGA-A7-A4SE-Tumor,75,Cycle,Base Insertion,199372,2.56,45.00,45.00,0.00,Before
TCGA-A7-A4SE-Tumor,75,Cycle,Base Deletion,199372,11.30,45.00,45.00,0.00,Before
TCGA-A7-A4SE-Tumor,-75,Cycle,Base Substitution,192443,202.81,30.00,29.51,0.49,Before
TCGA-A7-A4SE-Tumor,-75,Cycle,Base Insertion,192325,5.43,45.00,45.00,0.00,Before
TCGA-A7-A4SE-Tumor,-75,Cycle,Base Deletion,192325,12.55,45.00,45.00,0.00,Before
TCGA-A7-A4SE-Tumor,76,Cycle,Base Substitution,199279,219.36,30.00,29.21,0.79,Before
TCGA-A7-A4SE-Tumor,76,Cycle,Base Insertion,199157,9.11,45.00,45.00,0.00,Before
TCGA-A7-A4SE-Tumor,76,Cycle,Base Deletion,199157,12.79,45.00,45.00,0.00,Before
TCGA-A7-A4SE-Tumor,-76,Cycle,Base Substitution,192075,192.05,30.00,29.69,0.31,Before
TCGA-A7-A4SE-Tumor,-76,Cycle,Base Insertion,191953,9.25,45.00,45.00,0.00,Before
TCGA-A7-A4SE-Tumor,-76,Cycle,Base Deletion,191953,11.86,45.00,45.00,0.00,Before
TCGA-A7-A4SE-Tumor,77,Cycle,Base Substitution,199153,200.70,30.00,29.70,0.30,Before
TCGA-A7-A4SE-Tumor,77,Cycle,Base Insertion,199031,8.44,45.00,45.00,0.00,Before
TCGA-A7-A4SE-Tumor,77,Cycle,Base Deletion,199031,15.35,44.00,45.00,-1.00,Before
TCGA-A7-A4SE-Tumor,-77,Cycle,Base Substitution,191766,207.40,30.00,29.49,0.51,Before
TCGA-A7-A4SE-Tumor,-77,Cycle,Base Insertion,191627,9.49,45.00,45.00,0.00,Before
TCGA-A7-A4SE-Tumor,-77,Cycle,Base Deletion,191627,12.70,45.00,45.00,0.00,Before
TCGA-A7-A4SE-Tumor,78,Cycle,Base Substitution,198953,193.20,30.00,29.81,0.19,Before
TCGA-A7-A4SE-Tumor,78,Cycle,Base Insertion,198828,6.47,45.00,45.00,0.00,Before
TCGA-A7-A4SE-Tumor,78,Cycle,Base Deletion,198828,12.88,45.00,45.00,0.00,Before
TCGA-A7-A4SE-Tumor,-78,Cycle,Base Substitution,191450,233.80,29.00,29.35,-0.35,Before
TCGA-A7-A4SE-Tumor,-78,Cycle,Base Insertion,191299,10.73,45.00,45.00,0.00,Before
TCGA-A7-A4SE-Tumor,-78,Cycle,Base Deletion,191299,11.16,45.00,45.00,0.00,Before
TCGA-A7-A4SE-Tumor,79,Cycle,Base Substitution,198721,202.64,30.00,29.73,0.27,Before
TCGA-A7-A4SE-Tumor,79,Cycle,Base Insertion,198563,3.11,45.00,45.00,0.00,Before
TCGA-A7-A4SE-Tumor,79,Cycle,Base Deletion,198563,10.47,45.00,45.00,0.00,Before
TCGA-A7-A4SE-Tumor,-79,Cycle,Base Substitution,191201,224.75,29.00,29.57,-0.57,Before
TCGA-A7-A4SE-Tumor,-79,Cycle,Base Insertion,191022,5.93,45.00,45.00,0.00,Before
TCGA-A7-A4SE-Tumor,-79,Cycle,Base Deletion,191022,12.29,45.00,45.00,0.00,Before
TCGA-A7-A4SE-Tumor,80,Cycle,Base Substitution,198507,201.60,30.00,29.72,0.28,Before
TCGA-A7-A4SE-Tumor,80,Cycle,Base Insertion,198328,7.44,45.00,45.00,0.00,Before
TCGA-A7-A4SE-Tumor,80,Cycle,Base Deletion,198328,11.70,45.00,45.00,0.00,Before
TCGA-A7-A4SE-Tumor,-80,Cycle,Base Substitution,190749,219.18,29.00,29.57,-0.57,Before
TCGA-A7-A4SE-Tumor,-80,Cycle,Base Insertion,190556,6.05,45.00,45.00,0.00,Before
TCGA-A7-A4SE-Tumor,-80,Cycle,Base Deletion,190556,12.24,45.00,45.00,0.00,Before
TCGA-A7-A4SE-Tumor,81,Cycle,Base Substitution,198230,203.58,30.00,29.61,0.39,Before
TCGA-A7-A4SE-Tumor,81,Cycle,Base Insertion,198032,4.86,45.00,45.00,0.00,Before
TCGA-A7-A4SE-Tumor,81,Cycle,Base Deletion,198032,14.37,45.00,45.00,0.00,Before
TCGA-A7-A4SE-Tumor,-81,Cycle,Base Substitution,190440,203.33,30.00,29.43,0.57,Before
TCGA-A7-A4SE-Tumor,-81,Cycle,Base Insertion,190232,9.49,45.00,45.00,0.00,Before
TCGA-A7-A4SE-Tumor,-81,Cycle,Base Deletion,190232,12.51,45.00,45.00,0.00,Before
TCGA-A7-A4SE-Tumor,82,Cycle,Base Substitution,197935,227.96,29.00,29.70,-0.70,Before
TCGA-A7-A4SE-Tumor,82,Cycle,Base Insertion,197703,3.25,45.00,45.00,0.00,Before
TCGA-A7-A4SE-Tumor,82,Cycle,Base Deletion,197703,13.23,45.00,45.00,0.00,Before
TCGA-A7-A4SE-Tumor,-82,Cycle,Base Substitution,190025,188.19,30.00,29.68,0.32,Before
TCGA-A7-A4SE-Tumor,-82,Cycle,Base Insertion,189790,5.46,45.00,45.00,0.00,Before
TCGA-A7-A4SE-Tumor,-82,Cycle,Base Deletion,189790,15.00,44.00,45.00,-1.00,Before
TCGA-A7-A4SE-Tumor,83,Cycle,Base Substitution,197613,224.94,29.00,29.75,-0.75,Before
TCGA-A7-A4SE-Tumor,83,Cycle,Base Insertion,197363,3.03,45.00,45.00,0.00,Before
TCGA-A7-A4SE-Tumor,83,Cycle,Base Deletion,197363,14.65,44.00,45.00,-1.00,Before
TCGA-A7-A4SE-Tumor,-83,Cycle,Base Substitution,189677,181.66,30.00,29.75,0.25,Before
TCGA-A7-A4SE-Tumor,-83,Cycle,Base Insertion,189415,7.13,45.00,45.00,0.00,Before
TCGA-A7-A4SE-Tumor,-83,Cycle,Base Deletion,189415,10.85,45.00,45.00,0.00,Before
TCGA-A7-A4SE-Tumor,84,Cycle,Base Substitution,197250,233.42,29.00,29.75,-0.75,Before
TCGA-A7-A4SE-Tumor,84,Cycle,Base Insertion,196958,5.36,45.00,45.00,0.00,Before
TCGA-A7-A4SE-Tumor,84,Cycle,Base Deletion,196958,16.30,44.00,45.00,-1.00,Before
TCGA-A7-A4SE-Tumor,-84,Cycle,Base Substitution,189251,202.12,30.00,29.70,0.30,Before
TCGA-A7-A4SE-Tumor,-84,Cycle,Base Insertion,188945,5.88,45.00,45.00,0.00,Before
TCGA-A7-A4SE-Tumor,-84,Cycle,Base Deletion,188945,9.87,45.00,45.00,0.00,Before
TCGA-A7-A4SE-Tumor,85,Cycle,Base Substitution,196874,221.33,29.00,29.74,-0.74,Before
TCGA-A7-A4SE-Tumor,85,Cycle,Base Insertion,196525,5.01,45.00,45.00,0.00,Before
TCGA-A7-A4SE-Tumor,85,Cycle,Base Deletion,196525,16.07,44.00,45.00,-1.00,Before
TCGA-A7-A4SE-Tumor,-85,Cycle,Base Substitution,188829,190.28,30.00,29.76,0.24,Before
TCGA-A7-A4SE-Tumor,-85,Cycle,Base Insertion,188481,5.63,45.00,45.00,0.00,Before
TCGA-A7-A4SE-Tumor,-85,Cycle,Base Deletion,188481,10.44,45.00,45.00,0.00,Before
TCGA-A7-A4SE-Tumor,86,Cycle,Base Substitution,196503,210.38,30.00,29.88,0.12,Before
TCGA-A7-A4SE-Tumor,86,Cycle,Base Insertion,196126,9.14,45.00,45.00,0.00,Before
TCGA-A7-A4SE-Tumor,86,Cycle,Base Deletion,196126,12.68,45.00,45.00,0.00,Before
TCGA-A7-A4SE-Tumor,-86,Cycle,Base Substitution,188320,185.36,30.00,29.86,0.14,Before
TCGA-A7-A4SE-Tumor,-86,Cycle,Base Insertion,187930,5.90,45.00,45.00,0.00,Before
TCGA-A7-A4SE-Tumor,-86,Cycle,Base Deletion,187930,7.78,45.00,45.00,0.00,Before
TCGA-A7-A4SE-Tumor,87,Cycle,Base Substitution,196052,174.45,31.00,30.05,0.95,Before
TCGA-A7-A4SE-Tumor,87,Cycle,Base Insertion,195632,5.94,45.00,45.00,0.00,Before
TCGA-A7-A4SE-Tumor,87,Cycle,Base Deletion,195632,10.06,45.00,45.00,0.00,Before
TCGA-A7-A4SE-Tumor,-87,Cycle,Base Substitution,187869,214.24,29.00,29.83,-0.83,Before
TCGA-A7-A4SE-Tumor,-87,Cycle,Base Insertion,187453,4.17,45.00,45.00,0.00,Before
TCGA-A7-A4SE-Tumor,-87,Cycle,Base Deletion,187453,8.91,45.00,45.00,0.00,Before
TCGA-A7-A4SE-Tumor,88,Cycle,Base Substitution,195665,199.21,30.00,29.99,0.01,Before
TCGA-A7-A4SE-Tumor,88,Cycle,Base Insertion,195188,2.43,45.00,45.00,0.00,Before
TCGA-A7-A4SE-Tumor,88,Cycle,Base Deletion,195188,10.68,45.00,45.00,0.00,Before
TCGA-A7-A4SE-Tumor,-88,Cycle,Base Substitution,187371,194.66,30.00,29.83,0.17,Before
TCGA-A7-A4SE-Tumor,-88,Cycle,Base Insertion,186888,3.47,45.00,45.00,0.00,Before
TCGA-A7-A4SE-Tumor,-88,Cycle,Base Deletion,186888,6.72,45.00,45.00,0.00,Before
TCGA-A7-A4SE-Tumor,89,Cycle,Base Substitution,195164,204.28,30.00,30.12,-0.12,Before
TCGA-A7-A4SE-Tumor,89,Cycle,Base Insertion,194660,3.57,45.00,45.00,0.00,Before
TCGA-A7-A4SE-Tumor,89,Cycle,Base Deletion,194660,10.80,45.00,45.00,0.00,Before
TCGA-A7-A4SE-Tumor,-89,Cycle,Base Substitution,186741,189.74,30.00,30.04,-0.04,Before
TCGA-A7-A4SE-Tumor,-89,Cycle,Base Insertion,186238,5.09,45.00,45.00,0.00,Before
TCGA-A7-A4SE-Tumor,-89,Cycle,Base Deletion,186238,8.83,45.00,45.00,0.00,Before
TCGA-A7-A4SE-Tumor,90,Cycle,Base Substitution,194640,165.00,31.00,30.25,0.75,Before
TCGA-A7-A4SE-Tumor,90,Cycle,Base Insertion,194081,2.82,45.00,45.00,0.00,Before
TCGA-A7-A4SE-Tumor,90,Cycle,Base Deletion,194081,10.60,45.00,45.00,0.00,Before
TCGA-A7-A4SE-Tumor,-90,Cycle,Base Substitution,186154,184.96,30.00,30.17,-0.17,Before
TCGA-A7-A4SE-Tumor,-90,Cycle,Base Insertion,185606,1.81,45.00,45.00,0.00,Before
TCGA-A7-A4SE-Tumor,-90,Cycle,Base Deletion,185606,6.66,45.00,45.00,0.00,Before
TCGA-A7-A4SE-Tumor,91,Cycle,Base Substitution,194054,200.19,30.00,30.40,-0.40,Before
TCGA-A7-A4SE-Tumor,91,Cycle,Base Insertion,193400,3.79,45.00,45.00,0.00,Before
TCGA-A7-A4SE-Tumor,91,Cycle,Base Deletion,193400,8.52,45.00,45.00,0.00,Before
TCGA-A7-A4SE-Tumor,-91,Cycle,Base Substitution,185510,180.42,30.00,30.31,-0.31,Before
TCGA-A7-A4SE-Tumor,-91,Cycle,Base Insertion,184876,1.91,45.00,45.00,0.00,Before
TCGA-A7-A4SE-Tumor,-91,Cycle,Base Deletion,184876,6.08,45.00,45.00,0.00,Before
TCGA-A7-A4SE-Tumor,92,Cycle,Base Substitution,193206,189.25,30.00,30.40,-0.40,Before
TCGA-A7-A4SE-Tumor,92,Cycle,Base Insertion,192516,4.76,45.00,45.00,0.00,Before
TCGA-A7-A4SE-Tumor,92,Cycle,Base Deletion,192516,7.30,45.00,45.00,0.00,Before
TCGA-A7-A4SE-Tumor,-92,Cycle,Base Substitution,184656,175.10,30.00,30.33,-0.33,Before
TCGA-A7-A4SE-Tumor,-92,Cycle,Base Insertion,183974,2.11,45.00,45.00,0.00,Before
TCGA-A7-A4SE-Tumor,-92,Cycle,Base Deletion,183974,5.71,45.00,45.00,0.00,Before
TCGA-A7-A4SE-Tumor,93,Cycle,Base Substitution,192400,186.82,30.00,30.58,-0.58,Before
TCGA-A7-A4SE-Tumor,93,Cycle,Base Insertion,191629,4.70,45.00,45.00,0.00,Before
TCGA-A7-A4SE-Tumor,93,Cycle,Base Deletion,191629,6.58,45.00,45.00,0.00,Before
TCGA-A7-A4SE-Tumor,-93,Cycle,Base Substitution,183894,195.57,30.00,30.15,-0.15,Before
TCGA-A7-A4SE-Tumor,-93,Cycle,Base Insertion,183118,3.76,45.00,45.00,0.00,Before
TCGA-A7-A4SE-Tumor,-93,Cycle,Base Deletion,183118,5.40,45.00,45.00,0.00,Before
TCGA-A7-A4SE-Tumor,94,Cycle,Base Substitution,191551,171.20,30.00,30.45,-0.45,Before
TCGA-A7-A4SE-Tumor,94,Cycle,Base Insertion,190688,2.45,45.00,45.00,0.00,Before
TCGA-A7-A4SE-Tumor,94,Cycle,Base Deletion,190688,5.38,45.00,45.00,0.00,Before
TCGA-A7-A4SE-Tumor,-94,Cycle,Base Substitution,182923,162.66,30.00,30.52,-0.52,Before
TCGA-A7-A4SE-Tumor,-94,Cycle,Base Insertion,182059,1.37,45.00,45.00,0.00,Before
TCGA-A7-A4SE-Tumor,-94,Cycle,Base Deletion,182059,7.00,45.00,45.00,0.00,Before
TCGA-A7-A4SE-Tumor,95,Cycle,Base Substitution,190515,175.64,30.00,30.42,-0.42,Before
TCGA-A7-A4SE-Tumor,95,Cycle,Base Insertion,189588,1.39,45.00,45.00,0.00,Before
TCGA-A7-A4SE-Tumor,95,Cycle,Base Deletion,189588,8.08,45.00,45.00,0.00,Before
TCGA-A7-A4SE-Tumor,-95,Cycle,Base Substitution,181773,189.93,30.00,30.26,-0.26,Before
TCGA-A7-A4SE-Tumor,-95,Cycle,Base Insertion,180850,3.87,45.00,45.00,0.00,Before
TCGA-A7-A4SE-Tumor,-95,Cycle,Base Deletion,180850,4.53,45.00,45.00,0.00,Before
TCGA-A7-A4SE-Tumor,96,Cycle,Base Substitution,189336,164.84,31.00,30.63,0.37,Before
TCGA-A7-A4SE-Tumor,96,Cycle,Base Insertion,188367,4.31,45.00,45.00,0.00,Before
TCGA-A7-A4SE-Tumor,96,Cycle,Base Deletion,188367,5.85,45.00,45.00,0.00,Before
TCGA-A7-A4SE-Tumor,-96,Cycle,Base Substitution,180615,156.16,31.00,30.51,0.49,Before
TCGA-A7-A4SE-Tumor,-96,Cycle,Base Insertion,179675,2.07,45.00,45.00,0.00,Before
TCGA-A7-A4SE-Tumor,-96,Cycle,Base Deletion,179675,4.25,45.00,45.00,0.00,Before
TCGA-A7-A4SE-Tumor,97,Cycle,Base Substitution,187977,144.42,31.00,29.87,1.13,Before
TCGA-A7-A4SE-Tumor,-97,Cycle,Base Substitution,179214,168.85,30.00,29.78,0.22,Before
TCGA-A7-A4SE-Tumor,98,Cycle,Base Substitution,186543,177.53,30.00,28.38,1.62,Before
TCGA-A7-A4SE-Tumor,-98,Cycle,Base Substitution,177755,192.39,29.00,28.36,0.64,Before
TCGA-A7-A4SE-Tumor,99,Cycle,Base Substitution,185024,97.64,32.00,30.15,1.85,Before
TCGA-A7-A4SE-Tumor,-99,Cycle,Base Substitution,176285,113.96,32.00,30.05,1.95,Before
TCGA-A7-A4SE-Tumor,100,Cycle,Base Substitution,184020,84.03,32.00,30.50,1.50,Before
TCGA-A7-A4SE-Tumor,-100,Cycle,Base Substitution,175133,99.77,32.00,30.30,1.70,Before
TCGA-A7-A4SE-Tumor,6,QualityScore,Base Substitution,6967,1184.87,8.00,6.00,2.00,Before
TCGA-A7-A4SE-Tumor,7,QualityScore,Base Substitution,10364,1254.68,9.00,7.00,2.00,Before
TCGA-A7-A4SE-Tumor,8,QualityScore,Base Substitution,14624,1862.55,9.00,8.00,1.00,Before
TCGA-A7-A4SE-Tumor,9,QualityScore,Base Substitution,23959,2831.83,9.00,9.00,0.00,Before
TCGA-A7-A4SE-Tumor,10,QualityScore,Base Substitution,27263,2702.04,10.00,10.00,0.00,Before
TCGA-A7-A4SE-Tumor,11,QualityScore,Base Substitution,27173,2239.77,11.00,11.00,0.00,Before
TCGA-A7-A4SE-Tumor,12,QualityScore,Base Substitution,21333,1244.35,12.00,12.00,0.00,Before
TCGA-A7-A4SE-Tumor,13,QualityScore,Base Substitution,28740,1457.11,13.00,13.00,0.00,Before
TCGA-A7-A4SE-Tumor,14,QualityScore,Base Substitution,22984,976.64,14.00,14.00,0.00,Before
TCGA-A7-A4SE-Tumor,15,QualityScore,Base Substitution,22169,715.04,15.00,15.00,0.00,Before
TCGA-A7-A4SE-Tumor,16,QualityScore,Base Substitution,16917,470.77,16.00,16.00,0.00,Before
TCGA-A7-A4SE-Tumor,17,QualityScore,Base Substitution,24037,455.56,17.00,17.00,0.00,Before
TCGA-A7-A4SE-Tumor,18,QualityScore,Base Substitution,31185,446.26,18.00,18.00,0.00,Before
TCGA-A7-A4SE-Tumor,19,QualityScore,Base Substitution,37376,452.14,19.00,19.00,0.00,Before
TCGA-A7-A4SE-Tumor,20,QualityScore,Base Substitution,63828,620.76,20.00,20.00,0.00,Before
TCGA-A7-A4SE-Tumor,21,QualityScore,Base Substitution,92628,668.49,21.00,21.00,0.00,Before
TCGA-A7-A4SE-Tumor,22,QualityScore,Base Substitution,115361,652.33,22.00,22.00,0.00,Before
TCGA-A7-A4SE-Tumor,23,QualityScore,Base Substitution,129736,543.20,24.00,23.00,1.00,Before
TCGA-A7-A4SE-Tumor,24,QualityScore,Base Substitution,182246,551.48,25.00,24.00,1.00,Before
TCGA-A7-A4SE-Tumor,25,QualityScore,Base Substitution,236285,653.82,26.00,25.00,1.00,Before
TCGA-A7-A4SE-Tumor,26,QualityScore,Base Substitution,489108,894.21,27.00,26.00,1.00,Before
TCGA-A7-A4SE-Tumor,27,QualityScore,Base Substitution,605557,1072.24,27.00,27.00,0.00,Before
TCGA-A7-A4SE-Tumor,28,QualityScore,Base Substitution,741559,1045.33,28.00,28.00,0.00,Before
TCGA-A7-A4SE-Tumor,29,QualityScore,Base Substitution,1170736,1399.11,29.00,29.00,0.00,Before
TCGA-A7-A4SE-Tumor,30,QualityScore,Base Substitution,1895163,1786.99,30.00,30.00,0.00,Before
TCGA-A7-A4SE-Tumor,31,QualityScore,Base Substitution,3885435,2891.55,31.00,31.00,0.00,Before
TCGA-A7-A4SE-Tumor,32,QualityScore,Base Substitution,8302756,4197.85,33.00,32.00,1.00,Before
TCGA-A7-A4SE-Tumor,33,QualityScore,Base Substitution,7931779,3227.46,34.00,33.00,1.00,Before
TCGA-A7-A4SE-Tumor,34,QualityScore,Base Substitution,6800852,1990.47,35.00,34.00,1.00,Before
TCGA-A7-A4SE-Tumor,35,QualityScore,Base Substitution,3946902,973.09,36.00,35.00,1.00,Before
TCGA-A7-A4SE-Tumor,36,QualityScore,Base Substitution,1782163,393.08,36.00,36.00,0.00,Before
TCGA-A7-A4SE-Tumor,37,QualityScore,Base Substitution,854290,176.56,37.00,37.00,0.00,Before
TCGA-A7-A4SE-Tumor,38,QualityScore,Base Substitution,159074,20.84,38.00,38.00,0.00,Before
TCGA-A7-A4SE-Tumor,45,QualityScore,Base Insertion,39700549,1334.89,45.00,45.00,0.00,Before
TCGA-A7-A4SE-Tumor,45,QualityScore,Base Deletion,39700549,2409.61,42.00,45.00,-3.00,Before
TCGA-A7-A4SE-Tumor,AA,Context,Base Substitution,2805465,2775.00,30.00,30.21,-0.21,After
TCGA-A7-A4SE-Tumor,AAA,Context,Base Insertion,937675,174.16,38.00,40.00,-2.00,After
TCGA-A7-A4SE-Tumor,AAA,Context,Base Deletion,937675,380.83,34.00,35.00,-1.00,After
TCGA-A7-A4SE-Tumor,CA,Context,Base Substitution,3027823,3288.72,30.00,29.90,0.10,After
TCGA-A7-A4SE-Tumor,CAA,Context,Base Insertion,638102,12.90,45.00,45.00,0.00,After
TCGA-A7-A4SE-Tumor,CAA,Context,Base Deletion,638102,35.06,42.00,42.00,0.00,After
TCGA-A7-A4SE-Tumor,GA,Context,Base Substitution,2464666,5560.28,26.00,26.89,-0.89,After
TCGA-A7-A4SE-Tumor,GAA,Context,Base Insertion,720338,28.17,45.00,45.00,0.00,After
TCGA-A7-A4SE-Tumor,GAA,Context,Base Deletion,720338,45.51,42.00,42.00,0.00,After
TCGA-A7-A4SE-Tumor,TA,Context,Base Substitution,1635254,3553.26,27.00,26.79,0.21,After
TCGA-A7-A4SE-Tumor,TAA,Context,Base Insertion,472347,9.12,45.00,45.00,0.00,After
TCGA-A7-A4SE-Tumor,TAA,Context,Base Deletion,472347,20.81,42.00,42.00,0.00,After
TCGA-A7-A4SE-Tumor,AC,Context,Base Substitution,2050320,1699.32,31.00,30.80,0.20,After
TCGA-A7-A4SE-Tumor,ACA,Context,Base Insertion,712649,14.99,45.00,45.00,0.00,After
TCGA-A7-A4SE-Tumor,ACA,Context,Base Deletion,712649,55.68,42.00,42.00,0.00,After
TCGA-A7-A4SE-Tumor,CC,Context,Base Substitution,2920233,2227.75,31.00,31.09,-0.09,After
TCGA-A7-A4SE-Tumor,CCA,Context,Base Insertion,894562,58.13,43.00,44.00,-1.00,After
TCGA-A7-A4SE-Tumor,CCA,Context,Base Deletion,894562,32.17,43.00,43.00,0.00,After
TCGA-A7-A4SE-Tumor,GC,Context,Base Substitution,2297750,3694.37,28.00,28.00,-0.00,After
TCGA-A7-A4SE-Tumor,GCA,Context,Base Insertion,675024,4.53,47.00,46.00,1.00,After
TCGA-A7-A4SE-Tumor,GCA,Context,Base Deletion,675024,13.12,44.00,43.00,1.00,After
TCGA-A7-A4SE-Tumor,TC,Context,Base Substitution,2506644,1349.15,33.00,32.47,0.53,After
TCGA-A7-A4SE-Tumor,TCA,Context,Base Insertion,708021,23.39,45.00,45.00,0.00,After
TCGA-A7-A4SE-Tumor,TCA,Context,Base Deletion,708021,22.34,44.00,43.00,1.00,After
TCGA-A7-A4SE-Tumor,AG,Context,Base Substitution,2991336,1654.73,33.00,32.39,0.61,After
TCGA-A7-A4SE-Tumor,AGA,Context,Base Insertion,808813,14.89,46.00,46.00,0.00,After
TCGA-A7-A4SE-Tumor,AGA,Context,Base Deletion,808813,47.14,42.00,42.00,0.00,After
TCGA-A7-A4SE-Tumor,CG,Context,Base Substitution,810660,1366.70,28.00,27.28,0.72,After
TCGA-A7-A4SE-Tumor,CGA,Context,Base Insertion,166033,3.18,45.00,45.00,0.00,After
TCGA-A7-A4SE-Tumor,CGA,Context,Base Deletion,166033,8.05,42.00,42.00,0.00,After
TCGA-A7-A4SE-Tumor,GG,Context,Base Substitution,2828759,3299.99,29.00,29.52,-0.52,After
TCGA-A7-A4SE-Tumor,GGA,Context,Base Insertion,766490,28.22,45.00,45.00,0.00,After
TCGA-A7-A4SE-Tumor,GGA,Context,Base Deletion,766490,36.98,42.00,42.00,0.00,After
TCGA-A7-A4SE-Tumor,TG,Context,Base Substitution,3004080,1566.34,33.00,32.65,0.35,After
TCGA-A7-A4SE-Tumor,TGA,Context,Base Insertion,702563,19.67,45.00,45.00,0.00,After
TCGA-A7-A4SE-Tumor,TGA,Context,Base Deletion,702563,14.40,44.00,43.00,1.00,After
TCGA-A7-A4SE-Tumor,AT,Context,Base Substitution,2095073,2123.66,30.00,30.32,-0.32,After
TCGA-A7-A4SE-Tumor,ATA,Context,Base Insertion,414734,8.15,45.00,45.00,0.00,After
TCGA-A7-A4SE-Tumor,ATA,Context,Base Deletion,414734,18.84,42.00,42.00,0.00,After
TCGA-A7-A4SE-Tumor,CT,Context,Base Substitution,3028805,2059.05,32.00,32.06,-0.06,After
TCGA-A7-A4SE-Tumor,CTA,Context,Base Insertion,364857,5.91,45.00,45.00,0.00,After
TCGA-A7-A4SE-Tumor,CTA,Context,Base Deletion,364857,88.44,38.00,40.00,-2.00,After
TCGA-A7-A4SE-Tumor,GT,Context,Base Substitution,2010709,2177.21,30.00,29.95,0.05,After
TCGA-A7-A4SE-Tumor,GTA,Context,Base Insertion,353278,5.15,45.00,45.00,0.00,After
TCGA-A7-A4SE-Tumor,GTA,Context,Base Deletion,353278,5.76,44.00,43.00,1.00,After
TCGA-A7-A4SE-Tumor,TT,Context,Base Substitution,2813754,3164.87,29.00,29.59,-0.59,After
TCGA-A7-A4SE-Tumor,TTA,Context,Base Insertion,479360,34.43,43.00,44.00,-1.00,After
TCGA-A7-A4SE-Tumor,TTA,Context,Base Deletion,479360,19.39,42.00,42.00,0.00,After
TCGA-A7-A4SE-Tumor,AAC,Context,Base Insertion,510845,11.45,45.00,45.00,0.00,After
TCGA-A7-A4SE-Tumor,AAC,Context,Base Deletion,510845,24.53,42.00,42.00,0.00,After
TCGA-A7-A4SE-Tumor,CAC,Context,Base Insertion,693055,9.86,45.00,45.00,0.00,After
TCGA-A7-A4SE-Tumor,CAC,Context,Base Deletion,693055,43.08,42.00,42.00,0.00,After
TCGA-A7-A4SE-Tumor,GAC,Context,Base Insertion,460352,11.31,45.00,45.00,0.00,After
TCGA-A7-A4SE-Tumor,GAC,Context,Base Deletion,460352,16.41,43.00,43.00,0.00,After
TCGA-A7-A4SE-Tumor,TAC,Context,Base Insertion,370921,10.87,45.00,45.00,0.00,After
TCGA-A7-A4SE-Tumor,TAC,Context,Base Deletion,370921,31.66,42.00,42.00,0.00,After
TCGA-A7-A4SE-Tumor,ACC,Context,Base Insertion,576332,11.87,45.00,45.00,0.00,After
TCGA-A7-A4SE-Tumor,ACC,Context,Base Deletion,576332,19.63,43.00,43.00,0.00,After
TCGA-A7-A4SE-Tumor,CCC,Context,Base Insertion,824728,19.70,45.00,45.00,0.00,After
TCGA-A7-A4SE-Tumor,CCC,Context,Base Deletion,824728,29.70,43.00,43.00,0.00,After
TCGA-A7-A4SE-Tumor,GCC,Context,Base Insertion,699854,12.11,45.00,45.00,0.00,After
TCGA-A7-A4SE-Tumor,GCC,Context,Base Deletion,699854,8.17,44.00,43.00,1.00,After
TCGA-A7-A4SE-Tumor,TCC,Context,Base Insertion,787124,12.21,46.00,46.00,0.00,After
TCGA-A7-A4SE-Tumor,TCC,Context,Base Deletion,787124,18.81,44.00,43.00,1.00,After
TCGA-A7-A4SE-Tumor,AGC,Context,Base Insertion,709071,21.48,45.00,45.00,0.00,After
TCGA-A7-A4SE-Tumor,AGC,Context,Base Deletion,709071,13.96,44.00,43.00,1.00,After
TCGA-A7-A4SE-Tumor,CGC,Context,Base Insertion,201981,2.30,45.00,45.00,0.00,After
TCGA-A7-A4SE-Tumor,CGC,Context,Base Deletion,201981,2.83,42.00,42.00,0.00,After
TCGA-A7-A4SE-Tumor,GGC,Context,Base Insertion,695583,18.59,45.00,45.00,0.00,After
TCGA-A7-A4SE-Tumor,GGC,Context,Base Deletion,695583,12.89,44.00,43.00,1.00,After
TCGA-A7-A4SE-Tumor,TGC,Context,Base Insertion,679411,11.25,45.00,45.00,0.00,After
TCGA-A7-A4SE-Tumor,TGC,Context,Base Deletion,679411,30.74,42.00,42.00,0.00,After
TCGA-A7-A4SE-Tumor,ATC,Context,Base Insertion,468590,27.74,44.00,44.00,0.00,After
TCGA-A7-A4SE-Tumor,ATC,Context,Base Deletion,468590,5.04,44.00,43.00,1.00,After
TCGA-A7-A4SE-Tumor,CTC,Context,Base Insertion,823302,40.59,44.00,44.00,0.00,After
TCGA-A7-A4SE-Tumor,CTC,Context,Base Deletion,823302,36.66,42.00,42.00,0.00,After
TCGA-A7-A4SE-Tumor,GTC,Context,Base Insertion,459315,8.22,45.00,45.00,0.00,After
TCGA-A7-A4SE-Tumor,GTC,Context,Base Deletion,459315,8.13,44.00,43.00,1.00,After
TCGA-A7-A4SE-Tumor,TTC,Context,Base Insertion,731587,29.07,45.00,45.00,0.00,After
TCGA-A7-A4SE-Tumor,TTC,Context,Base Deletion,731587,56.09,42.00,42.00,0.00,After
TCGA-A7-A4SE-Tumor,AAG,Context,Base Insertion,762092,45.09,43.00,44.00,-1.00,After
TCGA-A7-A4SE-Tumor,AAG,Context,Base Deletion,762092,56.14,42.00,42.00,0.00,After
TCGA-A7-A4SE-Tumor,CAG,Context,Base Insertion,1038581,9.02,47.00,46.00,1.00,After
TCGA-A7-A4SE-Tumor,CAG,Context,Base Deletion,1038581,17.01,45.00,44.00,1.00,After
TCGA-A7-A4SE-Tumor,GAG,Context,Base Insertion,789505,6.55,47.00,46.00,1.00,After
TCGA-A7-A4SE-Tumor,GAG,Context,Base Deletion,789505,19.36,44.00,43.00,1.00,After
TCGA-A7-A4SE-Tumor,TAG,Context,Base Insertion,362379,7.42,45.00,45.00,0.00,After
TCGA-A7-A4SE-Tumor,TAG,Context,Base Deletion,362379,37.54,41.00,41.00,0.00,After
TCGA-A7-A4SE-Tumor,ACG,Context,Base Insertion,175016,3.25,45.00,45.00,0.00,After
TCGA-A7-A4SE-Tumor,ACG,Context,Base Deletion,175016,9.11,42.00,42.00,0.00,After
TCGA-A7-A4SE-Tumor,CCG,Context,Base Insertion,262587,6.79,45.00,45.00,0.00,After
TCGA-A7-A4SE-Tumor,CCG,Context,Base Deletion,262587,4.21,43.00,43.00,0.00,After
TCGA-A7-A4SE-Tumor,GCG,Context,Base Insertion,198633,2.15,45.00,45.00,0.00,After
TCGA-A7-A4SE-Tumor,GCG,Context,Base Deletion,198633,11.75,42.00,42.00,0.00,After
TCGA-A7-A4SE-Tumor,TCG,Context,Base Insertion,162684,3.43,45.00,45.00,0.00,After
TCGA-A7-A4SE-Tumor,TCG,Context,Base Deletion,162684,7.62,42.00,42.00,0.00,After
TCGA-A7-A4SE-Tumor,AGG,Context,Base Insertion,882561,41.24,44.00,44.00,0.00,After
TCGA-A7-A4SE-Tumor,AGG,Context,Base Deletion,882561,11.05,45.00,44.00,1.00,After
TCGA-A7-A4SE-Tumor,CGG,Context,Base Insertion,260744,1.62,45.00,45.00,0.00,After
TCGA-A7-A4SE-Tumor,CGG,Context,Base Deletion,260744,5.93,43.00,43.00,0.00,After
TCGA-A7-A4SE-Tumor,GGG,Context,Base Insertion,791492,21.33,45.00,45.00,0.00,After
TCGA-A7-A4SE-Tumor,GGG,Context,Base Deletion,791492,54.01,42.00,42.00,0.00,After
TCGA-A7-A4SE-Tumor,TGG,Context,Base Insertion,871607,70.22,42.00,43.00,-1.00,After
TCGA-A7-A4SE-Tumor,TGG,Context,Base Deletion,871607,25.11,44.00,43.00,1.00,After
TCGA-A7-A4SE-Tumor,ATG,Context,Base Insertion,623595,35.96,43.00,44.00,-1.00,After
TCGA-A7-A4SE-Tumor,ATG,Context,Base Deletion,623595,10.02,44.00,43.00,1.00,After
TCGA-A7-A4SE-Tumor,CTG,Context,Base Insertion,1034529,13.64,46.00,46.00,0.00,After
TCGA-A7-A4SE-Tumor,CTG,Context,Base Deletion,1034529,28.21,44.00,43.00,1.00,After
TCGA-A7-A4SE-Tumor,GTG,Context,Base Insertion,673411,19.54,45.00,45.00,0.00,After
TCGA-A7-A4SE-Tumor,GTG,Context,Base Deletion,673411,40.40,42.00,42.00,0.00,After
TCGA-A7-A4SE-Tumor,TTG,Context,Base Insertion,633187,13.83,45.00,45.00,0.00,After
TCGA-A7-A4SE-Tumor,TTG,Context,Base Deletion,633187,29.43,42.00,42.00,0.00,After
TCGA-A7-A4SE-Tumor,AAT,Context,Base Insertion,564002,15.93,45.00,45.00,0.00,After
TCGA-A7-A4SE-Tumor,AAT,Context,Base Deletion,564002,28.81,42.00,42.00,0.00,After
TCGA-A7-A4SE-Tumor,CAT,Context,Base Insertion,626188,8.87,45.00,45.00,0.00,After
TCGA-A7-A4SE-Tumor,CAT,Context,Base Deletion,626188,13.75,44.00,43.00,1.00,After
TCGA-A7-A4SE-Tumor,GAT,Context,Base Insertion,469403,12.23,45.00,45.00,0.00,After
TCGA-A7-A4SE-Tumor,GAT,Context,Base Deletion,469403,12.23,43.00,43.00,0.00,After
TCGA-A7-A4SE-Tumor,TAT,Context,Base Insertion,412436,28.14,43.00,44.00,-1.00,After
TCGA-A7-A4SE-Tumor,TAT,Context,Base Deletion,412436,11.51,43.00,43.00,0.00,After
TCGA-A7-A4SE-Tumor,ACT,Context,Base Insertion,564404,28.84,44.00,44.00,0.00,After
TCGA-A7-A4SE-Tumor,ACT,Context,Base Deletion,564404,69.00,40.00,41.00,-1.00,After
TCGA-A7-A4SE-Tumor,CCT,Context,Base Insertion,906993,8.24,47.00,46.00,1.00,After
TCGA-A7-A4SE-Tumor,CCT,Context,Base Deletion,906993,29.66,44.00,43.00,1.00,After
TCGA-A7-A4SE-Tumor,GCT,Context,Base Insertion,701290,1.26,47.00,46.00,1.00,After
TCGA-A7-A4SE-Tumor,GCT,Context,Base Deletion,701290,29.87,43.00,43.00,0.00,After
TCGA-A7-A4SE-Tumor,TCT,Context,Base Insertion,822043,15.33,45.00,45.00,0.00,After
TCGA-A7-A4SE-Tumor,TCT,Context,Base Deletion,822043,55.25,42.00,42.00,0.00,After
TCGA-A7-A4SE-Tumor,AGT,Context,Base Insertion,553295,10.07,45.00,45.00,0.00,After
TCGA-A7-A4SE-Tumor,AGT,Context,Base Deletion,553295,35.54,42.00,42.00,0.00,After
TCGA-A7-A4SE-Tumor,CGT,Context,Base Insertion,181072,2.69,45.00,45.00,0.00,After
TCGA-A7-A4SE-Tumor,CGT,Context,Base Deletion,181072,9.27,42.00,42.00,0.00,After
TCGA-A7-A4SE-Tumor,GGT,Context,Base Insertion,547792,17.09,45.00,45.00,0.00,After
TCGA-A7-A4SE-Tumor,GGT,Context,Base Deletion,547792,23.07,42.00,42.00,0.00,After
TCGA-A7-A4SE-Tumor,TGT,Context,Base Insertion,713411,9.72,46.00,46.00,0.00,After
TCGA-A7-A4SE-Tumor,TGT,Context,Base Deletion,713411,47.44,42.00,42.00,0.00,After
TCGA-A7-A4SE-Tumor,ATT,Context,Base Insertion,569333,49.32,43.00,44.00,-1.00,After
TCGA-A7-A4SE-Tumor,ATT,Context,Base Deletion,569333,23.63,42.00,42.00,0.00,After
TCGA-A7-A4SE-Tumor,CTT,Context,Base Insertion,774010,16.37,45.00,45.00,0.00,After
TCGA-A7-A4SE-Tumor,CTT,Context,Base Deletion,774010,83.76,40.00,41.00,-1.00,After
TCGA-A7-A4SE-Tumor,GTT,Context,Base Insertion,507651,19.73,45.00,45.00,0.00,After
TCGA-A7-A4SE-Tumor,GTT,Context,Base Deletion,507651,29.74,42.00,42.00,0.00,After
TCGA-A7-A4SE-Tumor,TTT,Context,Base Insertion,939517,78.09,42.00,43.00,-1.00,After
TCGA-A7-A4SE-Tumor,TTT,Context,Base Deletion,939517,328.62,35.00,36.00,-1.00,After
TCGA-A7-A4SE-Tumor,1,Cycle,Base Substitution,204175,244.33,29.00,29.61,-0.61,After
TCGA-A7-A4SE-Tumor,-1,Cycle,Base Substitution,203200,351.45,28.00,27.67,0.33,After
TCGA-A7-A4SE-Tumor,2,Cycle,Base Substitution,204913,178.47,31.00,30.74,0.26,After
TCGA-A7-A4SE-Tumor,-2,Cycle,Base Substitution,203118,344.38,28.00,27.89,0.11,After
TCGA-A7-A4SE-Tumor,3,Cycle,Base Substitution,204939,244.48,29.00,28.73,0.27,After
TCGA-A7-A4SE-Tumor,-3,Cycle,Base Substitution,203045,457.57,26.00,26.35,-0.35,After
TCGA-A7-A4SE-Tumor,4,Cycle,Base Substitution,204971,193.67,30.00,31.05,-1.05,After
TCGA-A7-A4SE-Tumor,-4,Cycle,Base Substitution,203188,329.22,28.00,26.82,1.18,After
TCGA-A7-A4SE-Tumor,5,Cycle,Base Substitution,204902,139.77,32.00,31.73,0.27,After
TCGA-A7-A4SE-Tumor,5,Cycle,Base Insertion,204902,5.83,45.00,44.63,0.37,After
TCGA-A7-A4SE-Tumor,5,Cycle,Base Deletion,204902,4.63,42.00,41.55,0.45,After
TCGA-A7-A4SE-Tumor,-5,Cycle,Base Substitution,202967,271.57,29.00,29.17,-0.17,After
TCGA-A7-A4SE-Tumor,-5,Cycle,Base Insertion,202967,3.81,45.00,44.63,0.37,After
TCGA-A7-A4SE-Tumor,-5,Cycle,Base Deletion,202967,4.23,42.00,41.57,0.43,After
TCGA-A7-A4SE-Tumor,6,Cycle,Base Substitution,204901,132.95,32.00,31.60,0.40,After
TCGA-A7-A4SE-Tumor,6,Cycle,Base Insertion,204901,5.12,45.00,44.62,0.38,After
TCGA-A7-A4SE-Tumor,6,Cycle,Base Deletion,204901,6.71,42.00,41.57,0.43,After
TCGA-A7-A4SE-Tumor,-6,Cycle,Base Substitution,202901,233.39,29.00,29.66,-0.66,After
TCGA-A7-A4SE-Tumor,-6,Cycle,Base Insertion,202901,4.84,45.00,44.63,0.37,After
TCGA-A7-A4SE-Tumor,-6,Cycle,Base Deletion,202901,6.75,42.00,41.60,0.40,After
TCGA-A7-A4SE-Tumor,7,Cycle,Base Substitution,204894,159.34,31.00,31.70,-0.70,After
TCGA-A7-A4SE-Tumor,7,Cycle,Base Insertion,204894,6.45,45.00,44.62,0.38,After
TCGA-A7-A4SE-Tumor,7,Cycle,Base Deletion,204894,5.13,42.00,41.59,0.41,After
TCGA-A7-A4SE-Tumor,-7,Cycle,Base Substitution,202837,259.48,29.00,29.49,-0.49,After
TCGA-A7-A4SE-Tumor,-7,Cycle,Base Insertion,202837,11.03,44.00,44.63,-0.63,After
TCGA-A7-A4SE-Tumor,-7,Cycle,Base Deletion,202837,9.03,42.00,41.62,0.38,After
TCGA-A7-A4SE-Tumor,8,Cycle,Base Substitution,204859,203.85,30.00,30.86,-0.86,After
TCGA-A7-A4SE-Tumor,8,Cycle,Base Insertion,204859,6.92,44.00,44.63,-0.63,After
TCGA-A7-A4SE-Tumor,8,Cycle,Base Deletion,204859,6.91,42.00,41.58,0.42,After
TCGA-A7-A4SE-Tumor,-8,Cycle,Base Substitution,202787,225.65,30.00,29.44,0.56,After
TCGA-A7-A4SE-Tumor,-8,Cycle,Base Insertion,202787,7.75,44.00,44.63,-0.63,After
TCGA-A7-A4SE-Tumor,-8,Cycle,Base Deletion,202787,7.79,42.00,41.58,0.42,After
TCGA-A7-A4SE-Tumor,9,Cycle,Base Substitution,204942,152.44,32.00,32.02,-0.02,After
TCGA-A7-A4SE-Tumor,9,Cycle,Base Insertion,204942,5.62,45.00,44.63,0.37,After
TCGA-A7-A4SE-Tumor,9,Cycle,Base Deletion,204942,6.76,42.00,41.57,0.43,After
TCGA-A7-A4SE-Tumor,-9,Cycle,Base Substitution,202679,222.82,30.00,29.72,0.28,After
TCGA-A7-A4SE-Tumor,-9,Cycle,Base Insertion,202679,7.06,44.00,44.63,-0.63,After
TCGA-A7-A4SE-Tumor,-9,Cycle,Base Deletion,202679,10.12,42.00,41.56,0.44,After
TCGA-A7-A4SE-Tumor,10,Cycle,Base Substitution,204929,143.49,32.00,31.73,0.27,After
TCGA-A7-A4SE-Tumor,10,Cycle,Base Insertion,204929,5.98,45.00,44.62,0.38,After
TCGA-A7-A4SE-Tumor,10,Cycle,Base Deletion,204929,9.27,42.00,41.56,0.44,After
TCGA-A7-A4SE-Tumor,-10,Cycle,Base Substitution,202619,242.28,29.00,29.58,-0.58,After
TCGA-A7-A4SE-Tumor,-10,Cycle,Base Insertion,202619,8.36,44.00,44.61,-0.61,After
TCGA-A7-A4SE-Tumor,-10,Cycle,Base Deletion,202619,8.90,42.00,41.56,0.44,After
TCGA-A7-A4SE-Tumor,11,Cycle,Base Substitution,204880,165.62,31.00,31.34,-0.34,After
TCGA-A7-A4SE-Tumor,11,Cycle,Base Insertion,204880,5.61,45.00,44.63,0.37,After
TCGA-A7-A4SE-Tumor,11,Cycle,Base Deletion,204880,11.74,42.00,41.57,0.43,After
TCGA-A7-A4SE-Tumor,-11,Cycle,Base Substitution,202551,227.21,29.00,29.32,-0.32,After
TCGA-A7-A4SE-Tumor,-11,Cycle,Base Insertion,202551,7.18,44.00,44.62,-0.62,After
TCGA-A7-A4SE-Tumor,-11,Cycle,Base Deletion,202551,10.12,42.00,41.57,0.43,After
TCGA-A7-A4SE-Tumor,12,Cycle,Base Substitution,204913,181.95,31.00,31.25,-0.25,After
TCGA-A7-A4SE-Tumor,12,Cycle,Base Insertion,204913,8.53,44.00,44.63,-0.63,After
TCGA-A7-A4SE-Tumor,12,Cycle,Base Deletion,204913,11.76,42.00,41.58,0.42,After
TCGA-A7-A4SE-Tumor,-12,Cycle,Base Substitution,202467,266.42,29.00,29.48,-0.48,After
TCGA-A7-A4SE-Tumor,-12,Cycle,Base Insertion,202467,6.32,45.00,44.63,0.37,After
TCGA-A7-A4SE-Tumor,-12,Cycle,Base Deletion,202467,10.34,42.00,41.60,0.40,After
TCGA-A7-A4SE-Tumor,13,Cycle,Base Substitution,204854,189.34,31.00,31.05,-0.05,After
TCGA-A7-A4SE-Tumor,13,Cycle,Base Insertion,204854,6.05,45.00,44.63,0.37,After
TCGA-A7-A4SE-Tumor,13,Cycle,Base Deletion,204854,11.28,42.00,41.57,0.43,After
TCGA-A7-A4SE-Tumor,-13,Cycle,Base Substitution,202361,243.09,29.00,29.62,-0.62,After
TCGA-A7-A4SE-Tumor,-13,Cycle,Base Insertion,202361,6.39,45.00,44.62,0.38,After
TCGA-A7-A4SE-Tumor,-13,Cycle,Base Deletion,202361,11.63,42.00,41.59,0.41,After
TCGA-A7-A4SE-Tumor,14,Cycle,Base Substitution,204913,168.29,31.00,31.67,-0.67,After
TCGA-A7-A4SE-Tumor,14,Cycle,Base Insertion,204913,6.62,44.00,44.62,-0.62,After
TCGA-A7-A4SE-Tumor,14,Cycle,Base Deletion,204913,10.19,42.00,41.57,0.43,After
TCGA-A7-A4SE-Tumor,-14,Cycle,Base Substitution,202360,234.20,29.00,29.78,-0.78,After
TCGA-A7-A4SE-Tumor,-14,Cycle,Base Insertion,202360,10.02,44.00,44.62,-0.62,After
TCGA-A7-A4SE-Tumor,-14,Cycle,Base Deletion,202360,12.70,42.00,41.58,0.42,After
TCGA-A7-A4SE-Tumor,15,Cycle,Base Substitution,204924,151.44,31.00,31.23,-0.23,After
TCGA-A7-A4SE-Tumor,15,Cycle,Base Insertion,204924,11.30,44.00,44.62,-0.62,After
TCGA-A7-A4SE-Tumor,15,Cycle,Base Deletion,204924,9.63,42.00,41.57,0.43,After
TCGA-A7-A4SE-Tumor,-15,Cycle,Base Substitution,202262,242.97,29.00,29.35,-0.35,After
TCGA-A7-A4SE-Tumor,-15,Cycle,Base Insertion,202262,11.50,44.00,44.63,-0.63,After
TCGA-A7-A4SE-Tumor,-15,Cycle,Base Deletion,202262,14.85,41.00,41.58,-0.58,After
TCGA-A7-A4SE-Tumor,16,Cycle,Base Substitution,204872,158.11,31.00,31.24,-0.24,After
TCGA-A7-A4SE-Tumor,16,Cycle,Base Insertion,204870,8.64,44.00,44.62,-0.62,After
TCGA-A7-A4SE-Tumor,16,Cycle,Base Deletion,204870,10.62,42.00,41.58,0.42,After
TCGA-A7-A4SE-Tumor,-16,Cycle,Base Substitution,202170,246.46,29.00,29.61,-0.61,After
TCGA-A7-A4SE-Tumor,-16,Cycle,Base Insertion,202168,8.22,44.00,44.63,-0.63,After
TCGA-A7-A4SE-Tumor,-16,Cycle,Base Deletion,202168,14.44,41.00,41.60,-0.60,After
TCGA-A7-A4SE-Tumor,17,Cycle,Base Substitution,204860,156.33,31.00,31.02,-0.02,After
TCGA-A7-A4SE-Tumor,17,Cycle,Base Insertion,204856,8.22,44.00,44.63,-0.63,After
TCGA-A7-A4SE-Tumor,17,Cycle,Base Deletion,204856,10.39,42.00,41.60,0.40,After
TCGA-A7-A4SE-Tumor,-17,Cycle,Base Substitution,202066,238.60,29.00,29.38,-0.38,After
TCGA-A7-A4SE-Tumor,-17,Cycle,Base Insertion,202064,8.94,44.00,44.63,-0.63,After
TCGA-A7-A4SE-Tumor,-17,Cycle,Base Deletion,202064,14.96,41.00,41.60,-0.60,After
TCGA-A7-A4SE-Tumor,18,Cycle,Base Substitution,204866,142.19,32.00,31.16,0.84,After
TCGA-A7-A4SE-Tumor,18,Cycle,Base Insertion,204860,10.71,44.00,44.63,-0.63,After
TCGA-A7-A4SE-Tumor,18,Cycle,Base Deletion,204860,12.99,42.00,41.60,0.40,After
TCGA-A7-A4SE-Tumor,-18,Cycle,Base Substitution,201993,253.10,29.00,29.39,-0.39,After
TCGA-A7-A4SE-Tumor,-18,Cycle,Base Insertion,201991,7.12,44.00,44.64,-0.64,After
TCGA-A7-A4SE-Tumor,-18,Cycle,Base Deletion,201991,15.33,41.00,41.62,-0.62,After
TCGA-A7-A4SE-Tumor,19,Cycle,Base Substitution,204873,127.26,32.00,31.35,0.65,After
TCGA-A7-A4SE-Tumor,19,Cycle,Base Insertion,204866,9.16,44.00,44.64,-0.64,After
TCGA-A7-A4SE-Tumor,19,Cycle,Base Deletion,204866,11.34,42.00,41.60,0.40,After
TCGA-A7-A4SE-Tumor,-19,Cycle,Base Substitution,201928,200.07,30.00,29.44,0.56,After
TCGA-A7-A4SE-Tumor,-19,Cycle,Base Insertion,201923,7.28,44.00,44.64,-0.64,After
TCGA-A7-A4SE-Tumor,-19,Cycle,Base Deletion,201923,15.03,41.00,41.62,-0.62,After
TCGA-A7-A4SE-Tumor,20,Cycle,Base Substitution,204847,160.57,31.00,31.03,-0.03,After
TCGA-A7-A4SE-Tumor,20,Cycle,Base Insertion,204839,9.69,44.00,44.64,-0.64,After
TCGA-A7-A4SE-Tumor,20,Cycle,Base Deletion,204839,12.11,42.00,41.61,0.39,After
TCGA-A7-A4SE-Tumor,-20,Cycle,Base Substitution,201791,251.92,29.00,29.23,-0.23,After
TCGA-A7-A4SE-Tumor,-20,Cycle,Base Insertion,201783,9.99,44.00,44.65,-0.65,After
TCGA-A7-A4SE-Tumor,-20,Cycle,Base Deletion,201783,15.49,41.00,41.64,-0.64,After
TCGA-A7-A4SE-Tumor,21,Cycle,Base Substitution,204838,147.95,31.00,30.89,0.11,After
TCGA-A7-A4SE-Tumor,21,Cycle,Base Insertion,204832,7.24,44.00,44.64,-0.64,After
TCGA-A7-A4SE-Tumor,21,Cycle,Base Deletion,204832,11.64,42.00,41.63,0.37,After
TCGA-A7-A4SE-Tumor,-21,Cycle,Base Substitution,201821,239.13,29.00,29.18,-0.18,After
TCGA-A7-A4SE-Tumor,-21,Cycle,Base Insertion,201811,8.63,44.00,44.65,-0.65,After
TCGA-A7-A4SE-Tumor,-21,Cycle,Base Deletion,201811,15.75,41.00,41.64,-0.64,After
TCGA-A7-A4SE-Tumor,22,Cycle,Base Substitution,204788,159.07,31.00,31.21,-0.21,After
TCGA-A7-A4SE-Tumor,22,Cycle,Base Insertion,204780,6.28,45.00,44.65,0.35,After
TCGA-A7-A4SE-Tumor,22,Cycle,Base Deletion,204780,12.98,42.00,41.64,0.36,After
TCGA-A7-A4SE-Tumor,-22,Cycle,Base Substitution,201727,245.97,29.00,29.51,-0.51,After
TCGA-A7-A4SE-Tumor,-22,Cycle,Base Insertion,201710,6.39,45.00,44.65,0.35,After
TCGA-A7-A4SE-Tumor,-22,Cycle,Base Deletion,201710,15.55,41.00,41.64,-0.64,After
TCGA-A7-A4SE-Tumor,23,Cycle,Base Substitution,204736,164.60,31.00,30.73,0.27,After
TCGA-A7-A4SE-Tumor,23,Cycle,Base Insertion,204725,9.98,44.00,44.65,-0.65,After
TCGA-A7-A4SE-Tumor,23,Cycle,Base Deletion,204725,14.29,41.00,41.63,-0.63,After
TCGA-A7-A4SE-Tumor,-23,Cycle,Base Substitution,201583,241.72,29.00,29.20,-0.20,After
TCGA-A7-A4SE-Tumor,-23,Cycle,Base Insertion,201566,7.03,44.00,44.64,-0.64,After
TCGA-A7-A4SE-Tumor,-23,Cycle,Base Deletion,201566,15.33,41.00,41.63,-0.63,After
TCGA-A7-A4SE-Tumor,24,Cycle,Base Substitution,204795,187.20,30.00,30.89,-0.89,After
TCGA-A7-A4SE-Tumor,24,Cycle,Base Insertion,204782,9.61,44.00,44.65,-0.65,After
TCGA-A7-A4SE-Tumor,24,Cycle,Base Deletion,204782,14.18,41.00,41.63,-0.63,After
TCGA-A7-A4SE-Tumor,-24,Cycle,Base Substitution,201513,209.56,30.00,29.45,0.55,After
TCGA-A7-A4SE-Tumor,-24,Cycle,Base Insertion,201496,7.89,44.00,44.64,-0.64,After
TCGA-A7-A4SE-Tumor,-24,Cycle,Base Deletion,201496,15.21,41.00,41.63,-0.63,After
TCGA-A7-A4SE-Tumor,25,Cycle,Base Substitution,204736,174.83,31.00,30.62,0.38,After
TCGA-A7-A4SE-Tumor,25,Cycle,Base Insertion,204725,8.57,44.00,44.65,-0.65,After
TCGA-A7-A4SE-Tumor,25,Cycle,Base Deletion,204725,14.93,41.00,41.64,-0.64,After
TCGA-A7-A4SE-Tumor,-25,Cycle,Base Substitution,201426,220.19,30.00,29.43,0.57,After
TCGA-A7-A4SE-Tumor,-25,Cycle,Base Insertion,201408,5.66,45.00,44.64,0.36,After
TCGA-A7-A4SE-Tumor,-25,Cycle,Base Deletion,201408,17.66,41.00,41.62,-0.62,After
TCGA-A7-A4SE-Tumor,26,Cycle,Base Substitution,204680,174.93,31.00,30.49,0.51,After
TCGA-A7-A4SE-Tumor,26,Cycle,Base Insertion,204672,8.59,44.00,44.65,-0.65,After
TCGA-A7-A4SE-Tumor,26,Cycle,Base Deletion,204672,13.28,42.00,41.63,0.37,After
TCGA-A7-A4SE-Tumor,-26,Cycle,Base Substitution,201317,270.82,29.00,28.79,0.21,After
TCGA-A7-A4SE-Tumor,-26,Cycle,Base Insertion,201297,5.43,45.00,44.64,0.36,After
TCGA-A7-A4SE-Tumor,-26,Cycle,Base Deletion,201297,17.96,41.00,41.64,-0.64,After
TCGA-A7-A4SE-Tumor,27,Cycle,Base Substitution,204619,213.54,30.00,29.86,0.14,After
TCGA-A7-A4SE-Tumor,27,Cycle,Base Insertion,204610,10.72,44.00,44.65,-0.65,After
TCGA-A7-A4SE-Tumor,27,Cycle,Base Deletion,204610,13.77,41.00,41.65,-0.65,After
TCGA-A7-A4SE-Tumor,-27,Cycle,Base Substitution,201080,320.07,28.00,28.51,-0.51,After
TCGA-A7-A4SE-Tumor,-27,Cycle,Base Insertion,201049,11.21,44.00,44.64,-0.64,After
TCGA-A7-A4SE-Tumor,-27,Cycle,Base Deletion,201049,16.09,41.00,41.63,-0.63,After
TCGA-A7-A4SE-Tumor,28,Cycle,Base Substitution,204615,240.15,29.00,29.65,-0.65,After
TCGA-A7-A4SE-Tumor,28,Cycle,Base Insertion,204608,6.14,45.00,44.66,0.34,After
TCGA-A7-A4SE-Tumor,28,Cycle,Base Deletion,204608,12.75,42.00,41.66,0.34,After
TCGA-A7-A4SE-Tumor,-28,Cycle,Base Substitution,201135,234.71,29.00,29.27,-0.27,After
TCGA-A7-A4SE-Tumor,-28,Cycle,Base Insertion,201102,4.80,45.00,44.66,0.34,After
TCGA-A7-A4SE-Tumor,-28,Cycle,Base Deletion,201102,17.37,41.00,41.66,-0.66,After
TCGA-A7-A4SE-Tumor,29,Cycle,Base Substitution,204546,181.79,30.00,30.29,-0.29,After
TCGA-A7-A4SE-Tumor,29,Cycle,Base Insertion,204538,3.48,45.00,44.65,0.35,After
TCGA-A7-A4SE-Tumor,29,Cycle,Base Deletion,204538,12.79,42.00,41.64,0.36,After
TCGA-A7-A4SE-Tumor,-29,Cycle,Base Substitution,200970,238.58,29.00,29.18,-0.18,After
TCGA-A7-A4SE-Tumor,-29,Cycle,Base Insertion,200936,8.43,44.00,44.65,-0.65,After
TCGA-A7-A4SE-Tumor,-29,Cycle,Base Deletion,200936,14.68,41.00,41.65,-0.65,After
TCGA-A7-A4SE-Tumor,30,Cycle,Base Substitution,204520,182.88,30.00,30.22,-0.22,After
TCGA-A7-A4SE-Tumor,30,Cycle,Base Insertion,204510,5.19,45.00,44.65,0.35,After
TCGA-A7-A4SE-Tumor,30,Cycle,Base Deletion,204510,13.84,41.00,41.63,-0.63,After
TCGA-A7-A4SE-Tumor,-30,Cycle,Base Substitution,200904,256.79,29.00,29.02,-0.02,After
TCGA-A7-A4SE-Tumor,-30,Cycle,Base Insertion,200878,5.02,45.00,44.65,0.35,After
TCGA-A7-A4SE-Tumor,-30,Cycle,Base Deletion,200878,14.60,41.00,41.65,-0.65,After
TCGA-A7-A4SE-Tumor,31,Cycle,Base Substitution,204497,184.64,30.00,30.19,-0.19,After
TCGA-A7-A4SE-Tumor,31,Cycle,Base Insertion,204487,3.45,45.00,44.65,0.35,After
TCGA-A7-A4SE-Tumor,31,Cycle,Base Deletion,204487,14.52,41.00,41.65,-0.65,After
TCGA-A7-A4SE-Tumor,-31,Cycle,Base Substitution,200756,266.19,29.00,29.04,-0.04,After
TCGA-A7-A4SE-Tumor,-31,Cycle,Base Insertion,200732,7.16,44.00,44.65,-0.65,After
TCGA-A7-A4SE-Tumor,-31,Cycle,Base Deletion,200732,15.30,41.00,41.65,-0.65,After
TCGA-A7-A4SE-Tumor,32,Cycle,Base Substitution,204422,186.55,30.00,30.16,-0.16,After
TCGA-A7-A4SE-Tumor,32,Cycle,Base Insertion,204413,3.64,45.00,44.66,0.34,After
TCGA-A7-A4SE-Tumor,32,Cycle,Base Deletion,204413,14.15,41.00,41.66,-0.66,After
TCGA-A7-A4SE-Tumor,-32,Cycle,Base Substitution,200633,262.27,29.00,29.09,-0.09,After
TCGA-A7-A4SE-Tumor,-32,Cycle,Base Insertion,200607,7.03,44.00,44.66,-0.66,After
TCGA-A7-A4SE-Tumor,-32,Cycle,Base Deletion,200607,15.46,41.00,41.67,-0.67,After
TCGA-A7-A4SE-Tumor,33,Cycle,Base Substitution,204357,235.98,29.00,29.53,-0.53,After
TCGA-A7-A4SE-Tumor,33,Cycle,Base Insertion,204345,8.02,44.00,44.66,-0.66,After
TCGA-A7-A4SE-Tumor,33,Cycle,Base Deletion,204345,14.37,41.00,41.66,-0.66,After
TCGA-A7-A4SE-Tumor,-33,Cycle,Base Substitution,200535,239.55,29.00,29.11,-0.11,After
TCGA-A7-A4SE-Tumor,-33,Cycle,Base Insertion,200510,6.72,44.00,44.66,-0.66,After
TCGA-A7-A4SE-Tumor,-33,Cycle,Base Deletion,200510,14.29,41.00,41.67,-0.67,After
TCGA-A7-A4SE-Tumor,34,Cycle,Base Substitution,204336,176.09,31.00,30.05,0.95,After
TCGA-A7-A4SE-Tumor,34,Cycle,Base Insertion,204321,6.25,45.00,44.66,0.34,After
TCGA-A7-A4SE-Tumor,34,Cycle,Base Deletion,204321,14.04,41.00,41.66,-0.66,After
TCGA-A7-A4SE-Tumor,-34,Cycle,Base Substitution,200435,225.82,29.00,29.20,-0.20,After
TCGA-A7-A4SE-Tumor,-34,Cycle,Base Insertion,200410,6.31,45.00,44.66,0.34,After
TCGA-A7-A4SE-Tumor,-34,Cycle,Base Deletion,200410,13.60,41.00,41.68,-0.68,After
TCGA-A7-A4SE-Tumor,35,Cycle,Base Substitution,204298,195.71,30.00,29.79,0.21,After
TCGA-A7-A4SE-Tumor,35,Cycle,Base Insertion,204282,12.05,44.00,44.66,-0.66,After
TCGA-A7-A4SE-Tumor,35,Cycle,Base Deletion,204282,13.84,41.00,41.66,-0.66,After
TCGA-A7-A4SE-Tumor,-35,Cycle,Base Substitution,200207,225.43,29.00,29.19,-0.19,After
TCGA-A7-A4SE-Tumor,-35,Cycle,Base Insertion,200182,4.45,45.00,44.65,0.35,After
TCGA-A7-A4SE-Tumor,-35,Cycle,Base Deletion,200182,17.21,41.00,41.66,-0.66,After
TCGA-A7-A4SE-Tumor,36,Cycle,Base Substitution,204244,230.25,29.00,29.61,-0.61,After
TCGA-A7-A4SE-Tumor,36,Cycle,Base Insertion,204224,8.03,44.00,44.66,-0.66,After
TCGA-A7-A4SE-Tumor,36,Cycle,Base Deletion,204224,14.34,41.00,41.66,-0.66,After
TCGA-A7-A4SE-Tumor,-36,Cycle,Base Substitution,200114,267.91,29.00,29.00,0.00,After
TCGA-A7-A4SE-Tumor,-36,Cycle,Base Insertion,200083,8.51,44.00,44.66,-0.66,After
TCGA-A7-A4SE-Tumor,-36,Cycle,Base Deletion,200083,14.41,41.00,41.68,-0.68,After
TCGA-A7-A4SE-Tumor,37,Cycle,Base Substitution,204198,216.59,30.00,29.73,0.27,After
TCGA-A7-A4SE-Tumor,37,Cycle,Base Insertion,204180,7.32,44.00,44.66,-0.66,After
TCGA-A7-A4SE-Tumor,37,Cycle,Base Deletion,204180,15.83,41.00,41.67,-0.67,After
TCGA-A7-A4SE-Tumor,-37,Cycle,Base Substitution,199956,288.15,28.00,28.58,-0.58,After
TCGA-A7-A4SE-Tumor,-37,Cycle,Base Insertion,199927,8.67,44.00,44.66,-0.66,After
TCGA-A7-A4SE-Tumor,-37,Cycle,Base Deletion,199927,14.54,41.00,41.68,-0.68,After
TCGA-A7-A4SE-Tumor,38,Cycle,Base Substitution,204099,219.19,30.00,29.81,0.19,After
TCGA-A7-A4SE-Tumor,38,Cycle,Base Insertion,204085,8.22,44.00,44.66,-0.66,After
TCGA-A7-A4SE-Tumor,38,Cycle,Base Deletion,204085,16.29,41.00,41.65,-0.65,After
TCGA-A7-A4SE-Tumor,-38,Cycle,Base Substitution,199848,269.67,29.00,28.62,0.38,After
TCGA-A7-A4SE-Tumor,-38,Cycle,Base Insertion,199828,6.21,45.00,44.66,0.34,After
TCGA-A7-A4SE-Tumor,-38,Cycle,Base Deletion,199828,15.12,41.00,41.68,-0.68,After
TCGA-A7-A4SE-Tumor,39,Cycle,Base Substitution,204077,189.97,30.00,30.26,-0.26,After
TCGA-A7-A4SE-Tumor,39,Cycle,Base Insertion,204060,11.34,44.00,44.66,-0.66,After
TCGA-A7-A4SE-Tumor,39,Cycle,Base Deletion,204060,16.87,41.00,41.67,-0.67,After
TCGA-A7-A4SE-Tumor,-39,Cycle,Base Substitution,199655,309.32,28.00,28.43,-0.43,After
TCGA-A7-A4SE-Tumor,-39,Cycle,Base Insertion,199631,6.52,44.00,44.66,-0.66,After
TCGA-A7-A4SE-Tumor,-39,Cycle,Base Deletion,199631,16.83,41.00,41.69,-0.69,After
TCGA-A7-A4SE-Tumor,40,Cycle,Base Substitution,204046,215.77,30.00,30.04,-0.04,After
TCGA-A7-A4SE-Tumor,40,Cycle,Base Insertion,204030,4.90,45.00,44.66,0.34,After
TCGA-A7-A4SE-Tumor,40,Cycle,Base Deletion,204030,15.92,41.00,41.65,-0.65,After
TCGA-A7-A4SE-Tumor,-40,Cycle,Base Substitution,199564,235.90,29.00,29.13,-0.13,After
TCGA-A7-A4SE-Tumor,-40,Cycle,Base Insertion,199545,11.17,44.00,44.66,-0.66,After
TCGA-A7-A4SE-Tumor,-40,Cycle,Base Deletion,199545,16.06,41.00,41.68,-0.68,After
TCGA-A7-A4SE-Tumor,41,Cycle,Base Substitution,203882,220.49,30.00,29.86,0.14,After
TCGA-A7-A4SE-Tumor,41,Cycle,Base Insertion,203866,11.14,44.00,44.66,-0.66,After
TCGA-A7-A4SE-Tumor,41,Cycle,Base Deletion,203866,16.48,41.00,41.67,-0.67,After
TCGA-A7-A4SE-Tumor,-41,Cycle,Base Substitution,199454,219.96,30.00,29.29,0.71,After
TCGA-A7-A4SE-Tumor,-41,Cycle,Base Insertion,199441,6.26,45.00,44.66,0.34,After
TCGA-A7-A4SE-Tumor,-41,Cycle,Base Deletion,199441,16.26,41.00,41.68,-0.68,After
TCGA-A7-A4SE-Tumor,42,Cycle,Base Substitution,203877,244.80,29.00,29.54,-0.54,After
TCGA-A7-A4SE-Tumor,42,Cycle,Base Insertion,203862,8.83,44.00,44.66,-0.66,After
TCGA-A7-A4SE-Tumor,42,Cycle,Base Deletion,203862,15.73,41.00,41.66,-0.66,After
TCGA-A7-A4SE-Tumor,-42,Cycle,Base Substitution,199262,226.38,29.00,29.55,-0.55,After
TCGA-A7-A4SE-Tumor,-42,Cycle,Base Insertion,199246,9.40,44.00,44.66,-0.66,After
TCGA-A7-A4SE-Tumor,-42,Cycle,Base Deletion,199246,16.13,41.00,41.68,-0.68,After
TCGA-A7-A4SE-Tumor,43,Cycle,Base Substitution,203809,198.43,30.00,30.06,-0.06,After
TCGA-A7-A4SE-Tumor,43,Cycle,Base Insertion,203795,13.04,44.00,44.65,-0.65,After
TCGA-A7-A4SE-Tumor,43,Cycle,Base Deletion,203795,14.13,41.00,41.64,-0.64,After
TCGA-A7-A4SE-Tumor,-43,Cycle,Base Substitution,199135,219.10,30.00,29.45,0.55,After
TCGA-A7-A4SE-Tumor,-43,Cycle,Base Insertion,199123,10.54,44.00,44.65,-0.65,After
TCGA-A7-A4SE-Tumor,-43,Cycle,Base Deletion,199123,14.00,41.00,41.66,-0.66,After
TCGA-A7-A4SE-Tumor,44,Cycle,Base Substitution,203653,208.23,30.00,29.86,0.14,After
TCGA-A7-A4SE-Tumor,44,Cycle,Base Insertion,203641,11.19,44.00,44.66,-0.66,After
TCGA-A7-A4SE-Tumor,44,Cycle,Base Deletion,203641,14.99,41.00,41.67,-0.67,After
TCGA-A7-A4SE-Tumor,-44,Cycle,Base Substitution,198929,221.06,30.00,29.51,0.49,After
TCGA-A7-A4SE-Tumor,-44,Cycle,Base Insertion,198918,5.01,45.00,44.66,0.34,After
TCGA-A7-A4SE-Tumor,-44,Cycle,Base Deletion,198918,15.03,41.00,41.67,-0.67,After
TCGA-A7-A4SE-Tumor,45,Cycle,Base Substitution,203581,223.63,30.00,29.68,0.32,After
TCGA-A7-A4SE-Tumor,45,Cycle,Base Insertion,203567,11.22,44.00,44.67,-0.67,After
TCGA-A7-A4SE-Tumor,45,Cycle,Base Deletion,203567,15.78,41.00,41.68,-0.68,After
TCGA-A7-A4SE-Tumor,-45,Cycle,Base Substitution,198789,242.98,29.00,29.34,-0.34,After
TCGA-A7-A4SE-Tumor,-45,Cycle,Base Insertion,198774,9.31,44.00,44.66,-0.66,After
TCGA-A7-A4SE-Tumor,-45,Cycle,Base Deletion,198774,14.37,41.00,41.67,-0.67,After
TCGA-A7-A4SE-Tumor,46,Cycle,Base Substitution,203519,227.54,29.00,29.63,-0.63,After
TCGA-A7-A4SE-Tumor,46,Cycle,Base Insertion,203506,8.39,44.00,44.67,-0.67,After
TCGA-A7-A4SE-Tumor,46,Cycle,Base Deletion,203506,14.62,41.00,41.68,-0.68,After
TCGA-A7-A4SE-Tumor,-46,Cycle,Base Substitution,198571,206.66,30.00,29.59,0.41,After
TCGA-A7-A4SE-Tumor,-46,Cycle,Base Insertion,198551,7.97,44.00,44.66,-0.66,After
TCGA-A7-A4SE-Tumor,-46,Cycle,Base Deletion,198551,16.83,41.00,41.66,-0.66,After
TCGA-A7-A4SE-Tumor,47,Cycle,Base Substitution,203394,229.64,29.00,29.62,-0.62,After
TCGA-A7-A4SE-Tumor,47,Cycle,Base Insertion,203382,7.68,44.00,44.66,-0.66,After
TCGA-A7-A4SE-Tumor,47,Cycle,Base Deletion,203382,14.56,41.00,41.67,-0.67,After
TCGA-A7-A4SE-Tumor,-47,Cycle,Base Substitution,198462,230.59,29.00,29.34,-0.34,After
TCGA-A7-A4SE-Tumor,-47,Cycle,Base Insertion,198440,7.23,44.00,44.66,-0.66,After
TCGA-A7-A4SE-Tumor,-47,Cycle,Base Deletion,198440,13.27,42.00,41.68,0.32,After
TCGA-A7-A4SE-Tumor,48,Cycle,Base Substitution,203315,250.17,29.00,29.63,-0.63,After
TCGA-A7-A4SE-Tumor,48,Cycle,Base Insertion,203300,7.94,44.00,44.67,-0.67,After
TCGA-A7-A4SE-Tumor,48,Cycle,Base Deletion,203300,15.03,41.00,41.67,-0.67,After
TCGA-A7-A4SE-Tumor,-48,Cycle,Base Substitution,198175,219.39,30.00,29.51,0.49,After
TCGA-A7-A4SE-Tumor,-48,Cycle,Base Insertion,198148,9.28,44.00,44.66,-0.66,After
TCGA-A7-A4SE-Tumor,-48,Cycle,Base Deletion,198148,13.78,41.00,41.68,-0.68,After
TCGA-A7-A4SE-Tumor,49,Cycle,Base Substitution,203181,223.44,30.00,29.69,0.31,After
TCGA-A7-A4SE-Tumor,49,Cycle,Base Insertion,203160,7.75,44.00,44.66,-0.66,After
TCGA-A7-A4SE-Tumor,49,Cycle,Base Deletion,203160,16.52,41.00,41.66,-0.66,After
TCGA-A7-A4SE-Tumor,-49,Cycle,Base Substitution,197958,315.48,28.00,28.86,-0.86,After
TCGA-A7-A4SE-Tumor,-49,Cycle,Base Insertion,197935,9.59,44.00,44.66,-0.66,After
TCGA-A7-A4SE-Tumor,-49,Cycle,Base Deletion,197935,13.66,41.00,41.68,-0.68,After
TCGA-A7-A4SE-Tumor,50,Cycle,Base Substitution,203126,241.62,29.00,29.81,-0.81,After
TCGA-A7-A4SE-Tumor,50,Cycle,Base Insertion,203104,7.49,44.00,44.66,-0.66,After
TCGA-A7-A4SE-Tumor,50,Cycle,Base Deletion,203104,18.32,41.00,41.66,-0.66,After
TCGA-A7-A4SE-Tumor,-50,Cycle,Base Substitution,197805,191.45,30.00,29.54,0.46,After
TCGA-A7-A4SE-Tumor,-50,Cycle,Base Insertion,197779,6.57,44.00,44.67,-0.67,After
TCGA-A7-A4SE-Tumor,-50,Cycle,Base Deletion,197779,15.91,41.00,41.69,-0.69,After
TCGA-A7-A4SE-Tumor,51,Cycle,Base Substitution,203003,211.80,30.00,29.81,0.19,After
TCGA-A7-A4SE-Tumor,51,Cycle,Base Insertion,202978,8.11,44.00,44.66,-0.66,After
TCGA-A7-A4SE-Tumor,51,Cycle,Base Deletion,202978,14.41,41.00,41.67,-0.67,After
TCGA-A7-A4SE-Tumor,-51,Cycle,Base Substitution,197632,237.92,29.00,29.43,-0.43,After
TCGA-A7-A4SE-Tumor,-51,Cycle,Base Insertion,197603,6.62,44.00,44.66,-0.66,After
TCGA-A7-A4SE-Tumor,-51,Cycle,Base Deletion,197603,16.19,41.00,41.69,-0.69,After
TCGA-A7-A4SE-Tumor,52,Cycle,Base Substitution,202975,225.22,30.00,30.10,-0.10,After
TCGA-A7-A4SE-Tumor,52,Cycle,Base Insertion,202949,6.91,44.00,44.66,-0.66,After
TCGA-A7-A4SE-Tumor,52,Cycle,Base Deletion,202949,14.83,41.00,41.67,-0.67,After
TCGA-A7-A4SE-Tumor,-52,Cycle,Base Substitution,197482,210.25,30.00,29.41,0.59,After
TCGA-A7-A4SE-Tumor,-52,Cycle,Base Insertion,197457,12.59,44.00,44.66,-0.66,After
TCGA-A7-A4SE-Tumor,-52,Cycle,Base Deletion,197457,17.68,41.00,41.67,-0.67,After
TCGA-A7-A4SE-Tumor,53,Cycle,Base Substitution,202823,193.97,30.00,30.16,-0.16,After
TCGA-A7-A4SE-Tumor,53,Cycle,Base Insertion,202798,6.68,44.00,44.66,-0.66,After
TCGA-A7-A4SE-Tumor,53,Cycle,Base Deletion,202798,15.77,41.00,41.67,-0.67,After
TCGA-A7-A4SE-Tumor,-53,Cycle,Base Substitution,197390,223.94,29.00,29.63,-0.63,After
TCGA-A7-A4SE-Tumor,-53,Cycle,Base Insertion,197366,10.12,44.00,44.66,-0.66,After
TCGA-A7-A4SE-Tumor,-53,Cycle,Base Deletion,197366,14.50,41.00,41.68,-0.68,After
TCGA-A7-A4SE-Tumor,54,Cycle,Base Substitution,202817,238.64,29.00,29.90,-0.90,After
TCGA-A7-A4SE-Tumor,54,Cycle,Base Insertion,202791,5.45,45.00,44.66,0.34,After
TCGA-A7-A4SE-Tumor,54,Cycle,Base Deletion,202791,17.02,41.00,41.67,-0.67,After
TCGA-A7-A4SE-Tumor,-54,Cycle,Base Substitution,197183,223.89,29.00,29.58,-0.58,After
TCGA-A7-A4SE-Tumor,-54,Cycle,Base Insertion,197163,10.30,44.00,44.66,-0.66,After
TCGA-A7-A4SE-Tumor,-54,Cycle,Base Deletion,197163,14.54,41.00,41.68,-0.68,After
TCGA-A7-A4SE-Tumor,55,Cycle,Base Substitution,202709,204.22,30.00,30.03,-0.03,After
TCGA-A7-A4SE-Tumor,55,Cycle,Base Insertion,202686,7.45,44.00,44.66,-0.66,After
TCGA-A7-A4SE-Tumor,55,Cycle,Base Deletion,202686,15.44,41.00,41.67,-0.67,After
TCGA-A7-A4SE-Tumor,-55,Cycle,Base Substitution,197017,209.61,30.00,29.60,0.40,After
TCGA-A7-A4SE-Tumor,-55,Cycle,Base Insertion,196991,11.24,44.00,44.66,-0.66,After
TCGA-A7-A4SE-Tumor,-55,Cycle,Base Deletion,196991,14.47,41.00,41.67,-0.67,After
TCGA-A7-A4SE-Tumor,56,Cycle,Base Substitution,202506,211.37,30.00,30.16,-0.16,After
TCGA-A7-A4SE-Tumor,56,Cycle,Base Insertion,202486,11.87,44.00,44.66,-0.66,After
TCGA-A7-A4SE-Tumor,56,Cycle,Base Deletion,202486,17.52,41.00,41.67,-0.67,After
TCGA-A7-A4SE-Tumor,-56,Cycle,Base Substitution,196789,190.07,30.00,29.71,0.29,After
TCGA-A7-A4SE-Tumor,-56,Cycle,Base Insertion,196755,5.18,45.00,44.66,0.34,After
TCGA-A7-A4SE-Tumor,-56,Cycle,Base Deletion,196755,16.38,41.00,41.67,-0.67,After
TCGA-A7-A4SE-Tumor,57,Cycle,Base Substitution,202400,215.69,30.00,30.09,-0.09,After
TCGA-A7-A4SE-Tumor,57,Cycle,Base Insertion,202380,12.20,44.00,44.66,-0.66,After
TCGA-A7-A4SE-Tumor,57,Cycle,Base Deletion,202380,13.39,42.00,41.67,0.33,After
TCGA-A7-A4SE-Tumor,-57,Cycle,Base Substitution,196708,212.61,30.00,29.99,0.01,After
TCGA-A7-A4SE-Tumor,-57,Cycle,Base Insertion,196675,7.97,44.00,44.66,-0.66,After
TCGA-A7-A4SE-Tumor,-57,Cycle,Base Deletion,196675,15.12,41.00,41.68,-0.68,After
TCGA-A7-A4SE-Tumor,58,Cycle,Base Substitution,202264,210.54,30.00,30.06,-0.06,After
TCGA-A7-A4SE-Tumor,58,Cycle,Base Insertion,202242,5.45,45.00,44.66,0.34,After
TCGA-A7-A4SE-Tumor,58,Cycle,Base Deletion,202242,12.96,42.00,41.67,0.33,After
TCGA-A7-A4SE-Tumor,-58,Cycle,Base Substitution,196520,206.86,30.00,30.09,-0.09,After
TCGA-A7-A4SE-Tumor,-58,Cycle,Base Insertion,196486,9.58,44.00,44.67,-0.67,After
TCGA-A7-A4SE-Tumor,-58,Cycle,Base Deletion,196486,14.19,41.00,41.69,-0.69,After
TCGA-A7-A4SE-Tumor,59,Cycle,Base Substitution,202101,216.73,30.00,30.17,-0.17,After
TCGA-A7-A4SE-Tumor,59,Cycle,Base Insertion,202072,6.19,45.00,44.67,0.33,After
TCGA-A7-A4SE-Tumor,59,Cycle,Base Deletion,202072,14.59,41.00,41.69,-0.69,After
TCGA-A7-A4SE-Tumor,-59,Cycle,Base Substitution,196354,206.65,30.00,30.08,-0.08,After
TCGA-A7-A4SE-Tumor,-59,Cycle,Base Insertion,196320,7.38,44.00,44.67,-0.67,After
TCGA-A7-A4SE-Tumor,-59,Cycle,Base Deletion,196320,14.72,41.00,41.69,-0.69,After
TCGA-A7-A4SE-Tumor,60,Cycle,Base Substitution,202008,202.03,30.00,30.09,-0.09,After
TCGA-A7-A4SE-Tumor,60,Cycle,Base Insertion,201977,6.06,45.00,44.67,0.33,After
TCGA-A7-A4SE-Tumor,60,Cycle,Base Deletion,201977,12.21,42.00,41.68,0.32,After
TCGA-A7-A4SE-Tumor,-60,Cycle,Base Substitution,196180,186.51,30.00,30.27,-0.27,After
TCGA-A7-A4SE-Tumor,-60,Cycle,Base Insertion,196148,7.18,44.00,44.66,-0.66,After
TCGA-A7-A4SE-Tumor,-60,Cycle,Base Deletion,196148,14.02,41.00,41.68,-0.68,After
TCGA-A7-A4SE-Tumor,61,Cycle,Base Substitution,201957,201.14,30.00,30.05,-0.05,After
TCGA-A7-A4SE-Tumor,61,Cycle,Base Insertion,201924,14.24,44.00,44.67,-0.67,After
TCGA-A7-A4SE-Tumor,61,Cycle,Base Deletion,201924,12.52,42.00,41.68,0.32,After
TCGA-A7-A4SE-Tumor,-61,Cycle,Base Substitution,196006,211.42,30.00,30.18,-0.18,After
TCGA-A7-A4SE-Tumor,-61,Cycle,Base Insertion,195965,7.70,44.00,44.67,-0.67,After
TCGA-A7-A4SE-Tumor,-61,Cycle,Base Deletion,195965,11.97,42.00,41.69,0.31,After
TCGA-A7-A4SE-Tumor,62,Cycle,Base Substitution,201795,215.18,30.00,30.08,-0.08,After
TCGA-A7-A4SE-Tumor,62,Cycle,Base Insertion,201761,6.74,44.00,44.67,-0.67,After
TCGA-A7-A4SE-Tumor,62,Cycle,Base Deletion,201761,11.55,42.00,41.69,0.31,After
TCGA-A7-A4SE-Tumor,-62,Cycle,Base Substitution,195773,203.95,30.00,30.09,-0.09,After
TCGA-A7-A4SE-Tumor,-62,Cycle,Base Insertion,195724,11.16,44.00,44.67,-0.67,After
TCGA-A7-A4SE-Tumor,-62,Cycle,Base Deletion,195724,11.43,42.00,41.69,0.31,After
TCGA-A7-A4SE-Tumor,63,Cycle,Base Substitution,201607,208.58,30.00,29.96,0.04,After
TCGA-A7-A4SE-Tumor,63,Cycle,Base Insertion,201573,6.72,44.00,44.67,-0.67,After
TCGA-A7-A4SE-Tumor,63,Cycle,Base Deletion,201573,12.04,42.00,41.69,0.31,After
TCGA-A7-A4SE-Tumor,-63,Cycle,Base Substitution,195523,220.89,29.00,29.94,-0.94,After
TCGA-A7-A4SE-Tumor,-63,Cycle,Base Insertion,195476,7.00,44.00,44.66,-0.66,After
TCGA-A7-A4SE-Tumor,-63,Cycle,Base Deletion,195476,12.14,42.00,41.69,0.31,After
TCGA-A7-A4SE-Tumor,64,Cycle,Base Substitution,201499,192.46,30.00,30.06,-0.06,After
TCGA-A7-A4SE-Tumor,64,Cycle,Base Insertion,201455,6.11,45.00,44.67,0.33,After
TCGA-A7-A4SE-Tumor,64,Cycle,Base Deletion,201455,13.20,42.00,41.69,0.31,After
TCGA-A7-A4SE-Tumor,-64,Cycle,Base Substitution,195256,206.37,30.00,30.10,-0.10,After
TCGA-A7-A4SE-Tumor,-64,Cycle,Base Insertion,195209,8.48,44.00,44.66,-0.66,After
TCGA-A7-A4SE-Tumor,-64,Cycle,Base Deletion,195209,13.04,41.00,41.69,-0.69,After
TCGA-A7-A4SE-Tumor,65,Cycle,Base Substitution,201314,215.63,30.00,29.76,0.24,After
TCGA-A7-A4SE-Tumor,65,Cycle,Base Insertion,201265,5.92,45.00,44.66,0.34,After
TCGA-A7-A4SE-Tumor,65,Cycle,Base Deletion,201265,13.72,41.00,41.68,-0.68,After
TCGA-A7-A4SE-Tumor,-65,Cycle,Base Substitution,195066,224.58,30.00,30.02,-0.02,After
TCGA-A7-A4SE-Tumor,-65,Cycle,Base Insertion,195020,6.91,44.00,44.67,-0.67,After
TCGA-A7-A4SE-Tumor,-65,Cycle,Base Deletion,195020,14.27,41.00,41.69,-0.69,After
TCGA-A7-A4SE-Tumor,66,Cycle,Base Substitution,201101,231.00,29.00,29.73,-0.73,After
TCGA-A7-A4SE-Tumor,66,Cycle,Base Insertion,201049,6.13,45.00,44.67,0.33,After
TCGA-A7-A4SE-Tumor,66,Cycle,Base Deletion,201049,15.17,41.00,41.68,-0.68,After
TCGA-A7-A4SE-Tumor,-66,Cycle,Base Substitution,194838,162.59,31.00,30.18,0.82,After
TCGA-A7-A4SE-Tumor,-66,Cycle,Base Insertion,194791,6.95,44.00,44.66,-0.66,After
TCGA-A7-A4SE-Tumor,-66,Cycle,Base Deletion,194791,14.61,41.00,41.69,-0.69,After
TCGA-A7-A4SE-Tumor,67,Cycle,Base Substitution,201005,219.95,30.00,29.98,0.02,After
TCGA-A7-A4SE-Tumor,67,Cycle,Base Insertion,200943,6.17,45.00,44.67,0.33,After
TCGA-A7-A4SE-Tumor,67,Cycle,Base Deletion,200943,14.51,41.00,41.69,-0.69,After
TCGA-A7-A4SE-Tumor,-67,Cycle,Base Substitution,194571,177.77,30.00,30.22,-0.22,After
TCGA-A7-A4SE-Tumor,-67,Cycle,Base Insertion,194522,6.92,44.00,44.67,-0.67,After
TCGA-A7-A4SE-Tumor,-67,Cycle,Base Deletion,194522,12.88,41.00,41.69,-0.69,After
TCGA-A7-A4SE-Tumor,68,Cycle,Base Substitution,200837,191.62,30.00,30.00,0.00,After
TCGA-A7-A4SE-Tumor,68,Cycle,Base Insertion,200782,4.92,45.00,44.67,0.33,After
TCGA-A7-A4SE-Tumor,68,Cycle,Base Deletion,200782,15.15,41.00,41.68,-0.68,After
TCGA-A7-A4SE-Tumor,-68,Cycle,Base Substitution,194279,191.31,30.00,30.22,-0.22,After
TCGA-A7-A4SE-Tumor,-68,Cycle,Base Insertion,194220,5.66,44.00,44.66,-0.66,After
TCGA-A7-A4SE-Tumor,-68,Cycle,Base Deletion,194220,12.61,41.00,41.68,-0.68,After
TCGA-A7-A4SE-Tumor,69,Cycle,Base Substitution,200650,202.87,30.00,29.98,0.02,After
TCGA-A7-A4SE-Tumor,69,Cycle,Base Insertion,200590,4.88,45.00,44.67,0.33,After
TCGA-A7-A4SE-Tumor,69,Cycle,Base Deletion,200590,13.96,41.00,41.68,-0.68,After
TCGA-A7-A4SE-Tumor,-69,Cycle,Base Substitution,194045,185.79,30.00,30.12,-0.12,After
TCGA-A7-A4SE-Tumor,-69,Cycle,Base Insertion,193988,8.13,44.00,44.67,-0.67,After
TCGA-A7-A4SE-Tumor,-69,Cycle,Base Deletion,193988,12.83,41.00,41.70,-0.70,After
TCGA-A7-A4SE-Tumor,70,Cycle,Base Substitution,200503,213.74,30.00,30.01,-0.01,After
TCGA-A7-A4SE-Tumor,70,Cycle,Base Insertion,200447,9.10,44.00,44.67,-0.67,After
TCGA-A7-A4SE-Tumor,70,Cycle,Base Deletion,200447,13.96,41.00,41.69,-0.69,After
TCGA-A7-A4SE-Tumor,-70,Cycle,Base Substitution,193795,217.96,30.00,30.11,-0.11,After
TCGA-A7-A4SE-Tumor,-70,Cycle,Base Insertion,193737,8.38,44.00,44.66,-0.66,After
TCGA-A7-A4SE-Tumor,-70,Cycle,Base Deletion,193737,12.33,42.00,41.68,0.32,After
TCGA-A7-A4SE-Tumor,71,Cycle,Base Substitution,200321,196.33,30.00,29.93,0.07,After
TCGA-A7-A4SE-Tumor,71,Cycle,Base Insertion,200266,3.28,45.00,44.67,0.33,After
TCGA-A7-A4SE-Tumor,71,Cycle,Base Deletion,200266,13.75,41.00,41.69,-0.69,After
TCGA-A7-A4SE-Tumor,-71,Cycle,Base Substitution,193528,254.44,29.00,29.57,-0.57,After
TCGA-A7-A4SE-Tumor,-71,Cycle,Base Insertion,193462,7.27,44.00,44.66,-0.66,After
TCGA-A7-A4SE-Tumor,-71,Cycle,Base Deletion,193462,12.43,42.00,41.67,0.33,After
TCGA-A7-A4SE-Tumor,72,Cycle,Base Substitution,200071,203.17,30.00,30.14,-0.14,After
TCGA-A7-A4SE-Tumor,72,Cycle,Base Insertion,200002,4.72,45.00,44.67,0.33,After
TCGA-A7-A4SE-Tumor,72,Cycle,Base Deletion,200002,13.68,41.00,41.68,-0.68,After
TCGA-A7-A4SE-Tumor,-72,Cycle,Base Substitution,193234,194.53,30.00,30.16,-0.16,After
TCGA-A7-A4SE-Tumor,-72,Cycle,Base Insertion,193157,5.32,45.00,44.66,0.34,After
TCGA-A7-A4SE-Tumor,-72,Cycle,Base Deletion,193157,14.67,41.00,41.67,-0.67,After
TCGA-A7-A4SE-Tumor,73,Cycle,Base Substitution,199861,271.09,29.00,29.66,-0.66,After
TCGA-A7-A4SE-Tumor,73,Cycle,Base Insertion,199771,4.12,45.00,44.67,0.33,After
TCGA-A7-A4SE-Tumor,73,Cycle,Base Deletion,199771,13.58,41.00,41.67,-0.67,After
TCGA-A7-A4SE-Tumor,-73,Cycle,Base Substitution,192945,293.68,28.00,29.27,-1.27,After
TCGA-A7-A4SE-Tumor,-73,Cycle,Base Insertion,192849,3.97,45.00,44.66,0.34,After
TCGA-A7-A4SE-Tumor,-73,Cycle,Base Deletion,192849,13.78,41.00,41.68,-0.68,After
TCGA-A7-A4SE-Tumor,74,Cycle,Base Substitution,199771,221.44,30.00,29.68,0.32,After
TCGA-A7-A4SE-Tumor,74,Cycle,Base Insertion,199661,5.35,45.00,44.66,0.34,After
TCGA-A7-A4SE-Tumor,74,Cycle,Base Deletion,199661,11.66,42.00,41.67,0.33,After
TCGA-A7-A4SE-Tumor,-74,Cycle,Base Substitution,192746,193.99,30.00,29.97,0.03,After
TCGA-A7-A4SE-Tumor,-74,Cycle,Base Insertion,192632,4.32,45.00,44.66,0.34,After
TCGA-A7-A4SE-Tumor,-74,Cycle,Base Deletion,192632,14.61,41.00,41.69,-0.69,After
TCGA-A7-A4SE-Tumor,75,Cycle,Base Substitution,199487,203.98,30.00,30.06,-0.06,After
TCGA-A7-A4SE-Tumor,75,Cycle,Base Insertion,199372,2.56,45.00,44.67,0.33,After
TCGA-A7-A4SE-Tumor,75,Cycle,Base Deletion,199372,11.23,42.00,41.68,0.32,After
TCGA-A7-A4SE-Tumor,-75,Cycle,Base Substitution,192443,202.96,30.00,30.08,-0.08,After
TCGA-A7-A4SE-Tumor,-75,Cycle,Base Insertion,192325,5.50,44.00,44.66,-0.66,After
TCGA-A7-A4SE-Tumor,-75,Cycle,Base Deletion,192325,12.50,41.00,41.68,-0.68,After
TCGA-A7-A4SE-Tumor,76,Cycle,Base Substitution,199279,219.45,30.00,29.83,0.17,After
TCGA-A7-A4SE-Tumor,76,Cycle,Base Insertion,199157,9.12,44.00,44.67,-0.67,After
TCGA-A7-A4SE-Tumor,76,Cycle,Base Deletion,199157,12.71,42.00,41.69,0.31,After
TCGA-A7-A4SE-Tumor,-76,Cycle,Base Substitution,192075,193.17,30.00,30.08,-0.08,After
TCGA-A7-A4SE-Tumor,-76,Cycle,Base Insertion,191953,9.28,44.00,44.66,-0.66,After
TCGA-A7-A4SE-Tumor,-76,Cycle,Base Deletion,191953,11.64,42.00,41.68,0.32,After
TCGA-A7-A4SE-Tumor,77,Cycle,Base Substitution,199153,200.65,30.00,30.20,-0.20,After
TCGA-A7-A4SE-Tumor,77,Cycle,Base Insertion,199031,8.44,44.00,44.67,-0.67,After
TCGA-A7-A4SE-Tumor,77,Cycle,Base Deletion,199031,15.42,41.00,41.69,-0.69,After
TCGA-A7-A4SE-Tumor,-77,Cycle,Base Substitution,191766,207.61,30.00,29.97,0.03,After
TCGA-A7-A4SE-Tumor,-77,Cycle,Base Insertion,191627,9.55,44.00,44.66,-0.66,After
TCGA-A7-A4SE-Tumor,-77,Cycle,Base Deletion,191627,12.87,41.00,41.68,-0.68,After
TCGA-A7-A4SE-Tumor,78,Cycle,Base Substitution,198953,193.90,30.00,30.19,-0.19,After
TCGA-A7-A4SE-Tumor,78,Cycle,Base Insertion,198828,6.47,45.00,44.67,0.33,After
TCGA-A7-A4SE-Tumor,78,Cycle,Base Deletion,198828,12.81,42.00,41.69,0.31,After
TCGA-A7-A4SE-Tumor,-78,Cycle,Base Substitution,191450,233.40,29.00,29.77,-0.77,After
TCGA-A7-A4SE-Tumor,-78,Cycle,Base Insertion,191299,10.76,44.00,44.67,-0.67,After
TCGA-A7-A4SE-Tumor,-78,Cycle,Base Deletion,191299,11.16,42.00,41.69,0.31,After
TCGA-A7-A4SE-Tumor,79,Cycle,Base Substitution,198721,202.57,30.00,29.90,0.10,After
TCGA-A7-A4SE-Tumor,79,Cycle,Base Insertion,198563,3.12,45.00,44.67,0.33,After
TCGA-A7-A4SE-Tumor,79,Cycle,Base Deletion,198563,10.44,42.00,41.68,0.32,After
TCGA-A7-A4SE-Tumor,-79,Cycle,Base Substitution,191201,224.73,29.00,29.88,-0.88,After
TCGA-A7-A4SE-Tumor,-79,Cycle,Base Insertion,191022,5.97,44.00,44.66,-0.66,After
TCGA-A7-A4SE-Tumor,-79,Cycle,Base Deletion,191022,12.29,42.00,41.69,0.31,After
TCGA-A7-A4SE-Tumor,80,Cycle,Base Substitution,198507,201.94,30.00,30.02,-0.02,After
TCGA-A7-A4SE-Tumor,80,Cycle,Base Insertion,198328,7.45,44.00,44.67,-0.67,After
TCGA-A7-A4SE-Tumor,80,Cycle,Base Deletion,198328,11.68,42.00,41.69,0.31,After
TCGA-A7-A4SE-Tumor,-80,Cycle,Base Substitution,190749,219.21,29.00,29.85,-0.85,After
TCGA-A7-A4SE-Tumor,-80,Cycle,Base Insertion,190556,6.04,44.00,44.66,-0.66,After
TCGA-A7-A4SE-Tumor,-80,Cycle,Base Deletion,190556,12.25,42.00,41.68,0.32,After
TCGA-A7-A4SE-Tumor,81,Cycle,Base Substitution,198230,203.41,30.00,29.90,0.10,After
TCGA-A7-A4SE-Tumor,81,Cycle,Base Insertion,198032,4.86,45.00,44.67,0.33,After
TCGA-A7-A4SE-Tumor,81,Cycle,Base Deletion,198032,14.35,41.00,41.68,-0.68,After
TCGA-A7-A4SE-Tumor,-81,Cycle,Base Substitution,190440,204.17,30.00,29.82,0.18,After
TCGA-A7-A4SE-Tumor,-81,Cycle,Base Insertion,190232,9.49,44.00,44.66,-0.66,After
TCGA-A7-A4SE-Tumor,-81,Cycle,Base Deletion,190232,12.64,41.00,41.67,-0.67,After
TCGA-A7-A4SE-Tumor,82,Cycle,Base Substitution,197935,228.21,29.00,29.93,-0.93,After
TCGA-A7-A4SE-Tumor,82,Cycle,Base Insertion,197703,3.25,45.00,44.67,0.33,After
TCGA-A7-A4SE-Tumor,82,Cycle,Base Deletion,197703,13.21,42.00,41.69,0.31,After
TCGA-A7-A4SE-Tumor,-82,Cycle,Base Substitution,190025,188.65,30.00,29.98,0.02,After
TCGA-A7-A4SE-Tumor,-82,Cycle,Base Insertion,189790,5.45,45.00,44.66,0.34,After
TCGA-A7-A4SE-Tumor,-82,Cycle,Base Deletion,189790,14.97,41.00,41.68,-0.68,After
TCGA-A7-A4SE-Tumor,83,Cycle,Base Substitution,197613,224.95,30.00,30.05,-0.05,After
TCGA-A7-A4SE-Tumor,83,Cycle,Base Insertion,197363,3.03,45.00,44.67,0.33,After
TCGA-A7-A4SE-Tumor,83,Cycle,Base Deletion,197363,14.62,41.00,41.69,-0.69,After
TCGA-A7-A4SE-Tumor,-83,Cycle,Base Substitution,189677,181.23,30.00,30.10,-0.10,After
TCGA-A7-A4SE-Tumor,-83,Cycle,Base Insertion,189415,7.13,44.00,44.65,-0.65,After
TCGA-A7-A4SE-Tumor,-83,Cycle,Base Deletion,189415,10.81,42.00,41.66,0.34,After
TCGA-A7-A4SE-Tumor,84,Cycle,Base Substitution,197250,233.74,29.00,30.09,-1.09,After
TCGA-A7-A4SE-Tumor,84,Cycle,Base Insertion,196958,5.11,45.00,44.67,0.33,After
TCGA-A7-A4SE-Tumor,84,Cycle,Base Deletion,196958,16.27,41.00,41.69,-0.69,After
TCGA-A7-A4SE-Tumor,-84,Cycle,Base Substitution,189251,202.04,30.00,29.98,0.02,After
TCGA-A7-A4SE-Tumor,-84,Cycle,Base Insertion,188945,5.89,44.00,44.65,-0.65,After
TCGA-A7-A4SE-Tumor,-84,Cycle,Base Deletion,188945,10.11,42.00,41.66,0.34,After
TCGA-A7-A4SE-Tumor,85,Cycle,Base Substitution,196874,221.16,29.00,29.90,-0.90,After
TCGA-A7-A4SE-Tumor,85,Cycle,Base Insertion,196525,5.09,45.00,44.67,0.33,After
TCGA-A7-A4SE-Tumor,85,Cycle,Base Deletion,196525,16.18,41.00,41.69,-0.69,After
TCGA-A7-A4SE-Tumor,-85,Cycle,Base Substitution,188829,189.97,30.00,30.10,-0.10,After
TCGA-A7-A4SE-Tumor,-85,Cycle,Base Insertion,188481,5.63,44.00,44.66,-0.66,After
TCGA-A7-A4SE-Tumor,-85,Cycle,Base Deletion,188481,10.57,42.00,41.66,0.34,After
TCGA-A7-A4SE-Tumor,86,Cycle,Base Substitution,196503,209.97,30.00,30.09,-0.09,After
TCGA-A7-A4SE-Tumor,86,Cycle,Base Insertion,196126,9.22,44.00,44.67,-0.67,After
TCGA-A7-A4SE-Tumor,86,Cycle,Base Deletion,196126,12.79,41.00,41.68,-0.68,After
TCGA-A7-A4SE-Tumor,-86,Cycle,Base Substitution,188320,185.66,30.00,30.22,-0.22,After
TCGA-A7-A4SE-Tumor,-86,Cycle,Base Insertion,187930,5.89,44.00,44.66,-0.66,After
TCGA-A7-A4SE-Tumor,-86,Cycle,Base Deletion,187930,7.89,42.00,41.66,0.34,After
TCGA-A7-A4SE-Tumor,87,Cycle,Base Substitution,196052,175.99,30.00,30.41,-0.41,After
TCGA-A7-A4SE-Tumor,87,Cycle,Base Insertion,195632,6.03,44.00,44.67,-0.67,After
TCGA-A7-A4SE-Tumor,87,Cycle,Base Deletion,195632,10.16,42.00,41.68,0.32,After
TCGA-A7-A4SE-Tumor,-87,Cycle,Base Substitution,187869,214.16,30.00,30.15,-0.15,After
TCGA-A7-A4SE-Tumor,-87,Cycle,Base Insertion,187453,4.17,45.00,44.66,0.34,After
TCGA-A7-A4SE-Tumor,-87,Cycle,Base Deletion,187453,8.86,42.00,41.69,0.31,After
TCGA-A7-A4SE-Tumor,88,Cycle,Base Substitution,195665,198.14,30.00,30.22,-0.22,After
TCGA-A7-A4SE-Tumor,88,Cycle,Base Insertion,195188,2.44,45.00,44.67,0.33,After
TCGA-A7-A4SE-Tumor,88,Cycle,Base Deletion,195188,10.68,42.00,41.69,0.31,After
TCGA-A7-A4SE-Tumor,-88,Cycle,Base Substitution,187371,194.63,30.00,30.17,-0.17,After
TCGA-A7-A4SE-Tumor,-88,Cycle,Base Insertion,186888,3.48,45.00,44.66,0.34,After
TCGA-A7-A4SE-Tumor,-88,Cycle,Base Deletion,186888,6.81,42.00,41.69,0.31,After
TCGA-A7-A4SE-Tumor,89,Cycle,Base Substitution,195164,204.66,30.00,30.30,-0.30,After
TCGA-A7-A4SE-Tumor,89,Cycle,Base Insertion,194660,3.57,45.00,44.67,0.33,After
TCGA-A7-A4SE-Tumor,89,Cycle,Base Deletion,194660,10.82,42.00,41.69,0.31,After
TCGA-A7-A4SE-Tumor,-89,Cycle,Base Substitution,186741,189.49,30.00,30.25,-0.25,After
TCGA-A7-A4SE-Tumor,-89,Cycle,Base Insertion,186238,5.08,45.00,44.67,0.33,After
TCGA-A7-A4SE-Tumor,-89,Cycle,Base Deletion,186238,8.75,42.00,41.69,0.31,After
TCGA-A7-A4SE-Tumor,90,Cycle,Base Substitution,194640,165.58,31.00,30.51,0.49,After
TCGA-A7-A4SE-Tumor,90,Cycle,Base Insertion,194081,2.82,45.00,44.66,0.34,After
TCGA-A7-A4SE-Tumor,90,Cycle,Base Deletion,194081,10.61,42.00,41.69,0.31,After
TCGA-A7-A4SE-Tumor,-90,Cycle,Base Substitution,186154,184.12,30.00,30.42,-0.42,After
TCGA-A7-A4SE-Tumor,-90,Cycle,Base Insertion,185606,1.81,45.00,44.66,0.34,After
TCGA-A7-A4SE-Tumor,-90,Cycle,Base Deletion,185606,6.58,42.00,41.68,0.32,After
TCGA-A7-A4SE-Tumor,91,Cycle,Base Substitution,194054,200.38,30.00,30.49,-0.49,After
TCGA-A7-A4SE-Tumor,91,Cycle,Base Insertion,193400,3.79,45.00,44.66,0.34,After
TCGA-A7-A4SE-Tumor,91,Cycle,Base Deletion,193400,8.45,42.00,41.67,0.33,After
TCGA-A7-A4SE-Tumor,-91,Cycle,Base Substitution,185510,180.75,30.00,30.55,-0.55,After
TCGA-A7-A4SE-Tumor,-91,Cycle,Base Insertion,184876,1.91,45.00,44.66,0.34,After
TCGA-A7-A4SE-Tumor,-91,Cycle,Base Deletion,184876,6.01,42.00,41.68,0.32,After
TCGA-A7-A4SE-Tumor,92,Cycle,Base Substitution,193206,188.79,30.00,30.50,-0.50,After
TCGA-A7-A4SE-Tumor,92,Cycle,Base Insertion,192516,4.76,45.00,44.66,0.34,After
TCGA-A7-A4SE-Tumor,92,Cycle,Base Deletion,192516,7.30,42.00,41.67,0.33,After
TCGA-A7-A4SE-Tumor,-92,Cycle,Base Substitution,184656,173.99,30.00,30.53,-0.53,After
TCGA-A7-A4SE-Tumor,-92,Cycle,Base Insertion,183974,2.11,45.00,44.66,0.34,After
TCGA-A7-A4SE-Tumor,-92,Cycle,Base Deletion,183974,5.65,42.00,41.68,0.32,After
TCGA-A7-A4SE-Tumor,93,Cycle,Base Substitution,192400,186.50,30.00,30.65,-0.65,After
TCGA-A7-A4SE-Tumor,93,Cycle,Base Insertion,191629,4.70,45.00,44.67,0.33,After
TCGA-A7-A4SE-Tumor,93,Cycle,Base Deletion,191629,6.57,42.00,41.68,0.32,After
TCGA-A7-A4SE-Tumor,-93,Cycle,Base Substitution,183894,195.44,30.00,30.23,-0.23,After
TCGA-A7-A4SE-Tumor,-93,Cycle,Base Insertion,183118,3.75,45.00,44.66,0.34,After
TCGA-A7-A4SE-Tumor,-93,Cycle,Base Deletion,183118,5.37,42.00,41.67,0.33,After
TCGA-A7-A4SE-Tumor,94,Cycle,Base Substitution,191551,170.72,30.00,30.70,-0.70,After
TCGA-A7-A4SE-Tumor,94,Cycle,Base Insertion,190688,2.45,45.00,44.67,0.33,After
TCGA-A7-A4SE-Tumor,94,Cycle,Base Deletion,190688,5.38,42.00,41.68,0.32,After
TCGA-A7-A4SE-Tumor,-94,Cycle,Base Substitution,182923,161.72,31.00,30.67,0.33,After
TCGA-A7-A4SE-Tumor,-94,Cycle,Base Insertion,182059,1.36,45.00,44.66,0.34,After
TCGA-A7-A4SE-Tumor,-94,Cycle,Base Deletion,182059,6.98,42.00,41.68,0.32,After
TCGA-A7-A4SE-Tumor,95,Cycle,Base Substitution,190515,174.94,30.00,30.75,-0.75,After
TCGA-A7-A4SE-Tumor,95,Cycle,Base Insertion,189588,1.39,45.00,44.66,0.34,After
TCGA-A7-A4SE-Tumor,95,Cycle,Base Deletion,189588,8.11,42.00,41.67,0.33,After
TCGA-A7-A4SE-Tumor,-95,Cycle,Base Substitution,181773,192.00,30.00,30.54,-0.54,After
TCGA-A7-A4SE-Tumor,-95,Cycle,Base Insertion,180850,3.87,45.00,44.66,0.34,After
TCGA-A7-A4SE-Tumor,-95,Cycle,Base Deletion,180850,4.86,42.00,41.67,0.33,After
TCGA-A7-A4SE-Tumor,96,Cycle,Base Substitution,189336,166.25,31.00,30.87,0.13,After
TCGA-A7-A4SE-Tumor,96,Cycle,Base Insertion,188367,4.31,45.00,44.66,0.34,After
TCGA-A7-A4SE-Tumor,96,Cycle,Base Deletion,188367,5.88,42.00,41.67,0.33,After
TCGA-A7-A4SE-Tumor,-96,Cycle,Base Substitution,180615,157.77,31.00,30.84,0.16,After
TCGA-A7-A4SE-Tumor,-96,Cycle,Base Insertion,179675,2.06,45.00,44.65,0.35,After
TCGA-A7-A4SE-Tumor,-96,Cycle,Base Deletion,179675,4.59,42.00,41.66,0.34,After
TCGA-A7-A4SE-Tumor,97,Cycle,Base Substitution,187977,147.11,31.00,30.54,0.46,After
TCGA-A7-A4SE-Tumor,-97,Cycle,Base Substitution,179214,169.76,30.00,30.41,-0.41,After
TCGA-A7-A4SE-Tumor,98,Cycle,Base Substitution,186543,181.14,30.00,29.06,0.94,After
TCGA-A7-A4SE-Tumor,-98,Cycle,Base Substitution,177755,201.19,29.00,29.01,-0.01,After
TCGA-A7-A4SE-Tumor,99,Cycle,Base Substitution,185024,101.61,32.00,31.36,0.64,After
TCGA-A7-A4SE-Tumor,-99,Cycle,Base Substitution,176285,113.76,32.00,31.23,0.77,After
TCGA-A7-A4SE-Tumor,100,Cycle,Base Substitution,184020,85.97,33.00,31.69,1.31,After
TCGA-A7-A4SE-Tumor,-100,Cycle,Base Substitution,175133,101.57,32.00,31.19,0.81,After
TCGA-A7-A4SE-Tumor,6,QualityScore,Base Substitution,599,209.00,5.00,6.00,-1.00,After
TCGA-A7-A4SE-Tumor,7,QualityScore,Base Substitution,2339,405.50,8.00,7.00,1.00,After
TCGA-A7-A4SE-Tumor,8,QualityScore,Base Substitution,5685,1002.04,8.00,8.00,0.00,After
TCGA-A7-A4SE-Tumor,9,QualityScore,Base Substitution,28916,3767.86,9.00,9.00,0.00,After
TCGA-A7-A4SE-Tumor,10,QualityScore,Base Substitution,39575,4299.05,10.00,10.00,0.00,After
TCGA-A7-A4SE-Tumor,11,QualityScore,Base Substitution,26267,2055.26,11.00,11.00,0.00,After
TCGA-A7-A4SE-Tumor,12,QualityScore,Base Substitution,24211,1520.82,12.00,12.00,0.00,After
TCGA-A7-A4SE-Tumor,13,QualityScore,Base Substitution,22340,1173.65,13.00,13.00,0.00,After
TCGA-A7-A4SE-Tumor,14,QualityScore,Base Substitution,24245,1024.93,14.00,14.00,0.00,After
TCGA-A7-A4SE-Tumor,15,QualityScore,Base Substitution,22450,779.36,15.00,15.00,0.00,After
TCGA-A7-A4SE-Tumor,16,QualityScore,Base Substitution,10068,321.93,15.00,16.00,-1.00,After
TCGA-A7-A4SE-Tumor,17,QualityScore,Base Substitution,17993,472.28,16.00,17.00,-1.00,After
TCGA-A7-A4SE-Tumor,18,QualityScore,Base Substitution,17490,355.53,17.00,18.00,-1.00,After
TCGA-A7-A4SE-Tumor,19,QualityScore,Base Substitution,12764,200.08,18.00,19.00,-1.00,After
TCGA-A7-A4SE-Tumor,20,QualityScore,Base Substitution,68586,812.19,19.00,20.00,-1.00,After
TCGA-A7-A4SE-Tumor,21,QualityScore,Base Substitution,99325,880.12,21.00,21.00,0.00,After
TCGA-A7-A4SE-Tumor,22,QualityScore,Base Substitution,64519,482.02,21.00,22.00,-1.00,After
TCGA-A7-A4SE-Tumor,23,QualityScore,Base Substitution,90743,512.26,23.00,23.00,0.00,After
TCGA-A7-A4SE-Tumor,24,QualityScore,Base Substitution,43042,216.89,23.00,24.00,-1.00,After
TCGA-A7-A4SE-Tumor,25,QualityScore,Base Substitution,221291,856.09,24.00,25.00,-1.00,After
TCGA-A7-A4SE-Tumor,26,QualityScore,Base Substitution,183166,529.33,25.00,26.00,-1.00,After
TCGA-A7-A4SE-Tumor,27,QualityScore,Base Substitution,485627,1041.72,27.00,27.00,0.00,After
TCGA-A7-A4SE-Tumor,28,QualityScore,Base Substitution,642465,1112.95,28.00,28.00,0.00,After
TCGA-A7-A4SE-Tumor,29,QualityScore,Base Substitution,1922623,2402.13,29.00,29.00,0.00,After
TCGA-A7-A4SE-Tumor,30,QualityScore,Base Substitution,2153796,2094.42,30.00,30.00,0.00,After
TCGA-A7-A4SE-Tumor,31,QualityScore,Base Substitution,3106571,2383.12,31.00,31.00,0.00,After
TCGA-A7-A4SE-Tumor,32,QualityScore,Base Substitution,4149881,2560.63,32.00,32.00,0.00,After
TCGA-A7-A4SE-Tumor,33,QualityScore,Base Substitution,5673310,3006.73,33.00,33.00,0.00,After
TCGA-A7-A4SE-Tumor,34,QualityScore,Base Substitution,4980139,1843.20,34.00,34.00,0.00,After
TCGA-A7-A4SE-Tumor,35,QualityScore,Base Substitution,6306392,1869.86,35.00,35.00,0.00,After
TCGA-A7-A4SE-Tumor,35,QualityScore,Base Deletion,937768,380.83,34.00,35.00,-1.00,After
TCGA-A7-A4SE-Tumor,36,QualityScore,Base Substitution,5780798,1353.67,36.00,36.00,0.00,After
TCGA-A7-A4SE-Tumor,36,QualityScore,Base Deletion,939554,328.71,35.00,36.00,-1.00,After
TCGA-A7-A4SE-Tumor,37,QualityScore,Base Substitution,3473333,614.66,37.00,37.00,0.00,After
TCGA-A7-A4SE-Tumor,40,QualityScore,Base Insertion,937768,174.16,38.00,40.00,-2.00,After
TCGA-A7-A4SE-Tumor,40,QualityScore,Base Deletion,364882,88.44,38.00,40.00,-2.00,After
TCGA-A7-A4SE-Tumor,41,QualityScore,Base Deletion,1700860,190.30,40.00,41.00,-1.00,After
TCGA-A7-A4SE-Tumor,42,QualityScore,Base Deletion,17862664,981.83,43.00,42.00,1.00,After
TCGA-A7-A4SE-Tumor,43,QualityScore,Base Insertion,1811184,148.31,42.00,43.00,-1.00,After
TCGA-A7-A4SE-Tumor,43,QualityScore,Base Deletion,15973654,410.37,45.00,43.00,2.00,After
TCGA-A7-A4SE-Tumor,44,QualityScore,Base Insertion,6480396,389.49,43.00,44.00,-1.00,After
TCGA-A7-A4SE-Tumor,44,QualityScore,Base Deletion,1921167,28.06,45.00,44.00,1.00,After
TCGA-A7-A4SE-Tumor,45,QualityScore,Base Insertion,23015794,541.99,46.00,45.00,1.00,After
TCGA-A7-A4SE-Tumor,46,QualityScore,Base Insertion,7455407,80.07,48.00,46.00,2.00,After
