ReadGroup,CovariateValue,CovariateName,EventType,Observations,Errors,EmpiricalQuality,AverageReportedQuality,Accuracy,Recalibration
TCGA-A7-A4SE-Control,AA,Context,Base Substitution,3754365,5955.16,28.00,27.84,0.16,Before
TCGA-A7-A4SE-Control,AAA,Context,Base Insertion,1272419,254.48,39.00,45.00,-6.00,Before
TCGA-A7-A4SE-Control,AAA,Context,Base Deletion,1272419,442.61,36.00,45.00,-9.00,Before
TCGA-A7-A4SE-Control,CA,Context,Base Substitution,3915341,6358.73,28.00,28.24,-0.24,Before
TCGA-A7-A4SE-Control,CAA,Context,Base Insertion,840897,13.75,46.00,45.00,1.00,Before
TCGA-A7-A4SE-Control,CAA,Context,Base Deletion,840897,52.94,44.00,45.00,-1.00,Before
TCGA-A7-A4SE-Control,GA,Context,Base Substitution,3204925,10243.99,25.00,24.86,0.14,Before
TCGA-A7-A4SE-Control,GAA,Context,Base Insertion,949796,39.81,45.00,45.00,0.00,Before
TCGA-A7-A4SE-Control,GAA,Context,Base Deletion,949796,60.30,44.00,45.00,-1.00,Before
TCGA-A7-A4SE-Control,TA,Context,Base Substitution,2196000,6940.08,25.00,25.30,-0.30,Before
TCGA-A7-A4SE-Control,TAA,Context,Base Insertion,641039,19.28,45.00,45.00,0.00,Before
TCGA-A7-A4SE-Control,TAA,Context,Base Deletion,641039,24.23,45.00,45.00,0.00,Before
TCGA-A7-A4SE-Control,AC,Context,Base Substitution,2665555,3394.35,29.00,28.07,0.93,Before
TCGA-A7-A4SE-Control,ACA,Context,Base Insertion,933762,17.71,45.00,45.00,0.00,Before
TCGA-A7-A4SE-Control,ACA,Context,Base Deletion,933762,70.31,43.00,45.00,-2.00,Before
TCGA-A7-A4SE-Control,CC,Context,Base Substitution,3738080,4107.26,30.00,28.76,1.24,Before
TCGA-A7-A4SE-Control,CCA,Context,Base Insertion,1148971,80.03,43.00,45.00,-2.00,Before
TCGA-A7-A4SE-Control,CCA,Context,Base Deletion,1148971,40.28,45.00,45.00,0.00,Before
TCGA-A7-A4SE-Control,GC,Context,Base Substitution,2928311,6883.00,26.00,25.45,0.55,Before
TCGA-A7-A4SE-Control,GCA,Context,Base Insertion,863175,12.65,46.00,45.00,1.00,Before
TCGA-A7-A4SE-Control,GCA,Context,Base Deletion,863175,13.46,46.00,45.00,1.00,Before
TCGA-A7-A4SE-Control,TC,Context,Base Substitution,3245422,2758.87,31.00,29.62,1.38,Before
TCGA-A7-A4SE-Control,TCA,Context,Base Insertion,921421,61.58,44.00,45.00,-1.00,Before
TCGA-A7-A4SE-Control,TCA,Context,Base Deletion,921421,25.26,45.00,45.00,0.00,Before
TCGA-A7-A4SE-Control,AG,Context,Base Substitution,3874956,5413.98,29.00,27.91,1.09,Before
TCGA-A7-A4SE-Control,AGA,Context,Base Insertion,1061316,20.11,46.00,45.00,1.00,Before
TCGA-A7-A4SE-Control,AGA,Context,Base Deletion,1061316,65.23,44.00,45.00,-1.00,Before
TCGA-A7-A4SE-Control,CG,Context,Base Substitution,1010662,3086.51,25.00,22.45,2.55,Before
TCGA-A7-A4SE-Control,CGA,Context,Base Insertion,210332,4.27,45.00,45.00,0.00,Before
TCGA-A7-A4SE-Control,CGA,Context,Base Deletion,210332,8.95,45.00,45.00,0.00,Before
TCGA-A7-A4SE-Control,GG,Context,Base Substitution,3618906,7089.97,27.00,26.65,0.35,Before
TCGA-A7-A4SE-Control,GGA,Context,Base Insertion,990036,37.52,45.00,45.00,0.00,Before
TCGA-A7-A4SE-Control,GGA,Context,Base Deletion,990036,38.25,45.00,45.00,0.00,Before
TCGA-A7-A4SE-Control,TG,Context,Base Substitution,3882150,5234.69,29.00,28.15,0.85,Before
TCGA-A7-A4SE-Control,TGA,Context,Base Insertion,916052,32.93,45.00,45.00,0.00,Before
TCGA-A7-A4SE-Control,TGA,Context,Base Deletion,916052,31.19,45.00,45.00,0.00,Before
TCGA-A7-A4SE-Control,AT,Context,Base Substitution,2791812,4230.32,28.00,28.38,-0.38,Before
TCGA-A7-A4SE-Control,ATA,Context,Base Insertion,566684,7.84,45.00,45.00,0.00,Before
TCGA-A7-A4SE-Control,ATA,Context,Base Deletion,566684,14.83,45.00,45.00,0.00,Before
TCGA-A7-A4SE-Control,CT,Context,Base Substitution,3922745,3954.46,30.00,30.25,-0.25,Before
TCGA-A7-A4SE-Control,CTA,Context,Base Insertion,483539,10.00,45.00,45.00,0.00,Before
TCGA-A7-A4SE-Control,CTA,Context,Base Deletion,483539,86.08,42.00,45.00,-3.00,Before
TCGA-A7-A4SE-Control,GT,Context,Base Substitution,2596838,4513.10,28.00,27.71,0.29,Before
TCGA-A7-A4SE-Control,GTA,Context,Base Insertion,463923,3.09,46.00,45.00,1.00,Before
TCGA-A7-A4SE-Control,GTA,Context,Base Deletion,463923,6.46,45.00,45.00,0.00,Before
TCGA-A7-A4SE-Control,TT,Context,Base Substitution,3753418,5902.11,28.00,28.16,-0.16,Before
TCGA-A7-A4SE-Control,TTA,Context,Base Insertion,650892,35.41,44.00,45.00,-1.00,Before
TCGA-A7-A4SE-Control,TTA,Context,Base Deletion,650892,24.96,45.00,45.00,0.00,Before
TCGA-A7-A4SE-Control,AAC,Context,Base Insertion,672819,17.50,45.00,45.00,0.00,Before
TCGA-A7-A4SE-Control,AAC,Context,Base Deletion,672819,38.28,44.00,45.00,-1.00,Before
TCGA-A7-A4SE-Control,CAC,Context,Base Insertion,882620,17.39,45.00,45.00,0.00,Before
TCGA-A7-A4SE-Control,CAC,Context,Base Deletion,882620,39.33,45.00,45.00,0.00,Before
TCGA-A7-A4SE-Control,GAC,Context,Base Insertion,597734,9.83,45.00,45.00,0.00,Before
TCGA-A7-A4SE-Control,GAC,Context,Base Deletion,597734,26.48,45.00,45.00,0.00,Before
TCGA-A7-A4SE-Control,TAC,Context,Base Insertion,492257,18.29,45.00,45.00,0.00,Before
TCGA-A7-A4SE-Control,TAC,Context,Base Deletion,492257,32.41,44.00,45.00,-1.00,Before
TCGA-A7-A4SE-Control,ACC,Context,Base Insertion,744636,8.73,46.00,45.00,1.00,Before
TCGA-A7-A4SE-Control,ACC,Context,Base Deletion,744636,23.09,45.00,45.00,0.00,Before
TCGA-A7-A4SE-Control,CCC,Context,Base Insertion,1056861,33.64,45.00,45.00,0.00,Before
TCGA-A7-A4SE-Control,CCC,Context,Base Deletion,1056861,57.38,44.00,45.00,-1.00,Before
TCGA-A7-A4SE-Control,GCC,Context,Base Insertion,885050,14.26,46.00,45.00,1.00,Before
TCGA-A7-A4SE-Control,GCC,Context,Base Deletion,885050,12.54,46.00,45.00,1.00,Before
TCGA-A7-A4SE-Control,TCC,Context,Base Insertion,1010953,28.18,45.00,45.00,0.00,Before
TCGA-A7-A4SE-Control,TCC,Context,Base Deletion,1010953,31.98,45.00,45.00,0.00,Before
TCGA-A7-A4SE-Control,AGC,Context,Base Insertion,910742,23.38,45.00,45.00,0.00,Before
TCGA-A7-A4SE-Control,AGC,Context,Base Deletion,910742,16.79,45.00,45.00,0.00,Before
TCGA-A7-A4SE-Control,CGC,Context,Base Insertion,251873,4.89,45.00,45.00,0.00,Before
TCGA-A7-A4SE-Control,CGC,Context,Base Deletion,251873,4.30,45.00,45.00,0.00,Before
TCGA-A7-A4SE-Control,GGC,Context,Base Insertion,880710,12.85,46.00,45.00,1.00,Before
TCGA-A7-A4SE-Control,GGC,Context,Base Deletion,880710,23.60,45.00,45.00,0.00,Before
TCGA-A7-A4SE-Control,TGC,Context,Base Insertion,870361,8.79,46.00,45.00,1.00,Before
TCGA-A7-A4SE-Control,TGC,Context,Base Deletion,870361,44.07,44.00,45.00,-1.00,Before
TCGA-A7-A4SE-Control,ATC,Context,Base Insertion,615577,45.90,44.00,45.00,-1.00,Before
TCGA-A7-A4SE-Control,ATC,Context,Base Deletion,615577,8.35,45.00,45.00,0.00,Before
TCGA-A7-A4SE-Control,CTC,Context,Base Insertion,1049683,59.44,44.00,45.00,-1.00,Before
TCGA-A7-A4SE-Control,CTC,Context,Base Deletion,1049683,67.46,44.00,45.00,-1.00,Before
TCGA-A7-A4SE-Control,GTC,Context,Base Insertion,590739,9.44,45.00,45.00,0.00,Before
TCGA-A7-A4SE-Control,GTC,Context,Base Deletion,590739,10.04,45.00,45.00,0.00,Before
TCGA-A7-A4SE-Control,TTC,Context,Base Insertion,958836,44.56,44.00,45.00,-1.00,Before
TCGA-A7-A4SE-Control,TTC,Context,Base Deletion,958836,69.71,43.00,45.00,-2.00,Before
TCGA-A7-A4SE-Control,AAG,Context,Base Insertion,1002834,44.29,44.00,45.00,-1.00,Before
TCGA-A7-A4SE-Control,AAG,Context,Base Deletion,1002834,73.78,43.00,45.00,-2.00,Before
TCGA-A7-A4SE-Control,CAG,Context,Base Insertion,1334315,12.09,46.00,45.00,1.00,Before
TCGA-A7-A4SE-Control,CAG,Context,Base Deletion,1334315,25.95,46.00,45.00,1.00,Before
TCGA-A7-A4SE-Control,GAG,Context,Base Insertion,1007013,12.57,46.00,45.00,1.00,Before
TCGA-A7-A4SE-Control,GAG,Context,Base Deletion,1007013,28.42,45.00,45.00,0.00,Before
TCGA-A7-A4SE-Control,TAG,Context,Base Insertion,479918,6.11,45.00,45.00,0.00,Before
TCGA-A7-A4SE-Control,TAG,Context,Base Deletion,479918,42.72,44.00,45.00,-1.00,Before
TCGA-A7-A4SE-Control,ACG,Context,Base Insertion,216623,6.67,45.00,45.00,0.00,Before
TCGA-A7-A4SE-Control,ACG,Context,Base Deletion,216623,10.15,45.00,45.00,0.00,Before
TCGA-A7-A4SE-Control,CCG,Context,Base Insertion,327423,3.69,45.00,45.00,0.00,Before
TCGA-A7-A4SE-Control,CCG,Context,Base Deletion,327423,7.25,45.00,45.00,0.00,Before
TCGA-A7-A4SE-Control,GCG,Context,Base Insertion,250136,2.00,45.00,45.00,0.00,Before
TCGA-A7-A4SE-Control,GCG,Context,Base Deletion,250136,16.83,44.00,45.00,-1.00,Before
TCGA-A7-A4SE-Control,TCG,Context,Base Insertion,202636,5.18,45.00,45.00,0.00,Before
TCGA-A7-A4SE-Control,TCG,Context,Base Deletion,202636,8.48,45.00,45.00,0.00,Before
TCGA-A7-A4SE-Control,AGG,Context,Base Insertion,1133488,43.12,45.00,45.00,0.00,Before
TCGA-A7-A4SE-Control,AGG,Context,Base Deletion,1133488,18.36,46.00,45.00,1.00,Before
TCGA-A7-A4SE-Control,CGG,Context,Base Insertion,326724,3.41,45.00,45.00,0.00,Before
TCGA-A7-A4SE-Control,CGG,Context,Base Deletion,326724,5.95,45.00,45.00,0.00,Before
TCGA-A7-A4SE-Control,GGG,Context,Base Insertion,1013987,48.45,44.00,45.00,-1.00,Before
TCGA-A7-A4SE-Control,GGG,Context,Base Deletion,1013987,76.37,43.00,45.00,-2.00,Before
TCGA-A7-A4SE-Control,TGG,Context,Base Insertion,1116291,100.90,43.00,45.00,-2.00,Before
TCGA-A7-A4SE-Control,TGG,Context,Base Deletion,1116291,36.20,45.00,45.00,0.00,Before
TCGA-A7-A4SE-Control,ATG,Context,Base Insertion,813121,47.33,44.00,45.00,-1.00,Before
TCGA-A7-A4SE-Control,ATG,Context,Base Deletion,813121,24.89,45.00,45.00,0.00,Before
TCGA-A7-A4SE-Control,CTG,Context,Base Insertion,1329932,22.09,46.00,45.00,1.00,Before
TCGA-A7-A4SE-Control,CTG,Context,Base Deletion,1329932,31.00,45.00,45.00,0.00,Before
TCGA-A7-A4SE-Control,GTG,Context,Base Insertion,856923,25.84,45.00,45.00,0.00,Before
TCGA-A7-A4SE-Control,GTG,Context,Base Deletion,856923,45.69,44.00,45.00,-1.00,Before
TCGA-A7-A4SE-Control,TTG,Context,Base Insertion,832295,11.73,46.00,45.00,1.00,Before
TCGA-A7-A4SE-Control,TTG,Context,Base Deletion,832295,39.58,44.00,45.00,-1.00,Before
TCGA-A7-A4SE-Control,AAT,Context,Base Insertion,765318,13.94,45.00,45.00,0.00,Before
TCGA-A7-A4SE-Control,AAT,Context,Base Deletion,765318,37.48,44.00,45.00,-1.00,Before
TCGA-A7-A4SE-Control,CAT,Context,Base Insertion,815637,12.61,46.00,45.00,1.00,Before
TCGA-A7-A4SE-Control,CAT,Context,Base Deletion,815637,19.60,45.00,45.00,0.00,Before
TCGA-A7-A4SE-Control,GAT,Context,Base Insertion,617766,16.33,45.00,45.00,0.00,Before
TCGA-A7-A4SE-Control,GAT,Context,Base Deletion,617766,13.17,45.00,45.00,0.00,Before
TCGA-A7-A4SE-Control,TAT,Context,Base Insertion,560695,33.75,44.00,45.00,-1.00,Before
TCGA-A7-A4SE-Control,TAT,Context,Base Deletion,560695,13.39,45.00,45.00,0.00,Before
TCGA-A7-A4SE-Control,ACT,Context,Base Insertion,740756,41.49,44.00,45.00,-1.00,Before
TCGA-A7-A4SE-Control,ACT,Context,Base Deletion,740756,79.31,43.00,45.00,-2.00,Before
TCGA-A7-A4SE-Control,CCT,Context,Base Insertion,1161473,8.10,46.00,45.00,1.00,Before
TCGA-A7-A4SE-Control,CCT,Context,Base Deletion,1161473,51.53,44.00,45.00,-1.00,Before
TCGA-A7-A4SE-Control,GCT,Context,Base Insertion,900042,6.56,46.00,45.00,1.00,Before
TCGA-A7-A4SE-Control,GCT,Context,Base Deletion,900042,40.16,44.00,45.00,-1.00,Before
TCGA-A7-A4SE-Control,TCT,Context,Base Insertion,1074593,21.70,45.00,45.00,0.00,Before
TCGA-A7-A4SE-Control,TCT,Context,Base Deletion,1074593,76.06,43.00,45.00,-2.00,Before
TCGA-A7-A4SE-Control,AGT,Context,Base Insertion,718665,17.42,45.00,45.00,0.00,Before
TCGA-A7-A4SE-Control,AGT,Context,Base Deletion,718665,35.20,44.00,45.00,-1.00,Before
TCGA-A7-A4SE-Control,CGT,Context,Base Insertion,225209,4.53,45.00,45.00,0.00,Before
TCGA-A7-A4SE-Control,CGT,Context,Base Deletion,225209,14.31,45.00,45.00,0.00,Before
TCGA-A7-A4SE-Control,GGT,Context,Base Insertion,701627,36.17,44.00,45.00,-1.00,Before
TCGA-A7-A4SE-Control,GGT,Context,Base Deletion,701627,24.24,45.00,45.00,0.00,Before
TCGA-A7-A4SE-Control,TGT,Context,Base Insertion,931255,13.78,46.00,45.00,1.00,Before
TCGA-A7-A4SE-Control,TGT,Context,Base Deletion,931255,58.69,44.00,45.00,-1.00,Before
TCGA-A7-A4SE-Control,ATT,Context,Base Insertion,770690,58.27,44.00,45.00,-1.00,Before
TCGA-A7-A4SE-Control,ATT,Context,Base Deletion,770690,28.82,45.00,45.00,0.00,Before
TCGA-A7-A4SE-Control,CTT,Context,Base Insertion,1017314,27.51,45.00,45.00,0.00,Before
TCGA-A7-A4SE-Control,CTT,Context,Base Deletion,1017314,109.12,42.00,45.00,-3.00,Before
TCGA-A7-A4SE-Control,GTT,Context,Base Insertion,663176,34.96,44.00,45.00,-1.00,Before
TCGA-A7-A4SE-Control,GTT,Context,Base Deletion,663176,35.32,44.00,45.00,-1.00,Before
TCGA-A7-A4SE-Control,TTT,Context,Base Insertion,1270422,111.04,43.00,45.00,-2.00,Before
TCGA-A7-A4SE-Control,TTT,Context,Base Deletion,1270422,368.85,37.00,45.00,-8.00,Before
TCGA-A7-A4SE-Control,1,Cycle,Base Substitution,268427,1130.28,24.00,23.80,0.20,Before
TCGA-A7-A4SE-Control,-1,Cycle,Base Substitution,265319,507.08,27.00,26.34,0.66,Before
TCGA-A7-A4SE-Control,2,Cycle,Base Substitution,269645,413.38,28.00,27.51,0.49,Before
TCGA-A7-A4SE-Control,-2,Cycle,Base Substitution,265228,717.54,26.00,25.63,0.37,Before
TCGA-A7-A4SE-Control,3,Cycle,Base Substitution,269642,432.76,28.00,26.93,1.07,Before
TCGA-A7-A4SE-Control,-3,Cycle,Base Substitution,265248,681.36,26.00,25.20,0.80,Before
TCGA-A7-A4SE-Control,4,Cycle,Base Substitution,269337,583.07,27.00,26.56,0.44,Before
TCGA-A7-A4SE-Control,-4,Cycle,Base Substitution,265270,678.59,26.00,25.69,0.31,Before
TCGA-A7-A4SE-Control,5,Cycle,Base Substitution,269523,405.82,28.00,27.87,0.13,Before
TCGA-A7-A4SE-Control,5,Cycle,Base Insertion,269523,11.89,45.00,45.00,0.00,Before
TCGA-A7-A4SE-Control,5,Cycle,Base Deletion,269523,6.92,45.00,45.00,0.00,Before
TCGA-A7-A4SE-Control,-5,Cycle,Base Substitution,265060,468.49,28.00,27.22,0.78,Before
TCGA-A7-A4SE-Control,-5,Cycle,Base Insertion,265060,6.66,45.00,45.00,0.00,Before
TCGA-A7-A4SE-Control,-5,Cycle,Base Deletion,265060,8.09,45.00,45.00,0.00,Before
TCGA-A7-A4SE-Control,6,Cycle,Base Substitution,269439,435.71,28.00,27.65,0.35,Before
TCGA-A7-A4SE-Control,6,Cycle,Base Insertion,269439,11.39,45.00,45.00,0.00,Before
TCGA-A7-A4SE-Control,6,Cycle,Base Deletion,269439,9.05,45.00,45.00,0.00,Before
TCGA-A7-A4SE-Control,-6,Cycle,Base Substitution,264693,520.56,27.00,26.93,0.07,Before
TCGA-A7-A4SE-Control,-6,Cycle,Base Insertion,264693,7.29,45.00,45.00,0.00,Before
TCGA-A7-A4SE-Control,-6,Cycle,Base Deletion,264693,8.65,45.00,45.00,0.00,Before
TCGA-A7-A4SE-Control,7,Cycle,Base Substitution,269231,485.85,27.00,27.33,-0.33,Before
TCGA-A7-A4SE-Control,7,Cycle,Base Insertion,269231,8.33,45.00,45.00,0.00,Before
TCGA-A7-A4SE-Control,7,Cycle,Base Deletion,269231,8.30,45.00,45.00,0.00,Before
TCGA-A7-A4SE-Control,-7,Cycle,Base Substitution,264692,477.24,27.00,26.91,0.09,Before
TCGA-A7-A4SE-Control,-7,Cycle,Base Insertion,264692,15.92,45.00,45.00,0.00,Before
TCGA-A7-A4SE-Control,-7,Cycle,Base Deletion,264692,9.50,45.00,45.00,0.00,Before
TCGA-A7-A4SE-Control,8,Cycle,Base Substitution,269485,360.90,29.00,28.48,0.52,Before
TCGA-A7-A4SE-Control,8,Cycle,Base Insertion,269485,15.13,45.00,45.00,0.00,Before
TCGA-A7-A4SE-Control,8,Cycle,Base Deletion,269485,11.01,45.00,45.00,0.00,Before
TCGA-A7-A4SE-Control,-8,Cycle,Base Substitution,264545,428.29,28.00,27.47,0.53,Before
TCGA-A7-A4SE-Control,-8,Cycle,Base Insertion,264545,19.35,44.00,45.00,-1.00,Before
TCGA-A7-A4SE-Control,-8,Cycle,Base Deletion,264545,10.13,45.00,45.00,0.00,Before
TCGA-A7-A4SE-Control,9,Cycle,Base Substitution,269438,449.75,28.00,27.44,0.56,Before
TCGA-A7-A4SE-Control,9,Cycle,Base Insertion,269438,12.70,45.00,45.00,0.00,Before
TCGA-A7-A4SE-Control,9,Cycle,Base Deletion,269438,12.04,45.00,45.00,0.00,Before
TCGA-A7-A4SE-Control,-9,Cycle,Base Substitution,264442,509.03,27.00,26.72,0.28,Before
TCGA-A7-A4SE-Control,-9,Cycle,Base Insertion,264441,17.82,44.00,45.00,-1.00,Before
TCGA-A7-A4SE-Control,-9,Cycle,Base Deletion,264441,13.16,45.00,45.00,0.00,Before
TCGA-A7-A4SE-Control,10,Cycle,Base Substitution,269417,402.79,28.00,28.14,-0.14,Before
TCGA-A7-A4SE-Control,10,Cycle,Base Insertion,269417,11.11,45.00,45.00,0.00,Before
TCGA-A7-A4SE-Control,10,Cycle,Base Deletion,269417,10.54,45.00,45.00,0.00,Before
TCGA-A7-A4SE-Control,-10,Cycle,Base Substitution,264270,504.74,27.00,26.90,0.10,Before
TCGA-A7-A4SE-Control,-10,Cycle,Base Insertion,264269,14.71,45.00,45.00,0.00,Before
TCGA-A7-A4SE-Control,-10,Cycle,Base Deletion,264269,11.81,45.00,45.00,0.00,Before
TCGA-A7-A4SE-Control,11,Cycle,Base Substitution,269352,509.94,27.00,27.14,-0.14,Before
TCGA-A7-A4SE-Control,11,Cycle,Base Insertion,269352,13.25,45.00,45.00,0.00,Before
TCGA-A7-A4SE-Control,11,Cycle,Base Deletion,269352,11.88,45.00,45.00,0.00,Before
TCGA-A7-A4SE-Control,-11,Cycle,Base Substitution,264165,468.77,28.00,27.04,0.96,Before
TCGA-A7-A4SE-Control,-11,Cycle,Base Insertion,264164,12.81,45.00,45.00,0.00,Before
TCGA-A7-A4SE-Control,-11,Cycle,Base Deletion,264164,16.69,45.00,45.00,0.00,Before
TCGA-A7-A4SE-Control,12,Cycle,Base Substitution,269400,463.86,28.00,27.69,0.31,Before
TCGA-A7-A4SE-Control,12,Cycle,Base Insertion,269400,10.75,45.00,45.00,0.00,Before
TCGA-A7-A4SE-Control,12,Cycle,Base Deletion,269400,15.59,45.00,45.00,0.00,Before
TCGA-A7-A4SE-Control,-12,Cycle,Base Substitution,263912,543.96,27.00,26.70,0.30,Before
TCGA-A7-A4SE-Control,-12,Cycle,Base Insertion,263911,10.99,45.00,45.00,0.00,Before
TCGA-A7-A4SE-Control,-12,Cycle,Base Deletion,263911,15.34,45.00,45.00,0.00,Before
TCGA-A7-A4SE-Control,13,Cycle,Base Substitution,269412,463.15,28.00,27.41,0.59,Before
TCGA-A7-A4SE-Control,13,Cycle,Base Insertion,269412,14.29,45.00,45.00,0.00,Before
TCGA-A7-A4SE-Control,13,Cycle,Base Deletion,269412,14.46,45.00,45.00,0.00,Before
TCGA-A7-A4SE-Control,-13,Cycle,Base Substitution,263890,470.62,27.00,26.85,0.15,Before
TCGA-A7-A4SE-Control,-13,Cycle,Base Insertion,263890,11.74,45.00,45.00,0.00,Before
TCGA-A7-A4SE-Control,-13,Cycle,Base Deletion,263890,16.36,45.00,45.00,0.00,Before
TCGA-A7-A4SE-Control,14,Cycle,Base Substitution,269346,499.72,27.00,27.31,-0.31,Before
TCGA-A7-A4SE-Control,14,Cycle,Base Insertion,269346,11.30,45.00,45.00,0.00,Before
TCGA-A7-A4SE-Control,14,Cycle,Base Deletion,269346,13.68,45.00,45.00,0.00,Before
TCGA-A7-A4SE-Control,-14,Cycle,Base Substitution,263756,402.49,28.00,27.53,0.47,Before
TCGA-A7-A4SE-Control,-14,Cycle,Base Insertion,263756,17.68,44.00,45.00,-1.00,Before
TCGA-A7-A4SE-Control,-14,Cycle,Base Deletion,263756,17.41,45.00,45.00,0.00,Before
TCGA-A7-A4SE-Control,15,Cycle,Base Substitution,269414,490.46,27.00,27.38,-0.38,Before
TCGA-A7-A4SE-Control,15,Cycle,Base Insertion,269414,9.88,45.00,45.00,0.00,Before
TCGA-A7-A4SE-Control,15,Cycle,Base Deletion,269414,15.34,45.00,45.00,0.00,Before
TCGA-A7-A4SE-Control,-15,Cycle,Base Substitution,263658,434.03,28.00,27.02,0.98,Before
TCGA-A7-A4SE-Control,-15,Cycle,Base Insertion,263658,13.15,45.00,45.00,0.00,Before
TCGA-A7-A4SE-Control,-15,Cycle,Base Deletion,263658,22.48,44.00,45.00,-1.00,Before
TCGA-A7-A4SE-Control,16,Cycle,Base Substitution,269439,334.07,29.00,28.38,0.62,Before
TCGA-A7-A4SE-Control,16,Cycle,Base Insertion,269437,8.52,45.00,45.00,0.00,Before
TCGA-A7-A4SE-Control,16,Cycle,Base Deletion,269437,15.51,45.00,45.00,0.00,Before
TCGA-A7-A4SE-Control,-16,Cycle,Base Substitution,263525,420.50,28.00,27.36,0.64,Before
TCGA-A7-A4SE-Control,-16,Cycle,Base Insertion,263521,13.65,45.00,45.00,0.00,Before
TCGA-A7-A4SE-Control,-16,Cycle,Base Deletion,263521,19.71,44.00,45.00,-1.00,Before
TCGA-A7-A4SE-Control,17,Cycle,Base Substitution,269495,407.96,28.00,27.81,0.19,Before
TCGA-A7-A4SE-Control,17,Cycle,Base Insertion,269492,10.37,45.00,45.00,0.00,Before
TCGA-A7-A4SE-Control,17,Cycle,Base Deletion,269492,17.85,44.00,45.00,-1.00,Before
TCGA-A7-A4SE-Control,-17,Cycle,Base Substitution,263322,509.17,27.00,27.20,-0.20,Before
TCGA-A7-A4SE-Control,-17,Cycle,Base Insertion,263304,8.85,45.00,45.00,0.00,Before
TCGA-A7-A4SE-Control,-17,Cycle,Base Deletion,263304,18.72,44.00,45.00,-1.00,Before
TCGA-A7-A4SE-Control,18,Cycle,Base Substitution,269397,451.06,28.00,27.27,0.73,Before
TCGA-A7-A4SE-Control,18,Cycle,Base Insertion,269392,15.95,45.00,45.00,0.00,Before
TCGA-A7-A4SE-Control,18,Cycle,Base Deletion,269392,17.91,44.00,45.00,-1.00,Before
TCGA-A7-A4SE-Control,-18,Cycle,Base Substitution,263085,509.21,27.00,26.50,0.50,Before
TCGA-A7-A4SE-Control,-18,Cycle,Base Insertion,263057,11.13,45.00,45.00,0.00,Before
TCGA-A7-A4SE-Control,-18,Cycle,Base Deletion,263057,17.88,44.00,45.00,-1.00,Before
TCGA-A7-A4SE-Control,19,Cycle,Base Substitution,269419,458.27,28.00,27.72,0.28,Before
TCGA-A7-A4SE-Control,19,Cycle,Base Insertion,269413,12.23,45.00,45.00,0.00,Before
TCGA-A7-A4SE-Control,19,Cycle,Base Deletion,269413,24.48,44.00,45.00,-1.00,Before
TCGA-A7-A4SE-Control,-19,Cycle,Base Substitution,263139,405.88,28.00,27.50,0.50,Before
TCGA-A7-A4SE-Control,-19,Cycle,Base Insertion,263107,9.52,45.00,45.00,0.00,Before
TCGA-A7-A4SE-Control,-19,Cycle,Base Deletion,263107,18.16,44.00,45.00,-1.00,Before
TCGA-A7-A4SE-Control,20,Cycle,Base Substitution,269365,431.93,28.00,27.44,0.56,Before
TCGA-A7-A4SE-Control,20,Cycle,Base Insertion,269359,10.92,45.00,45.00,0.00,Before
TCGA-A7-A4SE-Control,20,Cycle,Base Deletion,269359,20.48,44.00,45.00,-1.00,Before
TCGA-A7-A4SE-Control,-20,Cycle,Base Substitution,262729,504.88,27.00,26.65,0.35,Before
TCGA-A7-A4SE-Control,-20,Cycle,Base Insertion,262699,15.65,45.00,45.00,0.00,Before
TCGA-A7-A4SE-Control,-20,Cycle,Base Deletion,262699,15.89,45.00,45.00,0.00,Before
TCGA-A7-A4SE-Control,21,Cycle,Base Substitution,269364,483.43,27.00,27.18,-0.18,Before
TCGA-A7-A4SE-Control,21,Cycle,Base Insertion,269359,10.17,45.00,45.00,0.00,Before
TCGA-A7-A4SE-Control,21,Cycle,Base Deletion,269359,19.54,44.00,45.00,-1.00,Before
TCGA-A7-A4SE-Control,-21,Cycle,Base Substitution,262676,532.85,27.00,26.55,0.45,Before
TCGA-A7-A4SE-Control,-21,Cycle,Base Insertion,262647,10.66,45.00,45.00,0.00,Before
TCGA-A7-A4SE-Control,-21,Cycle,Base Deletion,262647,18.51,44.00,45.00,-1.00,Before
TCGA-A7-A4SE-Control,22,Cycle,Base Substitution,269322,471.24,28.00,27.32,0.68,Before
TCGA-A7-A4SE-Control,22,Cycle,Base Insertion,269310,13.26,45.00,45.00,0.00,Before
TCGA-A7-A4SE-Control,22,Cycle,Base Deletion,269310,18.84,44.00,45.00,-1.00,Before
TCGA-A7-A4SE-Control,-22,Cycle,Base Substitution,262299,587.12,27.00,26.09,0.91,Before
TCGA-A7-A4SE-Control,-22,Cycle,Base Insertion,262274,14.37,45.00,45.00,0.00,Before
TCGA-A7-A4SE-Control,-22,Cycle,Base Deletion,262274,17.90,44.00,45.00,-1.00,Before
TCGA-A7-A4SE-Control,23,Cycle,Base Substitution,269377,389.22,28.00,27.90,0.10,Before
TCGA-A7-A4SE-Control,23,Cycle,Base Insertion,269357,9.38,45.00,45.00,0.00,Before
TCGA-A7-A4SE-Control,23,Cycle,Base Deletion,269357,19.90,44.00,45.00,-1.00,Before
TCGA-A7-A4SE-Control,-23,Cycle,Base Substitution,262230,521.35,27.00,26.56,0.44,Before
TCGA-A7-A4SE-Control,-23,Cycle,Base Insertion,262206,13.72,45.00,45.00,0.00,Before
TCGA-A7-A4SE-Control,-23,Cycle,Base Deletion,262206,19.88,44.00,45.00,-1.00,Before
TCGA-A7-A4SE-Control,24,Cycle,Base Substitution,269175,552.75,27.00,26.64,0.36,Before
TCGA-A7-A4SE-Control,24,Cycle,Base Insertion,269148,14.67,45.00,45.00,0.00,Before
TCGA-A7-A4SE-Control,24,Cycle,Base Deletion,269148,21.28,44.00,45.00,-1.00,Before
TCGA-A7-A4SE-Control,-24,Cycle,Base Substitution,261926,580.66,26.00,25.97,0.03,Before
TCGA-A7-A4SE-Control,-24,Cycle,Base Insertion,261893,14.78,45.00,45.00,0.00,Before
TCGA-A7-A4SE-Control,-24,Cycle,Base Deletion,261893,20.36,44.00,45.00,-1.00,Before
TCGA-A7-A4SE-Control,25,Cycle,Base Substitution,269073,599.90,27.00,26.12,0.88,Before
TCGA-A7-A4SE-Control,25,Cycle,Base Insertion,269038,11.53,45.00,45.00,0.00,Before
TCGA-A7-A4SE-Control,25,Cycle,Base Deletion,269038,21.17,44.00,45.00,-1.00,Before
TCGA-A7-A4SE-Control,-25,Cycle,Base Substitution,261939,551.47,27.00,26.37,0.63,Before
TCGA-A7-A4SE-Control,-25,Cycle,Base Insertion,261904,12.32,45.00,45.00,0.00,Before
TCGA-A7-A4SE-Control,-25,Cycle,Base Deletion,261904,21.66,44.00,45.00,-1.00,Before
TCGA-A7-A4SE-Control,26,Cycle,Base Substitution,268987,616.34,26.00,26.00,0.00,Before
TCGA-A7-A4SE-Control,26,Cycle,Base Insertion,268951,11.44,45.00,45.00,0.00,Before
TCGA-A7-A4SE-Control,26,Cycle,Base Deletion,268951,19.08,44.00,45.00,-1.00,Before
TCGA-A7-A4SE-Control,-26,Cycle,Base Substitution,261685,504.82,27.00,26.37,0.63,Before
TCGA-A7-A4SE-Control,-26,Cycle,Base Insertion,261655,9.52,45.00,45.00,0.00,Before
TCGA-A7-A4SE-Control,-26,Cycle,Base Deletion,261655,21.94,44.00,45.00,-1.00,Before
TCGA-A7-A4SE-Control,27,Cycle,Base Substitution,268974,560.43,27.00,26.52,0.48,Before
TCGA-A7-A4SE-Control,27,Cycle,Base Insertion,268943,12.89,45.00,45.00,0.00,Before
TCGA-A7-A4SE-Control,27,Cycle,Base Deletion,268943,19.61,44.00,45.00,-1.00,Before
TCGA-A7-A4SE-Control,-27,Cycle,Base Substitution,261414,649.82,26.00,25.82,0.18,Before
TCGA-A7-A4SE-Control,-27,Cycle,Base Insertion,261380,10.60,45.00,45.00,0.00,Before
TCGA-A7-A4SE-Control,-27,Cycle,Base Deletion,261380,20.01,44.00,45.00,-1.00,Before
TCGA-A7-A4SE-Control,28,Cycle,Base Substitution,268879,571.58,27.00,26.56,0.44,Before
TCGA-A7-A4SE-Control,28,Cycle,Base Insertion,268856,14.04,45.00,45.00,0.00,Before
TCGA-A7-A4SE-Control,28,Cycle,Base Deletion,268856,18.66,44.00,45.00,-1.00,Before
TCGA-A7-A4SE-Control,-28,Cycle,Base Substitution,261291,762.52,25.00,25.17,-0.17,Before
TCGA-A7-A4SE-Control,-28,Cycle,Base Insertion,261257,12.96,45.00,45.00,0.00,Before
TCGA-A7-A4SE-Control,-28,Cycle,Base Deletion,261257,21.48,44.00,45.00,-1.00,Before
TCGA-A7-A4SE-Control,29,Cycle,Base Substitution,268797,564.67,27.00,26.22,0.78,Before
TCGA-A7-A4SE-Control,29,Cycle,Base Insertion,268774,13.13,45.00,45.00,0.00,Before
TCGA-A7-A4SE-Control,29,Cycle,Base Deletion,268774,19.67,44.00,45.00,-1.00,Before
TCGA-A7-A4SE-Control,-29,Cycle,Base Substitution,261241,471.68,27.00,27.00,-0.00,Before
TCGA-A7-A4SE-Control,-29,Cycle,Base Insertion,261201,10.07,45.00,45.00,0.00,Before
TCGA-A7-A4SE-Control,-29,Cycle,Base Deletion,261201,22.11,44.00,45.00,-1.00,Before
TCGA-A7-A4SE-Control,30,Cycle,Base Substitution,268779,517.90,27.00,26.47,0.53,Before
TCGA-A7-A4SE-Control,30,Cycle,Base Insertion,268758,12.29,45.00,45.00,0.00,Before
TCGA-A7-A4SE-Control,30,Cycle,Base Deletion,268758,16.05,45.00,45.00,0.00,Before
TCGA-A7-A4SE-Control,-30,Cycle,Base Substitution,261003,531.76,27.00,26.42,0.58,Before
TCGA-A7-A4SE-Control,-30,Cycle,Base Insertion,260962,13.11,45.00,45.00,0.00,Before
TCGA-A7-A4SE-Control,-30,Cycle,Base Deletion,260962,17.86,44.00,45.00,-1.00,Before
TCGA-A7-A4SE-Control,31,Cycle,Base Substitution,268633,589.42,27.00,26.17,0.83,Before
TCGA-A7-A4SE-Control,31,Cycle,Base Insertion,268613,8.76,45.00,45.00,0.00,Before
TCGA-A7-A4SE-Control,31,Cycle,Base Deletion,268613,18.31,44.00,45.00,-1.00,Before
TCGA-A7-A4SE-Control,-31,Cycle,Base Substitution,260850,406.42,28.00,27.42,0.58,Before
TCGA-A7-A4SE-Control,-31,Cycle,Base Insertion,260810,12.52,45.00,45.00,0.00,Before
TCGA-A7-A4SE-Control,-31,Cycle,Base Deletion,260810,19.48,44.00,45.00,-1.00,Before
TCGA-A7-A4SE-Control,32,Cycle,Base Substitution,268653,592.07,27.00,26.35,0.65,Before
TCGA-A7-A4SE-Control,32,Cycle,Base Insertion,268631,7.21,45.00,45.00,0.00,Before
TCGA-A7-A4SE-Control,32,Cycle,Base Deletion,268631,17.63,44.00,45.00,-1.00,Before
TCGA-A7-A4SE-Control,-32,Cycle,Base Substitution,260605,464.82,27.00,27.12,-0.12,Before
TCGA-A7-A4SE-Control,-32,Cycle,Base Insertion,260575,6.53,45.00,45.00,0.00,Before
TCGA-A7-A4SE-Control,-32,Cycle,Base Deletion,260575,18.01,44.00,45.00,-1.00,Before
TCGA-A7-A4SE-Control,33,Cycle,Base Substitution,268505,663.12,26.00,25.68,0.32,Before
TCGA-A7-A4SE-Control,33,Cycle,Base Insertion,268477,9.66,45.00,45.00,0.00,Before
TCGA-A7-A4SE-Control,33,Cycle,Base Deletion,268477,18.16,44.00,45.00,-1.00,Before
TCGA-A7-A4SE-Control,-33,Cycle,Base Substitution,260374,463.34,27.00,26.84,0.16,Before
TCGA-A7-A4SE-Control,-33,Cycle,Base Insertion,260341,13.45,45.00,45.00,0.00,Before
TCGA-A7-A4SE-Control,-33,Cycle,Base Deletion,260341,17.63,44.00,45.00,-1.00,Before
TCGA-A7-A4SE-Control,34,Cycle,Base Substitution,268396,475.20,27.00,26.92,0.08,Before
TCGA-A7-A4SE-Control,34,Cycle,Base Insertion,268375,12.77,45.00,45.00,0.00,Before
TCGA-A7-A4SE-Control,34,Cycle,Base Deletion,268375,20.53,44.00,45.00,-1.00,Before
TCGA-A7-A4SE-Control,-34,Cycle,Base Substitution,260122,537.70,27.00,26.32,0.68,Before
TCGA-A7-A4SE-Control,-34,Cycle,Base Insertion,260088,16.80,44.00,45.00,-1.00,Before
TCGA-A7-A4SE-Control,-34,Cycle,Base Deletion,260088,14.98,45.00,45.00,0.00,Before
TCGA-A7-A4SE-Control,35,Cycle,Base Substitution,268403,518.29,27.00,26.64,0.36,Before
TCGA-A7-A4SE-Control,35,Cycle,Base Insertion,268374,10.24,45.00,45.00,0.00,Before
TCGA-A7-A4SE-Control,35,Cycle,Base Deletion,268374,19.48,44.00,45.00,-1.00,Before
TCGA-A7-A4SE-Control,-35,Cycle,Base Substitution,259946,482.03,27.00,26.48,0.52,Before
TCGA-A7-A4SE-Control,-35,Cycle,Base Insertion,259907,10.25,45.00,45.00,0.00,Before
TCGA-A7-A4SE-Control,-35,Cycle,Base Deletion,259907,14.60,45.00,45.00,0.00,Before
TCGA-A7-A4SE-Control,36,Cycle,Base Substitution,268359,517.21,27.00,26.68,0.32,Before
TCGA-A7-A4SE-Control,36,Cycle,Base Insertion,268333,9.34,45.00,45.00,0.00,Before
TCGA-A7-A4SE-Control,36,Cycle,Base Deletion,268333,18.65,44.00,45.00,-1.00,Before
TCGA-A7-A4SE-Control,-36,Cycle,Base Substitution,259735,523.18,27.00,26.45,0.55,Before
TCGA-A7-A4SE-Control,-36,Cycle,Base Insertion,259689,10.91,45.00,45.00,0.00,Before
TCGA-A7-A4SE-Control,-36,Cycle,Base Deletion,259689,17.91,44.00,45.00,-1.00,Before
TCGA-A7-A4SE-Control,37,Cycle,Base Substitution,268199,602.28,26.00,25.77,0.23,Before
TCGA-A7-A4SE-Control,37,Cycle,Base Insertion,268174,11.13,45.00,45.00,0.00,Before
TCGA-A7-A4SE-Control,37,Cycle,Base Deletion,268174,21.35,44.00,45.00,-1.00,Before
TCGA-A7-A4SE-Control,-37,Cycle,Base Substitution,259439,476.37,27.00,26.57,0.43,Before
TCGA-A7-A4SE-Control,-37,Cycle,Base Insertion,259399,5.81,45.00,45.00,0.00,Before
TCGA-A7-A4SE-Control,-37,Cycle,Base Deletion,259399,15.29,45.00,45.00,0.00,Before
TCGA-A7-A4SE-Control,38,Cycle,Base Substitution,268038,599.65,26.00,25.81,0.19,Before
TCGA-A7-A4SE-Control,38,Cycle,Base Insertion,268010,12.47,45.00,45.00,0.00,Before
TCGA-A7-A4SE-Control,38,Cycle,Base Deletion,268010,21.46,44.00,45.00,-1.00,Before
TCGA-A7-A4SE-Control,-38,Cycle,Base Substitution,258906,838.10,25.00,24.71,0.29,Before
TCGA-A7-A4SE-Control,-38,Cycle,Base Insertion,258867,7.60,45.00,45.00,0.00,Before
TCGA-A7-A4SE-Control,-38,Cycle,Base Deletion,258867,15.29,45.00,45.00,0.00,Before
TCGA-A7-A4SE-Control,39,Cycle,Base Substitution,267984,580.45,27.00,26.18,0.82,Before
TCGA-A7-A4SE-Control,39,Cycle,Base Insertion,267955,10.92,45.00,45.00,0.00,Before
TCGA-A7-A4SE-Control,39,Cycle,Base Deletion,267955,19.60,44.00,45.00,-1.00,Before
TCGA-A7-A4SE-Control,-39,Cycle,Base Substitution,258946,492.19,27.00,26.45,0.55,Before
TCGA-A7-A4SE-Control,-39,Cycle,Base Insertion,258912,13.03,45.00,45.00,0.00,Before
TCGA-A7-A4SE-Control,-39,Cycle,Base Deletion,258912,15.18,45.00,45.00,0.00,Before
TCGA-A7-A4SE-Control,40,Cycle,Base Substitution,268033,507.96,27.00,26.69,0.31,Before
TCGA-A7-A4SE-Control,40,Cycle,Base Insertion,267998,10.88,45.00,45.00,0.00,Before
TCGA-A7-A4SE-Control,40,Cycle,Base Deletion,267998,21.51,44.00,45.00,-1.00,Before
TCGA-A7-A4SE-Control,-40,Cycle,Base Substitution,258804,411.74,28.00,27.30,0.70,Before
TCGA-A7-A4SE-Control,-40,Cycle,Base Insertion,258771,7.56,45.00,45.00,0.00,Before
TCGA-A7-A4SE-Control,-40,Cycle,Base Deletion,258771,16.52,44.00,45.00,-1.00,Before
TCGA-A7-A4SE-Control,41,Cycle,Base Substitution,267841,544.41,27.00,26.45,0.55,Before
TCGA-A7-A4SE-Control,41,Cycle,Base Insertion,267801,10.66,45.00,45.00,0.00,Before
TCGA-A7-A4SE-Control,41,Cycle,Base Deletion,267801,20.60,44.00,45.00,-1.00,Before
TCGA-A7-A4SE-Control,-41,Cycle,Base Substitution,258539,417.25,28.00,27.28,0.72,Before
TCGA-A7-A4SE-Control,-41,Cycle,Base Insertion,258513,10.37,45.00,45.00,0.00,Before
TCGA-A7-A4SE-Control,-41,Cycle,Base Deletion,258513,16.31,45.00,45.00,0.00,Before
TCGA-A7-A4SE-Control,42,Cycle,Base Substitution,267626,644.47,26.00,25.91,0.09,Before
TCGA-A7-A4SE-Control,42,Cycle,Base Insertion,267584,12.81,45.00,45.00,0.00,Before
TCGA-A7-A4SE-Control,42,Cycle,Base Deletion,267584,22.01,44.00,45.00,-1.00,Before
TCGA-A7-A4SE-Control,-42,Cycle,Base Substitution,258306,403.00,28.00,27.34,0.66,Before
TCGA-A7-A4SE-Control,-42,Cycle,Base Insertion,258277,8.85,45.00,45.00,0.00,Before
TCGA-A7-A4SE-Control,-42,Cycle,Base Deletion,258277,16.70,44.00,45.00,-1.00,Before
TCGA-A7-A4SE-Control,43,Cycle,Base Substitution,267577,478.11,27.00,27.12,-0.12,Before
TCGA-A7-A4SE-Control,43,Cycle,Base Insertion,267539,8.13,45.00,45.00,0.00,Before
TCGA-A7-A4SE-Control,43,Cycle,Base Deletion,267539,19.37,44.00,45.00,-1.00,Before
TCGA-A7-A4SE-Control,-43,Cycle,Base Substitution,258049,360.70,28.00,27.71,0.29,Before
TCGA-A7-A4SE-Control,-43,Cycle,Base Insertion,258012,9.81,45.00,45.00,0.00,Before
TCGA-A7-A4SE-Control,-43,Cycle,Base Deletion,258012,15.72,45.00,45.00,0.00,Before
TCGA-A7-A4SE-Control,44,Cycle,Base Substitution,267423,502.65,27.00,27.05,-0.05,Before
TCGA-A7-A4SE-Control,44,Cycle,Base Insertion,267398,9.90,45.00,45.00,0.00,Before
TCGA-A7-A4SE-Control,44,Cycle,Base Deletion,267398,20.05,44.00,45.00,-1.00,Before
TCGA-A7-A4SE-Control,-44,Cycle,Base Substitution,257668,417.75,28.00,27.22,0.78,Before
TCGA-A7-A4SE-Control,-44,Cycle,Base Insertion,257634,9.07,45.00,45.00,0.00,Before
TCGA-A7-A4SE-Control,-44,Cycle,Base Deletion,257634,15.86,45.00,45.00,0.00,Before
TCGA-A7-A4SE-Control,45,Cycle,Base Substitution,267280,488.15,27.00,26.85,0.15,Before
TCGA-A7-A4SE-Control,45,Cycle,Base Insertion,267258,10.02,45.00,45.00,0.00,Before
TCGA-A7-A4SE-Control,45,Cycle,Base Deletion,267258,17.62,44.00,45.00,-1.00,Before
TCGA-A7-A4SE-Control,-45,Cycle,Base Substitution,257412,390.45,28.00,27.60,0.40,Before
TCGA-A7-A4SE-Control,-45,Cycle,Base Insertion,257377,8.08,45.00,45.00,0.00,Before
TCGA-A7-A4SE-Control,-45,Cycle,Base Deletion,257377,17.92,44.00,45.00,-1.00,Before
TCGA-A7-A4SE-Control,46,Cycle,Base Substitution,267104,555.57,27.00,26.58,0.42,Before
TCGA-A7-A4SE-Control,46,Cycle,Base Insertion,267080,10.83,45.00,45.00,0.00,Before
TCGA-A7-A4SE-Control,46,Cycle,Base Deletion,267080,18.93,44.00,45.00,-1.00,Before
TCGA-A7-A4SE-Control,-46,Cycle,Base Substitution,257008,440.03,28.00,26.95,1.05,Before
TCGA-A7-A4SE-Control,-46,Cycle,Base Insertion,256975,8.68,45.00,45.00,0.00,Before
TCGA-A7-A4SE-Control,-46,Cycle,Base Deletion,256975,17.17,44.00,45.00,-1.00,Before
TCGA-A7-A4SE-Control,47,Cycle,Base Substitution,266972,574.69,27.00,26.47,0.53,Before
TCGA-A7-A4SE-Control,47,Cycle,Base Insertion,266944,10.26,45.00,45.00,0.00,Before
TCGA-A7-A4SE-Control,47,Cycle,Base Deletion,266944,18.10,44.00,45.00,-1.00,Before
TCGA-A7-A4SE-Control,-47,Cycle,Base Substitution,256802,396.96,28.00,27.34,0.66,Before
TCGA-A7-A4SE-Control,-47,Cycle,Base Insertion,256775,8.80,45.00,45.00,0.00,Before
TCGA-A7-A4SE-Control,-47,Cycle,Base Deletion,256775,18.21,44.00,45.00,-1.00,Before
TCGA-A7-A4SE-Control,48,Cycle,Base Substitution,266866,482.74,27.00,27.26,-0.26,Before
TCGA-A7-A4SE-Control,48,Cycle,Base Insertion,266839,14.66,45.00,45.00,0.00,Before
TCGA-A7-A4SE-Control,48,Cycle,Base Deletion,266839,17.13,45.00,45.00,0.00,Before
TCGA-A7-A4SE-Control,-48,Cycle,Base Substitution,256391,457.63,27.00,27.16,-0.16,Before
TCGA-A7-A4SE-Control,-48,Cycle,Base Insertion,256363,10.40,45.00,45.00,0.00,Before
TCGA-A7-A4SE-Control,-48,Cycle,Base Deletion,256363,17.47,44.00,45.00,-1.00,Before
TCGA-A7-A4SE-Control,49,Cycle,Base Substitution,266827,361.01,29.00,27.97,1.03,Before
TCGA-A7-A4SE-Control,49,Cycle,Base Insertion,266797,7.54,45.00,45.00,0.00,Before
TCGA-A7-A4SE-Control,49,Cycle,Base Deletion,266797,17.23,45.00,45.00,0.00,Before
TCGA-A7-A4SE-Control,-49,Cycle,Base Substitution,256038,461.53,27.00,26.94,0.06,Before
TCGA-A7-A4SE-Control,-49,Cycle,Base Insertion,256009,6.32,45.00,45.00,0.00,Before
TCGA-A7-A4SE-Control,-49,Cycle,Base Deletion,256009,16.93,44.00,45.00,-1.00,Before
TCGA-A7-A4SE-Control,50,Cycle,Base Substitution,266670,417.90,28.00,27.34,0.66,Before
TCGA-A7-A4SE-Control,50,Cycle,Base Insertion,266639,8.02,45.00,45.00,0.00,Before
TCGA-A7-A4SE-Control,50,Cycle,Base Deletion,266639,17.86,44.00,45.00,-1.00,Before
TCGA-A7-A4SE-Control,-50,Cycle,Base Substitution,255621,469.36,27.00,26.86,0.14,Before
TCGA-A7-A4SE-Control,-50,Cycle,Base Insertion,255589,6.71,45.00,45.00,0.00,Before
TCGA-A7-A4SE-Control,-50,Cycle,Base Deletion,255589,17.30,44.00,45.00,-1.00,Before
TCGA-A7-A4SE-Control,51,Cycle,Base Substitution,266482,457.49,28.00,27.22,0.78,Before
TCGA-A7-A4SE-Control,51,Cycle,Base Insertion,266452,7.93,45.00,45.00,0.00,Before
TCGA-A7-A4SE-Control,51,Cycle,Base Deletion,266452,20.25,44.00,45.00,-1.00,Before
TCGA-A7-A4SE-Control,-51,Cycle,Base Substitution,255310,542.17,27.00,26.29,0.71,Before
TCGA-A7-A4SE-Control,-51,Cycle,Base Insertion,255275,6.88,45.00,45.00,0.00,Before
TCGA-A7-A4SE-Control,-51,Cycle,Base Deletion,255275,18.72,44.00,45.00,-1.00,Before
TCGA-A7-A4SE-Control,52,Cycle,Base Substitution,266334,419.93,28.00,27.79,0.21,Before
TCGA-A7-A4SE-Control,52,Cycle,Base Insertion,266310,10.00,45.00,45.00,0.00,Before
TCGA-A7-A4SE-Control,52,Cycle,Base Deletion,266310,20.50,44.00,45.00,-1.00,Before
TCGA-A7-A4SE-Control,-52,Cycle,Base Substitution,255101,446.39,27.00,26.76,0.24,Before
TCGA-A7-A4SE-Control,-52,Cycle,Base Insertion,255063,6.25,45.00,45.00,0.00,Before
TCGA-A7-A4SE-Control,-52,Cycle,Base Deletion,255063,15.87,45.00,45.00,0.00,Before
TCGA-A7-A4SE-Control,53,Cycle,Base Substitution,266108,525.88,27.00,26.65,0.35,Before
TCGA-A7-A4SE-Control,53,Cycle,Base Insertion,266078,10.08,45.00,45.00,0.00,Before
TCGA-A7-A4SE-Control,53,Cycle,Base Deletion,266078,21.36,44.00,45.00,-1.00,Before
TCGA-A7-A4SE-Control,-53,Cycle,Base Substitution,254918,354.55,28.00,27.48,0.52,Before
TCGA-A7-A4SE-Control,-53,Cycle,Base Insertion,254875,10.32,45.00,45.00,0.00,Before
TCGA-A7-A4SE-Control,-53,Cycle,Base Deletion,254875,13.49,45.00,45.00,0.00,Before
TCGA-A7-A4SE-Control,54,Cycle,Base Substitution,265998,421.64,28.00,27.59,0.41,Before
TCGA-A7-A4SE-Control,54,Cycle,Base Insertion,265967,11.88,45.00,45.00,0.00,Before
TCGA-A7-A4SE-Control,54,Cycle,Base Deletion,265967,19.55,44.00,45.00,-1.00,Before
TCGA-A7-A4SE-Control,-54,Cycle,Base Substitution,254612,404.13,28.00,27.53,0.47,Before
TCGA-A7-A4SE-Control,-54,Cycle,Base Insertion,254570,7.84,45.00,45.00,0.00,Before
TCGA-A7-A4SE-Control,-54,Cycle,Base Deletion,254570,13.73,45.00,45.00,0.00,Before
TCGA-A7-A4SE-Control,55,Cycle,Base Substitution,265764,401.30,28.00,27.72,0.28,Before
TCGA-A7-A4SE-Control,55,Cycle,Base Insertion,265727,12.10,45.00,45.00,0.00,Before
TCGA-A7-A4SE-Control,55,Cycle,Base Deletion,265727,20.95,44.00,45.00,-1.00,Before
TCGA-A7-A4SE-Control,-55,Cycle,Base Substitution,254307,437.33,28.00,27.19,0.81,Before
TCGA-A7-A4SE-Control,-55,Cycle,Base Insertion,254257,9.55,45.00,45.00,0.00,Before
TCGA-A7-A4SE-Control,-55,Cycle,Base Deletion,254257,14.02,45.00,45.00,0.00,Before
TCGA-A7-A4SE-Control,56,Cycle,Base Substitution,265581,527.41,27.00,26.91,0.09,Before
TCGA-A7-A4SE-Control,56,Cycle,Base Insertion,265538,6.24,45.00,45.00,0.00,Before
TCGA-A7-A4SE-Control,56,Cycle,Base Deletion,265538,19.04,44.00,45.00,-1.00,Before
TCGA-A7-A4SE-Control,-56,Cycle,Base Substitution,254034,430.75,28.00,27.31,0.69,Before
TCGA-A7-A4SE-Control,-56,Cycle,Base Insertion,253990,8.00,45.00,45.00,0.00,Before
TCGA-A7-A4SE-Control,-56,Cycle,Base Deletion,253990,12.59,45.00,45.00,0.00,Before
TCGA-A7-A4SE-Control,57,Cycle,Base Substitution,265310,601.67,26.00,26.53,-0.53,Before
TCGA-A7-A4SE-Control,57,Cycle,Base Insertion,265276,12.25,45.00,45.00,0.00,Before
TCGA-A7-A4SE-Control,57,Cycle,Base Deletion,265276,20.42,44.00,45.00,-1.00,Before
TCGA-A7-A4SE-Control,-57,Cycle,Base Substitution,253730,460.38,27.00,27.06,-0.06,Before
TCGA-A7-A4SE-Control,-57,Cycle,Base Insertion,253691,11.36,45.00,45.00,0.00,Before
TCGA-A7-A4SE-Control,-57,Cycle,Base Deletion,253691,12.44,45.00,45.00,0.00,Before
TCGA-A7-A4SE-Control,58,Cycle,Base Substitution,265066,546.48,27.00,26.74,0.26,Before
TCGA-A7-A4SE-Control,58,Cycle,Base Insertion,265032,13.96,45.00,45.00,0.00,Before
TCGA-A7-A4SE-Control,58,Cycle,Base Deletion,265032,19.28,44.00,45.00,-1.00,Before
TCGA-A7-A4SE-Control,-58,Cycle,Base Substitution,253485,346.06,29.00,27.95,1.05,Before
TCGA-A7-A4SE-Control,-58,Cycle,Base Insertion,253455,9.50,45.00,45.00,0.00,Before
TCGA-A7-A4SE-Control,-58,Cycle,Base Deletion,253455,12.60,45.00,45.00,0.00,Before
TCGA-A7-A4SE-Control,59,Cycle,Base Substitution,264884,437.35,28.00,27.55,0.45,Before
TCGA-A7-A4SE-Control,59,Cycle,Base Insertion,264847,10.88,45.00,45.00,0.00,Before
TCGA-A7-A4SE-Control,59,Cycle,Base Deletion,264847,19.29,44.00,45.00,-1.00,Before
TCGA-A7-A4SE-Control,-59,Cycle,Base Substitution,253050,381.74,28.00,27.75,0.25,Before
TCGA-A7-A4SE-Control,-59,Cycle,Base Insertion,253023,14.09,45.00,45.00,0.00,Before
TCGA-A7-A4SE-Control,-59,Cycle,Base Deletion,253023,13.55,45.00,45.00,0.00,Before
TCGA-A7-A4SE-Control,60,Cycle,Base Substitution,264773,388.97,28.00,28.11,-0.11,Before
TCGA-A7-A4SE-Control,60,Cycle,Base Insertion,264740,9.02,45.00,45.00,0.00,Before
TCGA-A7-A4SE-Control,60,Cycle,Base Deletion,264740,20.44,44.00,45.00,-1.00,Before
TCGA-A7-A4SE-Control,-60,Cycle,Base Substitution,252769,344.99,29.00,27.93,1.07,Before
TCGA-A7-A4SE-Control,-60,Cycle,Base Insertion,252740,12.88,45.00,45.00,0.00,Before
TCGA-A7-A4SE-Control,-60,Cycle,Base Deletion,252740,15.21,45.00,45.00,0.00,Before
TCGA-A7-A4SE-Control,61,Cycle,Base Substitution,264457,390.64,28.00,27.57,0.43,Before
TCGA-A7-A4SE-Control,61,Cycle,Base Insertion,264418,10.12,45.00,45.00,0.00,Before
TCGA-A7-A4SE-Control,61,Cycle,Base Deletion,264418,19.27,44.00,45.00,-1.00,Before
TCGA-A7-A4SE-Control,-61,Cycle,Base Substitution,252504,326.17,29.00,28.13,0.87,Before
TCGA-A7-A4SE-Control,-61,Cycle,Base Insertion,252464,12.33,45.00,45.00,0.00,Before
TCGA-A7-A4SE-Control,-61,Cycle,Base Deletion,252464,13.25,45.00,45.00,0.00,Before
TCGA-A7-A4SE-Control,62,Cycle,Base Substitution,264228,446.03,28.00,27.36,0.64,Before
TCGA-A7-A4SE-Control,62,Cycle,Base Insertion,264177,13.71,45.00,45.00,0.00,Before
TCGA-A7-A4SE-Control,62,Cycle,Base Deletion,264177,20.06,44.00,45.00,-1.00,Before
TCGA-A7-A4SE-Control,-62,Cycle,Base Substitution,252211,298.42,29.00,28.25,0.75,Before
TCGA-A7-A4SE-Control,-62,Cycle,Base Insertion,252168,13.59,45.00,45.00,0.00,Before
TCGA-A7-A4SE-Control,-62,Cycle,Base Deletion,252168,14.66,45.00,45.00,0.00,Before
TCGA-A7-A4SE-Control,63,Cycle,Base Substitution,264033,459.95,28.00,27.41,0.59,Before
TCGA-A7-A4SE-Control,63,Cycle,Base Insertion,263985,17.69,44.00,45.00,-1.00,Before
TCGA-A7-A4SE-Control,63,Cycle,Base Deletion,263985,18.88,44.00,45.00,-1.00,Before
TCGA-A7-A4SE-Control,-63,Cycle,Base Substitution,252007,335.44,29.00,28.36,0.64,Before
TCGA-A7-A4SE-Control,-63,Cycle,Base Insertion,251958,8.15,45.00,45.00,0.00,Before
TCGA-A7-A4SE-Control,-63,Cycle,Base Deletion,251958,14.85,45.00,45.00,0.00,Before
TCGA-A7-A4SE-Control,64,Cycle,Base Substitution,263803,391.77,28.00,27.88,0.12,Before
TCGA-A7-A4SE-Control,64,Cycle,Base Insertion,263755,8.70,45.00,45.00,0.00,Before
TCGA-A7-A4SE-Control,64,Cycle,Base Deletion,263755,19.32,44.00,45.00,-1.00,Before
TCGA-A7-A4SE-Control,-64,Cycle,Base Substitution,251632,317.46,29.00,28.34,0.66,Before
TCGA-A7-A4SE-Control,-64,Cycle,Base Insertion,251580,8.18,45.00,45.00,0.00,Before
TCGA-A7-A4SE-Control,-64,Cycle,Base Deletion,251580,16.22,45.00,45.00,0.00,Before
TCGA-A7-A4SE-Control,65,Cycle,Base Substitution,263529,431.46,28.00,27.31,0.69,Before
TCGA-A7-A4SE-Control,65,Cycle,Base Insertion,263483,12.15,45.00,45.00,0.00,Before
TCGA-A7-A4SE-Control,65,Cycle,Base Deletion,263483,17.91,44.00,45.00,-1.00,Before
TCGA-A7-A4SE-Control,-65,Cycle,Base Substitution,251261,321.18,29.00,28.40,0.60,Before
TCGA-A7-A4SE-Control,-65,Cycle,Base Insertion,251207,10.30,45.00,45.00,0.00,Before
TCGA-A7-A4SE-Control,-65,Cycle,Base Deletion,251207,15.09,45.00,45.00,0.00,Before
TCGA-A7-A4SE-Control,66,Cycle,Base Substitution,263271,415.94,28.00,27.50,0.50,Before
TCGA-A7-A4SE-Control,66,Cycle,Base Insertion,263224,12.83,45.00,45.00,0.00,Before
TCGA-A7-A4SE-Control,66,Cycle,Base Deletion,263224,16.98,45.00,45.00,0.00,Before
TCGA-A7-A4SE-Control,-66,Cycle,Base Substitution,250948,359.40,28.00,28.05,-0.05,Before
TCGA-A7-A4SE-Control,-66,Cycle,Base Insertion,250890,8.18,45.00,45.00,0.00,Before
TCGA-A7-A4SE-Control,-66,Cycle,Base Deletion,250890,14.77,45.00,45.00,0.00,Before
TCGA-A7-A4SE-Control,67,Cycle,Base Substitution,262992,457.78,28.00,27.33,0.67,Before
TCGA-A7-A4SE-Control,67,Cycle,Base Insertion,262938,10.46,45.00,45.00,0.00,Before
TCGA-A7-A4SE-Control,67,Cycle,Base Deletion,262938,15.97,45.00,45.00,0.00,Before
TCGA-A7-A4SE-Control,-67,Cycle,Base Substitution,250668,328.66,29.00,28.64,0.36,Before
TCGA-A7-A4SE-Control,-67,Cycle,Base Insertion,250608,7.79,45.00,45.00,0.00,Before
TCGA-A7-A4SE-Control,-67,Cycle,Base Deletion,250608,15.42,45.00,45.00,0.00,Before
TCGA-A7-A4SE-Control,68,Cycle,Base Substitution,262745,410.90,28.00,27.95,0.05,Before
TCGA-A7-A4SE-Control,68,Cycle,Base Insertion,262691,13.42,45.00,45.00,0.00,Before
TCGA-A7-A4SE-Control,68,Cycle,Base Deletion,262691,16.52,45.00,45.00,0.00,Before
TCGA-A7-A4SE-Control,-68,Cycle,Base Substitution,250278,310.77,29.00,28.74,0.26,Before
TCGA-A7-A4SE-Control,-68,Cycle,Base Insertion,250223,10.48,45.00,45.00,0.00,Before
TCGA-A7-A4SE-Control,-68,Cycle,Base Deletion,250223,14.31,45.00,45.00,0.00,Before
TCGA-A7-A4SE-Control,69,Cycle,Base Substitution,262446,453.91,28.00,27.69,0.31,Before
TCGA-A7-A4SE-Control,69,Cycle,Base Insertion,262393,11.75,45.00,45.00,0.00,Before
TCGA-A7-A4SE-Control,69,Cycle,Base Deletion,262393,20.52,44.00,45.00,-1.00,Before
TCGA-A7-A4SE-Control,-69,Cycle,Base Substitution,249861,306.42,29.00,28.78,0.22,Before
TCGA-A7-A4SE-Control,-69,Cycle,Base Insertion,249807,9.43,45.00,45.00,0.00,Before
TCGA-A7-A4SE-Control,-69,Cycle,Base Deletion,249807,14.63,45.00,45.00,0.00,Before
TCGA-A7-A4SE-Control,70,Cycle,Base Substitution,262046,474.09,27.00,27.35,-0.35,Before
TCGA-A7-A4SE-Control,70,Cycle,Base Insertion,261996,9.98,45.00,45.00,0.00,Before
TCGA-A7-A4SE-Control,70,Cycle,Base Deletion,261996,18.00,44.00,45.00,-1.00,Before
TCGA-A7-A4SE-Control,-70,Cycle,Base Substitution,249309,302.20,29.00,28.54,0.46,Before
TCGA-A7-A4SE-Control,-70,Cycle,Base Insertion,249256,7.61,45.00,45.00,0.00,Before
TCGA-A7-A4SE-Control,-70,Cycle,Base Deletion,249256,17.99,44.00,45.00,-1.00,Before
TCGA-A7-A4SE-Control,71,Cycle,Base Substitution,261817,375.84,28.00,27.96,0.04,Before
TCGA-A7-A4SE-Control,71,Cycle,Base Insertion,261745,8.34,45.00,45.00,0.00,Before
TCGA-A7-A4SE-Control,71,Cycle,Base Deletion,261745,17.55,44.00,45.00,-1.00,Before
TCGA-A7-A4SE-Control,-71,Cycle,Base Substitution,248939,347.15,29.00,28.59,0.41,Before
TCGA-A7-A4SE-Control,-71,Cycle,Base Insertion,248882,6.85,45.00,45.00,0.00,Before
TCGA-A7-A4SE-Control,-71,Cycle,Base Deletion,248882,16.99,44.00,45.00,-1.00,Before
TCGA-A7-A4SE-Control,72,Cycle,Base Substitution,261493,389.75,28.00,27.86,0.14,Before
TCGA-A7-A4SE-Control,72,Cycle,Base Insertion,261416,10.10,45.00,45.00,0.00,Before
TCGA-A7-A4SE-Control,72,Cycle,Base Deletion,261416,16.03,45.00,45.00,0.00,Before
TCGA-A7-A4SE-Control,-72,Cycle,Base Substitution,248386,329.72,29.00,28.36,0.64,Before
TCGA-A7-A4SE-Control,-72,Cycle,Base Insertion,248311,9.77,45.00,45.00,0.00,Before
TCGA-A7-A4SE-Control,-72,Cycle,Base Deletion,248311,18.42,44.00,45.00,-1.00,Before
TCGA-A7-A4SE-Control,73,Cycle,Base Substitution,261095,447.77,28.00,27.62,0.38,Before
TCGA-A7-A4SE-Control,73,Cycle,Base Insertion,261007,11.59,45.00,45.00,0.00,Before
TCGA-A7-A4SE-Control,73,Cycle,Base Deletion,261007,17.19,44.00,45.00,-1.00,Before
TCGA-A7-A4SE-Control,-73,Cycle,Base Substitution,247976,351.85,28.00,28.17,-0.17,Before
TCGA-A7-A4SE-Control,-73,Cycle,Base Insertion,247895,7.04,45.00,45.00,0.00,Before
TCGA-A7-A4SE-Control,-73,Cycle,Base Deletion,247895,16.84,44.00,45.00,-1.00,Before
TCGA-A7-A4SE-Control,74,Cycle,Base Substitution,260771,489.65,27.00,27.12,-0.12,Before
TCGA-A7-A4SE-Control,74,Cycle,Base Insertion,260662,7.58,45.00,45.00,0.00,Before
TCGA-A7-A4SE-Control,74,Cycle,Base Deletion,260662,16.19,45.00,45.00,0.00,Before
TCGA-A7-A4SE-Control,-74,Cycle,Base Substitution,247426,355.11,28.00,28.02,-0.02,Before
TCGA-A7-A4SE-Control,-74,Cycle,Base Insertion,247324,11.38,45.00,45.00,0.00,Before
TCGA-A7-A4SE-Control,-74,Cycle,Base Deletion,247324,15.53,45.00,45.00,0.00,Before
TCGA-A7-A4SE-Control,75,Cycle,Base Substitution,260326,468.56,27.00,27.28,-0.28,Before
TCGA-A7-A4SE-Control,75,Cycle,Base Insertion,260229,8.91,45.00,45.00,0.00,Before
TCGA-A7-A4SE-Control,75,Cycle,Base Deletion,260229,16.87,44.00,45.00,-1.00,Before
TCGA-A7-A4SE-Control,-75,Cycle,Base Substitution,247049,329.70,29.00,28.31,0.69,Before
TCGA-A7-A4SE-Control,-75,Cycle,Base Insertion,246948,10.39,45.00,45.00,0.00,Before
TCGA-A7-A4SE-Control,-75,Cycle,Base Deletion,246948,16.01,45.00,45.00,0.00,Before
TCGA-A7-A4SE-Control,76,Cycle,Base Substitution,260136,389.14,28.00,27.93,0.07,Before
TCGA-A7-A4SE-Control,76,Cycle,Base Insertion,260022,12.02,45.00,45.00,0.00,Before
TCGA-A7-A4SE-Control,76,Cycle,Base Deletion,260022,17.59,44.00,45.00,-1.00,Before
TCGA-A7-A4SE-Control,-76,Cycle,Base Substitution,246539,394.47,28.00,27.90,0.10,Before
TCGA-A7-A4SE-Control,-76,Cycle,Base Insertion,246421,14.85,45.00,45.00,0.00,Before
TCGA-A7-A4SE-Control,-76,Cycle,Base Deletion,246421,16.96,44.00,45.00,-1.00,Before
TCGA-A7-A4SE-Control,77,Cycle,Base Substitution,259733,451.46,28.00,27.63,0.37,Before
TCGA-A7-A4SE-Control,77,Cycle,Base Insertion,259607,8.64,45.00,45.00,0.00,Before
TCGA-A7-A4SE-Control,77,Cycle,Base Deletion,259607,16.05,45.00,45.00,0.00,Before
TCGA-A7-A4SE-Control,-77,Cycle,Base Substitution,246265,389.55,28.00,28.28,-0.28,Before
TCGA-A7-A4SE-Control,-77,Cycle,Base Insertion,246130,7.30,45.00,45.00,0.00,Before
TCGA-A7-A4SE-Control,-77,Cycle,Base Deletion,246130,19.26,44.00,45.00,-1.00,Before
TCGA-A7-A4SE-Control,78,Cycle,Base Substitution,259360,406.82,28.00,28.09,-0.09,Before
TCGA-A7-A4SE-Control,78,Cycle,Base Insertion,259230,6.59,45.00,45.00,0.00,Before
TCGA-A7-A4SE-Control,78,Cycle,Base Deletion,259230,15.69,45.00,45.00,0.00,Before
TCGA-A7-A4SE-Control,-78,Cycle,Base Substitution,245659,329.65,29.00,28.26,0.74,Before
TCGA-A7-A4SE-Control,-78,Cycle,Base Insertion,245492,5.12,45.00,45.00,0.00,Before
TCGA-A7-A4SE-Control,-78,Cycle,Base Deletion,245492,16.24,45.00,45.00,0.00,Before
TCGA-A7-A4SE-Control,79,Cycle,Base Substitution,259064,350.74,29.00,28.26,0.74,Before
TCGA-A7-A4SE-Control,79,Cycle,Base Insertion,258909,14.12,45.00,45.00,0.00,Before
TCGA-A7-A4SE-Control,79,Cycle,Base Deletion,258909,13.89,45.00,45.00,0.00,Before
TCGA-A7-A4SE-Control,-79,Cycle,Base Substitution,245261,384.71,28.00,28.13,-0.13,Before
TCGA-A7-A4SE-Control,-79,Cycle,Base Insertion,245052,3.75,45.00,45.00,0.00,Before
TCGA-A7-A4SE-Control,-79,Cycle,Base Deletion,245052,16.09,45.00,45.00,0.00,Before
TCGA-A7-A4SE-Control,80,Cycle,Base Substitution,258514,395.14,28.00,28.09,-0.09,Before
TCGA-A7-A4SE-Control,80,Cycle,Base Insertion,258352,15.39,45.00,45.00,0.00,Before
TCGA-A7-A4SE-Control,80,Cycle,Base Deletion,258352,13.45,45.00,45.00,0.00,Before
TCGA-A7-A4SE-Control,-80,Cycle,Base Substitution,244791,328.00,29.00,28.16,0.84,Before
TCGA-A7-A4SE-Control,-80,Cycle,Base Insertion,244579,6.25,45.00,45.00,0.00,Before
TCGA-A7-A4SE-Control,-80,Cycle,Base Deletion,244579,17.17,44.00,45.00,-1.00,Before
TCGA-A7-A4SE-Control,81,Cycle,Base Substitution,258230,368.69,28.00,28.34,-0.34,Before
TCGA-A7-A4SE-Control,81,Cycle,Base Insertion,258026,10.06,45.00,45.00,0.00,Before
TCGA-A7-A4SE-Control,81,Cycle,Base Deletion,258026,13.78,45.00,45.00,0.00,Before
TCGA-A7-A4SE-Control,-81,Cycle,Base Substitution,244373,351.72,28.00,28.35,-0.35,Before
TCGA-A7-A4SE-Control,-81,Cycle,Base Insertion,244129,5.29,45.00,45.00,0.00,Before
TCGA-A7-A4SE-Control,-81,Cycle,Base Deletion,244129,16.66,44.00,45.00,-1.00,Before
TCGA-A7-A4SE-Control,82,Cycle,Base Substitution,257544,368.02,28.00,27.95,0.05,Before
TCGA-A7-A4SE-Control,82,Cycle,Base Insertion,257295,4.01,45.00,45.00,0.00,Before
TCGA-A7-A4SE-Control,82,Cycle,Base Deletion,257295,14.82,45.00,45.00,0.00,Before
TCGA-A7-A4SE-Control,-82,Cycle,Base Substitution,243831,333.42,29.00,28.67,0.33,Before
TCGA-A7-A4SE-Control,-82,Cycle,Base Insertion,243577,7.34,45.00,45.00,0.00,Before
TCGA-A7-A4SE-Control,-82,Cycle,Base Deletion,243577,15.26,45.00,45.00,0.00,Before
TCGA-A7-A4SE-Control,83,Cycle,Base Substitution,256972,513.34,27.00,27.16,-0.16,Before
TCGA-A7-A4SE-Control,83,Cycle,Base Insertion,256708,5.10,45.00,45.00,0.00,Before
TCGA-A7-A4SE-Control,83,Cycle,Base Deletion,256708,13.52,45.00,45.00,0.00,Before
TCGA-A7-A4SE-Control,-83,Cycle,Base Substitution,243250,360.94,28.00,28.33,-0.33,Before
TCGA-A7-A4SE-Control,-83,Cycle,Base Insertion,243001,5.87,45.00,45.00,0.00,Before
TCGA-A7-A4SE-Control,-83,Cycle,Base Deletion,243001,16.47,45.00,45.00,0.00,Before
TCGA-A7-A4SE-Control,84,Cycle,Base Substitution,256601,351.34,29.00,28.39,0.61,Before
TCGA-A7-A4SE-Control,84,Cycle,Base Insertion,256314,4.65,45.00,45.00,0.00,Before
TCGA-A7-A4SE-Control,84,Cycle,Base Deletion,256314,13.05,45.00,45.00,0.00,Before
TCGA-A7-A4SE-Control,-84,Cycle,Base Substitution,242716,285.15,29.00,28.85,0.15,Before
TCGA-A7-A4SE-Control,-84,Cycle,Base Insertion,242433,8.88,45.00,45.00,0.00,Before
TCGA-A7-A4SE-Control,-84,Cycle,Base Deletion,242433,18.78,44.00,45.00,-1.00,Before
TCGA-A7-A4SE-Control,85,Cycle,Base Substitution,255970,443.14,28.00,27.57,0.43,Before
TCGA-A7-A4SE-Control,85,Cycle,Base Insertion,255677,7.35,45.00,45.00,0.00,Before
TCGA-A7-A4SE-Control,85,Cycle,Base Deletion,255677,12.77,45.00,45.00,0.00,Before
TCGA-A7-A4SE-Control,-85,Cycle,Base Substitution,242077,305.70,29.00,28.65,0.35,Before
TCGA-A7-A4SE-Control,-85,Cycle,Base Insertion,241785,5.80,45.00,45.00,0.00,Before
TCGA-A7-A4SE-Control,-85,Cycle,Base Deletion,241785,15.63,45.00,45.00,0.00,Before
TCGA-A7-A4SE-Control,86,Cycle,Base Substitution,255427,447.76,28.00,27.92,0.08,Before
TCGA-A7-A4SE-Control,86,Cycle,Base Insertion,255127,9.76,45.00,45.00,0.00,Before
TCGA-A7-A4SE-Control,86,Cycle,Base Deletion,255127,13.45,45.00,45.00,0.00,Before
TCGA-A7-A4SE-Control,-86,Cycle,Base Substitution,241333,337.76,29.00,28.86,0.14,Before
TCGA-A7-A4SE-Control,-86,Cycle,Base Insertion,241035,7.13,45.00,45.00,0.00,Before
TCGA-A7-A4SE-Control,-86,Cycle,Base Deletion,241035,15.89,45.00,45.00,0.00,Before
TCGA-A7-A4SE-Control,87,Cycle,Base Substitution,254629,572.53,26.00,26.92,-0.92,Before
TCGA-A7-A4SE-Control,87,Cycle,Base Insertion,254300,5.82,45.00,45.00,0.00,Before
TCGA-A7-A4SE-Control,87,Cycle,Base Deletion,254300,13.84,45.00,45.00,0.00,Before
TCGA-A7-A4SE-Control,-87,Cycle,Base Substitution,240635,286.30,29.00,28.80,0.20,Before
TCGA-A7-A4SE-Control,-87,Cycle,Base Insertion,240291,7.97,45.00,45.00,0.00,Before
TCGA-A7-A4SE-Control,-87,Cycle,Base Deletion,240291,13.44,45.00,45.00,0.00,Before
TCGA-A7-A4SE-Control,88,Cycle,Base Substitution,254134,358.35,29.00,28.23,0.77,Before
TCGA-A7-A4SE-Control,88,Cycle,Base Insertion,253745,7.39,45.00,45.00,0.00,Before
TCGA-A7-A4SE-Control,88,Cycle,Base Deletion,253745,12.67,45.00,45.00,0.00,Before
TCGA-A7-A4SE-Control,-88,Cycle,Base Substitution,239936,294.63,29.00,28.80,0.20,Before
TCGA-A7-A4SE-Control,-88,Cycle,Base Insertion,239546,7.73,45.00,45.00,0.00,Before
TCGA-A7-A4SE-Control,-88,Cycle,Base Deletion,239546,12.02,45.00,45.00,0.00,Before
TCGA-A7-A4SE-Control,89,Cycle,Base Substitution,253230,437.53,28.00,27.83,0.17,Before
TCGA-A7-A4SE-Control,89,Cycle,Base Insertion,252776,4.65,45.00,45.00,0.00,Before
TCGA-A7-A4SE-Control,89,Cycle,Base Deletion,252776,12.11,45.00,45.00,0.00,Before
TCGA-A7-A4SE-Control,-89,Cycle,Base Substitution,239132,339.08,28.00,28.74,-0.74,Before
TCGA-A7-A4SE-Control,-89,Cycle,Base Insertion,238693,6.47,45.00,45.00,0.00,Before
TCGA-A7-A4SE-Control,-89,Cycle,Base Deletion,238693,13.37,45.00,45.00,0.00,Before
TCGA-A7-A4SE-Control,90,Cycle,Base Substitution,252310,424.28,28.00,28.17,-0.17,Before
TCGA-A7-A4SE-Control,90,Cycle,Base Insertion,251805,3.01,45.00,45.00,0.00,Before
TCGA-A7-A4SE-Control,90,Cycle,Base Deletion,251805,10.07,45.00,45.00,0.00,Before
TCGA-A7-A4SE-Control,-90,Cycle,Base Substitution,238300,273.28,29.00,29.03,-0.03,Before
TCGA-A7-A4SE-Control,-90,Cycle,Base Insertion,237799,5.27,45.00,45.00,0.00,Before
TCGA-A7-A4SE-Control,-90,Cycle,Base Deletion,237799,10.58,45.00,45.00,0.00,Before
TCGA-A7-A4SE-Control,91,Cycle,Base Substitution,251436,345.92,29.00,28.85,0.15,Before
TCGA-A7-A4SE-Control,91,Cycle,Base Insertion,250865,5.15,45.00,45.00,0.00,Before
TCGA-A7-A4SE-Control,91,Cycle,Base Deletion,250865,7.97,45.00,45.00,0.00,Before
TCGA-A7-A4SE-Control,-91,Cycle,Base Substitution,237389,259.97,30.00,29.17,0.83,Before
TCGA-A7-A4SE-Control,-91,Cycle,Base Insertion,236832,4.28,45.00,45.00,0.00,Before
TCGA-A7-A4SE-Control,-91,Cycle,Base Deletion,236832,8.86,45.00,45.00,0.00,Before
TCGA-A7-A4SE-Control,92,Cycle,Base Substitution,250142,371.87,28.00,28.27,-0.27,Before
TCGA-A7-A4SE-Control,92,Cycle,Base Insertion,249488,4.11,45.00,45.00,0.00,Before
TCGA-A7-A4SE-Control,92,Cycle,Base Deletion,249488,6.12,45.00,45.00,0.00,Before
TCGA-A7-A4SE-Control,-92,Cycle,Base Substitution,236260,295.41,29.00,29.29,-0.29,Before
TCGA-A7-A4SE-Control,-92,Cycle,Base Insertion,235610,3.89,45.00,45.00,0.00,Before
TCGA-A7-A4SE-Control,-92,Cycle,Base Deletion,235610,8.59,45.00,45.00,0.00,Before
TCGA-A7-A4SE-Control,93,Cycle,Base Substitution,248828,412.32,28.00,27.83,0.17,Before
TCGA-A7-A4SE-Control,93,Cycle,Base Insertion,248146,2.56,45.00,45.00,0.00,Before
TCGA-A7-A4SE-Control,93,Cycle,Base Deletion,248146,6.39,45.00,45.00,0.00,Before
TCGA-A7-A4SE-Control,-93,Cycle,Base Substitution,235083,240.32,30.00,29.38,0.62,Before
TCGA-A7-A4SE-Control,-93,Cycle,Base Insertion,234389,2.29,45.00,45.00,0.00,Before
TCGA-A7-A4SE-Control,-93,Cycle,Base Deletion,234389,8.90,45.00,45.00,0.00,Before
TCGA-A7-A4SE-Control,94,Cycle,Base Substitution,247408,406.34,28.00,28.06,-0.06,Before
TCGA-A7-A4SE-Control,94,Cycle,Base Insertion,246601,4.76,45.00,45.00,0.00,Before
TCGA-A7-A4SE-Control,94,Cycle,Base Deletion,246601,8.35,45.00,45.00,0.00,Before
TCGA-A7-A4SE-Control,-94,Cycle,Base Substitution,233700,229.54,30.00,29.51,0.49,Before
TCGA-A7-A4SE-Control,-94,Cycle,Base Insertion,232907,1.79,45.00,45.00,0.00,Before
TCGA-A7-A4SE-Control,-94,Cycle,Base Deletion,232907,6.27,45.00,45.00,0.00,Before
TCGA-A7-A4SE-Control,95,Cycle,Base Substitution,245600,323.32,29.00,28.82,0.18,Before
TCGA-A7-A4SE-Control,95,Cycle,Base Insertion,244734,2.56,45.00,45.00,0.00,Before
TCGA-A7-A4SE-Control,95,Cycle,Base Deletion,244734,8.30,45.00,45.00,0.00,Before
TCGA-A7-A4SE-Control,-95,Cycle,Base Substitution,232176,235.54,30.00,29.66,0.34,Before
TCGA-A7-A4SE-Control,-95,Cycle,Base Insertion,231328,0.84,45.00,45.00,0.00,Before
TCGA-A7-A4SE-Control,-95,Cycle,Base Deletion,231328,6.41,45.00,45.00,0.00,Before
TCGA-A7-A4SE-Control,96,Cycle,Base Substitution,243702,382.17,28.00,28.42,-0.42,Before
TCGA-A7-A4SE-Control,96,Cycle,Base Insertion,242857,4.97,45.00,45.00,0.00,Before
TCGA-A7-A4SE-Control,96,Cycle,Base Deletion,242857,5.78,45.00,45.00,0.00,Before
TCGA-A7-A4SE-Control,-96,Cycle,Base Substitution,230366,238.39,30.00,30.03,-0.03,Before
TCGA-A7-A4SE-Control,-96,Cycle,Base Insertion,229540,4.60,45.00,45.00,0.00,Before
TCGA-A7-A4SE-Control,-96,Cycle,Base Deletion,229540,5.23,45.00,45.00,0.00,Before
TCGA-A7-A4SE-Control,97,Cycle,Base Substitution,241536,266.37,29.00,28.87,0.13,Before
TCGA-A7-A4SE-Control,-97,Cycle,Base Substitution,228328,221.35,30.00,29.27,0.73,Before
TCGA-A7-A4SE-Control,98,Cycle,Base Substitution,239249,247.25,30.00,28.42,1.58,Before
TCGA-A7-A4SE-Control,-98,Cycle,Base Substitution,226162,266.67,29.00,28.54,0.46,Before
TCGA-A7-A4SE-Control,99,Cycle,Base Substitution,236850,174.21,31.00,29.67,1.33,Before
TCGA-A7-A4SE-Control,-99,Cycle,Base Substitution,224041,141.19,32.00,30.03,1.97,Before
TCGA-A7-A4SE-Control,100,Cycle,Base Substitution,235276,142.83,32.00,30.23,1.77,Before
TCGA-A7-A4SE-Control,-100,Cycle,Base Substitution,222562,132.23,32.00,30.48,1.52,Before
TCGA-A7-A4SE-Control,6,QualityScore,Base Substitution,20368,4043.54,7.00,6.00,1.00,Before
TCGA-A7-A4SE-Control,7,QualityScore,Base Substitution,29346,4794.43,8.00,7.00,1.00,Before
TCGA-A7-A4SE-Control,8,QualityScore,Base Substitution,42761,6253.96,8.00,8.00,0.00,Before
TCGA-A7-A4SE-Control,9,QualityScore,Base Substitution,57404,7271.19,9.00,9.00,0.00,Before
TCGA-A7-A4SE-Control,10,QualityScore,Base Substitution,69477,7095.39,10.00,10.00,0.00,Before
TCGA-A7-A4SE-Control,11,QualityScore,Base Substitution,72045,5638.32,11.00,11.00,0.00,Before
TCGA-A7-A4SE-Control,12,QualityScore,Base Substitution,60448,3910.50,12.00,12.00,0.00,Before
TCGA-A7-A4SE-Control,13,QualityScore,Base Substitution,50255,2565.00,13.00,13.00,0.00,Before
TCGA-A7-A4SE-Control,14,QualityScore,Base Substitution,45392,1797.73,14.00,14.00,0.00,Before
TCGA-A7-A4SE-Control,15,QualityScore,Base Substitution,47459,1473.75,15.00,15.00,0.00,Before
TCGA-A7-A4SE-Control,16,QualityScore,Base Substitution,57317,1413.01,16.00,16.00,0.00,Before
TCGA-A7-A4SE-Control,17,QualityScore,Base Substitution,80258,1521.94,17.00,17.00,0.00,Before
TCGA-A7-A4SE-Control,18,QualityScore,Base Substitution,99525,1505.84,18.00,18.00,0.00,Before
TCGA-A7-A4SE-Control,19,QualityScore,Base Substitution,120059,1411.51,19.00,19.00,0.00,Before
TCGA-A7-A4SE-Control,20,QualityScore,Base Substitution,141340,1273.49,20.00,20.00,0.00,Before
TCGA-A7-A4SE-Control,21,QualityScore,Base Substitution,177934,1323.92,21.00,21.00,0.00,Before
TCGA-A7-A4SE-Control,22,QualityScore,Base Substitution,215318,1256.15,22.00,22.00,0.00,Before
TCGA-A7-A4SE-Control,23,QualityScore,Base Substitution,290489,1389.12,23.00,23.00,0.00,Before
TCGA-A7-A4SE-Control,24,QualityScore,Base Substitution,371624,1321.89,24.00,24.00,0.00,Before
TCGA-A7-A4SE-Control,25,QualityScore,Base Substitution,492438,1322.30,26.00,25.00,1.00,Before
TCGA-A7-A4SE-Control,26,QualityScore,Base Substitution,787284,1660.66,27.00,26.00,1.00,Before
TCGA-A7-A4SE-Control,27,QualityScore,Base Substitution,926377,1689.30,27.00,27.00,0.00,Before
TCGA-A7-A4SE-Control,28,QualityScore,Base Substitution,1462984,2162.44,28.00,28.00,0.00,Before
TCGA-A7-A4SE-Control,29,QualityScore,Base Substitution,1984648,2284.46,29.00,29.00,0.00,Before
TCGA-A7-A4SE-Control,30,QualityScore,Base Substitution,3066348,2934.84,30.00,30.00,0.00,Before
TCGA-A7-A4SE-Control,31,QualityScore,Base Substitution,5856843,4385.11,31.00,31.00,0.00,Before
TCGA-A7-A4SE-Control,32,QualityScore,Base Substitution,11133922,5910.71,33.00,32.00,1.00,Before
TCGA-A7-A4SE-Control,33,QualityScore,Base Substitution,10065461,4173.81,34.00,33.00,1.00,Before
TCGA-A7-A4SE-Control,34,QualityScore,Base Substitution,8105382,2529.37,35.00,34.00,1.00,Before
TCGA-A7-A4SE-Control,35,QualityScore,Base Substitution,4302020,1100.85,36.00,35.00,1.00,Before
TCGA-A7-A4SE-Control,36,QualityScore,Base Substitution,1331160,277.52,37.00,36.00,1.00,Before
TCGA-A7-A4SE-Control,37,QualityScore,Base Substitution,70435,14.89,37.00,37.00,0.00,Before
TCGA-A7-A4SE-Control,45,QualityScore,Base Insertion,51634121,1869.90,44.00,45.00,-1.00,Before
TCGA-A7-A4SE-Control,45,QualityScore,Base Deletion,51634121,3030.32,42.00,45.00,-3.00,Before
TCGA-A7-A4SE-Control,AA,Context,Base Substitution,3754365,5974.64,28.00,28.25,-0.25,After
TCGA-A7-A4SE-Control,AAA,Context,Base Insertion,1272419,253.77,37.00,39.00,-2.00,After
TCGA-A7-A4SE-Control,AAA,Context,Base Deletion,1272419,443.10,35.00,36.00,-1.00,After
TCGA-A7-A4SE-Control,CA,Context,Base Substitution,3915341,6367.12,28.00,28.09,-0.09,After
TCGA-A7-A4SE-Control,CAA,Context,Base Insertion,840897,13.81,46.00,45.00,1.00,After
TCGA-A7-A4SE-Control,CAA,Context,Base Deletion,840897,52.88,42.00,42.00,0.00,After
TCGA-A7-A4SE-Control,GA,Context,Base Substitution,3204925,10243.38,25.00,25.00,0.00,After
TCGA-A7-A4SE-Control,GAA,Context,Base Insertion,949796,39.58,44.00,44.00,0.00,After
TCGA-A7-A4SE-Control,GAA,Context,Base Deletion,949796,60.25,42.00,42.00,0.00,After
TCGA-A7-A4SE-Control,TA,Context,Base Substitution,2195957,6935.77,25.00,25.02,-0.02,After
TCGA-A7-A4SE-Control,TAA,Context,Base Insertion,641039,19.34,44.00,44.00,0.00,After
TCGA-A7-A4SE-Control,TAA,Context,Base Deletion,641039,24.19,43.00,43.00,0.00,After
TCGA-A7-A4SE-Control,AC,Context,Base Substitution,2665555,3392.35,29.00,28.81,0.19,After
TCGA-A7-A4SE-Control,ACA,Context,Base Insertion,933762,19.15,45.00,45.00,0.00,After
TCGA-A7-A4SE-Control,ACA,Context,Base Deletion,933762,70.37,42.00,42.00,0.00,After
TCGA-A7-A4SE-Control,CC,Context,Base Substitution,3738080,4150.92,30.00,29.56,0.44,After
TCGA-A7-A4SE-Control,CCA,Context,Base Insertion,1148971,80.05,42.00,43.00,-1.00,After
TCGA-A7-A4SE-Control,CCA,Context,Base Deletion,1148971,40.48,44.00,43.00,1.00,After
TCGA-A7-A4SE-Control,GC,Context,Base Substitution,2928311,6883.94,26.00,26.19,-0.19,After
TCGA-A7-A4SE-Control,GCA,Context,Base Insertion,863175,12.55,46.00,45.00,1.00,After
TCGA-A7-A4SE-Control,GCA,Context,Base Deletion,863175,13.35,44.00,43.00,1.00,After
TCGA-A7-A4SE-Control,TC,Context,Base Substitution,3245422,2770.28,31.00,30.41,0.59,After
TCGA-A7-A4SE-Control,TCA,Context,Base Insertion,921421,61.88,42.00,43.00,-1.00,After
TCGA-A7-A4SE-Control,TCA,Context,Base Deletion,921421,25.20,44.00,43.00,1.00,After
TCGA-A7-A4SE-Control,AG,Context,Base Substitution,3874803,5358.38,29.00,28.44,0.56,After
TCGA-A7-A4SE-Control,AGA,Context,Base Insertion,1061316,21.00,45.00,45.00,0.00,After
TCGA-A7-A4SE-Control,AGA,Context,Base Deletion,1061316,65.13,42.00,42.00,0.00,After
TCGA-A7-A4SE-Control,CG,Context,Base Substitution,1010662,3079.61,25.00,24.43,0.57,After
TCGA-A7-A4SE-Control,CGA,Context,Base Insertion,210332,4.27,44.00,44.00,0.00,After
TCGA-A7-A4SE-Control,CGA,Context,Base Deletion,210332,9.14,42.00,42.00,0.00,After
TCGA-A7-A4SE-Control,GG,Context,Base Substitution,3618866,7116.71,27.00,26.97,0.03,After
TCGA-A7-A4SE-Control,GGA,Context,Base Insertion,990036,37.22,44.00,44.00,0.00,After
TCGA-A7-A4SE-Control,GGA,Context,Base Deletion,990036,38.39,43.00,43.00,0.00,After
TCGA-A7-A4SE-Control,TG,Context,Base Substitution,3882032,5191.70,29.00,28.58,0.42,After
TCGA-A7-A4SE-Control,TGA,Context,Base Insertion,916052,32.68,44.00,44.00,0.00,After
TCGA-A7-A4SE-Control,TGA,Context,Base Deletion,916052,31.13,44.00,43.00,1.00,After
TCGA-A7-A4SE-Control,AT,Context,Base Substitution,2791812,4227.74,28.00,28.36,-0.36,After
TCGA-A7-A4SE-Control,ATA,Context,Base Insertion,566671,7.60,45.00,45.00,0.00,After
TCGA-A7-A4SE-Control,ATA,Context,Base Deletion,566671,14.73,44.00,43.00,1.00,After
TCGA-A7-A4SE-Control,CT,Context,Base Substitution,3922745,3960.47,30.00,30.33,-0.33,After
TCGA-A7-A4SE-Control,CTA,Context,Base Insertion,483524,9.94,44.00,44.00,0.00,After
TCGA-A7-A4SE-Control,CTA,Context,Base Deletion,483524,92.11,39.00,40.00,-1.00,After
TCGA-A7-A4SE-Control,GT,Context,Base Substitution,2596838,4509.21,28.00,27.73,0.27,After
TCGA-A7-A4SE-Control,GTA,Context,Base Insertion,463916,3.29,46.00,45.00,1.00,After
TCGA-A7-A4SE-Control,GTA,Context,Base Deletion,463916,6.45,44.00,43.00,1.00,After
TCGA-A7-A4SE-Control,TT,Context,Base Substitution,3753418,5910.38,28.00,28.08,-0.08,After
TCGA-A7-A4SE-Control,TTA,Context,Base Insertion,650884,36.10,44.00,44.00,0.00,After
TCGA-A7-A4SE-Control,TTA,Context,Base Deletion,650884,24.87,43.00,43.00,0.00,After
TCGA-A7-A4SE-Control,AAC,Context,Base Insertion,672819,17.50,44.00,44.00,0.00,After
TCGA-A7-A4SE-Control,AAC,Context,Base Deletion,672819,38.25,42.00,42.00,0.00,After
TCGA-A7-A4SE-Control,CAC,Context,Base Insertion,882620,15.95,45.00,45.00,0.00,After
TCGA-A7-A4SE-Control,CAC,Context,Base Deletion,882620,39.19,43.00,43.00,0.00,After
TCGA-A7-A4SE-Control,GAC,Context,Base Insertion,597734,9.83,45.00,45.00,0.00,After
TCGA-A7-A4SE-Control,GAC,Context,Base Deletion,597734,26.60,42.00,42.00,0.00,After
TCGA-A7-A4SE-Control,TAC,Context,Base Insertion,492257,16.07,44.00,44.00,0.00,After
TCGA-A7-A4SE-Control,TAC,Context,Base Deletion,492257,31.12,42.00,42.00,0.00,After
TCGA-A7-A4SE-Control,ACC,Context,Base Insertion,744636,9.07,46.00,45.00,1.00,After
TCGA-A7-A4SE-Control,ACC,Context,Base Deletion,744636,22.97,44.00,43.00,1.00,After
TCGA-A7-A4SE-Control,CCC,Context,Base Insertion,1056861,31.74,44.00,44.00,0.00,After
TCGA-A7-A4SE-Control,CCC,Context,Base Deletion,1056861,58.10,42.00,42.00,0.00,After
TCGA-A7-A4SE-Control,GCC,Context,Base Insertion,885050,14.41,46.00,45.00,1.00,After
TCGA-A7-A4SE-Control,GCC,Context,Base Deletion,885050,12.62,44.00,43.00,1.00,After
TCGA-A7-A4SE-Control,TCC,Context,Base Insertion,1010953,29.29,44.00,44.00,0.00,After
TCGA-A7-A4SE-Control,TCC,Context,Base Deletion,1010953,31.79,44.00,43.00,1.00,After
TCGA-A7-A4SE-Control,AGC,Context,Base Insertion,910742,23.33,44.00,44.00,0.00,After
TCGA-A7-A4SE-Control,AGC,Context,Base Deletion,910742,16.96,44.00,43.00,1.00,After
TCGA-A7-A4SE-Control,CGC,Context,Base Insertion,251873,5.01,44.00,44.00,0.00,After
TCGA-A7-A4SE-Control,CGC,Context,Base Deletion,251873,4.43,43.00,43.00,0.00,After
TCGA-A7-A4SE-Control,GGC,Context,Base Insertion,880710,13.18,46.00,45.00,1.00,After
TCGA-A7-A4SE-Control,GGC,Context,Base Deletion,880710,23.82,44.00,43.00,1.00,After
TCGA-A7-A4SE-Control,TGC,Context,Base Insertion,870361,8.85,46.00,45.00,1.00,After
TCGA-A7-A4SE-Control,TGC,Context,Base Deletion,870361,43.93,42.00,42.00,0.00,After
TCGA-A7-A4SE-Control,ATC,Context,Base Insertion,615577,45.40,42.00,43.00,-1.00,After
TCGA-A7-A4SE-Control,ATC,Context,Base Deletion,615577,8.39,44.00,43.00,1.00,After
TCGA-A7-A4SE-Control,CTC,Context,Base Insertion,1049683,59.05,43.00,43.00,0.00,After
TCGA-A7-A4SE-Control,CTC,Context,Base Deletion,1049683,66.97,42.00,42.00,0.00,After
TCGA-A7-A4SE-Control,GTC,Context,Base Insertion,590739,9.44,45.00,45.00,0.00,After
TCGA-A7-A4SE-Control,GTC,Context,Base Deletion,590739,10.04,44.00,43.00,1.00,After
TCGA-A7-A4SE-Control,TTC,Context,Base Insertion,958836,45.25,44.00,44.00,0.00,After
TCGA-A7-A4SE-Control,TTC,Context,Base Deletion,958836,68.47,42.00,42.00,0.00,After
TCGA-A7-A4SE-Control,AAG,Context,Base Insertion,1002785,44.22,44.00,44.00,0.00,After
TCGA-A7-A4SE-Control,AAG,Context,Base Deletion,1002785,73.63,42.00,42.00,0.00,After
TCGA-A7-A4SE-Control,CAG,Context,Base Insertion,1334270,12.00,46.00,45.00,1.00,After
TCGA-A7-A4SE-Control,CAG,Context,Base Deletion,1334270,25.46,45.00,44.00,1.00,After
TCGA-A7-A4SE-Control,GAG,Context,Base Insertion,1006966,12.55,46.00,45.00,1.00,After
TCGA-A7-A4SE-Control,GAG,Context,Base Deletion,1006966,28.33,44.00,43.00,1.00,After
TCGA-A7-A4SE-Control,TAG,Context,Base Insertion,479906,6.11,45.00,45.00,0.00,After
TCGA-A7-A4SE-Control,TAG,Context,Base Deletion,479906,42.57,41.00,41.00,0.00,After
TCGA-A7-A4SE-Control,ACG,Context,Base Insertion,216623,6.67,44.00,44.00,0.00,After
TCGA-A7-A4SE-Control,ACG,Context,Base Deletion,216623,10.23,42.00,42.00,0.00,After
TCGA-A7-A4SE-Control,CCG,Context,Base Insertion,327423,6.36,44.00,44.00,0.00,After
TCGA-A7-A4SE-Control,CCG,Context,Base Deletion,327423,7.02,43.00,43.00,0.00,After
TCGA-A7-A4SE-Control,GCG,Context,Base Insertion,250136,2.00,44.00,44.00,0.00,After
TCGA-A7-A4SE-Control,GCG,Context,Base Deletion,250136,17.15,42.00,42.00,0.00,After
TCGA-A7-A4SE-Control,TCG,Context,Base Insertion,202636,5.18,44.00,44.00,0.00,After
TCGA-A7-A4SE-Control,TCG,Context,Base Deletion,202636,8.28,42.00,42.00,0.00,After
TCGA-A7-A4SE-Control,AGG,Context,Base Insertion,1133474,44.12,44.00,44.00,0.00,After
TCGA-A7-A4SE-Control,AGG,Context,Base Deletion,1133474,18.33,45.00,44.00,1.00,After
TCGA-A7-A4SE-Control,CGG,Context,Base Insertion,326719,3.66,44.00,44.00,0.00,After
TCGA-A7-A4SE-Control,CGG,Context,Base Deletion,326719,6.03,43.00,43.00,0.00,After
TCGA-A7-A4SE-Control,GGG,Context,Base Insertion,1013971,47.47,44.00,44.00,0.00,After
TCGA-A7-A4SE-Control,GGG,Context,Base Deletion,1013971,76.28,42.00,42.00,0.00,After
TCGA-A7-A4SE-Control,TGG,Context,Base Insertion,1116286,98.42,41.00,42.00,-1.00,After
TCGA-A7-A4SE-Control,TGG,Context,Base Deletion,1116286,35.84,44.00,43.00,1.00,After
TCGA-A7-A4SE-Control,ATG,Context,Base Insertion,813095,47.25,43.00,43.00,0.00,After
TCGA-A7-A4SE-Control,ATG,Context,Base Deletion,813095,24.68,44.00,43.00,1.00,After
TCGA-A7-A4SE-Control,CTG,Context,Base Insertion,1329901,22.13,46.00,45.00,1.00,After
TCGA-A7-A4SE-Control,CTG,Context,Base Deletion,1329901,32.15,45.00,44.00,1.00,After
TCGA-A7-A4SE-Control,GTG,Context,Base Insertion,856892,25.78,44.00,44.00,0.00,After
TCGA-A7-A4SE-Control,GTG,Context,Base Deletion,856892,45.49,42.00,42.00,0.00,After
TCGA-A7-A4SE-Control,TTG,Context,Base Insertion,832265,11.56,46.00,45.00,1.00,After
TCGA-A7-A4SE-Control,TTG,Context,Base Deletion,832265,40.16,42.00,42.00,0.00,After
TCGA-A7-A4SE-Control,AAT,Context,Base Insertion,765318,16.34,45.00,45.00,0.00,After
TCGA-A7-A4SE-Control,AAT,Context,Base Deletion,765318,37.51,42.00,42.00,0.00,After
TCGA-A7-A4SE-Control,CAT,Context,Base Insertion,815637,12.58,46.00,45.00,1.00,After
TCGA-A7-A4SE-Control,CAT,Context,Base Deletion,815637,19.80,44.00,43.00,1.00,After
TCGA-A7-A4SE-Control,GAT,Context,Base Insertion,617766,17.08,44.00,44.00,0.00,After
TCGA-A7-A4SE-Control,GAT,Context,Base Deletion,617766,13.17,44.00,43.00,1.00,After
TCGA-A7-A4SE-Control,TAT,Context,Base Insertion,560695,34.09,43.00,43.00,0.00,After
TCGA-A7-A4SE-Control,TAT,Context,Base Deletion,560695,13.39,44.00,43.00,1.00,After
TCGA-A7-A4SE-Control,ACT,Context,Base Insertion,740756,41.54,43.00,43.00,0.00,After
TCGA-A7-A4SE-Control,ACT,Context,Base Deletion,740756,77.74,40.00,41.00,-1.00,After
TCGA-A7-A4SE-Control,CCT,Context,Base Insertion,1161473,7.96,46.00,45.00,1.00,After
TCGA-A7-A4SE-Control,CCT,Context,Base Deletion,1161473,51.69,43.00,43.00,0.00,After
TCGA-A7-A4SE-Control,GCT,Context,Base Insertion,900042,6.46,46.00,45.00,1.00,After
TCGA-A7-A4SE-Control,GCT,Context,Base Deletion,900042,40.29,43.00,43.00,0.00,After
TCGA-A7-A4SE-Control,TCT,Context,Base Insertion,1074593,21.94,45.00,45.00,0.00,After
TCGA-A7-A4SE-Control,TCT,Context,Base Deletion,1074593,74.77,42.00,42.00,0.00,After
TCGA-A7-A4SE-Control,AGT,Context,Base Insertion,718665,17.58,44.00,44.00,0.00,After
TCGA-A7-A4SE-Control,AGT,Context,Base Deletion,718665,36.08,42.00,42.00,0.00,After
TCGA-A7-A4SE-Control,CGT,Context,Base Insertion,225209,4.53,44.00,44.00,0.00,After
TCGA-A7-A4SE-Control,CGT,Context,Base Deletion,225209,14.28,42.00,42.00,0.00,After
TCGA-A7-A4SE-Control,GGT,Context,Base Insertion,701627,35.01,44.00,44.00,0.00,After
TCGA-A7-A4SE-Control,GGT,Context,Base Deletion,701627,24.23,43.00,43.00,0.00,After
TCGA-A7-A4SE-Control,TGT,Context,Base Insertion,931255,13.76,46.00,45.00,1.00,After
TCGA-A7-A4SE-Control,TGT,Context,Base Deletion,931255,58.37,42.00,42.00,0.00,After
TCGA-A7-A4SE-Control,ATT,Context,Base Insertion,770690,59.29,42.00,43.00,-1.00,After
TCGA-A7-A4SE-Control,ATT,Context,Base Deletion,770690,28.83,43.00,43.00,0.00,After
TCGA-A7-A4SE-Control,CTT,Context,Base Insertion,1017314,27.52,44.00,44.00,0.00,After
TCGA-A7-A4SE-Control,CTT,Context,Base Deletion,1017314,107.83,40.00,41.00,-1.00,After
TCGA-A7-A4SE-Control,GTT,Context,Base Insertion,663176,34.97,44.00,44.00,0.00,After
TCGA-A7-A4SE-Control,GTT,Context,Base Deletion,663176,34.79,42.00,42.00,0.00,After
TCGA-A7-A4SE-Control,TTT,Context,Base Insertion,1270422,111.13,41.00,42.00,-1.00,After
TCGA-A7-A4SE-Control,TTT,Context,Base Deletion,1270422,368.79,36.00,37.00,-1.00,After
TCGA-A7-A4SE-Control,1,Cycle,Base Substitution,268426,1122.55,24.00,24.08,-0.08,After
TCGA-A7-A4SE-Control,-1,Cycle,Base Substitution,265319,513.79,27.00,26.66,0.34,After
TCGA-A7-A4SE-Control,2,Cycle,Base Substitution,269645,416.47,28.00,28.14,-0.14,After
TCGA-A7-A4SE-Control,-2,Cycle,Base Substitution,265228,705.81,26.00,25.91,0.09,After
TCGA-A7-A4SE-Control,3,Cycle,Base Substitution,269642,428.46,28.00,27.54,0.46,After
TCGA-A7-A4SE-Control,-3,Cycle,Base Substitution,265248,687.66,26.00,25.44,0.56,After
TCGA-A7-A4SE-Control,4,Cycle,Base Substitution,269124,515.83,27.00,27.27,-0.27,After
TCGA-A7-A4SE-Control,-4,Cycle,Base Substitution,265270,681.62,26.00,26.04,-0.04,After
TCGA-A7-A4SE-Control,5,Cycle,Base Substitution,269523,409.26,28.00,28.32,-0.32,After
TCGA-A7-A4SE-Control,5,Cycle,Base Insertion,269523,12.23,43.00,43.83,-0.83,After
TCGA-A7-A4SE-Control,5,Cycle,Base Deletion,269523,6.91,42.00,41.80,0.20,After
TCGA-A7-A4SE-Control,-5,Cycle,Base Substitution,265060,469.92,28.00,27.41,0.59,After
TCGA-A7-A4SE-Control,-5,Cycle,Base Insertion,265060,7.66,44.00,43.83,0.17,After
TCGA-A7-A4SE-Control,-5,Cycle,Base Deletion,265060,8.02,42.00,41.81,0.19,After
TCGA-A7-A4SE-Control,6,Cycle,Base Substitution,269439,435.29,28.00,28.15,-0.15,After
TCGA-A7-A4SE-Control,6,Cycle,Base Insertion,269439,11.55,43.00,43.84,-0.84,After
TCGA-A7-A4SE-Control,6,Cycle,Base Deletion,269439,9.04,42.00,41.83,0.17,After
TCGA-A7-A4SE-Control,-6,Cycle,Base Substitution,264693,521.39,27.00,27.35,-0.35,After
TCGA-A7-A4SE-Control,-6,Cycle,Base Insertion,264693,6.36,44.00,43.84,0.16,After
TCGA-A7-A4SE-Control,-6,Cycle,Base Deletion,264693,8.58,42.00,41.84,0.16,After
TCGA-A7-A4SE-Control,7,Cycle,Base Substitution,269231,487.91,27.00,27.65,-0.65,After
TCGA-A7-A4SE-Control,7,Cycle,Base Insertion,269231,8.29,44.00,43.83,0.17,After
TCGA-A7-A4SE-Control,7,Cycle,Base Deletion,269231,8.30,42.00,41.84,0.16,After
TCGA-A7-A4SE-Control,-7,Cycle,Base Substitution,264692,478.11,27.00,27.44,-0.44,After
TCGA-A7-A4SE-Control,-7,Cycle,Base Insertion,264692,15.67,43.00,43.84,-0.84,After
TCGA-A7-A4SE-Control,-7,Cycle,Base Deletion,264692,9.51,42.00,41.85,0.15,After
TCGA-A7-A4SE-Control,8,Cycle,Base Substitution,269485,361.21,29.00,28.94,0.06,After
TCGA-A7-A4SE-Control,8,Cycle,Base Insertion,269485,15.10,43.00,43.84,-0.84,After
TCGA-A7-A4SE-Control,8,Cycle,Base Deletion,269485,11.02,42.00,41.83,0.17,After
TCGA-A7-A4SE-Control,-8,Cycle,Base Substitution,264545,428.76,28.00,27.63,0.37,After
TCGA-A7-A4SE-Control,-8,Cycle,Base Insertion,264545,19.35,43.00,43.84,-0.84,After
TCGA-A7-A4SE-Control,-8,Cycle,Base Deletion,264545,10.14,42.00,41.84,0.16,After
TCGA-A7-A4SE-Control,9,Cycle,Base Substitution,269438,449.82,28.00,27.79,0.21,After
TCGA-A7-A4SE-Control,9,Cycle,Base Insertion,269438,12.92,43.00,43.84,-0.84,After
TCGA-A7-A4SE-Control,9,Cycle,Base Deletion,269438,12.12,42.00,41.83,0.17,After
TCGA-A7-A4SE-Control,-9,Cycle,Base Substitution,264442,509.99,27.00,27.06,-0.06,After
TCGA-A7-A4SE-Control,-9,Cycle,Base Insertion,264441,17.88,43.00,43.83,-0.83,After
TCGA-A7-A4SE-Control,-9,Cycle,Base Deletion,264441,13.04,42.00,41.82,0.18,After
TCGA-A7-A4SE-Control,10,Cycle,Base Substitution,269417,402.08,28.00,28.49,-0.49,After
TCGA-A7-A4SE-Control,10,Cycle,Base Insertion,269417,11.19,44.00,43.83,0.17,After
TCGA-A7-A4SE-Control,10,Cycle,Base Deletion,269417,10.53,42.00,41.82,0.18,After
TCGA-A7-A4SE-Control,-10,Cycle,Base Substitution,264270,506.82,27.00,27.07,-0.07,After
TCGA-A7-A4SE-Control,-10,Cycle,Base Insertion,264269,14.52,43.00,43.82,-0.82,After
TCGA-A7-A4SE-Control,-10,Cycle,Base Deletion,264269,11.84,42.00,41.82,0.18,After
TCGA-A7-A4SE-Control,11,Cycle,Base Substitution,269352,509.75,27.00,27.61,-0.61,After
TCGA-A7-A4SE-Control,11,Cycle,Base Insertion,269352,13.45,43.00,43.84,-0.84,After
TCGA-A7-A4SE-Control,11,Cycle,Base Deletion,269352,11.89,42.00,41.83,0.17,After
TCGA-A7-A4SE-Control,-11,Cycle,Base Substitution,264165,469.12,28.00,27.42,0.58,After
TCGA-A7-A4SE-Control,-11,Cycle,Base Insertion,264164,12.62,43.00,43.83,-0.83,After
TCGA-A7-A4SE-Control,-11,Cycle,Base Deletion,264164,16.71,42.00,41.82,0.18,After
TCGA-A7-A4SE-Control,12,Cycle,Base Substitution,269400,463.73,28.00,28.10,-0.10,After
TCGA-A7-A4SE-Control,12,Cycle,Base Insertion,269400,10.64,44.00,43.84,0.16,After
TCGA-A7-A4SE-Control,12,Cycle,Base Deletion,269400,15.53,42.00,41.83,0.17,After
TCGA-A7-A4SE-Control,-12,Cycle,Base Substitution,263912,544.02,27.00,26.82,0.18,After
TCGA-A7-A4SE-Control,-12,Cycle,Base Insertion,263911,10.55,43.00,43.84,-0.84,After
TCGA-A7-A4SE-Control,-12,Cycle,Base Deletion,263911,15.37,42.00,41.84,0.16,After
TCGA-A7-A4SE-Control,13,Cycle,Base Substitution,269346,437.41,28.00,27.94,0.06,After
TCGA-A7-A4SE-Control,13,Cycle,Base Insertion,269346,13.86,43.00,43.83,-0.83,After
TCGA-A7-A4SE-Control,13,Cycle,Base Deletion,269346,14.40,42.00,41.82,0.18,After
TCGA-A7-A4SE-Control,-13,Cycle,Base Substitution,263890,471.48,27.00,27.24,-0.24,After
TCGA-A7-A4SE-Control,-13,Cycle,Base Insertion,263890,11.76,43.00,43.83,-0.83,After
TCGA-A7-A4SE-Control,-13,Cycle,Base Deletion,263890,16.72,42.00,41.83,0.17,After
TCGA-A7-A4SE-Control,14,Cycle,Base Substitution,269346,499.04,27.00,27.68,-0.68,After
TCGA-A7-A4SE-Control,14,Cycle,Base Insertion,269346,11.87,43.00,43.84,-0.84,After
TCGA-A7-A4SE-Control,14,Cycle,Base Deletion,269346,13.62,42.00,41.82,0.18,After
TCGA-A7-A4SE-Control,-14,Cycle,Base Substitution,263756,403.17,28.00,27.76,0.24,After
TCGA-A7-A4SE-Control,-14,Cycle,Base Insertion,263756,17.69,43.00,43.83,-0.83,After
TCGA-A7-A4SE-Control,-14,Cycle,Base Deletion,263756,17.41,42.00,41.84,0.16,After
TCGA-A7-A4SE-Control,15,Cycle,Base Substitution,269414,490.49,27.00,27.74,-0.74,After
TCGA-A7-A4SE-Control,15,Cycle,Base Insertion,269414,9.54,44.00,43.84,0.16,After
TCGA-A7-A4SE-Control,15,Cycle,Base Deletion,269414,15.35,42.00,41.83,0.17,After
TCGA-A7-A4SE-Control,-15,Cycle,Base Substitution,263658,434.44,28.00,27.44,0.56,After
TCGA-A7-A4SE-Control,-15,Cycle,Base Insertion,263658,13.15,43.00,43.83,-0.83,After
TCGA-A7-A4SE-Control,-15,Cycle,Base Deletion,263658,22.67,41.00,41.84,-0.84,After
TCGA-A7-A4SE-Control,16,Cycle,Base Substitution,269439,334.43,29.00,28.88,0.12,After
TCGA-A7-A4SE-Control,16,Cycle,Base Insertion,269437,8.49,44.00,43.84,0.16,After
TCGA-A7-A4SE-Control,16,Cycle,Base Deletion,269437,15.66,42.00,41.84,0.16,After
TCGA-A7-A4SE-Control,-16,Cycle,Base Substitution,263524,419.51,28.00,27.77,0.23,After
TCGA-A7-A4SE-Control,-16,Cycle,Base Insertion,263520,13.68,43.00,43.84,-0.84,After
TCGA-A7-A4SE-Control,-16,Cycle,Base Deletion,263520,19.64,41.00,41.85,-0.85,After
TCGA-A7-A4SE-Control,17,Cycle,Base Substitution,269495,408.01,28.00,28.27,-0.27,After
TCGA-A7-A4SE-Control,17,Cycle,Base Insertion,269492,10.34,44.00,43.84,0.16,After
TCGA-A7-A4SE-Control,17,Cycle,Base Deletion,269492,17.91,42.00,41.84,0.16,After
TCGA-A7-A4SE-Control,-17,Cycle,Base Substitution,263322,509.10,27.00,27.45,-0.45,After
TCGA-A7-A4SE-Control,-17,Cycle,Base Insertion,263304,8.89,44.00,43.84,0.16,After
TCGA-A7-A4SE-Control,-17,Cycle,Base Deletion,263304,18.85,41.00,41.85,-0.85,After
TCGA-A7-A4SE-Control,18,Cycle,Base Substitution,269397,451.32,28.00,27.76,0.24,After
TCGA-A7-A4SE-Control,18,Cycle,Base Insertion,269392,15.96,43.00,43.84,-0.84,After
TCGA-A7-A4SE-Control,18,Cycle,Base Deletion,269392,18.13,42.00,41.84,0.16,After
TCGA-A7-A4SE-Control,-18,Cycle,Base Substitution,263085,508.81,27.00,26.96,0.04,After
TCGA-A7-A4SE-Control,-18,Cycle,Base Insertion,263057,11.12,43.00,43.85,-0.85,After
TCGA-A7-A4SE-Control,-18,Cycle,Base Deletion,263057,18.09,41.00,41.86,-0.86,After
TCGA-A7-A4SE-Control,19,Cycle,Base Substitution,269419,458.52,28.00,28.18,-0.18,After
TCGA-A7-A4SE-Control,19,Cycle,Base Insertion,269413,12.23,43.00,43.85,-0.85,After
TCGA-A7-A4SE-Control,19,Cycle,Base Deletion,269413,24.57,41.00,41.85,-0.85,After
TCGA-A7-A4SE-Control,-19,Cycle,Base Substitution,263139,406.05,28.00,27.76,0.24,After
TCGA-A7-A4SE-Control,-19,Cycle,Base Insertion,263107,9.52,44.00,43.85,0.15,After
TCGA-A7-A4SE-Control,-19,Cycle,Base Deletion,263107,18.09,41.00,41.87,-0.87,After
TCGA-A7-A4SE-Control,20,Cycle,Base Substitution,269365,432.53,28.00,27.97,0.03,After
TCGA-A7-A4SE-Control,20,Cycle,Base Insertion,269359,10.92,44.00,43.85,0.15,After
TCGA-A7-A4SE-Control,20,Cycle,Base Deletion,269359,20.43,41.00,41.85,-0.85,After
TCGA-A7-A4SE-Control,-20,Cycle,Base Substitution,262729,504.20,27.00,27.18,-0.18,After
TCGA-A7-A4SE-Control,-20,Cycle,Base Insertion,262699,15.64,43.00,43.85,-0.85,After
TCGA-A7-A4SE-Control,-20,Cycle,Base Deletion,262699,15.82,42.00,41.88,0.12,After
TCGA-A7-A4SE-Control,21,Cycle,Base Substitution,269364,483.57,27.00,27.61,-0.61,After
TCGA-A7-A4SE-Control,21,Cycle,Base Insertion,269359,10.42,44.00,43.84,0.16,After
TCGA-A7-A4SE-Control,21,Cycle,Base Deletion,269359,19.38,41.00,41.85,-0.85,After
TCGA-A7-A4SE-Control,-21,Cycle,Base Substitution,262676,533.89,27.00,26.95,0.05,After
TCGA-A7-A4SE-Control,-21,Cycle,Base Insertion,262647,10.65,43.00,43.85,-0.85,After
TCGA-A7-A4SE-Control,-21,Cycle,Base Deletion,262647,18.43,41.00,41.87,-0.87,After
TCGA-A7-A4SE-Control,22,Cycle,Base Substitution,269322,470.60,28.00,27.80,0.20,After
TCGA-A7-A4SE-Control,22,Cycle,Base Insertion,269310,13.18,43.00,43.85,-0.85,After
TCGA-A7-A4SE-Control,22,Cycle,Base Deletion,269310,18.76,41.00,41.86,-0.86,After
TCGA-A7-A4SE-Control,-22,Cycle,Base Substitution,262299,588.25,26.00,26.56,-0.56,After
TCGA-A7-A4SE-Control,-22,Cycle,Base Insertion,262274,14.36,43.00,43.86,-0.86,After
TCGA-A7-A4SE-Control,-22,Cycle,Base Deletion,262274,18.36,41.00,41.87,-0.87,After
TCGA-A7-A4SE-Control,23,Cycle,Base Substitution,269377,391.21,28.00,28.37,-0.37,After
TCGA-A7-A4SE-Control,23,Cycle,Base Insertion,269357,9.63,44.00,43.86,0.14,After
TCGA-A7-A4SE-Control,23,Cycle,Base Deletion,269357,19.70,41.00,41.87,-0.87,After
TCGA-A7-A4SE-Control,-23,Cycle,Base Substitution,262230,521.99,27.00,26.89,0.11,After
TCGA-A7-A4SE-Control,-23,Cycle,Base Insertion,262206,13.71,43.00,43.85,-0.85,After
TCGA-A7-A4SE-Control,-23,Cycle,Base Deletion,262206,19.72,41.00,41.87,-0.87,After
TCGA-A7-A4SE-Control,24,Cycle,Base Substitution,269175,553.69,27.00,27.06,-0.06,After
TCGA-A7-A4SE-Control,24,Cycle,Base Insertion,269148,13.92,43.00,43.86,-0.86,After
TCGA-A7-A4SE-Control,24,Cycle,Base Deletion,269148,21.20,41.00,41.88,-0.88,After
TCGA-A7-A4SE-Control,-24,Cycle,Base Substitution,261926,581.91,27.00,26.43,0.57,After
TCGA-A7-A4SE-Control,-24,Cycle,Base Insertion,261893,14.85,43.00,43.86,-0.86,After
TCGA-A7-A4SE-Control,-24,Cycle,Base Deletion,261893,20.17,41.00,41.88,-0.88,After
TCGA-A7-A4SE-Control,25,Cycle,Base Substitution,269073,600.00,27.00,26.66,0.34,After
TCGA-A7-A4SE-Control,25,Cycle,Base Insertion,269038,11.87,43.00,43.86,-0.86,After
TCGA-A7-A4SE-Control,25,Cycle,Base Deletion,269038,21.11,41.00,41.87,-0.87,After
TCGA-A7-A4SE-Control,-25,Cycle,Base Substitution,261939,553.28,27.00,26.78,0.22,After
TCGA-A7-A4SE-Control,-25,Cycle,Base Insertion,261904,12.40,43.00,43.86,-0.86,After
TCGA-A7-A4SE-Control,-25,Cycle,Base Deletion,261904,21.77,41.00,41.88,-0.88,After
TCGA-A7-A4SE-Control,26,Cycle,Base Substitution,268987,616.71,26.00,26.35,-0.35,After
TCGA-A7-A4SE-Control,26,Cycle,Base Insertion,268951,11.40,44.00,43.86,0.14,After
TCGA-A7-A4SE-Control,26,Cycle,Base Deletion,268951,19.20,41.00,41.87,-0.87,After
TCGA-A7-A4SE-Control,-26,Cycle,Base Substitution,261685,505.48,27.00,26.93,0.07,After
TCGA-A7-A4SE-Control,-26,Cycle,Base Insertion,261655,9.59,44.00,43.87,0.13,After
TCGA-A7-A4SE-Control,-26,Cycle,Base Deletion,261655,21.98,41.00,41.89,-0.89,After
TCGA-A7-A4SE-Control,27,Cycle,Base Substitution,268974,559.61,27.00,26.80,0.20,After
TCGA-A7-A4SE-Control,27,Cycle,Base Insertion,268943,12.85,43.00,43.86,-0.86,After
TCGA-A7-A4SE-Control,27,Cycle,Base Deletion,268943,19.53,41.00,41.88,-0.88,After
TCGA-A7-A4SE-Control,-27,Cycle,Base Substitution,261414,650.36,26.00,26.21,-0.21,After
TCGA-A7-A4SE-Control,-27,Cycle,Base Insertion,261380,10.84,43.00,43.86,-0.86,After
TCGA-A7-A4SE-Control,-27,Cycle,Base Deletion,261380,20.06,41.00,41.89,-0.89,After
TCGA-A7-A4SE-Control,28,Cycle,Base Substitution,268879,571.53,27.00,26.91,0.09,After
TCGA-A7-A4SE-Control,28,Cycle,Base Insertion,268856,14.14,43.00,43.87,-0.87,After
TCGA-A7-A4SE-Control,28,Cycle,Base Deletion,268856,18.62,41.00,41.89,-0.89,After
TCGA-A7-A4SE-Control,-28,Cycle,Base Substitution,261291,762.27,25.00,25.53,-0.53,After
TCGA-A7-A4SE-Control,-28,Cycle,Base Insertion,261257,13.12,43.00,43.87,-0.87,After
TCGA-A7-A4SE-Control,-28,Cycle,Base Deletion,261257,21.29,41.00,41.89,-0.89,After
TCGA-A7-A4SE-Control,29,Cycle,Base Substitution,268797,563.89,27.00,26.69,0.31,After
TCGA-A7-A4SE-Control,29,Cycle,Base Insertion,268774,13.22,43.00,43.86,-0.86,After
TCGA-A7-A4SE-Control,29,Cycle,Base Deletion,268774,20.02,41.00,41.89,-0.89,After
TCGA-A7-A4SE-Control,-29,Cycle,Base Substitution,261241,472.35,27.00,27.33,-0.33,After
TCGA-A7-A4SE-Control,-29,Cycle,Base Insertion,261201,9.99,44.00,43.86,0.14,After
TCGA-A7-A4SE-Control,-29,Cycle,Base Deletion,261201,21.98,41.00,41.89,-0.89,After
TCGA-A7-A4SE-Control,30,Cycle,Base Substitution,268779,517.44,27.00,26.91,0.09,After
TCGA-A7-A4SE-Control,30,Cycle,Base Insertion,268758,12.37,43.00,43.87,-0.87,After
TCGA-A7-A4SE-Control,30,Cycle,Base Deletion,268758,16.24,42.00,41.89,0.11,After
TCGA-A7-A4SE-Control,-30,Cycle,Base Substitution,261003,532.23,27.00,26.85,0.15,After
TCGA-A7-A4SE-Control,-30,Cycle,Base Insertion,260962,13.36,43.00,43.86,-0.86,After
TCGA-A7-A4SE-Control,-30,Cycle,Base Deletion,260962,17.88,41.00,41.89,-0.89,After
TCGA-A7-A4SE-Control,31,Cycle,Base Substitution,268633,590.87,27.00,26.74,0.26,After
TCGA-A7-A4SE-Control,31,Cycle,Base Insertion,268613,8.98,44.00,43.87,0.13,After
TCGA-A7-A4SE-Control,31,Cycle,Base Deletion,268613,18.38,42.00,41.89,0.11,After
TCGA-A7-A4SE-Control,-31,Cycle,Base Substitution,260850,407.72,28.00,27.78,0.22,After
TCGA-A7-A4SE-Control,-31,Cycle,Base Insertion,260810,11.85,43.00,43.87,-0.87,After
TCGA-A7-A4SE-Control,-31,Cycle,Base Deletion,260810,19.41,41.00,41.90,-0.90,After
TCGA-A7-A4SE-Control,32,Cycle,Base Substitution,268653,592.44,27.00,26.82,0.18,After
TCGA-A7-A4SE-Control,32,Cycle,Base Insertion,268631,6.47,44.00,43.87,0.13,After
TCGA-A7-A4SE-Control,32,Cycle,Base Deletion,268631,17.46,42.00,41.90,0.10,After
TCGA-A7-A4SE-Control,-32,Cycle,Base Substitution,260605,465.40,27.00,27.48,-0.48,After
TCGA-A7-A4SE-Control,-32,Cycle,Base Insertion,260575,7.09,44.00,43.87,0.13,After
TCGA-A7-A4SE-Control,-32,Cycle,Base Deletion,260575,17.93,41.00,41.90,-0.90,After
TCGA-A7-A4SE-Control,33,Cycle,Base Substitution,268505,663.31,26.00,26.15,-0.15,After
TCGA-A7-A4SE-Control,33,Cycle,Base Insertion,268477,9.79,44.00,43.88,0.12,After
TCGA-A7-A4SE-Control,33,Cycle,Base Deletion,268477,18.49,42.00,41.90,0.10,After
TCGA-A7-A4SE-Control,-33,Cycle,Base Substitution,260374,463.59,27.00,27.19,-0.19,After
TCGA-A7-A4SE-Control,-33,Cycle,Base Insertion,260341,13.67,43.00,43.87,-0.87,After
TCGA-A7-A4SE-Control,-33,Cycle,Base Deletion,260341,17.78,41.00,41.90,-0.90,After
TCGA-A7-A4SE-Control,34,Cycle,Base Substitution,268396,475.32,28.00,27.42,0.58,After
TCGA-A7-A4SE-Control,34,Cycle,Base Insertion,268375,12.64,43.00,43.87,-0.87,After
TCGA-A7-A4SE-Control,34,Cycle,Base Deletion,268375,20.68,41.00,41.90,-0.90,After
TCGA-A7-A4SE-Control,-34,Cycle,Base Substitution,260122,538.76,27.00,26.64,0.36,After
TCGA-A7-A4SE-Control,-34,Cycle,Base Insertion,260088,16.01,43.00,43.87,-0.87,After
TCGA-A7-A4SE-Control,-34,Cycle,Base Deletion,260088,15.03,42.00,41.91,0.09,After
TCGA-A7-A4SE-Control,35,Cycle,Base Substitution,268403,518.79,27.00,27.17,-0.17,After
TCGA-A7-A4SE-Control,35,Cycle,Base Insertion,268374,10.11,44.00,43.87,0.13,After
TCGA-A7-A4SE-Control,35,Cycle,Base Deletion,268374,19.60,41.00,41.90,-0.90,After
TCGA-A7-A4SE-Control,-35,Cycle,Base Substitution,259946,483.41,27.00,27.11,-0.11,After
TCGA-A7-A4SE-Control,-35,Cycle,Base Insertion,259907,10.47,44.00,43.87,0.13,After
TCGA-A7-A4SE-Control,-35,Cycle,Base Deletion,259907,14.95,42.00,41.91,0.09,After
TCGA-A7-A4SE-Control,36,Cycle,Base Substitution,268359,517.87,27.00,27.10,-0.10,After
TCGA-A7-A4SE-Control,36,Cycle,Base Insertion,268333,9.29,44.00,43.87,0.13,After
TCGA-A7-A4SE-Control,36,Cycle,Base Deletion,268333,18.84,41.00,41.90,-0.90,After
TCGA-A7-A4SE-Control,-36,Cycle,Base Substitution,259735,522.87,27.00,26.81,0.19,After
TCGA-A7-A4SE-Control,-36,Cycle,Base Insertion,259689,11.16,43.00,43.88,-0.88,After
TCGA-A7-A4SE-Control,-36,Cycle,Base Deletion,259689,17.19,42.00,41.91,0.09,After
TCGA-A7-A4SE-Control,37,Cycle,Base Substitution,268199,602.53,26.00,26.36,-0.36,After
TCGA-A7-A4SE-Control,37,Cycle,Base Insertion,268174,11.07,44.00,43.87,0.13,After
TCGA-A7-A4SE-Control,37,Cycle,Base Deletion,268174,21.20,41.00,41.90,-0.90,After
TCGA-A7-A4SE-Control,-37,Cycle,Base Substitution,259439,476.76,27.00,26.96,0.04,After
TCGA-A7-A4SE-Control,-37,Cycle,Base Insertion,259399,5.80,44.00,43.88,0.12,After
TCGA-A7-A4SE-Control,-37,Cycle,Base Deletion,259399,15.55,42.00,41.92,0.08,After
TCGA-A7-A4SE-Control,38,Cycle,Base Substitution,268038,599.80,27.00,26.42,0.58,After
TCGA-A7-A4SE-Control,38,Cycle,Base Insertion,268010,12.47,43.00,43.87,-0.87,After
TCGA-A7-A4SE-Control,38,Cycle,Base Deletion,268010,21.70,41.00,41.90,-0.90,After
TCGA-A7-A4SE-Control,-38,Cycle,Base Substitution,258832,819.62,25.00,25.07,-0.07,After
TCGA-A7-A4SE-Control,-38,Cycle,Base Insertion,258793,7.43,44.00,43.88,0.12,After
TCGA-A7-A4SE-Control,-38,Cycle,Base Deletion,258793,15.38,42.00,41.91,0.09,After
TCGA-A7-A4SE-Control,39,Cycle,Base Substitution,267984,581.94,27.00,26.72,0.28,After
TCGA-A7-A4SE-Control,39,Cycle,Base Insertion,267955,10.91,43.00,43.87,-0.87,After
TCGA-A7-A4SE-Control,39,Cycle,Base Deletion,267955,19.61,41.00,41.90,-0.90,After
TCGA-A7-A4SE-Control,-39,Cycle,Base Substitution,258946,492.78,27.00,27.03,-0.03,After
TCGA-A7-A4SE-Control,-39,Cycle,Base Insertion,258912,13.03,43.00,43.87,-0.87,After
TCGA-A7-A4SE-Control,-39,Cycle,Base Deletion,258912,15.18,42.00,41.90,0.10,After
TCGA-A7-A4SE-Control,40,Cycle,Base Substitution,268033,508.60,27.00,27.22,-0.22,After
TCGA-A7-A4SE-Control,40,Cycle,Base Insertion,267998,11.21,43.00,43.87,-0.87,After
TCGA-A7-A4SE-Control,40,Cycle,Base Deletion,267998,21.52,41.00,41.90,-0.90,After
TCGA-A7-A4SE-Control,-40,Cycle,Base Substitution,258804,411.96,28.00,27.71,0.29,After
TCGA-A7-A4SE-Control,-40,Cycle,Base Insertion,258771,7.57,44.00,43.88,0.12,After
TCGA-A7-A4SE-Control,-40,Cycle,Base Deletion,258771,16.58,42.00,41.91,0.09,After
TCGA-A7-A4SE-Control,41,Cycle,Base Substitution,267841,546.67,27.00,27.03,-0.03,After
TCGA-A7-A4SE-Control,41,Cycle,Base Insertion,267801,10.99,43.00,43.87,-0.87,After
TCGA-A7-A4SE-Control,41,Cycle,Base Deletion,267801,20.56,41.00,41.90,-0.90,After
TCGA-A7-A4SE-Control,-41,Cycle,Base Substitution,258539,416.48,28.00,27.67,0.33,After
TCGA-A7-A4SE-Control,-41,Cycle,Base Insertion,258513,10.37,44.00,43.88,0.12,After
TCGA-A7-A4SE-Control,-41,Cycle,Base Deletion,258513,16.28,42.00,41.92,0.08,After
TCGA-A7-A4SE-Control,42,Cycle,Base Substitution,267626,640.51,26.00,26.32,-0.32,After
TCGA-A7-A4SE-Control,42,Cycle,Base Insertion,267584,12.14,43.00,43.87,-0.87,After
TCGA-A7-A4SE-Control,42,Cycle,Base Deletion,267584,22.00,41.00,41.91,-0.91,After
TCGA-A7-A4SE-Control,-42,Cycle,Base Substitution,258306,405.17,28.00,27.75,0.25,After
TCGA-A7-A4SE-Control,-42,Cycle,Base Insertion,258277,8.68,44.00,43.88,0.12,After
TCGA-A7-A4SE-Control,-42,Cycle,Base Deletion,258277,16.65,42.00,41.92,0.08,After
TCGA-A7-A4SE-Control,43,Cycle,Base Substitution,267577,480.15,27.00,27.59,-0.59,After
TCGA-A7-A4SE-Control,43,Cycle,Base Insertion,267539,8.13,44.00,43.87,0.13,After
TCGA-A7-A4SE-Control,43,Cycle,Base Deletion,267539,19.43,41.00,41.90,-0.90,After
TCGA-A7-A4SE-Control,-43,Cycle,Base Substitution,258049,362.38,29.00,28.20,0.80,After
TCGA-A7-A4SE-Control,-43,Cycle,Base Insertion,258012,9.84,44.00,43.87,0.13,After
TCGA-A7-A4SE-Control,-43,Cycle,Base Deletion,258012,15.76,42.00,41.90,0.10,After
TCGA-A7-A4SE-Control,44,Cycle,Base Substitution,267423,503.61,27.00,27.44,-0.44,After
TCGA-A7-A4SE-Control,44,Cycle,Base Insertion,267398,9.91,44.00,43.88,0.12,After
TCGA-A7-A4SE-Control,44,Cycle,Base Deletion,267398,20.17,41.00,41.90,-0.90,After
TCGA-A7-A4SE-Control,-44,Cycle,Base Substitution,257668,419.27,28.00,27.60,0.40,After
TCGA-A7-A4SE-Control,-44,Cycle,Base Insertion,257634,9.07,44.00,43.88,0.12,After
TCGA-A7-A4SE-Control,-44,Cycle,Base Deletion,257634,15.80,42.00,41.92,0.08,After
TCGA-A7-A4SE-Control,45,Cycle,Base Substitution,267280,488.81,27.00,27.45,-0.45,After
TCGA-A7-A4SE-Control,45,Cycle,Base Insertion,267258,10.02,44.00,43.87,0.13,After
TCGA-A7-A4SE-Control,45,Cycle,Base Deletion,267258,17.53,41.00,41.90,-0.90,After
TCGA-A7-A4SE-Control,-45,Cycle,Base Substitution,257412,390.73,28.00,27.97,0.03,After
TCGA-A7-A4SE-Control,-45,Cycle,Base Insertion,257377,8.11,44.00,43.87,0.13,After
TCGA-A7-A4SE-Control,-45,Cycle,Base Deletion,257377,18.59,41.00,41.91,-0.91,After
TCGA-A7-A4SE-Control,46,Cycle,Base Substitution,267104,555.98,27.00,27.03,-0.03,After
TCGA-A7-A4SE-Control,46,Cycle,Base Insertion,267080,11.57,43.00,43.87,-0.87,After
TCGA-A7-A4SE-Control,46,Cycle,Base Deletion,267080,18.85,41.00,41.90,-0.90,After
TCGA-A7-A4SE-Control,-46,Cycle,Base Substitution,257008,441.45,28.00,27.40,0.60,After
TCGA-A7-A4SE-Control,-46,Cycle,Base Insertion,256975,8.96,44.00,43.87,0.13,After
TCGA-A7-A4SE-Control,-46,Cycle,Base Deletion,256975,16.99,42.00,41.90,0.10,After
TCGA-A7-A4SE-Control,47,Cycle,Base Substitution,266972,575.10,27.00,26.99,0.01,After
TCGA-A7-A4SE-Control,47,Cycle,Base Insertion,266944,9.56,44.00,43.88,0.12,After
TCGA-A7-A4SE-Control,47,Cycle,Base Deletion,266944,18.50,41.00,41.91,-0.91,After
TCGA-A7-A4SE-Control,-47,Cycle,Base Substitution,256802,396.85,28.00,27.68,0.32,After
TCGA-A7-A4SE-Control,-47,Cycle,Base Insertion,256775,8.68,44.00,43.87,0.13,After
TCGA-A7-A4SE-Control,-47,Cycle,Base Deletion,256775,18.05,41.00,41.91,-0.91,After
TCGA-A7-A4SE-Control,48,Cycle,Base Substitution,266866,483.49,27.00,27.59,-0.59,After
TCGA-A7-A4SE-Control,48,Cycle,Base Insertion,266839,14.95,43.00,43.88,-0.88,After
TCGA-A7-A4SE-Control,48,Cycle,Base Deletion,266839,16.97,42.00,41.91,0.09,After
TCGA-A7-A4SE-Control,-48,Cycle,Base Substitution,256391,459.43,27.00,27.51,-0.51,After
TCGA-A7-A4SE-Control,-48,Cycle,Base Insertion,256363,10.38,44.00,43.87,0.13,After
TCGA-A7-A4SE-Control,-48,Cycle,Base Deletion,256363,17.37,42.00,41.90,0.10,After
TCGA-A7-A4SE-Control,49,Cycle,Base Substitution,266827,360.87,29.00,28.31,0.69,After
TCGA-A7-A4SE-Control,49,Cycle,Base Insertion,266797,7.51,44.00,43.87,0.13,After
TCGA-A7-A4SE-Control,49,Cycle,Base Deletion,266797,17.46,42.00,41.90,0.10,After
TCGA-A7-A4SE-Control,-49,Cycle,Base Substitution,256038,462.48,27.00,27.24,-0.24,After
TCGA-A7-A4SE-Control,-49,Cycle,Base Insertion,256009,6.14,44.00,43.88,0.12,After
TCGA-A7-A4SE-Control,-49,Cycle,Base Deletion,256009,16.80,42.00,41.92,0.08,After
TCGA-A7-A4SE-Control,50,Cycle,Base Substitution,266670,417.74,28.00,27.89,0.11,After
TCGA-A7-A4SE-Control,50,Cycle,Base Insertion,266639,7.99,44.00,43.87,0.13,After
TCGA-A7-A4SE-Control,50,Cycle,Base Deletion,266639,18.11,41.00,41.91,-0.91,After
TCGA-A7-A4SE-Control,-50,Cycle,Base Substitution,255621,471.26,27.00,27.16,-0.16,After
TCGA-A7-A4SE-Control,-50,Cycle,Base Insertion,255589,6.52,44.00,43.88,0.12,After
TCGA-A7-A4SE-Control,-50,Cycle,Base Deletion,255589,17.17,42.00,41.92,0.08,After
TCGA-A7-A4SE-Control,51,Cycle,Base Substitution,266482,458.28,28.00,27.58,0.42,After
TCGA-A7-A4SE-Control,51,Cycle,Base Insertion,266452,7.91,44.00,43.88,0.12,After
TCGA-A7-A4SE-Control,51,Cycle,Base Deletion,266452,20.17,41.00,41.91,-0.91,After
TCGA-A7-A4SE-Control,-51,Cycle,Base Substitution,255310,543.21,27.00,26.60,0.40,After
TCGA-A7-A4SE-Control,-51,Cycle,Base Insertion,255275,7.49,44.00,43.88,0.12,After
TCGA-A7-A4SE-Control,-51,Cycle,Base Deletion,255275,18.61,41.00,41.91,-0.91,After
TCGA-A7-A4SE-Control,52,Cycle,Base Substitution,266334,421.07,28.00,28.18,-0.18,After
TCGA-A7-A4SE-Control,52,Cycle,Base Insertion,266310,10.06,44.00,43.88,0.12,After
TCGA-A7-A4SE-Control,52,Cycle,Base Deletion,266310,20.34,41.00,41.91,-0.91,After
TCGA-A7-A4SE-Control,-52,Cycle,Base Substitution,255101,446.51,28.00,27.11,0.89,After
TCGA-A7-A4SE-Control,-52,Cycle,Base Insertion,255063,6.06,44.00,43.88,0.12,After
TCGA-A7-A4SE-Control,-52,Cycle,Base Deletion,255063,15.88,42.00,41.91,0.09,After
TCGA-A7-A4SE-Control,53,Cycle,Base Substitution,266108,527.24,27.00,27.14,-0.14,After
TCGA-A7-A4SE-Control,53,Cycle,Base Insertion,266078,10.07,44.00,43.88,0.12,After
TCGA-A7-A4SE-Control,53,Cycle,Base Deletion,266078,21.12,41.00,41.92,-0.92,After
TCGA-A7-A4SE-Control,-53,Cycle,Base Substitution,254918,356.18,28.00,27.86,0.14,After
TCGA-A7-A4SE-Control,-53,Cycle,Base Insertion,254875,10.44,44.00,43.87,0.13,After
TCGA-A7-A4SE-Control,-53,Cycle,Base Deletion,254875,13.48,42.00,41.91,0.09,After
TCGA-A7-A4SE-Control,54,Cycle,Base Substitution,265998,422.15,28.00,28.00,-0.00,After
TCGA-A7-A4SE-Control,54,Cycle,Base Insertion,265967,11.54,43.00,43.88,-0.88,After
TCGA-A7-A4SE-Control,54,Cycle,Base Deletion,265967,19.47,41.00,41.91,-0.91,After
TCGA-A7-A4SE-Control,-54,Cycle,Base Substitution,254612,407.18,28.00,27.95,0.05,After
TCGA-A7-A4SE-Control,-54,Cycle,Base Insertion,254570,7.81,44.00,43.87,0.13,After
TCGA-A7-A4SE-Control,-54,Cycle,Base Deletion,254570,13.74,42.00,41.91,0.09,After
TCGA-A7-A4SE-Control,55,Cycle,Base Substitution,265764,402.58,28.00,28.03,-0.03,After
TCGA-A7-A4SE-Control,55,Cycle,Base Insertion,265727,12.76,43.00,43.87,-0.87,After
TCGA-A7-A4SE-Control,55,Cycle,Base Deletion,265727,20.95,41.00,41.90,-0.90,After
TCGA-A7-A4SE-Control,-55,Cycle,Base Substitution,254307,439.17,28.00,27.59,0.41,After
TCGA-A7-A4SE-Control,-55,Cycle,Base Insertion,254257,9.69,44.00,43.87,0.13,After
TCGA-A7-A4SE-Control,-55,Cycle,Base Deletion,254257,14.12,42.00,41.91,0.09,After
TCGA-A7-A4SE-Control,56,Cycle,Base Substitution,265581,526.51,27.00,27.30,-0.30,After
TCGA-A7-A4SE-Control,56,Cycle,Base Insertion,265538,5.74,44.00,43.87,0.13,After
TCGA-A7-A4SE-Control,56,Cycle,Base Deletion,265538,19.19,41.00,41.91,-0.91,After
TCGA-A7-A4SE-Control,-56,Cycle,Base Substitution,254034,431.77,28.00,27.65,0.35,After
TCGA-A7-A4SE-Control,-56,Cycle,Base Insertion,253990,7.97,44.00,43.88,0.12,After
TCGA-A7-A4SE-Control,-56,Cycle,Base Deletion,253990,12.52,42.00,41.91,0.09,After
TCGA-A7-A4SE-Control,57,Cycle,Base Substitution,265310,602.11,26.00,26.94,-0.94,After
TCGA-A7-A4SE-Control,57,Cycle,Base Insertion,265276,12.27,43.00,43.87,-0.87,After
TCGA-A7-A4SE-Control,57,Cycle,Base Deletion,265276,20.36,41.00,41.91,-0.91,After
TCGA-A7-A4SE-Control,-57,Cycle,Base Substitution,253730,460.50,27.00,27.63,-0.63,After
TCGA-A7-A4SE-Control,-57,Cycle,Base Insertion,253691,11.74,43.00,43.87,-0.87,After
TCGA-A7-A4SE-Control,-57,Cycle,Base Deletion,253691,12.31,42.00,41.91,0.09,After
TCGA-A7-A4SE-Control,58,Cycle,Base Substitution,265066,546.62,27.00,27.27,-0.27,After
TCGA-A7-A4SE-Control,58,Cycle,Base Insertion,265032,13.79,43.00,43.88,-0.88,After
TCGA-A7-A4SE-Control,58,Cycle,Base Deletion,265032,19.16,41.00,41.92,-0.92,After
TCGA-A7-A4SE-Control,-58,Cycle,Base Substitution,253485,347.15,29.00,28.42,0.58,After
TCGA-A7-A4SE-Control,-58,Cycle,Base Insertion,253455,9.98,44.00,43.88,0.12,After
TCGA-A7-A4SE-Control,-58,Cycle,Base Deletion,253455,12.54,42.00,41.91,0.09,After
TCGA-A7-A4SE-Control,59,Cycle,Base Substitution,264884,437.92,28.00,27.89,0.11,After
TCGA-A7-A4SE-Control,59,Cycle,Base Insertion,264847,11.07,43.00,43.88,-0.88,After
TCGA-A7-A4SE-Control,59,Cycle,Base Deletion,264847,19.20,41.00,41.92,-0.92,After
TCGA-A7-A4SE-Control,-59,Cycle,Base Substitution,253050,383.43,28.00,28.05,-0.05,After
TCGA-A7-A4SE-Control,-59,Cycle,Base Insertion,253023,13.65,43.00,43.88,-0.88,After
TCGA-A7-A4SE-Control,-59,Cycle,Base Deletion,253023,13.49,42.00,41.92,0.08,After
TCGA-A7-A4SE-Control,60,Cycle,Base Substitution,264773,388.73,28.00,28.43,-0.43,After
TCGA-A7-A4SE-Control,60,Cycle,Base Insertion,264740,9.12,44.00,43.89,0.11,After
TCGA-A7-A4SE-Control,60,Cycle,Base Deletion,264740,20.41,41.00,41.92,-0.92,After
TCGA-A7-A4SE-Control,-60,Cycle,Base Substitution,252769,346.31,29.00,28.40,0.60,After
TCGA-A7-A4SE-Control,-60,Cycle,Base Insertion,252740,12.25,43.00,43.88,-0.88,After
TCGA-A7-A4SE-Control,-60,Cycle,Base Deletion,252740,15.25,42.00,41.91,0.09,After
TCGA-A7-A4SE-Control,61,Cycle,Base Substitution,264457,391.83,28.00,27.97,0.03,After
TCGA-A7-A4SE-Control,61,Cycle,Base Insertion,264418,10.19,44.00,43.88,0.12,After
TCGA-A7-A4SE-Control,61,Cycle,Base Deletion,264418,19.38,41.00,41.91,-0.91,After
TCGA-A7-A4SE-Control,-61,Cycle,Base Substitution,252504,327.72,29.00,28.51,0.49,After
TCGA-A7-A4SE-Control,-61,Cycle,Base Insertion,252464,12.11,43.00,43.88,-0.88,After
TCGA-A7-A4SE-Control,-61,Cycle,Base Deletion,252464,13.59,42.00,41.92,0.08,After
TCGA-A7-A4SE-Control,62,Cycle,Base Substitution,264228,445.83,28.00,27.71,0.29,After
TCGA-A7-A4SE-Control,62,Cycle,Base Insertion,264177,13.73,43.00,43.88,-0.88,After
TCGA-A7-A4SE-Control,62,Cycle,Base Deletion,264177,20.14,41.00,41.91,-0.91,After
TCGA-A7-A4SE-Control,-62,Cycle,Base Substitution,252211,299.19,29.00,28.60,0.40,After
TCGA-A7-A4SE-Control,-62,Cycle,Base Insertion,252168,13.62,43.00,43.88,-0.88,After
TCGA-A7-A4SE-Control,-62,Cycle,Base Deletion,252168,14.64,42.00,41.92,0.08,After
TCGA-A7-A4SE-Control,63,Cycle,Base Substitution,264033,460.20,28.00,27.73,0.27,After
TCGA-A7-A4SE-Control,63,Cycle,Base Insertion,263985,17.73,43.00,43.88,-0.88,After
TCGA-A7-A4SE-Control,63,Cycle,Base Deletion,263985,18.86,41.00,41.91,-0.91,After
TCGA-A7-A4SE-Control,-63,Cycle,Base Substitution,252007,335.94,29.00,28.68,0.32,After
TCGA-A7-A4SE-Control,-63,Cycle,Base Insertion,251958,8.35,44.00,43.87,0.13,After
TCGA-A7-A4SE-Control,-63,Cycle,Base Deletion,251958,14.92,42.00,41.92,0.08,After
TCGA-A7-A4SE-Control,64,Cycle,Base Substitution,263803,393.93,28.00,28.12,-0.12,After
TCGA-A7-A4SE-Control,64,Cycle,Base Insertion,263755,8.87,44.00,43.88,0.12,After
TCGA-A7-A4SE-Control,64,Cycle,Base Deletion,263755,19.48,41.00,41.92,-0.92,After
TCGA-A7-A4SE-Control,-64,Cycle,Base Substitution,251632,318.64,29.00,28.64,0.36,After
TCGA-A7-A4SE-Control,-64,Cycle,Base Insertion,251580,8.24,44.00,43.87,0.13,After
TCGA-A7-A4SE-Control,-64,Cycle,Base Deletion,251580,16.46,42.00,41.91,0.09,After
TCGA-A7-A4SE-Control,65,Cycle,Base Substitution,263529,430.88,28.00,27.72,0.28,After
TCGA-A7-A4SE-Control,65,Cycle,Base Insertion,263483,12.33,43.00,43.87,-0.87,After
TCGA-A7-A4SE-Control,65,Cycle,Base Deletion,263483,17.79,41.00,41.91,-0.91,After
TCGA-A7-A4SE-Control,-65,Cycle,Base Substitution,251261,321.89,29.00,28.60,0.40,After
TCGA-A7-A4SE-Control,-65,Cycle,Base Insertion,251207,10.32,44.00,43.88,0.12,After
TCGA-A7-A4SE-Control,-65,Cycle,Base Deletion,251207,15.01,42.00,41.93,0.07,After
TCGA-A7-A4SE-Control,66,Cycle,Base Substitution,263271,416.42,28.00,27.89,0.11,After
TCGA-A7-A4SE-Control,66,Cycle,Base Insertion,263224,12.72,43.00,43.88,-0.88,After
TCGA-A7-A4SE-Control,66,Cycle,Base Deletion,263224,16.85,42.00,41.91,0.09,After
TCGA-A7-A4SE-Control,-66,Cycle,Base Substitution,250948,359.21,28.00,28.38,-0.38,After
TCGA-A7-A4SE-Control,-66,Cycle,Base Insertion,250890,8.17,44.00,43.88,0.12,After
TCGA-A7-A4SE-Control,-66,Cycle,Base Deletion,250890,14.74,42.00,41.93,0.07,After
TCGA-A7-A4SE-Control,67,Cycle,Base Substitution,262992,458.36,28.00,27.73,0.27,After
TCGA-A7-A4SE-Control,67,Cycle,Base Insertion,262938,10.55,43.00,43.88,-0.88,After
TCGA-A7-A4SE-Control,67,Cycle,Base Deletion,262938,15.94,42.00,41.92,0.08,After
TCGA-A7-A4SE-Control,-67,Cycle,Base Substitution,250668,328.53,29.00,28.86,0.14,After
TCGA-A7-A4SE-Control,-67,Cycle,Base Insertion,250608,7.93,44.00,43.88,0.12,After
TCGA-A7-A4SE-Control,-67,Cycle,Base Deletion,250608,15.38,42.00,41.92,0.08,After
TCGA-A7-A4SE-Control,68,Cycle,Base Substitution,262745,411.33,28.00,28.20,-0.20,After
TCGA-A7-A4SE-Control,68,Cycle,Base Insertion,262691,13.30,43.00,43.87,-0.87,After
TCGA-A7-A4SE-Control,68,Cycle,Base Deletion,262691,16.57,42.00,41.91,0.09,After
TCGA-A7-A4SE-Control,-68,Cycle,Base Substitution,250278,311.19,29.00,29.01,-0.01,After
TCGA-A7-A4SE-Control,-68,Cycle,Base Insertion,250223,10.43,44.00,43.88,0.12,After
TCGA-A7-A4SE-Control,-68,Cycle,Base Deletion,250223,14.14,42.00,41.92,0.08,After
TCGA-A7-A4SE-Control,69,Cycle,Base Substitution,262446,455.45,28.00,27.93,0.07,After
TCGA-A7-A4SE-Control,69,Cycle,Base Insertion,262393,11.65,43.00,43.89,-0.89,After
TCGA-A7-A4SE-Control,69,Cycle,Base Deletion,262393,20.61,41.00,41.93,-0.93,After
TCGA-A7-A4SE-Control,-69,Cycle,Base Substitution,249861,306.58,29.00,28.87,0.13,After
TCGA-A7-A4SE-Control,-69,Cycle,Base Insertion,249807,9.38,44.00,43.88,0.12,After
TCGA-A7-A4SE-Control,-69,Cycle,Base Deletion,249807,14.64,42.00,41.92,0.08,After
TCGA-A7-A4SE-Control,70,Cycle,Base Substitution,262046,474.71,27.00,27.70,-0.70,After
TCGA-A7-A4SE-Control,70,Cycle,Base Insertion,261996,9.95,44.00,43.89,0.11,After
TCGA-A7-A4SE-Control,70,Cycle,Base Deletion,261996,18.04,41.00,41.93,-0.93,After
TCGA-A7-A4SE-Control,-70,Cycle,Base Substitution,249309,303.89,29.00,28.87,0.13,After
TCGA-A7-A4SE-Control,-70,Cycle,Base Insertion,249256,7.57,44.00,43.88,0.12,After
TCGA-A7-A4SE-Control,-70,Cycle,Base Deletion,249256,17.99,41.00,41.92,-0.92,After
TCGA-A7-A4SE-Control,71,Cycle,Base Substitution,261817,376.54,28.00,28.21,-0.21,After
TCGA-A7-A4SE-Control,71,Cycle,Base Insertion,261745,8.32,44.00,43.88,0.12,After
TCGA-A7-A4SE-Control,71,Cycle,Base Deletion,261745,17.24,42.00,41.92,0.08,After
TCGA-A7-A4SE-Control,-71,Cycle,Base Substitution,248939,348.34,29.00,28.84,0.16,After
TCGA-A7-A4SE-Control,-71,Cycle,Base Insertion,248882,6.82,44.00,43.89,0.11,After
TCGA-A7-A4SE-Control,-71,Cycle,Base Deletion,248882,16.93,41.00,41.92,-0.92,After
TCGA-A7-A4SE-Control,72,Cycle,Base Substitution,261493,391.10,28.00,28.06,-0.06,After
TCGA-A7-A4SE-Control,72,Cycle,Base Insertion,261416,10.07,44.00,43.88,0.12,After
TCGA-A7-A4SE-Control,72,Cycle,Base Deletion,261416,16.06,42.00,41.92,0.08,After
TCGA-A7-A4SE-Control,-72,Cycle,Base Substitution,248386,328.49,29.00,28.66,0.34,After
TCGA-A7-A4SE-Control,-72,Cycle,Base Insertion,248311,9.74,44.00,43.88,0.12,After
TCGA-A7-A4SE-Control,-72,Cycle,Base Deletion,248311,18.37,41.00,41.92,-0.92,After
TCGA-A7-A4SE-Control,73,Cycle,Base Substitution,261095,448.16,28.00,27.83,0.17,After
TCGA-A7-A4SE-Control,73,Cycle,Base Insertion,261007,11.56,43.00,43.88,-0.88,After
TCGA-A7-A4SE-Control,73,Cycle,Base Deletion,261007,17.07,42.00,41.92,0.08,After
TCGA-A7-A4SE-Control,-73,Cycle,Base Substitution,247976,352.36,28.00,28.33,-0.33,After
TCGA-A7-A4SE-Control,-73,Cycle,Base Insertion,247895,7.04,44.00,43.88,0.12,After
TCGA-A7-A4SE-Control,-73,Cycle,Base Deletion,247895,16.79,41.00,41.92,-0.92,After
TCGA-A7-A4SE-Control,74,Cycle,Base Substitution,260771,489.53,27.00,27.47,-0.47,After
TCGA-A7-A4SE-Control,74,Cycle,Base Insertion,260662,7.59,44.00,43.88,0.12,After
TCGA-A7-A4SE-Control,74,Cycle,Base Deletion,260662,16.29,42.00,41.92,0.08,After
TCGA-A7-A4SE-Control,-74,Cycle,Base Substitution,247426,355.34,28.00,28.28,-0.28,After
TCGA-A7-A4SE-Control,-74,Cycle,Base Insertion,247324,11.39,43.00,43.88,-0.88,After
TCGA-A7-A4SE-Control,-74,Cycle,Base Deletion,247324,15.60,42.00,41.92,0.08,After
TCGA-A7-A4SE-Control,75,Cycle,Base Substitution,260326,469.47,27.00,27.54,-0.54,After
TCGA-A7-A4SE-Control,75,Cycle,Base Insertion,260229,8.72,44.00,43.88,0.12,After
TCGA-A7-A4SE-Control,75,Cycle,Base Deletion,260229,16.92,42.00,41.92,0.08,After
TCGA-A7-A4SE-Control,-75,Cycle,Base Substitution,247049,330.02,29.00,28.56,0.44,After
TCGA-A7-A4SE-Control,-75,Cycle,Base Insertion,246948,10.59,43.00,43.88,-0.88,After
TCGA-A7-A4SE-Control,-75,Cycle,Base Deletion,246948,16.06,42.00,41.92,0.08,After
TCGA-A7-A4SE-Control,76,Cycle,Base Substitution,260136,390.35,28.00,28.18,-0.18,After
TCGA-A7-A4SE-Control,76,Cycle,Base Insertion,260022,12.01,43.00,43.88,-0.88,After
TCGA-A7-A4SE-Control,76,Cycle,Base Deletion,260022,17.43,42.00,41.92,0.08,After
TCGA-A7-A4SE-Control,-76,Cycle,Base Substitution,246539,394.91,28.00,28.16,-0.16,After
TCGA-A7-A4SE-Control,-76,Cycle,Base Insertion,246421,14.81,43.00,43.88,-0.88,After
TCGA-A7-A4SE-Control,-76,Cycle,Base Deletion,246421,16.96,41.00,41.92,-0.92,After
TCGA-A7-A4SE-Control,77,Cycle,Base Substitution,259733,452.43,28.00,27.90,0.10,After
TCGA-A7-A4SE-Control,77,Cycle,Base Insertion,259607,8.86,44.00,43.88,0.12,After
TCGA-A7-A4SE-Control,77,Cycle,Base Deletion,259607,16.22,42.00,41.92,0.08,After
TCGA-A7-A4SE-Control,-77,Cycle,Base Substitution,246265,390.04,28.00,28.29,-0.29,After
TCGA-A7-A4SE-Control,-77,Cycle,Base Insertion,246130,7.25,44.00,43.88,0.12,After
TCGA-A7-A4SE-Control,-77,Cycle,Base Deletion,246130,19.53,41.00,41.92,-0.92,After
TCGA-A7-A4SE-Control,78,Cycle,Base Substitution,259360,407.30,28.00,28.30,-0.30,After
TCGA-A7-A4SE-Control,78,Cycle,Base Insertion,259230,6.60,44.00,43.89,0.11,After
TCGA-A7-A4SE-Control,78,Cycle,Base Deletion,259230,15.45,42.00,41.92,0.08,After
TCGA-A7-A4SE-Control,-78,Cycle,Base Substitution,245659,329.97,29.00,28.50,0.50,After
TCGA-A7-A4SE-Control,-78,Cycle,Base Insertion,245492,4.91,44.00,43.87,0.13,After
TCGA-A7-A4SE-Control,-78,Cycle,Base Deletion,245492,16.18,42.00,41.91,0.09,After
TCGA-A7-A4SE-Control,79,Cycle,Base Substitution,259064,350.66,29.00,28.51,0.49,After
TCGA-A7-A4SE-Control,79,Cycle,Base Insertion,258909,14.14,43.00,43.89,-0.89,After
TCGA-A7-A4SE-Control,79,Cycle,Base Deletion,258909,13.79,42.00,41.92,0.08,After
TCGA-A7-A4SE-Control,-79,Cycle,Base Substitution,245261,385.09,28.00,28.20,-0.20,After
TCGA-A7-A4SE-Control,-79,Cycle,Base Insertion,245052,3.74,44.00,43.87,0.13,After
TCGA-A7-A4SE-Control,-79,Cycle,Base Deletion,245052,16.19,42.00,41.91,0.09,After
TCGA-A7-A4SE-Control,80,Cycle,Base Substitution,258514,396.70,28.00,28.31,-0.31,After
TCGA-A7-A4SE-Control,80,Cycle,Base Insertion,258352,15.36,43.00,43.88,-0.88,After
TCGA-A7-A4SE-Control,80,Cycle,Base Deletion,258352,13.34,42.00,41.91,0.09,After
TCGA-A7-A4SE-Control,-80,Cycle,Base Substitution,244791,327.36,29.00,28.33,0.67,After
TCGA-A7-A4SE-Control,-80,Cycle,Base Insertion,244579,6.25,44.00,43.88,0.12,After
TCGA-A7-A4SE-Control,-80,Cycle,Base Deletion,244579,17.11,41.00,41.91,-0.91,After
TCGA-A7-A4SE-Control,81,Cycle,Base Substitution,258230,368.93,28.00,28.41,-0.41,After
TCGA-A7-A4SE-Control,81,Cycle,Base Insertion,258026,10.16,44.00,43.88,0.12,After
TCGA-A7-A4SE-Control,81,Cycle,Base Deletion,258026,13.67,42.00,41.91,0.09,After
TCGA-A7-A4SE-Control,-81,Cycle,Base Substitution,244373,352.72,28.00,28.48,-0.48,After
TCGA-A7-A4SE-Control,-81,Cycle,Base Insertion,244129,5.44,44.00,43.87,0.13,After
TCGA-A7-A4SE-Control,-81,Cycle,Base Deletion,244129,16.33,42.00,41.91,0.09,After
TCGA-A7-A4SE-Control,82,Cycle,Base Substitution,257544,368.62,28.00,28.28,-0.28,After
TCGA-A7-A4SE-Control,82,Cycle,Base Insertion,257295,4.12,44.00,43.88,0.12,After
TCGA-A7-A4SE-Control,82,Cycle,Base Deletion,257295,15.13,42.00,41.92,0.08,After
TCGA-A7-A4SE-Control,-82,Cycle,Base Substitution,243831,333.67,29.00,28.76,0.24,After
TCGA-A7-A4SE-Control,-82,Cycle,Base Insertion,243577,7.35,44.00,43.87,0.13,After
TCGA-A7-A4SE-Control,-82,Cycle,Base Deletion,243577,15.27,42.00,41.91,0.09,After
TCGA-A7-A4SE-Control,83,Cycle,Base Substitution,256972,513.58,27.00,27.48,-0.48,After
TCGA-A7-A4SE-Control,83,Cycle,Base Insertion,256708,4.44,44.00,43.89,0.11,After
TCGA-A7-A4SE-Control,83,Cycle,Base Deletion,256708,13.87,42.00,41.92,0.08,After
TCGA-A7-A4SE-Control,-83,Cycle,Base Substitution,243250,361.27,28.00,28.47,-0.47,After
TCGA-A7-A4SE-Control,-83,Cycle,Base Insertion,243001,5.90,44.00,43.88,0.12,After
TCGA-A7-A4SE-Control,-83,Cycle,Base Deletion,243001,16.39,42.00,41.92,0.08,After
TCGA-A7-A4SE-Control,84,Cycle,Base Substitution,256601,352.21,29.00,28.49,0.51,After
TCGA-A7-A4SE-Control,84,Cycle,Base Insertion,256314,4.95,44.00,43.88,0.12,After
TCGA-A7-A4SE-Control,84,Cycle,Base Deletion,256314,13.14,42.00,41.91,0.09,After
TCGA-A7-A4SE-Control,-84,Cycle,Base Substitution,242716,285.13,29.00,29.09,-0.09,After
TCGA-A7-A4SE-Control,-84,Cycle,Base Insertion,242433,8.87,44.00,43.87,0.13,After
TCGA-A7-A4SE-Control,-84,Cycle,Base Deletion,242433,18.59,41.00,41.91,-0.91,After
TCGA-A7-A4SE-Control,85,Cycle,Base Substitution,255970,442.81,28.00,27.83,0.17,After
TCGA-A7-A4SE-Control,85,Cycle,Base Insertion,255677,7.36,44.00,43.88,0.12,After
TCGA-A7-A4SE-Control,85,Cycle,Base Deletion,255677,12.75,42.00,41.91,0.09,After
TCGA-A7-A4SE-Control,-85,Cycle,Base Substitution,242077,305.50,29.00,28.75,0.25,After
TCGA-A7-A4SE-Control,-85,Cycle,Base Insertion,241785,6.25,44.00,43.87,0.13,After
TCGA-A7-A4SE-Control,-85,Cycle,Base Deletion,241785,15.71,42.00,41.91,0.09,After
TCGA-A7-A4SE-Control,86,Cycle,Base Substitution,255427,448.35,28.00,27.99,0.01,After
TCGA-A7-A4SE-Control,86,Cycle,Base Insertion,255127,9.76,44.00,43.88,0.12,After
TCGA-A7-A4SE-Control,86,Cycle,Base Deletion,255127,13.39,42.00,41.92,0.08,After
TCGA-A7-A4SE-Control,-86,Cycle,Base Substitution,241333,337.64,29.00,28.96,0.04,After
TCGA-A7-A4SE-Control,-86,Cycle,Base Insertion,241035,7.31,44.00,43.88,0.12,After
TCGA-A7-A4SE-Control,-86,Cycle,Base Deletion,241035,15.77,42.00,41.92,0.08,After
TCGA-A7-A4SE-Control,87,Cycle,Base Substitution,254629,572.70,27.00,27.19,-0.19,After
TCGA-A7-A4SE-Control,87,Cycle,Base Insertion,254300,5.83,44.00,43.88,0.12,After
TCGA-A7-A4SE-Control,87,Cycle,Base Deletion,254300,14.12,42.00,41.91,0.09,After
TCGA-A7-A4SE-Control,-87,Cycle,Base Substitution,240635,287.37,29.00,28.93,0.07,After
TCGA-A7-A4SE-Control,-87,Cycle,Base Insertion,240291,8.16,44.00,43.88,0.12,After
TCGA-A7-A4SE-Control,-87,Cycle,Base Deletion,240291,13.41,42.00,41.91,0.09,After
TCGA-A7-A4SE-Control,88,Cycle,Base Substitution,254134,358.54,28.00,28.33,-0.33,After
TCGA-A7-A4SE-Control,88,Cycle,Base Insertion,253745,7.38,44.00,43.88,0.12,After
TCGA-A7-A4SE-Control,88,Cycle,Base Deletion,253745,12.30,42.00,41.92,0.08,After
TCGA-A7-A4SE-Control,-88,Cycle,Base Substitution,239936,294.75,29.00,29.00,-0.00,After
TCGA-A7-A4SE-Control,-88,Cycle,Base Insertion,239546,6.93,44.00,43.87,0.13,After
TCGA-A7-A4SE-Control,-88,Cycle,Base Deletion,239546,12.16,42.00,41.91,0.09,After
TCGA-A7-A4SE-Control,89,Cycle,Base Substitution,253230,438.13,28.00,28.04,-0.04,After
TCGA-A7-A4SE-Control,89,Cycle,Base Insertion,252776,4.64,44.00,43.88,0.12,After
TCGA-A7-A4SE-Control,89,Cycle,Base Deletion,252776,12.13,42.00,41.92,0.08,After
TCGA-A7-A4SE-Control,-89,Cycle,Base Substitution,239132,340.06,28.00,28.70,-0.70,After
TCGA-A7-A4SE-Control,-89,Cycle,Base Insertion,238693,6.45,44.00,43.87,0.13,After
TCGA-A7-A4SE-Control,-89,Cycle,Base Deletion,238693,13.35,42.00,41.91,0.09,After
TCGA-A7-A4SE-Control,90,Cycle,Base Substitution,252310,423.25,28.00,28.32,-0.32,After
TCGA-A7-A4SE-Control,90,Cycle,Base Insertion,251805,3.01,44.00,43.88,0.12,After
TCGA-A7-A4SE-Control,90,Cycle,Base Deletion,251805,10.09,42.00,41.91,0.09,After
TCGA-A7-A4SE-Control,-90,Cycle,Base Substitution,238300,274.30,29.00,29.22,-0.22,After
TCGA-A7-A4SE-Control,-90,Cycle,Base Insertion,237799,5.52,44.00,43.87,0.13,After
TCGA-A7-A4SE-Control,-90,Cycle,Base Deletion,237799,10.55,42.00,41.91,0.09,After
TCGA-A7-A4SE-Control,91,Cycle,Base Substitution,251436,346.21,29.00,28.85,0.15,After
TCGA-A7-A4SE-Control,91,Cycle,Base Insertion,250865,5.14,44.00,43.88,0.12,After
TCGA-A7-A4SE-Control,91,Cycle,Base Deletion,250865,8.14,42.00,41.91,0.09,After
TCGA-A7-A4SE-Control,-91,Cycle,Base Substitution,237389,259.21,30.00,29.33,0.67,After
TCGA-A7-A4SE-Control,-91,Cycle,Base Insertion,236832,4.20,44.00,43.87,0.13,After
TCGA-A7-A4SE-Control,-91,Cycle,Base Deletion,236832,8.85,42.00,41.91,0.09,After
TCGA-A7-A4SE-Control,92,Cycle,Base Substitution,250142,372.79,28.00,28.51,-0.51,After
TCGA-A7-A4SE-Control,92,Cycle,Base Insertion,249488,4.10,44.00,43.88,0.12,After
TCGA-A7-A4SE-Control,92,Cycle,Base Deletion,249488,5.79,42.00,41.90,0.10,After
TCGA-A7-A4SE-Control,-92,Cycle,Base Substitution,236260,295.51,29.00,29.15,-0.15,After
TCGA-A7-A4SE-Control,-92,Cycle,Base Insertion,235610,3.81,44.00,43.88,0.12,After
TCGA-A7-A4SE-Control,-92,Cycle,Base Deletion,235610,8.57,42.00,41.91,0.09,After
TCGA-A7-A4SE-Control,93,Cycle,Base Substitution,248828,413.57,28.00,28.13,-0.13,After
TCGA-A7-A4SE-Control,93,Cycle,Base Insertion,248146,2.56,44.00,43.87,0.13,After
TCGA-A7-A4SE-Control,93,Cycle,Base Deletion,248146,6.36,42.00,41.91,0.09,After
TCGA-A7-A4SE-Control,-93,Cycle,Base Substitution,235083,238.99,30.00,29.38,0.62,After
TCGA-A7-A4SE-Control,-93,Cycle,Base Insertion,234389,2.21,44.00,43.87,0.13,After
TCGA-A7-A4SE-Control,-93,Cycle,Base Deletion,234389,8.87,42.00,41.92,0.08,After
TCGA-A7-A4SE-Control,94,Cycle,Base Substitution,247408,406.69,28.00,28.44,-0.44,After
TCGA-A7-A4SE-Control,94,Cycle,Base Insertion,246601,4.75,44.00,43.88,0.12,After
TCGA-A7-A4SE-Control,94,Cycle,Base Deletion,246601,8.18,42.00,41.90,0.10,After
TCGA-A7-A4SE-Control,-94,Cycle,Base Substitution,233700,230.93,30.00,29.66,0.34,After
TCGA-A7-A4SE-Control,-94,Cycle,Base Insertion,232907,1.79,44.00,43.88,0.12,After
TCGA-A7-A4SE-Control,-94,Cycle,Base Deletion,232907,6.22,42.00,41.91,0.09,After
TCGA-A7-A4SE-Control,95,Cycle,Base Substitution,245600,324.27,29.00,28.98,0.02,After
TCGA-A7-A4SE-Control,95,Cycle,Base Insertion,244734,2.55,44.00,43.88,0.12,After
TCGA-A7-A4SE-Control,95,Cycle,Base Deletion,244734,8.26,42.00,41.91,0.09,After
TCGA-A7-A4SE-Control,-95,Cycle,Base Substitution,232176,235.81,30.00,29.88,0.12,After
TCGA-A7-A4SE-Control,-95,Cycle,Base Insertion,231328,0.83,44.00,43.87,0.13,After
TCGA-A7-A4SE-Control,-95,Cycle,Base Deletion,231328,6.37,42.00,41.91,0.09,After
TCGA-A7-A4SE-Control,96,Cycle,Base Substitution,243702,382.23,28.00,28.69,-0.69,After
TCGA-A7-A4SE-Control,96,Cycle,Base Insertion,242857,4.97,44.00,43.88,0.12,After
TCGA-A7-A4SE-Control,96,Cycle,Base Deletion,242857,5.68,42.00,41.91,0.09,After
TCGA-A7-A4SE-Control,-96,Cycle,Base Substitution,230366,240.41,30.00,30.06,-0.06,After
TCGA-A7-A4SE-Control,-96,Cycle,Base Insertion,229540,4.60,44.00,43.87,0.13,After
TCGA-A7-A4SE-Control,-96,Cycle,Base Deletion,229540,5.19,42.00,41.91,0.09,After
TCGA-A7-A4SE-Control,97,Cycle,Base Substitution,241536,266.70,30.00,29.34,0.66,After
TCGA-A7-A4SE-Control,-97,Cycle,Base Substitution,228328,222.86,30.00,29.75,0.25,After
TCGA-A7-A4SE-Control,98,Cycle,Base Substitution,239249,253.33,30.00,28.81,1.19,After
TCGA-A7-A4SE-Control,-98,Cycle,Base Substitution,226162,272.21,29.00,28.79,0.21,After
TCGA-A7-A4SE-Control,99,Cycle,Base Substitution,236850,178.12,31.00,30.60,0.40,After
TCGA-A7-A4SE-Control,-99,Cycle,Base Substitution,224041,143.63,32.00,30.87,1.13,After
TCGA-A7-A4SE-Control,100,Cycle,Base Substitution,235276,144.85,32.00,30.87,1.13,After
TCGA-A7-A4SE-Control,-100,Cycle,Base Substitution,222562,132.35,32.00,31.14,0.86,After
TCGA-A7-A4SE-Control,6,QualityScore,Base Substitution,9033,2273.18,6.00,6.00,0.00,After
TCGA-A7-A4SE-Control,7,QualityScore,Base Substitution,21602,4084.46,7.00,7.00,0.00,After
TCGA-A7-A4SE-Control,8,QualityScore,Base Substitution,44866,6873.99,8.00,8.00,0.00,After
TCGA-A7-A4SE-Control,9,QualityScore,Base Substitution,77058,9747.09,9.00,9.00,0.00,After
TCGA-A7-A4SE-Control,10,QualityScore,Base Substitution,71997,7158.01,10.00,10.00,0.00,After
TCGA-A7-A4SE-Control,11,QualityScore,Base Substitution,65585,5206.82,11.00,11.00,0.00,After
TCGA-A7-A4SE-Control,12,QualityScore,Base Substitution,68595,4269.40,12.00,12.00,0.00,After
TCGA-A7-A4SE-Control,13,QualityScore,Base Substitution,36380,1745.74,13.00,13.00,0.00,After
TCGA-A7-A4SE-Control,14,QualityScore,Base Substitution,36658,1563.59,14.00,14.00,0.00,After
TCGA-A7-A4SE-Control,15,QualityScore,Base Substitution,38083,1286.54,15.00,15.00,0.00,After
TCGA-A7-A4SE-Control,16,QualityScore,Base Substitution,58238,1517.38,16.00,16.00,0.00,After
TCGA-A7-A4SE-Control,17,QualityScore,Base Substitution,78348,1604.07,17.00,17.00,0.00,After
TCGA-A7-A4SE-Control,18,QualityScore,Base Substitution,84426,1405.66,18.00,18.00,0.00,After
TCGA-A7-A4SE-Control,19,QualityScore,Base Substitution,88937,1203.02,19.00,19.00,0.00,After
TCGA-A7-A4SE-Control,20,QualityScore,Base Substitution,125282,1334.25,20.00,20.00,0.00,After
TCGA-A7-A4SE-Control,21,QualityScore,Base Substitution,179798,1480.27,21.00,21.00,0.00,After
TCGA-A7-A4SE-Control,22,QualityScore,Base Substitution,249522,1646.38,22.00,22.00,0.00,After
TCGA-A7-A4SE-Control,23,QualityScore,Base Substitution,228655,1138.47,23.00,23.00,0.00,After
TCGA-A7-A4SE-Control,24,QualityScore,Base Substitution,181454,798.47,24.00,24.00,0.00,After
TCGA-A7-A4SE-Control,25,QualityScore,Base Substitution,442377,1446.63,25.00,25.00,0.00,After
TCGA-A7-A4SE-Control,26,QualityScore,Base Substitution,638940,1599.13,26.00,26.00,0.00,After
TCGA-A7-A4SE-Control,27,QualityScore,Base Substitution,787125,1591.11,27.00,27.00,0.00,After
TCGA-A7-A4SE-Control,28,QualityScore,Base Substitution,1518993,2367.91,28.00,28.00,0.00,After
TCGA-A7-A4SE-Control,29,QualityScore,Base Substitution,1991574,2383.83,29.00,29.00,0.00,After
TCGA-A7-A4SE-Control,30,QualityScore,Base Substitution,3733104,3676.73,30.00,30.00,0.00,After
TCGA-A7-A4SE-Control,31,QualityScore,Base Substitution,4936040,3948.51,31.00,31.00,0.00,After
TCGA-A7-A4SE-Control,32,QualityScore,Base Substitution,6880059,4247.17,32.00,32.00,0.00,After
TCGA-A7-A4SE-Control,33,QualityScore,Base Substitution,5383780,2901.85,33.00,33.00,0.00,After
TCGA-A7-A4SE-Control,34,QualityScore,Base Substitution,6921400,2811.04,34.00,34.00,0.00,After
TCGA-A7-A4SE-Control,35,QualityScore,Base Substitution,7805742,2417.43,35.00,35.00,0.00,After
TCGA-A7-A4SE-Control,36,QualityScore,Base Substitution,8059565,1845.09,36.00,36.00,0.00,After
TCGA-A7-A4SE-Control,36,QualityScore,Base Deletion,1272515,443.10,35.00,36.00,-1.00,After
TCGA-A7-A4SE-Control,37,QualityScore,Base Substitution,790550,138.75,37.00,37.00,0.00,After
TCGA-A7-A4SE-Control,37,QualityScore,Base Deletion,1270459,368.79,36.00,37.00,-1.00,After
TCGA-A7-A4SE-Control,39,QualityScore,Base Insertion,1272515,253.77,37.00,39.00,-2.00,After
TCGA-A7-A4SE-Control,40,QualityScore,Base Deletion,483554,92.11,39.00,40.00,-1.00,After
TCGA-A7-A4SE-Control,41,QualityScore,Base Deletion,2238062,228.14,40.00,41.00,-1.00,After
TCGA-A7-A4SE-Control,42,QualityScore,Base Insertion,2386771,209.55,41.00,42.00,-1.00,After
TCGA-A7-A4SE-Control,42,QualityScore,Base Deletion,19517353,1140.54,42.00,42.00,0.00,After
TCGA-A7-A4SE-Control,43,QualityScore,Base Insertion,6621068,428.80,42.00,43.00,-1.00,After
TCGA-A7-A4SE-Control,43,QualityScore,Base Deletion,23054132,682.33,45.00,43.00,2.00,After
TCGA-A7-A4SE-Control,44,QualityScore,Base Insertion,20539668,676.48,45.00,44.00,1.00,After
TCGA-A7-A4SE-Control,44,QualityScore,Base Deletion,3797691,75.94,46.00,44.00,2.00,After
TCGA-A7-A4SE-Control,45,QualityScore,Base Insertion,20813744,301.77,48.00,45.00,3.00,After
