# This file was produced by samtools stats (1.23.1+htslib-1.23.1) and can be plotted using plot-bamstats
# This file contains statistics for all reads.
# The command line was:  stats Tumor.sorted.bam
# CHK, Checksum	[2]Read Names	[3]Sequences	[4]Qualities
# CHK, CRC32 of reads which passed filtering followed by addition (32bit overflow)
CHK	57df2595	8b69d40f	46093f8d
# Summary Numbers. Use `grep ^SN | cut -f 2-` to extract this part.
SN	raw total sequences:	15029250	# excluding supplementary and secondary reads
SN	filtered sequences:	0
SN	sequences:	15029250
SN	is sorted:	1	# sorted by coordinate
SN	1st fragments:	7514625
SN	last fragments:	7514625
SN	reads mapped:	15023437
SN	reads mapped and paired:	15019614	# paired-end technology bit set + both mates mapped
SN	reads unmapped:	5813
SN	reads properly paired:	14979936	# proper-pair bit set
SN	reads paired:	15029250	# paired-end technology bit set
SN	reads duplicated:	0	# PCR or optical duplicate bit set
SN	reads MQ0:	2650986	# mapped and MQ=0
SN	reads QC failed:	0
SN	non-primary alignments:	10253
SN	supplementary alignments:	0
SN	total length:	1502925000	# ignores clipping
SN	total first fragment length:	751462500	# ignores clipping
SN	total last fragment length:	751462500	# ignores clipping
SN	bases mapped:	1502343700	# ignores clipping
SN	bases mapped (cigar):	1495782963	# more accurate
SN	bases trimmed:	0
SN	bases duplicated:	0
SN	mismatches:	5785380	# from NM fields
SN	error rate:	3.867794e-03	# mismatches / bases mapped (cigar)
SN	average length:	100
SN	average first fragment length:	100
SN	average last fragment length:	100
SN	maximum length:	100
SN	maximum first fragment length:	100
SN	maximum last fragment length:	100
SN	average quality:	31.4
SN	insert size average:	214.7
SN	insert size standard deviation:	76.0
SN	inward oriented pairs:	7460143
SN	outward oriented pairs:	40043
SN	pairs with other orientation:	2586
SN	pairs on different chromosomes:	7035
SN	percentage of properly paired reads (%):	99.7
# First Fragment Qualities. Use `grep ^FFQ | cut -f 2-` to extract this part.
# Columns correspond to qualities and rows to cycles. First column is the cycle number.
FFQ	1	0	0	29606	0	0	0	0	7943	7677	0	0	0	13853	14485	0	0	0	0	0	354	67	0	0	0	16686	34342	17514	42333	85369	160346	774271	2772756	3537023	0	0	0	0	0	0	0
FFQ	2	0	197	220	488	0	122	270	1411	0	520	1293	1834	335	1415	2321	750	458	678	1341	15706	6773	5483	23086	17388	36092	177246	119823	97606	417724	382416	701902	1065200	1819654	1821374	793499	0	0	0	0	0
FFQ	3	0	0	115	0	122	0	1250	0	0	941	1495	0	830	1379	1476	172	3716	469	1	340	2458	7810	83844	53080	36228	143924	374600	831663	1255187	2171260	1900936	641329	0	0	0	0	0	0	0	0
FFQ	4	0	0	116	122	0	1159	0	0	948	1320	0	661	1284	1359	2152	692	506	0	811	335	4458	8580	7312	5619	12775	41257	152995	90823	225337	429745	610784	1274171	1501284	2321669	816351	0	0	0	0	0
FFQ	5	0	0	396	0	1730	0	0	1318	2270	0	1152	2032	2097	2481	1031	828	0	711	0	5866	8473	5371	10379	4360	7584	27889	26678	179391	60352	178618	379705	757943	1253541	1304485	2283929	1004015	0	0	0	0
FFQ	6	0	0	1192	159	73	1028	285	277	1266	1811	150	1156	2650	2867	320	2863	577	930	2462	6459	6949	4908	6790	6083	11457	24852	27035	195482	52430	184219	336030	757270	1280574	1298351	2288391	1007279	0	0	0	0
FFQ	7	0	14	855	163	94	1029	278	296	1306	1876	164	1251	2655	2858	503	2094	1130	998	2006	6171	7627	6176	7059	5848	17129	29783	21834	96971	179528	155259	351756	507389	451333	1292106	1485755	2124241	749090	0	0	0
FFQ	8	0	1614	437	131	1325	1593	752	2191	2485	1833	1758	1546	3516	822	4308	2165	8257	6088	5377	5876	7611	8986	10805	23038	28569	34361	36529	201658	82535	185077	333145	696439	1311763	1256335	2281676	964024	0	0	0	0
FFQ	9	0	0	841	152	73	1032	323	333	1495	1924	480	1080	2906	2905	413	2390	1155	998	2413	5792	7997	7064	6241	6896	12313	20732	52514	61366	160523	106249	243213	565092	671347	1411373	1991866	1426696	736438	0	0	0
FFQ	10	0	0	886	150	100	1104	329	300	1270	1999	547	1094	2582	2858	655	2799	758	992	2568	7194	6424	5651	8781	3683	16320	20953	49037	173973	69734	106167	244811	754284	1272058	2229418	1698385	826761	0	0	0	0
FFQ	11	0	421	578	878	1	962	1003	1106	1122	2081	1684	2455	1973	1810	1620	1843	1052	4207	6483	9090	9766	5120	8285	8781	15680	22837	67386	181751	77703	152438	273295	723268	1241321	2267511	1637270	781844	0	0	0	0
FFQ	12	0	0	1036	157	126	1202	333	538	1434	2212	482	1398	3745	2362	1608	1361	1812	1565	4863	6039	8375	10678	5870	16617	15340	18930	76432	174271	83260	168353	268669	710306	1272937	2234892	1638815	778607	0	0	0	0
FFQ	13	0	846	485	835	799	416	1326	1848	1487	1629	2388	3470	1716	1482	2253	1556	2638	4350	8464	12261	8774	7426	11639	9841	18442	29711	73218	168384	93669	122019	312086	717186	1259312	2257084	1609524	766061	0	0	0	0
FFQ	14	0	0	1115	140	146	624	978	369	883	1819	1458	1108	1756	4095	1511	1195	2013	1330	1140	5459	10533	4859	6965	7638	25796	17444	79198	129619	66973	119033	185088	521594	1480715	2449938	1184799	1197294	0	0	0	0
FFQ	15	0	0	1180	195	128	1284	416	397	1632	2492	266	1555	3228	3351	610	1727	1905	872	1869	5520	10333	6829	5581	8611	25907	48693	135762	43259	83484	132884	273665	1396658	2501863	1366007	1411782	34680	0	0	0	0
FFQ	16	0	0	1439	176	145	1243	389	413	1704	2264	521	1493	2635	4083	637	1413	2216	726	1187	5142	10205	6842	6292	9142	25635	46299	119942	60406	80036	130849	260976	1219564	2493253	1379835	1460541	176982	0	0	0	0
FFQ	17	0	474	995	953	39	1060	1138	1416	1071	2083	2489	1996	2214	2898	1900	1152	1474	2441	6047	9016	11789	8026	11327	10890	23317	55105	134210	68068	82469	114794	297469	1282801	2465642	1397480	1385119	125263	0	0	0	0
FFQ	18	0	0	1189	662	15	1484	247	459	1876	2444	651	1811	2502	4350	830	1909	2340	939	989	5412	12210	7024	7162	8720	23132	51855	122526	60219	70775	134882	245479	1317504	2432003	1428593	1429313	133119	0	0	0	0
FFQ	19	0	0	1825	190	149	1271	535	561	1564	2694	672	1677	2400	4313	793	1553	1398	771	3504	3673	7872	8628	10047	14508	24553	32759	130668	51511	74194	128077	248144	994456	2587164	1427600	1527774	217127	0	0	0	0
FFQ	20	0	0	2306	214	204	1337	589	608	1616	2791	802	1662	2594	4515	1118	1474	1506	628	3696	4050	8584	8557	15768	14465	26694	48279	132113	46442	97449	133401	319001	1346763	2438080	1429827	1338170	79322	0	0	0	0
FFQ	21	0	0	2672	227	813	797	650	1571	1963	2112	1553	2367	3534	3123	1291	1427	2490	853	3875	8029	8848	11619	12708	17810	23908	37813	145140	52913	110022	130976	320593	1064417	2546957	1432537	1422433	136584	0	0	0	0
FFQ	22	0	61	3153	233	227	1553	711	896	1553	3074	1074	1586	2639	3679	2480	1309	2098	843	4380	3830	6958	9992	18201	11807	29935	24509	156022	52489	81290	127059	222232	832113	2689484	1437467	1574596	205092	0	0	0	0
FFQ	23	0	46	4736	245	1505	355	918	2317	2509	1644	3087	3573	3926	894	2110	3025	1776	1885	5559	10192	14698	11321	10254	18554	25595	57591	129804	62195	97070	113048	320183	1297635	2380561	1444810	1328751	152253	0	0	0	0
FFQ	24	0	77	3894	1003	54	1584	486	1065	1981	2814	1046	2399	3149	3276	2911	1435	2138	1917	2831	3466	9354	13787	11360	16659	29475	52504	121404	48260	80154	136640	292880	1292086	2380706	1463767	1375661	152402	0	0	0	0
FFQ	25	0	167	6143	915	306	785	1618	2419	1527	2939	2623	3495	2590	3724	2667	1476	2598	5441	8541	9010	9207	12917	9182	17944	28670	56957	122352	63919	96635	132700	306074	1289746	2352982	1479332	1337142	139882	0	0	0	0
FFQ	26	0	163	8060	401	2038	458	1407	3546	3521	2133	4109	4764	4840	2595	4123	2292	1378	2720	3893	4717	13228	13403	11021	21653	28167	54049	117010	59122	86752	130858	322707	1257273	2388865	1410253	1348250	194856	0	0	0	0
FFQ	27	0	258	9488	1225	1429	395	2573	4601	2428	4056	5286	5164	4100	3279	4037	2629	1304	2364	7773	10979	13574	14609	14401	21190	30347	46360	149209	57313	100657	146185	244387	1025251	2476514	1440633	1449059	211568	0	0	0	0
FFQ	28	0	245	10804	1138	1612	381	2507	4679	3057	4802	5265	5525	5923	2010	5537	2059	2401	2989	17294	18695	12293	15479	12231	26927	28925	63539	132608	80101	116653	151420	335968	1265056	2359067	1401051	1263163	153221	0	0	0	0
FFQ	29	0	263	12371	551	671	1794	1967	2765	1769	5391	4247	3341	4628	5111	2353	4205	4526	1085	4646	5446	13425	14543	11773	19672	29209	42582	133711	61801	70688	165406	262231	1010707	2489975	1436259	1443580	241933	0	0	0	0
FFQ	30	0	275	13723	590	765	1449	2262	3039	1601	4948	4419	3786	4560	3610	3538	3541	5174	1229	5161	4897	13062	15835	8449	19839	25458	29308	147091	67642	54824	135576	235225	719683	2633887	1442645	1579909	317625	0	0	0	0
FFQ	31	0	324	15312	600	772	1534	2122	3216	1506	5821	5437	3531	3014	6068	2881	2844	5912	1240	4456	5083	12567	15792	12455	16383	26835	29868	149766	71861	58993	143171	216526	735489	2622060	1438581	1574186	318419	0	0	0	0
FFQ	32	0	387	17165	608	869	1511	2210	3478	1493	5803	5796	3729	3882	5217	2931	2704	6035	1321	4988	5737	13420	14812	10196	20221	29324	25467	154041	76407	71961	155922	234283	730461	2603155	1423892	1549189	326010	0	0	0	0
FFQ	33	0	439	18881	622	1938	575	2302	4020	4412	6365	5435	5339	5594	2291	5159	4510	726	3019	7932	17573	15887	15601	16091	26082	33696	44757	142121	77786	86289	164507	267071	1026064	2429001	1402444	1406916	263180	0	0	0	0
FFQ	34	0	471	20390	675	1024	1488	2235	3913	1350	6302	7029	4015	2282	7043	3286	2063	7012	1733	4762	5830	13659	16698	12250	16728	30987	33015	150817	73454	58749	159889	254958	785810	2565847	1454075	1507986	296800	0	0	0	0
FFQ	35	0	582	20928	2235	814	1829	1200	3620	2419	5505	7028	4894	2695	6998	3275	2327	6592	1744	3405	6979	15319	14596	14870	18033	31573	33595	137717	94407	62291	139848	274874	692523	2593700	1407685	1533638	364887	0	0	0	0
FFQ	36	0	637	24805	718	1225	1529	2369	4113	1417	6094	7808	5040	2145	6783	4335	2039	6385	2209	6698	7877	17174	16296	19404	16768	35890	34855	142781	85428	77268	149703	259365	743370	2539207	1432126	1514438	336326	0	0	0	0
FFQ	37	0	760	25089	2347	989	1985	1167	3925	2586	5663	7455	5044	2725	7314	3317	2588	7042	2500	3486	9164	13675	16689	14643	18894	32949	35135	134224	89657	58142	139789	300431	745626	2543883	1445338	1494891	335513	0	0	0	0
FFQ	38	0	817	25436	3519	1437	2095	118	3638	4272	4666	7292	6298	3451	7919	2908	3230	6626	2911	1495	11726	13697	15808	13543	21020	30761	41067	122751	89414	54534	142352	280733	710210	2538669	1432508	1533487	374217	0	0	0	0
FFQ	39	0	679	28113	2870	1064	1882	115	3063	3747	3944	5810	5398	3256	5068	4041	2662	5155	2530	2309	7323	12227	15461	13100	16554	24971	34751	135093	86328	59223	134552	251648	663402	2601434	1428473	1510849	409521	28009	0	0	0
FFQ	40	0	799	29979	2729	1435	1783	127	3407	3634	4012	6207	5426	3204	5232	3890	2547	4759	3484	2374	7989	10384	18347	15139	16036	25059	40500	134637	91949	55422	129768	256031	675523	2540241	1441658	1615967	354947	0	0	0	0
FFQ	41	0	937	32699	2852	1956	1535	132	3546	5219	4615	5907	5116	6436	4000	3402	4543	2781	3030	4324	13922	13982	16876	15043	25477	31727	33416	119591	111122	72460	147953	254925	600375	2149149	1727568	1398690	689319	0	0	0	0
FFQ	42	0	1039	34932	2746	1994	1572	131	3667	5447	5571	5210	5517	5592	4562	3474	3810	4422	2336	3900	11156	18024	18803	12048	23783	30348	31319	98506	136543	83125	162968	278421	520879	1566873	2186734	1152009	1058496	28668	0	0	0
FFQ	43	0	1143	37880	2745	1836	2051	148	3827	4297	4526	6561	5335	4540	5461	3623	3752	4014	3841	3213	7217	9499	17301	18852	16700	30959	37014	89604	127774	82487	128079	269602	523178	1590825	2164455	1181060	1063619	57607	0	0	0
FFQ	44	0	1241	41224	2681	1878	2084	173	3930	4342	4605	6560	5657	4517	5547	3507	4287	3610	3936	3873	7160	10433	20328	19791	14375	32224	30407	109734	127028	63769	155641	308350	656122	1909025	1834097	1415813	696676	0	0	0	0
FFQ	45	0	1659	43737	3272	2231	1767	520	3793	5876	6086	5108	6265	5387	5652	3805	3171	3237	3954	2187	13118	10096	20340	19313	18280	34919	33696	81487	144835	80216	144399	271587	506370	1607765	2085744	1253213	1050989	30551	0	0	0
FFQ	46	0	1573	46897	876	3813	2319	346	2708	3919	6956	4992	5541	5173	7782	4373	2348	4691	4347	2982	6610	15927	17983	21532	17177	34179	35451	96768	114558	103422	124599	266661	642158	1971221	1733007	1374364	765067	62305	0	0	0
FFQ	47	0	1630	49972	1760	3536	1791	346	3772	5650	6693	5118	5966	6191	7182	2879	3465	3069	4417	2684	12220	12409	17268	23181	17916	37156	35779	64017	145061	100390	124076	226130	491245	1521448	2086988	1317883	1072929	92408	0	0	0
FFQ	48	0	1692	53397	1017	4461	1855	350	3200	6349	8209	3216	5187	8269	6381	3796	2365	4926	3118	4154	10396	15637	20815	18487	19993	29611	42614	77144	131065	98230	129801	242360	511339	1617200	2028307	1272597	1061548	65539	0	0	0
FFQ	49	0	1830	56668	1038	4091	2141	316	3425	5421	7591	4391	5332	7174	7513	3720	2725	3993	4833	3376	10339	15366	18535	19342	20328	35617	38827	77205	126638	106630	136896	273648	571769	1589516	2041548	1218539	1021984	66320	0	0	0
FFQ	50	0	1812	60280	1061	2967	3038	434	3349	3612	6379	6080	4233	5553	8528	4736	2619	3843	5252	4394	6528	15212	18385	23374	14118	36743	29665	77640	126453	104972	126915	240602	524533	1593466	2044047	1283682	1050961	69159	0	0	0
FFQ	51	0	1849	64036	1055	2286	3749	333	3779	3018	6208	6582	4304	4106	9078	5481	2671	3299	5490	4299	7381	13317	19325	20109	18881	37715	26289	69857	134044	106462	133254	240050	509555	1502091	2052370	1322651	1097637	72014	0	0	0
FFQ	52	0	1500	67064	562	985	4888	487	339	2619	4898	7546	3016	4794	7063	5390	2877	3029	5315	3915	3229	11405	19413	16375	16195	33987	25215	86549	125056	100719	139473	220084	627802	1814883	1751974	1487877	809358	98744	0	0	0
FFQ	53	0	1495	70533	553	1006	4895	516	317	2649	4632	7710	2757	4839	6912	5343	2721	2924	5420	3717	3370	11557	19048	17293	17261	31215	24730	75180	131702	109746	123050	237701	510112	1596372	1982016	1305695	1105789	83849	0	0	0
FFQ	54	0	1542	74549	443	3094	2178	897	2114	4110	5127	4532	5576	3859	6096	3857	3892	4117	3638	5827	7226	17216	14925	18792	22811	33226	35900	75785	135731	119648	137670	223464	557957	1561950	1909812	1291664	1125834	89566	0	0	0
FFQ	55	0	1591	78978	1286	864	3717	906	1615	3952	5346	5307	3103	4682	6476	5197	3844	1884	6169	4794	7556	10081	18148	19798	18533	31301	29830	68915	133621	104438	129546	263941	539477	1541161	1998361	1249331	1115836	95040	0	0	0
FFQ	56	0	1644	84785	290	1561	4067	932	558	2950	4877	6270	2898	4144	6715	5619	4216	2384	5498	5021	4817	9819	19258	16766	18297	31949	31971	55645	136386	109828	148797	264628	557810	1547449	1895699	1295715	1123483	101879	0	0	0
FFQ	57	0	1571	89467	271	1425	3630	1343	623	2620	3530	6322	4397	2212	6164	6478	5005	2525	5367	5294	4562	10704	16731	20364	19672	31852	32315	63600	133109	127462	123429	234057	568017	1534420	1924542	1299555	1114705	107285	0	0	0
FFQ	58	0	1563	92694	595	1183	4002	1475	290	3397	3966	5535	4465	2552	6475	6446	5164	2146	3501	6645	5368	8468	12071	20370	22476	29805	29802	60064	117322	122130	128762	247933	593952	1535396	1892451	1313631	1109095	113435	0	0	0
FFQ	59	0	1635	98320	262	1544	3949	1423	598	2668	3583	6101	4776	2511	5594	7086	5310	2560	4396	6950	3727	10637	13890	23817	19276	28592	27117	64697	126565	125186	112020	261035	489222	1540844	1828563	1343606	1214001	122564	0	0	0
FFQ	60	0	1602	103044	330	1621	4660	971	566	3367	4753	6723	2859	5789	5170	7663	3599	1587	4614	7082	5072	10945	13184	23218	23679	25310	40168	61705	120770	120841	136361	267485	480791	1496722	1840124	1300523	1086559	230336	64832	0	0
FFQ	61	0	1667	106856	274	1438	4322	1401	611	2792	3528	6391	4208	3044	5440	7116	5271	1257	5794	6261	5174	9501	15027	23501	17818	31727	33863	52815	132743	136406	129510	276662	527842	1505962	1795594	1324493	1191362	136954	0	0	0
FFQ	62	0	1574	111865	0	1861	4240	1316	959	2408	3710	6076	4343	3572	5297	7615	4851	1273	4430	8022	4051	10901	9911	25362	21298	26151	34883	59540	118789	115729	124933	262229	480835	1475794	1777214	1368163	1094198	258101	73131	0	0
FFQ	63	0	1582	117633	0	1790	4377	1253	907	2557	3658	5891	4526	3301	4946	7572	5161	1777	4109	8827	4219	9343	12144	24881	24198	26596	41920	50015	113197	148948	124648	251911	527829	1462490	1782089	1287841	1286815	155674	0	0	0
FFQ	64	0	1539	122001	0	1768	4561	1281	908	2729	3810	6024	4164	3703	4861	8334	4403	870	5064	7264	5210	9990	10402	26044	22028	27589	36855	59353	88954	109392	155071	237421	472603	1335315	1754828	1188169	1121514	505340	165263	0	0
FFQ	65	0	1537	127149	0	1922	4862	1345	1009	2677	3840	6287	4494	3465	4943	8548	4812	1070	5471	8029	4239	11937	9273	26839	26599	23364	38832	59869	92745	109049	170378	232719	472300	1365814	1703037	1254165	1051080	494259	176667	0	0
FFQ	66	0	1568	132970	0	1939	5589	863	884	2748	4885	7440	2425	5259	5644	7789	4022	2728	8172	5647	6727	16917	19074	24050	22989	23655	36477	61001	96342	116497	171177	278950	450170	1255363	1677428	1276320	1032352	563203	185361	0	0
FFQ	67	0	1573	139340	0	1994	5346	1350	913	2831	4099	6550	5002	3018	5639	7550	5366	1297	6140	7269	4128	14254	10389	26518	24996	28117	32563	60706	75304	142872	170463	230050	346561	1122232	1575849	1225989	1316142	707267	194948	0	0
FFQ	68	0	1528	145066	0	1965	5699	1362	874	2889	4176	6596	5505	2707	5611	7809	5445	1120	8458	6177	5127	12782	15274	27942	18924	28805	29061	60142	92606	123471	166712	250781	436196	1184589	1572478	1257538	1141499	670903	206808	0	0
FFQ	69	0	1526	151289	0	2010	5724	1170	923	2884	4314	6989	4707	2849	5167	7928	5408	1275	8088	5826	4277	13541	14313	25540	21301	30288	28958	53554	92364	102142	192447	209343	420380	1161674	1631949	1277849	1162041	636387	218200	0	0
FFQ	70	0	1431	157425	0	1870	6047	1206	896	3002	4827	6288	5149	2783	5215	8375	4901	1394	7896	6115	4525	14048	14770	21841	24100	24206	32425	50587	81141	118844	197777	175726	376295	1079594	1591801	1275324	1248254	729669	228878	0	0
FFQ	71	0	1315	164492	0	1808	6048	1148	847	3031	4383	6972	4595	3010	4918	7628	5365	1293	6468	6934	4318	12727	13836	20269	25999	26125	32709	59052	56735	133851	189233	209975	397492	1127721	1537329	1209480	1239712	743704	244103	0	0
FFQ	72	0	1250	171269	0	529	7382	1208	795	1510	3770	6699	6328	2367	5067	6699	6197	1853	7281	5960	4990	11458	17099	20594	24781	20818	38647	60698	49029	138723	207885	197054	447581	995374	1498998	1182978	1209059	897334	255361	0	0
FFQ	73	0	1266	178600	0	1860	7124	649	838	2998	5540	8444	2799	4135	5307	7492	4219	4462	7879	6522	6601	17692	19149	23726	25036	21523	30782	62860	81882	142685	188365	214882	436460	886287	1442250	1266098	1145179	987110	265924	0	0
FFQ	74	0	1177	186694	0	499	6296	2673	800	123	3140	6724	8474	1739	5405	5909	7677	2231	4181	9336	4395	8780	17947	20412	28838	22920	31256	63912	48537	144080	203631	202637	445703	879578	1455810	1166905	1218845	1016138	281223	0	0
FFQ	75	0	1180	194714	0	458	8439	1112	762	1829	4534	7300	6103	2685	5021	6581	6371	1821	5469	8209	4957	10964	17703	18324	26750	23677	32345	61914	56795	137290	194360	180028	432405	883842	1458558	1168905	1218995	1032007	292218	0	0
FFQ	76	0	1111	202718	219	1610	5566	1950	884	1725	4980	6165	4110	4437	5333	5301	6713	4546	5763	8702	8718	13168	23665	14558	24641	28307	39332	74801	84792	125538	205071	226119	537499	1129177	1439636	1256702	1086491	724772	199805	0	0
FFQ	77	0	969	207360	362	0	6945	2193	786	535	3787	5446	6916	2275	4132	5238	6818	4083	3064	9638	5134	7165	19998	16917	22332	29930	32951	45828	87105	117885	195337	174357	441109	932949	1409388	1259801	1176863	991261	277768	0	0
FFQ	78	0	969	214332	0	368	6989	2534	642	151	3427	6078	7142	1722	4657	5103	7298	2237	1842	11059	4169	7649	16123	18103	30316	22913	37103	48556	65221	126243	200866	162074	473447	939481	1359178	1230953	1112502	1067921	315257	0	0
FFQ	79	0	966	221769	0	346	6991	2498	592	134	3353	6161	7248	1674	4461	4963	6374	2986	5825	7436	5169	8402	21018	17116	17786	25873	33152	48608	67694	113896	196786	222362	498450	859482	1344913	1170880	1099410	1140110	339741	0	0
FFQ	80	0	870	229649	0	319	7157	2366	600	147	3715	6138	6842	1651	4466	4872	7187	2403	4154	9119	4437	7711	18021	19188	25045	21057	30835	54770	64617	109340	209231	208811	513554	911848	1324496	1105063	1117591	1114745	362610	0	0
FFQ	81	0	798	239002	0	284	7270	2381	531	142	3946	6147	6854	1742	4477	4613	7252	2503	5857	7871	5979	8187	22030	19191	25787	25570	29269	61854	79883	116108	217108	223738	500728	834832	1211180	1117603	1034603	1220489	458816	0	0
FFQ	82	0	753	247748	125	148	7723	2113	552	454	3471	6258	6484	2385	3445	4643	7303	2486	6131	7905	4928	8464	22421	17165	23569	23502	29564	64343	56816	110060	236825	224818	531866	801315	1273648	1085679	1084244	1179567	425704	0	0
FFQ	83	0	669	257573	0	268	7646	2026	686	288	3551	6312	6552	2324	3628	4318	7500	2675	6066	7375	4544	10076	21172	17531	25587	19196	34569	46613	74598	83056	235502	200330	490320	796742	1285567	1180270	928576	1302324	438595	0	0
FFQ	84	0	671	268277	0	223	7783	1718	894	577	3596	5985	6170	2674	3135	4311	8011	2756	5625	7434	5087	9709	21464	17818	24193	19645	31511	57880	61956	106086	226450	234023	431495	843634	1022550	1150238	1081787	1218232	621027	0	0
FFQ	85	0	637	279333	0	213	7846	1978	561	685	3165	6354	6430	2293	3437	4410	7607	2210	6353	8239	4387	9486	21593	18900	24157	21467	32743	44571	70784	79513	252579	208886	473073	796999	1223576	1176508	916938	1290004	506710	0	0
FFQ	86	0	490	291226	0	176	7997	1722	816	159	3657	6130	6103	2591	3094	3980	7524	2849	3400	8844	4580	8305	19406	17888	28077	19499	33107	49143	80208	97110	195004	269723	404412	767748	1061170	1200989	944186	954077	793235	216000	0
FFQ	87	0	511	304137	0	187	7733	1715	708	617	3128	6163	6117	2543	3039	4174	7654	2552	2009	11740	3030	6692	17286	16279	34079	18093	32621	44570	75674	98997	159840	273822	361467	694112	923531	1239321	1033495	582378	1094110	440501	0
FFQ	88	0	424	318261	0	162	8277	1626	698	135	3701	6041	5838	2489	3035	3845	7400	2708	5539	6377	6088	7982	23784	15701	23205	20076	27181	46421	75029	82702	249875	179964	439612	907552	1046421	1183104	920308	1267963	615101	0	0
FFQ	89	0	413	334035	0	137	8104	1566	596	154	3604	5963	5895	2405	2877	3839	7206	2426	5620	8482	3890	7382	23244	17230	27623	18486	30067	44678	81468	82138	193056	219436	367229	697661	969930	1173086	1031188	1054653	850449	228409	0
FFQ	90	0	376	350646	0	123	7807	1508	176	388	4044	5527	5377	1962	3313	2994	6967	2878	5557	6370	5786	8306	23021	15687	20928	21798	27806	40298	78875	68714	177854	244406	359100	589864	926477	1284558	814181	826831	1110960	463162	0
FFQ	91	0	294	369908	46	43	7580	1409	110	444	3274	5630	5543	1731	3294	2957	6676	2454	5736	6847	4527	8064	23056	15165	23268	21770	25710	42893	86711	62662	167226	237187	282144	488993	906046	1248135	914682	959534	1105632	467244	0
FFQ	92	0	291	391536	50	53	7411	1352	117	872	2798	5607	5232	1842	3168	2939	6560	2173	3672	8143	4909	7254	18612	16621	24389	20290	29191	40811	85685	81335	149542	237314	309032	521031	944090	1211607	1004047	805586	1085213	474250	0
FFQ	93	0	228	416810	0	95	7131	1366	137	298	3619	5126	5204	1788	3014	2962	6245	2458	988	10576	3909	5948	16364	16685	26740	21821	31765	41910	75116	86393	164972	227021	358384	566861	949005	1182867	962983	785697	1042797	479342	0
FFQ	94	0	226	446064	29	29	6849	1167	78	586	2563	5248	5071	1502	2773	2835	5922	2015	5683	6574	4467	7829	22040	15875	21139	20869	25086	44876	74417	106818	129986	279745	340233	740534	995277	1179950	990461	498841	1039567	481401	0
FFQ	95	0	153	478504	28	28	6009	1015	75	240	2187	4277	4628	1989	2767	3491	5496	1762	6193	5860	4403	8492	20989	15555	20846	17624	33896	38070	94383	72719	234023	168489	455802	862092	1160278	1082320	864922	1310763	524257	0	0
FFQ	96	0	125	516335	45	0	4868	744	17	205	1808	3642	3943	1642	2456	1982	5586	1557	5331	4455	4881	6882	19007	14636	16718	21298	25642	52037	80796	107569	209978	243919	566293	979599	1246953	911749	911063	1054784	486080	0	0
FFQ	97	0	0	559415	0	17	2819	957	51	98	697	1926	2693	1993	1775	2224	2509	2594	3446	4329	4069	5979	13175	18121	17220	31220	38695	86379	161822	179258	409961	1069955	1262363	1021418	1051073	1066059	490315	0	0	0	0
FFQ	98	0	0	606389	0	8	1045	460	48	14	336	1007	1439	947	691	1826	2024	868	4949	3086	2714	6305	13437	30161	20094	159407	50757	253746	575945	1069988	1222635	1125924	1710469	647783	115	8	0	0	0	0	0
FFQ	99	0	0	652133	1	1	6	0	0	1	3	4	51	61	704	1316	4	509	2581	3328	1320	6359	10767	19840	25443	23299	64247	175647	62853	339663	717134	1191483	1107595	1123650	1411769	572852	1	0	0	0	0
FFQ	100	0	0	682734	0	0	0	0	0	0	0	0	0	49	51	894	1676	0	929	6388	580	3337	6162	21227	24722	21012	51705	119044	103197	218138	531897	1112905	1278806	914672	1345782	824558	244160	0	0	0	0
# Last Fragment Qualities. Use `grep ^LFQ | cut -f 2-` to extract this part.
# Columns correspond to qualities and rows to cycles. First column is the cycle number.
LFQ	1	0	0	61789	0	0	0	0	0	0	6267	6116	29507	0	25874	0	0	0	0	37011	5686	0	1402	40997	0	0	63027	38650	233709	318326	997100	5649164	0	0	0	0	0	0	0	0	0
LFQ	2	0	0	64771	490	1789	793	2382	2899	1399	3689	5033	4516	5294	8664	10334	7906	5177	7471	2338	3728	5262	24406	23822	141894	136043	83057	206889	437293	831861	1039391	1955857	1816037	674140	0	0	0	0	0	0	0
LFQ	3	0	697	60722	4695	889	3701	2964	5384	4564	9635	5108	5844	6896	11373	1629	6963	1581	2324	7239	14959	20751	92558	58217	73540	97964	326853	738232	1102940	2032315	1847139	962383	2813	1400	353	0	0	0	0	0	0
LFQ	4	0	0	59889	1124	1414	3213	3091	925	3918	7907	4352	3745	5459	10781	8232	1922	5138	50726	2498	6228	16179	103909	493672	502531	904471	436861	60692	177674	323689	637725	813343	784720	1481410	597187	0	0	0	0	0	0
LFQ	5	0	0	64095	1764	3132	2775	474	3471	7442	4706	1901	8272	8935	6296	5301	3277	2098	1482	2116	5469	18358	11411	21634	16280	34264	45555	164812	74023	113897	267115	692436	1406552	1200227	2123142	1054271	137642	0	0	0	0
LFQ	6	0	410	67158	2462	341	4110	521	2151	6067	5223	2310	5596	8708	9625	2552	4912	3978	1801	3614	9786	12489	11092	17386	12232	23778	46046	42949	210016	73267	188043	385844	730694	1257857	1245342	2129939	986326	0	0	0	0
LFQ	7	0	424	71509	1298	2577	2559	1264	4154	5979	4965	4896	7192	9713	4666	5286	3300	4478	8100	10152	12547	19756	9866	14868	10523	25337	39364	43549	210167	91414	151764	311223	625413	1366353	1197227	2049955	1051251	131536	0	0	0
LFQ	8	0	535	74159	1814	1902	2479	1685	3574	5892	3857	4955	7790	7742	5987	4085	3998	4002	3059	8758	13574	11565	17020	14814	25337	25548	39183	41143	190889	85787	166423	351800	786450	1270907	1219458	2192039	916415	0	0	0	0
LFQ	9	0	372	75654	2508	354	3918	496	1944	5890	5004	2173	5297	8570	10104	1921	3919	5307	1229	2125	8931	12947	13221	15927	13584	21892	31928	60164	142339	128941	146401	273202	679974	913317	1738127	1786334	1039529	351082	0	0	0
LFQ	10	0	348	79591	1789	0	3963	1148	2165	4975	6188	2144	5116	8233	9934	2203	3513	5351	1312	3963	6371	14406	13304	17549	17466	27381	29283	74755	185281	80390	160595	276866	795860	1221389	2103808	1575242	772743	0	0	0	0
LFQ	11	0	1798	81829	1225	2088	3191	1822	3064	6513	3797	6098	6300	8396	7524	2312	4130	6583	5562	5370	12977	12090	17546	20197	19988	43939	38661	87082	176972	100511	176324	320900	715165	1228190	2131232	1530842	724407	0	0	0	0
LFQ	12	0	324	86550	479	2152	2077	2340	4204	4912	4462	5109	8091	7463	6269	4846	3961	3107	3011	10190	12959	15062	17413	17004	17557	20024	32870	69709	192591	95441	133739	318206	776807	1198906	2104366	1562652	769772	0	0	0	0
LFQ	13	0	276	88428	1338	740	3814	1124	2108	5418	5790	2172	4990	7845	11070	1392	3669	5771	938	3312	7829	15063	12355	13315	17101	21718	38101	61471	168528	64174	145753	271335	808714	1235498	2125256	1597568	760651	0	0	0	0
LFQ	14	0	288	90679	1770	7	4057	1103	2042	5172	5931	2296	4827	8955	8871	2872	3638	4893	1013	3671	6463	15948	13233	12354	15226	37377	47671	107395	98284	78459	143769	266008	992858	1749945	1923568	1241745	612237	0	0	0	0
LFQ	15	0	335	95104	509	2022	2141	2313	4125	4967	4453	4446	8238	7042	6535	3106	4910	2798	1178	7437	9727	15420	14275	16129	21284	43165	50954	135308	73566	74781	158716	295596	1288540	2306157	1397784	1327680	123884	0	0	0	0
LFQ	16	0	263	96706	1363	702	3711	1175	2165	5497	6008	2478	5320	7900	10894	1486	3723	5286	883	3124	8353	16337	12976	11644	14730	33005	65833	129185	72376	68370	144339	273699	1369582	2299789	1386497	1360816	88410	0	0	0	0
LFQ	17	0	302	101068	665	408	3752	1941	2319	4698	7001	2556	5313	8442	10412	1947	3665	5175	1156	3676	8745	16081	13385	10638	16801	31898	66984	124076	74303	73632	151372	290300	1317851	2269752	1414796	1342900	126615	0	0	0	0
LFQ	18	0	292	104447	687	505	3989	2104	3152	4359	7784	2793	6319	10143	8479	2626	4336	4841	1501	7549	9710	16080	14033	10790	22130	32754	68921	130345	69057	65515	143504	274991	1278929	2294840	1383832	1361898	161390	0	0	0	0
LFQ	19	0	275	107598	651	470	3607	2134	2590	4532	7073	2758	5087	8236	10334	2215	3734	3627	1298	8132	6047	12981	15113	21562	24069	32266	64518	114028	62507	86929	136543	290833	1303626	2274059	1423890	1331432	139871	0	0	0	0
LFQ	20	0	261	110767	641	471	3780	2231	2668	4439	7164	3011	5489	8649	10277	2332	3881	3491	3606	6226	7076	14830	19251	19631	21934	33389	64144	111927	73408	82713	143427	297708	1249409	2307869	1405115	1321191	162219	0	0	0	0
LFQ	21	0	341	113696	609	472	3739	2280	2740	4367	7244	3351	5233	8497	10244	2220	3930	3653	3800	5981	7450	14969	19387	19417	24086	31651	64587	108932	74193	76128	139739	286542	1260521	2307336	1377524	1337414	182352	0	0	0	0
LFQ	22	0	369	115263	1659	816	3533	1524	2560	5348	5963	2940	5667	8957	7585	4005	4213	3408	1277	7271	5320	12178	16601	22286	23720	36288	65080	111547	71128	82654	127002	264786	1217264	2297791	1403003	1371556	204063	0	0	0	0
LFQ	23	0	399	118831	1507	2340	2031	1537	4609	5544	3571	4539	9118	8430	5112	4957	4009	4049	4291	3849	9913	22717	17120	18714	27500	30407	60519	123989	73686	96673	150862	328663	1228838	2304894	1396551	1266833	168023	0	0	0	0
LFQ	24	0	387	122052	2163	0	3556	1673	2922	4758	6137	3095	6889	8425	6442	5319	4059	2906	5938	3310	8138	13663	20500	22746	20525	37078	68173	114948	75041	73555	138200	309532	1259127	2292269	1419503	1300098	151498	0	0	0	0
LFQ	25	0	437	123899	3373	415	3491	823	2718	5984	4636	3612	7219	9553	6052	4825	4935	3294	5249	3182	7732	14869	22719	17985	20730	37175	66878	113371	79303	68665	117112	277584	1231987	2280750	1419724	1353068	191276	0	0	0	0
LFQ	26	0	202	131138	567	3049	506	2832	6089	5560	4263	7991	8780	6621	4916	4738	5523	1684	4444	7456	15503	17549	20972	22923	29517	22221	79385	138493	73835	124687	172795	339020	1260810	2250274	1328691	1258848	152743	0	0	0	0
LFQ	27	0	2984	134778	290	2059	3443	5420	4354	8611	8312	7461	8014	5665	5354	4346	3895	6722	12877	13696	16478	21159	24837	19118	40573	40236	88994	148612	100904	123666	198438	294658	1205146	2214022	1323339	1234908	181256	0	0	0	0
LFQ	28	0	257	134636	4372	2372	1364	301	5367	7320	2398	7644	9232	7743	4985	3769	6075	2426	4180	2358	10307	11362	19529	16755	27914	27612	56946	126283	78231	70302	145724	261294	954185	2419593	1373069	1428842	279878	0	0	0	0
LFQ	29	0	330	142361	2585	1883	1482	1757	5592	5480	4666	8120	7912	7485	4591	4235	5925	3888	2709	4579	9807	13778	20552	16113	25038	35627	54715	123441	71648	68293	125937	312897	1030118	2372407	1395574	1394274	228826	0	0	0	0
LFQ	30	0	373	145413	3105	1097	1808	2128	4954	5682	6854	7157	7564	7033	5147	4732	5793	4024	2337	6790	15477	17351	15363	19388	29470	28641	52096	131210	79473	78027	148186	269258	998833	2376907	1355859	1418573	258522	0	0	0	0
LFQ	31	0	435	149632	2942	696	2586	1605	4419	3568	7856	7747	6409	6788	6649	3740	5304	6652	2169	4532	9623	17937	16498	19734	24606	40113	32960	142350	88094	62112	142281	255423	709850	2497324	1406955	1497664	327372	0	0	0	0
LFQ	32	0	539	154055	3049	787	2345	1612	4572	3423	7923	8051	6646	6295	6940	3875	4281	7773	2161	4646	9714	17548	16071	15240	29234	30284	38468	143682	90914	70595	157457	233370	688850	2518415	1340900	1527455	357455	0	0	0	0
LFQ	33	0	568	160873	860	1370	1998	3138	5136	1927	8621	9446	5681	5213	7168	4399	3837	8250	2041	7062	8088	19909	17064	14693	27018	35580	43321	138164	90321	62561	136287	240440	683226	2500006	1370981	1529242	360136	0	0	0	0
LFQ	34	0	607	166251	852	1519	1822	3092	5467	1908	8476	9679	5547	3871	8234	4466	3153	8252	2624	6143	9081	16493	17180	15276	25940	33511	43913	131391	93621	67851	147570	286967	684011	2475950	1386290	1482384	355233	0	0	0	0
LFQ	35	0	695	168541	2952	1050	2357	1602	4902	3460	7726	9587	6784	4958	7918	4018	3809	8063	2806	4579	10676	18005	17528	16278	24852	36422	40290	135583	94352	73643	141175	277145	731619	2450095	1380409	1489343	331403	0	0	0	0
LFQ	36	0	882	176378	953	1796	1953	3082	5735	2101	8620	10891	5853	4643	7639	4667	3610	7966	2621	7158	9926	19161	17896	15247	30013	33141	41824	135524	88541	78055	138954	321411	777571	2412492	1401615	1426669	310037	0	0	0	0
LFQ	37	0	955	182382	597	2313	1485	3612	6176	4006	9877	9561	6902	5521	6805	5232	5286	3841	4604	9770	17303	19155	17989	23107	27037	37873	39123	139286	101023	81934	168715	274631	741263	2404119	1351568	1467556	334018	0	0	0	0
LFQ	38	0	1064	184840	3065	1538	2506	1565	5453	3833	8053	10015	7329	3748	9401	4423	3609	7602	3911	4554	11612	15657	19428	20574	22268	42127	45136	121433	90803	84846	119783	247778	666348	2457488	1344490	1453148	429238	55959	0	0	0
LFQ	39	0	1475	193125	1876	1417	1707	4665	6229	4477	9507	9455	7512	4774	7026	7251	5135	4804	6583	11538	18220	19322	20699	24486	35068	41368	46050	149211	103601	102382	173502	282985	745812	2352141	1341818	1423150	346254	0	0	0	0
LFQ	40	0	1046	193968	3623	2397	1754	158	4474	6615	6869	6834	7047	7241	6557	2956	5231	6057	2401	4339	14743	18096	19436	19174	23412	43192	35586	127951	100134	89588	139999	313023	708659	2413078	1382357	1438888	357742	0	0	0	0
LFQ	41	0	1216	199736	3511	2043	2305	151	4465	5080	5687	8303	7435	4512	8453	3083	4769	5324	3948	3119	11855	12224	24449	21677	19794	41563	36994	96981	111464	112747	113947	301030	606653	1936385	1683785	1309480	742384	58073	0	0	0
LFQ	42	0	1196	205687	3286	1996	2299	181	4415	5042	5401	8123	7352	4497	8209	3050	3999	6234	3554	2842	12942	13118	22209	17541	21056	40183	42147	93864	115396	93338	120000	254631	607815	1936555	1698449	1342968	745640	59410	0	0	0
LFQ	43	0	1275	211852	3093	2107	2261	167	4589	5122	5380	7714	7162	4336	6444	4634	3999	5300	4251	3392	10946	13740	21570	18621	19466	31820	46857	101436	109969	88770	130072	275689	678008	1884301	1744830	1347186	678495	29771	0	0	0
LFQ	44	0	1327	218500	2978	2147	2234	174	4627	5208	5086	7521	7114	4417	6352	4359	4413	3971	4408	3993	9307	12520	24005	20406	19162	33100	43725	104130	108056	105583	122159	262816	670043	1898221	1723258	1293805	714365	61135	0	0	0
LFQ	45	0	1416	224645	844	3842	2146	378	2894	4121	7732	5397	6023	5425	8055	4153	2990	5105	4505	3356	6936	11943	18265	27042	17950	37887	32244	115201	99769	96593	133997	251633	652917	2409702	1305641	1502143	439772	61963	0	0	0
LFQ	46	0	1573	231677	968	3741	2241	357	3122	4310	7619	5211	6150	5445	8053	4694	2556	5188	4546	3556	6383	15706	23253	22258	16790	35686	36564	79266	136915	100754	130939	266362	506219	1589198	1956393	1196471	1031744	62717	0	0	0
LFQ	47	0	1627	238178	911	3812	2429	343	3227	4353	7577	5175	5960	5488	8030	4534	2439	5128	4373	3900	6728	16044	21564	21972	14625	38799	23871	80664	139964	81961	146775	290461	533860	1562888	1944821	1252673	997198	32273	0	0	0
LFQ	48	0	1658	245488	980	3556	2451	314	3329	4386	7544	5354	5706	5338	8593	3757	2600	4552	4942	3042	9170	18605	19212	23145	19699	34066	40806	76136	127321	110241	133548	253957	521828	1576955	1935220	1218335	1016974	65817	0	0	0
LFQ	49	0	2596	252032	4083	1465	2088	3674	5210	7301	7559	5068	6639	7119	6107	3648	4177	5528	11066	13722	16922	19451	28763	29811	30966	47061	58057	96629	172816	138772	183430	322536	508294	1525381	1892386	1130065	930943	33260	0	0	0
LFQ	50	0	2481	259273	2107	2381	3018	1401	2392	4285	7415	5652	4646	5177	8909	4676	2356	4245	6995	2379	8616	13450	22080	23814	15267	40168	34225	71360	131038	102366	144011	275949	536587	1551043	1915730	1226959	1003062	69112	0	0	0
LFQ	51	0	1902	268056	1061	1178	3778	1474	2431	2852	4691	6781	5972	3526	6856	6851	7012	3043	4345	9575	7268	13221	17714	25956	21876	42767	48871	95462	85000	131725	144589	274344	959840	1865451	1582377	1195484	576387	84909	0	0	0
LFQ	52	0	2426	272573	1645	2132	2650	1932	3333	3791	4710	5207	6267	3583	7162	6676	5890	4222	3100	8684	6012	9929	17755	23055	27516	38155	30210	101770	88417	118453	142560	214742	648324	1893867	1622731	1438626	633674	112846	0	0	0
LFQ	53	0	2648	277031	2023	1695	2705	2375	2569	3903	4663	4465	6446	2950	6931	6206	5778	2919	3893	7501	6862	12974	11767	26547	23545	35695	31278	90864	99193	124776	122280	230490	624139	1623753	1864086	1287020	877096	75559	0	0	0
LFQ	54	0	2713	283166	2040	1708	2860	2223	2676	3711	4842	3765	6288	2827	6593	6445	4415	3629	5235	5811	9160	9175	13973	27114	24170	42390	32872	65486	115230	122521	139675	236068	546622	1494946	1918983	1246233	1015844	103216	0	0	0
LFQ	55	0	2707	289176	2099	1835	2976	2325	2613	3944	4270	4184	6566	2533	6833	6290	4662	3650	5214	6364	9516	9588	16622	25359	23763	36460	34643	70808	114326	118052	128724	227152	596169	1519085	1892749	1262950	986863	83555	0	0	0
LFQ	56	0	2801	295916	2136	1704	3152	2433	2782	4061	4665	3576	6556	2576	6737	6519	4882	3468	4672	6619	8810	12577	15513	26322	23790	34710	33517	72891	119292	126428	137040	250795	570376	1498299	1849048	1255275	1025529	89158	0	0	0
LFQ	57	0	2166	302133	457	2927	2854	1760	1849	3464	4176	5144	4719	3244	5614	6061	4850	3040	3941	8883	6230	11481	14775	23533	21742	30936	33315	69629	118869	125029	115165	232521	561520	1495789	1856845	1287180	1047657	95127	0	0	0
LFQ	58	0	1542	309012	0	1751	3846	1271	1019	2513	4326	5271	3816	3262	4651	7635	3954	2834	4885	7148	3557	12166	15194	19827	18723	28206	38049	55990	105220	119218	132688	203871	523822	1465125	1883410	1234831	1033105	198296	54591	0	0
LFQ	59	0	1576	315743	0	1820	3902	1215	949	2514	3921	5594	4876	2114	5374	6944	4154	2403	6150	6218	4285	12186	17720	21561	18223	32929	25383	62611	116038	130663	125875	236506	568019	1469731	1855738	1197793	1126146	117751	0	0	0
LFQ	60	0	1603	322980	0	1774	4032	1248	976	2367	3784	5498	3963	3030	4886	7254	4288	1869	5319	6594	3553	11197	14737	22384	18828	26380	34336	54316	108285	133362	129233	240947	487008	1460781	1758031	1238927	1264890	125965	0	0	0
LFQ	61	0	1553	330280	0	1847	4124	1133	975	2560	3924	5463	4234	2756	5123	6825	4115	1946	5279	7096	3748	12265	12341	23787	17556	26447	36765	52278	114516	110314	147169	231389	496554	1419325	1798314	1252196	1068332	235240	66856	0	0
LFQ	62	0	1502	337772	0	1690	4769	718	1038	2555	4848	6105	3662	3236	6112	6768	2668	3426	6108	5289	5631	12666	21468	20818	22929	23223	36187	64434	95442	122986	151675	201463	456131	1415181	1726450	1217896	1190539	260165	71075	0	0
LFQ	63	0	1853	345278	1337	639	4719	1122	1554	3603	4584	4943	3347	4100	5874	6174	3273	2395	6939	6811	6809	12094	17582	24990	20504	27091	38195	57678	114485	156471	135377	281652	490126	1387465	1691365	1153963	1296757	193476	0	0	0
LFQ	64	0	1479	353638	0	1693	4715	1157	952	2318	3910	5229	4815	2186	4933	6549	4742	1926	5261	7172	3966	11431	17137	19596	21401	24805	29861	64443	93298	93826	168956	203988	467921	1352153	1718428	1266185	972047	413449	159059	0	0
LFQ	65	0	1491	362579	0	1779	4666	1143	890	2544	3892	5512	4711	2279	4742	7255	4621	1292	7135	5240	4764	12146	16563	24199	24522	20144	36554	59798	92161	118073	159683	241781	454399	1301582	1668397	1209010	1001846	477200	170032	0	0
LFQ	66	0	1478	370220	0	1634	4900	1104	904	2475	4060	5372	4188	2340	4492	7005	4336	1168	7983	5184	5452	12157	13773	25150	20353	23757	35565	56205	80234	134785	166779	231309	506006	1273610	1685623	1024311	1284376	414896	91441	0	0
LFQ	67	0	1396	378924	0	1646	5153	1086	870	2485	4219	5436	4157	2371	4428	7059	4326	1101	7430	5165	4680	11721	14881	20689	23926	19734	36239	53172	65069	114545	190948	215433	507929	1284388	1665168	1097936	1034459	525727	190729	0	0
LFQ	68	0	1311	387527	0	1597	5187	1023	844	2627	4142	6170	3237	2767	4387	6446	4307	1298	7279	5037	4436	12492	14041	21173	23725	21520	31726	57502	57633	119925	173429	209634	431053	1196770	1615283	1102847	1178942	595004	202304	0	0
LFQ	69	0	1296	397482	0	1543	5359	1027	846	2679	4307	5980	3232	2822	4028	6982	4191	1351	7786	5451	4303	13710	12501	23446	23707	20115	33856	60399	52968	125255	176020	202584	421573	1152967	1608864	1114504	1169168	628838	213485	0	0
LFQ	70	0	1286	406600	0	1611	5659	988	824	2733	4463	6472	3209	2845	4690	5907	4826	1560	7475	5720	5262	14112	14274	20411	27947	21145	22773	67905	74792	128543	178328	248455	386467	1129036	1400634	1295300	1082849	706080	223444	0	0
LFQ	71	0	1544	414459	215	3359	4793	952	1812	4482	6184	4377	3888	4076	5395	4604	4198	4632	6087	6504	12810	14159	18468	20115	24080	26104	53014	69196	96847	132695	225472	249648	482607	1167740	1450117	1110668	977651	666311	235362	0	0
LFQ	72	0	1220	424632	0	1755	6268	1023	798	3341	4490	6494	3088	2984	4112	6718	4970	1496	7988	6321	5023	14815	13277	23831	28365	19084	36525	63407	44838	150328	181842	220812	407196	1040334	1410406	1130934	1196868	792257	246785	0	0
LFQ	73	0	1551	434134	1586	426	6609	2934	4789	3053	3591	6247	5859	3448	4078	7517	7129	5690	8581	15899	11779	16633	19816	27354	26970	32990	77789	55888	93920	142689	207206	237433	440334	1053178	1312339	1164495	1005766	809046	255879	0	0
LFQ	74	0	1103	444376	0	1593	5386	2211	766	1933	4419	5988	5050	2351	4652	5485	6120	2207	6386	7163	6075	12145	16837	20311	25739	22789	29891	68544	58912	150137	186772	234277	400203	922007	1387142	1104640	1177210	915006	268799	0	0
LFQ	75	0	1074	453834	0	1561	7042	850	720	3494	5167	6426	3204	3003	3857	6764	4815	1309	8716	4985	5358	14168	15672	20739	23859	18927	33728	65080	43637	140244	190733	217902	435767	951629	1373314	1099457	1153222	913857	280511	0	0
LFQ	76	0	1185	463761	187	284	8240	1132	405	2011	4354	6165	4734	2130	4884	5640	4992	1689	6013	7805	5052	10977	15826	17885	23089	23419	37532	54958	48135	132070	199727	205639	441758	922806	1363896	1126420	1142327	927894	289604	0	0
LFQ	77	0	1084	474097	201	1541	7480	990	406	3421	6150	5473	3117	3043	3790	7366	3838	1156	9532	4426	5326	14352	16258	20367	23429	20234	35678	61939	51059	130672	207613	206405	472800	863188	1321401	1130065	1085153	1008290	303285	0	0
LFQ	78	0	903	485065	0	1605	6277	2131	598	1957	5102	6009	5002	2248	4627	6061	5268	2245	8254	6151	5512	12764	18339	25564	21345	24038	32774	67007	62689	137592	198926	206260	454630	905157	1243096	1152234	1060364	1021540	315291	0	0
LFQ	79	0	980	495726	166	253	7640	2275	394	488	4153	6023	6895	1386	4663	5328	6091	2624	7331	6832	5552	8932	22447	21915	22621	20590	34794	56830	59108	116166	208841	198945	502247	892840	1276960	1115554	1032749	1034247	324039	0	0
LFQ	80	0	968	506945	136	219	8025	2265	340	542	4004	6103	6800	1387	4591	5076	6219	2437	6685	7141	5403	9381	23219	19473	24993	22470	33712	57403	63775	122602	202331	197009	527042	878245	1286399	1071251	1026679	1038131	335224	0	0
LFQ	81	0	1040	518484	233	1406	7142	2258	128	2649	4826	6050	4580	2303	4662	6527	4154	4094	7774	5470	6422	16926	19543	20816	23811	13916	44085	59100	61810	112541	218097	178568	488760	790017	1228500	1161908	890074	1207787	388164	0	0
LFQ	82	0	950	530825	294	143	8285	2283	130	596	4100	5948	6643	1470	4396	4067	7026	2507	6536	8049	4657	9736	21815	19735	24587	18162	33890	50088	66678	107091	207084	226810	479987	828184	1145776	1096337	1019068	1101314	459378	0	0
LFQ	83	0	868	543494	208	130	8364	1971	245	745	4024	5651	6307	2065	4033	4678	6497	2592	6943	7092	4877	10187	22402	19290	25971	17469	38670	52259	65824	85995	230951	233642	473571	756171	1186731	1133407	767740	1323402	460159	0	0
LFQ	84	0	568	557123	0	225	8523	1493	812	499	4146	5726	6131	2356	3374	4764	6533	3069	6376	8080	4556	9899	22966	18155	25260	19621	33524	50475	60054	89997	223824	228933	428851	809710	1067257	1149365	888114	1255895	508371	0	0
LFQ	85	0	640	571485	97	140	8606	1584	562	538	4239	5822	6019	2279	3486	4497	6467	3232	6709	6823	4994	10544	22075	20305	25581	18482	35697	46215	65497	113224	220684	201723	442892	852606	1002926	1142688	996015	1087751	571501	0	0
LFQ	86	0	608	586514	76	145	8708	1473	545	523	3915	5709	5874	2215	3443	4528	6182	2904	6407	7689	4286	9611	23880	17868	25954	18607	35073	44378	76629	68193	255700	204520	418118	795672	1009112	1199665	759093	1305946	594862	0	0
LFQ	87	0	547	602829	92	84	8823	1608	512	579	4138	5850	6017	2174	3767	4182	6246	3166	6524	6616	6259	10402	23855	20506	22919	19081	40501	37737	80592	79224	247425	152769	413873	671648	965664	1159346	851642	1453103	594325	0	0
LFQ	88	0	380	619737	0	160	8744	1358	536	973	3361	5872	5733	2075	3342	3330	7196	2601	5229	7041	5985	8208	24495	16456	21614	21084	24682	48455	78278	68982	250647	167099	404831	755635	1056579	1130169	837896	1382369	533493	0	0
LFQ	89	0	358	638172	0	119	8567	1378	340	567	3993	5688	5449	1749	3672	3098	6787	2766	5507	8388	3994	9563	22990	22687	22841	21293	34000	36572	77769	77646	159540	229938	318614	480307	874871	1225448	838822	924637	1018054	418441	0
LFQ	90	0	309	658102	0	105	8702	1346	336	987	3296	5720	5268	1749	3717	2665	7136	2679	5562	6465	6343	8504	24056	16284	21556	21682	26675	46126	89203	67201	166707	235477	304115	492359	855905	1196582	863770	920259	1015231	422446	0
LFQ	91	0	320	680265	53	78	8491	1306	86	681	3518	5748	5042	1664	4003	3416	5474	2672	6199	7376	4352	10293	22350	19697	24026	18913	34503	39995	83370	64677	171654	235169	326096	491297	881306	1215244	814426	885070	1009183	426612	0
LFQ	92	0	237	705127	0	76	8313	1182	543	236	3253	5616	4894	1572	3448	3036	6180	2425	5051	8353	4714	7168	23814	17271	20982	22633	24299	47372	73935	69836	162105	238456	302429	513691	895822	1201681	836578	885679	973489	433129	0
LFQ	93	0	227	732531	0	69	8022	1155	531	221	3288	5485	4831	1552	3252	4648	4063	2371	6419	7121	3792	8007	25069	23039	18328	23673	33629	46081	95689	85353	148338	279918	312206	643358	917746	1130613	879426	673563	946146	434865	0
LFQ	94	0	170	762892	0	62	7295	1005	409	106	3088	5011	4474	1226	3031	3488	4411	2279	5702	6934	3913	8824	22694	22135	19811	21996	30303	46183	88306	77390	159202	216291	292103	563473	882211	1146453	984546	710005	968902	438301	0
LFQ	95	0	121	798708	0	49	6612	877	78	0	2412	5196	4354	1061	3404	3892	4388	2385	4808	7246	2495	6522	18528	20607	21650	21742	34578	39814	83431	100059	213610	175735	481755	871793	1094363	986452	944301	1073505	478094	0	0
LFQ	96	0	89	838413	23	0	5438	663	32	127	1847	4342	3585	934	2873	3991	3147	2139	4458	4751	3586	6399	17520	19977	14663	22551	35071	52342	60201	125680	211930	254178	573458	933327	1197607	846062	864925	955702	442594	0	0
LFQ	97	0	63	884856	18	0	3600	430	28	79	1400	2841	2874	944	2068	2769	2520	1659	5553	2959	3554	7051	19294	19497	18754	25105	39403	99287	160338	184211	412289	950275	1241802	976686	993114	1006585	442719	0	0	0	0
LFQ	98	0	0	935737	0	3	1228	162	207	12	26	694	1484	1629	398	2478	751	1904	4939	1918	3136	7446	16905	31501	21375	144352	61280	240067	547347	1003879	1163901	1085824	1616574	617352	105	11	0	0	0	0	0
LFQ	99	0	0	985340	0	0	2	0	0	1	4	2	48	36	1161	519	3	990	3553	1480	1942	7533	18001	18733	21499	33213	73711	153291	69897	336806	719939	1150138	1021312	1178628	1213644	503198	1	0	0	0	0
LFQ	100	0	0	1020606	0	0	0	0	0	0	0	0	0	35	43	1494	577	0	1561	5146	623	3456	7043	24755	23784	21507	59791	145518	61437	248432	629721	1069077	1165730	965372	1485455	573452	10	0	0	0	0
# GC Content of first fragments. Use `grep ^GCF | cut -f 2-` to extract this part.
GCF	1.76	0
GCF	5.03	1
GCF	7.04	2
GCF	8.04	4
GCF	9.05	2
GCF	10.05	14
GCF	11.06	38
GCF	12.06	77
GCF	13.07	86
GCF	14.07	122
GCF	15.08	243
GCF	16.08	373
GCF	17.09	730
GCF	18.09	1462
GCF	19.10	2634
GCF	20.10	4174
GCF	21.11	6216
GCF	22.11	9595
GCF	23.12	14214
GCF	24.12	20355
GCF	25.13	28006
GCF	26.13	36414
GCF	27.14	45736
GCF	28.14	55569
GCF	29.15	66275
GCF	30.15	77045
GCF	31.16	88454
GCF	32.16	100117
GCF	33.17	111843
GCF	34.17	124311
GCF	35.18	135864
GCF	36.18	143683
GCF	37.19	153048
GCF	38.19	161392
GCF	39.20	166019
GCF	40.20	169601
GCF	41.21	172947
GCF	42.21	174061
GCF	43.22	173865
GCF	44.22	177828
GCF	45.23	181622
GCF	46.23	187386
GCF	47.24	192801
GCF	48.24	196498
GCF	49.25	201625
GCF	50.25	208678
GCF	51.26	214967
GCF	52.26	219360
GCF	53.27	226568
GCF	54.27	231582
GCF	55.28	233827
GCF	56.28	234019
GCF	57.29	235635
GCF	58.29	235478
GCF	59.30	232080
GCF	60.30	226977
GCF	61.31	218061
GCF	62.31	205745
GCF	63.32	193317
GCF	64.32	181397
GCF	65.33	164895
GCF	66.33	147842
GCF	67.34	129747
GCF	68.34	106894
GCF	69.35	84126
GCF	70.35	62722
GCF	71.36	45446
GCF	72.36	32124
GCF	73.37	22402
GCF	74.37	14939
GCF	75.38	9497
GCF	76.38	5956
GCF	77.39	3646
GCF	78.39	2105
GCF	79.40	1078
GCF	80.40	540
GCF	81.41	276
GCF	82.41	145
GCF	83.42	82
GCF	84.42	40
GCF	85.93	23
GCF	87.44	10
GCF	88.44	9
GCF	89.45	7
GCF	90.45	4
GCF	91.96	1
# GC Content of last fragments. Use `grep ^GCL | cut -f 2-` to extract this part.
GCL	0.25	1
GCL	1.51	5
GCL	3.02	6
GCL	4.02	16
GCL	5.03	14
GCL	6.03	18
GCL	7.04	20
GCL	8.04	15
GCL	9.05	23
GCL	10.05	39
GCL	11.06	60
GCL	12.06	112
GCL	13.07	133
GCL	14.07	195
GCL	15.08	310
GCL	16.08	472
GCL	17.09	828
GCL	18.09	1610
GCL	19.10	2691
GCL	20.10	4231
GCL	21.11	6218
GCL	22.11	9548
GCL	23.12	13838
GCL	24.12	19852
GCL	25.13	27629
GCL	26.13	36170
GCL	27.14	45675
GCL	28.14	55015
GCL	29.15	65796
GCL	30.15	76624
GCL	31.16	87447
GCL	32.16	99135
GCL	33.17	109689
GCL	34.17	121785
GCL	35.18	132471
GCL	36.18	141707
GCL	37.19	150235
GCL	38.19	156562
GCL	39.20	161685
GCL	40.20	166787
GCL	41.21	167840
GCL	42.21	170094
GCL	43.22	171218
GCL	44.22	174590
GCL	45.23	178446
GCL	46.23	184479
GCL	47.24	189549
GCL	48.24	194377
GCL	49.25	198681
GCL	50.25	205600
GCL	51.26	211415
GCL	52.26	218009
GCL	53.27	223465
GCL	54.27	227718
GCL	55.28	231466
GCL	56.28	231853
GCL	57.29	233670
GCL	58.29	234228
GCL	59.30	231780
GCL	60.30	227419
GCL	61.31	219022
GCL	62.31	208345
GCL	63.32	197479
GCL	64.32	184593
GCL	65.33	170454
GCL	66.33	153487
GCL	67.34	136964
GCL	68.34	114040
GCL	69.35	91183
GCL	70.35	69528
GCL	71.36	51959
GCL	72.36	38114
GCL	73.37	27147
GCL	74.37	18489
GCL	75.38	12382
GCL	76.38	8112
GCL	77.39	5074
GCL	78.39	3142
GCL	79.40	1766
GCL	80.40	1046
GCL	81.41	566
GCL	82.41	359
GCL	83.42	250
GCL	84.42	158
GCL	85.43	96
GCL	86.43	97
GCL	87.44	70
GCL	88.44	46
GCL	89.45	34
GCL	90.45	18
GCL	91.46	12
GCL	92.46	11
GCL	93.47	7
GCL	94.47	5
GCL	95.98	0
GCL	97.49	1
# ACGT content per cycle. Use `grep ^GCC | cut -f 2-` to extract this part. The columns are: cycle; A,C,G,T base counts as a percentage of all A/C/G/T bases [%]; and N and O counts as a percentage of all A/C/G/T bases [%]
GCC	1	26.68	23.12	22.99	27.21	0.21	0.00
GCC	2	25.35	24.44	24.38	25.84	0.03	0.00
GCC	3	24.44	25.30	25.25	25.01	0.00	0.00
GCC	4	24.48	25.25	25.20	25.07	0.00	0.00
GCC	5	25.37	24.38	24.29	25.96	0.00	0.00
GCC	6	24.51	25.24	25.17	25.08	0.00	0.00
GCC	7	24.49	25.26	25.19	25.06	0.00	0.00
GCC	8	25.10	24.60	24.58	25.73	0.00	0.00
GCC	9	24.88	24.79	24.80	25.53	0.00	0.00
GCC	10	24.77	24.95	24.89	25.39	0.00	0.00
GCC	11	24.85	24.86	24.78	25.51	0.00	0.00
GCC	12	24.73	24.98	24.90	25.38	0.00	0.00
GCC	13	24.89	24.78	24.73	25.60	0.00	0.00
GCC	14	24.76	24.92	24.87	25.45	0.00	0.00
GCC	15	24.70	25.00	24.93	25.37	0.00	0.00
GCC	16	24.74	24.93	24.86	25.47	0.00	0.00
GCC	17	24.67	25.02	24.91	25.40	0.00	0.00
GCC	18	24.56	25.10	25.03	25.31	0.00	0.00
GCC	19	24.62	25.04	24.95	25.38	0.00	0.00
GCC	20	24.56	25.08	25.02	25.35	0.00	0.00
GCC	21	24.53	25.13	25.08	25.27	0.00	0.00
GCC	22	24.57	25.06	24.97	25.39	0.00	0.00
GCC	23	24.55	25.09	25.02	25.34	0.01	0.00
GCC	24	24.43	25.21	25.14	25.22	0.00	0.00
GCC	25	24.51	25.13	25.04	25.33	0.00	0.00
GCC	26	24.48	25.16	25.07	25.28	0.00	0.00
GCC	27	24.36	25.26	25.17	25.21	0.00	0.00
GCC	28	24.45	25.17	25.10	25.28	0.00	0.00
GCC	29	24.43	25.18	25.11	25.28	0.01	0.00
GCC	30	24.32	25.29	25.19	25.20	0.00	0.00
GCC	31	24.35	25.23	25.17	25.25	0.00	0.00
GCC	32	24.35	25.23	25.20	25.22	0.00	0.00
GCC	33	24.26	25.32	25.24	25.17	0.00	0.00
GCC	34	24.37	25.22	25.17	25.25	0.01	0.00
GCC	35	24.31	25.27	25.19	25.23	0.00	0.00
GCC	36	24.24	25.34	25.27	25.16	0.01	0.00
GCC	37	24.32	25.24	25.18	25.27	0.01	0.00
GCC	38	24.29	25.31	25.17	25.23	0.00	0.00
GCC	39	24.19	25.36	25.26	25.18	0.01	0.00
GCC	40	24.31	25.25	25.15	25.28	0.00	0.00
GCC	41	24.26	25.29	25.22	25.23	0.00	0.00
GCC	42	24.19	25.39	25.29	25.13	0.00	0.00
GCC	43	24.27	25.31	25.20	25.23	0.00	0.00
GCC	44	24.23	25.32	25.22	25.23	0.01	0.00
GCC	45	24.15	25.39	25.31	25.15	0.00	0.00
GCC	46	24.21	25.32	25.26	25.22	0.01	0.00
GCC	47	24.19	25.35	25.27	25.19	0.00	0.00
GCC	48	24.15	25.41	25.29	25.16	0.01	0.00
GCC	49	24.18	25.36	25.24	25.22	0.00	0.00
GCC	50	24.19	25.35	25.26	25.20	0.00	0.00
GCC	51	24.12	25.42	25.31	25.15	0.01	0.00
GCC	52	24.19	25.35	25.27	25.20	0.01	0.00
GCC	53	24.20	25.36	25.27	25.18	0.01	0.00
GCC	54	24.12	25.41	25.32	25.16	0.01	0.00
GCC	55	24.21	25.33	25.24	25.22	0.01	0.00
GCC	56	24.17	25.37	25.28	25.18	0.03	0.00
GCC	57	24.14	25.39	25.31	25.15	0.02	0.00
GCC	58	24.18	25.34	25.25	25.22	0.02	0.00
GCC	59	24.17	25.36	25.27	25.20	0.02	0.00
GCC	60	24.12	25.43	25.31	25.15	0.02	0.00
GCC	61	24.19	25.36	25.26	25.19	0.01	0.00
GCC	62	24.16	25.37	25.27	25.20	0.01	0.00
GCC	63	24.07	25.43	25.39	25.11	0.01	0.00
GCC	64	24.15	25.38	25.29	25.19	0.01	0.00
GCC	65	24.15	25.38	25.28	25.19	0.02	0.00
GCC	66	24.11	25.47	25.32	25.11	0.00	0.00
GCC	67	24.11	25.41	25.31	25.17	0.02	0.00
GCC	68	24.12	25.42	25.31	25.15	0.01	0.00
GCC	69	24.06	25.45	25.36	25.13	0.02	0.00
GCC	70	24.16	25.37	25.28	25.20	0.02	0.00
GCC	71	24.12	25.41	25.32	25.16	0.01	0.00
GCC	72	24.03	25.48	25.40	25.09	0.02	0.00
GCC	73	24.14	25.40	25.27	25.19	0.01	0.00
GCC	74	24.12	25.44	25.29	25.16	0.02	0.00
GCC	75	24.06	25.48	25.35	25.11	0.02	0.00
GCC	76	24.14	25.39	25.29	25.18	0.03	0.00
GCC	77	24.11	25.43	25.30	25.15	0.01	0.00
GCC	78	24.08	25.49	25.35	25.08	0.02	0.00
GCC	79	24.11	25.40	25.32	25.17	0.01	0.00
GCC	80	24.13	25.42	25.32	25.13	0.02	0.00
GCC	81	24.08	25.48	25.35	25.10	0.01	0.00
GCC	82	24.12	25.42	25.30	25.16	0.02	0.00
GCC	83	24.12	25.42	25.32	25.14	0.01	0.00
GCC	84	24.05	25.50	25.38	25.08	0.01	0.00
GCC	85	24.11	25.44	25.33	25.11	0.02	0.00
GCC	86	24.10	25.45	25.31	25.13	0.00	0.00
GCC	87	24.06	25.49	25.38	25.07	0.01	0.00
GCC	88	24.11	25.43	25.33	25.13	0.00	0.00
GCC	89	24.07	25.49	25.34	25.11	0.01	0.00
GCC	90	24.08	25.51	25.36	25.06	0.00	0.00
GCC	91	24.10	25.46	25.32	25.12	0.00	0.00
GCC	92	24.09	25.46	25.35	25.10	0.01	0.00
GCC	93	24.08	25.47	25.38	25.08	0.01	0.00
GCC	94	24.12	25.46	25.35	25.07	0.02	0.00
GCC	95	24.09	25.48	25.35	25.08	0.03	0.00
GCC	96	24.05	25.52	25.40	25.04	0.01	0.00
GCC	97	24.11	25.46	25.35	25.08	0.00	0.00
GCC	98	24.09	25.48	25.35	25.07	0.01	0.00
GCC	99	24.03	25.54	25.43	25.01	0.01	0.00
GCC	100	24.06	25.47	25.38	25.08	0.01	0.00
# ACGT content per cycle, read oriented. Use `grep ^GCT | cut -f 2-` to extract this part. The columns are: cycle; A,C,G,T base counts as a percentage of all A/C/G/T bases [%]
GCT	1	27.29	28.82	17.30	26.60
GCT	2	28.31	20.69	28.13	22.87
GCT	3	25.08	24.95	25.60	24.37
GCT	4	25.14	26.31	24.13	24.41
GCT	5	25.25	24.84	23.83	26.09
GCT	6	24.60	25.89	24.53	24.99
GCT	7	24.49	25.34	25.11	25.06
GCT	8	24.96	25.23	23.94	25.87
GCT	9	24.53	25.29	24.30	25.88
GCT	10	25.01	25.28	24.55	25.16
GCT	11	24.99	25.19	24.45	25.36
GCT	12	24.91	25.33	24.56	25.20
GCT	13	25.12	25.05	24.45	25.37
GCT	14	25.05	25.05	24.74	25.16
GCT	15	25.00	25.25	24.68	25.08
GCT	16	25.01	25.18	24.61	25.20
GCT	17	24.87	25.23	24.70	25.20
GCT	18	24.80	25.43	24.70	25.07
GCT	19	24.83	25.35	24.64	25.18
GCT	20	24.79	25.22	24.88	25.11
GCT	21	24.75	25.37	24.84	25.05
GCT	22	24.83	25.33	24.70	25.14
GCT	23	24.81	25.23	24.88	25.08
GCT	24	24.76	25.40	24.95	24.89
GCT	25	24.84	25.37	24.80	25.00
GCT	26	24.82	25.27	24.97	24.95
GCT	27	24.73	25.41	25.02	24.84
GCT	28	24.87	25.38	24.89	24.86
GCT	29	24.84	25.23	25.06	24.87
GCT	30	24.70	25.42	25.06	24.83
GCT	31	24.76	25.36	25.04	24.84
GCT	32	24.76	25.33	25.10	24.81
GCT	33	24.74	25.42	25.14	24.69
GCT	34	24.84	25.33	25.06	24.77
GCT	35	24.77	25.31	25.15	24.76
GCT	36	24.67	25.43	25.17	24.73
GCT	37	24.77	25.36	25.06	24.81
GCT	38	24.79	25.32	25.16	24.74
GCT	39	24.67	25.43	25.19	24.71
GCT	40	24.76	25.34	25.07	24.83
GCT	41	24.70	25.32	25.19	24.79
GCT	42	24.62	25.48	25.20	24.70
GCT	43	24.69	25.42	25.09	24.80
GCT	44	24.71	25.34	25.20	24.75
GCT	45	24.62	25.45	25.25	24.68
GCT	46	24.72	25.37	25.21	24.70
GCT	47	24.69	25.34	25.28	24.69
GCT	48	24.61	25.46	25.23	24.69
GCT	49	24.70	25.44	25.16	24.70
GCT	50	24.69	25.38	25.24	24.70
GCT	51	24.61	25.44	25.29	24.66
GCT	52	24.66	25.36	25.25	24.72
GCT	53	24.64	25.36	25.27	24.73
GCT	54	24.56	25.43	25.29	24.72
GCT	55	24.67	25.35	25.22	24.76
GCT	56	24.63	25.30	25.35	24.72
GCT	57	24.64	25.41	25.29	24.66
GCT	58	24.70	25.38	25.21	24.71
GCT	59	24.63	25.34	25.29	24.74
GCT	60	24.60	25.46	25.28	24.67
GCT	61	24.64	25.42	25.21	24.74
GCT	62	24.61	25.33	25.31	24.75
GCT	63	24.52	25.53	25.29	24.65
GCT	64	24.64	25.46	25.21	24.69
GCT	65	24.63	25.34	25.32	24.71
GCT	66	24.56	25.42	25.37	24.66
GCT	67	24.61	25.42	25.30	24.67
GCT	68	24.60	25.37	25.36	24.67
GCT	69	24.54	25.46	25.34	24.65
GCT	70	24.69	25.36	25.28	24.66
GCT	71	24.62	25.32	25.40	24.66
GCT	72	24.53	25.49	25.39	24.59
GCT	73	24.66	25.39	25.28	24.67
GCT	74	24.61	25.34	25.38	24.67
GCT	75	24.56	25.41	25.42	24.61
GCT	76	24.63	25.37	25.32	24.69
GCT	77	24.64	25.29	25.44	24.63
GCT	78	24.60	25.35	25.48	24.56
GCT	79	24.65	25.34	25.38	24.63
GCT	80	24.65	25.29	25.45	24.61
GCT	81	24.61	25.38	25.45	24.56
GCT	82	24.69	25.33	25.39	24.60
GCT	83	24.65	25.25	25.49	24.60
GCT	84	24.58	25.37	25.51	24.54
GCT	85	24.66	25.38	25.39	24.57
GCT	86	24.66	25.31	25.46	24.57
GCT	87	24.59	25.36	25.51	24.53
GCT	88	24.70	25.29	25.47	24.54
GCT	89	24.70	25.24	25.58	24.48
GCT	90	24.66	25.34	25.53	24.47
GCT	91	24.71	25.33	25.45	24.51
GCT	92	24.69	25.30	25.51	24.50
GCT	93	24.68	25.32	25.53	24.47
GCT	94	24.73	25.27	25.54	24.46
GCT	95	24.72	25.25	25.58	24.45
GCT	96	24.71	25.32	25.59	24.37
GCT	97	24.77	25.24	25.57	24.42
GCT	98	24.80	25.18	25.66	24.36
GCT	99	24.75	25.26	25.70	24.29
GCT	100	24.83	25.19	25.67	24.32
# ACGT content per cycle for first fragments. Use `grep ^FBC | cut -f 2-` to extract this part. The columns are: cycle; A,C,G,T base counts as a percentage of all A/C/G/T bases [%]; and N and O counts as a percentage of all A/C/G/T bases [%]
FBC	1	27.07	22.84	22.43	27.66	0.39	0.00
FBC	2	25.40	24.34	24.39	25.86	0.00	0.00
FBC	3	24.62	25.08	25.08	25.21	0.00	0.00
FBC	4	24.69	25.03	24.96	25.33	0.00	0.00
FBC	5	25.41	24.29	24.24	26.06	0.00	0.00
FBC	6	24.67	25.05	24.97	25.30	0.01	0.00
FBC	7	24.60	25.10	25.06	25.24	0.00	0.00
FBC	8	25.12	24.56	24.49	25.84	0.00	0.00
FBC	9	24.90	24.74	24.71	25.65	0.00	0.00
FBC	10	24.85	24.88	24.77	25.50	0.00	0.00
FBC	11	24.93	24.77	24.68	25.61	0.00	0.00
FBC	12	24.84	24.89	24.78	25.49	0.00	0.00
FBC	13	25.03	24.65	24.58	25.74	0.00	0.00
FBC	14	24.88	24.80	24.75	25.56	0.00	0.00
FBC	15	24.78	24.92	24.80	25.50	0.00	0.00
FBC	16	24.83	24.82	24.74	25.61	0.00	0.00
FBC	17	24.76	24.93	24.81	25.50	0.00	0.00
FBC	18	24.64	25.00	24.93	25.42	0.00	0.00
FBC	19	24.73	24.93	24.83	25.51	0.00	0.00
FBC	20	24.63	24.98	24.92	25.47	0.00	0.00
FBC	21	24.60	25.03	24.99	25.37	0.00	0.00
FBC	22	24.67	24.97	24.86	25.50	0.00	0.00
FBC	23	24.60	25.02	24.96	25.42	0.01	0.00
FBC	24	24.49	25.12	25.05	25.34	0.00	0.00
FBC	25	24.59	25.04	24.95	25.42	0.00	0.00
FBC	26	24.56	25.07	24.99	25.38	0.00	0.00
FBC	27	24.44	25.17	25.08	25.31	0.00	0.00
FBC	28	24.53	25.11	24.98	25.38	0.00	0.00
FBC	29	24.49	25.11	25.03	25.36	0.00	0.00
FBC	30	24.41	25.21	25.07	25.31	0.00	0.00
FBC	31	24.43	25.16	25.04	25.38	0.00	0.00
FBC	32	24.43	25.14	25.12	25.30	0.00	0.00
FBC	33	24.35	25.24	25.15	25.26	0.00	0.00
FBC	34	24.47	25.12	25.07	25.34	0.00	0.00
FBC	35	24.40	25.17	25.11	25.32	0.00	0.00
FBC	36	24.34	25.23	25.18	25.25	0.01	0.00
FBC	37	24.40	25.14	25.11	25.36	0.00	0.00
FBC	38	24.37	25.25	25.09	25.29	0.00	0.00
FBC	39	24.27	25.30	25.16	25.27	0.01	0.00
FBC	40	24.40	25.18	25.05	25.37	0.00	0.00
FBC	41	24.31	25.23	25.14	25.32	0.01	0.00
FBC	42	24.26	25.31	25.19	25.24	0.00	0.00
FBC	43	24.35	25.23	25.12	25.30	0.00	0.00
FBC	44	24.27	25.26	25.15	25.32	0.01	0.00
FBC	45	24.22	25.32	25.22	25.24	0.00	0.00
FBC	46	24.26	25.25	25.16	25.32	0.00	0.00
FBC	47	24.25	25.30	25.20	25.26	0.00	0.00
FBC	48	24.19	25.36	25.23	25.21	0.00	0.00
FBC	49	24.23	25.31	25.18	25.28	0.00	0.00
FBC	50	24.21	25.31	25.23	25.25	0.00	0.00
FBC	51	24.18	25.36	25.27	25.19	0.00	0.00
FBC	52	24.24	25.29	25.19	25.27	0.01	0.00
FBC	53	24.24	25.31	25.21	25.24	0.00	0.00
FBC	54	24.19	25.35	25.25	25.22	0.00	0.00
FBC	55	24.27	25.26	25.17	25.29	0.01	0.00
FBC	56	24.23	25.32	25.23	25.22	0.04	0.00
FBC	57	24.19	25.35	25.25	25.21	0.04	0.00
FBC	58	24.24	25.29	25.20	25.27	0.02	0.00
FBC	59	24.19	25.34	25.23	25.24	0.04	0.00
FBC	60	24.18	25.38	25.23	25.20	0.03	0.00
FBC	61	24.23	25.32	25.23	25.22	0.02	0.00
FBC	62	24.18	25.35	25.23	25.24	0.02	0.00
FBC	63	24.09	25.38	25.34	25.18	0.02	0.00
FBC	64	24.19	25.33	25.24	25.24	0.01	0.00
FBC	65	24.20	25.35	25.24	25.22	0.00	0.00
FBC	66	24.14	25.43	25.27	25.16	0.01	0.00
FBC	67	24.14	25.36	25.25	25.25	0.01	0.00
FBC	68	24.14	25.39	25.26	25.20	0.01	0.00
FBC	69	24.10	25.44	25.32	25.15	0.01	0.00
FBC	70	24.21	25.34	25.21	25.23	0.00	0.00
FBC	71	24.16	25.39	25.27	25.18	0.01	0.00
FBC	72	24.03	25.46	25.38	25.13	0.01	0.00
FBC	73	24.20	25.35	25.21	25.25	0.01	0.00
FBC	74	24.13	25.41	25.27	25.18	0.01	0.00
FBC	75	24.08	25.44	25.33	25.15	0.02	0.00
FBC	76	24.18	25.36	25.23	25.23	0.03	0.00
FBC	77	24.14	25.41	25.28	25.17	0.01	0.00
FBC	78	24.11	25.47	25.32	25.10	0.02	0.00
FBC	79	24.13	25.37	25.28	25.21	0.01	0.00
FBC	80	24.14	25.41	25.30	25.15	0.02	0.00
FBC	81	24.10	25.47	25.32	25.11	0.02	0.00
FBC	82	24.15	25.37	25.29	25.20	0.02	0.00
FBC	83	24.17	25.41	25.27	25.15	0.02	0.00
FBC	84	24.08	25.47	25.35	25.10	0.02	0.00
FBC	85	24.15	25.40	25.28	25.17	0.02	0.00
FBC	86	24.11	25.43	25.30	25.16	0.00	0.00
FBC	87	24.08	25.48	25.35	25.09	0.01	0.00
FBC	88	24.14	25.41	25.29	25.16	0.00	0.00
FBC	89	24.11	25.47	25.29	25.13	0.02	0.00
FBC	90	24.11	25.49	25.33	25.07	0.00	0.00
FBC	91	24.13	25.42	25.30	25.16	0.00	0.00
FBC	92	24.10	25.44	25.35	25.11	0.00	0.00
FBC	93	24.10	25.45	25.36	25.09	0.01	0.00
FBC	94	24.13	25.44	25.31	25.12	0.02	0.00
FBC	95	24.11	25.46	25.33	25.10	0.01	0.00
FBC	96	24.08	25.49	25.37	25.06	0.02	0.00
FBC	97	24.14	25.43	25.31	25.12	0.00	0.00
FBC	98	24.12	25.48	25.31	25.10	0.01	0.00
FBC	99	24.05	25.52	25.40	25.04	0.00	0.00
FBC	100	24.10	25.42	25.36	25.11	0.01	0.00
# ACGT raw counters for first fragments. Use `grep ^FTC | cut -f 2-` to extract this part. The columns are: A,C,G,T,N base counters
FTC	183224722	189365240	188594766	190193368	84404
# ACGT content per cycle for last fragments. Use `grep ^LBC | cut -f 2-` to extract this part. The columns are: cycle; A,C,G,T base counts as a percentage of all A/C/G/T bases [%]; and N and O counts as a percentage of all A/C/G/T bases [%]
LBC	1	26.30	23.40	23.55	26.75	0.03	0.00
LBC	2	25.29	24.53	24.37	25.81	0.07	0.00
LBC	3	24.25	25.52	25.43	24.80	0.00	0.00
LBC	4	24.28	25.47	25.44	24.81	0.00	0.00
LBC	5	25.32	24.46	24.34	25.87	0.00	0.00
LBC	6	24.34	25.43	25.37	24.85	0.00	0.00
LBC	7	24.38	25.41	25.32	24.89	0.00	0.00
LBC	8	25.08	24.63	24.67	25.63	0.00	0.00
LBC	9	24.85	24.85	24.88	25.41	0.00	0.00
LBC	10	24.70	25.02	25.00	25.29	0.00	0.00
LBC	11	24.76	24.95	24.88	25.41	0.00	0.00
LBC	12	24.63	25.07	25.02	25.27	0.00	0.00
LBC	13	24.75	24.91	24.87	25.47	0.01	0.00
LBC	14	24.64	25.03	24.98	25.34	0.00	0.00
LBC	15	24.61	25.08	25.06	25.25	0.00	0.00
LBC	16	24.64	25.04	24.99	25.32	0.00	0.00
LBC	17	24.59	25.10	25.01	25.30	0.00	0.00
LBC	18	24.48	25.19	25.13	25.20	0.00	0.00
LBC	19	24.52	25.16	25.07	25.25	0.00	0.00
LBC	20	24.48	25.17	25.12	25.23	0.00	0.00
LBC	21	24.45	25.23	25.16	25.17	0.00	0.00
LBC	22	24.48	25.16	25.07	25.29	0.00	0.00
LBC	23	24.49	25.16	25.09	25.26	0.00	0.00
LBC	24	24.36	25.31	25.22	25.11	0.00	0.00
LBC	25	24.43	25.22	25.12	25.23	0.00	0.00
LBC	26	24.41	25.26	25.15	25.18	0.01	0.00
LBC	27	24.28	25.35	25.26	25.11	0.00	0.00
LBC	28	24.36	25.24	25.22	25.18	0.00	0.00
LBC	29	24.36	25.25	25.19	25.21	0.02	0.00
LBC	30	24.24	25.36	25.31	25.09	0.00	0.00
LBC	31	24.27	25.30	25.30	25.13	0.01	0.00
LBC	32	24.27	25.32	25.28	25.13	0.01	0.00
LBC	33	24.17	25.41	25.34	25.09	0.00	0.00
LBC	34	24.26	25.32	25.27	25.15	0.02	0.00
LBC	35	24.22	25.37	25.27	25.14	0.00	0.00
LBC	36	24.14	25.44	25.35	25.06	0.01	0.00
LBC	37	24.24	25.33	25.26	25.17	0.01	0.00
LBC	38	24.22	25.36	25.25	25.16	0.01	0.00
LBC	39	24.12	25.42	25.37	25.09	0.01	0.00
LBC	40	24.23	25.33	25.25	25.19	0.00	0.00
LBC	41	24.20	25.35	25.31	25.14	0.00	0.00
LBC	42	24.12	25.46	25.39	25.03	0.00	0.00
LBC	43	24.18	25.39	25.27	25.16	0.00	0.00
LBC	44	24.19	25.38	25.28	25.14	0.01	0.00
LBC	45	24.08	25.45	25.41	25.06	0.00	0.00
LBC	46	24.15	25.40	25.35	25.11	0.02	0.00
LBC	47	24.13	25.41	25.34	25.12	0.01	0.00
LBC	48	24.10	25.45	25.35	25.10	0.01	0.00
LBC	49	24.13	25.41	25.30	25.15	0.00	0.00
LBC	50	24.16	25.40	25.29	25.14	0.01	0.00
LBC	51	24.06	25.48	25.35	25.11	0.01	0.00
LBC	52	24.13	25.41	25.34	25.12	0.02	0.00
LBC	53	24.16	25.41	25.33	25.11	0.01	0.00
LBC	54	24.05	25.47	25.39	25.10	0.02	0.00
LBC	55	24.15	25.39	25.31	25.14	0.01	0.00
LBC	56	24.12	25.41	25.33	25.14	0.02	0.00
LBC	57	24.09	25.44	25.37	25.10	0.00	0.00
LBC	58	24.13	25.39	25.29	25.18	0.01	0.00
LBC	59	24.14	25.39	25.30	25.17	0.00	0.00
LBC	60	24.06	25.47	25.38	25.09	0.01	0.00
LBC	61	24.15	25.39	25.30	25.15	0.00	0.00
LBC	62	24.14	25.38	25.31	25.17	0.00	0.00
LBC	63	24.04	25.48	25.45	25.04	0.00	0.00
LBC	64	24.10	25.42	25.35	25.13	0.01	0.00
LBC	65	24.09	25.42	25.32	25.16	0.03	0.00
LBC	66	24.07	25.50	25.36	25.06	0.00	0.00
LBC	67	24.07	25.47	25.36	25.10	0.02	0.00
LBC	68	24.09	25.45	25.35	25.10	0.01	0.00
LBC	69	24.03	25.45	25.40	25.11	0.04	0.00
LBC	70	24.10	25.40	25.34	25.16	0.04	0.00
LBC	71	24.08	25.42	25.37	25.13	0.02	0.00
LBC	72	24.02	25.49	25.43	25.05	0.03	0.00
LBC	73	24.08	25.45	25.34	25.13	0.01	0.00
LBC	74	24.10	25.46	25.30	25.14	0.03	0.00
LBC	75	24.04	25.52	25.38	25.07	0.01	0.00
LBC	76	24.10	25.41	25.36	25.13	0.02	0.00
LBC	77	24.08	25.46	25.32	25.14	0.02	0.00
LBC	78	24.05	25.51	25.38	25.07	0.02	0.00
LBC	79	24.08	25.43	25.36	25.13	0.02	0.00
LBC	80	24.11	25.42	25.35	25.12	0.02	0.00
LBC	81	24.05	25.48	25.38	25.09	0.00	0.00
LBC	82	24.10	25.46	25.32	25.12	0.01	0.00
LBC	83	24.07	25.43	25.36	25.13	0.01	0.00
LBC	84	24.02	25.52	25.41	25.05	0.00	0.00
LBC	85	24.08	25.48	25.38	25.06	0.02	0.00
LBC	86	24.09	25.47	25.32	25.11	0.00	0.00
LBC	87	24.03	25.50	25.41	25.05	0.02	0.00
LBC	88	24.08	25.46	25.36	25.10	0.00	0.00
LBC	89	24.03	25.51	25.38	25.08	0.01	0.00
LBC	90	24.04	25.53	25.38	25.05	0.00	0.00
LBC	91	24.07	25.51	25.34	25.07	0.01	0.00
LBC	92	24.08	25.47	25.35	25.09	0.02	0.00
LBC	93	24.06	25.48	25.39	25.07	0.02	0.00
LBC	94	24.10	25.47	25.40	25.03	0.01	0.00
LBC	95	24.07	25.50	25.37	25.07	0.04	0.00
LBC	96	24.01	25.55	25.42	25.02	0.00	0.00
LBC	97	24.08	25.49	25.39	25.04	0.01	0.00
LBC	98	24.07	25.49	25.39	25.05	0.00	0.00
LBC	99	24.00	25.56	25.46	24.97	0.01	0.00
LBC	100	24.02	25.52	25.40	25.05	0.02	0.00
# ACGT raw counters for last fragments. Use `grep ^LTC | cut -f 2-` to extract this part. The columns are: A,C,G,T,N base counters
LTC	182303656	190309503	189704618	189070291	74432
# Insert sizes. Use `grep ^IS | cut -f 2-` to extract this part. The columns are: insert size, pairs total, inward oriented pairs, outward oriented pairs, other pairs
IS	0	1	0	1	0
IS	1	0	0	0	0
IS	2	16	0	16	0
IS	3	17	0	17	0
IS	4	22	0	22	0
IS	5	12	0	12	0
IS	6	23	0	23	0
IS	7	17	0	17	0
IS	8	14	0	14	0
IS	9	15	0	15	0
IS	10	24	0	24	0
IS	11	17	0	17	0
IS	12	17	0	16	1
IS	13	21	0	21	0
IS	14	14	0	14	0
IS	15	12	0	12	0
IS	16	16	0	16	0
IS	17	20	0	20	0
IS	18	22	0	22	0
IS	19	145	118	27	0
IS	20	127	101	26	0
IS	21	60	36	24	0
IS	22	41	24	17	0
IS	23	40	23	17	0
IS	24	32	11	21	0
IS	25	18	3	15	0
IS	26	26	7	19	0
IS	27	24	7	17	0
IS	28	26	8	18	0
IS	29	31	10	21	0
IS	30	23	7	16	0
IS	31	36	12	24	0
IS	32	37	5	32	0
IS	33	56	30	26	0
IS	34	31	11	20	0
IS	35	26	7	19	0
IS	36	31	4	27	0
IS	37	29	10	19	0
IS	38	37	6	31	0
IS	39	30	8	22	0
IS	40	26	8	18	0
IS	41	36	12	24	0
IS	42	47	18	29	0
IS	43	43	13	30	0
IS	44	61	21	40	0
IS	45	31	6	25	0
IS	46	37	10	27	0
IS	47	49	24	25	0
IS	48	48	17	31	0
IS	49	41	15	26	0
IS	50	46	26	20	0
IS	51	63	37	26	0
IS	52	61	34	27	0
IS	53	70	38	32	0
IS	54	84	47	37	0
IS	55	85	45	40	0
IS	56	85	51	34	0
IS	57	103	65	38	0
IS	58	91	56	35	0
IS	59	107	77	30	0
IS	60	116	80	36	0
IS	61	129	90	39	0
IS	62	152	111	41	0
IS	63	165	116	49	0
IS	64	192	140	52	0
IS	65	225	167	58	0
IS	66	237	179	58	0
IS	67	237	172	65	0
IS	68	293	220	73	0
IS	69	363	278	85	0
IS	70	364	272	92	0
IS	71	431	314	117	0
IS	72	488	382	106	0
IS	73	568	447	121	0
IS	74	684	501	183	0
IS	75	769	582	186	1
IS	76	853	627	226	0
IS	77	1002	722	280	0
IS	78	1051	791	260	0
IS	79	1300	976	324	0
IS	80	1426	1063	363	0
IS	81	1562	1151	411	0
IS	82	1831	1343	488	0
IS	83	2148	1650	498	0
IS	84	2253	1730	523	0
IS	85	2606	1960	646	0
IS	86	2958	2229	729	0
IS	87	3314	2532	782	0
IS	88	3794	2874	920	0
IS	89	4175	3239	936	0
IS	90	4923	3720	1203	0
IS	91	5259	3940	1319	0
IS	92	5745	4411	1334	0
IS	93	6213	4708	1505	0
IS	94	6999	5252	1747	0
IS	95	7556	5675	1881	0
IS	96	8301	6107	2194	0
IS	97	9062	6360	2702	0
IS	98	9523	5608	3915	0
IS	99	10464	382	10081	1
IS	100	11212	11164	48	0
IS	101	11870	11843	27	0
IS	102	12776	12768	8	0
IS	103	13785	13776	9	0
IS	104	14362	14359	3	0
IS	105	15386	15383	3	0
IS	106	16071	16070	1	0
IS	107	17087	17080	7	0
IS	108	17582	17581	1	0
IS	109	18884	18883	1	0
IS	110	19536	19534	2	0
IS	111	20510	20509	1	0
IS	112	21262	21260	2	0
IS	113	22255	22255	0	0
IS	114	23133	23133	0	0
IS	115	23960	23960	0	0
IS	116	24540	24536	3	1
IS	117	25526	25523	3	0
IS	118	26493	26492	1	0
IS	119	27066	27065	1	0
IS	120	27760	27760	0	0
IS	121	28295	28293	2	0
IS	122	29206	29206	0	0
IS	123	30168	30167	1	0
IS	124	30505	30504	1	0
IS	125	30906	30906	0	0
IS	126	31831	31829	2	0
IS	127	32553	32551	2	0
IS	128	32613	32611	1	1
IS	129	33488	33486	2	0
IS	130	34231	34229	2	0
IS	131	34972	34971	1	0
IS	132	35212	35211	1	0
IS	133	36051	36051	0	0
IS	134	36330	36328	2	0
IS	135	37174	37174	0	0
IS	136	37449	37448	1	0
IS	137	37646	37645	1	0
IS	138	38115	38114	1	0
IS	139	38805	38805	0	0
IS	140	38665	38665	0	0
IS	141	39277	39276	1	0
IS	142	39840	39840	0	0
IS	143	39772	39772	0	0
IS	144	40382	40382	0	0
IS	145	40265	40265	0	0
IS	146	40648	40647	1	0
IS	147	41057	41054	3	0
IS	148	41224	41224	0	0
IS	149	41357	41356	1	0
IS	150	41505	41505	0	0
IS	151	42086	42086	0	0
IS	152	42225	42225	0	0
IS	153	42092	42092	0	0
IS	154	41766	41766	0	0
IS	155	42221	42221	0	0
IS	156	42422	42422	0	0
IS	157	42355	42355	0	0
IS	158	42556	42555	1	0
IS	159	42311	42311	0	0
IS	160	42803	42803	0	0
IS	161	42864	42864	0	0
IS	162	42676	42676	0	0
IS	163	43282	43280	2	0
IS	164	42697	42696	1	0
IS	165	42832	42831	1	0
IS	166	43029	43029	0	0
IS	167	43259	43259	0	0
IS	168	42443	42443	0	0
IS	169	42895	42894	1	0
IS	170	42508	42508	0	0
IS	171	42659	42659	0	0
IS	172	42409	42408	1	0
IS	173	42241	42241	0	0
IS	174	42296	42296	0	0
IS	175	42018	42018	0	0
IS	176	42302	42302	0	0
IS	177	41658	41658	0	0
IS	178	42232	42231	1	0
IS	179	41738	41738	0	0
IS	180	41314	41313	0	1
IS	181	41283	41283	0	0
IS	182	41175	41174	1	0
IS	183	41113	41112	1	0
IS	184	41149	41149	0	0
IS	185	40731	40731	0	0
IS	186	40975	40975	0	0
IS	187	40151	40151	0	0
IS	188	40000	40000	0	0
IS	189	39793	39793	0	0
IS	190	40104	40104	0	0
IS	191	39854	39854	0	0
IS	192	39775	39775	0	0
IS	193	39780	39779	1	0
IS	194	39020	39020	0	0
IS	195	39189	39189	0	0
IS	196	38435	38435	0	0
IS	197	39107	39107	0	0
IS	198	38111	38110	0	1
IS	199	37748	37748	0	0
IS	200	37808	37807	1	0
IS	201	38302	38301	1	0
IS	202	37603	37603	0	0
IS	203	37627	37627	0	0
IS	204	37194	37193	1	0
IS	205	36814	36814	0	0
IS	206	36370	36370	0	0
IS	207	36385	36385	0	0
IS	208	36054	36054	0	0
IS	209	36016	36015	1	0
IS	210	35553	35553	0	0
IS	211	35891	35891	0	0
IS	212	35047	35047	0	0
IS	213	34719	34718	1	0
IS	214	34779	34779	0	0
IS	215	34681	34681	0	0
IS	216	34352	34351	1	0
IS	217	34278	34278	0	0
IS	218	34276	34275	1	0
IS	219	33932	33931	1	0
IS	220	33610	33610	0	0
IS	221	33689	33689	0	0
IS	222	33234	33234	0	0
IS	223	33242	33242	0	0
IS	224	32849	32849	0	0
IS	225	32497	32497	0	0
IS	226	32628	32628	0	0
IS	227	32188	32188	0	0
IS	228	31838	31838	0	0
IS	229	31810	31810	0	0
IS	230	30938	30938	0	0
IS	231	31179	31179	0	0
IS	232	31372	31372	0	0
IS	233	31214	31214	0	0
IS	234	30856	30856	0	0
IS	235	30223	30222	1	0
IS	236	29892	29892	0	0
IS	237	29706	29705	0	1
IS	238	29792	29792	0	0
IS	239	29419	29419	0	0
IS	240	29261	29261	0	0
IS	241	28841	28840	1	0
IS	242	29040	29039	1	0
IS	243	28592	28592	0	0
IS	244	28425	28425	0	0
IS	245	28057	28056	1	0
IS	246	27775	27773	2	0
IS	247	27609	27608	0	1
IS	248	27706	27706	0	0
IS	249	26979	26979	0	0
IS	250	26942	26942	0	0
IS	251	26823	26823	0	0
IS	252	26623	26623	0	0
IS	253	26267	26267	0	0
IS	254	25916	25916	0	0
IS	255	25980	25979	1	0
IS	256	25658	25658	0	0
IS	257	25197	25197	0	0
IS	258	25027	25027	0	0
IS	259	25143	25142	1	0
IS	260	24405	24405	0	0
IS	261	24429	24429	0	0
IS	262	24178	24177	1	0
IS	263	24254	24254	0	0
IS	264	23543	23543	0	0
IS	265	23727	23727	0	0
IS	266	23147	23146	1	0
IS	267	23039	23039	0	0
IS	268	22648	22648	0	0
IS	269	22632	22632	0	0
IS	270	22344	22344	0	0
IS	271	22202	22202	0	0
IS	272	22093	22093	0	0
IS	273	21796	21796	0	0
IS	274	21742	21739	3	0
IS	275	21401	21400	1	0
IS	276	21054	21053	1	0
IS	277	20762	20762	0	0
IS	278	20953	20952	1	0
IS	279	20168	20167	1	0
IS	280	20113	20112	1	0
IS	281	20184	20184	0	0
IS	282	19831	19830	1	0
IS	283	19640	19639	1	0
IS	284	19573	19573	0	0
IS	285	19454	19453	1	0
IS	286	19058	19058	0	0
IS	287	18735	18735	0	0
IS	288	18684	18684	0	0
IS	289	18592	18592	0	0
IS	290	18420	18420	0	0
IS	291	17693	17693	0	0
IS	292	17939	17939	0	0
IS	293	17539	17539	0	0
IS	294	17343	17343	0	0
IS	295	17250	17250	0	0
IS	296	17302	17302	0	0
IS	297	16955	16955	0	0
IS	298	16579	16579	0	0
IS	299	16527	16527	0	0
IS	300	16268	16267	1	0
IS	301	16000	16000	0	0
IS	302	16013	16013	0	0
IS	303	15759	15759	0	0
IS	304	15540	15540	0	0
IS	305	15482	15482	0	0
IS	306	14979	14979	0	0
IS	307	14971	14971	0	0
IS	308	14881	14880	0	1
IS	309	14543	14543	0	0
IS	310	14449	14449	0	0
IS	311	14542	14542	0	0
IS	312	14077	14076	1	0
IS	313	13917	13917	0	0
IS	314	13628	13628	0	0
IS	315	13644	13644	0	0
IS	316	13458	13458	0	0
IS	317	13100	13100	0	0
IS	318	12909	12909	0	0
IS	319	12908	12908	0	0
IS	320	12619	12619	0	0
IS	321	12596	12596	0	0
IS	322	12562	12562	0	0
IS	323	12316	12316	0	0
IS	324	12392	12392	0	0
IS	325	11884	11884	0	0
IS	326	11951	11950	1	0
IS	327	11593	11593	0	0
IS	328	11616	11616	0	0
IS	329	11320	11320	0	0
IS	330	11238	11238	0	0
IS	331	11025	11024	1	0
IS	332	10812	10812	0	0
IS	333	10796	10796	0	0
IS	334	10354	10354	0	0
IS	335	10467	10467	0	0
IS	336	10269	10269	0	0
IS	337	10121	10121	0	0
IS	338	10196	10196	0	0
IS	339	9816	9816	0	0
IS	340	9734	9734	0	0
IS	341	9707	9707	0	0
IS	342	9611	9611	0	0
IS	343	9231	9231	0	0
IS	344	9196	9196	0	0
IS	345	9235	9235	0	0
IS	346	8898	8898	0	0
IS	347	8836	8836	0	0
IS	348	8657	8657	0	0
IS	349	8554	8554	0	0
IS	350	8685	8685	0	0
IS	351	8383	8383	0	0
IS	352	8313	8313	0	0
IS	353	8198	8198	0	0
IS	354	8034	8034	0	0
IS	355	7835	7835	0	0
IS	356	7816	7816	0	0
IS	357	7742	7741	1	0
IS	358	7565	7565	0	0
IS	359	7558	7558	0	0
IS	360	7240	7240	0	0
IS	361	7299	7299	0	0
IS	362	7141	7140	1	0
IS	363	7020	7020	0	0
IS	364	6955	6955	0	0
IS	365	6811	6811	0	0
IS	366	6815	6815	0	0
IS	367	6814	6814	0	0
IS	368	6549	6549	0	0
IS	369	6506	6506	0	0
IS	370	6285	6285	0	0
IS	371	6181	6181	0	0
IS	372	6129	6129	0	0
IS	373	6089	6088	1	0
IS	374	5797	5796	0	1
IS	375	5937	5937	0	0
IS	376	5817	5817	0	0
IS	377	5815	5815	0	0
IS	378	5618	5618	0	0
IS	379	5535	5533	2	0
IS	380	5621	5621	0	0
IS	381	5381	5381	0	0
IS	382	5217	5217	0	0
IS	383	5219	5218	0	1
IS	384	5101	5100	1	0
IS	385	4921	4921	0	0
IS	386	5043	5043	0	0
IS	387	4942	4942	0	0
IS	388	4806	4806	0	0
IS	389	4921	4921	0	0
IS	390	4654	4653	1	0
IS	391	4520	4520	0	0
IS	392	4423	4423	0	0
IS	393	4371	4370	1	0
IS	394	4427	4427	0	0
IS	395	4461	4461	0	0
IS	396	4275	4275	0	0
IS	397	4160	4160	0	0
IS	398	4100	4099	1	0
IS	399	3926	3926	0	0
IS	400	4002	4002	0	0
IS	401	3936	3936	0	0
IS	402	3859	3859	0	0
IS	403	3902	3902	0	0
IS	404	3765	3765	0	0
IS	405	3614	3614	0	0
IS	406	3542	3542	0	0
IS	407	3646	3646	0	0
IS	408	3577	3574	2	1
IS	409	3495	3495	0	0
IS	410	3397	3397	0	0
IS	411	3381	3381	0	0
IS	412	3330	3329	1	0
IS	413	3232	3232	0	0
IS	414	3207	3207	0	0
IS	415	3075	3075	0	0
IS	416	3094	3093	1	0
IS	417	2878	2876	1	1
IS	418	2933	2933	0	0
IS	419	2947	2947	0	0
IS	420	2988	2987	1	0
IS	421	2865	2865	0	0
IS	422	2777	2776	1	0
IS	423	2730	2730	0	0
IS	424	2741	2741	0	0
IS	425	2589	2589	0	0
IS	426	2585	2582	3	0
IS	427	2687	2687	0	0
IS	428	2504	2504	0	0
IS	429	2556	2556	0	0
IS	430	2474	2474	0	0
IS	431	2385	2385	0	0
IS	432	2320	2319	1	0
IS	433	2333	2333	0	0
IS	434	2273	2273	0	0
IS	435	2269	2269	0	0
IS	436	2185	2185	0	0
IS	437	2144	2141	3	0
IS	438	2146	2146	0	0
IS	439	1977	1977	0	0
IS	440	2013	2013	0	0
IS	441	2007	2005	2	0
IS	442	2035	2035	0	0
IS	443	1978	1978	0	0
IS	444	1939	1939	0	0
IS	445	1881	1881	0	0
IS	446	1818	1818	0	0
IS	447	1822	1822	0	0
IS	448	1804	1803	0	1
IS	449	1727	1727	0	0
IS	450	1699	1699	0	0
IS	451	1645	1645	0	0
IS	452	1618	1616	2	0
IS	453	1638	1638	0	0
IS	454	1653	1653	0	0
IS	455	1653	1652	1	0
IS	456	1496	1496	0	0
IS	457	1467	1467	0	0
IS	458	1467	1467	0	0
IS	459	1441	1441	0	0
IS	460	1491	1491	0	0
IS	461	1363	1363	0	0
IS	462	1416	1416	0	0
IS	463	1345	1345	0	0
IS	464	1407	1407	0	0
IS	465	1363	1363	0	0
IS	466	1280	1280	0	0
IS	467	1243	1243	0	0
# Read lengths. Use `grep ^RL | cut -f 2-` to extract this part. The columns are: read length, count
RL	100	15029250
# Read lengths - first fragments. Use `grep ^FRL | cut -f 2-` to extract this part. The columns are: read length, count
FRL	100	7514625
# Read lengths - last fragments. Use `grep ^LRL | cut -f 2-` to extract this part. The columns are: read length, count
LRL	100	7514625
# Mapping qualities for reads !(UNMAP|SECOND|SUPPL|QCFAIL|DUP). Use `grep ^MAPQ | cut -f 2-` to extract this part. The columns are: mapq, count
MAPQ	0	2650986
MAPQ	1	8648
MAPQ	2	2513
MAPQ	3	12723
MAPQ	4	5847
MAPQ	5	5420
MAPQ	6	6587
MAPQ	7	10240
MAPQ	8	4604
MAPQ	9	14113
MAPQ	10	8810
MAPQ	11	4282
MAPQ	12	4972
MAPQ	13	7691
MAPQ	14	2159
MAPQ	15	11281
MAPQ	16	4954
MAPQ	17	4771
MAPQ	18	6146
MAPQ	19	10702
MAPQ	20	17215
MAPQ	21	22050
MAPQ	22	64415
MAPQ	23	54807
MAPQ	24	60569
MAPQ	25	131803
MAPQ	26	2941
MAPQ	27	201809
MAPQ	28	3078
MAPQ	29	2337
MAPQ	30	3915
MAPQ	31	6394
MAPQ	32	1133
MAPQ	33	11275
MAPQ	34	3509
MAPQ	35	3410
MAPQ	36	4338
MAPQ	37	9119
MAPQ	38	1853
MAPQ	39	14822
MAPQ	40	204120
MAPQ	41	4090
MAPQ	42	10141
MAPQ	43	12084
MAPQ	44	11686
MAPQ	45	34808
MAPQ	46	25478
MAPQ	47	42720
MAPQ	48	63862
MAPQ	49	35228
MAPQ	50	153300
MAPQ	51	7766
MAPQ	52	17543
MAPQ	53	8286
MAPQ	54	7418
MAPQ	55	20989
MAPQ	56	1354
MAPQ	57	24327
MAPQ	58	2170
MAPQ	59	3208
MAPQ	60	10924618
# Indel distribution. Use `grep ^ID | cut -f 2-` to extract this part. The columns are: length, number of insertions, number of deletions
ID	1	40253	59213
ID	2	10880	15744
ID	3	5613	8483
ID	4	5111	6282
ID	5	1432	1739
ID	6	1275	2033
ID	7	469	683
ID	8	564	1470
ID	9	298	394
ID	10	468	531
ID	11	65	477
ID	12	277	739
ID	13	54	319
ID	14	110	190
ID	15	80	197
ID	16	166	209
ID	17	22	111
ID	18	43	150
ID	19	27	42
ID	20	13	113
ID	21	49	114
ID	22	10	45
ID	23	6	66
ID	24	7	34
ID	25	6	94
ID	26	11	15
ID	27	5	26
ID	28	1	14
ID	29	0	13
ID	30	0	4
ID	31	0	8
ID	32	0	2
ID	33	0	19
ID	34	0	11
ID	36	0	3
ID	37	0	1
ID	38	0	1
ID	45	0	1
# Indels per cycle. Use `grep ^IC | cut -f 2-` to extract this part. The columns are: cycle, number of insertions (fwd), .. (rev) , number of deletions (fwd), .. (rev)
IC	2	0	0	0	1
IC	3	0	0	216	225
IC	4	180	208	240	235
IC	5	236	226	290	307
IC	6	237	227	320	341
IC	7	256	297	314	353
IC	8	278	251	351	367
IC	9	306	319	455	436
IC	10	335	281	459	446
IC	11	366	371	410	458
IC	12	348	355	442	474
IC	13	399	341	485	481
IC	14	368	339	436	500
IC	15	378	388	499	530
IC	16	375	362	541	532
IC	17	373	368	477	565
IC	18	418	432	546	585
IC	19	434	400	529	643
IC	20	379	379	574	600
IC	21	394	497	560	614
IC	22	421	417	572	606
IC	23	416	430	625	571
IC	24	382	391	657	622
IC	25	408	435	623	636
IC	26	387	424	647	650
IC	27	439	440	696	635
IC	28	450	422	604	662
IC	29	404	385	615	624
IC	30	404	391	610	605
IC	31	405	452	622	612
IC	32	400	419	594	607
IC	33	419	404	594	655
IC	34	437	362	603	563
IC	35	386	403	562	605
IC	36	436	397	581	584
IC	37	396	416	541	596
IC	38	399	408	639	602
IC	39	471	431	617	612
IC	40	463	411	640	533
IC	41	440	437	572	587
IC	42	420	406	579	595
IC	43	405	385	623	562
IC	44	369	373	639	523
IC	45	463	410	626	639
IC	46	414	421	606	572
IC	47	391	364	571	593
IC	48	369	365	632	587
IC	49	370	381	644	560
IC	50	377	370	567	599
IC	51	389	398	637	594
IC	52	403	389	634	612
IC	53	383	382	603	599
IC	54	387	369	593	581
IC	55	387	368	544	600
IC	56	375	387	590	561
IC	57	393	339	621	612
IC	58	384	402	552	604
IC	59	401	416	618	615
IC	60	432	384	584	568
IC	61	388	357	592	572
IC	62	344	361	560	518
IC	63	399	349	586	514
IC	64	386	395	566	595
IC	65	383	360	557	518
IC	66	412	376	594	557
IC	67	368	361	538	557
IC	68	378	377	567	552
IC	69	345	397	535	582
IC	70	365	377	572	533
IC	71	377	374	563	539
IC	72	369	352	570	512
IC	73	356	335	523	506
IC	74	333	318	515	506
IC	75	335	354	574	485
IC	76	331	363	548	516
IC	77	325	332	535	498
IC	78	352	306	529	496
IC	79	341	308	499	504
IC	80	302	314	492	491
IC	81	312	374	515	549
IC	82	345	336	515	504
IC	83	313	316	529	468
IC	84	306	350	487	455
IC	85	318	297	451	462
IC	86	319	280	476	416
IC	87	302	298	428	427
IC	88	262	280	399	435
IC	89	244	258	406	436
IC	90	255	249	398	377
IC	91	259	246	359	397
IC	92	228	255	346	322
IC	93	196	237	313	321
IC	94	187	211	315	361
IC	95	203	247	369	376
IC	96	241	241	349	403
IC	97	321	414	374	429
# Coverage distribution. Use `grep ^COV | cut -f 2-` to extract this part.
COV	[1-1]	1	69545635
COV	[2-2]	2	37596355
COV	[3-3]	3	15346893
COV	[4-4]	4	7684507
COV	[5-5]	5	3610665
COV	[6-6]	6	2037676
COV	[7-7]	7	1267839
COV	[8-8]	8	915579
COV	[9-9]	9	725546
COV	[10-10]	10	624925
COV	[11-11]	11	553687
COV	[12-12]	12	507926
COV	[13-13]	13	471719
COV	[14-14]	14	440594
COV	[15-15]	15	412172
COV	[16-16]	16	388955
COV	[17-17]	17	368391
COV	[18-18]	18	353766
COV	[19-19]	19	342298
COV	[20-20]	20	327888
COV	[21-21]	21	317735
COV	[22-22]	22	308935
COV	[23-23]	23	296537
COV	[24-24]	24	288508
COV	[25-25]	25	283802
COV	[26-26]	26	277490
COV	[27-27]	27	271749
COV	[28-28]	28	264515
COV	[29-29]	29	260360
COV	[30-30]	30	252571
COV	[31-31]	31	249273
COV	[32-32]	32	242755
COV	[33-33]	33	237531
COV	[34-34]	34	233626
COV	[35-35]	35	229816
COV	[36-36]	36	224952
COV	[37-37]	37	220339
COV	[38-38]	38	216284
COV	[39-39]	39	213117
COV	[40-40]	40	209040
COV	[41-41]	41	204603
COV	[42-42]	42	201323
COV	[43-43]	43	197134
COV	[44-44]	44	192027
COV	[45-45]	45	189300
COV	[46-46]	46	185164
COV	[47-47]	47	181990
COV	[48-48]	48	179536
COV	[49-49]	49	175244
COV	[50-50]	50	172741
COV	[51-51]	51	168979
COV	[52-52]	52	165119
COV	[53-53]	53	161450
COV	[54-54]	54	159415
COV	[55-55]	55	155980
COV	[56-56]	56	152531
COV	[57-57]	57	147425
COV	[58-58]	58	145055
COV	[59-59]	59	142359
COV	[60-60]	60	138018
COV	[61-61]	61	135180
COV	[62-62]	62	131310
COV	[63-63]	63	128025
COV	[64-64]	64	125696
COV	[65-65]	65	123642
COV	[66-66]	66	121364
COV	[67-67]	67	117977
COV	[68-68]	68	116127
COV	[69-69]	69	112586
COV	[70-70]	70	108864
COV	[71-71]	71	107501
COV	[72-72]	72	104559
COV	[73-73]	73	102701
COV	[74-74]	74	100357
COV	[75-75]	75	98106
COV	[76-76]	76	95543
COV	[77-77]	77	92443
COV	[78-78]	78	89903
COV	[79-79]	79	87687
COV	[80-80]	80	84927
COV	[81-81]	81	82641
COV	[82-82]	82	80331
COV	[83-83]	83	78973
COV	[84-84]	84	77349
COV	[85-85]	85	75710
COV	[86-86]	86	73782
COV	[87-87]	87	71229
COV	[88-88]	88	69599
COV	[89-89]	89	67990
COV	[90-90]	90	66179
COV	[91-91]	91	64833
COV	[92-92]	92	64176
COV	[93-93]	93	61704
COV	[94-94]	94	60895
COV	[95-95]	95	58986
COV	[96-96]	96	58376
COV	[97-97]	97	57074
COV	[98-98]	98	55500
COV	[99-99]	99	53748
COV	[100-100]	100	52079
COV	[101-101]	101	50748
COV	[102-102]	102	50067
COV	[103-103]	103	49323
COV	[104-104]	104	47522
COV	[105-105]	105	46815
COV	[106-106]	106	46055
COV	[107-107]	107	44548
COV	[108-108]	108	43453
COV	[109-109]	109	42876
COV	[110-110]	110	41463
COV	[111-111]	111	40688
COV	[112-112]	112	39825
COV	[113-113]	113	38734
COV	[114-114]	114	37746
COV	[115-115]	115	37382
COV	[116-116]	116	36182
COV	[117-117]	117	35287
COV	[118-118]	118	33988
COV	[119-119]	119	33407
COV	[120-120]	120	32701
COV	[121-121]	121	31673
COV	[122-122]	122	31228
COV	[123-123]	123	30357
COV	[124-124]	124	29938
COV	[125-125]	125	29530
COV	[126-126]	126	28415
COV	[127-127]	127	27682
COV	[128-128]	128	26489
COV	[129-129]	129	26074
COV	[130-130]	130	25526
COV	[131-131]	131	25107
COV	[132-132]	132	24454
COV	[133-133]	133	24249
COV	[134-134]	134	23566
COV	[135-135]	135	23132
COV	[136-136]	136	22807
COV	[137-137]	137	21897
COV	[138-138]	138	21851
COV	[139-139]	139	21521
COV	[140-140]	140	20750
COV	[141-141]	141	20660
COV	[142-142]	142	20276
COV	[143-143]	143	19951
COV	[144-144]	144	19587
COV	[145-145]	145	18991
COV	[146-146]	146	18663
COV	[147-147]	147	18176
COV	[148-148]	148	17742
COV	[149-149]	149	17587
COV	[150-150]	150	17185
COV	[151-151]	151	17118
COV	[152-152]	152	16425
COV	[153-153]	153	16386
COV	[154-154]	154	16075
COV	[155-155]	155	15691
COV	[156-156]	156	15300
COV	[157-157]	157	14931
COV	[158-158]	158	14656
COV	[159-159]	159	14337
COV	[160-160]	160	14350
COV	[161-161]	161	14283
COV	[162-162]	162	13996
COV	[163-163]	163	13601
COV	[164-164]	164	13623
COV	[165-165]	165	13304
COV	[166-166]	166	13016
COV	[167-167]	167	12727
COV	[168-168]	168	12584
COV	[169-169]	169	12288
COV	[170-170]	170	12065
COV	[171-171]	171	11876
COV	[172-172]	172	11446
COV	[173-173]	173	11535
COV	[174-174]	174	11114
COV	[175-175]	175	11100
COV	[176-176]	176	11124
COV	[177-177]	177	10815
COV	[178-178]	178	10465
COV	[179-179]	179	10360
COV	[180-180]	180	10029
COV	[181-181]	181	9958
COV	[182-182]	182	9854
COV	[183-183]	183	9783
COV	[184-184]	184	9556
COV	[185-185]	185	9333
COV	[186-186]	186	9258
COV	[187-187]	187	9184
COV	[188-188]	188	8881
COV	[189-189]	189	8792
COV	[190-190]	190	8824
COV	[191-191]	191	8558
COV	[192-192]	192	8668
COV	[193-193]	193	8380
COV	[194-194]	194	8313
COV	[195-195]	195	8050
COV	[196-196]	196	7975
COV	[197-197]	197	7897
COV	[198-198]	198	7666
COV	[199-199]	199	7754
COV	[200-200]	200	7691
COV	[201-201]	201	7593
COV	[202-202]	202	7606
COV	[203-203]	203	7533
COV	[204-204]	204	7193
COV	[205-205]	205	7299
COV	[206-206]	206	7236
COV	[207-207]	207	7167
COV	[208-208]	208	7032
COV	[209-209]	209	7086
COV	[210-210]	210	6966
COV	[211-211]	211	6790
COV	[212-212]	212	6471
COV	[213-213]	213	6709
COV	[214-214]	214	6467
COV	[215-215]	215	6309
COV	[216-216]	216	6355
COV	[217-217]	217	6338
COV	[218-218]	218	6184
COV	[219-219]	219	5961
COV	[220-220]	220	6049
COV	[221-221]	221	5818
COV	[222-222]	222	5742
COV	[223-223]	223	5646
COV	[224-224]	224	5420
COV	[225-225]	225	5486
COV	[226-226]	226	5412
COV	[227-227]	227	5262
COV	[228-228]	228	5250
COV	[229-229]	229	5177
COV	[230-230]	230	5237
COV	[231-231]	231	5229
COV	[232-232]	232	5086
COV	[233-233]	233	5049
COV	[234-234]	234	5077
COV	[235-235]	235	4899
COV	[236-236]	236	4885
COV	[237-237]	237	4887
COV	[238-238]	238	4921
COV	[239-239]	239	4739
COV	[240-240]	240	4731
COV	[241-241]	241	4630
COV	[242-242]	242	4563
COV	[243-243]	243	4475
COV	[244-244]	244	4448
COV	[245-245]	245	4290
COV	[246-246]	246	4133
COV	[247-247]	247	4336
COV	[248-248]	248	4209
COV	[249-249]	249	4167
COV	[250-250]	250	4300
COV	[251-251]	251	4259
COV	[252-252]	252	4154
COV	[253-253]	253	4180
COV	[254-254]	254	4027
COV	[255-255]	255	4034
COV	[256-256]	256	3944
COV	[257-257]	257	3890
COV	[258-258]	258	3930
COV	[259-259]	259	4065
COV	[260-260]	260	3901
COV	[261-261]	261	3763
COV	[262-262]	262	3750
COV	[263-263]	263	3652
COV	[264-264]	264	3714
COV	[265-265]	265	3667
COV	[266-266]	266	3535
COV	[267-267]	267	3649
COV	[268-268]	268	3518
COV	[269-269]	269	3567
COV	[270-270]	270	3504
COV	[271-271]	271	3420
COV	[272-272]	272	3438
COV	[273-273]	273	3408
COV	[274-274]	274	3375
COV	[275-275]	275	3391
COV	[276-276]	276	3301
COV	[277-277]	277	3212
COV	[278-278]	278	3191
COV	[279-279]	279	3217
COV	[280-280]	280	3156
COV	[281-281]	281	3158
COV	[282-282]	282	3148
COV	[283-283]	283	3272
COV	[284-284]	284	3086
COV	[285-285]	285	3033
COV	[286-286]	286	2877
COV	[287-287]	287	2952
COV	[288-288]	288	2937
COV	[289-289]	289	2898
COV	[290-290]	290	2829
COV	[291-291]	291	2879
COV	[292-292]	292	2764
COV	[293-293]	293	2793
COV	[294-294]	294	2811
COV	[295-295]	295	2792
COV	[296-296]	296	2761
COV	[297-297]	297	2830
COV	[298-298]	298	2797
COV	[299-299]	299	2762
COV	[300-300]	300	2757
COV	[301-301]	301	2688
COV	[302-302]	302	2686
COV	[303-303]	303	2693
COV	[304-304]	304	2633
COV	[305-305]	305	2566
COV	[306-306]	306	2548
COV	[307-307]	307	2529
COV	[308-308]	308	2542
COV	[309-309]	309	2535
COV	[310-310]	310	2503
COV	[311-311]	311	2481
COV	[312-312]	312	2450
COV	[313-313]	313	2396
COV	[314-314]	314	2399
COV	[315-315]	315	2456
COV	[316-316]	316	2431
COV	[317-317]	317	2293
COV	[318-318]	318	2307
COV	[319-319]	319	2298
COV	[320-320]	320	2187
COV	[321-321]	321	2201
COV	[322-322]	322	2331
COV	[323-323]	323	2208
COV	[324-324]	324	2172
COV	[325-325]	325	2177
COV	[326-326]	326	2194
COV	[327-327]	327	2116
COV	[328-328]	328	2170
COV	[329-329]	329	2198
COV	[330-330]	330	2137
COV	[331-331]	331	2039
COV	[332-332]	332	2080
COV	[333-333]	333	2113
COV	[334-334]	334	2146
COV	[335-335]	335	2015
COV	[336-336]	336	2053
COV	[337-337]	337	2004
COV	[338-338]	338	1965
COV	[339-339]	339	1979
COV	[340-340]	340	1950
COV	[341-341]	341	1932
COV	[342-342]	342	1839
COV	[343-343]	343	1742
COV	[344-344]	344	1897
COV	[345-345]	345	1716
COV	[346-346]	346	1774
COV	[347-347]	347	1824
COV	[348-348]	348	1785
COV	[349-349]	349	1728
COV	[350-350]	350	1764
COV	[351-351]	351	1679
COV	[352-352]	352	1676
COV	[353-353]	353	1686
COV	[354-354]	354	1742
COV	[355-355]	355	1663
COV	[356-356]	356	1642
COV	[357-357]	357	1600
COV	[358-358]	358	1671
COV	[359-359]	359	1620
COV	[360-360]	360	1652
COV	[361-361]	361	1628
COV	[362-362]	362	1552
COV	[363-363]	363	1573
COV	[364-364]	364	1582
COV	[365-365]	365	1468
COV	[366-366]	366	1574
COV	[367-367]	367	1445
COV	[368-368]	368	1526
COV	[369-369]	369	1430
COV	[370-370]	370	1456
COV	[371-371]	371	1456
COV	[372-372]	372	1361
COV	[373-373]	373	1482
COV	[374-374]	374	1408
COV	[375-375]	375	1415
COV	[376-376]	376	1344
COV	[377-377]	377	1367
COV	[378-378]	378	1367
COV	[379-379]	379	1411
COV	[380-380]	380	1398
COV	[381-381]	381	1287
COV	[382-382]	382	1335
COV	[383-383]	383	1259
COV	[384-384]	384	1314
COV	[385-385]	385	1340
COV	[386-386]	386	1285
COV	[387-387]	387	1248
COV	[388-388]	388	1265
COV	[389-389]	389	1242
COV	[390-390]	390	1256
COV	[391-391]	391	1246
COV	[392-392]	392	1172
COV	[393-393]	393	1282
COV	[394-394]	394	1195
COV	[395-395]	395	1253
COV	[396-396]	396	1252
COV	[397-397]	397	1197
COV	[398-398]	398	1237
COV	[399-399]	399	1180
COV	[400-400]	400	1251
COV	[401-401]	401	1219
COV	[402-402]	402	1217
COV	[403-403]	403	1185
COV	[404-404]	404	1172
COV	[405-405]	405	1169
COV	[406-406]	406	1148
COV	[407-407]	407	1154
COV	[408-408]	408	1171
COV	[409-409]	409	1123
COV	[410-410]	410	1160
COV	[411-411]	411	1118
COV	[412-412]	412	1164
COV	[413-413]	413	1098
COV	[414-414]	414	1125
COV	[415-415]	415	1142
COV	[416-416]	416	1114
COV	[417-417]	417	1114
COV	[418-418]	418	1085
COV	[419-419]	419	1073
COV	[420-420]	420	1058
COV	[421-421]	421	1101
COV	[422-422]	422	1089
COV	[423-423]	423	1072
COV	[424-424]	424	1068
COV	[425-425]	425	1095
COV	[426-426]	426	1055
COV	[427-427]	427	1039
COV	[428-428]	428	1006
COV	[429-429]	429	935
COV	[430-430]	430	959
COV	[431-431]	431	990
COV	[432-432]	432	978
COV	[433-433]	433	958
COV	[434-434]	434	993
COV	[435-435]	435	986
COV	[436-436]	436	969
COV	[437-437]	437	932
COV	[438-438]	438	938
COV	[439-439]	439	917
COV	[440-440]	440	939
COV	[441-441]	441	895
COV	[442-442]	442	944
COV	[443-443]	443	905
COV	[444-444]	444	902
COV	[445-445]	445	930
COV	[446-446]	446	850
COV	[447-447]	447	877
COV	[448-448]	448	795
COV	[449-449]	449	873
COV	[450-450]	450	859
COV	[451-451]	451	860
COV	[452-452]	452	863
COV	[453-453]	453	863
COV	[454-454]	454	860
COV	[455-455]	455	828
COV	[456-456]	456	833
COV	[457-457]	457	853
COV	[458-458]	458	849
COV	[459-459]	459	851
COV	[460-460]	460	824
COV	[461-461]	461	793
COV	[462-462]	462	827
COV	[463-463]	463	725
COV	[464-464]	464	776
COV	[465-465]	465	768
COV	[466-466]	466	788
COV	[467-467]	467	776
COV	[468-468]	468	826
COV	[469-469]	469	757
COV	[470-470]	470	824
COV	[471-471]	471	798
COV	[472-472]	472	773
COV	[473-473]	473	806
COV	[474-474]	474	734
COV	[475-475]	475	786
COV	[476-476]	476	763
COV	[477-477]	477	732
COV	[478-478]	478	713
COV	[479-479]	479	720
COV	[480-480]	480	771
COV	[481-481]	481	749
COV	[482-482]	482	707
COV	[483-483]	483	725
COV	[484-484]	484	696
COV	[485-485]	485	789
COV	[486-486]	486	704
COV	[487-487]	487	696
COV	[488-488]	488	658
COV	[489-489]	489	636
COV	[490-490]	490	627
COV	[491-491]	491	623
COV	[492-492]	492	638
COV	[493-493]	493	598
COV	[494-494]	494	618
COV	[495-495]	495	575
COV	[496-496]	496	615
COV	[497-497]	497	630
COV	[498-498]	498	639
COV	[499-499]	499	638
COV	[500-500]	500	601
COV	[501-501]	501	600
COV	[502-502]	502	575
COV	[503-503]	503	561
COV	[504-504]	504	570
COV	[505-505]	505	573
COV	[506-506]	506	577
COV	[507-507]	507	545
COV	[508-508]	508	582
COV	[509-509]	509	565
COV	[510-510]	510	554
COV	[511-511]	511	565
COV	[512-512]	512	508
COV	[513-513]	513	579
COV	[514-514]	514	534
COV	[515-515]	515	539
COV	[516-516]	516	573
COV	[517-517]	517	555
COV	[518-518]	518	557
COV	[519-519]	519	492
COV	[520-520]	520	517
COV	[521-521]	521	507
COV	[522-522]	522	566
COV	[523-523]	523	523
COV	[524-524]	524	530
COV	[525-525]	525	538
COV	[526-526]	526	554
COV	[527-527]	527	556
COV	[528-528]	528	563
COV	[529-529]	529	505
COV	[530-530]	530	492
COV	[531-531]	531	471
COV	[532-532]	532	518
COV	[533-533]	533	491
COV	[534-534]	534	486
COV	[535-535]	535	471
COV	[536-536]	536	484
COV	[537-537]	537	470
COV	[538-538]	538	450
COV	[539-539]	539	477
COV	[540-540]	540	442
COV	[541-541]	541	477
COV	[542-542]	542	472
COV	[543-543]	543	455
COV	[544-544]	544	436
COV	[545-545]	545	427
COV	[546-546]	546	442
COV	[547-547]	547	439
COV	[548-548]	548	450
COV	[549-549]	549	432
COV	[550-550]	550	424
COV	[551-551]	551	388
COV	[552-552]	552	356
COV	[553-553]	553	440
COV	[554-554]	554	391
COV	[555-555]	555	420
COV	[556-556]	556	438
COV	[557-557]	557	388
COV	[558-558]	558	424
COV	[559-559]	559	409
COV	[560-560]	560	442
COV	[561-561]	561	414
COV	[562-562]	562	404
COV	[563-563]	563	395
COV	[564-564]	564	389
COV	[565-565]	565	388
COV	[566-566]	566	361
COV	[567-567]	567	350
COV	[568-568]	568	367
COV	[569-569]	569	337
COV	[570-570]	570	367
COV	[571-571]	571	343
COV	[572-572]	572	328
COV	[573-573]	573	343
COV	[574-574]	574	343
COV	[575-575]	575	343
COV	[576-576]	576	361
COV	[577-577]	577	346
COV	[578-578]	578	342
COV	[579-579]	579	340
COV	[580-580]	580	353
COV	[581-581]	581	308
COV	[582-582]	582	322
COV	[583-583]	583	391
COV	[584-584]	584	348
COV	[585-585]	585	328
COV	[586-586]	586	355
COV	[587-587]	587	302
COV	[588-588]	588	347
COV	[589-589]	589	332
COV	[590-590]	590	327
COV	[591-591]	591	275
COV	[592-592]	592	344
COV	[593-593]	593	306
COV	[594-594]	594	344
COV	[595-595]	595	345
COV	[596-596]	596	312
COV	[597-597]	597	292
COV	[598-598]	598	298
COV	[599-599]	599	313
COV	[600-600]	600	306
COV	[601-601]	601	304
COV	[602-602]	602	290
COV	[603-603]	603	309
COV	[604-604]	604	289
COV	[605-605]	605	268
COV	[606-606]	606	273
COV	[607-607]	607	263
COV	[608-608]	608	297
COV	[609-609]	609	291
COV	[610-610]	610	260
COV	[611-611]	611	287
COV	[612-612]	612	249
COV	[613-613]	613	296
COV	[614-614]	614	259
COV	[615-615]	615	284
COV	[616-616]	616	248
COV	[617-617]	617	266
COV	[618-618]	618	252
COV	[619-619]	619	280
COV	[620-620]	620	269
COV	[621-621]	621	274
COV	[622-622]	622	250
COV	[623-623]	623	249
COV	[624-624]	624	251
COV	[625-625]	625	250
COV	[626-626]	626	224
COV	[627-627]	627	249
COV	[628-628]	628	253
COV	[629-629]	629	232
COV	[630-630]	630	223
COV	[631-631]	631	215
COV	[632-632]	632	233
COV	[633-633]	633	250
COV	[634-634]	634	243
COV	[635-635]	635	196
COV	[636-636]	636	207
COV	[637-637]	637	222
COV	[638-638]	638	235
COV	[639-639]	639	215
COV	[640-640]	640	219
COV	[641-641]	641	199
COV	[642-642]	642	190
COV	[643-643]	643	205
COV	[644-644]	644	212
COV	[645-645]	645	208
COV	[646-646]	646	206
COV	[647-647]	647	227
COV	[648-648]	648	201
COV	[649-649]	649	201
COV	[650-650]	650	197
COV	[651-651]	651	210
COV	[652-652]	652	223
COV	[653-653]	653	182
COV	[654-654]	654	192
COV	[655-655]	655	188
COV	[656-656]	656	160
COV	[657-657]	657	193
COV	[658-658]	658	203
COV	[659-659]	659	185
COV	[660-660]	660	176
COV	[661-661]	661	163
COV	[662-662]	662	159
COV	[663-663]	663	174
COV	[664-664]	664	182
COV	[665-665]	665	185
COV	[666-666]	666	188
COV	[667-667]	667	175
COV	[668-668]	668	212
COV	[669-669]	669	186
COV	[670-670]	670	161
COV	[671-671]	671	176
COV	[672-672]	672	170
COV	[673-673]	673	186
COV	[674-674]	674	188
COV	[675-675]	675	179
COV	[676-676]	676	187
COV	[677-677]	677	168
COV	[678-678]	678	172
COV	[679-679]	679	198
COV	[680-680]	680	155
COV	[681-681]	681	166
COV	[682-682]	682	180
COV	[683-683]	683	152
COV	[684-684]	684	179
COV	[685-685]	685	158
COV	[686-686]	686	168
COV	[687-687]	687	171
COV	[688-688]	688	154
COV	[689-689]	689	164
COV	[690-690]	690	160
COV	[691-691]	691	159
COV	[692-692]	692	161
COV	[693-693]	693	156
COV	[694-694]	694	185
COV	[695-695]	695	195
COV	[696-696]	696	158
COV	[697-697]	697	156
COV	[698-698]	698	146
COV	[699-699]	699	148
COV	[700-700]	700	151
COV	[701-701]	701	149
COV	[702-702]	702	160
COV	[703-703]	703	147
COV	[704-704]	704	168
COV	[705-705]	705	160
COV	[706-706]	706	151
COV	[707-707]	707	116
COV	[708-708]	708	130
COV	[709-709]	709	140
COV	[710-710]	710	158
COV	[711-711]	711	129
COV	[712-712]	712	175
COV	[713-713]	713	146
COV	[714-714]	714	128
COV	[715-715]	715	143
COV	[716-716]	716	134
COV	[717-717]	717	135
COV	[718-718]	718	136
COV	[719-719]	719	133
COV	[720-720]	720	156
COV	[721-721]	721	117
COV	[722-722]	722	127
COV	[723-723]	723	112
COV	[724-724]	724	123
COV	[725-725]	725	148
COV	[726-726]	726	136
COV	[727-727]	727	122
COV	[728-728]	728	111
COV	[729-729]	729	118
COV	[730-730]	730	127
COV	[731-731]	731	104
COV	[732-732]	732	117
COV	[733-733]	733	115
COV	[734-734]	734	104
COV	[735-735]	735	100
COV	[736-736]	736	100
COV	[737-737]	737	102
COV	[738-738]	738	115
COV	[739-739]	739	89
COV	[740-740]	740	103
COV	[741-741]	741	92
COV	[742-742]	742	111
COV	[743-743]	743	100
COV	[744-744]	744	92
COV	[745-745]	745	121
COV	[746-746]	746	115
COV	[747-747]	747	113
COV	[748-748]	748	114
COV	[749-749]	749	112
COV	[750-750]	750	92
COV	[751-751]	751	107
COV	[752-752]	752	85
COV	[753-753]	753	76
COV	[754-754]	754	98
COV	[755-755]	755	101
COV	[756-756]	756	109
COV	[757-757]	757	98
COV	[758-758]	758	94
COV	[759-759]	759	95
COV	[760-760]	760	128
COV	[761-761]	761	96
COV	[762-762]	762	86
COV	[763-763]	763	99
COV	[764-764]	764	99
COV	[765-765]	765	99
COV	[766-766]	766	121
COV	[767-767]	767	129
COV	[768-768]	768	122
COV	[769-769]	769	98
COV	[770-770]	770	103
COV	[771-771]	771	96
COV	[772-772]	772	104
COV	[773-773]	773	115
COV	[774-774]	774	96
COV	[775-775]	775	105
COV	[776-776]	776	98
COV	[777-777]	777	112
COV	[778-778]	778	94
COV	[779-779]	779	113
COV	[780-780]	780	109
COV	[781-781]	781	94
COV	[782-782]	782	115
COV	[783-783]	783	118
COV	[784-784]	784	130
COV	[785-785]	785	120
COV	[786-786]	786	118
COV	[787-787]	787	127
COV	[788-788]	788	99
COV	[789-789]	789	92
COV	[790-790]	790	120
COV	[791-791]	791	130
COV	[792-792]	792	131
COV	[793-793]	793	110
COV	[794-794]	794	100
COV	[795-795]	795	120
COV	[796-796]	796	109
COV	[797-797]	797	113
COV	[798-798]	798	111
COV	[799-799]	799	120
COV	[800-800]	800	115
COV	[801-801]	801	142
COV	[802-802]	802	119
COV	[803-803]	803	99
COV	[804-804]	804	105
COV	[805-805]	805	114
COV	[806-806]	806	121
COV	[807-807]	807	107
COV	[808-808]	808	119
COV	[809-809]	809	108
COV	[810-810]	810	110
COV	[811-811]	811	117
COV	[812-812]	812	101
COV	[813-813]	813	92
COV	[814-814]	814	111
COV	[815-815]	815	111
COV	[816-816]	816	92
COV	[817-817]	817	95
COV	[818-818]	818	111
COV	[819-819]	819	105
COV	[820-820]	820	89
COV	[821-821]	821	84
COV	[822-822]	822	102
COV	[823-823]	823	96
COV	[824-824]	824	101
COV	[825-825]	825	94
COV	[826-826]	826	89
COV	[827-827]	827	94
COV	[828-828]	828	95
COV	[829-829]	829	76
COV	[830-830]	830	76
COV	[831-831]	831	110
COV	[832-832]	832	100
COV	[833-833]	833	84
COV	[834-834]	834	88
COV	[835-835]	835	69
COV	[836-836]	836	57
COV	[837-837]	837	76
COV	[838-838]	838	71
COV	[839-839]	839	72
COV	[840-840]	840	75
COV	[841-841]	841	67
COV	[842-842]	842	79
COV	[843-843]	843	68
COV	[844-844]	844	89
COV	[845-845]	845	77
COV	[846-846]	846	64
COV	[847-847]	847	78
COV	[848-848]	848	71
COV	[849-849]	849	69
COV	[850-850]	850	71
COV	[851-851]	851	75
COV	[852-852]	852	88
COV	[853-853]	853	79
COV	[854-854]	854	83
COV	[855-855]	855	78
COV	[856-856]	856	84
COV	[857-857]	857	84
COV	[858-858]	858	80
COV	[859-859]	859	77
COV	[860-860]	860	78
COV	[861-861]	861	69
COV	[862-862]	862	70
COV	[863-863]	863	84
COV	[864-864]	864	85
COV	[865-865]	865	64
COV	[866-866]	866	66
COV	[867-867]	867	76
COV	[868-868]	868	77
COV	[869-869]	869	85
COV	[870-870]	870	68
COV	[871-871]	871	57
COV	[872-872]	872	57
COV	[873-873]	873	59
COV	[874-874]	874	60
COV	[875-875]	875	57
COV	[876-876]	876	54
COV	[877-877]	877	53
COV	[878-878]	878	55
COV	[879-879]	879	57
COV	[880-880]	880	76
COV	[881-881]	881	70
COV	[882-882]	882	55
COV	[883-883]	883	60
COV	[884-884]	884	64
COV	[885-885]	885	63
COV	[886-886]	886	59
COV	[887-887]	887	56
COV	[888-888]	888	47
COV	[889-889]	889	57
COV	[890-890]	890	48
COV	[891-891]	891	45
COV	[892-892]	892	51
COV	[893-893]	893	47
COV	[894-894]	894	43
COV	[895-895]	895	56
COV	[896-896]	896	48
COV	[897-897]	897	50
COV	[898-898]	898	45
COV	[899-899]	899	48
COV	[900-900]	900	50
COV	[901-901]	901	32
COV	[902-902]	902	41
COV	[903-903]	903	43
COV	[904-904]	904	47
COV	[905-905]	905	52
COV	[906-906]	906	49
COV	[907-907]	907	52
COV	[908-908]	908	48
COV	[909-909]	909	52
COV	[910-910]	910	42
COV	[911-911]	911	49
COV	[912-912]	912	51
COV	[913-913]	913	49
COV	[914-914]	914	42
COV	[915-915]	915	61
COV	[916-916]	916	48
COV	[917-917]	917	53
COV	[918-918]	918	52
COV	[919-919]	919	41
COV	[920-920]	920	42
COV	[921-921]	921	45
COV	[922-922]	922	42
COV	[923-923]	923	36
COV	[924-924]	924	41
COV	[925-925]	925	32
COV	[926-926]	926	47
COV	[927-927]	927	42
COV	[928-928]	928	51
COV	[929-929]	929	40
COV	[930-930]	930	49
COV	[931-931]	931	35
COV	[932-932]	932	36
COV	[933-933]	933	29
COV	[934-934]	934	37
COV	[935-935]	935	46
COV	[936-936]	936	32
COV	[937-937]	937	30
COV	[938-938]	938	29
COV	[939-939]	939	38
COV	[940-940]	940	28
COV	[941-941]	941	43
COV	[942-942]	942	24
COV	[943-943]	943	46
COV	[944-944]	944	40
COV	[945-945]	945	27
COV	[946-946]	946	27
COV	[947-947]	947	25
COV	[948-948]	948	25
COV	[949-949]	949	39
COV	[950-950]	950	26
COV	[951-951]	951	29
COV	[952-952]	952	27
COV	[953-953]	953	28
COV	[954-954]	954	30
COV	[955-955]	955	39
COV	[956-956]	956	30
COV	[957-957]	957	29
COV	[958-958]	958	28
COV	[959-959]	959	30
COV	[960-960]	960	27
COV	[961-961]	961	28
COV	[962-962]	962	35
COV	[963-963]	963	30
COV	[964-964]	964	29
COV	[965-965]	965	45
COV	[966-966]	966	47
COV	[967-967]	967	38
COV	[968-968]	968	34
COV	[969-969]	969	36
COV	[970-970]	970	41
COV	[971-971]	971	38
COV	[972-972]	972	32
COV	[973-973]	973	24
COV	[974-974]	974	34
COV	[975-975]	975	39
COV	[976-976]	976	39
COV	[977-977]	977	38
COV	[978-978]	978	35
COV	[979-979]	979	39
COV	[980-980]	980	37
COV	[981-981]	981	46
COV	[982-982]	982	31
COV	[983-983]	983	36
COV	[984-984]	984	33
COV	[985-985]	985	28
COV	[986-986]	986	31
COV	[987-987]	987	35
COV	[988-988]	988	29
COV	[989-989]	989	25
COV	[990-990]	990	24
COV	[991-991]	991	34
COV	[992-992]	992	21
COV	[993-993]	993	38
COV	[994-994]	994	36
COV	[995-995]	995	27
COV	[996-996]	996	30
COV	[997-997]	997	31
COV	[998-998]	998	23
COV	[999-999]	999	28
COV	[1000-1000]	1000	34
COV	[1000<]	1000	5923
# GC-depth. Use `grep ^GCD | cut -f 2-` to extract this part. The columns are: GC%, unique sequence percentiles, 10th, 25th, 50th, 75th and 90th depth percentile
GCD	0.0	0.010	0.000	0.000	0.000	0.000	0.000
GCD	1.7	0.016	0.020	0.020	0.020	0.020	0.020
GCD	3.0	0.026	0.005	0.005	0.005	0.005	0.005
GCD	6.0	0.036	0.005	0.005	0.005	0.005	0.005
GCD	7.0	0.052	0.005	0.005	0.005	0.005	0.005
GCD	8.0	0.073	0.005	0.005	0.007	0.014	0.015
GCD	9.0	0.083	0.005	0.005	0.005	0.005	0.005
GCD	10.0	0.093	0.005	0.005	0.007	0.010	0.010
GCD	11.0	0.104	0.005	0.005	0.005	0.005	0.005
GCD	12.0	0.109	0.005	0.005	0.005	0.005	0.005
GCD	13.0	0.140	0.005	0.005	0.005	0.007	0.015
GCD	14.0	0.150	0.005	0.005	0.005	0.005	0.005
GCD	15.0	0.171	0.005	0.005	0.005	0.005	0.005
GCD	16.0	0.186	0.005	0.005	0.005	0.005	0.005
GCD	18.0	0.223	0.005	0.005	0.005	0.005	0.015
GCD	19.0	0.243	0.005	0.005	0.005	0.009	0.010
GCD	20.0	0.274	0.005	0.005	0.005	0.010	0.010
GCD	21.0	0.300	0.005	0.005	0.005	0.005	0.005
GCD	22.0	0.316	0.005	0.005	0.005	0.010	0.010
GCD	23.0	0.331	0.005	0.005	0.005	0.010	0.010
GCD	24.0	0.347	0.005	0.005	0.005	0.010	0.010
GCD	25.0	0.378	0.005	0.005	0.005	0.010	0.010
GCD	26.0	0.430	0.005	0.005	0.005	0.005	0.005
GCD	27.0	0.482	0.005	0.005	0.005	0.010	0.019
GCD	28.0	0.559	0.005	0.005	0.010	0.010	0.014
GCD	29.0	0.616	0.005	0.005	0.005	0.015	0.321
GCD	30.0	0.710	0.005	0.005	0.010	0.045	0.572
GCD	31.0	0.896	0.005	0.010	0.010	0.447	3.569
GCD	32.0	1.191	0.005	0.010	0.355	2.270	5.727
GCD	33.0	1.735	0.010	0.013	1.610	4.835	8.725
GCD	34.0	2.693	0.010	0.010	0.810	4.093	7.570
GCD	35.0	4.273	0.010	0.080	0.540	3.493	7.010
GCD	36.0	6.769	0.010	0.278	0.540	2.904	7.578
GCD	37.0	10.648	0.010	0.312	0.540	2.030	6.210
GCD	38.0	15.993	0.010	0.021	0.510	1.235	4.688
GCD	39.0	21.405	0.010	0.387	0.560	1.168	5.274
GCD	40.0	26.868	0.020	0.450	0.640	1.260	4.981
GCD	41.0	33.036	0.010	0.450	0.660	1.265	5.144
GCD	42.0	38.687	0.052	0.555	0.750	1.635	6.262
GCD	43.0	44.430	0.020	0.575	0.785	1.620	5.940
GCD	44.0	50.148	0.010	0.600	0.835	1.460	6.705
GCD	45.0	55.409	0.075	0.670	0.965	2.039	6.963
GCD	46.0	59.858	0.445	0.705	0.995	2.225	7.485
GCD	47.0	64.219	0.030	0.735	1.040	2.791	7.990
GCD	48.0	68.020	0.030	0.780	1.125	3.175	8.422
GCD	49.0	71.666	0.010	0.790	1.215	4.539	10.323
GCD	50.0	75.048	0.010	0.717	1.185	3.372	9.624
GCD	51.0	77.860	0.010	0.910	1.495	5.775	11.765
GCD	52.0	80.367	0.010	0.981	1.663	5.825	13.222
GCD	53.0	82.801	0.010	0.985	2.180	6.254	14.250
GCD	54.0	84.919	0.010	1.080	2.800	8.377	15.765
GCD	55.0	86.887	0.010	1.102	2.578	9.915	19.735
GCD	56.0	88.876	0.010	0.842	3.392	9.505	15.472
GCD	57.0	90.564	0.010	1.254	4.155	12.251	21.861
GCD	58.0	92.371	0.010	1.355	4.825	12.387	20.635
GCD	59.0	93.982	0.010	1.600	5.745	13.385	22.286
GCD	60.0	95.303	0.010	1.760	6.810	15.430	25.260
GCD	61.0	96.509	0.010	1.237	6.180	14.210	22.144
GCD	62.0	97.597	0.010	0.010	6.082	15.055	27.250
GCD	63.0	98.239	0.010	0.023	6.188	16.285	25.020
GCD	64.0	98.804	0.010	0.010	4.685	16.490	31.330
GCD	65.0	99.177	0.010	0.010	5.475	19.839	31.250
GCD	66.0	99.425	0.010	0.010	0.015	15.339	31.156
GCD	67.0	99.606	0.010	0.010	0.010	0.010	12.170
GCD	68.0	99.710	0.005	0.010	0.010	0.020	0.047
GCD	69.0	99.793	0.010	0.010	0.010	0.020	0.043
GCD	70.0	99.834	0.005	0.010	0.020	0.045	0.270
GCD	71.0	99.850	0.010	0.010	0.010	0.010	0.010
GCD	72.0	99.871	0.005	0.006	0.010	0.018	0.020
GCD	73.0	99.907	0.010	0.010	0.010	0.010	0.010
GCD	74.0	99.927	0.010	0.010	0.013	0.019	0.020
GCD	76.0	99.933	0.020	0.020	0.020	0.020	0.020
GCD	77.0	99.943	0.010	0.010	0.020	0.030	0.030
GCD	78.0	99.964	0.010	0.010	0.010	0.014	0.015
GCD	79.0	99.974	0.010	0.010	0.010	0.010	0.010
GCD	80.0	99.984	0.010	0.010	0.010	0.010	0.010
GCD	81.0	99.995	0.005	0.005	0.007	0.010	0.010
GCD	82.0	100.000	0.005	0.005	0.005	0.005	0.005
