# This file was produced by samtools stats (1.23.1+htslib-1.23.1) and can be plotted using plot-bamstats
# This file contains statistics for all reads.
# The command line was:  stats Control.sorted.bam
# CHK, Checksum	[2]Read Names	[3]Sequences	[4]Qualities
# CHK, CRC32 of reads which passed filtering followed by addition (32bit overflow)
CHK	3ce61ac7	edae2cee	be43588e
# Summary Numbers. Use `grep ^SN | cut -f 2-` to extract this part.
SN	raw total sequences:	19708438	# excluding supplementary and secondary reads
SN	filtered sequences:	0
SN	sequences:	19708438
SN	is sorted:	1	# sorted by coordinate
SN	1st fragments:	9854219
SN	last fragments:	9854219
SN	reads mapped:	19658191
SN	reads mapped and paired:	19613806	# paired-end technology bit set + both mates mapped
SN	reads unmapped:	50247
SN	reads properly paired:	19576046	# proper-pair bit set
SN	reads paired:	19708438	# paired-end technology bit set
SN	reads duplicated:	0	# PCR or optical duplicate bit set
SN	reads MQ0:	3476219	# mapped and MQ=0
SN	reads QC failed:	0
SN	non-primary alignments:	11733
SN	supplementary alignments:	0
SN	total length:	1970843800	# ignores clipping
SN	total first fragment length:	985421900	# ignores clipping
SN	total last fragment length:	985421900	# ignores clipping
SN	bases mapped:	1965819100	# ignores clipping
SN	bases mapped (cigar):	1957145547	# more accurate
SN	bases trimmed:	0
SN	bases duplicated:	0
SN	mismatches:	9402272	# from NM fields
SN	error rate:	4.804074e-03	# mismatches / bases mapped (cigar)
SN	average length:	100
SN	average first fragment length:	100
SN	average last fragment length:	100
SN	maximum length:	100
SN	maximum first fragment length:	100
SN	maximum last fragment length:	100
SN	average quality:	30.4
SN	insert size average:	234.5
SN	insert size standard deviation:	80.0
SN	inward oriented pairs:	9761424
SN	outward oriented pairs:	33785
SN	pairs with other orientation:	3280
SN	pairs on different chromosomes:	8414
SN	percentage of properly paired reads (%):	99.3
# First Fragment Qualities. Use `grep ^FFQ | cut -f 2-` to extract this part.
# Columns correspond to qualities and rows to cycles. First column is the cycle number.
FFQ	1	0	0	4248	0	0	41657	38517	58367	54359	0	0	0	0	508	0	1381	0	0	0	42677	42062	70209	7254	81918	7737	88119	174341	0	556032	820186	2118234	1888923	3757490	0	0	0	0	0	0
FFQ	2	0	487	163	0	1203	0	814	3871	3619	2715	2083	4563	1316	6402	4771	15991	2154	29366	33047	14006	28348	27287	124758	308925	39433	183239	380919	588106	395377	1046464	1247823	2494807	1853316	1008846	0	0	0	0	0
FFQ	3	0	0	325	0	156	1500	0	1813	1410	3540	4608	2428	2605	2169	5425	492	3948	8652	15000	16147	76755	84937	29037	66406	206903	174101	847718	1716293	1935262	1960276	1737502	948811	0	0	0	0	0	0	0
FFQ	4	0	2473	3319	0	1580	5466	9473	10314	4070	7599	6728	3450	0	9998	7275	4724	11750	9764	16835	21535	31126	65812	77728	207519	107356	162873	315055	761259	849569	406044	2045064	2017452	2671009	0	0	0	0	0	0
FFQ	5	0	571	504	2004	645	3202	1442	5369	7477	5800	5808	7186	6299	9207	5464	12248	2996	15996	9688	13710	25262	16404	29280	65768	184459	142058	131224	132945	341495	1052245	695065	1523584	2162502	3236312	0	0	0	0	0
FFQ	6	0	2078	903	2006	2950	1516	4538	8939	7201	4164	6347	8141	2836	6231	9890	18655	13429	21756	13071	24868	15579	20006	26582	66923	73820	213918	139841	207447	315407	466000	836263	573018	1764740	1877172	3097984	0	0	0	0
FFQ	7	0	2450	2085	2552	2885	3226	4429	9231	9666	7875	2899	9205	5935	12568	6240	22140	14195	19224	26065	14639	14895	29226	48334	52391	85716	273312	167799	139536	293397	732669	804154	387005	1973048	1946132	2729096	0	0	0	0
FFQ	8	0	710	2206	0	0	4976	943	2042	7033	10267	5223	4621	6091	7741	4304	9801	8841	23936	9559	20726	20956	20221	14277	36655	54266	179478	137979	78077	176819	398458	972381	655901	1573957	2192468	3213306	0	0	0	0
FFQ	9	0	2084	1076	585	4348	819	3644	7079	9658	6421	4577	11076	5309	6648	10470	16092	21070	28329	22142	13305	22646	10830	45114	118362	86855	96299	319637	250126	326329	368913	461012	929455	2068739	2229798	1534439	810933	0	0	0
FFQ	10	0	807	2376	1	1120	4211	1292	3074	9266	7304	6488	8887	6196	4172	8219	15666	10117	23035	17550	21069	20836	16235	16331	30641	116965	106647	185512	137706	302297	444089	470062	813609	2110432	2593957	1528072	809978	0	0	0
FFQ	11	0	2415	1967	2900	1974	2750	8169	8011	7782	8851	9751	3594	4684	13557	14992	17017	22684	7652	19691	25396	24479	4769	47462	95797	82700	97287	267360	219651	407254	379782	534345	999374	2065318	2146253	1495870	802681	0	0	0
FFQ	12	0	1047	2375	529	2058	2978	1964	7332	7326	7673	7648	5213	7656	7044	9862	10118	18915	15898	29308	19217	23926	15757	13019	71330	120373	77606	218926	279167	340351	439278	469122	975327	2083359	2248544	1514845	799128	0	0	0
FFQ	13	0	2080	1532	2861	420	3310	5879	7064	5733	9999	8296	1392	5332	13130	10270	11299	13017	19147	13023	30232	24852	20725	36521	72687	86992	145465	149723	209056	408614	466870	627097	1566022	2236158	2093947	1156393	389081	0	0	0
FFQ	14	0	2546	1941	1361	4148	2457	2206	8923	10239	10504	8832	7831	3286	11460	13890	12803	26114	14674	15554	15414	23558	16289	31754	109899	81933	111862	160326	267456	288786	297932	483461	1325879	1913484	2675851	1014608	876958	0	0	0
FFQ	15	0	2336	1928	340	4953	1080	3114	7359	11327	6431	10434	6749	6287	3734	16610	10264	25815	16048	22601	15937	11263	26570	39450	64017	105413	132645	194148	155850	272300	323866	542425	2009471	3014949	1766596	1021909	0	0	0	0
FFQ	16	0	404	2466	888	5	4532	1242	2176	7223	10238	5674	1945	12505	4947	2438	7906	14831	14186	22776	19274	16769	19719	17424	23590	59572	121997	170833	115773	142017	343273	442860	1708731	3046017	2098799	1273375	117814	0	0	0
FFQ	17	0	1159	2916	160	2331	1203	3983	4697	7289	5234	9848	8328	2580	4263	17121	7114	17205	13832	17673	18596	32926	26392	16891	64347	81849	145491	149177	186806	292923	335189	551414	2084756	2976446	1709094	1054986	0	0	0	0
FFQ	18	0	1993	1876	1982	4145	1120	4541	7903	10476	7860	6475	8975	6487	3387	13562	10034	22363	20725	22502	17289	21107	18005	44525	83443	101387	128412	210875	186190	330664	304777	777775	2141840	2990839	1389585	951100	0	0	0	0
FFQ	19	0	668	3122	1239	1971	866	4000	5523	7193	5690	6859	8445	5101	5160	16430	10743	18108	15933	19356	16985	21848	33187	18045	71487	84853	132632	163221	177958	258933	365302	434469	2010171	2964639	1812770	1080921	70391	0	0	0
FFQ	20	0	1933	2788	1013	3280	2273	2807	5090	11443	8598	5500	6315	7742	9131	13321	14457	19222	20143	25864	15451	20984	30036	45873	89014	94417	140475	206512	209300	334084	310180	712271	2162975	2960687	1395505	965535	0	0	0	0
FFQ	21	0	927	4408	3590	70	2282	7349	8131	4781	5657	10290	8962	4326	12526	12819	19558	9111	13478	22101	30195	21998	25909	76742	52788	62839	154843	264994	172701	236047	301025	580880	1873423	2932868	1674455	1168949	73197	0	0	0
FFQ	22	0	868	5543	1781	1538	2446	3591	8666	7367	9239	7409	5822	7381	6483	16405	12289	18267	19794	19329	23061	24146	32985	23146	78692	107175	121044	170933	181236	314618	361858	556485	2172425	2853589	1641407	962234	74967	0	0	0
FFQ	23	0	0	5866	2860	129	2067	3540	3317	6956	10021	8787	6943	4920	6701	7305	11819	9812	21564	21825	22812	21195	24894	27727	40484	72348	147836	156674	103969	189103	376848	489650	1783143	3123293	1921706	1066726	151379	0	0	0
FFQ	24	0	1145	8463	2866	2988	2782	4715	10975	11996	10089	7536	12336	5442	11795	20176	19452	27381	17088	25023	24412	15413	43871	81154	105050	103758	134150	204345	279093	295333	305983	705783	2140333	2938085	1353355	921853	0	0	0	0
FFQ	25	0	3025	9881	3640	3219	3723	7059	13234	12128	9165	8084	8802	10780	13745	17977	24370	25832	29529	20994	20060	39965	65769	66130	117561	142756	213312	238923	284009	332167	414793	772772	2174519	2580817	1261882	903597	0	0	0	0
FFQ	26	0	1745	15682	2492	4736	3308	6713	13010	18618	14140	8370	12882	10752	8119	17712	21918	32003	21597	22153	28499	24253	31154	63653	120338	90695	139805	176476	302100	344216	322682	729386	2121552	2893673	1342987	886800	0	0	0	0
FFQ	27	0	1018	19372	2870	4	6853	5298	7242	13179	16800	13870	8475	13811	7218	12024	12520	21729	30588	27595	23448	29195	29662	18964	88346	90428	152287	155135	155639	345766	362718	568807	1952913	2952749	1649206	983694	74796	0	0	0
FFQ	28	0	993	22910	3003	246	6059	5262	8706	13849	16917	14136	7599	11056	11782	8102	17243	17321	31109	31838	35717	18887	28120	22940	74141	117736	150302	157645	188325	361050	367557	486379	1761687	2932375	1744606	1033472	145149	0	0	0
FFQ	29	0	1520	24966	1382	4555	4306	5997	9811	18065	16672	11004	11601	10068	7538	12631	13921	22508	23785	32963	33521	28535	15307	33920	78803	121188	145538	169217	209733	274709	395152	551917	1878175	2917284	1796679	899324	71924	0	0	0
FFQ	30	0	993	27173	1680	2770	5411	4193	9311	12897	16109	16897	8778	13575	9120	7969	15542	20540	21838	39352	32484	29120	25570	24735	56006	156178	117088	205637	203815	267289	373816	518202	1475243	3027220	1842646	1194319	70703	0	0	0
FFQ	31	0	289	28830	6974	10	2871	6411	9927	13519	19131	14402	12223	11917	8744	7760	22898	16887	28986	40560	37210	22449	26235	35181	94176	141856	140492	173149	229205	372183	423977	725550	2200391	2793467	1402399	783960	0	0	0	0
FFQ	32	0	0	31724	5281	3138	2612	4570	9914	13126	19442	16902	11517	13716	8659	1081	23285	18089	19569	31625	40667	30193	20821	22100	41824	92107	179823	151478	121053	233169	401898	507711	1747676	2889963	2035731	966726	137029	0	0	0
FFQ	33	0	1541	36490	4439	0	6065	7224	13865	15816	17845	19292	7912	14928	5751	13112	23661	20624	27097	43052	32937	36494	17280	42857	129315	128240	155142	188095	317702	355773	405530	725592	2163244	2762259	1371578	743467	0	0	0	0
FFQ	34	0	1039	38730	1068	1235	7211	4238	7198	11891	11084	15999	11435	12252	10199	8509	17874	4040	21224	23992	33752	28353	34796	41056	59177	81551	115332	165246	143862	229254	292020	571899	1449455	2987395	2108596	1237400	65857	0	0	0
FFQ	35	0	0	39811	5737	2975	1916	5430	8516	14715	18788	16584	14772	9040	6021	6563	14363	21581	11149	23289	26615	45498	38354	18770	25738	73279	110818	219847	120147	156029	360879	457857	956825	3180501	2167869	1542780	131163	0	0	0
FFQ	36	0	0	42966	4548	4166	1881	3492	9082	12825	15907	18063	11399	13819	5797	6997	12207	15967	17671	16497	37246	37886	49055	19742	35785	84632	142418	163648	136189	214563	313509	569583	1439167	2879580	2246399	1206662	64871	0	0	0
FFQ	37	0	1424	47602	7706	0	4074	7250	14696	16194	21780	19320	10016	13881	4545	9321	27142	18765	19478	38428	41495	33399	28607	26287	88875	123850	194105	143137	235294	315869	442977	523689	1901637	2778755	1879222	815399	0	0	0	0
FFQ	38	0	1856	53165	2933	3655	4781	7806	13333	16859	19063	15192	17053	7083	7096	10443	16844	21095	20424	39134	47407	43794	27158	47531	84047	129348	182155	151277	258234	343267	447535	550238	1827575	2853023	1780834	802981	0	0	0	0
FFQ	39	0	1645	56313	2743	3035	4128	7449	11395	14894	17476	12946	14756	6946	4025	13468	16191	19179	22556	40076	36182	38047	25759	46444	80299	122524	148594	205481	194085	290523	421694	637358	1527286	3077429	1548781	1112080	72432	0	0	0
FFQ	40	0	0	58899	4771	3204	2167	4694	9407	11865	16826	16027	14528	7953	9021	4664	16384	13386	25124	18898	40893	27925	41474	31653	59090	102767	117703	210831	147162	284940	358162	407234	982794	3145809	1997610	1528720	131634	0	0	0
FFQ	41	0	856	63154	4369	3130	2798	4908	11055	10989	17702	18737	10353	12171	7756	8851	12299	20598	18656	26144	26631	24433	43166	52555	66037	75971	120020	154433	146112	252986	355669	657658	1549055	2983126	1708825	1317133	65883	0	0	0
FFQ	42	0	1894	68562	6301	0	4433	6852	13105	14687	21039	16986	9605	12665	2320	11504	24597	24127	18270	34886	34015	33140	39450	33859	94896	101133	161440	172765	188303	349374	421189	531315	1404053	3039866	1662868	1165257	129463	0	0	0
FFQ	43	0	0	73007	2005	4683	4067	1635	7220	11268	12991	19265	11391	16196	6094	6813	5833	10428	16980	17205	19560	37986	45024	40344	37964	69634	83623	215066	112250	158054	302777	517860	1050161	3038970	2177052	1592181	128632	0	0	0
FFQ	44	0	0	78695	1938	4706	3402	2851	5256	11661	12835	19359	18178	8848	11622	4343	2633	18104	19872	13724	24108	34906	45577	39761	39342	39582	91627	223122	107976	184329	326272	515534	1062761	3016161	2215074	1520752	129308	0	0	0
FFQ	45	0	1223	83913	3035	4767	2712	3989	8369	10670	16199	19781	16031	8941	10286	3214	6824	25459	16139	21482	24087	38877	33653	32633	34799	68567	80391	193756	133997	170603	324245	516777	822405	2579310	2513331	1634871	388883	0	0	0
FFQ	46	0	2696	89059	2305	3295	6014	3192	7989	14152	15722	21171	14975	12625	8052	2766	9655	23802	16527	25920	33209	44506	41008	31322	53386	87753	110537	177230	164992	263189	373513	582003	849419	2615761	2416863	1348574	381037	0	0	0
FFQ	47	0	2798	94482	3602	1907	6187	4629	8804	13431	17367	19752	15048	12415	7102	5007	14972	23823	20995	27934	30900	48405	37131	25865	54285	95616	130360	146809	217796	282285	480208	461910	871563	2111329	2658152	1242771	658579	0	0	0
FFQ	48	0	1389	100991	1566	2610	5978	3076	3558	9529	12570	15723	20526	10456	9857	5368	6091	15336	14693	20624	18765	31804	26203	38298	50762	72276	85569	145524	144256	199293	361861	423813	827725	2763571	2231457	1695611	477490	0	0	0
FFQ	49	0	0	106465	2168	2322	4025	3260	4238	4935	9119	13089	15029	17532	7169	9759	4035	3881	11463	19086	13991	15592	31635	43819	43040	62257	33001	140523	153451	127666	183964	408441	917356	2346524	2478291	1933523	683570	0	0	0
FFQ	50	0	0	112777	1680	3532	3890	3444	4681	10763	10262	17652	13768	11364	8722	3490	4639	11997	17936	19504	20935	32000	36878	40565	41887	50642	102050	183863	132161	149242	330120	565524	943619	2455276	2428906	1598953	481497	0	0	0
FFQ	51	0	0	117462	1693	3506	3745	3354	4847	11163	10224	17366	13112	11241	8623	4326	5685	13988	18128	16984	23538	37629	38540	35765	36593	60357	88364	207084	142813	154114	338462	498880	1024422	2397537	2596162	1435233	473279	0	0	0
FFQ	52	0	0	121645	2179	2692	5311	1174	4992	8374	10422	14857	12677	11585	11446	6519	5041	7260	18807	13368	24541	20982	44032	37753	38393	49018	72514	147996	190161	138516	251723	380613	870111	1957765	2719241	1879244	773267	0	0	0
FFQ	53	0	1377	128907	2833	2140	6240	3276	8385	11492	14546	21084	13512	9653	7453	8783	15864	20984	28007	26854	25030	31554	35384	51757	40516	102448	111971	177906	197189	217934	435021	458428	831451	2072414	2645665	1375104	713057	0	0	0
FFQ	54	0	0	136078	1474	2036	4520	4634	2267	7742	11216	12559	18773	11914	10143	6271	4553	11404	16695	17564	24676	25233	40738	33586	43341	47221	68106	155697	177012	154269	246416	494029	755856	2126368	2680252	1682906	818670	0	0	0
FFQ	55	0	0	141882	2295	2748	5680	1052	3875	9632	9597	12459	14919	7807	11531	9304	8669	8999	18718	15795	16404	34153	34314	40017	30433	78276	73772	139354	172947	171547	306706	437179	864209	2065863	2494544	1881217	728322	0	0	0
FFQ	56	0	1460	149773	2854	2036	5417	4503	7834	9328	14544	17025	11846	13372	6307	9510	11759	17762	23040	20248	32276	24635	36118	46751	50811	80607	96714	162610	190462	227609	329378	491578	810444	2079851	2572725	1518879	774153	0	0	0
FFQ	57	0	1463	157366	3054	2245	6626	3486	8001	11607	14162	20711	14857	9756	8691	9488	15141	20732	31153	23794	31756	36065	40926	34968	69041	100741	107992	184230	222401	321972	436114	560717	1062463	1952536	2515915	1255137	558912	0	0	0
FFQ	58	0	1411	165098	2979	2524	6540	4608	7625	10985	15523	18197	14008	9760	9946	8166	11336	19964	26271	15820	32204	31568	42712	29028	51598	79769	88822	175551	204186	239389	291278	497029	748652	2003289	2452172	1736340	799871	0	0	0
FFQ	59	0	0	173390	1577	2373	6388	1902	4779	8819	10296	15065	15824	9857	11573	8603	6675	9905	22586	15718	23953	28937	47140	39173	38957	55797	90103	141579	200646	163353	237858	483863	834079	2038786	2218769	2093105	792791	0	0	0
FFQ	60	0	0	179765	1982	1011	7442	2254	1120	6377	10347	7398	17611	10759	12090	11012	6502	5249	14653	16058	12531	28477	32091	44998	52529	30256	75608	104528	197504	141008	211352	344953	797137	1860829	2300240	2237912	1070636	0	0	0
FFQ	61	0	0	189129	1434	2216	6002	4186	2632	7314	10420	11760	18909	12619	8433	8122	3252	9527	14704	21046	21182	18677	40352	43939	44447	42396	71182	140554	186155	177391	222203	493802	824240	1950869	2292503	2028561	924061	0	0	0
FFQ	62	0	0	197678	1618	2295	6441	4208	2600	7589	10511	14092	19372	12463	9985	7365	7424	14847	14030	26620	17895	37892	34092	46236	44343	69100	79541	155139	178698	216336	320982	527556	774408	1912755	2277446	1881805	920857	0	0	0
FFQ	63	0	0	206799	1606	2332	6701	4225	2829	7902	10827	14316	18644	13513	8115	8762	7888	12188	19583	29417	17592	34459	36779	51109	28981	56855	101860	126801	237232	157644	257126	434238	874737	1882758	2205385	2109047	865969	0	0	0
FFQ	64	0	0	215573	1138	485	8875	2878	1913	5949	10104	9244	17490	15522	10099	9550	4421	6196	16013	20793	17564	32082	21395	55757	40204	36275	64953	86383	202666	179675	229945	420799	865972	1780768	2174551	2240742	1048245	0	0	0
FFQ	65	0	0	225133	1627	2584	8219	1738	4839	8847	9668	15974	16216	12838	11167	6602	9145	14823	21821	23009	31291	30932	46794	35173	49185	63260	102108	132593	240383	224617	254003	496208	790873	1892100	2089660	2129247	851542	0	0	0
FFQ	66	0	0	234516	1485	2641	8519	1716	5158	8886	9652	16497	14672	11982	12399	6531	6102	10810	20538	19352	21348	27914	42682	45424	39201	47120	74856	126071	193673	191348	206047	424345	932976	1929053	2102756	2194207	863742	0	0	0
FFQ	67	0	0	244281	1596	2672	9009	1718	5190	8899	10284	15806	17164	10954	12016	6326	7533	14917	26255	21777	26630	30648	42934	48588	39352	46754	94216	132818	252296	216785	305855	432484	899030	1588090	2104379	1948139	1022131	206693	0	0
FFQ	68	0	0	253097	1830	767	8474	3059	3699	3351	7480	10728	14391	18064	13085	8415	9969	5935	15671	16750	29548	20914	35012	34562	51306	51159	89570	73895	186289	186191	240299	365151	772989	1575994	2107407	2252235	1101352	285581	0	0
FFQ	69	0	0	264899	1133	553	11060	2574	1947	6696	10485	10386	18695	16780	8849	11227	3635	7718	20219	19300	24482	23111	36578	42929	50277	44924	72632	94897	151115	231085	207798	368098	784726	1563942	1971345	1750070	1677666	342388	0	0
FFQ	70	0	1218	275593	904	2522	10368	3828	3305	8042	10785	14988	20890	11791	9137	9247	7918	12775	16850	31681	15862	35635	35025	47856	43545	73040	77141	118949	224314	233785	251084	395274	794836	1489283	1968752	2214513	1080253	303230	0	0
FFQ	71	0	0	287042	917	556	11788	1651	2965	6812	8363	10198	16495	16587	11500	8740	5534	3548	17093	14323	24518	17869	41542	33136	65627	39344	63340	80616	157092	254691	187845	313478	703886	1459655	1938050	1895901	1625424	528093	0	0
FFQ	72	0	0	297991	1019	539	12237	2369	1987	6973	10491	10589	20101	14256	8647	10186	4598	6321	18878	15301	27772	15153	36783	34833	52417	50118	62699	73521	169889	227372	233895	423959	654243	1360314	1788458	2151207	1472266	576837	0	0
FFQ	73	0	0	310107	1009	555	13299	2356	2014	7154	11187	11170	22106	13433	9525	11765	4822	10420	19352	25354	22472	28074	40392	50763	40262	49886	73924	108638	219014	249135	244804	391069	740856	1291065	1674617	1975750	1925600	252270	0	0
FFQ	74	0	1041	321980	888	2970	12839	2844	3492	11308	10911	19442	19493	11162	7710	8931	8121	14707	25362	19067	29422	31189	36424	34273	50894	74946	57862	122889	209077	245424	298043	366824	705721	1273339	1777078	1798573	1701975	537998	0	0
FFQ	75	0	1028	334964	783	2624	13091	3791	3663	9710	11367	17099	19292	11858	10207	8068	5558	12906	17607	26353	16923	33190	39706	49554	49593	73193	71576	121767	165589	290154	243204	359441	716895	1324524	1761751	1793471	1687833	545886	0	0
FFQ	76	0	0	346385	1426	791	11269	3734	3405	3106	7861	9570	15237	19359	10068	11254	5598	3626	10735	18361	23187	25918	29174	49339	61149	46712	69007	92030	204519	129323	322428	363922	1083828	1449954	1807454	2245476	1271838	97176	0	0
FFQ	77	0	0	357112	949	635	13184	3482	592	7396	8412	14273	15282	11726	13132	9912	8531	7957	18571	25266	22258	26524	38361	52461	41971	69726	85565	109741	197775	252054	234393	403558	859778	1359809	1524913	1912571	1765881	380468	0	0
FFQ	78	0	0	368418	797	269	12028	3783	2712	3173	8549	9822	13669	16845	8925	8557	7562	4471	14255	16999	28154	16748	31705	32880	58179	60604	50069	88540	122282	267437	265928	382980	675244	1284140	1443936	1602665	2042147	899747	0	0
FFQ	79	0	0	380386	1199	611	12193	3291	2905	3095	8191	9797	13474	16128	9056	8863	6153	6035	11907	16499	18999	21289	25387	31934	56984	54539	64376	77626	106674	261757	198598	334563	623242	1371072	1477139	1628828	2065496	925933	0	0
FFQ	80	0	0	394790	698	534	15268	1694	1727	6759	9552	9592	18731	12028	7681	10183	4212	5154	19947	16077	22044	21319	32467	42582	50541	45384	79491	67757	127964	295238	269616	346978	713971	1153158	1476591	1576710	2057498	940283	0	0
FFQ	81	0	0	409720	633	4	10528	5900	1126	1845	6563	10083	8654	18324	10741	6953	10957	2411	7561	15237	21120	22125	19288	35284	51746	61593	46991	78334	83459	269352	205941	319129	611103	1335730	1436492	1628663	2010949	1089680	0	0
FFQ	82	0	793	426012	699	3437	14173	514	5521	7809	10645	13311	14381	9472	7664	7008	4450	8686	18396	15676	20129	18824	33951	38007	55312	51112	65731	67302	101010	333261	279426	378251	720379	1219765	1268808	1556607	1996019	1081678	0	0
FFQ	83	0	1316	443282	682	5898	13245	1505	7604	11748	11938	19955	11459	8931	11303	4271	8246	21791	17731	19308	28674	35245	32605	49870	54484	67536	82612	146602	158212	349477	212938	397858	708441	1080673	1337710	1498975	2042893	949201	0	0
FFQ	84	0	658	461576	559	662	15361	3086	276	5413	8188	10169	13725	13108	9308	7270	6689	3433	9663	16300	12534	26153	20858	39692	41030	73255	45198	86756	69336	268483	255299	399817	556155	1236769	1362092	1533466	1926851	1315031	0	0
FFQ	85	0	1076	481963	679	3266	15191	3016	2930	9617	8824	16303	16529	8791	8739	8647	4450	11955	19761	19669	20316	28095	35239	35875	56610	78661	53475	90505	179014	295605	283854	336886	618764	1284869	1234204	1550646	1980275	1049920	0	0
FFQ	86	0	520	503827	242	565	17187	1021	1869	7299	9766	10821	17551	10589	9153	7947	5429	10593	24384	13926	28838	30339	37841	35075	56247	53348	86665	87430	156492	314434	275351	366551	671088	1225191	1179706	1513976	1951518	1131440	0	0
FFQ	87	0	1005	527331	696	5716	13298	1958	7843	10702	12496	18505	11198	10217	10493	5890	9137	26971	19085	21994	39918	32099	31623	49320	61858	67344	79880	189938	159374	377017	220900	426963	681584	1095214	1140261	1475923	1932740	1077728	0	0
FFQ	88	0	0	553125	430	259	14428	3145	941	5800	6755	11864	13163	12105	10997	7671	6655	4029	17292	17475	19184	24980	37622	34292	57495	47826	72271	70069	97711	267326	288395	352040	599899	1234817	1141689	1752685	1622821	1021244	425719	0
FFQ	89	0	435	580528	557	2921	12469	2358	4708	6277	9345	14709	9231	12979	10265	4690	7286	14568	12983	15406	25341	26860	38789	32936	55390	59735	72749	124700	105701	320283	218330	318786	608647	1283530	1352722	1511074	1937806	1039125	0	0
FFQ	90	0	384	611333	158	532	16587	742	1962	7074	9003	9637	16729	9391	8091	8672	5499	5298	20240	11217	21112	20639	37028	36103	55254	57970	70500	74104	101752	338462	285090	359702	681327	1182576	1396554	1385653	1960155	952917	94772	0
FFQ	91	0	0	645223	420	117	11316	4550	385	1458	6702	8532	8799	14262	8222	6317	8985	3355	5299	15729	11050	24077	21743	36023	40393	63069	56798	67656	64510	206936	259632	320484	432120	972283	1360702	1285920	1746566	1896042	238544	0
FFQ	92	0	531	684040	235	2300	13295	1658	3201	8484	6813	12595	11899	5699	9526	5419	5199	10470	14509	12557	15341	24598	30707	30665	53739	63907	71823	63067	140091	261541	236001	301402	607010	1234064	1316662	1302458	2243827	1011562	37324	0
FFQ	93	0	427	728790	2120	80	12405	4882	5139	3077	11445	8734	7644	11893	6088	7419	11750	6183	12650	16261	23497	27031	29683	51789	58108	52266	80499	147212	91335	329767	222339	494829	659051	1157540	1344873	1393128	1940388	893897	0	0
FFQ	94	0	341	780812	1946	87	11381	4600	4899	2758	10706	7877	6873	10262	6208	6834	10195	8629	9509	16555	19571	34797	27565	44300	47046	82737	43593	111341	133855	322114	196463	375729	530905	1315405	1401476	1468662	1916508	881680	0	0
FFQ	95	0	136	840434	84	362	12178	439	1553	5429	6931	6114	11905	6206	7368	8099	4485	4482	19608	9966	9454	27232	31423	35312	48927	62136	64449	62865	116245	307539	268005	413898	733855	1325323	1274902	1423797	1830456	872622	0	0
FFQ	96	0	200	910366	219	1314	7427	2473	2164	3835	4757	7619	6792	8924	5898	5447	6607	9483	8629	15033	18782	24977	27835	48106	62144	58220	60782	147293	175131	280265	300415	557112	1135588	1174261	1514156	1848779	922003	491183	0	0
FFQ	97	0	0	987848	74	103	5549	865	486	2574	2979	4741	5114	5364	4352	5822	3676	3057	11653	7459	12716	17974	25744	37062	64802	54853	59332	175727	179171	221896	536361	1196466	1687588	1673977	1989664	869170	0	0	0	0
FFQ	98	0	0	1071917	30	13	1644	56	790	66	531	1405	2215	2004	3301	4015	2291	3752	3615	3938	11408	16959	28895	49830	48698	167106	56069	160563	357484	1253800	1725953	1922265	2092399	861088	101	18	0	0	0	0
FFQ	99	0	0	1154223	0	1	8	0	1	7	8	33	189	320	1732	970	1236	1278	2593	3726	13676	14579	30278	38605	64292	43903	168358	58160	193174	291699	1063065	1466103	1708650	2268892	1264420	40	0	0	0	0
FFQ	100	0	0	1207072	0	0	0	0	0	0	0	0	102	80	1598	532	1585	1359	2436	3521	8841	14721	24194	42879	60133	40943	45551	172223	60216	218002	571298	1280092	1812855	1529905	1932700	821381	0	0	0	0
# Last Fragment Qualities. Use `grep ^LFQ | cut -f 2-` to extract this part.
# Columns correspond to qualities and rows to cycles. First column is the cycle number.
LFQ	1	0	0	152008	0	0	0	0	0	0	21301	0	49036	0	46304	0	0	0	0	4553	67407	6357	132	69503	0	0	0	249668	373002	1295889	4238949	3280110	0	0	0	0	0	0	0	0
LFQ	2	0	0	153576	2736	3681	0	4957	6230	4735	13393	20467	25435	17384	12296	6673	12997	6850	20591	7241	51828	31656	100816	189562	48835	83261	134359	335440	528984	1274672	1433581	2621296	1780564	920123	0	0	0	0	0	0
LFQ	3	0	0	157431	3528	871	423	8547	9527	4523	15659	16621	20528	13659	8400	5765	7377	9210	1382	25417	41812	77282	88999	35371	70889	74078	338799	480626	1459345	2456877	3124523	1246742	50008	0	0	0	0	0	0	0
LFQ	4	0	0	159743	4859	0	443	14537	3262	7231	18516	23698	20106	3751	20601	9658	15324	13310	13410	29362	14096	31163	50995	29155	140626	108202	70689	166790	231318	1025062	821085	1558814	2315457	2932956	0	0	0	0	0	0
LFQ	5	0	0	165550	1854	1953	369	1913	12400	2351	7306	14484	21889	17680	1905	15298	7238	2519	6778	8229	22283	9006	31174	45070	41024	142000	53115	125921	76119	157947	498480	958515	1803190	1734816	3331326	534517	0	0	0	0
LFQ	6	0	1322	173439	3261	2573	1729	5530	7117	7568	15209	12543	18796	11546	12864	10683	11019	11882	16501	18136	39808	25306	29034	22454	36441	35608	193523	161201	86350	151421	449481	975066	750303	1433120	2099086	3024299	0	0	0	0
LFQ	7	0	558	178091	3365	2398	879	6130	7237	5515	13989	16949	18147	10341	9562	4761	16950	9162	14566	17303	25430	35155	59237	21092	30960	37425	180869	137433	124955	158873	483388	995161	705048	1421163	2081255	3020872	0	0	0	0
LFQ	8	0	484	181664	1507	4657	928	960	10117	4678	5673	14762	21505	14898	2680	13960	7612	7426	12616	7265	30456	18585	37835	36412	43527	26707	162342	115692	96249	145958	244049	1119730	793254	1533245	2160796	2942830	33160	0	0	0
LFQ	9	0	1720	185215	3368	2819	965	8638	5259	5303	15021	23341	15981	4735	13723	6952	8580	14353	9936	24715	31945	28675	39942	45394	39877	92564	78527	192703	164620	298335	426772	511791	1045699	1858203	2366506	1531674	750368	0	0	0
LFQ	10	0	1207	191842	3267	2619	870	6410	6892	5960	11346	19772	17749	10938	7164	13069	15379	5499	9777	22575	36889	29768	36615	27226	32723	86036	53318	223364	84433	165546	338399	487777	978206	1909394	2634941	1629098	748151	0	0	0
LFQ	11	0	1585	194566	3274	3069	995	6096	7129	5573	13362	16222	17283	13415	7744	9280	14870	10953	5425	27423	29399	27012	36041	45533	29039	63451	94699	192893	104692	96221	213028	609674	847247	1961509	2494300	1906173	745044	0	0	0
LFQ	12	0	1551	201012	4285	1020	5329	3634	8347	14014	16596	10326	15066	17834	3352	13284	15797	6583	17178	30418	31645	25825	40854	36612	35932	113246	90315	186090	138218	209279	373387	498547	941877	1969854	2510663	1521447	744802	0	0	0
LFQ	13	0	1575	205991	3401	3089	1030	5147	9100	4853	12330	16454	21122	10544	10394	8682	9794	12102	8066	25069	22468	32272	45969	39322	41401	76825	113850	150704	105766	112306	443194	722750	1483886	2170227	2363081	1197194	364261	0	0	0
LFQ	14	0	363	209377	1465	4585	861	762	10065	4447	6045	15075	21271	15186	3507	12175	6241	8513	12438	8415	21439	26268	30534	34088	33207	71707	56902	149135	118862	146985	182743	498699	959766	2520845	2601517	1561171	499560	0	0	0
LFQ	15	0	983	215828	2521	1293	2803	6097	4710	6672	9623	19482	17742	9445	6540	14016	12580	5419	13910	18029	28814	28970	44677	29679	37171	74489	115673	159839	94206	131067	280262	544923	1647055	2950793	1978040	1285055	55813	0	0	0
LFQ	16	0	873	221829	2957	3016	938	2429	9674	5570	6368	13656	19602	18261	3030	12983	8545	5735	9132	13614	25721	20091	26506	35410	31300	67901	105745	134066	74356	136470	149696	499684	1728303	2912822	2121088	1370636	56212	0	0	0
LFQ	17	0	989	228092	3123	3198	959	2458	10666	5087	7670	15371	20689	16671	4287	12483	11564	5541	16414	10169	25667	24154	41814	29347	41893	72385	110187	139175	112149	118188	192591	456781	1689574	2905634	2123158	1340011	56080	0	0	0
LFQ	18	0	1398	235592	3836	2954	1103	9145	5300	6696	17574	20984	18651	3982	12397	9237	12656	13557	11955	21372	33131	39288	46338	21131	38139	80131	143416	178258	127410	206022	286618	475302	1695159	2817129	2049637	1152097	56624	0	0	0
LFQ	19	0	235	235585	1486	4415	943	729	9761	4579	5329	14392	20191	15720	3202	13112	4505	8089	6720	10813	20245	22893	31764	47193	41878	56803	109223	141128	91632	135385	216887	533283	1546290	2945794	2010642	1409706	133667	0	0	0
LFQ	20	0	812	239468	3204	2859	3773	3387	9235	10892	12651	17527	14733	15488	7568	7453	11914	10744	28180	20046	36021	29051	44066	58235	56168	87088	137502	127999	122115	232141	276857	556405	1764059	2911371	1697187	1229648	68372	0	0	0
LFQ	21	0	279	245298	3669	2282	979	8415	5700	6772	16610	20529	21335	3734	13441	7799	9947	10438	16303	25394	31000	38571	33480	44868	32163	59309	128632	188151	102178	156876	314320	503107	1686616	2925769	1983358	1138541	68356	0	0	0
LFQ	22	0	874	251980	4313	3233	4313	7567	6017	10867	24844	26396	10939	10093	16380	9785	10440	18049	20133	34906	39962	34561	40512	25533	47205	94848	148038	165874	113800	205442	280308	510810	1698018	2764785	2038213	1106446	68735	0	0	0
LFQ	23	0	341	258333	4089	3108	1087	6595	8459	6606	15651	21453	19974	13202	10944	7182	11645	12631	15268	19982	28326	35044	38918	34107	46647	70019	111060	157380	95284	122210	193312	522008	1535734	2890656	2015658	1378425	142881	0	0	0
LFQ	24	0	1494	265007	6519	836	4129	9339	7398	15110	20022	21674	17204	9215	9571	11779	13911	14074	20496	34065	33362	41160	41662	43439	57065	99400	144741	168691	138140	242463	342275	506953	1546157	2906872	1710680	1278139	71177	0	0	0
LFQ	25	0	858	269866	4637	3389	1213	8769	6084	9444	16919	21547	20374	6195	12967	11160	9968	12745	15442	26246	30830	45334	39748	31458	30560	78085	113741	175491	116326	138367	286066	488676	1610858	2803885	2028932	1236544	141495	0	0	0
LFQ	26	0	0	276250	5149	3670	2856	7186	7031	14389	20831	24325	17239	10807	9116	5943	4704	13970	21160	9053	24193	32494	42377	35556	37056	60451	85824	169688	93576	129910	199968	490906	1216218	2989015	2090629	1561273	141406	0	0	0
LFQ	27	0	178	283840	5573	3501	6989	4681	9740	20967	30057	24267	11211	15316	7928	7869	11671	17850	22153	21894	33756	54825	30631	29164	37492	71170	96973	234501	90062	125757	245202	382683	796834	3068728	1992080	1919504	139172	0	0	0
LFQ	28	0	227	290689	8554	2838	1195	10731	14598	20673	22816	19588	21700	7865	13725	8181	19203	27846	30024	32288	40616	43593	61670	83530	88434	54429	143027	293730	247055	206073	297177	628711	1035708	3030047	1504107	1474814	68757	0	0	0
LFQ	29	0	0	294074	1898	5569	4070	3108	4762	9708	16086	22491	20295	13187	12835	5949	4486	5677	6366	25606	8415	19803	26376	50067	44420	58123	59690	175370	79225	155314	152597	379996	914994	3118875	2026145	1991068	137574	0	0	0
LFQ	30	0	0	302924	5984	3970	658	6793	7690	10742	18788	20397	20543	9036	13604	6363	7799	12970	22357	14505	32436	32389	48729	31149	37065	63139	91894	192912	121830	110473	233696	545432	1176882	2938286	1980411	1597928	134445	0	0	0
LFQ	31	0	0	308934	1436	5536	4132	560	6103	8078	9796	17738	16494	19819	9636	9986	9137	3959	7214	20669	13424	20034	25127	47970	45642	55071	79280	158193	76424	145724	153023	418226	1270794	2965919	1984724	1794073	141344	0	0	0
LFQ	32	0	0	316522	2405	8307	813	1069	9214	8577	14208	19522	14402	19247	7021	11540	3910	7288	11236	16513	11271	26410	27328	45415	40069	54537	75287	174003	109036	130308	148890	417760	941263	3038559	2016982	1986067	139240	0	0	0
LFQ	33	0	0	324580	3165	8052	928	1666	9569	8061	15674	19840	15205	19835	7030	12171	4354	10031	16147	13654	19541	27430	31512	46652	45091	64931	67222	196686	101145	125459	148124	427725	992460	3030457	2042615	1871004	126203	0	0	0
LFQ	34	0	0	332963	3415	8167	1027	3392	8034	12780	19666	22318	19244	10245	14343	1623	8655	19990	16599	14136	34774	30848	42842	37968	50166	81316	138791	172806	134059	175615	341162	455221	1444935	2915740	1912913	1306234	62232	0	0	0
LFQ	35	0	0	342499	6208	4662	1128	5488	9215	10855	19432	17220	18292	12988	12168	6274	7178	14927	14268	14219	24392	29394	51521	33526	36356	63579	110479	181529	114763	99800	210375	573573	1201244	2842864	1950407	1678064	135332	0	0	0
LFQ	36	0	0	350638	3442	7979	1259	2807	9094	11321	17410	22190	16039	17589	9298	6028	9072	16775	14758	22811	18855	36801	36519	38311	45967	77379	84034	195087	96877	162653	241407	500551	912317	3035880	1984120	1726029	122922	0	0	0
LFQ	37	0	0	360067	3476	7797	1298	2806	9267	9820	19189	20996	16971	16315	10158	9882	1893	15746	19506	15108	23683	35756	45757	37835	38807	58290	57392	198299	139449	117123	239449	536691	974057	2899332	1995971	1762640	153393	0	0	0
LFQ	38	0	6258	370046	2391	7495	9167	14627	16725	21194	14973	17807	13756	17616	19172	27450	24709	33524	26611	49913	45709	66463	90929	61279	84674	221161	144536	274277	245983	237118	423952	577237	1557947	2423362	1680593	964441	61124	0	0	0
LFQ	39	0	0	380236	5188	1964	4412	6325	6526	11785	19075	15651	22675	14338	11470	10267	4962	8047	22825	14161	20696	39347	39369	51373	42661	59685	78738	186024	152342	117243	215239	515282	895468	2937173	2004442	1725563	213667	0	0	0
LFQ	40	0	0	388149	1628	4913	3586	1285	6519	7858	12014	18383	13457	18527	7994	12067	540	8933	12589	11477	11945	31330	24818	50151	42323	56070	52928	165922	128407	129555	177819	404704	974037	3030459	1955605	1825990	262237	0	0	0
LFQ	41	0	0	398147	1568	4943	3448	1434	6313	7724	11718	18437	14125	17229	7999	11231	1846	10162	18433	16184	13403	39268	26408	50166	40452	66028	61011	187161	116290	127776	288278	466626	975894	2945693	1953967	1732044	212813	0	0	0
LFQ	42	0	0	408632	1678	4975	3478	2184	5941	9388	14358	17760	15767	12660	10325	6719	1595	11266	11388	11647	11913	23166	28813	49774	39405	54890	61951	125883	148215	142531	182601	330090	796958	2573272	2162865	2045993	526138	0	0	0
LFQ	43	0	0	419520	1163	3293	5201	1479	3851	8618	7479	17001	14482	13096	12776	7572	6294	4009	14513	13018	10402	16065	28747	38024	57252	44483	47793	102586	144585	146378	173411	360237	830479	1993141	2640105	1898433	768733	0	0	0
LFQ	44	0	0	430874	1376	3551	5088	2944	3449	12890	12701	19089	21241	8401	13290	4157	1943	14065	14715	13864	12473	36819	29634	48731	39220	46316	72426	144627	162751	134726	200546	381044	757340	2005100	2628182	1766764	803882	0	0	0
LFQ	45	0	0	442301	1334	3102	3546	3200	4189	7110	7697	16305	14060	14543	13143	8891	5583	4775	11841	15272	10957	19070	32345	42552	51718	49728	52762	118033	128224	141968	182857	353641	848532	2621845	2215715	1889906	517474	0	0	0
LFQ	46	0	1346	453925	1493	5125	4253	1544	6814	11317	14067	19241	15370	15585	9418	6179	2358	13615	14881	15967	18914	30620	47507	47295	38934	60239	77850	196728	136084	162223	199831	545036	1016831	2853950	1997790	1653953	157936	0	0	0
LFQ	47	0	0	466929	1503	3354	3787	3976	4058	9332	10484	17562	16603	10744	16816	5398	4619	8913	11101	12885	13925	21136	31501	45539	44899	55412	52345	116042	142971	146470	180904	349258	904054	2369130	2261535	1960800	550234	0	0	0
LFQ	48	0	0	479437	1802	3621	3849	4064	5051	9103	13244	17999	18394	13802	13833	5085	3361	10695	13294	16198	16716	23891	40070	49412	47585	40523	52059	114105	188682	150433	173074	349756	815295	1994474	2475062	1897372	792878	0	0	0
LFQ	49	0	0	492073	1873	4034	3961	4107	5397	9731	13914	19155	19015	15033	13711	7818	1800	12607	13605	15841	17045	32608	36461	52827	39739	45932	69808	107538	189556	136980	166747	349353	761301	1916352	2442807	2016014	819476	0	0	0
LFQ	50	0	1692	503776	1456	4323	6055	2492	7427	13625	13863	22180	16690	18407	10544	8322	5635	9706	17267	21627	16512	33944	38910	54489	44460	32227	72293	122097	178373	152109	166905	324895	739983	1777516	2472565	2068128	873726	0	0	0
LFQ	51	0	0	517021	2483	5021	4930	4624	6685	15152	13963	24154	20999	16084	15184	4978	5518	13150	15995	17249	29737	42162	41816	52517	33969	67511	91971	141885	166562	181511	183345	437664	1173803	2322780	2033303	1831035	319458	0	0	0
LFQ	52	0	1808	524974	1614	4273	4274	5420	5800	9248	13614	18344	20094	17771	12133	8954	4157	12398	12240	20649	18277	27471	39915	47433	56148	65104	40733	130649	157751	163890	175921	361952	888842	2168976	2177206	2027280	590778	18128	0	0
LFQ	53	0	0	535205	2108	3950	3193	3780	6087	7152	9946	15853	14022	15027	12630	11066	4408	7683	10501	12169	13902	18513	35949	36772	65223	43968	57080	98498	152788	152915	170745	266744	793084	1905347	2393392	2095801	878718	0	0	0
LFQ	54	0	0	545359	1881	3765	3176	2329	7322	6187	6144	15576	10733	15565	14791	9605	7381	7156	14412	9966	20920	17897	40696	41188	55871	57665	40086	121649	170495	163107	201553	434290	780237	1905598	2403206	1942393	776020	0	0	0
LFQ	55	0	3383	555040	715	4002	5431	2236	6801	7264	9291	15191	14466	15835	13188	11584	3531	13013	11948	16623	20653	30434	36545	58378	47229	49765	80975	125541	198561	159461	169104	465344	802162	1967999	2349226	1866907	716393	0	0	0
LFQ	56	0	3211	566312	652	3790	5514	2070	6648	7144	8841	14828	13458	15723	12332	9218	6355	11992	14596	19215	21879	24039	50072	40629	51122	44692	65742	135697	202583	150885	226823	549253	803247	1930804	2310354	1825471	699028	0	0	0
LFQ	57	0	1763	578920	3060	1942	6347	3720	5630	11601	11919	13106	12988	8769	15393	9251	18619	16998	17315	11884	22073	42603	26560	41788	50343	82173	89444	122666	171309	172615	241893	340210	749992	1935381	2300437	2007681	707826	0	0	0
LFQ	58	0	1655	589458	853	2083	6926	1109	4222	8006	6194	9928	11570	11336	15903	8560	9560	9633	10127	9774	20550	19503	27043	48839	51324	61119	46550	88145	168351	127354	223384	349508	871883	1979823	2311123	2045820	697003	0	0	0
LFQ	59	0	3050	600567	318	2144	7812	1079	4927	7529	5566	12487	13029	13842	14161	7861	8346	9289	11642	13267	24172	12754	44750	34746	57659	50990	46422	123963	163718	147263	206519	437253	774173	1816573	2250549	2055275	870524	0	0	0
LFQ	60	0	3067	612159	246	2061	8214	861	4402	7595	6016	9871	12408	11965	15520	9613	8968	9189	10712	13682	18523	25134	32917	46876	49946	56548	51995	86983	166850	178487	143686	355069	767013	1975819	2184869	2159833	807122	0	0	0
LFQ	61	0	1490	623064	1625	2607	6831	819	5325	6479	4810	9917	11477	11656	11682	9337	8129	8357	9308	12953	13552	20778	22124	40744	63593	39340	61171	85704	126668	157912	164713	300692	813669	1843790	2161695	1913439	1259325	19444	0	0
LFQ	62	0	1462	636322	477	470	8780	1354	3020	4603	6925	8535	13736	14490	11116	8945	7729	3469	13796	13453	21305	14724	34207	30930	59811	45711	53456	83841	166908	173812	154292	385093	808413	1871480	2211759	2015740	944648	19407	0	0
LFQ	63	0	0	648516	1000	425	7829	1695	2832	4961	6159	8202	12267	12450	13157	7420	5296	3067	12624	11606	19248	14309	27296	43007	48440	42433	46646	85446	169880	140033	154820	334686	915795	1833366	2137968	1928888	1152452	0	0	0
LFQ	64	0	0	660842	967	442	8047	2269	945	5767	8131	5839	15114	10174	8987	10362	3882	6026	10703	15161	13027	20853	22369	46081	39508	52633	49647	85185	180148	144037	213578	367208	744662	1776309	2100929	2119453	1104934	0	0	0
LFQ	65	0	0	673446	877	200	6303	3290	2557	2659	6149	7979	9502	15174	11328	8467	6307	3635	8229	14134	19414	14831	30689	33389	48494	44768	58815	64862	159177	158338	155462	361783	746343	1843641	1969712	2199676	1143280	21309	0	0
LFQ	66	0	0	686450	905	411	8233	1449	2499	5306	7541	8370	13068	13659	14913	9697	11169	6134	17817	12877	15907	15307	32666	28436	49296	38741	75497	79044	188764	130237	216828	389703	775868	1794258	2013615	2225438	941883	22233	0	0
LFQ	67	0	0	698873	1475	397	5195	4356	1556	1570	5383	7365	7054	14412	12754	8545	8763	2359	5676	12136	17861	13990	23767	29472	53830	52170	41470	66829	136324	155541	178985	289886	726656	1664233	1877151	1877799	1728226	122160	0	0
LFQ	68	0	0	713143	1420	339	5235	4358	1469	1650	5356	7353	7060	14299	11121	9342	8978	2010	5086	12304	16215	15469	20105	34959	53140	42590	40101	76349	117940	159897	168537	217581	667241	1593258	1903767	1859028	1929070	128449	0	0
LFQ	69	0	0	728887	766	1	5675	5021	1287	1886	5221	7707	7848	14816	12119	7542	8927	2826	5516	13135	15625	16530	22020	33830	43302	47118	45747	68474	104000	188942	190675	201090	557705	1400622	2010461	1681535	1970060	427303	0	0
LFQ	70	0	0	744216	781	411	9445	1259	1775	6081	6333	6292	12122	9972	12179	8976	5195	3358	11708	10029	15884	18479	30166	33788	51412	36114	62435	66030	182305	152598	210714	368749	820349	1592905	1852765	2315649	1105956	87789	0	0
LFQ	71	0	0	760147	722	178	8126	3126	1739	3287	6438	6409	10747	14618	9433	8671	6931	3409	8484	13749	18823	17112	25191	36910	50240	35901	52384	63174	103606	218934	179110	271788	631845	1288416	1884437	1739444	1851057	519633	0	0
LFQ	72	0	0	776877	788	426	10737	1809	1043	6421	8349	6374	16791	8748	9660	10433	2763	3831	13220	18214	12333	21150	33593	43052	41756	40890	49519	80416	122038	248179	266836	257466	624469	1320098	1949599	1552642	1788011	505688	0	0
LFQ	73	0	0	793716	850	262	9834	3898	538	5065	7380	9404	14552	13173	9731	10336	5054	5617	11750	19855	13025	25997	23753	39162	44721	51017	39868	74383	131210	228236	249605	241042	473618	1235904	1735066	1617373	2037489	671735	0	0
LFQ	74	0	0	810189	941	530	13181	2125	1817	6593	9692	9549	18477	14469	9273	10049	2253	3207	17731	16682	17437	22475	41261	35765	47157	26655	87640	51106	116576	253258	194415	237367	562027	1135034	1857319	1620336	2048399	553234	0	0
LFQ	75	0	0	825793	747	490	12842	1269	2070	7087	7979	7934	15728	12477	11000	9498	5814	3129	14544	9701	20255	18138	24424	38431	43985	49513	50109	61086	89923	220000	203028	248176	493663	1173067	1767702	1620003	2067777	716837	0	0
LFQ	76	0	0	841590	802	523	13994	2007	1874	6567	9820	9825	18320	13705	8158	10785	2563	3563	17595	15400	21698	19701	30430	38439	50917	46483	45261	73133	103972	239735	263273	272401	527000	1221608	1633976	1563204	2019877	706020	0	0
LFQ	77	0	0	857176	688	2	9022	5734	1253	1931	6452	9446	9201	18310	10941	8733	9689	2067	6486	15601	19862	18676	19451	42396	43404	51229	46036	63611	69439	226663	223988	275711	547388	1217624	1617450	1556976	1975934	865649	0	0
LFQ	78	0	0	873613	725	489	14307	1284	2419	6793	8509	9405	15867	13996	9700	8142	3795	2915	13656	10374	19726	17923	19776	39397	50589	45381	55902	66434	51831	240873	200428	253945	577525	1314790	1529239	1561826	1933807	878838	0	0
LFQ	79	0	0	890232	711	268	12310	3724	2397	3215	8713	9015	14169	16484	8805	9156	5264	3753	10618	14551	22790	15295	27093	34857	51792	45040	58725	64676	74848	261026	193692	289633	549600	1232416	1541028	1535736	1960739	881848	0	0
LFQ	80	0	0	906834	612	254	12342	3303	1094	5560	6338	10193	12361	13464	11323	7867	6180	2618	9950	17739	17062	23306	25951	46018	38743	49311	53976	72013	64837	263098	211913	358270	591513	1190295	1498013	1514865	1920072	886931	0	0
LFQ	81	0	0	923899	552	0	10145	5514	1029	1894	6552	9402	9381	17211	10075	8492	8065	2743	5262	18093	18342	18314	18655	37180	50362	47780	57436	65090	53749	248053	174406	307629	562220	1242591	1460701	1518613	1907787	1027002	0	0
LFQ	82	0	0	941595	422	1	9840	4772	488	1805	6851	7544	7862	15226	8637	7698	8830	3041	3347	16920	14312	19700	17012	34492	44130	54283	50981	65027	61112	208438	221054	326585	526492	1186387	1445387	1541110	1973819	1019019	0	0
LFQ	83	0	0	960026	461	193	12484	2997	192	4973	7306	9920	11218	12183	7543	8673	6629	3992	12622	13518	19496	17476	24155	37463	50634	48273	52565	71138	90578	261733	241670	298357	591073	1173778	1352378	1484466	1957608	1006448	0	0
LFQ	84	0	0	979600	384	1	10049	4534	406	1798	6408	7550	8111	13774	8310	8105	7096	2967	4549	15402	12920	19256	16309	32238	40664	60205	44069	57118	61690	202348	196495	333206	520066	1195434	1536013	1481492	1955685	1009967	0	0
LFQ	85	0	0	1000259	367	0	10332	4621	565	1992	6115	8058	8869	14087	8935	8366	7646	1756	5573	16243	14150	22075	20917	34295	43943	48237	49961	61524	80092	231154	197051	335833	504843	1132779	1409491	1406496	1982775	1051742	123077	0
LFQ	86	0	0	1022278	336	0	10529	4463	382	1753	6406	7765	8286	13938	8210	8156	8060	1538	6564	15381	13072	19699	16363	36465	42072	46963	53982	66619	55410	163917	259880	254696	589487	965245	1375598	1304223	2126221	1306382	33880	0
LFQ	87	0	0	1045511	282	0	10413	4540	366	1684	6264	7730	7903	13906	7639	6917	7754	2702	2458	17398	9790	19574	17583	35170	35398	58703	47524	70608	62186	224577	211173	285109	581048	1120107	1505589	1483511	1971385	971717	0	0
LFQ	88	0	0	1070163	313	180	12439	2397	1490	3199	8070	5886	13181	10104	6546	8467	5231	4116	10668	12427	15204	15630	27928	30676	45852	51624	50784	65528	61611	242741	222128	258268	463688	1208075	1489301	1333179	1875316	1079015	142794	0
LFQ	89	0	310	1097331	107	202	12747	2254	452	4855	5793	9704	10116	9216	8671	7051	4906	3731	14195	12932	16639	20566	31830	32015	43361	41322	68320	66010	76211	230099	250429	288582	452371	1135927	1304295	1291286	1337411	1640240	322732	0
LFQ	90	0	0	1126725	222	0	10278	3887	106	1290	6180	7647	7255	12763	6367	7081	6881	2120	4965	16743	9328	19173	14798	35878	37687	50714	53157	63725	66370	201553	202410	277723	498754	1058701	1261628	1301779	2041172	1439159	0	0
LFQ	91	0	0	1158738	193	1	10219	3735	85	1165	6066	8100	6757	12326	5845	5870	7001	2610	2795	17082	8584	17713	17051	33898	28821	58149	50563	65981	49586	194559	225646	258086	554444	1136109	1504360	1285066	2206989	910026	0	0
LFQ	92	0	0	1195017	153	0	9578	3412	82	1088	5453	6797	6592	11289	5627	5864	6196	2429	2766	15596	6646	13982	17452	32914	27953	53871	49353	71919	45442	139249	246111	225645	461173	848315	1402364	1347551	1814125	1262077	510138	0
LFQ	93	0	0	1236253	154	1	9251	3274	80	1250	5264	7168	6665	10700	5103	7085	5186	1949	5365	15828	10434	11098	27108	31398	27214	52994	46509	68429	46723	148312	273708	275003	490374	923961	1416727	1268595	1909334	881201	624521	0
LFQ	94	0	0	1283188	111	0	8622	2752	65	839	4796	6238	5821	9651	4945	5755	4805	2184	4936	13806	6406	13083	17965	32595	29698	54167	52190	58462	55091	238019	181504	230616	490693	1080660	1570924	1286381	2245460	851791	0	0
LFQ	95	0	0	1336993	91	0	7781	2493	286	1082	4323	5514	4844	8999	5059	6102	6154	2139	7011	11858	6955	14245	14061	27863	31796	55119	50652	54495	53012	222469	189389	280811	483296	1217126	1599697	1429720	1867463	845321	0	0
LFQ	96	0	0	1399105	54	0	6096	1066	1038	962	1555	4796	3289	5829	6354	3755	6707	3044	5649	7258	9842	8712	17517	29264	31840	53119	46579	54544	50348	216464	225703	326716	702040	1325253	1554646	1279693	1751621	713761	0	0
LFQ	97	0	0	1470015	70	16	4034	703	773	781	1085	3580	2648	4507	5820	2426	5008	4280	3701	7916	11516	12183	22612	31981	53049	54123	45066	167373	109565	245142	480226	1185850	1695257	1540397	1897857	784659	0	0	0	0
LFQ	98	0	0	1546485	33	8	1490	52	580	39	438	1204	1860	1650	3550	1854	2627	3245	3142	3592	11925	9563	30714	46997	45910	157795	54695	136514	339695	1153783	1515208	1871760	1980160	927517	112	22	0	0	0	0
LFQ	99	0	0	1618435	0	3	5	1	0	5	10	72	81	32	916	946	829	2375	884	1821	4616	9755	20357	30239	43208	48942	127649	86958	95708	338451	852518	1327096	1488105	2179544	1538958	35700	0	0	0	0
LFQ	100	0	0	1665763	0	0	0	0	0	0	0	0	78	85	267	1181	1065	897	3533	842	2154	11302	11959	22332	49947	54103	48997	171773	50937	157691	487826	1210075	1664205	1578937	1851085	807185	0	0	0	0
# GC Content of first fragments. Use `grep ^GCF | cut -f 2-` to extract this part.
GCF	0.75	0
GCF	2.51	1
GCF	4.02	5
GCF	5.03	3
GCF	6.03	5
GCF	7.54	13
GCF	9.05	30
GCF	10.05	45
GCF	11.06	111
GCF	12.06	178
GCF	13.07	194
GCF	14.07	343
GCF	15.08	539
GCF	16.08	956
GCF	17.09	1803
GCF	18.09	3141
GCF	19.10	5122
GCF	20.10	7877
GCF	21.11	11649
GCF	22.11	17213
GCF	23.12	24224
GCF	24.12	33496
GCF	25.13	44506
GCF	26.13	56218
GCF	27.14	69179
GCF	28.14	82086
GCF	29.15	95613
GCF	30.15	109992
GCF	31.16	123638
GCF	32.16	139101
GCF	33.17	154051
GCF	34.17	169077
GCF	35.18	182621
GCF	36.18	191740
GCF	37.19	202920
GCF	38.19	212390
GCF	39.20	217455
GCF	40.20	222695
GCF	41.21	226380
GCF	42.21	226631
GCF	43.22	228300
GCF	44.22	231177
GCF	45.23	237681
GCF	46.23	245137
GCF	47.24	250581
GCF	48.24	255467
GCF	49.25	261120
GCF	50.25	270005
GCF	51.26	277969
GCF	52.26	284383
GCF	53.27	293745
GCF	54.27	298542
GCF	55.28	300199
GCF	56.28	299800
GCF	57.29	298653
GCF	58.29	302365
GCF	59.30	298327
GCF	60.30	292779
GCF	61.31	280325
GCF	62.31	265335
GCF	63.32	248632
GCF	64.32	232157
GCF	65.33	211854
GCF	66.33	188270
GCF	67.34	163165
GCF	68.34	134238
GCF	69.35	104729
GCF	70.35	79328
GCF	71.36	58252
GCF	72.36	41903
GCF	73.37	29239
GCF	74.37	20090
GCF	75.38	13423
GCF	76.38	8773
GCF	77.39	5820
GCF	78.39	3774
GCF	79.40	2318
GCF	80.40	1248
GCF	81.41	733
GCF	82.41	445
GCF	83.42	260
GCF	84.42	140
GCF	85.43	96
GCF	86.93	61
GCF	88.44	24
GCF	89.45	16
GCF	90.45	8
GCF	91.46	4
GCF	92.46	8
GCF	93.47	1
GCF	94.47	3
GCF	95.48	0
GCF	96.48	1
# GC Content of last fragments. Use `grep ^GCL | cut -f 2-` to extract this part.
GCL	0.25	31699
GCL	1.01	982
GCL	2.01	741
GCL	3.02	653
GCL	4.02	557
GCL	5.03	574
GCL	6.03	573
GCL	7.04	513
GCL	8.04	476
GCL	9.05	443
GCL	10.05	439
GCL	11.06	436
GCL	12.06	445
GCL	13.07	534
GCL	14.07	592
GCL	15.08	809
GCL	16.08	1117
GCL	17.09	1881
GCL	18.09	3245
GCL	19.10	5263
GCL	20.10	7950
GCL	21.11	11505
GCL	22.11	16846
GCL	23.12	23658
GCL	24.12	32652
GCL	25.13	43370
GCL	26.13	55844
GCL	27.14	67915
GCL	28.14	81076
GCL	29.15	94043
GCL	30.15	108383
GCL	31.16	121186
GCL	32.16	136077
GCL	33.17	149654
GCL	34.17	164363
GCL	35.18	177332
GCL	36.18	186272
GCL	37.19	198066
GCL	38.19	206664
GCL	39.20	212306
GCL	40.20	217577
GCL	41.21	221054
GCL	42.21	222145
GCL	43.22	224136
GCL	44.22	228344
GCL	45.23	235208
GCL	46.23	240342
GCL	47.24	246617
GCL	48.24	250530
GCL	49.25	256687
GCL	50.25	266619
GCL	51.26	274118
GCL	52.26	282112
GCL	53.27	291168
GCL	54.27	294298
GCL	55.28	297427
GCL	56.28	296163
GCL	57.29	296956
GCL	58.29	299892
GCL	59.30	298168
GCL	60.30	292979
GCL	61.31	281647
GCL	62.31	267190
GCL	63.32	252142
GCL	64.32	236157
GCL	65.33	217470
GCL	66.33	194862
GCL	67.34	170155
GCL	68.34	141526
GCL	69.35	113158
GCL	70.35	86082
GCL	71.36	64054
GCL	72.36	47182
GCL	73.37	33447
GCL	74.37	23337
GCL	75.38	15932
GCL	76.38	10883
GCL	77.39	7163
GCL	78.39	4549
GCL	79.40	2993
GCL	80.40	1686
GCL	81.41	1095
GCL	82.41	582
GCL	83.42	338
GCL	84.42	287
GCL	85.43	158
GCL	86.43	135
GCL	87.44	118
GCL	88.44	75
GCL	89.45	49
GCL	90.45	50
GCL	91.46	22
GCL	92.46	10
GCL	93.97	4
GCL	96.48	1
# ACGT content per cycle. Use `grep ^GCC | cut -f 2-` to extract this part. The columns are: cycle; A,C,G,T base counts as a percentage of all A/C/G/T bases [%]; and N and O counts as a percentage of all A/C/G/T bases [%]
GCC	1	26.98	22.84	22.70	27.48	0.21	0.00
GCC	2	25.85	23.89	23.89	26.37	0.23	0.00
GCC	3	24.85	24.90	24.89	25.37	0.26	0.00
GCC	4	24.86	24.87	24.87	25.41	0.27	0.00
GCC	5	25.65	24.09	24.08	26.18	0.27	0.00
GCC	6	24.79	24.93	24.95	25.33	0.28	0.00
GCC	7	24.76	24.97	24.96	25.31	0.28	0.00
GCC	8	25.35	24.34	24.35	25.96	0.27	0.00
GCC	9	25.14	24.56	24.56	25.74	0.27	0.00
GCC	10	25.06	24.63	24.64	25.67	0.28	0.00
GCC	11	25.12	24.58	24.57	25.73	0.27	0.00
GCC	12	24.98	24.72	24.69	25.60	0.28	0.00
GCC	13	25.17	24.51	24.51	25.81	0.28	0.00
GCC	14	25.00	24.68	24.65	25.67	0.28	0.00
GCC	15	24.89	24.76	24.76	25.58	0.28	0.00
GCC	16	24.99	24.68	24.67	25.66	0.29	0.00
GCC	17	24.91	24.77	24.72	25.60	0.29	0.00
GCC	18	24.79	24.87	24.84	25.50	0.31	0.00
GCC	19	24.86	24.80	24.74	25.60	0.27	0.00
GCC	20	24.81	24.85	24.82	25.52	0.23	0.00
GCC	21	24.72	24.95	24.87	25.45	0.20	0.00
GCC	22	24.79	24.84	24.80	25.57	0.19	0.00
GCC	23	24.76	24.88	24.83	25.53	0.17	0.00
GCC	24	24.64	24.99	24.97	25.40	0.17	0.00
GCC	25	24.70	24.91	24.88	25.51	0.18	0.00
GCC	26	24.69	24.94	24.91	25.46	0.18	0.00
GCC	27	24.55	25.06	25.03	25.36	0.18	0.00
GCC	28	24.66	24.95	24.94	25.45	0.21	0.00
GCC	29	24.64	24.99	24.93	25.44	0.22	0.00
GCC	30	24.51	25.06	25.07	25.36	0.21	0.00
GCC	31	24.57	25.02	25.00	25.41	0.22	0.00
GCC	32	24.54	25.03	25.03	25.41	0.23	0.00
GCC	33	24.44	25.13	25.10	25.33	0.21	0.00
GCC	34	24.55	25.04	24.99	25.41	0.21	0.00
GCC	35	24.49	25.07	25.04	25.40	0.21	0.00
GCC	36	24.40	25.16	25.12	25.32	0.21	0.00
GCC	37	24.49	25.06	25.04	25.41	0.21	0.00
GCC	38	24.47	25.13	25.05	25.35	0.21	0.00
GCC	39	24.39	25.18	25.13	25.30	0.22	0.00
GCC	40	24.50	25.05	25.01	25.44	0.22	0.00
GCC	41	24.45	25.11	25.05	25.39	0.22	0.00
GCC	42	24.36	25.19	25.15	25.30	0.23	0.00
GCC	43	24.43	25.10	25.07	25.39	0.23	0.00
GCC	44	24.42	25.13	25.07	25.38	0.24	0.00
GCC	45	24.32	25.19	25.17	25.32	0.24	0.00
GCC	46	24.40	25.15	25.09	25.36	0.24	0.00
GCC	47	24.36	25.16	25.13	25.35	0.23	0.00
GCC	48	24.31	25.21	25.17	25.31	0.25	0.00
GCC	49	24.40	25.14	25.11	25.36	0.23	0.00
GCC	50	24.40	25.15	25.09	25.36	0.23	0.00
GCC	51	24.28	25.22	25.18	25.33	0.20	0.00
GCC	52	24.35	25.15	25.12	25.38	0.18	0.00
GCC	53	24.34	25.18	25.11	25.37	0.20	0.00
GCC	54	24.29	25.24	25.17	25.30	0.22	0.00
GCC	55	24.35	25.16	25.12	25.36	0.24	0.00
GCC	56	24.34	25.16	25.15	25.35	0.24	0.00
GCC	57	24.29	25.23	25.19	25.29	0.22	0.00
GCC	58	24.36	25.16	25.12	25.36	0.23	0.00
GCC	59	24.31	25.21	25.13	25.36	0.24	0.00
GCC	60	24.24	25.27	25.21	25.28	0.23	0.00
GCC	61	24.34	25.19	25.12	25.36	0.23	0.00
GCC	62	24.32	25.19	25.14	25.35	0.24	0.00
GCC	63	24.25	25.28	25.21	25.26	0.23	0.00
GCC	64	24.30	25.20	25.14	25.35	0.23	0.00
GCC	65	24.30	25.21	25.17	25.33	0.22	0.00
GCC	66	24.24	25.27	25.24	25.25	0.22	0.00
GCC	67	24.30	25.20	25.16	25.33	0.22	0.00
GCC	68	24.29	25.22	25.18	25.31	0.23	0.00
GCC	69	24.24	25.29	25.21	25.26	0.23	0.00
GCC	70	24.30	25.20	25.14	25.36	0.24	0.00
GCC	71	24.27	25.25	25.18	25.30	0.23	0.00
GCC	72	24.24	25.29	25.24	25.23	0.21	0.00
GCC	73	24.30	25.22	25.17	25.31	0.19	0.00
GCC	74	24.26	25.23	25.19	25.32	0.19	0.00
GCC	75	24.23	25.29	25.22	25.26	0.20	0.00
GCC	76	24.29	25.23	25.16	25.32	0.20	0.00
GCC	77	24.28	25.24	25.18	25.30	0.18	0.00
GCC	78	24.19	25.30	25.26	25.25	0.18	0.00
GCC	79	24.27	25.24	25.18	25.31	0.19	0.00
GCC	80	24.26	25.25	25.19	25.29	0.21	0.00
GCC	81	24.21	25.31	25.25	25.23	0.20	0.00
GCC	82	24.30	25.22	25.19	25.29	0.20	0.00
GCC	83	24.31	25.24	25.15	25.30	0.20	0.00
GCC	84	24.18	25.32	25.27	25.23	0.21	0.00
GCC	85	24.26	25.26	25.19	25.29	0.20	0.00
GCC	86	24.25	25.28	25.18	25.29	0.20	0.00
GCC	87	24.18	25.33	25.27	25.22	0.20	0.00
GCC	88	24.26	25.28	25.19	25.27	0.20	0.00
GCC	89	24.25	25.29	25.21	25.26	0.21	0.00
GCC	90	24.19	25.34	25.26	25.21	0.20	0.00
GCC	91	24.25	25.25	25.22	25.27	0.21	0.00
GCC	92	24.23	25.28	25.23	25.26	0.20	0.00
GCC	93	24.23	25.31	25.25	25.21	0.21	0.00
GCC	94	24.25	25.28	25.22	25.25	0.21	0.00
GCC	95	24.23	25.32	25.24	25.22	0.21	0.00
GCC	96	24.18	25.38	25.27	25.17	0.20	0.00
GCC	97	24.24	25.30	25.23	25.24	0.20	0.00
GCC	98	24.23	25.31	25.24	25.23	0.21	0.00
GCC	99	24.18	25.34	25.30	25.18	0.19	0.00
GCC	100	24.24	25.30	25.21	25.26	0.17	0.00
# ACGT content per cycle, read oriented. Use `grep ^GCT | cut -f 2-` to extract this part. The columns are: cycle; A,C,G,T base counts as a percentage of all A/C/G/T bases [%]
GCT	1	28.09	28.34	17.19	26.38
GCT	2	28.56	20.29	27.49	23.66
GCT	3	25.36	24.46	25.32	24.85
GCT	4	25.41	25.79	23.94	24.85
GCT	5	25.51	24.53	23.64	26.32
GCT	6	24.84	25.56	24.31	25.28
GCT	7	24.82	24.99	24.93	25.25
GCT	8	25.20	24.99	23.70	26.11
GCT	9	24.81	25.04	24.08	26.07
GCT	10	25.32	24.97	24.31	25.41
GCT	11	25.31	24.90	24.25	25.54
GCT	12	25.20	25.09	24.33	25.38
GCT	13	25.43	24.78	24.24	25.55
GCT	14	25.33	24.77	24.56	25.34
GCT	15	25.22	25.04	24.49	25.26
GCT	16	25.24	24.93	24.42	25.40
GCT	17	25.12	24.99	24.50	25.39
GCT	18	25.05	25.20	24.51	25.24
GCT	19	25.09	25.11	24.43	25.37
GCT	20	25.05	24.98	24.68	25.28
GCT	21	24.99	25.17	24.66	25.19
GCT	22	25.06	25.07	24.56	25.31
GCT	23	25.07	24.99	24.71	25.23
GCT	24	25.00	25.16	24.80	25.04
GCT	25	25.06	25.10	24.69	25.15
GCT	26	25.03	25.02	24.83	25.12
GCT	27	24.95	25.21	24.88	24.96
GCT	28	25.09	25.15	24.74	25.03
GCT	29	25.04	25.04	24.88	25.04
GCT	30	24.91	25.19	24.94	24.96
GCT	31	24.98	25.16	24.86	25.00
GCT	32	24.97	25.09	24.96	24.97
GCT	33	24.93	25.21	25.02	24.85
GCT	34	25.04	25.11	24.92	24.93
GCT	35	24.96	25.10	25.01	24.93
GCT	36	24.86	25.24	25.04	24.87
GCT	37	24.98	25.18	24.92	24.92
GCT	38	24.93	25.14	25.04	24.89
GCT	39	24.82	25.27	25.04	24.87
GCT	40	24.97	25.14	24.92	24.97
GCT	41	24.92	25.10	25.05	24.92
GCT	42	24.82	25.29	25.06	24.84
GCT	43	24.90	25.22	24.96	24.93
GCT	44	24.90	25.13	25.07	24.89
GCT	45	24.82	25.28	25.09	24.82
GCT	46	24.91	25.19	25.05	24.85
GCT	47	24.88	25.15	25.14	24.83
GCT	48	24.77	25.30	25.08	24.84
GCT	49	24.86	25.26	24.98	24.89
GCT	50	24.87	25.17	25.07	24.89
GCT	51	24.80	25.27	25.13	24.81
GCT	52	24.84	25.18	25.08	24.90
GCT	53	24.82	25.17	25.12	24.88
GCT	54	24.76	25.31	25.10	24.83
GCT	55	24.84	25.22	25.06	24.88
GCT	56	24.82	25.13	25.18	24.87
GCT	57	24.79	25.28	25.14	24.79
GCT	58	24.89	25.20	25.08	24.82
GCT	59	24.80	25.18	25.16	24.87
GCT	60	24.75	25.34	25.13	24.77
GCT	61	24.83	25.25	25.06	24.86
GCT	62	24.80	25.17	25.16	24.87
GCT	63	24.70	25.35	25.15	24.80
GCT	64	24.81	25.29	25.06	24.84
GCT	65	24.79	25.19	25.18	24.83
GCT	66	24.73	25.31	25.19	24.77
GCT	67	24.80	25.23	25.14	24.83
GCT	68	24.74	25.19	25.21	24.86
GCT	69	24.71	25.32	25.18	24.79
GCT	70	24.81	25.22	25.12	24.85
GCT	71	24.76	25.19	25.25	24.80
GCT	72	24.71	25.31	25.22	24.76
GCT	73	24.81	25.24	25.15	24.80
GCT	74	24.78	25.19	25.23	24.80
GCT	75	24.71	25.27	25.24	24.78
GCT	76	24.77	25.23	25.16	24.84
GCT	77	24.79	25.16	25.26	24.79
GCT	78	24.73	25.27	25.29	24.71
GCT	79	24.81	25.21	25.21	24.77
GCT	80	24.80	25.17	25.27	24.76
GCT	81	24.72	25.27	25.29	24.72
GCT	82	24.83	25.20	25.22	24.76
GCT	83	24.86	25.11	25.28	24.75
GCT	84	24.71	25.24	25.35	24.70
GCT	85	24.80	25.24	25.21	24.74
GCT	86	24.80	25.15	25.31	24.75
GCT	87	24.74	25.26	25.33	24.66
GCT	88	24.84	25.18	25.30	24.69
GCT	89	24.86	25.11	25.39	24.65
GCT	90	24.78	25.25	25.35	24.62
GCT	91	24.82	25.23	25.25	24.70
GCT	92	24.81	25.17	25.35	24.68
GCT	93	24.80	25.23	25.33	24.64
GCT	94	24.87	25.16	25.33	24.64
GCT	95	24.85	25.16	25.39	24.60
GCT	96	24.81	25.23	25.42	24.55
GCT	97	24.87	25.18	25.34	24.61
GCT	98	24.86	25.10	25.44	24.59
GCT	99	24.86	25.17	25.47	24.50
GCT	100	24.94	25.10	25.40	24.55
# ACGT content per cycle for first fragments. Use `grep ^FBC | cut -f 2-` to extract this part. The columns are: cycle; A,C,G,T base counts as a percentage of all A/C/G/T bases [%]; and N and O counts as a percentage of all A/C/G/T bases [%]
FBC	1	27.37	22.51	22.22	27.90	0.04	0.00
FBC	2	25.94	23.78	23.79	26.49	0.00	0.00
FBC	3	25.07	24.62	24.63	25.67	0.00	0.00
FBC	4	25.14	24.56	24.57	25.74	0.00	0.00
FBC	5	25.71	23.98	24.04	26.26	0.00	0.00
FBC	6	24.96	24.73	24.77	25.54	0.00	0.00
FBC	7	24.91	24.81	24.81	25.47	0.00	0.00
FBC	8	25.38	24.30	24.28	26.04	0.00	0.00
FBC	9	25.20	24.47	24.48	25.85	0.00	0.00
FBC	10	25.14	24.54	24.54	25.78	0.00	0.00
FBC	11	25.22	24.49	24.45	25.83	0.00	0.00
FBC	12	25.06	24.64	24.59	25.71	0.00	0.00
FBC	13	25.31	24.37	24.36	25.96	0.00	0.00
FBC	14	25.09	24.57	24.55	25.79	0.00	0.00
FBC	15	24.99	24.66	24.65	25.70	0.00	0.00
FBC	16	25.10	24.56	24.55	25.79	0.00	0.00
FBC	17	24.98	24.66	24.64	25.72	0.00	0.00
FBC	18	24.89	24.78	24.73	25.61	0.00	0.00
FBC	19	24.97	24.69	24.61	25.72	0.00	0.00
FBC	20	24.90	24.75	24.73	25.62	0.00	0.00
FBC	21	24.81	24.87	24.78	25.53	0.00	0.00
FBC	22	24.88	24.74	24.70	25.68	0.00	0.00
FBC	23	24.85	24.80	24.75	25.60	0.00	0.00
FBC	24	24.73	24.90	24.86	25.51	0.00	0.00
FBC	25	24.76	24.84	24.78	25.61	0.00	0.00
FBC	26	24.75	24.84	24.84	25.57	0.02	0.00
FBC	27	24.63	24.97	24.96	25.43	0.03	0.00
FBC	28	24.74	24.87	24.85	25.53	0.04	0.00
FBC	29	24.71	24.91	24.85	25.53	0.04	0.00
FBC	30	24.61	24.97	24.97	25.45	0.03	0.00
FBC	31	24.66	24.92	24.88	25.54	0.04	0.00
FBC	32	24.61	24.97	24.91	25.51	0.05	0.00
FBC	33	24.50	25.07	25.01	25.42	0.02	0.00
FBC	34	24.63	24.93	24.89	25.54	0.02	0.00
FBC	35	24.57	24.99	24.95	25.49	0.03	0.00
FBC	36	24.48	25.08	25.03	25.40	0.02	0.00
FBC	37	24.57	24.97	24.96	25.50	0.02	0.00
FBC	38	24.51	25.05	24.98	25.47	0.02	0.00
FBC	39	24.47	25.11	25.04	25.38	0.02	0.00
FBC	40	24.56	24.97	24.94	25.53	0.02	0.00
FBC	41	24.51	25.07	24.99	25.44	0.02	0.00
FBC	42	24.43	25.13	25.07	25.38	0.03	0.00
FBC	43	24.51	25.01	24.99	25.48	0.04	0.00
FBC	44	24.48	25.06	25.03	25.43	0.05	0.00
FBC	45	24.38	25.12	25.11	25.38	0.06	0.00
FBC	46	24.48	25.08	25.01	25.43	0.06	0.00
FBC	47	24.38	25.14	25.08	25.40	0.05	0.00
FBC	48	24.37	25.17	25.09	25.37	0.09	0.00
FBC	49	24.47	25.06	25.04	25.43	0.08	0.00
FBC	50	24.44	25.10	25.05	25.41	0.08	0.00
FBC	51	24.30	25.17	25.13	25.40	0.06	0.00
FBC	52	24.41	25.07	25.06	25.46	0.04	0.00
FBC	53	24.40	25.12	25.06	25.42	0.03	0.00
FBC	54	24.33	25.19	25.13	25.36	0.04	0.00
FBC	55	24.42	25.09	25.07	25.42	0.04	0.00
FBC	56	24.39	25.11	25.09	25.41	0.03	0.00
FBC	57	24.33	25.19	25.13	25.35	0.03	0.00
FBC	58	24.41	25.10	25.06	25.42	0.03	0.00
FBC	59	24.34	25.18	25.08	25.40	0.03	0.00
FBC	60	24.27	25.21	25.16	25.36	0.03	0.00
FBC	61	24.37	25.15	25.06	25.42	0.03	0.00
FBC	62	24.34	25.16	25.11	25.39	0.03	0.00
FBC	63	24.28	25.24	25.19	25.30	0.04	0.00
FBC	64	24.33	25.16	25.11	25.40	0.03	0.00
FBC	65	24.31	25.19	25.17	25.33	0.03	0.00
FBC	66	24.28	25.24	25.18	25.31	0.02	0.00
FBC	67	24.34	25.15	25.11	25.39	0.03	0.00
FBC	68	24.31	25.22	25.14	25.33	0.03	0.00
FBC	69	24.26	25.25	25.19	25.30	0.03	0.00
FBC	70	24.32	25.16	25.11	25.41	0.04	0.00
FBC	71	24.29	25.24	25.15	25.32	0.04	0.00
FBC	72	24.26	25.26	25.23	25.26	0.03	0.00
FBC	73	24.33	25.19	25.14	25.34	0.03	0.00
FBC	74	24.27	25.21	25.17	25.35	0.04	0.00
FBC	75	24.26	25.27	25.19	25.29	0.05	0.00
FBC	76	24.32	25.19	25.13	25.36	0.04	0.00
FBC	77	24.28	25.23	25.17	25.32	0.02	0.00
FBC	78	24.22	25.28	25.23	25.27	0.02	0.00
FBC	79	24.29	25.21	25.16	25.34	0.02	0.00
FBC	80	24.27	25.26	25.17	25.30	0.02	0.00
FBC	81	24.22	25.30	25.23	25.25	0.01	0.00
FBC	82	24.32	25.21	25.18	25.30	0.01	0.00
FBC	83	24.31	25.24	25.13	25.32	0.01	0.00
FBC	84	24.19	25.31	25.26	25.24	0.01	0.00
FBC	85	24.29	25.25	25.16	25.30	0.01	0.00
FBC	86	24.23	25.29	25.18	25.30	0.00	0.00
FBC	87	24.21	25.31	25.24	25.24	0.01	0.00
FBC	88	24.27	25.25	25.20	25.28	0.00	0.00
FBC	89	24.25	25.29	25.21	25.25	0.01	0.00
FBC	90	24.20	25.32	25.25	25.22	0.00	0.00
FBC	91	24.26	25.22	25.23	25.29	0.00	0.00
FBC	92	24.24	25.27	25.21	25.27	0.00	0.00
FBC	93	24.24	25.31	25.24	25.22	0.00	0.00
FBC	94	24.26	25.27	25.19	25.28	0.01	0.00
FBC	95	24.22	25.34	25.24	25.20	0.00	0.00
FBC	96	24.18	25.40	25.25	25.16	0.00	0.00
FBC	97	24.26	25.29	25.21	25.25	0.00	0.00
FBC	98	24.22	25.33	25.23	25.21	0.00	0.00
FBC	99	24.19	25.32	25.30	25.19	0.00	0.00
FBC	100	24.26	25.28	25.19	25.26	0.00	0.00
# ACGT raw counters for first fragments. Use `grep ^FTC | cut -f 2-` to extract this part. The columns are: A,C,G,T,N base counters
FTC	242083944	246274696	245790777	251064902	207581
# ACGT content per cycle for last fragments. Use `grep ^LBC | cut -f 2-` to extract this part. The columns are: cycle; A,C,G,T base counts as a percentage of all A/C/G/T bases [%]; and N and O counts as a percentage of all A/C/G/T bases [%]
LBC	1	26.60	23.16	23.18	27.06	0.38	0.00
LBC	2	25.77	24.01	23.98	26.24	0.45	0.00
LBC	3	24.62	25.17	25.15	25.06	0.52	0.00
LBC	4	24.58	25.18	25.17	25.07	0.55	0.00
LBC	5	25.60	24.19	24.11	26.10	0.55	0.00
LBC	6	24.62	25.14	25.12	25.13	0.57	0.00
LBC	7	24.61	25.12	25.11	25.16	0.55	0.00
LBC	8	25.33	24.39	24.41	25.87	0.55	0.00
LBC	9	25.07	24.65	24.65	25.63	0.54	0.00
LBC	10	24.97	24.72	24.74	25.57	0.56	0.00
LBC	11	25.02	24.68	24.68	25.62	0.54	0.00
LBC	12	24.91	24.81	24.80	25.49	0.55	0.00
LBC	13	25.02	24.66	24.65	25.66	0.57	0.00
LBC	14	24.90	24.80	24.75	25.55	0.55	0.00
LBC	15	24.79	24.87	24.87	25.46	0.57	0.00
LBC	16	24.87	24.80	24.79	25.53	0.58	0.00
LBC	17	24.84	24.89	24.79	25.48	0.59	0.00
LBC	18	24.69	24.97	24.95	25.38	0.62	0.00
LBC	19	24.76	24.90	24.87	25.48	0.54	0.00
LBC	20	24.72	24.94	24.91	25.43	0.46	0.00
LBC	21	24.64	25.03	24.96	25.36	0.40	0.00
LBC	22	24.71	24.93	24.90	25.46	0.37	0.00
LBC	23	24.68	24.95	24.92	25.45	0.34	0.00
LBC	24	24.54	25.08	25.08	25.30	0.33	0.00
LBC	25	24.63	24.97	24.98	25.41	0.35	0.00
LBC	26	24.62	25.03	24.98	25.36	0.34	0.00
LBC	27	24.47	25.14	25.10	25.29	0.33	0.00
LBC	28	24.59	25.02	25.02	25.37	0.37	0.00
LBC	29	24.57	25.07	25.02	25.34	0.39	0.00
LBC	30	24.42	25.15	25.17	25.27	0.38	0.00
LBC	31	24.48	25.11	25.12	25.29	0.40	0.00
LBC	32	24.46	25.10	25.15	25.30	0.41	0.00
LBC	33	24.38	25.19	25.18	25.25	0.40	0.00
LBC	34	24.47	25.15	25.09	25.28	0.40	0.00
LBC	35	24.42	25.15	25.13	25.30	0.40	0.00
LBC	36	24.33	25.23	25.21	25.23	0.39	0.00
LBC	37	24.42	25.14	25.13	25.31	0.40	0.00
LBC	38	24.42	25.21	25.12	25.24	0.40	0.00
LBC	39	24.31	25.24	25.23	25.22	0.42	0.00
LBC	40	24.44	25.13	25.07	25.36	0.41	0.00
LBC	41	24.40	25.15	25.12	25.34	0.41	0.00
LBC	42	24.29	25.26	25.24	25.21	0.42	0.00
LBC	43	24.35	25.19	25.14	25.31	0.41	0.00
LBC	44	24.36	25.20	25.12	25.33	0.43	0.00
LBC	45	24.25	25.27	25.24	25.25	0.42	0.00
LBC	46	24.32	25.22	25.17	25.29	0.42	0.00
LBC	47	24.33	25.19	25.18	25.30	0.42	0.00
LBC	48	24.25	25.26	25.25	25.24	0.41	0.00
LBC	49	24.32	25.21	25.17	25.29	0.38	0.00
LBC	50	24.35	25.20	25.13	25.32	0.37	0.00
LBC	51	24.25	25.27	25.23	25.25	0.34	0.00
LBC	52	24.29	25.22	25.18	25.31	0.32	0.00
LBC	53	24.28	25.24	25.17	25.31	0.38	0.00
LBC	54	24.26	25.29	25.21	25.24	0.40	0.00
LBC	55	24.28	25.23	25.18	25.31	0.44	0.00
LBC	56	24.28	25.22	25.20	25.30	0.45	0.00
LBC	57	24.25	25.27	25.25	25.23	0.42	0.00
LBC	58	24.30	25.22	25.18	25.30	0.43	0.00
LBC	59	24.27	25.24	25.17	25.32	0.45	0.00
LBC	60	24.20	25.32	25.27	25.21	0.44	0.00
LBC	61	24.30	25.23	25.17	25.29	0.43	0.00
LBC	62	24.30	25.21	25.18	25.31	0.45	0.00
LBC	63	24.21	25.33	25.24	25.21	0.42	0.00
LBC	64	24.28	25.24	25.18	25.30	0.43	0.00
LBC	65	24.29	25.22	25.17	25.33	0.41	0.00
LBC	66	24.20	25.30	25.30	25.20	0.42	0.00
LBC	67	24.26	25.26	25.21	25.27	0.41	0.00
LBC	68	24.27	25.22	25.21	25.29	0.43	0.00
LBC	69	24.21	25.34	25.23	25.22	0.43	0.00
LBC	70	24.27	25.25	25.16	25.32	0.43	0.00
LBC	71	24.25	25.26	25.22	25.27	0.43	0.00
LBC	72	24.23	25.32	25.25	25.20	0.40	0.00
LBC	73	24.27	25.25	25.19	25.28	0.36	0.00
LBC	74	24.26	25.24	25.20	25.30	0.34	0.00
LBC	75	24.21	25.32	25.25	25.23	0.35	0.00
LBC	76	24.27	25.27	25.19	25.27	0.36	0.00
LBC	77	24.27	25.24	25.20	25.28	0.33	0.00
LBC	78	24.16	25.32	25.29	25.22	0.34	0.00
LBC	79	24.24	25.27	25.21	25.28	0.36	0.00
LBC	80	24.25	25.25	25.22	25.28	0.40	0.00
LBC	81	24.21	25.32	25.27	25.21	0.39	0.00
LBC	82	24.29	25.23	25.20	25.28	0.39	0.00
LBC	83	24.31	25.24	25.18	25.27	0.39	0.00
LBC	84	24.17	25.33	25.28	25.22	0.41	0.00
LBC	85	24.24	25.28	25.22	25.27	0.39	0.00
LBC	86	24.26	25.27	25.18	25.29	0.40	0.00
LBC	87	24.16	25.35	25.29	25.20	0.39	0.00
LBC	88	24.25	25.30	25.19	25.26	0.40	0.00
LBC	89	24.24	25.29	25.20	25.27	0.41	0.00
LBC	90	24.18	25.35	25.28	25.19	0.39	0.00
LBC	91	24.25	25.28	25.22	25.25	0.41	0.00
LBC	92	24.22	25.29	25.25	25.24	0.40	0.00
LBC	93	24.22	25.31	25.26	25.21	0.42	0.00
LBC	94	24.25	25.28	25.24	25.23	0.41	0.00
LBC	95	24.23	25.30	25.23	25.23	0.41	0.00
LBC	96	24.17	25.35	25.28	25.19	0.40	0.00
LBC	97	24.23	25.31	25.24	25.22	0.39	0.00
LBC	98	24.23	25.29	25.24	25.24	0.41	0.00
LBC	99	24.18	25.36	25.30	25.17	0.37	0.00
LBC	100	24.22	25.31	25.22	25.25	0.35	0.00
# ACGT raw counters for last fragments. Use `grep ^LTC | cut -f 2-` to extract this part. The columns are: A,C,G,T,N base counters
LTC	239981873	246504871	246110400	248659724	4165032
# Insert sizes. Use `grep ^IS | cut -f 2-` to extract this part. The columns are: insert size, pairs total, inward oriented pairs, outward oriented pairs, other pairs
IS	0	0	0	0	0
IS	1	0	0	0	0
IS	2	21	0	21	0
IS	3	13	0	13	0
IS	4	9	0	9	0
IS	5	9	0	9	0
IS	6	20	0	20	0
IS	7	18	0	18	0
IS	8	12	0	12	0
IS	9	15	0	15	0
IS	10	20	0	20	0
IS	11	16	0	16	0
IS	12	10	0	10	0
IS	13	15	0	15	0
IS	14	14	0	14	0
IS	15	17	0	17	0
IS	16	19	0	19	0
IS	17	16	0	16	0
IS	18	26	0	25	1
IS	19	107	82	25	0
IS	20	101	78	23	0
IS	21	68	36	32	0
IS	22	39	23	16	0
IS	23	32	14	18	0
IS	24	37	11	26	0
IS	25	33	8	25	0
IS	26	22	4	18	0
IS	27	27	8	19	0
IS	28	37	16	21	0
IS	29	24	6	18	0
IS	30	22	8	14	0
IS	31	17	4	13	0
IS	32	41	12	29	0
IS	33	28	7	21	0
IS	34	16	4	12	0
IS	35	28	7	21	0
IS	36	25	6	19	0
IS	37	25	9	16	0
IS	38	22	2	20	0
IS	39	26	10	16	0
IS	40	31	6	25	0
IS	41	38	15	23	0
IS	42	25	6	19	0
IS	43	27	5	22	0
IS	44	32	15	17	0
IS	45	36	16	20	0
IS	46	32	9	23	0
IS	47	30	12	18	0
IS	48	42	15	27	0
IS	49	39	16	23	0
IS	50	43	19	24	0
IS	51	50	23	26	1
IS	52	49	21	28	0
IS	53	57	27	30	0
IS	54	77	40	37	0
IS	55	50	17	33	0
IS	56	80	47	33	0
IS	57	55	26	29	0
IS	58	76	49	27	0
IS	59	112	71	41	0
IS	60	78	55	23	0
IS	61	88	47	41	0
IS	62	123	75	48	0
IS	63	117	78	39	0
IS	64	151	108	43	0
IS	65	136	98	38	0
IS	66	201	146	54	1
IS	67	203	142	61	0
IS	68	198	138	60	0
IS	69	241	157	84	0
IS	70	328	234	93	1
IS	71	334	246	88	0
IS	72	356	252	104	0
IS	73	447	324	123	0
IS	74	483	361	122	0
IS	75	609	440	169	0
IS	76	642	475	167	0
IS	77	752	563	189	0
IS	78	940	704	236	0
IS	79	1055	797	258	0
IS	80	1172	854	318	0
IS	81	1342	1010	332	0
IS	82	1604	1199	405	0
IS	83	1780	1340	440	0
IS	84	1936	1469	467	0
IS	85	2201	1648	553	0
IS	86	2369	1781	588	0
IS	87	2758	2106	652	0
IS	88	3143	2380	762	1
IS	89	3547	2673	874	0
IS	90	3899	2954	945	0
IS	91	4250	3189	1061	0
IS	92	4677	3537	1140	0
IS	93	5229	3967	1262	0
IS	94	5811	4460	1351	0
IS	95	6380	4796	1583	1
IS	96	6693	4858	1835	0
IS	97	7562	5271	2290	1
IS	98	8062	4815	3247	0
IS	99	8763	404	8358	1
IS	100	9505	9476	29	0
IS	101	10269	10252	17	0
IS	102	10821	10810	11	0
IS	103	11497	11490	7	0
IS	104	12275	12272	3	0
IS	105	13457	13455	0	2
IS	106	13863	13858	4	1
IS	107	14593	14589	4	0
IS	108	15656	15654	2	0
IS	109	16381	16381	0	0
IS	110	17337	17335	2	0
IS	111	17818	17817	1	0
IS	112	18672	18671	1	0
IS	113	19668	19667	1	0
IS	114	20326	20324	2	0
IS	115	21626	21625	1	0
IS	116	21798	21796	2	0
IS	117	22599	22599	0	0
IS	118	23229	23229	0	0
IS	119	24159	24157	2	0
IS	120	24895	24895	0	0
IS	121	25424	25421	3	0
IS	122	26373	26372	1	0
IS	123	27310	27310	0	0
IS	124	28009	28008	1	0
IS	125	28622	28622	0	0
IS	126	29077	29077	0	0
IS	127	29902	29902	0	0
IS	128	30384	30384	0	0
IS	129	30851	30850	1	0
IS	130	31838	31838	0	0
IS	131	32453	32451	2	0
IS	132	32697	32696	1	0
IS	133	33437	33437	0	0
IS	134	33798	33795	2	1
IS	135	34569	34569	0	0
IS	136	35158	35157	1	0
IS	137	35351	35348	2	1
IS	138	35973	35973	0	0
IS	139	36311	36310	1	0
IS	140	37627	37626	1	0
IS	141	37489	37489	0	0
IS	142	37698	37698	0	0
IS	143	37998	37997	0	1
IS	144	38988	38988	0	0
IS	145	39455	39455	0	0
IS	146	39349	39349	0	0
IS	147	39722	39722	0	0
IS	148	40618	40618	0	0
IS	149	40339	40338	1	0
IS	150	40904	40904	0	0
IS	151	41182	41182	0	0
IS	152	41036	41036	0	0
IS	153	42059	42059	0	0
IS	154	42195	42195	0	0
IS	155	42315	42311	3	1
IS	156	42421	42421	0	0
IS	157	43316	43316	0	0
IS	158	43286	43286	0	0
IS	159	42345	42345	0	0
IS	160	43216	43216	0	0
IS	161	43935	43935	0	0
IS	162	44121	44120	1	0
IS	163	44080	44079	0	1
IS	164	44860	44860	0	0
IS	165	44410	44410	0	0
IS	166	44854	44853	1	0
IS	167	44485	44484	1	0
IS	168	45396	45395	0	1
IS	169	45136	45136	0	0
IS	170	44978	44977	1	0
IS	171	45429	45429	0	0
IS	172	45699	45699	0	0
IS	173	45763	45763	0	0
IS	174	45650	45648	2	0
IS	175	45428	45427	1	0
IS	176	45589	45588	0	1
IS	177	45809	45808	1	0
IS	178	46165	46163	1	1
IS	179	45782	45782	0	0
IS	180	46052	46051	1	0
IS	181	45786	45785	1	0
IS	182	46038	46038	0	0
IS	183	46261	46260	0	1
IS	184	45768	45768	0	0
IS	185	46172	46172	0	0
IS	186	46460	46459	1	0
IS	187	45937	45937	0	0
IS	188	46019	46019	0	0
IS	189	46221	46221	0	0
IS	190	46412	46412	0	0
IS	191	46698	46697	1	0
IS	192	46397	46397	0	0
IS	193	46376	46376	0	0
IS	194	46165	46165	0	0
IS	195	46209	46209	0	0
IS	196	46289	46286	3	0
IS	197	45903	45903	0	0
IS	198	46006	46005	0	1
IS	199	46360	46360	0	0
IS	200	46154	46154	0	0
IS	201	46307	46307	0	0
IS	202	46222	46222	0	0
IS	203	45985	45985	0	0
IS	204	45750	45750	0	0
IS	205	45706	45704	2	0
IS	206	46194	46194	0	0
IS	207	45149	45148	1	0
IS	208	45986	45986	0	0
IS	209	46266	46266	0	0
IS	210	45796	45796	0	0
IS	211	45978	45978	0	0
IS	212	45248	45247	1	0
IS	213	45606	45606	0	0
IS	214	45062	45062	0	0
IS	215	45524	45524	0	0
IS	216	45100	45100	0	0
IS	217	44923	44922	1	0
IS	218	45152	45152	0	0
IS	219	44757	44757	0	0
IS	220	45012	45011	1	0
IS	221	44873	44873	0	0
IS	222	44540	44539	0	1
IS	223	44432	44432	0	0
IS	224	44959	44959	0	0
IS	225	44232	44231	0	1
IS	226	44243	44243	0	0
IS	227	44130	44130	0	0
IS	228	44043	44043	0	0
IS	229	43968	43967	1	0
IS	230	43825	43825	0	0
IS	231	43376	43376	0	0
IS	232	43888	43887	0	1
IS	233	43993	43993	0	0
IS	234	43491	43491	0	0
IS	235	43012	43012	0	0
IS	236	43131	43131	0	0
IS	237	42833	42832	1	0
IS	238	43202	43202	0	0
IS	239	43081	43081	0	0
IS	240	42065	42065	0	0
IS	241	42666	42665	0	1
IS	242	42230	42229	0	1
IS	243	42003	42003	0	0
IS	244	41799	41798	1	0
IS	245	42166	42166	0	0
IS	246	41144	41141	3	0
IS	247	41427	41427	0	0
IS	248	41126	41126	0	0
IS	249	40986	40986	0	0
IS	250	40866	40866	0	0
IS	251	40499	40499	0	0
IS	252	40725	40725	0	0
IS	253	40572	40572	0	0
IS	254	40345	40345	0	0
IS	255	39811	39807	4	0
IS	256	40328	40327	1	0
IS	257	39368	39368	0	0
IS	258	39109	39109	0	0
IS	259	39331	39331	0	0
IS	260	38917	38916	1	0
IS	261	38436	38435	1	0
IS	262	38634	38634	0	0
IS	263	38753	38753	0	0
IS	264	38351	38350	0	1
IS	265	38237	38236	1	0
IS	266	37584	37584	0	0
IS	267	37187	37186	1	0
IS	268	37197	37195	2	0
IS	269	36830	36829	1	0
IS	270	37006	37006	0	0
IS	271	36426	36426	0	0
IS	272	36245	36245	0	0
IS	273	35871	35870	1	0
IS	274	35930	35929	0	1
IS	275	35442	35440	2	0
IS	276	35392	35391	1	0
IS	277	34757	34756	1	0
IS	278	34442	34442	0	0
IS	279	34349	34349	0	0
IS	280	34076	34075	1	0
IS	281	34170	34170	0	0
IS	282	33903	33902	0	1
IS	283	33468	33467	1	0
IS	284	33173	33171	2	0
IS	285	33456	33456	0	0
IS	286	32344	32344	0	0
IS	287	32485	32482	3	0
IS	288	32385	32385	0	0
IS	289	31923	31923	0	0
IS	290	31550	31550	0	0
IS	291	31512	31512	0	0
IS	292	31046	31046	0	0
IS	293	30862	30861	1	0
IS	294	30652	30652	0	0
IS	295	30502	30502	0	0
IS	296	29921	29921	0	0
IS	297	29963	29963	0	0
IS	298	29507	29507	0	0
IS	299	29198	29196	2	0
IS	300	28916	28916	0	0
IS	301	29001	29001	0	0
IS	302	28301	28301	0	0
IS	303	28419	28419	0	0
IS	304	27515	27514	1	0
IS	305	27489	27489	0	0
IS	306	27115	27115	0	0
IS	307	27046	27046	0	0
IS	308	26797	26797	0	0
IS	309	26527	26527	0	0
IS	310	26147	26147	0	0
IS	311	25750	25750	0	0
IS	312	25678	25677	1	0
IS	313	25353	25353	0	0
IS	314	25494	25494	0	0
IS	315	25085	25085	0	0
IS	316	25014	25014	0	0
IS	317	24572	24572	0	0
IS	318	24406	24405	1	0
IS	319	23723	23723	0	0
IS	320	23758	23758	0	0
IS	321	23250	23249	1	0
IS	322	23197	23197	0	0
IS	323	22723	22723	0	0
IS	324	22583	22583	0	0
IS	325	22115	22115	0	0
IS	326	22334	22333	1	0
IS	327	21502	21502	0	0
IS	328	21280	21279	1	0
IS	329	21138	21138	0	0
IS	330	21134	21129	2	3
IS	331	20606	20605	0	1
IS	332	20449	20449	0	0
IS	333	20140	20140	0	0
IS	334	19850	19849	0	1
IS	335	19561	19561	0	0
IS	336	19349	19348	1	0
IS	337	19222	19222	0	0
IS	338	18930	18930	0	0
IS	339	18583	18583	0	0
IS	340	18418	18418	0	0
IS	341	18186	18185	0	1
IS	342	17865	17864	1	0
IS	343	17785	17785	0	0
IS	344	17343	17342	1	0
IS	345	16931	16931	0	0
IS	346	17047	17047	0	0
IS	347	16996	16996	0	0
IS	348	16607	16607	0	0
IS	349	15829	15828	1	0
IS	350	16051	16051	0	0
IS	351	15877	15876	1	0
IS	352	15722	15722	0	0
IS	353	15267	15267	0	0
IS	354	15275	15274	0	1
IS	355	14742	14742	0	0
IS	356	14474	14472	2	0
IS	357	14642	14642	0	0
IS	358	14436	14435	1	0
IS	359	14213	14213	0	0
IS	360	13964	13959	5	0
IS	361	13477	13477	0	0
IS	362	13645	13645	0	0
IS	363	13403	13403	0	0
IS	364	13039	13038	0	1
IS	365	12975	12974	0	1
IS	366	12626	12626	0	0
IS	367	12605	12605	0	0
IS	368	12556	12556	0	0
IS	369	12375	12375	0	0
IS	370	12066	12066	0	0
IS	371	11937	11936	1	0
IS	372	11965	11965	0	0
IS	373	11515	11515	0	0
IS	374	11349	11347	0	2
IS	375	11229	11229	0	0
IS	376	11033	11032	1	0
IS	377	10868	10868	0	0
IS	378	10854	10854	0	0
IS	379	10470	10470	0	0
IS	380	10253	10252	1	0
IS	381	10092	10092	0	0
IS	382	10177	10177	0	0
IS	383	9942	9941	1	0
IS	384	9984	9983	1	0
IS	385	9593	9593	0	0
IS	386	9563	9563	0	0
IS	387	9402	9402	0	0
IS	388	9240	9239	0	1
IS	389	9106	9104	0	2
IS	390	8941	8941	0	0
IS	391	8553	8553	0	0
IS	392	8645	8645	0	0
IS	393	8544	8544	0	0
IS	394	8406	8406	0	0
IS	395	8334	8334	0	0
IS	396	7985	7985	0	0
IS	397	7712	7712	0	0
IS	398	7767	7767	0	0
IS	399	7774	7774	0	0
IS	400	7433	7433	0	0
IS	401	7314	7314	0	0
IS	402	7243	7242	1	0
IS	403	7097	7097	0	0
IS	404	7122	7122	0	0
IS	405	6958	6958	0	0
IS	406	7008	7008	0	0
IS	407	6722	6721	1	0
IS	408	6513	6512	1	0
IS	409	6505	6505	0	0
IS	410	6344	6344	0	0
IS	411	6283	6283	0	0
IS	412	6132	6132	0	0
IS	413	5987	5986	1	0
IS	414	5948	5948	0	0
IS	415	5758	5758	0	0
IS	416	5853	5851	2	0
IS	417	5773	5773	0	0
IS	418	5667	5666	0	1
IS	419	5529	5529	0	0
IS	420	5444	5442	2	0
IS	421	5260	5260	0	0
IS	422	5168	5168	0	0
IS	423	5125	5124	1	0
IS	424	5078	5078	0	0
IS	425	5029	5028	1	0
IS	426	4910	4910	0	0
IS	427	4826	4826	0	0
IS	428	4737	4737	0	0
IS	429	4608	4608	0	0
IS	430	4489	4489	0	0
IS	431	4373	4373	0	0
IS	432	4405	4405	0	0
IS	433	4268	4267	0	1
IS	434	4321	4320	1	0
IS	435	4186	4186	0	0
IS	436	4064	4064	0	0
IS	437	4037	4037	0	0
IS	438	3952	3952	0	0
IS	439	3920	3920	0	0
IS	440	3839	3839	0	0
IS	441	3752	3752	0	0
IS	442	3686	3682	4	0
IS	443	3560	3558	1	1
IS	444	3610	3610	0	0
IS	445	3381	3381	0	0
IS	446	3452	3452	0	0
IS	447	3437	3436	1	0
IS	448	3175	3174	1	0
IS	449	3246	3245	1	0
IS	450	3104	3104	0	0
IS	451	3200	3200	0	0
IS	452	3048	3048	0	0
IS	453	3082	3081	1	0
IS	454	3056	3056	0	0
IS	455	2915	2915	0	0
IS	456	2941	2938	3	0
IS	457	2777	2777	0	0
IS	458	2689	2688	1	0
IS	459	2735	2732	3	0
IS	460	2805	2805	0	0
IS	461	2541	2541	0	0
IS	462	2691	2691	0	0
IS	463	2519	2519	0	0
IS	464	2538	2538	0	0
IS	465	2386	2386	0	0
IS	466	2384	2383	1	0
IS	467	2276	2276	0	0
IS	468	2289	2288	1	0
IS	469	2194	2193	1	0
IS	470	2205	2205	0	0
IS	471	2160	2160	0	0
IS	472	2156	2156	0	0
IS	473	2121	2119	1	1
IS	474	2079	2079	0	0
IS	475	1992	1992	0	0
IS	476	1998	1998	0	0
IS	477	1916	1915	1	0
IS	478	1943	1942	1	0
IS	479	1815	1815	0	0
IS	480	1836	1834	0	2
IS	481	1904	1903	1	0
IS	482	1775	1775	0	0
# Read lengths. Use `grep ^RL | cut -f 2-` to extract this part. The columns are: read length, count
RL	100	19708438
# Read lengths - first fragments. Use `grep ^FRL | cut -f 2-` to extract this part. The columns are: read length, count
FRL	100	9854219
# Read lengths - last fragments. Use `grep ^LRL | cut -f 2-` to extract this part. The columns are: read length, count
LRL	100	9854219
# Mapping qualities for reads !(UNMAP|SECOND|SUPPL|QCFAIL|DUP). Use `grep ^MAPQ | cut -f 2-` to extract this part. The columns are: mapq, count
MAPQ	0	3476219
MAPQ	1	11455
MAPQ	2	2747
MAPQ	3	17328
MAPQ	4	6995
MAPQ	5	7323
MAPQ	6	8778
MAPQ	7	13806
MAPQ	8	6071
MAPQ	9	19605
MAPQ	10	11962
MAPQ	11	5259
MAPQ	12	6823
MAPQ	13	10359
MAPQ	14	2413
MAPQ	15	14787
MAPQ	16	6283
MAPQ	17	6018
MAPQ	18	7694
MAPQ	19	13516
MAPQ	20	21347
MAPQ	21	29611
MAPQ	22	89353
MAPQ	23	74279
MAPQ	24	88269
MAPQ	25	185008
MAPQ	26	3933
MAPQ	27	296741
MAPQ	28	3560
MAPQ	29	3329
MAPQ	30	5111
MAPQ	31	8499
MAPQ	32	1372
MAPQ	33	14821
MAPQ	34	4594
MAPQ	35	4222
MAPQ	36	5639
MAPQ	37	13563
MAPQ	38	2590
MAPQ	39	21089
MAPQ	40	292703
MAPQ	41	5462
MAPQ	42	13972
MAPQ	43	15584
MAPQ	44	15544
MAPQ	45	43333
MAPQ	46	32617
MAPQ	47	55573
MAPQ	48	76793
MAPQ	49	55601
MAPQ	50	194471
MAPQ	51	10441
MAPQ	52	22864
MAPQ	53	10938
MAPQ	54	10803
MAPQ	55	27851
MAPQ	56	2040
MAPQ	57	35585
MAPQ	58	3253
MAPQ	59	4687
MAPQ	60	14195705
# Indel distribution. Use `grep ^ID | cut -f 2-` to extract this part. The columns are: length, number of insertions, number of deletions
ID	1	52814	73756
ID	2	14377	20623
ID	3	7193	10311
ID	4	6114	8091
ID	5	1613	2246
ID	6	1547	2479
ID	7	787	711
ID	8	742	1436
ID	9	382	459
ID	10	443	676
ID	11	94	699
ID	12	315	836
ID	13	76	393
ID	14	131	239
ID	15	157	295
ID	16	195	299
ID	17	23	123
ID	18	75	218
ID	19	16	69
ID	20	14	182
ID	21	48	171
ID	22	16	78
ID	23	7	106
ID	24	6	45
ID	25	5	107
ID	26	8	17
ID	27	1	31
ID	28	0	22
ID	29	0	13
ID	30	0	7
ID	31	0	9
ID	32	0	1
ID	33	0	21
ID	34	0	18
ID	36	0	2
ID	37	0	1
ID	38	0	1
ID	40	0	3
# Indels per cycle. Use `grep ^IC | cut -f 2-` to extract this part. The columns are: cycle, number of insertions (fwd), .. (rev) , number of deletions (fwd), .. (rev)
IC	3	0	0	242	257
IC	4	234	228	284	329
IC	5	327	276	300	393
IC	6	304	323	429	425
IC	7	346	372	414	448
IC	8	340	351	495	545
IC	9	406	399	547	540
IC	10	431	417	575	550
IC	11	460	467	550	638
IC	12	437	441	618	626
IC	13	458	445	578	609
IC	14	490	442	576	600
IC	15	528	485	594	614
IC	16	513	489	694	691
IC	17	540	508	598	676
IC	18	501	493	642	739
IC	19	547	527	729	769
IC	20	500	503	666	802
IC	21	497	558	763	801
IC	22	510	586	685	804
IC	23	519	558	747	766
IC	24	550	593	755	797
IC	25	570	550	729	900
IC	26	530	547	826	874
IC	27	495	631	846	813
IC	28	573	560	804	808
IC	29	584	529	784	805
IC	30	598	515	833	766
IC	31	541	530	779	744
IC	32	553	508	797	758
IC	33	536	505	794	787
IC	34	543	518	739	788
IC	35	595	556	776	748
IC	36	518	512	689	689
IC	37	568	526	774	674
IC	38	530	525	769	677
IC	39	556	535	734	770
IC	40	539	511	720	699
IC	41	527	480	756	760
IC	42	478	537	731	656
IC	43	543	516	787	765
IC	44	459	496	736	675
IC	45	517	499	778	736
IC	46	521	487	740	726
IC	47	553	532	759	764
IC	48	517	548	750	743
IC	49	516	583	778	724
IC	50	488	512	737	764
IC	51	533	536	745	715
IC	52	524	490	693	744
IC	53	540	514	751	783
IC	54	534	506	773	731
IC	55	504	459	776	764
IC	56	505	481	712	723
IC	57	502	493	737	713
IC	58	512	489	715	647
IC	59	492	482	738	728
IC	60	468	469	742	690
IC	61	491	469	728	738
IC	62	503	475	717	722
IC	63	456	488	702	723
IC	64	517	493	719	670
IC	65	517	454	784	658
IC	66	492	470	709	708
IC	67	466	433	654	658
IC	68	491	450	728	658
IC	69	484	471	687	689
IC	70	451	493	659	726
IC	71	479	452	733	695
IC	72	458	450	713	670
IC	73	463	480	718	693
IC	74	460	448	643	662
IC	75	442	480	678	661
IC	76	436	490	599	690
IC	77	465	429	685	629
IC	78	426	443	649	650
IC	79	452	452	669	638
IC	80	393	434	651	641
IC	81	456	404	642	630
IC	82	404	401	678	668
IC	83	380	373	617	621
IC	84	368	404	582	572
IC	85	387	366	543	548
IC	86	359	392	494	553
IC	87	399	340	529	508
IC	88	368	389	496	473
IC	89	356	377	506	494
IC	90	342	329	496	545
IC	91	330	293	495	458
IC	92	342	301	450	422
IC	93	274	268	392	399
IC	94	284	313	471	431
IC	95	283	283	402	415
IC	96	267	294	451	457
IC	97	396	453	428	445
IC	98	0	0	0	1
# Coverage distribution. Use `grep ^COV | cut -f 2-` to extract this part.
COV	[1-1]	1	74712919
COV	[2-2]	2	37465117
COV	[3-3]	3	14934231
COV	[4-4]	4	6829353
COV	[5-5]	5	3114930
COV	[6-6]	6	1713838
COV	[7-7]	7	1076486
COV	[8-8]	8	806828
COV	[9-9]	9	657747
COV	[10-10]	10	575610
COV	[11-11]	11	516581
COV	[12-12]	12	472768
COV	[13-13]	13	442923
COV	[14-14]	14	414051
COV	[15-15]	15	387364
COV	[16-16]	16	371109
COV	[17-17]	17	352265
COV	[18-18]	18	337222
COV	[19-19]	19	321296
COV	[20-20]	20	311383
COV	[21-21]	21	298578
COV	[22-22]	22	287333
COV	[23-23]	23	278061
COV	[24-24]	24	270221
COV	[25-25]	25	260360
COV	[26-26]	26	253616
COV	[27-27]	27	245646
COV	[28-28]	28	241156
COV	[29-29]	29	234341
COV	[30-30]	30	229551
COV	[31-31]	31	226642
COV	[32-32]	32	221656
COV	[33-33]	33	216762
COV	[34-34]	34	212340
COV	[35-35]	35	208755
COV	[36-36]	36	205492
COV	[37-37]	37	201807
COV	[38-38]	38	200556
COV	[39-39]	39	198876
COV	[40-40]	40	194304
COV	[41-41]	41	192620
COV	[42-42]	42	190587
COV	[43-43]	43	188398
COV	[44-44]	44	186047
COV	[45-45]	45	182504
COV	[46-46]	46	181555
COV	[47-47]	47	179269
COV	[48-48]	48	178356
COV	[49-49]	49	175354
COV	[50-50]	50	173607
COV	[51-51]	51	171684
COV	[52-52]	52	170985
COV	[53-53]	53	168678
COV	[54-54]	54	165949
COV	[55-55]	55	164759
COV	[56-56]	56	162952
COV	[57-57]	57	161768
COV	[58-58]	58	160360
COV	[59-59]	59	158000
COV	[60-60]	60	156442
COV	[61-61]	61	153940
COV	[62-62]	62	152005
COV	[63-63]	63	149132
COV	[64-64]	64	146964
COV	[65-65]	65	146389
COV	[66-66]	66	144077
COV	[67-67]	67	141378
COV	[68-68]	68	139613
COV	[69-69]	69	137097
COV	[70-70]	70	135612
COV	[71-71]	71	133656
COV	[72-72]	72	132389
COV	[73-73]	73	130807
COV	[74-74]	74	129116
COV	[75-75]	75	127187
COV	[76-76]	76	125332
COV	[77-77]	77	123919
COV	[78-78]	78	121000
COV	[79-79]	79	119395
COV	[80-80]	80	118342
COV	[81-81]	81	116234
COV	[82-82]	82	114117
COV	[83-83]	83	112929
COV	[84-84]	84	109871
COV	[85-85]	85	107428
COV	[86-86]	86	105009
COV	[87-87]	87	103317
COV	[88-88]	88	102277
COV	[89-89]	89	100054
COV	[90-90]	90	98620
COV	[91-91]	91	96550
COV	[92-92]	92	94795
COV	[93-93]	93	93597
COV	[94-94]	94	91888
COV	[95-95]	95	90070
COV	[96-96]	96	87700
COV	[97-97]	97	86102
COV	[98-98]	98	84425
COV	[99-99]	99	82859
COV	[100-100]	100	81828
COV	[101-101]	101	79947
COV	[102-102]	102	78305
COV	[103-103]	103	77246
COV	[104-104]	104	74642
COV	[105-105]	105	74343
COV	[106-106]	106	72536
COV	[107-107]	107	71357
COV	[108-108]	108	69693
COV	[109-109]	109	67967
COV	[110-110]	110	66681
COV	[111-111]	111	65228
COV	[112-112]	112	64682
COV	[113-113]	113	63547
COV	[114-114]	114	61438
COV	[115-115]	115	60339
COV	[116-116]	116	58490
COV	[117-117]	117	58176
COV	[118-118]	118	56460
COV	[119-119]	119	55762
COV	[120-120]	120	55005
COV	[121-121]	121	53969
COV	[122-122]	122	52582
COV	[123-123]	123	51343
COV	[124-124]	124	50290
COV	[125-125]	125	48867
COV	[126-126]	126	48354
COV	[127-127]	127	47280
COV	[128-128]	128	46815
COV	[129-129]	129	45421
COV	[130-130]	130	44626
COV	[131-131]	131	43524
COV	[132-132]	132	42830
COV	[133-133]	133	41786
COV	[134-134]	134	41450
COV	[135-135]	135	40379
COV	[136-136]	136	39337
COV	[137-137]	137	38859
COV	[138-138]	138	37576
COV	[139-139]	139	36262
COV	[140-140]	140	35966
COV	[141-141]	141	35463
COV	[142-142]	142	35362
COV	[143-143]	143	34259
COV	[144-144]	144	33604
COV	[145-145]	145	32642
COV	[146-146]	146	32364
COV	[147-147]	147	31809
COV	[148-148]	148	31032
COV	[149-149]	149	30581
COV	[150-150]	150	30062
COV	[151-151]	151	29594
COV	[152-152]	152	28897
COV	[153-153]	153	27994
COV	[154-154]	154	27947
COV	[155-155]	155	27116
COV	[156-156]	156	26277
COV	[157-157]	157	25712
COV	[158-158]	158	25211
COV	[159-159]	159	25181
COV	[160-160]	160	24307
COV	[161-161]	161	23988
COV	[162-162]	162	23500
COV	[163-163]	163	23065
COV	[164-164]	164	22671
COV	[165-165]	165	22024
COV	[166-166]	166	21815
COV	[167-167]	167	21502
COV	[168-168]	168	21143
COV	[169-169]	169	20631
COV	[170-170]	170	20261
COV	[171-171]	171	19636
COV	[172-172]	172	19687
COV	[173-173]	173	19235
COV	[174-174]	174	19172
COV	[175-175]	175	18555
COV	[176-176]	176	18704
COV	[177-177]	177	18310
COV	[178-178]	178	17810
COV	[179-179]	179	17460
COV	[180-180]	180	17154
COV	[181-181]	181	16828
COV	[182-182]	182	16601
COV	[183-183]	183	16429
COV	[184-184]	184	16055
COV	[185-185]	185	15850
COV	[186-186]	186	15393
COV	[187-187]	187	15268
COV	[188-188]	188	15303
COV	[189-189]	189	15014
COV	[190-190]	190	14725
COV	[191-191]	191	14443
COV	[192-192]	192	14187
COV	[193-193]	193	13657
COV	[194-194]	194	13604
COV	[195-195]	195	13393
COV	[196-196]	196	12867
COV	[197-197]	197	12981
COV	[198-198]	198	12880
COV	[199-199]	199	12456
COV	[200-200]	200	12311
COV	[201-201]	201	12140
COV	[202-202]	202	12135
COV	[203-203]	203	11915
COV	[204-204]	204	11693
COV	[205-205]	205	11231
COV	[206-206]	206	11262
COV	[207-207]	207	11017
COV	[208-208]	208	11092
COV	[209-209]	209	10715
COV	[210-210]	210	10593
COV	[211-211]	211	10411
COV	[212-212]	212	10373
COV	[213-213]	213	10198
COV	[214-214]	214	10012
COV	[215-215]	215	9901
COV	[216-216]	216	9913
COV	[217-217]	217	9757
COV	[218-218]	218	9754
COV	[219-219]	219	9377
COV	[220-220]	220	9290
COV	[221-221]	221	9199
COV	[222-222]	222	9230
COV	[223-223]	223	8965
COV	[224-224]	224	8842
COV	[225-225]	225	8583
COV	[226-226]	226	8784
COV	[227-227]	227	8574
COV	[228-228]	228	8332
COV	[229-229]	229	8158
COV	[230-230]	230	8018
COV	[231-231]	231	7985
COV	[232-232]	232	8024
COV	[233-233]	233	7919
COV	[234-234]	234	7789
COV	[235-235]	235	7863
COV	[236-236]	236	7718
COV	[237-237]	237	7766
COV	[238-238]	238	7600
COV	[239-239]	239	7537
COV	[240-240]	240	7545
COV	[241-241]	241	7250
COV	[242-242]	242	7281
COV	[243-243]	243	7047
COV	[244-244]	244	7119
COV	[245-245]	245	6995
COV	[246-246]	246	6860
COV	[247-247]	247	6840
COV	[248-248]	248	6723
COV	[249-249]	249	6428
COV	[250-250]	250	6496
COV	[251-251]	251	6474
COV	[252-252]	252	6407
COV	[253-253]	253	6242
COV	[254-254]	254	6373
COV	[255-255]	255	6211
COV	[256-256]	256	6028
COV	[257-257]	257	6024
COV	[258-258]	258	5983
COV	[259-259]	259	5846
COV	[260-260]	260	5827
COV	[261-261]	261	5659
COV	[262-262]	262	5584
COV	[263-263]	263	5699
COV	[264-264]	264	5567
COV	[265-265]	265	5545
COV	[266-266]	266	5455
COV	[267-267]	267	5340
COV	[268-268]	268	5214
COV	[269-269]	269	5271
COV	[270-270]	270	5223
COV	[271-271]	271	5180
COV	[272-272]	272	5218
COV	[273-273]	273	5105
COV	[274-274]	274	5025
COV	[275-275]	275	4980
COV	[276-276]	276	4862
COV	[277-277]	277	4773
COV	[278-278]	278	4936
COV	[279-279]	279	4707
COV	[280-280]	280	4615
COV	[281-281]	281	4669
COV	[282-282]	282	4717
COV	[283-283]	283	4699
COV	[284-284]	284	4697
COV	[285-285]	285	4584
COV	[286-286]	286	4532
COV	[287-287]	287	4442
COV	[288-288]	288	4438
COV	[289-289]	289	4443
COV	[290-290]	290	4467
COV	[291-291]	291	4269
COV	[292-292]	292	4370
COV	[293-293]	293	4224
COV	[294-294]	294	4216
COV	[295-295]	295	4109
COV	[296-296]	296	4148
COV	[297-297]	297	4219
COV	[298-298]	298	4050
COV	[299-299]	299	4020
COV	[300-300]	300	4021
COV	[301-301]	301	3848
COV	[302-302]	302	3787
COV	[303-303]	303	3960
COV	[304-304]	304	3804
COV	[305-305]	305	3932
COV	[306-306]	306	3938
COV	[307-307]	307	3992
COV	[308-308]	308	3832
COV	[309-309]	309	3892
COV	[310-310]	310	3749
COV	[311-311]	311	3751
COV	[312-312]	312	3703
COV	[313-313]	313	3623
COV	[314-314]	314	3631
COV	[315-315]	315	3489
COV	[316-316]	316	3552
COV	[317-317]	317	3567
COV	[318-318]	318	3506
COV	[319-319]	319	3627
COV	[320-320]	320	3457
COV	[321-321]	321	3539
COV	[322-322]	322	3486
COV	[323-323]	323	3439
COV	[324-324]	324	3458
COV	[325-325]	325	3235
COV	[326-326]	326	3275
COV	[327-327]	327	3324
COV	[328-328]	328	3258
COV	[329-329]	329	3300
COV	[330-330]	330	3341
COV	[331-331]	331	3252
COV	[332-332]	332	3300
COV	[333-333]	333	3274
COV	[334-334]	334	3295
COV	[335-335]	335	3207
COV	[336-336]	336	3219
COV	[337-337]	337	3220
COV	[338-338]	338	3095
COV	[339-339]	339	3012
COV	[340-340]	340	3106
COV	[341-341]	341	3094
COV	[342-342]	342	3079
COV	[343-343]	343	2921
COV	[344-344]	344	3019
COV	[345-345]	345	2978
COV	[346-346]	346	2999
COV	[347-347]	347	2953
COV	[348-348]	348	3039
COV	[349-349]	349	2950
COV	[350-350]	350	2855
COV	[351-351]	351	2956
COV	[352-352]	352	2890
COV	[353-353]	353	2892
COV	[354-354]	354	2788
COV	[355-355]	355	2778
COV	[356-356]	356	2723
COV	[357-357]	357	2778
COV	[358-358]	358	2693
COV	[359-359]	359	2711
COV	[360-360]	360	2649
COV	[361-361]	361	2702
COV	[362-362]	362	2655
COV	[363-363]	363	2553
COV	[364-364]	364	2583
COV	[365-365]	365	2563
COV	[366-366]	366	2526
COV	[367-367]	367	2459
COV	[368-368]	368	2510
COV	[369-369]	369	2395
COV	[370-370]	370	2471
COV	[371-371]	371	2322
COV	[372-372]	372	2451
COV	[373-373]	373	2402
COV	[374-374]	374	2357
COV	[375-375]	375	2362
COV	[376-376]	376	2274
COV	[377-377]	377	2349
COV	[378-378]	378	2301
COV	[379-379]	379	2356
COV	[380-380]	380	2324
COV	[381-381]	381	2223
COV	[382-382]	382	2183
COV	[383-383]	383	2198
COV	[384-384]	384	2299
COV	[385-385]	385	2235
COV	[386-386]	386	2165
COV	[387-387]	387	2229
COV	[388-388]	388	2213
COV	[389-389]	389	2160
COV	[390-390]	390	2198
COV	[391-391]	391	2117
COV	[392-392]	392	2103
COV	[393-393]	393	2073
COV	[394-394]	394	2076
COV	[395-395]	395	2052
COV	[396-396]	396	2120
COV	[397-397]	397	2081
COV	[398-398]	398	2136
COV	[399-399]	399	2066
COV	[400-400]	400	2002
COV	[401-401]	401	2044
COV	[402-402]	402	2058
COV	[403-403]	403	2016
COV	[404-404]	404	1956
COV	[405-405]	405	1935
COV	[406-406]	406	1995
COV	[407-407]	407	1949
COV	[408-408]	408	1932
COV	[409-409]	409	1878
COV	[410-410]	410	1821
COV	[411-411]	411	1845
COV	[412-412]	412	1816
COV	[413-413]	413	1800
COV	[414-414]	414	1710
COV	[415-415]	415	1798
COV	[416-416]	416	1778
COV	[417-417]	417	1681
COV	[418-418]	418	1798
COV	[419-419]	419	1793
COV	[420-420]	420	1724
COV	[421-421]	421	1804
COV	[422-422]	422	1719
COV	[423-423]	423	1737
COV	[424-424]	424	1623
COV	[425-425]	425	1641
COV	[426-426]	426	1634
COV	[427-427]	427	1619
COV	[428-428]	428	1689
COV	[429-429]	429	1691
COV	[430-430]	430	1640
COV	[431-431]	431	1596
COV	[432-432]	432	1574
COV	[433-433]	433	1534
COV	[434-434]	434	1658
COV	[435-435]	435	1604
COV	[436-436]	436	1578
COV	[437-437]	437	1510
COV	[438-438]	438	1668
COV	[439-439]	439	1566
COV	[440-440]	440	1527
COV	[441-441]	441	1634
COV	[442-442]	442	1546
COV	[443-443]	443	1478
COV	[444-444]	444	1583
COV	[445-445]	445	1547
COV	[446-446]	446	1505
COV	[447-447]	447	1537
COV	[448-448]	448	1544
COV	[449-449]	449	1460
COV	[450-450]	450	1493
COV	[451-451]	451	1424
COV	[452-452]	452	1427
COV	[453-453]	453	1462
COV	[454-454]	454	1456
COV	[455-455]	455	1364
COV	[456-456]	456	1418
COV	[457-457]	457	1451
COV	[458-458]	458	1441
COV	[459-459]	459	1369
COV	[460-460]	460	1419
COV	[461-461]	461	1386
COV	[462-462]	462	1457
COV	[463-463]	463	1421
COV	[464-464]	464	1345
COV	[465-465]	465	1380
COV	[466-466]	466	1369
COV	[467-467]	467	1306
COV	[468-468]	468	1302
COV	[469-469]	469	1307
COV	[470-470]	470	1276
COV	[471-471]	471	1324
COV	[472-472]	472	1284
COV	[473-473]	473	1285
COV	[474-474]	474	1250
COV	[475-475]	475	1252
COV	[476-476]	476	1314
COV	[477-477]	477	1342
COV	[478-478]	478	1216
COV	[479-479]	479	1208
COV	[480-480]	480	1249
COV	[481-481]	481	1293
COV	[482-482]	482	1281
COV	[483-483]	483	1217
COV	[484-484]	484	1231
COV	[485-485]	485	1238
COV	[486-486]	486	1212
COV	[487-487]	487	1204
COV	[488-488]	488	1219
COV	[489-489]	489	1212
COV	[490-490]	490	1183
COV	[491-491]	491	1132
COV	[492-492]	492	1191
COV	[493-493]	493	1179
COV	[494-494]	494	1135
COV	[495-495]	495	1179
COV	[496-496]	496	1131
COV	[497-497]	497	1118
COV	[498-498]	498	1094
COV	[499-499]	499	1054
COV	[500-500]	500	1073
COV	[501-501]	501	1007
COV	[502-502]	502	1070
COV	[503-503]	503	1056
COV	[504-504]	504	1023
COV	[505-505]	505	1050
COV	[506-506]	506	1030
COV	[507-507]	507	1012
COV	[508-508]	508	1004
COV	[509-509]	509	989
COV	[510-510]	510	987
COV	[511-511]	511	1005
COV	[512-512]	512	952
COV	[513-513]	513	901
COV	[514-514]	514	961
COV	[515-515]	515	943
COV	[516-516]	516	915
COV	[517-517]	517	946
COV	[518-518]	518	911
COV	[519-519]	519	921
COV	[520-520]	520	938
COV	[521-521]	521	913
COV	[522-522]	522	983
COV	[523-523]	523	915
COV	[524-524]	524	905
COV	[525-525]	525	916
COV	[526-526]	526	916
COV	[527-527]	527	918
COV	[528-528]	528	935
COV	[529-529]	529	948
COV	[530-530]	530	943
COV	[531-531]	531	915
COV	[532-532]	532	919
COV	[533-533]	533	902
COV	[534-534]	534	920
COV	[535-535]	535	883
COV	[536-536]	536	858
COV	[537-537]	537	919
COV	[538-538]	538	802
COV	[539-539]	539	860
COV	[540-540]	540	793
COV	[541-541]	541	845
COV	[542-542]	542	793
COV	[543-543]	543	810
COV	[544-544]	544	846
COV	[545-545]	545	844
COV	[546-546]	546	811
COV	[547-547]	547	796
COV	[548-548]	548	798
COV	[549-549]	549	837
COV	[550-550]	550	724
COV	[551-551]	551	764
COV	[552-552]	552	817
COV	[553-553]	553	782
COV	[554-554]	554	760
COV	[555-555]	555	780
COV	[556-556]	556	804
COV	[557-557]	557	823
COV	[558-558]	558	780
COV	[559-559]	559	712
COV	[560-560]	560	701
COV	[561-561]	561	735
COV	[562-562]	562	771
COV	[563-563]	563	758
COV	[564-564]	564	785
COV	[565-565]	565	772
COV	[566-566]	566	707
COV	[567-567]	567	759
COV	[568-568]	568	740
COV	[569-569]	569	669
COV	[570-570]	570	710
COV	[571-571]	571	693
COV	[572-572]	572	685
COV	[573-573]	573	718
COV	[574-574]	574	661
COV	[575-575]	575	709
COV	[576-576]	576	684
COV	[577-577]	577	663
COV	[578-578]	578	726
COV	[579-579]	579	677
COV	[580-580]	580	669
COV	[581-581]	581	637
COV	[582-582]	582	674
COV	[583-583]	583	669
COV	[584-584]	584	683
COV	[585-585]	585	656
COV	[586-586]	586	633
COV	[587-587]	587	631
COV	[588-588]	588	657
COV	[589-589]	589	637
COV	[590-590]	590	683
COV	[591-591]	591	609
COV	[592-592]	592	577
COV	[593-593]	593	629
COV	[594-594]	594	642
COV	[595-595]	595	590
COV	[596-596]	596	667
COV	[597-597]	597	640
COV	[598-598]	598	605
COV	[599-599]	599	574
COV	[600-600]	600	597
COV	[601-601]	601	615
COV	[602-602]	602	555
COV	[603-603]	603	592
COV	[604-604]	604	559
COV	[605-605]	605	539
COV	[606-606]	606	585
COV	[607-607]	607	581
COV	[608-608]	608	591
COV	[609-609]	609	571
COV	[610-610]	610	549
COV	[611-611]	611	565
COV	[612-612]	612	566
COV	[613-613]	613	585
COV	[614-614]	614	565
COV	[615-615]	615	563
COV	[616-616]	616	527
COV	[617-617]	617	588
COV	[618-618]	618	539
COV	[619-619]	619	537
COV	[620-620]	620	538
COV	[621-621]	621	549
COV	[622-622]	622	519
COV	[623-623]	623	557
COV	[624-624]	624	544
COV	[625-625]	625	490
COV	[626-626]	626	485
COV	[627-627]	627	527
COV	[628-628]	628	509
COV	[629-629]	629	496
COV	[630-630]	630	511
COV	[631-631]	631	476
COV	[632-632]	632	464
COV	[633-633]	633	484
COV	[634-634]	634	486
COV	[635-635]	635	466
COV	[636-636]	636	469
COV	[637-637]	637	438
COV	[638-638]	638	471
COV	[639-639]	639	467
COV	[640-640]	640	435
COV	[641-641]	641	430
COV	[642-642]	642	408
COV	[643-643]	643	423
COV	[644-644]	644	457
COV	[645-645]	645	452
COV	[646-646]	646	441
COV	[647-647]	647	435
COV	[648-648]	648	464
COV	[649-649]	649	446
COV	[650-650]	650	435
COV	[651-651]	651	418
COV	[652-652]	652	443
COV	[653-653]	653	428
COV	[654-654]	654	446
COV	[655-655]	655	422
COV	[656-656]	656	439
COV	[657-657]	657	447
COV	[658-658]	658	445
COV	[659-659]	659	487
COV	[660-660]	660	410
COV	[661-661]	661	448
COV	[662-662]	662	444
COV	[663-663]	663	392
COV	[664-664]	664	411
COV	[665-665]	665	445
COV	[666-666]	666	401
COV	[667-667]	667	417
COV	[668-668]	668	390
COV	[669-669]	669	419
COV	[670-670]	670	349
COV	[671-671]	671	404
COV	[672-672]	672	388
COV	[673-673]	673	408
COV	[674-674]	674	373
COV	[675-675]	675	392
COV	[676-676]	676	398
COV	[677-677]	677	410
COV	[678-678]	678	375
COV	[679-679]	679	409
COV	[680-680]	680	407
COV	[681-681]	681	427
COV	[682-682]	682	387
COV	[683-683]	683	375
COV	[684-684]	684	409
COV	[685-685]	685	355
COV	[686-686]	686	379
COV	[687-687]	687	349
COV	[688-688]	688	374
COV	[689-689]	689	338
COV	[690-690]	690	360
COV	[691-691]	691	387
COV	[692-692]	692	347
COV	[693-693]	693	353
COV	[694-694]	694	345
COV	[695-695]	695	373
COV	[696-696]	696	356
COV	[697-697]	697	349
COV	[698-698]	698	338
COV	[699-699]	699	330
COV	[700-700]	700	334
COV	[701-701]	701	356
COV	[702-702]	702	386
COV	[703-703]	703	368
COV	[704-704]	704	346
COV	[705-705]	705	345
COV	[706-706]	706	339
COV	[707-707]	707	312
COV	[708-708]	708	324
COV	[709-709]	709	333
COV	[710-710]	710	356
COV	[711-711]	711	364
COV	[712-712]	712	320
COV	[713-713]	713	340
COV	[714-714]	714	349
COV	[715-715]	715	331
COV	[716-716]	716	314
COV	[717-717]	717	334
COV	[718-718]	718	338
COV	[719-719]	719	312
COV	[720-720]	720	351
COV	[721-721]	721	332
COV	[722-722]	722	313
COV	[723-723]	723	292
COV	[724-724]	724	270
COV	[725-725]	725	311
COV	[726-726]	726	313
COV	[727-727]	727	317
COV	[728-728]	728	291
COV	[729-729]	729	287
COV	[730-730]	730	308
COV	[731-731]	731	282
COV	[732-732]	732	304
COV	[733-733]	733	305
COV	[734-734]	734	287
COV	[735-735]	735	293
COV	[736-736]	736	283
COV	[737-737]	737	315
COV	[738-738]	738	287
COV	[739-739]	739	297
COV	[740-740]	740	294
COV	[741-741]	741	313
COV	[742-742]	742	287
COV	[743-743]	743	286
COV	[744-744]	744	289
COV	[745-745]	745	287
COV	[746-746]	746	275
COV	[747-747]	747	262
COV	[748-748]	748	252
COV	[749-749]	749	257
COV	[750-750]	750	304
COV	[751-751]	751	281
COV	[752-752]	752	276
COV	[753-753]	753	262
COV	[754-754]	754	250
COV	[755-755]	755	256
COV	[756-756]	756	275
COV	[757-757]	757	283
COV	[758-758]	758	268
COV	[759-759]	759	264
COV	[760-760]	760	289
COV	[761-761]	761	227
COV	[762-762]	762	236
COV	[763-763]	763	252
COV	[764-764]	764	221
COV	[765-765]	765	231
COV	[766-766]	766	231
COV	[767-767]	767	241
COV	[768-768]	768	237
COV	[769-769]	769	205
COV	[770-770]	770	222
COV	[771-771]	771	216
COV	[772-772]	772	243
COV	[773-773]	773	239
COV	[774-774]	774	222
COV	[775-775]	775	257
COV	[776-776]	776	235
COV	[777-777]	777	192
COV	[778-778]	778	194
COV	[779-779]	779	233
COV	[780-780]	780	215
COV	[781-781]	781	184
COV	[782-782]	782	190
COV	[783-783]	783	209
COV	[784-784]	784	199
COV	[785-785]	785	208
COV	[786-786]	786	200
COV	[787-787]	787	233
COV	[788-788]	788	193
COV	[789-789]	789	190
COV	[790-790]	790	190
COV	[791-791]	791	232
COV	[792-792]	792	231
COV	[793-793]	793	192
COV	[794-794]	794	230
COV	[795-795]	795	205
COV	[796-796]	796	182
COV	[797-797]	797	202
COV	[798-798]	798	205
COV	[799-799]	799	187
COV	[800-800]	800	184
COV	[801-801]	801	186
COV	[802-802]	802	220
COV	[803-803]	803	203
COV	[804-804]	804	202
COV	[805-805]	805	163
COV	[806-806]	806	153
COV	[807-807]	807	200
COV	[808-808]	808	179
COV	[809-809]	809	183
COV	[810-810]	810	193
COV	[811-811]	811	158
COV	[812-812]	812	180
COV	[813-813]	813	181
COV	[814-814]	814	161
COV	[815-815]	815	187
COV	[816-816]	816	174
COV	[817-817]	817	160
COV	[818-818]	818	155
COV	[819-819]	819	158
COV	[820-820]	820	172
COV	[821-821]	821	170
COV	[822-822]	822	163
COV	[823-823]	823	182
COV	[824-824]	824	151
COV	[825-825]	825	170
COV	[826-826]	826	176
COV	[827-827]	827	184
COV	[828-828]	828	158
COV	[829-829]	829	180
COV	[830-830]	830	197
COV	[831-831]	831	173
COV	[832-832]	832	172
COV	[833-833]	833	181
COV	[834-834]	834	152
COV	[835-835]	835	168
COV	[836-836]	836	173
COV	[837-837]	837	179
COV	[838-838]	838	162
COV	[839-839]	839	145
COV	[840-840]	840	170
COV	[841-841]	841	165
COV	[842-842]	842	158
COV	[843-843]	843	177
COV	[844-844]	844	169
COV	[845-845]	845	184
COV	[846-846]	846	153
COV	[847-847]	847	169
COV	[848-848]	848	133
COV	[849-849]	849	169
COV	[850-850]	850	145
COV	[851-851]	851	138
COV	[852-852]	852	146
COV	[853-853]	853	129
COV	[854-854]	854	137
COV	[855-855]	855	166
COV	[856-856]	856	141
COV	[857-857]	857	147
COV	[858-858]	858	154
COV	[859-859]	859	154
COV	[860-860]	860	126
COV	[861-861]	861	116
COV	[862-862]	862	147
COV	[863-863]	863	128
COV	[864-864]	864	146
COV	[865-865]	865	147
COV	[866-866]	866	138
COV	[867-867]	867	106
COV	[868-868]	868	138
COV	[869-869]	869	136
COV	[870-870]	870	127
COV	[871-871]	871	147
COV	[872-872]	872	112
COV	[873-873]	873	124
COV	[874-874]	874	126
COV	[875-875]	875	127
COV	[876-876]	876	124
COV	[877-877]	877	139
COV	[878-878]	878	125
COV	[879-879]	879	140
COV	[880-880]	880	108
COV	[881-881]	881	112
COV	[882-882]	882	137
COV	[883-883]	883	128
COV	[884-884]	884	121
COV	[885-885]	885	117
COV	[886-886]	886	138
COV	[887-887]	887	125
COV	[888-888]	888	111
COV	[889-889]	889	106
COV	[890-890]	890	111
COV	[891-891]	891	113
COV	[892-892]	892	103
COV	[893-893]	893	106
COV	[894-894]	894	102
COV	[895-895]	895	100
COV	[896-896]	896	100
COV	[897-897]	897	104
COV	[898-898]	898	111
COV	[899-899]	899	108
COV	[900-900]	900	119
COV	[901-901]	901	112
COV	[902-902]	902	92
COV	[903-903]	903	103
COV	[904-904]	904	101
COV	[905-905]	905	112
COV	[906-906]	906	111
COV	[907-907]	907	102
COV	[908-908]	908	142
COV	[909-909]	909	119
COV	[910-910]	910	111
COV	[911-911]	911	103
COV	[912-912]	912	102
COV	[913-913]	913	107
COV	[914-914]	914	118
COV	[915-915]	915	120
COV	[916-916]	916	102
COV	[917-917]	917	103
COV	[918-918]	918	102
COV	[919-919]	919	95
COV	[920-920]	920	127
COV	[921-921]	921	119
COV	[922-922]	922	119
COV	[923-923]	923	95
COV	[924-924]	924	87
COV	[925-925]	925	110
COV	[926-926]	926	105
COV	[927-927]	927	94
COV	[928-928]	928	117
COV	[929-929]	929	108
COV	[930-930]	930	102
COV	[931-931]	931	117
COV	[932-932]	932	93
COV	[933-933]	933	116
COV	[934-934]	934	108
COV	[935-935]	935	106
COV	[936-936]	936	108
COV	[937-937]	937	98
COV	[938-938]	938	102
COV	[939-939]	939	101
COV	[940-940]	940	82
COV	[941-941]	941	92
COV	[942-942]	942	92
COV	[943-943]	943	86
COV	[944-944]	944	85
COV	[945-945]	945	82
COV	[946-946]	946	88
COV	[947-947]	947	96
COV	[948-948]	948	95
COV	[949-949]	949	88
COV	[950-950]	950	96
COV	[951-951]	951	84
COV	[952-952]	952	91
COV	[953-953]	953	95
COV	[954-954]	954	98
COV	[955-955]	955	99
COV	[956-956]	956	73
COV	[957-957]	957	87
COV	[958-958]	958	89
COV	[959-959]	959	73
COV	[960-960]	960	78
COV	[961-961]	961	77
COV	[962-962]	962	69
COV	[963-963]	963	65
COV	[964-964]	964	88
COV	[965-965]	965	75
COV	[966-966]	966	69
COV	[967-967]	967	51
COV	[968-968]	968	55
COV	[969-969]	969	64
COV	[970-970]	970	69
COV	[971-971]	971	69
COV	[972-972]	972	60
COV	[973-973]	973	57
COV	[974-974]	974	58
COV	[975-975]	975	49
COV	[976-976]	976	61
COV	[977-977]	977	58
COV	[978-978]	978	70
COV	[979-979]	979	58
COV	[980-980]	980	46
COV	[981-981]	981	78
COV	[982-982]	982	74
COV	[983-983]	983	53
COV	[984-984]	984	66
COV	[985-985]	985	59
COV	[986-986]	986	89
COV	[987-987]	987	59
COV	[988-988]	988	54
COV	[989-989]	989	59
COV	[990-990]	990	86
COV	[991-991]	991	70
COV	[992-992]	992	63
COV	[993-993]	993	69
COV	[994-994]	994	72
COV	[995-995]	995	67
COV	[996-996]	996	61
COV	[997-997]	997	69
COV	[998-998]	998	57
COV	[999-999]	999	47
COV	[1000-1000]	1000	66
COV	[1000<]	1000	15924
# GC-depth. Use `grep ^GCD | cut -f 2-` to extract this part. The columns are: GC%, unique sequence percentiles, 10th, 25th, 50th, 75th and 90th depth percentile
GCD	0.0	0.010	0.000	0.000	0.000	0.000	0.000
GCD	3.0	0.021	0.005	0.005	0.005	0.005	0.005
GCD	4.0	0.042	0.005	0.005	0.005	0.005	0.005
GCD	5.0	0.058	0.005	0.005	0.005	0.005	0.005
GCD	6.0	0.063	0.005	0.005	0.005	0.005	0.005
GCD	7.0	0.079	0.005	0.005	0.005	0.005	0.005
GCD	8.0	0.110	0.005	0.005	0.005	0.005	0.005
GCD	9.0	0.126	0.005	0.005	0.005	0.020	0.020
GCD	10.0	0.131	0.025	0.025	0.025	0.025	0.025
GCD	11.0	0.141	0.005	0.005	0.005	0.005	0.005
GCD	12.0	0.157	0.005	0.005	0.005	0.005	0.005
GCD	13.0	0.199	0.005	0.005	0.005	0.010	0.015
GCD	14.0	0.204	0.005	0.005	0.005	0.005	0.005
GCD	15.0	0.267	0.005	0.005	0.005	0.005	0.008
GCD	16.0	0.304	0.005	0.005	0.005	0.005	0.005
GCD	17.0	0.335	0.005	0.005	0.005	0.006	0.010
GCD	18.0	0.393	0.005	0.005	0.005	0.005	0.010
GCD	19.0	0.435	0.005	0.005	0.005	0.005	0.005
GCD	20.0	0.466	0.005	0.005	0.005	0.009	0.020
GCD	21.0	0.498	0.005	0.005	0.005	0.005	0.005
GCD	22.0	0.540	0.005	0.005	0.005	0.010	0.010
GCD	23.0	0.576	0.005	0.005	0.005	0.005	0.010
GCD	24.0	0.634	0.005	0.005	0.005	0.005	0.009
GCD	25.0	0.697	0.005	0.005	0.005	0.009	0.010
GCD	26.0	0.776	0.005	0.005	0.005	0.005	0.018
GCD	27.0	0.865	0.005	0.005	0.005	0.007	0.010
GCD	28.0	0.949	0.005	0.005	0.005	0.010	1.080
GCD	29.0	1.038	0.005	0.005	0.010	0.465	3.424
GCD	30.0	1.221	0.005	0.005	0.010	0.365	3.636
GCD	31.0	1.541	0.005	0.007	0.010	2.352	6.065
GCD	32.0	1.976	0.005	0.010	1.960	7.230	15.827
GCD	33.0	2.678	0.005	0.041	2.125	5.818	11.355
GCD	34.0	3.836	0.010	0.075	1.660	6.787	10.892
GCD	35.0	5.571	0.010	0.480	1.530	6.015	12.003
GCD	36.0	8.684	0.010	0.414	0.603	3.920	10.870
GCD	37.0	12.677	0.010	0.460	0.615	3.206	9.340
GCD	38.0	18.153	0.010	0.287	0.590	1.100	7.586
GCD	39.0	23.462	0.010	0.505	0.635	1.580	7.577
GCD	40.0	28.896	0.010	0.545	0.680	1.867	7.628
GCD	41.0	34.755	0.010	0.570	0.707	1.664	7.709
GCD	42.0	40.284	0.120	0.620	0.750	1.875	8.243
GCD	43.0	45.645	0.512	0.685	0.795	2.100	9.100
GCD	44.0	51.263	0.020	0.690	0.825	1.865	10.439
GCD	45.0	56.566	0.610	0.760	0.875	2.571	8.960
GCD	46.0	61.037	0.607	0.772	0.915	2.503	9.208
GCD	47.0	65.108	0.020	0.795	0.955	3.957	11.577
GCD	48.0	68.751	0.013	0.840	1.000	3.540	11.510
GCD	49.0	72.188	0.010	0.890	1.077	5.256	14.514
GCD	50.0	75.343	0.010	0.865	1.148	5.684	14.849
GCD	51.0	78.136	0.010	0.955	1.305	7.170	16.745
GCD	52.0	80.558	0.010	1.019	1.620	7.622	15.911
GCD	53.0	82.926	0.010	1.061	2.332	10.734	25.302
GCD	54.0	84.970	0.010	1.070	3.082	12.275	21.052
GCD	55.0	87.072	0.010	1.150	3.615	13.030	23.887
GCD	56.0	89.084	0.010	0.697	3.178	12.330	23.038
GCD	57.0	90.845	0.010	1.191	3.705	13.070	21.683
GCD	58.0	92.558	0.010	2.145	8.125	16.925	28.939
GCD	59.0	94.204	0.010	1.503	6.032	16.525	29.460
GCD	60.0	95.509	0.010	2.280	8.855	20.972	29.920
GCD	61.0	96.662	0.010	2.654	8.280	18.056	30.993
GCD	62.0	97.673	0.010	0.030	8.355	19.085	33.232
GCD	63.0	98.344	0.010	0.101	9.238	20.153	34.317
GCD	64.0	98.858	0.010	0.050	8.250	23.983	32.601
GCD	65.0	99.303	0.010	0.010	6.825	23.108	37.383
GCD	66.0	99.502	0.010	0.010	3.590	23.103	159.781
GCD	67.0	99.623	0.005	0.010	0.010	0.040	23.072
GCD	68.0	99.680	0.005	0.010	0.010	0.010	0.010
GCD	69.0	99.790	0.010	0.010	0.010	0.013	0.320
GCD	70.0	99.838	0.005	0.007	0.010	0.025	0.090
GCD	71.0	99.864	0.005	0.007	0.010	0.010	0.010
GCD	72.0	99.879	0.010	0.010	0.010	0.055	0.055
GCD	73.0	99.900	0.010	0.010	0.010	0.010	0.010
GCD	74.0	99.916	0.005	0.005	0.010	0.010	0.010
GCD	75.0	99.937	0.005	0.006	0.010	0.010	0.010
GCD	76.0	99.942	0.005	0.005	0.005	0.005	0.005
GCD	77.0	99.958	0.005	0.005	0.010	0.010	0.010
GCD	78.0	99.963	0.010	0.010	0.010	0.010	0.010
GCD	80.0	99.984	0.005	0.006	0.010	0.025	0.030
GCD	81.0	100.000	0.010	0.010	0.010	0.010	0.010
